algo,scenario,map,start,goal,n_goals,total_time_us,peak_step_us,reached,ref_reachable,opt_ratio,first_move_correct,cost_walked,steps_taken,tiles_revealed
bug-bug2,no_roads,ancient_tile,1556,243,1,1517.450000,224.413000,1,1,1.048780,1,129,43,1600
bug-bug2,no_roads,ancient_tile,55,667,1,570.430000,88.231000,1,1,1.000000,1,60,20,1600
bug-bug2,no_roads,ancient_tile,589,532,1,787.679000,113.208000,1,1,1.428571,0,90,30,1600
bug-bug2,no_roads,ancient_tile,310,223,1,289.324000,123.585000,1,1,1.000000,1,21,7,1600
bug-bug2,no_roads,ancient_tile,1349,189,1,1931.414000,182.452000,1,1,1.000000,1,87,29,1600
bug-bug2,no_roads,ancient_tile,1451,1028,1,849.075000,117.102000,1,1,1.000000,1,51,17,1600
bug-bug2,no_roads,ancient_tile,69,65,1,130.275000,46.169000,1,1,1.000000,1,12,4,1600
bug-bug2,no_roads,ancient_tile,203,516,1,1243.718000,147.176000,1,1,1.000000,1,99,33,1600
bug-bug2,no_roads,ancient_tile,561,1256,1,692.204000,99.318000,1,1,1.000000,1,63,21,1600
bug-bug2,no_roads,ancient_tile,1475,58,1,1447.837000,219.188000,1,1,1.081081,0,120,40,1600
bug-bug2,with_roads,ancient_tile,1556,243,1,1602.393000,201.364000,1,1,1.048780,1,129,43,1600
bug-bug2,with_roads,ancient_tile,55,667,1,777.104000,105.409000,1,1,1.000000,1,60,20,1600
bug-bug2,with_roads,ancient_tile,589,532,1,1126.969000,144.142000,1,1,1.428571,0,90,30,1600
bug-bug2,with_roads,ancient_tile,310,223,1,247.275000,48.442000,1,1,1.000000,1,21,7,1600
bug-bug2,with_roads,ancient_tile,1349,189,1,1217.261000,87.492000,1,1,1.000000,1,87,29,1600
bug-bug2,with_roads,ancient_tile,1451,1028,1,633.073000,72.429000,1,1,1.000000,1,51,17,1600
bug-bug2,with_roads,ancient_tile,69,65,1,110.032000,36.978000,1,1,1.000000,1,12,4,1600
bug-bug2,with_roads,ancient_tile,203,516,1,1704.039000,170.069000,1,1,1.000000,1,99,33,1600
bug-bug2,with_roads,ancient_tile,561,1256,1,992.305000,131.712000,1,1,1.000000,1,63,21,1600
bug-bug2,with_roads,ancient_tile,1475,58,1,1219.317000,157.245000,1,1,1.081081,0,120,40,1600
bug-bug2,no_roads,arena,124,25,1,708.208000,78.583000,1,1,1.000000,1,72,24,625
bug-bug2,no_roads,arena,301,268,1,511.099000,46.809000,1,1,1.000000,1,51,17,625
bug-bug2,no_roads,arena,245,153,1,523.250000,43.407000,1,1,1.000000,1,51,17,625
bug-bug2,no_roads,arena,113,599,1,504.091000,56.538000,1,1,1.000000,1,57,19,625
bug-bug2,no_roads,arena,98,462,1,398.894000,54.579000,1,1,1.000000,1,45,15,625
bug-bug2,no_roads,arena,32,30,1,56.262000,36.840000,1,1,1.000000,1,6,2,625
bug-bug2,no_roads,arena,104,237,1,212.019000,33.663000,1,1,1.000000,1,24,8,625
bug-bug2,no_roads,arena,256,551,1,316.755000,52.321000,1,1,1.000000,1,36,12,625
bug-bug2,no_roads,arena,27,615,1,597.630000,56.688000,1,1,1.000000,1,69,23,625
bug-bug2,no_roads,arena,216,599,1,379.267000,53.737000,1,1,1.000000,1,45,15,625
bug-bug2,with_roads,arena,124,25,1,545.448000,61.373000,1,1,1.489362,1,70,24,625
bug-bug2,with_roads,arena,301,268,1,467.159000,44.705000,1,1,1.592593,1,43,17,625
bug-bug2,with_roads,arena,245,153,1,459.421000,42.205000,1,1,1.580645,0,49,17,625
bug-bug2,with_roads,arena,113,599,1,491.576000,55.403000,1,1,1.295455,0,57,19,625
bug-bug2,with_roads,arena,98,462,1,562.866000,95.683000,1,1,1.108108,1,41,15,625
bug-bug2,with_roads,arena,32,30,1,45.262000,26.256000,1,1,1.000000,1,6,2,625
bug-bug2,with_roads,arena,104,237,1,214.786000,33.435000,1,1,1.500000,0,24,8,625
bug-bug2,with_roads,arena,256,551,1,335.998000,58.382000,1,1,1.230769,1,32,12,625
bug-bug2,with_roads,arena,27,615,1,595.908000,48.189000,1,1,1.363636,0,45,23,625
bug-bug2,with_roads,arena,216,599,1,371.999000,40.005000,1,1,1.125000,1,45,15,625
bug-bug2,no_roads,bar_chart,319,72,1,148.709000,36.809000,1,1,1.000000,1,21,7,1400
bug-bug2,no_roads,bar_chart,741,663,1,691.928000,93.270000,1,1,1.000000,1,81,27,1400
bug-bug2,no_roads,bar_chart,606,392,1,239.439000,51.725000,1,1,1.000000,1,27,9,1400
bug-bug2,no_roads,bar_chart,1364,76,1,1221.922000,143.105000,1,1,1.041667,1,150,50,1400
bug-bug2,no_roads,bar_chart,596,1203,1,431.163000,36.247000,1,1,1.000000,1,51,17,1400
bug-bug2,no_roads,bar_chart,910,749,1,448.702000,61.200000,1,1,1.214286,1,51,17,1400
bug-bug2,no_roads,bar_chart,431,583,1,315.424000,56.237000,1,1,1.000000,1,36,12,1400
bug-bug2,no_roads,bar_chart,901,293,1,800.863000,124.351000,1,1,1.000000,1,72,24,1400
bug-bug2,no_roads,bar_chart,267,1013,1,691.920000,96.113000,1,1,1.000000,1,66,22,1400
bug-bug2,no_roads,bar_chart,923,711,1,192.335000,47.129000,1,1,1.000000,1,18,6,1400
bug-bug2,with_roads,bar_chart,319,72,1,176.515000,47.011000,1,1,1.000000,1,21,7,1400
bug-bug2,with_roads,bar_chart,741,663,1,722.179000,93.802000,1,1,1.687500,1,81,27,1400
bug-bug2,with_roads,bar_chart,606,392,1,294.595000,53.821000,1,1,1.181818,1,13,9,1400
bug-bug2,with_roads,bar_chart,1364,76,1,1285.554000,138.581000,1,1,1.142857,1,128,50,1400
bug-bug2,with_roads,bar_chart,596,1203,1,437.173000,44.674000,1,1,1.000000,1,51,17,1400
bug-bug2,with_roads,bar_chart,910,749,1,449.740000,59.669000,1,1,1.416667,1,51,17,1400
bug-bug2,with_roads,bar_chart,431,583,1,305.533000,55.577000,1,1,1.125000,1,18,12,1400
bug-bug2,with_roads,bar_chart,901,293,1,637.436000,83.089000,1,1,1.120000,1,56,24,1400
bug-bug2,with_roads,bar_chart,267,1013,1,533.126000,72.405000,1,1,1.000000,1,60,22,1400
bug-bug2,with_roads,bar_chart,923,711,1,146.336000,34.356000,1,1,1.000000,1,18,6,1400
bug-bug2,no_roads,battlebot,422,79,1,516.425000,74.031000,1,1,1.055556,1,57,19,609
bug-bug2,no_roads,battlebot,12,490,1,1625.277000,185.349000,1,1,1.878049,0,231,77,609
bug-bug2,no_roads,battlebot,177,158,1,54.368000,31.896000,1,1,1.000000,1,6,2,609
bug-bug2,no_roads,battlebot,144,95,1,159.481000,28.334000,1,1,1.000000,1,21,7,609
bug-bug2,no_roads,battlebot,488,74,1,518.137000,69.580000,1,1,1.000000,1,60,20,609
bug-bug2,no_roads,battlebot,445,490,1,76.741000,30.738000,1,1,1.000000,1,9,3,609
bug-bug2,no_roads,battlebot,585,363,1,309.672000,48.554000,1,1,1.000000,1,36,12,609
bug-bug2,no_roads,battlebot,66,390,1,422.668000,81.110000,1,1,1.000000,1,45,15,609
bug-bug2,no_roads,battlebot,275,16,1,1346.650000,163.958000,1,1,1.434783,1,198,66,609
bug-bug2,no_roads,battlebot,15,69,1,1247.501000,148.043000,1,1,1.166667,1,189,63,609
bug-bug2,with_roads,battlebot,422,79,1,491.048000,77.733000,1,1,1.055556,1,57,19,609
bug-bug2,with_roads,battlebot,12,490,1,1586.847000,206.617000,1,1,3.553846,0,231,77,609
bug-bug2,with_roads,battlebot,177,158,1,53.847000,31.124000,1,1,1.000000,1,6,2,609
bug-bug2,with_roads,battlebot,144,95,1,158.350000,27.768000,1,1,1.000000,1,21,7,609
bug-bug2,with_roads,battlebot,488,74,1,515.566000,67.388000,1,1,1.000000,1,60,20,609
bug-bug2,with_roads,battlebot,445,490,1,77.872000,31.287000,1,1,1.000000,1,9,3,609
bug-bug2,with_roads,battlebot,585,363,1,305.209000,49.556000,1,1,1.058824,1,36,12,609
bug-bug2,with_roads,battlebot,66,390,1,403.779000,79.165000,1,1,1.000000,1,45,15,609
bug-bug2,with_roads,battlebot,275,16,1,1335.574000,160.090000,1,1,1.885714,0,198,66,609
bug-bug2,with_roads,battlebot,15,69,1,1237.081000,151.191000,1,1,1.453846,0,189,63,609
bug-bug2,no_roads,bear_of_doom,203,185,1,80.478000,34.675000,1,1,1.000000,1,9,3,441
bug-bug2,no_roads,bear_of_doom,75,437,1,433.074000,60.385000,1,1,1.000000,1,54,18,441
bug-bug2,no_roads,bear_of_doom,303,29,1,298.480000,45.007000,1,1,1.000000,1,39,13,441
bug-bug2,no_roads,bear_of_doom,366,25,1,392.726000,48.816000,1,1,1.062500,1,51,17,441
bug-bug2,no_roads,bear_of_doom,171,322,1,169.134000,30.859000,1,1,1.000000,1,21,7,441
bug-bug2,no_roads,bear_of_doom,436,205,1,278.115000,47.769000,1,1,1.000000,1,33,11,441
bug-bug2,no_roads,bear_of_doom,8,132,1,125.323000,35.359000,1,1,1.000000,1,18,6,441
bug-bug2,no_roads,bear_of_doom,270,83,1,362.750000,77.500000,1,1,1.000000,1,63,21,441
bug-bug2,no_roads,bear_of_doom,329,390,1,84.353000,40.532000,1,1,1.000000,1,9,3,441
bug-bug2,no_roads,bear_of_doom,69,405,1,379.676000,39.143000,1,1,1.000000,1,48,16,441
bug-bug2,with_roads,bear_of_doom,203,185,1,81.311000,35.703000,1,1,1.000000,1,9,3,441
bug-bug2,with_roads,bear_of_doom,75,437,1,454.915000,75.129000,1,1,1.000000,1,54,18,441
bug-bug2,with_roads,bear_of_doom,303,29,1,305.896000,52.742000,1,1,1.347826,1,31,13,441
bug-bug2,with_roads,bear_of_doom,366,25,1,404.605000,60.225000,1,1,1.361111,1,49,17,441
bug-bug2,with_roads,bear_of_doom,171,322,1,168.839000,32.140000,1,1,1.266667,1,19,7,441
bug-bug2,with_roads,bear_of_doom,436,205,1,276.810000,46.120000,1,1,1.000000,1,33,11,441
bug-bug2,with_roads,bear_of_doom,8,132,1,127.057000,35.726000,1,1,1.000000,1,6,6,441
bug-bug2,with_roads,bear_of_doom,270,83,1,360.961000,66.678000,1,1,1.000000,1,63,21,441
bug-bug2,with_roads,bear_of_doom,329,390,1,100.270000,49.714000,1,1,1.000000,1,9,3,441
bug-bug2,with_roads,bear_of_doom,69,405,1,376.528000,40.773000,1,1,1.703704,1,46,16,441
bug-bug2,no_roads,binary_tree,244,51,1,666.076000,77.103000,1,1,1.000000,1,87,29,1230
bug-bug2,no_roads,binary_tree,617,543,1,268.477000,60.969000,1,1,1.000000,1,27,9,1230
bug-bug2,no_roads,binary_tree,491,307,1,526.727000,35.447000,1,1,1.000000,1,60,20,1230
bug-bug2,no_roads,binary_tree,223,190,1,207.703000,62.920000,1,1,1.000000,1,24,8,1230
bug-bug2,no_roads,binary_tree,983,65,1,566.824000,82.202000,1,1,1.000000,1,66,22,1230
bug-bug2,no_roads,binary_tree,61,203,1,443.806000,32.801000,1,1,1.000000,1,57,19,1230
bug-bug2,no_roads,binary_tree,479,513,1,195.507000,43.353000,1,1,1.000000,1,21,7,1230
bug-bug2,no_roads,binary_tree,1181,54,1,878.084000,104.519000,1,1,1.172414,1,102,34,1230
bug-bug2,no_roads,binary_tree,433,978,1,498.768000,66.050000,1,1,1.000000,1,57,19,1230
bug-bug2,no_roads,binary_tree,485,1049,1,504.884000,70.542000,1,1,1.000000,1,57,19,1230
bug-bug2,with_roads,binary_tree,244,51,1,645.268000,74.197000,1,1,1.225352,1,87,29,1230
bug-bug2,with_roads,binary_tree,617,543,1,244.545000,59.493000,1,1,1.117647,1,19,9,1230
bug-bug2,with_roads,binary_tree,491,307,1,527.934000,36.730000,1,1,1.000000,1,60,20,1230
bug-bug2,with_roads,binary_tree,223,190,1,208.329000,63.785000,1,1,1.000000,1,24,8,1230
bug-bug2,with_roads,binary_tree,983,65,1,562.506000,79.160000,1,1,1.000000,1,66,22,1230
bug-bug2,with_roads,binary_tree,61,203,1,435.123000,33.520000,1,1,1.000000,1,57,19,1230
bug-bug2,with_roads,binary_tree,479,513,1,203.275000,43.711000,1,1,1.000000,1,21,7,1230
bug-bug2,with_roads,binary_tree,1181,54,1,875.319000,102.774000,1,1,1.172414,1,102,34,1230
bug-bug2,with_roads,binary_tree,433,978,1,511.645000,65.015000,1,1,1.000000,1,57,19,1230
bug-bug2,with_roads,binary_tree,485,1049,1,530.693000,79.959000,1,1,1.000000,1,57,19,1230
bug-bug2,no_roads,building_blocks,1800,286,1,1745.019000,313.809000,1,1,1.000000,1,174,58,2401
bug-bug2,no_roads,building_blocks,60,2108,1,1092.713000,151.564000,1,1,1.000000,1,138,46,2401
bug-bug2,no_roads,building_blocks,758,669,1,411.953000,71.514000,1,1,1.000000,1,48,16,2401
bug-bug2,no_roads,building_blocks,616,358,1,352.669000,59.501000,1,1,1.000000,1,39,13,2401
bug-bug2,no_roads,building_blocks,2095,261,1,1862.430000,339.559000,1,1,1.152542,1,204,68,2401
bug-bug2,no_roads,building_blocks,1926,2106,1,2106.146000,320.887000,1,1,1.000000,1,255,85,2401
bug-bug2,no_roads,building_blocks,1541,222,1,2398.795000,386.959000,1,1,1.256757,0,279,93,2401
bug-bug2,no_roads,building_blocks,1667,1167,1,2388.112000,361.026000,1,1,1.226667,1,276,92,2401
bug-bug2,no_roads,building_blocks,77,71,1,761.379000,110.289000,1,1,1.000000,1,84,28,2401
bug-bug2,no_roads,building_blocks,238,606,1,706.348000,135.746000,1,1,1.000000,1,78,26,2401
bug-bug2,with_roads,building_blocks,1800,286,1,1501.967000,310.989000,1,1,1.000000,1,174,58,2401
bug-bug2,with_roads,building_blocks,60,2108,1,1077.244000,154.012000,1,1,1.583333,1,76,46,2401
bug-bug2,with_roads,building_blocks,758,669,1,505.655000,101.330000,1,1,1.000000,1,48,16,2401
bug-bug2,with_roads,building_blocks,616,358,1,338.157000,65.106000,1,1,1.000000,1,39,13,2401
bug-bug2,with_roads,building_blocks,2095,261,1,1745.754000,318.721000,1,1,1.436620,1,204,68,2401
bug-bug2,with_roads,building_blocks,1926,2106,1,2361.391000,348.512000,1,1,1.045082,0,255,85,2401
bug-bug2,with_roads,building_blocks,1541,222,1,2389.060000,320.714000,1,1,1.662069,1,241,93,2401
bug-bug2,with_roads,building_blocks,1667,1167,1,2315.059000,330.502000,1,1,1.664430,1,248,92,2401
bug-bug2,with_roads,building_blocks,77,71,1,731.480000,112.021000,1,1,1.000000,1,84,28,2401
bug-bug2,with_roads,building_blocks,238,606,1,678.005000,118.208000,1,1,1.000000,1,78,26,2401
bug-bug2,no_roads,butterfly,25,922,1,849.035000,83.479000,1,1,1.000000,1,87,29,961
bug-bug2,no_roads,butterfly,326,287,1,251.863000,61.804000,1,1,1.000000,1,24,8,961
bug-bug2,no_roads,butterfly,261,148,1,281.692000,41.678000,1,1,1.000000,1,33,11,961
bug-bug2,no_roads,butterfly,676,89,1,545.103000,78.671000,1,1,1.000000,1,63,21,961
bug-bug2,no_roads,butterfly,732,509,1,291.650000,65.131000,1,1,1.000000,1,33,11,961
bug-bug2,no_roads,butterfly,32,30,1,495.052000,32.708000,1,1,1.000000,1,87,29,961
bug-bug2,no_roads,butterfly,95,255,1,197.376000,41.607000,1,1,1.000000,1,24,8,961
bug-bug2,no_roads,butterfly,695,230,1,478.673000,75.547000,1,1,1.000000,1,54,18,961
bug-bug2,no_roads,butterfly,506,257,1,205.717000,35.773000,1,1,1.000000,1,24,8,961
bug-bug2,no_roads,butterfly,547,731,1,168.444000,44.634000,1,1,1.000000,1,18,6,961
bug-bug2,with_roads,butterfly,25,922,1,755.475000,75.332000,1,1,1.000000,1,87,29,961
bug-bug2,with_roads,butterfly,326,287,1,229.963000,59.054000,1,1,1.000000,1,24,8,961
bug-bug2,with_roads,butterfly,261,148,1,280.912000,36.808000,1,1,1.000000,1,33,11,961
bug-bug2,with_roads,butterfly,676,89,1,648.279000,91.763000,1,1,1.000000,1,63,21,961
bug-bug2,with_roads,butterfly,732,509,1,330.987000,81.976000,1,1,1.000000,1,33,11,961
bug-bug2,with_roads,butterfly,32,30,1,496.005000,33.707000,1,1,1.024691,1,83,29,961
bug-bug2,with_roads,butterfly,95,255,1,201.347000,43.844000,1,1,1.200000,0,24,8,961
bug-bug2,with_roads,butterfly,695,230,1,495.711000,79.284000,1,1,1.000000,1,54,18,961
bug-bug2,with_roads,butterfly,506,257,1,212.790000,37.597000,1,1,1.000000,1,24,8,961
bug-bug2,with_roads,butterfly,547,731,1,158.168000,36.667000,1,1,1.000000,1,18,6,961
bug-bug2,no_roads,castle_keep,486,102,1,1370.622000,99.189000,1,1,1.000000,1,129,43,2401
bug-bug2,no_roads,castle_keep,1278,1127,1,217.023000,77.812000,1,1,1.000000,1,12,4,2401
bug-bug2,no_roads,castle_keep,1030,606,1,625.816000,117.622000,1,1,1.000000,1,54,18,2401
bug-bug2,no_roads,castle_keep,448,381,1,1057.808000,59.182000,1,1,1.000000,1,93,31,2401
bug-bug2,no_roads,castle_keep,1988,133,1,2245.123000,243.066000,1,1,1.294118,1,198,66,2401
bug-bug2,no_roads,castle_keep,125,410,1,312.065000,46.137000,1,1,1.000000,1,27,9,2401
bug-bug2,no_roads,castle_keep,1009,1072,1,1494.740000,207.238000,1,1,1.333333,1,132,44,2401
bug-bug2,no_roads,castle_keep,2349,111,1,1609.186000,165.890000,1,1,1.020000,1,153,51,2401
bug-bug2,no_roads,castle_keep,921,1978,1,1515.439000,194.421000,1,1,1.244444,1,168,56,2401
bug-bug2,no_roads,castle_keep,1017,2109,1,1407.383000,144.340000,1,1,1.130435,1,156,52,2401
bug-bug2,with_roads,castle_keep,486,102,1,1179.163000,107.692000,1,1,1.285714,1,117,43,2401
bug-bug2,with_roads,castle_keep,1278,1127,1,113.009000,43.115000,1,1,1.000000,1,12,4,2401
bug-bug2,with_roads,castle_keep,1030,606,1,514.837000,95.915000,1,1,1.000000,1,54,18,2401
bug-bug2,with_roads,castle_keep,448,381,1,843.830000,45.342000,1,1,1.246575,1,91,31,2401
bug-bug2,with_roads,castle_keep,1988,133,1,1977.614000,221.745000,1,1,1.840000,1,184,66,2401
bug-bug2,with_roads,castle_keep,125,410,1,258.833000,38.004000,1,1,1.086957,1,25,9,2401
bug-bug2,with_roads,castle_keep,1009,1072,1,1264.167000,174.882000,1,1,1.333333,1,120,44,2401
bug-bug2,with_roads,castle_keep,2349,111,1,1508.529000,209.069000,1,1,1.500000,1,99,51,2401
bug-bug2,with_roads,castle_keep,921,1978,1,1562.423000,195.326000,1,1,1.373913,1,158,56,2401
bug-bug2,with_roads,castle_keep,1017,2109,1,1591.898000,142.065000,1,1,1.245614,1,142,52,2401
bug-bug2,no_roads,chemistry_class,1419,228,1,1012.880000,108.274000,1,1,1.000000,1,90,30,1600
bug-bug2,no_roads,chemistry_class,51,565,1,371.000000,43.932000,1,1,1.000000,1,39,13,1600
bug-bug2,no_roads,chemistry_class,501,457,1,110.539000,34.896000,1,1,1.000000,1,12,4,1600
bug-bug2,no_roads,chemistry_class,285,209,1,114.081000,35.846000,1,1,1.000000,1,12,4,1600
bug-bug2,no_roads,chemistry_class,1507,1189,1,263.977000,58.636000,1,1,1.000000,1,27,9,1600
bug-bug2,no_roads,chemistry_class,178,1297,1,928.331000,110.649000,1,1,1.000000,1,84,28,1600
bug-bug2,no_roads,chemistry_class,892,65,1,844.156000,97.356000,1,1,1.000000,1,63,21,1600
bug-bug2,no_roads,chemistry_class,61,191,1,359.950000,47.697000,1,1,1.000000,1,30,10,1600
bug-bug2,no_roads,chemistry_class,447,476,1,1076.206000,66.950000,1,1,1.000000,1,87,29,1600
bug-bug2,no_roads,chemistry_class,1091,1323,1,321.198000,58.624000,1,1,1.000000,1,24,8,1600
bug-bug2,with_roads,chemistry_class,1419,228,1,1040.590000,118.992000,1,1,1.105263,1,84,30,1600
bug-bug2,with_roads,chemistry_class,51,565,1,427.868000,47.106000,1,1,1.346154,0,35,13,1600
bug-bug2,with_roads,chemistry_class,501,457,1,149.713000,48.859000,1,1,1.000000,1,12,4,1600
bug-bug2,with_roads,chemistry_class,285,209,1,150.414000,45.925000,1,1,1.000000,1,12,4,1600
bug-bug2,with_roads,chemistry_class,1507,1189,1,341.126000,88.495000,1,1,1.000000,1,27,9,1600
bug-bug2,with_roads,chemistry_class,178,1297,1,915.007000,113.806000,1,1,1.000000,1,84,28,1600
bug-bug2,with_roads,chemistry_class,892,65,1,700.722000,72.624000,1,1,1.036364,1,57,21,1600
bug-bug2,with_roads,chemistry_class,61,191,1,363.757000,45.908000,1,1,1.375000,1,22,10,1600
bug-bug2,with_roads,chemistry_class,447,476,1,969.842000,58.040000,1,1,1.528302,0,81,29,1600
bug-bug2,with_roads,chemistry_class,1091,1323,1,271.092000,44.838000,1,1,1.000000,1,24,8,1600
bug-bug2,no_roads,chess,1895,369,1,1012.767000,143.063000,1,1,1.000000,1,96,32,2401
bug-bug2,no_roads,chess,112,2191,1,1342.792000,191.430000,1,1,1.000000,1,126,42,2401
bug-bug2,no_roads,chess,819,744,1,767.559000,124.185000,1,1,1.000000,1,78,26,2401
bug-bug2,no_roads,chess,690,438,1,1114.029000,133.691000,1,1,1.000000,1,126,42,2401
bug-bug2,no_roads,chess,2179,346,1,975.196000,128.838000,1,1,1.000000,1,111,37,2401
bug-bug2,no_roads,chess,1988,2189,1,152.625000,41.403000,1,1,1.000000,1,15,5,2401
bug-bug2,no_roads,chess,1619,267,1,795.846000,128.391000,1,1,1.000000,1,90,30,2401
bug-bug2,no_roads,chess,1732,1269,1,722.698000,114.066000,1,1,1.000000,1,81,27,2401
bug-bug2,no_roads,chess,129,124,1,202.178000,51.414000,1,1,1.000000,1,24,8,2401
bug-bug2,no_roads,chess,283,677,1,258.231000,59.471000,1,1,1.000000,1,30,10,2401
bug-bug2,with_roads,chess,1895,369,1,817.770000,120.996000,1,1,1.586207,0,92,32,2401
bug-bug2,with_roads,chess,112,2191,1,1055.202000,149.188000,1,1,1.774194,1,110,42,2401
bug-bug2,with_roads,chess,819,744,1,649.579000,107.400000,1,1,1.423077,1,74,26,2401
bug-bug2,with_roads,chess,690,438,1,1048.943000,133.647000,1,1,1.386364,1,122,42,2401
bug-bug2,with_roads,chess,2179,346,1,919.850000,127.920000,1,1,1.656716,1,111,37,2401
bug-bug2,with_roads,chess,1988,2189,1,126.812000,38.957000,1,1,1.000000,1,15,5,2401
bug-bug2,with_roads,chess,1619,267,1,787.944000,133.638000,1,1,1.073171,1,88,30,2401
bug-bug2,with_roads,chess,1732,1269,1,780.180000,156.675000,1,1,1.179104,1,79,27,2401
bug-bug2,with_roads,chess,129,124,1,204.856000,54.137000,1,1,1.000000,1,24,8,2401
bug-bug2,with_roads,chess,283,677,1,258.019000,60.425000,1,1,1.000000,1,30,10,2401
bug-bug2,no_roads,chrysanthemum,1700,252,1,595.655000,52.355000,1,1,1.000000,1,87,29,2300
bug-bug2,no_roads,chrysanthemum,51,1960,1,1447.382000,254.507000,1,1,1.000000,1,141,47,2300
bug-bug2,no_roads,chrysanthemum,679,600,1,963.708000,120.914000,1,1,1.225806,1,114,38,2300
bug-bug2,no_roads,chrysanthemum,541,333,1,198.194000,33.781000,1,1,1.000000,1,24,8,2300
bug-bug2,no_roads,chrysanthemum,1948,225,1,1316.307000,147.888000,1,1,1.022222,1,138,46,2300
bug-bug2,no_roads,chrysanthemum,1805,1956,1,85.061000,35.053000,1,1,1.000000,1,9,3,2300
bug-bug2,no_roads,chrysanthemum,1444,193,1,615.911000,64.672000,1,1,1.000000,1,75,25,2300
bug-bug2,no_roads,chrysanthemum,1563,1096,1,1008.472000,193.730000,1,1,1.058824,1,108,36,2300
bug-bug2,no_roads,chrysanthemum,65,61,1,87.340000,29.693000,1,1,1.000000,1,12,4,2300
bug-bug2,no_roads,chrysanthemum,206,519,1,503.202000,103.804000,1,1,1.000000,1,54,18,2300
bug-bug2,with_roads,chrysanthemum,1700,252,1,600.347000,51.180000,1,1,1.491228,1,85,29,2300
bug-bug2,with_roads,chrysanthemum,51,1960,1,1325.429000,147.235000,1,1,1.763889,0,127,47,2300
bug-bug2,with_roads,chrysanthemum,679,600,1,938.741000,115.119000,1,1,1.361111,1,98,38,2300
bug-bug2,with_roads,chrysanthemum,541,333,1,198.488000,34.224000,1,1,1.000000,1,24,8,2300
bug-bug2,with_roads,chrysanthemum,1948,225,1,1141.855000,142.098000,1,1,1.022222,1,138,46,2300
bug-bug2,with_roads,chrysanthemum,1805,1956,1,115.821000,46.809000,1,1,1.000000,1,9,3,2300
bug-bug2,with_roads,chrysanthemum,1444,193,1,617.832000,71.452000,1,1,1.000000,1,75,25,2300
bug-bug2,with_roads,chrysanthemum,1563,1096,1,990.794000,187.535000,1,1,1.106383,1,104,36,2300
bug-bug2,with_roads,chrysanthemum,65,61,1,86.474000,28.749000,1,1,1.000000,1,12,4,2300
bug-bug2,with_roads,chrysanthemum,206,519,1,488.618000,95.378000,1,1,1.000000,1,54,18,2300
bug-bug2,no_roads,cinnamon_roll,815,128,1,564.898000,54.520000,1,1,1.000000,1,69,23,900
bug-bug2,no_roads,cinnamon_roll,25,331,1,599.314000,87.229000,1,1,1.000000,1,75,25,900
bug-bug2,no_roads,cinnamon_roll,289,264,1,137.292000,42.781000,1,1,1.000000,1,15,5,900
bug-bug2,no_roads,cinnamon_roll,159,117,1,403.342000,46.738000,1,1,1.000000,1,54,18,900
bug-bug2,no_roads,cinnamon_roll,862,709,1,135.403000,42.450000,1,1,1.000000,1,15,5,900
bug-bug2,no_roads,cinnamon_roll,100,760,1,526.642000,56.142000,1,1,1.000000,1,66,22,900
bug-bug2,no_roads,cinnamon_roll,547,32,1,413.519000,62.357000,1,1,1.000000,1,51,17,900
bug-bug2,no_roads,cinnamon_roll,30,106,1,336.458000,45.339000,1,1,1.000000,1,48,16,900
bug-bug2,no_roads,cinnamon_roll,258,276,1,288.246000,45.827000,1,1,1.000000,1,36,12,900
bug-bug2,no_roads,cinnamon_roll,653,773,1,113.995000,37.931000,1,1,1.000000,1,12,4,900
bug-bug2,with_roads,cinnamon_roll,815,128,1,554.410000,53.800000,1,1,1.418605,1,61,23,900
bug-bug2,with_roads,cinnamon_roll,25,331,1,604.065000,86.880000,1,1,1.224138,1,71,25,900
bug-bug2,with_roads,cinnamon_roll,289,264,1,139.461000,43.623000,1,1,1.000000,1,15,5,900
bug-bug2,with_roads,cinnamon_roll,159,117,1,404.510000,46.902000,1,1,1.384615,0,54,18,900
bug-bug2,with_roads,cinnamon_roll,862,709,1,137.431000,43.171000,1,1,1.000000,1,15,5,900
bug-bug2,with_roads,cinnamon_roll,100,760,1,524.849000,60.506000,1,1,1.302326,0,56,22,900
bug-bug2,with_roads,cinnamon_roll,547,32,1,413.383000,60.877000,1,1,1.620690,1,47,17,900
bug-bug2,with_roads,cinnamon_roll,30,106,1,338.692000,46.281000,1,1,1.642857,0,46,16,900
bug-bug2,with_roads,cinnamon_roll,258,276,1,300.512000,51.044000,1,1,1.600000,0,32,12,900
bug-bug2,with_roads,cinnamon_roll,653,773,1,112.434000,38.988000,1,1,1.000000,1,12,4,900
bug-bug2,no_roads,clash_arena,159,44,1,234.895000,47.328000,1,1,1.000000,1,30,10,672
bug-bug2,no_roads,clash_arena,352,313,1,137.891000,44.690000,1,1,1.000000,1,15,5,672
bug-bug2,no_roads,clash_arena,285,191,1,261.703000,37.147000,1,1,1.000000,1,30,10,672
bug-bug2,no_roads,clash_arena,149,124,1,408.552000,51.646000,1,1,1.000000,1,51,17,672
bug-bug2,no_roads,clash_arena,523,51,1,557.272000,54.148000,1,1,1.000000,1,66,22,672
bug-bug2,no_roads,clash_arena,49,135,1,100.708000,30.039000,1,1,1.000000,1,12,4,672
bug-bug2,no_roads,clash_arena,280,298,1,97.199000,46.102000,1,1,1.000000,1,9,3,672
bug-bug2,no_roads,clash_arena,636,46,1,735.214000,73.301000,1,1,1.000000,1,84,28,672
bug-bug2,no_roads,clash_arena,258,520,1,316.029000,37.649000,1,1,1.000000,1,36,12,672
bug-bug2,no_roads,clash_arena,282,564,1,328.648000,46.630000,1,1,1.000000,1,39,13,672
bug-bug2,with_roads,clash_arena,159,44,1,242.441000,47.855000,1,1,1.181818,1,26,10,672
bug-bug2,with_roads,clash_arena,352,313,1,136.545000,45.438000,1,1,1.000000,1,15,5,672
bug-bug2,with_roads,clash_arena,285,191,1,260.721000,37.864000,1,1,1.750000,0,28,10,672
bug-bug2,with_roads,clash_arena,149,124,1,419.153000,53.100000,1,1,1.093023,0,47,17,672
bug-bug2,with_roads,clash_arena,523,51,1,559.150000,53.197000,1,1,2.062500,1,66,22,672
bug-bug2,with_roads,clash_arena,49,135,1,102.015000,28.523000,1,1,1.000000,1,12,4,672
bug-bug2,with_roads,clash_arena,280,298,1,108.126000,45.888000,1,1,1.000000,1,5,3,672
bug-bug2,with_roads,clash_arena,636,46,1,762.290000,75.631000,1,1,1.409091,1,62,28,672
bug-bug2,with_roads,clash_arena,258,520,1,318.007000,38.315000,1,1,1.000000,1,12,12,672
bug-bug2,with_roads,clash_arena,282,564,1,341.205000,45.665000,1,1,1.631579,0,31,13,672
bug-bug2,no_roads,climbing_wall,720,120,1,557.701000,44.505000,1,1,1.000000,1,90,30,1000
bug-bug2,no_roads,climbing_wall,25,837,1,1088.096000,106.608000,1,1,1.000000,1,132,44,1000
bug-bug2,no_roads,climbing_wall,305,272,1,596.555000,86.587000,1,1,1.000000,1,75,25,1000
bug-bug2,no_roads,climbing_wall,246,152,1,387.899000,64.923000,1,1,1.000000,1,48,16,1000
bug-bug2,no_roads,climbing_wall,832,108,1,988.998000,99.706000,1,1,1.000000,1,129,43,1000
bug-bug2,no_roads,climbing_wall,762,836,1,1845.198000,130.298000,1,1,1.039474,0,237,79,1000
bug-bug2,no_roads,climbing_wall,614,93,1,642.718000,44.917000,1,1,1.000000,1,78,26,1000
bug-bug2,no_roads,climbing_wall,664,474,1,1248.923000,112.583000,1,1,1.000000,1,159,53,1000
bug-bug2,no_roads,climbing_wall,32,30,1,43.655000,25.655000,1,1,1.000000,1,6,2,1000
bug-bug2,no_roads,climbing_wall,99,241,1,497.026000,61.646000,1,1,1.000000,1,60,20,1000
bug-bug2,with_roads,climbing_wall,720,120,1,558.607000,45.792000,1,1,1.000000,1,90,30,1000
bug-bug2,with_roads,climbing_wall,25,837,1,1100.412000,117.182000,1,1,1.000000,1,130,44,1000
bug-bug2,with_roads,climbing_wall,305,272,1,605.235000,88.618000,1,1,1.000000,1,75,25,1000
bug-bug2,with_roads,climbing_wall,246,152,1,385.777000,69.431000,1,1,1.000000,1,48,16,1000
bug-bug2,with_roads,climbing_wall,832,108,1,998.281000,100.784000,1,1,1.000000,1,129,43,1000
bug-bug2,with_roads,climbing_wall,762,836,1,1870.352000,132.540000,1,1,1.039474,0,237,79,1000
bug-bug2,with_roads,climbing_wall,614,93,1,652.336000,46.779000,1,1,1.000000,1,78,26,1000
bug-bug2,with_roads,climbing_wall,664,474,1,1272.926000,115.944000,1,1,1.000000,1,159,53,1000
bug-bug2,with_roads,climbing_wall,32,30,1,44.471000,26.671000,1,1,1.000000,1,6,2,1000
bug-bug2,with_roads,climbing_wall,99,241,1,491.025000,64.031000,1,1,1.000000,1,60,20,1000
bug-bug2,no_roads,coffee,1693,279,1,754.064000,101.918000,1,1,1.000000,1,84,28,2500
bug-bug2,no_roads,coffee,69,1997,1,1254.461000,125.000000,1,1,1.000000,1,141,47,2500
bug-bug2,no_roads,coffee,730,637,1,193.923000,52.184000,1,1,1.000000,1,21,7,2500
bug-bug2,no_roads,coffee,573,347,1,633.418000,76.672000,1,1,1.000000,1,72,24,2500
bug-bug2,no_roads,coffee,1983,256,1,1281.231000,188.219000,1,1,1.066667,1,144,48,2500
bug-bug2,no_roads,coffee,1794,1995,1,252.588000,63.982000,1,1,1.000000,1,27,9,2500
bug-bug2,no_roads,coffee,2368,1465,1,492.201000,64.140000,1,1,1.000000,1,54,18,2500
bug-bug2,no_roads,coffee,218,1575,1,1291.849000,144.066000,1,1,1.484848,1,147,49,2500
bug-bug2,no_roads,coffee,1097,85,1,789.804000,119.667000,1,1,1.000000,1,90,30,2500
bug-bug2,no_roads,coffee,81,234,1,74.878000,29.320000,1,1,1.000000,1,9,3,2500
bug-bug2,with_roads,coffee,1693,279,1,758.784000,115.937000,1,1,1.000000,1,84,28,2500
bug-bug2,with_roads,coffee,69,1997,1,1202.741000,132.593000,1,1,1.000000,1,141,47,2500
bug-bug2,with_roads,coffee,730,637,1,194.091000,52.951000,1,1,1.000000,1,21,7,2500
bug-bug2,with_roads,coffee,573,347,1,647.292000,77.938000,1,1,1.000000,1,72,24,2500
bug-bug2,with_roads,coffee,1983,256,1,1321.257000,209.136000,1,1,1.431579,1,136,48,2500
bug-bug2,with_roads,coffee,1794,1995,1,247.154000,64.145000,1,1,1.000000,1,27,9,2500
bug-bug2,with_roads,coffee,2368,1465,1,472.312000,64.328000,1,1,1.000000,1,54,18,2500
bug-bug2,with_roads,coffee,218,1575,1,1321.829000,142.583000,1,1,1.484848,1,147,49,2500
bug-bug2,with_roads,coffee,1097,85,1,803.416000,125.560000,1,1,1.000000,1,90,30,2500
bug-bug2,with_roads,coffee,81,234,1,76.192000,29.658000,1,1,1.000000,1,9,3,2500
bug-bug2,no_roads,cold,243,51,1,205.614000,57.763000,1,1,1.000000,1,21,7,1369
bug-bug2,no_roads,cold,617,546,1,132.622000,52.272000,1,1,1.000000,1,12,4,1369
bug-bug2,no_roads,cold,493,304,1,133.178000,33.090000,1,1,1.000000,1,15,5,1369
bug-bug2,no_roads,cold,223,1204,1,690.131000,41.740000,1,1,1.000000,1,78,26,1369
bug-bug2,no_roads,cold,190,1307,1,854.456000,74.939000,1,1,1.000000,1,90,30,1369
bug-bug2,no_roads,cold,939,65,1,672.167000,83.148000,1,1,1.000000,1,72,24,1369
bug-bug2,no_roads,cold,61,204,1,149.550000,41.602000,1,1,1.000000,1,18,6,1369
bug-bug2,no_roads,cold,481,516,1,921.146000,66.601000,1,1,1.000000,1,105,35,1369
bug-bug2,no_roads,cold,1116,1330,1,750.259000,67.644000,1,1,1.000000,1,87,29,1369
bug-bug2,no_roads,cold,54,1241,1,1047.375000,77.010000,1,1,1.000000,1,96,32,1369
bug-bug2,with_roads,cold,243,51,1,200.858000,60.452000,1,1,1.166667,1,21,7,1369
bug-bug2,with_roads,cold,617,546,1,127.218000,46.974000,1,1,1.000000,1,12,4,1369
bug-bug2,with_roads,cold,493,304,1,136.327000,34.577000,1,1,1.000000,1,15,5,1369
bug-bug2,with_roads,cold,223,1204,1,714.305000,55.467000,1,1,1.000000,1,78,26,1369
bug-bug2,with_roads,cold,190,1307,1,953.779000,104.100000,1,1,1.000000,1,90,30,1369
bug-bug2,with_roads,cold,939,65,1,661.340000,88.980000,1,1,1.000000,1,72,24,1369
bug-bug2,with_roads,cold,61,204,1,158.970000,49.687000,1,1,1.000000,1,18,6,1369
bug-bug2,with_roads,cold,481,516,1,939.506000,69.412000,1,1,1.141304,1,105,35,1369
bug-bug2,with_roads,cold,1116,1330,1,779.270000,74.153000,1,1,1.000000,1,87,29,1369
bug-bug2,with_roads,cold,54,1241,1,876.102000,57.466000,1,1,1.000000,1,96,32,1369
bug-bug2,no_roads,corridors,818,121,1,1010.043000,192.635000,1,1,1.027027,0,114,38,961
bug-bug2,no_roads,corridors,25,934,1,1483.815000,344.417000,1,1,1.000000,1,129,43,961
bug-bug2,no_roads,corridors,336,296,1,605.797000,132.626000,1,1,1.000000,1,57,19,961
bug-bug2,no_roads,corridors,268,156,1,772.812000,169.687000,1,1,1.000000,1,75,25,961
bug-bug2,no_roads,corridors,929,107,1,1181.757000,193.423000,1,1,1.000000,1,114,38,961
bug-bug2,no_roads,corridors,867,933,1,676.751000,50.869000,1,1,1.000000,1,81,27,961
bug-bug2,no_roads,corridors,694,89,1,1237.408000,192.288000,1,1,1.250000,0,120,40,961
bug-bug2,no_roads,corridors,753,531,1,473.451000,84.313000,1,1,1.000000,1,45,15,961
bug-bug2,no_roads,corridors,32,30,1,650.626000,41.814000,1,1,1.000000,1,87,29,961
bug-bug2,no_roads,corridors,95,261,1,451.748000,97.601000,1,1,1.000000,1,45,15,961
bug-bug2,with_roads,corridors,818,121,1,1254.522000,225.526000,1,1,1.046512,1,90,38,961
bug-bug2,with_roads,corridors,25,934,1,1363.269000,232.430000,1,1,1.237624,1,125,43,961
bug-bug2,with_roads,corridors,336,296,1,614.088000,132.196000,1,1,1.222222,1,55,19,961
bug-bug2,with_roads,corridors,268,156,1,791.676000,187.916000,1,1,1.742857,1,61,25,961
bug-bug2,with_roads,corridors,929,107,1,1182.239000,191.265000,1,1,1.051282,1,82,38,961
bug-bug2,with_roads,corridors,867,933,1,678.489000,50.956000,1,1,1.000000,1,81,27,961
bug-bug2,with_roads,corridors,694,89,1,1251.477000,189.447000,1,1,1.325581,0,114,40,961
bug-bug2,with_roads,corridors,753,531,1,479.238000,84.883000,1,1,1.000000,1,45,15,961
bug-bug2,with_roads,corridors,32,30,1,625.588000,45.187000,1,1,1.571429,0,77,29,961
bug-bug2,with_roads,corridors,95,261,1,453.881000,92.804000,1,1,1.285714,1,45,15,961
bug-bug2,no_roads,craters,963,308,1,477.782000,57.695000,1,1,1.000000,1,39,13,1500
bug-bug2,no_roads,craters,120,1092,1,723.915000,90.383000,1,1,1.000000,1,72,24,1500
bug-bug2,no_roads,craters,530,489,1,321.074000,47.784000,1,1,1.000000,1,27,9,1500
bug-bug2,no_roads,craters,463,345,1,1057.804000,108.623000,1,1,1.031250,1,99,33,1500
bug-bug2,no_roads,craters,1087,289,1,573.347000,52.335000,1,1,1.000000,1,48,16,1500
bug-bug2,no_roads,craters,1010,1091,1,1407.824000,148.243000,1,1,1.387097,1,129,43,1500
bug-bug2,no_roads,craters,1359,852,1,305.310000,62.477000,1,1,1.000000,1,30,10,1500
bug-bug2,no_roads,craters,269,906,1,429.748000,41.091000,1,1,1.000000,1,39,13,1500
bug-bug2,no_roads,craters,708,144,1,1261.399000,150.068000,1,1,1.100000,1,132,44,1500
bug-bug2,no_roads,craters,136,278,1,217.452000,64.494000,1,1,1.000000,1,24,8,1500
bug-bug2,with_roads,craters,963,308,1,375.849000,47.491000,1,1,1.000000,1,39,13,1500
bug-bug2,with_roads,craters,120,1092,1,599.074000,73.888000,1,1,1.000000,1,62,24,1500
bug-bug2,with_roads,craters,530,489,1,257.305000,36.732000,1,1,1.038462,1,27,9,1500
bug-bug2,with_roads,craters,463,345,1,817.370000,84.114000,1,1,1.557692,0,81,33,1500
bug-bug2,with_roads,craters,1087,289,1,451.883000,43.714000,1,1,1.043478,1,48,16,1500
bug-bug2,with_roads,craters,1010,1091,1,1110.730000,122.492000,1,1,1.387097,1,129,43,1500
bug-bug2,with_roads,craters,1359,852,1,244.599000,50.352000,1,1,1.000000,1,30,10,1500
bug-bug2,with_roads,craters,269,906,1,352.848000,32.682000,1,1,1.000000,1,39,13,1500
bug-bug2,with_roads,craters,708,144,1,1126.621000,129.193000,1,1,1.684211,1,128,44,1500
bug-bug2,with_roads,craters,136,278,1,195.151000,57.078000,1,1,1.000000,1,10,8,1500
bug-bug2,no_roads,cubes,523,116,1,991.033000,128.232000,1,1,1.058824,1,108,36,2500
bug-bug2,no_roads,cubes,1317,1194,1,697.965000,46.570000,1,1,1.000000,1,81,27,2500
bug-bug2,no_roads,cubes,1094,670,1,736.056000,106.064000,1,1,1.040000,1,78,26,2500
bug-bug2,no_roads,cubes,479,407,1,959.898000,156.031000,1,1,1.103448,0,96,32,2500
bug-bug2,no_roads,cubes,2054,146,1,1911.689000,238.603000,1,1,1.078125,0,207,69,2500
bug-bug2,no_roads,cubes,138,438,1,163.325000,33.205000,1,1,1.000000,1,18,6,2500
bug-bug2,no_roads,cubes,1073,1139,1,442.074000,70.243000,1,1,1.000000,1,48,16,2500
bug-bug2,no_roads,cubes,2449,123,1,1208.759000,93.930000,1,1,1.000000,1,138,46,2500
bug-bug2,no_roads,cubes,972,2043,1,873.969000,137.235000,1,1,1.033333,1,93,31,2500
bug-bug2,no_roads,cubes,1081,2184,1,627.130000,113.180000,1,1,1.000000,1,66,22,2500
bug-bug2,with_roads,cubes,523,116,1,980.113000,135.224000,1,1,1.184211,1,90,36,2500
bug-bug2,with_roads,cubes,1317,1194,1,700.906000,46.245000,1,1,1.680851,1,79,27,2500
bug-bug2,with_roads,cubes,1094,670,1,722.894000,104.091000,1,1,1.418182,0,78,26,2500
bug-bug2,with_roads,cubes,479,407,1,944.282000,161.165000,1,1,1.283019,0,68,32,2500
bug-bug2,with_roads,cubes,2054,146,1,1900.879000,242.790000,1,1,1.203704,0,195,69,2500
bug-bug2,with_roads,cubes,138,438,1,158.716000,33.597000,1,1,1.000000,1,18,6,2500
bug-bug2,with_roads,cubes,1073,1139,1,433.557000,67.376000,1,1,1.357143,1,38,16,2500
bug-bug2,with_roads,cubes,2449,123,1,1200.866000,99.731000,1,1,1.148515,1,116,46,2500
bug-bug2,with_roads,cubes,972,2043,1,851.301000,135.136000,1,1,1.437500,0,69,31,2500
bug-bug2,with_roads,cubes,1081,2184,1,601.388000,110.389000,1,1,1.150000,1,46,22,2500
bug-bug2,no_roads,default_large1,1413,258,1,774.223000,67.446000,1,1,1.000000,1,87,29,1600
bug-bug2,no_roads,default_large1,51,612,1,426.398000,58.062000,1,1,1.214286,1,51,17,1600
bug-bug2,no_roads,default_large1,549,503,1,165.403000,36.484000,1,1,1.000000,1,18,6,1600
bug-bug2,no_roads,default_large1,320,237,1,954.158000,77.650000,1,1,1.027027,1,114,38,1600
bug-bug2,no_roads,default_large1,1511,1204,1,690.662000,56.355000,1,1,1.000000,1,81,27,1600
bug-bug2,no_roads,default_large1,202,1301,1,787.136000,81.834000,1,1,1.035714,1,87,29,1600
bug-bug2,no_roads,default_large1,940,65,1,781.057000,89.507000,1,1,1.148148,1,93,31,1600
bug-bug2,no_roads,default_large1,61,217,1,191.408000,46.164000,1,1,1.000000,1,27,9,1600
bug-bug2,no_roads,default_large1,491,522,1,255.875000,49.728000,1,1,1.000000,1,27,9,1600
bug-bug2,no_roads,default_large1,1118,1328,1,786.533000,52.360000,1,1,1.000000,1,90,30,1600
bug-bug2,with_roads,default_large1,1413,258,1,780.177000,69.421000,1,1,1.208333,0,87,29,1600
bug-bug2,with_roads,default_large1,51,612,1,423.832000,59.174000,1,1,1.097561,0,45,17,1600
bug-bug2,with_roads,default_large1,549,503,1,164.510000,34.454000,1,1,1.000000,1,18,6,1600
bug-bug2,with_roads,default_large1,320,237,1,974.867000,79.433000,1,1,2.000000,0,106,38,1600
bug-bug2,with_roads,default_large1,1511,1204,1,715.656000,57.266000,1,1,1.350000,1,81,27,1600
bug-bug2,with_roads,default_large1,202,1301,1,798.134000,84.804000,1,1,1.225352,0,87,29,1600
bug-bug2,with_roads,default_large1,940,65,1,789.868000,92.492000,1,1,1.219178,1,89,31,1600
bug-bug2,with_roads,default_large1,61,217,1,191.231000,46.357000,1,1,1.000000,1,23,9,1600
bug-bug2,with_roads,default_large1,491,522,1,253.659000,50.936000,1,1,1.000000,1,27,9,1600
bug-bug2,with_roads,default_large1,1118,1328,1,805.527000,52.729000,1,1,1.153846,1,90,30,1600
bug-bug2,no_roads,default_large2,230,51,1,621.940000,47.841000,1,1,1.000000,1,87,29,1500
bug-bug2,no_roads,default_large2,645,577,1,546.074000,82.651000,1,1,1.000000,1,60,20,1500
bug-bug2,no_roads,default_large2,529,295,1,467.015000,73.412000,1,1,1.000000,1,54,18,1500
bug-bug2,no_roads,default_large2,211,1271,1,645.286000,84.785000,1,1,1.000000,1,75,25,1500
bug-bug2,no_roads,default_large2,178,1393,1,674.264000,71.209000,1,1,1.000000,1,78,26,1500
bug-bug2,no_roads,default_large2,990,65,1,889.387000,95.045000,1,1,1.129032,1,105,35,1500
bug-bug2,no_roads,default_large2,61,191,1,654.171000,38.987000,1,1,1.000000,1,90,30,1500
bug-bug2,no_roads,default_large2,519,550,1,609.359000,84.984000,1,1,1.210526,1,69,23,1500
bug-bug2,no_roads,default_large2,1182,1423,1,557.976000,80.028000,1,1,1.083333,0,78,26,1500
bug-bug2,no_roads,default_large2,54,1307,1,642.507000,38.275000,1,1,1.000000,1,75,25,1500
bug-bug2,with_roads,default_large2,230,51,1,629.449000,54.904000,1,1,1.627451,1,83,29,1500
bug-bug2,with_roads,default_large2,645,577,1,568.060000,85.796000,1,1,1.500000,1,54,20,1500
bug-bug2,with_roads,default_large2,529,295,1,496.656000,80.576000,1,1,1.058824,0,54,18,1500
bug-bug2,with_roads,default_large2,211,1271,1,691.441000,90.211000,1,1,1.145455,1,63,25,1500
bug-bug2,with_roads,default_large2,178,1393,1,694.948000,73.223000,1,1,1.218750,1,78,26,1500
bug-bug2,with_roads,default_large2,990,65,1,950.212000,100.184000,1,1,1.444444,0,65,35,1500
bug-bug2,with_roads,default_large2,61,191,1,655.359000,39.303000,1,1,1.406250,0,90,30,1500
bug-bug2,with_roads,default_large2,519,550,1,659.141000,88.151000,1,1,1.707317,1,70,24,1500
bug-bug2,with_roads,default_large2,1182,1423,1,577.731000,82.333000,1,1,1.344828,0,78,26,1500
bug-bug2,with_roads,default_large2,54,1307,1,666.552000,39.856000,1,1,1.250000,0,75,25,1500
bug-bug2,no_roads,default_medium1,702,114,1,636.666000,102.249000,1,1,1.095238,1,69,23,900
bug-bug2,no_roads,default_medium1,25,817,1,760.585000,84.641000,1,1,1.000000,1,84,28,900
bug-bug2,no_roads,default_medium1,302,270,1,50.441000,30.620000,1,1,1.000000,1,6,2,900
bug-bug2,no_roads,default_medium1,242,148,1,922.496000,70.003000,1,1,1.000000,1,78,26,900
bug-bug2,no_roads,default_medium1,812,104,1,628.382000,71.503000,1,1,1.000000,1,72,24,900
bug-bug2,no_roads,default_medium1,744,816,1,547.108000,63.635000,1,1,1.000000,1,60,20,900
bug-bug2,no_roads,default_medium1,595,89,1,388.122000,43.137000,1,1,1.000000,1,51,17,900
bug-bug2,no_roads,default_medium1,647,466,1,163.823000,35.616000,1,1,1.000000,1,18,6,900
bug-bug2,no_roads,default_medium1,32,30,1,36.822000,22.472000,1,1,1.000000,1,6,2,900
bug-bug2,no_roads,default_medium1,95,237,1,542.641000,56.820000,1,1,1.000000,1,66,22,900
bug-bug2,with_roads,default_medium1,702,114,1,663.141000,100.527000,1,1,1.113208,1,59,23,900
bug-bug2,with_roads,default_medium1,25,817,1,762.217000,86.913000,1,1,1.057143,1,74,28,900
bug-bug2,with_roads,default_medium1,302,270,1,50.946000,30.694000,1,1,1.000000,1,6,2,900
bug-bug2,with_roads,default_medium1,242,148,1,677.711000,70.709000,1,1,1.178571,0,66,26,900
bug-bug2,with_roads,default_medium1,812,104,1,629.231000,69.291000,1,1,1.031250,1,66,24,900
bug-bug2,with_roads,default_medium1,744,816,1,524.897000,61.173000,1,1,1.000000,1,60,20,900
bug-bug2,with_roads,default_medium1,595,89,1,384.500000,43.546000,1,1,1.205128,1,47,17,900
bug-bug2,with_roads,default_medium1,647,466,1,166.417000,37.683000,1,1,1.000000,1,14,6,900
bug-bug2,with_roads,default_medium1,32,30,1,38.650000,23.301000,1,1,2.000000,0,4,2,900
bug-bug2,with_roads,default_medium1,95,237,1,540.553000,56.861000,1,1,1.578947,0,60,22,900
bug-bug2,no_roads,default_medium2,699,120,1,466.324000,64.020000,1,1,1.000000,1,57,19,900
bug-bug2,no_roads,default_medium2,25,817,1,775.849000,67.901000,1,1,1.000000,1,87,29,900
bug-bug2,no_roads,default_medium2,293,262,1,32.207000,32.207000,1,1,1.000000,1,3,1,900
bug-bug2,no_roads,default_medium2,240,150,1,58.805000,24.716000,1,1,1.000000,1,9,3,900
bug-bug2,no_roads,default_medium2,812,110,1,760.940000,84.606000,1,1,1.076923,1,84,28,900
bug-bug2,no_roads,default_medium2,746,816,1,487.145000,55.956000,1,1,1.000000,1,60,20,900
bug-bug2,no_roads,default_medium2,592,93,1,594.797000,65.088000,1,1,1.000000,1,66,22,900
bug-bug2,no_roads,default_medium2,640,463,1,165.861000,34.856000,1,1,1.000000,1,18,6,900
bug-bug2,no_roads,default_medium2,32,30,1,39.507000,24.778000,1,1,1.000000,1,6,2,900
bug-bug2,no_roads,default_medium2,99,235,1,488.850000,66.393000,1,1,1.058824,0,54,18,900
bug-bug2,with_roads,default_medium2,699,120,1,463.535000,63.562000,1,1,1.896552,1,55,19,900
bug-bug2,with_roads,default_medium2,25,817,1,764.032000,68.347000,1,1,1.051948,1,81,29,900
bug-bug2,with_roads,default_medium2,293,262,1,31.578000,31.578000,1,1,1.000000,1,3,1,900
bug-bug2,with_roads,default_medium2,240,150,1,58.705000,25.045000,1,1,1.125000,0,9,3,900
bug-bug2,with_roads,default_medium2,812,110,1,769.704000,84.067000,1,1,1.055556,1,76,28,900
bug-bug2,with_roads,default_medium2,746,816,1,490.235000,57.037000,1,1,1.000000,1,60,20,900
bug-bug2,with_roads,default_medium2,592,93,1,581.750000,64.392000,1,1,1.833333,1,66,22,900
bug-bug2,with_roads,default_medium2,640,463,1,160.613000,34.329000,1,1,1.000000,1,12,6,900
bug-bug2,with_roads,default_medium2,32,30,1,37.210000,22.781000,1,1,1.000000,1,4,2,900
bug-bug2,with_roads,default_medium2,99,235,1,481.416000,64.264000,1,1,1.058824,0,54,18,900
bug-bug2,no_roads,default_small1,353,57,1,365.374000,39.801000,1,1,1.000000,1,45,15,400
bug-bug2,no_roads,default_small1,12,151,1,173.853000,42.748000,1,1,1.000000,1,21,7,400
bug-bug2,no_roads,default_small1,136,123,1,313.329000,42.373000,1,1,1.000000,1,39,13,400
bug-bug2,no_roads,default_small1,77,52,1,104.361000,25.740000,1,1,1.000000,1,15,5,400
bug-bug2,no_roads,default_small1,372,297,1,156.715000,41.177000,1,1,1.000000,1,18,6,400
bug-bug2,no_roads,default_small1,44,322,1,344.442000,48.082000,1,1,1.000000,1,42,14,400
bug-bug2,no_roads,default_small1,231,16,1,276.058000,49.918000,1,1,1.000000,1,33,11,400
bug-bug2,no_roads,default_small1,15,47,1,160.270000,25.744000,1,1,1.000000,1,24,8,400
bug-bug2,no_roads,default_small1,120,128,1,177.793000,23.761000,1,1,1.000000,1,24,8,400
bug-bug2,no_roads,default_small1,275,333,1,86.590000,34.231000,1,1,1.000000,1,9,3,400
bug-bug2,with_roads,default_small1,353,57,1,370.524000,40.391000,1,1,1.000000,1,45,15,400
bug-bug2,with_roads,default_small1,12,151,1,172.500000,42.430000,1,1,1.000000,1,21,7,400
bug-bug2,with_roads,default_small1,136,123,1,320.580000,41.860000,1,1,1.000000,1,39,13,400
bug-bug2,with_roads,default_small1,77,52,1,105.385000,25.735000,1,1,1.000000,1,15,5,400
bug-bug2,with_roads,default_small1,372,297,1,155.664000,41.558000,1,1,1.000000,1,18,6,400
bug-bug2,with_roads,default_small1,44,322,1,342.092000,45.399000,1,1,1.000000,1,42,14,400
bug-bug2,with_roads,default_small1,231,16,1,278.200000,49.622000,1,1,1.000000,1,33,11,400
bug-bug2,with_roads,default_small1,15,47,1,160.495000,25.852000,1,1,1.000000,1,24,8,400
bug-bug2,with_roads,default_small1,120,128,1,181.987000,26.661000,1,1,1.000000,1,24,8,400
bug-bug2,with_roads,default_small1,275,333,1,85.276000,33.191000,1,1,1.000000,1,9,3,400
bug-bug2,no_roads,default_small2,377,57,1,370.323000,66.925000,1,1,1.000000,1,45,15,441
bug-bug2,no_roads,default_small2,12,429,1,601.424000,100.279000,1,1,1.000000,1,69,23,441
bug-bug2,no_roads,default_small2,158,142,1,121.458000,31.029000,1,1,1.000000,1,15,5,441
bug-bug2,no_roads,default_small2,124,72,1,225.992000,44.609000,1,1,1.000000,1,30,10,441
bug-bug2,no_roads,default_small2,427,52,1,612.953000,100.672000,1,1,1.000000,1,69,23,441
bug-bug2,no_roads,default_small2,396,429,1,194.454000,32.523000,1,1,1.000000,1,27,9,441
bug-bug2,no_roads,default_small2,319,44,1,306.879000,67.144000,1,1,1.000000,1,39,13,441
bug-bug2,no_roads,default_small2,348,241,1,312.745000,71.517000,1,1,1.000000,1,33,11,441
bug-bug2,no_roads,default_small2,16,15,1,21.424000,21.424000,1,1,1.000000,1,3,1,441
bug-bug2,no_roads,default_small2,47,121,1,296.692000,44.367000,1,1,1.000000,1,39,13,441
bug-bug2,with_roads,default_small2,377,57,1,373.217000,67.062000,1,1,1.000000,1,45,15,441
bug-bug2,with_roads,default_small2,12,429,1,591.528000,94.480000,1,1,1.000000,1,67,23,441
bug-bug2,with_roads,default_small2,158,142,1,116.083000,30.637000,1,1,1.000000,1,15,5,441
bug-bug2,with_roads,default_small2,124,72,1,229.271000,45.204000,1,1,1.250000,1,30,10,441
bug-bug2,with_roads,default_small2,427,52,1,593.416000,91.679000,1,1,1.061538,1,69,23,441
bug-bug2,with_roads,default_small2,396,429,1,179.767000,31.086000,1,1,1.000000,1,27,9,441
bug-bug2,with_roads,default_small2,319,44,1,304.970000,66.543000,1,1,1.000000,1,39,13,441
bug-bug2,with_roads,default_small2,348,241,1,302.558000,65.798000,1,1,1.000000,1,33,11,441
bug-bug2,with_roads,default_small2,16,15,1,23.006000,23.006000,1,1,1.000000,1,1,1,441
bug-bug2,with_roads,default_small2,47,121,1,298.591000,44.476000,1,1,1.560000,0,39,13,441
bug-bug2,no_roads,dna,718,123,1,840.628000,128.101000,1,1,1.000000,1,90,30,1050
bug-bug2,no_roads,dna,25,837,1,1193.219000,123.071000,1,1,1.179487,1,138,46,1050
bug-bug2,no_roads,dna,300,269,1,272.482000,37.982000,1,1,1.000000,1,33,11,1050
bug-bug2,no_roads,dna,242,151,1,172.973000,33.447000,1,1,1.000000,1,21,7,1050
bug-bug2,no_roads,dna,832,113,1,1168.416000,188.489000,1,1,1.171429,1,123,41,1050
bug-bug2,no_roads,dna,765,836,1,214.329000,46.256000,1,1,1.000000,1,24,8,1050
bug-bug2,no_roads,dna,1005,611,1,491.296000,58.911000,1,1,1.000000,1,57,19,1050
bug-bug2,no_roads,dna,89,668,1,864.109000,113.151000,1,1,1.142857,1,96,32,1050
bug-bug2,no_roads,dna,478,32,1,592.297000,92.402000,1,1,1.000000,1,66,22,1050
bug-bug2,no_roads,dna,30,104,1,238.386000,28.875000,1,1,1.000000,1,33,11,1050
bug-bug2,with_roads,dna,718,123,1,821.561000,125.517000,1,1,1.000000,1,90,30,1050
bug-bug2,with_roads,dna,25,837,1,1202.150000,122.680000,1,1,1.182609,1,136,46,1050
bug-bug2,with_roads,dna,300,269,1,275.100000,38.145000,1,1,1.000000,1,33,11,1050
bug-bug2,with_roads,dna,242,151,1,170.200000,34.285000,1,1,1.000000,1,21,7,1050
bug-bug2,with_roads,dna,832,113,1,1153.486000,184.460000,1,1,1.171429,1,123,41,1050
bug-bug2,with_roads,dna,765,836,1,219.983000,46.701000,1,1,1.000000,1,24,8,1050
bug-bug2,with_roads,dna,1005,611,1,496.772000,60.500000,1,1,1.000000,1,57,19,1050
bug-bug2,with_roads,dna,89,668,1,856.825000,114.714000,1,1,1.142857,1,96,32,1050
bug-bug2,with_roads,dna,478,32,1,600.281000,93.841000,1,1,1.031250,1,66,22,1050
bug-bug2,with_roads,dna,30,104,1,239.507000,28.961000,1,1,1.736842,0,33,11,1050
bug-bug2,no_roads,donut,652,582,1,63.552000,39.450000,1,1,1.000000,1,6,2,1225
bug-bug2,no_roads,donut,532,328,1,161.832000,35.155000,1,1,1.000000,1,18,6,1225
bug-bug2,no_roads,donut,243,208,1,25.306000,25.306000,1,1,1.000000,1,3,1,1225
bug-bug2,no_roads,donut,520,554,1,29.293000,29.293000,1,1,1.000000,1,3,1,1225
bug-bug2,no_roads,donut,470,997,1,408.136000,65.109000,1,1,1.000000,1,45,15,1225
bug-bug2,no_roads,donut,526,1067,1,407.989000,36.947000,1,1,1.000000,1,48,16,1225
bug-bug2,no_roads,donut,373,1003,1,488.795000,66.410000,1,1,1.000000,1,54,18,1225
bug-bug2,no_roads,donut,817,659,1,458.932000,78.597000,1,1,1.000000,1,51,17,1225
bug-bug2,no_roads,donut,365,510,1,249.539000,60.112000,1,1,1.000000,1,27,9,1225
bug-bug2,no_roads,donut,221,905,1,608.836000,68.711000,1,1,1.000000,1,69,23,1225
bug-bug2,with_roads,donut,652,582,1,60.523000,36.225000,1,1,1.000000,1,6,2,1225
bug-bug2,with_roads,donut,532,328,1,164.832000,36.740000,1,1,1.000000,1,18,6,1225
bug-bug2,with_roads,donut,243,208,1,25.748000,25.748000,1,1,1.000000,1,3,1,1225
bug-bug2,with_roads,donut,520,554,1,30.751000,30.751000,1,1,1.000000,1,3,1,1225
bug-bug2,with_roads,donut,470,997,1,419.571000,68.324000,1,1,1.000000,1,45,15,1225
bug-bug2,with_roads,donut,526,1067,1,414.366000,35.539000,1,1,1.000000,1,48,16,1225
bug-bug2,with_roads,donut,373,1003,1,488.212000,63.912000,1,1,1.000000,1,54,18,1225
bug-bug2,with_roads,donut,817,659,1,466.151000,79.185000,1,1,1.000000,1,51,17,1225
bug-bug2,with_roads,donut,365,510,1,247.219000,60.784000,1,1,1.000000,1,27,9,1225
bug-bug2,with_roads,donut,221,905,1,610.638000,69.382000,1,1,1.000000,1,69,23,1225
bug-bug2,no_roads,drawing_circles_is_hard,1616,264,1,763.573000,112.856000,1,1,1.000000,1,81,27,2500
bug-bug2,no_roads,drawing_circles_is_hard,51,1890,1,1327.071000,138.193000,1,1,1.040816,1,153,51,2500
bug-bug2,no_roads,drawing_circles_is_hard,680,599,1,489.713000,60.634000,1,1,1.000000,1,57,19,2500
bug-bug2,no_roads,drawing_circles_is_hard,545,334,1,311.245000,58.148000,1,1,1.000000,1,33,11,2500
bug-bug2,no_roads,drawing_circles_is_hard,1877,239,1,889.979000,112.559000,1,1,1.000000,1,102,34,2500
bug-bug2,no_roads,drawing_circles_is_hard,1725,1888,1,326.290000,49.629000,1,1,1.000000,1,39,13,2500
bug-bug2,no_roads,drawing_circles_is_hard,2269,1372,1,505.147000,101.692000,1,1,1.000000,1,54,18,2500
bug-bug2,no_roads,drawing_circles_is_hard,201,1497,1,1405.521000,192.777000,1,1,1.061224,1,156,52,2500
bug-bug2,no_roads,drawing_circles_is_hard,1064,71,1,512.425000,73.889000,1,1,1.000000,1,60,20,2500
bug-bug2,no_roads,drawing_circles_is_hard,67,218,1,74.863000,31.485000,1,1,1.000000,1,9,3,2500
bug-bug2,with_roads,drawing_circles_is_hard,1616,264,1,767.446000,111.233000,1,1,1.094595,1,81,27,2500
bug-bug2,with_roads,drawing_circles_is_hard,51,1890,1,1330.108000,132.098000,1,1,1.645161,0,153,51,2500
bug-bug2,with_roads,drawing_circles_is_hard,680,599,1,475.337000,58.092000,1,1,1.000000,1,57,19,2500
bug-bug2,with_roads,drawing_circles_is_hard,545,334,1,303.352000,54.837000,1,1,1.000000,1,33,11,2500
bug-bug2,with_roads,drawing_circles_is_hard,1877,239,1,890.350000,105.883000,1,1,1.041667,1,100,34,2500
bug-bug2,with_roads,drawing_circles_is_hard,1725,1888,1,325.483000,49.399000,1,1,1.000000,1,39,13,2500
bug-bug2,with_roads,drawing_circles_is_hard,2269,1372,1,492.751000,102.987000,1,1,1.000000,1,54,18,2500
bug-bug2,with_roads,drawing_circles_is_hard,201,1497,1,1351.914000,179.610000,1,1,2.142857,0,150,52,2500
bug-bug2,with_roads,drawing_circles_is_hard,1064,71,1,493.036000,66.342000,1,1,1.115385,1,58,20,2500
bug-bug2,with_roads,drawing_circles_is_hard,67,218,1,69.786000,26.865000,1,1,1.000000,1,5,3,2500
bug-bug2,no_roads,e5_series_shinkansen,860,122,1,927.095000,172.722000,1,1,1.156250,1,111,37,1000
bug-bug2,no_roads,e5_series_shinkansen,26,979,1,1584.059000,181.461000,1,1,1.627907,1,210,70,1000
bug-bug2,no_roads,e5_series_shinkansen,333,296,1,331.653000,53.305000,1,1,1.000000,1,42,14,1000
bug-bug2,no_roads,e5_series_shinkansen,244,152,1,912.497000,66.263000,1,1,1.000000,1,126,42,1000
bug-bug2,no_roads,e5_series_shinkansen,974,110,1,1320.400000,160.671000,1,1,1.600000,0,168,56,1000
bug-bug2,no_roads,e5_series_shinkansen,907,978,1,373.603000,41.418000,1,1,1.000000,1,63,21,1000
bug-bug2,no_roads,e5_series_shinkansen,705,95,1,1116.917000,172.195000,1,1,1.021739,1,141,47,1000
bug-bug2,no_roads,e5_series_shinkansen,800,553,1,109.213000,28.783000,1,1,1.000000,1,15,5,1000
bug-bug2,no_roads,e5_series_shinkansen,33,31,1,37.880000,22.121000,1,1,1.000000,1,6,2,1000
bug-bug2,no_roads,e5_series_shinkansen,101,239,1,823.686000,54.417000,1,1,1.000000,1,114,38,1000
bug-bug2,with_roads,e5_series_shinkansen,860,122,1,1201.289000,218.954000,1,1,1.117021,1,105,37,1000
bug-bug2,with_roads,e5_series_shinkansen,26,979,1,2044.861000,225.410000,1,1,1.627907,1,210,70,1000
bug-bug2,with_roads,e5_series_shinkansen,333,296,1,417.632000,67.411000,1,1,1.000000,1,42,14,1000
bug-bug2,with_roads,e5_series_shinkansen,244,152,1,1146.003000,83.002000,1,1,1.068966,1,124,42,1000
bug-bug2,with_roads,e5_series_shinkansen,974,110,1,1629.885000,204.326000,1,1,1.398058,0,144,56,1000
bug-bug2,with_roads,e5_series_shinkansen,907,978,1,470.299000,53.241000,1,1,1.000000,1,63,21,1000
bug-bug2,with_roads,e5_series_shinkansen,705,95,1,1408.857000,219.984000,1,1,1.007463,1,135,47,1000
bug-bug2,with_roads,e5_series_shinkansen,800,553,1,133.785000,33.196000,1,1,1.000000,1,15,5,1000
bug-bug2,with_roads,e5_series_shinkansen,33,31,1,54.513000,33.949000,1,1,1.000000,1,6,2,1000
bug-bug2,with_roads,e5_series_shinkansen,101,239,1,1022.568000,68.483000,1,1,1.098039,0,112,38,1000
bug-bug2,no_roads,face,365,69,1,471.834000,61.763000,1,1,1.000000,1,45,15,400
bug-bug2,no_roads,face,12,154,1,215.780000,53.483000,1,1,1.000000,1,21,7,400
bug-bug2,no_roads,face,139,128,1,305.649000,33.793000,1,1,1.000000,1,33,11,400
bug-bug2,no_roads,face,85,63,1,61.860000,34.610000,1,1,1.000000,1,6,2,400
bug-bug2,no_roads,face,384,309,1,191.361000,49.412000,1,1,1.000000,1,18,6,400
bug-bug2,no_roads,face,49,340,1,435.052000,56.980000,1,1,1.000000,1,45,15,400
bug-bug2,no_roads,face,240,16,1,442.886000,55.129000,1,1,1.000000,1,48,16,400
bug-bug2,no_roads,face,15,57,1,44.736000,24.792000,1,1,1.000000,1,6,2,400
bug-bug2,no_roads,face,125,133,1,242.907000,46.008000,1,1,1.000000,1,24,8,400
bug-bug2,no_roads,face,285,346,1,118.751000,54.196000,1,1,1.000000,1,9,3,400
bug-bug2,with_roads,face,365,69,1,476.898000,69.029000,1,1,1.000000,1,45,15,400
bug-bug2,with_roads,face,12,154,1,216.723000,52.447000,1,1,1.000000,1,21,7,400
bug-bug2,with_roads,face,139,128,1,306.270000,33.991000,1,1,1.000000,1,33,11,400
bug-bug2,with_roads,face,85,63,1,60.750000,34.203000,1,1,1.000000,1,6,2,400
bug-bug2,with_roads,face,384,309,1,191.658000,49.773000,1,1,1.000000,1,18,6,400
bug-bug2,with_roads,face,49,340,1,436.228000,57.461000,1,1,1.000000,1,45,15,400
bug-bug2,with_roads,face,240,16,1,443.954000,55.590000,1,1,1.000000,1,48,16,400
bug-bug2,with_roads,face,15,57,1,48.728000,25.823000,1,1,1.000000,1,6,2,400
bug-bug2,with_roads,face,125,133,1,238.330000,38.626000,1,1,1.000000,1,24,8,400
bug-bug2,with_roads,face,285,346,1,118.578000,54.603000,1,1,1.000000,1,9,3,400
bug-bug2,no_roads,far_lands,982,182,1,871.861000,153.496000,1,1,1.033333,1,93,31,1200
bug-bug2,no_roads,far_lands,47,1093,1,918.730000,128.480000,1,1,1.057143,1,111,37,1200
bug-bug2,no_roads,far_lands,462,416,1,335.557000,62.258000,1,1,1.000000,1,42,14,1200
bug-bug2,no_roads,far_lands,376,220,1,207.678000,56.404000,1,1,1.000000,1,24,8,1200
bug-bug2,no_roads,far_lands,1088,172,1,806.129000,99.663000,1,1,1.000000,1,99,33,1200
bug-bug2,no_roads,far_lands,1022,1092,1,257.913000,34.878000,1,1,1.000000,1,30,10,1200
bug-bug2,no_roads,far_lands,878,153,1,574.109000,89.522000,1,1,1.000000,1,72,24,1200
bug-bug2,no_roads,far_lands,928,728,1,524.607000,73.641000,1,1,1.050000,1,63,21,1200
bug-bug2,no_roads,far_lands,62,57,1,475.058000,64.509000,1,1,1.000000,1,75,25,1200
bug-bug2,no_roads,far_lands,160,366,1,247.311000,58.505000,1,1,1.000000,1,30,10,1200
bug-bug2,with_roads,far_lands,982,182,1,809.029000,147.516000,1,1,1.128571,1,79,31,1200
bug-bug2,with_roads,far_lands,47,1093,1,886.006000,128.324000,1,1,1.121212,0,111,37,1200
bug-bug2,with_roads,far_lands,462,416,1,322.506000,60.114000,1,1,1.000000,1,42,14,1200
bug-bug2,with_roads,far_lands,376,220,1,197.180000,51.780000,1,1,1.000000,1,24,8,1200
bug-bug2,with_roads,far_lands,1088,172,1,798.132000,103.875000,1,1,1.000000,1,99,33,1200
bug-bug2,with_roads,far_lands,1022,1092,1,258.371000,34.800000,1,1,1.000000,1,30,10,1200
bug-bug2,with_roads,far_lands,878,153,1,587.352000,92.722000,1,1,1.160000,1,58,24,1200
bug-bug2,with_roads,far_lands,928,728,1,531.142000,74.232000,1,1,1.050000,1,63,21,1200
bug-bug2,with_roads,far_lands,62,57,1,479.240000,65.817000,1,1,1.098361,1,67,25,1200
bug-bug2,with_roads,far_lands,160,366,1,253.345000,59.091000,1,1,1.120000,1,28,10,1200
bug-bug2,no_roads,first_sound,729,122,1,777.851000,59.947000,1,1,1.000000,1,87,29,861
bug-bug2,no_roads,first_sound,25,859,1,1010.921000,104.784000,1,1,1.000000,1,117,39,861
bug-bug2,no_roads,first_sound,309,271,1,108.444000,34.003000,1,1,1.000000,1,12,4,861
bug-bug2,no_roads,first_sound,247,152,1,298.470000,60.745000,1,1,1.000000,1,33,11,861
bug-bug2,no_roads,first_sound,854,108,1,924.328000,88.015000,1,1,1.000000,1,105,35,861
bug-bug2,no_roads,first_sound,779,858,1,328.108000,62.436000,1,1,1.000000,1,48,16,861
bug-bug2,no_roads,first_sound,622,92,1,699.398000,96.008000,1,1,1.040000,1,78,26,861
bug-bug2,no_roads,first_sound,673,482,1,503.882000,65.054000,1,1,1.000000,1,57,19,861
bug-bug2,no_roads,first_sound,32,30,1,45.341000,25.961000,1,1,1.000000,1,6,2,861
bug-bug2,no_roads,first_sound,98,241,1,187.016000,49.203000,1,1,1.000000,1,21,7,861
bug-bug2,with_roads,first_sound,729,122,1,808.953000,64.270000,1,1,1.000000,1,87,29,861
bug-bug2,with_roads,first_sound,25,859,1,1008.829000,108.483000,1,1,1.000000,1,117,39,861
bug-bug2,with_roads,first_sound,309,271,1,110.309000,34.479000,1,1,1.000000,1,12,4,861
bug-bug2,with_roads,first_sound,247,152,1,297.459000,61.896000,1,1,1.000000,1,33,11,861
bug-bug2,with_roads,first_sound,854,108,1,940.229000,89.773000,1,1,1.000000,1,105,35,861
bug-bug2,with_roads,first_sound,779,858,1,328.305000,62.144000,1,1,1.000000,1,48,16,861
bug-bug2,with_roads,first_sound,622,92,1,718.214000,96.333000,1,1,1.040000,1,78,26,861
bug-bug2,with_roads,first_sound,673,482,1,512.538000,66.691000,1,1,1.000000,1,57,19,861
bug-bug2,with_roads,first_sound,32,30,1,44.818000,25.825000,1,1,1.500000,0,6,2,861
bug-bug2,with_roads,first_sound,98,241,1,187.310000,49.581000,1,1,1.000000,1,21,7,861
bug-bug2,no_roads,flappy_bird,391,340,1,389.090000,74.875000,1,1,1.000000,1,45,15,800
bug-bug2,no_roads,flappy_bird,306,202,1,682.338000,89.785000,1,1,1.037037,1,84,28,800
bug-bug2,no_roads,flappy_bird,152,768,1,948.784000,134.744000,1,1,1.026316,1,117,39,800
bug-bug2,no_roads,flappy_bird,139,301,1,95.133000,29.947000,1,1,1.000000,1,12,4,800
bug-bug2,no_roads,flappy_bird,318,711,1,349.119000,56.407000,1,1,1.000000,1,42,14,800
bug-bug2,no_roads,flappy_bird,39,792,1,428.050000,55.281000,1,1,1.000000,1,57,19,800
bug-bug2,no_roads,flappy_bird,279,768,1,975.783000,135.040000,1,1,1.025641,1,120,40,800
bug-bug2,no_roads,flappy_bird,591,303,1,256.704000,57.444000,1,1,1.000000,1,30,10,800
bug-bug2,no_roads,flappy_bird,8,235,1,1058.131000,124.990000,1,1,1.000000,1,132,44,800
bug-bug2,no_roads,flappy_bird,298,486,1,347.721000,62.551000,1,1,1.000000,1,42,14,800
bug-bug2,with_roads,flappy_bird,391,340,1,391.914000,71.724000,1,1,1.190476,1,25,15,800
bug-bug2,with_roads,flappy_bird,306,202,1,664.160000,71.261000,1,1,1.586207,0,46,28,800
bug-bug2,with_roads,flappy_bird,152,768,1,953.921000,123.811000,1,1,1.409091,1,93,39,800
bug-bug2,with_roads,flappy_bird,139,301,1,95.419000,29.505000,1,1,1.000000,1,8,4,800
bug-bug2,with_roads,flappy_bird,318,711,1,349.365000,56.348000,1,1,1.052632,1,40,14,800
bug-bug2,with_roads,flappy_bird,39,792,1,539.842000,61.007000,1,1,1.037736,1,55,19,800
bug-bug2,with_roads,flappy_bird,279,768,1,973.730000,135.201000,1,1,1.391304,1,96,40,800
bug-bug2,with_roads,flappy_bird,591,303,1,259.854000,57.923000,1,1,1.000000,1,14,10,800
bug-bug2,with_roads,flappy_bird,8,235,1,1066.758000,126.852000,1,1,1.379310,0,80,44,800
bug-bug2,with_roads,flappy_bird,298,486,1,359.817000,62.301000,1,1,1.333333,0,24,14,800
bug-bug2,no_roads,flowers,1512,252,1,1023.060000,122.429000,1,1,1.000000,1,108,36,1849
bug-bug2,no_roads,flowers,52,1752,1,1432.068000,146.889000,1,1,1.039216,1,159,53,1849
bug-bug2,no_roads,flowers,654,577,1,225.626000,35.724000,1,1,1.000000,1,27,9,1849
bug-bug2,no_roads,flowers,511,314,1,644.785000,76.918000,1,1,1.000000,1,75,25,1849
bug-bug2,no_roads,flowers,1741,229,1,1129.349000,127.214000,1,1,1.047619,1,132,44,1849
bug-bug2,no_roads,flowers,1597,1749,1,558.890000,82.973000,1,1,1.000000,1,69,23,1849
bug-bug2,no_roads,flowers,1276,194,1,659.455000,77.285000,1,1,1.000000,1,75,25,1849
bug-bug2,no_roads,flowers,1403,997,1,682.638000,93.263000,1,1,1.000000,1,78,26,1849
bug-bug2,no_roads,flowers,67,63,1,77.175000,26.312000,1,1,1.000000,1,12,4,1849
bug-bug2,no_roads,flowers,211,498,1,354.643000,46.718000,1,1,1.000000,1,42,14,1849
bug-bug2,with_roads,flowers,1512,252,1,1017.254000,131.461000,1,1,1.191011,1,106,36,1849
bug-bug2,with_roads,flowers,52,1752,1,1422.012000,146.466000,1,1,1.863636,1,123,53,1849
bug-bug2,with_roads,flowers,654,577,1,231.135000,37.391000,1,1,1.000000,1,27,9,1849
bug-bug2,with_roads,flowers,511,314,1,657.701000,72.584000,1,1,1.203390,1,71,25,1849
bug-bug2,with_roads,flowers,1741,229,1,1161.668000,131.941000,1,1,1.709091,1,94,44,1849
bug-bug2,with_roads,flowers,1597,1749,1,585.364000,87.732000,1,1,1.254545,1,69,23,1849
bug-bug2,with_roads,flowers,1276,194,1,674.893000,76.411000,1,1,1.220000,1,61,25,1849
bug-bug2,with_roads,flowers,1403,997,1,673.699000,80.201000,1,1,1.421053,1,54,26,1849
bug-bug2,with_roads,flowers,67,63,1,77.938000,27.177000,1,1,1.000000,1,12,4,1849
bug-bug2,with_roads,flowers,211,498,1,378.020000,47.576000,1,1,1.000000,1,42,14,1849
bug-bug2,no_roads,galaxy,1443,233,1,986.898000,117.745000,1,1,1.090909,1,108,36,1600
bug-bug2,no_roads,galaxy,51,602,1,376.316000,37.568000,1,1,1.000000,1,42,14,1600
bug-bug2,no_roads,galaxy,531,480,1,398.157000,58.159000,1,1,1.071429,0,45,15,1600
bug-bug2,no_roads,galaxy,295,211,1,232.517000,52.147000,1,1,1.000000,1,24,8,1600
bug-bug2,no_roads,galaxy,1519,1238,1,148.383000,27.854000,1,1,1.000000,1,21,7,1600
bug-bug2,no_roads,galaxy,180,1335,1,774.622000,82.576000,1,1,1.000000,1,87,29,1600
bug-bug2,no_roads,galaxy,955,65,1,586.363000,60.612000,1,1,1.000000,1,66,22,1600
bug-bug2,no_roads,galaxy,61,193,1,289.070000,31.226000,1,1,1.000000,1,36,12,1600
bug-bug2,no_roads,galaxy,470,502,1,208.082000,35.947000,1,1,1.000000,1,24,8,1600
bug-bug2,no_roads,galaxy,1154,1361,1,849.562000,56.506000,1,1,1.000000,1,99,33,1600
bug-bug2,with_roads,galaxy,1443,233,1,982.967000,105.074000,1,1,1.090909,1,108,36,1600
bug-bug2,with_roads,galaxy,51,602,1,369.632000,36.448000,1,1,1.111111,1,40,14,1600
bug-bug2,with_roads,galaxy,531,480,1,406.305000,61.398000,1,1,1.275862,1,37,15,1600
bug-bug2,with_roads,galaxy,295,211,1,222.825000,50.478000,1,1,1.333333,1,16,8,1600
bug-bug2,with_roads,galaxy,1519,1238,1,145.880000,26.762000,1,1,1.000000,1,21,7,1600
bug-bug2,with_roads,galaxy,180,1335,1,759.044000,83.016000,1,1,1.051948,1,81,29,1600
bug-bug2,with_roads,galaxy,955,65,1,581.194000,58.588000,1,1,1.000000,1,66,22,1600
bug-bug2,with_roads,galaxy,61,193,1,297.852000,31.316000,1,1,1.000000,1,36,12,1600
bug-bug2,with_roads,galaxy,470,502,1,203.422000,34.530000,1,1,1.000000,1,24,8,1600
bug-bug2,with_roads,galaxy,1154,1361,1,852.321000,55.308000,1,1,1.000000,1,99,33,1600
bug-bug2,no_roads,gaussian,124,25,1,169.160000,47.606000,1,1,1.142857,0,24,8,700
bug-bug2,no_roads,gaussian,308,273,1,32.871000,32.871000,1,1,1.000000,1,3,1,700
bug-bug2,no_roads,gaussian,249,156,1,312.365000,54.750000,1,1,1.000000,1,36,12,700
bug-bug2,no_roads,gaussian,111,631,1,355.857000,38.256000,1,1,1.000000,1,45,15,700
bug-bug2,no_roads,gaussian,96,687,1,442.580000,50.463000,1,1,1.000000,1,51,17,700
bug-bug2,no_roads,gaussian,482,32,1,429.715000,57.249000,1,1,1.307692,0,51,17,700
bug-bug2,no_roads,gaussian,30,102,1,41.241000,23.350000,1,1,1.000000,1,6,2,700
bug-bug2,no_roads,gaussian,244,260,1,468.189000,47.248000,1,1,1.000000,1,57,19,700
bug-bug2,no_roads,gaussian,582,27,1,434.237000,60.340000,1,1,1.000000,1,48,16,700
bug-bug2,no_roads,gaussian,651,222,1,434.647000,88.264000,1,1,1.000000,1,45,15,700
bug-bug2,with_roads,gaussian,124,25,1,167.886000,46.767000,1,1,1.142857,0,24,8,700
bug-bug2,with_roads,gaussian,308,273,1,32.354000,32.354000,1,1,1.000000,1,3,1,700
bug-bug2,with_roads,gaussian,249,156,1,329.163000,49.777000,1,1,1.250000,1,30,12,700
bug-bug2,with_roads,gaussian,111,631,1,348.645000,37.965000,1,1,1.303030,1,43,15,700
bug-bug2,with_roads,gaussian,96,687,1,438.074000,52.325000,1,1,1.307692,0,51,17,700
bug-bug2,with_roads,gaussian,482,32,1,432.077000,57.508000,1,1,1.307692,0,51,17,700
bug-bug2,with_roads,gaussian,30,102,1,41.529000,23.319000,1,1,1.000000,1,6,2,700
bug-bug2,with_roads,gaussian,244,260,1,476.006000,48.417000,1,1,1.122449,1,55,19,700
bug-bug2,with_roads,gaussian,582,27,1,425.555000,60.016000,1,1,1.333333,0,48,16,700
bug-bug2,with_roads,gaussian,651,222,1,401.342000,64.758000,1,1,1.347826,1,31,15,700
bug-bug2,no_roads,git_branches,51,608,1,272.730000,33.412000,1,1,1.000000,1,33,11,1750
bug-bug2,no_roads,git_branches,285,209,1,673.580000,43.707000,1,1,1.000000,1,78,26,1750
bug-bug2,no_roads,git_branches,1669,1350,1,465.717000,66.815000,1,1,1.000000,1,57,19,1750
bug-bug2,no_roads,git_branches,1011,65,1,825.445000,113.463000,1,1,1.500000,0,90,30,1750
bug-bug2,no_roads,git_branches,61,191,1,687.306000,38.762000,1,1,1.000000,1,90,30,1750
bug-bug2,no_roads,git_branches,453,508,1,128.872000,33.488000,1,1,1.000000,1,15,5,1750
bug-bug2,no_roads,git_branches,54,1386,1,1217.339000,167.880000,1,1,1.097561,1,135,45,1750
bug-bug2,no_roads,git_branches,1720,1350,1,461.001000,53.135000,1,1,1.000000,1,60,20,1750
bug-bug2,no_roads,git_branches,1006,457,1,292.917000,62.759000,1,1,1.000000,1,33,11,1750
bug-bug2,no_roads,git_branches,615,13,1,587.089000,85.241000,1,1,1.100000,1,66,22,1750
bug-bug2,with_roads,git_branches,51,608,1,284.071000,39.236000,1,1,1.000000,1,33,11,1750
bug-bug2,with_roads,git_branches,285,209,1,695.241000,44.832000,1,1,1.407407,1,76,26,1750
bug-bug2,with_roads,git_branches,1669,1350,1,470.972000,66.173000,1,1,1.000000,1,57,19,1750
bug-bug2,with_roads,git_branches,1011,65,1,782.660000,115.863000,1,1,1.688889,1,76,30,1750
bug-bug2,with_roads,git_branches,61,191,1,697.250000,40.136000,1,1,1.343750,0,86,30,1750
bug-bug2,with_roads,git_branches,453,508,1,130.143000,34.462000,1,1,1.000000,1,15,5,1750
bug-bug2,with_roads,git_branches,54,1386,1,1357.829000,176.196000,1,1,1.578313,0,131,47,1750
bug-bug2,with_roads,git_branches,1720,1350,1,477.913000,55.515000,1,1,1.000000,1,60,20,1750
bug-bug2,with_roads,git_branches,1006,457,1,311.997000,63.925000,1,1,1.000000,1,33,11,1750
bug-bug2,with_roads,git_branches,615,13,1,620.392000,88.392000,1,1,1.785714,1,50,22,1750
bug-bug2,no_roads,gosper_glider_gun,1369,242,1,709.286000,71.186000,1,1,1.000000,1,72,24,2000
bug-bug2,no_roads,gosper_glider_gun,51,1585,1,1194.564000,49.441000,1,1,1.000000,1,102,34,2000
bug-bug2,no_roads,gosper_glider_gun,601,536,1,955.183000,67.322000,1,1,1.000000,1,105,35,2000
bug-bug2,no_roads,gosper_glider_gun,491,305,1,986.373000,66.202000,1,1,1.000000,1,108,36,2000
bug-bug2,no_roads,gosper_glider_gun,1574,219,1,918.864000,79.778000,1,1,1.000000,1,81,27,2000
bug-bug2,no_roads,gosper_glider_gun,1448,1583,1,391.652000,38.010000,1,1,1.000000,1,45,15,2000
bug-bug2,no_roads,gosper_glider_gun,1925,1168,1,436.032000,63.171000,1,1,1.066667,1,48,16,2000
bug-bug2,no_roads,gosper_glider_gun,185,1264,1,626.068000,64.951000,1,1,1.000000,1,66,22,2000
bug-bug2,no_roads,gosper_glider_gun,910,65,1,628.875000,52.703000,1,1,1.000000,1,51,17,2000
bug-bug2,no_roads,gosper_glider_gun,61,200,1,263.984000,33.738000,1,1,1.000000,1,33,11,2000
bug-bug2,with_roads,gosper_glider_gun,1369,242,1,671.851000,72.486000,1,1,1.000000,1,66,24,2000
bug-bug2,with_roads,gosper_glider_gun,51,1585,1,938.218000,53.353000,1,1,1.593750,0,102,34,2000
bug-bug2,with_roads,gosper_glider_gun,601,536,1,947.249000,68.699000,1,1,1.736842,0,99,35,2000
bug-bug2,with_roads,gosper_glider_gun,491,305,1,962.761000,66.469000,1,1,1.730769,1,90,36,2000
bug-bug2,with_roads,gosper_glider_gun,1574,219,1,733.777000,77.256000,1,1,1.452830,1,77,27,2000
bug-bug2,with_roads,gosper_glider_gun,1448,1583,1,388.112000,34.070000,1,1,1.000000,1,45,15,2000
bug-bug2,with_roads,gosper_glider_gun,1925,1168,1,619.312000,60.678000,1,1,1.066667,1,48,16,2000
bug-bug2,with_roads,gosper_glider_gun,185,1264,1,600.873000,64.466000,1,1,1.000000,1,60,22,2000
bug-bug2,with_roads,gosper_glider_gun,910,65,1,448.614000,43.084000,1,1,1.139535,1,49,17,2000
bug-bug2,with_roads,gosper_glider_gun,61,200,1,258.812000,32.147000,1,1,1.631579,0,31,11,2000
bug-bug2,no_roads,hooks,753,123,1,731.988000,88.262000,1,1,1.000000,1,84,28,961
bug-bug2,no_roads,hooks,25,879,1,875.114000,97.262000,1,1,1.172414,1,102,34,961
bug-bug2,no_roads,hooks,318,279,1,213.449000,51.444000,1,1,1.000000,1,24,8,961
bug-bug2,no_roads,hooks,254,153,1,600.825000,94.540000,1,1,1.000000,1,69,23,961
bug-bug2,no_roads,hooks,874,107,1,758.005000,104.698000,1,1,1.037037,0,84,28,961
bug-bug2,no_roads,hooks,803,878,1,442.802000,62.689000,1,1,1.000000,1,54,18,961
bug-bug2,no_roads,hooks,643,91,1,479.413000,74.307000,1,1,1.000000,1,54,18,961
bug-bug2,no_roads,hooks,700,495,1,294.054000,36.857000,1,1,1.000000,1,36,12,961
bug-bug2,no_roads,hooks,32,30,1,492.888000,38.461000,1,1,1.000000,1,87,29,961
bug-bug2,no_roads,hooks,97,249,1,113.699000,30.817000,1,1,1.000000,1,15,5,961
bug-bug2,with_roads,hooks,753,123,1,733.962000,91.130000,1,1,1.028571,1,72,28,961
bug-bug2,with_roads,hooks,25,879,1,900.365000,98.416000,1,1,1.139241,1,90,34,961
bug-bug2,with_roads,hooks,318,279,1,215.469000,51.795000,1,1,1.200000,0,24,8,961
bug-bug2,with_roads,hooks,254,153,1,600.492000,84.348000,1,1,1.274510,1,65,23,961
bug-bug2,with_roads,hooks,874,107,1,749.991000,99.507000,1,1,1.301587,0,82,28,961
bug-bug2,with_roads,hooks,803,878,1,435.833000,62.507000,1,1,1.000000,1,54,18,961
bug-bug2,with_roads,hooks,643,91,1,466.007000,69.951000,1,1,1.041667,1,50,18,961
bug-bug2,with_roads,hooks,700,495,1,296.468000,36.373000,1,1,1.096774,1,34,12,961
bug-bug2,with_roads,hooks,32,30,1,492.846000,38.235000,1,1,1.279412,0,87,29,961
bug-bug2,with_roads,hooks,97,249,1,120.842000,32.205000,1,1,1.000000,1,13,5,961
bug-bug2,no_roads,hopscotch,275,62,1,699.320000,107.029000,1,1,1.000000,1,81,27,1240
bug-bug2,no_roads,hopscotch,658,592,1,130.972000,51.794000,1,1,1.000000,1,12,4,1240
bug-bug2,no_roads,hopscotch,532,336,1,744.985000,139.569000,1,1,1.000000,1,78,26,1240
bug-bug2,no_roads,hopscotch,247,213,1,68.346000,26.221000,1,1,1.000000,1,9,3,1240
bug-bug2,no_roads,hopscotch,1004,77,1,1072.266000,269.778000,1,1,1.000000,1,111,37,1240
bug-bug2,no_roads,hopscotch,73,227,1,234.239000,46.633000,1,1,1.000000,1,30,10,1240
bug-bug2,no_roads,hopscotch,522,554,1,32.234000,32.234000,1,1,1.000000,1,3,1,1240
bug-bug2,no_roads,hopscotch,1189,65,1,930.471000,53.524000,1,1,1.000000,1,108,36,1240
bug-bug2,no_roads,hopscotch,477,999,1,659.707000,91.198000,1,1,1.000000,1,69,23,1240
bug-bug2,no_roads,hopscotch,526,1067,1,933.450000,119.728000,1,1,1.200000,1,108,36,1240
bug-bug2,with_roads,hopscotch,275,62,1,700.092000,114.696000,1,1,1.184211,1,45,27,1240
bug-bug2,with_roads,hopscotch,658,592,1,121.595000,37.907000,1,1,1.000000,1,12,4,1240
bug-bug2,with_roads,hopscotch,532,336,1,753.562000,133.767000,1,1,1.173913,1,54,26,1240
bug-bug2,with_roads,hopscotch,247,213,1,69.991000,26.857000,1,1,1.000000,1,9,3,1240
bug-bug2,with_roads,hopscotch,1004,77,1,1129.480000,302.033000,1,1,1.082474,1,105,37,1240
bug-bug2,with_roads,hopscotch,73,227,1,236.714000,48.705000,1,1,1.200000,1,24,10,1240
bug-bug2,with_roads,hopscotch,522,554,1,34.544000,34.544000,1,1,1.000000,1,3,1,1240
bug-bug2,with_roads,hopscotch,1189,65,1,981.731000,55.215000,1,1,1.159091,1,102,36,1240
bug-bug2,with_roads,hopscotch,477,999,1,639.735000,90.297000,1,1,1.000000,1,65,23,1240
bug-bug2,with_roads,hopscotch,526,1067,1,921.836000,111.580000,1,1,1.200000,1,108,36,1240
bug-bug2,no_roads,hourglass,265,61,1,371.537000,46.474000,1,1,1.000000,1,45,15,1215
bug-bug2,no_roads,hourglass,525,330,1,183.586000,36.070000,1,1,1.000000,1,21,7,1215
bug-bug2,no_roads,hourglass,988,76,1,869.116000,83.604000,1,1,1.000000,1,102,34,1215
bug-bug2,no_roads,hourglass,71,225,1,200.623000,31.905000,1,1,1.000000,1,24,8,1215
bug-bug2,no_roads,hourglass,513,546,1,144.124000,27.235000,1,1,1.000000,1,18,6,1215
bug-bug2,no_roads,hourglass,467,983,1,506.125000,61.746000,1,1,1.000000,1,57,19,1215
bug-bug2,no_roads,hourglass,232,846,1,586.034000,53.209000,1,1,1.000000,1,69,23,1215
bug-bug2,no_roads,hourglass,810,621,1,134.742000,26.563000,1,1,1.000000,1,21,7,1215
bug-bug2,no_roads,hourglass,103,1075,1,916.081000,84.648000,1,1,1.000000,1,108,36,1215
bug-bug2,no_roads,hourglass,295,889,1,442.575000,34.205000,1,1,1.000000,1,66,22,1215
bug-bug2,with_roads,hourglass,265,61,1,372.278000,44.009000,1,1,1.000000,1,45,15,1215
bug-bug2,with_roads,hourglass,525,330,1,183.633000,36.457000,1,1,1.000000,1,21,7,1215
bug-bug2,with_roads,hourglass,988,76,1,894.177000,84.274000,1,1,1.000000,1,102,34,1215
bug-bug2,with_roads,hourglass,71,225,1,203.471000,31.320000,1,1,1.000000,1,24,8,1215
bug-bug2,with_roads,hourglass,513,546,1,151.052000,28.543000,1,1,1.000000,1,18,6,1215
bug-bug2,with_roads,hourglass,467,983,1,520.958000,62.308000,1,1,1.000000,1,57,19,1215
bug-bug2,with_roads,hourglass,232,846,1,610.977000,54.245000,1,1,1.000000,1,69,23,1215
bug-bug2,with_roads,hourglass,810,621,1,130.178000,26.155000,1,1,1.000000,1,21,7,1215
bug-bug2,with_roads,hourglass,103,1075,1,921.306000,92.960000,1,1,1.000000,1,108,36,1215
bug-bug2,with_roads,hourglass,295,889,1,435.793000,33.963000,1,1,1.000000,1,66,22,1215
bug-bug2,no_roads,impossible_knot,1502,251,1,578.650000,51.631000,1,1,1.000000,1,75,25,2000
bug-bug2,no_roads,impossible_knot,51,1749,1,1930.923000,248.181000,1,1,1.046154,1,204,68,2000
bug-bug2,no_roads,impossible_knot,648,576,1,721.797000,116.060000,1,1,1.041667,1,75,25,2000
bug-bug2,no_roads,impossible_knot,521,316,1,374.439000,68.904000,1,1,1.000000,1,39,13,2000
bug-bug2,no_roads,impossible_knot,1737,229,1,1802.343000,203.974000,1,1,1.682927,0,207,69,2000
bug-bug2,no_roads,impossible_knot,1597,1747,1,74.408000,29.903000,1,1,1.000000,1,9,3,2000
bug-bug2,no_roads,impossible_knot,1276,191,1,1022.550000,140.506000,1,1,1.028571,1,108,36,2000
bug-bug2,no_roads,impossible_knot,1382,991,1,1149.807000,138.316000,1,1,1.200000,1,126,42,2000
bug-bug2,no_roads,impossible_knot,65,61,1,85.123000,29.828000,1,1,1.000000,1,12,4,2000
bug-bug2,no_roads,impossible_knot,204,509,1,463.822000,76.407000,1,1,1.000000,1,54,18,2000
bug-bug2,with_roads,impossible_knot,1502,251,1,537.312000,52.885000,1,1,1.489796,1,73,25,2000
bug-bug2,with_roads,impossible_knot,51,1749,1,1823.095000,237.489000,1,1,1.619835,0,196,68,2000
bug-bug2,with_roads,impossible_knot,648,576,1,861.023000,145.013000,1,1,1.041667,1,75,25,2000
bug-bug2,with_roads,impossible_knot,521,316,1,360.640000,65.067000,1,1,1.054054,1,39,13,2000
bug-bug2,with_roads,impossible_knot,1737,229,1,1804.583000,207.089000,1,1,1.682927,0,207,69,2000
bug-bug2,with_roads,impossible_knot,1597,1747,1,74.087000,30.952000,1,1,1.000000,1,9,3,2000
bug-bug2,with_roads,impossible_knot,1276,191,1,980.350000,145.319000,1,1,1.028571,1,108,36,2000
bug-bug2,with_roads,impossible_knot,1382,991,1,1101.106000,137.702000,1,1,1.200000,1,126,42,2000
bug-bug2,with_roads,impossible_knot,65,61,1,84.954000,30.435000,1,1,1.666667,0,10,4,2000
bug-bug2,with_roads,impossible_knot,204,509,1,456.734000,75.533000,1,1,1.428571,0,40,18,2000
bug-bug2,no_roads,labyrinth,1883,319,1,5860.178000,762.126000,1,1,1.000000,1,708,236,2500
bug-bug2,no_roads,labyrinth,55,2189,1,5594.812000,1152.327000,1,1,1.000000,1,651,217,2500
bug-bug2,no_roads,labyrinth,804,707,1,73.230000,31.343000,1,1,1.000000,1,9,3,2500
bug-bug2,no_roads,labyrinth,651,389,1,1750.991000,537.641000,1,1,1.000000,1,168,56,2500
bug-bug2,no_roads,labyrinth,2179,287,1,4603.205000,992.173000,1,1,1.000000,1,516,172,2500
bug-bug2,no_roads,labyrinth,2005,2187,1,1671.553000,252.849000,1,1,1.000000,1,210,70,2500
bug-bug2,no_roads,labyrinth,1607,228,1,2949.367000,349.628000,1,1,1.000000,1,384,128,2500
bug-bug2,no_roads,labyrinth,1739,1243,1,4417.016000,619.402000,1,1,1.000000,1,546,182,2500
bug-bug2,no_roads,labyrinth,71,66,1,163.310000,43.759000,1,1,1.000000,1,21,7,2500
bug-bug2,no_roads,labyrinth,243,639,1,361.986000,80.050000,1,1,1.000000,1,42,14,2500
bug-bug2,with_roads,labyrinth,1883,319,1,6035.371000,936.890000,1,1,1.107981,1,472,236,2500
bug-bug2,with_roads,labyrinth,55,2189,1,5690.496000,1143.163000,1,1,1.204204,0,401,217,2500
bug-bug2,with_roads,labyrinth,804,707,1,74.777000,33.043000,1,1,1.000000,1,9,3,2500
bug-bug2,with_roads,labyrinth,651,389,1,1723.129000,366.896000,1,1,1.195122,1,98,56,2500
bug-bug2,with_roads,labyrinth,2179,287,1,4602.779000,998.034000,1,1,1.125000,1,306,172,2500
bug-bug2,with_roads,labyrinth,2005,2187,1,1843.338000,368.805000,1,1,1.019417,1,210,70,2500
bug-bug2,with_roads,labyrinth,1607,228,1,2984.530000,351.971000,1,1,1.187050,1,165,129,2500
bug-bug2,with_roads,labyrinth,1739,1243,1,4365.030000,571.628000,1,1,1.089005,1,416,182,2500
bug-bug2,with_roads,labyrinth,71,66,1,167.483000,44.575000,1,1,1.375000,0,11,7,2500
bug-bug2,with_roads,labyrinth,243,639,1,352.092000,79.602000,1,1,1.000000,1,32,14,2500
bug-bug2,no_roads,landscape,714,114,1,528.045000,87.295000,1,1,1.000000,1,60,20,900
bug-bug2,no_roads,landscape,25,819,1,701.698000,59.217000,1,1,1.000000,1,81,27,900
bug-bug2,no_roads,landscape,303,267,1,591.427000,52.526000,1,1,1.000000,1,72,24,900
bug-bug2,no_roads,landscape,242,142,1,498.134000,51.560000,1,1,1.000000,1,60,20,900
bug-bug2,no_roads,landscape,814,104,1,770.812000,132.495000,1,1,1.000000,1,72,24,900
bug-bug2,no_roads,landscape,752,818,1,152.254000,33.656000,1,1,1.000000,1,18,6,900
bug-bug2,no_roads,landscape,588,89,1,525.742000,111.768000,1,1,1.000000,1,54,18,900
bug-bug2,no_roads,landscape,651,462,1,254.069000,50.174000,1,1,1.000000,1,27,9,900
bug-bug2,no_roads,landscape,32,30,1,37.963000,23.391000,1,1,1.000000,1,6,2,900
bug-bug2,no_roads,landscape,95,236,1,491.420000,36.484000,1,1,1.000000,1,63,21,900
bug-bug2,with_roads,landscape,714,114,1,557.105000,102.506000,1,1,1.000000,1,60,20,900
bug-bug2,with_roads,landscape,25,819,1,805.888000,63.224000,1,1,1.000000,1,81,27,900
bug-bug2,with_roads,landscape,303,267,1,642.705000,60.833000,1,1,1.000000,1,72,24,900
bug-bug2,with_roads,landscape,242,142,1,485.152000,53.647000,1,1,1.052632,0,60,20,900
bug-bug2,with_roads,landscape,814,104,1,653.631000,66.651000,1,1,1.090909,1,72,24,900
bug-bug2,with_roads,landscape,752,818,1,151.803000,33.734000,1,1,1.000000,1,18,6,900
bug-bug2,with_roads,landscape,588,89,1,445.673000,74.549000,1,1,1.000000,1,54,18,900
bug-bug2,with_roads,landscape,651,462,1,278.952000,51.003000,1,1,1.000000,1,27,9,900
bug-bug2,with_roads,landscape,32,30,1,50.368000,35.891000,1,1,1.000000,1,4,2,900
bug-bug2,with_roads,landscape,95,236,1,508.109000,43.846000,1,1,1.000000,1,63,21,900
bug-bug2,no_roads,maimai,852,143,1,1389.097000,167.984000,1,1,1.365854,1,168,56,1050
bug-bug2,no_roads,maimai,32,991,1,513.856000,83.752000,1,1,1.000000,1,57,19,1050
bug-bug2,no_roads,maimai,363,325,1,497.273000,93.682000,1,1,1.000000,1,42,14,1050
bug-bug2,no_roads,maimai,297,181,1,443.989000,66.129000,1,1,1.000000,1,48,16,1050
bug-bug2,no_roads,maimai,986,132,1,450.849000,72.583000,1,1,1.000000,1,51,17,1050
bug-bug2,no_roads,maimai,911,990,1,579.454000,75.410000,1,1,1.000000,1,87,29,1050
bug-bug2,no_roads,maimai,720,114,1,289.082000,57.441000,1,1,1.000000,1,36,12,1050
bug-bug2,no_roads,maimai,783,554,1,1071.140000,129.829000,1,1,1.586207,1,138,46,1050
bug-bug2,no_roads,maimai,46,44,1,39.450000,23.408000,1,1,1.000000,1,6,2,1050
bug-bug2,no_roads,maimai,122,291,1,446.158000,63.443000,1,1,1.000000,1,57,19,1050
bug-bug2,with_roads,maimai,852,143,1,1620.437000,182.672000,1,1,2.186667,1,164,56,1050
bug-bug2,with_roads,maimai,32,991,1,495.955000,73.011000,1,1,1.000000,1,57,19,1050
bug-bug2,with_roads,maimai,363,325,1,355.152000,78.898000,1,1,1.025641,1,40,14,1050
bug-bug2,with_roads,maimai,297,181,1,404.645000,59.985000,1,1,1.600000,1,48,16,1050
bug-bug2,with_roads,maimai,986,132,1,440.771000,65.457000,1,1,1.000000,1,51,17,1050
bug-bug2,with_roads,maimai,911,990,1,574.738000,73.414000,1,1,1.000000,1,87,29,1050
bug-bug2,with_roads,maimai,720,114,1,294.200000,57.768000,1,1,1.000000,1,36,12,1050
bug-bug2,with_roads,maimai,783,554,1,1161.105000,134.264000,1,1,1.586207,1,138,46,1050
bug-bug2,with_roads,maimai,46,44,1,42.976000,26.902000,1,1,1.000000,1,6,2,1050
bug-bug2,with_roads,maimai,122,291,1,473.508000,65.661000,1,1,1.593750,0,51,19,1050
bug-bug2,no_roads,mandelbrot,1465,250,1,830.268000,117.358000,1,1,1.000000,1,87,29,2050
bug-bug2,no_roads,mandelbrot,52,1700,1,1025.008000,99.074000,1,1,1.076923,1,126,42,2050
bug-bug2,no_roads,mandelbrot,625,560,1,422.740000,56.201000,1,1,1.000000,1,45,15,2050
bug-bug2,no_roads,mandelbrot,514,315,1,119.154000,36.665000,1,1,1.000000,1,12,4,2050
bug-bug2,no_roads,mandelbrot,1688,219,1,835.793000,63.710000,1,1,1.000000,1,87,29,2050
bug-bug2,no_roads,mandelbrot,1548,1698,1,66.906000,27.842000,1,1,1.000000,1,9,3,2050
bug-bug2,no_roads,mandelbrot,2044,1255,1,1055.529000,89.691000,1,1,1.000000,1,120,40,2050
bug-bug2,no_roads,mandelbrot,188,1359,1,994.737000,117.644000,1,1,1.060606,1,105,35,2050
bug-bug2,no_roads,mandelbrot,62,201,1,315.706000,42.405000,1,1,1.000000,1,33,11,2050
bug-bug2,no_roads,mandelbrot,501,534,1,866.975000,63.583000,1,1,1.000000,1,99,33,2050
bug-bug2,with_roads,mandelbrot,1465,250,1,817.584000,129.054000,1,1,1.000000,1,87,29,2050
bug-bug2,with_roads,mandelbrot,52,1700,1,1005.731000,98.232000,1,1,1.076923,1,126,42,2050
bug-bug2,with_roads,mandelbrot,625,560,1,408.559000,56.982000,1,1,1.250000,1,45,15,2050
bug-bug2,with_roads,mandelbrot,514,315,1,115.548000,35.320000,1,1,1.000000,1,12,4,2050
bug-bug2,with_roads,mandelbrot,1688,219,1,791.608000,59.926000,1,1,1.051948,1,81,29,2050
bug-bug2,with_roads,mandelbrot,1548,1698,1,67.569000,28.060000,1,1,1.000000,1,9,3,2050
bug-bug2,with_roads,mandelbrot,2044,1255,1,1042.624000,89.304000,1,1,1.000000,1,120,40,2050
bug-bug2,with_roads,mandelbrot,188,1359,1,975.542000,110.735000,1,1,1.117647,1,95,35,2050
bug-bug2,with_roads,mandelbrot,62,201,1,265.652000,33.274000,1,1,1.736842,0,33,11,2050
bug-bug2,with_roads,mandelbrot,501,534,1,878.190000,60.593000,1,1,1.434783,1,99,33,2050
bug-bug2,no_roads,mark_of_the_sun_god,127,25,1,83.131000,35.856000,1,1,1.000000,1,12,4,676
bug-bug2,no_roads,mark_of_the_sun_god,323,287,1,305.672000,62.570000,1,1,1.000000,1,33,11,676
bug-bug2,no_roads,mark_of_the_sun_god,261,161,1,92.348000,27.198000,1,1,1.000000,1,12,4,676
bug-bug2,no_roads,mark_of_the_sun_god,111,648,1,1136.823000,139.768000,1,1,1.047619,1,132,44,676
bug-bug2,no_roads,mark_of_the_sun_god,96,501,1,620.607000,96.389000,1,1,1.000000,1,78,26,676
bug-bug2,no_roads,mark_of_the_sun_god,32,30,1,44.313000,25.205000,1,1,1.000000,1,6,2,676
bug-bug2,no_roads,mark_of_the_sun_god,102,253,1,1042.803000,88.665000,1,1,1.046512,1,135,45,676
bug-bug2,no_roads,mark_of_the_sun_god,273,607,1,1038.755000,107.828000,1,1,1.428571,0,120,40,676
bug-bug2,no_roads,mark_of_the_sun_god,27,664,1,1198.264000,121.095000,1,1,1.043478,1,144,48,676
bug-bug2,no_roads,mark_of_the_sun_god,232,648,1,1392.181000,104.827000,1,1,1.033333,1,186,62,676
bug-bug2,with_roads,mark_of_the_sun_god,127,25,1,80.459000,33.622000,1,1,1.000000,1,12,4,676
bug-bug2,with_roads,mark_of_the_sun_god,323,287,1,306.759000,62.507000,1,1,1.307692,0,17,11,676
bug-bug2,with_roads,mark_of_the_sun_god,261,161,1,93.670000,27.438000,1,1,1.000000,1,12,4,676
bug-bug2,with_roads,mark_of_the_sun_god,111,648,1,1146.881000,136.997000,1,1,1.223404,1,115,45,676
bug-bug2,with_roads,mark_of_the_sun_god,96,501,1,621.415000,95.475000,1,1,1.121212,1,74,26,676
bug-bug2,with_roads,mark_of_the_sun_god,32,30,1,44.747000,25.568000,1,1,1.000000,1,6,2,676
bug-bug2,with_roads,mark_of_the_sun_god,102,253,1,1050.759000,86.741000,1,1,1.154639,1,112,46,676
bug-bug2,with_roads,mark_of_the_sun_god,273,607,1,1021.324000,107.155000,1,1,1.428571,0,120,40,676
bug-bug2,with_roads,mark_of_the_sun_god,27,664,1,1193.651000,120.048000,1,1,1.533333,0,138,48,676
bug-bug2,with_roads,mark_of_the_sun_god,232,648,1,1413.029000,99.741000,1,1,1.101351,1,163,63,676
bug-bug2,no_roads,maze_runner,1863,315,1,2095.654000,373.238000,1,1,1.584906,1,252,84,2500
bug-bug2,no_roads,maze_runner,56,2169,1,2129.052000,322.362000,1,1,1.175676,1,261,87,2500
bug-bug2,no_roads,maze_runner,797,693,1,152.362000,50.790000,1,1,1.000000,1,18,6,2500
bug-bug2,no_roads,maze_runner,644,378,1,1097.290000,176.714000,1,1,1.131579,1,129,43,2500
bug-bug2,no_roads,maze_runner,2158,287,1,1888.654000,279.657000,1,1,1.000000,1,216,72,2500
bug-bug2,no_roads,maze_runner,1983,2167,1,703.573000,140.087000,1,1,1.000000,1,78,26,2500
bug-bug2,no_roads,maze_runner,1578,225,1,1505.323000,349.658000,1,1,1.100000,1,165,55,2500
bug-bug2,no_roads,maze_runner,1716,1230,1,1132.763000,139.130000,1,1,1.000000,1,141,47,2500
bug-bug2,no_roads,maze_runner,71,66,1,243.194000,44.298000,1,1,1.000000,1,33,11,2500
bug-bug2,no_roads,maze_runner,240,633,1,446.030000,68.420000,1,1,1.000000,1,54,18,2500
bug-bug2,with_roads,maze_runner,1863,315,1,2036.660000,363.499000,1,1,1.584906,1,252,84,2500
bug-bug2,with_roads,maze_runner,56,2169,1,2378.757000,316.343000,1,1,1.221698,1,259,87,2500
bug-bug2,with_roads,maze_runner,797,693,1,156.073000,54.524000,1,1,1.750000,1,14,6,2500
bug-bug2,with_roads,maze_runner,644,378,1,1073.349000,169.678000,1,1,2.020833,1,97,43,2500
bug-bug2,with_roads,maze_runner,2158,287,1,2041.041000,299.323000,1,1,1.103093,0,214,72,2500
bug-bug2,with_roads,maze_runner,1983,2167,1,678.283000,139.148000,1,1,1.000000,1,78,26,2500
bug-bug2,with_roads,maze_runner,1578,225,1,1485.654000,318.376000,1,1,1.230159,1,155,55,2500
bug-bug2,with_roads,maze_runner,1716,1230,1,1143.374000,141.358000,1,1,1.000000,1,141,47,2500
bug-bug2,with_roads,maze_runner,71,66,1,235.029000,44.511000,1,1,1.117647,1,19,11,2500
bug-bug2,with_roads,maze_runner,240,633,1,431.749000,69.040000,1,1,1.045455,1,46,18,2500
bug-bug2,no_roads,merchant_ship,790,116,1,1070.737000,166.555000,1,1,1.352941,0,138,46,945
bug-bug2,no_roads,merchant_ship,25,922,1,1290.096000,146.310000,1,1,1.513514,1,168,56,945
bug-bug2,no_roads,merchant_ship,307,271,1,34.312000,34.312000,1,1,1.000000,1,3,1,945
bug-bug2,no_roads,merchant_ship,244,145,1,759.487000,94.656000,1,1,1.000000,1,87,29,945
bug-bug2,no_roads,merchant_ship,917,106,1,544.802000,68.256000,1,1,1.000000,1,69,23,945
bug-bug2,no_roads,merchant_ship,836,921,1,401.464000,72.177000,1,1,1.000000,1,60,20,945
bug-bug2,no_roads,merchant_ship,650,91,1,383.318000,61.144000,1,1,1.000000,1,48,16,945
bug-bug2,no_roads,merchant_ship,734,483,1,159.464000,28.618000,1,1,1.000000,1,21,7,945
bug-bug2,no_roads,merchant_ship,32,30,1,37.704000,21.749000,1,1,1.000000,1,6,2,945
bug-bug2,no_roads,merchant_ship,97,239,1,108.847000,30.819000,1,1,1.000000,1,12,4,945
bug-bug2,with_roads,merchant_ship,790,116,1,1307.662000,164.289000,1,1,1.604938,1,130,46,945
bug-bug2,with_roads,merchant_ship,25,922,1,1315.604000,153.051000,1,1,1.723404,1,162,56,945
bug-bug2,with_roads,merchant_ship,307,271,1,33.730000,33.730000,1,1,1.000000,1,3,1,945
bug-bug2,with_roads,merchant_ship,244,145,1,755.678000,83.958000,1,1,1.322034,0,78,30,945
bug-bug2,with_roads,merchant_ship,917,106,1,594.774000,71.356000,1,1,1.285714,1,63,23,945
bug-bug2,with_roads,merchant_ship,836,921,1,415.587000,72.903000,1,1,1.000000,1,60,20,945
bug-bug2,with_roads,merchant_ship,650,91,1,395.081000,61.916000,1,1,1.058824,1,36,16,945
bug-bug2,with_roads,merchant_ship,734,483,1,158.791000,28.309000,1,1,1.000000,1,21,7,945
bug-bug2,with_roads,merchant_ship,32,30,1,38.613000,22.865000,1,1,1.000000,1,6,2,945
bug-bug2,with_roads,merchant_ship,97,239,1,104.936000,30.642000,1,1,1.000000,1,12,4,945
bug-bug2,no_roads,metropolitan_dystopia,1740,300,1,2068.815000,463.075000,1,1,1.027397,0,225,75,2500
bug-bug2,no_roads,metropolitan_dystopia,54,2031,1,2164.662000,405.558000,1,1,1.076923,1,252,84,2500
bug-bug2,no_roads,metropolitan_dystopia,773,688,1,1554.100000,388.185000,1,1,1.000000,1,165,55,2500
bug-bug2,no_roads,metropolitan_dystopia,633,381,1,185.431000,52.098000,1,1,1.000000,1,21,7,2500
bug-bug2,no_roads,metropolitan_dystopia,2012,271,1,3899.764000,461.072000,1,1,1.243902,1,459,153,2500
bug-bug2,no_roads,metropolitan_dystopia,1848,2026,1,1048.943000,223.561000,1,1,1.088235,1,111,37,2500
bug-bug2,no_roads,metropolitan_dystopia,2466,1503,1,799.364000,143.449000,1,1,1.066667,1,96,32,2500
bug-bug2,no_roads,metropolitan_dystopia,228,1625,1,1694.867000,308.675000,1,1,1.105263,1,189,63,2500
bug-bug2,no_roads,metropolitan_dystopia,1159,77,1,1141.268000,181.066000,1,1,1.071429,1,135,45,2500
bug-bug2,no_roads,metropolitan_dystopia,69,248,1,615.937000,99.740000,1,1,1.000000,1,87,29,2500
bug-bug2,with_roads,metropolitan_dystopia,1740,300,1,2107.000000,476.137000,1,1,1.354430,0,107,75,2500
bug-bug2,with_roads,metropolitan_dystopia,54,2031,1,2124.424000,417.784000,1,1,1.262295,1,154,84,2500
bug-bug2,with_roads,metropolitan_dystopia,773,688,1,1516.582000,379.177000,1,1,1.000000,1,165,55,2500
bug-bug2,with_roads,metropolitan_dystopia,633,381,1,194.531000,59.953000,1,1,1.000000,1,21,7,2500
bug-bug2,with_roads,metropolitan_dystopia,2012,271,1,3776.633000,437.992000,1,1,1.367550,1,413,153,2500
bug-bug2,with_roads,metropolitan_dystopia,1848,2026,1,1033.906000,215.716000,1,1,1.291667,1,93,37,2500
bug-bug2,with_roads,metropolitan_dystopia,2466,1503,1,817.990000,146.184000,1,1,1.066667,1,96,32,2500
bug-bug2,with_roads,metropolitan_dystopia,228,1625,1,1696.810000,311.049000,1,1,1.213235,1,165,63,2500
bug-bug2,with_roads,metropolitan_dystopia,1159,77,1,1130.853000,170.367000,1,1,1.254717,0,133,45,2500
bug-bug2,with_roads,metropolitan_dystopia,69,248,1,613.967000,103.827000,1,1,1.000000,1,87,29,2500
bug-bug2,no_roads,minimaze,436,66,1,540.258000,105.821000,1,1,1.000000,1,63,21,625
bug-bug2,no_roads,minimaze,13,505,1,706.254000,126.132000,1,1,1.000000,1,87,29,625
bug-bug2,no_roads,minimaze,178,159,1,531.114000,77.975000,1,1,1.000000,1,72,24,625
bug-bug2,no_roads,minimaze,143,89,1,120.168000,41.979000,1,1,1.000000,1,15,5,625
bug-bug2,no_roads,minimaze,503,60,1,496.500000,97.384000,1,1,1.000000,1,60,20,625
bug-bug2,no_roads,minimaze,464,505,1,486.008000,78.656000,1,1,1.052632,1,60,20,625
bug-bug2,no_roads,minimaze,600,371,1,616.091000,80.574000,1,1,1.000000,1,78,26,625
bug-bug2,no_roads,minimaze,46,398,1,410.118000,66.777000,1,1,1.000000,1,54,18,625
bug-bug2,no_roads,minimaze,282,17,1,429.720000,79.727000,1,1,1.000000,1,54,18,625
bug-bug2,no_roads,minimaze,16,49,1,132.008000,26.025000,1,1,1.000000,1,24,8,625
bug-bug2,with_roads,minimaze,436,66,1,549.619000,106.864000,1,1,1.037736,1,55,21,625
bug-bug2,with_roads,minimaze,13,505,1,723.654000,130.880000,1,1,1.118421,0,85,29,625
bug-bug2,with_roads,minimaze,178,159,1,516.220000,80.731000,1,1,1.093750,1,70,24,625
bug-bug2,with_roads,minimaze,143,89,1,131.692000,46.888000,1,1,1.000000,1,15,5,625
bug-bug2,with_roads,minimaze,503,60,1,491.283000,96.232000,1,1,1.160000,1,58,20,625
bug-bug2,with_roads,minimaze,464,505,1,485.104000,78.710000,1,1,1.052632,1,60,20,625
bug-bug2,with_roads,minimaze,600,371,1,610.941000,83.537000,1,1,1.225806,1,76,26,625
bug-bug2,with_roads,minimaze,46,398,1,414.472000,66.468000,1,1,1.219512,1,50,18,625
bug-bug2,with_roads,minimaze,282,17,1,439.156000,86.838000,1,1,1.300000,1,52,18,625
bug-bug2,with_roads,minimaze,16,49,1,132.938000,25.870000,1,1,1.000000,1,24,8,625
bug-bug2,no_roads,not_a_blank_white_page,1510,228,1,1393.478000,126.772000,1,1,1.195122,0,147,49,1640
bug-bug2,no_roads,not_a_blank_white_page,51,598,1,399.926000,51.546000,1,1,1.000000,1,42,14,1640
bug-bug2,no_roads,not_a_blank_white_page,513,457,1,404.102000,64.580000,1,1,1.000000,1,45,15,1640
bug-bug2,no_roads,not_a_blank_white_page,285,209,1,944.553000,54.331000,1,1,1.000000,1,105,35,1640
bug-bug2,no_roads,not_a_blank_white_page,1586,1229,1,378.150000,74.382000,1,1,1.000000,1,48,16,1640
bug-bug2,no_roads,not_a_blank_white_page,942,65,1,557.444000,73.240000,1,1,1.000000,1,69,23,1640
bug-bug2,no_roads,not_a_blank_white_page,61,191,1,180.136000,30.738000,1,1,1.000000,1,21,7,1640
bug-bug2,no_roads,not_a_blank_white_page,447,476,1,295.867000,36.522000,1,1,1.000000,1,36,12,1640
bug-bug2,no_roads,not_a_blank_white_page,1135,1433,1,724.495000,109.444000,1,1,1.000000,1,84,28,1640
bug-bug2,no_roads,not_a_blank_white_page,54,1265,1,754.995000,42.605000,1,1,1.000000,1,87,29,1640
bug-bug2,with_roads,not_a_blank_white_page,1510,228,1,1299.055000,137.070000,1,1,1.195122,0,147,49,1640
bug-bug2,with_roads,not_a_blank_white_page,51,598,1,382.703000,48.926000,1,1,1.000000,1,42,14,1640
bug-bug2,with_roads,not_a_blank_white_page,513,457,1,397.485000,63.213000,1,1,1.000000,1,45,15,1640
bug-bug2,with_roads,not_a_blank_white_page,285,209,1,921.588000,44.087000,1,1,1.478873,1,105,35,1640
bug-bug2,with_roads,not_a_blank_white_page,1586,1229,1,360.382000,60.866000,1,1,1.000000,1,48,16,1640
bug-bug2,with_roads,not_a_blank_white_page,942,65,1,555.852000,71.412000,1,1,1.029851,1,69,23,1640
bug-bug2,with_roads,not_a_blank_white_page,61,191,1,235.683000,38.197000,1,1,1.400000,0,21,7,1640
bug-bug2,with_roads,not_a_blank_white_page,447,476,1,301.668000,38.696000,1,1,1.000000,1,36,12,1640
bug-bug2,with_roads,not_a_blank_white_page,1135,1433,1,725.884000,113.648000,1,1,1.000000,1,84,28,1640
bug-bug2,with_roads,not_a_blank_white_page,54,1265,1,789.353000,42.987000,1,1,1.000000,1,87,29,1640
bug-bug2,no_roads,orbit,661,114,1,633.033000,50.996000,1,1,1.000000,1,69,23,900
bug-bug2,no_roads,orbit,25,767,1,680.685000,46.000000,1,1,1.000000,1,75,25,900
bug-bug2,no_roads,orbit,283,251,1,61.012000,34.423000,1,1,1.000000,1,6,2,900
bug-bug2,no_roads,orbit,229,142,1,85.247000,33.627000,1,1,1.000000,1,9,3,900
bug-bug2,no_roads,orbit,762,104,1,607.426000,51.146000,1,1,1.000000,1,66,22,900
bug-bug2,no_roads,orbit,700,766,1,168.255000,35.405000,1,1,1.000000,1,18,6,900
bug-bug2,no_roads,orbit,564,89,1,371.697000,41.472000,1,1,1.000000,1,48,16,900
bug-bug2,no_roads,orbit,610,435,1,168.303000,35.105000,1,1,1.000000,1,18,6,900
bug-bug2,no_roads,orbit,32,30,1,39.469000,24.410000,1,1,1.000000,1,6,2,900
bug-bug2,no_roads,orbit,95,224,1,253.904000,45.633000,1,1,1.000000,1,27,9,900
bug-bug2,with_roads,orbit,661,114,1,623.958000,47.459000,1,1,1.032787,1,63,23,900
bug-bug2,with_roads,orbit,25,767,1,660.352000,45.895000,1,1,1.119403,1,75,25,900
bug-bug2,with_roads,orbit,283,251,1,74.067000,41.977000,1,1,1.000000,1,6,2,900
bug-bug2,with_roads,orbit,229,142,1,86.802000,35.691000,1,1,1.000000,1,9,3,900
bug-bug2,with_roads,orbit,762,104,1,604.898000,45.590000,1,1,1.200000,1,60,22,900
bug-bug2,with_roads,orbit,700,766,1,175.954000,36.312000,1,1,1.000000,1,18,6,900
bug-bug2,with_roads,orbit,564,89,1,372.997000,42.414000,1,1,1.000000,1,48,16,900
bug-bug2,with_roads,orbit,610,435,1,170.744000,35.964000,1,1,1.000000,1,14,6,900
bug-bug2,with_roads,orbit,32,30,1,37.171000,22.315000,1,1,1.000000,1,4,2,900
bug-bug2,with_roads,orbit,95,224,1,250.544000,44.868000,1,1,1.080000,0,27,9,900
bug-bug2,no_roads,perch_point,772,132,1,593.093000,96.539000,1,1,1.000000,1,63,21,900
bug-bug2,no_roads,perch_point,27,877,1,1146.981000,103.195000,1,1,1.000000,1,123,41,900
bug-bug2,no_roads,perch_point,327,294,1,78.861000,31.419000,1,1,1.000000,1,9,3,900
bug-bug2,no_roads,perch_point,261,164,1,179.127000,42.451000,1,1,1.000000,1,21,7,900
bug-bug2,no_roads,perch_point,872,120,1,559.878000,63.664000,1,1,1.000000,1,75,25,900
bug-bug2,no_roads,perch_point,810,876,1,122.826000,26.112000,1,1,1.000000,1,18,6,900
bug-bug2,no_roads,perch_point,669,95,1,710.545000,153.346000,1,1,1.000000,1,75,25,900
bug-bug2,no_roads,perch_point,722,514,1,175.806000,33.681000,1,1,1.000000,1,21,7,900
bug-bug2,no_roads,perch_point,34,32,1,42.769000,25.365000,1,1,1.000000,1,6,2,900
bug-bug2,no_roads,perch_point,106,255,1,125.298000,29.212000,1,1,1.000000,1,15,5,900
bug-bug2,with_roads,perch_point,772,132,1,603.399000,84.964000,1,1,1.000000,1,63,21,900
bug-bug2,with_roads,perch_point,27,877,1,1067.957000,111.540000,1,1,1.000000,1,123,41,900
bug-bug2,with_roads,perch_point,327,294,1,77.146000,31.074000,1,1,1.000000,1,9,3,900
bug-bug2,with_roads,perch_point,261,164,1,179.220000,41.855000,1,1,1.000000,1,21,7,900
bug-bug2,with_roads,perch_point,872,120,1,552.361000,64.681000,1,1,1.342857,1,47,25,900
bug-bug2,with_roads,perch_point,810,876,1,111.604000,26.076000,1,1,1.000000,1,18,6,900
bug-bug2,with_roads,perch_point,669,95,1,711.750000,163.472000,1,1,1.742857,1,61,25,900
bug-bug2,with_roads,perch_point,722,514,1,180.403000,37.790000,1,1,1.266667,1,19,7,900
bug-bug2,with_roads,perch_point,34,32,1,51.982000,34.903000,1,1,1.500000,0,6,2,900
bug-bug2,with_roads,perch_point,106,255,1,123.569000,29.736000,1,1,1.000000,1,15,5,900
bug-bug2,no_roads,pixel_forest,791,131,1,544.295000,84.180000,1,1,1.000000,1,60,20,1125
bug-bug2,no_roads,pixel_forest,360,324,1,216.909000,38.772000,1,1,1.000000,1,27,9,1125
bug-bug2,no_roads,pixel_forest,289,175,1,800.393000,106.835000,1,1,1.115385,1,87,29,1125
bug-bug2,no_roads,pixel_forest,850,938,1,45.056000,25.873000,1,1,1.000000,1,6,2,1125
bug-bug2,no_roads,pixel_forest,678,98,1,350.903000,69.098000,1,1,1.000000,1,39,13,1125
bug-bug2,no_roads,pixel_forest,730,536,1,902.847000,87.962000,1,1,1.000000,1,105,35,1125
bug-bug2,no_roads,pixel_forest,36,33,1,789.226000,79.363000,1,1,1.066667,1,96,32,1125
bug-bug2,no_roads,pixel_forest,309,631,1,1132.110000,123.201000,1,1,1.048780,1,129,43,1125
bug-bug2,no_roads,pixel_forest,744,30,1,407.636000,41.318000,1,1,1.000000,1,48,16,1125
bug-bug2,no_roads,pixel_forest,696,256,1,338.865000,70.721000,1,1,1.000000,1,36,12,1125
bug-bug2,with_roads,pixel_forest,791,131,1,563.871000,85.612000,1,1,1.000000,1,60,20,1125
bug-bug2,with_roads,pixel_forest,360,324,1,221.067000,39.799000,1,1,1.357143,1,19,9,1125
bug-bug2,with_roads,pixel_forest,289,175,1,804.303000,120.638000,1,1,1.115385,1,87,29,1125
bug-bug2,with_roads,pixel_forest,850,938,1,48.141000,28.476000,1,1,1.000000,1,6,2,1125
bug-bug2,with_roads,pixel_forest,678,98,1,341.025000,61.078000,1,1,1.064516,1,33,13,1125
bug-bug2,with_roads,pixel_forest,730,536,1,923.527000,88.386000,1,1,1.206897,1,105,35,1125
bug-bug2,with_roads,pixel_forest,36,33,1,798.923000,81.616000,1,1,1.066667,1,96,32,1125
bug-bug2,with_roads,pixel_forest,309,631,1,1164.011000,128.389000,1,1,1.273684,1,121,43,1125
bug-bug2,with_roads,pixel_forest,744,30,1,393.850000,42.644000,1,1,1.043478,1,48,16,1125
bug-bug2,with_roads,pixel_forest,696,256,1,323.160000,53.249000,1,1,1.000000,1,36,12,1125
bug-bug2,no_roads,pls_buy_cucats_merch,480,102,1,937.224000,86.250000,1,1,1.000000,1,105,35,2401
bug-bug2,no_roads,pls_buy_cucats_merch,1246,1123,1,615.385000,42.977000,1,1,1.000000,1,72,24,2401
bug-bug2,no_roads,pls_buy_cucats_merch,1008,605,1,385.263000,68.367000,1,1,1.000000,1,42,14,2401
bug-bug2,no_roads,pls_buy_cucats_merch,437,371,1,483.305000,50.127000,1,1,1.000000,1,51,17,2401
bug-bug2,no_roads,pls_buy_cucats_merch,1950,132,1,1036.545000,129.704000,1,1,1.000000,1,111,37,2401
bug-bug2,no_roads,pls_buy_cucats_merch,123,399,1,509.239000,50.728000,1,1,1.000000,1,54,18,2401
bug-bug2,no_roads,pls_buy_cucats_merch,985,1072,1,1678.325000,280.817000,1,1,1.000000,1,114,38,2401
bug-bug2,no_roads,pls_buy_cucats_merch,2309,108,1,1962.062000,137.732000,1,1,1.000000,1,135,45,2401
bug-bug2,no_roads,pls_buy_cucats_merch,893,1940,1,1437.198000,193.620000,1,1,1.142857,1,96,32,2401
bug-bug2,no_roads,pls_buy_cucats_merch,993,2065,1,993.062000,109.092000,1,1,1.000000,1,84,28,2401
bug-bug2,with_roads,pls_buy_cucats_merch,480,102,1,1041.591000,95.342000,1,1,1.000000,1,105,35,2401
bug-bug2,with_roads,pls_buy_cucats_merch,1246,1123,1,647.371000,50.142000,1,1,1.000000,1,72,24,2401
bug-bug2,with_roads,pls_buy_cucats_merch,1008,605,1,382.519000,67.687000,1,1,1.000000,1,42,14,2401
bug-bug2,with_roads,pls_buy_cucats_merch,437,371,1,472.371000,49.888000,1,1,1.000000,1,51,17,2401
bug-bug2,with_roads,pls_buy_cucats_merch,1950,132,1,1008.588000,128.907000,1,1,1.000000,1,111,37,2401
bug-bug2,with_roads,pls_buy_cucats_merch,123,399,1,483.804000,51.320000,1,1,1.000000,1,54,18,2401
bug-bug2,with_roads,pls_buy_cucats_merch,985,1072,1,1015.489000,122.680000,1,1,1.000000,1,114,38,2401
bug-bug2,with_roads,pls_buy_cucats_merch,2309,108,1,1230.173000,84.485000,1,1,1.712329,1,125,45,2401
bug-bug2,with_roads,pls_buy_cucats_merch,893,1940,1,896.938000,121.004000,1,1,1.142857,1,96,32,2401
bug-bug2,with_roads,pls_buy_cucats_merch,993,2065,1,766.898000,77.407000,1,1,1.423077,1,74,28,2401
bug-bug2,no_roads,pong,619,555,1,409.490000,53.863000,1,1,1.000000,1,42,14,1750
bug-bug2,no_roads,pong,1293,934,1,259.132000,38.875000,1,1,1.000000,1,27,9,1750
bug-bug2,no_roads,pong,67,63,1,85.064000,27.841000,1,1,1.000000,1,12,4,1750
bug-bug2,no_roads,pong,1316,56,1,676.793000,46.127000,1,1,1.000000,1,75,25,1750
bug-bug2,no_roads,pong,1639,1196,1,306.045000,58.029000,1,1,1.000000,1,33,11,1750
bug-bug2,no_roads,pong,991,1290,1,178.831000,38.490000,1,1,1.000000,1,18,6,1750
bug-bug2,no_roads,pong,844,229,1,445.376000,58.799000,1,1,1.000000,1,45,15,1750
bug-bug2,no_roads,pong,296,841,1,312.021000,39.123000,1,1,1.000000,1,33,11,1750
bug-bug2,no_roads,pong,658,1373,1,417.260000,40.504000,1,1,1.000000,1,45,15,1750
bug-bug2,no_roads,pong,1352,804,1,300.472000,33.239000,1,1,1.000000,1,33,11,1750
bug-bug2,with_roads,pong,619,555,1,412.957000,51.660000,1,1,1.000000,1,42,14,1750
bug-bug2,with_roads,pong,1293,934,1,265.219000,40.082000,1,1,1.000000,1,27,9,1750
bug-bug2,with_roads,pong,67,63,1,85.333000,28.127000,1,1,1.000000,1,12,4,1750
bug-bug2,with_roads,pong,1316,56,1,701.346000,48.089000,1,1,1.027397,1,75,25,1750
bug-bug2,with_roads,pong,1639,1196,1,301.243000,55.524000,1,1,1.000000,1,33,11,1750
bug-bug2,with_roads,pong,991,1290,1,174.685000,37.826000,1,1,1.000000,1,18,6,1750
bug-bug2,with_roads,pong,844,229,1,496.512000,73.651000,1,1,1.000000,1,45,15,1750
bug-bug2,with_roads,pong,296,841,1,309.293000,38.037000,1,1,1.000000,1,33,11,1750
bug-bug2,with_roads,pong,658,1373,1,409.373000,41.340000,1,1,1.000000,1,45,15,1750
bug-bug2,with_roads,pong,1352,804,1,294.615000,32.949000,1,1,1.000000,1,33,11,1750
bug-bug2,no_roads,raindrop,365,63,1,390.168000,63.602000,1,1,1.000000,1,45,15,400
bug-bug2,no_roads,raindrop,14,156,1,153.690000,27.085000,1,1,1.000000,1,21,7,400
bug-bug2,no_roads,raindrop,139,127,1,279.341000,36.871000,1,1,1.000000,1,36,12,400
bug-bug2,no_roads,raindrop,79,58,1,20.894000,20.894000,1,1,1.000000,1,3,1,400
bug-bug2,no_roads,raindrop,388,310,1,107.083000,41.054000,1,1,1.000000,1,12,4,400
bug-bug2,no_roads,raindrop,49,336,1,351.853000,49.173000,1,1,1.000000,1,42,14,400
bug-bug2,no_roads,raindrop,240,18,1,401.951000,53.955000,1,1,1.000000,1,54,18,400
bug-bug2,no_roads,raindrop,17,53,1,82.060000,21.991000,1,1,1.000000,1,12,4,400
bug-bug2,no_roads,raindrop,123,132,1,219.067000,37.288000,1,1,1.000000,1,27,9,400
bug-bug2,no_roads,raindrop,287,342,1,145.734000,47.389000,1,1,1.000000,1,15,5,400
bug-bug2,with_roads,raindrop,365,63,1,390.028000,62.940000,1,1,1.518519,1,41,15,400
bug-bug2,with_roads,raindrop,14,156,1,157.234000,32.297000,1,1,1.000000,1,21,7,400
bug-bug2,with_roads,raindrop,139,127,1,273.640000,35.607000,1,1,1.545455,0,34,12,400
bug-bug2,with_roads,raindrop,79,58,1,25.479000,25.479000,1,1,1.000000,1,3,1,400
bug-bug2,with_roads,raindrop,388,310,1,104.280000,35.744000,1,1,1.000000,1,12,4,400
bug-bug2,with_roads,raindrop,49,336,1,535.148000,61.958000,1,1,1.461538,1,38,14,400
bug-bug2,with_roads,raindrop,240,18,1,453.527000,64.151000,1,1,1.090909,1,48,18,400
bug-bug2,with_roads,raindrop,17,53,1,83.077000,22.730000,1,1,1.000000,1,12,4,400
bug-bug2,with_roads,raindrop,123,132,1,223.061000,38.037000,1,1,1.352941,1,23,9,400
bug-bug2,with_roads,raindrop,287,342,1,144.582000,47.169000,1,1,1.181818,0,13,5,400
bug-bug2,no_roads,rush_bait,1002,140,1,1267.081000,201.341000,1,1,1.040000,1,156,52,1225
bug-bug2,no_roads,rush_bait,27,1160,1,1291.293000,213.574000,1,1,1.000000,1,162,54,1225
bug-bug2,no_roads,rush_bait,390,341,1,989.946000,154.418000,1,1,1.000000,1,132,44,1225
bug-bug2,no_roads,rush_bait,311,189,1,690.246000,110.789000,1,1,1.000000,1,84,28,1225
bug-bug2,no_roads,rush_bait,1155,128,1,1384.012000,207.429000,1,1,1.000000,1,168,56,1225
bug-bug2,no_roads,rush_bait,1059,1159,1,115.411000,33.883000,1,1,1.000000,1,15,5,1225
bug-bug2,no_roads,rush_bait,869,102,1,519.269000,57.752000,1,1,1.000000,1,66,22,1225
bug-bug2,no_roads,rush_bait,930,635,1,877.122000,136.517000,1,1,1.058824,1,108,36,1225
bug-bug2,no_roads,rush_bait,34,32,1,34.398000,20.862000,1,1,1.000000,1,6,2,1225
bug-bug2,no_roads,rush_bait,114,303,1,499.584000,50.410000,1,1,1.000000,1,42,14,1225
bug-bug2,with_roads,rush_bait,1002,140,1,1244.762000,203.886000,1,1,1.632184,0,142,52,1225
bug-bug2,with_roads,rush_bait,27,1160,1,1306.886000,212.661000,1,1,1.219048,1,128,54,1225
bug-bug2,with_roads,rush_bait,390,341,1,1062.680000,152.584000,1,1,2.192308,1,114,44,1225
bug-bug2,with_roads,rush_bait,311,189,1,733.903000,126.142000,1,1,1.377778,1,62,28,1225
bug-bug2,with_roads,rush_bait,1155,128,1,1415.362000,209.667000,1,1,1.395833,1,134,56,1225
bug-bug2,with_roads,rush_bait,1059,1159,1,114.149000,32.865000,1,1,1.000000,1,15,5,1225
bug-bug2,with_roads,rush_bait,869,102,1,532.911000,58.130000,1,1,1.142857,1,64,22,1225
bug-bug2,with_roads,rush_bait,930,635,1,892.460000,120.208000,1,1,1.270588,0,108,36,1225
bug-bug2,with_roads,rush_bait,34,32,1,35.517000,21.016000,1,1,1.000000,1,6,2,1225
bug-bug2,with_roads,rush_bait,114,303,1,336.714000,52.921000,1,1,1.714286,1,24,14,1225
bug-bug2,no_roads,s,403,80,1,347.355000,71.119000,1,1,1.000000,1,48,16,600
bug-bug2,no_roads,s,14,462,1,968.545000,120.589000,1,1,1.343750,1,129,43,600
bug-bug2,no_roads,s,173,156,1,86.269000,33.971000,1,1,1.000000,1,9,3,600
bug-bug2,no_roads,s,144,96,1,339.736000,47.487000,1,1,1.000000,1,42,14,600
bug-bug2,no_roads,s,460,73,1,832.578000,104.967000,1,1,1.161290,1,108,36,600
bug-bug2,no_roads,s,425,462,1,91.361000,35.251000,1,1,1.000000,1,9,3,600
bug-bug2,no_roads,s,559,347,1,376.012000,58.538000,1,1,1.076923,1,42,14,600
bug-bug2,no_roads,s,63,374,1,762.535000,108.296000,1,1,1.291667,0,93,31,600
bug-bug2,no_roads,s,260,18,1,778.405000,116.135000,1,1,1.423077,1,111,37,600
bug-bug2,no_roads,s,17,68,1,204.054000,46.123000,1,1,1.000000,1,33,11,600
bug-bug2,with_roads,s,403,80,1,342.442000,66.273000,1,1,1.400000,0,28,16,600
bug-bug2,with_roads,s,14,462,1,934.549000,111.302000,1,1,2.155556,1,97,43,600
bug-bug2,with_roads,s,173,156,1,81.541000,32.009000,1,1,1.000000,1,9,3,600
bug-bug2,with_roads,s,144,96,1,326.322000,45.955000,1,1,1.200000,1,36,14,600
bug-bug2,with_roads,s,460,73,1,803.120000,100.589000,1,1,1.518519,1,82,36,600
bug-bug2,with_roads,s,425,462,1,87.113000,35.249000,1,1,1.000000,1,9,3,600
bug-bug2,with_roads,s,559,347,1,364.128000,55.997000,1,1,1.100000,1,22,14,600
bug-bug2,with_roads,s,63,374,1,726.918000,102.739000,1,1,1.884615,0,49,31,600
bug-bug2,with_roads,s,260,18,1,743.628000,108.063000,1,1,2.297297,0,85,37,600
bug-bug2,with_roads,s,17,68,1,196.345000,44.856000,1,1,1.000000,1,23,11,600
bug-bug2,no_roads,separated,535,102,1,733.883000,118.313000,1,1,1.000000,1,99,33,2500
bug-bug2,no_roads,separated,1335,1185,1,80.757000,33.117000,1,1,1.000000,1,9,3,2500
bug-bug2,no_roads,separated,493,418,1,714.480000,88.818000,1,1,1.000000,1,81,27,2500
bug-bug2,no_roads,separated,135,450,1,804.610000,102.250000,1,1,1.028571,1,108,36,2500
bug-bug2,no_roads,separated,1062,2186,1,1013.839000,150.177000,1,1,1.000000,1,102,34,2500
bug-bug2,no_roads,separated,782,2052,1,2466.712000,301.935000,1,1,1.342466,1,294,98,2500
bug-bug2,no_roads,separated,760,1036,1,694.441000,43.601000,1,1,1.000000,1,78,26,2500
bug-bug2,no_roads,separated,1626,492,1,801.374000,126.483000,1,1,1.000000,1,87,29,2500
bug-bug2,no_roads,separated,1660,1284,1,882.331000,109.017000,1,1,1.000000,1,99,33,2500
bug-bug2,no_roads,separated,200,2236,1,1337.688000,131.553000,1,1,1.000000,1,153,51,2500
bug-bug2,with_roads,separated,535,102,1,741.937000,136.530000,1,1,1.000000,1,99,33,2500
bug-bug2,with_roads,separated,1335,1185,1,81.401000,33.854000,1,1,1.000000,1,9,3,2500
bug-bug2,with_roads,separated,493,418,1,725.909000,90.470000,1,1,1.000000,1,81,27,2500
bug-bug2,with_roads,separated,135,450,1,825.324000,106.320000,1,1,1.029126,1,106,36,2500
bug-bug2,with_roads,separated,1062,2186,1,923.015000,115.689000,1,1,1.200000,0,66,34,2500
bug-bug2,with_roads,separated,782,2052,1,2565.601000,310.531000,1,1,1.342466,1,294,98,2500
bug-bug2,with_roads,separated,760,1036,1,687.172000,44.910000,1,1,1.000000,1,78,26,2500
bug-bug2,with_roads,separated,1626,492,1,792.598000,119.148000,1,1,1.000000,1,87,29,2500
bug-bug2,with_roads,separated,1660,1284,1,869.133000,109.789000,1,1,1.114943,0,97,33,2500
bug-bug2,with_roads,separated,200,2236,1,1347.792000,133.035000,1,1,1.477612,0,99,51,2500
bug-bug2,no_roads,settlement,1393,236,1,689.263000,81.504000,1,1,1.000000,1,72,24,1900
bug-bug2,no_roads,settlement,51,1602,1,683.666000,39.984000,1,1,1.000000,1,93,31,1900
bug-bug2,no_roads,settlement,599,527,1,601.875000,64.127000,1,1,1.000000,1,66,22,1900
bug-bug2,no_roads,settlement,479,299,1,554.034000,43.400000,1,1,1.000000,1,60,20,1900
bug-bug2,no_roads,settlement,1592,217,1,756.949000,49.468000,1,1,1.000000,1,81,27,1900
bug-bug2,no_roads,settlement,1469,1600,1,852.180000,106.634000,1,1,1.000000,1,57,19,1900
bug-bug2,no_roads,settlement,1188,186,1,560.680000,61.579000,1,1,1.000000,1,60,20,1900
bug-bug2,no_roads,settlement,1285,912,1,685.635000,76.626000,1,1,1.000000,1,69,23,1900
bug-bug2,no_roads,settlement,67,63,1,92.485000,31.598000,1,1,1.000000,1,12,4,1900
bug-bug2,no_roads,settlement,199,469,1,853.903000,57.662000,1,1,1.000000,1,90,30,1900
bug-bug2,with_roads,settlement,1393,236,1,723.990000,81.456000,1,1,1.000000,1,72,24,1900
bug-bug2,with_roads,settlement,51,1602,1,728.105000,43.134000,1,1,1.000000,1,93,31,1900
bug-bug2,with_roads,settlement,599,527,1,625.219000,68.547000,1,1,1.000000,1,66,22,1900
bug-bug2,with_roads,settlement,479,299,1,576.284000,46.020000,1,1,1.000000,1,60,20,1900
bug-bug2,with_roads,settlement,1592,217,1,757.660000,50.678000,1,1,1.000000,1,81,27,1900
bug-bug2,with_roads,settlement,1469,1600,1,519.448000,43.253000,1,1,1.000000,1,57,19,1900
bug-bug2,with_roads,settlement,1188,186,1,555.105000,62.873000,1,1,1.000000,1,60,20,1900
bug-bug2,with_roads,settlement,1285,912,1,667.680000,72.032000,1,1,1.000000,1,69,23,1900
bug-bug2,with_roads,settlement,67,63,1,88.806000,30.664000,1,1,1.500000,1,12,4,1900
bug-bug2,with_roads,settlement,199,469,1,833.521000,58.445000,1,1,1.000000,1,90,30,1900
bug-bug2,no_roads,shish_kebab,377,61,1,458.178000,63.367000,1,1,1.000000,1,54,18,400
bug-bug2,no_roads,shish_kebab,12,159,1,215.478000,43.529000,1,1,1.090909,0,36,12,400
bug-bug2,no_roads,shish_kebab,142,126,1,101.802000,29.009000,1,1,1.000000,1,12,4,400
bug-bug2,no_roads,shish_kebab,79,54,1,118.283000,44.297000,1,1,1.000000,1,18,6,400
bug-bug2,no_roads,shish_kebab,396,321,1,359.809000,48.694000,1,1,1.133333,1,51,17,400
bug-bug2,no_roads,shish_kebab,46,350,1,404.691000,57.103000,1,1,1.000000,1,48,16,400
bug-bug2,no_roads,shish_kebab,248,16,1,433.990000,95.931000,1,1,1.285714,0,54,18,400
bug-bug2,no_roads,shish_kebab,15,49,1,114.399000,23.321000,1,1,1.000000,1,18,6,400
bug-bug2,no_roads,shish_kebab,123,136,1,312.992000,50.915000,1,1,1.000000,1,39,13,400
bug-bug2,no_roads,shish_kebab,298,356,1,79.438000,29.636000,1,1,1.000000,1,9,3,400
bug-bug2,with_roads,shish_kebab,377,61,1,449.214000,58.576000,1,1,1.421053,1,54,18,400
bug-bug2,with_roads,shish_kebab,12,159,1,209.407000,43.178000,1,1,1.090909,0,36,12,400
bug-bug2,with_roads,shish_kebab,142,126,1,101.469000,29.343000,1,1,1.000000,1,12,4,400
bug-bug2,with_roads,shish_kebab,79,54,1,118.216000,44.383000,1,1,1.000000,1,18,6,400
bug-bug2,with_roads,shish_kebab,396,321,1,340.536000,48.651000,1,1,1.406250,1,45,17,400
bug-bug2,with_roads,shish_kebab,46,350,1,458.966000,76.990000,1,1,1.655172,0,48,16,400
bug-bug2,with_roads,shish_kebab,248,16,1,436.043000,95.192000,1,1,1.285714,0,54,18,400
bug-bug2,with_roads,shish_kebab,15,49,1,114.883000,23.159000,1,1,1.000000,1,18,6,400
bug-bug2,with_roads,shish_kebab,123,136,1,317.307000,51.753000,1,1,1.000000,1,39,13,400
bug-bug2,with_roads,shish_kebab,298,356,1,116.764000,46.552000,1,1,1.000000,1,9,3,400
bug-bug2,no_roads,shrub,850,128,1,555.643000,41.807000,1,1,1.000000,1,72,24,900
bug-bug2,no_roads,shrub,27,359,1,200.037000,40.725000,1,1,1.000000,1,33,11,900
bug-bug2,no_roads,shrub,317,290,1,141.022000,45.889000,1,1,1.000000,1,15,5,900
bug-bug2,no_roads,shrub,171,115,1,97.636000,30.975000,1,1,1.000000,1,12,4,900
bug-bug2,no_roads,shrub,896,732,1,644.884000,75.378000,1,1,1.000000,1,81,27,900
bug-bug2,no_roads,shrub,96,789,1,553.843000,55.421000,1,1,1.000000,1,69,23,900
bug-bug2,no_roads,shrub,550,34,1,411.491000,39.829000,1,1,1.000000,1,51,17,900
bug-bug2,no_roads,shrub,32,104,1,269.761000,49.712000,1,1,1.000000,1,39,13,900
bug-bug2,no_roads,shrub,282,303,1,283.127000,56.763000,1,1,1.000000,1,33,11,900
bug-bug2,no_roads,shrub,672,806,1,764.510000,90.362000,1,1,1.120000,1,84,28,900
bug-bug2,with_roads,shrub,850,128,1,1031.462000,89.134000,1,1,1.241379,1,72,24,900
bug-bug2,with_roads,shrub,27,359,1,367.989000,83.364000,1,1,1.000000,1,33,11,900
bug-bug2,with_roads,shrub,317,290,1,255.905000,83.689000,1,1,1.000000,1,15,5,900
bug-bug2,with_roads,shrub,171,115,1,170.064000,60.162000,1,1,1.000000,1,12,4,900
bug-bug2,with_roads,shrub,896,732,1,1050.507000,134.849000,1,1,1.000000,1,81,27,900
bug-bug2,with_roads,shrub,96,789,1,884.212000,97.496000,1,1,1.218182,1,67,23,900
bug-bug2,with_roads,shrub,550,34,1,659.017000,87.940000,1,1,1.821429,1,51,17,900
bug-bug2,with_roads,shrub,32,104,1,381.626000,74.053000,1,1,1.000000,1,39,13,900
bug-bug2,with_roads,shrub,282,303,1,414.664000,85.509000,1,1,1.240000,1,31,11,900
bug-bug2,with_roads,shrub,672,806,1,939.162000,129.358000,1,1,1.120000,1,84,28,900
bug-bug2,no_roads,sierpinski_evil,865,124,1,1091.512000,177.770000,1,1,1.096774,1,102,34,961
bug-bug2,no_roads,sierpinski_evil,26,325,1,466.785000,80.336000,1,1,1.000000,1,48,16,961
bug-bug2,no_roads,sierpinski_evil,287,256,1,38.498000,38.498000,1,1,1.000000,1,3,1,961
bug-bug2,no_roads,sierpinski_evil,155,114,1,601.525000,76.729000,1,1,1.000000,1,63,21,961
bug-bug2,no_roads,sierpinski_evil,696,95,1,625.269000,76.652000,1,1,1.000000,1,57,19,961
bug-bug2,no_roads,sierpinski_evil,774,532,1,891.503000,112.935000,1,1,1.120000,1,84,28,961
bug-bug2,no_roads,sierpinski_evil,33,31,1,66.737000,37.622000,1,1,1.000000,1,6,2,961
bug-bug2,no_roads,sierpinski_evil,101,251,1,158.005000,36.905000,1,1,1.000000,1,15,5,961
bug-bug2,no_roads,sierpinski_evil,275,638,1,483.582000,45.538000,1,1,1.000000,1,36,12,961
bug-bug2,no_roads,sierpinski_evil,790,28,1,1699.304000,224.851000,1,1,1.000000,1,75,25,961
bug-bug2,with_roads,sierpinski_evil,865,124,1,1364.062000,259.361000,1,1,1.423729,1,84,34,961
bug-bug2,with_roads,sierpinski_evil,26,325,1,493.994000,90.629000,1,1,1.000000,1,48,16,961
bug-bug2,with_roads,sierpinski_evil,287,256,1,41.681000,41.681000,1,1,1.000000,1,3,1,961
bug-bug2,with_roads,sierpinski_evil,155,114,1,719.171000,116.582000,1,1,1.105263,0,63,21,961
bug-bug2,with_roads,sierpinski_evil,696,95,1,687.991000,77.815000,1,1,1.551724,1,45,19,961
bug-bug2,with_roads,sierpinski_evil,774,532,1,835.183000,122.219000,1,1,1.652174,1,76,28,961
bug-bug2,with_roads,sierpinski_evil,33,31,1,139.140000,95.632000,1,1,1.000000,1,4,2,961
bug-bug2,with_roads,sierpinski_evil,101,251,1,344.755000,83.748000,1,1,1.000000,1,15,5,961
bug-bug2,with_roads,sierpinski_evil,275,638,1,771.365000,101.799000,1,1,1.000000,1,34,12,961
bug-bug2,with_roads,sierpinski_evil,790,28,1,1110.489000,345.200000,1,1,1.000000,1,73,25,961
bug-bug2,no_roads,skyscraper,1704,310,1,1425.453000,228.244000,1,1,1.000000,1,129,43,1750
bug-bug2,no_roads,skyscraper,65,723,1,2262.845000,211.801000,1,1,1.026667,1,231,77,1750
bug-bug2,no_roads,skyscraper,647,594,1,2026.994000,244.377000,1,1,1.112903,1,207,69,1750
bug-bug2,no_roads,skyscraper,376,286,1,2743.649000,231.529000,1,1,1.132530,0,282,94,1750
bug-bug2,no_roads,skyscraper,1451,243,1,1496.717000,272.312000,1,1,1.000000,1,159,53,1750
bug-bug2,no_roads,skyscraper,1571,1125,1,1832.323000,276.209000,1,1,1.560976,1,192,64,1750
bug-bug2,no_roads,skyscraper,81,76,1,2197.409000,152.860000,1,1,1.010870,1,279,93,1750
bug-bug2,no_roads,skyscraper,258,582,1,340.533000,66.682000,1,1,1.000000,1,39,13,1750
bug-bug2,no_roads,skyscraper,617,1352,1,595.704000,78.315000,1,1,1.000000,1,69,23,1750
bug-bug2,no_roads,skyscraper,1606,68,1,1002.628000,56.751000,1,1,1.000000,1,132,44,1750
bug-bug2,with_roads,skyscraper,1704,310,1,1130.672000,174.734000,1,1,1.000000,1,129,43,1750
bug-bug2,with_roads,skyscraper,65,723,1,1780.800000,168.481000,1,1,1.026667,1,231,77,1750
bug-bug2,with_roads,skyscraper,647,594,1,1625.370000,194.091000,1,1,1.112903,1,207,69,1750
bug-bug2,with_roads,skyscraper,376,286,1,2278.400000,175.644000,1,1,1.600000,1,176,94,1750
bug-bug2,with_roads,skyscraper,1451,243,1,1391.562000,245.484000,1,1,1.000000,1,159,53,1750
bug-bug2,with_roads,skyscraper,1571,1125,1,1561.901000,249.535000,1,1,1.565217,1,144,64,1750
bug-bug2,with_roads,skyscraper,81,76,1,2280.576000,148.483000,1,1,1.491379,1,173,93,1750
bug-bug2,with_roads,skyscraper,258,582,1,356.107000,69.182000,1,1,1.148148,0,31,13,1750
bug-bug2,with_roads,skyscraper,617,1352,1,608.151000,79.837000,1,1,1.000000,1,69,23,1750
bug-bug2,with_roads,skyscraper,1606,68,1,999.963000,61.947000,1,1,1.000000,1,132,44,1750
bug-bug2,no_roads,socket,947,157,1,1255.257000,198.844000,1,1,1.041667,1,150,50,1000
bug-bug2,no_roads,socket,30,394,1,371.591000,48.507000,1,1,1.000000,1,45,15,1000
bug-bug2,no_roads,socket,358,320,1,467.636000,98.198000,1,1,1.000000,1,57,19,1000
bug-bug2,no_roads,socket,203,146,1,1266.128000,160.998000,1,1,1.000000,1,153,51,1000
bug-bug2,no_roads,socket,993,800,1,1414.161000,149.338000,1,1,1.035714,0,174,58,1000
bug-bug2,no_roads,socket,115,863,1,1074.309000,166.456000,1,1,1.000000,1,135,45,1000
bug-bug2,no_roads,socket,622,39,1,1038.907000,135.610000,1,1,1.250000,1,120,40,1000
bug-bug2,no_roads,socket,36,134,1,40.283000,23.160000,1,1,1.000000,1,6,2,1000
bug-bug2,no_roads,socket,309,336,1,788.554000,105.881000,1,1,1.000000,1,102,34,1000
bug-bug2,no_roads,socket,741,890,1,79.647000,30.764000,1,1,1.000000,1,9,3,1000
bug-bug2,with_roads,socket,947,157,1,1277.709000,198.490000,1,1,1.558140,1,134,50,1000
bug-bug2,with_roads,socket,30,394,1,358.747000,47.827000,1,1,1.054054,1,39,15,1000
bug-bug2,with_roads,socket,358,320,1,454.110000,99.862000,1,1,1.518519,1,41,19,1000
bug-bug2,with_roads,socket,203,146,1,1286.740000,166.143000,1,1,1.215054,1,113,51,1000
bug-bug2,with_roads,socket,993,800,1,1455.539000,192.724000,1,1,1.035714,0,174,58,1000
bug-bug2,with_roads,socket,115,863,1,1087.512000,168.527000,1,1,1.217822,1,123,45,1000
bug-bug2,with_roads,socket,622,39,1,1007.550000,138.539000,1,1,1.250000,1,120,40,1000
bug-bug2,with_roads,socket,36,134,1,39.370000,22.372000,1,1,1.000000,1,6,2,1000
bug-bug2,with_roads,socket,309,336,1,769.517000,105.677000,1,1,1.739130,1,80,34,1000
bug-bug2,with_roads,socket,741,890,1,76.762000,30.551000,1,1,1.000000,1,9,3,1000
bug-bug2,no_roads,spikes,156,35,1,78.617000,36.815000,1,1,1.000000,1,9,3,1000
bug-bug2,no_roads,spikes,395,350,1,229.346000,70.228000,1,1,1.000000,1,21,7,1000
bug-bug2,no_roads,spikes,320,194,1,1332.044000,171.404000,1,1,1.000000,1,153,51,1000
bug-bug2,no_roads,spikes,141,829,1,527.412000,81.559000,1,1,1.000000,1,60,20,1000
bug-bug2,no_roads,spikes,121,922,1,377.913000,54.855000,1,1,1.000000,1,60,20,1000
bug-bug2,no_roads,spikes,613,42,1,459.555000,76.907000,1,1,1.000000,1,54,18,1000
bug-bug2,no_roads,spikes,40,127,1,141.014000,22.951000,1,1,1.000000,1,21,7,1000
bug-bug2,no_roads,spikes,313,334,1,827.261000,110.762000,1,1,1.000000,1,93,31,1000
bug-bug2,no_roads,spikes,751,958,1,674.603000,80.724000,1,1,1.000000,1,99,33,1000
bug-bug2,no_roads,spikes,37,863,1,612.520000,68.018000,1,1,1.000000,1,75,25,1000
bug-bug2,with_roads,spikes,156,35,1,81.244000,38.270000,1,1,1.000000,1,9,3,1000
bug-bug2,with_roads,spikes,395,350,1,208.817000,60.652000,1,1,1.181818,1,13,7,1000
bug-bug2,with_roads,spikes,320,194,1,1443.729000,174.947000,1,1,1.140845,1,81,51,1000
bug-bug2,with_roads,spikes,141,829,1,539.034000,82.384000,1,1,1.150000,0,46,20,1000
bug-bug2,with_roads,spikes,121,922,1,349.299000,49.374000,1,1,1.034483,0,60,20,1000
bug-bug2,with_roads,spikes,613,42,1,447.052000,75.310000,1,1,1.466667,1,44,18,1000
bug-bug2,with_roads,spikes,40,127,1,143.837000,23.059000,1,1,1.615385,0,21,7,1000
bug-bug2,with_roads,spikes,313,334,1,803.203000,120.096000,1,1,1.153846,1,45,31,1000
bug-bug2,with_roads,spikes,751,958,1,651.630000,77.673000,1,1,1.000000,1,95,33,1000
bug-bug2,with_roads,spikes,37,863,1,602.530000,67.315000,1,1,1.059701,1,71,25,1000
bug-bug2,no_roads,squares,334,51,1,482.817000,90.643000,1,1,1.000000,1,66,22,1936
bug-bug2,no_roads,squares,845,777,1,471.014000,58.151000,1,1,1.000000,1,60,20,1936
bug-bug2,no_roads,squares,703,433,1,189.943000,42.770000,1,1,1.000000,1,24,8,1936
bug-bug2,no_roads,squares,305,1758,1,665.912000,44.060000,1,1,1.000000,1,99,33,1936
bug-bug2,no_roads,squares,61,265,1,378.798000,69.767000,1,1,1.000000,1,54,18,1936
bug-bug2,no_roads,squares,1594,1904,1,165.436000,47.480000,1,1,1.000000,1,21,7,1936
bug-bug2,no_roads,squares,54,1821,1,1030.518000,141.353000,1,1,1.000000,1,132,44,1936
bug-bug2,no_roads,squares,1425,1878,1,402.894000,69.927000,1,1,1.000000,1,51,17,1936
bug-bug2,no_roads,squares,857,13,1,481.582000,86.534000,1,1,1.000000,1,60,20,1936
bug-bug2,no_roads,squares,1080,857,1,137.655000,34.039000,1,1,1.000000,1,15,5,1936
bug-bug2,with_roads,squares,334,51,1,486.195000,96.681000,1,1,2.454545,1,54,22,1936
bug-bug2,with_roads,squares,845,777,1,449.781000,56.873000,1,1,1.208333,1,58,20,1936
bug-bug2,with_roads,squares,703,433,1,183.213000,41.262000,1,1,1.000000,1,24,8,1936
bug-bug2,with_roads,squares,305,1758,1,646.923000,42.994000,1,1,1.043011,1,97,33,1936
bug-bug2,with_roads,squares,61,265,1,381.519000,70.840000,1,1,1.733333,0,52,18,1936
bug-bug2,with_roads,squares,1594,1904,1,162.207000,48.944000,1,1,1.000000,1,21,7,1936
bug-bug2,with_roads,squares,54,1821,1,1017.806000,145.530000,1,1,1.511628,1,130,44,1936
bug-bug2,with_roads,squares,1425,1878,1,393.228000,66.374000,1,1,1.000000,1,51,17,1936
bug-bug2,with_roads,squares,857,13,1,473.982000,92.959000,1,1,1.571429,1,44,20,1936
bug-bug2,with_roads,squares,1080,857,1,134.138000,33.668000,1,1,1.400000,0,7,5,1936
bug-bug2,no_roads,squiggles,1541,241,1,1188.871000,192.489000,1,1,1.000000,1,123,41,2401
bug-bug2,no_roads,squiggles,52,1780,1,967.577000,114.794000,1,1,1.028571,1,108,36,2401
bug-bug2,no_roads,squiggles,666,586,1,468.979000,42.770000,1,1,1.000000,1,54,18,2401
bug-bug2,no_roads,squiggles,533,303,1,1371.870000,139.604000,1,1,1.000000,1,159,53,2401
bug-bug2,no_roads,squiggles,1770,219,1,1858.021000,199.064000,1,1,1.245614,1,213,71,2401
bug-bug2,no_roads,squiggles,1629,1778,1,288.307000,59.753000,1,1,1.000000,1,30,10,2401
bug-bug2,no_roads,squiggles,2174,1313,1,1266.687000,134.077000,1,1,1.116279,1,144,48,2401
bug-bug2,no_roads,squiggles,184,1429,1,875.741000,91.083000,1,1,1.000000,1,96,32,2401
bug-bug2,no_roads,squiggles,1005,66,1,1280.297000,141.188000,1,1,1.090909,1,144,48,2401
bug-bug2,no_roads,squiggles,62,201,1,206.853000,31.834000,1,1,1.000000,1,24,8,2401
bug-bug2,with_roads,squiggles,1541,241,1,1208.944000,196.103000,1,1,1.194175,0,123,41,2401
bug-bug2,with_roads,squiggles,52,1780,1,1103.184000,142.443000,1,1,1.976744,0,85,37,2401
bug-bug2,with_roads,squiggles,666,586,1,472.424000,41.958000,1,1,1.148936,0,54,18,2401
bug-bug2,with_roads,squiggles,533,303,1,1415.919000,139.038000,1,1,1.164706,1,99,53,2401
bug-bug2,with_roads,squiggles,1770,219,1,1876.130000,204.875000,1,1,1.587156,0,173,71,2401
bug-bug2,with_roads,squiggles,1629,1778,1,288.899000,60.154000,1,1,1.000000,1,18,10,2401
bug-bug2,with_roads,squiggles,2174,1313,1,1274.701000,135.439000,1,1,1.116279,1,144,48,2401
bug-bug2,with_roads,squiggles,184,1429,1,1260.208000,156.251000,1,1,1.087719,1,62,32,2401
bug-bug2,with_roads,squiggles,1005,66,1,1958.698000,203.526000,1,1,1.244444,1,112,50,2401
bug-bug2,with_roads,squiggles,62,201,1,266.494000,43.804000,1,1,1.000000,1,24,8,2401
bug-bug2,no_roads,starry_night,1412,228,1,869.685000,108.460000,1,1,1.040000,1,78,26,2050
bug-bug2,no_roads,starry_night,51,1649,1,1724.855000,140.331000,1,1,1.020833,1,147,49,2050
bug-bug2,no_roads,starry_night,586,516,1,809.526000,150.966000,1,1,1.000000,1,66,22,2050
bug-bug2,no_roads,starry_night,466,285,1,664.368000,82.921000,1,1,1.000000,1,60,20,2050
bug-bug2,no_roads,starry_night,1639,209,1,1144.165000,128.165000,1,1,1.000000,1,99,33,2050
bug-bug2,no_roads,starry_night,1502,1647,1,1615.461000,158.195000,1,1,1.000000,1,135,45,2050
bug-bug2,no_roads,starry_night,1963,1201,1,483.655000,48.779000,1,1,1.000000,1,45,15,2050
bug-bug2,no_roads,starry_night,178,1302,1,1046.368000,149.275000,1,1,1.000000,1,90,30,2050
bug-bug2,no_roads,starry_night,920,65,1,529.556000,73.551000,1,1,1.000000,1,51,17,2050
bug-bug2,no_roads,starry_night,61,191,1,770.725000,46.521000,1,1,1.000000,1,90,30,2050
bug-bug2,with_roads,starry_night,1412,228,1,676.441000,87.095000,1,1,1.040000,1,78,26,2050
bug-bug2,with_roads,starry_night,51,1649,1,1304.165000,108.420000,1,1,1.289474,0,147,49,2050
bug-bug2,with_roads,starry_night,586,516,1,655.818000,122.166000,1,1,1.064516,0,66,22,2050
bug-bug2,with_roads,starry_night,466,285,1,536.165000,66.389000,1,1,1.111111,1,60,20,2050
bug-bug2,with_roads,starry_night,1639,209,1,926.212000,102.795000,1,1,1.000000,1,99,33,2050
bug-bug2,with_roads,starry_night,1502,1647,1,1264.736000,107.797000,1,1,1.000000,1,135,45,2050
bug-bug2,with_roads,starry_night,1963,1201,1,385.317000,36.389000,1,1,1.000000,1,45,15,2050
bug-bug2,with_roads,starry_night,178,1302,1,927.137000,117.102000,1,1,1.046512,0,90,30,2050
bug-bug2,with_roads,starry_night,920,65,1,466.675000,63.205000,1,1,1.000000,1,51,17,2050
bug-bug2,with_roads,starry_night,61,191,1,688.274000,39.518000,1,1,1.500000,0,90,30,2050
bug-bug2,no_roads,strings,798,120,1,574.474000,66.798000,1,1,1.000000,1,63,21,1225
bug-bug2,no_roads,strings,25,932,1,649.233000,87.348000,1,1,1.000000,1,78,26,1225
bug-bug2,no_roads,strings,334,293,1,332.263000,65.650000,1,1,1.000000,1,39,13,1225
bug-bug2,no_roads,strings,266,153,1,211.352000,52.788000,1,1,1.000000,1,24,8,1225
bug-bug2,no_roads,strings,926,104,1,1166.316000,140.952000,1,1,1.210526,0,138,46,1225
bug-bug2,no_roads,strings,849,931,1,915.038000,122.950000,1,1,1.090909,1,108,36,1225
bug-bug2,no_roads,strings,1129,678,1,332.443000,54.062000,1,1,1.000000,1,39,13,1225
bug-bug2,no_roads,strings,89,736,1,731.144000,103.639000,1,1,1.115385,1,87,29,1225
bug-bug2,no_roads,strings,521,32,1,381.992000,76.418000,1,1,1.000000,1,42,14,1225
bug-bug2,no_roads,strings,30,95,1,106.717000,25.536000,1,1,1.000000,1,15,5,1225
bug-bug2,with_roads,strings,798,120,1,591.889000,76.227000,1,1,1.000000,1,63,21,1225
bug-bug2,with_roads,strings,25,932,1,654.323000,85.398000,1,1,1.000000,1,78,26,1225
bug-bug2,with_roads,strings,334,293,1,332.416000,66.821000,1,1,1.000000,1,39,13,1225
bug-bug2,with_roads,strings,266,153,1,211.778000,54.334000,1,1,1.000000,1,24,8,1225
bug-bug2,with_roads,strings,926,104,1,1167.993000,144.282000,1,1,1.352941,1,138,46,1225
bug-bug2,with_roads,strings,849,931,1,919.019000,122.815000,1,1,1.090909,1,108,36,1225
bug-bug2,with_roads,strings,1129,678,1,329.734000,52.657000,1,1,1.000000,1,39,13,1225
bug-bug2,with_roads,strings,89,736,1,736.814000,108.080000,1,1,1.129870,0,87,29,1225
bug-bug2,with_roads,strings,521,32,1,343.658000,74.240000,1,1,1.000000,1,42,14,1225
bug-bug2,with_roads,strings,30,95,1,90.999000,24.904000,1,1,1.000000,1,9,5,1225
bug-bug2,no_roads,sunset,729,164,1,432.674000,45.638000,1,1,1.000000,1,48,16,875
bug-bug2,no_roads,sunset,29,841,1,742.309000,76.894000,1,1,1.000000,1,87,29,875
bug-bug2,no_roads,sunset,343,312,1,110.036000,34.282000,1,1,1.000000,1,12,4,875
bug-bug2,no_roads,sunset,287,194,1,305.273000,38.557000,1,1,1.000000,1,36,12,875
bug-bug2,no_roads,sunset,834,154,1,514.994000,49.084000,1,1,1.000000,1,57,19,875
bug-bug2,no_roads,sunset,768,840,1,788.307000,63.368000,1,1,1.000000,1,99,33,875
bug-bug2,no_roads,sunset,626,136,1,352.756000,46.910000,1,1,1.000000,1,42,14,875
bug-bug2,no_roads,sunset,676,494,1,201.504000,46.714000,1,1,1.000000,1,21,7,875
bug-bug2,no_roads,sunset,36,34,1,527.089000,66.668000,1,1,1.000000,1,99,33,875
bug-bug2,no_roads,sunset,145,279,1,717.380000,53.945000,1,1,1.000000,1,87,29,875
bug-bug2,with_roads,sunset,729,164,1,619.705000,73.539000,1,1,1.000000,1,48,16,875
bug-bug2,with_roads,sunset,29,841,1,1207.991000,205.121000,1,1,1.023529,1,87,29,875
bug-bug2,with_roads,sunset,343,312,1,142.247000,48.093000,1,1,1.000000,1,12,4,875
bug-bug2,with_roads,sunset,287,194,1,392.719000,51.431000,1,1,1.500000,1,36,12,875
bug-bug2,with_roads,sunset,834,154,1,659.377000,72.228000,1,1,1.000000,1,55,19,875
bug-bug2,with_roads,sunset,768,840,1,881.792000,69.591000,1,1,1.000000,1,99,33,875
bug-bug2,with_roads,sunset,626,136,1,441.933000,59.525000,1,1,1.000000,1,42,14,875
bug-bug2,with_roads,sunset,676,494,1,257.033000,60.362000,1,1,1.000000,1,21,7,875
bug-bug2,with_roads,sunset,36,34,1,651.513000,83.153000,1,1,1.163934,1,71,33,875
bug-bug2,with_roads,sunset,145,279,1,886.349000,70.212000,1,1,1.298507,0,87,29,875
bug-bug2,no_roads,tea,809,125,1,1210.699000,157.939000,1,1,1.151515,1,114,38,900
bug-bug2,no_roads,tea,25,332,1,702.806000,97.934000,1,1,1.000000,1,69,23,900
bug-bug2,no_roads,tea,295,269,1,214.797000,64.022000,1,1,1.000000,1,21,7,900
bug-bug2,no_roads,tea,160,115,1,614.211000,87.279000,1,1,1.000000,1,48,16,900
bug-bug2,no_roads,tea,851,692,1,486.348000,97.459000,1,1,1.000000,1,33,11,900
bug-bug2,no_roads,tea,96,751,1,978.617000,157.535000,1,1,1.000000,1,66,22,900
bug-bug2,no_roads,tea,537,32,1,1539.779000,189.839000,1,1,1.142857,1,96,32,900
bug-bug2,no_roads,tea,30,103,1,349.841000,56.738000,1,1,1.000000,1,39,13,900
bug-bug2,no_roads,tea,263,280,1,468.756000,94.099000,1,1,1.000000,1,42,14,900
bug-bug2,no_roads,tea,640,766,1,233.417000,54.661000,1,1,1.000000,1,21,7,900
bug-bug2,with_roads,tea,809,125,1,1221.640000,152.674000,1,1,1.641791,1,110,38,900
bug-bug2,with_roads,tea,25,332,1,690.722000,99.647000,1,1,1.083333,1,65,23,900
bug-bug2,with_roads,tea,295,269,1,213.364000,62.975000,1,1,1.000000,1,21,7,900
bug-bug2,with_roads,tea,160,115,1,456.354000,86.580000,1,1,1.000000,1,48,16,900
bug-bug2,with_roads,tea,851,692,1,310.032000,62.887000,1,1,1.000000,1,33,11,900
bug-bug2,with_roads,tea,96,751,1,633.578000,94.936000,1,1,1.550000,1,62,22,900
bug-bug2,with_roads,tea,537,32,1,1030.511000,131.076000,1,1,1.433333,0,86,32,900
bug-bug2,with_roads,tea,30,103,1,341.973000,52.109000,1,1,1.480000,1,37,13,900
bug-bug2,with_roads,tea,263,280,1,467.768000,87.373000,1,1,1.000000,1,42,14,900
bug-bug2,with_roads,tea,640,766,1,232.040000,54.318000,1,1,1.133333,1,17,7,900
bug-bug2,no_roads,the_great_divide,1804,272,1,1114.362000,167.586000,1,1,1.027027,1,114,38,2500
bug-bug2,no_roads,the_great_divide,53,2106,1,1019.153000,92.831000,1,1,1.000000,1,123,41,2500
bug-bug2,no_roads,the_great_divide,748,661,1,1789.375000,203.039000,1,1,1.386364,0,183,61,2500
bug-bug2,no_roads,the_great_divide,602,353,1,138.366000,45.008000,1,1,1.000000,1,15,5,2500
bug-bug2,no_roads,the_great_divide,2091,241,1,948.441000,81.647000,1,1,1.000000,1,111,37,2500
bug-bug2,no_roads,the_great_divide,1912,2101,1,300.983000,73.768000,1,1,1.000000,1,33,11,2500
bug-bug2,no_roads,the_great_divide,2497,1538,1,473.013000,68.649000,1,1,1.000000,1,57,19,2500
bug-bug2,no_roads,the_great_divide,201,1680,1,2312.761000,276.200000,1,1,1.185714,1,249,83,2500
bug-bug2,no_roads,the_great_divide,1188,67,1,1132.412000,173.501000,1,1,1.000000,1,132,44,2500
bug-bug2,no_roads,the_great_divide,63,220,1,188.887000,40.881000,1,1,1.000000,1,24,8,2500
bug-bug2,with_roads,the_great_divide,1804,272,1,1020.782000,156.502000,1,1,1.520000,1,114,38,2500
bug-bug2,with_roads,the_great_divide,53,2106,1,1060.852000,99.610000,1,1,1.863636,0,123,41,2500
bug-bug2,with_roads,the_great_divide,748,661,1,1570.988000,203.531000,1,1,1.766667,0,159,61,2500
bug-bug2,with_roads,the_great_divide,602,353,1,127.714000,41.834000,1,1,1.153846,0,15,5,2500
bug-bug2,with_roads,the_great_divide,2091,241,1,958.899000,84.434000,1,1,1.754098,1,107,37,2500
bug-bug2,with_roads,the_great_divide,1912,2101,1,304.807000,81.405000,1,1,1.000000,1,33,11,2500
bug-bug2,with_roads,the_great_divide,2497,1538,1,480.927000,67.833000,1,1,1.000000,1,57,19,2500
bug-bug2,with_roads,the_great_divide,201,1680,1,2070.090000,251.239000,1,1,2.829545,0,249,83,2500
bug-bug2,with_roads,the_great_divide,1188,67,1,1125.508000,175.967000,1,1,2.039216,0,104,44,2500
bug-bug2,with_roads,the_great_divide,63,220,1,187.677000,40.780000,1,1,1.500000,0,24,8,2500
bug-bug2,no_roads,the_powerful_egg,1455,238,1,1292.778000,181.912000,1,1,1.205128,1,141,47,1750
bug-bug2,no_roads,the_powerful_egg,57,1669,1,850.219000,45.963000,1,1,1.000000,1,96,32,1750
bug-bug2,no_roads,the_powerful_egg,611,538,1,721.249000,80.301000,1,1,1.000000,1,81,27,1750
bug-bug2,no_roads,the_powerful_egg,491,299,1,217.246000,39.282000,1,1,1.000000,1,24,8,1750
bug-bug2,no_roads,the_powerful_egg,1659,219,1,772.105000,58.895000,1,1,1.000000,1,87,29,1750
bug-bug2,no_roads,the_powerful_egg,1531,1667,1,345.271000,39.879000,1,1,1.000000,1,42,14,1750
bug-bug2,no_roads,the_powerful_egg,1254,188,1,985.751000,129.712000,1,1,1.028571,1,108,36,1750
bug-bug2,no_roads,the_powerful_egg,1352,964,1,331.473000,36.582000,1,1,1.000000,1,36,12,1750
bug-bug2,no_roads,the_powerful_egg,72,68,1,87.723000,29.438000,1,1,1.000000,1,12,4,1750
bug-bug2,no_roads,the_powerful_egg,201,481,1,829.172000,71.972000,1,1,1.000000,1,90,30,1750
bug-bug2,with_roads,the_powerful_egg,1455,238,1,1322.047000,196.673000,1,1,1.205128,1,141,47,1750
bug-bug2,with_roads,the_powerful_egg,57,1669,1,829.159000,46.290000,1,1,1.000000,1,96,32,1750
bug-bug2,with_roads,the_powerful_egg,611,538,1,691.483000,80.467000,1,1,1.051948,0,81,27,1750
bug-bug2,with_roads,the_powerful_egg,491,299,1,215.491000,38.455000,1,1,1.000000,1,24,8,1750
bug-bug2,with_roads,the_powerful_egg,1659,219,1,755.457000,58.561000,1,1,1.000000,1,87,29,1750
bug-bug2,with_roads,the_powerful_egg,1531,1667,1,334.123000,39.660000,1,1,1.000000,1,42,14,1750
bug-bug2,with_roads,the_powerful_egg,1254,188,1,1030.574000,150.722000,1,1,1.028571,1,108,36,1750
bug-bug2,with_roads,the_powerful_egg,1352,964,1,334.294000,38.377000,1,1,1.000000,1,36,12,1750
bug-bug2,with_roads,the_powerful_egg,72,68,1,88.342000,29.401000,1,1,2.500000,0,10,4,1750
bug-bug2,with_roads,the_powerful_egg,201,481,1,779.684000,72.880000,1,1,1.666667,0,90,30,1750
bug-bug2,no_roads,thread_of_connection,380,61,1,378.883000,57.342000,1,1,1.062500,1,51,17,400
bug-bug2,no_roads,thread_of_connection,13,161,1,680.259000,72.063000,1,1,1.035714,1,87,29,400
bug-bug2,no_roads,thread_of_connection,138,122,1,605.204000,75.554000,1,1,1.000000,1,75,25,400
bug-bug2,no_roads,thread_of_connection,77,56,1,24.271000,24.271000,1,1,1.000000,1,3,1,400
bug-bug2,no_roads,thread_of_connection,327,47,1,353.316000,60.675000,1,1,1.000000,1,42,14,400
bug-bug2,no_roads,thread_of_connection,353,257,1,128.831000,31.616000,1,1,1.000000,1,15,5,400
bug-bug2,no_roads,thread_of_connection,17,16,1,20.282000,20.282000,1,1,1.000000,1,3,1,400
bug-bug2,no_roads,thread_of_connection,50,119,1,627.824000,73.650000,1,1,1.038462,1,81,27,400
bug-bug2,no_roads,thread_of_connection,129,305,1,395.138000,60.488000,1,1,1.000000,1,45,15,400
bug-bug2,no_roads,thread_of_connection,359,14,1,392.069000,45.322000,1,1,1.000000,1,51,17,400
bug-bug2,with_roads,thread_of_connection,380,61,1,375.698000,56.539000,1,1,1.062500,1,51,17,400
bug-bug2,with_roads,thread_of_connection,13,161,1,680.951000,72.775000,1,1,1.035714,1,87,29,400
bug-bug2,with_roads,thread_of_connection,138,122,1,620.077000,84.526000,1,1,1.000000,1,75,25,400
bug-bug2,with_roads,thread_of_connection,77,56,1,24.102000,24.102000,1,1,1.000000,1,3,1,400
bug-bug2,with_roads,thread_of_connection,327,47,1,349.705000,61.261000,1,1,1.000000,1,42,14,400
bug-bug2,with_roads,thread_of_connection,353,257,1,129.241000,32.462000,1,1,1.000000,1,15,5,400
bug-bug2,with_roads,thread_of_connection,17,16,1,22.054000,22.054000,1,1,1.000000,1,3,1,400
bug-bug2,with_roads,thread_of_connection,50,119,1,620.166000,61.644000,1,1,1.038462,1,81,27,400
bug-bug2,with_roads,thread_of_connection,129,305,1,374.678000,59.249000,1,1,1.000000,1,45,15,400
bug-bug2,with_roads,thread_of_connection,359,14,1,386.839000,43.700000,1,1,1.000000,1,51,17,400
bug-bug2,no_roads,tiles,873,161,1,1207.130000,185.020000,1,1,1.000000,1,138,46,1200
bug-bug2,no_roads,tiles,28,1029,1,638.631000,86.828000,1,1,1.000000,1,75,25,1200
bug-bug2,no_roads,tiles,386,352,1,394.092000,81.832000,1,1,1.000000,1,45,15,1200
bug-bug2,no_roads,tiles,952,1028,1,95.097000,30.603000,1,1,1.000000,1,12,4,1200
bug-bug2,no_roads,tiles,764,100,1,749.024000,133.551000,1,1,1.000000,1,87,29,1200
bug-bug2,no_roads,tiles,816,591,1,832.842000,130.975000,1,1,1.000000,1,96,32,1200
bug-bug2,no_roads,tiles,107,321,1,680.145000,114.984000,1,1,1.000000,1,84,28,1200
bug-bug2,no_roads,tiles,338,685,1,432.785000,72.735000,1,1,1.000000,1,51,17,1200
bug-bug2,no_roads,tiles,783,263,1,324.047000,55.075000,1,1,1.000000,1,39,13,1200
bug-bug2,no_roads,tiles,982,764,1,563.594000,116.353000,1,1,1.000000,1,66,22,1200
bug-bug2,with_roads,tiles,873,161,1,1164.364000,178.247000,1,1,1.086614,0,138,46,1200
bug-bug2,with_roads,tiles,28,1029,1,606.891000,86.655000,1,1,1.000000,1,75,25,1200
bug-bug2,with_roads,tiles,386,352,1,372.581000,83.548000,1,1,1.000000,1,45,15,1200
bug-bug2,with_roads,tiles,952,1028,1,93.205000,30.700000,1,1,1.000000,1,12,4,1200
bug-bug2,with_roads,tiles,764,100,1,746.679000,146.320000,1,1,1.000000,1,87,29,1200
bug-bug2,with_roads,tiles,816,591,1,816.762000,133.861000,1,1,1.000000,1,96,32,1200
bug-bug2,with_roads,tiles,107,321,1,683.714000,115.359000,1,1,1.063291,1,84,28,1200
bug-bug2,with_roads,tiles,338,685,1,437.379000,76.851000,1,1,1.000000,1,51,17,1200
bug-bug2,with_roads,tiles,783,263,1,342.303000,60.642000,1,1,1.000000,1,39,13,1200
bug-bug2,with_roads,tiles,982,764,1,581.004000,118.669000,1,1,1.000000,1,66,22,1200
bug-bug2,no_roads,tree_of_life,244,51,1,141.018000,49.379000,1,1,1.000000,1,15,5,1170
bug-bug2,no_roads,tree_of_life,604,539,1,412.384000,64.896000,1,1,1.000000,1,42,14,1170
bug-bug2,no_roads,tree_of_life,493,311,1,348.813000,38.649000,1,1,1.000000,1,39,13,1170
bug-bug2,no_roads,tree_of_life,220,182,1,33.775000,33.775000,1,1,1.000000,1,3,1,1170
bug-bug2,no_roads,tree_of_life,948,65,1,741.057000,96.899000,1,1,1.037037,1,84,28,1170
bug-bug2,no_roads,tree_of_life,61,195,1,489.874000,35.749000,1,1,1.000000,1,66,22,1170
bug-bug2,no_roads,tree_of_life,481,512,1,245.087000,37.436000,1,1,1.000000,1,24,8,1170
bug-bug2,no_roads,tree_of_life,1131,54,1,746.802000,61.690000,1,1,1.000000,1,84,28,1170
bug-bug2,no_roads,tree_of_life,439,936,1,322.635000,40.277000,1,1,1.000000,1,39,13,1170
bug-bug2,no_roads,tree_of_life,486,1016,1,595.705000,76.344000,1,1,1.050000,1,63,21,1170
bug-bug2,with_roads,tree_of_life,244,51,1,141.523000,48.469000,1,1,1.000000,1,15,5,1170
bug-bug2,with_roads,tree_of_life,604,539,1,395.967000,65.052000,1,1,1.000000,1,42,14,1170
bug-bug2,with_roads,tree_of_life,493,311,1,332.171000,36.819000,1,1,1.000000,1,39,13,1170
bug-bug2,with_roads,tree_of_life,220,182,1,29.980000,29.980000,1,1,1.000000,1,3,1,1170
bug-bug2,with_roads,tree_of_life,948,65,1,744.037000,92.395000,1,1,1.126761,1,80,28,1170
bug-bug2,with_roads,tree_of_life,61,195,1,488.897000,34.703000,1,1,1.066667,1,64,22,1170
bug-bug2,with_roads,tree_of_life,481,512,1,227.437000,36.709000,1,1,1.000000,1,24,8,1170
bug-bug2,with_roads,tree_of_life,1131,54,1,724.410000,57.382000,1,1,1.138889,1,82,28,1170
bug-bug2,with_roads,tree_of_life,439,936,1,333.126000,39.455000,1,1,1.057143,1,37,13,1170
bug-bug2,with_roads,tree_of_life,486,1016,1,557.276000,70.903000,1,1,1.086207,1,63,21,1170
bug-bug2,no_roads,vase,279,58,1,258.949000,50.084000,1,1,1.000000,1,33,11,1400
bug-bug2,no_roads,vase,706,632,1,114.847000,36.141000,1,1,1.000000,1,12,4,1400
bug-bug2,no_roads,vase,583,348,1,363.025000,57.960000,1,1,1.000000,1,42,14,1400
bug-bug2,no_roads,vase,256,1364,1,1799.626000,282.360000,1,1,1.500000,0,207,69,1400
bug-bug2,no_roads,vase,217,1068,1,925.624000,133.323000,1,1,1.000000,1,114,38,1400
bug-bug2,no_roads,vase,72,68,1,589.001000,70.227000,1,1,1.000000,1,93,31,1400
bug-bug2,no_roads,vase,237,568,1,1131.608000,197.935000,1,1,1.451613,1,135,45,1400
bug-bug2,no_roads,vase,602,1267,1,513.276000,42.981000,1,1,1.000000,1,57,19,1400
bug-bug2,no_roads,vase,61,518,1,462.882000,76.648000,1,1,1.000000,1,51,17,1400
bug-bug2,no_roads,vase,1364,1061,1,1961.849000,163.709000,1,1,1.144928,1,237,79,1400
bug-bug2,with_roads,vase,279,58,1,264.891000,53.028000,1,1,1.100000,0,33,11,1400
bug-bug2,with_roads,vase,706,632,1,114.563000,36.137000,1,1,1.000000,1,12,4,1400
bug-bug2,with_roads,vase,583,348,1,371.079000,58.894000,1,1,1.307692,0,34,14,1400
bug-bug2,with_roads,vase,256,1364,1,1753.729000,273.354000,1,1,2.310811,0,171,69,1400
bug-bug2,with_roads,vase,217,1068,1,917.730000,126.443000,1,1,1.175258,0,114,38,1400
bug-bug2,with_roads,vase,72,68,1,590.550000,69.756000,1,1,1.553191,0,73,31,1400
bug-bug2,with_roads,vase,237,568,1,1156.018000,196.931000,1,1,1.767123,1,129,45,1400
bug-bug2,with_roads,vase,602,1267,1,753.278000,65.711000,1,1,1.000000,1,57,19,1400
bug-bug2,with_roads,vase,61,518,1,439.135000,75.123000,1,1,1.031250,1,33,17,1400
bug-bug2,with_roads,vase,1364,1061,1,1903.070000,159.629000,1,1,1.461538,1,209,79,1400
bug-bug2,no_roads,wall,808,152,1,1067.746000,146.611000,1,1,1.258065,1,117,39,1024
bug-bug2,no_roads,wall,366,306,1,635.534000,85.509000,1,1,1.000000,1,78,26,1024
bug-bug2,no_roads,wall,284,198,1,501.231000,39.459000,1,1,1.000000,1,66,22,1024
bug-bug2,no_roads,wall,849,916,1,79.409000,32.237000,1,1,1.000000,1,9,3,1024
bug-bug2,no_roads,wall,682,119,1,998.180000,124.309000,1,1,1.407407,0,114,38,1024
bug-bug2,no_roads,wall,746,536,1,480.248000,62.445000,1,1,1.000000,1,54,18,1024
bug-bug2,no_roads,wall,32,30,1,457.884000,31.069000,1,1,1.000000,1,90,30,1024
bug-bug2,no_roads,wall,127,279,1,192.749000,39.142000,1,1,1.000000,1,24,8,1024
bug-bug2,no_roads,wall,294,641,1,474.102000,74.825000,1,1,1.000000,1,54,18,1024
bug-bug2,no_roads,wall,698,259,1,764.229000,95.154000,1,1,1.074074,1,87,29,1024
bug-bug2,with_roads,wall,808,152,1,1060.974000,139.303000,1,1,1.258065,1,117,39,1024
bug-bug2,with_roads,wall,366,306,1,652.878000,88.394000,1,1,1.000000,1,78,26,1024
bug-bug2,with_roads,wall,284,198,1,502.110000,39.457000,1,1,1.000000,1,66,22,1024
bug-bug2,with_roads,wall,849,916,1,80.626000,32.546000,1,1,1.000000,1,9,3,1024
bug-bug2,with_roads,wall,682,119,1,984.207000,122.374000,1,1,1.407407,0,114,38,1024
bug-bug2,with_roads,wall,746,536,1,471.863000,60.952000,1,1,1.000000,1,54,18,1024
bug-bug2,with_roads,wall,32,30,1,466.128000,30.329000,1,1,1.000000,1,90,30,1024
bug-bug2,with_roads,wall,127,279,1,207.920000,39.135000,1,1,1.000000,1,24,8,1024
bug-bug2,with_roads,wall,294,641,1,488.771000,75.823000,1,1,1.000000,1,54,18,1024
bug-bug2,with_roads,wall,698,259,1,780.027000,97.885000,1,1,1.074074,1,87,29,1024
bug-bug2,no_roads,wasteland,278,59,1,433.596000,68.873000,1,1,1.000000,1,57,19,1600
bug-bug2,no_roads,wasteland,751,664,1,206.781000,59.380000,1,1,1.000000,1,21,7,1600
bug-bug2,no_roads,wasteland,611,363,1,231.082000,60.830000,1,1,1.000000,1,24,8,1600
bug-bug2,no_roads,wasteland,252,1502,1,845.316000,113.539000,1,1,1.000000,1,93,31,1600
bug-bug2,no_roads,wasteland,217,1167,1,621.853000,77.001000,1,1,1.000000,1,72,24,1600
bug-bug2,no_roads,wasteland,76,72,1,85.242000,27.194000,1,1,1.000000,1,12,4,1600
bug-bug2,no_roads,wasteland,233,599,1,376.194000,95.673000,1,1,1.000000,1,42,14,1600
bug-bug2,no_roads,wasteland,631,1398,1,484.288000,82.500000,1,1,1.000000,1,57,19,1600
bug-bug2,no_roads,wasteland,62,1541,1,926.998000,86.004000,1,1,1.000000,1,111,37,1600
bug-bug2,no_roads,wasteland,543,1502,1,587.340000,63.808000,1,1,1.000000,1,72,24,1600
bug-bug2,with_roads,wasteland,278,59,1,472.286000,81.130000,1,1,1.000000,1,57,19,1600
bug-bug2,with_roads,wasteland,751,664,1,209.376000,62.842000,1,1,1.000000,1,21,7,1600
bug-bug2,with_roads,wasteland,611,363,1,238.985000,63.032000,1,1,1.000000,1,24,8,1600
bug-bug2,with_roads,wasteland,252,1502,1,926.190000,117.034000,1,1,1.754717,0,93,31,1600
bug-bug2,with_roads,wasteland,217,1167,1,730.012000,101.660000,1,1,1.230769,1,64,24,1600
bug-bug2,with_roads,wasteland,76,72,1,99.224000,31.717000,1,1,1.000000,1,12,4,1600
bug-bug2,with_roads,wasteland,233,599,1,364.697000,77.518000,1,1,1.000000,1,42,14,1600
bug-bug2,with_roads,wasteland,631,1398,1,472.587000,78.444000,1,1,1.000000,1,57,19,1600
bug-bug2,with_roads,wasteland,62,1541,1,918.170000,79.732000,1,1,1.513889,1,109,37,1600
bug-bug2,with_roads,wasteland,543,1502,1,592.246000,64.719000,1,1,1.440000,1,72,24,1600
bug-bug2,no_roads,wasteland_oasis,355,75,1,173.237000,54.244000,1,1,1.000000,1,21,7,1600
bug-bug2,no_roads,wasteland_oasis,879,778,1,517.570000,90.458000,1,1,1.000000,1,66,22,1600
bug-bug2,no_roads,wasteland_oasis,707,451,1,366.851000,59.824000,1,1,1.000000,1,48,16,1600
bug-bug2,no_roads,wasteland_oasis,327,282,1,133.467000,44.001000,1,1,1.000000,1,15,5,1600
bug-bug2,no_roads,wasteland_oasis,1341,102,1,732.970000,123.613000,1,1,1.000000,1,93,31,1600
bug-bug2,no_roads,wasteland_oasis,91,297,1,157.588000,46.324000,1,1,1.000000,1,21,7,1600
bug-bug2,no_roads,wasteland_oasis,694,736,1,51.601000,29.994000,1,1,1.000000,1,6,2,1600
bug-bug2,no_roads,wasteland_oasis,79,639,1,366.140000,67.234000,1,1,1.000000,1,51,17,1600
bug-bug2,no_roads,wasteland_oasis,1332,699,1,413.979000,87.724000,1,1,1.000000,1,51,17,1600
bug-bug2,no_roads,wasteland_oasis,1432,887,1,856.515000,128.045000,1,1,1.080000,1,81,27,1600
bug-bug2,with_roads,wasteland_oasis,355,75,1,188.797000,70.300000,1,1,1.000000,1,21,7,1600
bug-bug2,with_roads,wasteland_oasis,879,778,1,744.256000,126.391000,1,1,1.015385,1,66,22,1600
bug-bug2,with_roads,wasteland_oasis,707,451,1,548.622000,79.925000,1,1,1.000000,1,48,16,1600
bug-bug2,with_roads,wasteland_oasis,327,282,1,218.920000,69.698000,1,1,1.000000,1,15,5,1600
bug-bug2,with_roads,wasteland_oasis,1341,102,1,936.803000,182.524000,1,1,1.225352,0,87,31,1600
bug-bug2,with_roads,wasteland_oasis,91,297,1,159.742000,48.701000,1,1,1.000000,1,21,7,1600
bug-bug2,with_roads,wasteland_oasis,694,736,1,78.810000,47.013000,1,1,1.000000,1,6,2,1600
bug-bug2,with_roads,wasteland_oasis,79,639,1,567.502000,93.204000,1,1,1.000000,1,51,17,1600
bug-bug2,with_roads,wasteland_oasis,1332,699,1,606.406000,133.375000,1,1,1.156250,1,37,17,1600
bug-bug2,with_roads,wasteland_oasis,1432,887,1,715.762000,121.566000,1,1,1.367347,1,67,27,1600
bug-bug2,no_roads,we_love_tetris,774,169,1,1085.847000,108.324000,1,1,1.081081,1,120,40,820
bug-bug2,no_roads,we_love_tetris,67,360,1,171.915000,29.576000,1,1,1.000000,1,21,7,820
bug-bug2,no_roads,we_love_tetris,323,297,1,738.723000,77.659000,1,1,1.000000,1,81,27,820
bug-bug2,no_roads,we_love_tetris,199,157,1,31.636000,31.636000,1,1,1.000000,1,3,1,820
bug-bug2,no_roads,we_love_tetris,669,139,1,350.677000,51.575000,1,1,1.000000,1,39,13,820
bug-bug2,no_roads,we_love_tetris,719,528,1,609.114000,84.516000,1,1,1.157895,1,66,22,820
bug-bug2,no_roads,we_love_tetris,74,72,1,42.224000,24.683000,1,1,1.000000,1,6,2,820
bug-bug2,no_roads,we_love_tetris,148,292,1,523.760000,59.234000,1,1,1.000000,1,60,20,820
bug-bug2,no_roads,we_love_tetris,310,623,1,685.397000,98.004000,1,1,1.090909,1,72,24,820
bug-bug2,no_roads,we_love_tetris,732,69,1,400.651000,38.019000,1,1,1.000000,1,48,16,820
bug-bug2,with_roads,we_love_tetris,774,169,1,1096.189000,106.546000,1,1,1.466667,1,110,40,820
bug-bug2,with_roads,we_love_tetris,67,360,1,173.098000,31.219000,1,1,1.000000,1,21,7,820
bug-bug2,with_roads,we_love_tetris,323,297,1,729.564000,77.022000,1,1,1.290909,1,71,27,820
bug-bug2,with_roads,we_love_tetris,199,157,1,33.680000,33.680000,1,1,1.000000,1,3,1,820
bug-bug2,with_roads,we_love_tetris,669,139,1,351.366000,55.706000,1,1,1.222222,1,33,13,820
bug-bug2,with_roads,we_love_tetris,719,528,1,619.973000,83.904000,1,1,1.265306,1,62,22,820
bug-bug2,with_roads,we_love_tetris,74,72,1,43.604000,26.157000,1,1,1.000000,1,6,2,820
bug-bug2,with_roads,we_love_tetris,148,292,1,528.858000,59.035000,1,1,1.368421,1,52,20,820
bug-bug2,with_roads,we_love_tetris,310,623,1,673.550000,96.611000,1,1,1.478261,1,68,24,820
bug-bug2,with_roads,we_love_tetris,732,69,1,553.460000,44.352000,1,1,1.000000,1,48,16,820
bug-bug2,no_roads,window_shopping,25,335,1,364.935000,70.080000,1,1,1.000000,1,57,19,840
bug-bug2,no_roads,window_shopping,181,139,1,36.411000,36.411000,1,1,1.000000,1,3,1,840
bug-bug2,no_roads,window_shopping,123,692,1,656.622000,101.918000,1,1,1.000000,1,96,32,840
bug-bug2,no_roads,window_shopping,502,32,1,337.134000,63.680000,1,1,1.000000,1,48,16,840
bug-bug2,no_roads,window_shopping,249,789,1,441.577000,69.603000,1,1,1.000000,1,54,18,840
bug-bug2,no_roads,window_shopping,838,502,1,146.456000,26.120000,1,1,1.000000,1,24,8,840
bug-bug2,no_roads,window_shopping,134,430,1,190.884000,33.860000,1,1,1.000000,1,21,7,840
bug-bug2,no_roads,window_shopping,413,707,1,177.979000,35.690000,1,1,1.000000,1,21,7,840
bug-bug2,no_roads,window_shopping,544,631,1,1091.055000,143.786000,1,1,1.000000,1,132,44,840
bug-bug2,no_roads,window_shopping,356,767,1,444.351000,73.301000,1,1,1.000000,1,54,18,840
bug-bug2,with_roads,window_shopping,25,335,1,357.223000,70.777000,1,1,1.000000,1,57,19,840
bug-bug2,with_roads,window_shopping,181,139,1,29.159000,29.159000,1,1,1.000000,1,3,1,840
bug-bug2,with_roads,window_shopping,123,692,1,740.324000,130.793000,1,1,1.000000,1,96,32,840
bug-bug2,with_roads,window_shopping,502,32,1,347.761000,66.183000,1,1,1.000000,1,48,16,840
bug-bug2,with_roads,window_shopping,249,789,1,542.190000,99.098000,1,1,1.000000,1,54,18,840
bug-bug2,with_roads,window_shopping,838,502,1,149.830000,26.700000,1,1,1.000000,1,24,8,840
bug-bug2,with_roads,window_shopping,134,430,1,237.135000,50.294000,1,1,1.000000,1,21,7,840
bug-bug2,with_roads,window_shopping,413,707,1,186.645000,37.264000,1,1,1.000000,1,21,7,840
bug-bug2,with_roads,window_shopping,544,631,1,905.613000,156.755000,1,1,1.000000,1,132,44,840
bug-bug2,with_roads,window_shopping,356,767,1,391.929000,69.045000,1,1,1.000000,1,54,18,840
