algo,scenario,map,start,goal,time_us,reachable,reached_goal,opt_ratio,first_move_correct
astar-dial-cheb,no_roads,arena,126,25,54.9,1,1,1.000000,1
astar-dial-cheb,no_roads,arena,308,275,111.2,1,1,1.000000,1
astar-dial-cheb,no_roads,arena,252,156,47.3,1,1,1.000000,1
astar-dial-cheb,no_roads,arena,115,613,378.7,1,1,1.000000,1
astar-dial-cheb,no_roads,arena,99,473,154.4,1,1,1.000000,1
astar-dial-cheb,no_roads,arena,32,30,16.9,1,1,1.000000,1
astar-dial-cheb,no_roads,arena,105,247,279.8,1,1,1.000000,1
astar-dial-cheb,no_roads,arena,262,572,199.5,1,1,1.000000,1
astar-dial-cheb,no_roads,arena,27,222,326.6,1,1,1.000000,1
astar-dial-cheb,no_roads,arena,613,470,48.3,1,1,1.000000,1
astar-dial-cheb,no_roads,arena,249,502,334.8,1,1,1.000000,1
astar-dial-cheb,no_roads,arena,311,6,195.6,1,1,1.000000,1
astar-dial-cheb,no_roads,arena,178,473,343.8,1,1,1.000000,1
astar-dial-cheb,no_roads,arena,381,311,42.8,1,1,1.000000,1
astar-dial-cheb,no_roads,arena,174,242,50.1,1,1,1.000000,1
astar-dial-cheb,no_roads,arena,375,115,190.0,1,1,1.000000,1
astar-dial-cheb,no_roads,arena,104,427,158.5,1,1,1.000000,1
astar-dial-cheb,no_roads,arena,110,404,169.1,1,1,1.000000,1
astar-dial-cheb,no_roads,arena,388,297,120.6,1,1,1.000000,1
astar-dial-cheb,no_roads,arena,44,514,272.7,1,1,1.000000,1
astar-jps,no_roads,arena,126,25,41.9,1,1,1.000000,1
astar-jps,no_roads,arena,308,275,58.0,1,1,1.000000,1
astar-jps,no_roads,arena,252,156,45.6,1,1,1.000000,1
astar-jps,no_roads,arena,115,613,222.0,1,1,1.000000,1
astar-jps,no_roads,arena,99,473,45.5,1,1,1.000000,1
astar-jps,no_roads,arena,32,30,18.4,1,1,1.000000,1
astar-jps,no_roads,arena,105,247,164.9,1,1,1.000000,1
astar-jps,no_roads,arena,262,572,59.1,1,1,1.000000,1
astar-jps,no_roads,arena,27,222,176.6,1,1,1.000000,1
astar-jps,no_roads,arena,613,470,46.1,1,1,1.000000,1
astar-jps,no_roads,arena,249,502,161.3,1,1,1.000000,1
astar-jps,no_roads,arena,311,6,41.4,1,1,1.000000,1
astar-jps,no_roads,arena,178,473,145.0,1,1,1.000000,1
astar-jps,no_roads,arena,381,311,28.0,1,1,1.000000,1
astar-jps,no_roads,arena,174,242,31.4,1,1,1.000000,1
astar-jps,no_roads,arena,375,115,53.3,1,1,1.000000,1
astar-jps,no_roads,arena,104,427,61.8,1,1,1.000000,1
astar-jps,no_roads,arena,110,404,55.5,1,1,1.000000,1
astar-jps,no_roads,arena,388,297,38.9,1,1,1.000000,1
astar-jps,no_roads,arena,44,514,174.7,1,1,1.000000,1
astar-jps-dial,no_roads,arena,126,25,36.7,1,1,1.000000,1
astar-jps-dial,no_roads,arena,308,275,46.0,1,1,1.000000,1
astar-jps-dial,no_roads,arena,252,156,51.3,1,1,1.000000,1
astar-jps-dial,no_roads,arena,115,613,148.0,1,1,1.000000,1
astar-jps-dial,no_roads,arena,99,473,25.1,1,1,1.000000,1
astar-jps-dial,no_roads,arena,32,30,22.7,1,1,1.000000,1
astar-jps-dial,no_roads,arena,105,247,140.2,1,1,1.000000,1
astar-jps-dial,no_roads,arena,262,572,58.8,1,1,1.000000,1
astar-jps-dial,no_roads,arena,27,222,168.5,1,1,1.000000,1
astar-jps-dial,no_roads,arena,613,470,41.3,1,1,1.000000,1
astar-jps-dial,no_roads,arena,249,502,140.5,1,1,1.000000,1
astar-jps-dial,no_roads,arena,311,6,67.4,1,1,1.000000,1
astar-jps-dial,no_roads,arena,178,473,104.5,1,1,1.000000,1
astar-jps-dial,no_roads,arena,381,311,32.6,1,1,1.000000,1
astar-jps-dial,no_roads,arena,174,242,36.2,1,1,1.000000,1
astar-jps-dial,no_roads,arena,375,115,62.1,1,1,1.000000,1
astar-jps-dial,no_roads,arena,104,427,48.1,1,1,1.000000,1
astar-jps-dial,no_roads,arena,110,404,55.7,1,1,1.000000,1
astar-jps-dial,no_roads,arena,388,297,42.3,1,1,1.000000,1
astar-jps-dial,no_roads,arena,44,514,134.9,1,1,1.000000,1
astar-dial-cheb,with_roads,arena,126,25,24.1,1,1,1.000000,1
astar-dial-cheb,with_roads,arena,308,275,68.4,1,1,1.000000,1
astar-dial-cheb,with_roads,arena,252,156,46.2,1,1,1.000000,1
astar-dial-cheb,with_roads,arena,115,613,260.4,1,1,1.000000,1
astar-dial-cheb,with_roads,arena,99,473,141.8,1,1,1.000000,1
astar-dial-cheb,with_roads,arena,32,30,16.1,1,1,1.000000,1
astar-dial-cheb,with_roads,arena,105,247,314.6,1,1,1.000000,1
astar-dial-cheb,with_roads,arena,262,572,143.7,1,1,1.000000,1
astar-dial-cheb,with_roads,arena,27,222,346.4,1,1,1.000000,1
astar-dial-cheb,with_roads,arena,613,470,48.8,1,1,1.000000,1
astar-dial-cheb,with_roads,arena,249,502,240.1,1,1,1.000000,1
astar-dial-cheb,with_roads,arena,311,6,132.8,1,1,1.000000,1
astar-dial-cheb,with_roads,arena,178,473,265.7,1,1,1.000000,1
astar-dial-cheb,with_roads,arena,381,311,39.1,1,1,1.000000,1
astar-dial-cheb,with_roads,arena,174,242,52.3,1,1,1.000000,1
astar-dial-cheb,with_roads,arena,375,115,245.1,1,1,1.000000,1
astar-dial-cheb,with_roads,arena,104,427,173.9,1,1,1.000000,1
astar-dial-cheb,with_roads,arena,110,404,120.1,1,1,1.000000,1
astar-dial-cheb,with_roads,arena,388,297,173.7,1,1,1.000000,1
astar-dial-cheb,with_roads,arena,44,514,152.5,1,1,1.000000,1
astar-jps,with_roads,arena,126,25,29.4,1,1,1.000000,1
astar-jps,with_roads,arena,308,275,42.3,1,1,1.500000,1
astar-jps,with_roads,arena,252,156,36.2,1,1,1.300000,0
astar-jps,with_roads,arena,115,613,222.4,1,1,1.400000,1
astar-jps,with_roads,arena,99,473,44.8,1,1,1.000000,1
astar-jps,with_roads,arena,32,30,17.6,1,1,1.000000,1
astar-jps,with_roads,arena,105,247,165.8,1,1,1.384615,0
astar-jps,with_roads,arena,262,572,55.6,1,1,1.500000,0
astar-jps,with_roads,arena,27,222,183.5,1,1,1.466667,0
astar-jps,with_roads,arena,613,470,41.4,1,1,1.055556,1
astar-jps,with_roads,arena,249,502,161.1,1,1,1.260870,1
astar-jps,with_roads,arena,311,6,40.5,1,1,1.714286,0
astar-jps,with_roads,arena,178,473,150.8,1,1,1.800000,1
astar-jps,with_roads,arena,381,311,28.8,1,1,1.222222,0
astar-jps,with_roads,arena,174,242,32.1,1,1,1.000000,1
astar-jps,with_roads,arena,375,115,58.6,1,1,1.228571,1
astar-jps,with_roads,arena,104,427,65.0,1,1,1.320000,1
astar-jps,with_roads,arena,110,404,58.7,1,1,1.166667,1
astar-jps,with_roads,arena,388,297,38.7,1,1,1.173913,0
astar-jps,with_roads,arena,44,514,190.6,1,1,1.358974,1
astar-jps-dial,with_roads,arena,126,25,26.1,1,1,1.000000,1
astar-jps-dial,with_roads,arena,308,275,32.7,1,1,1.500000,1
astar-jps-dial,with_roads,arena,252,156,43.7,1,1,1.300000,0
astar-jps-dial,with_roads,arena,115,613,136.8,1,1,1.400000,0
astar-jps-dial,with_roads,arena,99,473,23.4,1,1,1.000000,1
astar-jps-dial,with_roads,arena,32,30,21.7,1,1,1.000000,1
astar-jps-dial,with_roads,arena,105,247,133.7,1,1,1.384615,0
astar-jps-dial,with_roads,arena,262,572,52.7,1,1,1.500000,0
astar-jps-dial,with_roads,arena,27,222,166.3,1,1,1.466667,0
astar-jps-dial,with_roads,arena,613,470,41.4,1,1,1.055556,1
astar-jps-dial,with_roads,arena,249,502,122.4,1,1,1.260870,1
astar-jps-dial,with_roads,arena,311,6,69.7,1,1,1.714286,0
astar-jps-dial,with_roads,arena,178,473,104.5,1,1,1.800000,1
astar-jps-dial,with_roads,arena,381,311,32.8,1,1,1.222222,0
astar-jps-dial,with_roads,arena,174,242,33.9,1,1,1.000000,1
astar-jps-dial,with_roads,arena,375,115,65.3,1,1,1.228571,1
astar-jps-dial,with_roads,arena,104,427,47.7,1,1,1.320000,1
astar-jps-dial,with_roads,arena,110,404,54.4,1,1,1.166667,1
astar-jps-dial,with_roads,arena,388,297,41.3,1,1,1.173913,0
astar-jps-dial,with_roads,arena,44,514,131.6,1,1,1.358974,1
astar-dial-cheb,no_roads,bar_chart,319,72,51.4,1,1,1.000000,1
astar-dial-cheb,no_roads,bar_chart,769,673,259.4,1,1,1.000000,1
astar-dial-cheb,no_roads,bar_chart,612,392,74.3,1,1,1.000000,1
astar-dial-cheb,no_roads,bar_chart,293,249,474.8,0,,,
astar-dial-cheb,no_roads,bar_chart,1165,91,19.6,0,,,
astar-dial-cheb,no_roads,bar_chart,86,271,66.0,0,,,
astar-dial-cheb,no_roads,bar_chart,596,641,92.2,1,1,1.000000,1
astar-dial-cheb,no_roads,bar_chart,76,547,124.7,1,1,1.000000,1
astar-dial-cheb,no_roads,bar_chart,1158,600,36.9,0,,,
astar-dial-cheb,no_roads,bar_chart,1242,775,58.0,0,,,
astar-dial-cheb,no_roads,bar_chart,18,441,59.2,0,,,
astar-dial-cheb,no_roads,bar_chart,1167,948,475.2,0,,,
astar-dial-cheb,no_roads,bar_chart,775,431,124.6,1,1,1.000000,1
astar-dial-cheb,no_roads,bar_chart,587,939,490.8,0,,,
astar-dial-cheb,no_roads,bar_chart,293,267,196.0,1,1,1.000000,1
astar-dial-cheb,no_roads,bar_chart,1046,280,47.8,0,,,
astar-dial-cheb,no_roads,bar_chart,995,957,56.8,0,,,
astar-dial-cheb,no_roads,bar_chart,741,123,475.7,0,,,
astar-dial-cheb,no_roads,bar_chart,1272,356,208.1,1,1,1.000000,1
astar-dial-cheb,no_roads,bar_chart,1042,226,491.5,0,,,
astar-jps,no_roads,bar_chart,319,72,27.5,1,1,1.000000,1
astar-jps,no_roads,bar_chart,769,673,107.6,1,1,1.000000,1
astar-jps,no_roads,bar_chart,612,392,40.4,1,1,1.000000,1
astar-jps,no_roads,bar_chart,293,249,348.6,0,,,
astar-jps,no_roads,bar_chart,1165,91,9.4,0,,,
astar-jps,no_roads,bar_chart,86,271,20.9,0,,,
astar-jps,no_roads,bar_chart,596,641,62.4,1,1,1.000000,1
astar-jps,no_roads,bar_chart,76,547,55.0,1,1,1.000000,1
astar-jps,no_roads,bar_chart,1158,600,14.0,0,,,
astar-jps,no_roads,bar_chart,1242,775,16.5,0,,,
astar-jps,no_roads,bar_chart,18,441,15.5,0,,,
astar-jps,no_roads,bar_chart,1167,948,342.9,0,,,
astar-jps,no_roads,bar_chart,775,431,51.6,1,1,1.000000,1
astar-jps,no_roads,bar_chart,587,939,285.1,0,,,
astar-jps,no_roads,bar_chart,293,267,73.6,1,1,1.000000,1
astar-jps,no_roads,bar_chart,1046,280,18.0,0,,,
astar-jps,no_roads,bar_chart,995,957,15.8,0,,,
astar-jps,no_roads,bar_chart,741,123,331.1,0,,,
astar-jps,no_roads,bar_chart,1272,356,42.0,1,1,1.000000,1
astar-jps,no_roads,bar_chart,1042,226,322.8,0,,,
astar-jps-dial,no_roads,bar_chart,319,72,22.7,1,1,1.000000,1
astar-jps-dial,no_roads,bar_chart,769,673,170.9,1,1,1.000000,1
astar-jps-dial,no_roads,bar_chart,612,392,53.6,1,1,1.000000,1
astar-jps-dial,no_roads,bar_chart,293,249,319.5,0,,,
astar-jps-dial,no_roads,bar_chart,1165,91,16.7,0,,,
astar-jps-dial,no_roads,bar_chart,86,271,28.5,0,,,
astar-jps-dial,no_roads,bar_chart,596,641,63.6,1,1,1.000000,1
astar-jps-dial,no_roads,bar_chart,76,547,59.8,1,1,1.000000,1
astar-jps-dial,no_roads,bar_chart,1158,600,21.1,0,,,
astar-jps-dial,no_roads,bar_chart,1242,775,22.9,0,,,
astar-jps-dial,no_roads,bar_chart,18,441,25.2,0,,,
astar-jps-dial,no_roads,bar_chart,1167,948,346.1,0,,,
astar-jps-dial,no_roads,bar_chart,775,431,68.0,1,1,1.000000,1
astar-jps-dial,no_roads,bar_chart,587,939,280.2,0,,,
astar-jps-dial,no_roads,bar_chart,293,267,72.4,1,1,1.000000,1
astar-jps-dial,no_roads,bar_chart,1046,280,22.4,0,,,
astar-jps-dial,no_roads,bar_chart,995,957,23.1,0,,,
astar-jps-dial,no_roads,bar_chart,741,123,327.8,0,,,
astar-jps-dial,no_roads,bar_chart,1272,356,83.6,1,1,1.000000,1
astar-jps-dial,no_roads,bar_chart,1042,226,320.3,0,,,
astar-dial-cheb,with_roads,bar_chart,319,72,53.4,1,1,1.000000,1
astar-dial-cheb,with_roads,bar_chart,769,673,126.4,1,1,1.000000,1
astar-dial-cheb,with_roads,bar_chart,612,392,46.0,1,1,1.000000,1
astar-dial-cheb,with_roads,bar_chart,293,249,553.9,0,,,
astar-dial-cheb,with_roads,bar_chart,1165,91,18.6,0,,,
astar-dial-cheb,with_roads,bar_chart,86,271,60.3,0,,,
astar-dial-cheb,with_roads,bar_chart,596,641,52.0,1,1,1.000000,1
astar-dial-cheb,with_roads,bar_chart,76,547,76.4,1,1,1.000000,1
astar-dial-cheb,with_roads,bar_chart,1158,600,53.2,0,,,
astar-dial-cheb,with_roads,bar_chart,1242,775,71.2,0,,,
astar-dial-cheb,with_roads,bar_chart,18,441,77.8,0,,,
astar-dial-cheb,with_roads,bar_chart,1167,948,482.8,0,,,
astar-dial-cheb,with_roads,bar_chart,775,431,34.0,1,1,1.000000,1
astar-dial-cheb,with_roads,bar_chart,587,939,489.3,0,,,
astar-dial-cheb,with_roads,bar_chart,293,267,161.5,1,1,1.000000,1
astar-dial-cheb,with_roads,bar_chart,1046,280,47.6,0,,,
astar-dial-cheb,with_roads,bar_chart,995,957,60.7,0,,,
astar-dial-cheb,with_roads,bar_chart,741,123,461.0,0,,,
astar-dial-cheb,with_roads,bar_chart,1272,356,164.3,1,1,1.000000,1
astar-dial-cheb,with_roads,bar_chart,1042,226,473.8,0,,,
astar-jps,with_roads,bar_chart,319,72,25.6,1,1,1.000000,1
astar-jps,with_roads,bar_chart,769,673,92.4,1,1,1.217391,1
astar-jps,with_roads,bar_chart,612,392,35.1,1,1,1.142857,1
astar-jps,with_roads,bar_chart,293,249,322.8,0,,,
astar-jps,with_roads,bar_chart,1165,91,9.4,0,,,
astar-jps,with_roads,bar_chart,86,271,17.9,0,,,
astar-jps,with_roads,bar_chart,596,641,58.2,1,1,1.500000,1
astar-jps,with_roads,bar_chart,76,547,50.3,1,1,1.270270,1
astar-jps,with_roads,bar_chart,1158,600,14.6,0,,,
astar-jps,with_roads,bar_chart,1242,775,14.8,0,,,
astar-jps,with_roads,bar_chart,18,441,17.9,0,,,
astar-jps,with_roads,bar_chart,1167,948,319.3,0,,,
astar-jps,with_roads,bar_chart,775,431,47.1,1,1,1.933333,1
astar-jps,with_roads,bar_chart,587,939,269.8,0,,,
astar-jps,with_roads,bar_chart,293,267,63.4,1,1,1.228571,0
astar-jps,with_roads,bar_chart,1046,280,14.2,0,,,
astar-jps,with_roads,bar_chart,995,957,14.3,0,,,
astar-jps,with_roads,bar_chart,741,123,294.1,0,,,
astar-jps,with_roads,bar_chart,1272,356,38.7,1,1,1.193548,1
astar-jps,with_roads,bar_chart,1042,226,307.9,0,,,
astar-jps-dial,with_roads,bar_chart,319,72,22.7,1,1,1.000000,1
astar-jps-dial,with_roads,bar_chart,769,673,180.1,1,1,1.217391,1
astar-jps-dial,with_roads,bar_chart,612,392,47.0,1,1,1.142857,1
astar-jps-dial,with_roads,bar_chart,293,249,320.1,0,,,
astar-jps-dial,with_roads,bar_chart,1165,91,17.1,0,,,
astar-jps-dial,with_roads,bar_chart,86,271,27.8,0,,,
astar-jps-dial,with_roads,bar_chart,596,641,59.9,1,1,1.500000,1
astar-jps-dial,with_roads,bar_chart,76,547,63.1,1,1,1.270270,1
astar-jps-dial,with_roads,bar_chart,1158,600,20.9,0,,,
astar-jps-dial,with_roads,bar_chart,1242,775,22.6,0,,,
astar-jps-dial,with_roads,bar_chart,18,441,23.0,0,,,
astar-jps-dial,with_roads,bar_chart,1167,948,351.8,0,,,
astar-jps-dial,with_roads,bar_chart,775,431,59.3,1,1,1.933333,1
astar-jps-dial,with_roads,bar_chart,587,939,278.2,0,,,
astar-jps-dial,with_roads,bar_chart,293,267,71.4,1,1,1.228571,0
astar-jps-dial,with_roads,bar_chart,1046,280,22.4,0,,,
astar-jps-dial,with_roads,bar_chart,995,957,22.2,0,,,
astar-jps-dial,with_roads,bar_chart,741,123,292.5,0,,,
astar-jps-dial,with_roads,bar_chart,1272,356,74.7,1,1,1.193548,1
astar-jps-dial,with_roads,bar_chart,1042,226,302.4,0,,,
astar-dial-cheb,no_roads,battlebot,443,79,234.8,1,1,1.000000,1
astar-dial-cheb,no_roads,battlebot,12,514,104.1,1,1,1.000000,1
astar-dial-cheb,no_roads,battlebot,180,160,11.0,1,1,1.000000,1
astar-dial-cheb,no_roads,battlebot,147,96,283.8,1,1,1.000000,1
astar-dial-cheb,no_roads,battlebot,511,74,258.0,1,1,1.000000,1
astar-dial-cheb,no_roads,battlebot,471,514,16.5,1,1,1.000000,1
astar-dial-cheb,no_roads,battlebot,375,66,158.1,1,1,1.000000,1
astar-dial-cheb,no_roads,battlebot,409,280,50.1,1,1,1.000000,1
astar-dial-cheb,no_roads,battlebot,16,15,7.8,1,1,1.000000,1
astar-dial-cheb,no_roads,battlebot,69,143,99.5,1,1,1.000000,1
astar-dial-cheb,no_roads,battlebot,154,338,113.6,1,1,1.000000,1
astar-dial-cheb,no_roads,battlebot,416,13,309.7,1,1,1.000000,1
astar-dial-cheb,no_roads,battlebot,388,130,136.1,1,1,1.000000,1
astar-dial-cheb,no_roads,battlebot,496,451,19.9,1,1,1.000000,1
astar-dial-cheb,no_roads,battlebot,489,375,116.9,1,1,1.000000,1
astar-dial-cheb,no_roads,battlebot,277,144,166.8,1,1,1.000000,1
astar-dial-cheb,no_roads,battlebot,297,408,73.9,1,1,1.000000,1
astar-dial-cheb,no_roads,battlebot,183,559,231.4,1,1,1.000000,1
astar-dial-cheb,no_roads,battlebot,597,3,304.9,1,1,1.000000,1
astar-dial-cheb,no_roads,battlebot,526,557,57.2,1,1,1.000000,1
astar-jps,no_roads,battlebot,443,79,64.2,1,1,1.000000,1
astar-jps,no_roads,battlebot,12,514,64.6,1,1,1.000000,1
astar-jps,no_roads,battlebot,180,160,13.1,1,1,1.000000,1
astar-jps,no_roads,battlebot,147,96,107.3,1,1,1.000000,1
astar-jps,no_roads,battlebot,511,74,63.0,1,1,1.000000,1
astar-jps,no_roads,battlebot,471,514,18.3,1,1,1.000000,1
astar-jps,no_roads,battlebot,375,66,47.8,1,1,1.000000,1
astar-jps,no_roads,battlebot,409,280,22.7,1,1,1.000000,1
astar-jps,no_roads,battlebot,16,15,9.2,1,1,1.000000,1
astar-jps,no_roads,battlebot,69,143,44.6,1,1,1.000000,1
astar-jps,no_roads,battlebot,154,338,44.6,1,1,1.000000,1
astar-jps,no_roads,battlebot,416,13,368.4,1,1,1.000000,1
astar-jps,no_roads,battlebot,388,130,37.2,1,1,1.000000,1
astar-jps,no_roads,battlebot,496,451,17.8,1,1,1.000000,1
astar-jps,no_roads,battlebot,489,375,46.1,1,1,1.000000,1
astar-jps,no_roads,battlebot,277,144,46.4,1,1,1.000000,1
astar-jps,no_roads,battlebot,297,408,56.4,1,1,1.000000,1
astar-jps,no_roads,battlebot,183,559,119.3,1,1,1.000000,1
astar-jps,no_roads,battlebot,597,3,366.7,1,1,1.000000,1
astar-jps,no_roads,battlebot,526,557,39.9,1,1,1.000000,1
astar-jps-dial,no_roads,battlebot,443,79,82.4,1,1,1.000000,1
astar-jps-dial,no_roads,battlebot,12,514,70.7,1,1,1.000000,1
astar-jps-dial,no_roads,battlebot,180,160,14.9,1,1,1.000000,1
astar-jps-dial,no_roads,battlebot,147,96,165.5,1,1,1.000000,1
astar-jps-dial,no_roads,battlebot,511,74,155.3,1,1,1.000000,1
astar-jps-dial,no_roads,battlebot,471,514,18.4,1,1,1.000000,1
astar-jps-dial,no_roads,battlebot,375,66,60.7,1,1,1.000000,1
astar-jps-dial,no_roads,battlebot,409,280,27.0,1,1,1.000000,1
astar-jps-dial,no_roads,battlebot,16,15,11.4,1,1,1.000000,1
astar-jps-dial,no_roads,battlebot,69,143,54.9,1,1,1.000000,1
astar-jps-dial,no_roads,battlebot,154,338,45.0,1,1,1.000000,1
astar-jps-dial,no_roads,battlebot,416,13,344.9,1,1,1.000000,1
astar-jps-dial,no_roads,battlebot,388,130,44.8,1,1,1.000000,1
astar-jps-dial,no_roads,battlebot,496,451,18.8,1,1,1.000000,1
astar-jps-dial,no_roads,battlebot,489,375,61.0,1,1,1.000000,1
astar-jps-dial,no_roads,battlebot,277,144,78.2,1,1,1.000000,1
astar-jps-dial,no_roads,battlebot,297,408,59.6,1,1,1.000000,1
astar-jps-dial,no_roads,battlebot,183,559,95.5,1,1,1.000000,1
astar-jps-dial,no_roads,battlebot,597,3,322.6,1,1,1.000000,1
astar-jps-dial,no_roads,battlebot,526,557,49.3,1,1,1.000000,1
astar-dial-cheb,with_roads,battlebot,443,79,273.5,1,1,1.000000,1
astar-dial-cheb,with_roads,battlebot,12,514,59.1,1,1,1.000000,1
astar-dial-cheb,with_roads,battlebot,180,160,10.7,1,1,1.000000,1
astar-dial-cheb,with_roads,battlebot,147,96,271.2,1,1,1.000000,1
astar-dial-cheb,with_roads,battlebot,511,74,282.4,1,1,1.000000,1
astar-dial-cheb,with_roads,battlebot,471,514,12.5,1,1,1.000000,1
astar-dial-cheb,with_roads,battlebot,375,66,168.6,1,1,1.000000,1
astar-dial-cheb,with_roads,battlebot,409,280,56.2,1,1,1.000000,1
astar-dial-cheb,with_roads,battlebot,16,15,8.0,1,1,1.000000,1
astar-dial-cheb,with_roads,battlebot,69,143,101.7,1,1,1.000000,1
astar-dial-cheb,with_roads,battlebot,154,338,104.7,1,1,1.000000,1
astar-dial-cheb,with_roads,battlebot,416,13,309.4,1,1,1.000000,1
astar-dial-cheb,with_roads,battlebot,388,130,154.7,1,1,1.000000,1
astar-dial-cheb,with_roads,battlebot,496,451,21.8,1,1,1.000000,1
astar-dial-cheb,with_roads,battlebot,489,375,100.8,1,1,1.000000,1
astar-dial-cheb,with_roads,battlebot,277,144,162.5,1,1,1.000000,1
astar-dial-cheb,with_roads,battlebot,297,408,81.9,1,1,1.000000,1
astar-dial-cheb,with_roads,battlebot,183,559,206.2,1,1,1.000000,1
astar-dial-cheb,with_roads,battlebot,597,3,128.3,1,1,1.000000,1
astar-dial-cheb,with_roads,battlebot,526,557,31.8,1,1,1.000000,1
astar-jps,with_roads,battlebot,443,79,62.1,1,1,1.000000,1
astar-jps,with_roads,battlebot,12,514,66.0,1,1,1.738462,0
astar-jps,with_roads,battlebot,180,160,13.5,1,1,1.000000,1
astar-jps,with_roads,battlebot,147,96,109.0,1,1,1.076923,1
astar-jps,with_roads,battlebot,511,74,64.1,1,1,1.067797,0
astar-jps,with_roads,battlebot,471,514,16.0,1,1,1.000000,1
astar-jps,with_roads,battlebot,375,66,47.6,1,1,1.000000,1
astar-jps,with_roads,battlebot,409,280,22.4,1,1,1.000000,1
astar-jps,with_roads,battlebot,16,15,9.4,1,1,1.000000,1
astar-jps,with_roads,battlebot,69,143,45.4,1,1,1.000000,1
astar-jps,with_roads,battlebot,154,338,44.8,1,1,1.000000,1
astar-jps,with_roads,battlebot,416,13,366.9,1,1,1.411765,1
astar-jps,with_roads,battlebot,388,130,36.7,1,1,1.000000,1
astar-jps,with_roads,battlebot,496,451,17.1,1,1,1.285714,0
astar-jps,with_roads,battlebot,489,375,45.5,1,1,1.307692,0
astar-jps,with_roads,battlebot,277,144,46.6,1,1,1.000000,1
astar-jps,with_roads,battlebot,297,408,56.4,1,1,1.000000,1
astar-jps,with_roads,battlebot,183,559,112.2,1,1,1.102041,1
astar-jps,with_roads,battlebot,597,3,388.1,1,1,1.046512,0
astar-jps,with_roads,battlebot,526,557,41.3,1,1,1.833333,0
astar-jps-dial,with_roads,battlebot,443,79,79.0,1,1,1.000000,1
astar-jps-dial,with_roads,battlebot,12,514,69.8,1,1,1.738462,0
astar-jps-dial,with_roads,battlebot,180,160,14.2,1,1,1.000000,1
astar-jps-dial,with_roads,battlebot,147,96,162.0,1,1,1.000000,1
astar-jps-dial,with_roads,battlebot,511,74,149.3,1,1,1.000000,1
astar-jps-dial,with_roads,battlebot,471,514,17.0,1,1,1.000000,1
astar-jps-dial,with_roads,battlebot,375,66,57.2,1,1,1.000000,1
astar-jps-dial,with_roads,battlebot,409,280,25.5,1,1,1.000000,1
astar-jps-dial,with_roads,battlebot,16,15,10.6,1,1,1.000000,1
astar-jps-dial,with_roads,battlebot,69,143,53.6,1,1,1.000000,1
astar-jps-dial,with_roads,battlebot,154,338,46.7,1,1,1.000000,1
astar-jps-dial,with_roads,battlebot,416,13,332.5,1,1,1.411765,1
astar-jps-dial,with_roads,battlebot,388,130,43.3,1,1,1.000000,1
astar-jps-dial,with_roads,battlebot,496,451,18.4,1,1,1.285714,0
astar-jps-dial,with_roads,battlebot,489,375,60.4,1,1,1.153846,0
astar-jps-dial,with_roads,battlebot,277,144,79.4,1,1,1.000000,1
astar-jps-dial,with_roads,battlebot,297,408,56.5,1,1,1.000000,1
astar-jps-dial,with_roads,battlebot,183,559,80.1,1,1,1.102041,1
astar-jps-dial,with_roads,battlebot,597,3,314.8,1,1,1.046512,0
astar-jps-dial,with_roads,battlebot,526,557,47.9,1,1,1.833333,0
astar-dial-cheb,no_roads,bear_of_doom,268,66,108.1,0,,,
astar-dial-cheb,no_roads,bear_of_doom,21,309,97.2,0,,,
astar-dial-cheb,no_roads,bear_of_doom,140,129,88.9,0,,,
astar-dial-cheb,no_roads,bear_of_doom,120,80,16.2,1,1,1.000000,1
astar-dial-cheb,no_roads,bear_of_doom,308,63,90.1,0,,,
astar-dial-cheb,no_roads,bear_of_doom,285,309,22.2,1,1,1.000000,1
astar-dial-cheb,no_roads,bear_of_doom,383,234,38.4,1,1,1.000000,1
astar-dial-cheb,no_roads,bear_of_doom,54,251,89.5,1,1,1.000000,1
astar-dial-cheb,no_roads,bear_of_doom,192,25,71.2,1,1,1.000000,1
astar-dial-cheb,no_roads,bear_of_doom,24,56,95.6,0,,,
astar-dial-cheb,no_roads,bear_of_doom,118,125,90.5,1,1,1.000000,1
astar-dial-cheb,no_roads,bear_of_doom,218,256,28.2,1,1,1.000000,1
astar-dial-cheb,no_roads,bear_of_doom,21,238,57.5,1,1,1.000000,1
astar-dial-cheb,no_roads,bear_of_doom,110,300,68.3,1,1,1.000000,1
astar-dial-cheb,no_roads,bear_of_doom,273,293,106.0,0,,,
astar-dial-cheb,no_roads,bear_of_doom,234,191,14.9,1,1,1.000000,1
astar-dial-cheb,no_roads,bear_of_doom,119,201,25.5,1,1,1.000000,1
astar-dial-cheb,no_roads,bear_of_doom,248,141,35.5,1,1,1.000000,1
astar-dial-cheb,no_roads,bear_of_doom,339,371,97.8,0,,,
astar-dial-cheb,no_roads,bear_of_doom,5,318,64.0,1,1,1.000000,1
astar-jps,no_roads,bear_of_doom,268,66,84.0,0,,,
astar-jps,no_roads,bear_of_doom,21,309,82.5,0,,,
astar-jps,no_roads,bear_of_doom,140,129,67.5,0,,,
astar-jps,no_roads,bear_of_doom,120,80,15.2,1,1,1.000000,1
astar-jps,no_roads,bear_of_doom,308,63,70.0,0,,,
astar-jps,no_roads,bear_of_doom,285,309,18.7,1,1,1.000000,1
astar-jps,no_roads,bear_of_doom,383,234,20.6,1,1,1.000000,1
astar-jps,no_roads,bear_of_doom,54,251,73.8,1,1,1.000000,1
astar-jps,no_roads,bear_of_doom,192,25,27.3,1,1,1.000000,1
astar-jps,no_roads,bear_of_doom,24,56,86.1,0,,,
astar-jps,no_roads,bear_of_doom,118,125,76.0,1,1,1.000000,1
astar-jps,no_roads,bear_of_doom,218,256,25.9,1,1,1.000000,1
astar-jps,no_roads,bear_of_doom,21,238,44.6,1,1,1.000000,1
astar-jps,no_roads,bear_of_doom,110,300,30.1,1,1,1.000000,1
astar-jps,no_roads,bear_of_doom,273,293,82.7,0,,,
astar-jps,no_roads,bear_of_doom,234,191,17.9,1,1,1.000000,1
astar-jps,no_roads,bear_of_doom,119,201,20.5,1,1,1.000000,1
astar-jps,no_roads,bear_of_doom,248,141,21.4,1,1,1.000000,1
astar-jps,no_roads,bear_of_doom,339,371,83.2,0,,,
astar-jps,no_roads,bear_of_doom,5,318,54.2,1,1,1.000000,1
astar-jps-dial,no_roads,bear_of_doom,268,66,81.6,0,,,
astar-jps-dial,no_roads,bear_of_doom,21,309,92.0,0,,,
astar-jps-dial,no_roads,bear_of_doom,140,129,74.9,0,,,
astar-jps-dial,no_roads,bear_of_doom,120,80,17.3,1,1,1.000000,1
astar-jps-dial,no_roads,bear_of_doom,308,63,78.4,0,,,
astar-jps-dial,no_roads,bear_of_doom,285,309,27.6,1,1,1.000000,1
astar-jps-dial,no_roads,bear_of_doom,383,234,31.8,1,1,1.000000,1
astar-jps-dial,no_roads,bear_of_doom,54,251,75.9,1,1,1.000000,1
astar-jps-dial,no_roads,bear_of_doom,192,25,31.6,1,1,1.000000,1
astar-jps-dial,no_roads,bear_of_doom,24,56,83.5,0,,,
astar-jps-dial,no_roads,bear_of_doom,118,125,74.8,1,1,1.000000,1
astar-jps-dial,no_roads,bear_of_doom,218,256,27.6,1,1,1.000000,1
astar-jps-dial,no_roads,bear_of_doom,21,238,47.4,1,1,1.000000,1
astar-jps-dial,no_roads,bear_of_doom,110,300,29.9,1,1,1.000000,1
astar-jps-dial,no_roads,bear_of_doom,273,293,94.8,0,,,
astar-jps-dial,no_roads,bear_of_doom,234,191,20.8,1,1,1.000000,1
astar-jps-dial,no_roads,bear_of_doom,119,201,25.3,1,1,1.000000,1
astar-jps-dial,no_roads,bear_of_doom,248,141,25.6,1,1,1.000000,1
astar-jps-dial,no_roads,bear_of_doom,339,371,102.9,0,,,
astar-jps-dial,no_roads,bear_of_doom,5,318,60.9,1,1,1.000000,1
astar-dial-cheb,with_roads,bear_of_doom,268,66,123.4,0,,,
astar-dial-cheb,with_roads,bear_of_doom,21,309,122.6,0,,,
astar-dial-cheb,with_roads,bear_of_doom,140,129,106.6,0,,,
astar-dial-cheb,with_roads,bear_of_doom,120,80,17.7,1,1,1.000000,1
astar-dial-cheb,with_roads,bear_of_doom,308,63,104.9,0,,,
astar-dial-cheb,with_roads,bear_of_doom,285,309,26.9,1,1,1.000000,1
astar-dial-cheb,with_roads,bear_of_doom,383,234,20.5,1,1,1.000000,1
astar-dial-cheb,with_roads,bear_of_doom,54,251,106.6,1,1,1.000000,1
astar-dial-cheb,with_roads,bear_of_doom,192,25,31.9,1,1,1.000000,1
astar-dial-cheb,with_roads,bear_of_doom,24,56,120.2,0,,,
astar-dial-cheb,with_roads,bear_of_doom,118,125,107.8,1,1,1.000000,1
astar-dial-cheb,with_roads,bear_of_doom,218,256,23.5,1,1,1.000000,1
astar-dial-cheb,with_roads,bear_of_doom,21,238,63.2,1,1,1.000000,1
astar-dial-cheb,with_roads,bear_of_doom,110,300,57.2,1,1,1.000000,1
astar-dial-cheb,with_roads,bear_of_doom,273,293,134.6,0,,,
astar-dial-cheb,with_roads,bear_of_doom,234,191,11.3,1,1,1.000000,1
astar-dial-cheb,with_roads,bear_of_doom,119,201,29.6,1,1,1.000000,1
astar-dial-cheb,with_roads,bear_of_doom,248,141,42.2,1,1,1.000000,1
astar-dial-cheb,with_roads,bear_of_doom,339,371,127.6,0,,,
astar-dial-cheb,with_roads,bear_of_doom,5,318,83.7,1,1,1.000000,1
astar-jps,with_roads,bear_of_doom,268,66,101.3,0,,,
astar-jps,with_roads,bear_of_doom,21,309,98.0,0,,,
astar-jps,with_roads,bear_of_doom,140,129,80.0,0,,,
astar-jps,with_roads,bear_of_doom,120,80,18.2,1,1,1.000000,1
astar-jps,with_roads,bear_of_doom,308,63,87.5,0,,,
astar-jps,with_roads,bear_of_doom,285,309,46.5,1,1,1.000000,1
astar-jps,with_roads,bear_of_doom,383,234,24.3,1,1,1.222222,1
astar-jps,with_roads,bear_of_doom,54,251,88.9,1,1,1.000000,1
astar-jps,with_roads,bear_of_doom,192,25,31.9,1,1,1.400000,1
astar-jps,with_roads,bear_of_doom,24,56,87.0,0,,,
astar-jps,with_roads,bear_of_doom,118,125,87.7,1,1,1.000000,1
astar-jps,with_roads,bear_of_doom,218,256,29.3,1,1,1.333333,1
astar-jps,with_roads,bear_of_doom,21,238,54.6,1,1,1.057143,1
astar-jps,with_roads,bear_of_doom,110,300,39.9,1,1,2.083333,0
astar-jps,with_roads,bear_of_doom,273,293,102.3,0,,,
astar-jps,with_roads,bear_of_doom,234,191,20.8,1,1,1.000000,1
astar-jps,with_roads,bear_of_doom,119,201,23.7,1,1,1.000000,1
astar-jps,with_roads,bear_of_doom,248,141,24.7,1,1,1.000000,1
astar-jps,with_roads,bear_of_doom,339,371,95.5,0,,,
astar-jps,with_roads,bear_of_doom,5,318,62.5,1,1,1.347826,0
astar-jps-dial,with_roads,bear_of_doom,268,66,98.2,0,,,
astar-jps-dial,with_roads,bear_of_doom,21,309,107.8,0,,,
astar-jps-dial,with_roads,bear_of_doom,140,129,88.8,0,,,
astar-jps-dial,with_roads,bear_of_doom,120,80,19.9,1,1,1.000000,1
astar-jps-dial,with_roads,bear_of_doom,308,63,91.1,0,,,
astar-jps-dial,with_roads,bear_of_doom,285,309,25.1,1,1,1.000000,1
astar-jps-dial,with_roads,bear_of_doom,383,234,37.9,1,1,1.222222,1
astar-jps-dial,with_roads,bear_of_doom,54,251,86.2,1,1,1.000000,1
astar-jps-dial,with_roads,bear_of_doom,192,25,37.2,1,1,1.400000,1
astar-jps-dial,with_roads,bear_of_doom,24,56,91.4,0,,,
astar-jps-dial,with_roads,bear_of_doom,118,125,81.7,1,1,1.000000,1
astar-jps-dial,with_roads,bear_of_doom,218,256,29.8,1,1,1.333333,1
astar-jps-dial,with_roads,bear_of_doom,21,238,52.3,1,1,1.057143,1
astar-jps-dial,with_roads,bear_of_doom,110,300,33.7,1,1,2.083333,0
astar-jps-dial,with_roads,bear_of_doom,273,293,104.6,0,,,
astar-jps-dial,with_roads,bear_of_doom,234,191,21.9,1,1,1.000000,1
astar-jps-dial,with_roads,bear_of_doom,119,201,25.3,1,1,1.000000,1
astar-jps-dial,with_roads,bear_of_doom,248,141,26.4,1,1,1.000000,1
astar-jps-dial,with_roads,bear_of_doom,339,371,102.8,0,,,
astar-jps-dial,with_roads,bear_of_doom,5,318,60.6,1,1,1.347826,0
astar-dial-cheb,no_roads,binary_tree,758,124,360.9,1,1,1.000000,1
astar-dial-cheb,no_roads,binary_tree,28,902,698.2,1,1,1.000000,1
astar-dial-cheb,no_roads,binary_tree,309,276,170.7,1,1,1.000000,1
astar-dial-cheb,no_roads,binary_tree,250,156,473.3,1,1,1.000000,1
astar-dial-cheb,no_roads,binary_tree,897,114,434.5,1,1,1.000000,1
astar-dial-cheb,no_roads,binary_tree,810,901,429.4,1,1,1.000000,1
astar-dial-cheb,no_roads,binary_tree,1098,634,169.9,1,1,1.000000,1
astar-dial-cheb,no_roads,binary_tree,95,688,301.0,1,1,1.000000,1
astar-dial-cheb,no_roads,binary_tree,484,35,148.3,1,1,1.000000,1
astar-dial-cheb,no_roads,binary_tree,33,103,100.2,1,1,1.000000,1
astar-dial-cheb,no_roads,binary_tree,245,262,309.5,1,1,1.000000,1
astar-dial-cheb,no_roads,binary_tree,583,705,27.7,1,1,1.000000,1
astar-dial-cheb,no_roads,binary_tree,30,654,161.4,1,1,1.000000,1
astar-dial-cheb,no_roads,binary_tree,223,865,702.1,1,1,1.000000,1
astar-dial-cheb,no_roads,binary_tree,772,847,65.3,1,1,1.000000,1
astar-dial-cheb,no_roads,binary_tree,634,479,93.5,1,1,1.000000,1
astar-dial-cheb,no_roads,binary_tree,247,514,288.4,1,1,1.000000,1
astar-dial-cheb,no_roads,binary_tree,687,312,99.1,1,1,1.000000,1
astar-dial-cheb,no_roads,binary_tree,989,1063,409.5,1,1,1.000000,1
astar-dial-cheb,no_roads,binary_tree,6,925,378.7,1,1,1.000000,1
astar-jps,no_roads,binary_tree,758,124,114.9,1,1,1.000000,1
astar-jps,no_roads,binary_tree,28,902,335.0,1,1,1.000000,1
astar-jps,no_roads,binary_tree,309,276,113.2,1,1,1.000000,1
astar-jps,no_roads,binary_tree,250,156,84.2,1,1,1.000000,1
astar-jps,no_roads,binary_tree,897,114,145.5,1,1,1.000000,1
astar-jps,no_roads,binary_tree,810,901,169.3,1,1,1.000000,1
astar-jps,no_roads,binary_tree,1098,634,70.7,1,1,1.000000,1
astar-jps,no_roads,binary_tree,95,688,90.7,1,1,1.000000,1
astar-jps,no_roads,binary_tree,484,35,50.8,1,1,1.000000,1
astar-jps,no_roads,binary_tree,33,103,39.1,1,1,1.000000,1
astar-jps,no_roads,binary_tree,245,262,70.1,1,1,1.000000,1
astar-jps,no_roads,binary_tree,583,705,28.3,1,1,1.000000,1
astar-jps,no_roads,binary_tree,30,654,51.0,1,1,1.000000,1
astar-jps,no_roads,binary_tree,223,865,296.4,1,1,1.000000,1
astar-jps,no_roads,binary_tree,772,847,34.4,1,1,1.000000,1
astar-jps,no_roads,binary_tree,634,479,48.9,1,1,1.000000,1
astar-jps,no_roads,binary_tree,247,514,91.8,1,1,1.000000,1
astar-jps,no_roads,binary_tree,687,312,54.2,1,1,1.000000,1
astar-jps,no_roads,binary_tree,989,1063,77.2,1,1,1.000000,1
astar-jps,no_roads,binary_tree,6,925,137.1,1,1,1.000000,1
astar-jps-dial,no_roads,binary_tree,758,124,122.7,1,1,1.000000,1
astar-jps-dial,no_roads,binary_tree,28,902,311.0,1,1,1.000000,1
astar-jps-dial,no_roads,binary_tree,309,276,108.0,1,1,1.000000,1
astar-jps-dial,no_roads,binary_tree,250,156,150.0,1,1,1.000000,1
astar-jps-dial,no_roads,binary_tree,897,114,203.0,1,1,1.000000,1
astar-jps-dial,no_roads,binary_tree,810,901,169.6,1,1,1.000000,1
astar-jps-dial,no_roads,binary_tree,1098,634,81.5,1,1,1.000000,1
astar-jps-dial,no_roads,binary_tree,95,688,93.6,1,1,1.000000,1
astar-jps-dial,no_roads,binary_tree,484,35,43.1,1,1,1.000000,1
astar-jps-dial,no_roads,binary_tree,33,103,47.4,1,1,1.000000,1
astar-jps-dial,no_roads,binary_tree,245,262,108.5,1,1,1.000000,1
astar-jps-dial,no_roads,binary_tree,583,705,31.1,1,1,1.000000,1
astar-jps-dial,no_roads,binary_tree,30,654,49.3,1,1,1.000000,1
astar-jps-dial,no_roads,binary_tree,223,865,306.0,1,1,1.000000,1
astar-jps-dial,no_roads,binary_tree,772,847,37.7,1,1,1.000000,1
astar-jps-dial,no_roads,binary_tree,634,479,60.6,1,1,1.000000,1
astar-jps-dial,no_roads,binary_tree,247,514,100.5,1,1,1.000000,1
astar-jps-dial,no_roads,binary_tree,687,312,73.2,1,1,1.000000,1
astar-jps-dial,no_roads,binary_tree,989,1063,82.7,1,1,1.000000,1
astar-jps-dial,no_roads,binary_tree,6,925,141.2,1,1,1.000000,1
astar-dial-cheb,with_roads,binary_tree,758,124,210.3,1,1,1.000000,1
astar-dial-cheb,with_roads,binary_tree,28,902,719.1,1,1,1.000000,1
astar-dial-cheb,with_roads,binary_tree,309,276,182.7,1,1,1.000000,1
astar-dial-cheb,with_roads,binary_tree,250,156,543.4,1,1,1.000000,1
astar-dial-cheb,with_roads,binary_tree,897,114,535.9,1,1,1.000000,1
astar-dial-cheb,with_roads,binary_tree,810,901,442.5,1,1,1.000000,1
astar-dial-cheb,with_roads,binary_tree,1098,634,168.7,1,1,1.000000,1
astar-dial-cheb,with_roads,binary_tree,95,688,362.2,1,1,1.000000,1
astar-dial-cheb,with_roads,binary_tree,484,35,155.1,1,1,1.000000,1
astar-dial-cheb,with_roads,binary_tree,33,103,105.5,1,1,1.000000,1
astar-dial-cheb,with_roads,binary_tree,245,262,317.6,1,1,1.000000,1
astar-dial-cheb,with_roads,binary_tree,583,705,37.6,1,1,1.000000,1
astar-dial-cheb,with_roads,binary_tree,30,654,175.2,1,1,1.000000,1
astar-dial-cheb,with_roads,binary_tree,223,865,528.3,1,1,1.000000,1
astar-dial-cheb,with_roads,binary_tree,772,847,62.8,1,1,1.000000,1
astar-dial-cheb,with_roads,binary_tree,634,479,96.1,1,1,1.000000,1
astar-dial-cheb,with_roads,binary_tree,247,514,377.2,1,1,1.000000,1
astar-dial-cheb,with_roads,binary_tree,687,312,101.4,1,1,1.000000,1
astar-dial-cheb,with_roads,binary_tree,989,1063,697.3,1,1,1.000000,1
astar-dial-cheb,with_roads,binary_tree,6,925,502.4,1,1,1.000000,1
astar-jps,with_roads,binary_tree,758,124,120.1,1,1,1.047619,1
astar-jps,with_roads,binary_tree,28,902,339.2,1,1,1.242424,0
astar-jps,with_roads,binary_tree,309,276,110.5,1,1,1.000000,1
astar-jps,with_roads,binary_tree,250,156,84.1,1,1,1.231884,1
astar-jps,with_roads,binary_tree,897,114,155.0,1,1,1.000000,1
astar-jps,with_roads,binary_tree,810,901,175.2,1,1,1.000000,1
astar-jps,with_roads,binary_tree,1098,634,69.1,1,1,1.000000,1
astar-jps,with_roads,binary_tree,95,688,84.4,1,1,1.111111,1
astar-jps,with_roads,binary_tree,484,35,48.0,1,1,1.000000,1
astar-jps,with_roads,binary_tree,33,103,39.8,1,1,1.000000,1
astar-jps,with_roads,binary_tree,245,262,69.7,1,1,1.000000,1
astar-jps,with_roads,binary_tree,583,705,31.4,1,1,1.000000,1
astar-jps,with_roads,binary_tree,30,654,47.1,1,1,1.000000,1
astar-jps,with_roads,binary_tree,223,865,322.3,1,1,1.524590,1
astar-jps,with_roads,binary_tree,772,847,35.2,1,1,1.000000,1
astar-jps,with_roads,binary_tree,634,479,52.0,1,1,1.000000,1
astar-jps,with_roads,binary_tree,247,514,92.3,1,1,1.204082,0
astar-jps,with_roads,binary_tree,687,312,56.6,1,1,1.000000,1
astar-jps,with_roads,binary_tree,989,1063,80.4,1,1,1.023529,1
astar-jps,with_roads,binary_tree,6,925,138.9,1,1,1.203390,0
astar-jps-dial,with_roads,binary_tree,758,124,128.1,1,1,1.047619,1
astar-jps-dial,with_roads,binary_tree,28,902,326.0,1,1,1.242424,0
astar-jps-dial,with_roads,binary_tree,309,276,107.5,1,1,1.000000,1
astar-jps-dial,with_roads,binary_tree,250,156,156.9,1,1,1.231884,1
astar-jps-dial,with_roads,binary_tree,897,114,218.1,1,1,1.000000,1
astar-jps-dial,with_roads,binary_tree,810,901,174.9,1,1,1.000000,1
astar-jps-dial,with_roads,binary_tree,1098,634,83.3,1,1,1.000000,1
astar-jps-dial,with_roads,binary_tree,95,688,86.5,1,1,1.111111,1
astar-jps-dial,with_roads,binary_tree,484,35,41.8,1,1,1.000000,1
astar-jps-dial,with_roads,binary_tree,33,103,51.6,1,1,1.000000,1
astar-jps-dial,with_roads,binary_tree,245,262,108.3,1,1,1.000000,1
astar-jps-dial,with_roads,binary_tree,583,705,27.9,1,1,1.000000,1
astar-jps-dial,with_roads,binary_tree,30,654,48.8,1,1,1.000000,1
astar-jps-dial,with_roads,binary_tree,223,865,310.3,1,1,1.524590,1
astar-jps-dial,with_roads,binary_tree,772,847,34.1,1,1,1.000000,1
astar-jps-dial,with_roads,binary_tree,634,479,63.8,1,1,1.000000,1
astar-jps-dial,with_roads,binary_tree,247,514,102.3,1,1,1.204082,0
astar-jps-dial,with_roads,binary_tree,687,312,77.2,1,1,1.000000,1
astar-jps-dial,with_roads,binary_tree,989,1063,86.6,1,1,1.023529,1
astar-jps-dial,with_roads,binary_tree,6,925,140.4,1,1,1.203390,0
astar-dial-cheb,no_roads,building_blocks,1894,295,109.2,0,,,
astar-dial-cheb,no_roads,building_blocks,60,2174,41.6,0,,,
astar-dial-cheb,no_roads,building_blocks,796,691,33.4,0,,,
astar-dial-cheb,no_roads,building_blocks,636,368,90.1,0,,,
astar-dial-cheb,no_roads,building_blocks,2162,273,53.0,0,,,
astar-dial-cheb,no_roads,building_blocks,1987,2171,15.9,0,,,
astar-dial-cheb,no_roads,building_blocks,1588,230,42.6,0,,,
astar-dial-cheb,no_roads,building_blocks,1731,1241,62.0,1,1,1.000000,1
astar-dial-cheb,no_roads,building_blocks,78,72,37.9,0,,,
astar-dial-cheb,no_roads,building_blocks,245,622,96.8,0,,,
astar-dial-cheb,no_roads,building_blocks,660,1472,29.9,0,,,
astar-dial-cheb,no_roads,building_blocks,1759,63,19.7,0,,,
astar-dial-cheb,no_roads,building_blocks,1643,567,94.9,0,,,
astar-dial-cheb,no_roads,building_blocks,2106,1919,97.7,0,,,
astar-dial-cheb,no_roads,building_blocks,2067,1588,55.9,0,,,
astar-dial-cheb,no_roads,building_blocks,1235,629,34.1,0,,,
astar-dial-cheb,no_roads,building_blocks,1307,1727,42.1,0,,,
astar-dial-cheb,no_roads,building_blocks,803,2357,115.9,0,,,
astar-dial-cheb,no_roads,building_blocks,14,2219,39.7,0,,,
astar-dial-cheb,no_roads,building_blocks,2348,435,39.8,0,,,
astar-jps,no_roads,building_blocks,1894,295,38.3,0,,,
astar-jps,no_roads,building_blocks,60,2174,16.9,0,,,
astar-jps,no_roads,building_blocks,796,691,14.2,0,,,
astar-jps,no_roads,building_blocks,636,368,34.8,0,,,
astar-jps,no_roads,building_blocks,2162,273,17.5,0,,,
astar-jps,no_roads,building_blocks,1987,2171,8.7,0,,,
astar-jps,no_roads,building_blocks,1588,230,14.9,0,,,
astar-jps,no_roads,building_blocks,1731,1241,42.8,1,1,1.000000,1
astar-jps,no_roads,building_blocks,78,72,15.7,0,,,
astar-jps,no_roads,building_blocks,245,622,34.3,0,,,
astar-jps,no_roads,building_blocks,660,1472,11.9,0,,,
astar-jps,no_roads,building_blocks,1759,63,10.5,0,,,
astar-jps,no_roads,building_blocks,1643,567,41.5,0,,,
astar-jps,no_roads,building_blocks,2106,1919,28.7,0,,,
astar-jps,no_roads,building_blocks,2067,1588,14.9,0,,,
astar-jps,no_roads,building_blocks,1235,629,11.5,0,,,
astar-jps,no_roads,building_blocks,1307,1727,12.6,0,,,
astar-jps,no_roads,building_blocks,803,2357,32.1,0,,,
astar-jps,no_roads,building_blocks,14,2219,13.5,0,,,
astar-jps,no_roads,building_blocks,2348,435,12.4,0,,,
astar-jps-dial,no_roads,building_blocks,1894,295,38.4,0,,,
astar-jps-dial,no_roads,building_blocks,60,2174,21.4,0,,,
astar-jps-dial,no_roads,building_blocks,796,691,20.1,0,,,
astar-jps-dial,no_roads,building_blocks,636,368,41.2,0,,,
astar-jps-dial,no_roads,building_blocks,2162,273,23.7,0,,,
astar-jps-dial,no_roads,building_blocks,1987,2171,16.6,0,,,
astar-jps-dial,no_roads,building_blocks,1588,230,21.6,0,,,
astar-jps-dial,no_roads,building_blocks,1731,1241,31.8,1,1,1.000000,1
astar-jps-dial,no_roads,building_blocks,78,72,22.7,0,,,
astar-jps-dial,no_roads,building_blocks,245,622,39.9,0,,,
astar-jps-dial,no_roads,building_blocks,660,1472,19.8,0,,,
astar-jps-dial,no_roads,building_blocks,1759,63,17.7,0,,,
astar-jps-dial,no_roads,building_blocks,1643,567,39.3,0,,,
astar-jps-dial,no_roads,building_blocks,2106,1919,39.2,0,,,
astar-jps-dial,no_roads,building_blocks,2067,1588,23.9,0,,,
astar-jps-dial,no_roads,building_blocks,1235,629,20.1,0,,,
astar-jps-dial,no_roads,building_blocks,1307,1727,21.7,0,,,
astar-jps-dial,no_roads,building_blocks,803,2357,41.2,0,,,
astar-jps-dial,no_roads,building_blocks,14,2219,21.6,0,,,
astar-jps-dial,no_roads,building_blocks,2348,435,21.0,0,,,
astar-dial-cheb,with_roads,building_blocks,1894,295,93.5,0,,,
astar-dial-cheb,with_roads,building_blocks,60,2174,37.0,0,,,
astar-dial-cheb,with_roads,building_blocks,796,691,31.4,0,,,
astar-dial-cheb,with_roads,building_blocks,636,368,84.4,0,,,
astar-dial-cheb,with_roads,building_blocks,2162,273,49.8,0,,,
astar-dial-cheb,with_roads,building_blocks,1987,2171,15.2,0,,,
astar-dial-cheb,with_roads,building_blocks,1588,230,39.2,0,,,
astar-dial-cheb,with_roads,building_blocks,1731,1241,38.0,1,1,1.000000,1
astar-dial-cheb,with_roads,building_blocks,78,72,34.6,0,,,
astar-dial-cheb,with_roads,building_blocks,245,622,85.7,0,,,
astar-dial-cheb,with_roads,building_blocks,660,1472,26.2,0,,,
astar-dial-cheb,with_roads,building_blocks,1759,63,17.6,0,,,
astar-dial-cheb,with_roads,building_blocks,1643,567,87.5,0,,,
astar-dial-cheb,with_roads,building_blocks,2106,1919,83.8,0,,,
astar-dial-cheb,with_roads,building_blocks,2067,1588,50.5,0,,,
astar-dial-cheb,with_roads,building_blocks,1235,629,32.4,0,,,
astar-dial-cheb,with_roads,building_blocks,1307,1727,37.1,0,,,
astar-dial-cheb,with_roads,building_blocks,803,2357,89.3,0,,,
astar-dial-cheb,with_roads,building_blocks,14,2219,35.7,0,,,
astar-dial-cheb,with_roads,building_blocks,2348,435,36.1,0,,,
astar-jps,with_roads,building_blocks,1894,295,33.6,0,,,
astar-jps,with_roads,building_blocks,60,2174,15.5,0,,,
astar-jps,with_roads,building_blocks,796,691,12.9,0,,,
astar-jps,with_roads,building_blocks,636,368,31.2,0,,,
astar-jps,with_roads,building_blocks,2162,273,15.4,0,,,
astar-jps,with_roads,building_blocks,1987,2171,8.1,0,,,
astar-jps,with_roads,building_blocks,1588,230,13.9,0,,,
astar-jps,with_roads,building_blocks,1731,1241,28.4,1,1,1.000000,1
astar-jps,with_roads,building_blocks,78,72,14.6,0,,,
astar-jps,with_roads,building_blocks,245,622,30.2,0,,,
astar-jps,with_roads,building_blocks,660,1472,11.3,0,,,
astar-jps,with_roads,building_blocks,1759,63,8.8,0,,,
astar-jps,with_roads,building_blocks,1643,567,28.6,0,,,
astar-jps,with_roads,building_blocks,2106,1919,26.7,0,,,
astar-jps,with_roads,building_blocks,2067,1588,14.0,0,,,
astar-jps,with_roads,building_blocks,1235,629,11.0,0,,,
astar-jps,with_roads,building_blocks,1307,1727,12.4,0,,,
astar-jps,with_roads,building_blocks,803,2357,30.0,0,,,
astar-jps,with_roads,building_blocks,14,2219,12.8,0,,,
astar-jps,with_roads,building_blocks,2348,435,11.8,0,,,
astar-jps-dial,with_roads,building_blocks,1894,295,34.3,0,,,
astar-jps-dial,with_roads,building_blocks,60,2174,20.4,0,,,
astar-jps-dial,with_roads,building_blocks,796,691,18.5,0,,,
astar-jps-dial,with_roads,building_blocks,636,368,38.7,0,,,
astar-jps-dial,with_roads,building_blocks,2162,273,22.2,0,,,
astar-jps-dial,with_roads,building_blocks,1987,2171,15.4,0,,,
astar-jps-dial,with_roads,building_blocks,1588,230,20.0,0,,,
astar-jps-dial,with_roads,building_blocks,1731,1241,28.1,1,1,1.000000,1
astar-jps-dial,with_roads,building_blocks,78,72,21.3,0,,,
astar-jps-dial,with_roads,building_blocks,245,622,40.1,0,,,
astar-jps-dial,with_roads,building_blocks,660,1472,18.5,0,,,
astar-jps-dial,with_roads,building_blocks,1759,63,16.7,0,,,
astar-jps-dial,with_roads,building_blocks,1643,567,36.2,0,,,
astar-jps-dial,with_roads,building_blocks,2106,1919,34.7,0,,,
astar-jps-dial,with_roads,building_blocks,2067,1588,21.0,0,,,
astar-jps-dial,with_roads,building_blocks,1235,629,18.2,0,,,
astar-jps-dial,with_roads,building_blocks,1307,1727,18.8,0,,,
astar-jps-dial,with_roads,building_blocks,803,2357,37.4,0,,,
astar-jps-dial,with_roads,building_blocks,14,2219,19.6,0,,,
astar-jps-dial,with_roads,building_blocks,2348,435,19.4,0,,,
astar-dial-cheb,no_roads,butterfly,133,25,134.3,1,1,1.000000,1
astar-dial-cheb,no_roads,butterfly,392,326,89.1,0,,,
astar-dial-cheb,no_roads,butterfly,293,173,30.1,1,1,1.000000,1
astar-dial-cheb,no_roads,butterfly,110,834,141.9,0,,,
astar-dial-cheb,no_roads,butterfly,89,907,138.9,0,,,
astar-dial-cheb,no_roads,butterfly,659,32,56.1,0,,,
astar-dial-cheb,no_roads,butterfly,30,101,124.9,1,1,1.000000,1
astar-dial-cheb,no_roads,butterfly,285,306,88.9,0,,,
astar-dial-cheb,no_roads,butterfly,775,928,45.8,0,,,
astar-dial-cheb,no_roads,butterfly,27,861,139.7,0,,,
astar-dial-cheb,no_roads,butterfly,257,834,90.6,0,,,
astar-dial-cheb,no_roads,butterfly,656,287,58.3,0,,,
astar-dial-cheb,no_roads,butterfly,694,906,54.9,1,1,1.000000,1
astar-dial-cheb,no_roads,butterfly,398,6,85.4,0,,,
astar-dial-cheb,no_roads,butterfly,203,659,141.1,0,,,
astar-dial-cheb,no_roads,butterfly,489,398,23.6,1,1,1.000000,1
astar-dial-cheb,no_roads,butterfly,199,282,140.9,0,,,
astar-dial-cheb,no_roads,butterfly,483,110,97.7,0,,,
astar-dial-cheb,no_roads,butterfly,100,556,146.5,0,,,
astar-dial-cheb,no_roads,butterfly,105,520,145.0,0,,,
astar-jps,no_roads,butterfly,133,25,40.1,1,1,1.000000,1
astar-jps,no_roads,butterfly,392,326,74.1,0,,,
astar-jps,no_roads,butterfly,293,173,23.1,1,1,1.000000,1
astar-jps,no_roads,butterfly,110,834,27.7,0,,,
astar-jps,no_roads,butterfly,89,907,35.8,0,,,
astar-jps,no_roads,butterfly,659,32,49.7,0,,,
astar-jps,no_roads,butterfly,30,101,34.1,1,1,1.000000,1
astar-jps,no_roads,butterfly,285,306,78.5,0,,,
astar-jps,no_roads,butterfly,775,928,26.4,0,,,
astar-jps,no_roads,butterfly,27,861,33.7,0,,,
astar-jps,no_roads,butterfly,257,834,75.9,0,,,
astar-jps,no_roads,butterfly,656,287,63.0,0,,,
astar-jps,no_roads,butterfly,694,906,45.8,1,1,1.000000,1
astar-jps,no_roads,butterfly,398,6,63.1,0,,,
astar-jps,no_roads,butterfly,203,659,26.4,0,,,
astar-jps,no_roads,butterfly,489,398,16.0,1,1,1.000000,1
astar-jps,no_roads,butterfly,199,282,24.5,0,,,
astar-jps,no_roads,butterfly,483,110,64.0,0,,,
astar-jps,no_roads,butterfly,100,556,25.6,0,,,
astar-jps,no_roads,butterfly,105,520,24.1,0,,,
astar-jps-dial,no_roads,butterfly,133,25,34.5,1,1,1.000000,1
astar-jps-dial,no_roads,butterfly,392,326,75.1,0,,,
astar-jps-dial,no_roads,butterfly,293,173,25.0,1,1,1.000000,1
astar-jps-dial,no_roads,butterfly,110,834,33.2,0,,,
astar-jps-dial,no_roads,butterfly,89,907,36.7,0,,,
astar-jps-dial,no_roads,butterfly,659,32,46.5,0,,,
astar-jps-dial,no_roads,butterfly,30,101,29.6,1,1,1.000000,1
astar-jps-dial,no_roads,butterfly,285,306,72.3,0,,,
astar-jps-dial,no_roads,butterfly,775,928,27.5,0,,,
astar-jps-dial,no_roads,butterfly,27,861,35.4,0,,,
astar-jps-dial,no_roads,butterfly,257,834,74.8,0,,,
astar-jps-dial,no_roads,butterfly,656,287,46.1,0,,,
astar-jps-dial,no_roads,butterfly,694,906,50.3,1,1,1.000000,1
astar-jps-dial,no_roads,butterfly,398,6,66.8,0,,,
astar-jps-dial,no_roads,butterfly,203,659,33.9,0,,,
astar-jps-dial,no_roads,butterfly,489,398,17.8,1,1,1.000000,1
astar-jps-dial,no_roads,butterfly,199,282,33.5,0,,,
astar-jps-dial,no_roads,butterfly,483,110,73.2,0,,,
astar-jps-dial,no_roads,butterfly,100,556,33.9,0,,,
astar-jps-dial,no_roads,butterfly,105,520,32.5,0,,,
astar-dial-cheb,with_roads,butterfly,133,25,132.3,1,1,1.000000,1
astar-dial-cheb,with_roads,butterfly,392,326,88.2,0,,,
astar-dial-cheb,with_roads,butterfly,293,173,30.6,1,1,1.000000,1
astar-dial-cheb,with_roads,butterfly,110,834,142.9,0,,,
astar-dial-cheb,with_roads,butterfly,89,907,137.2,0,,,
astar-dial-cheb,with_roads,butterfly,659,32,57.0,0,,,
astar-dial-cheb,with_roads,butterfly,30,101,109.9,1,1,1.000000,1
astar-dial-cheb,with_roads,butterfly,285,306,87.9,0,,,
astar-dial-cheb,with_roads,butterfly,775,928,45.0,0,,,
astar-dial-cheb,with_roads,butterfly,27,861,141.5,0,,,
astar-dial-cheb,with_roads,butterfly,257,834,91.8,0,,,
astar-dial-cheb,with_roads,butterfly,656,287,57.4,0,,,
astar-dial-cheb,with_roads,butterfly,694,906,53.6,1,1,1.000000,1
astar-dial-cheb,with_roads,butterfly,398,6,84.8,0,,,
astar-dial-cheb,with_roads,butterfly,203,659,137.5,0,,,
astar-dial-cheb,with_roads,butterfly,489,398,26.1,1,1,1.000000,1
astar-dial-cheb,with_roads,butterfly,199,282,136.8,0,,,
astar-dial-cheb,with_roads,butterfly,483,110,87.0,0,,,
astar-dial-cheb,with_roads,butterfly,100,556,143.0,0,,,
astar-dial-cheb,with_roads,butterfly,105,520,142.6,0,,,
astar-jps,with_roads,butterfly,133,25,38.9,1,1,1.000000,1
astar-jps,with_roads,butterfly,392,326,75.8,0,,,
astar-jps,with_roads,butterfly,293,173,23.8,1,1,1.000000,1
astar-jps,with_roads,butterfly,110,834,27.6,0,,,
astar-jps,with_roads,butterfly,89,907,29.9,0,,,
astar-jps,with_roads,butterfly,659,32,40.8,0,,,
astar-jps,with_roads,butterfly,30,101,28.0,1,1,1.000000,1
astar-jps,with_roads,butterfly,285,306,65.9,0,,,
astar-jps,with_roads,butterfly,775,928,20.7,0,,,
astar-jps,with_roads,butterfly,27,861,28.2,0,,,
astar-jps,with_roads,butterfly,257,834,65.8,0,,,
astar-jps,with_roads,butterfly,656,287,40.0,0,,,
astar-jps,with_roads,butterfly,694,906,40.4,1,1,1.000000,1
astar-jps,with_roads,butterfly,398,6,61.5,0,,,
astar-jps,with_roads,butterfly,203,659,26.6,0,,,
astar-jps,with_roads,butterfly,489,398,15.6,1,1,1.000000,1
astar-jps,with_roads,butterfly,199,282,24.8,0,,,
astar-jps,with_roads,butterfly,483,110,64.7,0,,,
astar-jps,with_roads,butterfly,100,556,25.1,0,,,
astar-jps,with_roads,butterfly,105,520,24.2,0,,,
astar-jps-dial,with_roads,butterfly,133,25,33.4,1,1,1.000000,1
astar-jps-dial,with_roads,butterfly,392,326,76.5,0,,,
astar-jps-dial,with_roads,butterfly,293,173,31.5,1,1,1.000000,1
astar-jps-dial,with_roads,butterfly,110,834,33.2,0,,,
astar-jps-dial,with_roads,butterfly,89,907,36.5,0,,,
astar-jps-dial,with_roads,butterfly,659,32,45.9,0,,,
astar-jps-dial,with_roads,butterfly,30,101,29.3,1,1,1.000000,1
astar-jps-dial,with_roads,butterfly,285,306,70.9,0,,,
astar-jps-dial,with_roads,butterfly,775,928,27.4,0,,,
astar-jps-dial,with_roads,butterfly,27,861,35.4,0,,,
astar-jps-dial,with_roads,butterfly,257,834,71.6,0,,,
astar-jps-dial,with_roads,butterfly,656,287,46.9,0,,,
astar-jps-dial,with_roads,butterfly,694,906,40.7,1,1,1.000000,1
astar-jps-dial,with_roads,butterfly,398,6,67.1,0,,,
astar-jps-dial,with_roads,butterfly,203,659,33.7,0,,,
astar-jps-dial,with_roads,butterfly,489,398,17.7,1,1,1.000000,1
astar-jps-dial,with_roads,butterfly,199,282,32.0,0,,,
astar-jps-dial,with_roads,butterfly,483,110,69.3,0,,,
astar-jps-dial,with_roads,butterfly,100,556,32.4,0,,,
astar-jps-dial,with_roads,butterfly,105,520,31.6,0,,,
astar-dial-cheb,no_roads,castle_keep,1647,244,839.3,1,1,1.000000,1
astar-dial-cheb,no_roads,castle_keep,51,1879,594.6,1,1,1.000000,1
astar-dial-cheb,no_roads,castle_keep,600,535,744.1,1,1,1.000000,1
astar-dial-cheb,no_roads,castle_keep,489,308,492.6,1,1,1.000000,1
astar-dial-cheb,no_roads,castle_keep,1868,222,904.3,1,1,1.000000,1
astar-dial-cheb,no_roads,castle_keep,1732,1877,28.1,1,1,1.000000,1
astar-dial-cheb,no_roads,castle_keep,2277,1395,532.7,1,1,1.000000,1
astar-dial-cheb,no_roads,castle_keep,186,1517,442.5,1,1,1.000000,1
astar-dial-cheb,no_roads,castle_keep,1057,65,329.3,1,1,1.000000,1
astar-dial-cheb,no_roads,castle_keep,61,203,53.2,1,1,1.000000,1
astar-dial-cheb,no_roads,castle_keep,478,509,287.6,1,1,1.000000,1
astar-dial-cheb,no_roads,castle_keep,1286,1543,189.5,1,1,1.000000,1
astar-dial-cheb,no_roads,castle_keep,54,1442,630.9,1,1,1.000000,1
astar-dial-cheb,no_roads,castle_keep,437,1822,1091.7,1,1,1.000000,1
astar-dial-cheb,no_roads,castle_keep,1673,1787,217.9,1,1,1.000000,1
astar-dial-cheb,no_roads,castle_keep,1395,1052,81.1,1,1,1.000000,1
astar-dial-cheb,no_roads,castle_keep,482,1137,980.0,1,1,1.000000,1
astar-dial-cheb,no_roads,castle_keep,1514,606,895.8,1,1,1.000000,1
astar-dial-cheb,no_roads,castle_keep,2099,2228,255.0,1,1,1.000000,1
astar-dial-cheb,no_roads,castle_keep,13,1952,1033.9,1,1,1.000000,1
astar-jps,no_roads,castle_keep,1647,244,226.9,1,1,1.000000,1
astar-jps,no_roads,castle_keep,51,1879,174.4,1,1,1.000000,1
astar-jps,no_roads,castle_keep,600,535,139.9,1,1,1.000000,1
astar-jps,no_roads,castle_keep,489,308,117.7,1,1,1.000000,1
astar-jps,no_roads,castle_keep,1868,222,250.8,1,1,1.000000,1
astar-jps,no_roads,castle_keep,1732,1877,33.5,1,1,1.000000,1
astar-jps,no_roads,castle_keep,2277,1395,128.2,1,1,1.000000,1
astar-jps,no_roads,castle_keep,186,1517,135.2,1,1,1.000000,1
astar-jps,no_roads,castle_keep,1057,65,101.8,1,1,1.000000,1
astar-jps,no_roads,castle_keep,61,203,41.6,1,1,1.000000,1
astar-jps,no_roads,castle_keep,478,509,79.0,1,1,1.000000,1
astar-jps,no_roads,castle_keep,1286,1543,87.4,1,1,1.000000,1
astar-jps,no_roads,castle_keep,54,1442,293.4,1,1,1.000000,1
astar-jps,no_roads,castle_keep,437,1822,446.9,1,1,1.000000,1
astar-jps,no_roads,castle_keep,1673,1787,60.9,1,1,1.000000,1
astar-jps,no_roads,castle_keep,1395,1052,40.0,1,1,1.000000,1
astar-jps,no_roads,castle_keep,482,1137,382.8,1,1,1.000000,1
astar-jps,no_roads,castle_keep,1514,606,210.7,1,1,1.000000,1
astar-jps,no_roads,castle_keep,2099,2228,51.4,1,1,1.000000,1
astar-jps,no_roads,castle_keep,13,1952,219.1,1,1,1.000000,1
astar-jps-dial,no_roads,castle_keep,1647,244,205.2,1,1,1.000000,1
astar-jps-dial,no_roads,castle_keep,51,1879,150.2,1,1,1.000000,1
astar-jps-dial,no_roads,castle_keep,600,535,132.1,1,1,1.000000,1
astar-jps-dial,no_roads,castle_keep,489,308,125.3,1,1,1.000000,1
astar-jps-dial,no_roads,castle_keep,1868,222,293.7,1,1,1.000000,1
astar-jps-dial,no_roads,castle_keep,1732,1877,36.1,1,1,1.000000,1
astar-jps-dial,no_roads,castle_keep,2277,1395,132.5,1,1,1.000000,1
astar-jps-dial,no_roads,castle_keep,186,1517,129.4,1,1,1.000000,1
astar-jps-dial,no_roads,castle_keep,1057,65,101.8,1,1,1.000000,1
astar-jps-dial,no_roads,castle_keep,61,203,45.7,1,1,1.000000,1
astar-jps-dial,no_roads,castle_keep,478,509,61.3,1,1,1.000000,1
astar-jps-dial,no_roads,castle_keep,1286,1543,94.6,1,1,1.000000,1
astar-jps-dial,no_roads,castle_keep,54,1442,293.2,1,1,1.000000,1
astar-jps-dial,no_roads,castle_keep,437,1822,417.6,1,1,1.000000,1
astar-jps-dial,no_roads,castle_keep,1673,1787,55.4,1,1,1.000000,1
astar-jps-dial,no_roads,castle_keep,1395,1052,45.5,1,1,1.000000,1
astar-jps-dial,no_roads,castle_keep,482,1137,363.7,1,1,1.000000,1
astar-jps-dial,no_roads,castle_keep,1514,606,219.3,1,1,1.000000,1
astar-jps-dial,no_roads,castle_keep,2099,2228,55.2,1,1,1.000000,1
astar-jps-dial,no_roads,castle_keep,13,1952,203.5,1,1,1.000000,1
astar-dial-cheb,with_roads,castle_keep,1647,244,1222.1,1,1,1.000000,1
astar-dial-cheb,with_roads,castle_keep,51,1879,266.4,1,1,1.000000,1
astar-dial-cheb,with_roads,castle_keep,600,535,707.7,1,1,1.000000,1
astar-dial-cheb,with_roads,castle_keep,489,308,330.8,1,1,1.000000,1
astar-dial-cheb,with_roads,castle_keep,1868,222,723.2,1,1,1.000000,1
astar-dial-cheb,with_roads,castle_keep,1732,1877,31.8,1,1,1.000000,1
astar-dial-cheb,with_roads,castle_keep,2277,1395,335.6,1,1,1.000000,1
astar-dial-cheb,with_roads,castle_keep,186,1517,386.7,1,1,1.000000,1
astar-dial-cheb,with_roads,castle_keep,1057,65,143.4,1,1,1.000000,1
astar-dial-cheb,with_roads,castle_keep,61,203,62.1,1,1,1.000000,1
astar-dial-cheb,with_roads,castle_keep,478,509,288.8,1,1,1.000000,1
astar-dial-cheb,with_roads,castle_keep,1286,1543,184.0,1,1,1.000000,1
astar-dial-cheb,with_roads,castle_keep,54,1442,388.9,1,1,1.000000,1
astar-dial-cheb,with_roads,castle_keep,437,1822,996.5,1,1,1.000000,1
astar-dial-cheb,with_roads,castle_keep,1673,1787,144.2,1,1,1.000000,1
astar-dial-cheb,with_roads,castle_keep,1395,1052,56.1,1,1,1.000000,1
astar-dial-cheb,with_roads,castle_keep,482,1137,1123.1,1,1,1.000000,1
astar-dial-cheb,with_roads,castle_keep,1514,606,593.0,1,1,1.000000,1
astar-dial-cheb,with_roads,castle_keep,2099,2228,397.8,1,1,1.000000,1
astar-dial-cheb,with_roads,castle_keep,13,1952,179.6,1,1,1.000000,1
astar-jps,with_roads,castle_keep,1647,244,201.3,1,1,1.178571,0
astar-jps,with_roads,castle_keep,51,1879,155.3,1,1,1.958333,0
astar-jps,with_roads,castle_keep,600,535,132.2,1,1,1.469697,1
astar-jps,with_roads,castle_keep,489,308,108.7,1,1,1.781818,0
astar-jps,with_roads,castle_keep,1868,222,233.5,1,1,1.459459,1
astar-jps,with_roads,castle_keep,1732,1877,32.8,1,1,1.000000,1
astar-jps,with_roads,castle_keep,2277,1395,121.7,1,1,1.277778,0
astar-jps,with_roads,castle_keep,186,1517,130.6,1,1,1.357143,1
astar-jps,with_roads,castle_keep,1057,65,100.8,1,1,1.125000,1
astar-jps,with_roads,castle_keep,61,203,41.2,1,1,1.285714,0
astar-jps,with_roads,castle_keep,478,509,73.8,1,1,1.529412,0
astar-jps,with_roads,castle_keep,1286,1543,81.0,1,1,1.216216,1
astar-jps,with_roads,castle_keep,54,1442,279.7,1,1,2.121951,0
astar-jps,with_roads,castle_keep,437,1822,406.3,1,1,1.333333,0
astar-jps,with_roads,castle_keep,1673,1787,58.8,1,1,1.500000,0
astar-jps,with_roads,castle_keep,1395,1052,46.0,1,1,1.307692,1
astar-jps,with_roads,castle_keep,482,1137,382.1,1,1,1.520000,1
astar-jps,with_roads,castle_keep,1514,606,220.1,1,1,1.428571,0
astar-jps,with_roads,castle_keep,2099,2228,48.9,1,1,1.080000,0
astar-jps,with_roads,castle_keep,13,1952,223.8,1,1,2.772727,0
astar-jps-dial,with_roads,castle_keep,1647,244,200.8,1,1,1.178571,0
astar-jps-dial,with_roads,castle_keep,51,1879,150.6,1,1,1.958333,0
astar-jps-dial,with_roads,castle_keep,600,535,133.3,1,1,1.469697,1
astar-jps-dial,with_roads,castle_keep,489,308,124.4,1,1,1.781818,0
astar-jps-dial,with_roads,castle_keep,1868,222,330.0,1,1,1.459459,1
astar-jps-dial,with_roads,castle_keep,1732,1877,36.1,1,1,1.000000,1
astar-jps-dial,with_roads,castle_keep,2277,1395,130.8,1,1,1.277778,0
astar-jps-dial,with_roads,castle_keep,186,1517,131.2,1,1,1.357143,1
astar-jps-dial,with_roads,castle_keep,1057,65,104.4,1,1,1.125000,1
astar-jps-dial,with_roads,castle_keep,61,203,46.5,1,1,1.285714,0
astar-jps-dial,with_roads,castle_keep,478,509,61.6,1,1,1.529412,0
astar-jps-dial,with_roads,castle_keep,1286,1543,94.5,1,1,1.216216,1
astar-jps-dial,with_roads,castle_keep,54,1442,303.4,1,1,2.121951,0
astar-jps-dial,with_roads,castle_keep,437,1822,440.1,1,1,1.333333,0
astar-jps-dial,with_roads,castle_keep,1673,1787,55.7,1,1,1.500000,0
astar-jps-dial,with_roads,castle_keep,1395,1052,46.9,1,1,1.307692,1
astar-jps-dial,with_roads,castle_keep,482,1137,382.5,1,1,1.520000,1
astar-jps-dial,with_roads,castle_keep,1514,606,223.6,1,1,1.428571,0
astar-jps-dial,with_roads,castle_keep,2099,2228,53.4,1,1,1.080000,0
astar-jps-dial,with_roads,castle_keep,13,1952,206.5,1,1,2.772727,0
astar-dial-cheb,no_roads,chemistry_class,1475,228,559.1,1,1,1.000000,1
astar-dial-cheb,no_roads,chemistry_class,51,583,185.0,1,1,1.000000,1
astar-dial-cheb,no_roads,chemistry_class,515,466,134.6,1,1,1.000000,1
astar-dial-cheb,no_roads,chemistry_class,287,209,22.5,1,1,1.000000,1
astar-dial-cheb,no_roads,chemistry_class,1551,1216,126.4,1,1,1.000000,1
astar-dial-cheb,no_roads,chemistry_class,178,1338,909.3,1,1,1.000000,1
astar-dial-cheb,no_roads,chemistry_class,920,65,478.5,1,1,1.000000,1
astar-dial-cheb,no_roads,chemistry_class,61,191,115.2,1,1,1.000000,1
astar-dial-cheb,no_roads,chemistry_class,456,487,135.6,1,1,1.000000,1
astar-dial-cheb,no_roads,chemistry_class,1120,1368,65.9,1,1,1.000000,1
astar-dial-cheb,no_roads,chemistry_class,54,1262,814.3,1,1,1.000000,1
astar-dial-cheb,no_roads,chemistry_class,415,1496,847.9,1,1,1.000000,1
astar-dial-cheb,no_roads,chemistry_class,1216,915,363.9,1,1,1.000000,1
astar-dial-cheb,no_roads,chemistry_class,460,985,278.9,1,1,1.000000,1
astar-dial-cheb,no_roads,chemistry_class,1333,589,591.6,1,1,1.000000,1
astar-dial-cheb,no_roads,chemistry_class,13,333,107.2,1,1,1.000000,1
astar-dial-cheb,no_roads,chemistry_class,1595,921,579.8,1,1,1.000000,1
astar-dial-cheb,no_roads,chemistry_class,728,589,589.7,1,1,1.000000,1
astar-dial-cheb,no_roads,chemistry_class,324,449,60.6,1,1,1.000000,1
astar-dial-cheb,no_roads,chemistry_class,721,209,184.1,1,1,1.000000,1
astar-jps,no_roads,chemistry_class,1475,228,130.0,1,1,1.000000,1
astar-jps,no_roads,chemistry_class,51,583,138.8,1,1,1.000000,1
astar-jps,no_roads,chemistry_class,515,466,60.2,1,1,1.000000,1
astar-jps,no_roads,chemistry_class,287,209,28.9,1,1,1.000000,1
astar-jps,no_roads,chemistry_class,1551,1216,88.1,1,1,1.000000,1
astar-jps,no_roads,chemistry_class,178,1338,268.8,1,1,1.000000,1
astar-jps,no_roads,chemistry_class,920,65,127.7,1,1,1.000000,1
astar-jps,no_roads,chemistry_class,61,191,74.8,1,1,1.000000,1
astar-jps,no_roads,chemistry_class,456,487,50.8,1,1,1.000000,1
astar-jps,no_roads,chemistry_class,1120,1368,45.4,1,1,1.000000,1
astar-jps,no_roads,chemistry_class,54,1262,401.6,1,1,1.000000,1
astar-jps,no_roads,chemistry_class,415,1496,229.6,1,1,1.000000,1
astar-jps,no_roads,chemistry_class,1216,915,97.8,1,1,1.000000,1
astar-jps,no_roads,chemistry_class,460,985,73.0,1,1,1.000000,1
astar-jps,no_roads,chemistry_class,1333,589,187.8,1,1,1.000000,1
astar-jps,no_roads,chemistry_class,13,333,91.3,1,1,1.000000,1
astar-jps,no_roads,chemistry_class,1595,921,142.1,1,1,1.000000,1
astar-jps,no_roads,chemistry_class,728,589,113.5,1,1,1.000000,1
astar-jps,no_roads,chemistry_class,324,449,44.6,1,1,1.000000,1
astar-jps,no_roads,chemistry_class,721,209,71.4,1,1,1.000000,1
astar-jps-dial,no_roads,chemistry_class,1475,228,416.9,1,1,1.000000,1
astar-jps-dial,no_roads,chemistry_class,51,583,138.5,1,1,1.000000,1
astar-jps-dial,no_roads,chemistry_class,515,466,94.9,1,1,1.000000,1
astar-jps-dial,no_roads,chemistry_class,287,209,31.0,1,1,1.000000,1
astar-jps-dial,no_roads,chemistry_class,1551,1216,76.2,1,1,1.000000,1
astar-jps-dial,no_roads,chemistry_class,178,1338,105.1,1,1,1.000000,1
astar-jps-dial,no_roads,chemistry_class,920,65,132.2,1,1,1.000000,1
astar-jps-dial,no_roads,chemistry_class,61,191,76.7,1,1,1.000000,1
astar-jps-dial,no_roads,chemistry_class,456,487,52.0,1,1,1.000000,1
astar-jps-dial,no_roads,chemistry_class,1120,1368,45.1,1,1,1.000000,1
astar-jps-dial,no_roads,chemistry_class,54,1262,196.7,1,1,1.000000,1
astar-jps-dial,no_roads,chemistry_class,415,1496,59.3,1,1,1.000000,1
astar-jps-dial,no_roads,chemistry_class,1216,915,157.7,1,1,1.000000,1
astar-jps-dial,no_roads,chemistry_class,460,985,59.6,1,1,1.000000,1
astar-jps-dial,no_roads,chemistry_class,1333,589,220.1,1,1,1.000000,1
astar-jps-dial,no_roads,chemistry_class,13,333,52.5,1,1,1.000000,1
astar-jps-dial,no_roads,chemistry_class,1595,921,185.2,1,1,1.000000,1
astar-jps-dial,no_roads,chemistry_class,728,589,181.7,1,1,1.000000,1
astar-jps-dial,no_roads,chemistry_class,324,449,46.4,1,1,1.000000,1
astar-jps-dial,no_roads,chemistry_class,721,209,108.7,1,1,1.000000,1
astar-dial-cheb,with_roads,chemistry_class,1475,228,442.5,1,1,1.000000,1
astar-dial-cheb,with_roads,chemistry_class,51,583,304.3,1,1,1.000000,1
astar-dial-cheb,with_roads,chemistry_class,515,466,80.5,1,1,1.000000,1
astar-dial-cheb,with_roads,chemistry_class,287,209,23.3,1,1,1.000000,1
astar-dial-cheb,with_roads,chemistry_class,1551,1216,130.1,1,1,1.000000,1
astar-dial-cheb,with_roads,chemistry_class,178,1338,959.5,1,1,1.000000,1
astar-dial-cheb,with_roads,chemistry_class,920,65,514.7,1,1,1.000000,1
astar-dial-cheb,with_roads,chemistry_class,61,191,88.6,1,1,1.000000,1
astar-dial-cheb,with_roads,chemistry_class,456,487,105.8,1,1,1.000000,1
astar-dial-cheb,with_roads,chemistry_class,1120,1368,65.6,1,1,1.000000,1
astar-dial-cheb,with_roads,chemistry_class,54,1262,865.0,1,1,1.000000,1
astar-dial-cheb,with_roads,chemistry_class,415,1496,985.1,1,1,1.000000,1
astar-dial-cheb,with_roads,chemistry_class,1216,915,337.2,1,1,1.000000,1
astar-dial-cheb,with_roads,chemistry_class,460,985,319.2,1,1,1.000000,1
astar-dial-cheb,with_roads,chemistry_class,1333,589,569.0,1,1,1.000000,1
astar-dial-cheb,with_roads,chemistry_class,13,333,141.4,1,1,1.000000,1
astar-dial-cheb,with_roads,chemistry_class,1595,921,544.0,1,1,1.000000,1
astar-dial-cheb,with_roads,chemistry_class,728,589,665.4,1,1,1.000000,1
astar-dial-cheb,with_roads,chemistry_class,324,449,49.0,1,1,1.000000,1
astar-dial-cheb,with_roads,chemistry_class,721,209,164.6,1,1,1.000000,1
astar-jps,with_roads,chemistry_class,1475,228,121.4,1,1,1.000000,1
astar-jps,with_roads,chemistry_class,51,583,128.6,1,1,1.114286,0
astar-jps,with_roads,chemistry_class,515,466,56.4,1,1,1.533333,0
astar-jps,with_roads,chemistry_class,287,209,26.2,1,1,1.000000,1
astar-jps,with_roads,chemistry_class,1551,1216,70.7,1,1,1.000000,1
astar-jps,with_roads,chemistry_class,178,1338,247.8,1,1,1.035714,0
astar-jps,with_roads,chemistry_class,920,65,114.2,1,1,1.089552,1
astar-jps,with_roads,chemistry_class,61,191,69.8,1,1,1.375000,1
astar-jps,with_roads,chemistry_class,456,487,47.6,1,1,1.086957,1
astar-jps,with_roads,chemistry_class,1120,1368,42.2,1,1,1.000000,1
astar-jps,with_roads,chemistry_class,54,1262,361.9,1,1,1.200000,0
astar-jps,with_roads,chemistry_class,415,1496,213.8,1,1,1.000000,1
astar-jps,with_roads,chemistry_class,1216,915,89.6,1,1,1.000000,1
astar-jps,with_roads,chemistry_class,460,985,68.3,1,1,1.000000,1
astar-jps,with_roads,chemistry_class,1333,589,170.6,1,1,1.000000,1
astar-jps,with_roads,chemistry_class,13,333,85.5,1,1,1.000000,1
astar-jps,with_roads,chemistry_class,1595,921,122.8,1,1,1.000000,1
astar-jps,with_roads,chemistry_class,728,589,99.8,1,1,1.016129,1
astar-jps,with_roads,chemistry_class,324,449,40.4,1,1,1.500000,0
astar-jps,with_roads,chemistry_class,721,209,65.3,1,1,1.064516,1
astar-jps-dial,with_roads,chemistry_class,1475,228,367.5,1,1,1.073171,1
astar-jps-dial,with_roads,chemistry_class,51,583,126.8,1,1,1.114286,0
astar-jps-dial,with_roads,chemistry_class,515,466,78.7,1,1,1.533333,0
astar-jps-dial,with_roads,chemistry_class,287,209,27.9,1,1,1.000000,1
astar-jps-dial,with_roads,chemistry_class,1551,1216,69.9,1,1,1.000000,1
astar-jps-dial,with_roads,chemistry_class,178,1338,92.0,1,1,1.035714,0
astar-jps-dial,with_roads,chemistry_class,920,65,119.4,1,1,1.089552,1
astar-jps-dial,with_roads,chemistry_class,61,191,69.8,1,1,1.375000,1
astar-jps-dial,with_roads,chemistry_class,456,487,46.0,1,1,1.086957,1
astar-jps-dial,with_roads,chemistry_class,1120,1368,41.0,1,1,1.000000,1
astar-jps-dial,with_roads,chemistry_class,54,1262,176.0,1,1,1.200000,0
astar-jps-dial,with_roads,chemistry_class,415,1496,52.9,1,1,1.000000,1
astar-jps-dial,with_roads,chemistry_class,1216,915,146.8,1,1,1.000000,1
astar-jps-dial,with_roads,chemistry_class,460,985,52.6,1,1,1.000000,1
astar-jps-dial,with_roads,chemistry_class,1333,589,194.0,1,1,1.000000,1
astar-jps-dial,with_roads,chemistry_class,13,333,46.3,1,1,1.000000,1
astar-jps-dial,with_roads,chemistry_class,1595,921,166.8,1,1,1.000000,1
astar-jps-dial,with_roads,chemistry_class,728,589,157.8,1,1,1.016129,1
astar-jps-dial,with_roads,chemistry_class,324,449,40.4,1,1,1.500000,0
astar-jps-dial,with_roads,chemistry_class,721,209,88.2,1,1,1.129032,1
astar-dial-cheb,no_roads,chess,2190,524,719.4,1,1,1.000000,1
astar-dial-cheb,no_roads,chess,145,1018,168.2,1,1,1.000000,1
astar-dial-cheb,no_roads,chess,942,848,40.1,1,1,1.000000,1
astar-dial-cheb,no_roads,chess,638,495,43.7,1,1,1.000000,1
astar-dial-cheb,no_roads,chess,2338,1817,679.5,1,1,1.000000,1
astar-dial-cheb,no_roads,chess,423,1973,846.7,1,1,1.000000,1
astar-dial-cheb,no_roads,chess,1428,175,557.2,1,1,1.000000,1
astar-dial-cheb,no_roads,chess,170,446,340.0,1,1,1.000000,1
astar-dial-cheb,no_roads,chess,836,871,824.4,1,1,1.000000,1
astar-dial-cheb,no_roads,chess,1676,2007,925.1,1,1,1.000000,1
astar-dial-cheb,no_roads,chess,154,1857,749.1,1,1,1.000000,1
astar-dial-cheb,no_roads,chess,787,2234,620.2,1,1,1.000000,1
astar-dial-cheb,no_roads,chess,1817,1422,117.7,1,1,1.000000,1
astar-dial-cheb,no_roads,chess,841,1535,257.6,1,1,1.000000,1
astar-dial-cheb,no_roads,chess,1968,1025,784.2,1,1,1.000000,1
astar-dial-cheb,no_roads,chess,78,688,389.7,1,1,1.000000,1
astar-dial-cheb,no_roads,chess,1429,1206,472.6,1,1,1.000000,1
astar-dial-cheb,no_roads,chess,1025,677,64.6,1,1,1.000000,1
astar-dial-cheb,no_roads,chess,827,1172,62.7,1,1,1.000000,1
astar-dial-cheb,no_roads,chess,495,439,945.7,1,1,1.000000,1
astar-jps,no_roads,chess,2190,524,130.3,1,1,1.000000,1
astar-jps,no_roads,chess,145,1018,93.6,1,1,1.000000,1
astar-jps,no_roads,chess,942,848,35.5,1,1,1.000000,1
astar-jps,no_roads,chess,638,495,29.3,1,1,1.000000,1
astar-jps,no_roads,chess,2338,1817,162.5,1,1,1.000000,1
astar-jps,no_roads,chess,423,1973,171.4,1,1,1.000000,1
astar-jps,no_roads,chess,1428,175,105.9,1,1,1.000000,1
astar-jps,no_roads,chess,170,446,142.3,1,1,1.000000,1
astar-jps,no_roads,chess,836,871,176.7,1,1,1.000000,1
astar-jps,no_roads,chess,1676,2007,251.8,1,1,1.000000,1
astar-jps,no_roads,chess,154,1857,110.2,1,1,1.000000,1
astar-jps,no_roads,chess,787,2234,190.6,1,1,1.000000,1
astar-jps,no_roads,chess,1817,1422,62.2,1,1,1.000000,1
astar-jps,no_roads,chess,841,1535,75.5,1,1,1.000000,1
astar-jps,no_roads,chess,1968,1025,123.7,1,1,1.000000,1
astar-jps,no_roads,chess,78,688,110.2,1,1,1.000000,1
astar-jps,no_roads,chess,1429,1206,73.4,1,1,1.000000,1
astar-jps,no_roads,chess,1025,677,38.6,1,1,1.000000,1
astar-jps,no_roads,chess,827,1172,39.7,1,1,1.000000,1
astar-jps,no_roads,chess,495,439,293.9,1,1,1.000000,1
astar-jps-dial,no_roads,chess,2190,524,229.2,1,1,1.000000,1
astar-jps-dial,no_roads,chess,145,1018,79.3,1,1,1.000000,1
astar-jps-dial,no_roads,chess,942,848,38.1,1,1,1.000000,1
astar-jps-dial,no_roads,chess,638,495,28.4,1,1,1.000000,1
astar-jps-dial,no_roads,chess,2338,1817,171.4,1,1,1.000000,1
astar-jps-dial,no_roads,chess,423,1973,155.3,1,1,1.000000,1
astar-jps-dial,no_roads,chess,1428,175,128.0,1,1,1.000000,1
astar-jps-dial,no_roads,chess,170,446,141.3,1,1,1.000000,1
astar-jps-dial,no_roads,chess,836,871,253.7,1,1,1.000000,1
astar-jps-dial,no_roads,chess,1676,2007,216.3,1,1,1.000000,1
astar-jps-dial,no_roads,chess,154,1857,97.9,1,1,1.000000,1
astar-jps-dial,no_roads,chess,787,2234,160.8,1,1,1.000000,1
astar-jps-dial,no_roads,chess,1817,1422,61.3,1,1,1.000000,1
astar-jps-dial,no_roads,chess,841,1535,67.6,1,1,1.000000,1
astar-jps-dial,no_roads,chess,1968,1025,215.5,1,1,1.000000,1
astar-jps-dial,no_roads,chess,78,688,123.5,1,1,1.000000,1
astar-jps-dial,no_roads,chess,1429,1206,121.0,1,1,1.000000,1
astar-jps-dial,no_roads,chess,1025,677,41.7,1,1,1.000000,1
astar-jps-dial,no_roads,chess,827,1172,37.6,1,1,1.000000,1
astar-jps-dial,no_roads,chess,495,439,267.4,1,1,1.000000,1
astar-dial-cheb,with_roads,chess,2190,524,521.2,1,1,1.000000,1
astar-dial-cheb,with_roads,chess,145,1018,133.6,1,1,1.000000,1
astar-dial-cheb,with_roads,chess,942,848,33.6,1,1,1.000000,1
astar-dial-cheb,with_roads,chess,638,495,35.4,1,1,1.000000,1
astar-dial-cheb,with_roads,chess,2338,1817,642.1,1,1,1.000000,1
astar-dial-cheb,with_roads,chess,423,1973,727.1,1,1,1.000000,1
astar-dial-cheb,with_roads,chess,1428,175,538.4,1,1,1.000000,1
astar-dial-cheb,with_roads,chess,170,446,150.3,1,1,1.000000,1
astar-dial-cheb,with_roads,chess,836,871,443.8,1,1,1.000000,1
astar-dial-cheb,with_roads,chess,1676,2007,319.4,1,1,1.000000,1
astar-dial-cheb,with_roads,chess,154,1857,68.3,1,1,1.000000,1
astar-dial-cheb,with_roads,chess,787,2234,625.5,1,1,1.000000,1
astar-dial-cheb,with_roads,chess,1817,1422,102.0,1,1,1.000000,1
astar-dial-cheb,with_roads,chess,841,1535,317.2,1,1,1.000000,1
astar-dial-cheb,with_roads,chess,1968,1025,652.5,1,1,1.000000,1
astar-dial-cheb,with_roads,chess,78,688,210.1,1,1,1.000000,1
astar-dial-cheb,with_roads,chess,1429,1206,237.9,1,1,1.000000,1
astar-dial-cheb,with_roads,chess,1025,677,57.8,1,1,1.000000,1
astar-dial-cheb,with_roads,chess,827,1172,56.0,1,1,1.000000,1
astar-dial-cheb,with_roads,chess,495,439,769.7,1,1,1.000000,1
astar-jps,with_roads,chess,2190,524,113.9,1,1,1.027778,1
astar-jps,with_roads,chess,145,1018,78.3,1,1,1.000000,1
astar-jps,with_roads,chess,942,848,30.8,1,1,1.000000,1
astar-jps,with_roads,chess,638,495,25.3,1,1,1.000000,1
astar-jps,with_roads,chess,2338,1817,152.9,1,1,1.231579,1
astar-jps,with_roads,chess,423,1973,153.3,1,1,1.069767,1
astar-jps,with_roads,chess,1428,175,95.5,1,1,1.000000,1
astar-jps,with_roads,chess,170,446,128.2,1,1,1.222222,1
astar-jps,with_roads,chess,836,871,163.0,1,1,1.447761,0
astar-jps,with_roads,chess,1676,2007,229.3,1,1,1.088235,1
astar-jps,with_roads,chess,154,1857,100.5,1,1,1.047619,1
astar-jps,with_roads,chess,787,2234,176.6,1,1,1.246753,0
astar-jps,with_roads,chess,1817,1422,54.4,1,1,1.000000,1
astar-jps,with_roads,chess,841,1535,70.8,1,1,1.000000,1
astar-jps,with_roads,chess,1968,1025,119.6,1,1,1.153061,1
astar-jps,with_roads,chess,78,688,105.1,1,1,1.119403,1
astar-jps,with_roads,chess,1429,1206,67.0,1,1,1.063830,0
astar-jps,with_roads,chess,1025,677,34.7,1,1,1.000000,1
astar-jps,with_roads,chess,827,1172,37.2,1,1,1.000000,1
astar-jps,with_roads,chess,495,439,272.6,1,1,1.363636,1
astar-jps-dial,with_roads,chess,2190,524,218.6,1,1,1.000000,1
astar-jps-dial,with_roads,chess,145,1018,74.0,1,1,1.000000,1
astar-jps-dial,with_roads,chess,942,848,49.1,1,1,1.000000,1
astar-jps-dial,with_roads,chess,638,495,27.0,1,1,1.000000,1
astar-jps-dial,with_roads,chess,2338,1817,159.6,1,1,1.231579,1
astar-jps-dial,with_roads,chess,423,1973,143.7,1,1,1.069767,1
astar-jps-dial,with_roads,chess,1428,175,117.8,1,1,1.000000,1
astar-jps-dial,with_roads,chess,170,446,136.5,1,1,1.259259,1
astar-jps-dial,with_roads,chess,836,871,247.0,1,1,1.149254,0
astar-jps-dial,with_roads,chess,1676,2007,214.4,1,1,1.117647,1
astar-jps-dial,with_roads,chess,154,1857,96.5,1,1,1.047619,1
astar-jps-dial,with_roads,chess,787,2234,156.2,1,1,1.246753,0
astar-jps-dial,with_roads,chess,1817,1422,60.5,1,1,1.000000,1
astar-jps-dial,with_roads,chess,841,1535,66.4,1,1,1.000000,1
astar-jps-dial,with_roads,chess,1968,1025,216.5,1,1,1.153061,1
astar-jps-dial,with_roads,chess,78,688,118.8,1,1,1.208955,1
astar-jps-dial,with_roads,chess,1429,1206,111.2,1,1,1.319149,0
astar-jps-dial,with_roads,chess,1025,677,39.8,1,1,1.000000,1
astar-jps-dial,with_roads,chess,827,1172,36.1,1,1,1.000000,1
astar-jps-dial,with_roads,chess,495,439,250.8,1,1,1.454545,1
astar-dial-cheb,no_roads,cinnamon_roll,842,128,277.4,1,1,1.000000,1
astar-dial-cheb,no_roads,cinnamon_roll,25,337,184.7,1,1,1.000000,1
astar-dial-cheb,no_roads,cinnamon_roll,292,267,43.3,1,1,1.000000,1
astar-dial-cheb,no_roads,cinnamon_roll,160,117,228.7,1,1,1.000000,1
astar-dial-cheb,no_roads,cinnamon_roll,880,728,35.6,1,1,1.000000,1
astar-dial-cheb,no_roads,cinnamon_roll,100,779,422.1,1,1,1.000000,1
astar-dial-cheb,no_roads,cinnamon_roll,567,32,414.5,1,1,1.000000,1
astar-dial-cheb,no_roads,cinnamon_roll,30,106,142.4,1,1,1.000000,1
astar-dial-cheb,no_roads,cinnamon_roll,261,279,147.8,1,1,1.000000,1
astar-dial-cheb,no_roads,cinnamon_roll,674,793,43.1,1,1,1.000000,1
astar-dial-cheb,no_roads,cinnamon_roll,27,745,258.1,1,1,1.000000,1
astar-dial-cheb,no_roads,cinnamon_roll,237,853,390.1,1,1,1.000000,1
astar-dial-cheb,no_roads,cinnamon_roll,728,561,153.2,1,1,1.000000,1
astar-dial-cheb,no_roads,cinnamon_roll,263,605,364.2,1,1,1.000000,1
astar-dial-cheb,no_roads,cinnamon_roll,778,341,275.6,1,1,1.000000,1
astar-dial-cheb,no_roads,cinnamon_roll,6,182,50.5,1,1,1.000000,1
astar-dial-cheb,no_roads,cinnamon_roll,567,438,116.5,1,1,1.000000,1
astar-dial-cheb,no_roads,cinnamon_roll,341,178,295.3,1,1,1.000000,1
astar-dial-cheb,no_roads,cinnamon_roll,257,427,108.1,1,1,1.000000,1
astar-dial-cheb,no_roads,cinnamon_roll,117,105,115.3,1,1,1.000000,1
astar-jps,no_roads,cinnamon_roll,842,128,83.7,1,1,1.000000,1
astar-jps,no_roads,cinnamon_roll,25,337,90.7,1,1,1.000000,1
astar-jps,no_roads,cinnamon_roll,292,267,36.9,1,1,1.000000,1
astar-jps,no_roads,cinnamon_roll,160,117,37.7,1,1,1.000000,1
astar-jps,no_roads,cinnamon_roll,880,728,37.1,1,1,1.000000,1
astar-jps,no_roads,cinnamon_roll,100,779,138.8,1,1,1.000000,1
astar-jps,no_roads,cinnamon_roll,567,32,133.2,1,1,1.000000,1
astar-jps,no_roads,cinnamon_roll,30,106,46.0,1,1,1.000000,1
astar-jps,no_roads,cinnamon_roll,261,279,61.1,1,1,1.000000,1
astar-jps,no_roads,cinnamon_roll,674,793,32.4,1,1,1.000000,1
astar-jps,no_roads,cinnamon_roll,27,745,152.0,1,1,1.000000,1
astar-jps,no_roads,cinnamon_roll,237,853,228.5,1,1,1.000000,1
astar-jps,no_roads,cinnamon_roll,728,561,40.8,1,1,1.000000,1
astar-jps,no_roads,cinnamon_roll,263,605,161.0,1,1,1.000000,1
astar-jps,no_roads,cinnamon_roll,778,341,161.0,1,1,1.000000,1
astar-jps,no_roads,cinnamon_roll,6,182,47.0,1,1,1.000000,1
astar-jps,no_roads,cinnamon_roll,567,438,52.8,1,1,1.000000,1
astar-jps,no_roads,cinnamon_roll,341,178,54.4,1,1,1.000000,1
astar-jps,no_roads,cinnamon_roll,257,427,49.4,1,1,1.000000,1
astar-jps,no_roads,cinnamon_roll,117,105,45.8,1,1,1.000000,1
astar-jps-dial,no_roads,cinnamon_roll,842,128,110.0,1,1,1.000000,1
astar-jps-dial,no_roads,cinnamon_roll,25,337,80.0,1,1,1.000000,1
astar-jps-dial,no_roads,cinnamon_roll,292,267,39.5,1,1,1.000000,1
astar-jps-dial,no_roads,cinnamon_roll,160,117,71.5,1,1,1.000000,1
astar-jps-dial,no_roads,cinnamon_roll,880,728,36.0,1,1,1.000000,1
astar-jps-dial,no_roads,cinnamon_roll,100,779,124.1,1,1,1.000000,1
astar-jps-dial,no_roads,cinnamon_roll,567,32,139.8,1,1,1.000000,1
astar-jps-dial,no_roads,cinnamon_roll,30,106,53.7,1,1,1.000000,1
astar-jps-dial,no_roads,cinnamon_roll,261,279,63.8,1,1,1.000000,1
astar-jps-dial,no_roads,cinnamon_roll,674,793,32.1,1,1,1.000000,1
astar-jps-dial,no_roads,cinnamon_roll,27,745,66.8,1,1,1.000000,1
astar-jps-dial,no_roads,cinnamon_roll,237,853,222.3,1,1,1.000000,1
astar-jps-dial,no_roads,cinnamon_roll,728,561,50.7,1,1,1.000000,1
astar-jps-dial,no_roads,cinnamon_roll,263,605,149.8,1,1,1.000000,1
astar-jps-dial,no_roads,cinnamon_roll,778,341,151.1,1,1,1.000000,1
astar-jps-dial,no_roads,cinnamon_roll,6,182,42.6,1,1,1.000000,1
astar-jps-dial,no_roads,cinnamon_roll,567,438,59.9,1,1,1.000000,1
astar-jps-dial,no_roads,cinnamon_roll,341,178,113.7,1,1,1.000000,1
astar-jps-dial,no_roads,cinnamon_roll,257,427,48.0,1,1,1.000000,1
astar-jps-dial,no_roads,cinnamon_roll,117,105,68.8,1,1,1.000000,1
astar-dial-cheb,with_roads,cinnamon_roll,842,128,150.0,1,1,1.000000,1
astar-dial-cheb,with_roads,cinnamon_roll,25,337,128.7,1,1,1.000000,1
astar-dial-cheb,with_roads,cinnamon_roll,292,267,38.9,1,1,1.000000,1
astar-dial-cheb,with_roads,cinnamon_roll,160,117,258.5,1,1,1.000000,1
astar-dial-cheb,with_roads,cinnamon_roll,880,728,33.8,1,1,1.000000,1
astar-dial-cheb,with_roads,cinnamon_roll,100,779,226.0,1,1,1.000000,1
astar-dial-cheb,with_roads,cinnamon_roll,567,32,102.4,1,1,1.000000,1
astar-dial-cheb,with_roads,cinnamon_roll,30,106,141.5,1,1,1.000000,1
astar-dial-cheb,with_roads,cinnamon_roll,261,279,71.9,1,1,1.000000,1
astar-dial-cheb,with_roads,cinnamon_roll,674,793,43.3,1,1,1.000000,1
astar-dial-cheb,with_roads,cinnamon_roll,27,745,223.0,1,1,1.000000,1
astar-dial-cheb,with_roads,cinnamon_roll,237,853,567.2,1,1,1.000000,1
astar-dial-cheb,with_roads,cinnamon_roll,728,561,179.1,1,1,1.000000,1
astar-dial-cheb,with_roads,cinnamon_roll,263,605,362.5,1,1,1.000000,1
astar-dial-cheb,with_roads,cinnamon_roll,778,341,158.0,1,1,1.000000,1
astar-dial-cheb,with_roads,cinnamon_roll,6,182,47.0,1,1,1.000000,1
astar-dial-cheb,with_roads,cinnamon_roll,567,438,41.3,1,1,1.000000,1
astar-dial-cheb,with_roads,cinnamon_roll,341,178,309.8,1,1,1.000000,1
astar-dial-cheb,with_roads,cinnamon_roll,257,427,93.7,1,1,1.000000,1
astar-dial-cheb,with_roads,cinnamon_roll,117,105,121.8,1,1,1.000000,1
astar-jps,with_roads,cinnamon_roll,842,128,83.6,1,1,1.478261,1
astar-jps,with_roads,cinnamon_roll,25,337,89.7,1,1,1.190476,1
astar-jps,with_roads,cinnamon_roll,292,267,37.9,1,1,1.000000,1
astar-jps,with_roads,cinnamon_roll,160,117,38.1,1,1,1.307692,0
astar-jps,with_roads,cinnamon_roll,880,728,34.8,1,1,1.000000,1
astar-jps,with_roads,cinnamon_roll,100,779,140.5,1,1,1.292683,1
astar-jps,with_roads,cinnamon_roll,567,32,131.5,1,1,1.097561,1
astar-jps,with_roads,cinnamon_roll,30,106,51.9,1,1,1.642857,0
astar-jps,with_roads,cinnamon_roll,261,279,72.7,1,1,1.478261,0
astar-jps,with_roads,cinnamon_roll,674,793,41.4,1,1,1.000000,1
astar-jps,with_roads,cinnamon_roll,27,745,170.3,1,1,1.192982,1
astar-jps,with_roads,cinnamon_roll,237,853,243.7,1,1,1.000000,1
astar-jps,with_roads,cinnamon_roll,728,561,44.7,1,1,1.000000,1
astar-jps,with_roads,cinnamon_roll,263,605,179.0,1,1,1.250000,0
astar-jps,with_roads,cinnamon_roll,778,341,183.4,1,1,1.186047,1
astar-jps,with_roads,cinnamon_roll,6,182,47.6,1,1,1.166667,1
astar-jps,with_roads,cinnamon_roll,567,438,71.7,1,1,1.000000,1
astar-jps,with_roads,cinnamon_roll,341,178,58.3,1,1,1.266667,1
astar-jps,with_roads,cinnamon_roll,257,427,53.5,1,1,1.347826,0
astar-jps,with_roads,cinnamon_roll,117,105,47.3,1,1,1.000000,1
astar-jps-dial,with_roads,cinnamon_roll,842,128,123.8,1,1,1.478261,1
astar-jps-dial,with_roads,cinnamon_roll,25,337,94.2,1,1,1.190476,1
astar-jps-dial,with_roads,cinnamon_roll,292,267,48.1,1,1,1.000000,1
astar-jps-dial,with_roads,cinnamon_roll,160,117,79.0,1,1,1.307692,0
astar-jps-dial,with_roads,cinnamon_roll,880,728,42.9,1,1,1.000000,1
astar-jps-dial,with_roads,cinnamon_roll,100,779,148.2,1,1,1.292683,1
astar-jps-dial,with_roads,cinnamon_roll,567,32,178.0,1,1,1.097561,1
astar-jps-dial,with_roads,cinnamon_roll,30,106,63.8,1,1,1.642857,0
astar-jps-dial,with_roads,cinnamon_roll,261,279,78.0,1,1,1.391304,0
astar-jps-dial,with_roads,cinnamon_roll,674,793,39.1,1,1,1.000000,1
astar-jps-dial,with_roads,cinnamon_roll,27,745,80.1,1,1,1.263158,0
astar-jps-dial,with_roads,cinnamon_roll,237,853,290.2,1,1,1.000000,1
astar-jps-dial,with_roads,cinnamon_roll,728,561,62.8,1,1,1.000000,1
astar-jps-dial,with_roads,cinnamon_roll,263,605,188.1,1,1,1.250000,0
astar-jps-dial,with_roads,cinnamon_roll,778,341,190.5,1,1,1.186047,1
astar-jps-dial,with_roads,cinnamon_roll,6,182,51.4,1,1,1.166667,1
astar-jps-dial,with_roads,cinnamon_roll,567,438,74.5,1,1,1.000000,1
astar-jps-dial,with_roads,cinnamon_roll,341,178,144.2,1,1,1.222222,1
astar-jps-dial,with_roads,cinnamon_roll,257,427,62.6,1,1,1.260870,1
astar-jps-dial,with_roads,cinnamon_roll,117,105,85.9,1,1,1.000000,1
astar-dial-cheb,no_roads,clash_arena,493,95,208.1,0,,,
astar-dial-cheb,no_roads,clash_arena,29,568,208.3,0,,,
astar-dial-cheb,no_roads,clash_arena,211,192,19.0,1,1,1.000000,1
astar-dial-cheb,no_roads,clash_arena,178,117,29.7,1,1,1.000000,1
astar-dial-cheb,no_roads,clash_arena,564,90,216.4,0,,,
astar-dial-cheb,no_roads,clash_arena,516,568,150.8,1,1,1.000000,1
astar-dial-cheb,no_roads,clash_arena,433,76,215.4,0,,,
astar-dial-cheb,no_roads,clash_arena,463,306,209.0,0,,,
astar-dial-cheb,no_roads,clash_arena,33,32,11.0,1,1,1.000000,1
astar-dial-cheb,no_roads,clash_arena,80,175,90.4,1,1,1.000000,1
astar-dial-cheb,no_roads,clash_arena,183,408,209.5,0,,,
astar-dial-cheb,no_roads,clash_arena,470,30,214.6,0,,,
astar-dial-cheb,no_roads,clash_arena,444,161,209.2,0,,,
astar-dial-cheb,no_roads,clash_arena,547,498,94.5,1,1,1.000000,1
astar-dial-cheb,no_roads,clash_arena,535,433,61.7,1,1,1.000000,1
astar-dial-cheb,no_roads,clash_arena,304,176,65.8,1,1,1.000000,1
astar-dial-cheb,no_roads,clash_arena,369,460,185.4,1,1,1.000000,1
astar-dial-cheb,no_roads,clash_arena,213,620,225.7,0,,,
astar-dial-cheb,no_roads,clash_arena,11,580,206.8,0,,,
astar-dial-cheb,no_roads,clash_arena,618,135,225.0,0,,,
astar-jps,no_roads,clash_arena,493,95,94.1,0,,,
astar-jps,no_roads,clash_arena,29,568,67.6,0,,,
astar-jps,no_roads,clash_arena,211,192,22.3,1,1,1.000000,1
astar-jps,no_roads,clash_arena,178,117,37.2,1,1,1.000000,1
astar-jps,no_roads,clash_arena,564,90,78.9,0,,,
astar-jps,no_roads,clash_arena,516,568,61.2,1,1,1.000000,1
astar-jps,no_roads,clash_arena,433,76,88.7,0,,,
astar-jps,no_roads,clash_arena,463,306,68.2,0,,,
astar-jps,no_roads,clash_arena,33,32,16.6,1,1,1.000000,1
astar-jps,no_roads,clash_arena,80,175,53.1,1,1,1.000000,1
astar-jps,no_roads,clash_arena,183,408,71.4,0,,,
astar-jps,no_roads,clash_arena,470,30,121.9,0,,,
astar-jps,no_roads,clash_arena,444,161,80.8,0,,,
astar-jps,no_roads,clash_arena,547,498,57.7,1,1,1.000000,1
astar-jps,no_roads,clash_arena,535,433,36.6,1,1,1.000000,1
astar-jps,no_roads,clash_arena,304,176,35.5,1,1,1.000000,1
astar-jps,no_roads,clash_arena,369,460,90.3,1,1,1.000000,1
astar-jps,no_roads,clash_arena,213,620,70.9,0,,,
astar-jps,no_roads,clash_arena,11,580,62.5,0,,,
astar-jps,no_roads,clash_arena,618,135,112.6,0,,,
astar-jps-dial,no_roads,clash_arena,493,95,98.8,0,,,
astar-jps-dial,no_roads,clash_arena,29,568,67.7,0,,,
astar-jps-dial,no_roads,clash_arena,211,192,23.2,1,1,1.000000,1
astar-jps-dial,no_roads,clash_arena,178,117,36.9,1,1,1.000000,1
astar-jps-dial,no_roads,clash_arena,564,90,87.5,0,,,
astar-jps-dial,no_roads,clash_arena,516,568,65.9,1,1,1.000000,1
astar-jps-dial,no_roads,clash_arena,433,76,91.2,0,,,
astar-jps-dial,no_roads,clash_arena,463,306,82.1,0,,,
astar-jps-dial,no_roads,clash_arena,33,32,15.9,1,1,1.000000,1
astar-jps-dial,no_roads,clash_arena,80,175,51.4,1,1,1.000000,1
astar-jps-dial,no_roads,clash_arena,183,408,79.7,0,,,
astar-jps-dial,no_roads,clash_arena,470,30,90.7,0,,,
astar-jps-dial,no_roads,clash_arena,444,161,94.8,0,,,
astar-jps-dial,no_roads,clash_arena,547,498,56.7,1,1,1.000000,1
astar-jps-dial,no_roads,clash_arena,535,433,37.1,1,1,1.000000,1
astar-jps-dial,no_roads,clash_arena,304,176,42.3,1,1,1.000000,1
astar-jps-dial,no_roads,clash_arena,369,460,85.5,1,1,1.000000,1
astar-jps-dial,no_roads,clash_arena,213,620,78.6,0,,,
astar-jps-dial,no_roads,clash_arena,11,580,69.5,0,,,
astar-jps-dial,no_roads,clash_arena,618,135,86.9,0,,,
astar-dial-cheb,with_roads,clash_arena,493,95,204.3,0,,,
astar-dial-cheb,with_roads,clash_arena,29,568,193.4,0,,,
astar-dial-cheb,with_roads,clash_arena,211,192,18.3,1,1,1.000000,1
astar-dial-cheb,with_roads,clash_arena,178,117,28.2,1,1,1.000000,1
astar-dial-cheb,with_roads,clash_arena,564,90,204.6,0,,,
astar-dial-cheb,with_roads,clash_arena,516,568,144.7,1,1,1.000000,1
astar-dial-cheb,with_roads,clash_arena,433,76,208.8,0,,,
astar-dial-cheb,with_roads,clash_arena,463,306,202.4,0,,,
astar-dial-cheb,with_roads,clash_arena,33,32,10.6,1,1,1.000000,1
astar-dial-cheb,with_roads,clash_arena,80,175,89.0,1,1,1.000000,1
astar-dial-cheb,with_roads,clash_arena,183,408,197.0,0,,,
astar-dial-cheb,with_roads,clash_arena,470,30,189.6,0,,,
astar-dial-cheb,with_roads,clash_arena,444,161,238.8,0,,,
astar-dial-cheb,with_roads,clash_arena,547,498,93.2,1,1,1.000000,1
astar-dial-cheb,with_roads,clash_arena,535,433,60.3,1,1,1.000000,1
astar-dial-cheb,with_roads,clash_arena,304,176,63.4,1,1,1.000000,1
astar-dial-cheb,with_roads,clash_arena,369,460,167.3,1,1,1.000000,1
astar-dial-cheb,with_roads,clash_arena,213,620,197.2,0,,,
astar-dial-cheb,with_roads,clash_arena,11,580,188.3,0,,,
astar-dial-cheb,with_roads,clash_arena,618,135,198.3,0,,,
astar-jps,with_roads,clash_arena,493,95,84.4,0,,,
astar-jps,with_roads,clash_arena,29,568,59.2,0,,,
astar-jps,with_roads,clash_arena,211,192,20.1,1,1,1.000000,1
astar-jps,with_roads,clash_arena,178,117,32.7,1,1,1.000000,1
astar-jps,with_roads,clash_arena,564,90,73.2,0,,,
astar-jps,with_roads,clash_arena,516,568,51.4,1,1,1.000000,1
astar-jps,with_roads,clash_arena,433,76,71.0,0,,,
astar-jps,with_roads,clash_arena,463,306,64.1,0,,,
astar-jps,with_roads,clash_arena,33,32,12.3,1,1,1.000000,1
astar-jps,with_roads,clash_arena,80,175,47.2,1,1,1.000000,1
astar-jps,with_roads,clash_arena,183,408,64.8,0,,,
astar-jps,with_roads,clash_arena,470,30,74.5,0,,,
astar-jps,with_roads,clash_arena,444,161,69.9,0,,,
astar-jps,with_roads,clash_arena,547,498,50.2,1,1,1.000000,1
astar-jps,with_roads,clash_arena,535,433,31.0,1,1,1.000000,1
astar-jps,with_roads,clash_arena,304,176,30.0,1,1,1.000000,1
astar-jps,with_roads,clash_arena,369,460,75.6,1,1,1.000000,1
astar-jps,with_roads,clash_arena,213,620,60.7,0,,,
astar-jps,with_roads,clash_arena,11,580,52.4,0,,,
astar-jps,with_roads,clash_arena,618,135,63.6,0,,,
astar-jps-dial,with_roads,clash_arena,493,95,76.8,0,,,
astar-jps-dial,with_roads,clash_arena,29,568,59.3,0,,,
astar-jps-dial,with_roads,clash_arena,211,192,20.8,1,1,1.000000,1
astar-jps-dial,with_roads,clash_arena,178,117,32.8,1,1,1.000000,1
astar-jps-dial,with_roads,clash_arena,564,90,73.8,0,,,
astar-jps-dial,with_roads,clash_arena,516,568,50.5,1,1,1.000000,1
astar-jps-dial,with_roads,clash_arena,433,76,77.9,0,,,
astar-jps-dial,with_roads,clash_arena,463,306,74.3,0,,,
astar-jps-dial,with_roads,clash_arena,33,32,14.4,1,1,1.000000,1
astar-jps-dial,with_roads,clash_arena,80,175,53.1,1,1,1.000000,1
astar-jps-dial,with_roads,clash_arena,183,408,70.7,0,,,
astar-jps-dial,with_roads,clash_arena,470,30,80.3,0,,,
astar-jps-dial,with_roads,clash_arena,444,161,73.2,0,,,
astar-jps-dial,with_roads,clash_arena,547,498,48.7,1,1,1.000000,1
astar-jps-dial,with_roads,clash_arena,535,433,31.9,1,1,1.000000,1
astar-jps-dial,with_roads,clash_arena,304,176,37.9,1,1,1.000000,1
astar-jps-dial,with_roads,clash_arena,369,460,73.5,1,1,1.000000,1
astar-jps-dial,with_roads,clash_arena,213,620,69.9,0,,,
astar-jps-dial,with_roads,clash_arena,11,580,59.0,0,,,
astar-jps-dial,with_roads,clash_arena,618,135,69.8,0,,,
astar-dial-cheb,no_roads,climbing_wall,780,127,308.4,1,1,1.000000,1
astar-dial-cheb,no_roads,climbing_wall,25,911,589.3,1,1,1.000000,1
astar-dial-cheb,no_roads,climbing_wall,331,294,22.0,1,1,1.000000,1
astar-dial-cheb,no_roads,climbing_wall,267,164,39.2,1,1,1.000000,1
astar-dial-cheb,no_roads,climbing_wall,904,114,343.5,1,1,1.000000,1
astar-dial-cheb,no_roads,climbing_wall,827,908,30.2,1,1,1.000000,1
astar-dial-cheb,no_roads,climbing_wall,658,97,261.8,1,1,1.000000,1
astar-dial-cheb,no_roads,climbing_wall,718,508,491.5,1,1,1.000000,1
astar-dial-cheb,no_roads,climbing_wall,32,30,17.7,1,1,1.000000,1
astar-dial-cheb,no_roads,climbing_wall,103,261,79.0,1,1,1.000000,1
astar-dial-cheb,no_roads,climbing_wall,280,613,547.0,1,1,1.000000,1
astar-dial-cheb,no_roads,climbing_wall,732,27,318.9,1,1,1.000000,1
astar-dial-cheb,no_roads,climbing_wall,678,239,219.0,1,1,1.000000,1
astar-dial-cheb,no_roads,climbing_wall,877,793,36.2,1,1,1.000000,1
astar-dial-cheb,no_roads,climbing_wall,858,658,97.1,1,1,1.000000,1
astar-dial-cheb,no_roads,climbing_wall,505,263,126.7,1,1,1.000000,1
astar-dial-cheb,no_roads,climbing_wall,539,716,80.9,1,1,1.000000,1
astar-dial-cheb,no_roads,climbing_wall,334,986,657.8,1,1,1.000000,1
astar-dial-cheb,no_roads,climbing_wall,6,931,620.7,1,1,1.000000,1
astar-dial-cheb,no_roads,climbing_wall,983,188,264.4,1,1,1.000000,1
astar-jps,no_roads,climbing_wall,780,127,68.6,1,1,1.000000,1
astar-jps,no_roads,climbing_wall,25,911,444.1,1,1,1.000000,1
astar-jps,no_roads,climbing_wall,331,294,29.2,1,1,1.000000,1
astar-jps,no_roads,climbing_wall,267,164,33.5,1,1,1.000000,1
astar-jps,no_roads,climbing_wall,904,114,302.8,1,1,1.000000,1
astar-jps,no_roads,climbing_wall,827,908,29.4,1,1,1.000000,1
astar-jps,no_roads,climbing_wall,658,97,51.0,1,1,1.000000,1
astar-jps,no_roads,climbing_wall,718,508,366.4,1,1,1.000000,1
astar-jps,no_roads,climbing_wall,32,30,17.0,1,1,1.000000,1
astar-jps,no_roads,climbing_wall,103,261,42.9,1,1,1.000000,1
astar-jps,no_roads,climbing_wall,280,613,335.3,1,1,1.000000,1
astar-jps,no_roads,climbing_wall,732,27,182.8,1,1,1.000000,1
astar-jps,no_roads,climbing_wall,678,239,43.0,1,1,1.000000,1
astar-jps,no_roads,climbing_wall,877,793,22.2,1,1,1.000000,1
astar-jps,no_roads,climbing_wall,858,658,30.2,1,1,1.000000,1
astar-jps,no_roads,climbing_wall,505,263,48.6,1,1,1.000000,1
astar-jps,no_roads,climbing_wall,539,716,36.7,1,1,1.000000,1
astar-jps,no_roads,climbing_wall,334,986,426.0,1,1,1.000000,1
astar-jps,no_roads,climbing_wall,6,931,419.2,1,1,1.000000,1
astar-jps,no_roads,climbing_wall,983,188,86.5,1,1,1.000000,1
astar-jps-dial,no_roads,climbing_wall,780,127,143.0,1,1,1.000000,1
astar-jps-dial,no_roads,climbing_wall,25,911,267.3,1,1,1.000000,1
astar-jps-dial,no_roads,climbing_wall,331,294,30.8,1,1,1.000000,1
astar-jps-dial,no_roads,climbing_wall,267,164,36.5,1,1,1.000000,1
astar-jps-dial,no_roads,climbing_wall,904,114,278.9,1,1,1.000000,1
astar-jps-dial,no_roads,climbing_wall,827,908,31.3,1,1,1.000000,1
astar-jps-dial,no_roads,climbing_wall,658,97,99.4,1,1,1.000000,1
astar-jps-dial,no_roads,climbing_wall,718,508,312.3,1,1,1.000000,1
astar-jps-dial,no_roads,climbing_wall,32,30,27.3,1,1,1.000000,1
astar-jps-dial,no_roads,climbing_wall,103,261,40.4,1,1,1.000000,1
astar-jps-dial,no_roads,climbing_wall,280,613,255.6,1,1,1.000000,1
astar-jps-dial,no_roads,climbing_wall,732,27,177.5,1,1,1.000000,1
astar-jps-dial,no_roads,climbing_wall,678,239,44.1,1,1,1.000000,1
astar-jps-dial,no_roads,climbing_wall,877,793,23.9,1,1,1.000000,1
astar-jps-dial,no_roads,climbing_wall,858,658,37.1,1,1,1.000000,1
astar-jps-dial,no_roads,climbing_wall,505,263,59.7,1,1,1.000000,1
astar-jps-dial,no_roads,climbing_wall,539,716,36.8,1,1,1.000000,1
astar-jps-dial,no_roads,climbing_wall,334,986,276.1,1,1,1.000000,1
astar-jps-dial,no_roads,climbing_wall,6,931,253.1,1,1,1.000000,1
astar-jps-dial,no_roads,climbing_wall,983,188,102.7,1,1,1.000000,1
astar-dial-cheb,with_roads,climbing_wall,780,127,353.7,1,1,1.000000,1
astar-dial-cheb,with_roads,climbing_wall,25,911,644.2,1,1,1.000000,1
astar-dial-cheb,with_roads,climbing_wall,331,294,29.3,1,1,1.000000,1
astar-dial-cheb,with_roads,climbing_wall,267,164,46.8,1,1,1.000000,1
astar-dial-cheb,with_roads,climbing_wall,904,114,381.3,1,1,1.000000,1
astar-dial-cheb,with_roads,climbing_wall,827,908,32.3,1,1,1.000000,1
astar-dial-cheb,with_roads,climbing_wall,658,97,257.9,1,1,1.000000,1
astar-dial-cheb,with_roads,climbing_wall,718,508,604.8,1,1,1.000000,1
astar-dial-cheb,with_roads,climbing_wall,32,30,23.8,1,1,1.000000,1
astar-dial-cheb,with_roads,climbing_wall,103,261,56.4,1,1,1.000000,1
astar-dial-cheb,with_roads,climbing_wall,280,613,508.9,1,1,1.000000,1
astar-dial-cheb,with_roads,climbing_wall,732,27,244.2,1,1,1.000000,1
astar-dial-cheb,with_roads,climbing_wall,678,239,219.0,1,1,1.000000,1
astar-dial-cheb,with_roads,climbing_wall,877,793,40.0,1,1,1.000000,1
astar-dial-cheb,with_roads,climbing_wall,858,658,105.0,1,1,1.000000,1
astar-dial-cheb,with_roads,climbing_wall,505,263,88.5,1,1,1.000000,1
astar-dial-cheb,with_roads,climbing_wall,539,716,138.0,1,1,1.000000,1
astar-dial-cheb,with_roads,climbing_wall,334,986,726.9,1,1,1.000000,1
astar-dial-cheb,with_roads,climbing_wall,6,931,664.5,1,1,1.000000,1
astar-dial-cheb,with_roads,climbing_wall,983,188,324.1,1,1,1.000000,1
astar-jps,with_roads,climbing_wall,780,127,68.9,1,1,1.140845,1
astar-jps,with_roads,climbing_wall,25,911,481.6,1,1,1.227273,0
astar-jps,with_roads,climbing_wall,331,294,34.7,1,1,1.285714,0
astar-jps,with_roads,climbing_wall,267,164,38.1,1,1,1.000000,1
astar-jps,with_roads,climbing_wall,904,114,351.4,1,1,1.408163,1
astar-jps,with_roads,climbing_wall,827,908,33.0,1,1,1.000000,1
astar-jps,with_roads,climbing_wall,658,97,59.7,1,1,1.444444,1
astar-jps,with_roads,climbing_wall,718,508,453.4,1,1,1.377551,1
astar-jps,with_roads,climbing_wall,32,30,19.7,1,1,1.000000,1
astar-jps,with_roads,climbing_wall,103,261,46.5,1,1,1.500000,1
astar-jps,with_roads,climbing_wall,280,613,381.5,1,1,1.793651,0
astar-jps,with_roads,climbing_wall,732,27,208.3,1,1,1.542373,1
astar-jps,with_roads,climbing_wall,678,239,47.5,1,1,1.250000,1
astar-jps,with_roads,climbing_wall,877,793,24.9,1,1,1.000000,1
astar-jps,with_roads,climbing_wall,858,658,34.8,1,1,1.000000,1
astar-jps,with_roads,climbing_wall,505,263,48.8,1,1,1.700000,1
astar-jps,with_roads,climbing_wall,539,716,38.5,1,1,1.000000,1
astar-jps,with_roads,climbing_wall,334,986,455.1,1,1,1.372881,0
astar-jps,with_roads,climbing_wall,6,931,457.1,1,1,1.200000,0
astar-jps,with_roads,climbing_wall,983,188,95.4,1,1,1.191919,1
astar-jps-dial,with_roads,climbing_wall,780,127,153.9,1,1,1.394366,1
astar-jps-dial,with_roads,climbing_wall,25,911,315.0,1,1,1.227273,0
astar-jps-dial,with_roads,climbing_wall,331,294,36.1,1,1,1.285714,0
astar-jps-dial,with_roads,climbing_wall,267,164,45.4,1,1,1.000000,1
astar-jps-dial,with_roads,climbing_wall,904,114,333.0,1,1,1.428571,1
astar-jps-dial,with_roads,climbing_wall,827,908,34.6,1,1,1.000000,1
astar-jps-dial,with_roads,climbing_wall,658,97,119.2,1,1,1.444444,1
astar-jps-dial,with_roads,climbing_wall,718,508,355.3,1,1,1.377551,1
astar-jps-dial,with_roads,climbing_wall,32,30,36.6,1,1,1.000000,1
astar-jps-dial,with_roads,climbing_wall,103,261,43.7,1,1,1.500000,1
astar-jps-dial,with_roads,climbing_wall,280,613,286.7,1,1,1.793651,0
astar-jps-dial,with_roads,climbing_wall,732,27,212.9,1,1,1.237288,1
astar-jps-dial,with_roads,climbing_wall,678,239,49.8,1,1,1.250000,1
astar-jps-dial,with_roads,climbing_wall,877,793,26.3,1,1,1.000000,1
astar-jps-dial,with_roads,climbing_wall,858,658,40.3,1,1,1.000000,1
astar-jps-dial,with_roads,climbing_wall,505,263,63.2,1,1,1.700000,1
astar-jps-dial,with_roads,climbing_wall,539,716,41.3,1,1,1.000000,1
astar-jps-dial,with_roads,climbing_wall,334,986,307.5,1,1,1.372881,0
astar-jps-dial,with_roads,climbing_wall,6,931,280.1,1,1,1.200000,0
astar-jps-dial,with_roads,climbing_wall,983,188,117.2,1,1,1.212121,1
astar-dial-cheb,no_roads,coffee,1738,285,621.8,1,1,1.000000,1
astar-dial-cheb,no_roads,coffee,70,2048,1166.3,1,1,1.000000,1
astar-dial-cheb,no_roads,coffee,746,659,850.3,1,1,1.000000,1
astar-dial-cheb,no_roads,coffee,587,353,735.7,1,1,1.000000,1
astar-dial-cheb,no_roads,coffee,2035,263,1139.7,1,1,1.000000,1
astar-dial-cheb,no_roads,coffee,1845,2046,126.2,1,1,1.000000,1
astar-dial-cheb,no_roads,coffee,2422,1497,557.2,1,1,1.000000,1
astar-dial-cheb,no_roads,coffee,223,1611,595.1,1,1,1.000000,1
astar-dial-cheb,no_roads,coffee,1128,88,1383.0,0,,,
astar-dial-cheb,no_roads,coffee,82,243,135.7,1,1,1.000000,1
astar-dial-cheb,no_roads,coffee,574,615,140.0,1,1,1.000000,1
astar-dial-cheb,no_roads,coffee,1392,1640,49.2,1,1,1.000000,1
astar-dial-cheb,no_roads,coffee,73,1540,481.3,1,1,1.000000,1
astar-dial-cheb,no_roads,coffee,506,1979,722.9,1,1,1.000000,1
astar-dial-cheb,no_roads,coffee,1766,1925,107.9,1,1,1.000000,1
astar-dial-cheb,no_roads,coffee,1497,1120,728.1,1,1,1.000000,1
astar-dial-cheb,no_roads,coffee,578,1209,334.6,1,1,1.000000,1
astar-dial-cheb,no_roads,coffee,1607,755,197.1,1,1,1.000000,1
astar-dial-cheb,no_roads,coffee,2216,2367,28.5,1,1,1.000000,1
astar-dial-cheb,no_roads,coffee,15,2092,1284.2,1,1,1.000000,1
astar-jps,no_roads,coffee,1738,285,151.0,1,1,1.000000,1
astar-jps,no_roads,coffee,70,2048,492.8,1,1,1.000000,1
astar-jps,no_roads,coffee,746,659,265.2,1,1,1.000000,1
astar-jps,no_roads,coffee,587,353,144.8,1,1,1.000000,1
astar-jps,no_roads,coffee,2035,263,323.3,1,1,1.000000,1
astar-jps,no_roads,coffee,1845,2046,59.2,1,1,1.000000,1
astar-jps,no_roads,coffee,2422,1497,119.9,1,1,1.000000,1
astar-jps,no_roads,coffee,223,1611,189.6,1,1,1.000000,1
astar-jps,no_roads,coffee,1128,88,1249.2,0,,,
astar-jps,no_roads,coffee,82,243,64.5,1,1,1.000000,1
astar-jps,no_roads,coffee,574,615,62.0,1,1,1.000000,1
astar-jps,no_roads,coffee,1392,1640,33.2,1,1,1.000000,1
astar-jps,no_roads,coffee,73,1540,199.1,1,1,1.000000,1
astar-jps,no_roads,coffee,506,1979,325.0,1,1,1.000000,1
astar-jps,no_roads,coffee,1766,1925,53.7,1,1,1.000000,1
astar-jps,no_roads,coffee,1497,1120,401.2,1,1,1.000000,1
astar-jps,no_roads,coffee,578,1209,88.7,1,1,1.000000,1
astar-jps,no_roads,coffee,1607,755,70.3,1,1,1.000000,1
astar-jps,no_roads,coffee,2216,2367,25.8,1,1,1.000000,1
astar-jps,no_roads,coffee,15,2092,542.7,1,1,1.000000,1
astar-jps-dial,no_roads,coffee,1738,285,173.2,1,1,1.000000,1
astar-jps-dial,no_roads,coffee,70,2048,447.2,1,1,1.000000,1
astar-jps-dial,no_roads,coffee,746,659,283.3,1,1,1.000000,1
astar-jps-dial,no_roads,coffee,587,353,222.2,1,1,1.000000,1
astar-jps-dial,no_roads,coffee,2035,263,353.7,1,1,1.000000,1
astar-jps-dial,no_roads,coffee,1845,2046,60.1,1,1,1.000000,1
astar-jps-dial,no_roads,coffee,2422,1497,154.3,1,1,1.000000,1
astar-jps-dial,no_roads,coffee,223,1611,178.7,1,1,1.000000,1
astar-jps-dial,no_roads,coffee,1128,88,1200.8,0,,,
astar-jps-dial,no_roads,coffee,82,243,73.1,1,1,1.000000,1
astar-jps-dial,no_roads,coffee,574,615,77.5,1,1,1.000000,1
astar-jps-dial,no_roads,coffee,1392,1640,34.4,1,1,1.000000,1
astar-jps-dial,no_roads,coffee,73,1540,198.7,1,1,1.000000,1
astar-jps-dial,no_roads,coffee,506,1979,316.8,1,1,1.000000,1
astar-jps-dial,no_roads,coffee,1766,1925,65.5,1,1,1.000000,1
astar-jps-dial,no_roads,coffee,1497,1120,386.5,1,1,1.000000,1
astar-jps-dial,no_roads,coffee,578,1209,81.4,1,1,1.000000,1
astar-jps-dial,no_roads,coffee,1607,755,88.6,1,1,1.000000,1
astar-jps-dial,no_roads,coffee,2216,2367,27.3,1,1,1.000000,1
astar-jps-dial,no_roads,coffee,15,2092,523.1,1,1,1.000000,1
astar-dial-cheb,with_roads,coffee,1738,285,700.0,1,1,1.000000,1
astar-dial-cheb,with_roads,coffee,70,2048,1489.4,1,1,1.000000,1
astar-dial-cheb,with_roads,coffee,746,659,923.0,1,1,1.000000,1
astar-dial-cheb,with_roads,coffee,587,353,581.9,1,1,1.000000,1
astar-dial-cheb,with_roads,coffee,2035,263,1334.8,1,1,1.000000,1
astar-dial-cheb,with_roads,coffee,1845,2046,127.6,1,1,1.000000,1
astar-dial-cheb,with_roads,coffee,2422,1497,542.9,1,1,1.000000,1
astar-dial-cheb,with_roads,coffee,223,1611,502.6,1,1,1.000000,1
astar-dial-cheb,with_roads,coffee,1128,88,1505.7,0,,,
astar-dial-cheb,with_roads,coffee,82,243,148.3,1,1,1.000000,1
astar-dial-cheb,with_roads,coffee,574,615,148.3,1,1,1.000000,1
astar-dial-cheb,with_roads,coffee,1392,1640,54.0,1,1,1.000000,1
astar-dial-cheb,with_roads,coffee,73,1540,573.3,1,1,1.000000,1
astar-dial-cheb,with_roads,coffee,506,1979,767.9,1,1,1.000000,1
astar-dial-cheb,with_roads,coffee,1766,1925,133.6,1,1,1.000000,1
astar-dial-cheb,with_roads,coffee,1497,1120,822.3,1,1,1.000000,1
astar-dial-cheb,with_roads,coffee,578,1209,328.2,1,1,1.000000,1
astar-dial-cheb,with_roads,coffee,1607,755,85.1,1,1,1.000000,1
astar-dial-cheb,with_roads,coffee,2216,2367,31.3,1,1,1.000000,1
astar-dial-cheb,with_roads,coffee,15,2092,1233.3,1,1,1.000000,1
astar-jps,with_roads,coffee,1738,285,144.3,1,1,1.000000,1
astar-jps,with_roads,coffee,70,2048,475.6,1,1,1.000000,1
astar-jps,with_roads,coffee,746,659,255.7,1,1,1.000000,1
astar-jps,with_roads,coffee,587,353,129.4,1,1,1.086957,1
astar-jps,with_roads,coffee,2035,263,323.3,1,1,1.039370,1
astar-jps,with_roads,coffee,1845,2046,56.3,1,1,1.000000,1
astar-jps,with_roads,coffee,2422,1497,97.9,1,1,1.000000,1
astar-jps,with_roads,coffee,223,1611,171.2,1,1,1.176471,0
astar-jps,with_roads,coffee,1128,88,1403.2,0,,,
astar-jps,with_roads,coffee,82,243,78.7,1,1,1.000000,1
astar-jps,with_roads,coffee,574,615,64.3,1,1,1.000000,1
astar-jps,with_roads,coffee,1392,1640,36.7,1,1,1.000000,1
astar-jps,with_roads,coffee,73,1540,199.0,1,1,1.000000,1
astar-jps,with_roads,coffee,506,1979,309.5,1,1,1.361446,1
astar-jps,with_roads,coffee,1766,1925,54.3,1,1,1.000000,1
astar-jps,with_roads,coffee,1497,1120,391.0,1,1,1.000000,1
astar-jps,with_roads,coffee,578,1209,89.8,1,1,1.000000,1
astar-jps,with_roads,coffee,1607,755,70.1,1,1,1.666667,0
astar-jps,with_roads,coffee,2216,2367,25.8,1,1,1.000000,1
astar-jps,with_roads,coffee,15,2092,538.0,1,1,1.214286,1
astar-jps-dial,with_roads,coffee,1738,285,163.4,1,1,1.000000,1
astar-jps-dial,with_roads,coffee,70,2048,429.0,1,1,1.000000,1
astar-jps-dial,with_roads,coffee,746,659,283.9,1,1,1.000000,1
astar-jps-dial,with_roads,coffee,587,353,219.0,1,1,1.043478,1
astar-jps-dial,with_roads,coffee,2035,263,321.3,1,1,1.039370,1
astar-jps-dial,with_roads,coffee,1845,2046,62.0,1,1,1.000000,1
astar-jps-dial,with_roads,coffee,2422,1497,153.2,1,1,1.000000,1
astar-jps-dial,with_roads,coffee,223,1611,168.0,1,1,1.235294,0
astar-jps-dial,with_roads,coffee,1128,88,1272.5,0,,,
astar-jps-dial,with_roads,coffee,82,243,73.9,1,1,1.000000,1
astar-jps-dial,with_roads,coffee,574,615,77.1,1,1,1.000000,1
astar-jps-dial,with_roads,coffee,1392,1640,37.3,1,1,1.000000,1
astar-jps-dial,with_roads,coffee,73,1540,209.2,1,1,1.000000,1
astar-jps-dial,with_roads,coffee,506,1979,293.4,1,1,1.361446,1
astar-jps-dial,with_roads,coffee,1766,1925,65.1,1,1,1.000000,1
astar-jps-dial,with_roads,coffee,1497,1120,353.7,1,1,1.000000,1
astar-jps-dial,with_roads,coffee,578,1209,78.3,1,1,1.000000,1
astar-jps-dial,with_roads,coffee,1607,755,83.9,1,1,1.666667,0
astar-jps-dial,with_roads,coffee,2216,2367,26.5,1,1,1.000000,1
astar-jps-dial,with_roads,coffee,15,2092,495.9,1,1,1.214286,1
astar-dial-cheb,no_roads,cold,259,51,208.1,1,1,1.000000,1
astar-dial-cheb,no_roads,cold,637,566,27.3,1,1,1.000000,1
astar-dial-cheb,no_roads,cold,513,319,113.4,1,1,1.000000,1
astar-dial-cheb,no_roads,cold,238,1347,740.4,1,1,1.000000,1
astar-dial-cheb,no_roads,cold,201,1054,757.1,1,1,1.000000,1
astar-dial-cheb,no_roads,cold,65,61,36.3,1,1,1.000000,1
astar-dial-cheb,no_roads,cold,218,501,200.1,1,1,1.000000,1
astar-dial-cheb,no_roads,cold,536,1260,483.5,1,1,1.000000,1
astar-dial-cheb,no_roads,cold,54,455,143.3,1,1,1.000000,1
astar-dial-cheb,no_roads,cold,1347,1049,69.5,1,1,1.000000,1
astar-dial-cheb,no_roads,cold,506,1124,663.1,1,1,1.000000,1
astar-dial-cheb,no_roads,cold,646,13,325.2,1,1,1.000000,1
astar-dial-cheb,no_roads,cold,362,1055,537.0,1,1,1.000000,1
astar-dial-cheb,no_roads,cold,784,646,114.1,1,1,1.000000,1
astar-dial-cheb,no_roads,cold,354,493,113.0,1,1,1.000000,1
astar-dial-cheb,no_roads,cold,776,238,264.7,1,1,1.000000,1
astar-dial-cheb,no_roads,cold,216,923,320.6,1,1,1.000000,1
astar-dial-cheb,no_roads,cold,225,844,472.8,1,1,1.000000,1
astar-dial-cheb,no_roads,cold,792,612,37.0,1,1,1.000000,1
astar-dial-cheb,no_roads,cold,88,1148,551.5,1,1,1.000000,1
astar-jps,no_roads,cold,259,51,59.8,1,1,1.000000,1
astar-jps,no_roads,cold,637,566,33.1,1,1,1.000000,1
astar-jps,no_roads,cold,513,319,49.3,1,1,1.000000,1
astar-jps,no_roads,cold,238,1347,285.0,1,1,1.000000,1
astar-jps,no_roads,cold,201,1054,445.4,1,1,1.000000,1
astar-jps,no_roads,cold,65,61,21.1,1,1,1.000000,1
astar-jps,no_roads,cold,218,501,110.1,1,1,1.000000,1
astar-jps,no_roads,cold,536,1260,106.7,1,1,1.000000,1
astar-jps,no_roads,cold,54,455,63.3,1,1,1.000000,1
astar-jps,no_roads,cold,1347,1049,35.1,1,1,1.000000,1
astar-jps,no_roads,cold,506,1124,340.0,1,1,1.000000,1
astar-jps,no_roads,cold,646,13,35.4,1,1,1.000000,1
astar-jps,no_roads,cold,362,1055,303.5,1,1,1.000000,1
astar-jps,no_roads,cold,784,646,44.4,1,1,1.000000,1
astar-jps,no_roads,cold,354,493,48.0,1,1,1.000000,1
astar-jps,no_roads,cold,776,238,103.3,1,1,1.000000,1
astar-jps,no_roads,cold,216,923,117.1,1,1,1.000000,1
astar-jps,no_roads,cold,225,844,269.7,1,1,1.000000,1
astar-jps,no_roads,cold,792,612,36.6,1,1,1.000000,1
astar-jps,no_roads,cold,88,1148,188.7,1,1,1.000000,1
astar-jps-dial,no_roads,cold,259,51,94.0,1,1,1.000000,1
astar-jps-dial,no_roads,cold,637,566,28.6,1,1,1.000000,1
astar-jps-dial,no_roads,cold,513,319,44.5,1,1,1.000000,1
astar-jps-dial,no_roads,cold,238,1347,232.3,1,1,1.000000,1
astar-jps-dial,no_roads,cold,201,1054,408.4,1,1,1.000000,1
astar-jps-dial,no_roads,cold,65,61,28.4,1,1,1.000000,1
astar-jps-dial,no_roads,cold,218,501,106.3,1,1,1.000000,1
astar-jps-dial,no_roads,cold,536,1260,98.5,1,1,1.000000,1
astar-jps-dial,no_roads,cold,54,455,67.7,1,1,1.000000,1
astar-jps-dial,no_roads,cold,1347,1049,45.4,1,1,1.000000,1
astar-jps-dial,no_roads,cold,506,1124,315.5,1,1,1.000000,1
astar-jps-dial,no_roads,cold,646,13,55.9,1,1,1.000000,1
astar-jps-dial,no_roads,cold,362,1055,288.3,1,1,1.000000,1
astar-jps-dial,no_roads,cold,784,646,45.7,1,1,1.000000,1
astar-jps-dial,no_roads,cold,354,493,49.4,1,1,1.000000,1
astar-jps-dial,no_roads,cold,776,238,105.3,1,1,1.000000,1
astar-jps-dial,no_roads,cold,216,923,128.4,1,1,1.000000,1
astar-jps-dial,no_roads,cold,225,844,254.8,1,1,1.000000,1
astar-jps-dial,no_roads,cold,792,612,40.1,1,1,1.000000,1
astar-jps-dial,no_roads,cold,88,1148,203.1,1,1,1.000000,1
astar-dial-cheb,with_roads,cold,259,51,198.9,1,1,1.000000,1
astar-dial-cheb,with_roads,cold,637,566,28.5,1,1,1.000000,1
astar-dial-cheb,with_roads,cold,513,319,119.1,1,1,1.000000,1
astar-dial-cheb,with_roads,cold,238,1347,685.0,1,1,1.000000,1
astar-dial-cheb,with_roads,cold,201,1054,512.6,1,1,1.000000,1
astar-dial-cheb,with_roads,cold,65,61,32.5,1,1,1.000000,1
astar-dial-cheb,with_roads,cold,218,501,183.1,1,1,1.000000,1
astar-dial-cheb,with_roads,cold,536,1260,829.1,1,1,1.000000,1
astar-dial-cheb,with_roads,cold,54,455,143.3,1,1,1.000000,1
astar-dial-cheb,with_roads,cold,1347,1049,74.6,1,1,1.000000,1
astar-dial-cheb,with_roads,cold,506,1124,591.1,1,1,1.000000,1
astar-dial-cheb,with_roads,cold,646,13,243.0,1,1,1.000000,1
astar-dial-cheb,with_roads,cold,362,1055,423.4,1,1,1.000000,1
astar-dial-cheb,with_roads,cold,784,646,121.5,1,1,1.000000,1
astar-dial-cheb,with_roads,cold,354,493,93.4,1,1,1.000000,1
astar-dial-cheb,with_roads,cold,776,238,204.8,1,1,1.000000,1
astar-dial-cheb,with_roads,cold,216,923,363.3,1,1,1.000000,1
astar-dial-cheb,with_roads,cold,225,844,108.6,1,1,1.000000,1
astar-dial-cheb,with_roads,cold,792,612,38.2,1,1,1.000000,1
astar-dial-cheb,with_roads,cold,88,1148,737.9,1,1,1.000000,1
astar-jps,with_roads,cold,259,51,60.3,1,1,1.176471,1
astar-jps,with_roads,cold,637,566,33.9,1,1,1.000000,1
astar-jps,with_roads,cold,513,319,53.5,1,1,1.000000,1
astar-jps,with_roads,cold,238,1347,290.8,1,1,1.375000,1
astar-jps,with_roads,cold,201,1054,467.4,1,1,1.750000,1
astar-jps,with_roads,cold,65,61,25.6,1,1,1.000000,1
astar-jps,with_roads,cold,218,501,118.4,1,1,1.000000,1
astar-jps,with_roads,cold,536,1260,110.5,1,1,1.000000,1
astar-jps,with_roads,cold,54,455,69.6,1,1,1.083333,1
astar-jps,with_roads,cold,1347,1049,34.4,1,1,1.000000,1
astar-jps,with_roads,cold,506,1124,394.3,1,1,1.410714,1
astar-jps,with_roads,cold,646,13,36.2,1,1,1.484848,0
astar-jps,with_roads,cold,362,1055,310.6,1,1,1.320755,0
astar-jps,with_roads,cold,784,646,46.1,1,1,1.000000,1
astar-jps,with_roads,cold,354,493,49.9,1,1,1.190476,1
astar-jps,with_roads,cold,776,238,102.6,1,1,1.395349,1
astar-jps,with_roads,cold,216,923,124.9,1,1,1.000000,1
astar-jps,with_roads,cold,225,844,275.1,1,1,2.333333,0
astar-jps,with_roads,cold,792,612,38.2,1,1,1.000000,1
astar-jps,with_roads,cold,88,1148,194.1,1,1,1.047619,1
astar-jps-dial,with_roads,cold,259,51,100.3,1,1,1.176471,1
astar-jps-dial,with_roads,cold,637,566,30.8,1,1,1.000000,1
astar-jps-dial,with_roads,cold,513,319,47.0,1,1,1.000000,1
astar-jps-dial,with_roads,cold,238,1347,238.8,1,1,1.375000,1
astar-jps-dial,with_roads,cold,201,1054,412.0,1,1,1.634615,1
astar-jps-dial,with_roads,cold,65,61,28.0,1,1,1.000000,1
astar-jps-dial,with_roads,cold,218,501,108.6,1,1,1.000000,1
astar-jps-dial,with_roads,cold,536,1260,106.2,1,1,1.000000,1
astar-jps-dial,with_roads,cold,54,455,63.2,1,1,1.083333,1
astar-jps-dial,with_roads,cold,1347,1049,46.6,1,1,1.000000,1
astar-jps-dial,with_roads,cold,506,1124,324.3,1,1,1.303571,0
astar-jps-dial,with_roads,cold,646,13,61.2,1,1,1.484848,0
astar-jps-dial,with_roads,cold,362,1055,294.2,1,1,1.320755,0
astar-jps-dial,with_roads,cold,784,646,44.1,1,1,1.000000,1
astar-jps-dial,with_roads,cold,354,493,50.8,1,1,1.190476,1
astar-jps-dial,with_roads,cold,776,238,107.1,1,1,1.395349,1
astar-jps-dial,with_roads,cold,216,923,132.3,1,1,1.000000,1
astar-jps-dial,with_roads,cold,225,844,301.4,1,1,2.333333,0
astar-jps-dial,with_roads,cold,792,612,43.8,1,1,1.000000,1
astar-jps-dial,with_roads,cold,88,1148,189.7,1,1,1.047619,1
astar-dial-cheb,no_roads,corridors,867,121,195.7,1,1,1.000000,1
astar-dial-cheb,no_roads,corridors,25,349,235.8,1,1,1.000000,1
astar-dial-cheb,no_roads,corridors,307,278,17.6,1,1,1.000000,1
astar-dial-cheb,no_roads,corridors,156,107,98.6,1,1,1.000000,1
astar-dial-cheb,no_roads,corridors,905,743,272.2,1,1,1.000000,1
astar-dial-cheb,no_roads,corridors,89,803,215.9,1,1,1.000000,1
astar-dial-cheb,no_roads,corridors,559,32,60.4,1,1,1.000000,1
astar-dial-cheb,no_roads,corridors,30,95,213.9,1,1,1.000000,1
astar-dial-cheb,no_roads,corridors,272,291,168.7,1,1,1.000000,1
astar-dial-cheb,no_roads,corridors,680,818,142.1,1,1,1.000000,1
astar-dial-cheb,no_roads,corridors,27,764,242.9,1,1,1.000000,1
astar-dial-cheb,no_roads,corridors,245,946,304.7,1,1,1.000000,1
astar-dial-cheb,no_roads,corridors,878,931,71.5,1,1,1.000000,1
astar-dial-cheb,no_roads,corridors,743,556,27.3,1,1,1.000000,1
astar-dial-cheb,no_roads,corridors,274,597,439.3,1,1,1.000000,1
astar-dial-cheb,no_roads,corridors,801,355,333.9,1,1,1.000000,1
astar-dial-cheb,no_roads,corridors,6,184,259.2,1,1,1.000000,1
astar-dial-cheb,no_roads,corridors,927,559,373.7,1,1,1.000000,1
astar-dial-cheb,no_roads,corridors,443,355,163.7,1,1,1.000000,1
astar-dial-cheb,no_roads,corridors,179,268,71.9,1,1,1.000000,1
astar-jps,no_roads,corridors,867,121,52.4,1,1,1.000000,1
astar-jps,no_roads,corridors,25,349,109.5,1,1,1.000000,1
astar-jps,no_roads,corridors,307,278,19.1,1,1,1.000000,1
astar-jps,no_roads,corridors,156,107,48.5,1,1,1.000000,1
astar-jps,no_roads,corridors,905,743,106.3,1,1,1.000000,1
astar-jps,no_roads,corridors,89,803,110.3,1,1,1.000000,1
astar-jps,no_roads,corridors,559,32,35.0,1,1,1.000000,1
astar-jps,no_roads,corridors,30,95,40.7,1,1,1.000000,1
astar-jps,no_roads,corridors,272,291,99.9,1,1,1.000000,1
astar-jps,no_roads,corridors,680,818,95.1,1,1,1.000000,1
astar-jps,no_roads,corridors,27,764,142.7,1,1,1.000000,1
astar-jps,no_roads,corridors,245,946,99.3,1,1,1.000000,1
astar-jps,no_roads,corridors,878,931,45.0,1,1,1.000000,1
astar-jps,no_roads,corridors,743,556,19.6,1,1,1.000000,1
astar-jps,no_roads,corridors,274,597,227.7,1,1,1.000000,1
astar-jps,no_roads,corridors,801,355,199.8,1,1,1.000000,1
astar-jps,no_roads,corridors,6,184,61.8,1,1,1.000000,1
astar-jps,no_roads,corridors,927,559,198.2,1,1,1.000000,1
astar-jps,no_roads,corridors,443,355,100.0,1,1,1.000000,1
astar-jps,no_roads,corridors,179,268,51.3,1,1,1.000000,1
astar-jps-dial,no_roads,corridors,867,121,66.7,1,1,1.000000,1
astar-jps-dial,no_roads,corridors,25,349,101.2,1,1,1.000000,1
astar-jps-dial,no_roads,corridors,307,278,17.9,1,1,1.000000,1
astar-jps-dial,no_roads,corridors,156,107,50.5,1,1,1.000000,1
astar-jps-dial,no_roads,corridors,905,743,82.6,1,1,1.000000,1
astar-jps-dial,no_roads,corridors,89,803,94.0,1,1,1.000000,1
astar-jps-dial,no_roads,corridors,559,32,48.7,1,1,1.000000,1
astar-jps-dial,no_roads,corridors,30,95,60.8,1,1,1.000000,1
astar-jps-dial,no_roads,corridors,272,291,97.5,1,1,1.000000,1
astar-jps-dial,no_roads,corridors,680,818,85.5,1,1,1.000000,1
astar-jps-dial,no_roads,corridors,27,764,128.2,1,1,1.000000,1
astar-jps-dial,no_roads,corridors,245,946,86.8,1,1,1.000000,1
astar-jps-dial,no_roads,corridors,878,931,31.3,1,1,1.000000,1
astar-jps-dial,no_roads,corridors,743,556,24.7,1,1,1.000000,1
astar-jps-dial,no_roads,corridors,274,597,235.8,1,1,1.000000,1
astar-jps-dial,no_roads,corridors,801,355,189.4,1,1,1.000000,1
astar-jps-dial,no_roads,corridors,6,184,61.0,1,1,1.000000,1
astar-jps-dial,no_roads,corridors,927,559,187.4,1,1,1.000000,1
astar-jps-dial,no_roads,corridors,443,355,101.4,1,1,1.000000,1
astar-jps-dial,no_roads,corridors,179,268,43.4,1,1,1.000000,1
astar-dial-cheb,with_roads,corridors,867,121,215.7,1,1,1.000000,1
astar-dial-cheb,with_roads,corridors,25,349,261.4,1,1,1.000000,1
astar-dial-cheb,with_roads,corridors,307,278,17.3,1,1,1.000000,1
astar-dial-cheb,with_roads,corridors,156,107,83.9,1,1,1.000000,1
astar-dial-cheb,with_roads,corridors,905,743,286.2,1,1,1.000000,1
astar-dial-cheb,with_roads,corridors,89,803,328.1,1,1,1.000000,1
astar-dial-cheb,with_roads,corridors,559,32,67.6,1,1,1.000000,1
astar-dial-cheb,with_roads,corridors,30,95,132.2,1,1,1.000000,1
astar-dial-cheb,with_roads,corridors,272,291,216.6,1,1,1.000000,1
astar-dial-cheb,with_roads,corridors,680,818,148.9,1,1,1.000000,1
astar-dial-cheb,with_roads,corridors,27,764,194.5,1,1,1.000000,1
astar-dial-cheb,with_roads,corridors,245,946,379.6,1,1,1.000000,1
astar-dial-cheb,with_roads,corridors,878,931,78.1,1,1,1.000000,1
astar-dial-cheb,with_roads,corridors,743,556,29.6,1,1,1.000000,1
astar-dial-cheb,with_roads,corridors,274,597,480.5,1,1,1.000000,1
astar-dial-cheb,with_roads,corridors,801,355,400.0,1,1,1.000000,1
astar-dial-cheb,with_roads,corridors,6,184,202.8,1,1,1.000000,1
astar-dial-cheb,with_roads,corridors,927,559,498.2,1,1,1.000000,1
astar-dial-cheb,with_roads,corridors,443,355,227.4,1,1,1.000000,1
astar-dial-cheb,with_roads,corridors,179,268,49.6,1,1,1.000000,1
astar-jps,with_roads,corridors,867,121,49.9,1,1,1.000000,1
astar-jps,with_roads,corridors,25,349,100.6,1,1,1.226415,1
astar-jps,with_roads,corridors,307,278,18.2,1,1,1.000000,1
astar-jps,with_roads,corridors,156,107,47.5,1,1,1.615385,1
astar-jps,with_roads,corridors,905,743,89.3,1,1,1.000000,1
astar-jps,with_roads,corridors,89,803,100.6,1,1,1.000000,1
astar-jps,with_roads,corridors,559,32,31.4,1,1,1.000000,1
astar-jps,with_roads,corridors,30,95,46.2,1,1,1.538462,1
astar-jps,with_roads,corridors,272,291,101.7,1,1,1.113208,1
astar-jps,with_roads,corridors,680,818,81.8,1,1,1.000000,1
astar-jps,with_roads,corridors,27,764,117.0,1,1,1.000000,1
astar-jps,with_roads,corridors,245,946,107.6,1,1,1.066667,0
astar-jps,with_roads,corridors,878,931,35.9,1,1,1.000000,1
astar-jps,with_roads,corridors,743,556,22.1,1,1,1.000000,1
astar-jps,with_roads,corridors,274,597,194.4,1,1,1.134831,1
astar-jps,with_roads,corridors,801,355,167.1,1,1,1.000000,1
astar-jps,with_roads,corridors,6,184,76.0,1,1,1.545455,0
astar-jps,with_roads,corridors,927,559,177.9,1,1,1.000000,1
astar-jps,with_roads,corridors,443,355,92.1,1,1,1.000000,1
astar-jps,with_roads,corridors,179,268,43.8,1,1,1.000000,1
astar-jps-dial,with_roads,corridors,867,121,65.6,1,1,1.000000,1
astar-jps-dial,with_roads,corridors,25,349,99.4,1,1,1.226415,1
astar-jps-dial,with_roads,corridors,307,278,18.8,1,1,1.000000,1
astar-jps-dial,with_roads,corridors,156,107,55.7,1,1,1.615385,1
astar-jps-dial,with_roads,corridors,905,743,80.5,1,1,1.000000,1
astar-jps-dial,with_roads,corridors,89,803,93.4,1,1,1.000000,1
astar-jps-dial,with_roads,corridors,559,32,47.2,1,1,1.000000,1
astar-jps-dial,with_roads,corridors,30,95,58.2,1,1,1.538462,1
astar-jps-dial,with_roads,corridors,272,291,94.1,1,1,1.113208,1
astar-jps-dial,with_roads,corridors,680,818,79.3,1,1,1.000000,1
astar-jps-dial,with_roads,corridors,27,764,119.1,1,1,1.000000,1
astar-jps-dial,with_roads,corridors,245,946,84.4,1,1,1.066667,0
astar-jps-dial,with_roads,corridors,878,931,31.5,1,1,1.000000,1
astar-jps-dial,with_roads,corridors,743,556,24.2,1,1,1.000000,1
astar-jps-dial,with_roads,corridors,274,597,215.0,1,1,1.134831,1
astar-jps-dial,with_roads,corridors,801,355,164.4,1,1,1.000000,1
astar-jps-dial,with_roads,corridors,6,184,59.5,1,1,1.545455,0
astar-jps-dial,with_roads,corridors,927,559,163.5,1,1,1.000000,1
astar-jps-dial,with_roads,corridors,443,355,92.4,1,1,1.000000,1
astar-jps-dial,with_roads,corridors,179,268,43.6,1,1,1.000000,1
astar-dial-cheb,no_roads,craters,1136,308,509.5,1,1,1.000000,1
astar-dial-cheb,no_roads,craters,120,1330,466.8,1,1,1.000000,1
astar-dial-cheb,no_roads,craters,555,505,12.5,1,1,1.000000,1
astar-dial-cheb,no_roads,craters,471,345,369.9,1,1,1.000000,1
astar-dial-cheb,no_roads,craters,1319,289,513.0,1,1,1.000000,1
astar-dial-cheb,no_roads,craters,1202,1329,302.4,1,1,1.000000,1
astar-dial-cheb,no_roads,craters,997,269,292.1,1,1,1.000000,1
astar-dial-cheb,no_roads,craters,1061,794,481.0,1,1,1.000000,1
astar-dial-cheb,no_roads,craters,144,136,75.1,1,1,1.000000,1
astar-dial-cheb,no_roads,craters,278,466,85.2,1,1,1.000000,1
astar-dial-cheb,no_roads,craters,485,932,99.0,1,1,1.000000,1
astar-dial-cheb,no_roads,craters,1084,127,233.0,1,1,1.000000,1
astar-dial-cheb,no_roads,craters,1019,437,352.8,1,1,1.000000,1
astar-dial-cheb,no_roads,craters,1275,1157,107.7,1,1,1.000000,1
astar-dial-cheb,no_roads,craters,1242,997,43.6,1,1,1.000000,1
astar-dial-cheb,no_roads,craters,788,468,290.6,1,1,1.000000,1
astar-dial-cheb,no_roads,craters,835,1058,495.6,1,1,1.000000,1
astar-dial-cheb,no_roads,craters,559,67,116.7,1,1,1.000000,1
astar-dial-cheb,no_roads,craters,1368,382,413.4,1,1,1.000000,1
astar-dial-cheb,no_roads,craters,1237,794,84.0,1,1,1.000000,1
astar-jps,no_roads,craters,1136,308,269.7,1,1,1.000000,1
astar-jps,no_roads,craters,120,1330,367.5,1,1,1.000000,1
astar-jps,no_roads,craters,555,505,14.7,1,1,1.000000,1
astar-jps,no_roads,craters,471,345,97.1,1,1,1.000000,1
astar-jps,no_roads,craters,1319,289,234.3,1,1,1.000000,1
astar-jps,no_roads,craters,1202,1329,196.2,1,1,1.000000,1
astar-jps,no_roads,craters,997,269,173.8,1,1,1.000000,1
astar-jps,no_roads,craters,1061,794,144.8,1,1,1.000000,1
astar-jps,no_roads,craters,144,136,47.5,1,1,1.000000,1
astar-jps,no_roads,craters,278,466,45.6,1,1,1.000000,1
astar-jps,no_roads,craters,485,932,48.8,1,1,1.000000,1
astar-jps,no_roads,craters,1084,127,63.0,1,1,1.000000,1
astar-jps,no_roads,craters,1019,437,148.9,1,1,1.000000,1
astar-jps,no_roads,craters,1275,1157,50.7,1,1,1.000000,1
astar-jps,no_roads,craters,1242,997,23.5,1,1,1.000000,1
astar-jps,no_roads,craters,788,468,149.4,1,1,1.000000,1
astar-jps,no_roads,craters,835,1058,280.2,1,1,1.000000,1
astar-jps,no_roads,craters,559,67,48.5,1,1,1.000000,1
astar-jps,no_roads,craters,1368,382,184.9,1,1,1.000000,1
astar-jps,no_roads,craters,1237,794,36.0,1,1,1.000000,1
astar-jps-dial,no_roads,craters,1136,308,275.8,1,1,1.000000,1
astar-jps-dial,no_roads,craters,120,1330,298.4,1,1,1.000000,1
astar-jps-dial,no_roads,craters,555,505,16.6,1,1,1.000000,1
astar-jps-dial,no_roads,craters,471,345,109.7,1,1,1.000000,1
astar-jps-dial,no_roads,craters,1319,289,229.2,1,1,1.000000,1
astar-jps-dial,no_roads,craters,1202,1329,183.1,1,1,1.000000,1
astar-jps-dial,no_roads,craters,997,269,243.6,1,1,1.000000,1
astar-jps-dial,no_roads,craters,1061,794,149.7,1,1,1.000000,1
astar-jps-dial,no_roads,craters,144,136,49.1,1,1,1.000000,1
astar-jps-dial,no_roads,craters,278,466,41.2,1,1,1.000000,1
astar-jps-dial,no_roads,craters,485,932,48.9,1,1,1.000000,1
astar-jps-dial,no_roads,craters,1084,127,110.4,1,1,1.000000,1
astar-jps-dial,no_roads,craters,1019,437,179.4,1,1,1.000000,1
astar-jps-dial,no_roads,craters,1275,1157,58.1,1,1,1.000000,1
astar-jps-dial,no_roads,craters,1242,997,25.5,1,1,1.000000,1
astar-jps-dial,no_roads,craters,788,468,157.7,1,1,1.000000,1
astar-jps-dial,no_roads,craters,835,1058,272.1,1,1,1.000000,1
astar-jps-dial,no_roads,craters,559,67,60.3,1,1,1.000000,1
astar-jps-dial,no_roads,craters,1368,382,175.8,1,1,1.000000,1
astar-jps-dial,no_roads,craters,1237,794,40.3,1,1,1.000000,1
astar-dial-cheb,with_roads,craters,1136,308,292.8,1,1,1.000000,1
astar-dial-cheb,with_roads,craters,120,1330,511.6,1,1,1.000000,1
astar-dial-cheb,with_roads,craters,555,505,13.2,1,1,1.000000,1
astar-dial-cheb,with_roads,craters,471,345,189.1,1,1,1.000000,1
astar-dial-cheb,with_roads,craters,1319,289,320.6,1,1,1.000000,1
astar-dial-cheb,with_roads,craters,1202,1329,323.6,1,1,1.000000,1
astar-dial-cheb,with_roads,craters,997,269,147.8,1,1,1.000000,1
astar-dial-cheb,with_roads,craters,1061,794,516.6,1,1,1.000000,1
astar-dial-cheb,with_roads,craters,144,136,71.5,1,1,1.000000,1
astar-dial-cheb,with_roads,craters,278,466,64.0,1,1,1.000000,1
astar-dial-cheb,with_roads,craters,485,932,120.6,1,1,1.000000,1
astar-dial-cheb,with_roads,craters,1084,127,260.1,1,1,1.000000,1
astar-dial-cheb,with_roads,craters,1019,437,243.8,1,1,1.000000,1
astar-dial-cheb,with_roads,craters,1275,1157,103.2,1,1,1.000000,1
astar-dial-cheb,with_roads,craters,1242,997,43.4,1,1,1.000000,1
astar-dial-cheb,with_roads,craters,788,468,218.8,1,1,1.000000,1
astar-dial-cheb,with_roads,craters,835,1058,521.9,1,1,1.000000,1
astar-dial-cheb,with_roads,craters,559,67,91.1,1,1,1.000000,1
astar-dial-cheb,with_roads,craters,1368,382,331.5,1,1,1.000000,1
astar-dial-cheb,with_roads,craters,1237,794,82.5,1,1,1.000000,1
astar-jps,with_roads,craters,1136,308,255.4,1,1,1.287671,1
astar-jps,with_roads,craters,120,1330,363.3,1,1,1.000000,1
astar-jps,with_roads,craters,555,505,15.6,1,1,1.000000,1
astar-jps,with_roads,craters,471,345,100.2,1,1,1.255319,1
astar-jps,with_roads,craters,1319,289,209.4,1,1,1.204819,0
astar-jps,with_roads,craters,1202,1329,201.5,1,1,1.000000,1
astar-jps,with_roads,craters,997,269,178.2,1,1,1.036364,1
astar-jps,with_roads,craters,1061,794,142.0,1,1,1.053191,0
astar-jps,with_roads,craters,144,136,50.4,1,1,1.054054,1
astar-jps,with_roads,craters,278,466,44.1,1,1,1.047619,1
astar-jps,with_roads,craters,485,932,50.7,1,1,1.000000,1
astar-jps,with_roads,craters,1084,127,67.7,1,1,1.000000,1
astar-jps,with_roads,craters,1019,437,142.7,1,1,1.265625,1
astar-jps,with_roads,craters,1275,1157,50.8,1,1,1.000000,1
astar-jps,with_roads,craters,1242,997,23.9,1,1,1.000000,1
astar-jps,with_roads,craters,788,468,148.0,1,1,1.000000,1
astar-jps,with_roads,craters,835,1058,277.6,1,1,1.100000,1
astar-jps,with_roads,craters,559,67,49.6,1,1,1.192308,1
astar-jps,with_roads,craters,1368,382,176.6,1,1,1.115385,1
astar-jps,with_roads,craters,1237,794,39.2,1,1,1.000000,1
astar-jps-dial,with_roads,craters,1136,308,272.2,1,1,1.315068,1
astar-jps-dial,with_roads,craters,120,1330,335.4,1,1,1.000000,1
astar-jps-dial,with_roads,craters,555,505,17.8,1,1,1.000000,1
astar-jps-dial,with_roads,craters,471,345,113.9,1,1,1.255319,1
astar-jps-dial,with_roads,craters,1319,289,238.1,1,1,1.204819,0
astar-jps-dial,with_roads,craters,1202,1329,177.1,1,1,1.000000,1
astar-jps-dial,with_roads,craters,997,269,236.7,1,1,1.218182,1
astar-jps-dial,with_roads,craters,1061,794,146.0,1,1,1.053191,0
astar-jps-dial,with_roads,craters,144,136,52.0,1,1,1.054054,1
astar-jps-dial,with_roads,craters,278,466,42.2,1,1,1.047619,1
astar-jps-dial,with_roads,craters,485,932,50.2,1,1,1.000000,1
astar-jps-dial,with_roads,craters,1084,127,109.3,1,1,1.000000,1
astar-jps-dial,with_roads,craters,1019,437,180.0,1,1,1.265625,1
astar-jps-dial,with_roads,craters,1275,1157,61.2,1,1,1.000000,1
astar-jps-dial,with_roads,craters,1242,997,26.3,1,1,1.000000,1
astar-jps-dial,with_roads,craters,788,468,171.0,1,1,1.036364,1
astar-jps-dial,with_roads,craters,835,1058,274.8,1,1,1.100000,1
astar-jps-dial,with_roads,craters,559,67,64.7,1,1,1.192308,1
astar-jps-dial,with_roads,craters,1368,382,168.7,1,1,1.115385,1
astar-jps-dial,with_roads,craters,1237,794,41.2,1,1,1.000000,1
astar-dial-cheb,no_roads,cubes,1665,300,681.2,1,1,1.000000,1
astar-dial-cheb,no_roads,cubes,55,1925,561.3,1,1,1.000000,1
astar-dial-cheb,no_roads,cubes,735,665,904.9,1,1,1.000000,1
astar-dial-cheb,no_roads,cubes,612,384,1066.4,1,1,1.000000,1
astar-dial-cheb,no_roads,cubes,1912,280,592.8,1,1,1.000000,1
astar-dial-cheb,no_roads,cubes,1770,1923,26.1,1,1,1.000000,1
astar-dial-cheb,no_roads,cubes,2357,1420,292.9,1,1,1.000000,1
astar-dial-cheb,no_roads,cubes,232,1540,283.7,1,1,1.000000,1
astar-dial-cheb,no_roads,cubes,1120,78,479.9,1,1,1.000000,1
astar-dial-cheb,no_roads,cubes,74,246,902.9,1,1,1.000000,1
astar-dial-cheb,no_roads,cubes,601,635,951.8,1,1,1.000000,1
astar-dial-cheb,no_roads,cubes,1321,1580,184.0,1,1,1.000000,1
astar-dial-cheb,no_roads,cubes,66,1457,299.7,1,1,1.000000,1
astar-dial-cheb,no_roads,cubes,544,1863,1020.0,1,1,1.000000,1
astar-dial-cheb,no_roads,cubes,1707,1827,470.4,1,1,1.000000,1
astar-dial-cheb,no_roads,cubes,1420,1115,46.8,1,1,1.000000,1
astar-dial-cheb,no_roads,cubes,605,1188,714.8,1,1,1.000000,1
astar-dial-cheb,no_roads,cubes,1537,741,292.8,1,1,1.000000,1
astar-dial-cheb,no_roads,cubes,2114,2292,1304.0,1,1,1.000000,1
astar-dial-cheb,no_roads,cubes,13,1988,1043.5,1,1,1.000000,1
astar-jps,no_roads,cubes,1665,300,220.4,1,1,1.000000,1
astar-jps,no_roads,cubes,55,1925,185.4,1,1,1.000000,1
astar-jps,no_roads,cubes,735,665,511.9,1,1,1.000000,1
astar-jps,no_roads,cubes,612,384,669.0,1,1,1.000000,1
astar-jps,no_roads,cubes,1912,280,146.9,1,1,1.000000,1
astar-jps,no_roads,cubes,1770,1923,22.0,1,1,1.000000,1
astar-jps,no_roads,cubes,2357,1420,180.5,1,1,1.000000,1
astar-jps,no_roads,cubes,232,1540,104.3,1,1,1.000000,1
astar-jps,no_roads,cubes,1120,78,122.1,1,1,1.000000,1
astar-jps,no_roads,cubes,74,246,278.8,1,1,1.000000,1
astar-jps,no_roads,cubes,601,635,537.3,1,1,1.000000,1
astar-jps,no_roads,cubes,1321,1580,93.9,1,1,1.000000,1
astar-jps,no_roads,cubes,66,1457,106.1,1,1,1.000000,1
astar-jps,no_roads,cubes,544,1863,501.2,1,1,1.000000,1
astar-jps,no_roads,cubes,1707,1827,165.6,1,1,1.000000,1
astar-jps,no_roads,cubes,1420,1115,42.2,1,1,1.000000,1
astar-jps,no_roads,cubes,605,1188,200.4,1,1,1.000000,1
astar-jps,no_roads,cubes,1537,741,55.0,1,1,1.000000,1
astar-jps,no_roads,cubes,2114,2292,568.7,1,1,1.000000,1
astar-jps,no_roads,cubes,13,1988,484.4,1,1,1.000000,1
astar-jps-dial,no_roads,cubes,1665,300,168.4,1,1,1.000000,1
astar-jps-dial,no_roads,cubes,55,1925,142.2,1,1,1.000000,1
astar-jps-dial,no_roads,cubes,735,665,408.2,1,1,1.000000,1
astar-jps-dial,no_roads,cubes,612,384,577.3,1,1,1.000000,1
astar-jps-dial,no_roads,cubes,1912,280,142.6,1,1,1.000000,1
astar-jps-dial,no_roads,cubes,1770,1923,23.5,1,1,1.000000,1
astar-jps-dial,no_roads,cubes,2357,1420,145.7,1,1,1.000000,1
astar-jps-dial,no_roads,cubes,232,1540,81.4,1,1,1.000000,1
astar-jps-dial,no_roads,cubes,1120,78,120.7,1,1,1.000000,1
astar-jps-dial,no_roads,cubes,74,246,271.2,1,1,1.000000,1
astar-jps-dial,no_roads,cubes,601,635,645.5,1,1,1.000000,1
astar-jps-dial,no_roads,cubes,1321,1580,85.6,1,1,1.000000,1
astar-jps-dial,no_roads,cubes,66,1457,86.9,1,1,1.000000,1
astar-jps-dial,no_roads,cubes,544,1863,431.8,1,1,1.000000,1
astar-jps-dial,no_roads,cubes,1707,1827,143.6,1,1,1.000000,1
astar-jps-dial,no_roads,cubes,1420,1115,36.9,1,1,1.000000,1
astar-jps-dial,no_roads,cubes,605,1188,235.1,1,1,1.000000,1
astar-jps-dial,no_roads,cubes,1537,741,100.7,1,1,1.000000,1
astar-jps-dial,no_roads,cubes,2114,2292,559.8,1,1,1.000000,1
astar-jps-dial,no_roads,cubes,13,1988,468.1,1,1,1.000000,1
astar-dial-cheb,with_roads,cubes,1665,300,298.0,1,1,1.000000,1
astar-dial-cheb,with_roads,cubes,55,1925,647.9,1,1,1.000000,1
astar-dial-cheb,with_roads,cubes,735,665,494.8,1,1,1.000000,1
astar-dial-cheb,with_roads,cubes,612,384,1120.0,1,1,1.000000,1
astar-dial-cheb,with_roads,cubes,1912,280,838.5,1,1,1.000000,1
astar-dial-cheb,with_roads,cubes,1770,1923,27.0,1,1,1.000000,1
astar-dial-cheb,with_roads,cubes,2357,1420,304.5,1,1,1.000000,1
astar-dial-cheb,with_roads,cubes,232,1540,251.5,1,1,1.000000,1
astar-dial-cheb,with_roads,cubes,1120,78,870.2,1,1,1.000000,1
astar-dial-cheb,with_roads,cubes,74,246,1188.5,1,1,1.000000,1
astar-dial-cheb,with_roads,cubes,601,635,806.1,1,1,1.000000,1
astar-dial-cheb,with_roads,cubes,1321,1580,197.6,1,1,1.000000,1
astar-dial-cheb,with_roads,cubes,66,1457,297.6,1,1,1.000000,1
astar-dial-cheb,with_roads,cubes,544,1863,1065.4,1,1,1.000000,1
astar-dial-cheb,with_roads,cubes,1707,1827,581.2,1,1,1.000000,1
astar-dial-cheb,with_roads,cubes,1420,1115,47.6,1,1,1.000000,1
astar-dial-cheb,with_roads,cubes,605,1188,276.0,1,1,1.000000,1
astar-dial-cheb,with_roads,cubes,1537,741,289.2,1,1,1.000000,1
astar-dial-cheb,with_roads,cubes,2114,2292,1077.7,1,1,1.000000,1
astar-dial-cheb,with_roads,cubes,13,1988,419.8,1,1,1.000000,1
astar-jps,with_roads,cubes,1665,300,193.1,1,1,1.131148,1
astar-jps,with_roads,cubes,55,1925,153.9,1,1,1.356164,0
astar-jps,with_roads,cubes,735,665,472.4,1,1,1.147059,1
astar-jps,with_roads,cubes,612,384,649.2,1,1,1.363636,1
astar-jps,with_roads,cubes,1912,280,139.3,1,1,1.000000,1
astar-jps,with_roads,cubes,1770,1923,21.5,1,1,1.000000,1
astar-jps,with_roads,cubes,2357,1420,171.6,1,1,1.000000,1
astar-jps,with_roads,cubes,232,1540,87.6,1,1,1.200000,1
astar-jps,with_roads,cubes,1120,78,99.5,1,1,1.014706,0
astar-jps,with_roads,cubes,74,246,259.2,1,1,1.036765,1
astar-jps,with_roads,cubes,601,635,523.2,1,1,1.433735,1
astar-jps,with_roads,cubes,1321,1580,83.0,1,1,1.285714,0
astar-jps,with_roads,cubes,66,1457,89.9,1,1,1.176471,1
astar-jps,with_roads,cubes,544,1863,486.0,1,1,1.201550,1
astar-jps,with_roads,cubes,1707,1827,140.6,1,1,1.000000,1
astar-jps,with_roads,cubes,1420,1115,40.2,1,1,1.125000,1
astar-jps,with_roads,cubes,605,1188,185.0,1,1,1.765957,0
astar-jps,with_roads,cubes,1537,741,53.1,1,1,1.210526,1
astar-jps,with_roads,cubes,2114,2292,600.7,1,1,1.369748,1
astar-jps,with_roads,cubes,13,1988,477.8,1,1,1.643678,1
astar-jps-dial,with_roads,cubes,1665,300,205.7,1,1,1.131148,1
astar-jps-dial,with_roads,cubes,55,1925,144.0,1,1,1.356164,0
astar-jps-dial,with_roads,cubes,735,665,424.4,1,1,1.147059,1
astar-jps-dial,with_roads,cubes,612,384,581.5,1,1,1.363636,1
astar-jps-dial,with_roads,cubes,1912,280,151.1,1,1,1.000000,1
astar-jps-dial,with_roads,cubes,1770,1923,28.9,1,1,1.000000,1
astar-jps-dial,with_roads,cubes,2357,1420,138.6,1,1,1.000000,1
astar-jps-dial,with_roads,cubes,232,1540,81.1,1,1,1.200000,1
astar-jps-dial,with_roads,cubes,1120,78,144.9,1,1,1.014706,0
astar-jps-dial,with_roads,cubes,74,246,278.3,1,1,1.036765,1
astar-jps-dial,with_roads,cubes,601,635,559.6,1,1,1.433735,1
astar-jps-dial,with_roads,cubes,1321,1580,80.5,1,1,1.285714,0
astar-jps-dial,with_roads,cubes,66,1457,87.6,1,1,1.176471,1
astar-jps-dial,with_roads,cubes,544,1863,446.6,1,1,1.201550,1
astar-jps-dial,with_roads,cubes,1707,1827,136.5,1,1,1.000000,1
astar-jps-dial,with_roads,cubes,1420,1115,36.1,1,1,1.125000,1
astar-jps-dial,with_roads,cubes,605,1188,221.3,1,1,1.765957,0
astar-jps-dial,with_roads,cubes,1537,741,98.0,1,1,1.210526,1
astar-jps-dial,with_roads,cubes,2114,2292,555.0,1,1,1.369748,1
astar-jps-dial,with_roads,cubes,13,1988,451.8,1,1,1.643678,1
astar-dial-cheb,no_roads,default_large1,1441,264,674.6,1,1,1.000000,1
astar-dial-cheb,no_roads,default_large1,53,627,203.9,1,1,1.000000,1
astar-dial-cheb,no_roads,default_large1,563,516,954.2,1,1,1.000000,1
astar-dial-cheb,no_roads,default_large1,326,242,41.4,1,1,1.000000,1
astar-dial-cheb,no_roads,default_large1,1539,1226,85.3,1,1,1.000000,1
astar-dial-cheb,no_roads,default_large1,207,1329,646.7,1,1,1.000000,1
astar-dial-cheb,no_roads,default_large1,956,67,563.2,1,1,1.000000,1
astar-dial-cheb,no_roads,default_large1,63,222,119.2,1,1,1.000000,1
astar-dial-cheb,no_roads,default_large1,506,536,164.1,1,1,1.000000,1
astar-dial-cheb,no_roads,default_large1,1136,1355,442.9,1,1,1.000000,1
astar-dial-cheb,no_roads,default_large1,56,1262,858.8,1,1,1.000000,1
astar-dial-cheb,no_roads,default_large1,461,1467,770.7,1,1,1.000000,1
astar-dial-cheb,no_roads,default_large1,1592,1226,192.6,1,1,1.000000,1
astar-dial-cheb,no_roads,default_large1,951,510,179.8,1,1,1.000000,1
astar-dial-cheb,no_roads,default_large1,1012,1326,100.1,1,1,1.000000,1
astar-dial-cheb,no_roads,default_large1,633,13,416.7,1,1,1.000000,1
astar-dial-cheb,no_roads,default_large1,372,1585,957.0,1,1,1.000000,1
astar-dial-cheb,no_roads,default_large1,957,773,595.8,1,1,1.000000,1
astar-dial-cheb,no_roads,default_large1,633,362,889.9,1,1,1.000000,1
astar-dial-cheb,no_roads,default_large1,497,766,187.3,1,1,1.000000,1
astar-jps,no_roads,default_large1,1441,264,160.6,1,1,1.000000,1
astar-jps,no_roads,default_large1,53,627,90.7,1,1,1.000000,1
astar-jps,no_roads,default_large1,563,516,156.4,1,1,1.000000,1
astar-jps,no_roads,default_large1,326,242,29.9,1,1,1.000000,1
astar-jps,no_roads,default_large1,1539,1226,69.3,1,1,1.000000,1
astar-jps,no_roads,default_large1,207,1329,199.9,1,1,1.000000,1
astar-jps,no_roads,default_large1,956,67,163.2,1,1,1.000000,1
astar-jps,no_roads,default_large1,63,222,56.4,1,1,1.000000,1
astar-jps,no_roads,default_large1,506,536,59.9,1,1,1.000000,1
astar-jps,no_roads,default_large1,1136,1355,91.5,1,1,1.000000,1
astar-jps,no_roads,default_large1,56,1262,378.5,1,1,1.000000,1
astar-jps,no_roads,default_large1,461,1467,278.5,1,1,1.000000,1
astar-jps,no_roads,default_large1,1592,1226,98.7,1,1,1.000000,1
astar-jps,no_roads,default_large1,951,510,62.6,1,1,1.000000,1
astar-jps,no_roads,default_large1,1012,1326,45.1,1,1,1.000000,1
astar-jps,no_roads,default_large1,633,13,59.7,1,1,1.000000,1
astar-jps,no_roads,default_large1,372,1585,319.2,1,1,1.000000,1
astar-jps,no_roads,default_large1,957,773,91.3,1,1,1.000000,1
astar-jps,no_roads,default_large1,633,362,113.5,1,1,1.000000,1
astar-jps,no_roads,default_large1,497,766,56.4,1,1,1.000000,1
astar-jps-dial,no_roads,default_large1,1441,264,179.1,1,1,1.000000,1
astar-jps-dial,no_roads,default_large1,53,627,82.4,1,1,1.000000,1
astar-jps-dial,no_roads,default_large1,563,516,144.1,1,1,1.000000,1
astar-jps-dial,no_roads,default_large1,326,242,29.0,1,1,1.000000,1
astar-jps-dial,no_roads,default_large1,1539,1226,62.3,1,1,1.000000,1
astar-jps-dial,no_roads,default_large1,207,1329,199.4,1,1,1.000000,1
astar-jps-dial,no_roads,default_large1,956,67,161.8,1,1,1.000000,1
astar-jps-dial,no_roads,default_large1,63,222,65.7,1,1,1.000000,1
astar-jps-dial,no_roads,default_large1,506,536,96.3,1,1,1.000000,1
astar-jps-dial,no_roads,default_large1,1136,1355,91.8,1,1,1.000000,1
astar-jps-dial,no_roads,default_large1,56,1262,157.2,1,1,1.000000,1
astar-jps-dial,no_roads,default_large1,461,1467,240.1,1,1,1.000000,1
astar-jps-dial,no_roads,default_large1,1592,1226,131.6,1,1,1.000000,1
astar-jps-dial,no_roads,default_large1,951,510,66.0,1,1,1.000000,1
astar-jps-dial,no_roads,default_large1,1012,1326,46.2,1,1,1.000000,1
astar-jps-dial,no_roads,default_large1,633,13,86.3,1,1,1.000000,1
astar-jps-dial,no_roads,default_large1,372,1585,276.1,1,1,1.000000,1
astar-jps-dial,no_roads,default_large1,957,773,122.7,1,1,1.000000,1
astar-jps-dial,no_roads,default_large1,633,362,304.0,1,1,1.000000,1
astar-jps-dial,no_roads,default_large1,497,766,57.1,1,1,1.000000,1
astar-dial-cheb,with_roads,default_large1,1441,264,675.5,1,1,1.000000,1
astar-dial-cheb,with_roads,default_large1,53,627,314.7,1,1,1.000000,1
astar-dial-cheb,with_roads,default_large1,563,516,423.8,1,1,1.000000,1
astar-dial-cheb,with_roads,default_large1,326,242,49.3,1,1,1.000000,1
astar-dial-cheb,with_roads,default_large1,1539,1226,96.2,1,1,1.000000,1
astar-dial-cheb,with_roads,default_large1,207,1329,256.6,1,1,1.000000,1
astar-dial-cheb,with_roads,default_large1,956,67,405.8,1,1,1.000000,1
astar-dial-cheb,with_roads,default_large1,63,222,67.3,1,1,1.000000,1
astar-dial-cheb,with_roads,default_large1,506,536,192.6,1,1,1.000000,1
astar-dial-cheb,with_roads,default_large1,1136,1355,485.5,1,1,1.000000,1
astar-dial-cheb,with_roads,default_large1,56,1262,1101.7,1,1,1.000000,1
astar-dial-cheb,with_roads,default_large1,461,1467,917.0,1,1,1.000000,1
astar-dial-cheb,with_roads,default_large1,1592,1226,180.8,1,1,1.000000,1
astar-dial-cheb,with_roads,default_large1,951,510,197.9,1,1,1.000000,1
astar-dial-cheb,with_roads,default_large1,1012,1326,76.3,1,1,1.000000,1
astar-dial-cheb,with_roads,default_large1,633,13,130.6,1,1,1.000000,1
astar-dial-cheb,with_roads,default_large1,372,1585,1153.4,1,1,1.000000,1
astar-dial-cheb,with_roads,default_large1,957,773,688.6,1,1,1.000000,1
astar-dial-cheb,with_roads,default_large1,633,362,509.9,1,1,1.000000,1
astar-dial-cheb,with_roads,default_large1,497,766,192.1,1,1,1.000000,1
astar-jps,with_roads,default_large1,1441,264,173.8,1,1,1.246575,1
astar-jps,with_roads,default_large1,53,627,92.4,1,1,1.051282,0
astar-jps,with_roads,default_large1,563,516,166.9,1,1,1.736842,0
astar-jps,with_roads,default_large1,326,242,32.7,1,1,1.000000,1
astar-jps,with_roads,default_large1,1539,1226,65.0,1,1,1.000000,1
astar-jps,with_roads,default_large1,207,1329,227.7,1,1,1.750000,0
astar-jps,with_roads,default_large1,956,67,179.3,1,1,1.237288,1
astar-jps,with_roads,default_large1,63,222,64.2,1,1,1.242424,1
astar-jps,with_roads,default_large1,506,536,67.9,1,1,1.000000,1
astar-jps,with_roads,default_large1,1136,1355,97.3,1,1,1.000000,1
astar-jps,with_roads,default_large1,56,1262,404.3,1,1,1.061728,1
astar-jps,with_roads,default_large1,461,1467,300.7,1,1,1.000000,1
astar-jps,with_roads,default_large1,1592,1226,103.9,1,1,1.000000,1
astar-jps,with_roads,default_large1,951,510,62.8,1,1,1.000000,1
astar-jps,with_roads,default_large1,1012,1326,46.8,1,1,1.100000,1
astar-jps,with_roads,default_large1,633,13,62.6,1,1,1.235294,0
astar-jps,with_roads,default_large1,372,1585,349.3,1,1,1.058824,0
astar-jps,with_roads,default_large1,957,773,98.8,1,1,1.000000,1
astar-jps,with_roads,default_large1,633,362,120.8,1,1,1.338983,0
astar-jps,with_roads,default_large1,497,766,57.4,1,1,1.000000,1
astar-jps-dial,with_roads,default_large1,1441,264,161.4,1,1,1.246575,1
astar-jps-dial,with_roads,default_large1,53,627,86.8,1,1,1.051282,0
astar-jps-dial,with_roads,default_large1,563,516,155.0,1,1,1.736842,0
astar-jps-dial,with_roads,default_large1,326,242,30.5,1,1,1.000000,1
astar-jps-dial,with_roads,default_large1,1539,1226,62.0,1,1,1.000000,1
astar-jps-dial,with_roads,default_large1,207,1329,207.3,1,1,1.750000,0
astar-jps-dial,with_roads,default_large1,956,67,169.3,1,1,1.237288,1
astar-jps-dial,with_roads,default_large1,63,222,59.0,1,1,1.242424,1
astar-jps-dial,with_roads,default_large1,506,536,91.0,1,1,1.000000,1
astar-jps-dial,with_roads,default_large1,1136,1355,90.2,1,1,1.000000,1
astar-jps-dial,with_roads,default_large1,56,1262,156.4,1,1,1.061728,1
astar-jps-dial,with_roads,default_large1,461,1467,267.0,1,1,1.000000,1
astar-jps-dial,with_roads,default_large1,1592,1226,132.4,1,1,1.000000,1
astar-jps-dial,with_roads,default_large1,951,510,67.7,1,1,1.000000,1
astar-jps-dial,with_roads,default_large1,1012,1326,46.7,1,1,1.100000,1
astar-jps-dial,with_roads,default_large1,633,13,82.5,1,1,1.235294,0
astar-jps-dial,with_roads,default_large1,372,1585,281.5,1,1,1.058824,0
astar-jps-dial,with_roads,default_large1,957,773,120.2,1,1,1.000000,1
astar-jps-dial,with_roads,default_large1,633,362,317.0,1,1,1.576271,0
astar-jps-dial,with_roads,default_large1,497,766,57.0,1,1,1.000000,1
astar-dial-cheb,no_roads,default_large2,238,51,755.8,1,1,1.000000,1
astar-dial-cheb,no_roads,default_large2,659,587,659.6,1,1,1.000000,1
astar-dial-cheb,no_roads,default_large2,541,303,765.7,1,1,1.000000,1
astar-dial-cheb,no_roads,default_large2,218,1306,380.1,1,1,1.000000,1
astar-dial-cheb,no_roads,default_large2,184,1443,509.8,1,1,1.000000,1
astar-dial-cheb,no_roads,default_large2,1008,65,399.4,1,1,1.000000,1
astar-dial-cheb,no_roads,default_large2,61,197,682.0,1,1,1.000000,1
astar-dial-cheb,no_roads,default_large2,529,562,235.4,1,1,1.000000,1
astar-dial-cheb,no_roads,default_large2,1212,1466,145.4,1,1,1.000000,1
astar-dial-cheb,no_roads,default_large2,54,1351,379.6,1,1,1.000000,1
astar-dial-cheb,no_roads,default_large2,483,1306,630.1,1,1,1.000000,1
astar-dial-cheb,no_roads,default_large2,1003,533,621.4,1,1,1.000000,1
astar-dial-cheb,no_roads,default_large2,1073,1440,222.6,1,1,1.000000,1
astar-dial-cheb,no_roads,default_large2,667,13,180.1,1,1,1.000000,1
astar-dial-cheb,no_roads,default_large2,365,1009,160.2,1,1,1.000000,1
astar-dial-cheb,no_roads,default_large2,815,667,26.5,1,1,1.000000,1
astar-dial-cheb,no_roads,default_large2,354,522,328.5,1,1,1.000000,1
astar-dial-cheb,no_roads,default_large2,805,218,344.7,1,1,1.000000,1
astar-dial-cheb,no_roads,default_large2,195,912,648.7,1,1,1.000000,1
astar-dial-cheb,no_roads,default_large2,204,863,288.9,1,1,1.000000,1
astar-jps,no_roads,default_large2,238,51,68.7,1,1,1.000000,1
astar-jps,no_roads,default_large2,659,587,115.7,1,1,1.000000,1
astar-jps,no_roads,default_large2,541,303,205.7,1,1,1.000000,1
astar-jps,no_roads,default_large2,218,1306,99.4,1,1,1.000000,1
astar-jps,no_roads,default_large2,184,1443,145.0,1,1,1.000000,1
astar-jps,no_roads,default_large2,1008,65,94.2,1,1,1.000000,1
astar-jps,no_roads,default_large2,61,197,112.0,1,1,1.000000,1
astar-jps,no_roads,default_large2,529,562,37.9,1,1,1.000000,1
astar-jps,no_roads,default_large2,1212,1466,76.7,1,1,1.000000,1
astar-jps,no_roads,default_large2,54,1351,97.1,1,1,1.000000,1
astar-jps,no_roads,default_large2,483,1306,132.0,1,1,1.000000,1
astar-jps,no_roads,default_large2,1003,533,77.4,1,1,1.000000,1
astar-jps,no_roads,default_large2,1073,1440,44.2,1,1,1.000000,1
astar-jps,no_roads,default_large2,667,13,40.8,1,1,1.000000,1
astar-jps,no_roads,default_large2,365,1009,50.4,1,1,1.000000,1
astar-jps,no_roads,default_large2,815,667,24.6,1,1,1.000000,1
astar-jps,no_roads,default_large2,354,522,114.0,1,1,1.000000,1
astar-jps,no_roads,default_large2,805,218,112.8,1,1,1.000000,1
astar-jps,no_roads,default_large2,195,912,214.4,1,1,1.000000,1
astar-jps,no_roads,default_large2,204,863,105.2,1,1,1.000000,1
astar-jps-dial,no_roads,default_large2,238,51,119.6,1,1,1.000000,1
astar-jps-dial,no_roads,default_large2,659,587,201.2,1,1,1.000000,1
astar-jps-dial,no_roads,default_large2,541,303,190.9,1,1,1.000000,1
astar-jps-dial,no_roads,default_large2,218,1306,106.8,1,1,1.000000,1
astar-jps-dial,no_roads,default_large2,184,1443,137.5,1,1,1.000000,1
astar-jps-dial,no_roads,default_large2,1008,65,109.1,1,1,1.000000,1
astar-jps-dial,no_roads,default_large2,61,197,131.1,1,1,1.000000,1
astar-jps-dial,no_roads,default_large2,529,562,41.2,1,1,1.000000,1
astar-jps-dial,no_roads,default_large2,1212,1466,80.9,1,1,1.000000,1
astar-jps-dial,no_roads,default_large2,54,1351,88.4,1,1,1.000000,1
astar-jps-dial,no_roads,default_large2,483,1306,119.0,1,1,1.000000,1
astar-jps-dial,no_roads,default_large2,1003,533,171.4,1,1,1.000000,1
astar-jps-dial,no_roads,default_large2,1073,1440,41.3,1,1,1.000000,1
astar-jps-dial,no_roads,default_large2,667,13,77.8,1,1,1.000000,1
astar-jps-dial,no_roads,default_large2,365,1009,44.8,1,1,1.000000,1
astar-jps-dial,no_roads,default_large2,815,667,25.4,1,1,1.000000,1
astar-jps-dial,no_roads,default_large2,354,522,99.5,1,1,1.000000,1
astar-jps-dial,no_roads,default_large2,805,218,116.3,1,1,1.000000,1
astar-jps-dial,no_roads,default_large2,195,912,192.4,1,1,1.000000,1
astar-jps-dial,no_roads,default_large2,204,863,105.3,1,1,1.000000,1
astar-dial-cheb,with_roads,default_large2,238,51,261.1,1,1,1.000000,1
astar-dial-cheb,with_roads,default_large2,659,587,518.3,1,1,1.000000,1
astar-dial-cheb,with_roads,default_large2,541,303,496.5,1,1,1.000000,1
astar-dial-cheb,with_roads,default_large2,218,1306,489.0,1,1,1.000000,1
astar-dial-cheb,with_roads,default_large2,184,1443,394.0,1,1,1.000000,1
astar-dial-cheb,with_roads,default_large2,1008,65,290.8,1,1,1.000000,1
astar-dial-cheb,with_roads,default_large2,61,197,779.7,1,1,1.000000,1
astar-dial-cheb,with_roads,default_large2,529,562,97.2,1,1,1.000000,1
astar-dial-cheb,with_roads,default_large2,1212,1466,155.3,1,1,1.000000,1
astar-dial-cheb,with_roads,default_large2,54,1351,483.2,1,1,1.000000,1
astar-dial-cheb,with_roads,default_large2,483,1306,650.8,1,1,1.000000,1
astar-dial-cheb,with_roads,default_large2,1003,533,381.4,1,1,1.000000,1
astar-dial-cheb,with_roads,default_large2,1073,1440,326.6,1,1,1.000000,1
astar-dial-cheb,with_roads,default_large2,667,13,92.2,1,1,1.000000,1
astar-dial-cheb,with_roads,default_large2,365,1009,187.0,1,1,1.000000,1
astar-dial-cheb,with_roads,default_large2,815,667,26.2,1,1,1.000000,1
astar-dial-cheb,with_roads,default_large2,354,522,152.7,1,1,1.000000,1
astar-dial-cheb,with_roads,default_large2,805,218,300.8,1,1,1.000000,1
astar-dial-cheb,with_roads,default_large2,195,912,533.7,1,1,1.000000,1
astar-dial-cheb,with_roads,default_large2,204,863,231.6,1,1,1.000000,1
astar-jps,with_roads,default_large2,238,51,56.1,1,1,1.758065,0
astar-jps,with_roads,default_large2,659,587,106.4,1,1,1.362319,0
astar-jps,with_roads,default_large2,541,303,201.7,1,1,1.705128,0
astar-jps,with_roads,default_large2,218,1306,97.8,1,1,1.032258,1
astar-jps,with_roads,default_large2,184,1443,141.4,1,1,1.229508,1
astar-jps,with_roads,default_large2,1008,65,91.2,1,1,1.177778,1
astar-jps,with_roads,default_large2,61,197,106.5,1,1,1.121951,0
astar-jps,with_roads,default_large2,529,562,35.7,1,1,2.142857,1
astar-jps,with_roads,default_large2,1212,1466,68.3,1,1,1.000000,1
astar-jps,with_roads,default_large2,54,1351,99.2,1,1,1.238095,0
astar-jps,with_roads,default_large2,483,1306,143.8,1,1,1.132353,1
astar-jps,with_roads,default_large2,1003,533,102.1,1,1,1.281250,1
astar-jps,with_roads,default_large2,1073,1440,42.8,1,1,1.000000,1
astar-jps,with_roads,default_large2,667,13,40.8,1,1,1.318182,1
astar-jps,with_roads,default_large2,365,1009,45.8,1,1,1.057143,1
astar-jps,with_roads,default_large2,815,667,23.5,1,1,1.000000,1
astar-jps,with_roads,default_large2,354,522,105.3,1,1,1.500000,1
astar-jps,with_roads,default_large2,805,218,107.7,1,1,1.040000,1
astar-jps,with_roads,default_large2,195,912,213.1,1,1,1.174419,1
astar-jps,with_roads,default_large2,204,863,113.9,1,1,1.324324,1
astar-jps-dial,with_roads,default_large2,238,51,131.9,1,1,1.758065,0
astar-jps-dial,with_roads,default_large2,659,587,204.9,1,1,1.362319,0
astar-jps-dial,with_roads,default_large2,541,303,194.1,1,1,1.705128,0
astar-jps-dial,with_roads,default_large2,218,1306,109.0,1,1,1.032258,1
astar-jps-dial,with_roads,default_large2,184,1443,113.2,1,1,1.131148,1
astar-jps-dial,with_roads,default_large2,1008,65,112.9,1,1,1.177778,1
astar-jps-dial,with_roads,default_large2,61,197,144.9,1,1,1.317073,0
astar-jps-dial,with_roads,default_large2,529,562,43.1,1,1,2.142857,1
astar-jps-dial,with_roads,default_large2,1212,1466,68.6,1,1,1.000000,1
astar-jps-dial,with_roads,default_large2,54,1351,77.9,1,1,1.238095,0
astar-jps-dial,with_roads,default_large2,483,1306,122.6,1,1,1.132353,1
astar-jps-dial,with_roads,default_large2,1003,533,185.8,1,1,1.312500,1
astar-jps-dial,with_roads,default_large2,1073,1440,43.3,1,1,1.000000,1
astar-jps-dial,with_roads,default_large2,667,13,78.5,1,1,1.500000,1
astar-jps-dial,with_roads,default_large2,365,1009,45.6,1,1,1.057143,1
astar-jps-dial,with_roads,default_large2,815,667,25.4,1,1,1.000000,1
astar-jps-dial,with_roads,default_large2,354,522,101.8,1,1,1.500000,1
astar-jps-dial,with_roads,default_large2,805,218,119.3,1,1,1.040000,1
astar-jps-dial,with_roads,default_large2,195,912,197.5,1,1,1.151163,1
astar-jps-dial,with_roads,default_large2,204,863,108.1,1,1,1.540541,0
astar-dial-cheb,no_roads,default_medium1,724,119,591.6,1,1,1.000000,1
astar-dial-cheb,no_roads,default_medium1,25,843,582.5,1,1,1.000000,1
astar-dial-cheb,no_roads,default_medium1,311,279,21.4,1,1,1.000000,1
astar-dial-cheb,no_roads,default_medium1,252,153,123.5,1,1,1.000000,1
astar-dial-cheb,no_roads,default_medium1,838,109,324.5,1,1,1.000000,1
astar-dial-cheb,no_roads,default_medium1,766,842,205.1,1,1,1.000000,1
astar-dial-cheb,no_roads,default_medium1,612,93,327.9,1,1,1.000000,1
astar-dial-cheb,no_roads,default_medium1,667,481,56.9,1,1,1.000000,1
astar-dial-cheb,no_roads,default_medium1,32,30,17.6,1,1,1.000000,1
astar-dial-cheb,no_roads,default_medium1,99,246,69.1,1,1,1.000000,1
astar-dial-cheb,no_roads,default_medium1,262,570,481.1,1,1,1.000000,1
astar-dial-cheb,no_roads,default_medium1,679,27,452.9,1,1,1.000000,1
astar-dial-cheb,no_roads,default_medium1,629,224,176.4,1,1,1.000000,1
astar-dial-cheb,no_roads,default_medium1,814,737,131.9,1,1,1.000000,1
astar-dial-cheb,no_roads,default_medium1,798,612,57.9,1,1,1.000000,1
astar-dial-cheb,no_roads,default_medium1,478,249,327.7,1,1,1.000000,1
astar-dial-cheb,no_roads,default_medium1,509,665,473.2,1,1,1.000000,1
astar-dial-cheb,no_roads,default_medium1,314,6,117.7,1,1,1.000000,1
astar-dial-cheb,no_roads,default_medium1,861,177,369.6,1,1,1.000000,1
astar-dial-cheb,no_roads,default_medium1,793,481,153.2,1,1,1.000000,1
astar-jps,no_roads,default_medium1,724,119,143.3,1,1,1.000000,1
astar-jps,no_roads,default_medium1,25,843,182.1,1,1,1.000000,1
astar-jps,no_roads,default_medium1,311,279,25.8,1,1,1.000000,1
astar-jps,no_roads,default_medium1,252,153,43.6,1,1,1.000000,1
astar-jps,no_roads,default_medium1,838,109,66.0,1,1,1.000000,1
astar-jps,no_roads,default_medium1,766,842,65.4,1,1,1.000000,1
astar-jps,no_roads,default_medium1,612,93,48.9,1,1,1.000000,1
astar-jps,no_roads,default_medium1,667,481,42.3,1,1,1.000000,1
astar-jps,no_roads,default_medium1,32,30,17.2,1,1,1.000000,1
astar-jps,no_roads,default_medium1,99,246,44.5,1,1,1.000000,1
astar-jps,no_roads,default_medium1,262,570,114.0,1,1,1.000000,1
astar-jps,no_roads,default_medium1,679,27,79.9,1,1,1.000000,1
astar-jps,no_roads,default_medium1,629,224,59.8,1,1,1.000000,1
astar-jps,no_roads,default_medium1,814,737,41.6,1,1,1.000000,1
astar-jps,no_roads,default_medium1,798,612,51.6,1,1,1.000000,1
astar-jps,no_roads,default_medium1,478,249,59.3,1,1,1.000000,1
astar-jps,no_roads,default_medium1,509,665,185.4,1,1,1.000000,1
astar-jps,no_roads,default_medium1,314,6,32.0,1,1,1.000000,1
astar-jps,no_roads,default_medium1,861,177,78.0,1,1,1.000000,1
astar-jps,no_roads,default_medium1,793,481,46.8,1,1,1.000000,1
astar-jps-dial,no_roads,default_medium1,724,119,143.1,1,1,1.000000,1
astar-jps-dial,no_roads,default_medium1,25,843,159.1,1,1,1.000000,1
astar-jps-dial,no_roads,default_medium1,311,279,29.8,1,1,1.000000,1
astar-jps-dial,no_roads,default_medium1,252,153,45.5,1,1,1.000000,1
astar-jps-dial,no_roads,default_medium1,838,109,124.9,1,1,1.000000,1
astar-jps-dial,no_roads,default_medium1,766,842,63.2,1,1,1.000000,1
astar-jps-dial,no_roads,default_medium1,612,93,100.3,1,1,1.000000,1
astar-jps-dial,no_roads,default_medium1,667,481,42.6,1,1,1.000000,1
astar-jps-dial,no_roads,default_medium1,32,30,25.7,1,1,1.000000,1
astar-jps-dial,no_roads,default_medium1,99,246,42.0,1,1,1.000000,1
astar-jps-dial,no_roads,default_medium1,262,570,123.5,1,1,1.000000,1
astar-jps-dial,no_roads,default_medium1,679,27,109.2,1,1,1.000000,1
astar-jps-dial,no_roads,default_medium1,629,224,65.1,1,1,1.000000,1
astar-jps-dial,no_roads,default_medium1,814,737,52.1,1,1,1.000000,1
astar-jps-dial,no_roads,default_medium1,798,612,39.7,1,1,1.000000,1
astar-jps-dial,no_roads,default_medium1,478,249,81.7,1,1,1.000000,1
astar-jps-dial,no_roads,default_medium1,509,665,184.9,1,1,1.000000,1
astar-jps-dial,no_roads,default_medium1,314,6,38.5,1,1,1.000000,1
astar-jps-dial,no_roads,default_medium1,861,177,117.9,1,1,1.000000,1
astar-jps-dial,no_roads,default_medium1,793,481,48.3,1,1,1.000000,1
astar-dial-cheb,with_roads,default_medium1,724,119,638.1,1,1,1.000000,1
astar-dial-cheb,with_roads,default_medium1,25,843,655.4,1,1,1.000000,1
astar-dial-cheb,with_roads,default_medium1,311,279,21.0,1,1,1.000000,1
astar-dial-cheb,with_roads,default_medium1,252,153,173.2,1,1,1.000000,1
astar-dial-cheb,with_roads,default_medium1,838,109,182.6,1,1,1.000000,1
astar-dial-cheb,with_roads,default_medium1,766,842,207.9,1,1,1.000000,1
astar-dial-cheb,with_roads,default_medium1,612,93,130.3,1,1,1.000000,1
astar-dial-cheb,with_roads,default_medium1,667,481,55.9,1,1,1.000000,1
astar-dial-cheb,with_roads,default_medium1,32,30,11.5,1,1,1.000000,1
astar-dial-cheb,with_roads,default_medium1,99,246,92.2,1,1,1.000000,1
astar-dial-cheb,with_roads,default_medium1,262,570,465.1,1,1,1.000000,1
astar-dial-cheb,with_roads,default_medium1,679,27,538.2,1,1,1.000000,1
astar-dial-cheb,with_roads,default_medium1,629,224,97.1,1,1,1.000000,1
astar-dial-cheb,with_roads,default_medium1,814,737,135.0,1,1,1.000000,1
astar-dial-cheb,with_roads,default_medium1,798,612,60.7,1,1,1.000000,1
astar-dial-cheb,with_roads,default_medium1,478,249,213.6,1,1,1.000000,1
astar-dial-cheb,with_roads,default_medium1,509,665,640.0,1,1,1.000000,1
astar-dial-cheb,with_roads,default_medium1,314,6,58.9,1,1,1.000000,1
astar-dial-cheb,with_roads,default_medium1,861,177,353.0,1,1,1.000000,1
astar-dial-cheb,with_roads,default_medium1,793,481,166.0,1,1,1.000000,1
astar-jps,with_roads,default_medium1,724,119,138.8,1,1,1.074074,0
astar-jps,with_roads,default_medium1,25,843,176.0,1,1,1.023529,1
astar-jps,with_roads,default_medium1,311,279,26.4,1,1,1.000000,1
astar-jps,with_roads,default_medium1,252,153,47.3,1,1,1.000000,1
astar-jps,with_roads,default_medium1,838,109,65.9,1,1,1.478261,1
astar-jps,with_roads,default_medium1,766,842,66.4,1,1,1.000000,1
astar-jps,with_roads,default_medium1,612,93,52.2,1,1,1.689655,1
astar-jps,with_roads,default_medium1,667,481,44.3,1,1,1.000000,1
astar-jps,with_roads,default_medium1,32,30,24.2,1,1,2.000000,0
astar-jps,with_roads,default_medium1,99,246,46.6,1,1,1.000000,1
astar-jps,with_roads,default_medium1,262,570,124.2,1,1,1.224490,0
astar-jps,with_roads,default_medium1,679,27,81.9,1,1,1.200000,1
astar-jps,with_roads,default_medium1,629,224,62.3,1,1,1.875000,1
astar-jps,with_roads,default_medium1,814,737,42.1,1,1,1.000000,1
astar-jps,with_roads,default_medium1,798,612,38.7,1,1,1.000000,1
astar-jps,with_roads,default_medium1,478,249,230.6,1,1,1.827586,0
astar-jps,with_roads,default_medium1,509,665,184.2,1,1,1.126984,1
astar-jps,with_roads,default_medium1,314,6,35.0,1,1,1.400000,1
astar-jps,with_roads,default_medium1,861,177,84.5,1,1,1.101695,1
astar-jps,with_roads,default_medium1,793,481,60.1,1,1,1.000000,1
astar-jps-dial,with_roads,default_medium1,724,119,137.1,1,1,1.074074,0
astar-jps-dial,with_roads,default_medium1,25,843,172.1,1,1,1.023529,1
astar-jps-dial,with_roads,default_medium1,311,279,28.3,1,1,1.000000,1
astar-jps-dial,with_roads,default_medium1,252,153,48.9,1,1,1.000000,1
astar-jps-dial,with_roads,default_medium1,838,109,138.2,1,1,1.086957,1
astar-jps-dial,with_roads,default_medium1,766,842,65.8,1,1,1.000000,1
astar-jps-dial,with_roads,default_medium1,612,93,86.0,1,1,1.689655,1
astar-jps-dial,with_roads,default_medium1,667,481,42.9,1,1,1.000000,1
astar-jps-dial,with_roads,default_medium1,32,30,25.9,1,1,2.000000,0
astar-jps-dial,with_roads,default_medium1,99,246,42.1,1,1,1.000000,1
astar-jps-dial,with_roads,default_medium1,262,570,130.9,1,1,1.224490,0
astar-jps-dial,with_roads,default_medium1,679,27,99.5,1,1,1.200000,1
astar-jps-dial,with_roads,default_medium1,629,224,71.4,1,1,1.875000,1
astar-jps-dial,with_roads,default_medium1,814,737,51.9,1,1,1.000000,1
astar-jps-dial,with_roads,default_medium1,798,612,40.7,1,1,1.000000,1
astar-jps-dial,with_roads,default_medium1,478,249,87.1,1,1,1.827586,0
astar-jps-dial,with_roads,default_medium1,509,665,172.5,1,1,1.126984,1
astar-jps-dial,with_roads,default_medium1,314,6,39.5,1,1,1.400000,1
astar-jps-dial,with_roads,default_medium1,861,177,107.9,1,1,1.101695,1
astar-jps-dial,with_roads,default_medium1,793,481,51.0,1,1,1.000000,1
astar-dial-cheb,no_roads,default_medium2,722,122,298.0,1,1,1.000000,1
astar-dial-cheb,no_roads,default_medium2,25,843,586.5,1,1,1.000000,1
astar-dial-cheb,no_roads,default_medium2,297,266,13.2,1,1,1.000000,1
astar-dial-cheb,no_roads,default_medium2,244,152,26.9,1,1,1.000000,1
astar-dial-cheb,no_roads,default_medium2,838,112,330.3,1,1,1.000000,1
astar-dial-cheb,no_roads,default_medium2,765,842,170.3,1,1,1.000000,1
astar-dial-cheb,no_roads,default_medium2,607,93,289.6,1,1,1.000000,1
astar-dial-cheb,no_roads,default_medium2,658,469,91.8,1,1,1.000000,1
astar-dial-cheb,no_roads,default_medium2,32,30,18.1,1,1,1.000000,1
astar-dial-cheb,no_roads,default_medium2,99,239,380.3,1,1,1.000000,1
astar-dial-cheb,no_roads,default_medium2,254,561,144.5,1,1,1.000000,1
astar-dial-cheb,no_roads,default_medium2,670,27,551.0,1,1,1.000000,1
astar-dial-cheb,no_roads,default_medium2,625,218,319.0,1,1,1.000000,1
astar-dial-cheb,no_roads,default_medium2,815,734,85.0,1,1,1.000000,1
astar-dial-cheb,no_roads,default_medium2,797,607,124.2,1,1,1.000000,1
astar-dial-cheb,no_roads,default_medium2,466,241,266.1,1,1,1.000000,1
astar-dial-cheb,no_roads,default_medium2,498,657,109.3,1,1,1.000000,1
astar-dial-cheb,no_roads,default_medium2,300,6,99.4,1,1,1.000000,1
astar-dial-cheb,no_roads,default_medium2,863,175,346.9,1,1,1.000000,1
astar-dial-cheb,no_roads,default_medium2,793,469,133.3,1,1,1.000000,1
astar-jps,no_roads,default_medium2,722,122,51.6,1,1,1.000000,1
astar-jps,no_roads,default_medium2,25,843,208.9,1,1,1.000000,1
astar-jps,no_roads,default_medium2,297,266,22.5,1,1,1.000000,1
astar-jps,no_roads,default_medium2,244,152,33.1,1,1,1.000000,1
astar-jps,no_roads,default_medium2,838,112,69.0,1,1,1.000000,1
astar-jps,no_roads,default_medium2,765,842,64.6,1,1,1.000000,1
astar-jps,no_roads,default_medium2,607,93,48.1,1,1,1.000000,1
astar-jps,no_roads,default_medium2,658,469,57.1,1,1,1.000000,1
astar-jps,no_roads,default_medium2,32,30,21.4,1,1,1.000000,1
astar-jps,no_roads,default_medium2,99,239,96.2,1,1,1.000000,1
astar-jps,no_roads,default_medium2,254,561,56.5,1,1,1.000000,1
astar-jps,no_roads,default_medium2,670,27,105.9,1,1,1.000000,1
astar-jps,no_roads,default_medium2,625,218,91.3,1,1,1.000000,1
astar-jps,no_roads,default_medium2,815,734,51.1,1,1,1.000000,1
astar-jps,no_roads,default_medium2,797,607,51.6,1,1,1.000000,1
astar-jps,no_roads,default_medium2,466,241,48.0,1,1,1.000000,1
astar-jps,no_roads,default_medium2,498,657,47.9,1,1,1.000000,1
astar-jps,no_roads,default_medium2,300,6,39.8,1,1,1.000000,1
astar-jps,no_roads,default_medium2,863,175,69.3,1,1,1.000000,1
astar-jps,no_roads,default_medium2,793,469,48.2,1,1,1.000000,1
astar-jps-dial,no_roads,default_medium2,722,122,66.4,1,1,1.000000,1
astar-jps-dial,no_roads,default_medium2,25,843,201.2,1,1,1.000000,1
astar-jps-dial,no_roads,default_medium2,297,266,22.5,1,1,1.000000,1
astar-jps-dial,no_roads,default_medium2,244,152,29.0,1,1,1.000000,1
astar-jps-dial,no_roads,default_medium2,838,112,108.0,1,1,1.000000,1
astar-jps-dial,no_roads,default_medium2,765,842,53.2,1,1,1.000000,1
astar-jps-dial,no_roads,default_medium2,607,93,93.9,1,1,1.000000,1
astar-jps-dial,no_roads,default_medium2,658,469,50.7,1,1,1.000000,1
astar-jps-dial,no_roads,default_medium2,32,30,31.5,1,1,1.000000,1
astar-jps-dial,no_roads,default_medium2,99,239,124.0,1,1,1.000000,1
astar-jps-dial,no_roads,default_medium2,254,561,54.0,1,1,1.000000,1
astar-jps-dial,no_roads,default_medium2,670,27,129.5,1,1,1.000000,1
astar-jps-dial,no_roads,default_medium2,625,218,80.2,1,1,1.000000,1
astar-jps-dial,no_roads,default_medium2,815,734,54.9,1,1,1.000000,1
astar-jps-dial,no_roads,default_medium2,797,607,48.9,1,1,1.000000,1
astar-jps-dial,no_roads,default_medium2,466,241,66.8,1,1,1.000000,1
astar-jps-dial,no_roads,default_medium2,498,657,46.4,1,1,1.000000,1
astar-jps-dial,no_roads,default_medium2,300,6,38.1,1,1,1.000000,1
astar-jps-dial,no_roads,default_medium2,863,175,146.5,1,1,1.000000,1
astar-jps-dial,no_roads,default_medium2,793,469,46.0,1,1,1.000000,1
astar-dial-cheb,with_roads,default_medium2,722,122,119.3,1,1,1.000000,1
astar-dial-cheb,with_roads,default_medium2,25,843,642.0,1,1,1.000000,1
astar-dial-cheb,with_roads,default_medium2,297,266,14.3,1,1,1.000000,1
astar-dial-cheb,with_roads,default_medium2,244,152,19.2,1,1,1.000000,1
astar-dial-cheb,with_roads,default_medium2,838,112,468.6,1,1,1.000000,1
astar-dial-cheb,with_roads,default_medium2,765,842,194.7,1,1,1.000000,1
astar-dial-cheb,with_roads,default_medium2,607,93,144.1,1,1,1.000000,1
astar-dial-cheb,with_roads,default_medium2,658,469,96.3,1,1,1.000000,1
astar-dial-cheb,with_roads,default_medium2,32,30,15.4,1,1,1.000000,1
astar-dial-cheb,with_roads,default_medium2,99,239,532.5,1,1,1.000000,1
astar-dial-cheb,with_roads,default_medium2,254,561,191.9,1,1,1.000000,1
astar-dial-cheb,with_roads,default_medium2,670,27,640.2,1,1,1.000000,1
astar-dial-cheb,with_roads,default_medium2,625,218,197.9,1,1,1.000000,1
astar-dial-cheb,with_roads,default_medium2,815,734,95.0,1,1,1.000000,1
astar-dial-cheb,with_roads,default_medium2,797,607,143.9,1,1,1.000000,1
astar-dial-cheb,with_roads,default_medium2,466,241,98.8,1,1,1.000000,1
astar-dial-cheb,with_roads,default_medium2,498,657,149.7,1,1,1.000000,1
astar-dial-cheb,with_roads,default_medium2,300,6,92.6,1,1,1.000000,1
astar-dial-cheb,with_roads,default_medium2,863,175,424.1,1,1,1.000000,1
astar-dial-cheb,with_roads,default_medium2,793,469,131.8,1,1,1.000000,1
astar-jps,with_roads,default_medium2,722,122,57.6,1,1,1.750000,1
astar-jps,with_roads,default_medium2,25,843,243.1,1,1,1.036145,1
astar-jps,with_roads,default_medium2,297,266,23.3,1,1,1.000000,1
astar-jps,with_roads,default_medium2,244,152,31.1,1,1,1.000000,1
astar-jps,with_roads,default_medium2,838,112,73.0,1,1,1.000000,1
astar-jps,with_roads,default_medium2,765,842,71.8,1,1,1.000000,1
astar-jps,with_roads,default_medium2,607,93,48.5,1,1,1.444444,0
astar-jps,with_roads,default_medium2,658,469,61.6,1,1,1.000000,1
astar-jps,with_roads,default_medium2,32,30,23.9,1,1,1.000000,1
astar-jps,with_roads,default_medium2,99,239,109.9,1,1,1.000000,1
astar-jps,with_roads,default_medium2,254,561,62.0,1,1,1.000000,1
astar-jps,with_roads,default_medium2,670,27,121.2,1,1,1.092308,1
astar-jps,with_roads,default_medium2,625,218,99.7,1,1,1.384615,1
astar-jps,with_roads,default_medium2,815,734,52.6,1,1,1.000000,1
astar-jps,with_roads,default_medium2,797,607,53.9,1,1,1.000000,1
astar-jps,with_roads,default_medium2,466,241,55.2,1,1,1.210526,0
astar-jps,with_roads,default_medium2,498,657,51.5,1,1,1.000000,1
astar-jps,with_roads,default_medium2,300,6,42.4,1,1,1.400000,0
astar-jps,with_roads,default_medium2,863,175,97.7,1,1,1.061538,1
astar-jps,with_roads,default_medium2,793,469,50.1,1,1,1.064516,1
astar-jps-dial,with_roads,default_medium2,722,122,79.7,1,1,1.750000,1
astar-jps-dial,with_roads,default_medium2,25,843,208.7,1,1,1.036145,1
astar-jps-dial,with_roads,default_medium2,297,266,24.8,1,1,1.000000,1
astar-jps-dial,with_roads,default_medium2,244,152,31.3,1,1,1.000000,1
astar-jps-dial,with_roads,default_medium2,838,112,119.4,1,1,1.000000,1
astar-jps-dial,with_roads,default_medium2,765,842,60.2,1,1,1.000000,1
astar-jps-dial,with_roads,default_medium2,607,93,102.9,1,1,1.444444,0
astar-jps-dial,with_roads,default_medium2,658,469,52.1,1,1,1.000000,1
astar-jps-dial,with_roads,default_medium2,32,30,33.2,1,1,1.000000,1
astar-jps-dial,with_roads,default_medium2,99,239,121.0,1,1,1.000000,1
astar-jps-dial,with_roads,default_medium2,254,561,58.7,1,1,1.000000,1
astar-jps-dial,with_roads,default_medium2,670,27,159.7,1,1,1.092308,1
astar-jps-dial,with_roads,default_medium2,625,218,91.5,1,1,1.384615,1
astar-jps-dial,with_roads,default_medium2,815,734,61.8,1,1,1.000000,1
astar-jps-dial,with_roads,default_medium2,797,607,55.7,1,1,1.000000,1
astar-jps-dial,with_roads,default_medium2,466,241,82.8,1,1,1.210526,0
astar-jps-dial,with_roads,default_medium2,498,657,50.3,1,1,1.000000,1
astar-jps-dial,with_roads,default_medium2,300,6,43.1,1,1,1.400000,0
astar-jps-dial,with_roads,default_medium2,863,175,173.8,1,1,1.061538,1
astar-jps-dial,with_roads,default_medium2,793,469,50.4,1,1,1.064516,1
astar-dial-cheb,no_roads,default_small1,366,58,238.2,1,1,1.000000,1
astar-dial-cheb,no_roads,default_small1,12,156,65.0,1,1,1.000000,1
astar-dial-cheb,no_roads,default_small1,141,127,54.3,1,1,1.000000,1
astar-dial-cheb,no_roads,default_small1,79,53,42.5,1,1,1.000000,1
astar-dial-cheb,no_roads,default_small1,386,309,42.8,1,1,1.000000,1
astar-dial-cheb,no_roads,default_small1,45,341,184.4,1,1,1.000000,1
astar-dial-cheb,no_roads,default_small1,240,16,197.9,1,1,1.000000,1
astar-dial-cheb,no_roads,default_small1,15,48,50.4,1,1,1.000000,1
astar-dial-cheb,no_roads,default_small1,122,135,174.3,1,1,1.000000,1
astar-dial-cheb,no_roads,default_small1,288,347,26.3,1,1,1.000000,1
astar-dial-cheb,no_roads,default_small1,13,319,164.2,1,1,1.000000,1
astar-dial-cheb,no_roads,default_small1,111,371,213.7,1,1,1.000000,1
astar-dial-cheb,no_roads,default_small1,399,309,72.1,1,1,1.000000,1
astar-dial-cheb,no_roads,default_small1,238,124,190.4,1,1,1.000000,1
astar-dial-cheb,no_roads,default_small1,253,340,201.8,1,1,1.000000,1
astar-dial-cheb,no_roads,default_small1,158,3,162.7,1,1,1.000000,1
astar-dial-cheb,no_roads,default_small1,91,397,251.1,1,1,1.000000,1
astar-dial-cheb,no_roads,default_small1,240,193,167.2,1,1,1.000000,1
astar-dial-cheb,no_roads,default_small1,158,89,103.8,1,1,1.000000,1
astar-dial-cheb,no_roads,default_small1,121,191,116.6,1,1,1.000000,1
astar-jps,no_roads,default_small1,366,58,84.5,1,1,1.000000,1
astar-jps,no_roads,default_small1,12,156,36.5,1,1,1.000000,1
astar-jps,no_roads,default_small1,141,127,35.7,1,1,1.000000,1
astar-jps,no_roads,default_small1,79,53,23.2,1,1,1.000000,1
astar-jps,no_roads,default_small1,386,309,33.2,1,1,1.000000,1
astar-jps,no_roads,default_small1,45,341,90.8,1,1,1.000000,1
astar-jps,no_roads,default_small1,240,16,50.4,1,1,1.000000,1
astar-jps,no_roads,default_small1,15,48,17.9,1,1,1.000000,1
astar-jps,no_roads,default_small1,122,135,45.7,1,1,1.000000,1
astar-jps,no_roads,default_small1,288,347,25.4,1,1,1.000000,1
astar-jps,no_roads,default_small1,13,319,79.3,1,1,1.000000,1
astar-jps,no_roads,default_small1,111,371,89.0,1,1,1.000000,1
astar-jps,no_roads,default_small1,399,309,42.1,1,1,1.000000,1
astar-jps,no_roads,default_small1,238,124,49.2,1,1,1.000000,1
astar-jps,no_roads,default_small1,253,340,65.3,1,1,1.000000,1
astar-jps,no_roads,default_small1,158,3,31.6,1,1,1.000000,1
astar-jps,no_roads,default_small1,91,397,85.6,1,1,1.000000,1
astar-jps,no_roads,default_small1,240,193,56.2,1,1,1.000000,1
astar-jps,no_roads,default_small1,158,89,28.2,1,1,1.000000,1
astar-jps,no_roads,default_small1,121,191,59.2,1,1,1.000000,1
astar-jps-dial,no_roads,default_small1,366,58,79.6,1,1,1.000000,1
astar-jps-dial,no_roads,default_small1,12,156,33.4,1,1,1.000000,1
astar-jps-dial,no_roads,default_small1,141,127,31.9,1,1,1.000000,1
astar-jps-dial,no_roads,default_small1,79,53,30.9,1,1,1.000000,1
astar-jps-dial,no_roads,default_small1,386,309,28.2,1,1,1.000000,1
astar-jps-dial,no_roads,default_small1,45,341,75.5,1,1,1.000000,1
astar-jps-dial,no_roads,default_small1,240,16,57.7,1,1,1.000000,1
astar-jps-dial,no_roads,default_small1,15,48,19.7,1,1,1.000000,1
astar-jps-dial,no_roads,default_small1,122,135,79.6,1,1,1.000000,1
astar-jps-dial,no_roads,default_small1,288,347,26.5,1,1,1.000000,1
astar-jps-dial,no_roads,default_small1,13,319,66.9,1,1,1.000000,1
astar-jps-dial,no_roads,default_small1,111,371,96.0,1,1,1.000000,1
astar-jps-dial,no_roads,default_small1,399,309,49.9,1,1,1.000000,1
astar-jps-dial,no_roads,default_small1,238,124,95.5,1,1,1.000000,1
astar-jps-dial,no_roads,default_small1,253,340,68.6,1,1,1.000000,1
astar-jps-dial,no_roads,default_small1,158,3,75.7,1,1,1.000000,1
astar-jps-dial,no_roads,default_small1,91,397,85.3,1,1,1.000000,1
astar-jps-dial,no_roads,default_small1,240,193,84.4,1,1,1.000000,1
astar-jps-dial,no_roads,default_small1,158,89,43.5,1,1,1.000000,1
astar-jps-dial,no_roads,default_small1,121,191,65.5,1,1,1.000000,1
astar-dial-cheb,with_roads,default_small1,366,58,212.7,1,1,1.000000,1
astar-dial-cheb,with_roads,default_small1,12,156,54.8,1,1,1.000000,1
astar-dial-cheb,with_roads,default_small1,141,127,52.4,1,1,1.000000,1
astar-dial-cheb,with_roads,default_small1,79,53,43.1,1,1,1.000000,1
astar-dial-cheb,with_roads,default_small1,386,309,41.4,1,1,1.000000,1
astar-dial-cheb,with_roads,default_small1,45,341,191.1,1,1,1.000000,1
astar-dial-cheb,with_roads,default_small1,240,16,197.1,1,1,1.000000,1
astar-dial-cheb,with_roads,default_small1,15,48,57.0,1,1,1.000000,1
astar-dial-cheb,with_roads,default_small1,122,135,166.4,1,1,1.000000,1
astar-dial-cheb,with_roads,default_small1,288,347,22.6,1,1,1.000000,1
astar-dial-cheb,with_roads,default_small1,13,319,175.1,1,1,1.000000,1
astar-dial-cheb,with_roads,default_small1,111,371,226.4,1,1,1.000000,1
astar-dial-cheb,with_roads,default_small1,399,309,69.9,1,1,1.000000,1
astar-dial-cheb,with_roads,default_small1,238,124,193.9,1,1,1.000000,1
astar-dial-cheb,with_roads,default_small1,253,340,213.7,1,1,1.000000,1
astar-dial-cheb,with_roads,default_small1,158,3,122.1,1,1,1.000000,1
astar-dial-cheb,with_roads,default_small1,91,397,246.9,1,1,1.000000,1
astar-dial-cheb,with_roads,default_small1,240,193,166.7,1,1,1.000000,1
astar-dial-cheb,with_roads,default_small1,158,89,96.9,1,1,1.000000,1
astar-dial-cheb,with_roads,default_small1,121,191,120.7,1,1,1.000000,1
astar-jps,with_roads,default_small1,366,58,72.6,1,1,1.000000,1
astar-jps,with_roads,default_small1,12,156,36.5,1,1,1.000000,1
astar-jps,with_roads,default_small1,141,127,35.3,1,1,1.000000,1
astar-jps,with_roads,default_small1,79,53,24.3,1,1,1.000000,1
astar-jps,with_roads,default_small1,386,309,32.9,1,1,1.000000,1
astar-jps,with_roads,default_small1,45,341,78.2,1,1,1.000000,1
astar-jps,with_roads,default_small1,240,16,68.8,1,1,1.000000,1
astar-jps,with_roads,default_small1,15,48,18.4,1,1,1.000000,1
astar-jps,with_roads,default_small1,122,135,45.6,1,1,1.000000,1
astar-jps,with_roads,default_small1,288,347,24.5,1,1,1.000000,1
astar-jps,with_roads,default_small1,13,319,80.6,1,1,1.000000,1
astar-jps,with_roads,default_small1,111,371,89.5,1,1,1.000000,1
astar-jps,with_roads,default_small1,399,309,43.0,1,1,1.000000,1
astar-jps,with_roads,default_small1,238,124,50.3,1,1,1.000000,1
astar-jps,with_roads,default_small1,253,340,76.9,1,1,1.000000,1
astar-jps,with_roads,default_small1,158,3,33.7,1,1,1.000000,1
astar-jps,with_roads,default_small1,91,397,91.2,1,1,1.000000,1
astar-jps,with_roads,default_small1,240,193,55.4,1,1,1.000000,1
astar-jps,with_roads,default_small1,158,89,29.0,1,1,1.000000,1
astar-jps,with_roads,default_small1,121,191,61.8,1,1,1.000000,1
astar-jps-dial,with_roads,default_small1,366,58,74.1,1,1,1.000000,1
astar-jps-dial,with_roads,default_small1,12,156,35.5,1,1,1.000000,1
astar-jps-dial,with_roads,default_small1,141,127,33.7,1,1,1.000000,1
astar-jps-dial,with_roads,default_small1,79,53,53.1,1,1,1.000000,1
astar-jps-dial,with_roads,default_small1,386,309,29.6,1,1,1.000000,1
astar-jps-dial,with_roads,default_small1,45,341,81.4,1,1,1.000000,1
astar-jps-dial,with_roads,default_small1,240,16,61.0,1,1,1.000000,1
astar-jps-dial,with_roads,default_small1,15,48,20.5,1,1,1.000000,1
astar-jps-dial,with_roads,default_small1,122,135,84.3,1,1,1.000000,1
astar-jps-dial,with_roads,default_small1,288,347,27.3,1,1,1.000000,1
astar-jps-dial,with_roads,default_small1,13,319,83.1,1,1,1.000000,1
astar-jps-dial,with_roads,default_small1,111,371,103.1,1,1,1.000000,1
astar-jps-dial,with_roads,default_small1,399,309,53.8,1,1,1.000000,1
astar-jps-dial,with_roads,default_small1,238,124,102.3,1,1,1.000000,1
astar-jps-dial,with_roads,default_small1,253,340,77.6,1,1,1.000000,1
astar-jps-dial,with_roads,default_small1,158,3,77.4,1,1,1.000000,1
astar-jps-dial,with_roads,default_small1,91,397,94.3,1,1,1.000000,1
astar-jps-dial,with_roads,default_small1,240,193,106.1,1,1,1.000000,1
astar-jps-dial,with_roads,default_small1,158,89,62.5,1,1,1.000000,1
astar-jps-dial,with_roads,default_small1,121,191,85.7,1,1,1.000000,1
astar-dial-cheb,no_roads,default_small2,393,59,234.6,1,1,1.000000,1
astar-dial-cheb,no_roads,default_small2,12,164,79.8,1,1,1.000000,1
astar-dial-cheb,no_roads,default_small2,147,127,11.0,1,1,1.000000,1
astar-dial-cheb,no_roads,default_small2,74,54,10.1,1,1,1.000000,1
astar-dial-cheb,no_roads,default_small2,413,338,127.7,1,1,1.000000,1
astar-dial-cheb,no_roads,default_small2,46,367,344.5,1,1,1.000000,1
astar-dial-cheb,no_roads,default_small2,252,16,283.4,1,1,1.000000,1
astar-dial-cheb,no_roads,default_small2,15,49,68.1,1,1,1.000000,1
astar-dial-cheb,no_roads,default_small2,124,140,41.2,1,1,1.000000,1
astar-dial-cheb,no_roads,default_small2,313,374,30.2,1,1,1.000000,1
astar-dial-cheb,no_roads,default_small2,13,349,271.4,1,1,1.000000,1
astar-dial-cheb,no_roads,default_small2,110,434,250.8,1,1,1.000000,1
astar-dial-cheb,no_roads,default_small2,398,427,128.3,1,1,1.000000,1
astar-dial-cheb,no_roads,default_small2,338,250,221.0,1,1,1.000000,1
astar-dial-cheb,no_roads,default_small2,125,273,284.8,1,1,1.000000,1
astar-dial-cheb,no_roads,default_small2,366,166,207.3,1,1,1.000000,1
astar-dial-cheb,no_roads,default_small2,3,85,31.0,1,1,1.000000,1
astar-dial-cheb,no_roads,default_small2,425,252,68.7,1,1,1.000000,1
astar-dial-cheb,no_roads,default_small2,208,166,18.4,1,1,1.000000,1
astar-dial-cheb,no_roads,default_small2,83,123,16.0,1,1,1.000000,1
astar-jps,no_roads,default_small2,393,59,78.3,1,1,1.000000,1
astar-jps,no_roads,default_small2,12,164,48.8,1,1,1.000000,1
astar-jps,no_roads,default_small2,147,127,16.8,1,1,1.000000,1
astar-jps,no_roads,default_small2,74,54,11.5,1,1,1.000000,1
astar-jps,no_roads,default_small2,413,338,53.7,1,1,1.000000,1
astar-jps,no_roads,default_small2,46,367,234.8,1,1,1.000000,1
astar-jps,no_roads,default_small2,252,16,128.9,1,1,1.000000,1
astar-jps,no_roads,default_small2,15,49,22.8,1,1,1.000000,1
astar-jps,no_roads,default_small2,124,140,27.3,1,1,1.000000,1
astar-jps,no_roads,default_small2,313,374,28.1,1,1,1.000000,1
astar-jps,no_roads,default_small2,13,349,204.4,1,1,1.000000,1
astar-jps,no_roads,default_small2,110,434,111.2,1,1,1.000000,1
astar-jps,no_roads,default_small2,398,427,55.6,1,1,1.000000,1
astar-jps,no_roads,default_small2,338,250,88.3,1,1,1.000000,1
astar-jps,no_roads,default_small2,125,273,125.4,1,1,1.000000,1
astar-jps,no_roads,default_small2,366,166,74.5,1,1,1.000000,1
astar-jps,no_roads,default_small2,3,85,36.1,1,1,1.000000,1
astar-jps,no_roads,default_small2,425,252,42.1,1,1,1.000000,1
astar-jps,no_roads,default_small2,208,166,21.0,1,1,1.000000,1
astar-jps,no_roads,default_small2,83,123,18.0,1,1,1.000000,1
astar-jps-dial,no_roads,default_small2,393,59,123.1,1,1,1.000000,1
astar-jps-dial,no_roads,default_small2,12,164,43.8,1,1,1.000000,1
astar-jps-dial,no_roads,default_small2,147,127,17.0,1,1,1.000000,1
astar-jps-dial,no_roads,default_small2,74,54,13.1,1,1,1.000000,1
astar-jps-dial,no_roads,default_small2,413,338,49.2,1,1,1.000000,1
astar-jps-dial,no_roads,default_small2,46,367,219.7,1,1,1.000000,1
astar-jps-dial,no_roads,default_small2,252,16,122.6,1,1,1.000000,1
astar-jps-dial,no_roads,default_small2,15,49,23.4,1,1,1.000000,1
astar-jps-dial,no_roads,default_small2,124,140,27.4,1,1,1.000000,1
astar-jps-dial,no_roads,default_small2,313,374,28.2,1,1,1.000000,1
astar-jps-dial,no_roads,default_small2,13,349,168.7,1,1,1.000000,1
astar-jps-dial,no_roads,default_small2,110,434,104.0,1,1,1.000000,1
astar-jps-dial,no_roads,default_small2,398,427,54.7,1,1,1.000000,1
astar-jps-dial,no_roads,default_small2,338,250,106.7,1,1,1.000000,1
astar-jps-dial,no_roads,default_small2,125,273,110.8,1,1,1.000000,1
astar-jps-dial,no_roads,default_small2,366,166,96.1,1,1,1.000000,1
astar-jps-dial,no_roads,default_small2,3,85,32.5,1,1,1.000000,1
astar-jps-dial,no_roads,default_small2,425,252,41.1,1,1,1.000000,1
astar-jps-dial,no_roads,default_small2,208,166,24.2,1,1,1.000000,1
astar-jps-dial,no_roads,default_small2,83,123,18.8,1,1,1.000000,1
astar-dial-cheb,with_roads,default_small2,393,59,213.8,1,1,1.000000,1
astar-dial-cheb,with_roads,default_small2,12,164,91.4,1,1,1.000000,1
astar-dial-cheb,with_roads,default_small2,147,127,11.5,1,1,1.000000,1
astar-dial-cheb,with_roads,default_small2,74,54,10.1,1,1,1.000000,1
astar-dial-cheb,with_roads,default_small2,413,338,120.7,1,1,1.000000,1
astar-dial-cheb,with_roads,default_small2,46,367,332.9,1,1,1.000000,1
astar-dial-cheb,with_roads,default_small2,252,16,145.6,1,1,1.000000,1
astar-dial-cheb,with_roads,default_small2,15,49,35.9,1,1,1.000000,1
astar-dial-cheb,with_roads,default_small2,124,140,36.8,1,1,1.000000,1
astar-dial-cheb,with_roads,default_small2,313,374,24.6,1,1,1.000000,1
astar-dial-cheb,with_roads,default_small2,13,349,257.7,1,1,1.000000,1
astar-dial-cheb,with_roads,default_small2,110,434,261.9,1,1,1.000000,1
astar-dial-cheb,with_roads,default_small2,398,427,115.7,1,1,1.000000,1
astar-dial-cheb,with_roads,default_small2,338,250,217.8,1,1,1.000000,1
astar-dial-cheb,with_roads,default_small2,125,273,303.9,1,1,1.000000,1
astar-dial-cheb,with_roads,default_small2,366,166,203.3,1,1,1.000000,1
astar-dial-cheb,with_roads,default_small2,3,85,35.3,1,1,1.000000,1
astar-dial-cheb,with_roads,default_small2,425,252,68.6,1,1,1.000000,1
astar-dial-cheb,with_roads,default_small2,208,166,17.4,1,1,1.000000,1
astar-dial-cheb,with_roads,default_small2,83,123,15.3,1,1,1.000000,1
astar-jps,with_roads,default_small2,393,59,72.7,1,1,1.000000,1
astar-jps,with_roads,default_small2,12,164,45.8,1,1,1.090909,0
astar-jps,with_roads,default_small2,147,127,16.2,1,1,1.000000,1
astar-jps,with_roads,default_small2,74,54,11.4,1,1,1.000000,1
astar-jps,with_roads,default_small2,413,338,53.2,1,1,1.000000,1
astar-jps,with_roads,default_small2,46,367,254.2,1,1,1.000000,1
astar-jps,with_roads,default_small2,252,16,131.6,1,1,1.348837,1
astar-jps,with_roads,default_small2,15,49,23.1,1,1,2.000000,0
astar-jps,with_roads,default_small2,124,140,27.1,1,1,1.000000,1
astar-jps,with_roads,default_small2,313,374,28.0,1,1,1.000000,1
astar-jps,with_roads,default_small2,13,349,206.6,1,1,1.000000,1
astar-jps,with_roads,default_small2,110,434,114.7,1,1,1.000000,1
astar-jps,with_roads,default_small2,398,427,56.0,1,1,1.000000,1
astar-jps,with_roads,default_small2,338,250,90.5,1,1,1.000000,1
astar-jps,with_roads,default_small2,125,273,130.1,1,1,1.000000,1
astar-jps,with_roads,default_small2,366,166,80.1,1,1,1.000000,1
astar-jps,with_roads,default_small2,3,85,35.1,1,1,1.000000,1
astar-jps,with_roads,default_small2,425,252,42.6,1,1,1.000000,1
astar-jps,with_roads,default_small2,208,166,21.8,1,1,1.000000,1
astar-jps,with_roads,default_small2,83,123,17.4,1,1,1.000000,1
astar-jps-dial,with_roads,default_small2,393,59,118.7,1,1,1.000000,1
astar-jps-dial,with_roads,default_small2,12,164,43.8,1,1,1.090909,0
astar-jps-dial,with_roads,default_small2,147,127,18.0,1,1,1.000000,1
astar-jps-dial,with_roads,default_small2,74,54,13.4,1,1,1.000000,1
astar-jps-dial,with_roads,default_small2,413,338,50.9,1,1,1.000000,1
astar-jps-dial,with_roads,default_small2,46,367,238.5,1,1,1.000000,1
astar-jps-dial,with_roads,default_small2,252,16,128.7,1,1,1.348837,1
astar-jps-dial,with_roads,default_small2,15,49,25.8,1,1,2.000000,0
astar-jps-dial,with_roads,default_small2,124,140,30.1,1,1,1.000000,1
astar-jps-dial,with_roads,default_small2,313,374,30.5,1,1,1.000000,1
astar-jps-dial,with_roads,default_small2,13,349,184.8,1,1,1.000000,1
astar-jps-dial,with_roads,default_small2,110,434,109.6,1,1,1.000000,1
astar-jps-dial,with_roads,default_small2,398,427,55.5,1,1,1.000000,1
astar-jps-dial,with_roads,default_small2,338,250,112.3,1,1,1.000000,1
astar-jps-dial,with_roads,default_small2,125,273,118.7,1,1,1.000000,1
astar-jps-dial,with_roads,default_small2,366,166,100.0,1,1,1.000000,1
astar-jps-dial,with_roads,default_small2,3,85,33.4,1,1,1.000000,1
astar-jps-dial,with_roads,default_small2,425,252,47.6,1,1,1.000000,1
astar-jps-dial,with_roads,default_small2,208,166,25.5,1,1,1.000000,1
astar-jps-dial,with_roads,default_small2,83,123,19.4,1,1,1.000000,1
astar-dial-cheb,no_roads,dna,864,133,583.2,0,,,
astar-dial-cheb,no_roads,dna,25,1005,570.5,1,1,1.000000,1
astar-dial-cheb,no_roads,dna,359,313,367.5,1,1,1.000000,1
astar-dial-cheb,no_roads,dna,289,172,248.9,1,1,1.000000,1
astar-dial-cheb,no_roads,dna,1000,121,454.2,1,1,1.000000,1
astar-dial-cheb,no_roads,dna,921,1004,44.7,1,1,1.000000,1
astar-dial-cheb,no_roads,dna,742,104,24.7,0,,,
astar-dial-cheb,no_roads,dna,802,564,418.6,1,1,1.000000,1
astar-dial-cheb,no_roads,dna,32,30,22.4,1,1,1.000000,1
astar-dial-cheb,no_roads,dna,111,282,26.7,0,,,
astar-dial-cheb,no_roads,dna,300,684,25.8,0,,,
astar-dial-cheb,no_roads,dna,820,27,321.3,1,1,1.000000,1
astar-dial-cheb,no_roads,dna,759,251,581.9,1,1,1.000000,1
astar-dial-cheb,no_roads,dna,978,881,77.9,1,1,1.000000,1
astar-dial-cheb,no_roads,dna,962,742,581.9,0,,,
astar-dial-cheb,no_roads,dna,561,284,566.8,0,,,
astar-dial-cheb,no_roads,dna,606,801,357.4,1,1,1.000000,1
astar-dial-cheb,no_roads,dna,363,6,29.2,0,,,
astar-dial-cheb,no_roads,dna,1023,202,367.8,1,1,1.000000,1
astar-dial-cheb,no_roads,dna,945,564,323.5,1,1,1.000000,1
astar-jps,no_roads,dna,864,133,224.0,0,,,
astar-jps,no_roads,dna,25,1005,154.0,1,1,1.000000,1
astar-jps,no_roads,dna,359,313,129.9,1,1,1.000000,1
astar-jps,no_roads,dna,289,172,107.2,1,1,1.000000,1
astar-jps,no_roads,dna,1000,121,72.4,1,1,1.000000,1
astar-jps,no_roads,dna,921,1004,44.8,1,1,1.000000,1
astar-jps,no_roads,dna,742,104,11.2,0,,,
astar-jps,no_roads,dna,802,564,129.9,1,1,1.000000,1
astar-jps,no_roads,dna,32,30,24.5,1,1,1.000000,1
astar-jps,no_roads,dna,111,282,10.7,0,,,
astar-jps,no_roads,dna,300,684,11.0,0,,,
astar-jps,no_roads,dna,820,27,83.9,1,1,1.000000,1
astar-jps,no_roads,dna,759,251,149.9,1,1,1.000000,1
astar-jps,no_roads,dna,978,881,48.7,1,1,1.000000,1
astar-jps,no_roads,dna,962,742,184.7,0,,,
astar-jps,no_roads,dna,561,284,189.9,0,,,
astar-jps,no_roads,dna,606,801,103.8,1,1,1.000000,1
astar-jps,no_roads,dna,363,6,12.2,0,,,
astar-jps,no_roads,dna,1023,202,70.0,1,1,1.000000,1
astar-jps,no_roads,dna,945,564,113.2,1,1,1.000000,1
astar-jps-dial,no_roads,dna,864,133,208.3,0,,,
astar-jps-dial,no_roads,dna,25,1005,126.2,1,1,1.000000,1
astar-jps-dial,no_roads,dna,359,313,114.6,1,1,1.000000,1
astar-jps-dial,no_roads,dna,289,172,124.5,1,1,1.000000,1
astar-jps-dial,no_roads,dna,1000,121,96.9,1,1,1.000000,1
astar-jps-dial,no_roads,dna,921,1004,50.7,1,1,1.000000,1
astar-jps-dial,no_roads,dna,742,104,20.5,0,,,
astar-jps-dial,no_roads,dna,802,564,122.7,1,1,1.000000,1
astar-jps-dial,no_roads,dna,32,30,25.5,1,1,1.000000,1
astar-jps-dial,no_roads,dna,111,282,19.9,0,,,
astar-jps-dial,no_roads,dna,300,684,19.9,0,,,
astar-jps-dial,no_roads,dna,820,27,82.8,1,1,1.000000,1
astar-jps-dial,no_roads,dna,759,251,122.6,1,1,1.000000,1
astar-jps-dial,no_roads,dna,978,881,55.2,1,1,1.000000,1
astar-jps-dial,no_roads,dna,962,742,205.2,0,,,
astar-jps-dial,no_roads,dna,561,284,208.6,0,,,
astar-jps-dial,no_roads,dna,606,801,111.8,1,1,1.000000,1
astar-jps-dial,no_roads,dna,363,6,21.7,0,,,
astar-jps-dial,no_roads,dna,1023,202,87.6,1,1,1.000000,1
astar-jps-dial,no_roads,dna,945,564,111.8,1,1,1.000000,1
astar-dial-cheb,with_roads,dna,864,133,572.4,0,,,
astar-dial-cheb,with_roads,dna,25,1005,478.6,1,1,1.000000,1
astar-dial-cheb,with_roads,dna,359,313,355.6,1,1,1.000000,1
astar-dial-cheb,with_roads,dna,289,172,318.6,1,1,1.000000,1
astar-dial-cheb,with_roads,dna,1000,121,257.6,1,1,1.000000,1
astar-dial-cheb,with_roads,dna,921,1004,35.5,1,1,1.000000,1
astar-dial-cheb,with_roads,dna,742,104,21.5,0,,,
astar-dial-cheb,with_roads,dna,802,564,524.2,1,1,1.000000,1
astar-dial-cheb,with_roads,dna,32,30,20.1,1,1,1.000000,1
astar-dial-cheb,with_roads,dna,111,282,23.3,0,,,
astar-dial-cheb,with_roads,dna,300,684,23.8,0,,,
astar-dial-cheb,with_roads,dna,820,27,231.5,1,1,1.000000,1
astar-dial-cheb,with_roads,dna,759,251,392.7,1,1,1.000000,1
astar-dial-cheb,with_roads,dna,978,881,80.1,1,1,1.000000,1
astar-dial-cheb,with_roads,dna,962,742,560.1,0,,,
astar-dial-cheb,with_roads,dna,561,284,561.1,0,,,
astar-dial-cheb,with_roads,dna,606,801,525.5,1,1,1.000000,1
astar-dial-cheb,with_roads,dna,363,6,27.7,0,,,
astar-dial-cheb,with_roads,dna,1023,202,233.2,1,1,1.000000,1
astar-dial-cheb,with_roads,dna,945,564,384.7,1,1,1.000000,1
astar-jps,with_roads,dna,864,133,208.0,0,,,
astar-jps,with_roads,dna,25,1005,142.3,1,1,1.621359,0
astar-jps,with_roads,dna,359,313,110.0,1,1,2.132075,0
astar-jps,with_roads,dna,289,172,103.2,1,1,1.928571,0
astar-jps,with_roads,dna,1000,121,70.0,1,1,1.231579,1
astar-jps,with_roads,dna,921,1004,40.2,1,1,1.000000,1
astar-jps,with_roads,dna,742,104,10.5,0,,,
astar-jps,with_roads,dna,802,564,123.1,1,1,1.155963,0
astar-jps,with_roads,dna,32,30,18.6,1,1,1.500000,0
astar-jps,with_roads,dna,111,282,9.9,0,,,
astar-jps,with_roads,dna,300,684,10.4,0,,,
astar-jps,with_roads,dna,820,27,77.4,1,1,1.569444,1
astar-jps,with_roads,dna,759,251,115.6,1,1,1.744444,1
astar-jps,with_roads,dna,978,881,48.9,1,1,1.000000,1
astar-jps,with_roads,dna,962,742,178.4,0,,,
astar-jps,with_roads,dna,561,284,178.0,0,,,
astar-jps,with_roads,dna,606,801,96.2,1,1,1.081081,0
astar-jps,with_roads,dna,363,6,10.7,0,,,
astar-jps,with_roads,dna,1023,202,62.1,1,1,1.117647,1
astar-jps,with_roads,dna,945,564,104.4,1,1,1.000000,1
astar-jps-dial,with_roads,dna,864,133,204.4,0,,,
astar-jps-dial,with_roads,dna,25,1005,115.9,1,1,1.621359,0
astar-jps-dial,with_roads,dna,359,313,100.6,1,1,2.132075,0
astar-jps-dial,with_roads,dna,289,172,100.3,1,1,1.928571,0
astar-jps-dial,with_roads,dna,1000,121,90.8,1,1,1.231579,1
astar-jps-dial,with_roads,dna,921,1004,38.8,1,1,1.000000,1
astar-jps-dial,with_roads,dna,742,104,18.5,0,,,
astar-jps-dial,with_roads,dna,802,564,109.0,1,1,1.155963,0
astar-jps-dial,with_roads,dna,32,30,25.1,1,1,1.500000,0
astar-jps-dial,with_roads,dna,111,282,18.6,0,,,
astar-jps-dial,with_roads,dna,300,684,19.8,0,,,
astar-jps-dial,with_roads,dna,820,27,77.9,1,1,1.569444,1
astar-jps-dial,with_roads,dna,759,251,112.3,1,1,1.744444,1
astar-jps-dial,with_roads,dna,978,881,52.1,1,1,1.000000,1
astar-jps-dial,with_roads,dna,962,742,195.2,0,,,
astar-jps-dial,with_roads,dna,561,284,193.4,0,,,
astar-jps-dial,with_roads,dna,606,801,124.7,1,1,1.081081,0
astar-jps-dial,with_roads,dna,363,6,20.8,0,,,
astar-jps-dial,with_roads,dna,1023,202,83.6,1,1,1.117647,1
astar-jps-dial,with_roads,dna,945,564,105.5,1,1,1.000000,1
astar-dial-cheb,no_roads,donut,808,133,568.6,0,,,
astar-dial-cheb,no_roads,donut,25,929,159.5,0,,,
astar-dial-cheb,no_roads,donut,335,300,14.1,1,1,1.000000,1
astar-dial-cheb,no_roads,donut,272,169,536.1,0,,,
astar-dial-cheb,no_roads,donut,924,119,478.9,1,1,1.000000,1
astar-dial-cheb,no_roads,donut,852,928,69.5,1,1,1.000000,1
astar-dial-cheb,no_roads,donut,1122,679,154.6,0,,,
astar-dial-cheb,no_roads,donut,100,739,146.1,0,,,
astar-dial-cheb,no_roads,donut,529,32,571.2,0,,,
astar-dial-cheb,no_roads,donut,30,106,134.2,1,1,1.000000,1
astar-dial-cheb,no_roads,donut,265,287,178.9,1,1,1.000000,1
astar-dial-cheb,no_roads,donut,631,755,316.2,1,1,1.000000,1
astar-dial-cheb,no_roads,donut,27,698,155.6,0,,,
astar-dial-cheb,no_roads,donut,242,899,158.0,0,,,
astar-dial-cheb,no_roads,donut,820,884,57.3,1,1,1.000000,1
astar-dial-cheb,no_roads,donut,679,523,392.3,1,1,1.000000,1
astar-dial-cheb,no_roads,donut,267,562,328.7,1,1,1.000000,1
astar-dial-cheb,no_roads,donut,738,338,387.6,1,1,1.000000,1
astar-dial-cheb,no_roads,donut,1015,1091,59.0,1,1,1.000000,1
astar-dial-cheb,no_roads,donut,6,953,161.4,0,,,
astar-jps,no_roads,donut,808,133,753.5,0,,,
astar-jps,no_roads,donut,25,929,54.3,0,,,
astar-jps,no_roads,donut,335,300,21.3,1,1,1.000000,1
astar-jps,no_roads,donut,272,169,678.1,0,,,
astar-jps,no_roads,donut,924,119,88.2,1,1,1.000000,1
astar-jps,no_roads,donut,852,928,39.5,1,1,1.000000,1
astar-jps,no_roads,donut,1122,679,51.9,0,,,
astar-jps,no_roads,donut,100,739,49.5,0,,,
astar-jps,no_roads,donut,529,32,738.0,0,,,
astar-jps,no_roads,donut,30,106,47.1,1,1,1.000000,1
astar-jps,no_roads,donut,265,287,75.7,1,1,1.000000,1
astar-jps,no_roads,donut,631,755,144.2,1,1,1.000000,1
astar-jps,no_roads,donut,27,698,46.9,0,,,
astar-jps,no_roads,donut,242,899,46.0,0,,,
astar-jps,no_roads,donut,820,884,41.7,1,1,1.000000,1
astar-jps,no_roads,donut,679,523,66.1,1,1,1.000000,1
astar-jps,no_roads,donut,267,562,178.8,1,1,1.000000,1
astar-jps,no_roads,donut,738,338,78.2,1,1,1.000000,1
astar-jps,no_roads,donut,1015,1091,27.8,1,1,1.000000,1
astar-jps,no_roads,donut,6,953,43.7,0,,,
astar-jps-dial,no_roads,donut,808,133,637.1,0,,,
astar-jps-dial,no_roads,donut,25,929,56.9,0,,,
astar-jps-dial,no_roads,donut,335,300,21.4,1,1,1.000000,1
astar-jps-dial,no_roads,donut,272,169,612.5,0,,,
astar-jps-dial,no_roads,donut,924,119,158.5,1,1,1.000000,1
astar-jps-dial,no_roads,donut,852,928,39.3,1,1,1.000000,1
astar-jps-dial,no_roads,donut,1122,679,67.3,0,,,
astar-jps-dial,no_roads,donut,100,739,58.6,0,,,
astar-jps-dial,no_roads,donut,529,32,689.8,0,,,
astar-jps-dial,no_roads,donut,30,106,50.3,1,1,1.000000,1
astar-jps-dial,no_roads,donut,265,287,103.2,1,1,1.000000,1
astar-jps-dial,no_roads,donut,631,755,191.3,1,1,1.000000,1
astar-jps-dial,no_roads,donut,27,698,58.3,0,,,
astar-jps-dial,no_roads,donut,242,899,56.6,0,,,
astar-jps-dial,no_roads,donut,820,884,38.4,1,1,1.000000,1
astar-jps-dial,no_roads,donut,679,523,100.9,1,1,1.000000,1
astar-jps-dial,no_roads,donut,267,562,156.5,1,1,1.000000,1
astar-jps-dial,no_roads,donut,738,338,139.7,1,1,1.000000,1
astar-jps-dial,no_roads,donut,1015,1091,31.0,1,1,1.000000,1
astar-jps-dial,no_roads,donut,6,953,54.5,0,,,
astar-dial-cheb,with_roads,donut,808,133,555.5,0,,,
astar-dial-cheb,with_roads,donut,25,929,151.8,0,,,
astar-dial-cheb,with_roads,donut,335,300,13.2,1,1,1.000000,1
astar-dial-cheb,with_roads,donut,272,169,554.8,0,,,
astar-dial-cheb,with_roads,donut,924,119,451.6,1,1,1.000000,1
astar-dial-cheb,with_roads,donut,852,928,66.2,1,1,1.000000,1
astar-dial-cheb,with_roads,donut,1122,679,142.2,0,,,
astar-dial-cheb,with_roads,donut,100,739,144.4,0,,,
astar-dial-cheb,with_roads,donut,529,32,509.4,0,,,
astar-dial-cheb,with_roads,donut,30,106,120.2,1,1,1.000000,1
astar-dial-cheb,with_roads,donut,265,287,151.5,1,1,1.000000,1
astar-dial-cheb,with_roads,donut,631,755,294.4,1,1,1.000000,1
astar-dial-cheb,with_roads,donut,27,698,147.5,0,,,
astar-dial-cheb,with_roads,donut,242,899,146.3,0,,,
astar-dial-cheb,with_roads,donut,820,884,52.4,1,1,1.000000,1
astar-dial-cheb,with_roads,donut,679,523,377.8,1,1,1.000000,1
astar-dial-cheb,with_roads,donut,267,562,315.4,1,1,1.000000,1
astar-dial-cheb,with_roads,donut,738,338,322.7,1,1,1.000000,1
astar-dial-cheb,with_roads,donut,1015,1091,47.3,1,1,1.000000,1
astar-dial-cheb,with_roads,donut,6,953,140.5,0,,,
astar-jps,with_roads,donut,808,133,710.7,0,,,
astar-jps,with_roads,donut,25,929,45.5,0,,,
astar-jps,with_roads,donut,335,300,18.7,1,1,1.000000,1
astar-jps,with_roads,donut,272,169,631.3,0,,,
astar-jps,with_roads,donut,924,119,81.1,1,1,1.000000,1
astar-jps,with_roads,donut,852,928,35.4,1,1,1.000000,1
astar-jps,with_roads,donut,1122,679,44.8,0,,,
astar-jps,with_roads,donut,100,739,43.0,0,,,
astar-jps,with_roads,donut,529,32,705.8,0,,,
astar-jps,with_roads,donut,30,106,39.8,1,1,1.000000,1
astar-jps,with_roads,donut,265,287,60.9,1,1,1.000000,1
astar-jps,with_roads,donut,631,755,139.5,1,1,1.000000,1
astar-jps,with_roads,donut,27,698,40.4,0,,,
astar-jps,with_roads,donut,242,899,54.8,0,,,
astar-jps,with_roads,donut,820,884,37.8,1,1,1.000000,1
astar-jps,with_roads,donut,679,523,58.3,1,1,1.000000,1
astar-jps,with_roads,donut,267,562,169.3,1,1,1.000000,1
astar-jps,with_roads,donut,738,338,70.6,1,1,1.000000,1
astar-jps,with_roads,donut,1015,1091,24.8,1,1,1.000000,1
astar-jps,with_roads,donut,6,953,38.1,0,,,
astar-jps-dial,with_roads,donut,808,133,565.6,0,,,
astar-jps-dial,with_roads,donut,25,929,48.2,0,,,
astar-jps-dial,with_roads,donut,335,300,17.7,1,1,1.000000,1
astar-jps-dial,with_roads,donut,272,169,528.9,0,,,
astar-jps-dial,with_roads,donut,924,119,146.2,1,1,1.000000,1
astar-jps-dial,with_roads,donut,852,928,34.1,1,1,1.000000,1
astar-jps-dial,with_roads,donut,1122,679,53.4,0,,,
astar-jps-dial,with_roads,donut,100,739,48.6,0,,,
astar-jps-dial,with_roads,donut,529,32,534.0,0,,,
astar-jps-dial,with_roads,donut,30,106,41.7,1,1,1.000000,1
astar-jps-dial,with_roads,donut,265,287,76.1,1,1,1.000000,1
astar-jps-dial,with_roads,donut,631,755,178.4,1,1,1.000000,1
astar-jps-dial,with_roads,donut,27,698,50.6,0,,,
astar-jps-dial,with_roads,donut,242,899,46.6,0,,,
astar-jps-dial,with_roads,donut,820,884,33.4,1,1,1.000000,1
astar-jps-dial,with_roads,donut,679,523,92.9,1,1,1.000000,1
astar-jps-dial,with_roads,donut,267,562,127.0,1,1,1.000000,1
astar-jps-dial,with_roads,donut,738,338,124.2,1,1,1.000000,1
astar-jps-dial,with_roads,donut,1015,1091,26.0,1,1,1.000000,1
astar-jps-dial,with_roads,donut,6,953,45.5,0,,,
astar-dial-cheb,no_roads,drawing_circles_is_hard,1652,269,638.6,1,1,1.000000,1
astar-dial-cheb,no_roads,drawing_circles_is_hard,51,1922,587.7,1,1,1.000000,1
astar-dial-cheb,no_roads,drawing_circles_is_hard,690,608,773.0,1,1,1.000000,1
astar-dial-cheb,no_roads,drawing_circles_is_hard,552,339,763.7,1,1,1.000000,1
astar-dial-cheb,no_roads,drawing_circles_is_hard,1909,247,1197.7,1,1,1.000000,1
astar-dial-cheb,no_roads,drawing_circles_is_hard,1754,1919,241.7,1,1,1.000000,1
astar-dial-cheb,no_roads,drawing_circles_is_hard,2310,1398,803.4,1,1,1.000000,1
astar-dial-cheb,no_roads,drawing_circles_is_hard,201,1522,544.2,1,1,1.000000,1
astar-dial-cheb,no_roads,drawing_circles_is_hard,1085,71,359.2,1,1,1.000000,1
astar-dial-cheb,no_roads,drawing_circles_is_hard,67,219,25.1,1,1,1.000000,1
astar-dial-cheb,no_roads,drawing_circles_is_hard,540,578,228.3,1,1,1.000000,1
astar-dial-cheb,no_roads,drawing_circles_is_hard,1293,1548,163.2,1,1,1.000000,1
astar-dial-cheb,no_roads,drawing_circles_is_hard,54,1446,900.3,1,1,1.000000,1
astar-dial-cheb,no_roads,drawing_circles_is_hard,489,1858,984.4,1,1,1.000000,1
astar-dial-cheb,no_roads,drawing_circles_is_hard,1687,1817,550.6,1,1,1.000000,1
astar-dial-cheb,no_roads,drawing_circles_is_hard,1398,1076,333.3,1,1,1.000000,1
astar-dial-cheb,no_roads,drawing_circles_is_hard,546,1160,735.4,1,1,1.000000,1
astar-dial-cheb,no_roads,drawing_circles_is_hard,1517,696,856.9,1,1,1.000000,1
astar-dial-cheb,no_roads,drawing_circles_is_hard,2095,2248,22.6,1,1,1.000000,1
astar-dial-cheb,no_roads,drawing_circles_is_hard,13,1968,905.5,1,1,1.000000,1
astar-jps,no_roads,drawing_circles_is_hard,1652,269,153.1,1,1,1.000000,1
astar-jps,no_roads,drawing_circles_is_hard,51,1922,123.4,1,1,1.000000,1
astar-jps,no_roads,drawing_circles_is_hard,690,608,147.1,1,1,1.000000,1
astar-jps,no_roads,drawing_circles_is_hard,552,339,123.1,1,1,1.000000,1
astar-jps,no_roads,drawing_circles_is_hard,1909,247,214.6,1,1,1.000000,1
astar-jps,no_roads,drawing_circles_is_hard,1754,1919,70.0,1,1,1.000000,1
astar-jps,no_roads,drawing_circles_is_hard,2310,1398,118.0,1,1,1.000000,1
astar-jps,no_roads,drawing_circles_is_hard,201,1522,149.8,1,1,1.000000,1
astar-jps,no_roads,drawing_circles_is_hard,1085,71,67.2,1,1,1.000000,1
astar-jps,no_roads,drawing_circles_is_hard,67,219,27.7,1,1,1.000000,1
astar-jps,no_roads,drawing_circles_is_hard,540,578,112.1,1,1,1.000000,1
astar-jps,no_roads,drawing_circles_is_hard,1293,1548,72.3,1,1,1.000000,1
astar-jps,no_roads,drawing_circles_is_hard,54,1446,217.7,1,1,1.000000,1
astar-jps,no_roads,drawing_circles_is_hard,489,1858,162.9,1,1,1.000000,1
astar-jps,no_roads,drawing_circles_is_hard,1687,1817,151.6,1,1,1.000000,1
astar-jps,no_roads,drawing_circles_is_hard,1398,1076,65.6,1,1,1.000000,1
astar-jps,no_roads,drawing_circles_is_hard,546,1160,284.4,1,1,1.000000,1
astar-jps,no_roads,drawing_circles_is_hard,1517,696,106.8,1,1,1.000000,1
astar-jps,no_roads,drawing_circles_is_hard,2095,2248,19.6,1,1,1.000000,1
astar-jps,no_roads,drawing_circles_is_hard,13,1968,271.9,1,1,1.000000,1
astar-jps-dial,no_roads,drawing_circles_is_hard,1652,269,136.3,1,1,1.000000,1
astar-jps-dial,no_roads,drawing_circles_is_hard,51,1922,108.1,1,1,1.000000,1
astar-jps-dial,no_roads,drawing_circles_is_hard,690,608,255.8,1,1,1.000000,1
astar-jps-dial,no_roads,drawing_circles_is_hard,552,339,197.0,1,1,1.000000,1
astar-jps-dial,no_roads,drawing_circles_is_hard,1909,247,248.4,1,1,1.000000,1
astar-jps-dial,no_roads,drawing_circles_is_hard,1754,1919,80.2,1,1,1.000000,1
astar-jps-dial,no_roads,drawing_circles_is_hard,2310,1398,170.1,1,1,1.000000,1
astar-jps-dial,no_roads,drawing_circles_is_hard,201,1522,147.9,1,1,1.000000,1
astar-jps-dial,no_roads,drawing_circles_is_hard,1085,71,80.5,1,1,1.000000,1
astar-jps-dial,no_roads,drawing_circles_is_hard,67,219,29.8,1,1,1.000000,1
astar-jps-dial,no_roads,drawing_circles_is_hard,540,578,109.9,1,1,1.000000,1
astar-jps-dial,no_roads,drawing_circles_is_hard,1293,1548,71.3,1,1,1.000000,1
astar-jps-dial,no_roads,drawing_circles_is_hard,54,1446,203.2,1,1,1.000000,1
astar-jps-dial,no_roads,drawing_circles_is_hard,489,1858,153.5,1,1,1.000000,1
astar-jps-dial,no_roads,drawing_circles_is_hard,1687,1817,162.5,1,1,1.000000,1
astar-jps-dial,no_roads,drawing_circles_is_hard,1398,1076,89.4,1,1,1.000000,1
astar-jps-dial,no_roads,drawing_circles_is_hard,546,1160,240.0,1,1,1.000000,1
astar-jps-dial,no_roads,drawing_circles_is_hard,1517,696,166.6,1,1,1.000000,1
astar-jps-dial,no_roads,drawing_circles_is_hard,2095,2248,21.5,1,1,1.000000,1
astar-jps-dial,no_roads,drawing_circles_is_hard,13,1968,250.0,1,1,1.000000,1
astar-dial-cheb,with_roads,drawing_circles_is_hard,1652,269,337.2,1,1,1.000000,1
astar-dial-cheb,with_roads,drawing_circles_is_hard,51,1922,919.6,1,1,1.000000,1
astar-dial-cheb,with_roads,drawing_circles_is_hard,690,608,700.6,1,1,1.000000,1
astar-dial-cheb,with_roads,drawing_circles_is_hard,552,339,782.6,1,1,1.000000,1
astar-dial-cheb,with_roads,drawing_circles_is_hard,1909,247,1335.7,1,1,1.000000,1
astar-dial-cheb,with_roads,drawing_circles_is_hard,1754,1919,251.8,1,1,1.000000,1
astar-dial-cheb,with_roads,drawing_circles_is_hard,2310,1398,851.1,1,1,1.000000,1
astar-dial-cheb,with_roads,drawing_circles_is_hard,201,1522,846.0,1,1,1.000000,1
astar-dial-cheb,with_roads,drawing_circles_is_hard,1085,71,159.4,1,1,1.000000,1
astar-dial-cheb,with_roads,drawing_circles_is_hard,67,219,27.8,1,1,1.000000,1
astar-dial-cheb,with_roads,drawing_circles_is_hard,540,578,171.4,1,1,1.000000,1
astar-dial-cheb,with_roads,drawing_circles_is_hard,1293,1548,157.6,1,1,1.000000,1
astar-dial-cheb,with_roads,drawing_circles_is_hard,54,1446,410.1,1,1,1.000000,1
astar-dial-cheb,with_roads,drawing_circles_is_hard,489,1858,1022.3,1,1,1.000000,1
astar-dial-cheb,with_roads,drawing_circles_is_hard,1687,1817,515.0,1,1,1.000000,1
astar-dial-cheb,with_roads,drawing_circles_is_hard,1398,1076,273.4,1,1,1.000000,1
astar-dial-cheb,with_roads,drawing_circles_is_hard,546,1160,805.3,1,1,1.000000,1
astar-dial-cheb,with_roads,drawing_circles_is_hard,1517,696,922.0,1,1,1.000000,1
astar-dial-cheb,with_roads,drawing_circles_is_hard,2095,2248,23.4,1,1,1.000000,1
astar-dial-cheb,with_roads,drawing_circles_is_hard,13,1968,1133.7,1,1,1.000000,1
astar-jps,with_roads,drawing_circles_is_hard,1652,269,150.0,1,1,1.419355,1
astar-jps,with_roads,drawing_circles_is_hard,51,1922,117.0,1,1,1.370370,0
astar-jps,with_roads,drawing_circles_is_hard,690,608,150.5,1,1,1.402985,1
astar-jps,with_roads,drawing_circles_is_hard,552,339,113.5,1,1,1.397436,0
astar-jps,with_roads,drawing_circles_is_hard,1909,247,225.1,1,1,1.016000,1
astar-jps,with_roads,drawing_circles_is_hard,1754,1919,68.1,1,1,1.000000,1
astar-jps,with_roads,drawing_circles_is_hard,2310,1398,123.7,1,1,1.000000,1
astar-jps,with_roads,drawing_circles_is_hard,201,1522,147.9,1,1,1.320000,0
astar-jps,with_roads,drawing_circles_is_hard,1085,71,62.8,1,1,1.285714,0
astar-jps,with_roads,drawing_circles_is_hard,67,219,35.6,1,1,2.333333,0
astar-jps,with_roads,drawing_circles_is_hard,540,578,113.1,1,1,1.235294,0
astar-jps,with_roads,drawing_circles_is_hard,1293,1548,73.3,1,1,1.058824,1
astar-jps,with_roads,drawing_circles_is_hard,54,1446,232.0,1,1,1.750000,1
astar-jps,with_roads,drawing_circles_is_hard,489,1858,168.9,1,1,1.060606,1
astar-jps,with_roads,drawing_circles_is_hard,1687,1817,153.9,1,1,1.000000,1
astar-jps,with_roads,drawing_circles_is_hard,1398,1076,64.7,1,1,1.375000,0
astar-jps,with_roads,drawing_circles_is_hard,546,1160,280.0,1,1,1.065217,0
astar-jps,with_roads,drawing_circles_is_hard,1517,696,104.9,1,1,1.023256,1
astar-jps,with_roads,drawing_circles_is_hard,2095,2248,19.5,1,1,1.000000,1
astar-jps,with_roads,drawing_circles_is_hard,13,1968,290.3,1,1,1.296703,1
astar-jps-dial,with_roads,drawing_circles_is_hard,1652,269,143.0,1,1,1.419355,1
astar-jps-dial,with_roads,drawing_circles_is_hard,51,1922,109.1,1,1,1.370370,0
astar-jps-dial,with_roads,drawing_circles_is_hard,690,608,248.8,1,1,1.432836,1
astar-jps-dial,with_roads,drawing_circles_is_hard,552,339,194.0,1,1,1.397436,0
astar-jps-dial,with_roads,drawing_circles_is_hard,1909,247,235.5,1,1,1.016000,1
astar-jps-dial,with_roads,drawing_circles_is_hard,1754,1919,80.3,1,1,1.000000,1
astar-jps-dial,with_roads,drawing_circles_is_hard,2310,1398,172.6,1,1,1.000000,1
astar-jps-dial,with_roads,drawing_circles_is_hard,201,1522,138.9,1,1,1.320000,0
astar-jps-dial,with_roads,drawing_circles_is_hard,1085,71,71.9,1,1,1.285714,0
astar-jps-dial,with_roads,drawing_circles_is_hard,67,219,29.3,1,1,2.333333,0
astar-jps-dial,with_roads,drawing_circles_is_hard,540,578,107.9,1,1,1.235294,0
astar-jps-dial,with_roads,drawing_circles_is_hard,1293,1548,70.0,1,1,1.235294,1
astar-jps-dial,with_roads,drawing_circles_is_hard,54,1446,203.2,1,1,1.750000,1
astar-jps-dial,with_roads,drawing_circles_is_hard,489,1858,178.2,1,1,1.060606,1
astar-jps-dial,with_roads,drawing_circles_is_hard,1687,1817,143.8,1,1,1.000000,1
astar-jps-dial,with_roads,drawing_circles_is_hard,1398,1076,83.1,1,1,1.375000,0
astar-jps-dial,with_roads,drawing_circles_is_hard,546,1160,234.8,1,1,1.152174,1
astar-jps-dial,with_roads,drawing_circles_is_hard,1517,696,165.9,1,1,1.023256,1
astar-jps-dial,with_roads,drawing_circles_is_hard,2095,2248,21.5,1,1,1.000000,1
astar-jps-dial,with_roads,drawing_circles_is_hard,13,1968,266.8,1,1,1.296703,1
astar-dial-cheb,no_roads,face,377,74,161.3,1,1,1.000000,1
astar-dial-cheb,no_roads,face,14,158,56.9,1,1,1.000000,1
astar-dial-cheb,no_roads,face,143,132,114.9,1,1,1.000000,1
astar-dial-cheb,no_roads,face,89,67,21.9,1,1,1.000000,1
astar-dial-cheb,no_roads,face,396,319,25.2,1,1,1.000000,1
astar-dial-cheb,no_roads,face,58,350,205.3,1,1,1.000000,1
astar-dial-cheb,no_roads,face,246,18,222.5,1,1,1.000000,1
astar-dial-cheb,no_roads,face,17,61,132.0,1,1,1.000000,1
astar-dial-cheb,no_roads,face,129,137,93.9,1,1,1.000000,1
astar-dial-cheb,no_roads,face,293,356,30.9,1,1,1.000000,1
astar-dial-cheb,no_roads,face,15,334,166.5,1,1,1.000000,1
astar-dial-cheb,no_roads,face,119,382,214.1,1,1,1.000000,1
astar-dial-cheb,no_roads,face,319,244,159.0,1,1,1.000000,1
astar-dial-cheb,no_roads,face,130,259,110.6,1,1,1.000000,1
astar-dial-cheb,no_roads,face,349,160,95.3,1,1,1.000000,1
astar-dial-cheb,no_roads,face,3,99,148.8,1,1,1.000000,1
astar-dial-cheb,no_roads,face,246,198,188.7,1,1,1.000000,1
astar-dial-cheb,no_roads,face,160,97,220.7,1,1,1.000000,1
astar-dial-cheb,no_roads,face,128,196,90.1,1,1,1.000000,1
astar-dial-cheb,no_roads,face,67,61,54.1,1,1,1.000000,1
astar-jps,no_roads,face,377,74,65.5,1,1,1.000000,1
astar-jps,no_roads,face,14,158,45.3,1,1,1.000000,1
astar-jps,no_roads,face,143,132,36.8,1,1,1.000000,1
astar-jps,no_roads,face,89,67,17.4,1,1,1.000000,1
astar-jps,no_roads,face,396,319,23.8,1,1,1.000000,1
astar-jps,no_roads,face,58,350,104.1,1,1,1.000000,1
astar-jps,no_roads,face,246,18,56.2,1,1,1.000000,1
astar-jps,no_roads,face,17,61,28.2,1,1,1.000000,1
astar-jps,no_roads,face,129,137,21.3,1,1,1.000000,1
astar-jps,no_roads,face,293,356,23.1,1,1,1.000000,1
astar-jps,no_roads,face,15,334,72.9,1,1,1.000000,1
astar-jps,no_roads,face,119,382,60.3,1,1,1.000000,1
astar-jps,no_roads,face,319,244,51.2,1,1,1.000000,1
astar-jps,no_roads,face,130,259,39.9,1,1,1.000000,1
astar-jps,no_roads,face,349,160,40.2,1,1,1.000000,1
astar-jps,no_roads,face,3,99,47.7,1,1,1.000000,1
astar-jps,no_roads,face,246,198,38.1,1,1,1.000000,1
astar-jps,no_roads,face,160,97,56.3,1,1,1.000000,1
astar-jps,no_roads,face,128,196,27.3,1,1,1.000000,1
astar-jps,no_roads,face,67,61,15.3,1,1,1.000000,1
astar-jps-dial,no_roads,face,377,74,61.4,1,1,1.000000,1
astar-jps-dial,no_roads,face,14,158,30.6,1,1,1.000000,1
astar-jps-dial,no_roads,face,143,132,30.4,1,1,1.000000,1
astar-jps-dial,no_roads,face,89,67,18.6,1,1,1.000000,1
astar-jps-dial,no_roads,face,396,319,21.6,1,1,1.000000,1
astar-jps-dial,no_roads,face,58,350,110.4,1,1,1.000000,1
astar-jps-dial,no_roads,face,246,18,57.3,1,1,1.000000,1
astar-jps-dial,no_roads,face,17,61,37.9,1,1,1.000000,1
astar-jps-dial,no_roads,face,129,137,18.7,1,1,1.000000,1
astar-jps-dial,no_roads,face,293,356,24.5,1,1,1.000000,1
astar-jps-dial,no_roads,face,15,334,64.4,1,1,1.000000,1
astar-jps-dial,no_roads,face,119,382,62.4,1,1,1.000000,1
astar-jps-dial,no_roads,face,319,244,116.1,1,1,1.000000,1
astar-jps-dial,no_roads,face,130,259,37.4,1,1,1.000000,1
astar-jps-dial,no_roads,face,349,160,40.2,1,1,1.000000,1
astar-jps-dial,no_roads,face,3,99,49.4,1,1,1.000000,1
astar-jps-dial,no_roads,face,246,198,51.8,1,1,1.000000,1
astar-jps-dial,no_roads,face,160,97,70.9,1,1,1.000000,1
astar-jps-dial,no_roads,face,128,196,28.8,1,1,1.000000,1
astar-jps-dial,no_roads,face,67,61,26.0,1,1,1.000000,1
astar-dial-cheb,with_roads,face,377,74,146.9,1,1,1.000000,1
astar-dial-cheb,with_roads,face,14,158,54.7,1,1,1.000000,1
astar-dial-cheb,with_roads,face,143,132,101.2,1,1,1.000000,1
astar-dial-cheb,with_roads,face,89,67,15.6,1,1,1.000000,1
astar-dial-cheb,with_roads,face,396,319,27.2,1,1,1.000000,1
astar-dial-cheb,with_roads,face,58,350,176.3,1,1,1.000000,1
astar-dial-cheb,with_roads,face,246,18,229.0,1,1,1.000000,1
astar-dial-cheb,with_roads,face,17,61,94.2,1,1,1.000000,1
astar-dial-cheb,with_roads,face,129,137,92.4,1,1,1.000000,1
astar-dial-cheb,with_roads,face,293,356,31.2,1,1,1.000000,1
astar-dial-cheb,with_roads,face,15,334,176.3,1,1,1.000000,1
astar-dial-cheb,with_roads,face,119,382,188.0,1,1,1.000000,1
astar-dial-cheb,with_roads,face,319,244,159.7,1,1,1.000000,1
astar-dial-cheb,with_roads,face,130,259,113.5,1,1,1.000000,1
astar-dial-cheb,with_roads,face,349,160,111.4,1,1,1.000000,1
astar-dial-cheb,with_roads,face,3,99,163.3,1,1,1.000000,1
astar-dial-cheb,with_roads,face,246,198,231.8,1,1,1.000000,1
astar-dial-cheb,with_roads,face,160,97,200.7,1,1,1.000000,1
astar-dial-cheb,with_roads,face,128,196,92.0,1,1,1.000000,1
astar-dial-cheb,with_roads,face,67,61,46.9,1,1,1.000000,1
astar-jps,with_roads,face,377,74,61.7,1,1,1.000000,1
astar-jps,with_roads,face,14,158,42.5,1,1,1.000000,1
astar-jps,with_roads,face,143,132,35.7,1,1,1.000000,1
astar-jps,with_roads,face,89,67,17.4,1,1,1.000000,1
astar-jps,with_roads,face,396,319,20.5,1,1,1.000000,1
astar-jps,with_roads,face,58,350,99.5,1,1,1.000000,1
astar-jps,with_roads,face,246,18,52.6,1,1,1.000000,1
astar-jps,with_roads,face,17,61,26.9,1,1,1.210526,1
astar-jps,with_roads,face,129,137,21.1,1,1,1.000000,1
astar-jps,with_roads,face,293,356,22.3,1,1,1.000000,1
astar-jps,with_roads,face,15,334,70.1,1,1,1.000000,1
astar-jps,with_roads,face,119,382,57.6,1,1,1.000000,1
astar-jps,with_roads,face,319,244,50.4,1,1,1.000000,1
astar-jps,with_roads,face,130,259,33.3,1,1,1.000000,1
astar-jps,with_roads,face,349,160,38.7,1,1,1.000000,1
astar-jps,with_roads,face,3,99,45.7,1,1,1.210526,0
astar-jps,with_roads,face,246,198,37.3,1,1,1.000000,1
astar-jps,with_roads,face,160,97,54.8,1,1,1.000000,1
astar-jps,with_roads,face,128,196,25.7,1,1,1.000000,1
astar-jps,with_roads,face,67,61,14.5,1,1,1.125000,0
astar-jps-dial,with_roads,face,377,74,57.0,1,1,1.000000,1
astar-jps-dial,with_roads,face,14,158,29.0,1,1,1.000000,1
astar-jps-dial,with_roads,face,143,132,29.5,1,1,1.000000,1
astar-jps-dial,with_roads,face,89,67,18.6,1,1,1.000000,1
astar-jps-dial,with_roads,face,396,319,19.8,1,1,1.000000,1
astar-jps-dial,with_roads,face,58,350,106.7,1,1,1.000000,1
astar-jps-dial,with_roads,face,246,18,55.8,1,1,1.000000,1
astar-jps-dial,with_roads,face,17,61,35.9,1,1,1.210526,1
astar-jps-dial,with_roads,face,129,137,18.8,1,1,1.000000,1
astar-jps-dial,with_roads,face,293,356,23.6,1,1,1.000000,1
astar-jps-dial,with_roads,face,15,334,58.5,1,1,1.000000,1
astar-jps-dial,with_roads,face,119,382,55.7,1,1,1.000000,1
astar-jps-dial,with_roads,face,319,244,103.5,1,1,1.000000,1
astar-jps-dial,with_roads,face,130,259,35.2,1,1,1.000000,1
astar-jps-dial,with_roads,face,349,160,38.9,1,1,1.000000,1
astar-jps-dial,with_roads,face,3,99,48.5,1,1,1.210526,0
astar-jps-dial,with_roads,face,246,198,50.3,1,1,1.000000,1
astar-jps-dial,with_roads,face,160,97,66.7,1,1,1.000000,1
astar-jps-dial,with_roads,face,128,196,27.9,1,1,1.000000,1
astar-jps-dial,with_roads,face,67,61,24.6,1,1,1.125000,0
astar-dial-cheb,no_roads,first_sound,210,25,47.9,1,1,1.000000,1
astar-dial-cheb,no_roads,first_sound,444,413,106.0,1,1,1.000000,1
astar-dial-cheb,no_roads,first_sound,388,271,74.1,1,1,1.000000,1
astar-dial-cheb,no_roads,first_sound,194,840,353.2,1,1,1.000000,1
astar-dial-cheb,no_roads,first_sound,166,674,293.1,1,1,1.000000,1
astar-dial-cheb,no_roads,first_sound,37,35,17.1,1,1,1.000000,1
astar-dial-cheb,no_roads,first_sound,177,382,84.1,1,1,1.000000,1
astar-dial-cheb,no_roads,first_sound,399,795,345.1,1,1,1.000000,1
astar-dial-cheb,no_roads,first_sound,27,856,449.1,1,1,1.000000,1
astar-dial-cheb,no_roads,first_sound,360,840,287.1,1,1,1.000000,1
astar-dial-cheb,no_roads,first_sound,671,384,153.1,1,1,1.000000,1
astar-dial-cheb,no_roads,first_sound,711,447,194.5,1,1,1.000000,1
astar-dial-cheb,no_roads,first_sound,6,299,74.4,1,1,1.000000,1
astar-dial-cheb,no_roads,first_sound,674,568,44.5,1,1,1.000000,1
astar-dial-cheb,no_roads,first_sound,447,295,61.7,1,1,1.000000,1
astar-dial-cheb,no_roads,first_sound,379,564,267.6,1,1,1.000000,1
astar-dial-cheb,no_roads,first_sound,194,174,11.0,1,1,1.000000,1
astar-dial-cheb,no_roads,first_sound,623,183,278.9,1,1,1.000000,1
astar-dial-cheb,no_roads,first_sound,596,575,9.8,1,1,1.000000,1
astar-dial-cheb,no_roads,first_sound,433,58,230.1,1,1,1.000000,1
astar-jps,no_roads,first_sound,210,25,31.5,1,1,1.000000,1
astar-jps,no_roads,first_sound,444,413,47.7,1,1,1.000000,1
astar-jps,no_roads,first_sound,388,271,37.9,1,1,1.000000,1
astar-jps,no_roads,first_sound,194,840,106.6,1,1,1.000000,1
astar-jps,no_roads,first_sound,166,674,92.2,1,1,1.000000,1
astar-jps,no_roads,first_sound,37,35,20.6,1,1,1.000000,1
astar-jps,no_roads,first_sound,177,382,43.9,1,1,1.000000,1
astar-jps,no_roads,first_sound,399,795,123.5,1,1,1.000000,1
astar-jps,no_roads,first_sound,27,856,153.2,1,1,1.000000,1
astar-jps,no_roads,first_sound,360,840,77.6,1,1,1.000000,1
astar-jps,no_roads,first_sound,671,384,56.4,1,1,1.000000,1
astar-jps,no_roads,first_sound,711,447,80.5,1,1,1.000000,1
astar-jps,no_roads,first_sound,6,299,51.4,1,1,1.000000,1
astar-jps,no_roads,first_sound,674,568,42.6,1,1,1.000000,1
astar-jps,no_roads,first_sound,447,295,29.1,1,1,1.000000,1
astar-jps,no_roads,first_sound,379,564,91.8,1,1,1.000000,1
astar-jps,no_roads,first_sound,194,174,14.5,1,1,1.000000,1
astar-jps,no_roads,first_sound,623,183,51.7,1,1,1.000000,1
astar-jps,no_roads,first_sound,596,575,9.9,1,1,1.000000,1
astar-jps,no_roads,first_sound,433,58,57.1,1,1,1.000000,1
astar-jps-dial,no_roads,first_sound,210,25,28.7,1,1,1.000000,1
astar-jps-dial,no_roads,first_sound,444,413,51.0,1,1,1.000000,1
astar-jps-dial,no_roads,first_sound,388,271,36.0,1,1,1.000000,1
astar-jps-dial,no_roads,first_sound,194,840,56.2,1,1,1.000000,1
astar-jps-dial,no_roads,first_sound,166,674,88.6,1,1,1.000000,1
astar-jps-dial,no_roads,first_sound,37,35,19.7,1,1,1.000000,1
astar-jps-dial,no_roads,first_sound,177,382,30.1,1,1,1.000000,1
astar-jps-dial,no_roads,first_sound,399,795,114.7,1,1,1.000000,1
astar-jps-dial,no_roads,first_sound,27,856,142.8,1,1,1.000000,1
astar-jps-dial,no_roads,first_sound,360,840,55.3,1,1,1.000000,1
astar-jps-dial,no_roads,first_sound,671,384,74.8,1,1,1.000000,1
astar-jps-dial,no_roads,first_sound,711,447,72.6,1,1,1.000000,1
astar-jps-dial,no_roads,first_sound,6,299,52.9,1,1,1.000000,1
astar-jps-dial,no_roads,first_sound,674,568,32.7,1,1,1.000000,1
astar-jps-dial,no_roads,first_sound,447,295,32.0,1,1,1.000000,1
astar-jps-dial,no_roads,first_sound,379,564,106.4,1,1,1.000000,1
astar-jps-dial,no_roads,first_sound,194,174,21.7,1,1,1.000000,1
astar-jps-dial,no_roads,first_sound,623,183,63.0,1,1,1.000000,1
astar-jps-dial,no_roads,first_sound,596,575,12.0,1,1,1.000000,1
astar-jps-dial,no_roads,first_sound,433,58,58.5,1,1,1.000000,1
astar-dial-cheb,with_roads,first_sound,210,25,49.4,1,1,1.000000,1
astar-dial-cheb,with_roads,first_sound,444,413,98.3,1,1,1.000000,1
astar-dial-cheb,with_roads,first_sound,388,271,71.7,1,1,1.000000,1
astar-dial-cheb,with_roads,first_sound,194,840,329.5,1,1,1.000000,1
astar-dial-cheb,with_roads,first_sound,166,674,264.6,1,1,1.000000,1
astar-dial-cheb,with_roads,first_sound,37,35,15.6,1,1,1.000000,1
astar-dial-cheb,with_roads,first_sound,177,382,72.8,1,1,1.000000,1
astar-dial-cheb,with_roads,first_sound,399,795,323.4,1,1,1.000000,1
astar-dial-cheb,with_roads,first_sound,27,856,400.6,1,1,1.000000,1
astar-dial-cheb,with_roads,first_sound,360,840,254.6,1,1,1.000000,1
astar-dial-cheb,with_roads,first_sound,671,384,141.8,1,1,1.000000,1
astar-dial-cheb,with_roads,first_sound,711,447,187.4,1,1,1.000000,1
astar-dial-cheb,with_roads,first_sound,6,299,85.5,1,1,1.000000,1
astar-dial-cheb,with_roads,first_sound,674,568,41.7,1,1,1.000000,1
astar-dial-cheb,with_roads,first_sound,447,295,57.3,1,1,1.000000,1
astar-dial-cheb,with_roads,first_sound,379,564,242.2,1,1,1.000000,1
astar-dial-cheb,with_roads,first_sound,194,174,9.8,1,1,1.000000,1
astar-dial-cheb,with_roads,first_sound,623,183,297.1,1,1,1.000000,1
astar-dial-cheb,with_roads,first_sound,596,575,9.4,1,1,1.000000,1
astar-dial-cheb,with_roads,first_sound,433,58,216.8,1,1,1.000000,1
astar-jps,with_roads,first_sound,210,25,29.9,1,1,1.000000,1
astar-jps,with_roads,first_sound,444,413,47.7,1,1,1.000000,1
astar-jps,with_roads,first_sound,388,271,34.0,1,1,1.000000,1
astar-jps,with_roads,first_sound,194,840,85.1,1,1,1.000000,1
astar-jps,with_roads,first_sound,166,674,81.0,1,1,1.000000,1
astar-jps,with_roads,first_sound,37,35,19.2,1,1,1.000000,1
astar-jps,with_roads,first_sound,177,382,40.0,1,1,1.000000,1
astar-jps,with_roads,first_sound,399,795,110.9,1,1,1.000000,1
astar-jps,with_roads,first_sound,27,856,149.5,1,1,1.015748,0
astar-jps,with_roads,first_sound,360,840,103.8,1,1,1.000000,1
astar-jps,with_roads,first_sound,671,384,63.5,1,1,1.000000,1
astar-jps,with_roads,first_sound,711,447,72.4,1,1,1.000000,1
astar-jps,with_roads,first_sound,6,299,46.1,1,1,1.040816,0
astar-jps,with_roads,first_sound,674,568,32.6,1,1,1.000000,1
astar-jps,with_roads,first_sound,447,295,25.4,1,1,1.000000,1
astar-jps,with_roads,first_sound,379,564,81.5,1,1,1.000000,1
astar-jps,with_roads,first_sound,194,174,14.4,1,1,1.000000,1
astar-jps,with_roads,first_sound,623,183,49.6,1,1,1.000000,1
astar-jps,with_roads,first_sound,596,575,9.5,1,1,1.000000,1
astar-jps,with_roads,first_sound,433,58,51.6,1,1,1.000000,1
astar-jps-dial,with_roads,first_sound,210,25,25.8,1,1,1.000000,1
astar-jps-dial,with_roads,first_sound,444,413,47.7,1,1,1.000000,1
astar-jps-dial,with_roads,first_sound,388,271,33.7,1,1,1.000000,1
astar-jps-dial,with_roads,first_sound,194,840,50.6,1,1,1.000000,1
astar-jps-dial,with_roads,first_sound,166,674,82.4,1,1,1.000000,1
astar-jps-dial,with_roads,first_sound,37,35,18.1,1,1,1.000000,1
astar-jps-dial,with_roads,first_sound,177,382,31.8,1,1,1.000000,1
astar-jps-dial,with_roads,first_sound,399,795,111.7,1,1,1.000000,1
astar-jps-dial,with_roads,first_sound,27,856,124.9,1,1,1.015748,0
astar-jps-dial,with_roads,first_sound,360,840,41.7,1,1,1.000000,1
astar-jps-dial,with_roads,first_sound,671,384,49.8,1,1,1.000000,1
astar-jps-dial,with_roads,first_sound,711,447,69.3,1,1,1.000000,1
astar-jps-dial,with_roads,first_sound,6,299,48.2,1,1,1.040816,0
astar-jps-dial,with_roads,first_sound,674,568,30.2,1,1,1.000000,1
astar-jps-dial,with_roads,first_sound,447,295,31.1,1,1,1.000000,1
astar-jps-dial,with_roads,first_sound,379,564,77.9,1,1,1.000000,1
astar-jps-dial,with_roads,first_sound,194,174,15.6,1,1,1.000000,1
astar-jps-dial,with_roads,first_sound,623,183,58.6,1,1,1.000000,1
astar-jps-dial,with_roads,first_sound,596,575,12.3,1,1,1.000000,1
astar-jps-dial,with_roads,first_sound,433,58,56.7,1,1,1.000000,1
astar-dial-cheb,no_roads,flappy_bird,196,44,280.7,0,,,
astar-dial-cheb,no_roads,flappy_bird,436,382,26.6,0,,,
astar-dial-cheb,no_roads,flappy_bird,346,238,115.5,1,1,1.000000,1
astar-dial-cheb,no_roads,flappy_bird,182,159,16.6,0,,,
astar-dial-cheb,no_roads,flappy_bird,654,57,282.9,0,,,
astar-dial-cheb,no_roads,flappy_bird,54,165,115.4,1,1,1.000000,1
astar-dial-cheb,no_roads,flappy_bird,333,363,289.6,0,,,
astar-dial-cheb,no_roads,flappy_bird,48,305,172.8,1,1,1.000000,1
astar-dial-cheb,no_roads,flappy_bird,651,339,85.4,1,1,1.000000,1
astar-dial-cheb,no_roads,flappy_bird,696,440,27.1,0,,,
astar-dial-cheb,no_roads,flappy_bird,10,261,27.7,0,,,
astar-dial-cheb,no_roads,flappy_bird,654,537,307.0,0,,,
astar-dial-cheb,no_roads,flappy_bird,440,257,141.4,1,1,1.000000,1
astar-dial-cheb,no_roads,flappy_bird,328,532,55.5,1,1,1.000000,1
astar-dial-cheb,no_roads,flappy_bird,182,164,17.5,0,,,
astar-dial-cheb,no_roads,flappy_bird,596,170,25.9,0,,,
astar-dial-cheb,no_roads,flappy_bird,564,546,27.7,0,,,
astar-dial-cheb,no_roads,flappy_bird,414,80,121.5,1,1,1.000000,1
astar-dial-cheb,no_roads,flappy_bird,718,210,293.3,0,,,
astar-dial-cheb,no_roads,flappy_bird,592,143,326.2,0,,,
astar-jps,no_roads,flappy_bird,196,44,153.8,0,,,
astar-jps,no_roads,flappy_bird,436,382,13.8,0,,,
astar-jps,no_roads,flappy_bird,346,238,63.4,1,1,1.000000,1
astar-jps,no_roads,flappy_bird,182,159,10.5,0,,,
astar-jps,no_roads,flappy_bird,654,57,119.2,0,,,
astar-jps,no_roads,flappy_bird,54,165,67.5,1,1,1.000000,1
astar-jps,no_roads,flappy_bird,333,363,123.3,0,,,
astar-jps,no_roads,flappy_bird,48,305,84.3,1,1,1.000000,1
astar-jps,no_roads,flappy_bird,651,339,54.2,1,1,1.000000,1
astar-jps,no_roads,flappy_bird,696,440,12.4,0,,,
astar-jps,no_roads,flappy_bird,10,261,12.2,0,,,
astar-jps,no_roads,flappy_bird,654,537,119.0,0,,,
astar-jps,no_roads,flappy_bird,440,257,71.9,1,1,1.000000,1
astar-jps,no_roads,flappy_bird,328,532,41.8,1,1,1.000000,1
astar-jps,no_roads,flappy_bird,182,164,10.2,0,,,
astar-jps,no_roads,flappy_bird,596,170,11.4,0,,,
astar-jps,no_roads,flappy_bird,564,546,10.9,0,,,
astar-jps,no_roads,flappy_bird,414,80,48.7,1,1,1.000000,1
astar-jps,no_roads,flappy_bird,718,210,129.3,0,,,
astar-jps,no_roads,flappy_bird,592,143,122.5,0,,,
astar-jps-dial,no_roads,flappy_bird,196,44,138.9,0,,,
astar-jps-dial,no_roads,flappy_bird,436,382,21.6,0,,,
astar-jps-dial,no_roads,flappy_bird,346,238,67.6,1,1,1.000000,1
astar-jps-dial,no_roads,flappy_bird,182,159,20.1,0,,,
astar-jps-dial,no_roads,flappy_bird,654,57,128.3,0,,,
astar-jps-dial,no_roads,flappy_bird,54,165,73.5,1,1,1.000000,1
astar-jps-dial,no_roads,flappy_bird,333,363,137.7,0,,,
astar-jps-dial,no_roads,flappy_bird,48,305,87.1,1,1,1.000000,1
astar-jps-dial,no_roads,flappy_bird,651,339,55.7,1,1,1.000000,1
astar-jps-dial,no_roads,flappy_bird,696,440,22.3,0,,,
astar-jps-dial,no_roads,flappy_bird,10,261,22.3,0,,,
astar-jps-dial,no_roads,flappy_bird,654,537,133.5,0,,,
astar-jps-dial,no_roads,flappy_bird,440,257,76.0,1,1,1.000000,1
astar-jps-dial,no_roads,flappy_bird,328,532,45.1,1,1,1.000000,1
astar-jps-dial,no_roads,flappy_bird,182,164,20.9,0,,,
astar-jps-dial,no_roads,flappy_bird,596,170,22.1,0,,,
astar-jps-dial,no_roads,flappy_bird,564,546,20.5,0,,,
astar-jps-dial,no_roads,flappy_bird,414,80,52.1,1,1,1.000000,1
astar-jps-dial,no_roads,flappy_bird,718,210,140.2,0,,,
astar-jps-dial,no_roads,flappy_bird,592,143,136.2,0,,,
astar-dial-cheb,with_roads,flappy_bird,196,44,248.2,0,,,
astar-dial-cheb,with_roads,flappy_bird,436,382,27.9,0,,,
astar-dial-cheb,with_roads,flappy_bird,346,238,99.3,1,1,1.000000,1
astar-dial-cheb,with_roads,flappy_bird,182,159,15.0,0,,,
astar-dial-cheb,with_roads,flappy_bird,654,57,238.6,0,,,
astar-dial-cheb,with_roads,flappy_bird,54,165,46.1,1,1,1.000000,1
astar-dial-cheb,with_roads,flappy_bird,333,363,237.9,0,,,
astar-dial-cheb,with_roads,flappy_bird,48,305,85.9,1,1,1.000000,1
astar-dial-cheb,with_roads,flappy_bird,651,339,62.8,1,1,1.000000,1
astar-dial-cheb,with_roads,flappy_bird,696,440,23.2,0,,,
astar-dial-cheb,with_roads,flappy_bird,10,261,23.1,0,,,
astar-dial-cheb,with_roads,flappy_bird,654,537,252.8,0,,,
astar-dial-cheb,with_roads,flappy_bird,440,257,65.8,1,1,1.000000,1
astar-dial-cheb,with_roads,flappy_bird,328,532,25.2,1,1,1.000000,1
astar-dial-cheb,with_roads,flappy_bird,182,164,13.3,0,,,
astar-dial-cheb,with_roads,flappy_bird,596,170,20.6,0,,,
astar-dial-cheb,with_roads,flappy_bird,564,546,20.9,0,,,
astar-dial-cheb,with_roads,flappy_bird,414,80,26.8,1,1,1.000000,1
astar-dial-cheb,with_roads,flappy_bird,718,210,233.4,0,,,
astar-dial-cheb,with_roads,flappy_bird,592,143,242.0,0,,,
astar-jps,with_roads,flappy_bird,196,44,118.3,0,,,
astar-jps,with_roads,flappy_bird,436,382,10.3,0,,,
astar-jps,with_roads,flappy_bird,346,238,49.2,1,1,1.000000,1
astar-jps,with_roads,flappy_bird,182,159,8.0,0,,,
astar-jps,with_roads,flappy_bird,654,57,88.6,0,,,
astar-jps,with_roads,flappy_bird,54,165,49.2,1,1,1.478261,0
astar-jps,with_roads,flappy_bird,333,363,87.6,0,,,
astar-jps,with_roads,flappy_bird,48,305,61.2,1,1,2.031250,0
astar-jps,with_roads,flappy_bird,651,339,37.9,1,1,1.347826,1
astar-jps,with_roads,flappy_bird,696,440,8.9,0,,,
astar-jps,with_roads,flappy_bird,10,261,9.0,0,,,
astar-jps,with_roads,flappy_bird,654,537,85.7,0,,,
astar-jps,with_roads,flappy_bird,440,257,51.6,1,1,1.187500,1
astar-jps,with_roads,flappy_bird,328,532,29.7,1,1,1.545455,1
astar-jps,with_roads,flappy_bird,182,164,7.3,0,,,
astar-jps,with_roads,flappy_bird,596,170,8.5,0,,,
astar-jps,with_roads,flappy_bird,564,546,7.6,0,,,
astar-jps,with_roads,flappy_bird,414,80,35.5,1,1,1.000000,1
astar-jps,with_roads,flappy_bird,718,210,91.1,0,,,
astar-jps,with_roads,flappy_bird,592,143,88.7,0,,,
astar-jps-dial,with_roads,flappy_bird,196,44,123.9,0,,,
astar-jps-dial,with_roads,flappy_bird,436,382,16.7,0,,,
astar-jps-dial,with_roads,flappy_bird,346,238,46.8,1,1,1.000000,1
astar-jps-dial,with_roads,flappy_bird,182,159,14.7,0,,,
astar-jps-dial,with_roads,flappy_bird,654,57,93.6,0,,,
astar-jps-dial,with_roads,flappy_bird,54,165,49.2,1,1,1.478261,0
astar-jps-dial,with_roads,flappy_bird,333,363,94.9,0,,,
astar-jps-dial,with_roads,flappy_bird,48,305,60.0,1,1,2.031250,0
astar-jps-dial,with_roads,flappy_bird,651,339,38.7,1,1,1.347826,1
astar-jps-dial,with_roads,flappy_bird,696,440,15.9,0,,,
astar-jps-dial,with_roads,flappy_bird,10,261,15.3,0,,,
astar-jps-dial,with_roads,flappy_bird,654,537,93.7,0,,,
astar-jps-dial,with_roads,flappy_bird,440,257,52.5,1,1,1.187500,1
astar-jps-dial,with_roads,flappy_bird,328,532,31.7,1,1,1.545455,1
astar-jps-dial,with_roads,flappy_bird,182,164,13.9,0,,,
astar-jps-dial,with_roads,flappy_bird,596,170,14.9,0,,,
astar-jps-dial,with_roads,flappy_bird,564,546,13.9,0,,,
astar-jps-dial,with_roads,flappy_bird,414,80,36.7,1,1,1.000000,1
astar-jps-dial,with_roads,flappy_bird,718,210,101.2,0,,,
astar-jps-dial,with_roads,flappy_bird,592,143,93.3,0,,,
astar-dial-cheb,no_roads,flowers,1729,296,755.6,1,1,1.000000,1
astar-dial-cheb,no_roads,flowers,52,746,538.3,1,1,1.000000,1
astar-dial-cheb,no_roads,flowers,678,631,40.1,1,1,1.000000,1
astar-dial-cheb,no_roads,flowers,377,262,642.9,1,1,1.000000,1
astar-dial-cheb,no_roads,flowers,1810,1450,329.5,1,1,1.000000,1
astar-dial-cheb,no_roads,flowers,216,1582,1099.5,1,1,1.000000,1
astar-dial-cheb,no_roads,flowers,1107,67,541.4,1,1,1.000000,1
astar-dial-cheb,no_roads,flowers,63,230,34.4,1,1,1.000000,1
astar-dial-cheb,no_roads,flowers,618,653,80.0,1,1,1.000000,1
astar-dial-cheb,no_roads,flowers,1327,1619,85.6,1,1,1.000000,1
astar-dial-cheb,no_roads,flowers,56,1495,1067.7,1,1,1.000000,1
astar-dial-cheb,no_roads,flowers,567,1754,827.6,1,1,1.000000,1
astar-dial-cheb,no_roads,flowers,1450,1102,525.6,1,1,1.000000,1
astar-dial-cheb,no_roads,flowers,622,1168,271.4,1,1,1.000000,1
astar-dial-cheb,no_roads,flowers,1578,752,450.0,1,1,1.000000,1
astar-dial-cheb,no_roads,flowers,14,430,155.0,1,1,1.000000,1
astar-dial-cheb,no_roads,flowers,1108,907,556.5,1,1,1.000000,1
astar-dial-cheb,no_roads,flowers,752,422,244.7,1,1,1.000000,1
astar-dial-cheb,no_roads,flowers,611,900,572.2,1,1,1.000000,1
astar-dial-cheb,no_roads,flowers,262,228,123.7,1,1,1.000000,1
astar-jps,no_roads,flowers,1729,296,161.3,1,1,1.000000,1
astar-jps,no_roads,flowers,52,746,165.4,1,1,1.000000,1
astar-jps,no_roads,flowers,678,631,45.3,1,1,1.000000,1
astar-jps,no_roads,flowers,377,262,88.5,1,1,1.000000,1
astar-jps,no_roads,flowers,1810,1450,74.5,1,1,1.000000,1
astar-jps,no_roads,flowers,216,1582,374.9,1,1,1.000000,1
astar-jps,no_roads,flowers,1107,67,196.9,1,1,1.000000,1
astar-jps,no_roads,flowers,63,230,35.3,1,1,1.000000,1
astar-jps,no_roads,flowers,618,653,36.8,1,1,1.000000,1
astar-jps,no_roads,flowers,1327,1619,43.8,1,1,1.000000,1
astar-jps,no_roads,flowers,56,1495,352.8,1,1,1.000000,1
astar-jps,no_roads,flowers,567,1754,264.5,1,1,1.000000,1
astar-jps,no_roads,flowers,1450,1102,163.2,1,1,1.000000,1
astar-jps,no_roads,flowers,622,1168,91.3,1,1,1.000000,1
astar-jps,no_roads,flowers,1578,752,160.5,1,1,1.000000,1
astar-jps,no_roads,flowers,14,430,46.5,1,1,1.000000,1
astar-jps,no_roads,flowers,1108,907,111.8,1,1,1.000000,1
astar-jps,no_roads,flowers,752,422,87.2,1,1,1.000000,1
astar-jps,no_roads,flowers,611,900,137.5,1,1,1.000000,1
astar-jps,no_roads,flowers,262,228,44.0,1,1,1.000000,1
astar-jps-dial,no_roads,flowers,1729,296,153.9,1,1,1.000000,1
astar-jps-dial,no_roads,flowers,52,746,156.0,1,1,1.000000,1
astar-jps-dial,no_roads,flowers,678,631,45.9,1,1,1.000000,1
astar-jps-dial,no_roads,flowers,377,262,159.1,1,1,1.000000,1
astar-jps-dial,no_roads,flowers,1810,1450,87.7,1,1,1.000000,1
astar-jps-dial,no_roads,flowers,216,1582,346.9,1,1,1.000000,1
astar-jps-dial,no_roads,flowers,1107,67,210.1,1,1,1.000000,1
astar-jps-dial,no_roads,flowers,63,230,36.7,1,1,1.000000,1
astar-jps-dial,no_roads,flowers,618,653,38.5,1,1,1.000000,1
astar-jps-dial,no_roads,flowers,1327,1619,47.3,1,1,1.000000,1
astar-jps-dial,no_roads,flowers,56,1495,355.4,1,1,1.000000,1
astar-jps-dial,no_roads,flowers,567,1754,262.9,1,1,1.000000,1
astar-jps-dial,no_roads,flowers,1450,1102,193.1,1,1,1.000000,1
astar-jps-dial,no_roads,flowers,622,1168,90.6,1,1,1.000000,1
astar-jps-dial,no_roads,flowers,1578,752,150.7,1,1,1.000000,1
astar-jps-dial,no_roads,flowers,14,430,48.8,1,1,1.000000,1
astar-jps-dial,no_roads,flowers,1108,907,114.3,1,1,1.000000,1
astar-jps-dial,no_roads,flowers,752,422,80.8,1,1,1.000000,1
astar-jps-dial,no_roads,flowers,611,900,136.3,1,1,1.000000,1
astar-jps-dial,no_roads,flowers,262,228,59.5,1,1,1.000000,1
astar-dial-cheb,with_roads,flowers,1729,296,386.4,1,1,1.000000,1
astar-dial-cheb,with_roads,flowers,52,746,428.8,1,1,1.000000,1
astar-dial-cheb,with_roads,flowers,678,631,21.7,1,1,1.000000,1
astar-dial-cheb,with_roads,flowers,377,262,310.5,1,1,1.000000,1
astar-dial-cheb,with_roads,flowers,1810,1450,63.6,1,1,1.000000,1
astar-dial-cheb,with_roads,flowers,216,1582,805.8,1,1,1.000000,1
astar-dial-cheb,with_roads,flowers,1107,67,243.3,1,1,1.000000,1
astar-dial-cheb,with_roads,flowers,63,230,50.5,1,1,1.000000,1
astar-dial-cheb,with_roads,flowers,618,653,74.4,1,1,1.000000,1
astar-dial-cheb,with_roads,flowers,1327,1619,56.8,1,1,1.000000,1
astar-dial-cheb,with_roads,flowers,56,1495,795.1,1,1,1.000000,1
astar-dial-cheb,with_roads,flowers,567,1754,742.0,1,1,1.000000,1
astar-dial-cheb,with_roads,flowers,1450,1102,405.3,1,1,1.000000,1
astar-dial-cheb,with_roads,flowers,622,1168,124.8,1,1,1.000000,1
astar-dial-cheb,with_roads,flowers,1578,752,230.5,1,1,1.000000,1
astar-dial-cheb,with_roads,flowers,14,430,180.8,1,1,1.000000,1
astar-dial-cheb,with_roads,flowers,1108,907,753.9,1,1,1.000000,1
astar-dial-cheb,with_roads,flowers,752,422,71.0,1,1,1.000000,1
astar-dial-cheb,with_roads,flowers,611,900,533.1,1,1,1.000000,1
astar-dial-cheb,with_roads,flowers,262,228,90.4,1,1,1.000000,1
astar-jps,with_roads,flowers,1729,296,142.2,1,1,1.440000,0
astar-jps,with_roads,flowers,52,746,156.0,1,1,1.966667,1
astar-jps,with_roads,flowers,678,631,41.3,1,1,1.000000,1
astar-jps,with_roads,flowers,377,262,83.5,1,1,1.840909,0
astar-jps,with_roads,flowers,1810,1450,73.1,1,1,1.342857,1
astar-jps,with_roads,flowers,216,1582,349.5,1,1,1.915888,1
astar-jps,with_roads,flowers,1107,67,196.5,1,1,1.812500,0
astar-jps,with_roads,flowers,63,230,33.4,1,1,1.000000,1
astar-jps,with_roads,flowers,618,653,35.7,1,1,1.000000,1
astar-jps,with_roads,flowers,1327,1619,42.0,1,1,1.210526,1
astar-jps,with_roads,flowers,56,1495,330.4,1,1,2.047619,0
astar-jps,with_roads,flowers,567,1754,272.5,1,1,1.347826,0
astar-jps,with_roads,flowers,1450,1102,156.5,1,1,2.111111,0
astar-jps,with_roads,flowers,622,1168,81.9,1,1,1.357143,0
astar-jps,with_roads,flowers,1578,752,154.4,1,1,1.913043,0
astar-jps,with_roads,flowers,14,430,47.8,1,1,1.000000,1
astar-jps,with_roads,flowers,1108,907,107.1,1,1,1.065789,1
astar-jps,with_roads,flowers,752,422,75.2,1,1,1.526316,0
astar-jps,with_roads,flowers,611,900,126.4,1,1,1.062500,1
astar-jps,with_roads,flowers,262,228,40.8,1,1,1.000000,1
astar-jps-dial,with_roads,flowers,1729,296,144.0,1,1,1.440000,0
astar-jps-dial,with_roads,flowers,52,746,157.4,1,1,1.966667,1
astar-jps-dial,with_roads,flowers,678,631,42.6,1,1,1.000000,1
astar-jps-dial,with_roads,flowers,377,262,145.2,1,1,1.840909,0
astar-jps-dial,with_roads,flowers,1810,1450,70.0,1,1,1.342857,1
astar-jps-dial,with_roads,flowers,216,1582,331.6,1,1,1.915888,1
astar-jps-dial,with_roads,flowers,1107,67,205.8,1,1,1.812500,0
astar-jps-dial,with_roads,flowers,63,230,34.3,1,1,1.000000,1
astar-jps-dial,with_roads,flowers,618,653,33.3,1,1,1.000000,1
astar-jps-dial,with_roads,flowers,1327,1619,41.5,1,1,1.210526,1
astar-jps-dial,with_roads,flowers,56,1495,342.5,1,1,2.047619,0
astar-jps-dial,with_roads,flowers,567,1754,285.6,1,1,1.347826,0
astar-jps-dial,with_roads,flowers,1450,1102,182.6,1,1,2.111111,0
astar-jps-dial,with_roads,flowers,622,1168,82.3,1,1,1.357143,0
astar-jps-dial,with_roads,flowers,1578,752,157.2,1,1,1.913043,0
astar-jps-dial,with_roads,flowers,14,430,51.9,1,1,1.000000,1
astar-jps-dial,with_roads,flowers,1108,907,120.5,1,1,1.065789,1
astar-jps-dial,with_roads,flowers,752,422,75.7,1,1,1.526316,0
astar-jps-dial,with_roads,flowers,611,900,124.8,1,1,1.062500,1
astar-jps-dial,with_roads,flowers,262,228,56.4,1,1,1.000000,1
astar-dial-cheb,no_roads,galaxy,1467,235,727.1,1,1,1.000000,1
astar-dial-cheb,no_roads,galaxy,51,612,229.3,1,1,1.000000,1
astar-dial-cheb,no_roads,galaxy,540,486,239.5,1,1,1.000000,1
astar-dial-cheb,no_roads,galaxy,297,213,150.8,1,1,1.000000,1
astar-dial-cheb,no_roads,galaxy,1543,1259,86.1,1,1,1.000000,1
astar-dial-cheb,no_roads,galaxy,180,1360,803.2,1,1,1.000000,1
astar-dial-cheb,no_roads,galaxy,972,65,684.4,1,1,1.000000,1
astar-dial-cheb,no_roads,galaxy,61,194,191.1,1,1,1.000000,1
astar-dial-cheb,no_roads,galaxy,476,512,48.4,1,1,1.000000,1
astar-dial-cheb,no_roads,galaxy,1173,1386,301.2,1,1,1.000000,1
astar-dial-cheb,no_roads,galaxy,54,1294,897.7,1,1,1.000000,1
astar-dial-cheb,no_roads,galaxy,426,1488,952.9,1,1,1.000000,1
astar-dial-cheb,no_roads,galaxy,1594,1259,272.0,1,1,1.000000,1
astar-dial-cheb,no_roads,galaxy,965,480,201.9,1,1,1.000000,1
astar-dial-cheb,no_roads,galaxy,1036,1357,119.3,1,1,1.000000,1
astar-dial-cheb,no_roads,galaxy,619,13,503.0,1,1,1.000000,1
astar-dial-cheb,no_roads,galaxy,341,1587,1296.4,1,1,1.000000,1
astar-dial-cheb,no_roads,galaxy,973,767,69.5,1,1,1.000000,1
astar-dial-cheb,no_roads,galaxy,619,331,148.9,1,1,1.000000,1
astar-dial-cheb,no_roads,galaxy,469,759,208.6,1,1,1.000000,1
astar-jps,no_roads,galaxy,1467,235,173.8,1,1,1.000000,1
astar-jps,no_roads,galaxy,51,612,120.4,1,1,1.000000,1
astar-jps,no_roads,galaxy,540,486,92.9,1,1,1.000000,1
astar-jps,no_roads,galaxy,297,213,88.2,1,1,1.000000,1
astar-jps,no_roads,galaxy,1543,1259,62.8,1,1,1.000000,1
astar-jps,no_roads,galaxy,180,1360,220.4,1,1,1.000000,1
astar-jps,no_roads,galaxy,972,65,114.6,1,1,1.000000,1
astar-jps,no_roads,galaxy,61,194,61.1,1,1,1.000000,1
astar-jps,no_roads,galaxy,476,512,42.6,1,1,1.000000,1
astar-jps,no_roads,galaxy,1173,1386,127.5,1,1,1.000000,1
astar-jps,no_roads,galaxy,54,1294,401.5,1,1,1.000000,1
astar-jps,no_roads,galaxy,426,1488,287.1,1,1,1.000000,1
astar-jps,no_roads,galaxy,1594,1259,100.8,1,1,1.000000,1
astar-jps,no_roads,galaxy,965,480,74.9,1,1,1.000000,1
astar-jps,no_roads,galaxy,1036,1357,46.1,1,1,1.000000,1
astar-jps,no_roads,galaxy,619,13,127.1,1,1,1.000000,1
astar-jps,no_roads,galaxy,341,1587,289.9,1,1,1.000000,1
astar-jps,no_roads,galaxy,973,767,45.3,1,1,1.000000,1
astar-jps,no_roads,galaxy,619,331,55.6,1,1,1.000000,1
astar-jps,no_roads,galaxy,469,759,62.1,1,1,1.000000,1
astar-jps-dial,no_roads,galaxy,1467,235,247.6,1,1,1.000000,1
astar-jps-dial,no_roads,galaxy,51,612,96.4,1,1,1.000000,1
astar-jps-dial,no_roads,galaxy,540,486,137.6,1,1,1.000000,1
astar-jps-dial,no_roads,galaxy,297,213,117.7,1,1,1.000000,1
astar-jps-dial,no_roads,galaxy,1543,1259,80.7,1,1,1.000000,1
astar-jps-dial,no_roads,galaxy,180,1360,213.6,1,1,1.000000,1
astar-jps-dial,no_roads,galaxy,972,65,195.9,1,1,1.000000,1
astar-jps-dial,no_roads,galaxy,61,194,83.0,1,1,1.000000,1
astar-jps-dial,no_roads,galaxy,476,512,43.5,1,1,1.000000,1
astar-jps-dial,no_roads,galaxy,1173,1386,138.1,1,1,1.000000,1
astar-jps-dial,no_roads,galaxy,54,1294,426.9,1,1,1.000000,1
astar-jps-dial,no_roads,galaxy,426,1488,251.3,1,1,1.000000,1
astar-jps-dial,no_roads,galaxy,1594,1259,108.8,1,1,1.000000,1
astar-jps-dial,no_roads,galaxy,965,480,118.8,1,1,1.000000,1
astar-jps-dial,no_roads,galaxy,1036,1357,47.2,1,1,1.000000,1
astar-jps-dial,no_roads,galaxy,619,13,149.3,1,1,1.000000,1
astar-jps-dial,no_roads,galaxy,341,1587,302.8,1,1,1.000000,1
astar-jps-dial,no_roads,galaxy,973,767,52.2,1,1,1.000000,1
astar-jps-dial,no_roads,galaxy,619,331,80.2,1,1,1.000000,1
astar-jps-dial,no_roads,galaxy,469,759,66.2,1,1,1.000000,1
astar-dial-cheb,with_roads,galaxy,1467,235,923.8,1,1,1.000000,1
astar-dial-cheb,with_roads,galaxy,51,612,145.6,1,1,1.000000,1
astar-dial-cheb,with_roads,galaxy,540,486,145.9,1,1,1.000000,1
astar-dial-cheb,with_roads,galaxy,297,213,106.3,1,1,1.000000,1
astar-dial-cheb,with_roads,galaxy,1543,1259,94.6,1,1,1.000000,1
astar-dial-cheb,with_roads,galaxy,180,1360,908.6,1,1,1.000000,1
astar-dial-cheb,with_roads,galaxy,972,65,657.8,1,1,1.000000,1
astar-dial-cheb,with_roads,galaxy,61,194,230.5,1,1,1.000000,1
astar-dial-cheb,with_roads,galaxy,476,512,50.2,1,1,1.000000,1
astar-dial-cheb,with_roads,galaxy,1173,1386,319.2,1,1,1.000000,1
astar-dial-cheb,with_roads,galaxy,54,1294,801.3,1,1,1.000000,1
astar-dial-cheb,with_roads,galaxy,426,1488,1119.7,1,1,1.000000,1
astar-dial-cheb,with_roads,galaxy,1594,1259,253.3,1,1,1.000000,1
astar-dial-cheb,with_roads,galaxy,965,480,172.9,1,1,1.000000,1
astar-dial-cheb,with_roads,galaxy,1036,1357,110.8,1,1,1.000000,1
astar-dial-cheb,with_roads,galaxy,619,13,270.7,1,1,1.000000,1
astar-dial-cheb,with_roads,galaxy,341,1587,1160.0,1,1,1.000000,1
astar-dial-cheb,with_roads,galaxy,973,767,61.2,1,1,1.000000,1
astar-dial-cheb,with_roads,galaxy,619,331,61.4,1,1,1.000000,1
astar-dial-cheb,with_roads,galaxy,469,759,167.5,1,1,1.000000,1
astar-jps,with_roads,galaxy,1467,235,164.6,1,1,1.000000,1
astar-jps,with_roads,galaxy,51,612,104.0,1,1,1.416667,0
astar-jps,with_roads,galaxy,540,486,72.9,1,1,1.363636,1
astar-jps,with_roads,galaxy,297,213,77.5,1,1,1.666667,0
astar-jps,with_roads,galaxy,1543,1259,55.8,1,1,1.000000,1
astar-jps,with_roads,galaxy,180,1360,198.2,1,1,1.100000,1
astar-jps,with_roads,galaxy,972,65,102.6,1,1,1.032787,1
astar-jps,with_roads,galaxy,61,194,52.4,1,1,1.000000,1
astar-jps,with_roads,galaxy,476,512,37.6,1,1,1.000000,1
astar-jps,with_roads,galaxy,1173,1386,116.7,1,1,1.000000,1
astar-jps,with_roads,galaxy,54,1294,353.7,1,1,1.177215,1
astar-jps,with_roads,galaxy,426,1488,265.8,1,1,1.000000,1
astar-jps,with_roads,galaxy,1594,1259,89.9,1,1,1.000000,1
astar-jps,with_roads,galaxy,965,480,67.5,1,1,1.000000,1
astar-jps,with_roads,galaxy,1036,1357,42.4,1,1,1.000000,1
astar-jps,with_roads,galaxy,619,13,104.6,1,1,1.411765,1
astar-jps,with_roads,galaxy,341,1587,258.6,1,1,1.000000,1
astar-jps,with_roads,galaxy,973,767,38.2,1,1,1.000000,1
astar-jps,with_roads,galaxy,619,331,49.0,1,1,1.250000,0
astar-jps,with_roads,galaxy,469,759,66.5,1,1,1.000000,1
astar-jps-dial,with_roads,galaxy,1467,235,205.2,1,1,1.000000,1
astar-jps-dial,with_roads,galaxy,51,612,98.8,1,1,1.416667,0
astar-jps-dial,with_roads,galaxy,540,486,106.7,1,1,1.363636,1
astar-jps-dial,with_roads,galaxy,297,213,102.1,1,1,1.333333,1
astar-jps-dial,with_roads,galaxy,1543,1259,68.4,1,1,1.000000,1
astar-jps-dial,with_roads,galaxy,180,1360,184.8,1,1,1.075000,1
astar-jps-dial,with_roads,galaxy,972,65,164.5,1,1,1.032787,1
astar-jps-dial,with_roads,galaxy,61,194,66.2,1,1,1.000000,1
astar-jps-dial,with_roads,galaxy,476,512,34.7,1,1,1.000000,1
astar-jps-dial,with_roads,galaxy,1173,1386,98.5,1,1,1.000000,1
astar-jps-dial,with_roads,galaxy,54,1294,351.3,1,1,1.177215,1
astar-jps-dial,with_roads,galaxy,426,1488,197.9,1,1,1.000000,1
astar-jps-dial,with_roads,galaxy,1594,1259,82.0,1,1,1.000000,1
astar-jps-dial,with_roads,galaxy,965,480,84.0,1,1,1.000000,1
astar-jps-dial,with_roads,galaxy,1036,1357,38.9,1,1,1.000000,1
astar-jps-dial,with_roads,galaxy,619,13,115.2,1,1,1.411765,1
astar-jps-dial,with_roads,galaxy,341,1587,238.3,1,1,1.000000,1
astar-jps-dial,with_roads,galaxy,973,767,43.4,1,1,1.000000,1
astar-jps-dial,with_roads,galaxy,619,331,58.5,1,1,1.250000,0
astar-jps-dial,with_roads,galaxy,469,759,50.9,1,1,1.000000,1
astar-dial-cheb,no_roads,gaussian,124,25,73.8,1,1,1.000000,1
astar-dial-cheb,no_roads,gaussian,312,277,13.0,1,1,1.000000,1
astar-dial-cheb,no_roads,gaussian,253,156,106.2,1,1,1.000000,1
astar-dial-cheb,no_roads,gaussian,111,650,328.9,1,1,1.000000,1
astar-dial-cheb,no_roads,gaussian,96,495,307.5,1,1,1.000000,1
astar-dial-cheb,no_roads,gaussian,32,30,15.1,1,1,1.000000,1
astar-dial-cheb,no_roads,gaussian,102,248,362.6,1,1,1.000000,1
astar-dial-cheb,no_roads,gaussian,264,600,212.5,1,1,1.000000,1
astar-dial-cheb,no_roads,gaussian,27,671,269.6,1,1,1.000000,1
astar-dial-cheb,no_roads,gaussian,225,650,185.6,1,1,1.000000,1
astar-dial-cheb,no_roads,gaussian,492,250,58.6,1,1,1.000000,1
astar-dial-cheb,no_roads,gaussian,528,315,44.1,1,1,1.000000,1
astar-dial-cheb,no_roads,gaussian,6,178,39.4,1,1,1.000000,1
astar-dial-cheb,no_roads,gaussian,495,391,22.1,1,1,1.000000,1
astar-dial-cheb,no_roads,gaussian,315,174,436.1,1,1,1.000000,1
astar-dial-cheb,no_roads,gaussian,245,387,46.4,1,1,1.000000,1
astar-dial-cheb,no_roads,gaussian,111,101,368.5,1,1,1.000000,1
astar-dial-cheb,no_roads,gaussian,446,106,408.6,1,1,1.000000,1
astar-dial-cheb,no_roads,gaussian,418,398,263.3,1,1,1.000000,1
astar-dial-cheb,no_roads,gaussian,300,44,123.4,1,1,1.000000,1
astar-jps,no_roads,gaussian,124,25,42.3,1,1,1.000000,1
astar-jps,no_roads,gaussian,312,277,23.9,1,1,1.000000,1
astar-jps,no_roads,gaussian,253,156,43.8,1,1,1.000000,1
astar-jps,no_roads,gaussian,111,650,169.6,1,1,1.000000,1
astar-jps,no_roads,gaussian,96,495,155.4,1,1,1.000000,1
astar-jps,no_roads,gaussian,32,30,20.3,1,1,1.000000,1
astar-jps,no_roads,gaussian,102,248,115.8,1,1,1.000000,1
astar-jps,no_roads,gaussian,264,600,71.2,1,1,1.000000,1
astar-jps,no_roads,gaussian,27,671,68.2,1,1,1.000000,1
astar-jps,no_roads,gaussian,225,650,61.5,1,1,1.000000,1
astar-jps,no_roads,gaussian,492,250,27.7,1,1,1.000000,1
astar-jps,no_roads,gaussian,528,315,19.1,1,1,1.000000,1
astar-jps,no_roads,gaussian,6,178,34.5,1,1,1.000000,1
astar-jps,no_roads,gaussian,495,391,24.6,1,1,1.000000,1
astar-jps,no_roads,gaussian,315,174,79.3,1,1,1.000000,1
astar-jps,no_roads,gaussian,245,387,31.1,1,1,1.000000,1
astar-jps,no_roads,gaussian,111,101,44.2,1,1,1.000000,1
astar-jps,no_roads,gaussian,446,106,52.0,1,1,1.000000,1
astar-jps,no_roads,gaussian,418,398,112.3,1,1,1.000000,1
astar-jps,no_roads,gaussian,300,44,35.7,1,1,1.000000,1
astar-jps-dial,no_roads,gaussian,124,25,43.1,1,1,1.000000,1
astar-jps-dial,no_roads,gaussian,312,277,23.8,1,1,1.000000,1
astar-jps-dial,no_roads,gaussian,253,156,50.4,1,1,1.000000,1
astar-jps-dial,no_roads,gaussian,111,650,154.9,1,1,1.000000,1
astar-jps-dial,no_roads,gaussian,96,495,133.7,1,1,1.000000,1
astar-jps-dial,no_roads,gaussian,32,30,26.0,1,1,1.000000,1
astar-jps-dial,no_roads,gaussian,102,248,201.2,1,1,1.000000,1
astar-jps-dial,no_roads,gaussian,264,600,65.2,1,1,1.000000,1
astar-jps-dial,no_roads,gaussian,27,671,65.9,1,1,1.000000,1
astar-jps-dial,no_roads,gaussian,225,650,58.1,1,1,1.000000,1
astar-jps-dial,no_roads,gaussian,492,250,29.6,1,1,1.000000,1
astar-jps-dial,no_roads,gaussian,528,315,24.7,1,1,1.000000,1
astar-jps-dial,no_roads,gaussian,6,178,40.9,1,1,1.000000,1
astar-jps-dial,no_roads,gaussian,495,391,26.9,1,1,1.000000,1
astar-jps-dial,no_roads,gaussian,315,174,237.7,1,1,1.000000,1
astar-jps-dial,no_roads,gaussian,245,387,34.3,1,1,1.000000,1
astar-jps-dial,no_roads,gaussian,111,101,119.4,1,1,1.000000,1
astar-jps-dial,no_roads,gaussian,446,106,161.3,1,1,1.000000,1
astar-jps-dial,no_roads,gaussian,418,398,136.1,1,1,1.000000,1
astar-jps-dial,no_roads,gaussian,300,44,47.3,1,1,1.000000,1
astar-dial-cheb,with_roads,gaussian,124,25,75.1,1,1,1.000000,1
astar-dial-cheb,with_roads,gaussian,312,277,12.6,1,1,1.000000,1
astar-dial-cheb,with_roads,gaussian,253,156,97.5,1,1,1.000000,1
astar-dial-cheb,with_roads,gaussian,111,650,232.6,1,1,1.000000,1
astar-dial-cheb,with_roads,gaussian,96,495,318.1,1,1,1.000000,1
astar-dial-cheb,with_roads,gaussian,32,30,15.9,1,1,1.000000,1
astar-dial-cheb,with_roads,gaussian,102,248,367.9,1,1,1.000000,1
astar-dial-cheb,with_roads,gaussian,264,600,396.1,1,1,1.000000,1
astar-dial-cheb,with_roads,gaussian,27,671,292.6,1,1,1.000000,1
astar-dial-cheb,with_roads,gaussian,225,650,72.3,1,1,1.000000,1
astar-dial-cheb,with_roads,gaussian,492,250,59.0,1,1,1.000000,1
astar-dial-cheb,with_roads,gaussian,528,315,43.8,1,1,1.000000,1
astar-dial-cheb,with_roads,gaussian,6,178,47.6,1,1,1.000000,1
astar-dial-cheb,with_roads,gaussian,495,391,21.9,1,1,1.000000,1
astar-dial-cheb,with_roads,gaussian,315,174,449.9,1,1,1.000000,1
astar-dial-cheb,with_roads,gaussian,245,387,32.4,1,1,1.000000,1
astar-dial-cheb,with_roads,gaussian,111,101,364.7,1,1,1.000000,1
astar-dial-cheb,with_roads,gaussian,446,106,154.3,1,1,1.000000,1
astar-dial-cheb,with_roads,gaussian,418,398,274.4,1,1,1.000000,1
astar-dial-cheb,with_roads,gaussian,300,44,29.3,1,1,1.000000,1
astar-jps,with_roads,gaussian,124,25,42.5,1,1,1.000000,1
astar-jps,with_roads,gaussian,312,277,24.2,1,1,1.000000,1
astar-jps,with_roads,gaussian,253,156,44.5,1,1,1.111111,1
astar-jps,with_roads,gaussian,111,650,174.2,1,1,1.774194,0
astar-jps,with_roads,gaussian,96,495,153.4,1,1,1.134615,1
astar-jps,with_roads,gaussian,32,30,16.9,1,1,1.000000,1
astar-jps,with_roads,gaussian,102,248,142.7,1,1,1.307692,0
astar-jps,with_roads,gaussian,264,600,80.6,1,1,1.117647,1
astar-jps,with_roads,gaussian,27,671,87.9,1,1,1.035088,1
astar-jps,with_roads,gaussian,225,650,75.1,1,1,1.333333,1
astar-jps,with_roads,gaussian,492,250,33.0,1,1,1.000000,1
astar-jps,with_roads,gaussian,528,315,21.6,1,1,1.000000,1
astar-jps,with_roads,gaussian,6,178,38.6,1,1,1.250000,0
astar-jps,with_roads,gaussian,495,391,27.9,1,1,1.000000,1
astar-jps,with_roads,gaussian,315,174,90.2,1,1,1.282051,1
astar-jps,with_roads,gaussian,245,387,34.6,1,1,1.000000,1
astar-jps,with_roads,gaussian,111,101,47.3,1,1,1.415094,1
astar-jps,with_roads,gaussian,446,106,58.8,1,1,1.731707,1
astar-jps,with_roads,gaussian,418,398,125.5,1,1,1.132075,0
astar-jps,with_roads,gaussian,300,44,40.3,1,1,1.642857,0
astar-jps-dial,with_roads,gaussian,124,25,38.6,1,1,1.000000,1
astar-jps-dial,with_roads,gaussian,312,277,25.7,1,1,1.000000,1
astar-jps-dial,with_roads,gaussian,253,156,54.9,1,1,1.111111,1
astar-jps-dial,with_roads,gaussian,111,650,174.0,1,1,1.774194,0
astar-jps-dial,with_roads,gaussian,96,495,143.0,1,1,1.134615,1
astar-jps-dial,with_roads,gaussian,32,30,27.3,1,1,1.000000,1
astar-jps-dial,with_roads,gaussian,102,248,219.5,1,1,1.246154,1
astar-jps-dial,with_roads,gaussian,264,600,72.4,1,1,1.117647,1
astar-jps-dial,with_roads,gaussian,27,671,71.3,1,1,1.035088,1
astar-jps-dial,with_roads,gaussian,225,650,66.3,1,1,1.333333,1
astar-jps-dial,with_roads,gaussian,492,250,33.2,1,1,1.000000,1
astar-jps-dial,with_roads,gaussian,528,315,26.7,1,1,1.000000,1
astar-jps-dial,with_roads,gaussian,6,178,41.9,1,1,1.250000,0
astar-jps-dial,with_roads,gaussian,495,391,28.8,1,1,1.000000,1
astar-jps-dial,with_roads,gaussian,315,174,258.4,1,1,1.230769,1
astar-jps-dial,with_roads,gaussian,245,387,36.5,1,1,1.000000,1
astar-jps-dial,with_roads,gaussian,111,101,133.2,1,1,1.415094,1
astar-jps-dial,with_roads,gaussian,446,106,180.7,1,1,1.634146,1
astar-jps-dial,with_roads,gaussian,418,398,152.0,1,1,1.056604,1
astar-jps-dial,with_roads,gaussian,300,44,53.8,1,1,1.642857,0
astar-dial-cheb,no_roads,git_branches,1707,228,335.3,0,,,
astar-dial-cheb,no_roads,git_branches,51,627,716.6,0,,,
astar-dial-cheb,no_roads,git_branches,541,481,688.6,0,,,
astar-dial-cheb,no_roads,git_branches,285,209,339.6,1,1,1.000000,1
astar-dial-cheb,no_roads,git_branches,1477,178,299.9,0,,,
astar-dial-cheb,no_roads,git_branches,1607,1098,312.5,1,1,1.000000,1
astar-dial-cheb,no_roads,git_branches,65,61,35.7,1,1,1.000000,1
astar-dial-cheb,no_roads,git_branches,191,453,498.9,1,1,1.000000,1
astar-dial-cheb,no_roads,git_branches,508,1354,711.3,0,,,
astar-dial-cheb,no_roads,git_branches,1630,54,279.9,0,,,
astar-dial-cheb,no_roads,git_branches,1528,407,295.0,0,,,
astar-dial-cheb,no_roads,git_branches,1728,1477,42.8,1,1,1.000000,1
astar-dial-cheb,no_roads,git_branches,1089,457,562.0,1,1,1.000000,1
astar-dial-cheb,no_roads,git_branches,1213,1604,708.8,0,,,
astar-dial-cheb,no_roads,git_branches,645,13,405.5,1,1,1.000000,1
astar-dial-cheb,no_roads,git_branches,326,1099,728.3,0,,,
astar-dial-cheb,no_roads,git_branches,835,645,108.4,1,1,1.000000,1
astar-dial-cheb,no_roads,git_branches,318,446,400.5,1,1,1.000000,1
astar-dial-cheb,no_roads,git_branches,814,209,239.3,1,1,1.000000,1
astar-dial-cheb,no_roads,git_branches,189,953,628.8,1,1,1.000000,1
astar-jps,no_roads,git_branches,1707,228,92.9,0,,,
astar-jps,no_roads,git_branches,51,627,330.9,0,,,
astar-jps,no_roads,git_branches,541,481,316.5,0,,,
astar-jps,no_roads,git_branches,285,209,60.1,1,1,1.000000,1
astar-jps,no_roads,git_branches,1477,178,111.5,0,,,
astar-jps,no_roads,git_branches,1607,1098,83.9,1,1,1.000000,1
astar-jps,no_roads,git_branches,65,61,65.6,1,1,1.000000,1
astar-jps,no_roads,git_branches,191,453,85.0,1,1,1.000000,1
astar-jps,no_roads,git_branches,508,1354,315.4,0,,,
astar-jps,no_roads,git_branches,1630,54,77.4,0,,,
astar-jps,no_roads,git_branches,1528,407,79.1,0,,,
astar-jps,no_roads,git_branches,1728,1477,38.8,1,1,1.000000,1
astar-jps,no_roads,git_branches,1089,457,180.6,1,1,1.000000,1
astar-jps,no_roads,git_branches,1213,1604,438.5,0,,,
astar-jps,no_roads,git_branches,645,13,72.1,1,1,1.000000,1
astar-jps,no_roads,git_branches,326,1099,316.6,0,,,
astar-jps,no_roads,git_branches,835,645,66.6,1,1,1.000000,1
astar-jps,no_roads,git_branches,318,446,76.3,1,1,1.000000,1
astar-jps,no_roads,git_branches,814,209,127.0,1,1,1.000000,1
astar-jps,no_roads,git_branches,189,953,134.0,1,1,1.000000,1
astar-jps-dial,no_roads,git_branches,1707,228,124.5,0,,,
astar-jps-dial,no_roads,git_branches,51,627,304.6,0,,,
astar-jps-dial,no_roads,git_branches,541,481,294.3,0,,,
astar-jps-dial,no_roads,git_branches,285,209,79.1,1,1,1.000000,1
astar-jps-dial,no_roads,git_branches,1477,178,92.9,0,,,
astar-jps-dial,no_roads,git_branches,1607,1098,85.4,1,1,1.000000,1
astar-jps-dial,no_roads,git_branches,65,61,67.4,1,1,1.000000,1
astar-jps-dial,no_roads,git_branches,191,453,92.2,1,1,1.000000,1
astar-jps-dial,no_roads,git_branches,508,1354,309.3,0,,,
astar-jps-dial,no_roads,git_branches,1630,54,85.3,0,,,
astar-jps-dial,no_roads,git_branches,1528,407,92.8,0,,,
astar-jps-dial,no_roads,git_branches,1728,1477,43.9,1,1,1.000000,1
astar-jps-dial,no_roads,git_branches,1089,457,176.9,1,1,1.000000,1
astar-jps-dial,no_roads,git_branches,1213,1604,422.6,0,,,
astar-jps-dial,no_roads,git_branches,645,13,82.8,1,1,1.000000,1
astar-jps-dial,no_roads,git_branches,326,1099,331.3,0,,,
astar-jps-dial,no_roads,git_branches,835,645,65.8,1,1,1.000000,1
astar-jps-dial,no_roads,git_branches,318,446,81.7,1,1,1.000000,1
astar-jps-dial,no_roads,git_branches,814,209,124.1,1,1,1.000000,1
astar-jps-dial,no_roads,git_branches,189,953,133.2,1,1,1.000000,1
astar-dial-cheb,with_roads,git_branches,1707,228,312.6,0,,,
astar-dial-cheb,with_roads,git_branches,51,627,696.2,0,,,
astar-dial-cheb,with_roads,git_branches,541,481,699.3,0,,,
astar-dial-cheb,with_roads,git_branches,285,209,249.4,1,1,1.000000,1
astar-dial-cheb,with_roads,git_branches,1477,178,292.5,0,,,
astar-dial-cheb,with_roads,git_branches,1607,1098,289.6,1,1,1.000000,1
astar-dial-cheb,with_roads,git_branches,65,61,21.6,1,1,1.000000,1
astar-dial-cheb,with_roads,git_branches,191,453,439.1,1,1,1.000000,1
astar-dial-cheb,with_roads,git_branches,508,1354,688.3,0,,,
astar-dial-cheb,with_roads,git_branches,1630,54,291.9,0,,,
astar-dial-cheb,with_roads,git_branches,1528,407,289.1,0,,,
astar-dial-cheb,with_roads,git_branches,1728,1477,41.7,1,1,1.000000,1
astar-dial-cheb,with_roads,git_branches,1089,457,544.7,1,1,1.000000,1
astar-dial-cheb,with_roads,git_branches,1213,1604,676.9,0,,,
astar-dial-cheb,with_roads,git_branches,645,13,284.7,1,1,1.000000,1
astar-dial-cheb,with_roads,git_branches,326,1099,712.1,0,,,
astar-dial-cheb,with_roads,git_branches,835,645,105.2,1,1,1.000000,1
astar-dial-cheb,with_roads,git_branches,318,446,420.7,1,1,1.000000,1
astar-dial-cheb,with_roads,git_branches,814,209,270.2,1,1,1.000000,1
astar-dial-cheb,with_roads,git_branches,189,953,580.9,1,1,1.000000,1
astar-jps,with_roads,git_branches,1707,228,84.2,0,,,
astar-jps,with_roads,git_branches,51,627,314.1,0,,,
astar-jps,with_roads,git_branches,541,481,294.9,0,,,
astar-jps,with_roads,git_branches,285,209,56.5,1,1,1.407407,1
astar-jps,with_roads,git_branches,1477,178,75.9,0,,,
astar-jps,with_roads,git_branches,1607,1098,80.8,1,1,1.000000,1
astar-jps,with_roads,git_branches,65,61,60.9,1,1,2.000000,0
astar-jps,with_roads,git_branches,191,453,79.4,1,1,1.272727,1
astar-jps,with_roads,git_branches,508,1354,299.3,0,,,
astar-jps,with_roads,git_branches,1630,54,73.4,0,,,
astar-jps,with_roads,git_branches,1528,407,74.3,0,,,
astar-jps,with_roads,git_branches,1728,1477,38.7,1,1,1.000000,1
astar-jps,with_roads,git_branches,1089,457,164.5,1,1,1.161616,1
astar-jps,with_roads,git_branches,1213,1604,412.1,0,,,
astar-jps,with_roads,git_branches,645,13,68.5,1,1,1.250000,1
astar-jps,with_roads,git_branches,326,1099,303.3,0,,,
astar-jps,with_roads,git_branches,835,645,56.2,1,1,1.000000,1
astar-jps,with_roads,git_branches,318,446,72.5,1,1,1.108108,0
astar-jps,with_roads,git_branches,814,209,115.4,1,1,1.137931,0
astar-jps,with_roads,git_branches,189,953,125.2,1,1,1.148148,1
astar-jps-dial,with_roads,git_branches,1707,228,87.4,0,,,
astar-jps-dial,with_roads,git_branches,51,627,298.3,0,,,
astar-jps-dial,with_roads,git_branches,541,481,294.9,0,,,
astar-jps-dial,with_roads,git_branches,285,209,66.3,1,1,1.407407,1
astar-jps-dial,with_roads,git_branches,1477,178,87.3,0,,,
astar-jps-dial,with_roads,git_branches,1607,1098,91.4,1,1,1.000000,1
astar-jps-dial,with_roads,git_branches,65,61,61.9,1,1,2.000000,0
astar-jps-dial,with_roads,git_branches,191,453,94.8,1,1,1.272727,1
astar-jps-dial,with_roads,git_branches,508,1354,298.8,0,,,
astar-jps-dial,with_roads,git_branches,1630,54,77.5,0,,,
astar-jps-dial,with_roads,git_branches,1528,407,80.8,0,,,
astar-jps-dial,with_roads,git_branches,1728,1477,52.0,1,1,1.000000,1
astar-jps-dial,with_roads,git_branches,1089,457,168.7,1,1,1.161616,1
astar-jps-dial,with_roads,git_branches,1213,1604,421.1,0,,,
astar-jps-dial,with_roads,git_branches,645,13,73.2,1,1,1.250000,1
astar-jps-dial,with_roads,git_branches,326,1099,300.6,0,,,
astar-jps-dial,with_roads,git_branches,835,645,59.1,1,1,1.000000,1
astar-jps-dial,with_roads,git_branches,318,446,74.5,1,1,1.108108,0
astar-jps-dial,with_roads,git_branches,814,209,115.7,1,1,1.137931,0
astar-jps-dial,with_roads,git_branches,189,953,154.2,1,1,1.148148,1
astar-dial-cheb,no_roads,hooks,793,131,464.1,1,1,1.000000,1
astar-dial-cheb,no_roads,hooks,25,923,436.8,1,1,1.000000,1
astar-dial-cheb,no_roads,hooks,334,300,25.4,1,1,1.000000,1
astar-dial-cheb,no_roads,hooks,268,167,95.0,1,1,1.000000,1
astar-dial-cheb,no_roads,hooks,917,121,418.1,1,1,1.000000,1
astar-dial-cheb,no_roads,hooks,839,922,247.6,1,1,1.000000,1
astar-dial-cheb,no_roads,hooks,681,98,415.6,1,1,1.000000,1
astar-dial-cheb,no_roads,hooks,736,526,112.3,1,1,1.000000,1
astar-dial-cheb,no_roads,hooks,32,30,355.4,1,1,1.000000,1
astar-dial-cheb,no_roads,hooks,105,257,29.1,1,1,1.000000,1
astar-dial-cheb,no_roads,hooks,279,628,119.4,1,1,1.000000,1
astar-dial-cheb,no_roads,hooks,748,27,572.7,1,1,1.000000,1
astar-dial-cheb,no_roads,hooks,704,236,206.6,1,1,1.000000,1
astar-dial-cheb,no_roads,hooks,893,810,324.9,1,1,1.000000,1
astar-dial-cheb,no_roads,hooks,874,681,312.8,1,1,1.000000,1
astar-dial-cheb,no_roads,hooks,523,261,269.7,1,1,1.000000,1
astar-dial-cheb,no_roads,hooks,559,735,301.2,1,1,1.000000,1
astar-dial-cheb,no_roads,hooks,337,6,275.8,1,1,1.000000,1
astar-dial-cheb,no_roads,hooks,941,193,380.4,1,1,1.000000,1
astar-dial-cheb,no_roads,hooks,870,526,371.3,1,1,1.000000,1
astar-jps,no_roads,hooks,793,131,144.8,1,1,1.000000,1
astar-jps,no_roads,hooks,25,923,153.2,1,1,1.000000,1
astar-jps,no_roads,hooks,334,300,27.9,1,1,1.000000,1
astar-jps,no_roads,hooks,268,167,42.3,1,1,1.000000,1
astar-jps,no_roads,hooks,917,121,87.9,1,1,1.000000,1
astar-jps,no_roads,hooks,839,922,106.9,1,1,1.000000,1
astar-jps,no_roads,hooks,681,98,161.2,1,1,1.000000,1
astar-jps,no_roads,hooks,736,526,37.4,1,1,1.000000,1
astar-jps,no_roads,hooks,32,30,25.1,1,1,1.000000,1
astar-jps,no_roads,hooks,105,257,27.6,1,1,1.000000,1
astar-jps,no_roads,hooks,279,628,61.9,1,1,1.000000,1
astar-jps,no_roads,hooks,748,27,143.3,1,1,1.000000,1
astar-jps,no_roads,hooks,704,236,47.3,1,1,1.000000,1
astar-jps,no_roads,hooks,893,810,85.1,1,1,1.000000,1
astar-jps,no_roads,hooks,874,681,76.1,1,1,1.000000,1
astar-jps,no_roads,hooks,523,261,127.5,1,1,1.000000,1
astar-jps,no_roads,hooks,559,735,78.8,1,1,1.000000,1
astar-jps,no_roads,hooks,337,6,78.9,1,1,1.000000,1
astar-jps,no_roads,hooks,941,193,61.6,1,1,1.000000,1
astar-jps,no_roads,hooks,870,526,77.1,1,1,1.000000,1
astar-jps-dial,no_roads,hooks,793,131,135.7,1,1,1.000000,1
astar-jps-dial,no_roads,hooks,25,923,124.1,1,1,1.000000,1
astar-jps-dial,no_roads,hooks,334,300,29.6,1,1,1.000000,1
astar-jps-dial,no_roads,hooks,268,167,47.8,1,1,1.000000,1
astar-jps-dial,no_roads,hooks,917,121,98.5,1,1,1.000000,1
astar-jps-dial,no_roads,hooks,839,922,99.7,1,1,1.000000,1
astar-jps-dial,no_roads,hooks,681,98,164.3,1,1,1.000000,1
astar-jps-dial,no_roads,hooks,736,526,52.0,1,1,1.000000,1
astar-jps-dial,no_roads,hooks,32,30,32.9,1,1,1.000000,1
astar-jps-dial,no_roads,hooks,105,257,27.7,1,1,1.000000,1
astar-jps-dial,no_roads,hooks,279,628,61.6,1,1,1.000000,1
astar-jps-dial,no_roads,hooks,748,27,179.4,1,1,1.000000,1
astar-jps-dial,no_roads,hooks,704,236,78.0,1,1,1.000000,1
astar-jps-dial,no_roads,hooks,893,810,87.0,1,1,1.000000,1
astar-jps-dial,no_roads,hooks,874,681,108.6,1,1,1.000000,1
astar-jps-dial,no_roads,hooks,523,261,129.2,1,1,1.000000,1
astar-jps-dial,no_roads,hooks,559,735,91.6,1,1,1.000000,1
astar-jps-dial,no_roads,hooks,337,6,75.7,1,1,1.000000,1
astar-jps-dial,no_roads,hooks,941,193,114.2,1,1,1.000000,1
astar-jps-dial,no_roads,hooks,870,526,92.9,1,1,1.000000,1
astar-dial-cheb,with_roads,hooks,793,131,187.9,1,1,1.000000,1
astar-dial-cheb,with_roads,hooks,25,923,437.3,1,1,1.000000,1
astar-dial-cheb,with_roads,hooks,334,300,24.7,1,1,1.000000,1
astar-dial-cheb,with_roads,hooks,268,167,86.5,1,1,1.000000,1
astar-dial-cheb,with_roads,hooks,917,121,434.0,1,1,1.000000,1
astar-dial-cheb,with_roads,hooks,839,922,221.6,1,1,1.000000,1
astar-dial-cheb,with_roads,hooks,681,98,145.6,1,1,1.000000,1
astar-dial-cheb,with_roads,hooks,736,526,122.0,1,1,1.000000,1
astar-dial-cheb,with_roads,hooks,32,30,492.2,1,1,1.000000,1
astar-dial-cheb,with_roads,hooks,105,257,35.5,1,1,1.000000,1
astar-dial-cheb,with_roads,hooks,279,628,163.5,1,1,1.000000,1
astar-dial-cheb,with_roads,hooks,748,27,560.4,1,1,1.000000,1
astar-dial-cheb,with_roads,hooks,704,236,224.7,1,1,1.000000,1
astar-dial-cheb,with_roads,hooks,893,810,360.2,1,1,1.000000,1
astar-dial-cheb,with_roads,hooks,874,681,324.7,1,1,1.000000,1
astar-dial-cheb,with_roads,hooks,523,261,94.3,1,1,1.000000,1
astar-dial-cheb,with_roads,hooks,559,735,371.6,1,1,1.000000,1
astar-dial-cheb,with_roads,hooks,337,6,287.4,1,1,1.000000,1
astar-dial-cheb,with_roads,hooks,941,193,135.8,1,1,1.000000,1
astar-dial-cheb,with_roads,hooks,870,526,343.3,1,1,1.000000,1
astar-jps,with_roads,hooks,793,131,154.6,1,1,1.000000,1
astar-jps,with_roads,hooks,25,923,151.2,1,1,1.024691,1
astar-jps,with_roads,hooks,334,300,41.2,1,1,1.000000,1
astar-jps,with_roads,hooks,268,167,48.4,1,1,1.000000,1
astar-jps,with_roads,hooks,917,121,100.9,1,1,1.055556,1
astar-jps,with_roads,hooks,839,922,123.8,1,1,1.000000,1
astar-jps,with_roads,hooks,681,98,172.3,1,1,1.175000,1
astar-jps,with_roads,hooks,736,526,38.9,1,1,1.000000,1
astar-jps,with_roads,hooks,32,30,26.4,1,1,1.197183,1
astar-jps,with_roads,hooks,105,257,29.4,1,1,1.000000,1
astar-jps,with_roads,hooks,279,628,66.2,1,1,1.000000,1
astar-jps,with_roads,hooks,748,27,155.7,1,1,1.043956,1
astar-jps,with_roads,hooks,704,236,51.3,1,1,1.102564,1
astar-jps,with_roads,hooks,893,810,95.4,1,1,1.000000,1
astar-jps,with_roads,hooks,874,681,85.9,1,1,1.090909,1
astar-jps,with_roads,hooks,523,261,133.2,1,1,1.260870,0
astar-jps,with_roads,hooks,559,735,90.3,1,1,1.050000,0
astar-jps,with_roads,hooks,337,6,91.9,1,1,1.222222,0
astar-jps,with_roads,hooks,941,193,71.6,1,1,1.291667,1
astar-jps,with_roads,hooks,870,526,85.1,1,1,1.120000,1
astar-jps-dial,with_roads,hooks,793,131,145.3,1,1,1.000000,1
astar-jps-dial,with_roads,hooks,25,923,152.5,1,1,1.074074,1
astar-jps-dial,with_roads,hooks,334,300,33.8,1,1,1.000000,1
astar-jps-dial,with_roads,hooks,268,167,49.0,1,1,1.000000,1
astar-jps-dial,with_roads,hooks,917,121,109.9,1,1,1.055556,1
astar-jps-dial,with_roads,hooks,839,922,110.2,1,1,1.000000,1
astar-jps-dial,with_roads,hooks,681,98,177.3,1,1,1.175000,1
astar-jps-dial,with_roads,hooks,736,526,43.6,1,1,1.000000,1
astar-jps-dial,with_roads,hooks,32,30,38.9,1,1,1.197183,1
astar-jps-dial,with_roads,hooks,105,257,40.4,1,1,1.000000,1
astar-jps-dial,with_roads,hooks,279,628,70.7,1,1,1.000000,1
astar-jps-dial,with_roads,hooks,748,27,208.6,1,1,1.043956,1
astar-jps-dial,with_roads,hooks,704,236,87.7,1,1,1.102564,1
astar-jps-dial,with_roads,hooks,893,810,96.4,1,1,1.000000,1
astar-jps-dial,with_roads,hooks,874,681,133.5,1,1,1.090909,1
astar-jps-dial,with_roads,hooks,523,261,159.8,1,1,1.434783,0
astar-jps-dial,with_roads,hooks,559,735,85.7,1,1,1.050000,0
astar-jps-dial,with_roads,hooks,337,6,93.7,1,1,1.222222,0
astar-jps-dial,with_roads,hooks,941,193,163.2,1,1,1.291667,1
astar-jps-dial,with_roads,hooks,870,526,116.0,1,1,1.120000,1
astar-dial-cheb,no_roads,hopscotch,281,62,115.7,1,1,1.000000,1
astar-dial-cheb,no_roads,hopscotch,674,605,334.2,1,1,1.000000,1
astar-dial-cheb,no_roads,hopscotch,546,342,484.5,1,1,1.000000,1
astar-dial-cheb,no_roads,hopscotch,253,219,41.3,1,1,1.000000,1
astar-dial-cheb,no_roads,hopscotch,1022,80,1020.0,0,,,
astar-dial-cheb,no_roads,hopscotch,74,234,11.8,0,,,
astar-dial-cheb,no_roads,hopscotch,534,566,15.1,1,1,1.000000,1
astar-dial-cheb,no_roads,hopscotch,1217,65,740.5,1,1,1.000000,1
astar-dial-cheb,no_roads,hopscotch,489,1017,311.4,1,1,1.000000,1
astar-dial-cheb,no_roads,hopscotch,539,1088,421.1,1,1,1.000000,1
astar-dial-cheb,no_roads,hopscotch,680,13,506.6,1,1,1.000000,1
astar-dial-cheb,no_roads,hopscotch,387,1023,659.0,1,1,1.000000,1
astar-dial-cheb,no_roads,hopscotch,832,680,70.7,1,1,1.000000,1
astar-dial-cheb,no_roads,hopscotch,377,527,56.3,1,1,1.000000,1
astar-dial-cheb,no_roads,hopscotch,824,253,691.3,1,1,1.000000,1
astar-dial-cheb,no_roads,hopscotch,231,932,588.2,1,1,1.000000,1
astar-dial-cheb,no_roads,hopscotch,242,874,834.2,1,1,1.000000,1
astar-dial-cheb,no_roads,hopscotch,840,650,570.8,1,1,1.000000,1
astar-dial-cheb,no_roads,hopscotch,118,1111,585.6,1,1,1.000000,1
astar-dial-cheb,no_roads,hopscotch,310,929,912.5,1,1,1.000000,1
astar-jps,no_roads,hopscotch,281,62,57.0,1,1,1.000000,1
astar-jps,no_roads,hopscotch,674,605,124.6,1,1,1.000000,1
astar-jps,no_roads,hopscotch,546,342,218.2,1,1,1.000000,1
astar-jps,no_roads,hopscotch,253,219,61.1,1,1,1.000000,1
astar-jps,no_roads,hopscotch,1022,80,480.6,0,,,
astar-jps,no_roads,hopscotch,74,234,9.5,0,,,
astar-jps,no_roads,hopscotch,534,566,49.9,1,1,1.000000,1
astar-jps,no_roads,hopscotch,1217,65,93.1,1,1,1.000000,1
astar-jps,no_roads,hopscotch,489,1017,81.3,1,1,1.000000,1
astar-jps,no_roads,hopscotch,539,1088,90.6,1,1,1.000000,1
astar-jps,no_roads,hopscotch,680,13,118.3,1,1,1.000000,1
astar-jps,no_roads,hopscotch,387,1023,164.6,1,1,1.000000,1
astar-jps,no_roads,hopscotch,832,680,47.6,1,1,1.000000,1
astar-jps,no_roads,hopscotch,377,527,47.7,1,1,1.000000,1
astar-jps,no_roads,hopscotch,824,253,144.9,1,1,1.000000,1
astar-jps,no_roads,hopscotch,231,932,106.7,1,1,1.000000,1
astar-jps,no_roads,hopscotch,242,874,234.3,1,1,1.000000,1
astar-jps,no_roads,hopscotch,840,650,130.0,1,1,1.000000,1
astar-jps,no_roads,hopscotch,118,1111,107.3,1,1,1.000000,1
astar-jps,no_roads,hopscotch,310,929,214.7,1,1,1.000000,1
astar-jps-dial,no_roads,hopscotch,281,62,56.4,1,1,1.000000,1
astar-jps-dial,no_roads,hopscotch,674,605,113.5,1,1,1.000000,1
astar-jps-dial,no_roads,hopscotch,546,342,161.8,1,1,1.000000,1
astar-jps-dial,no_roads,hopscotch,253,219,59.9,1,1,1.000000,1
astar-jps-dial,no_roads,hopscotch,1022,80,413.6,0,,,
astar-jps-dial,no_roads,hopscotch,74,234,16.4,0,,,
astar-jps-dial,no_roads,hopscotch,534,566,50.2,1,1,1.000000,1
astar-jps-dial,no_roads,hopscotch,1217,65,81.0,1,1,1.000000,1
astar-jps-dial,no_roads,hopscotch,489,1017,58.6,1,1,1.000000,1
astar-jps-dial,no_roads,hopscotch,539,1088,77.8,1,1,1.000000,1
astar-jps-dial,no_roads,hopscotch,680,13,99.7,1,1,1.000000,1
astar-jps-dial,no_roads,hopscotch,387,1023,141.0,1,1,1.000000,1
astar-jps-dial,no_roads,hopscotch,832,680,47.8,1,1,1.000000,1
astar-jps-dial,no_roads,hopscotch,377,527,47.5,1,1,1.000000,1
astar-jps-dial,no_roads,hopscotch,824,253,147.6,1,1,1.000000,1
astar-jps-dial,no_roads,hopscotch,231,932,87.8,1,1,1.000000,1
astar-jps-dial,no_roads,hopscotch,242,874,194.4,1,1,1.000000,1
astar-jps-dial,no_roads,hopscotch,840,650,142.2,1,1,1.000000,1
astar-jps-dial,no_roads,hopscotch,118,1111,63.9,1,1,1.000000,1
astar-jps-dial,no_roads,hopscotch,310,929,196.3,1,1,1.000000,1
astar-dial-cheb,with_roads,hopscotch,281,62,41.7,1,1,1.000000,1
astar-dial-cheb,with_roads,hopscotch,674,605,260.2,1,1,1.000000,1
astar-dial-cheb,with_roads,hopscotch,546,342,203.1,1,1,1.000000,1
astar-dial-cheb,with_roads,hopscotch,253,219,21.4,1,1,1.000000,1
astar-dial-cheb,with_roads,hopscotch,1022,80,754.6,0,,,
astar-dial-cheb,with_roads,hopscotch,74,234,9.0,0,,,
astar-dial-cheb,with_roads,hopscotch,534,566,10.7,1,1,1.000000,1
astar-dial-cheb,with_roads,hopscotch,1217,65,429.6,1,1,1.000000,1
astar-dial-cheb,with_roads,hopscotch,489,1017,263.6,1,1,1.000000,1
astar-dial-cheb,with_roads,hopscotch,539,1088,490.1,1,1,1.000000,1
astar-dial-cheb,with_roads,hopscotch,680,13,454.7,1,1,1.000000,1
astar-dial-cheb,with_roads,hopscotch,387,1023,527.3,1,1,1.000000,1
astar-dial-cheb,with_roads,hopscotch,832,680,52.5,1,1,1.000000,1
astar-dial-cheb,with_roads,hopscotch,377,527,55.0,1,1,1.000000,1
astar-dial-cheb,with_roads,hopscotch,824,253,477.0,1,1,1.000000,1
astar-dial-cheb,with_roads,hopscotch,231,932,463.9,1,1,1.000000,1
astar-dial-cheb,with_roads,hopscotch,242,874,515.6,1,1,1.000000,1
astar-dial-cheb,with_roads,hopscotch,840,650,568.5,1,1,1.000000,1
astar-dial-cheb,with_roads,hopscotch,118,1111,562.7,1,1,1.000000,1
astar-dial-cheb,with_roads,hopscotch,310,929,600.3,1,1,1.000000,1
astar-jps,with_roads,hopscotch,281,62,49.2,1,1,1.888889,0
astar-jps,with_roads,hopscotch,674,605,117.9,1,1,1.000000,1
astar-jps,with_roads,hopscotch,546,342,168.1,1,1,1.512821,1
astar-jps,with_roads,hopscotch,253,219,53.3,1,1,1.400000,1
astar-jps,with_roads,hopscotch,1022,80,393.8,0,,,
astar-jps,with_roads,hopscotch,74,234,7.5,0,,,
astar-jps,with_roads,hopscotch,534,566,47.3,1,1,1.000000,1
astar-jps,with_roads,hopscotch,1217,65,80.4,1,1,1.175824,1
astar-jps,with_roads,hopscotch,489,1017,74.2,1,1,1.000000,1
astar-jps,with_roads,hopscotch,539,1088,94.2,1,1,1.000000,1
astar-jps,with_roads,hopscotch,680,13,93.6,1,1,1.166667,1
astar-jps,with_roads,hopscotch,387,1023,140.6,1,1,1.098765,1
astar-jps,with_roads,hopscotch,832,680,43.0,1,1,1.000000,1
astar-jps,with_roads,hopscotch,377,527,43.0,1,1,1.000000,1
astar-jps,with_roads,hopscotch,824,253,134.6,1,1,1.103896,1
astar-jps,with_roads,hopscotch,231,932,93.0,1,1,1.123077,0
astar-jps,with_roads,hopscotch,242,874,204.1,1,1,1.381579,1
astar-jps,with_roads,hopscotch,840,650,126.3,1,1,1.000000,1
astar-jps,with_roads,hopscotch,118,1111,96.4,1,1,1.066667,0
astar-jps,with_roads,hopscotch,310,929,188.3,1,1,1.295455,0
astar-jps-dial,with_roads,hopscotch,281,62,51.9,1,1,1.888889,0
astar-jps-dial,with_roads,hopscotch,674,605,111.5,1,1,1.000000,1
astar-jps-dial,with_roads,hopscotch,546,342,145.8,1,1,1.512821,1
astar-jps-dial,with_roads,hopscotch,253,219,81.9,1,1,1.400000,1
astar-jps-dial,with_roads,hopscotch,1022,80,423.3,0,,,
astar-jps-dial,with_roads,hopscotch,74,234,28.4,0,,,
astar-jps-dial,with_roads,hopscotch,534,566,52.1,1,1,1.000000,1
astar-jps-dial,with_roads,hopscotch,1217,65,91.7,1,1,1.175824,1
astar-jps-dial,with_roads,hopscotch,489,1017,76.2,1,1,1.000000,1
astar-jps-dial,with_roads,hopscotch,539,1088,94.3,1,1,1.000000,1
astar-jps-dial,with_roads,hopscotch,680,13,92.0,1,1,1.166667,1
astar-jps-dial,with_roads,hopscotch,387,1023,145.9,1,1,1.098765,1
astar-jps-dial,with_roads,hopscotch,832,680,45.4,1,1,1.000000,1
astar-jps-dial,with_roads,hopscotch,377,527,48.7,1,1,1.000000,1
astar-jps-dial,with_roads,hopscotch,824,253,137.4,1,1,1.103896,1
astar-jps-dial,with_roads,hopscotch,231,932,83.3,1,1,1.123077,0
astar-jps-dial,with_roads,hopscotch,242,874,190.6,1,1,1.381579,1
astar-jps-dial,with_roads,hopscotch,840,650,114.4,1,1,1.000000,1
astar-jps-dial,with_roads,hopscotch,118,1111,57.6,1,1,1.066667,0
astar-jps-dial,with_roads,hopscotch,310,929,190.7,1,1,1.295455,0
astar-dial-cheb,no_roads,hourglass,792,136,245.9,0,,,
astar-dial-cheb,no_roads,hourglass,30,915,247.2,0,,,
astar-dial-cheb,no_roads,hourglass,335,298,234.7,0,,,
astar-dial-cheb,no_roads,hourglass,274,171,36.9,1,1,1.000000,1
astar-dial-cheb,no_roads,hourglass,908,123,232.3,0,,,
astar-dial-cheb,no_roads,hourglass,837,912,146.4,0,,,
astar-dial-cheb,no_roads,hourglass,1099,677,235.5,0,,,
astar-dial-cheb,no_roads,hourglass,104,732,245.0,0,,,
astar-dial-cheb,no_roads,hourglass,513,38,149.0,0,,,
astar-dial-cheb,no_roads,hourglass,36,113,28.2,1,1,1.000000,1
astar-dial-cheb,no_roads,hourglass,268,285,142.9,0,,,
astar-dial-cheb,no_roads,hourglass,620,747,136.5,0,,,
astar-dial-cheb,no_roads,hourglass,33,697,254.3,0,,,
astar-dial-cheb,no_roads,hourglass,245,883,147.5,0,,,
astar-dial-cheb,no_roads,hourglass,805,867,146.9,0,,,
astar-dial-cheb,no_roads,hourglass,677,510,154.5,0,,,
astar-dial-cheb,no_roads,hourglass,270,544,61.0,1,1,1.000000,1
astar-dial-cheb,no_roads,hourglass,731,338,160.4,0,,,
astar-dial-cheb,no_roads,hourglass,993,1071,24.0,1,1,1.000000,1
astar-dial-cheb,no_roads,hourglass,8,935,250.0,0,,,
astar-jps,no_roads,hourglass,792,136,370.2,0,,,
astar-jps,no_roads,hourglass,30,915,251.2,0,,,
astar-jps,no_roads,hourglass,335,298,274.2,0,,,
astar-jps,no_roads,hourglass,274,171,28.4,1,1,1.000000,1
astar-jps,no_roads,hourglass,908,123,334.4,0,,,
astar-jps,no_roads,hourglass,837,912,30.5,0,,,
astar-jps,no_roads,hourglass,1099,677,209.4,0,,,
astar-jps,no_roads,hourglass,104,732,231.9,0,,,
astar-jps,no_roads,hourglass,513,38,36.0,0,,,
astar-jps,no_roads,hourglass,36,113,25.4,1,1,1.000000,1
astar-jps,no_roads,hourglass,268,285,38.2,0,,,
astar-jps,no_roads,hourglass,620,747,28.9,0,,,
astar-jps,no_roads,hourglass,33,697,171.7,0,,,
astar-jps,no_roads,hourglass,245,883,39.8,0,,,
astar-jps,no_roads,hourglass,805,867,34.7,0,,,
astar-jps,no_roads,hourglass,677,510,29.0,0,,,
astar-jps,no_roads,hourglass,270,544,42.1,1,1,1.000000,1
astar-jps,no_roads,hourglass,731,338,31.4,0,,,
astar-jps,no_roads,hourglass,993,1071,27.3,1,1,1.000000,1
astar-jps,no_roads,hourglass,8,935,174.5,0,,,
astar-jps-dial,no_roads,hourglass,792,136,415.0,0,,,
astar-jps-dial,no_roads,hourglass,30,915,299.9,0,,,
astar-jps-dial,no_roads,hourglass,335,298,258.6,0,,,
astar-jps-dial,no_roads,hourglass,274,171,30.0,1,1,1.000000,1
astar-jps-dial,no_roads,hourglass,908,123,371.5,0,,,
astar-jps-dial,no_roads,hourglass,837,912,37.8,0,,,
astar-jps-dial,no_roads,hourglass,1099,677,196.2,0,,,
astar-jps-dial,no_roads,hourglass,104,732,218.3,0,,,
astar-jps-dial,no_roads,hourglass,513,38,39.0,0,,,
astar-jps-dial,no_roads,hourglass,36,113,26.1,1,1,1.000000,1
astar-jps-dial,no_roads,hourglass,268,285,47.3,0,,,
astar-jps-dial,no_roads,hourglass,620,747,37.6,0,,,
astar-jps-dial,no_roads,hourglass,33,697,249.0,0,,,
astar-jps-dial,no_roads,hourglass,245,883,43.4,0,,,
astar-jps-dial,no_roads,hourglass,805,867,39.1,0,,,
astar-jps-dial,no_roads,hourglass,677,510,35.9,0,,,
astar-jps-dial,no_roads,hourglass,270,544,39.0,1,1,1.000000,1
astar-jps-dial,no_roads,hourglass,731,338,37.1,0,,,
astar-jps-dial,no_roads,hourglass,993,1071,26.9,1,1,1.000000,1
astar-jps-dial,no_roads,hourglass,8,935,186.7,0,,,
astar-dial-cheb,with_roads,hourglass,792,136,248.4,0,,,
astar-dial-cheb,with_roads,hourglass,30,915,267.6,0,,,
astar-dial-cheb,with_roads,hourglass,335,298,244.9,0,,,
astar-dial-cheb,with_roads,hourglass,274,171,39.6,1,1,1.000000,1
astar-dial-cheb,with_roads,hourglass,908,123,244.1,0,,,
astar-dial-cheb,with_roads,hourglass,837,912,154.7,0,,,
astar-dial-cheb,with_roads,hourglass,1099,677,261.0,0,,,
astar-dial-cheb,with_roads,hourglass,104,732,254.1,0,,,
astar-dial-cheb,with_roads,hourglass,513,38,145.5,0,,,
astar-dial-cheb,with_roads,hourglass,36,113,29.3,1,1,1.000000,1
astar-dial-cheb,with_roads,hourglass,268,285,140.8,0,,,
astar-dial-cheb,with_roads,hourglass,620,747,148.3,0,,,
astar-dial-cheb,with_roads,hourglass,33,697,270.1,0,,,
astar-dial-cheb,with_roads,hourglass,245,883,172.8,0,,,
astar-dial-cheb,with_roads,hourglass,805,867,148.8,0,,,
astar-dial-cheb,with_roads,hourglass,677,510,154.0,0,,,
astar-dial-cheb,with_roads,hourglass,270,544,58.8,1,1,1.000000,1
astar-dial-cheb,with_roads,hourglass,731,338,146.6,0,,,
astar-dial-cheb,with_roads,hourglass,993,1071,23.5,1,1,1.000000,1
astar-dial-cheb,with_roads,hourglass,8,935,263.8,0,,,
astar-jps,with_roads,hourglass,792,136,422.5,0,,,
astar-jps,with_roads,hourglass,30,915,269.8,0,,,
astar-jps,with_roads,hourglass,335,298,275.6,0,,,
astar-jps,with_roads,hourglass,274,171,30.9,1,1,1.000000,1
astar-jps,with_roads,hourglass,908,123,356.4,0,,,
astar-jps,with_roads,hourglass,837,912,31.7,0,,,
astar-jps,with_roads,hourglass,1099,677,240.6,0,,,
astar-jps,with_roads,hourglass,104,732,252.9,0,,,
astar-jps,with_roads,hourglass,513,38,33.2,0,,,
astar-jps,with_roads,hourglass,36,113,27.4,1,1,1.000000,1
astar-jps,with_roads,hourglass,268,285,39.5,0,,,
astar-jps,with_roads,hourglass,620,747,30.8,0,,,
astar-jps,with_roads,hourglass,33,697,193.5,0,,,
astar-jps,with_roads,hourglass,245,883,38.6,0,,,
astar-jps,with_roads,hourglass,805,867,33.0,0,,,
astar-jps,with_roads,hourglass,677,510,29.6,0,,,
astar-jps,with_roads,hourglass,270,544,41.5,1,1,1.000000,1
astar-jps,with_roads,hourglass,731,338,29.7,0,,,
astar-jps,with_roads,hourglass,993,1071,25.0,1,1,1.000000,1
astar-jps,with_roads,hourglass,8,935,180.1,0,,,
astar-jps-dial,with_roads,hourglass,792,136,394.5,0,,,
astar-jps-dial,with_roads,hourglass,30,915,242.6,0,,,
astar-jps-dial,with_roads,hourglass,335,298,257.9,0,,,
astar-jps-dial,with_roads,hourglass,274,171,30.1,1,1,1.000000,1
astar-jps-dial,with_roads,hourglass,908,123,366.4,0,,,
astar-jps-dial,with_roads,hourglass,837,912,39.5,0,,,
astar-jps-dial,with_roads,hourglass,1099,677,192.4,0,,,
astar-jps-dial,with_roads,hourglass,104,732,219.5,0,,,
astar-jps-dial,with_roads,hourglass,513,38,40.0,0,,,
astar-jps-dial,with_roads,hourglass,36,113,27.5,1,1,1.000000,1
astar-jps-dial,with_roads,hourglass,268,285,49.4,0,,,
astar-jps-dial,with_roads,hourglass,620,747,37.8,0,,,
astar-jps-dial,with_roads,hourglass,33,697,223.6,0,,,
astar-jps-dial,with_roads,hourglass,245,883,45.8,0,,,
astar-jps-dial,with_roads,hourglass,805,867,40.1,0,,,
astar-jps-dial,with_roads,hourglass,677,510,36.8,0,,,
astar-jps-dial,with_roads,hourglass,270,544,38.5,1,1,1.000000,1
astar-jps-dial,with_roads,hourglass,731,338,37.9,0,,,
astar-jps-dial,with_roads,hourglass,993,1071,26.8,1,1,1.000000,1
astar-jps-dial,with_roads,hourglass,8,935,193.1,0,,,
astar-dial-cheb,no_roads,labyrinth,1977,334,1032.4,1,1,1.000000,1
astar-dial-cheb,no_roads,labyrinth,57,2295,1250.0,1,1,1.000000,1
astar-dial-cheb,no_roads,labyrinth,833,746,462.0,1,1,1.000000,1
astar-dial-cheb,no_roads,labyrinth,672,407,415.8,1,1,1.000000,1
astar-dial-cheb,no_roads,labyrinth,2283,309,1164.9,1,1,1.000000,1
astar-dial-cheb,no_roads,labyrinth,2093,2293,176.2,1,1,1.000000,1
astar-dial-cheb,no_roads,labyrinth,1681,237,1069.9,1,1,1.000000,1
astar-dial-cheb,no_roads,labyrinth,1823,1287,81.8,1,1,1.000000,1
astar-dial-cheb,no_roads,labyrinth,74,69,81.3,1,1,1.000000,1
astar-dial-cheb,no_roads,labyrinth,254,659,164.5,1,1,1.000000,1
astar-dial-cheb,no_roads,labyrinth,696,1558,798.3,1,1,1.000000,1
astar-dial-cheb,no_roads,labyrinth,1851,60,1401.8,1,1,1.000000,1
astar-dial-cheb,no_roads,labyrinth,1726,610,961.5,1,1,1.000000,1
astar-dial-cheb,no_roads,labyrinth,2200,2003,230.7,1,1,1.000000,1
astar-dial-cheb,no_roads,labyrinth,2159,1681,649.0,1,1,1.000000,1
astar-dial-cheb,no_roads,labyrinth,1281,664,1378.7,1,1,1.000000,1
astar-dial-cheb,no_roads,labyrinth,1386,1819,147.6,1,1,1.000000,1
astar-dial-cheb,no_roads,labyrinth,842,2487,1389.4,1,1,1.000000,1
astar-dial-cheb,no_roads,labyrinth,13,2339,1563.2,1,1,1.000000,1
astar-dial-cheb,no_roads,labyrinth,2477,481,1065.8,1,1,1.000000,1
astar-jps,no_roads,labyrinth,1977,334,602.6,1,1,1.000000,1
astar-jps,no_roads,labyrinth,57,2295,682.3,1,1,1.000000,1
astar-jps,no_roads,labyrinth,833,746,301.2,1,1,1.000000,1
astar-jps,no_roads,labyrinth,672,407,259.4,1,1,1.000000,1
astar-jps,no_roads,labyrinth,2283,309,669.7,1,1,1.000000,1
astar-jps,no_roads,labyrinth,2093,2293,108.4,1,1,1.000000,1
astar-jps,no_roads,labyrinth,1681,237,565.8,1,1,1.000000,1
astar-jps,no_roads,labyrinth,1823,1287,51.3,1,1,1.000000,1
astar-jps,no_roads,labyrinth,74,69,52.6,1,1,1.000000,1
astar-jps,no_roads,labyrinth,254,659,99.8,1,1,1.000000,1
astar-jps,no_roads,labyrinth,696,1558,450.7,1,1,1.000000,1
astar-jps,no_roads,labyrinth,1851,60,685.4,1,1,1.000000,1
astar-jps,no_roads,labyrinth,1726,610,549.9,1,1,1.000000,1
astar-jps,no_roads,labyrinth,2200,2003,127.7,1,1,1.000000,1
astar-jps,no_roads,labyrinth,2159,1681,542.3,1,1,1.000000,1
astar-jps,no_roads,labyrinth,1281,664,722.4,1,1,1.000000,1
astar-jps,no_roads,labyrinth,1386,1819,86.0,1,1,1.000000,1
astar-jps,no_roads,labyrinth,842,2487,935.7,1,1,1.000000,1
astar-jps,no_roads,labyrinth,13,2339,752.0,1,1,1.000000,1
astar-jps,no_roads,labyrinth,2477,481,668.0,1,1,1.000000,1
astar-jps-dial,no_roads,labyrinth,1977,334,659.2,1,1,1.000000,1
astar-jps-dial,no_roads,labyrinth,57,2295,780.3,1,1,1.000000,1
astar-jps-dial,no_roads,labyrinth,833,746,282.5,1,1,1.000000,1
astar-jps-dial,no_roads,labyrinth,672,407,256.1,1,1,1.000000,1
astar-jps-dial,no_roads,labyrinth,2283,309,750.8,1,1,1.000000,1
astar-jps-dial,no_roads,labyrinth,2093,2293,120.5,1,1,1.000000,1
astar-jps-dial,no_roads,labyrinth,1681,237,706.7,1,1,1.000000,1
astar-jps-dial,no_roads,labyrinth,1823,1287,66.1,1,1,1.000000,1
astar-jps-dial,no_roads,labyrinth,74,69,78.6,1,1,1.000000,1
astar-jps-dial,no_roads,labyrinth,254,659,245.2,1,1,1.000000,1
astar-jps-dial,no_roads,labyrinth,696,1558,610.8,1,1,1.000000,1
astar-jps-dial,no_roads,labyrinth,1851,60,788.4,1,1,1.000000,1
astar-jps-dial,no_roads,labyrinth,1726,610,592.3,1,1,1.000000,1
astar-jps-dial,no_roads,labyrinth,2200,2003,155.5,1,1,1.000000,1
astar-jps-dial,no_roads,labyrinth,2159,1681,460.6,1,1,1.000000,1
astar-jps-dial,no_roads,labyrinth,1281,664,785.9,1,1,1.000000,1
astar-jps-dial,no_roads,labyrinth,1386,1819,98.7,1,1,1.000000,1
astar-jps-dial,no_roads,labyrinth,842,2487,831.5,1,1,1.000000,1
astar-jps-dial,no_roads,labyrinth,13,2339,1081.6,1,1,1.000000,1
astar-jps-dial,no_roads,labyrinth,2477,481,803.1,1,1,1.000000,1
astar-dial-cheb,with_roads,labyrinth,1977,334,1078.2,1,1,1.000000,1
astar-dial-cheb,with_roads,labyrinth,57,2295,1425.7,1,1,1.000000,1
astar-dial-cheb,with_roads,labyrinth,833,746,372.3,1,1,1.000000,1
astar-dial-cheb,with_roads,labyrinth,672,407,777.3,1,1,1.000000,1
astar-dial-cheb,with_roads,labyrinth,2283,309,1227.4,1,1,1.000000,1
astar-dial-cheb,with_roads,labyrinth,2093,2293,218.6,1,1,1.000000,1
astar-dial-cheb,with_roads,labyrinth,1681,237,1397.8,1,1,1.000000,1
astar-dial-cheb,with_roads,labyrinth,1823,1287,97.7,1,1,1.000000,1
astar-dial-cheb,with_roads,labyrinth,74,69,74.0,1,1,1.000000,1
astar-dial-cheb,with_roads,labyrinth,254,659,369.6,1,1,1.000000,1
astar-dial-cheb,with_roads,labyrinth,696,1558,985.6,1,1,1.000000,1
astar-dial-cheb,with_roads,labyrinth,1851,60,1111.9,1,1,1.000000,1
astar-dial-cheb,with_roads,labyrinth,1726,610,1403.0,1,1,1.000000,1
astar-dial-cheb,with_roads,labyrinth,2200,2003,381.3,1,1,1.000000,1
astar-dial-cheb,with_roads,labyrinth,2159,1681,2403.3,1,1,1.000000,1
astar-dial-cheb,with_roads,labyrinth,1281,664,2729.4,1,1,1.000000,1
astar-dial-cheb,with_roads,labyrinth,1386,1819,212.4,1,1,1.000000,1
astar-dial-cheb,with_roads,labyrinth,842,2487,2912.8,1,1,1.000000,1
astar-dial-cheb,with_roads,labyrinth,13,2339,3052.5,1,1,1.000000,1
astar-dial-cheb,with_roads,labyrinth,2477,481,1620.2,1,1,1.000000,1
astar-jps,with_roads,labyrinth,1977,334,799.0,1,1,1.447489,1
astar-jps,with_roads,labyrinth,57,2295,901.0,1,1,1.423841,0
astar-jps,with_roads,labyrinth,833,746,305.1,1,1,1.714286,0
astar-jps,with_roads,labyrinth,672,407,253.5,1,1,1.080000,1
astar-jps,with_roads,labyrinth,2283,309,795.7,1,1,1.462185,1
astar-jps,with_roads,labyrinth,2093,2293,138.2,1,1,1.000000,1
astar-jps,with_roads,labyrinth,1681,237,724.8,1,1,1.265583,1
astar-jps,with_roads,labyrinth,1823,1287,60.9,1,1,1.250000,1
astar-jps,with_roads,labyrinth,74,69,69.1,1,1,1.153846,1
astar-jps,with_roads,labyrinth,254,659,147.5,1,1,1.000000,1
astar-jps,with_roads,labyrinth,696,1558,572.1,1,1,1.457944,1
astar-jps,with_roads,labyrinth,1851,60,791.5,1,1,1.602410,1
astar-jps,with_roads,labyrinth,1726,610,579.5,1,1,1.321839,0
astar-jps,with_roads,labyrinth,2200,2003,153.3,1,1,1.451613,1
astar-jps,with_roads,labyrinth,2159,1681,432.6,1,1,1.082569,0
astar-jps,with_roads,labyrinth,1281,664,741.0,1,1,1.403846,1
astar-jps,with_roads,labyrinth,1386,1819,82.4,1,1,1.689655,1
astar-jps,with_roads,labyrinth,842,2487,730.8,1,1,1.276786,1
astar-jps,with_roads,labyrinth,13,2339,717.3,1,1,1.445255,1
astar-jps,with_roads,labyrinth,2477,481,676.4,1,1,1.525773,1
astar-jps-dial,with_roads,labyrinth,1977,334,629.0,1,1,1.447489,1
astar-jps-dial,with_roads,labyrinth,57,2295,751.6,1,1,1.423841,0
astar-jps-dial,with_roads,labyrinth,833,746,281.8,1,1,1.714286,0
astar-jps-dial,with_roads,labyrinth,672,407,223.2,1,1,1.080000,1
astar-jps-dial,with_roads,labyrinth,2283,309,684.8,1,1,1.462185,1
astar-jps-dial,with_roads,labyrinth,2093,2293,117.4,1,1,1.000000,1
astar-jps-dial,with_roads,labyrinth,1681,237,770.8,1,1,1.265583,1
astar-jps-dial,with_roads,labyrinth,1823,1287,72.4,1,1,1.250000,1
astar-jps-dial,with_roads,labyrinth,74,69,66.8,1,1,1.153846,1
astar-jps-dial,with_roads,labyrinth,254,659,189.2,1,1,1.000000,1
astar-jps-dial,with_roads,labyrinth,696,1558,581.8,1,1,1.457944,1
astar-jps-dial,with_roads,labyrinth,1851,60,687.6,1,1,1.602410,1
astar-jps-dial,with_roads,labyrinth,1726,610,554.6,1,1,1.321839,0
astar-jps-dial,with_roads,labyrinth,2200,2003,172.9,1,1,1.451613,1
astar-jps-dial,with_roads,labyrinth,2159,1681,429.5,1,1,1.082569,0
astar-jps-dial,with_roads,labyrinth,1281,664,723.4,1,1,1.403846,1
astar-jps-dial,with_roads,labyrinth,1386,1819,80.3,1,1,1.689655,1
astar-jps-dial,with_roads,labyrinth,842,2487,671.7,1,1,1.276786,1
astar-jps-dial,with_roads,labyrinth,13,2339,696.1,1,1,1.445255,1
astar-jps-dial,with_roads,labyrinth,2477,481,606.6,1,1,1.525773,1
astar-dial-cheb,no_roads,landscape,796,114,519.7,1,1,1.000000,1
astar-dial-cheb,no_roads,landscape,25,314,128.6,1,1,1.000000,1
astar-dial-cheb,no_roads,landscape,278,249,14.4,1,1,1.000000,1
astar-dial-cheb,no_roads,landscape,143,896,474.6,1,1,1.000000,1
astar-dial-cheb,no_roads,landscape,104,834,514.5,1,1,1.000000,1
astar-dial-cheb,no_roads,landscape,687,89,256.8,1,1,1.000000,1
astar-dial-cheb,no_roads,landscape,745,532,115.3,1,1,1.000000,1
astar-dial-cheb,no_roads,landscape,32,30,19.7,1,1,1.000000,1
astar-dial-cheb,no_roads,landscape,95,244,48.7,1,1,1.000000,1
astar-dial-cheb,no_roads,landscape,262,633,328.7,1,1,1.000000,1
astar-dial-cheb,no_roads,landscape,757,27,550.7,1,1,1.000000,1
astar-dial-cheb,no_roads,landscape,712,219,252.3,1,1,1.000000,1
astar-dial-cheb,no_roads,landscape,875,807,284.5,1,1,1.000000,1
astar-dial-cheb,no_roads,landscape,860,687,82.7,1,1,1.000000,1
astar-dial-cheb,no_roads,landscape,529,246,265.0,1,1,1.000000,1
astar-dial-cheb,no_roads,landscape,560,744,50.7,1,1,1.000000,1
astar-dial-cheb,no_roads,landscape,317,6,180.8,1,1,1.000000,1
astar-dial-cheb,no_roads,landscape,164,856,519.6,1,1,1.000000,1
astar-dial-cheb,no_roads,landscape,532,415,35.8,1,1,1.000000,1
astar-dial-cheb,no_roads,landscape,317,160,109.1,1,1,1.000000,1
astar-jps,no_roads,landscape,796,114,139.7,1,1,1.000000,1
astar-jps,no_roads,landscape,25,314,63.4,1,1,1.000000,1
astar-jps,no_roads,landscape,278,249,21.4,1,1,1.000000,1
astar-jps,no_roads,landscape,143,896,178.1,1,1,1.000000,1
astar-jps,no_roads,landscape,104,834,199.0,1,1,1.000000,1
astar-jps,no_roads,landscape,687,89,77.2,1,1,1.000000,1
astar-jps,no_roads,landscape,745,532,51.9,1,1,1.000000,1
astar-jps,no_roads,landscape,32,30,24.4,1,1,1.000000,1
astar-jps,no_roads,landscape,95,244,39.8,1,1,1.000000,1
astar-jps,no_roads,landscape,262,633,91.7,1,1,1.000000,1
astar-jps,no_roads,landscape,757,27,169.0,1,1,1.000000,1
astar-jps,no_roads,landscape,712,219,87.0,1,1,1.000000,1
astar-jps,no_roads,landscape,875,807,56.7,1,1,1.000000,1
astar-jps,no_roads,landscape,860,687,35.7,1,1,1.000000,1
astar-jps,no_roads,landscape,529,246,112.4,1,1,1.000000,1
astar-jps,no_roads,landscape,560,744,31.9,1,1,1.000000,1
astar-jps,no_roads,landscape,317,6,58.9,1,1,1.000000,1
astar-jps,no_roads,landscape,164,856,284.9,1,1,1.000000,1
astar-jps,no_roads,landscape,532,415,24.4,1,1,1.000000,1
astar-jps,no_roads,landscape,317,160,55.4,1,1,1.000000,1
astar-jps-dial,no_roads,landscape,796,114,221.7,1,1,1.000000,1
astar-jps-dial,no_roads,landscape,25,314,57.7,1,1,1.000000,1
astar-jps-dial,no_roads,landscape,278,249,20.3,1,1,1.000000,1
astar-jps-dial,no_roads,landscape,143,896,150.7,1,1,1.000000,1
astar-jps-dial,no_roads,landscape,104,834,189.9,1,1,1.000000,1
astar-jps-dial,no_roads,landscape,687,89,79.3,1,1,1.000000,1
astar-jps-dial,no_roads,landscape,745,532,51.8,1,1,1.000000,1
astar-jps-dial,no_roads,landscape,32,30,30.2,1,1,1.000000,1
astar-jps-dial,no_roads,landscape,95,244,39.3,1,1,1.000000,1
astar-jps-dial,no_roads,landscape,262,633,85.7,1,1,1.000000,1
astar-jps-dial,no_roads,landscape,757,27,191.3,1,1,1.000000,1
astar-jps-dial,no_roads,landscape,712,219,101.2,1,1,1.000000,1
astar-jps-dial,no_roads,landscape,875,807,40.0,1,1,1.000000,1
astar-jps-dial,no_roads,landscape,860,687,37.0,1,1,1.000000,1
astar-jps-dial,no_roads,landscape,529,246,100.3,1,1,1.000000,1
astar-jps-dial,no_roads,landscape,560,744,32.2,1,1,1.000000,1
astar-jps-dial,no_roads,landscape,317,6,92.8,1,1,1.000000,1
astar-jps-dial,no_roads,landscape,164,856,284.5,1,1,1.000000,1
astar-jps-dial,no_roads,landscape,532,415,28.3,1,1,1.000000,1
astar-jps-dial,no_roads,landscape,317,160,71.0,1,1,1.000000,1
astar-dial-cheb,with_roads,landscape,796,114,856.0,1,1,1.000000,1
astar-dial-cheb,with_roads,landscape,25,314,172.4,1,1,1.000000,1
astar-dial-cheb,with_roads,landscape,278,249,18.0,1,1,1.000000,1
astar-dial-cheb,with_roads,landscape,143,896,653.1,1,1,1.000000,1
astar-dial-cheb,with_roads,landscape,104,834,845.3,1,1,1.000000,1
astar-dial-cheb,with_roads,landscape,687,89,349.5,1,1,1.000000,1
astar-dial-cheb,with_roads,landscape,745,532,148.6,1,1,1.000000,1
astar-dial-cheb,with_roads,landscape,32,30,20.9,1,1,1.000000,1
astar-dial-cheb,with_roads,landscape,95,244,24.5,1,1,1.000000,1
astar-dial-cheb,with_roads,landscape,262,633,396.1,1,1,1.000000,1
astar-dial-cheb,with_roads,landscape,757,27,783.0,1,1,1.000000,1
astar-dial-cheb,with_roads,landscape,712,219,336.0,1,1,1.000000,1
astar-dial-cheb,with_roads,landscape,875,807,418.2,1,1,1.000000,1
astar-dial-cheb,with_roads,landscape,860,687,84.4,1,1,1.000000,1
astar-dial-cheb,with_roads,landscape,529,246,220.4,1,1,1.000000,1
astar-dial-cheb,with_roads,landscape,560,744,60.3,1,1,1.000000,1
astar-dial-cheb,with_roads,landscape,317,6,233.0,1,1,1.000000,1
astar-dial-cheb,with_roads,landscape,164,856,532.5,1,1,1.000000,1
astar-dial-cheb,with_roads,landscape,532,415,41.5,1,1,1.000000,1
astar-dial-cheb,with_roads,landscape,317,160,129.5,1,1,1.000000,1
astar-jps,with_roads,landscape,796,114,170.7,1,1,1.000000,1
astar-jps,with_roads,landscape,25,314,75.8,1,1,1.000000,1
astar-jps,with_roads,landscape,278,249,25.5,1,1,1.000000,1
astar-jps,with_roads,landscape,143,896,211.4,1,1,1.000000,1
astar-jps,with_roads,landscape,104,834,250.2,1,1,1.000000,1
astar-jps,with_roads,landscape,687,89,76.1,1,1,1.000000,1
astar-jps,with_roads,landscape,745,532,64.3,1,1,1.000000,1
astar-jps,with_roads,landscape,32,30,28.3,1,1,1.000000,1
astar-jps,with_roads,landscape,95,244,45.7,1,1,1.285714,1
astar-jps,with_roads,landscape,262,633,114.8,1,1,1.000000,1
astar-jps,with_roads,landscape,757,27,194.0,1,1,1.011628,0
astar-jps,with_roads,landscape,712,219,102.8,1,1,1.000000,1
astar-jps,with_roads,landscape,875,807,69.2,1,1,1.000000,1
astar-jps,with_roads,landscape,860,687,41.8,1,1,1.000000,1
astar-jps,with_roads,landscape,529,246,102.6,1,1,1.200000,1
astar-jps,with_roads,landscape,560,744,34.6,1,1,1.000000,1
astar-jps,with_roads,landscape,317,6,63.2,1,1,1.000000,1
astar-jps,with_roads,landscape,164,856,328.7,1,1,1.070175,1
astar-jps,with_roads,landscape,532,415,28.8,1,1,1.000000,1
astar-jps,with_roads,landscape,317,160,60.8,1,1,1.000000,1
astar-jps-dial,with_roads,landscape,796,114,223.8,1,1,1.000000,1
astar-jps-dial,with_roads,landscape,25,314,65.7,1,1,1.000000,1
astar-jps-dial,with_roads,landscape,278,249,23.6,1,1,1.000000,1
astar-jps-dial,with_roads,landscape,143,896,170.2,1,1,1.000000,1
astar-jps-dial,with_roads,landscape,104,834,189.9,1,1,1.000000,1
astar-jps-dial,with_roads,landscape,687,89,86.5,1,1,1.000000,1
astar-jps-dial,with_roads,landscape,745,532,57.9,1,1,1.000000,1
astar-jps-dial,with_roads,landscape,32,30,34.1,1,1,1.000000,1
astar-jps-dial,with_roads,landscape,95,244,43.8,1,1,1.285714,1
astar-jps-dial,with_roads,landscape,262,633,97.5,1,1,1.000000,1
astar-jps-dial,with_roads,landscape,757,27,189.0,1,1,1.011628,0
astar-jps-dial,with_roads,landscape,712,219,93.3,1,1,1.000000,1
astar-jps-dial,with_roads,landscape,875,807,43.4,1,1,1.000000,1
astar-jps-dial,with_roads,landscape,860,687,45.8,1,1,1.000000,1
astar-jps-dial,with_roads,landscape,529,246,106.4,1,1,1.050000,1
astar-jps-dial,with_roads,landscape,560,744,33.4,1,1,1.000000,1
astar-jps-dial,with_roads,landscape,317,6,76.0,1,1,1.000000,1
astar-jps-dial,with_roads,landscape,164,856,280.7,1,1,1.210526,0
astar-jps-dial,with_roads,landscape,532,415,31.2,1,1,1.000000,1
astar-jps-dial,with_roads,landscape,317,160,77.0,1,1,1.000000,1
astar-dial-cheb,no_roads,mandelbrot,1578,280,845.3,1,1,1.000000,1
astar-dial-cheb,no_roads,mandelbrot,55,1846,1338.7,1,1,1.000000,1
astar-dial-cheb,no_roads,mandelbrot,685,610,1455.4,1,1,1.000000,1
astar-dial-cheb,no_roads,mandelbrot,564,349,955.4,1,1,1.000000,1
astar-dial-cheb,no_roads,mandelbrot,1824,254,1349.9,1,1,1.000000,1
astar-dial-cheb,no_roads,mandelbrot,1675,1844,456.6,1,1,1.000000,1
astar-dial-cheb,no_roads,mandelbrot,1350,208,347.1,1,1,1.000000,1
astar-dial-cheb,no_roads,mandelbrot,1458,1048,1677.4,1,1,1.000000,1
astar-dial-cheb,no_roads,mandelbrot,69,65,42.1,1,1,1.000000,1
astar-dial-cheb,no_roads,mandelbrot,224,553,522.3,1,1,1.000000,1
astar-dial-cheb,no_roads,mandelbrot,584,1245,855.2,1,1,1.000000,1
astar-dial-cheb,no_roads,mandelbrot,1483,58,1008.5,1,1,1.000000,1
astar-dial-cheb,no_roads,mandelbrot,1390,509,1238.7,1,1,1.000000,1
astar-dial-cheb,no_roads,mandelbrot,1771,1600,627.1,1,1,1.000000,1
astar-dial-cheb,no_roads,mandelbrot,1735,1350,1258.6,1,1,1.000000,1
astar-dial-cheb,no_roads,mandelbrot,1043,557,1293.3,1,1,1.000000,1
astar-dial-cheb,no_roads,mandelbrot,1114,1455,88.0,0,,,
astar-dial-cheb,no_roads,mandelbrot,691,2011,1040.8,1,1,1.000000,1
astar-dial-cheb,no_roads,mandelbrot,13,1893,1163.4,1,1,1.000000,1
astar-dial-cheb,no_roads,mandelbrot,2004,403,831.9,1,1,1.000000,1
astar-jps,no_roads,mandelbrot,1578,280,158.8,1,1,1.000000,1
astar-jps,no_roads,mandelbrot,55,1846,293.9,1,1,1.000000,1
astar-jps,no_roads,mandelbrot,685,610,353.7,1,1,1.000000,1
astar-jps,no_roads,mandelbrot,564,349,137.9,1,1,1.000000,1
astar-jps,no_roads,mandelbrot,1824,254,307.7,1,1,1.000000,1
astar-jps,no_roads,mandelbrot,1675,1844,122.8,1,1,1.000000,1
astar-jps,no_roads,mandelbrot,1350,208,91.2,1,1,1.000000,1
astar-jps,no_roads,mandelbrot,1458,1048,385.2,1,1,1.000000,1
astar-jps,no_roads,mandelbrot,69,65,34.8,1,1,1.000000,1
astar-jps,no_roads,mandelbrot,224,553,178.2,1,1,1.000000,1
astar-jps,no_roads,mandelbrot,584,1245,200.3,1,1,1.000000,1
astar-jps,no_roads,mandelbrot,1483,58,157.9,1,1,1.000000,1
astar-jps,no_roads,mandelbrot,1390,509,326.1,1,1,1.000000,1
astar-jps,no_roads,mandelbrot,1771,1600,194.7,1,1,1.000000,1
astar-jps,no_roads,mandelbrot,1735,1350,277.0,1,1,1.000000,1
astar-jps,no_roads,mandelbrot,1043,557,586.2,1,1,1.000000,1
astar-jps,no_roads,mandelbrot,1114,1455,24.9,0,,,
astar-jps,no_roads,mandelbrot,691,2011,157.2,1,1,1.000000,1
astar-jps,no_roads,mandelbrot,13,1893,201.8,1,1,1.000000,1
astar-jps,no_roads,mandelbrot,2004,403,216.8,1,1,1.000000,1
astar-jps-dial,no_roads,mandelbrot,1578,280,108.9,1,1,1.000000,1
astar-jps-dial,no_roads,mandelbrot,55,1846,280.0,1,1,1.000000,1
astar-jps-dial,no_roads,mandelbrot,685,610,318.5,1,1,1.000000,1
astar-jps-dial,no_roads,mandelbrot,564,349,207.8,1,1,1.000000,1
astar-jps-dial,no_roads,mandelbrot,1824,254,336.7,1,1,1.000000,1
astar-jps-dial,no_roads,mandelbrot,1675,1844,129.8,1,1,1.000000,1
astar-jps-dial,no_roads,mandelbrot,1350,208,155.6,1,1,1.000000,1
astar-jps-dial,no_roads,mandelbrot,1458,1048,428.2,1,1,1.000000,1
astar-jps-dial,no_roads,mandelbrot,69,65,35.1,1,1,1.000000,1
astar-jps-dial,no_roads,mandelbrot,224,553,164.7,1,1,1.000000,1
astar-jps-dial,no_roads,mandelbrot,584,1245,177.7,1,1,1.000000,1
astar-jps-dial,no_roads,mandelbrot,1483,58,165.1,1,1,1.000000,1
astar-jps-dial,no_roads,mandelbrot,1390,509,320.3,1,1,1.000000,1
astar-jps-dial,no_roads,mandelbrot,1771,1600,199.6,1,1,1.000000,1
astar-jps-dial,no_roads,mandelbrot,1735,1350,292.5,1,1,1.000000,1
astar-jps-dial,no_roads,mandelbrot,1043,557,601.6,1,1,1.000000,1
astar-jps-dial,no_roads,mandelbrot,1114,1455,35.7,0,,,
astar-jps-dial,no_roads,mandelbrot,691,2011,152.9,1,1,1.000000,1
astar-jps-dial,no_roads,mandelbrot,13,1893,192.8,1,1,1.000000,1
astar-jps-dial,no_roads,mandelbrot,2004,403,245.6,1,1,1.000000,1
astar-dial-cheb,with_roads,mandelbrot,1578,280,1161.9,1,1,1.000000,1
astar-dial-cheb,with_roads,mandelbrot,55,1846,1455.8,1,1,1.000000,1
astar-dial-cheb,with_roads,mandelbrot,685,610,1203.1,1,1,1.000000,1
astar-dial-cheb,with_roads,mandelbrot,564,349,1072.9,1,1,1.000000,1
astar-dial-cheb,with_roads,mandelbrot,1824,254,1028.4,1,1,1.000000,1
astar-dial-cheb,with_roads,mandelbrot,1675,1844,483.0,1,1,1.000000,1
astar-dial-cheb,with_roads,mandelbrot,1350,208,343.7,1,1,1.000000,1
astar-dial-cheb,with_roads,mandelbrot,1458,1048,1692.5,1,1,1.000000,1
astar-dial-cheb,with_roads,mandelbrot,69,65,29.3,1,1,1.000000,1
astar-dial-cheb,with_roads,mandelbrot,224,553,378.4,1,1,1.000000,1
astar-dial-cheb,with_roads,mandelbrot,584,1245,899.1,1,1,1.000000,1
astar-dial-cheb,with_roads,mandelbrot,1483,58,594.0,1,1,1.000000,1
astar-dial-cheb,with_roads,mandelbrot,1390,509,1125.5,1,1,1.000000,1
astar-dial-cheb,with_roads,mandelbrot,1771,1600,620.4,1,1,1.000000,1
astar-dial-cheb,with_roads,mandelbrot,1735,1350,1375.2,1,1,1.000000,1
astar-dial-cheb,with_roads,mandelbrot,1043,557,1353.0,1,1,1.000000,1
astar-dial-cheb,with_roads,mandelbrot,1114,1455,82.8,0,,,
astar-dial-cheb,with_roads,mandelbrot,691,2011,1168.9,1,1,1.000000,1
astar-dial-cheb,with_roads,mandelbrot,13,1893,1162.6,1,1,1.000000,1
astar-dial-cheb,with_roads,mandelbrot,2004,403,715.6,1,1,1.000000,1
astar-jps,with_roads,mandelbrot,1578,280,152.7,1,1,1.000000,1
astar-jps,with_roads,mandelbrot,55,1846,295.5,1,1,1.073394,0
astar-jps,with_roads,mandelbrot,685,610,335.7,1,1,1.000000,1
astar-jps,with_roads,mandelbrot,564,349,132.1,1,1,1.042105,1
astar-jps,with_roads,mandelbrot,1824,254,305.6,1,1,1.019417,1
astar-jps,with_roads,mandelbrot,1675,1844,140.1,1,1,1.000000,1
astar-jps,with_roads,mandelbrot,1350,208,93.9,1,1,1.000000,1
astar-jps,with_roads,mandelbrot,1458,1048,380.9,1,1,1.000000,1
astar-jps,with_roads,mandelbrot,69,65,35.4,1,1,2.000000,0
astar-jps,with_roads,mandelbrot,224,553,218.9,1,1,1.321429,1
astar-jps,with_roads,mandelbrot,584,1245,203.6,1,1,1.000000,1
astar-jps,with_roads,mandelbrot,1483,58,157.7,1,1,1.028571,1
astar-jps,with_roads,mandelbrot,1390,509,313.8,1,1,1.000000,1
astar-jps,with_roads,mandelbrot,1771,1600,180.2,1,1,1.000000,1
astar-jps,with_roads,mandelbrot,1735,1350,282.2,1,1,1.000000,1
astar-jps,with_roads,mandelbrot,1043,557,686.2,1,1,1.000000,1
astar-jps,with_roads,mandelbrot,1114,1455,26.0,0,,,
astar-jps,with_roads,mandelbrot,691,2011,189.9,1,1,1.000000,1
astar-jps,with_roads,mandelbrot,13,1893,203.4,1,1,1.135417,0
astar-jps,with_roads,mandelbrot,2004,403,204.6,1,1,1.000000,1
astar-jps-dial,with_roads,mandelbrot,1578,280,109.6,1,1,1.000000,1
astar-jps-dial,with_roads,mandelbrot,55,1846,279.8,1,1,1.073394,0
astar-jps-dial,with_roads,mandelbrot,685,610,318.8,1,1,1.000000,1
astar-jps-dial,with_roads,mandelbrot,564,349,199.3,1,1,1.042105,1
astar-jps-dial,with_roads,mandelbrot,1824,254,304.4,1,1,1.019417,1
astar-jps-dial,with_roads,mandelbrot,1675,1844,139.1,1,1,1.000000,1
astar-jps-dial,with_roads,mandelbrot,1350,208,160.0,1,1,1.000000,1
astar-jps-dial,with_roads,mandelbrot,1458,1048,410.1,1,1,1.000000,1
astar-jps-dial,with_roads,mandelbrot,69,65,34.3,1,1,2.000000,0
astar-jps-dial,with_roads,mandelbrot,224,553,171.2,1,1,1.321429,1
astar-jps-dial,with_roads,mandelbrot,584,1245,178.8,1,1,1.000000,1
astar-jps-dial,with_roads,mandelbrot,1483,58,170.5,1,1,1.028571,1
astar-jps-dial,with_roads,mandelbrot,1390,509,319.3,1,1,1.000000,1
astar-jps-dial,with_roads,mandelbrot,1771,1600,194.4,1,1,1.000000,1
astar-jps-dial,with_roads,mandelbrot,1735,1350,275.0,1,1,1.000000,1
astar-jps-dial,with_roads,mandelbrot,1043,557,555.2,1,1,1.000000,1
astar-jps-dial,with_roads,mandelbrot,1114,1455,39.9,0,,,
astar-jps-dial,with_roads,mandelbrot,691,2011,164.1,1,1,1.000000,1
astar-jps-dial,with_roads,mandelbrot,13,1893,203.7,1,1,1.135417,0
astar-jps-dial,with_roads,mandelbrot,2004,403,236.7,1,1,1.000000,1
astar-dial-cheb,no_roads,metropolitan_dystopia,1815,305,1731.0,1,1,1.000000,1
astar-dial-cheb,no_roads,metropolitan_dystopia,54,2132,1390.3,1,1,1.000000,1
astar-dial-cheb,no_roads,metropolitan_dystopia,796,704,693.7,1,1,1.000000,1
astar-dial-cheb,no_roads,metropolitan_dystopia,645,386,228.1,1,1,1.000000,1
astar-dial-cheb,no_roads,metropolitan_dystopia,2113,274,1784.2,1,1,1.000000,1
astar-dial-cheb,no_roads,metropolitan_dystopia,1921,2129,308.7,1,1,1.000000,1
astar-dial-cheb,no_roads,metropolitan_dystopia,1547,230,1602.4,1,1,1.000000,1
astar-dial-cheb,no_roads,metropolitan_dystopia,1681,1207,726.5,1,1,1.000000,1
astar-dial-cheb,no_roads,metropolitan_dystopia,77,69,84.8,1,1,1.000000,1
astar-dial-cheb,no_roads,metropolitan_dystopia,250,633,886.8,1,1,1.000000,1
astar-dial-cheb,no_roads,metropolitan_dystopia,667,1431,872.3,1,1,1.000000,1
astar-dial-cheb,no_roads,metropolitan_dystopia,1705,57,1703.9,1,1,1.000000,1
astar-dial-cheb,no_roads,metropolitan_dystopia,1594,576,1781.1,1,1,1.000000,1
astar-dial-cheb,no_roads,metropolitan_dystopia,2037,1847,168.6,1,1,1.000000,1
astar-dial-cheb,no_roads,metropolitan_dystopia,1995,1547,123.4,1,1,1.000000,1
astar-dial-cheb,no_roads,metropolitan_dystopia,1202,639,1429.0,1,1,1.000000,1
astar-dial-cheb,no_roads,metropolitan_dystopia,1281,1677,93.5,1,1,1.000000,1
astar-dial-cheb,no_roads,metropolitan_dystopia,802,2325,1557.0,1,1,1.000000,1
astar-dial-cheb,no_roads,metropolitan_dystopia,2486,13,1376.1,1,1,1.000000,1
astar-dial-cheb,no_roads,metropolitan_dystopia,2182,2318,270.2,1,1,1.000000,1
astar-jps,no_roads,metropolitan_dystopia,1815,305,873.3,1,1,1.000000,1
astar-jps,no_roads,metropolitan_dystopia,54,2132,705.8,1,1,1.000000,1
astar-jps,no_roads,metropolitan_dystopia,796,704,422.1,1,1,1.000000,1
astar-jps,no_roads,metropolitan_dystopia,645,386,119.9,1,1,1.000000,1
astar-jps,no_roads,metropolitan_dystopia,2113,274,751.5,1,1,1.000000,1
astar-jps,no_roads,metropolitan_dystopia,1921,2129,93.2,1,1,1.000000,1
astar-jps,no_roads,metropolitan_dystopia,1547,230,554.6,1,1,1.000000,1
astar-jps,no_roads,metropolitan_dystopia,1681,1207,176.9,1,1,1.000000,1
astar-jps,no_roads,metropolitan_dystopia,77,69,32.3,1,1,1.000000,1
astar-jps,no_roads,metropolitan_dystopia,250,633,355.7,1,1,1.000000,1
astar-jps,no_roads,metropolitan_dystopia,667,1431,245.1,1,1,1.000000,1
astar-jps,no_roads,metropolitan_dystopia,1705,57,679.7,1,1,1.000000,1
astar-jps,no_roads,metropolitan_dystopia,1594,576,791.0,1,1,1.000000,1
astar-jps,no_roads,metropolitan_dystopia,2037,1847,58.3,1,1,1.000000,1
astar-jps,no_roads,metropolitan_dystopia,1995,1547,58.2,1,1,1.000000,1
astar-jps,no_roads,metropolitan_dystopia,1202,639,505.1,1,1,1.000000,1
astar-jps,no_roads,metropolitan_dystopia,1281,1677,40.9,1,1,1.000000,1
astar-jps,no_roads,metropolitan_dystopia,802,2325,478.7,1,1,1.000000,1
astar-jps,no_roads,metropolitan_dystopia,2486,13,558.5,1,1,1.000000,1
astar-jps,no_roads,metropolitan_dystopia,2182,2318,85.5,1,1,1.000000,1
astar-jps-dial,no_roads,metropolitan_dystopia,1815,305,637.2,1,1,1.000000,1
astar-jps-dial,no_roads,metropolitan_dystopia,54,2132,517.9,1,1,1.000000,1
astar-jps-dial,no_roads,metropolitan_dystopia,796,704,304.2,1,1,1.000000,1
astar-jps-dial,no_roads,metropolitan_dystopia,645,386,89.1,1,1,1.000000,1
astar-jps-dial,no_roads,metropolitan_dystopia,2113,274,585.8,1,1,1.000000,1
astar-jps-dial,no_roads,metropolitan_dystopia,1921,2129,92.1,1,1,1.000000,1
astar-jps-dial,no_roads,metropolitan_dystopia,1547,230,451.4,1,1,1.000000,1
astar-jps-dial,no_roads,metropolitan_dystopia,1681,1207,148.5,1,1,1.000000,1
astar-jps-dial,no_roads,metropolitan_dystopia,77,69,43.2,1,1,1.000000,1
astar-jps-dial,no_roads,metropolitan_dystopia,250,633,278.8,1,1,1.000000,1
astar-jps-dial,no_roads,metropolitan_dystopia,667,1431,182.7,1,1,1.000000,1
astar-jps-dial,no_roads,metropolitan_dystopia,1705,57,576.4,1,1,1.000000,1
astar-jps-dial,no_roads,metropolitan_dystopia,1594,576,648.5,1,1,1.000000,1
astar-jps-dial,no_roads,metropolitan_dystopia,2037,1847,55.8,1,1,1.000000,1
astar-jps-dial,no_roads,metropolitan_dystopia,1995,1547,52.4,1,1,1.000000,1
astar-jps-dial,no_roads,metropolitan_dystopia,1202,639,437.1,1,1,1.000000,1
astar-jps-dial,no_roads,metropolitan_dystopia,1281,1677,37.2,1,1,1.000000,1
astar-jps-dial,no_roads,metropolitan_dystopia,802,2325,418.5,1,1,1.000000,1
astar-jps-dial,no_roads,metropolitan_dystopia,2486,13,477.6,1,1,1.000000,1
astar-jps-dial,no_roads,metropolitan_dystopia,2182,2318,88.9,1,1,1.000000,1
astar-dial-cheb,with_roads,metropolitan_dystopia,1815,305,1054.7,1,1,1.000000,1
astar-dial-cheb,with_roads,metropolitan_dystopia,54,2132,854.8,1,1,1.000000,1
astar-dial-cheb,with_roads,metropolitan_dystopia,796,704,399.9,1,1,1.000000,1
astar-dial-cheb,with_roads,metropolitan_dystopia,645,386,160.5,1,1,1.000000,1
astar-dial-cheb,with_roads,metropolitan_dystopia,2113,274,1174.0,1,1,1.000000,1
astar-dial-cheb,with_roads,metropolitan_dystopia,1921,2129,209.8,1,1,1.000000,1
astar-dial-cheb,with_roads,metropolitan_dystopia,1547,230,915.5,1,1,1.000000,1
astar-dial-cheb,with_roads,metropolitan_dystopia,1681,1207,216.2,1,1,1.000000,1
astar-dial-cheb,with_roads,metropolitan_dystopia,77,69,59.0,1,1,1.000000,1
astar-dial-cheb,with_roads,metropolitan_dystopia,250,633,902.0,1,1,1.000000,1
astar-dial-cheb,with_roads,metropolitan_dystopia,667,1431,388.8,1,1,1.000000,1
astar-dial-cheb,with_roads,metropolitan_dystopia,1705,57,1132.9,1,1,1.000000,1
astar-dial-cheb,with_roads,metropolitan_dystopia,1594,576,1115.7,1,1,1.000000,1
astar-dial-cheb,with_roads,metropolitan_dystopia,2037,1847,116.2,1,1,1.000000,1
astar-dial-cheb,with_roads,metropolitan_dystopia,1995,1547,56.9,1,1,1.000000,1
astar-dial-cheb,with_roads,metropolitan_dystopia,1202,639,1117.4,1,1,1.000000,1
astar-dial-cheb,with_roads,metropolitan_dystopia,1281,1677,73.3,1,1,1.000000,1
astar-dial-cheb,with_roads,metropolitan_dystopia,802,2325,965.5,1,1,1.000000,1
astar-dial-cheb,with_roads,metropolitan_dystopia,2486,13,1050.2,1,1,1.000000,1
astar-dial-cheb,with_roads,metropolitan_dystopia,2182,2318,217.2,1,1,1.000000,1
astar-jps,with_roads,metropolitan_dystopia,1815,305,746.4,1,1,1.091255,1
astar-jps,with_roads,metropolitan_dystopia,54,2132,614.9,1,1,1.156250,1
astar-jps,with_roads,metropolitan_dystopia,796,704,398.1,1,1,1.032258,1
astar-jps,with_roads,metropolitan_dystopia,645,386,106.3,1,1,1.000000,1
astar-jps,with_roads,metropolitan_dystopia,2113,274,711.6,1,1,1.111465,1
astar-jps,with_roads,metropolitan_dystopia,1921,2129,97.3,1,1,1.000000,1
astar-jps,with_roads,metropolitan_dystopia,1547,230,553.5,1,1,1.273885,1
astar-jps,with_roads,metropolitan_dystopia,1681,1207,177.2,1,1,1.369231,1
astar-jps,with_roads,metropolitan_dystopia,77,69,31.6,1,1,1.000000,1
astar-jps,with_roads,metropolitan_dystopia,250,633,366.4,1,1,1.000000,1
astar-jps,with_roads,metropolitan_dystopia,667,1431,229.4,1,1,1.047059,1
astar-jps,with_roads,metropolitan_dystopia,1705,57,681.9,1,1,1.255396,1
astar-jps,with_roads,metropolitan_dystopia,1594,576,802.5,1,1,1.204762,1
astar-jps,with_roads,metropolitan_dystopia,2037,1847,57.1,1,1,1.062500,1
astar-jps,with_roads,metropolitan_dystopia,1995,1547,57.2,1,1,1.000000,1
astar-jps,with_roads,metropolitan_dystopia,1202,639,513.3,1,1,1.032432,0
astar-jps,with_roads,metropolitan_dystopia,1281,1677,40.9,1,1,1.000000,1
astar-jps,with_roads,metropolitan_dystopia,802,2325,484.2,1,1,1.063291,0
astar-jps,with_roads,metropolitan_dystopia,2486,13,576.8,1,1,1.232955,1
astar-jps,with_roads,metropolitan_dystopia,2182,2318,87.9,1,1,1.000000,1
astar-jps-dial,with_roads,metropolitan_dystopia,1815,305,667.3,1,1,1.091255,1
astar-jps-dial,with_roads,metropolitan_dystopia,54,2132,543.4,1,1,1.156250,1
astar-jps-dial,with_roads,metropolitan_dystopia,796,704,334.6,1,1,1.032258,1
astar-jps-dial,with_roads,metropolitan_dystopia,645,386,90.8,1,1,1.000000,1
astar-jps-dial,with_roads,metropolitan_dystopia,2113,274,620.9,1,1,1.111465,1
astar-jps-dial,with_roads,metropolitan_dystopia,1921,2129,97.0,1,1,1.000000,1
astar-jps-dial,with_roads,metropolitan_dystopia,1547,230,490.5,1,1,1.273885,1
astar-jps-dial,with_roads,metropolitan_dystopia,1681,1207,153.6,1,1,1.369231,1
astar-jps-dial,with_roads,metropolitan_dystopia,77,69,47.3,1,1,1.000000,1
astar-jps-dial,with_roads,metropolitan_dystopia,250,633,328.1,1,1,1.000000,1
astar-jps-dial,with_roads,metropolitan_dystopia,667,1431,199.4,1,1,1.047059,1
astar-jps-dial,with_roads,metropolitan_dystopia,1705,57,630.7,1,1,1.255396,1
astar-jps-dial,with_roads,metropolitan_dystopia,1594,576,729.2,1,1,1.204762,1
astar-jps-dial,with_roads,metropolitan_dystopia,2037,1847,66.2,1,1,1.062500,1
astar-jps-dial,with_roads,metropolitan_dystopia,1995,1547,63.2,1,1,1.000000,1
astar-jps-dial,with_roads,metropolitan_dystopia,1202,639,501.4,1,1,1.032432,0
astar-jps-dial,with_roads,metropolitan_dystopia,1281,1677,51.4,1,1,1.000000,1
astar-jps-dial,with_roads,metropolitan_dystopia,802,2325,543.1,1,1,1.063291,0
astar-jps-dial,with_roads,metropolitan_dystopia,2486,13,541.2,1,1,1.232955,1
astar-jps-dial,with_roads,metropolitan_dystopia,2182,2318,104.8,1,1,1.000000,1
astar-dial-cheb,no_roads,minimaze,478,84,186.6,1,1,1.000000,1
astar-dial-cheb,no_roads,minimaze,16,551,286.0,1,1,1.000000,1
astar-dial-cheb,no_roads,minimaze,214,181,42.6,1,1,1.000000,1
astar-dial-cheb,no_roads,minimaze,164,101,162.3,1,1,1.000000,1
astar-dial-cheb,no_roads,minimaze,549,77,292.1,1,1,1.000000,1
astar-dial-cheb,no_roads,minimaze,502,551,19.6,1,1,1.000000,1
astar-dial-cheb,no_roads,minimaze,403,61,183.8,1,1,1.000000,1
astar-dial-cheb,no_roads,minimaze,441,330,165.0,1,1,1.000000,1
astar-dial-cheb,no_roads,minimaze,21,19,10.8,1,1,1.000000,1
astar-dial-cheb,no_roads,minimaze,65,161,35.9,1,1,1.000000,1
astar-dial-cheb,no_roads,minimaze,171,380,161.7,1,1,1.000000,1
astar-dial-cheb,no_roads,minimaze,448,17,154.0,1,1,1.000000,1
astar-dial-cheb,no_roads,minimaze,422,148,83.3,1,1,1.000000,1
astar-dial-cheb,no_roads,minimaze,525,485,90.6,1,1,1.000000,1
astar-dial-cheb,no_roads,minimaze,518,403,175.1,1,1,1.000000,1
astar-dial-cheb,no_roads,minimaze,328,162,203.7,1,1,1.000000,1
astar-dial-cheb,no_roads,minimaze,345,439,59.4,1,1,1.000000,1
astar-dial-cheb,no_roads,minimaze,216,592,196.3,1,1,1.000000,1
astar-dial-cheb,no_roads,minimaze,624,6,242.9,1,1,1.000000,1
astar-dial-cheb,no_roads,minimaze,560,590,144.7,1,1,1.000000,1
astar-jps,no_roads,minimaze,478,84,89.0,1,1,1.000000,1
astar-jps,no_roads,minimaze,16,551,121.7,1,1,1.000000,1
astar-jps,no_roads,minimaze,214,181,31.3,1,1,1.000000,1
astar-jps,no_roads,minimaze,164,101,91.4,1,1,1.000000,1
astar-jps,no_roads,minimaze,549,77,187.0,1,1,1.000000,1
astar-jps,no_roads,minimaze,502,551,21.5,1,1,1.000000,1
astar-jps,no_roads,minimaze,403,61,61.6,1,1,1.000000,1
astar-jps,no_roads,minimaze,441,330,74.4,1,1,1.000000,1
astar-jps,no_roads,minimaze,21,19,13.0,1,1,1.000000,1
astar-jps,no_roads,minimaze,65,161,21.0,1,1,1.000000,1
astar-jps,no_roads,minimaze,171,380,84.2,1,1,1.000000,1
astar-jps,no_roads,minimaze,448,17,51.0,1,1,1.000000,1
astar-jps,no_roads,minimaze,422,148,27.0,1,1,1.000000,1
astar-jps,no_roads,minimaze,525,485,54.8,1,1,1.000000,1
astar-jps,no_roads,minimaze,518,403,94.5,1,1,1.000000,1
astar-jps,no_roads,minimaze,328,162,106.3,1,1,1.000000,1
astar-jps,no_roads,minimaze,345,439,34.0,1,1,1.000000,1
astar-jps,no_roads,minimaze,216,592,91.4,1,1,1.000000,1
astar-jps,no_roads,minimaze,624,6,113.8,1,1,1.000000,1
astar-jps,no_roads,minimaze,560,590,56.9,1,1,1.000000,1
astar-jps-dial,no_roads,minimaze,478,84,83.6,1,1,1.000000,1
astar-jps-dial,no_roads,minimaze,16,551,108.5,1,1,1.000000,1
astar-jps-dial,no_roads,minimaze,214,181,40.7,1,1,1.000000,1
astar-jps-dial,no_roads,minimaze,164,101,91.0,1,1,1.000000,1
astar-jps-dial,no_roads,minimaze,549,77,181.3,1,1,1.000000,1
astar-jps-dial,no_roads,minimaze,502,551,21.6,1,1,1.000000,1
astar-jps-dial,no_roads,minimaze,403,61,59.0,1,1,1.000000,1
astar-jps-dial,no_roads,minimaze,441,330,95.0,1,1,1.000000,1
astar-jps-dial,no_roads,minimaze,21,19,18.7,1,1,1.000000,1
astar-jps-dial,no_roads,minimaze,65,161,33.2,1,1,1.000000,1
astar-jps-dial,no_roads,minimaze,171,380,94.0,1,1,1.000000,1
astar-jps-dial,no_roads,minimaze,448,17,56.6,1,1,1.000000,1
astar-jps-dial,no_roads,minimaze,422,148,32.9,1,1,1.000000,1
astar-jps-dial,no_roads,minimaze,525,485,53.1,1,1,1.000000,1
astar-jps-dial,no_roads,minimaze,518,403,97.7,1,1,1.000000,1
astar-jps-dial,no_roads,minimaze,328,162,111.3,1,1,1.000000,1
astar-jps-dial,no_roads,minimaze,345,439,34.2,1,1,1.000000,1
astar-jps-dial,no_roads,minimaze,216,592,82.6,1,1,1.000000,1
astar-jps-dial,no_roads,minimaze,624,6,128.8,1,1,1.000000,1
astar-jps-dial,no_roads,minimaze,560,590,57.2,1,1,1.000000,1
astar-dial-cheb,with_roads,minimaze,478,84,161.7,1,1,1.000000,1
astar-dial-cheb,with_roads,minimaze,16,551,265.5,1,1,1.000000,1
astar-dial-cheb,with_roads,minimaze,214,181,41.9,1,1,1.000000,1
astar-dial-cheb,with_roads,minimaze,164,101,162.5,1,1,1.000000,1
astar-dial-cheb,with_roads,minimaze,549,77,273.7,1,1,1.000000,1
astar-dial-cheb,with_roads,minimaze,502,551,22.3,1,1,1.000000,1
astar-dial-cheb,with_roads,minimaze,403,61,170.8,1,1,1.000000,1
astar-dial-cheb,with_roads,minimaze,441,330,151.0,1,1,1.000000,1
astar-dial-cheb,with_roads,minimaze,21,19,10.6,1,1,1.000000,1
astar-dial-cheb,with_roads,minimaze,65,161,33.7,1,1,1.000000,1
astar-dial-cheb,with_roads,minimaze,171,380,157.8,1,1,1.000000,1
astar-dial-cheb,with_roads,minimaze,448,17,151.7,1,1,1.000000,1
astar-dial-cheb,with_roads,minimaze,422,148,79.4,1,1,1.000000,1
astar-dial-cheb,with_roads,minimaze,525,485,95.6,1,1,1.000000,1
astar-dial-cheb,with_roads,minimaze,518,403,168.7,1,1,1.000000,1
astar-dial-cheb,with_roads,minimaze,328,162,201.1,1,1,1.000000,1
astar-dial-cheb,with_roads,minimaze,345,439,53.3,1,1,1.000000,1
astar-dial-cheb,with_roads,minimaze,216,592,188.7,1,1,1.000000,1
astar-dial-cheb,with_roads,minimaze,624,6,230.9,1,1,1.000000,1
astar-dial-cheb,with_roads,minimaze,560,590,130.3,1,1,1.000000,1
astar-jps,with_roads,minimaze,478,84,88.4,1,1,1.000000,1
astar-jps,with_roads,minimaze,16,551,120.6,1,1,1.000000,1
astar-jps,with_roads,minimaze,214,181,31.6,1,1,1.000000,1
astar-jps,with_roads,minimaze,164,101,94.8,1,1,1.000000,1
astar-jps,with_roads,minimaze,549,77,174.7,1,1,1.000000,1
astar-jps,with_roads,minimaze,502,551,20.6,1,1,1.000000,1
astar-jps,with_roads,minimaze,403,61,60.3,1,1,1.000000,1
astar-jps,with_roads,minimaze,441,330,74.8,1,1,1.000000,1
astar-jps,with_roads,minimaze,21,19,15.1,1,1,1.000000,1
astar-jps,with_roads,minimaze,65,161,21.3,1,1,1.000000,1
astar-jps,with_roads,minimaze,171,380,100.3,1,1,1.000000,1
astar-jps,with_roads,minimaze,448,17,50.6,1,1,1.000000,1
astar-jps,with_roads,minimaze,422,148,26.8,1,1,1.000000,1
astar-jps,with_roads,minimaze,525,485,59.2,1,1,1.000000,1
astar-jps,with_roads,minimaze,518,403,90.9,1,1,1.000000,1
astar-jps,with_roads,minimaze,328,162,102.9,1,1,1.000000,1
astar-jps,with_roads,minimaze,345,439,33.0,1,1,1.000000,1
astar-jps,with_roads,minimaze,216,592,83.1,1,1,1.000000,1
astar-jps,with_roads,minimaze,624,6,109.3,1,1,1.000000,1
astar-jps,with_roads,minimaze,560,590,55.4,1,1,1.000000,1
astar-jps-dial,with_roads,minimaze,478,84,76.0,1,1,1.000000,1
astar-jps-dial,with_roads,minimaze,16,551,109.0,1,1,1.000000,1
astar-jps-dial,with_roads,minimaze,214,181,41.1,1,1,1.000000,1
astar-jps-dial,with_roads,minimaze,164,101,100.6,1,1,1.000000,1
astar-jps-dial,with_roads,minimaze,549,77,163.0,1,1,1.000000,1
astar-jps-dial,with_roads,minimaze,502,551,24.6,1,1,1.000000,1
astar-jps-dial,with_roads,minimaze,403,61,57.6,1,1,1.000000,1
astar-jps-dial,with_roads,minimaze,441,330,91.7,1,1,1.000000,1
astar-jps-dial,with_roads,minimaze,21,19,14.4,1,1,1.000000,1
astar-jps-dial,with_roads,minimaze,65,161,22.5,1,1,1.000000,1
astar-jps-dial,with_roads,minimaze,171,380,89.7,1,1,1.000000,1
astar-jps-dial,with_roads,minimaze,448,17,56.6,1,1,1.000000,1
astar-jps-dial,with_roads,minimaze,422,148,32.3,1,1,1.000000,1
astar-jps-dial,with_roads,minimaze,525,485,52.5,1,1,1.000000,1
astar-jps-dial,with_roads,minimaze,518,403,95.3,1,1,1.000000,1
astar-jps-dial,with_roads,minimaze,328,162,105.1,1,1,1.000000,1
astar-jps-dial,with_roads,minimaze,345,439,32.5,1,1,1.000000,1
astar-jps-dial,with_roads,minimaze,216,592,92.5,1,1,1.000000,1
astar-jps-dial,with_roads,minimaze,624,6,128.4,1,1,1.000000,1
astar-jps-dial,with_roads,minimaze,560,590,58.1,1,1,1.000000,1
astar-dial-cheb,no_roads,perch_point,825,134,348.3,1,1,1.000000,1
astar-dial-cheb,no_roads,perch_point,27,340,262.1,1,1,1.000000,1
astar-dial-cheb,no_roads,perch_point,304,270,35.8,1,1,1.000000,1
astar-dial-cheb,no_roads,perch_point,167,122,453.8,1,1,1.000000,1
astar-dial-cheb,no_roads,perch_point,870,708,130.5,1,1,1.000000,1
astar-dial-cheb,no_roads,perch_point,102,756,199.6,1,1,1.000000,1
astar-dial-cheb,no_roads,perch_point,542,35,128.5,1,1,1.000000,1
astar-dial-cheb,no_roads,perch_point,32,113,506.9,1,1,1.000000,1
astar-dial-cheb,no_roads,perch_point,265,286,276.9,1,1,1.000000,1
astar-dial-cheb,no_roads,perch_point,653,770,68.7,1,1,1.000000,1
astar-dial-cheb,no_roads,perch_point,29,724,308.4,1,1,1.000000,1
astar-dial-cheb,no_roads,perch_point,241,837,355.7,1,1,1.000000,1
astar-dial-cheb,no_roads,perch_point,896,708,48.0,1,1,1.000000,1
astar-dial-cheb,no_roads,perch_point,539,267,64.8,1,1,1.000000,1
astar-dial-cheb,no_roads,perch_point,578,755,103.8,1,1,1.000000,1
astar-dial-cheb,no_roads,perch_point,347,6,485.0,1,1,1.000000,1
astar-dial-cheb,no_roads,perch_point,193,892,258.0,1,1,1.000000,1
astar-dial-cheb,no_roads,perch_point,542,444,451.9,1,1,1.000000,1
astar-dial-cheb,no_roads,perch_point,347,188,114.4,1,1,1.000000,1
astar-dial-cheb,no_roads,perch_point,261,435,77.1,1,1,1.000000,1
astar-jps,no_roads,perch_point,825,134,66.5,1,1,1.000000,1
astar-jps,no_roads,perch_point,27,340,126.2,1,1,1.000000,1
astar-jps,no_roads,perch_point,304,270,28.4,1,1,1.000000,1
astar-jps,no_roads,perch_point,167,122,205.7,1,1,1.000000,1
astar-jps,no_roads,perch_point,870,708,54.7,1,1,1.000000,1
astar-jps,no_roads,perch_point,102,756,100.5,1,1,1.000000,1
astar-jps,no_roads,perch_point,542,35,53.7,1,1,1.000000,1
astar-jps,no_roads,perch_point,32,113,353.6,1,1,1.000000,1
astar-jps,no_roads,perch_point,265,286,137.9,1,1,1.000000,1
astar-jps,no_roads,perch_point,653,770,40.9,1,1,1.000000,1
astar-jps,no_roads,perch_point,29,724,126.5,1,1,1.000000,1
astar-jps,no_roads,perch_point,241,837,185.8,1,1,1.000000,1
astar-jps,no_roads,perch_point,896,708,38.9,1,1,1.000000,1
astar-jps,no_roads,perch_point,539,267,35.3,1,1,1.000000,1
astar-jps,no_roads,perch_point,578,755,54.8,1,1,1.000000,1
astar-jps,no_roads,perch_point,347,6,216.3,1,1,1.000000,1
astar-jps,no_roads,perch_point,193,892,114.0,1,1,1.000000,1
astar-jps,no_roads,perch_point,542,444,296.6,1,1,1.000000,1
astar-jps,no_roads,perch_point,347,188,40.8,1,1,1.000000,1
astar-jps,no_roads,perch_point,261,435,40.3,1,1,1.000000,1
astar-jps-dial,no_roads,perch_point,825,134,113.1,1,1,1.000000,1
astar-jps-dial,no_roads,perch_point,27,340,124.1,1,1,1.000000,1
astar-jps-dial,no_roads,perch_point,304,270,31.0,1,1,1.000000,1
astar-jps-dial,no_roads,perch_point,167,122,215.1,1,1,1.000000,1
astar-jps-dial,no_roads,perch_point,870,708,98.5,1,1,1.000000,1
astar-jps-dial,no_roads,perch_point,102,756,104.2,1,1,1.000000,1
astar-jps-dial,no_roads,perch_point,542,35,50.4,1,1,1.000000,1
astar-jps-dial,no_roads,perch_point,32,113,335.7,1,1,1.000000,1
astar-jps-dial,no_roads,perch_point,265,286,128.6,1,1,1.000000,1
astar-jps-dial,no_roads,perch_point,653,770,42.3,1,1,1.000000,1
astar-jps-dial,no_roads,perch_point,29,724,133.0,1,1,1.000000,1
astar-jps-dial,no_roads,perch_point,241,837,164.6,1,1,1.000000,1
astar-jps-dial,no_roads,perch_point,896,708,37.8,1,1,1.000000,1
astar-jps-dial,no_roads,perch_point,539,267,36.4,1,1,1.000000,1
astar-jps-dial,no_roads,perch_point,578,755,50.6,1,1,1.000000,1
astar-jps-dial,no_roads,perch_point,347,6,231.6,1,1,1.000000,1
astar-jps-dial,no_roads,perch_point,193,892,110.4,1,1,1.000000,1
astar-jps-dial,no_roads,perch_point,542,444,270.7,1,1,1.000000,1
astar-jps-dial,no_roads,perch_point,347,188,70.7,1,1,1.000000,1
astar-jps-dial,no_roads,perch_point,261,435,42.4,1,1,1.000000,1
astar-dial-cheb,with_roads,perch_point,825,134,558.9,1,1,1.000000,1
astar-dial-cheb,with_roads,perch_point,27,340,389.0,1,1,1.000000,1
astar-dial-cheb,with_roads,perch_point,304,270,23.5,1,1,1.000000,1
astar-dial-cheb,with_roads,perch_point,167,122,381.9,1,1,1.000000,1
astar-dial-cheb,with_roads,perch_point,870,708,223.4,1,1,1.000000,1
astar-dial-cheb,with_roads,perch_point,102,756,247.4,1,1,1.000000,1
astar-dial-cheb,with_roads,perch_point,542,35,132.6,1,1,1.000000,1
astar-dial-cheb,with_roads,perch_point,32,113,765.1,1,1,1.000000,1
astar-dial-cheb,with_roads,perch_point,265,286,433.9,1,1,1.000000,1
astar-dial-cheb,with_roads,perch_point,653,770,105.3,1,1,1.000000,1
astar-dial-cheb,with_roads,perch_point,29,724,366.4,1,1,1.000000,1
astar-dial-cheb,with_roads,perch_point,241,837,554.0,1,1,1.000000,1
astar-dial-cheb,with_roads,perch_point,896,708,70.2,1,1,1.000000,1
astar-dial-cheb,with_roads,perch_point,539,267,104.6,1,1,1.000000,1
astar-dial-cheb,with_roads,perch_point,578,755,75.1,1,1,1.000000,1
astar-dial-cheb,with_roads,perch_point,347,6,483.9,1,1,1.000000,1
astar-dial-cheb,with_roads,perch_point,193,892,444.5,1,1,1.000000,1
astar-dial-cheb,with_roads,perch_point,542,444,717.9,1,1,1.000000,1
astar-dial-cheb,with_roads,perch_point,347,188,154.5,1,1,1.000000,1
astar-dial-cheb,with_roads,perch_point,261,435,107.7,1,1,1.000000,1
astar-jps,with_roads,perch_point,825,134,96.7,1,1,1.169492,1
astar-jps,with_roads,perch_point,27,340,180.3,1,1,1.000000,1
astar-jps,with_roads,perch_point,304,270,39.8,1,1,1.666667,1
astar-jps,with_roads,perch_point,167,122,306.5,1,1,1.529412,1
astar-jps,with_roads,perch_point,870,708,94.8,1,1,1.058824,1
astar-jps,with_roads,perch_point,102,756,142.4,1,1,1.129630,1
astar-jps,with_roads,perch_point,542,35,75.6,1,1,1.807692,0
astar-jps,with_roads,perch_point,32,113,456.4,1,1,1.351145,0
astar-jps,with_roads,perch_point,265,286,185.6,1,1,1.000000,1
astar-jps,with_roads,perch_point,653,770,78.9,1,1,1.000000,1
astar-jps,with_roads,perch_point,29,724,179.8,1,1,1.137931,1
astar-jps,with_roads,perch_point,241,837,260.0,1,1,1.588235,0
astar-jps,with_roads,perch_point,896,708,54.2,1,1,1.000000,1
astar-jps,with_roads,perch_point,539,267,49.8,1,1,1.000000,1
astar-jps,with_roads,perch_point,578,755,70.6,1,1,1.380952,1
astar-jps,with_roads,perch_point,347,6,274.5,1,1,1.606557,1
astar-jps,with_roads,perch_point,193,892,148.6,1,1,1.095238,1
astar-jps,with_roads,perch_point,542,444,401.1,1,1,1.172840,0
astar-jps,with_roads,perch_point,347,188,53.8,1,1,1.000000,1
astar-jps,with_roads,perch_point,261,435,54.5,1,1,1.000000,1
astar-jps-dial,with_roads,perch_point,825,134,139.1,1,1,1.169492,1
astar-jps-dial,with_roads,perch_point,27,340,157.8,1,1,1.000000,1
astar-jps-dial,with_roads,perch_point,304,270,39.3,1,1,1.666667,1
astar-jps-dial,with_roads,perch_point,167,122,298.9,1,1,1.529412,1
astar-jps-dial,with_roads,perch_point,870,708,121.9,1,1,1.058824,1
astar-jps-dial,with_roads,perch_point,102,756,121.0,1,1,1.129630,1
astar-jps-dial,with_roads,perch_point,542,35,65.0,1,1,1.884615,0
astar-jps-dial,with_roads,perch_point,32,113,429.5,1,1,1.351145,0
astar-jps-dial,with_roads,perch_point,265,286,167.3,1,1,1.000000,1
astar-jps-dial,with_roads,perch_point,653,770,53.6,1,1,1.000000,1
astar-jps-dial,with_roads,perch_point,29,724,160.1,1,1,1.137931,1
astar-jps-dial,with_roads,perch_point,241,837,206.8,1,1,1.500000,0
astar-jps-dial,with_roads,perch_point,896,708,47.2,1,1,1.000000,1
astar-jps-dial,with_roads,perch_point,539,267,45.6,1,1,1.000000,1
astar-jps-dial,with_roads,perch_point,578,755,60.2,1,1,1.380952,1
astar-jps-dial,with_roads,perch_point,347,6,288.0,1,1,1.639344,1
astar-jps-dial,with_roads,perch_point,193,892,133.7,1,1,1.095238,1
astar-jps-dial,with_roads,perch_point,542,444,345.0,1,1,1.172840,0
astar-jps-dial,with_roads,perch_point,347,188,63.8,1,1,1.000000,1
astar-jps-dial,with_roads,perch_point,261,435,50.2,1,1,1.000000,1
astar-dial-cheb,no_roads,pixel_forest,839,135,34.1,0,,,
astar-dial-cheb,no_roads,pixel_forest,28,989,335.1,1,1,1.000000,1
astar-dial-cheb,no_roads,pixel_forest,367,333,122.1,1,1,1.000000,1
astar-dial-cheb,no_roads,pixel_forest,295,179,320.6,1,1,1.000000,1
astar-dial-cheb,no_roads,pixel_forest,971,123,259.3,1,1,1.000000,1
astar-dial-cheb,no_roads,pixel_forest,895,981,15.0,0,,,
astar-dial-cheb,no_roads,pixel_forest,706,100,426.9,1,1,1.000000,1
astar-dial-cheb,no_roads,pixel_forest,769,555,147.6,1,1,1.000000,1
astar-dial-cheb,no_roads,pixel_forest,37,35,14.9,1,1,1.000000,1
astar-dial-cheb,no_roads,pixel_forest,107,290,28.8,1,1,1.000000,1
astar-dial-cheb,no_roads,pixel_forest,315,659,371.2,1,1,1.000000,1
astar-dial-cheb,no_roads,pixel_forest,783,30,231.9,1,1,1.000000,1
astar-dial-cheb,no_roads,pixel_forest,725,262,533.7,1,1,1.000000,1
astar-dial-cheb,no_roads,pixel_forest,947,857,18.7,1,1,1.000000,1
astar-dial-cheb,no_roads,pixel_forest,928,706,17.3,0,,,
astar-dial-cheb,no_roads,pixel_forest,550,292,129.5,1,1,1.000000,1
astar-dial-cheb,no_roads,pixel_forest,590,768,36.2,1,1,1.000000,1
astar-dial-cheb,no_roads,pixel_forest,377,1073,378.1,1,1,1.000000,1
astar-dial-cheb,no_roads,pixel_forest,7,1016,227.1,1,1,1.000000,1
astar-dial-cheb,no_roads,pixel_forest,1070,208,185.6,1,1,1.000000,1
astar-jps,no_roads,pixel_forest,839,135,33.4,0,,,
astar-jps,no_roads,pixel_forest,28,989,122.1,1,1,1.000000,1
astar-jps,no_roads,pixel_forest,367,333,37.2,1,1,1.000000,1
astar-jps,no_roads,pixel_forest,295,179,99.5,1,1,1.000000,1
astar-jps,no_roads,pixel_forest,971,123,114.7,1,1,1.000000,1
astar-jps,no_roads,pixel_forest,895,981,10.5,0,,,
astar-jps,no_roads,pixel_forest,706,100,162.0,1,1,1.000000,1
astar-jps,no_roads,pixel_forest,769,555,59.9,1,1,1.000000,1
astar-jps,no_roads,pixel_forest,37,35,15.9,1,1,1.000000,1
astar-jps,no_roads,pixel_forest,107,290,26.4,1,1,1.000000,1
astar-jps,no_roads,pixel_forest,315,659,172.7,1,1,1.000000,1
astar-jps,no_roads,pixel_forest,783,30,80.1,1,1,1.000000,1
astar-jps,no_roads,pixel_forest,725,262,371.9,1,1,1.000000,1
astar-jps,no_roads,pixel_forest,947,857,25.6,1,1,1.000000,1
astar-jps,no_roads,pixel_forest,928,706,24.6,0,,,
astar-jps,no_roads,pixel_forest,550,292,32.6,1,1,1.000000,1
astar-jps,no_roads,pixel_forest,590,768,26.5,1,1,1.000000,1
astar-jps,no_roads,pixel_forest,377,1073,124.4,1,1,1.000000,1
astar-jps,no_roads,pixel_forest,7,1016,65.6,1,1,1.000000,1
astar-jps,no_roads,pixel_forest,1070,208,48.1,1,1,1.000000,1
astar-jps-dial,no_roads,pixel_forest,839,135,31.7,0,,,
astar-jps-dial,no_roads,pixel_forest,28,989,110.2,1,1,1.000000,1
astar-jps-dial,no_roads,pixel_forest,367,333,38.6,1,1,1.000000,1
astar-jps-dial,no_roads,pixel_forest,295,179,94.2,1,1,1.000000,1
astar-jps-dial,no_roads,pixel_forest,971,123,85.2,1,1,1.000000,1
astar-jps-dial,no_roads,pixel_forest,895,981,17.2,0,,,
astar-jps-dial,no_roads,pixel_forest,706,100,178.6,1,1,1.000000,1
astar-jps-dial,no_roads,pixel_forest,769,555,63.6,1,1,1.000000,1
astar-jps-dial,no_roads,pixel_forest,37,35,17.6,1,1,1.000000,1
astar-jps-dial,no_roads,pixel_forest,107,290,30.8,1,1,1.000000,1
astar-jps-dial,no_roads,pixel_forest,315,659,166.8,1,1,1.000000,1
astar-jps-dial,no_roads,pixel_forest,783,30,72.5,1,1,1.000000,1
astar-jps-dial,no_roads,pixel_forest,725,262,347.9,1,1,1.000000,1
astar-jps-dial,no_roads,pixel_forest,947,857,30.5,1,1,1.000000,1
astar-jps-dial,no_roads,pixel_forest,928,706,28.0,0,,,
astar-jps-dial,no_roads,pixel_forest,550,292,44.6,1,1,1.000000,1
astar-jps-dial,no_roads,pixel_forest,590,768,28.3,1,1,1.000000,1
astar-jps-dial,no_roads,pixel_forest,377,1073,122.8,1,1,1.000000,1
astar-jps-dial,no_roads,pixel_forest,7,1016,64.7,1,1,1.000000,1
astar-jps-dial,no_roads,pixel_forest,1070,208,84.6,1,1,1.000000,1
astar-dial-cheb,with_roads,pixel_forest,839,135,53.1,0,,,
astar-dial-cheb,with_roads,pixel_forest,28,989,534.8,1,1,1.000000,1
astar-dial-cheb,with_roads,pixel_forest,367,333,44.1,1,1,1.000000,1
astar-dial-cheb,with_roads,pixel_forest,295,179,479.0,1,1,1.000000,1
astar-dial-cheb,with_roads,pixel_forest,971,123,379.0,1,1,1.000000,1
astar-dial-cheb,with_roads,pixel_forest,895,981,28.7,0,,,
astar-dial-cheb,with_roads,pixel_forest,706,100,298.3,1,1,1.000000,1
astar-dial-cheb,with_roads,pixel_forest,769,555,220.3,1,1,1.000000,1
astar-dial-cheb,with_roads,pixel_forest,37,35,20.8,1,1,1.000000,1
astar-dial-cheb,with_roads,pixel_forest,107,290,39.4,1,1,1.000000,1
astar-dial-cheb,with_roads,pixel_forest,315,659,311.3,1,1,1.000000,1
astar-dial-cheb,with_roads,pixel_forest,783,30,323.1,1,1,1.000000,1
astar-dial-cheb,with_roads,pixel_forest,725,262,678.0,1,1,1.000000,1
astar-dial-cheb,with_roads,pixel_forest,947,857,26.4,1,1,1.000000,1
astar-dial-cheb,with_roads,pixel_forest,928,706,23.6,0,,,
astar-dial-cheb,with_roads,pixel_forest,550,292,102.2,1,1,1.000000,1
astar-dial-cheb,with_roads,pixel_forest,590,768,46.4,1,1,1.000000,1
astar-dial-cheb,with_roads,pixel_forest,377,1073,499.8,1,1,1.000000,1
astar-dial-cheb,with_roads,pixel_forest,7,1016,358.4,1,1,1.000000,1
astar-dial-cheb,with_roads,pixel_forest,1070,208,232.5,1,1,1.000000,1
astar-jps,with_roads,pixel_forest,839,135,41.1,0,,,
astar-jps,with_roads,pixel_forest,28,989,181.6,1,1,1.000000,1
astar-jps,with_roads,pixel_forest,367,333,51.2,1,1,1.153846,1
astar-jps,with_roads,pixel_forest,295,179,138.3,1,1,1.000000,1
astar-jps,with_roads,pixel_forest,971,123,141.7,1,1,1.000000,1
astar-jps,with_roads,pixel_forest,895,981,12.8,0,,,
astar-jps,with_roads,pixel_forest,706,100,232.8,1,1,1.250000,1
astar-jps,with_roads,pixel_forest,769,555,81.9,1,1,1.000000,1
astar-jps,with_roads,pixel_forest,37,35,20.5,1,1,1.000000,1
astar-jps,with_roads,pixel_forest,107,290,33.4,1,1,1.000000,1
astar-jps,with_roads,pixel_forest,315,659,243.0,1,1,1.418605,0
astar-jps,with_roads,pixel_forest,783,30,114.0,1,1,1.000000,1
astar-jps,with_roads,pixel_forest,725,262,485.8,1,1,1.160000,1
astar-jps,with_roads,pixel_forest,947,857,31.9,1,1,1.000000,1
astar-jps,with_roads,pixel_forest,928,706,26.4,0,,,
astar-jps,with_roads,pixel_forest,550,292,42.8,1,1,1.090909,1
astar-jps,with_roads,pixel_forest,590,768,34.3,1,1,1.000000,1
astar-jps,with_roads,pixel_forest,377,1073,181.5,1,1,1.067797,1
astar-jps,with_roads,pixel_forest,7,1016,88.4,1,1,1.181818,1
astar-jps,with_roads,pixel_forest,1070,208,66.1,1,1,1.000000,1
astar-jps-dial,with_roads,pixel_forest,839,135,39.7,0,,,
astar-jps-dial,with_roads,pixel_forest,28,989,150.8,1,1,1.000000,1
astar-jps-dial,with_roads,pixel_forest,367,333,50.7,1,1,1.153846,1
astar-jps-dial,with_roads,pixel_forest,295,179,126.2,1,1,1.000000,1
astar-jps-dial,with_roads,pixel_forest,971,123,113.1,1,1,1.000000,1
astar-jps-dial,with_roads,pixel_forest,895,981,20.9,0,,,
astar-jps-dial,with_roads,pixel_forest,706,100,239.1,1,1,1.250000,1
astar-jps-dial,with_roads,pixel_forest,769,555,84.7,1,1,1.000000,1
astar-jps-dial,with_roads,pixel_forest,37,35,21.9,1,1,1.000000,1
astar-jps-dial,with_roads,pixel_forest,107,290,34.6,1,1,1.000000,1
astar-jps-dial,with_roads,pixel_forest,315,659,213.0,1,1,1.372093,0
astar-jps-dial,with_roads,pixel_forest,783,30,91.8,1,1,1.000000,1
astar-jps-dial,with_roads,pixel_forest,725,262,449.7,1,1,1.100000,1
astar-jps-dial,with_roads,pixel_forest,947,857,31.5,1,1,1.000000,1
astar-jps-dial,with_roads,pixel_forest,928,706,33.5,0,,,
astar-jps-dial,with_roads,pixel_forest,550,292,53.9,1,1,1.090909,1
astar-jps-dial,with_roads,pixel_forest,590,768,34.4,1,1,1.000000,1
astar-jps-dial,with_roads,pixel_forest,377,1073,149.2,1,1,1.067797,1
astar-jps-dial,with_roads,pixel_forest,7,1016,80.9,1,1,1.181818,1
astar-jps-dial,with_roads,pixel_forest,1070,208,106.8,1,1,1.000000,1
astar-dial-cheb,no_roads,pls_buy_cucats_merch,493,103,126.7,1,1,1.000000,1
astar-dial-cheb,no_roads,pls_buy_cucats_merch,1289,1162,421.7,1,1,1.000000,1
astar-dial-cheb,no_roads,pls_buy_cucats_merch,1069,627,122.5,1,1,1.000000,1
astar-dial-cheb,no_roads,pls_buy_cucats_merch,450,384,851.1,1,1,1.000000,1
astar-dial-cheb,no_roads,pls_buy_cucats_merch,2020,135,1199.3,1,1,1.000000,1
astar-dial-cheb,no_roads,pls_buy_cucats_merch,124,411,121.7,1,1,1.000000,1
astar-dial-cheb,no_roads,pls_buy_cucats_merch,1024,1109,191.5,1,1,1.000000,1
astar-dial-cheb,no_roads,pls_buy_cucats_merch,2389,109,1199.9,1,1,1.000000,1
astar-dial-cheb,no_roads,pls_buy_cucats_merch,927,2010,1325.4,1,1,1.000000,1
astar-dial-cheb,no_roads,pls_buy_cucats_merch,1031,2140,816.0,1,1,1.000000,1
astar-dial-cheb,no_roads,pls_buy_cucats_merch,1302,26,777.2,1,1,1.000000,1
astar-dial-cheb,no_roads,pls_buy_cucats_merch,733,2023,1026.0,1,1,1.000000,1
astar-dial-cheb,no_roads,pls_buy_cucats_merch,1625,1301,432.0,1,1,1.000000,1
astar-dial-cheb,no_roads,pls_buy_cucats_merch,713,1004,77.2,1,1,1.000000,1
astar-dial-cheb,no_roads,pls_buy_cucats_merch,1606,449,1276.8,1,1,1.000000,1
astar-dial-cheb,no_roads,pls_buy_cucats_merch,407,1828,882.6,1,1,1.000000,1
astar-dial-cheb,no_roads,pls_buy_cucats_merch,426,1718,1077.1,1,1,1.000000,1
astar-dial-cheb,no_roads,pls_buy_cucats_merch,1644,1244,106.6,1,1,1.000000,1
astar-dial-cheb,no_roads,pls_buy_cucats_merch,190,2188,1116.4,1,1,1.000000,1
astar-dial-cheb,no_roads,pls_buy_cucats_merch,557,1820,996.9,1,1,1.000000,1
astar-jps,no_roads,pls_buy_cucats_merch,493,103,64.5,1,1,1.000000,1
astar-jps,no_roads,pls_buy_cucats_merch,1289,1162,80.4,1,1,1.000000,1
astar-jps,no_roads,pls_buy_cucats_merch,1069,627,31.4,1,1,1.000000,1
astar-jps,no_roads,pls_buy_cucats_merch,450,384,174.6,1,1,1.000000,1
astar-jps,no_roads,pls_buy_cucats_merch,2020,135,390.7,1,1,1.000000,1
astar-jps,no_roads,pls_buy_cucats_merch,124,411,119.8,1,1,1.000000,1
astar-jps,no_roads,pls_buy_cucats_merch,1024,1109,87.7,1,1,1.000000,1
astar-jps,no_roads,pls_buy_cucats_merch,2389,109,234.7,1,1,1.000000,1
astar-jps,no_roads,pls_buy_cucats_merch,927,2010,436.2,1,1,1.000000,1
astar-jps,no_roads,pls_buy_cucats_merch,1031,2140,349.9,1,1,1.000000,1
astar-jps,no_roads,pls_buy_cucats_merch,1302,26,81.7,1,1,1.000000,1
astar-jps,no_roads,pls_buy_cucats_merch,733,2023,301.2,1,1,1.000000,1
astar-jps,no_roads,pls_buy_cucats_merch,1625,1301,107.7,1,1,1.000000,1
astar-jps,no_roads,pls_buy_cucats_merch,713,1004,44.4,1,1,1.000000,1
astar-jps,no_roads,pls_buy_cucats_merch,1606,449,306.6,1,1,1.000000,1
astar-jps,no_roads,pls_buy_cucats_merch,407,1828,179.1,1,1,1.000000,1
astar-jps,no_roads,pls_buy_cucats_merch,426,1718,255.9,1,1,1.000000,1
astar-jps,no_roads,pls_buy_cucats_merch,1644,1244,54.0,1,1,1.000000,1
astar-jps,no_roads,pls_buy_cucats_merch,190,2188,447.2,1,1,1.000000,1
astar-jps,no_roads,pls_buy_cucats_merch,557,1820,205.7,1,1,1.000000,1
astar-jps-dial,no_roads,pls_buy_cucats_merch,493,103,57.7,1,1,1.000000,1
astar-jps-dial,no_roads,pls_buy_cucats_merch,1289,1162,55.3,1,1,1.000000,1
astar-jps-dial,no_roads,pls_buy_cucats_merch,1069,627,36.9,1,1,1.000000,1
astar-jps-dial,no_roads,pls_buy_cucats_merch,450,384,228.9,1,1,1.000000,1
astar-jps-dial,no_roads,pls_buy_cucats_merch,2020,135,337.3,1,1,1.000000,1
astar-jps-dial,no_roads,pls_buy_cucats_merch,124,411,90.4,1,1,1.000000,1
astar-jps-dial,no_roads,pls_buy_cucats_merch,1024,1109,74.8,1,1,1.000000,1
astar-jps-dial,no_roads,pls_buy_cucats_merch,2389,109,228.1,1,1,1.000000,1
astar-jps-dial,no_roads,pls_buy_cucats_merch,927,2010,358.6,1,1,1.000000,1
astar-jps-dial,no_roads,pls_buy_cucats_merch,1031,2140,306.1,1,1,1.000000,1
astar-jps-dial,no_roads,pls_buy_cucats_merch,1302,26,236.3,1,1,1.000000,1
astar-jps-dial,no_roads,pls_buy_cucats_merch,733,2023,265.7,1,1,1.000000,1
astar-jps-dial,no_roads,pls_buy_cucats_merch,1625,1301,127.5,1,1,1.000000,1
astar-jps-dial,no_roads,pls_buy_cucats_merch,713,1004,44.8,1,1,1.000000,1
astar-jps-dial,no_roads,pls_buy_cucats_merch,1606,449,313.5,1,1,1.000000,1
astar-jps-dial,no_roads,pls_buy_cucats_merch,407,1828,160.2,1,1,1.000000,1
astar-jps-dial,no_roads,pls_buy_cucats_merch,426,1718,213.8,1,1,1.000000,1
astar-jps-dial,no_roads,pls_buy_cucats_merch,1644,1244,55.2,1,1,1.000000,1
astar-jps-dial,no_roads,pls_buy_cucats_merch,190,2188,395.3,1,1,1.000000,1
astar-jps-dial,no_roads,pls_buy_cucats_merch,557,1820,170.3,1,1,1.000000,1
astar-dial-cheb,with_roads,pls_buy_cucats_merch,493,103,142.3,1,1,1.000000,1
astar-dial-cheb,with_roads,pls_buy_cucats_merch,1289,1162,484.4,1,1,1.000000,1
astar-dial-cheb,with_roads,pls_buy_cucats_merch,1069,627,162.7,1,1,1.000000,1
astar-dial-cheb,with_roads,pls_buy_cucats_merch,450,384,474.8,1,1,1.000000,1
astar-dial-cheb,with_roads,pls_buy_cucats_merch,2020,135,861.8,1,1,1.000000,1
astar-dial-cheb,with_roads,pls_buy_cucats_merch,124,411,173.1,1,1,1.000000,1
astar-dial-cheb,with_roads,pls_buy_cucats_merch,1024,1109,210.8,1,1,1.000000,1
astar-dial-cheb,with_roads,pls_buy_cucats_merch,2389,109,1456.6,1,1,1.000000,1
astar-dial-cheb,with_roads,pls_buy_cucats_merch,927,2010,1727.5,1,1,1.000000,1
astar-dial-cheb,with_roads,pls_buy_cucats_merch,1031,2140,1130.5,1,1,1.000000,1
astar-dial-cheb,with_roads,pls_buy_cucats_merch,1302,26,878.8,1,1,1.000000,1
astar-dial-cheb,with_roads,pls_buy_cucats_merch,733,2023,1437.0,1,1,1.000000,1
astar-dial-cheb,with_roads,pls_buy_cucats_merch,1625,1301,749.5,1,1,1.000000,1
astar-dial-cheb,with_roads,pls_buy_cucats_merch,713,1004,110.7,1,1,1.000000,1
astar-dial-cheb,with_roads,pls_buy_cucats_merch,1606,449,1757.5,1,1,1.000000,1
astar-dial-cheb,with_roads,pls_buy_cucats_merch,407,1828,1349.0,1,1,1.000000,1
astar-dial-cheb,with_roads,pls_buy_cucats_merch,426,1718,1050.4,1,1,1.000000,1
astar-dial-cheb,with_roads,pls_buy_cucats_merch,1644,1244,146.7,1,1,1.000000,1
astar-dial-cheb,with_roads,pls_buy_cucats_merch,190,2188,2058.0,1,1,1.000000,1
astar-dial-cheb,with_roads,pls_buy_cucats_merch,557,1820,818.1,1,1,1.000000,1
astar-jps,with_roads,pls_buy_cucats_merch,493,103,85.7,1,1,1.090909,0
astar-jps,with_roads,pls_buy_cucats_merch,1289,1162,83.7,1,1,1.000000,1
astar-jps,with_roads,pls_buy_cucats_merch,1069,627,36.2,1,1,1.000000,1
astar-jps,with_roads,pls_buy_cucats_merch,450,384,215.5,1,1,1.500000,1
astar-jps,with_roads,pls_buy_cucats_merch,2020,135,508.9,1,1,1.428571,0
astar-jps,with_roads,pls_buy_cucats_merch,124,411,162.9,1,1,1.000000,1
astar-jps,with_roads,pls_buy_cucats_merch,1024,1109,116.0,1,1,1.000000,1
astar-jps,with_roads,pls_buy_cucats_merch,2389,109,336.1,1,1,1.045455,1
astar-jps,with_roads,pls_buy_cucats_merch,927,2010,581.9,1,1,1.032000,1
astar-jps,with_roads,pls_buy_cucats_merch,1031,2140,476.3,1,1,1.044944,0
astar-jps,with_roads,pls_buy_cucats_merch,1302,26,110.9,1,1,1.000000,1
astar-jps,with_roads,pls_buy_cucats_merch,733,2023,426.0,1,1,1.000000,1
astar-jps,with_roads,pls_buy_cucats_merch,1625,1301,160.8,1,1,1.000000,1
astar-jps,with_roads,pls_buy_cucats_merch,713,1004,59.8,1,1,1.000000,1
astar-jps,with_roads,pls_buy_cucats_merch,1606,449,408.7,1,1,1.000000,1
astar-jps,with_roads,pls_buy_cucats_merch,407,1828,240.4,1,1,1.097561,0
astar-jps,with_roads,pls_buy_cucats_merch,426,1718,363.8,1,1,1.202381,0
astar-jps,with_roads,pls_buy_cucats_merch,1644,1244,70.7,1,1,1.000000,1
astar-jps,with_roads,pls_buy_cucats_merch,190,2188,589.9,1,1,1.000000,1
astar-jps,with_roads,pls_buy_cucats_merch,557,1820,269.8,1,1,1.281690,0
astar-jps-dial,with_roads,pls_buy_cucats_merch,493,103,72.9,1,1,1.090909,0
astar-jps-dial,with_roads,pls_buy_cucats_merch,1289,1162,72.2,1,1,1.000000,1
astar-jps-dial,with_roads,pls_buy_cucats_merch,1069,627,47.6,1,1,1.000000,1
astar-jps-dial,with_roads,pls_buy_cucats_merch,450,384,328.5,1,1,1.500000,0
astar-jps-dial,with_roads,pls_buy_cucats_merch,2020,135,460.8,1,1,1.428571,0
astar-jps-dial,with_roads,pls_buy_cucats_merch,124,411,143.3,1,1,1.000000,1
astar-jps-dial,with_roads,pls_buy_cucats_merch,1024,1109,102.8,1,1,1.000000,1
astar-jps-dial,with_roads,pls_buy_cucats_merch,2389,109,304.4,1,1,1.045455,1
astar-jps-dial,with_roads,pls_buy_cucats_merch,927,2010,502.5,1,1,1.032000,1
astar-jps-dial,with_roads,pls_buy_cucats_merch,1031,2140,398.5,1,1,1.044944,0
astar-jps-dial,with_roads,pls_buy_cucats_merch,1302,26,325.0,1,1,1.000000,1
astar-jps-dial,with_roads,pls_buy_cucats_merch,733,2023,351.0,1,1,1.000000,1
astar-jps-dial,with_roads,pls_buy_cucats_merch,1625,1301,168.7,1,1,1.000000,1
astar-jps-dial,with_roads,pls_buy_cucats_merch,713,1004,53.1,1,1,1.000000,1
astar-jps-dial,with_roads,pls_buy_cucats_merch,1606,449,434.8,1,1,1.000000,1
astar-jps-dial,with_roads,pls_buy_cucats_merch,407,1828,217.6,1,1,1.097561,0
astar-jps-dial,with_roads,pls_buy_cucats_merch,426,1718,288.5,1,1,1.202381,0
astar-jps-dial,with_roads,pls_buy_cucats_merch,1644,1244,85.1,1,1,1.000000,1
astar-jps-dial,with_roads,pls_buy_cucats_merch,190,2188,516.1,1,1,1.000000,1
astar-jps-dial,with_roads,pls_buy_cucats_merch,557,1820,236.1,1,1,1.281690,0
astar-dial-cheb,no_roads,pong,1634,281,597.2,1,1,1.000000,1
astar-dial-cheb,no_roads,pong,53,676,782.0,0,,,
astar-dial-cheb,no_roads,pong,581,535,57.2,1,1,1.000000,1
astar-dial-cheb,no_roads,pong,351,249,726.7,0,,,
astar-dial-cheb,no_roads,pong,1719,1326,746.7,0,,,
astar-dial-cheb,no_roads,pong,211,1455,626.0,1,1,1.000000,1
astar-dial-cheb,no_roads,pong,1039,67,748.0,0,,,
astar-dial-cheb,no_roads,pong,63,227,730.5,0,,,
astar-dial-cheb,no_roads,pong,523,554,436.8,1,1,1.000000,1
astar-dial-cheb,no_roads,pong,1240,1494,67.9,1,1,1.000000,1
astar-dial-cheb,no_roads,pong,56,1359,573.6,1,1,1.000000,1
astar-dial-cheb,no_roads,pong,483,1662,750.4,0,,,
astar-dial-cheb,no_roads,pong,1326,1029,66.9,1,1,1.000000,1
astar-dial-cheb,no_roads,pong,529,1119,714.7,0,,,
astar-dial-cheb,no_roads,pong,1450,684,749.8,0,,,
astar-dial-cheb,no_roads,pong,13,398,706.6,0,,,
astar-dial-cheb,no_roads,pong,1041,831,203.9,1,1,1.000000,1
astar-dial-cheb,no_roads,pong,684,388,85.6,1,1,1.000000,1
astar-dial-cheb,no_roads,pong,516,821,96.4,1,1,1.000000,1
astar-dial-cheb,no_roads,pong,249,223,743.7,0,,,
astar-jps,no_roads,pong,1634,281,122.3,1,1,1.000000,1
astar-jps,no_roads,pong,53,676,924.0,0,,,
astar-jps,no_roads,pong,581,535,43.5,1,1,1.000000,1
astar-jps,no_roads,pong,351,249,921.0,0,,,
astar-jps,no_roads,pong,1719,1326,890.1,0,,,
astar-jps,no_roads,pong,211,1455,484.9,1,1,1.000000,1
astar-jps,no_roads,pong,1039,67,1000.5,0,,,
astar-jps,no_roads,pong,63,227,778.7,0,,,
astar-jps,no_roads,pong,523,554,129.9,1,1,1.000000,1
astar-jps,no_roads,pong,1240,1494,43.3,1,1,1.000000,1
astar-jps,no_roads,pong,56,1359,500.0,1,1,1.000000,1
astar-jps,no_roads,pong,483,1662,754.8,0,,,
astar-jps,no_roads,pong,1326,1029,65.0,1,1,1.000000,1
astar-jps,no_roads,pong,529,1119,680.8,0,,,
astar-jps,no_roads,pong,1450,684,932.6,0,,,
astar-jps,no_roads,pong,13,398,762.7,0,,,
astar-jps,no_roads,pong,1041,831,64.9,1,1,1.000000,1
astar-jps,no_roads,pong,684,388,49.0,1,1,1.000000,1
astar-jps,no_roads,pong,516,821,66.9,1,1,1.000000,1
astar-jps,no_roads,pong,249,223,835.8,0,,,
astar-jps-dial,no_roads,pong,1634,281,261.8,1,1,1.000000,1
astar-jps-dial,no_roads,pong,53,676,786.4,0,,,
astar-jps-dial,no_roads,pong,581,535,46.2,1,1,1.000000,1
astar-jps-dial,no_roads,pong,351,249,783.1,0,,,
astar-jps-dial,no_roads,pong,1719,1326,854.4,0,,,
astar-jps-dial,no_roads,pong,211,1455,336.2,1,1,1.000000,1
astar-jps-dial,no_roads,pong,1039,67,757.3,0,,,
astar-jps-dial,no_roads,pong,63,227,669.0,0,,,
astar-jps-dial,no_roads,pong,523,554,236.4,1,1,1.000000,1
astar-jps-dial,no_roads,pong,1240,1494,48.0,1,1,1.000000,1
astar-jps-dial,no_roads,pong,56,1359,309.7,1,1,1.000000,1
astar-jps-dial,no_roads,pong,483,1662,682.4,0,,,
astar-jps-dial,no_roads,pong,1326,1029,67.3,1,1,1.000000,1
astar-jps-dial,no_roads,pong,529,1119,593.7,0,,,
astar-jps-dial,no_roads,pong,1450,684,718.9,0,,,
astar-jps-dial,no_roads,pong,13,398,708.0,0,,,
astar-jps-dial,no_roads,pong,1041,831,97.0,1,1,1.000000,1
astar-jps-dial,no_roads,pong,684,388,72.2,1,1,1.000000,1
astar-jps-dial,no_roads,pong,516,821,64.7,1,1,1.000000,1
astar-jps-dial,no_roads,pong,249,223,737.2,0,,,
astar-dial-cheb,with_roads,pong,1634,281,542.4,1,1,1.000000,1
astar-dial-cheb,with_roads,pong,53,676,761.5,0,,,
astar-dial-cheb,with_roads,pong,581,535,52.9,1,1,1.000000,1
astar-dial-cheb,with_roads,pong,351,249,719.7,0,,,
astar-dial-cheb,with_roads,pong,1719,1326,758.3,0,,,
astar-dial-cheb,with_roads,pong,211,1455,573.4,1,1,1.000000,1
astar-dial-cheb,with_roads,pong,1039,67,693.5,0,,,
astar-dial-cheb,with_roads,pong,63,227,740.1,0,,,
astar-dial-cheb,with_roads,pong,523,554,421.1,1,1,1.000000,1
astar-dial-cheb,with_roads,pong,1240,1494,65.5,1,1,1.000000,1
astar-dial-cheb,with_roads,pong,56,1359,595.9,1,1,1.000000,1
astar-dial-cheb,with_roads,pong,483,1662,807.9,0,,,
astar-dial-cheb,with_roads,pong,1326,1029,73.6,1,1,1.000000,1
astar-dial-cheb,with_roads,pong,529,1119,696.3,0,,,
astar-dial-cheb,with_roads,pong,1450,684,745.3,0,,,
astar-dial-cheb,with_roads,pong,13,398,792.3,0,,,
astar-dial-cheb,with_roads,pong,1041,831,185.4,1,1,1.000000,1
astar-dial-cheb,with_roads,pong,684,388,84.7,1,1,1.000000,1
astar-dial-cheb,with_roads,pong,516,821,88.0,1,1,1.000000,1
astar-dial-cheb,with_roads,pong,249,223,738.2,0,,,
astar-jps,with_roads,pong,1634,281,130.5,1,1,1.000000,1
astar-jps,with_roads,pong,53,676,919.5,0,,,
astar-jps,with_roads,pong,581,535,41.5,1,1,1.000000,1
astar-jps,with_roads,pong,351,249,850.6,0,,,
astar-jps,with_roads,pong,1719,1326,880.2,0,,,
astar-jps,with_roads,pong,211,1455,465.1,1,1,1.000000,1
astar-jps,with_roads,pong,1039,67,952.5,0,,,
astar-jps,with_roads,pong,63,227,718.3,0,,,
astar-jps,with_roads,pong,523,554,135.2,1,1,1.000000,1
astar-jps,with_roads,pong,1240,1494,57.7,1,1,1.000000,1
astar-jps,with_roads,pong,56,1359,464.2,1,1,1.026316,0
astar-jps,with_roads,pong,483,1662,753.3,0,,,
astar-jps,with_roads,pong,1326,1029,62.6,1,1,1.000000,1
astar-jps,with_roads,pong,529,1119,670.0,0,,,
astar-jps,with_roads,pong,1450,684,879.7,0,,,
astar-jps,with_roads,pong,13,398,701.9,0,,,
astar-jps,with_roads,pong,1041,831,60.1,1,1,1.000000,1
astar-jps,with_roads,pong,684,388,45.1,1,1,1.000000,1
astar-jps,with_roads,pong,516,821,58.4,1,1,1.000000,1
astar-jps,with_roads,pong,249,223,798.6,0,,,
astar-jps-dial,with_roads,pong,1634,281,246.0,1,1,1.000000,1
astar-jps-dial,with_roads,pong,53,676,765.2,0,,,
astar-jps-dial,with_roads,pong,581,535,43.9,1,1,1.000000,1
astar-jps-dial,with_roads,pong,351,249,743.4,0,,,
astar-jps-dial,with_roads,pong,1719,1326,816.2,0,,,
astar-jps-dial,with_roads,pong,211,1455,351.5,1,1,1.000000,1
astar-jps-dial,with_roads,pong,1039,67,746.7,0,,,
astar-jps-dial,with_roads,pong,63,227,651.1,0,,,
astar-jps-dial,with_roads,pong,523,554,222.9,1,1,1.000000,1
astar-jps-dial,with_roads,pong,1240,1494,45.6,1,1,1.000000,1
astar-jps-dial,with_roads,pong,56,1359,289.8,1,1,1.026316,0
astar-jps-dial,with_roads,pong,483,1662,683.8,0,,,
astar-jps-dial,with_roads,pong,1326,1029,63.0,1,1,1.000000,1
astar-jps-dial,with_roads,pong,529,1119,576.8,0,,,
astar-jps-dial,with_roads,pong,1450,684,718.0,0,,,
astar-jps-dial,with_roads,pong,13,398,657.3,0,,,
astar-jps-dial,with_roads,pong,1041,831,92.7,1,1,1.000000,1
astar-jps-dial,with_roads,pong,684,388,63.8,1,1,1.000000,1
astar-jps-dial,with_roads,pong,516,821,61.1,1,1,1.000000,1
astar-jps-dial,with_roads,pong,249,223,730.2,0,,,
astar-dial-cheb,no_roads,rush_bait,1071,153,801.5,1,1,1.000000,1
astar-dial-cheb,no_roads,rush_bait,27,1215,462.0,1,1,1.000000,1
astar-dial-cheb,no_roads,rush_bait,450,373,301.2,1,1,1.000000,1
astar-dial-cheb,no_roads,rush_bait,334,200,85.8,1,1,1.000000,1
astar-dial-cheb,no_roads,rush_bait,1210,133,450.4,1,1,1.000000,1
astar-dial-cheb,no_roads,rush_bait,1139,1214,50.8,1,1,1.000000,1
astar-dial-cheb,no_roads,rush_bait,919,105,411.0,1,1,1.000000,1
astar-dial-cheb,no_roads,rush_bait,990,664,405.5,1,1,1.000000,1
astar-dial-cheb,no_roads,rush_bait,34,32,16.6,1,1,1.000000,1
astar-dial-cheb,no_roads,rush_bait,118,323,326.1,1,1,1.000000,1
astar-dial-cheb,no_roads,rush_bait,347,850,680.2,1,1,1.000000,1
astar-dial-cheb,no_roads,rush_bait,1009,29,271.7,1,1,1.000000,1
astar-dial-cheb,no_roads,rush_bait,944,296,612.7,1,1,1.000000,1
astar-dial-cheb,no_roads,rush_bait,1187,1093,284.7,1,1,1.000000,1
astar-dial-cheb,no_roads,rush_bait,1169,919,52.4,1,1,1.000000,1
astar-dial-cheb,no_roads,rush_bait,659,331,540.3,1,1,1.000000,1
astar-dial-cheb,no_roads,rush_bait,705,989,266.4,1,1,1.000000,1
astar-dial-cheb,no_roads,rush_bait,453,6,558.5,1,1,1.000000,1
astar-dial-cheb,no_roads,rush_bait,233,1165,780.8,1,1,1.000000,1
astar-dial-cheb,no_roads,rush_bait,664,574,210.0,1,1,1.000000,1
astar-jps,no_roads,rush_bait,1071,153,528.7,1,1,1.000000,1
astar-jps,no_roads,rush_bait,27,1215,214.3,1,1,1.000000,1
astar-jps,no_roads,rush_bait,450,373,168.6,1,1,1.000000,1
astar-jps,no_roads,rush_bait,334,200,54.4,1,1,1.000000,1
astar-jps,no_roads,rush_bait,1210,133,199.7,1,1,1.000000,1
astar-jps,no_roads,rush_bait,1139,1214,35.1,1,1,1.000000,1
astar-jps,no_roads,rush_bait,919,105,125.9,1,1,1.000000,1
astar-jps,no_roads,rush_bait,990,664,133.7,1,1,1.000000,1
astar-jps,no_roads,rush_bait,34,32,21.0,1,1,1.000000,1
astar-jps,no_roads,rush_bait,118,323,160.7,1,1,1.000000,1
astar-jps,no_roads,rush_bait,347,850,308.1,1,1,1.000000,1
astar-jps,no_roads,rush_bait,1009,29,131.0,1,1,1.000000,1
astar-jps,no_roads,rush_bait,944,296,262.4,1,1,1.000000,1
astar-jps,no_roads,rush_bait,1187,1093,102.2,1,1,1.000000,1
astar-jps,no_roads,rush_bait,1169,919,36.1,1,1,1.000000,1
astar-jps,no_roads,rush_bait,659,331,217.4,1,1,1.000000,1
astar-jps,no_roads,rush_bait,705,989,129.1,1,1,1.000000,1
astar-jps,no_roads,rush_bait,453,6,207.4,1,1,1.000000,1
astar-jps,no_roads,rush_bait,233,1165,383.5,1,1,1.000000,1
astar-jps,no_roads,rush_bait,664,574,53.7,1,1,1.000000,1
astar-jps-dial,no_roads,rush_bait,1071,153,418.9,1,1,1.000000,1
astar-jps-dial,no_roads,rush_bait,27,1215,203.2,1,1,1.000000,1
astar-jps-dial,no_roads,rush_bait,450,373,145.3,1,1,1.000000,1
astar-jps-dial,no_roads,rush_bait,334,200,54.2,1,1,1.000000,1
astar-jps-dial,no_roads,rush_bait,1210,133,174.4,1,1,1.000000,1
astar-jps-dial,no_roads,rush_bait,1139,1214,29.5,1,1,1.000000,1
astar-jps-dial,no_roads,rush_bait,919,105,125.2,1,1,1.000000,1
astar-jps-dial,no_roads,rush_bait,990,664,133.6,1,1,1.000000,1
astar-jps-dial,no_roads,rush_bait,34,32,25.2,1,1,1.000000,1
astar-jps-dial,no_roads,rush_bait,118,323,155.4,1,1,1.000000,1
astar-jps-dial,no_roads,rush_bait,347,850,283.0,1,1,1.000000,1
astar-jps-dial,no_roads,rush_bait,1009,29,111.6,1,1,1.000000,1
astar-jps-dial,no_roads,rush_bait,944,296,249.3,1,1,1.000000,1
astar-jps-dial,no_roads,rush_bait,1187,1093,93.4,1,1,1.000000,1
astar-jps-dial,no_roads,rush_bait,1169,919,35.2,1,1,1.000000,1
astar-jps-dial,no_roads,rush_bait,659,331,192.1,1,1,1.000000,1
astar-jps-dial,no_roads,rush_bait,705,989,118.0,1,1,1.000000,1
astar-jps-dial,no_roads,rush_bait,453,6,181.1,1,1,1.000000,1
astar-jps-dial,no_roads,rush_bait,233,1165,363.6,1,1,1.000000,1
astar-jps-dial,no_roads,rush_bait,664,574,72.9,1,1,1.000000,1
astar-dial-cheb,with_roads,rush_bait,1071,153,461.5,1,1,1.000000,1
astar-dial-cheb,with_roads,rush_bait,27,1215,444.8,1,1,1.000000,1
astar-dial-cheb,with_roads,rush_bait,450,373,265.9,1,1,1.000000,1
astar-dial-cheb,with_roads,rush_bait,334,200,53.4,1,1,1.000000,1
astar-dial-cheb,with_roads,rush_bait,1210,133,332.0,1,1,1.000000,1
astar-dial-cheb,with_roads,rush_bait,1139,1214,36.8,1,1,1.000000,1
astar-dial-cheb,with_roads,rush_bait,919,105,221.2,1,1,1.000000,1
astar-dial-cheb,with_roads,rush_bait,990,664,246.6,1,1,1.000000,1
astar-dial-cheb,with_roads,rush_bait,34,32,13.3,1,1,1.000000,1
astar-dial-cheb,with_roads,rush_bait,118,323,232.4,1,1,1.000000,1
astar-dial-cheb,with_roads,rush_bait,347,850,570.9,1,1,1.000000,1
astar-dial-cheb,with_roads,rush_bait,1009,29,276.3,1,1,1.000000,1
astar-dial-cheb,with_roads,rush_bait,944,296,386.9,1,1,1.000000,1
astar-dial-cheb,with_roads,rush_bait,1187,1093,419.4,1,1,1.000000,1
astar-dial-cheb,with_roads,rush_bait,1169,919,40.6,1,1,1.000000,1
astar-dial-cheb,with_roads,rush_bait,659,331,352.9,1,1,1.000000,1
astar-dial-cheb,with_roads,rush_bait,705,989,322.3,1,1,1.000000,1
astar-dial-cheb,with_roads,rush_bait,453,6,270.5,1,1,1.000000,1
astar-dial-cheb,with_roads,rush_bait,233,1165,562.3,1,1,1.000000,1
astar-dial-cheb,with_roads,rush_bait,664,574,39.2,1,1,1.000000,1
astar-jps,with_roads,rush_bait,1071,153,443.1,1,1,1.694444,0
astar-jps,with_roads,rush_bait,27,1215,169.9,1,1,1.244444,1
astar-jps,with_roads,rush_bait,450,373,134.4,1,1,1.060000,1
astar-jps,with_roads,rush_bait,334,200,44.4,1,1,1.428571,0
astar-jps,with_roads,rush_bait,1210,133,164.0,1,1,1.227723,1
astar-jps,with_roads,rush_bait,1139,1214,26.1,1,1,1.000000,1
astar-jps,with_roads,rush_bait,919,105,100.0,1,1,1.229885,1
astar-jps,with_roads,rush_bait,990,664,117.0,1,1,1.185567,1
astar-jps,with_roads,rush_bait,34,32,19.5,1,1,1.000000,1
astar-jps,with_roads,rush_bait,118,323,138.8,1,1,1.750000,0
astar-jps,with_roads,rush_bait,347,850,273.5,1,1,1.200000,0
astar-jps,with_roads,rush_bait,1009,29,107.0,1,1,1.323077,0
astar-jps,with_roads,rush_bait,944,296,235.7,1,1,1.536232,1
astar-jps,with_roads,rush_bait,1187,1093,85.7,1,1,1.000000,1
astar-jps,with_roads,rush_bait,1169,919,28.7,1,1,1.000000,1
astar-jps,with_roads,rush_bait,659,331,181.7,1,1,1.375000,0
astar-jps,with_roads,rush_bait,705,989,107.4,1,1,1.000000,1
astar-jps,with_roads,rush_bait,453,6,174.5,1,1,1.344828,0
astar-jps,with_roads,rush_bait,233,1165,346.8,1,1,1.336134,1
astar-jps,with_roads,rush_bait,664,574,47.2,1,1,1.636364,1
astar-jps-dial,with_roads,rush_bait,1071,153,364.4,1,1,1.435185,1
astar-jps-dial,with_roads,rush_bait,27,1215,175.2,1,1,1.244444,1
astar-jps-dial,with_roads,rush_bait,450,373,126.5,1,1,1.060000,1
astar-jps-dial,with_roads,rush_bait,334,200,48.4,1,1,1.428571,0
astar-jps-dial,with_roads,rush_bait,1210,133,152.3,1,1,1.227723,1
astar-jps-dial,with_roads,rush_bait,1139,1214,25.8,1,1,1.000000,1
astar-jps-dial,with_roads,rush_bait,919,105,110.2,1,1,1.229885,1
astar-jps-dial,with_roads,rush_bait,990,664,110.5,1,1,1.185567,1
astar-jps-dial,with_roads,rush_bait,34,32,22.1,1,1,1.000000,1
astar-jps-dial,with_roads,rush_bait,118,323,129.9,1,1,1.750000,0
astar-jps-dial,with_roads,rush_bait,347,850,273.2,1,1,1.200000,0
astar-jps-dial,with_roads,rush_bait,1009,29,94.6,1,1,1.323077,0
astar-jps-dial,with_roads,rush_bait,944,296,224.2,1,1,1.536232,1
astar-jps-dial,with_roads,rush_bait,1187,1093,82.7,1,1,1.000000,1
astar-jps-dial,with_roads,rush_bait,1169,919,29.9,1,1,1.000000,1
astar-jps-dial,with_roads,rush_bait,659,331,168.0,1,1,1.375000,0
astar-jps-dial,with_roads,rush_bait,705,989,106.8,1,1,1.000000,1
astar-jps-dial,with_roads,rush_bait,453,6,163.4,1,1,1.344828,0
astar-jps-dial,with_roads,rush_bait,233,1165,316.6,1,1,1.336134,1
astar-jps-dial,with_roads,rush_bait,664,574,65.4,1,1,1.454545,1
astar-dial-cheb,no_roads,separated,1600,274,703.0,1,1,1.000000,1
astar-dial-cheb,no_roads,separated,51,1863,764.6,0,,,
astar-dial-cheb,no_roads,separated,692,610,777.5,0,,,
astar-dial-cheb,no_roads,separated,558,348,618.3,1,1,1.000000,1
astar-dial-cheb,no_roads,separated,1850,251,754.7,0,,,
astar-dial-cheb,no_roads,separated,1691,1861,843.8,0,,,
astar-dial-cheb,no_roads,separated,2244,1371,254.6,1,1,1.000000,1
astar-dial-cheb,no_roads,separated,207,1482,771.4,0,,,
astar-dial-cheb,no_roads,separated,1054,65,823.9,0,,,
astar-dial-cheb,no_roads,separated,61,223,762.9,0,,,
astar-dial-cheb,no_roads,separated,548,579,804.0,0,,,
astar-dial-cheb,no_roads,separated,1268,1508,764.5,0,,,
astar-dial-cheb,no_roads,separated,54,1416,768.5,0,,,
astar-dial-cheb,no_roads,separated,501,1794,792.1,1,1,1.000000,1
astar-dial-cheb,no_roads,separated,1624,1755,776.7,0,,,
astar-dial-cheb,no_roads,separated,1371,1049,803.3,0,,,
astar-dial-cheb,no_roads,separated,552,1124,248.4,1,1,1.000000,1
astar-dial-cheb,no_roads,separated,1479,699,810.5,0,,,
astar-dial-cheb,no_roads,separated,2029,2185,51.6,1,1,1.000000,1
astar-dial-cheb,no_roads,separated,13,1907,501.4,1,1,1.000000,1
astar-jps,no_roads,separated,1600,274,266.3,1,1,1.000000,1
astar-jps,no_roads,separated,51,1863,551.3,0,,,
astar-jps,no_roads,separated,692,610,497.2,0,,,
astar-jps,no_roads,separated,558,348,276.9,1,1,1.000000,1
astar-jps,no_roads,separated,1850,251,511.3,0,,,
astar-jps,no_roads,separated,1691,1861,492.5,0,,,
astar-jps,no_roads,separated,2244,1371,86.0,1,1,1.000000,1
astar-jps,no_roads,separated,207,1482,535.2,0,,,
astar-jps,no_roads,separated,1054,65,500.0,0,,,
astar-jps,no_roads,separated,61,223,524.4,0,,,
astar-jps,no_roads,separated,548,579,504.2,0,,,
astar-jps,no_roads,separated,1268,1508,600.6,0,,,
astar-jps,no_roads,separated,54,1416,534.2,0,,,
astar-jps,no_roads,separated,501,1794,557.7,1,1,1.000000,1
astar-jps,no_roads,separated,1624,1755,596.0,0,,,
astar-jps,no_roads,separated,1371,1049,522.6,0,,,
astar-jps,no_roads,separated,552,1124,132.2,1,1,1.000000,1
astar-jps,no_roads,separated,1479,699,488.6,0,,,
astar-jps,no_roads,separated,2029,2185,29.8,1,1,1.000000,1
astar-jps,no_roads,separated,13,1907,139.2,1,1,1.000000,1
astar-jps-dial,no_roads,separated,1600,274,313.2,1,1,1.000000,1
astar-jps-dial,no_roads,separated,51,1863,479.5,0,,,
astar-jps-dial,no_roads,separated,692,610,469.3,0,,,
astar-jps-dial,no_roads,separated,558,348,246.7,1,1,1.000000,1
astar-jps-dial,no_roads,separated,1850,251,478.9,0,,,
astar-jps-dial,no_roads,separated,1691,1861,465.5,0,,,
astar-jps-dial,no_roads,separated,2244,1371,92.1,1,1,1.000000,1
astar-jps-dial,no_roads,separated,207,1482,473.5,0,,,
astar-jps-dial,no_roads,separated,1054,65,482.7,0,,,
astar-jps-dial,no_roads,separated,61,223,466.4,0,,,
astar-jps-dial,no_roads,separated,548,579,463.1,0,,,
astar-jps-dial,no_roads,separated,1268,1508,587.9,0,,,
astar-jps-dial,no_roads,separated,54,1416,451.7,0,,,
astar-jps-dial,no_roads,separated,501,1794,456.6,1,1,1.000000,1
astar-jps-dial,no_roads,separated,1624,1755,526.2,0,,,
astar-jps-dial,no_roads,separated,1371,1049,504.8,0,,,
astar-jps-dial,no_roads,separated,552,1124,107.0,1,1,1.000000,1
astar-jps-dial,no_roads,separated,1479,699,475.8,0,,,
astar-jps-dial,no_roads,separated,2029,2185,28.8,1,1,1.000000,1
astar-jps-dial,no_roads,separated,13,1907,98.6,1,1,1.000000,1
astar-dial-cheb,with_roads,separated,1600,274,1005.0,1,1,1.000000,1
astar-dial-cheb,with_roads,separated,51,1863,1169.9,0,,,
astar-dial-cheb,with_roads,separated,692,610,1135.7,0,,,
astar-dial-cheb,with_roads,separated,558,348,1069.0,1,1,1.000000,1
astar-dial-cheb,with_roads,separated,1850,251,1485.0,0,,,
astar-dial-cheb,with_roads,separated,1691,1861,1273.9,0,,,
astar-dial-cheb,with_roads,separated,2244,1371,391.1,1,1,1.000000,1
astar-dial-cheb,with_roads,separated,207,1482,1199.3,0,,,
astar-dial-cheb,with_roads,separated,1054,65,1240.6,0,,,
astar-dial-cheb,with_roads,separated,61,223,1085.7,0,,,
astar-dial-cheb,with_roads,separated,548,579,1101.2,0,,,
astar-dial-cheb,with_roads,separated,1268,1508,1297.6,0,,,
astar-dial-cheb,with_roads,separated,54,1416,1141.6,0,,,
astar-dial-cheb,with_roads,separated,501,1794,1025.5,1,1,1.000000,1
astar-dial-cheb,with_roads,separated,1624,1755,990.0,0,,,
astar-dial-cheb,with_roads,separated,1371,1049,1014.8,0,,,
astar-dial-cheb,with_roads,separated,552,1124,423.8,1,1,1.000000,1
astar-dial-cheb,with_roads,separated,1479,699,966.4,0,,,
astar-dial-cheb,with_roads,separated,2029,2185,83.4,1,1,1.000000,1
astar-dial-cheb,with_roads,separated,13,1907,372.6,1,1,1.000000,1
astar-jps,with_roads,separated,1600,274,330.0,1,1,1.000000,1
astar-jps,with_roads,separated,51,1863,635.9,0,,,
astar-jps,with_roads,separated,692,610,541.5,0,,,
astar-jps,with_roads,separated,558,348,356.1,1,1,1.027972,0
astar-jps,with_roads,separated,1850,251,627.5,0,,,
astar-jps,with_roads,separated,1691,1861,550.8,0,,,
astar-jps,with_roads,separated,2244,1371,94.9,1,1,1.000000,1
astar-jps,with_roads,separated,207,1482,586.5,0,,,
astar-jps,with_roads,separated,1054,65,537.4,0,,,
astar-jps,with_roads,separated,61,223,699.5,0,,,
astar-jps,with_roads,separated,548,579,545.3,0,,,
astar-jps,with_roads,separated,1268,1508,691.3,0,,,
astar-jps,with_roads,separated,54,1416,652.7,0,,,
astar-jps,with_roads,separated,501,1794,667.6,1,1,1.000000,1
astar-jps,with_roads,separated,1624,1755,604.3,0,,,
astar-jps,with_roads,separated,1371,1049,564.7,0,,,
astar-jps,with_roads,separated,552,1124,146.2,1,1,1.153846,0
astar-jps,with_roads,separated,1479,699,533.7,0,,,
astar-jps,with_roads,separated,2029,2185,34.2,1,1,1.000000,1
astar-jps,with_roads,separated,13,1907,159.1,1,1,1.373333,1
astar-jps-dial,with_roads,separated,1600,274,471.2,1,1,1.000000,1
astar-jps-dial,with_roads,separated,51,1863,638.9,0,,,
astar-jps-dial,with_roads,separated,692,610,552.9,0,,,
astar-jps-dial,with_roads,separated,558,348,288.4,1,1,1.027972,0
astar-jps-dial,with_roads,separated,1850,251,602.2,0,,,
astar-jps-dial,with_roads,separated,1691,1861,540.8,0,,,
astar-jps-dial,with_roads,separated,2244,1371,113.6,1,1,1.000000,1
astar-jps-dial,with_roads,separated,207,1482,535.3,0,,,
astar-jps-dial,with_roads,separated,1054,65,519.2,0,,,
astar-jps-dial,with_roads,separated,61,223,572.9,0,,,
astar-jps-dial,with_roads,separated,548,579,524.1,0,,,
astar-jps-dial,with_roads,separated,1268,1508,610.0,0,,,
astar-jps-dial,with_roads,separated,54,1416,501.6,0,,,
astar-jps-dial,with_roads,separated,501,1794,519.4,1,1,1.000000,1
astar-jps-dial,with_roads,separated,1624,1755,611.9,0,,,
astar-jps-dial,with_roads,separated,1371,1049,707.3,0,,,
astar-jps-dial,with_roads,separated,552,1124,150.7,1,1,1.153846,0
astar-jps-dial,with_roads,separated,1479,699,539.6,0,,,
astar-jps-dial,with_roads,separated,2029,2185,35.7,1,1,1.000000,1
astar-jps-dial,with_roads,separated,13,1907,128.8,1,1,1.373333,1
astar-dial-cheb,no_roads,settlement,1543,260,969.2,1,1,1.000000,1
astar-dial-cheb,no_roads,settlement,57,1798,1166.5,1,1,1.000000,1
astar-dial-cheb,no_roads,settlement,664,592,843.8,1,1,1.000000,1
astar-dial-cheb,no_roads,settlement,536,340,42.5,1,1,1.000000,1
astar-dial-cheb,no_roads,settlement,1786,237,620.6,1,1,1.000000,1
astar-dial-cheb,no_roads,settlement,1624,1796,399.1,1,1,1.000000,1
astar-dial-cheb,no_roads,settlement,1323,200,697.3,1,1,1.000000,1
astar-dial-cheb,no_roads,settlement,1429,1033,108.1,1,1,1.000000,1
astar-dial-cheb,no_roads,settlement,73,69,34.1,1,1,1.000000,1
astar-dial-cheb,no_roads,settlement,215,524,131.3,1,1,1.000000,1
astar-dial-cheb,no_roads,settlement,563,1236,711.6,1,1,1.000000,1
astar-dial-cheb,no_roads,settlement,1454,60,536.7,1,1,1.000000,1
astar-dial-cheb,no_roads,settlement,1361,472,487.0,1,1,1.000000,1
astar-dial-cheb,no_roads,settlement,1736,1565,440.2,1,1,1.000000,1
astar-dial-cheb,no_roads,settlement,1694,1323,307.4,1,1,1.000000,1
astar-dial-cheb,no_roads,settlement,1028,530,121.4,1,1,1.000000,1
astar-dial-cheb,no_roads,settlement,1099,1425,467.4,1,1,1.000000,1
astar-dial-cheb,no_roads,settlement,670,15,198.2,1,1,1.000000,1
astar-dial-cheb,no_roads,settlement,1836,383,515.7,1,1,1.000000,1
astar-dial-cheb,no_roads,settlement,1683,1034,169.2,1,1,1.000000,1
astar-jps,no_roads,settlement,1543,260,221.0,1,1,1.000000,1
astar-jps,no_roads,settlement,57,1798,348.2,1,1,1.000000,1
astar-jps,no_roads,settlement,664,592,98.3,1,1,1.000000,1
astar-jps,no_roads,settlement,536,340,33.2,1,1,1.000000,1
astar-jps,no_roads,settlement,1786,237,88.8,1,1,1.000000,1
astar-jps,no_roads,settlement,1624,1796,131.0,1,1,1.000000,1
astar-jps,no_roads,settlement,1323,200,154.0,1,1,1.000000,1
astar-jps,no_roads,settlement,1429,1033,40.5,1,1,1.000000,1
astar-jps,no_roads,settlement,73,69,21.4,1,1,1.000000,1
astar-jps,no_roads,settlement,215,524,70.1,1,1,1.000000,1
astar-jps,no_roads,settlement,563,1236,166.1,1,1,1.000000,1
astar-jps,no_roads,settlement,1454,60,67.9,1,1,1.000000,1
astar-jps,no_roads,settlement,1361,472,115.4,1,1,1.000000,1
astar-jps,no_roads,settlement,1736,1565,67.4,1,1,1.000000,1
astar-jps,no_roads,settlement,1694,1323,66.4,1,1,1.000000,1
astar-jps,no_roads,settlement,1028,530,34.7,1,1,1.000000,1
astar-jps,no_roads,settlement,1099,1425,150.1,1,1,1.000000,1
astar-jps,no_roads,settlement,670,15,48.3,1,1,1.000000,1
astar-jps,no_roads,settlement,1836,383,65.7,1,1,1.000000,1
astar-jps,no_roads,settlement,1683,1034,33.1,1,1,1.000000,1
astar-jps-dial,no_roads,settlement,1543,260,259.2,1,1,1.000000,1
astar-jps-dial,no_roads,settlement,57,1798,304.9,1,1,1.000000,1
astar-jps-dial,no_roads,settlement,664,592,91.9,1,1,1.000000,1
astar-jps-dial,no_roads,settlement,536,340,32.8,1,1,1.000000,1
astar-jps-dial,no_roads,settlement,1786,237,214.5,1,1,1.000000,1
astar-jps-dial,no_roads,settlement,1624,1796,106.9,1,1,1.000000,1
astar-jps-dial,no_roads,settlement,1323,200,141.9,1,1,1.000000,1
astar-jps-dial,no_roads,settlement,1429,1033,44.5,1,1,1.000000,1
astar-jps-dial,no_roads,settlement,73,69,30.1,1,1,1.000000,1
astar-jps-dial,no_roads,settlement,215,524,66.4,1,1,1.000000,1
astar-jps-dial,no_roads,settlement,563,1236,157.4,1,1,1.000000,1
astar-jps-dial,no_roads,settlement,1454,60,219.3,1,1,1.000000,1
astar-jps-dial,no_roads,settlement,1361,472,127.6,1,1,1.000000,1
astar-jps-dial,no_roads,settlement,1736,1565,80.9,1,1,1.000000,1
astar-jps-dial,no_roads,settlement,1694,1323,94.3,1,1,1.000000,1
astar-jps-dial,no_roads,settlement,1028,530,34.6,1,1,1.000000,1
astar-jps-dial,no_roads,settlement,1099,1425,198.5,1,1,1.000000,1
astar-jps-dial,no_roads,settlement,670,15,56.8,1,1,1.000000,1
astar-jps-dial,no_roads,settlement,1836,383,115.4,1,1,1.000000,1
astar-jps-dial,no_roads,settlement,1683,1034,71.3,1,1,1.000000,1
astar-dial-cheb,with_roads,settlement,1543,260,858.2,1,1,1.000000,1
astar-dial-cheb,with_roads,settlement,57,1798,1191.2,1,1,1.000000,1
astar-dial-cheb,with_roads,settlement,664,592,720.1,1,1,1.000000,1
astar-dial-cheb,with_roads,settlement,536,340,46.1,1,1,1.000000,1
astar-dial-cheb,with_roads,settlement,1786,237,634.0,1,1,1.000000,1
astar-dial-cheb,with_roads,settlement,1624,1796,412.7,1,1,1.000000,1
astar-dial-cheb,with_roads,settlement,1323,200,719.7,1,1,1.000000,1
astar-dial-cheb,with_roads,settlement,1429,1033,97.7,1,1,1.000000,1
astar-dial-cheb,with_roads,settlement,73,69,22.3,1,1,1.000000,1
astar-dial-cheb,with_roads,settlement,215,524,174.5,1,1,1.000000,1
astar-dial-cheb,with_roads,settlement,563,1236,833.3,1,1,1.000000,1
astar-dial-cheb,with_roads,settlement,1454,60,536.3,1,1,1.000000,1
astar-dial-cheb,with_roads,settlement,1361,472,528.7,1,1,1.000000,1
astar-dial-cheb,with_roads,settlement,1736,1565,461.4,1,1,1.000000,1
astar-dial-cheb,with_roads,settlement,1694,1323,328.4,1,1,1.000000,1
astar-dial-cheb,with_roads,settlement,1028,530,135.5,1,1,1.000000,1
astar-dial-cheb,with_roads,settlement,1099,1425,518.5,1,1,1.000000,1
astar-dial-cheb,with_roads,settlement,670,15,154.7,1,1,1.000000,1
astar-dial-cheb,with_roads,settlement,1836,383,564.7,1,1,1.000000,1
astar-dial-cheb,with_roads,settlement,1683,1034,177.8,1,1,1.000000,1
astar-jps,with_roads,settlement,1543,260,232.1,1,1,1.085714,1
astar-jps,with_roads,settlement,57,1798,394.8,1,1,1.107438,0
astar-jps,with_roads,settlement,664,592,100.5,1,1,1.166667,1
astar-jps,with_roads,settlement,536,340,34.9,1,1,1.000000,1
astar-jps,with_roads,settlement,1786,237,95.4,1,1,1.000000,1
astar-jps,with_roads,settlement,1624,1796,145.2,1,1,1.000000,1
astar-jps,with_roads,settlement,1323,200,172.0,1,1,1.000000,1
astar-jps,with_roads,settlement,1429,1033,42.9,1,1,1.000000,1
astar-jps,with_roads,settlement,73,69,22.5,1,1,2.000000,0
astar-jps,with_roads,settlement,215,524,77.5,1,1,1.000000,1
astar-jps,with_roads,settlement,563,1236,169.4,1,1,1.000000,1
astar-jps,with_roads,settlement,1454,60,71.5,1,1,1.025000,1
astar-jps,with_roads,settlement,1361,472,117.3,1,1,1.000000,1
astar-jps,with_roads,settlement,1736,1565,72.3,1,1,1.000000,1
astar-jps,with_roads,settlement,1694,1323,70.3,1,1,1.000000,1
astar-jps,with_roads,settlement,1028,530,36.5,1,1,1.000000,1
astar-jps,with_roads,settlement,1099,1425,159.3,1,1,1.000000,1
astar-jps,with_roads,settlement,670,15,51.2,1,1,1.121212,1
astar-jps,with_roads,settlement,1836,383,72.6,1,1,1.000000,1
astar-jps,with_roads,settlement,1683,1034,35.9,1,1,1.000000,1
astar-jps-dial,with_roads,settlement,1543,260,284.3,1,1,1.085714,1
astar-jps-dial,with_roads,settlement,57,1798,334.8,1,1,1.107438,0
astar-jps-dial,with_roads,settlement,664,592,105.5,1,1,1.166667,0
astar-jps-dial,with_roads,settlement,536,340,37.1,1,1,1.000000,1
astar-jps-dial,with_roads,settlement,1786,237,242.2,1,1,1.000000,1
astar-jps-dial,with_roads,settlement,1624,1796,121.3,1,1,1.000000,1
astar-jps-dial,with_roads,settlement,1323,200,156.3,1,1,1.000000,1
astar-jps-dial,with_roads,settlement,1429,1033,49.8,1,1,1.000000,1
astar-jps-dial,with_roads,settlement,73,69,30.0,1,1,2.000000,0
astar-jps-dial,with_roads,settlement,215,524,76.3,1,1,1.000000,1
astar-jps-dial,with_roads,settlement,563,1236,175.4,1,1,1.000000,1
astar-jps-dial,with_roads,settlement,1454,60,251.3,1,1,1.025000,1
astar-jps-dial,with_roads,settlement,1361,472,148.1,1,1,1.000000,1
astar-jps-dial,with_roads,settlement,1736,1565,89.3,1,1,1.000000,1
astar-jps-dial,with_roads,settlement,1694,1323,114.9,1,1,1.000000,1
astar-jps-dial,with_roads,settlement,1028,530,42.4,1,1,1.000000,1
astar-jps-dial,with_roads,settlement,1099,1425,222.1,1,1,1.000000,1
astar-jps-dial,with_roads,settlement,670,15,64.4,1,1,1.121212,1
astar-jps-dial,with_roads,settlement,1836,383,132.5,1,1,1.000000,1
astar-jps-dial,with_roads,settlement,1683,1034,78.9,1,1,1.000000,1
astar-dial-cheb,no_roads,shish_kebab,391,62,206.3,1,1,1.000000,1
astar-dial-cheb,no_roads,shish_kebab,12,165,59.1,1,1,1.000000,1
astar-dial-cheb,no_roads,shish_kebab,147,135,84.7,1,1,1.000000,1
astar-dial-cheb,no_roads,shish_kebab,80,57,206.3,1,1,1.000000,1
astar-dial-cheb,no_roads,shish_kebab,338,47,139.2,1,1,1.000000,1
astar-dial-cheb,no_roads,shish_kebab,365,259,133.2,1,1,1.000000,1
astar-dial-cheb,no_roads,shish_kebab,16,15,8.2,1,1,1.000000,1
astar-dial-cheb,no_roads,shish_kebab,50,127,31.4,1,1,1.000000,1
astar-dial-cheb,no_roads,shish_kebab,140,313,140.6,1,1,1.000000,1
astar-dial-cheb,no_roads,shish_kebab,372,13,227.5,1,1,1.000000,1
astar-dial-cheb,no_roads,shish_kebab,348,117,133.1,1,1,1.000000,1
astar-dial-cheb,no_roads,shish_kebab,396,338,20.4,1,1,1.000000,1
astar-dial-cheb,no_roads,shish_kebab,257,128,97.9,1,1,1.000000,1
astar-dial-cheb,no_roads,shish_kebab,277,364,133.1,1,1,1.000000,1
astar-dial-cheb,no_roads,shish_kebab,167,3,84.2,1,1,1.000000,1
astar-dial-cheb,no_roads,shish_kebab,90,259,130.2,1,1,1.000000,1
astar-dial-cheb,no_roads,shish_kebab,206,167,16.3,1,1,1.000000,1
astar-dial-cheb,no_roads,shish_kebab,88,126,17.6,1,1,1.000000,1
astar-dial-cheb,no_roads,shish_kebab,204,57,223.5,1,1,1.000000,1
astar-dial-cheb,no_roads,shish_kebab,50,233,109.2,1,1,1.000000,1
astar-jps,no_roads,shish_kebab,391,62,72.3,1,1,1.000000,1
astar-jps,no_roads,shish_kebab,12,165,31.8,1,1,1.000000,1
astar-jps,no_roads,shish_kebab,147,135,28.3,1,1,1.000000,1
astar-jps,no_roads,shish_kebab,80,57,65.4,1,1,1.000000,1
astar-jps,no_roads,shish_kebab,338,47,64.5,1,1,1.000000,1
astar-jps,no_roads,shish_kebab,365,259,56.2,1,1,1.000000,1
astar-jps,no_roads,shish_kebab,16,15,11.0,1,1,1.000000,1
astar-jps,no_roads,shish_kebab,50,127,21.7,1,1,1.000000,1
astar-jps,no_roads,shish_kebab,140,313,60.7,1,1,1.000000,1
astar-jps,no_roads,shish_kebab,372,13,91.5,1,1,1.000000,1
astar-jps,no_roads,shish_kebab,348,117,49.1,1,1,1.000000,1
astar-jps,no_roads,shish_kebab,396,338,26.7,1,1,1.000000,1
astar-jps,no_roads,shish_kebab,257,128,44.5,1,1,1.000000,1
astar-jps,no_roads,shish_kebab,277,364,68.7,1,1,1.000000,1
astar-jps,no_roads,shish_kebab,167,3,25.6,1,1,1.000000,1
astar-jps,no_roads,shish_kebab,90,259,46.8,1,1,1.000000,1
astar-jps,no_roads,shish_kebab,206,167,20.4,1,1,1.000000,1
astar-jps,no_roads,shish_kebab,88,126,15.5,1,1,1.000000,1
astar-jps,no_roads,shish_kebab,204,57,56.6,1,1,1.000000,1
astar-jps,no_roads,shish_kebab,50,233,50.1,1,1,1.000000,1
astar-jps-dial,no_roads,shish_kebab,391,62,93.5,1,1,1.000000,1
astar-jps-dial,no_roads,shish_kebab,12,165,32.6,1,1,1.000000,1
astar-jps-dial,no_roads,shish_kebab,147,135,31.9,1,1,1.000000,1
astar-jps-dial,no_roads,shish_kebab,80,57,84.1,1,1,1.000000,1
astar-jps-dial,no_roads,shish_kebab,338,47,70.5,1,1,1.000000,1
astar-jps-dial,no_roads,shish_kebab,365,259,82.9,1,1,1.000000,1
astar-jps-dial,no_roads,shish_kebab,16,15,13.0,1,1,1.000000,1
astar-jps-dial,no_roads,shish_kebab,50,127,23.0,1,1,1.000000,1
astar-jps-dial,no_roads,shish_kebab,140,313,60.9,1,1,1.000000,1
astar-jps-dial,no_roads,shish_kebab,372,13,110.4,1,1,1.000000,1
astar-jps-dial,no_roads,shish_kebab,348,117,51.0,1,1,1.000000,1
astar-jps-dial,no_roads,shish_kebab,396,338,31.2,1,1,1.000000,1
astar-jps-dial,no_roads,shish_kebab,257,128,52.7,1,1,1.000000,1
astar-jps-dial,no_roads,shish_kebab,277,364,61.2,1,1,1.000000,1
astar-jps-dial,no_roads,shish_kebab,167,3,30.1,1,1,1.000000,1
astar-jps-dial,no_roads,shish_kebab,90,259,47.1,1,1,1.000000,1
astar-jps-dial,no_roads,shish_kebab,206,167,20.8,1,1,1.000000,1
astar-jps-dial,no_roads,shish_kebab,88,126,17.9,1,1,1.000000,1
astar-jps-dial,no_roads,shish_kebab,204,57,68.8,1,1,1.000000,1
astar-jps-dial,no_roads,shish_kebab,50,233,47.1,1,1,1.000000,1
astar-dial-cheb,with_roads,shish_kebab,391,62,83.7,1,1,1.000000,1
astar-dial-cheb,with_roads,shish_kebab,12,165,84.2,1,1,1.000000,1
astar-dial-cheb,with_roads,shish_kebab,147,135,82.3,1,1,1.000000,1
astar-dial-cheb,with_roads,shish_kebab,80,57,224.6,1,1,1.000000,1
astar-dial-cheb,with_roads,shish_kebab,338,47,186.2,1,1,1.000000,1
astar-dial-cheb,with_roads,shish_kebab,365,259,214.1,1,1,1.000000,1
astar-dial-cheb,with_roads,shish_kebab,16,15,8.4,1,1,1.000000,1
astar-dial-cheb,with_roads,shish_kebab,50,127,34.3,1,1,1.000000,1
astar-dial-cheb,with_roads,shish_kebab,140,313,94.7,1,1,1.000000,1
astar-dial-cheb,with_roads,shish_kebab,372,13,237.8,1,1,1.000000,1
astar-dial-cheb,with_roads,shish_kebab,348,117,193.6,1,1,1.000000,1
astar-dial-cheb,with_roads,shish_kebab,396,338,20.9,1,1,1.000000,1
astar-dial-cheb,with_roads,shish_kebab,257,128,91.0,1,1,1.000000,1
astar-dial-cheb,with_roads,shish_kebab,277,364,122.4,1,1,1.000000,1
astar-dial-cheb,with_roads,shish_kebab,167,3,80.5,1,1,1.000000,1
astar-dial-cheb,with_roads,shish_kebab,90,259,139.5,1,1,1.000000,1
astar-dial-cheb,with_roads,shish_kebab,206,167,16.2,1,1,1.000000,1
astar-dial-cheb,with_roads,shish_kebab,88,126,17.6,1,1,1.000000,1
astar-dial-cheb,with_roads,shish_kebab,204,57,256.0,1,1,1.000000,1
astar-dial-cheb,with_roads,shish_kebab,50,233,126.4,1,1,1.000000,1
astar-jps,with_roads,shish_kebab,391,62,73.9,1,1,2.333333,1
astar-jps,with_roads,shish_kebab,12,165,34.8,1,1,1.000000,1
astar-jps,with_roads,shish_kebab,147,135,30.4,1,1,1.000000,1
astar-jps,with_roads,shish_kebab,80,57,73.0,1,1,1.075000,0
astar-jps,with_roads,shish_kebab,338,47,68.2,1,1,1.000000,1
astar-jps,with_roads,shish_kebab,365,259,64.0,1,1,1.117647,1
astar-jps,with_roads,shish_kebab,16,15,11.2,1,1,1.000000,1
astar-jps,with_roads,shish_kebab,50,127,22.2,1,1,1.000000,1
astar-jps,with_roads,shish_kebab,140,313,63.9,1,1,1.857143,0
astar-jps,with_roads,shish_kebab,372,13,97.9,1,1,1.390244,0
astar-jps,with_roads,shish_kebab,348,117,50.9,1,1,1.058824,0
astar-jps,with_roads,shish_kebab,396,338,26.7,1,1,1.000000,1
astar-jps,with_roads,shish_kebab,257,128,45.4,1,1,1.000000,1
astar-jps,with_roads,shish_kebab,277,364,71.9,1,1,1.193548,1
astar-jps,with_roads,shish_kebab,167,3,25.5,1,1,1.000000,1
astar-jps,with_roads,shish_kebab,90,259,47.4,1,1,1.000000,1
astar-jps,with_roads,shish_kebab,206,167,21.9,1,1,1.000000,1
astar-jps,with_roads,shish_kebab,88,126,15.2,1,1,1.000000,1
astar-jps,with_roads,shish_kebab,204,57,55.9,1,1,1.000000,1
astar-jps,with_roads,shish_kebab,50,233,50.7,1,1,1.000000,1
astar-jps-dial,with_roads,shish_kebab,391,62,94.8,1,1,1.571429,1
astar-jps-dial,with_roads,shish_kebab,12,165,33.4,1,1,1.000000,1
astar-jps-dial,with_roads,shish_kebab,147,135,34.9,1,1,1.000000,1
astar-jps-dial,with_roads,shish_kebab,80,57,88.3,1,1,1.075000,0
astar-jps-dial,with_roads,shish_kebab,338,47,68.0,1,1,1.000000,1
astar-jps-dial,with_roads,shish_kebab,365,259,84.1,1,1,1.058824,1
astar-jps-dial,with_roads,shish_kebab,16,15,12.9,1,1,1.000000,1
astar-jps-dial,with_roads,shish_kebab,50,127,22.5,1,1,1.000000,1
astar-jps-dial,with_roads,shish_kebab,140,313,75.2,1,1,1.857143,0
astar-jps-dial,with_roads,shish_kebab,372,13,141.2,1,1,1.390244,0
astar-jps-dial,with_roads,shish_kebab,348,117,60.7,1,1,1.058824,0
astar-jps-dial,with_roads,shish_kebab,396,338,35.8,1,1,1.000000,1
astar-jps-dial,with_roads,shish_kebab,257,128,65.8,1,1,1.000000,1
astar-jps-dial,with_roads,shish_kebab,277,364,63.3,1,1,1.064516,1
astar-jps-dial,with_roads,shish_kebab,167,3,30.7,1,1,1.000000,1
astar-jps-dial,with_roads,shish_kebab,90,259,45.5,1,1,1.000000,1
astar-jps-dial,with_roads,shish_kebab,206,167,23.3,1,1,1.000000,1
astar-jps-dial,with_roads,shish_kebab,88,126,16.9,1,1,1.000000,1
astar-jps-dial,with_roads,shish_kebab,204,57,68.8,1,1,1.000000,1
astar-jps-dial,with_roads,shish_kebab,50,233,47.4,1,1,1.000000,1
astar-dial-cheb,no_roads,shrub,128,27,217.7,1,1,1.000000,1
astar-dial-cheb,no_roads,shrub,395,346,101.2,1,1,1.000000,1
astar-dial-cheb,no_roads,shrub,312,171,145.0,1,1,1.000000,1
astar-dial-cheb,no_roads,shrub,115,810,384.4,1,1,1.000000,1
astar-dial-cheb,no_roads,shrub,96,866,461.6,1,1,1.000000,1
astar-dial-cheb,no_roads,shrub,640,34,231.2,1,1,1.000000,1
astar-dial-cheb,no_roads,shrub,32,104,95.1,1,1,1.000000,1
astar-dial-cheb,no_roads,shrub,301,328,403.1,1,1,1.000000,1
astar-dial-cheb,no_roads,shrub,760,878,35.5,1,1,1.000000,1
astar-dial-cheb,no_roads,shrub,29,829,254.5,1,1,1.000000,1
astar-dial-cheb,no_roads,shrub,269,810,392.0,1,1,1.000000,1
astar-dial-cheb,no_roads,shrub,636,305,93.2,1,1,1.000000,1
astar-dial-cheb,no_roads,shrub,679,865,55.6,1,1,1.000000,1
astar-dial-cheb,no_roads,shrub,400,6,141.4,1,1,1.000000,1
astar-dial-cheb,no_roads,shrub,198,640,158.2,1,1,1.000000,1
astar-dial-cheb,no_roads,shrub,506,400,173.3,1,1,1.000000,1
astar-dial-cheb,no_roads,shrub,192,298,262.6,1,1,1.000000,1
astar-dial-cheb,no_roads,shrub,500,115,161.1,1,1,1.000000,1
astar-dial-cheb,no_roads,shrub,103,573,169.0,1,1,1.000000,1
astar-dial-cheb,no_roads,shrub,109,535,172.7,1,1,1.000000,1
astar-jps,no_roads,shrub,128,27,58.2,1,1,1.000000,1
astar-jps,no_roads,shrub,395,346,50.7,1,1,1.000000,1
astar-jps,no_roads,shrub,312,171,99.4,1,1,1.000000,1
astar-jps,no_roads,shrub,115,810,154.1,1,1,1.000000,1
astar-jps,no_roads,shrub,96,866,199.1,1,1,1.000000,1
astar-jps,no_roads,shrub,640,34,56.6,1,1,1.000000,1
astar-jps,no_roads,shrub,32,104,47.4,1,1,1.000000,1
astar-jps,no_roads,shrub,301,328,365.5,1,1,1.000000,1
astar-jps,no_roads,shrub,760,878,41.4,1,1,1.000000,1
astar-jps,no_roads,shrub,29,829,103.1,1,1,1.000000,1
astar-jps,no_roads,shrub,269,810,212.3,1,1,1.000000,1
astar-jps,no_roads,shrub,636,305,57.9,1,1,1.000000,1
astar-jps,no_roads,shrub,679,865,31.6,1,1,1.000000,1
astar-jps,no_roads,shrub,400,6,34.8,1,1,1.000000,1
astar-jps,no_roads,shrub,198,640,55.5,1,1,1.000000,1
astar-jps,no_roads,shrub,506,400,55.2,1,1,1.000000,1
astar-jps,no_roads,shrub,192,298,100.7,1,1,1.000000,1
astar-jps,no_roads,shrub,500,115,50.4,1,1,1.000000,1
astar-jps,no_roads,shrub,103,573,56.7,1,1,1.000000,1
astar-jps,no_roads,shrub,109,535,98.8,1,1,1.000000,1
astar-jps-dial,no_roads,shrub,128,27,62.3,1,1,1.000000,1
astar-jps-dial,no_roads,shrub,395,346,49.8,1,1,1.000000,1
astar-jps-dial,no_roads,shrub,312,171,87.7,1,1,1.000000,1
astar-jps-dial,no_roads,shrub,115,810,125.1,1,1,1.000000,1
astar-jps-dial,no_roads,shrub,96,866,179.9,1,1,1.000000,1
astar-jps-dial,no_roads,shrub,640,34,79.0,1,1,1.000000,1
astar-jps-dial,no_roads,shrub,32,104,52.9,1,1,1.000000,1
astar-jps-dial,no_roads,shrub,301,328,330.3,1,1,1.000000,1
astar-jps-dial,no_roads,shrub,760,878,36.3,1,1,1.000000,1
astar-jps-dial,no_roads,shrub,29,829,98.1,1,1,1.000000,1
astar-jps-dial,no_roads,shrub,269,810,187.5,1,1,1.000000,1
astar-jps-dial,no_roads,shrub,636,305,63.7,1,1,1.000000,1
astar-jps-dial,no_roads,shrub,679,865,33.3,1,1,1.000000,1
astar-jps-dial,no_roads,shrub,400,6,50.5,1,1,1.000000,1
astar-jps-dial,no_roads,shrub,198,640,53.5,1,1,1.000000,1
astar-jps-dial,no_roads,shrub,506,400,98.0,1,1,1.000000,1
astar-jps-dial,no_roads,shrub,192,298,98.9,1,1,1.000000,1
astar-jps-dial,no_roads,shrub,500,115,66.6,1,1,1.000000,1
astar-jps-dial,no_roads,shrub,103,573,53.9,1,1,1.000000,1
astar-jps-dial,no_roads,shrub,109,535,83.3,1,1,1.000000,1
astar-dial-cheb,with_roads,shrub,128,27,239.4,1,1,1.000000,1
astar-dial-cheb,with_roads,shrub,395,346,104.5,1,1,1.000000,1
astar-dial-cheb,with_roads,shrub,312,171,158.5,1,1,1.000000,1
astar-dial-cheb,with_roads,shrub,115,810,347.4,1,1,1.000000,1
astar-dial-cheb,with_roads,shrub,96,866,433.8,1,1,1.000000,1
astar-dial-cheb,with_roads,shrub,640,34,110.9,1,1,1.000000,1
astar-dial-cheb,with_roads,shrub,32,104,127.9,1,1,1.000000,1
astar-dial-cheb,with_roads,shrub,301,328,392.6,1,1,1.000000,1
astar-dial-cheb,with_roads,shrub,760,878,30.1,1,1,1.000000,1
astar-dial-cheb,with_roads,shrub,29,829,240.5,1,1,1.000000,1
astar-dial-cheb,with_roads,shrub,269,810,388.2,1,1,1.000000,1
astar-dial-cheb,with_roads,shrub,636,305,49.2,1,1,1.000000,1
astar-dial-cheb,with_roads,shrub,679,865,52.5,1,1,1.000000,1
astar-dial-cheb,with_roads,shrub,400,6,143.8,1,1,1.000000,1
astar-dial-cheb,with_roads,shrub,198,640,154.6,1,1,1.000000,1
astar-dial-cheb,with_roads,shrub,506,400,159.4,1,1,1.000000,1
astar-dial-cheb,with_roads,shrub,192,298,275.0,1,1,1.000000,1
astar-dial-cheb,with_roads,shrub,500,115,164.8,1,1,1.000000,1
astar-dial-cheb,with_roads,shrub,103,573,154.0,1,1,1.000000,1
astar-dial-cheb,with_roads,shrub,109,535,159.7,1,1,1.000000,1
astar-jps,with_roads,shrub,128,27,52.4,1,1,1.000000,1
astar-jps,with_roads,shrub,395,346,51.2,1,1,1.080000,1
astar-jps,with_roads,shrub,312,171,88.9,1,1,1.000000,1
astar-jps,with_roads,shrub,115,810,155.1,1,1,1.023256,1
astar-jps,with_roads,shrub,96,866,191.3,1,1,1.000000,1
astar-jps,with_roads,shrub,640,34,55.7,1,1,1.600000,1
astar-jps,with_roads,shrub,32,104,45.5,1,1,1.000000,1
astar-jps,with_roads,shrub,301,328,348.5,1,1,1.075949,1
astar-jps,with_roads,shrub,760,878,33.6,1,1,1.000000,1
astar-jps,with_roads,shrub,29,829,97.5,1,1,1.000000,1
astar-jps,with_roads,shrub,269,810,203.1,1,1,1.021053,1
astar-jps,with_roads,shrub,636,305,55.5,1,1,1.210526,1
astar-jps,with_roads,shrub,679,865,30.3,1,1,1.000000,1
astar-jps,with_roads,shrub,400,6,33.4,1,1,1.181818,0
astar-jps,with_roads,shrub,198,640,56.2,1,1,1.000000,1
astar-jps,with_roads,shrub,506,400,55.0,1,1,1.000000,1
astar-jps,with_roads,shrub,192,298,97.6,1,1,1.000000,1
astar-jps,with_roads,shrub,500,115,47.9,1,1,1.000000,1
astar-jps,with_roads,shrub,103,573,55.1,1,1,1.021739,1
astar-jps,with_roads,shrub,109,535,85.6,1,1,1.000000,1
astar-jps-dial,with_roads,shrub,128,27,61.5,1,1,1.000000,1
astar-jps-dial,with_roads,shrub,395,346,53.9,1,1,1.080000,1
astar-jps-dial,with_roads,shrub,312,171,79.4,1,1,1.000000,1
astar-jps-dial,with_roads,shrub,115,810,123.9,1,1,1.023256,1
astar-jps-dial,with_roads,shrub,96,866,177.6,1,1,1.000000,1
astar-jps-dial,with_roads,shrub,640,34,74.1,1,1,1.714286,1
astar-jps-dial,with_roads,shrub,32,104,49.2,1,1,1.000000,1
astar-jps-dial,with_roads,shrub,301,328,301.6,1,1,1.075949,1
astar-jps-dial,with_roads,shrub,760,878,35.3,1,1,1.000000,1
astar-jps-dial,with_roads,shrub,29,829,98.6,1,1,1.000000,1
astar-jps-dial,with_roads,shrub,269,810,181.2,1,1,1.021053,1
astar-jps-dial,with_roads,shrub,636,305,63.4,1,1,1.210526,1
astar-jps-dial,with_roads,shrub,679,865,33.7,1,1,1.000000,1
astar-jps-dial,with_roads,shrub,400,6,51.2,1,1,1.181818,0
astar-jps-dial,with_roads,shrub,198,640,53.5,1,1,1.000000,1
astar-jps-dial,with_roads,shrub,506,400,99.2,1,1,1.000000,1
astar-jps-dial,with_roads,shrub,192,298,105.3,1,1,1.000000,1
astar-jps-dial,with_roads,shrub,500,115,66.8,1,1,1.000000,1
astar-jps-dial,with_roads,shrub,103,573,55.9,1,1,1.021739,1
astar-jps-dial,with_roads,shrub,109,535,91.7,1,1,1.000000,1
astar-dial-cheb,no_roads,sierpinski_evil,920,124,35.4,0,,,
astar-dial-cheb,no_roads,sierpinski_evil,26,332,122.5,1,1,1.000000,1
astar-dial-cheb,no_roads,sierpinski_evil,290,258,15.0,1,1,1.000000,1
astar-dial-cheb,no_roads,sierpinski_evil,155,114,261.5,1,1,1.000000,1
astar-dial-cheb,no_roads,sierpinski_evil,715,95,203.3,1,1,1.000000,1
astar-dial-cheb,no_roads,sierpinski_evil,802,541,154.3,1,1,1.000000,1
astar-dial-cheb,no_roads,sierpinski_evil,33,31,19.7,1,1,1.000000,1
astar-dial-cheb,no_roads,sierpinski_evil,101,253,56.1,1,1,1.000000,1
astar-dial-cheb,no_roads,sierpinski_evil,277,660,292.6,1,1,1.000000,1
astar-dial-cheb,no_roads,sierpinski_evil,824,28,389.5,1,1,1.000000,1
astar-dial-cheb,no_roads,sierpinski_evil,753,229,296.8,1,1,1.000000,1
astar-dial-cheb,no_roads,sierpinski_evil,715,538,113.2,1,1,1.000000,1
astar-dial-cheb,no_roads,sierpinski_evil,255,574,251.3,1,1,1.000000,1
astar-dial-cheb,no_roads,sierpinski_evil,801,335,130.9,1,1,1.000000,1
astar-dial-cheb,no_roads,sierpinski_evil,6,181,240.6,1,1,1.000000,1
astar-dial-cheb,no_roads,sierpinski_evil,541,426,80.3,1,1,1.000000,1
astar-dial-cheb,no_roads,sierpinski_evil,335,177,62.6,1,1,1.000000,1
astar-dial-cheb,no_roads,sierpinski_evil,250,419,231.2,1,1,1.000000,1
astar-dial-cheb,no_roads,sierpinski_evil,114,100,159.0,1,1,1.000000,1
astar-dial-cheb,no_roads,sierpinski_evil,491,105,272.1,1,1,1.000000,1
astar-jps,no_roads,sierpinski_evil,920,124,37.4,0,,,
astar-jps,no_roads,sierpinski_evil,26,332,80.7,1,1,1.000000,1
astar-jps,no_roads,sierpinski_evil,290,258,13.9,1,1,1.000000,1
astar-jps,no_roads,sierpinski_evil,155,114,61.5,1,1,1.000000,1
astar-jps,no_roads,sierpinski_evil,715,95,28.6,1,1,1.000000,1
astar-jps,no_roads,sierpinski_evil,802,541,82.3,1,1,1.000000,1
astar-jps,no_roads,sierpinski_evil,33,31,33.4,1,1,1.000000,1
astar-jps,no_roads,sierpinski_evil,101,253,51.2,1,1,1.000000,1
astar-jps,no_roads,sierpinski_evil,277,660,91.5,1,1,1.000000,1
astar-jps,no_roads,sierpinski_evil,824,28,85.5,1,1,1.000000,1
astar-jps,no_roads,sierpinski_evil,753,229,126.5,1,1,1.000000,1
astar-jps,no_roads,sierpinski_evil,715,538,97.0,1,1,1.000000,1
astar-jps,no_roads,sierpinski_evil,255,574,93.0,1,1,1.000000,1
astar-jps,no_roads,sierpinski_evil,801,335,50.7,1,1,1.000000,1
astar-jps,no_roads,sierpinski_evil,6,181,95.8,1,1,1.000000,1
astar-jps,no_roads,sierpinski_evil,541,426,47.4,1,1,1.000000,1
astar-jps,no_roads,sierpinski_evil,335,177,44.8,1,1,1.000000,1
astar-jps,no_roads,sierpinski_evil,250,419,77.1,1,1,1.000000,1
astar-jps,no_roads,sierpinski_evil,114,100,48.3,1,1,1.000000,1
astar-jps,no_roads,sierpinski_evil,491,105,99.6,1,1,1.000000,1
astar-jps-dial,no_roads,sierpinski_evil,920,124,41.7,0,,,
astar-jps-dial,no_roads,sierpinski_evil,26,332,70.2,1,1,1.000000,1
astar-jps-dial,no_roads,sierpinski_evil,290,258,15.5,1,1,1.000000,1
astar-jps-dial,no_roads,sierpinski_evil,155,114,127.3,1,1,1.000000,1
astar-jps-dial,no_roads,sierpinski_evil,715,95,28.8,1,1,1.000000,1
astar-jps-dial,no_roads,sierpinski_evil,802,541,94.0,1,1,1.000000,1
astar-jps-dial,no_roads,sierpinski_evil,33,31,43.1,1,1,1.000000,1
astar-jps-dial,no_roads,sierpinski_evil,101,253,49.7,1,1,1.000000,1
astar-jps-dial,no_roads,sierpinski_evil,277,660,97.9,1,1,1.000000,1
astar-jps-dial,no_roads,sierpinski_evil,824,28,90.4,1,1,1.000000,1
astar-jps-dial,no_roads,sierpinski_evil,753,229,140.2,1,1,1.000000,1
astar-jps-dial,no_roads,sierpinski_evil,715,538,90.1,1,1,1.000000,1
astar-jps-dial,no_roads,sierpinski_evil,255,574,95.0,1,1,1.000000,1
astar-jps-dial,no_roads,sierpinski_evil,801,335,52.0,1,1,1.000000,1
astar-jps-dial,no_roads,sierpinski_evil,6,181,76.0,1,1,1.000000,1
astar-jps-dial,no_roads,sierpinski_evil,541,426,51.3,1,1,1.000000,1
astar-jps-dial,no_roads,sierpinski_evil,335,177,43.1,1,1,1.000000,1
astar-jps-dial,no_roads,sierpinski_evil,250,419,84.8,1,1,1.000000,1
astar-jps-dial,no_roads,sierpinski_evil,114,100,66.0,1,1,1.000000,1
astar-jps-dial,no_roads,sierpinski_evil,491,105,107.4,1,1,1.000000,1
astar-dial-cheb,with_roads,sierpinski_evil,920,124,31.9,0,,,
astar-dial-cheb,with_roads,sierpinski_evil,26,332,111.5,1,1,1.000000,1
astar-dial-cheb,with_roads,sierpinski_evil,290,258,11.6,1,1,1.000000,1
astar-dial-cheb,with_roads,sierpinski_evil,155,114,428.1,1,1,1.000000,1
astar-dial-cheb,with_roads,sierpinski_evil,715,95,78.8,1,1,1.000000,1
astar-dial-cheb,with_roads,sierpinski_evil,802,541,72.3,1,1,1.000000,1
astar-dial-cheb,with_roads,sierpinski_evil,33,31,15.2,1,1,1.000000,1
astar-dial-cheb,with_roads,sierpinski_evil,101,253,55.8,1,1,1.000000,1
astar-dial-cheb,with_roads,sierpinski_evil,277,660,205.0,1,1,1.000000,1
astar-dial-cheb,with_roads,sierpinski_evil,824,28,517.0,1,1,1.000000,1
astar-dial-cheb,with_roads,sierpinski_evil,753,229,247.5,1,1,1.000000,1
astar-dial-cheb,with_roads,sierpinski_evil,715,538,125.2,1,1,1.000000,1
astar-dial-cheb,with_roads,sierpinski_evil,255,574,109.4,1,1,1.000000,1
astar-dial-cheb,with_roads,sierpinski_evil,801,335,200.4,1,1,1.000000,1
astar-dial-cheb,with_roads,sierpinski_evil,6,181,355.4,1,1,1.000000,1
astar-dial-cheb,with_roads,sierpinski_evil,541,426,47.6,1,1,1.000000,1
astar-dial-cheb,with_roads,sierpinski_evil,335,177,55.7,1,1,1.000000,1
astar-dial-cheb,with_roads,sierpinski_evil,250,419,315.1,1,1,1.000000,1
astar-dial-cheb,with_roads,sierpinski_evil,114,100,147.1,1,1,1.000000,1
astar-dial-cheb,with_roads,sierpinski_evil,491,105,399.7,1,1,1.000000,1
astar-jps,with_roads,sierpinski_evil,920,124,34.5,0,,,
astar-jps,with_roads,sierpinski_evil,26,332,72.4,1,1,1.000000,1
astar-jps,with_roads,sierpinski_evil,290,258,12.4,1,1,1.000000,1
astar-jps,with_roads,sierpinski_evil,155,114,53.7,1,1,1.105263,0
astar-jps,with_roads,sierpinski_evil,715,95,26.4,1,1,2.230769,0
astar-jps,with_roads,sierpinski_evil,802,541,84.6,1,1,1.074074,1
astar-jps,with_roads,sierpinski_evil,33,31,29.6,1,1,1.000000,1
astar-jps,with_roads,sierpinski_evil,101,253,45.9,1,1,1.000000,1
astar-jps,with_roads,sierpinski_evil,277,660,88.2,1,1,1.272727,1
astar-jps,with_roads,sierpinski_evil,824,28,86.6,1,1,1.058824,1
astar-jps,with_roads,sierpinski_evil,753,229,118.1,1,1,1.280000,1
astar-jps,with_roads,sierpinski_evil,715,538,86.4,1,1,1.068966,0
astar-jps,with_roads,sierpinski_evil,255,574,95.2,1,1,1.521739,0
astar-jps,with_roads,sierpinski_evil,801,335,50.5,1,1,1.000000,1
astar-jps,with_roads,sierpinski_evil,6,181,93.1,1,1,1.000000,1
astar-jps,with_roads,sierpinski_evil,541,426,44.4,1,1,1.000000,1
astar-jps,with_roads,sierpinski_evil,335,177,41.2,1,1,1.000000,1
astar-jps,with_roads,sierpinski_evil,250,419,71.5,1,1,1.125000,0
astar-jps,with_roads,sierpinski_evil,114,100,43.5,1,1,1.000000,1
astar-jps,with_roads,sierpinski_evil,491,105,96.0,1,1,1.000000,1
astar-jps-dial,with_roads,sierpinski_evil,920,124,39.8,0,,,
astar-jps-dial,with_roads,sierpinski_evil,26,332,62.9,1,1,1.000000,1
astar-jps-dial,with_roads,sierpinski_evil,290,258,13.3,1,1,1.000000,1
astar-jps-dial,with_roads,sierpinski_evil,155,114,116.4,1,1,1.105263,0
astar-jps-dial,with_roads,sierpinski_evil,715,95,27.5,1,1,2.230769,0
astar-jps-dial,with_roads,sierpinski_evil,802,541,91.9,1,1,1.074074,1
astar-jps-dial,with_roads,sierpinski_evil,33,31,39.6,1,1,1.000000,1
astar-jps-dial,with_roads,sierpinski_evil,101,253,45.6,1,1,1.000000,1
astar-jps-dial,with_roads,sierpinski_evil,277,660,94.7,1,1,1.272727,1
astar-jps-dial,with_roads,sierpinski_evil,824,28,93.8,1,1,1.058824,1
astar-jps-dial,with_roads,sierpinski_evil,753,229,138.3,1,1,1.280000,1
astar-jps-dial,with_roads,sierpinski_evil,715,538,88.1,1,1,1.068966,0
astar-jps-dial,with_roads,sierpinski_evil,255,574,95.4,1,1,1.521739,0
astar-jps-dial,with_roads,sierpinski_evil,801,335,49.8,1,1,1.000000,1
astar-jps-dial,with_roads,sierpinski_evil,6,181,71.6,1,1,1.000000,1
astar-jps-dial,with_roads,sierpinski_evil,541,426,51.6,1,1,1.000000,1
astar-jps-dial,with_roads,sierpinski_evil,335,177,41.6,1,1,1.000000,1
astar-jps-dial,with_roads,sierpinski_evil,250,419,84.4,1,1,1.125000,0
astar-jps-dial,with_roads,sierpinski_evil,114,100,61.7,1,1,1.000000,1
astar-jps-dial,with_roads,sierpinski_evil,491,105,110.5,1,1,1.000000,1
astar-dial-cheb,no_roads,socket,167,35,176.8,1,1,1.000000,1
astar-dial-cheb,no_roads,socket,433,387,52.1,1,1,1.000000,1
astar-dial-cheb,no_roads,socket,354,225,122.5,1,1,1.000000,1
astar-dial-cheb,no_roads,socket,157,886,234.2,1,1,1.000000,1
astar-dial-cheb,no_roads,socket,140,958,355.2,1,1,1.000000,1
astar-dial-cheb,no_roads,socket,702,45,350.1,1,1,1.000000,1
astar-dial-cheb,no_roads,socket,43,147,23.7,1,1,1.000000,1
astar-dial-cheb,no_roads,socket,347,372,270.6,1,1,1.000000,1
astar-dial-cheb,no_roads,socket,814,979,201.3,1,1,1.000000,1
astar-dial-cheb,no_roads,socket,38,906,355.9,1,1,1.000000,1
astar-dial-cheb,no_roads,socket,303,886,240.2,1,1,1.000000,1
astar-dial-cheb,no_roads,socket,697,351,428.3,1,1,1.000000,1
astar-dial-cheb,no_roads,socket,735,957,358.4,1,1,1.000000,1
astar-dial-cheb,no_roads,socket,436,6,337.6,1,1,1.000000,1
astar-dial-cheb,no_roads,socket,253,702,470.3,1,1,1.000000,1
astar-dial-cheb,no_roads,socket,572,436,86.9,1,1,1.000000,1
astar-dial-cheb,no_roads,socket,247,335,116.8,1,1,1.000000,1
astar-dial-cheb,no_roads,socket,568,157,366.6,1,1,1.000000,1
astar-dial-cheb,no_roads,socket,146,629,212.9,1,1,1.000000,1
astar-dial-cheb,no_roads,socket,152,594,273.7,1,1,1.000000,1
astar-jps,no_roads,socket,167,35,100.2,1,1,1.000000,1
astar-jps,no_roads,socket,433,387,38.7,1,1,1.000000,1
astar-jps,no_roads,socket,354,225,90.7,1,1,1.000000,1
astar-jps,no_roads,socket,157,886,134.9,1,1,1.000000,1
astar-jps,no_roads,socket,140,958,275.9,1,1,1.000000,1
astar-jps,no_roads,socket,702,45,211.9,1,1,1.000000,1
astar-jps,no_roads,socket,43,147,19.0,1,1,1.000000,1
astar-jps,no_roads,socket,347,372,96.5,1,1,1.000000,1
astar-jps,no_roads,socket,814,979,106.5,1,1,1.000000,1
astar-jps,no_roads,socket,38,906,250.5,1,1,1.000000,1
astar-jps,no_roads,socket,303,886,157.2,1,1,1.000000,1
astar-jps,no_roads,socket,697,351,256.7,1,1,1.000000,1
astar-jps,no_roads,socket,735,957,134.7,1,1,1.000000,1
astar-jps,no_roads,socket,436,6,133.6,1,1,1.000000,1
astar-jps,no_roads,socket,253,702,230.1,1,1,1.000000,1
astar-jps,no_roads,socket,572,436,52.3,1,1,1.000000,1
astar-jps,no_roads,socket,247,335,76.1,1,1,1.000000,1
astar-jps,no_roads,socket,568,157,197.2,1,1,1.000000,1
astar-jps,no_roads,socket,146,629,86.7,1,1,1.000000,1
astar-jps,no_roads,socket,152,594,148.8,1,1,1.000000,1
astar-jps-dial,no_roads,socket,167,35,86.7,1,1,1.000000,1
astar-jps-dial,no_roads,socket,433,387,34.3,1,1,1.000000,1
astar-jps-dial,no_roads,socket,354,225,81.9,1,1,1.000000,1
astar-jps-dial,no_roads,socket,157,886,127.2,1,1,1.000000,1
astar-jps-dial,no_roads,socket,140,958,235.8,1,1,1.000000,1
astar-jps-dial,no_roads,socket,702,45,205.1,1,1,1.000000,1
astar-jps-dial,no_roads,socket,43,147,21.8,1,1,1.000000,1
astar-jps-dial,no_roads,socket,347,372,114.7,1,1,1.000000,1
astar-jps-dial,no_roads,socket,814,979,110.7,1,1,1.000000,1
astar-jps-dial,no_roads,socket,38,906,221.6,1,1,1.000000,1
astar-jps-dial,no_roads,socket,303,886,155.5,1,1,1.000000,1
astar-jps-dial,no_roads,socket,697,351,241.5,1,1,1.000000,1
astar-jps-dial,no_roads,socket,735,957,140.9,1,1,1.000000,1
astar-jps-dial,no_roads,socket,436,6,138.6,1,1,1.000000,1
astar-jps-dial,no_roads,socket,253,702,234.7,1,1,1.000000,1
astar-jps-dial,no_roads,socket,572,436,59.0,1,1,1.000000,1
astar-jps-dial,no_roads,socket,247,335,77.7,1,1,1.000000,1
astar-jps-dial,no_roads,socket,568,157,204.5,1,1,1.000000,1
astar-jps-dial,no_roads,socket,146,629,83.6,1,1,1.000000,1
astar-jps-dial,no_roads,socket,152,594,134.3,1,1,1.000000,1
astar-dial-cheb,with_roads,socket,167,35,106.0,1,1,1.000000,1
astar-dial-cheb,with_roads,socket,433,387,29.5,1,1,1.000000,1
astar-dial-cheb,with_roads,socket,354,225,84.9,1,1,1.000000,1
astar-dial-cheb,with_roads,socket,157,886,257.3,1,1,1.000000,1
astar-dial-cheb,with_roads,socket,140,958,311.2,1,1,1.000000,1
astar-dial-cheb,with_roads,socket,702,45,272.3,1,1,1.000000,1
astar-dial-cheb,with_roads,socket,43,147,24.4,1,1,1.000000,1
astar-dial-cheb,with_roads,socket,347,372,53.8,1,1,1.000000,1
astar-dial-cheb,with_roads,socket,814,979,245.9,1,1,1.000000,1
astar-dial-cheb,with_roads,socket,38,906,301.2,1,1,1.000000,1
astar-dial-cheb,with_roads,socket,303,886,270.7,1,1,1.000000,1
astar-dial-cheb,with_roads,socket,697,351,393.8,1,1,1.000000,1
astar-dial-cheb,with_roads,socket,735,957,192.3,1,1,1.000000,1
astar-dial-cheb,with_roads,socket,436,6,96.4,1,1,1.000000,1
astar-dial-cheb,with_roads,socket,253,702,258.7,1,1,1.000000,1
astar-dial-cheb,with_roads,socket,572,436,120.3,1,1,1.000000,1
astar-dial-cheb,with_roads,socket,247,335,69.1,1,1,1.000000,1
astar-dial-cheb,with_roads,socket,568,157,209.5,1,1,1.000000,1
astar-dial-cheb,with_roads,socket,146,629,118.0,1,1,1.000000,1
astar-dial-cheb,with_roads,socket,152,594,230.2,1,1,1.000000,1
astar-jps,with_roads,socket,167,35,101.7,1,1,1.551724,1
astar-jps,with_roads,socket,433,387,41.2,1,1,1.250000,1
astar-jps,with_roads,socket,354,225,95.1,1,1,1.457143,1
astar-jps,with_roads,socket,157,886,153.0,1,1,1.666667,0
astar-jps,with_roads,socket,140,958,268.1,1,1,1.682540,0
astar-jps,with_roads,socket,702,45,215.3,1,1,1.492063,0
astar-jps,with_roads,socket,43,147,20.5,1,1,1.000000,1
astar-jps,with_roads,socket,347,372,101.3,1,1,1.400000,1
astar-jps,with_roads,socket,814,979,111.0,1,1,1.000000,1
astar-jps,with_roads,socket,38,906,259.6,1,1,1.723077,1
astar-jps,with_roads,socket,303,886,179.7,1,1,1.562500,1
astar-jps,with_roads,socket,697,351,269.9,1,1,1.422535,1
astar-jps,with_roads,socket,735,957,148.4,1,1,1.347826,1
astar-jps,with_roads,socket,436,6,151.3,1,1,1.457143,0
astar-jps,with_roads,socket,253,702,241.8,1,1,1.526316,1
astar-jps,with_roads,socket,572,436,57.2,1,1,1.115385,0
astar-jps,with_roads,socket,247,335,83.8,1,1,1.000000,1
astar-jps,with_roads,socket,568,157,216.3,1,1,1.723404,1
astar-jps,with_roads,socket,146,629,89.8,1,1,2.148148,0
astar-jps,with_roads,socket,152,594,159.7,1,1,1.912281,0
astar-jps-dial,with_roads,socket,167,35,100.5,1,1,1.551724,1
astar-jps-dial,with_roads,socket,433,387,38.0,1,1,1.250000,1
astar-jps-dial,with_roads,socket,354,225,89.2,1,1,1.457143,1
astar-jps-dial,with_roads,socket,157,886,137.3,1,1,1.666667,0
astar-jps-dial,with_roads,socket,140,958,244.9,1,1,1.682540,0
astar-jps-dial,with_roads,socket,702,45,214.1,1,1,1.492063,0
astar-jps-dial,with_roads,socket,43,147,21.9,1,1,1.000000,1
astar-jps-dial,with_roads,socket,347,372,117.0,1,1,1.640000,1
astar-jps-dial,with_roads,socket,814,979,109.2,1,1,1.000000,1
astar-jps-dial,with_roads,socket,38,906,229.6,1,1,1.723077,1
astar-jps-dial,with_roads,socket,303,886,173.5,1,1,1.562500,1
astar-jps-dial,with_roads,socket,697,351,231.5,1,1,1.507042,1
astar-jps-dial,with_roads,socket,735,957,139.8,1,1,1.347826,1
astar-jps-dial,with_roads,socket,436,6,141.9,1,1,1.457143,0
astar-jps-dial,with_roads,socket,253,702,230.7,1,1,1.526316,1
astar-jps-dial,with_roads,socket,572,436,57.0,1,1,1.115385,0
astar-jps-dial,with_roads,socket,247,335,80.2,1,1,1.000000,1
astar-jps-dial,with_roads,socket,568,157,196.7,1,1,1.723404,1
astar-jps-dial,with_roads,socket,146,629,85.0,1,1,2.148148,0
astar-jps-dial,with_roads,socket,152,594,130.6,1,1,1.912281,0
astar-dial-cheb,no_roads,spikes,162,35,595.6,1,1,1.000000,1
astar-dial-cheb,no_roads,spikes,431,376,284.2,1,1,1.000000,1
astar-dial-cheb,no_roads,spikes,342,200,445.2,1,1,1.000000,1
astar-dial-cheb,no_roads,spikes,148,934,477.7,1,1,1.000000,1
astar-dial-cheb,no_roads,spikes,124,680,128.7,1,1,1.000000,1
astar-dial-cheb,no_roads,spikes,42,40,25.5,1,1,1.000000,1
astar-dial-cheb,no_roads,spikes,135,334,106.9,1,1,1.000000,1
astar-dial-cheb,no_roads,spikes,358,841,625.7,1,1,1.000000,1
astar-dial-cheb,no_roads,spikes,37,985,286.9,1,1,1.000000,1
astar-dial-cheb,no_roads,spikes,301,934,402.2,1,1,1.000000,1
astar-dial-cheb,no_roads,spikes,672,337,262.7,1,1,1.000000,1
astar-dial-cheb,no_roads,spikes,730,440,243.1,1,1,1.000000,1
astar-dial-cheb,no_roads,spikes,6,234,536.5,1,1,1.000000,1
astar-dial-cheb,no_roads,spikes,680,533,178.9,1,1,1.000000,1
astar-dial-cheb,no_roads,spikes,440,228,398.0,1,1,1.000000,1
astar-dial-cheb,no_roads,spikes,330,528,53.0,1,1,1.000000,1
astar-dial-cheb,no_roads,spikes,148,132,404.0,1,1,1.000000,1
astar-dial-cheb,no_roads,spikes,607,140,212.9,1,1,1.000000,1
astar-dial-cheb,no_roads,spikes,566,537,140.8,1,1,1.000000,1
astar-dial-cheb,no_roads,spikes,414,60,152.9,1,1,1.000000,1
astar-jps,no_roads,spikes,162,35,457.7,1,1,1.000000,1
astar-jps,no_roads,spikes,431,376,201.4,1,1,1.000000,1
astar-jps,no_roads,spikes,342,200,284.1,1,1,1.000000,1
astar-jps,no_roads,spikes,148,934,300.6,1,1,1.000000,1
astar-jps,no_roads,spikes,124,680,67.6,1,1,1.000000,1
astar-jps,no_roads,spikes,42,40,19.1,1,1,1.000000,1
astar-jps,no_roads,spikes,135,334,78.5,1,1,1.000000,1
astar-jps,no_roads,spikes,358,841,494.4,1,1,1.000000,1
astar-jps,no_roads,spikes,37,985,159.7,1,1,1.000000,1
astar-jps,no_roads,spikes,301,934,189.0,1,1,1.000000,1
astar-jps,no_roads,spikes,672,337,200.8,1,1,1.000000,1
astar-jps,no_roads,spikes,730,440,144.0,1,1,1.000000,1
astar-jps,no_roads,spikes,6,234,396.7,1,1,1.000000,1
astar-jps,no_roads,spikes,680,533,111.7,1,1,1.000000,1
astar-jps,no_roads,spikes,440,228,325.3,1,1,1.000000,1
astar-jps,no_roads,spikes,330,528,47.2,1,1,1.000000,1
astar-jps,no_roads,spikes,148,132,253.2,1,1,1.000000,1
astar-jps,no_roads,spikes,607,140,111.3,1,1,1.000000,1
astar-jps,no_roads,spikes,566,537,58.3,1,1,1.000000,1
astar-jps,no_roads,spikes,414,60,65.9,1,1,1.000000,1
astar-jps-dial,no_roads,spikes,162,35,384.3,1,1,1.000000,1
astar-jps-dial,no_roads,spikes,431,376,184.4,1,1,1.000000,1
astar-jps-dial,no_roads,spikes,342,200,237.9,1,1,1.000000,1
astar-jps-dial,no_roads,spikes,148,934,263.3,1,1,1.000000,1
astar-jps-dial,no_roads,spikes,124,680,67.2,1,1,1.000000,1
astar-jps-dial,no_roads,spikes,42,40,25.8,1,1,1.000000,1
astar-jps-dial,no_roads,spikes,135,334,81.1,1,1,1.000000,1
astar-jps-dial,no_roads,spikes,358,841,477.6,1,1,1.000000,1
astar-jps-dial,no_roads,spikes,37,985,156.7,1,1,1.000000,1
astar-jps-dial,no_roads,spikes,301,934,172.9,1,1,1.000000,1
astar-jps-dial,no_roads,spikes,672,337,175.5,1,1,1.000000,1
astar-jps-dial,no_roads,spikes,730,440,150.7,1,1,1.000000,1
astar-jps-dial,no_roads,spikes,6,234,360.7,1,1,1.000000,1
astar-jps-dial,no_roads,spikes,680,533,112.9,1,1,1.000000,1
astar-jps-dial,no_roads,spikes,440,228,322.1,1,1,1.000000,1
astar-jps-dial,no_roads,spikes,330,528,58.5,1,1,1.000000,1
astar-jps-dial,no_roads,spikes,148,132,240.1,1,1,1.000000,1
astar-jps-dial,no_roads,spikes,607,140,109.2,1,1,1.000000,1
astar-jps-dial,no_roads,spikes,566,537,76.2,1,1,1.000000,1
astar-jps-dial,no_roads,spikes,414,60,71.9,1,1,1.000000,1
astar-dial-cheb,with_roads,spikes,162,35,509.7,1,1,1.000000,1
astar-dial-cheb,with_roads,spikes,431,376,105.9,1,1,1.000000,1
astar-dial-cheb,with_roads,spikes,342,200,194.8,1,1,1.000000,1
astar-dial-cheb,with_roads,spikes,148,934,435.7,1,1,1.000000,1
astar-dial-cheb,with_roads,spikes,124,680,207.8,1,1,1.000000,1
astar-dial-cheb,with_roads,spikes,42,40,15.8,1,1,1.000000,1
astar-dial-cheb,with_roads,spikes,135,334,95.1,1,1,1.000000,1
astar-dial-cheb,with_roads,spikes,358,841,625.7,1,1,1.000000,1
astar-dial-cheb,with_roads,spikes,37,985,379.0,1,1,1.000000,1
astar-dial-cheb,with_roads,spikes,301,934,402.2,1,1,1.000000,1
astar-dial-cheb,with_roads,spikes,672,337,148.4,1,1,1.000000,1
astar-dial-cheb,with_roads,spikes,730,440,207.2,1,1,1.000000,1
astar-dial-cheb,with_roads,spikes,6,234,432.3,1,1,1.000000,1
astar-dial-cheb,with_roads,spikes,680,533,199.4,1,1,1.000000,1
astar-dial-cheb,with_roads,spikes,440,228,470.4,1,1,1.000000,1
astar-dial-cheb,with_roads,spikes,330,528,39.5,1,1,1.000000,1
astar-dial-cheb,with_roads,spikes,148,132,260.0,1,1,1.000000,1
astar-dial-cheb,with_roads,spikes,607,140,115.5,1,1,1.000000,1
astar-dial-cheb,with_roads,spikes,566,537,110.5,1,1,1.000000,1
astar-dial-cheb,with_roads,spikes,414,60,100.0,1,1,1.000000,1
astar-jps,with_roads,spikes,162,35,467.3,1,1,1.630137,1
astar-jps,with_roads,spikes,431,376,193.5,1,1,1.500000,0
astar-jps,with_roads,spikes,342,200,245.0,1,1,1.411765,1
astar-jps,with_roads,spikes,148,934,336.9,1,1,1.059701,1
astar-jps,with_roads,spikes,124,680,65.9,1,1,1.000000,1
astar-jps,with_roads,spikes,42,40,23.3,1,1,2.000000,0
astar-jps,with_roads,spikes,135,334,94.5,1,1,1.235294,1
astar-jps,with_roads,spikes,358,841,464.5,1,1,1.213115,1
astar-jps,with_roads,spikes,37,985,156.4,1,1,1.052632,1
astar-jps,with_roads,spikes,301,934,178.7,1,1,1.000000,1
astar-jps,with_roads,spikes,672,337,169.9,1,1,1.187500,1
astar-jps,with_roads,spikes,730,440,142.6,1,1,1.044444,1
astar-jps,with_roads,spikes,6,234,385.3,1,1,1.761194,0
astar-jps,with_roads,spikes,680,533,101.3,1,1,1.245614,1
astar-jps,with_roads,spikes,440,228,304.7,1,1,1.516129,1
astar-jps,with_roads,spikes,330,528,46.3,1,1,1.625000,0
astar-jps,with_roads,spikes,148,132,249.1,1,1,1.081633,1
astar-jps,with_roads,spikes,607,140,122.9,1,1,1.520000,0
astar-jps,with_roads,spikes,566,537,58.8,1,1,1.571429,1
astar-jps,with_roads,spikes,414,60,68.8,1,1,1.352941,1
astar-jps-dial,with_roads,spikes,162,35,374.6,1,1,1.630137,1
astar-jps-dial,with_roads,spikes,431,376,161.3,1,1,1.600000,0
astar-jps-dial,with_roads,spikes,342,200,235.1,1,1,1.411765,1
astar-jps-dial,with_roads,spikes,148,934,247.5,1,1,1.000000,1
astar-jps-dial,with_roads,spikes,124,680,66.9,1,1,1.000000,1
astar-jps-dial,with_roads,spikes,42,40,25.9,1,1,2.000000,0
astar-jps-dial,with_roads,spikes,135,334,86.6,1,1,1.235294,1
astar-jps-dial,with_roads,spikes,358,841,461.0,1,1,1.213115,1
astar-jps-dial,with_roads,spikes,37,985,150.8,1,1,1.052632,1
astar-jps-dial,with_roads,spikes,301,934,164.0,1,1,1.000000,1
astar-jps-dial,with_roads,spikes,672,337,163.1,1,1,1.187500,1
astar-jps-dial,with_roads,spikes,730,440,145.9,1,1,1.044444,1
astar-jps-dial,with_roads,spikes,6,234,361.7,1,1,1.761194,0
astar-jps-dial,with_roads,spikes,680,533,107.3,1,1,1.245614,1
astar-jps-dial,with_roads,spikes,440,228,291.6,1,1,1.516129,1
astar-jps-dial,with_roads,spikes,330,528,46.7,1,1,1.625000,0
astar-jps-dial,with_roads,spikes,148,132,256.1,1,1,1.163265,1
astar-jps-dial,with_roads,spikes,607,140,111.1,1,1,1.520000,0
astar-jps-dial,with_roads,spikes,566,537,78.1,1,1,1.571429,1
astar-jps-dial,with_roads,spikes,414,60,74.3,1,1,1.352941,1
astar-dial-cheb,no_roads,starry_night,1550,251,563.4,1,1,1.000000,1
astar-dial-cheb,no_roads,starry_night,54,1815,903.5,1,1,1.000000,1
astar-dial-cheb,no_roads,starry_night,676,592,390.8,1,1,1.000000,1
astar-dial-cheb,no_roads,starry_night,542,319,587.1,1,1,1.000000,1
astar-dial-cheb,no_roads,starry_night,1805,230,1701.0,0,,,
astar-dial-cheb,no_roads,starry_night,1651,1813,201.4,1,1,1.000000,1
astar-dial-cheb,no_roads,starry_night,1315,194,1120.8,1,1,1.000000,1
astar-dial-cheb,no_roads,starry_night,1433,1024,176.2,1,1,1.000000,1
astar-dial-cheb,no_roads,starry_night,69,65,53.4,1,1,1.000000,1
astar-dial-cheb,no_roads,starry_night,208,530,606.5,1,1,1.000000,1
astar-dial-cheb,no_roads,starry_night,563,1225,245.7,1,1,1.000000,1
astar-dial-cheb,no_roads,starry_night,1461,57,805.6,1,1,1.000000,1
astar-dial-cheb,no_roads,starry_night,1351,482,873.5,1,1,1.000000,1
astar-dial-cheb,no_roads,starry_night,1755,1580,556.2,1,1,1.000000,1
astar-dial-cheb,no_roads,starry_night,1722,1315,99.9,1,1,1.000000,1
astar-dial-cheb,no_roads,starry_night,1019,534,385.2,1,1,1.000000,1
astar-dial-cheb,no_roads,starry_night,1091,1425,411.0,1,1,1.000000,1
astar-dial-cheb,no_roads,starry_night,682,1972,1710.6,0,,,
astar-dial-cheb,no_roads,starry_night,14,1858,1133.9,1,1,1.000000,1
astar-dial-cheb,no_roads,starry_night,1964,376,943.3,1,1,1.000000,1
astar-jps,no_roads,starry_night,1550,251,117.3,1,1,1.000000,1
astar-jps,no_roads,starry_night,54,1815,480.3,1,1,1.000000,1
astar-jps,no_roads,starry_night,676,592,84.8,1,1,1.000000,1
astar-jps,no_roads,starry_night,542,319,89.0,1,1,1.000000,1
astar-jps,no_roads,starry_night,1805,230,1423.3,0,,,
astar-jps,no_roads,starry_night,1651,1813,91.4,1,1,1.000000,1
astar-jps,no_roads,starry_night,1315,194,150.3,1,1,1.000000,1
astar-jps,no_roads,starry_night,1433,1024,66.8,1,1,1.000000,1
astar-jps,no_roads,starry_night,69,65,34.2,1,1,1.000000,1
astar-jps,no_roads,starry_night,208,530,149.7,1,1,1.000000,1
astar-jps,no_roads,starry_night,563,1225,78.4,1,1,1.000000,1
astar-jps,no_roads,starry_night,1461,57,103.1,1,1,1.000000,1
astar-jps,no_roads,starry_night,1351,482,204.3,1,1,1.000000,1
astar-jps,no_roads,starry_night,1755,1580,106.5,1,1,1.000000,1
astar-jps,no_roads,starry_night,1722,1315,66.0,1,1,1.000000,1
astar-jps,no_roads,starry_night,1019,534,86.5,1,1,1.000000,1
astar-jps,no_roads,starry_night,1091,1425,108.6,1,1,1.000000,1
astar-jps,no_roads,starry_night,682,1972,1307.2,0,,,
astar-jps,no_roads,starry_night,14,1858,437.2,1,1,1.000000,1
astar-jps,no_roads,starry_night,1964,376,241.7,1,1,1.000000,1
astar-jps-dial,no_roads,starry_night,1550,251,165.4,1,1,1.000000,1
astar-jps-dial,no_roads,starry_night,54,1815,333.5,1,1,1.000000,1
astar-jps-dial,no_roads,starry_night,676,592,107.5,1,1,1.000000,1
astar-jps-dial,no_roads,starry_night,542,319,145.3,1,1,1.000000,1
astar-jps-dial,no_roads,starry_night,1805,230,1289.4,0,,,
astar-jps-dial,no_roads,starry_night,1651,1813,80.4,1,1,1.000000,1
astar-jps-dial,no_roads,starry_night,1315,194,163.8,1,1,1.000000,1
astar-jps-dial,no_roads,starry_night,1433,1024,83.9,1,1,1.000000,1
astar-jps-dial,no_roads,starry_night,69,65,35.0,1,1,1.000000,1
astar-jps-dial,no_roads,starry_night,208,530,175.2,1,1,1.000000,1
astar-jps-dial,no_roads,starry_night,563,1225,76.6,1,1,1.000000,1
astar-jps-dial,no_roads,starry_night,1461,57,263.4,1,1,1.000000,1
astar-jps-dial,no_roads,starry_night,1351,482,238.3,1,1,1.000000,1
astar-jps-dial,no_roads,starry_night,1755,1580,112.6,1,1,1.000000,1
astar-jps-dial,no_roads,starry_night,1722,1315,61.2,1,1,1.000000,1
astar-jps-dial,no_roads,starry_night,1019,534,96.3,1,1,1.000000,1
astar-jps-dial,no_roads,starry_night,1091,1425,103.9,1,1,1.000000,1
astar-jps-dial,no_roads,starry_night,682,1972,1149.4,0,,,
astar-jps-dial,no_roads,starry_night,14,1858,353.9,1,1,1.000000,1
astar-jps-dial,no_roads,starry_night,1964,376,222.4,1,1,1.000000,1
astar-dial-cheb,with_roads,starry_night,1550,251,391.2,1,1,1.000000,1
astar-dial-cheb,with_roads,starry_night,54,1815,791.4,1,1,1.000000,1
astar-dial-cheb,with_roads,starry_night,676,592,278.1,1,1,1.000000,1
astar-dial-cheb,with_roads,starry_night,542,319,395.9,1,1,1.000000,1
astar-dial-cheb,with_roads,starry_night,1805,230,1196.1,0,,,
astar-dial-cheb,with_roads,starry_night,1651,1813,144.8,1,1,1.000000,1
astar-dial-cheb,with_roads,starry_night,1315,194,792.2,1,1,1.000000,1
astar-dial-cheb,with_roads,starry_night,1433,1024,125.8,1,1,1.000000,1
astar-dial-cheb,with_roads,starry_night,69,65,22.7,1,1,1.000000,1
astar-dial-cheb,with_roads,starry_night,208,530,270.4,1,1,1.000000,1
astar-dial-cheb,with_roads,starry_night,563,1225,170.3,1,1,1.000000,1
astar-dial-cheb,with_roads,starry_night,1461,57,580.3,1,1,1.000000,1
astar-dial-cheb,with_roads,starry_night,1351,482,621.7,1,1,1.000000,1
astar-dial-cheb,with_roads,starry_night,1755,1580,410.1,1,1,1.000000,1
astar-dial-cheb,with_roads,starry_night,1722,1315,70.6,1,1,1.000000,1
astar-dial-cheb,with_roads,starry_night,1019,534,245.8,1,1,1.000000,1
astar-dial-cheb,with_roads,starry_night,1091,1425,277.9,1,1,1.000000,1
astar-dial-cheb,with_roads,starry_night,682,1972,1287.1,0,,,
astar-dial-cheb,with_roads,starry_night,14,1858,849.7,1,1,1.000000,1
astar-dial-cheb,with_roads,starry_night,1964,376,680.0,1,1,1.000000,1
astar-jps,with_roads,starry_night,1550,251,86.7,1,1,1.000000,1
astar-jps,with_roads,starry_night,54,1815,322.8,1,1,1.000000,1
astar-jps,with_roads,starry_night,676,592,65.3,1,1,1.000000,1
astar-jps,with_roads,starry_night,542,319,66.4,1,1,1.000000,1
astar-jps,with_roads,starry_night,1805,230,971.1,0,,,
astar-jps,with_roads,starry_night,1651,1813,61.9,1,1,1.000000,1
astar-jps,with_roads,starry_night,1315,194,109.8,1,1,1.000000,1
astar-jps,with_roads,starry_night,1433,1024,47.8,1,1,1.000000,1
astar-jps,with_roads,starry_night,69,65,24.6,1,1,2.000000,0
astar-jps,with_roads,starry_night,208,530,105.7,1,1,1.293103,1
astar-jps,with_roads,starry_night,563,1225,56.4,1,1,1.000000,1
astar-jps,with_roads,starry_night,1461,57,77.5,1,1,1.000000,1
astar-jps,with_roads,starry_night,1351,482,131.2,1,1,1.000000,1
astar-jps,with_roads,starry_night,1755,1580,79.1,1,1,1.000000,1
astar-jps,with_roads,starry_night,1722,1315,46.4,1,1,1.000000,1
astar-jps,with_roads,starry_night,1019,534,64.7,1,1,1.000000,1
astar-jps,with_roads,starry_night,1091,1425,79.5,1,1,1.000000,1
astar-jps,with_roads,starry_night,682,1972,922.9,0,,,
astar-jps,with_roads,starry_night,14,1858,296.2,1,1,1.027778,0
astar-jps,with_roads,starry_night,1964,376,173.0,1,1,1.000000,1
astar-jps-dial,with_roads,starry_night,1550,251,123.8,1,1,1.000000,1
astar-jps-dial,with_roads,starry_night,54,1815,236.9,1,1,1.000000,1
astar-jps-dial,with_roads,starry_night,676,592,78.8,1,1,1.000000,1
astar-jps-dial,with_roads,starry_night,542,319,108.1,1,1,1.000000,1
astar-jps-dial,with_roads,starry_night,1805,230,929.5,0,,,
astar-jps-dial,with_roads,starry_night,1651,1813,58.1,1,1,1.000000,1
astar-jps-dial,with_roads,starry_night,1315,194,114.8,1,1,1.000000,1
astar-jps-dial,with_roads,starry_night,1433,1024,63.0,1,1,1.000000,1
astar-jps-dial,with_roads,starry_night,69,65,26.8,1,1,2.000000,0
astar-jps-dial,with_roads,starry_night,208,530,126.7,1,1,1.293103,1
astar-jps-dial,with_roads,starry_night,563,1225,61.8,1,1,1.000000,1
astar-jps-dial,with_roads,starry_night,1461,57,189.0,1,1,1.000000,1
astar-jps-dial,with_roads,starry_night,1351,482,161.2,1,1,1.000000,1
astar-jps-dial,with_roads,starry_night,1755,1580,82.2,1,1,1.000000,1
astar-jps-dial,with_roads,starry_night,1722,1315,46.9,1,1,1.000000,1
astar-jps-dial,with_roads,starry_night,1019,534,75.6,1,1,1.000000,1
astar-jps-dial,with_roads,starry_night,1091,1425,78.6,1,1,1.000000,1
astar-jps-dial,with_roads,starry_night,682,1972,854.3,0,,,
astar-jps-dial,with_roads,starry_night,14,1858,259.7,1,1,1.027778,0
astar-jps-dial,with_roads,starry_night,1964,376,169.2,1,1,1.000000,1
astar-dial-cheb,no_roads,strings,985,131,306.8,1,1,1.000000,1
astar-dial-cheb,no_roads,strings,25,1130,465.8,1,1,1.000000,1
astar-dial-cheb,no_roads,strings,381,335,128.8,1,1,1.000000,1
astar-dial-cheb,no_roads,strings,293,175,158.0,1,1,1.000000,1
astar-dial-cheb,no_roads,strings,1125,120,207.8,1,1,1.000000,1
astar-dial-cheb,no_roads,strings,1035,1129,98.6,1,1,1.000000,1
astar-dial-cheb,no_roads,strings,837,97,213.7,1,1,1.000000,1
astar-dial-cheb,no_roads,strings,908,627,33.1,1,1,1.000000,1
astar-dial-cheb,no_roads,strings,37,35,17.6,1,1,1.000000,1
astar-dial-cheb,no_roads,strings,105,285,198.6,1,1,1.000000,1
astar-dial-cheb,no_roads,strings,309,768,85.6,1,1,1.000000,1
astar-dial-cheb,no_roads,strings,929,32,543.5,0,,,
astar-dial-cheb,no_roads,strings,859,254,56.3,0,,,
astar-dial-cheb,no_roads,strings,1095,998,68.5,1,1,1.000000,1
astar-dial-cheb,no_roads,strings,1076,837,103.8,1,1,1.000000,1
astar-dial-cheb,no_roads,strings,623,288,388.7,1,1,1.000000,1
astar-dial-cheb,no_roads,strings,667,905,489.7,1,1,1.000000,1
astar-dial-cheb,no_roads,strings,384,1207,197.4,1,1,1.000000,1
astar-dial-cheb,no_roads,strings,6,1148,490.6,1,1,1.000000,1
astar-dial-cheb,no_roads,strings,1204,202,330.5,1,1,1.000000,1
astar-jps,no_roads,strings,985,131,160.0,1,1,1.000000,1
astar-jps,no_roads,strings,25,1130,124.4,1,1,1.000000,1
astar-jps,no_roads,strings,381,335,111.5,1,1,1.000000,1
astar-jps,no_roads,strings,293,175,67.2,1,1,1.000000,1
astar-jps,no_roads,strings,1125,120,67.0,1,1,1.000000,1
astar-jps,no_roads,strings,1035,1129,39.4,1,1,1.000000,1
astar-jps,no_roads,strings,837,97,137.1,1,1,1.000000,1
astar-jps,no_roads,strings,908,627,24.7,1,1,1.000000,1
astar-jps,no_roads,strings,37,35,20.6,1,1,1.000000,1
astar-jps,no_roads,strings,105,285,111.3,1,1,1.000000,1
astar-jps,no_roads,strings,309,768,60.3,1,1,1.000000,1
astar-jps,no_roads,strings,929,32,390.9,0,,,
astar-jps,no_roads,strings,859,254,64.6,0,,,
astar-jps,no_roads,strings,1095,998,28.4,1,1,1.000000,1
astar-jps,no_roads,strings,1076,837,60.9,1,1,1.000000,1
astar-jps,no_roads,strings,623,288,189.8,1,1,1.000000,1
astar-jps,no_roads,strings,667,905,265.0,1,1,1.000000,1
astar-jps,no_roads,strings,384,1207,108.6,1,1,1.000000,1
astar-jps,no_roads,strings,6,1148,251.2,1,1,1.000000,1
astar-jps,no_roads,strings,1204,202,121.6,1,1,1.000000,1
astar-jps-dial,no_roads,strings,985,131,144.9,1,1,1.000000,1
astar-jps-dial,no_roads,strings,25,1130,113.8,1,1,1.000000,1
astar-jps-dial,no_roads,strings,381,335,103.0,1,1,1.000000,1
astar-jps-dial,no_roads,strings,293,175,66.8,1,1,1.000000,1
astar-jps-dial,no_roads,strings,1125,120,71.7,1,1,1.000000,1
astar-jps-dial,no_roads,strings,1035,1129,39.2,1,1,1.000000,1
astar-jps-dial,no_roads,strings,837,97,123.9,1,1,1.000000,1
astar-jps-dial,no_roads,strings,908,627,28.9,1,1,1.000000,1
astar-jps-dial,no_roads,strings,37,35,28.8,1,1,1.000000,1
astar-jps-dial,no_roads,strings,105,285,109.6,1,1,1.000000,1
astar-jps-dial,no_roads,strings,309,768,48.5,1,1,1.000000,1
astar-jps-dial,no_roads,strings,929,32,381.1,0,,,
astar-jps-dial,no_roads,strings,859,254,71.7,0,,,
astar-jps-dial,no_roads,strings,1095,998,38.1,1,1,1.000000,1
astar-jps-dial,no_roads,strings,1076,837,71.4,1,1,1.000000,1
astar-jps-dial,no_roads,strings,623,288,195.6,1,1,1.000000,1
astar-jps-dial,no_roads,strings,667,905,244.7,1,1,1.000000,1
astar-jps-dial,no_roads,strings,384,1207,101.0,1,1,1.000000,1
astar-jps-dial,no_roads,strings,6,1148,228.2,1,1,1.000000,1
astar-jps-dial,no_roads,strings,1204,202,147.7,1,1,1.000000,1
astar-dial-cheb,with_roads,strings,985,131,285.2,1,1,1.000000,1
astar-dial-cheb,with_roads,strings,25,1130,440.2,1,1,1.000000,1
astar-dial-cheb,with_roads,strings,381,335,84.1,1,1,1.000000,1
astar-dial-cheb,with_roads,strings,293,175,133.0,1,1,1.000000,1
astar-dial-cheb,with_roads,strings,1125,120,226.5,1,1,1.000000,1
astar-dial-cheb,with_roads,strings,1035,1129,117.6,1,1,1.000000,1
astar-dial-cheb,with_roads,strings,837,97,185.7,1,1,1.000000,1
astar-dial-cheb,with_roads,strings,908,627,35.2,1,1,1.000000,1
astar-dial-cheb,with_roads,strings,37,35,15.0,1,1,1.000000,1
astar-dial-cheb,with_roads,strings,105,285,233.1,1,1,1.000000,1
astar-dial-cheb,with_roads,strings,309,768,84.4,1,1,1.000000,1
astar-dial-cheb,with_roads,strings,929,32,573.4,0,,,
astar-dial-cheb,with_roads,strings,859,254,55.5,0,,,
astar-dial-cheb,with_roads,strings,1095,998,68.3,1,1,1.000000,1
astar-dial-cheb,with_roads,strings,1076,837,111.1,1,1,1.000000,1
astar-dial-cheb,with_roads,strings,623,288,285.6,1,1,1.000000,1
astar-dial-cheb,with_roads,strings,667,905,497.8,1,1,1.000000,1
astar-dial-cheb,with_roads,strings,384,1207,183.7,1,1,1.000000,1
astar-dial-cheb,with_roads,strings,6,1148,378.8,1,1,1.000000,1
astar-dial-cheb,with_roads,strings,1204,202,354.3,1,1,1.000000,1
astar-jps,with_roads,strings,985,131,164.1,1,1,1.047619,1
astar-jps,with_roads,strings,25,1130,125.7,1,1,1.277778,1
astar-jps,with_roads,strings,381,335,112.0,1,1,1.137931,1
astar-jps,with_roads,strings,293,175,68.7,1,1,1.200000,1
astar-jps,with_roads,strings,1125,120,69.0,1,1,1.000000,1
astar-jps,with_roads,strings,1035,1129,39.8,1,1,1.000000,1
astar-jps,with_roads,strings,837,97,139.8,1,1,1.113208,1
astar-jps,with_roads,strings,908,627,24.8,1,1,1.000000,1
astar-jps,with_roads,strings,37,35,21.0,1,1,1.500000,0
astar-jps,with_roads,strings,105,285,113.4,1,1,1.181818,0
astar-jps,with_roads,strings,309,768,62.5,1,1,1.258065,1
astar-jps,with_roads,strings,929,32,400.2,0,,,
astar-jps,with_roads,strings,859,254,65.3,0,,,
astar-jps,with_roads,strings,1095,998,29.1,1,1,1.000000,1
astar-jps,with_roads,strings,1076,837,65.6,1,1,1.000000,1
astar-jps,with_roads,strings,623,288,198.4,1,1,1.033898,0
astar-jps,with_roads,strings,667,905,278.2,1,1,1.188679,1
astar-jps,with_roads,strings,384,1207,113.7,1,1,1.242424,0
astar-jps,with_roads,strings,6,1148,251.9,1,1,1.736842,0
astar-jps,with_roads,strings,1204,202,122.3,1,1,1.024691,1
astar-jps-dial,with_roads,strings,985,131,144.1,1,1,1.047619,1
astar-jps-dial,with_roads,strings,25,1130,121.3,1,1,1.277778,1
astar-jps-dial,with_roads,strings,381,335,106.1,1,1,1.137931,1
astar-jps-dial,with_roads,strings,293,175,67.8,1,1,1.200000,1
astar-jps-dial,with_roads,strings,1125,120,74.9,1,1,1.000000,1
astar-jps-dial,with_roads,strings,1035,1129,32.2,1,1,1.000000,1
astar-jps-dial,with_roads,strings,837,97,127.8,1,1,1.113208,1
astar-jps-dial,with_roads,strings,908,627,30.1,1,1,1.000000,1
astar-jps-dial,with_roads,strings,37,35,30.3,1,1,1.500000,0
astar-jps-dial,with_roads,strings,105,285,115.1,1,1,1.181818,0
astar-jps-dial,with_roads,strings,309,768,45.3,1,1,1.258065,1
astar-jps-dial,with_roads,strings,929,32,373.6,0,,,
astar-jps-dial,with_roads,strings,859,254,70.4,0,,,
astar-jps-dial,with_roads,strings,1095,998,39.6,1,1,1.000000,1
astar-jps-dial,with_roads,strings,1076,837,65.4,1,1,1.000000,1
astar-jps-dial,with_roads,strings,623,288,188.7,1,1,1.033898,0
astar-jps-dial,with_roads,strings,667,905,243.1,1,1,1.188679,1
astar-jps-dial,with_roads,strings,384,1207,102.3,1,1,1.242424,0
astar-jps-dial,with_roads,strings,6,1148,221.9,1,1,1.552632,0
astar-jps-dial,with_roads,strings,1204,202,135.8,1,1,1.024691,1
astar-dial-cheb,no_roads,tea,827,125,476.0,1,1,1.000000,1
astar-dial-cheb,no_roads,tea,25,339,179.9,1,1,1.000000,1
astar-dial-cheb,no_roads,tea,301,272,20.7,1,1,1.000000,1
astar-dial-cheb,no_roads,tea,161,115,233.4,1,1,1.000000,1
astar-dial-cheb,no_roads,tea,870,711,194.9,1,1,1.000000,1
astar-dial-cheb,no_roads,tea,96,771,495.6,1,1,1.000000,1
astar-dial-cheb,no_roads,tea,550,32,229.8,1,1,1.000000,1
astar-dial-cheb,no_roads,tea,30,103,109.4,1,1,1.000000,1
astar-dial-cheb,no_roads,tea,267,285,163.7,1,1,1.000000,1
astar-dial-cheb,no_roads,tea,657,783,324.2,1,1,1.000000,1
astar-dial-cheb,no_roads,tea,27,732,258.8,1,1,1.000000,1
astar-dial-cheb,no_roads,tea,241,839,523.2,1,1,1.000000,1
astar-dial-cheb,no_roads,tea,896,711,69.5,1,1,1.000000,1
astar-dial-cheb,no_roads,tea,546,269,498.8,1,1,1.000000,1
astar-dial-cheb,no_roads,tea,583,769,42.3,1,1,1.000000,1
astar-dial-cheb,no_roads,tea,343,6,142.6,1,1,1.000000,1
astar-dial-cheb,no_roads,tea,188,892,488.4,1,1,1.000000,1
astar-dial-cheb,no_roads,tea,550,431,26.7,1,1,1.000000,1
astar-dial-cheb,no_roads,tea,343,182,109.0,1,1,1.000000,1
astar-dial-cheb,no_roads,tea,263,425,297.0,1,1,1.000000,1
astar-jps,no_roads,tea,827,125,176.4,1,1,1.000000,1
astar-jps,no_roads,tea,25,339,112.4,1,1,1.000000,1
astar-jps,no_roads,tea,301,272,18.2,1,1,1.000000,1
astar-jps,no_roads,tea,161,115,69.0,1,1,1.000000,1
astar-jps,no_roads,tea,870,711,89.1,1,1,1.000000,1
astar-jps,no_roads,tea,96,771,461.5,1,1,1.000000,1
astar-jps,no_roads,tea,550,32,59.9,1,1,1.000000,1
astar-jps,no_roads,tea,30,103,51.6,1,1,1.000000,1
astar-jps,no_roads,tea,267,285,130.3,1,1,1.000000,1
astar-jps,no_roads,tea,657,783,177.7,1,1,1.000000,1
astar-jps,no_roads,tea,27,732,117.6,1,1,1.000000,1
astar-jps,no_roads,tea,241,839,303.7,1,1,1.000000,1
astar-jps,no_roads,tea,896,711,47.4,1,1,1.000000,1
astar-jps,no_roads,tea,546,269,192.8,1,1,1.000000,1
astar-jps,no_roads,tea,583,769,27.6,1,1,1.000000,1
astar-jps,no_roads,tea,343,6,61.3,1,1,1.000000,1
astar-jps,no_roads,tea,188,892,220.5,1,1,1.000000,1
astar-jps,no_roads,tea,550,431,25.1,1,1,1.000000,1
astar-jps,no_roads,tea,343,182,50.3,1,1,1.000000,1
astar-jps,no_roads,tea,263,425,135.9,1,1,1.000000,1
astar-jps-dial,no_roads,tea,827,125,219.0,1,1,1.000000,1
astar-jps-dial,no_roads,tea,25,339,118.1,1,1,1.000000,1
astar-jps-dial,no_roads,tea,301,272,20.1,1,1,1.000000,1
astar-jps-dial,no_roads,tea,161,115,96.5,1,1,1.000000,1
astar-jps-dial,no_roads,tea,870,711,108.1,1,1,1.000000,1
astar-jps-dial,no_roads,tea,96,771,395.9,1,1,1.000000,1
astar-jps-dial,no_roads,tea,550,32,108.5,1,1,1.000000,1
astar-jps-dial,no_roads,tea,30,103,50.3,1,1,1.000000,1
astar-jps-dial,no_roads,tea,267,285,127.9,1,1,1.000000,1
astar-jps-dial,no_roads,tea,657,783,150.1,1,1,1.000000,1
astar-jps-dial,no_roads,tea,27,732,96.5,1,1,1.000000,1
astar-jps-dial,no_roads,tea,241,839,272.7,1,1,1.000000,1
astar-jps-dial,no_roads,tea,896,711,47.4,1,1,1.000000,1
astar-jps-dial,no_roads,tea,546,269,212.1,1,1,1.000000,1
astar-jps-dial,no_roads,tea,583,769,30.0,1,1,1.000000,1
astar-jps-dial,no_roads,tea,343,6,70.8,1,1,1.000000,1
astar-jps-dial,no_roads,tea,188,892,184.1,1,1,1.000000,1
astar-jps-dial,no_roads,tea,550,431,26.4,1,1,1.000000,1
astar-jps-dial,no_roads,tea,343,182,45.7,1,1,1.000000,1
astar-jps-dial,no_roads,tea,263,425,116.4,1,1,1.000000,1
astar-dial-cheb,with_roads,tea,827,125,179.8,1,1,1.000000,1
astar-dial-cheb,with_roads,tea,25,339,154.7,1,1,1.000000,1
astar-dial-cheb,with_roads,tea,301,272,11.7,1,1,1.000000,1
astar-dial-cheb,with_roads,tea,161,115,245.9,1,1,1.000000,1
astar-dial-cheb,with_roads,tea,870,711,203.8,1,1,1.000000,1
astar-dial-cheb,with_roads,tea,96,771,370.5,1,1,1.000000,1
astar-dial-cheb,with_roads,tea,550,32,44.8,1,1,1.000000,1
astar-dial-cheb,with_roads,tea,30,103,119.8,1,1,1.000000,1
astar-dial-cheb,with_roads,tea,267,285,155.3,1,1,1.000000,1
astar-dial-cheb,with_roads,tea,657,783,260.5,1,1,1.000000,1
astar-dial-cheb,with_roads,tea,27,732,173.3,1,1,1.000000,1
astar-dial-cheb,with_roads,tea,241,839,439.8,1,1,1.000000,1
astar-dial-cheb,with_roads,tea,896,711,64.2,1,1,1.000000,1
astar-dial-cheb,with_roads,tea,546,269,469.3,1,1,1.000000,1
astar-dial-cheb,with_roads,tea,583,769,58.9,1,1,1.000000,1
astar-dial-cheb,with_roads,tea,343,6,128.7,1,1,1.000000,1
astar-dial-cheb,with_roads,tea,188,892,337.3,1,1,1.000000,1
astar-dial-cheb,with_roads,tea,550,431,16.6,1,1,1.000000,1
astar-dial-cheb,with_roads,tea,343,182,72.3,1,1,1.000000,1
astar-dial-cheb,with_roads,tea,263,425,228.6,1,1,1.000000,1
astar-jps,with_roads,tea,827,125,161.9,1,1,1.648649,1
astar-jps,with_roads,tea,25,339,113.7,1,1,1.040000,1
astar-jps,with_roads,tea,301,272,19.9,1,1,1.000000,1
astar-jps,with_roads,tea,161,115,72.2,1,1,1.000000,1
astar-jps,with_roads,tea,870,711,80.7,1,1,1.134615,1
astar-jps,with_roads,tea,96,771,419.7,1,1,1.655172,0
astar-jps,with_roads,tea,550,32,50.6,1,1,2.052632,0
astar-jps,with_roads,tea,30,103,42.6,1,1,1.560000,0
astar-jps,with_roads,tea,267,285,114.2,1,1,1.000000,1
astar-jps,with_roads,tea,657,783,160.6,1,1,1.157895,1
astar-jps,with_roads,tea,27,732,99.0,1,1,1.033333,1
astar-jps,with_roads,tea,241,839,266.1,1,1,1.406250,0
astar-jps,with_roads,tea,896,711,36.7,1,1,1.000000,1
astar-jps,with_roads,tea,546,269,181.7,1,1,1.333333,0
astar-jps,with_roads,tea,583,769,27.2,1,1,1.000000,1
astar-jps,with_roads,tea,343,6,59.1,1,1,1.444444,0
astar-jps,with_roads,tea,188,892,197.1,1,1,1.307692,0
astar-jps,with_roads,tea,550,431,19.5,1,1,1.333333,1
astar-jps,with_roads,tea,343,182,40.1,1,1,1.350000,1
astar-jps,with_roads,tea,263,425,117.1,1,1,1.145833,1
astar-jps-dial,with_roads,tea,827,125,190.1,1,1,1.270270,1
astar-jps-dial,with_roads,tea,25,339,105.0,1,1,1.000000,1
astar-jps-dial,with_roads,tea,301,272,26.9,1,1,1.000000,1
astar-jps-dial,with_roads,tea,161,115,84.9,1,1,1.000000,1
astar-jps-dial,with_roads,tea,870,711,97.1,1,1,1.134615,1
astar-jps-dial,with_roads,tea,96,771,365.3,1,1,1.275862,1
astar-jps-dial,with_roads,tea,550,32,101.0,1,1,2.052632,0
astar-jps-dial,with_roads,tea,30,103,49.7,1,1,1.560000,0
astar-jps-dial,with_roads,tea,267,285,122.7,1,1,1.000000,1
astar-jps-dial,with_roads,tea,657,783,147.7,1,1,1.263158,1
astar-jps-dial,with_roads,tea,27,732,91.1,1,1,1.166667,1
astar-jps-dial,with_roads,tea,241,839,247.2,1,1,1.468750,0
astar-jps-dial,with_roads,tea,896,711,43.7,1,1,1.000000,1
astar-jps-dial,with_roads,tea,546,269,199.5,1,1,1.333333,0
astar-jps-dial,with_roads,tea,583,769,26.6,1,1,1.000000,1
astar-jps-dial,with_roads,tea,343,6,64.7,1,1,1.444444,0
astar-jps-dial,with_roads,tea,188,892,174.8,1,1,1.307692,0
astar-jps-dial,with_roads,tea,550,431,22.7,1,1,1.333333,1
astar-jps-dial,with_roads,tea,343,182,43.7,1,1,1.350000,1
astar-jps-dial,with_roads,tea,263,425,107.2,1,1,1.145833,1
astar-dial-cheb,no_roads,the_great_divide,1838,274,833.9,1,1,1.000000,1
astar-dial-cheb,no_roads,the_great_divide,54,2143,1435.7,1,1,1.000000,1
astar-dial-cheb,no_roads,the_great_divide,758,680,848.6,1,1,1.000000,1
astar-dial-cheb,no_roads,the_great_divide,610,356,69.7,1,1,1.000000,1
astar-dial-cheb,no_roads,the_great_divide,2128,244,913.9,1,1,1.000000,1
astar-dial-cheb,no_roads,the_great_divide,1943,2138,44.1,1,1,1.000000,1
astar-dial-cheb,no_roads,the_great_divide,1558,203,515.9,1,1,1.000000,1
astar-dial-cheb,no_roads,the_great_divide,1700,1202,94.4,1,1,1.000000,1
astar-dial-cheb,no_roads,the_great_divide,68,64,37.2,1,1,1.000000,1
astar-dial-cheb,no_roads,the_great_divide,222,597,354.2,1,1,1.000000,1
astar-dial-cheb,no_roads,the_great_divide,642,1433,283.0,1,1,1.000000,1
astar-dial-cheb,no_roads,the_great_divide,1732,57,1170.0,1,1,1.000000,1
astar-dial-cheb,no_roads,the_great_divide,1611,539,1127.9,1,1,1.000000,1
astar-dial-cheb,no_roads,the_great_divide,2060,1860,39.0,1,1,1.000000,1
astar-dial-cheb,no_roads,the_great_divide,2015,1558,84.2,1,1,1.000000,1
astar-dial-cheb,no_roads,the_great_divide,1197,601,1071.5,1,1,1.000000,1
astar-dial-cheb,no_roads,the_great_divide,1267,1697,1181.5,1,1,1.000000,1
astar-dial-cheb,no_roads,the_great_divide,764,2335,1096.4,1,1,1.000000,1
astar-dial-cheb,no_roads,the_great_divide,2476,13,1354.9,1,1,1.000000,1
astar-dial-cheb,no_roads,the_great_divide,2193,2327,254.1,1,1,1.000000,1
astar-jps,no_roads,the_great_divide,1838,274,961.6,1,1,1.000000,1
astar-jps,no_roads,the_great_divide,54,2143,1487.1,1,1,1.000000,1
astar-jps,no_roads,the_great_divide,758,680,944.3,1,1,1.000000,1
astar-jps,no_roads,the_great_divide,610,356,40.4,1,1,1.000000,1
astar-jps,no_roads,the_great_divide,2128,244,176.5,1,1,1.000000,1
astar-jps,no_roads,the_great_divide,1943,2138,41.6,1,1,1.000000,1
astar-jps,no_roads,the_great_divide,1558,203,61.6,1,1,1.000000,1
astar-jps,no_roads,the_great_divide,1700,1202,39.8,1,1,1.000000,1
astar-jps,no_roads,the_great_divide,68,64,32.3,1,1,1.000000,1
astar-jps,no_roads,the_great_divide,222,597,120.4,1,1,1.000000,1
astar-jps,no_roads,the_great_divide,642,1433,80.0,1,1,1.000000,1
astar-jps,no_roads,the_great_divide,1732,57,1149.4,1,1,1.000000,1
astar-jps,no_roads,the_great_divide,1611,539,1338.5,1,1,1.000000,1
astar-jps,no_roads,the_great_divide,2060,1860,34.5,1,1,1.000000,1
astar-jps,no_roads,the_great_divide,2015,1558,51.5,1,1,1.000000,1
astar-jps,no_roads,the_great_divide,1197,601,1233.0,1,1,1.000000,1
astar-jps,no_roads,the_great_divide,1267,1697,1404.8,1,1,1.000000,1
astar-jps,no_roads,the_great_divide,764,2335,1286.9,1,1,1.000000,1
astar-jps,no_roads,the_great_divide,2476,13,1195.4,1,1,1.000000,1
astar-jps,no_roads,the_great_divide,2193,2327,113.6,1,1,1.000000,1
astar-jps-dial,no_roads,the_great_divide,1838,274,1038.0,1,1,1.000000,1
astar-jps-dial,no_roads,the_great_divide,54,2143,1626.9,1,1,1.000000,1
astar-jps-dial,no_roads,the_great_divide,758,680,1079.2,1,1,1.000000,1
astar-jps-dial,no_roads,the_great_divide,610,356,65.0,1,1,1.000000,1
astar-jps-dial,no_roads,the_great_divide,2128,244,639.4,1,1,1.000000,1
astar-jps-dial,no_roads,the_great_divide,1943,2138,43.0,1,1,1.000000,1
astar-jps-dial,no_roads,the_great_divide,1558,203,300.6,1,1,1.000000,1
astar-jps-dial,no_roads,the_great_divide,1700,1202,58.1,1,1,1.000000,1
astar-jps-dial,no_roads,the_great_divide,68,64,40.5,1,1,1.000000,1
astar-jps-dial,no_roads,the_great_divide,222,597,142.0,1,1,1.000000,1
astar-jps-dial,no_roads,the_great_divide,642,1433,94.5,1,1,1.000000,1
astar-jps-dial,no_roads,the_great_divide,1732,57,1257.0,1,1,1.000000,1
astar-jps-dial,no_roads,the_great_divide,1611,539,1296.5,1,1,1.000000,1
astar-jps-dial,no_roads,the_great_divide,2060,1860,52.5,1,1,1.000000,1
astar-jps-dial,no_roads,the_great_divide,2015,1558,55.8,1,1,1.000000,1
astar-jps-dial,no_roads,the_great_divide,1197,601,1123.8,1,1,1.000000,1
astar-jps-dial,no_roads,the_great_divide,1267,1697,1298.9,1,1,1.000000,1
astar-jps-dial,no_roads,the_great_divide,764,2335,1177.8,1,1,1.000000,1
astar-jps-dial,no_roads,the_great_divide,2476,13,1719.0,1,1,1.000000,1
astar-jps-dial,no_roads,the_great_divide,2193,2327,146.5,1,1,1.000000,1
astar-dial-cheb,with_roads,the_great_divide,1838,274,751.1,1,1,1.000000,1
astar-dial-cheb,with_roads,the_great_divide,54,2143,1545.5,1,1,1.000000,1
astar-dial-cheb,with_roads,the_great_divide,758,680,896.4,1,1,1.000000,1
astar-dial-cheb,with_roads,the_great_divide,610,356,85.3,1,1,1.000000,1
astar-dial-cheb,with_roads,the_great_divide,2128,244,818.6,1,1,1.000000,1
astar-dial-cheb,with_roads,the_great_divide,1943,2138,54.5,1,1,1.000000,1
astar-dial-cheb,with_roads,the_great_divide,1558,203,376.3,1,1,1.000000,1
astar-dial-cheb,with_roads,the_great_divide,1700,1202,61.1,1,1,1.000000,1
astar-dial-cheb,with_roads,the_great_divide,68,64,31.2,1,1,1.000000,1
astar-dial-cheb,with_roads,the_great_divide,222,597,349.8,1,1,1.000000,1
astar-dial-cheb,with_roads,the_great_divide,642,1433,247.1,1,1,1.000000,1
astar-dial-cheb,with_roads,the_great_divide,1732,57,619.7,1,1,1.000000,1
astar-dial-cheb,with_roads,the_great_divide,1611,539,1119.5,1,1,1.000000,1
astar-dial-cheb,with_roads,the_great_divide,2060,1860,49.3,1,1,1.000000,1
astar-dial-cheb,with_roads,the_great_divide,2015,1558,102.4,1,1,1.000000,1
astar-dial-cheb,with_roads,the_great_divide,1197,601,866.5,1,1,1.000000,1
astar-dial-cheb,with_roads,the_great_divide,1267,1697,1516.3,1,1,1.000000,1
astar-dial-cheb,with_roads,the_great_divide,764,2335,1799.9,1,1,1.000000,1
astar-dial-cheb,with_roads,the_great_divide,2476,13,910.8,1,1,1.000000,1
astar-dial-cheb,with_roads,the_great_divide,2193,2327,302.7,1,1,1.000000,1
astar-jps,with_roads,the_great_divide,1838,274,1001.1,1,1,1.800000,1
astar-jps,with_roads,the_great_divide,54,2143,1743.6,1,1,2.160000,0
astar-jps,with_roads,the_great_divide,758,680,1170.4,1,1,1.457831,0
astar-jps,with_roads,the_great_divide,610,356,48.2,1,1,1.000000,1
astar-jps,with_roads,the_great_divide,2128,244,221.3,1,1,1.359223,1
astar-jps,with_roads,the_great_divide,1943,2138,46.5,1,1,1.000000,1
astar-jps,with_roads,the_great_divide,1558,203,74.6,1,1,1.528302,0
astar-jps,with_roads,the_great_divide,1700,1202,46.9,1,1,1.444444,1
astar-jps,with_roads,the_great_divide,68,64,38.8,1,1,2.000000,0
astar-jps,with_roads,the_great_divide,222,597,141.9,1,1,1.153846,1
astar-jps,with_roads,the_great_divide,642,1433,93.0,1,1,1.250000,1
astar-jps,with_roads,the_great_divide,1732,57,1218.5,1,1,2.111111,1
astar-jps,with_roads,the_great_divide,1611,539,1372.6,1,1,1.504425,1
astar-jps,with_roads,the_great_divide,2060,1860,35.3,1,1,1.000000,1
astar-jps,with_roads,the_great_divide,2015,1558,54.3,1,1,1.000000,1
astar-jps,with_roads,the_great_divide,1197,601,1205.2,1,1,1.877778,0
astar-jps,with_roads,the_great_divide,1267,1697,1233.4,1,1,1.335766,0
astar-jps,with_roads,the_great_divide,764,2335,1157.3,1,1,1.260870,0
astar-jps,with_roads,the_great_divide,2476,13,1072.9,1,1,1.637931,0
astar-jps,with_roads,the_great_divide,2193,2327,105.3,1,1,1.000000,1
astar-jps-dial,with_roads,the_great_divide,1838,274,929.0,1,1,1.800000,1
astar-jps-dial,with_roads,the_great_divide,54,2143,1538.5,1,1,2.240000,0
astar-jps-dial,with_roads,the_great_divide,758,680,968.3,1,1,1.457831,0
astar-jps-dial,with_roads,the_great_divide,610,356,64.0,1,1,1.000000,1
astar-jps-dial,with_roads,the_great_divide,2128,244,575.5,1,1,1.359223,1
astar-jps-dial,with_roads,the_great_divide,1943,2138,40.4,1,1,1.000000,1
astar-jps-dial,with_roads,the_great_divide,1558,203,273.3,1,1,1.528302,0
astar-jps-dial,with_roads,the_great_divide,1700,1202,54.8,1,1,1.444444,1
astar-jps-dial,with_roads,the_great_divide,68,64,52.8,1,1,2.000000,0
astar-jps-dial,with_roads,the_great_divide,222,597,132.4,1,1,1.538462,1
astar-jps-dial,with_roads,the_great_divide,642,1433,92.1,1,1,1.250000,1
astar-jps-dial,with_roads,the_great_divide,1732,57,1119.8,1,1,2.111111,1
astar-jps-dial,with_roads,the_great_divide,1611,539,1155.0,1,1,1.504425,1
astar-jps-dial,with_roads,the_great_divide,2060,1860,44.2,1,1,1.000000,1
astar-jps-dial,with_roads,the_great_divide,2015,1558,53.4,1,1,1.000000,1
astar-jps-dial,with_roads,the_great_divide,1197,601,1032.5,1,1,1.877778,0
astar-jps-dial,with_roads,the_great_divide,1267,1697,1131.9,1,1,1.335766,0
astar-jps-dial,with_roads,the_great_divide,764,2335,1050.2,1,1,1.260870,0
astar-jps-dial,with_roads,the_great_divide,2476,13,1648.2,1,1,1.637931,0
astar-jps-dial,with_roads,the_great_divide,2193,2327,142.0,1,1,1.000000,1
astar-dial-cheb,no_roads,the_powerful_egg,1535,256,1166.1,1,1,1.000000,1
astar-dial-cheb,no_roads,the_powerful_egg,61,647,1059.1,1,1,1.000000,1
astar-dial-cheb,no_roads,the_powerful_egg,570,517,43.7,1,1,1.000000,1
astar-dial-cheb,no_roads,the_powerful_egg,321,236,283.6,1,1,1.000000,1
astar-dial-cheb,no_roads,the_powerful_egg,1620,1314,68.0,1,1,1.000000,1
astar-dial-cheb,no_roads,the_powerful_egg,203,1423,539.1,1,1,1.000000,1
astar-dial-cheb,no_roads,the_powerful_egg,1015,78,640.7,1,1,1.000000,1
astar-dial-cheb,no_roads,the_powerful_egg,72,216,71.0,1,1,1.000000,1
astar-dial-cheb,no_roads,the_powerful_egg,505,538,1177.3,1,1,1.000000,1
astar-dial-cheb,no_roads,the_powerful_egg,1219,1448,844.2,1,1,1.000000,1
astar-dial-cheb,no_roads,the_powerful_egg,65,1352,646.9,1,1,1.000000,1
astar-dial-cheb,no_roads,the_powerful_egg,463,1715,874.3,1,1,1.000000,1
astar-dial-cheb,no_roads,the_powerful_egg,1558,1679,439.0,1,1,1.000000,1
astar-dial-cheb,no_roads,the_powerful_egg,1314,1009,84.1,1,1,1.000000,1
astar-dial-cheb,no_roads,the_powerful_egg,511,1087,1143.9,1,1,1.000000,1
astar-dial-cheb,no_roads,the_powerful_egg,1419,653,327.6,1,1,1.000000,1
astar-dial-cheb,no_roads,the_powerful_egg,16,364,79.7,1,1,1.000000,1
astar-dial-cheb,no_roads,the_powerful_egg,1670,1020,1191.0,1,1,1.000000,1
astar-dial-cheb,no_roads,the_powerful_egg,820,653,495.7,1,1,1.000000,1
astar-dial-cheb,no_roads,the_powerful_egg,356,498,1431.1,1,1,1.000000,1
astar-jps,no_roads,the_powerful_egg,1535,256,300.4,1,1,1.000000,1
astar-jps,no_roads,the_powerful_egg,61,647,382.5,1,1,1.000000,1
astar-jps,no_roads,the_powerful_egg,570,517,48.1,1,1,1.000000,1
astar-jps,no_roads,the_powerful_egg,321,236,85.0,1,1,1.000000,1
astar-jps,no_roads,the_powerful_egg,1620,1314,45.9,1,1,1.000000,1
astar-jps,no_roads,the_powerful_egg,203,1423,202.1,1,1,1.000000,1
astar-jps,no_roads,the_powerful_egg,1015,78,140.7,1,1,1.000000,1
astar-jps,no_roads,the_powerful_egg,72,216,29.1,1,1,1.000000,1
astar-jps,no_roads,the_powerful_egg,505,538,257.8,1,1,1.000000,1
astar-jps,no_roads,the_powerful_egg,1219,1448,193.2,1,1,1.000000,1
astar-jps,no_roads,the_powerful_egg,65,1352,397.9,1,1,1.000000,1
astar-jps,no_roads,the_powerful_egg,463,1715,285.6,1,1,1.000000,1
astar-jps,no_roads,the_powerful_egg,1558,1679,218.5,1,1,1.000000,1
astar-jps,no_roads,the_powerful_egg,1314,1009,52.5,1,1,1.000000,1
astar-jps,no_roads,the_powerful_egg,511,1087,348.1,1,1,1.000000,1
astar-jps,no_roads,the_powerful_egg,1419,653,86.8,1,1,1.000000,1
astar-jps,no_roads,the_powerful_egg,16,364,68.2,1,1,1.000000,1
astar-jps,no_roads,the_powerful_egg,1670,1020,791.8,1,1,1.000000,1
astar-jps,no_roads,the_powerful_egg,820,653,180.5,1,1,1.000000,1
astar-jps,no_roads,the_powerful_egg,356,498,297.5,1,1,1.000000,1
astar-jps-dial,no_roads,the_powerful_egg,1535,256,317.4,1,1,1.000000,1
astar-jps-dial,no_roads,the_powerful_egg,61,647,358.4,1,1,1.000000,1
astar-jps-dial,no_roads,the_powerful_egg,570,517,45.3,1,1,1.000000,1
astar-jps-dial,no_roads,the_powerful_egg,321,236,98.8,1,1,1.000000,1
astar-jps-dial,no_roads,the_powerful_egg,1620,1314,42.6,1,1,1.000000,1
astar-jps-dial,no_roads,the_powerful_egg,203,1423,178.1,1,1,1.000000,1
astar-jps-dial,no_roads,the_powerful_egg,1015,78,141.2,1,1,1.000000,1
astar-jps-dial,no_roads,the_powerful_egg,72,216,33.3,1,1,1.000000,1
astar-jps-dial,no_roads,the_powerful_egg,505,538,238.6,1,1,1.000000,1
astar-jps-dial,no_roads,the_powerful_egg,1219,1448,133.9,1,1,1.000000,1
astar-jps-dial,no_roads,the_powerful_egg,65,1352,339.3,1,1,1.000000,1
astar-jps-dial,no_roads,the_powerful_egg,463,1715,213.0,1,1,1.000000,1
astar-jps-dial,no_roads,the_powerful_egg,1558,1679,157.9,1,1,1.000000,1
astar-jps-dial,no_roads,the_powerful_egg,1314,1009,52.8,1,1,1.000000,1
astar-jps-dial,no_roads,the_powerful_egg,511,1087,292.3,1,1,1.000000,1
astar-jps-dial,no_roads,the_powerful_egg,1419,653,91.0,1,1,1.000000,1
astar-jps-dial,no_roads,the_powerful_egg,16,364,80.9,1,1,1.000000,1
astar-jps-dial,no_roads,the_powerful_egg,1670,1020,797.8,1,1,1.000000,1
astar-jps-dial,no_roads,the_powerful_egg,820,653,169.0,1,1,1.000000,1
astar-jps-dial,no_roads,the_powerful_egg,356,498,259.8,1,1,1.000000,1
astar-dial-cheb,with_roads,the_powerful_egg,1535,256,1130.4,1,1,1.000000,1
astar-dial-cheb,with_roads,the_powerful_egg,61,647,790.0,1,1,1.000000,1
astar-dial-cheb,with_roads,the_powerful_egg,570,517,43.9,1,1,1.000000,1
astar-dial-cheb,with_roads,the_powerful_egg,321,236,292.8,1,1,1.000000,1
astar-dial-cheb,with_roads,the_powerful_egg,1620,1314,65.3,1,1,1.000000,1
astar-dial-cheb,with_roads,the_powerful_egg,203,1423,660.0,1,1,1.000000,1
astar-dial-cheb,with_roads,the_powerful_egg,1015,78,601.1,1,1,1.000000,1
astar-dial-cheb,with_roads,the_powerful_egg,72,216,55.4,1,1,1.000000,1
astar-dial-cheb,with_roads,the_powerful_egg,505,538,670.9,1,1,1.000000,1
astar-dial-cheb,with_roads,the_powerful_egg,1219,1448,787.8,1,1,1.000000,1
astar-dial-cheb,with_roads,the_powerful_egg,65,1352,677.0,1,1,1.000000,1
astar-dial-cheb,with_roads,the_powerful_egg,463,1715,843.5,1,1,1.000000,1
astar-dial-cheb,with_roads,the_powerful_egg,1558,1679,413.4,1,1,1.000000,1
astar-dial-cheb,with_roads,the_powerful_egg,1314,1009,78.6,1,1,1.000000,1
astar-dial-cheb,with_roads,the_powerful_egg,511,1087,1131.8,1,1,1.000000,1
astar-dial-cheb,with_roads,the_powerful_egg,1419,653,328.7,1,1,1.000000,1
astar-dial-cheb,with_roads,the_powerful_egg,16,364,108.7,1,1,1.000000,1
astar-dial-cheb,with_roads,the_powerful_egg,1670,1020,1177.9,1,1,1.000000,1
astar-dial-cheb,with_roads,the_powerful_egg,820,653,534.1,1,1,1.000000,1
astar-dial-cheb,with_roads,the_powerful_egg,356,498,1072.6,1,1,1.000000,1
astar-jps,with_roads,the_powerful_egg,1535,256,331.8,1,1,1.000000,1
astar-jps,with_roads,the_powerful_egg,61,647,387.3,1,1,1.325000,1
astar-jps,with_roads,the_powerful_egg,570,517,51.0,1,1,1.000000,1
astar-jps,with_roads,the_powerful_egg,321,236,81.9,1,1,1.000000,1
astar-jps,with_roads,the_powerful_egg,1620,1314,44.4,1,1,1.000000,1
astar-jps,with_roads,the_powerful_egg,203,1423,203.2,1,1,1.000000,1
astar-jps,with_roads,the_powerful_egg,1015,78,147.0,1,1,1.000000,1
astar-jps,with_roads,the_powerful_egg,72,216,29.8,1,1,1.384615,0
astar-jps,with_roads,the_powerful_egg,505,538,265.6,1,1,1.337838,1
astar-jps,with_roads,the_powerful_egg,1219,1448,205.4,1,1,1.000000,1
astar-jps,with_roads,the_powerful_egg,65,1352,383.3,1,1,1.000000,1
astar-jps,with_roads,the_powerful_egg,463,1715,292.9,1,1,1.000000,1
astar-jps,with_roads,the_powerful_egg,1558,1679,226.2,1,1,1.000000,1
astar-jps,with_roads,the_powerful_egg,1314,1009,53.0,1,1,1.000000,1
astar-jps,with_roads,the_powerful_egg,511,1087,350.6,1,1,1.000000,1
astar-jps,with_roads,the_powerful_egg,1419,653,86.3,1,1,1.000000,1
astar-jps,with_roads,the_powerful_egg,16,364,73.7,1,1,1.105263,0
astar-jps,with_roads,the_powerful_egg,1670,1020,822.8,1,1,1.000000,1
astar-jps,with_roads,the_powerful_egg,820,653,191.8,1,1,1.000000,1
astar-jps,with_roads,the_powerful_egg,356,498,324.3,1,1,1.142857,1
astar-jps-dial,with_roads,the_powerful_egg,1535,256,333.0,1,1,1.000000,1
astar-jps-dial,with_roads,the_powerful_egg,61,647,353.8,1,1,1.325000,1
astar-jps-dial,with_roads,the_powerful_egg,570,517,48.9,1,1,1.000000,1
astar-jps-dial,with_roads,the_powerful_egg,321,236,103.7,1,1,1.000000,1
astar-jps-dial,with_roads,the_powerful_egg,1620,1314,43.8,1,1,1.000000,1
astar-jps-dial,with_roads,the_powerful_egg,203,1423,173.8,1,1,1.000000,1
astar-jps-dial,with_roads,the_powerful_egg,1015,78,141.9,1,1,1.000000,1
astar-jps-dial,with_roads,the_powerful_egg,72,216,34.8,1,1,1.384615,0
astar-jps-dial,with_roads,the_powerful_egg,505,538,235.4,1,1,1.337838,1
astar-jps-dial,with_roads,the_powerful_egg,1219,1448,143.9,1,1,1.000000,1
astar-jps-dial,with_roads,the_powerful_egg,65,1352,323.3,1,1,1.000000,1
astar-jps-dial,with_roads,the_powerful_egg,463,1715,219.0,1,1,1.000000,1
astar-jps-dial,with_roads,the_powerful_egg,1558,1679,155.6,1,1,1.000000,1
astar-jps-dial,with_roads,the_powerful_egg,1314,1009,54.2,1,1,1.000000,1
astar-jps-dial,with_roads,the_powerful_egg,511,1087,315.7,1,1,1.000000,1
astar-jps-dial,with_roads,the_powerful_egg,1419,653,99.8,1,1,1.000000,1
astar-jps-dial,with_roads,the_powerful_egg,16,364,80.8,1,1,1.105263,0
astar-jps-dial,with_roads,the_powerful_egg,1670,1020,799.5,1,1,1.000000,1
astar-jps-dial,with_roads,the_powerful_egg,820,653,171.9,1,1,1.000000,1
astar-jps-dial,with_roads,the_powerful_egg,356,498,255.5,1,1,1.285714,0
astar-dial-cheb,no_roads,thread_of_connection,61,13,298.9,1,1,1.000000,1
astar-dial-cheb,no_roads,thread_of_connection,181,161,14.3,1,1,1.000000,1
astar-dial-cheb,no_roads,thread_of_connection,139,80,229.8,1,1,1.000000,1
astar-dial-cheb,no_roads,thread_of_connection,56,374,119.6,1,1,1.000000,1
astar-dial-cheb,no_roads,thread_of_connection,47,398,188.9,1,1,1.000000,1
astar-dial-cheb,no_roads,thread_of_connection,299,17,148.5,1,1,1.000000,1
astar-dial-cheb,no_roads,thread_of_connection,16,50,174.9,1,1,1.000000,1
astar-dial-cheb,no_roads,thread_of_connection,134,147,164.3,1,1,1.000000,1
astar-dial-cheb,no_roads,thread_of_connection,351,14,196.5,1,1,1.000000,1
astar-dial-cheb,no_roads,thread_of_connection,382,118,284.0,1,1,1.000000,1
astar-dial-cheb,no_roads,thread_of_connection,374,296,54.2,1,1,1.000000,1
astar-dial-cheb,no_roads,thread_of_connection,137,315,104.1,1,1,1.000000,1
astar-dial-cheb,no_roads,thread_of_connection,397,184,164.0,1,1,1.000000,1
astar-dial-cheb,no_roads,thread_of_connection,3,94,282.8,1,1,1.000000,1
astar-dial-cheb,no_roads,thread_of_connection,299,232,95.8,1,1,1.000000,1
astar-dial-cheb,no_roads,thread_of_connection,184,91,308.9,1,1,1.000000,1
astar-dial-cheb,no_roads,thread_of_connection,133,229,135.5,1,1,1.000000,1
astar-dial-cheb,no_roads,thread_of_connection,56,50,175.3,1,1,1.000000,1
astar-dial-cheb,no_roads,thread_of_connection,268,53,298.0,1,1,1.000000,1
astar-dial-cheb,no_roads,thread_of_connection,250,235,62.9,1,1,1.000000,1
astar-jps,no_roads,thread_of_connection,61,13,225.5,1,1,1.000000,1
astar-jps,no_roads,thread_of_connection,181,161,20.7,1,1,1.000000,1
astar-jps,no_roads,thread_of_connection,139,80,165.9,1,1,1.000000,1
astar-jps,no_roads,thread_of_connection,56,374,95.9,1,1,1.000000,1
astar-jps,no_roads,thread_of_connection,47,398,111.5,1,1,1.000000,1
astar-jps,no_roads,thread_of_connection,299,17,57.8,1,1,1.000000,1
astar-jps,no_roads,thread_of_connection,16,50,113.2,1,1,1.000000,1
astar-jps,no_roads,thread_of_connection,134,147,112.3,1,1,1.000000,1
astar-jps,no_roads,thread_of_connection,351,14,130.0,1,1,1.000000,1
astar-jps,no_roads,thread_of_connection,382,118,253.5,1,1,1.000000,1
astar-jps,no_roads,thread_of_connection,374,296,36.4,1,1,1.000000,1
astar-jps,no_roads,thread_of_connection,137,315,70.1,1,1,1.000000,1
astar-jps,no_roads,thread_of_connection,397,184,158.0,1,1,1.000000,1
astar-jps,no_roads,thread_of_connection,3,94,191.0,1,1,1.000000,1
astar-jps,no_roads,thread_of_connection,299,232,52.8,1,1,1.000000,1
astar-jps,no_roads,thread_of_connection,184,91,221.2,1,1,1.000000,1
astar-jps,no_roads,thread_of_connection,133,229,93.6,1,1,1.000000,1
astar-jps,no_roads,thread_of_connection,56,50,108.1,1,1,1.000000,1
astar-jps,no_roads,thread_of_connection,268,53,246.2,1,1,1.000000,1
astar-jps,no_roads,thread_of_connection,250,235,64.6,1,1,1.000000,1
astar-jps-dial,no_roads,thread_of_connection,61,13,262.2,1,1,1.000000,1
astar-jps-dial,no_roads,thread_of_connection,181,161,23.9,1,1,1.000000,1
astar-jps-dial,no_roads,thread_of_connection,139,80,180.2,1,1,1.000000,1
astar-jps-dial,no_roads,thread_of_connection,56,374,94.5,1,1,1.000000,1
astar-jps-dial,no_roads,thread_of_connection,47,398,116.6,1,1,1.000000,1
astar-jps-dial,no_roads,thread_of_connection,299,17,53.9,1,1,1.000000,1
astar-jps-dial,no_roads,thread_of_connection,16,50,114.9,1,1,1.000000,1
astar-jps-dial,no_roads,thread_of_connection,134,147,117.4,1,1,1.000000,1
astar-jps-dial,no_roads,thread_of_connection,351,14,143.3,1,1,1.000000,1
astar-jps-dial,no_roads,thread_of_connection,382,118,250.4,1,1,1.000000,1
astar-jps-dial,no_roads,thread_of_connection,374,296,49.8,1,1,1.000000,1
astar-jps-dial,no_roads,thread_of_connection,137,315,88.0,1,1,1.000000,1
astar-jps-dial,no_roads,thread_of_connection,397,184,141.9,1,1,1.000000,1
astar-jps-dial,no_roads,thread_of_connection,3,94,201.3,1,1,1.000000,1
astar-jps-dial,no_roads,thread_of_connection,299,232,56.2,1,1,1.000000,1
astar-jps-dial,no_roads,thread_of_connection,184,91,217.5,1,1,1.000000,1
astar-jps-dial,no_roads,thread_of_connection,133,229,93.1,1,1,1.000000,1
astar-jps-dial,no_roads,thread_of_connection,56,50,106.0,1,1,1.000000,1
astar-jps-dial,no_roads,thread_of_connection,268,53,243.7,1,1,1.000000,1
astar-jps-dial,no_roads,thread_of_connection,250,235,61.5,1,1,1.000000,1
astar-dial-cheb,with_roads,thread_of_connection,61,13,303.8,1,1,1.000000,1
astar-dial-cheb,with_roads,thread_of_connection,181,161,14.6,1,1,1.000000,1
astar-dial-cheb,with_roads,thread_of_connection,139,80,200.7,1,1,1.000000,1
astar-dial-cheb,with_roads,thread_of_connection,56,374,129.1,1,1,1.000000,1
astar-dial-cheb,with_roads,thread_of_connection,47,398,199.6,1,1,1.000000,1
astar-dial-cheb,with_roads,thread_of_connection,299,17,165.0,1,1,1.000000,1
astar-dial-cheb,with_roads,thread_of_connection,16,50,180.6,1,1,1.000000,1
astar-dial-cheb,with_roads,thread_of_connection,134,147,166.6,1,1,1.000000,1
astar-dial-cheb,with_roads,thread_of_connection,351,14,194.8,1,1,1.000000,1
astar-dial-cheb,with_roads,thread_of_connection,382,118,295.6,1,1,1.000000,1
astar-dial-cheb,with_roads,thread_of_connection,374,296,52.6,1,1,1.000000,1
astar-dial-cheb,with_roads,thread_of_connection,137,315,103.8,1,1,1.000000,1
astar-dial-cheb,with_roads,thread_of_connection,397,184,171.2,1,1,1.000000,1
astar-dial-cheb,with_roads,thread_of_connection,3,94,264.3,1,1,1.000000,1
astar-dial-cheb,with_roads,thread_of_connection,299,232,79.9,1,1,1.000000,1
astar-dial-cheb,with_roads,thread_of_connection,184,91,282.3,1,1,1.000000,1
astar-dial-cheb,with_roads,thread_of_connection,133,229,135.1,1,1,1.000000,1
astar-dial-cheb,with_roads,thread_of_connection,56,50,181.8,1,1,1.000000,1
astar-dial-cheb,with_roads,thread_of_connection,268,53,284.0,1,1,1.000000,1
astar-dial-cheb,with_roads,thread_of_connection,250,235,72.7,1,1,1.000000,1
astar-jps,with_roads,thread_of_connection,61,13,267.9,1,1,1.058824,0
astar-jps,with_roads,thread_of_connection,181,161,16.7,1,1,1.000000,1
astar-jps,with_roads,thread_of_connection,139,80,181.8,1,1,1.058824,1
astar-jps,with_roads,thread_of_connection,56,374,104.3,1,1,1.000000,1
astar-jps,with_roads,thread_of_connection,47,398,104.2,1,1,1.000000,1
astar-jps,with_roads,thread_of_connection,299,17,57.9,1,1,1.000000,1
astar-jps,with_roads,thread_of_connection,16,50,112.2,1,1,1.000000,1
astar-jps,with_roads,thread_of_connection,134,147,128.5,1,1,1.000000,1
astar-jps,with_roads,thread_of_connection,351,14,136.1,1,1,1.000000,1
astar-jps,with_roads,thread_of_connection,382,118,280.3,1,1,1.000000,1
astar-jps,with_roads,thread_of_connection,374,296,43.5,1,1,1.000000,1
astar-jps,with_roads,thread_of_connection,137,315,85.6,1,1,1.000000,1
astar-jps,with_roads,thread_of_connection,397,184,156.1,1,1,1.000000,1
astar-jps,with_roads,thread_of_connection,3,94,212.5,1,1,1.000000,1
astar-jps,with_roads,thread_of_connection,299,232,56.3,1,1,1.000000,1
astar-jps,with_roads,thread_of_connection,184,91,230.5,1,1,1.000000,1
astar-jps,with_roads,thread_of_connection,133,229,98.4,1,1,1.000000,1
astar-jps,with_roads,thread_of_connection,56,50,114.8,1,1,1.000000,1
astar-jps,with_roads,thread_of_connection,268,53,248.6,1,1,1.000000,1
astar-jps,with_roads,thread_of_connection,250,235,85.1,1,1,1.000000,1
astar-jps-dial,with_roads,thread_of_connection,61,13,236.8,1,1,1.058824,0
astar-jps-dial,with_roads,thread_of_connection,181,161,19.1,1,1,1.000000,1
astar-jps-dial,with_roads,thread_of_connection,139,80,171.7,1,1,1.058824,1
astar-jps-dial,with_roads,thread_of_connection,56,374,97.1,1,1,1.000000,1
astar-jps-dial,with_roads,thread_of_connection,47,398,104.3,1,1,1.000000,1
astar-jps-dial,with_roads,thread_of_connection,299,17,61.2,1,1,1.000000,1
astar-jps-dial,with_roads,thread_of_connection,16,50,124.6,1,1,1.000000,1
astar-jps-dial,with_roads,thread_of_connection,134,147,125.1,1,1,1.000000,1
astar-jps-dial,with_roads,thread_of_connection,351,14,140.2,1,1,1.000000,1
astar-jps-dial,with_roads,thread_of_connection,382,118,263.8,1,1,1.000000,1
astar-jps-dial,with_roads,thread_of_connection,374,296,52.7,1,1,1.000000,1
astar-jps-dial,with_roads,thread_of_connection,137,315,76.8,1,1,1.000000,1
astar-jps-dial,with_roads,thread_of_connection,397,184,150.9,1,1,1.000000,1
astar-jps-dial,with_roads,thread_of_connection,3,94,217.9,1,1,1.000000,1
astar-jps-dial,with_roads,thread_of_connection,299,232,58.8,1,1,1.000000,1
astar-jps-dial,with_roads,thread_of_connection,184,91,232.5,1,1,1.000000,1
astar-jps-dial,with_roads,thread_of_connection,133,229,105.0,1,1,1.000000,1
astar-jps-dial,with_roads,thread_of_connection,56,50,112.6,1,1,1.000000,1
astar-jps-dial,with_roads,thread_of_connection,268,53,260.6,1,1,1.000000,1
astar-jps-dial,with_roads,thread_of_connection,250,235,67.7,1,1,1.000000,1
astar-dial-cheb,no_roads,tiles,979,170,497.1,1,1,1.000000,1
astar-dial-cheb,no_roads,tiles,28,1141,413.9,1,1,1.000000,1
astar-dial-cheb,no_roads,tiles,417,375,25.6,1,1,1.000000,1
astar-dial-cheb,no_roads,tiles,347,202,403.7,1,1,1.000000,1
astar-dial-cheb,no_roads,tiles,1129,149,639.6,1,1,1.000000,1
astar-dial-cheb,no_roads,tiles,1028,1137,89.8,1,1,1.000000,1
astar-dial-cheb,no_roads,tiles,823,109,283.4,1,1,1.000000,1
astar-dial-cheb,no_roads,tiles,882,641,132.1,1,1,1.000000,1
astar-dial-cheb,no_roads,tiles,37,34,20.1,0,,,
astar-dial-cheb,no_roads,tiles,117,341,18.7,0,,,
astar-dial-cheb,no_roads,tiles,359,771,19.3,0,,,
astar-dial-cheb,no_roads,tiles,929,31,699.8,0,,,
astar-dial-cheb,no_roads,tiles,846,311,608.1,1,1,1.000000,1
astar-dial-cheb,no_roads,tiles,1106,997,746.1,0,,,
astar-dial-cheb,no_roads,tiles,1089,823,232.2,1,1,1.000000,1
astar-dial-cheb,no_roads,tiles,638,344,184.0,1,1,1.000000,1
astar-dial-cheb,no_roads,tiles,672,879,763.6,0,,,
astar-dial-cheb,no_roads,tiles,420,6,377.1,1,1,1.000000,1
astar-dial-cheb,no_roads,tiles,1164,238,683.8,0,,,
astar-dial-cheb,no_roads,tiles,1084,641,174.3,1,1,1.000000,1
astar-jps,no_roads,tiles,979,170,237.3,1,1,1.000000,1
astar-jps,no_roads,tiles,28,1141,202.7,1,1,1.000000,1
astar-jps,no_roads,tiles,417,375,26.9,1,1,1.000000,1
astar-jps,no_roads,tiles,347,202,244.2,1,1,1.000000,1
astar-jps,no_roads,tiles,1129,149,485.5,1,1,1.000000,1
astar-jps,no_roads,tiles,1028,1137,67.5,1,1,1.000000,1
astar-jps,no_roads,tiles,823,109,136.1,1,1,1.000000,1
astar-jps,no_roads,tiles,882,641,78.8,1,1,1.000000,1
astar-jps,no_roads,tiles,37,34,14.8,0,,,
astar-jps,no_roads,tiles,117,341,12.0,0,,,
astar-jps,no_roads,tiles,359,771,13.8,0,,,
astar-jps,no_roads,tiles,929,31,800.5,0,,,
astar-jps,no_roads,tiles,846,311,461.3,1,1,1.000000,1
astar-jps,no_roads,tiles,1106,997,996.5,0,,,
astar-jps,no_roads,tiles,1089,823,181.6,1,1,1.000000,1
astar-jps,no_roads,tiles,638,344,251.6,1,1,1.000000,1
astar-jps,no_roads,tiles,672,879,1194.9,0,,,
astar-jps,no_roads,tiles,420,6,217.9,1,1,1.000000,1
astar-jps,no_roads,tiles,1164,238,1183.8,0,,,
astar-jps,no_roads,tiles,1084,641,213.9,1,1,1.000000,1
astar-jps-dial,no_roads,tiles,979,170,381.8,1,1,1.000000,1
astar-jps-dial,no_roads,tiles,28,1141,298.8,1,1,1.000000,1
astar-jps-dial,no_roads,tiles,417,375,39.5,1,1,1.000000,1
astar-jps-dial,no_roads,tiles,347,202,336.5,1,1,1.000000,1
astar-jps-dial,no_roads,tiles,1129,149,672.0,1,1,1.000000,1
astar-jps-dial,no_roads,tiles,1028,1137,102.5,1,1,1.000000,1
astar-jps-dial,no_roads,tiles,823,109,185.3,1,1,1.000000,1
astar-jps-dial,no_roads,tiles,882,641,126.3,1,1,1.000000,1
astar-jps-dial,no_roads,tiles,37,34,33.8,0,,,
astar-jps-dial,no_roads,tiles,117,341,32.0,0,,,
astar-jps-dial,no_roads,tiles,359,771,28.1,0,,,
astar-jps-dial,no_roads,tiles,929,31,946.2,0,,,
astar-jps-dial,no_roads,tiles,846,311,607.0,1,1,1.000000,1
astar-jps-dial,no_roads,tiles,1106,997,1040.9,0,,,
astar-jps-dial,no_roads,tiles,1089,823,159.1,1,1,1.000000,1
astar-jps-dial,no_roads,tiles,638,344,245.9,1,1,1.000000,1
astar-jps-dial,no_roads,tiles,672,879,1163.9,0,,,
astar-jps-dial,no_roads,tiles,420,6,209.4,1,1,1.000000,1
astar-jps-dial,no_roads,tiles,1164,238,1081.4,0,,,
astar-jps-dial,no_roads,tiles,1084,641,218.1,1,1,1.000000,1
astar-dial-cheb,with_roads,tiles,979,170,272.6,1,1,1.000000,1
astar-dial-cheb,with_roads,tiles,28,1141,264.2,1,1,1.000000,1
astar-dial-cheb,with_roads,tiles,417,375,24.8,1,1,1.000000,1
astar-dial-cheb,with_roads,tiles,347,202,123.8,1,1,1.000000,1
astar-dial-cheb,with_roads,tiles,1129,149,523.2,1,1,1.000000,1
astar-dial-cheb,with_roads,tiles,1028,1137,80.7,1,1,1.000000,1
astar-dial-cheb,with_roads,tiles,823,109,294.4,1,1,1.000000,1
astar-dial-cheb,with_roads,tiles,882,641,112.6,1,1,1.000000,1
astar-dial-cheb,with_roads,tiles,37,34,16.9,0,,,
astar-dial-cheb,with_roads,tiles,117,341,16.4,0,,,
astar-dial-cheb,with_roads,tiles,359,771,18.4,0,,,
astar-dial-cheb,with_roads,tiles,929,31,566.6,0,,,
astar-dial-cheb,with_roads,tiles,846,311,528.4,1,1,1.000000,1
astar-dial-cheb,with_roads,tiles,1106,997,608.5,0,,,
astar-dial-cheb,with_roads,tiles,1089,823,132.3,1,1,1.000000,1
astar-dial-cheb,with_roads,tiles,638,344,229.4,1,1,1.000000,1
astar-dial-cheb,with_roads,tiles,672,879,587.9,0,,,
astar-dial-cheb,with_roads,tiles,420,6,196.9,1,1,1.000000,1
astar-dial-cheb,with_roads,tiles,1164,238,551.5,0,,,
astar-dial-cheb,with_roads,tiles,1084,641,141.4,1,1,1.000000,1
astar-jps,with_roads,tiles,979,170,206.7,1,1,1.491803,1
astar-jps,with_roads,tiles,28,1141,167.9,1,1,1.220588,1
astar-jps,with_roads,tiles,417,375,19.0,1,1,1.000000,1
astar-jps,with_roads,tiles,347,202,203.9,1,1,1.136364,1
astar-jps,with_roads,tiles,1129,149,373.8,1,1,1.039604,1
astar-jps,with_roads,tiles,1028,1137,55.1,1,1,1.000000,1
astar-jps,with_roads,tiles,823,109,98.9,1,1,1.150943,0
astar-jps,with_roads,tiles,882,641,55.1,1,1,1.000000,1
astar-jps,with_roads,tiles,37,34,10.9,0,,,
astar-jps,with_roads,tiles,117,341,9.2,0,,,
astar-jps,with_roads,tiles,359,771,9.6,0,,,
astar-jps,with_roads,tiles,929,31,607.6,0,,,
astar-jps,with_roads,tiles,846,311,363.8,1,1,1.000000,1
astar-jps,with_roads,tiles,1106,997,633.5,0,,,
astar-jps,with_roads,tiles,1089,823,86.1,1,1,1.062500,1
astar-jps,with_roads,tiles,638,344,131.6,1,1,1.000000,1
astar-jps,with_roads,tiles,672,879,641.1,0,,,
astar-jps,with_roads,tiles,420,6,113.6,1,1,1.351351,1
astar-jps,with_roads,tiles,1164,238,605.5,0,,,
astar-jps,with_roads,tiles,1084,641,105.3,1,1,1.000000,1
astar-jps-dial,with_roads,tiles,979,170,192.2,1,1,1.491803,1
astar-jps-dial,with_roads,tiles,28,1141,152.6,1,1,1.220588,1
astar-jps-dial,with_roads,tiles,417,375,21.6,1,1,1.000000,1
astar-jps-dial,with_roads,tiles,347,202,185.6,1,1,1.136364,1
astar-jps-dial,with_roads,tiles,1129,149,339.2,1,1,1.039604,1
astar-jps-dial,with_roads,tiles,1028,1137,51.0,1,1,1.000000,1
astar-jps-dial,with_roads,tiles,823,109,95.5,1,1,1.150943,0
astar-jps-dial,with_roads,tiles,882,641,64.7,1,1,1.000000,1
astar-jps-dial,with_roads,tiles,37,34,20.8,0,,,
astar-jps-dial,with_roads,tiles,117,341,18.7,0,,,
astar-jps-dial,with_roads,tiles,359,771,18.6,0,,,
astar-jps-dial,with_roads,tiles,929,31,559.5,0,,,
astar-jps-dial,with_roads,tiles,846,311,329.6,1,1,1.101010,1
astar-jps-dial,with_roads,tiles,1106,997,601.1,0,,,
astar-jps-dial,with_roads,tiles,1089,823,88.5,1,1,1.062500,1
astar-jps-dial,with_roads,tiles,638,344,132.0,1,1,1.000000,1
astar-jps-dial,with_roads,tiles,672,879,615.8,0,,,
astar-jps-dial,with_roads,tiles,420,6,113.9,1,1,1.351351,1
astar-jps-dial,with_roads,tiles,1164,238,578.3,0,,,
astar-jps-dial,with_roads,tiles,1084,641,106.5,1,1,1.000000,1
astar-dial-cheb,no_roads,tree_of_life,268,57,258.7,1,1,1.000000,1
astar-dial-cheb,no_roads,tree_of_life,627,561,212.6,1,1,1.000000,1
astar-dial-cheb,no_roads,tree_of_life,515,332,299.2,1,1,1.000000,1
astar-dial-cheb,no_roads,tree_of_life,243,200,54.9,1,1,1.000000,1
astar-dial-cheb,no_roads,tree_of_life,980,72,758.9,1,1,1.000000,1
astar-dial-cheb,no_roads,tree_of_life,68,220,32.4,1,1,1.000000,1
astar-dial-cheb,no_roads,tree_of_life,505,536,102.3,1,1,1.000000,1
astar-dial-cheb,no_roads,tree_of_life,1163,60,479.4,1,1,1.000000,1
astar-dial-cheb,no_roads,tree_of_life,463,972,216.1,1,1,1.000000,1
astar-dial-cheb,no_roads,tree_of_life,509,1042,619.4,1,1,1.000000,1
astar-dial-cheb,no_roads,tree_of_life,633,14,358.6,1,1,1.000000,1
astar-dial-cheb,no_roads,tree_of_life,378,981,665.1,1,1,1.000000,1
astar-dial-cheb,no_roads,tree_of_life,768,633,398.0,1,1,1.000000,1
astar-dial-cheb,no_roads,tree_of_life,368,498,263.5,1,1,1.000000,1
astar-dial-cheb,no_roads,tree_of_life,760,243,226.3,1,1,1.000000,1
astar-dial-cheb,no_roads,tree_of_life,218,856,353.3,1,1,1.000000,1
astar-dial-cheb,no_roads,tree_of_life,232,809,224.7,1,1,1.000000,1
astar-dial-cheb,no_roads,tree_of_life,776,604,332.8,1,1,1.000000,1
astar-dial-cheb,no_roads,tree_of_life,99,1064,671.9,1,1,1.000000,1
astar-dial-cheb,no_roads,tree_of_life,300,853,315.7,1,1,1.000000,1
astar-jps,no_roads,tree_of_life,268,57,73.8,1,1,1.000000,1
astar-jps,no_roads,tree_of_life,627,561,56.2,1,1,1.000000,1
astar-jps,no_roads,tree_of_life,515,332,80.5,1,1,1.000000,1
astar-jps,no_roads,tree_of_life,243,200,17.0,1,1,1.000000,1
astar-jps,no_roads,tree_of_life,980,72,267.1,1,1,1.000000,1
astar-jps,no_roads,tree_of_life,68,220,24.9,1,1,1.000000,1
astar-jps,no_roads,tree_of_life,505,536,61.7,1,1,1.000000,1
astar-jps,no_roads,tree_of_life,1163,60,127.3,1,1,1.000000,1
astar-jps,no_roads,tree_of_life,463,972,51.2,1,1,1.000000,1
astar-jps,no_roads,tree_of_life,509,1042,226.2,1,1,1.000000,1
astar-jps,no_roads,tree_of_life,633,14,83.1,1,1,1.000000,1
astar-jps,no_roads,tree_of_life,378,981,317.9,1,1,1.000000,1
astar-jps,no_roads,tree_of_life,768,633,105.1,1,1,1.000000,1
astar-jps,no_roads,tree_of_life,368,498,141.8,1,1,1.000000,1
astar-jps,no_roads,tree_of_life,760,243,80.4,1,1,1.000000,1
astar-jps,no_roads,tree_of_life,218,856,111.7,1,1,1.000000,1
astar-jps,no_roads,tree_of_life,232,809,63.8,1,1,1.000000,1
astar-jps,no_roads,tree_of_life,776,604,105.4,1,1,1.000000,1
astar-jps,no_roads,tree_of_life,99,1064,220.3,1,1,1.000000,1
astar-jps,no_roads,tree_of_life,300,853,67.1,1,1,1.000000,1
astar-jps-dial,no_roads,tree_of_life,268,57,155.0,1,1,1.000000,1
astar-jps-dial,no_roads,tree_of_life,627,561,54.1,1,1,1.000000,1
astar-jps-dial,no_roads,tree_of_life,515,332,93.1,1,1,1.000000,1
astar-jps-dial,no_roads,tree_of_life,243,200,39.3,1,1,1.000000,1
astar-jps-dial,no_roads,tree_of_life,980,72,302.7,1,1,1.000000,1
astar-jps-dial,no_roads,tree_of_life,68,220,28.3,1,1,1.000000,1
astar-jps-dial,no_roads,tree_of_life,505,536,50.6,1,1,1.000000,1
astar-jps-dial,no_roads,tree_of_life,1163,60,232.8,1,1,1.000000,1
astar-jps-dial,no_roads,tree_of_life,463,972,52.4,1,1,1.000000,1
astar-jps-dial,no_roads,tree_of_life,509,1042,224.7,1,1,1.000000,1
astar-jps-dial,no_roads,tree_of_life,633,14,120.4,1,1,1.000000,1
astar-jps-dial,no_roads,tree_of_life,378,981,281.9,1,1,1.000000,1
astar-jps-dial,no_roads,tree_of_life,768,633,143.8,1,1,1.000000,1
astar-jps-dial,no_roads,tree_of_life,368,498,104.8,1,1,1.000000,1
astar-jps-dial,no_roads,tree_of_life,760,243,88.7,1,1,1.000000,1
astar-jps-dial,no_roads,tree_of_life,218,856,129.5,1,1,1.000000,1
astar-jps-dial,no_roads,tree_of_life,232,809,62.9,1,1,1.000000,1
astar-jps-dial,no_roads,tree_of_life,776,604,92.4,1,1,1.000000,1
astar-jps-dial,no_roads,tree_of_life,99,1064,201.8,1,1,1.000000,1
astar-jps-dial,no_roads,tree_of_life,300,853,56.7,1,1,1.000000,1
astar-dial-cheb,with_roads,tree_of_life,268,57,275.4,1,1,1.000000,1
astar-dial-cheb,with_roads,tree_of_life,627,561,279.1,1,1,1.000000,1
astar-dial-cheb,with_roads,tree_of_life,515,332,275.8,1,1,1.000000,1
astar-dial-cheb,with_roads,tree_of_life,243,200,37.1,1,1,1.000000,1
astar-dial-cheb,with_roads,tree_of_life,980,72,833.3,1,1,1.000000,1
astar-dial-cheb,with_roads,tree_of_life,68,220,35.5,1,1,1.000000,1
astar-dial-cheb,with_roads,tree_of_life,505,536,108.1,1,1,1.000000,1
astar-dial-cheb,with_roads,tree_of_life,1163,60,498.8,1,1,1.000000,1
astar-dial-cheb,with_roads,tree_of_life,463,972,239.7,1,1,1.000000,1
astar-dial-cheb,with_roads,tree_of_life,509,1042,554.4,1,1,1.000000,1
astar-dial-cheb,with_roads,tree_of_life,633,14,429.8,1,1,1.000000,1
astar-dial-cheb,with_roads,tree_of_life,378,981,618.2,1,1,1.000000,1
astar-dial-cheb,with_roads,tree_of_life,768,633,430.4,1,1,1.000000,1
astar-dial-cheb,with_roads,tree_of_life,368,498,263.3,1,1,1.000000,1
astar-dial-cheb,with_roads,tree_of_life,760,243,232.4,1,1,1.000000,1
astar-dial-cheb,with_roads,tree_of_life,218,856,370.9,1,1,1.000000,1
astar-dial-cheb,with_roads,tree_of_life,232,809,224.0,1,1,1.000000,1
astar-dial-cheb,with_roads,tree_of_life,776,604,327.2,1,1,1.000000,1
astar-dial-cheb,with_roads,tree_of_life,99,1064,406.1,1,1,1.000000,1
astar-dial-cheb,with_roads,tree_of_life,300,853,302.7,1,1,1.000000,1
astar-jps,with_roads,tree_of_life,268,57,67.3,1,1,1.000000,1
astar-jps,with_roads,tree_of_life,627,561,55.5,1,1,1.241379,0
astar-jps,with_roads,tree_of_life,515,332,90.3,1,1,1.000000,1
astar-jps,with_roads,tree_of_life,243,200,20.2,1,1,1.000000,1
astar-jps,with_roads,tree_of_life,980,72,313.0,1,1,1.041667,0
astar-jps,with_roads,tree_of_life,68,220,26.2,1,1,1.000000,1
astar-jps,with_roads,tree_of_life,505,536,56.2,1,1,1.000000,1
astar-jps,with_roads,tree_of_life,1163,60,131.8,1,1,1.000000,1
astar-jps,with_roads,tree_of_life,463,972,51.3,1,1,1.000000,1
astar-jps,with_roads,tree_of_life,509,1042,246.1,1,1,1.257576,0
astar-jps,with_roads,tree_of_life,633,14,83.2,1,1,1.000000,1
astar-jps,with_roads,tree_of_life,378,981,344.0,1,1,1.000000,1
astar-jps,with_roads,tree_of_life,768,633,106.1,1,1,1.000000,1
astar-jps,with_roads,tree_of_life,368,498,139.2,1,1,1.000000,1
astar-jps,with_roads,tree_of_life,760,243,80.4,1,1,1.000000,1
astar-jps,with_roads,tree_of_life,218,856,109.9,1,1,1.000000,1
astar-jps,with_roads,tree_of_life,232,809,67.7,1,1,1.000000,1
astar-jps,with_roads,tree_of_life,776,604,96.2,1,1,1.000000,1
astar-jps,with_roads,tree_of_life,99,1064,218.4,1,1,1.169492,1
astar-jps,with_roads,tree_of_life,300,853,72.2,1,1,1.000000,1
astar-jps-dial,with_roads,tree_of_life,268,57,151.7,1,1,1.000000,1
astar-jps-dial,with_roads,tree_of_life,627,561,56.2,1,1,1.241379,0
astar-jps-dial,with_roads,tree_of_life,515,332,136.9,1,1,1.000000,1
astar-jps-dial,with_roads,tree_of_life,243,200,60.5,1,1,1.000000,1
astar-jps-dial,with_roads,tree_of_life,980,72,333.2,1,1,1.041667,0
astar-jps-dial,with_roads,tree_of_life,68,220,28.7,1,1,1.000000,1
astar-jps-dial,with_roads,tree_of_life,505,536,52.5,1,1,1.000000,1
astar-jps-dial,with_roads,tree_of_life,1163,60,257.4,1,1,1.000000,1
astar-jps-dial,with_roads,tree_of_life,463,972,55.1,1,1,1.000000,1
astar-jps-dial,with_roads,tree_of_life,509,1042,232.5,1,1,1.257576,0
astar-jps-dial,with_roads,tree_of_life,633,14,134.8,1,1,1.000000,1
astar-jps-dial,with_roads,tree_of_life,378,981,337.5,1,1,1.000000,1
astar-jps-dial,with_roads,tree_of_life,768,633,153.3,1,1,1.000000,1
astar-jps-dial,with_roads,tree_of_life,368,498,97.9,1,1,1.000000,1
astar-jps-dial,with_roads,tree_of_life,760,243,88.1,1,1,1.000000,1
astar-jps-dial,with_roads,tree_of_life,218,856,138.3,1,1,1.000000,1
astar-jps-dial,with_roads,tree_of_life,232,809,70.7,1,1,1.000000,1
astar-jps-dial,with_roads,tree_of_life,776,604,111.7,1,1,1.000000,1
astar-jps-dial,with_roads,tree_of_life,99,1064,220.6,1,1,1.169492,1
astar-jps-dial,with_roads,tree_of_life,300,853,59.9,1,1,1.000000,1
astar-dial-cheb,no_roads,vase,294,61,629.3,1,1,1.000000,1
astar-dial-cheb,no_roads,vase,723,644,544.7,1,1,1.000000,1
astar-dial-cheb,no_roads,vase,594,363,863.7,1,1,1.000000,1
astar-dial-cheb,no_roads,vase,271,234,21.9,1,1,1.000000,1
astar-dial-cheb,no_roads,vase,1087,75,290.5,1,1,1.000000,1
astar-dial-cheb,no_roads,vase,71,248,42.3,1,1,1.000000,1
astar-dial-cheb,no_roads,vase,584,618,11.7,1,1,1.000000,1
astar-dial-cheb,no_roads,vase,1323,64,309.5,1,1,1.000000,1
astar-dial-cheb,no_roads,vase,531,1082,850.1,1,1,1.000000,1
astar-dial-cheb,no_roads,vase,588,1160,817.7,1,1,1.000000,1
astar-dial-cheb,no_roads,vase,729,13,571.7,1,1,1.000000,1
astar-dial-cheb,no_roads,vase,422,1088,257.9,1,1,1.000000,1
astar-dial-cheb,no_roads,vase,883,729,707.0,1,1,1.000000,1
astar-dial-cheb,no_roads,vase,414,572,724.3,1,1,1.000000,1
astar-dial-cheb,no_roads,vase,876,271,558.9,1,1,1.000000,1
astar-dial-cheb,no_roads,vase,246,982,280.3,1,1,1.000000,1
astar-dial-cheb,no_roads,vase,256,931,497.8,1,1,1.000000,1
astar-dial-cheb,no_roads,vase,895,695,274.8,1,1,1.000000,1
astar-dial-cheb,no_roads,vase,106,1192,381.1,1,1,1.000000,1
astar-dial-cheb,no_roads,vase,326,979,785.4,1,1,1.000000,1
astar-jps,no_roads,vase,294,61,371.9,1,1,1.000000,1
astar-jps,no_roads,vase,723,644,340.2,1,1,1.000000,1
astar-jps,no_roads,vase,594,363,324.8,1,1,1.000000,1
astar-jps,no_roads,vase,271,234,29.0,1,1,1.000000,1
astar-jps,no_roads,vase,1087,75,75.4,1,1,1.000000,1
astar-jps,no_roads,vase,71,248,34.8,1,1,1.000000,1
astar-jps,no_roads,vase,584,618,24.9,1,1,1.000000,1
astar-jps,no_roads,vase,1323,64,60.8,1,1,1.000000,1
astar-jps,no_roads,vase,531,1082,480.6,1,1,1.000000,1
astar-jps,no_roads,vase,588,1160,497.9,1,1,1.000000,1
astar-jps,no_roads,vase,729,13,389.9,1,1,1.000000,1
astar-jps,no_roads,vase,422,1088,101.0,1,1,1.000000,1
astar-jps,no_roads,vase,883,729,488.3,1,1,1.000000,1
astar-jps,no_roads,vase,414,572,490.9,1,1,1.000000,1
astar-jps,no_roads,vase,876,271,335.1,1,1,1.000000,1
astar-jps,no_roads,vase,246,982,96.6,1,1,1.000000,1
astar-jps,no_roads,vase,256,931,303.9,1,1,1.000000,1
astar-jps,no_roads,vase,895,695,146.0,1,1,1.000000,1
astar-jps,no_roads,vase,106,1192,118.4,1,1,1.000000,1
astar-jps,no_roads,vase,326,979,459.3,1,1,1.000000,1
astar-jps-dial,no_roads,vase,294,61,353.0,1,1,1.000000,1
astar-jps-dial,no_roads,vase,723,644,344.0,1,1,1.000000,1
astar-jps-dial,no_roads,vase,594,363,330.0,1,1,1.000000,1
astar-jps-dial,no_roads,vase,271,234,29.9,1,1,1.000000,1
astar-jps-dial,no_roads,vase,1087,75,86.4,1,1,1.000000,1
astar-jps-dial,no_roads,vase,71,248,35.4,1,1,1.000000,1
astar-jps-dial,no_roads,vase,584,618,25.9,1,1,1.000000,1
astar-jps-dial,no_roads,vase,1323,64,123.0,1,1,1.000000,1
astar-jps-dial,no_roads,vase,531,1082,459.4,1,1,1.000000,1
astar-jps-dial,no_roads,vase,588,1160,483.4,1,1,1.000000,1
astar-jps-dial,no_roads,vase,729,13,379.3,1,1,1.000000,1
astar-jps-dial,no_roads,vase,422,1088,75.3,1,1,1.000000,1
astar-jps-dial,no_roads,vase,883,729,438.1,1,1,1.000000,1
astar-jps-dial,no_roads,vase,414,572,459.5,1,1,1.000000,1
astar-jps-dial,no_roads,vase,876,271,346.9,1,1,1.000000,1
astar-jps-dial,no_roads,vase,246,982,57.9,1,1,1.000000,1
astar-jps-dial,no_roads,vase,256,931,310.6,1,1,1.000000,1
astar-jps-dial,no_roads,vase,895,695,142.6,1,1,1.000000,1
astar-jps-dial,no_roads,vase,106,1192,71.1,1,1,1.000000,1
astar-jps-dial,no_roads,vase,326,979,440.2,1,1,1.000000,1
astar-dial-cheb,with_roads,vase,294,61,533.4,1,1,1.000000,1
astar-dial-cheb,with_roads,vase,723,644,475.8,1,1,1.000000,1
astar-dial-cheb,with_roads,vase,594,363,412.5,1,1,1.000000,1
astar-dial-cheb,with_roads,vase,271,234,24.1,1,1,1.000000,1
astar-dial-cheb,with_roads,vase,1087,75,282.6,1,1,1.000000,1
astar-dial-cheb,with_roads,vase,71,248,60.1,1,1,1.000000,1
astar-dial-cheb,with_roads,vase,584,618,12.5,1,1,1.000000,1
astar-dial-cheb,with_roads,vase,1323,64,312.9,1,1,1.000000,1
astar-dial-cheb,with_roads,vase,531,1082,620.8,1,1,1.000000,1
astar-dial-cheb,with_roads,vase,588,1160,926.9,1,1,1.000000,1
astar-dial-cheb,with_roads,vase,729,13,787.3,1,1,1.000000,1
astar-dial-cheb,with_roads,vase,422,1088,400.0,1,1,1.000000,1
astar-dial-cheb,with_roads,vase,883,729,623.6,1,1,1.000000,1
astar-dial-cheb,with_roads,vase,414,572,747.0,1,1,1.000000,1
astar-dial-cheb,with_roads,vase,876,271,499.2,1,1,1.000000,1
astar-dial-cheb,with_roads,vase,246,982,337.2,1,1,1.000000,1
astar-dial-cheb,with_roads,vase,256,931,247.4,1,1,1.000000,1
astar-dial-cheb,with_roads,vase,895,695,164.9,1,1,1.000000,1
astar-dial-cheb,with_roads,vase,106,1192,452.6,1,1,1.000000,1
astar-dial-cheb,with_roads,vase,326,979,643.6,1,1,1.000000,1
astar-jps,with_roads,vase,294,61,359.0,1,1,1.481928,0
astar-jps,with_roads,vase,723,644,342.3,1,1,1.606061,0
astar-jps,with_roads,vase,594,363,321.2,1,1,1.450704,1
astar-jps,with_roads,vase,271,234,28.3,1,1,1.000000,1
astar-jps,with_roads,vase,1087,75,72.7,1,1,1.103896,1
astar-jps,with_roads,vase,71,248,35.0,1,1,1.153846,0
astar-jps,with_roads,vase,584,618,22.8,1,1,1.000000,1
astar-jps,with_roads,vase,1323,64,57.5,1,1,1.437500,1
astar-jps,with_roads,vase,531,1082,490.6,1,1,1.789474,1
astar-jps,with_roads,vase,588,1160,485.2,1,1,1.190476,0
astar-jps,with_roads,vase,729,13,354.2,1,1,1.593407,0
astar-jps,with_roads,vase,422,1088,148.5,1,1,1.000000,1
astar-jps,with_roads,vase,883,729,538.0,1,1,1.456693,1
astar-jps,with_roads,vase,414,572,508.5,1,1,1.283186,1
astar-jps,with_roads,vase,876,271,306.5,1,1,1.336283,1
astar-jps,with_roads,vase,246,982,85.3,1,1,1.000000,1
astar-jps,with_roads,vase,256,931,332.5,1,1,1.913043,1
astar-jps,with_roads,vase,895,695,146.4,1,1,1.303030,1
astar-jps,with_roads,vase,106,1192,110.1,1,1,1.033333,0
astar-jps,with_roads,vase,326,979,473.5,1,1,1.943182,0
astar-jps-dial,with_roads,vase,294,61,342.9,1,1,1.746988,0
astar-jps-dial,with_roads,vase,723,644,356.6,1,1,1.666667,0
astar-jps-dial,with_roads,vase,594,363,349.3,1,1,1.507042,1
astar-jps-dial,with_roads,vase,271,234,28.4,1,1,1.000000,1
astar-jps-dial,with_roads,vase,1087,75,86.8,1,1,1.103896,1
astar-jps-dial,with_roads,vase,71,248,34.9,1,1,1.153846,0
astar-jps-dial,with_roads,vase,584,618,24.9,1,1,1.000000,1
astar-jps-dial,with_roads,vase,1323,64,131.2,1,1,1.500000,1
astar-jps-dial,with_roads,vase,531,1082,478.9,1,1,1.789474,1
astar-jps-dial,with_roads,vase,588,1160,438.9,1,1,1.190476,0
astar-jps-dial,with_roads,vase,729,13,353.9,1,1,1.769231,0
astar-jps-dial,with_roads,vase,422,1088,70.9,1,1,1.000000,1
astar-jps-dial,with_roads,vase,883,729,407.4,1,1,1.456693,1
astar-jps-dial,with_roads,vase,414,572,404.3,1,1,1.318584,1
astar-jps-dial,with_roads,vase,876,271,321.0,1,1,1.442478,1
astar-jps-dial,with_roads,vase,246,982,54.2,1,1,1.000000,1
astar-jps-dial,with_roads,vase,256,931,290.1,1,1,2.043478,1
astar-jps-dial,with_roads,vase,895,695,134.1,1,1,1.303030,1
astar-jps-dial,with_roads,vase,106,1192,68.7,1,1,1.033333,0
astar-jps-dial,with_roads,vase,326,979,395.7,1,1,1.943182,0
astar-dial-cheb,no_roads,wall,871,152,497.3,1,1,1.000000,1
astar-dial-cheb,no_roads,wall,25,1011,93.5,0,,,
astar-dial-cheb,no_roads,wall,397,363,20.4,1,1,1.000000,1
astar-dial-cheb,no_roads,wall,312,198,159.4,1,1,1.000000,1
astar-dial-cheb,no_roads,wall,1006,139,48.5,0,,,
astar-dial-cheb,no_roads,wall,910,1010,559.7,0,,,
astar-dial-cheb,no_roads,wall,756,119,304.9,1,1,1.000000,1
astar-dial-cheb,no_roads,wall,815,595,112.0,1,1,1.000000,1
astar-dial-cheb,no_roads,wall,32,30,69.6,1,1,1.000000,1
astar-dial-cheb,no_roads,wall,127,307,56.0,1,1,1.000000,1
astar-dial-cheb,no_roads,wall,322,696,311.1,1,1,1.000000,1
astar-dial-cheb,no_roads,wall,828,27,465.7,0,,,
astar-dial-cheb,no_roads,wall,779,287,340.3,1,1,1.000000,1
astar-dial-cheb,no_roads,wall,981,882,51.1,0,,,
astar-dial-cheb,no_roads,wall,966,756,49.6,0,,,
astar-dial-cheb,no_roads,wall,592,309,367.3,1,1,1.000000,1
astar-dial-cheb,no_roads,wall,630,814,163.9,1,1,1.000000,1
astar-dial-cheb,no_roads,wall,400,6,458.9,0,,,
astar-dial-cheb,no_roads,wall,219,958,244.5,1,1,1.000000,1
astar-dial-cheb,no_roads,wall,595,482,217.3,1,1,1.000000,1
astar-jps,no_roads,wall,871,152,293.4,1,1,1.000000,1
astar-jps,no_roads,wall,25,1011,28.2,0,,,
astar-jps,no_roads,wall,397,363,19.6,1,1,1.000000,1
astar-jps,no_roads,wall,312,198,38.5,1,1,1.000000,1
astar-jps,no_roads,wall,1006,139,16.2,0,,,
astar-jps,no_roads,wall,910,1010,462.9,0,,,
astar-jps,no_roads,wall,756,119,155.5,1,1,1.000000,1
astar-jps,no_roads,wall,815,595,108.7,1,1,1.000000,1
astar-jps,no_roads,wall,32,30,31.4,1,1,1.000000,1
astar-jps,no_roads,wall,127,307,57.7,1,1,1.000000,1
astar-jps,no_roads,wall,322,696,152.2,1,1,1.000000,1
astar-jps,no_roads,wall,828,27,532.0,0,,,
astar-jps,no_roads,wall,779,287,164.6,1,1,1.000000,1
astar-jps,no_roads,wall,981,882,16.5,0,,,
astar-jps,no_roads,wall,966,756,14.6,0,,,
astar-jps,no_roads,wall,592,309,146.9,1,1,1.000000,1
astar-jps,no_roads,wall,630,814,68.6,1,1,1.000000,1
astar-jps,no_roads,wall,400,6,537.8,0,,,
astar-jps,no_roads,wall,219,958,104.4,1,1,1.000000,1
astar-jps,no_roads,wall,595,482,34.8,1,1,1.000000,1
astar-jps-dial,no_roads,wall,871,152,306.3,1,1,1.000000,1
astar-jps-dial,no_roads,wall,25,1011,37.7,0,,,
astar-jps-dial,no_roads,wall,397,363,19.4,1,1,1.000000,1
astar-jps-dial,no_roads,wall,312,198,65.1,1,1,1.000000,1
astar-jps-dial,no_roads,wall,1006,139,25.1,0,,,
astar-jps-dial,no_roads,wall,910,1010,455.7,0,,,
astar-jps-dial,no_roads,wall,756,119,123.5,1,1,1.000000,1
astar-jps-dial,no_roads,wall,815,595,78.3,1,1,1.000000,1
astar-jps-dial,no_roads,wall,32,30,33.5,1,1,1.000000,1
astar-jps-dial,no_roads,wall,127,307,40.6,1,1,1.000000,1
astar-jps-dial,no_roads,wall,322,696,141.6,1,1,1.000000,1
astar-jps-dial,no_roads,wall,828,27,454.4,0,,,
astar-jps-dial,no_roads,wall,779,287,150.4,1,1,1.000000,1
astar-jps-dial,no_roads,wall,981,882,25.4,0,,,
astar-jps-dial,no_roads,wall,966,756,22.3,0,,,
astar-jps-dial,no_roads,wall,592,309,154.1,1,1,1.000000,1
astar-jps-dial,no_roads,wall,630,814,79.9,1,1,1.000000,1
astar-jps-dial,no_roads,wall,400,6,505.1,0,,,
astar-jps-dial,no_roads,wall,219,958,101.8,1,1,1.000000,1
astar-jps-dial,no_roads,wall,595,482,59.1,1,1,1.000000,1
astar-dial-cheb,with_roads,wall,871,152,544.4,1,1,1.000000,1
astar-dial-cheb,with_roads,wall,25,1011,90.2,0,,,
astar-dial-cheb,with_roads,wall,397,363,20.3,1,1,1.000000,1
astar-dial-cheb,with_roads,wall,312,198,163.7,1,1,1.000000,1
astar-dial-cheb,with_roads,wall,1006,139,82.0,0,,,
astar-dial-cheb,with_roads,wall,910,1010,785.9,0,,,
astar-dial-cheb,with_roads,wall,756,119,496.4,1,1,1.000000,1
astar-dial-cheb,with_roads,wall,815,595,138.8,1,1,1.000000,1
astar-dial-cheb,with_roads,wall,32,30,86.8,1,1,1.000000,1
astar-dial-cheb,with_roads,wall,127,307,69.0,1,1,1.000000,1
astar-dial-cheb,with_roads,wall,322,696,399.0,1,1,1.000000,1
astar-dial-cheb,with_roads,wall,828,27,561.2,0,,,
astar-dial-cheb,with_roads,wall,779,287,414.3,1,1,1.000000,1
astar-dial-cheb,with_roads,wall,981,882,61.1,0,,,
astar-dial-cheb,with_roads,wall,966,756,75.3,0,,,
astar-dial-cheb,with_roads,wall,592,309,471.3,1,1,1.000000,1
astar-dial-cheb,with_roads,wall,630,814,190.4,1,1,1.000000,1
astar-dial-cheb,with_roads,wall,400,6,522.0,0,,,
astar-dial-cheb,with_roads,wall,219,958,288.4,1,1,1.000000,1
astar-dial-cheb,with_roads,wall,595,482,246.0,1,1,1.000000,1
astar-jps,with_roads,wall,871,152,347.4,1,1,1.000000,1
astar-jps,with_roads,wall,25,1011,32.9,0,,,
astar-jps,with_roads,wall,397,363,22.0,1,1,1.000000,1
astar-jps,with_roads,wall,312,198,44.9,1,1,1.000000,1
astar-jps,with_roads,wall,1006,139,18.5,0,,,
astar-jps,with_roads,wall,910,1010,531.5,0,,,
astar-jps,with_roads,wall,756,119,125.8,1,1,1.000000,1
astar-jps,with_roads,wall,815,595,82.0,1,1,1.000000,1
astar-jps,with_roads,wall,32,30,27.6,1,1,1.000000,1
astar-jps,with_roads,wall,127,307,46.8,1,1,1.000000,1
astar-jps,with_roads,wall,322,696,158.5,1,1,1.000000,1
astar-jps,with_roads,wall,828,27,520.5,0,,,
astar-jps,with_roads,wall,779,287,152.3,1,1,1.000000,1
astar-jps,with_roads,wall,981,882,18.6,0,,,
astar-jps,with_roads,wall,966,756,16.1,0,,,
astar-jps,with_roads,wall,592,309,168.6,1,1,1.000000,1
astar-jps,with_roads,wall,630,814,79.5,1,1,1.000000,1
astar-jps,with_roads,wall,400,6,623.2,0,,,
astar-jps,with_roads,wall,219,958,191.2,1,1,1.000000,1
astar-jps,with_roads,wall,595,482,61.2,1,1,1.000000,1
astar-jps-dial,with_roads,wall,871,152,382.2,1,1,1.000000,1
astar-jps-dial,with_roads,wall,25,1011,76.4,0,,,
astar-jps-dial,with_roads,wall,397,363,26.3,1,1,1.000000,1
astar-jps-dial,with_roads,wall,312,198,102.7,1,1,1.000000,1
astar-jps-dial,with_roads,wall,1006,139,44.9,0,,,
astar-jps-dial,with_roads,wall,910,1010,547.4,0,,,
astar-jps-dial,with_roads,wall,756,119,137.2,1,1,1.000000,1
astar-jps-dial,with_roads,wall,815,595,103.1,1,1,1.000000,1
astar-jps-dial,with_roads,wall,32,30,40.5,1,1,1.000000,1
astar-jps-dial,with_roads,wall,127,307,44.7,1,1,1.000000,1
astar-jps-dial,with_roads,wall,322,696,154.9,1,1,1.000000,1
astar-jps-dial,with_roads,wall,828,27,493.3,0,,,
astar-jps-dial,with_roads,wall,779,287,166.0,1,1,1.000000,1
astar-jps-dial,with_roads,wall,981,882,36.2,0,,,
astar-jps-dial,with_roads,wall,966,756,26.5,0,,,
astar-jps-dial,with_roads,wall,592,309,164.1,1,1,1.000000,1
astar-jps-dial,with_roads,wall,630,814,85.3,1,1,1.000000,1
astar-jps-dial,with_roads,wall,400,6,545.9,0,,,
astar-jps-dial,with_roads,wall,219,958,114.3,1,1,1.000000,1
astar-jps-dial,with_roads,wall,595,482,64.3,1,1,1.000000,1
astar-dial-cheb,no_roads,wasteland,289,61,223.6,1,1,1.000000,1
astar-dial-cheb,no_roads,wasteland,780,693,106.3,1,1,1.000000,1
astar-dial-cheb,no_roads,wasteland,628,380,108.0,1,1,1.000000,1
astar-dial-cheb,no_roads,wasteland,265,1552,919.8,1,1,1.000000,1
astar-dial-cheb,no_roads,wasteland,226,1210,486.5,1,1,1.000000,1
astar-dial-cheb,no_roads,wasteland,78,74,37.9,1,1,1.000000,1
astar-dial-cheb,no_roads,wasteland,240,617,220.4,1,1,1.000000,1
astar-dial-cheb,no_roads,wasteland,654,1445,398.4,1,1,1.000000,1
astar-dial-cheb,no_roads,wasteland,64,1592,791.1,1,1,1.000000,1
astar-dial-cheb,no_roads,wasteland,564,1552,729.9,1,1,1.000000,1
astar-dial-cheb,no_roads,wasteland,1205,622,266.5,1,1,1.000000,1
astar-dial-cheb,no_roads,wasteland,1297,788,200.5,1,1,1.000000,1
astar-dial-cheb,no_roads,wasteland,15,440,202.6,1,1,1.000000,1
astar-dial-cheb,no_roads,wasteland,1211,969,54.1,1,1,1.000000,1
astar-dial-cheb,no_roads,wasteland,788,425,124.9,1,1,1.000000,1
astar-dial-cheb,no_roads,wasteland,609,958,762.9,1,1,1.000000,1
astar-dial-cheb,no_roads,wasteland,265,238,189.8,1,1,1.000000,1
astar-dial-cheb,no_roads,wasteland,1079,249,545.0,1,1,1.000000,1
astar-dial-cheb,no_roads,wasteland,1017,977,12.7,1,1,1.000000,1
astar-dial-cheb,no_roads,wasteland,750,107,285.9,1,1,1.000000,1
astar-jps,no_roads,wasteland,289,61,69.4,1,1,1.000000,1
astar-jps,no_roads,wasteland,780,693,47.2,1,1,1.000000,1
astar-jps,no_roads,wasteland,628,380,41.1,1,1,1.000000,1
astar-jps,no_roads,wasteland,265,1552,466.1,1,1,1.000000,1
astar-jps,no_roads,wasteland,226,1210,150.7,1,1,1.000000,1
astar-jps,no_roads,wasteland,78,74,21.4,1,1,1.000000,1
astar-jps,no_roads,wasteland,240,617,135.8,1,1,1.000000,1
astar-jps,no_roads,wasteland,654,1445,176.6,1,1,1.000000,1
astar-jps,no_roads,wasteland,64,1592,713.0,1,1,1.000000,1
astar-jps,no_roads,wasteland,564,1552,313.4,1,1,1.000000,1
astar-jps,no_roads,wasteland,1205,622,99.7,1,1,1.000000,1
astar-jps,no_roads,wasteland,1297,788,80.2,1,1,1.000000,1
astar-jps,no_roads,wasteland,15,440,136.9,1,1,1.000000,1
astar-jps,no_roads,wasteland,1211,969,32.7,1,1,1.000000,1
astar-jps,no_roads,wasteland,788,425,63.9,1,1,1.000000,1
astar-jps,no_roads,wasteland,609,958,341.1,1,1,1.000000,1
astar-jps,no_roads,wasteland,265,238,88.7,1,1,1.000000,1
astar-jps,no_roads,wasteland,1079,249,154.6,1,1,1.000000,1
astar-jps,no_roads,wasteland,1017,977,24.2,1,1,1.000000,1
astar-jps,no_roads,wasteland,750,107,105.7,1,1,1.000000,1
astar-jps-dial,no_roads,wasteland,289,61,99.8,1,1,1.000000,1
astar-jps-dial,no_roads,wasteland,780,693,57.0,1,1,1.000000,1
astar-jps-dial,no_roads,wasteland,628,380,39.1,1,1,1.000000,1
astar-jps-dial,no_roads,wasteland,265,1552,408.1,1,1,1.000000,1
astar-jps-dial,no_roads,wasteland,226,1210,169.2,1,1,1.000000,1
astar-jps-dial,no_roads,wasteland,78,74,34.1,1,1,1.000000,1
astar-jps-dial,no_roads,wasteland,240,617,146.8,1,1,1.000000,1
astar-jps-dial,no_roads,wasteland,654,1445,180.1,1,1,1.000000,1
astar-jps-dial,no_roads,wasteland,64,1592,602.9,1,1,1.000000,1
astar-jps-dial,no_roads,wasteland,564,1552,223.6,1,1,1.000000,1
astar-jps-dial,no_roads,wasteland,1205,622,78.2,1,1,1.000000,1
astar-jps-dial,no_roads,wasteland,1297,788,76.5,1,1,1.000000,1
astar-jps-dial,no_roads,wasteland,15,440,105.3,1,1,1.000000,1
astar-jps-dial,no_roads,wasteland,1211,969,42.4,1,1,1.000000,1
astar-jps-dial,no_roads,wasteland,788,425,76.4,1,1,1.000000,1
astar-jps-dial,no_roads,wasteland,609,958,302.9,1,1,1.000000,1
astar-jps-dial,no_roads,wasteland,265,238,105.9,1,1,1.000000,1
astar-jps-dial,no_roads,wasteland,1079,249,252.4,1,1,1.000000,1
astar-jps-dial,no_roads,wasteland,1017,977,19.6,1,1,1.000000,1
astar-jps-dial,no_roads,wasteland,750,107,163.2,1,1,1.000000,1
astar-dial-cheb,with_roads,wasteland,289,61,164.4,1,1,1.000000,1
astar-dial-cheb,with_roads,wasteland,780,693,68.1,1,1,1.000000,1
astar-dial-cheb,with_roads,wasteland,628,380,71.9,1,1,1.000000,1
astar-dial-cheb,with_roads,wasteland,265,1552,786.8,1,1,1.000000,1
astar-dial-cheb,with_roads,wasteland,226,1210,435.7,1,1,1.000000,1
astar-dial-cheb,with_roads,wasteland,78,74,29.6,1,1,1.000000,1
astar-dial-cheb,with_roads,wasteland,240,617,220.7,1,1,1.000000,1
astar-dial-cheb,with_roads,wasteland,654,1445,353.5,1,1,1.000000,1
astar-dial-cheb,with_roads,wasteland,64,1592,760.3,1,1,1.000000,1
astar-dial-cheb,with_roads,wasteland,564,1552,399.6,1,1,1.000000,1
astar-dial-cheb,with_roads,wasteland,1205,622,280.9,1,1,1.000000,1
astar-dial-cheb,with_roads,wasteland,1297,788,264.2,1,1,1.000000,1
astar-dial-cheb,with_roads,wasteland,15,440,120.2,1,1,1.000000,1
astar-dial-cheb,with_roads,wasteland,1211,969,62.5,1,1,1.000000,1
astar-dial-cheb,with_roads,wasteland,788,425,109.2,1,1,1.000000,1
astar-dial-cheb,with_roads,wasteland,609,958,716.9,1,1,1.000000,1
astar-dial-cheb,with_roads,wasteland,265,238,158.8,1,1,1.000000,1
astar-dial-cheb,with_roads,wasteland,1079,249,567.8,1,1,1.000000,1
astar-dial-cheb,with_roads,wasteland,1017,977,12.1,1,1,1.000000,1
astar-dial-cheb,with_roads,wasteland,750,107,244.9,1,1,1.000000,1
astar-jps,with_roads,wasteland,289,61,56.8,1,1,1.000000,1
astar-jps,with_roads,wasteland,780,693,35.5,1,1,1.000000,1
astar-jps,with_roads,wasteland,628,380,32.3,1,1,1.000000,1
astar-jps,with_roads,wasteland,265,1552,424.1,1,1,1.000000,1
astar-jps,with_roads,wasteland,226,1210,154.8,1,1,1.013889,1
astar-jps,with_roads,wasteland,78,74,27.2,1,1,1.000000,1
astar-jps,with_roads,wasteland,240,617,187.0,1,1,1.378378,0
astar-jps,with_roads,wasteland,654,1445,211.1,1,1,1.160000,1
astar-jps,with_roads,wasteland,64,1592,654.8,1,1,1.036364,1
astar-jps,with_roads,wasteland,564,1552,240.6,1,1,1.087719,1
astar-jps,with_roads,wasteland,1205,622,75.8,1,1,1.000000,1
astar-jps,with_roads,wasteland,1297,788,54.5,1,1,1.024390,0
astar-jps,with_roads,wasteland,15,440,106.1,1,1,1.205128,1
astar-jps,with_roads,wasteland,1211,969,29.0,1,1,1.000000,1
astar-jps,with_roads,wasteland,788,425,53.2,1,1,1.000000,1
astar-jps,with_roads,wasteland,609,958,310.6,1,1,1.074074,0
astar-jps,with_roads,wasteland,265,238,85.0,1,1,1.000000,1
astar-jps,with_roads,wasteland,1079,249,96.7,1,1,1.000000,1
astar-jps,with_roads,wasteland,1017,977,16.7,1,1,1.000000,1
astar-jps,with_roads,wasteland,750,107,66.4,1,1,1.000000,1
astar-jps-dial,with_roads,wasteland,289,61,81.7,1,1,1.000000,1
astar-jps-dial,with_roads,wasteland,780,693,59.2,1,1,1.000000,1
astar-jps-dial,with_roads,wasteland,628,380,35.1,1,1,1.000000,1
astar-jps-dial,with_roads,wasteland,265,1552,373.2,1,1,1.000000,1
astar-jps-dial,with_roads,wasteland,226,1210,132.8,1,1,1.013889,1
astar-jps-dial,with_roads,wasteland,78,74,26.8,1,1,1.000000,1
astar-jps-dial,with_roads,wasteland,240,617,122.2,1,1,1.378378,0
astar-jps-dial,with_roads,wasteland,654,1445,157.9,1,1,1.160000,1
astar-jps-dial,with_roads,wasteland,64,1592,474.7,1,1,1.036364,1
astar-jps-dial,with_roads,wasteland,564,1552,220.8,1,1,1.087719,1
astar-jps-dial,with_roads,wasteland,1205,622,72.0,1,1,1.000000,1
astar-jps-dial,with_roads,wasteland,1297,788,72.8,1,1,1.024390,0
astar-jps-dial,with_roads,wasteland,15,440,84.9,1,1,1.205128,1
astar-jps-dial,with_roads,wasteland,1211,969,46.0,1,1,1.000000,1
astar-jps-dial,with_roads,wasteland,788,425,71.3,1,1,1.000000,1
astar-jps-dial,with_roads,wasteland,609,958,283.8,1,1,1.074074,0
astar-jps-dial,with_roads,wasteland,265,238,97.4,1,1,1.000000,1
astar-jps-dial,with_roads,wasteland,1079,249,237.1,1,1,1.000000,1
astar-jps-dial,with_roads,wasteland,1017,977,17.5,1,1,1.000000,1
astar-jps-dial,with_roads,wasteland,750,107,136.3,1,1,1.000000,1
astar-dial-cheb,no_roads,wasteland_oasis,1100,186,547.4,1,1,1.000000,1
astar-dial-cheb,no_roads,wasteland_oasis,38,1271,283.4,1,1,1.000000,1
astar-dial-cheb,no_roads,wasteland_oasis,461,405,179.4,1,1,1.000000,1
astar-dial-cheb,no_roads,wasteland_oasis,370,238,517.3,1,1,1.000000,1
astar-dial-cheb,no_roads,wasteland_oasis,1265,170,676.0,1,1,1.000000,1
astar-dial-cheb,no_roads,wasteland_oasis,1159,1270,89.3,1,1,1.000000,1
astar-dial-cheb,no_roads,wasteland_oasis,1524,939,151.1,1,1,1.000000,1
astar-dial-cheb,no_roads,wasteland_oasis,148,1017,428.2,1,1,1.000000,1
astar-dial-cheb,no_roads,wasteland_oasis,711,48,400.6,1,1,1.000000,1
astar-dial-cheb,no_roads,wasteland_oasis,45,155,314.8,1,1,1.000000,1
astar-dial-cheb,no_roads,wasteland_oasis,363,387,330.7,1,1,1.000000,1
astar-dial-cheb,no_roads,wasteland_oasis,870,1036,50.1,1,1,1.000000,1
astar-dial-cheb,no_roads,wasteland_oasis,41,962,222.6,1,1,1.000000,1
astar-dial-cheb,no_roads,wasteland_oasis,331,1231,462.6,1,1,1.000000,1
astar-dial-cheb,no_roads,wasteland_oasis,1120,1208,61.7,1,1,1.000000,1
astar-dial-cheb,no_roads,wasteland_oasis,939,706,147.4,1,1,1.000000,1
astar-dial-cheb,no_roads,wasteland_oasis,367,763,135.8,1,1,1.000000,1
astar-dial-cheb,no_roads,wasteland_oasis,1014,465,356.0,1,1,1.000000,1
astar-dial-cheb,no_roads,wasteland_oasis,1386,1480,430.3,1,1,1.000000,1
astar-dial-cheb,no_roads,wasteland_oasis,9,1301,560.7,1,1,1.000000,1
astar-jps,no_roads,wasteland_oasis,1100,186,242.9,1,1,1.000000,1
astar-jps,no_roads,wasteland_oasis,38,1271,248.5,1,1,1.000000,1
astar-jps,no_roads,wasteland_oasis,461,405,68.5,1,1,1.000000,1
astar-jps,no_roads,wasteland_oasis,370,238,145.3,1,1,1.000000,1
astar-jps,no_roads,wasteland_oasis,1265,170,280.2,1,1,1.000000,1
astar-jps,no_roads,wasteland_oasis,1159,1270,64.2,1,1,1.000000,1
astar-jps,no_roads,wasteland_oasis,1524,939,100.9,1,1,1.000000,1
astar-jps,no_roads,wasteland_oasis,148,1017,468.6,1,1,1.000000,1
astar-jps,no_roads,wasteland_oasis,711,48,186.5,1,1,1.000000,1
astar-jps,no_roads,wasteland_oasis,45,155,116.2,1,1,1.000000,1
astar-jps,no_roads,wasteland_oasis,363,387,211.7,1,1,1.000000,1
astar-jps,no_roads,wasteland_oasis,870,1036,47.9,1,1,1.000000,1
astar-jps,no_roads,wasteland_oasis,41,962,201.4,1,1,1.000000,1
astar-jps,no_roads,wasteland_oasis,331,1231,239.1,1,1,1.000000,1
astar-jps,no_roads,wasteland_oasis,1120,1208,65.1,1,1,1.000000,1
astar-jps,no_roads,wasteland_oasis,939,706,80.1,1,1,1.000000,1
astar-jps,no_roads,wasteland_oasis,367,763,103.9,1,1,1.000000,1
astar-jps,no_roads,wasteland_oasis,1014,465,162.4,1,1,1.000000,1
astar-jps,no_roads,wasteland_oasis,1386,1480,222.9,1,1,1.000000,1
astar-jps,no_roads,wasteland_oasis,9,1301,572.2,1,1,1.000000,1
astar-jps-dial,no_roads,wasteland_oasis,1100,186,303.1,1,1,1.000000,1
astar-jps-dial,no_roads,wasteland_oasis,38,1271,218.7,1,1,1.000000,1
astar-jps-dial,no_roads,wasteland_oasis,461,405,116.2,1,1,1.000000,1
astar-jps-dial,no_roads,wasteland_oasis,370,238,222.8,1,1,1.000000,1
astar-jps-dial,no_roads,wasteland_oasis,1265,170,296.5,1,1,1.000000,1
astar-jps-dial,no_roads,wasteland_oasis,1159,1270,79.3,1,1,1.000000,1
astar-jps-dial,no_roads,wasteland_oasis,1524,939,104.6,1,1,1.000000,1
astar-jps-dial,no_roads,wasteland_oasis,148,1017,410.6,1,1,1.000000,1
astar-jps-dial,no_roads,wasteland_oasis,711,48,239.9,1,1,1.000000,1
astar-jps-dial,no_roads,wasteland_oasis,45,155,191.8,1,1,1.000000,1
astar-jps-dial,no_roads,wasteland_oasis,363,387,272.8,1,1,1.000000,1
astar-jps-dial,no_roads,wasteland_oasis,870,1036,45.1,1,1,1.000000,1
astar-jps-dial,no_roads,wasteland_oasis,41,962,179.8,1,1,1.000000,1
astar-jps-dial,no_roads,wasteland_oasis,331,1231,210.9,1,1,1.000000,1
astar-jps-dial,no_roads,wasteland_oasis,1120,1208,67.8,1,1,1.000000,1
astar-jps-dial,no_roads,wasteland_oasis,939,706,108.6,1,1,1.000000,1
astar-jps-dial,no_roads,wasteland_oasis,367,763,105.1,1,1,1.000000,1
astar-jps-dial,no_roads,wasteland_oasis,1014,465,177.0,1,1,1.000000,1
astar-jps-dial,no_roads,wasteland_oasis,1386,1480,212.9,1,1,1.000000,1
astar-jps-dial,no_roads,wasteland_oasis,9,1301,478.5,1,1,1.000000,1
astar-dial-cheb,with_roads,wasteland_oasis,1100,186,751.8,1,1,1.000000,1
astar-dial-cheb,with_roads,wasteland_oasis,38,1271,439.0,1,1,1.000000,1
astar-dial-cheb,with_roads,wasteland_oasis,461,405,216.4,1,1,1.000000,1
astar-dial-cheb,with_roads,wasteland_oasis,370,238,622.3,1,1,1.000000,1
astar-dial-cheb,with_roads,wasteland_oasis,1265,170,340.7,1,1,1.000000,1
astar-dial-cheb,with_roads,wasteland_oasis,1159,1270,107.1,1,1,1.000000,1
astar-dial-cheb,with_roads,wasteland_oasis,1524,939,170.9,1,1,1.000000,1
astar-dial-cheb,with_roads,wasteland_oasis,148,1017,447.2,1,1,1.000000,1
astar-dial-cheb,with_roads,wasteland_oasis,711,48,110.4,1,1,1.000000,1
astar-dial-cheb,with_roads,wasteland_oasis,45,155,470.7,1,1,1.000000,1
astar-dial-cheb,with_roads,wasteland_oasis,363,387,316.5,1,1,1.000000,1
astar-dial-cheb,with_roads,wasteland_oasis,870,1036,80.8,1,1,1.000000,1
astar-dial-cheb,with_roads,wasteland_oasis,41,962,222.9,1,1,1.000000,1
astar-dial-cheb,with_roads,wasteland_oasis,331,1231,729.9,1,1,1.000000,1
astar-dial-cheb,with_roads,wasteland_oasis,1120,1208,78.9,1,1,1.000000,1
astar-dial-cheb,with_roads,wasteland_oasis,939,706,336.8,1,1,1.000000,1
astar-dial-cheb,with_roads,wasteland_oasis,367,763,146.7,1,1,1.000000,1
astar-dial-cheb,with_roads,wasteland_oasis,1014,465,593.2,1,1,1.000000,1
astar-dial-cheb,with_roads,wasteland_oasis,1386,1480,599.0,1,1,1.000000,1
astar-dial-cheb,with_roads,wasteland_oasis,9,1301,560.9,1,1,1.000000,1
astar-jps,with_roads,wasteland_oasis,1100,186,297.9,1,1,1.149254,0
astar-jps,with_roads,wasteland_oasis,38,1271,297.2,1,1,1.021978,1
astar-jps,with_roads,wasteland_oasis,461,405,85.5,1,1,1.150000,1
astar-jps,with_roads,wasteland_oasis,370,238,163.1,1,1,1.121212,1
astar-jps,with_roads,wasteland_oasis,1265,170,326.6,1,1,1.351852,1
astar-jps,with_roads,wasteland_oasis,1159,1270,86.1,1,1,1.000000,1
astar-jps,with_roads,wasteland_oasis,1524,939,136.9,1,1,1.191489,1
astar-jps,with_roads,wasteland_oasis,148,1017,600.6,1,1,1.180328,1
astar-jps,with_roads,wasteland_oasis,711,48,188.3,1,1,2.054054,1
astar-jps,with_roads,wasteland_oasis,45,155,144.8,1,1,1.283019,1
astar-jps,with_roads,wasteland_oasis,363,387,229.3,1,1,1.282051,1
astar-jps,with_roads,wasteland_oasis,870,1036,53.2,1,1,1.000000,1
astar-jps,with_roads,wasteland_oasis,41,962,222.6,1,1,1.606061,1
astar-jps,with_roads,wasteland_oasis,331,1231,251.6,1,1,1.200000,0
astar-jps,with_roads,wasteland_oasis,1120,1208,73.5,1,1,1.000000,1
astar-jps,with_roads,wasteland_oasis,939,706,96.6,1,1,1.000000,1
astar-jps,with_roads,wasteland_oasis,367,763,125.7,1,1,1.380952,1
astar-jps,with_roads,wasteland_oasis,1014,465,161.3,1,1,1.192308,1
astar-jps,with_roads,wasteland_oasis,1386,1480,227.9,1,1,1.038961,0
astar-jps,with_roads,wasteland_oasis,9,1301,653.6,1,1,1.519231,1
astar-jps-dial,with_roads,wasteland_oasis,1100,186,321.5,1,1,1.149254,0
astar-jps-dial,with_roads,wasteland_oasis,38,1271,251.8,1,1,1.021978,1
astar-jps-dial,with_roads,wasteland_oasis,461,405,132.3,1,1,1.150000,1
astar-jps-dial,with_roads,wasteland_oasis,370,238,252.1,1,1,1.151515,0
astar-jps-dial,with_roads,wasteland_oasis,1265,170,325.1,1,1,1.425926,1
astar-jps-dial,with_roads,wasteland_oasis,1159,1270,105.7,1,1,1.000000,1
astar-jps-dial,with_roads,wasteland_oasis,1524,939,116.1,1,1,1.191489,1
astar-jps-dial,with_roads,wasteland_oasis,148,1017,448.6,1,1,1.377049,1
astar-jps-dial,with_roads,wasteland_oasis,711,48,246.0,1,1,2.054054,1
astar-jps-dial,with_roads,wasteland_oasis,45,155,224.3,1,1,1.358491,1
astar-jps-dial,with_roads,wasteland_oasis,363,387,345.2,1,1,1.692308,1
astar-jps-dial,with_roads,wasteland_oasis,870,1036,63.6,1,1,1.000000,1
astar-jps-dial,with_roads,wasteland_oasis,41,962,207.8,1,1,1.606061,1
astar-jps-dial,with_roads,wasteland_oasis,331,1231,225.3,1,1,1.200000,0
astar-jps-dial,with_roads,wasteland_oasis,1120,1208,71.2,1,1,1.000000,1
astar-jps-dial,with_roads,wasteland_oasis,939,706,110.7,1,1,1.000000,1
astar-jps-dial,with_roads,wasteland_oasis,367,763,112.1,1,1,1.190476,0
astar-jps-dial,with_roads,wasteland_oasis,1014,465,172.7,1,1,1.192308,1
astar-jps-dial,with_roads,wasteland_oasis,1386,1480,214.2,1,1,1.038961,0
astar-jps-dial,with_roads,wasteland_oasis,9,1301,493.7,1,1,1.826923,0
astar-dial-cheb,no_roads,we_love_tetris,169,67,315.2,1,1,1.000000,1
astar-dial-cheb,no_roads,we_love_tetris,370,325,485.1,1,1,1.000000,1
astar-dial-cheb,no_roads,we_love_tetris,297,199,446.4,1,1,1.000000,1
astar-dial-cheb,no_roads,we_love_tetris,157,139,254.6,1,1,1.000000,1
astar-dial-cheb,no_roads,we_love_tetris,567,74,130.9,1,1,1.000000,1
astar-dial-cheb,no_roads,we_love_tetris,72,148,61.9,1,1,1.000000,1
astar-dial-cheb,no_roads,we_love_tetris,292,311,284.7,1,1,1.000000,1
astar-dial-cheb,no_roads,we_love_tetris,724,69,215.1,1,1,1.000000,1
astar-dial-cheb,no_roads,we_love_tetris,268,564,319.8,1,1,1.000000,1
astar-dial-cheb,no_roads,we_love_tetris,294,611,535.8,0,,,
astar-dial-cheb,no_roads,we_love_tetris,373,48,110.2,1,1,1.000000,1
astar-dial-cheb,no_roads,we_love_tetris,223,567,597.3,1,1,1.000000,1
astar-dial-cheb,no_roads,we_love_tetris,452,373,34.1,1,1,1.000000,1
astar-dial-cheb,no_roads,we_love_tetris,218,289,214.7,1,1,1.000000,1
astar-dial-cheb,no_roads,we_love_tetris,446,157,139.8,1,1,1.000000,1
astar-dial-cheb,no_roads,we_love_tetris,147,510,192.2,1,1,1.000000,1
astar-dial-cheb,no_roads,we_love_tetris,152,478,129.6,1,1,1.000000,1
astar-dial-cheb,no_roads,we_love_tetris,457,356,377.8,1,1,1.000000,1
astar-dial-cheb,no_roads,we_love_tetris,88,636,296.0,1,1,1.000000,1
astar-dial-cheb,no_roads,we_love_tetris,183,508,118.1,1,1,1.000000,1
astar-jps,no_roads,we_love_tetris,169,67,69.0,1,1,1.000000,1
astar-jps,no_roads,we_love_tetris,370,325,213.6,1,1,1.000000,1
astar-jps,no_roads,we_love_tetris,297,199,121.0,1,1,1.000000,1
astar-jps,no_roads,we_love_tetris,157,139,59.7,1,1,1.000000,1
astar-jps,no_roads,we_love_tetris,567,74,44.5,1,1,1.000000,1
astar-jps,no_roads,we_love_tetris,72,148,42.0,1,1,1.000000,1
astar-jps,no_roads,we_love_tetris,292,311,127.3,1,1,1.000000,1
astar-jps,no_roads,we_love_tetris,724,69,55.4,1,1,1.000000,1
astar-jps,no_roads,we_love_tetris,268,564,192.2,1,1,1.000000,1
astar-jps,no_roads,we_love_tetris,294,611,462.7,0,,,
astar-jps,no_roads,we_love_tetris,373,48,40.2,1,1,1.000000,1
astar-jps,no_roads,we_love_tetris,223,567,272.6,1,1,1.000000,1
astar-jps,no_roads,we_love_tetris,452,373,32.7,1,1,1.000000,1
astar-jps,no_roads,we_love_tetris,218,289,42.4,1,1,1.000000,1
astar-jps,no_roads,we_love_tetris,446,157,35.6,1,1,1.000000,1
astar-jps,no_roads,we_love_tetris,147,510,97.7,1,1,1.000000,1
astar-jps,no_roads,we_love_tetris,152,478,66.8,1,1,1.000000,1
astar-jps,no_roads,we_love_tetris,457,356,203.3,1,1,1.000000,1
astar-jps,no_roads,we_love_tetris,88,636,126.1,1,1,1.000000,1
astar-jps,no_roads,we_love_tetris,183,508,60.3,1,1,1.000000,1
astar-jps-dial,no_roads,we_love_tetris,169,67,115.1,1,1,1.000000,1
astar-jps-dial,no_roads,we_love_tetris,370,325,270.6,1,1,1.000000,1
astar-jps-dial,no_roads,we_love_tetris,297,199,175.1,1,1,1.000000,1
astar-jps-dial,no_roads,we_love_tetris,157,139,96.5,1,1,1.000000,1
astar-jps-dial,no_roads,we_love_tetris,567,74,46.5,1,1,1.000000,1
astar-jps-dial,no_roads,we_love_tetris,72,148,37.8,1,1,1.000000,1
astar-jps-dial,no_roads,we_love_tetris,292,311,137.2,1,1,1.000000,1
astar-jps-dial,no_roads,we_love_tetris,724,69,68.3,1,1,1.000000,1
astar-jps-dial,no_roads,we_love_tetris,268,564,167.7,1,1,1.000000,1
astar-jps-dial,no_roads,we_love_tetris,294,611,417.0,0,,,
astar-jps-dial,no_roads,we_love_tetris,373,48,39.6,1,1,1.000000,1
astar-jps-dial,no_roads,we_love_tetris,223,567,249.0,1,1,1.000000,1
astar-jps-dial,no_roads,we_love_tetris,452,373,31.7,1,1,1.000000,1
astar-jps-dial,no_roads,we_love_tetris,218,289,43.4,1,1,1.000000,1
astar-jps-dial,no_roads,we_love_tetris,446,157,36.8,1,1,1.000000,1
astar-jps-dial,no_roads,we_love_tetris,147,510,84.6,1,1,1.000000,1
astar-jps-dial,no_roads,we_love_tetris,152,478,55.8,1,1,1.000000,1
astar-jps-dial,no_roads,we_love_tetris,457,356,184.6,1,1,1.000000,1
astar-jps-dial,no_roads,we_love_tetris,88,636,126.4,1,1,1.000000,1
astar-jps-dial,no_roads,we_love_tetris,183,508,69.0,1,1,1.000000,1
astar-dial-cheb,with_roads,we_love_tetris,169,67,132.3,1,1,1.000000,1
astar-dial-cheb,with_roads,we_love_tetris,370,325,470.5,1,1,1.000000,1
astar-dial-cheb,with_roads,we_love_tetris,297,199,368.6,1,1,1.000000,1
astar-dial-cheb,with_roads,we_love_tetris,157,139,96.8,1,1,1.000000,1
astar-dial-cheb,with_roads,we_love_tetris,567,74,123.2,1,1,1.000000,1
astar-dial-cheb,with_roads,we_love_tetris,72,148,43.9,1,1,1.000000,1
astar-dial-cheb,with_roads,we_love_tetris,292,311,169.0,1,1,1.000000,1
astar-dial-cheb,with_roads,we_love_tetris,724,69,190.8,1,1,1.000000,1
astar-dial-cheb,with_roads,we_love_tetris,268,564,201.0,1,1,1.000000,1
astar-dial-cheb,with_roads,we_love_tetris,294,611,750.3,0,,,
astar-dial-cheb,with_roads,we_love_tetris,373,48,145.1,1,1,1.000000,1
astar-dial-cheb,with_roads,we_love_tetris,223,567,327.7,1,1,1.000000,1
astar-dial-cheb,with_roads,we_love_tetris,452,373,34.4,1,1,1.000000,1
astar-dial-cheb,with_roads,we_love_tetris,218,289,222.2,1,1,1.000000,1
astar-dial-cheb,with_roads,we_love_tetris,446,157,103.8,1,1,1.000000,1
astar-dial-cheb,with_roads,we_love_tetris,147,510,148.0,1,1,1.000000,1
astar-dial-cheb,with_roads,we_love_tetris,152,478,83.0,1,1,1.000000,1
astar-dial-cheb,with_roads,we_love_tetris,457,356,271.7,1,1,1.000000,1
astar-dial-cheb,with_roads,we_love_tetris,88,636,218.1,1,1,1.000000,1
astar-dial-cheb,with_roads,we_love_tetris,183,508,139.4,1,1,1.000000,1
astar-jps,with_roads,we_love_tetris,169,67,63.7,1,1,1.000000,1
astar-jps,with_roads,we_love_tetris,370,325,228.8,1,1,1.179104,1
astar-jps,with_roads,we_love_tetris,297,199,106.9,1,1,1.318182,1
astar-jps,with_roads,we_love_tetris,157,139,58.6,1,1,1.384615,0
astar-jps,with_roads,we_love_tetris,567,74,39.4,1,1,1.565217,0
astar-jps,with_roads,we_love_tetris,72,148,37.6,1,1,1.333333,1
astar-jps,with_roads,we_love_tetris,292,311,138.2,1,1,1.516129,1
astar-jps,with_roads,we_love_tetris,724,69,55.6,1,1,1.294118,1
astar-jps,with_roads,we_love_tetris,268,564,186.2,1,1,1.608696,0
astar-jps,with_roads,we_love_tetris,294,611,460.6,0,,,
astar-jps,with_roads,we_love_tetris,373,48,44.1,1,1,1.000000,1
astar-jps,with_roads,we_love_tetris,223,567,288.9,1,1,1.862069,1
astar-jps,with_roads,we_love_tetris,452,373,32.8,1,1,1.000000,1
astar-jps,with_roads,we_love_tetris,218,289,45.4,1,1,1.320000,0
astar-jps,with_roads,we_love_tetris,446,157,36.1,1,1,1.000000,1
astar-jps,with_roads,we_love_tetris,147,510,112.9,1,1,1.190476,1
astar-jps,with_roads,we_love_tetris,152,478,67.6,1,1,1.000000,1
astar-jps,with_roads,we_love_tetris,457,356,204.3,1,1,1.333333,1
astar-jps,with_roads,we_love_tetris,88,636,137.2,1,1,1.888889,0
astar-jps,with_roads,we_love_tetris,183,508,64.1,1,1,1.222222,1
astar-jps-dial,with_roads,we_love_tetris,169,67,124.4,1,1,1.000000,1
astar-jps-dial,with_roads,we_love_tetris,370,325,306.9,1,1,1.537313,1
astar-jps-dial,with_roads,we_love_tetris,297,199,191.1,1,1,1.636364,1
astar-jps-dial,with_roads,we_love_tetris,157,139,105.9,1,1,1.923077,1
astar-jps-dial,with_roads,we_love_tetris,567,74,51.3,1,1,1.565217,0
astar-jps-dial,with_roads,we_love_tetris,72,148,40.7,1,1,1.333333,1
astar-jps-dial,with_roads,we_love_tetris,292,311,150.7,1,1,1.645161,1
astar-jps-dial,with_roads,we_love_tetris,724,69,76.6,1,1,1.294118,1
astar-jps-dial,with_roads,we_love_tetris,268,564,190.3,1,1,1.608696,0
astar-jps-dial,with_roads,we_love_tetris,294,611,440.9,0,,,
astar-jps-dial,with_roads,we_love_tetris,373,48,43.8,1,1,1.000000,1
astar-jps-dial,with_roads,we_love_tetris,223,567,266.1,1,1,1.862069,0
astar-jps-dial,with_roads,we_love_tetris,452,373,33.1,1,1,1.000000,1
astar-jps-dial,with_roads,we_love_tetris,218,289,45.4,1,1,1.320000,0
astar-jps-dial,with_roads,we_love_tetris,446,157,39.5,1,1,1.000000,1
astar-jps-dial,with_roads,we_love_tetris,147,510,103.3,1,1,1.095238,0
astar-jps-dial,with_roads,we_love_tetris,152,478,65.1,1,1,1.428571,1
astar-jps-dial,with_roads,we_love_tetris,457,356,201.3,1,1,1.511111,1
astar-jps-dial,with_roads,we_love_tetris,88,636,118.7,1,1,1.888889,0
astar-jps-dial,with_roads,we_love_tetris,183,508,69.8,1,1,1.222222,0
astar-dial-cheb,no_roads,window_shopping,161,29,157.6,0,,,
astar-dial-cheb,no_roads,window_shopping,404,361,16.3,1,1,1.000000,1
astar-dial-cheb,no_roads,window_shopping,331,194,117.9,1,1,1.000000,1
astar-dial-cheb,no_roads,window_shopping,150,132,144.6,0,,,
astar-dial-cheb,no_roads,window_shopping,656,36,13.1,0,,,
astar-dial-cheb,no_roads,window_shopping,34,139,300.2,0,,,
astar-dial-cheb,no_roads,window_shopping,317,343,132.3,0,,,
astar-dial-cheb,no_roads,window_shopping,815,31,153.6,1,1,1.000000,1
astar-dial-cheb,no_roads,window_shopping,281,645,137.4,0,,,
astar-dial-cheb,no_roads,window_shopping,319,734,133.5,0,,,
astar-dial-cheb,no_roads,window_shopping,407,8,125.0,0,,,
astar-dial-cheb,no_roads,window_shopping,220,656,235.6,0,,,
astar-dial-cheb,no_roads,window_shopping,502,407,419.4,0,,,
astar-dial-cheb,no_roads,window_shopping,214,312,137.6,1,1,1.000000,1
astar-dial-cheb,no_roads,window_shopping,497,150,190.2,1,1,1.000000,1
astar-dial-cheb,no_roads,window_shopping,138,569,196.9,0,,,
astar-dial-cheb,no_roads,window_shopping,143,532,169.7,0,,,
astar-dial-cheb,no_roads,window_shopping,506,387,290.3,0,,,
astar-dial-cheb,no_roads,window_shopping,51,762,146.9,1,1,1.000000,1
astar-dial-cheb,no_roads,window_shopping,176,566,173.0,0,,,
astar-jps,no_roads,window_shopping,161,29,142.1,0,,,
astar-jps,no_roads,window_shopping,404,361,19.3,1,1,1.000000,1
astar-jps,no_roads,window_shopping,331,194,81.0,1,1,1.000000,1
astar-jps,no_roads,window_shopping,150,132,105.6,0,,,
astar-jps,no_roads,window_shopping,656,36,9.2,0,,,
astar-jps,no_roads,window_shopping,34,139,147.0,0,,,
astar-jps,no_roads,window_shopping,317,343,105.1,0,,,
astar-jps,no_roads,window_shopping,815,31,72.2,1,1,1.000000,1
astar-jps,no_roads,window_shopping,281,645,128.8,0,,,
astar-jps,no_roads,window_shopping,319,734,102.0,0,,,
astar-jps,no_roads,window_shopping,407,8,104.5,0,,,
astar-jps,no_roads,window_shopping,220,656,127.4,0,,,
astar-jps,no_roads,window_shopping,502,407,182.4,0,,,
astar-jps,no_roads,window_shopping,214,312,61.7,1,1,1.000000,1
astar-jps,no_roads,window_shopping,497,150,83.4,1,1,1.000000,1
astar-jps,no_roads,window_shopping,138,569,109.4,0,,,
astar-jps,no_roads,window_shopping,143,532,113.2,0,,,
astar-jps,no_roads,window_shopping,506,387,175.1,0,,,
astar-jps,no_roads,window_shopping,51,762,51.0,1,1,1.000000,1
astar-jps,no_roads,window_shopping,176,566,128.4,0,,,
astar-jps-dial,no_roads,window_shopping,161,29,128.4,0,,,
astar-jps-dial,no_roads,window_shopping,404,361,20.5,1,1,1.000000,1
astar-jps-dial,no_roads,window_shopping,331,194,88.1,1,1,1.000000,1
astar-jps-dial,no_roads,window_shopping,150,132,109.7,0,,,
astar-jps-dial,no_roads,window_shopping,656,36,19.4,0,,,
astar-jps-dial,no_roads,window_shopping,34,139,175.7,0,,,
astar-jps-dial,no_roads,window_shopping,317,343,109.5,0,,,
astar-jps-dial,no_roads,window_shopping,815,31,84.0,1,1,1.000000,1
astar-jps-dial,no_roads,window_shopping,281,645,114.7,0,,,
astar-jps-dial,no_roads,window_shopping,319,734,107.6,0,,,
astar-jps-dial,no_roads,window_shopping,407,8,154.9,0,,,
astar-jps-dial,no_roads,window_shopping,220,656,173.5,0,,,
astar-jps-dial,no_roads,window_shopping,502,407,224.3,0,,,
astar-jps-dial,no_roads,window_shopping,214,312,74.2,1,1,1.000000,1
astar-jps-dial,no_roads,window_shopping,497,150,97.7,1,1,1.000000,1
astar-jps-dial,no_roads,window_shopping,138,569,121.4,0,,,
astar-jps-dial,no_roads,window_shopping,143,532,108.2,0,,,
astar-jps-dial,no_roads,window_shopping,506,387,191.0,0,,,
astar-jps-dial,no_roads,window_shopping,51,762,54.3,1,1,1.000000,1
astar-jps-dial,no_roads,window_shopping,176,566,131.9,0,,,
astar-dial-cheb,with_roads,window_shopping,161,29,155.7,0,,,
astar-dial-cheb,with_roads,window_shopping,404,361,17.4,1,1,1.000000,1
astar-dial-cheb,with_roads,window_shopping,331,194,116.5,1,1,1.000000,1
astar-dial-cheb,with_roads,window_shopping,150,132,150.4,0,,,
astar-dial-cheb,with_roads,window_shopping,656,36,13.0,0,,,
astar-dial-cheb,with_roads,window_shopping,34,139,280.5,0,,,
astar-dial-cheb,with_roads,window_shopping,317,343,142.1,0,,,
astar-dial-cheb,with_roads,window_shopping,815,31,151.9,1,1,1.000000,1
astar-dial-cheb,with_roads,window_shopping,281,645,141.9,0,,,
astar-dial-cheb,with_roads,window_shopping,319,734,133.7,0,,,
astar-dial-cheb,with_roads,window_shopping,407,8,123.6,0,,,
astar-dial-cheb,with_roads,window_shopping,220,656,139.2,0,,,
astar-dial-cheb,with_roads,window_shopping,502,407,294.7,0,,,
astar-dial-cheb,with_roads,window_shopping,214,312,115.2,1,1,1.000000,1
astar-dial-cheb,with_roads,window_shopping,497,150,123.1,1,1,1.000000,1
astar-dial-cheb,with_roads,window_shopping,138,569,144.2,0,,,
astar-dial-cheb,with_roads,window_shopping,143,532,139.6,0,,,
astar-dial-cheb,with_roads,window_shopping,506,387,456.2,0,,,
astar-dial-cheb,with_roads,window_shopping,51,762,230.7,1,1,1.000000,1
astar-dial-cheb,with_roads,window_shopping,176,566,167.2,0,,,
astar-jps,with_roads,window_shopping,161,29,162.0,0,,,
astar-jps,with_roads,window_shopping,404,361,25.4,1,1,1.000000,1
astar-jps,with_roads,window_shopping,331,194,112.3,1,1,1.000000,1
astar-jps,with_roads,window_shopping,150,132,147.9,0,,,
astar-jps,with_roads,window_shopping,656,36,12.9,0,,,
astar-jps,with_roads,window_shopping,34,139,204.8,0,,,
astar-jps,with_roads,window_shopping,317,343,115.0,0,,,
astar-jps,with_roads,window_shopping,815,31,75.6,1,1,1.000000,1
astar-jps,with_roads,window_shopping,281,645,112.5,0,,,
astar-jps,with_roads,window_shopping,319,734,96.9,0,,,
astar-jps,with_roads,window_shopping,407,8,103.9,0,,,
astar-jps,with_roads,window_shopping,220,656,162.9,0,,,
astar-jps,with_roads,window_shopping,502,407,187.2,0,,,
astar-jps,with_roads,window_shopping,214,312,61.3,1,1,1.000000,1
astar-jps,with_roads,window_shopping,497,150,82.9,1,1,1.000000,1
astar-jps,with_roads,window_shopping,138,569,109.2,0,,,
astar-jps,with_roads,window_shopping,143,532,93.9,0,,,
astar-jps,with_roads,window_shopping,506,387,169.4,0,,,
astar-jps,with_roads,window_shopping,51,762,53.2,1,1,1.000000,1
astar-jps,with_roads,window_shopping,176,566,134.0,0,,,
astar-jps-dial,with_roads,window_shopping,161,29,129.4,0,,,
astar-jps-dial,with_roads,window_shopping,404,361,23.0,1,1,1.000000,1
astar-jps-dial,with_roads,window_shopping,331,194,98.9,1,1,1.000000,1
astar-jps-dial,with_roads,window_shopping,150,132,115.6,0,,,
astar-jps-dial,with_roads,window_shopping,656,36,20.6,0,,,
astar-jps-dial,with_roads,window_shopping,34,139,159.7,0,,,
astar-jps-dial,with_roads,window_shopping,317,343,112.7,0,,,
astar-jps-dial,with_roads,window_shopping,815,31,77.6,1,1,1.000000,1
astar-jps-dial,with_roads,window_shopping,281,645,133.1,0,,,
astar-jps-dial,with_roads,window_shopping,319,734,103.1,0,,,
astar-jps-dial,with_roads,window_shopping,407,8,114.2,0,,,
astar-jps-dial,with_roads,window_shopping,220,656,128.4,0,,,
astar-jps-dial,with_roads,window_shopping,502,407,191.5,0,,,
astar-jps-dial,with_roads,window_shopping,214,312,74.1,1,1,1.000000,1
astar-jps-dial,with_roads,window_shopping,497,150,88.0,1,1,1.000000,1
astar-jps-dial,with_roads,window_shopping,138,569,119.9,0,,,
astar-jps-dial,with_roads,window_shopping,143,532,131.9,0,,,
astar-jps-dial,with_roads,window_shopping,506,387,260.0,0,,,
astar-jps-dial,with_roads,window_shopping,51,762,76.2,1,1,1.000000,1
astar-jps-dial,with_roads,window_shopping,176,566,186.2,0,,,
