algo,scenario,map,start,time_us,exact,worst_ratio
dijkstra-dial-skip,no_roads,arena,126,273.345000,1,1.000000
dijkstra-dial-skip,no_roads,arena,25,194.167000,1,1.000000
dijkstra-dial-skip,no_roads,arena,308,179.348000,1,1.000000
dijkstra-dial-skip,no_roads,arena,275,194.397000,1,1.000000
dijkstra-dial-skip,no_roads,arena,252,186.541000,1,1.000000
dijkstra-dial-skip,no_roads,arena,156,182.658000,1,1.000000
dijkstra-dial-skip,no_roads,arena,115,188.196000,1,1.000000
dijkstra-dial-skip,no_roads,arena,613,217.028000,1,1.000000
dijkstra-dial-skip,no_roads,arena,99,191.877000,1,1.000000
dijkstra-dial-skip,no_roads,arena,473,196.126000,1,1.000000
dijkstra-dial-skip,no_roads,arena,32,185.436000,1,1.000000
dijkstra-dial-skip,no_roads,arena,30,189.264000,1,1.000000
dijkstra-dial-skip,no_roads,arena,105,195.069000,1,1.000000
dijkstra-dial-skip,no_roads,arena,247,266.777000,1,1.000000
dijkstra-dial-skip,no_roads,arena,262,236.939000,1,1.000000
dijkstra-dial-skip,no_roads,arena,572,188.391000,1,1.000000
dijkstra-dial-skip,no_roads,arena,27,202.024000,1,1.000000
dijkstra-dial-skip,no_roads,arena,222,185.866000,1,1.000000
dijkstra-dial-skip,no_roads,arena,613,201.329000,1,1.000000
dijkstra-dial-skip,no_roads,arena,470,185.915000,1,1.000000
dijkstra-dial-skip,no_roads,arena,249,199.955000,1,1.000000
dijkstra-dial-skip,no_roads,arena,502,190.644000,1,1.000000
dijkstra-dial-skip,no_roads,arena,311,219.460000,1,1.000000
dijkstra-dial-skip,no_roads,arena,6,185.605000,1,1.000000
dijkstra-dial-skip,no_roads,arena,178,192.555000,1,1.000000
dijkstra-dial-skip,no_roads,arena,473,207.066000,1,1.000000
dijkstra-dial-skip,no_roads,arena,381,192.056000,1,1.000000
dijkstra-dial-skip,no_roads,arena,311,196.788000,1,1.000000
dijkstra-dial-skip,no_roads,arena,174,236.182000,1,1.000000
dijkstra-dial-skip,no_roads,arena,242,209.285000,1,1.000000
dijkstra-dial-skip,no_roads,arena,375,204.905000,1,1.000000
dijkstra-dial-skip,no_roads,arena,115,200.636000,1,1.000000
dijkstra-dial-skip,no_roads,arena,104,186.840000,1,1.000000
dijkstra-dial-skip,no_roads,arena,427,190.966000,1,1.000000
dijkstra-dial-skip,no_roads,arena,110,183.602000,1,1.000000
dijkstra-dial-skip,no_roads,arena,404,183.720000,1,1.000000
dijkstra-dial-skip,no_roads,arena,388,182.285000,1,1.000000
dijkstra-dial-skip,no_roads,arena,297,198.954000,1,1.000000
dijkstra-dial-skip,no_roads,arena,44,195.823000,1,1.000000
dijkstra-dial-skip,no_roads,arena,514,180.806000,1,1.000000
dijkstra-dial-skip,no_roads,arena,604,189.503000,1,1.000000
dijkstra-dial-skip,no_roads,arena,139,200.888000,1,1.000000
dijkstra-dial-skip,no_roads,arena,425,191.575000,1,1.000000
dijkstra-dial-skip,no_roads,arena,88,199.403000,1,1.000000
dijkstra-dial-skip,no_roads,arena,620,200.712000,1,1.000000
dijkstra-dial-skip,no_roads,arena,328,182.128000,1,1.000000
dijkstra-dial-skip,no_roads,arena,407,187.628000,1,1.000000
dijkstra-dial-skip,no_roads,arena,214,183.599000,1,1.000000
dijkstra-dial-skip,no_roads,arena,78,186.769000,1,1.000000
dijkstra-dial-skip,no_roads,arena,46,191.793000,1,1.000000
dijkstra-dial-skip,no_roads,arena,257,245.834000,1,1.000000
dijkstra-dial-skip,no_roads,arena,324,173.001000,1,1.000000
dijkstra-dial-skip,no_roads,arena,89,183.780000,1,1.000000
dijkstra-dial-skip,no_roads,arena,262,156.445000,1,1.000000
dijkstra-dial-skip,no_roads,arena,114,168.379000,1,1.000000
dijkstra-dial-skip,no_roads,arena,427,156.500000,1,1.000000
dijkstra-dial-skip,no_roads,arena,311,280.854000,1,1.000000
dijkstra-dial-skip,no_roads,arena,508,241.843000,1,1.000000
dijkstra-dial-skip,no_roads,arena,410,170.949000,1,1.000000
dijkstra-dial-skip,no_roads,arena,181,201.715000,1,1.000000
dijkstra-dial-skip,no_roads,arena,416,174.651000,1,1.000000
dijkstra-dial-skip,no_roads,arena,399,205.233000,1,1.000000
dijkstra-dial-skip,no_roads,arena,233,195.581000,1,1.000000
dijkstra-dial-skip,no_roads,arena,300,187.279000,1,1.000000
dijkstra-dial-skip,no_roads,arena,80,192.894000,1,1.000000
dijkstra-dial-skip,no_roads,arena,191,195.984000,1,1.000000
dijkstra-dial-skip,no_roads,arena,601,198.638000,1,1.000000
dijkstra-dial-skip,no_roads,arena,275,211.812000,1,1.000000
dijkstra-dial-skip,no_roads,arena,182,181.063000,1,1.000000
dijkstra-dial-skip,no_roads,arena,518,196.066000,1,1.000000
dijkstra-dial-skip,no_roads,arena,426,300.849000,1,1.000000
dijkstra-dial-skip,no_roads,arena,303,280.040000,1,1.000000
dijkstra-dial-skip,no_roads,arena,248,201.536000,1,1.000000
dijkstra-dial-skip,no_roads,arena,363,192.100000,1,1.000000
dijkstra-dial-skip,no_roads,arena,57,198.055000,1,1.000000
dijkstra-dial-skip,no_roads,arena,258,181.354000,1,1.000000
dijkstra-dial-skip,no_roads,arena,32,188.388000,1,1.000000
dijkstra-dial-skip,no_roads,arena,354,185.210000,1,1.000000
dijkstra-dial-skip,no_roads,arena,450,191.632000,1,1.000000
dijkstra-dial-skip,no_roads,arena,301,198.832000,1,1.000000
dijkstra-dial-skip,no_roads,arena,74,189.869000,1,1.000000
dijkstra-dial-skip,no_roads,arena,235,205.972000,1,1.000000
dijkstra-dial-skip,no_roads,arena,352,186.328000,1,1.000000
dijkstra-dial-skip,no_roads,arena,236,179.229000,1,1.000000
dijkstra-dial-skip,no_roads,arena,566,298.810000,1,1.000000
dijkstra-dial-skip,no_roads,arena,445,212.610000,1,1.000000
dijkstra-dial-skip,no_roads,arena,513,207.147000,1,1.000000
dijkstra-dial-skip,no_roads,arena,160,184.673000,1,1.000000
dijkstra-dial-skip,no_roads,arena,298,185.428000,1,1.000000
dijkstra-dial-skip,no_roads,arena,156,186.722000,1,1.000000
dijkstra-dial-skip,no_roads,arena,277,206.585000,1,1.000000
dijkstra-dial-skip,no_roads,arena,606,190.074000,1,1.000000
dijkstra-dial-skip,no_roads,arena,296,193.718000,1,1.000000
dijkstra-dial-skip,no_roads,arena,480,184.220000,1,1.000000
dijkstra-dial-skip,no_roads,arena,448,194.221000,1,1.000000
dijkstra-dial-skip,no_roads,arena,407,189.470000,1,1.000000
dijkstra-dial-skip,no_roads,arena,248,190.175000,1,1.000000
dijkstra-dial-skip,no_roads,arena,155,204.120000,1,1.000000
dijkstra-dial-skip,no_roads,arena,576,228.749000,1,1.000000
dijkstra-dial-skip,no_roads,arena,553,197.350000,1,1.000000
dijkstra-dial-skip,with_roads,arena,126,189.611000,1,1.000000
dijkstra-dial-skip,with_roads,arena,25,184.048000,1,1.000000
dijkstra-dial-skip,with_roads,arena,308,179.936000,1,1.000000
dijkstra-dial-skip,with_roads,arena,275,249.241000,1,1.000000
dijkstra-dial-skip,with_roads,arena,252,191.258000,1,1.000000
dijkstra-dial-skip,with_roads,arena,156,201.627000,1,1.000000
dijkstra-dial-skip,with_roads,arena,115,192.299000,1,1.000000
dijkstra-dial-skip,with_roads,arena,613,188.776000,1,1.000000
dijkstra-dial-skip,with_roads,arena,99,199.522000,1,1.000000
dijkstra-dial-skip,with_roads,arena,473,191.691000,1,1.000000
dijkstra-dial-skip,with_roads,arena,32,198.863000,1,1.000000
dijkstra-dial-skip,with_roads,arena,30,196.151000,1,1.000000
dijkstra-dial-skip,with_roads,arena,105,199.058000,1,1.000000
dijkstra-dial-skip,with_roads,arena,247,198.198000,1,1.000000
dijkstra-dial-skip,with_roads,arena,262,190.727000,1,1.000000
dijkstra-dial-skip,with_roads,arena,572,190.668000,1,1.000000
dijkstra-dial-skip,with_roads,arena,27,310.667000,1,1.000000
dijkstra-dial-skip,with_roads,arena,222,168.890000,1,1.000000
dijkstra-dial-skip,with_roads,arena,613,164.556000,1,1.000000
dijkstra-dial-skip,with_roads,arena,470,161.683000,1,1.000000
dijkstra-dial-skip,with_roads,arena,249,164.662000,1,1.000000
dijkstra-dial-skip,with_roads,arena,502,159.936000,1,1.000000
dijkstra-dial-skip,with_roads,arena,311,165.844000,1,1.000000
dijkstra-dial-skip,with_roads,arena,6,163.876000,1,1.000000
dijkstra-dial-skip,with_roads,arena,178,159.867000,1,1.000000
dijkstra-dial-skip,with_roads,arena,473,164.538000,1,1.000000
dijkstra-dial-skip,with_roads,arena,381,204.862000,1,1.000000
dijkstra-dial-skip,with_roads,arena,311,193.046000,1,1.000000
dijkstra-dial-skip,with_roads,arena,174,223.084000,1,1.000000
dijkstra-dial-skip,with_roads,arena,242,184.900000,1,1.000000
dijkstra-dial-skip,with_roads,arena,375,183.616000,1,1.000000
dijkstra-dial-skip,with_roads,arena,115,171.970000,1,1.000000
dijkstra-dial-skip,with_roads,arena,104,163.460000,1,1.000000
dijkstra-dial-skip,with_roads,arena,427,167.765000,1,1.000000
dijkstra-dial-skip,with_roads,arena,110,172.069000,1,1.000000
dijkstra-dial-skip,with_roads,arena,404,168.011000,1,1.000000
dijkstra-dial-skip,with_roads,arena,388,166.010000,1,1.000000
dijkstra-dial-skip,with_roads,arena,297,164.932000,1,1.000000
dijkstra-dial-skip,with_roads,arena,44,170.053000,1,1.000000
dijkstra-dial-skip,with_roads,arena,514,162.948000,1,1.000000
dijkstra-dial-skip,with_roads,arena,604,161.551000,1,1.000000
dijkstra-dial-skip,with_roads,arena,139,168.275000,1,1.000000
dijkstra-dial-skip,with_roads,arena,425,171.080000,1,1.000000
dijkstra-dial-skip,with_roads,arena,88,178.644000,1,1.000000
dijkstra-dial-skip,with_roads,arena,620,186.873000,1,1.000000
dijkstra-dial-skip,with_roads,arena,328,163.329000,1,1.000000
dijkstra-dial-skip,with_roads,arena,407,181.807000,1,1.000000
dijkstra-dial-skip,with_roads,arena,214,165.286000,1,1.000000
dijkstra-dial-skip,with_roads,arena,78,169.749000,1,1.000000
dijkstra-dial-skip,with_roads,arena,46,168.814000,1,1.000000
dijkstra-dial-skip,with_roads,arena,257,166.931000,1,1.000000
dijkstra-dial-skip,with_roads,arena,324,202.418000,1,1.000000
dijkstra-dial-skip,with_roads,arena,89,169.281000,1,1.000000
dijkstra-dial-skip,with_roads,arena,262,183.287000,1,1.000000
dijkstra-dial-skip,with_roads,arena,114,176.016000,1,1.000000
dijkstra-dial-skip,with_roads,arena,427,193.721000,1,1.000000
dijkstra-dial-skip,with_roads,arena,311,163.896000,1,1.000000
dijkstra-dial-skip,with_roads,arena,508,158.149000,1,1.000000
dijkstra-dial-skip,with_roads,arena,410,157.079000,1,1.000000
dijkstra-dial-skip,with_roads,arena,181,162.956000,1,1.000000
dijkstra-dial-skip,with_roads,arena,416,160.092000,1,1.000000
dijkstra-dial-skip,with_roads,arena,399,167.739000,1,1.000000
dijkstra-dial-skip,with_roads,arena,233,170.796000,1,1.000000
dijkstra-dial-skip,with_roads,arena,300,178.238000,1,1.000000
dijkstra-dial-skip,with_roads,arena,80,164.471000,1,1.000000
dijkstra-dial-skip,with_roads,arena,191,171.590000,1,1.000000
dijkstra-dial-skip,with_roads,arena,601,162.647000,1,1.000000
dijkstra-dial-skip,with_roads,arena,275,180.333000,1,1.000000
dijkstra-dial-skip,with_roads,arena,182,182.736000,1,1.000000
dijkstra-dial-skip,with_roads,arena,518,164.135000,1,1.000000
dijkstra-dial-skip,with_roads,arena,426,205.934000,1,1.000000
dijkstra-dial-skip,with_roads,arena,303,169.373000,1,1.000000
dijkstra-dial-skip,with_roads,arena,248,163.370000,1,1.000000
dijkstra-dial-skip,with_roads,arena,363,181.512000,1,1.000000
dijkstra-dial-skip,with_roads,arena,57,166.986000,1,1.000000
dijkstra-dial-skip,with_roads,arena,258,148.634000,1,1.000000
dijkstra-dial-skip,with_roads,arena,32,152.947000,1,1.000000
dijkstra-dial-skip,with_roads,arena,354,155.338000,1,1.000000
dijkstra-dial-skip,with_roads,arena,450,151.098000,1,1.000000
dijkstra-dial-skip,with_roads,arena,301,162.358000,1,1.000000
dijkstra-dial-skip,with_roads,arena,74,173.429000,1,1.000000
dijkstra-dial-skip,with_roads,arena,235,172.458000,1,1.000000
dijkstra-dial-skip,with_roads,arena,352,166.790000,1,1.000000
dijkstra-dial-skip,with_roads,arena,236,163.892000,1,1.000000
dijkstra-dial-skip,with_roads,arena,566,180.419000,1,1.000000
dijkstra-dial-skip,with_roads,arena,445,173.668000,1,1.000000
dijkstra-dial-skip,with_roads,arena,513,175.267000,1,1.000000
dijkstra-dial-skip,with_roads,arena,160,173.017000,1,1.000000
dijkstra-dial-skip,with_roads,arena,298,176.348000,1,1.000000
dijkstra-dial-skip,with_roads,arena,156,171.373000,1,1.000000
dijkstra-dial-skip,with_roads,arena,277,177.712000,1,1.000000
dijkstra-dial-skip,with_roads,arena,606,170.072000,1,1.000000
dijkstra-dial-skip,with_roads,arena,296,174.846000,1,1.000000
dijkstra-dial-skip,with_roads,arena,480,175.929000,1,1.000000
dijkstra-dial-skip,with_roads,arena,448,178.021000,1,1.000000
dijkstra-dial-skip,with_roads,arena,407,180.586000,1,1.000000
dijkstra-dial-skip,with_roads,arena,248,180.232000,1,1.000000
dijkstra-dial-skip,with_roads,arena,155,180.734000,1,1.000000
dijkstra-dial-skip,with_roads,arena,576,176.852000,1,1.000000
dijkstra-dial-skip,with_roads,arena,553,187.061000,1,1.000000
dijkstra-dial-skip,no_roads,bar_chart,319,21.639000,1,1.000000
dijkstra-dial-skip,no_roads,bar_chart,72,15.091000,1,1.000000
dijkstra-dial-skip,no_roads,bar_chart,769,223.334000,1,1.000000
dijkstra-dial-skip,no_roads,bar_chart,673,199.910000,1,1.000000
dijkstra-dial-skip,no_roads,bar_chart,612,217.820000,1,1.000000
dijkstra-dial-skip,no_roads,bar_chart,392,206.861000,1,1.000000
dijkstra-dial-skip,no_roads,bar_chart,293,206.875000,1,1.000000
dijkstra-dial-skip,no_roads,bar_chart,249,14.261000,1,1.000000
dijkstra-dial-skip,no_roads,bar_chart,1165,6.715000,1,1.000000
dijkstra-dial-skip,no_roads,bar_chart,91,212.047000,1,1.000000
dijkstra-dial-skip,no_roads,bar_chart,86,23.097000,1,1.000000
dijkstra-dial-skip,no_roads,bar_chart,271,203.052000,1,1.000000
dijkstra-dial-skip,no_roads,bar_chart,596,205.529000,1,1.000000
dijkstra-dial-skip,no_roads,bar_chart,641,218.181000,1,1.000000
dijkstra-dial-skip,no_roads,bar_chart,76,211.364000,1,1.000000
dijkstra-dial-skip,no_roads,bar_chart,547,226.082000,1,1.000000
dijkstra-dial-skip,no_roads,bar_chart,1158,13.846000,1,1.000000
dijkstra-dial-skip,no_roads,bar_chart,600,218.732000,1,1.000000
dijkstra-dial-skip,no_roads,bar_chart,1242,26.257000,1,1.000000
dijkstra-dial-skip,no_roads,bar_chart,775,219.227000,1,1.000000
dijkstra-dial-skip,no_roads,bar_chart,18,25.515000,1,1.000000
dijkstra-dial-skip,no_roads,bar_chart,441,218.100000,1,1.000000
dijkstra-dial-skip,no_roads,bar_chart,1167,213.719000,1,1.000000
dijkstra-dial-skip,no_roads,bar_chart,948,16.035000,1,1.000000
dijkstra-dial-skip,no_roads,bar_chart,775,223.271000,1,1.000000
dijkstra-dial-skip,no_roads,bar_chart,431,223.937000,1,1.000000
dijkstra-dial-skip,no_roads,bar_chart,587,234.490000,1,1.000000
dijkstra-dial-skip,no_roads,bar_chart,939,20.560000,1,1.000000
dijkstra-dial-skip,no_roads,bar_chart,293,231.190000,1,1.000000
dijkstra-dial-skip,no_roads,bar_chart,267,241.258000,1,1.000000
dijkstra-dial-skip,no_roads,bar_chart,1046,24.525000,1,1.000000
dijkstra-dial-skip,no_roads,bar_chart,280,232.257000,1,1.000000
dijkstra-dial-skip,no_roads,bar_chart,995,24.865000,1,1.000000
dijkstra-dial-skip,no_roads,bar_chart,957,221.036000,1,1.000000
dijkstra-dial-skip,no_roads,bar_chart,741,217.452000,1,1.000000
dijkstra-dial-skip,no_roads,bar_chart,123,24.617000,1,1.000000
dijkstra-dial-skip,no_roads,bar_chart,1272,229.700000,1,1.000000
dijkstra-dial-skip,no_roads,bar_chart,356,216.500000,1,1.000000
dijkstra-dial-skip,no_roads,bar_chart,1042,209.342000,1,1.000000
dijkstra-dial-skip,no_roads,bar_chart,226,22.311000,1,1.000000
dijkstra-dial-skip,no_roads,bar_chart,823,204.174000,1,1.000000
dijkstra-dial-skip,no_roads,bar_chart,1001,206.254000,1,1.000000
dijkstra-dial-skip,no_roads,bar_chart,531,207.418000,1,1.000000
dijkstra-dial-skip,no_roads,bar_chart,199,3.921000,1,1.000000
dijkstra-dial-skip,no_roads,bar_chart,131,204.559000,1,1.000000
dijkstra-dial-skip,no_roads,bar_chart,628,207.300000,1,1.000000
dijkstra-dial-skip,no_roads,bar_chart,811,205.279000,1,1.000000
dijkstra-dial-skip,no_roads,bar_chart,228,21.631000,1,1.000000
dijkstra-dial-skip,no_roads,bar_chart,641,204.300000,1,1.000000
dijkstra-dial-skip,no_roads,bar_chart,290,206.511000,1,1.000000
dijkstra-dial-skip,no_roads,bar_chart,1046,17.444000,1,1.000000
dijkstra-dial-skip,no_roads,bar_chart,775,204.544000,1,1.000000
dijkstra-dial-skip,no_roads,bar_chart,1255,17.543000,1,1.000000
dijkstra-dial-skip,no_roads,bar_chart,1009,17.262000,1,1.000000
dijkstra-dial-skip,no_roads,bar_chart,449,18.344000,1,1.000000
dijkstra-dial-skip,no_roads,bar_chart,1023,204.394000,1,1.000000
dijkstra-dial-skip,no_roads,bar_chart,986,202.147000,1,1.000000
dijkstra-dial-skip,no_roads,bar_chart,575,207.145000,1,1.000000
dijkstra-dial-skip,no_roads,bar_chart,748,206.423000,1,1.000000
dijkstra-dial-skip,no_roads,bar_chart,205,18.007000,1,1.000000
dijkstra-dial-skip,no_roads,bar_chart,473,23.010000,1,1.000000
dijkstra-dial-skip,no_roads,bar_chart,673,207.937000,1,1.000000
dijkstra-dial-skip,no_roads,bar_chart,450,18.231000,1,1.000000
dijkstra-dial-skip,no_roads,bar_chart,1279,22.723000,1,1.000000
dijkstra-dial-skip,no_roads,bar_chart,1045,17.446000,1,1.000000
dijkstra-dial-skip,no_roads,bar_chart,758,200.362000,1,1.000000
dijkstra-dial-skip,no_roads,bar_chart,598,200.921000,1,1.000000
dijkstra-dial-skip,no_roads,bar_chart,905,18.304000,1,1.000000
dijkstra-dial-skip,no_roads,bar_chart,159,22.124000,1,1.000000
dijkstra-dial-skip,no_roads,bar_chart,631,203.241000,1,1.000000
dijkstra-dial-skip,no_roads,bar_chart,91,202.137000,1,1.000000
dijkstra-dial-skip,no_roads,bar_chart,876,205.911000,1,1.000000
dijkstra-dial-skip,no_roads,bar_chart,1102,21.051000,1,1.000000
dijkstra-dial-skip,no_roads,bar_chart,752,201.202000,1,1.000000
dijkstra-dial-skip,no_roads,bar_chart,190,21.853000,1,1.000000
dijkstra-dial-skip,no_roads,bar_chart,579,199.901000,1,1.000000
dijkstra-dial-skip,no_roads,bar_chart,874,216.010000,1,1.000000
dijkstra-dial-skip,no_roads,bar_chart,582,209.727000,1,1.000000
dijkstra-dial-skip,no_roads,bar_chart,1386,208.020000,1,1.000000
dijkstra-dial-skip,no_roads,bar_chart,1089,13.984000,1,1.000000
dijkstra-dial-skip,no_roads,bar_chart,1270,5.622000,1,1.000000
dijkstra-dial-skip,no_roads,bar_chart,400,23.012000,1,1.000000
dijkstra-dial-skip,no_roads,bar_chart,742,211.230000,1,1.000000
dijkstra-dial-skip,no_roads,bar_chart,392,206.486000,1,1.000000
dijkstra-dial-skip,no_roads,bar_chart,677,211.561000,1,1.000000
dijkstra-dial-skip,no_roads,bar_chart,737,203.665000,1,1.000000
dijkstra-dial-skip,no_roads,bar_chart,1184,17.844000,1,1.000000
dijkstra-dial-skip,no_roads,bar_chart,1097,205.146000,1,1.000000
dijkstra-dial-skip,no_roads,bar_chart,1002,209.762000,1,1.000000
dijkstra-dial-skip,no_roads,bar_chart,598,203.661000,1,1.000000
dijkstra-dial-skip,no_roads,bar_chart,389,20.596000,1,1.000000
dijkstra-dial-skip,no_roads,bar_chart,1369,15.191000,1,1.000000
dijkstra-dial-skip,no_roads,bar_chart,263,24.878000,1,1.000000
dijkstra-dial-skip,no_roads,bar_chart,135,21.451000,1,1.000000
dijkstra-dial-skip,no_roads,bar_chart,314,214.127000,1,1.000000
dijkstra-dial-skip,no_roads,bar_chart,426,215.646000,1,1.000000
dijkstra-dial-skip,no_roads,bar_chart,442,209.409000,1,1.000000
dijkstra-dial-skip,no_roads,bar_chart,1165,6.073000,1,1.000000
dijkstra-dial-skip,no_roads,bar_chart,182,207.771000,1,1.000000
dijkstra-dial-skip,no_roads,bar_chart,1059,200.182000,1,1.000000
dijkstra-dial-skip,with_roads,bar_chart,319,18.872000,1,1.000000
dijkstra-dial-skip,with_roads,bar_chart,72,15.192000,1,1.000000
dijkstra-dial-skip,with_roads,bar_chart,769,227.699000,1,1.000000
dijkstra-dial-skip,with_roads,bar_chart,673,222.145000,1,1.000000
dijkstra-dial-skip,with_roads,bar_chart,612,219.179000,1,1.000000
dijkstra-dial-skip,with_roads,bar_chart,392,224.808000,1,1.000000
dijkstra-dial-skip,with_roads,bar_chart,293,225.097000,1,1.000000
dijkstra-dial-skip,with_roads,bar_chart,249,15.590000,1,1.000000
dijkstra-dial-skip,with_roads,bar_chart,1165,7.428000,1,1.000000
dijkstra-dial-skip,with_roads,bar_chart,91,242.286000,1,1.000000
dijkstra-dial-skip,with_roads,bar_chart,86,27.903000,1,1.000000
dijkstra-dial-skip,with_roads,bar_chart,271,245.443000,1,1.000000
dijkstra-dial-skip,with_roads,bar_chart,596,266.373000,1,1.000000
dijkstra-dial-skip,with_roads,bar_chart,641,272.418000,1,1.000000
dijkstra-dial-skip,with_roads,bar_chart,76,273.748000,1,1.000000
dijkstra-dial-skip,with_roads,bar_chart,547,259.606000,1,1.000000
dijkstra-dial-skip,with_roads,bar_chart,1158,16.814000,1,1.000000
dijkstra-dial-skip,with_roads,bar_chart,600,275.325000,1,1.000000
dijkstra-dial-skip,with_roads,bar_chart,1242,30.340000,1,1.000000
dijkstra-dial-skip,with_roads,bar_chart,775,272.736000,1,1.000000
dijkstra-dial-skip,with_roads,bar_chart,18,29.118000,1,1.000000
dijkstra-dial-skip,with_roads,bar_chart,441,273.810000,1,1.000000
dijkstra-dial-skip,with_roads,bar_chart,1167,277.381000,1,1.000000
dijkstra-dial-skip,with_roads,bar_chart,948,18.613000,1,1.000000
dijkstra-dial-skip,with_roads,bar_chart,775,265.366000,1,1.000000
dijkstra-dial-skip,with_roads,bar_chart,431,251.186000,1,1.000000
dijkstra-dial-skip,with_roads,bar_chart,587,263.382000,1,1.000000
dijkstra-dial-skip,with_roads,bar_chart,939,22.305000,1,1.000000
dijkstra-dial-skip,with_roads,bar_chart,293,254.521000,1,1.000000
dijkstra-dial-skip,with_roads,bar_chart,267,240.393000,1,1.000000
dijkstra-dial-skip,with_roads,bar_chart,1046,20.818000,1,1.000000
dijkstra-dial-skip,with_roads,bar_chart,280,248.593000,1,1.000000
dijkstra-dial-skip,with_roads,bar_chart,995,26.131000,1,1.000000
dijkstra-dial-skip,with_roads,bar_chart,957,240.447000,1,1.000000
dijkstra-dial-skip,with_roads,bar_chart,741,238.863000,1,1.000000
dijkstra-dial-skip,with_roads,bar_chart,123,25.912000,1,1.000000
dijkstra-dial-skip,with_roads,bar_chart,1272,241.454000,1,1.000000
dijkstra-dial-skip,with_roads,bar_chart,356,231.569000,1,1.000000
dijkstra-dial-skip,with_roads,bar_chart,1042,230.863000,1,1.000000
dijkstra-dial-skip,with_roads,bar_chart,226,24.333000,1,1.000000
dijkstra-dial-skip,with_roads,bar_chart,823,227.942000,1,1.000000
dijkstra-dial-skip,with_roads,bar_chart,1001,218.029000,1,1.000000
dijkstra-dial-skip,with_roads,bar_chart,531,226.153000,1,1.000000
dijkstra-dial-skip,with_roads,bar_chart,199,4.359000,1,1.000000
dijkstra-dial-skip,with_roads,bar_chart,131,216.179000,1,1.000000
dijkstra-dial-skip,with_roads,bar_chart,628,210.724000,1,1.000000
dijkstra-dial-skip,with_roads,bar_chart,811,214.981000,1,1.000000
dijkstra-dial-skip,with_roads,bar_chart,228,22.753000,1,1.000000
dijkstra-dial-skip,with_roads,bar_chart,641,217.494000,1,1.000000
dijkstra-dial-skip,with_roads,bar_chart,290,209.149000,1,1.000000
dijkstra-dial-skip,with_roads,bar_chart,1046,18.069000,1,1.000000
dijkstra-dial-skip,with_roads,bar_chart,775,214.973000,1,1.000000
dijkstra-dial-skip,with_roads,bar_chart,1255,17.454000,1,1.000000
dijkstra-dial-skip,with_roads,bar_chart,1009,17.503000,1,1.000000
dijkstra-dial-skip,with_roads,bar_chart,449,19.129000,1,1.000000
dijkstra-dial-skip,with_roads,bar_chart,1023,218.662000,1,1.000000
dijkstra-dial-skip,with_roads,bar_chart,986,212.868000,1,1.000000
dijkstra-dial-skip,with_roads,bar_chart,575,214.103000,1,1.000000
dijkstra-dial-skip,with_roads,bar_chart,748,216.226000,1,1.000000
dijkstra-dial-skip,with_roads,bar_chart,205,18.581000,1,1.000000
dijkstra-dial-skip,with_roads,bar_chart,473,24.186000,1,1.000000
dijkstra-dial-skip,with_roads,bar_chart,673,217.287000,1,1.000000
dijkstra-dial-skip,with_roads,bar_chart,450,18.197000,1,1.000000
dijkstra-dial-skip,with_roads,bar_chart,1279,21.750000,1,1.000000
dijkstra-dial-skip,with_roads,bar_chart,1045,17.210000,1,1.000000
dijkstra-dial-skip,with_roads,bar_chart,758,212.821000,1,1.000000
dijkstra-dial-skip,with_roads,bar_chart,598,216.155000,1,1.000000
dijkstra-dial-skip,with_roads,bar_chart,905,18.203000,1,1.000000
dijkstra-dial-skip,with_roads,bar_chart,159,23.064000,1,1.000000
dijkstra-dial-skip,with_roads,bar_chart,631,218.201000,1,1.000000
dijkstra-dial-skip,with_roads,bar_chart,91,213.664000,1,1.000000
dijkstra-dial-skip,with_roads,bar_chart,876,217.181000,1,1.000000
dijkstra-dial-skip,with_roads,bar_chart,1102,22.665000,1,1.000000
dijkstra-dial-skip,with_roads,bar_chart,752,213.652000,1,1.000000
dijkstra-dial-skip,with_roads,bar_chart,190,22.528000,1,1.000000
dijkstra-dial-skip,with_roads,bar_chart,579,218.526000,1,1.000000
dijkstra-dial-skip,with_roads,bar_chart,874,220.509000,1,1.000000
dijkstra-dial-skip,with_roads,bar_chart,582,210.357000,1,1.000000
dijkstra-dial-skip,with_roads,bar_chart,1386,217.440000,1,1.000000
dijkstra-dial-skip,with_roads,bar_chart,1089,13.415000,1,1.000000
dijkstra-dial-skip,with_roads,bar_chart,1270,5.338000,1,1.000000
dijkstra-dial-skip,with_roads,bar_chart,400,23.154000,1,1.000000
dijkstra-dial-skip,with_roads,bar_chart,742,221.318000,1,1.000000
dijkstra-dial-skip,with_roads,bar_chart,392,214.975000,1,1.000000
dijkstra-dial-skip,with_roads,bar_chart,677,216.218000,1,1.000000
dijkstra-dial-skip,with_roads,bar_chart,737,217.223000,1,1.000000
dijkstra-dial-skip,with_roads,bar_chart,1184,18.077000,1,1.000000
dijkstra-dial-skip,with_roads,bar_chart,1097,216.729000,1,1.000000
dijkstra-dial-skip,with_roads,bar_chart,1002,206.839000,1,1.000000
dijkstra-dial-skip,with_roads,bar_chart,598,218.367000,1,1.000000
dijkstra-dial-skip,with_roads,bar_chart,389,15.088000,1,1.000000
dijkstra-dial-skip,with_roads,bar_chart,1369,15.238000,1,1.000000
dijkstra-dial-skip,with_roads,bar_chart,263,22.943000,1,1.000000
dijkstra-dial-skip,with_roads,bar_chart,135,18.824000,1,1.000000
dijkstra-dial-skip,with_roads,bar_chart,314,220.956000,1,1.000000
dijkstra-dial-skip,with_roads,bar_chart,426,214.588000,1,1.000000
dijkstra-dial-skip,with_roads,bar_chart,442,213.221000,1,1.000000
dijkstra-dial-skip,with_roads,bar_chart,1165,6.231000,1,1.000000
dijkstra-dial-skip,with_roads,bar_chart,182,219.033000,1,1.000000
dijkstra-dial-skip,with_roads,bar_chart,1059,213.992000,1,1.000000
dijkstra-dial-skip,no_roads,battlebot,443,147.247000,1,1.000000
dijkstra-dial-skip,no_roads,battlebot,79,145.099000,1,1.000000
dijkstra-dial-skip,no_roads,battlebot,12,144.749000,1,1.000000
dijkstra-dial-skip,no_roads,battlebot,514,140.370000,1,1.000000
dijkstra-dial-skip,no_roads,battlebot,180,143.987000,1,1.000000
dijkstra-dial-skip,no_roads,battlebot,160,139.534000,1,1.000000
dijkstra-dial-skip,no_roads,battlebot,147,145.655000,1,1.000000
dijkstra-dial-skip,no_roads,battlebot,96,138.324000,1,1.000000
dijkstra-dial-skip,no_roads,battlebot,511,135.034000,1,1.000000
dijkstra-dial-skip,no_roads,battlebot,74,137.527000,1,1.000000
dijkstra-dial-skip,no_roads,battlebot,471,137.023000,1,1.000000
dijkstra-dial-skip,no_roads,battlebot,514,139.871000,1,1.000000
dijkstra-dial-skip,no_roads,battlebot,375,139.901000,1,1.000000
dijkstra-dial-skip,no_roads,battlebot,66,140.861000,1,1.000000
dijkstra-dial-skip,no_roads,battlebot,409,132.903000,1,1.000000
dijkstra-dial-skip,no_roads,battlebot,280,137.818000,1,1.000000
dijkstra-dial-skip,no_roads,battlebot,16,152.113000,1,1.000000
dijkstra-dial-skip,no_roads,battlebot,15,149.710000,1,1.000000
dijkstra-dial-skip,no_roads,battlebot,69,150.920000,1,1.000000
dijkstra-dial-skip,no_roads,battlebot,143,150.761000,1,1.000000
dijkstra-dial-skip,no_roads,battlebot,154,152.200000,1,1.000000
dijkstra-dial-skip,no_roads,battlebot,338,149.970000,1,1.000000
dijkstra-dial-skip,no_roads,battlebot,416,159.595000,1,1.000000
dijkstra-dial-skip,no_roads,battlebot,13,157.119000,1,1.000000
dijkstra-dial-skip,no_roads,battlebot,388,150.558000,1,1.000000
dijkstra-dial-skip,no_roads,battlebot,130,153.172000,1,1.000000
dijkstra-dial-skip,no_roads,battlebot,496,156.058000,1,1.000000
dijkstra-dial-skip,no_roads,battlebot,451,153.745000,1,1.000000
dijkstra-dial-skip,no_roads,battlebot,489,152.504000,1,1.000000
dijkstra-dial-skip,no_roads,battlebot,375,156.036000,1,1.000000
dijkstra-dial-skip,no_roads,battlebot,277,154.129000,1,1.000000
dijkstra-dial-skip,no_roads,battlebot,144,149.912000,1,1.000000
dijkstra-dial-skip,no_roads,battlebot,297,149.113000,1,1.000000
dijkstra-dial-skip,no_roads,battlebot,408,140.621000,1,1.000000
dijkstra-dial-skip,no_roads,battlebot,183,144.621000,1,1.000000
dijkstra-dial-skip,no_roads,battlebot,559,142.175000,1,1.000000
dijkstra-dial-skip,no_roads,battlebot,597,150.999000,1,1.000000
dijkstra-dial-skip,no_roads,battlebot,3,152.079000,1,1.000000
dijkstra-dial-skip,no_roads,battlebot,526,145.802000,1,1.000000
dijkstra-dial-skip,no_roads,battlebot,557,145.106000,1,1.000000
dijkstra-dial-skip,no_roads,battlebot,108,143.653000,1,1.000000
dijkstra-dial-skip,no_roads,battlebot,487,146.059000,1,1.000000
dijkstra-dial-skip,no_roads,battlebot,280,145.505000,1,1.000000
dijkstra-dial-skip,no_roads,battlebot,224,141.293000,1,1.000000
dijkstra-dial-skip,no_roads,battlebot,183,139.857000,1,1.000000
dijkstra-dial-skip,no_roads,battlebot,105,141.648000,1,1.000000
dijkstra-dial-skip,no_roads,battlebot,142,142.497000,1,1.000000
dijkstra-dial-skip,no_roads,battlebot,528,134.935000,1,1.000000
dijkstra-dial-skip,no_roads,battlebot,221,132.569000,1,1.000000
dijkstra-dial-skip,no_roads,battlebot,74,137.722000,1,1.000000
dijkstra-dial-skip,no_roads,battlebot,69,136.903000,1,1.000000
dijkstra-dial-skip,no_roads,battlebot,251,134.723000,1,1.000000
dijkstra-dial-skip,no_roads,battlebot,71,138.323000,1,1.000000
dijkstra-dial-skip,no_roads,battlebot,235,138.885000,1,1.000000
dijkstra-dial-skip,no_roads,battlebot,585,142.804000,1,1.000000
dijkstra-dial-skip,no_roads,battlebot,226,136.354000,1,1.000000
dijkstra-dial-skip,no_roads,battlebot,417,142.597000,1,1.000000
dijkstra-dial-skip,no_roads,battlebot,173,137.320000,1,1.000000
dijkstra-dial-skip,no_roads,battlebot,558,134.377000,1,1.000000
dijkstra-dial-skip,no_roads,battlebot,41,136.425000,1,1.000000
dijkstra-dial-skip,no_roads,battlebot,505,133.233000,1,1.000000
dijkstra-dial-skip,no_roads,battlebot,304,136.446000,1,1.000000
dijkstra-dial-skip,no_roads,battlebot,367,135.021000,1,1.000000
dijkstra-dial-skip,no_roads,battlebot,87,140.983000,1,1.000000
dijkstra-dial-skip,no_roads,battlebot,249,137.776000,1,1.000000
dijkstra-dial-skip,no_roads,battlebot,60,138.727000,1,1.000000
dijkstra-dial-skip,no_roads,battlebot,380,140.355000,1,1.000000
dijkstra-dial-skip,no_roads,battlebot,193,137.497000,1,1.000000
dijkstra-dial-skip,no_roads,battlebot,570,133.571000,1,1.000000
dijkstra-dial-skip,no_roads,battlebot,434,135.419000,1,1.000000
dijkstra-dial-skip,no_roads,battlebot,428,129.255000,1,1.000000
dijkstra-dial-skip,no_roads,battlebot,606,139.243000,1,1.000000
dijkstra-dial-skip,no_roads,battlebot,593,134.319000,1,1.000000
dijkstra-dial-skip,no_roads,battlebot,237,135.256000,1,1.000000
dijkstra-dial-skip,no_roads,battlebot,401,139.202000,1,1.000000
dijkstra-dial-skip,no_roads,battlebot,126,134.295000,1,1.000000
dijkstra-dial-skip,no_roads,battlebot,490,146.143000,1,1.000000
dijkstra-dial-skip,no_roads,battlebot,55,136.156000,1,1.000000
dijkstra-dial-skip,no_roads,battlebot,42,137.169000,1,1.000000
dijkstra-dial-skip,no_roads,battlebot,461,133.730000,1,1.000000
dijkstra-dial-skip,no_roads,battlebot,150,136.108000,1,1.000000
dijkstra-dial-skip,no_roads,battlebot,537,135.845000,1,1.000000
dijkstra-dial-skip,no_roads,battlebot,191,136.607000,1,1.000000
dijkstra-dial-skip,no_roads,battlebot,60,137.891000,1,1.000000
dijkstra-dial-skip,no_roads,battlebot,589,135.849000,1,1.000000
dijkstra-dial-skip,no_roads,battlebot,154,135.298000,1,1.000000
dijkstra-dial-skip,no_roads,battlebot,595,137.127000,1,1.000000
dijkstra-dial-skip,no_roads,battlebot,73,142.811000,1,1.000000
dijkstra-dial-skip,no_roads,battlebot,251,144.184000,1,1.000000
dijkstra-dial-skip,no_roads,battlebot,183,137.745000,1,1.000000
dijkstra-dial-skip,no_roads,battlebot,301,133.624000,1,1.000000
dijkstra-dial-skip,no_roads,battlebot,440,137.148000,1,1.000000
dijkstra-dial-skip,no_roads,battlebot,573,134.206000,1,1.000000
dijkstra-dial-skip,no_roads,battlebot,238,136.454000,1,1.000000
dijkstra-dial-skip,no_roads,battlebot,110,138.216000,1,1.000000
dijkstra-dial-skip,no_roads,battlebot,245,137.764000,1,1.000000
dijkstra-dial-skip,no_roads,battlebot,233,138.180000,1,1.000000
dijkstra-dial-skip,no_roads,battlebot,138,133.632000,1,1.000000
dijkstra-dial-skip,no_roads,battlebot,468,136.705000,1,1.000000
dijkstra-dial-skip,no_roads,battlebot,175,134.211000,1,1.000000
dijkstra-dial-skip,with_roads,battlebot,443,142.231000,1,1.000000
dijkstra-dial-skip,with_roads,battlebot,79,138.250000,1,1.000000
dijkstra-dial-skip,with_roads,battlebot,12,141.362000,1,1.000000
dijkstra-dial-skip,with_roads,battlebot,514,133.855000,1,1.000000
dijkstra-dial-skip,with_roads,battlebot,180,131.767000,1,1.000000
dijkstra-dial-skip,with_roads,battlebot,160,131.229000,1,1.000000
dijkstra-dial-skip,with_roads,battlebot,147,131.151000,1,1.000000
dijkstra-dial-skip,with_roads,battlebot,96,135.609000,1,1.000000
dijkstra-dial-skip,with_roads,battlebot,511,131.531000,1,1.000000
dijkstra-dial-skip,with_roads,battlebot,74,140.677000,1,1.000000
dijkstra-dial-skip,with_roads,battlebot,471,133.523000,1,1.000000
dijkstra-dial-skip,with_roads,battlebot,514,137.570000,1,1.000000
dijkstra-dial-skip,with_roads,battlebot,375,141.864000,1,1.000000
dijkstra-dial-skip,with_roads,battlebot,66,142.007000,1,1.000000
dijkstra-dial-skip,with_roads,battlebot,409,137.082000,1,1.000000
dijkstra-dial-skip,with_roads,battlebot,280,138.038000,1,1.000000
dijkstra-dial-skip,with_roads,battlebot,16,137.191000,1,1.000000
dijkstra-dial-skip,with_roads,battlebot,15,137.495000,1,1.000000
dijkstra-dial-skip,with_roads,battlebot,69,142.667000,1,1.000000
dijkstra-dial-skip,with_roads,battlebot,143,135.111000,1,1.000000
dijkstra-dial-skip,with_roads,battlebot,154,135.260000,1,1.000000
dijkstra-dial-skip,with_roads,battlebot,338,145.380000,1,1.000000
dijkstra-dial-skip,with_roads,battlebot,416,143.695000,1,1.000000
dijkstra-dial-skip,with_roads,battlebot,13,140.699000,1,1.000000
dijkstra-dial-skip,with_roads,battlebot,388,132.614000,1,1.000000
dijkstra-dial-skip,with_roads,battlebot,130,136.739000,1,1.000000
dijkstra-dial-skip,with_roads,battlebot,496,144.007000,1,1.000000
dijkstra-dial-skip,with_roads,battlebot,451,141.180000,1,1.000000
dijkstra-dial-skip,with_roads,battlebot,489,144.291000,1,1.000000
dijkstra-dial-skip,with_roads,battlebot,375,144.361000,1,1.000000
dijkstra-dial-skip,with_roads,battlebot,277,144.667000,1,1.000000
dijkstra-dial-skip,with_roads,battlebot,144,136.788000,1,1.000000
dijkstra-dial-skip,with_roads,battlebot,297,139.555000,1,1.000000
dijkstra-dial-skip,with_roads,battlebot,408,134.186000,1,1.000000
dijkstra-dial-skip,with_roads,battlebot,183,139.676000,1,1.000000
dijkstra-dial-skip,with_roads,battlebot,559,143.730000,1,1.000000
dijkstra-dial-skip,with_roads,battlebot,597,139.568000,1,1.000000
dijkstra-dial-skip,with_roads,battlebot,3,139.085000,1,1.000000
dijkstra-dial-skip,with_roads,battlebot,526,135.257000,1,1.000000
dijkstra-dial-skip,with_roads,battlebot,557,134.376000,1,1.000000
dijkstra-dial-skip,with_roads,battlebot,108,134.255000,1,1.000000
dijkstra-dial-skip,with_roads,battlebot,487,135.026000,1,1.000000
dijkstra-dial-skip,with_roads,battlebot,280,136.773000,1,1.000000
dijkstra-dial-skip,with_roads,battlebot,224,135.221000,1,1.000000
dijkstra-dial-skip,with_roads,battlebot,183,136.210000,1,1.000000
dijkstra-dial-skip,with_roads,battlebot,105,156.416000,1,1.000000
dijkstra-dial-skip,with_roads,battlebot,142,138.237000,1,1.000000
dijkstra-dial-skip,with_roads,battlebot,528,133.587000,1,1.000000
dijkstra-dial-skip,with_roads,battlebot,221,131.521000,1,1.000000
dijkstra-dial-skip,with_roads,battlebot,74,139.345000,1,1.000000
dijkstra-dial-skip,with_roads,battlebot,69,134.605000,1,1.000000
dijkstra-dial-skip,with_roads,battlebot,251,158.165000,1,1.000000
dijkstra-dial-skip,with_roads,battlebot,71,129.098000,1,1.000000
dijkstra-dial-skip,with_roads,battlebot,235,134.389000,1,1.000000
dijkstra-dial-skip,with_roads,battlebot,585,135.051000,1,1.000000
dijkstra-dial-skip,with_roads,battlebot,226,133.419000,1,1.000000
dijkstra-dial-skip,with_roads,battlebot,417,137.994000,1,1.000000
dijkstra-dial-skip,with_roads,battlebot,173,183.367000,1,1.000000
dijkstra-dial-skip,with_roads,battlebot,558,143.850000,1,1.000000
dijkstra-dial-skip,with_roads,battlebot,41,133.062000,1,1.000000
dijkstra-dial-skip,with_roads,battlebot,505,127.807000,1,1.000000
dijkstra-dial-skip,with_roads,battlebot,304,128.648000,1,1.000000
dijkstra-dial-skip,with_roads,battlebot,367,127.077000,1,1.000000
dijkstra-dial-skip,with_roads,battlebot,87,134.235000,1,1.000000
dijkstra-dial-skip,with_roads,battlebot,249,136.387000,1,1.000000
dijkstra-dial-skip,with_roads,battlebot,60,139.828000,1,1.000000
dijkstra-dial-skip,with_roads,battlebot,380,131.795000,1,1.000000
dijkstra-dial-skip,with_roads,battlebot,193,136.271000,1,1.000000
dijkstra-dial-skip,with_roads,battlebot,570,133.781000,1,1.000000
dijkstra-dial-skip,with_roads,battlebot,434,138.581000,1,1.000000
dijkstra-dial-skip,with_roads,battlebot,428,131.200000,1,1.000000
dijkstra-dial-skip,with_roads,battlebot,606,140.034000,1,1.000000
dijkstra-dial-skip,with_roads,battlebot,593,128.124000,1,1.000000
dijkstra-dial-skip,with_roads,battlebot,237,139.637000,1,1.000000
dijkstra-dial-skip,with_roads,battlebot,401,212.809000,1,1.000000
dijkstra-dial-skip,with_roads,battlebot,126,133.045000,1,1.000000
dijkstra-dial-skip,with_roads,battlebot,490,132.072000,1,1.000000
dijkstra-dial-skip,with_roads,battlebot,55,132.634000,1,1.000000
dijkstra-dial-skip,with_roads,battlebot,42,129.556000,1,1.000000
dijkstra-dial-skip,with_roads,battlebot,461,137.491000,1,1.000000
dijkstra-dial-skip,with_roads,battlebot,150,133.329000,1,1.000000
dijkstra-dial-skip,with_roads,battlebot,537,139.718000,1,1.000000
dijkstra-dial-skip,with_roads,battlebot,191,131.328000,1,1.000000
dijkstra-dial-skip,with_roads,battlebot,60,164.721000,1,1.000000
dijkstra-dial-skip,with_roads,battlebot,589,148.605000,1,1.000000
dijkstra-dial-skip,with_roads,battlebot,154,131.524000,1,1.000000
dijkstra-dial-skip,with_roads,battlebot,595,138.505000,1,1.000000
dijkstra-dial-skip,with_roads,battlebot,73,134.267000,1,1.000000
dijkstra-dial-skip,with_roads,battlebot,251,140.004000,1,1.000000
dijkstra-dial-skip,with_roads,battlebot,183,135.759000,1,1.000000
dijkstra-dial-skip,with_roads,battlebot,301,136.464000,1,1.000000
dijkstra-dial-skip,with_roads,battlebot,440,138.805000,1,1.000000
dijkstra-dial-skip,with_roads,battlebot,573,133.015000,1,1.000000
dijkstra-dial-skip,with_roads,battlebot,238,129.966000,1,1.000000
dijkstra-dial-skip,with_roads,battlebot,110,132.524000,1,1.000000
dijkstra-dial-skip,with_roads,battlebot,245,137.528000,1,1.000000
dijkstra-dial-skip,with_roads,battlebot,233,135.271000,1,1.000000
dijkstra-dial-skip,with_roads,battlebot,138,129.827000,1,1.000000
dijkstra-dial-skip,with_roads,battlebot,468,131.381000,1,1.000000
dijkstra-dial-skip,with_roads,battlebot,175,130.722000,1,1.000000
dijkstra-dial-skip,no_roads,bear_of_doom,268,40.979000,1,1.000000
dijkstra-dial-skip,no_roads,bear_of_doom,66,39.051000,1,1.000000
dijkstra-dial-skip,no_roads,bear_of_doom,21,39.110000,1,1.000000
dijkstra-dial-skip,no_roads,bear_of_doom,309,41.155000,1,1.000000
dijkstra-dial-skip,no_roads,bear_of_doom,140,37.276000,1,1.000000
dijkstra-dial-skip,no_roads,bear_of_doom,129,40.986000,1,1.000000
dijkstra-dial-skip,no_roads,bear_of_doom,120,37.391000,1,1.000000
dijkstra-dial-skip,no_roads,bear_of_doom,80,37.112000,1,1.000000
dijkstra-dial-skip,no_roads,bear_of_doom,308,37.612000,1,1.000000
dijkstra-dial-skip,no_roads,bear_of_doom,63,38.603000,1,1.000000
dijkstra-dial-skip,no_roads,bear_of_doom,285,41.036000,1,1.000000
dijkstra-dial-skip,no_roads,bear_of_doom,309,37.742000,1,1.000000
dijkstra-dial-skip,no_roads,bear_of_doom,383,38.900000,1,1.000000
dijkstra-dial-skip,no_roads,bear_of_doom,234,38.114000,1,1.000000
dijkstra-dial-skip,no_roads,bear_of_doom,54,39.027000,1,1.000000
dijkstra-dial-skip,no_roads,bear_of_doom,251,40.243000,1,1.000000
dijkstra-dial-skip,no_roads,bear_of_doom,192,35.139000,1,1.000000
dijkstra-dial-skip,no_roads,bear_of_doom,25,38.107000,1,1.000000
dijkstra-dial-skip,no_roads,bear_of_doom,24,37.506000,1,1.000000
dijkstra-dial-skip,no_roads,bear_of_doom,56,39.258000,1,1.000000
dijkstra-dial-skip,no_roads,bear_of_doom,118,37.301000,1,1.000000
dijkstra-dial-skip,no_roads,bear_of_doom,125,38.710000,1,1.000000
dijkstra-dial-skip,no_roads,bear_of_doom,218,38.094000,1,1.000000
dijkstra-dial-skip,no_roads,bear_of_doom,256,43.136000,1,1.000000
dijkstra-dial-skip,no_roads,bear_of_doom,21,38.057000,1,1.000000
dijkstra-dial-skip,no_roads,bear_of_doom,238,36.989000,1,1.000000
dijkstra-dial-skip,no_roads,bear_of_doom,110,43.154000,1,1.000000
dijkstra-dial-skip,no_roads,bear_of_doom,300,35.973000,1,1.000000
dijkstra-dial-skip,no_roads,bear_of_doom,273,36.143000,1,1.000000
dijkstra-dial-skip,no_roads,bear_of_doom,293,37.059000,1,1.000000
dijkstra-dial-skip,no_roads,bear_of_doom,234,36.816000,1,1.000000
dijkstra-dial-skip,no_roads,bear_of_doom,191,38.090000,1,1.000000
dijkstra-dial-skip,no_roads,bear_of_doom,119,42.888000,1,1.000000
dijkstra-dial-skip,no_roads,bear_of_doom,201,39.096000,1,1.000000
dijkstra-dial-skip,no_roads,bear_of_doom,248,37.519000,1,1.000000
dijkstra-dial-skip,no_roads,bear_of_doom,141,40.402000,1,1.000000
dijkstra-dial-skip,no_roads,bear_of_doom,339,39.144000,1,1.000000
dijkstra-dial-skip,no_roads,bear_of_doom,371,38.811000,1,1.000000
dijkstra-dial-skip,no_roads,bear_of_doom,5,40.463000,1,1.000000
dijkstra-dial-skip,no_roads,bear_of_doom,318,36.659000,1,1.000000
dijkstra-dial-skip,no_roads,bear_of_doom,336,36.828000,1,1.000000
dijkstra-dial-skip,no_roads,bear_of_doom,88,40.689000,1,1.000000
dijkstra-dial-skip,no_roads,bear_of_doom,291,36.882000,1,1.000000
dijkstra-dial-skip,no_roads,bear_of_doom,192,36.515000,1,1.000000
dijkstra-dial-skip,no_roads,bear_of_doom,163,44.017000,1,1.000000
dijkstra-dial-skip,no_roads,bear_of_doom,141,39.725000,1,1.000000
dijkstra-dial-skip,no_roads,bear_of_doom,87,38.895000,1,1.000000
dijkstra-dial-skip,no_roads,bear_of_doom,118,38.589000,1,1.000000
dijkstra-dial-skip,no_roads,bear_of_doom,413,39.728000,1,1.000000
dijkstra-dial-skip,no_roads,bear_of_doom,320,40.581000,1,1.000000
dijkstra-dial-skip,no_roads,bear_of_doom,162,37.713000,1,1.000000
dijkstra-dial-skip,no_roads,bear_of_doom,63,39.370000,1,1.000000
dijkstra-dial-skip,no_roads,bear_of_doom,56,41.222000,1,1.000000
dijkstra-dial-skip,no_roads,bear_of_doom,176,37.941000,1,1.000000
dijkstra-dial-skip,no_roads,bear_of_doom,59,38.981000,1,1.000000
dijkstra-dial-skip,no_roads,bear_of_doom,170,37.047000,1,1.000000
dijkstra-dial-skip,no_roads,bear_of_doom,358,36.786000,1,1.000000
dijkstra-dial-skip,no_roads,bear_of_doom,164,38.045000,1,1.000000
dijkstra-dial-skip,no_roads,bear_of_doom,256,37.183000,1,1.000000
dijkstra-dial-skip,no_roads,bear_of_doom,134,39.087000,1,1.000000
dijkstra-dial-skip,no_roads,bear_of_doom,336,37.353000,1,1.000000
dijkstra-dial-skip,no_roads,bear_of_doom,29,40.083000,1,1.000000
dijkstra-dial-skip,no_roads,bear_of_doom,306,38.045000,1,1.000000
dijkstra-dial-skip,no_roads,bear_of_doom,204,37.134000,1,1.000000
dijkstra-dial-skip,no_roads,bear_of_doom,230,41.586000,1,1.000000
dijkstra-dial-skip,no_roads,bear_of_doom,71,38.289000,1,1.000000
dijkstra-dial-skip,no_roads,bear_of_doom,424,37.381000,1,1.000000
dijkstra-dial-skip,no_roads,bear_of_doom,394,36.542000,1,1.000000
dijkstra-dial-skip,no_roads,bear_of_doom,175,42.899000,1,1.000000
dijkstra-dial-skip,no_roads,bear_of_doom,48,39.432000,1,1.000000
dijkstra-dial-skip,no_roads,bear_of_doom,236,37.281000,1,1.000000
dijkstra-dial-skip,no_roads,bear_of_doom,146,38.831000,1,1.000000
dijkstra-dial-skip,no_roads,bear_of_doom,350,39.595000,1,1.000000
dijkstra-dial-skip,no_roads,bear_of_doom,265,37.578000,1,1.000000
dijkstra-dial-skip,no_roads,bear_of_doom,260,36.587000,1,1.000000
dijkstra-dial-skip,no_roads,bear_of_doom,380,35.361000,1,1.000000
dijkstra-dial-skip,no_roads,bear_of_doom,364,35.724000,1,1.000000
dijkstra-dial-skip,no_roads,bear_of_doom,171,37.698000,1,1.000000
dijkstra-dial-skip,no_roads,bear_of_doom,245,37.311000,1,1.000000
dijkstra-dial-skip,no_roads,bear_of_doom,106,39.824000,1,1.000000
dijkstra-dial-skip,no_roads,bear_of_doom,294,36.454000,1,1.000000
dijkstra-dial-skip,no_roads,bear_of_doom,41,39.836000,1,1.000000
dijkstra-dial-skip,no_roads,bear_of_doom,29,40.120000,1,1.000000
dijkstra-dial-skip,no_roads,bear_of_doom,278,36.404000,1,1.000000
dijkstra-dial-skip,no_roads,bear_of_doom,124,37.915000,1,1.000000
dijkstra-dial-skip,no_roads,bear_of_doom,322,36.589000,1,1.000000
dijkstra-dial-skip,no_roads,bear_of_doom,145,39.141000,1,1.000000
dijkstra-dial-skip,no_roads,bear_of_doom,436,38.410000,1,1.000000
dijkstra-dial-skip,no_roads,bear_of_doom,48,39.520000,1,1.000000
dijkstra-dial-skip,no_roads,bear_of_doom,362,36.579000,1,1.000000
dijkstra-dial-skip,no_roads,bear_of_doom,125,39.991000,1,1.000000
dijkstra-dial-skip,no_roads,bear_of_doom,370,37.828000,1,1.000000
dijkstra-dial-skip,no_roads,bear_of_doom,62,39.874000,1,1.000000
dijkstra-dial-skip,no_roads,bear_of_doom,176,38.078000,1,1.000000
dijkstra-dial-skip,no_roads,bear_of_doom,141,43.336000,1,1.000000
dijkstra-dial-skip,no_roads,bear_of_doom,203,40.268000,1,1.000000
dijkstra-dial-skip,no_roads,bear_of_doom,267,38.826000,1,1.000000
dijkstra-dial-skip,no_roads,bear_of_doom,351,39.590000,1,1.000000
dijkstra-dial-skip,no_roads,bear_of_doom,172,38.895000,1,1.000000
dijkstra-dial-skip,no_roads,bear_of_doom,89,41.419000,1,1.000000
dijkstra-dial-skip,with_roads,bear_of_doom,268,42.719000,1,1.000000
dijkstra-dial-skip,with_roads,bear_of_doom,66,41.918000,1,1.000000
dijkstra-dial-skip,with_roads,bear_of_doom,21,43.216000,1,1.000000
dijkstra-dial-skip,with_roads,bear_of_doom,309,43.721000,1,1.000000
dijkstra-dial-skip,with_roads,bear_of_doom,140,39.522000,1,1.000000
dijkstra-dial-skip,with_roads,bear_of_doom,129,40.787000,1,1.000000
dijkstra-dial-skip,with_roads,bear_of_doom,120,39.832000,1,1.000000
dijkstra-dial-skip,with_roads,bear_of_doom,80,39.179000,1,1.000000
dijkstra-dial-skip,with_roads,bear_of_doom,308,38.812000,1,1.000000
dijkstra-dial-skip,with_roads,bear_of_doom,63,41.778000,1,1.000000
dijkstra-dial-skip,with_roads,bear_of_doom,285,40.203000,1,1.000000
dijkstra-dial-skip,with_roads,bear_of_doom,309,39.735000,1,1.000000
dijkstra-dial-skip,with_roads,bear_of_doom,383,41.959000,1,1.000000
dijkstra-dial-skip,with_roads,bear_of_doom,234,40.661000,1,1.000000
dijkstra-dial-skip,with_roads,bear_of_doom,54,40.366000,1,1.000000
dijkstra-dial-skip,with_roads,bear_of_doom,251,39.210000,1,1.000000
dijkstra-dial-skip,with_roads,bear_of_doom,192,43.401000,1,1.000000
dijkstra-dial-skip,with_roads,bear_of_doom,25,40.511000,1,1.000000
dijkstra-dial-skip,with_roads,bear_of_doom,24,39.273000,1,1.000000
dijkstra-dial-skip,with_roads,bear_of_doom,56,41.930000,1,1.000000
dijkstra-dial-skip,with_roads,bear_of_doom,118,39.422000,1,1.000000
dijkstra-dial-skip,with_roads,bear_of_doom,125,39.752000,1,1.000000
dijkstra-dial-skip,with_roads,bear_of_doom,218,40.694000,1,1.000000
dijkstra-dial-skip,with_roads,bear_of_doom,256,41.075000,1,1.000000
dijkstra-dial-skip,with_roads,bear_of_doom,21,41.833000,1,1.000000
dijkstra-dial-skip,with_roads,bear_of_doom,238,39.746000,1,1.000000
dijkstra-dial-skip,with_roads,bear_of_doom,110,43.308000,1,1.000000
dijkstra-dial-skip,with_roads,bear_of_doom,300,41.806000,1,1.000000
dijkstra-dial-skip,with_roads,bear_of_doom,273,40.449000,1,1.000000
dijkstra-dial-skip,with_roads,bear_of_doom,293,39.117000,1,1.000000
dijkstra-dial-skip,with_roads,bear_of_doom,234,41.314000,1,1.000000
dijkstra-dial-skip,with_roads,bear_of_doom,191,41.475000,1,1.000000
dijkstra-dial-skip,with_roads,bear_of_doom,119,40.932000,1,1.000000
dijkstra-dial-skip,with_roads,bear_of_doom,201,40.535000,1,1.000000
dijkstra-dial-skip,with_roads,bear_of_doom,248,37.852000,1,1.000000
dijkstra-dial-skip,with_roads,bear_of_doom,141,40.558000,1,1.000000
dijkstra-dial-skip,with_roads,bear_of_doom,339,40.825000,1,1.000000
dijkstra-dial-skip,with_roads,bear_of_doom,371,39.774000,1,1.000000
dijkstra-dial-skip,with_roads,bear_of_doom,5,41.324000,1,1.000000
dijkstra-dial-skip,with_roads,bear_of_doom,318,39.359000,1,1.000000
dijkstra-dial-skip,with_roads,bear_of_doom,336,40.379000,1,1.000000
dijkstra-dial-skip,with_roads,bear_of_doom,88,40.239000,1,1.000000
dijkstra-dial-skip,with_roads,bear_of_doom,291,38.312000,1,1.000000
dijkstra-dial-skip,with_roads,bear_of_doom,192,39.918000,1,1.000000
dijkstra-dial-skip,with_roads,bear_of_doom,163,40.565000,1,1.000000
dijkstra-dial-skip,with_roads,bear_of_doom,141,41.439000,1,1.000000
dijkstra-dial-skip,with_roads,bear_of_doom,87,40.752000,1,1.000000
dijkstra-dial-skip,with_roads,bear_of_doom,118,39.461000,1,1.000000
dijkstra-dial-skip,with_roads,bear_of_doom,413,40.342000,1,1.000000
dijkstra-dial-skip,with_roads,bear_of_doom,320,41.593000,1,1.000000
dijkstra-dial-skip,with_roads,bear_of_doom,162,38.960000,1,1.000000
dijkstra-dial-skip,with_roads,bear_of_doom,63,40.935000,1,1.000000
dijkstra-dial-skip,with_roads,bear_of_doom,56,40.866000,1,1.000000
dijkstra-dial-skip,with_roads,bear_of_doom,176,40.512000,1,1.000000
dijkstra-dial-skip,with_roads,bear_of_doom,59,39.436000,1,1.000000
dijkstra-dial-skip,with_roads,bear_of_doom,170,40.059000,1,1.000000
dijkstra-dial-skip,with_roads,bear_of_doom,358,42.087000,1,1.000000
dijkstra-dial-skip,with_roads,bear_of_doom,164,40.520000,1,1.000000
dijkstra-dial-skip,with_roads,bear_of_doom,256,42.144000,1,1.000000
dijkstra-dial-skip,with_roads,bear_of_doom,134,41.930000,1,1.000000
dijkstra-dial-skip,with_roads,bear_of_doom,336,40.655000,1,1.000000
dijkstra-dial-skip,with_roads,bear_of_doom,29,40.810000,1,1.000000
dijkstra-dial-skip,with_roads,bear_of_doom,306,38.564000,1,1.000000
dijkstra-dial-skip,with_roads,bear_of_doom,204,38.279000,1,1.000000
dijkstra-dial-skip,with_roads,bear_of_doom,230,38.701000,1,1.000000
dijkstra-dial-skip,with_roads,bear_of_doom,71,40.877000,1,1.000000
dijkstra-dial-skip,with_roads,bear_of_doom,424,41.099000,1,1.000000
dijkstra-dial-skip,with_roads,bear_of_doom,394,38.227000,1,1.000000
dijkstra-dial-skip,with_roads,bear_of_doom,175,41.800000,1,1.000000
dijkstra-dial-skip,with_roads,bear_of_doom,48,43.076000,1,1.000000
dijkstra-dial-skip,with_roads,bear_of_doom,236,37.984000,1,1.000000
dijkstra-dial-skip,with_roads,bear_of_doom,146,38.763000,1,1.000000
dijkstra-dial-skip,with_roads,bear_of_doom,350,36.883000,1,1.000000
dijkstra-dial-skip,with_roads,bear_of_doom,265,40.097000,1,1.000000
dijkstra-dial-skip,with_roads,bear_of_doom,260,41.292000,1,1.000000
dijkstra-dial-skip,with_roads,bear_of_doom,380,40.862000,1,1.000000
dijkstra-dial-skip,with_roads,bear_of_doom,364,40.864000,1,1.000000
dijkstra-dial-skip,with_roads,bear_of_doom,171,40.636000,1,1.000000
dijkstra-dial-skip,with_roads,bear_of_doom,245,40.264000,1,1.000000
dijkstra-dial-skip,with_roads,bear_of_doom,106,41.307000,1,1.000000
dijkstra-dial-skip,with_roads,bear_of_doom,294,39.820000,1,1.000000
dijkstra-dial-skip,with_roads,bear_of_doom,41,40.391000,1,1.000000
dijkstra-dial-skip,with_roads,bear_of_doom,29,41.423000,1,1.000000
dijkstra-dial-skip,with_roads,bear_of_doom,278,40.598000,1,1.000000
dijkstra-dial-skip,with_roads,bear_of_doom,124,40.042000,1,1.000000
dijkstra-dial-skip,with_roads,bear_of_doom,322,41.897000,1,1.000000
dijkstra-dial-skip,with_roads,bear_of_doom,145,39.867000,1,1.000000
dijkstra-dial-skip,with_roads,bear_of_doom,436,38.276000,1,1.000000
dijkstra-dial-skip,with_roads,bear_of_doom,48,41.973000,1,1.000000
dijkstra-dial-skip,with_roads,bear_of_doom,362,41.094000,1,1.000000
dijkstra-dial-skip,with_roads,bear_of_doom,125,39.885000,1,1.000000
dijkstra-dial-skip,with_roads,bear_of_doom,370,38.492000,1,1.000000
dijkstra-dial-skip,with_roads,bear_of_doom,62,39.547000,1,1.000000
dijkstra-dial-skip,with_roads,bear_of_doom,176,41.168000,1,1.000000
dijkstra-dial-skip,with_roads,bear_of_doom,141,42.170000,1,1.000000
dijkstra-dial-skip,with_roads,bear_of_doom,203,41.268000,1,1.000000
dijkstra-dial-skip,with_roads,bear_of_doom,267,40.107000,1,1.000000
dijkstra-dial-skip,with_roads,bear_of_doom,351,40.438000,1,1.000000
dijkstra-dial-skip,with_roads,bear_of_doom,172,43.364000,1,1.000000
dijkstra-dial-skip,with_roads,bear_of_doom,89,42.348000,1,1.000000
dijkstra-dial-skip,no_roads,binary_tree,758,328.361000,1,1.000000
dijkstra-dial-skip,no_roads,binary_tree,124,324.826000,1,1.000000
dijkstra-dial-skip,no_roads,binary_tree,28,320.578000,1,1.000000
dijkstra-dial-skip,no_roads,binary_tree,902,326.699000,1,1.000000
dijkstra-dial-skip,no_roads,binary_tree,309,326.954000,1,1.000000
dijkstra-dial-skip,no_roads,binary_tree,276,320.215000,1,1.000000
dijkstra-dial-skip,no_roads,binary_tree,250,319.839000,1,1.000000
dijkstra-dial-skip,no_roads,binary_tree,156,332.864000,1,1.000000
dijkstra-dial-skip,no_roads,binary_tree,897,333.620000,1,1.000000
dijkstra-dial-skip,no_roads,binary_tree,114,331.968000,1,1.000000
dijkstra-dial-skip,no_roads,binary_tree,810,320.257000,1,1.000000
dijkstra-dial-skip,no_roads,binary_tree,901,333.835000,1,1.000000
dijkstra-dial-skip,no_roads,binary_tree,1098,330.604000,1,1.000000
dijkstra-dial-skip,no_roads,binary_tree,634,337.116000,1,1.000000
dijkstra-dial-skip,no_roads,binary_tree,95,332.012000,1,1.000000
dijkstra-dial-skip,no_roads,binary_tree,688,327.428000,1,1.000000
dijkstra-dial-skip,no_roads,binary_tree,484,318.200000,1,1.000000
dijkstra-dial-skip,no_roads,binary_tree,35,326.972000,1,1.000000
dijkstra-dial-skip,no_roads,binary_tree,33,315.850000,1,1.000000
dijkstra-dial-skip,no_roads,binary_tree,103,323.612000,1,1.000000
dijkstra-dial-skip,no_roads,binary_tree,245,324.344000,1,1.000000
dijkstra-dial-skip,no_roads,binary_tree,262,318.144000,1,1.000000
dijkstra-dial-skip,no_roads,binary_tree,583,316.029000,1,1.000000
dijkstra-dial-skip,no_roads,binary_tree,705,301.929000,1,1.000000
dijkstra-dial-skip,no_roads,binary_tree,30,303.539000,1,1.000000
dijkstra-dial-skip,no_roads,binary_tree,654,308.100000,1,1.000000
dijkstra-dial-skip,no_roads,binary_tree,223,305.828000,1,1.000000
dijkstra-dial-skip,no_roads,binary_tree,865,309.251000,1,1.000000
dijkstra-dial-skip,no_roads,binary_tree,772,313.341000,1,1.000000
dijkstra-dial-skip,no_roads,binary_tree,847,310.277000,1,1.000000
dijkstra-dial-skip,no_roads,binary_tree,634,313.229000,1,1.000000
dijkstra-dial-skip,no_roads,binary_tree,479,313.733000,1,1.000000
dijkstra-dial-skip,no_roads,binary_tree,247,307.986000,1,1.000000
dijkstra-dial-skip,no_roads,binary_tree,514,314.660000,1,1.000000
dijkstra-dial-skip,no_roads,binary_tree,687,310.038000,1,1.000000
dijkstra-dial-skip,no_roads,binary_tree,312,316.145000,1,1.000000
dijkstra-dial-skip,no_roads,binary_tree,989,319.559000,1,1.000000
dijkstra-dial-skip,no_roads,binary_tree,1063,315.313000,1,1.000000
dijkstra-dial-skip,no_roads,binary_tree,6,314.832000,1,1.000000
dijkstra-dial-skip,no_roads,binary_tree,925,367.546000,1,1.000000
dijkstra-dial-skip,no_roads,binary_tree,986,310.825000,1,1.000000
dijkstra-dial-skip,no_roads,binary_tree,177,308.559000,1,1.000000
dijkstra-dial-skip,no_roads,binary_tree,842,310.661000,1,1.000000
dijkstra-dial-skip,no_roads,binary_tree,484,305.915000,1,1.000000
dijkstra-dial-skip,no_roads,binary_tree,387,305.884000,1,1.000000
dijkstra-dial-skip,no_roads,binary_tree,312,337.432000,1,1.000000
dijkstra-dial-skip,no_roads,binary_tree,173,311.943000,1,1.000000
dijkstra-dial-skip,no_roads,binary_tree,242,311.544000,1,1.000000
dijkstra-dial-skip,no_roads,binary_tree,1181,314.412000,1,1.000000
dijkstra-dial-skip,no_roads,binary_tree,931,313.034000,1,1.000000
dijkstra-dial-skip,no_roads,binary_tree,383,315.371000,1,1.000000
dijkstra-dial-skip,no_roads,binary_tree,114,308.303000,1,1.000000
dijkstra-dial-skip,no_roads,binary_tree,102,311.463000,1,1.000000
dijkstra-dial-skip,no_roads,binary_tree,433,309.673000,1,1.000000
dijkstra-dial-skip,no_roads,binary_tree,109,299.848000,1,1.000000
dijkstra-dial-skip,no_roads,binary_tree,409,319.370000,1,1.000000
dijkstra-dial-skip,no_roads,binary_tree,1037,316.580000,1,1.000000
dijkstra-dial-skip,no_roads,binary_tree,391,304.316000,1,1.000000
dijkstra-dial-skip,no_roads,binary_tree,707,302.329000,1,1.000000
dijkstra-dial-skip,no_roads,binary_tree,296,303.860000,1,1.000000
dijkstra-dial-skip,no_roads,binary_tree,987,329.654000,1,1.000000
dijkstra-dial-skip,no_roads,binary_tree,47,299.824000,1,1.000000
dijkstra-dial-skip,no_roads,binary_tree,886,304.909000,1,1.000000
dijkstra-dial-skip,no_roads,binary_tree,528,309.561000,1,1.000000
dijkstra-dial-skip,no_roads,binary_tree,623,307.403000,1,1.000000
dijkstra-dial-skip,no_roads,binary_tree,137,312.478000,1,1.000000
dijkstra-dial-skip,no_roads,binary_tree,1199,313.566000,1,1.000000
dijkstra-dial-skip,no_roads,binary_tree,1134,310.039000,1,1.000000
dijkstra-dial-skip,no_roads,binary_tree,431,298.242000,1,1.000000
dijkstra-dial-skip,no_roads,binary_tree,86,302.863000,1,1.000000
dijkstra-dial-skip,no_roads,binary_tree,643,299.056000,1,1.000000
dijkstra-dial-skip,no_roads,binary_tree,330,301.793000,1,1.000000
dijkstra-dial-skip,no_roads,binary_tree,1018,313.078000,1,1.000000
dijkstra-dial-skip,no_roads,binary_tree,744,303.843000,1,1.000000
dijkstra-dial-skip,no_roads,binary_tree,728,312.155000,1,1.000000
dijkstra-dial-skip,no_roads,binary_tree,1085,293.297000,1,1.000000
dijkstra-dial-skip,no_roads,binary_tree,1055,301.305000,1,1.000000
dijkstra-dial-skip,no_roads,binary_tree,412,292.971000,1,1.000000
dijkstra-dial-skip,no_roads,binary_tree,674,303.851000,1,1.000000
dijkstra-dial-skip,no_roads,binary_tree,214,295.104000,1,1.000000
dijkstra-dial-skip,no_roads,binary_tree,850,309.805000,1,1.000000
dijkstra-dial-skip,no_roads,binary_tree,77,318.753000,1,1.000000
dijkstra-dial-skip,no_roads,binary_tree,49,494.476000,1,1.000000
dijkstra-dial-skip,no_roads,binary_tree,791,305.353000,1,1.000000
dijkstra-dial-skip,no_roads,binary_tree,255,295.897000,1,1.000000
dijkstra-dial-skip,no_roads,binary_tree,943,322.541000,1,1.000000
dijkstra-dial-skip,no_roads,binary_tree,326,321.995000,1,1.000000
dijkstra-dial-skip,no_roads,binary_tree,1213,308.190000,1,1.000000
dijkstra-dial-skip,no_roads,binary_tree,87,312.856000,1,1.000000
dijkstra-dial-skip,no_roads,binary_tree,1046,314.731000,1,1.000000
dijkstra-dial-skip,no_roads,binary_tree,262,438.744000,1,1.000000
dijkstra-dial-skip,no_roads,binary_tree,1060,306.013000,1,1.000000
dijkstra-dial-skip,no_roads,binary_tree,113,305.867000,1,1.000000
dijkstra-dial-skip,no_roads,binary_tree,433,314.701000,1,1.000000
dijkstra-dial-skip,no_roads,binary_tree,312,316.026000,1,1.000000
dijkstra-dial-skip,no_roads,binary_tree,520,303.592000,1,1.000000
dijkstra-dial-skip,no_roads,binary_tree,751,307.829000,1,1.000000
dijkstra-dial-skip,no_roads,binary_tree,1023,314.923000,1,1.000000
dijkstra-dial-skip,no_roads,binary_tree,415,314.006000,1,1.000000
dijkstra-dial-skip,no_roads,binary_tree,182,316.530000,1,1.000000
dijkstra-dial-skip,with_roads,binary_tree,758,332.683000,1,1.000000
dijkstra-dial-skip,with_roads,binary_tree,124,333.896000,1,1.000000
dijkstra-dial-skip,with_roads,binary_tree,28,340.435000,1,1.000000
dijkstra-dial-skip,with_roads,binary_tree,902,332.787000,1,1.000000
dijkstra-dial-skip,with_roads,binary_tree,309,342.637000,1,1.000000
dijkstra-dial-skip,with_roads,binary_tree,276,340.744000,1,1.000000
dijkstra-dial-skip,with_roads,binary_tree,250,324.398000,1,1.000000
dijkstra-dial-skip,with_roads,binary_tree,156,342.250000,1,1.000000
dijkstra-dial-skip,with_roads,binary_tree,897,331.492000,1,1.000000
dijkstra-dial-skip,with_roads,binary_tree,114,342.707000,1,1.000000
dijkstra-dial-skip,with_roads,binary_tree,810,335.580000,1,1.000000
dijkstra-dial-skip,with_roads,binary_tree,901,331.341000,1,1.000000
dijkstra-dial-skip,with_roads,binary_tree,1098,328.460000,1,1.000000
dijkstra-dial-skip,with_roads,binary_tree,634,330.460000,1,1.000000
dijkstra-dial-skip,with_roads,binary_tree,95,345.712000,1,1.000000
dijkstra-dial-skip,with_roads,binary_tree,688,353.270000,1,1.000000
dijkstra-dial-skip,with_roads,binary_tree,484,359.588000,1,1.000000
dijkstra-dial-skip,with_roads,binary_tree,35,353.408000,1,1.000000
dijkstra-dial-skip,with_roads,binary_tree,33,337.981000,1,1.000000
dijkstra-dial-skip,with_roads,binary_tree,103,346.879000,1,1.000000
dijkstra-dial-skip,with_roads,binary_tree,245,345.821000,1,1.000000
dijkstra-dial-skip,with_roads,binary_tree,262,329.639000,1,1.000000
dijkstra-dial-skip,with_roads,binary_tree,583,315.651000,1,1.000000
dijkstra-dial-skip,with_roads,binary_tree,705,330.583000,1,1.000000
dijkstra-dial-skip,with_roads,binary_tree,30,342.413000,1,1.000000
dijkstra-dial-skip,with_roads,binary_tree,654,338.065000,1,1.000000
dijkstra-dial-skip,with_roads,binary_tree,223,348.548000,1,1.000000
dijkstra-dial-skip,with_roads,binary_tree,865,322.880000,1,1.000000
dijkstra-dial-skip,with_roads,binary_tree,772,332.419000,1,1.000000
dijkstra-dial-skip,with_roads,binary_tree,847,316.873000,1,1.000000
dijkstra-dial-skip,with_roads,binary_tree,634,320.994000,1,1.000000
dijkstra-dial-skip,with_roads,binary_tree,479,334.028000,1,1.000000
dijkstra-dial-skip,with_roads,binary_tree,247,377.513000,1,1.000000
dijkstra-dial-skip,with_roads,binary_tree,514,324.328000,1,1.000000
dijkstra-dial-skip,with_roads,binary_tree,687,334.184000,1,1.000000
dijkstra-dial-skip,with_roads,binary_tree,312,343.970000,1,1.000000
dijkstra-dial-skip,with_roads,binary_tree,989,321.036000,1,1.000000
dijkstra-dial-skip,with_roads,binary_tree,1063,312.098000,1,1.000000
dijkstra-dial-skip,with_roads,binary_tree,6,324.987000,1,1.000000
dijkstra-dial-skip,with_roads,binary_tree,925,321.667000,1,1.000000
dijkstra-dial-skip,with_roads,binary_tree,986,324.571000,1,1.000000
dijkstra-dial-skip,with_roads,binary_tree,177,319.853000,1,1.000000
dijkstra-dial-skip,with_roads,binary_tree,842,316.258000,1,1.000000
dijkstra-dial-skip,with_roads,binary_tree,484,335.571000,1,1.000000
dijkstra-dial-skip,with_roads,binary_tree,387,308.240000,1,1.000000
dijkstra-dial-skip,with_roads,binary_tree,312,337.040000,1,1.000000
dijkstra-dial-skip,with_roads,binary_tree,173,312.945000,1,1.000000
dijkstra-dial-skip,with_roads,binary_tree,242,332.144000,1,1.000000
dijkstra-dial-skip,with_roads,binary_tree,1181,324.729000,1,1.000000
dijkstra-dial-skip,with_roads,binary_tree,931,311.247000,1,1.000000
dijkstra-dial-skip,with_roads,binary_tree,383,321.180000,1,1.000000
dijkstra-dial-skip,with_roads,binary_tree,114,329.461000,1,1.000000
dijkstra-dial-skip,with_roads,binary_tree,102,335.693000,1,1.000000
dijkstra-dial-skip,with_roads,binary_tree,433,332.377000,1,1.000000
dijkstra-dial-skip,with_roads,binary_tree,109,334.051000,1,1.000000
dijkstra-dial-skip,with_roads,binary_tree,409,340.420000,1,1.000000
dijkstra-dial-skip,with_roads,binary_tree,1037,322.032000,1,1.000000
dijkstra-dial-skip,with_roads,binary_tree,391,326.496000,1,1.000000
dijkstra-dial-skip,with_roads,binary_tree,707,313.486000,1,1.000000
dijkstra-dial-skip,with_roads,binary_tree,296,330.729000,1,1.000000
dijkstra-dial-skip,with_roads,binary_tree,987,317.832000,1,1.000000
dijkstra-dial-skip,with_roads,binary_tree,47,342.437000,1,1.000000
dijkstra-dial-skip,with_roads,binary_tree,886,313.710000,1,1.000000
dijkstra-dial-skip,with_roads,binary_tree,528,333.310000,1,1.000000
dijkstra-dial-skip,with_roads,binary_tree,623,348.736000,1,1.000000
dijkstra-dial-skip,with_roads,binary_tree,137,327.170000,1,1.000000
dijkstra-dial-skip,with_roads,binary_tree,1199,338.271000,1,1.000000
dijkstra-dial-skip,with_roads,binary_tree,1134,456.763000,1,1.000000
dijkstra-dial-skip,with_roads,binary_tree,431,322.704000,1,1.000000
dijkstra-dial-skip,with_roads,binary_tree,86,377.257000,1,1.000000
dijkstra-dial-skip,with_roads,binary_tree,643,317.551000,1,1.000000
dijkstra-dial-skip,with_roads,binary_tree,330,320.060000,1,1.000000
dijkstra-dial-skip,with_roads,binary_tree,1018,323.713000,1,1.000000
dijkstra-dial-skip,with_roads,binary_tree,744,312.457000,1,1.000000
dijkstra-dial-skip,with_roads,binary_tree,728,332.781000,1,1.000000
dijkstra-dial-skip,with_roads,binary_tree,1085,324.791000,1,1.000000
dijkstra-dial-skip,with_roads,binary_tree,1055,315.221000,1,1.000000
dijkstra-dial-skip,with_roads,binary_tree,412,312.513000,1,1.000000
dijkstra-dial-skip,with_roads,binary_tree,674,319.305000,1,1.000000
dijkstra-dial-skip,with_roads,binary_tree,214,313.008000,1,1.000000
dijkstra-dial-skip,with_roads,binary_tree,850,323.623000,1,1.000000
dijkstra-dial-skip,with_roads,binary_tree,77,332.348000,1,1.000000
dijkstra-dial-skip,with_roads,binary_tree,49,323.393000,1,1.000000
dijkstra-dial-skip,with_roads,binary_tree,791,308.765000,1,1.000000
dijkstra-dial-skip,with_roads,binary_tree,255,320.436000,1,1.000000
dijkstra-dial-skip,with_roads,binary_tree,943,351.636000,1,1.000000
dijkstra-dial-skip,with_roads,binary_tree,326,340.912000,1,1.000000
dijkstra-dial-skip,with_roads,binary_tree,1213,326.953000,1,1.000000
dijkstra-dial-skip,with_roads,binary_tree,87,321.297000,1,1.000000
dijkstra-dial-skip,with_roads,binary_tree,1046,319.846000,1,1.000000
dijkstra-dial-skip,with_roads,binary_tree,262,330.750000,1,1.000000
dijkstra-dial-skip,with_roads,binary_tree,1060,320.658000,1,1.000000
dijkstra-dial-skip,with_roads,binary_tree,113,333.475000,1,1.000000
dijkstra-dial-skip,with_roads,binary_tree,433,326.742000,1,1.000000
dijkstra-dial-skip,with_roads,binary_tree,312,335.997000,1,1.000000
dijkstra-dial-skip,with_roads,binary_tree,520,335.235000,1,1.000000
dijkstra-dial-skip,with_roads,binary_tree,751,325.670000,1,1.000000
dijkstra-dial-skip,with_roads,binary_tree,1023,343.290000,1,1.000000
dijkstra-dial-skip,with_roads,binary_tree,415,325.794000,1,1.000000
dijkstra-dial-skip,with_roads,binary_tree,182,353.637000,1,1.000000
dijkstra-dial-skip,no_roads,building_blocks,1894,43.505000,1,1.000000
dijkstra-dial-skip,no_roads,building_blocks,295,37.388000,1,1.000000
dijkstra-dial-skip,no_roads,building_blocks,60,13.152000,1,1.000000
dijkstra-dial-skip,no_roads,building_blocks,2174,11.480000,1,1.000000
dijkstra-dial-skip,no_roads,building_blocks,796,9.978000,1,1.000000
dijkstra-dial-skip,no_roads,building_blocks,691,4.235000,1,1.000000
dijkstra-dial-skip,no_roads,building_blocks,636,38.921000,1,1.000000
dijkstra-dial-skip,no_roads,building_blocks,368,10.751000,1,1.000000
dijkstra-dial-skip,no_roads,building_blocks,2162,17.432000,1,1.000000
dijkstra-dial-skip,no_roads,building_blocks,273,12.417000,1,1.000000
dijkstra-dial-skip,no_roads,building_blocks,1987,3.732000,1,1.000000
dijkstra-dial-skip,no_roads,building_blocks,2171,30.385000,1,1.000000
dijkstra-dial-skip,no_roads,building_blocks,1588,14.344000,1,1.000000
dijkstra-dial-skip,no_roads,building_blocks,230,31.810000,1,1.000000
dijkstra-dial-skip,no_roads,building_blocks,1731,27.936000,1,1.000000
dijkstra-dial-skip,no_roads,building_blocks,1241,29.294000,1,1.000000
dijkstra-dial-skip,no_roads,building_blocks,78,11.868000,1,1.000000
dijkstra-dial-skip,no_roads,building_blocks,72,5.381000,1,1.000000
dijkstra-dial-skip,no_roads,building_blocks,245,38.355000,1,1.000000
dijkstra-dial-skip,no_roads,building_blocks,622,30.754000,1,1.000000
dijkstra-dial-skip,no_roads,building_blocks,660,13.761000,1,1.000000
dijkstra-dial-skip,no_roads,building_blocks,1472,7.782000,1,1.000000
dijkstra-dial-skip,no_roads,building_blocks,1759,5.180000,1,1.000000
dijkstra-dial-skip,no_roads,building_blocks,63,14.154000,1,1.000000
dijkstra-dial-skip,no_roads,building_blocks,1643,42.739000,1,1.000000
dijkstra-dial-skip,no_roads,building_blocks,567,9.284000,1,1.000000
dijkstra-dial-skip,no_roads,building_blocks,2106,41.074000,1,1.000000
dijkstra-dial-skip,no_roads,building_blocks,1919,12.516000,1,1.000000
dijkstra-dial-skip,no_roads,building_blocks,2067,20.048000,1,1.000000
dijkstra-dial-skip,no_roads,building_blocks,1588,17.286000,1,1.000000
dijkstra-dial-skip,no_roads,building_blocks,1235,13.045000,1,1.000000
dijkstra-dial-skip,no_roads,building_blocks,629,9.307000,1,1.000000
dijkstra-dial-skip,no_roads,building_blocks,1307,17.763000,1,1.000000
dijkstra-dial-skip,no_roads,building_blocks,1727,9.663000,1,1.000000
dijkstra-dial-skip,no_roads,building_blocks,803,51.642000,1,1.000000
dijkstra-dial-skip,no_roads,building_blocks,2357,18.894000,1,1.000000
dijkstra-dial-skip,no_roads,building_blocks,14,15.292000,1,1.000000
dijkstra-dial-skip,no_roads,building_blocks,2219,29.871000,1,1.000000
dijkstra-dial-skip,no_roads,building_blocks,2348,16.835000,1,1.000000
dijkstra-dial-skip,no_roads,building_blocks,435,12.597000,1,1.000000
dijkstra-dial-skip,no_roads,building_blocks,2059,7.407000,1,1.000000
dijkstra-dial-skip,no_roads,building_blocks,1242,28.760000,1,1.000000
dijkstra-dial-skip,no_roads,building_blocks,975,9.376000,1,1.000000
dijkstra-dial-skip,no_roads,building_blocks,803,38.228000,1,1.000000
dijkstra-dial-skip,no_roads,building_blocks,427,12.345000,1,1.000000
dijkstra-dial-skip,no_roads,building_blocks,614,8.673000,1,1.000000
dijkstra-dial-skip,no_roads,building_blocks,2231,5.148000,1,1.000000
dijkstra-dial-skip,no_roads,building_blocks,965,30.649000,1,1.000000
dijkstra-dial-skip,no_roads,building_blocks,273,12.110000,1,1.000000
dijkstra-dial-skip,no_roads,building_blocks,243,7.984000,1,1.000000
dijkstra-dial-skip,no_roads,building_blocks,1097,17.415000,1,1.000000
dijkstra-dial-skip,no_roads,building_blocks,255,9.893000,1,1.000000
dijkstra-dial-skip,no_roads,building_blocks,1036,8.555000,1,1.000000
dijkstra-dial-skip,no_roads,building_blocks,985,7.595000,1,1.000000
dijkstra-dial-skip,no_roads,building_blocks,1764,39.218000,1,1.000000
dijkstra-dial-skip,no_roads,building_blocks,754,35.445000,1,1.000000
dijkstra-dial-skip,no_roads,building_blocks,2351,43.222000,1,1.000000
dijkstra-dial-skip,no_roads,building_blocks,105,12.683000,1,1.000000
dijkstra-dial-skip,no_roads,building_blocks,2144,10.305000,1,1.000000
dijkstra-dial-skip,no_roads,building_blocks,1332,10.864000,1,1.000000
dijkstra-dial-skip,no_roads,building_blocks,1565,35.344000,1,1.000000
dijkstra-dial-skip,no_roads,building_blocks,330,27.881000,1,1.000000
dijkstra-dial-skip,no_roads,building_blocks,1094,12.355000,1,1.000000
dijkstra-dial-skip,no_roads,building_blocks,208,9.189000,1,1.000000
dijkstra-dial-skip,no_roads,building_blocks,1604,12.919000,1,1.000000
dijkstra-dial-skip,no_roads,building_blocks,842,17.883000,1,1.000000
dijkstra-dial-skip,no_roads,building_blocks,1834,10.411000,1,1.000000
dijkstra-dial-skip,no_roads,building_blocks,1801,10.833000,1,1.000000
dijkstra-dial-skip,no_roads,building_blocks,1043,13.374000,1,1.000000
dijkstra-dial-skip,no_roads,building_blocks,1696,40.381000,1,1.000000
dijkstra-dial-skip,no_roads,building_blocks,543,8.414000,1,1.000000
dijkstra-dial-skip,no_roads,building_blocks,2074,28.744000,1,1.000000
dijkstra-dial-skip,no_roads,building_blocks,185,20.048000,1,1.000000
dijkstra-dial-skip,no_roads,building_blocks,110,13.128000,1,1.000000
dijkstra-dial-skip,no_roads,building_blocks,1949,7.940000,1,1.000000
dijkstra-dial-skip,no_roads,building_blocks,648,11.196000,1,1.000000
dijkstra-dial-skip,no_roads,building_blocks,2268,27.669000,1,1.000000
dijkstra-dial-skip,no_roads,building_blocks,832,38.327000,1,1.000000
dijkstra-dial-skip,no_roads,building_blocks,211,38.151000,1,1.000000
dijkstra-dial-skip,no_roads,building_blocks,660,9.378000,1,1.000000
dijkstra-dial-skip,no_roads,building_blocks,264,36.443000,1,1.000000
dijkstra-dial-skip,no_roads,building_blocks,1097,13.604000,1,1.000000
dijkstra-dial-skip,no_roads,building_blocks,803,39.705000,1,1.000000
dijkstra-dial-skip,no_roads,building_blocks,1319,36.319000,1,1.000000
dijkstra-dial-skip,no_roads,building_blocks,1859,34.494000,1,1.000000
dijkstra-dial-skip,no_roads,building_blocks,1051,38.129000,1,1.000000
dijkstra-dial-skip,no_roads,building_blocks,442,35.065000,1,1.000000
dijkstra-dial-skip,no_roads,building_blocks,1073,13.361000,1,1.000000
dijkstra-dial-skip,no_roads,building_blocks,1013,29.464000,1,1.000000
dijkstra-dial-skip,no_roads,building_blocks,601,10.884000,1,1.000000
dijkstra-dial-skip,no_roads,building_blocks,1970,11.273000,1,1.000000
dijkstra-dial-skip,no_roads,building_blocks,760,15.660000,1,1.000000
dijkstra-dial-skip,no_roads,building_blocks,2068,18.896000,1,1.000000
dijkstra-dial-skip,no_roads,building_blocks,2006,35.863000,1,1.000000
dijkstra-dial-skip,no_roads,building_blocks,1916,10.716000,1,1.000000
dijkstra-dial-skip,no_roads,building_blocks,189,16.336000,1,1.000000
dijkstra-dial-skip,no_roads,building_blocks,1779,29.089000,1,1.000000
dijkstra-dial-skip,no_roads,building_blocks,1857,8.642000,1,1.000000
dijkstra-dial-skip,no_roads,building_blocks,465,11.031000,1,1.000000
dijkstra-dial-skip,no_roads,building_blocks,1558,18.893000,1,1.000000
dijkstra-dial-skip,with_roads,building_blocks,1894,43.256000,1,1.000000
dijkstra-dial-skip,with_roads,building_blocks,295,40.986000,1,1.000000
dijkstra-dial-skip,with_roads,building_blocks,60,13.943000,1,1.000000
dijkstra-dial-skip,with_roads,building_blocks,2174,11.606000,1,1.000000
dijkstra-dial-skip,with_roads,building_blocks,796,10.106000,1,1.000000
dijkstra-dial-skip,with_roads,building_blocks,691,6.525000,1,1.000000
dijkstra-dial-skip,with_roads,building_blocks,636,38.767000,1,1.000000
dijkstra-dial-skip,with_roads,building_blocks,368,10.437000,1,1.000000
dijkstra-dial-skip,with_roads,building_blocks,2162,16.275000,1,1.000000
dijkstra-dial-skip,with_roads,building_blocks,273,10.985000,1,1.000000
dijkstra-dial-skip,with_roads,building_blocks,1987,3.451000,1,1.000000
dijkstra-dial-skip,with_roads,building_blocks,2171,28.698000,1,1.000000
dijkstra-dial-skip,with_roads,building_blocks,1588,13.079000,1,1.000000
dijkstra-dial-skip,with_roads,building_blocks,230,28.890000,1,1.000000
dijkstra-dial-skip,with_roads,building_blocks,1731,26.496000,1,1.000000
dijkstra-dial-skip,with_roads,building_blocks,1241,29.066000,1,1.000000
dijkstra-dial-skip,with_roads,building_blocks,78,11.563000,1,1.000000
dijkstra-dial-skip,with_roads,building_blocks,72,5.376000,1,1.000000
dijkstra-dial-skip,with_roads,building_blocks,245,38.170000,1,1.000000
dijkstra-dial-skip,with_roads,building_blocks,622,28.185000,1,1.000000
dijkstra-dial-skip,with_roads,building_blocks,660,11.399000,1,1.000000
dijkstra-dial-skip,with_roads,building_blocks,1472,8.200000,1,1.000000
dijkstra-dial-skip,with_roads,building_blocks,1759,5.666000,1,1.000000
dijkstra-dial-skip,with_roads,building_blocks,63,14.495000,1,1.000000
dijkstra-dial-skip,with_roads,building_blocks,1643,42.522000,1,1.000000
dijkstra-dial-skip,with_roads,building_blocks,567,9.128000,1,1.000000
dijkstra-dial-skip,with_roads,building_blocks,2106,38.897000,1,1.000000
dijkstra-dial-skip,with_roads,building_blocks,1919,13.031000,1,1.000000
dijkstra-dial-skip,with_roads,building_blocks,2067,18.810000,1,1.000000
dijkstra-dial-skip,with_roads,building_blocks,1588,13.243000,1,1.000000
dijkstra-dial-skip,with_roads,building_blocks,1235,12.795000,1,1.000000
dijkstra-dial-skip,with_roads,building_blocks,629,8.851000,1,1.000000
dijkstra-dial-skip,with_roads,building_blocks,1307,16.558000,1,1.000000
dijkstra-dial-skip,with_roads,building_blocks,1727,10.444000,1,1.000000
dijkstra-dial-skip,with_roads,building_blocks,803,55.655000,1,1.000000
dijkstra-dial-skip,with_roads,building_blocks,2357,20.252000,1,1.000000
dijkstra-dial-skip,with_roads,building_blocks,14,14.686000,1,1.000000
dijkstra-dial-skip,with_roads,building_blocks,2219,30.015000,1,1.000000
dijkstra-dial-skip,with_roads,building_blocks,2348,16.839000,1,1.000000
dijkstra-dial-skip,with_roads,building_blocks,435,13.253000,1,1.000000
dijkstra-dial-skip,with_roads,building_blocks,2059,8.413000,1,1.000000
dijkstra-dial-skip,with_roads,building_blocks,1242,31.723000,1,1.000000
dijkstra-dial-skip,with_roads,building_blocks,975,10.065000,1,1.000000
dijkstra-dial-skip,with_roads,building_blocks,803,39.623000,1,1.000000
dijkstra-dial-skip,with_roads,building_blocks,427,12.504000,1,1.000000
dijkstra-dial-skip,with_roads,building_blocks,614,10.138000,1,1.000000
dijkstra-dial-skip,with_roads,building_blocks,2231,5.076000,1,1.000000
dijkstra-dial-skip,with_roads,building_blocks,965,31.462000,1,1.000000
dijkstra-dial-skip,with_roads,building_blocks,273,11.668000,1,1.000000
dijkstra-dial-skip,with_roads,building_blocks,243,7.882000,1,1.000000
dijkstra-dial-skip,with_roads,building_blocks,1097,18.790000,1,1.000000
dijkstra-dial-skip,with_roads,building_blocks,255,10.802000,1,1.000000
dijkstra-dial-skip,with_roads,building_blocks,1036,10.018000,1,1.000000
dijkstra-dial-skip,with_roads,building_blocks,985,7.570000,1,1.000000
dijkstra-dial-skip,with_roads,building_blocks,1764,41.213000,1,1.000000
dijkstra-dial-skip,with_roads,building_blocks,754,36.121000,1,1.000000
dijkstra-dial-skip,with_roads,building_blocks,2351,41.074000,1,1.000000
dijkstra-dial-skip,with_roads,building_blocks,105,13.108000,1,1.000000
dijkstra-dial-skip,with_roads,building_blocks,2144,9.966000,1,1.000000
dijkstra-dial-skip,with_roads,building_blocks,1332,11.517000,1,1.000000
dijkstra-dial-skip,with_roads,building_blocks,1565,34.490000,1,1.000000
dijkstra-dial-skip,with_roads,building_blocks,330,29.136000,1,1.000000
dijkstra-dial-skip,with_roads,building_blocks,1094,13.191000,1,1.000000
dijkstra-dial-skip,with_roads,building_blocks,208,9.437000,1,1.000000
dijkstra-dial-skip,with_roads,building_blocks,1604,12.404000,1,1.000000
dijkstra-dial-skip,with_roads,building_blocks,842,20.281000,1,1.000000
dijkstra-dial-skip,with_roads,building_blocks,1834,11.027000,1,1.000000
dijkstra-dial-skip,with_roads,building_blocks,1801,10.919000,1,1.000000
dijkstra-dial-skip,with_roads,building_blocks,1043,15.329000,1,1.000000
dijkstra-dial-skip,with_roads,building_blocks,1696,38.687000,1,1.000000
dijkstra-dial-skip,with_roads,building_blocks,543,9.062000,1,1.000000
dijkstra-dial-skip,with_roads,building_blocks,2074,28.766000,1,1.000000
dijkstra-dial-skip,with_roads,building_blocks,185,20.910000,1,1.000000
dijkstra-dial-skip,with_roads,building_blocks,110,13.618000,1,1.000000
dijkstra-dial-skip,with_roads,building_blocks,1949,8.593000,1,1.000000
dijkstra-dial-skip,with_roads,building_blocks,648,11.012000,1,1.000000
dijkstra-dial-skip,with_roads,building_blocks,2268,28.308000,1,1.000000
dijkstra-dial-skip,with_roads,building_blocks,832,37.624000,1,1.000000
dijkstra-dial-skip,with_roads,building_blocks,211,38.498000,1,1.000000
dijkstra-dial-skip,with_roads,building_blocks,660,10.128000,1,1.000000
dijkstra-dial-skip,with_roads,building_blocks,264,37.349000,1,1.000000
dijkstra-dial-skip,with_roads,building_blocks,1097,14.304000,1,1.000000
dijkstra-dial-skip,with_roads,building_blocks,803,39.132000,1,1.000000
dijkstra-dial-skip,with_roads,building_blocks,1319,35.872000,1,1.000000
dijkstra-dial-skip,with_roads,building_blocks,1859,35.732000,1,1.000000
dijkstra-dial-skip,with_roads,building_blocks,1051,40.394000,1,1.000000
dijkstra-dial-skip,with_roads,building_blocks,442,37.051000,1,1.000000
dijkstra-dial-skip,with_roads,building_blocks,1073,15.247000,1,1.000000
dijkstra-dial-skip,with_roads,building_blocks,1013,30.212000,1,1.000000
dijkstra-dial-skip,with_roads,building_blocks,601,11.064000,1,1.000000
dijkstra-dial-skip,with_roads,building_blocks,1970,12.349000,1,1.000000
dijkstra-dial-skip,with_roads,building_blocks,760,17.550000,1,1.000000
dijkstra-dial-skip,with_roads,building_blocks,2068,20.899000,1,1.000000
dijkstra-dial-skip,with_roads,building_blocks,2006,37.232000,1,1.000000
dijkstra-dial-skip,with_roads,building_blocks,1916,11.473000,1,1.000000
dijkstra-dial-skip,with_roads,building_blocks,189,18.183000,1,1.000000
dijkstra-dial-skip,with_roads,building_blocks,1779,28.500000,1,1.000000
dijkstra-dial-skip,with_roads,building_blocks,1857,9.488000,1,1.000000
dijkstra-dial-skip,with_roads,building_blocks,465,12.323000,1,1.000000
dijkstra-dial-skip,with_roads,building_blocks,1558,23.444000,1,1.000000
dijkstra-dial-skip,no_roads,butterfly,133,65.182000,1,1.000000
dijkstra-dial-skip,no_roads,butterfly,25,64.593000,1,1.000000
dijkstra-dial-skip,no_roads,butterfly,392,37.446000,1,1.000000
dijkstra-dial-skip,no_roads,butterfly,326,52.501000,1,1.000000
dijkstra-dial-skip,no_roads,butterfly,293,54.197000,1,1.000000
dijkstra-dial-skip,no_roads,butterfly,173,56.394000,1,1.000000
dijkstra-dial-skip,no_roads,butterfly,110,56.512000,1,1.000000
dijkstra-dial-skip,no_roads,butterfly,834,17.545000,1,1.000000
dijkstra-dial-skip,no_roads,butterfly,89,59.792000,1,1.000000
dijkstra-dial-skip,no_roads,butterfly,907,24.054000,1,1.000000
dijkstra-dial-skip,no_roads,butterfly,659,24.876000,1,1.000000
dijkstra-dial-skip,no_roads,butterfly,32,61.965000,1,1.000000
dijkstra-dial-skip,no_roads,butterfly,30,59.858000,1,1.000000
dijkstra-dial-skip,no_roads,butterfly,101,57.873000,1,1.000000
dijkstra-dial-skip,no_roads,butterfly,285,38.732000,1,1.000000
dijkstra-dial-skip,no_roads,butterfly,306,35.688000,1,1.000000
dijkstra-dial-skip,no_roads,butterfly,775,18.004000,1,1.000000
dijkstra-dial-skip,no_roads,butterfly,928,16.918000,1,1.000000
dijkstra-dial-skip,no_roads,butterfly,27,60.217000,1,1.000000
dijkstra-dial-skip,no_roads,butterfly,861,23.784000,1,1.000000
dijkstra-dial-skip,no_roads,butterfly,257,38.442000,1,1.000000
dijkstra-dial-skip,no_roads,butterfly,834,16.132000,1,1.000000
dijkstra-dial-skip,no_roads,butterfly,656,25.106000,1,1.000000
dijkstra-dial-skip,no_roads,butterfly,287,37.342000,1,1.000000
dijkstra-dial-skip,no_roads,butterfly,694,28.734000,1,1.000000
dijkstra-dial-skip,no_roads,butterfly,906,24.363000,1,1.000000
dijkstra-dial-skip,no_roads,butterfly,398,34.695000,1,1.000000
dijkstra-dial-skip,no_roads,butterfly,6,56.594000,1,1.000000
dijkstra-dial-skip,no_roads,butterfly,203,56.103000,1,1.000000
dijkstra-dial-skip,no_roads,butterfly,659,24.591000,1,1.000000
dijkstra-dial-skip,no_roads,butterfly,489,38.224000,1,1.000000
dijkstra-dial-skip,no_roads,butterfly,398,35.344000,1,1.000000
dijkstra-dial-skip,no_roads,butterfly,199,56.872000,1,1.000000
dijkstra-dial-skip,no_roads,butterfly,282,35.626000,1,1.000000
dijkstra-dial-skip,no_roads,butterfly,483,36.889000,1,1.000000
dijkstra-dial-skip,no_roads,butterfly,110,56.466000,1,1.000000
dijkstra-dial-skip,no_roads,butterfly,100,56.899000,1,1.000000
dijkstra-dial-skip,no_roads,butterfly,556,16.757000,1,1.000000
dijkstra-dial-skip,no_roads,butterfly,105,56.681000,1,1.000000
dijkstra-dial-skip,no_roads,butterfly,520,35.435000,1,1.000000
dijkstra-dial-skip,no_roads,butterfly,495,17.002000,1,1.000000
dijkstra-dial-skip,no_roads,butterfly,930,17.687000,1,1.000000
dijkstra-dial-skip,no_roads,butterfly,364,32.672000,1,1.000000
dijkstra-dial-skip,no_roads,butterfly,44,55.208000,1,1.000000
dijkstra-dial-skip,no_roads,butterfly,708,24.479000,1,1.000000
dijkstra-dial-skip,no_roads,butterfly,818,23.653000,1,1.000000
dijkstra-dial-skip,no_roads,butterfly,146,55.906000,1,1.000000
dijkstra-dial-skip,no_roads,butterfly,551,37.828000,1,1.000000
dijkstra-dial-skip,no_roads,butterfly,80,58.070000,1,1.000000
dijkstra-dial-skip,no_roads,butterfly,844,23.766000,1,1.000000
dijkstra-dial-skip,no_roads,butterfly,421,36.257000,1,1.000000
dijkstra-dial-skip,no_roads,butterfly,526,17.430000,1,1.000000
dijkstra-dial-skip,no_roads,butterfly,889,25.636000,1,1.000000
dijkstra-dial-skip,no_roads,butterfly,250,37.069000,1,1.000000
dijkstra-dial-skip,no_roads,butterfly,71,58.917000,1,1.000000
dijkstra-dial-skip,no_roads,butterfly,46,56.644000,1,1.000000
dijkstra-dial-skip,no_roads,butterfly,301,37.188000,1,1.000000
dijkstra-dial-skip,no_roads,butterfly,414,36.127000,1,1.000000
dijkstra-dial-skip,no_roads,butterfly,81,59.069000,1,1.000000
dijkstra-dial-skip,no_roads,butterfly,306,37.415000,1,1.000000
dijkstra-dial-skip,no_roads,butterfly,109,59.075000,1,1.000000
dijkstra-dial-skip,no_roads,butterfly,556,16.906000,1,1.000000
dijkstra-dial-skip,no_roads,butterfly,398,35.476000,1,1.000000
dijkstra-dial-skip,no_roads,butterfly,702,24.767000,1,1.000000
dijkstra-dial-skip,no_roads,butterfly,532,38.144000,1,1.000000
dijkstra-dial-skip,no_roads,butterfly,206,59.919000,1,1.000000
dijkstra-dial-skip,no_roads,butterfly,538,36.532000,1,1.000000
dijkstra-dial-skip,no_roads,butterfly,514,34.805000,1,1.000000
dijkstra-dial-skip,no_roads,butterfly,272,34.738000,1,1.000000
dijkstra-dial-skip,no_roads,butterfly,372,17.478000,1,1.000000
dijkstra-dial-skip,no_roads,butterfly,73,58.126000,1,1.000000
dijkstra-dial-skip,no_roads,butterfly,943,4.593000,1,1.000000
dijkstra-dial-skip,no_roads,butterfly,220,34.969000,1,1.000000
dijkstra-dial-skip,no_roads,butterfly,815,24.001000,1,1.000000
dijkstra-dial-skip,no_roads,butterfly,326,53.396000,1,1.000000
dijkstra-dial-skip,no_roads,butterfly,210,35.990000,1,1.000000
dijkstra-dial-skip,no_roads,butterfly,713,16.868000,1,1.000000
dijkstra-dial-skip,no_roads,butterfly,552,36.979000,1,1.000000
dijkstra-dial-skip,no_roads,butterfly,380,34.220000,1,1.000000
dijkstra-dial-skip,no_roads,butterfly,855,24.179000,1,1.000000
dijkstra-dial-skip,no_roads,butterfly,286,35.149000,1,1.000000
dijkstra-dial-skip,no_roads,butterfly,464,17.377000,1,1.000000
dijkstra-dial-skip,no_roads,butterfly,57,63.019000,1,1.000000
dijkstra-dial-skip,no_roads,butterfly,302,38.589000,1,1.000000
dijkstra-dial-skip,no_roads,butterfly,32,57.136000,1,1.000000
dijkstra-dial-skip,no_roads,butterfly,453,36.708000,1,1.000000
dijkstra-dial-skip,no_roads,butterfly,588,16.798000,1,1.000000
dijkstra-dial-skip,no_roads,butterfly,375,37.826000,1,1.000000
dijkstra-dial-skip,no_roads,butterfly,67,59.107000,1,1.000000
dijkstra-dial-skip,no_roads,butterfly,274,35.032000,1,1.000000
dijkstra-dial-skip,no_roads,butterfly,870,16.865000,1,1.000000
dijkstra-dial-skip,no_roads,butterfly,452,35.266000,1,1.000000
dijkstra-dial-skip,no_roads,butterfly,275,38.425000,1,1.000000
dijkstra-dial-skip,no_roads,butterfly,767,23.153000,1,1.000000
dijkstra-dial-skip,no_roads,butterfly,580,35.777000,1,1.000000
dijkstra-dial-skip,no_roads,butterfly,707,24.543000,1,1.000000
dijkstra-dial-skip,no_roads,butterfly,181,38.419000,1,1.000000
dijkstra-dial-skip,no_roads,butterfly,367,37.211000,1,1.000000
dijkstra-dial-skip,no_roads,butterfly,173,58.043000,1,1.000000
dijkstra-dial-skip,no_roads,butterfly,331,36.669000,1,1.000000
dijkstra-dial-skip,with_roads,butterfly,133,61.197000,1,1.000000
dijkstra-dial-skip,with_roads,butterfly,25,58.960000,1,1.000000
dijkstra-dial-skip,with_roads,butterfly,392,35.456000,1,1.000000
dijkstra-dial-skip,with_roads,butterfly,326,53.413000,1,1.000000
dijkstra-dial-skip,with_roads,butterfly,293,58.132000,1,1.000000
dijkstra-dial-skip,with_roads,butterfly,173,54.859000,1,1.000000
dijkstra-dial-skip,with_roads,butterfly,110,55.463000,1,1.000000
dijkstra-dial-skip,with_roads,butterfly,834,17.167000,1,1.000000
dijkstra-dial-skip,with_roads,butterfly,89,59.101000,1,1.000000
dijkstra-dial-skip,with_roads,butterfly,907,24.774000,1,1.000000
dijkstra-dial-skip,with_roads,butterfly,659,24.401000,1,1.000000
dijkstra-dial-skip,with_roads,butterfly,32,56.639000,1,1.000000
dijkstra-dial-skip,with_roads,butterfly,30,58.350000,1,1.000000
dijkstra-dial-skip,with_roads,butterfly,101,57.717000,1,1.000000
dijkstra-dial-skip,with_roads,butterfly,285,37.978000,1,1.000000
dijkstra-dial-skip,with_roads,butterfly,306,39.073000,1,1.000000
dijkstra-dial-skip,with_roads,butterfly,775,17.586000,1,1.000000
dijkstra-dial-skip,with_roads,butterfly,928,17.190000,1,1.000000
dijkstra-dial-skip,with_roads,butterfly,27,59.991000,1,1.000000
dijkstra-dial-skip,with_roads,butterfly,861,23.916000,1,1.000000
dijkstra-dial-skip,with_roads,butterfly,257,39.139000,1,1.000000
dijkstra-dial-skip,with_roads,butterfly,834,16.860000,1,1.000000
dijkstra-dial-skip,with_roads,butterfly,656,24.810000,1,1.000000
dijkstra-dial-skip,with_roads,butterfly,287,37.105000,1,1.000000
dijkstra-dial-skip,with_roads,butterfly,694,25.726000,1,1.000000
dijkstra-dial-skip,with_roads,butterfly,906,24.051000,1,1.000000
dijkstra-dial-skip,with_roads,butterfly,398,35.073000,1,1.000000
dijkstra-dial-skip,with_roads,butterfly,6,56.192000,1,1.000000
dijkstra-dial-skip,with_roads,butterfly,203,59.459000,1,1.000000
dijkstra-dial-skip,with_roads,butterfly,659,24.391000,1,1.000000
dijkstra-dial-skip,with_roads,butterfly,489,37.445000,1,1.000000
dijkstra-dial-skip,with_roads,butterfly,398,35.249000,1,1.000000
dijkstra-dial-skip,with_roads,butterfly,199,56.947000,1,1.000000
dijkstra-dial-skip,with_roads,butterfly,282,35.814000,1,1.000000
dijkstra-dial-skip,with_roads,butterfly,483,37.243000,1,1.000000
dijkstra-dial-skip,with_roads,butterfly,110,56.417000,1,1.000000
dijkstra-dial-skip,with_roads,butterfly,100,56.225000,1,1.000000
dijkstra-dial-skip,with_roads,butterfly,556,17.092000,1,1.000000
dijkstra-dial-skip,with_roads,butterfly,105,59.134000,1,1.000000
dijkstra-dial-skip,with_roads,butterfly,520,40.060000,1,1.000000
dijkstra-dial-skip,with_roads,butterfly,495,17.559000,1,1.000000
dijkstra-dial-skip,with_roads,butterfly,930,19.450000,1,1.000000
dijkstra-dial-skip,with_roads,butterfly,364,36.403000,1,1.000000
dijkstra-dial-skip,with_roads,butterfly,44,58.376000,1,1.000000
dijkstra-dial-skip,with_roads,butterfly,708,26.703000,1,1.000000
dijkstra-dial-skip,with_roads,butterfly,818,24.982000,1,1.000000
dijkstra-dial-skip,with_roads,butterfly,146,59.408000,1,1.000000
dijkstra-dial-skip,with_roads,butterfly,551,40.524000,1,1.000000
dijkstra-dial-skip,with_roads,butterfly,80,60.281000,1,1.000000
dijkstra-dial-skip,with_roads,butterfly,844,24.264000,1,1.000000
dijkstra-dial-skip,with_roads,butterfly,421,40.121000,1,1.000000
dijkstra-dial-skip,with_roads,butterfly,526,21.069000,1,1.000000
dijkstra-dial-skip,with_roads,butterfly,889,23.529000,1,1.000000
dijkstra-dial-skip,with_roads,butterfly,250,38.256000,1,1.000000
dijkstra-dial-skip,with_roads,butterfly,71,60.771000,1,1.000000
dijkstra-dial-skip,with_roads,butterfly,46,59.243000,1,1.000000
dijkstra-dial-skip,with_roads,butterfly,301,39.226000,1,1.000000
dijkstra-dial-skip,with_roads,butterfly,414,37.243000,1,1.000000
dijkstra-dial-skip,with_roads,butterfly,81,61.996000,1,1.000000
dijkstra-dial-skip,with_roads,butterfly,306,37.816000,1,1.000000
dijkstra-dial-skip,with_roads,butterfly,109,61.806000,1,1.000000
dijkstra-dial-skip,with_roads,butterfly,556,17.752000,1,1.000000
dijkstra-dial-skip,with_roads,butterfly,398,40.835000,1,1.000000
dijkstra-dial-skip,with_roads,butterfly,702,25.567000,1,1.000000
dijkstra-dial-skip,with_roads,butterfly,532,38.983000,1,1.000000
dijkstra-dial-skip,with_roads,butterfly,206,57.283000,1,1.000000
dijkstra-dial-skip,with_roads,butterfly,538,38.374000,1,1.000000
dijkstra-dial-skip,with_roads,butterfly,514,35.980000,1,1.000000
dijkstra-dial-skip,with_roads,butterfly,272,36.621000,1,1.000000
dijkstra-dial-skip,with_roads,butterfly,372,18.826000,1,1.000000
dijkstra-dial-skip,with_roads,butterfly,73,63.555000,1,1.000000
dijkstra-dial-skip,with_roads,butterfly,943,4.995000,1,1.000000
dijkstra-dial-skip,with_roads,butterfly,220,36.947000,1,1.000000
dijkstra-dial-skip,with_roads,butterfly,815,24.232000,1,1.000000
dijkstra-dial-skip,with_roads,butterfly,326,55.914000,1,1.000000
dijkstra-dial-skip,with_roads,butterfly,210,35.983000,1,1.000000
dijkstra-dial-skip,with_roads,butterfly,713,16.949000,1,1.000000
dijkstra-dial-skip,with_roads,butterfly,552,37.829000,1,1.000000
dijkstra-dial-skip,with_roads,butterfly,380,34.578000,1,1.000000
dijkstra-dial-skip,with_roads,butterfly,855,24.821000,1,1.000000
dijkstra-dial-skip,with_roads,butterfly,286,35.787000,1,1.000000
dijkstra-dial-skip,with_roads,butterfly,464,17.924000,1,1.000000
dijkstra-dial-skip,with_roads,butterfly,57,61.747000,1,1.000000
dijkstra-dial-skip,with_roads,butterfly,302,36.350000,1,1.000000
dijkstra-dial-skip,with_roads,butterfly,32,59.609000,1,1.000000
dijkstra-dial-skip,with_roads,butterfly,453,38.402000,1,1.000000
dijkstra-dial-skip,with_roads,butterfly,588,17.140000,1,1.000000
dijkstra-dial-skip,with_roads,butterfly,375,38.615000,1,1.000000
dijkstra-dial-skip,with_roads,butterfly,67,60.883000,1,1.000000
dijkstra-dial-skip,with_roads,butterfly,274,35.374000,1,1.000000
dijkstra-dial-skip,with_roads,butterfly,870,16.783000,1,1.000000
dijkstra-dial-skip,with_roads,butterfly,452,35.972000,1,1.000000
dijkstra-dial-skip,with_roads,butterfly,275,39.633000,1,1.000000
dijkstra-dial-skip,with_roads,butterfly,767,23.874000,1,1.000000
dijkstra-dial-skip,with_roads,butterfly,580,37.654000,1,1.000000
dijkstra-dial-skip,with_roads,butterfly,707,24.910000,1,1.000000
dijkstra-dial-skip,with_roads,butterfly,181,40.000000,1,1.000000
dijkstra-dial-skip,with_roads,butterfly,367,37.425000,1,1.000000
dijkstra-dial-skip,with_roads,butterfly,173,60.296000,1,1.000000
dijkstra-dial-skip,with_roads,butterfly,331,39.311000,1,1.000000
dijkstra-dial-skip,no_roads,castle_keep,1647,620.134000,1,1.000000
dijkstra-dial-skip,no_roads,castle_keep,244,648.190000,1,1.000000
dijkstra-dial-skip,no_roads,castle_keep,51,700.329000,1,1.000000
dijkstra-dial-skip,no_roads,castle_keep,1879,707.845000,1,1.000000
dijkstra-dial-skip,no_roads,castle_keep,600,686.088000,1,1.000000
dijkstra-dial-skip,no_roads,castle_keep,535,673.516000,1,1.000000
dijkstra-dial-skip,no_roads,castle_keep,489,670.421000,1,1.000000
dijkstra-dial-skip,no_roads,castle_keep,308,625.376000,1,1.000000
dijkstra-dial-skip,no_roads,castle_keep,1868,669.770000,1,1.000000
dijkstra-dial-skip,no_roads,castle_keep,222,620.094000,1,1.000000
dijkstra-dial-skip,no_roads,castle_keep,1732,644.118000,1,1.000000
dijkstra-dial-skip,no_roads,castle_keep,1877,615.361000,1,1.000000
dijkstra-dial-skip,no_roads,castle_keep,2277,621.743000,1,1.000000
dijkstra-dial-skip,no_roads,castle_keep,1395,584.682000,1,1.000000
dijkstra-dial-skip,no_roads,castle_keep,186,602.056000,1,1.000000
dijkstra-dial-skip,no_roads,castle_keep,1517,609.335000,1,1.000000
dijkstra-dial-skip,no_roads,castle_keep,1057,595.312000,1,1.000000
dijkstra-dial-skip,no_roads,castle_keep,65,593.738000,1,1.000000
dijkstra-dial-skip,no_roads,castle_keep,61,595.887000,1,1.000000
dijkstra-dial-skip,no_roads,castle_keep,203,756.851000,1,1.000000
dijkstra-dial-skip,no_roads,castle_keep,478,596.118000,1,1.000000
dijkstra-dial-skip,no_roads,castle_keep,509,595.357000,1,1.000000
dijkstra-dial-skip,no_roads,castle_keep,1286,581.576000,1,1.000000
dijkstra-dial-skip,no_roads,castle_keep,1543,600.274000,1,1.000000
dijkstra-dial-skip,no_roads,castle_keep,54,596.121000,1,1.000000
dijkstra-dial-skip,no_roads,castle_keep,1442,590.699000,1,1.000000
dijkstra-dial-skip,no_roads,castle_keep,437,598.900000,1,1.000000
dijkstra-dial-skip,no_roads,castle_keep,1822,605.382000,1,1.000000
dijkstra-dial-skip,no_roads,castle_keep,1673,601.868000,1,1.000000
dijkstra-dial-skip,no_roads,castle_keep,1787,595.260000,1,1.000000
dijkstra-dial-skip,no_roads,castle_keep,1395,638.288000,1,1.000000
dijkstra-dial-skip,no_roads,castle_keep,1052,597.695000,1,1.000000
dijkstra-dial-skip,no_roads,castle_keep,482,790.059000,1,1.000000
dijkstra-dial-skip,no_roads,castle_keep,1137,586.476000,1,1.000000
dijkstra-dial-skip,no_roads,castle_keep,1514,607.269000,1,1.000000
dijkstra-dial-skip,no_roads,castle_keep,606,595.423000,1,1.000000
dijkstra-dial-skip,no_roads,castle_keep,2099,614.251000,1,1.000000
dijkstra-dial-skip,no_roads,castle_keep,2228,613.261000,1,1.000000
dijkstra-dial-skip,no_roads,castle_keep,13,611.965000,1,1.000000
dijkstra-dial-skip,no_roads,castle_keep,1952,596.824000,1,1.000000
dijkstra-dial-skip,no_roads,castle_keep,2092,604.898000,1,1.000000
dijkstra-dial-skip,no_roads,castle_keep,353,590.188000,1,1.000000
dijkstra-dial-skip,no_roads,castle_keep,1780,606.459000,1,1.000000
dijkstra-dial-skip,no_roads,castle_keep,1058,599.548000,1,1.000000
dijkstra-dial-skip,no_roads,castle_keep,815,602.216000,1,1.000000
dijkstra-dial-skip,no_roads,castle_keep,606,613.135000,1,1.000000
dijkstra-dial-skip,no_roads,castle_keep,344,609.460000,1,1.000000
dijkstra-dial-skip,no_roads,castle_keep,471,577.796000,1,1.000000
dijkstra-dial-skip,no_roads,castle_keep,1963,612.001000,1,1.000000
dijkstra-dial-skip,no_roads,castle_keep,807,601.387000,1,1.000000
dijkstra-dial-skip,no_roads,castle_keep,222,610.864000,1,1.000000
dijkstra-dial-skip,no_roads,castle_keep,199,609.395000,1,1.000000
dijkstra-dial-skip,no_roads,castle_keep,926,609.294000,1,1.000000
dijkstra-dial-skip,no_roads,castle_keep,211,612.497000,1,1.000000
dijkstra-dial-skip,no_roads,castle_keep,863,654.734000,1,1.000000
dijkstra-dial-skip,no_roads,castle_keep,2181,613.225000,1,1.000000
dijkstra-dial-skip,no_roads,castle_keep,825,604.633000,1,1.000000
dijkstra-dial-skip,no_roads,castle_keep,1547,603.058000,1,1.000000
dijkstra-dial-skip,no_roads,castle_keep,576,615.410000,1,1.000000
dijkstra-dial-skip,no_roads,castle_keep,2094,618.023000,1,1.000000
dijkstra-dial-skip,no_roads,castle_keep,88,593.724000,1,1.000000
dijkstra-dial-skip,no_roads,castle_keep,1850,609.246000,1,1.000000
dijkstra-dial-skip,no_roads,castle_keep,1159,602.452000,1,1.000000
dijkstra-dial-skip,no_roads,castle_keep,1368,602.669000,1,1.000000
dijkstra-dial-skip,no_roads,castle_keep,273,596.621000,1,1.000000
dijkstra-dial-skip,no_roads,castle_keep,2340,591.110000,1,1.000000
dijkstra-dial-skip,no_roads,castle_keep,917,606.380000,1,1.000000
dijkstra-dial-skip,no_roads,castle_keep,169,631.573000,1,1.000000
dijkstra-dial-skip,no_roads,castle_keep,1418,637.838000,1,1.000000
dijkstra-dial-skip,no_roads,castle_keep,640,612.088000,1,1.000000
dijkstra-dial-skip,no_roads,castle_keep,2142,610.614000,1,1.000000
dijkstra-dial-skip,no_roads,castle_keep,1624,609.207000,1,1.000000
dijkstra-dial-skip,no_roads,castle_keep,1586,598.514000,1,1.000000
dijkstra-dial-skip,no_roads,castle_keep,2263,596.556000,1,1.000000
dijkstra-dial-skip,no_roads,castle_keep,2212,584.448000,1,1.000000
dijkstra-dial-skip,no_roads,castle_keep,869,597.681000,1,1.000000
dijkstra-dial-skip,no_roads,castle_keep,1482,606.963000,1,1.000000
dijkstra-dial-skip,no_roads,castle_keep,422,574.638000,1,1.000000
dijkstra-dial-skip,no_roads,castle_keep,1793,590.783000,1,1.000000
dijkstra-dial-skip,no_roads,castle_keep,148,613.604000,1,1.000000
dijkstra-dial-skip,no_roads,castle_keep,93,616.940000,1,1.000000
dijkstra-dial-skip,no_roads,castle_keep,1697,625.648000,1,1.000000
dijkstra-dial-skip,no_roads,castle_keep,499,594.168000,1,1.000000
dijkstra-dial-skip,no_roads,castle_keep,2021,623.252000,1,1.000000
dijkstra-dial-skip,no_roads,castle_keep,632,613.792000,1,1.000000
dijkstra-dial-skip,no_roads,castle_keep,171,600.639000,1,1.000000
dijkstra-dial-skip,no_roads,castle_keep,2197,601.789000,1,1.000000
dijkstra-dial-skip,no_roads,castle_keep,509,589.568000,1,1.000000
dijkstra-dial-skip,no_roads,castle_keep,2222,617.617000,1,1.000000
dijkstra-dial-skip,no_roads,castle_keep,219,610.523000,1,1.000000
dijkstra-dial-skip,no_roads,castle_keep,926,641.605000,1,1.000000
dijkstra-dial-skip,no_roads,castle_keep,606,603.407000,1,1.000000
dijkstra-dial-skip,no_roads,castle_keep,1147,603.262000,1,1.000000
dijkstra-dial-skip,no_roads,castle_keep,1639,617.025000,1,1.000000
dijkstra-dial-skip,no_roads,castle_keep,2153,611.762000,1,1.000000
dijkstra-dial-skip,no_roads,castle_keep,879,619.984000,1,1.000000
dijkstra-dial-skip,no_roads,castle_keep,360,611.145000,1,1.000000
dijkstra-dial-skip,no_roads,castle_keep,896,622.520000,1,1.000000
dijkstra-dial-skip,no_roads,castle_keep,853,602.978000,1,1.000000
dijkstra-dial-skip,no_roads,castle_keep,460,611.685000,1,1.000000
dijkstra-dial-skip,with_roads,castle_keep,1647,764.008000,1,1.000000
dijkstra-dial-skip,with_roads,castle_keep,244,686.065000,1,1.000000
dijkstra-dial-skip,with_roads,castle_keep,51,702.146000,1,1.000000
dijkstra-dial-skip,with_roads,castle_keep,1879,659.644000,1,1.000000
dijkstra-dial-skip,with_roads,castle_keep,600,636.127000,1,1.000000
dijkstra-dial-skip,with_roads,castle_keep,535,638.753000,1,1.000000
dijkstra-dial-skip,with_roads,castle_keep,489,657.506000,1,1.000000
dijkstra-dial-skip,with_roads,castle_keep,308,637.301000,1,1.000000
dijkstra-dial-skip,with_roads,castle_keep,1868,668.525000,1,1.000000
dijkstra-dial-skip,with_roads,castle_keep,222,669.249000,1,1.000000
dijkstra-dial-skip,with_roads,castle_keep,1732,703.163000,1,1.000000
dijkstra-dial-skip,with_roads,castle_keep,1877,701.709000,1,1.000000
dijkstra-dial-skip,with_roads,castle_keep,2277,673.189000,1,1.000000
dijkstra-dial-skip,with_roads,castle_keep,1395,647.841000,1,1.000000
dijkstra-dial-skip,with_roads,castle_keep,186,669.707000,1,1.000000
dijkstra-dial-skip,with_roads,castle_keep,1517,661.262000,1,1.000000
dijkstra-dial-skip,with_roads,castle_keep,1057,623.198000,1,1.000000
dijkstra-dial-skip,with_roads,castle_keep,65,617.385000,1,1.000000
dijkstra-dial-skip,with_roads,castle_keep,61,634.847000,1,1.000000
dijkstra-dial-skip,with_roads,castle_keep,203,621.214000,1,1.000000
dijkstra-dial-skip,with_roads,castle_keep,478,650.612000,1,1.000000
dijkstra-dial-skip,with_roads,castle_keep,509,622.636000,1,1.000000
dijkstra-dial-skip,with_roads,castle_keep,1286,657.060000,1,1.000000
dijkstra-dial-skip,with_roads,castle_keep,1543,639.906000,1,1.000000
dijkstra-dial-skip,with_roads,castle_keep,54,624.940000,1,1.000000
dijkstra-dial-skip,with_roads,castle_keep,1442,615.141000,1,1.000000
dijkstra-dial-skip,with_roads,castle_keep,437,653.212000,1,1.000000
dijkstra-dial-skip,with_roads,castle_keep,1822,628.765000,1,1.000000
dijkstra-dial-skip,with_roads,castle_keep,1673,649.074000,1,1.000000
dijkstra-dial-skip,with_roads,castle_keep,1787,642.943000,1,1.000000
dijkstra-dial-skip,with_roads,castle_keep,1395,649.817000,1,1.000000
dijkstra-dial-skip,with_roads,castle_keep,1052,671.815000,1,1.000000
dijkstra-dial-skip,with_roads,castle_keep,482,691.813000,1,1.000000
dijkstra-dial-skip,with_roads,castle_keep,1137,671.254000,1,1.000000
dijkstra-dial-skip,with_roads,castle_keep,1514,687.759000,1,1.000000
dijkstra-dial-skip,with_roads,castle_keep,606,668.714000,1,1.000000
dijkstra-dial-skip,with_roads,castle_keep,2099,662.538000,1,1.000000
dijkstra-dial-skip,with_roads,castle_keep,2228,649.719000,1,1.000000
dijkstra-dial-skip,with_roads,castle_keep,13,684.673000,1,1.000000
dijkstra-dial-skip,with_roads,castle_keep,1952,691.258000,1,1.000000
dijkstra-dial-skip,with_roads,castle_keep,2092,664.347000,1,1.000000
dijkstra-dial-skip,with_roads,castle_keep,353,665.696000,1,1.000000
dijkstra-dial-skip,with_roads,castle_keep,1780,683.331000,1,1.000000
dijkstra-dial-skip,with_roads,castle_keep,1058,761.001000,1,1.000000
dijkstra-dial-skip,with_roads,castle_keep,815,641.550000,1,1.000000
dijkstra-dial-skip,with_roads,castle_keep,606,630.257000,1,1.000000
dijkstra-dial-skip,with_roads,castle_keep,344,638.797000,1,1.000000
dijkstra-dial-skip,with_roads,castle_keep,471,627.253000,1,1.000000
dijkstra-dial-skip,with_roads,castle_keep,1963,622.889000,1,1.000000
dijkstra-dial-skip,with_roads,castle_keep,807,619.253000,1,1.000000
dijkstra-dial-skip,with_roads,castle_keep,222,653.482000,1,1.000000
dijkstra-dial-skip,with_roads,castle_keep,199,636.285000,1,1.000000
dijkstra-dial-skip,with_roads,castle_keep,926,632.910000,1,1.000000
dijkstra-dial-skip,with_roads,castle_keep,211,639.440000,1,1.000000
dijkstra-dial-skip,with_roads,castle_keep,863,626.721000,1,1.000000
dijkstra-dial-skip,with_roads,castle_keep,2181,672.635000,1,1.000000
dijkstra-dial-skip,with_roads,castle_keep,825,671.913000,1,1.000000
dijkstra-dial-skip,with_roads,castle_keep,1547,619.840000,1,1.000000
dijkstra-dial-skip,with_roads,castle_keep,576,656.769000,1,1.000000
dijkstra-dial-skip,with_roads,castle_keep,2094,727.482000,1,1.000000
dijkstra-dial-skip,with_roads,castle_keep,88,724.629000,1,1.000000
dijkstra-dial-skip,with_roads,castle_keep,1850,643.949000,1,1.000000
dijkstra-dial-skip,with_roads,castle_keep,1159,671.210000,1,1.000000
dijkstra-dial-skip,with_roads,castle_keep,1368,709.424000,1,1.000000
dijkstra-dial-skip,with_roads,castle_keep,273,681.562000,1,1.000000
dijkstra-dial-skip,with_roads,castle_keep,2340,629.475000,1,1.000000
dijkstra-dial-skip,with_roads,castle_keep,917,667.742000,1,1.000000
dijkstra-dial-skip,with_roads,castle_keep,169,646.270000,1,1.000000
dijkstra-dial-skip,with_roads,castle_keep,1418,656.070000,1,1.000000
dijkstra-dial-skip,with_roads,castle_keep,640,633.320000,1,1.000000
dijkstra-dial-skip,with_roads,castle_keep,2142,652.161000,1,1.000000
dijkstra-dial-skip,with_roads,castle_keep,1624,656.942000,1,1.000000
dijkstra-dial-skip,with_roads,castle_keep,1586,663.232000,1,1.000000
dijkstra-dial-skip,with_roads,castle_keep,2263,626.963000,1,1.000000
dijkstra-dial-skip,with_roads,castle_keep,2212,665.294000,1,1.000000
dijkstra-dial-skip,with_roads,castle_keep,869,663.963000,1,1.000000
dijkstra-dial-skip,with_roads,castle_keep,1482,644.582000,1,1.000000
dijkstra-dial-skip,with_roads,castle_keep,422,630.999000,1,1.000000
dijkstra-dial-skip,with_roads,castle_keep,1793,637.310000,1,1.000000
dijkstra-dial-skip,with_roads,castle_keep,148,653.699000,1,1.000000
dijkstra-dial-skip,with_roads,castle_keep,93,665.953000,1,1.000000
dijkstra-dial-skip,with_roads,castle_keep,1697,639.893000,1,1.000000
dijkstra-dial-skip,with_roads,castle_keep,499,632.937000,1,1.000000
dijkstra-dial-skip,with_roads,castle_keep,2021,653.365000,1,1.000000
dijkstra-dial-skip,with_roads,castle_keep,632,664.447000,1,1.000000
dijkstra-dial-skip,with_roads,castle_keep,171,640.753000,1,1.000000
dijkstra-dial-skip,with_roads,castle_keep,2197,645.733000,1,1.000000
dijkstra-dial-skip,with_roads,castle_keep,509,626.152000,1,1.000000
dijkstra-dial-skip,with_roads,castle_keep,2222,633.812000,1,1.000000
dijkstra-dial-skip,with_roads,castle_keep,219,599.127000,1,1.000000
dijkstra-dial-skip,with_roads,castle_keep,926,621.907000,1,1.000000
dijkstra-dial-skip,with_roads,castle_keep,606,627.306000,1,1.000000
dijkstra-dial-skip,with_roads,castle_keep,1147,695.004000,1,1.000000
dijkstra-dial-skip,with_roads,castle_keep,1639,607.542000,1,1.000000
dijkstra-dial-skip,with_roads,castle_keep,2153,616.402000,1,1.000000
dijkstra-dial-skip,with_roads,castle_keep,879,628.880000,1,1.000000
dijkstra-dial-skip,with_roads,castle_keep,360,635.669000,1,1.000000
dijkstra-dial-skip,with_roads,castle_keep,896,657.981000,1,1.000000
dijkstra-dial-skip,with_roads,castle_keep,853,646.721000,1,1.000000
dijkstra-dial-skip,with_roads,castle_keep,460,662.269000,1,1.000000
dijkstra-dial-skip,no_roads,chemistry_class,1475,475.325000,1,1.000000
dijkstra-dial-skip,no_roads,chemistry_class,228,459.805000,1,1.000000
dijkstra-dial-skip,no_roads,chemistry_class,51,455.781000,1,1.000000
dijkstra-dial-skip,no_roads,chemistry_class,583,481.516000,1,1.000000
dijkstra-dial-skip,no_roads,chemistry_class,515,471.560000,1,1.000000
dijkstra-dial-skip,no_roads,chemistry_class,466,559.260000,1,1.000000
dijkstra-dial-skip,no_roads,chemistry_class,287,507.768000,1,1.000000
dijkstra-dial-skip,no_roads,chemistry_class,209,523.307000,1,1.000000
dijkstra-dial-skip,no_roads,chemistry_class,1551,490.386000,1,1.000000
dijkstra-dial-skip,no_roads,chemistry_class,1216,501.646000,1,1.000000
dijkstra-dial-skip,no_roads,chemistry_class,178,482.912000,1,1.000000
dijkstra-dial-skip,no_roads,chemistry_class,1338,466.006000,1,1.000000
dijkstra-dial-skip,no_roads,chemistry_class,920,469.960000,1,1.000000
dijkstra-dial-skip,no_roads,chemistry_class,65,482.192000,1,1.000000
dijkstra-dial-skip,no_roads,chemistry_class,61,465.543000,1,1.000000
dijkstra-dial-skip,no_roads,chemistry_class,191,479.326000,1,1.000000
dijkstra-dial-skip,no_roads,chemistry_class,456,477.488000,1,1.000000
dijkstra-dial-skip,no_roads,chemistry_class,487,478.311000,1,1.000000
dijkstra-dial-skip,no_roads,chemistry_class,1120,479.608000,1,1.000000
dijkstra-dial-skip,no_roads,chemistry_class,1368,489.704000,1,1.000000
dijkstra-dial-skip,no_roads,chemistry_class,54,480.381000,1,1.000000
dijkstra-dial-skip,no_roads,chemistry_class,1262,457.082000,1,1.000000
dijkstra-dial-skip,no_roads,chemistry_class,415,459.227000,1,1.000000
dijkstra-dial-skip,no_roads,chemistry_class,1496,460.061000,1,1.000000
dijkstra-dial-skip,no_roads,chemistry_class,1216,452.537000,1,1.000000
dijkstra-dial-skip,no_roads,chemistry_class,915,462.361000,1,1.000000
dijkstra-dial-skip,no_roads,chemistry_class,460,456.487000,1,1.000000
dijkstra-dial-skip,no_roads,chemistry_class,985,466.218000,1,1.000000
dijkstra-dial-skip,no_roads,chemistry_class,1333,453.781000,1,1.000000
dijkstra-dial-skip,no_roads,chemistry_class,589,460.291000,1,1.000000
dijkstra-dial-skip,no_roads,chemistry_class,13,453.721000,1,1.000000
dijkstra-dial-skip,no_roads,chemistry_class,333,461.479000,1,1.000000
dijkstra-dial-skip,no_roads,chemistry_class,1595,459.765000,1,1.000000
dijkstra-dial-skip,no_roads,chemistry_class,921,460.654000,1,1.000000
dijkstra-dial-skip,no_roads,chemistry_class,728,460.116000,1,1.000000
dijkstra-dial-skip,no_roads,chemistry_class,589,478.077000,1,1.000000
dijkstra-dial-skip,no_roads,chemistry_class,324,480.048000,1,1.000000
dijkstra-dial-skip,no_roads,chemistry_class,449,490.766000,1,1.000000
dijkstra-dial-skip,no_roads,chemistry_class,721,458.224000,1,1.000000
dijkstra-dial-skip,no_roads,chemistry_class,209,477.485000,1,1.000000
dijkstra-dial-skip,no_roads,chemistry_class,189,455.938000,1,1.000000
dijkstra-dial-skip,no_roads,chemistry_class,816,456.121000,1,1.000000
dijkstra-dial-skip,no_roads,chemistry_class,198,467.811000,1,1.000000
dijkstra-dial-skip,no_roads,chemistry_class,771,451.224000,1,1.000000
dijkstra-dial-skip,no_roads,chemistry_class,737,439.441000,1,1.000000
dijkstra-dial-skip,no_roads,chemistry_class,1372,440.123000,1,1.000000
dijkstra-dial-skip,no_roads,chemistry_class,559,444.505000,1,1.000000
dijkstra-dial-skip,no_roads,chemistry_class,88,458.411000,1,1.000000
dijkstra-dial-skip,no_roads,chemistry_class,1009,445.725000,1,1.000000
dijkstra-dial-skip,no_roads,chemistry_class,1196,462.531000,1,1.000000
dijkstra-dial-skip,no_roads,chemistry_class,256,442.823000,1,1.000000
dijkstra-dial-skip,no_roads,chemistry_class,813,454.615000,1,1.000000
dijkstra-dial-skip,no_roads,chemistry_class,161,452.881000,1,1.000000
dijkstra-dial-skip,no_roads,chemistry_class,1236,455.831000,1,1.000000
dijkstra-dial-skip,no_roads,chemistry_class,622,478.888000,1,1.000000
dijkstra-dial-skip,no_roads,chemistry_class,1453,459.703000,1,1.000000
dijkstra-dial-skip,no_roads,chemistry_class,1420,447.406000,1,1.000000
dijkstra-dial-skip,no_roads,chemistry_class,776,445.528000,1,1.000000
dijkstra-dial-skip,no_roads,chemistry_class,1303,439.737000,1,1.000000
dijkstra-dial-skip,no_roads,chemistry_class,401,463.307000,1,1.000000
dijkstra-dial-skip,no_roads,chemistry_class,142,470.524000,1,1.000000
dijkstra-dial-skip,no_roads,chemistry_class,93,481.055000,1,1.000000
dijkstra-dial-skip,no_roads,chemistry_class,1520,472.080000,1,1.000000
dijkstra-dial-skip,no_roads,chemistry_class,476,452.673000,1,1.000000
dijkstra-dial-skip,no_roads,chemistry_class,612,468.370000,1,1.000000
dijkstra-dial-skip,no_roads,chemistry_class,163,539.739000,1,1.000000
dijkstra-dial-skip,no_roads,chemistry_class,487,484.686000,1,1.000000
dijkstra-dial-skip,no_roads,chemistry_class,206,451.318000,1,1.000000
dijkstra-dial-skip,no_roads,chemistry_class,816,440.739000,1,1.000000
dijkstra-dial-skip,no_roads,chemistry_class,589,448.316000,1,1.000000
dijkstra-dial-skip,no_roads,chemistry_class,996,443.097000,1,1.000000
dijkstra-dial-skip,no_roads,chemistry_class,1467,468.959000,1,1.000000
dijkstra-dial-skip,no_roads,chemistry_class,785,449.842000,1,1.000000
dijkstra-dial-skip,no_roads,chemistry_class,340,539.476000,1,1.000000
dijkstra-dial-skip,no_roads,chemistry_class,796,434.164000,1,1.000000
dijkstra-dial-skip,no_roads,chemistry_class,763,447.258000,1,1.000000
dijkstra-dial-skip,no_roads,chemistry_class,437,453.532000,1,1.000000
dijkstra-dial-skip,no_roads,chemistry_class,1538,451.991000,1,1.000000
dijkstra-dial-skip,no_roads,chemistry_class,564,451.929000,1,1.000000
dijkstra-dial-skip,no_roads,chemistry_class,1565,453.630000,1,1.000000
dijkstra-dial-skip,no_roads,chemistry_class,1493,449.109000,1,1.000000
dijkstra-dial-skip,no_roads,chemistry_class,146,450.591000,1,1.000000
dijkstra-dial-skip,no_roads,chemistry_class,1387,450.337000,1,1.000000
dijkstra-dial-skip,no_roads,chemistry_class,1466,463.502000,1,1.000000
dijkstra-dial-skip,no_roads,chemistry_class,358,458.553000,1,1.000000
dijkstra-dial-skip,no_roads,chemistry_class,1190,456.955000,1,1.000000
dijkstra-dial-skip,no_roads,chemistry_class,515,451.092000,1,1.000000
dijkstra-dial-skip,no_roads,chemistry_class,341,456.847000,1,1.000000
dijkstra-dial-skip,no_roads,chemistry_class,1016,434.914000,1,1.000000
dijkstra-dial-skip,no_roads,chemistry_class,815,440.216000,1,1.000000
dijkstra-dial-skip,no_roads,chemistry_class,570,458.045000,1,1.000000
dijkstra-dial-skip,no_roads,chemistry_class,1476,443.720000,1,1.000000
dijkstra-dial-skip,no_roads,chemistry_class,1575,433.026000,1,1.000000
dijkstra-dial-skip,no_roads,chemistry_class,1249,451.315000,1,1.000000
dijkstra-dial-skip,no_roads,chemistry_class,458,437.663000,1,1.000000
dijkstra-dial-skip,no_roads,chemistry_class,1568,446.353000,1,1.000000
dijkstra-dial-skip,no_roads,chemistry_class,692,452.933000,1,1.000000
dijkstra-dial-skip,no_roads,chemistry_class,114,445.946000,1,1.000000
dijkstra-dial-skip,no_roads,chemistry_class,479,450.396000,1,1.000000
dijkstra-dial-skip,no_roads,chemistry_class,65,448.385000,1,1.000000
dijkstra-dial-skip,with_roads,chemistry_class,1475,484.671000,1,1.000000
dijkstra-dial-skip,with_roads,chemistry_class,228,488.650000,1,1.000000
dijkstra-dial-skip,with_roads,chemistry_class,51,472.986000,1,1.000000
dijkstra-dial-skip,with_roads,chemistry_class,583,538.365000,1,1.000000
dijkstra-dial-skip,with_roads,chemistry_class,515,580.680000,1,1.000000
dijkstra-dial-skip,with_roads,chemistry_class,466,580.592000,1,1.000000
dijkstra-dial-skip,with_roads,chemistry_class,287,532.300000,1,1.000000
dijkstra-dial-skip,with_roads,chemistry_class,209,532.582000,1,1.000000
dijkstra-dial-skip,with_roads,chemistry_class,1551,526.425000,1,1.000000
dijkstra-dial-skip,with_roads,chemistry_class,1216,485.907000,1,1.000000
dijkstra-dial-skip,with_roads,chemistry_class,178,499.524000,1,1.000000
dijkstra-dial-skip,with_roads,chemistry_class,1338,473.064000,1,1.000000
dijkstra-dial-skip,with_roads,chemistry_class,920,465.444000,1,1.000000
dijkstra-dial-skip,with_roads,chemistry_class,65,506.401000,1,1.000000
dijkstra-dial-skip,with_roads,chemistry_class,61,514.623000,1,1.000000
dijkstra-dial-skip,with_roads,chemistry_class,191,504.613000,1,1.000000
dijkstra-dial-skip,with_roads,chemistry_class,456,463.434000,1,1.000000
dijkstra-dial-skip,with_roads,chemistry_class,487,466.333000,1,1.000000
dijkstra-dial-skip,with_roads,chemistry_class,1120,476.192000,1,1.000000
dijkstra-dial-skip,with_roads,chemistry_class,1368,466.591000,1,1.000000
dijkstra-dial-skip,with_roads,chemistry_class,54,518.140000,1,1.000000
dijkstra-dial-skip,with_roads,chemistry_class,1262,469.412000,1,1.000000
dijkstra-dial-skip,with_roads,chemistry_class,415,476.442000,1,1.000000
dijkstra-dial-skip,with_roads,chemistry_class,1496,480.925000,1,1.000000
dijkstra-dial-skip,with_roads,chemistry_class,1216,473.324000,1,1.000000
dijkstra-dial-skip,with_roads,chemistry_class,915,516.188000,1,1.000000
dijkstra-dial-skip,with_roads,chemistry_class,460,482.159000,1,1.000000
dijkstra-dial-skip,with_roads,chemistry_class,985,496.710000,1,1.000000
dijkstra-dial-skip,with_roads,chemistry_class,1333,482.808000,1,1.000000
dijkstra-dial-skip,with_roads,chemistry_class,589,511.169000,1,1.000000
dijkstra-dial-skip,with_roads,chemistry_class,13,486.612000,1,1.000000
dijkstra-dial-skip,with_roads,chemistry_class,333,460.105000,1,1.000000
dijkstra-dial-skip,with_roads,chemistry_class,1595,492.272000,1,1.000000
dijkstra-dial-skip,with_roads,chemistry_class,921,497.993000,1,1.000000
dijkstra-dial-skip,with_roads,chemistry_class,728,467.303000,1,1.000000
dijkstra-dial-skip,with_roads,chemistry_class,589,518.271000,1,1.000000
dijkstra-dial-skip,with_roads,chemistry_class,324,477.934000,1,1.000000
dijkstra-dial-skip,with_roads,chemistry_class,449,494.501000,1,1.000000
dijkstra-dial-skip,with_roads,chemistry_class,721,466.045000,1,1.000000
dijkstra-dial-skip,with_roads,chemistry_class,209,488.154000,1,1.000000
dijkstra-dial-skip,with_roads,chemistry_class,189,486.825000,1,1.000000
dijkstra-dial-skip,with_roads,chemistry_class,816,473.714000,1,1.000000
dijkstra-dial-skip,with_roads,chemistry_class,198,495.905000,1,1.000000
dijkstra-dial-skip,with_roads,chemistry_class,771,462.376000,1,1.000000
dijkstra-dial-skip,with_roads,chemistry_class,737,458.148000,1,1.000000
dijkstra-dial-skip,with_roads,chemistry_class,1372,447.274000,1,1.000000
dijkstra-dial-skip,with_roads,chemistry_class,559,483.188000,1,1.000000
dijkstra-dial-skip,with_roads,chemistry_class,88,631.984000,1,1.000000
dijkstra-dial-skip,with_roads,chemistry_class,1009,452.174000,1,1.000000
dijkstra-dial-skip,with_roads,chemistry_class,1196,472.623000,1,1.000000
dijkstra-dial-skip,with_roads,chemistry_class,256,447.875000,1,1.000000
dijkstra-dial-skip,with_roads,chemistry_class,813,450.108000,1,1.000000
dijkstra-dial-skip,with_roads,chemistry_class,161,473.794000,1,1.000000
dijkstra-dial-skip,with_roads,chemistry_class,1236,471.246000,1,1.000000
dijkstra-dial-skip,with_roads,chemistry_class,622,475.767000,1,1.000000
dijkstra-dial-skip,with_roads,chemistry_class,1453,450.755000,1,1.000000
dijkstra-dial-skip,with_roads,chemistry_class,1420,441.199000,1,1.000000
dijkstra-dial-skip,with_roads,chemistry_class,776,467.916000,1,1.000000
dijkstra-dial-skip,with_roads,chemistry_class,1303,450.953000,1,1.000000
dijkstra-dial-skip,with_roads,chemistry_class,401,448.484000,1,1.000000
dijkstra-dial-skip,with_roads,chemistry_class,142,484.495000,1,1.000000
dijkstra-dial-skip,with_roads,chemistry_class,93,465.234000,1,1.000000
dijkstra-dial-skip,with_roads,chemistry_class,1520,458.810000,1,1.000000
dijkstra-dial-skip,with_roads,chemistry_class,476,487.821000,1,1.000000
dijkstra-dial-skip,with_roads,chemistry_class,612,450.890000,1,1.000000
dijkstra-dial-skip,with_roads,chemistry_class,163,471.561000,1,1.000000
dijkstra-dial-skip,with_roads,chemistry_class,487,451.570000,1,1.000000
dijkstra-dial-skip,with_roads,chemistry_class,206,454.680000,1,1.000000
dijkstra-dial-skip,with_roads,chemistry_class,816,462.594000,1,1.000000
dijkstra-dial-skip,with_roads,chemistry_class,589,484.560000,1,1.000000
dijkstra-dial-skip,with_roads,chemistry_class,996,487.816000,1,1.000000
dijkstra-dial-skip,with_roads,chemistry_class,1467,451.813000,1,1.000000
dijkstra-dial-skip,with_roads,chemistry_class,785,482.748000,1,1.000000
dijkstra-dial-skip,with_roads,chemistry_class,340,481.554000,1,1.000000
dijkstra-dial-skip,with_roads,chemistry_class,796,503.538000,1,1.000000
dijkstra-dial-skip,with_roads,chemistry_class,763,473.227000,1,1.000000
dijkstra-dial-skip,with_roads,chemistry_class,437,511.080000,1,1.000000
dijkstra-dial-skip,with_roads,chemistry_class,1538,483.276000,1,1.000000
dijkstra-dial-skip,with_roads,chemistry_class,564,449.904000,1,1.000000
dijkstra-dial-skip,with_roads,chemistry_class,1565,466.231000,1,1.000000
dijkstra-dial-skip,with_roads,chemistry_class,1493,454.094000,1,1.000000
dijkstra-dial-skip,with_roads,chemistry_class,146,495.570000,1,1.000000
dijkstra-dial-skip,with_roads,chemistry_class,1387,474.277000,1,1.000000
dijkstra-dial-skip,with_roads,chemistry_class,1466,469.494000,1,1.000000
dijkstra-dial-skip,with_roads,chemistry_class,358,486.448000,1,1.000000
dijkstra-dial-skip,with_roads,chemistry_class,1190,477.149000,1,1.000000
dijkstra-dial-skip,with_roads,chemistry_class,515,503.398000,1,1.000000
dijkstra-dial-skip,with_roads,chemistry_class,341,481.342000,1,1.000000
dijkstra-dial-skip,with_roads,chemistry_class,1016,454.850000,1,1.000000
dijkstra-dial-skip,with_roads,chemistry_class,815,461.750000,1,1.000000
dijkstra-dial-skip,with_roads,chemistry_class,570,473.711000,1,1.000000
dijkstra-dial-skip,with_roads,chemistry_class,1476,478.189000,1,1.000000
dijkstra-dial-skip,with_roads,chemistry_class,1575,461.529000,1,1.000000
dijkstra-dial-skip,with_roads,chemistry_class,1249,447.538000,1,1.000000
dijkstra-dial-skip,with_roads,chemistry_class,458,447.075000,1,1.000000
dijkstra-dial-skip,with_roads,chemistry_class,1568,463.945000,1,1.000000
dijkstra-dial-skip,with_roads,chemistry_class,692,456.062000,1,1.000000
dijkstra-dial-skip,with_roads,chemistry_class,114,478.010000,1,1.000000
dijkstra-dial-skip,with_roads,chemistry_class,479,492.839000,1,1.000000
dijkstra-dial-skip,with_roads,chemistry_class,65,486.675000,1,1.000000
dijkstra-dial-skip,no_roads,chess,2190,399.729000,1,1.000000
dijkstra-dial-skip,no_roads,chess,524,380.124000,1,1.000000
dijkstra-dial-skip,no_roads,chess,145,380.496000,1,1.000000
dijkstra-dial-skip,no_roads,chess,1018,381.438000,1,1.000000
dijkstra-dial-skip,no_roads,chess,942,383.906000,1,1.000000
dijkstra-dial-skip,no_roads,chess,848,418.843000,1,1.000000
dijkstra-dial-skip,no_roads,chess,638,414.344000,1,1.000000
dijkstra-dial-skip,no_roads,chess,495,421.835000,1,1.000000
dijkstra-dial-skip,no_roads,chess,2338,396.634000,1,1.000000
dijkstra-dial-skip,no_roads,chess,1817,405.405000,1,1.000000
dijkstra-dial-skip,no_roads,chess,423,394.688000,1,1.000000
dijkstra-dial-skip,no_roads,chess,1973,396.381000,1,1.000000
dijkstra-dial-skip,no_roads,chess,1428,394.040000,1,1.000000
dijkstra-dial-skip,no_roads,chess,175,392.836000,1,1.000000
dijkstra-dial-skip,no_roads,chess,170,388.266000,1,1.000000
dijkstra-dial-skip,no_roads,chess,446,399.753000,1,1.000000
dijkstra-dial-skip,no_roads,chess,836,399.119000,1,1.000000
dijkstra-dial-skip,no_roads,chess,871,392.241000,1,1.000000
dijkstra-dial-skip,no_roads,chess,1676,377.179000,1,1.000000
dijkstra-dial-skip,no_roads,chess,2007,399.493000,1,1.000000
dijkstra-dial-skip,no_roads,chess,154,385.595000,1,1.000000
dijkstra-dial-skip,no_roads,chess,1857,390.984000,1,1.000000
dijkstra-dial-skip,no_roads,chess,787,390.530000,1,1.000000
dijkstra-dial-skip,no_roads,chess,2234,381.050000,1,1.000000
dijkstra-dial-skip,no_roads,chess,1817,377.492000,1,1.000000
dijkstra-dial-skip,no_roads,chess,1422,393.364000,1,1.000000
dijkstra-dial-skip,no_roads,chess,841,415.468000,1,1.000000
dijkstra-dial-skip,no_roads,chess,1535,388.464000,1,1.000000
dijkstra-dial-skip,no_roads,chess,1968,418.389000,1,1.000000
dijkstra-dial-skip,no_roads,chess,1025,366.969000,1,1.000000
dijkstra-dial-skip,no_roads,chess,78,358.710000,1,1.000000
dijkstra-dial-skip,no_roads,chess,688,369.264000,1,1.000000
dijkstra-dial-skip,no_roads,chess,1429,381.584000,1,1.000000
dijkstra-dial-skip,no_roads,chess,1206,376.808000,1,1.000000
dijkstra-dial-skip,no_roads,chess,1025,374.583000,1,1.000000
dijkstra-dial-skip,no_roads,chess,677,385.381000,1,1.000000
dijkstra-dial-skip,no_roads,chess,827,383.128000,1,1.000000
dijkstra-dial-skip,no_roads,chess,1172,380.237000,1,1.000000
dijkstra-dial-skip,no_roads,chess,495,390.560000,1,1.000000
dijkstra-dial-skip,no_roads,chess,439,390.891000,1,1.000000
dijkstra-dial-skip,no_roads,chess,1321,389.869000,1,1.000000
dijkstra-dial-skip,no_roads,chess,466,375.749000,1,1.000000
dijkstra-dial-skip,no_roads,chess,1269,388.164000,1,1.000000
dijkstra-dial-skip,no_roads,chess,1232,385.352000,1,1.000000
dijkstra-dial-skip,no_roads,chess,2020,380.220000,1,1.000000
dijkstra-dial-skip,no_roads,chess,991,386.566000,1,1.000000
dijkstra-dial-skip,no_roads,chess,224,380.588000,1,1.000000
dijkstra-dial-skip,no_roads,chess,1560,385.171000,1,1.000000
dijkstra-dial-skip,no_roads,chess,1754,378.361000,1,1.000000
dijkstra-dial-skip,no_roads,chess,560,379.218000,1,1.000000
dijkstra-dial-skip,no_roads,chess,1318,381.355000,1,1.000000
dijkstra-dial-skip,no_roads,chess,397,388.451000,1,1.000000
dijkstra-dial-skip,no_roads,chess,1834,373.873000,1,1.000000
dijkstra-dial-skip,no_roads,chess,1063,383.720000,1,1.000000
dijkstra-dial-skip,no_roads,chess,2148,379.771000,1,1.000000
dijkstra-dial-skip,no_roads,chess,2120,375.845000,1,1.000000
dijkstra-dial-skip,no_roads,chess,1276,373.885000,1,1.000000
dijkstra-dial-skip,no_roads,chess,1906,391.404000,1,1.000000
dijkstra-dial-skip,no_roads,chess,769,377.471000,1,1.000000
dijkstra-dial-skip,no_roads,chess,344,375.179000,1,1.000000
dijkstra-dial-skip,no_roads,chess,233,364.791000,1,1.000000
dijkstra-dial-skip,no_roads,chess,2279,378.569000,1,1.000000
dijkstra-dial-skip,no_roads,chess,859,375.938000,1,1.000000
dijkstra-dial-skip,no_roads,chess,1054,373.861000,1,1.000000
dijkstra-dial-skip,no_roads,chess,400,366.815000,1,1.000000
dijkstra-dial-skip,no_roads,chess,871,364.594000,1,1.000000
dijkstra-dial-skip,no_roads,chess,491,366.353000,1,1.000000
dijkstra-dial-skip,no_roads,chess,1321,364.801000,1,1.000000
dijkstra-dial-skip,no_roads,chess,1025,367.486000,1,1.000000
dijkstra-dial-skip,no_roads,chess,1546,377.538000,1,1.000000
dijkstra-dial-skip,no_roads,chess,2176,367.444000,1,1.000000
dijkstra-dial-skip,no_roads,chess,1284,374.637000,1,1.000000
dijkstra-dial-skip,no_roads,chess,696,371.085000,1,1.000000
dijkstra-dial-skip,no_roads,chess,1297,368.748000,1,1.000000
dijkstra-dial-skip,no_roads,chess,1259,361.606000,1,1.000000
dijkstra-dial-skip,no_roads,chess,813,361.044000,1,1.000000
dijkstra-dial-skip,no_roads,chess,2310,363.570000,1,1.000000
dijkstra-dial-skip,no_roads,chess,997,380.969000,1,1.000000
dijkstra-dial-skip,no_roads,chess,2231,357.946000,1,1.000000
dijkstra-dial-skip,no_roads,chess,356,375.396000,1,1.000000
dijkstra-dial-skip,no_roads,chess,2052,356.575000,1,1.000000
dijkstra-dial-skip,no_roads,chess,2173,366.219000,1,1.000000
dijkstra-dial-skip,no_roads,chess,717,366.390000,1,1.000000
dijkstra-dial-skip,no_roads,chess,1748,365.473000,1,1.000000
dijkstra-dial-skip,no_roads,chess,942,362.498000,1,1.000000
dijkstra-dial-skip,no_roads,chess,697,369.896000,1,1.000000
dijkstra-dial-skip,no_roads,chess,1569,373.564000,1,1.000000
dijkstra-dial-skip,no_roads,chess,1320,371.286000,1,1.000000
dijkstra-dial-skip,no_roads,chess,1005,356.841000,1,1.000000
dijkstra-dial-skip,no_roads,chess,2191,370.430000,1,1.000000
dijkstra-dial-skip,no_roads,chess,1846,373.693000,1,1.000000
dijkstra-dial-skip,no_roads,chess,838,371.750000,1,1.000000
dijkstra-dial-skip,no_roads,chess,1142,361.841000,1,1.000000
dijkstra-dial-skip,no_roads,chess,267,364.428000,1,1.000000
dijkstra-dial-skip,no_roads,chess,862,375.365000,1,1.000000
dijkstra-dial-skip,no_roads,chess,175,378.745000,1,1.000000
dijkstra-dial-skip,no_roads,chess,1119,365.094000,1,1.000000
dijkstra-dial-skip,no_roads,chess,1375,369.579000,1,1.000000
dijkstra-dial-skip,no_roads,chess,1000,367.867000,1,1.000000
dijkstra-dial-skip,no_roads,chess,300,371.416000,1,1.000000
dijkstra-dial-skip,with_roads,chess,2190,396.026000,1,1.000000
dijkstra-dial-skip,with_roads,chess,524,373.569000,1,1.000000
dijkstra-dial-skip,with_roads,chess,145,375.043000,1,1.000000
dijkstra-dial-skip,with_roads,chess,1018,380.057000,1,1.000000
dijkstra-dial-skip,with_roads,chess,942,384.706000,1,1.000000
dijkstra-dial-skip,with_roads,chess,848,396.174000,1,1.000000
dijkstra-dial-skip,with_roads,chess,638,403.646000,1,1.000000
dijkstra-dial-skip,with_roads,chess,495,399.798000,1,1.000000
dijkstra-dial-skip,with_roads,chess,2338,406.713000,1,1.000000
dijkstra-dial-skip,with_roads,chess,1817,398.624000,1,1.000000
dijkstra-dial-skip,with_roads,chess,423,431.120000,1,1.000000
dijkstra-dial-skip,with_roads,chess,1973,401.106000,1,1.000000
dijkstra-dial-skip,with_roads,chess,1428,452.961000,1,1.000000
dijkstra-dial-skip,with_roads,chess,175,413.795000,1,1.000000
dijkstra-dial-skip,with_roads,chess,170,375.379000,1,1.000000
dijkstra-dial-skip,with_roads,chess,446,373.751000,1,1.000000
dijkstra-dial-skip,with_roads,chess,836,382.630000,1,1.000000
dijkstra-dial-skip,with_roads,chess,871,378.767000,1,1.000000
dijkstra-dial-skip,with_roads,chess,1676,395.188000,1,1.000000
dijkstra-dial-skip,with_roads,chess,2007,379.384000,1,1.000000
dijkstra-dial-skip,with_roads,chess,154,377.443000,1,1.000000
dijkstra-dial-skip,with_roads,chess,1857,376.916000,1,1.000000
dijkstra-dial-skip,with_roads,chess,787,382.600000,1,1.000000
dijkstra-dial-skip,with_roads,chess,2234,400.764000,1,1.000000
dijkstra-dial-skip,with_roads,chess,1817,381.891000,1,1.000000
dijkstra-dial-skip,with_roads,chess,1422,384.848000,1,1.000000
dijkstra-dial-skip,with_roads,chess,841,368.465000,1,1.000000
dijkstra-dial-skip,with_roads,chess,1535,367.352000,1,1.000000
dijkstra-dial-skip,with_roads,chess,1968,375.299000,1,1.000000
dijkstra-dial-skip,with_roads,chess,1025,377.851000,1,1.000000
dijkstra-dial-skip,with_roads,chess,78,454.129000,1,1.000000
dijkstra-dial-skip,with_roads,chess,688,410.605000,1,1.000000
dijkstra-dial-skip,with_roads,chess,1429,372.278000,1,1.000000
dijkstra-dial-skip,with_roads,chess,1206,376.304000,1,1.000000
dijkstra-dial-skip,with_roads,chess,1025,378.937000,1,1.000000
dijkstra-dial-skip,with_roads,chess,677,380.763000,1,1.000000
dijkstra-dial-skip,with_roads,chess,827,375.430000,1,1.000000
dijkstra-dial-skip,with_roads,chess,1172,382.492000,1,1.000000
dijkstra-dial-skip,with_roads,chess,495,389.496000,1,1.000000
dijkstra-dial-skip,with_roads,chess,439,470.833000,1,1.000000
dijkstra-dial-skip,with_roads,chess,1321,435.867000,1,1.000000
dijkstra-dial-skip,with_roads,chess,466,371.690000,1,1.000000
dijkstra-dial-skip,with_roads,chess,1269,368.657000,1,1.000000
dijkstra-dial-skip,with_roads,chess,1232,380.637000,1,1.000000
dijkstra-dial-skip,with_roads,chess,2020,403.904000,1,1.000000
dijkstra-dial-skip,with_roads,chess,991,374.385000,1,1.000000
dijkstra-dial-skip,with_roads,chess,224,372.519000,1,1.000000
dijkstra-dial-skip,with_roads,chess,1560,381.504000,1,1.000000
dijkstra-dial-skip,with_roads,chess,1754,380.822000,1,1.000000
dijkstra-dial-skip,with_roads,chess,560,369.327000,1,1.000000
dijkstra-dial-skip,with_roads,chess,1318,374.698000,1,1.000000
dijkstra-dial-skip,with_roads,chess,397,370.460000,1,1.000000
dijkstra-dial-skip,with_roads,chess,1834,366.775000,1,1.000000
dijkstra-dial-skip,with_roads,chess,1063,362.016000,1,1.000000
dijkstra-dial-skip,with_roads,chess,2148,372.529000,1,1.000000
dijkstra-dial-skip,with_roads,chess,2120,366.697000,1,1.000000
dijkstra-dial-skip,with_roads,chess,1276,367.187000,1,1.000000
dijkstra-dial-skip,with_roads,chess,1906,364.496000,1,1.000000
dijkstra-dial-skip,with_roads,chess,769,461.395000,1,1.000000
dijkstra-dial-skip,with_roads,chess,344,416.511000,1,1.000000
dijkstra-dial-skip,with_roads,chess,233,363.733000,1,1.000000
dijkstra-dial-skip,with_roads,chess,2279,364.090000,1,1.000000
dijkstra-dial-skip,with_roads,chess,859,371.833000,1,1.000000
dijkstra-dial-skip,with_roads,chess,1054,376.658000,1,1.000000
dijkstra-dial-skip,with_roads,chess,400,377.496000,1,1.000000
dijkstra-dial-skip,with_roads,chess,871,373.488000,1,1.000000
dijkstra-dial-skip,with_roads,chess,491,366.021000,1,1.000000
dijkstra-dial-skip,with_roads,chess,1321,365.202000,1,1.000000
dijkstra-dial-skip,with_roads,chess,1025,362.953000,1,1.000000
dijkstra-dial-skip,with_roads,chess,1546,354.839000,1,1.000000
dijkstra-dial-skip,with_roads,chess,2176,364.443000,1,1.000000
dijkstra-dial-skip,with_roads,chess,1284,376.723000,1,1.000000
dijkstra-dial-skip,with_roads,chess,696,373.864000,1,1.000000
dijkstra-dial-skip,with_roads,chess,1297,376.414000,1,1.000000
dijkstra-dial-skip,with_roads,chess,1259,363.877000,1,1.000000
dijkstra-dial-skip,with_roads,chess,813,373.931000,1,1.000000
dijkstra-dial-skip,with_roads,chess,2310,366.322000,1,1.000000
dijkstra-dial-skip,with_roads,chess,997,367.802000,1,1.000000
dijkstra-dial-skip,with_roads,chess,2231,378.732000,1,1.000000
dijkstra-dial-skip,with_roads,chess,356,380.771000,1,1.000000
dijkstra-dial-skip,with_roads,chess,2052,378.181000,1,1.000000
dijkstra-dial-skip,with_roads,chess,2173,379.380000,1,1.000000
dijkstra-dial-skip,with_roads,chess,717,390.540000,1,1.000000
dijkstra-dial-skip,with_roads,chess,1748,381.300000,1,1.000000
dijkstra-dial-skip,with_roads,chess,942,375.271000,1,1.000000
dijkstra-dial-skip,with_roads,chess,697,382.068000,1,1.000000
dijkstra-dial-skip,with_roads,chess,1569,383.254000,1,1.000000
dijkstra-dial-skip,with_roads,chess,1320,378.385000,1,1.000000
dijkstra-dial-skip,with_roads,chess,1005,377.167000,1,1.000000
dijkstra-dial-skip,with_roads,chess,2191,362.895000,1,1.000000
dijkstra-dial-skip,with_roads,chess,1846,366.910000,1,1.000000
dijkstra-dial-skip,with_roads,chess,838,382.345000,1,1.000000
dijkstra-dial-skip,with_roads,chess,1142,371.715000,1,1.000000
dijkstra-dial-skip,with_roads,chess,267,379.526000,1,1.000000
dijkstra-dial-skip,with_roads,chess,862,376.277000,1,1.000000
dijkstra-dial-skip,with_roads,chess,175,369.293000,1,1.000000
dijkstra-dial-skip,with_roads,chess,1119,370.971000,1,1.000000
dijkstra-dial-skip,with_roads,chess,1375,371.021000,1,1.000000
dijkstra-dial-skip,with_roads,chess,1000,366.353000,1,1.000000
dijkstra-dial-skip,with_roads,chess,300,362.282000,1,1.000000
dijkstra-dial-skip,no_roads,cinnamon_roll,842,228.626000,1,1.000000
dijkstra-dial-skip,no_roads,cinnamon_roll,128,220.846000,1,1.000000
dijkstra-dial-skip,no_roads,cinnamon_roll,25,218.787000,1,1.000000
dijkstra-dial-skip,no_roads,cinnamon_roll,337,207.108000,1,1.000000
dijkstra-dial-skip,no_roads,cinnamon_roll,292,214.590000,1,1.000000
dijkstra-dial-skip,no_roads,cinnamon_roll,267,224.305000,1,1.000000
dijkstra-dial-skip,no_roads,cinnamon_roll,160,213.678000,1,1.000000
dijkstra-dial-skip,no_roads,cinnamon_roll,117,217.435000,1,1.000000
dijkstra-dial-skip,no_roads,cinnamon_roll,880,222.400000,1,1.000000
dijkstra-dial-skip,no_roads,cinnamon_roll,728,211.202000,1,1.000000
dijkstra-dial-skip,no_roads,cinnamon_roll,100,228.191000,1,1.000000
dijkstra-dial-skip,no_roads,cinnamon_roll,779,232.412000,1,1.000000
dijkstra-dial-skip,no_roads,cinnamon_roll,567,231.753000,1,1.000000
dijkstra-dial-skip,no_roads,cinnamon_roll,32,235.134000,1,1.000000
dijkstra-dial-skip,no_roads,cinnamon_roll,30,256.863000,1,1.000000
dijkstra-dial-skip,no_roads,cinnamon_roll,106,251.461000,1,1.000000
dijkstra-dial-skip,no_roads,cinnamon_roll,261,256.902000,1,1.000000
dijkstra-dial-skip,no_roads,cinnamon_roll,279,240.177000,1,1.000000
dijkstra-dial-skip,no_roads,cinnamon_roll,674,242.987000,1,1.000000
dijkstra-dial-skip,no_roads,cinnamon_roll,793,239.791000,1,1.000000
dijkstra-dial-skip,no_roads,cinnamon_roll,27,257.637000,1,1.000000
dijkstra-dial-skip,no_roads,cinnamon_roll,745,245.913000,1,1.000000
dijkstra-dial-skip,no_roads,cinnamon_roll,237,242.101000,1,1.000000
dijkstra-dial-skip,no_roads,cinnamon_roll,853,233.972000,1,1.000000
dijkstra-dial-skip,no_roads,cinnamon_roll,728,231.314000,1,1.000000
dijkstra-dial-skip,no_roads,cinnamon_roll,561,220.754000,1,1.000000
dijkstra-dial-skip,no_roads,cinnamon_roll,263,227.875000,1,1.000000
dijkstra-dial-skip,no_roads,cinnamon_roll,605,227.118000,1,1.000000
dijkstra-dial-skip,no_roads,cinnamon_roll,778,226.413000,1,1.000000
dijkstra-dial-skip,no_roads,cinnamon_roll,341,220.055000,1,1.000000
dijkstra-dial-skip,no_roads,cinnamon_roll,6,226.671000,1,1.000000
dijkstra-dial-skip,no_roads,cinnamon_roll,182,220.273000,1,1.000000
dijkstra-dial-skip,no_roads,cinnamon_roll,567,234.686000,1,1.000000
dijkstra-dial-skip,no_roads,cinnamon_roll,438,221.931000,1,1.000000
dijkstra-dial-skip,no_roads,cinnamon_roll,341,215.576000,1,1.000000
dijkstra-dial-skip,no_roads,cinnamon_roll,178,224.759000,1,1.000000
dijkstra-dial-skip,no_roads,cinnamon_roll,257,213.338000,1,1.000000
dijkstra-dial-skip,no_roads,cinnamon_roll,427,216.881000,1,1.000000
dijkstra-dial-skip,no_roads,cinnamon_roll,117,225.338000,1,1.000000
dijkstra-dial-skip,no_roads,cinnamon_roll,105,220.695000,1,1.000000
dijkstra-dial-skip,no_roads,cinnamon_roll,507,222.612000,1,1.000000
dijkstra-dial-skip,no_roads,cinnamon_roll,112,224.964000,1,1.000000
dijkstra-dial-skip,no_roads,cinnamon_roll,472,223.179000,1,1.000000
dijkstra-dial-skip,no_roads,cinnamon_roll,445,216.068000,1,1.000000
dijkstra-dial-skip,no_roads,cinnamon_roll,795,223.147000,1,1.000000
dijkstra-dial-skip,no_roads,cinnamon_roll,322,226.976000,1,1.000000
dijkstra-dial-skip,no_roads,cinnamon_roll,44,234.780000,1,1.000000
dijkstra-dial-skip,no_roads,cinnamon_roll,617,215.505000,1,1.000000
dijkstra-dial-skip,no_roads,cinnamon_roll,718,232.858000,1,1.000000
dijkstra-dial-skip,no_roads,cinnamon_roll,144,226.750000,1,1.000000
dijkstra-dial-skip,no_roads,cinnamon_roll,503,219.216000,1,1.000000
dijkstra-dial-skip,no_roads,cinnamon_roll,89,222.616000,1,1.000000
dijkstra-dial-skip,no_roads,cinnamon_roll,735,218.332000,1,1.000000
dijkstra-dial-skip,no_roads,cinnamon_roll,361,222.105000,1,1.000000
dijkstra-dial-skip,no_roads,cinnamon_roll,831,223.140000,1,1.000000
dijkstra-dial-skip,no_roads,cinnamon_roll,812,224.065000,1,1.000000
dijkstra-dial-skip,no_roads,cinnamon_roll,477,216.303000,1,1.000000
dijkstra-dial-skip,no_roads,cinnamon_roll,765,216.287000,1,1.000000
dijkstra-dial-skip,no_roads,cinnamon_roll,227,217.783000,1,1.000000
dijkstra-dial-skip,no_roads,cinnamon_roll,80,217.561000,1,1.000000
dijkstra-dial-skip,no_roads,cinnamon_roll,46,222.697000,1,1.000000
dijkstra-dial-skip,no_roads,cinnamon_roll,865,219.366000,1,1.000000
dijkstra-dial-skip,no_roads,cinnamon_roll,272,219.775000,1,1.000000
dijkstra-dial-skip,no_roads,cinnamon_roll,357,223.476000,1,1.000000
dijkstra-dial-skip,no_roads,cinnamon_roll,90,221.861000,1,1.000000
dijkstra-dial-skip,no_roads,cinnamon_roll,279,223.524000,1,1.000000
dijkstra-dial-skip,no_roads,cinnamon_roll,116,230.192000,1,1.000000
dijkstra-dial-skip,no_roads,cinnamon_roll,507,222.174000,1,1.000000
dijkstra-dial-skip,no_roads,cinnamon_roll,341,213.882000,1,1.000000
dijkstra-dial-skip,no_roads,cinnamon_roll,611,222.160000,1,1.000000
dijkstra-dial-skip,no_roads,cinnamon_roll,838,232.496000,1,1.000000
dijkstra-dial-skip,no_roads,cinnamon_roll,480,217.329000,1,1.000000
dijkstra-dial-skip,no_roads,cinnamon_roll,186,228.017000,1,1.000000
dijkstra-dial-skip,no_roads,cinnamon_roll,489,219.756000,1,1.000000
dijkstra-dial-skip,no_roads,cinnamon_roll,461,212.852000,1,1.000000
dijkstra-dial-skip,no_roads,cinnamon_roll,250,216.064000,1,1.000000
dijkstra-dial-skip,no_roads,cinnamon_roll,874,213.789000,1,1.000000
dijkstra-dial-skip,no_roads,cinnamon_roll,326,219.265000,1,1.000000
dijkstra-dial-skip,no_roads,cinnamon_roll,887,221.358000,1,1.000000
dijkstra-dial-skip,no_roads,cinnamon_roll,851,226.393000,1,1.000000
dijkstra-dial-skip,no_roads,cinnamon_roll,82,221.406000,1,1.000000
dijkstra-dial-skip,no_roads,cinnamon_roll,802,212.802000,1,1.000000
dijkstra-dial-skip,no_roads,cinnamon_roll,838,224.694000,1,1.000000
dijkstra-dial-skip,no_roads,cinnamon_roll,202,229.035000,1,1.000000
dijkstra-dial-skip,no_roads,cinnamon_roll,715,234.865000,1,1.000000
dijkstra-dial-skip,no_roads,cinnamon_roll,292,221.975000,1,1.000000
dijkstra-dial-skip,no_roads,cinnamon_roll,187,294.633000,1,1.000000
dijkstra-dial-skip,no_roads,cinnamon_roll,620,214.453000,1,1.000000
dijkstra-dial-skip,no_roads,cinnamon_roll,505,214.887000,1,1.000000
dijkstra-dial-skip,no_roads,cinnamon_roll,329,218.990000,1,1.000000
dijkstra-dial-skip,no_roads,cinnamon_roll,843,269.881000,1,1.000000
dijkstra-dial-skip,no_roads,cinnamon_roll,892,212.212000,1,1.000000
dijkstra-dial-skip,no_roads,cinnamon_roll,740,213.738000,1,1.000000
dijkstra-dial-skip,no_roads,cinnamon_roll,262,211.232000,1,1.000000
dijkstra-dial-skip,no_roads,cinnamon_roll,889,214.512000,1,1.000000
dijkstra-dial-skip,no_roads,cinnamon_roll,410,211.042000,1,1.000000
dijkstra-dial-skip,no_roads,cinnamon_roll,57,215.827000,1,1.000000
dijkstra-dial-skip,no_roads,cinnamon_roll,274,212.993000,1,1.000000
dijkstra-dial-skip,no_roads,cinnamon_roll,32,217.328000,1,1.000000
dijkstra-dial-skip,no_roads,cinnamon_roll,394,219.845000,1,1.000000
dijkstra-dial-skip,with_roads,cinnamon_roll,842,225.641000,1,1.000000
dijkstra-dial-skip,with_roads,cinnamon_roll,128,211.928000,1,1.000000
dijkstra-dial-skip,with_roads,cinnamon_roll,25,217.797000,1,1.000000
dijkstra-dial-skip,with_roads,cinnamon_roll,337,220.791000,1,1.000000
dijkstra-dial-skip,with_roads,cinnamon_roll,292,218.629000,1,1.000000
dijkstra-dial-skip,with_roads,cinnamon_roll,267,218.194000,1,1.000000
dijkstra-dial-skip,with_roads,cinnamon_roll,160,217.564000,1,1.000000
dijkstra-dial-skip,with_roads,cinnamon_roll,117,229.244000,1,1.000000
dijkstra-dial-skip,with_roads,cinnamon_roll,880,235.406000,1,1.000000
dijkstra-dial-skip,with_roads,cinnamon_roll,728,234.162000,1,1.000000
dijkstra-dial-skip,with_roads,cinnamon_roll,100,226.518000,1,1.000000
dijkstra-dial-skip,with_roads,cinnamon_roll,779,245.296000,1,1.000000
dijkstra-dial-skip,with_roads,cinnamon_roll,567,246.979000,1,1.000000
dijkstra-dial-skip,with_roads,cinnamon_roll,32,230.831000,1,1.000000
dijkstra-dial-skip,with_roads,cinnamon_roll,30,233.723000,1,1.000000
dijkstra-dial-skip,with_roads,cinnamon_roll,106,233.735000,1,1.000000
dijkstra-dial-skip,with_roads,cinnamon_roll,261,225.968000,1,1.000000
dijkstra-dial-skip,with_roads,cinnamon_roll,279,217.096000,1,1.000000
dijkstra-dial-skip,with_roads,cinnamon_roll,674,224.780000,1,1.000000
dijkstra-dial-skip,with_roads,cinnamon_roll,793,226.784000,1,1.000000
dijkstra-dial-skip,with_roads,cinnamon_roll,27,237.200000,1,1.000000
dijkstra-dial-skip,with_roads,cinnamon_roll,745,226.413000,1,1.000000
dijkstra-dial-skip,with_roads,cinnamon_roll,237,227.916000,1,1.000000
dijkstra-dial-skip,with_roads,cinnamon_roll,853,233.854000,1,1.000000
dijkstra-dial-skip,with_roads,cinnamon_roll,728,234.248000,1,1.000000
dijkstra-dial-skip,with_roads,cinnamon_roll,561,229.284000,1,1.000000
dijkstra-dial-skip,with_roads,cinnamon_roll,263,227.210000,1,1.000000
dijkstra-dial-skip,with_roads,cinnamon_roll,605,231.733000,1,1.000000
dijkstra-dial-skip,with_roads,cinnamon_roll,778,239.267000,1,1.000000
dijkstra-dial-skip,with_roads,cinnamon_roll,341,221.605000,1,1.000000
dijkstra-dial-skip,with_roads,cinnamon_roll,6,229.177000,1,1.000000
dijkstra-dial-skip,with_roads,cinnamon_roll,182,224.214000,1,1.000000
dijkstra-dial-skip,with_roads,cinnamon_roll,567,237.416000,1,1.000000
dijkstra-dial-skip,with_roads,cinnamon_roll,438,223.899000,1,1.000000
dijkstra-dial-skip,with_roads,cinnamon_roll,341,228.096000,1,1.000000
dijkstra-dial-skip,with_roads,cinnamon_roll,178,235.679000,1,1.000000
dijkstra-dial-skip,with_roads,cinnamon_roll,257,229.591000,1,1.000000
dijkstra-dial-skip,with_roads,cinnamon_roll,427,229.040000,1,1.000000
dijkstra-dial-skip,with_roads,cinnamon_roll,117,231.496000,1,1.000000
dijkstra-dial-skip,with_roads,cinnamon_roll,105,233.634000,1,1.000000
dijkstra-dial-skip,with_roads,cinnamon_roll,507,237.280000,1,1.000000
dijkstra-dial-skip,with_roads,cinnamon_roll,112,227.129000,1,1.000000
dijkstra-dial-skip,with_roads,cinnamon_roll,472,220.420000,1,1.000000
dijkstra-dial-skip,with_roads,cinnamon_roll,445,248.234000,1,1.000000
dijkstra-dial-skip,with_roads,cinnamon_roll,795,228.670000,1,1.000000
dijkstra-dial-skip,with_roads,cinnamon_roll,322,220.918000,1,1.000000
dijkstra-dial-skip,with_roads,cinnamon_roll,44,221.945000,1,1.000000
dijkstra-dial-skip,with_roads,cinnamon_roll,617,203.465000,1,1.000000
dijkstra-dial-skip,with_roads,cinnamon_roll,718,226.644000,1,1.000000
dijkstra-dial-skip,with_roads,cinnamon_roll,144,226.822000,1,1.000000
dijkstra-dial-skip,with_roads,cinnamon_roll,503,224.641000,1,1.000000
dijkstra-dial-skip,with_roads,cinnamon_roll,89,221.398000,1,1.000000
dijkstra-dial-skip,with_roads,cinnamon_roll,735,222.989000,1,1.000000
dijkstra-dial-skip,with_roads,cinnamon_roll,361,223.698000,1,1.000000
dijkstra-dial-skip,with_roads,cinnamon_roll,831,215.876000,1,1.000000
dijkstra-dial-skip,with_roads,cinnamon_roll,812,222.208000,1,1.000000
dijkstra-dial-skip,with_roads,cinnamon_roll,477,225.505000,1,1.000000
dijkstra-dial-skip,with_roads,cinnamon_roll,765,216.220000,1,1.000000
dijkstra-dial-skip,with_roads,cinnamon_roll,227,225.775000,1,1.000000
dijkstra-dial-skip,with_roads,cinnamon_roll,80,222.575000,1,1.000000
dijkstra-dial-skip,with_roads,cinnamon_roll,46,224.335000,1,1.000000
dijkstra-dial-skip,with_roads,cinnamon_roll,865,218.328000,1,1.000000
dijkstra-dial-skip,with_roads,cinnamon_roll,272,225.320000,1,1.000000
dijkstra-dial-skip,with_roads,cinnamon_roll,357,233.221000,1,1.000000
dijkstra-dial-skip,with_roads,cinnamon_roll,90,224.339000,1,1.000000
dijkstra-dial-skip,with_roads,cinnamon_roll,279,211.690000,1,1.000000
dijkstra-dial-skip,with_roads,cinnamon_roll,116,218.704000,1,1.000000
dijkstra-dial-skip,with_roads,cinnamon_roll,507,221.249000,1,1.000000
dijkstra-dial-skip,with_roads,cinnamon_roll,341,223.083000,1,1.000000
dijkstra-dial-skip,with_roads,cinnamon_roll,611,212.991000,1,1.000000
dijkstra-dial-skip,with_roads,cinnamon_roll,838,216.498000,1,1.000000
dijkstra-dial-skip,with_roads,cinnamon_roll,480,217.571000,1,1.000000
dijkstra-dial-skip,with_roads,cinnamon_roll,186,210.257000,1,1.000000
dijkstra-dial-skip,with_roads,cinnamon_roll,489,205.922000,1,1.000000
dijkstra-dial-skip,with_roads,cinnamon_roll,461,209.368000,1,1.000000
dijkstra-dial-skip,with_roads,cinnamon_roll,250,215.386000,1,1.000000
dijkstra-dial-skip,with_roads,cinnamon_roll,874,223.772000,1,1.000000
dijkstra-dial-skip,with_roads,cinnamon_roll,326,223.759000,1,1.000000
dijkstra-dial-skip,with_roads,cinnamon_roll,887,219.489000,1,1.000000
dijkstra-dial-skip,with_roads,cinnamon_roll,851,222.106000,1,1.000000
dijkstra-dial-skip,with_roads,cinnamon_roll,82,221.825000,1,1.000000
dijkstra-dial-skip,with_roads,cinnamon_roll,802,217.688000,1,1.000000
dijkstra-dial-skip,with_roads,cinnamon_roll,838,223.219000,1,1.000000
dijkstra-dial-skip,with_roads,cinnamon_roll,202,223.743000,1,1.000000
dijkstra-dial-skip,with_roads,cinnamon_roll,715,224.031000,1,1.000000
dijkstra-dial-skip,with_roads,cinnamon_roll,292,212.080000,1,1.000000
dijkstra-dial-skip,with_roads,cinnamon_roll,187,210.440000,1,1.000000
dijkstra-dial-skip,with_roads,cinnamon_roll,620,216.239000,1,1.000000
dijkstra-dial-skip,with_roads,cinnamon_roll,505,239.339000,1,1.000000
dijkstra-dial-skip,with_roads,cinnamon_roll,329,232.394000,1,1.000000
dijkstra-dial-skip,with_roads,cinnamon_roll,843,224.525000,1,1.000000
dijkstra-dial-skip,with_roads,cinnamon_roll,892,216.732000,1,1.000000
dijkstra-dial-skip,with_roads,cinnamon_roll,740,214.028000,1,1.000000
dijkstra-dial-skip,with_roads,cinnamon_roll,262,215.025000,1,1.000000
dijkstra-dial-skip,with_roads,cinnamon_roll,889,225.282000,1,1.000000
dijkstra-dial-skip,with_roads,cinnamon_roll,410,217.993000,1,1.000000
dijkstra-dial-skip,with_roads,cinnamon_roll,57,221.513000,1,1.000000
dijkstra-dial-skip,with_roads,cinnamon_roll,274,214.312000,1,1.000000
dijkstra-dial-skip,with_roads,cinnamon_roll,32,214.604000,1,1.000000
dijkstra-dial-skip,with_roads,cinnamon_roll,394,216.540000,1,1.000000
dijkstra-dial-skip,no_roads,clash_arena,493,72.181000,1,1.000000
dijkstra-dial-skip,no_roads,clash_arena,95,69.125000,1,1.000000
dijkstra-dial-skip,no_roads,clash_arena,29,68.105000,1,1.000000
dijkstra-dial-skip,no_roads,clash_arena,568,69.675000,1,1.000000
dijkstra-dial-skip,no_roads,clash_arena,211,68.903000,1,1.000000
dijkstra-dial-skip,no_roads,clash_arena,192,68.678000,1,1.000000
dijkstra-dial-skip,no_roads,clash_arena,178,64.674000,1,1.000000
dijkstra-dial-skip,no_roads,clash_arena,117,66.864000,1,1.000000
dijkstra-dial-skip,no_roads,clash_arena,564,71.383000,1,1.000000
dijkstra-dial-skip,no_roads,clash_arena,90,67.303000,1,1.000000
dijkstra-dial-skip,no_roads,clash_arena,516,66.185000,1,1.000000
dijkstra-dial-skip,no_roads,clash_arena,568,69.917000,1,1.000000
dijkstra-dial-skip,no_roads,clash_arena,433,66.734000,1,1.000000
dijkstra-dial-skip,no_roads,clash_arena,76,67.031000,1,1.000000
dijkstra-dial-skip,no_roads,clash_arena,463,69.025000,1,1.000000
dijkstra-dial-skip,no_roads,clash_arena,306,68.278000,1,1.000000
dijkstra-dial-skip,no_roads,clash_arena,33,65.007000,1,1.000000
dijkstra-dial-skip,no_roads,clash_arena,32,66.167000,1,1.000000
dijkstra-dial-skip,no_roads,clash_arena,80,67.263000,1,1.000000
dijkstra-dial-skip,no_roads,clash_arena,175,67.142000,1,1.000000
dijkstra-dial-skip,no_roads,clash_arena,183,68.698000,1,1.000000
dijkstra-dial-skip,no_roads,clash_arena,408,68.261000,1,1.000000
dijkstra-dial-skip,no_roads,clash_arena,470,68.088000,1,1.000000
dijkstra-dial-skip,no_roads,clash_arena,30,67.578000,1,1.000000
dijkstra-dial-skip,no_roads,clash_arena,444,71.864000,1,1.000000
dijkstra-dial-skip,no_roads,clash_arena,161,65.605000,1,1.000000
dijkstra-dial-skip,no_roads,clash_arena,547,70.518000,1,1.000000
dijkstra-dial-skip,no_roads,clash_arena,498,66.999000,1,1.000000
dijkstra-dial-skip,no_roads,clash_arena,535,65.284000,1,1.000000
dijkstra-dial-skip,no_roads,clash_arena,433,65.384000,1,1.000000
dijkstra-dial-skip,no_roads,clash_arena,304,68.716000,1,1.000000
dijkstra-dial-skip,no_roads,clash_arena,176,64.531000,1,1.000000
dijkstra-dial-skip,no_roads,clash_arena,369,72.679000,1,1.000000
dijkstra-dial-skip,no_roads,clash_arena,460,82.378000,1,1.000000
dijkstra-dial-skip,no_roads,clash_arena,213,76.128000,1,1.000000
dijkstra-dial-skip,no_roads,clash_arena,620,69.138000,1,1.000000
dijkstra-dial-skip,no_roads,clash_arena,11,68.491000,1,1.000000
dijkstra-dial-skip,no_roads,clash_arena,580,70.767000,1,1.000000
dijkstra-dial-skip,no_roads,clash_arena,618,70.208000,1,1.000000
dijkstra-dial-skip,no_roads,clash_arena,135,73.257000,1,1.000000
dijkstra-dial-skip,no_roads,clash_arena,533,69.076000,1,1.000000
dijkstra-dial-skip,no_roads,clash_arena,306,72.781000,1,1.000000
dijkstra-dial-skip,no_roads,clash_arena,253,75.788000,1,1.000000
dijkstra-dial-skip,no_roads,clash_arena,213,75.086000,1,1.000000
dijkstra-dial-skip,no_roads,clash_arena,133,69.135000,1,1.000000
dijkstra-dial-skip,no_roads,clash_arena,174,76.409000,1,1.000000
dijkstra-dial-skip,no_roads,clash_arena,585,84.432000,1,1.000000
dijkstra-dial-skip,no_roads,clash_arena,249,80.711000,1,1.000000
dijkstra-dial-skip,no_roads,clash_arena,90,78.859000,1,1.000000
dijkstra-dial-skip,no_roads,clash_arena,80,76.783000,1,1.000000
dijkstra-dial-skip,no_roads,clash_arena,278,81.294000,1,1.000000
dijkstra-dial-skip,no_roads,clash_arena,82,77.968000,1,1.000000
dijkstra-dial-skip,no_roads,clash_arena,263,77.473000,1,1.000000
dijkstra-dial-skip,no_roads,clash_arena,646,87.333000,1,1.000000
dijkstra-dial-skip,no_roads,clash_arena,255,79.271000,1,1.000000
dijkstra-dial-skip,no_roads,clash_arena,471,75.788000,1,1.000000
dijkstra-dial-skip,no_roads,clash_arena,203,75.826000,1,1.000000
dijkstra-dial-skip,no_roads,clash_arena,619,76.376000,1,1.000000
dijkstra-dial-skip,no_roads,clash_arena,39,78.021000,1,1.000000
dijkstra-dial-skip,no_roads,clash_arena,557,73.896000,1,1.000000
dijkstra-dial-skip,no_roads,clash_arena,380,78.606000,1,1.000000
dijkstra-dial-skip,no_roads,clash_arena,428,74.788000,1,1.000000
dijkstra-dial-skip,no_roads,clash_arena,106,75.294000,1,1.000000
dijkstra-dial-skip,no_roads,clash_arena,276,77.639000,1,1.000000
dijkstra-dial-skip,no_roads,clash_arena,72,71.796000,1,1.000000
dijkstra-dial-skip,no_roads,clash_arena,437,78.758000,1,1.000000
dijkstra-dial-skip,no_roads,clash_arena,222,73.025000,1,1.000000
dijkstra-dial-skip,no_roads,clash_arena,637,78.454000,1,1.000000
dijkstra-dial-skip,no_roads,clash_arena,486,75.929000,1,1.000000
dijkstra-dial-skip,no_roads,clash_arena,479,75.874000,1,1.000000
dijkstra-dial-skip,no_roads,clash_arena,663,73.359000,1,1.000000
dijkstra-dial-skip,no_roads,clash_arena,265,73.011000,1,1.000000
dijkstra-dial-skip,no_roads,clash_arena,453,72.904000,1,1.000000
dijkstra-dial-skip,no_roads,clash_arena,158,69.631000,1,1.000000
dijkstra-dial-skip,no_roads,clash_arena,536,69.122000,1,1.000000
dijkstra-dial-skip,no_roads,clash_arena,66,72.215000,1,1.000000
dijkstra-dial-skip,no_roads,clash_arena,40,71.241000,1,1.000000
dijkstra-dial-skip,no_roads,clash_arena,507,72.270000,1,1.000000
dijkstra-dial-skip,no_roads,clash_arena,180,67.199000,1,1.000000
dijkstra-dial-skip,no_roads,clash_arena,593,70.578000,1,1.000000
dijkstra-dial-skip,no_roads,clash_arena,220,68.900000,1,1.000000
dijkstra-dial-skip,no_roads,clash_arena,72,71.087000,1,1.000000
dijkstra-dial-skip,no_roads,clash_arena,659,73.000000,1,1.000000
dijkstra-dial-skip,no_roads,clash_arena,183,68.963000,1,1.000000
dijkstra-dial-skip,no_roads,clash_arena,86,72.437000,1,1.000000
dijkstra-dial-skip,no_roads,clash_arena,278,72.609000,1,1.000000
dijkstra-dial-skip,no_roads,clash_arena,213,74.804000,1,1.000000
dijkstra-dial-skip,no_roads,clash_arena,375,77.040000,1,1.000000
dijkstra-dial-skip,no_roads,clash_arena,491,68.490000,1,1.000000
dijkstra-dial-skip,no_roads,clash_arena,640,68.853000,1,1.000000
dijkstra-dial-skip,no_roads,clash_arena,266,69.075000,1,1.000000
dijkstra-dial-skip,no_roads,clash_arena,137,66.292000,1,1.000000
dijkstra-dial-skip,no_roads,clash_arena,270,69.746000,1,1.000000
dijkstra-dial-skip,no_roads,clash_arena,261,68.482000,1,1.000000
dijkstra-dial-skip,no_roads,clash_arena,170,68.766000,1,1.000000
dijkstra-dial-skip,no_roads,clash_arena,513,68.400000,1,1.000000
dijkstra-dial-skip,no_roads,clash_arena,204,69.441000,1,1.000000
dijkstra-dial-skip,no_roads,clash_arena,535,70.606000,1,1.000000
dijkstra-dial-skip,no_roads,clash_arena,519,68.909000,1,1.000000
dijkstra-dial-skip,no_roads,clash_arena,497,77.818000,1,1.000000
dijkstra-dial-skip,with_roads,clash_arena,493,71.620000,1,1.000000
dijkstra-dial-skip,with_roads,clash_arena,95,72.110000,1,1.000000
dijkstra-dial-skip,with_roads,clash_arena,29,70.106000,1,1.000000
dijkstra-dial-skip,with_roads,clash_arena,568,72.635000,1,1.000000
dijkstra-dial-skip,with_roads,clash_arena,211,74.200000,1,1.000000
dijkstra-dial-skip,with_roads,clash_arena,192,74.002000,1,1.000000
dijkstra-dial-skip,with_roads,clash_arena,178,68.595000,1,1.000000
dijkstra-dial-skip,with_roads,clash_arena,117,68.067000,1,1.000000
dijkstra-dial-skip,with_roads,clash_arena,564,72.420000,1,1.000000
dijkstra-dial-skip,with_roads,clash_arena,90,69.904000,1,1.000000
dijkstra-dial-skip,with_roads,clash_arena,516,70.585000,1,1.000000
dijkstra-dial-skip,with_roads,clash_arena,568,74.213000,1,1.000000
dijkstra-dial-skip,with_roads,clash_arena,433,70.456000,1,1.000000
dijkstra-dial-skip,with_roads,clash_arena,76,73.744000,1,1.000000
dijkstra-dial-skip,with_roads,clash_arena,463,73.865000,1,1.000000
dijkstra-dial-skip,with_roads,clash_arena,306,73.911000,1,1.000000
dijkstra-dial-skip,with_roads,clash_arena,33,72.309000,1,1.000000
dijkstra-dial-skip,with_roads,clash_arena,32,73.348000,1,1.000000
dijkstra-dial-skip,with_roads,clash_arena,80,71.588000,1,1.000000
dijkstra-dial-skip,with_roads,clash_arena,175,71.016000,1,1.000000
dijkstra-dial-skip,with_roads,clash_arena,183,71.113000,1,1.000000
dijkstra-dial-skip,with_roads,clash_arena,408,72.968000,1,1.000000
dijkstra-dial-skip,with_roads,clash_arena,470,70.289000,1,1.000000
dijkstra-dial-skip,with_roads,clash_arena,30,71.059000,1,1.000000
dijkstra-dial-skip,with_roads,clash_arena,444,74.011000,1,1.000000
dijkstra-dial-skip,with_roads,clash_arena,161,71.171000,1,1.000000
dijkstra-dial-skip,with_roads,clash_arena,547,74.131000,1,1.000000
dijkstra-dial-skip,with_roads,clash_arena,498,74.391000,1,1.000000
dijkstra-dial-skip,with_roads,clash_arena,535,73.144000,1,1.000000
dijkstra-dial-skip,with_roads,clash_arena,433,73.472000,1,1.000000
dijkstra-dial-skip,with_roads,clash_arena,304,74.663000,1,1.000000
dijkstra-dial-skip,with_roads,clash_arena,176,74.528000,1,1.000000
dijkstra-dial-skip,with_roads,clash_arena,369,75.391000,1,1.000000
dijkstra-dial-skip,with_roads,clash_arena,460,77.694000,1,1.000000
dijkstra-dial-skip,with_roads,clash_arena,213,73.818000,1,1.000000
dijkstra-dial-skip,with_roads,clash_arena,620,70.592000,1,1.000000
dijkstra-dial-skip,with_roads,clash_arena,11,70.246000,1,1.000000
dijkstra-dial-skip,with_roads,clash_arena,580,70.078000,1,1.000000
dijkstra-dial-skip,with_roads,clash_arena,618,70.954000,1,1.000000
dijkstra-dial-skip,with_roads,clash_arena,135,70.835000,1,1.000000
dijkstra-dial-skip,with_roads,clash_arena,533,69.231000,1,1.000000
dijkstra-dial-skip,with_roads,clash_arena,306,72.566000,1,1.000000
dijkstra-dial-skip,with_roads,clash_arena,253,75.355000,1,1.000000
dijkstra-dial-skip,with_roads,clash_arena,213,74.572000,1,1.000000
dijkstra-dial-skip,with_roads,clash_arena,133,72.707000,1,1.000000
dijkstra-dial-skip,with_roads,clash_arena,174,74.641000,1,1.000000
dijkstra-dial-skip,with_roads,clash_arena,585,78.354000,1,1.000000
dijkstra-dial-skip,with_roads,clash_arena,249,75.641000,1,1.000000
dijkstra-dial-skip,with_roads,clash_arena,90,75.254000,1,1.000000
dijkstra-dial-skip,with_roads,clash_arena,80,73.631000,1,1.000000
dijkstra-dial-skip,with_roads,clash_arena,278,76.709000,1,1.000000
dijkstra-dial-skip,with_roads,clash_arena,82,76.095000,1,1.000000
dijkstra-dial-skip,with_roads,clash_arena,263,73.676000,1,1.000000
dijkstra-dial-skip,with_roads,clash_arena,646,75.223000,1,1.000000
dijkstra-dial-skip,with_roads,clash_arena,255,76.339000,1,1.000000
dijkstra-dial-skip,with_roads,clash_arena,471,72.334000,1,1.000000
dijkstra-dial-skip,with_roads,clash_arena,203,74.266000,1,1.000000
dijkstra-dial-skip,with_roads,clash_arena,619,72.067000,1,1.000000
dijkstra-dial-skip,with_roads,clash_arena,39,75.183000,1,1.000000
dijkstra-dial-skip,with_roads,clash_arena,557,71.412000,1,1.000000
dijkstra-dial-skip,with_roads,clash_arena,380,76.654000,1,1.000000
dijkstra-dial-skip,with_roads,clash_arena,428,72.461000,1,1.000000
dijkstra-dial-skip,with_roads,clash_arena,106,74.648000,1,1.000000
dijkstra-dial-skip,with_roads,clash_arena,276,74.905000,1,1.000000
dijkstra-dial-skip,with_roads,clash_arena,72,70.857000,1,1.000000
dijkstra-dial-skip,with_roads,clash_arena,437,74.987000,1,1.000000
dijkstra-dial-skip,with_roads,clash_arena,222,70.507000,1,1.000000
dijkstra-dial-skip,with_roads,clash_arena,637,73.010000,1,1.000000
dijkstra-dial-skip,with_roads,clash_arena,486,72.980000,1,1.000000
dijkstra-dial-skip,with_roads,clash_arena,479,74.770000,1,1.000000
dijkstra-dial-skip,with_roads,clash_arena,663,71.673000,1,1.000000
dijkstra-dial-skip,with_roads,clash_arena,265,75.301000,1,1.000000
dijkstra-dial-skip,with_roads,clash_arena,453,69.729000,1,1.000000
dijkstra-dial-skip,with_roads,clash_arena,158,71.707000,1,1.000000
dijkstra-dial-skip,with_roads,clash_arena,536,72.170000,1,1.000000
dijkstra-dial-skip,with_roads,clash_arena,66,71.186000,1,1.000000
dijkstra-dial-skip,with_roads,clash_arena,40,72.264000,1,1.000000
dijkstra-dial-skip,with_roads,clash_arena,507,80.697000,1,1.000000
dijkstra-dial-skip,with_roads,clash_arena,180,72.801000,1,1.000000
dijkstra-dial-skip,with_roads,clash_arena,593,73.124000,1,1.000000
dijkstra-dial-skip,with_roads,clash_arena,220,72.253000,1,1.000000
dijkstra-dial-skip,with_roads,clash_arena,72,72.635000,1,1.000000
dijkstra-dial-skip,with_roads,clash_arena,659,76.045000,1,1.000000
dijkstra-dial-skip,with_roads,clash_arena,183,73.920000,1,1.000000
dijkstra-dial-skip,with_roads,clash_arena,86,74.374000,1,1.000000
dijkstra-dial-skip,with_roads,clash_arena,278,75.129000,1,1.000000
dijkstra-dial-skip,with_roads,clash_arena,213,74.609000,1,1.000000
dijkstra-dial-skip,with_roads,clash_arena,375,75.828000,1,1.000000
dijkstra-dial-skip,with_roads,clash_arena,491,70.261000,1,1.000000
dijkstra-dial-skip,with_roads,clash_arena,640,69.052000,1,1.000000
dijkstra-dial-skip,with_roads,clash_arena,266,75.135000,1,1.000000
dijkstra-dial-skip,with_roads,clash_arena,137,70.796000,1,1.000000
dijkstra-dial-skip,with_roads,clash_arena,270,74.478000,1,1.000000
dijkstra-dial-skip,with_roads,clash_arena,261,77.023000,1,1.000000
dijkstra-dial-skip,with_roads,clash_arena,170,74.644000,1,1.000000
dijkstra-dial-skip,with_roads,clash_arena,513,66.153000,1,1.000000
dijkstra-dial-skip,with_roads,clash_arena,204,68.633000,1,1.000000
dijkstra-dial-skip,with_roads,clash_arena,535,66.616000,1,1.000000
dijkstra-dial-skip,with_roads,clash_arena,519,66.686000,1,1.000000
dijkstra-dial-skip,with_roads,clash_arena,497,69.111000,1,1.000000
dijkstra-dial-skip,no_roads,climbing_wall,780,285.842000,1,1.000000
dijkstra-dial-skip,no_roads,climbing_wall,127,272.108000,1,1.000000
dijkstra-dial-skip,no_roads,climbing_wall,25,276.544000,1,1.000000
dijkstra-dial-skip,no_roads,climbing_wall,911,274.856000,1,1.000000
dijkstra-dial-skip,no_roads,climbing_wall,331,273.072000,1,1.000000
dijkstra-dial-skip,no_roads,climbing_wall,294,273.332000,1,1.000000
dijkstra-dial-skip,no_roads,climbing_wall,267,280.575000,1,1.000000
dijkstra-dial-skip,no_roads,climbing_wall,164,282.411000,1,1.000000
dijkstra-dial-skip,no_roads,climbing_wall,904,286.807000,1,1.000000
dijkstra-dial-skip,no_roads,climbing_wall,114,280.115000,1,1.000000
dijkstra-dial-skip,no_roads,climbing_wall,827,304.861000,1,1.000000
dijkstra-dial-skip,no_roads,climbing_wall,908,303.699000,1,1.000000
dijkstra-dial-skip,no_roads,climbing_wall,658,305.136000,1,1.000000
dijkstra-dial-skip,no_roads,climbing_wall,97,290.618000,1,1.000000
dijkstra-dial-skip,no_roads,climbing_wall,718,306.414000,1,1.000000
dijkstra-dial-skip,no_roads,climbing_wall,508,291.835000,1,1.000000
dijkstra-dial-skip,no_roads,climbing_wall,32,291.920000,1,1.000000
dijkstra-dial-skip,no_roads,climbing_wall,30,286.070000,1,1.000000
dijkstra-dial-skip,no_roads,climbing_wall,103,288.887000,1,1.000000
dijkstra-dial-skip,no_roads,climbing_wall,261,289.577000,1,1.000000
dijkstra-dial-skip,no_roads,climbing_wall,280,285.385000,1,1.000000
dijkstra-dial-skip,no_roads,climbing_wall,613,300.539000,1,1.000000
dijkstra-dial-skip,no_roads,climbing_wall,732,288.131000,1,1.000000
dijkstra-dial-skip,no_roads,climbing_wall,27,290.541000,1,1.000000
dijkstra-dial-skip,no_roads,climbing_wall,678,301.457000,1,1.000000
dijkstra-dial-skip,no_roads,climbing_wall,239,291.100000,1,1.000000
dijkstra-dial-skip,no_roads,climbing_wall,877,298.322000,1,1.000000
dijkstra-dial-skip,no_roads,climbing_wall,793,284.448000,1,1.000000
dijkstra-dial-skip,no_roads,climbing_wall,858,288.574000,1,1.000000
dijkstra-dial-skip,no_roads,climbing_wall,658,279.110000,1,1.000000
dijkstra-dial-skip,no_roads,climbing_wall,505,286.337000,1,1.000000
dijkstra-dial-skip,no_roads,climbing_wall,263,288.311000,1,1.000000
dijkstra-dial-skip,no_roads,climbing_wall,539,282.350000,1,1.000000
dijkstra-dial-skip,no_roads,climbing_wall,716,289.491000,1,1.000000
dijkstra-dial-skip,no_roads,climbing_wall,334,273.055000,1,1.000000
dijkstra-dial-skip,no_roads,climbing_wall,986,281.627000,1,1.000000
dijkstra-dial-skip,no_roads,climbing_wall,6,272.223000,1,1.000000
dijkstra-dial-skip,no_roads,climbing_wall,931,279.347000,1,1.000000
dijkstra-dial-skip,no_roads,climbing_wall,983,290.287000,1,1.000000
dijkstra-dial-skip,no_roads,climbing_wall,188,273.891000,1,1.000000
dijkstra-dial-skip,no_roads,climbing_wall,854,275.913000,1,1.000000
dijkstra-dial-skip,no_roads,climbing_wall,508,279.943000,1,1.000000
dijkstra-dial-skip,no_roads,climbing_wall,406,273.737000,1,1.000000
dijkstra-dial-skip,no_roads,climbing_wall,334,269.103000,1,1.000000
dijkstra-dial-skip,no_roads,climbing_wall,184,267.769000,1,1.000000
dijkstra-dial-skip,no_roads,climbing_wall,258,278.559000,1,1.000000
dijkstra-dial-skip,no_roads,climbing_wall,935,288.379000,1,1.000000
dijkstra-dial-skip,no_roads,climbing_wall,402,270.714000,1,1.000000
dijkstra-dial-skip,no_roads,climbing_wall,114,269.319000,1,1.000000
dijkstra-dial-skip,no_roads,climbing_wall,102,273.074000,1,1.000000
dijkstra-dial-skip,no_roads,climbing_wall,455,281.333000,1,1.000000
dijkstra-dial-skip,no_roads,climbing_wall,107,284.405000,1,1.000000
dijkstra-dial-skip,no_roads,climbing_wall,428,283.407000,1,1.000000
dijkstra-dial-skip,no_roads,climbing_wall,412,276.041000,1,1.000000
dijkstra-dial-skip,no_roads,climbing_wall,734,273.516000,1,1.000000
dijkstra-dial-skip,no_roads,climbing_wall,316,274.821000,1,1.000000
dijkstra-dial-skip,no_roads,climbing_wall,984,293.846000,1,1.000000
dijkstra-dial-skip,no_roads,climbing_wall,44,285.475000,1,1.000000
dijkstra-dial-skip,no_roads,climbing_wall,897,292.906000,1,1.000000
dijkstra-dial-skip,no_roads,climbing_wall,552,288.001000,1,1.000000
dijkstra-dial-skip,no_roads,climbing_wall,647,281.658000,1,1.000000
dijkstra-dial-skip,no_roads,climbing_wall,146,284.750000,1,1.000000
dijkstra-dial-skip,no_roads,climbing_wall,453,287.178000,1,1.000000
dijkstra-dial-skip,no_roads,climbing_wall,86,267.339000,1,1.000000
dijkstra-dial-skip,no_roads,climbing_wall,666,275.298000,1,1.000000
dijkstra-dial-skip,no_roads,climbing_wall,354,274.079000,1,1.000000
dijkstra-dial-skip,no_roads,climbing_wall,766,286.229000,1,1.000000
dijkstra-dial-skip,no_roads,climbing_wall,753,281.138000,1,1.000000
dijkstra-dial-skip,no_roads,climbing_wall,433,269.530000,1,1.000000
dijkstra-dial-skip,no_roads,climbing_wall,701,281.397000,1,1.000000
dijkstra-dial-skip,no_roads,climbing_wall,232,275.405000,1,1.000000
dijkstra-dial-skip,no_roads,climbing_wall,861,286.986000,1,1.000000
dijkstra-dial-skip,no_roads,climbing_wall,77,265.151000,1,1.000000
dijkstra-dial-skip,no_roads,climbing_wall,46,269.981000,1,1.000000
dijkstra-dial-skip,no_roads,climbing_wall,807,278.424000,1,1.000000
dijkstra-dial-skip,no_roads,climbing_wall,275,271.026000,1,1.000000
dijkstra-dial-skip,no_roads,climbing_wall,945,294.387000,1,1.000000
dijkstra-dial-skip,no_roads,climbing_wall,348,269.471000,1,1.000000
dijkstra-dial-skip,no_roads,climbing_wall,87,271.250000,1,1.000000
dijkstra-dial-skip,no_roads,climbing_wall,280,273.455000,1,1.000000
dijkstra-dial-skip,no_roads,climbing_wall,113,259.836000,1,1.000000
dijkstra-dial-skip,no_roads,climbing_wall,455,276.067000,1,1.000000
dijkstra-dial-skip,no_roads,climbing_wall,334,266.047000,1,1.000000
dijkstra-dial-skip,no_roads,climbing_wall,544,273.621000,1,1.000000
dijkstra-dial-skip,no_roads,climbing_wall,776,277.720000,1,1.000000
dijkstra-dial-skip,no_roads,climbing_wall,437,269.168000,1,1.000000
dijkstra-dial-skip,no_roads,climbing_wall,193,269.093000,1,1.000000
dijkstra-dial-skip,no_roads,climbing_wall,443,273.872000,1,1.000000
dijkstra-dial-skip,no_roads,climbing_wall,423,271.095000,1,1.000000
dijkstra-dial-skip,no_roads,climbing_wall,252,264.026000,1,1.000000
dijkstra-dial-skip,no_roads,climbing_wall,820,284.931000,1,1.000000
dijkstra-dial-skip,no_roads,climbing_wall,319,269.463000,1,1.000000
dijkstra-dial-skip,no_roads,climbing_wall,858,272.960000,1,1.000000
dijkstra-dial-skip,no_roads,climbing_wall,836,281.311000,1,1.000000
dijkstra-dial-skip,no_roads,climbing_wall,791,270.711000,1,1.000000
dijkstra-dial-skip,no_roads,climbing_wall,79,278.045000,1,1.000000
dijkstra-dial-skip,no_roads,climbing_wall,739,281.337000,1,1.000000
dijkstra-dial-skip,no_roads,climbing_wall,776,264.142000,1,1.000000
dijkstra-dial-skip,no_roads,climbing_wall,205,267.533000,1,1.000000
dijkstra-dial-skip,no_roads,climbing_wall,644,273.870000,1,1.000000
dijkstra-dial-skip,with_roads,climbing_wall,780,293.992000,1,1.000000
dijkstra-dial-skip,with_roads,climbing_wall,127,289.804000,1,1.000000
dijkstra-dial-skip,with_roads,climbing_wall,25,298.916000,1,1.000000
dijkstra-dial-skip,with_roads,climbing_wall,911,301.304000,1,1.000000
dijkstra-dial-skip,with_roads,climbing_wall,331,296.123000,1,1.000000
dijkstra-dial-skip,with_roads,climbing_wall,294,285.156000,1,1.000000
dijkstra-dial-skip,with_roads,climbing_wall,267,290.827000,1,1.000000
dijkstra-dial-skip,with_roads,climbing_wall,164,295.930000,1,1.000000
dijkstra-dial-skip,with_roads,climbing_wall,904,310.722000,1,1.000000
dijkstra-dial-skip,with_roads,climbing_wall,114,312.543000,1,1.000000
dijkstra-dial-skip,with_roads,climbing_wall,827,342.882000,1,1.000000
dijkstra-dial-skip,with_roads,climbing_wall,908,321.302000,1,1.000000
dijkstra-dial-skip,with_roads,climbing_wall,658,321.797000,1,1.000000
dijkstra-dial-skip,with_roads,climbing_wall,97,314.974000,1,1.000000
dijkstra-dial-skip,with_roads,climbing_wall,718,387.183000,1,1.000000
dijkstra-dial-skip,with_roads,climbing_wall,508,303.296000,1,1.000000
dijkstra-dial-skip,with_roads,climbing_wall,32,311.001000,1,1.000000
dijkstra-dial-skip,with_roads,climbing_wall,30,310.936000,1,1.000000
dijkstra-dial-skip,with_roads,climbing_wall,103,307.320000,1,1.000000
dijkstra-dial-skip,with_roads,climbing_wall,261,301.431000,1,1.000000
dijkstra-dial-skip,with_roads,climbing_wall,280,308.928000,1,1.000000
dijkstra-dial-skip,with_roads,climbing_wall,613,308.960000,1,1.000000
dijkstra-dial-skip,with_roads,climbing_wall,732,307.578000,1,1.000000
dijkstra-dial-skip,with_roads,climbing_wall,27,303.116000,1,1.000000
dijkstra-dial-skip,with_roads,climbing_wall,678,294.909000,1,1.000000
dijkstra-dial-skip,with_roads,climbing_wall,239,294.366000,1,1.000000
dijkstra-dial-skip,with_roads,climbing_wall,877,296.536000,1,1.000000
dijkstra-dial-skip,with_roads,climbing_wall,793,298.424000,1,1.000000
dijkstra-dial-skip,with_roads,climbing_wall,858,300.354000,1,1.000000
dijkstra-dial-skip,with_roads,climbing_wall,658,295.348000,1,1.000000
dijkstra-dial-skip,with_roads,climbing_wall,505,294.972000,1,1.000000
dijkstra-dial-skip,with_roads,climbing_wall,263,291.229000,1,1.000000
dijkstra-dial-skip,with_roads,climbing_wall,539,297.563000,1,1.000000
dijkstra-dial-skip,with_roads,climbing_wall,716,294.186000,1,1.000000
dijkstra-dial-skip,with_roads,climbing_wall,334,293.236000,1,1.000000
dijkstra-dial-skip,with_roads,climbing_wall,986,284.752000,1,1.000000
dijkstra-dial-skip,with_roads,climbing_wall,6,290.465000,1,1.000000
dijkstra-dial-skip,with_roads,climbing_wall,931,318.984000,1,1.000000
dijkstra-dial-skip,with_roads,climbing_wall,983,300.705000,1,1.000000
dijkstra-dial-skip,with_roads,climbing_wall,188,283.884000,1,1.000000
dijkstra-dial-skip,with_roads,climbing_wall,854,291.790000,1,1.000000
dijkstra-dial-skip,with_roads,climbing_wall,508,291.718000,1,1.000000
dijkstra-dial-skip,with_roads,climbing_wall,406,298.240000,1,1.000000
dijkstra-dial-skip,with_roads,climbing_wall,334,297.025000,1,1.000000
dijkstra-dial-skip,with_roads,climbing_wall,184,290.213000,1,1.000000
dijkstra-dial-skip,with_roads,climbing_wall,258,291.783000,1,1.000000
dijkstra-dial-skip,with_roads,climbing_wall,935,307.554000,1,1.000000
dijkstra-dial-skip,with_roads,climbing_wall,402,307.461000,1,1.000000
dijkstra-dial-skip,with_roads,climbing_wall,114,299.461000,1,1.000000
dijkstra-dial-skip,with_roads,climbing_wall,102,302.163000,1,1.000000
dijkstra-dial-skip,with_roads,climbing_wall,455,307.147000,1,1.000000
dijkstra-dial-skip,with_roads,climbing_wall,107,303.645000,1,1.000000
dijkstra-dial-skip,with_roads,climbing_wall,428,304.386000,1,1.000000
dijkstra-dial-skip,with_roads,climbing_wall,412,300.606000,1,1.000000
dijkstra-dial-skip,with_roads,climbing_wall,734,311.477000,1,1.000000
dijkstra-dial-skip,with_roads,climbing_wall,316,308.104000,1,1.000000
dijkstra-dial-skip,with_roads,climbing_wall,984,306.299000,1,1.000000
dijkstra-dial-skip,with_roads,climbing_wall,44,305.357000,1,1.000000
dijkstra-dial-skip,with_roads,climbing_wall,897,297.287000,1,1.000000
dijkstra-dial-skip,with_roads,climbing_wall,552,304.019000,1,1.000000
dijkstra-dial-skip,with_roads,climbing_wall,647,304.194000,1,1.000000
dijkstra-dial-skip,with_roads,climbing_wall,146,304.686000,1,1.000000
dijkstra-dial-skip,with_roads,climbing_wall,453,302.292000,1,1.000000
dijkstra-dial-skip,with_roads,climbing_wall,86,300.666000,1,1.000000
dijkstra-dial-skip,with_roads,climbing_wall,666,302.272000,1,1.000000
dijkstra-dial-skip,with_roads,climbing_wall,354,303.939000,1,1.000000
dijkstra-dial-skip,with_roads,climbing_wall,766,310.835000,1,1.000000
dijkstra-dial-skip,with_roads,climbing_wall,753,297.453000,1,1.000000
dijkstra-dial-skip,with_roads,climbing_wall,433,297.683000,1,1.000000
dijkstra-dial-skip,with_roads,climbing_wall,701,301.354000,1,1.000000
dijkstra-dial-skip,with_roads,climbing_wall,232,307.520000,1,1.000000
dijkstra-dial-skip,with_roads,climbing_wall,861,306.514000,1,1.000000
dijkstra-dial-skip,with_roads,climbing_wall,77,304.180000,1,1.000000
dijkstra-dial-skip,with_roads,climbing_wall,46,298.727000,1,1.000000
dijkstra-dial-skip,with_roads,climbing_wall,807,296.871000,1,1.000000
dijkstra-dial-skip,with_roads,climbing_wall,275,298.587000,1,1.000000
dijkstra-dial-skip,with_roads,climbing_wall,945,310.954000,1,1.000000
dijkstra-dial-skip,with_roads,climbing_wall,348,295.995000,1,1.000000
dijkstra-dial-skip,with_roads,climbing_wall,87,299.169000,1,1.000000
dijkstra-dial-skip,with_roads,climbing_wall,280,295.486000,1,1.000000
dijkstra-dial-skip,with_roads,climbing_wall,113,288.660000,1,1.000000
dijkstra-dial-skip,with_roads,climbing_wall,455,304.543000,1,1.000000
dijkstra-dial-skip,with_roads,climbing_wall,334,304.301000,1,1.000000
dijkstra-dial-skip,with_roads,climbing_wall,544,297.647000,1,1.000000
dijkstra-dial-skip,with_roads,climbing_wall,776,296.223000,1,1.000000
dijkstra-dial-skip,with_roads,climbing_wall,437,297.428000,1,1.000000
dijkstra-dial-skip,with_roads,climbing_wall,193,292.575000,1,1.000000
dijkstra-dial-skip,with_roads,climbing_wall,443,310.980000,1,1.000000
dijkstra-dial-skip,with_roads,climbing_wall,423,301.934000,1,1.000000
dijkstra-dial-skip,with_roads,climbing_wall,252,294.431000,1,1.000000
dijkstra-dial-skip,with_roads,climbing_wall,820,301.297000,1,1.000000
dijkstra-dial-skip,with_roads,climbing_wall,319,296.337000,1,1.000000
dijkstra-dial-skip,with_roads,climbing_wall,858,298.015000,1,1.000000
dijkstra-dial-skip,with_roads,climbing_wall,836,295.780000,1,1.000000
dijkstra-dial-skip,with_roads,climbing_wall,791,299.397000,1,1.000000
dijkstra-dial-skip,with_roads,climbing_wall,79,292.158000,1,1.000000
dijkstra-dial-skip,with_roads,climbing_wall,739,290.954000,1,1.000000
dijkstra-dial-skip,with_roads,climbing_wall,776,293.176000,1,1.000000
dijkstra-dial-skip,with_roads,climbing_wall,205,290.209000,1,1.000000
dijkstra-dial-skip,with_roads,climbing_wall,644,293.060000,1,1.000000
dijkstra-dial-skip,no_roads,coffee,1738,606.509000,1,1.000000
dijkstra-dial-skip,no_roads,coffee,285,602.732000,1,1.000000
dijkstra-dial-skip,no_roads,coffee,70,616.001000,1,1.000000
dijkstra-dial-skip,no_roads,coffee,2048,612.549000,1,1.000000
dijkstra-dial-skip,no_roads,coffee,746,633.538000,1,1.000000
dijkstra-dial-skip,no_roads,coffee,659,620.346000,1,1.000000
dijkstra-dial-skip,no_roads,coffee,587,626.182000,1,1.000000
dijkstra-dial-skip,no_roads,coffee,353,631.652000,1,1.000000
dijkstra-dial-skip,no_roads,coffee,2035,616.894000,1,1.000000
dijkstra-dial-skip,no_roads,coffee,263,626.520000,1,1.000000
dijkstra-dial-skip,no_roads,coffee,1845,606.087000,1,1.000000
dijkstra-dial-skip,no_roads,coffee,2046,599.729000,1,1.000000
dijkstra-dial-skip,no_roads,coffee,2422,598.064000,1,1.000000
dijkstra-dial-skip,no_roads,coffee,1497,602.202000,1,1.000000
dijkstra-dial-skip,no_roads,coffee,223,590.376000,1,1.000000
dijkstra-dial-skip,no_roads,coffee,1611,582.856000,1,1.000000
dijkstra-dial-skip,no_roads,coffee,1128,588.809000,1,1.000000
dijkstra-dial-skip,no_roads,coffee,88,3.316000,1,1.000000
dijkstra-dial-skip,no_roads,coffee,82,589.200000,1,1.000000
dijkstra-dial-skip,no_roads,coffee,243,583.642000,1,1.000000
dijkstra-dial-skip,no_roads,coffee,574,609.426000,1,1.000000
dijkstra-dial-skip,no_roads,coffee,615,593.662000,1,1.000000
dijkstra-dial-skip,no_roads,coffee,1392,604.448000,1,1.000000
dijkstra-dial-skip,no_roads,coffee,1640,738.890000,1,1.000000
dijkstra-dial-skip,no_roads,coffee,73,645.257000,1,1.000000
dijkstra-dial-skip,no_roads,coffee,1540,562.205000,1,1.000000
dijkstra-dial-skip,no_roads,coffee,506,602.471000,1,1.000000
dijkstra-dial-skip,no_roads,coffee,1979,650.070000,1,1.000000
dijkstra-dial-skip,no_roads,coffee,1766,588.946000,1,1.000000
dijkstra-dial-skip,no_roads,coffee,1925,588.983000,1,1.000000
dijkstra-dial-skip,no_roads,coffee,1497,578.561000,1,1.000000
dijkstra-dial-skip,no_roads,coffee,1120,593.104000,1,1.000000
dijkstra-dial-skip,no_roads,coffee,578,607.892000,1,1.000000
dijkstra-dial-skip,no_roads,coffee,1209,606.485000,1,1.000000
dijkstra-dial-skip,no_roads,coffee,1607,593.045000,1,1.000000
dijkstra-dial-skip,no_roads,coffee,755,607.377000,1,1.000000
dijkstra-dial-skip,no_roads,coffee,2216,591.804000,1,1.000000
dijkstra-dial-skip,no_roads,coffee,2367,578.500000,1,1.000000
dijkstra-dial-skip,no_roads,coffee,15,612.004000,1,1.000000
dijkstra-dial-skip,no_roads,coffee,2092,593.442000,1,1.000000
dijkstra-dial-skip,no_roads,coffee,2207,616.067000,1,1.000000
dijkstra-dial-skip,no_roads,coffee,404,606.651000,1,1.000000
dijkstra-dial-skip,no_roads,coffee,1915,587.205000,1,1.000000
dijkstra-dial-skip,no_roads,coffee,1129,588.753000,1,1.000000
dijkstra-dial-skip,no_roads,coffee,916,627.510000,1,1.000000
dijkstra-dial-skip,no_roads,coffee,755,638.505000,1,1.000000
dijkstra-dial-skip,no_roads,coffee,396,637.046000,1,1.000000
dijkstra-dial-skip,no_roads,coffee,560,632.361000,1,1.000000
dijkstra-dial-skip,no_roads,coffee,2101,590.418000,1,1.000000
dijkstra-dial-skip,no_roads,coffee,906,601.376000,1,1.000000
dijkstra-dial-skip,no_roads,coffee,263,612.491000,1,1.000000
dijkstra-dial-skip,no_roads,coffee,241,617.663000,1,1.000000
dijkstra-dial-skip,no_roads,coffee,1015,607.245000,1,1.000000
dijkstra-dial-skip,no_roads,coffee,250,598.342000,1,1.000000
dijkstra-dial-skip,no_roads,coffee,960,590.813000,1,1.000000
dijkstra-dial-skip,no_roads,coffee,2311,3.489000,1,1.000000
dijkstra-dial-skip,no_roads,coffee,924,599.737000,1,1.000000
dijkstra-dial-skip,no_roads,coffee,1645,595.357000,1,1.000000
dijkstra-dial-skip,no_roads,coffee,715,605.402000,1,1.000000
dijkstra-dial-skip,no_roads,coffee,2209,583.514000,1,1.000000
dijkstra-dial-skip,no_roads,coffee,113,584.281000,1,1.000000
dijkstra-dial-skip,no_roads,coffee,2019,602.941000,1,1.000000
dijkstra-dial-skip,no_roads,coffee,1248,612.456000,1,1.000000
dijkstra-dial-skip,no_roads,coffee,1476,579.573000,1,1.000000
dijkstra-dial-skip,no_roads,coffee,317,572.637000,1,1.000000
dijkstra-dial-skip,no_roads,coffee,1010,597.359000,1,1.000000
dijkstra-dial-skip,no_roads,coffee,203,590.691000,1,1.000000
dijkstra-dial-skip,no_roads,coffee,1518,564.171000,1,1.000000
dijkstra-dial-skip,no_roads,coffee,795,568.343000,1,1.000000
dijkstra-dial-skip,no_roads,coffee,2266,569.591000,1,1.000000
dijkstra-dial-skip,no_roads,coffee,1708,577.952000,1,1.000000
dijkstra-dial-skip,no_roads,coffee,1681,582.049000,1,1.000000
dijkstra-dial-skip,no_roads,coffee,2405,573.434000,1,1.000000
dijkstra-dial-skip,no_roads,coffee,2348,586.736000,1,1.000000
dijkstra-dial-skip,no_roads,coffee,967,570.279000,1,1.000000
dijkstra-dial-skip,no_roads,coffee,1578,571.573000,1,1.000000
dijkstra-dial-skip,no_roads,coffee,487,582.793000,1,1.000000
dijkstra-dial-skip,no_roads,coffee,1938,580.245000,1,1.000000
dijkstra-dial-skip,no_roads,coffee,181,584.346000,1,1.000000
dijkstra-dial-skip,no_roads,coffee,120,594.076000,1,1.000000
dijkstra-dial-skip,no_roads,coffee,1800,581.934000,1,1.000000
dijkstra-dial-skip,no_roads,coffee,601,3.455000,1,1.000000
dijkstra-dial-skip,no_roads,coffee,2126,591.086000,1,1.000000
dijkstra-dial-skip,no_roads,coffee,784,582.994000,1,1.000000
dijkstra-dial-skip,no_roads,coffee,205,572.273000,1,1.000000
dijkstra-dial-skip,no_roads,coffee,2331,581.140000,1,1.000000
dijkstra-dial-skip,no_roads,coffee,615,580.637000,1,1.000000
dijkstra-dial-skip,no_roads,coffee,2358,580.108000,1,1.000000
dijkstra-dial-skip,no_roads,coffee,258,580.393000,1,1.000000
dijkstra-dial-skip,no_roads,coffee,1015,595.191000,1,1.000000
dijkstra-dial-skip,no_roads,coffee,755,575.095000,1,1.000000
dijkstra-dial-skip,no_roads,coffee,1227,4.930000,1,1.000000
dijkstra-dial-skip,no_roads,coffee,1728,570.647000,1,1.000000
dijkstra-dial-skip,no_roads,coffee,2279,574.381000,1,1.000000
dijkstra-dial-skip,no_roads,coffee,974,676.978000,1,1.000000
dijkstra-dial-skip,no_roads,coffee,413,572.224000,1,1.000000
dijkstra-dial-skip,no_roads,coffee,990,562.688000,1,1.000000
dijkstra-dial-skip,no_roads,coffee,952,592.779000,1,1.000000
dijkstra-dial-skip,no_roads,coffee,538,573.734000,1,1.000000
dijkstra-dial-skip,no_roads,coffee,1828,581.498000,1,1.000000
dijkstra-dial-skip,with_roads,coffee,1738,640.326000,1,1.000000
dijkstra-dial-skip,with_roads,coffee,285,635.984000,1,1.000000
dijkstra-dial-skip,with_roads,coffee,70,631.855000,1,1.000000
dijkstra-dial-skip,with_roads,coffee,2048,601.801000,1,1.000000
dijkstra-dial-skip,with_roads,coffee,746,649.907000,1,1.000000
dijkstra-dial-skip,with_roads,coffee,659,670.627000,1,1.000000
dijkstra-dial-skip,with_roads,coffee,587,666.965000,1,1.000000
dijkstra-dial-skip,with_roads,coffee,353,645.589000,1,1.000000
dijkstra-dial-skip,with_roads,coffee,2035,643.737000,1,1.000000
dijkstra-dial-skip,with_roads,coffee,263,643.318000,1,1.000000
dijkstra-dial-skip,with_roads,coffee,1845,617.130000,1,1.000000
dijkstra-dial-skip,with_roads,coffee,2046,609.353000,1,1.000000
dijkstra-dial-skip,with_roads,coffee,2422,609.063000,1,1.000000
dijkstra-dial-skip,with_roads,coffee,1497,594.025000,1,1.000000
dijkstra-dial-skip,with_roads,coffee,223,622.309000,1,1.000000
dijkstra-dial-skip,with_roads,coffee,1611,576.479000,1,1.000000
dijkstra-dial-skip,with_roads,coffee,1128,608.068000,1,1.000000
dijkstra-dial-skip,with_roads,coffee,88,3.420000,1,1.000000
dijkstra-dial-skip,with_roads,coffee,82,617.007000,1,1.000000
dijkstra-dial-skip,with_roads,coffee,243,607.816000,1,1.000000
dijkstra-dial-skip,with_roads,coffee,574,618.598000,1,1.000000
dijkstra-dial-skip,with_roads,coffee,615,592.355000,1,1.000000
dijkstra-dial-skip,with_roads,coffee,1392,593.503000,1,1.000000
dijkstra-dial-skip,with_roads,coffee,1640,584.888000,1,1.000000
dijkstra-dial-skip,with_roads,coffee,73,604.520000,1,1.000000
dijkstra-dial-skip,with_roads,coffee,1540,589.254000,1,1.000000
dijkstra-dial-skip,with_roads,coffee,506,611.931000,1,1.000000
dijkstra-dial-skip,with_roads,coffee,1979,605.185000,1,1.000000
dijkstra-dial-skip,with_roads,coffee,1766,590.019000,1,1.000000
dijkstra-dial-skip,with_roads,coffee,1925,574.513000,1,1.000000
dijkstra-dial-skip,with_roads,coffee,1497,595.897000,1,1.000000
dijkstra-dial-skip,with_roads,coffee,1120,599.347000,1,1.000000
dijkstra-dial-skip,with_roads,coffee,578,619.020000,1,1.000000
dijkstra-dial-skip,with_roads,coffee,1209,606.299000,1,1.000000
dijkstra-dial-skip,with_roads,coffee,1607,601.311000,1,1.000000
dijkstra-dial-skip,with_roads,coffee,755,600.948000,1,1.000000
dijkstra-dial-skip,with_roads,coffee,2216,612.306000,1,1.000000
dijkstra-dial-skip,with_roads,coffee,2367,583.148000,1,1.000000
dijkstra-dial-skip,with_roads,coffee,15,609.716000,1,1.000000
dijkstra-dial-skip,with_roads,coffee,2092,584.399000,1,1.000000
dijkstra-dial-skip,with_roads,coffee,2207,584.997000,1,1.000000
dijkstra-dial-skip,with_roads,coffee,404,583.268000,1,1.000000
dijkstra-dial-skip,with_roads,coffee,1915,585.263000,1,1.000000
dijkstra-dial-skip,with_roads,coffee,1129,571.433000,1,1.000000
dijkstra-dial-skip,with_roads,coffee,916,600.470000,1,1.000000
dijkstra-dial-skip,with_roads,coffee,755,591.365000,1,1.000000
dijkstra-dial-skip,with_roads,coffee,396,598.526000,1,1.000000
dijkstra-dial-skip,with_roads,coffee,560,581.693000,1,1.000000
dijkstra-dial-skip,with_roads,coffee,2101,787.578000,1,1.000000
dijkstra-dial-skip,with_roads,coffee,906,586.909000,1,1.000000
dijkstra-dial-skip,with_roads,coffee,263,603.512000,1,1.000000
dijkstra-dial-skip,with_roads,coffee,241,573.843000,1,1.000000
dijkstra-dial-skip,with_roads,coffee,1015,599.520000,1,1.000000
dijkstra-dial-skip,with_roads,coffee,250,572.596000,1,1.000000
dijkstra-dial-skip,with_roads,coffee,960,579.231000,1,1.000000
dijkstra-dial-skip,with_roads,coffee,2311,3.589000,1,1.000000
dijkstra-dial-skip,with_roads,coffee,924,595.000000,1,1.000000
dijkstra-dial-skip,with_roads,coffee,1645,567.726000,1,1.000000
dijkstra-dial-skip,with_roads,coffee,715,607.091000,1,1.000000
dijkstra-dial-skip,with_roads,coffee,2209,580.227000,1,1.000000
dijkstra-dial-skip,with_roads,coffee,113,602.303000,1,1.000000
dijkstra-dial-skip,with_roads,coffee,2019,581.094000,1,1.000000
dijkstra-dial-skip,with_roads,coffee,1248,586.042000,1,1.000000
dijkstra-dial-skip,with_roads,coffee,1476,585.187000,1,1.000000
dijkstra-dial-skip,with_roads,coffee,317,599.689000,1,1.000000
dijkstra-dial-skip,with_roads,coffee,1010,596.680000,1,1.000000
dijkstra-dial-skip,with_roads,coffee,203,622.957000,1,1.000000
dijkstra-dial-skip,with_roads,coffee,1518,581.051000,1,1.000000
dijkstra-dial-skip,with_roads,coffee,795,606.079000,1,1.000000
dijkstra-dial-skip,with_roads,coffee,2266,584.770000,1,1.000000
dijkstra-dial-skip,with_roads,coffee,1708,602.458000,1,1.000000
dijkstra-dial-skip,with_roads,coffee,1681,585.410000,1,1.000000
dijkstra-dial-skip,with_roads,coffee,2405,612.363000,1,1.000000
dijkstra-dial-skip,with_roads,coffee,2348,594.640000,1,1.000000
dijkstra-dial-skip,with_roads,coffee,967,614.395000,1,1.000000
dijkstra-dial-skip,with_roads,coffee,1578,584.925000,1,1.000000
dijkstra-dial-skip,with_roads,coffee,487,604.344000,1,1.000000
dijkstra-dial-skip,with_roads,coffee,1938,584.692000,1,1.000000
dijkstra-dial-skip,with_roads,coffee,181,598.154000,1,1.000000
dijkstra-dial-skip,with_roads,coffee,120,592.536000,1,1.000000
dijkstra-dial-skip,with_roads,coffee,1800,607.835000,1,1.000000
dijkstra-dial-skip,with_roads,coffee,601,3.540000,1,1.000000
dijkstra-dial-skip,with_roads,coffee,2126,590.976000,1,1.000000
dijkstra-dial-skip,with_roads,coffee,784,602.524000,1,1.000000
dijkstra-dial-skip,with_roads,coffee,205,589.839000,1,1.000000
dijkstra-dial-skip,with_roads,coffee,2331,576.383000,1,1.000000
dijkstra-dial-skip,with_roads,coffee,615,607.719000,1,1.000000
dijkstra-dial-skip,with_roads,coffee,2358,584.826000,1,1.000000
dijkstra-dial-skip,with_roads,coffee,258,587.230000,1,1.000000
dijkstra-dial-skip,with_roads,coffee,1015,579.470000,1,1.000000
dijkstra-dial-skip,with_roads,coffee,755,601.009000,1,1.000000
dijkstra-dial-skip,with_roads,coffee,1227,5.121000,1,1.000000
dijkstra-dial-skip,with_roads,coffee,1728,588.914000,1,1.000000
dijkstra-dial-skip,with_roads,coffee,2279,586.781000,1,1.000000
dijkstra-dial-skip,with_roads,coffee,974,604.703000,1,1.000000
dijkstra-dial-skip,with_roads,coffee,413,606.900000,1,1.000000
dijkstra-dial-skip,with_roads,coffee,990,594.023000,1,1.000000
dijkstra-dial-skip,with_roads,coffee,952,560.610000,1,1.000000
dijkstra-dial-skip,with_roads,coffee,538,590.050000,1,1.000000
dijkstra-dial-skip,with_roads,coffee,1828,584.940000,1,1.000000
dijkstra-dial-skip,no_roads,cold,259,350.126000,1,1.000000
dijkstra-dial-skip,no_roads,cold,51,348.530000,1,1.000000
dijkstra-dial-skip,no_roads,cold,637,347.493000,1,1.000000
dijkstra-dial-skip,no_roads,cold,566,344.776000,1,1.000000
dijkstra-dial-skip,no_roads,cold,513,365.072000,1,1.000000
dijkstra-dial-skip,no_roads,cold,319,405.030000,1,1.000000
dijkstra-dial-skip,no_roads,cold,238,391.693000,1,1.000000
dijkstra-dial-skip,no_roads,cold,1347,401.242000,1,1.000000
dijkstra-dial-skip,no_roads,cold,201,378.431000,1,1.000000
dijkstra-dial-skip,no_roads,cold,1054,418.770000,1,1.000000
dijkstra-dial-skip,no_roads,cold,65,398.885000,1,1.000000
dijkstra-dial-skip,no_roads,cold,61,401.577000,1,1.000000
dijkstra-dial-skip,no_roads,cold,218,381.367000,1,1.000000
dijkstra-dial-skip,no_roads,cold,501,364.602000,1,1.000000
dijkstra-dial-skip,no_roads,cold,536,352.219000,1,1.000000
dijkstra-dial-skip,no_roads,cold,1260,389.040000,1,1.000000
dijkstra-dial-skip,no_roads,cold,54,363.873000,1,1.000000
dijkstra-dial-skip,no_roads,cold,455,358.484000,1,1.000000
dijkstra-dial-skip,no_roads,cold,1347,370.319000,1,1.000000
dijkstra-dial-skip,no_roads,cold,1049,372.067000,1,1.000000
dijkstra-dial-skip,no_roads,cold,506,344.857000,1,1.000000
dijkstra-dial-skip,no_roads,cold,1124,363.370000,1,1.000000
dijkstra-dial-skip,no_roads,cold,646,334.482000,1,1.000000
dijkstra-dial-skip,no_roads,cold,13,353.568000,1,1.000000
dijkstra-dial-skip,no_roads,cold,362,365.074000,1,1.000000
dijkstra-dial-skip,no_roads,cold,1055,368.588000,1,1.000000
dijkstra-dial-skip,no_roads,cold,784,352.837000,1,1.000000
dijkstra-dial-skip,no_roads,cold,646,351.756000,1,1.000000
dijkstra-dial-skip,no_roads,cold,354,351.289000,1,1.000000
dijkstra-dial-skip,no_roads,cold,493,350.909000,1,1.000000
dijkstra-dial-skip,no_roads,cold,776,343.629000,1,1.000000
dijkstra-dial-skip,no_roads,cold,238,367.181000,1,1.000000
dijkstra-dial-skip,no_roads,cold,216,361.220000,1,1.000000
dijkstra-dial-skip,no_roads,cold,923,360.219000,1,1.000000
dijkstra-dial-skip,no_roads,cold,225,343.270000,1,1.000000
dijkstra-dial-skip,no_roads,cold,844,368.194000,1,1.000000
dijkstra-dial-skip,no_roads,cold,792,329.027000,1,1.000000
dijkstra-dial-skip,no_roads,cold,612,355.386000,1,1.000000
dijkstra-dial-skip,no_roads,cold,88,346.864000,1,1.000000
dijkstra-dial-skip,no_roads,cold,1148,368.861000,1,1.000000
dijkstra-dial-skip,no_roads,cold,1329,350.544000,1,1.000000
dijkstra-dial-skip,no_roads,cold,287,354.598000,1,1.000000
dijkstra-dial-skip,no_roads,cold,918,349.921000,1,1.000000
dijkstra-dial-skip,no_roads,cold,180,392.715000,1,1.000000
dijkstra-dial-skip,no_roads,cold,1361,350.256000,1,1.000000
dijkstra-dial-skip,no_roads,cold,682,338.722000,1,1.000000
dijkstra-dial-skip,no_roads,cold,850,344.221000,1,1.000000
dijkstra-dial-skip,no_roads,cold,440,413.025000,1,1.000000
dijkstra-dial-skip,no_roads,cold,153,376.072000,1,1.000000
dijkstra-dial-skip,no_roads,cold,98,368.890000,1,1.000000
dijkstra-dial-skip,no_roads,cold,524,362.803000,1,1.000000
dijkstra-dial-skip,no_roads,cold,674,358.636000,1,1.000000
dijkstra-dial-skip,no_roads,cold,182,494.496000,1,1.000000
dijkstra-dial-skip,no_roads,cold,536,344.846000,1,1.000000
dijkstra-dial-skip,no_roads,cold,234,341.397000,1,1.000000
dijkstra-dial-skip,no_roads,cold,923,354.195000,1,1.000000
dijkstra-dial-skip,no_roads,cold,646,345.039000,1,1.000000
dijkstra-dial-skip,no_roads,cold,1133,361.868000,1,1.000000
dijkstra-dial-skip,no_roads,cold,858,354.152000,1,1.000000
dijkstra-dial-skip,no_roads,cold,370,385.390000,1,1.000000
dijkstra-dial-skip,no_roads,cold,873,1.954000,1,1.000000
dijkstra-dial-skip,no_roads,cold,816,367.276000,1,1.000000
dijkstra-dial-skip,no_roads,cold,480,360.188000,1,1.000000
dijkstra-dial-skip,no_roads,cold,618,348.591000,1,1.000000
dijkstra-dial-skip,no_roads,cold,157,335.312000,1,1.000000
dijkstra-dial-skip,no_roads,cold,388,354.730000,1,1.000000
dijkstra-dial-skip,no_roads,cold,1324,348.176000,1,1.000000
dijkstra-dial-skip,no_roads,cold,566,357.399000,1,1.000000
dijkstra-dial-skip,no_roads,cold,371,346.383000,1,1.000000
dijkstra-dial-skip,no_roads,cold,1155,365.770000,1,1.000000
dijkstra-dial-skip,no_roads,cold,922,342.315000,1,1.000000
dijkstra-dial-skip,no_roads,cold,624,371.190000,1,1.000000
dijkstra-dial-skip,no_roads,cold,504,333.945000,1,1.000000
dijkstra-dial-skip,no_roads,cold,750,362.421000,1,1.000000
dijkstra-dial-skip,no_roads,cold,119,331.082000,1,1.000000
dijkstra-dial-skip,no_roads,cold,528,340.226000,1,1.000000
dijkstra-dial-skip,no_roads,cold,65,335.867000,1,1.000000
dijkstra-dial-skip,no_roads,cold,730,354.530000,1,1.000000
dijkstra-dial-skip,no_roads,cold,1001,335.647000,1,1.000000
dijkstra-dial-skip,no_roads,cold,620,356.744000,1,1.000000
dijkstra-dial-skip,no_roads,cold,146,341.270000,1,1.000000
dijkstra-dial-skip,no_roads,cold,483,354.293000,1,1.000000
dijkstra-dial-skip,no_roads,cold,728,335.012000,1,1.000000
dijkstra-dial-skip,no_roads,cold,487,340.945000,1,1.000000
dijkstra-dial-skip,no_roads,cold,1248,340.528000,1,1.000000
dijkstra-dial-skip,no_roads,cold,968,372.301000,1,1.000000
dijkstra-dial-skip,no_roads,cold,1147,349.259000,1,1.000000
dijkstra-dial-skip,no_roads,cold,327,364.114000,1,1.000000
dijkstra-dial-skip,no_roads,cold,613,325.335000,1,1.000000
dijkstra-dial-skip,no_roads,cold,319,340.324000,1,1.000000
dijkstra-dial-skip,no_roads,cold,571,332.054000,1,1.000000
dijkstra-dial-skip,no_roads,cold,1334,357.173000,1,1.000000
dijkstra-dial-skip,no_roads,cold,609,328.262000,1,1.000000
dijkstra-dial-skip,no_roads,cold,1071,334.059000,1,1.000000
dijkstra-dial-skip,no_roads,cold,997,336.997000,1,1.000000
dijkstra-dial-skip,no_roads,cold,851,346.709000,1,1.000000
dijkstra-dial-skip,no_roads,cold,504,333.999000,1,1.000000
dijkstra-dial-skip,no_roads,cold,317,351.795000,1,1.000000
dijkstra-dial-skip,no_roads,cold,1269,347.374000,1,1.000000
dijkstra-dial-skip,no_roads,cold,1230,374.552000,1,1.000000
dijkstra-dial-skip,with_roads,cold,259,369.919000,1,1.000000
dijkstra-dial-skip,with_roads,cold,51,353.852000,1,1.000000
dijkstra-dial-skip,with_roads,cold,637,359.771000,1,1.000000
dijkstra-dial-skip,with_roads,cold,566,386.097000,1,1.000000
dijkstra-dial-skip,with_roads,cold,513,431.988000,1,1.000000
dijkstra-dial-skip,with_roads,cold,319,414.088000,1,1.000000
dijkstra-dial-skip,with_roads,cold,238,400.026000,1,1.000000
dijkstra-dial-skip,with_roads,cold,1347,387.204000,1,1.000000
dijkstra-dial-skip,with_roads,cold,201,407.094000,1,1.000000
dijkstra-dial-skip,with_roads,cold,1054,392.152000,1,1.000000
dijkstra-dial-skip,with_roads,cold,65,394.283000,1,1.000000
dijkstra-dial-skip,with_roads,cold,61,380.669000,1,1.000000
dijkstra-dial-skip,with_roads,cold,218,390.618000,1,1.000000
dijkstra-dial-skip,with_roads,cold,501,382.281000,1,1.000000
dijkstra-dial-skip,with_roads,cold,536,369.089000,1,1.000000
dijkstra-dial-skip,with_roads,cold,1260,381.008000,1,1.000000
dijkstra-dial-skip,with_roads,cold,54,383.436000,1,1.000000
dijkstra-dial-skip,with_roads,cold,455,366.076000,1,1.000000
dijkstra-dial-skip,with_roads,cold,1347,378.299000,1,1.000000
dijkstra-dial-skip,with_roads,cold,1049,390.227000,1,1.000000
dijkstra-dial-skip,with_roads,cold,506,368.866000,1,1.000000
dijkstra-dial-skip,with_roads,cold,1124,378.578000,1,1.000000
dijkstra-dial-skip,with_roads,cold,646,371.390000,1,1.000000
dijkstra-dial-skip,with_roads,cold,13,375.679000,1,1.000000
dijkstra-dial-skip,with_roads,cold,362,380.055000,1,1.000000
dijkstra-dial-skip,with_roads,cold,1055,365.177000,1,1.000000
dijkstra-dial-skip,with_roads,cold,784,379.090000,1,1.000000
dijkstra-dial-skip,with_roads,cold,646,349.956000,1,1.000000
dijkstra-dial-skip,with_roads,cold,354,356.798000,1,1.000000
dijkstra-dial-skip,with_roads,cold,493,346.042000,1,1.000000
dijkstra-dial-skip,with_roads,cold,776,363.541000,1,1.000000
dijkstra-dial-skip,with_roads,cold,238,353.116000,1,1.000000
dijkstra-dial-skip,with_roads,cold,216,357.689000,1,1.000000
dijkstra-dial-skip,with_roads,cold,923,352.847000,1,1.000000
dijkstra-dial-skip,with_roads,cold,225,345.660000,1,1.000000
dijkstra-dial-skip,with_roads,cold,844,358.763000,1,1.000000
dijkstra-dial-skip,with_roads,cold,792,344.941000,1,1.000000
dijkstra-dial-skip,with_roads,cold,612,353.931000,1,1.000000
dijkstra-dial-skip,with_roads,cold,88,346.565000,1,1.000000
dijkstra-dial-skip,with_roads,cold,1148,365.268000,1,1.000000
dijkstra-dial-skip,with_roads,cold,1329,368.614000,1,1.000000
dijkstra-dial-skip,with_roads,cold,287,343.260000,1,1.000000
dijkstra-dial-skip,with_roads,cold,918,362.595000,1,1.000000
dijkstra-dial-skip,with_roads,cold,180,364.933000,1,1.000000
dijkstra-dial-skip,with_roads,cold,1361,350.547000,1,1.000000
dijkstra-dial-skip,with_roads,cold,682,349.622000,1,1.000000
dijkstra-dial-skip,with_roads,cold,850,358.093000,1,1.000000
dijkstra-dial-skip,with_roads,cold,440,370.400000,1,1.000000
dijkstra-dial-skip,with_roads,cold,153,363.237000,1,1.000000
dijkstra-dial-skip,with_roads,cold,98,373.804000,1,1.000000
dijkstra-dial-skip,with_roads,cold,524,439.630000,1,1.000000
dijkstra-dial-skip,with_roads,cold,674,458.857000,1,1.000000
dijkstra-dial-skip,with_roads,cold,182,383.960000,1,1.000000
dijkstra-dial-skip,with_roads,cold,536,359.118000,1,1.000000
dijkstra-dial-skip,with_roads,cold,234,345.539000,1,1.000000
dijkstra-dial-skip,with_roads,cold,923,340.704000,1,1.000000
dijkstra-dial-skip,with_roads,cold,646,345.320000,1,1.000000
dijkstra-dial-skip,with_roads,cold,1133,351.908000,1,1.000000
dijkstra-dial-skip,with_roads,cold,858,356.969000,1,1.000000
dijkstra-dial-skip,with_roads,cold,370,354.529000,1,1.000000
dijkstra-dial-skip,with_roads,cold,873,2.150000,1,1.000000
dijkstra-dial-skip,with_roads,cold,816,350.679000,1,1.000000
dijkstra-dial-skip,with_roads,cold,480,364.948000,1,1.000000
dijkstra-dial-skip,with_roads,cold,618,349.179000,1,1.000000
dijkstra-dial-skip,with_roads,cold,157,351.827000,1,1.000000
dijkstra-dial-skip,with_roads,cold,388,346.223000,1,1.000000
dijkstra-dial-skip,with_roads,cold,1324,350.742000,1,1.000000
dijkstra-dial-skip,with_roads,cold,566,339.736000,1,1.000000
dijkstra-dial-skip,with_roads,cold,371,356.375000,1,1.000000
dijkstra-dial-skip,with_roads,cold,1155,385.765000,1,1.000000
dijkstra-dial-skip,with_roads,cold,922,354.088000,1,1.000000
dijkstra-dial-skip,with_roads,cold,624,351.340000,1,1.000000
dijkstra-dial-skip,with_roads,cold,504,344.996000,1,1.000000
dijkstra-dial-skip,with_roads,cold,750,367.260000,1,1.000000
dijkstra-dial-skip,with_roads,cold,119,339.179000,1,1.000000
dijkstra-dial-skip,with_roads,cold,528,346.060000,1,1.000000
dijkstra-dial-skip,with_roads,cold,65,360.062000,1,1.000000
dijkstra-dial-skip,with_roads,cold,730,359.283000,1,1.000000
dijkstra-dial-skip,with_roads,cold,1001,350.835000,1,1.000000
dijkstra-dial-skip,with_roads,cold,620,349.108000,1,1.000000
dijkstra-dial-skip,with_roads,cold,146,365.049000,1,1.000000
dijkstra-dial-skip,with_roads,cold,483,340.589000,1,1.000000
dijkstra-dial-skip,with_roads,cold,728,351.870000,1,1.000000
dijkstra-dial-skip,with_roads,cold,487,343.188000,1,1.000000
dijkstra-dial-skip,with_roads,cold,1248,364.136000,1,1.000000
dijkstra-dial-skip,with_roads,cold,968,346.721000,1,1.000000
dijkstra-dial-skip,with_roads,cold,1147,346.891000,1,1.000000
dijkstra-dial-skip,with_roads,cold,327,351.845000,1,1.000000
dijkstra-dial-skip,with_roads,cold,613,343.342000,1,1.000000
dijkstra-dial-skip,with_roads,cold,319,336.723000,1,1.000000
dijkstra-dial-skip,with_roads,cold,571,347.535000,1,1.000000
dijkstra-dial-skip,with_roads,cold,1334,359.913000,1,1.000000
dijkstra-dial-skip,with_roads,cold,609,363.947000,1,1.000000
dijkstra-dial-skip,with_roads,cold,1071,346.237000,1,1.000000
dijkstra-dial-skip,with_roads,cold,997,355.222000,1,1.000000
dijkstra-dial-skip,with_roads,cold,851,358.867000,1,1.000000
dijkstra-dial-skip,with_roads,cold,504,350.501000,1,1.000000
dijkstra-dial-skip,with_roads,cold,317,351.203000,1,1.000000
dijkstra-dial-skip,with_roads,cold,1269,358.666000,1,1.000000
dijkstra-dial-skip,with_roads,cold,1230,372.365000,1,1.000000
dijkstra-dial-skip,no_roads,corridors,867,233.859000,1,1.000000
dijkstra-dial-skip,no_roads,corridors,121,222.227000,1,1.000000
dijkstra-dial-skip,no_roads,corridors,25,218.845000,1,1.000000
dijkstra-dial-skip,no_roads,corridors,349,218.867000,1,1.000000
dijkstra-dial-skip,no_roads,corridors,307,218.746000,1,1.000000
dijkstra-dial-skip,no_roads,corridors,278,221.796000,1,1.000000
dijkstra-dial-skip,no_roads,corridors,156,220.825000,1,1.000000
dijkstra-dial-skip,no_roads,corridors,107,221.024000,1,1.000000
dijkstra-dial-skip,no_roads,corridors,905,223.263000,1,1.000000
dijkstra-dial-skip,no_roads,corridors,743,225.563000,1,1.000000
dijkstra-dial-skip,no_roads,corridors,89,235.345000,1,1.000000
dijkstra-dial-skip,no_roads,corridors,803,230.891000,1,1.000000
dijkstra-dial-skip,no_roads,corridors,559,248.832000,1,1.000000
dijkstra-dial-skip,no_roads,corridors,32,249.648000,1,1.000000
dijkstra-dial-skip,no_roads,corridors,30,267.535000,1,1.000000
dijkstra-dial-skip,no_roads,corridors,95,248.207000,1,1.000000
dijkstra-dial-skip,no_roads,corridors,272,253.845000,1,1.000000
dijkstra-dial-skip,no_roads,corridors,291,247.167000,1,1.000000
dijkstra-dial-skip,no_roads,corridors,680,249.338000,1,1.000000
dijkstra-dial-skip,no_roads,corridors,818,246.961000,1,1.000000
dijkstra-dial-skip,no_roads,corridors,27,239.811000,1,1.000000
dijkstra-dial-skip,no_roads,corridors,764,243.841000,1,1.000000
dijkstra-dial-skip,no_roads,corridors,245,238.340000,1,1.000000
dijkstra-dial-skip,no_roads,corridors,946,237.221000,1,1.000000
dijkstra-dial-skip,no_roads,corridors,878,236.325000,1,1.000000
dijkstra-dial-skip,no_roads,corridors,931,230.707000,1,1.000000
dijkstra-dial-skip,no_roads,corridors,743,227.797000,1,1.000000
dijkstra-dial-skip,no_roads,corridors,556,224.843000,1,1.000000
dijkstra-dial-skip,no_roads,corridors,274,224.832000,1,1.000000
dijkstra-dial-skip,no_roads,corridors,597,217.117000,1,1.000000
dijkstra-dial-skip,no_roads,corridors,801,213.104000,1,1.000000
dijkstra-dial-skip,no_roads,corridors,355,217.131000,1,1.000000
dijkstra-dial-skip,no_roads,corridors,6,227.146000,1,1.000000
dijkstra-dial-skip,no_roads,corridors,184,222.665000,1,1.000000
dijkstra-dial-skip,no_roads,corridors,927,221.583000,1,1.000000
dijkstra-dial-skip,no_roads,corridors,559,224.670000,1,1.000000
dijkstra-dial-skip,no_roads,corridors,443,221.178000,1,1.000000
dijkstra-dial-skip,no_roads,corridors,355,217.341000,1,1.000000
dijkstra-dial-skip,no_roads,corridors,179,217.453000,1,1.000000
dijkstra-dial-skip,no_roads,corridors,268,222.466000,1,1.000000
dijkstra-dial-skip,no_roads,corridors,438,220.666000,1,1.000000
dijkstra-dial-skip,no_roads,corridors,107,222.333000,1,1.000000
dijkstra-dial-skip,no_roads,corridors,94,230.394000,1,1.000000
dijkstra-dial-skip,no_roads,corridors,504,223.770000,1,1.000000
dijkstra-dial-skip,no_roads,corridors,101,218.216000,1,1.000000
dijkstra-dial-skip,no_roads,corridors,469,223.734000,1,1.000000
dijkstra-dial-skip,no_roads,corridors,448,224.573000,1,1.000000
dijkstra-dial-skip,no_roads,corridors,820,231.186000,1,1.000000
dijkstra-dial-skip,no_roads,corridors,332,225.647000,1,1.000000
dijkstra-dial-skip,no_roads,corridors,44,238.634000,1,1.000000
dijkstra-dial-skip,no_roads,corridors,960,232.933000,1,1.000000
dijkstra-dial-skip,no_roads,corridors,619,225.258000,1,1.000000
dijkstra-dial-skip,no_roads,corridors,725,226.605000,1,1.000000
dijkstra-dial-skip,no_roads,corridors,137,221.966000,1,1.000000
dijkstra-dial-skip,no_roads,corridors,501,222.564000,1,1.000000
dijkstra-dial-skip,no_roads,corridors,80,227.579000,1,1.000000
dijkstra-dial-skip,no_roads,corridors,752,222.238000,1,1.000000
dijkstra-dial-skip,no_roads,corridors,381,218.436000,1,1.000000
dijkstra-dial-skip,no_roads,corridors,853,212.597000,1,1.000000
dijkstra-dial-skip,no_roads,corridors,839,226.932000,1,1.000000
dijkstra-dial-skip,no_roads,corridors,473,215.517000,1,1.000000
dijkstra-dial-skip,no_roads,corridors,785,215.796000,1,1.000000
dijkstra-dial-skip,no_roads,corridors,231,222.223000,1,1.000000
dijkstra-dial-skip,no_roads,corridors,934,229.575000,1,1.000000
dijkstra-dial-skip,no_roads,corridors,71,225.256000,1,1.000000
dijkstra-dial-skip,no_roads,corridors,46,229.711000,1,1.000000
dijkstra-dial-skip,no_roads,corridors,890,226.943000,1,1.000000
dijkstra-dial-skip,no_roads,corridors,284,233.732000,1,1.000000
dijkstra-dial-skip,no_roads,corridors,376,218.987000,1,1.000000
dijkstra-dial-skip,no_roads,corridors,81,218.598000,1,1.000000
dijkstra-dial-skip,no_roads,corridors,291,214.034000,1,1.000000
dijkstra-dial-skip,no_roads,corridors,106,227.291000,1,1.000000
dijkstra-dial-skip,no_roads,corridors,504,223.463000,1,1.000000
dijkstra-dial-skip,no_roads,corridors,355,217.974000,1,1.000000
dijkstra-dial-skip,no_roads,corridors,607,220.554000,1,1.000000
dijkstra-dial-skip,no_roads,corridors,862,228.255000,1,1.000000
dijkstra-dial-skip,no_roads,corridors,479,216.823000,1,1.000000
dijkstra-dial-skip,no_roads,corridors,187,221.515000,1,1.000000
dijkstra-dial-skip,no_roads,corridors,490,227.815000,1,1.000000
dijkstra-dial-skip,no_roads,corridors,463,223.956000,1,1.000000
dijkstra-dial-skip,no_roads,corridors,260,219.842000,1,1.000000
dijkstra-dial-skip,no_roads,corridors,899,223.455000,1,1.000000
dijkstra-dial-skip,no_roads,corridors,336,220.373000,1,1.000000
dijkstra-dial-skip,no_roads,corridors,931,223.108000,1,1.000000
dijkstra-dial-skip,no_roads,corridors,912,225.394000,1,1.000000
dijkstra-dial-skip,no_roads,corridors,876,229.285000,1,1.000000
dijkstra-dial-skip,no_roads,corridors,73,220.306000,1,1.000000
dijkstra-dial-skip,no_roads,corridors,827,227.720000,1,1.000000
dijkstra-dial-skip,no_roads,corridors,862,263.702000,1,1.000000
dijkstra-dial-skip,no_roads,corridors,199,215.608000,1,1.000000
dijkstra-dial-skip,no_roads,corridors,719,208.146000,1,1.000000
dijkstra-dial-skip,no_roads,corridors,959,216.932000,1,1.000000
dijkstra-dial-skip,no_roads,corridors,307,220.445000,1,1.000000
dijkstra-dial-skip,no_roads,corridors,188,216.057000,1,1.000000
dijkstra-dial-skip,no_roads,corridors,622,213.197000,1,1.000000
dijkstra-dial-skip,no_roads,corridors,502,210.306000,1,1.000000
dijkstra-dial-skip,no_roads,corridors,340,220.836000,1,1.000000
dijkstra-dial-skip,no_roads,corridors,868,225.595000,1,1.000000
dijkstra-dial-skip,no_roads,corridors,917,212.941000,1,1.000000
dijkstra-dial-skip,no_roads,corridors,758,213.411000,1,1.000000
dijkstra-dial-skip,with_roads,corridors,867,241.014000,1,1.000000
dijkstra-dial-skip,with_roads,corridors,121,227.444000,1,1.000000
dijkstra-dial-skip,with_roads,corridors,25,235.764000,1,1.000000
dijkstra-dial-skip,with_roads,corridors,349,230.800000,1,1.000000
dijkstra-dial-skip,with_roads,corridors,307,235.613000,1,1.000000
dijkstra-dial-skip,with_roads,corridors,278,236.798000,1,1.000000
dijkstra-dial-skip,with_roads,corridors,156,234.086000,1,1.000000
dijkstra-dial-skip,with_roads,corridors,107,242.355000,1,1.000000
dijkstra-dial-skip,with_roads,corridors,905,242.359000,1,1.000000
dijkstra-dial-skip,with_roads,corridors,743,242.709000,1,1.000000
dijkstra-dial-skip,with_roads,corridors,89,247.193000,1,1.000000
dijkstra-dial-skip,with_roads,corridors,803,252.464000,1,1.000000
dijkstra-dial-skip,with_roads,corridors,559,250.771000,1,1.000000
dijkstra-dial-skip,with_roads,corridors,32,243.321000,1,1.000000
dijkstra-dial-skip,with_roads,corridors,30,260.444000,1,1.000000
dijkstra-dial-skip,with_roads,corridors,95,242.470000,1,1.000000
dijkstra-dial-skip,with_roads,corridors,272,256.624000,1,1.000000
dijkstra-dial-skip,with_roads,corridors,291,245.692000,1,1.000000
dijkstra-dial-skip,with_roads,corridors,680,250.758000,1,1.000000
dijkstra-dial-skip,with_roads,corridors,818,243.007000,1,1.000000
dijkstra-dial-skip,with_roads,corridors,27,251.983000,1,1.000000
dijkstra-dial-skip,with_roads,corridors,764,246.704000,1,1.000000
dijkstra-dial-skip,with_roads,corridors,245,246.754000,1,1.000000
dijkstra-dial-skip,with_roads,corridors,946,246.660000,1,1.000000
dijkstra-dial-skip,with_roads,corridors,878,246.525000,1,1.000000
dijkstra-dial-skip,with_roads,corridors,931,237.143000,1,1.000000
dijkstra-dial-skip,with_roads,corridors,743,245.469000,1,1.000000
dijkstra-dial-skip,with_roads,corridors,556,241.442000,1,1.000000
dijkstra-dial-skip,with_roads,corridors,274,233.076000,1,1.000000
dijkstra-dial-skip,with_roads,corridors,597,227.762000,1,1.000000
dijkstra-dial-skip,with_roads,corridors,801,237.753000,1,1.000000
dijkstra-dial-skip,with_roads,corridors,355,229.933000,1,1.000000
dijkstra-dial-skip,with_roads,corridors,6,233.907000,1,1.000000
dijkstra-dial-skip,with_roads,corridors,184,237.879000,1,1.000000
dijkstra-dial-skip,with_roads,corridors,927,235.168000,1,1.000000
dijkstra-dial-skip,with_roads,corridors,559,233.645000,1,1.000000
dijkstra-dial-skip,with_roads,corridors,443,246.110000,1,1.000000
dijkstra-dial-skip,with_roads,corridors,355,239.764000,1,1.000000
dijkstra-dial-skip,with_roads,corridors,179,234.884000,1,1.000000
dijkstra-dial-skip,with_roads,corridors,268,238.620000,1,1.000000
dijkstra-dial-skip,with_roads,corridors,438,230.143000,1,1.000000
dijkstra-dial-skip,with_roads,corridors,107,232.498000,1,1.000000
dijkstra-dial-skip,with_roads,corridors,94,231.189000,1,1.000000
dijkstra-dial-skip,with_roads,corridors,504,236.502000,1,1.000000
dijkstra-dial-skip,with_roads,corridors,101,228.439000,1,1.000000
dijkstra-dial-skip,with_roads,corridors,469,226.810000,1,1.000000
dijkstra-dial-skip,with_roads,corridors,448,235.668000,1,1.000000
dijkstra-dial-skip,with_roads,corridors,820,240.819000,1,1.000000
dijkstra-dial-skip,with_roads,corridors,332,235.175000,1,1.000000
dijkstra-dial-skip,with_roads,corridors,44,244.873000,1,1.000000
dijkstra-dial-skip,with_roads,corridors,960,239.266000,1,1.000000
dijkstra-dial-skip,with_roads,corridors,619,237.957000,1,1.000000
dijkstra-dial-skip,with_roads,corridors,725,228.110000,1,1.000000
dijkstra-dial-skip,with_roads,corridors,137,234.343000,1,1.000000
dijkstra-dial-skip,with_roads,corridors,501,236.312000,1,1.000000
dijkstra-dial-skip,with_roads,corridors,80,233.675000,1,1.000000
dijkstra-dial-skip,with_roads,corridors,752,232.799000,1,1.000000
dijkstra-dial-skip,with_roads,corridors,381,223.625000,1,1.000000
dijkstra-dial-skip,with_roads,corridors,853,228.636000,1,1.000000
dijkstra-dial-skip,with_roads,corridors,839,234.532000,1,1.000000
dijkstra-dial-skip,with_roads,corridors,473,223.309000,1,1.000000
dijkstra-dial-skip,with_roads,corridors,785,222.499000,1,1.000000
dijkstra-dial-skip,with_roads,corridors,231,230.803000,1,1.000000
dijkstra-dial-skip,with_roads,corridors,934,222.686000,1,1.000000
dijkstra-dial-skip,with_roads,corridors,71,224.747000,1,1.000000
dijkstra-dial-skip,with_roads,corridors,46,232.715000,1,1.000000
dijkstra-dial-skip,with_roads,corridors,890,240.596000,1,1.000000
dijkstra-dial-skip,with_roads,corridors,284,227.996000,1,1.000000
dijkstra-dial-skip,with_roads,corridors,376,227.224000,1,1.000000
dijkstra-dial-skip,with_roads,corridors,81,237.044000,1,1.000000
dijkstra-dial-skip,with_roads,corridors,291,234.438000,1,1.000000
dijkstra-dial-skip,with_roads,corridors,106,231.645000,1,1.000000
dijkstra-dial-skip,with_roads,corridors,504,226.122000,1,1.000000
dijkstra-dial-skip,with_roads,corridors,355,234.872000,1,1.000000
dijkstra-dial-skip,with_roads,corridors,607,232.739000,1,1.000000
dijkstra-dial-skip,with_roads,corridors,862,233.857000,1,1.000000
dijkstra-dial-skip,with_roads,corridors,479,225.201000,1,1.000000
dijkstra-dial-skip,with_roads,corridors,187,234.267000,1,1.000000
dijkstra-dial-skip,with_roads,corridors,490,233.279000,1,1.000000
dijkstra-dial-skip,with_roads,corridors,463,240.005000,1,1.000000
dijkstra-dial-skip,with_roads,corridors,260,226.051000,1,1.000000
dijkstra-dial-skip,with_roads,corridors,899,234.371000,1,1.000000
dijkstra-dial-skip,with_roads,corridors,336,239.171000,1,1.000000
dijkstra-dial-skip,with_roads,corridors,931,222.364000,1,1.000000
dijkstra-dial-skip,with_roads,corridors,912,238.089000,1,1.000000
dijkstra-dial-skip,with_roads,corridors,876,237.841000,1,1.000000
dijkstra-dial-skip,with_roads,corridors,73,232.416000,1,1.000000
dijkstra-dial-skip,with_roads,corridors,827,229.633000,1,1.000000
dijkstra-dial-skip,with_roads,corridors,862,242.533000,1,1.000000
dijkstra-dial-skip,with_roads,corridors,199,228.310000,1,1.000000
dijkstra-dial-skip,with_roads,corridors,719,216.962000,1,1.000000
dijkstra-dial-skip,with_roads,corridors,959,232.721000,1,1.000000
dijkstra-dial-skip,with_roads,corridors,307,230.165000,1,1.000000
dijkstra-dial-skip,with_roads,corridors,188,226.502000,1,1.000000
dijkstra-dial-skip,with_roads,corridors,622,226.860000,1,1.000000
dijkstra-dial-skip,with_roads,corridors,502,216.617000,1,1.000000
dijkstra-dial-skip,with_roads,corridors,340,228.461000,1,1.000000
dijkstra-dial-skip,with_roads,corridors,868,238.858000,1,1.000000
dijkstra-dial-skip,with_roads,corridors,917,388.679000,1,1.000000
dijkstra-dial-skip,with_roads,corridors,758,210.521000,1,1.000000
dijkstra-dial-skip,no_roads,craters,1136,249.021000,1,1.000000
dijkstra-dial-skip,no_roads,craters,308,239.805000,1,1.000000
dijkstra-dial-skip,no_roads,craters,120,252.631000,1,1.000000
dijkstra-dial-skip,no_roads,craters,1330,245.531000,1,1.000000
dijkstra-dial-skip,no_roads,craters,555,251.398000,1,1.000000
dijkstra-dial-skip,no_roads,craters,505,244.816000,1,1.000000
dijkstra-dial-skip,no_roads,craters,471,265.493000,1,1.000000
dijkstra-dial-skip,no_roads,craters,345,277.953000,1,1.000000
dijkstra-dial-skip,no_roads,craters,1319,285.237000,1,1.000000
dijkstra-dial-skip,no_roads,craters,289,264.913000,1,1.000000
dijkstra-dial-skip,no_roads,craters,1202,259.552000,1,1.000000
dijkstra-dial-skip,no_roads,craters,1329,255.587000,1,1.000000
dijkstra-dial-skip,no_roads,craters,997,258.590000,1,1.000000
dijkstra-dial-skip,no_roads,craters,269,272.807000,1,1.000000
dijkstra-dial-skip,no_roads,craters,1061,283.246000,1,1.000000
dijkstra-dial-skip,no_roads,craters,794,272.462000,1,1.000000
dijkstra-dial-skip,no_roads,craters,144,266.923000,1,1.000000
dijkstra-dial-skip,no_roads,craters,136,265.932000,1,1.000000
dijkstra-dial-skip,no_roads,craters,278,263.057000,1,1.000000
dijkstra-dial-skip,no_roads,craters,466,269.255000,1,1.000000
dijkstra-dial-skip,no_roads,craters,485,262.519000,1,1.000000
dijkstra-dial-skip,no_roads,craters,932,277.052000,1,1.000000
dijkstra-dial-skip,no_roads,craters,1084,263.562000,1,1.000000
dijkstra-dial-skip,no_roads,craters,127,260.774000,1,1.000000
dijkstra-dial-skip,no_roads,craters,1019,254.856000,1,1.000000
dijkstra-dial-skip,no_roads,craters,437,262.994000,1,1.000000
dijkstra-dial-skip,no_roads,craters,1275,252.864000,1,1.000000
dijkstra-dial-skip,no_roads,craters,1157,252.964000,1,1.000000
dijkstra-dial-skip,no_roads,craters,1242,251.767000,1,1.000000
dijkstra-dial-skip,no_roads,craters,997,244.942000,1,1.000000
dijkstra-dial-skip,no_roads,craters,788,248.318000,1,1.000000
dijkstra-dial-skip,no_roads,craters,468,251.520000,1,1.000000
dijkstra-dial-skip,no_roads,craters,835,245.805000,1,1.000000
dijkstra-dial-skip,no_roads,craters,1058,255.005000,1,1.000000
dijkstra-dial-skip,no_roads,craters,559,326.197000,1,1.000000
dijkstra-dial-skip,no_roads,craters,67,254.749000,1,1.000000
dijkstra-dial-skip,no_roads,craters,1368,244.766000,1,1.000000
dijkstra-dial-skip,no_roads,craters,382,248.429000,1,1.000000
dijkstra-dial-skip,no_roads,craters,1237,248.232000,1,1.000000
dijkstra-dial-skip,no_roads,craters,794,251.632000,1,1.000000
dijkstra-dial-skip,no_roads,craters,666,251.368000,1,1.000000
dijkstra-dial-skip,no_roads,craters,559,248.286000,1,1.000000
dijkstra-dial-skip,no_roads,craters,371,253.292000,1,1.000000
dijkstra-dial-skip,no_roads,craters,462,247.631000,1,1.000000
dijkstra-dial-skip,no_roads,craters,1376,253.697000,1,1.000000
dijkstra-dial-skip,no_roads,craters,656,246.489000,1,1.000000
dijkstra-dial-skip,no_roads,craters,289,249.059000,1,1.000000
dijkstra-dial-skip,no_roads,craters,277,257.622000,1,1.000000
dijkstra-dial-skip,no_roads,craters,730,252.978000,1,1.000000
dijkstra-dial-skip,no_roads,craters,284,250.351000,1,1.000000
dijkstra-dial-skip,no_roads,craters,695,249.438000,1,1.000000
dijkstra-dial-skip,no_roads,craters,671,244.599000,1,1.000000
dijkstra-dial-skip,no_roads,craters,1087,245.521000,1,1.000000
dijkstra-dial-skip,no_roads,craters,538,251.979000,1,1.000000
dijkstra-dial-skip,no_roads,craters,181,241.367000,1,1.000000
dijkstra-dial-skip,no_roads,craters,1305,242.414000,1,1.000000
dijkstra-dial-skip,no_roads,craters,852,246.650000,1,1.000000
dijkstra-dial-skip,no_roads,craters,983,262.139000,1,1.000000
dijkstra-dial-skip,no_roads,craters,327,255.943000,1,1.000000
dijkstra-dial-skip,no_roads,craters,728,266.429000,1,1.000000
dijkstra-dial-skip,no_roads,craters,259,250.295000,1,1.000000
dijkstra-dial-skip,no_roads,craters,1008,242.846000,1,1.000000
dijkstra-dial-skip,no_roads,craters,582,278.752000,1,1.000000
dijkstra-dial-skip,no_roads,craters,1121,244.691000,1,1.000000
dijkstra-dial-skip,no_roads,craters,1110,247.317000,1,1.000000
dijkstra-dial-skip,no_roads,craters,702,249.801000,1,1.000000
dijkstra-dial-skip,no_roads,craters,1040,256.410000,1,1.000000
dijkstra-dial-skip,no_roads,craters,429,247.524000,1,1.000000
dijkstra-dial-skip,no_roads,craters,1247,265.269000,1,1.000000
dijkstra-dial-skip,no_roads,craters,239,246.699000,1,1.000000
dijkstra-dial-skip,no_roads,craters,185,256.524000,1,1.000000
dijkstra-dial-skip,no_roads,craters,1170,241.811000,1,1.000000
dijkstra-dial-skip,no_roads,craters,480,247.577000,1,1.000000
dijkstra-dial-skip,no_roads,craters,1397,253.629000,1,1.000000
dijkstra-dial-skip,no_roads,craters,578,249.129000,1,1.000000
dijkstra-dial-skip,no_roads,craters,260,257.324000,1,1.000000
dijkstra-dial-skip,no_roads,craters,485,245.093000,1,1.000000
dijkstra-dial-skip,no_roads,craters,288,252.129000,1,1.000000
dijkstra-dial-skip,no_roads,craters,730,244.182000,1,1.000000
dijkstra-dial-skip,no_roads,craters,559,241.489000,1,1.000000
dijkstra-dial-skip,no_roads,craters,842,238.011000,1,1.000000
dijkstra-dial-skip,no_roads,craters,1132,243.460000,1,1.000000
dijkstra-dial-skip,no_roads,craters,705,239.018000,1,1.000000
dijkstra-dial-skip,no_roads,craters,385,242.067000,1,1.000000
dijkstra-dial-skip,no_roads,craters,718,249.376000,1,1.000000
dijkstra-dial-skip,no_roads,craters,690,249.968000,1,1.000000
dijkstra-dial-skip,no_roads,craters,455,241.251000,1,1.000000
dijkstra-dial-skip,no_roads,craters,1188,237.840000,1,1.000000
dijkstra-dial-skip,no_roads,craters,542,246.299000,1,1.000000
dijkstra-dial-skip,no_roads,craters,1242,241.631000,1,1.000000
dijkstra-dial-skip,no_roads,craters,1212,242.690000,1,1.000000
dijkstra-dial-skip,no_roads,craters,1147,239.506000,1,1.000000
dijkstra-dial-skip,no_roads,craters,245,250.912000,1,1.000000
dijkstra-dial-skip,no_roads,craters,1094,254.176000,1,1.000000
dijkstra-dial-skip,no_roads,craters,1132,254.073000,1,1.000000
dijkstra-dial-skip,no_roads,craters,397,256.112000,1,1.000000
dijkstra-dial-skip,no_roads,craters,980,248.052000,1,1.000000
dijkstra-dial-skip,no_roads,craters,1304,242.784000,1,1.000000
dijkstra-dial-skip,no_roads,craters,505,258.311000,1,1.000000
dijkstra-dial-skip,no_roads,craters,386,270.146000,1,1.000000
dijkstra-dial-skip,with_roads,craters,1136,294.820000,1,1.000000
dijkstra-dial-skip,with_roads,craters,308,288.993000,1,1.000000
dijkstra-dial-skip,with_roads,craters,120,291.039000,1,1.000000
dijkstra-dial-skip,with_roads,craters,1330,274.059000,1,1.000000
dijkstra-dial-skip,with_roads,craters,555,284.432000,1,1.000000
dijkstra-dial-skip,with_roads,craters,505,284.155000,1,1.000000
dijkstra-dial-skip,with_roads,craters,471,278.020000,1,1.000000
dijkstra-dial-skip,with_roads,craters,345,269.580000,1,1.000000
dijkstra-dial-skip,with_roads,craters,1319,278.552000,1,1.000000
dijkstra-dial-skip,with_roads,craters,289,270.973000,1,1.000000
dijkstra-dial-skip,with_roads,craters,1202,276.520000,1,1.000000
dijkstra-dial-skip,with_roads,craters,1329,269.541000,1,1.000000
dijkstra-dial-skip,with_roads,craters,997,275.021000,1,1.000000
dijkstra-dial-skip,with_roads,craters,269,277.202000,1,1.000000
dijkstra-dial-skip,with_roads,craters,1061,269.973000,1,1.000000
dijkstra-dial-skip,with_roads,craters,794,271.085000,1,1.000000
dijkstra-dial-skip,with_roads,craters,144,265.644000,1,1.000000
dijkstra-dial-skip,with_roads,craters,136,277.347000,1,1.000000
dijkstra-dial-skip,with_roads,craters,278,274.425000,1,1.000000
dijkstra-dial-skip,with_roads,craters,466,272.798000,1,1.000000
dijkstra-dial-skip,with_roads,craters,485,271.421000,1,1.000000
dijkstra-dial-skip,with_roads,craters,932,260.049000,1,1.000000
dijkstra-dial-skip,with_roads,craters,1084,267.304000,1,1.000000
dijkstra-dial-skip,with_roads,craters,127,260.296000,1,1.000000
dijkstra-dial-skip,with_roads,craters,1019,254.833000,1,1.000000
dijkstra-dial-skip,with_roads,craters,437,262.376000,1,1.000000
dijkstra-dial-skip,with_roads,craters,1275,258.305000,1,1.000000
dijkstra-dial-skip,with_roads,craters,1157,261.937000,1,1.000000
dijkstra-dial-skip,with_roads,craters,1242,255.145000,1,1.000000
dijkstra-dial-skip,with_roads,craters,997,265.430000,1,1.000000
dijkstra-dial-skip,with_roads,craters,788,250.125000,1,1.000000
dijkstra-dial-skip,with_roads,craters,468,254.846000,1,1.000000
dijkstra-dial-skip,with_roads,craters,835,245.754000,1,1.000000
dijkstra-dial-skip,with_roads,craters,1058,244.791000,1,1.000000
dijkstra-dial-skip,with_roads,craters,559,252.074000,1,1.000000
dijkstra-dial-skip,with_roads,craters,67,252.262000,1,1.000000
dijkstra-dial-skip,with_roads,craters,1368,246.090000,1,1.000000
dijkstra-dial-skip,with_roads,craters,382,249.141000,1,1.000000
dijkstra-dial-skip,with_roads,craters,1237,246.554000,1,1.000000
dijkstra-dial-skip,with_roads,craters,794,258.189000,1,1.000000
dijkstra-dial-skip,with_roads,craters,666,249.750000,1,1.000000
dijkstra-dial-skip,with_roads,craters,559,253.104000,1,1.000000
dijkstra-dial-skip,with_roads,craters,371,249.332000,1,1.000000
dijkstra-dial-skip,with_roads,craters,462,259.163000,1,1.000000
dijkstra-dial-skip,with_roads,craters,1376,252.120000,1,1.000000
dijkstra-dial-skip,with_roads,craters,656,256.860000,1,1.000000
dijkstra-dial-skip,with_roads,craters,289,252.736000,1,1.000000
dijkstra-dial-skip,with_roads,craters,277,252.211000,1,1.000000
dijkstra-dial-skip,with_roads,craters,730,252.781000,1,1.000000
dijkstra-dial-skip,with_roads,craters,284,248.957000,1,1.000000
dijkstra-dial-skip,with_roads,craters,695,259.858000,1,1.000000
dijkstra-dial-skip,with_roads,craters,671,254.049000,1,1.000000
dijkstra-dial-skip,with_roads,craters,1087,249.164000,1,1.000000
dijkstra-dial-skip,with_roads,craters,538,256.556000,1,1.000000
dijkstra-dial-skip,with_roads,craters,181,259.443000,1,1.000000
dijkstra-dial-skip,with_roads,craters,1305,249.444000,1,1.000000
dijkstra-dial-skip,with_roads,craters,852,259.522000,1,1.000000
dijkstra-dial-skip,with_roads,craters,983,250.079000,1,1.000000
dijkstra-dial-skip,with_roads,craters,327,254.752000,1,1.000000
dijkstra-dial-skip,with_roads,craters,728,250.448000,1,1.000000
dijkstra-dial-skip,with_roads,craters,259,252.404000,1,1.000000
dijkstra-dial-skip,with_roads,craters,1008,250.170000,1,1.000000
dijkstra-dial-skip,with_roads,craters,582,247.674000,1,1.000000
dijkstra-dial-skip,with_roads,craters,1121,249.075000,1,1.000000
dijkstra-dial-skip,with_roads,craters,1110,244.048000,1,1.000000
dijkstra-dial-skip,with_roads,craters,702,247.972000,1,1.000000
dijkstra-dial-skip,with_roads,craters,1040,245.952000,1,1.000000
dijkstra-dial-skip,with_roads,craters,429,247.471000,1,1.000000
dijkstra-dial-skip,with_roads,craters,1247,250.086000,1,1.000000
dijkstra-dial-skip,with_roads,craters,239,251.236000,1,1.000000
dijkstra-dial-skip,with_roads,craters,185,255.057000,1,1.000000
dijkstra-dial-skip,with_roads,craters,1170,252.601000,1,1.000000
dijkstra-dial-skip,with_roads,craters,480,256.448000,1,1.000000
dijkstra-dial-skip,with_roads,craters,1397,254.232000,1,1.000000
dijkstra-dial-skip,with_roads,craters,578,254.038000,1,1.000000
dijkstra-dial-skip,with_roads,craters,260,254.917000,1,1.000000
dijkstra-dial-skip,with_roads,craters,485,251.291000,1,1.000000
dijkstra-dial-skip,with_roads,craters,288,238.655000,1,1.000000
dijkstra-dial-skip,with_roads,craters,730,241.753000,1,1.000000
dijkstra-dial-skip,with_roads,craters,559,248.222000,1,1.000000
dijkstra-dial-skip,with_roads,craters,842,258.326000,1,1.000000
dijkstra-dial-skip,with_roads,craters,1132,250.722000,1,1.000000
dijkstra-dial-skip,with_roads,craters,705,254.008000,1,1.000000
dijkstra-dial-skip,with_roads,craters,385,260.515000,1,1.000000
dijkstra-dial-skip,with_roads,craters,718,257.948000,1,1.000000
dijkstra-dial-skip,with_roads,craters,690,273.696000,1,1.000000
dijkstra-dial-skip,with_roads,craters,455,250.771000,1,1.000000
dijkstra-dial-skip,with_roads,craters,1188,244.335000,1,1.000000
dijkstra-dial-skip,with_roads,craters,542,252.986000,1,1.000000
dijkstra-dial-skip,with_roads,craters,1242,250.093000,1,1.000000
dijkstra-dial-skip,with_roads,craters,1212,246.870000,1,1.000000
dijkstra-dial-skip,with_roads,craters,1147,255.249000,1,1.000000
dijkstra-dial-skip,with_roads,craters,245,244.992000,1,1.000000
dijkstra-dial-skip,with_roads,craters,1094,252.804000,1,1.000000
dijkstra-dial-skip,with_roads,craters,1132,245.268000,1,1.000000
dijkstra-dial-skip,with_roads,craters,397,252.644000,1,1.000000
dijkstra-dial-skip,with_roads,craters,980,244.842000,1,1.000000
dijkstra-dial-skip,with_roads,craters,1304,241.316000,1,1.000000
dijkstra-dial-skip,with_roads,craters,505,250.549000,1,1.000000
dijkstra-dial-skip,with_roads,craters,386,241.560000,1,1.000000
dijkstra-dial-skip,no_roads,cubes,1665,604.174000,1,1.000000
dijkstra-dial-skip,no_roads,cubes,300,741.713000,1,1.000000
dijkstra-dial-skip,no_roads,cubes,55,606.894000,1,1.000000
dijkstra-dial-skip,no_roads,cubes,1925,657.621000,1,1.000000
dijkstra-dial-skip,no_roads,cubes,735,746.554000,1,1.000000
dijkstra-dial-skip,no_roads,cubes,665,651.961000,1,1.000000
dijkstra-dial-skip,no_roads,cubes,612,724.206000,1,1.000000
dijkstra-dial-skip,no_roads,cubes,384,711.370000,1,1.000000
dijkstra-dial-skip,no_roads,cubes,1912,684.140000,1,1.000000
dijkstra-dial-skip,no_roads,cubes,280,688.263000,1,1.000000
dijkstra-dial-skip,no_roads,cubes,1770,672.404000,1,1.000000
dijkstra-dial-skip,no_roads,cubes,1923,648.870000,1,1.000000
dijkstra-dial-skip,no_roads,cubes,2357,634.193000,1,1.000000
dijkstra-dial-skip,no_roads,cubes,1420,637.757000,1,1.000000
dijkstra-dial-skip,no_roads,cubes,232,643.553000,1,1.000000
dijkstra-dial-skip,no_roads,cubes,1540,632.449000,1,1.000000
dijkstra-dial-skip,no_roads,cubes,1120,638.747000,1,1.000000
dijkstra-dial-skip,no_roads,cubes,78,614.055000,1,1.000000
dijkstra-dial-skip,no_roads,cubes,74,616.535000,1,1.000000
dijkstra-dial-skip,no_roads,cubes,246,586.152000,1,1.000000
dijkstra-dial-skip,no_roads,cubes,601,602.716000,1,1.000000
dijkstra-dial-skip,no_roads,cubes,635,593.673000,1,1.000000
dijkstra-dial-skip,no_roads,cubes,1321,637.598000,1,1.000000
dijkstra-dial-skip,no_roads,cubes,1580,602.176000,1,1.000000
dijkstra-dial-skip,no_roads,cubes,66,614.369000,1,1.000000
dijkstra-dial-skip,no_roads,cubes,1457,618.807000,1,1.000000
dijkstra-dial-skip,no_roads,cubes,544,601.286000,1,1.000000
dijkstra-dial-skip,no_roads,cubes,1863,597.429000,1,1.000000
dijkstra-dial-skip,no_roads,cubes,1707,613.735000,1,1.000000
dijkstra-dial-skip,no_roads,cubes,1827,603.376000,1,1.000000
dijkstra-dial-skip,no_roads,cubes,1420,620.621000,1,1.000000
dijkstra-dial-skip,no_roads,cubes,1115,633.730000,1,1.000000
dijkstra-dial-skip,no_roads,cubes,605,622.422000,1,1.000000
dijkstra-dial-skip,no_roads,cubes,1188,598.865000,1,1.000000
dijkstra-dial-skip,no_roads,cubes,1537,599.528000,1,1.000000
dijkstra-dial-skip,no_roads,cubes,741,609.456000,1,1.000000
dijkstra-dial-skip,no_roads,cubes,2114,609.913000,1,1.000000
dijkstra-dial-skip,no_roads,cubes,2292,614.156000,1,1.000000
dijkstra-dial-skip,no_roads,cubes,13,598.980000,1,1.000000
dijkstra-dial-skip,no_roads,cubes,1988,608.578000,1,1.000000
dijkstra-dial-skip,no_roads,cubes,2106,616.597000,1,1.000000
dijkstra-dial-skip,no_roads,cubes,430,599.462000,1,1.000000
dijkstra-dial-skip,no_roads,cubes,1819,601.903000,1,1.000000
dijkstra-dial-skip,no_roads,cubes,1121,610.041000,1,1.000000
dijkstra-dial-skip,no_roads,cubes,903,614.138000,1,1.000000
dijkstra-dial-skip,no_roads,cubes,741,593.443000,1,1.000000
dijkstra-dial-skip,no_roads,cubes,422,609.863000,1,1.000000
dijkstra-dial-skip,no_roads,cubes,592,593.157000,1,1.000000
dijkstra-dial-skip,no_roads,cubes,2002,574.992000,1,1.000000
dijkstra-dial-skip,no_roads,cubes,896,595.331000,1,1.000000
dijkstra-dial-skip,no_roads,cubes,280,597.449000,1,1.000000
dijkstra-dial-skip,no_roads,cubes,244,602.682000,1,1.000000
dijkstra-dial-skip,no_roads,cubes,1012,596.415000,1,1.000000
dijkstra-dial-skip,no_roads,cubes,261,592.308000,1,1.000000
dijkstra-dial-skip,no_roads,cubes,960,592.089000,1,1.000000
dijkstra-dial-skip,no_roads,cubes,2226,681.552000,1,1.000000
dijkstra-dial-skip,no_roads,cubes,911,605.051000,1,1.000000
dijkstra-dial-skip,no_roads,cubes,1584,595.883000,1,1.000000
dijkstra-dial-skip,no_roads,cubes,710,606.050000,1,1.000000
dijkstra-dial-skip,no_roads,cubes,2109,601.351000,1,1.000000
dijkstra-dial-skip,no_roads,cubes,104,592.151000,1,1.000000
dijkstra-dial-skip,no_roads,cubes,1896,598.993000,1,1.000000
dijkstra-dial-skip,no_roads,cubes,1209,587.605000,1,1.000000
dijkstra-dial-skip,no_roads,cubes,1398,580.244000,1,1.000000
dijkstra-dial-skip,no_roads,cubes,338,586.292000,1,1.000000
dijkstra-dial-skip,no_roads,cubes,2431,594.272000,1,1.000000
dijkstra-dial-skip,no_roads,cubes,1009,619.142000,1,1.000000
dijkstra-dial-skip,no_roads,cubes,204,612.108000,1,1.000000
dijkstra-dial-skip,no_roads,cubes,1436,585.980000,1,1.000000
dijkstra-dial-skip,no_roads,cubes,775,577.731000,1,1.000000
dijkstra-dial-skip,no_roads,cubes,2178,585.119000,1,1.000000
dijkstra-dial-skip,no_roads,cubes,1642,616.562000,1,1.000000
dijkstra-dial-skip,no_roads,cubes,1617,602.690000,1,1.000000
dijkstra-dial-skip,no_roads,cubes,2342,610.245000,1,1.000000
dijkstra-dial-skip,no_roads,cubes,2265,601.715000,1,1.000000
dijkstra-dial-skip,no_roads,cubes,966,608.229000,1,1.000000
dijkstra-dial-skip,no_roads,cubes,1506,631.323000,1,1.000000
dijkstra-dial-skip,no_roads,cubes,518,606.677000,1,1.000000
dijkstra-dial-skip,no_roads,cubes,1834,622.773000,1,1.000000
dijkstra-dial-skip,no_roads,cubes,181,618.760000,1,1.000000
dijkstra-dial-skip,no_roads,cubes,110,611.467000,1,1.000000
dijkstra-dial-skip,no_roads,cubes,1736,631.549000,1,1.000000
dijkstra-dial-skip,no_roads,cubes,624,614.344000,1,1.000000
dijkstra-dial-skip,no_roads,cubes,2025,599.874000,1,1.000000
dijkstra-dial-skip,no_roads,cubes,766,622.992000,1,1.000000
dijkstra-dial-skip,no_roads,cubes,207,629.423000,1,1.000000
dijkstra-dial-skip,no_roads,cubes,2252,672.506000,1,1.000000
dijkstra-dial-skip,no_roads,cubes,635,641.631000,1,1.000000
dijkstra-dial-skip,no_roads,cubes,2285,730.739000,1,1.000000
dijkstra-dial-skip,no_roads,cubes,271,617.795000,1,1.000000
dijkstra-dial-skip,no_roads,cubes,1012,609.666000,1,1.000000
dijkstra-dial-skip,no_roads,cubes,741,612.550000,1,1.000000
dijkstra-dial-skip,no_roads,cubes,1197,651.040000,1,1.000000
dijkstra-dial-skip,no_roads,cubes,1657,617.339000,1,1.000000
dijkstra-dial-skip,no_roads,cubes,2192,668.793000,1,1.000000
dijkstra-dial-skip,no_roads,cubes,977,638.131000,1,1.000000
dijkstra-dial-skip,no_roads,cubes,438,643.155000,1,1.000000
dijkstra-dial-skip,no_roads,cubes,990,635.214000,1,1.000000
dijkstra-dial-skip,no_roads,cubes,952,613.450000,1,1.000000
dijkstra-dial-skip,no_roads,cubes,580,597.304000,1,1.000000
dijkstra-dial-skip,with_roads,cubes,1665,652.016000,1,1.000000
dijkstra-dial-skip,with_roads,cubes,300,653.685000,1,1.000000
dijkstra-dial-skip,with_roads,cubes,55,682.942000,1,1.000000
dijkstra-dial-skip,with_roads,cubes,1925,678.271000,1,1.000000
dijkstra-dial-skip,with_roads,cubes,735,670.033000,1,1.000000
dijkstra-dial-skip,with_roads,cubes,665,676.518000,1,1.000000
dijkstra-dial-skip,with_roads,cubes,612,650.983000,1,1.000000
dijkstra-dial-skip,with_roads,cubes,384,675.377000,1,1.000000
dijkstra-dial-skip,with_roads,cubes,1912,656.478000,1,1.000000
dijkstra-dial-skip,with_roads,cubes,280,662.013000,1,1.000000
dijkstra-dial-skip,with_roads,cubes,1770,653.786000,1,1.000000
dijkstra-dial-skip,with_roads,cubes,1923,673.414000,1,1.000000
dijkstra-dial-skip,with_roads,cubes,2357,640.762000,1,1.000000
dijkstra-dial-skip,with_roads,cubes,1420,647.837000,1,1.000000
dijkstra-dial-skip,with_roads,cubes,232,615.051000,1,1.000000
dijkstra-dial-skip,with_roads,cubes,1540,638.189000,1,1.000000
dijkstra-dial-skip,with_roads,cubes,1120,626.501000,1,1.000000
dijkstra-dial-skip,with_roads,cubes,78,617.770000,1,1.000000
dijkstra-dial-skip,with_roads,cubes,74,605.147000,1,1.000000
dijkstra-dial-skip,with_roads,cubes,246,624.090000,1,1.000000
dijkstra-dial-skip,with_roads,cubes,601,618.162000,1,1.000000
dijkstra-dial-skip,with_roads,cubes,635,635.421000,1,1.000000
dijkstra-dial-skip,with_roads,cubes,1321,604.607000,1,1.000000
dijkstra-dial-skip,with_roads,cubes,1580,596.955000,1,1.000000
dijkstra-dial-skip,with_roads,cubes,66,626.312000,1,1.000000
dijkstra-dial-skip,with_roads,cubes,1457,604.322000,1,1.000000
dijkstra-dial-skip,with_roads,cubes,544,605.010000,1,1.000000
dijkstra-dial-skip,with_roads,cubes,1863,594.304000,1,1.000000
dijkstra-dial-skip,with_roads,cubes,1707,623.966000,1,1.000000
dijkstra-dial-skip,with_roads,cubes,1827,611.629000,1,1.000000
dijkstra-dial-skip,with_roads,cubes,1420,598.494000,1,1.000000
dijkstra-dial-skip,with_roads,cubes,1115,605.214000,1,1.000000
dijkstra-dial-skip,with_roads,cubes,605,622.062000,1,1.000000
dijkstra-dial-skip,with_roads,cubes,1188,600.991000,1,1.000000
dijkstra-dial-skip,with_roads,cubes,1537,606.338000,1,1.000000
dijkstra-dial-skip,with_roads,cubes,741,605.738000,1,1.000000
dijkstra-dial-skip,with_roads,cubes,2114,600.724000,1,1.000000
dijkstra-dial-skip,with_roads,cubes,2292,635.195000,1,1.000000
dijkstra-dial-skip,with_roads,cubes,13,625.321000,1,1.000000
dijkstra-dial-skip,with_roads,cubes,1988,625.167000,1,1.000000
dijkstra-dial-skip,with_roads,cubes,2106,629.482000,1,1.000000
dijkstra-dial-skip,with_roads,cubes,430,646.112000,1,1.000000
dijkstra-dial-skip,with_roads,cubes,1819,613.370000,1,1.000000
dijkstra-dial-skip,with_roads,cubes,1121,633.511000,1,1.000000
dijkstra-dial-skip,with_roads,cubes,903,604.645000,1,1.000000
dijkstra-dial-skip,with_roads,cubes,741,592.874000,1,1.000000
dijkstra-dial-skip,with_roads,cubes,422,599.785000,1,1.000000
dijkstra-dial-skip,with_roads,cubes,592,612.179000,1,1.000000
dijkstra-dial-skip,with_roads,cubes,2002,592.027000,1,1.000000
dijkstra-dial-skip,with_roads,cubes,896,608.033000,1,1.000000
dijkstra-dial-skip,with_roads,cubes,280,603.463000,1,1.000000
dijkstra-dial-skip,with_roads,cubes,244,610.988000,1,1.000000
dijkstra-dial-skip,with_roads,cubes,1012,590.666000,1,1.000000
dijkstra-dial-skip,with_roads,cubes,261,610.912000,1,1.000000
dijkstra-dial-skip,with_roads,cubes,960,694.908000,1,1.000000
dijkstra-dial-skip,with_roads,cubes,2226,595.266000,1,1.000000
dijkstra-dial-skip,with_roads,cubes,911,616.623000,1,1.000000
dijkstra-dial-skip,with_roads,cubes,1584,604.693000,1,1.000000
dijkstra-dial-skip,with_roads,cubes,710,620.587000,1,1.000000
dijkstra-dial-skip,with_roads,cubes,2109,588.530000,1,1.000000
dijkstra-dial-skip,with_roads,cubes,104,605.999000,1,1.000000
dijkstra-dial-skip,with_roads,cubes,1896,606.247000,1,1.000000
dijkstra-dial-skip,with_roads,cubes,1209,619.346000,1,1.000000
dijkstra-dial-skip,with_roads,cubes,1398,672.199000,1,1.000000
dijkstra-dial-skip,with_roads,cubes,338,602.034000,1,1.000000
dijkstra-dial-skip,with_roads,cubes,2431,607.912000,1,1.000000
dijkstra-dial-skip,with_roads,cubes,1009,605.528000,1,1.000000
dijkstra-dial-skip,with_roads,cubes,204,604.309000,1,1.000000
dijkstra-dial-skip,with_roads,cubes,1436,605.824000,1,1.000000
dijkstra-dial-skip,with_roads,cubes,775,599.367000,1,1.000000
dijkstra-dial-skip,with_roads,cubes,2178,598.489000,1,1.000000
dijkstra-dial-skip,with_roads,cubes,1642,607.307000,1,1.000000
dijkstra-dial-skip,with_roads,cubes,1617,593.624000,1,1.000000
dijkstra-dial-skip,with_roads,cubes,2342,619.599000,1,1.000000
dijkstra-dial-skip,with_roads,cubes,2265,606.506000,1,1.000000
dijkstra-dial-skip,with_roads,cubes,966,606.860000,1,1.000000
dijkstra-dial-skip,with_roads,cubes,1506,610.783000,1,1.000000
dijkstra-dial-skip,with_roads,cubes,518,614.247000,1,1.000000
dijkstra-dial-skip,with_roads,cubes,1834,605.937000,1,1.000000
dijkstra-dial-skip,with_roads,cubes,181,632.939000,1,1.000000
dijkstra-dial-skip,with_roads,cubes,110,624.169000,1,1.000000
dijkstra-dial-skip,with_roads,cubes,1736,639.109000,1,1.000000
dijkstra-dial-skip,with_roads,cubes,624,607.588000,1,1.000000
dijkstra-dial-skip,with_roads,cubes,2025,612.638000,1,1.000000
dijkstra-dial-skip,with_roads,cubes,766,659.290000,1,1.000000
dijkstra-dial-skip,with_roads,cubes,207,608.972000,1,1.000000
dijkstra-dial-skip,with_roads,cubes,2252,601.789000,1,1.000000
dijkstra-dial-skip,with_roads,cubes,635,577.955000,1,1.000000
dijkstra-dial-skip,with_roads,cubes,2285,618.902000,1,1.000000
dijkstra-dial-skip,with_roads,cubes,271,617.668000,1,1.000000
dijkstra-dial-skip,with_roads,cubes,1012,616.098000,1,1.000000
dijkstra-dial-skip,with_roads,cubes,741,608.083000,1,1.000000
dijkstra-dial-skip,with_roads,cubes,1197,625.004000,1,1.000000
dijkstra-dial-skip,with_roads,cubes,1657,619.252000,1,1.000000
dijkstra-dial-skip,with_roads,cubes,2192,612.690000,1,1.000000
dijkstra-dial-skip,with_roads,cubes,977,616.986000,1,1.000000
dijkstra-dial-skip,with_roads,cubes,438,614.630000,1,1.000000
dijkstra-dial-skip,with_roads,cubes,990,638.960000,1,1.000000
dijkstra-dial-skip,with_roads,cubes,952,621.734000,1,1.000000
dijkstra-dial-skip,with_roads,cubes,580,610.050000,1,1.000000
dijkstra-dial-skip,no_roads,default_large1,1441,511.406000,1,1.000000
dijkstra-dial-skip,no_roads,default_large1,264,458.084000,1,1.000000
dijkstra-dial-skip,no_roads,default_large1,53,488.839000,1,1.000000
dijkstra-dial-skip,no_roads,default_large1,627,500.104000,1,1.000000
dijkstra-dial-skip,no_roads,default_large1,563,487.232000,1,1.000000
dijkstra-dial-skip,no_roads,default_large1,516,497.987000,1,1.000000
dijkstra-dial-skip,no_roads,default_large1,326,511.377000,1,1.000000
dijkstra-dial-skip,no_roads,default_large1,242,486.952000,1,1.000000
dijkstra-dial-skip,no_roads,default_large1,1539,487.937000,1,1.000000
dijkstra-dial-skip,no_roads,default_large1,1226,488.520000,1,1.000000
dijkstra-dial-skip,no_roads,default_large1,207,490.306000,1,1.000000
dijkstra-dial-skip,no_roads,default_large1,1329,488.266000,1,1.000000
dijkstra-dial-skip,no_roads,default_large1,956,482.081000,1,1.000000
dijkstra-dial-skip,no_roads,default_large1,67,485.151000,1,1.000000
dijkstra-dial-skip,no_roads,default_large1,63,471.542000,1,1.000000
dijkstra-dial-skip,no_roads,default_large1,222,472.039000,1,1.000000
dijkstra-dial-skip,no_roads,default_large1,506,454.889000,1,1.000000
dijkstra-dial-skip,no_roads,default_large1,536,475.572000,1,1.000000
dijkstra-dial-skip,no_roads,default_large1,1136,478.796000,1,1.000000
dijkstra-dial-skip,no_roads,default_large1,1355,484.002000,1,1.000000
dijkstra-dial-skip,no_roads,default_large1,56,481.271000,1,1.000000
dijkstra-dial-skip,no_roads,default_large1,1262,473.749000,1,1.000000
dijkstra-dial-skip,no_roads,default_large1,461,473.791000,1,1.000000
dijkstra-dial-skip,no_roads,default_large1,1467,467.745000,1,1.000000
dijkstra-dial-skip,no_roads,default_large1,1592,480.160000,1,1.000000
dijkstra-dial-skip,no_roads,default_large1,1226,477.348000,1,1.000000
dijkstra-dial-skip,no_roads,default_large1,951,471.384000,1,1.000000
dijkstra-dial-skip,no_roads,default_large1,510,481.686000,1,1.000000
dijkstra-dial-skip,no_roads,default_large1,1012,451.662000,1,1.000000
dijkstra-dial-skip,no_roads,default_large1,1326,449.308000,1,1.000000
dijkstra-dial-skip,no_roads,default_large1,633,459.980000,1,1.000000
dijkstra-dial-skip,no_roads,default_large1,13,473.877000,1,1.000000
dijkstra-dial-skip,no_roads,default_large1,372,479.775000,1,1.000000
dijkstra-dial-skip,no_roads,default_large1,1585,481.233000,1,1.000000
dijkstra-dial-skip,no_roads,default_large1,957,475.020000,1,1.000000
dijkstra-dial-skip,no_roads,default_large1,773,475.563000,1,1.000000
dijkstra-dial-skip,no_roads,default_large1,633,473.296000,1,1.000000
dijkstra-dial-skip,no_roads,default_large1,362,474.074000,1,1.000000
dijkstra-dial-skip,no_roads,default_large1,497,477.251000,1,1.000000
dijkstra-dial-skip,no_roads,default_large1,766,478.645000,1,1.000000
dijkstra-dial-skip,no_roads,default_large1,242,503.836000,1,1.000000
dijkstra-dial-skip,no_roads,default_large1,220,477.314000,1,1.000000
dijkstra-dial-skip,no_roads,default_large1,864,480.922000,1,1.000000
dijkstra-dial-skip,no_roads,default_large1,229,460.507000,1,1.000000
dijkstra-dial-skip,no_roads,default_large1,813,468.902000,1,1.000000
dijkstra-dial-skip,no_roads,default_large1,782,481.757000,1,1.000000
dijkstra-dial-skip,no_roads,default_large1,1359,489.231000,1,1.000000
dijkstra-dial-skip,no_roads,default_large1,604,508.651000,1,1.000000
dijkstra-dial-skip,no_roads,default_large1,91,685.518000,1,1.000000
dijkstra-dial-skip,no_roads,default_large1,1034,589.961000,1,1.000000
dijkstra-dial-skip,no_roads,default_large1,1204,469.808000,1,1.000000
dijkstra-dial-skip,no_roads,default_large1,295,462.797000,1,1.000000
dijkstra-dial-skip,no_roads,default_large1,861,476.384000,1,1.000000
dijkstra-dial-skip,no_roads,default_large1,188,466.209000,1,1.000000
dijkstra-dial-skip,no_roads,default_large1,1242,482.233000,1,1.000000
dijkstra-dial-skip,no_roads,default_large1,666,585.602000,1,1.000000
dijkstra-dial-skip,no_roads,default_large1,1416,455.866000,1,1.000000
dijkstra-dial-skip,no_roads,default_large1,1393,464.962000,1,1.000000
dijkstra-dial-skip,no_roads,default_large1,819,458.792000,1,1.000000
dijkstra-dial-skip,no_roads,default_large1,1298,461.510000,1,1.000000
dijkstra-dial-skip,no_roads,default_large1,445,473.275000,1,1.000000
dijkstra-dial-skip,no_roads,default_large1,1598,471.970000,1,1.000000
dijkstra-dial-skip,no_roads,default_large1,166,459.169000,1,1.000000
dijkstra-dial-skip,no_roads,default_large1,110,479.248000,1,1.000000
dijkstra-dial-skip,no_roads,default_large1,1507,464.702000,1,1.000000
dijkstra-dial-skip,no_roads,default_large1,525,462.518000,1,1.000000
dijkstra-dial-skip,no_roads,default_large1,656,475.180000,1,1.000000
dijkstra-dial-skip,no_roads,default_large1,190,470.145000,1,1.000000
dijkstra-dial-skip,no_roads,default_large1,536,495.596000,1,1.000000
dijkstra-dial-skip,no_roads,default_large1,239,479.770000,1,1.000000
dijkstra-dial-skip,no_roads,default_large1,864,468.594000,1,1.000000
dijkstra-dial-skip,no_roads,default_large1,633,466.401000,1,1.000000
dijkstra-dial-skip,no_roads,default_large1,1022,468.847000,1,1.000000
dijkstra-dial-skip,no_roads,default_large1,1433,461.800000,1,1.000000
dijkstra-dial-skip,no_roads,default_large1,826,480.618000,1,1.000000
dijkstra-dial-skip,no_roads,default_large1,379,479.120000,1,1.000000
dijkstra-dial-skip,no_roads,default_large1,837,453.903000,1,1.000000
dijkstra-dial-skip,no_roads,default_large1,805,469.266000,1,1.000000
dijkstra-dial-skip,no_roads,default_large1,483,480.503000,1,1.000000
dijkstra-dial-skip,no_roads,default_large1,1526,481.932000,1,1.000000
dijkstra-dial-skip,no_roads,default_large1,609,470.416000,1,1.000000
dijkstra-dial-skip,no_roads,default_large1,1593,576.161000,1,1.000000
dijkstra-dial-skip,no_roads,default_large1,1554,476.765000,1,1.000000
dijkstra-dial-skip,no_roads,default_large1,1462,472.172000,1,1.000000
dijkstra-dial-skip,no_roads,default_large1,170,483.715000,1,1.000000
dijkstra-dial-skip,no_roads,default_large1,1372,472.021000,1,1.000000
dijkstra-dial-skip,no_roads,default_large1,1432,475.883000,1,1.000000
dijkstra-dial-skip,no_roads,default_large1,400,475.382000,1,1.000000
dijkstra-dial-skip,no_roads,default_large1,1199,484.825000,1,1.000000
dijkstra-dial-skip,no_roads,default_large1,563,467.192000,1,1.000000
dijkstra-dial-skip,no_roads,default_large1,380,478.956000,1,1.000000
dijkstra-dial-skip,no_roads,default_large1,1040,488.424000,1,1.000000
dijkstra-dial-skip,no_roads,default_large1,863,488.430000,1,1.000000
dijkstra-dial-skip,no_roads,default_large1,615,479.184000,1,1.000000
dijkstra-dial-skip,no_roads,default_large1,1442,484.896000,1,1.000000
dijkstra-dial-skip,no_roads,default_large1,1564,482.615000,1,1.000000
dijkstra-dial-skip,no_roads,default_large1,1253,490.519000,1,1.000000
dijkstra-dial-skip,no_roads,default_large1,508,460.413000,1,1.000000
dijkstra-dial-skip,no_roads,default_large1,1557,488.905000,1,1.000000
dijkstra-dial-skip,no_roads,default_large1,734,473.420000,1,1.000000
dijkstra-dial-skip,with_roads,default_large1,1441,579.208000,1,1.000000
dijkstra-dial-skip,with_roads,default_large1,264,543.042000,1,1.000000
dijkstra-dial-skip,with_roads,default_large1,53,552.106000,1,1.000000
dijkstra-dial-skip,with_roads,default_large1,627,522.072000,1,1.000000
dijkstra-dial-skip,with_roads,default_large1,563,558.238000,1,1.000000
dijkstra-dial-skip,with_roads,default_large1,516,558.971000,1,1.000000
dijkstra-dial-skip,with_roads,default_large1,326,561.071000,1,1.000000
dijkstra-dial-skip,with_roads,default_large1,242,581.908000,1,1.000000
dijkstra-dial-skip,with_roads,default_large1,1539,558.483000,1,1.000000
dijkstra-dial-skip,with_roads,default_large1,1226,514.968000,1,1.000000
dijkstra-dial-skip,with_roads,default_large1,207,569.062000,1,1.000000
dijkstra-dial-skip,with_roads,default_large1,1329,573.316000,1,1.000000
dijkstra-dial-skip,with_roads,default_large1,956,560.002000,1,1.000000
dijkstra-dial-skip,with_roads,default_large1,67,555.705000,1,1.000000
dijkstra-dial-skip,with_roads,default_large1,63,547.115000,1,1.000000
dijkstra-dial-skip,with_roads,default_large1,222,543.006000,1,1.000000
dijkstra-dial-skip,with_roads,default_large1,506,505.956000,1,1.000000
dijkstra-dial-skip,with_roads,default_large1,536,513.107000,1,1.000000
dijkstra-dial-skip,with_roads,default_large1,1136,521.579000,1,1.000000
dijkstra-dial-skip,with_roads,default_large1,1355,506.873000,1,1.000000
dijkstra-dial-skip,with_roads,default_large1,56,522.810000,1,1.000000
dijkstra-dial-skip,with_roads,default_large1,1262,500.153000,1,1.000000
dijkstra-dial-skip,with_roads,default_large1,461,494.970000,1,1.000000
dijkstra-dial-skip,with_roads,default_large1,1467,522.540000,1,1.000000
dijkstra-dial-skip,with_roads,default_large1,1592,524.694000,1,1.000000
dijkstra-dial-skip,with_roads,default_large1,1226,478.037000,1,1.000000
dijkstra-dial-skip,with_roads,default_large1,951,491.124000,1,1.000000
dijkstra-dial-skip,with_roads,default_large1,510,531.650000,1,1.000000
dijkstra-dial-skip,with_roads,default_large1,1012,508.580000,1,1.000000
dijkstra-dial-skip,with_roads,default_large1,1326,556.271000,1,1.000000
dijkstra-dial-skip,with_roads,default_large1,633,547.317000,1,1.000000
dijkstra-dial-skip,with_roads,default_large1,13,535.003000,1,1.000000
dijkstra-dial-skip,with_roads,default_large1,372,504.816000,1,1.000000
dijkstra-dial-skip,with_roads,default_large1,1585,538.669000,1,1.000000
dijkstra-dial-skip,with_roads,default_large1,957,583.140000,1,1.000000
dijkstra-dial-skip,with_roads,default_large1,773,495.772000,1,1.000000
dijkstra-dial-skip,with_roads,default_large1,633,540.765000,1,1.000000
dijkstra-dial-skip,with_roads,default_large1,362,542.427000,1,1.000000
dijkstra-dial-skip,with_roads,default_large1,497,498.981000,1,1.000000
dijkstra-dial-skip,with_roads,default_large1,766,567.146000,1,1.000000
dijkstra-dial-skip,with_roads,default_large1,242,559.880000,1,1.000000
dijkstra-dial-skip,with_roads,default_large1,220,520.035000,1,1.000000
dijkstra-dial-skip,with_roads,default_large1,864,484.442000,1,1.000000
dijkstra-dial-skip,with_roads,default_large1,229,543.715000,1,1.000000
dijkstra-dial-skip,with_roads,default_large1,813,483.219000,1,1.000000
dijkstra-dial-skip,with_roads,default_large1,782,494.122000,1,1.000000
dijkstra-dial-skip,with_roads,default_large1,1359,530.039000,1,1.000000
dijkstra-dial-skip,with_roads,default_large1,604,520.928000,1,1.000000
dijkstra-dial-skip,with_roads,default_large1,91,534.767000,1,1.000000
dijkstra-dial-skip,with_roads,default_large1,1034,497.310000,1,1.000000
dijkstra-dial-skip,with_roads,default_large1,1204,576.910000,1,1.000000
dijkstra-dial-skip,with_roads,default_large1,295,498.122000,1,1.000000
dijkstra-dial-skip,with_roads,default_large1,861,486.503000,1,1.000000
dijkstra-dial-skip,with_roads,default_large1,188,521.694000,1,1.000000
dijkstra-dial-skip,with_roads,default_large1,1242,606.850000,1,1.000000
dijkstra-dial-skip,with_roads,default_large1,666,494.357000,1,1.000000
dijkstra-dial-skip,with_roads,default_large1,1416,766.967000,1,1.000000
dijkstra-dial-skip,with_roads,default_large1,1393,506.774000,1,1.000000
dijkstra-dial-skip,with_roads,default_large1,819,457.246000,1,1.000000
dijkstra-dial-skip,with_roads,default_large1,1298,565.713000,1,1.000000
dijkstra-dial-skip,with_roads,default_large1,445,539.225000,1,1.000000
dijkstra-dial-skip,with_roads,default_large1,1598,551.477000,1,1.000000
dijkstra-dial-skip,with_roads,default_large1,166,591.681000,1,1.000000
dijkstra-dial-skip,with_roads,default_large1,110,531.782000,1,1.000000
dijkstra-dial-skip,with_roads,default_large1,1507,503.662000,1,1.000000
dijkstra-dial-skip,with_roads,default_large1,525,520.599000,1,1.000000
dijkstra-dial-skip,with_roads,default_large1,656,495.119000,1,1.000000
dijkstra-dial-skip,with_roads,default_large1,190,552.592000,1,1.000000
dijkstra-dial-skip,with_roads,default_large1,536,496.652000,1,1.000000
dijkstra-dial-skip,with_roads,default_large1,239,568.259000,1,1.000000
dijkstra-dial-skip,with_roads,default_large1,864,513.998000,1,1.000000
dijkstra-dial-skip,with_roads,default_large1,633,555.485000,1,1.000000
dijkstra-dial-skip,with_roads,default_large1,1022,497.709000,1,1.000000
dijkstra-dial-skip,with_roads,default_large1,1433,528.359000,1,1.000000
dijkstra-dial-skip,with_roads,default_large1,826,493.869000,1,1.000000
dijkstra-dial-skip,with_roads,default_large1,379,493.877000,1,1.000000
dijkstra-dial-skip,with_roads,default_large1,837,541.907000,1,1.000000
dijkstra-dial-skip,with_roads,default_large1,805,504.131000,1,1.000000
dijkstra-dial-skip,with_roads,default_large1,483,518.572000,1,1.000000
dijkstra-dial-skip,with_roads,default_large1,1526,539.178000,1,1.000000
dijkstra-dial-skip,with_roads,default_large1,609,505.719000,1,1.000000
dijkstra-dial-skip,with_roads,default_large1,1593,530.891000,1,1.000000
dijkstra-dial-skip,with_roads,default_large1,1554,519.718000,1,1.000000
dijkstra-dial-skip,with_roads,default_large1,1462,524.248000,1,1.000000
dijkstra-dial-skip,with_roads,default_large1,170,534.094000,1,1.000000
dijkstra-dial-skip,with_roads,default_large1,1372,537.694000,1,1.000000
dijkstra-dial-skip,with_roads,default_large1,1432,528.679000,1,1.000000
dijkstra-dial-skip,with_roads,default_large1,400,559.118000,1,1.000000
dijkstra-dial-skip,with_roads,default_large1,1199,513.286000,1,1.000000
dijkstra-dial-skip,with_roads,default_large1,563,519.042000,1,1.000000
dijkstra-dial-skip,with_roads,default_large1,380,493.931000,1,1.000000
dijkstra-dial-skip,with_roads,default_large1,1040,543.939000,1,1.000000
dijkstra-dial-skip,with_roads,default_large1,863,491.759000,1,1.000000
dijkstra-dial-skip,with_roads,default_large1,615,477.058000,1,1.000000
dijkstra-dial-skip,with_roads,default_large1,1442,537.441000,1,1.000000
dijkstra-dial-skip,with_roads,default_large1,1564,527.155000,1,1.000000
dijkstra-dial-skip,with_roads,default_large1,1253,522.959000,1,1.000000
dijkstra-dial-skip,with_roads,default_large1,508,517.328000,1,1.000000
dijkstra-dial-skip,with_roads,default_large1,1557,532.854000,1,1.000000
dijkstra-dial-skip,with_roads,default_large1,734,480.098000,1,1.000000
dijkstra-dial-skip,no_roads,default_large2,238,430.028000,1,1.000000
dijkstra-dial-skip,no_roads,default_large2,51,421.631000,1,1.000000
dijkstra-dial-skip,no_roads,default_large2,659,442.808000,1,1.000000
dijkstra-dial-skip,no_roads,default_large2,587,437.364000,1,1.000000
dijkstra-dial-skip,no_roads,default_large2,541,444.829000,1,1.000000
dijkstra-dial-skip,no_roads,default_large2,303,463.491000,1,1.000000
dijkstra-dial-skip,no_roads,default_large2,218,484.773000,1,1.000000
dijkstra-dial-skip,no_roads,default_large2,1306,460.597000,1,1.000000
dijkstra-dial-skip,no_roads,default_large2,184,446.380000,1,1.000000
dijkstra-dial-skip,no_roads,default_large2,1443,425.926000,1,1.000000
dijkstra-dial-skip,no_roads,default_large2,1008,438.755000,1,1.000000
dijkstra-dial-skip,no_roads,default_large2,65,431.868000,1,1.000000
dijkstra-dial-skip,no_roads,default_large2,61,449.330000,1,1.000000
dijkstra-dial-skip,no_roads,default_large2,197,441.049000,1,1.000000
dijkstra-dial-skip,no_roads,default_large2,529,438.280000,1,1.000000
dijkstra-dial-skip,no_roads,default_large2,562,432.570000,1,1.000000
dijkstra-dial-skip,no_roads,default_large2,1212,422.792000,1,1.000000
dijkstra-dial-skip,no_roads,default_large2,1466,420.224000,1,1.000000
dijkstra-dial-skip,no_roads,default_large2,54,441.524000,1,1.000000
dijkstra-dial-skip,no_roads,default_large2,1351,436.669000,1,1.000000
dijkstra-dial-skip,no_roads,default_large2,483,418.851000,1,1.000000
dijkstra-dial-skip,no_roads,default_large2,1306,426.568000,1,1.000000
dijkstra-dial-skip,no_roads,default_large2,1003,418.275000,1,1.000000
dijkstra-dial-skip,no_roads,default_large2,533,411.573000,1,1.000000
dijkstra-dial-skip,no_roads,default_large2,1073,428.737000,1,1.000000
dijkstra-dial-skip,no_roads,default_large2,1440,436.045000,1,1.000000
dijkstra-dial-skip,no_roads,default_large2,667,424.397000,1,1.000000
dijkstra-dial-skip,no_roads,default_large2,13,420.985000,1,1.000000
dijkstra-dial-skip,no_roads,default_large2,365,420.317000,1,1.000000
dijkstra-dial-skip,no_roads,default_large2,1009,432.431000,1,1.000000
dijkstra-dial-skip,no_roads,default_large2,815,434.410000,1,1.000000
dijkstra-dial-skip,no_roads,default_large2,667,417.144000,1,1.000000
dijkstra-dial-skip,no_roads,default_large2,354,436.642000,1,1.000000
dijkstra-dial-skip,no_roads,default_large2,522,419.892000,1,1.000000
dijkstra-dial-skip,no_roads,default_large2,805,436.088000,1,1.000000
dijkstra-dial-skip,no_roads,default_large2,218,418.860000,1,1.000000
dijkstra-dial-skip,no_roads,default_large2,195,437.020000,1,1.000000
dijkstra-dial-skip,no_roads,default_large2,912,415.690000,1,1.000000
dijkstra-dial-skip,no_roads,default_large2,204,437.199000,1,1.000000
dijkstra-dial-skip,no_roads,default_large2,863,417.326000,1,1.000000
dijkstra-dial-skip,no_roads,default_large2,825,427.199000,1,1.000000
dijkstra-dial-skip,no_roads,default_large2,1470,434.949000,1,1.000000
dijkstra-dial-skip,no_roads,default_large2,634,437.209000,1,1.000000
dijkstra-dial-skip,no_roads,default_large2,92,572.510000,1,1.000000
dijkstra-dial-skip,no_roads,default_large2,1098,430.181000,1,1.000000
dijkstra-dial-skip,no_roads,default_large2,1288,413.550000,1,1.000000
dijkstra-dial-skip,no_roads,default_large2,270,422.426000,1,1.000000
dijkstra-dial-skip,no_roads,default_large2,909,496.244000,1,1.000000
dijkstra-dial-skip,no_roads,default_large2,167,416.738000,1,1.000000
dijkstra-dial-skip,no_roads,default_large2,1327,425.674000,1,1.000000
dijkstra-dial-skip,no_roads,default_large2,700,423.022000,1,1.000000
dijkstra-dial-skip,no_roads,default_large2,868,403.060000,1,1.000000
dijkstra-dial-skip,no_roads,default_large2,1400,415.112000,1,1.000000
dijkstra-dial-skip,no_roads,default_large2,469,417.135000,1,1.000000
dijkstra-dial-skip,no_roads,default_large2,148,422.244000,1,1.000000
dijkstra-dial-skip,no_roads,default_large2,97,428.917000,1,1.000000
dijkstra-dial-skip,no_roads,default_large2,550,413.400000,1,1.000000
dijkstra-dial-skip,no_roads,default_large2,692,426.081000,1,1.000000
dijkstra-dial-skip,no_roads,default_large2,169,433.934000,1,1.000000
dijkstra-dial-skip,no_roads,default_large2,562,435.173000,1,1.000000
dijkstra-dial-skip,no_roads,default_large2,215,425.940000,1,1.000000
dijkstra-dial-skip,no_roads,default_large2,912,417.218000,1,1.000000
dijkstra-dial-skip,no_roads,default_large2,667,413.671000,1,1.000000
dijkstra-dial-skip,no_roads,default_large2,1085,394.144000,1,1.000000
dijkstra-dial-skip,no_roads,default_large2,879,402.342000,1,1.000000
dijkstra-dial-skip,no_roads,default_large2,393,426.462000,1,1.000000
dijkstra-dial-skip,no_roads,default_large2,892,424.300000,1,1.000000
dijkstra-dial-skip,no_roads,default_large2,853,468.175000,1,1.000000
dijkstra-dial-skip,no_roads,default_large2,509,416.159000,1,1.000000
dijkstra-dial-skip,no_roads,default_large2,641,455.160000,1,1.000000
dijkstra-dial-skip,no_roads,default_large2,152,408.632000,1,1.000000
dijkstra-dial-skip,no_roads,default_large2,1481,413.871000,1,1.000000
dijkstra-dial-skip,no_roads,default_large2,413,422.672000,1,1.000000
dijkstra-dial-skip,no_roads,default_large2,1283,418.026000,1,1.000000
dijkstra-dial-skip,no_roads,default_large2,587,429.560000,1,1.000000
dijkstra-dial-skip,no_roads,default_large2,394,434.777000,1,1.000000
dijkstra-dial-skip,no_roads,default_large2,1104,406.007000,1,1.000000
dijkstra-dial-skip,no_roads,default_large2,911,423.458000,1,1.000000
dijkstra-dial-skip,no_roads,default_large2,648,415.512000,1,1.000000
dijkstra-dial-skip,no_roads,default_large2,1342,411.988000,1,1.000000
dijkstra-dial-skip,no_roads,default_large2,531,407.341000,1,1.000000
dijkstra-dial-skip,no_roads,default_large2,775,416.936000,1,1.000000
dijkstra-dial-skip,no_roads,default_large2,119,417.526000,1,1.000000
dijkstra-dial-skip,no_roads,default_large2,553,422.885000,1,1.000000
dijkstra-dial-skip,no_roads,default_large2,65,418.430000,1,1.000000
dijkstra-dial-skip,no_roads,default_large2,752,419.717000,1,1.000000
dijkstra-dial-skip,no_roads,default_large2,961,407.822000,1,1.000000
dijkstra-dial-skip,no_roads,default_large2,644,464.622000,1,1.000000
dijkstra-dial-skip,no_roads,default_large2,141,454.688000,1,1.000000
dijkstra-dial-skip,no_roads,default_large2,514,436.892000,1,1.000000
dijkstra-dial-skip,no_roads,default_large2,1371,416.338000,1,1.000000
dijkstra-dial-skip,no_roads,default_large2,750,446.904000,1,1.000000
dijkstra-dial-skip,no_roads,default_large2,517,434.322000,1,1.000000
dijkstra-dial-skip,no_roads,default_large2,1198,424.637000,1,1.000000
dijkstra-dial-skip,no_roads,default_large2,950,423.495000,1,1.000000
dijkstra-dial-skip,no_roads,default_large2,1097,410.737000,1,1.000000
dijkstra-dial-skip,no_roads,default_large2,312,406.148000,1,1.000000
dijkstra-dial-skip,no_roads,default_large2,635,410.642000,1,1.000000
dijkstra-dial-skip,no_roads,default_large2,303,433.978000,1,1.000000
dijkstra-dial-skip,no_roads,default_large2,593,528.329000,1,1.000000
dijkstra-dial-skip,with_roads,default_large2,238,456.181000,1,1.000000
dijkstra-dial-skip,with_roads,default_large2,51,449.588000,1,1.000000
dijkstra-dial-skip,with_roads,default_large2,659,454.779000,1,1.000000
dijkstra-dial-skip,with_roads,default_large2,587,444.798000,1,1.000000
dijkstra-dial-skip,with_roads,default_large2,541,450.137000,1,1.000000
dijkstra-dial-skip,with_roads,default_large2,303,477.913000,1,1.000000
dijkstra-dial-skip,with_roads,default_large2,218,473.968000,1,1.000000
dijkstra-dial-skip,with_roads,default_large2,1306,464.205000,1,1.000000
dijkstra-dial-skip,with_roads,default_large2,184,471.650000,1,1.000000
dijkstra-dial-skip,with_roads,default_large2,1443,446.641000,1,1.000000
dijkstra-dial-skip,with_roads,default_large2,1008,464.726000,1,1.000000
dijkstra-dial-skip,with_roads,default_large2,65,468.736000,1,1.000000
dijkstra-dial-skip,with_roads,default_large2,61,471.576000,1,1.000000
dijkstra-dial-skip,with_roads,default_large2,197,461.028000,1,1.000000
dijkstra-dial-skip,with_roads,default_large2,529,456.137000,1,1.000000
dijkstra-dial-skip,with_roads,default_large2,562,456.904000,1,1.000000
dijkstra-dial-skip,with_roads,default_large2,1212,447.052000,1,1.000000
dijkstra-dial-skip,with_roads,default_large2,1466,449.967000,1,1.000000
dijkstra-dial-skip,with_roads,default_large2,54,458.041000,1,1.000000
dijkstra-dial-skip,with_roads,default_large2,1351,453.958000,1,1.000000
dijkstra-dial-skip,with_roads,default_large2,483,446.725000,1,1.000000
dijkstra-dial-skip,with_roads,default_large2,1306,443.870000,1,1.000000
dijkstra-dial-skip,with_roads,default_large2,1003,429.960000,1,1.000000
dijkstra-dial-skip,with_roads,default_large2,533,431.328000,1,1.000000
dijkstra-dial-skip,with_roads,default_large2,1073,447.186000,1,1.000000
dijkstra-dial-skip,with_roads,default_large2,1440,431.244000,1,1.000000
dijkstra-dial-skip,with_roads,default_large2,667,449.907000,1,1.000000
dijkstra-dial-skip,with_roads,default_large2,13,448.786000,1,1.000000
dijkstra-dial-skip,with_roads,default_large2,365,433.364000,1,1.000000
dijkstra-dial-skip,with_roads,default_large2,1009,442.015000,1,1.000000
dijkstra-dial-skip,with_roads,default_large2,815,445.902000,1,1.000000
dijkstra-dial-skip,with_roads,default_large2,667,434.381000,1,1.000000
dijkstra-dial-skip,with_roads,default_large2,354,440.714000,1,1.000000
dijkstra-dial-skip,with_roads,default_large2,522,425.687000,1,1.000000
dijkstra-dial-skip,with_roads,default_large2,805,440.090000,1,1.000000
dijkstra-dial-skip,with_roads,default_large2,218,449.081000,1,1.000000
dijkstra-dial-skip,with_roads,default_large2,195,436.544000,1,1.000000
dijkstra-dial-skip,with_roads,default_large2,912,442.851000,1,1.000000
dijkstra-dial-skip,with_roads,default_large2,204,452.843000,1,1.000000
dijkstra-dial-skip,with_roads,default_large2,863,439.910000,1,1.000000
dijkstra-dial-skip,with_roads,default_large2,825,427.436000,1,1.000000
dijkstra-dial-skip,with_roads,default_large2,1470,446.229000,1,1.000000
dijkstra-dial-skip,with_roads,default_large2,634,459.382000,1,1.000000
dijkstra-dial-skip,with_roads,default_large2,92,436.093000,1,1.000000
dijkstra-dial-skip,with_roads,default_large2,1098,417.139000,1,1.000000
dijkstra-dial-skip,with_roads,default_large2,1288,432.654000,1,1.000000
dijkstra-dial-skip,with_roads,default_large2,270,456.375000,1,1.000000
dijkstra-dial-skip,with_roads,default_large2,909,449.922000,1,1.000000
dijkstra-dial-skip,with_roads,default_large2,167,450.894000,1,1.000000
dijkstra-dial-skip,with_roads,default_large2,1327,454.978000,1,1.000000
dijkstra-dial-skip,with_roads,default_large2,700,452.465000,1,1.000000
dijkstra-dial-skip,with_roads,default_large2,868,436.449000,1,1.000000
dijkstra-dial-skip,with_roads,default_large2,1400,447.914000,1,1.000000
dijkstra-dial-skip,with_roads,default_large2,469,455.436000,1,1.000000
dijkstra-dial-skip,with_roads,default_large2,148,442.265000,1,1.000000
dijkstra-dial-skip,with_roads,default_large2,97,435.415000,1,1.000000
dijkstra-dial-skip,with_roads,default_large2,550,450.899000,1,1.000000
dijkstra-dial-skip,with_roads,default_large2,692,420.366000,1,1.000000
dijkstra-dial-skip,with_roads,default_large2,169,449.890000,1,1.000000
dijkstra-dial-skip,with_roads,default_large2,562,448.570000,1,1.000000
dijkstra-dial-skip,with_roads,default_large2,215,459.965000,1,1.000000
dijkstra-dial-skip,with_roads,default_large2,912,457.151000,1,1.000000
dijkstra-dial-skip,with_roads,default_large2,667,440.058000,1,1.000000
dijkstra-dial-skip,with_roads,default_large2,1085,421.684000,1,1.000000
dijkstra-dial-skip,with_roads,default_large2,879,432.064000,1,1.000000
dijkstra-dial-skip,with_roads,default_large2,393,422.110000,1,1.000000
dijkstra-dial-skip,with_roads,default_large2,892,406.647000,1,1.000000
dijkstra-dial-skip,with_roads,default_large2,853,460.399000,1,1.000000
dijkstra-dial-skip,with_roads,default_large2,509,456.167000,1,1.000000
dijkstra-dial-skip,with_roads,default_large2,641,411.089000,1,1.000000
dijkstra-dial-skip,with_roads,default_large2,152,450.980000,1,1.000000
dijkstra-dial-skip,with_roads,default_large2,1481,446.343000,1,1.000000
dijkstra-dial-skip,with_roads,default_large2,413,444.736000,1,1.000000
dijkstra-dial-skip,with_roads,default_large2,1283,423.025000,1,1.000000
dijkstra-dial-skip,with_roads,default_large2,587,422.371000,1,1.000000
dijkstra-dial-skip,with_roads,default_large2,394,428.353000,1,1.000000
dijkstra-dial-skip,with_roads,default_large2,1104,442.352000,1,1.000000
dijkstra-dial-skip,with_roads,default_large2,911,455.900000,1,1.000000
dijkstra-dial-skip,with_roads,default_large2,648,412.937000,1,1.000000
dijkstra-dial-skip,with_roads,default_large2,1342,440.190000,1,1.000000
dijkstra-dial-skip,with_roads,default_large2,531,434.352000,1,1.000000
dijkstra-dial-skip,with_roads,default_large2,775,431.287000,1,1.000000
dijkstra-dial-skip,with_roads,default_large2,119,450.369000,1,1.000000
dijkstra-dial-skip,with_roads,default_large2,553,443.685000,1,1.000000
dijkstra-dial-skip,with_roads,default_large2,65,461.685000,1,1.000000
dijkstra-dial-skip,with_roads,default_large2,752,449.564000,1,1.000000
dijkstra-dial-skip,with_roads,default_large2,961,460.338000,1,1.000000
dijkstra-dial-skip,with_roads,default_large2,644,426.117000,1,1.000000
dijkstra-dial-skip,with_roads,default_large2,141,528.725000,1,1.000000
dijkstra-dial-skip,with_roads,default_large2,514,447.666000,1,1.000000
dijkstra-dial-skip,with_roads,default_large2,1371,443.225000,1,1.000000
dijkstra-dial-skip,with_roads,default_large2,750,441.703000,1,1.000000
dijkstra-dial-skip,with_roads,default_large2,517,441.644000,1,1.000000
dijkstra-dial-skip,with_roads,default_large2,1198,408.404000,1,1.000000
dijkstra-dial-skip,with_roads,default_large2,950,447.182000,1,1.000000
dijkstra-dial-skip,with_roads,default_large2,1097,429.339000,1,1.000000
dijkstra-dial-skip,with_roads,default_large2,312,456.581000,1,1.000000
dijkstra-dial-skip,with_roads,default_large2,635,429.699000,1,1.000000
dijkstra-dial-skip,with_roads,default_large2,303,436.418000,1,1.000000
dijkstra-dial-skip,with_roads,default_large2,593,425.900000,1,1.000000
dijkstra-dial-skip,no_roads,default_medium1,724,276.388000,1,1.000000
dijkstra-dial-skip,no_roads,default_medium1,119,286.513000,1,1.000000
dijkstra-dial-skip,no_roads,default_medium1,25,269.885000,1,1.000000
dijkstra-dial-skip,no_roads,default_medium1,843,266.053000,1,1.000000
dijkstra-dial-skip,no_roads,default_medium1,311,264.765000,1,1.000000
dijkstra-dial-skip,no_roads,default_medium1,279,260.916000,1,1.000000
dijkstra-dial-skip,no_roads,default_medium1,252,274.272000,1,1.000000
dijkstra-dial-skip,no_roads,default_medium1,153,265.793000,1,1.000000
dijkstra-dial-skip,no_roads,default_medium1,838,271.507000,1,1.000000
dijkstra-dial-skip,no_roads,default_medium1,109,272.010000,1,1.000000
dijkstra-dial-skip,no_roads,default_medium1,766,280.170000,1,1.000000
dijkstra-dial-skip,no_roads,default_medium1,842,290.210000,1,1.000000
dijkstra-dial-skip,no_roads,default_medium1,612,260.314000,1,1.000000
dijkstra-dial-skip,no_roads,default_medium1,93,268.788000,1,1.000000
dijkstra-dial-skip,no_roads,default_medium1,667,267.223000,1,1.000000
dijkstra-dial-skip,no_roads,default_medium1,481,277.241000,1,1.000000
dijkstra-dial-skip,no_roads,default_medium1,32,272.933000,1,1.000000
dijkstra-dial-skip,no_roads,default_medium1,30,288.363000,1,1.000000
dijkstra-dial-skip,no_roads,default_medium1,99,264.680000,1,1.000000
dijkstra-dial-skip,no_roads,default_medium1,246,265.248000,1,1.000000
dijkstra-dial-skip,no_roads,default_medium1,262,271.203000,1,1.000000
dijkstra-dial-skip,no_roads,default_medium1,570,266.645000,1,1.000000
dijkstra-dial-skip,no_roads,default_medium1,679,255.993000,1,1.000000
dijkstra-dial-skip,no_roads,default_medium1,27,258.123000,1,1.000000
dijkstra-dial-skip,no_roads,default_medium1,629,267.933000,1,1.000000
dijkstra-dial-skip,no_roads,default_medium1,224,253.029000,1,1.000000
dijkstra-dial-skip,no_roads,default_medium1,814,264.213000,1,1.000000
dijkstra-dial-skip,no_roads,default_medium1,737,254.176000,1,1.000000
dijkstra-dial-skip,no_roads,default_medium1,798,264.163000,1,1.000000
dijkstra-dial-skip,no_roads,default_medium1,612,267.516000,1,1.000000
dijkstra-dial-skip,no_roads,default_medium1,478,266.184000,1,1.000000
dijkstra-dial-skip,no_roads,default_medium1,249,257.885000,1,1.000000
dijkstra-dial-skip,no_roads,default_medium1,509,264.731000,1,1.000000
dijkstra-dial-skip,no_roads,default_medium1,665,250.086000,1,1.000000
dijkstra-dial-skip,no_roads,default_medium1,314,251.321000,1,1.000000
dijkstra-dial-skip,no_roads,default_medium1,6,258.044000,1,1.000000
dijkstra-dial-skip,no_roads,default_medium1,861,252.378000,1,1.000000
dijkstra-dial-skip,no_roads,default_medium1,177,254.785000,1,1.000000
dijkstra-dial-skip,no_roads,default_medium1,793,252.578000,1,1.000000
dijkstra-dial-skip,no_roads,default_medium1,481,258.757000,1,1.000000
dijkstra-dial-skip,no_roads,default_medium1,382,255.040000,1,1.000000
dijkstra-dial-skip,no_roads,default_medium1,314,250.587000,1,1.000000
dijkstra-dial-skip,no_roads,default_medium1,173,247.776000,1,1.000000
dijkstra-dial-skip,no_roads,default_medium1,242,273.500000,1,1.000000
dijkstra-dial-skip,no_roads,default_medium1,865,249.702000,1,1.000000
dijkstra-dial-skip,no_roads,default_medium1,378,255.179000,1,1.000000
dijkstra-dial-skip,no_roads,default_medium1,109,252.911000,1,1.000000
dijkstra-dial-skip,no_roads,default_medium1,98,252.974000,1,1.000000
dijkstra-dial-skip,no_roads,default_medium1,424,253.972000,1,1.000000
dijkstra-dial-skip,no_roads,default_medium1,103,255.668000,1,1.000000
dijkstra-dial-skip,no_roads,default_medium1,401,255.146000,1,1.000000
dijkstra-dial-skip,no_roads,default_medium1,386,255.145000,1,1.000000
dijkstra-dial-skip,no_roads,default_medium1,681,252.287000,1,1.000000
dijkstra-dial-skip,no_roads,default_medium1,300,258.659000,1,1.000000
dijkstra-dial-skip,no_roads,default_medium1,44,262.034000,1,1.000000
dijkstra-dial-skip,no_roads,default_medium1,830,254.339000,1,1.000000
dijkstra-dial-skip,no_roads,default_medium1,520,260.620000,1,1.000000
dijkstra-dial-skip,no_roads,default_medium1,603,262.368000,1,1.000000
dijkstra-dial-skip,no_roads,default_medium1,137,258.632000,1,1.000000
dijkstra-dial-skip,no_roads,default_medium1,422,263.723000,1,1.000000
dijkstra-dial-skip,no_roads,default_medium1,83,314.547000,1,1.000000
dijkstra-dial-skip,no_roads,default_medium1,620,259.601000,1,1.000000
dijkstra-dial-skip,no_roads,default_medium1,331,253.671000,1,1.000000
dijkstra-dial-skip,no_roads,default_medium1,713,256.456000,1,1.000000
dijkstra-dial-skip,no_roads,default_medium1,702,284.269000,1,1.000000
dijkstra-dial-skip,no_roads,default_medium1,405,252.600000,1,1.000000
dijkstra-dial-skip,no_roads,default_medium1,651,275.509000,1,1.000000
dijkstra-dial-skip,no_roads,default_medium1,216,264.494000,1,1.000000
dijkstra-dial-skip,no_roads,default_medium1,801,258.184000,1,1.000000
dijkstra-dial-skip,no_roads,default_medium1,72,255.664000,1,1.000000
dijkstra-dial-skip,no_roads,default_medium1,46,269.060000,1,1.000000
dijkstra-dial-skip,no_roads,default_medium1,750,270.622000,1,1.000000
dijkstra-dial-skip,no_roads,default_medium1,257,246.595000,1,1.000000
dijkstra-dial-skip,no_roads,default_medium1,875,259.065000,1,1.000000
dijkstra-dial-skip,no_roads,default_medium1,327,259.123000,1,1.000000
dijkstra-dial-skip,no_roads,default_medium1,84,249.664000,1,1.000000
dijkstra-dial-skip,no_roads,default_medium1,262,257.734000,1,1.000000
dijkstra-dial-skip,no_roads,default_medium1,108,247.873000,1,1.000000
dijkstra-dial-skip,no_roads,default_medium1,424,256.709000,1,1.000000
dijkstra-dial-skip,no_roads,default_medium1,314,255.549000,1,1.000000
dijkstra-dial-skip,no_roads,default_medium1,514,257.719000,1,1.000000
dijkstra-dial-skip,no_roads,default_medium1,720,260.551000,1,1.000000
dijkstra-dial-skip,no_roads,default_medium1,408,245.226000,1,1.000000
dijkstra-dial-skip,no_roads,default_medium1,180,263.512000,1,1.000000
dijkstra-dial-skip,no_roads,default_medium1,414,251.370000,1,1.000000
dijkstra-dial-skip,no_roads,default_medium1,397,259.792000,1,1.000000
dijkstra-dial-skip,no_roads,default_medium1,236,262.579000,1,1.000000
dijkstra-dial-skip,no_roads,default_medium1,760,258.890000,1,1.000000
dijkstra-dial-skip,no_roads,default_medium1,303,261.430000,1,1.000000
dijkstra-dial-skip,no_roads,default_medium1,798,248.508000,1,1.000000
dijkstra-dial-skip,no_roads,default_medium1,778,257.076000,1,1.000000
dijkstra-dial-skip,no_roads,default_medium1,735,252.735000,1,1.000000
dijkstra-dial-skip,no_roads,default_medium1,74,260.502000,1,1.000000
dijkstra-dial-skip,no_roads,default_medium1,689,262.277000,1,1.000000
dijkstra-dial-skip,no_roads,default_medium1,720,254.316000,1,1.000000
dijkstra-dial-skip,no_roads,default_medium1,190,251.579000,1,1.000000
dijkstra-dial-skip,no_roads,default_medium1,600,256.775000,1,1.000000
dijkstra-dial-skip,no_roads,default_medium1,829,252.333000,1,1.000000
dijkstra-dial-skip,no_roads,default_medium1,279,253.915000,1,1.000000
dijkstra-dial-skip,no_roads,default_medium1,181,262.052000,1,1.000000
dijkstra-dial-skip,with_roads,default_medium1,724,292.572000,1,1.000000
dijkstra-dial-skip,with_roads,default_medium1,119,277.033000,1,1.000000
dijkstra-dial-skip,with_roads,default_medium1,25,292.468000,1,1.000000
dijkstra-dial-skip,with_roads,default_medium1,843,295.930000,1,1.000000
dijkstra-dial-skip,with_roads,default_medium1,311,286.525000,1,1.000000
dijkstra-dial-skip,with_roads,default_medium1,279,292.341000,1,1.000000
dijkstra-dial-skip,with_roads,default_medium1,252,281.600000,1,1.000000
dijkstra-dial-skip,with_roads,default_medium1,153,284.040000,1,1.000000
dijkstra-dial-skip,with_roads,default_medium1,838,288.522000,1,1.000000
dijkstra-dial-skip,with_roads,default_medium1,109,297.870000,1,1.000000
dijkstra-dial-skip,with_roads,default_medium1,766,280.043000,1,1.000000
dijkstra-dial-skip,with_roads,default_medium1,842,305.155000,1,1.000000
dijkstra-dial-skip,with_roads,default_medium1,612,294.414000,1,1.000000
dijkstra-dial-skip,with_roads,default_medium1,93,279.779000,1,1.000000
dijkstra-dial-skip,with_roads,default_medium1,667,278.266000,1,1.000000
dijkstra-dial-skip,with_roads,default_medium1,481,291.507000,1,1.000000
dijkstra-dial-skip,with_roads,default_medium1,32,286.387000,1,1.000000
dijkstra-dial-skip,with_roads,default_medium1,30,269.493000,1,1.000000
dijkstra-dial-skip,with_roads,default_medium1,99,277.007000,1,1.000000
dijkstra-dial-skip,with_roads,default_medium1,246,267.265000,1,1.000000
dijkstra-dial-skip,with_roads,default_medium1,262,278.486000,1,1.000000
dijkstra-dial-skip,with_roads,default_medium1,570,277.917000,1,1.000000
dijkstra-dial-skip,with_roads,default_medium1,679,282.210000,1,1.000000
dijkstra-dial-skip,with_roads,default_medium1,27,286.889000,1,1.000000
dijkstra-dial-skip,with_roads,default_medium1,629,288.015000,1,1.000000
dijkstra-dial-skip,with_roads,default_medium1,224,261.875000,1,1.000000
dijkstra-dial-skip,with_roads,default_medium1,814,282.418000,1,1.000000
dijkstra-dial-skip,with_roads,default_medium1,737,262.680000,1,1.000000
dijkstra-dial-skip,with_roads,default_medium1,798,265.913000,1,1.000000
dijkstra-dial-skip,with_roads,default_medium1,612,267.982000,1,1.000000
dijkstra-dial-skip,with_roads,default_medium1,478,277.727000,1,1.000000
dijkstra-dial-skip,with_roads,default_medium1,249,268.841000,1,1.000000
dijkstra-dial-skip,with_roads,default_medium1,509,274.784000,1,1.000000
dijkstra-dial-skip,with_roads,default_medium1,665,281.885000,1,1.000000
dijkstra-dial-skip,with_roads,default_medium1,314,272.267000,1,1.000000
dijkstra-dial-skip,with_roads,default_medium1,6,265.277000,1,1.000000
dijkstra-dial-skip,with_roads,default_medium1,861,273.122000,1,1.000000
dijkstra-dial-skip,with_roads,default_medium1,177,267.183000,1,1.000000
dijkstra-dial-skip,with_roads,default_medium1,793,259.945000,1,1.000000
dijkstra-dial-skip,with_roads,default_medium1,481,287.711000,1,1.000000
dijkstra-dial-skip,with_roads,default_medium1,382,289.253000,1,1.000000
dijkstra-dial-skip,with_roads,default_medium1,314,265.420000,1,1.000000
dijkstra-dial-skip,with_roads,default_medium1,173,288.024000,1,1.000000
dijkstra-dial-skip,with_roads,default_medium1,242,292.285000,1,1.000000
dijkstra-dial-skip,with_roads,default_medium1,865,272.538000,1,1.000000
dijkstra-dial-skip,with_roads,default_medium1,378,274.875000,1,1.000000
dijkstra-dial-skip,with_roads,default_medium1,109,274.600000,1,1.000000
dijkstra-dial-skip,with_roads,default_medium1,98,258.533000,1,1.000000
dijkstra-dial-skip,with_roads,default_medium1,424,276.950000,1,1.000000
dijkstra-dial-skip,with_roads,default_medium1,103,278.617000,1,1.000000
dijkstra-dial-skip,with_roads,default_medium1,401,264.004000,1,1.000000
dijkstra-dial-skip,with_roads,default_medium1,386,275.004000,1,1.000000
dijkstra-dial-skip,with_roads,default_medium1,681,322.250000,1,1.000000
dijkstra-dial-skip,with_roads,default_medium1,300,274.512000,1,1.000000
dijkstra-dial-skip,with_roads,default_medium1,44,289.904000,1,1.000000
dijkstra-dial-skip,with_roads,default_medium1,830,268.688000,1,1.000000
dijkstra-dial-skip,with_roads,default_medium1,520,267.016000,1,1.000000
dijkstra-dial-skip,with_roads,default_medium1,603,271.880000,1,1.000000
dijkstra-dial-skip,with_roads,default_medium1,137,282.304000,1,1.000000
dijkstra-dial-skip,with_roads,default_medium1,422,272.920000,1,1.000000
dijkstra-dial-skip,with_roads,default_medium1,83,291.400000,1,1.000000
dijkstra-dial-skip,with_roads,default_medium1,620,272.948000,1,1.000000
dijkstra-dial-skip,with_roads,default_medium1,331,275.105000,1,1.000000
dijkstra-dial-skip,with_roads,default_medium1,713,275.725000,1,1.000000
dijkstra-dial-skip,with_roads,default_medium1,702,263.631000,1,1.000000
dijkstra-dial-skip,with_roads,default_medium1,405,281.974000,1,1.000000
dijkstra-dial-skip,with_roads,default_medium1,651,273.822000,1,1.000000
dijkstra-dial-skip,with_roads,default_medium1,216,268.486000,1,1.000000
dijkstra-dial-skip,with_roads,default_medium1,801,283.542000,1,1.000000
dijkstra-dial-skip,with_roads,default_medium1,72,262.944000,1,1.000000
dijkstra-dial-skip,with_roads,default_medium1,46,293.409000,1,1.000000
dijkstra-dial-skip,with_roads,default_medium1,750,299.516000,1,1.000000
dijkstra-dial-skip,with_roads,default_medium1,257,278.062000,1,1.000000
dijkstra-dial-skip,with_roads,default_medium1,875,273.049000,1,1.000000
dijkstra-dial-skip,with_roads,default_medium1,327,278.976000,1,1.000000
dijkstra-dial-skip,with_roads,default_medium1,84,280.534000,1,1.000000
dijkstra-dial-skip,with_roads,default_medium1,262,301.049000,1,1.000000
dijkstra-dial-skip,with_roads,default_medium1,108,363.495000,1,1.000000
dijkstra-dial-skip,with_roads,default_medium1,424,267.751000,1,1.000000
dijkstra-dial-skip,with_roads,default_medium1,314,298.093000,1,1.000000
dijkstra-dial-skip,with_roads,default_medium1,514,270.674000,1,1.000000
dijkstra-dial-skip,with_roads,default_medium1,720,277.755000,1,1.000000
dijkstra-dial-skip,with_roads,default_medium1,408,278.135000,1,1.000000
dijkstra-dial-skip,with_roads,default_medium1,180,270.912000,1,1.000000
dijkstra-dial-skip,with_roads,default_medium1,414,303.235000,1,1.000000
dijkstra-dial-skip,with_roads,default_medium1,397,272.862000,1,1.000000
dijkstra-dial-skip,with_roads,default_medium1,236,269.600000,1,1.000000
dijkstra-dial-skip,with_roads,default_medium1,760,263.336000,1,1.000000
dijkstra-dial-skip,with_roads,default_medium1,303,303.926000,1,1.000000
dijkstra-dial-skip,with_roads,default_medium1,798,262.656000,1,1.000000
dijkstra-dial-skip,with_roads,default_medium1,778,284.215000,1,1.000000
dijkstra-dial-skip,with_roads,default_medium1,735,255.553000,1,1.000000
dijkstra-dial-skip,with_roads,default_medium1,74,286.193000,1,1.000000
dijkstra-dial-skip,with_roads,default_medium1,689,283.070000,1,1.000000
dijkstra-dial-skip,with_roads,default_medium1,720,281.113000,1,1.000000
dijkstra-dial-skip,with_roads,default_medium1,190,258.943000,1,1.000000
dijkstra-dial-skip,with_roads,default_medium1,600,271.661000,1,1.000000
dijkstra-dial-skip,with_roads,default_medium1,829,260.186000,1,1.000000
dijkstra-dial-skip,with_roads,default_medium1,279,347.244000,1,1.000000
dijkstra-dial-skip,with_roads,default_medium1,181,264.575000,1,1.000000
dijkstra-dial-skip,no_roads,default_medium2,722,282.640000,1,1.000000
dijkstra-dial-skip,no_roads,default_medium2,122,265.955000,1,1.000000
dijkstra-dial-skip,no_roads,default_medium2,25,287.096000,1,1.000000
dijkstra-dial-skip,no_roads,default_medium2,843,267.345000,1,1.000000
dijkstra-dial-skip,no_roads,default_medium2,297,278.096000,1,1.000000
dijkstra-dial-skip,no_roads,default_medium2,266,285.949000,1,1.000000
dijkstra-dial-skip,no_roads,default_medium2,244,260.519000,1,1.000000
dijkstra-dial-skip,no_roads,default_medium2,152,263.477000,1,1.000000
dijkstra-dial-skip,no_roads,default_medium2,838,270.325000,1,1.000000
dijkstra-dial-skip,no_roads,default_medium2,112,275.275000,1,1.000000
dijkstra-dial-skip,no_roads,default_medium2,765,280.418000,1,1.000000
dijkstra-dial-skip,no_roads,default_medium2,842,279.106000,1,1.000000
dijkstra-dial-skip,no_roads,default_medium2,607,284.239000,1,1.000000
dijkstra-dial-skip,no_roads,default_medium2,93,273.532000,1,1.000000
dijkstra-dial-skip,no_roads,default_medium2,658,280.886000,1,1.000000
dijkstra-dial-skip,no_roads,default_medium2,469,273.499000,1,1.000000
dijkstra-dial-skip,no_roads,default_medium2,32,300.917000,1,1.000000
dijkstra-dial-skip,no_roads,default_medium2,30,280.904000,1,1.000000
dijkstra-dial-skip,no_roads,default_medium2,99,270.753000,1,1.000000
dijkstra-dial-skip,no_roads,default_medium2,239,288.705000,1,1.000000
dijkstra-dial-skip,no_roads,default_medium2,254,264.743000,1,1.000000
dijkstra-dial-skip,no_roads,default_medium2,561,276.100000,1,1.000000
dijkstra-dial-skip,no_roads,default_medium2,670,291.724000,1,1.000000
dijkstra-dial-skip,no_roads,default_medium2,27,278.372000,1,1.000000
dijkstra-dial-skip,no_roads,default_medium2,625,265.601000,1,1.000000
dijkstra-dial-skip,no_roads,default_medium2,218,265.728000,1,1.000000
dijkstra-dial-skip,no_roads,default_medium2,815,269.844000,1,1.000000
dijkstra-dial-skip,no_roads,default_medium2,734,270.201000,1,1.000000
dijkstra-dial-skip,no_roads,default_medium2,797,264.671000,1,1.000000
dijkstra-dial-skip,no_roads,default_medium2,607,272.074000,1,1.000000
dijkstra-dial-skip,no_roads,default_medium2,466,258.422000,1,1.000000
dijkstra-dial-skip,no_roads,default_medium2,241,287.953000,1,1.000000
dijkstra-dial-skip,no_roads,default_medium2,498,262.350000,1,1.000000
dijkstra-dial-skip,no_roads,default_medium2,657,274.048000,1,1.000000
dijkstra-dial-skip,no_roads,default_medium2,300,284.371000,1,1.000000
dijkstra-dial-skip,no_roads,default_medium2,6,263.607000,1,1.000000
dijkstra-dial-skip,no_roads,default_medium2,863,257.559000,1,1.000000
dijkstra-dial-skip,no_roads,default_medium2,175,259.433000,1,1.000000
dijkstra-dial-skip,no_roads,default_medium2,793,259.222000,1,1.000000
dijkstra-dial-skip,no_roads,default_medium2,469,261.962000,1,1.000000
dijkstra-dial-skip,no_roads,default_medium2,371,261.669000,1,1.000000
dijkstra-dial-skip,no_roads,default_medium2,300,267.055000,1,1.000000
dijkstra-dial-skip,no_roads,default_medium2,171,277.562000,1,1.000000
dijkstra-dial-skip,no_roads,default_medium2,236,266.961000,1,1.000000
dijkstra-dial-skip,no_roads,default_medium2,867,275.654000,1,1.000000
dijkstra-dial-skip,no_roads,default_medium2,367,260.357000,1,1.000000
dijkstra-dial-skip,no_roads,default_medium2,112,256.309000,1,1.000000
dijkstra-dial-skip,no_roads,default_medium2,98,259.671000,1,1.000000
dijkstra-dial-skip,no_roads,default_medium2,423,256.903000,1,1.000000
dijkstra-dial-skip,no_roads,default_medium2,105,253.167000,1,1.000000
dijkstra-dial-skip,no_roads,default_medium2,391,252.088000,1,1.000000
dijkstra-dial-skip,no_roads,default_medium2,375,249.776000,1,1.000000
dijkstra-dial-skip,no_roads,default_medium2,673,263.213000,1,1.000000
dijkstra-dial-skip,no_roads,default_medium2,286,262.622000,1,1.000000
dijkstra-dial-skip,no_roads,default_medium2,45,248.855000,1,1.000000
dijkstra-dial-skip,no_roads,default_medium2,830,258.741000,1,1.000000
dijkstra-dial-skip,no_roads,default_medium2,510,276.728000,1,1.000000
dijkstra-dial-skip,no_roads,default_medium2,596,261.153000,1,1.000000
dijkstra-dial-skip,no_roads,default_medium2,136,260.067000,1,1.000000
dijkstra-dial-skip,no_roads,default_medium2,421,259.977000,1,1.000000
dijkstra-dial-skip,no_roads,default_medium2,84,263.401000,1,1.000000
dijkstra-dial-skip,no_roads,default_medium2,615,257.283000,1,1.000000
dijkstra-dial-skip,no_roads,default_medium2,317,266.032000,1,1.000000
dijkstra-dial-skip,no_roads,default_medium2,705,258.744000,1,1.000000
dijkstra-dial-skip,no_roads,default_medium2,689,271.251000,1,1.000000
dijkstra-dial-skip,no_roads,default_medium2,394,258.945000,1,1.000000
dijkstra-dial-skip,no_roads,default_medium2,644,253.875000,1,1.000000
dijkstra-dial-skip,no_roads,default_medium2,210,268.437000,1,1.000000
dijkstra-dial-skip,no_roads,default_medium2,801,260.518000,1,1.000000
dijkstra-dial-skip,no_roads,default_medium2,74,247.988000,1,1.000000
dijkstra-dial-skip,no_roads,default_medium2,47,252.302000,1,1.000000
dijkstra-dial-skip,no_roads,default_medium2,747,283.242000,1,1.000000
dijkstra-dial-skip,no_roads,default_medium2,249,279.231000,1,1.000000
dijkstra-dial-skip,no_roads,default_medium2,877,278.677000,1,1.000000
dijkstra-dial-skip,no_roads,default_medium2,313,267.289000,1,1.000000
dijkstra-dial-skip,no_roads,default_medium2,85,274.429000,1,1.000000
dijkstra-dial-skip,no_roads,default_medium2,254,259.820000,1,1.000000
dijkstra-dial-skip,no_roads,default_medium2,111,256.674000,1,1.000000
dijkstra-dial-skip,no_roads,default_medium2,423,260.253000,1,1.000000
dijkstra-dial-skip,no_roads,default_medium2,300,264.077000,1,1.000000
dijkstra-dial-skip,no_roads,default_medium2,503,261.387000,1,1.000000
dijkstra-dial-skip,no_roads,default_medium2,718,263.038000,1,1.000000
dijkstra-dial-skip,no_roads,default_medium2,398,262.323000,1,1.000000
dijkstra-dial-skip,no_roads,default_medium2,178,266.665000,1,1.000000
dijkstra-dial-skip,no_roads,default_medium2,412,261.963000,1,1.000000
dijkstra-dial-skip,no_roads,default_medium2,387,265.749000,1,1.000000
dijkstra-dial-skip,no_roads,default_medium2,229,251.717000,1,1.000000
dijkstra-dial-skip,no_roads,default_medium2,758,263.551000,1,1.000000
dijkstra-dial-skip,no_roads,default_medium2,289,251.980000,1,1.000000
dijkstra-dial-skip,no_roads,default_medium2,797,263.985000,1,1.000000
dijkstra-dial-skip,no_roads,default_medium2,775,252.875000,1,1.000000
dijkstra-dial-skip,no_roads,default_medium2,732,274.130000,1,1.000000
dijkstra-dial-skip,no_roads,default_medium2,76,247.619000,1,1.000000
dijkstra-dial-skip,no_roads,default_medium2,679,261.198000,1,1.000000
dijkstra-dial-skip,no_roads,default_medium2,718,255.920000,1,1.000000
dijkstra-dial-skip,no_roads,default_medium2,187,267.130000,1,1.000000
dijkstra-dial-skip,no_roads,default_medium2,593,270.774000,1,1.000000
dijkstra-dial-skip,no_roads,default_medium2,829,265.671000,1,1.000000
dijkstra-dial-skip,no_roads,default_medium2,266,277.202000,1,1.000000
dijkstra-dial-skip,no_roads,default_medium2,179,278.602000,1,1.000000
dijkstra-dial-skip,with_roads,default_medium2,722,297.657000,1,1.000000
dijkstra-dial-skip,with_roads,default_medium2,122,265.341000,1,1.000000
dijkstra-dial-skip,with_roads,default_medium2,25,276.132000,1,1.000000
dijkstra-dial-skip,with_roads,default_medium2,843,299.565000,1,1.000000
dijkstra-dial-skip,with_roads,default_medium2,297,274.954000,1,1.000000
dijkstra-dial-skip,with_roads,default_medium2,266,282.816000,1,1.000000
dijkstra-dial-skip,with_roads,default_medium2,244,297.360000,1,1.000000
dijkstra-dial-skip,with_roads,default_medium2,152,282.091000,1,1.000000
dijkstra-dial-skip,with_roads,default_medium2,838,294.212000,1,1.000000
dijkstra-dial-skip,with_roads,default_medium2,112,284.179000,1,1.000000
dijkstra-dial-skip,with_roads,default_medium2,765,294.289000,1,1.000000
dijkstra-dial-skip,with_roads,default_medium2,842,303.625000,1,1.000000
dijkstra-dial-skip,with_roads,default_medium2,607,271.307000,1,1.000000
dijkstra-dial-skip,with_roads,default_medium2,93,283.204000,1,1.000000
dijkstra-dial-skip,with_roads,default_medium2,658,287.530000,1,1.000000
dijkstra-dial-skip,with_roads,default_medium2,469,285.216000,1,1.000000
dijkstra-dial-skip,with_roads,default_medium2,32,288.900000,1,1.000000
dijkstra-dial-skip,with_roads,default_medium2,30,326.461000,1,1.000000
dijkstra-dial-skip,with_roads,default_medium2,99,282.298000,1,1.000000
dijkstra-dial-skip,with_roads,default_medium2,239,291.076000,1,1.000000
dijkstra-dial-skip,with_roads,default_medium2,254,269.464000,1,1.000000
dijkstra-dial-skip,with_roads,default_medium2,561,283.267000,1,1.000000
dijkstra-dial-skip,with_roads,default_medium2,670,279.735000,1,1.000000
dijkstra-dial-skip,with_roads,default_medium2,27,293.520000,1,1.000000
dijkstra-dial-skip,with_roads,default_medium2,625,286.537000,1,1.000000
dijkstra-dial-skip,with_roads,default_medium2,218,280.498000,1,1.000000
dijkstra-dial-skip,with_roads,default_medium2,815,294.438000,1,1.000000
dijkstra-dial-skip,with_roads,default_medium2,734,372.700000,1,1.000000
dijkstra-dial-skip,with_roads,default_medium2,797,277.077000,1,1.000000
dijkstra-dial-skip,with_roads,default_medium2,607,265.460000,1,1.000000
dijkstra-dial-skip,with_roads,default_medium2,466,274.907000,1,1.000000
dijkstra-dial-skip,with_roads,default_medium2,241,289.019000,1,1.000000
dijkstra-dial-skip,with_roads,default_medium2,498,283.746000,1,1.000000
dijkstra-dial-skip,with_roads,default_medium2,657,286.664000,1,1.000000
dijkstra-dial-skip,with_roads,default_medium2,300,318.633000,1,1.000000
dijkstra-dial-skip,with_roads,default_medium2,6,283.225000,1,1.000000
dijkstra-dial-skip,with_roads,default_medium2,863,287.805000,1,1.000000
dijkstra-dial-skip,with_roads,default_medium2,175,274.622000,1,1.000000
dijkstra-dial-skip,with_roads,default_medium2,793,276.633000,1,1.000000
dijkstra-dial-skip,with_roads,default_medium2,469,279.249000,1,1.000000
dijkstra-dial-skip,with_roads,default_medium2,371,276.775000,1,1.000000
dijkstra-dial-skip,with_roads,default_medium2,300,297.296000,1,1.000000
dijkstra-dial-skip,with_roads,default_medium2,171,267.320000,1,1.000000
dijkstra-dial-skip,with_roads,default_medium2,236,277.400000,1,1.000000
dijkstra-dial-skip,with_roads,default_medium2,867,282.772000,1,1.000000
dijkstra-dial-skip,with_roads,default_medium2,367,272.989000,1,1.000000
dijkstra-dial-skip,with_roads,default_medium2,112,274.404000,1,1.000000
dijkstra-dial-skip,with_roads,default_medium2,98,283.003000,1,1.000000
dijkstra-dial-skip,with_roads,default_medium2,423,289.514000,1,1.000000
dijkstra-dial-skip,with_roads,default_medium2,105,275.871000,1,1.000000
dijkstra-dial-skip,with_roads,default_medium2,391,282.498000,1,1.000000
dijkstra-dial-skip,with_roads,default_medium2,375,269.475000,1,1.000000
dijkstra-dial-skip,with_roads,default_medium2,673,277.858000,1,1.000000
dijkstra-dial-skip,with_roads,default_medium2,286,266.317000,1,1.000000
dijkstra-dial-skip,with_roads,default_medium2,45,269.896000,1,1.000000
dijkstra-dial-skip,with_roads,default_medium2,830,284.124000,1,1.000000
dijkstra-dial-skip,with_roads,default_medium2,510,291.694000,1,1.000000
dijkstra-dial-skip,with_roads,default_medium2,596,276.923000,1,1.000000
dijkstra-dial-skip,with_roads,default_medium2,136,267.404000,1,1.000000
dijkstra-dial-skip,with_roads,default_medium2,421,279.626000,1,1.000000
dijkstra-dial-skip,with_roads,default_medium2,84,264.294000,1,1.000000
dijkstra-dial-skip,with_roads,default_medium2,615,272.303000,1,1.000000
dijkstra-dial-skip,with_roads,default_medium2,317,266.394000,1,1.000000
dijkstra-dial-skip,with_roads,default_medium2,705,272.912000,1,1.000000
dijkstra-dial-skip,with_roads,default_medium2,689,273.637000,1,1.000000
dijkstra-dial-skip,with_roads,default_medium2,394,278.826000,1,1.000000
dijkstra-dial-skip,with_roads,default_medium2,644,263.316000,1,1.000000
dijkstra-dial-skip,with_roads,default_medium2,210,285.771000,1,1.000000
dijkstra-dial-skip,with_roads,default_medium2,801,280.086000,1,1.000000
dijkstra-dial-skip,with_roads,default_medium2,74,270.580000,1,1.000000
dijkstra-dial-skip,with_roads,default_medium2,47,266.670000,1,1.000000
dijkstra-dial-skip,with_roads,default_medium2,747,269.035000,1,1.000000
dijkstra-dial-skip,with_roads,default_medium2,249,277.810000,1,1.000000
dijkstra-dial-skip,with_roads,default_medium2,877,284.301000,1,1.000000
dijkstra-dial-skip,with_roads,default_medium2,313,265.628000,1,1.000000
dijkstra-dial-skip,with_roads,default_medium2,85,280.357000,1,1.000000
dijkstra-dial-skip,with_roads,default_medium2,254,264.609000,1,1.000000
dijkstra-dial-skip,with_roads,default_medium2,111,275.725000,1,1.000000
dijkstra-dial-skip,with_roads,default_medium2,423,286.761000,1,1.000000
dijkstra-dial-skip,with_roads,default_medium2,300,289.943000,1,1.000000
dijkstra-dial-skip,with_roads,default_medium2,503,274.042000,1,1.000000
dijkstra-dial-skip,with_roads,default_medium2,718,290.210000,1,1.000000
dijkstra-dial-skip,with_roads,default_medium2,398,281.231000,1,1.000000
dijkstra-dial-skip,with_roads,default_medium2,178,278.396000,1,1.000000
dijkstra-dial-skip,with_roads,default_medium2,412,263.277000,1,1.000000
dijkstra-dial-skip,with_roads,default_medium2,387,267.106000,1,1.000000
dijkstra-dial-skip,with_roads,default_medium2,229,267.451000,1,1.000000
dijkstra-dial-skip,with_roads,default_medium2,758,269.649000,1,1.000000
dijkstra-dial-skip,with_roads,default_medium2,289,258.939000,1,1.000000
dijkstra-dial-skip,with_roads,default_medium2,797,265.049000,1,1.000000
dijkstra-dial-skip,with_roads,default_medium2,775,271.402000,1,1.000000
dijkstra-dial-skip,with_roads,default_medium2,732,264.062000,1,1.000000
dijkstra-dial-skip,with_roads,default_medium2,76,260.406000,1,1.000000
dijkstra-dial-skip,with_roads,default_medium2,679,270.379000,1,1.000000
dijkstra-dial-skip,with_roads,default_medium2,718,266.582000,1,1.000000
dijkstra-dial-skip,with_roads,default_medium2,187,260.129000,1,1.000000
dijkstra-dial-skip,with_roads,default_medium2,593,273.346000,1,1.000000
dijkstra-dial-skip,with_roads,default_medium2,829,264.910000,1,1.000000
dijkstra-dial-skip,with_roads,default_medium2,266,270.928000,1,1.000000
dijkstra-dial-skip,with_roads,default_medium2,179,275.938000,1,1.000000
dijkstra-dial-skip,no_roads,default_small1,366,114.547000,1,1.000000
dijkstra-dial-skip,no_roads,default_small1,58,114.483000,1,1.000000
dijkstra-dial-skip,no_roads,default_small1,12,112.543000,1,1.000000
dijkstra-dial-skip,no_roads,default_small1,156,125.212000,1,1.000000
dijkstra-dial-skip,no_roads,default_small1,141,112.033000,1,1.000000
dijkstra-dial-skip,no_roads,default_small1,127,121.775000,1,1.000000
dijkstra-dial-skip,no_roads,default_small1,79,111.008000,1,1.000000
dijkstra-dial-skip,no_roads,default_small1,53,117.589000,1,1.000000
dijkstra-dial-skip,no_roads,default_small1,386,120.994000,1,1.000000
dijkstra-dial-skip,no_roads,default_small1,309,105.939000,1,1.000000
dijkstra-dial-skip,no_roads,default_small1,45,127.618000,1,1.000000
dijkstra-dial-skip,no_roads,default_small1,341,118.393000,1,1.000000
dijkstra-dial-skip,no_roads,default_small1,240,106.024000,1,1.000000
dijkstra-dial-skip,no_roads,default_small1,16,112.801000,1,1.000000
dijkstra-dial-skip,no_roads,default_small1,15,122.836000,1,1.000000
dijkstra-dial-skip,no_roads,default_small1,48,110.171000,1,1.000000
dijkstra-dial-skip,no_roads,default_small1,122,110.803000,1,1.000000
dijkstra-dial-skip,no_roads,default_small1,135,118.905000,1,1.000000
dijkstra-dial-skip,no_roads,default_small1,288,107.946000,1,1.000000
dijkstra-dial-skip,no_roads,default_small1,347,107.709000,1,1.000000
dijkstra-dial-skip,no_roads,default_small1,13,117.449000,1,1.000000
dijkstra-dial-skip,no_roads,default_small1,319,109.035000,1,1.000000
dijkstra-dial-skip,no_roads,default_small1,111,111.725000,1,1.000000
dijkstra-dial-skip,no_roads,default_small1,371,130.003000,1,1.000000
dijkstra-dial-skip,no_roads,default_small1,399,112.635000,1,1.000000
dijkstra-dial-skip,no_roads,default_small1,309,108.789000,1,1.000000
dijkstra-dial-skip,no_roads,default_small1,238,135.760000,1,1.000000
dijkstra-dial-skip,no_roads,default_small1,124,109.054000,1,1.000000
dijkstra-dial-skip,no_roads,default_small1,253,123.076000,1,1.000000
dijkstra-dial-skip,no_roads,default_small1,340,129.192000,1,1.000000
dijkstra-dial-skip,no_roads,default_small1,158,125.389000,1,1.000000
dijkstra-dial-skip,no_roads,default_small1,3,128.847000,1,1.000000
dijkstra-dial-skip,no_roads,default_small1,91,125.459000,1,1.000000
dijkstra-dial-skip,no_roads,default_small1,397,114.305000,1,1.000000
dijkstra-dial-skip,no_roads,default_small1,240,112.829000,1,1.000000
dijkstra-dial-skip,no_roads,default_small1,193,109.506000,1,1.000000
dijkstra-dial-skip,no_roads,default_small1,158,121.811000,1,1.000000
dijkstra-dial-skip,no_roads,default_small1,89,126.755000,1,1.000000
dijkstra-dial-skip,no_roads,default_small1,121,121.388000,1,1.000000
dijkstra-dial-skip,no_roads,default_small1,191,122.802000,1,1.000000
dijkstra-dial-skip,no_roads,default_small1,53,125.198000,1,1.000000
dijkstra-dial-skip,no_roads,default_small1,48,117.425000,1,1.000000
dijkstra-dial-skip,no_roads,default_small1,216,112.916000,1,1.000000
dijkstra-dial-skip,no_roads,default_small1,50,121.280000,1,1.000000
dijkstra-dial-skip,no_roads,default_small1,204,117.786000,1,1.000000
dijkstra-dial-skip,no_roads,default_small1,195,111.405000,1,1.000000
dijkstra-dial-skip,no_roads,default_small1,348,129.374000,1,1.000000
dijkstra-dial-skip,no_roads,default_small1,151,116.295000,1,1.000000
dijkstra-dial-skip,no_roads,default_small1,22,120.473000,1,1.000000
dijkstra-dial-skip,no_roads,default_small1,259,128.273000,1,1.000000
dijkstra-dial-skip,no_roads,default_small1,304,119.785000,1,1.000000
dijkstra-dial-skip,no_roads,default_small1,65,118.722000,1,1.000000
dijkstra-dial-skip,no_roads,default_small1,215,124.041000,1,1.000000
dijkstra-dial-skip,no_roads,default_small1,41,128.167000,1,1.000000
dijkstra-dial-skip,no_roads,default_small1,312,122.954000,1,1.000000
dijkstra-dial-skip,no_roads,default_small1,166,110.968000,1,1.000000
dijkstra-dial-skip,no_roads,default_small1,360,125.468000,1,1.000000
dijkstra-dial-skip,no_roads,default_small1,355,113.998000,1,1.000000
dijkstra-dial-skip,no_roads,default_small1,206,112.327000,1,1.000000
dijkstra-dial-skip,no_roads,default_small1,333,125.598000,1,1.000000
dijkstra-dial-skip,no_roads,default_small1,108,131.857000,1,1.000000
dijkstra-dial-skip,no_roads,default_small1,36,121.025000,1,1.000000
dijkstra-dial-skip,no_roads,default_small1,23,117.182000,1,1.000000
dijkstra-dial-skip,no_roads,default_small1,378,111.663000,1,1.000000
dijkstra-dial-skip,no_roads,default_small1,130,118.225000,1,1.000000
dijkstra-dial-skip,no_roads,default_small1,164,110.701000,1,1.000000
dijkstra-dial-skip,no_roads,default_small1,41,115.916000,1,1.000000
dijkstra-dial-skip,no_roads,default_small1,135,117.549000,1,1.000000
dijkstra-dial-skip,no_roads,default_small1,52,117.389000,1,1.000000
dijkstra-dial-skip,no_roads,default_small1,216,115.046000,1,1.000000
dijkstra-dial-skip,no_roads,default_small1,158,127.886000,1,1.000000
dijkstra-dial-skip,no_roads,default_small1,256,111.171000,1,1.000000
dijkstra-dial-skip,no_roads,default_small1,364,114.400000,1,1.000000
dijkstra-dial-skip,no_roads,default_small1,207,116.719000,1,1.000000
dijkstra-dial-skip,no_roads,default_small1,93,122.090000,1,1.000000
dijkstra-dial-skip,no_roads,default_small1,211,117.837000,1,1.000000
dijkstra-dial-skip,no_roads,default_small1,201,127.606000,1,1.000000
dijkstra-dial-skip,no_roads,default_small1,118,138.170000,1,1.000000
dijkstra-dial-skip,no_roads,default_small1,383,109.743000,1,1.000000
dijkstra-dial-skip,no_roads,default_small1,152,114.447000,1,1.000000
dijkstra-dial-skip,no_roads,default_small1,399,118.460000,1,1.000000
dijkstra-dial-skip,no_roads,default_small1,389,110.481000,1,1.000000
dijkstra-dial-skip,no_roads,default_small1,370,105.973000,1,1.000000
dijkstra-dial-skip,no_roads,default_small1,37,122.043000,1,1.000000
dijkstra-dial-skip,no_roads,default_small1,350,120.066000,1,1.000000
dijkstra-dial-skip,no_roads,default_small1,364,109.981000,1,1.000000
dijkstra-dial-skip,no_roads,default_small1,97,129.725000,1,1.000000
dijkstra-dial-skip,no_roads,default_small1,303,113.559000,1,1.000000
dijkstra-dial-skip,no_roads,default_small1,141,109.608000,1,1.000000
dijkstra-dial-skip,no_roads,default_small1,93,118.015000,1,1.000000
dijkstra-dial-skip,no_roads,default_small1,260,122.450000,1,1.000000
dijkstra-dial-skip,no_roads,default_small1,216,108.123000,1,1.000000
dijkstra-dial-skip,no_roads,default_small1,154,125.600000,1,1.000000
dijkstra-dial-skip,no_roads,default_small1,366,114.138000,1,1.000000
dijkstra-dial-skip,no_roads,default_small1,392,121.645000,1,1.000000
dijkstra-dial-skip,no_roads,default_small1,317,109.152000,1,1.000000
dijkstra-dial-skip,no_roads,default_small1,124,107.002000,1,1.000000
dijkstra-dial-skip,no_roads,default_small1,390,119.551000,1,1.000000
dijkstra-dial-skip,no_roads,default_small1,184,125.181000,1,1.000000
dijkstra-dial-skip,no_roads,default_small1,29,113.168000,1,1.000000
dijkstra-dial-skip,with_roads,default_small1,366,119.116000,1,1.000000
dijkstra-dial-skip,with_roads,default_small1,58,122.039000,1,1.000000
dijkstra-dial-skip,with_roads,default_small1,12,120.206000,1,1.000000
dijkstra-dial-skip,with_roads,default_small1,156,127.251000,1,1.000000
dijkstra-dial-skip,with_roads,default_small1,141,112.412000,1,1.000000
dijkstra-dial-skip,with_roads,default_small1,127,127.632000,1,1.000000
dijkstra-dial-skip,with_roads,default_small1,79,114.949000,1,1.000000
dijkstra-dial-skip,with_roads,default_small1,53,123.507000,1,1.000000
dijkstra-dial-skip,with_roads,default_small1,386,122.303000,1,1.000000
dijkstra-dial-skip,with_roads,default_small1,309,110.591000,1,1.000000
dijkstra-dial-skip,with_roads,default_small1,45,126.787000,1,1.000000
dijkstra-dial-skip,with_roads,default_small1,341,118.019000,1,1.000000
dijkstra-dial-skip,with_roads,default_small1,240,112.065000,1,1.000000
dijkstra-dial-skip,with_roads,default_small1,16,117.469000,1,1.000000
dijkstra-dial-skip,with_roads,default_small1,15,123.050000,1,1.000000
dijkstra-dial-skip,with_roads,default_small1,48,117.514000,1,1.000000
dijkstra-dial-skip,with_roads,default_small1,122,119.348000,1,1.000000
dijkstra-dial-skip,with_roads,default_small1,135,129.021000,1,1.000000
dijkstra-dial-skip,with_roads,default_small1,288,109.106000,1,1.000000
dijkstra-dial-skip,with_roads,default_small1,347,117.575000,1,1.000000
dijkstra-dial-skip,with_roads,default_small1,13,125.358000,1,1.000000
dijkstra-dial-skip,with_roads,default_small1,319,128.247000,1,1.000000
dijkstra-dial-skip,with_roads,default_small1,111,119.438000,1,1.000000
dijkstra-dial-skip,with_roads,default_small1,371,128.714000,1,1.000000
dijkstra-dial-skip,with_roads,default_small1,399,115.646000,1,1.000000
dijkstra-dial-skip,with_roads,default_small1,309,116.599000,1,1.000000
dijkstra-dial-skip,with_roads,default_small1,238,140.393000,1,1.000000
dijkstra-dial-skip,with_roads,default_small1,124,122.113000,1,1.000000
dijkstra-dial-skip,with_roads,default_small1,253,130.535000,1,1.000000
dijkstra-dial-skip,with_roads,default_small1,340,133.468000,1,1.000000
dijkstra-dial-skip,with_roads,default_small1,158,134.983000,1,1.000000
dijkstra-dial-skip,with_roads,default_small1,3,127.575000,1,1.000000
dijkstra-dial-skip,with_roads,default_small1,91,132.575000,1,1.000000
dijkstra-dial-skip,with_roads,default_small1,397,121.076000,1,1.000000
dijkstra-dial-skip,with_roads,default_small1,240,121.106000,1,1.000000
dijkstra-dial-skip,with_roads,default_small1,193,120.573000,1,1.000000
dijkstra-dial-skip,with_roads,default_small1,158,134.316000,1,1.000000
dijkstra-dial-skip,with_roads,default_small1,89,133.114000,1,1.000000
dijkstra-dial-skip,with_roads,default_small1,121,127.795000,1,1.000000
dijkstra-dial-skip,with_roads,default_small1,191,123.500000,1,1.000000
dijkstra-dial-skip,with_roads,default_small1,53,132.946000,1,1.000000
dijkstra-dial-skip,with_roads,default_small1,48,125.887000,1,1.000000
dijkstra-dial-skip,with_roads,default_small1,216,120.993000,1,1.000000
dijkstra-dial-skip,with_roads,default_small1,50,132.572000,1,1.000000
dijkstra-dial-skip,with_roads,default_small1,204,119.159000,1,1.000000
dijkstra-dial-skip,with_roads,default_small1,195,119.417000,1,1.000000
dijkstra-dial-skip,with_roads,default_small1,348,133.315000,1,1.000000
dijkstra-dial-skip,with_roads,default_small1,151,125.735000,1,1.000000
dijkstra-dial-skip,with_roads,default_small1,22,123.262000,1,1.000000
dijkstra-dial-skip,with_roads,default_small1,259,134.626000,1,1.000000
dijkstra-dial-skip,with_roads,default_small1,304,128.554000,1,1.000000
dijkstra-dial-skip,with_roads,default_small1,65,120.433000,1,1.000000
dijkstra-dial-skip,with_roads,default_small1,215,131.544000,1,1.000000
dijkstra-dial-skip,with_roads,default_small1,41,123.171000,1,1.000000
dijkstra-dial-skip,with_roads,default_small1,312,132.498000,1,1.000000
dijkstra-dial-skip,with_roads,default_small1,166,116.344000,1,1.000000
dijkstra-dial-skip,with_roads,default_small1,360,121.360000,1,1.000000
dijkstra-dial-skip,with_roads,default_small1,355,113.612000,1,1.000000
dijkstra-dial-skip,with_roads,default_small1,206,111.538000,1,1.000000
dijkstra-dial-skip,with_roads,default_small1,333,126.162000,1,1.000000
dijkstra-dial-skip,with_roads,default_small1,108,127.464000,1,1.000000
dijkstra-dial-skip,with_roads,default_small1,36,124.243000,1,1.000000
dijkstra-dial-skip,with_roads,default_small1,23,129.566000,1,1.000000
dijkstra-dial-skip,with_roads,default_small1,378,110.619000,1,1.000000
dijkstra-dial-skip,with_roads,default_small1,130,110.879000,1,1.000000
dijkstra-dial-skip,with_roads,default_small1,164,117.452000,1,1.000000
dijkstra-dial-skip,with_roads,default_small1,41,120.327000,1,1.000000
dijkstra-dial-skip,with_roads,default_small1,135,121.961000,1,1.000000
dijkstra-dial-skip,with_roads,default_small1,52,117.239000,1,1.000000
dijkstra-dial-skip,with_roads,default_small1,216,114.856000,1,1.000000
dijkstra-dial-skip,with_roads,default_small1,158,126.185000,1,1.000000
dijkstra-dial-skip,with_roads,default_small1,256,112.877000,1,1.000000
dijkstra-dial-skip,with_roads,default_small1,364,113.227000,1,1.000000
dijkstra-dial-skip,with_roads,default_small1,207,116.569000,1,1.000000
dijkstra-dial-skip,with_roads,default_small1,93,122.052000,1,1.000000
dijkstra-dial-skip,with_roads,default_small1,211,118.042000,1,1.000000
dijkstra-dial-skip,with_roads,default_small1,201,125.411000,1,1.000000
dijkstra-dial-skip,with_roads,default_small1,118,125.236000,1,1.000000
dijkstra-dial-skip,with_roads,default_small1,383,119.345000,1,1.000000
dijkstra-dial-skip,with_roads,default_small1,152,120.351000,1,1.000000
dijkstra-dial-skip,with_roads,default_small1,399,109.920000,1,1.000000
dijkstra-dial-skip,with_roads,default_small1,389,110.454000,1,1.000000
dijkstra-dial-skip,with_roads,default_small1,370,114.704000,1,1.000000
dijkstra-dial-skip,with_roads,default_small1,37,116.890000,1,1.000000
dijkstra-dial-skip,with_roads,default_small1,350,116.700000,1,1.000000
dijkstra-dial-skip,with_roads,default_small1,364,112.675000,1,1.000000
dijkstra-dial-skip,with_roads,default_small1,97,133.281000,1,1.000000
dijkstra-dial-skip,with_roads,default_small1,303,127.140000,1,1.000000
dijkstra-dial-skip,with_roads,default_small1,141,112.151000,1,1.000000
dijkstra-dial-skip,with_roads,default_small1,93,122.271000,1,1.000000
dijkstra-dial-skip,with_roads,default_small1,260,122.293000,1,1.000000
dijkstra-dial-skip,with_roads,default_small1,216,111.796000,1,1.000000
dijkstra-dial-skip,with_roads,default_small1,154,120.398000,1,1.000000
dijkstra-dial-skip,with_roads,default_small1,366,109.685000,1,1.000000
dijkstra-dial-skip,with_roads,default_small1,392,122.166000,1,1.000000
dijkstra-dial-skip,with_roads,default_small1,317,111.700000,1,1.000000
dijkstra-dial-skip,with_roads,default_small1,124,120.514000,1,1.000000
dijkstra-dial-skip,with_roads,default_small1,390,122.313000,1,1.000000
dijkstra-dial-skip,with_roads,default_small1,184,124.553000,1,1.000000
dijkstra-dial-skip,with_roads,default_small1,29,114.509000,1,1.000000
dijkstra-dial-skip,no_roads,default_small2,393,124.671000,1,1.000000
dijkstra-dial-skip,no_roads,default_small2,59,118.237000,1,1.000000
dijkstra-dial-skip,no_roads,default_small2,12,130.143000,1,1.000000
dijkstra-dial-skip,no_roads,default_small2,164,120.500000,1,1.000000
dijkstra-dial-skip,no_roads,default_small2,147,117.308000,1,1.000000
dijkstra-dial-skip,no_roads,default_small2,127,118.294000,1,1.000000
dijkstra-dial-skip,no_roads,default_small2,74,121.774000,1,1.000000
dijkstra-dial-skip,no_roads,default_small2,54,121.510000,1,1.000000
dijkstra-dial-skip,no_roads,default_small2,413,117.007000,1,1.000000
dijkstra-dial-skip,no_roads,default_small2,338,118.544000,1,1.000000
dijkstra-dial-skip,no_roads,default_small2,46,119.050000,1,1.000000
dijkstra-dial-skip,no_roads,default_small2,367,117.484000,1,1.000000
dijkstra-dial-skip,no_roads,default_small2,252,121.901000,1,1.000000
dijkstra-dial-skip,no_roads,default_small2,16,121.038000,1,1.000000
dijkstra-dial-skip,no_roads,default_small2,15,120.072000,1,1.000000
dijkstra-dial-skip,no_roads,default_small2,49,120.663000,1,1.000000
dijkstra-dial-skip,no_roads,default_small2,124,126.144000,1,1.000000
dijkstra-dial-skip,no_roads,default_small2,140,124.812000,1,1.000000
dijkstra-dial-skip,no_roads,default_small2,313,120.351000,1,1.000000
dijkstra-dial-skip,no_roads,default_small2,374,130.648000,1,1.000000
dijkstra-dial-skip,no_roads,default_small2,13,141.679000,1,1.000000
dijkstra-dial-skip,no_roads,default_small2,349,125.829000,1,1.000000
dijkstra-dial-skip,no_roads,default_small2,110,125.055000,1,1.000000
dijkstra-dial-skip,no_roads,default_small2,434,130.694000,1,1.000000
dijkstra-dial-skip,no_roads,default_small2,398,133.636000,1,1.000000
dijkstra-dial-skip,no_roads,default_small2,427,129.989000,1,1.000000
dijkstra-dial-skip,no_roads,default_small2,338,129.003000,1,1.000000
dijkstra-dial-skip,no_roads,default_small2,250,135.490000,1,1.000000
dijkstra-dial-skip,no_roads,default_small2,125,127.590000,1,1.000000
dijkstra-dial-skip,no_roads,default_small2,273,134.563000,1,1.000000
dijkstra-dial-skip,no_roads,default_small2,366,139.562000,1,1.000000
dijkstra-dial-skip,no_roads,default_small2,166,139.779000,1,1.000000
dijkstra-dial-skip,no_roads,default_small2,3,129.741000,1,1.000000
dijkstra-dial-skip,no_roads,default_small2,85,122.848000,1,1.000000
dijkstra-dial-skip,no_roads,default_small2,425,128.957000,1,1.000000
dijkstra-dial-skip,no_roads,default_small2,252,131.653000,1,1.000000
dijkstra-dial-skip,no_roads,default_small2,208,135.084000,1,1.000000
dijkstra-dial-skip,no_roads,default_small2,166,152.563000,1,1.000000
dijkstra-dial-skip,no_roads,default_small2,83,123.851000,1,1.000000
dijkstra-dial-skip,no_roads,default_small2,123,122.629000,1,1.000000
dijkstra-dial-skip,no_roads,default_small2,206,125.974000,1,1.000000
dijkstra-dial-skip,no_roads,default_small2,54,131.031000,1,1.000000
dijkstra-dial-skip,no_roads,default_small2,49,124.996000,1,1.000000
dijkstra-dial-skip,no_roads,default_small2,228,128.003000,1,1.000000
dijkstra-dial-skip,no_roads,default_small2,51,126.300000,1,1.000000
dijkstra-dial-skip,no_roads,default_small2,217,128.574000,1,1.000000
dijkstra-dial-skip,no_roads,default_small2,210,127.656000,1,1.000000
dijkstra-dial-skip,no_roads,default_small2,375,120.173000,1,1.000000
dijkstra-dial-skip,no_roads,default_small2,158,122.998000,1,1.000000
dijkstra-dial-skip,no_roads,default_small2,23,123.117000,1,1.000000
dijkstra-dial-skip,no_roads,default_small2,280,123.705000,1,1.000000
dijkstra-dial-skip,no_roads,default_small2,333,120.404000,1,1.000000
dijkstra-dial-skip,no_roads,default_small2,65,125.301000,1,1.000000
dijkstra-dial-skip,no_roads,default_small2,227,123.431000,1,1.000000
dijkstra-dial-skip,no_roads,default_small2,42,124.556000,1,1.000000
dijkstra-dial-skip,no_roads,default_small2,343,121.353000,1,1.000000
dijkstra-dial-skip,no_roads,default_small2,178,121.306000,1,1.000000
dijkstra-dial-skip,no_roads,default_small2,387,122.764000,1,1.000000
dijkstra-dial-skip,no_roads,default_small2,382,121.069000,1,1.000000
dijkstra-dial-skip,no_roads,default_small2,219,117.330000,1,1.000000
dijkstra-dial-skip,no_roads,default_small2,359,123.151000,1,1.000000
dijkstra-dial-skip,no_roads,default_small2,107,114.852000,1,1.000000
dijkstra-dial-skip,no_roads,default_small2,428,122.956000,1,1.000000
dijkstra-dial-skip,no_roads,default_small2,36,120.459000,1,1.000000
dijkstra-dial-skip,no_roads,default_small2,24,120.355000,1,1.000000
dijkstra-dial-skip,no_roads,default_small2,405,120.639000,1,1.000000
dijkstra-dial-skip,no_roads,default_small2,130,116.364000,1,1.000000
dijkstra-dial-skip,no_roads,default_small2,176,117.674000,1,1.000000
dijkstra-dial-skip,no_roads,default_small2,42,115.388000,1,1.000000
dijkstra-dial-skip,no_roads,default_small2,140,115.749000,1,1.000000
dijkstra-dial-skip,no_roads,default_small2,53,118.425000,1,1.000000
dijkstra-dial-skip,no_roads,default_small2,228,120.189000,1,1.000000
dijkstra-dial-skip,no_roads,default_small2,166,121.241000,1,1.000000
dijkstra-dial-skip,no_roads,default_small2,276,119.162000,1,1.000000
dijkstra-dial-skip,no_roads,default_small2,391,115.344000,1,1.000000
dijkstra-dial-skip,no_roads,default_small2,220,113.276000,1,1.000000
dijkstra-dial-skip,no_roads,default_small2,87,118.640000,1,1.000000
dijkstra-dial-skip,no_roads,default_small2,223,115.418000,1,1.000000
dijkstra-dial-skip,no_roads,default_small2,215,123.792000,1,1.000000
dijkstra-dial-skip,no_roads,default_small2,120,118.493000,1,1.000000
dijkstra-dial-skip,no_roads,default_small2,410,119.365000,1,1.000000
dijkstra-dial-skip,no_roads,default_small2,159,114.813000,1,1.000000
dijkstra-dial-skip,no_roads,default_small2,427,119.083000,1,1.000000
dijkstra-dial-skip,no_roads,default_small2,416,119.315000,1,1.000000
dijkstra-dial-skip,no_roads,default_small2,397,113.251000,1,1.000000
dijkstra-dial-skip,no_roads,default_small2,37,115.030000,1,1.000000
dijkstra-dial-skip,no_roads,default_small2,377,111.092000,1,1.000000
dijkstra-dial-skip,no_roads,default_small2,391,116.203000,1,1.000000
dijkstra-dial-skip,no_roads,default_small2,93,117.766000,1,1.000000
dijkstra-dial-skip,no_roads,default_small2,332,115.447000,1,1.000000
dijkstra-dial-skip,no_roads,default_small2,147,119.888000,1,1.000000
dijkstra-dial-skip,no_roads,default_small2,87,119.001000,1,1.000000
dijkstra-dial-skip,no_roads,default_small2,281,117.510000,1,1.000000
dijkstra-dial-skip,no_roads,default_small2,228,116.064000,1,1.000000
dijkstra-dial-skip,no_roads,default_small2,161,110.748000,1,1.000000
dijkstra-dial-skip,no_roads,default_small2,393,111.987000,1,1.000000
dijkstra-dial-skip,no_roads,default_small2,420,117.254000,1,1.000000
dijkstra-dial-skip,no_roads,default_small2,347,112.549000,1,1.000000
dijkstra-dial-skip,no_roads,default_small2,125,113.180000,1,1.000000
dijkstra-dial-skip,no_roads,default_small2,417,114.049000,1,1.000000
dijkstra-dial-skip,with_roads,default_small2,393,124.562000,1,1.000000
dijkstra-dial-skip,with_roads,default_small2,59,128.906000,1,1.000000
dijkstra-dial-skip,with_roads,default_small2,12,137.927000,1,1.000000
dijkstra-dial-skip,with_roads,default_small2,164,123.519000,1,1.000000
dijkstra-dial-skip,with_roads,default_small2,147,126.181000,1,1.000000
dijkstra-dial-skip,with_roads,default_small2,127,126.269000,1,1.000000
dijkstra-dial-skip,with_roads,default_small2,74,127.526000,1,1.000000
dijkstra-dial-skip,with_roads,default_small2,54,131.156000,1,1.000000
dijkstra-dial-skip,with_roads,default_small2,413,121.087000,1,1.000000
dijkstra-dial-skip,with_roads,default_small2,338,123.011000,1,1.000000
dijkstra-dial-skip,with_roads,default_small2,46,129.743000,1,1.000000
dijkstra-dial-skip,with_roads,default_small2,367,123.754000,1,1.000000
dijkstra-dial-skip,with_roads,default_small2,252,131.558000,1,1.000000
dijkstra-dial-skip,with_roads,default_small2,16,142.699000,1,1.000000
dijkstra-dial-skip,with_roads,default_small2,15,131.801000,1,1.000000
dijkstra-dial-skip,with_roads,default_small2,49,134.056000,1,1.000000
dijkstra-dial-skip,with_roads,default_small2,124,132.340000,1,1.000000
dijkstra-dial-skip,with_roads,default_small2,140,127.743000,1,1.000000
dijkstra-dial-skip,with_roads,default_small2,313,123.493000,1,1.000000
dijkstra-dial-skip,with_roads,default_small2,374,127.649000,1,1.000000
dijkstra-dial-skip,with_roads,default_small2,13,134.913000,1,1.000000
dijkstra-dial-skip,with_roads,default_small2,349,122.618000,1,1.000000
dijkstra-dial-skip,with_roads,default_small2,110,129.945000,1,1.000000
dijkstra-dial-skip,with_roads,default_small2,434,141.160000,1,1.000000
dijkstra-dial-skip,with_roads,default_small2,398,134.075000,1,1.000000
dijkstra-dial-skip,with_roads,default_small2,427,125.569000,1,1.000000
dijkstra-dial-skip,with_roads,default_small2,338,124.869000,1,1.000000
dijkstra-dial-skip,with_roads,default_small2,250,136.309000,1,1.000000
dijkstra-dial-skip,with_roads,default_small2,125,129.803000,1,1.000000
dijkstra-dial-skip,with_roads,default_small2,273,134.627000,1,1.000000
dijkstra-dial-skip,with_roads,default_small2,366,131.738000,1,1.000000
dijkstra-dial-skip,with_roads,default_small2,166,135.748000,1,1.000000
dijkstra-dial-skip,with_roads,default_small2,3,138.105000,1,1.000000
dijkstra-dial-skip,with_roads,default_small2,85,132.442000,1,1.000000
dijkstra-dial-skip,with_roads,default_small2,425,127.881000,1,1.000000
dijkstra-dial-skip,with_roads,default_small2,252,133.819000,1,1.000000
dijkstra-dial-skip,with_roads,default_small2,208,135.708000,1,1.000000
dijkstra-dial-skip,with_roads,default_small2,166,140.189000,1,1.000000
dijkstra-dial-skip,with_roads,default_small2,83,132.672000,1,1.000000
dijkstra-dial-skip,with_roads,default_small2,123,127.176000,1,1.000000
dijkstra-dial-skip,with_roads,default_small2,206,130.547000,1,1.000000
dijkstra-dial-skip,with_roads,default_small2,54,136.136000,1,1.000000
dijkstra-dial-skip,with_roads,default_small2,49,132.907000,1,1.000000
dijkstra-dial-skip,with_roads,default_small2,228,131.848000,1,1.000000
dijkstra-dial-skip,with_roads,default_small2,51,130.402000,1,1.000000
dijkstra-dial-skip,with_roads,default_small2,217,125.505000,1,1.000000
dijkstra-dial-skip,with_roads,default_small2,210,137.428000,1,1.000000
dijkstra-dial-skip,with_roads,default_small2,375,125.402000,1,1.000000
dijkstra-dial-skip,with_roads,default_small2,158,127.415000,1,1.000000
dijkstra-dial-skip,with_roads,default_small2,23,139.390000,1,1.000000
dijkstra-dial-skip,with_roads,default_small2,280,122.330000,1,1.000000
dijkstra-dial-skip,with_roads,default_small2,333,123.262000,1,1.000000
dijkstra-dial-skip,with_roads,default_small2,65,131.890000,1,1.000000
dijkstra-dial-skip,with_roads,default_small2,227,125.195000,1,1.000000
dijkstra-dial-skip,with_roads,default_small2,42,135.816000,1,1.000000
dijkstra-dial-skip,with_roads,default_small2,343,125.608000,1,1.000000
dijkstra-dial-skip,with_roads,default_small2,178,127.864000,1,1.000000
dijkstra-dial-skip,with_roads,default_small2,387,123.900000,1,1.000000
dijkstra-dial-skip,with_roads,default_small2,382,123.519000,1,1.000000
dijkstra-dial-skip,with_roads,default_small2,219,119.377000,1,1.000000
dijkstra-dial-skip,with_roads,default_small2,359,125.945000,1,1.000000
dijkstra-dial-skip,with_roads,default_small2,107,128.880000,1,1.000000
dijkstra-dial-skip,with_roads,default_small2,428,133.321000,1,1.000000
dijkstra-dial-skip,with_roads,default_small2,36,135.245000,1,1.000000
dijkstra-dial-skip,with_roads,default_small2,24,137.149000,1,1.000000
dijkstra-dial-skip,with_roads,default_small2,405,124.445000,1,1.000000
dijkstra-dial-skip,with_roads,default_small2,130,128.834000,1,1.000000
dijkstra-dial-skip,with_roads,default_small2,176,126.795000,1,1.000000
dijkstra-dial-skip,with_roads,default_small2,42,129.646000,1,1.000000
dijkstra-dial-skip,with_roads,default_small2,140,124.855000,1,1.000000
dijkstra-dial-skip,with_roads,default_small2,53,132.902000,1,1.000000
dijkstra-dial-skip,with_roads,default_small2,228,132.117000,1,1.000000
dijkstra-dial-skip,with_roads,default_small2,166,133.544000,1,1.000000
dijkstra-dial-skip,with_roads,default_small2,276,122.705000,1,1.000000
dijkstra-dial-skip,with_roads,default_small2,391,118.557000,1,1.000000
dijkstra-dial-skip,with_roads,default_small2,220,114.659000,1,1.000000
dijkstra-dial-skip,with_roads,default_small2,87,134.050000,1,1.000000
dijkstra-dial-skip,with_roads,default_small2,223,118.772000,1,1.000000
dijkstra-dial-skip,with_roads,default_small2,215,126.173000,1,1.000000
dijkstra-dial-skip,with_roads,default_small2,120,130.458000,1,1.000000
dijkstra-dial-skip,with_roads,default_small2,410,122.257000,1,1.000000
dijkstra-dial-skip,with_roads,default_small2,159,121.287000,1,1.000000
dijkstra-dial-skip,with_roads,default_small2,427,124.720000,1,1.000000
dijkstra-dial-skip,with_roads,default_small2,416,131.520000,1,1.000000
dijkstra-dial-skip,with_roads,default_small2,397,119.800000,1,1.000000
dijkstra-dial-skip,with_roads,default_small2,37,142.121000,1,1.000000
dijkstra-dial-skip,with_roads,default_small2,377,124.154000,1,1.000000
dijkstra-dial-skip,with_roads,default_small2,391,121.653000,1,1.000000
dijkstra-dial-skip,with_roads,default_small2,93,130.907000,1,1.000000
dijkstra-dial-skip,with_roads,default_small2,332,123.351000,1,1.000000
dijkstra-dial-skip,with_roads,default_small2,147,132.052000,1,1.000000
dijkstra-dial-skip,with_roads,default_small2,87,133.542000,1,1.000000
dijkstra-dial-skip,with_roads,default_small2,281,123.723000,1,1.000000
dijkstra-dial-skip,with_roads,default_small2,228,132.650000,1,1.000000
dijkstra-dial-skip,with_roads,default_small2,161,123.436000,1,1.000000
dijkstra-dial-skip,with_roads,default_small2,393,126.186000,1,1.000000
dijkstra-dial-skip,with_roads,default_small2,420,125.347000,1,1.000000
dijkstra-dial-skip,with_roads,default_small2,347,120.560000,1,1.000000
dijkstra-dial-skip,with_roads,default_small2,125,126.083000,1,1.000000
dijkstra-dial-skip,with_roads,default_small2,417,120.695000,1,1.000000
dijkstra-dial-skip,no_roads,dna,864,215.027000,1,1.000000
dijkstra-dial-skip,no_roads,dna,133,7.721000,1,1.000000
dijkstra-dial-skip,no_roads,dna,25,212.217000,1,1.000000
dijkstra-dial-skip,no_roads,dna,1005,211.590000,1,1.000000
dijkstra-dial-skip,no_roads,dna,359,206.135000,1,1.000000
dijkstra-dial-skip,no_roads,dna,313,214.354000,1,1.000000
dijkstra-dial-skip,no_roads,dna,289,210.828000,1,1.000000
dijkstra-dial-skip,no_roads,dna,172,212.114000,1,1.000000
dijkstra-dial-skip,no_roads,dna,1000,216.078000,1,1.000000
dijkstra-dial-skip,no_roads,dna,121,219.026000,1,1.000000
dijkstra-dial-skip,no_roads,dna,921,215.853000,1,1.000000
dijkstra-dial-skip,no_roads,dna,1004,217.513000,1,1.000000
dijkstra-dial-skip,no_roads,dna,742,7.853000,1,1.000000
dijkstra-dial-skip,no_roads,dna,104,218.580000,1,1.000000
dijkstra-dial-skip,no_roads,dna,802,228.800000,1,1.000000
dijkstra-dial-skip,no_roads,dna,564,238.120000,1,1.000000
dijkstra-dial-skip,no_roads,dna,32,229.963000,1,1.000000
dijkstra-dial-skip,no_roads,dna,30,318.083000,1,1.000000
dijkstra-dial-skip,no_roads,dna,111,7.717000,1,1.000000
dijkstra-dial-skip,no_roads,dna,282,7.715000,1,1.000000
dijkstra-dial-skip,no_roads,dna,300,7.490000,1,1.000000
dijkstra-dial-skip,no_roads,dna,684,9.684000,1,1.000000
dijkstra-dial-skip,no_roads,dna,820,226.338000,1,1.000000
dijkstra-dial-skip,no_roads,dna,27,217.201000,1,1.000000
dijkstra-dial-skip,no_roads,dna,759,220.031000,1,1.000000
dijkstra-dial-skip,no_roads,dna,251,246.979000,1,1.000000
dijkstra-dial-skip,no_roads,dna,978,212.739000,1,1.000000
dijkstra-dial-skip,no_roads,dna,881,213.129000,1,1.000000
dijkstra-dial-skip,no_roads,dna,962,202.016000,1,1.000000
dijkstra-dial-skip,no_roads,dna,742,7.504000,1,1.000000
dijkstra-dial-skip,no_roads,dna,561,208.138000,1,1.000000
dijkstra-dial-skip,no_roads,dna,284,6.465000,1,1.000000
dijkstra-dial-skip,no_roads,dna,606,211.756000,1,1.000000
dijkstra-dial-skip,no_roads,dna,801,210.151000,1,1.000000
dijkstra-dial-skip,no_roads,dna,363,9.704000,1,1.000000
dijkstra-dial-skip,no_roads,dna,6,200.061000,1,1.000000
dijkstra-dial-skip,no_roads,dna,1023,203.551000,1,1.000000
dijkstra-dial-skip,no_roads,dna,202,202.422000,1,1.000000
dijkstra-dial-skip,no_roads,dna,945,201.804000,1,1.000000
dijkstra-dial-skip,no_roads,dna,564,203.367000,1,1.000000
dijkstra-dial-skip,no_roads,dna,458,206.682000,1,1.000000
dijkstra-dial-skip,no_roads,dna,363,9.150000,1,1.000000
dijkstra-dial-skip,no_roads,dna,195,203.598000,1,1.000000
dijkstra-dial-skip,no_roads,dna,277,201.892000,1,1.000000
dijkstra-dial-skip,no_roads,dna,1027,206.269000,1,1.000000
dijkstra-dial-skip,no_roads,dna,443,209.086000,1,1.000000
dijkstra-dial-skip,no_roads,dna,121,199.474000,1,1.000000
dijkstra-dial-skip,no_roads,dna,109,201.717000,1,1.000000
dijkstra-dial-skip,no_roads,dna,509,205.717000,1,1.000000
dijkstra-dial-skip,no_roads,dna,115,6.445000,1,1.000000
dijkstra-dial-skip,no_roads,dna,481,204.865000,1,1.000000
dijkstra-dial-skip,no_roads,dna,462,202.687000,1,1.000000
dijkstra-dial-skip,no_roads,dna,822,203.068000,1,1.000000
dijkstra-dial-skip,no_roads,dna,347,8.847000,1,1.000000
dijkstra-dial-skip,no_roads,dna,44,203.889000,1,1.000000
dijkstra-dial-skip,no_roads,dna,993,216.701000,1,1.000000
dijkstra-dial-skip,no_roads,dna,618,8.207000,1,1.000000
dijkstra-dial-skip,no_roads,dna,732,215.680000,1,1.000000
dijkstra-dial-skip,no_roads,dna,148,209.438000,1,1.000000
dijkstra-dial-skip,no_roads,dna,507,272.333000,1,1.000000
dijkstra-dial-skip,no_roads,dna,82,204.069000,1,1.000000
dijkstra-dial-skip,no_roads,dna,749,7.614000,1,1.000000
dijkstra-dial-skip,no_roads,dna,380,204.866000,1,1.000000
dijkstra-dial-skip,no_roads,dna,853,205.018000,1,1.000000
dijkstra-dial-skip,no_roads,dna,840,212.915000,1,1.000000
dijkstra-dial-skip,no_roads,dna,484,210.049000,1,1.000000
dijkstra-dial-skip,no_roads,dna,780,214.916000,1,1.000000
dijkstra-dial-skip,no_roads,dna,241,1.351000,1,1.000000
dijkstra-dial-skip,no_roads,dna,965,205.164000,1,1.000000
dijkstra-dial-skip,no_roads,dna,72,206.905000,1,1.000000
dijkstra-dial-skip,no_roads,dna,46,205.678000,1,1.000000
dijkstra-dial-skip,no_roads,dna,902,211.121000,1,1.000000
dijkstra-dial-skip,no_roads,dna,294,213.950000,1,1.000000
dijkstra-dial-skip,no_roads,dna,1037,214.859000,1,1.000000
dijkstra-dial-skip,no_roads,dna,376,227.590000,1,1.000000
dijkstra-dial-skip,no_roads,dna,83,206.564000,1,1.000000
dijkstra-dial-skip,no_roads,dna,300,7.390000,1,1.000000
dijkstra-dial-skip,no_roads,dna,119,7.286000,1,1.000000
dijkstra-dial-skip,no_roads,dna,509,210.541000,1,1.000000
dijkstra-dial-skip,no_roads,dna,363,9.672000,1,1.000000
dijkstra-dial-skip,no_roads,dna,611,219.732000,1,1.000000
dijkstra-dial-skip,no_roads,dna,860,293.958000,1,1.000000
dijkstra-dial-skip,no_roads,dna,487,204.119000,1,1.000000
dijkstra-dial-skip,no_roads,dna,205,205.615000,1,1.000000
dijkstra-dial-skip,no_roads,dna,499,207.577000,1,1.000000
dijkstra-dial-skip,no_roads,dna,477,235.177000,1,1.000000
dijkstra-dial-skip,no_roads,dna,271,214.946000,1,1.000000
dijkstra-dial-skip,no_roads,dna,913,7.250000,1,1.000000
dijkstra-dial-skip,no_roads,dna,350,9.093000,1,1.000000
dijkstra-dial-skip,no_roads,dna,962,199.851000,1,1.000000
dijkstra-dial-skip,no_roads,dna,928,209.124000,1,1.000000
dijkstra-dial-skip,no_roads,dna,879,199.878000,1,1.000000
dijkstra-dial-skip,no_roads,dna,74,209.077000,1,1.000000
dijkstra-dial-skip,no_roads,dna,827,204.607000,1,1.000000
dijkstra-dial-skip,no_roads,dna,860,204.327000,1,1.000000
dijkstra-dial-skip,no_roads,dna,214,201.059000,1,1.000000
dijkstra-dial-skip,no_roads,dna,716,205.373000,1,1.000000
dijkstra-dial-skip,no_roads,dna,992,203.255000,1,1.000000
dijkstra-dial-skip,no_roads,dna,313,205.173000,1,1.000000
dijkstra-dial-skip,no_roads,dna,206,208.300000,1,1.000000
dijkstra-dial-skip,with_roads,dna,864,246.826000,1,1.000000
dijkstra-dial-skip,with_roads,dna,133,7.762000,1,1.000000
dijkstra-dial-skip,with_roads,dna,25,233.353000,1,1.000000
dijkstra-dial-skip,with_roads,dna,1005,226.551000,1,1.000000
dijkstra-dial-skip,with_roads,dna,359,225.710000,1,1.000000
dijkstra-dial-skip,with_roads,dna,313,233.916000,1,1.000000
dijkstra-dial-skip,with_roads,dna,289,243.900000,1,1.000000
dijkstra-dial-skip,with_roads,dna,172,231.722000,1,1.000000
dijkstra-dial-skip,with_roads,dna,1000,238.702000,1,1.000000
dijkstra-dial-skip,with_roads,dna,121,235.851000,1,1.000000
dijkstra-dial-skip,with_roads,dna,921,239.575000,1,1.000000
dijkstra-dial-skip,with_roads,dna,1004,239.340000,1,1.000000
dijkstra-dial-skip,with_roads,dna,742,7.514000,1,1.000000
dijkstra-dial-skip,with_roads,dna,104,231.182000,1,1.000000
dijkstra-dial-skip,with_roads,dna,802,235.930000,1,1.000000
dijkstra-dial-skip,with_roads,dna,564,241.214000,1,1.000000
dijkstra-dial-skip,with_roads,dna,32,233.541000,1,1.000000
dijkstra-dial-skip,with_roads,dna,30,232.531000,1,1.000000
dijkstra-dial-skip,with_roads,dna,111,7.540000,1,1.000000
dijkstra-dial-skip,with_roads,dna,282,7.246000,1,1.000000
dijkstra-dial-skip,with_roads,dna,300,7.110000,1,1.000000
dijkstra-dial-skip,with_roads,dna,684,9.262000,1,1.000000
dijkstra-dial-skip,with_roads,dna,820,238.006000,1,1.000000
dijkstra-dial-skip,with_roads,dna,27,235.057000,1,1.000000
dijkstra-dial-skip,with_roads,dna,759,239.920000,1,1.000000
dijkstra-dial-skip,with_roads,dna,251,235.154000,1,1.000000
dijkstra-dial-skip,with_roads,dna,978,230.861000,1,1.000000
dijkstra-dial-skip,with_roads,dna,881,226.612000,1,1.000000
dijkstra-dial-skip,with_roads,dna,962,231.100000,1,1.000000
dijkstra-dial-skip,with_roads,dna,742,7.048000,1,1.000000
dijkstra-dial-skip,with_roads,dna,561,230.106000,1,1.000000
dijkstra-dial-skip,with_roads,dna,284,6.629000,1,1.000000
dijkstra-dial-skip,with_roads,dna,606,230.358000,1,1.000000
dijkstra-dial-skip,with_roads,dna,801,229.409000,1,1.000000
dijkstra-dial-skip,with_roads,dna,363,13.104000,1,1.000000
dijkstra-dial-skip,with_roads,dna,6,230.680000,1,1.000000
dijkstra-dial-skip,with_roads,dna,1023,229.218000,1,1.000000
dijkstra-dial-skip,with_roads,dna,202,233.500000,1,1.000000
dijkstra-dial-skip,with_roads,dna,945,227.445000,1,1.000000
dijkstra-dial-skip,with_roads,dna,564,231.867000,1,1.000000
dijkstra-dial-skip,with_roads,dna,458,225.712000,1,1.000000
dijkstra-dial-skip,with_roads,dna,363,9.002000,1,1.000000
dijkstra-dial-skip,with_roads,dna,195,222.429000,1,1.000000
dijkstra-dial-skip,with_roads,dna,277,226.657000,1,1.000000
dijkstra-dial-skip,with_roads,dna,1027,224.537000,1,1.000000
dijkstra-dial-skip,with_roads,dna,443,233.381000,1,1.000000
dijkstra-dial-skip,with_roads,dna,121,232.559000,1,1.000000
dijkstra-dial-skip,with_roads,dna,109,218.272000,1,1.000000
dijkstra-dial-skip,with_roads,dna,509,231.187000,1,1.000000
dijkstra-dial-skip,with_roads,dna,115,6.403000,1,1.000000
dijkstra-dial-skip,with_roads,dna,481,229.937000,1,1.000000
dijkstra-dial-skip,with_roads,dna,462,231.213000,1,1.000000
dijkstra-dial-skip,with_roads,dna,822,235.220000,1,1.000000
dijkstra-dial-skip,with_roads,dna,347,8.587000,1,1.000000
dijkstra-dial-skip,with_roads,dna,44,229.994000,1,1.000000
dijkstra-dial-skip,with_roads,dna,993,225.409000,1,1.000000
dijkstra-dial-skip,with_roads,dna,618,7.802000,1,1.000000
dijkstra-dial-skip,with_roads,dna,732,227.377000,1,1.000000
dijkstra-dial-skip,with_roads,dna,148,319.452000,1,1.000000
dijkstra-dial-skip,with_roads,dna,507,234.078000,1,1.000000
dijkstra-dial-skip,with_roads,dna,82,231.969000,1,1.000000
dijkstra-dial-skip,with_roads,dna,749,7.245000,1,1.000000
dijkstra-dial-skip,with_roads,dna,380,236.436000,1,1.000000
dijkstra-dial-skip,with_roads,dna,853,224.120000,1,1.000000
dijkstra-dial-skip,with_roads,dna,840,230.525000,1,1.000000
dijkstra-dial-skip,with_roads,dna,484,232.958000,1,1.000000
dijkstra-dial-skip,with_roads,dna,780,232.022000,1,1.000000
dijkstra-dial-skip,with_roads,dna,241,1.464000,1,1.000000
dijkstra-dial-skip,with_roads,dna,965,231.561000,1,1.000000
dijkstra-dial-skip,with_roads,dna,72,228.695000,1,1.000000
dijkstra-dial-skip,with_roads,dna,46,231.997000,1,1.000000
dijkstra-dial-skip,with_roads,dna,902,233.419000,1,1.000000
dijkstra-dial-skip,with_roads,dna,294,227.450000,1,1.000000
dijkstra-dial-skip,with_roads,dna,1037,227.337000,1,1.000000
dijkstra-dial-skip,with_roads,dna,376,231.303000,1,1.000000
dijkstra-dial-skip,with_roads,dna,83,230.864000,1,1.000000
dijkstra-dial-skip,with_roads,dna,300,7.293000,1,1.000000
dijkstra-dial-skip,with_roads,dna,119,7.297000,1,1.000000
dijkstra-dial-skip,with_roads,dna,509,236.714000,1,1.000000
dijkstra-dial-skip,with_roads,dna,363,9.259000,1,1.000000
dijkstra-dial-skip,with_roads,dna,611,257.525000,1,1.000000
dijkstra-dial-skip,with_roads,dna,860,233.692000,1,1.000000
dijkstra-dial-skip,with_roads,dna,487,234.817000,1,1.000000
dijkstra-dial-skip,with_roads,dna,205,234.583000,1,1.000000
dijkstra-dial-skip,with_roads,dna,499,236.665000,1,1.000000
dijkstra-dial-skip,with_roads,dna,477,230.949000,1,1.000000
dijkstra-dial-skip,with_roads,dna,271,240.629000,1,1.000000
dijkstra-dial-skip,with_roads,dna,913,6.585000,1,1.000000
dijkstra-dial-skip,with_roads,dna,350,9.017000,1,1.000000
dijkstra-dial-skip,with_roads,dna,962,231.987000,1,1.000000
dijkstra-dial-skip,with_roads,dna,928,229.158000,1,1.000000
dijkstra-dial-skip,with_roads,dna,879,227.770000,1,1.000000
dijkstra-dial-skip,with_roads,dna,74,225.445000,1,1.000000
dijkstra-dial-skip,with_roads,dna,827,224.438000,1,1.000000
dijkstra-dial-skip,with_roads,dna,860,231.474000,1,1.000000
dijkstra-dial-skip,with_roads,dna,214,227.725000,1,1.000000
dijkstra-dial-skip,with_roads,dna,716,229.944000,1,1.000000
dijkstra-dial-skip,with_roads,dna,992,232.201000,1,1.000000
dijkstra-dial-skip,with_roads,dna,313,235.770000,1,1.000000
dijkstra-dial-skip,with_roads,dna,206,226.790000,1,1.000000
dijkstra-dial-skip,no_roads,donut,808,234.016000,1,1.000000
dijkstra-dial-skip,no_roads,donut,133,59.026000,1,1.000000
dijkstra-dial-skip,no_roads,donut,25,52.097000,1,1.000000
dijkstra-dial-skip,no_roads,donut,929,211.006000,1,1.000000
dijkstra-dial-skip,no_roads,donut,335,214.807000,1,1.000000
dijkstra-dial-skip,no_roads,donut,300,220.881000,1,1.000000
dijkstra-dial-skip,no_roads,donut,272,229.662000,1,1.000000
dijkstra-dial-skip,no_roads,donut,169,54.900000,1,1.000000
dijkstra-dial-skip,no_roads,donut,924,212.684000,1,1.000000
dijkstra-dial-skip,no_roads,donut,119,226.978000,1,1.000000
dijkstra-dial-skip,no_roads,donut,852,225.717000,1,1.000000
dijkstra-dial-skip,no_roads,donut,928,220.589000,1,1.000000
dijkstra-dial-skip,no_roads,donut,1122,60.263000,1,1.000000
dijkstra-dial-skip,no_roads,donut,679,222.547000,1,1.000000
dijkstra-dial-skip,no_roads,donut,100,57.841000,1,1.000000
dijkstra-dial-skip,no_roads,donut,739,231.770000,1,1.000000
dijkstra-dial-skip,no_roads,donut,529,247.363000,1,1.000000
dijkstra-dial-skip,no_roads,donut,32,64.273000,1,1.000000
dijkstra-dial-skip,no_roads,donut,30,66.138000,1,1.000000
dijkstra-dial-skip,no_roads,donut,106,63.443000,1,1.000000
dijkstra-dial-skip,no_roads,donut,265,257.634000,1,1.000000
dijkstra-dial-skip,no_roads,donut,287,239.797000,1,1.000000
dijkstra-dial-skip,no_roads,donut,631,246.900000,1,1.000000
dijkstra-dial-skip,no_roads,donut,755,226.035000,1,1.000000
dijkstra-dial-skip,no_roads,donut,27,58.957000,1,1.000000
dijkstra-dial-skip,no_roads,donut,698,257.464000,1,1.000000
dijkstra-dial-skip,no_roads,donut,242,58.020000,1,1.000000
dijkstra-dial-skip,no_roads,donut,899,234.070000,1,1.000000
dijkstra-dial-skip,no_roads,donut,820,227.110000,1,1.000000
dijkstra-dial-skip,no_roads,donut,884,223.310000,1,1.000000
dijkstra-dial-skip,no_roads,donut,679,218.935000,1,1.000000
dijkstra-dial-skip,no_roads,donut,523,236.683000,1,1.000000
dijkstra-dial-skip,no_roads,donut,267,234.072000,1,1.000000
dijkstra-dial-skip,no_roads,donut,562,241.968000,1,1.000000
dijkstra-dial-skip,no_roads,donut,738,228.861000,1,1.000000
dijkstra-dial-skip,no_roads,donut,338,224.999000,1,1.000000
dijkstra-dial-skip,no_roads,donut,1015,59.069000,1,1.000000
dijkstra-dial-skip,no_roads,donut,1091,56.159000,1,1.000000
dijkstra-dial-skip,no_roads,donut,6,56.310000,1,1.000000
dijkstra-dial-skip,no_roads,donut,953,225.384000,1,1.000000
dijkstra-dial-skip,no_roads,donut,1012,56.000000,1,1.000000
dijkstra-dial-skip,no_roads,donut,194,219.812000,1,1.000000
dijkstra-dial-skip,no_roads,donut,879,226.989000,1,1.000000
dijkstra-dial-skip,no_roads,donut,529,229.022000,1,1.000000
dijkstra-dial-skip,no_roads,donut,414,226.313000,1,1.000000
dijkstra-dial-skip,no_roads,donut,338,219.807000,1,1.000000
dijkstra-dial-skip,no_roads,donut,190,232.286000,1,1.000000
dijkstra-dial-skip,no_roads,donut,262,217.486000,1,1.000000
dijkstra-dial-skip,no_roads,donut,1200,54.459000,1,1.000000
dijkstra-dial-skip,no_roads,donut,959,216.955000,1,1.000000
dijkstra-dial-skip,no_roads,donut,410,221.023000,1,1.000000
dijkstra-dial-skip,no_roads,donut,119,226.556000,1,1.000000
dijkstra-dial-skip,no_roads,donut,105,59.442000,1,1.000000
dijkstra-dial-skip,no_roads,donut,470,209.761000,1,1.000000
dijkstra-dial-skip,no_roads,donut,110,52.521000,1,1.000000
dijkstra-dial-skip,no_roads,donut,443,213.045000,1,1.000000
dijkstra-dial-skip,no_roads,donut,1063,214.865000,1,1.000000
dijkstra-dial-skip,no_roads,donut,420,59.994000,1,1.000000
dijkstra-dial-skip,no_roads,donut,759,220.301000,1,1.000000
dijkstra-dial-skip,no_roads,donut,324,220.886000,1,1.000000
dijkstra-dial-skip,no_roads,donut,1013,61.058000,1,1.000000
dijkstra-dial-skip,no_roads,donut,44,54.323000,1,1.000000
dijkstra-dial-skip,no_roads,donut,917,224.734000,1,1.000000
dijkstra-dial-skip,no_roads,donut,574,219.943000,1,1.000000
dijkstra-dial-skip,no_roads,donut,668,229.239000,1,1.000000
dijkstra-dial-skip,no_roads,donut,146,54.345000,1,1.000000
dijkstra-dial-skip,no_roads,donut,1216,57.298000,1,1.000000
dijkstra-dial-skip,no_roads,donut,1164,56.666000,1,1.000000
dijkstra-dial-skip,no_roads,donut,466,229.474000,1,1.000000
dijkstra-dial-skip,no_roads,donut,80,55.320000,1,1.000000
dijkstra-dial-skip,no_roads,donut,686,223.174000,1,1.000000
dijkstra-dial-skip,no_roads,donut,359,229.742000,1,1.000000
dijkstra-dial-skip,no_roads,donut,1039,238.792000,1,1.000000
dijkstra-dial-skip,no_roads,donut,793,218.997000,1,1.000000
dijkstra-dial-skip,no_roads,donut,777,229.594000,1,1.000000
dijkstra-dial-skip,no_roads,donut,1115,56.150000,1,1.000000
dijkstra-dial-skip,no_roads,donut,1083,58.111000,1,1.000000
dijkstra-dial-skip,no_roads,donut,446,232.342000,1,1.000000
dijkstra-dial-skip,no_roads,donut,722,220.254000,1,1.000000
dijkstra-dial-skip,no_roads,donut,233,227.130000,1,1.000000
dijkstra-dial-skip,no_roads,donut,887,222.088000,1,1.000000
dijkstra-dial-skip,no_roads,donut,71,58.819000,1,1.000000
dijkstra-dial-skip,no_roads,donut,46,54.727000,1,1.000000
dijkstra-dial-skip,no_roads,donut,834,232.055000,1,1.000000
dijkstra-dial-skip,no_roads,donut,279,58.119000,1,1.000000
dijkstra-dial-skip,no_roads,donut,970,221.185000,1,1.000000
dijkstra-dial-skip,no_roads,donut,355,240.483000,1,1.000000
dijkstra-dial-skip,no_roads,donut,81,55.572000,1,1.000000
dijkstra-dial-skip,no_roads,donut,1072,228.757000,1,1.000000
dijkstra-dial-skip,no_roads,donut,287,231.875000,1,1.000000
dijkstra-dial-skip,no_roads,donut,1088,60.780000,1,1.000000
dijkstra-dial-skip,no_roads,donut,114,55.288000,1,1.000000
dijkstra-dial-skip,no_roads,donut,470,219.497000,1,1.000000
dijkstra-dial-skip,no_roads,donut,338,227.809000,1,1.000000
dijkstra-dial-skip,no_roads,donut,567,224.788000,1,1.000000
dijkstra-dial-skip,no_roads,donut,801,248.519000,1,1.000000
dijkstra-dial-skip,no_roads,donut,1047,58.759000,1,1.000000
dijkstra-dial-skip,no_roads,donut,449,233.665000,1,1.000000
dijkstra-dial-skip,no_roads,donut,197,222.635000,1,1.000000
dijkstra-dial-skip,no_roads,donut,458,236.898000,1,1.000000
dijkstra-dial-skip,with_roads,donut,808,232.148000,1,1.000000
dijkstra-dial-skip,with_roads,donut,133,58.552000,1,1.000000
dijkstra-dial-skip,with_roads,donut,25,57.121000,1,1.000000
dijkstra-dial-skip,with_roads,donut,929,225.471000,1,1.000000
dijkstra-dial-skip,with_roads,donut,335,219.724000,1,1.000000
dijkstra-dial-skip,with_roads,donut,300,227.496000,1,1.000000
dijkstra-dial-skip,with_roads,donut,272,237.157000,1,1.000000
dijkstra-dial-skip,with_roads,donut,169,57.038000,1,1.000000
dijkstra-dial-skip,with_roads,donut,924,223.869000,1,1.000000
dijkstra-dial-skip,with_roads,donut,119,238.018000,1,1.000000
dijkstra-dial-skip,with_roads,donut,852,225.159000,1,1.000000
dijkstra-dial-skip,with_roads,donut,928,221.566000,1,1.000000
dijkstra-dial-skip,with_roads,donut,1122,59.409000,1,1.000000
dijkstra-dial-skip,with_roads,donut,679,219.924000,1,1.000000
dijkstra-dial-skip,with_roads,donut,100,58.190000,1,1.000000
dijkstra-dial-skip,with_roads,donut,739,224.790000,1,1.000000
dijkstra-dial-skip,with_roads,donut,529,229.932000,1,1.000000
dijkstra-dial-skip,with_roads,donut,32,62.491000,1,1.000000
dijkstra-dial-skip,with_roads,donut,30,60.654000,1,1.000000
dijkstra-dial-skip,with_roads,donut,106,63.501000,1,1.000000
dijkstra-dial-skip,with_roads,donut,265,237.492000,1,1.000000
dijkstra-dial-skip,with_roads,donut,287,242.531000,1,1.000000
dijkstra-dial-skip,with_roads,donut,631,242.114000,1,1.000000
dijkstra-dial-skip,with_roads,donut,755,225.053000,1,1.000000
dijkstra-dial-skip,with_roads,donut,27,59.798000,1,1.000000
dijkstra-dial-skip,with_roads,donut,698,246.267000,1,1.000000
dijkstra-dial-skip,with_roads,donut,242,59.117000,1,1.000000
dijkstra-dial-skip,with_roads,donut,899,231.799000,1,1.000000
dijkstra-dial-skip,with_roads,donut,820,223.317000,1,1.000000
dijkstra-dial-skip,with_roads,donut,884,227.796000,1,1.000000
dijkstra-dial-skip,with_roads,donut,679,228.772000,1,1.000000
dijkstra-dial-skip,with_roads,donut,523,241.506000,1,1.000000
dijkstra-dial-skip,with_roads,donut,267,234.883000,1,1.000000
dijkstra-dial-skip,with_roads,donut,562,243.792000,1,1.000000
dijkstra-dial-skip,with_roads,donut,738,238.727000,1,1.000000
dijkstra-dial-skip,with_roads,donut,338,233.673000,1,1.000000
dijkstra-dial-skip,with_roads,donut,1015,61.793000,1,1.000000
dijkstra-dial-skip,with_roads,donut,1091,58.326000,1,1.000000
dijkstra-dial-skip,with_roads,donut,6,57.731000,1,1.000000
dijkstra-dial-skip,with_roads,donut,953,230.695000,1,1.000000
dijkstra-dial-skip,with_roads,donut,1012,59.547000,1,1.000000
dijkstra-dial-skip,with_roads,donut,194,228.235000,1,1.000000
dijkstra-dial-skip,with_roads,donut,879,224.508000,1,1.000000
dijkstra-dial-skip,with_roads,donut,529,237.462000,1,1.000000
dijkstra-dial-skip,with_roads,donut,414,229.971000,1,1.000000
dijkstra-dial-skip,with_roads,donut,338,229.803000,1,1.000000
dijkstra-dial-skip,with_roads,donut,190,239.674000,1,1.000000
dijkstra-dial-skip,with_roads,donut,262,226.202000,1,1.000000
dijkstra-dial-skip,with_roads,donut,1200,55.727000,1,1.000000
dijkstra-dial-skip,with_roads,donut,959,222.671000,1,1.000000
dijkstra-dial-skip,with_roads,donut,410,228.239000,1,1.000000
dijkstra-dial-skip,with_roads,donut,119,234.599000,1,1.000000
dijkstra-dial-skip,with_roads,donut,105,58.159000,1,1.000000
dijkstra-dial-skip,with_roads,donut,470,221.883000,1,1.000000
dijkstra-dial-skip,with_roads,donut,110,54.133000,1,1.000000
dijkstra-dial-skip,with_roads,donut,443,223.058000,1,1.000000
dijkstra-dial-skip,with_roads,donut,1063,222.385000,1,1.000000
dijkstra-dial-skip,with_roads,donut,420,60.245000,1,1.000000
dijkstra-dial-skip,with_roads,donut,759,225.393000,1,1.000000
dijkstra-dial-skip,with_roads,donut,324,223.304000,1,1.000000
dijkstra-dial-skip,with_roads,donut,1013,59.023000,1,1.000000
dijkstra-dial-skip,with_roads,donut,44,60.636000,1,1.000000
dijkstra-dial-skip,with_roads,donut,917,224.095000,1,1.000000
dijkstra-dial-skip,with_roads,donut,574,238.849000,1,1.000000
dijkstra-dial-skip,with_roads,donut,668,223.166000,1,1.000000
dijkstra-dial-skip,with_roads,donut,146,54.195000,1,1.000000
dijkstra-dial-skip,with_roads,donut,1216,54.578000,1,1.000000
dijkstra-dial-skip,with_roads,donut,1164,53.912000,1,1.000000
dijkstra-dial-skip,with_roads,donut,466,213.321000,1,1.000000
dijkstra-dial-skip,with_roads,donut,80,52.184000,1,1.000000
dijkstra-dial-skip,with_roads,donut,686,208.410000,1,1.000000
dijkstra-dial-skip,with_roads,donut,359,219.499000,1,1.000000
dijkstra-dial-skip,with_roads,donut,1039,227.944000,1,1.000000
dijkstra-dial-skip,with_roads,donut,793,205.675000,1,1.000000
dijkstra-dial-skip,with_roads,donut,777,222.668000,1,1.000000
dijkstra-dial-skip,with_roads,donut,1115,81.995000,1,1.000000
dijkstra-dial-skip,with_roads,donut,1083,72.308000,1,1.000000
dijkstra-dial-skip,with_roads,donut,446,219.699000,1,1.000000
dijkstra-dial-skip,with_roads,donut,722,215.087000,1,1.000000
dijkstra-dial-skip,with_roads,donut,233,225.343000,1,1.000000
dijkstra-dial-skip,with_roads,donut,887,220.184000,1,1.000000
dijkstra-dial-skip,with_roads,donut,71,57.011000,1,1.000000
dijkstra-dial-skip,with_roads,donut,46,56.380000,1,1.000000
dijkstra-dial-skip,with_roads,donut,834,222.475000,1,1.000000
dijkstra-dial-skip,with_roads,donut,279,56.266000,1,1.000000
dijkstra-dial-skip,with_roads,donut,970,214.401000,1,1.000000
dijkstra-dial-skip,with_roads,donut,355,228.976000,1,1.000000
dijkstra-dial-skip,with_roads,donut,81,54.416000,1,1.000000
dijkstra-dial-skip,with_roads,donut,1072,216.751000,1,1.000000
dijkstra-dial-skip,with_roads,donut,287,223.247000,1,1.000000
dijkstra-dial-skip,with_roads,donut,1088,55.135000,1,1.000000
dijkstra-dial-skip,with_roads,donut,114,52.764000,1,1.000000
dijkstra-dial-skip,with_roads,donut,470,213.346000,1,1.000000
dijkstra-dial-skip,with_roads,donut,338,222.855000,1,1.000000
dijkstra-dial-skip,with_roads,donut,567,218.359000,1,1.000000
dijkstra-dial-skip,with_roads,donut,801,234.852000,1,1.000000
dijkstra-dial-skip,with_roads,donut,1047,58.960000,1,1.000000
dijkstra-dial-skip,with_roads,donut,449,225.691000,1,1.000000
dijkstra-dial-skip,with_roads,donut,197,222.310000,1,1.000000
dijkstra-dial-skip,with_roads,donut,458,242.149000,1,1.000000
dijkstra-dial-skip,no_roads,drawing_circles_is_hard,1652,674.620000,1,1.000000
dijkstra-dial-skip,no_roads,drawing_circles_is_hard,269,657.454000,1,1.000000
dijkstra-dial-skip,no_roads,drawing_circles_is_hard,51,629.684000,1,1.000000
dijkstra-dial-skip,no_roads,drawing_circles_is_hard,1922,636.901000,1,1.000000
dijkstra-dial-skip,no_roads,drawing_circles_is_hard,690,700.858000,1,1.000000
dijkstra-dial-skip,no_roads,drawing_circles_is_hard,608,706.887000,1,1.000000
dijkstra-dial-skip,no_roads,drawing_circles_is_hard,552,705.843000,1,1.000000
dijkstra-dial-skip,no_roads,drawing_circles_is_hard,339,702.226000,1,1.000000
dijkstra-dial-skip,no_roads,drawing_circles_is_hard,1909,697.975000,1,1.000000
dijkstra-dial-skip,no_roads,drawing_circles_is_hard,247,664.584000,1,1.000000
dijkstra-dial-skip,no_roads,drawing_circles_is_hard,1754,672.099000,1,1.000000
dijkstra-dial-skip,no_roads,drawing_circles_is_hard,1919,668.799000,1,1.000000
dijkstra-dial-skip,no_roads,drawing_circles_is_hard,2310,640.738000,1,1.000000
dijkstra-dial-skip,no_roads,drawing_circles_is_hard,1398,638.750000,1,1.000000
dijkstra-dial-skip,no_roads,drawing_circles_is_hard,201,646.245000,1,1.000000
dijkstra-dial-skip,no_roads,drawing_circles_is_hard,1522,626.235000,1,1.000000
dijkstra-dial-skip,no_roads,drawing_circles_is_hard,1085,649.768000,1,1.000000
dijkstra-dial-skip,no_roads,drawing_circles_is_hard,71,616.431000,1,1.000000
dijkstra-dial-skip,no_roads,drawing_circles_is_hard,67,612.467000,1,1.000000
dijkstra-dial-skip,no_roads,drawing_circles_is_hard,219,660.390000,1,1.000000
dijkstra-dial-skip,no_roads,drawing_circles_is_hard,540,643.766000,1,1.000000
dijkstra-dial-skip,no_roads,drawing_circles_is_hard,578,1050.266000,1,1.000000
dijkstra-dial-skip,no_roads,drawing_circles_is_hard,1293,688.893000,1,1.000000
dijkstra-dial-skip,no_roads,drawing_circles_is_hard,1548,648.831000,1,1.000000
dijkstra-dial-skip,no_roads,drawing_circles_is_hard,54,663.286000,1,1.000000
dijkstra-dial-skip,no_roads,drawing_circles_is_hard,1446,648.543000,1,1.000000
dijkstra-dial-skip,no_roads,drawing_circles_is_hard,489,645.731000,1,1.000000
dijkstra-dial-skip,no_roads,drawing_circles_is_hard,1858,662.637000,1,1.000000
dijkstra-dial-skip,no_roads,drawing_circles_is_hard,1687,634.359000,1,1.000000
dijkstra-dial-skip,no_roads,drawing_circles_is_hard,1817,705.660000,1,1.000000
dijkstra-dial-skip,no_roads,drawing_circles_is_hard,1398,641.881000,1,1.000000
dijkstra-dial-skip,no_roads,drawing_circles_is_hard,1076,663.262000,1,1.000000
dijkstra-dial-skip,no_roads,drawing_circles_is_hard,546,659.220000,1,1.000000
dijkstra-dial-skip,no_roads,drawing_circles_is_hard,1160,707.047000,1,1.000000
dijkstra-dial-skip,no_roads,drawing_circles_is_hard,1517,626.936000,1,1.000000
dijkstra-dial-skip,no_roads,drawing_circles_is_hard,696,665.847000,1,1.000000
dijkstra-dial-skip,no_roads,drawing_circles_is_hard,2095,664.677000,1,1.000000
dijkstra-dial-skip,no_roads,drawing_circles_is_hard,2248,641.726000,1,1.000000
dijkstra-dial-skip,no_roads,drawing_circles_is_hard,13,615.534000,1,1.000000
dijkstra-dial-skip,no_roads,drawing_circles_is_hard,1968,620.826000,1,1.000000
dijkstra-dial-skip,no_roads,drawing_circles_is_hard,2086,617.907000,1,1.000000
dijkstra-dial-skip,no_roads,drawing_circles_is_hard,393,636.590000,1,1.000000
dijkstra-dial-skip,no_roads,drawing_circles_is_hard,1808,623.617000,1,1.000000
dijkstra-dial-skip,no_roads,drawing_circles_is_hard,1086,628.561000,1,1.000000
dijkstra-dial-skip,no_roads,drawing_circles_is_hard,862,641.886000,1,1.000000
dijkstra-dial-skip,no_roads,drawing_circles_is_hard,696,646.364000,1,1.000000
dijkstra-dial-skip,no_roads,drawing_circles_is_hard,383,628.325000,1,1.000000
dijkstra-dial-skip,no_roads,drawing_circles_is_hard,532,651.764000,1,1.000000
dijkstra-dial-skip,no_roads,drawing_circles_is_hard,2466,635.764000,1,1.000000
dijkstra-dial-skip,no_roads,drawing_circles_is_hard,1984,630.208000,1,1.000000
dijkstra-dial-skip,no_roads,drawing_circles_is_hard,855,618.849000,1,1.000000
dijkstra-dial-skip,no_roads,drawing_circles_is_hard,247,628.476000,1,1.000000
dijkstra-dial-skip,no_roads,drawing_circles_is_hard,215,635.450000,1,1.000000
dijkstra-dial-skip,no_roads,drawing_circles_is_hard,969,639.686000,1,1.000000
dijkstra-dial-skip,no_roads,drawing_circles_is_hard,231,663.414000,1,1.000000
dijkstra-dial-skip,no_roads,drawing_circles_is_hard,921,660.586000,1,1.000000
dijkstra-dial-skip,no_roads,drawing_circles_is_hard,2192,674.743000,1,1.000000
dijkstra-dial-skip,no_roads,drawing_circles_is_hard,875,643.517000,1,1.000000
dijkstra-dial-skip,no_roads,drawing_circles_is_hard,1552,642.639000,1,1.000000
dijkstra-dial-skip,no_roads,drawing_circles_is_hard,655,630.628000,1,1.000000
dijkstra-dial-skip,no_roads,drawing_circles_is_hard,2089,635.771000,1,1.000000
dijkstra-dial-skip,no_roads,drawing_circles_is_hard,97,652.596000,1,1.000000
dijkstra-dial-skip,no_roads,drawing_circles_is_hard,1895,633.022000,1,1.000000
dijkstra-dial-skip,no_roads,drawing_circles_is_hard,1186,640.806000,1,1.000000
dijkstra-dial-skip,no_roads,drawing_circles_is_hard,1372,634.278000,1,1.000000
dijkstra-dial-skip,no_roads,drawing_circles_is_hard,303,690.421000,1,1.000000
dijkstra-dial-skip,no_roads,drawing_circles_is_hard,2498,648.450000,1,1.000000
dijkstra-dial-skip,no_roads,drawing_circles_is_hard,2382,651.580000,1,1.000000
dijkstra-dial-skip,no_roads,drawing_circles_is_hard,966,668.337000,1,1.000000
dijkstra-dial-skip,no_roads,drawing_circles_is_hard,184,672.061000,1,1.000000
dijkstra-dial-skip,no_roads,drawing_circles_is_hard,1415,647.224000,1,1.000000
dijkstra-dial-skip,no_roads,drawing_circles_is_hard,737,661.220000,1,1.000000
dijkstra-dial-skip,no_roads,drawing_circles_is_hard,2148,682.740000,1,1.000000
dijkstra-dial-skip,no_roads,drawing_circles_is_hard,1618,720.819000,1,1.000000
dijkstra-dial-skip,no_roads,drawing_circles_is_hard,1589,687.823000,1,1.000000
dijkstra-dial-skip,no_roads,drawing_circles_is_hard,2296,671.074000,1,1.000000
dijkstra-dial-skip,no_roads,drawing_circles_is_hard,2229,712.561000,1,1.000000
dijkstra-dial-skip,no_roads,drawing_circles_is_hard,927,673.823000,1,1.000000
dijkstra-dial-skip,no_roads,drawing_circles_is_hard,1488,664.986000,1,1.000000
dijkstra-dial-skip,no_roads,drawing_circles_is_hard,473,686.382000,1,1.000000
dijkstra-dial-skip,no_roads,drawing_circles_is_hard,1824,673.080000,1,1.000000
dijkstra-dial-skip,no_roads,drawing_circles_is_hard,160,685.529000,1,1.000000
dijkstra-dial-skip,no_roads,drawing_circles_is_hard,102,664.038000,1,1.000000
dijkstra-dial-skip,no_roads,drawing_circles_is_hard,1716,673.318000,1,1.000000
dijkstra-dial-skip,no_roads,drawing_circles_is_hard,563,687.140000,1,1.000000
dijkstra-dial-skip,no_roads,drawing_circles_is_hard,2006,656.720000,1,1.000000
dijkstra-dial-skip,no_roads,drawing_circles_is_hard,726,633.494000,1,1.000000
dijkstra-dial-skip,no_roads,drawing_circles_is_hard,186,676.672000,1,1.000000
dijkstra-dial-skip,no_roads,drawing_circles_is_hard,2213,639.919000,1,1.000000
dijkstra-dial-skip,no_roads,drawing_circles_is_hard,578,649.587000,1,1.000000
dijkstra-dial-skip,no_roads,drawing_circles_is_hard,2241,653.060000,1,1.000000
dijkstra-dial-skip,no_roads,drawing_circles_is_hard,239,737.243000,1,1.000000
dijkstra-dial-skip,no_roads,drawing_circles_is_hard,969,654.994000,1,1.000000
dijkstra-dial-skip,no_roads,drawing_circles_is_hard,696,671.966000,1,1.000000
dijkstra-dial-skip,no_roads,drawing_circles_is_hard,1174,638.324000,1,1.000000
dijkstra-dial-skip,no_roads,drawing_circles_is_hard,1641,639.493000,1,1.000000
dijkstra-dial-skip,no_roads,drawing_circles_is_hard,2160,650.889000,1,1.000000
dijkstra-dial-skip,no_roads,drawing_circles_is_hard,935,632.001000,1,1.000000
dijkstra-dial-skip,no_roads,drawing_circles_is_hard,401,634.878000,1,1.000000
dijkstra-dial-skip,no_roads,drawing_circles_is_hard,948,635.117000,1,1.000000
dijkstra-dial-skip,with_roads,drawing_circles_is_hard,1652,725.782000,1,1.000000
dijkstra-dial-skip,with_roads,drawing_circles_is_hard,269,643.020000,1,1.000000
dijkstra-dial-skip,with_roads,drawing_circles_is_hard,51,657.538000,1,1.000000
dijkstra-dial-skip,with_roads,drawing_circles_is_hard,1922,678.663000,1,1.000000
dijkstra-dial-skip,with_roads,drawing_circles_is_hard,690,652.469000,1,1.000000
dijkstra-dial-skip,with_roads,drawing_circles_is_hard,608,646.053000,1,1.000000
dijkstra-dial-skip,with_roads,drawing_circles_is_hard,552,664.429000,1,1.000000
dijkstra-dial-skip,with_roads,drawing_circles_is_hard,339,649.753000,1,1.000000
dijkstra-dial-skip,with_roads,drawing_circles_is_hard,1909,656.923000,1,1.000000
dijkstra-dial-skip,with_roads,drawing_circles_is_hard,247,649.640000,1,1.000000
dijkstra-dial-skip,with_roads,drawing_circles_is_hard,1754,673.645000,1,1.000000
dijkstra-dial-skip,with_roads,drawing_circles_is_hard,1919,694.147000,1,1.000000
dijkstra-dial-skip,with_roads,drawing_circles_is_hard,2310,728.830000,1,1.000000
dijkstra-dial-skip,with_roads,drawing_circles_is_hard,1398,689.041000,1,1.000000
dijkstra-dial-skip,with_roads,drawing_circles_is_hard,201,746.644000,1,1.000000
dijkstra-dial-skip,with_roads,drawing_circles_is_hard,1522,651.534000,1,1.000000
dijkstra-dial-skip,with_roads,drawing_circles_is_hard,1085,637.853000,1,1.000000
dijkstra-dial-skip,with_roads,drawing_circles_is_hard,71,650.280000,1,1.000000
dijkstra-dial-skip,with_roads,drawing_circles_is_hard,67,648.635000,1,1.000000
dijkstra-dial-skip,with_roads,drawing_circles_is_hard,219,659.944000,1,1.000000
dijkstra-dial-skip,with_roads,drawing_circles_is_hard,540,636.984000,1,1.000000
dijkstra-dial-skip,with_roads,drawing_circles_is_hard,578,636.034000,1,1.000000
dijkstra-dial-skip,with_roads,drawing_circles_is_hard,1293,650.945000,1,1.000000
dijkstra-dial-skip,with_roads,drawing_circles_is_hard,1548,666.252000,1,1.000000
dijkstra-dial-skip,with_roads,drawing_circles_is_hard,54,665.005000,1,1.000000
dijkstra-dial-skip,with_roads,drawing_circles_is_hard,1446,692.863000,1,1.000000
dijkstra-dial-skip,with_roads,drawing_circles_is_hard,489,676.658000,1,1.000000
dijkstra-dial-skip,with_roads,drawing_circles_is_hard,1858,694.396000,1,1.000000
dijkstra-dial-skip,with_roads,drawing_circles_is_hard,1687,683.658000,1,1.000000
dijkstra-dial-skip,with_roads,drawing_circles_is_hard,1817,683.449000,1,1.000000
dijkstra-dial-skip,with_roads,drawing_circles_is_hard,1398,698.500000,1,1.000000
dijkstra-dial-skip,with_roads,drawing_circles_is_hard,1076,662.703000,1,1.000000
dijkstra-dial-skip,with_roads,drawing_circles_is_hard,546,669.962000,1,1.000000
dijkstra-dial-skip,with_roads,drawing_circles_is_hard,1160,662.421000,1,1.000000
dijkstra-dial-skip,with_roads,drawing_circles_is_hard,1517,680.409000,1,1.000000
dijkstra-dial-skip,with_roads,drawing_circles_is_hard,696,699.563000,1,1.000000
dijkstra-dial-skip,with_roads,drawing_circles_is_hard,2095,679.806000,1,1.000000
dijkstra-dial-skip,with_roads,drawing_circles_is_hard,2248,676.117000,1,1.000000
dijkstra-dial-skip,with_roads,drawing_circles_is_hard,13,673.362000,1,1.000000
dijkstra-dial-skip,with_roads,drawing_circles_is_hard,1968,683.103000,1,1.000000
dijkstra-dial-skip,with_roads,drawing_circles_is_hard,2086,676.303000,1,1.000000
dijkstra-dial-skip,with_roads,drawing_circles_is_hard,393,656.013000,1,1.000000
dijkstra-dial-skip,with_roads,drawing_circles_is_hard,1808,676.997000,1,1.000000
dijkstra-dial-skip,with_roads,drawing_circles_is_hard,1086,681.393000,1,1.000000
dijkstra-dial-skip,with_roads,drawing_circles_is_hard,862,677.088000,1,1.000000
dijkstra-dial-skip,with_roads,drawing_circles_is_hard,696,675.801000,1,1.000000
dijkstra-dial-skip,with_roads,drawing_circles_is_hard,383,662.764000,1,1.000000
dijkstra-dial-skip,with_roads,drawing_circles_is_hard,532,654.920000,1,1.000000
dijkstra-dial-skip,with_roads,drawing_circles_is_hard,2466,682.786000,1,1.000000
dijkstra-dial-skip,with_roads,drawing_circles_is_hard,1984,721.752000,1,1.000000
dijkstra-dial-skip,with_roads,drawing_circles_is_hard,855,731.946000,1,1.000000
dijkstra-dial-skip,with_roads,drawing_circles_is_hard,247,732.787000,1,1.000000
dijkstra-dial-skip,with_roads,drawing_circles_is_hard,215,728.617000,1,1.000000
dijkstra-dial-skip,with_roads,drawing_circles_is_hard,969,751.685000,1,1.000000
dijkstra-dial-skip,with_roads,drawing_circles_is_hard,231,713.718000,1,1.000000
dijkstra-dial-skip,with_roads,drawing_circles_is_hard,921,727.706000,1,1.000000
dijkstra-dial-skip,with_roads,drawing_circles_is_hard,2192,710.093000,1,1.000000
dijkstra-dial-skip,with_roads,drawing_circles_is_hard,875,690.222000,1,1.000000
dijkstra-dial-skip,with_roads,drawing_circles_is_hard,1552,667.835000,1,1.000000
dijkstra-dial-skip,with_roads,drawing_circles_is_hard,655,682.290000,1,1.000000
dijkstra-dial-skip,with_roads,drawing_circles_is_hard,2089,697.877000,1,1.000000
dijkstra-dial-skip,with_roads,drawing_circles_is_hard,97,676.393000,1,1.000000
dijkstra-dial-skip,with_roads,drawing_circles_is_hard,1895,675.114000,1,1.000000
dijkstra-dial-skip,with_roads,drawing_circles_is_hard,1186,651.941000,1,1.000000
dijkstra-dial-skip,with_roads,drawing_circles_is_hard,1372,698.867000,1,1.000000
dijkstra-dial-skip,with_roads,drawing_circles_is_hard,303,668.294000,1,1.000000
dijkstra-dial-skip,with_roads,drawing_circles_is_hard,2498,745.577000,1,1.000000
dijkstra-dial-skip,with_roads,drawing_circles_is_hard,2382,695.691000,1,1.000000
dijkstra-dial-skip,with_roads,drawing_circles_is_hard,966,659.725000,1,1.000000
dijkstra-dial-skip,with_roads,drawing_circles_is_hard,184,766.688000,1,1.000000
dijkstra-dial-skip,with_roads,drawing_circles_is_hard,1415,710.713000,1,1.000000
dijkstra-dial-skip,with_roads,drawing_circles_is_hard,737,738.742000,1,1.000000
dijkstra-dial-skip,with_roads,drawing_circles_is_hard,2148,688.980000,1,1.000000
dijkstra-dial-skip,with_roads,drawing_circles_is_hard,1618,691.663000,1,1.000000
dijkstra-dial-skip,with_roads,drawing_circles_is_hard,1589,671.364000,1,1.000000
dijkstra-dial-skip,with_roads,drawing_circles_is_hard,2296,694.451000,1,1.000000
dijkstra-dial-skip,with_roads,drawing_circles_is_hard,2229,685.809000,1,1.000000
dijkstra-dial-skip,with_roads,drawing_circles_is_hard,927,707.583000,1,1.000000
dijkstra-dial-skip,with_roads,drawing_circles_is_hard,1488,781.028000,1,1.000000
dijkstra-dial-skip,with_roads,drawing_circles_is_hard,473,650.456000,1,1.000000
dijkstra-dial-skip,with_roads,drawing_circles_is_hard,1824,697.674000,1,1.000000
dijkstra-dial-skip,with_roads,drawing_circles_is_hard,160,651.481000,1,1.000000
dijkstra-dial-skip,with_roads,drawing_circles_is_hard,102,650.955000,1,1.000000
dijkstra-dial-skip,with_roads,drawing_circles_is_hard,1716,672.989000,1,1.000000
dijkstra-dial-skip,with_roads,drawing_circles_is_hard,563,844.178000,1,1.000000
dijkstra-dial-skip,with_roads,drawing_circles_is_hard,2006,699.015000,1,1.000000
dijkstra-dial-skip,with_roads,drawing_circles_is_hard,726,675.215000,1,1.000000
dijkstra-dial-skip,with_roads,drawing_circles_is_hard,186,620.529000,1,1.000000
dijkstra-dial-skip,with_roads,drawing_circles_is_hard,2213,659.505000,1,1.000000
dijkstra-dial-skip,with_roads,drawing_circles_is_hard,578,647.091000,1,1.000000
dijkstra-dial-skip,with_roads,drawing_circles_is_hard,2241,757.207000,1,1.000000
dijkstra-dial-skip,with_roads,drawing_circles_is_hard,239,638.535000,1,1.000000
dijkstra-dial-skip,with_roads,drawing_circles_is_hard,969,637.440000,1,1.000000
dijkstra-dial-skip,with_roads,drawing_circles_is_hard,696,658.324000,1,1.000000
dijkstra-dial-skip,with_roads,drawing_circles_is_hard,1174,760.691000,1,1.000000
dijkstra-dial-skip,with_roads,drawing_circles_is_hard,1641,663.614000,1,1.000000
dijkstra-dial-skip,with_roads,drawing_circles_is_hard,2160,658.370000,1,1.000000
dijkstra-dial-skip,with_roads,drawing_circles_is_hard,935,653.679000,1,1.000000
dijkstra-dial-skip,with_roads,drawing_circles_is_hard,401,658.028000,1,1.000000
dijkstra-dial-skip,with_roads,drawing_circles_is_hard,948,683.637000,1,1.000000
dijkstra-dial-skip,no_roads,face,377,126.669000,1,1.000000
dijkstra-dial-skip,no_roads,face,74,114.661000,1,1.000000
dijkstra-dial-skip,no_roads,face,14,112.584000,1,1.000000
dijkstra-dial-skip,no_roads,face,158,113.709000,1,1.000000
dijkstra-dial-skip,no_roads,face,143,112.465000,1,1.000000
dijkstra-dial-skip,no_roads,face,132,107.797000,1,1.000000
dijkstra-dial-skip,no_roads,face,89,109.099000,1,1.000000
dijkstra-dial-skip,no_roads,face,67,109.530000,1,1.000000
dijkstra-dial-skip,no_roads,face,396,111.323000,1,1.000000
dijkstra-dial-skip,no_roads,face,319,115.563000,1,1.000000
dijkstra-dial-skip,no_roads,face,58,119.747000,1,1.000000
dijkstra-dial-skip,no_roads,face,350,112.927000,1,1.000000
dijkstra-dial-skip,no_roads,face,246,110.338000,1,1.000000
dijkstra-dial-skip,no_roads,face,18,121.628000,1,1.000000
dijkstra-dial-skip,no_roads,face,17,115.500000,1,1.000000
dijkstra-dial-skip,no_roads,face,61,113.738000,1,1.000000
dijkstra-dial-skip,no_roads,face,129,109.724000,1,1.000000
dijkstra-dial-skip,no_roads,face,137,115.906000,1,1.000000
dijkstra-dial-skip,no_roads,face,293,110.496000,1,1.000000
dijkstra-dial-skip,no_roads,face,356,113.747000,1,1.000000
dijkstra-dial-skip,no_roads,face,15,115.106000,1,1.000000
dijkstra-dial-skip,no_roads,face,334,123.899000,1,1.000000
dijkstra-dial-skip,no_roads,face,119,120.148000,1,1.000000
dijkstra-dial-skip,no_roads,face,382,124.023000,1,1.000000
dijkstra-dial-skip,no_roads,face,319,122.725000,1,1.000000
dijkstra-dial-skip,no_roads,face,244,117.905000,1,1.000000
dijkstra-dial-skip,no_roads,face,130,117.066000,1,1.000000
dijkstra-dial-skip,no_roads,face,259,121.398000,1,1.000000
dijkstra-dial-skip,no_roads,face,349,123.623000,1,1.000000
dijkstra-dial-skip,no_roads,face,160,117.729000,1,1.000000
dijkstra-dial-skip,no_roads,face,3,118.512000,1,1.000000
dijkstra-dial-skip,no_roads,face,99,125.021000,1,1.000000
dijkstra-dial-skip,no_roads,face,246,116.486000,1,1.000000
dijkstra-dial-skip,no_roads,face,198,120.316000,1,1.000000
dijkstra-dial-skip,no_roads,face,160,121.290000,1,1.000000
dijkstra-dial-skip,no_roads,face,97,116.830000,1,1.000000
dijkstra-dial-skip,no_roads,face,128,115.547000,1,1.000000
dijkstra-dial-skip,no_roads,face,196,120.686000,1,1.000000
dijkstra-dial-skip,no_roads,face,67,114.779000,1,1.000000
dijkstra-dial-skip,no_roads,face,61,115.733000,1,1.000000
dijkstra-dial-skip,no_roads,face,220,112.993000,1,1.000000
dijkstra-dial-skip,no_roads,face,64,117.958000,1,1.000000
dijkstra-dial-skip,no_roads,face,207,120.238000,1,1.000000
dijkstra-dial-skip,no_roads,face,200,122.224000,1,1.000000
dijkstra-dial-skip,no_roads,face,357,123.889000,1,1.000000
dijkstra-dial-skip,no_roads,face,153,123.696000,1,1.000000
dijkstra-dial-skip,no_roads,face,25,117.745000,1,1.000000
dijkstra-dial-skip,no_roads,face,266,117.164000,1,1.000000
dijkstra-dial-skip,no_roads,face,312,115.919000,1,1.000000
dijkstra-dial-skip,no_roads,face,81,114.890000,1,1.000000
dijkstra-dial-skip,no_roads,face,219,119.232000,1,1.000000
dijkstra-dial-skip,no_roads,face,49,117.389000,1,1.000000
dijkstra-dial-skip,no_roads,face,323,121.185000,1,1.000000
dijkstra-dial-skip,no_roads,face,171,115.218000,1,1.000000
dijkstra-dial-skip,no_roads,face,370,117.278000,1,1.000000
dijkstra-dial-skip,no_roads,face,364,124.149000,1,1.000000
dijkstra-dial-skip,no_roads,face,211,115.229000,1,1.000000
dijkstra-dial-skip,no_roads,face,343,116.698000,1,1.000000
dijkstra-dial-skip,no_roads,face,116,119.329000,1,1.000000
dijkstra-dial-skip,no_roads,face,39,125.143000,1,1.000000
dijkstra-dial-skip,no_roads,face,26,118.497000,1,1.000000
dijkstra-dial-skip,no_roads,face,388,118.989000,1,1.000000
dijkstra-dial-skip,no_roads,face,134,119.010000,1,1.000000
dijkstra-dial-skip,no_roads,face,167,114.472000,1,1.000000
dijkstra-dial-skip,no_roads,face,49,115.916000,1,1.000000
dijkstra-dial-skip,no_roads,face,137,120.819000,1,1.000000
dijkstra-dial-skip,no_roads,face,66,115.431000,1,1.000000
dijkstra-dial-skip,no_roads,face,220,114.807000,1,1.000000
dijkstra-dial-skip,no_roads,face,160,118.761000,1,1.000000
dijkstra-dial-skip,no_roads,face,262,114.225000,1,1.000000
dijkstra-dial-skip,no_roads,face,375,117.990000,1,1.000000
dijkstra-dial-skip,no_roads,face,212,121.995000,1,1.000000
dijkstra-dial-skip,no_roads,face,101,120.301000,1,1.000000
dijkstra-dial-skip,no_roads,face,215,118.633000,1,1.000000
dijkstra-dial-skip,no_roads,face,205,115.283000,1,1.000000
dijkstra-dial-skip,no_roads,face,125,113.048000,1,1.000000
dijkstra-dial-skip,no_roads,face,393,122.703000,1,1.000000
dijkstra-dial-skip,no_roads,face,154,114.992000,1,1.000000
dijkstra-dial-skip,no_roads,face,399,123.831000,1,1.000000
dijkstra-dial-skip,no_roads,face,381,126.873000,1,1.000000
dijkstra-dial-skip,no_roads,face,40,121.718000,1,1.000000
dijkstra-dial-skip,no_roads,face,359,120.636000,1,1.000000
dijkstra-dial-skip,no_roads,face,375,119.357000,1,1.000000
dijkstra-dial-skip,no_roads,face,105,119.114000,1,1.000000
dijkstra-dial-skip,no_roads,face,311,123.964000,1,1.000000
dijkstra-dial-skip,no_roads,face,143,115.833000,1,1.000000
dijkstra-dial-skip,no_roads,face,101,121.136000,1,1.000000
dijkstra-dial-skip,no_roads,face,268,116.754000,1,1.000000
dijkstra-dial-skip,no_roads,face,220,120.951000,1,1.000000
dijkstra-dial-skip,no_roads,face,156,127.321000,1,1.000000
dijkstra-dial-skip,no_roads,face,377,121.741000,1,1.000000
dijkstra-dial-skip,no_roads,face,326,125.744000,1,1.000000
dijkstra-dial-skip,no_roads,face,130,120.926000,1,1.000000
dijkstra-dial-skip,no_roads,face,188,123.190000,1,1.000000
dijkstra-dial-skip,no_roads,face,31,125.092000,1,1.000000
dijkstra-dial-skip,no_roads,face,135,122.991000,1,1.000000
dijkstra-dial-skip,no_roads,face,18,131.586000,1,1.000000
dijkstra-dial-skip,no_roads,face,183,122.154000,1,1.000000
dijkstra-dial-skip,no_roads,face,235,119.442000,1,1.000000
dijkstra-dial-skip,no_roads,face,155,119.432000,1,1.000000
dijkstra-dial-skip,with_roads,face,377,118.964000,1,1.000000
dijkstra-dial-skip,with_roads,face,74,117.943000,1,1.000000
dijkstra-dial-skip,with_roads,face,14,114.072000,1,1.000000
dijkstra-dial-skip,with_roads,face,158,118.565000,1,1.000000
dijkstra-dial-skip,with_roads,face,143,116.025000,1,1.000000
dijkstra-dial-skip,with_roads,face,132,114.807000,1,1.000000
dijkstra-dial-skip,with_roads,face,89,113.319000,1,1.000000
dijkstra-dial-skip,with_roads,face,67,117.342000,1,1.000000
dijkstra-dial-skip,with_roads,face,396,115.420000,1,1.000000
dijkstra-dial-skip,with_roads,face,319,119.507000,1,1.000000
dijkstra-dial-skip,with_roads,face,58,123.713000,1,1.000000
dijkstra-dial-skip,with_roads,face,350,114.874000,1,1.000000
dijkstra-dial-skip,with_roads,face,246,114.800000,1,1.000000
dijkstra-dial-skip,with_roads,face,18,121.229000,1,1.000000
dijkstra-dial-skip,with_roads,face,17,117.806000,1,1.000000
dijkstra-dial-skip,with_roads,face,61,122.753000,1,1.000000
dijkstra-dial-skip,with_roads,face,129,112.806000,1,1.000000
dijkstra-dial-skip,with_roads,face,137,118.346000,1,1.000000
dijkstra-dial-skip,with_roads,face,293,114.235000,1,1.000000
dijkstra-dial-skip,with_roads,face,356,116.551000,1,1.000000
dijkstra-dial-skip,with_roads,face,15,112.561000,1,1.000000
dijkstra-dial-skip,with_roads,face,334,123.017000,1,1.000000
dijkstra-dial-skip,with_roads,face,119,122.853000,1,1.000000
dijkstra-dial-skip,with_roads,face,382,125.030000,1,1.000000
dijkstra-dial-skip,with_roads,face,319,125.462000,1,1.000000
dijkstra-dial-skip,with_roads,face,244,124.935000,1,1.000000
dijkstra-dial-skip,with_roads,face,130,117.609000,1,1.000000
dijkstra-dial-skip,with_roads,face,259,122.411000,1,1.000000
dijkstra-dial-skip,with_roads,face,349,125.032000,1,1.000000
dijkstra-dial-skip,with_roads,face,160,129.090000,1,1.000000
dijkstra-dial-skip,with_roads,face,3,128.074000,1,1.000000
dijkstra-dial-skip,with_roads,face,99,123.710000,1,1.000000
dijkstra-dial-skip,with_roads,face,246,123.825000,1,1.000000
dijkstra-dial-skip,with_roads,face,198,125.799000,1,1.000000
dijkstra-dial-skip,with_roads,face,160,131.210000,1,1.000000
dijkstra-dial-skip,with_roads,face,97,124.357000,1,1.000000
dijkstra-dial-skip,with_roads,face,128,123.077000,1,1.000000
dijkstra-dial-skip,with_roads,face,196,131.425000,1,1.000000
dijkstra-dial-skip,with_roads,face,67,125.635000,1,1.000000
dijkstra-dial-skip,with_roads,face,61,133.021000,1,1.000000
dijkstra-dial-skip,with_roads,face,220,120.545000,1,1.000000
dijkstra-dial-skip,with_roads,face,64,119.470000,1,1.000000
dijkstra-dial-skip,with_roads,face,207,124.831000,1,1.000000
dijkstra-dial-skip,with_roads,face,200,123.892000,1,1.000000
dijkstra-dial-skip,with_roads,face,357,128.492000,1,1.000000
dijkstra-dial-skip,with_roads,face,153,126.687000,1,1.000000
dijkstra-dial-skip,with_roads,face,25,120.534000,1,1.000000
dijkstra-dial-skip,with_roads,face,266,114.349000,1,1.000000
dijkstra-dial-skip,with_roads,face,312,118.319000,1,1.000000
dijkstra-dial-skip,with_roads,face,81,116.296000,1,1.000000
dijkstra-dial-skip,with_roads,face,219,119.492000,1,1.000000
dijkstra-dial-skip,with_roads,face,49,116.758000,1,1.000000
dijkstra-dial-skip,with_roads,face,323,119.116000,1,1.000000
dijkstra-dial-skip,with_roads,face,171,117.140000,1,1.000000
dijkstra-dial-skip,with_roads,face,370,122.670000,1,1.000000
dijkstra-dial-skip,with_roads,face,364,121.577000,1,1.000000
dijkstra-dial-skip,with_roads,face,211,114.241000,1,1.000000
dijkstra-dial-skip,with_roads,face,343,118.891000,1,1.000000
dijkstra-dial-skip,with_roads,face,116,115.359000,1,1.000000
dijkstra-dial-skip,with_roads,face,39,127.634000,1,1.000000
dijkstra-dial-skip,with_roads,face,26,121.579000,1,1.000000
dijkstra-dial-skip,with_roads,face,388,119.203000,1,1.000000
dijkstra-dial-skip,with_roads,face,134,120.974000,1,1.000000
dijkstra-dial-skip,with_roads,face,167,113.341000,1,1.000000
dijkstra-dial-skip,with_roads,face,49,115.620000,1,1.000000
dijkstra-dial-skip,with_roads,face,137,119.144000,1,1.000000
dijkstra-dial-skip,with_roads,face,66,114.448000,1,1.000000
dijkstra-dial-skip,with_roads,face,220,114.619000,1,1.000000
dijkstra-dial-skip,with_roads,face,160,117.713000,1,1.000000
dijkstra-dial-skip,with_roads,face,262,115.923000,1,1.000000
dijkstra-dial-skip,with_roads,face,375,114.964000,1,1.000000
dijkstra-dial-skip,with_roads,face,212,122.614000,1,1.000000
dijkstra-dial-skip,with_roads,face,101,117.460000,1,1.000000
dijkstra-dial-skip,with_roads,face,215,118.513000,1,1.000000
dijkstra-dial-skip,with_roads,face,205,107.617000,1,1.000000
dijkstra-dial-skip,with_roads,face,125,120.110000,1,1.000000
dijkstra-dial-skip,with_roads,face,393,126.091000,1,1.000000
dijkstra-dial-skip,with_roads,face,154,120.404000,1,1.000000
dijkstra-dial-skip,with_roads,face,399,128.284000,1,1.000000
dijkstra-dial-skip,with_roads,face,381,127.118000,1,1.000000
dijkstra-dial-skip,with_roads,face,40,123.983000,1,1.000000
dijkstra-dial-skip,with_roads,face,359,121.341000,1,1.000000
dijkstra-dial-skip,with_roads,face,375,117.087000,1,1.000000
dijkstra-dial-skip,with_roads,face,105,118.322000,1,1.000000
dijkstra-dial-skip,with_roads,face,311,121.160000,1,1.000000
dijkstra-dial-skip,with_roads,face,143,118.481000,1,1.000000
dijkstra-dial-skip,with_roads,face,101,120.724000,1,1.000000
dijkstra-dial-skip,with_roads,face,268,113.791000,1,1.000000
dijkstra-dial-skip,with_roads,face,220,114.063000,1,1.000000
dijkstra-dial-skip,with_roads,face,156,116.985000,1,1.000000
dijkstra-dial-skip,with_roads,face,377,114.974000,1,1.000000
dijkstra-dial-skip,with_roads,face,326,118.659000,1,1.000000
dijkstra-dial-skip,with_roads,face,130,114.566000,1,1.000000
dijkstra-dial-skip,with_roads,face,188,118.102000,1,1.000000
dijkstra-dial-skip,with_roads,face,31,119.269000,1,1.000000
dijkstra-dial-skip,with_roads,face,135,111.288000,1,1.000000
dijkstra-dial-skip,with_roads,face,18,123.057000,1,1.000000
dijkstra-dial-skip,with_roads,face,183,119.799000,1,1.000000
dijkstra-dial-skip,with_roads,face,235,116.504000,1,1.000000
dijkstra-dial-skip,with_roads,face,155,115.136000,1,1.000000
dijkstra-dial-skip,no_roads,first_sound,210,193.351000,1,1.000000
dijkstra-dial-skip,no_roads,first_sound,25,190.247000,1,1.000000
dijkstra-dial-skip,no_roads,first_sound,444,196.080000,1,1.000000
dijkstra-dial-skip,no_roads,first_sound,413,177.134000,1,1.000000
dijkstra-dial-skip,no_roads,first_sound,388,171.998000,1,1.000000
dijkstra-dial-skip,no_roads,first_sound,271,180.113000,1,1.000000
dijkstra-dial-skip,no_roads,first_sound,194,183.858000,1,1.000000
dijkstra-dial-skip,no_roads,first_sound,840,198.988000,1,1.000000
dijkstra-dial-skip,no_roads,first_sound,166,190.096000,1,1.000000
dijkstra-dial-skip,no_roads,first_sound,674,184.086000,1,1.000000
dijkstra-dial-skip,no_roads,first_sound,37,185.984000,1,1.000000
dijkstra-dial-skip,no_roads,first_sound,35,185.366000,1,1.000000
dijkstra-dial-skip,no_roads,first_sound,177,183.015000,1,1.000000
dijkstra-dial-skip,no_roads,first_sound,382,197.510000,1,1.000000
dijkstra-dial-skip,no_roads,first_sound,399,189.754000,1,1.000000
dijkstra-dial-skip,no_roads,first_sound,795,202.915000,1,1.000000
dijkstra-dial-skip,no_roads,first_sound,27,201.960000,1,1.000000
dijkstra-dial-skip,no_roads,first_sound,856,202.661000,1,1.000000
dijkstra-dial-skip,no_roads,first_sound,360,200.019000,1,1.000000
dijkstra-dial-skip,no_roads,first_sound,840,197.673000,1,1.000000
dijkstra-dial-skip,no_roads,first_sound,671,195.482000,1,1.000000
dijkstra-dial-skip,no_roads,first_sound,384,202.039000,1,1.000000
dijkstra-dial-skip,no_roads,first_sound,711,192.775000,1,1.000000
dijkstra-dial-skip,no_roads,first_sound,447,193.489000,1,1.000000
dijkstra-dial-skip,no_roads,first_sound,6,197.935000,1,1.000000
dijkstra-dial-skip,no_roads,first_sound,299,191.886000,1,1.000000
dijkstra-dial-skip,no_roads,first_sound,674,198.651000,1,1.000000
dijkstra-dial-skip,no_roads,first_sound,568,192.349000,1,1.000000
dijkstra-dial-skip,no_roads,first_sound,447,190.382000,1,1.000000
dijkstra-dial-skip,no_roads,first_sound,295,188.813000,1,1.000000
dijkstra-dial-skip,no_roads,first_sound,379,187.440000,1,1.000000
dijkstra-dial-skip,no_roads,first_sound,564,191.742000,1,1.000000
dijkstra-dial-skip,no_roads,first_sound,194,189.670000,1,1.000000
dijkstra-dial-skip,no_roads,first_sound,174,184.443000,1,1.000000
dijkstra-dial-skip,no_roads,first_sound,623,181.761000,1,1.000000
dijkstra-dial-skip,no_roads,first_sound,183,184.884000,1,1.000000
dijkstra-dial-skip,no_roads,first_sound,596,186.281000,1,1.000000
dijkstra-dial-skip,no_roads,first_sound,575,181.138000,1,1.000000
dijkstra-dial-skip,no_roads,first_sound,433,185.551000,1,1.000000
dijkstra-dial-skip,no_roads,first_sound,58,188.536000,1,1.000000
dijkstra-dial-skip,no_roads,first_sound,727,185.717000,1,1.000000
dijkstra-dial-skip,no_roads,first_sound,831,187.077000,1,1.000000
dijkstra-dial-skip,no_roads,first_sound,237,181.108000,1,1.000000
dijkstra-dial-skip,no_roads,first_sound,619,181.214000,1,1.000000
dijkstra-dial-skip,no_roads,first_sound,152,182.482000,1,1.000000
dijkstra-dial-skip,no_roads,first_sound,847,185.813000,1,1.000000
dijkstra-dial-skip,no_roads,first_sound,463,178.771000,1,1.000000
dijkstra-dial-skip,no_roads,first_sound,599,180.531000,1,1.000000
dijkstra-dial-skip,no_roads,first_sound,353,185.349000,1,1.000000
dijkstra-dial-skip,no_roads,first_sound,131,181.450000,1,1.000000
dijkstra-dial-skip,no_roads,first_sound,60,189.721000,1,1.000000
dijkstra-dial-skip,no_roads,first_sound,394,188.574000,1,1.000000
dijkstra-dial-skip,no_roads,first_sound,459,182.377000,1,1.000000
dijkstra-dial-skip,no_roads,first_sound,153,180.104000,1,1.000000
dijkstra-dial-skip,no_roads,first_sound,399,183.953000,1,1.000000
dijkstra-dial-skip,no_roads,first_sound,190,189.544000,1,1.000000
dijkstra-dial-skip,no_roads,first_sound,623,193.629000,1,1.000000
dijkstra-dial-skip,no_roads,first_sound,447,180.756000,1,1.000000
dijkstra-dial-skip,no_roads,first_sound,716,185.679000,1,1.000000
dijkstra-dial-skip,no_roads,first_sound,603,182.487000,1,1.000000
dijkstra-dial-skip,no_roads,first_sound,307,185.216000,1,1.000000
dijkstra-dial-skip,no_roads,first_sound,609,177.438000,1,1.000000
dijkstra-dial-skip,no_roads,first_sound,591,181.379000,1,1.000000
dijkstra-dial-skip,no_roads,first_sound,373,179.273000,1,1.000000
dijkstra-dial-skip,no_roads,first_sound,436,184.942000,1,1.000000
dijkstra-dial-skip,no_roads,first_sound,136,178.468000,1,1.000000
dijkstra-dial-skip,no_roads,first_sound,316,184.865000,1,1.000000
dijkstra-dial-skip,no_roads,first_sound,826,189.435000,1,1.000000
dijkstra-dial-skip,no_roads,first_sound,413,182.189000,1,1.000000
dijkstra-dial-skip,no_roads,first_sound,308,182.374000,1,1.000000
dijkstra-dial-skip,no_roads,first_sound,730,181.604000,1,1.000000
dijkstra-dial-skip,no_roads,first_sound,620,179.497000,1,1.000000
dijkstra-dial-skip,no_roads,first_sound,439,178.808000,1,1.000000
dijkstra-dial-skip,no_roads,first_sound,852,182.016000,1,1.000000
dijkstra-dial-skip,no_roads,first_sound,383,174.729000,1,1.000000
dijkstra-dial-skip,no_roads,first_sound,544,181.506000,1,1.000000
dijkstra-dial-skip,no_roads,first_sound,93,177.015000,1,1.000000
dijkstra-dial-skip,no_roads,first_sound,395,179.072000,1,1.000000
dijkstra-dial-skip,no_roads,first_sound,37,177.902000,1,1.000000
dijkstra-dial-skip,no_roads,first_sound,523,177.156000,1,1.000000
dijkstra-dial-skip,no_roads,first_sound,647,174.482000,1,1.000000
dijkstra-dial-skip,no_roads,first_sound,437,191.229000,1,1.000000
dijkstra-dial-skip,no_roads,first_sound,124,182.408000,1,1.000000
dijkstra-dial-skip,no_roads,first_sound,375,183.610000,1,1.000000
dijkstra-dial-skip,no_roads,first_sound,519,181.366000,1,1.000000
dijkstra-dial-skip,no_roads,first_sound,376,197.351000,1,1.000000
dijkstra-dial-skip,no_roads,first_sound,780,183.107000,1,1.000000
dijkstra-dial-skip,no_roads,first_sound,642,180.488000,1,1.000000
dijkstra-dial-skip,no_roads,first_sound,721,185.715000,1,1.000000
dijkstra-dial-skip,no_roads,first_sound,275,182.779000,1,1.000000
dijkstra-dial-skip,no_roads,first_sound,434,191.292000,1,1.000000
dijkstra-dial-skip,no_roads,first_sound,271,182.498000,1,1.000000
dijkstra-dial-skip,no_roads,first_sound,415,182.810000,1,1.000000
dijkstra-dial-skip,no_roads,first_sound,856,188.622000,1,1.000000
dijkstra-dial-skip,no_roads,first_sound,833,187.914000,1,1.000000
dijkstra-dial-skip,no_roads,first_sound,432,187.129000,1,1.000000
dijkstra-dial-skip,no_roads,first_sound,685,190.836000,1,1.000000
dijkstra-dial-skip,no_roads,first_sound,645,185.453000,1,1.000000
dijkstra-dial-skip,no_roads,first_sound,599,186.002000,1,1.000000
dijkstra-dial-skip,no_roads,first_sound,383,181.046000,1,1.000000
dijkstra-dial-skip,with_roads,first_sound,210,200.547000,1,1.000000
dijkstra-dial-skip,with_roads,first_sound,25,192.847000,1,1.000000
dijkstra-dial-skip,with_roads,first_sound,444,194.689000,1,1.000000
dijkstra-dial-skip,with_roads,first_sound,413,182.997000,1,1.000000
dijkstra-dial-skip,with_roads,first_sound,388,179.994000,1,1.000000
dijkstra-dial-skip,with_roads,first_sound,271,186.890000,1,1.000000
dijkstra-dial-skip,with_roads,first_sound,194,187.074000,1,1.000000
dijkstra-dial-skip,with_roads,first_sound,840,187.273000,1,1.000000
dijkstra-dial-skip,with_roads,first_sound,166,196.952000,1,1.000000
dijkstra-dial-skip,with_roads,first_sound,674,194.073000,1,1.000000
dijkstra-dial-skip,with_roads,first_sound,37,203.128000,1,1.000000
dijkstra-dial-skip,with_roads,first_sound,35,205.005000,1,1.000000
dijkstra-dial-skip,with_roads,first_sound,177,195.384000,1,1.000000
dijkstra-dial-skip,with_roads,first_sound,382,198.173000,1,1.000000
dijkstra-dial-skip,with_roads,first_sound,399,193.001000,1,1.000000
dijkstra-dial-skip,with_roads,first_sound,795,200.788000,1,1.000000
dijkstra-dial-skip,with_roads,first_sound,27,207.741000,1,1.000000
dijkstra-dial-skip,with_roads,first_sound,856,201.737000,1,1.000000
dijkstra-dial-skip,with_roads,first_sound,360,202.138000,1,1.000000
dijkstra-dial-skip,with_roads,first_sound,840,199.849000,1,1.000000
dijkstra-dial-skip,with_roads,first_sound,671,195.644000,1,1.000000
dijkstra-dial-skip,with_roads,first_sound,384,200.841000,1,1.000000
dijkstra-dial-skip,with_roads,first_sound,711,193.652000,1,1.000000
dijkstra-dial-skip,with_roads,first_sound,447,191.897000,1,1.000000
dijkstra-dial-skip,with_roads,first_sound,6,197.144000,1,1.000000
dijkstra-dial-skip,with_roads,first_sound,299,186.909000,1,1.000000
dijkstra-dial-skip,with_roads,first_sound,674,186.128000,1,1.000000
dijkstra-dial-skip,with_roads,first_sound,568,182.110000,1,1.000000
dijkstra-dial-skip,with_roads,first_sound,447,178.687000,1,1.000000
dijkstra-dial-skip,with_roads,first_sound,295,179.972000,1,1.000000
dijkstra-dial-skip,with_roads,first_sound,379,183.169000,1,1.000000
dijkstra-dial-skip,with_roads,first_sound,564,185.171000,1,1.000000
dijkstra-dial-skip,with_roads,first_sound,194,190.543000,1,1.000000
dijkstra-dial-skip,with_roads,first_sound,174,180.226000,1,1.000000
dijkstra-dial-skip,with_roads,first_sound,623,187.691000,1,1.000000
dijkstra-dial-skip,with_roads,first_sound,183,187.461000,1,1.000000
dijkstra-dial-skip,with_roads,first_sound,596,186.402000,1,1.000000
dijkstra-dial-skip,with_roads,first_sound,575,186.598000,1,1.000000
dijkstra-dial-skip,with_roads,first_sound,433,183.163000,1,1.000000
dijkstra-dial-skip,with_roads,first_sound,58,190.652000,1,1.000000
dijkstra-dial-skip,with_roads,first_sound,727,190.938000,1,1.000000
dijkstra-dial-skip,with_roads,first_sound,831,188.616000,1,1.000000
dijkstra-dial-skip,with_roads,first_sound,237,182.621000,1,1.000000
dijkstra-dial-skip,with_roads,first_sound,619,182.901000,1,1.000000
dijkstra-dial-skip,with_roads,first_sound,152,185.843000,1,1.000000
dijkstra-dial-skip,with_roads,first_sound,847,189.009000,1,1.000000
dijkstra-dial-skip,with_roads,first_sound,463,183.585000,1,1.000000
dijkstra-dial-skip,with_roads,first_sound,599,181.599000,1,1.000000
dijkstra-dial-skip,with_roads,first_sound,353,191.773000,1,1.000000
dijkstra-dial-skip,with_roads,first_sound,131,182.465000,1,1.000000
dijkstra-dial-skip,with_roads,first_sound,60,196.386000,1,1.000000
dijkstra-dial-skip,with_roads,first_sound,394,195.435000,1,1.000000
dijkstra-dial-skip,with_roads,first_sound,459,189.433000,1,1.000000
dijkstra-dial-skip,with_roads,first_sound,153,197.584000,1,1.000000
dijkstra-dial-skip,with_roads,first_sound,399,185.216000,1,1.000000
dijkstra-dial-skip,with_roads,first_sound,190,199.674000,1,1.000000
dijkstra-dial-skip,with_roads,first_sound,623,200.256000,1,1.000000
dijkstra-dial-skip,with_roads,first_sound,447,199.054000,1,1.000000
dijkstra-dial-skip,with_roads,first_sound,716,200.414000,1,1.000000
dijkstra-dial-skip,with_roads,first_sound,603,199.175000,1,1.000000
dijkstra-dial-skip,with_roads,first_sound,307,201.789000,1,1.000000
dijkstra-dial-skip,with_roads,first_sound,609,202.627000,1,1.000000
dijkstra-dial-skip,with_roads,first_sound,591,198.890000,1,1.000000
dijkstra-dial-skip,with_roads,first_sound,373,199.472000,1,1.000000
dijkstra-dial-skip,with_roads,first_sound,436,206.728000,1,1.000000
dijkstra-dial-skip,with_roads,first_sound,136,201.248000,1,1.000000
dijkstra-dial-skip,with_roads,first_sound,316,212.497000,1,1.000000
dijkstra-dial-skip,with_roads,first_sound,826,201.482000,1,1.000000
dijkstra-dial-skip,with_roads,first_sound,413,195.181000,1,1.000000
dijkstra-dial-skip,with_roads,first_sound,308,207.946000,1,1.000000
dijkstra-dial-skip,with_roads,first_sound,730,204.699000,1,1.000000
dijkstra-dial-skip,with_roads,first_sound,620,209.483000,1,1.000000
dijkstra-dial-skip,with_roads,first_sound,439,198.765000,1,1.000000
dijkstra-dial-skip,with_roads,first_sound,852,197.379000,1,1.000000
dijkstra-dial-skip,with_roads,first_sound,383,198.088000,1,1.000000
dijkstra-dial-skip,with_roads,first_sound,544,207.860000,1,1.000000
dijkstra-dial-skip,with_roads,first_sound,93,200.287000,1,1.000000
dijkstra-dial-skip,with_roads,first_sound,395,203.940000,1,1.000000
dijkstra-dial-skip,with_roads,first_sound,37,208.028000,1,1.000000
dijkstra-dial-skip,with_roads,first_sound,523,197.565000,1,1.000000
dijkstra-dial-skip,with_roads,first_sound,647,198.936000,1,1.000000
dijkstra-dial-skip,with_roads,first_sound,437,206.313000,1,1.000000
dijkstra-dial-skip,with_roads,first_sound,124,207.093000,1,1.000000
dijkstra-dial-skip,with_roads,first_sound,375,205.900000,1,1.000000
dijkstra-dial-skip,with_roads,first_sound,519,199.500000,1,1.000000
dijkstra-dial-skip,with_roads,first_sound,376,211.904000,1,1.000000
dijkstra-dial-skip,with_roads,first_sound,780,199.247000,1,1.000000
dijkstra-dial-skip,with_roads,first_sound,642,191.353000,1,1.000000
dijkstra-dial-skip,with_roads,first_sound,721,197.375000,1,1.000000
dijkstra-dial-skip,with_roads,first_sound,275,193.943000,1,1.000000
dijkstra-dial-skip,with_roads,first_sound,434,201.409000,1,1.000000
dijkstra-dial-skip,with_roads,first_sound,271,201.052000,1,1.000000
dijkstra-dial-skip,with_roads,first_sound,415,204.092000,1,1.000000
dijkstra-dial-skip,with_roads,first_sound,856,202.268000,1,1.000000
dijkstra-dial-skip,with_roads,first_sound,833,196.558000,1,1.000000
dijkstra-dial-skip,with_roads,first_sound,432,201.071000,1,1.000000
dijkstra-dial-skip,with_roads,first_sound,685,191.559000,1,1.000000
dijkstra-dial-skip,with_roads,first_sound,645,194.047000,1,1.000000
dijkstra-dial-skip,with_roads,first_sound,599,195.583000,1,1.000000
dijkstra-dial-skip,with_roads,first_sound,383,204.234000,1,1.000000
dijkstra-dial-skip,no_roads,flappy_bird,196,135.903000,1,1.000000
dijkstra-dial-skip,no_roads,flappy_bird,44,3.612000,1,1.000000
dijkstra-dial-skip,no_roads,flappy_bird,436,11.242000,1,1.000000
dijkstra-dial-skip,no_roads,flappy_bird,382,10.572000,1,1.000000
dijkstra-dial-skip,no_roads,flappy_bird,346,128.695000,1,1.000000
dijkstra-dial-skip,no_roads,flappy_bird,238,129.529000,1,1.000000
dijkstra-dial-skip,no_roads,flappy_bird,182,5.505000,1,1.000000
dijkstra-dial-skip,no_roads,flappy_bird,159,129.193000,1,1.000000
dijkstra-dial-skip,no_roads,flappy_bird,654,132.700000,1,1.000000
dijkstra-dial-skip,no_roads,flappy_bird,57,4.969000,1,1.000000
dijkstra-dial-skip,no_roads,flappy_bird,54,127.503000,1,1.000000
dijkstra-dial-skip,no_roads,flappy_bird,165,127.094000,1,1.000000
dijkstra-dial-skip,no_roads,flappy_bird,333,124.920000,1,1.000000
dijkstra-dial-skip,no_roads,flappy_bird,363,10.410000,1,1.000000
dijkstra-dial-skip,no_roads,flappy_bird,48,127.376000,1,1.000000
dijkstra-dial-skip,no_roads,flappy_bird,305,125.711000,1,1.000000
dijkstra-dial-skip,no_roads,flappy_bird,651,126.539000,1,1.000000
dijkstra-dial-skip,no_roads,flappy_bird,339,122.616000,1,1.000000
dijkstra-dial-skip,no_roads,flappy_bird,696,10.188000,1,1.000000
dijkstra-dial-skip,no_roads,flappy_bird,440,137.926000,1,1.000000
dijkstra-dial-skip,no_roads,flappy_bird,10,11.269000,1,1.000000
dijkstra-dial-skip,no_roads,flappy_bird,261,123.209000,1,1.000000
dijkstra-dial-skip,no_roads,flappy_bird,654,127.071000,1,1.000000
dijkstra-dial-skip,no_roads,flappy_bird,537,9.422000,1,1.000000
dijkstra-dial-skip,no_roads,flappy_bird,440,130.726000,1,1.000000
dijkstra-dial-skip,no_roads,flappy_bird,257,120.352000,1,1.000000
dijkstra-dial-skip,no_roads,flappy_bird,328,131.834000,1,1.000000
dijkstra-dial-skip,no_roads,flappy_bird,532,122.550000,1,1.000000
dijkstra-dial-skip,no_roads,flappy_bird,182,4.994000,1,1.000000
dijkstra-dial-skip,no_roads,flappy_bird,164,128.216000,1,1.000000
dijkstra-dial-skip,no_roads,flappy_bird,596,9.337000,1,1.000000
dijkstra-dial-skip,no_roads,flappy_bird,170,9.510000,1,1.000000
dijkstra-dial-skip,no_roads,flappy_bird,564,9.031000,1,1.000000
dijkstra-dial-skip,no_roads,flappy_bird,546,123.242000,1,1.000000
dijkstra-dial-skip,no_roads,flappy_bird,414,124.035000,1,1.000000
dijkstra-dial-skip,no_roads,flappy_bird,80,125.440000,1,1.000000
dijkstra-dial-skip,no_roads,flappy_bird,718,125.630000,1,1.000000
dijkstra-dial-skip,no_roads,flappy_bird,210,8.977000,1,1.000000
dijkstra-dial-skip,no_roads,flappy_bird,592,123.697000,1,1.000000
dijkstra-dial-skip,no_roads,flappy_bird,143,4.592000,1,1.000000
dijkstra-dial-skip,no_roads,flappy_bird,475,9.778000,1,1.000000
dijkstra-dial-skip,no_roads,flappy_bird,569,121.962000,1,1.000000
dijkstra-dial-skip,no_roads,flappy_bird,298,116.613000,1,1.000000
dijkstra-dial-skip,no_roads,flappy_bird,127,121.207000,1,1.000000
dijkstra-dial-skip,no_roads,flappy_bird,83,2.993000,1,1.000000
dijkstra-dial-skip,no_roads,flappy_bird,353,119.587000,1,1.000000
dijkstra-dial-skip,no_roads,flappy_bird,465,122.176000,1,1.000000
dijkstra-dial-skip,no_roads,flappy_bird,145,118.346000,1,1.000000
dijkstra-dial-skip,no_roads,flappy_bird,363,9.823000,1,1.000000
dijkstra-dial-skip,no_roads,flappy_bird,177,4.871000,1,1.000000
dijkstra-dial-skip,no_roads,flappy_bird,596,8.935000,1,1.000000
dijkstra-dial-skip,no_roads,flappy_bird,440,129.612000,1,1.000000
dijkstra-dial-skip,no_roads,flappy_bird,706,122.703000,1,1.000000
dijkstra-dial-skip,no_roads,flappy_bird,572,122.351000,1,1.000000
dijkstra-dial-skip,no_roads,flappy_bird,264,115.787000,1,1.000000
dijkstra-dial-skip,no_roads,flappy_bird,583,9.041000,1,1.000000
dijkstra-dial-skip,no_roads,flappy_bird,559,121.840000,1,1.000000
dijkstra-dial-skip,no_roads,flappy_bird,318,122.515000,1,1.000000
dijkstra-dial-skip,no_roads,flappy_bird,422,9.840000,1,1.000000
dijkstra-dial-skip,no_roads,flappy_bird,130,9.591000,1,1.000000
dijkstra-dial-skip,no_roads,flappy_bird,275,120.852000,1,1.000000
dijkstra-dial-skip,no_roads,flappy_bird,382,10.358000,1,1.000000
dijkstra-dial-skip,no_roads,flappy_bird,265,118.395000,1,1.000000
dijkstra-dial-skip,no_roads,flappy_bird,721,122.563000,1,1.000000
dijkstra-dial-skip,no_roads,flappy_bird,595,8.953000,1,1.000000
dijkstra-dial-skip,no_roads,flappy_bird,428,10.683000,1,1.000000
dijkstra-dial-skip,no_roads,flappy_bird,334,117.974000,1,1.000000
dijkstra-dial-skip,no_roads,flappy_bird,518,120.506000,1,1.000000
dijkstra-dial-skip,no_roads,flappy_bird,103,4.149000,1,1.000000
dijkstra-dial-skip,no_roads,flappy_bird,358,117.379000,1,1.000000
dijkstra-dial-skip,no_roads,flappy_bird,57,4.243000,1,1.000000
dijkstra-dial-skip,no_roads,flappy_bird,507,117.353000,1,1.000000
dijkstra-dial-skip,no_roads,flappy_bird,627,120.300000,1,1.000000
dijkstra-dial-skip,no_roads,flappy_bird,423,9.485000,1,1.000000
dijkstra-dial-skip,no_roads,flappy_bird,119,122.596000,1,1.000000
dijkstra-dial-skip,no_roads,flappy_bird,320,122.903000,1,1.000000
dijkstra-dial-skip,no_roads,flappy_bird,506,119.641000,1,1.000000
dijkstra-dial-skip,no_roads,flappy_bird,321,125.497000,1,1.000000
dijkstra-dial-skip,no_roads,flappy_bird,792,118.183000,1,1.000000
dijkstra-dial-skip,no_roads,flappy_bird,617,9.075000,1,1.000000
dijkstra-dial-skip,no_roads,flappy_bird,716,9.286000,1,1.000000
dijkstra-dial-skip,no_roads,flappy_bird,242,119.529000,1,1.000000
dijkstra-dial-skip,no_roads,flappy_bird,416,9.039000,1,1.000000
dijkstra-dial-skip,no_roads,flappy_bird,238,118.372000,1,1.000000
dijkstra-dial-skip,no_roads,flappy_bird,385,125.465000,1,1.000000
dijkstra-dial-skip,no_roads,flappy_bird,411,9.962000,1,1.000000
dijkstra-dial-skip,no_roads,flappy_bird,666,119.206000,1,1.000000
dijkstra-dial-skip,no_roads,flappy_bird,625,119.739000,1,1.000000
dijkstra-dial-skip,no_roads,flappy_bird,569,119.445000,1,1.000000
dijkstra-dial-skip,no_roads,flappy_bird,334,119.459000,1,1.000000
dijkstra-dial-skip,no_roads,flappy_bird,237,122.437000,1,1.000000
dijkstra-dial-skip,no_roads,flappy_bird,782,11.172000,1,1.000000
dijkstra-dial-skip,no_roads,flappy_bird,163,119.397000,1,1.000000
dijkstra-dial-skip,no_roads,flappy_bird,87,119.275000,1,1.000000
dijkstra-dial-skip,no_roads,flappy_bird,194,125.588000,1,1.000000
dijkstra-dial-skip,no_roads,flappy_bird,254,119.597000,1,1.000000
dijkstra-dial-skip,no_roads,flappy_bird,261,118.391000,1,1.000000
dijkstra-dial-skip,no_roads,flappy_bird,654,120.556000,1,1.000000
dijkstra-dial-skip,no_roads,flappy_bird,116,3.240000,1,1.000000
dijkstra-dial-skip,no_roads,flappy_bird,603,9.521000,1,1.000000
dijkstra-dial-skip,with_roads,flappy_bird,196,130.953000,1,1.000000
dijkstra-dial-skip,with_roads,flappy_bird,44,3.678000,1,1.000000
dijkstra-dial-skip,with_roads,flappy_bird,436,10.632000,1,1.000000
dijkstra-dial-skip,with_roads,flappy_bird,382,11.078000,1,1.000000
dijkstra-dial-skip,with_roads,flappy_bird,346,124.527000,1,1.000000
dijkstra-dial-skip,with_roads,flappy_bird,238,124.527000,1,1.000000
dijkstra-dial-skip,with_roads,flappy_bird,182,5.273000,1,1.000000
dijkstra-dial-skip,with_roads,flappy_bird,159,125.209000,1,1.000000
dijkstra-dial-skip,with_roads,flappy_bird,654,126.084000,1,1.000000
dijkstra-dial-skip,with_roads,flappy_bird,57,4.705000,1,1.000000
dijkstra-dial-skip,with_roads,flappy_bird,54,127.714000,1,1.000000
dijkstra-dial-skip,with_roads,flappy_bird,165,122.634000,1,1.000000
dijkstra-dial-skip,with_roads,flappy_bird,333,129.428000,1,1.000000
dijkstra-dial-skip,with_roads,flappy_bird,363,10.578000,1,1.000000
dijkstra-dial-skip,with_roads,flappy_bird,48,126.474000,1,1.000000
dijkstra-dial-skip,with_roads,flappy_bird,305,125.319000,1,1.000000
dijkstra-dial-skip,with_roads,flappy_bird,651,124.563000,1,1.000000
dijkstra-dial-skip,with_roads,flappy_bird,339,126.443000,1,1.000000
dijkstra-dial-skip,with_roads,flappy_bird,696,9.645000,1,1.000000
dijkstra-dial-skip,with_roads,flappy_bird,440,127.008000,1,1.000000
dijkstra-dial-skip,with_roads,flappy_bird,10,10.858000,1,1.000000
dijkstra-dial-skip,with_roads,flappy_bird,261,123.820000,1,1.000000
dijkstra-dial-skip,with_roads,flappy_bird,654,126.796000,1,1.000000
dijkstra-dial-skip,with_roads,flappy_bird,537,9.010000,1,1.000000
dijkstra-dial-skip,with_roads,flappy_bird,440,127.256000,1,1.000000
dijkstra-dial-skip,with_roads,flappy_bird,257,124.992000,1,1.000000
dijkstra-dial-skip,with_roads,flappy_bird,328,125.135000,1,1.000000
dijkstra-dial-skip,with_roads,flappy_bird,532,128.848000,1,1.000000
dijkstra-dial-skip,with_roads,flappy_bird,182,5.063000,1,1.000000
dijkstra-dial-skip,with_roads,flappy_bird,164,127.934000,1,1.000000
dijkstra-dial-skip,with_roads,flappy_bird,596,9.146000,1,1.000000
dijkstra-dial-skip,with_roads,flappy_bird,170,9.646000,1,1.000000
dijkstra-dial-skip,with_roads,flappy_bird,564,8.954000,1,1.000000
dijkstra-dial-skip,with_roads,flappy_bird,546,127.116000,1,1.000000
dijkstra-dial-skip,with_roads,flappy_bird,414,127.384000,1,1.000000
dijkstra-dial-skip,with_roads,flappy_bird,80,124.581000,1,1.000000
dijkstra-dial-skip,with_roads,flappy_bird,718,138.927000,1,1.000000
dijkstra-dial-skip,with_roads,flappy_bird,210,9.513000,1,1.000000
dijkstra-dial-skip,with_roads,flappy_bird,592,124.622000,1,1.000000
dijkstra-dial-skip,with_roads,flappy_bird,143,4.507000,1,1.000000
dijkstra-dial-skip,with_roads,flappy_bird,475,9.725000,1,1.000000
dijkstra-dial-skip,with_roads,flappy_bird,569,124.338000,1,1.000000
dijkstra-dial-skip,with_roads,flappy_bird,298,123.736000,1,1.000000
dijkstra-dial-skip,with_roads,flappy_bird,127,124.029000,1,1.000000
dijkstra-dial-skip,with_roads,flappy_bird,83,3.256000,1,1.000000
dijkstra-dial-skip,with_roads,flappy_bird,353,125.358000,1,1.000000
dijkstra-dial-skip,with_roads,flappy_bird,465,127.474000,1,1.000000
dijkstra-dial-skip,with_roads,flappy_bird,145,130.439000,1,1.000000
dijkstra-dial-skip,with_roads,flappy_bird,363,10.373000,1,1.000000
dijkstra-dial-skip,with_roads,flappy_bird,177,7.651000,1,1.000000
dijkstra-dial-skip,with_roads,flappy_bird,596,8.933000,1,1.000000
dijkstra-dial-skip,with_roads,flappy_bird,440,126.859000,1,1.000000
dijkstra-dial-skip,with_roads,flappy_bird,706,131.790000,1,1.000000
dijkstra-dial-skip,with_roads,flappy_bird,572,121.878000,1,1.000000
dijkstra-dial-skip,with_roads,flappy_bird,264,128.914000,1,1.000000
dijkstra-dial-skip,with_roads,flappy_bird,583,9.822000,1,1.000000
dijkstra-dial-skip,with_roads,flappy_bird,559,132.590000,1,1.000000
dijkstra-dial-skip,with_roads,flappy_bird,318,126.235000,1,1.000000
dijkstra-dial-skip,with_roads,flappy_bird,422,10.060000,1,1.000000
dijkstra-dial-skip,with_roads,flappy_bird,130,9.786000,1,1.000000
dijkstra-dial-skip,with_roads,flappy_bird,275,124.157000,1,1.000000
dijkstra-dial-skip,with_roads,flappy_bird,382,10.330000,1,1.000000
dijkstra-dial-skip,with_roads,flappy_bird,265,126.276000,1,1.000000
dijkstra-dial-skip,with_roads,flappy_bird,721,127.983000,1,1.000000
dijkstra-dial-skip,with_roads,flappy_bird,595,9.253000,1,1.000000
dijkstra-dial-skip,with_roads,flappy_bird,428,10.411000,1,1.000000
dijkstra-dial-skip,with_roads,flappy_bird,334,127.968000,1,1.000000
dijkstra-dial-skip,with_roads,flappy_bird,518,135.175000,1,1.000000
dijkstra-dial-skip,with_roads,flappy_bird,103,4.371000,1,1.000000
dijkstra-dial-skip,with_roads,flappy_bird,358,123.181000,1,1.000000
dijkstra-dial-skip,with_roads,flappy_bird,57,4.579000,1,1.000000
dijkstra-dial-skip,with_roads,flappy_bird,507,132.707000,1,1.000000
dijkstra-dial-skip,with_roads,flappy_bird,627,120.091000,1,1.000000
dijkstra-dial-skip,with_roads,flappy_bird,423,9.497000,1,1.000000
dijkstra-dial-skip,with_roads,flappy_bird,119,122.590000,1,1.000000
dijkstra-dial-skip,with_roads,flappy_bird,320,122.940000,1,1.000000
dijkstra-dial-skip,with_roads,flappy_bird,506,124.931000,1,1.000000
dijkstra-dial-skip,with_roads,flappy_bird,321,131.028000,1,1.000000
dijkstra-dial-skip,with_roads,flappy_bird,792,121.463000,1,1.000000
dijkstra-dial-skip,with_roads,flappy_bird,617,9.135000,1,1.000000
dijkstra-dial-skip,with_roads,flappy_bird,716,9.589000,1,1.000000
dijkstra-dial-skip,with_roads,flappy_bird,242,121.389000,1,1.000000
dijkstra-dial-skip,with_roads,flappy_bird,416,9.499000,1,1.000000
dijkstra-dial-skip,with_roads,flappy_bird,238,126.616000,1,1.000000
dijkstra-dial-skip,with_roads,flappy_bird,385,125.034000,1,1.000000
dijkstra-dial-skip,with_roads,flappy_bird,411,10.036000,1,1.000000
dijkstra-dial-skip,with_roads,flappy_bird,666,119.550000,1,1.000000
dijkstra-dial-skip,with_roads,flappy_bird,625,122.301000,1,1.000000
dijkstra-dial-skip,with_roads,flappy_bird,569,126.125000,1,1.000000
dijkstra-dial-skip,with_roads,flappy_bird,334,124.429000,1,1.000000
dijkstra-dial-skip,with_roads,flappy_bird,237,124.979000,1,1.000000
dijkstra-dial-skip,with_roads,flappy_bird,782,10.260000,1,1.000000
dijkstra-dial-skip,with_roads,flappy_bird,163,124.565000,1,1.000000
dijkstra-dial-skip,with_roads,flappy_bird,87,123.481000,1,1.000000
dijkstra-dial-skip,with_roads,flappy_bird,194,131.861000,1,1.000000
dijkstra-dial-skip,with_roads,flappy_bird,254,121.651000,1,1.000000
dijkstra-dial-skip,with_roads,flappy_bird,261,120.321000,1,1.000000
dijkstra-dial-skip,with_roads,flappy_bird,654,122.472000,1,1.000000
dijkstra-dial-skip,with_roads,flappy_bird,116,3.174000,1,1.000000
dijkstra-dial-skip,with_roads,flappy_bird,603,9.080000,1,1.000000
dijkstra-dial-skip,no_roads,flowers,1729,513.724000,1,1.000000
dijkstra-dial-skip,no_roads,flowers,296,469.531000,1,1.000000
dijkstra-dial-skip,no_roads,flowers,52,479.178000,1,1.000000
dijkstra-dial-skip,no_roads,flowers,746,457.159000,1,1.000000
dijkstra-dial-skip,no_roads,flowers,678,478.798000,1,1.000000
dijkstra-dial-skip,no_roads,flowers,631,474.807000,1,1.000000
dijkstra-dial-skip,no_roads,flowers,377,472.635000,1,1.000000
dijkstra-dial-skip,no_roads,flowers,262,502.197000,1,1.000000
dijkstra-dial-skip,no_roads,flowers,1810,472.886000,1,1.000000
dijkstra-dial-skip,no_roads,flowers,1450,482.661000,1,1.000000
dijkstra-dial-skip,no_roads,flowers,216,506.838000,1,1.000000
dijkstra-dial-skip,no_roads,flowers,1582,502.348000,1,1.000000
dijkstra-dial-skip,no_roads,flowers,1107,477.851000,1,1.000000
dijkstra-dial-skip,no_roads,flowers,67,468.275000,1,1.000000
dijkstra-dial-skip,no_roads,flowers,63,475.270000,1,1.000000
dijkstra-dial-skip,no_roads,flowers,230,477.875000,1,1.000000
dijkstra-dial-skip,no_roads,flowers,618,484.199000,1,1.000000
dijkstra-dial-skip,no_roads,flowers,653,472.515000,1,1.000000
dijkstra-dial-skip,no_roads,flowers,1327,484.332000,1,1.000000
dijkstra-dial-skip,no_roads,flowers,1619,481.286000,1,1.000000
dijkstra-dial-skip,no_roads,flowers,56,477.528000,1,1.000000
dijkstra-dial-skip,no_roads,flowers,1495,471.343000,1,1.000000
dijkstra-dial-skip,no_roads,flowers,567,466.363000,1,1.000000
dijkstra-dial-skip,no_roads,flowers,1754,472.631000,1,1.000000
dijkstra-dial-skip,no_roads,flowers,1450,470.172000,1,1.000000
dijkstra-dial-skip,no_roads,flowers,1102,467.812000,1,1.000000
dijkstra-dial-skip,no_roads,flowers,622,476.864000,1,1.000000
dijkstra-dial-skip,no_roads,flowers,1168,477.262000,1,1.000000
dijkstra-dial-skip,no_roads,flowers,1578,479.376000,1,1.000000
dijkstra-dial-skip,no_roads,flowers,752,483.149000,1,1.000000
dijkstra-dial-skip,no_roads,flowers,14,478.204000,1,1.000000
dijkstra-dial-skip,no_roads,flowers,430,478.839000,1,1.000000
dijkstra-dial-skip,no_roads,flowers,1108,477.797000,1,1.000000
dijkstra-dial-skip,no_roads,flowers,907,456.302000,1,1.000000
dijkstra-dial-skip,no_roads,flowers,752,475.998000,1,1.000000
dijkstra-dial-skip,no_roads,flowers,422,472.706000,1,1.000000
dijkstra-dial-skip,no_roads,flowers,611,481.948000,1,1.000000
dijkstra-dial-skip,no_roads,flowers,900,478.071000,1,1.000000
dijkstra-dial-skip,no_roads,flowers,262,494.207000,1,1.000000
dijkstra-dial-skip,no_roads,flowers,228,475.372000,1,1.000000
dijkstra-dial-skip,no_roads,flowers,1009,467.900000,1,1.000000
dijkstra-dial-skip,no_roads,flowers,251,446.514000,1,1.000000
dijkstra-dial-skip,no_roads,flowers,959,463.700000,1,1.000000
dijkstra-dial-skip,no_roads,flowers,917,464.951000,1,1.000000
dijkstra-dial-skip,no_roads,flowers,1623,474.491000,1,1.000000
dijkstra-dial-skip,no_roads,flowers,722,471.408000,1,1.000000
dijkstra-dial-skip,no_roads,flowers,90,506.544000,1,1.000000
dijkstra-dial-skip,no_roads,flowers,1189,486.127000,1,1.000000
dijkstra-dial-skip,no_roads,flowers,1420,490.134000,1,1.000000
dijkstra-dial-skip,no_roads,flowers,335,490.337000,1,1.000000
dijkstra-dial-skip,no_roads,flowers,1006,495.776000,1,1.000000
dijkstra-dial-skip,no_roads,flowers,185,507.957000,1,1.000000
dijkstra-dial-skip,no_roads,flowers,1464,498.944000,1,1.000000
dijkstra-dial-skip,no_roads,flowers,784,501.519000,1,1.000000
dijkstra-dial-skip,no_roads,flowers,1705,491.688000,1,1.000000
dijkstra-dial-skip,no_roads,flowers,1673,541.140000,1,1.000000
dijkstra-dial-skip,no_roads,flowers,964,517.399000,1,1.000000
dijkstra-dial-skip,no_roads,flowers,1540,497.728000,1,1.000000
dijkstra-dial-skip,no_roads,flowers,551,482.152000,1,1.000000
dijkstra-dial-skip,no_roads,flowers,161,488.683000,1,1.000000
dijkstra-dial-skip,no_roads,flowers,96,504.185000,1,1.000000
dijkstra-dial-skip,no_roads,flowers,1778,491.958000,1,1.000000
dijkstra-dial-skip,no_roads,flowers,640,491.518000,1,1.000000
dijkstra-dial-skip,no_roads,flowers,776,487.797000,1,1.000000
dijkstra-dial-skip,no_roads,flowers,187,526.541000,1,1.000000
dijkstra-dial-skip,no_roads,flowers,653,488.088000,1,1.000000
dijkstra-dial-skip,no_roads,flowers,259,513.986000,1,1.000000
dijkstra-dial-skip,no_roads,flowers,1009,498.449000,1,1.000000
dijkstra-dial-skip,no_roads,flowers,752,482.718000,1,1.000000
dijkstra-dial-skip,no_roads,flowers,1177,483.859000,1,1.000000
dijkstra-dial-skip,no_roads,flowers,1721,478.644000,1,1.000000
dijkstra-dial-skip,no_roads,flowers,974,503.028000,1,1.000000
dijkstra-dial-skip,no_roads,flowers,437,506.735000,1,1.000000
dijkstra-dial-skip,no_roads,flowers,987,481.899000,1,1.000000
dijkstra-dial-skip,no_roads,flowers,942,488.263000,1,1.000000
dijkstra-dial-skip,no_roads,flowers,598,473.231000,1,1.000000
dijkstra-dial-skip,no_roads,flowers,1797,509.703000,1,1.000000
dijkstra-dial-skip,no_roads,flowers,727,494.771000,1,1.000000
dijkstra-dial-skip,no_roads,flowers,1824,479.535000,1,1.000000
dijkstra-dial-skip,no_roads,flowers,1749,503.620000,1,1.000000
dijkstra-dial-skip,no_roads,flowers,165,483.753000,1,1.000000
dijkstra-dial-skip,no_roads,flowers,1635,465.414000,1,1.000000
dijkstra-dial-skip,no_roads,flowers,1720,487.905000,1,1.000000
dijkstra-dial-skip,no_roads,flowers,466,492.395000,1,1.000000
dijkstra-dial-skip,no_roads,flowers,1415,510.801000,1,1.000000
dijkstra-dial-skip,no_roads,flowers,678,495.859000,1,1.000000
dijkstra-dial-skip,no_roads,flowers,438,527.320000,1,1.000000
dijkstra-dial-skip,no_roads,flowers,1195,487.455000,1,1.000000
dijkstra-dial-skip,no_roads,flowers,1008,480.517000,1,1.000000
dijkstra-dial-skip,no_roads,flowers,735,483.635000,1,1.000000
dijkstra-dial-skip,no_roads,flowers,1730,497.224000,1,1.000000
dijkstra-dial-skip,no_roads,flowers,1834,499.430000,1,1.000000
dijkstra-dial-skip,no_roads,flowers,1486,493.932000,1,1.000000
dijkstra-dial-skip,no_roads,flowers,620,493.495000,1,1.000000
dijkstra-dial-skip,no_roads,flowers,1827,490.251000,1,1.000000
dijkstra-dial-skip,no_roads,flowers,861,476.777000,1,1.000000
dijkstra-dial-skip,no_roads,flowers,120,492.815000,1,1.000000
dijkstra-dial-skip,no_roads,flowers,643,493.264000,1,1.000000
dijkstra-dial-skip,no_roads,flowers,67,482.087000,1,1.000000
dijkstra-dial-skip,no_roads,flowers,841,492.341000,1,1.000000
dijkstra-dial-skip,with_roads,flowers,1729,520.253000,1,1.000000
dijkstra-dial-skip,with_roads,flowers,296,485.932000,1,1.000000
dijkstra-dial-skip,with_roads,flowers,52,504.780000,1,1.000000
dijkstra-dial-skip,with_roads,flowers,746,482.532000,1,1.000000
dijkstra-dial-skip,with_roads,flowers,678,494.015000,1,1.000000
dijkstra-dial-skip,with_roads,flowers,631,496.314000,1,1.000000
dijkstra-dial-skip,with_roads,flowers,377,497.177000,1,1.000000
dijkstra-dial-skip,with_roads,flowers,262,484.513000,1,1.000000
dijkstra-dial-skip,with_roads,flowers,1810,498.845000,1,1.000000
dijkstra-dial-skip,with_roads,flowers,1450,506.118000,1,1.000000
dijkstra-dial-skip,with_roads,flowers,216,492.531000,1,1.000000
dijkstra-dial-skip,with_roads,flowers,1582,510.255000,1,1.000000
dijkstra-dial-skip,with_roads,flowers,1107,499.681000,1,1.000000
dijkstra-dial-skip,with_roads,flowers,67,523.931000,1,1.000000
dijkstra-dial-skip,with_roads,flowers,63,527.850000,1,1.000000
dijkstra-dial-skip,with_roads,flowers,230,510.829000,1,1.000000
dijkstra-dial-skip,with_roads,flowers,618,485.979000,1,1.000000
dijkstra-dial-skip,with_roads,flowers,653,502.567000,1,1.000000
dijkstra-dial-skip,with_roads,flowers,1327,535.229000,1,1.000000
dijkstra-dial-skip,with_roads,flowers,1619,512.694000,1,1.000000
dijkstra-dial-skip,with_roads,flowers,56,501.820000,1,1.000000
dijkstra-dial-skip,with_roads,flowers,1495,488.858000,1,1.000000
dijkstra-dial-skip,with_roads,flowers,567,524.661000,1,1.000000
dijkstra-dial-skip,with_roads,flowers,1754,516.625000,1,1.000000
dijkstra-dial-skip,with_roads,flowers,1450,507.254000,1,1.000000
dijkstra-dial-skip,with_roads,flowers,1102,503.218000,1,1.000000
dijkstra-dial-skip,with_roads,flowers,622,511.217000,1,1.000000
dijkstra-dial-skip,with_roads,flowers,1168,499.158000,1,1.000000
dijkstra-dial-skip,with_roads,flowers,1578,500.880000,1,1.000000
dijkstra-dial-skip,with_roads,flowers,752,509.968000,1,1.000000
dijkstra-dial-skip,with_roads,flowers,14,524.991000,1,1.000000
dijkstra-dial-skip,with_roads,flowers,430,501.507000,1,1.000000
dijkstra-dial-skip,with_roads,flowers,1108,514.956000,1,1.000000
dijkstra-dial-skip,with_roads,flowers,907,493.007000,1,1.000000
dijkstra-dial-skip,with_roads,flowers,752,515.692000,1,1.000000
dijkstra-dial-skip,with_roads,flowers,422,493.837000,1,1.000000
dijkstra-dial-skip,with_roads,flowers,611,505.998000,1,1.000000
dijkstra-dial-skip,with_roads,flowers,900,503.679000,1,1.000000
dijkstra-dial-skip,with_roads,flowers,262,486.704000,1,1.000000
dijkstra-dial-skip,with_roads,flowers,228,507.582000,1,1.000000
dijkstra-dial-skip,with_roads,flowers,1009,485.363000,1,1.000000
dijkstra-dial-skip,with_roads,flowers,251,497.838000,1,1.000000
dijkstra-dial-skip,with_roads,flowers,959,492.732000,1,1.000000
dijkstra-dial-skip,with_roads,flowers,917,504.146000,1,1.000000
dijkstra-dial-skip,with_roads,flowers,1623,511.114000,1,1.000000
dijkstra-dial-skip,with_roads,flowers,722,499.280000,1,1.000000
dijkstra-dial-skip,with_roads,flowers,90,486.397000,1,1.000000
dijkstra-dial-skip,with_roads,flowers,1189,488.326000,1,1.000000
dijkstra-dial-skip,with_roads,flowers,1420,498.588000,1,1.000000
dijkstra-dial-skip,with_roads,flowers,335,514.531000,1,1.000000
dijkstra-dial-skip,with_roads,flowers,1006,504.098000,1,1.000000
dijkstra-dial-skip,with_roads,flowers,185,500.794000,1,1.000000
dijkstra-dial-skip,with_roads,flowers,1464,498.009000,1,1.000000
dijkstra-dial-skip,with_roads,flowers,784,511.624000,1,1.000000
dijkstra-dial-skip,with_roads,flowers,1705,504.939000,1,1.000000
dijkstra-dial-skip,with_roads,flowers,1673,506.298000,1,1.000000
dijkstra-dial-skip,with_roads,flowers,964,509.772000,1,1.000000
dijkstra-dial-skip,with_roads,flowers,1540,492.170000,1,1.000000
dijkstra-dial-skip,with_roads,flowers,551,496.709000,1,1.000000
dijkstra-dial-skip,with_roads,flowers,161,506.121000,1,1.000000
dijkstra-dial-skip,with_roads,flowers,96,503.193000,1,1.000000
dijkstra-dial-skip,with_roads,flowers,1778,502.146000,1,1.000000
dijkstra-dial-skip,with_roads,flowers,640,516.559000,1,1.000000
dijkstra-dial-skip,with_roads,flowers,776,514.934000,1,1.000000
dijkstra-dial-skip,with_roads,flowers,187,521.372000,1,1.000000
dijkstra-dial-skip,with_roads,flowers,653,504.301000,1,1.000000
dijkstra-dial-skip,with_roads,flowers,259,492.971000,1,1.000000
dijkstra-dial-skip,with_roads,flowers,1009,653.159000,1,1.000000
dijkstra-dial-skip,with_roads,flowers,752,494.065000,1,1.000000
dijkstra-dial-skip,with_roads,flowers,1177,501.791000,1,1.000000
dijkstra-dial-skip,with_roads,flowers,1721,469.137000,1,1.000000
dijkstra-dial-skip,with_roads,flowers,974,482.425000,1,1.000000
dijkstra-dial-skip,with_roads,flowers,437,466.333000,1,1.000000
dijkstra-dial-skip,with_roads,flowers,987,499.516000,1,1.000000
dijkstra-dial-skip,with_roads,flowers,942,474.641000,1,1.000000
dijkstra-dial-skip,with_roads,flowers,598,483.099000,1,1.000000
dijkstra-dial-skip,with_roads,flowers,1797,483.650000,1,1.000000
dijkstra-dial-skip,with_roads,flowers,727,489.361000,1,1.000000
dijkstra-dial-skip,with_roads,flowers,1824,498.514000,1,1.000000
dijkstra-dial-skip,with_roads,flowers,1749,475.563000,1,1.000000
dijkstra-dial-skip,with_roads,flowers,165,472.192000,1,1.000000
dijkstra-dial-skip,with_roads,flowers,1635,473.451000,1,1.000000
dijkstra-dial-skip,with_roads,flowers,1720,488.721000,1,1.000000
dijkstra-dial-skip,with_roads,flowers,466,480.804000,1,1.000000
dijkstra-dial-skip,with_roads,flowers,1415,495.711000,1,1.000000
dijkstra-dial-skip,with_roads,flowers,678,492.891000,1,1.000000
dijkstra-dial-skip,with_roads,flowers,438,502.362000,1,1.000000
dijkstra-dial-skip,with_roads,flowers,1195,515.816000,1,1.000000
dijkstra-dial-skip,with_roads,flowers,1008,523.040000,1,1.000000
dijkstra-dial-skip,with_roads,flowers,735,506.839000,1,1.000000
dijkstra-dial-skip,with_roads,flowers,1730,493.801000,1,1.000000
dijkstra-dial-skip,with_roads,flowers,1834,488.347000,1,1.000000
dijkstra-dial-skip,with_roads,flowers,1486,487.382000,1,1.000000
dijkstra-dial-skip,with_roads,flowers,620,496.579000,1,1.000000
dijkstra-dial-skip,with_roads,flowers,1827,496.579000,1,1.000000
dijkstra-dial-skip,with_roads,flowers,861,488.915000,1,1.000000
dijkstra-dial-skip,with_roads,flowers,120,485.848000,1,1.000000
dijkstra-dial-skip,with_roads,flowers,643,480.064000,1,1.000000
dijkstra-dial-skip,with_roads,flowers,67,477.531000,1,1.000000
dijkstra-dial-skip,with_roads,flowers,841,494.464000,1,1.000000
dijkstra-dial-skip,no_roads,galaxy,1467,505.551000,1,1.000000
dijkstra-dial-skip,no_roads,galaxy,235,479.634000,1,1.000000
dijkstra-dial-skip,no_roads,galaxy,51,470.093000,1,1.000000
dijkstra-dial-skip,no_roads,galaxy,612,490.593000,1,1.000000
dijkstra-dial-skip,no_roads,galaxy,540,482.288000,1,1.000000
dijkstra-dial-skip,no_roads,galaxy,486,488.311000,1,1.000000
dijkstra-dial-skip,no_roads,galaxy,297,483.150000,1,1.000000
dijkstra-dial-skip,no_roads,galaxy,213,542.117000,1,1.000000
dijkstra-dial-skip,no_roads,galaxy,1543,507.251000,1,1.000000
dijkstra-dial-skip,no_roads,galaxy,1259,482.270000,1,1.000000
dijkstra-dial-skip,no_roads,galaxy,180,474.880000,1,1.000000
dijkstra-dial-skip,no_roads,galaxy,1360,462.546000,1,1.000000
dijkstra-dial-skip,no_roads,galaxy,972,453.201000,1,1.000000
dijkstra-dial-skip,no_roads,galaxy,65,476.366000,1,1.000000
dijkstra-dial-skip,no_roads,galaxy,61,476.002000,1,1.000000
dijkstra-dial-skip,no_roads,galaxy,194,469.079000,1,1.000000
dijkstra-dial-skip,no_roads,galaxy,476,487.763000,1,1.000000
dijkstra-dial-skip,no_roads,galaxy,512,471.002000,1,1.000000
dijkstra-dial-skip,no_roads,galaxy,1173,484.613000,1,1.000000
dijkstra-dial-skip,no_roads,galaxy,1386,491.282000,1,1.000000
dijkstra-dial-skip,no_roads,galaxy,54,514.772000,1,1.000000
dijkstra-dial-skip,no_roads,galaxy,1294,477.260000,1,1.000000
dijkstra-dial-skip,no_roads,galaxy,426,477.973000,1,1.000000
dijkstra-dial-skip,no_roads,galaxy,1488,485.929000,1,1.000000
dijkstra-dial-skip,no_roads,galaxy,1594,510.641000,1,1.000000
dijkstra-dial-skip,no_roads,galaxy,1259,491.624000,1,1.000000
dijkstra-dial-skip,no_roads,galaxy,965,504.081000,1,1.000000
dijkstra-dial-skip,no_roads,galaxy,480,493.121000,1,1.000000
dijkstra-dial-skip,no_roads,galaxy,1036,524.466000,1,1.000000
dijkstra-dial-skip,no_roads,galaxy,1357,507.019000,1,1.000000
dijkstra-dial-skip,no_roads,galaxy,619,522.393000,1,1.000000
dijkstra-dial-skip,no_roads,galaxy,13,521.367000,1,1.000000
dijkstra-dial-skip,no_roads,galaxy,341,506.801000,1,1.000000
dijkstra-dial-skip,no_roads,galaxy,1587,509.827000,1,1.000000
dijkstra-dial-skip,no_roads,galaxy,973,494.632000,1,1.000000
dijkstra-dial-skip,no_roads,galaxy,767,506.060000,1,1.000000
dijkstra-dial-skip,no_roads,galaxy,619,503.795000,1,1.000000
dijkstra-dial-skip,no_roads,galaxy,331,490.849000,1,1.000000
dijkstra-dial-skip,no_roads,galaxy,469,477.422000,1,1.000000
dijkstra-dial-skip,no_roads,galaxy,759,490.327000,1,1.000000
dijkstra-dial-skip,no_roads,galaxy,213,474.059000,1,1.000000
dijkstra-dial-skip,no_roads,galaxy,192,489.142000,1,1.000000
dijkstra-dial-skip,no_roads,galaxy,870,493.193000,1,1.000000
dijkstra-dial-skip,no_roads,galaxy,201,492.592000,1,1.000000
dijkstra-dial-skip,no_roads,galaxy,819,463.068000,1,1.000000
dijkstra-dial-skip,no_roads,galaxy,778,475.343000,1,1.000000
dijkstra-dial-skip,no_roads,galaxy,1390,483.119000,1,1.000000
dijkstra-dial-skip,no_roads,galaxy,586,473.758000,1,1.000000
dijkstra-dial-skip,no_roads,galaxy,88,492.218000,1,1.000000
dijkstra-dial-skip,no_roads,galaxy,1059,488.135000,1,1.000000
dijkstra-dial-skip,no_roads,galaxy,1240,479.283000,1,1.000000
dijkstra-dial-skip,no_roads,galaxy,265,496.159000,1,1.000000
dijkstra-dial-skip,no_roads,galaxy,866,492.670000,1,1.000000
dijkstra-dial-skip,no_roads,galaxy,161,496.134000,1,1.000000
dijkstra-dial-skip,no_roads,galaxy,1275,485.282000,1,1.000000
dijkstra-dial-skip,no_roads,galaxy,654,480.246000,1,1.000000
dijkstra-dial-skip,no_roads,galaxy,1445,495.405000,1,1.000000
dijkstra-dial-skip,no_roads,galaxy,1424,511.307000,1,1.000000
dijkstra-dial-skip,no_roads,galaxy,825,500.857000,1,1.000000
dijkstra-dial-skip,no_roads,galaxy,1330,505.004000,1,1.000000
dijkstra-dial-skip,no_roads,galaxy,412,479.658000,1,1.000000
dijkstra-dial-skip,no_roads,galaxy,142,496.097000,1,1.000000
dijkstra-dial-skip,no_roads,galaxy,93,509.649000,1,1.000000
dijkstra-dial-skip,no_roads,galaxy,1512,512.751000,1,1.000000
dijkstra-dial-skip,no_roads,galaxy,499,480.508000,1,1.000000
dijkstra-dial-skip,no_roads,galaxy,644,478.486000,1,1.000000
dijkstra-dial-skip,no_roads,galaxy,163,485.753000,1,1.000000
dijkstra-dial-skip,no_roads,galaxy,512,490.533000,1,1.000000
dijkstra-dial-skip,no_roads,galaxy,210,493.351000,1,1.000000
dijkstra-dial-skip,no_roads,galaxy,870,486.691000,1,1.000000
dijkstra-dial-skip,no_roads,galaxy,619,484.604000,1,1.000000
dijkstra-dial-skip,no_roads,galaxy,1045,464.628000,1,1.000000
dijkstra-dial-skip,no_roads,galaxy,1459,492.733000,1,1.000000
dijkstra-dial-skip,no_roads,galaxy,834,491.083000,1,1.000000
dijkstra-dial-skip,no_roads,galaxy,349,493.981000,1,1.000000
dijkstra-dial-skip,no_roads,galaxy,847,473.116000,1,1.000000
dijkstra-dial-skip,no_roads,galaxy,808,475.001000,1,1.000000
dijkstra-dial-skip,no_roads,galaxy,449,474.069000,1,1.000000
dijkstra-dial-skip,no_roads,galaxy,1530,488.769000,1,1.000000
dijkstra-dial-skip,no_roads,galaxy,594,502.520000,1,1.000000
dijkstra-dial-skip,no_roads,galaxy,1595,490.741000,1,1.000000
dijkstra-dial-skip,no_roads,galaxy,1557,501.749000,1,1.000000
dijkstra-dial-skip,no_roads,galaxy,1485,464.928000,1,1.000000
dijkstra-dial-skip,no_roads,galaxy,146,469.907000,1,1.000000
dijkstra-dial-skip,no_roads,galaxy,1402,487.073000,1,1.000000
dijkstra-dial-skip,no_roads,galaxy,1458,482.361000,1,1.000000
dijkstra-dial-skip,no_roads,galaxy,366,844.777000,1,1.000000
dijkstra-dial-skip,no_roads,galaxy,1235,531.303000,1,1.000000
dijkstra-dial-skip,no_roads,galaxy,540,496.799000,1,1.000000
dijkstra-dial-skip,no_roads,galaxy,350,497.523000,1,1.000000
dijkstra-dial-skip,no_roads,galaxy,1067,524.189000,1,1.000000
dijkstra-dial-skip,no_roads,galaxy,868,506.594000,1,1.000000
dijkstra-dial-skip,no_roads,galaxy,600,543.866000,1,1.000000
dijkstra-dial-skip,no_roads,galaxy,1468,514.772000,1,1.000000
dijkstra-dial-skip,no_roads,galaxy,1567,504.382000,1,1.000000
dijkstra-dial-skip,no_roads,galaxy,1285,501.324000,1,1.000000
dijkstra-dial-skip,no_roads,galaxy,478,584.252000,1,1.000000
dijkstra-dial-skip,no_roads,galaxy,1560,501.769000,1,1.000000
dijkstra-dial-skip,no_roads,galaxy,731,495.008000,1,1.000000
dijkstra-dial-skip,no_roads,galaxy,114,496.416000,1,1.000000
dijkstra-dial-skip,with_roads,galaxy,1467,479.271000,1,1.000000
dijkstra-dial-skip,with_roads,galaxy,235,453.456000,1,1.000000
dijkstra-dial-skip,with_roads,galaxy,51,470.635000,1,1.000000
dijkstra-dial-skip,with_roads,galaxy,612,478.286000,1,1.000000
dijkstra-dial-skip,with_roads,galaxy,540,487.321000,1,1.000000
dijkstra-dial-skip,with_roads,galaxy,486,476.953000,1,1.000000
dijkstra-dial-skip,with_roads,galaxy,297,493.637000,1,1.000000
dijkstra-dial-skip,with_roads,galaxy,213,492.045000,1,1.000000
dijkstra-dial-skip,with_roads,galaxy,1543,506.593000,1,1.000000
dijkstra-dial-skip,with_roads,galaxy,1259,488.282000,1,1.000000
dijkstra-dial-skip,with_roads,galaxy,180,497.671000,1,1.000000
dijkstra-dial-skip,with_roads,galaxy,1360,488.962000,1,1.000000
dijkstra-dial-skip,with_roads,galaxy,972,460.200000,1,1.000000
dijkstra-dial-skip,with_roads,galaxy,65,477.805000,1,1.000000
dijkstra-dial-skip,with_roads,galaxy,61,490.585000,1,1.000000
dijkstra-dial-skip,with_roads,galaxy,194,472.615000,1,1.000000
dijkstra-dial-skip,with_roads,galaxy,476,489.971000,1,1.000000
dijkstra-dial-skip,with_roads,galaxy,512,479.555000,1,1.000000
dijkstra-dial-skip,with_roads,galaxy,1173,476.908000,1,1.000000
dijkstra-dial-skip,with_roads,galaxy,1386,474.619000,1,1.000000
dijkstra-dial-skip,with_roads,galaxy,54,495.034000,1,1.000000
dijkstra-dial-skip,with_roads,galaxy,1294,477.596000,1,1.000000
dijkstra-dial-skip,with_roads,galaxy,426,487.593000,1,1.000000
dijkstra-dial-skip,with_roads,galaxy,1488,498.856000,1,1.000000
dijkstra-dial-skip,with_roads,galaxy,1594,513.469000,1,1.000000
dijkstra-dial-skip,with_roads,galaxy,1259,483.040000,1,1.000000
dijkstra-dial-skip,with_roads,galaxy,965,478.715000,1,1.000000
dijkstra-dial-skip,with_roads,galaxy,480,480.021000,1,1.000000
dijkstra-dial-skip,with_roads,galaxy,1036,481.781000,1,1.000000
dijkstra-dial-skip,with_roads,galaxy,1357,476.106000,1,1.000000
dijkstra-dial-skip,with_roads,galaxy,619,475.565000,1,1.000000
dijkstra-dial-skip,with_roads,galaxy,13,485.824000,1,1.000000
dijkstra-dial-skip,with_roads,galaxy,341,482.516000,1,1.000000
dijkstra-dial-skip,with_roads,galaxy,1587,463.688000,1,1.000000
dijkstra-dial-skip,with_roads,galaxy,973,471.971000,1,1.000000
dijkstra-dial-skip,with_roads,galaxy,767,458.934000,1,1.000000
dijkstra-dial-skip,with_roads,galaxy,619,481.015000,1,1.000000
dijkstra-dial-skip,with_roads,galaxy,331,537.532000,1,1.000000
dijkstra-dial-skip,with_roads,galaxy,469,463.969000,1,1.000000
dijkstra-dial-skip,with_roads,galaxy,759,494.822000,1,1.000000
dijkstra-dial-skip,with_roads,galaxy,213,473.629000,1,1.000000
dijkstra-dial-skip,with_roads,galaxy,192,470.900000,1,1.000000
dijkstra-dial-skip,with_roads,galaxy,870,524.720000,1,1.000000
dijkstra-dial-skip,with_roads,galaxy,201,514.268000,1,1.000000
dijkstra-dial-skip,with_roads,galaxy,819,483.837000,1,1.000000
dijkstra-dial-skip,with_roads,galaxy,778,500.754000,1,1.000000
dijkstra-dial-skip,with_roads,galaxy,1390,470.760000,1,1.000000
dijkstra-dial-skip,with_roads,galaxy,586,480.154000,1,1.000000
dijkstra-dial-skip,with_roads,galaxy,88,489.732000,1,1.000000
dijkstra-dial-skip,with_roads,galaxy,1059,488.687000,1,1.000000
dijkstra-dial-skip,with_roads,galaxy,1240,497.075000,1,1.000000
dijkstra-dial-skip,with_roads,galaxy,265,563.540000,1,1.000000
dijkstra-dial-skip,with_roads,galaxy,866,471.834000,1,1.000000
dijkstra-dial-skip,with_roads,galaxy,161,472.466000,1,1.000000
dijkstra-dial-skip,with_roads,galaxy,1275,483.965000,1,1.000000
dijkstra-dial-skip,with_roads,galaxy,654,491.156000,1,1.000000
dijkstra-dial-skip,with_roads,galaxy,1445,497.397000,1,1.000000
dijkstra-dial-skip,with_roads,galaxy,1424,509.779000,1,1.000000
dijkstra-dial-skip,with_roads,galaxy,825,486.939000,1,1.000000
dijkstra-dial-skip,with_roads,galaxy,1330,485.672000,1,1.000000
dijkstra-dial-skip,with_roads,galaxy,412,495.160000,1,1.000000
dijkstra-dial-skip,with_roads,galaxy,142,498.864000,1,1.000000
dijkstra-dial-skip,with_roads,galaxy,93,538.825000,1,1.000000
dijkstra-dial-skip,with_roads,galaxy,1512,495.406000,1,1.000000
dijkstra-dial-skip,with_roads,galaxy,499,497.328000,1,1.000000
dijkstra-dial-skip,with_roads,galaxy,644,477.539000,1,1.000000
dijkstra-dial-skip,with_roads,galaxy,163,490.601000,1,1.000000
dijkstra-dial-skip,with_roads,galaxy,512,482.343000,1,1.000000
dijkstra-dial-skip,with_roads,galaxy,210,470.035000,1,1.000000
dijkstra-dial-skip,with_roads,galaxy,870,485.117000,1,1.000000
dijkstra-dial-skip,with_roads,galaxy,619,477.789000,1,1.000000
dijkstra-dial-skip,with_roads,galaxy,1045,505.863000,1,1.000000
dijkstra-dial-skip,with_roads,galaxy,1459,481.953000,1,1.000000
dijkstra-dial-skip,with_roads,galaxy,834,484.259000,1,1.000000
dijkstra-dial-skip,with_roads,galaxy,349,474.958000,1,1.000000
dijkstra-dial-skip,with_roads,galaxy,847,474.581000,1,1.000000
dijkstra-dial-skip,with_roads,galaxy,808,474.632000,1,1.000000
dijkstra-dial-skip,with_roads,galaxy,449,477.835000,1,1.000000
dijkstra-dial-skip,with_roads,galaxy,1530,483.867000,1,1.000000
dijkstra-dial-skip,with_roads,galaxy,594,474.929000,1,1.000000
dijkstra-dial-skip,with_roads,galaxy,1595,478.968000,1,1.000000
dijkstra-dial-skip,with_roads,galaxy,1557,492.411000,1,1.000000
dijkstra-dial-skip,with_roads,galaxy,1485,481.124000,1,1.000000
dijkstra-dial-skip,with_roads,galaxy,146,487.097000,1,1.000000
dijkstra-dial-skip,with_roads,galaxy,1402,507.458000,1,1.000000
dijkstra-dial-skip,with_roads,galaxy,1458,498.607000,1,1.000000
dijkstra-dial-skip,with_roads,galaxy,366,494.408000,1,1.000000
dijkstra-dial-skip,with_roads,galaxy,1235,536.701000,1,1.000000
dijkstra-dial-skip,with_roads,galaxy,540,500.628000,1,1.000000
dijkstra-dial-skip,with_roads,galaxy,350,489.207000,1,1.000000
dijkstra-dial-skip,with_roads,galaxy,1067,496.835000,1,1.000000
dijkstra-dial-skip,with_roads,galaxy,868,510.878000,1,1.000000
dijkstra-dial-skip,with_roads,galaxy,600,523.925000,1,1.000000
dijkstra-dial-skip,with_roads,galaxy,1468,493.002000,1,1.000000
dijkstra-dial-skip,with_roads,galaxy,1567,498.027000,1,1.000000
dijkstra-dial-skip,with_roads,galaxy,1285,484.639000,1,1.000000
dijkstra-dial-skip,with_roads,galaxy,478,482.586000,1,1.000000
dijkstra-dial-skip,with_roads,galaxy,1560,560.582000,1,1.000000
dijkstra-dial-skip,with_roads,galaxy,731,497.803000,1,1.000000
dijkstra-dial-skip,with_roads,galaxy,114,496.711000,1,1.000000
dijkstra-dial-skip,no_roads,gaussian,124,221.355000,1,1.000000
dijkstra-dial-skip,no_roads,gaussian,25,194.758000,1,1.000000
dijkstra-dial-skip,no_roads,gaussian,312,197.285000,1,1.000000
dijkstra-dial-skip,no_roads,gaussian,277,194.074000,1,1.000000
dijkstra-dial-skip,no_roads,gaussian,253,206.216000,1,1.000000
dijkstra-dial-skip,no_roads,gaussian,156,214.598000,1,1.000000
dijkstra-dial-skip,no_roads,gaussian,111,206.139000,1,1.000000
dijkstra-dial-skip,no_roads,gaussian,650,209.905000,1,1.000000
dijkstra-dial-skip,no_roads,gaussian,96,223.191000,1,1.000000
dijkstra-dial-skip,no_roads,gaussian,495,216.210000,1,1.000000
dijkstra-dial-skip,no_roads,gaussian,32,214.506000,1,1.000000
dijkstra-dial-skip,no_roads,gaussian,30,212.503000,1,1.000000
dijkstra-dial-skip,no_roads,gaussian,102,214.810000,1,1.000000
dijkstra-dial-skip,no_roads,gaussian,248,213.463000,1,1.000000
dijkstra-dial-skip,no_roads,gaussian,264,214.796000,1,1.000000
dijkstra-dial-skip,no_roads,gaussian,600,208.868000,1,1.000000
dijkstra-dial-skip,no_roads,gaussian,27,215.338000,1,1.000000
dijkstra-dial-skip,no_roads,gaussian,671,225.502000,1,1.000000
dijkstra-dial-skip,no_roads,gaussian,225,210.196000,1,1.000000
dijkstra-dial-skip,no_roads,gaussian,650,213.222000,1,1.000000
dijkstra-dial-skip,no_roads,gaussian,492,217.078000,1,1.000000
dijkstra-dial-skip,no_roads,gaussian,250,212.457000,1,1.000000
dijkstra-dial-skip,no_roads,gaussian,528,209.020000,1,1.000000
dijkstra-dial-skip,no_roads,gaussian,315,216.890000,1,1.000000
dijkstra-dial-skip,no_roads,gaussian,6,209.507000,1,1.000000
dijkstra-dial-skip,no_roads,gaussian,178,205.290000,1,1.000000
dijkstra-dial-skip,no_roads,gaussian,495,203.779000,1,1.000000
dijkstra-dial-skip,no_roads,gaussian,391,206.484000,1,1.000000
dijkstra-dial-skip,no_roads,gaussian,315,203.242000,1,1.000000
dijkstra-dial-skip,no_roads,gaussian,174,204.143000,1,1.000000
dijkstra-dial-skip,no_roads,gaussian,245,199.538000,1,1.000000
dijkstra-dial-skip,no_roads,gaussian,387,201.852000,1,1.000000
dijkstra-dial-skip,no_roads,gaussian,111,196.709000,1,1.000000
dijkstra-dial-skip,no_roads,gaussian,101,208.030000,1,1.000000
dijkstra-dial-skip,no_roads,gaussian,446,193.696000,1,1.000000
dijkstra-dial-skip,no_roads,gaussian,106,199.151000,1,1.000000
dijkstra-dial-skip,no_roads,gaussian,418,204.815000,1,1.000000
dijkstra-dial-skip,no_roads,gaussian,398,193.401000,1,1.000000
dijkstra-dial-skip,no_roads,gaussian,300,193.431000,1,1.000000
dijkstra-dial-skip,no_roads,gaussian,44,200.409000,1,1.000000
dijkstra-dial-skip,no_roads,gaussian,541,195.842000,1,1.000000
dijkstra-dial-skip,no_roads,gaussian,639,206.611000,1,1.000000
dijkstra-dial-skip,no_roads,gaussian,140,211.949000,1,1.000000
dijkstra-dial-skip,no_roads,gaussian,444,209.422000,1,1.000000
dijkstra-dial-skip,no_roads,gaussian,83,220.939000,1,1.000000
dijkstra-dial-skip,no_roads,gaussian,657,204.881000,1,1.000000
dijkstra-dial-skip,no_roads,gaussian,333,197.167000,1,1.000000
dijkstra-dial-skip,no_roads,gaussian,421,202.809000,1,1.000000
dijkstra-dial-skip,no_roads,gaussian,690,199.764000,1,1.000000
dijkstra-dial-skip,no_roads,gaussian,215,197.155000,1,1.000000
dijkstra-dial-skip,no_roads,gaussian,74,193.481000,1,1.000000
dijkstra-dial-skip,no_roads,gaussian,46,197.291000,1,1.000000
dijkstra-dial-skip,no_roads,gaussian,259,197.635000,1,1.000000
dijkstra-dial-skip,no_roads,gaussian,328,196.346000,1,1.000000
dijkstra-dial-skip,no_roads,gaussian,86,195.416000,1,1.000000
dijkstra-dial-skip,no_roads,gaussian,264,181.262000,1,1.000000
dijkstra-dial-skip,no_roads,gaussian,110,187.285000,1,1.000000
dijkstra-dial-skip,no_roads,gaussian,446,188.206000,1,1.000000
dijkstra-dial-skip,no_roads,gaussian,315,192.306000,1,1.000000
dijkstra-dial-skip,no_roads,gaussian,534,197.693000,1,1.000000
dijkstra-dial-skip,no_roads,gaussian,424,196.084000,1,1.000000
dijkstra-dial-skip,no_roads,gaussian,181,188.223000,1,1.000000
dijkstra-dial-skip,no_roads,gaussian,433,196.016000,1,1.000000
dijkstra-dial-skip,no_roads,gaussian,414,192.893000,1,1.000000
dijkstra-dial-skip,no_roads,gaussian,239,194.869000,1,1.000000
dijkstra-dial-skip,no_roads,gaussian,303,183.448000,1,1.000000
dijkstra-dial-skip,no_roads,gaussian,76,190.868000,1,1.000000
dijkstra-dial-skip,no_roads,gaussian,192,194.158000,1,1.000000
dijkstra-dial-skip,no_roads,gaussian,635,192.793000,1,1.000000
dijkstra-dial-skip,no_roads,gaussian,277,195.344000,1,1.000000
dijkstra-dial-skip,no_roads,gaussian,182,194.224000,1,1.000000
dijkstra-dial-skip,no_roads,gaussian,545,201.153000,1,1.000000
dijkstra-dial-skip,no_roads,gaussian,445,185.623000,1,1.000000
dijkstra-dial-skip,no_roads,gaussian,307,184.978000,1,1.000000
dijkstra-dial-skip,no_roads,gaussian,667,190.261000,1,1.000000
dijkstra-dial-skip,no_roads,gaussian,249,186.953000,1,1.000000
dijkstra-dial-skip,no_roads,gaussian,372,184.676000,1,1.000000
dijkstra-dial-skip,no_roads,gaussian,60,188.380000,1,1.000000
dijkstra-dial-skip,no_roads,gaussian,260,188.560000,1,1.000000
dijkstra-dial-skip,no_roads,gaussian,32,192.931000,1,1.000000
dijkstra-dial-skip,no_roads,gaussian,360,184.858000,1,1.000000
dijkstra-dial-skip,no_roads,gaussian,470,183.052000,1,1.000000
dijkstra-dial-skip,no_roads,gaussian,304,188.937000,1,1.000000
dijkstra-dial-skip,no_roads,gaussian,70,195.102000,1,1.000000
dijkstra-dial-skip,no_roads,gaussian,241,193.619000,1,1.000000
dijkstra-dial-skip,no_roads,gaussian,677,194.996000,1,1.000000
dijkstra-dial-skip,no_roads,gaussian,359,189.086000,1,1.000000
dijkstra-dial-skip,no_roads,gaussian,242,189.710000,1,1.000000
dijkstra-dial-skip,no_roads,gaussian,592,187.297000,1,1.000000
dijkstra-dial-skip,no_roads,gaussian,465,193.196000,1,1.000000
dijkstra-dial-skip,no_roads,gaussian,539,188.635000,1,1.000000
dijkstra-dial-skip,no_roads,gaussian,160,192.747000,1,1.000000
dijkstra-dial-skip,no_roads,gaussian,301,222.704000,1,1.000000
dijkstra-dial-skip,no_roads,gaussian,156,190.279000,1,1.000000
dijkstra-dial-skip,no_roads,gaussian,279,194.737000,1,1.000000
dijkstra-dial-skip,no_roads,gaussian,671,190.271000,1,1.000000
dijkstra-dial-skip,no_roads,gaussian,641,195.670000,1,1.000000
dijkstra-dial-skip,no_roads,gaussian,298,187.952000,1,1.000000
dijkstra-dial-skip,no_roads,gaussian,697,189.748000,1,1.000000
dijkstra-dial-skip,no_roads,gaussian,502,194.719000,1,1.000000
dijkstra-dial-skip,with_roads,gaussian,124,222.905000,1,1.000000
dijkstra-dial-skip,with_roads,gaussian,25,206.334000,1,1.000000
dijkstra-dial-skip,with_roads,gaussian,312,208.502000,1,1.000000
dijkstra-dial-skip,with_roads,gaussian,277,202.153000,1,1.000000
dijkstra-dial-skip,with_roads,gaussian,253,214.564000,1,1.000000
dijkstra-dial-skip,with_roads,gaussian,156,375.807000,1,1.000000
dijkstra-dial-skip,with_roads,gaussian,111,383.330000,1,1.000000
dijkstra-dial-skip,with_roads,gaussian,650,216.434000,1,1.000000
dijkstra-dial-skip,with_roads,gaussian,96,212.443000,1,1.000000
dijkstra-dial-skip,with_roads,gaussian,495,200.420000,1,1.000000
dijkstra-dial-skip,with_roads,gaussian,32,209.832000,1,1.000000
dijkstra-dial-skip,with_roads,gaussian,30,203.982000,1,1.000000
dijkstra-dial-skip,with_roads,gaussian,102,206.875000,1,1.000000
dijkstra-dial-skip,with_roads,gaussian,248,199.251000,1,1.000000
dijkstra-dial-skip,with_roads,gaussian,264,208.679000,1,1.000000
dijkstra-dial-skip,with_roads,gaussian,600,197.117000,1,1.000000
dijkstra-dial-skip,with_roads,gaussian,27,204.792000,1,1.000000
dijkstra-dial-skip,with_roads,gaussian,671,191.125000,1,1.000000
dijkstra-dial-skip,with_roads,gaussian,225,205.999000,1,1.000000
dijkstra-dial-skip,with_roads,gaussian,650,212.840000,1,1.000000
dijkstra-dial-skip,with_roads,gaussian,492,204.893000,1,1.000000
dijkstra-dial-skip,with_roads,gaussian,250,200.797000,1,1.000000
dijkstra-dial-skip,with_roads,gaussian,528,205.268000,1,1.000000
dijkstra-dial-skip,with_roads,gaussian,315,191.562000,1,1.000000
dijkstra-dial-skip,with_roads,gaussian,6,195.773000,1,1.000000
dijkstra-dial-skip,with_roads,gaussian,178,200.359000,1,1.000000
dijkstra-dial-skip,with_roads,gaussian,495,198.316000,1,1.000000
dijkstra-dial-skip,with_roads,gaussian,391,190.610000,1,1.000000
dijkstra-dial-skip,with_roads,gaussian,315,195.210000,1,1.000000
dijkstra-dial-skip,with_roads,gaussian,174,216.002000,1,1.000000
dijkstra-dial-skip,with_roads,gaussian,245,196.396000,1,1.000000
dijkstra-dial-skip,with_roads,gaussian,387,194.563000,1,1.000000
dijkstra-dial-skip,with_roads,gaussian,111,197.605000,1,1.000000
dijkstra-dial-skip,with_roads,gaussian,101,212.464000,1,1.000000
dijkstra-dial-skip,with_roads,gaussian,446,214.220000,1,1.000000
dijkstra-dial-skip,with_roads,gaussian,106,201.536000,1,1.000000
dijkstra-dial-skip,with_roads,gaussian,418,215.985000,1,1.000000
dijkstra-dial-skip,with_roads,gaussian,398,197.080000,1,1.000000
dijkstra-dial-skip,with_roads,gaussian,300,205.173000,1,1.000000
dijkstra-dial-skip,with_roads,gaussian,44,207.067000,1,1.000000
dijkstra-dial-skip,with_roads,gaussian,541,213.513000,1,1.000000
dijkstra-dial-skip,with_roads,gaussian,639,192.060000,1,1.000000
dijkstra-dial-skip,with_roads,gaussian,140,204.441000,1,1.000000
dijkstra-dial-skip,with_roads,gaussian,444,208.847000,1,1.000000
dijkstra-dial-skip,with_roads,gaussian,83,209.220000,1,1.000000
dijkstra-dial-skip,with_roads,gaussian,657,219.180000,1,1.000000
dijkstra-dial-skip,with_roads,gaussian,333,206.867000,1,1.000000
dijkstra-dial-skip,with_roads,gaussian,421,208.942000,1,1.000000
dijkstra-dial-skip,with_roads,gaussian,690,221.846000,1,1.000000
dijkstra-dial-skip,with_roads,gaussian,215,195.831000,1,1.000000
dijkstra-dial-skip,with_roads,gaussian,74,209.713000,1,1.000000
dijkstra-dial-skip,with_roads,gaussian,46,209.978000,1,1.000000
dijkstra-dial-skip,with_roads,gaussian,259,217.306000,1,1.000000
dijkstra-dial-skip,with_roads,gaussian,328,190.917000,1,1.000000
dijkstra-dial-skip,with_roads,gaussian,86,200.026000,1,1.000000
dijkstra-dial-skip,with_roads,gaussian,264,205.280000,1,1.000000
dijkstra-dial-skip,with_roads,gaussian,110,197.982000,1,1.000000
dijkstra-dial-skip,with_roads,gaussian,446,204.333000,1,1.000000
dijkstra-dial-skip,with_roads,gaussian,315,202.006000,1,1.000000
dijkstra-dial-skip,with_roads,gaussian,534,203.011000,1,1.000000
dijkstra-dial-skip,with_roads,gaussian,424,192.151000,1,1.000000
dijkstra-dial-skip,with_roads,gaussian,181,197.136000,1,1.000000
dijkstra-dial-skip,with_roads,gaussian,433,186.758000,1,1.000000
dijkstra-dial-skip,with_roads,gaussian,414,210.704000,1,1.000000
dijkstra-dial-skip,with_roads,gaussian,239,205.194000,1,1.000000
dijkstra-dial-skip,with_roads,gaussian,303,200.785000,1,1.000000
dijkstra-dial-skip,with_roads,gaussian,76,190.075000,1,1.000000
dijkstra-dial-skip,with_roads,gaussian,192,197.051000,1,1.000000
dijkstra-dial-skip,with_roads,gaussian,635,191.626000,1,1.000000
dijkstra-dial-skip,with_roads,gaussian,277,207.370000,1,1.000000
dijkstra-dial-skip,with_roads,gaussian,182,188.148000,1,1.000000
dijkstra-dial-skip,with_roads,gaussian,545,205.180000,1,1.000000
dijkstra-dial-skip,with_roads,gaussian,445,208.018000,1,1.000000
dijkstra-dial-skip,with_roads,gaussian,307,208.527000,1,1.000000
dijkstra-dial-skip,with_roads,gaussian,667,208.986000,1,1.000000
dijkstra-dial-skip,with_roads,gaussian,249,192.862000,1,1.000000
dijkstra-dial-skip,with_roads,gaussian,372,206.736000,1,1.000000
dijkstra-dial-skip,with_roads,gaussian,60,271.471000,1,1.000000
dijkstra-dial-skip,with_roads,gaussian,260,421.573000,1,1.000000
dijkstra-dial-skip,with_roads,gaussian,32,207.486000,1,1.000000
dijkstra-dial-skip,with_roads,gaussian,360,199.303000,1,1.000000
dijkstra-dial-skip,with_roads,gaussian,470,193.494000,1,1.000000
dijkstra-dial-skip,with_roads,gaussian,304,211.562000,1,1.000000
dijkstra-dial-skip,with_roads,gaussian,70,194.782000,1,1.000000
dijkstra-dial-skip,with_roads,gaussian,241,201.420000,1,1.000000
dijkstra-dial-skip,with_roads,gaussian,677,188.394000,1,1.000000
dijkstra-dial-skip,with_roads,gaussian,359,184.545000,1,1.000000
dijkstra-dial-skip,with_roads,gaussian,242,205.286000,1,1.000000
dijkstra-dial-skip,with_roads,gaussian,592,203.078000,1,1.000000
dijkstra-dial-skip,with_roads,gaussian,465,184.010000,1,1.000000
dijkstra-dial-skip,with_roads,gaussian,539,189.679000,1,1.000000
dijkstra-dial-skip,with_roads,gaussian,160,207.757000,1,1.000000
dijkstra-dial-skip,with_roads,gaussian,301,203.173000,1,1.000000
dijkstra-dial-skip,with_roads,gaussian,156,209.239000,1,1.000000
dijkstra-dial-skip,with_roads,gaussian,279,205.590000,1,1.000000
dijkstra-dial-skip,with_roads,gaussian,671,198.305000,1,1.000000
dijkstra-dial-skip,with_roads,gaussian,641,198.506000,1,1.000000
dijkstra-dial-skip,with_roads,gaussian,298,209.727000,1,1.000000
dijkstra-dial-skip,with_roads,gaussian,697,216.455000,1,1.000000
dijkstra-dial-skip,with_roads,gaussian,502,203.255000,1,1.000000
dijkstra-dial-skip,no_roads,git_branches,1707,135.646000,1,1.000000
dijkstra-dial-skip,no_roads,git_branches,228,297.649000,1,1.000000
dijkstra-dial-skip,no_roads,git_branches,51,301.681000,1,1.000000
dijkstra-dial-skip,no_roads,git_branches,627,2.202000,1,1.000000
dijkstra-dial-skip,no_roads,git_branches,541,296.582000,1,1.000000
dijkstra-dial-skip,no_roads,git_branches,481,1.732000,1,1.000000
dijkstra-dial-skip,no_roads,git_branches,285,298.497000,1,1.000000
dijkstra-dial-skip,no_roads,git_branches,209,282.712000,1,1.000000
dijkstra-dial-skip,no_roads,git_branches,1477,141.211000,1,1.000000
dijkstra-dial-skip,no_roads,git_branches,178,294.666000,1,1.000000
dijkstra-dial-skip,no_roads,git_branches,1607,131.427000,1,1.000000
dijkstra-dial-skip,no_roads,git_branches,1098,135.216000,1,1.000000
dijkstra-dial-skip,no_roads,git_branches,65,294.765000,1,1.000000
dijkstra-dial-skip,no_roads,git_branches,61,297.082000,1,1.000000
dijkstra-dial-skip,no_roads,git_branches,191,300.946000,1,1.000000
dijkstra-dial-skip,no_roads,git_branches,453,299.004000,1,1.000000
dijkstra-dial-skip,no_roads,git_branches,508,289.647000,1,1.000000
dijkstra-dial-skip,no_roads,git_branches,1354,135.989000,1,1.000000
dijkstra-dial-skip,no_roads,git_branches,1630,129.593000,1,1.000000
dijkstra-dial-skip,no_roads,git_branches,54,302.181000,1,1.000000
dijkstra-dial-skip,no_roads,git_branches,1528,128.885000,1,1.000000
dijkstra-dial-skip,no_roads,git_branches,407,290.769000,1,1.000000
dijkstra-dial-skip,no_roads,git_branches,1728,132.436000,1,1.000000
dijkstra-dial-skip,no_roads,git_branches,1477,135.795000,1,1.000000
dijkstra-dial-skip,no_roads,git_branches,1089,289.254000,1,1.000000
dijkstra-dial-skip,no_roads,git_branches,457,297.649000,1,1.000000
dijkstra-dial-skip,no_roads,git_branches,1213,288.210000,1,1.000000
dijkstra-dial-skip,no_roads,git_branches,1604,138.698000,1,1.000000
dijkstra-dial-skip,no_roads,git_branches,645,297.675000,1,1.000000
dijkstra-dial-skip,no_roads,git_branches,13,285.216000,1,1.000000
dijkstra-dial-skip,no_roads,git_branches,326,287.448000,1,1.000000
dijkstra-dial-skip,no_roads,git_branches,1099,140.199000,1,1.000000
dijkstra-dial-skip,no_roads,git_branches,835,324.510000,1,1.000000
dijkstra-dial-skip,no_roads,git_branches,645,288.595000,1,1.000000
dijkstra-dial-skip,no_roads,git_branches,318,292.959000,1,1.000000
dijkstra-dial-skip,no_roads,git_branches,446,305.045000,1,1.000000
dijkstra-dial-skip,no_roads,git_branches,814,280.410000,1,1.000000
dijkstra-dial-skip,no_roads,git_branches,209,293.037000,1,1.000000
dijkstra-dial-skip,no_roads,git_branches,189,292.199000,1,1.000000
dijkstra-dial-skip,no_roads,git_branches,953,289.736000,1,1.000000
dijkstra-dial-skip,no_roads,git_branches,198,289.112000,1,1.000000
dijkstra-dial-skip,no_roads,git_branches,899,145.403000,1,1.000000
dijkstra-dial-skip,no_roads,git_branches,848,133.761000,1,1.000000
dijkstra-dial-skip,no_roads,git_branches,1634,126.583000,1,1.000000
dijkstra-dial-skip,no_roads,git_branches,588,311.618000,1,1.000000
dijkstra-dial-skip,no_roads,git_branches,88,299.356000,1,1.000000
dijkstra-dial-skip,no_roads,git_branches,1246,141.482000,1,1.000000
dijkstra-dial-skip,no_roads,git_branches,1454,134.501000,1,1.000000
dijkstra-dial-skip,no_roads,git_branches,255,294.241000,1,1.000000
dijkstra-dial-skip,no_roads,git_branches,949,134.753000,1,1.000000
dijkstra-dial-skip,no_roads,git_branches,161,298.232000,1,1.000000
dijkstra-dial-skip,no_roads,git_branches,1496,128.291000,1,1.000000
dijkstra-dial-skip,no_roads,git_branches,700,132.464000,1,1.000000
dijkstra-dial-skip,no_roads,git_branches,1685,132.893000,1,1.000000
dijkstra-dial-skip,no_roads,git_branches,1664,126.491000,1,1.000000
dijkstra-dial-skip,no_roads,git_branches,905,290.574000,1,1.000000
dijkstra-dial-skip,no_roads,git_branches,1577,123.969000,1,1.000000
dijkstra-dial-skip,no_roads,git_branches,393,294.313000,1,1.000000
dijkstra-dial-skip,no_roads,git_branches,142,302.304000,1,1.000000
dijkstra-dial-skip,no_roads,git_branches,93,298.299000,1,1.000000
dijkstra-dial-skip,no_roads,git_branches,498,289.572000,1,1.000000
dijkstra-dial-skip,no_roads,git_branches,683,304.569000,1,1.000000
dijkstra-dial-skip,no_roads,git_branches,163,292.106000,1,1.000000
dijkstra-dial-skip,no_roads,git_branches,508,283.104000,1,1.000000
dijkstra-dial-skip,no_roads,git_branches,206,296.703000,1,1.000000
dijkstra-dial-skip,no_roads,git_branches,953,287.479000,1,1.000000
dijkstra-dial-skip,no_roads,git_branches,645,311.175000,1,1.000000
dijkstra-dial-skip,no_roads,git_branches,1229,139.509000,1,1.000000
dijkstra-dial-skip,no_roads,git_branches,1699,156.747000,1,1.000000
dijkstra-dial-skip,no_roads,git_branches,915,294.153000,1,1.000000
dijkstra-dial-skip,no_roads,git_branches,333,284.364000,1,1.000000
dijkstra-dial-skip,no_roads,git_branches,927,284.421000,1,1.000000
dijkstra-dial-skip,no_roads,git_branches,887,1.480000,1,1.000000
dijkstra-dial-skip,no_roads,git_branches,435,288.193000,1,1.000000
dijkstra-dial-skip,no_roads,git_branches,594,294.222000,1,1.000000
dijkstra-dial-skip,no_roads,git_branches,1725,136.540000,1,1.000000
dijkstra-dial-skip,no_roads,git_branches,146,291.530000,1,1.000000
dijkstra-dial-skip,no_roads,git_branches,1645,132.424000,1,1.000000
dijkstra-dial-skip,no_roads,git_branches,1698,129.399000,1,1.000000
dijkstra-dial-skip,no_roads,git_branches,350,290.756000,1,1.000000
dijkstra-dial-skip,no_roads,git_branches,1449,130.325000,1,1.000000
dijkstra-dial-skip,no_roads,git_branches,541,292.105000,1,1.000000
dijkstra-dial-skip,no_roads,git_branches,334,296.379000,1,1.000000
dijkstra-dial-skip,no_roads,git_branches,1252,133.841000,1,1.000000
dijkstra-dial-skip,no_roads,git_branches,951,133.554000,1,1.000000
dijkstra-dial-skip,no_roads,git_branches,600,293.016000,1,1.000000
dijkstra-dial-skip,no_roads,git_branches,1708,126.227000,1,1.000000
dijkstra-dial-skip,no_roads,git_branches,1515,1.513000,1,1.000000
dijkstra-dial-skip,no_roads,git_branches,455,285.064000,1,1.000000
dijkstra-dial-skip,no_roads,git_branches,782,289.849000,1,1.000000
dijkstra-dial-skip,no_roads,git_branches,114,296.571000,1,1.000000
dijkstra-dial-skip,no_roads,git_branches,501,285.024000,1,1.000000
dijkstra-dial-skip,no_roads,git_branches,65,295.199000,1,1.000000
dijkstra-dial-skip,no_roads,git_branches,757,296.838000,1,1.000000
dijkstra-dial-skip,no_roads,git_branches,1028,1.569000,1,1.000000
dijkstra-dial-skip,no_roads,git_branches,596,289.127000,1,1.000000
dijkstra-dial-skip,no_roads,git_branches,135,293.497000,1,1.000000
dijkstra-dial-skip,no_roads,git_branches,438,283.851000,1,1.000000
dijkstra-dial-skip,no_roads,git_branches,1553,132.609000,1,1.000000
dijkstra-dial-skip,no_roads,git_branches,755,291.237000,1,1.000000
dijkstra-dial-skip,with_roads,git_branches,1707,150.029000,1,1.000000
dijkstra-dial-skip,with_roads,git_branches,228,331.361000,1,1.000000
dijkstra-dial-skip,with_roads,git_branches,51,303.788000,1,1.000000
dijkstra-dial-skip,with_roads,git_branches,627,1.945000,1,1.000000
dijkstra-dial-skip,with_roads,git_branches,541,321.931000,1,1.000000
dijkstra-dial-skip,with_roads,git_branches,481,1.731000,1,1.000000
dijkstra-dial-skip,with_roads,git_branches,285,331.411000,1,1.000000
dijkstra-dial-skip,with_roads,git_branches,209,303.954000,1,1.000000
dijkstra-dial-skip,with_roads,git_branches,1477,149.922000,1,1.000000
dijkstra-dial-skip,with_roads,git_branches,178,327.175000,1,1.000000
dijkstra-dial-skip,with_roads,git_branches,1607,140.757000,1,1.000000
dijkstra-dial-skip,with_roads,git_branches,1098,160.929000,1,1.000000
dijkstra-dial-skip,with_roads,git_branches,65,345.924000,1,1.000000
dijkstra-dial-skip,with_roads,git_branches,61,335.138000,1,1.000000
dijkstra-dial-skip,with_roads,git_branches,191,339.082000,1,1.000000
dijkstra-dial-skip,with_roads,git_branches,453,314.502000,1,1.000000
dijkstra-dial-skip,with_roads,git_branches,508,366.809000,1,1.000000
dijkstra-dial-skip,with_roads,git_branches,1354,148.542000,1,1.000000
dijkstra-dial-skip,with_roads,git_branches,1630,130.560000,1,1.000000
dijkstra-dial-skip,with_roads,git_branches,54,313.653000,1,1.000000
dijkstra-dial-skip,with_roads,git_branches,1528,129.657000,1,1.000000
dijkstra-dial-skip,with_roads,git_branches,407,292.361000,1,1.000000
dijkstra-dial-skip,with_roads,git_branches,1728,133.544000,1,1.000000
dijkstra-dial-skip,with_roads,git_branches,1477,132.865000,1,1.000000
dijkstra-dial-skip,with_roads,git_branches,1089,335.603000,1,1.000000
dijkstra-dial-skip,with_roads,git_branches,457,296.551000,1,1.000000
dijkstra-dial-skip,with_roads,git_branches,1213,294.219000,1,1.000000
dijkstra-dial-skip,with_roads,git_branches,1604,141.141000,1,1.000000
dijkstra-dial-skip,with_roads,git_branches,645,326.533000,1,1.000000
dijkstra-dial-skip,with_roads,git_branches,13,306.606000,1,1.000000
dijkstra-dial-skip,with_roads,git_branches,326,326.869000,1,1.000000
dijkstra-dial-skip,with_roads,git_branches,1099,138.140000,1,1.000000
dijkstra-dial-skip,with_roads,git_branches,835,329.525000,1,1.000000
dijkstra-dial-skip,with_roads,git_branches,645,327.080000,1,1.000000
dijkstra-dial-skip,with_roads,git_branches,318,328.791000,1,1.000000
dijkstra-dial-skip,with_roads,git_branches,446,324.862000,1,1.000000
dijkstra-dial-skip,with_roads,git_branches,814,307.736000,1,1.000000
dijkstra-dial-skip,with_roads,git_branches,209,287.368000,1,1.000000
dijkstra-dial-skip,with_roads,git_branches,189,312.819000,1,1.000000
dijkstra-dial-skip,with_roads,git_branches,953,283.045000,1,1.000000
dijkstra-dial-skip,with_roads,git_branches,198,322.542000,1,1.000000
dijkstra-dial-skip,with_roads,git_branches,899,133.491000,1,1.000000
dijkstra-dial-skip,with_roads,git_branches,848,131.736000,1,1.000000
dijkstra-dial-skip,with_roads,git_branches,1634,126.010000,1,1.000000
dijkstra-dial-skip,with_roads,git_branches,588,319.552000,1,1.000000
dijkstra-dial-skip,with_roads,git_branches,88,316.463000,1,1.000000
dijkstra-dial-skip,with_roads,git_branches,1246,130.392000,1,1.000000
dijkstra-dial-skip,with_roads,git_branches,1454,125.002000,1,1.000000
dijkstra-dial-skip,with_roads,git_branches,255,290.516000,1,1.000000
dijkstra-dial-skip,with_roads,git_branches,949,135.303000,1,1.000000
dijkstra-dial-skip,with_roads,git_branches,161,293.722000,1,1.000000
dijkstra-dial-skip,with_roads,git_branches,1496,128.805000,1,1.000000
dijkstra-dial-skip,with_roads,git_branches,700,133.293000,1,1.000000
dijkstra-dial-skip,with_roads,git_branches,1685,134.452000,1,1.000000
dijkstra-dial-skip,with_roads,git_branches,1664,128.890000,1,1.000000
dijkstra-dial-skip,with_roads,git_branches,905,293.900000,1,1.000000
dijkstra-dial-skip,with_roads,git_branches,1577,130.191000,1,1.000000
dijkstra-dial-skip,with_roads,git_branches,393,323.400000,1,1.000000
dijkstra-dial-skip,with_roads,git_branches,142,339.151000,1,1.000000
dijkstra-dial-skip,with_roads,git_branches,93,327.768000,1,1.000000
dijkstra-dial-skip,with_roads,git_branches,498,324.306000,1,1.000000
dijkstra-dial-skip,with_roads,git_branches,683,319.833000,1,1.000000
dijkstra-dial-skip,with_roads,git_branches,163,302.530000,1,1.000000
dijkstra-dial-skip,with_roads,git_branches,508,293.127000,1,1.000000
dijkstra-dial-skip,with_roads,git_branches,206,292.312000,1,1.000000
dijkstra-dial-skip,with_roads,git_branches,953,286.577000,1,1.000000
dijkstra-dial-skip,with_roads,git_branches,645,317.680000,1,1.000000
dijkstra-dial-skip,with_roads,git_branches,1229,131.472000,1,1.000000
dijkstra-dial-skip,with_roads,git_branches,1699,130.742000,1,1.000000
dijkstra-dial-skip,with_roads,git_branches,915,315.149000,1,1.000000
dijkstra-dial-skip,with_roads,git_branches,333,333.216000,1,1.000000
dijkstra-dial-skip,with_roads,git_branches,927,321.027000,1,1.000000
dijkstra-dial-skip,with_roads,git_branches,887,1.583000,1,1.000000
dijkstra-dial-skip,with_roads,git_branches,435,330.081000,1,1.000000
dijkstra-dial-skip,with_roads,git_branches,594,325.199000,1,1.000000
dijkstra-dial-skip,with_roads,git_branches,1725,141.684000,1,1.000000
dijkstra-dial-skip,with_roads,git_branches,146,348.244000,1,1.000000
dijkstra-dial-skip,with_roads,git_branches,1645,136.577000,1,1.000000
dijkstra-dial-skip,with_roads,git_branches,1698,137.141000,1,1.000000
dijkstra-dial-skip,with_roads,git_branches,350,312.524000,1,1.000000
dijkstra-dial-skip,with_roads,git_branches,1449,138.300000,1,1.000000
dijkstra-dial-skip,with_roads,git_branches,541,334.389000,1,1.000000
dijkstra-dial-skip,with_roads,git_branches,334,324.123000,1,1.000000
dijkstra-dial-skip,with_roads,git_branches,1252,136.083000,1,1.000000
dijkstra-dial-skip,with_roads,git_branches,951,138.595000,1,1.000000
dijkstra-dial-skip,with_roads,git_branches,600,302.142000,1,1.000000
dijkstra-dial-skip,with_roads,git_branches,1708,127.193000,1,1.000000
dijkstra-dial-skip,with_roads,git_branches,1515,1.402000,1,1.000000
dijkstra-dial-skip,with_roads,git_branches,455,291.702000,1,1.000000
dijkstra-dial-skip,with_roads,git_branches,782,319.021000,1,1.000000
dijkstra-dial-skip,with_roads,git_branches,114,312.771000,1,1.000000
dijkstra-dial-skip,with_roads,git_branches,501,288.246000,1,1.000000
dijkstra-dial-skip,with_roads,git_branches,65,311.476000,1,1.000000
dijkstra-dial-skip,with_roads,git_branches,757,296.029000,1,1.000000
dijkstra-dial-skip,with_roads,git_branches,1028,1.497000,1,1.000000
dijkstra-dial-skip,with_roads,git_branches,596,317.970000,1,1.000000
dijkstra-dial-skip,with_roads,git_branches,135,315.610000,1,1.000000
dijkstra-dial-skip,with_roads,git_branches,438,342.525000,1,1.000000
dijkstra-dial-skip,with_roads,git_branches,1553,142.119000,1,1.000000
dijkstra-dial-skip,with_roads,git_branches,755,298.482000,1,1.000000
dijkstra-dial-skip,no_roads,hooks,793,285.615000,1,1.000000
dijkstra-dial-skip,no_roads,hooks,131,270.583000,1,1.000000
dijkstra-dial-skip,no_roads,hooks,25,281.352000,1,1.000000
dijkstra-dial-skip,no_roads,hooks,923,271.852000,1,1.000000
dijkstra-dial-skip,no_roads,hooks,334,292.704000,1,1.000000
dijkstra-dial-skip,no_roads,hooks,300,276.528000,1,1.000000
dijkstra-dial-skip,no_roads,hooks,268,271.589000,1,1.000000
dijkstra-dial-skip,no_roads,hooks,167,274.487000,1,1.000000
dijkstra-dial-skip,no_roads,hooks,917,268.176000,1,1.000000
dijkstra-dial-skip,no_roads,hooks,121,265.148000,1,1.000000
dijkstra-dial-skip,no_roads,hooks,839,262.193000,1,1.000000
dijkstra-dial-skip,no_roads,hooks,922,256.143000,1,1.000000
dijkstra-dial-skip,no_roads,hooks,681,261.733000,1,1.000000
dijkstra-dial-skip,no_roads,hooks,98,264.485000,1,1.000000
dijkstra-dial-skip,no_roads,hooks,736,271.328000,1,1.000000
dijkstra-dial-skip,no_roads,hooks,526,263.608000,1,1.000000
dijkstra-dial-skip,no_roads,hooks,32,259.329000,1,1.000000
dijkstra-dial-skip,no_roads,hooks,30,266.226000,1,1.000000
dijkstra-dial-skip,no_roads,hooks,105,268.606000,1,1.000000
dijkstra-dial-skip,no_roads,hooks,257,255.116000,1,1.000000
dijkstra-dial-skip,no_roads,hooks,279,250.719000,1,1.000000
dijkstra-dial-skip,no_roads,hooks,628,248.821000,1,1.000000
dijkstra-dial-skip,no_roads,hooks,748,243.696000,1,1.000000
dijkstra-dial-skip,no_roads,hooks,27,256.174000,1,1.000000
dijkstra-dial-skip,no_roads,hooks,704,252.145000,1,1.000000
dijkstra-dial-skip,no_roads,hooks,236,251.858000,1,1.000000
dijkstra-dial-skip,no_roads,hooks,893,258.692000,1,1.000000
dijkstra-dial-skip,no_roads,hooks,810,271.589000,1,1.000000
dijkstra-dial-skip,no_roads,hooks,874,261.810000,1,1.000000
dijkstra-dial-skip,no_roads,hooks,681,255.382000,1,1.000000
dijkstra-dial-skip,no_roads,hooks,523,262.905000,1,1.000000
dijkstra-dial-skip,no_roads,hooks,261,259.522000,1,1.000000
dijkstra-dial-skip,no_roads,hooks,559,254.474000,1,1.000000
dijkstra-dial-skip,no_roads,hooks,735,257.915000,1,1.000000
dijkstra-dial-skip,no_roads,hooks,337,308.291000,1,1.000000
dijkstra-dial-skip,no_roads,hooks,6,294.623000,1,1.000000
dijkstra-dial-skip,no_roads,hooks,941,274.322000,1,1.000000
dijkstra-dial-skip,no_roads,hooks,193,287.210000,1,1.000000
dijkstra-dial-skip,no_roads,hooks,870,256.185000,1,1.000000
dijkstra-dial-skip,no_roads,hooks,526,274.351000,1,1.000000
dijkstra-dial-skip,no_roads,hooks,414,255.434000,1,1.000000
dijkstra-dial-skip,no_roads,hooks,337,264.505000,1,1.000000
dijkstra-dial-skip,no_roads,hooks,189,269.894000,1,1.000000
dijkstra-dial-skip,no_roads,hooks,254,283.254000,1,1.000000
dijkstra-dial-skip,no_roads,hooks,945,268.920000,1,1.000000
dijkstra-dial-skip,no_roads,hooks,410,283.483000,1,1.000000
dijkstra-dial-skip,no_roads,hooks,121,271.629000,1,1.000000
dijkstra-dial-skip,no_roads,hooks,103,267.679000,1,1.000000
dijkstra-dial-skip,no_roads,hooks,469,262.103000,1,1.000000
dijkstra-dial-skip,no_roads,hooks,110,266.344000,1,1.000000
dijkstra-dial-skip,no_roads,hooks,437,271.607000,1,1.000000
dijkstra-dial-skip,no_roads,hooks,420,260.266000,1,1.000000
dijkstra-dial-skip,no_roads,hooks,750,256.885000,1,1.000000
dijkstra-dial-skip,no_roads,hooks,321,262.413000,1,1.000000
dijkstra-dial-skip,no_roads,hooks,45,256.551000,1,1.000000
dijkstra-dial-skip,no_roads,hooks,910,250.189000,1,1.000000
dijkstra-dial-skip,no_roads,hooks,578,262.464000,1,1.000000
dijkstra-dial-skip,no_roads,hooks,665,253.665000,1,1.000000
dijkstra-dial-skip,no_roads,hooks,145,261.948000,1,1.000000
dijkstra-dial-skip,no_roads,hooks,466,253.882000,1,1.000000
dijkstra-dial-skip,no_roads,hooks,88,276.313000,1,1.000000
dijkstra-dial-skip,no_roads,hooks,688,276.266000,1,1.000000
dijkstra-dial-skip,no_roads,hooks,354,251.377000,1,1.000000
dijkstra-dial-skip,no_roads,hooks,777,258.821000,1,1.000000
dijkstra-dial-skip,no_roads,hooks,767,257.663000,1,1.000000
dijkstra-dial-skip,no_roads,hooks,441,255.842000,1,1.000000
dijkstra-dial-skip,no_roads,hooks,722,257.045000,1,1.000000
dijkstra-dial-skip,no_roads,hooks,228,258.909000,1,1.000000
dijkstra-dial-skip,no_roads,hooks,877,258.798000,1,1.000000
dijkstra-dial-skip,no_roads,hooks,79,254.424000,1,1.000000
dijkstra-dial-skip,no_roads,hooks,47,261.896000,1,1.000000
dijkstra-dial-skip,no_roads,hooks,823,255.282000,1,1.000000
dijkstra-dial-skip,no_roads,hooks,274,257.784000,1,1.000000
dijkstra-dial-skip,no_roads,hooks,955,260.437000,1,1.000000
dijkstra-dial-skip,no_roads,hooks,350,252.882000,1,1.000000
dijkstra-dial-skip,no_roads,hooks,89,262.225000,1,1.000000
dijkstra-dial-skip,no_roads,hooks,279,269.729000,1,1.000000
dijkstra-dial-skip,no_roads,hooks,114,262.711000,1,1.000000
dijkstra-dial-skip,no_roads,hooks,469,257.653000,1,1.000000
dijkstra-dial-skip,no_roads,hooks,337,254.442000,1,1.000000
dijkstra-dial-skip,no_roads,hooks,572,247.195000,1,1.000000
dijkstra-dial-skip,no_roads,hooks,785,257.705000,1,1.000000
dijkstra-dial-skip,no_roads,hooks,450,254.230000,1,1.000000
dijkstra-dial-skip,no_roads,hooks,196,267.448000,1,1.000000
dijkstra-dial-skip,no_roads,hooks,457,255.583000,1,1.000000
dijkstra-dial-skip,no_roads,hooks,433,259.956000,1,1.000000
dijkstra-dial-skip,no_roads,hooks,248,260.595000,1,1.000000
dijkstra-dial-skip,no_roads,hooks,833,261.681000,1,1.000000
dijkstra-dial-skip,no_roads,hooks,325,255.373000,1,1.000000
dijkstra-dial-skip,no_roads,hooks,874,260.861000,1,1.000000
dijkstra-dial-skip,no_roads,hooks,852,252.213000,1,1.000000
dijkstra-dial-skip,no_roads,hooks,808,258.134000,1,1.000000
dijkstra-dial-skip,no_roads,hooks,81,254.009000,1,1.000000
dijkstra-dial-skip,no_roads,hooks,756,322.979000,1,1.000000
dijkstra-dial-skip,no_roads,hooks,785,248.974000,1,1.000000
dijkstra-dial-skip,no_roads,hooks,206,251.236000,1,1.000000
dijkstra-dial-skip,no_roads,hooks,660,249.120000,1,1.000000
dijkstra-dial-skip,no_roads,hooks,909,254.544000,1,1.000000
dijkstra-dial-skip,no_roads,hooks,300,253.708000,1,1.000000
dijkstra-dial-skip,no_roads,hooks,197,259.650000,1,1.000000
dijkstra-dial-skip,with_roads,hooks,793,264.156000,1,1.000000
dijkstra-dial-skip,with_roads,hooks,131,255.686000,1,1.000000
dijkstra-dial-skip,with_roads,hooks,25,270.137000,1,1.000000
dijkstra-dial-skip,with_roads,hooks,923,263.854000,1,1.000000
dijkstra-dial-skip,with_roads,hooks,334,275.528000,1,1.000000
dijkstra-dial-skip,with_roads,hooks,300,267.854000,1,1.000000
dijkstra-dial-skip,with_roads,hooks,268,262.337000,1,1.000000
dijkstra-dial-skip,with_roads,hooks,167,276.137000,1,1.000000
dijkstra-dial-skip,with_roads,hooks,917,259.293000,1,1.000000
dijkstra-dial-skip,with_roads,hooks,121,265.228000,1,1.000000
dijkstra-dial-skip,with_roads,hooks,839,257.727000,1,1.000000
dijkstra-dial-skip,with_roads,hooks,922,257.977000,1,1.000000
dijkstra-dial-skip,with_roads,hooks,681,262.956000,1,1.000000
dijkstra-dial-skip,with_roads,hooks,98,259.956000,1,1.000000
dijkstra-dial-skip,with_roads,hooks,736,256.206000,1,1.000000
dijkstra-dial-skip,with_roads,hooks,526,266.722000,1,1.000000
dijkstra-dial-skip,with_roads,hooks,32,270.702000,1,1.000000
dijkstra-dial-skip,with_roads,hooks,30,270.208000,1,1.000000
dijkstra-dial-skip,with_roads,hooks,105,258.652000,1,1.000000
dijkstra-dial-skip,with_roads,hooks,257,265.839000,1,1.000000
dijkstra-dial-skip,with_roads,hooks,279,263.788000,1,1.000000
dijkstra-dial-skip,with_roads,hooks,628,262.056000,1,1.000000
dijkstra-dial-skip,with_roads,hooks,748,266.345000,1,1.000000
dijkstra-dial-skip,with_roads,hooks,27,262.947000,1,1.000000
dijkstra-dial-skip,with_roads,hooks,704,253.844000,1,1.000000
dijkstra-dial-skip,with_roads,hooks,236,264.178000,1,1.000000
dijkstra-dial-skip,with_roads,hooks,893,277.223000,1,1.000000
dijkstra-dial-skip,with_roads,hooks,810,254.512000,1,1.000000
dijkstra-dial-skip,with_roads,hooks,874,257.820000,1,1.000000
dijkstra-dial-skip,with_roads,hooks,681,269.773000,1,1.000000
dijkstra-dial-skip,with_roads,hooks,523,273.454000,1,1.000000
dijkstra-dial-skip,with_roads,hooks,261,263.855000,1,1.000000
dijkstra-dial-skip,with_roads,hooks,559,271.059000,1,1.000000
dijkstra-dial-skip,with_roads,hooks,735,261.223000,1,1.000000
dijkstra-dial-skip,with_roads,hooks,337,262.309000,1,1.000000
dijkstra-dial-skip,with_roads,hooks,6,277.381000,1,1.000000
dijkstra-dial-skip,with_roads,hooks,941,283.670000,1,1.000000
dijkstra-dial-skip,with_roads,hooks,193,268.292000,1,1.000000
dijkstra-dial-skip,with_roads,hooks,870,275.105000,1,1.000000
dijkstra-dial-skip,with_roads,hooks,526,280.812000,1,1.000000
dijkstra-dial-skip,with_roads,hooks,414,268.824000,1,1.000000
dijkstra-dial-skip,with_roads,hooks,337,285.757000,1,1.000000
dijkstra-dial-skip,with_roads,hooks,189,282.981000,1,1.000000
dijkstra-dial-skip,with_roads,hooks,254,271.592000,1,1.000000
dijkstra-dial-skip,with_roads,hooks,945,265.342000,1,1.000000
dijkstra-dial-skip,with_roads,hooks,410,269.813000,1,1.000000
dijkstra-dial-skip,with_roads,hooks,121,274.067000,1,1.000000
dijkstra-dial-skip,with_roads,hooks,103,265.014000,1,1.000000
dijkstra-dial-skip,with_roads,hooks,469,269.405000,1,1.000000
dijkstra-dial-skip,with_roads,hooks,110,260.743000,1,1.000000
dijkstra-dial-skip,with_roads,hooks,437,270.973000,1,1.000000
dijkstra-dial-skip,with_roads,hooks,420,267.707000,1,1.000000
dijkstra-dial-skip,with_roads,hooks,750,270.347000,1,1.000000
dijkstra-dial-skip,with_roads,hooks,321,268.016000,1,1.000000
dijkstra-dial-skip,with_roads,hooks,45,260.122000,1,1.000000
dijkstra-dial-skip,with_roads,hooks,910,260.576000,1,1.000000
dijkstra-dial-skip,with_roads,hooks,578,263.156000,1,1.000000
dijkstra-dial-skip,with_roads,hooks,665,260.153000,1,1.000000
dijkstra-dial-skip,with_roads,hooks,145,266.622000,1,1.000000
dijkstra-dial-skip,with_roads,hooks,466,268.650000,1,1.000000
dijkstra-dial-skip,with_roads,hooks,88,260.658000,1,1.000000
dijkstra-dial-skip,with_roads,hooks,688,254.008000,1,1.000000
dijkstra-dial-skip,with_roads,hooks,354,250.453000,1,1.000000
dijkstra-dial-skip,with_roads,hooks,777,256.970000,1,1.000000
dijkstra-dial-skip,with_roads,hooks,767,263.757000,1,1.000000
dijkstra-dial-skip,with_roads,hooks,441,269.986000,1,1.000000
dijkstra-dial-skip,with_roads,hooks,722,276.310000,1,1.000000
dijkstra-dial-skip,with_roads,hooks,228,265.603000,1,1.000000
dijkstra-dial-skip,with_roads,hooks,877,254.700000,1,1.000000
dijkstra-dial-skip,with_roads,hooks,79,253.082000,1,1.000000
dijkstra-dial-skip,with_roads,hooks,47,250.018000,1,1.000000
dijkstra-dial-skip,with_roads,hooks,823,244.306000,1,1.000000
dijkstra-dial-skip,with_roads,hooks,274,257.478000,1,1.000000
dijkstra-dial-skip,with_roads,hooks,955,249.885000,1,1.000000
dijkstra-dial-skip,with_roads,hooks,350,263.762000,1,1.000000
dijkstra-dial-skip,with_roads,hooks,89,263.842000,1,1.000000
dijkstra-dial-skip,with_roads,hooks,279,262.026000,1,1.000000
dijkstra-dial-skip,with_roads,hooks,114,254.463000,1,1.000000
dijkstra-dial-skip,with_roads,hooks,469,263.744000,1,1.000000
dijkstra-dial-skip,with_roads,hooks,337,295.695000,1,1.000000
dijkstra-dial-skip,with_roads,hooks,572,241.901000,1,1.000000
dijkstra-dial-skip,with_roads,hooks,785,256.214000,1,1.000000
dijkstra-dial-skip,with_roads,hooks,450,252.486000,1,1.000000
dijkstra-dial-skip,with_roads,hooks,196,256.011000,1,1.000000
dijkstra-dial-skip,with_roads,hooks,457,252.058000,1,1.000000
dijkstra-dial-skip,with_roads,hooks,433,336.967000,1,1.000000
dijkstra-dial-skip,with_roads,hooks,248,253.744000,1,1.000000
dijkstra-dial-skip,with_roads,hooks,833,265.807000,1,1.000000
dijkstra-dial-skip,with_roads,hooks,325,250.693000,1,1.000000
dijkstra-dial-skip,with_roads,hooks,874,262.630000,1,1.000000
dijkstra-dial-skip,with_roads,hooks,852,249.863000,1,1.000000
dijkstra-dial-skip,with_roads,hooks,808,260.223000,1,1.000000
dijkstra-dial-skip,with_roads,hooks,81,250.417000,1,1.000000
dijkstra-dial-skip,with_roads,hooks,756,248.045000,1,1.000000
dijkstra-dial-skip,with_roads,hooks,785,245.129000,1,1.000000
dijkstra-dial-skip,with_roads,hooks,206,252.125000,1,1.000000
dijkstra-dial-skip,with_roads,hooks,660,259.498000,1,1.000000
dijkstra-dial-skip,with_roads,hooks,909,249.449000,1,1.000000
dijkstra-dial-skip,with_roads,hooks,300,262.672000,1,1.000000
dijkstra-dial-skip,with_roads,hooks,197,265.556000,1,1.000000
dijkstra-dial-skip,no_roads,hopscotch,281,343.763000,1,1.000000
dijkstra-dial-skip,no_roads,hopscotch,62,323.930000,1,1.000000
dijkstra-dial-skip,no_roads,hopscotch,674,336.885000,1,1.000000
dijkstra-dial-skip,no_roads,hopscotch,605,339.493000,1,1.000000
dijkstra-dial-skip,no_roads,hopscotch,546,357.620000,1,1.000000
dijkstra-dial-skip,no_roads,hopscotch,342,323.335000,1,1.000000
dijkstra-dial-skip,no_roads,hopscotch,253,323.170000,1,1.000000
dijkstra-dial-skip,no_roads,hopscotch,219,323.411000,1,1.000000
dijkstra-dial-skip,no_roads,hopscotch,1022,333.179000,1,1.000000
dijkstra-dial-skip,no_roads,hopscotch,80,2.204000,1,1.000000
dijkstra-dial-skip,no_roads,hopscotch,74,1.668000,1,1.000000
dijkstra-dial-skip,no_roads,hopscotch,234,327.981000,1,1.000000
dijkstra-dial-skip,no_roads,hopscotch,534,329.304000,1,1.000000
dijkstra-dial-skip,no_roads,hopscotch,566,322.227000,1,1.000000
dijkstra-dial-skip,no_roads,hopscotch,1217,339.444000,1,1.000000
dijkstra-dial-skip,no_roads,hopscotch,65,325.610000,1,1.000000
dijkstra-dial-skip,no_roads,hopscotch,489,373.594000,1,1.000000
dijkstra-dial-skip,no_roads,hopscotch,1017,320.013000,1,1.000000
dijkstra-dial-skip,no_roads,hopscotch,539,320.198000,1,1.000000
dijkstra-dial-skip,no_roads,hopscotch,1088,323.113000,1,1.000000
dijkstra-dial-skip,no_roads,hopscotch,680,312.613000,1,1.000000
dijkstra-dial-skip,no_roads,hopscotch,13,319.727000,1,1.000000
dijkstra-dial-skip,no_roads,hopscotch,387,315.155000,1,1.000000
dijkstra-dial-skip,no_roads,hopscotch,1023,316.523000,1,1.000000
dijkstra-dial-skip,no_roads,hopscotch,832,363.314000,1,1.000000
dijkstra-dial-skip,no_roads,hopscotch,680,307.825000,1,1.000000
dijkstra-dial-skip,no_roads,hopscotch,377,316.935000,1,1.000000
dijkstra-dial-skip,no_roads,hopscotch,527,330.748000,1,1.000000
dijkstra-dial-skip,no_roads,hopscotch,824,320.598000,1,1.000000
dijkstra-dial-skip,no_roads,hopscotch,253,324.153000,1,1.000000
dijkstra-dial-skip,no_roads,hopscotch,231,326.536000,1,1.000000
dijkstra-dial-skip,no_roads,hopscotch,932,329.658000,1,1.000000
dijkstra-dial-skip,no_roads,hopscotch,242,314.521000,1,1.000000
dijkstra-dial-skip,no_roads,hopscotch,874,315.561000,1,1.000000
dijkstra-dial-skip,no_roads,hopscotch,840,325.110000,1,1.000000
dijkstra-dial-skip,no_roads,hopscotch,650,324.941000,1,1.000000
dijkstra-dial-skip,no_roads,hopscotch,118,361.181000,1,1.000000
dijkstra-dial-skip,no_roads,hopscotch,1111,323.926000,1,1.000000
dijkstra-dial-skip,no_roads,hopscotch,310,320.675000,1,1.000000
dijkstra-dial-skip,no_roads,hopscotch,929,315.275000,1,1.000000
dijkstra-dial-skip,no_roads,hopscotch,200,311.884000,1,1.000000
dijkstra-dial-skip,no_roads,hopscotch,713,310.952000,1,1.000000
dijkstra-dial-skip,no_roads,hopscotch,892,322.534000,1,1.000000
dijkstra-dial-skip,no_roads,hopscotch,472,326.970000,1,1.000000
dijkstra-dial-skip,no_roads,hopscotch,180,323.496000,1,1.000000
dijkstra-dial-skip,no_roads,hopscotch,123,321.798000,1,1.000000
dijkstra-dial-skip,no_roads,hopscotch,556,325.052000,1,1.000000
dijkstra-dial-skip,no_roads,hopscotch,705,328.398000,1,1.000000
dijkstra-dial-skip,no_roads,hopscotch,203,325.427000,1,1.000000
dijkstra-dial-skip,no_roads,hopscotch,566,324.159000,1,1.000000
dijkstra-dial-skip,no_roads,hopscotch,250,339.940000,1,1.000000
dijkstra-dial-skip,no_roads,hopscotch,932,334.349000,1,1.000000
dijkstra-dial-skip,no_roads,hopscotch,680,333.439000,1,1.000000
dijkstra-dial-skip,no_roads,hopscotch,1098,329.664000,1,1.000000
dijkstra-dial-skip,no_roads,hopscotch,899,322.816000,1,1.000000
dijkstra-dial-skip,no_roads,hopscotch,396,328.138000,1,1.000000
dijkstra-dial-skip,no_roads,hopscotch,910,324.780000,1,1.000000
dijkstra-dial-skip,no_roads,hopscotch,866,327.664000,1,1.000000
dijkstra-dial-skip,no_roads,hopscotch,514,316.819000,1,1.000000
dijkstra-dial-skip,no_roads,hopscotch,655,321.635000,1,1.000000
dijkstra-dial-skip,no_roads,hopscotch,184,324.237000,1,1.000000
dijkstra-dial-skip,no_roads,hopscotch,423,321.173000,1,1.000000
dijkstra-dial-skip,no_roads,hopscotch,605,328.012000,1,1.000000
dijkstra-dial-skip,no_roads,hopscotch,397,333.118000,1,1.000000
dijkstra-dial-skip,no_roads,hopscotch,1117,327.294000,1,1.000000
dijkstra-dial-skip,no_roads,hopscotch,931,323.394000,1,1.000000
dijkstra-dial-skip,no_roads,hopscotch,661,315.643000,1,1.000000
dijkstra-dial-skip,no_roads,hopscotch,537,331.721000,1,1.000000
dijkstra-dial-skip,no_roads,hopscotch,797,323.046000,1,1.000000
dijkstra-dial-skip,no_roads,hopscotch,147,331.144000,1,1.000000
dijkstra-dial-skip,no_roads,hopscotch,559,329.538000,1,1.000000
dijkstra-dial-skip,no_roads,hopscotch,80,1.932000,1,1.000000
dijkstra-dial-skip,no_roads,hopscotch,774,336.589000,1,1.000000
dijkstra-dial-skip,no_roads,hopscotch,978,319.743000,1,1.000000
dijkstra-dial-skip,no_roads,hopscotch,657,330.354000,1,1.000000
dijkstra-dial-skip,no_roads,hopscotch,171,335.531000,1,1.000000
dijkstra-dial-skip,no_roads,hopscotch,519,334.367000,1,1.000000
dijkstra-dial-skip,no_roads,hopscotch,772,345.417000,1,1.000000
dijkstra-dial-skip,no_roads,hopscotch,522,327.765000,1,1.000000
dijkstra-dial-skip,no_roads,hopscotch,1205,336.666000,1,1.000000
dijkstra-dial-skip,no_roads,hopscotch,966,327.893000,1,1.000000
dijkstra-dial-skip,no_roads,hopscotch,1110,332.723000,1,1.000000
dijkstra-dial-skip,no_roads,hopscotch,349,342.687000,1,1.000000
dijkstra-dial-skip,no_roads,hopscotch,651,344.436000,1,1.000000
dijkstra-dial-skip,no_roads,hopscotch,342,342.986000,1,1.000000
dijkstra-dial-skip,no_roads,hopscotch,610,334.530000,1,1.000000
dijkstra-dial-skip,no_roads,hopscotch,647,349.183000,1,1.000000
dijkstra-dial-skip,no_roads,hopscotch,1042,344.796000,1,1.000000
dijkstra-dial-skip,no_roads,hopscotch,974,389.790000,1,1.000000
dijkstra-dial-skip,no_roads,hopscotch,893,372.176000,1,1.000000
dijkstra-dial-skip,no_roads,hopscotch,537,351.136000,1,1.000000
dijkstra-dial-skip,no_roads,hopscotch,340,365.840000,1,1.000000
dijkstra-dial-skip,no_roads,hopscotch,1226,356.499000,1,1.000000
dijkstra-dial-skip,no_roads,hopscotch,1187,352.643000,1,1.000000
dijkstra-dial-skip,no_roads,hopscotch,228,340.271000,1,1.000000
dijkstra-dial-skip,no_roads,hopscotch,126,345.605000,1,1.000000
dijkstra-dial-skip,no_roads,hopscotch,277,355.701000,1,1.000000
dijkstra-dial-skip,no_roads,hopscotch,372,353.922000,1,1.000000
dijkstra-dial-skip,no_roads,hopscotch,389,347.540000,1,1.000000
dijkstra-dial-skip,no_roads,hopscotch,1022,360.737000,1,1.000000
dijkstra-dial-skip,with_roads,hopscotch,281,357.430000,1,1.000000
dijkstra-dial-skip,with_roads,hopscotch,62,339.099000,1,1.000000
dijkstra-dial-skip,with_roads,hopscotch,674,351.049000,1,1.000000
dijkstra-dial-skip,with_roads,hopscotch,605,330.437000,1,1.000000
dijkstra-dial-skip,with_roads,hopscotch,546,338.505000,1,1.000000
dijkstra-dial-skip,with_roads,hopscotch,342,338.445000,1,1.000000
dijkstra-dial-skip,with_roads,hopscotch,253,348.454000,1,1.000000
dijkstra-dial-skip,with_roads,hopscotch,219,359.358000,1,1.000000
dijkstra-dial-skip,with_roads,hopscotch,1022,361.329000,1,1.000000
dijkstra-dial-skip,with_roads,hopscotch,80,2.079000,1,1.000000
dijkstra-dial-skip,with_roads,hopscotch,74,1.768000,1,1.000000
dijkstra-dial-skip,with_roads,hopscotch,234,375.299000,1,1.000000
dijkstra-dial-skip,with_roads,hopscotch,534,364.899000,1,1.000000
dijkstra-dial-skip,with_roads,hopscotch,566,361.226000,1,1.000000
dijkstra-dial-skip,with_roads,hopscotch,1217,368.458000,1,1.000000
dijkstra-dial-skip,with_roads,hopscotch,65,356.078000,1,1.000000
dijkstra-dial-skip,with_roads,hopscotch,489,364.934000,1,1.000000
dijkstra-dial-skip,with_roads,hopscotch,1017,366.609000,1,1.000000
dijkstra-dial-skip,with_roads,hopscotch,539,368.424000,1,1.000000
dijkstra-dial-skip,with_roads,hopscotch,1088,339.054000,1,1.000000
dijkstra-dial-skip,with_roads,hopscotch,680,335.645000,1,1.000000
dijkstra-dial-skip,with_roads,hopscotch,13,334.694000,1,1.000000
dijkstra-dial-skip,with_roads,hopscotch,387,324.617000,1,1.000000
dijkstra-dial-skip,with_roads,hopscotch,1023,329.372000,1,1.000000
dijkstra-dial-skip,with_roads,hopscotch,832,317.728000,1,1.000000
dijkstra-dial-skip,with_roads,hopscotch,680,320.320000,1,1.000000
dijkstra-dial-skip,with_roads,hopscotch,377,332.364000,1,1.000000
dijkstra-dial-skip,with_roads,hopscotch,527,358.996000,1,1.000000
dijkstra-dial-skip,with_roads,hopscotch,824,339.591000,1,1.000000
dijkstra-dial-skip,with_roads,hopscotch,253,341.045000,1,1.000000
dijkstra-dial-skip,with_roads,hopscotch,231,337.725000,1,1.000000
dijkstra-dial-skip,with_roads,hopscotch,932,346.551000,1,1.000000
dijkstra-dial-skip,with_roads,hopscotch,242,344.035000,1,1.000000
dijkstra-dial-skip,with_roads,hopscotch,874,337.073000,1,1.000000
dijkstra-dial-skip,with_roads,hopscotch,840,333.089000,1,1.000000
dijkstra-dial-skip,with_roads,hopscotch,650,337.823000,1,1.000000
dijkstra-dial-skip,with_roads,hopscotch,118,342.303000,1,1.000000
dijkstra-dial-skip,with_roads,hopscotch,1111,344.498000,1,1.000000
dijkstra-dial-skip,with_roads,hopscotch,310,360.957000,1,1.000000
dijkstra-dial-skip,with_roads,hopscotch,929,337.158000,1,1.000000
dijkstra-dial-skip,with_roads,hopscotch,200,353.143000,1,1.000000
dijkstra-dial-skip,with_roads,hopscotch,713,335.164000,1,1.000000
dijkstra-dial-skip,with_roads,hopscotch,892,332.500000,1,1.000000
dijkstra-dial-skip,with_roads,hopscotch,472,323.362000,1,1.000000
dijkstra-dial-skip,with_roads,hopscotch,180,313.792000,1,1.000000
dijkstra-dial-skip,with_roads,hopscotch,123,321.475000,1,1.000000
dijkstra-dial-skip,with_roads,hopscotch,556,323.169000,1,1.000000
dijkstra-dial-skip,with_roads,hopscotch,705,331.938000,1,1.000000
dijkstra-dial-skip,with_roads,hopscotch,203,314.199000,1,1.000000
dijkstra-dial-skip,with_roads,hopscotch,566,351.854000,1,1.000000
dijkstra-dial-skip,with_roads,hopscotch,250,315.274000,1,1.000000
dijkstra-dial-skip,with_roads,hopscotch,932,331.581000,1,1.000000
dijkstra-dial-skip,with_roads,hopscotch,680,325.204000,1,1.000000
dijkstra-dial-skip,with_roads,hopscotch,1098,337.033000,1,1.000000
dijkstra-dial-skip,with_roads,hopscotch,899,312.765000,1,1.000000
dijkstra-dial-skip,with_roads,hopscotch,396,324.110000,1,1.000000
dijkstra-dial-skip,with_roads,hopscotch,910,320.879000,1,1.000000
dijkstra-dial-skip,with_roads,hopscotch,866,352.386000,1,1.000000
dijkstra-dial-skip,with_roads,hopscotch,514,321.093000,1,1.000000
dijkstra-dial-skip,with_roads,hopscotch,655,328.755000,1,1.000000
dijkstra-dial-skip,with_roads,hopscotch,184,347.452000,1,1.000000
dijkstra-dial-skip,with_roads,hopscotch,423,336.422000,1,1.000000
dijkstra-dial-skip,with_roads,hopscotch,605,314.152000,1,1.000000
dijkstra-dial-skip,with_roads,hopscotch,397,340.819000,1,1.000000
dijkstra-dial-skip,with_roads,hopscotch,1117,324.099000,1,1.000000
dijkstra-dial-skip,with_roads,hopscotch,931,308.228000,1,1.000000
dijkstra-dial-skip,with_roads,hopscotch,661,317.283000,1,1.000000
dijkstra-dial-skip,with_roads,hopscotch,537,349.506000,1,1.000000
dijkstra-dial-skip,with_roads,hopscotch,797,321.528000,1,1.000000
dijkstra-dial-skip,with_roads,hopscotch,147,319.985000,1,1.000000
dijkstra-dial-skip,with_roads,hopscotch,559,339.071000,1,1.000000
dijkstra-dial-skip,with_roads,hopscotch,80,1.998000,1,1.000000
dijkstra-dial-skip,with_roads,hopscotch,774,334.628000,1,1.000000
dijkstra-dial-skip,with_roads,hopscotch,978,383.894000,1,1.000000
dijkstra-dial-skip,with_roads,hopscotch,657,363.074000,1,1.000000
dijkstra-dial-skip,with_roads,hopscotch,171,328.437000,1,1.000000
dijkstra-dial-skip,with_roads,hopscotch,519,501.530000,1,1.000000
dijkstra-dial-skip,with_roads,hopscotch,772,321.223000,1,1.000000
dijkstra-dial-skip,with_roads,hopscotch,522,310.458000,1,1.000000
dijkstra-dial-skip,with_roads,hopscotch,1205,314.347000,1,1.000000
dijkstra-dial-skip,with_roads,hopscotch,966,310.001000,1,1.000000
dijkstra-dial-skip,with_roads,hopscotch,1110,315.898000,1,1.000000
dijkstra-dial-skip,with_roads,hopscotch,349,316.052000,1,1.000000
dijkstra-dial-skip,with_roads,hopscotch,651,311.321000,1,1.000000
dijkstra-dial-skip,with_roads,hopscotch,342,310.355000,1,1.000000
dijkstra-dial-skip,with_roads,hopscotch,610,310.547000,1,1.000000
dijkstra-dial-skip,with_roads,hopscotch,647,306.947000,1,1.000000
dijkstra-dial-skip,with_roads,hopscotch,1042,311.397000,1,1.000000
dijkstra-dial-skip,with_roads,hopscotch,974,314.590000,1,1.000000
dijkstra-dial-skip,with_roads,hopscotch,893,312.144000,1,1.000000
dijkstra-dial-skip,with_roads,hopscotch,537,319.194000,1,1.000000
dijkstra-dial-skip,with_roads,hopscotch,340,313.655000,1,1.000000
dijkstra-dial-skip,with_roads,hopscotch,1226,310.785000,1,1.000000
dijkstra-dial-skip,with_roads,hopscotch,1187,320.301000,1,1.000000
dijkstra-dial-skip,with_roads,hopscotch,228,313.410000,1,1.000000
dijkstra-dial-skip,with_roads,hopscotch,126,312.186000,1,1.000000
dijkstra-dial-skip,with_roads,hopscotch,277,317.647000,1,1.000000
dijkstra-dial-skip,with_roads,hopscotch,372,320.288000,1,1.000000
dijkstra-dial-skip,with_roads,hopscotch,389,310.273000,1,1.000000
dijkstra-dial-skip,with_roads,hopscotch,1022,312.719000,1,1.000000
dijkstra-dial-skip,no_roads,hourglass,792,113.918000,1,1.000000
dijkstra-dial-skip,no_roads,hourglass,136,64.930000,1,1.000000
dijkstra-dial-skip,no_roads,hourglass,30,111.003000,1,1.000000
dijkstra-dial-skip,no_roads,hourglass,915,62.439000,1,1.000000
dijkstra-dial-skip,no_roads,hourglass,335,101.880000,1,1.000000
dijkstra-dial-skip,no_roads,hourglass,298,61.378000,1,1.000000
dijkstra-dial-skip,no_roads,hourglass,274,102.325000,1,1.000000
dijkstra-dial-skip,no_roads,hourglass,171,99.292000,1,1.000000
dijkstra-dial-skip,no_roads,hourglass,908,108.133000,1,1.000000
dijkstra-dial-skip,no_roads,hourglass,123,107.155000,1,1.000000
dijkstra-dial-skip,no_roads,hourglass,837,59.285000,1,1.000000
dijkstra-dial-skip,no_roads,hourglass,912,107.272000,1,1.000000
dijkstra-dial-skip,no_roads,hourglass,1099,104.924000,1,1.000000
dijkstra-dial-skip,no_roads,hourglass,677,61.995000,1,1.000000
dijkstra-dial-skip,no_roads,hourglass,104,112.673000,1,1.000000
dijkstra-dial-skip,no_roads,hourglass,732,59.049000,1,1.000000
dijkstra-dial-skip,no_roads,hourglass,513,61.010000,1,1.000000
dijkstra-dial-skip,no_roads,hourglass,38,111.643000,1,1.000000
dijkstra-dial-skip,no_roads,hourglass,36,109.226000,1,1.000000
dijkstra-dial-skip,no_roads,hourglass,113,105.747000,1,1.000000
dijkstra-dial-skip,no_roads,hourglass,268,61.556000,1,1.000000
dijkstra-dial-skip,no_roads,hourglass,285,106.386000,1,1.000000
dijkstra-dial-skip,no_roads,hourglass,620,61.404000,1,1.000000
dijkstra-dial-skip,no_roads,hourglass,747,108.543000,1,1.000000
dijkstra-dial-skip,no_roads,hourglass,33,109.453000,1,1.000000
dijkstra-dial-skip,no_roads,hourglass,697,58.941000,1,1.000000
dijkstra-dial-skip,no_roads,hourglass,245,61.061000,1,1.000000
dijkstra-dial-skip,no_roads,hourglass,883,107.271000,1,1.000000
dijkstra-dial-skip,no_roads,hourglass,805,61.134000,1,1.000000
dijkstra-dial-skip,no_roads,hourglass,867,61.419000,1,1.000000
dijkstra-dial-skip,no_roads,hourglass,677,61.330000,1,1.000000
dijkstra-dial-skip,no_roads,hourglass,510,61.243000,1,1.000000
dijkstra-dial-skip,no_roads,hourglass,270,60.089000,1,1.000000
dijkstra-dial-skip,no_roads,hourglass,544,60.444000,1,1.000000
dijkstra-dial-skip,no_roads,hourglass,731,62.717000,1,1.000000
dijkstra-dial-skip,no_roads,hourglass,338,111.484000,1,1.000000
dijkstra-dial-skip,no_roads,hourglass,993,108.964000,1,1.000000
dijkstra-dial-skip,no_roads,hourglass,1071,105.080000,1,1.000000
dijkstra-dial-skip,no_roads,hourglass,8,109.878000,1,1.000000
dijkstra-dial-skip,no_roads,hourglass,935,107.563000,1,1.000000
dijkstra-dial-skip,no_roads,hourglass,990,104.927000,1,1.000000
dijkstra-dial-skip,no_roads,hourglass,199,108.204000,1,1.000000
dijkstra-dial-skip,no_roads,hourglass,863,62.137000,1,1.000000
dijkstra-dial-skip,no_roads,hourglass,513,62.734000,1,1.000000
dijkstra-dial-skip,no_roads,hourglass,413,106.571000,1,1.000000
dijkstra-dial-skip,no_roads,hourglass,338,109.399000,1,1.000000
dijkstra-dial-skip,no_roads,hourglass,195,108.416000,1,1.000000
dijkstra-dial-skip,no_roads,hourglass,264,106.959000,1,1.000000
dijkstra-dial-skip,no_roads,hourglass,1178,106.625000,1,1.000000
dijkstra-dial-skip,no_roads,hourglass,939,102.166000,1,1.000000
dijkstra-dial-skip,no_roads,hourglass,408,58.318000,1,1.000000
dijkstra-dial-skip,no_roads,hourglass,123,102.723000,1,1.000000
dijkstra-dial-skip,no_roads,hourglass,112,106.166000,1,1.000000
dijkstra-dial-skip,no_roads,hourglass,460,59.051000,1,1.000000
dijkstra-dial-skip,no_roads,hourglass,118,106.032000,1,1.000000
dijkstra-dial-skip,no_roads,hourglass,434,59.431000,1,1.000000
dijkstra-dial-skip,no_roads,hourglass,1042,103.987000,1,1.000000
dijkstra-dial-skip,no_roads,hourglass,417,106.425000,1,1.000000
dijkstra-dial-skip,no_roads,hourglass,751,58.164000,1,1.000000
dijkstra-dial-skip,no_roads,hourglass,323,60.100000,1,1.000000
dijkstra-dial-skip,no_roads,hourglass,991,103.444000,1,1.000000
dijkstra-dial-skip,no_roads,hourglass,51,110.232000,1,1.000000
dijkstra-dial-skip,no_roads,hourglass,900,112.685000,1,1.000000
dijkstra-dial-skip,no_roads,hourglass,564,59.640000,1,1.000000
dijkstra-dial-skip,no_roads,hourglass,668,56.347000,1,1.000000
dijkstra-dial-skip,no_roads,hourglass,154,107.418000,1,1.000000
dijkstra-dial-skip,no_roads,hourglass,1198,104.645000,1,1.000000
dijkstra-dial-skip,no_roads,hourglass,1137,106.810000,1,1.000000
dijkstra-dial-skip,no_roads,hourglass,458,59.749000,1,1.000000
dijkstra-dial-skip,no_roads,hourglass,94,103.887000,1,1.000000
dijkstra-dial-skip,no_roads,hourglass,686,101.077000,1,1.000000
dijkstra-dial-skip,no_roads,hourglass,356,106.710000,1,1.000000
dijkstra-dial-skip,no_roads,hourglass,1017,107.296000,1,1.000000
dijkstra-dial-skip,no_roads,hourglass,780,57.299000,1,1.000000
dijkstra-dial-skip,no_roads,hourglass,768,98.416000,1,1.000000
dijkstra-dial-skip,no_roads,hourglass,1091,99.301000,1,1.000000
dijkstra-dial-skip,no_roads,hourglass,1059,103.193000,1,1.000000
dijkstra-dial-skip,no_roads,hourglass,439,101.212000,1,1.000000
dijkstra-dial-skip,no_roads,hourglass,717,99.593000,1,1.000000
dijkstra-dial-skip,no_roads,hourglass,236,106.486000,1,1.000000
dijkstra-dial-skip,no_roads,hourglass,871,106.877000,1,1.000000
dijkstra-dial-skip,no_roads,hourglass,84,108.928000,1,1.000000
dijkstra-dial-skip,no_roads,hourglass,54,59.265000,1,1.000000
dijkstra-dial-skip,no_roads,hourglass,819,107.206000,1,1.000000
dijkstra-dial-skip,no_roads,hourglass,279,101.288000,1,1.000000
dijkstra-dial-skip,no_roads,hourglass,951,105.304000,1,1.000000
dijkstra-dial-skip,no_roads,hourglass,351,60.248000,1,1.000000
dijkstra-dial-skip,no_roads,hourglass,1211,105.462000,1,1.000000
dijkstra-dial-skip,no_roads,hourglass,95,102.386000,1,1.000000
dijkstra-dial-skip,no_roads,hourglass,1051,64.406000,1,1.000000
dijkstra-dial-skip,no_roads,hourglass,285,102.493000,1,1.000000
dijkstra-dial-skip,no_roads,hourglass,1066,104.922000,1,1.000000
dijkstra-dial-skip,no_roads,hourglass,122,102.103000,1,1.000000
dijkstra-dial-skip,no_roads,hourglass,460,61.194000,1,1.000000
dijkstra-dial-skip,no_roads,hourglass,338,107.514000,1,1.000000
dijkstra-dial-skip,no_roads,hourglass,558,59.542000,1,1.000000
dijkstra-dial-skip,no_roads,hourglass,787,61.433000,1,1.000000
dijkstra-dial-skip,no_roads,hourglass,1022,107.677000,1,1.000000
dijkstra-dial-skip,no_roads,hourglass,442,106.181000,1,1.000000
dijkstra-dial-skip,no_roads,hourglass,202,104.031000,1,1.000000
dijkstra-dial-skip,with_roads,hourglass,792,117.692000,1,1.000000
dijkstra-dial-skip,with_roads,hourglass,136,64.390000,1,1.000000
dijkstra-dial-skip,with_roads,hourglass,30,115.744000,1,1.000000
dijkstra-dial-skip,with_roads,hourglass,915,63.463000,1,1.000000
dijkstra-dial-skip,with_roads,hourglass,335,106.002000,1,1.000000
dijkstra-dial-skip,with_roads,hourglass,298,60.463000,1,1.000000
dijkstra-dial-skip,with_roads,hourglass,274,108.738000,1,1.000000
dijkstra-dial-skip,with_roads,hourglass,171,105.064000,1,1.000000
dijkstra-dial-skip,with_roads,hourglass,908,108.962000,1,1.000000
dijkstra-dial-skip,with_roads,hourglass,123,102.933000,1,1.000000
dijkstra-dial-skip,with_roads,hourglass,837,63.132000,1,1.000000
dijkstra-dial-skip,with_roads,hourglass,912,109.759000,1,1.000000
dijkstra-dial-skip,with_roads,hourglass,1099,105.288000,1,1.000000
dijkstra-dial-skip,with_roads,hourglass,677,61.103000,1,1.000000
dijkstra-dial-skip,with_roads,hourglass,104,112.877000,1,1.000000
dijkstra-dial-skip,with_roads,hourglass,732,60.663000,1,1.000000
dijkstra-dial-skip,with_roads,hourglass,513,68.087000,1,1.000000
dijkstra-dial-skip,with_roads,hourglass,38,112.412000,1,1.000000
dijkstra-dial-skip,with_roads,hourglass,36,111.996000,1,1.000000
dijkstra-dial-skip,with_roads,hourglass,113,110.178000,1,1.000000
dijkstra-dial-skip,with_roads,hourglass,268,66.138000,1,1.000000
dijkstra-dial-skip,with_roads,hourglass,285,112.940000,1,1.000000
dijkstra-dial-skip,with_roads,hourglass,620,64.119000,1,1.000000
dijkstra-dial-skip,with_roads,hourglass,747,111.555000,1,1.000000
dijkstra-dial-skip,with_roads,hourglass,33,111.433000,1,1.000000
dijkstra-dial-skip,with_roads,hourglass,697,69.428000,1,1.000000
dijkstra-dial-skip,with_roads,hourglass,245,69.672000,1,1.000000
dijkstra-dial-skip,with_roads,hourglass,883,113.755000,1,1.000000
dijkstra-dial-skip,with_roads,hourglass,805,65.419000,1,1.000000
dijkstra-dial-skip,with_roads,hourglass,867,67.996000,1,1.000000
dijkstra-dial-skip,with_roads,hourglass,677,64.741000,1,1.000000
dijkstra-dial-skip,with_roads,hourglass,510,67.637000,1,1.000000
dijkstra-dial-skip,with_roads,hourglass,270,68.720000,1,1.000000
dijkstra-dial-skip,with_roads,hourglass,544,64.444000,1,1.000000
dijkstra-dial-skip,with_roads,hourglass,731,72.360000,1,1.000000
dijkstra-dial-skip,with_roads,hourglass,338,121.895000,1,1.000000
dijkstra-dial-skip,with_roads,hourglass,993,121.260000,1,1.000000
dijkstra-dial-skip,with_roads,hourglass,1071,116.537000,1,1.000000
dijkstra-dial-skip,with_roads,hourglass,8,124.464000,1,1.000000
dijkstra-dial-skip,with_roads,hourglass,935,120.363000,1,1.000000
dijkstra-dial-skip,with_roads,hourglass,990,115.319000,1,1.000000
dijkstra-dial-skip,with_roads,hourglass,199,124.467000,1,1.000000
dijkstra-dial-skip,with_roads,hourglass,863,74.306000,1,1.000000
dijkstra-dial-skip,with_roads,hourglass,513,72.150000,1,1.000000
dijkstra-dial-skip,with_roads,hourglass,413,118.366000,1,1.000000
dijkstra-dial-skip,with_roads,hourglass,338,129.731000,1,1.000000
dijkstra-dial-skip,with_roads,hourglass,195,122.165000,1,1.000000
dijkstra-dial-skip,with_roads,hourglass,264,122.805000,1,1.000000
dijkstra-dial-skip,with_roads,hourglass,1178,130.714000,1,1.000000
dijkstra-dial-skip,with_roads,hourglass,939,116.250000,1,1.000000
dijkstra-dial-skip,with_roads,hourglass,408,70.234000,1,1.000000
dijkstra-dial-skip,with_roads,hourglass,123,115.396000,1,1.000000
dijkstra-dial-skip,with_roads,hourglass,112,118.279000,1,1.000000
dijkstra-dial-skip,with_roads,hourglass,460,65.832000,1,1.000000
dijkstra-dial-skip,with_roads,hourglass,118,116.869000,1,1.000000
dijkstra-dial-skip,with_roads,hourglass,434,65.057000,1,1.000000
dijkstra-dial-skip,with_roads,hourglass,1042,111.668000,1,1.000000
dijkstra-dial-skip,with_roads,hourglass,417,111.008000,1,1.000000
dijkstra-dial-skip,with_roads,hourglass,751,68.302000,1,1.000000
dijkstra-dial-skip,with_roads,hourglass,323,63.285000,1,1.000000
dijkstra-dial-skip,with_roads,hourglass,991,107.049000,1,1.000000
dijkstra-dial-skip,with_roads,hourglass,51,124.468000,1,1.000000
dijkstra-dial-skip,with_roads,hourglass,900,115.932000,1,1.000000
dijkstra-dial-skip,with_roads,hourglass,564,63.967000,1,1.000000
dijkstra-dial-skip,with_roads,hourglass,668,60.385000,1,1.000000
dijkstra-dial-skip,with_roads,hourglass,154,114.889000,1,1.000000
dijkstra-dial-skip,with_roads,hourglass,1198,113.019000,1,1.000000
dijkstra-dial-skip,with_roads,hourglass,1137,115.097000,1,1.000000
dijkstra-dial-skip,with_roads,hourglass,458,65.435000,1,1.000000
dijkstra-dial-skip,with_roads,hourglass,94,115.169000,1,1.000000
dijkstra-dial-skip,with_roads,hourglass,686,109.362000,1,1.000000
dijkstra-dial-skip,with_roads,hourglass,356,113.959000,1,1.000000
dijkstra-dial-skip,with_roads,hourglass,1017,106.274000,1,1.000000
dijkstra-dial-skip,with_roads,hourglass,780,63.074000,1,1.000000
dijkstra-dial-skip,with_roads,hourglass,768,111.605000,1,1.000000
dijkstra-dial-skip,with_roads,hourglass,1091,108.525000,1,1.000000
dijkstra-dial-skip,with_roads,hourglass,1059,109.759000,1,1.000000
dijkstra-dial-skip,with_roads,hourglass,439,107.336000,1,1.000000
dijkstra-dial-skip,with_roads,hourglass,717,108.472000,1,1.000000
dijkstra-dial-skip,with_roads,hourglass,236,116.057000,1,1.000000
dijkstra-dial-skip,with_roads,hourglass,871,111.406000,1,1.000000
dijkstra-dial-skip,with_roads,hourglass,84,115.598000,1,1.000000
dijkstra-dial-skip,with_roads,hourglass,54,63.136000,1,1.000000
dijkstra-dial-skip,with_roads,hourglass,819,109.476000,1,1.000000
dijkstra-dial-skip,with_roads,hourglass,279,106.133000,1,1.000000
dijkstra-dial-skip,with_roads,hourglass,951,105.764000,1,1.000000
dijkstra-dial-skip,with_roads,hourglass,351,61.322000,1,1.000000
dijkstra-dial-skip,with_roads,hourglass,1211,107.458000,1,1.000000
dijkstra-dial-skip,with_roads,hourglass,95,109.134000,1,1.000000
dijkstra-dial-skip,with_roads,hourglass,1051,63.935000,1,1.000000
dijkstra-dial-skip,with_roads,hourglass,285,106.578000,1,1.000000
dijkstra-dial-skip,with_roads,hourglass,1066,104.378000,1,1.000000
dijkstra-dial-skip,with_roads,hourglass,122,109.934000,1,1.000000
dijkstra-dial-skip,with_roads,hourglass,460,62.878000,1,1.000000
dijkstra-dial-skip,with_roads,hourglass,338,112.061000,1,1.000000
dijkstra-dial-skip,with_roads,hourglass,558,59.683000,1,1.000000
dijkstra-dial-skip,with_roads,hourglass,787,58.936000,1,1.000000
dijkstra-dial-skip,with_roads,hourglass,1022,113.061000,1,1.000000
dijkstra-dial-skip,with_roads,hourglass,442,108.008000,1,1.000000
dijkstra-dial-skip,with_roads,hourglass,202,108.138000,1,1.000000
dijkstra-dial-skip,no_roads,labyrinth,1977,602.894000,1,1.000000
dijkstra-dial-skip,no_roads,labyrinth,334,590.430000,1,1.000000
dijkstra-dial-skip,no_roads,labyrinth,57,609.268000,1,1.000000
dijkstra-dial-skip,no_roads,labyrinth,2295,590.231000,1,1.000000
dijkstra-dial-skip,no_roads,labyrinth,833,587.513000,1,1.000000
dijkstra-dial-skip,no_roads,labyrinth,746,560.919000,1,1.000000
dijkstra-dial-skip,no_roads,labyrinth,672,579.614000,1,1.000000
dijkstra-dial-skip,no_roads,labyrinth,407,616.151000,1,1.000000
dijkstra-dial-skip,no_roads,labyrinth,2283,597.544000,1,1.000000
dijkstra-dial-skip,no_roads,labyrinth,309,593.595000,1,1.000000
dijkstra-dial-skip,no_roads,labyrinth,2093,604.130000,1,1.000000
dijkstra-dial-skip,no_roads,labyrinth,2293,588.317000,1,1.000000
dijkstra-dial-skip,no_roads,labyrinth,1681,614.877000,1,1.000000
dijkstra-dial-skip,no_roads,labyrinth,237,566.038000,1,1.000000
dijkstra-dial-skip,no_roads,labyrinth,1823,573.392000,1,1.000000
dijkstra-dial-skip,no_roads,labyrinth,1287,576.237000,1,1.000000
dijkstra-dial-skip,no_roads,labyrinth,74,586.626000,1,1.000000
dijkstra-dial-skip,no_roads,labyrinth,69,589.382000,1,1.000000
dijkstra-dial-skip,no_roads,labyrinth,254,596.683000,1,1.000000
dijkstra-dial-skip,no_roads,labyrinth,659,609.088000,1,1.000000
dijkstra-dial-skip,no_roads,labyrinth,696,569.753000,1,1.000000
dijkstra-dial-skip,no_roads,labyrinth,1558,583.444000,1,1.000000
dijkstra-dial-skip,no_roads,labyrinth,1851,565.967000,1,1.000000
dijkstra-dial-skip,no_roads,labyrinth,60,592.488000,1,1.000000
dijkstra-dial-skip,no_roads,labyrinth,1726,581.955000,1,1.000000
dijkstra-dial-skip,no_roads,labyrinth,610,651.021000,1,1.000000
dijkstra-dial-skip,no_roads,labyrinth,2200,571.620000,1,1.000000
dijkstra-dial-skip,no_roads,labyrinth,2003,618.875000,1,1.000000
dijkstra-dial-skip,no_roads,labyrinth,2159,574.703000,1,1.000000
dijkstra-dial-skip,no_roads,labyrinth,1681,668.111000,1,1.000000
dijkstra-dial-skip,no_roads,labyrinth,1281,636.859000,1,1.000000
dijkstra-dial-skip,no_roads,labyrinth,664,669.416000,1,1.000000
dijkstra-dial-skip,no_roads,labyrinth,1386,630.948000,1,1.000000
dijkstra-dial-skip,no_roads,labyrinth,1819,625.536000,1,1.000000
dijkstra-dial-skip,no_roads,labyrinth,842,593.379000,1,1.000000
dijkstra-dial-skip,no_roads,labyrinth,2487,622.668000,1,1.000000
dijkstra-dial-skip,no_roads,labyrinth,13,631.235000,1,1.000000
dijkstra-dial-skip,no_roads,labyrinth,2339,630.248000,1,1.000000
dijkstra-dial-skip,no_roads,labyrinth,2477,615.957000,1,1.000000
dijkstra-dial-skip,no_roads,labyrinth,481,618.592000,1,1.000000
dijkstra-dial-skip,no_roads,labyrinth,2152,600.382000,1,1.000000
dijkstra-dial-skip,no_roads,labyrinth,1289,613.987000,1,1.000000
dijkstra-dial-skip,no_roads,labyrinth,1053,635.491000,1,1.000000
dijkstra-dial-skip,no_roads,labyrinth,842,595.661000,1,1.000000
dijkstra-dial-skip,no_roads,labyrinth,472,620.240000,1,1.000000
dijkstra-dial-skip,no_roads,labyrinth,651,610.893000,1,1.000000
dijkstra-dial-skip,no_roads,labyrinth,2349,609.774000,1,1.000000
dijkstra-dial-skip,no_roads,labyrinth,1045,574.725000,1,1.000000
dijkstra-dial-skip,no_roads,labyrinth,309,582.667000,1,1.000000
dijkstra-dial-skip,no_roads,labyrinth,251,589.412000,1,1.000000
dijkstra-dial-skip,no_roads,labyrinth,1145,568.888000,1,1.000000
dijkstra-dial-skip,no_roads,labyrinth,280,586.454000,1,1.000000
dijkstra-dial-skip,no_roads,labyrinth,1097,564.970000,1,1.000000
dijkstra-dial-skip,no_roads,labyrinth,1062,578.526000,1,1.000000
dijkstra-dial-skip,no_roads,labyrinth,1856,562.961000,1,1.000000
dijkstra-dial-skip,no_roads,labyrinth,804,609.337000,1,1.000000
dijkstra-dial-skip,no_roads,labyrinth,2481,591.339000,1,1.000000
dijkstra-dial-skip,no_roads,labyrinth,106,588.621000,1,1.000000
dijkstra-dial-skip,no_roads,labyrinth,2268,584.547000,1,1.000000
dijkstra-dial-skip,no_roads,labyrinth,1408,559.325000,1,1.000000
dijkstra-dial-skip,no_roads,labyrinth,1654,576.391000,1,1.000000
dijkstra-dial-skip,no_roads,labyrinth,366,585.299000,1,1.000000
dijkstra-dial-skip,no_roads,labyrinth,1142,561.030000,1,1.000000
dijkstra-dial-skip,no_roads,labyrinth,216,598.841000,1,1.000000
dijkstra-dial-skip,no_roads,labyrinth,1698,611.065000,1,1.000000
dijkstra-dial-skip,no_roads,labyrinth,896,586.407000,1,1.000000
dijkstra-dial-skip,no_roads,labyrinth,1951,570.066000,1,1.000000
dijkstra-dial-skip,no_roads,labyrinth,1893,608.123000,1,1.000000
dijkstra-dial-skip,no_roads,labyrinth,1102,598.025000,1,1.000000
dijkstra-dial-skip,no_roads,labyrinth,1786,609.968000,1,1.000000
dijkstra-dial-skip,no_roads,labyrinth,590,583.877000,1,1.000000
dijkstra-dial-skip,no_roads,labyrinth,2166,601.860000,1,1.000000
dijkstra-dial-skip,no_roads,labyrinth,192,572.814000,1,1.000000
dijkstra-dial-skip,no_roads,labyrinth,116,608.128000,1,1.000000
dijkstra-dial-skip,no_roads,labyrinth,2030,607.632000,1,1.000000
dijkstra-dial-skip,no_roads,labyrinth,683,674.374000,1,1.000000
dijkstra-dial-skip,no_roads,labyrinth,2401,591.526000,1,1.000000
dijkstra-dial-skip,no_roads,labyrinth,881,584.903000,1,1.000000
dijkstra-dial-skip,no_roads,labyrinth,218,593.955000,1,1.000000
dijkstra-dial-skip,no_roads,labyrinth,696,590.385000,1,1.000000
dijkstra-dial-skip,no_roads,labyrinth,303,589.865000,1,1.000000
dijkstra-dial-skip,no_roads,labyrinth,1145,604.479000,1,1.000000
dijkstra-dial-skip,no_roads,labyrinth,842,584.147000,1,1.000000
dijkstra-dial-skip,no_roads,labyrinth,1396,625.494000,1,1.000000
dijkstra-dial-skip,no_roads,labyrinth,1968,590.777000,1,1.000000
dijkstra-dial-skip,no_roads,labyrinth,1110,610.737000,1,1.000000
dijkstra-dial-skip,no_roads,labyrinth,489,622.419000,1,1.000000
dijkstra-dial-skip,no_roads,labyrinth,1121,598.168000,1,1.000000
dijkstra-dial-skip,no_roads,labyrinth,1089,611.580000,1,1.000000
dijkstra-dial-skip,no_roads,labyrinth,638,593.130000,1,1.000000
dijkstra-dial-skip,no_roads,labyrinth,2059,620.329000,1,1.000000
dijkstra-dial-skip,no_roads,labyrinth,810,645.124000,1,1.000000
dijkstra-dial-skip,no_roads,labyrinth,2160,627.470000,1,1.000000
dijkstra-dial-skip,no_roads,labyrinth,2112,619.449000,1,1.000000
dijkstra-dial-skip,no_roads,labyrinth,1999,607.861000,1,1.000000
dijkstra-dial-skip,no_roads,labyrinth,199,594.665000,1,1.000000
dijkstra-dial-skip,no_roads,labyrinth,1869,620.324000,1,1.000000
dijkstra-dial-skip,no_roads,labyrinth,1967,618.770000,1,1.000000
dijkstra-dial-skip,no_roads,labyrinth,511,621.707000,1,1.000000
dijkstra-dial-skip,no_roads,labyrinth,1649,638.666000,1,1.000000
dijkstra-dial-skip,with_roads,labyrinth,1977,581.266000,1,1.000000
dijkstra-dial-skip,with_roads,labyrinth,334,552.119000,1,1.000000
dijkstra-dial-skip,with_roads,labyrinth,57,572.987000,1,1.000000
dijkstra-dial-skip,with_roads,labyrinth,2295,602.247000,1,1.000000
dijkstra-dial-skip,with_roads,labyrinth,833,581.443000,1,1.000000
dijkstra-dial-skip,with_roads,labyrinth,746,582.357000,1,1.000000
dijkstra-dial-skip,with_roads,labyrinth,672,604.962000,1,1.000000
dijkstra-dial-skip,with_roads,labyrinth,407,616.928000,1,1.000000
dijkstra-dial-skip,with_roads,labyrinth,2283,575.356000,1,1.000000
dijkstra-dial-skip,with_roads,labyrinth,309,565.347000,1,1.000000
dijkstra-dial-skip,with_roads,labyrinth,2093,615.568000,1,1.000000
dijkstra-dial-skip,with_roads,labyrinth,2293,582.733000,1,1.000000
dijkstra-dial-skip,with_roads,labyrinth,1681,607.918000,1,1.000000
dijkstra-dial-skip,with_roads,labyrinth,237,548.684000,1,1.000000
dijkstra-dial-skip,with_roads,labyrinth,1823,548.960000,1,1.000000
dijkstra-dial-skip,with_roads,labyrinth,1287,550.662000,1,1.000000
dijkstra-dial-skip,with_roads,labyrinth,74,562.681000,1,1.000000
dijkstra-dial-skip,with_roads,labyrinth,69,578.147000,1,1.000000
dijkstra-dial-skip,with_roads,labyrinth,254,572.539000,1,1.000000
dijkstra-dial-skip,with_roads,labyrinth,659,598.312000,1,1.000000
dijkstra-dial-skip,with_roads,labyrinth,696,564.145000,1,1.000000
dijkstra-dial-skip,with_roads,labyrinth,1558,552.866000,1,1.000000
dijkstra-dial-skip,with_roads,labyrinth,1851,542.900000,1,1.000000
dijkstra-dial-skip,with_roads,labyrinth,60,576.684000,1,1.000000
dijkstra-dial-skip,with_roads,labyrinth,1726,565.764000,1,1.000000
dijkstra-dial-skip,with_roads,labyrinth,610,583.329000,1,1.000000
dijkstra-dial-skip,with_roads,labyrinth,2200,529.168000,1,1.000000
dijkstra-dial-skip,with_roads,labyrinth,2003,546.875000,1,1.000000
dijkstra-dial-skip,with_roads,labyrinth,2159,555.466000,1,1.000000
dijkstra-dial-skip,with_roads,labyrinth,1681,606.934000,1,1.000000
dijkstra-dial-skip,with_roads,labyrinth,1281,542.010000,1,1.000000
dijkstra-dial-skip,with_roads,labyrinth,664,573.455000,1,1.000000
dijkstra-dial-skip,with_roads,labyrinth,1386,557.631000,1,1.000000
dijkstra-dial-skip,with_roads,labyrinth,1819,607.161000,1,1.000000
dijkstra-dial-skip,with_roads,labyrinth,842,579.158000,1,1.000000
dijkstra-dial-skip,with_roads,labyrinth,2487,628.718000,1,1.000000
dijkstra-dial-skip,with_roads,labyrinth,13,612.408000,1,1.000000
dijkstra-dial-skip,with_roads,labyrinth,2339,628.885000,1,1.000000
dijkstra-dial-skip,with_roads,labyrinth,2477,596.087000,1,1.000000
dijkstra-dial-skip,with_roads,labyrinth,481,599.975000,1,1.000000
dijkstra-dial-skip,with_roads,labyrinth,2152,587.896000,1,1.000000
dijkstra-dial-skip,with_roads,labyrinth,1289,637.807000,1,1.000000
dijkstra-dial-skip,with_roads,labyrinth,1053,645.445000,1,1.000000
dijkstra-dial-skip,with_roads,labyrinth,842,603.588000,1,1.000000
dijkstra-dial-skip,with_roads,labyrinth,472,637.168000,1,1.000000
dijkstra-dial-skip,with_roads,labyrinth,651,595.281000,1,1.000000
dijkstra-dial-skip,with_roads,labyrinth,2349,620.976000,1,1.000000
dijkstra-dial-skip,with_roads,labyrinth,1045,612.198000,1,1.000000
dijkstra-dial-skip,with_roads,labyrinth,309,574.091000,1,1.000000
dijkstra-dial-skip,with_roads,labyrinth,251,590.408000,1,1.000000
dijkstra-dial-skip,with_roads,labyrinth,1145,582.141000,1,1.000000
dijkstra-dial-skip,with_roads,labyrinth,280,610.479000,1,1.000000
dijkstra-dial-skip,with_roads,labyrinth,1097,592.243000,1,1.000000
dijkstra-dial-skip,with_roads,labyrinth,1062,565.679000,1,1.000000
dijkstra-dial-skip,with_roads,labyrinth,1856,564.037000,1,1.000000
dijkstra-dial-skip,with_roads,labyrinth,804,638.724000,1,1.000000
dijkstra-dial-skip,with_roads,labyrinth,2481,611.591000,1,1.000000
dijkstra-dial-skip,with_roads,labyrinth,106,606.977000,1,1.000000
dijkstra-dial-skip,with_roads,labyrinth,2268,577.676000,1,1.000000
dijkstra-dial-skip,with_roads,labyrinth,1408,564.663000,1,1.000000
dijkstra-dial-skip,with_roads,labyrinth,1654,672.469000,1,1.000000
dijkstra-dial-skip,with_roads,labyrinth,366,632.647000,1,1.000000
dijkstra-dial-skip,with_roads,labyrinth,1142,601.307000,1,1.000000
dijkstra-dial-skip,with_roads,labyrinth,216,615.178000,1,1.000000
dijkstra-dial-skip,with_roads,labyrinth,1698,675.873000,1,1.000000
dijkstra-dial-skip,with_roads,labyrinth,896,612.615000,1,1.000000
dijkstra-dial-skip,with_roads,labyrinth,1951,601.124000,1,1.000000
dijkstra-dial-skip,with_roads,labyrinth,1893,656.379000,1,1.000000
dijkstra-dial-skip,with_roads,labyrinth,1102,651.995000,1,1.000000
dijkstra-dial-skip,with_roads,labyrinth,1786,686.174000,1,1.000000
dijkstra-dial-skip,with_roads,labyrinth,590,602.310000,1,1.000000
dijkstra-dial-skip,with_roads,labyrinth,2166,592.520000,1,1.000000
dijkstra-dial-skip,with_roads,labyrinth,192,596.543000,1,1.000000
dijkstra-dial-skip,with_roads,labyrinth,116,614.444000,1,1.000000
dijkstra-dial-skip,with_roads,labyrinth,2030,627.805000,1,1.000000
dijkstra-dial-skip,with_roads,labyrinth,683,595.442000,1,1.000000
dijkstra-dial-skip,with_roads,labyrinth,2401,599.275000,1,1.000000
dijkstra-dial-skip,with_roads,labyrinth,881,613.978000,1,1.000000
dijkstra-dial-skip,with_roads,labyrinth,218,647.114000,1,1.000000
dijkstra-dial-skip,with_roads,labyrinth,696,600.579000,1,1.000000
dijkstra-dial-skip,with_roads,labyrinth,303,608.223000,1,1.000000
dijkstra-dial-skip,with_roads,labyrinth,1145,605.935000,1,1.000000
dijkstra-dial-skip,with_roads,labyrinth,842,627.837000,1,1.000000
dijkstra-dial-skip,with_roads,labyrinth,1396,655.121000,1,1.000000
dijkstra-dial-skip,with_roads,labyrinth,1968,570.701000,1,1.000000
dijkstra-dial-skip,with_roads,labyrinth,1110,574.546000,1,1.000000
dijkstra-dial-skip,with_roads,labyrinth,489,629.836000,1,1.000000
dijkstra-dial-skip,with_roads,labyrinth,1121,613.153000,1,1.000000
dijkstra-dial-skip,with_roads,labyrinth,1089,601.702000,1,1.000000
dijkstra-dial-skip,with_roads,labyrinth,638,631.834000,1,1.000000
dijkstra-dial-skip,with_roads,labyrinth,2059,616.727000,1,1.000000
dijkstra-dial-skip,with_roads,labyrinth,810,681.211000,1,1.000000
dijkstra-dial-skip,with_roads,labyrinth,2160,625.691000,1,1.000000
dijkstra-dial-skip,with_roads,labyrinth,2112,630.850000,1,1.000000
dijkstra-dial-skip,with_roads,labyrinth,1999,675.475000,1,1.000000
dijkstra-dial-skip,with_roads,labyrinth,199,665.370000,1,1.000000
dijkstra-dial-skip,with_roads,labyrinth,1869,639.886000,1,1.000000
dijkstra-dial-skip,with_roads,labyrinth,1967,598.709000,1,1.000000
dijkstra-dial-skip,with_roads,labyrinth,511,651.604000,1,1.000000
dijkstra-dial-skip,with_roads,labyrinth,1649,705.872000,1,1.000000
dijkstra-dial-skip,no_roads,landscape,796,286.481000,1,1.000000
dijkstra-dial-skip,no_roads,landscape,114,278.074000,1,1.000000
dijkstra-dial-skip,no_roads,landscape,25,276.017000,1,1.000000
dijkstra-dial-skip,no_roads,landscape,314,272.379000,1,1.000000
dijkstra-dial-skip,no_roads,landscape,278,272.736000,1,1.000000
dijkstra-dial-skip,no_roads,landscape,249,285.879000,1,1.000000
dijkstra-dial-skip,no_roads,landscape,143,308.046000,1,1.000000
dijkstra-dial-skip,no_roads,landscape,896,299.635000,1,1.000000
dijkstra-dial-skip,no_roads,landscape,104,268.319000,1,1.000000
dijkstra-dial-skip,no_roads,landscape,834,265.177000,1,1.000000
dijkstra-dial-skip,no_roads,landscape,687,254.978000,1,1.000000
dijkstra-dial-skip,no_roads,landscape,89,245.891000,1,1.000000
dijkstra-dial-skip,no_roads,landscape,745,236.032000,1,1.000000
dijkstra-dial-skip,no_roads,landscape,532,239.433000,1,1.000000
dijkstra-dial-skip,no_roads,landscape,32,257.188000,1,1.000000
dijkstra-dial-skip,no_roads,landscape,30,269.752000,1,1.000000
dijkstra-dial-skip,no_roads,landscape,95,281.478000,1,1.000000
dijkstra-dial-skip,no_roads,landscape,244,286.879000,1,1.000000
dijkstra-dial-skip,no_roads,landscape,262,281.484000,1,1.000000
dijkstra-dial-skip,no_roads,landscape,633,283.543000,1,1.000000
dijkstra-dial-skip,no_roads,landscape,757,264.887000,1,1.000000
dijkstra-dial-skip,no_roads,landscape,27,284.745000,1,1.000000
dijkstra-dial-skip,no_roads,landscape,712,277.757000,1,1.000000
dijkstra-dial-skip,no_roads,landscape,219,287.513000,1,1.000000
dijkstra-dial-skip,no_roads,landscape,875,276.014000,1,1.000000
dijkstra-dial-skip,no_roads,landscape,807,294.707000,1,1.000000
dijkstra-dial-skip,no_roads,landscape,860,286.067000,1,1.000000
dijkstra-dial-skip,no_roads,landscape,687,294.998000,1,1.000000
dijkstra-dial-skip,no_roads,landscape,529,279.839000,1,1.000000
dijkstra-dial-skip,no_roads,landscape,246,270.510000,1,1.000000
dijkstra-dial-skip,no_roads,landscape,560,275.898000,1,1.000000
dijkstra-dial-skip,no_roads,landscape,744,274.126000,1,1.000000
dijkstra-dial-skip,no_roads,landscape,317,270.674000,1,1.000000
dijkstra-dial-skip,no_roads,landscape,6,273.996000,1,1.000000
dijkstra-dial-skip,no_roads,landscape,164,281.761000,1,1.000000
dijkstra-dial-skip,no_roads,landscape,856,288.549000,1,1.000000
dijkstra-dial-skip,no_roads,landscape,532,284.266000,1,1.000000
dijkstra-dial-skip,no_roads,landscape,415,293.102000,1,1.000000
dijkstra-dial-skip,no_roads,landscape,317,259.005000,1,1.000000
dijkstra-dial-skip,no_roads,landscape,160,263.781000,1,1.000000
dijkstra-dial-skip,no_roads,landscape,240,272.904000,1,1.000000
dijkstra-dial-skip,no_roads,landscape,389,279.847000,1,1.000000
dijkstra-dial-skip,no_roads,landscape,104,275.033000,1,1.000000
dijkstra-dial-skip,no_roads,landscape,94,294.502000,1,1.000000
dijkstra-dial-skip,no_roads,landscape,460,273.962000,1,1.000000
dijkstra-dial-skip,no_roads,landscape,99,287.791000,1,1.000000
dijkstra-dial-skip,no_roads,landscape,438,295.428000,1,1.000000
dijkstra-dial-skip,no_roads,landscape,423,281.598000,1,1.000000
dijkstra-dial-skip,no_roads,landscape,759,264.246000,1,1.000000
dijkstra-dial-skip,no_roads,landscape,303,281.527000,1,1.000000
dijkstra-dial-skip,no_roads,landscape,44,270.456000,1,1.000000
dijkstra-dial-skip,no_roads,landscape,889,263.685000,1,1.000000
dijkstra-dial-skip,no_roads,landscape,571,287.066000,1,1.000000
dijkstra-dial-skip,no_roads,landscape,677,295.049000,1,1.000000
dijkstra-dial-skip,no_roads,landscape,127,287.426000,1,1.000000
dijkstra-dial-skip,no_roads,landscape,458,274.289000,1,1.000000
dijkstra-dial-skip,no_roads,landscape,80,258.173000,1,1.000000
dijkstra-dial-skip,no_roads,landscape,694,262.594000,1,1.000000
dijkstra-dial-skip,no_roads,landscape,341,264.665000,1,1.000000
dijkstra-dial-skip,no_roads,landscape,785,261.661000,1,1.000000
dijkstra-dial-skip,no_roads,landscape,775,260.264000,1,1.000000
dijkstra-dial-skip,no_roads,landscape,441,272.771000,1,1.000000
dijkstra-dial-skip,no_roads,landscape,729,263.901000,1,1.000000
dijkstra-dial-skip,no_roads,landscape,209,266.804000,1,1.000000
dijkstra-dial-skip,no_roads,landscape,863,259.874000,1,1.000000
dijkstra-dial-skip,no_roads,landscape,71,249.554000,1,1.000000
dijkstra-dial-skip,no_roads,landscape,46,259.326000,1,1.000000
dijkstra-dial-skip,no_roads,landscape,819,238.299000,1,1.000000
dijkstra-dial-skip,no_roads,landscape,254,252.388000,1,1.000000
dijkstra-dial-skip,no_roads,landscape,337,248.251000,1,1.000000
dijkstra-dial-skip,no_roads,landscape,81,254.803000,1,1.000000
dijkstra-dial-skip,no_roads,landscape,262,256.473000,1,1.000000
dijkstra-dial-skip,no_roads,landscape,103,264.595000,1,1.000000
dijkstra-dial-skip,no_roads,landscape,460,250.653000,1,1.000000
dijkstra-dial-skip,no_roads,landscape,317,308.151000,1,1.000000
dijkstra-dial-skip,no_roads,landscape,565,253.466000,1,1.000000
dijkstra-dial-skip,no_roads,landscape,792,240.011000,1,1.000000
dijkstra-dial-skip,no_roads,landscape,444,260.933000,1,1.000000
dijkstra-dial-skip,no_roads,landscape,170,240.765000,1,1.000000
dijkstra-dial-skip,no_roads,landscape,450,247.965000,1,1.000000
dijkstra-dial-skip,no_roads,landscape,434,239.437000,1,1.000000
dijkstra-dial-skip,no_roads,landscape,233,239.135000,1,1.000000
dijkstra-dial-skip,no_roads,landscape,828,244.732000,1,1.000000
dijkstra-dial-skip,no_roads,landscape,306,246.602000,1,1.000000
dijkstra-dial-skip,no_roads,landscape,860,260.805000,1,1.000000
dijkstra-dial-skip,no_roads,landscape,841,246.707000,1,1.000000
dijkstra-dial-skip,no_roads,landscape,805,242.332000,1,1.000000
dijkstra-dial-skip,no_roads,landscape,73,248.632000,1,1.000000
dijkstra-dial-skip,no_roads,landscape,764,237.483000,1,1.000000
dijkstra-dial-skip,no_roads,landscape,792,239.924000,1,1.000000
dijkstra-dial-skip,no_roads,landscape,179,252.789000,1,1.000000
dijkstra-dial-skip,no_roads,landscape,671,237.524000,1,1.000000
dijkstra-dial-skip,no_roads,landscape,888,248.734000,1,1.000000
dijkstra-dial-skip,no_roads,landscape,278,257.297000,1,1.000000
dijkstra-dial-skip,no_roads,landscape,171,261.604000,1,1.000000
dijkstra-dial-skip,no_roads,landscape,574,258.006000,1,1.000000
dijkstra-dial-skip,no_roads,landscape,459,306.485000,1,1.000000
dijkstra-dial-skip,no_roads,landscape,309,237.648000,1,1.000000
dijkstra-dial-skip,no_roads,landscape,797,235.191000,1,1.000000
dijkstra-dial-skip,no_roads,landscape,846,245.057000,1,1.000000
dijkstra-dial-skip,with_roads,landscape,796,266.558000,1,1.000000
dijkstra-dial-skip,with_roads,landscape,114,251.683000,1,1.000000
dijkstra-dial-skip,with_roads,landscape,25,248.990000,1,1.000000
dijkstra-dial-skip,with_roads,landscape,314,249.617000,1,1.000000
dijkstra-dial-skip,with_roads,landscape,278,246.282000,1,1.000000
dijkstra-dial-skip,with_roads,landscape,249,252.705000,1,1.000000
dijkstra-dial-skip,with_roads,landscape,143,254.286000,1,1.000000
dijkstra-dial-skip,with_roads,landscape,896,258.513000,1,1.000000
dijkstra-dial-skip,with_roads,landscape,104,251.085000,1,1.000000
dijkstra-dial-skip,with_roads,landscape,834,252.811000,1,1.000000
dijkstra-dial-skip,with_roads,landscape,687,258.199000,1,1.000000
dijkstra-dial-skip,with_roads,landscape,89,254.595000,1,1.000000
dijkstra-dial-skip,with_roads,landscape,745,249.897000,1,1.000000
dijkstra-dial-skip,with_roads,landscape,532,259.982000,1,1.000000
dijkstra-dial-skip,with_roads,landscape,32,249.438000,1,1.000000
dijkstra-dial-skip,with_roads,landscape,30,267.073000,1,1.000000
dijkstra-dial-skip,with_roads,landscape,95,251.309000,1,1.000000
dijkstra-dial-skip,with_roads,landscape,244,259.702000,1,1.000000
dijkstra-dial-skip,with_roads,landscape,262,249.292000,1,1.000000
dijkstra-dial-skip,with_roads,landscape,633,264.995000,1,1.000000
dijkstra-dial-skip,with_roads,landscape,757,240.510000,1,1.000000
dijkstra-dial-skip,with_roads,landscape,27,254.401000,1,1.000000
dijkstra-dial-skip,with_roads,landscape,712,245.531000,1,1.000000
dijkstra-dial-skip,with_roads,landscape,219,249.523000,1,1.000000
dijkstra-dial-skip,with_roads,landscape,875,235.722000,1,1.000000
dijkstra-dial-skip,with_roads,landscape,807,248.806000,1,1.000000
dijkstra-dial-skip,with_roads,landscape,860,245.870000,1,1.000000
dijkstra-dial-skip,with_roads,landscape,687,251.740000,1,1.000000
dijkstra-dial-skip,with_roads,landscape,529,248.432000,1,1.000000
dijkstra-dial-skip,with_roads,landscape,246,251.088000,1,1.000000
dijkstra-dial-skip,with_roads,landscape,560,242.545000,1,1.000000
dijkstra-dial-skip,with_roads,landscape,744,258.316000,1,1.000000
dijkstra-dial-skip,with_roads,landscape,317,243.428000,1,1.000000
dijkstra-dial-skip,with_roads,landscape,6,246.570000,1,1.000000
dijkstra-dial-skip,with_roads,landscape,164,247.041000,1,1.000000
dijkstra-dial-skip,with_roads,landscape,856,245.592000,1,1.000000
dijkstra-dial-skip,with_roads,landscape,532,255.950000,1,1.000000
dijkstra-dial-skip,with_roads,landscape,415,259.209000,1,1.000000
dijkstra-dial-skip,with_roads,landscape,317,252.464000,1,1.000000
dijkstra-dial-skip,with_roads,landscape,160,252.630000,1,1.000000
dijkstra-dial-skip,with_roads,landscape,240,277.232000,1,1.000000
dijkstra-dial-skip,with_roads,landscape,389,269.837000,1,1.000000
dijkstra-dial-skip,with_roads,landscape,104,257.212000,1,1.000000
dijkstra-dial-skip,with_roads,landscape,94,250.769000,1,1.000000
dijkstra-dial-skip,with_roads,landscape,460,251.568000,1,1.000000
dijkstra-dial-skip,with_roads,landscape,99,281.279000,1,1.000000
dijkstra-dial-skip,with_roads,landscape,438,252.969000,1,1.000000
dijkstra-dial-skip,with_roads,landscape,423,261.819000,1,1.000000
dijkstra-dial-skip,with_roads,landscape,759,244.567000,1,1.000000
dijkstra-dial-skip,with_roads,landscape,303,252.866000,1,1.000000
dijkstra-dial-skip,with_roads,landscape,44,254.271000,1,1.000000
dijkstra-dial-skip,with_roads,landscape,889,254.793000,1,1.000000
dijkstra-dial-skip,with_roads,landscape,571,249.264000,1,1.000000
dijkstra-dial-skip,with_roads,landscape,677,249.974000,1,1.000000
dijkstra-dial-skip,with_roads,landscape,127,254.913000,1,1.000000
dijkstra-dial-skip,with_roads,landscape,458,256.315000,1,1.000000
dijkstra-dial-skip,with_roads,landscape,80,255.625000,1,1.000000
dijkstra-dial-skip,with_roads,landscape,694,260.226000,1,1.000000
dijkstra-dial-skip,with_roads,landscape,341,269.195000,1,1.000000
dijkstra-dial-skip,with_roads,landscape,785,252.308000,1,1.000000
dijkstra-dial-skip,with_roads,landscape,775,254.037000,1,1.000000
dijkstra-dial-skip,with_roads,landscape,441,253.549000,1,1.000000
dijkstra-dial-skip,with_roads,landscape,729,246.180000,1,1.000000
dijkstra-dial-skip,with_roads,landscape,209,260.618000,1,1.000000
dijkstra-dial-skip,with_roads,landscape,863,253.492000,1,1.000000
dijkstra-dial-skip,with_roads,landscape,71,257.943000,1,1.000000
dijkstra-dial-skip,with_roads,landscape,46,264.372000,1,1.000000
dijkstra-dial-skip,with_roads,landscape,819,255.171000,1,1.000000
dijkstra-dial-skip,with_roads,landscape,254,262.646000,1,1.000000
dijkstra-dial-skip,with_roads,landscape,337,263.732000,1,1.000000
dijkstra-dial-skip,with_roads,landscape,81,255.556000,1,1.000000
dijkstra-dial-skip,with_roads,landscape,262,257.196000,1,1.000000
dijkstra-dial-skip,with_roads,landscape,103,264.330000,1,1.000000
dijkstra-dial-skip,with_roads,landscape,460,275.192000,1,1.000000
dijkstra-dial-skip,with_roads,landscape,317,261.171000,1,1.000000
dijkstra-dial-skip,with_roads,landscape,565,280.905000,1,1.000000
dijkstra-dial-skip,with_roads,landscape,792,255.912000,1,1.000000
dijkstra-dial-skip,with_roads,landscape,444,268.044000,1,1.000000
dijkstra-dial-skip,with_roads,landscape,170,250.962000,1,1.000000
dijkstra-dial-skip,with_roads,landscape,450,266.150000,1,1.000000
dijkstra-dial-skip,with_roads,landscape,434,255.560000,1,1.000000
dijkstra-dial-skip,with_roads,landscape,233,259.150000,1,1.000000
dijkstra-dial-skip,with_roads,landscape,828,266.510000,1,1.000000
dijkstra-dial-skip,with_roads,landscape,306,271.835000,1,1.000000
dijkstra-dial-skip,with_roads,landscape,860,249.666000,1,1.000000
dijkstra-dial-skip,with_roads,landscape,841,251.743000,1,1.000000
dijkstra-dial-skip,with_roads,landscape,805,258.846000,1,1.000000
dijkstra-dial-skip,with_roads,landscape,73,253.145000,1,1.000000
dijkstra-dial-skip,with_roads,landscape,764,253.901000,1,1.000000
dijkstra-dial-skip,with_roads,landscape,792,261.493000,1,1.000000
dijkstra-dial-skip,with_roads,landscape,179,271.776000,1,1.000000
dijkstra-dial-skip,with_roads,landscape,671,266.095000,1,1.000000
dijkstra-dial-skip,with_roads,landscape,888,259.906000,1,1.000000
dijkstra-dial-skip,with_roads,landscape,278,249.154000,1,1.000000
dijkstra-dial-skip,with_roads,landscape,171,263.388000,1,1.000000
dijkstra-dial-skip,with_roads,landscape,574,247.463000,1,1.000000
dijkstra-dial-skip,with_roads,landscape,459,245.597000,1,1.000000
dijkstra-dial-skip,with_roads,landscape,309,253.995000,1,1.000000
dijkstra-dial-skip,with_roads,landscape,797,271.320000,1,1.000000
dijkstra-dial-skip,with_roads,landscape,846,250.527000,1,1.000000
dijkstra-dial-skip,no_roads,mandelbrot,1578,552.868000,1,1.000000
dijkstra-dial-skip,no_roads,mandelbrot,280,536.414000,1,1.000000
dijkstra-dial-skip,no_roads,mandelbrot,55,512.555000,1,1.000000
dijkstra-dial-skip,no_roads,mandelbrot,1846,554.104000,1,1.000000
dijkstra-dial-skip,no_roads,mandelbrot,685,544.182000,1,1.000000
dijkstra-dial-skip,no_roads,mandelbrot,610,497.250000,1,1.000000
dijkstra-dial-skip,no_roads,mandelbrot,564,539.507000,1,1.000000
dijkstra-dial-skip,no_roads,mandelbrot,349,561.775000,1,1.000000
dijkstra-dial-skip,no_roads,mandelbrot,1824,558.638000,1,1.000000
dijkstra-dial-skip,no_roads,mandelbrot,254,526.540000,1,1.000000
dijkstra-dial-skip,no_roads,mandelbrot,1675,549.289000,1,1.000000
dijkstra-dial-skip,no_roads,mandelbrot,1844,524.135000,1,1.000000
dijkstra-dial-skip,no_roads,mandelbrot,1350,510.058000,1,1.000000
dijkstra-dial-skip,no_roads,mandelbrot,208,501.757000,1,1.000000
dijkstra-dial-skip,no_roads,mandelbrot,1458,484.721000,1,1.000000
dijkstra-dial-skip,no_roads,mandelbrot,1048,512.374000,1,1.000000
dijkstra-dial-skip,no_roads,mandelbrot,69,502.914000,1,1.000000
dijkstra-dial-skip,no_roads,mandelbrot,65,499.561000,1,1.000000
dijkstra-dial-skip,no_roads,mandelbrot,224,507.913000,1,1.000000
dijkstra-dial-skip,no_roads,mandelbrot,553,517.123000,1,1.000000
dijkstra-dial-skip,no_roads,mandelbrot,584,526.827000,1,1.000000
dijkstra-dial-skip,no_roads,mandelbrot,1245,524.567000,1,1.000000
dijkstra-dial-skip,no_roads,mandelbrot,1483,532.659000,1,1.000000
dijkstra-dial-skip,no_roads,mandelbrot,58,519.445000,1,1.000000
dijkstra-dial-skip,no_roads,mandelbrot,1390,577.305000,1,1.000000
dijkstra-dial-skip,no_roads,mandelbrot,509,513.345000,1,1.000000
dijkstra-dial-skip,no_roads,mandelbrot,1771,542.531000,1,1.000000
dijkstra-dial-skip,no_roads,mandelbrot,1600,515.106000,1,1.000000
dijkstra-dial-skip,no_roads,mandelbrot,1735,558.348000,1,1.000000
dijkstra-dial-skip,no_roads,mandelbrot,1350,528.154000,1,1.000000
dijkstra-dial-skip,no_roads,mandelbrot,1043,539.878000,1,1.000000
dijkstra-dial-skip,no_roads,mandelbrot,557,516.170000,1,1.000000
dijkstra-dial-skip,no_roads,mandelbrot,1114,22.118000,1,1.000000
dijkstra-dial-skip,no_roads,mandelbrot,1455,518.844000,1,1.000000
dijkstra-dial-skip,no_roads,mandelbrot,691,520.206000,1,1.000000
dijkstra-dial-skip,no_roads,mandelbrot,2011,523.142000,1,1.000000
dijkstra-dial-skip,no_roads,mandelbrot,13,547.924000,1,1.000000
dijkstra-dial-skip,no_roads,mandelbrot,1893,527.392000,1,1.000000
dijkstra-dial-skip,no_roads,mandelbrot,2004,527.348000,1,1.000000
dijkstra-dial-skip,no_roads,mandelbrot,403,499.151000,1,1.000000
dijkstra-dial-skip,no_roads,mandelbrot,1728,510.975000,1,1.000000
dijkstra-dial-skip,no_roads,mandelbrot,1049,552.069000,1,1.000000
dijkstra-dial-skip,no_roads,mandelbrot,849,521.193000,1,1.000000
dijkstra-dial-skip,no_roads,mandelbrot,691,522.693000,1,1.000000
dijkstra-dial-skip,no_roads,mandelbrot,390,529.831000,1,1.000000
dijkstra-dial-skip,no_roads,mandelbrot,546,517.460000,1,1.000000
dijkstra-dial-skip,no_roads,mandelbrot,1902,518.252000,1,1.000000
dijkstra-dial-skip,no_roads,mandelbrot,838,521.975000,1,1.000000
dijkstra-dial-skip,no_roads,mandelbrot,254,526.281000,1,1.000000
dijkstra-dial-skip,no_roads,mandelbrot,221,521.849000,1,1.000000
dijkstra-dial-skip,no_roads,mandelbrot,940,540.096000,1,1.000000
dijkstra-dial-skip,no_roads,mandelbrot,242,538.675000,1,1.000000
dijkstra-dial-skip,no_roads,mandelbrot,892,537.211000,1,1.000000
dijkstra-dial-skip,no_roads,mandelbrot,857,518.874000,1,1.000000
dijkstra-dial-skip,no_roads,mandelbrot,1487,536.669000,1,1.000000
dijkstra-dial-skip,no_roads,mandelbrot,656,503.655000,1,1.000000
dijkstra-dial-skip,no_roads,mandelbrot,2006,540.351000,1,1.000000
dijkstra-dial-skip,no_roads,mandelbrot,98,546.970000,1,1.000000
dijkstra-dial-skip,no_roads,mandelbrot,1807,528.318000,1,1.000000
dijkstra-dial-skip,no_roads,mandelbrot,1137,560.729000,1,1.000000
dijkstra-dial-skip,no_roads,mandelbrot,1330,530.809000,1,1.000000
dijkstra-dial-skip,no_roads,mandelbrot,312,535.016000,1,1.000000
dijkstra-dial-skip,no_roads,mandelbrot,937,545.851000,1,1.000000
dijkstra-dial-skip,no_roads,mandelbrot,187,550.177000,1,1.000000
dijkstra-dial-skip,no_roads,mandelbrot,1367,529.882000,1,1.000000
dijkstra-dial-skip,no_roads,mandelbrot,731,528.542000,1,1.000000
dijkstra-dial-skip,no_roads,mandelbrot,1546,525.506000,1,1.000000
dijkstra-dial-skip,no_roads,mandelbrot,1524,544.845000,1,1.000000
dijkstra-dial-skip,no_roads,mandelbrot,899,568.945000,1,1.000000
dijkstra-dial-skip,no_roads,mandelbrot,1429,526.080000,1,1.000000
dijkstra-dial-skip,no_roads,mandelbrot,491,530.437000,1,1.000000
dijkstra-dial-skip,no_roads,mandelbrot,1743,551.441000,1,1.000000
dijkstra-dial-skip,no_roads,mandelbrot,162,525.726000,1,1.000000
dijkstra-dial-skip,no_roads,mandelbrot,103,561.876000,1,1.000000
dijkstra-dial-skip,no_roads,mandelbrot,1630,549.235000,1,1.000000
dijkstra-dial-skip,no_roads,mandelbrot,574,551.710000,1,1.000000
dijkstra-dial-skip,no_roads,mandelbrot,1926,11.193000,1,1.000000
dijkstra-dial-skip,no_roads,mandelbrot,723,530.542000,1,1.000000
dijkstra-dial-skip,no_roads,mandelbrot,193,538.564000,1,1.000000
dijkstra-dial-skip,no_roads,mandelbrot,584,534.050000,1,1.000000
dijkstra-dial-skip,no_roads,mandelbrot,251,524.885000,1,1.000000
dijkstra-dial-skip,no_roads,mandelbrot,940,537.095000,1,1.000000
dijkstra-dial-skip,no_roads,mandelbrot,691,530.574000,1,1.000000
dijkstra-dial-skip,no_roads,mandelbrot,1125,550.250000,1,1.000000
dijkstra-dial-skip,no_roads,mandelbrot,1567,535.111000,1,1.000000
dijkstra-dial-skip,no_roads,mandelbrot,906,506.442000,1,1.000000
dijkstra-dial-skip,no_roads,mandelbrot,411,513.327000,1,1.000000
dijkstra-dial-skip,no_roads,mandelbrot,918,24.661000,1,1.000000
dijkstra-dial-skip,no_roads,mandelbrot,884,548.651000,1,1.000000
dijkstra-dial-skip,no_roads,mandelbrot,534,543.612000,1,1.000000
dijkstra-dial-skip,no_roads,mandelbrot,1657,539.984000,1,1.000000
dijkstra-dial-skip,no_roads,mandelbrot,664,524.539000,1,1.000000
dijkstra-dial-skip,no_roads,mandelbrot,1736,545.823000,1,1.000000
dijkstra-dial-skip,no_roads,mandelbrot,1689,544.811000,1,1.000000
dijkstra-dial-skip,no_roads,mandelbrot,1597,658.790000,1,1.000000
dijkstra-dial-skip,no_roads,mandelbrot,166,523.895000,1,1.000000
dijkstra-dial-skip,no_roads,mandelbrot,1499,563.942000,1,1.000000
dijkstra-dial-skip,no_roads,mandelbrot,1566,521.926000,1,1.000000
dijkstra-dial-skip,no_roads,mandelbrot,432,528.024000,1,1.000000
dijkstra-dial-skip,no_roads,mandelbrot,1325,544.023000,1,1.000000
dijkstra-dial-skip,with_roads,mandelbrot,1578,558.313000,1,1.000000
dijkstra-dial-skip,with_roads,mandelbrot,280,549.721000,1,1.000000
dijkstra-dial-skip,with_roads,mandelbrot,55,525.171000,1,1.000000
dijkstra-dial-skip,with_roads,mandelbrot,1846,585.618000,1,1.000000
dijkstra-dial-skip,with_roads,mandelbrot,685,599.986000,1,1.000000
dijkstra-dial-skip,with_roads,mandelbrot,610,596.093000,1,1.000000
dijkstra-dial-skip,with_roads,mandelbrot,564,599.175000,1,1.000000
dijkstra-dial-skip,with_roads,mandelbrot,349,596.921000,1,1.000000
dijkstra-dial-skip,with_roads,mandelbrot,1824,592.621000,1,1.000000
dijkstra-dial-skip,with_roads,mandelbrot,254,563.407000,1,1.000000
dijkstra-dial-skip,with_roads,mandelbrot,1675,608.477000,1,1.000000
dijkstra-dial-skip,with_roads,mandelbrot,1844,580.917000,1,1.000000
dijkstra-dial-skip,with_roads,mandelbrot,1350,548.943000,1,1.000000
dijkstra-dial-skip,with_roads,mandelbrot,208,539.845000,1,1.000000
dijkstra-dial-skip,with_roads,mandelbrot,1458,538.573000,1,1.000000
dijkstra-dial-skip,with_roads,mandelbrot,1048,580.527000,1,1.000000
dijkstra-dial-skip,with_roads,mandelbrot,69,560.194000,1,1.000000
dijkstra-dial-skip,with_roads,mandelbrot,65,576.048000,1,1.000000
dijkstra-dial-skip,with_roads,mandelbrot,224,573.669000,1,1.000000
dijkstra-dial-skip,with_roads,mandelbrot,553,548.748000,1,1.000000
dijkstra-dial-skip,with_roads,mandelbrot,584,558.510000,1,1.000000
dijkstra-dial-skip,with_roads,mandelbrot,1245,574.905000,1,1.000000
dijkstra-dial-skip,with_roads,mandelbrot,1483,570.044000,1,1.000000
dijkstra-dial-skip,with_roads,mandelbrot,58,553.039000,1,1.000000
dijkstra-dial-skip,with_roads,mandelbrot,1390,567.354000,1,1.000000
dijkstra-dial-skip,with_roads,mandelbrot,509,551.219000,1,1.000000
dijkstra-dial-skip,with_roads,mandelbrot,1771,581.982000,1,1.000000
dijkstra-dial-skip,with_roads,mandelbrot,1600,517.646000,1,1.000000
dijkstra-dial-skip,with_roads,mandelbrot,1735,562.089000,1,1.000000
dijkstra-dial-skip,with_roads,mandelbrot,1350,561.545000,1,1.000000
dijkstra-dial-skip,with_roads,mandelbrot,1043,554.031000,1,1.000000
dijkstra-dial-skip,with_roads,mandelbrot,557,534.906000,1,1.000000
dijkstra-dial-skip,with_roads,mandelbrot,1114,21.831000,1,1.000000
dijkstra-dial-skip,with_roads,mandelbrot,1455,526.028000,1,1.000000
dijkstra-dial-skip,with_roads,mandelbrot,691,571.798000,1,1.000000
dijkstra-dial-skip,with_roads,mandelbrot,2011,543.488000,1,1.000000
dijkstra-dial-skip,with_roads,mandelbrot,13,545.592000,1,1.000000
dijkstra-dial-skip,with_roads,mandelbrot,1893,581.276000,1,1.000000
dijkstra-dial-skip,with_roads,mandelbrot,2004,559.551000,1,1.000000
dijkstra-dial-skip,with_roads,mandelbrot,403,558.679000,1,1.000000
dijkstra-dial-skip,with_roads,mandelbrot,1728,583.949000,1,1.000000
dijkstra-dial-skip,with_roads,mandelbrot,1049,568.769000,1,1.000000
dijkstra-dial-skip,with_roads,mandelbrot,849,573.323000,1,1.000000
dijkstra-dial-skip,with_roads,mandelbrot,691,564.885000,1,1.000000
dijkstra-dial-skip,with_roads,mandelbrot,390,552.630000,1,1.000000
dijkstra-dial-skip,with_roads,mandelbrot,546,552.839000,1,1.000000
dijkstra-dial-skip,with_roads,mandelbrot,1902,523.646000,1,1.000000
dijkstra-dial-skip,with_roads,mandelbrot,838,528.879000,1,1.000000
dijkstra-dial-skip,with_roads,mandelbrot,254,531.228000,1,1.000000
dijkstra-dial-skip,with_roads,mandelbrot,221,566.037000,1,1.000000
dijkstra-dial-skip,with_roads,mandelbrot,940,558.614000,1,1.000000
dijkstra-dial-skip,with_roads,mandelbrot,242,571.953000,1,1.000000
dijkstra-dial-skip,with_roads,mandelbrot,892,559.337000,1,1.000000
dijkstra-dial-skip,with_roads,mandelbrot,857,523.924000,1,1.000000
dijkstra-dial-skip,with_roads,mandelbrot,1487,642.766000,1,1.000000
dijkstra-dial-skip,with_roads,mandelbrot,656,651.539000,1,1.000000
dijkstra-dial-skip,with_roads,mandelbrot,2006,507.149000,1,1.000000
dijkstra-dial-skip,with_roads,mandelbrot,98,528.876000,1,1.000000
dijkstra-dial-skip,with_roads,mandelbrot,1807,533.622000,1,1.000000
dijkstra-dial-skip,with_roads,mandelbrot,1137,630.871000,1,1.000000
dijkstra-dial-skip,with_roads,mandelbrot,1330,556.958000,1,1.000000
dijkstra-dial-skip,with_roads,mandelbrot,312,522.969000,1,1.000000
dijkstra-dial-skip,with_roads,mandelbrot,937,534.812000,1,1.000000
dijkstra-dial-skip,with_roads,mandelbrot,187,588.167000,1,1.000000
dijkstra-dial-skip,with_roads,mandelbrot,1367,551.378000,1,1.000000
dijkstra-dial-skip,with_roads,mandelbrot,731,532.882000,1,1.000000
dijkstra-dial-skip,with_roads,mandelbrot,1546,536.206000,1,1.000000
dijkstra-dial-skip,with_roads,mandelbrot,1524,566.016000,1,1.000000
dijkstra-dial-skip,with_roads,mandelbrot,899,599.576000,1,1.000000
dijkstra-dial-skip,with_roads,mandelbrot,1429,560.187000,1,1.000000
dijkstra-dial-skip,with_roads,mandelbrot,491,563.613000,1,1.000000
dijkstra-dial-skip,with_roads,mandelbrot,1743,565.008000,1,1.000000
dijkstra-dial-skip,with_roads,mandelbrot,162,543.812000,1,1.000000
dijkstra-dial-skip,with_roads,mandelbrot,103,546.874000,1,1.000000
dijkstra-dial-skip,with_roads,mandelbrot,1630,564.680000,1,1.000000
dijkstra-dial-skip,with_roads,mandelbrot,574,548.152000,1,1.000000
dijkstra-dial-skip,with_roads,mandelbrot,1926,11.113000,1,1.000000
dijkstra-dial-skip,with_roads,mandelbrot,723,544.622000,1,1.000000
dijkstra-dial-skip,with_roads,mandelbrot,193,578.033000,1,1.000000
dijkstra-dial-skip,with_roads,mandelbrot,584,559.208000,1,1.000000
dijkstra-dial-skip,with_roads,mandelbrot,251,536.616000,1,1.000000
dijkstra-dial-skip,with_roads,mandelbrot,940,555.539000,1,1.000000
dijkstra-dial-skip,with_roads,mandelbrot,691,569.002000,1,1.000000
dijkstra-dial-skip,with_roads,mandelbrot,1125,555.502000,1,1.000000
dijkstra-dial-skip,with_roads,mandelbrot,1567,538.589000,1,1.000000
dijkstra-dial-skip,with_roads,mandelbrot,906,525.162000,1,1.000000
dijkstra-dial-skip,with_roads,mandelbrot,411,535.726000,1,1.000000
dijkstra-dial-skip,with_roads,mandelbrot,918,23.800000,1,1.000000
dijkstra-dial-skip,with_roads,mandelbrot,884,553.161000,1,1.000000
dijkstra-dial-skip,with_roads,mandelbrot,534,528.575000,1,1.000000
dijkstra-dial-skip,with_roads,mandelbrot,1657,487.692000,1,1.000000
dijkstra-dial-skip,with_roads,mandelbrot,664,505.987000,1,1.000000
dijkstra-dial-skip,with_roads,mandelbrot,1736,517.328000,1,1.000000
dijkstra-dial-skip,with_roads,mandelbrot,1689,533.825000,1,1.000000
dijkstra-dial-skip,with_roads,mandelbrot,1597,525.922000,1,1.000000
dijkstra-dial-skip,with_roads,mandelbrot,166,501.790000,1,1.000000
dijkstra-dial-skip,with_roads,mandelbrot,1499,531.400000,1,1.000000
dijkstra-dial-skip,with_roads,mandelbrot,1566,525.121000,1,1.000000
dijkstra-dial-skip,with_roads,mandelbrot,432,520.189000,1,1.000000
dijkstra-dial-skip,with_roads,mandelbrot,1325,522.971000,1,1.000000
dijkstra-dial-skip,no_roads,metropolitan_dystopia,1815,648.855000,1,1.000000
dijkstra-dial-skip,no_roads,metropolitan_dystopia,305,594.378000,1,1.000000
dijkstra-dial-skip,no_roads,metropolitan_dystopia,54,602.724000,1,1.000000
dijkstra-dial-skip,no_roads,metropolitan_dystopia,2132,616.028000,1,1.000000
dijkstra-dial-skip,no_roads,metropolitan_dystopia,796,671.055000,1,1.000000
dijkstra-dial-skip,no_roads,metropolitan_dystopia,704,625.068000,1,1.000000
dijkstra-dial-skip,no_roads,metropolitan_dystopia,645,642.956000,1,1.000000
dijkstra-dial-skip,no_roads,metropolitan_dystopia,386,626.178000,1,1.000000
dijkstra-dial-skip,no_roads,metropolitan_dystopia,2113,638.105000,1,1.000000
dijkstra-dial-skip,no_roads,metropolitan_dystopia,274,590.420000,1,1.000000
dijkstra-dial-skip,no_roads,metropolitan_dystopia,1921,606.613000,1,1.000000
dijkstra-dial-skip,no_roads,metropolitan_dystopia,2129,615.265000,1,1.000000
dijkstra-dial-skip,no_roads,metropolitan_dystopia,1547,580.431000,1,1.000000
dijkstra-dial-skip,no_roads,metropolitan_dystopia,230,613.338000,1,1.000000
dijkstra-dial-skip,no_roads,metropolitan_dystopia,1681,630.908000,1,1.000000
dijkstra-dial-skip,no_roads,metropolitan_dystopia,1207,571.439000,1,1.000000
dijkstra-dial-skip,no_roads,metropolitan_dystopia,77,641.789000,1,1.000000
dijkstra-dial-skip,no_roads,metropolitan_dystopia,69,624.336000,1,1.000000
dijkstra-dial-skip,no_roads,metropolitan_dystopia,250,609.585000,1,1.000000
dijkstra-dial-skip,no_roads,metropolitan_dystopia,633,650.239000,1,1.000000
dijkstra-dial-skip,no_roads,metropolitan_dystopia,667,614.097000,1,1.000000
dijkstra-dial-skip,no_roads,metropolitan_dystopia,1431,607.892000,1,1.000000
dijkstra-dial-skip,no_roads,metropolitan_dystopia,1705,672.755000,1,1.000000
dijkstra-dial-skip,no_roads,metropolitan_dystopia,57,643.604000,1,1.000000
dijkstra-dial-skip,no_roads,metropolitan_dystopia,1594,610.653000,1,1.000000
dijkstra-dial-skip,no_roads,metropolitan_dystopia,576,661.679000,1,1.000000
dijkstra-dial-skip,no_roads,metropolitan_dystopia,2037,609.580000,1,1.000000
dijkstra-dial-skip,no_roads,metropolitan_dystopia,1847,621.886000,1,1.000000
dijkstra-dial-skip,no_roads,metropolitan_dystopia,1995,640.129000,1,1.000000
dijkstra-dial-skip,no_roads,metropolitan_dystopia,1547,623.979000,1,1.000000
dijkstra-dial-skip,no_roads,metropolitan_dystopia,1202,580.731000,1,1.000000
dijkstra-dial-skip,no_roads,metropolitan_dystopia,639,732.987000,1,1.000000
dijkstra-dial-skip,no_roads,metropolitan_dystopia,1281,592.071000,1,1.000000
dijkstra-dial-skip,no_roads,metropolitan_dystopia,1677,600.357000,1,1.000000
dijkstra-dial-skip,no_roads,metropolitan_dystopia,802,621.702000,1,1.000000
dijkstra-dial-skip,no_roads,metropolitan_dystopia,2325,629.658000,1,1.000000
dijkstra-dial-skip,no_roads,metropolitan_dystopia,2486,646.944000,1,1.000000
dijkstra-dial-skip,no_roads,metropolitan_dystopia,13,627.604000,1,1.000000
dijkstra-dial-skip,no_roads,metropolitan_dystopia,2182,626.808000,1,1.000000
dijkstra-dial-skip,no_roads,metropolitan_dystopia,2318,659.012000,1,1.000000
dijkstra-dial-skip,no_roads,metropolitan_dystopia,460,640.187000,1,1.000000
dijkstra-dial-skip,no_roads,metropolitan_dystopia,1987,619.890000,1,1.000000
dijkstra-dial-skip,no_roads,metropolitan_dystopia,1209,612.864000,1,1.000000
dijkstra-dial-skip,no_roads,metropolitan_dystopia,977,603.333000,1,1.000000
dijkstra-dial-skip,no_roads,metropolitan_dystopia,802,607.230000,1,1.000000
dijkstra-dial-skip,no_roads,metropolitan_dystopia,449,669.828000,1,1.000000
dijkstra-dial-skip,no_roads,metropolitan_dystopia,625,662.843000,1,1.000000
dijkstra-dial-skip,no_roads,metropolitan_dystopia,2192,640.770000,1,1.000000
dijkstra-dial-skip,no_roads,metropolitan_dystopia,967,626.299000,1,1.000000
dijkstra-dial-skip,no_roads,metropolitan_dystopia,274,635.675000,1,1.000000
dijkstra-dial-skip,no_roads,metropolitan_dystopia,248,671.030000,1,1.000000
dijkstra-dial-skip,no_roads,metropolitan_dystopia,1101,618.945000,1,1.000000
dijkstra-dial-skip,no_roads,metropolitan_dystopia,262,628.779000,1,1.000000
dijkstra-dial-skip,no_roads,metropolitan_dystopia,1024,608.237000,1,1.000000
dijkstra-dial-skip,no_roads,metropolitan_dystopia,2433,611.689000,1,1.000000
dijkstra-dial-skip,no_roads,metropolitan_dystopia,986,606.203000,1,1.000000
dijkstra-dial-skip,no_roads,metropolitan_dystopia,1710,656.758000,1,1.000000
dijkstra-dial-skip,no_roads,metropolitan_dystopia,764,623.500000,1,1.000000
dijkstra-dial-skip,no_roads,metropolitan_dystopia,2320,633.945000,1,1.000000
dijkstra-dial-skip,no_roads,metropolitan_dystopia,104,641.794000,1,1.000000
dijkstra-dial-skip,no_roads,metropolitan_dystopia,2081,631.942000,1,1.000000
dijkstra-dial-skip,no_roads,metropolitan_dystopia,1303,633.205000,1,1.000000
dijkstra-dial-skip,no_roads,metropolitan_dystopia,1523,623.785000,1,1.000000
dijkstra-dial-skip,no_roads,metropolitan_dystopia,336,654.686000,1,1.000000
dijkstra-dial-skip,no_roads,metropolitan_dystopia,1086,620.374000,1,1.000000
dijkstra-dial-skip,no_roads,metropolitan_dystopia,204,662.999000,1,1.000000
dijkstra-dial-skip,no_roads,metropolitan_dystopia,1573,637.818000,1,1.000000
dijkstra-dial-skip,no_roads,metropolitan_dystopia,842,676.544000,1,1.000000
dijkstra-dial-skip,no_roads,metropolitan_dystopia,2386,646.441000,1,1.000000
dijkstra-dial-skip,no_roads,metropolitan_dystopia,1790,650.640000,1,1.000000
dijkstra-dial-skip,no_roads,metropolitan_dystopia,1750,675.794000,1,1.000000
dijkstra-dial-skip,no_roads,metropolitan_dystopia,2469,636.691000,1,1.000000
dijkstra-dial-skip,no_roads,metropolitan_dystopia,1035,621.064000,1,1.000000
dijkstra-dial-skip,no_roads,metropolitan_dystopia,1645,625.210000,1,1.000000
dijkstra-dial-skip,no_roads,metropolitan_dystopia,559,643.633000,1,1.000000
dijkstra-dial-skip,no_roads,metropolitan_dystopia,2002,680.426000,1,1.000000
dijkstra-dial-skip,no_roads,metropolitan_dystopia,180,693.468000,1,1.000000
dijkstra-dial-skip,no_roads,metropolitan_dystopia,110,641.679000,1,1.000000
dijkstra-dial-skip,no_roads,metropolitan_dystopia,1876,637.454000,1,1.000000
dijkstra-dial-skip,no_roads,metropolitan_dystopia,656,645.226000,1,1.000000
dijkstra-dial-skip,no_roads,metropolitan_dystopia,2224,639.960000,1,1.000000
dijkstra-dial-skip,no_roads,metropolitan_dystopia,832,700.637000,1,1.000000
dijkstra-dial-skip,no_roads,metropolitan_dystopia,206,761.041000,1,1.000000
dijkstra-dial-skip,no_roads,metropolitan_dystopia,2454,785.360000,1,1.000000
dijkstra-dial-skip,no_roads,metropolitan_dystopia,667,703.077000,1,1.000000
dijkstra-dial-skip,no_roads,metropolitan_dystopia,2480,719.829000,1,1.000000
dijkstra-dial-skip,no_roads,metropolitan_dystopia,271,750.633000,1,1.000000
dijkstra-dial-skip,no_roads,metropolitan_dystopia,1101,716.087000,1,1.000000
dijkstra-dial-skip,no_roads,metropolitan_dystopia,802,698.220000,1,1.000000
dijkstra-dial-skip,no_roads,metropolitan_dystopia,1290,743.177000,1,1.000000
dijkstra-dial-skip,no_roads,metropolitan_dystopia,1806,764.032000,1,1.000000
dijkstra-dial-skip,no_roads,metropolitan_dystopia,2399,715.228000,1,1.000000
dijkstra-dial-skip,no_roads,metropolitan_dystopia,1043,727.166000,1,1.000000
dijkstra-dial-skip,no_roads,metropolitan_dystopia,472,880.018000,1,1.000000
dijkstra-dial-skip,no_roads,metropolitan_dystopia,1067,681.437000,1,1.000000
dijkstra-dial-skip,no_roads,metropolitan_dystopia,1014,652.423000,1,1.000000
dijkstra-dial-skip,no_roads,metropolitan_dystopia,605,653.209000,1,1.000000
dijkstra-dial-skip,no_roads,metropolitan_dystopia,1906,748.879000,1,1.000000
dijkstra-dial-skip,no_roads,metropolitan_dystopia,770,682.146000,1,1.000000
dijkstra-dial-skip,no_roads,metropolitan_dystopia,1996,706.290000,1,1.000000
dijkstra-dial-skip,with_roads,metropolitan_dystopia,1815,699.863000,1,1.000000
dijkstra-dial-skip,with_roads,metropolitan_dystopia,305,630.562000,1,1.000000
dijkstra-dial-skip,with_roads,metropolitan_dystopia,54,603.470000,1,1.000000
dijkstra-dial-skip,with_roads,metropolitan_dystopia,2132,618.306000,1,1.000000
dijkstra-dial-skip,with_roads,metropolitan_dystopia,796,684.568000,1,1.000000
dijkstra-dial-skip,with_roads,metropolitan_dystopia,704,612.359000,1,1.000000
dijkstra-dial-skip,with_roads,metropolitan_dystopia,645,667.622000,1,1.000000
dijkstra-dial-skip,with_roads,metropolitan_dystopia,386,647.973000,1,1.000000
dijkstra-dial-skip,with_roads,metropolitan_dystopia,2113,666.088000,1,1.000000
dijkstra-dial-skip,with_roads,metropolitan_dystopia,274,636.024000,1,1.000000
dijkstra-dial-skip,with_roads,metropolitan_dystopia,1921,662.054000,1,1.000000
dijkstra-dial-skip,with_roads,metropolitan_dystopia,2129,642.798000,1,1.000000
dijkstra-dial-skip,with_roads,metropolitan_dystopia,1547,612.938000,1,1.000000
dijkstra-dial-skip,with_roads,metropolitan_dystopia,230,615.468000,1,1.000000
dijkstra-dial-skip,with_roads,metropolitan_dystopia,1681,622.406000,1,1.000000
dijkstra-dial-skip,with_roads,metropolitan_dystopia,1207,589.967000,1,1.000000
dijkstra-dial-skip,with_roads,metropolitan_dystopia,77,618.150000,1,1.000000
dijkstra-dial-skip,with_roads,metropolitan_dystopia,69,625.523000,1,1.000000
dijkstra-dial-skip,with_roads,metropolitan_dystopia,250,606.165000,1,1.000000
dijkstra-dial-skip,with_roads,metropolitan_dystopia,633,638.401000,1,1.000000
dijkstra-dial-skip,with_roads,metropolitan_dystopia,667,619.609000,1,1.000000
dijkstra-dial-skip,with_roads,metropolitan_dystopia,1431,625.014000,1,1.000000
dijkstra-dial-skip,with_roads,metropolitan_dystopia,1705,646.241000,1,1.000000
dijkstra-dial-skip,with_roads,metropolitan_dystopia,57,624.048000,1,1.000000
dijkstra-dial-skip,with_roads,metropolitan_dystopia,1594,590.215000,1,1.000000
dijkstra-dial-skip,with_roads,metropolitan_dystopia,576,624.661000,1,1.000000
dijkstra-dial-skip,with_roads,metropolitan_dystopia,2037,615.758000,1,1.000000
dijkstra-dial-skip,with_roads,metropolitan_dystopia,1847,597.297000,1,1.000000
dijkstra-dial-skip,with_roads,metropolitan_dystopia,1995,633.990000,1,1.000000
dijkstra-dial-skip,with_roads,metropolitan_dystopia,1547,636.834000,1,1.000000
dijkstra-dial-skip,with_roads,metropolitan_dystopia,1202,631.904000,1,1.000000
dijkstra-dial-skip,with_roads,metropolitan_dystopia,639,649.330000,1,1.000000
dijkstra-dial-skip,with_roads,metropolitan_dystopia,1281,630.488000,1,1.000000
dijkstra-dial-skip,with_roads,metropolitan_dystopia,1677,608.856000,1,1.000000
dijkstra-dial-skip,with_roads,metropolitan_dystopia,802,623.541000,1,1.000000
dijkstra-dial-skip,with_roads,metropolitan_dystopia,2325,637.360000,1,1.000000
dijkstra-dial-skip,with_roads,metropolitan_dystopia,2486,628.208000,1,1.000000
dijkstra-dial-skip,with_roads,metropolitan_dystopia,13,609.422000,1,1.000000
dijkstra-dial-skip,with_roads,metropolitan_dystopia,2182,602.033000,1,1.000000
dijkstra-dial-skip,with_roads,metropolitan_dystopia,2318,615.563000,1,1.000000
dijkstra-dial-skip,with_roads,metropolitan_dystopia,460,581.817000,1,1.000000
dijkstra-dial-skip,with_roads,metropolitan_dystopia,1987,615.200000,1,1.000000
dijkstra-dial-skip,with_roads,metropolitan_dystopia,1209,622.527000,1,1.000000
dijkstra-dial-skip,with_roads,metropolitan_dystopia,977,623.143000,1,1.000000
dijkstra-dial-skip,with_roads,metropolitan_dystopia,802,626.224000,1,1.000000
dijkstra-dial-skip,with_roads,metropolitan_dystopia,449,655.182000,1,1.000000
dijkstra-dial-skip,with_roads,metropolitan_dystopia,625,650.557000,1,1.000000
dijkstra-dial-skip,with_roads,metropolitan_dystopia,2192,642.723000,1,1.000000
dijkstra-dial-skip,with_roads,metropolitan_dystopia,967,602.704000,1,1.000000
dijkstra-dial-skip,with_roads,metropolitan_dystopia,274,617.366000,1,1.000000
dijkstra-dial-skip,with_roads,metropolitan_dystopia,248,646.599000,1,1.000000
dijkstra-dial-skip,with_roads,metropolitan_dystopia,1101,619.654000,1,1.000000
dijkstra-dial-skip,with_roads,metropolitan_dystopia,262,928.824000,1,1.000000
dijkstra-dial-skip,with_roads,metropolitan_dystopia,1024,577.762000,1,1.000000
dijkstra-dial-skip,with_roads,metropolitan_dystopia,2433,594.477000,1,1.000000
dijkstra-dial-skip,with_roads,metropolitan_dystopia,986,635.534000,1,1.000000
dijkstra-dial-skip,with_roads,metropolitan_dystopia,1710,779.771000,1,1.000000
dijkstra-dial-skip,with_roads,metropolitan_dystopia,764,609.937000,1,1.000000
dijkstra-dial-skip,with_roads,metropolitan_dystopia,2320,631.767000,1,1.000000
dijkstra-dial-skip,with_roads,metropolitan_dystopia,104,611.466000,1,1.000000
dijkstra-dial-skip,with_roads,metropolitan_dystopia,2081,784.682000,1,1.000000
dijkstra-dial-skip,with_roads,metropolitan_dystopia,1303,610.097000,1,1.000000
dijkstra-dial-skip,with_roads,metropolitan_dystopia,1523,683.403000,1,1.000000
dijkstra-dial-skip,with_roads,metropolitan_dystopia,336,1438.764000,1,1.000000
dijkstra-dial-skip,with_roads,metropolitan_dystopia,1086,617.715000,1,1.000000
dijkstra-dial-skip,with_roads,metropolitan_dystopia,204,1170.742000,1,1.000000
dijkstra-dial-skip,with_roads,metropolitan_dystopia,1573,649.060000,1,1.000000
dijkstra-dial-skip,with_roads,metropolitan_dystopia,842,685.164000,1,1.000000
dijkstra-dial-skip,with_roads,metropolitan_dystopia,2386,652.264000,1,1.000000
dijkstra-dial-skip,with_roads,metropolitan_dystopia,1790,599.678000,1,1.000000
dijkstra-dial-skip,with_roads,metropolitan_dystopia,1750,689.792000,1,1.000000
dijkstra-dial-skip,with_roads,metropolitan_dystopia,2469,612.157000,1,1.000000
dijkstra-dial-skip,with_roads,metropolitan_dystopia,1035,589.244000,1,1.000000
dijkstra-dial-skip,with_roads,metropolitan_dystopia,1645,588.392000,1,1.000000
dijkstra-dial-skip,with_roads,metropolitan_dystopia,559,588.286000,1,1.000000
dijkstra-dial-skip,with_roads,metropolitan_dystopia,2002,610.318000,1,1.000000
dijkstra-dial-skip,with_roads,metropolitan_dystopia,180,597.278000,1,1.000000
dijkstra-dial-skip,with_roads,metropolitan_dystopia,110,629.678000,1,1.000000
dijkstra-dial-skip,with_roads,metropolitan_dystopia,1876,589.277000,1,1.000000
dijkstra-dial-skip,with_roads,metropolitan_dystopia,656,604.014000,1,1.000000
dijkstra-dial-skip,with_roads,metropolitan_dystopia,2224,616.838000,1,1.000000
dijkstra-dial-skip,with_roads,metropolitan_dystopia,832,610.900000,1,1.000000
dijkstra-dial-skip,with_roads,metropolitan_dystopia,206,624.390000,1,1.000000
dijkstra-dial-skip,with_roads,metropolitan_dystopia,2454,638.322000,1,1.000000
dijkstra-dial-skip,with_roads,metropolitan_dystopia,667,608.554000,1,1.000000
dijkstra-dial-skip,with_roads,metropolitan_dystopia,2480,615.136000,1,1.000000
dijkstra-dial-skip,with_roads,metropolitan_dystopia,271,612.728000,1,1.000000
dijkstra-dial-skip,with_roads,metropolitan_dystopia,1101,598.403000,1,1.000000
dijkstra-dial-skip,with_roads,metropolitan_dystopia,802,598.192000,1,1.000000
dijkstra-dial-skip,with_roads,metropolitan_dystopia,1290,570.709000,1,1.000000
dijkstra-dial-skip,with_roads,metropolitan_dystopia,1806,645.813000,1,1.000000
dijkstra-dial-skip,with_roads,metropolitan_dystopia,2399,597.094000,1,1.000000
dijkstra-dial-skip,with_roads,metropolitan_dystopia,1043,650.067000,1,1.000000
dijkstra-dial-skip,with_roads,metropolitan_dystopia,472,586.117000,1,1.000000
dijkstra-dial-skip,with_roads,metropolitan_dystopia,1067,561.442000,1,1.000000
dijkstra-dial-skip,with_roads,metropolitan_dystopia,1014,611.805000,1,1.000000
dijkstra-dial-skip,with_roads,metropolitan_dystopia,605,617.972000,1,1.000000
dijkstra-dial-skip,with_roads,metropolitan_dystopia,1906,638.849000,1,1.000000
dijkstra-dial-skip,with_roads,metropolitan_dystopia,770,588.199000,1,1.000000
dijkstra-dial-skip,with_roads,metropolitan_dystopia,1996,605.956000,1,1.000000
dijkstra-dial-skip,no_roads,minimaze,478,153.521000,1,1.000000
dijkstra-dial-skip,no_roads,minimaze,84,146.575000,1,1.000000
dijkstra-dial-skip,no_roads,minimaze,16,164.186000,1,1.000000
dijkstra-dial-skip,no_roads,minimaze,551,147.535000,1,1.000000
dijkstra-dial-skip,no_roads,minimaze,214,146.508000,1,1.000000
dijkstra-dial-skip,no_roads,minimaze,181,148.737000,1,1.000000
dijkstra-dial-skip,no_roads,minimaze,164,141.084000,1,1.000000
dijkstra-dial-skip,no_roads,minimaze,101,149.373000,1,1.000000
dijkstra-dial-skip,no_roads,minimaze,549,151.405000,1,1.000000
dijkstra-dial-skip,no_roads,minimaze,77,155.130000,1,1.000000
dijkstra-dial-skip,no_roads,minimaze,502,150.474000,1,1.000000
dijkstra-dial-skip,no_roads,minimaze,551,146.899000,1,1.000000
dijkstra-dial-skip,no_roads,minimaze,403,150.375000,1,1.000000
dijkstra-dial-skip,no_roads,minimaze,61,154.082000,1,1.000000
dijkstra-dial-skip,no_roads,minimaze,441,151.589000,1,1.000000
dijkstra-dial-skip,no_roads,minimaze,330,150.043000,1,1.000000
dijkstra-dial-skip,no_roads,minimaze,21,152.060000,1,1.000000
dijkstra-dial-skip,no_roads,minimaze,19,153.312000,1,1.000000
dijkstra-dial-skip,no_roads,minimaze,65,158.372000,1,1.000000
dijkstra-dial-skip,no_roads,minimaze,161,150.204000,1,1.000000
dijkstra-dial-skip,no_roads,minimaze,171,150.046000,1,1.000000
dijkstra-dial-skip,no_roads,minimaze,380,148.414000,1,1.000000
dijkstra-dial-skip,no_roads,minimaze,448,163.440000,1,1.000000
dijkstra-dial-skip,no_roads,minimaze,17,149.283000,1,1.000000
dijkstra-dial-skip,no_roads,minimaze,422,151.955000,1,1.000000
dijkstra-dial-skip,no_roads,minimaze,148,143.472000,1,1.000000
dijkstra-dial-skip,no_roads,minimaze,525,143.780000,1,1.000000
dijkstra-dial-skip,no_roads,minimaze,485,147.688000,1,1.000000
dijkstra-dial-skip,no_roads,minimaze,518,150.564000,1,1.000000
dijkstra-dial-skip,no_roads,minimaze,403,144.397000,1,1.000000
dijkstra-dial-skip,no_roads,minimaze,328,146.330000,1,1.000000
dijkstra-dial-skip,no_roads,minimaze,162,148.942000,1,1.000000
dijkstra-dial-skip,no_roads,minimaze,345,151.280000,1,1.000000
dijkstra-dial-skip,no_roads,minimaze,439,146.913000,1,1.000000
dijkstra-dial-skip,no_roads,minimaze,216,145.808000,1,1.000000
dijkstra-dial-skip,no_roads,minimaze,592,147.427000,1,1.000000
dijkstra-dial-skip,no_roads,minimaze,624,156.037000,1,1.000000
dijkstra-dial-skip,no_roads,minimaze,6,167.619000,1,1.000000
dijkstra-dial-skip,no_roads,minimaze,560,144.575000,1,1.000000
dijkstra-dial-skip,no_roads,minimaze,590,144.678000,1,1.000000
dijkstra-dial-skip,no_roads,minimaze,120,168.591000,1,1.000000
dijkstra-dial-skip,no_roads,minimaze,516,151.128000,1,1.000000
dijkstra-dial-skip,no_roads,minimaze,330,148.098000,1,1.000000
dijkstra-dial-skip,no_roads,minimaze,262,143.226000,1,1.000000
dijkstra-dial-skip,no_roads,minimaze,216,141.644000,1,1.000000
dijkstra-dial-skip,no_roads,minimaze,117,145.730000,1,1.000000
dijkstra-dial-skip,no_roads,minimaze,160,165.508000,1,1.000000
dijkstra-dial-skip,no_roads,minimaze,565,140.461000,1,1.000000
dijkstra-dial-skip,no_roads,minimaze,259,141.514000,1,1.000000
dijkstra-dial-skip,no_roads,minimaze,77,149.836000,1,1.000000
dijkstra-dial-skip,no_roads,minimaze,65,151.821000,1,1.000000
dijkstra-dial-skip,no_roads,minimaze,285,140.459000,1,1.000000
dijkstra-dial-skip,no_roads,minimaze,68,141.770000,1,1.000000
dijkstra-dial-skip,no_roads,minimaze,273,146.925000,1,1.000000
dijkstra-dial-skip,no_roads,minimaze,611,147.580000,1,1.000000
dijkstra-dial-skip,no_roads,minimaze,265,149.128000,1,1.000000
dijkstra-dial-skip,no_roads,minimaze,449,151.391000,1,1.000000
dijkstra-dial-skip,no_roads,minimaze,206,152.124000,1,1.000000
dijkstra-dial-skip,no_roads,minimaze,591,140.879000,1,1.000000
dijkstra-dial-skip,no_roads,minimaze,30,157.379000,1,1.000000
dijkstra-dial-skip,no_roads,minimaze,539,137.690000,1,1.000000
dijkstra-dial-skip,no_roads,minimaze,353,141.540000,1,1.000000
dijkstra-dial-skip,no_roads,minimaze,398,137.245000,1,1.000000
dijkstra-dial-skip,no_roads,minimaze,92,141.161000,1,1.000000
dijkstra-dial-skip,no_roads,minimaze,284,137.082000,1,1.000000
dijkstra-dial-skip,no_roads,minimaze,56,140.125000,1,1.000000
dijkstra-dial-skip,no_roads,minimaze,411,145.704000,1,1.000000
dijkstra-dial-skip,no_roads,minimaze,231,138.766000,1,1.000000
dijkstra-dial-skip,no_roads,minimaze,602,144.063000,1,1.000000
dijkstra-dial-skip,no_roads,minimaze,468,140.189000,1,1.000000
dijkstra-dial-skip,no_roads,minimaze,461,138.102000,1,1.000000
dijkstra-dial-skip,no_roads,minimaze,620,140.678000,1,1.000000
dijkstra-dial-skip,no_roads,minimaze,275,142.294000,1,1.000000
dijkstra-dial-skip,no_roads,minimaze,431,139.645000,1,1.000000
dijkstra-dial-skip,no_roads,minimaze,143,148.496000,1,1.000000
dijkstra-dial-skip,no_roads,minimaze,519,142.151000,1,1.000000
dijkstra-dial-skip,no_roads,minimaze,44,144.004000,1,1.000000
dijkstra-dial-skip,no_roads,minimaze,31,170.058000,1,1.000000
dijkstra-dial-skip,no_roads,minimaze,494,165.460000,1,1.000000
dijkstra-dial-skip,no_roads,minimaze,167,143.840000,1,1.000000
dijkstra-dial-skip,no_roads,minimaze,570,151.563000,1,1.000000
dijkstra-dial-skip,no_roads,minimaze,225,142.365000,1,1.000000
dijkstra-dial-skip,no_roads,minimaze,56,143.116000,1,1.000000
dijkstra-dial-skip,no_roads,minimaze,616,142.946000,1,1.000000
dijkstra-dial-skip,no_roads,minimaze,171,149.427000,1,1.000000
dijkstra-dial-skip,no_roads,minimaze,622,144.612000,1,1.000000
dijkstra-dial-skip,no_roads,minimaze,76,144.365000,1,1.000000
dijkstra-dial-skip,no_roads,minimaze,285,155.440000,1,1.000000
dijkstra-dial-skip,no_roads,minimaze,216,141.828000,1,1.000000
dijkstra-dial-skip,no_roads,minimaze,349,145.126000,1,1.000000
dijkstra-dial-skip,no_roads,minimaze,476,146.085000,1,1.000000
dijkstra-dial-skip,no_roads,minimaze,605,144.942000,1,1.000000
dijkstra-dial-skip,no_roads,minimaze,276,148.379000,1,1.000000
dijkstra-dial-skip,no_roads,minimaze,122,162.739000,1,1.000000
dijkstra-dial-skip,no_roads,minimaze,279,147.898000,1,1.000000
dijkstra-dial-skip,no_roads,minimaze,271,148.500000,1,1.000000
dijkstra-dial-skip,no_roads,minimaze,156,164.350000,1,1.000000
dijkstra-dial-skip,no_roads,minimaze,499,143.602000,1,1.000000
dijkstra-dial-skip,no_roads,minimaze,207,152.340000,1,1.000000
dijkstra-dial-skip,no_roads,minimaze,518,145.711000,1,1.000000
dijkstra-dial-skip,with_roads,minimaze,478,158.757000,1,1.000000
dijkstra-dial-skip,with_roads,minimaze,84,153.590000,1,1.000000
dijkstra-dial-skip,with_roads,minimaze,16,160.257000,1,1.000000
dijkstra-dial-skip,with_roads,minimaze,551,151.877000,1,1.000000
dijkstra-dial-skip,with_roads,minimaze,214,153.864000,1,1.000000
dijkstra-dial-skip,with_roads,minimaze,181,152.549000,1,1.000000
dijkstra-dial-skip,with_roads,minimaze,164,156.149000,1,1.000000
dijkstra-dial-skip,with_roads,minimaze,101,163.302000,1,1.000000
dijkstra-dial-skip,with_roads,minimaze,549,156.406000,1,1.000000
dijkstra-dial-skip,with_roads,minimaze,77,158.889000,1,1.000000
dijkstra-dial-skip,with_roads,minimaze,502,171.088000,1,1.000000
dijkstra-dial-skip,with_roads,minimaze,551,151.260000,1,1.000000
dijkstra-dial-skip,with_roads,minimaze,403,151.199000,1,1.000000
dijkstra-dial-skip,with_roads,minimaze,61,159.207000,1,1.000000
dijkstra-dial-skip,with_roads,minimaze,441,153.264000,1,1.000000
dijkstra-dial-skip,with_roads,minimaze,330,156.275000,1,1.000000
dijkstra-dial-skip,with_roads,minimaze,21,158.912000,1,1.000000
dijkstra-dial-skip,with_roads,minimaze,19,164.781000,1,1.000000
dijkstra-dial-skip,with_roads,minimaze,65,157.719000,1,1.000000
dijkstra-dial-skip,with_roads,minimaze,161,154.059000,1,1.000000
dijkstra-dial-skip,with_roads,minimaze,171,155.893000,1,1.000000
dijkstra-dial-skip,with_roads,minimaze,380,159.800000,1,1.000000
dijkstra-dial-skip,with_roads,minimaze,448,153.786000,1,1.000000
dijkstra-dial-skip,with_roads,minimaze,17,160.448000,1,1.000000
dijkstra-dial-skip,with_roads,minimaze,422,159.227000,1,1.000000
dijkstra-dial-skip,with_roads,minimaze,148,153.567000,1,1.000000
dijkstra-dial-skip,with_roads,minimaze,525,156.078000,1,1.000000
dijkstra-dial-skip,with_roads,minimaze,485,148.530000,1,1.000000
dijkstra-dial-skip,with_roads,minimaze,518,149.651000,1,1.000000
dijkstra-dial-skip,with_roads,minimaze,403,151.849000,1,1.000000
dijkstra-dial-skip,with_roads,minimaze,328,155.586000,1,1.000000
dijkstra-dial-skip,with_roads,minimaze,162,152.592000,1,1.000000
dijkstra-dial-skip,with_roads,minimaze,345,153.562000,1,1.000000
dijkstra-dial-skip,with_roads,minimaze,439,148.470000,1,1.000000
dijkstra-dial-skip,with_roads,minimaze,216,146.055000,1,1.000000
dijkstra-dial-skip,with_roads,minimaze,592,146.462000,1,1.000000
dijkstra-dial-skip,with_roads,minimaze,624,155.500000,1,1.000000
dijkstra-dial-skip,with_roads,minimaze,6,151.133000,1,1.000000
dijkstra-dial-skip,with_roads,minimaze,560,149.673000,1,1.000000
dijkstra-dial-skip,with_roads,minimaze,590,148.455000,1,1.000000
dijkstra-dial-skip,with_roads,minimaze,120,150.070000,1,1.000000
dijkstra-dial-skip,with_roads,minimaze,516,145.300000,1,1.000000
dijkstra-dial-skip,with_roads,minimaze,330,147.845000,1,1.000000
dijkstra-dial-skip,with_roads,minimaze,262,149.267000,1,1.000000
dijkstra-dial-skip,with_roads,minimaze,216,142.808000,1,1.000000
dijkstra-dial-skip,with_roads,minimaze,117,170.745000,1,1.000000
dijkstra-dial-skip,with_roads,minimaze,160,149.134000,1,1.000000
dijkstra-dial-skip,with_roads,minimaze,565,150.564000,1,1.000000
dijkstra-dial-skip,with_roads,minimaze,259,146.994000,1,1.000000
dijkstra-dial-skip,with_roads,minimaze,77,153.550000,1,1.000000
dijkstra-dial-skip,with_roads,minimaze,65,149.425000,1,1.000000
dijkstra-dial-skip,with_roads,minimaze,285,145.413000,1,1.000000
dijkstra-dial-skip,with_roads,minimaze,68,148.997000,1,1.000000
dijkstra-dial-skip,with_roads,minimaze,273,150.236000,1,1.000000
dijkstra-dial-skip,with_roads,minimaze,611,149.081000,1,1.000000
dijkstra-dial-skip,with_roads,minimaze,265,146.726000,1,1.000000
dijkstra-dial-skip,with_roads,minimaze,449,152.572000,1,1.000000
dijkstra-dial-skip,with_roads,minimaze,206,150.032000,1,1.000000
dijkstra-dial-skip,with_roads,minimaze,591,152.597000,1,1.000000
dijkstra-dial-skip,with_roads,minimaze,30,158.219000,1,1.000000
dijkstra-dial-skip,with_roads,minimaze,539,150.452000,1,1.000000
dijkstra-dial-skip,with_roads,minimaze,353,148.475000,1,1.000000
dijkstra-dial-skip,with_roads,minimaze,398,145.754000,1,1.000000
dijkstra-dial-skip,with_roads,minimaze,92,149.041000,1,1.000000
dijkstra-dial-skip,with_roads,minimaze,284,144.893000,1,1.000000
dijkstra-dial-skip,with_roads,minimaze,56,164.014000,1,1.000000
dijkstra-dial-skip,with_roads,minimaze,411,149.785000,1,1.000000
dijkstra-dial-skip,with_roads,minimaze,231,148.702000,1,1.000000
dijkstra-dial-skip,with_roads,minimaze,602,150.216000,1,1.000000
dijkstra-dial-skip,with_roads,minimaze,468,149.674000,1,1.000000
dijkstra-dial-skip,with_roads,minimaze,461,144.313000,1,1.000000
dijkstra-dial-skip,with_roads,minimaze,620,150.298000,1,1.000000
dijkstra-dial-skip,with_roads,minimaze,275,150.983000,1,1.000000
dijkstra-dial-skip,with_roads,minimaze,431,147.991000,1,1.000000
dijkstra-dial-skip,with_roads,minimaze,143,151.653000,1,1.000000
dijkstra-dial-skip,with_roads,minimaze,519,148.894000,1,1.000000
dijkstra-dial-skip,with_roads,minimaze,44,152.918000,1,1.000000
dijkstra-dial-skip,with_roads,minimaze,31,154.770000,1,1.000000
dijkstra-dial-skip,with_roads,minimaze,494,147.380000,1,1.000000
dijkstra-dial-skip,with_roads,minimaze,167,191.466000,1,1.000000
dijkstra-dial-skip,with_roads,minimaze,570,148.293000,1,1.000000
dijkstra-dial-skip,with_roads,minimaze,225,152.191000,1,1.000000
dijkstra-dial-skip,with_roads,minimaze,56,153.700000,1,1.000000
dijkstra-dial-skip,with_roads,minimaze,616,149.171000,1,1.000000
dijkstra-dial-skip,with_roads,minimaze,171,152.372000,1,1.000000
dijkstra-dial-skip,with_roads,minimaze,622,155.498000,1,1.000000
dijkstra-dial-skip,with_roads,minimaze,76,149.261000,1,1.000000
dijkstra-dial-skip,with_roads,minimaze,285,147.957000,1,1.000000
dijkstra-dial-skip,with_roads,minimaze,216,144.607000,1,1.000000
dijkstra-dial-skip,with_roads,minimaze,349,145.564000,1,1.000000
dijkstra-dial-skip,with_roads,minimaze,476,145.978000,1,1.000000
dijkstra-dial-skip,with_roads,minimaze,605,166.811000,1,1.000000
dijkstra-dial-skip,with_roads,minimaze,276,158.220000,1,1.000000
dijkstra-dial-skip,with_roads,minimaze,122,153.471000,1,1.000000
dijkstra-dial-skip,with_roads,minimaze,279,145.838000,1,1.000000
dijkstra-dial-skip,with_roads,minimaze,271,143.813000,1,1.000000
dijkstra-dial-skip,with_roads,minimaze,156,147.135000,1,1.000000
dijkstra-dial-skip,with_roads,minimaze,499,153.163000,1,1.000000
dijkstra-dial-skip,with_roads,minimaze,207,147.684000,1,1.000000
dijkstra-dial-skip,with_roads,minimaze,518,151.718000,1,1.000000
dijkstra-dial-skip,no_roads,perch_point,825,243.811000,1,1.000000
dijkstra-dial-skip,no_roads,perch_point,134,240.744000,1,1.000000
dijkstra-dial-skip,no_roads,perch_point,27,245.283000,1,1.000000
dijkstra-dial-skip,no_roads,perch_point,340,246.519000,1,1.000000
dijkstra-dial-skip,no_roads,perch_point,304,242.262000,1,1.000000
dijkstra-dial-skip,no_roads,perch_point,270,237.647000,1,1.000000
dijkstra-dial-skip,no_roads,perch_point,167,235.245000,1,1.000000
dijkstra-dial-skip,no_roads,perch_point,122,236.190000,1,1.000000
dijkstra-dial-skip,no_roads,perch_point,870,260.430000,1,1.000000
dijkstra-dial-skip,no_roads,perch_point,708,241.957000,1,1.000000
dijkstra-dial-skip,no_roads,perch_point,102,250.850000,1,1.000000
dijkstra-dial-skip,no_roads,perch_point,756,232.143000,1,1.000000
dijkstra-dial-skip,no_roads,perch_point,542,240.055000,1,1.000000
dijkstra-dial-skip,no_roads,perch_point,35,242.949000,1,1.000000
dijkstra-dial-skip,no_roads,perch_point,32,248.498000,1,1.000000
dijkstra-dial-skip,no_roads,perch_point,113,244.084000,1,1.000000
dijkstra-dial-skip,no_roads,perch_point,265,251.436000,1,1.000000
dijkstra-dial-skip,no_roads,perch_point,286,261.233000,1,1.000000
dijkstra-dial-skip,no_roads,perch_point,653,256.914000,1,1.000000
dijkstra-dial-skip,no_roads,perch_point,770,249.350000,1,1.000000
dijkstra-dial-skip,no_roads,perch_point,29,257.578000,1,1.000000
dijkstra-dial-skip,no_roads,perch_point,724,245.830000,1,1.000000
dijkstra-dial-skip,no_roads,perch_point,241,241.394000,1,1.000000
dijkstra-dial-skip,no_roads,perch_point,837,238.683000,1,1.000000
dijkstra-dial-skip,no_roads,perch_point,896,236.484000,1,1.000000
dijkstra-dial-skip,no_roads,perch_point,708,233.826000,1,1.000000
dijkstra-dial-skip,no_roads,perch_point,539,247.135000,1,1.000000
dijkstra-dial-skip,no_roads,perch_point,267,242.255000,1,1.000000
dijkstra-dial-skip,no_roads,perch_point,578,226.670000,1,1.000000
dijkstra-dial-skip,no_roads,perch_point,755,237.284000,1,1.000000
dijkstra-dial-skip,no_roads,perch_point,347,234.919000,1,1.000000
dijkstra-dial-skip,no_roads,perch_point,6,235.154000,1,1.000000
dijkstra-dial-skip,no_roads,perch_point,193,236.772000,1,1.000000
dijkstra-dial-skip,no_roads,perch_point,892,230.599000,1,1.000000
dijkstra-dial-skip,no_roads,perch_point,542,228.281000,1,1.000000
dijkstra-dial-skip,no_roads,perch_point,444,226.443000,1,1.000000
dijkstra-dial-skip,no_roads,perch_point,347,254.115000,1,1.000000
dijkstra-dial-skip,no_roads,perch_point,188,242.011000,1,1.000000
dijkstra-dial-skip,no_roads,perch_point,261,232.041000,1,1.000000
dijkstra-dial-skip,no_roads,perch_point,435,254.948000,1,1.000000
dijkstra-dial-skip,no_roads,perch_point,122,241.464000,1,1.000000
dijkstra-dial-skip,no_roads,perch_point,107,275.656000,1,1.000000
dijkstra-dial-skip,no_roads,perch_point,492,236.050000,1,1.000000
dijkstra-dial-skip,no_roads,perch_point,117,244.655000,1,1.000000
dijkstra-dial-skip,no_roads,perch_point,465,239.165000,1,1.000000
dijkstra-dial-skip,no_roads,perch_point,448,251.790000,1,1.000000
dijkstra-dial-skip,no_roads,perch_point,772,245.342000,1,1.000000
dijkstra-dial-skip,no_roads,perch_point,328,241.011000,1,1.000000
dijkstra-dial-skip,no_roads,perch_point,48,245.906000,1,1.000000
dijkstra-dial-skip,no_roads,perch_point,591,242.592000,1,1.000000
dijkstra-dial-skip,no_roads,perch_point,699,236.596000,1,1.000000
dijkstra-dial-skip,no_roads,perch_point,149,251.548000,1,1.000000
dijkstra-dial-skip,no_roads,perch_point,488,242.346000,1,1.000000
dijkstra-dial-skip,no_roads,perch_point,88,247.066000,1,1.000000
dijkstra-dial-skip,no_roads,perch_point,715,249.839000,1,1.000000
dijkstra-dial-skip,no_roads,perch_point,371,240.726000,1,1.000000
dijkstra-dial-skip,no_roads,perch_point,813,232.279000,1,1.000000
dijkstra-dial-skip,no_roads,perch_point,795,236.104000,1,1.000000
dijkstra-dial-skip,no_roads,perch_point,469,236.641000,1,1.000000
dijkstra-dial-skip,no_roads,perch_point,743,239.181000,1,1.000000
dijkstra-dial-skip,no_roads,perch_point,234,248.622000,1,1.000000
dijkstra-dial-skip,no_roads,perch_point,899,245.674000,1,1.000000
dijkstra-dial-skip,no_roads,perch_point,78,240.991000,1,1.000000
dijkstra-dial-skip,no_roads,perch_point,50,245.491000,1,1.000000
dijkstra-dial-skip,no_roads,perch_point,852,235.003000,1,1.000000
dijkstra-dial-skip,no_roads,perch_point,276,242.168000,1,1.000000
dijkstra-dial-skip,no_roads,perch_point,363,242.688000,1,1.000000
dijkstra-dial-skip,no_roads,perch_point,89,249.872000,1,1.000000
dijkstra-dial-skip,no_roads,perch_point,286,240.388000,1,1.000000
dijkstra-dial-skip,no_roads,perch_point,121,248.888000,1,1.000000
dijkstra-dial-skip,no_roads,perch_point,492,243.681000,1,1.000000
dijkstra-dial-skip,no_roads,perch_point,347,237.713000,1,1.000000
dijkstra-dial-skip,no_roads,perch_point,584,243.346000,1,1.000000
dijkstra-dial-skip,no_roads,perch_point,820,250.913000,1,1.000000
dijkstra-dial-skip,no_roads,perch_point,473,272.742000,1,1.000000
dijkstra-dial-skip,no_roads,perch_point,196,248.343000,1,1.000000
dijkstra-dial-skip,no_roads,perch_point,479,240.583000,1,1.000000
dijkstra-dial-skip,no_roads,perch_point,460,244.777000,1,1.000000
dijkstra-dial-skip,no_roads,perch_point,254,252.705000,1,1.000000
dijkstra-dial-skip,no_roads,perch_point,862,242.305000,1,1.000000
dijkstra-dial-skip,no_roads,perch_point,331,271.554000,1,1.000000
dijkstra-dial-skip,no_roads,perch_point,896,240.029000,1,1.000000
dijkstra-dial-skip,no_roads,perch_point,877,247.897000,1,1.000000
dijkstra-dial-skip,no_roads,perch_point,835,237.729000,1,1.000000
dijkstra-dial-skip,no_roads,perch_point,80,256.273000,1,1.000000
dijkstra-dial-skip,no_roads,perch_point,777,286.989000,1,1.000000
dijkstra-dial-skip,no_roads,perch_point,820,263.683000,1,1.000000
dijkstra-dial-skip,no_roads,perch_point,207,250.293000,1,1.000000
dijkstra-dial-skip,no_roads,perch_point,696,233.852000,1,1.000000
dijkstra-dial-skip,no_roads,perch_point,304,256.154000,1,1.000000
dijkstra-dial-skip,no_roads,perch_point,197,225.733000,1,1.000000
dijkstra-dial-skip,no_roads,perch_point,596,250.090000,1,1.000000
dijkstra-dial-skip,no_roads,perch_point,490,226.316000,1,1.000000
dijkstra-dial-skip,no_roads,perch_point,334,228.699000,1,1.000000
dijkstra-dial-skip,no_roads,perch_point,827,261.987000,1,1.000000
dijkstra-dial-skip,no_roads,perch_point,882,226.375000,1,1.000000
dijkstra-dial-skip,no_roads,perch_point,720,265.295000,1,1.000000
dijkstra-dial-skip,no_roads,perch_point,266,229.381000,1,1.000000
dijkstra-dial-skip,no_roads,perch_point,879,227.601000,1,1.000000
dijkstra-dial-skip,no_roads,perch_point,418,240.079000,1,1.000000
dijkstra-dial-skip,with_roads,perch_point,825,261.041000,1,1.000000
dijkstra-dial-skip,with_roads,perch_point,134,259.058000,1,1.000000
dijkstra-dial-skip,with_roads,perch_point,27,290.147000,1,1.000000
dijkstra-dial-skip,with_roads,perch_point,340,249.381000,1,1.000000
dijkstra-dial-skip,with_roads,perch_point,304,268.390000,1,1.000000
dijkstra-dial-skip,with_roads,perch_point,270,254.701000,1,1.000000
dijkstra-dial-skip,with_roads,perch_point,167,285.160000,1,1.000000
dijkstra-dial-skip,with_roads,perch_point,122,284.478000,1,1.000000
dijkstra-dial-skip,with_roads,perch_point,870,281.369000,1,1.000000
dijkstra-dial-skip,with_roads,perch_point,708,264.214000,1,1.000000
dijkstra-dial-skip,with_roads,perch_point,102,292.258000,1,1.000000
dijkstra-dial-skip,with_roads,perch_point,756,300.472000,1,1.000000
dijkstra-dial-skip,with_roads,perch_point,542,355.255000,1,1.000000
dijkstra-dial-skip,with_roads,perch_point,35,313.713000,1,1.000000
dijkstra-dial-skip,with_roads,perch_point,32,437.617000,1,1.000000
dijkstra-dial-skip,with_roads,perch_point,113,302.163000,1,1.000000
dijkstra-dial-skip,with_roads,perch_point,265,297.481000,1,1.000000
dijkstra-dial-skip,with_roads,perch_point,286,294.672000,1,1.000000
dijkstra-dial-skip,with_roads,perch_point,653,295.108000,1,1.000000
dijkstra-dial-skip,with_roads,perch_point,770,281.104000,1,1.000000
dijkstra-dial-skip,with_roads,perch_point,29,282.954000,1,1.000000
dijkstra-dial-skip,with_roads,perch_point,724,282.046000,1,1.000000
dijkstra-dial-skip,with_roads,perch_point,241,279.623000,1,1.000000
dijkstra-dial-skip,with_roads,perch_point,837,278.676000,1,1.000000
dijkstra-dial-skip,with_roads,perch_point,896,264.307000,1,1.000000
dijkstra-dial-skip,with_roads,perch_point,708,263.741000,1,1.000000
dijkstra-dial-skip,with_roads,perch_point,539,261.962000,1,1.000000
dijkstra-dial-skip,with_roads,perch_point,267,289.016000,1,1.000000
dijkstra-dial-skip,with_roads,perch_point,578,280.370000,1,1.000000
dijkstra-dial-skip,with_roads,perch_point,755,259.128000,1,1.000000
dijkstra-dial-skip,with_roads,perch_point,347,258.894000,1,1.000000
dijkstra-dial-skip,with_roads,perch_point,6,270.498000,1,1.000000
dijkstra-dial-skip,with_roads,perch_point,193,243.712000,1,1.000000
dijkstra-dial-skip,with_roads,perch_point,892,249.547000,1,1.000000
dijkstra-dial-skip,with_roads,perch_point,542,254.753000,1,1.000000
dijkstra-dial-skip,with_roads,perch_point,444,255.534000,1,1.000000
dijkstra-dial-skip,with_roads,perch_point,347,259.162000,1,1.000000
dijkstra-dial-skip,with_roads,perch_point,188,279.295000,1,1.000000
dijkstra-dial-skip,with_roads,perch_point,261,253.044000,1,1.000000
dijkstra-dial-skip,with_roads,perch_point,435,278.643000,1,1.000000
dijkstra-dial-skip,with_roads,perch_point,122,264.609000,1,1.000000
dijkstra-dial-skip,with_roads,perch_point,107,269.759000,1,1.000000
dijkstra-dial-skip,with_roads,perch_point,492,282.470000,1,1.000000
dijkstra-dial-skip,with_roads,perch_point,117,273.821000,1,1.000000
dijkstra-dial-skip,with_roads,perch_point,465,282.499000,1,1.000000
dijkstra-dial-skip,with_roads,perch_point,448,302.762000,1,1.000000
dijkstra-dial-skip,with_roads,perch_point,772,283.775000,1,1.000000
dijkstra-dial-skip,with_roads,perch_point,328,314.460000,1,1.000000
dijkstra-dial-skip,with_roads,perch_point,48,301.917000,1,1.000000
dijkstra-dial-skip,with_roads,perch_point,591,319.596000,1,1.000000
dijkstra-dial-skip,with_roads,perch_point,699,326.594000,1,1.000000
dijkstra-dial-skip,with_roads,perch_point,149,350.842000,1,1.000000
dijkstra-dial-skip,with_roads,perch_point,488,349.432000,1,1.000000
dijkstra-dial-skip,with_roads,perch_point,88,347.225000,1,1.000000
dijkstra-dial-skip,with_roads,perch_point,715,365.368000,1,1.000000
dijkstra-dial-skip,with_roads,perch_point,371,346.577000,1,1.000000
dijkstra-dial-skip,with_roads,perch_point,813,351.108000,1,1.000000
dijkstra-dial-skip,with_roads,perch_point,795,350.677000,1,1.000000
dijkstra-dial-skip,with_roads,perch_point,469,351.125000,1,1.000000
dijkstra-dial-skip,with_roads,perch_point,743,337.101000,1,1.000000
dijkstra-dial-skip,with_roads,perch_point,234,343.345000,1,1.000000
dijkstra-dial-skip,with_roads,perch_point,899,349.866000,1,1.000000
dijkstra-dial-skip,with_roads,perch_point,78,368.044000,1,1.000000
dijkstra-dial-skip,with_roads,perch_point,50,364.239000,1,1.000000
dijkstra-dial-skip,with_roads,perch_point,852,339.756000,1,1.000000
dijkstra-dial-skip,with_roads,perch_point,276,335.703000,1,1.000000
dijkstra-dial-skip,with_roads,perch_point,363,331.743000,1,1.000000
dijkstra-dial-skip,with_roads,perch_point,89,322.293000,1,1.000000
dijkstra-dial-skip,with_roads,perch_point,286,311.154000,1,1.000000
dijkstra-dial-skip,with_roads,perch_point,121,328.648000,1,1.000000
dijkstra-dial-skip,with_roads,perch_point,492,306.285000,1,1.000000
dijkstra-dial-skip,with_roads,perch_point,347,304.490000,1,1.000000
dijkstra-dial-skip,with_roads,perch_point,584,303.230000,1,1.000000
dijkstra-dial-skip,with_roads,perch_point,820,301.500000,1,1.000000
dijkstra-dial-skip,with_roads,perch_point,473,315.260000,1,1.000000
dijkstra-dial-skip,with_roads,perch_point,196,307.304000,1,1.000000
dijkstra-dial-skip,with_roads,perch_point,479,302.056000,1,1.000000
dijkstra-dial-skip,with_roads,perch_point,460,303.825000,1,1.000000
dijkstra-dial-skip,with_roads,perch_point,254,316.955000,1,1.000000
dijkstra-dial-skip,with_roads,perch_point,862,297.715000,1,1.000000
dijkstra-dial-skip,with_roads,perch_point,331,299.592000,1,1.000000
dijkstra-dial-skip,with_roads,perch_point,896,290.773000,1,1.000000
dijkstra-dial-skip,with_roads,perch_point,877,303.343000,1,1.000000
dijkstra-dial-skip,with_roads,perch_point,835,341.704000,1,1.000000
dijkstra-dial-skip,with_roads,perch_point,80,305.186000,1,1.000000
dijkstra-dial-skip,with_roads,perch_point,777,309.662000,1,1.000000
dijkstra-dial-skip,with_roads,perch_point,820,314.171000,1,1.000000
dijkstra-dial-skip,with_roads,perch_point,207,296.028000,1,1.000000
dijkstra-dial-skip,with_roads,perch_point,696,295.008000,1,1.000000
dijkstra-dial-skip,with_roads,perch_point,304,311.296000,1,1.000000
dijkstra-dial-skip,with_roads,perch_point,197,293.639000,1,1.000000
dijkstra-dial-skip,with_roads,perch_point,596,292.804000,1,1.000000
dijkstra-dial-skip,with_roads,perch_point,490,282.827000,1,1.000000
dijkstra-dial-skip,with_roads,perch_point,334,289.608000,1,1.000000
dijkstra-dial-skip,with_roads,perch_point,827,286.498000,1,1.000000
dijkstra-dial-skip,with_roads,perch_point,882,303.944000,1,1.000000
dijkstra-dial-skip,with_roads,perch_point,720,297.007000,1,1.000000
dijkstra-dial-skip,with_roads,perch_point,266,290.584000,1,1.000000
dijkstra-dial-skip,with_roads,perch_point,879,285.453000,1,1.000000
dijkstra-dial-skip,with_roads,perch_point,418,279.391000,1,1.000000
dijkstra-dial-skip,no_roads,pixel_forest,839,10.092000,1,1.000000
dijkstra-dial-skip,no_roads,pixel_forest,135,297.978000,1,1.000000
dijkstra-dial-skip,no_roads,pixel_forest,28,294.513000,1,1.000000
dijkstra-dial-skip,no_roads,pixel_forest,989,304.469000,1,1.000000
dijkstra-dial-skip,no_roads,pixel_forest,367,282.563000,1,1.000000
dijkstra-dial-skip,no_roads,pixel_forest,333,290.064000,1,1.000000
dijkstra-dial-skip,no_roads,pixel_forest,295,281.245000,1,1.000000
dijkstra-dial-skip,no_roads,pixel_forest,179,281.054000,1,1.000000
dijkstra-dial-skip,no_roads,pixel_forest,971,295.205000,1,1.000000
dijkstra-dial-skip,no_roads,pixel_forest,123,301.354000,1,1.000000
dijkstra-dial-skip,no_roads,pixel_forest,895,4.800000,1,1.000000
dijkstra-dial-skip,no_roads,pixel_forest,981,287.464000,1,1.000000
dijkstra-dial-skip,no_roads,pixel_forest,706,297.760000,1,1.000000
dijkstra-dial-skip,no_roads,pixel_forest,100,290.675000,1,1.000000
dijkstra-dial-skip,no_roads,pixel_forest,769,283.160000,1,1.000000
dijkstra-dial-skip,no_roads,pixel_forest,555,283.767000,1,1.000000
dijkstra-dial-skip,no_roads,pixel_forest,37,280.495000,1,1.000000
dijkstra-dial-skip,no_roads,pixel_forest,35,281.730000,1,1.000000
dijkstra-dial-skip,no_roads,pixel_forest,107,285.307000,1,1.000000
dijkstra-dial-skip,no_roads,pixel_forest,290,290.975000,1,1.000000
dijkstra-dial-skip,no_roads,pixel_forest,315,285.587000,1,1.000000
dijkstra-dial-skip,no_roads,pixel_forest,659,280.082000,1,1.000000
dijkstra-dial-skip,no_roads,pixel_forest,783,300.198000,1,1.000000
dijkstra-dial-skip,no_roads,pixel_forest,30,287.250000,1,1.000000
dijkstra-dial-skip,no_roads,pixel_forest,725,269.030000,1,1.000000
dijkstra-dial-skip,no_roads,pixel_forest,262,272.207000,1,1.000000
dijkstra-dial-skip,no_roads,pixel_forest,947,297.982000,1,1.000000
dijkstra-dial-skip,no_roads,pixel_forest,857,297.698000,1,1.000000
dijkstra-dial-skip,no_roads,pixel_forest,928,6.661000,1,1.000000
dijkstra-dial-skip,no_roads,pixel_forest,706,277.371000,1,1.000000
dijkstra-dial-skip,no_roads,pixel_forest,550,277.880000,1,1.000000
dijkstra-dial-skip,no_roads,pixel_forest,292,327.915000,1,1.000000
dijkstra-dial-skip,no_roads,pixel_forest,590,266.955000,1,1.000000
dijkstra-dial-skip,no_roads,pixel_forest,768,267.630000,1,1.000000
dijkstra-dial-skip,no_roads,pixel_forest,377,264.879000,1,1.000000
dijkstra-dial-skip,no_roads,pixel_forest,1073,254.773000,1,1.000000
dijkstra-dial-skip,no_roads,pixel_forest,7,260.434000,1,1.000000
dijkstra-dial-skip,no_roads,pixel_forest,1016,261.669000,1,1.000000
dijkstra-dial-skip,no_roads,pixel_forest,1070,264.062000,1,1.000000
dijkstra-dial-skip,no_roads,pixel_forest,208,258.459000,1,1.000000
dijkstra-dial-skip,no_roads,pixel_forest,923,380.050000,1,1.000000
dijkstra-dial-skip,no_roads,pixel_forest,555,314.228000,1,1.000000
dijkstra-dial-skip,no_roads,pixel_forest,454,258.257000,1,1.000000
dijkstra-dial-skip,no_roads,pixel_forest,377,267.720000,1,1.000000
dijkstra-dial-skip,no_roads,pixel_forest,201,275.240000,1,1.000000
dijkstra-dial-skip,no_roads,pixel_forest,286,6.378000,1,1.000000
dijkstra-dial-skip,no_roads,pixel_forest,1021,297.815000,1,1.000000
dijkstra-dial-skip,no_roads,pixel_forest,450,276.490000,1,1.000000
dijkstra-dial-skip,no_roads,pixel_forest,123,271.502000,1,1.000000
dijkstra-dial-skip,no_roads,pixel_forest,106,269.289000,1,1.000000
dijkstra-dial-skip,no_roads,pixel_forest,504,269.612000,1,1.000000
dijkstra-dial-skip,no_roads,pixel_forest,111,270.652000,1,1.000000
dijkstra-dial-skip,no_roads,pixel_forest,478,267.495000,1,1.000000
dijkstra-dial-skip,no_roads,pixel_forest,1117,265.399000,1,1.000000
dijkstra-dial-skip,no_roads,pixel_forest,460,287.632000,1,1.000000
dijkstra-dial-skip,no_roads,pixel_forest,785,268.389000,1,1.000000
dijkstra-dial-skip,no_roads,pixel_forest,356,265.742000,1,1.000000
dijkstra-dial-skip,no_roads,pixel_forest,1071,274.225000,1,1.000000
dijkstra-dial-skip,no_roads,pixel_forest,50,266.326000,1,1.000000
dijkstra-dial-skip,no_roads,pixel_forest,963,4.799000,1,1.000000
dijkstra-dial-skip,no_roads,pixel_forest,603,270.124000,1,1.000000
dijkstra-dial-skip,no_roads,pixel_forest,697,290.152000,1,1.000000
dijkstra-dial-skip,no_roads,pixel_forest,163,285.043000,1,1.000000
dijkstra-dial-skip,no_roads,pixel_forest,501,281.096000,1,1.000000
dijkstra-dial-skip,no_roads,pixel_forest,90,277.184000,1,1.000000
dijkstra-dial-skip,no_roads,pixel_forest,716,271.758000,1,1.000000
dijkstra-dial-skip,no_roads,pixel_forest,400,273.222000,1,1.000000
dijkstra-dial-skip,no_roads,pixel_forest,1097,313.534000,1,1.000000
dijkstra-dial-skip,no_roads,pixel_forest,827,273.948000,1,1.000000
dijkstra-dial-skip,no_roads,pixel_forest,807,267.992000,1,1.000000
dijkstra-dial-skip,no_roads,pixel_forest,483,280.409000,1,1.000000
dijkstra-dial-skip,no_roads,pixel_forest,756,277.758000,1,1.000000
dijkstra-dial-skip,no_roads,pixel_forest,254,284.744000,1,1.000000
dijkstra-dial-skip,no_roads,pixel_forest,931,6.331000,1,1.000000
dijkstra-dial-skip,no_roads,pixel_forest,81,284.351000,1,1.000000
dijkstra-dial-skip,no_roads,pixel_forest,52,287.011000,1,1.000000
dijkstra-dial-skip,no_roads,pixel_forest,870,277.914000,1,1.000000
dijkstra-dial-skip,no_roads,pixel_forest,310,272.890000,1,1.000000
dijkstra-dial-skip,no_roads,pixel_forest,1032,272.726000,1,1.000000
dijkstra-dial-skip,no_roads,pixel_forest,395,273.457000,1,1.000000
dijkstra-dial-skip,no_roads,pixel_forest,91,270.779000,1,1.000000
dijkstra-dial-skip,no_roads,pixel_forest,315,290.656000,1,1.000000
dijkstra-dial-skip,no_roads,pixel_forest,122,282.401000,1,1.000000
dijkstra-dial-skip,no_roads,pixel_forest,504,307.578000,1,1.000000
dijkstra-dial-skip,no_roads,pixel_forest,377,272.223000,1,1.000000
dijkstra-dial-skip,no_roads,pixel_forest,596,300.802000,1,1.000000
dijkstra-dial-skip,no_roads,pixel_forest,834,269.235000,1,1.000000
dijkstra-dial-skip,no_roads,pixel_forest,1103,309.338000,1,1.000000
dijkstra-dial-skip,no_roads,pixel_forest,486,270.749000,1,1.000000
dijkstra-dial-skip,no_roads,pixel_forest,211,266.990000,1,1.000000
dijkstra-dial-skip,no_roads,pixel_forest,493,272.886000,1,1.000000
dijkstra-dial-skip,no_roads,pixel_forest,473,268.982000,1,1.000000
dijkstra-dial-skip,no_roads,pixel_forest,277,265.232000,1,1.000000
dijkstra-dial-skip,no_roads,pixel_forest,886,5.453000,1,1.000000
dijkstra-dial-skip,no_roads,pixel_forest,359,287.260000,1,1.000000
dijkstra-dial-skip,no_roads,pixel_forest,928,5.981000,1,1.000000
dijkstra-dial-skip,no_roads,pixel_forest,904,329.146000,1,1.000000
dijkstra-dial-skip,no_roads,pixel_forest,855,262.926000,1,1.000000
dijkstra-dial-skip,no_roads,pixel_forest,83,266.790000,1,1.000000
dijkstra-dial-skip,no_roads,pixel_forest,791,264.075000,1,1.000000
dijkstra-dial-skip,with_roads,pixel_forest,839,9.956000,1,1.000000
dijkstra-dial-skip,with_roads,pixel_forest,135,283.266000,1,1.000000
dijkstra-dial-skip,with_roads,pixel_forest,28,280.766000,1,1.000000
dijkstra-dial-skip,with_roads,pixel_forest,989,284.184000,1,1.000000
dijkstra-dial-skip,with_roads,pixel_forest,367,274.781000,1,1.000000
dijkstra-dial-skip,with_roads,pixel_forest,333,286.103000,1,1.000000
dijkstra-dial-skip,with_roads,pixel_forest,295,289.247000,1,1.000000
dijkstra-dial-skip,with_roads,pixel_forest,179,287.704000,1,1.000000
dijkstra-dial-skip,with_roads,pixel_forest,971,276.569000,1,1.000000
dijkstra-dial-skip,with_roads,pixel_forest,123,293.467000,1,1.000000
dijkstra-dial-skip,with_roads,pixel_forest,895,4.889000,1,1.000000
dijkstra-dial-skip,with_roads,pixel_forest,981,290.221000,1,1.000000
dijkstra-dial-skip,with_roads,pixel_forest,706,283.936000,1,1.000000
dijkstra-dial-skip,with_roads,pixel_forest,100,278.441000,1,1.000000
dijkstra-dial-skip,with_roads,pixel_forest,769,278.216000,1,1.000000
dijkstra-dial-skip,with_roads,pixel_forest,555,290.605000,1,1.000000
dijkstra-dial-skip,with_roads,pixel_forest,37,285.877000,1,1.000000
dijkstra-dial-skip,with_roads,pixel_forest,35,304.654000,1,1.000000
dijkstra-dial-skip,with_roads,pixel_forest,107,283.119000,1,1.000000
dijkstra-dial-skip,with_roads,pixel_forest,290,284.850000,1,1.000000
dijkstra-dial-skip,with_roads,pixel_forest,315,273.737000,1,1.000000
dijkstra-dial-skip,with_roads,pixel_forest,659,274.449000,1,1.000000
dijkstra-dial-skip,with_roads,pixel_forest,783,283.368000,1,1.000000
dijkstra-dial-skip,with_roads,pixel_forest,30,285.102000,1,1.000000
dijkstra-dial-skip,with_roads,pixel_forest,725,283.049000,1,1.000000
dijkstra-dial-skip,with_roads,pixel_forest,262,276.298000,1,1.000000
dijkstra-dial-skip,with_roads,pixel_forest,947,273.631000,1,1.000000
dijkstra-dial-skip,with_roads,pixel_forest,857,279.214000,1,1.000000
dijkstra-dial-skip,with_roads,pixel_forest,928,6.054000,1,1.000000
dijkstra-dial-skip,with_roads,pixel_forest,706,275.646000,1,1.000000
dijkstra-dial-skip,with_roads,pixel_forest,550,281.539000,1,1.000000
dijkstra-dial-skip,with_roads,pixel_forest,292,268.087000,1,1.000000
dijkstra-dial-skip,with_roads,pixel_forest,590,268.539000,1,1.000000
dijkstra-dial-skip,with_roads,pixel_forest,768,263.926000,1,1.000000
dijkstra-dial-skip,with_roads,pixel_forest,377,278.889000,1,1.000000
dijkstra-dial-skip,with_roads,pixel_forest,1073,271.945000,1,1.000000
dijkstra-dial-skip,with_roads,pixel_forest,7,265.511000,1,1.000000
dijkstra-dial-skip,with_roads,pixel_forest,1016,272.794000,1,1.000000
dijkstra-dial-skip,with_roads,pixel_forest,1070,276.066000,1,1.000000
dijkstra-dial-skip,with_roads,pixel_forest,208,278.469000,1,1.000000
dijkstra-dial-skip,with_roads,pixel_forest,923,261.312000,1,1.000000
dijkstra-dial-skip,with_roads,pixel_forest,555,298.557000,1,1.000000
dijkstra-dial-skip,with_roads,pixel_forest,454,300.066000,1,1.000000
dijkstra-dial-skip,with_roads,pixel_forest,377,257.495000,1,1.000000
dijkstra-dial-skip,with_roads,pixel_forest,201,264.834000,1,1.000000
dijkstra-dial-skip,with_roads,pixel_forest,286,5.945000,1,1.000000
dijkstra-dial-skip,with_roads,pixel_forest,1021,271.393000,1,1.000000
dijkstra-dial-skip,with_roads,pixel_forest,450,269.890000,1,1.000000
dijkstra-dial-skip,with_roads,pixel_forest,123,273.925000,1,1.000000
dijkstra-dial-skip,with_roads,pixel_forest,106,288.227000,1,1.000000
dijkstra-dial-skip,with_roads,pixel_forest,504,260.843000,1,1.000000
dijkstra-dial-skip,with_roads,pixel_forest,111,264.618000,1,1.000000
dijkstra-dial-skip,with_roads,pixel_forest,478,259.445000,1,1.000000
dijkstra-dial-skip,with_roads,pixel_forest,1117,271.543000,1,1.000000
dijkstra-dial-skip,with_roads,pixel_forest,460,265.751000,1,1.000000
dijkstra-dial-skip,with_roads,pixel_forest,785,283.727000,1,1.000000
dijkstra-dial-skip,with_roads,pixel_forest,356,264.011000,1,1.000000
dijkstra-dial-skip,with_roads,pixel_forest,1071,269.601000,1,1.000000
dijkstra-dial-skip,with_roads,pixel_forest,50,286.254000,1,1.000000
dijkstra-dial-skip,with_roads,pixel_forest,963,4.315000,1,1.000000
dijkstra-dial-skip,with_roads,pixel_forest,603,267.133000,1,1.000000
dijkstra-dial-skip,with_roads,pixel_forest,697,277.400000,1,1.000000
dijkstra-dial-skip,with_roads,pixel_forest,163,273.479000,1,1.000000
dijkstra-dial-skip,with_roads,pixel_forest,501,277.232000,1,1.000000
dijkstra-dial-skip,with_roads,pixel_forest,90,269.055000,1,1.000000
dijkstra-dial-skip,with_roads,pixel_forest,716,300.972000,1,1.000000
dijkstra-dial-skip,with_roads,pixel_forest,400,279.905000,1,1.000000
dijkstra-dial-skip,with_roads,pixel_forest,1097,285.238000,1,1.000000
dijkstra-dial-skip,with_roads,pixel_forest,827,282.570000,1,1.000000
dijkstra-dial-skip,with_roads,pixel_forest,807,276.232000,1,1.000000
dijkstra-dial-skip,with_roads,pixel_forest,483,301.053000,1,1.000000
dijkstra-dial-skip,with_roads,pixel_forest,756,282.437000,1,1.000000
dijkstra-dial-skip,with_roads,pixel_forest,254,286.364000,1,1.000000
dijkstra-dial-skip,with_roads,pixel_forest,931,5.850000,1,1.000000
dijkstra-dial-skip,with_roads,pixel_forest,81,277.687000,1,1.000000
dijkstra-dial-skip,with_roads,pixel_forest,52,275.135000,1,1.000000
dijkstra-dial-skip,with_roads,pixel_forest,870,288.138000,1,1.000000
dijkstra-dial-skip,with_roads,pixel_forest,310,279.557000,1,1.000000
dijkstra-dial-skip,with_roads,pixel_forest,1032,277.043000,1,1.000000
dijkstra-dial-skip,with_roads,pixel_forest,395,279.597000,1,1.000000
dijkstra-dial-skip,with_roads,pixel_forest,91,315.117000,1,1.000000
dijkstra-dial-skip,with_roads,pixel_forest,315,274.336000,1,1.000000
dijkstra-dial-skip,with_roads,pixel_forest,122,279.386000,1,1.000000
dijkstra-dial-skip,with_roads,pixel_forest,504,273.956000,1,1.000000
dijkstra-dial-skip,with_roads,pixel_forest,377,271.533000,1,1.000000
dijkstra-dial-skip,with_roads,pixel_forest,596,285.616000,1,1.000000
dijkstra-dial-skip,with_roads,pixel_forest,834,270.926000,1,1.000000
dijkstra-dial-skip,with_roads,pixel_forest,1103,269.678000,1,1.000000
dijkstra-dial-skip,with_roads,pixel_forest,486,270.396000,1,1.000000
dijkstra-dial-skip,with_roads,pixel_forest,211,278.659000,1,1.000000
dijkstra-dial-skip,with_roads,pixel_forest,493,289.383000,1,1.000000
dijkstra-dial-skip,with_roads,pixel_forest,473,273.706000,1,1.000000
dijkstra-dial-skip,with_roads,pixel_forest,277,262.837000,1,1.000000
dijkstra-dial-skip,with_roads,pixel_forest,886,5.788000,1,1.000000
dijkstra-dial-skip,with_roads,pixel_forest,359,274.565000,1,1.000000
dijkstra-dial-skip,with_roads,pixel_forest,928,5.876000,1,1.000000
dijkstra-dial-skip,with_roads,pixel_forest,904,260.352000,1,1.000000
dijkstra-dial-skip,with_roads,pixel_forest,855,262.360000,1,1.000000
dijkstra-dial-skip,with_roads,pixel_forest,83,271.966000,1,1.000000
dijkstra-dial-skip,with_roads,pixel_forest,791,274.367000,1,1.000000
dijkstra-dial-skip,no_roads,pls_buy_cucats_merch,493,750.166000,1,1.000000
dijkstra-dial-skip,no_roads,pls_buy_cucats_merch,103,716.620000,1,1.000000
dijkstra-dial-skip,no_roads,pls_buy_cucats_merch,1289,672.307000,1,1.000000
dijkstra-dial-skip,no_roads,pls_buy_cucats_merch,1162,749.622000,1,1.000000
dijkstra-dial-skip,no_roads,pls_buy_cucats_merch,1069,729.346000,1,1.000000
dijkstra-dial-skip,no_roads,pls_buy_cucats_merch,627,751.537000,1,1.000000
dijkstra-dial-skip,no_roads,pls_buy_cucats_merch,450,716.737000,1,1.000000
dijkstra-dial-skip,no_roads,pls_buy_cucats_merch,384,716.306000,1,1.000000
dijkstra-dial-skip,no_roads,pls_buy_cucats_merch,2020,694.146000,1,1.000000
dijkstra-dial-skip,no_roads,pls_buy_cucats_merch,135,808.160000,1,1.000000
dijkstra-dial-skip,no_roads,pls_buy_cucats_merch,124,699.864000,1,1.000000
dijkstra-dial-skip,no_roads,pls_buy_cucats_merch,411,698.718000,1,1.000000
dijkstra-dial-skip,no_roads,pls_buy_cucats_merch,1024,710.129000,1,1.000000
dijkstra-dial-skip,no_roads,pls_buy_cucats_merch,1109,698.707000,1,1.000000
dijkstra-dial-skip,no_roads,pls_buy_cucats_merch,2389,731.098000,1,1.000000
dijkstra-dial-skip,no_roads,pls_buy_cucats_merch,109,724.265000,1,1.000000
dijkstra-dial-skip,no_roads,pls_buy_cucats_merch,927,764.619000,1,1.000000
dijkstra-dial-skip,no_roads,pls_buy_cucats_merch,2010,722.645000,1,1.000000
dijkstra-dial-skip,no_roads,pls_buy_cucats_merch,1031,725.430000,1,1.000000
dijkstra-dial-skip,no_roads,pls_buy_cucats_merch,2140,764.965000,1,1.000000
dijkstra-dial-skip,no_roads,pls_buy_cucats_merch,1302,745.358000,1,1.000000
dijkstra-dial-skip,no_roads,pls_buy_cucats_merch,26,726.941000,1,1.000000
dijkstra-dial-skip,no_roads,pls_buy_cucats_merch,733,713.062000,1,1.000000
dijkstra-dial-skip,no_roads,pls_buy_cucats_merch,2023,713.925000,1,1.000000
dijkstra-dial-skip,no_roads,pls_buy_cucats_merch,1625,686.122000,1,1.000000
dijkstra-dial-skip,no_roads,pls_buy_cucats_merch,1301,700.005000,1,1.000000
dijkstra-dial-skip,no_roads,pls_buy_cucats_merch,713,709.396000,1,1.000000
dijkstra-dial-skip,no_roads,pls_buy_cucats_merch,1004,770.714000,1,1.000000
dijkstra-dial-skip,no_roads,pls_buy_cucats_merch,1606,708.460000,1,1.000000
dijkstra-dial-skip,no_roads,pls_buy_cucats_merch,449,706.257000,1,1.000000
dijkstra-dial-skip,no_roads,pls_buy_cucats_merch,407,743.324000,1,1.000000
dijkstra-dial-skip,no_roads,pls_buy_cucats_merch,1828,713.204000,1,1.000000
dijkstra-dial-skip,no_roads,pls_buy_cucats_merch,426,705.035000,1,1.000000
dijkstra-dial-skip,no_roads,pls_buy_cucats_merch,1718,699.892000,1,1.000000
dijkstra-dial-skip,no_roads,pls_buy_cucats_merch,1644,750.601000,1,1.000000
dijkstra-dial-skip,no_roads,pls_buy_cucats_merch,1244,706.587000,1,1.000000
dijkstra-dial-skip,no_roads,pls_buy_cucats_merch,190,747.838000,1,1.000000
dijkstra-dial-skip,no_roads,pls_buy_cucats_merch,2188,699.303000,1,1.000000
dijkstra-dial-skip,no_roads,pls_buy_cucats_merch,557,744.746000,1,1.000000
dijkstra-dial-skip,no_roads,pls_buy_cucats_merch,1820,694.423000,1,1.000000
dijkstra-dial-skip,no_roads,pls_buy_cucats_merch,348,759.563000,1,1.000000
dijkstra-dial-skip,no_roads,pls_buy_cucats_merch,1397,729.928000,1,1.000000
dijkstra-dial-skip,no_roads,pls_buy_cucats_merch,1731,704.325000,1,1.000000
dijkstra-dial-skip,no_roads,pls_buy_cucats_merch,896,715.586000,1,1.000000
dijkstra-dial-skip,no_roads,pls_buy_cucats_merch,307,733.409000,1,1.000000
dijkstra-dial-skip,no_roads,pls_buy_cucats_merch,200,778.838000,1,1.000000
dijkstra-dial-skip,no_roads,pls_buy_cucats_merch,1090,709.443000,1,1.000000
dijkstra-dial-skip,no_roads,pls_buy_cucats_merch,1376,707.490000,1,1.000000
dijkstra-dial-skip,no_roads,pls_buy_cucats_merch,352,730.364000,1,1.000000
dijkstra-dial-skip,no_roads,pls_buy_cucats_merch,1110,706.275000,1,1.000000
dijkstra-dial-skip,no_roads,pls_buy_cucats_merch,444,753.247000,1,1.000000
dijkstra-dial-skip,no_roads,pls_buy_cucats_merch,1828,709.918000,1,1.000000
dijkstra-dial-skip,no_roads,pls_buy_cucats_merch,1301,691.737000,1,1.000000
dijkstra-dial-skip,no_roads,pls_buy_cucats_merch,2158,722.866000,1,1.000000
dijkstra-dial-skip,no_roads,pls_buy_cucats_merch,1757,799.286000,1,1.000000
dijkstra-dial-skip,no_roads,pls_buy_cucats_merch,749,733.267000,1,1.000000
dijkstra-dial-skip,no_roads,pls_buy_cucats_merch,1783,714.332000,1,1.000000
dijkstra-dial-skip,no_roads,pls_buy_cucats_merch,1700,705.132000,1,1.000000
dijkstra-dial-skip,no_roads,pls_buy_cucats_merch,979,747.645000,1,1.000000
dijkstra-dial-skip,no_roads,pls_buy_cucats_merch,1254,708.873000,1,1.000000
dijkstra-dial-skip,no_roads,pls_buy_cucats_merch,315,757.222000,1,1.000000
dijkstra-dial-skip,no_roads,pls_buy_cucats_merch,791,812.692000,1,1.000000
dijkstra-dial-skip,no_roads,pls_buy_cucats_merch,1161,802.847000,1,1.000000
dijkstra-dial-skip,no_roads,pls_buy_cucats_merch,753,755.005000,1,1.000000
dijkstra-dial-skip,no_roads,pls_buy_cucats_merch,2200,797.127000,1,1.000000
dijkstra-dial-skip,no_roads,pls_buy_cucats_merch,1825,702.332000,1,1.000000
dijkstra-dial-skip,no_roads,pls_buy_cucats_merch,1266,702.008000,1,1.000000
dijkstra-dial-skip,no_roads,pls_buy_cucats_merch,1028,754.862000,1,1.000000
dijkstra-dial-skip,no_roads,pls_buy_cucats_merch,1544,703.339000,1,1.000000
dijkstra-dial-skip,no_roads,pls_buy_cucats_merch,248,743.401000,1,1.000000
dijkstra-dial-skip,no_roads,pls_buy_cucats_merch,1095,761.456000,1,1.000000
dijkstra-dial-skip,no_roads,pls_buy_cucats_merch,136,734.588000,1,1.000000
dijkstra-dial-skip,no_roads,pls_buy_cucats_merch,1503,737.645000,1,1.000000
dijkstra-dial-skip,no_roads,pls_buy_cucats_merch,1929,728.878000,1,1.000000
dijkstra-dial-skip,no_roads,pls_buy_cucats_merch,1257,743.240000,1,1.000000
dijkstra-dial-skip,no_roads,pls_buy_cucats_merch,294,775.273000,1,1.000000
dijkstra-dial-skip,no_roads,pls_buy_cucats_merch,985,737.211000,1,1.000000
dijkstra-dial-skip,no_roads,pls_buy_cucats_merch,1498,716.387000,1,1.000000
dijkstra-dial-skip,no_roads,pls_buy_cucats_merch,992,849.749000,1,1.000000
dijkstra-dial-skip,no_roads,pls_buy_cucats_merch,2364,685.218000,1,1.000000
dijkstra-dial-skip,no_roads,pls_buy_cucats_merch,1903,728.430000,1,1.000000
dijkstra-dial-skip,no_roads,pls_buy_cucats_merch,2186,725.780000,1,1.000000
dijkstra-dial-skip,no_roads,pls_buy_cucats_merch,642,783.174000,1,1.000000
dijkstra-dial-skip,no_roads,pls_buy_cucats_merch,1245,747.475000,1,1.000000
dijkstra-dial-skip,no_roads,pls_buy_cucats_merch,627,844.027000,1,1.000000
dijkstra-dial-skip,no_roads,pls_buy_cucats_merch,1170,784.423000,1,1.000000
dijkstra-dial-skip,no_roads,pls_buy_cucats_merch,1237,757.883000,1,1.000000
dijkstra-dial-skip,no_roads,pls_buy_cucats_merch,2048,758.990000,1,1.000000
dijkstra-dial-skip,no_roads,pls_buy_cucats_merch,1918,823.495000,1,1.000000
dijkstra-dial-skip,no_roads,pls_buy_cucats_merch,1733,735.232000,1,1.000000
dijkstra-dial-skip,no_roads,pls_buy_cucats_merch,1027,741.747000,1,1.000000
dijkstra-dial-skip,no_roads,pls_buy_cucats_merch,620,730.911000,1,1.000000
dijkstra-dial-skip,no_roads,pls_buy_cucats_merch,2341,699.207000,1,1.000000
dijkstra-dial-skip,no_roads,pls_buy_cucats_merch,400,698.173000,1,1.000000
dijkstra-dial-skip,no_roads,pls_buy_cucats_merch,205,735.046000,1,1.000000
dijkstra-dial-skip,no_roads,pls_buy_cucats_merch,486,739.073000,1,1.000000
dijkstra-dial-skip,no_roads,pls_buy_cucats_merch,701,737.336000,1,1.000000
dijkstra-dial-skip,no_roads,pls_buy_cucats_merch,735,721.333000,1,1.000000
dijkstra-dial-skip,no_roads,pls_buy_cucats_merch,2021,705.208000,1,1.000000
dijkstra-dial-skip,no_roads,pls_buy_cucats_merch,281,822.950000,1,1.000000
dijkstra-dial-skip,with_roads,pls_buy_cucats_merch,493,789.210000,1,1.000000
dijkstra-dial-skip,with_roads,pls_buy_cucats_merch,103,735.872000,1,1.000000
dijkstra-dial-skip,with_roads,pls_buy_cucats_merch,1289,708.452000,1,1.000000
dijkstra-dial-skip,with_roads,pls_buy_cucats_merch,1162,710.879000,1,1.000000
dijkstra-dial-skip,with_roads,pls_buy_cucats_merch,1069,770.735000,1,1.000000
dijkstra-dial-skip,with_roads,pls_buy_cucats_merch,627,790.526000,1,1.000000
dijkstra-dial-skip,with_roads,pls_buy_cucats_merch,450,805.984000,1,1.000000
dijkstra-dial-skip,with_roads,pls_buy_cucats_merch,384,792.779000,1,1.000000
dijkstra-dial-skip,with_roads,pls_buy_cucats_merch,2020,763.755000,1,1.000000
dijkstra-dial-skip,with_roads,pls_buy_cucats_merch,135,818.238000,1,1.000000
dijkstra-dial-skip,with_roads,pls_buy_cucats_merch,124,842.474000,1,1.000000
dijkstra-dial-skip,with_roads,pls_buy_cucats_merch,411,788.234000,1,1.000000
dijkstra-dial-skip,with_roads,pls_buy_cucats_merch,1024,828.745000,1,1.000000
dijkstra-dial-skip,with_roads,pls_buy_cucats_merch,1109,749.868000,1,1.000000
dijkstra-dial-skip,with_roads,pls_buy_cucats_merch,2389,755.607000,1,1.000000
dijkstra-dial-skip,with_roads,pls_buy_cucats_merch,109,779.347000,1,1.000000
dijkstra-dial-skip,with_roads,pls_buy_cucats_merch,927,819.037000,1,1.000000
dijkstra-dial-skip,with_roads,pls_buy_cucats_merch,2010,825.468000,1,1.000000
dijkstra-dial-skip,with_roads,pls_buy_cucats_merch,1031,808.730000,1,1.000000
dijkstra-dial-skip,with_roads,pls_buy_cucats_merch,2140,760.069000,1,1.000000
dijkstra-dial-skip,with_roads,pls_buy_cucats_merch,1302,779.619000,1,1.000000
dijkstra-dial-skip,with_roads,pls_buy_cucats_merch,26,819.311000,1,1.000000
dijkstra-dial-skip,with_roads,pls_buy_cucats_merch,733,793.945000,1,1.000000
dijkstra-dial-skip,with_roads,pls_buy_cucats_merch,2023,776.644000,1,1.000000
dijkstra-dial-skip,with_roads,pls_buy_cucats_merch,1625,778.030000,1,1.000000
dijkstra-dial-skip,with_roads,pls_buy_cucats_merch,1301,747.775000,1,1.000000
dijkstra-dial-skip,with_roads,pls_buy_cucats_merch,713,789.968000,1,1.000000
dijkstra-dial-skip,with_roads,pls_buy_cucats_merch,1004,786.154000,1,1.000000
dijkstra-dial-skip,with_roads,pls_buy_cucats_merch,1606,771.069000,1,1.000000
dijkstra-dial-skip,with_roads,pls_buy_cucats_merch,449,749.379000,1,1.000000
dijkstra-dial-skip,with_roads,pls_buy_cucats_merch,407,755.229000,1,1.000000
dijkstra-dial-skip,with_roads,pls_buy_cucats_merch,1828,788.380000,1,1.000000
dijkstra-dial-skip,with_roads,pls_buy_cucats_merch,426,873.434000,1,1.000000
dijkstra-dial-skip,with_roads,pls_buy_cucats_merch,1718,829.532000,1,1.000000
dijkstra-dial-skip,with_roads,pls_buy_cucats_merch,1644,807.431000,1,1.000000
dijkstra-dial-skip,with_roads,pls_buy_cucats_merch,1244,950.002000,1,1.000000
dijkstra-dial-skip,with_roads,pls_buy_cucats_merch,190,820.637000,1,1.000000
dijkstra-dial-skip,with_roads,pls_buy_cucats_merch,2188,741.212000,1,1.000000
dijkstra-dial-skip,with_roads,pls_buy_cucats_merch,557,735.376000,1,1.000000
dijkstra-dial-skip,with_roads,pls_buy_cucats_merch,1820,754.461000,1,1.000000
dijkstra-dial-skip,with_roads,pls_buy_cucats_merch,348,734.751000,1,1.000000
dijkstra-dial-skip,with_roads,pls_buy_cucats_merch,1397,723.014000,1,1.000000
dijkstra-dial-skip,with_roads,pls_buy_cucats_merch,1731,781.878000,1,1.000000
dijkstra-dial-skip,with_roads,pls_buy_cucats_merch,896,820.227000,1,1.000000
dijkstra-dial-skip,with_roads,pls_buy_cucats_merch,307,755.626000,1,1.000000
dijkstra-dial-skip,with_roads,pls_buy_cucats_merch,200,795.397000,1,1.000000
dijkstra-dial-skip,with_roads,pls_buy_cucats_merch,1090,895.360000,1,1.000000
dijkstra-dial-skip,with_roads,pls_buy_cucats_merch,1376,797.011000,1,1.000000
dijkstra-dial-skip,with_roads,pls_buy_cucats_merch,352,776.469000,1,1.000000
dijkstra-dial-skip,with_roads,pls_buy_cucats_merch,1110,847.547000,1,1.000000
dijkstra-dial-skip,with_roads,pls_buy_cucats_merch,444,790.730000,1,1.000000
dijkstra-dial-skip,with_roads,pls_buy_cucats_merch,1828,817.085000,1,1.000000
dijkstra-dial-skip,with_roads,pls_buy_cucats_merch,1301,748.429000,1,1.000000
dijkstra-dial-skip,with_roads,pls_buy_cucats_merch,2158,794.180000,1,1.000000
dijkstra-dial-skip,with_roads,pls_buy_cucats_merch,1757,785.581000,1,1.000000
dijkstra-dial-skip,with_roads,pls_buy_cucats_merch,749,747.120000,1,1.000000
dijkstra-dial-skip,with_roads,pls_buy_cucats_merch,1783,784.173000,1,1.000000
dijkstra-dial-skip,with_roads,pls_buy_cucats_merch,1700,724.308000,1,1.000000
dijkstra-dial-skip,with_roads,pls_buy_cucats_merch,979,815.939000,1,1.000000
dijkstra-dial-skip,with_roads,pls_buy_cucats_merch,1254,727.275000,1,1.000000
dijkstra-dial-skip,with_roads,pls_buy_cucats_merch,315,818.269000,1,1.000000
dijkstra-dial-skip,with_roads,pls_buy_cucats_merch,791,768.530000,1,1.000000
dijkstra-dial-skip,with_roads,pls_buy_cucats_merch,1161,717.082000,1,1.000000
dijkstra-dial-skip,with_roads,pls_buy_cucats_merch,753,715.932000,1,1.000000
dijkstra-dial-skip,with_roads,pls_buy_cucats_merch,2200,784.333000,1,1.000000
dijkstra-dial-skip,with_roads,pls_buy_cucats_merch,1825,756.980000,1,1.000000
dijkstra-dial-skip,with_roads,pls_buy_cucats_merch,1266,785.776000,1,1.000000
dijkstra-dial-skip,with_roads,pls_buy_cucats_merch,1028,852.265000,1,1.000000
dijkstra-dial-skip,with_roads,pls_buy_cucats_merch,1544,705.098000,1,1.000000
dijkstra-dial-skip,with_roads,pls_buy_cucats_merch,248,771.924000,1,1.000000
dijkstra-dial-skip,with_roads,pls_buy_cucats_merch,1095,720.785000,1,1.000000
dijkstra-dial-skip,with_roads,pls_buy_cucats_merch,136,784.209000,1,1.000000
dijkstra-dial-skip,with_roads,pls_buy_cucats_merch,1503,708.182000,1,1.000000
dijkstra-dial-skip,with_roads,pls_buy_cucats_merch,1929,785.174000,1,1.000000
dijkstra-dial-skip,with_roads,pls_buy_cucats_merch,1257,738.350000,1,1.000000
dijkstra-dial-skip,with_roads,pls_buy_cucats_merch,294,813.242000,1,1.000000
dijkstra-dial-skip,with_roads,pls_buy_cucats_merch,985,784.921000,1,1.000000
dijkstra-dial-skip,with_roads,pls_buy_cucats_merch,1498,702.770000,1,1.000000
dijkstra-dial-skip,with_roads,pls_buy_cucats_merch,992,760.026000,1,1.000000
dijkstra-dial-skip,with_roads,pls_buy_cucats_merch,2364,761.623000,1,1.000000
dijkstra-dial-skip,with_roads,pls_buy_cucats_merch,1903,731.643000,1,1.000000
dijkstra-dial-skip,with_roads,pls_buy_cucats_merch,2186,787.920000,1,1.000000
dijkstra-dial-skip,with_roads,pls_buy_cucats_merch,642,731.074000,1,1.000000
dijkstra-dial-skip,with_roads,pls_buy_cucats_merch,1245,703.352000,1,1.000000
dijkstra-dial-skip,with_roads,pls_buy_cucats_merch,627,768.762000,1,1.000000
dijkstra-dial-skip,with_roads,pls_buy_cucats_merch,1170,742.496000,1,1.000000
dijkstra-dial-skip,with_roads,pls_buy_cucats_merch,1237,740.806000,1,1.000000
dijkstra-dial-skip,with_roads,pls_buy_cucats_merch,2048,732.188000,1,1.000000
dijkstra-dial-skip,with_roads,pls_buy_cucats_merch,1918,742.272000,1,1.000000
dijkstra-dial-skip,with_roads,pls_buy_cucats_merch,1733,778.206000,1,1.000000
dijkstra-dial-skip,with_roads,pls_buy_cucats_merch,1027,784.499000,1,1.000000
dijkstra-dial-skip,with_roads,pls_buy_cucats_merch,620,747.952000,1,1.000000
dijkstra-dial-skip,with_roads,pls_buy_cucats_merch,2341,753.851000,1,1.000000
dijkstra-dial-skip,with_roads,pls_buy_cucats_merch,400,737.595000,1,1.000000
dijkstra-dial-skip,with_roads,pls_buy_cucats_merch,205,742.994000,1,1.000000
dijkstra-dial-skip,with_roads,pls_buy_cucats_merch,486,786.209000,1,1.000000
dijkstra-dial-skip,with_roads,pls_buy_cucats_merch,701,796.975000,1,1.000000
dijkstra-dial-skip,with_roads,pls_buy_cucats_merch,735,772.655000,1,1.000000
dijkstra-dial-skip,with_roads,pls_buy_cucats_merch,2021,811.200000,1,1.000000
dijkstra-dial-skip,with_roads,pls_buy_cucats_merch,281,803.904000,1,1.000000
dijkstra-dial-skip,no_roads,pong,1634,247.977000,1,1.000000
dijkstra-dial-skip,no_roads,pong,281,222.066000,1,1.000000
dijkstra-dial-skip,no_roads,pong,53,237.355000,1,1.000000
dijkstra-dial-skip,no_roads,pong,676,227.539000,1,1.000000
dijkstra-dial-skip,no_roads,pong,581,229.871000,1,1.000000
dijkstra-dial-skip,no_roads,pong,535,224.117000,1,1.000000
dijkstra-dial-skip,no_roads,pong,351,229.275000,1,1.000000
dijkstra-dial-skip,no_roads,pong,249,224.170000,1,1.000000
dijkstra-dial-skip,no_roads,pong,1719,243.702000,1,1.000000
dijkstra-dial-skip,no_roads,pong,1326,250.091000,1,1.000000
dijkstra-dial-skip,no_roads,pong,211,225.608000,1,1.000000
dijkstra-dial-skip,no_roads,pong,1455,231.747000,1,1.000000
dijkstra-dial-skip,no_roads,pong,1039,225.146000,1,1.000000
dijkstra-dial-skip,no_roads,pong,67,230.062000,1,1.000000
dijkstra-dial-skip,no_roads,pong,63,248.057000,1,1.000000
dijkstra-dial-skip,no_roads,pong,227,242.402000,1,1.000000
dijkstra-dial-skip,no_roads,pong,523,244.770000,1,1.000000
dijkstra-dial-skip,no_roads,pong,554,227.253000,1,1.000000
dijkstra-dial-skip,no_roads,pong,1240,236.405000,1,1.000000
dijkstra-dial-skip,no_roads,pong,1494,231.048000,1,1.000000
dijkstra-dial-skip,no_roads,pong,56,226.055000,1,1.000000
dijkstra-dial-skip,no_roads,pong,1359,226.068000,1,1.000000
dijkstra-dial-skip,no_roads,pong,483,232.446000,1,1.000000
dijkstra-dial-skip,no_roads,pong,1662,234.140000,1,1.000000
dijkstra-dial-skip,no_roads,pong,1326,244.283000,1,1.000000
dijkstra-dial-skip,no_roads,pong,1029,222.318000,1,1.000000
dijkstra-dial-skip,no_roads,pong,529,219.891000,1,1.000000
dijkstra-dial-skip,no_roads,pong,1119,231.441000,1,1.000000
dijkstra-dial-skip,no_roads,pong,1450,219.931000,1,1.000000
dijkstra-dial-skip,no_roads,pong,684,231.320000,1,1.000000
dijkstra-dial-skip,no_roads,pong,13,225.908000,1,1.000000
dijkstra-dial-skip,no_roads,pong,398,216.481000,1,1.000000
dijkstra-dial-skip,no_roads,pong,1041,206.806000,1,1.000000
dijkstra-dial-skip,no_roads,pong,831,212.009000,1,1.000000
dijkstra-dial-skip,no_roads,pong,684,237.935000,1,1.000000
dijkstra-dial-skip,no_roads,pong,388,210.826000,1,1.000000
dijkstra-dial-skip,no_roads,pong,516,213.627000,1,1.000000
dijkstra-dial-skip,no_roads,pong,821,223.872000,1,1.000000
dijkstra-dial-skip,no_roads,pong,249,223.757000,1,1.000000
dijkstra-dial-skip,no_roads,pong,223,234.260000,1,1.000000
dijkstra-dial-skip,no_roads,pong,934,226.271000,1,1.000000
dijkstra-dial-skip,no_roads,pong,235,225.362000,1,1.000000
dijkstra-dial-skip,no_roads,pong,885,227.772000,1,1.000000
dijkstra-dial-skip,no_roads,pong,842,241.300000,1,1.000000
dijkstra-dial-skip,no_roads,pong,1500,229.873000,1,1.000000
dijkstra-dial-skip,no_roads,pong,637,228.508000,1,1.000000
dijkstra-dial-skip,no_roads,pong,98,265.548000,1,1.000000
dijkstra-dial-skip,no_roads,pong,1142,223.375000,1,1.000000
dijkstra-dial-skip,no_roads,pong,1306,224.475000,1,1.000000
dijkstra-dial-skip,no_roads,pong,316,260.121000,1,1.000000
dijkstra-dial-skip,no_roads,pong,931,250.030000,1,1.000000
dijkstra-dial-skip,no_roads,pong,188,209.924000,1,1.000000
dijkstra-dial-skip,no_roads,pong,1340,217.576000,1,1.000000
dijkstra-dial-skip,no_roads,pong,722,287.566000,1,1.000000
dijkstra-dial-skip,no_roads,pong,1594,220.157000,1,1.000000
dijkstra-dial-skip,no_roads,pong,1558,3.588000,1,1.000000
dijkstra-dial-skip,no_roads,pong,892,206.629000,1,1.000000
dijkstra-dial-skip,no_roads,pong,1394,214.357000,1,1.000000
dijkstra-dial-skip,no_roads,pong,467,228.465000,1,1.000000
dijkstra-dial-skip,no_roads,pong,161,209.120000,1,1.000000
dijkstra-dial-skip,no_roads,pong,104,248.702000,1,1.000000
dijkstra-dial-skip,no_roads,pong,1688,217.127000,1,1.000000
dijkstra-dial-skip,no_roads,pong,544,215.113000,1,1.000000
dijkstra-dial-skip,no_roads,pong,714,216.982000,1,1.000000
dijkstra-dial-skip,no_roads,pong,190,215.496000,1,1.000000
dijkstra-dial-skip,no_roads,pong,554,213.289000,1,1.000000
dijkstra-dial-skip,no_roads,pong,243,242.992000,1,1.000000
dijkstra-dial-skip,no_roads,pong,934,215.656000,1,1.000000
dijkstra-dial-skip,no_roads,pong,684,212.924000,1,1.000000
dijkstra-dial-skip,no_roads,pong,1130,223.912000,1,1.000000
dijkstra-dial-skip,no_roads,pong,1620,218.672000,1,1.000000
dijkstra-dial-skip,no_roads,pong,901,222.904000,1,1.000000
dijkstra-dial-skip,no_roads,pong,405,206.432000,1,1.000000
dijkstra-dial-skip,no_roads,pong,912,203.884000,1,1.000000
dijkstra-dial-skip,no_roads,pong,873,226.721000,1,1.000000
dijkstra-dial-skip,no_roads,pong,505,221.727000,1,1.000000
dijkstra-dial-skip,no_roads,pong,1706,229.347000,1,1.000000
dijkstra-dial-skip,no_roads,pong,647,252.220000,1,1.000000
dijkstra-dial-skip,no_roads,pong,1735,214.260000,1,1.000000
dijkstra-dial-skip,no_roads,pong,1659,226.911000,1,1.000000
dijkstra-dial-skip,no_roads,pong,165,214.894000,1,1.000000
dijkstra-dial-skip,no_roads,pong,1523,250.982000,1,1.000000
dijkstra-dial-skip,no_roads,pong,1615,239.012000,1,1.000000
dijkstra-dial-skip,no_roads,pong,422,220.226000,1,1.000000
dijkstra-dial-skip,no_roads,pong,1301,226.458000,1,1.000000
dijkstra-dial-skip,no_roads,pong,581,240.236000,1,1.000000
dijkstra-dial-skip,no_roads,pong,406,215.887000,1,1.000000
dijkstra-dial-skip,no_roads,pong,1148,234.560000,1,1.000000
dijkstra-dial-skip,no_roads,pong,933,232.183000,1,1.000000
dijkstra-dial-skip,no_roads,pong,657,229.063000,1,1.000000
dijkstra-dial-skip,no_roads,pong,1636,252.467000,1,1.000000
dijkstra-dial-skip,no_roads,pong,1745,215.024000,1,1.000000
dijkstra-dial-skip,no_roads,pong,1350,227.698000,1,1.000000
dijkstra-dial-skip,no_roads,pong,527,227.057000,1,1.000000
dijkstra-dial-skip,no_roads,pong,1738,219.107000,1,1.000000
dijkstra-dial-skip,no_roads,pong,790,216.596000,1,1.000000
dijkstra-dial-skip,no_roads,pong,128,226.128000,1,1.000000
dijkstra-dial-skip,no_roads,pong,547,218.322000,1,1.000000
dijkstra-dial-skip,no_roads,pong,67,221.411000,1,1.000000
dijkstra-dial-skip,no_roads,pong,770,248.518000,1,1.000000
dijkstra-dial-skip,with_roads,pong,1634,247.234000,1,1.000000
dijkstra-dial-skip,with_roads,pong,281,296.652000,1,1.000000
dijkstra-dial-skip,with_roads,pong,53,224.269000,1,1.000000
dijkstra-dial-skip,with_roads,pong,676,216.280000,1,1.000000
dijkstra-dial-skip,with_roads,pong,581,217.504000,1,1.000000
dijkstra-dial-skip,with_roads,pong,535,209.658000,1,1.000000
dijkstra-dial-skip,with_roads,pong,351,218.474000,1,1.000000
dijkstra-dial-skip,with_roads,pong,249,241.865000,1,1.000000
dijkstra-dial-skip,with_roads,pong,1719,236.880000,1,1.000000
dijkstra-dial-skip,with_roads,pong,1326,233.775000,1,1.000000
dijkstra-dial-skip,with_roads,pong,211,229.449000,1,1.000000
dijkstra-dial-skip,with_roads,pong,1455,236.386000,1,1.000000
dijkstra-dial-skip,with_roads,pong,1039,224.844000,1,1.000000
dijkstra-dial-skip,with_roads,pong,67,233.012000,1,1.000000
dijkstra-dial-skip,with_roads,pong,63,222.098000,1,1.000000
dijkstra-dial-skip,with_roads,pong,227,236.379000,1,1.000000
dijkstra-dial-skip,with_roads,pong,523,235.039000,1,1.000000
dijkstra-dial-skip,with_roads,pong,554,219.578000,1,1.000000
dijkstra-dial-skip,with_roads,pong,1240,227.183000,1,1.000000
dijkstra-dial-skip,with_roads,pong,1494,223.463000,1,1.000000
dijkstra-dial-skip,with_roads,pong,56,224.769000,1,1.000000
dijkstra-dial-skip,with_roads,pong,1359,216.483000,1,1.000000
dijkstra-dial-skip,with_roads,pong,483,223.407000,1,1.000000
dijkstra-dial-skip,with_roads,pong,1662,235.070000,1,1.000000
dijkstra-dial-skip,with_roads,pong,1326,237.049000,1,1.000000
dijkstra-dial-skip,with_roads,pong,1029,221.686000,1,1.000000
dijkstra-dial-skip,with_roads,pong,529,219.357000,1,1.000000
dijkstra-dial-skip,with_roads,pong,1119,235.658000,1,1.000000
dijkstra-dial-skip,with_roads,pong,1450,237.893000,1,1.000000
dijkstra-dial-skip,with_roads,pong,684,219.125000,1,1.000000
dijkstra-dial-skip,with_roads,pong,13,228.331000,1,1.000000
dijkstra-dial-skip,with_roads,pong,398,249.304000,1,1.000000
dijkstra-dial-skip,with_roads,pong,1041,221.449000,1,1.000000
dijkstra-dial-skip,with_roads,pong,831,225.413000,1,1.000000
dijkstra-dial-skip,with_roads,pong,684,225.524000,1,1.000000
dijkstra-dial-skip,with_roads,pong,388,207.655000,1,1.000000
dijkstra-dial-skip,with_roads,pong,516,221.540000,1,1.000000
dijkstra-dial-skip,with_roads,pong,821,234.279000,1,1.000000
dijkstra-dial-skip,with_roads,pong,249,222.385000,1,1.000000
dijkstra-dial-skip,with_roads,pong,223,229.537000,1,1.000000
dijkstra-dial-skip,with_roads,pong,934,228.906000,1,1.000000
dijkstra-dial-skip,with_roads,pong,235,208.621000,1,1.000000
dijkstra-dial-skip,with_roads,pong,885,223.675000,1,1.000000
dijkstra-dial-skip,with_roads,pong,842,229.293000,1,1.000000
dijkstra-dial-skip,with_roads,pong,1500,227.627000,1,1.000000
dijkstra-dial-skip,with_roads,pong,637,211.269000,1,1.000000
dijkstra-dial-skip,with_roads,pong,98,210.445000,1,1.000000
dijkstra-dial-skip,with_roads,pong,1142,215.581000,1,1.000000
dijkstra-dial-skip,with_roads,pong,1306,213.961000,1,1.000000
dijkstra-dial-skip,with_roads,pong,316,233.284000,1,1.000000
dijkstra-dial-skip,with_roads,pong,931,214.844000,1,1.000000
dijkstra-dial-skip,with_roads,pong,188,216.653000,1,1.000000
dijkstra-dial-skip,with_roads,pong,1340,256.780000,1,1.000000
dijkstra-dial-skip,with_roads,pong,722,223.116000,1,1.000000
dijkstra-dial-skip,with_roads,pong,1594,232.447000,1,1.000000
dijkstra-dial-skip,with_roads,pong,1558,3.653000,1,1.000000
dijkstra-dial-skip,with_roads,pong,892,207.561000,1,1.000000
dijkstra-dial-skip,with_roads,pong,1394,221.058000,1,1.000000
dijkstra-dial-skip,with_roads,pong,467,235.576000,1,1.000000
dijkstra-dial-skip,with_roads,pong,161,212.651000,1,1.000000
dijkstra-dial-skip,with_roads,pong,104,227.295000,1,1.000000
dijkstra-dial-skip,with_roads,pong,1688,226.956000,1,1.000000
dijkstra-dial-skip,with_roads,pong,544,224.135000,1,1.000000
dijkstra-dial-skip,with_roads,pong,714,219.756000,1,1.000000
dijkstra-dial-skip,with_roads,pong,190,230.363000,1,1.000000
dijkstra-dial-skip,with_roads,pong,554,218.745000,1,1.000000
dijkstra-dial-skip,with_roads,pong,243,222.890000,1,1.000000
dijkstra-dial-skip,with_roads,pong,934,227.422000,1,1.000000
dijkstra-dial-skip,with_roads,pong,684,210.157000,1,1.000000
dijkstra-dial-skip,with_roads,pong,1130,252.606000,1,1.000000
dijkstra-dial-skip,with_roads,pong,1620,215.831000,1,1.000000
dijkstra-dial-skip,with_roads,pong,901,260.101000,1,1.000000
dijkstra-dial-skip,with_roads,pong,405,220.061000,1,1.000000
dijkstra-dial-skip,with_roads,pong,912,211.509000,1,1.000000
dijkstra-dial-skip,with_roads,pong,873,221.514000,1,1.000000
dijkstra-dial-skip,with_roads,pong,505,225.919000,1,1.000000
dijkstra-dial-skip,with_roads,pong,1706,244.049000,1,1.000000
dijkstra-dial-skip,with_roads,pong,647,231.140000,1,1.000000
dijkstra-dial-skip,with_roads,pong,1735,213.191000,1,1.000000
dijkstra-dial-skip,with_roads,pong,1659,226.299000,1,1.000000
dijkstra-dial-skip,with_roads,pong,165,216.609000,1,1.000000
dijkstra-dial-skip,with_roads,pong,1523,237.137000,1,1.000000
dijkstra-dial-skip,with_roads,pong,1615,235.766000,1,1.000000
dijkstra-dial-skip,with_roads,pong,422,232.919000,1,1.000000
dijkstra-dial-skip,with_roads,pong,1301,242.745000,1,1.000000
dijkstra-dial-skip,with_roads,pong,581,237.848000,1,1.000000
dijkstra-dial-skip,with_roads,pong,406,227.819000,1,1.000000
dijkstra-dial-skip,with_roads,pong,1148,239.239000,1,1.000000
dijkstra-dial-skip,with_roads,pong,933,215.401000,1,1.000000
dijkstra-dial-skip,with_roads,pong,657,223.853000,1,1.000000
dijkstra-dial-skip,with_roads,pong,1636,225.707000,1,1.000000
dijkstra-dial-skip,with_roads,pong,1745,225.601000,1,1.000000
dijkstra-dial-skip,with_roads,pong,1350,260.092000,1,1.000000
dijkstra-dial-skip,with_roads,pong,527,222.129000,1,1.000000
dijkstra-dial-skip,with_roads,pong,1738,222.933000,1,1.000000
dijkstra-dial-skip,with_roads,pong,790,233.621000,1,1.000000
dijkstra-dial-skip,with_roads,pong,128,220.540000,1,1.000000
dijkstra-dial-skip,with_roads,pong,547,231.901000,1,1.000000
dijkstra-dial-skip,with_roads,pong,67,222.770000,1,1.000000
dijkstra-dial-skip,with_roads,pong,770,237.375000,1,1.000000
dijkstra-dial-skip,no_roads,rush_bait,1071,285.341000,1,1.000000
dijkstra-dial-skip,no_roads,rush_bait,153,269.922000,1,1.000000
dijkstra-dial-skip,no_roads,rush_bait,27,262.290000,1,1.000000
dijkstra-dial-skip,no_roads,rush_bait,1215,272.478000,1,1.000000
dijkstra-dial-skip,no_roads,rush_bait,450,265.927000,1,1.000000
dijkstra-dial-skip,no_roads,rush_bait,373,269.294000,1,1.000000
dijkstra-dial-skip,no_roads,rush_bait,334,280.613000,1,1.000000
dijkstra-dial-skip,no_roads,rush_bait,200,269.966000,1,1.000000
dijkstra-dial-skip,no_roads,rush_bait,1210,279.052000,1,1.000000
dijkstra-dial-skip,no_roads,rush_bait,133,288.813000,1,1.000000
dijkstra-dial-skip,no_roads,rush_bait,1139,275.409000,1,1.000000
dijkstra-dial-skip,no_roads,rush_bait,1214,282.500000,1,1.000000
dijkstra-dial-skip,no_roads,rush_bait,919,304.126000,1,1.000000
dijkstra-dial-skip,no_roads,rush_bait,105,281.514000,1,1.000000
dijkstra-dial-skip,no_roads,rush_bait,990,272.393000,1,1.000000
dijkstra-dial-skip,no_roads,rush_bait,664,270.817000,1,1.000000
dijkstra-dial-skip,no_roads,rush_bait,34,268.094000,1,1.000000
dijkstra-dial-skip,no_roads,rush_bait,32,265.790000,1,1.000000
dijkstra-dial-skip,no_roads,rush_bait,118,262.764000,1,1.000000
dijkstra-dial-skip,no_roads,rush_bait,323,251.398000,1,1.000000
dijkstra-dial-skip,no_roads,rush_bait,347,257.533000,1,1.000000
dijkstra-dial-skip,no_roads,rush_bait,850,266.529000,1,1.000000
dijkstra-dial-skip,no_roads,rush_bait,1009,260.101000,1,1.000000
dijkstra-dial-skip,no_roads,rush_bait,29,259.072000,1,1.000000
dijkstra-dial-skip,no_roads,rush_bait,944,270.874000,1,1.000000
dijkstra-dial-skip,no_roads,rush_bait,296,263.298000,1,1.000000
dijkstra-dial-skip,no_roads,rush_bait,1187,253.024000,1,1.000000
dijkstra-dial-skip,no_roads,rush_bait,1093,265.308000,1,1.000000
dijkstra-dial-skip,no_roads,rush_bait,1169,268.340000,1,1.000000
dijkstra-dial-skip,no_roads,rush_bait,919,268.573000,1,1.000000
dijkstra-dial-skip,no_roads,rush_bait,659,273.325000,1,1.000000
dijkstra-dial-skip,no_roads,rush_bait,331,267.315000,1,1.000000
dijkstra-dial-skip,no_roads,rush_bait,705,279.779000,1,1.000000
dijkstra-dial-skip,no_roads,rush_bait,989,283.878000,1,1.000000
dijkstra-dial-skip,no_roads,rush_bait,453,270.502000,1,1.000000
dijkstra-dial-skip,no_roads,rush_bait,6,260.029000,1,1.000000
dijkstra-dial-skip,no_roads,rush_bait,233,262.428000,1,1.000000
dijkstra-dial-skip,no_roads,rush_bait,1165,260.618000,1,1.000000
dijkstra-dial-skip,no_roads,rush_bait,664,250.337000,1,1.000000
dijkstra-dial-skip,no_roads,rush_bait,574,245.739000,1,1.000000
dijkstra-dial-skip,no_roads,rush_bait,453,260.139000,1,1.000000
dijkstra-dial-skip,no_roads,rush_bait,227,272.761000,1,1.000000
dijkstra-dial-skip,no_roads,rush_bait,320,265.292000,1,1.000000
dijkstra-dial-skip,no_roads,rush_bait,570,255.101000,1,1.000000
dijkstra-dial-skip,no_roads,rush_bait,133,264.509000,1,1.000000
dijkstra-dial-skip,no_roads,rush_bait,117,306.121000,1,1.000000
dijkstra-dial-skip,no_roads,rush_bait,617,268.431000,1,1.000000
dijkstra-dial-skip,no_roads,rush_bait,127,279.788000,1,1.000000
dijkstra-dial-skip,no_roads,rush_bait,594,256.670000,1,1.000000
dijkstra-dial-skip,no_roads,rush_bait,578,252.640000,1,1.000000
dijkstra-dial-skip,no_roads,rush_bait,1014,263.176000,1,1.000000
dijkstra-dial-skip,no_roads,rush_bait,417,268.908000,1,1.000000
dijkstra-dial-skip,no_roads,rush_bait,46,278.294000,1,1.000000
dijkstra-dial-skip,no_roads,rush_bait,1201,274.338000,1,1.000000
dijkstra-dial-skip,no_roads,rush_bait,736,265.739000,1,1.000000
dijkstra-dial-skip,no_roads,rush_bait,905,273.637000,1,1.000000
dijkstra-dial-skip,no_roads,rush_bait,173,265.076000,1,1.000000
dijkstra-dial-skip,no_roads,rush_bait,615,265.299000,1,1.000000
dijkstra-dial-skip,no_roads,rush_bait,93,270.167000,1,1.000000
dijkstra-dial-skip,no_roads,rush_bait,928,261.314000,1,1.000000
dijkstra-dial-skip,no_roads,rush_bait,490,258.448000,1,1.000000
dijkstra-dial-skip,no_roads,rush_bait,1053,263.060000,1,1.000000
dijkstra-dial-skip,no_roads,rush_bait,1035,271.446000,1,1.000000
dijkstra-dial-skip,no_roads,rush_bait,598,257.199000,1,1.000000
dijkstra-dial-skip,no_roads,rush_bait,972,255.271000,1,1.000000
dijkstra-dial-skip,no_roads,rush_bait,284,243.763000,1,1.000000
dijkstra-dial-skip,no_roads,rush_bait,1175,258.932000,1,1.000000
dijkstra-dial-skip,no_roads,rush_bait,80,258.360000,1,1.000000
dijkstra-dial-skip,no_roads,rush_bait,48,267.371000,1,1.000000
dijkstra-dial-skip,no_roads,rush_bait,1117,253.514000,1,1.000000
dijkstra-dial-skip,no_roads,rush_bait,340,265.932000,1,1.000000
dijkstra-dial-skip,no_roads,rush_bait,486,252.775000,1,1.000000
dijkstra-dial-skip,no_roads,rush_bait,94,263.608000,1,1.000000
dijkstra-dial-skip,no_roads,rush_bait,347,255.767000,1,1.000000
dijkstra-dial-skip,no_roads,rush_bait,131,267.775000,1,1.000000
dijkstra-dial-skip,no_roads,rush_bait,617,258.015000,1,1.000000
dijkstra-dial-skip,no_roads,rush_bait,453,282.573000,1,1.000000
dijkstra-dial-skip,no_roads,rush_bait,727,261.440000,1,1.000000
dijkstra-dial-skip,no_roads,rush_bait,1062,305.477000,1,1.000000
dijkstra-dial-skip,no_roads,rush_bait,601,259.550000,1,1.000000
dijkstra-dial-skip,no_roads,rush_bait,236,270.070000,1,1.000000
dijkstra-dial-skip,no_roads,rush_bait,607,284.988000,1,1.000000
dijkstra-dial-skip,no_roads,rush_bait,589,276.957000,1,1.000000
dijkstra-dial-skip,no_roads,rush_bait,312,282.885000,1,1.000000
dijkstra-dial-skip,no_roads,rush_bait,1129,267.523000,1,1.000000
dijkstra-dial-skip,no_roads,rush_bait,420,257.820000,1,1.000000
dijkstra-dial-skip,no_roads,rush_bait,1169,278.012000,1,1.000000
dijkstra-dial-skip,no_roads,rush_bait,1146,273.952000,1,1.000000
dijkstra-dial-skip,no_roads,rush_bait,1088,266.831000,1,1.000000
dijkstra-dial-skip,no_roads,rush_bait,82,310.184000,1,1.000000
dijkstra-dial-skip,no_roads,rush_bait,1019,262.716000,1,1.000000
dijkstra-dial-skip,no_roads,rush_bait,1062,265.123000,1,1.000000
dijkstra-dial-skip,no_roads,rush_bait,250,260.986000,1,1.000000
dijkstra-dial-skip,no_roads,rush_bait,902,257.562000,1,1.000000
dijkstra-dial-skip,no_roads,rush_bait,1200,269.640000,1,1.000000
dijkstra-dial-skip,no_roads,rush_bait,373,284.945000,1,1.000000
dijkstra-dial-skip,no_roads,rush_bait,237,265.982000,1,1.000000
dijkstra-dial-skip,no_roads,rush_bait,739,281.495000,1,1.000000
dijkstra-dial-skip,no_roads,rush_bait,616,255.763000,1,1.000000
dijkstra-dial-skip,no_roads,rush_bait,423,260.586000,1,1.000000
dijkstra-dial-skip,with_roads,rush_bait,1071,291.501000,1,1.000000
dijkstra-dial-skip,with_roads,rush_bait,153,265.222000,1,1.000000
dijkstra-dial-skip,with_roads,rush_bait,27,273.416000,1,1.000000
dijkstra-dial-skip,with_roads,rush_bait,1215,274.632000,1,1.000000
dijkstra-dial-skip,with_roads,rush_bait,450,289.240000,1,1.000000
dijkstra-dial-skip,with_roads,rush_bait,373,261.476000,1,1.000000
dijkstra-dial-skip,with_roads,rush_bait,334,278.440000,1,1.000000
dijkstra-dial-skip,with_roads,rush_bait,200,261.246000,1,1.000000
dijkstra-dial-skip,with_roads,rush_bait,1210,270.250000,1,1.000000
dijkstra-dial-skip,with_roads,rush_bait,133,264.825000,1,1.000000
dijkstra-dial-skip,with_roads,rush_bait,1139,262.646000,1,1.000000
dijkstra-dial-skip,with_roads,rush_bait,1214,271.812000,1,1.000000
dijkstra-dial-skip,with_roads,rush_bait,919,259.118000,1,1.000000
dijkstra-dial-skip,with_roads,rush_bait,105,267.343000,1,1.000000
dijkstra-dial-skip,with_roads,rush_bait,990,264.178000,1,1.000000
dijkstra-dial-skip,with_roads,rush_bait,664,274.938000,1,1.000000
dijkstra-dial-skip,with_roads,rush_bait,34,297.872000,1,1.000000
dijkstra-dial-skip,with_roads,rush_bait,32,271.241000,1,1.000000
dijkstra-dial-skip,with_roads,rush_bait,118,263.442000,1,1.000000
dijkstra-dial-skip,with_roads,rush_bait,323,294.100000,1,1.000000
dijkstra-dial-skip,with_roads,rush_bait,347,302.178000,1,1.000000
dijkstra-dial-skip,with_roads,rush_bait,850,280.016000,1,1.000000
dijkstra-dial-skip,with_roads,rush_bait,1009,345.425000,1,1.000000
dijkstra-dial-skip,with_roads,rush_bait,29,281.402000,1,1.000000
dijkstra-dial-skip,with_roads,rush_bait,944,279.284000,1,1.000000
dijkstra-dial-skip,with_roads,rush_bait,296,274.709000,1,1.000000
dijkstra-dial-skip,with_roads,rush_bait,1187,280.233000,1,1.000000
dijkstra-dial-skip,with_roads,rush_bait,1093,277.624000,1,1.000000
dijkstra-dial-skip,with_roads,rush_bait,1169,295.259000,1,1.000000
dijkstra-dial-skip,with_roads,rush_bait,919,276.424000,1,1.000000
dijkstra-dial-skip,with_roads,rush_bait,659,297.509000,1,1.000000
dijkstra-dial-skip,with_roads,rush_bait,331,283.002000,1,1.000000
dijkstra-dial-skip,with_roads,rush_bait,705,268.419000,1,1.000000
dijkstra-dial-skip,with_roads,rush_bait,989,263.536000,1,1.000000
dijkstra-dial-skip,with_roads,rush_bait,453,274.083000,1,1.000000
dijkstra-dial-skip,with_roads,rush_bait,6,269.225000,1,1.000000
dijkstra-dial-skip,with_roads,rush_bait,233,261.092000,1,1.000000
dijkstra-dial-skip,with_roads,rush_bait,1165,263.497000,1,1.000000
dijkstra-dial-skip,with_roads,rush_bait,664,299.274000,1,1.000000
dijkstra-dial-skip,with_roads,rush_bait,574,265.088000,1,1.000000
dijkstra-dial-skip,with_roads,rush_bait,453,297.175000,1,1.000000
dijkstra-dial-skip,with_roads,rush_bait,227,275.536000,1,1.000000
dijkstra-dial-skip,with_roads,rush_bait,320,260.836000,1,1.000000
dijkstra-dial-skip,with_roads,rush_bait,570,259.060000,1,1.000000
dijkstra-dial-skip,with_roads,rush_bait,133,259.488000,1,1.000000
dijkstra-dial-skip,with_roads,rush_bait,117,270.174000,1,1.000000
dijkstra-dial-skip,with_roads,rush_bait,617,270.796000,1,1.000000
dijkstra-dial-skip,with_roads,rush_bait,127,266.198000,1,1.000000
dijkstra-dial-skip,with_roads,rush_bait,594,293.701000,1,1.000000
dijkstra-dial-skip,with_roads,rush_bait,578,272.967000,1,1.000000
dijkstra-dial-skip,with_roads,rush_bait,1014,294.853000,1,1.000000
dijkstra-dial-skip,with_roads,rush_bait,417,273.174000,1,1.000000
dijkstra-dial-skip,with_roads,rush_bait,46,268.953000,1,1.000000
dijkstra-dial-skip,with_roads,rush_bait,1201,266.274000,1,1.000000
dijkstra-dial-skip,with_roads,rush_bait,736,268.009000,1,1.000000
dijkstra-dial-skip,with_roads,rush_bait,905,278.750000,1,1.000000
dijkstra-dial-skip,with_roads,rush_bait,173,284.739000,1,1.000000
dijkstra-dial-skip,with_roads,rush_bait,615,274.725000,1,1.000000
dijkstra-dial-skip,with_roads,rush_bait,93,288.943000,1,1.000000
dijkstra-dial-skip,with_roads,rush_bait,928,276.686000,1,1.000000
dijkstra-dial-skip,with_roads,rush_bait,490,285.928000,1,1.000000
dijkstra-dial-skip,with_roads,rush_bait,1053,269.156000,1,1.000000
dijkstra-dial-skip,with_roads,rush_bait,1035,297.772000,1,1.000000
dijkstra-dial-skip,with_roads,rush_bait,598,300.638000,1,1.000000
dijkstra-dial-skip,with_roads,rush_bait,972,278.223000,1,1.000000
dijkstra-dial-skip,with_roads,rush_bait,284,290.029000,1,1.000000
dijkstra-dial-skip,with_roads,rush_bait,1175,278.550000,1,1.000000
dijkstra-dial-skip,with_roads,rush_bait,80,276.138000,1,1.000000
dijkstra-dial-skip,with_roads,rush_bait,48,297.114000,1,1.000000
dijkstra-dial-skip,with_roads,rush_bait,1117,276.248000,1,1.000000
dijkstra-dial-skip,with_roads,rush_bait,340,264.803000,1,1.000000
dijkstra-dial-skip,with_roads,rush_bait,486,270.269000,1,1.000000
dijkstra-dial-skip,with_roads,rush_bait,94,259.924000,1,1.000000
dijkstra-dial-skip,with_roads,rush_bait,347,271.844000,1,1.000000
dijkstra-dial-skip,with_roads,rush_bait,131,293.748000,1,1.000000
dijkstra-dial-skip,with_roads,rush_bait,617,293.565000,1,1.000000
dijkstra-dial-skip,with_roads,rush_bait,453,272.653000,1,1.000000
dijkstra-dial-skip,with_roads,rush_bait,727,268.932000,1,1.000000
dijkstra-dial-skip,with_roads,rush_bait,1062,266.941000,1,1.000000
dijkstra-dial-skip,with_roads,rush_bait,601,264.595000,1,1.000000
dijkstra-dial-skip,with_roads,rush_bait,236,260.555000,1,1.000000
dijkstra-dial-skip,with_roads,rush_bait,607,255.392000,1,1.000000
dijkstra-dial-skip,with_roads,rush_bait,589,266.118000,1,1.000000
dijkstra-dial-skip,with_roads,rush_bait,312,257.478000,1,1.000000
dijkstra-dial-skip,with_roads,rush_bait,1129,256.992000,1,1.000000
dijkstra-dial-skip,with_roads,rush_bait,420,259.381000,1,1.000000
dijkstra-dial-skip,with_roads,rush_bait,1169,334.475000,1,1.000000
dijkstra-dial-skip,with_roads,rush_bait,1146,273.177000,1,1.000000
dijkstra-dial-skip,with_roads,rush_bait,1088,250.266000,1,1.000000
dijkstra-dial-skip,with_roads,rush_bait,82,255.607000,1,1.000000
dijkstra-dial-skip,with_roads,rush_bait,1019,256.247000,1,1.000000
dijkstra-dial-skip,with_roads,rush_bait,1062,260.140000,1,1.000000
dijkstra-dial-skip,with_roads,rush_bait,250,255.670000,1,1.000000
dijkstra-dial-skip,with_roads,rush_bait,902,274.086000,1,1.000000
dijkstra-dial-skip,with_roads,rush_bait,1200,252.625000,1,1.000000
dijkstra-dial-skip,with_roads,rush_bait,373,255.171000,1,1.000000
dijkstra-dial-skip,with_roads,rush_bait,237,260.443000,1,1.000000
dijkstra-dial-skip,with_roads,rush_bait,739,261.685000,1,1.000000
dijkstra-dial-skip,with_roads,rush_bait,616,265.726000,1,1.000000
dijkstra-dial-skip,with_roads,rush_bait,423,261.688000,1,1.000000
dijkstra-dial-skip,no_roads,separated,1600,391.494000,1,1.000000
dijkstra-dial-skip,no_roads,separated,274,374.839000,1,1.000000
dijkstra-dial-skip,no_roads,separated,51,356.320000,1,1.000000
dijkstra-dial-skip,no_roads,separated,1863,388.415000,1,1.000000
dijkstra-dial-skip,no_roads,separated,692,387.572000,1,1.000000
dijkstra-dial-skip,no_roads,separated,610,374.535000,1,1.000000
dijkstra-dial-skip,no_roads,separated,558,363.665000,1,1.000000
dijkstra-dial-skip,no_roads,separated,348,381.870000,1,1.000000
dijkstra-dial-skip,no_roads,separated,1850,412.744000,1,1.000000
dijkstra-dial-skip,no_roads,separated,251,371.856000,1,1.000000
dijkstra-dial-skip,no_roads,separated,1691,408.060000,1,1.000000
dijkstra-dial-skip,no_roads,separated,1861,390.185000,1,1.000000
dijkstra-dial-skip,no_roads,separated,2244,365.025000,1,1.000000
dijkstra-dial-skip,no_roads,separated,1371,367.975000,1,1.000000
dijkstra-dial-skip,no_roads,separated,207,363.956000,1,1.000000
dijkstra-dial-skip,no_roads,separated,1482,409.162000,1,1.000000
dijkstra-dial-skip,no_roads,separated,1054,402.445000,1,1.000000
dijkstra-dial-skip,no_roads,separated,65,376.148000,1,1.000000
dijkstra-dial-skip,no_roads,separated,61,369.010000,1,1.000000
dijkstra-dial-skip,no_roads,separated,223,383.043000,1,1.000000
dijkstra-dial-skip,no_roads,separated,548,381.982000,1,1.000000
dijkstra-dial-skip,no_roads,separated,579,369.473000,1,1.000000
dijkstra-dial-skip,no_roads,separated,1268,380.927000,1,1.000000
dijkstra-dial-skip,no_roads,separated,1508,362.935000,1,1.000000
dijkstra-dial-skip,no_roads,separated,54,351.027000,1,1.000000
dijkstra-dial-skip,no_roads,separated,1416,364.788000,1,1.000000
dijkstra-dial-skip,no_roads,separated,501,356.919000,1,1.000000
dijkstra-dial-skip,no_roads,separated,1794,392.767000,1,1.000000
dijkstra-dial-skip,no_roads,separated,1624,371.755000,1,1.000000
dijkstra-dial-skip,no_roads,separated,1755,388.911000,1,1.000000
dijkstra-dial-skip,no_roads,separated,1371,356.263000,1,1.000000
dijkstra-dial-skip,no_roads,separated,1049,386.707000,1,1.000000
dijkstra-dial-skip,no_roads,separated,552,363.694000,1,1.000000
dijkstra-dial-skip,no_roads,separated,1124,372.435000,1,1.000000
dijkstra-dial-skip,no_roads,separated,1479,380.677000,1,1.000000
dijkstra-dial-skip,no_roads,separated,699,371.202000,1,1.000000
dijkstra-dial-skip,no_roads,separated,2029,392.805000,1,1.000000
dijkstra-dial-skip,no_roads,separated,2185,413.536000,1,1.000000
dijkstra-dial-skip,no_roads,separated,13,367.256000,1,1.000000
dijkstra-dial-skip,no_roads,separated,1907,369.592000,1,1.000000
dijkstra-dial-skip,no_roads,separated,2022,386.126000,1,1.000000
dijkstra-dial-skip,no_roads,separated,400,349.170000,1,1.000000
dijkstra-dial-skip,no_roads,separated,1745,397.278000,1,1.000000
dijkstra-dial-skip,no_roads,separated,1055,393.733000,1,1.000000
dijkstra-dial-skip,no_roads,separated,861,386.077000,1,1.000000
dijkstra-dial-skip,no_roads,separated,699,407.768000,1,1.000000
dijkstra-dial-skip,no_roads,separated,391,459.004000,1,1.000000
dijkstra-dial-skip,no_roads,separated,539,379.069000,1,1.000000
dijkstra-dial-skip,no_roads,separated,2420,400.627000,1,1.000000
dijkstra-dial-skip,no_roads,separated,1920,371.133000,1,1.000000
dijkstra-dial-skip,no_roads,separated,849,399.352000,1,1.000000
dijkstra-dial-skip,no_roads,separated,251,352.771000,1,1.000000
dijkstra-dial-skip,no_roads,separated,221,406.240000,1,1.000000
dijkstra-dial-skip,no_roads,separated,958,450.050000,1,1.000000
dijkstra-dial-skip,no_roads,separated,235,397.698000,1,1.000000
dijkstra-dial-skip,no_roads,separated,907,421.562000,1,1.000000
dijkstra-dial-skip,no_roads,separated,2129,393.563000,1,1.000000
dijkstra-dial-skip,no_roads,separated,870,407.922000,1,1.000000
dijkstra-dial-skip,no_roads,separated,1515,408.592000,1,1.000000
dijkstra-dial-skip,no_roads,separated,664,375.886000,1,1.000000
dijkstra-dial-skip,no_roads,separated,2024,374.766000,1,1.000000
dijkstra-dial-skip,no_roads,separated,89,372.098000,1,1.000000
dijkstra-dial-skip,no_roads,separated,1831,362.855000,1,1.000000
dijkstra-dial-skip,no_roads,separated,1149,387.213000,1,1.000000
dijkstra-dial-skip,no_roads,separated,1349,381.893000,1,1.000000
dijkstra-dial-skip,no_roads,separated,310,407.828000,1,1.000000
dijkstra-dial-skip,no_roads,separated,2452,382.091000,1,1.000000
dijkstra-dial-skip,no_roads,separated,2330,383.766000,1,1.000000
dijkstra-dial-skip,no_roads,separated,955,404.211000,1,1.000000
dijkstra-dial-skip,no_roads,separated,185,386.637000,1,1.000000
dijkstra-dial-skip,no_roads,separated,1395,393.701000,1,1.000000
dijkstra-dial-skip,no_roads,separated,741,386.387000,1,1.000000
dijkstra-dial-skip,no_roads,separated,2078,385.418000,1,1.000000
dijkstra-dial-skip,no_roads,separated,1572,392.762000,1,1.000000
dijkstra-dial-skip,no_roads,separated,1548,409.483000,1,1.000000
dijkstra-dial-skip,no_roads,separated,2227,373.391000,1,1.000000
dijkstra-dial-skip,no_roads,separated,2167,371.562000,1,1.000000
dijkstra-dial-skip,no_roads,separated,913,370.765000,1,1.000000
dijkstra-dial-skip,no_roads,separated,1452,419.508000,1,1.000000
dijkstra-dial-skip,no_roads,separated,481,391.351000,1,1.000000
dijkstra-dial-skip,no_roads,separated,1765,403.846000,1,1.000000
dijkstra-dial-skip,no_roads,separated,160,395.905000,1,1.000000
dijkstra-dial-skip,no_roads,separated,94,371.291000,1,1.000000
dijkstra-dial-skip,no_roads,separated,1655,351.242000,1,1.000000
dijkstra-dial-skip,no_roads,separated,567,350.603000,1,1.000000
dijkstra-dial-skip,no_roads,separated,1942,362.591000,1,1.000000
dijkstra-dial-skip,no_roads,separated,729,379.010000,1,1.000000
dijkstra-dial-skip,no_roads,separated,2477,372.461000,1,1.000000
dijkstra-dial-skip,no_roads,separated,191,387.975000,1,1.000000
dijkstra-dial-skip,no_roads,separated,2148,378.254000,1,1.000000
dijkstra-dial-skip,no_roads,separated,579,375.542000,1,1.000000
dijkstra-dial-skip,no_roads,separated,2179,400.968000,1,1.000000
dijkstra-dial-skip,no_roads,separated,248,375.968000,1,1.000000
dijkstra-dial-skip,no_roads,separated,958,414.713000,1,1.000000
dijkstra-dial-skip,no_roads,separated,699,389.185000,1,1.000000
dijkstra-dial-skip,no_roads,separated,1134,373.915000,1,1.000000
dijkstra-dial-skip,no_roads,separated,1588,376.613000,1,1.000000
dijkstra-dial-skip,no_roads,separated,2094,353.648000,1,1.000000
dijkstra-dial-skip,no_roads,separated,922,357.443000,1,1.000000
dijkstra-dial-skip,no_roads,separated,407,361.870000,1,1.000000
dijkstra-dial-skip,with_roads,separated,1600,411.782000,1,1.000000
dijkstra-dial-skip,with_roads,separated,274,378.838000,1,1.000000
dijkstra-dial-skip,with_roads,separated,51,382.000000,1,1.000000
dijkstra-dial-skip,with_roads,separated,1863,432.370000,1,1.000000
dijkstra-dial-skip,with_roads,separated,692,401.328000,1,1.000000
dijkstra-dial-skip,with_roads,separated,610,387.585000,1,1.000000
dijkstra-dial-skip,with_roads,separated,558,395.162000,1,1.000000
dijkstra-dial-skip,with_roads,separated,348,364.386000,1,1.000000
dijkstra-dial-skip,with_roads,separated,1850,397.684000,1,1.000000
dijkstra-dial-skip,with_roads,separated,251,382.372000,1,1.000000
dijkstra-dial-skip,with_roads,separated,1691,405.560000,1,1.000000
dijkstra-dial-skip,with_roads,separated,1861,376.566000,1,1.000000
dijkstra-dial-skip,with_roads,separated,2244,376.278000,1,1.000000
dijkstra-dial-skip,with_roads,separated,1371,379.255000,1,1.000000
dijkstra-dial-skip,with_roads,separated,207,375.044000,1,1.000000
dijkstra-dial-skip,with_roads,separated,1482,380.489000,1,1.000000
dijkstra-dial-skip,with_roads,separated,1054,406.835000,1,1.000000
dijkstra-dial-skip,with_roads,separated,65,383.302000,1,1.000000
dijkstra-dial-skip,with_roads,separated,61,391.688000,1,1.000000
dijkstra-dial-skip,with_roads,separated,223,388.449000,1,1.000000
dijkstra-dial-skip,with_roads,separated,548,383.158000,1,1.000000
dijkstra-dial-skip,with_roads,separated,579,374.388000,1,1.000000
dijkstra-dial-skip,with_roads,separated,1268,376.601000,1,1.000000
dijkstra-dial-skip,with_roads,separated,1508,369.864000,1,1.000000
dijkstra-dial-skip,with_roads,separated,54,368.664000,1,1.000000
dijkstra-dial-skip,with_roads,separated,1416,374.199000,1,1.000000
dijkstra-dial-skip,with_roads,separated,501,383.503000,1,1.000000
dijkstra-dial-skip,with_roads,separated,1794,400.920000,1,1.000000
dijkstra-dial-skip,with_roads,separated,1624,376.378000,1,1.000000
dijkstra-dial-skip,with_roads,separated,1755,379.323000,1,1.000000
dijkstra-dial-skip,with_roads,separated,1371,372.119000,1,1.000000
dijkstra-dial-skip,with_roads,separated,1049,381.945000,1,1.000000
dijkstra-dial-skip,with_roads,separated,552,367.236000,1,1.000000
dijkstra-dial-skip,with_roads,separated,1124,362.363000,1,1.000000
dijkstra-dial-skip,with_roads,separated,1479,378.786000,1,1.000000
dijkstra-dial-skip,with_roads,separated,699,381.531000,1,1.000000
dijkstra-dial-skip,with_roads,separated,2029,376.485000,1,1.000000
dijkstra-dial-skip,with_roads,separated,2185,445.408000,1,1.000000
dijkstra-dial-skip,with_roads,separated,13,363.312000,1,1.000000
dijkstra-dial-skip,with_roads,separated,1907,357.684000,1,1.000000
dijkstra-dial-skip,with_roads,separated,2022,369.230000,1,1.000000
dijkstra-dial-skip,with_roads,separated,400,381.151000,1,1.000000
dijkstra-dial-skip,with_roads,separated,1745,372.325000,1,1.000000
dijkstra-dial-skip,with_roads,separated,1055,402.753000,1,1.000000
dijkstra-dial-skip,with_roads,separated,861,373.812000,1,1.000000
dijkstra-dial-skip,with_roads,separated,699,371.385000,1,1.000000
dijkstra-dial-skip,with_roads,separated,391,391.060000,1,1.000000
dijkstra-dial-skip,with_roads,separated,539,404.528000,1,1.000000
dijkstra-dial-skip,with_roads,separated,2420,403.500000,1,1.000000
dijkstra-dial-skip,with_roads,separated,1920,525.226000,1,1.000000
dijkstra-dial-skip,with_roads,separated,849,364.077000,1,1.000000
dijkstra-dial-skip,with_roads,separated,251,360.625000,1,1.000000
dijkstra-dial-skip,with_roads,separated,221,356.599000,1,1.000000
dijkstra-dial-skip,with_roads,separated,958,396.537000,1,1.000000
dijkstra-dial-skip,with_roads,separated,235,366.432000,1,1.000000
dijkstra-dial-skip,with_roads,separated,907,419.029000,1,1.000000
dijkstra-dial-skip,with_roads,separated,2129,378.452000,1,1.000000
dijkstra-dial-skip,with_roads,separated,870,370.076000,1,1.000000
dijkstra-dial-skip,with_roads,separated,1515,402.431000,1,1.000000
dijkstra-dial-skip,with_roads,separated,664,357.794000,1,1.000000
dijkstra-dial-skip,with_roads,separated,2024,366.646000,1,1.000000
dijkstra-dial-skip,with_roads,separated,89,388.656000,1,1.000000
dijkstra-dial-skip,with_roads,separated,1831,369.483000,1,1.000000
dijkstra-dial-skip,with_roads,separated,1149,376.925000,1,1.000000
dijkstra-dial-skip,with_roads,separated,1349,370.042000,1,1.000000
dijkstra-dial-skip,with_roads,separated,310,389.533000,1,1.000000
dijkstra-dial-skip,with_roads,separated,2452,366.290000,1,1.000000
dijkstra-dial-skip,with_roads,separated,2330,370.417000,1,1.000000
dijkstra-dial-skip,with_roads,separated,955,394.367000,1,1.000000
dijkstra-dial-skip,with_roads,separated,185,373.007000,1,1.000000
dijkstra-dial-skip,with_roads,separated,1395,374.018000,1,1.000000
dijkstra-dial-skip,with_roads,separated,741,378.502000,1,1.000000
dijkstra-dial-skip,with_roads,separated,2078,372.321000,1,1.000000
dijkstra-dial-skip,with_roads,separated,1572,375.901000,1,1.000000
dijkstra-dial-skip,with_roads,separated,1548,383.540000,1,1.000000
dijkstra-dial-skip,with_roads,separated,2227,354.746000,1,1.000000
dijkstra-dial-skip,with_roads,separated,2167,372.065000,1,1.000000
dijkstra-dial-skip,with_roads,separated,913,358.697000,1,1.000000
dijkstra-dial-skip,with_roads,separated,1452,386.334000,1,1.000000
dijkstra-dial-skip,with_roads,separated,481,356.999000,1,1.000000
dijkstra-dial-skip,with_roads,separated,1765,372.956000,1,1.000000
dijkstra-dial-skip,with_roads,separated,160,414.724000,1,1.000000
dijkstra-dial-skip,with_roads,separated,94,375.147000,1,1.000000
dijkstra-dial-skip,with_roads,separated,1655,364.052000,1,1.000000
dijkstra-dial-skip,with_roads,separated,567,357.676000,1,1.000000
dijkstra-dial-skip,with_roads,separated,1942,377.193000,1,1.000000
dijkstra-dial-skip,with_roads,separated,729,371.968000,1,1.000000
dijkstra-dial-skip,with_roads,separated,2477,358.492000,1,1.000000
dijkstra-dial-skip,with_roads,separated,191,382.913000,1,1.000000
dijkstra-dial-skip,with_roads,separated,2148,357.127000,1,1.000000
dijkstra-dial-skip,with_roads,separated,579,355.115000,1,1.000000
dijkstra-dial-skip,with_roads,separated,2179,395.715000,1,1.000000
dijkstra-dial-skip,with_roads,separated,248,359.307000,1,1.000000
dijkstra-dial-skip,with_roads,separated,958,392.730000,1,1.000000
dijkstra-dial-skip,with_roads,separated,699,367.363000,1,1.000000
dijkstra-dial-skip,with_roads,separated,1134,364.503000,1,1.000000
dijkstra-dial-skip,with_roads,separated,1588,365.912000,1,1.000000
dijkstra-dial-skip,with_roads,separated,2094,370.830000,1,1.000000
dijkstra-dial-skip,with_roads,separated,922,401.264000,1,1.000000
dijkstra-dial-skip,with_roads,separated,407,368.892000,1,1.000000
dijkstra-dial-skip,no_roads,settlement,1543,566.026000,1,1.000000
dijkstra-dial-skip,no_roads,settlement,260,554.525000,1,1.000000
dijkstra-dial-skip,no_roads,settlement,57,535.526000,1,1.000000
dijkstra-dial-skip,no_roads,settlement,1798,546.021000,1,1.000000
dijkstra-dial-skip,no_roads,settlement,664,514.662000,1,1.000000
dijkstra-dial-skip,no_roads,settlement,592,558.261000,1,1.000000
dijkstra-dial-skip,no_roads,settlement,536,535.480000,1,1.000000
dijkstra-dial-skip,no_roads,settlement,340,553.307000,1,1.000000
dijkstra-dial-skip,no_roads,settlement,1786,548.991000,1,1.000000
dijkstra-dial-skip,no_roads,settlement,237,559.719000,1,1.000000
dijkstra-dial-skip,no_roads,settlement,1624,551.089000,1,1.000000
dijkstra-dial-skip,no_roads,settlement,1796,604.841000,1,1.000000
dijkstra-dial-skip,no_roads,settlement,1323,533.262000,1,1.000000
dijkstra-dial-skip,no_roads,settlement,200,554.353000,1,1.000000
dijkstra-dial-skip,no_roads,settlement,1429,552.608000,1,1.000000
dijkstra-dial-skip,no_roads,settlement,1033,665.760000,1,1.000000
dijkstra-dial-skip,no_roads,settlement,73,567.218000,1,1.000000
dijkstra-dial-skip,no_roads,settlement,69,579.092000,1,1.000000
dijkstra-dial-skip,no_roads,settlement,215,572.025000,1,1.000000
dijkstra-dial-skip,no_roads,settlement,524,571.000000,1,1.000000
dijkstra-dial-skip,no_roads,settlement,563,589.213000,1,1.000000
dijkstra-dial-skip,no_roads,settlement,1236,564.694000,1,1.000000
dijkstra-dial-skip,no_roads,settlement,1454,538.274000,1,1.000000
dijkstra-dial-skip,no_roads,settlement,60,586.230000,1,1.000000
dijkstra-dial-skip,no_roads,settlement,1361,604.526000,1,1.000000
dijkstra-dial-skip,no_roads,settlement,472,553.780000,1,1.000000
dijkstra-dial-skip,no_roads,settlement,1736,540.045000,1,1.000000
dijkstra-dial-skip,no_roads,settlement,1565,536.379000,1,1.000000
dijkstra-dial-skip,no_roads,settlement,1694,545.956000,1,1.000000
dijkstra-dial-skip,no_roads,settlement,1323,568.136000,1,1.000000
dijkstra-dial-skip,no_roads,settlement,1028,539.608000,1,1.000000
dijkstra-dial-skip,no_roads,settlement,530,545.385000,1,1.000000
dijkstra-dial-skip,no_roads,settlement,1099,571.028000,1,1.000000
dijkstra-dial-skip,no_roads,settlement,1425,564.530000,1,1.000000
dijkstra-dial-skip,no_roads,settlement,670,541.074000,1,1.000000
dijkstra-dial-skip,no_roads,settlement,15,568.701000,1,1.000000
dijkstra-dial-skip,no_roads,settlement,1836,530.719000,1,1.000000
dijkstra-dial-skip,no_roads,settlement,383,648.896000,1,1.000000
dijkstra-dial-skip,no_roads,settlement,1683,527.931000,1,1.000000
dijkstra-dial-skip,no_roads,settlement,1034,546.830000,1,1.000000
dijkstra-dial-skip,no_roads,settlement,821,533.338000,1,1.000000
dijkstra-dial-skip,no_roads,settlement,670,521.007000,1,1.000000
dijkstra-dial-skip,no_roads,settlement,375,517.781000,1,1.000000
dijkstra-dial-skip,no_roads,settlement,515,560.256000,1,1.000000
dijkstra-dial-skip,no_roads,settlement,1845,577.601000,1,1.000000
dijkstra-dial-skip,no_roads,settlement,814,517.849000,1,1.000000
dijkstra-dial-skip,no_roads,settlement,237,526.951000,1,1.000000
dijkstra-dial-skip,no_roads,settlement,213,550.255000,1,1.000000
dijkstra-dial-skip,no_roads,settlement,911,576.418000,1,1.000000
dijkstra-dial-skip,no_roads,settlement,222,564.788000,1,1.000000
dijkstra-dial-skip,no_roads,settlement,864,534.321000,1,1.000000
dijkstra-dial-skip,no_roads,settlement,831,564.501000,1,1.000000
dijkstra-dial-skip,no_roads,settlement,1458,566.791000,1,1.000000
dijkstra-dial-skip,no_roads,settlement,638,557.910000,1,1.000000
dijkstra-dial-skip,no_roads,settlement,100,547.587000,1,1.000000
dijkstra-dial-skip,no_roads,settlement,1770,544.934000,1,1.000000
dijkstra-dial-skip,no_roads,settlement,1122,532.296000,1,1.000000
dijkstra-dial-skip,no_roads,settlement,1302,539.485000,1,1.000000
dijkstra-dial-skip,no_roads,settlement,299,580.103000,1,1.000000
dijkstra-dial-skip,no_roads,settlement,907,573.984000,1,1.000000
dijkstra-dial-skip,no_roads,settlement,182,526.290000,1,1.000000
dijkstra-dial-skip,no_roads,settlement,1338,517.127000,1,1.000000
dijkstra-dial-skip,no_roads,settlement,702,560.704000,1,1.000000
dijkstra-dial-skip,no_roads,settlement,1518,538.164000,1,1.000000
dijkstra-dial-skip,no_roads,settlement,1496,548.233000,1,1.000000
dijkstra-dial-skip,no_roads,settlement,869,513.956000,1,1.000000
dijkstra-dial-skip,no_roads,settlement,1398,541.024000,1,1.000000
dijkstra-dial-skip,no_roads,settlement,458,533.501000,1,1.000000
dijkstra-dial-skip,no_roads,settlement,1700,542.744000,1,1.000000
dijkstra-dial-skip,no_roads,settlement,163,533.810000,1,1.000000
dijkstra-dial-skip,no_roads,settlement,107,536.191000,1,1.000000
dijkstra-dial-skip,no_roads,settlement,1590,532.842000,1,1.000000
dijkstra-dial-skip,no_roads,settlement,548,538.525000,1,1.000000
dijkstra-dial-skip,no_roads,settlement,1865,540.408000,1,1.000000
dijkstra-dial-skip,no_roads,settlement,694,537.308000,1,1.000000
dijkstra-dial-skip,no_roads,settlement,184,539.080000,1,1.000000
dijkstra-dial-skip,no_roads,settlement,563,540.400000,1,1.000000
dijkstra-dial-skip,no_roads,settlement,234,536.171000,1,1.000000
dijkstra-dial-skip,no_roads,settlement,911,549.677000,1,1.000000
dijkstra-dial-skip,no_roads,settlement,670,535.325000,1,1.000000
dijkstra-dial-skip,no_roads,settlement,1108,527.793000,1,1.000000
dijkstra-dial-skip,no_roads,settlement,1534,540.871000,1,1.000000
dijkstra-dial-skip,no_roads,settlement,878,575.586000,1,1.000000
dijkstra-dial-skip,no_roads,settlement,390,564.606000,1,1.000000
dijkstra-dial-skip,no_roads,settlement,889,528.321000,1,1.000000
dijkstra-dial-skip,no_roads,settlement,855,542.074000,1,1.000000
dijkstra-dial-skip,no_roads,settlement,501,520.371000,1,1.000000
dijkstra-dial-skip,no_roads,settlement,1608,545.448000,1,1.000000
dijkstra-dial-skip,no_roads,settlement,646,529.960000,1,1.000000
dijkstra-dial-skip,no_roads,settlement,1695,517.325000,1,1.000000
dijkstra-dial-skip,no_roads,settlement,1641,528.578000,1,1.000000
dijkstra-dial-skip,no_roads,settlement,1561,523.494000,1,1.000000
dijkstra-dial-skip,no_roads,settlement,167,579.826000,1,1.000000
dijkstra-dial-skip,no_roads,settlement,1470,528.301000,1,1.000000
dijkstra-dial-skip,no_roads,settlement,1533,533.363000,1,1.000000
dijkstra-dial-skip,no_roads,settlement,410,525.812000,1,1.000000
dijkstra-dial-skip,no_roads,settlement,1297,526.193000,1,1.000000
dijkstra-dial-skip,no_roads,settlement,1769,514.275000,1,1.000000
dijkstra-dial-skip,no_roads,settlement,592,556.336000,1,1.000000
dijkstra-dial-skip,no_roads,settlement,391,547.146000,1,1.000000
dijkstra-dial-skip,with_roads,settlement,1543,563.162000,1,1.000000
dijkstra-dial-skip,with_roads,settlement,260,563.376000,1,1.000000
dijkstra-dial-skip,with_roads,settlement,57,597.120000,1,1.000000
dijkstra-dial-skip,with_roads,settlement,1798,582.839000,1,1.000000
dijkstra-dial-skip,with_roads,settlement,664,554.146000,1,1.000000
dijkstra-dial-skip,with_roads,settlement,592,607.046000,1,1.000000
dijkstra-dial-skip,with_roads,settlement,536,582.981000,1,1.000000
dijkstra-dial-skip,with_roads,settlement,340,594.968000,1,1.000000
dijkstra-dial-skip,with_roads,settlement,1786,583.154000,1,1.000000
dijkstra-dial-skip,with_roads,settlement,237,581.956000,1,1.000000
dijkstra-dial-skip,with_roads,settlement,1624,561.723000,1,1.000000
dijkstra-dial-skip,with_roads,settlement,1796,557.160000,1,1.000000
dijkstra-dial-skip,with_roads,settlement,1323,542.785000,1,1.000000
dijkstra-dial-skip,with_roads,settlement,200,571.743000,1,1.000000
dijkstra-dial-skip,with_roads,settlement,1429,551.057000,1,1.000000
dijkstra-dial-skip,with_roads,settlement,1033,570.626000,1,1.000000
dijkstra-dial-skip,with_roads,settlement,73,572.670000,1,1.000000
dijkstra-dial-skip,with_roads,settlement,69,596.198000,1,1.000000
dijkstra-dial-skip,with_roads,settlement,215,573.206000,1,1.000000
dijkstra-dial-skip,with_roads,settlement,524,537.393000,1,1.000000
dijkstra-dial-skip,with_roads,settlement,563,560.981000,1,1.000000
dijkstra-dial-skip,with_roads,settlement,1236,550.609000,1,1.000000
dijkstra-dial-skip,with_roads,settlement,1454,596.219000,1,1.000000
dijkstra-dial-skip,with_roads,settlement,60,611.236000,1,1.000000
dijkstra-dial-skip,with_roads,settlement,1361,565.966000,1,1.000000
dijkstra-dial-skip,with_roads,settlement,472,599.238000,1,1.000000
dijkstra-dial-skip,with_roads,settlement,1736,583.714000,1,1.000000
dijkstra-dial-skip,with_roads,settlement,1565,556.386000,1,1.000000
dijkstra-dial-skip,with_roads,settlement,1694,558.863000,1,1.000000
dijkstra-dial-skip,with_roads,settlement,1323,542.383000,1,1.000000
dijkstra-dial-skip,with_roads,settlement,1028,550.882000,1,1.000000
dijkstra-dial-skip,with_roads,settlement,530,547.216000,1,1.000000
dijkstra-dial-skip,with_roads,settlement,1099,573.500000,1,1.000000
dijkstra-dial-skip,with_roads,settlement,1425,530.425000,1,1.000000
dijkstra-dial-skip,with_roads,settlement,670,528.314000,1,1.000000
dijkstra-dial-skip,with_roads,settlement,15,580.718000,1,1.000000
dijkstra-dial-skip,with_roads,settlement,1836,540.904000,1,1.000000
dijkstra-dial-skip,with_roads,settlement,383,549.371000,1,1.000000
dijkstra-dial-skip,with_roads,settlement,1683,532.325000,1,1.000000
dijkstra-dial-skip,with_roads,settlement,1034,534.497000,1,1.000000
dijkstra-dial-skip,with_roads,settlement,821,536.679000,1,1.000000
dijkstra-dial-skip,with_roads,settlement,670,543.368000,1,1.000000
dijkstra-dial-skip,with_roads,settlement,375,536.787000,1,1.000000
dijkstra-dial-skip,with_roads,settlement,515,550.855000,1,1.000000
dijkstra-dial-skip,with_roads,settlement,1845,558.497000,1,1.000000
dijkstra-dial-skip,with_roads,settlement,814,529.304000,1,1.000000
dijkstra-dial-skip,with_roads,settlement,237,629.543000,1,1.000000
dijkstra-dial-skip,with_roads,settlement,213,583.840000,1,1.000000
dijkstra-dial-skip,with_roads,settlement,911,622.460000,1,1.000000
dijkstra-dial-skip,with_roads,settlement,222,610.594000,1,1.000000
dijkstra-dial-skip,with_roads,settlement,864,594.967000,1,1.000000
dijkstra-dial-skip,with_roads,settlement,831,579.680000,1,1.000000
dijkstra-dial-skip,with_roads,settlement,1458,563.116000,1,1.000000
dijkstra-dial-skip,with_roads,settlement,638,610.658000,1,1.000000
dijkstra-dial-skip,with_roads,settlement,100,603.558000,1,1.000000
dijkstra-dial-skip,with_roads,settlement,1770,560.917000,1,1.000000
dijkstra-dial-skip,with_roads,settlement,1122,568.149000,1,1.000000
dijkstra-dial-skip,with_roads,settlement,1302,578.152000,1,1.000000
dijkstra-dial-skip,with_roads,settlement,299,617.851000,1,1.000000
dijkstra-dial-skip,with_roads,settlement,907,594.663000,1,1.000000
dijkstra-dial-skip,with_roads,settlement,182,587.342000,1,1.000000
dijkstra-dial-skip,with_roads,settlement,1338,555.894000,1,1.000000
dijkstra-dial-skip,with_roads,settlement,702,602.882000,1,1.000000
dijkstra-dial-skip,with_roads,settlement,1518,564.416000,1,1.000000
dijkstra-dial-skip,with_roads,settlement,1496,617.700000,1,1.000000
dijkstra-dial-skip,with_roads,settlement,869,515.616000,1,1.000000
dijkstra-dial-skip,with_roads,settlement,1398,563.724000,1,1.000000
dijkstra-dial-skip,with_roads,settlement,458,546.782000,1,1.000000
dijkstra-dial-skip,with_roads,settlement,1700,598.724000,1,1.000000
dijkstra-dial-skip,with_roads,settlement,163,570.594000,1,1.000000
dijkstra-dial-skip,with_roads,settlement,107,567.828000,1,1.000000
dijkstra-dial-skip,with_roads,settlement,1590,527.134000,1,1.000000
dijkstra-dial-skip,with_roads,settlement,548,595.144000,1,1.000000
dijkstra-dial-skip,with_roads,settlement,1865,530.539000,1,1.000000
dijkstra-dial-skip,with_roads,settlement,694,576.130000,1,1.000000
dijkstra-dial-skip,with_roads,settlement,184,576.861000,1,1.000000
dijkstra-dial-skip,with_roads,settlement,563,547.161000,1,1.000000
dijkstra-dial-skip,with_roads,settlement,234,569.997000,1,1.000000
dijkstra-dial-skip,with_roads,settlement,911,619.826000,1,1.000000
dijkstra-dial-skip,with_roads,settlement,670,539.158000,1,1.000000
dijkstra-dial-skip,with_roads,settlement,1108,538.397000,1,1.000000
dijkstra-dial-skip,with_roads,settlement,1534,553.361000,1,1.000000
dijkstra-dial-skip,with_roads,settlement,878,537.205000,1,1.000000
dijkstra-dial-skip,with_roads,settlement,390,627.971000,1,1.000000
dijkstra-dial-skip,with_roads,settlement,889,537.488000,1,1.000000
dijkstra-dial-skip,with_roads,settlement,855,587.165000,1,1.000000
dijkstra-dial-skip,with_roads,settlement,501,587.281000,1,1.000000
dijkstra-dial-skip,with_roads,settlement,1608,545.448000,1,1.000000
dijkstra-dial-skip,with_roads,settlement,646,577.831000,1,1.000000
dijkstra-dial-skip,with_roads,settlement,1695,601.574000,1,1.000000
dijkstra-dial-skip,with_roads,settlement,1641,604.461000,1,1.000000
dijkstra-dial-skip,with_roads,settlement,1561,544.425000,1,1.000000
dijkstra-dial-skip,with_roads,settlement,167,582.857000,1,1.000000
dijkstra-dial-skip,with_roads,settlement,1470,520.180000,1,1.000000
dijkstra-dial-skip,with_roads,settlement,1533,547.289000,1,1.000000
dijkstra-dial-skip,with_roads,settlement,410,564.533000,1,1.000000
dijkstra-dial-skip,with_roads,settlement,1297,551.127000,1,1.000000
dijkstra-dial-skip,with_roads,settlement,1769,525.579000,1,1.000000
dijkstra-dial-skip,with_roads,settlement,592,596.890000,1,1.000000
dijkstra-dial-skip,with_roads,settlement,391,585.805000,1,1.000000
dijkstra-dial-skip,no_roads,shish_kebab,391,121.770000,1,1.000000
dijkstra-dial-skip,no_roads,shish_kebab,62,104.853000,1,1.000000
dijkstra-dial-skip,no_roads,shish_kebab,12,109.209000,1,1.000000
dijkstra-dial-skip,no_roads,shish_kebab,165,100.141000,1,1.000000
dijkstra-dial-skip,no_roads,shish_kebab,147,108.350000,1,1.000000
dijkstra-dial-skip,no_roads,shish_kebab,135,111.747000,1,1.000000
dijkstra-dial-skip,no_roads,shish_kebab,80,113.256000,1,1.000000
dijkstra-dial-skip,no_roads,shish_kebab,57,105.441000,1,1.000000
dijkstra-dial-skip,no_roads,shish_kebab,338,105.749000,1,1.000000
dijkstra-dial-skip,no_roads,shish_kebab,47,107.399000,1,1.000000
dijkstra-dial-skip,no_roads,shish_kebab,365,121.594000,1,1.000000
dijkstra-dial-skip,no_roads,shish_kebab,259,123.425000,1,1.000000
dijkstra-dial-skip,no_roads,shish_kebab,16,109.065000,1,1.000000
dijkstra-dial-skip,no_roads,shish_kebab,15,111.352000,1,1.000000
dijkstra-dial-skip,no_roads,shish_kebab,50,112.573000,1,1.000000
dijkstra-dial-skip,no_roads,shish_kebab,127,105.838000,1,1.000000
dijkstra-dial-skip,no_roads,shish_kebab,140,114.159000,1,1.000000
dijkstra-dial-skip,no_roads,shish_kebab,313,114.078000,1,1.000000
dijkstra-dial-skip,no_roads,shish_kebab,372,109.992000,1,1.000000
dijkstra-dial-skip,no_roads,shish_kebab,13,107.808000,1,1.000000
dijkstra-dial-skip,no_roads,shish_kebab,348,108.242000,1,1.000000
dijkstra-dial-skip,no_roads,shish_kebab,117,106.479000,1,1.000000
dijkstra-dial-skip,no_roads,shish_kebab,396,106.626000,1,1.000000
dijkstra-dial-skip,no_roads,shish_kebab,338,105.053000,1,1.000000
dijkstra-dial-skip,no_roads,shish_kebab,257,103.796000,1,1.000000
dijkstra-dial-skip,no_roads,shish_kebab,128,108.336000,1,1.000000
dijkstra-dial-skip,no_roads,shish_kebab,277,119.085000,1,1.000000
dijkstra-dial-skip,no_roads,shish_kebab,364,124.766000,1,1.000000
dijkstra-dial-skip,no_roads,shish_kebab,167,111.174000,1,1.000000
dijkstra-dial-skip,no_roads,shish_kebab,3,112.345000,1,1.000000
dijkstra-dial-skip,no_roads,shish_kebab,90,113.805000,1,1.000000
dijkstra-dial-skip,no_roads,shish_kebab,259,113.341000,1,1.000000
dijkstra-dial-skip,no_roads,shish_kebab,206,108.844000,1,1.000000
dijkstra-dial-skip,no_roads,shish_kebab,167,101.957000,1,1.000000
dijkstra-dial-skip,no_roads,shish_kebab,88,113.698000,1,1.000000
dijkstra-dial-skip,no_roads,shish_kebab,126,115.087000,1,1.000000
dijkstra-dial-skip,no_roads,shish_kebab,204,112.788000,1,1.000000
dijkstra-dial-skip,no_roads,shish_kebab,57,111.132000,1,1.000000
dijkstra-dial-skip,no_roads,shish_kebab,50,109.674000,1,1.000000
dijkstra-dial-skip,no_roads,shish_kebab,233,105.649000,1,1.000000
dijkstra-dial-skip,no_roads,shish_kebab,52,106.963000,1,1.000000
dijkstra-dial-skip,no_roads,shish_kebab,219,116.206000,1,1.000000
dijkstra-dial-skip,no_roads,shish_kebab,212,113.111000,1,1.000000
dijkstra-dial-skip,no_roads,shish_kebab,373,106.736000,1,1.000000
dijkstra-dial-skip,no_roads,shish_kebab,160,107.768000,1,1.000000
dijkstra-dial-skip,no_roads,shish_kebab,22,107.133000,1,1.000000
dijkstra-dial-skip,no_roads,shish_kebab,283,110.535000,1,1.000000
dijkstra-dial-skip,no_roads,shish_kebab,333,108.194000,1,1.000000
dijkstra-dial-skip,no_roads,shish_kebab,68,111.717000,1,1.000000
dijkstra-dial-skip,no_roads,shish_kebab,232,108.605000,1,1.000000
dijkstra-dial-skip,no_roads,shish_kebab,43,129.919000,1,1.000000
dijkstra-dial-skip,no_roads,shish_kebab,341,115.993000,1,1.000000
dijkstra-dial-skip,no_roads,shish_kebab,178,113.026000,1,1.000000
dijkstra-dial-skip,no_roads,shish_kebab,385,116.696000,1,1.000000
dijkstra-dial-skip,no_roads,shish_kebab,380,111.086000,1,1.000000
dijkstra-dial-skip,no_roads,shish_kebab,221,112.376000,1,1.000000
dijkstra-dial-skip,no_roads,shish_kebab,356,112.615000,1,1.000000
dijkstra-dial-skip,no_roads,shish_kebab,113,107.467000,1,1.000000
dijkstra-dial-skip,no_roads,shish_kebab,38,109.755000,1,1.000000
dijkstra-dial-skip,no_roads,shish_kebab,23,110.318000,1,1.000000
dijkstra-dial-skip,no_roads,shish_kebab,137,124.527000,1,1.000000
dijkstra-dial-skip,no_roads,shish_kebab,176,104.930000,1,1.000000
dijkstra-dial-skip,no_roads,shish_kebab,43,107.903000,1,1.000000
dijkstra-dial-skip,no_roads,shish_kebab,140,106.932000,1,1.000000
dijkstra-dial-skip,no_roads,shish_kebab,54,107.493000,1,1.000000
dijkstra-dial-skip,no_roads,shish_kebab,233,105.266000,1,1.000000
dijkstra-dial-skip,no_roads,shish_kebab,167,101.055000,1,1.000000
dijkstra-dial-skip,no_roads,shish_kebab,280,109.864000,1,1.000000
dijkstra-dial-skip,no_roads,shish_kebab,389,112.414000,1,1.000000
dijkstra-dial-skip,no_roads,shish_kebab,222,106.099000,1,1.000000
dijkstra-dial-skip,no_roads,shish_kebab,93,106.205000,1,1.000000
dijkstra-dial-skip,no_roads,shish_kebab,225,104.688000,1,1.000000
dijkstra-dial-skip,no_roads,shish_kebab,217,102.600000,1,1.000000
dijkstra-dial-skip,no_roads,shish_kebab,123,105.253000,1,1.000000
dijkstra-dial-skip,no_roads,shish_kebab,161,106.049000,1,1.000000
dijkstra-dial-skip,no_roads,shish_kebab,395,111.766000,1,1.000000
dijkstra-dial-skip,no_roads,shish_kebab,39,112.267000,1,1.000000
dijkstra-dial-skip,no_roads,shish_kebab,375,114.263000,1,1.000000
dijkstra-dial-skip,no_roads,shish_kebab,389,115.704000,1,1.000000
dijkstra-dial-skip,no_roads,shish_kebab,100,105.536000,1,1.000000
dijkstra-dial-skip,no_roads,shish_kebab,332,105.912000,1,1.000000
dijkstra-dial-skip,no_roads,shish_kebab,147,111.016000,1,1.000000
dijkstra-dial-skip,no_roads,shish_kebab,93,107.862000,1,1.000000
dijkstra-dial-skip,no_roads,shish_kebab,285,107.245000,1,1.000000
dijkstra-dial-skip,no_roads,shish_kebab,233,104.558000,1,1.000000
dijkstra-dial-skip,no_roads,shish_kebab,163,107.762000,1,1.000000
dijkstra-dial-skip,no_roads,shish_kebab,391,115.103000,1,1.000000
dijkstra-dial-skip,no_roads,shish_kebab,346,116.261000,1,1.000000
dijkstra-dial-skip,no_roads,shish_kebab,128,107.023000,1,1.000000
dijkstra-dial-skip,no_roads,shish_kebab,198,105.054000,1,1.000000
dijkstra-dial-skip,no_roads,shish_kebab,28,102.811000,1,1.000000
dijkstra-dial-skip,no_roads,shish_kebab,138,102.943000,1,1.000000
dijkstra-dial-skip,no_roads,shish_kebab,16,108.375000,1,1.000000
dijkstra-dial-skip,no_roads,shish_kebab,193,103.680000,1,1.000000
dijkstra-dial-skip,no_roads,shish_kebab,244,106.192000,1,1.000000
dijkstra-dial-skip,no_roads,shish_kebab,162,107.878000,1,1.000000
dijkstra-dial-skip,no_roads,shish_kebab,34,109.109000,1,1.000000
dijkstra-dial-skip,no_roads,shish_kebab,124,110.293000,1,1.000000
dijkstra-dial-skip,no_roads,shish_kebab,351,109.698000,1,1.000000
dijkstra-dial-skip,no_roads,shish_kebab,193,107.996000,1,1.000000
dijkstra-dial-skip,with_roads,shish_kebab,391,125.822000,1,1.000000
dijkstra-dial-skip,with_roads,shish_kebab,62,114.664000,1,1.000000
dijkstra-dial-skip,with_roads,shish_kebab,12,128.155000,1,1.000000
dijkstra-dial-skip,with_roads,shish_kebab,165,129.399000,1,1.000000
dijkstra-dial-skip,with_roads,shish_kebab,147,109.371000,1,1.000000
dijkstra-dial-skip,with_roads,shish_kebab,135,117.424000,1,1.000000
dijkstra-dial-skip,with_roads,shish_kebab,80,123.111000,1,1.000000
dijkstra-dial-skip,with_roads,shish_kebab,57,120.822000,1,1.000000
dijkstra-dial-skip,with_roads,shish_kebab,338,117.851000,1,1.000000
dijkstra-dial-skip,with_roads,shish_kebab,47,113.759000,1,1.000000
dijkstra-dial-skip,with_roads,shish_kebab,365,124.772000,1,1.000000
dijkstra-dial-skip,with_roads,shish_kebab,259,113.396000,1,1.000000
dijkstra-dial-skip,with_roads,shish_kebab,16,123.075000,1,1.000000
dijkstra-dial-skip,with_roads,shish_kebab,15,136.368000,1,1.000000
dijkstra-dial-skip,with_roads,shish_kebab,50,123.885000,1,1.000000
dijkstra-dial-skip,with_roads,shish_kebab,127,112.970000,1,1.000000
dijkstra-dial-skip,with_roads,shish_kebab,140,123.533000,1,1.000000
dijkstra-dial-skip,with_roads,shish_kebab,313,142.916000,1,1.000000
dijkstra-dial-skip,with_roads,shish_kebab,372,123.876000,1,1.000000
dijkstra-dial-skip,with_roads,shish_kebab,13,133.120000,1,1.000000
dijkstra-dial-skip,with_roads,shish_kebab,348,129.321000,1,1.000000
dijkstra-dial-skip,with_roads,shish_kebab,117,126.150000,1,1.000000
dijkstra-dial-skip,with_roads,shish_kebab,396,124.601000,1,1.000000
dijkstra-dial-skip,with_roads,shish_kebab,338,120.057000,1,1.000000
dijkstra-dial-skip,with_roads,shish_kebab,257,114.481000,1,1.000000
dijkstra-dial-skip,with_roads,shish_kebab,128,114.831000,1,1.000000
dijkstra-dial-skip,with_roads,shish_kebab,277,120.302000,1,1.000000
dijkstra-dial-skip,with_roads,shish_kebab,364,123.962000,1,1.000000
dijkstra-dial-skip,with_roads,shish_kebab,167,114.564000,1,1.000000
dijkstra-dial-skip,with_roads,shish_kebab,3,125.607000,1,1.000000
dijkstra-dial-skip,with_roads,shish_kebab,90,116.362000,1,1.000000
dijkstra-dial-skip,with_roads,shish_kebab,259,114.770000,1,1.000000
dijkstra-dial-skip,with_roads,shish_kebab,206,120.241000,1,1.000000
dijkstra-dial-skip,with_roads,shish_kebab,167,108.465000,1,1.000000
dijkstra-dial-skip,with_roads,shish_kebab,88,116.514000,1,1.000000
dijkstra-dial-skip,with_roads,shish_kebab,126,108.671000,1,1.000000
dijkstra-dial-skip,with_roads,shish_kebab,204,119.897000,1,1.000000
dijkstra-dial-skip,with_roads,shish_kebab,57,138.209000,1,1.000000
dijkstra-dial-skip,with_roads,shish_kebab,50,124.225000,1,1.000000
dijkstra-dial-skip,with_roads,shish_kebab,233,115.563000,1,1.000000
dijkstra-dial-skip,with_roads,shish_kebab,52,122.502000,1,1.000000
dijkstra-dial-skip,with_roads,shish_kebab,219,124.570000,1,1.000000
dijkstra-dial-skip,with_roads,shish_kebab,212,119.034000,1,1.000000
dijkstra-dial-skip,with_roads,shish_kebab,373,126.518000,1,1.000000
dijkstra-dial-skip,with_roads,shish_kebab,160,126.267000,1,1.000000
dijkstra-dial-skip,with_roads,shish_kebab,22,120.786000,1,1.000000
dijkstra-dial-skip,with_roads,shish_kebab,283,125.167000,1,1.000000
dijkstra-dial-skip,with_roads,shish_kebab,333,135.827000,1,1.000000
dijkstra-dial-skip,with_roads,shish_kebab,68,117.445000,1,1.000000
dijkstra-dial-skip,with_roads,shish_kebab,232,115.963000,1,1.000000
dijkstra-dial-skip,with_roads,shish_kebab,43,118.432000,1,1.000000
dijkstra-dial-skip,with_roads,shish_kebab,341,128.696000,1,1.000000
dijkstra-dial-skip,with_roads,shish_kebab,178,124.425000,1,1.000000
dijkstra-dial-skip,with_roads,shish_kebab,385,124.186000,1,1.000000
dijkstra-dial-skip,with_roads,shish_kebab,380,130.573000,1,1.000000
dijkstra-dial-skip,with_roads,shish_kebab,221,125.321000,1,1.000000
dijkstra-dial-skip,with_roads,shish_kebab,356,117.728000,1,1.000000
dijkstra-dial-skip,with_roads,shish_kebab,113,117.458000,1,1.000000
dijkstra-dial-skip,with_roads,shish_kebab,38,119.553000,1,1.000000
dijkstra-dial-skip,with_roads,shish_kebab,23,115.949000,1,1.000000
dijkstra-dial-skip,with_roads,shish_kebab,137,115.513000,1,1.000000
dijkstra-dial-skip,with_roads,shish_kebab,176,118.172000,1,1.000000
dijkstra-dial-skip,with_roads,shish_kebab,43,114.237000,1,1.000000
dijkstra-dial-skip,with_roads,shish_kebab,140,127.005000,1,1.000000
dijkstra-dial-skip,with_roads,shish_kebab,54,128.279000,1,1.000000
dijkstra-dial-skip,with_roads,shish_kebab,233,119.781000,1,1.000000
dijkstra-dial-skip,with_roads,shish_kebab,167,113.116000,1,1.000000
dijkstra-dial-skip,with_roads,shish_kebab,280,129.631000,1,1.000000
dijkstra-dial-skip,with_roads,shish_kebab,389,130.644000,1,1.000000
dijkstra-dial-skip,with_roads,shish_kebab,222,146.339000,1,1.000000
dijkstra-dial-skip,with_roads,shish_kebab,93,121.635000,1,1.000000
dijkstra-dial-skip,with_roads,shish_kebab,225,124.282000,1,1.000000
dijkstra-dial-skip,with_roads,shish_kebab,217,110.370000,1,1.000000
dijkstra-dial-skip,with_roads,shish_kebab,123,127.901000,1,1.000000
dijkstra-dial-skip,with_roads,shish_kebab,161,121.524000,1,1.000000
dijkstra-dial-skip,with_roads,shish_kebab,395,122.798000,1,1.000000
dijkstra-dial-skip,with_roads,shish_kebab,39,147.009000,1,1.000000
dijkstra-dial-skip,with_roads,shish_kebab,375,119.611000,1,1.000000
dijkstra-dial-skip,with_roads,shish_kebab,389,121.522000,1,1.000000
dijkstra-dial-skip,with_roads,shish_kebab,100,122.158000,1,1.000000
dijkstra-dial-skip,with_roads,shish_kebab,332,125.019000,1,1.000000
dijkstra-dial-skip,with_roads,shish_kebab,147,115.687000,1,1.000000
dijkstra-dial-skip,with_roads,shish_kebab,93,118.820000,1,1.000000
dijkstra-dial-skip,with_roads,shish_kebab,285,121.696000,1,1.000000
dijkstra-dial-skip,with_roads,shish_kebab,233,114.941000,1,1.000000
dijkstra-dial-skip,with_roads,shish_kebab,163,116.802000,1,1.000000
dijkstra-dial-skip,with_roads,shish_kebab,391,143.110000,1,1.000000
dijkstra-dial-skip,with_roads,shish_kebab,346,120.740000,1,1.000000
dijkstra-dial-skip,with_roads,shish_kebab,128,114.170000,1,1.000000
dijkstra-dial-skip,with_roads,shish_kebab,198,117.250000,1,1.000000
dijkstra-dial-skip,with_roads,shish_kebab,28,116.074000,1,1.000000
dijkstra-dial-skip,with_roads,shish_kebab,138,120.799000,1,1.000000
dijkstra-dial-skip,with_roads,shish_kebab,16,122.882000,1,1.000000
dijkstra-dial-skip,with_roads,shish_kebab,193,110.836000,1,1.000000
dijkstra-dial-skip,with_roads,shish_kebab,244,125.164000,1,1.000000
dijkstra-dial-skip,with_roads,shish_kebab,162,135.741000,1,1.000000
dijkstra-dial-skip,with_roads,shish_kebab,34,130.215000,1,1.000000
dijkstra-dial-skip,with_roads,shish_kebab,124,107.634000,1,1.000000
dijkstra-dial-skip,with_roads,shish_kebab,351,118.668000,1,1.000000
dijkstra-dial-skip,with_roads,shish_kebab,193,109.661000,1,1.000000
dijkstra-dial-skip,no_roads,shrub,128,211.710000,1,1.000000
dijkstra-dial-skip,no_roads,shrub,27,216.049000,1,1.000000
dijkstra-dial-skip,no_roads,shrub,395,206.239000,1,1.000000
dijkstra-dial-skip,no_roads,shrub,346,204.752000,1,1.000000
dijkstra-dial-skip,no_roads,shrub,312,206.071000,1,1.000000
dijkstra-dial-skip,no_roads,shrub,171,201.839000,1,1.000000
dijkstra-dial-skip,no_roads,shrub,115,201.234000,1,1.000000
dijkstra-dial-skip,no_roads,shrub,810,203.024000,1,1.000000
dijkstra-dial-skip,no_roads,shrub,96,209.666000,1,1.000000
dijkstra-dial-skip,no_roads,shrub,866,204.291000,1,1.000000
dijkstra-dial-skip,no_roads,shrub,640,205.129000,1,1.000000
dijkstra-dial-skip,no_roads,shrub,34,205.267000,1,1.000000
dijkstra-dial-skip,no_roads,shrub,32,212.207000,1,1.000000
dijkstra-dial-skip,no_roads,shrub,104,216.705000,1,1.000000
dijkstra-dial-skip,no_roads,shrub,301,211.548000,1,1.000000
dijkstra-dial-skip,no_roads,shrub,328,213.371000,1,1.000000
dijkstra-dial-skip,no_roads,shrub,760,207.056000,1,1.000000
dijkstra-dial-skip,no_roads,shrub,878,204.030000,1,1.000000
dijkstra-dial-skip,no_roads,shrub,29,228.475000,1,1.000000
dijkstra-dial-skip,no_roads,shrub,829,201.452000,1,1.000000
dijkstra-dial-skip,no_roads,shrub,269,227.907000,1,1.000000
dijkstra-dial-skip,no_roads,shrub,810,204.590000,1,1.000000
dijkstra-dial-skip,no_roads,shrub,636,204.585000,1,1.000000
dijkstra-dial-skip,no_roads,shrub,305,206.795000,1,1.000000
dijkstra-dial-skip,no_roads,shrub,679,202.816000,1,1.000000
dijkstra-dial-skip,no_roads,shrub,865,196.477000,1,1.000000
dijkstra-dial-skip,no_roads,shrub,400,192.639000,1,1.000000
dijkstra-dial-skip,no_roads,shrub,6,208.464000,1,1.000000
dijkstra-dial-skip,no_roads,shrub,198,205.047000,1,1.000000
dijkstra-dial-skip,no_roads,shrub,640,201.827000,1,1.000000
dijkstra-dial-skip,no_roads,shrub,506,205.412000,1,1.000000
dijkstra-dial-skip,no_roads,shrub,400,201.354000,1,1.000000
dijkstra-dial-skip,no_roads,shrub,192,195.660000,1,1.000000
dijkstra-dial-skip,no_roads,shrub,298,202.330000,1,1.000000
dijkstra-dial-skip,no_roads,shrub,500,193.536000,1,1.000000
dijkstra-dial-skip,no_roads,shrub,115,199.958000,1,1.000000
dijkstra-dial-skip,no_roads,shrub,103,207.048000,1,1.000000
dijkstra-dial-skip,no_roads,shrub,573,201.779000,1,1.000000
dijkstra-dial-skip,no_roads,shrub,109,202.469000,1,1.000000
dijkstra-dial-skip,no_roads,shrub,535,197.021000,1,1.000000
dijkstra-dial-skip,no_roads,shrub,514,198.317000,1,1.000000
dijkstra-dial-skip,no_roads,shrub,881,206.882000,1,1.000000
dijkstra-dial-skip,no_roads,shrub,378,204.260000,1,1.000000
dijkstra-dial-skip,no_roads,shrub,48,210.457000,1,1.000000
dijkstra-dial-skip,no_roads,shrub,692,199.479000,1,1.000000
dijkstra-dial-skip,no_roads,shrub,800,195.564000,1,1.000000
dijkstra-dial-skip,no_roads,shrub,149,230.180000,1,1.000000
dijkstra-dial-skip,no_roads,shrub,567,201.794000,1,1.000000
dijkstra-dial-skip,no_roads,shrub,86,199.716000,1,1.000000
dijkstra-dial-skip,no_roads,shrub,817,203.162000,1,1.000000
dijkstra-dial-skip,no_roads,shrub,423,216.520000,1,1.000000
dijkstra-dial-skip,no_roads,shrub,899,227.834000,1,1.000000
dijkstra-dial-skip,no_roads,shrub,542,200.883000,1,1.000000
dijkstra-dial-skip,no_roads,shrub,847,199.275000,1,1.000000
dijkstra-dial-skip,no_roads,shrub,255,193.842000,1,1.000000
dijkstra-dial-skip,no_roads,shrub,76,203.982000,1,1.000000
dijkstra-dial-skip,no_roads,shrub,50,196.438000,1,1.000000
dijkstra-dial-skip,no_roads,shrub,317,214.608000,1,1.000000
dijkstra-dial-skip,no_roads,shrub,418,198.967000,1,1.000000
dijkstra-dial-skip,no_roads,shrub,87,240.260000,1,1.000000
dijkstra-dial-skip,no_roads,shrub,328,200.400000,1,1.000000
dijkstra-dial-skip,no_roads,shrub,114,205.880000,1,1.000000
dijkstra-dial-skip,no_roads,shrub,573,217.746000,1,1.000000
dijkstra-dial-skip,no_roads,shrub,400,196.290000,1,1.000000
dijkstra-dial-skip,no_roads,shrub,686,204.721000,1,1.000000
dijkstra-dial-skip,no_roads,shrub,545,191.256000,1,1.000000
dijkstra-dial-skip,no_roads,shrub,202,195.997000,1,1.000000
dijkstra-dial-skip,no_roads,shrub,557,198.264000,1,1.000000
dijkstra-dial-skip,no_roads,shrub,530,193.040000,1,1.000000
dijkstra-dial-skip,no_roads,shrub,287,193.197000,1,1.000000
dijkstra-dial-skip,no_roads,shrub,384,195.505000,1,1.000000
dijkstra-dial-skip,no_roads,shrub,79,199.539000,1,1.000000
dijkstra-dial-skip,no_roads,shrub,888,206.875000,1,1.000000
dijkstra-dial-skip,no_roads,shrub,217,197.628000,1,1.000000
dijkstra-dial-skip,no_roads,shrub,795,193.150000,1,1.000000
dijkstra-dial-skip,no_roads,shrub,346,197.312000,1,1.000000
dijkstra-dial-skip,no_roads,shrub,203,196.215000,1,1.000000
dijkstra-dial-skip,no_roads,shrub,698,199.092000,1,1.000000
dijkstra-dial-skip,no_roads,shrub,570,198.130000,1,1.000000
dijkstra-dial-skip,no_roads,shrub,388,198.399000,1,1.000000
dijkstra-dial-skip,no_roads,shrub,824,197.937000,1,1.000000
dijkstra-dial-skip,no_roads,shrub,303,198.473000,1,1.000000
dijkstra-dial-skip,no_roads,shrub,485,198.867000,1,1.000000
dijkstra-dial-skip,no_roads,shrub,61,254.196000,1,1.000000
dijkstra-dial-skip,no_roads,shrub,319,199.158000,1,1.000000
dijkstra-dial-skip,no_roads,shrub,34,241.353000,1,1.000000
dijkstra-dial-skip,no_roads,shrub,467,195.297000,1,1.000000
dijkstra-dial-skip,no_roads,shrub,606,197.789000,1,1.000000
dijkstra-dial-skip,no_roads,shrub,385,199.941000,1,1.000000
dijkstra-dial-skip,no_roads,shrub,71,247.838000,1,1.000000
dijkstra-dial-skip,no_roads,shrub,290,197.531000,1,1.000000
dijkstra-dial-skip,no_roads,shrub,836,197.599000,1,1.000000
dijkstra-dial-skip,no_roads,shrub,465,200.814000,1,1.000000
dijkstra-dial-skip,no_roads,shrub,292,200.315000,1,1.000000
dijkstra-dial-skip,no_roads,shrub,753,202.815000,1,1.000000
dijkstra-dial-skip,no_roads,shrub,599,197.521000,1,1.000000
dijkstra-dial-skip,no_roads,shrub,691,198.831000,1,1.000000
dijkstra-dial-skip,no_roads,shrub,176,205.913000,1,1.000000
dijkstra-dial-skip,no_roads,shrub,379,221.178000,1,1.000000
dijkstra-dial-skip,no_roads,shrub,171,555.629000,1,1.000000
dijkstra-dial-skip,with_roads,shrub,128,214.336000,1,1.000000
dijkstra-dial-skip,with_roads,shrub,27,205.337000,1,1.000000
dijkstra-dial-skip,with_roads,shrub,395,207.525000,1,1.000000
dijkstra-dial-skip,with_roads,shrub,346,201.218000,1,1.000000
dijkstra-dial-skip,with_roads,shrub,312,193.092000,1,1.000000
dijkstra-dial-skip,with_roads,shrub,171,202.851000,1,1.000000
dijkstra-dial-skip,with_roads,shrub,115,204.585000,1,1.000000
dijkstra-dial-skip,with_roads,shrub,810,204.996000,1,1.000000
dijkstra-dial-skip,with_roads,shrub,96,203.582000,1,1.000000
dijkstra-dial-skip,with_roads,shrub,866,207.292000,1,1.000000
dijkstra-dial-skip,with_roads,shrub,640,202.977000,1,1.000000
dijkstra-dial-skip,with_roads,shrub,34,208.808000,1,1.000000
dijkstra-dial-skip,with_roads,shrub,32,206.898000,1,1.000000
dijkstra-dial-skip,with_roads,shrub,104,216.075000,1,1.000000
dijkstra-dial-skip,with_roads,shrub,301,262.133000,1,1.000000
dijkstra-dial-skip,with_roads,shrub,328,209.602000,1,1.000000
dijkstra-dial-skip,with_roads,shrub,760,208.583000,1,1.000000
dijkstra-dial-skip,with_roads,shrub,878,199.472000,1,1.000000
dijkstra-dial-skip,with_roads,shrub,29,227.109000,1,1.000000
dijkstra-dial-skip,with_roads,shrub,829,207.651000,1,1.000000
dijkstra-dial-skip,with_roads,shrub,269,210.586000,1,1.000000
dijkstra-dial-skip,with_roads,shrub,810,207.164000,1,1.000000
dijkstra-dial-skip,with_roads,shrub,636,202.924000,1,1.000000
dijkstra-dial-skip,with_roads,shrub,305,201.457000,1,1.000000
dijkstra-dial-skip,with_roads,shrub,679,203.980000,1,1.000000
dijkstra-dial-skip,with_roads,shrub,865,222.379000,1,1.000000
dijkstra-dial-skip,with_roads,shrub,400,215.753000,1,1.000000
dijkstra-dial-skip,with_roads,shrub,6,209.869000,1,1.000000
dijkstra-dial-skip,with_roads,shrub,198,204.406000,1,1.000000
dijkstra-dial-skip,with_roads,shrub,640,209.155000,1,1.000000
dijkstra-dial-skip,with_roads,shrub,506,217.986000,1,1.000000
dijkstra-dial-skip,with_roads,shrub,400,207.724000,1,1.000000
dijkstra-dial-skip,with_roads,shrub,192,206.577000,1,1.000000
dijkstra-dial-skip,with_roads,shrub,298,198.476000,1,1.000000
dijkstra-dial-skip,with_roads,shrub,500,189.656000,1,1.000000
dijkstra-dial-skip,with_roads,shrub,115,226.151000,1,1.000000
dijkstra-dial-skip,with_roads,shrub,103,196.232000,1,1.000000
dijkstra-dial-skip,with_roads,shrub,573,199.177000,1,1.000000
dijkstra-dial-skip,with_roads,shrub,109,219.584000,1,1.000000
dijkstra-dial-skip,with_roads,shrub,535,198.865000,1,1.000000
dijkstra-dial-skip,with_roads,shrub,514,203.611000,1,1.000000
dijkstra-dial-skip,with_roads,shrub,881,201.882000,1,1.000000
dijkstra-dial-skip,with_roads,shrub,378,200.428000,1,1.000000
dijkstra-dial-skip,with_roads,shrub,48,203.791000,1,1.000000
dijkstra-dial-skip,with_roads,shrub,692,204.233000,1,1.000000
dijkstra-dial-skip,with_roads,shrub,800,199.078000,1,1.000000
dijkstra-dial-skip,with_roads,shrub,149,208.899000,1,1.000000
dijkstra-dial-skip,with_roads,shrub,567,211.554000,1,1.000000
dijkstra-dial-skip,with_roads,shrub,86,209.917000,1,1.000000
dijkstra-dial-skip,with_roads,shrub,817,203.634000,1,1.000000
dijkstra-dial-skip,with_roads,shrub,423,207.468000,1,1.000000
dijkstra-dial-skip,with_roads,shrub,899,203.889000,1,1.000000
dijkstra-dial-skip,with_roads,shrub,542,203.845000,1,1.000000
dijkstra-dial-skip,with_roads,shrub,847,207.931000,1,1.000000
dijkstra-dial-skip,with_roads,shrub,255,222.497000,1,1.000000
dijkstra-dial-skip,with_roads,shrub,76,211.122000,1,1.000000
dijkstra-dial-skip,with_roads,shrub,50,258.688000,1,1.000000
dijkstra-dial-skip,with_roads,shrub,317,207.242000,1,1.000000
dijkstra-dial-skip,with_roads,shrub,418,201.907000,1,1.000000
dijkstra-dial-skip,with_roads,shrub,87,210.893000,1,1.000000
dijkstra-dial-skip,with_roads,shrub,328,207.730000,1,1.000000
dijkstra-dial-skip,with_roads,shrub,114,207.906000,1,1.000000
dijkstra-dial-skip,with_roads,shrub,573,206.186000,1,1.000000
dijkstra-dial-skip,with_roads,shrub,400,196.605000,1,1.000000
dijkstra-dial-skip,with_roads,shrub,686,197.819000,1,1.000000
dijkstra-dial-skip,with_roads,shrub,545,208.140000,1,1.000000
dijkstra-dial-skip,with_roads,shrub,202,198.467000,1,1.000000
dijkstra-dial-skip,with_roads,shrub,557,223.148000,1,1.000000
dijkstra-dial-skip,with_roads,shrub,530,194.453000,1,1.000000
dijkstra-dial-skip,with_roads,shrub,287,216.894000,1,1.000000
dijkstra-dial-skip,with_roads,shrub,384,196.584000,1,1.000000
dijkstra-dial-skip,with_roads,shrub,79,197.509000,1,1.000000
dijkstra-dial-skip,with_roads,shrub,888,198.922000,1,1.000000
dijkstra-dial-skip,with_roads,shrub,217,198.540000,1,1.000000
dijkstra-dial-skip,with_roads,shrub,795,200.771000,1,1.000000
dijkstra-dial-skip,with_roads,shrub,346,199.407000,1,1.000000
dijkstra-dial-skip,with_roads,shrub,203,194.795000,1,1.000000
dijkstra-dial-skip,with_roads,shrub,698,212.826000,1,1.000000
dijkstra-dial-skip,with_roads,shrub,570,195.696000,1,1.000000
dijkstra-dial-skip,with_roads,shrub,388,203.936000,1,1.000000
dijkstra-dial-skip,with_roads,shrub,824,201.861000,1,1.000000
dijkstra-dial-skip,with_roads,shrub,303,204.813000,1,1.000000
dijkstra-dial-skip,with_roads,shrub,485,198.273000,1,1.000000
dijkstra-dial-skip,with_roads,shrub,61,204.585000,1,1.000000
dijkstra-dial-skip,with_roads,shrub,319,209.833000,1,1.000000
dijkstra-dial-skip,with_roads,shrub,34,212.706000,1,1.000000
dijkstra-dial-skip,with_roads,shrub,467,212.322000,1,1.000000
dijkstra-dial-skip,with_roads,shrub,606,209.953000,1,1.000000
dijkstra-dial-skip,with_roads,shrub,385,209.343000,1,1.000000
dijkstra-dial-skip,with_roads,shrub,71,213.468000,1,1.000000
dijkstra-dial-skip,with_roads,shrub,290,227.893000,1,1.000000
dijkstra-dial-skip,with_roads,shrub,836,211.172000,1,1.000000
dijkstra-dial-skip,with_roads,shrub,465,219.317000,1,1.000000
dijkstra-dial-skip,with_roads,shrub,292,213.192000,1,1.000000
dijkstra-dial-skip,with_roads,shrub,753,226.427000,1,1.000000
dijkstra-dial-skip,with_roads,shrub,599,217.383000,1,1.000000
dijkstra-dial-skip,with_roads,shrub,691,215.816000,1,1.000000
dijkstra-dial-skip,with_roads,shrub,176,213.682000,1,1.000000
dijkstra-dial-skip,with_roads,shrub,379,211.569000,1,1.000000
dijkstra-dial-skip,with_roads,shrub,171,249.706000,1,1.000000
dijkstra-dial-skip,no_roads,sierpinski_evil,920,7.844000,1,1.000000
dijkstra-dial-skip,no_roads,sierpinski_evil,124,204.099000,1,1.000000
dijkstra-dial-skip,no_roads,sierpinski_evil,26,203.646000,1,1.000000
dijkstra-dial-skip,no_roads,sierpinski_evil,332,198.343000,1,1.000000
dijkstra-dial-skip,no_roads,sierpinski_evil,290,196.557000,1,1.000000
dijkstra-dial-skip,no_roads,sierpinski_evil,258,187.378000,1,1.000000
dijkstra-dial-skip,no_roads,sierpinski_evil,155,199.667000,1,1.000000
dijkstra-dial-skip,no_roads,sierpinski_evil,114,193.266000,1,1.000000
dijkstra-dial-skip,no_roads,sierpinski_evil,715,189.555000,1,1.000000
dijkstra-dial-skip,no_roads,sierpinski_evil,95,196.694000,1,1.000000
dijkstra-dial-skip,no_roads,sierpinski_evil,802,233.099000,1,1.000000
dijkstra-dial-skip,no_roads,sierpinski_evil,541,191.081000,1,1.000000
dijkstra-dial-skip,no_roads,sierpinski_evil,33,192.532000,1,1.000000
dijkstra-dial-skip,no_roads,sierpinski_evil,31,194.190000,1,1.000000
dijkstra-dial-skip,no_roads,sierpinski_evil,101,194.388000,1,1.000000
dijkstra-dial-skip,no_roads,sierpinski_evil,253,194.553000,1,1.000000
dijkstra-dial-skip,no_roads,sierpinski_evil,277,193.738000,1,1.000000
dijkstra-dial-skip,no_roads,sierpinski_evil,660,195.301000,1,1.000000
dijkstra-dial-skip,no_roads,sierpinski_evil,824,207.747000,1,1.000000
dijkstra-dial-skip,no_roads,sierpinski_evil,28,194.348000,1,1.000000
dijkstra-dial-skip,no_roads,sierpinski_evil,753,190.589000,1,1.000000
dijkstra-dial-skip,no_roads,sierpinski_evil,229,192.259000,1,1.000000
dijkstra-dial-skip,no_roads,sierpinski_evil,715,187.394000,1,1.000000
dijkstra-dial-skip,no_roads,sierpinski_evil,538,186.159000,1,1.000000
dijkstra-dial-skip,no_roads,sierpinski_evil,255,183.315000,1,1.000000
dijkstra-dial-skip,no_roads,sierpinski_evil,574,181.268000,1,1.000000
dijkstra-dial-skip,no_roads,sierpinski_evil,801,188.818000,1,1.000000
dijkstra-dial-skip,no_roads,sierpinski_evil,335,186.987000,1,1.000000
dijkstra-dial-skip,no_roads,sierpinski_evil,6,198.110000,1,1.000000
dijkstra-dial-skip,no_roads,sierpinski_evil,181,207.891000,1,1.000000
dijkstra-dial-skip,no_roads,sierpinski_evil,541,187.063000,1,1.000000
dijkstra-dial-skip,no_roads,sierpinski_evil,426,210.783000,1,1.000000
dijkstra-dial-skip,no_roads,sierpinski_evil,335,193.469000,1,1.000000
dijkstra-dial-skip,no_roads,sierpinski_evil,177,195.458000,1,1.000000
dijkstra-dial-skip,no_roads,sierpinski_evil,250,194.743000,1,1.000000
dijkstra-dial-skip,no_roads,sierpinski_evil,419,194.725000,1,1.000000
dijkstra-dial-skip,no_roads,sierpinski_evil,114,194.552000,1,1.000000
dijkstra-dial-skip,no_roads,sierpinski_evil,100,192.179000,1,1.000000
dijkstra-dial-skip,no_roads,sierpinski_evil,491,191.919000,1,1.000000
dijkstra-dial-skip,no_roads,sierpinski_evil,105,188.487000,1,1.000000
dijkstra-dial-skip,no_roads,sierpinski_evil,450,189.842000,1,1.000000
dijkstra-dial-skip,no_roads,sierpinski_evil,430,222.783000,1,1.000000
dijkstra-dial-skip,no_roads,sierpinski_evil,831,190.462000,1,1.000000
dijkstra-dial-skip,no_roads,sierpinski_evil,314,184.038000,1,1.000000
dijkstra-dial-skip,no_roads,sierpinski_evil,46,205.672000,1,1.000000
dijkstra-dial-skip,no_roads,sierpinski_evil,588,189.377000,1,1.000000
dijkstra-dial-skip,no_roads,sierpinski_evil,704,180.456000,1,1.000000
dijkstra-dial-skip,no_roads,sierpinski_evil,138,193.268000,1,1.000000
dijkstra-dial-skip,no_roads,sierpinski_evil,489,211.100000,1,1.000000
dijkstra-dial-skip,no_roads,sierpinski_evil,86,193.553000,1,1.000000
dijkstra-dial-skip,no_roads,sierpinski_evil,742,189.441000,1,1.000000
dijkstra-dial-skip,no_roads,sierpinski_evil,356,184.073000,1,1.000000
dijkstra-dial-skip,no_roads,sierpinski_evil,900,193.111000,1,1.000000
dijkstra-dial-skip,no_roads,sierpinski_evil,874,7.088000,1,1.000000
dijkstra-dial-skip,no_roads,sierpinski_evil,457,191.144000,1,1.000000
dijkstra-dial-skip,no_roads,sierpinski_evil,779,194.760000,1,1.000000
dijkstra-dial-skip,no_roads,sierpinski_evil,221,195.694000,1,1.000000
dijkstra-dial-skip,no_roads,sierpinski_evil,74,195.406000,1,1.000000
dijkstra-dial-skip,no_roads,sierpinski_evil,49,209.850000,1,1.000000
dijkstra-dial-skip,no_roads,sierpinski_evil,272,193.095000,1,1.000000
dijkstra-dial-skip,no_roads,sierpinski_evil,347,194.593000,1,1.000000
dijkstra-dial-skip,no_roads,sierpinski_evil,87,189.506000,1,1.000000
dijkstra-dial-skip,no_roads,sierpinski_evil,277,200.849000,1,1.000000
dijkstra-dial-skip,no_roads,sierpinski_evil,113,192.710000,1,1.000000
dijkstra-dial-skip,no_roads,sierpinski_evil,491,189.732000,1,1.000000
dijkstra-dial-skip,no_roads,sierpinski_evil,335,186.624000,1,1.000000
dijkstra-dial-skip,no_roads,sierpinski_evil,581,180.210000,1,1.000000
dijkstra-dial-skip,no_roads,sierpinski_evil,913,5.910000,1,1.000000
dijkstra-dial-skip,no_roads,sierpinski_evil,460,185.006000,1,1.000000
dijkstra-dial-skip,no_roads,sierpinski_evil,184,185.975000,1,1.000000
dijkstra-dial-skip,no_roads,sierpinski_evil,466,191.246000,1,1.000000
dijkstra-dial-skip,no_roads,sierpinski_evil,441,184.522000,1,1.000000
dijkstra-dial-skip,no_roads,sierpinski_evil,244,225.510000,1,1.000000
dijkstra-dial-skip,no_roads,sierpinski_evil,317,188.531000,1,1.000000
dijkstra-dial-skip,no_roads,sierpinski_evil,79,194.408000,1,1.000000
dijkstra-dial-skip,no_roads,sierpinski_evil,839,189.187000,1,1.000000
dijkstra-dial-skip,no_roads,sierpinski_evil,913,6.118000,1,1.000000
dijkstra-dial-skip,no_roads,sierpinski_evil,193,190.046000,1,1.000000
dijkstra-dial-skip,no_roads,sierpinski_evil,699,184.779000,1,1.000000
dijkstra-dial-skip,no_roads,sierpinski_evil,290,189.371000,1,1.000000
dijkstra-dial-skip,no_roads,sierpinski_evil,185,192.947000,1,1.000000
dijkstra-dial-skip,no_roads,sierpinski_evil,591,184.142000,1,1.000000
dijkstra-dial-skip,no_roads,sierpinski_evil,490,183.241000,1,1.000000
dijkstra-dial-skip,no_roads,sierpinski_evil,321,183.309000,1,1.000000
dijkstra-dial-skip,no_roads,sierpinski_evil,923,5.790000,1,1.000000
dijkstra-dial-skip,no_roads,sierpinski_evil,748,194.756000,1,1.000000
dijkstra-dial-skip,no_roads,sierpinski_evil,254,190.854000,1,1.000000
dijkstra-dial-skip,no_roads,sierpinski_evil,403,229.029000,1,1.000000
dijkstra-dial-skip,no_roads,sierpinski_evil,60,200.126000,1,1.000000
dijkstra-dial-skip,no_roads,sierpinski_evil,273,183.338000,1,1.000000
dijkstra-dial-skip,no_roads,sierpinski_evil,33,197.275000,1,1.000000
dijkstra-dial-skip,no_roads,sierpinski_evil,394,196.085000,1,1.000000
dijkstra-dial-skip,no_roads,sierpinski_evil,514,192.501000,1,1.000000
dijkstra-dial-skip,no_roads,sierpinski_evil,318,192.986000,1,1.000000
dijkstra-dial-skip,no_roads,sierpinski_evil,70,198.159000,1,1.000000
dijkstra-dial-skip,no_roads,sierpinski_evil,246,192.965000,1,1.000000
dijkstra-dial-skip,no_roads,sierpinski_evil,765,184.727000,1,1.000000
dijkstra-dial-skip,no_roads,sierpinski_evil,389,189.367000,1,1.000000
dijkstra-dial-skip,no_roads,sierpinski_evil,247,217.406000,1,1.000000
dijkstra-dial-skip,no_roads,sierpinski_evil,651,198.002000,1,1.000000
dijkstra-dial-skip,with_roads,sierpinski_evil,920,7.676000,1,1.000000
dijkstra-dial-skip,with_roads,sierpinski_evil,124,243.099000,1,1.000000
dijkstra-dial-skip,with_roads,sierpinski_evil,26,216.155000,1,1.000000
dijkstra-dial-skip,with_roads,sierpinski_evil,332,219.971000,1,1.000000
dijkstra-dial-skip,with_roads,sierpinski_evil,290,209.549000,1,1.000000
dijkstra-dial-skip,with_roads,sierpinski_evil,258,213.281000,1,1.000000
dijkstra-dial-skip,with_roads,sierpinski_evil,155,215.202000,1,1.000000
dijkstra-dial-skip,with_roads,sierpinski_evil,114,212.516000,1,1.000000
dijkstra-dial-skip,with_roads,sierpinski_evil,715,218.640000,1,1.000000
dijkstra-dial-skip,with_roads,sierpinski_evil,95,209.522000,1,1.000000
dijkstra-dial-skip,with_roads,sierpinski_evil,802,213.515000,1,1.000000
dijkstra-dial-skip,with_roads,sierpinski_evil,541,204.059000,1,1.000000
dijkstra-dial-skip,with_roads,sierpinski_evil,33,214.364000,1,1.000000
dijkstra-dial-skip,with_roads,sierpinski_evil,31,215.592000,1,1.000000
dijkstra-dial-skip,with_roads,sierpinski_evil,101,209.132000,1,1.000000
dijkstra-dial-skip,with_roads,sierpinski_evil,253,218.992000,1,1.000000
dijkstra-dial-skip,with_roads,sierpinski_evil,277,217.631000,1,1.000000
dijkstra-dial-skip,with_roads,sierpinski_evil,660,210.308000,1,1.000000
dijkstra-dial-skip,with_roads,sierpinski_evil,824,208.686000,1,1.000000
dijkstra-dial-skip,with_roads,sierpinski_evil,28,218.870000,1,1.000000
dijkstra-dial-skip,with_roads,sierpinski_evil,753,216.817000,1,1.000000
dijkstra-dial-skip,with_roads,sierpinski_evil,229,209.213000,1,1.000000
dijkstra-dial-skip,with_roads,sierpinski_evil,715,219.671000,1,1.000000
dijkstra-dial-skip,with_roads,sierpinski_evil,538,203.462000,1,1.000000
dijkstra-dial-skip,with_roads,sierpinski_evil,255,203.371000,1,1.000000
dijkstra-dial-skip,with_roads,sierpinski_evil,574,209.723000,1,1.000000
dijkstra-dial-skip,with_roads,sierpinski_evil,801,204.058000,1,1.000000
dijkstra-dial-skip,with_roads,sierpinski_evil,335,207.246000,1,1.000000
dijkstra-dial-skip,with_roads,sierpinski_evil,6,212.293000,1,1.000000
dijkstra-dial-skip,with_roads,sierpinski_evil,181,209.801000,1,1.000000
dijkstra-dial-skip,with_roads,sierpinski_evil,541,201.887000,1,1.000000
dijkstra-dial-skip,with_roads,sierpinski_evil,426,205.539000,1,1.000000
dijkstra-dial-skip,with_roads,sierpinski_evil,335,203.073000,1,1.000000
dijkstra-dial-skip,with_roads,sierpinski_evil,177,199.724000,1,1.000000
dijkstra-dial-skip,with_roads,sierpinski_evil,250,217.344000,1,1.000000
dijkstra-dial-skip,with_roads,sierpinski_evil,419,200.580000,1,1.000000
dijkstra-dial-skip,with_roads,sierpinski_evil,114,203.267000,1,1.000000
dijkstra-dial-skip,with_roads,sierpinski_evil,100,204.099000,1,1.000000
dijkstra-dial-skip,with_roads,sierpinski_evil,491,203.901000,1,1.000000
dijkstra-dial-skip,with_roads,sierpinski_evil,105,198.979000,1,1.000000
dijkstra-dial-skip,with_roads,sierpinski_evil,450,198.458000,1,1.000000
dijkstra-dial-skip,with_roads,sierpinski_evil,430,198.601000,1,1.000000
dijkstra-dial-skip,with_roads,sierpinski_evil,831,195.496000,1,1.000000
dijkstra-dial-skip,with_roads,sierpinski_evil,314,211.736000,1,1.000000
dijkstra-dial-skip,with_roads,sierpinski_evil,46,204.990000,1,1.000000
dijkstra-dial-skip,with_roads,sierpinski_evil,588,208.034000,1,1.000000
dijkstra-dial-skip,with_roads,sierpinski_evil,704,196.731000,1,1.000000
dijkstra-dial-skip,with_roads,sierpinski_evil,138,207.403000,1,1.000000
dijkstra-dial-skip,with_roads,sierpinski_evil,489,202.119000,1,1.000000
dijkstra-dial-skip,with_roads,sierpinski_evil,86,202.979000,1,1.000000
dijkstra-dial-skip,with_roads,sierpinski_evil,742,199.244000,1,1.000000
dijkstra-dial-skip,with_roads,sierpinski_evil,356,201.944000,1,1.000000
dijkstra-dial-skip,with_roads,sierpinski_evil,900,216.057000,1,1.000000
dijkstra-dial-skip,with_roads,sierpinski_evil,874,7.165000,1,1.000000
dijkstra-dial-skip,with_roads,sierpinski_evil,457,199.198000,1,1.000000
dijkstra-dial-skip,with_roads,sierpinski_evil,779,204.189000,1,1.000000
dijkstra-dial-skip,with_roads,sierpinski_evil,221,202.507000,1,1.000000
dijkstra-dial-skip,with_roads,sierpinski_evil,74,203.381000,1,1.000000
dijkstra-dial-skip,with_roads,sierpinski_evil,49,203.413000,1,1.000000
dijkstra-dial-skip,with_roads,sierpinski_evil,272,204.713000,1,1.000000
dijkstra-dial-skip,with_roads,sierpinski_evil,347,204.163000,1,1.000000
dijkstra-dial-skip,with_roads,sierpinski_evil,87,201.333000,1,1.000000
dijkstra-dial-skip,with_roads,sierpinski_evil,277,204.131000,1,1.000000
dijkstra-dial-skip,with_roads,sierpinski_evil,113,207.650000,1,1.000000
dijkstra-dial-skip,with_roads,sierpinski_evil,491,201.773000,1,1.000000
dijkstra-dial-skip,with_roads,sierpinski_evil,335,199.269000,1,1.000000
dijkstra-dial-skip,with_roads,sierpinski_evil,581,199.839000,1,1.000000
dijkstra-dial-skip,with_roads,sierpinski_evil,913,6.053000,1,1.000000
dijkstra-dial-skip,with_roads,sierpinski_evil,460,201.580000,1,1.000000
dijkstra-dial-skip,with_roads,sierpinski_evil,184,206.585000,1,1.000000
dijkstra-dial-skip,with_roads,sierpinski_evil,466,205.584000,1,1.000000
dijkstra-dial-skip,with_roads,sierpinski_evil,441,199.934000,1,1.000000
dijkstra-dial-skip,with_roads,sierpinski_evil,244,205.713000,1,1.000000
dijkstra-dial-skip,with_roads,sierpinski_evil,317,207.969000,1,1.000000
dijkstra-dial-skip,with_roads,sierpinski_evil,79,209.748000,1,1.000000
dijkstra-dial-skip,with_roads,sierpinski_evil,839,214.970000,1,1.000000
dijkstra-dial-skip,with_roads,sierpinski_evil,913,6.232000,1,1.000000
dijkstra-dial-skip,with_roads,sierpinski_evil,193,205.944000,1,1.000000
dijkstra-dial-skip,with_roads,sierpinski_evil,699,249.495000,1,1.000000
dijkstra-dial-skip,with_roads,sierpinski_evil,290,200.102000,1,1.000000
dijkstra-dial-skip,with_roads,sierpinski_evil,185,201.736000,1,1.000000
dijkstra-dial-skip,with_roads,sierpinski_evil,591,202.784000,1,1.000000
dijkstra-dial-skip,with_roads,sierpinski_evil,490,207.149000,1,1.000000
dijkstra-dial-skip,with_roads,sierpinski_evil,321,205.252000,1,1.000000
dijkstra-dial-skip,with_roads,sierpinski_evil,923,6.466000,1,1.000000
dijkstra-dial-skip,with_roads,sierpinski_evil,748,227.837000,1,1.000000
dijkstra-dial-skip,with_roads,sierpinski_evil,254,241.423000,1,1.000000
dijkstra-dial-skip,with_roads,sierpinski_evil,403,200.151000,1,1.000000
dijkstra-dial-skip,with_roads,sierpinski_evil,60,203.522000,1,1.000000
dijkstra-dial-skip,with_roads,sierpinski_evil,273,202.009000,1,1.000000
dijkstra-dial-skip,with_roads,sierpinski_evil,33,208.196000,1,1.000000
dijkstra-dial-skip,with_roads,sierpinski_evil,394,247.617000,1,1.000000
dijkstra-dial-skip,with_roads,sierpinski_evil,514,196.636000,1,1.000000
dijkstra-dial-skip,with_roads,sierpinski_evil,318,206.693000,1,1.000000
dijkstra-dial-skip,with_roads,sierpinski_evil,70,206.794000,1,1.000000
dijkstra-dial-skip,with_roads,sierpinski_evil,246,212.859000,1,1.000000
dijkstra-dial-skip,with_roads,sierpinski_evil,765,197.187000,1,1.000000
dijkstra-dial-skip,with_roads,sierpinski_evil,389,201.778000,1,1.000000
dijkstra-dial-skip,with_roads,sierpinski_evil,247,202.230000,1,1.000000
dijkstra-dial-skip,with_roads,sierpinski_evil,651,211.830000,1,1.000000
dijkstra-dial-skip,no_roads,socket,167,222.943000,1,1.000000
dijkstra-dial-skip,no_roads,socket,35,199.844000,1,1.000000
dijkstra-dial-skip,no_roads,socket,433,202.604000,1,1.000000
dijkstra-dial-skip,no_roads,socket,387,209.908000,1,1.000000
dijkstra-dial-skip,no_roads,socket,354,205.870000,1,1.000000
dijkstra-dial-skip,no_roads,socket,225,201.046000,1,1.000000
dijkstra-dial-skip,no_roads,socket,157,209.451000,1,1.000000
dijkstra-dial-skip,no_roads,socket,886,204.889000,1,1.000000
dijkstra-dial-skip,no_roads,socket,140,216.532000,1,1.000000
dijkstra-dial-skip,no_roads,socket,958,208.351000,1,1.000000
dijkstra-dial-skip,no_roads,socket,702,239.638000,1,1.000000
dijkstra-dial-skip,no_roads,socket,45,214.548000,1,1.000000
dijkstra-dial-skip,no_roads,socket,43,202.529000,1,1.000000
dijkstra-dial-skip,no_roads,socket,147,201.838000,1,1.000000
dijkstra-dial-skip,no_roads,socket,347,200.056000,1,1.000000
dijkstra-dial-skip,no_roads,socket,372,214.791000,1,1.000000
dijkstra-dial-skip,no_roads,socket,814,211.278000,1,1.000000
dijkstra-dial-skip,no_roads,socket,979,200.808000,1,1.000000
dijkstra-dial-skip,no_roads,socket,38,210.910000,1,1.000000
dijkstra-dial-skip,no_roads,socket,906,218.438000,1,1.000000
dijkstra-dial-skip,no_roads,socket,303,220.738000,1,1.000000
dijkstra-dial-skip,no_roads,socket,886,200.736000,1,1.000000
dijkstra-dial-skip,no_roads,socket,697,209.526000,1,1.000000
dijkstra-dial-skip,no_roads,socket,351,205.903000,1,1.000000
dijkstra-dial-skip,no_roads,socket,735,197.541000,1,1.000000
dijkstra-dial-skip,no_roads,socket,957,206.162000,1,1.000000
dijkstra-dial-skip,no_roads,socket,436,199.654000,1,1.000000
dijkstra-dial-skip,no_roads,socket,6,208.360000,1,1.000000
dijkstra-dial-skip,no_roads,socket,253,202.335000,1,1.000000
dijkstra-dial-skip,no_roads,socket,702,208.441000,1,1.000000
dijkstra-dial-skip,no_roads,socket,572,200.501000,1,1.000000
dijkstra-dial-skip,no_roads,socket,436,196.551000,1,1.000000
dijkstra-dial-skip,no_roads,socket,247,201.926000,1,1.000000
dijkstra-dial-skip,no_roads,socket,335,199.244000,1,1.000000
dijkstra-dial-skip,no_roads,socket,568,197.737000,1,1.000000
dijkstra-dial-skip,no_roads,socket,157,207.822000,1,1.000000
dijkstra-dial-skip,no_roads,socket,146,198.705000,1,1.000000
dijkstra-dial-skip,no_roads,socket,629,201.307000,1,1.000000
dijkstra-dial-skip,no_roads,socket,152,208.912000,1,1.000000
dijkstra-dial-skip,no_roads,socket,594,203.842000,1,1.000000
dijkstra-dial-skip,no_roads,socket,579,205.167000,1,1.000000
dijkstra-dial-skip,no_roads,socket,981,201.306000,1,1.000000
dijkstra-dial-skip,no_roads,socket,419,213.809000,1,1.000000
dijkstra-dial-skip,no_roads,socket,70,212.524000,1,1.000000
dijkstra-dial-skip,no_roads,socket,747,244.734000,1,1.000000
dijkstra-dial-skip,no_roads,socket,864,225.017000,1,1.000000
dijkstra-dial-skip,no_roads,socket,196,195.694000,1,1.000000
dijkstra-dial-skip,no_roads,socket,627,197.163000,1,1.000000
dijkstra-dial-skip,no_roads,socket,116,204.893000,1,1.000000
dijkstra-dial-skip,no_roads,socket,896,206.129000,1,1.000000
dijkstra-dial-skip,no_roads,socket,483,200.980000,1,1.000000
dijkstra-dial-skip,no_roads,socket,597,197.490000,1,1.000000
dijkstra-dial-skip,no_roads,socket,943,204.541000,1,1.000000
dijkstra-dial-skip,no_roads,socket,293,199.620000,1,1.000000
dijkstra-dial-skip,no_roads,socket,107,214.227000,1,1.000000
dijkstra-dial-skip,no_roads,socket,75,202.467000,1,1.000000
dijkstra-dial-skip,no_roads,socket,360,207.040000,1,1.000000
dijkstra-dial-skip,no_roads,socket,448,212.846000,1,1.000000
dijkstra-dial-skip,no_roads,socket,117,217.558000,1,1.000000
dijkstra-dial-skip,no_roads,socket,372,206.556000,1,1.000000
dijkstra-dial-skip,no_roads,socket,156,204.981000,1,1.000000
dijkstra-dial-skip,no_roads,socket,629,203.855000,1,1.000000
dijkstra-dial-skip,no_roads,socket,436,203.680000,1,1.000000
dijkstra-dial-skip,no_roads,socket,741,218.349000,1,1.000000
dijkstra-dial-skip,no_roads,socket,602,218.697000,1,1.000000
dijkstra-dial-skip,no_roads,socket,257,221.018000,1,1.000000
dijkstra-dial-skip,no_roads,socket,609,222.959000,1,1.000000
dijkstra-dial-skip,no_roads,socket,590,264.568000,1,1.000000
dijkstra-dial-skip,no_roads,socket,323,215.920000,1,1.000000
dijkstra-dial-skip,no_roads,socket,422,244.693000,1,1.000000
dijkstra-dial-skip,no_roads,socket,109,213.188000,1,1.000000
dijkstra-dial-skip,no_roads,socket,988,216.434000,1,1.000000
dijkstra-dial-skip,no_roads,socket,269,208.940000,1,1.000000
dijkstra-dial-skip,no_roads,socket,861,214.371000,1,1.000000
dijkstra-dial-skip,no_roads,socket,387,204.877000,1,1.000000
dijkstra-dial-skip,no_roads,socket,258,213.167000,1,1.000000
dijkstra-dial-skip,no_roads,socket,753,213.249000,1,1.000000
dijkstra-dial-skip,no_roads,socket,628,211.666000,1,1.000000
dijkstra-dial-skip,no_roads,socket,428,207.174000,1,1.000000
dijkstra-dial-skip,no_roads,socket,902,213.561000,1,1.000000
dijkstra-dial-skip,no_roads,socket,348,215.637000,1,1.000000
dijkstra-dial-skip,no_roads,socket,546,227.306000,1,1.000000
dijkstra-dial-skip,no_roads,socket,89,225.565000,1,1.000000
dijkstra-dial-skip,no_roads,socket,361,220.374000,1,1.000000
dijkstra-dial-skip,no_roads,socket,45,210.328000,1,1.000000
dijkstra-dial-skip,no_roads,socket,537,209.970000,1,1.000000
dijkstra-dial-skip,no_roads,socket,654,219.662000,1,1.000000
dijkstra-dial-skip,no_roads,socket,423,218.383000,1,1.000000
dijkstra-dial-skip,no_roads,socket,103,224.646000,1,1.000000
dijkstra-dial-skip,no_roads,socket,331,207.104000,1,1.000000
dijkstra-dial-skip,no_roads,socket,928,208.221000,1,1.000000
dijkstra-dial-skip,no_roads,socket,536,206.780000,1,1.000000
dijkstra-dial-skip,no_roads,socket,332,203.147000,1,1.000000
dijkstra-dial-skip,no_roads,socket,808,209.487000,1,1.000000
dijkstra-dial-skip,no_roads,socket,646,205.450000,1,1.000000
dijkstra-dial-skip,no_roads,socket,746,205.073000,1,1.000000
dijkstra-dial-skip,no_roads,socket,229,206.084000,1,1.000000
dijkstra-dial-skip,no_roads,socket,420,207.834000,1,1.000000
dijkstra-dial-skip,no_roads,socket,225,209.161000,1,1.000000
dijkstra-dial-skip,no_roads,socket,389,202.535000,1,1.000000
dijkstra-dial-skip,with_roads,socket,167,260.915000,1,1.000000
dijkstra-dial-skip,with_roads,socket,35,204.877000,1,1.000000
dijkstra-dial-skip,with_roads,socket,433,213.655000,1,1.000000
dijkstra-dial-skip,with_roads,socket,387,209.259000,1,1.000000
dijkstra-dial-skip,with_roads,socket,354,203.834000,1,1.000000
dijkstra-dial-skip,with_roads,socket,225,202.689000,1,1.000000
dijkstra-dial-skip,with_roads,socket,157,205.861000,1,1.000000
dijkstra-dial-skip,with_roads,socket,886,196.084000,1,1.000000
dijkstra-dial-skip,with_roads,socket,140,228.881000,1,1.000000
dijkstra-dial-skip,with_roads,socket,958,210.551000,1,1.000000
dijkstra-dial-skip,with_roads,socket,702,213.237000,1,1.000000
dijkstra-dial-skip,with_roads,socket,45,214.206000,1,1.000000
dijkstra-dial-skip,with_roads,socket,43,217.113000,1,1.000000
dijkstra-dial-skip,with_roads,socket,147,211.394000,1,1.000000
dijkstra-dial-skip,with_roads,socket,347,217.971000,1,1.000000
dijkstra-dial-skip,with_roads,socket,372,209.384000,1,1.000000
dijkstra-dial-skip,with_roads,socket,814,224.341000,1,1.000000
dijkstra-dial-skip,with_roads,socket,979,209.644000,1,1.000000
dijkstra-dial-skip,with_roads,socket,38,261.784000,1,1.000000
dijkstra-dial-skip,with_roads,socket,906,217.337000,1,1.000000
dijkstra-dial-skip,with_roads,socket,303,210.386000,1,1.000000
dijkstra-dial-skip,with_roads,socket,886,206.653000,1,1.000000
dijkstra-dial-skip,with_roads,socket,697,214.650000,1,1.000000
dijkstra-dial-skip,with_roads,socket,351,206.453000,1,1.000000
dijkstra-dial-skip,with_roads,socket,735,206.068000,1,1.000000
dijkstra-dial-skip,with_roads,socket,957,231.409000,1,1.000000
dijkstra-dial-skip,with_roads,socket,436,211.986000,1,1.000000
dijkstra-dial-skip,with_roads,socket,6,208.901000,1,1.000000
dijkstra-dial-skip,with_roads,socket,253,202.891000,1,1.000000
dijkstra-dial-skip,with_roads,socket,702,214.947000,1,1.000000
dijkstra-dial-skip,with_roads,socket,572,215.229000,1,1.000000
dijkstra-dial-skip,with_roads,socket,436,210.760000,1,1.000000
dijkstra-dial-skip,with_roads,socket,247,212.703000,1,1.000000
dijkstra-dial-skip,with_roads,socket,335,208.183000,1,1.000000
dijkstra-dial-skip,with_roads,socket,568,205.084000,1,1.000000
dijkstra-dial-skip,with_roads,socket,157,200.068000,1,1.000000
dijkstra-dial-skip,with_roads,socket,146,203.108000,1,1.000000
dijkstra-dial-skip,with_roads,socket,629,204.894000,1,1.000000
dijkstra-dial-skip,with_roads,socket,152,212.274000,1,1.000000
dijkstra-dial-skip,with_roads,socket,594,209.519000,1,1.000000
dijkstra-dial-skip,with_roads,socket,579,206.912000,1,1.000000
dijkstra-dial-skip,with_roads,socket,981,219.430000,1,1.000000
dijkstra-dial-skip,with_roads,socket,419,206.967000,1,1.000000
dijkstra-dial-skip,with_roads,socket,70,224.527000,1,1.000000
dijkstra-dial-skip,with_roads,socket,747,212.869000,1,1.000000
dijkstra-dial-skip,with_roads,socket,864,214.047000,1,1.000000
dijkstra-dial-skip,with_roads,socket,196,210.087000,1,1.000000
dijkstra-dial-skip,with_roads,socket,627,210.755000,1,1.000000
dijkstra-dial-skip,with_roads,socket,116,207.977000,1,1.000000
dijkstra-dial-skip,with_roads,socket,896,209.633000,1,1.000000
dijkstra-dial-skip,with_roads,socket,483,199.422000,1,1.000000
dijkstra-dial-skip,with_roads,socket,597,217.916000,1,1.000000
dijkstra-dial-skip,with_roads,socket,943,215.485000,1,1.000000
dijkstra-dial-skip,with_roads,socket,293,218.741000,1,1.000000
dijkstra-dial-skip,with_roads,socket,107,212.847000,1,1.000000
dijkstra-dial-skip,with_roads,socket,75,209.552000,1,1.000000
dijkstra-dial-skip,with_roads,socket,360,208.298000,1,1.000000
dijkstra-dial-skip,with_roads,socket,448,214.345000,1,1.000000
dijkstra-dial-skip,with_roads,socket,117,204.731000,1,1.000000
dijkstra-dial-skip,with_roads,socket,372,200.290000,1,1.000000
dijkstra-dial-skip,with_roads,socket,156,200.723000,1,1.000000
dijkstra-dial-skip,with_roads,socket,629,203.610000,1,1.000000
dijkstra-dial-skip,with_roads,socket,436,204.935000,1,1.000000
dijkstra-dial-skip,with_roads,socket,741,224.168000,1,1.000000
dijkstra-dial-skip,with_roads,socket,602,209.430000,1,1.000000
dijkstra-dial-skip,with_roads,socket,257,203.784000,1,1.000000
dijkstra-dial-skip,with_roads,socket,609,210.127000,1,1.000000
dijkstra-dial-skip,with_roads,socket,590,199.684000,1,1.000000
dijkstra-dial-skip,with_roads,socket,323,195.913000,1,1.000000
dijkstra-dial-skip,with_roads,socket,422,204.951000,1,1.000000
dijkstra-dial-skip,with_roads,socket,109,202.586000,1,1.000000
dijkstra-dial-skip,with_roads,socket,988,219.496000,1,1.000000
dijkstra-dial-skip,with_roads,socket,269,206.519000,1,1.000000
dijkstra-dial-skip,with_roads,socket,861,208.608000,1,1.000000
dijkstra-dial-skip,with_roads,socket,387,205.598000,1,1.000000
dijkstra-dial-skip,with_roads,socket,258,208.378000,1,1.000000
dijkstra-dial-skip,with_roads,socket,753,212.577000,1,1.000000
dijkstra-dial-skip,with_roads,socket,628,215.981000,1,1.000000
dijkstra-dial-skip,with_roads,socket,428,209.309000,1,1.000000
dijkstra-dial-skip,with_roads,socket,902,215.458000,1,1.000000
dijkstra-dial-skip,with_roads,socket,348,211.748000,1,1.000000
dijkstra-dial-skip,with_roads,socket,546,215.932000,1,1.000000
dijkstra-dial-skip,with_roads,socket,89,216.274000,1,1.000000
dijkstra-dial-skip,with_roads,socket,361,209.049000,1,1.000000
dijkstra-dial-skip,with_roads,socket,45,217.875000,1,1.000000
dijkstra-dial-skip,with_roads,socket,537,212.520000,1,1.000000
dijkstra-dial-skip,with_roads,socket,654,228.942000,1,1.000000
dijkstra-dial-skip,with_roads,socket,423,224.034000,1,1.000000
dijkstra-dial-skip,with_roads,socket,103,231.448000,1,1.000000
dijkstra-dial-skip,with_roads,socket,331,237.132000,1,1.000000
dijkstra-dial-skip,with_roads,socket,928,286.796000,1,1.000000
dijkstra-dial-skip,with_roads,socket,536,332.192000,1,1.000000
dijkstra-dial-skip,with_roads,socket,332,271.334000,1,1.000000
dijkstra-dial-skip,with_roads,socket,808,205.839000,1,1.000000
dijkstra-dial-skip,with_roads,socket,646,200.036000,1,1.000000
dijkstra-dial-skip,with_roads,socket,746,202.882000,1,1.000000
dijkstra-dial-skip,with_roads,socket,229,203.550000,1,1.000000
dijkstra-dial-skip,with_roads,socket,420,196.033000,1,1.000000
dijkstra-dial-skip,with_roads,socket,225,201.106000,1,1.000000
dijkstra-dial-skip,with_roads,socket,389,202.169000,1,1.000000
dijkstra-dial-skip,no_roads,spikes,162,223.227000,1,1.000000
dijkstra-dial-skip,no_roads,spikes,35,196.683000,1,1.000000
dijkstra-dial-skip,no_roads,spikes,431,193.786000,1,1.000000
dijkstra-dial-skip,no_roads,spikes,376,261.014000,1,1.000000
dijkstra-dial-skip,no_roads,spikes,342,189.879000,1,1.000000
dijkstra-dial-skip,no_roads,spikes,200,199.546000,1,1.000000
dijkstra-dial-skip,no_roads,spikes,148,193.801000,1,1.000000
dijkstra-dial-skip,no_roads,spikes,934,190.252000,1,1.000000
dijkstra-dial-skip,no_roads,spikes,124,192.856000,1,1.000000
dijkstra-dial-skip,no_roads,spikes,680,195.600000,1,1.000000
dijkstra-dial-skip,no_roads,spikes,42,212.417000,1,1.000000
dijkstra-dial-skip,no_roads,spikes,40,197.271000,1,1.000000
dijkstra-dial-skip,no_roads,spikes,135,196.912000,1,1.000000
dijkstra-dial-skip,no_roads,spikes,334,200.741000,1,1.000000
dijkstra-dial-skip,no_roads,spikes,358,201.565000,1,1.000000
dijkstra-dial-skip,no_roads,spikes,841,201.998000,1,1.000000
dijkstra-dial-skip,no_roads,spikes,37,197.024000,1,1.000000
dijkstra-dial-skip,no_roads,spikes,985,196.048000,1,1.000000
dijkstra-dial-skip,no_roads,spikes,301,204.100000,1,1.000000
dijkstra-dial-skip,no_roads,spikes,934,199.486000,1,1.000000
dijkstra-dial-skip,no_roads,spikes,672,202.255000,1,1.000000
dijkstra-dial-skip,no_roads,spikes,337,195.120000,1,1.000000
dijkstra-dial-skip,no_roads,spikes,730,193.768000,1,1.000000
dijkstra-dial-skip,no_roads,spikes,440,194.867000,1,1.000000
dijkstra-dial-skip,no_roads,spikes,6,201.616000,1,1.000000
dijkstra-dial-skip,no_roads,spikes,234,197.262000,1,1.000000
dijkstra-dial-skip,no_roads,spikes,680,223.390000,1,1.000000
dijkstra-dial-skip,no_roads,spikes,533,190.024000,1,1.000000
dijkstra-dial-skip,no_roads,spikes,440,210.250000,1,1.000000
dijkstra-dial-skip,no_roads,spikes,228,189.872000,1,1.000000
dijkstra-dial-skip,no_roads,spikes,330,213.461000,1,1.000000
dijkstra-dial-skip,no_roads,spikes,528,190.941000,1,1.000000
dijkstra-dial-skip,no_roads,spikes,148,193.290000,1,1.000000
dijkstra-dial-skip,no_roads,spikes,132,198.856000,1,1.000000
dijkstra-dial-skip,no_roads,spikes,607,201.732000,1,1.000000
dijkstra-dial-skip,no_roads,spikes,140,191.962000,1,1.000000
dijkstra-dial-skip,no_roads,spikes,566,198.473000,1,1.000000
dijkstra-dial-skip,no_roads,spikes,537,197.382000,1,1.000000
dijkstra-dial-skip,no_roads,spikes,414,209.586000,1,1.000000
dijkstra-dial-skip,no_roads,spikes,60,193.134000,1,1.000000
dijkstra-dial-skip,no_roads,spikes,749,198.836000,1,1.000000
dijkstra-dial-skip,no_roads,spikes,917,199.170000,1,1.000000
dijkstra-dial-skip,no_roads,spikes,180,181.964000,1,1.000000
dijkstra-dial-skip,no_roads,spikes,601,196.530000,1,1.000000
dijkstra-dial-skip,no_roads,spikes,114,222.957000,1,1.000000
dijkstra-dial-skip,no_roads,spikes,959,200.349000,1,1.000000
dijkstra-dial-skip,no_roads,spikes,463,186.430000,1,1.000000
dijkstra-dial-skip,no_roads,spikes,570,194.003000,1,1.000000
dijkstra-dial-skip,no_roads,spikes,290,192.935000,1,1.000000
dijkstra-dial-skip,no_roads,spikes,99,187.825000,1,1.000000
dijkstra-dial-skip,no_roads,spikes,62,196.461000,1,1.000000
dijkstra-dial-skip,no_roads,spikes,349,187.948000,1,1.000000
dijkstra-dial-skip,no_roads,spikes,457,192.126000,1,1.000000
dijkstra-dial-skip,no_roads,spikes,115,196.437000,1,1.000000
dijkstra-dial-skip,no_roads,spikes,358,242.732000,1,1.000000
dijkstra-dial-skip,no_roads,spikes,147,214.499000,1,1.000000
dijkstra-dial-skip,no_roads,spikes,607,195.797000,1,1.000000
dijkstra-dial-skip,no_roads,spikes,440,193.428000,1,1.000000
dijkstra-dial-skip,no_roads,spikes,736,238.653000,1,1.000000
dijkstra-dial-skip,no_roads,spikes,575,189.413000,1,1.000000
dijkstra-dial-skip,no_roads,spikes,238,200.449000,1,1.000000
dijkstra-dial-skip,no_roads,spikes,585,199.195000,1,1.000000
dijkstra-dial-skip,no_roads,spikes,553,195.327000,1,1.000000
dijkstra-dial-skip,no_roads,spikes,320,196.738000,1,1.000000
dijkstra-dial-skip,no_roads,spikes,421,193.954000,1,1.000000
dijkstra-dial-skip,no_roads,spikes,101,200.637000,1,1.000000
dijkstra-dial-skip,no_roads,spikes,251,197.471000,1,1.000000
dijkstra-dial-skip,no_roads,spikes,909,203.855000,1,1.000000
dijkstra-dial-skip,no_roads,spikes,376,199.619000,1,1.000000
dijkstra-dial-skip,no_roads,spikes,239,204.123000,1,1.000000
dijkstra-dial-skip,no_roads,spikes,757,207.108000,1,1.000000
dijkstra-dial-skip,no_roads,spikes,606,198.081000,1,1.000000
dijkstra-dial-skip,no_roads,spikes,426,215.313000,1,1.000000
dijkstra-dial-skip,no_roads,spikes,970,206.572000,1,1.000000
dijkstra-dial-skip,no_roads,spikes,336,206.421000,1,1.000000
dijkstra-dial-skip,no_roads,spikes,509,205.511000,1,1.000000
dijkstra-dial-skip,no_roads,spikes,79,211.151000,1,1.000000
dijkstra-dial-skip,no_roads,spikes,350,197.865000,1,1.000000
dijkstra-dial-skip,no_roads,spikes,42,196.180000,1,1.000000
dijkstra-dial-skip,no_roads,spikes,494,195.790000,1,1.000000
dijkstra-dial-skip,no_roads,spikes,640,207.278000,1,1.000000
dijkstra-dial-skip,no_roads,spikes,423,199.932000,1,1.000000
dijkstra-dial-skip,no_roads,spikes,95,201.558000,1,1.000000
dijkstra-dial-skip,no_roads,spikes,324,198.451000,1,1.000000
dijkstra-dial-skip,no_roads,spikes,493,200.959000,1,1.000000
dijkstra-dial-skip,no_roads,spikes,325,201.706000,1,1.000000
dijkstra-dial-skip,no_roads,spikes,830,202.310000,1,1.000000
dijkstra-dial-skip,no_roads,spikes,631,194.720000,1,1.000000
dijkstra-dial-skip,no_roads,spikes,747,197.335000,1,1.000000
dijkstra-dial-skip,no_roads,spikes,205,197.250000,1,1.000000
dijkstra-dial-skip,no_roads,spikes,416,200.529000,1,1.000000
dijkstra-dial-skip,no_roads,spikes,200,200.909000,1,1.000000
dijkstra-dial-skip,no_roads,spikes,385,194.299000,1,1.000000
dijkstra-dial-skip,no_roads,spikes,985,220.152000,1,1.000000
dijkstra-dial-skip,no_roads,spikes,919,226.990000,1,1.000000
dijkstra-dial-skip,no_roads,spikes,413,192.914000,1,1.000000
dijkstra-dial-skip,no_roads,spikes,692,196.304000,1,1.000000
dijkstra-dial-skip,no_roads,spikes,638,205.799000,1,1.000000
dijkstra-dial-skip,no_roads,spikes,570,199.503000,1,1.000000
dijkstra-dial-skip,no_roads,spikes,336,195.512000,1,1.000000
dijkstra-dial-skip,with_roads,spikes,162,221.502000,1,1.000000
dijkstra-dial-skip,with_roads,spikes,35,207.232000,1,1.000000
dijkstra-dial-skip,with_roads,spikes,431,213.423000,1,1.000000
dijkstra-dial-skip,with_roads,spikes,376,224.159000,1,1.000000
dijkstra-dial-skip,with_roads,spikes,342,198.851000,1,1.000000
dijkstra-dial-skip,with_roads,spikes,200,199.052000,1,1.000000
dijkstra-dial-skip,with_roads,spikes,148,265.182000,1,1.000000
dijkstra-dial-skip,with_roads,spikes,934,211.153000,1,1.000000
dijkstra-dial-skip,with_roads,spikes,124,200.357000,1,1.000000
dijkstra-dial-skip,with_roads,spikes,680,228.764000,1,1.000000
dijkstra-dial-skip,with_roads,spikes,42,221.561000,1,1.000000
dijkstra-dial-skip,with_roads,spikes,40,196.662000,1,1.000000
dijkstra-dial-skip,with_roads,spikes,135,203.062000,1,1.000000
dijkstra-dial-skip,with_roads,spikes,334,199.081000,1,1.000000
dijkstra-dial-skip,with_roads,spikes,358,201.848000,1,1.000000
dijkstra-dial-skip,with_roads,spikes,841,199.471000,1,1.000000
dijkstra-dial-skip,with_roads,spikes,37,201.880000,1,1.000000
dijkstra-dial-skip,with_roads,spikes,985,204.330000,1,1.000000
dijkstra-dial-skip,with_roads,spikes,301,215.044000,1,1.000000
dijkstra-dial-skip,with_roads,spikes,934,200.916000,1,1.000000
dijkstra-dial-skip,with_roads,spikes,672,219.282000,1,1.000000
dijkstra-dial-skip,with_roads,spikes,337,199.126000,1,1.000000
dijkstra-dial-skip,with_roads,spikes,730,206.936000,1,1.000000
dijkstra-dial-skip,with_roads,spikes,440,198.329000,1,1.000000
dijkstra-dial-skip,with_roads,spikes,6,199.805000,1,1.000000
dijkstra-dial-skip,with_roads,spikes,234,199.703000,1,1.000000
dijkstra-dial-skip,with_roads,spikes,680,197.799000,1,1.000000
dijkstra-dial-skip,with_roads,spikes,533,199.722000,1,1.000000
dijkstra-dial-skip,with_roads,spikes,440,204.717000,1,1.000000
dijkstra-dial-skip,with_roads,spikes,228,209.166000,1,1.000000
dijkstra-dial-skip,with_roads,spikes,330,193.791000,1,1.000000
dijkstra-dial-skip,with_roads,spikes,528,213.193000,1,1.000000
dijkstra-dial-skip,with_roads,spikes,148,197.557000,1,1.000000
dijkstra-dial-skip,with_roads,spikes,132,216.394000,1,1.000000
dijkstra-dial-skip,with_roads,spikes,607,196.919000,1,1.000000
dijkstra-dial-skip,with_roads,spikes,140,190.738000,1,1.000000
dijkstra-dial-skip,with_roads,spikes,566,197.233000,1,1.000000
dijkstra-dial-skip,with_roads,spikes,537,196.194000,1,1.000000
dijkstra-dial-skip,with_roads,spikes,414,198.360000,1,1.000000
dijkstra-dial-skip,with_roads,spikes,60,196.613000,1,1.000000
dijkstra-dial-skip,with_roads,spikes,749,211.388000,1,1.000000
dijkstra-dial-skip,with_roads,spikes,917,202.619000,1,1.000000
dijkstra-dial-skip,with_roads,spikes,180,192.232000,1,1.000000
dijkstra-dial-skip,with_roads,spikes,601,201.536000,1,1.000000
dijkstra-dial-skip,with_roads,spikes,114,205.157000,1,1.000000
dijkstra-dial-skip,with_roads,spikes,959,204.142000,1,1.000000
dijkstra-dial-skip,with_roads,spikes,463,192.543000,1,1.000000
dijkstra-dial-skip,with_roads,spikes,570,196.980000,1,1.000000
dijkstra-dial-skip,with_roads,spikes,290,203.154000,1,1.000000
dijkstra-dial-skip,with_roads,spikes,99,239.895000,1,1.000000
dijkstra-dial-skip,with_roads,spikes,62,192.760000,1,1.000000
dijkstra-dial-skip,with_roads,spikes,349,193.260000,1,1.000000
dijkstra-dial-skip,with_roads,spikes,457,192.174000,1,1.000000
dijkstra-dial-skip,with_roads,spikes,115,195.496000,1,1.000000
dijkstra-dial-skip,with_roads,spikes,358,195.115000,1,1.000000
dijkstra-dial-skip,with_roads,spikes,147,198.442000,1,1.000000
dijkstra-dial-skip,with_roads,spikes,607,203.458000,1,1.000000
dijkstra-dial-skip,with_roads,spikes,440,199.615000,1,1.000000
dijkstra-dial-skip,with_roads,spikes,736,217.892000,1,1.000000
dijkstra-dial-skip,with_roads,spikes,575,204.052000,1,1.000000
dijkstra-dial-skip,with_roads,spikes,238,219.769000,1,1.000000
dijkstra-dial-skip,with_roads,spikes,585,200.523000,1,1.000000
dijkstra-dial-skip,with_roads,spikes,553,215.921000,1,1.000000
dijkstra-dial-skip,with_roads,spikes,320,229.473000,1,1.000000
dijkstra-dial-skip,with_roads,spikes,421,203.769000,1,1.000000
dijkstra-dial-skip,with_roads,spikes,101,197.038000,1,1.000000
dijkstra-dial-skip,with_roads,spikes,251,201.102000,1,1.000000
dijkstra-dial-skip,with_roads,spikes,909,218.120000,1,1.000000
dijkstra-dial-skip,with_roads,spikes,376,197.395000,1,1.000000
dijkstra-dial-skip,with_roads,spikes,239,201.026000,1,1.000000
dijkstra-dial-skip,with_roads,spikes,757,204.136000,1,1.000000
dijkstra-dial-skip,with_roads,spikes,606,225.397000,1,1.000000
dijkstra-dial-skip,with_roads,spikes,426,197.240000,1,1.000000
dijkstra-dial-skip,with_roads,spikes,970,194.586000,1,1.000000
dijkstra-dial-skip,with_roads,spikes,336,232.754000,1,1.000000
dijkstra-dial-skip,with_roads,spikes,509,199.470000,1,1.000000
dijkstra-dial-skip,with_roads,spikes,79,198.671000,1,1.000000
dijkstra-dial-skip,with_roads,spikes,350,194.390000,1,1.000000
dijkstra-dial-skip,with_roads,spikes,42,195.884000,1,1.000000
dijkstra-dial-skip,with_roads,spikes,494,194.444000,1,1.000000
dijkstra-dial-skip,with_roads,spikes,640,196.067000,1,1.000000
dijkstra-dial-skip,with_roads,spikes,423,197.776000,1,1.000000
dijkstra-dial-skip,with_roads,spikes,95,198.908000,1,1.000000
dijkstra-dial-skip,with_roads,spikes,324,191.594000,1,1.000000
dijkstra-dial-skip,with_roads,spikes,493,192.528000,1,1.000000
dijkstra-dial-skip,with_roads,spikes,325,214.000000,1,1.000000
dijkstra-dial-skip,with_roads,spikes,830,195.575000,1,1.000000
dijkstra-dial-skip,with_roads,spikes,631,190.778000,1,1.000000
dijkstra-dial-skip,with_roads,spikes,747,204.353000,1,1.000000
dijkstra-dial-skip,with_roads,spikes,205,211.790000,1,1.000000
dijkstra-dial-skip,with_roads,spikes,416,201.892000,1,1.000000
dijkstra-dial-skip,with_roads,spikes,200,193.503000,1,1.000000
dijkstra-dial-skip,with_roads,spikes,385,196.205000,1,1.000000
dijkstra-dial-skip,with_roads,spikes,985,212.370000,1,1.000000
dijkstra-dial-skip,with_roads,spikes,919,219.255000,1,1.000000
dijkstra-dial-skip,with_roads,spikes,413,200.242000,1,1.000000
dijkstra-dial-skip,with_roads,spikes,692,198.744000,1,1.000000
dijkstra-dial-skip,with_roads,spikes,638,201.528000,1,1.000000
dijkstra-dial-skip,with_roads,spikes,570,205.222000,1,1.000000
dijkstra-dial-skip,with_roads,spikes,336,200.180000,1,1.000000
dijkstra-dial-skip,no_roads,starry_night,1550,582.949000,1,1.000000
dijkstra-dial-skip,no_roads,starry_night,251,626.542000,1,1.000000
dijkstra-dial-skip,no_roads,starry_night,54,583.133000,1,1.000000
dijkstra-dial-skip,no_roads,starry_night,1815,562.900000,1,1.000000
dijkstra-dial-skip,no_roads,starry_night,676,581.507000,1,1.000000
dijkstra-dial-skip,no_roads,starry_night,592,588.127000,1,1.000000
dijkstra-dial-skip,no_roads,starry_night,542,583.065000,1,1.000000
dijkstra-dial-skip,no_roads,starry_night,319,559.713000,1,1.000000
dijkstra-dial-skip,no_roads,starry_night,1805,547.267000,1,1.000000
dijkstra-dial-skip,no_roads,starry_night,230,11.477000,1,1.000000
dijkstra-dial-skip,no_roads,starry_night,1651,553.499000,1,1.000000
dijkstra-dial-skip,no_roads,starry_night,1813,558.904000,1,1.000000
dijkstra-dial-skip,no_roads,starry_night,1315,600.498000,1,1.000000
dijkstra-dial-skip,no_roads,starry_night,194,545.418000,1,1.000000
dijkstra-dial-skip,no_roads,starry_night,1433,537.126000,1,1.000000
dijkstra-dial-skip,no_roads,starry_night,1024,553.159000,1,1.000000
dijkstra-dial-skip,no_roads,starry_night,69,581.316000,1,1.000000
dijkstra-dial-skip,no_roads,starry_night,65,559.720000,1,1.000000
dijkstra-dial-skip,no_roads,starry_night,208,545.573000,1,1.000000
dijkstra-dial-skip,no_roads,starry_night,530,565.855000,1,1.000000
dijkstra-dial-skip,no_roads,starry_night,563,545.879000,1,1.000000
dijkstra-dial-skip,no_roads,starry_night,1225,554.694000,1,1.000000
dijkstra-dial-skip,no_roads,starry_night,1461,540.407000,1,1.000000
dijkstra-dial-skip,no_roads,starry_night,57,555.073000,1,1.000000
dijkstra-dial-skip,no_roads,starry_night,1351,567.900000,1,1.000000
dijkstra-dial-skip,no_roads,starry_night,482,545.046000,1,1.000000
dijkstra-dial-skip,no_roads,starry_night,1755,547.722000,1,1.000000
dijkstra-dial-skip,no_roads,starry_night,1580,554.115000,1,1.000000
dijkstra-dial-skip,no_roads,starry_night,1722,564.978000,1,1.000000
dijkstra-dial-skip,no_roads,starry_night,1315,551.095000,1,1.000000
dijkstra-dial-skip,no_roads,starry_night,1019,566.387000,1,1.000000
dijkstra-dial-skip,no_roads,starry_night,534,549.582000,1,1.000000
dijkstra-dial-skip,no_roads,starry_night,1091,560.937000,1,1.000000
dijkstra-dial-skip,no_roads,starry_night,1425,553.838000,1,1.000000
dijkstra-dial-skip,no_roads,starry_night,682,554.904000,1,1.000000
dijkstra-dial-skip,no_roads,starry_night,1972,12.280000,1,1.000000
dijkstra-dial-skip,no_roads,starry_night,14,569.715000,1,1.000000
dijkstra-dial-skip,no_roads,starry_night,1858,552.273000,1,1.000000
dijkstra-dial-skip,no_roads,starry_night,1964,564.087000,1,1.000000
dijkstra-dial-skip,no_roads,starry_night,376,550.836000,1,1.000000
dijkstra-dial-skip,no_roads,starry_night,1710,570.636000,1,1.000000
dijkstra-dial-skip,no_roads,starry_night,1025,562.051000,1,1.000000
dijkstra-dial-skip,no_roads,starry_night,825,570.276000,1,1.000000
dijkstra-dial-skip,no_roads,starry_night,682,570.937000,1,1.000000
dijkstra-dial-skip,no_roads,starry_night,363,586.413000,1,1.000000
dijkstra-dial-skip,no_roads,starry_night,521,568.068000,1,1.000000
dijkstra-dial-skip,no_roads,starry_night,1868,11.432000,1,1.000000
dijkstra-dial-skip,no_roads,starry_night,816,651.763000,1,1.000000
dijkstra-dial-skip,no_roads,starry_night,230,11.426000,1,1.000000
dijkstra-dial-skip,no_roads,starry_night,206,557.442000,1,1.000000
dijkstra-dial-skip,no_roads,starry_night,918,532.189000,1,1.000000
dijkstra-dial-skip,no_roads,starry_night,217,537.003000,1,1.000000
dijkstra-dial-skip,no_roads,starry_night,866,553.100000,1,1.000000
dijkstra-dial-skip,no_roads,starry_night,833,547.992000,1,1.000000
dijkstra-dial-skip,no_roads,starry_night,1466,562.371000,1,1.000000
dijkstra-dial-skip,no_roads,starry_night,647,549.551000,1,1.000000
dijkstra-dial-skip,no_roads,starry_night,1967,16.428000,1,1.000000
dijkstra-dial-skip,no_roads,starry_night,94,549.612000,1,1.000000
dijkstra-dial-skip,no_roads,starry_night,1788,560.162000,1,1.000000
dijkstra-dial-skip,no_roads,starry_night,1118,557.627000,1,1.000000
dijkstra-dial-skip,no_roads,starry_night,1297,548.925000,1,1.000000
dijkstra-dial-skip,no_roads,starry_night,286,558.715000,1,1.000000
dijkstra-dial-skip,no_roads,starry_night,915,576.532000,1,1.000000
dijkstra-dial-skip,no_roads,starry_night,175,578.696000,1,1.000000
dijkstra-dial-skip,no_roads,starry_night,1330,555.049000,1,1.000000
dijkstra-dial-skip,no_roads,starry_night,720,567.142000,1,1.000000
dijkstra-dial-skip,no_roads,starry_night,2015,592.779000,1,1.000000
dijkstra-dial-skip,no_roads,starry_night,1525,552.016000,1,1.000000
dijkstra-dial-skip,no_roads,starry_night,1500,570.852000,1,1.000000
dijkstra-dial-skip,no_roads,starry_night,871,559.498000,1,1.000000
dijkstra-dial-skip,no_roads,starry_night,1394,554.530000,1,1.000000
dijkstra-dial-skip,no_roads,starry_night,462,548.742000,1,1.000000
dijkstra-dial-skip,no_roads,starry_night,1728,563.573000,1,1.000000
dijkstra-dial-skip,no_roads,starry_night,151,565.748000,1,1.000000
dijkstra-dial-skip,no_roads,starry_night,99,559.378000,1,1.000000
dijkstra-dial-skip,no_roads,starry_night,1610,533.317000,1,1.000000
dijkstra-dial-skip,no_roads,starry_night,553,560.461000,1,1.000000
dijkstra-dial-skip,no_roads,starry_night,1894,580.266000,1,1.000000
dijkstra-dial-skip,no_roads,starry_night,712,554.457000,1,1.000000
dijkstra-dial-skip,no_roads,starry_night,178,11.637000,1,1.000000
dijkstra-dial-skip,no_roads,starry_night,563,564.487000,1,1.000000
dijkstra-dial-skip,no_roads,starry_night,225,578.591000,1,1.000000
dijkstra-dial-skip,no_roads,starry_night,918,593.538000,1,1.000000
dijkstra-dial-skip,no_roads,starry_night,682,620.959000,1,1.000000
dijkstra-dial-skip,no_roads,starry_night,1106,612.808000,1,1.000000
dijkstra-dial-skip,no_roads,starry_night,1542,601.944000,1,1.000000
dijkstra-dial-skip,no_roads,starry_night,2027,594.555000,1,1.000000
dijkstra-dial-skip,no_roads,starry_night,879,606.109000,1,1.000000
dijkstra-dial-skip,no_roads,starry_night,383,599.046000,1,1.000000
dijkstra-dial-skip,no_roads,starry_night,890,576.967000,1,1.000000
dijkstra-dial-skip,no_roads,starry_night,856,594.548000,1,1.000000
dijkstra-dial-skip,no_roads,starry_night,508,597.912000,1,1.000000
dijkstra-dial-skip,no_roads,starry_night,1633,601.276000,1,1.000000
dijkstra-dial-skip,no_roads,starry_night,652,561.845000,1,1.000000
dijkstra-dial-skip,no_roads,starry_night,1723,568.380000,1,1.000000
dijkstra-dial-skip,no_roads,starry_night,1669,576.380000,1,1.000000
dijkstra-dial-skip,no_roads,starry_night,1572,588.725000,1,1.000000
dijkstra-dial-skip,no_roads,starry_night,155,560.873000,1,1.000000
dijkstra-dial-skip,no_roads,starry_night,1479,573.633000,1,1.000000
dijkstra-dial-skip,no_roads,starry_night,1541,578.628000,1,1.000000
dijkstra-dial-skip,with_roads,starry_night,1550,973.744000,1,1.000000
dijkstra-dial-skip,with_roads,starry_night,251,1198.193000,1,1.000000
dijkstra-dial-skip,with_roads,starry_night,54,668.408000,1,1.000000
dijkstra-dial-skip,with_roads,starry_night,1815,1078.188000,1,1.000000
dijkstra-dial-skip,with_roads,starry_night,676,639.405000,1,1.000000
dijkstra-dial-skip,with_roads,starry_night,592,637.254000,1,1.000000
dijkstra-dial-skip,with_roads,starry_night,542,642.716000,1,1.000000
dijkstra-dial-skip,with_roads,starry_night,319,646.138000,1,1.000000
dijkstra-dial-skip,with_roads,starry_night,1805,684.802000,1,1.000000
dijkstra-dial-skip,with_roads,starry_night,230,14.086000,1,1.000000
dijkstra-dial-skip,with_roads,starry_night,1651,704.788000,1,1.000000
dijkstra-dial-skip,with_roads,starry_night,1813,667.564000,1,1.000000
dijkstra-dial-skip,with_roads,starry_night,1315,647.752000,1,1.000000
dijkstra-dial-skip,with_roads,starry_night,194,684.255000,1,1.000000
dijkstra-dial-skip,with_roads,starry_night,1433,651.716000,1,1.000000
dijkstra-dial-skip,with_roads,starry_night,1024,625.434000,1,1.000000
dijkstra-dial-skip,with_roads,starry_night,69,671.380000,1,1.000000
dijkstra-dial-skip,with_roads,starry_night,65,723.534000,1,1.000000
dijkstra-dial-skip,with_roads,starry_night,208,702.905000,1,1.000000
dijkstra-dial-skip,with_roads,starry_night,530,665.253000,1,1.000000
dijkstra-dial-skip,with_roads,starry_night,563,655.676000,1,1.000000
dijkstra-dial-skip,with_roads,starry_night,1225,671.390000,1,1.000000
dijkstra-dial-skip,with_roads,starry_night,1461,663.708000,1,1.000000
dijkstra-dial-skip,with_roads,starry_night,57,691.314000,1,1.000000
dijkstra-dial-skip,with_roads,starry_night,1351,646.099000,1,1.000000
dijkstra-dial-skip,with_roads,starry_night,482,666.449000,1,1.000000
dijkstra-dial-skip,with_roads,starry_night,1755,645.650000,1,1.000000
dijkstra-dial-skip,with_roads,starry_night,1580,639.024000,1,1.000000
dijkstra-dial-skip,with_roads,starry_night,1722,674.946000,1,1.000000
dijkstra-dial-skip,with_roads,starry_night,1315,669.138000,1,1.000000
dijkstra-dial-skip,with_roads,starry_night,1019,641.539000,1,1.000000
dijkstra-dial-skip,with_roads,starry_night,534,651.336000,1,1.000000
dijkstra-dial-skip,with_roads,starry_night,1091,630.722000,1,1.000000
dijkstra-dial-skip,with_roads,starry_night,1425,654.608000,1,1.000000
dijkstra-dial-skip,with_roads,starry_night,682,656.439000,1,1.000000
dijkstra-dial-skip,with_roads,starry_night,1972,13.702000,1,1.000000
dijkstra-dial-skip,with_roads,starry_night,14,683.747000,1,1.000000
dijkstra-dial-skip,with_roads,starry_night,1858,642.519000,1,1.000000
dijkstra-dial-skip,with_roads,starry_night,1964,664.064000,1,1.000000
dijkstra-dial-skip,with_roads,starry_night,376,671.443000,1,1.000000
dijkstra-dial-skip,with_roads,starry_night,1710,641.765000,1,1.000000
dijkstra-dial-skip,with_roads,starry_night,1025,1195.200000,1,1.000000
dijkstra-dial-skip,with_roads,starry_night,825,650.158000,1,1.000000
dijkstra-dial-skip,with_roads,starry_night,682,749.048000,1,1.000000
dijkstra-dial-skip,with_roads,starry_night,363,1236.772000,1,1.000000
dijkstra-dial-skip,with_roads,starry_night,521,628.735000,1,1.000000
dijkstra-dial-skip,with_roads,starry_night,1868,13.596000,1,1.000000
dijkstra-dial-skip,with_roads,starry_night,816,706.912000,1,1.000000
dijkstra-dial-skip,with_roads,starry_night,230,25.468000,1,1.000000
dijkstra-dial-skip,with_roads,starry_night,206,673.197000,1,1.000000
dijkstra-dial-skip,with_roads,starry_night,918,603.437000,1,1.000000
dijkstra-dial-skip,with_roads,starry_night,217,613.817000,1,1.000000
dijkstra-dial-skip,with_roads,starry_night,866,606.262000,1,1.000000
dijkstra-dial-skip,with_roads,starry_night,833,601.416000,1,1.000000
dijkstra-dial-skip,with_roads,starry_night,1466,594.346000,1,1.000000
dijkstra-dial-skip,with_roads,starry_night,647,631.275000,1,1.000000
dijkstra-dial-skip,with_roads,starry_night,1967,12.498000,1,1.000000
dijkstra-dial-skip,with_roads,starry_night,94,657.682000,1,1.000000
dijkstra-dial-skip,with_roads,starry_night,1788,645.752000,1,1.000000
dijkstra-dial-skip,with_roads,starry_night,1118,566.794000,1,1.000000
dijkstra-dial-skip,with_roads,starry_night,1297,592.418000,1,1.000000
dijkstra-dial-skip,with_roads,starry_night,286,646.267000,1,1.000000
dijkstra-dial-skip,with_roads,starry_night,915,597.161000,1,1.000000
dijkstra-dial-skip,with_roads,starry_night,175,611.557000,1,1.000000
dijkstra-dial-skip,with_roads,starry_night,1330,593.930000,1,1.000000
dijkstra-dial-skip,with_roads,starry_night,720,579.359000,1,1.000000
dijkstra-dial-skip,with_roads,starry_night,2015,578.703000,1,1.000000
dijkstra-dial-skip,with_roads,starry_night,1525,618.204000,1,1.000000
dijkstra-dial-skip,with_roads,starry_night,1500,577.179000,1,1.000000
dijkstra-dial-skip,with_roads,starry_night,871,578.438000,1,1.000000
dijkstra-dial-skip,with_roads,starry_night,1394,599.053000,1,1.000000
dijkstra-dial-skip,with_roads,starry_night,462,580.510000,1,1.000000
dijkstra-dial-skip,with_roads,starry_night,1728,558.617000,1,1.000000
dijkstra-dial-skip,with_roads,starry_night,151,613.766000,1,1.000000
dijkstra-dial-skip,with_roads,starry_night,99,590.078000,1,1.000000
dijkstra-dial-skip,with_roads,starry_night,1610,545.426000,1,1.000000
dijkstra-dial-skip,with_roads,starry_night,553,604.960000,1,1.000000
dijkstra-dial-skip,with_roads,starry_night,1894,576.445000,1,1.000000
dijkstra-dial-skip,with_roads,starry_night,712,576.329000,1,1.000000
dijkstra-dial-skip,with_roads,starry_night,178,12.062000,1,1.000000
dijkstra-dial-skip,with_roads,starry_night,563,589.445000,1,1.000000
dijkstra-dial-skip,with_roads,starry_night,225,594.653000,1,1.000000
dijkstra-dial-skip,with_roads,starry_night,918,582.607000,1,1.000000
dijkstra-dial-skip,with_roads,starry_night,682,571.856000,1,1.000000
dijkstra-dial-skip,with_roads,starry_night,1106,569.065000,1,1.000000
dijkstra-dial-skip,with_roads,starry_night,1542,583.149000,1,1.000000
dijkstra-dial-skip,with_roads,starry_night,2027,596.420000,1,1.000000
dijkstra-dial-skip,with_roads,starry_night,879,583.522000,1,1.000000
dijkstra-dial-skip,with_roads,starry_night,383,547.141000,1,1.000000
dijkstra-dial-skip,with_roads,starry_night,890,570.614000,1,1.000000
dijkstra-dial-skip,with_roads,starry_night,856,587.465000,1,1.000000
dijkstra-dial-skip,with_roads,starry_night,508,578.794000,1,1.000000
dijkstra-dial-skip,with_roads,starry_night,1633,554.423000,1,1.000000
dijkstra-dial-skip,with_roads,starry_night,652,576.278000,1,1.000000
dijkstra-dial-skip,with_roads,starry_night,1723,557.231000,1,1.000000
dijkstra-dial-skip,with_roads,starry_night,1669,554.972000,1,1.000000
dijkstra-dial-skip,with_roads,starry_night,1572,565.588000,1,1.000000
dijkstra-dial-skip,with_roads,starry_night,155,613.380000,1,1.000000
dijkstra-dial-skip,with_roads,starry_night,1479,574.820000,1,1.000000
dijkstra-dial-skip,with_roads,starry_night,1541,609.643000,1,1.000000
dijkstra-dial-skip,no_roads,strings,985,272.060000,1,1.000000
dijkstra-dial-skip,no_roads,strings,131,250.324000,1,1.000000
dijkstra-dial-skip,no_roads,strings,25,258.607000,1,1.000000
dijkstra-dial-skip,no_roads,strings,1130,247.482000,1,1.000000
dijkstra-dial-skip,no_roads,strings,381,258.531000,1,1.000000
dijkstra-dial-skip,no_roads,strings,335,251.190000,1,1.000000
dijkstra-dial-skip,no_roads,strings,293,258.379000,1,1.000000
dijkstra-dial-skip,no_roads,strings,175,260.076000,1,1.000000
dijkstra-dial-skip,no_roads,strings,1125,257.261000,1,1.000000
dijkstra-dial-skip,no_roads,strings,120,266.831000,1,1.000000
dijkstra-dial-skip,no_roads,strings,1035,265.856000,1,1.000000
dijkstra-dial-skip,no_roads,strings,1129,263.766000,1,1.000000
dijkstra-dial-skip,no_roads,strings,837,265.932000,1,1.000000
dijkstra-dial-skip,no_roads,strings,97,244.200000,1,1.000000
dijkstra-dial-skip,no_roads,strings,908,262.353000,1,1.000000
dijkstra-dial-skip,no_roads,strings,627,250.330000,1,1.000000
dijkstra-dial-skip,no_roads,strings,37,265.670000,1,1.000000
dijkstra-dial-skip,no_roads,strings,35,252.948000,1,1.000000
dijkstra-dial-skip,no_roads,strings,105,253.091000,1,1.000000
dijkstra-dial-skip,no_roads,strings,285,265.410000,1,1.000000
dijkstra-dial-skip,no_roads,strings,309,273.541000,1,1.000000
dijkstra-dial-skip,no_roads,strings,768,262.240000,1,1.000000
dijkstra-dial-skip,no_roads,strings,929,257.258000,1,1.000000
dijkstra-dial-skip,no_roads,strings,32,3.414000,1,1.000000
dijkstra-dial-skip,no_roads,strings,859,25.742000,1,1.000000
dijkstra-dial-skip,no_roads,strings,254,257.975000,1,1.000000
dijkstra-dial-skip,no_roads,strings,1095,252.173000,1,1.000000
dijkstra-dial-skip,no_roads,strings,998,248.819000,1,1.000000
dijkstra-dial-skip,no_roads,strings,1076,251.513000,1,1.000000
dijkstra-dial-skip,no_roads,strings,837,254.055000,1,1.000000
dijkstra-dial-skip,no_roads,strings,623,266.921000,1,1.000000
dijkstra-dial-skip,no_roads,strings,288,248.083000,1,1.000000
dijkstra-dial-skip,no_roads,strings,667,246.970000,1,1.000000
dijkstra-dial-skip,no_roads,strings,905,271.278000,1,1.000000
dijkstra-dial-skip,no_roads,strings,384,255.901000,1,1.000000
dijkstra-dial-skip,no_roads,strings,1207,246.722000,1,1.000000
dijkstra-dial-skip,no_roads,strings,6,248.856000,1,1.000000
dijkstra-dial-skip,no_roads,strings,1148,252.351000,1,1.000000
dijkstra-dial-skip,no_roads,strings,1204,253.582000,1,1.000000
dijkstra-dial-skip,no_roads,strings,202,259.943000,1,1.000000
dijkstra-dial-skip,no_roads,strings,1070,258.513000,1,1.000000
dijkstra-dial-skip,no_roads,strings,627,272.527000,1,1.000000
dijkstra-dial-skip,no_roads,strings,491,249.462000,1,1.000000
dijkstra-dial-skip,no_roads,strings,384,267.976000,1,1.000000
dijkstra-dial-skip,no_roads,strings,196,271.783000,1,1.000000
dijkstra-dial-skip,no_roads,strings,281,303.889000,1,1.000000
dijkstra-dial-skip,no_roads,strings,1152,259.161000,1,1.000000
dijkstra-dial-skip,no_roads,strings,486,256.172000,1,1.000000
dijkstra-dial-skip,no_roads,strings,120,254.169000,1,1.000000
dijkstra-dial-skip,no_roads,strings,104,3.515000,1,1.000000
dijkstra-dial-skip,no_roads,strings,561,261.774000,1,1.000000
dijkstra-dial-skip,no_roads,strings,109,256.073000,1,1.000000
dijkstra-dial-skip,no_roads,strings,521,260.047000,1,1.000000
dijkstra-dial-skip,no_roads,strings,497,256.365000,1,1.000000
dijkstra-dial-skip,no_roads,strings,932,271.571000,1,1.000000
dijkstra-dial-skip,no_roads,strings,364,23.962000,1,1.000000
dijkstra-dial-skip,no_roads,strings,1205,263.682000,1,1.000000
dijkstra-dial-skip,no_roads,strings,49,257.977000,1,1.000000
dijkstra-dial-skip,no_roads,strings,1116,257.111000,1,1.000000
dijkstra-dial-skip,no_roads,strings,690,266.002000,1,1.000000
dijkstra-dial-skip,no_roads,strings,818,262.125000,1,1.000000
dijkstra-dial-skip,no_roads,strings,148,271.158000,1,1.000000
dijkstra-dial-skip,no_roads,strings,559,267.487000,1,1.000000
dijkstra-dial-skip,no_roads,strings,88,270.683000,1,1.000000
dijkstra-dial-skip,no_roads,strings,844,260.725000,1,1.000000
dijkstra-dial-skip,no_roads,strings,413,270.103000,1,1.000000
dijkstra-dial-skip,no_roads,strings,971,265.276000,1,1.000000
dijkstra-dial-skip,no_roads,strings,957,252.348000,1,1.000000
dijkstra-dial-skip,no_roads,strings,526,260.147000,1,1.000000
dijkstra-dial-skip,no_roads,strings,883,259.806000,1,1.000000
dijkstra-dial-skip,no_roads,strings,245,258.476000,1,1.000000
dijkstra-dial-skip,no_roads,strings,1081,261.185000,1,1.000000
dijkstra-dial-skip,no_roads,strings,79,255.316000,1,1.000000
dijkstra-dial-skip,no_roads,strings,51,263.604000,1,1.000000
dijkstra-dial-skip,no_roads,strings,1014,275.929000,1,1.000000
dijkstra-dial-skip,no_roads,strings,300,268.267000,1,1.000000
dijkstra-dial-skip,no_roads,strings,1165,268.339000,1,1.000000
dijkstra-dial-skip,no_roads,strings,406,264.733000,1,1.000000
dijkstra-dial-skip,no_roads,strings,89,261.501000,1,1.000000
dijkstra-dial-skip,no_roads,strings,309,263.442000,1,1.000000
dijkstra-dial-skip,no_roads,strings,119,264.404000,1,1.000000
dijkstra-dial-skip,no_roads,strings,561,262.831000,1,1.000000
dijkstra-dial-skip,no_roads,strings,384,271.198000,1,1.000000
dijkstra-dial-skip,no_roads,strings,676,269.851000,1,1.000000
dijkstra-dial-skip,no_roads,strings,981,273.554000,1,1.000000
dijkstra-dial-skip,no_roads,strings,530,268.424000,1,1.000000
dijkstra-dial-skip,no_roads,strings,205,274.617000,1,1.000000
dijkstra-dial-skip,no_roads,strings,543,25.039000,1,1.000000
dijkstra-dial-skip,no_roads,strings,513,354.294000,1,1.000000
dijkstra-dial-skip,no_roads,strings,271,271.317000,1,1.000000
dijkstra-dial-skip,no_roads,strings,1028,266.272000,1,1.000000
dijkstra-dial-skip,no_roads,strings,368,260.040000,1,1.000000
dijkstra-dial-skip,no_roads,strings,1076,275.910000,1,1.000000
dijkstra-dial-skip,no_roads,strings,1043,258.969000,1,1.000000
dijkstra-dial-skip,no_roads,strings,996,268.637000,1,1.000000
dijkstra-dial-skip,no_roads,strings,81,268.668000,1,1.000000
dijkstra-dial-skip,no_roads,strings,940,266.034000,1,1.000000
dijkstra-dial-skip,no_roads,strings,981,260.365000,1,1.000000
dijkstra-dial-skip,no_roads,strings,219,265.151000,1,1.000000
dijkstra-dial-skip,no_roads,strings,812,260.022000,1,1.000000
dijkstra-dial-skip,with_roads,strings,985,275.956000,1,1.000000
dijkstra-dial-skip,with_roads,strings,131,268.029000,1,1.000000
dijkstra-dial-skip,with_roads,strings,25,268.875000,1,1.000000
dijkstra-dial-skip,with_roads,strings,1130,271.887000,1,1.000000
dijkstra-dial-skip,with_roads,strings,381,271.607000,1,1.000000
dijkstra-dial-skip,with_roads,strings,335,269.745000,1,1.000000
dijkstra-dial-skip,with_roads,strings,293,269.050000,1,1.000000
dijkstra-dial-skip,with_roads,strings,175,272.945000,1,1.000000
dijkstra-dial-skip,with_roads,strings,1125,269.316000,1,1.000000
dijkstra-dial-skip,with_roads,strings,120,287.683000,1,1.000000
dijkstra-dial-skip,with_roads,strings,1035,291.395000,1,1.000000
dijkstra-dial-skip,with_roads,strings,1129,280.269000,1,1.000000
dijkstra-dial-skip,with_roads,strings,837,281.420000,1,1.000000
dijkstra-dial-skip,with_roads,strings,97,281.948000,1,1.000000
dijkstra-dial-skip,with_roads,strings,908,286.251000,1,1.000000
dijkstra-dial-skip,with_roads,strings,627,280.154000,1,1.000000
dijkstra-dial-skip,with_roads,strings,37,270.069000,1,1.000000
dijkstra-dial-skip,with_roads,strings,35,278.098000,1,1.000000
dijkstra-dial-skip,with_roads,strings,105,290.465000,1,1.000000
dijkstra-dial-skip,with_roads,strings,285,275.814000,1,1.000000
dijkstra-dial-skip,with_roads,strings,309,277.167000,1,1.000000
dijkstra-dial-skip,with_roads,strings,768,278.791000,1,1.000000
dijkstra-dial-skip,with_roads,strings,929,272.938000,1,1.000000
dijkstra-dial-skip,with_roads,strings,32,3.731000,1,1.000000
dijkstra-dial-skip,with_roads,strings,859,27.199000,1,1.000000
dijkstra-dial-skip,with_roads,strings,254,268.086000,1,1.000000
dijkstra-dial-skip,with_roads,strings,1095,260.629000,1,1.000000
dijkstra-dial-skip,with_roads,strings,998,260.063000,1,1.000000
dijkstra-dial-skip,with_roads,strings,1076,270.285000,1,1.000000
dijkstra-dial-skip,with_roads,strings,837,262.757000,1,1.000000
dijkstra-dial-skip,with_roads,strings,623,266.439000,1,1.000000
dijkstra-dial-skip,with_roads,strings,288,262.410000,1,1.000000
dijkstra-dial-skip,with_roads,strings,667,254.874000,1,1.000000
dijkstra-dial-skip,with_roads,strings,905,265.756000,1,1.000000
dijkstra-dial-skip,with_roads,strings,384,266.940000,1,1.000000
dijkstra-dial-skip,with_roads,strings,1207,262.560000,1,1.000000
dijkstra-dial-skip,with_roads,strings,6,252.112000,1,1.000000
dijkstra-dial-skip,with_roads,strings,1148,263.632000,1,1.000000
dijkstra-dial-skip,with_roads,strings,1204,253.748000,1,1.000000
dijkstra-dial-skip,with_roads,strings,202,255.589000,1,1.000000
dijkstra-dial-skip,with_roads,strings,1070,257.869000,1,1.000000
dijkstra-dial-skip,with_roads,strings,627,259.497000,1,1.000000
dijkstra-dial-skip,with_roads,strings,491,255.113000,1,1.000000
dijkstra-dial-skip,with_roads,strings,384,268.877000,1,1.000000
dijkstra-dial-skip,with_roads,strings,196,263.804000,1,1.000000
dijkstra-dial-skip,with_roads,strings,281,257.405000,1,1.000000
dijkstra-dial-skip,with_roads,strings,1152,265.666000,1,1.000000
dijkstra-dial-skip,with_roads,strings,486,260.807000,1,1.000000
dijkstra-dial-skip,with_roads,strings,120,257.708000,1,1.000000
dijkstra-dial-skip,with_roads,strings,104,3.534000,1,1.000000
dijkstra-dial-skip,with_roads,strings,561,255.756000,1,1.000000
dijkstra-dial-skip,with_roads,strings,109,262.425000,1,1.000000
dijkstra-dial-skip,with_roads,strings,521,262.142000,1,1.000000
dijkstra-dial-skip,with_roads,strings,497,258.310000,1,1.000000
dijkstra-dial-skip,with_roads,strings,932,257.073000,1,1.000000
dijkstra-dial-skip,with_roads,strings,364,27.090000,1,1.000000
dijkstra-dial-skip,with_roads,strings,1205,253.236000,1,1.000000
dijkstra-dial-skip,with_roads,strings,49,259.274000,1,1.000000
dijkstra-dial-skip,with_roads,strings,1116,255.853000,1,1.000000
dijkstra-dial-skip,with_roads,strings,690,259.154000,1,1.000000
dijkstra-dial-skip,with_roads,strings,818,255.520000,1,1.000000
dijkstra-dial-skip,with_roads,strings,148,258.443000,1,1.000000
dijkstra-dial-skip,with_roads,strings,559,259.213000,1,1.000000
dijkstra-dial-skip,with_roads,strings,88,270.713000,1,1.000000
dijkstra-dial-skip,with_roads,strings,844,255.806000,1,1.000000
dijkstra-dial-skip,with_roads,strings,413,269.079000,1,1.000000
dijkstra-dial-skip,with_roads,strings,971,259.789000,1,1.000000
dijkstra-dial-skip,with_roads,strings,957,263.292000,1,1.000000
dijkstra-dial-skip,with_roads,strings,526,265.015000,1,1.000000
dijkstra-dial-skip,with_roads,strings,883,261.667000,1,1.000000
dijkstra-dial-skip,with_roads,strings,245,264.534000,1,1.000000
dijkstra-dial-skip,with_roads,strings,1081,269.656000,1,1.000000
dijkstra-dial-skip,with_roads,strings,79,267.607000,1,1.000000
dijkstra-dial-skip,with_roads,strings,51,275.216000,1,1.000000
dijkstra-dial-skip,with_roads,strings,1014,270.094000,1,1.000000
dijkstra-dial-skip,with_roads,strings,300,263.005000,1,1.000000
dijkstra-dial-skip,with_roads,strings,1165,269.023000,1,1.000000
dijkstra-dial-skip,with_roads,strings,406,275.766000,1,1.000000
dijkstra-dial-skip,with_roads,strings,89,265.048000,1,1.000000
dijkstra-dial-skip,with_roads,strings,309,273.995000,1,1.000000
dijkstra-dial-skip,with_roads,strings,119,263.353000,1,1.000000
dijkstra-dial-skip,with_roads,strings,561,264.344000,1,1.000000
dijkstra-dial-skip,with_roads,strings,384,267.310000,1,1.000000
dijkstra-dial-skip,with_roads,strings,676,261.963000,1,1.000000
dijkstra-dial-skip,with_roads,strings,981,255.885000,1,1.000000
dijkstra-dial-skip,with_roads,strings,530,252.939000,1,1.000000
dijkstra-dial-skip,with_roads,strings,205,264.714000,1,1.000000
dijkstra-dial-skip,with_roads,strings,543,24.743000,1,1.000000
dijkstra-dial-skip,with_roads,strings,513,265.032000,1,1.000000
dijkstra-dial-skip,with_roads,strings,271,266.259000,1,1.000000
dijkstra-dial-skip,with_roads,strings,1028,250.023000,1,1.000000
dijkstra-dial-skip,with_roads,strings,368,254.908000,1,1.000000
dijkstra-dial-skip,with_roads,strings,1076,260.339000,1,1.000000
dijkstra-dial-skip,with_roads,strings,1043,254.335000,1,1.000000
dijkstra-dial-skip,with_roads,strings,996,262.102000,1,1.000000
dijkstra-dial-skip,with_roads,strings,81,260.353000,1,1.000000
dijkstra-dial-skip,with_roads,strings,940,265.854000,1,1.000000
dijkstra-dial-skip,with_roads,strings,981,255.967000,1,1.000000
dijkstra-dial-skip,with_roads,strings,219,251.312000,1,1.000000
dijkstra-dial-skip,with_roads,strings,812,249.393000,1,1.000000
dijkstra-dial-skip,no_roads,tea,827,234.615000,1,1.000000
dijkstra-dial-skip,no_roads,tea,125,245.822000,1,1.000000
dijkstra-dial-skip,no_roads,tea,25,226.628000,1,1.000000
dijkstra-dial-skip,no_roads,tea,339,224.821000,1,1.000000
dijkstra-dial-skip,no_roads,tea,301,238.679000,1,1.000000
dijkstra-dial-skip,no_roads,tea,272,231.422000,1,1.000000
dijkstra-dial-skip,no_roads,tea,161,240.612000,1,1.000000
dijkstra-dial-skip,no_roads,tea,115,250.269000,1,1.000000
dijkstra-dial-skip,no_roads,tea,870,271.133000,1,1.000000
dijkstra-dial-skip,no_roads,tea,711,269.700000,1,1.000000
dijkstra-dial-skip,no_roads,tea,96,263.868000,1,1.000000
dijkstra-dial-skip,no_roads,tea,771,266.084000,1,1.000000
dijkstra-dial-skip,no_roads,tea,550,260.826000,1,1.000000
dijkstra-dial-skip,no_roads,tea,32,264.643000,1,1.000000
dijkstra-dial-skip,no_roads,tea,30,266.596000,1,1.000000
dijkstra-dial-skip,no_roads,tea,103,259.575000,1,1.000000
dijkstra-dial-skip,no_roads,tea,267,258.274000,1,1.000000
dijkstra-dial-skip,no_roads,tea,285,251.786000,1,1.000000
dijkstra-dial-skip,no_roads,tea,657,252.354000,1,1.000000
dijkstra-dial-skip,no_roads,tea,783,250.804000,1,1.000000
dijkstra-dial-skip,no_roads,tea,27,254.586000,1,1.000000
dijkstra-dial-skip,no_roads,tea,732,245.682000,1,1.000000
dijkstra-dial-skip,no_roads,tea,241,253.746000,1,1.000000
dijkstra-dial-skip,no_roads,tea,839,250.656000,1,1.000000
dijkstra-dial-skip,no_roads,tea,896,243.208000,1,1.000000
dijkstra-dial-skip,no_roads,tea,711,314.889000,1,1.000000
dijkstra-dial-skip,no_roads,tea,546,247.539000,1,1.000000
dijkstra-dial-skip,no_roads,tea,269,272.235000,1,1.000000
dijkstra-dial-skip,no_roads,tea,583,237.568000,1,1.000000
dijkstra-dial-skip,no_roads,tea,769,241.599000,1,1.000000
dijkstra-dial-skip,no_roads,tea,343,233.930000,1,1.000000
dijkstra-dial-skip,no_roads,tea,6,240.246000,1,1.000000
dijkstra-dial-skip,no_roads,tea,188,237.692000,1,1.000000
dijkstra-dial-skip,no_roads,tea,892,251.764000,1,1.000000
dijkstra-dial-skip,no_roads,tea,550,229.092000,1,1.000000
dijkstra-dial-skip,no_roads,tea,431,225.115000,1,1.000000
dijkstra-dial-skip,no_roads,tea,343,247.255000,1,1.000000
dijkstra-dial-skip,no_roads,tea,182,232.689000,1,1.000000
dijkstra-dial-skip,no_roads,tea,263,290.659000,1,1.000000
dijkstra-dial-skip,no_roads,tea,425,256.086000,1,1.000000
dijkstra-dial-skip,no_roads,tea,115,268.685000,1,1.000000
dijkstra-dial-skip,no_roads,tea,102,255.858000,1,1.000000
dijkstra-dial-skip,no_roads,tea,490,283.281000,1,1.000000
dijkstra-dial-skip,no_roads,tea,108,245.573000,1,1.000000
dijkstra-dial-skip,no_roads,tea,458,233.082000,1,1.000000
dijkstra-dial-skip,no_roads,tea,438,225.469000,1,1.000000
dijkstra-dial-skip,no_roads,tea,785,235.702000,1,1.000000
dijkstra-dial-skip,no_roads,tea,327,274.038000,1,1.000000
dijkstra-dial-skip,no_roads,tea,47,240.114000,1,1.000000
dijkstra-dial-skip,no_roads,tea,597,238.140000,1,1.000000
dijkstra-dial-skip,no_roads,tea,697,244.815000,1,1.000000
dijkstra-dial-skip,no_roads,tea,143,239.105000,1,1.000000
dijkstra-dial-skip,no_roads,tea,487,239.739000,1,1.000000
dijkstra-dial-skip,no_roads,tea,87,236.381000,1,1.000000
dijkstra-dial-skip,no_roads,tea,720,241.131000,1,1.000000
dijkstra-dial-skip,no_roads,tea,363,238.914000,1,1.000000
dijkstra-dial-skip,no_roads,tea,814,231.730000,1,1.000000
dijkstra-dial-skip,no_roads,tea,804,231.590000,1,1.000000
dijkstra-dial-skip,no_roads,tea,462,239.935000,1,1.000000
dijkstra-dial-skip,no_roads,tea,753,237.009000,1,1.000000
dijkstra-dial-skip,no_roads,tea,229,235.778000,1,1.000000
dijkstra-dial-skip,no_roads,tea,899,241.349000,1,1.000000
dijkstra-dial-skip,no_roads,tea,77,242.157000,1,1.000000
dijkstra-dial-skip,no_roads,tea,49,244.500000,1,1.000000
dijkstra-dial-skip,no_roads,tea,852,239.534000,1,1.000000
dijkstra-dial-skip,no_roads,tea,278,239.976000,1,1.000000
dijkstra-dial-skip,no_roads,tea,358,287.818000,1,1.000000
dijkstra-dial-skip,no_roads,tea,88,234.301000,1,1.000000
dijkstra-dial-skip,no_roads,tea,285,233.912000,1,1.000000
dijkstra-dial-skip,no_roads,tea,114,236.370000,1,1.000000
dijkstra-dial-skip,no_roads,tea,490,241.412000,1,1.000000
dijkstra-dial-skip,no_roads,tea,343,231.792000,1,1.000000
dijkstra-dial-skip,no_roads,tea,590,287.901000,1,1.000000
dijkstra-dial-skip,no_roads,tea,822,245.087000,1,1.000000
dijkstra-dial-skip,no_roads,tea,468,230.425000,1,1.000000
dijkstra-dial-skip,no_roads,tea,191,251.142000,1,1.000000
dijkstra-dial-skip,no_roads,tea,476,242.374000,1,1.000000
dijkstra-dial-skip,no_roads,tea,453,248.647000,1,1.000000
dijkstra-dial-skip,no_roads,tea,254,241.433000,1,1.000000
dijkstra-dial-skip,no_roads,tea,864,246.189000,1,1.000000
dijkstra-dial-skip,no_roads,tea,330,239.828000,1,1.000000
dijkstra-dial-skip,no_roads,tea,896,239.465000,1,1.000000
dijkstra-dial-skip,no_roads,tea,877,239.860000,1,1.000000
dijkstra-dial-skip,no_roads,tea,837,246.039000,1,1.000000
dijkstra-dial-skip,no_roads,tea,79,237.418000,1,1.000000
dijkstra-dial-skip,no_roads,tea,792,236.607000,1,1.000000
dijkstra-dial-skip,no_roads,tea,822,242.563000,1,1.000000
dijkstra-dial-skip,no_roads,tea,205,255.106000,1,1.000000
dijkstra-dial-skip,no_roads,tea,694,243.713000,1,1.000000
dijkstra-dial-skip,no_roads,tea,301,253.633000,1,1.000000
dijkstra-dial-skip,no_roads,tea,192,235.357000,1,1.000000
dijkstra-dial-skip,no_roads,tea,600,243.318000,1,1.000000
dijkstra-dial-skip,no_roads,tea,488,238.784000,1,1.000000
dijkstra-dial-skip,no_roads,tea,333,265.006000,1,1.000000
dijkstra-dial-skip,no_roads,tea,828,233.593000,1,1.000000
dijkstra-dial-skip,no_roads,tea,882,246.220000,1,1.000000
dijkstra-dial-skip,no_roads,tea,725,247.180000,1,1.000000
dijkstra-dial-skip,no_roads,tea,268,258.923000,1,1.000000
dijkstra-dial-skip,no_roads,tea,879,239.623000,1,1.000000
dijkstra-dial-skip,no_roads,tea,409,246.022000,1,1.000000
dijkstra-dial-skip,with_roads,tea,827,260.846000,1,1.000000
dijkstra-dial-skip,with_roads,tea,125,248.057000,1,1.000000
dijkstra-dial-skip,with_roads,tea,25,245.425000,1,1.000000
dijkstra-dial-skip,with_roads,tea,339,248.018000,1,1.000000
dijkstra-dial-skip,with_roads,tea,301,245.785000,1,1.000000
dijkstra-dial-skip,with_roads,tea,272,241.100000,1,1.000000
dijkstra-dial-skip,with_roads,tea,161,232.934000,1,1.000000
dijkstra-dial-skip,with_roads,tea,115,235.313000,1,1.000000
dijkstra-dial-skip,with_roads,tea,870,235.823000,1,1.000000
dijkstra-dial-skip,with_roads,tea,711,240.748000,1,1.000000
dijkstra-dial-skip,with_roads,tea,96,241.552000,1,1.000000
dijkstra-dial-skip,with_roads,tea,771,265.250000,1,1.000000
dijkstra-dial-skip,with_roads,tea,550,237.030000,1,1.000000
dijkstra-dial-skip,with_roads,tea,32,240.092000,1,1.000000
dijkstra-dial-skip,with_roads,tea,30,241.229000,1,1.000000
dijkstra-dial-skip,with_roads,tea,103,233.631000,1,1.000000
dijkstra-dial-skip,with_roads,tea,267,260.969000,1,1.000000
dijkstra-dial-skip,with_roads,tea,285,233.015000,1,1.000000
dijkstra-dial-skip,with_roads,tea,657,242.211000,1,1.000000
dijkstra-dial-skip,with_roads,tea,783,233.208000,1,1.000000
dijkstra-dial-skip,with_roads,tea,27,250.676000,1,1.000000
dijkstra-dial-skip,with_roads,tea,732,235.502000,1,1.000000
dijkstra-dial-skip,with_roads,tea,241,240.023000,1,1.000000
dijkstra-dial-skip,with_roads,tea,839,235.333000,1,1.000000
dijkstra-dial-skip,with_roads,tea,896,235.572000,1,1.000000
dijkstra-dial-skip,with_roads,tea,711,240.654000,1,1.000000
dijkstra-dial-skip,with_roads,tea,546,234.166000,1,1.000000
dijkstra-dial-skip,with_roads,tea,269,254.547000,1,1.000000
dijkstra-dial-skip,with_roads,tea,583,233.401000,1,1.000000
dijkstra-dial-skip,with_roads,tea,769,258.857000,1,1.000000
dijkstra-dial-skip,with_roads,tea,343,228.058000,1,1.000000
dijkstra-dial-skip,with_roads,tea,6,231.134000,1,1.000000
dijkstra-dial-skip,with_roads,tea,188,236.967000,1,1.000000
dijkstra-dial-skip,with_roads,tea,892,241.524000,1,1.000000
dijkstra-dial-skip,with_roads,tea,550,234.275000,1,1.000000
dijkstra-dial-skip,with_roads,tea,431,235.916000,1,1.000000
dijkstra-dial-skip,with_roads,tea,343,230.468000,1,1.000000
dijkstra-dial-skip,with_roads,tea,182,234.997000,1,1.000000
dijkstra-dial-skip,with_roads,tea,263,239.453000,1,1.000000
dijkstra-dial-skip,with_roads,tea,425,255.528000,1,1.000000
dijkstra-dial-skip,with_roads,tea,115,243.736000,1,1.000000
dijkstra-dial-skip,with_roads,tea,102,230.993000,1,1.000000
dijkstra-dial-skip,with_roads,tea,490,237.516000,1,1.000000
dijkstra-dial-skip,with_roads,tea,108,235.351000,1,1.000000
dijkstra-dial-skip,with_roads,tea,458,234.986000,1,1.000000
dijkstra-dial-skip,with_roads,tea,438,223.995000,1,1.000000
dijkstra-dial-skip,with_roads,tea,785,267.164000,1,1.000000
dijkstra-dial-skip,with_roads,tea,327,243.192000,1,1.000000
dijkstra-dial-skip,with_roads,tea,47,239.048000,1,1.000000
dijkstra-dial-skip,with_roads,tea,597,240.046000,1,1.000000
dijkstra-dial-skip,with_roads,tea,697,241.494000,1,1.000000
dijkstra-dial-skip,with_roads,tea,143,246.667000,1,1.000000
dijkstra-dial-skip,with_roads,tea,487,233.502000,1,1.000000
dijkstra-dial-skip,with_roads,tea,87,232.835000,1,1.000000
dijkstra-dial-skip,with_roads,tea,720,236.909000,1,1.000000
dijkstra-dial-skip,with_roads,tea,363,231.885000,1,1.000000
dijkstra-dial-skip,with_roads,tea,814,247.216000,1,1.000000
dijkstra-dial-skip,with_roads,tea,804,239.625000,1,1.000000
dijkstra-dial-skip,with_roads,tea,462,234.545000,1,1.000000
dijkstra-dial-skip,with_roads,tea,753,241.253000,1,1.000000
dijkstra-dial-skip,with_roads,tea,229,239.032000,1,1.000000
dijkstra-dial-skip,with_roads,tea,899,253.132000,1,1.000000
dijkstra-dial-skip,with_roads,tea,77,363.091000,1,1.000000
dijkstra-dial-skip,with_roads,tea,49,237.092000,1,1.000000
dijkstra-dial-skip,with_roads,tea,852,244.644000,1,1.000000
dijkstra-dial-skip,with_roads,tea,278,238.562000,1,1.000000
dijkstra-dial-skip,with_roads,tea,358,244.093000,1,1.000000
dijkstra-dial-skip,with_roads,tea,88,246.351000,1,1.000000
dijkstra-dial-skip,with_roads,tea,285,250.760000,1,1.000000
dijkstra-dial-skip,with_roads,tea,114,247.644000,1,1.000000
dijkstra-dial-skip,with_roads,tea,490,246.806000,1,1.000000
dijkstra-dial-skip,with_roads,tea,343,268.240000,1,1.000000
dijkstra-dial-skip,with_roads,tea,590,238.357000,1,1.000000
dijkstra-dial-skip,with_roads,tea,822,271.724000,1,1.000000
dijkstra-dial-skip,with_roads,tea,468,230.356000,1,1.000000
dijkstra-dial-skip,with_roads,tea,191,232.195000,1,1.000000
dijkstra-dial-skip,with_roads,tea,476,240.102000,1,1.000000
dijkstra-dial-skip,with_roads,tea,453,242.497000,1,1.000000
dijkstra-dial-skip,with_roads,tea,254,235.280000,1,1.000000
dijkstra-dial-skip,with_roads,tea,864,247.155000,1,1.000000
dijkstra-dial-skip,with_roads,tea,330,246.409000,1,1.000000
dijkstra-dial-skip,with_roads,tea,896,244.541000,1,1.000000
dijkstra-dial-skip,with_roads,tea,877,240.166000,1,1.000000
dijkstra-dial-skip,with_roads,tea,837,251.288000,1,1.000000
dijkstra-dial-skip,with_roads,tea,79,238.093000,1,1.000000
dijkstra-dial-skip,with_roads,tea,792,242.216000,1,1.000000
dijkstra-dial-skip,with_roads,tea,822,240.697000,1,1.000000
dijkstra-dial-skip,with_roads,tea,205,235.661000,1,1.000000
dijkstra-dial-skip,with_roads,tea,694,241.493000,1,1.000000
dijkstra-dial-skip,with_roads,tea,301,244.054000,1,1.000000
dijkstra-dial-skip,with_roads,tea,192,243.047000,1,1.000000
dijkstra-dial-skip,with_roads,tea,600,242.974000,1,1.000000
dijkstra-dial-skip,with_roads,tea,488,239.607000,1,1.000000
dijkstra-dial-skip,with_roads,tea,333,236.038000,1,1.000000
dijkstra-dial-skip,with_roads,tea,828,235.438000,1,1.000000
dijkstra-dial-skip,with_roads,tea,882,237.589000,1,1.000000
dijkstra-dial-skip,with_roads,tea,725,231.691000,1,1.000000
dijkstra-dial-skip,with_roads,tea,268,238.575000,1,1.000000
dijkstra-dial-skip,with_roads,tea,879,232.219000,1,1.000000
dijkstra-dial-skip,with_roads,tea,409,225.130000,1,1.000000
dijkstra-dial-skip,no_roads,the_great_divide,1838,637.174000,1,1.000000
dijkstra-dial-skip,no_roads,the_great_divide,274,642.808000,1,1.000000
dijkstra-dial-skip,no_roads,the_great_divide,54,676.755000,1,1.000000
dijkstra-dial-skip,no_roads,the_great_divide,2143,648.597000,1,1.000000
dijkstra-dial-skip,no_roads,the_great_divide,758,665.172000,1,1.000000
dijkstra-dial-skip,no_roads,the_great_divide,680,669.209000,1,1.000000
dijkstra-dial-skip,no_roads,the_great_divide,610,666.580000,1,1.000000
dijkstra-dial-skip,no_roads,the_great_divide,356,654.612000,1,1.000000
dijkstra-dial-skip,no_roads,the_great_divide,2128,616.071000,1,1.000000
dijkstra-dial-skip,no_roads,the_great_divide,244,642.560000,1,1.000000
dijkstra-dial-skip,no_roads,the_great_divide,1943,616.773000,1,1.000000
dijkstra-dial-skip,no_roads,the_great_divide,2138,632.610000,1,1.000000
dijkstra-dial-skip,no_roads,the_great_divide,1558,603.070000,1,1.000000
dijkstra-dial-skip,no_roads,the_great_divide,203,633.603000,1,1.000000
dijkstra-dial-skip,no_roads,the_great_divide,1700,615.973000,1,1.000000
dijkstra-dial-skip,no_roads,the_great_divide,1202,617.149000,1,1.000000
dijkstra-dial-skip,no_roads,the_great_divide,68,621.621000,1,1.000000
dijkstra-dial-skip,no_roads,the_great_divide,64,610.853000,1,1.000000
dijkstra-dial-skip,no_roads,the_great_divide,222,612.729000,1,1.000000
dijkstra-dial-skip,no_roads,the_great_divide,597,620.015000,1,1.000000
dijkstra-dial-skip,no_roads,the_great_divide,642,623.053000,1,1.000000
dijkstra-dial-skip,no_roads,the_great_divide,1433,614.110000,1,1.000000
dijkstra-dial-skip,no_roads,the_great_divide,1732,611.971000,1,1.000000
dijkstra-dial-skip,no_roads,the_great_divide,57,626.931000,1,1.000000
dijkstra-dial-skip,no_roads,the_great_divide,1611,624.096000,1,1.000000
dijkstra-dial-skip,no_roads,the_great_divide,539,620.311000,1,1.000000
dijkstra-dial-skip,no_roads,the_great_divide,2060,614.231000,1,1.000000
dijkstra-dial-skip,no_roads,the_great_divide,1860,600.926000,1,1.000000
dijkstra-dial-skip,no_roads,the_great_divide,2015,615.233000,1,1.000000
dijkstra-dial-skip,no_roads,the_great_divide,1558,615.755000,1,1.000000
dijkstra-dial-skip,no_roads,the_great_divide,1197,640.542000,1,1.000000
dijkstra-dial-skip,no_roads,the_great_divide,601,614.068000,1,1.000000
dijkstra-dial-skip,no_roads,the_great_divide,1267,617.834000,1,1.000000
dijkstra-dial-skip,no_roads,the_great_divide,1697,641.995000,1,1.000000
dijkstra-dial-skip,no_roads,the_great_divide,764,638.506000,1,1.000000
dijkstra-dial-skip,no_roads,the_great_divide,2335,619.648000,1,1.000000
dijkstra-dial-skip,no_roads,the_great_divide,2476,621.062000,1,1.000000
dijkstra-dial-skip,no_roads,the_great_divide,13,648.108000,1,1.000000
dijkstra-dial-skip,no_roads,the_great_divide,2193,636.865000,1,1.000000
dijkstra-dial-skip,no_roads,the_great_divide,2327,625.977000,1,1.000000
dijkstra-dial-skip,no_roads,the_great_divide,418,644.298000,1,1.000000
dijkstra-dial-skip,no_roads,the_great_divide,2008,630.610000,1,1.000000
dijkstra-dial-skip,no_roads,the_great_divide,1203,606.283000,1,1.000000
dijkstra-dial-skip,no_roads,the_great_divide,952,637.856000,1,1.000000
dijkstra-dial-skip,no_roads,the_great_divide,764,622.295000,1,1.000000
dijkstra-dial-skip,no_roads,the_great_divide,409,627.698000,1,1.000000
dijkstra-dial-skip,no_roads,the_great_divide,590,629.626000,1,1.000000
dijkstra-dial-skip,no_roads,the_great_divide,2206,623.266000,1,1.000000
dijkstra-dial-skip,no_roads,the_great_divide,943,631.469000,1,1.000000
dijkstra-dial-skip,no_roads,the_great_divide,244,622.437000,1,1.000000
dijkstra-dial-skip,no_roads,the_great_divide,220,644.185000,1,1.000000
dijkstra-dial-skip,no_roads,the_great_divide,1083,602.929000,1,1.000000
dijkstra-dial-skip,no_roads,the_great_divide,229,620.510000,1,1.000000
dijkstra-dial-skip,no_roads,the_great_divide,1014,632.767000,1,1.000000
dijkstra-dial-skip,no_roads,the_great_divide,2428,612.337000,1,1.000000
dijkstra-dial-skip,no_roads,the_great_divide,961,620.860000,1,1.000000
dijkstra-dial-skip,no_roads,the_great_divide,1737,640.982000,1,1.000000
dijkstra-dial-skip,no_roads,the_great_divide,735,683.772000,1,1.000000
dijkstra-dial-skip,no_roads,the_great_divide,2329,605.791000,1,1.000000
dijkstra-dial-skip,no_roads,the_great_divide,92,640.284000,1,1.000000
dijkstra-dial-skip,no_roads,the_great_divide,2101,620.845000,1,1.000000
dijkstra-dial-skip,no_roads,the_great_divide,1298,609.646000,1,1.000000
dijkstra-dial-skip,no_roads,the_great_divide,1534,608.543000,1,1.000000
dijkstra-dial-skip,no_roads,the_great_divide,316,674.909000,1,1.000000
dijkstra-dial-skip,no_roads,the_great_divide,1080,610.991000,1,1.000000
dijkstra-dial-skip,no_roads,the_great_divide,180,642.834000,1,1.000000
dijkstra-dial-skip,no_roads,the_great_divide,1589,628.599000,1,1.000000
dijkstra-dial-skip,no_roads,the_great_divide,805,626.257000,1,1.000000
dijkstra-dial-skip,no_roads,the_great_divide,2385,622.666000,1,1.000000
dijkstra-dial-skip,no_roads,the_great_divide,1801,620.486000,1,1.000000
dijkstra-dial-skip,no_roads,the_great_divide,1770,638.406000,1,1.000000
dijkstra-dial-skip,no_roads,the_great_divide,2460,599.206000,1,1.000000
dijkstra-dial-skip,no_roads,the_great_divide,1019,648.749000,1,1.000000
dijkstra-dial-skip,no_roads,the_great_divide,1660,627.911000,1,1.000000
dijkstra-dial-skip,no_roads,the_great_divide,514,619.877000,1,1.000000
dijkstra-dial-skip,no_roads,the_great_divide,2030,612.673000,1,1.000000
dijkstra-dial-skip,no_roads,the_great_divide,154,649.480000,1,1.000000
dijkstra-dial-skip,no_roads,the_great_divide,97,670.603000,1,1.000000
dijkstra-dial-skip,no_roads,the_great_divide,1900,628.479000,1,1.000000
dijkstra-dial-skip,no_roads,the_great_divide,621,635.236000,1,1.000000
dijkstra-dial-skip,no_roads,the_great_divide,2239,600.625000,1,1.000000
dijkstra-dial-skip,no_roads,the_great_divide,796,650.541000,1,1.000000
dijkstra-dial-skip,no_roads,the_great_divide,182,627.645000,1,1.000000
dijkstra-dial-skip,no_roads,the_great_divide,2444,619.429000,1,1.000000
dijkstra-dial-skip,no_roads,the_great_divide,642,621.105000,1,1.000000
dijkstra-dial-skip,no_roads,the_great_divide,2470,620.627000,1,1.000000
dijkstra-dial-skip,no_roads,the_great_divide,240,655.903000,1,1.000000
dijkstra-dial-skip,no_roads,the_great_divide,1083,622.566000,1,1.000000
dijkstra-dial-skip,no_roads,the_great_divide,764,626.061000,1,1.000000
dijkstra-dial-skip,no_roads,the_great_divide,1285,643.036000,1,1.000000
dijkstra-dial-skip,no_roads,the_great_divide,1818,628.914000,1,1.000000
dijkstra-dial-skip,no_roads,the_great_divide,2400,629.488000,1,1.000000
dijkstra-dial-skip,no_roads,the_great_divide,1038,650.515000,1,1.000000
dijkstra-dial-skip,no_roads,the_great_divide,433,630.671000,1,1.000000
dijkstra-dial-skip,no_roads,the_great_divide,1054,634.600000,1,1.000000
dijkstra-dial-skip,no_roads,the_great_divide,1004,621.046000,1,1.000000
dijkstra-dial-skip,no_roads,the_great_divide,568,630.220000,1,1.000000
dijkstra-dial-skip,no_roads,the_great_divide,1929,627.890000,1,1.000000
dijkstra-dial-skip,no_roads,the_great_divide,740,642.808000,1,1.000000
dijkstra-dial-skip,no_roads,the_great_divide,2016,621.355000,1,1.000000
dijkstra-dial-skip,with_roads,the_great_divide,1838,728.100000,1,1.000000
dijkstra-dial-skip,with_roads,the_great_divide,274,674.305000,1,1.000000
dijkstra-dial-skip,with_roads,the_great_divide,54,653.783000,1,1.000000
dijkstra-dial-skip,with_roads,the_great_divide,2143,688.258000,1,1.000000
dijkstra-dial-skip,with_roads,the_great_divide,758,684.511000,1,1.000000
dijkstra-dial-skip,with_roads,the_great_divide,680,721.637000,1,1.000000
dijkstra-dial-skip,with_roads,the_great_divide,610,666.940000,1,1.000000
dijkstra-dial-skip,with_roads,the_great_divide,356,714.356000,1,1.000000
dijkstra-dial-skip,with_roads,the_great_divide,2128,710.850000,1,1.000000
dijkstra-dial-skip,with_roads,the_great_divide,244,725.336000,1,1.000000
dijkstra-dial-skip,with_roads,the_great_divide,1943,720.578000,1,1.000000
dijkstra-dial-skip,with_roads,the_great_divide,2138,699.099000,1,1.000000
dijkstra-dial-skip,with_roads,the_great_divide,1558,701.784000,1,1.000000
dijkstra-dial-skip,with_roads,the_great_divide,203,715.896000,1,1.000000
dijkstra-dial-skip,with_roads,the_great_divide,1700,697.637000,1,1.000000
dijkstra-dial-skip,with_roads,the_great_divide,1202,660.263000,1,1.000000
dijkstra-dial-skip,with_roads,the_great_divide,68,676.676000,1,1.000000
dijkstra-dial-skip,with_roads,the_great_divide,64,691.212000,1,1.000000
dijkstra-dial-skip,with_roads,the_great_divide,222,685.914000,1,1.000000
dijkstra-dial-skip,with_roads,the_great_divide,597,688.992000,1,1.000000
dijkstra-dial-skip,with_roads,the_great_divide,642,705.965000,1,1.000000
dijkstra-dial-skip,with_roads,the_great_divide,1433,663.105000,1,1.000000
dijkstra-dial-skip,with_roads,the_great_divide,1732,695.663000,1,1.000000
dijkstra-dial-skip,with_roads,the_great_divide,57,660.949000,1,1.000000
dijkstra-dial-skip,with_roads,the_great_divide,1611,655.107000,1,1.000000
dijkstra-dial-skip,with_roads,the_great_divide,539,665.033000,1,1.000000
dijkstra-dial-skip,with_roads,the_great_divide,2060,698.836000,1,1.000000
dijkstra-dial-skip,with_roads,the_great_divide,1860,662.287000,1,1.000000
dijkstra-dial-skip,with_roads,the_great_divide,2015,657.454000,1,1.000000
dijkstra-dial-skip,with_roads,the_great_divide,1558,689.624000,1,1.000000
dijkstra-dial-skip,with_roads,the_great_divide,1197,687.282000,1,1.000000
dijkstra-dial-skip,with_roads,the_great_divide,601,684.144000,1,1.000000
dijkstra-dial-skip,with_roads,the_great_divide,1267,747.397000,1,1.000000
dijkstra-dial-skip,with_roads,the_great_divide,1697,705.072000,1,1.000000
dijkstra-dial-skip,with_roads,the_great_divide,764,736.362000,1,1.000000
dijkstra-dial-skip,with_roads,the_great_divide,2335,681.812000,1,1.000000
dijkstra-dial-skip,with_roads,the_great_divide,2476,679.730000,1,1.000000
dijkstra-dial-skip,with_roads,the_great_divide,13,695.249000,1,1.000000
dijkstra-dial-skip,with_roads,the_great_divide,2193,688.502000,1,1.000000
dijkstra-dial-skip,with_roads,the_great_divide,2327,673.365000,1,1.000000
dijkstra-dial-skip,with_roads,the_great_divide,418,629.913000,1,1.000000
dijkstra-dial-skip,with_roads,the_great_divide,2008,657.269000,1,1.000000
dijkstra-dial-skip,with_roads,the_great_divide,1203,662.686000,1,1.000000
dijkstra-dial-skip,with_roads,the_great_divide,952,677.189000,1,1.000000
dijkstra-dial-skip,with_roads,the_great_divide,764,662.178000,1,1.000000
dijkstra-dial-skip,with_roads,the_great_divide,409,640.459000,1,1.000000
dijkstra-dial-skip,with_roads,the_great_divide,590,685.725000,1,1.000000
dijkstra-dial-skip,with_roads,the_great_divide,2206,667.509000,1,1.000000
dijkstra-dial-skip,with_roads,the_great_divide,943,694.647000,1,1.000000
dijkstra-dial-skip,with_roads,the_great_divide,244,684.022000,1,1.000000
dijkstra-dial-skip,with_roads,the_great_divide,220,675.222000,1,1.000000
dijkstra-dial-skip,with_roads,the_great_divide,1083,665.261000,1,1.000000
dijkstra-dial-skip,with_roads,the_great_divide,229,672.834000,1,1.000000
dijkstra-dial-skip,with_roads,the_great_divide,1014,665.625000,1,1.000000
dijkstra-dial-skip,with_roads,the_great_divide,2428,683.087000,1,1.000000
dijkstra-dial-skip,with_roads,the_great_divide,961,662.999000,1,1.000000
dijkstra-dial-skip,with_roads,the_great_divide,1737,690.363000,1,1.000000
dijkstra-dial-skip,with_roads,the_great_divide,735,682.118000,1,1.000000
dijkstra-dial-skip,with_roads,the_great_divide,2329,683.536000,1,1.000000
dijkstra-dial-skip,with_roads,the_great_divide,92,690.436000,1,1.000000
dijkstra-dial-skip,with_roads,the_great_divide,2101,676.928000,1,1.000000
dijkstra-dial-skip,with_roads,the_great_divide,1298,652.881000,1,1.000000
dijkstra-dial-skip,with_roads,the_great_divide,1534,644.850000,1,1.000000
dijkstra-dial-skip,with_roads,the_great_divide,316,653.036000,1,1.000000
dijkstra-dial-skip,with_roads,the_great_divide,1080,677.326000,1,1.000000
dijkstra-dial-skip,with_roads,the_great_divide,180,660.536000,1,1.000000
dijkstra-dial-skip,with_roads,the_great_divide,1589,638.127000,1,1.000000
dijkstra-dial-skip,with_roads,the_great_divide,805,642.828000,1,1.000000
dijkstra-dial-skip,with_roads,the_great_divide,2385,654.288000,1,1.000000
dijkstra-dial-skip,with_roads,the_great_divide,1801,657.445000,1,1.000000
dijkstra-dial-skip,with_roads,the_great_divide,1770,660.357000,1,1.000000
dijkstra-dial-skip,with_roads,the_great_divide,2460,654.434000,1,1.000000
dijkstra-dial-skip,with_roads,the_great_divide,1019,671.926000,1,1.000000
dijkstra-dial-skip,with_roads,the_great_divide,1660,668.253000,1,1.000000
dijkstra-dial-skip,with_roads,the_great_divide,514,640.837000,1,1.000000
dijkstra-dial-skip,with_roads,the_great_divide,2030,660.605000,1,1.000000
dijkstra-dial-skip,with_roads,the_great_divide,154,668.980000,1,1.000000
dijkstra-dial-skip,with_roads,the_great_divide,97,686.990000,1,1.000000
dijkstra-dial-skip,with_roads,the_great_divide,1900,662.298000,1,1.000000
dijkstra-dial-skip,with_roads,the_great_divide,621,651.577000,1,1.000000
dijkstra-dial-skip,with_roads,the_great_divide,2239,661.578000,1,1.000000
dijkstra-dial-skip,with_roads,the_great_divide,796,695.040000,1,1.000000
dijkstra-dial-skip,with_roads,the_great_divide,182,665.170000,1,1.000000
dijkstra-dial-skip,with_roads,the_great_divide,2444,669.066000,1,1.000000
dijkstra-dial-skip,with_roads,the_great_divide,642,675.246000,1,1.000000
dijkstra-dial-skip,with_roads,the_great_divide,2470,645.189000,1,1.000000
dijkstra-dial-skip,with_roads,the_great_divide,240,768.226000,1,1.000000
dijkstra-dial-skip,with_roads,the_great_divide,1083,656.842000,1,1.000000
dijkstra-dial-skip,with_roads,the_great_divide,764,615.775000,1,1.000000
dijkstra-dial-skip,with_roads,the_great_divide,1285,648.804000,1,1.000000
dijkstra-dial-skip,with_roads,the_great_divide,1818,628.650000,1,1.000000
dijkstra-dial-skip,with_roads,the_great_divide,2400,640.374000,1,1.000000
dijkstra-dial-skip,with_roads,the_great_divide,1038,660.771000,1,1.000000
dijkstra-dial-skip,with_roads,the_great_divide,433,662.413000,1,1.000000
dijkstra-dial-skip,with_roads,the_great_divide,1054,716.534000,1,1.000000
dijkstra-dial-skip,with_roads,the_great_divide,1004,647.354000,1,1.000000
dijkstra-dial-skip,with_roads,the_great_divide,568,656.759000,1,1.000000
dijkstra-dial-skip,with_roads,the_great_divide,1929,643.021000,1,1.000000
dijkstra-dial-skip,with_roads,the_great_divide,740,663.007000,1,1.000000
dijkstra-dial-skip,with_roads,the_great_divide,2016,641.929000,1,1.000000
dijkstra-dial-skip,no_roads,the_powerful_egg,1535,528.281000,1,1.000000
dijkstra-dial-skip,no_roads,the_powerful_egg,256,494.753000,1,1.000000
dijkstra-dial-skip,no_roads,the_powerful_egg,61,516.829000,1,1.000000
dijkstra-dial-skip,no_roads,the_powerful_egg,647,526.980000,1,1.000000
dijkstra-dial-skip,no_roads,the_powerful_egg,570,523.136000,1,1.000000
dijkstra-dial-skip,no_roads,the_powerful_egg,517,511.316000,1,1.000000
dijkstra-dial-skip,no_roads,the_powerful_egg,321,513.453000,1,1.000000
dijkstra-dial-skip,no_roads,the_powerful_egg,236,512.945000,1,1.000000
dijkstra-dial-skip,no_roads,the_powerful_egg,1620,500.937000,1,1.000000
dijkstra-dial-skip,no_roads,the_powerful_egg,1314,536.613000,1,1.000000
dijkstra-dial-skip,no_roads,the_powerful_egg,203,505.856000,1,1.000000
dijkstra-dial-skip,no_roads,the_powerful_egg,1423,493.758000,1,1.000000
dijkstra-dial-skip,no_roads,the_powerful_egg,1015,506.880000,1,1.000000
dijkstra-dial-skip,no_roads,the_powerful_egg,78,509.414000,1,1.000000
dijkstra-dial-skip,no_roads,the_powerful_egg,72,506.089000,1,1.000000
dijkstra-dial-skip,no_roads,the_powerful_egg,216,494.523000,1,1.000000
dijkstra-dial-skip,no_roads,the_powerful_egg,505,510.347000,1,1.000000
dijkstra-dial-skip,no_roads,the_powerful_egg,538,525.670000,1,1.000000
dijkstra-dial-skip,no_roads,the_powerful_egg,1219,565.801000,1,1.000000
dijkstra-dial-skip,no_roads,the_powerful_egg,1448,547.245000,1,1.000000
dijkstra-dial-skip,no_roads,the_powerful_egg,65,500.148000,1,1.000000
dijkstra-dial-skip,no_roads,the_powerful_egg,1352,494.179000,1,1.000000
dijkstra-dial-skip,no_roads,the_powerful_egg,463,674.066000,1,1.000000
dijkstra-dial-skip,no_roads,the_powerful_egg,1715,476.112000,1,1.000000
dijkstra-dial-skip,no_roads,the_powerful_egg,1558,485.615000,1,1.000000
dijkstra-dial-skip,no_roads,the_powerful_egg,1679,576.884000,1,1.000000
dijkstra-dial-skip,no_roads,the_powerful_egg,1314,465.051000,1,1.000000
dijkstra-dial-skip,no_roads,the_powerful_egg,1009,478.352000,1,1.000000
dijkstra-dial-skip,no_roads,the_powerful_egg,511,495.995000,1,1.000000
dijkstra-dial-skip,no_roads,the_powerful_egg,1087,502.581000,1,1.000000
dijkstra-dial-skip,no_roads,the_powerful_egg,1419,497.077000,1,1.000000
dijkstra-dial-skip,no_roads,the_powerful_egg,653,515.980000,1,1.000000
dijkstra-dial-skip,no_roads,the_powerful_egg,16,575.603000,1,1.000000
dijkstra-dial-skip,no_roads,the_powerful_egg,364,611.193000,1,1.000000
dijkstra-dial-skip,no_roads,the_powerful_egg,1670,596.636000,1,1.000000
dijkstra-dial-skip,no_roads,the_powerful_egg,1020,606.544000,1,1.000000
dijkstra-dial-skip,no_roads,the_powerful_egg,820,644.253000,1,1.000000
dijkstra-dial-skip,no_roads,the_powerful_egg,653,623.176000,1,1.000000
dijkstra-dial-skip,no_roads,the_powerful_egg,356,631.666000,1,1.000000
dijkstra-dial-skip,no_roads,the_powerful_egg,498,658.684000,1,1.000000
dijkstra-dial-skip,no_roads,the_powerful_egg,812,619.123000,1,1.000000
dijkstra-dial-skip,no_roads,the_powerful_egg,236,603.716000,1,1.000000
dijkstra-dial-skip,no_roads,the_powerful_egg,214,596.915000,1,1.000000
dijkstra-dial-skip,no_roads,the_powerful_egg,924,561.204000,1,1.000000
dijkstra-dial-skip,no_roads,the_powerful_egg,224,570.656000,1,1.000000
dijkstra-dial-skip,no_roads,the_powerful_egg,872,558.473000,1,1.000000
dijkstra-dial-skip,no_roads,the_powerful_egg,830,548.163000,1,1.000000
dijkstra-dial-skip,no_roads,the_powerful_egg,1452,532.015000,1,1.000000
dijkstra-dial-skip,no_roads,the_powerful_egg,616,535.424000,1,1.000000
dijkstra-dial-skip,no_roads,the_powerful_egg,102,542.362000,1,1.000000
dijkstra-dial-skip,no_roads,the_powerful_egg,1743,553.559000,1,1.000000
dijkstra-dial-skip,no_roads,the_powerful_egg,1108,521.338000,1,1.000000
dijkstra-dial-skip,no_roads,the_powerful_egg,1294,529.681000,1,1.000000
dijkstra-dial-skip,no_roads,the_powerful_egg,289,520.325000,1,1.000000
dijkstra-dial-skip,no_roads,the_powerful_egg,921,525.706000,1,1.000000
dijkstra-dial-skip,no_roads,the_powerful_egg,185,504.013000,1,1.000000
dijkstra-dial-skip,no_roads,the_powerful_egg,1330,521.245000,1,1.000000
dijkstra-dial-skip,no_roads,the_powerful_egg,693,510.950000,1,1.000000
dijkstra-dial-skip,no_roads,the_powerful_egg,1509,527.829000,1,1.000000
dijkstra-dial-skip,no_roads,the_powerful_egg,1487,533.142000,1,1.000000
dijkstra-dial-skip,no_roads,the_powerful_egg,880,541.498000,1,1.000000
dijkstra-dial-skip,no_roads,the_powerful_egg,1393,554.147000,1,1.000000
dijkstra-dial-skip,no_roads,the_powerful_egg,449,551.323000,1,1.000000
dijkstra-dial-skip,no_roads,the_powerful_egg,1686,530.986000,1,1.000000
dijkstra-dial-skip,no_roads,the_powerful_egg,160,519.882000,1,1.000000
dijkstra-dial-skip,no_roads,the_powerful_egg,107,550.975000,1,1.000000
dijkstra-dial-skip,no_roads,the_powerful_egg,1585,561.390000,1,1.000000
dijkstra-dial-skip,no_roads,the_powerful_egg,527,548.703000,1,1.000000
dijkstra-dial-skip,no_roads,the_powerful_egg,685,527.930000,1,1.000000
dijkstra-dial-skip,no_roads,the_powerful_egg,187,533.346000,1,1.000000
dijkstra-dial-skip,no_roads,the_powerful_egg,538,533.822000,1,1.000000
dijkstra-dial-skip,no_roads,the_powerful_egg,233,542.792000,1,1.000000
dijkstra-dial-skip,no_roads,the_powerful_egg,924,543.321000,1,1.000000
dijkstra-dial-skip,no_roads,the_powerful_egg,653,536.538000,1,1.000000
dijkstra-dial-skip,no_roads,the_powerful_egg,1096,530.701000,1,1.000000
dijkstra-dial-skip,no_roads,the_powerful_egg,1525,524.673000,1,1.000000
dijkstra-dial-skip,no_roads,the_powerful_egg,888,546.896000,1,1.000000
dijkstra-dial-skip,no_roads,the_powerful_egg,371,528.306000,1,1.000000
dijkstra-dial-skip,no_roads,the_powerful_egg,902,532.582000,1,1.000000
dijkstra-dial-skip,no_roads,the_powerful_egg,862,529.451000,1,1.000000
dijkstra-dial-skip,no_roads,the_powerful_egg,487,573.625000,1,1.000000
dijkstra-dial-skip,no_roads,the_powerful_egg,1607,555.358000,1,1.000000
dijkstra-dial-skip,no_roads,the_powerful_egg,626,552.236000,1,1.000000
dijkstra-dial-skip,no_roads,the_powerful_egg,1680,536.030000,1,1.000000
dijkstra-dial-skip,no_roads,the_powerful_egg,1636,518.899000,1,1.000000
dijkstra-dial-skip,no_roads,the_powerful_egg,1553,546.328000,1,1.000000
dijkstra-dial-skip,no_roads,the_powerful_egg,164,531.771000,1,1.000000
dijkstra-dial-skip,no_roads,the_powerful_egg,1465,546.013000,1,1.000000
dijkstra-dial-skip,no_roads,the_powerful_egg,1524,544.738000,1,1.000000
dijkstra-dial-skip,no_roads,the_powerful_egg,394,616.522000,1,1.000000
dijkstra-dial-skip,no_roads,the_powerful_egg,1288,575.008000,1,1.000000
dijkstra-dial-skip,no_roads,the_powerful_egg,1742,538.436000,1,1.000000
dijkstra-dial-skip,no_roads,the_powerful_egg,570,540.318000,1,1.000000
dijkstra-dial-skip,no_roads,the_powerful_egg,378,524.537000,1,1.000000
dijkstra-dial-skip,no_roads,the_powerful_egg,1115,523.606000,1,1.000000
dijkstra-dial-skip,no_roads,the_powerful_egg,923,537.903000,1,1.000000
dijkstra-dial-skip,no_roads,the_powerful_egg,635,571.654000,1,1.000000
dijkstra-dial-skip,no_roads,the_powerful_egg,1536,541.624000,1,1.000000
dijkstra-dial-skip,no_roads,the_powerful_egg,1646,515.730000,1,1.000000
dijkstra-dial-skip,no_roads,the_powerful_egg,1342,508.426000,1,1.000000
dijkstra-dial-skip,with_roads,the_powerful_egg,1535,559.706000,1,1.000000
dijkstra-dial-skip,with_roads,the_powerful_egg,256,518.571000,1,1.000000
dijkstra-dial-skip,with_roads,the_powerful_egg,61,525.306000,1,1.000000
dijkstra-dial-skip,with_roads,the_powerful_egg,647,588.331000,1,1.000000
dijkstra-dial-skip,with_roads,the_powerful_egg,570,554.184000,1,1.000000
dijkstra-dial-skip,with_roads,the_powerful_egg,517,908.359000,1,1.000000
dijkstra-dial-skip,with_roads,the_powerful_egg,321,1329.675000,1,1.000000
dijkstra-dial-skip,with_roads,the_powerful_egg,236,779.737000,1,1.000000
dijkstra-dial-skip,with_roads,the_powerful_egg,1620,718.452000,1,1.000000
dijkstra-dial-skip,with_roads,the_powerful_egg,1314,742.724000,1,1.000000
dijkstra-dial-skip,with_roads,the_powerful_egg,203,750.624000,1,1.000000
dijkstra-dial-skip,with_roads,the_powerful_egg,1423,705.308000,1,1.000000
dijkstra-dial-skip,with_roads,the_powerful_egg,1015,712.151000,1,1.000000
dijkstra-dial-skip,with_roads,the_powerful_egg,78,705.838000,1,1.000000
dijkstra-dial-skip,with_roads,the_powerful_egg,72,667.278000,1,1.000000
dijkstra-dial-skip,with_roads,the_powerful_egg,216,690.172000,1,1.000000
dijkstra-dial-skip,with_roads,the_powerful_egg,505,685.148000,1,1.000000
dijkstra-dial-skip,with_roads,the_powerful_egg,538,680.277000,1,1.000000
dijkstra-dial-skip,with_roads,the_powerful_egg,1219,652.346000,1,1.000000
dijkstra-dial-skip,with_roads,the_powerful_egg,1448,672.951000,1,1.000000
dijkstra-dial-skip,with_roads,the_powerful_egg,65,636.283000,1,1.000000
dijkstra-dial-skip,with_roads,the_powerful_egg,1352,617.065000,1,1.000000
dijkstra-dial-skip,with_roads,the_powerful_egg,463,601.139000,1,1.000000
dijkstra-dial-skip,with_roads,the_powerful_egg,1715,600.478000,1,1.000000
dijkstra-dial-skip,with_roads,the_powerful_egg,1558,635.158000,1,1.000000
dijkstra-dial-skip,with_roads,the_powerful_egg,1679,657.010000,1,1.000000
dijkstra-dial-skip,with_roads,the_powerful_egg,1314,630.935000,1,1.000000
dijkstra-dial-skip,with_roads,the_powerful_egg,1009,664.853000,1,1.000000
dijkstra-dial-skip,with_roads,the_powerful_egg,511,729.735000,1,1.000000
dijkstra-dial-skip,with_roads,the_powerful_egg,1087,625.658000,1,1.000000
dijkstra-dial-skip,with_roads,the_powerful_egg,1419,601.558000,1,1.000000
dijkstra-dial-skip,with_roads,the_powerful_egg,653,622.092000,1,1.000000
dijkstra-dial-skip,with_roads,the_powerful_egg,16,594.071000,1,1.000000
dijkstra-dial-skip,with_roads,the_powerful_egg,364,596.025000,1,1.000000
dijkstra-dial-skip,with_roads,the_powerful_egg,1670,582.933000,1,1.000000
dijkstra-dial-skip,with_roads,the_powerful_egg,1020,616.754000,1,1.000000
dijkstra-dial-skip,with_roads,the_powerful_egg,820,591.414000,1,1.000000
dijkstra-dial-skip,with_roads,the_powerful_egg,653,584.373000,1,1.000000
dijkstra-dial-skip,with_roads,the_powerful_egg,356,564.222000,1,1.000000
dijkstra-dial-skip,with_roads,the_powerful_egg,498,611.925000,1,1.000000
dijkstra-dial-skip,with_roads,the_powerful_egg,812,582.487000,1,1.000000
dijkstra-dial-skip,with_roads,the_powerful_egg,236,586.008000,1,1.000000
dijkstra-dial-skip,with_roads,the_powerful_egg,214,583.608000,1,1.000000
dijkstra-dial-skip,with_roads,the_powerful_egg,924,571.825000,1,1.000000
dijkstra-dial-skip,with_roads,the_powerful_egg,224,603.144000,1,1.000000
dijkstra-dial-skip,with_roads,the_powerful_egg,872,593.814000,1,1.000000
dijkstra-dial-skip,with_roads,the_powerful_egg,830,600.447000,1,1.000000
dijkstra-dial-skip,with_roads,the_powerful_egg,1452,570.024000,1,1.000000
dijkstra-dial-skip,with_roads,the_powerful_egg,616,578.984000,1,1.000000
dijkstra-dial-skip,with_roads,the_powerful_egg,102,585.098000,1,1.000000
dijkstra-dial-skip,with_roads,the_powerful_egg,1743,578.594000,1,1.000000
dijkstra-dial-skip,with_roads,the_powerful_egg,1108,567.187000,1,1.000000
dijkstra-dial-skip,with_roads,the_powerful_egg,1294,568.947000,1,1.000000
dijkstra-dial-skip,with_roads,the_powerful_egg,289,583.111000,1,1.000000
dijkstra-dial-skip,with_roads,the_powerful_egg,921,585.887000,1,1.000000
dijkstra-dial-skip,with_roads,the_powerful_egg,185,581.566000,1,1.000000
dijkstra-dial-skip,with_roads,the_powerful_egg,1330,529.884000,1,1.000000
dijkstra-dial-skip,with_roads,the_powerful_egg,693,544.252000,1,1.000000
dijkstra-dial-skip,with_roads,the_powerful_egg,1509,514.414000,1,1.000000
dijkstra-dial-skip,with_roads,the_powerful_egg,1487,562.235000,1,1.000000
dijkstra-dial-skip,with_roads,the_powerful_egg,880,564.090000,1,1.000000
dijkstra-dial-skip,with_roads,the_powerful_egg,1393,592.320000,1,1.000000
dijkstra-dial-skip,with_roads,the_powerful_egg,449,582.980000,1,1.000000
dijkstra-dial-skip,with_roads,the_powerful_egg,1686,567.906000,1,1.000000
dijkstra-dial-skip,with_roads,the_powerful_egg,160,572.922000,1,1.000000
dijkstra-dial-skip,with_roads,the_powerful_egg,107,559.561000,1,1.000000
dijkstra-dial-skip,with_roads,the_powerful_egg,1585,538.890000,1,1.000000
dijkstra-dial-skip,with_roads,the_powerful_egg,527,549.685000,1,1.000000
dijkstra-dial-skip,with_roads,the_powerful_egg,685,548.072000,1,1.000000
dijkstra-dial-skip,with_roads,the_powerful_egg,187,548.713000,1,1.000000
dijkstra-dial-skip,with_roads,the_powerful_egg,538,578.791000,1,1.000000
dijkstra-dial-skip,with_roads,the_powerful_egg,233,540.303000,1,1.000000
dijkstra-dial-skip,with_roads,the_powerful_egg,924,525.632000,1,1.000000
dijkstra-dial-skip,with_roads,the_powerful_egg,653,551.319000,1,1.000000
dijkstra-dial-skip,with_roads,the_powerful_egg,1096,562.852000,1,1.000000
dijkstra-dial-skip,with_roads,the_powerful_egg,1525,550.463000,1,1.000000
dijkstra-dial-skip,with_roads,the_powerful_egg,888,569.192000,1,1.000000
dijkstra-dial-skip,with_roads,the_powerful_egg,371,554.761000,1,1.000000
dijkstra-dial-skip,with_roads,the_powerful_egg,902,562.711000,1,1.000000
dijkstra-dial-skip,with_roads,the_powerful_egg,862,544.202000,1,1.000000
dijkstra-dial-skip,with_roads,the_powerful_egg,487,578.946000,1,1.000000
dijkstra-dial-skip,with_roads,the_powerful_egg,1607,577.061000,1,1.000000
dijkstra-dial-skip,with_roads,the_powerful_egg,626,558.862000,1,1.000000
dijkstra-dial-skip,with_roads,the_powerful_egg,1680,548.507000,1,1.000000
dijkstra-dial-skip,with_roads,the_powerful_egg,1636,563.310000,1,1.000000
dijkstra-dial-skip,with_roads,the_powerful_egg,1553,564.310000,1,1.000000
dijkstra-dial-skip,with_roads,the_powerful_egg,164,537.309000,1,1.000000
dijkstra-dial-skip,with_roads,the_powerful_egg,1465,535.719000,1,1.000000
dijkstra-dial-skip,with_roads,the_powerful_egg,1524,563.076000,1,1.000000
dijkstra-dial-skip,with_roads,the_powerful_egg,394,585.379000,1,1.000000
dijkstra-dial-skip,with_roads,the_powerful_egg,1288,571.385000,1,1.000000
dijkstra-dial-skip,with_roads,the_powerful_egg,1742,597.438000,1,1.000000
dijkstra-dial-skip,with_roads,the_powerful_egg,570,586.091000,1,1.000000
dijkstra-dial-skip,with_roads,the_powerful_egg,378,568.350000,1,1.000000
dijkstra-dial-skip,with_roads,the_powerful_egg,1115,540.608000,1,1.000000
dijkstra-dial-skip,with_roads,the_powerful_egg,923,542.773000,1,1.000000
dijkstra-dial-skip,with_roads,the_powerful_egg,635,528.645000,1,1.000000
dijkstra-dial-skip,with_roads,the_powerful_egg,1536,541.888000,1,1.000000
dijkstra-dial-skip,with_roads,the_powerful_egg,1646,529.955000,1,1.000000
dijkstra-dial-skip,with_roads,the_powerful_egg,1342,560.157000,1,1.000000
dijkstra-dial-skip,no_roads,thread_of_connection,61,104.184000,1,1.000000
dijkstra-dial-skip,no_roads,thread_of_connection,13,99.149000,1,1.000000
dijkstra-dial-skip,no_roads,thread_of_connection,181,137.648000,1,1.000000
dijkstra-dial-skip,no_roads,thread_of_connection,161,90.857000,1,1.000000
dijkstra-dial-skip,no_roads,thread_of_connection,139,90.246000,1,1.000000
dijkstra-dial-skip,no_roads,thread_of_connection,80,92.352000,1,1.000000
dijkstra-dial-skip,no_roads,thread_of_connection,56,92.922000,1,1.000000
dijkstra-dial-skip,no_roads,thread_of_connection,374,91.448000,1,1.000000
dijkstra-dial-skip,no_roads,thread_of_connection,47,100.129000,1,1.000000
dijkstra-dial-skip,no_roads,thread_of_connection,398,95.160000,1,1.000000
dijkstra-dial-skip,no_roads,thread_of_connection,299,93.709000,1,1.000000
dijkstra-dial-skip,no_roads,thread_of_connection,17,95.777000,1,1.000000
dijkstra-dial-skip,no_roads,thread_of_connection,16,91.849000,1,1.000000
dijkstra-dial-skip,no_roads,thread_of_connection,50,93.317000,1,1.000000
dijkstra-dial-skip,no_roads,thread_of_connection,134,90.711000,1,1.000000
dijkstra-dial-skip,no_roads,thread_of_connection,147,94.065000,1,1.000000
dijkstra-dial-skip,no_roads,thread_of_connection,351,91.809000,1,1.000000
dijkstra-dial-skip,no_roads,thread_of_connection,14,91.969000,1,1.000000
dijkstra-dial-skip,no_roads,thread_of_connection,382,92.870000,1,1.000000
dijkstra-dial-skip,no_roads,thread_of_connection,118,96.104000,1,1.000000
dijkstra-dial-skip,no_roads,thread_of_connection,374,99.708000,1,1.000000
dijkstra-dial-skip,no_roads,thread_of_connection,296,97.377000,1,1.000000
dijkstra-dial-skip,no_roads,thread_of_connection,137,102.333000,1,1.000000
dijkstra-dial-skip,no_roads,thread_of_connection,315,97.341000,1,1.000000
dijkstra-dial-skip,no_roads,thread_of_connection,397,96.116000,1,1.000000
dijkstra-dial-skip,no_roads,thread_of_connection,184,134.056000,1,1.000000
dijkstra-dial-skip,no_roads,thread_of_connection,3,93.551000,1,1.000000
dijkstra-dial-skip,no_roads,thread_of_connection,94,94.306000,1,1.000000
dijkstra-dial-skip,no_roads,thread_of_connection,299,95.418000,1,1.000000
dijkstra-dial-skip,no_roads,thread_of_connection,232,92.872000,1,1.000000
dijkstra-dial-skip,no_roads,thread_of_connection,184,93.483000,1,1.000000
dijkstra-dial-skip,no_roads,thread_of_connection,91,93.903000,1,1.000000
dijkstra-dial-skip,no_roads,thread_of_connection,133,98.892000,1,1.000000
dijkstra-dial-skip,no_roads,thread_of_connection,229,97.662000,1,1.000000
dijkstra-dial-skip,no_roads,thread_of_connection,56,93.461000,1,1.000000
dijkstra-dial-skip,no_roads,thread_of_connection,50,97.106000,1,1.000000
dijkstra-dial-skip,no_roads,thread_of_connection,268,96.282000,1,1.000000
dijkstra-dial-skip,no_roads,thread_of_connection,53,96.784000,1,1.000000
dijkstra-dial-skip,no_roads,thread_of_connection,250,94.042000,1,1.000000
dijkstra-dial-skip,no_roads,thread_of_connection,235,99.004000,1,1.000000
dijkstra-dial-skip,no_roads,thread_of_connection,176,97.541000,1,1.000000
dijkstra-dial-skip,no_roads,thread_of_connection,23,97.524000,1,1.000000
dijkstra-dial-skip,no_roads,thread_of_connection,322,99.968000,1,1.000000
dijkstra-dial-skip,no_roads,thread_of_connection,369,95.655000,1,1.000000
dijkstra-dial-skip,no_roads,thread_of_connection,72,98.193000,1,1.000000
dijkstra-dial-skip,no_roads,thread_of_connection,266,99.581000,1,1.000000
dijkstra-dial-skip,no_roads,thread_of_connection,43,96.263000,1,1.000000
dijkstra-dial-skip,no_roads,thread_of_connection,377,97.510000,1,1.000000
dijkstra-dial-skip,no_roads,thread_of_connection,198,112.361000,1,1.000000
dijkstra-dial-skip,no_roads,thread_of_connection,255,99.776000,1,1.000000
dijkstra-dial-skip,no_roads,thread_of_connection,391,105.822000,1,1.000000
dijkstra-dial-skip,no_roads,thread_of_connection,115,124.241000,1,1.000000
dijkstra-dial-skip,no_roads,thread_of_connection,38,96.926000,1,1.000000
dijkstra-dial-skip,no_roads,thread_of_connection,24,100.109000,1,1.000000
dijkstra-dial-skip,no_roads,thread_of_connection,142,96.012000,1,1.000000
dijkstra-dial-skip,no_roads,thread_of_connection,196,111.851000,1,1.000000
dijkstra-dial-skip,no_roads,thread_of_connection,43,99.815000,1,1.000000
dijkstra-dial-skip,no_roads,thread_of_connection,147,99.711000,1,1.000000
dijkstra-dial-skip,no_roads,thread_of_connection,55,95.275000,1,1.000000
dijkstra-dial-skip,no_roads,thread_of_connection,268,94.158000,1,1.000000
dijkstra-dial-skip,no_roads,thread_of_connection,184,93.321000,1,1.000000
dijkstra-dial-skip,no_roads,thread_of_connection,319,97.714000,1,1.000000
dijkstra-dial-skip,no_roads,thread_of_connection,256,97.337000,1,1.000000
dijkstra-dial-skip,no_roads,thread_of_connection,96,93.020000,1,1.000000
dijkstra-dial-skip,no_roads,thread_of_connection,260,95.548000,1,1.000000
dijkstra-dial-skip,no_roads,thread_of_connection,245,98.204000,1,1.000000
dijkstra-dial-skip,no_roads,thread_of_connection,127,100.642000,1,1.000000
dijkstra-dial-skip,no_roads,thread_of_connection,177,93.297000,1,1.000000
dijkstra-dial-skip,no_roads,thread_of_connection,39,95.955000,1,1.000000
dijkstra-dial-skip,no_roads,thread_of_connection,100,94.997000,1,1.000000
dijkstra-dial-skip,no_roads,thread_of_connection,366,97.855000,1,1.000000
dijkstra-dial-skip,no_roads,thread_of_connection,161,94.878000,1,1.000000
dijkstra-dial-skip,no_roads,thread_of_connection,96,96.339000,1,1.000000
dijkstra-dial-skip,no_roads,thread_of_connection,323,92.394000,1,1.000000
dijkstra-dial-skip,no_roads,thread_of_connection,268,90.826000,1,1.000000
dijkstra-dial-skip,no_roads,thread_of_connection,179,92.664000,1,1.000000
dijkstra-dial-skip,no_roads,thread_of_connection,380,95.314000,1,1.000000
dijkstra-dial-skip,no_roads,thread_of_connection,137,95.463000,1,1.000000
dijkstra-dial-skip,no_roads,thread_of_connection,221,93.596000,1,1.000000
dijkstra-dial-skip,no_roads,thread_of_connection,29,98.866000,1,1.000000
dijkstra-dial-skip,no_roads,thread_of_connection,143,95.687000,1,1.000000
dijkstra-dial-skip,no_roads,thread_of_connection,17,96.452000,1,1.000000
dijkstra-dial-skip,no_roads,thread_of_connection,215,104.295000,1,1.000000
dijkstra-dial-skip,no_roads,thread_of_connection,284,92.525000,1,1.000000
dijkstra-dial-skip,no_roads,thread_of_connection,178,93.486000,1,1.000000
dijkstra-dial-skip,no_roads,thread_of_connection,36,95.289000,1,1.000000
dijkstra-dial-skip,no_roads,thread_of_connection,129,93.437000,1,1.000000
dijkstra-dial-skip,no_roads,thread_of_connection,385,95.401000,1,1.000000
dijkstra-dial-skip,no_roads,thread_of_connection,215,97.081000,1,1.000000
dijkstra-dial-skip,no_roads,thread_of_connection,129,95.078000,1,1.000000
dijkstra-dial-skip,no_roads,thread_of_connection,347,97.150000,1,1.000000
dijkstra-dial-skip,no_roads,thread_of_connection,281,93.479000,1,1.000000
dijkstra-dial-skip,no_roads,thread_of_connection,321,93.805000,1,1.000000
dijkstra-dial-skip,no_roads,thread_of_connection,83,94.659000,1,1.000000
dijkstra-dial-skip,no_roads,thread_of_connection,176,95.515000,1,1.000000
dijkstra-dial-skip,no_roads,thread_of_connection,80,96.567000,1,1.000000
dijkstra-dial-skip,no_roads,thread_of_connection,163,96.162000,1,1.000000
dijkstra-dial-skip,no_roads,thread_of_connection,382,95.665000,1,1.000000
dijkstra-dial-skip,no_roads,thread_of_connection,370,97.973000,1,1.000000
dijkstra-dial-skip,no_roads,thread_of_connection,175,104.917000,1,1.000000
dijkstra-dial-skip,with_roads,thread_of_connection,61,103.774000,1,1.000000
dijkstra-dial-skip,with_roads,thread_of_connection,13,106.253000,1,1.000000
dijkstra-dial-skip,with_roads,thread_of_connection,181,94.683000,1,1.000000
dijkstra-dial-skip,with_roads,thread_of_connection,161,104.781000,1,1.000000
dijkstra-dial-skip,with_roads,thread_of_connection,139,102.027000,1,1.000000
dijkstra-dial-skip,with_roads,thread_of_connection,80,99.327000,1,1.000000
dijkstra-dial-skip,with_roads,thread_of_connection,56,99.953000,1,1.000000
dijkstra-dial-skip,with_roads,thread_of_connection,374,100.166000,1,1.000000
dijkstra-dial-skip,with_roads,thread_of_connection,47,94.928000,1,1.000000
dijkstra-dial-skip,with_roads,thread_of_connection,398,100.824000,1,1.000000
dijkstra-dial-skip,with_roads,thread_of_connection,299,103.838000,1,1.000000
dijkstra-dial-skip,with_roads,thread_of_connection,17,118.238000,1,1.000000
dijkstra-dial-skip,with_roads,thread_of_connection,16,100.110000,1,1.000000
dijkstra-dial-skip,with_roads,thread_of_connection,50,97.292000,1,1.000000
dijkstra-dial-skip,with_roads,thread_of_connection,134,97.787000,1,1.000000
dijkstra-dial-skip,with_roads,thread_of_connection,147,102.922000,1,1.000000
dijkstra-dial-skip,with_roads,thread_of_connection,351,98.934000,1,1.000000
dijkstra-dial-skip,with_roads,thread_of_connection,14,100.727000,1,1.000000
dijkstra-dial-skip,with_roads,thread_of_connection,382,156.607000,1,1.000000
dijkstra-dial-skip,with_roads,thread_of_connection,118,171.547000,1,1.000000
dijkstra-dial-skip,with_roads,thread_of_connection,374,175.654000,1,1.000000
dijkstra-dial-skip,with_roads,thread_of_connection,296,194.132000,1,1.000000
dijkstra-dial-skip,with_roads,thread_of_connection,137,102.867000,1,1.000000
dijkstra-dial-skip,with_roads,thread_of_connection,315,101.203000,1,1.000000
dijkstra-dial-skip,with_roads,thread_of_connection,397,105.125000,1,1.000000
dijkstra-dial-skip,with_roads,thread_of_connection,184,102.712000,1,1.000000
dijkstra-dial-skip,with_roads,thread_of_connection,3,102.504000,1,1.000000
dijkstra-dial-skip,with_roads,thread_of_connection,94,102.635000,1,1.000000
dijkstra-dial-skip,with_roads,thread_of_connection,299,104.333000,1,1.000000
dijkstra-dial-skip,with_roads,thread_of_connection,232,104.877000,1,1.000000
dijkstra-dial-skip,with_roads,thread_of_connection,184,104.535000,1,1.000000
dijkstra-dial-skip,with_roads,thread_of_connection,91,106.198000,1,1.000000
dijkstra-dial-skip,with_roads,thread_of_connection,133,101.704000,1,1.000000
dijkstra-dial-skip,with_roads,thread_of_connection,229,97.699000,1,1.000000
dijkstra-dial-skip,with_roads,thread_of_connection,56,100.878000,1,1.000000
dijkstra-dial-skip,with_roads,thread_of_connection,50,99.339000,1,1.000000
dijkstra-dial-skip,with_roads,thread_of_connection,268,98.377000,1,1.000000
dijkstra-dial-skip,with_roads,thread_of_connection,53,101.845000,1,1.000000
dijkstra-dial-skip,with_roads,thread_of_connection,250,100.030000,1,1.000000
dijkstra-dial-skip,with_roads,thread_of_connection,235,103.468000,1,1.000000
dijkstra-dial-skip,with_roads,thread_of_connection,176,98.885000,1,1.000000
dijkstra-dial-skip,with_roads,thread_of_connection,23,99.241000,1,1.000000
dijkstra-dial-skip,with_roads,thread_of_connection,322,99.539000,1,1.000000
dijkstra-dial-skip,with_roads,thread_of_connection,369,101.950000,1,1.000000
dijkstra-dial-skip,with_roads,thread_of_connection,72,104.686000,1,1.000000
dijkstra-dial-skip,with_roads,thread_of_connection,266,98.852000,1,1.000000
dijkstra-dial-skip,with_roads,thread_of_connection,43,101.107000,1,1.000000
dijkstra-dial-skip,with_roads,thread_of_connection,377,105.915000,1,1.000000
dijkstra-dial-skip,with_roads,thread_of_connection,198,101.341000,1,1.000000
dijkstra-dial-skip,with_roads,thread_of_connection,255,100.916000,1,1.000000
dijkstra-dial-skip,with_roads,thread_of_connection,391,102.903000,1,1.000000
dijkstra-dial-skip,with_roads,thread_of_connection,115,106.584000,1,1.000000
dijkstra-dial-skip,with_roads,thread_of_connection,38,101.874000,1,1.000000
dijkstra-dial-skip,with_roads,thread_of_connection,24,99.516000,1,1.000000
dijkstra-dial-skip,with_roads,thread_of_connection,142,102.842000,1,1.000000
dijkstra-dial-skip,with_roads,thread_of_connection,196,100.974000,1,1.000000
dijkstra-dial-skip,with_roads,thread_of_connection,43,100.738000,1,1.000000
dijkstra-dial-skip,with_roads,thread_of_connection,147,101.310000,1,1.000000
dijkstra-dial-skip,with_roads,thread_of_connection,55,100.230000,1,1.000000
dijkstra-dial-skip,with_roads,thread_of_connection,268,97.810000,1,1.000000
dijkstra-dial-skip,with_roads,thread_of_connection,184,97.941000,1,1.000000
dijkstra-dial-skip,with_roads,thread_of_connection,319,104.102000,1,1.000000
dijkstra-dial-skip,with_roads,thread_of_connection,256,98.424000,1,1.000000
dijkstra-dial-skip,with_roads,thread_of_connection,96,99.203000,1,1.000000
dijkstra-dial-skip,with_roads,thread_of_connection,260,100.479000,1,1.000000
dijkstra-dial-skip,with_roads,thread_of_connection,245,98.222000,1,1.000000
dijkstra-dial-skip,with_roads,thread_of_connection,127,97.695000,1,1.000000
dijkstra-dial-skip,with_roads,thread_of_connection,177,101.328000,1,1.000000
dijkstra-dial-skip,with_roads,thread_of_connection,39,100.088000,1,1.000000
dijkstra-dial-skip,with_roads,thread_of_connection,100,98.355000,1,1.000000
dijkstra-dial-skip,with_roads,thread_of_connection,366,97.429000,1,1.000000
dijkstra-dial-skip,with_roads,thread_of_connection,161,97.291000,1,1.000000
dijkstra-dial-skip,with_roads,thread_of_connection,96,98.177000,1,1.000000
dijkstra-dial-skip,with_roads,thread_of_connection,323,98.577000,1,1.000000
dijkstra-dial-skip,with_roads,thread_of_connection,268,99.961000,1,1.000000
dijkstra-dial-skip,with_roads,thread_of_connection,179,98.463000,1,1.000000
dijkstra-dial-skip,with_roads,thread_of_connection,380,99.795000,1,1.000000
dijkstra-dial-skip,with_roads,thread_of_connection,137,104.827000,1,1.000000
dijkstra-dial-skip,with_roads,thread_of_connection,221,96.713000,1,1.000000
dijkstra-dial-skip,with_roads,thread_of_connection,29,96.517000,1,1.000000
dijkstra-dial-skip,with_roads,thread_of_connection,143,97.113000,1,1.000000
dijkstra-dial-skip,with_roads,thread_of_connection,17,101.647000,1,1.000000
dijkstra-dial-skip,with_roads,thread_of_connection,215,105.513000,1,1.000000
dijkstra-dial-skip,with_roads,thread_of_connection,284,100.661000,1,1.000000
dijkstra-dial-skip,with_roads,thread_of_connection,178,105.089000,1,1.000000
dijkstra-dial-skip,with_roads,thread_of_connection,36,100.121000,1,1.000000
dijkstra-dial-skip,with_roads,thread_of_connection,129,101.200000,1,1.000000
dijkstra-dial-skip,with_roads,thread_of_connection,385,95.671000,1,1.000000
dijkstra-dial-skip,with_roads,thread_of_connection,215,101.450000,1,1.000000
dijkstra-dial-skip,with_roads,thread_of_connection,129,97.049000,1,1.000000
dijkstra-dial-skip,with_roads,thread_of_connection,347,97.227000,1,1.000000
dijkstra-dial-skip,with_roads,thread_of_connection,281,97.242000,1,1.000000
dijkstra-dial-skip,with_roads,thread_of_connection,321,98.251000,1,1.000000
dijkstra-dial-skip,with_roads,thread_of_connection,83,94.212000,1,1.000000
dijkstra-dial-skip,with_roads,thread_of_connection,176,95.473000,1,1.000000
dijkstra-dial-skip,with_roads,thread_of_connection,80,96.861000,1,1.000000
dijkstra-dial-skip,with_roads,thread_of_connection,163,99.963000,1,1.000000
dijkstra-dial-skip,with_roads,thread_of_connection,382,96.146000,1,1.000000
dijkstra-dial-skip,with_roads,thread_of_connection,370,97.458000,1,1.000000
dijkstra-dial-skip,with_roads,thread_of_connection,175,104.382000,1,1.000000
dijkstra-dial-skip,no_roads,tiles,979,283.312000,1,1.000000
dijkstra-dial-skip,no_roads,tiles,170,217.342000,1,1.000000
dijkstra-dial-skip,no_roads,tiles,28,217.565000,1,1.000000
dijkstra-dial-skip,no_roads,tiles,1141,209.943000,1,1.000000
dijkstra-dial-skip,no_roads,tiles,417,214.642000,1,1.000000
dijkstra-dial-skip,no_roads,tiles,375,222.386000,1,1.000000
dijkstra-dial-skip,no_roads,tiles,347,212.065000,1,1.000000
dijkstra-dial-skip,no_roads,tiles,202,210.653000,1,1.000000
dijkstra-dial-skip,no_roads,tiles,1129,222.611000,1,1.000000
dijkstra-dial-skip,no_roads,tiles,149,226.413000,1,1.000000
dijkstra-dial-skip,no_roads,tiles,1028,218.361000,1,1.000000
dijkstra-dial-skip,no_roads,tiles,1137,218.159000,1,1.000000
dijkstra-dial-skip,no_roads,tiles,823,224.055000,1,1.000000
dijkstra-dial-skip,no_roads,tiles,109,216.582000,1,1.000000
dijkstra-dial-skip,no_roads,tiles,882,219.935000,1,1.000000
dijkstra-dial-skip,no_roads,tiles,641,219.335000,1,1.000000
dijkstra-dial-skip,no_roads,tiles,37,4.364000,1,1.000000
dijkstra-dial-skip,no_roads,tiles,34,5.951000,1,1.000000
dijkstra-dial-skip,no_roads,tiles,117,3.856000,1,1.000000
dijkstra-dial-skip,no_roads,tiles,341,224.321000,1,1.000000
dijkstra-dial-skip,no_roads,tiles,359,5.275000,1,1.000000
dijkstra-dial-skip,no_roads,tiles,771,223.359000,1,1.000000
dijkstra-dial-skip,no_roads,tiles,929,224.715000,1,1.000000
dijkstra-dial-skip,no_roads,tiles,31,6.732000,1,1.000000
dijkstra-dial-skip,no_roads,tiles,846,211.320000,1,1.000000
dijkstra-dial-skip,no_roads,tiles,311,225.898000,1,1.000000
dijkstra-dial-skip,no_roads,tiles,1106,239.200000,1,1.000000
dijkstra-dial-skip,no_roads,tiles,997,7.323000,1,1.000000
dijkstra-dial-skip,no_roads,tiles,1089,239.568000,1,1.000000
dijkstra-dial-skip,no_roads,tiles,823,228.713000,1,1.000000
dijkstra-dial-skip,no_roads,tiles,638,233.993000,1,1.000000
dijkstra-dial-skip,no_roads,tiles,344,226.716000,1,1.000000
dijkstra-dial-skip,no_roads,tiles,672,232.634000,1,1.000000
dijkstra-dial-skip,no_roads,tiles,879,4.317000,1,1.000000
dijkstra-dial-skip,no_roads,tiles,420,232.034000,1,1.000000
dijkstra-dial-skip,no_roads,tiles,6,231.877000,1,1.000000
dijkstra-dial-skip,no_roads,tiles,1164,232.273000,1,1.000000
dijkstra-dial-skip,no_roads,tiles,238,8.421000,1,1.000000
dijkstra-dial-skip,no_roads,tiles,1084,229.133000,1,1.000000
dijkstra-dial-skip,no_roads,tiles,641,239.357000,1,1.000000
dijkstra-dial-skip,no_roads,tiles,527,244.634000,1,1.000000
dijkstra-dial-skip,no_roads,tiles,420,226.254000,1,1.000000
dijkstra-dial-skip,no_roads,tiles,234,8.395000,1,1.000000
dijkstra-dial-skip,no_roads,tiles,338,222.071000,1,1.000000
dijkstra-dial-skip,no_roads,tiles,1169,229.347000,1,1.000000
dijkstra-dial-skip,no_roads,tiles,522,227.306000,1,1.000000
dijkstra-dial-skip,no_roads,tiles,149,223.434000,1,1.000000
dijkstra-dial-skip,no_roads,tiles,115,6.906000,1,1.000000
dijkstra-dial-skip,no_roads,tiles,577,237.289000,1,1.000000
dijkstra-dial-skip,no_roads,tiles,130,230.622000,1,1.000000
dijkstra-dial-skip,no_roads,tiles,549,231.244000,1,1.000000
dijkstra-dial-skip,no_roads,tiles,532,233.301000,1,1.000000
dijkstra-dial-skip,no_roads,tiles,931,229.845000,1,1.000000
dijkstra-dial-skip,no_roads,tiles,404,227.392000,1,1.000000
dijkstra-dial-skip,no_roads,tiles,49,248.450000,1,1.000000
dijkstra-dial-skip,no_roads,tiles,1122,237.945000,1,1.000000
dijkstra-dial-skip,no_roads,tiles,685,230.126000,1,1.000000
dijkstra-dial-skip,no_roads,tiles,807,228.123000,1,1.000000
dijkstra-dial-skip,no_roads,tiles,185,225.728000,1,1.000000
dijkstra-dial-skip,no_roads,tiles,573,219.297000,1,1.000000
dijkstra-dial-skip,no_roads,tiles,99,222.289000,1,1.000000
dijkstra-dial-skip,no_roads,tiles,835,229.188000,1,1.000000
dijkstra-dial-skip,no_roads,tiles,439,5.105000,1,1.000000
dijkstra-dial-skip,no_roads,tiles,960,229.863000,1,1.000000
dijkstra-dial-skip,no_roads,tiles,949,225.499000,1,1.000000
dijkstra-dial-skip,no_roads,tiles,552,235.364000,1,1.000000
dijkstra-dial-skip,no_roads,tiles,865,239.889000,1,1.000000
dijkstra-dial-skip,no_roads,tiles,276,7.828000,1,1.000000
dijkstra-dial-skip,no_roads,tiles,1092,230.920000,1,1.000000
dijkstra-dial-skip,no_roads,tiles,89,225.979000,1,1.000000
dijkstra-dial-skip,no_roads,tiles,54,230.573000,1,1.000000
dijkstra-dial-skip,no_roads,tiles,1010,218.663000,1,1.000000
dijkstra-dial-skip,no_roads,tiles,353,226.349000,1,1.000000
dijkstra-dial-skip,no_roads,tiles,1180,230.987000,1,1.000000
dijkstra-dial-skip,no_roads,tiles,434,222.064000,1,1.000000
dijkstra-dial-skip,no_roads,tiles,100,219.978000,1,1.000000
dijkstra-dial-skip,no_roads,tiles,359,4.393000,1,1.000000
dijkstra-dial-skip,no_roads,tiles,145,218.257000,1,1.000000
dijkstra-dial-skip,no_roads,tiles,577,223.699000,1,1.000000
dijkstra-dial-skip,no_roads,tiles,420,222.107000,1,1.000000
dijkstra-dial-skip,no_roads,tiles,678,225.239000,1,1.000000
dijkstra-dial-skip,no_roads,tiles,971,224.294000,1,1.000000
dijkstra-dial-skip,no_roads,tiles,556,225.247000,1,1.000000
dijkstra-dial-skip,no_roads,tiles,241,226.609000,1,1.000000
dijkstra-dial-skip,no_roads,tiles,562,230.406000,1,1.000000
dijkstra-dial-skip,no_roads,tiles,544,224.060000,1,1.000000
dijkstra-dial-skip,no_roads,tiles,331,227.064000,1,1.000000
dijkstra-dial-skip,no_roads,tiles,1021,224.656000,1,1.000000
dijkstra-dial-skip,no_roads,tiles,408,222.464000,1,1.000000
dijkstra-dial-skip,no_roads,tiles,1089,233.009000,1,1.000000
dijkstra-dial-skip,no_roads,tiles,1036,7.309000,1,1.000000
dijkstra-dial-skip,no_roads,tiles,995,7.141000,1,1.000000
dijkstra-dial-skip,no_roads,tiles,91,227.614000,1,1.000000
dijkstra-dial-skip,no_roads,tiles,937,222.959000,1,1.000000
dijkstra-dial-skip,no_roads,tiles,971,222.543000,1,1.000000
dijkstra-dial-skip,no_roads,tiles,251,228.404000,1,1.000000
dijkstra-dial-skip,no_roads,tiles,804,225.746000,1,1.000000
dijkstra-dial-skip,no_roads,tiles,1121,230.770000,1,1.000000
dijkstra-dial-skip,no_roads,tiles,375,214.689000,1,1.000000
dijkstra-dial-skip,no_roads,tiles,242,230.329000,1,1.000000
dijkstra-dial-skip,with_roads,tiles,979,237.350000,1,1.000000
dijkstra-dial-skip,with_roads,tiles,170,228.972000,1,1.000000
dijkstra-dial-skip,with_roads,tiles,28,239.363000,1,1.000000
dijkstra-dial-skip,with_roads,tiles,1141,227.779000,1,1.000000
dijkstra-dial-skip,with_roads,tiles,417,230.588000,1,1.000000
dijkstra-dial-skip,with_roads,tiles,375,235.228000,1,1.000000
dijkstra-dial-skip,with_roads,tiles,347,232.995000,1,1.000000
dijkstra-dial-skip,with_roads,tiles,202,253.845000,1,1.000000
dijkstra-dial-skip,with_roads,tiles,1129,241.304000,1,1.000000
dijkstra-dial-skip,with_roads,tiles,149,242.499000,1,1.000000
dijkstra-dial-skip,with_roads,tiles,1028,240.810000,1,1.000000
dijkstra-dial-skip,with_roads,tiles,1137,236.452000,1,1.000000
dijkstra-dial-skip,with_roads,tiles,823,244.495000,1,1.000000
dijkstra-dial-skip,with_roads,tiles,109,242.270000,1,1.000000
dijkstra-dial-skip,with_roads,tiles,882,238.634000,1,1.000000
dijkstra-dial-skip,with_roads,tiles,641,243.383000,1,1.000000
dijkstra-dial-skip,with_roads,tiles,37,6.603000,1,1.000000
dijkstra-dial-skip,with_roads,tiles,34,7.774000,1,1.000000
dijkstra-dial-skip,with_roads,tiles,117,4.214000,1,1.000000
dijkstra-dial-skip,with_roads,tiles,341,249.521000,1,1.000000
dijkstra-dial-skip,with_roads,tiles,359,4.861000,1,1.000000
dijkstra-dial-skip,with_roads,tiles,771,244.593000,1,1.000000
dijkstra-dial-skip,with_roads,tiles,929,237.501000,1,1.000000
dijkstra-dial-skip,with_roads,tiles,31,7.410000,1,1.000000
dijkstra-dial-skip,with_roads,tiles,846,236.337000,1,1.000000
dijkstra-dial-skip,with_roads,tiles,311,242.787000,1,1.000000
dijkstra-dial-skip,with_roads,tiles,1106,228.204000,1,1.000000
dijkstra-dial-skip,with_roads,tiles,997,7.750000,1,1.000000
dijkstra-dial-skip,with_roads,tiles,1089,234.952000,1,1.000000
dijkstra-dial-skip,with_roads,tiles,823,232.411000,1,1.000000
dijkstra-dial-skip,with_roads,tiles,638,235.125000,1,1.000000
dijkstra-dial-skip,with_roads,tiles,344,267.196000,1,1.000000
dijkstra-dial-skip,with_roads,tiles,672,253.699000,1,1.000000
dijkstra-dial-skip,with_roads,tiles,879,6.622000,1,1.000000
dijkstra-dial-skip,with_roads,tiles,420,239.043000,1,1.000000
dijkstra-dial-skip,with_roads,tiles,6,244.958000,1,1.000000
dijkstra-dial-skip,with_roads,tiles,1164,226.056000,1,1.000000
dijkstra-dial-skip,with_roads,tiles,238,8.606000,1,1.000000
dijkstra-dial-skip,with_roads,tiles,1084,225.652000,1,1.000000
dijkstra-dial-skip,with_roads,tiles,641,224.371000,1,1.000000
dijkstra-dial-skip,with_roads,tiles,527,229.708000,1,1.000000
dijkstra-dial-skip,with_roads,tiles,420,224.133000,1,1.000000
dijkstra-dial-skip,with_roads,tiles,234,8.488000,1,1.000000
dijkstra-dial-skip,with_roads,tiles,338,223.073000,1,1.000000
dijkstra-dial-skip,with_roads,tiles,1169,228.378000,1,1.000000
dijkstra-dial-skip,with_roads,tiles,522,221.416000,1,1.000000
dijkstra-dial-skip,with_roads,tiles,149,236.784000,1,1.000000
dijkstra-dial-skip,with_roads,tiles,115,6.683000,1,1.000000
dijkstra-dial-skip,with_roads,tiles,577,226.186000,1,1.000000
dijkstra-dial-skip,with_roads,tiles,130,218.522000,1,1.000000
dijkstra-dial-skip,with_roads,tiles,549,219.924000,1,1.000000
dijkstra-dial-skip,with_roads,tiles,532,212.642000,1,1.000000
dijkstra-dial-skip,with_roads,tiles,931,219.898000,1,1.000000
dijkstra-dial-skip,with_roads,tiles,404,220.490000,1,1.000000
dijkstra-dial-skip,with_roads,tiles,49,216.622000,1,1.000000
dijkstra-dial-skip,with_roads,tiles,1122,226.869000,1,1.000000
dijkstra-dial-skip,with_roads,tiles,685,217.964000,1,1.000000
dijkstra-dial-skip,with_roads,tiles,807,213.278000,1,1.000000
dijkstra-dial-skip,with_roads,tiles,185,243.713000,1,1.000000
dijkstra-dial-skip,with_roads,tiles,573,222.838000,1,1.000000
dijkstra-dial-skip,with_roads,tiles,99,229.522000,1,1.000000
dijkstra-dial-skip,with_roads,tiles,835,215.155000,1,1.000000
dijkstra-dial-skip,with_roads,tiles,439,4.108000,1,1.000000
dijkstra-dial-skip,with_roads,tiles,960,218.589000,1,1.000000
dijkstra-dial-skip,with_roads,tiles,949,229.152000,1,1.000000
dijkstra-dial-skip,with_roads,tiles,552,230.630000,1,1.000000
dijkstra-dial-skip,with_roads,tiles,865,217.982000,1,1.000000
dijkstra-dial-skip,with_roads,tiles,276,7.547000,1,1.000000
dijkstra-dial-skip,with_roads,tiles,1092,220.628000,1,1.000000
dijkstra-dial-skip,with_roads,tiles,89,222.495000,1,1.000000
dijkstra-dial-skip,with_roads,tiles,54,215.259000,1,1.000000
dijkstra-dial-skip,with_roads,tiles,1010,229.214000,1,1.000000
dijkstra-dial-skip,with_roads,tiles,353,219.119000,1,1.000000
dijkstra-dial-skip,with_roads,tiles,1180,217.676000,1,1.000000
dijkstra-dial-skip,with_roads,tiles,434,226.464000,1,1.000000
dijkstra-dial-skip,with_roads,tiles,100,217.696000,1,1.000000
dijkstra-dial-skip,with_roads,tiles,359,4.299000,1,1.000000
dijkstra-dial-skip,with_roads,tiles,145,229.855000,1,1.000000
dijkstra-dial-skip,with_roads,tiles,577,226.173000,1,1.000000
dijkstra-dial-skip,with_roads,tiles,420,222.147000,1,1.000000
dijkstra-dial-skip,with_roads,tiles,678,229.737000,1,1.000000
dijkstra-dial-skip,with_roads,tiles,971,222.803000,1,1.000000
dijkstra-dial-skip,with_roads,tiles,556,231.097000,1,1.000000
dijkstra-dial-skip,with_roads,tiles,241,224.372000,1,1.000000
dijkstra-dial-skip,with_roads,tiles,562,222.940000,1,1.000000
dijkstra-dial-skip,with_roads,tiles,544,224.523000,1,1.000000
dijkstra-dial-skip,with_roads,tiles,331,222.582000,1,1.000000
dijkstra-dial-skip,with_roads,tiles,1021,219.466000,1,1.000000
dijkstra-dial-skip,with_roads,tiles,408,215.916000,1,1.000000
dijkstra-dial-skip,with_roads,tiles,1089,218.999000,1,1.000000
dijkstra-dial-skip,with_roads,tiles,1036,11.084000,1,1.000000
dijkstra-dial-skip,with_roads,tiles,995,6.843000,1,1.000000
dijkstra-dial-skip,with_roads,tiles,91,220.695000,1,1.000000
dijkstra-dial-skip,with_roads,tiles,937,221.039000,1,1.000000
dijkstra-dial-skip,with_roads,tiles,971,220.338000,1,1.000000
dijkstra-dial-skip,with_roads,tiles,251,223.614000,1,1.000000
dijkstra-dial-skip,with_roads,tiles,804,221.186000,1,1.000000
dijkstra-dial-skip,with_roads,tiles,1121,216.151000,1,1.000000
dijkstra-dial-skip,with_roads,tiles,375,211.985000,1,1.000000
dijkstra-dial-skip,with_roads,tiles,242,212.482000,1,1.000000
dijkstra-dial-skip,no_roads,tree_of_life,268,368.946000,1,1.000000
dijkstra-dial-skip,no_roads,tree_of_life,57,359.610000,1,1.000000
dijkstra-dial-skip,no_roads,tree_of_life,627,364.094000,1,1.000000
dijkstra-dial-skip,no_roads,tree_of_life,561,340.923000,1,1.000000
dijkstra-dial-skip,no_roads,tree_of_life,515,391.982000,1,1.000000
dijkstra-dial-skip,no_roads,tree_of_life,332,432.086000,1,1.000000
dijkstra-dial-skip,no_roads,tree_of_life,243,349.405000,1,1.000000
dijkstra-dial-skip,no_roads,tree_of_life,200,400.905000,1,1.000000
dijkstra-dial-skip,no_roads,tree_of_life,980,407.347000,1,1.000000
dijkstra-dial-skip,no_roads,tree_of_life,72,602.578000,1,1.000000
dijkstra-dial-skip,no_roads,tree_of_life,68,350.901000,1,1.000000
dijkstra-dial-skip,no_roads,tree_of_life,220,346.792000,1,1.000000
dijkstra-dial-skip,no_roads,tree_of_life,505,397.967000,1,1.000000
dijkstra-dial-skip,no_roads,tree_of_life,536,338.362000,1,1.000000
dijkstra-dial-skip,no_roads,tree_of_life,1163,324.470000,1,1.000000
dijkstra-dial-skip,no_roads,tree_of_life,60,348.569000,1,1.000000
dijkstra-dial-skip,no_roads,tree_of_life,463,344.369000,1,1.000000
dijkstra-dial-skip,no_roads,tree_of_life,972,344.007000,1,1.000000
dijkstra-dial-skip,no_roads,tree_of_life,509,349.650000,1,1.000000
dijkstra-dial-skip,no_roads,tree_of_life,1042,328.246000,1,1.000000
dijkstra-dial-skip,no_roads,tree_of_life,633,343.808000,1,1.000000
dijkstra-dial-skip,no_roads,tree_of_life,14,360.581000,1,1.000000
dijkstra-dial-skip,no_roads,tree_of_life,378,350.042000,1,1.000000
dijkstra-dial-skip,no_roads,tree_of_life,981,346.990000,1,1.000000
dijkstra-dial-skip,no_roads,tree_of_life,768,345.733000,1,1.000000
dijkstra-dial-skip,no_roads,tree_of_life,633,352.765000,1,1.000000
dijkstra-dial-skip,no_roads,tree_of_life,368,356.219000,1,1.000000
dijkstra-dial-skip,no_roads,tree_of_life,498,337.677000,1,1.000000
dijkstra-dial-skip,no_roads,tree_of_life,760,333.050000,1,1.000000
dijkstra-dial-skip,no_roads,tree_of_life,243,368.904000,1,1.000000
dijkstra-dial-skip,no_roads,tree_of_life,218,356.838000,1,1.000000
dijkstra-dial-skip,no_roads,tree_of_life,856,361.729000,1,1.000000
dijkstra-dial-skip,no_roads,tree_of_life,232,360.566000,1,1.000000
dijkstra-dial-skip,no_roads,tree_of_life,809,354.988000,1,1.000000
dijkstra-dial-skip,no_roads,tree_of_life,776,347.910000,1,1.000000
dijkstra-dial-skip,no_roads,tree_of_life,604,337.292000,1,1.000000
dijkstra-dial-skip,no_roads,tree_of_life,99,355.666000,1,1.000000
dijkstra-dial-skip,no_roads,tree_of_life,1064,350.391000,1,1.000000
dijkstra-dial-skip,no_roads,tree_of_life,300,353.138000,1,1.000000
dijkstra-dial-skip,no_roads,tree_of_life,853,368.152000,1,1.000000
dijkstra-dial-skip,no_roads,tree_of_life,181,344.701000,1,1.000000
dijkstra-dial-skip,no_roads,tree_of_life,666,363.216000,1,1.000000
dijkstra-dial-skip,no_roads,tree_of_life,814,349.071000,1,1.000000
dijkstra-dial-skip,no_roads,tree_of_life,448,347.864000,1,1.000000
dijkstra-dial-skip,no_roads,tree_of_life,156,350.308000,1,1.000000
dijkstra-dial-skip,no_roads,tree_of_life,104,349.951000,1,1.000000
dijkstra-dial-skip,no_roads,tree_of_life,525,347.491000,1,1.000000
dijkstra-dial-skip,no_roads,tree_of_life,658,344.416000,1,1.000000
dijkstra-dial-skip,no_roads,tree_of_life,183,354.422000,1,1.000000
dijkstra-dial-skip,no_roads,tree_of_life,536,342.054000,1,1.000000
dijkstra-dial-skip,no_roads,tree_of_life,240,359.742000,1,1.000000
dijkstra-dial-skip,no_roads,tree_of_life,856,361.438000,1,1.000000
dijkstra-dial-skip,no_roads,tree_of_life,633,350.305000,1,1.000000
dijkstra-dial-skip,no_roads,tree_of_life,1051,362.949000,1,1.000000
dijkstra-dial-skip,no_roads,tree_of_life,821,358.281000,1,1.000000
dijkstra-dial-skip,no_roads,tree_of_life,385,349.377000,1,1.000000
dijkstra-dial-skip,no_roads,tree_of_life,832,341.989000,1,1.000000
dijkstra-dial-skip,no_roads,tree_of_life,800,329.993000,1,1.000000
dijkstra-dial-skip,no_roads,tree_of_life,486,345.958000,1,1.000000
dijkstra-dial-skip,no_roads,tree_of_life,610,339.947000,1,1.000000
dijkstra-dial-skip,no_roads,tree_of_life,161,348.939000,1,1.000000
dijkstra-dial-skip,no_roads,tree_of_life,402,343.714000,1,1.000000
dijkstra-dial-skip,no_roads,tree_of_life,561,337.167000,1,1.000000
dijkstra-dial-skip,no_roads,tree_of_life,386,353.909000,1,1.000000
dijkstra-dial-skip,no_roads,tree_of_life,1070,330.337000,1,1.000000
dijkstra-dial-skip,no_roads,tree_of_life,855,326.323000,1,1.000000
dijkstra-dial-skip,no_roads,tree_of_life,616,343.954000,1,1.000000
dijkstra-dial-skip,no_roads,tree_of_life,507,353.830000,1,1.000000
dijkstra-dial-skip,no_roads,tree_of_life,734,339.897000,1,1.000000
dijkstra-dial-skip,no_roads,tree_of_life,126,347.602000,1,1.000000
dijkstra-dial-skip,no_roads,tree_of_life,529,339.045000,1,1.000000
dijkstra-dial-skip,no_roads,tree_of_life,72,357.824000,1,1.000000
dijkstra-dial-skip,no_roads,tree_of_life,714,405.029000,1,1.000000
dijkstra-dial-skip,no_roads,tree_of_life,901,336.099000,1,1.000000
dijkstra-dial-skip,no_roads,tree_of_life,612,342.947000,1,1.000000
dijkstra-dial-skip,no_roads,tree_of_life,149,344.128000,1,1.000000
dijkstra-dial-skip,no_roads,tree_of_life,490,344.392000,1,1.000000
dijkstra-dial-skip,no_roads,tree_of_life,712,332.271000,1,1.000000
dijkstra-dial-skip,no_roads,tree_of_life,493,351.102000,1,1.000000
dijkstra-dial-skip,no_roads,tree_of_life,1151,341.041000,1,1.000000
dijkstra-dial-skip,no_roads,tree_of_life,890,337.310000,1,1.000000
dijkstra-dial-skip,no_roads,tree_of_life,1062,347.532000,1,1.000000
dijkstra-dial-skip,no_roads,tree_of_life,340,346.794000,1,1.000000
dijkstra-dial-skip,no_roads,tree_of_life,605,347.571000,1,1.000000
dijkstra-dial-skip,no_roads,tree_of_life,332,360.117000,1,1.000000
dijkstra-dial-skip,no_roads,tree_of_life,566,338.214000,1,1.000000
dijkstra-dial-skip,no_roads,tree_of_life,600,351.995000,1,1.000000
dijkstra-dial-skip,no_roads,tree_of_life,995,356.222000,1,1.000000
dijkstra-dial-skip,no_roads,tree_of_life,897,350.216000,1,1.000000
dijkstra-dial-skip,no_roads,tree_of_life,815,348.004000,1,1.000000
dijkstra-dial-skip,no_roads,tree_of_life,507,362.037000,1,1.000000
dijkstra-dial-skip,no_roads,tree_of_life,330,352.249000,1,1.000000
dijkstra-dial-skip,no_roads,tree_of_life,1139,346.590000,1,1.000000
dijkstra-dial-skip,no_roads,tree_of_life,214,349.635000,1,1.000000
dijkstra-dial-skip,no_roads,tree_of_life,107,349.823000,1,1.000000
dijkstra-dial-skip,no_roads,tree_of_life,264,353.961000,1,1.000000
dijkstra-dial-skip,no_roads,tree_of_life,361,346.527000,1,1.000000
dijkstra-dial-skip,no_roads,tree_of_life,379,345.232000,1,1.000000
dijkstra-dial-skip,no_roads,tree_of_life,980,350.880000,1,1.000000
dijkstra-dial-skip,no_roads,tree_of_life,144,353.936000,1,1.000000
dijkstra-dial-skip,with_roads,tree_of_life,268,378.061000,1,1.000000
dijkstra-dial-skip,with_roads,tree_of_life,57,364.693000,1,1.000000
dijkstra-dial-skip,with_roads,tree_of_life,627,373.196000,1,1.000000
dijkstra-dial-skip,with_roads,tree_of_life,561,356.444000,1,1.000000
dijkstra-dial-skip,with_roads,tree_of_life,515,387.450000,1,1.000000
dijkstra-dial-skip,with_roads,tree_of_life,332,367.863000,1,1.000000
dijkstra-dial-skip,with_roads,tree_of_life,243,371.060000,1,1.000000
dijkstra-dial-skip,with_roads,tree_of_life,200,369.713000,1,1.000000
dijkstra-dial-skip,with_roads,tree_of_life,980,389.274000,1,1.000000
dijkstra-dial-skip,with_roads,tree_of_life,72,393.762000,1,1.000000
dijkstra-dial-skip,with_roads,tree_of_life,68,397.389000,1,1.000000
dijkstra-dial-skip,with_roads,tree_of_life,220,379.604000,1,1.000000
dijkstra-dial-skip,with_roads,tree_of_life,505,379.013000,1,1.000000
dijkstra-dial-skip,with_roads,tree_of_life,536,372.667000,1,1.000000
dijkstra-dial-skip,with_roads,tree_of_life,1163,387.853000,1,1.000000
dijkstra-dial-skip,with_roads,tree_of_life,60,404.763000,1,1.000000
dijkstra-dial-skip,with_roads,tree_of_life,463,380.835000,1,1.000000
dijkstra-dial-skip,with_roads,tree_of_life,972,392.684000,1,1.000000
dijkstra-dial-skip,with_roads,tree_of_life,509,392.904000,1,1.000000
dijkstra-dial-skip,with_roads,tree_of_life,1042,395.611000,1,1.000000
dijkstra-dial-skip,with_roads,tree_of_life,633,397.929000,1,1.000000
dijkstra-dial-skip,with_roads,tree_of_life,14,400.642000,1,1.000000
dijkstra-dial-skip,with_roads,tree_of_life,378,398.046000,1,1.000000
dijkstra-dial-skip,with_roads,tree_of_life,981,395.291000,1,1.000000
dijkstra-dial-skip,with_roads,tree_of_life,768,390.415000,1,1.000000
dijkstra-dial-skip,with_roads,tree_of_life,633,410.111000,1,1.000000
dijkstra-dial-skip,with_roads,tree_of_life,368,401.448000,1,1.000000
dijkstra-dial-skip,with_roads,tree_of_life,498,387.502000,1,1.000000
dijkstra-dial-skip,with_roads,tree_of_life,760,387.816000,1,1.000000
dijkstra-dial-skip,with_roads,tree_of_life,243,407.613000,1,1.000000
dijkstra-dial-skip,with_roads,tree_of_life,218,415.544000,1,1.000000
dijkstra-dial-skip,with_roads,tree_of_life,856,413.275000,1,1.000000
dijkstra-dial-skip,with_roads,tree_of_life,232,394.321000,1,1.000000
dijkstra-dial-skip,with_roads,tree_of_life,809,381.545000,1,1.000000
dijkstra-dial-skip,with_roads,tree_of_life,776,379.377000,1,1.000000
dijkstra-dial-skip,with_roads,tree_of_life,604,364.584000,1,1.000000
dijkstra-dial-skip,with_roads,tree_of_life,99,376.522000,1,1.000000
dijkstra-dial-skip,with_roads,tree_of_life,1064,381.316000,1,1.000000
dijkstra-dial-skip,with_roads,tree_of_life,300,386.517000,1,1.000000
dijkstra-dial-skip,with_roads,tree_of_life,853,388.780000,1,1.000000
dijkstra-dial-skip,with_roads,tree_of_life,181,378.189000,1,1.000000
dijkstra-dial-skip,with_roads,tree_of_life,666,394.444000,1,1.000000
dijkstra-dial-skip,with_roads,tree_of_life,814,399.566000,1,1.000000
dijkstra-dial-skip,with_roads,tree_of_life,448,391.238000,1,1.000000
dijkstra-dial-skip,with_roads,tree_of_life,156,413.479000,1,1.000000
dijkstra-dial-skip,with_roads,tree_of_life,104,408.162000,1,1.000000
dijkstra-dial-skip,with_roads,tree_of_life,525,406.215000,1,1.000000
dijkstra-dial-skip,with_roads,tree_of_life,658,399.742000,1,1.000000
dijkstra-dial-skip,with_roads,tree_of_life,183,393.058000,1,1.000000
dijkstra-dial-skip,with_roads,tree_of_life,536,388.383000,1,1.000000
dijkstra-dial-skip,with_roads,tree_of_life,240,399.058000,1,1.000000
dijkstra-dial-skip,with_roads,tree_of_life,856,403.147000,1,1.000000
dijkstra-dial-skip,with_roads,tree_of_life,633,404.632000,1,1.000000
dijkstra-dial-skip,with_roads,tree_of_life,1051,421.896000,1,1.000000
dijkstra-dial-skip,with_roads,tree_of_life,821,401.949000,1,1.000000
dijkstra-dial-skip,with_roads,tree_of_life,385,375.740000,1,1.000000
dijkstra-dial-skip,with_roads,tree_of_life,832,385.806000,1,1.000000
dijkstra-dial-skip,with_roads,tree_of_life,800,368.901000,1,1.000000
dijkstra-dial-skip,with_roads,tree_of_life,486,375.981000,1,1.000000
dijkstra-dial-skip,with_roads,tree_of_life,610,369.516000,1,1.000000
dijkstra-dial-skip,with_roads,tree_of_life,161,399.595000,1,1.000000
dijkstra-dial-skip,with_roads,tree_of_life,402,367.884000,1,1.000000
dijkstra-dial-skip,with_roads,tree_of_life,561,356.440000,1,1.000000
dijkstra-dial-skip,with_roads,tree_of_life,386,362.439000,1,1.000000
dijkstra-dial-skip,with_roads,tree_of_life,1070,380.798000,1,1.000000
dijkstra-dial-skip,with_roads,tree_of_life,855,387.163000,1,1.000000
dijkstra-dial-skip,with_roads,tree_of_life,616,355.101000,1,1.000000
dijkstra-dial-skip,with_roads,tree_of_life,507,389.502000,1,1.000000
dijkstra-dial-skip,with_roads,tree_of_life,734,354.841000,1,1.000000
dijkstra-dial-skip,with_roads,tree_of_life,126,363.541000,1,1.000000
dijkstra-dial-skip,with_roads,tree_of_life,529,355.362000,1,1.000000
dijkstra-dial-skip,with_roads,tree_of_life,72,370.086000,1,1.000000
dijkstra-dial-skip,with_roads,tree_of_life,714,375.486000,1,1.000000
dijkstra-dial-skip,with_roads,tree_of_life,901,385.707000,1,1.000000
dijkstra-dial-skip,with_roads,tree_of_life,612,374.928000,1,1.000000
dijkstra-dial-skip,with_roads,tree_of_life,149,366.281000,1,1.000000
dijkstra-dial-skip,with_roads,tree_of_life,490,365.969000,1,1.000000
dijkstra-dial-skip,with_roads,tree_of_life,712,375.649000,1,1.000000
dijkstra-dial-skip,with_roads,tree_of_life,493,378.362000,1,1.000000
dijkstra-dial-skip,with_roads,tree_of_life,1151,407.081000,1,1.000000
dijkstra-dial-skip,with_roads,tree_of_life,890,399.733000,1,1.000000
dijkstra-dial-skip,with_roads,tree_of_life,1062,393.111000,1,1.000000
dijkstra-dial-skip,with_roads,tree_of_life,340,406.873000,1,1.000000
dijkstra-dial-skip,with_roads,tree_of_life,605,385.419000,1,1.000000
dijkstra-dial-skip,with_roads,tree_of_life,332,385.435000,1,1.000000
dijkstra-dial-skip,with_roads,tree_of_life,566,375.956000,1,1.000000
dijkstra-dial-skip,with_roads,tree_of_life,600,372.836000,1,1.000000
dijkstra-dial-skip,with_roads,tree_of_life,995,398.863000,1,1.000000
dijkstra-dial-skip,with_roads,tree_of_life,897,385.129000,1,1.000000
dijkstra-dial-skip,with_roads,tree_of_life,815,387.276000,1,1.000000
dijkstra-dial-skip,with_roads,tree_of_life,507,379.703000,1,1.000000
dijkstra-dial-skip,with_roads,tree_of_life,330,373.538000,1,1.000000
dijkstra-dial-skip,with_roads,tree_of_life,1139,386.444000,1,1.000000
dijkstra-dial-skip,with_roads,tree_of_life,214,387.608000,1,1.000000
dijkstra-dial-skip,with_roads,tree_of_life,107,381.492000,1,1.000000
dijkstra-dial-skip,with_roads,tree_of_life,264,378.919000,1,1.000000
dijkstra-dial-skip,with_roads,tree_of_life,361,388.371000,1,1.000000
dijkstra-dial-skip,with_roads,tree_of_life,379,370.804000,1,1.000000
dijkstra-dial-skip,with_roads,tree_of_life,980,378.588000,1,1.000000
dijkstra-dial-skip,with_roads,tree_of_life,144,388.212000,1,1.000000
dijkstra-dial-skip,no_roads,vase,294,396.941000,1,1.000000
dijkstra-dial-skip,no_roads,vase,61,380.700000,1,1.000000
dijkstra-dial-skip,no_roads,vase,723,393.519000,1,1.000000
dijkstra-dial-skip,no_roads,vase,644,388.943000,1,1.000000
dijkstra-dial-skip,no_roads,vase,594,391.574000,1,1.000000
dijkstra-dial-skip,no_roads,vase,363,383.675000,1,1.000000
dijkstra-dial-skip,no_roads,vase,271,418.024000,1,1.000000
dijkstra-dial-skip,no_roads,vase,234,427.136000,1,1.000000
dijkstra-dial-skip,no_roads,vase,1087,430.507000,1,1.000000
dijkstra-dial-skip,no_roads,vase,75,414.759000,1,1.000000
dijkstra-dial-skip,no_roads,vase,71,406.825000,1,1.000000
dijkstra-dial-skip,no_roads,vase,248,406.920000,1,1.000000
dijkstra-dial-skip,no_roads,vase,584,443.213000,1,1.000000
dijkstra-dial-skip,no_roads,vase,618,439.093000,1,1.000000
dijkstra-dial-skip,no_roads,vase,1323,477.930000,1,1.000000
dijkstra-dial-skip,no_roads,vase,64,411.518000,1,1.000000
dijkstra-dial-skip,no_roads,vase,531,430.355000,1,1.000000
dijkstra-dial-skip,no_roads,vase,1082,536.793000,1,1.000000
dijkstra-dial-skip,no_roads,vase,588,416.473000,1,1.000000
dijkstra-dial-skip,no_roads,vase,1160,433.111000,1,1.000000
dijkstra-dial-skip,no_roads,vase,729,443.425000,1,1.000000
dijkstra-dial-skip,no_roads,vase,13,505.872000,1,1.000000
dijkstra-dial-skip,no_roads,vase,422,388.635000,1,1.000000
dijkstra-dial-skip,no_roads,vase,1088,411.211000,1,1.000000
dijkstra-dial-skip,no_roads,vase,883,390.025000,1,1.000000
dijkstra-dial-skip,no_roads,vase,729,404.637000,1,1.000000
dijkstra-dial-skip,no_roads,vase,414,414.241000,1,1.000000
dijkstra-dial-skip,no_roads,vase,572,399.927000,1,1.000000
dijkstra-dial-skip,no_roads,vase,876,396.486000,1,1.000000
dijkstra-dial-skip,no_roads,vase,271,394.822000,1,1.000000
dijkstra-dial-skip,no_roads,vase,246,402.444000,1,1.000000
dijkstra-dial-skip,no_roads,vase,982,424.981000,1,1.000000
dijkstra-dial-skip,no_roads,vase,256,401.049000,1,1.000000
dijkstra-dial-skip,no_roads,vase,931,410.815000,1,1.000000
dijkstra-dial-skip,no_roads,vase,895,430.723000,1,1.000000
dijkstra-dial-skip,no_roads,vase,695,408.261000,1,1.000000
dijkstra-dial-skip,no_roads,vase,106,414.734000,1,1.000000
dijkstra-dial-skip,no_roads,vase,1192,424.045000,1,1.000000
dijkstra-dial-skip,no_roads,vase,326,394.094000,1,1.000000
dijkstra-dial-skip,no_roads,vase,979,425.514000,1,1.000000
dijkstra-dial-skip,no_roads,vase,211,396.929000,1,1.000000
dijkstra-dial-skip,no_roads,vase,768,403.223000,1,1.000000
dijkstra-dial-skip,no_roads,vase,937,401.169000,1,1.000000
dijkstra-dial-skip,no_roads,vase,515,396.545000,1,1.000000
dijkstra-dial-skip,no_roads,vase,184,376.635000,1,1.000000
dijkstra-dial-skip,no_roads,vase,111,411.002000,1,1.000000
dijkstra-dial-skip,no_roads,vase,603,450.062000,1,1.000000
dijkstra-dial-skip,no_roads,vase,760,414.037000,1,1.000000
dijkstra-dial-skip,no_roads,vase,213,394.393000,1,1.000000
dijkstra-dial-skip,no_roads,vase,618,415.761000,1,1.000000
dijkstra-dial-skip,no_roads,vase,267,406.245000,1,1.000000
dijkstra-dial-skip,no_roads,vase,982,425.607000,1,1.000000
dijkstra-dial-skip,no_roads,vase,729,410.375000,1,1.000000
dijkstra-dial-skip,no_roads,vase,1177,391.240000,1,1.000000
dijkstra-dial-skip,no_roads,vase,944,427.918000,1,1.000000
dijkstra-dial-skip,no_roads,vase,433,373.211000,1,1.000000
dijkstra-dial-skip,no_roads,vase,957,372.240000,1,1.000000
dijkstra-dial-skip,no_roads,vase,919,385.898000,1,1.000000
dijkstra-dial-skip,no_roads,vase,561,376.400000,1,1.000000
dijkstra-dial-skip,no_roads,vase,700,380.564000,1,1.000000
dijkstra-dial-skip,no_roads,vase,189,381.389000,1,1.000000
dijkstra-dial-skip,no_roads,vase,457,378.284000,1,1.000000
dijkstra-dial-skip,no_roads,vase,644,377.196000,1,1.000000
dijkstra-dial-skip,no_roads,vase,434,362.667000,1,1.000000
dijkstra-dial-skip,no_roads,vase,1200,360.426000,1,1.000000
dijkstra-dial-skip,no_roads,vase,981,381.559000,1,1.000000
dijkstra-dial-skip,no_roads,vase,707,367.255000,1,1.000000
dijkstra-dial-skip,no_roads,vase,586,375.966000,1,1.000000
dijkstra-dial-skip,no_roads,vase,842,390.566000,1,1.000000
dijkstra-dial-skip,no_roads,vase,144,371.368000,1,1.000000
dijkstra-dial-skip,no_roads,vase,606,376.119000,1,1.000000
dijkstra-dial-skip,no_roads,vase,75,365.315000,1,1.000000
dijkstra-dial-skip,no_roads,vase,821,363.437000,1,1.000000
dijkstra-dial-skip,no_roads,vase,1034,360.879000,1,1.000000
dijkstra-dial-skip,no_roads,vase,703,378.747000,1,1.000000
dijkstra-dial-skip,no_roads,vase,175,375.522000,1,1.000000
dijkstra-dial-skip,no_roads,vase,564,387.049000,1,1.000000
dijkstra-dial-skip,no_roads,vase,818,374.559000,1,1.000000
dijkstra-dial-skip,no_roads,vase,567,366.909000,1,1.000000
dijkstra-dial-skip,no_roads,vase,1303,396.611000,1,1.000000
dijkstra-dial-skip,no_roads,vase,1019,374.200000,1,1.000000
dijkstra-dial-skip,no_roads,vase,1191,395.832000,1,1.000000
dijkstra-dial-skip,no_roads,vase,373,387.843000,1,1.000000
dijkstra-dial-skip,no_roads,vase,696,408.464000,1,1.000000
dijkstra-dial-skip,no_roads,vase,363,388.742000,1,1.000000
dijkstra-dial-skip,no_roads,vase,652,409.864000,1,1.000000
dijkstra-dial-skip,no_roads,vase,692,384.412000,1,1.000000
dijkstra-dial-skip,no_roads,vase,1105,384.137000,1,1.000000
dijkstra-dial-skip,no_roads,vase,1028,381.750000,1,1.000000
dijkstra-dial-skip,no_roads,vase,938,417.833000,1,1.000000
dijkstra-dial-skip,no_roads,vase,586,399.874000,1,1.000000
dijkstra-dial-skip,no_roads,vase,361,374.467000,1,1.000000
dijkstra-dial-skip,no_roads,vase,1332,402.476000,1,1.000000
dijkstra-dial-skip,no_roads,vase,1291,403.070000,1,1.000000
dijkstra-dial-skip,no_roads,vase,243,368.261000,1,1.000000
dijkstra-dial-skip,no_roads,vase,119,368.565000,1,1.000000
dijkstra-dial-skip,no_roads,vase,286,380.032000,1,1.000000
dijkstra-dial-skip,no_roads,vase,405,416.236000,1,1.000000
dijkstra-dial-skip,no_roads,vase,423,381.042000,1,1.000000
dijkstra-dial-skip,no_roads,vase,1087,410.517000,1,1.000000
dijkstra-dial-skip,with_roads,vase,294,415.135000,1,1.000000
dijkstra-dial-skip,with_roads,vase,61,712.814000,1,1.000000
dijkstra-dial-skip,with_roads,vase,723,757.061000,1,1.000000
dijkstra-dial-skip,with_roads,vase,644,668.368000,1,1.000000
dijkstra-dial-skip,with_roads,vase,594,414.007000,1,1.000000
dijkstra-dial-skip,with_roads,vase,363,745.942000,1,1.000000
dijkstra-dial-skip,with_roads,vase,271,875.050000,1,1.000000
dijkstra-dial-skip,with_roads,vase,234,801.385000,1,1.000000
dijkstra-dial-skip,with_roads,vase,1087,393.817000,1,1.000000
dijkstra-dial-skip,with_roads,vase,75,407.404000,1,1.000000
dijkstra-dial-skip,with_roads,vase,71,393.809000,1,1.000000
dijkstra-dial-skip,with_roads,vase,248,403.430000,1,1.000000
dijkstra-dial-skip,with_roads,vase,584,386.387000,1,1.000000
dijkstra-dial-skip,with_roads,vase,618,397.234000,1,1.000000
dijkstra-dial-skip,with_roads,vase,1323,419.361000,1,1.000000
dijkstra-dial-skip,with_roads,vase,64,389.653000,1,1.000000
dijkstra-dial-skip,with_roads,vase,531,409.852000,1,1.000000
dijkstra-dial-skip,with_roads,vase,1082,412.686000,1,1.000000
dijkstra-dial-skip,with_roads,vase,588,400.188000,1,1.000000
dijkstra-dial-skip,with_roads,vase,1160,394.812000,1,1.000000
dijkstra-dial-skip,with_roads,vase,729,392.124000,1,1.000000
dijkstra-dial-skip,with_roads,vase,13,379.040000,1,1.000000
dijkstra-dial-skip,with_roads,vase,422,390.984000,1,1.000000
dijkstra-dial-skip,with_roads,vase,1088,417.630000,1,1.000000
dijkstra-dial-skip,with_roads,vase,883,380.128000,1,1.000000
dijkstra-dial-skip,with_roads,vase,729,397.031000,1,1.000000
dijkstra-dial-skip,with_roads,vase,414,388.932000,1,1.000000
dijkstra-dial-skip,with_roads,vase,572,384.752000,1,1.000000
dijkstra-dial-skip,with_roads,vase,876,390.409000,1,1.000000
dijkstra-dial-skip,with_roads,vase,271,389.245000,1,1.000000
dijkstra-dial-skip,with_roads,vase,246,391.285000,1,1.000000
dijkstra-dial-skip,with_roads,vase,982,398.540000,1,1.000000
dijkstra-dial-skip,with_roads,vase,256,397.189000,1,1.000000
dijkstra-dial-skip,with_roads,vase,931,406.090000,1,1.000000
dijkstra-dial-skip,with_roads,vase,895,384.269000,1,1.000000
dijkstra-dial-skip,with_roads,vase,695,389.035000,1,1.000000
dijkstra-dial-skip,with_roads,vase,106,380.211000,1,1.000000
dijkstra-dial-skip,with_roads,vase,1192,403.684000,1,1.000000
dijkstra-dial-skip,with_roads,vase,326,383.312000,1,1.000000
dijkstra-dial-skip,with_roads,vase,979,394.158000,1,1.000000
dijkstra-dial-skip,with_roads,vase,211,387.820000,1,1.000000
dijkstra-dial-skip,with_roads,vase,768,414.022000,1,1.000000
dijkstra-dial-skip,with_roads,vase,937,413.803000,1,1.000000
dijkstra-dial-skip,with_roads,vase,515,413.490000,1,1.000000
dijkstra-dial-skip,with_roads,vase,184,388.065000,1,1.000000
dijkstra-dial-skip,with_roads,vase,111,385.455000,1,1.000000
dijkstra-dial-skip,with_roads,vase,603,403.818000,1,1.000000
dijkstra-dial-skip,with_roads,vase,760,407.135000,1,1.000000
dijkstra-dial-skip,with_roads,vase,213,403.337000,1,1.000000
dijkstra-dial-skip,with_roads,vase,618,411.553000,1,1.000000
dijkstra-dial-skip,with_roads,vase,267,413.900000,1,1.000000
dijkstra-dial-skip,with_roads,vase,982,409.558000,1,1.000000
dijkstra-dial-skip,with_roads,vase,729,413.068000,1,1.000000
dijkstra-dial-skip,with_roads,vase,1177,403.551000,1,1.000000
dijkstra-dial-skip,with_roads,vase,944,405.672000,1,1.000000
dijkstra-dial-skip,with_roads,vase,433,386.966000,1,1.000000
dijkstra-dial-skip,with_roads,vase,957,389.898000,1,1.000000
dijkstra-dial-skip,with_roads,vase,919,396.422000,1,1.000000
dijkstra-dial-skip,with_roads,vase,561,388.976000,1,1.000000
dijkstra-dial-skip,with_roads,vase,700,397.992000,1,1.000000
dijkstra-dial-skip,with_roads,vase,189,423.164000,1,1.000000
dijkstra-dial-skip,with_roads,vase,457,395.223000,1,1.000000
dijkstra-dial-skip,with_roads,vase,644,407.494000,1,1.000000
dijkstra-dial-skip,with_roads,vase,434,411.856000,1,1.000000
dijkstra-dial-skip,with_roads,vase,1200,407.934000,1,1.000000
dijkstra-dial-skip,with_roads,vase,981,409.310000,1,1.000000
dijkstra-dial-skip,with_roads,vase,707,400.322000,1,1.000000
dijkstra-dial-skip,with_roads,vase,586,414.568000,1,1.000000
dijkstra-dial-skip,with_roads,vase,842,396.196000,1,1.000000
dijkstra-dial-skip,with_roads,vase,144,396.186000,1,1.000000
dijkstra-dial-skip,with_roads,vase,606,415.459000,1,1.000000
dijkstra-dial-skip,with_roads,vase,75,389.094000,1,1.000000
dijkstra-dial-skip,with_roads,vase,821,389.881000,1,1.000000
dijkstra-dial-skip,with_roads,vase,1034,397.250000,1,1.000000
dijkstra-dial-skip,with_roads,vase,703,395.643000,1,1.000000
dijkstra-dial-skip,with_roads,vase,175,382.588000,1,1.000000
dijkstra-dial-skip,with_roads,vase,564,391.609000,1,1.000000
dijkstra-dial-skip,with_roads,vase,818,413.931000,1,1.000000
dijkstra-dial-skip,with_roads,vase,567,385.058000,1,1.000000
dijkstra-dial-skip,with_roads,vase,1303,397.349000,1,1.000000
dijkstra-dial-skip,with_roads,vase,1019,392.957000,1,1.000000
dijkstra-dial-skip,with_roads,vase,1191,388.482000,1,1.000000
dijkstra-dial-skip,with_roads,vase,373,397.857000,1,1.000000
dijkstra-dial-skip,with_roads,vase,696,388.111000,1,1.000000
dijkstra-dial-skip,with_roads,vase,363,396.719000,1,1.000000
dijkstra-dial-skip,with_roads,vase,652,394.040000,1,1.000000
dijkstra-dial-skip,with_roads,vase,692,396.619000,1,1.000000
dijkstra-dial-skip,with_roads,vase,1105,399.125000,1,1.000000
dijkstra-dial-skip,with_roads,vase,1028,401.386000,1,1.000000
dijkstra-dial-skip,with_roads,vase,938,399.163000,1,1.000000
dijkstra-dial-skip,with_roads,vase,586,388.485000,1,1.000000
dijkstra-dial-skip,with_roads,vase,361,386.222000,1,1.000000
dijkstra-dial-skip,with_roads,vase,1332,405.222000,1,1.000000
dijkstra-dial-skip,with_roads,vase,1291,432.608000,1,1.000000
dijkstra-dial-skip,with_roads,vase,243,430.077000,1,1.000000
dijkstra-dial-skip,with_roads,vase,119,387.197000,1,1.000000
dijkstra-dial-skip,with_roads,vase,286,367.981000,1,1.000000
dijkstra-dial-skip,with_roads,vase,405,351.963000,1,1.000000
dijkstra-dial-skip,with_roads,vase,423,360.657000,1,1.000000
dijkstra-dial-skip,with_roads,vase,1087,348.094000,1,1.000000
dijkstra-dial-skip,no_roads,wall,871,214.857000,1,1.000000
dijkstra-dial-skip,no_roads,wall,152,207.458000,1,1.000000
dijkstra-dial-skip,no_roads,wall,25,32.221000,1,1.000000
dijkstra-dial-skip,no_roads,wall,1011,22.099000,1,1.000000
dijkstra-dial-skip,no_roads,wall,397,219.635000,1,1.000000
dijkstra-dial-skip,no_roads,wall,363,200.835000,1,1.000000
dijkstra-dial-skip,no_roads,wall,312,212.422000,1,1.000000
dijkstra-dial-skip,no_roads,wall,198,207.938000,1,1.000000
dijkstra-dial-skip,no_roads,wall,1006,22.335000,1,1.000000
dijkstra-dial-skip,no_roads,wall,139,33.618000,1,1.000000
dijkstra-dial-skip,no_roads,wall,910,216.573000,1,1.000000
dijkstra-dial-skip,no_roads,wall,1010,23.456000,1,1.000000
dijkstra-dial-skip,no_roads,wall,756,227.105000,1,1.000000
dijkstra-dial-skip,no_roads,wall,119,328.089000,1,1.000000
dijkstra-dial-skip,no_roads,wall,815,211.660000,1,1.000000
dijkstra-dial-skip,no_roads,wall,595,217.518000,1,1.000000
dijkstra-dial-skip,no_roads,wall,32,36.400000,1,1.000000
dijkstra-dial-skip,no_roads,wall,30,34.296000,1,1.000000
dijkstra-dial-skip,no_roads,wall,127,214.996000,1,1.000000
dijkstra-dial-skip,no_roads,wall,307,215.066000,1,1.000000
dijkstra-dial-skip,no_roads,wall,322,217.482000,1,1.000000
dijkstra-dial-skip,no_roads,wall,696,222.883000,1,1.000000
dijkstra-dial-skip,no_roads,wall,828,246.346000,1,1.000000
dijkstra-dial-skip,no_roads,wall,27,36.525000,1,1.000000
dijkstra-dial-skip,no_roads,wall,779,226.363000,1,1.000000
dijkstra-dial-skip,no_roads,wall,287,228.288000,1,1.000000
dijkstra-dial-skip,no_roads,wall,981,28.717000,1,1.000000
dijkstra-dial-skip,no_roads,wall,882,240.485000,1,1.000000
dijkstra-dial-skip,no_roads,wall,966,24.888000,1,1.000000
dijkstra-dial-skip,no_roads,wall,756,224.908000,1,1.000000
dijkstra-dial-skip,no_roads,wall,592,225.609000,1,1.000000
dijkstra-dial-skip,no_roads,wall,309,223.663000,1,1.000000
dijkstra-dial-skip,no_roads,wall,630,233.674000,1,1.000000
dijkstra-dial-skip,no_roads,wall,814,236.987000,1,1.000000
dijkstra-dial-skip,no_roads,wall,400,220.731000,1,1.000000
dijkstra-dial-skip,no_roads,wall,6,34.664000,1,1.000000
dijkstra-dial-skip,no_roads,wall,219,223.502000,1,1.000000
dijkstra-dial-skip,no_roads,wall,958,236.953000,1,1.000000
dijkstra-dial-skip,no_roads,wall,595,222.358000,1,1.000000
dijkstra-dial-skip,no_roads,wall,482,225.500000,1,1.000000
dijkstra-dial-skip,no_roads,wall,400,217.282000,1,1.000000
dijkstra-dial-skip,no_roads,wall,215,219.474000,1,1.000000
dijkstra-dial-skip,no_roads,wall,304,216.287000,1,1.000000
dijkstra-dial-skip,no_roads,wall,478,232.829000,1,1.000000
dijkstra-dial-skip,no_roads,wall,139,34.427000,1,1.000000
dijkstra-dial-skip,no_roads,wall,126,237.669000,1,1.000000
dijkstra-dial-skip,no_roads,wall,539,211.719000,1,1.000000
dijkstra-dial-skip,no_roads,wall,132,45.220000,1,1.000000
dijkstra-dial-skip,no_roads,wall,501,213.654000,1,1.000000
dijkstra-dial-skip,no_roads,wall,486,207.569000,1,1.000000
dijkstra-dial-skip,no_roads,wall,833,230.148000,1,1.000000
dijkstra-dial-skip,no_roads,wall,386,211.701000,1,1.000000
dijkstra-dial-skip,no_roads,wall,44,32.873000,1,1.000000
dijkstra-dial-skip,no_roads,wall,999,24.217000,1,1.000000
dijkstra-dial-skip,no_roads,wall,645,218.784000,1,1.000000
dijkstra-dial-skip,no_roads,wall,747,214.878000,1,1.000000
dijkstra-dial-skip,no_roads,wall,175,210.067000,1,1.000000
dijkstra-dial-skip,no_roads,wall,537,210.635000,1,1.000000
dijkstra-dial-skip,no_roads,wall,107,33.916000,1,1.000000
dijkstra-dial-skip,no_roads,wall,767,238.418000,1,1.000000
dijkstra-dial-skip,no_roads,wall,416,217.170000,1,1.000000
dijkstra-dial-skip,no_roads,wall,858,216.895000,1,1.000000
dijkstra-dial-skip,no_roads,wall,848,207.843000,1,1.000000
dijkstra-dial-skip,no_roads,wall,504,214.704000,1,1.000000
dijkstra-dial-skip,no_roads,wall,799,214.136000,1,1.000000
dijkstra-dial-skip,no_roads,wall,269,216.302000,1,1.000000
dijkstra-dial-skip,no_roads,wall,969,23.170000,1,1.000000
dijkstra-dial-skip,no_roads,wall,91,34.187000,1,1.000000
dijkstra-dial-skip,no_roads,wall,46,31.877000,1,1.000000
dijkstra-dial-skip,no_roads,wall,895,222.656000,1,1.000000
dijkstra-dial-skip,no_roads,wall,317,203.589000,1,1.000000
dijkstra-dial-skip,no_roads,wall,412,214.925000,1,1.000000
dijkstra-dial-skip,no_roads,wall,108,31.658000,1,1.000000
dijkstra-dial-skip,no_roads,wall,322,201.934000,1,1.000000
dijkstra-dial-skip,no_roads,wall,137,223.415000,1,1.000000
dijkstra-dial-skip,no_roads,wall,539,217.719000,1,1.000000
dijkstra-dial-skip,no_roads,wall,400,229.803000,1,1.000000
dijkstra-dial-skip,no_roads,wall,636,228.431000,1,1.000000
dijkstra-dial-skip,no_roads,wall,867,227.520000,1,1.000000
dijkstra-dial-skip,no_roads,wall,507,219.761000,1,1.000000
dijkstra-dial-skip,no_roads,wall,222,220.222000,1,1.000000
dijkstra-dial-skip,no_roads,wall,513,231.108000,1,1.000000
dijkstra-dial-skip,no_roads,wall,497,226.709000,1,1.000000
dijkstra-dial-skip,no_roads,wall,298,220.182000,1,1.000000
dijkstra-dial-skip,no_roads,wall,904,229.264000,1,1.000000
dijkstra-dial-skip,no_roads,wall,389,223.929000,1,1.000000
dijkstra-dial-skip,no_roads,wall,966,26.705000,1,1.000000
dijkstra-dial-skip,no_roads,wall,917,232.507000,1,1.000000
dijkstra-dial-skip,no_roads,wall,880,230.078000,1,1.000000
dijkstra-dial-skip,no_roads,wall,97,237.699000,1,1.000000
dijkstra-dial-skip,no_roads,wall,838,236.677000,1,1.000000
dijkstra-dial-skip,no_roads,wall,867,227.122000,1,1.000000
dijkstra-dial-skip,no_roads,wall,233,219.995000,1,1.000000
dijkstra-dial-skip,no_roads,wall,740,234.645000,1,1.000000
dijkstra-dial-skip,no_roads,wall,998,25.754000,1,1.000000
dijkstra-dial-skip,no_roads,wall,363,225.799000,1,1.000000
dijkstra-dial-skip,no_roads,wall,223,233.125000,1,1.000000
dijkstra-dial-skip,no_roads,wall,649,240.742000,1,1.000000
dijkstra-dial-skip,no_roads,wall,538,240.484000,1,1.000000
dijkstra-dial-skip,no_roads,wall,392,244.071000,1,1.000000
dijkstra-dial-skip,with_roads,wall,871,265.660000,1,1.000000
dijkstra-dial-skip,with_roads,wall,152,242.072000,1,1.000000
dijkstra-dial-skip,with_roads,wall,25,38.109000,1,1.000000
dijkstra-dial-skip,with_roads,wall,1011,24.829000,1,1.000000
dijkstra-dial-skip,with_roads,wall,397,237.436000,1,1.000000
dijkstra-dial-skip,with_roads,wall,363,238.994000,1,1.000000
dijkstra-dial-skip,with_roads,wall,312,233.545000,1,1.000000
dijkstra-dial-skip,with_roads,wall,198,236.393000,1,1.000000
dijkstra-dial-skip,with_roads,wall,1006,24.444000,1,1.000000
dijkstra-dial-skip,with_roads,wall,139,36.267000,1,1.000000
dijkstra-dial-skip,with_roads,wall,910,235.458000,1,1.000000
dijkstra-dial-skip,with_roads,wall,1010,24.185000,1,1.000000
dijkstra-dial-skip,with_roads,wall,756,235.544000,1,1.000000
dijkstra-dial-skip,with_roads,wall,119,242.026000,1,1.000000
dijkstra-dial-skip,with_roads,wall,815,246.149000,1,1.000000
dijkstra-dial-skip,with_roads,wall,595,264.878000,1,1.000000
dijkstra-dial-skip,with_roads,wall,32,39.088000,1,1.000000
dijkstra-dial-skip,with_roads,wall,30,37.781000,1,1.000000
dijkstra-dial-skip,with_roads,wall,127,245.526000,1,1.000000
dijkstra-dial-skip,with_roads,wall,307,234.219000,1,1.000000
dijkstra-dial-skip,with_roads,wall,322,246.098000,1,1.000000
dijkstra-dial-skip,with_roads,wall,696,229.936000,1,1.000000
dijkstra-dial-skip,with_roads,wall,828,244.563000,1,1.000000
dijkstra-dial-skip,with_roads,wall,27,41.043000,1,1.000000
dijkstra-dial-skip,with_roads,wall,779,233.007000,1,1.000000
dijkstra-dial-skip,with_roads,wall,287,226.934000,1,1.000000
dijkstra-dial-skip,with_roads,wall,981,25.551000,1,1.000000
dijkstra-dial-skip,with_roads,wall,882,220.145000,1,1.000000
dijkstra-dial-skip,with_roads,wall,966,23.065000,1,1.000000
dijkstra-dial-skip,with_roads,wall,756,208.703000,1,1.000000
dijkstra-dial-skip,with_roads,wall,592,203.594000,1,1.000000
dijkstra-dial-skip,with_roads,wall,309,212.100000,1,1.000000
dijkstra-dial-skip,with_roads,wall,630,209.172000,1,1.000000
dijkstra-dial-skip,with_roads,wall,814,211.455000,1,1.000000
dijkstra-dial-skip,with_roads,wall,400,223.092000,1,1.000000
dijkstra-dial-skip,with_roads,wall,6,35.047000,1,1.000000
dijkstra-dial-skip,with_roads,wall,219,216.447000,1,1.000000
dijkstra-dial-skip,with_roads,wall,958,247.664000,1,1.000000
dijkstra-dial-skip,with_roads,wall,595,225.984000,1,1.000000
dijkstra-dial-skip,with_roads,wall,482,231.494000,1,1.000000
dijkstra-dial-skip,with_roads,wall,400,223.302000,1,1.000000
dijkstra-dial-skip,with_roads,wall,215,221.312000,1,1.000000
dijkstra-dial-skip,with_roads,wall,304,218.421000,1,1.000000
dijkstra-dial-skip,with_roads,wall,478,226.880000,1,1.000000
dijkstra-dial-skip,with_roads,wall,139,35.024000,1,1.000000
dijkstra-dial-skip,with_roads,wall,126,234.445000,1,1.000000
dijkstra-dial-skip,with_roads,wall,539,228.761000,1,1.000000
dijkstra-dial-skip,with_roads,wall,132,36.123000,1,1.000000
dijkstra-dial-skip,with_roads,wall,501,234.464000,1,1.000000
dijkstra-dial-skip,with_roads,wall,486,228.846000,1,1.000000
dijkstra-dial-skip,with_roads,wall,833,238.338000,1,1.000000
dijkstra-dial-skip,with_roads,wall,386,232.609000,1,1.000000
dijkstra-dial-skip,with_roads,wall,44,35.858000,1,1.000000
dijkstra-dial-skip,with_roads,wall,999,25.547000,1,1.000000
dijkstra-dial-skip,with_roads,wall,645,238.809000,1,1.000000
dijkstra-dial-skip,with_roads,wall,747,225.251000,1,1.000000
dijkstra-dial-skip,with_roads,wall,175,208.988000,1,1.000000
dijkstra-dial-skip,with_roads,wall,537,212.649000,1,1.000000
dijkstra-dial-skip,with_roads,wall,107,32.756000,1,1.000000
dijkstra-dial-skip,with_roads,wall,767,250.740000,1,1.000000
dijkstra-dial-skip,with_roads,wall,416,240.697000,1,1.000000
dijkstra-dial-skip,with_roads,wall,858,235.543000,1,1.000000
dijkstra-dial-skip,with_roads,wall,848,226.519000,1,1.000000
dijkstra-dial-skip,with_roads,wall,504,225.461000,1,1.000000
dijkstra-dial-skip,with_roads,wall,799,228.005000,1,1.000000
dijkstra-dial-skip,with_roads,wall,269,221.389000,1,1.000000
dijkstra-dial-skip,with_roads,wall,969,24.293000,1,1.000000
dijkstra-dial-skip,with_roads,wall,91,35.549000,1,1.000000
dijkstra-dial-skip,with_roads,wall,46,33.128000,1,1.000000
dijkstra-dial-skip,with_roads,wall,895,233.600000,1,1.000000
dijkstra-dial-skip,with_roads,wall,317,217.772000,1,1.000000
dijkstra-dial-skip,with_roads,wall,412,225.786000,1,1.000000
dijkstra-dial-skip,with_roads,wall,108,33.485000,1,1.000000
dijkstra-dial-skip,with_roads,wall,322,219.180000,1,1.000000
dijkstra-dial-skip,with_roads,wall,137,226.649000,1,1.000000
dijkstra-dial-skip,with_roads,wall,539,221.215000,1,1.000000
dijkstra-dial-skip,with_roads,wall,400,216.210000,1,1.000000
dijkstra-dial-skip,with_roads,wall,636,225.070000,1,1.000000
dijkstra-dial-skip,with_roads,wall,867,227.552000,1,1.000000
dijkstra-dial-skip,with_roads,wall,507,222.033000,1,1.000000
dijkstra-dial-skip,with_roads,wall,222,229.805000,1,1.000000
dijkstra-dial-skip,with_roads,wall,513,222.245000,1,1.000000
dijkstra-dial-skip,with_roads,wall,497,233.546000,1,1.000000
dijkstra-dial-skip,with_roads,wall,298,223.008000,1,1.000000
dijkstra-dial-skip,with_roads,wall,904,228.085000,1,1.000000
dijkstra-dial-skip,with_roads,wall,389,218.013000,1,1.000000
dijkstra-dial-skip,with_roads,wall,966,24.200000,1,1.000000
dijkstra-dial-skip,with_roads,wall,917,239.929000,1,1.000000
dijkstra-dial-skip,with_roads,wall,880,222.307000,1,1.000000
dijkstra-dial-skip,with_roads,wall,97,236.602000,1,1.000000
dijkstra-dial-skip,with_roads,wall,838,233.105000,1,1.000000
dijkstra-dial-skip,with_roads,wall,867,236.662000,1,1.000000
dijkstra-dial-skip,with_roads,wall,233,226.305000,1,1.000000
dijkstra-dial-skip,with_roads,wall,740,237.346000,1,1.000000
dijkstra-dial-skip,with_roads,wall,998,24.343000,1,1.000000
dijkstra-dial-skip,with_roads,wall,363,234.566000,1,1.000000
dijkstra-dial-skip,with_roads,wall,223,231.682000,1,1.000000
dijkstra-dial-skip,with_roads,wall,649,232.802000,1,1.000000
dijkstra-dial-skip,with_roads,wall,538,228.961000,1,1.000000
dijkstra-dial-skip,with_roads,wall,392,231.008000,1,1.000000
dijkstra-dial-skip,no_roads,wasteland,289,440.994000,1,1.000000
dijkstra-dial-skip,no_roads,wasteland,61,401.628000,1,1.000000
dijkstra-dial-skip,no_roads,wasteland,780,401.129000,1,1.000000
dijkstra-dial-skip,no_roads,wasteland,693,407.875000,1,1.000000
dijkstra-dial-skip,no_roads,wasteland,628,404.406000,1,1.000000
dijkstra-dial-skip,no_roads,wasteland,380,388.580000,1,1.000000
dijkstra-dial-skip,no_roads,wasteland,265,424.704000,1,1.000000
dijkstra-dial-skip,no_roads,wasteland,1552,413.147000,1,1.000000
dijkstra-dial-skip,no_roads,wasteland,226,400.716000,1,1.000000
dijkstra-dial-skip,no_roads,wasteland,1210,423.804000,1,1.000000
dijkstra-dial-skip,no_roads,wasteland,78,413.080000,1,1.000000
dijkstra-dial-skip,no_roads,wasteland,74,403.767000,1,1.000000
dijkstra-dial-skip,no_roads,wasteland,240,411.041000,1,1.000000
dijkstra-dial-skip,no_roads,wasteland,617,399.596000,1,1.000000
dijkstra-dial-skip,no_roads,wasteland,654,392.885000,1,1.000000
dijkstra-dial-skip,no_roads,wasteland,1445,375.427000,1,1.000000
dijkstra-dial-skip,no_roads,wasteland,64,390.552000,1,1.000000
dijkstra-dial-skip,no_roads,wasteland,1592,395.615000,1,1.000000
dijkstra-dial-skip,no_roads,wasteland,564,392.001000,1,1.000000
dijkstra-dial-skip,no_roads,wasteland,1552,397.001000,1,1.000000
dijkstra-dial-skip,no_roads,wasteland,1205,387.322000,1,1.000000
dijkstra-dial-skip,no_roads,wasteland,622,379.956000,1,1.000000
dijkstra-dial-skip,no_roads,wasteland,1297,385.511000,1,1.000000
dijkstra-dial-skip,no_roads,wasteland,788,423.762000,1,1.000000
dijkstra-dial-skip,no_roads,wasteland,15,399.337000,1,1.000000
dijkstra-dial-skip,no_roads,wasteland,440,395.815000,1,1.000000
dijkstra-dial-skip,no_roads,wasteland,1211,386.381000,1,1.000000
dijkstra-dial-skip,no_roads,wasteland,969,408.756000,1,1.000000
dijkstra-dial-skip,no_roads,wasteland,788,403.025000,1,1.000000
dijkstra-dial-skip,no_roads,wasteland,425,421.700000,1,1.000000
dijkstra-dial-skip,no_roads,wasteland,609,433.574000,1,1.000000
dijkstra-dial-skip,no_roads,wasteland,958,404.204000,1,1.000000
dijkstra-dial-skip,no_roads,wasteland,265,382.591000,1,1.000000
dijkstra-dial-skip,no_roads,wasteland,238,545.767000,1,1.000000
dijkstra-dial-skip,no_roads,wasteland,1079,384.794000,1,1.000000
dijkstra-dial-skip,no_roads,wasteland,249,406.928000,1,1.000000
dijkstra-dial-skip,no_roads,wasteland,1017,364.256000,1,1.000000
dijkstra-dial-skip,no_roads,wasteland,977,385.784000,1,1.000000
dijkstra-dial-skip,no_roads,wasteland,750,392.167000,1,1.000000
dijkstra-dial-skip,no_roads,wasteland,107,398.954000,1,1.000000
dijkstra-dial-skip,no_roads,wasteland,1324,418.279000,1,1.000000
dijkstra-dial-skip,no_roads,wasteland,1529,402.409000,1,1.000000
dijkstra-dial-skip,no_roads,wasteland,334,391.406000,1,1.000000
dijkstra-dial-skip,no_roads,wasteland,1074,395.943000,1,1.000000
dijkstra-dial-skip,no_roads,wasteland,203,499.372000,1,1.000000
dijkstra-dial-skip,no_roads,wasteland,1567,405.654000,1,1.000000
dijkstra-dial-skip,no_roads,wasteland,830,407.958000,1,1.000000
dijkstra-dial-skip,no_roads,wasteland,1022,408.774000,1,1.000000
dijkstra-dial-skip,no_roads,wasteland,543,419.858000,1,1.000000
dijkstra-dial-skip,no_roads,wasteland,181,406.374000,1,1.000000
dijkstra-dial-skip,no_roads,wasteland,114,404.226000,1,1.000000
dijkstra-dial-skip,no_roads,wasteland,641,437.269000,1,1.000000
dijkstra-dial-skip,no_roads,wasteland,819,400.097000,1,1.000000
dijkstra-dial-skip,no_roads,wasteland,205,410.958000,1,1.000000
dijkstra-dial-skip,no_roads,wasteland,654,410.503000,1,1.000000
dijkstra-dial-skip,no_roads,wasteland,262,416.577000,1,1.000000
dijkstra-dial-skip,no_roads,wasteland,1079,412.129000,1,1.000000
dijkstra-dial-skip,no_roads,wasteland,788,398.056000,1,1.000000
dijkstra-dial-skip,no_roads,wasteland,1312,401.127000,1,1.000000
dijkstra-dial-skip,no_roads,wasteland,1033,394.231000,1,1.000000
dijkstra-dial-skip,no_roads,wasteland,448,399.682000,1,1.000000
dijkstra-dial-skip,no_roads,wasteland,1050,401.406000,1,1.000000
dijkstra-dial-skip,no_roads,wasteland,1006,390.887000,1,1.000000
dijkstra-dial-skip,no_roads,wasteland,596,398.947000,1,1.000000
dijkstra-dial-skip,no_roads,wasteland,758,392.915000,1,1.000000
dijkstra-dial-skip,no_roads,wasteland,186,374.905000,1,1.000000
dijkstra-dial-skip,no_roads,wasteland,472,375.865000,1,1.000000
dijkstra-dial-skip,no_roads,wasteland,1524,363.942000,1,1.000000
dijkstra-dial-skip,no_roads,wasteland,693,399.166000,1,1.000000
dijkstra-dial-skip,no_roads,wasteland,449,375.852000,1,1.000000
dijkstra-dial-skip,no_roads,wasteland,1334,373.732000,1,1.000000
dijkstra-dial-skip,no_roads,wasteland,1077,394.480000,1,1.000000
dijkstra-dial-skip,no_roads,wasteland,765,371.216000,1,1.000000
dijkstra-dial-skip,no_roads,wasteland,1581,364.802000,1,1.000000
dijkstra-dial-skip,no_roads,wasteland,619,363.856000,1,1.000000
dijkstra-dial-skip,no_roads,wasteland,922,389.596000,1,1.000000
dijkstra-dial-skip,no_roads,wasteland,143,366.824000,1,1.000000
dijkstra-dial-skip,no_roads,wasteland,645,383.619000,1,1.000000
dijkstra-dial-skip,no_roads,wasteland,78,382.333000,1,1.000000
dijkstra-dial-skip,no_roads,wasteland,895,363.786000,1,1.000000
dijkstra-dial-skip,no_roads,wasteland,1150,370.317000,1,1.000000
dijkstra-dial-skip,no_roads,wasteland,760,437.510000,1,1.000000
dijkstra-dial-skip,no_roads,wasteland,171,401.631000,1,1.000000
dijkstra-dial-skip,no_roads,wasteland,600,385.438000,1,1.000000
dijkstra-dial-skip,no_roads,wasteland,892,370.370000,1,1.000000
dijkstra-dial-skip,no_roads,wasteland,603,391.471000,1,1.000000
dijkstra-dial-skip,no_roads,wasteland,1431,371.944000,1,1.000000
dijkstra-dial-skip,no_roads,wasteland,1136,368.403000,1,1.000000
dijkstra-dial-skip,no_roads,wasteland,1323,370.990000,1,1.000000
dijkstra-dial-skip,no_roads,wasteland,390,370.795000,1,1.000000
dijkstra-dial-skip,no_roads,wasteland,751,395.056000,1,1.000000
dijkstra-dial-skip,no_roads,wasteland,380,375.998000,1,1.000000
dijkstra-dial-skip,no_roads,wasteland,697,370.626000,1,1.000000
dijkstra-dial-skip,no_roads,wasteland,1592,388.437000,1,1.000000
dijkstra-dial-skip,no_roads,wasteland,1537,373.444000,1,1.000000
dijkstra-dial-skip,no_roads,wasteland,746,382.556000,1,1.000000
dijkstra-dial-skip,no_roads,wasteland,1233,386.137000,1,1.000000
dijkstra-dial-skip,no_roads,wasteland,1146,376.441000,1,1.000000
dijkstra-dial-skip,no_roads,wasteland,1024,372.135000,1,1.000000
dijkstra-dial-skip,no_roads,wasteland,619,374.467000,1,1.000000
dijkstra-dial-skip,with_roads,wasteland,289,382.078000,1,1.000000
dijkstra-dial-skip,with_roads,wasteland,61,347.942000,1,1.000000
dijkstra-dial-skip,with_roads,wasteland,780,356.055000,1,1.000000
dijkstra-dial-skip,with_roads,wasteland,693,365.944000,1,1.000000
dijkstra-dial-skip,with_roads,wasteland,628,382.389000,1,1.000000
dijkstra-dial-skip,with_roads,wasteland,380,364.509000,1,1.000000
dijkstra-dial-skip,with_roads,wasteland,265,389.648000,1,1.000000
dijkstra-dial-skip,with_roads,wasteland,1552,400.759000,1,1.000000
dijkstra-dial-skip,with_roads,wasteland,226,400.467000,1,1.000000
dijkstra-dial-skip,with_roads,wasteland,1210,394.881000,1,1.000000
dijkstra-dial-skip,with_roads,wasteland,78,427.935000,1,1.000000
dijkstra-dial-skip,with_roads,wasteland,74,394.864000,1,1.000000
dijkstra-dial-skip,with_roads,wasteland,240,401.807000,1,1.000000
dijkstra-dial-skip,with_roads,wasteland,617,399.081000,1,1.000000
dijkstra-dial-skip,with_roads,wasteland,654,400.283000,1,1.000000
dijkstra-dial-skip,with_roads,wasteland,1445,398.604000,1,1.000000
dijkstra-dial-skip,with_roads,wasteland,64,392.824000,1,1.000000
dijkstra-dial-skip,with_roads,wasteland,1592,401.707000,1,1.000000
dijkstra-dial-skip,with_roads,wasteland,564,400.175000,1,1.000000
dijkstra-dial-skip,with_roads,wasteland,1552,393.666000,1,1.000000
dijkstra-dial-skip,with_roads,wasteland,1205,389.652000,1,1.000000
dijkstra-dial-skip,with_roads,wasteland,622,388.761000,1,1.000000
dijkstra-dial-skip,with_roads,wasteland,1297,396.287000,1,1.000000
dijkstra-dial-skip,with_roads,wasteland,788,377.757000,1,1.000000
dijkstra-dial-skip,with_roads,wasteland,15,380.954000,1,1.000000
dijkstra-dial-skip,with_roads,wasteland,440,367.178000,1,1.000000
dijkstra-dial-skip,with_roads,wasteland,1211,380.689000,1,1.000000
dijkstra-dial-skip,with_roads,wasteland,969,374.046000,1,1.000000
dijkstra-dial-skip,with_roads,wasteland,788,376.121000,1,1.000000
dijkstra-dial-skip,with_roads,wasteland,425,378.241000,1,1.000000
dijkstra-dial-skip,with_roads,wasteland,609,392.016000,1,1.000000
dijkstra-dial-skip,with_roads,wasteland,958,376.924000,1,1.000000
dijkstra-dial-skip,with_roads,wasteland,265,415.000000,1,1.000000
dijkstra-dial-skip,with_roads,wasteland,238,382.345000,1,1.000000
dijkstra-dial-skip,with_roads,wasteland,1079,433.666000,1,1.000000
dijkstra-dial-skip,with_roads,wasteland,249,370.936000,1,1.000000
dijkstra-dial-skip,with_roads,wasteland,1017,377.252000,1,1.000000
dijkstra-dial-skip,with_roads,wasteland,977,366.843000,1,1.000000
dijkstra-dial-skip,with_roads,wasteland,750,503.614000,1,1.000000
dijkstra-dial-skip,with_roads,wasteland,107,377.806000,1,1.000000
dijkstra-dial-skip,with_roads,wasteland,1324,372.312000,1,1.000000
dijkstra-dial-skip,with_roads,wasteland,1529,389.022000,1,1.000000
dijkstra-dial-skip,with_roads,wasteland,334,386.350000,1,1.000000
dijkstra-dial-skip,with_roads,wasteland,1074,387.045000,1,1.000000
dijkstra-dial-skip,with_roads,wasteland,203,457.904000,1,1.000000
dijkstra-dial-skip,with_roads,wasteland,1567,373.457000,1,1.000000
dijkstra-dial-skip,with_roads,wasteland,830,374.335000,1,1.000000
dijkstra-dial-skip,with_roads,wasteland,1022,381.277000,1,1.000000
dijkstra-dial-skip,with_roads,wasteland,543,378.325000,1,1.000000
dijkstra-dial-skip,with_roads,wasteland,181,377.723000,1,1.000000
dijkstra-dial-skip,with_roads,wasteland,114,424.792000,1,1.000000
dijkstra-dial-skip,with_roads,wasteland,641,366.591000,1,1.000000
dijkstra-dial-skip,with_roads,wasteland,819,365.323000,1,1.000000
dijkstra-dial-skip,with_roads,wasteland,205,378.463000,1,1.000000
dijkstra-dial-skip,with_roads,wasteland,654,368.938000,1,1.000000
dijkstra-dial-skip,with_roads,wasteland,262,375.478000,1,1.000000
dijkstra-dial-skip,with_roads,wasteland,1079,390.763000,1,1.000000
dijkstra-dial-skip,with_roads,wasteland,788,372.823000,1,1.000000
dijkstra-dial-skip,with_roads,wasteland,1312,375.352000,1,1.000000
dijkstra-dial-skip,with_roads,wasteland,1033,369.649000,1,1.000000
dijkstra-dial-skip,with_roads,wasteland,448,390.095000,1,1.000000
dijkstra-dial-skip,with_roads,wasteland,1050,376.375000,1,1.000000
dijkstra-dial-skip,with_roads,wasteland,1006,387.062000,1,1.000000
dijkstra-dial-skip,with_roads,wasteland,596,383.668000,1,1.000000
dijkstra-dial-skip,with_roads,wasteland,758,376.634000,1,1.000000
dijkstra-dial-skip,with_roads,wasteland,186,377.977000,1,1.000000
dijkstra-dial-skip,with_roads,wasteland,472,373.174000,1,1.000000
dijkstra-dial-skip,with_roads,wasteland,1524,371.396000,1,1.000000
dijkstra-dial-skip,with_roads,wasteland,693,373.317000,1,1.000000
dijkstra-dial-skip,with_roads,wasteland,449,360.732000,1,1.000000
dijkstra-dial-skip,with_roads,wasteland,1334,370.552000,1,1.000000
dijkstra-dial-skip,with_roads,wasteland,1077,377.129000,1,1.000000
dijkstra-dial-skip,with_roads,wasteland,765,383.261000,1,1.000000
dijkstra-dial-skip,with_roads,wasteland,1581,377.275000,1,1.000000
dijkstra-dial-skip,with_roads,wasteland,619,381.582000,1,1.000000
dijkstra-dial-skip,with_roads,wasteland,922,374.173000,1,1.000000
dijkstra-dial-skip,with_roads,wasteland,143,366.694000,1,1.000000
dijkstra-dial-skip,with_roads,wasteland,645,379.324000,1,1.000000
dijkstra-dial-skip,with_roads,wasteland,78,376.996000,1,1.000000
dijkstra-dial-skip,with_roads,wasteland,895,368.825000,1,1.000000
dijkstra-dial-skip,with_roads,wasteland,1150,376.455000,1,1.000000
dijkstra-dial-skip,with_roads,wasteland,760,377.488000,1,1.000000
dijkstra-dial-skip,with_roads,wasteland,171,387.523000,1,1.000000
dijkstra-dial-skip,with_roads,wasteland,600,377.590000,1,1.000000
dijkstra-dial-skip,with_roads,wasteland,892,387.897000,1,1.000000
dijkstra-dial-skip,with_roads,wasteland,603,381.875000,1,1.000000
dijkstra-dial-skip,with_roads,wasteland,1431,378.673000,1,1.000000
dijkstra-dial-skip,with_roads,wasteland,1136,384.731000,1,1.000000
dijkstra-dial-skip,with_roads,wasteland,1323,374.061000,1,1.000000
dijkstra-dial-skip,with_roads,wasteland,390,372.724000,1,1.000000
dijkstra-dial-skip,with_roads,wasteland,751,371.451000,1,1.000000
dijkstra-dial-skip,with_roads,wasteland,380,370.204000,1,1.000000
dijkstra-dial-skip,with_roads,wasteland,697,375.076000,1,1.000000
dijkstra-dial-skip,with_roads,wasteland,1592,381.975000,1,1.000000
dijkstra-dial-skip,with_roads,wasteland,1537,382.373000,1,1.000000
dijkstra-dial-skip,with_roads,wasteland,746,381.899000,1,1.000000
dijkstra-dial-skip,with_roads,wasteland,1233,387.327000,1,1.000000
dijkstra-dial-skip,with_roads,wasteland,1146,384.436000,1,1.000000
dijkstra-dial-skip,with_roads,wasteland,1024,383.785000,1,1.000000
dijkstra-dial-skip,with_roads,wasteland,619,397.273000,1,1.000000
dijkstra-dial-skip,no_roads,wasteland_oasis,1100,310.690000,1,1.000000
dijkstra-dial-skip,no_roads,wasteland_oasis,186,313.020000,1,1.000000
dijkstra-dial-skip,no_roads,wasteland_oasis,38,296.082000,1,1.000000
dijkstra-dial-skip,no_roads,wasteland_oasis,1271,302.303000,1,1.000000
dijkstra-dial-skip,no_roads,wasteland_oasis,461,301.825000,1,1.000000
dijkstra-dial-skip,no_roads,wasteland_oasis,405,300.070000,1,1.000000
dijkstra-dial-skip,no_roads,wasteland_oasis,370,304.164000,1,1.000000
dijkstra-dial-skip,no_roads,wasteland_oasis,238,318.437000,1,1.000000
dijkstra-dial-skip,no_roads,wasteland_oasis,1265,310.573000,1,1.000000
dijkstra-dial-skip,no_roads,wasteland_oasis,170,322.301000,1,1.000000
dijkstra-dial-skip,no_roads,wasteland_oasis,1159,313.921000,1,1.000000
dijkstra-dial-skip,no_roads,wasteland_oasis,1270,305.973000,1,1.000000
dijkstra-dial-skip,no_roads,wasteland_oasis,1524,317.875000,1,1.000000
dijkstra-dial-skip,no_roads,wasteland_oasis,939,311.104000,1,1.000000
dijkstra-dial-skip,no_roads,wasteland_oasis,148,324.090000,1,1.000000
dijkstra-dial-skip,no_roads,wasteland_oasis,1017,315.795000,1,1.000000
dijkstra-dial-skip,no_roads,wasteland_oasis,711,309.998000,1,1.000000
dijkstra-dial-skip,no_roads,wasteland_oasis,48,334.780000,1,1.000000
dijkstra-dial-skip,no_roads,wasteland_oasis,45,310.147000,1,1.000000
dijkstra-dial-skip,no_roads,wasteland_oasis,155,300.922000,1,1.000000
dijkstra-dial-skip,no_roads,wasteland_oasis,363,300.703000,1,1.000000
dijkstra-dial-skip,no_roads,wasteland_oasis,387,311.184000,1,1.000000
dijkstra-dial-skip,no_roads,wasteland_oasis,870,305.223000,1,1.000000
dijkstra-dial-skip,no_roads,wasteland_oasis,1036,307.637000,1,1.000000
dijkstra-dial-skip,no_roads,wasteland_oasis,41,305.048000,1,1.000000
dijkstra-dial-skip,no_roads,wasteland_oasis,962,308.001000,1,1.000000
dijkstra-dial-skip,no_roads,wasteland_oasis,331,284.146000,1,1.000000
dijkstra-dial-skip,no_roads,wasteland_oasis,1231,292.118000,1,1.000000
dijkstra-dial-skip,no_roads,wasteland_oasis,1120,293.433000,1,1.000000
dijkstra-dial-skip,no_roads,wasteland_oasis,1208,293.894000,1,1.000000
dijkstra-dial-skip,no_roads,wasteland_oasis,939,285.779000,1,1.000000
dijkstra-dial-skip,no_roads,wasteland_oasis,706,291.609000,1,1.000000
dijkstra-dial-skip,no_roads,wasteland_oasis,367,286.802000,1,1.000000
dijkstra-dial-skip,no_roads,wasteland_oasis,763,284.915000,1,1.000000
dijkstra-dial-skip,no_roads,wasteland_oasis,1014,292.851000,1,1.000000
dijkstra-dial-skip,no_roads,wasteland_oasis,465,281.235000,1,1.000000
dijkstra-dial-skip,no_roads,wasteland_oasis,1386,280.352000,1,1.000000
dijkstra-dial-skip,no_roads,wasteland_oasis,1480,274.164000,1,1.000000
dijkstra-dial-skip,no_roads,wasteland_oasis,9,279.094000,1,1.000000
dijkstra-dial-skip,no_roads,wasteland_oasis,1301,291.943000,1,1.000000
dijkstra-dial-skip,no_roads,wasteland_oasis,1382,286.667000,1,1.000000
dijkstra-dial-skip,no_roads,wasteland_oasis,274,292.969000,1,1.000000
dijkstra-dial-skip,no_roads,wasteland_oasis,1202,290.484000,1,1.000000
dijkstra-dial-skip,no_roads,wasteland_oasis,711,286.694000,1,1.000000
dijkstra-dial-skip,no_roads,wasteland_oasis,570,281.979000,1,1.000000
dijkstra-dial-skip,no_roads,wasteland_oasis,465,284.054000,1,1.000000
dijkstra-dial-skip,no_roads,wasteland_oasis,263,279.042000,1,1.000000
dijkstra-dial-skip,no_roads,wasteland_oasis,360,271.684000,1,1.000000
dijkstra-dial-skip,no_roads,wasteland_oasis,1306,287.756000,1,1.000000
dijkstra-dial-skip,no_roads,wasteland_oasis,564,281.290000,1,1.000000
dijkstra-dial-skip,no_roads,wasteland_oasis,170,285.496000,1,1.000000
dijkstra-dial-skip,no_roads,wasteland_oasis,154,290.741000,1,1.000000
dijkstra-dial-skip,no_roads,wasteland_oasis,641,282.249000,1,1.000000
dijkstra-dial-skip,no_roads,wasteland_oasis,162,292.637000,1,1.000000
dijkstra-dial-skip,no_roads,wasteland_oasis,606,304.901000,1,1.000000
dijkstra-dial-skip,no_roads,wasteland_oasis,1447,302.299000,1,1.000000
dijkstra-dial-skip,no_roads,wasteland_oasis,579,293.279000,1,1.000000
dijkstra-dial-skip,no_roads,wasteland_oasis,1039,315.504000,1,1.000000
dijkstra-dial-skip,no_roads,wasteland_oasis,444,310.326000,1,1.000000
dijkstra-dial-skip,no_roads,wasteland_oasis,1383,306.175000,1,1.000000
dijkstra-dial-skip,no_roads,wasteland_oasis,69,332.800000,1,1.000000
dijkstra-dial-skip,no_roads,wasteland_oasis,1257,315.566000,1,1.000000
dijkstra-dial-skip,no_roads,wasteland_oasis,784,320.842000,1,1.000000
dijkstra-dial-skip,no_roads,wasteland_oasis,923,317.636000,1,1.000000
dijkstra-dial-skip,no_roads,wasteland_oasis,209,297.065000,1,1.000000
dijkstra-dial-skip,no_roads,wasteland_oasis,1575,315.781000,1,1.000000
dijkstra-dial-skip,no_roads,wasteland_oasis,639,311.832000,1,1.000000
dijkstra-dial-skip,no_roads,wasteland_oasis,134,311.075000,1,1.000000
dijkstra-dial-skip,no_roads,wasteland_oasis,951,303.188000,1,1.000000
dijkstra-dial-skip,no_roads,wasteland_oasis,488,312.271000,1,1.000000
dijkstra-dial-skip,no_roads,wasteland_oasis,1417,314.692000,1,1.000000
dijkstra-dial-skip,no_roads,wasteland_oasis,1080,312.132000,1,1.000000
dijkstra-dial-skip,no_roads,wasteland_oasis,1061,304.014000,1,1.000000
dijkstra-dial-skip,no_roads,wasteland_oasis,1516,303.209000,1,1.000000
dijkstra-dial-skip,no_roads,wasteland_oasis,1469,295.111000,1,1.000000
dijkstra-dial-skip,no_roads,wasteland_oasis,612,295.318000,1,1.000000
dijkstra-dial-skip,no_roads,wasteland_oasis,991,291.736000,1,1.000000
dijkstra-dial-skip,no_roads,wasteland_oasis,323,308.758000,1,1.000000
dijkstra-dial-skip,no_roads,wasteland_oasis,1212,303.781000,1,1.000000
dijkstra-dial-skip,no_roads,wasteland_oasis,121,303.902000,1,1.000000
dijkstra-dial-skip,no_roads,wasteland_oasis,75,308.723000,1,1.000000
dijkstra-dial-skip,no_roads,wasteland_oasis,1137,301.506000,1,1.000000
dijkstra-dial-skip,no_roads,wasteland_oasis,375,290.500000,1,1.000000
dijkstra-dial-skip,no_roads,wasteland_oasis,1317,305.240000,1,1.000000
dijkstra-dial-skip,no_roads,wasteland_oasis,482,296.559000,1,1.000000
dijkstra-dial-skip,no_roads,wasteland_oasis,137,308.168000,1,1.000000
dijkstra-dial-skip,no_roads,wasteland_oasis,1458,298.662000,1,1.000000
dijkstra-dial-skip,no_roads,wasteland_oasis,387,298.503000,1,1.000000
dijkstra-dial-skip,no_roads,wasteland_oasis,1477,296.565000,1,1.000000
dijkstra-dial-skip,no_roads,wasteland_oasis,169,316.312000,1,1.000000
dijkstra-dial-skip,no_roads,wasteland_oasis,641,307.947000,1,1.000000
dijkstra-dial-skip,no_roads,wasteland_oasis,465,303.562000,1,1.000000
dijkstra-dial-skip,no_roads,wasteland_oasis,769,296.338000,1,1.000000
dijkstra-dial-skip,no_roads,wasteland_oasis,1088,306.549000,1,1.000000
dijkstra-dial-skip,no_roads,wasteland_oasis,1427,296.800000,1,1.000000
dijkstra-dial-skip,no_roads,wasteland_oasis,615,304.402000,1,1.000000
dijkstra-dial-skip,no_roads,wasteland_oasis,278,296.686000,1,1.000000
dijkstra-dial-skip,no_roads,wasteland_oasis,626,318.250000,1,1.000000
dijkstra-dial-skip,no_roads,wasteland_oasis,601,310.275000,1,1.000000
dijkstra-dial-skip,no_roads,wasteland_oasis,345,298.105000,1,1.000000
dijkstra-dial-skip,with_roads,wasteland_oasis,1100,348.334000,1,1.000000
dijkstra-dial-skip,with_roads,wasteland_oasis,186,314.410000,1,1.000000
dijkstra-dial-skip,with_roads,wasteland_oasis,38,320.813000,1,1.000000
dijkstra-dial-skip,with_roads,wasteland_oasis,1271,308.744000,1,1.000000
dijkstra-dial-skip,with_roads,wasteland_oasis,461,326.250000,1,1.000000
dijkstra-dial-skip,with_roads,wasteland_oasis,405,309.166000,1,1.000000
dijkstra-dial-skip,with_roads,wasteland_oasis,370,338.203000,1,1.000000
dijkstra-dial-skip,with_roads,wasteland_oasis,238,330.186000,1,1.000000
dijkstra-dial-skip,with_roads,wasteland_oasis,1265,326.304000,1,1.000000
dijkstra-dial-skip,with_roads,wasteland_oasis,170,349.323000,1,1.000000
dijkstra-dial-skip,with_roads,wasteland_oasis,1159,319.738000,1,1.000000
dijkstra-dial-skip,with_roads,wasteland_oasis,1270,301.840000,1,1.000000
dijkstra-dial-skip,with_roads,wasteland_oasis,1524,309.949000,1,1.000000
dijkstra-dial-skip,with_roads,wasteland_oasis,939,348.436000,1,1.000000
dijkstra-dial-skip,with_roads,wasteland_oasis,148,309.875000,1,1.000000
dijkstra-dial-skip,with_roads,wasteland_oasis,1017,291.322000,1,1.000000
dijkstra-dial-skip,with_roads,wasteland_oasis,711,392.206000,1,1.000000
dijkstra-dial-skip,with_roads,wasteland_oasis,48,286.068000,1,1.000000
dijkstra-dial-skip,with_roads,wasteland_oasis,45,304.836000,1,1.000000
dijkstra-dial-skip,with_roads,wasteland_oasis,155,276.960000,1,1.000000
dijkstra-dial-skip,with_roads,wasteland_oasis,363,275.422000,1,1.000000
dijkstra-dial-skip,with_roads,wasteland_oasis,387,273.789000,1,1.000000
dijkstra-dial-skip,with_roads,wasteland_oasis,870,268.222000,1,1.000000
dijkstra-dial-skip,with_roads,wasteland_oasis,1036,270.274000,1,1.000000
dijkstra-dial-skip,with_roads,wasteland_oasis,41,275.928000,1,1.000000
dijkstra-dial-skip,with_roads,wasteland_oasis,962,271.642000,1,1.000000
dijkstra-dial-skip,with_roads,wasteland_oasis,331,276.111000,1,1.000000
dijkstra-dial-skip,with_roads,wasteland_oasis,1231,281.008000,1,1.000000
dijkstra-dial-skip,with_roads,wasteland_oasis,1120,276.287000,1,1.000000
dijkstra-dial-skip,with_roads,wasteland_oasis,1208,283.029000,1,1.000000
dijkstra-dial-skip,with_roads,wasteland_oasis,939,287.656000,1,1.000000
dijkstra-dial-skip,with_roads,wasteland_oasis,706,301.701000,1,1.000000
dijkstra-dial-skip,with_roads,wasteland_oasis,367,313.521000,1,1.000000
dijkstra-dial-skip,with_roads,wasteland_oasis,763,306.218000,1,1.000000
dijkstra-dial-skip,with_roads,wasteland_oasis,1014,305.504000,1,1.000000
dijkstra-dial-skip,with_roads,wasteland_oasis,465,356.176000,1,1.000000
dijkstra-dial-skip,with_roads,wasteland_oasis,1386,285.201000,1,1.000000
dijkstra-dial-skip,with_roads,wasteland_oasis,1480,285.295000,1,1.000000
dijkstra-dial-skip,with_roads,wasteland_oasis,9,296.531000,1,1.000000
dijkstra-dial-skip,with_roads,wasteland_oasis,1301,277.985000,1,1.000000
dijkstra-dial-skip,with_roads,wasteland_oasis,1382,295.146000,1,1.000000
dijkstra-dial-skip,with_roads,wasteland_oasis,274,295.120000,1,1.000000
dijkstra-dial-skip,with_roads,wasteland_oasis,1202,287.465000,1,1.000000
dijkstra-dial-skip,with_roads,wasteland_oasis,711,301.062000,1,1.000000
dijkstra-dial-skip,with_roads,wasteland_oasis,570,287.555000,1,1.000000
dijkstra-dial-skip,with_roads,wasteland_oasis,465,279.509000,1,1.000000
dijkstra-dial-skip,with_roads,wasteland_oasis,263,288.804000,1,1.000000
dijkstra-dial-skip,with_roads,wasteland_oasis,360,284.470000,1,1.000000
dijkstra-dial-skip,with_roads,wasteland_oasis,1306,285.058000,1,1.000000
dijkstra-dial-skip,with_roads,wasteland_oasis,564,320.887000,1,1.000000
dijkstra-dial-skip,with_roads,wasteland_oasis,170,309.658000,1,1.000000
dijkstra-dial-skip,with_roads,wasteland_oasis,154,303.218000,1,1.000000
dijkstra-dial-skip,with_roads,wasteland_oasis,641,300.980000,1,1.000000
dijkstra-dial-skip,with_roads,wasteland_oasis,162,306.029000,1,1.000000
dijkstra-dial-skip,with_roads,wasteland_oasis,606,293.475000,1,1.000000
dijkstra-dial-skip,with_roads,wasteland_oasis,1447,304.731000,1,1.000000
dijkstra-dial-skip,with_roads,wasteland_oasis,579,301.540000,1,1.000000
dijkstra-dial-skip,with_roads,wasteland_oasis,1039,306.012000,1,1.000000
dijkstra-dial-skip,with_roads,wasteland_oasis,444,303.503000,1,1.000000
dijkstra-dial-skip,with_roads,wasteland_oasis,1383,295.781000,1,1.000000
dijkstra-dial-skip,with_roads,wasteland_oasis,69,289.307000,1,1.000000
dijkstra-dial-skip,with_roads,wasteland_oasis,1257,287.778000,1,1.000000
dijkstra-dial-skip,with_roads,wasteland_oasis,784,295.928000,1,1.000000
dijkstra-dial-skip,with_roads,wasteland_oasis,923,289.622000,1,1.000000
dijkstra-dial-skip,with_roads,wasteland_oasis,209,289.429000,1,1.000000
dijkstra-dial-skip,with_roads,wasteland_oasis,1575,280.329000,1,1.000000
dijkstra-dial-skip,with_roads,wasteland_oasis,639,288.385000,1,1.000000
dijkstra-dial-skip,with_roads,wasteland_oasis,134,295.783000,1,1.000000
dijkstra-dial-skip,with_roads,wasteland_oasis,951,328.055000,1,1.000000
dijkstra-dial-skip,with_roads,wasteland_oasis,488,293.027000,1,1.000000
dijkstra-dial-skip,with_roads,wasteland_oasis,1417,266.986000,1,1.000000
dijkstra-dial-skip,with_roads,wasteland_oasis,1080,267.453000,1,1.000000
dijkstra-dial-skip,with_roads,wasteland_oasis,1061,273.333000,1,1.000000
dijkstra-dial-skip,with_roads,wasteland_oasis,1516,274.661000,1,1.000000
dijkstra-dial-skip,with_roads,wasteland_oasis,1469,309.875000,1,1.000000
dijkstra-dial-skip,with_roads,wasteland_oasis,612,282.596000,1,1.000000
dijkstra-dial-skip,with_roads,wasteland_oasis,991,273.649000,1,1.000000
dijkstra-dial-skip,with_roads,wasteland_oasis,323,284.940000,1,1.000000
dijkstra-dial-skip,with_roads,wasteland_oasis,1212,295.857000,1,1.000000
dijkstra-dial-skip,with_roads,wasteland_oasis,121,278.039000,1,1.000000
dijkstra-dial-skip,with_roads,wasteland_oasis,75,293.933000,1,1.000000
dijkstra-dial-skip,with_roads,wasteland_oasis,1137,271.211000,1,1.000000
dijkstra-dial-skip,with_roads,wasteland_oasis,375,310.489000,1,1.000000
dijkstra-dial-skip,with_roads,wasteland_oasis,1317,299.339000,1,1.000000
dijkstra-dial-skip,with_roads,wasteland_oasis,482,282.940000,1,1.000000
dijkstra-dial-skip,with_roads,wasteland_oasis,137,264.111000,1,1.000000
dijkstra-dial-skip,with_roads,wasteland_oasis,1458,258.491000,1,1.000000
dijkstra-dial-skip,with_roads,wasteland_oasis,387,281.470000,1,1.000000
dijkstra-dial-skip,with_roads,wasteland_oasis,1477,267.995000,1,1.000000
dijkstra-dial-skip,with_roads,wasteland_oasis,169,276.927000,1,1.000000
dijkstra-dial-skip,with_roads,wasteland_oasis,641,272.709000,1,1.000000
dijkstra-dial-skip,with_roads,wasteland_oasis,465,266.707000,1,1.000000
dijkstra-dial-skip,with_roads,wasteland_oasis,769,267.207000,1,1.000000
dijkstra-dial-skip,with_roads,wasteland_oasis,1088,269.975000,1,1.000000
dijkstra-dial-skip,with_roads,wasteland_oasis,1427,268.677000,1,1.000000
dijkstra-dial-skip,with_roads,wasteland_oasis,615,261.523000,1,1.000000
dijkstra-dial-skip,with_roads,wasteland_oasis,278,268.004000,1,1.000000
dijkstra-dial-skip,with_roads,wasteland_oasis,626,261.327000,1,1.000000
dijkstra-dial-skip,with_roads,wasteland_oasis,601,264.140000,1,1.000000
dijkstra-dial-skip,with_roads,wasteland_oasis,345,270.704000,1,1.000000
dijkstra-dial-skip,no_roads,we_love_tetris,169,176.445000,1,1.000000
dijkstra-dial-skip,no_roads,we_love_tetris,67,164.046000,1,1.000000
dijkstra-dial-skip,no_roads,we_love_tetris,370,403.781000,1,1.000000
dijkstra-dial-skip,no_roads,we_love_tetris,325,191.727000,1,1.000000
dijkstra-dial-skip,no_roads,we_love_tetris,297,184.607000,1,1.000000
dijkstra-dial-skip,no_roads,we_love_tetris,199,150.879000,1,1.000000
dijkstra-dial-skip,no_roads,we_love_tetris,157,136.873000,1,1.000000
dijkstra-dial-skip,no_roads,we_love_tetris,139,134.661000,1,1.000000
dijkstra-dial-skip,no_roads,we_love_tetris,567,163.362000,1,1.000000
dijkstra-dial-skip,no_roads,we_love_tetris,74,150.045000,1,1.000000
dijkstra-dial-skip,no_roads,we_love_tetris,72,149.337000,1,1.000000
dijkstra-dial-skip,no_roads,we_love_tetris,148,159.432000,1,1.000000
dijkstra-dial-skip,no_roads,we_love_tetris,292,163.694000,1,1.000000
dijkstra-dial-skip,no_roads,we_love_tetris,311,165.938000,1,1.000000
dijkstra-dial-skip,no_roads,we_love_tetris,724,156.765000,1,1.000000
dijkstra-dial-skip,no_roads,we_love_tetris,69,168.046000,1,1.000000
dijkstra-dial-skip,no_roads,we_love_tetris,268,156.355000,1,1.000000
dijkstra-dial-skip,no_roads,we_love_tetris,564,165.637000,1,1.000000
dijkstra-dial-skip,no_roads,we_love_tetris,294,173.285000,1,1.000000
dijkstra-dial-skip,no_roads,we_love_tetris,611,2.473000,1,1.000000
dijkstra-dial-skip,no_roads,we_love_tetris,373,168.329000,1,1.000000
dijkstra-dial-skip,no_roads,we_love_tetris,48,168.761000,1,1.000000
dijkstra-dial-skip,no_roads,we_love_tetris,223,166.758000,1,1.000000
dijkstra-dial-skip,no_roads,we_love_tetris,567,177.834000,1,1.000000
dijkstra-dial-skip,no_roads,we_love_tetris,452,166.032000,1,1.000000
dijkstra-dial-skip,no_roads,we_love_tetris,373,173.793000,1,1.000000
dijkstra-dial-skip,no_roads,we_love_tetris,218,164.366000,1,1.000000
dijkstra-dial-skip,no_roads,we_love_tetris,289,175.167000,1,1.000000
dijkstra-dial-skip,no_roads,we_love_tetris,446,168.814000,1,1.000000
dijkstra-dial-skip,no_roads,we_love_tetris,157,182.114000,1,1.000000
dijkstra-dial-skip,no_roads,we_love_tetris,147,172.002000,1,1.000000
dijkstra-dial-skip,no_roads,we_love_tetris,510,169.741000,1,1.000000
dijkstra-dial-skip,no_roads,we_love_tetris,152,167.616000,1,1.000000
dijkstra-dial-skip,no_roads,we_love_tetris,478,169.705000,1,1.000000
dijkstra-dial-skip,no_roads,we_love_tetris,457,179.833000,1,1.000000
dijkstra-dial-skip,no_roads,we_love_tetris,356,172.827000,1,1.000000
dijkstra-dial-skip,no_roads,we_love_tetris,88,179.723000,1,1.000000
dijkstra-dial-skip,no_roads,we_love_tetris,636,161.793000,1,1.000000
dijkstra-dial-skip,no_roads,we_love_tetris,183,168.738000,1,1.000000
dijkstra-dial-skip,no_roads,we_love_tetris,508,164.278000,1,1.000000
dijkstra-dial-skip,no_roads,we_love_tetris,130,174.292000,1,1.000000
dijkstra-dial-skip,no_roads,we_love_tetris,393,171.418000,1,1.000000
dijkstra-dial-skip,no_roads,we_love_tetris,482,170.885000,1,1.000000
dijkstra-dial-skip,no_roads,we_love_tetris,260,160.849000,1,1.000000
dijkstra-dial-skip,no_roads,we_love_tetris,119,176.072000,1,1.000000
dijkstra-dial-skip,no_roads,we_love_tetris,90,160.337000,1,1.000000
dijkstra-dial-skip,no_roads,we_love_tetris,304,160.577000,1,1.000000
dijkstra-dial-skip,no_roads,we_love_tetris,388,157.358000,1,1.000000
dijkstra-dial-skip,no_roads,we_love_tetris,131,167.853000,1,1.000000
dijkstra-dial-skip,no_roads,we_love_tetris,311,167.469000,1,1.000000
dijkstra-dial-skip,no_roads,we_love_tetris,156,162.123000,1,1.000000
dijkstra-dial-skip,no_roads,we_love_tetris,510,156.464000,1,1.000000
dijkstra-dial-skip,no_roads,we_love_tetris,373,170.678000,1,1.000000
dijkstra-dial-skip,no_roads,we_love_tetris,627,162.483000,1,1.000000
dijkstra-dial-skip,no_roads,we_love_tetris,486,166.067000,1,1.000000
dijkstra-dial-skip,no_roads,we_love_tetris,226,154.757000,1,1.000000
dijkstra-dial-skip,no_roads,we_love_tetris,497,169.748000,1,1.000000
dijkstra-dial-skip,no_roads,we_love_tetris,472,155.106000,1,1.000000
dijkstra-dial-skip,no_roads,we_love_tetris,281,173.251000,1,1.000000
dijkstra-dial-skip,no_roads,we_love_tetris,360,169.318000,1,1.000000
dijkstra-dial-skip,no_roads,we_love_tetris,121,171.257000,1,1.000000
dijkstra-dial-skip,no_roads,we_love_tetris,236,170.434000,1,1.000000
dijkstra-dial-skip,no_roads,we_love_tetris,325,168.388000,1,1.000000
dijkstra-dial-skip,no_roads,we_love_tetris,227,166.047000,1,1.000000
dijkstra-dial-skip,no_roads,we_love_tetris,639,157.198000,1,1.000000
dijkstra-dial-skip,no_roads,we_love_tetris,509,166.362000,1,1.000000
dijkstra-dial-skip,no_roads,we_love_tetris,363,164.333000,1,1.000000
dijkstra-dial-skip,no_roads,we_love_tetris,293,169.731000,1,1.000000
dijkstra-dial-skip,no_roads,we_love_tetris,432,154.461000,1,1.000000
dijkstra-dial-skip,no_roads,we_love_tetris,105,167.159000,1,1.000000
dijkstra-dial-skip,no_roads,we_love_tetris,306,160.238000,1,1.000000
dijkstra-dial-skip,no_roads,we_love_tetris,74,167.665000,1,1.000000
dijkstra-dial-skip,no_roads,we_love_tetris,423,171.551000,1,1.000000
dijkstra-dial-skip,no_roads,we_love_tetris,543,179.645000,1,1.000000
dijkstra-dial-skip,no_roads,we_love_tetris,361,171.205000,1,1.000000
dijkstra-dial-skip,no_roads,we_love_tetris,115,181.454000,1,1.000000
dijkstra-dial-skip,no_roads,we_love_tetris,283,181.811000,1,1.000000
dijkstra-dial-skip,no_roads,we_love_tetris,422,177.335000,1,1.000000
dijkstra-dial-skip,no_roads,we_love_tetris,284,175.883000,1,1.000000
dijkstra-dial-skip,no_roads,we_love_tetris,718,172.751000,1,1.000000
dijkstra-dial-skip,no_roads,we_love_tetris,529,181.756000,1,1.000000
dijkstra-dial-skip,no_roads,we_love_tetris,635,170.555000,1,1.000000
dijkstra-dial-skip,no_roads,we_love_tetris,203,194.821000,1,1.000000
dijkstra-dial-skip,no_roads,we_love_tetris,358,181.408000,1,1.000000
dijkstra-dial-skip,no_roads,we_love_tetris,199,183.240000,1,1.000000
dijkstra-dial-skip,no_roads,we_love_tetris,329,190.356000,1,1.000000
dijkstra-dial-skip,no_roads,we_love_tetris,352,171.558000,1,1.000000
dijkstra-dial-skip,no_roads,we_love_tetris,584,184.449000,1,1.000000
dijkstra-dial-skip,no_roads,we_love_tetris,541,191.393000,1,1.000000
dijkstra-dial-skip,no_roads,we_love_tetris,482,192.080000,1,1.000000
dijkstra-dial-skip,no_roads,we_love_tetris,293,188.699000,1,1.000000
dijkstra-dial-skip,no_roads,we_love_tetris,198,178.417000,1,1.000000
dijkstra-dial-skip,no_roads,we_love_tetris,739,2.160000,1,1.000000
dijkstra-dial-skip,no_roads,we_love_tetris,712,185.263000,1,1.000000
dijkstra-dial-skip,no_roads,we_love_tetris,145,177.569000,1,1.000000
dijkstra-dial-skip,no_roads,we_love_tetris,92,169.811000,1,1.000000
dijkstra-dial-skip,no_roads,we_love_tetris,167,178.500000,1,1.000000
dijkstra-dial-skip,no_roads,we_love_tetris,215,172.736000,1,1.000000
dijkstra-dial-skip,no_roads,we_love_tetris,223,166.133000,1,1.000000
dijkstra-dial-skip,no_roads,we_love_tetris,567,181.822000,1,1.000000
dijkstra-dial-skip,with_roads,we_love_tetris,169,178.945000,1,1.000000
dijkstra-dial-skip,with_roads,we_love_tetris,67,184.958000,1,1.000000
dijkstra-dial-skip,with_roads,we_love_tetris,370,167.305000,1,1.000000
dijkstra-dial-skip,with_roads,we_love_tetris,325,179.343000,1,1.000000
dijkstra-dial-skip,with_roads,we_love_tetris,297,172.528000,1,1.000000
dijkstra-dial-skip,with_roads,we_love_tetris,199,182.378000,1,1.000000
dijkstra-dial-skip,with_roads,we_love_tetris,157,184.663000,1,1.000000
dijkstra-dial-skip,with_roads,we_love_tetris,139,183.854000,1,1.000000
dijkstra-dial-skip,with_roads,we_love_tetris,567,191.493000,1,1.000000
dijkstra-dial-skip,with_roads,we_love_tetris,74,181.832000,1,1.000000
dijkstra-dial-skip,with_roads,we_love_tetris,72,192.056000,1,1.000000
dijkstra-dial-skip,with_roads,we_love_tetris,148,195.650000,1,1.000000
dijkstra-dial-skip,with_roads,we_love_tetris,292,178.518000,1,1.000000
dijkstra-dial-skip,with_roads,we_love_tetris,311,197.644000,1,1.000000
dijkstra-dial-skip,with_roads,we_love_tetris,724,197.325000,1,1.000000
dijkstra-dial-skip,with_roads,we_love_tetris,69,197.352000,1,1.000000
dijkstra-dial-skip,with_roads,we_love_tetris,268,192.424000,1,1.000000
dijkstra-dial-skip,with_roads,we_love_tetris,564,205.642000,1,1.000000
dijkstra-dial-skip,with_roads,we_love_tetris,294,184.368000,1,1.000000
dijkstra-dial-skip,with_roads,we_love_tetris,611,2.889000,1,1.000000
dijkstra-dial-skip,with_roads,we_love_tetris,373,186.535000,1,1.000000
dijkstra-dial-skip,with_roads,we_love_tetris,48,201.088000,1,1.000000
dijkstra-dial-skip,with_roads,we_love_tetris,223,211.554000,1,1.000000
dijkstra-dial-skip,with_roads,we_love_tetris,567,219.545000,1,1.000000
dijkstra-dial-skip,with_roads,we_love_tetris,452,195.314000,1,1.000000
dijkstra-dial-skip,with_roads,we_love_tetris,373,207.435000,1,1.000000
dijkstra-dial-skip,with_roads,we_love_tetris,218,219.717000,1,1.000000
dijkstra-dial-skip,with_roads,we_love_tetris,289,208.249000,1,1.000000
dijkstra-dial-skip,with_roads,we_love_tetris,446,221.931000,1,1.000000
dijkstra-dial-skip,with_roads,we_love_tetris,157,213.347000,1,1.000000
dijkstra-dial-skip,with_roads,we_love_tetris,147,215.233000,1,1.000000
dijkstra-dial-skip,with_roads,we_love_tetris,510,213.947000,1,1.000000
dijkstra-dial-skip,with_roads,we_love_tetris,152,208.607000,1,1.000000
dijkstra-dial-skip,with_roads,we_love_tetris,478,209.455000,1,1.000000
dijkstra-dial-skip,with_roads,we_love_tetris,457,203.557000,1,1.000000
dijkstra-dial-skip,with_roads,we_love_tetris,356,211.490000,1,1.000000
dijkstra-dial-skip,with_roads,we_love_tetris,88,195.969000,1,1.000000
dijkstra-dial-skip,with_roads,we_love_tetris,636,206.831000,1,1.000000
dijkstra-dial-skip,with_roads,we_love_tetris,183,203.456000,1,1.000000
dijkstra-dial-skip,with_roads,we_love_tetris,508,204.247000,1,1.000000
dijkstra-dial-skip,with_roads,we_love_tetris,130,207.465000,1,1.000000
dijkstra-dial-skip,with_roads,we_love_tetris,393,222.914000,1,1.000000
dijkstra-dial-skip,with_roads,we_love_tetris,482,217.198000,1,1.000000
dijkstra-dial-skip,with_roads,we_love_tetris,260,200.833000,1,1.000000
dijkstra-dial-skip,with_roads,we_love_tetris,119,186.416000,1,1.000000
dijkstra-dial-skip,with_roads,we_love_tetris,90,174.125000,1,1.000000
dijkstra-dial-skip,with_roads,we_love_tetris,304,174.288000,1,1.000000
dijkstra-dial-skip,with_roads,we_love_tetris,388,177.786000,1,1.000000
dijkstra-dial-skip,with_roads,we_love_tetris,131,168.111000,1,1.000000
dijkstra-dial-skip,with_roads,we_love_tetris,311,183.565000,1,1.000000
dijkstra-dial-skip,with_roads,we_love_tetris,156,185.459000,1,1.000000
dijkstra-dial-skip,with_roads,we_love_tetris,510,218.178000,1,1.000000
dijkstra-dial-skip,with_roads,we_love_tetris,373,204.330000,1,1.000000
dijkstra-dial-skip,with_roads,we_love_tetris,627,234.523000,1,1.000000
dijkstra-dial-skip,with_roads,we_love_tetris,486,233.378000,1,1.000000
dijkstra-dial-skip,with_roads,we_love_tetris,226,222.780000,1,1.000000
dijkstra-dial-skip,with_roads,we_love_tetris,497,224.373000,1,1.000000
dijkstra-dial-skip,with_roads,we_love_tetris,472,218.684000,1,1.000000
dijkstra-dial-skip,with_roads,we_love_tetris,281,209.538000,1,1.000000
dijkstra-dial-skip,with_roads,we_love_tetris,360,200.487000,1,1.000000
dijkstra-dial-skip,with_roads,we_love_tetris,121,203.702000,1,1.000000
dijkstra-dial-skip,with_roads,we_love_tetris,236,195.535000,1,1.000000
dijkstra-dial-skip,with_roads,we_love_tetris,325,193.759000,1,1.000000
dijkstra-dial-skip,with_roads,we_love_tetris,227,200.422000,1,1.000000
dijkstra-dial-skip,with_roads,we_love_tetris,639,205.989000,1,1.000000
dijkstra-dial-skip,with_roads,we_love_tetris,509,202.467000,1,1.000000
dijkstra-dial-skip,with_roads,we_love_tetris,363,226.649000,1,1.000000
dijkstra-dial-skip,with_roads,we_love_tetris,293,212.697000,1,1.000000
dijkstra-dial-skip,with_roads,we_love_tetris,432,209.506000,1,1.000000
dijkstra-dial-skip,with_roads,we_love_tetris,105,260.456000,1,1.000000
dijkstra-dial-skip,with_roads,we_love_tetris,306,192.748000,1,1.000000
dijkstra-dial-skip,with_roads,we_love_tetris,74,191.225000,1,1.000000
dijkstra-dial-skip,with_roads,we_love_tetris,423,190.556000,1,1.000000
dijkstra-dial-skip,with_roads,we_love_tetris,543,182.531000,1,1.000000
dijkstra-dial-skip,with_roads,we_love_tetris,361,183.572000,1,1.000000
dijkstra-dial-skip,with_roads,we_love_tetris,115,181.722000,1,1.000000
dijkstra-dial-skip,with_roads,we_love_tetris,283,187.636000,1,1.000000
dijkstra-dial-skip,with_roads,we_love_tetris,422,195.998000,1,1.000000
dijkstra-dial-skip,with_roads,we_love_tetris,284,196.648000,1,1.000000
dijkstra-dial-skip,with_roads,we_love_tetris,718,233.842000,1,1.000000
dijkstra-dial-skip,with_roads,we_love_tetris,529,204.445000,1,1.000000
dijkstra-dial-skip,with_roads,we_love_tetris,635,200.862000,1,1.000000
dijkstra-dial-skip,with_roads,we_love_tetris,203,200.095000,1,1.000000
dijkstra-dial-skip,with_roads,we_love_tetris,358,197.893000,1,1.000000
dijkstra-dial-skip,with_roads,we_love_tetris,199,189.935000,1,1.000000
dijkstra-dial-skip,with_roads,we_love_tetris,329,196.822000,1,1.000000
dijkstra-dial-skip,with_roads,we_love_tetris,352,199.508000,1,1.000000
dijkstra-dial-skip,with_roads,we_love_tetris,584,197.843000,1,1.000000
dijkstra-dial-skip,with_roads,we_love_tetris,541,202.807000,1,1.000000
dijkstra-dial-skip,with_roads,we_love_tetris,482,213.114000,1,1.000000
dijkstra-dial-skip,with_roads,we_love_tetris,293,194.053000,1,1.000000
dijkstra-dial-skip,with_roads,we_love_tetris,198,207.504000,1,1.000000
dijkstra-dial-skip,with_roads,we_love_tetris,739,2.298000,1,1.000000
dijkstra-dial-skip,with_roads,we_love_tetris,712,237.079000,1,1.000000
dijkstra-dial-skip,with_roads,we_love_tetris,145,231.631000,1,1.000000
dijkstra-dial-skip,with_roads,we_love_tetris,92,219.996000,1,1.000000
dijkstra-dial-skip,with_roads,we_love_tetris,167,180.438000,1,1.000000
dijkstra-dial-skip,with_roads,we_love_tetris,215,177.138000,1,1.000000
dijkstra-dial-skip,with_roads,we_love_tetris,223,176.134000,1,1.000000
dijkstra-dial-skip,with_roads,we_love_tetris,567,177.490000,1,1.000000
dijkstra-dial-skip,no_roads,window_shopping,161,49.707000,1,1.000000
dijkstra-dial-skip,no_roads,window_shopping,29,94.406000,1,1.000000
dijkstra-dial-skip,no_roads,window_shopping,404,42.640000,1,1.000000
dijkstra-dial-skip,no_roads,window_shopping,361,42.794000,1,1.000000
dijkstra-dial-skip,no_roads,window_shopping,331,41.354000,1,1.000000
dijkstra-dial-skip,no_roads,window_shopping,194,42.303000,1,1.000000
dijkstra-dial-skip,no_roads,window_shopping,150,45.584000,1,1.000000
dijkstra-dial-skip,no_roads,window_shopping,132,43.796000,1,1.000000
dijkstra-dial-skip,no_roads,window_shopping,656,1.998000,1,1.000000
dijkstra-dial-skip,no_roads,window_shopping,36,118.485000,1,1.000000
dijkstra-dial-skip,no_roads,window_shopping,34,116.456000,1,1.000000
dijkstra-dial-skip,no_roads,window_shopping,139,56.034000,1,1.000000
dijkstra-dial-skip,no_roads,window_shopping,317,55.103000,1,1.000000
dijkstra-dial-skip,no_roads,window_shopping,343,50.816000,1,1.000000
dijkstra-dial-skip,no_roads,window_shopping,815,128.022000,1,1.000000
dijkstra-dial-skip,no_roads,window_shopping,31,118.715000,1,1.000000
dijkstra-dial-skip,no_roads,window_shopping,281,53.333000,1,1.000000
dijkstra-dial-skip,no_roads,window_shopping,645,2.206000,1,1.000000
dijkstra-dial-skip,no_roads,window_shopping,319,54.235000,1,1.000000
dijkstra-dial-skip,no_roads,window_shopping,734,119.144000,1,1.000000
dijkstra-dial-skip,no_roads,window_shopping,407,50.046000,1,1.000000
dijkstra-dial-skip,no_roads,window_shopping,8,120.191000,1,1.000000
dijkstra-dial-skip,no_roads,window_shopping,220,51.872000,1,1.000000
dijkstra-dial-skip,no_roads,window_shopping,656,2.153000,1,1.000000
dijkstra-dial-skip,no_roads,window_shopping,502,121.674000,1,1.000000
dijkstra-dial-skip,no_roads,window_shopping,407,52.663000,1,1.000000
dijkstra-dial-skip,no_roads,window_shopping,214,49.444000,1,1.000000
dijkstra-dial-skip,no_roads,window_shopping,312,51.433000,1,1.000000
dijkstra-dial-skip,no_roads,window_shopping,497,49.010000,1,1.000000
dijkstra-dial-skip,no_roads,window_shopping,150,53.074000,1,1.000000
dijkstra-dial-skip,no_roads,window_shopping,138,52.633000,1,1.000000
dijkstra-dial-skip,no_roads,window_shopping,569,2.613000,1,1.000000
dijkstra-dial-skip,no_roads,window_shopping,143,53.682000,1,1.000000
dijkstra-dial-skip,no_roads,window_shopping,532,49.111000,1,1.000000
dijkstra-dial-skip,no_roads,window_shopping,506,130.978000,1,1.000000
dijkstra-dial-skip,no_roads,window_shopping,387,49.317000,1,1.000000
dijkstra-dial-skip,no_roads,window_shopping,51,115.603000,1,1.000000
dijkstra-dial-skip,no_roads,window_shopping,762,115.695000,1,1.000000
dijkstra-dial-skip,no_roads,window_shopping,176,51.112000,1,1.000000
dijkstra-dial-skip,no_roads,window_shopping,566,111.215000,1,1.000000
dijkstra-dial-skip,no_roads,window_shopping,105,114.632000,1,1.000000
dijkstra-dial-skip,no_roads,window_shopping,425,50.808000,1,1.000000
dijkstra-dial-skip,no_roads,window_shopping,537,57.605000,1,1.000000
dijkstra-dial-skip,no_roads,window_shopping,270,50.912000,1,1.000000
dijkstra-dial-skip,no_roads,window_shopping,78,116.233000,1,1.000000
dijkstra-dial-skip,no_roads,window_shopping,53,112.784000,1,1.000000
dijkstra-dial-skip,no_roads,window_shopping,337,115.340000,1,1.000000
dijkstra-dial-skip,no_roads,window_shopping,420,117.429000,1,1.000000
dijkstra-dial-skip,no_roads,window_shopping,123,116.052000,1,1.000000
dijkstra-dial-skip,no_roads,window_shopping,343,45.103000,1,1.000000
dijkstra-dial-skip,no_roads,window_shopping,149,49.366000,1,1.000000
dijkstra-dial-skip,no_roads,window_shopping,569,2.304000,1,1.000000
dijkstra-dial-skip,no_roads,window_shopping,407,47.336000,1,1.000000
dijkstra-dial-skip,no_roads,window_shopping,756,109.082000,1,1.000000
dijkstra-dial-skip,no_roads,window_shopping,543,110.268000,1,1.000000
dijkstra-dial-skip,no_roads,window_shopping,226,45.427000,1,1.000000
dijkstra-dial-skip,no_roads,window_shopping,550,46.790000,1,1.000000
dijkstra-dial-skip,no_roads,window_shopping,525,104.232000,1,1.000000
dijkstra-dial-skip,no_roads,window_shopping,296,108.219000,1,1.000000
dijkstra-dial-skip,no_roads,window_shopping,390,46.422000,1,1.000000
dijkstra-dial-skip,no_roads,window_shopping,80,104.134000,1,1.000000
dijkstra-dial-skip,no_roads,window_shopping,239,45.448000,1,1.000000
dijkstra-dial-skip,no_roads,window_shopping,361,45.678000,1,1.000000
dijkstra-dial-skip,no_roads,window_shopping,227,44.731000,1,1.000000
dijkstra-dial-skip,no_roads,window_shopping,765,103.289000,1,1.000000
dijkstra-dial-skip,no_roads,window_shopping,567,105.028000,1,1.000000
dijkstra-dial-skip,no_roads,window_shopping,393,47.460000,1,1.000000
dijkstra-dial-skip,no_roads,window_shopping,318,45.287000,1,1.000000
dijkstra-dial-skip,no_roads,window_shopping,469,46.068000,1,1.000000
dijkstra-dial-skip,no_roads,window_shopping,64,105.124000,1,1.000000
dijkstra-dial-skip,no_roads,window_shopping,338,111.753000,1,1.000000
dijkstra-dial-skip,no_roads,window_shopping,36,102.473000,1,1.000000
dijkstra-dial-skip,no_roads,window_shopping,459,101.713000,1,1.000000
dijkstra-dial-skip,no_roads,window_shopping,608,106.340000,1,1.000000
dijkstra-dial-skip,no_roads,window_shopping,391,46.847000,1,1.000000
dijkstra-dial-skip,no_roads,window_shopping,74,102.485000,1,1.000000
dijkstra-dial-skip,no_roads,window_shopping,299,46.334000,1,1.000000
dijkstra-dial-skip,no_roads,window_shopping,457,47.874000,1,1.000000
dijkstra-dial-skip,no_roads,window_shopping,300,43.054000,1,1.000000
dijkstra-dial-skip,no_roads,window_shopping,806,112.438000,1,1.000000
dijkstra-dial-skip,no_roads,window_shopping,595,45.972000,1,1.000000
dijkstra-dial-skip,no_roads,window_shopping,761,107.689000,1,1.000000
dijkstra-dial-skip,no_roads,window_shopping,199,47.403000,1,1.000000
dijkstra-dial-skip,no_roads,window_shopping,388,43.097000,1,1.000000
dijkstra-dial-skip,no_roads,window_shopping,194,45.109000,1,1.000000
dijkstra-dial-skip,no_roads,window_shopping,363,45.313000,1,1.000000
dijkstra-dial-skip,no_roads,window_shopping,386,41.116000,1,1.000000
dijkstra-dial-skip,no_roads,window_shopping,670,108.134000,1,1.000000
dijkstra-dial-skip,no_roads,window_shopping,600,44.175000,1,1.000000
dijkstra-dial-skip,no_roads,window_shopping,537,44.837000,1,1.000000
dijkstra-dial-skip,no_roads,window_shopping,318,45.546000,1,1.000000
dijkstra-dial-skip,no_roads,window_shopping,193,46.335000,1,1.000000
dijkstra-dial-skip,no_roads,window_shopping,823,103.344000,1,1.000000
dijkstra-dial-skip,no_roads,window_shopping,797,100.981000,1,1.000000
dijkstra-dial-skip,no_roads,window_shopping,136,43.863000,1,1.000000
dijkstra-dial-skip,no_roads,window_shopping,55,98.284000,1,1.000000
dijkstra-dial-skip,no_roads,window_shopping,159,43.602000,1,1.000000
dijkstra-dial-skip,no_roads,window_shopping,210,100.732000,1,1.000000
dijkstra-dial-skip,no_roads,window_shopping,220,44.432000,1,1.000000
dijkstra-dial-skip,no_roads,window_shopping,656,1.832000,1,1.000000
dijkstra-dial-skip,with_roads,window_shopping,161,51.848000,1,1.000000
dijkstra-dial-skip,with_roads,window_shopping,29,112.129000,1,1.000000
dijkstra-dial-skip,with_roads,window_shopping,404,46.909000,1,1.000000
dijkstra-dial-skip,with_roads,window_shopping,361,50.214000,1,1.000000
dijkstra-dial-skip,with_roads,window_shopping,331,44.518000,1,1.000000
dijkstra-dial-skip,with_roads,window_shopping,194,43.651000,1,1.000000
dijkstra-dial-skip,with_roads,window_shopping,150,46.505000,1,1.000000
dijkstra-dial-skip,with_roads,window_shopping,132,43.975000,1,1.000000
dijkstra-dial-skip,with_roads,window_shopping,656,1.805000,1,1.000000
dijkstra-dial-skip,with_roads,window_shopping,36,103.173000,1,1.000000
dijkstra-dial-skip,with_roads,window_shopping,34,104.818000,1,1.000000
dijkstra-dial-skip,with_roads,window_shopping,139,46.256000,1,1.000000
dijkstra-dial-skip,with_roads,window_shopping,317,45.230000,1,1.000000
dijkstra-dial-skip,with_roads,window_shopping,343,42.191000,1,1.000000
dijkstra-dial-skip,with_roads,window_shopping,815,100.070000,1,1.000000
dijkstra-dial-skip,with_roads,window_shopping,31,99.979000,1,1.000000
dijkstra-dial-skip,with_roads,window_shopping,281,44.355000,1,1.000000
dijkstra-dial-skip,with_roads,window_shopping,645,1.789000,1,1.000000
dijkstra-dial-skip,with_roads,window_shopping,319,41.749000,1,1.000000
dijkstra-dial-skip,with_roads,window_shopping,734,97.942000,1,1.000000
dijkstra-dial-skip,with_roads,window_shopping,407,41.429000,1,1.000000
dijkstra-dial-skip,with_roads,window_shopping,8,105.018000,1,1.000000
dijkstra-dial-skip,with_roads,window_shopping,220,51.903000,1,1.000000
dijkstra-dial-skip,with_roads,window_shopping,656,1.793000,1,1.000000
dijkstra-dial-skip,with_roads,window_shopping,502,104.300000,1,1.000000
dijkstra-dial-skip,with_roads,window_shopping,407,43.027000,1,1.000000
dijkstra-dial-skip,with_roads,window_shopping,214,44.217000,1,1.000000
dijkstra-dial-skip,with_roads,window_shopping,312,45.352000,1,1.000000
dijkstra-dial-skip,with_roads,window_shopping,497,42.678000,1,1.000000
dijkstra-dial-skip,with_roads,window_shopping,150,46.268000,1,1.000000
dijkstra-dial-skip,with_roads,window_shopping,138,44.409000,1,1.000000
dijkstra-dial-skip,with_roads,window_shopping,569,1.979000,1,1.000000
dijkstra-dial-skip,with_roads,window_shopping,143,46.777000,1,1.000000
dijkstra-dial-skip,with_roads,window_shopping,532,42.800000,1,1.000000
dijkstra-dial-skip,with_roads,window_shopping,506,104.896000,1,1.000000
dijkstra-dial-skip,with_roads,window_shopping,387,44.245000,1,1.000000
dijkstra-dial-skip,with_roads,window_shopping,51,102.272000,1,1.000000
dijkstra-dial-skip,with_roads,window_shopping,762,106.662000,1,1.000000
dijkstra-dial-skip,with_roads,window_shopping,176,46.952000,1,1.000000
dijkstra-dial-skip,with_roads,window_shopping,566,100.004000,1,1.000000
dijkstra-dial-skip,with_roads,window_shopping,105,108.060000,1,1.000000
dijkstra-dial-skip,with_roads,window_shopping,425,44.782000,1,1.000000
dijkstra-dial-skip,with_roads,window_shopping,537,45.535000,1,1.000000
dijkstra-dial-skip,with_roads,window_shopping,270,46.799000,1,1.000000
dijkstra-dial-skip,with_roads,window_shopping,78,103.407000,1,1.000000
dijkstra-dial-skip,with_roads,window_shopping,53,108.466000,1,1.000000
dijkstra-dial-skip,with_roads,window_shopping,337,103.182000,1,1.000000
dijkstra-dial-skip,with_roads,window_shopping,420,104.353000,1,1.000000
dijkstra-dial-skip,with_roads,window_shopping,123,108.779000,1,1.000000
dijkstra-dial-skip,with_roads,window_shopping,343,43.282000,1,1.000000
dijkstra-dial-skip,with_roads,window_shopping,149,45.541000,1,1.000000
dijkstra-dial-skip,with_roads,window_shopping,569,2.002000,1,1.000000
dijkstra-dial-skip,with_roads,window_shopping,407,42.612000,1,1.000000
dijkstra-dial-skip,with_roads,window_shopping,756,104.834000,1,1.000000
dijkstra-dial-skip,with_roads,window_shopping,543,103.512000,1,1.000000
dijkstra-dial-skip,with_roads,window_shopping,226,43.026000,1,1.000000
dijkstra-dial-skip,with_roads,window_shopping,550,43.759000,1,1.000000
dijkstra-dial-skip,with_roads,window_shopping,525,96.898000,1,1.000000
dijkstra-dial-skip,with_roads,window_shopping,296,111.905000,1,1.000000
dijkstra-dial-skip,with_roads,window_shopping,390,42.572000,1,1.000000
dijkstra-dial-skip,with_roads,window_shopping,80,106.004000,1,1.000000
dijkstra-dial-skip,with_roads,window_shopping,239,48.102000,1,1.000000
dijkstra-dial-skip,with_roads,window_shopping,361,45.869000,1,1.000000
dijkstra-dial-skip,with_roads,window_shopping,227,46.339000,1,1.000000
dijkstra-dial-skip,with_roads,window_shopping,765,106.116000,1,1.000000
dijkstra-dial-skip,with_roads,window_shopping,567,99.629000,1,1.000000
dijkstra-dial-skip,with_roads,window_shopping,393,45.665000,1,1.000000
dijkstra-dial-skip,with_roads,window_shopping,318,44.542000,1,1.000000
dijkstra-dial-skip,with_roads,window_shopping,469,44.410000,1,1.000000
dijkstra-dial-skip,with_roads,window_shopping,64,101.615000,1,1.000000
dijkstra-dial-skip,with_roads,window_shopping,338,100.359000,1,1.000000
dijkstra-dial-skip,with_roads,window_shopping,36,106.616000,1,1.000000
dijkstra-dial-skip,with_roads,window_shopping,459,109.632000,1,1.000000
dijkstra-dial-skip,with_roads,window_shopping,608,101.720000,1,1.000000
dijkstra-dial-skip,with_roads,window_shopping,391,44.149000,1,1.000000
dijkstra-dial-skip,with_roads,window_shopping,74,99.684000,1,1.000000
dijkstra-dial-skip,with_roads,window_shopping,299,45.917000,1,1.000000
dijkstra-dial-skip,with_roads,window_shopping,457,50.299000,1,1.000000
dijkstra-dial-skip,with_roads,window_shopping,300,42.099000,1,1.000000
dijkstra-dial-skip,with_roads,window_shopping,806,106.424000,1,1.000000
dijkstra-dial-skip,with_roads,window_shopping,595,44.652000,1,1.000000
dijkstra-dial-skip,with_roads,window_shopping,761,105.201000,1,1.000000
dijkstra-dial-skip,with_roads,window_shopping,199,44.675000,1,1.000000
dijkstra-dial-skip,with_roads,window_shopping,388,40.651000,1,1.000000
dijkstra-dial-skip,with_roads,window_shopping,194,46.164000,1,1.000000
dijkstra-dial-skip,with_roads,window_shopping,363,44.106000,1,1.000000
dijkstra-dial-skip,with_roads,window_shopping,386,41.714000,1,1.000000
dijkstra-dial-skip,with_roads,window_shopping,670,101.012000,1,1.000000
dijkstra-dial-skip,with_roads,window_shopping,600,43.571000,1,1.000000
dijkstra-dial-skip,with_roads,window_shopping,537,43.981000,1,1.000000
dijkstra-dial-skip,with_roads,window_shopping,318,44.446000,1,1.000000
dijkstra-dial-skip,with_roads,window_shopping,193,47.744000,1,1.000000
dijkstra-dial-skip,with_roads,window_shopping,823,99.803000,1,1.000000
dijkstra-dial-skip,with_roads,window_shopping,797,106.045000,1,1.000000
dijkstra-dial-skip,with_roads,window_shopping,136,46.673000,1,1.000000
dijkstra-dial-skip,with_roads,window_shopping,55,100.881000,1,1.000000
dijkstra-dial-skip,with_roads,window_shopping,159,43.603000,1,1.000000
dijkstra-dial-skip,with_roads,window_shopping,210,103.046000,1,1.000000
dijkstra-dial-skip,with_roads,window_shopping,220,45.161000,1,1.000000
dijkstra-dial-skip,with_roads,window_shopping,656,1.942000,1,1.000000
