replay,turn,ti,scale_milli,builder_cost,cd,rounds_since_spawn,spawned_count,live_units,live_harvesters,income_recent,delivery_rate_16,delivery_rate_100,ti_collected,spawned
Blue_Dragon_vs_Pantheon_g1,0,500,1000,30,0,0,0,1,0,0.0,0.0,0.0,0,True
Blue_Dragon_vs_Pantheon_g1,1,470,1200,36,0,1,1,2,0,0.0,0.0,0.0,0,True
Blue_Dragon_vs_Pantheon_g1,2,433,1405,42,0,1,2,3,0,0.0,0.0,0.0,0,True
Blue_Dragon_vs_Pantheon_g1,3,386,1620,48,0,1,3,4,0,0.0,0.0,0.0,0,True
Blue_Dragon_vs_Pantheon_g1,4,341,1840,55,0,1,4,4,0,0.0,0.0,0.0,0,False
Blue_Dragon_vs_Pantheon_g1,5,333,1865,55,0,2,4,4,0,0.0,0.0,0.0,0,False
Blue_Dragon_vs_Pantheon_g1,6,321,1895,56,0,3,4,4,0,0.0,0.0,0.0,0,False
Blue_Dragon_vs_Pantheon_g1,7,305,1930,57,0,4,4,5,1,0.0,0.0,0.0,0,False
Blue_Dragon_vs_Pantheon_g1,8,266,2000,60,0,5,4,5,1,0.0,0.0,0.0,10,False
Blue_Dragon_vs_Pantheon_g1,9,262,2025,60,0,6,4,7,3,0.0,0.0,0.0,10,False
Blue_Dragon_vs_Pantheon_g1,10,179,2130,63,0,7,4,7,3,0.0,0.0,0.0,10,False
Blue_Dragon_vs_Pantheon_g1,11,163,2150,64,0,8,4,7,3,0.0,0.0,0.0,20,False
Blue_Dragon_vs_Pantheon_g1,12,171,2165,64,0,9,4,7,3,0.0,0.0,0.0,30,False
Blue_Dragon_vs_Pantheon_g1,13,173,2180,65,0,10,4,7,3,0.0,0.0,0.0,40,False
Blue_Dragon_vs_Pantheon_g1,14,175,2195,65,0,11,4,8,4,0.0,0.0,0.0,40,False
Blue_Dragon_vs_Pantheon_g1,15,128,2245,67,0,12,4,8,4,0.0,3.3333333333333335,0.0,50,False
Blue_Dragon_vs_Pantheon_g1,16,140,2250,67,0,13,4,8,4,0.0,4.0,0.0,60,False
Blue_Dragon_vs_Pantheon_g1,17,136,2275,68,0,14,4,8,4,0.0,4.666666666666667,0.0,70,False
Blue_Dragon_vs_Pantheon_g1,18,142,2285,68,0,15,4,8,4,0.0,4.666666666666667,0.0,70,False
Blue_Dragon_vs_Pantheon_g1,19,132,2305,69,0,16,4,9,5,0.0,5.333333333333333,0.0,80,False
Blue_Dragon_vs_Pantheon_g1,20,102,2360,70,0,17,4,9,5,0.0,6.0,0.0,90,False
Blue_Dragon_vs_Pantheon_g1,21,101,2370,71,0,18,4,9,5,0.0,6.666666666666667,0.0,100,False
Blue_Dragon_vs_Pantheon_g1,22,98,2395,71,0,19,4,10,6,0.0,6.666666666666667,0.0,100,False
Blue_Dragon_vs_Pantheon_g1,23,47,2445,73,0,20,4,10,6,0.0,7.333333333333333,0.0,120,False
Blue_Dragon_vs_Pantheon_g1,24,66,2455,73,0,21,4,10,6,0.0,8.0,0.0,130,False
Blue_Dragon_vs_Pantheon_g1,25,74,2460,73,0,22,4,10,6,0.0,8.666666666666666,0.0,140,False
Blue_Dragon_vs_Pantheon_g1,26,80,2470,74,0,23,4,10,6,0.0,8.666666666666666,0.0,150,False
Blue_Dragon_vs_Pantheon_g1,27,81,2485,74,0,24,4,10,6,0.0,8.666666666666666,0.0,160,False
Blue_Dragon_vs_Pantheon_g1,28,90,2505,75,0,25,4,10,6,0.0,8.666666666666666,0.0,170,False
Blue_Dragon_vs_Pantheon_g1,29,91,2520,75,0,26,4,10,6,0.0,8.666666666666666,0.0,170,False
Blue_Dragon_vs_Pantheon_g1,30,80,2530,75,0,27,4,10,6,0.0,8.666666666666666,0.0,180,False
Blue_Dragon_vs_Pantheon_g1,31,90,2530,75,0,28,4,10,6,0.0,9.333333333333334,0.0,200,False
Blue_Dragon_vs_Pantheon_g1,32,120,2530,75,0,29,4,10,6,0.0,9.333333333333334,0.0,210,False
Blue_Dragon_vs_Pantheon_g1,33,130,2530,75,0,30,4,10,6,0.0,10.0,0.0,220,False
Blue_Dragon_vs_Pantheon_g1,34,140,2530,75,0,31,4,10,6,0.0,10.0,0.0,230,False
Blue_Dragon_vs_Pantheon_g1,35,148,2530,75,0,32,4,10,6,0.0,11.333333333333334,0.0,260,False
Blue_Dragon_vs_Pantheon_g1,36,186,2530,75,0,33,4,10,6,0.0,11.333333333333334,0.0,270,False
Blue_Dragon_vs_Pantheon_g1,37,192,2530,75,0,34,4,10,6,0.0,12.0,0.0,280,False
Blue_Dragon_vs_Pantheon_g1,38,202,2530,75,0,35,4,10,6,0.0,10.666666666666666,0.0,280,False
Blue_Dragon_vs_Pantheon_g1,39,202,2530,75,0,36,4,10,6,0.0,12.0,0.0,310,False
Blue_Dragon_vs_Pantheon_g1,40,242,2530,75,0,37,4,10,6,0.0,12.0,0.0,320,False
Blue_Dragon_vs_Pantheon_g1,41,252,2530,75,0,38,4,10,6,0.0,12.666666666666666,0.0,340,False
Blue_Dragon_vs_Pantheon_g1,42,272,2530,75,0,39,4,10,6,0.0,12.666666666666666,0.0,350,False
Blue_Dragon_vs_Pantheon_g1,43,282,2530,75,0,40,4,10,6,0.0,14.0,0.0,380,False
Blue_Dragon_vs_Pantheon_g1,44,322,2530,75,0,41,4,10,6,0.0,14.666666666666666,0.0,390,False
Blue_Dragon_vs_Pantheon_g1,45,330,2530,75,0,42,4,10,6,0.0,14.666666666666666,0.0,400,False
Blue_Dragon_vs_Pantheon_g1,46,340,2530,75,0,43,4,10,6,0.0,13.333333333333334,0.0,400,False
Blue_Dragon_vs_Pantheon_g1,47,340,2530,75,0,44,4,10,6,0.0,14.666666666666666,0.0,430,False
Blue_Dragon_vs_Pantheon_g1,48,376,2530,75,0,45,4,10,6,0.0,14.666666666666666,0.0,440,False
Blue_Dragon_vs_Pantheon_g1,49,386,2530,75,0,46,4,10,6,0.0,14.666666666666666,0.0,450,False
Blue_Dragon_vs_Pantheon_g1,50,396,2530,75,0,47,4,10,6,0.0,13.333333333333334,0.0,460,False
Blue_Dragon_vs_Pantheon_g1,51,404,2530,75,0,48,4,10,6,0.0,14.666666666666666,0.0,490,False
Blue_Dragon_vs_Pantheon_g1,52,444,2530,75,0,49,4,10,6,0.0,14.666666666666666,0.0,500,False
Blue_Dragon_vs_Pantheon_g1,53,454,2530,75,0,50,4,11,6,0.0,16.0,0.0,520,True
Blue_Dragon_vs_Pantheon_g1,54,399,2730,81,0,1,5,11,6,0.0,14.666666666666666,0.0,530,False
Blue_Dragon_vs_Pantheon_g1,55,407,2730,81,0,2,5,11,6,0.0,16.0,0.0,560,False
Blue_Dragon_vs_Pantheon_g1,56,447,2730,81,0,3,5,11,6,0.0,15.333333333333334,0.0,570,False
Blue_Dragon_vs_Pantheon_g1,57,457,2730,81,0,4,5,11,6,0.0,15.333333333333334,0.0,580,False
Blue_Dragon_vs_Pantheon_g1,58,467,2730,81,0,5,5,11,6,0.0,13.333333333333334,0.0,580,False
Blue_Dragon_vs_Pantheon_g1,59,463,2735,82,0,6,5,11,6,0.0,14.666666666666666,0.0,610,False
Blue_Dragon_vs_Pantheon_g1,60,503,2735,82,0,7,5,12,6,0.0,14.666666666666666,0.0,620,True
Blue_Dragon_vs_Pantheon_g1,61,429,2940,88,0,1,6,12,6,0.0,15.333333333333334,0.0,630,False
Blue_Dragon_vs_Pantheon_g1,62,437,2945,88,0,2,6,12,6,0.0,14.0,0.0,640,False
Blue_Dragon_vs_Pantheon_g1,63,447,2945,88,0,3,6,12,6,0.0,15.333333333333334,0.0,670,False
Blue_Dragon_vs_Pantheon_g1,64,487,2945,88,0,4,6,12,6,0.0,15.333333333333334,0.0,680,False
Blue_Dragon_vs_Pantheon_g1,65,495,2950,88,0,5,6,12,6,0.0,16.0,0.0,700,False
Blue_Dragon_vs_Pantheon_g1,66,515,2950,88,0,6,6,13,6,0.0,14.666666666666666,0.0,710,True
Blue_Dragon_vs_Pantheon_g1,67,437,3150,94,0,1,7,13,6,0.0,16.0,0.0,740,False
Blue_Dragon_vs_Pantheon_g1,68,477,3150,94,0,2,7,13,6,0.0,15.333333333333334,0.0,750,False
Blue_Dragon_vs_Pantheon_g1,69,487,3150,94,0,3,7,13,6,0.0,15.333333333333334,0.0,760,False
Blue_Dragon_vs_Pantheon_g1,70,497,3150,94,0,4,7,13,6,0.0,13.333333333333334,0.0,760,False
Blue_Dragon_vs_Pantheon_g1,71,492,3155,94,0,5,7,13,6,0.0,14.666666666666666,0.0,790,False
Blue_Dragon_vs_Pantheon_g1,72,530,3155,94,0,6,7,14,6,0.0,14.666666666666666,0.0,800,True
Blue_Dragon_vs_Pantheon_g1,73,446,3355,100,0,1,8,14,6,0.0,15.333333333333334,0.0,810,False
Blue_Dragon_vs_Pantheon_g1,74,451,3360,100,0,2,8,14,6,0.0,14.0,0.0,820,False
Blue_Dragon_vs_Pantheon_g1,75,456,3365,100,0,3,8,14,6,0.0,15.333333333333334,0.0,850,False
Blue_Dragon_vs_Pantheon_g1,76,494,3365,100,0,4,8,14,6,0.0,15.333333333333334,0.0,860,False
Blue_Dragon_vs_Pantheon_g1,77,504,3365,100,0,5,8,14,6,0.0,16.0,0.0,880,False
Blue_Dragon_vs_Pantheon_g1,78,522,3365,100,0,6,8,14,6,0.0,14.666666666666666,0.0,890,False
Blue_Dragon_vs_Pantheon_g1,79,520,3375,101,0,7,8,14,6,0.0,16.0,0.0,920,False
Blue_Dragon_vs_Pantheon_g1,80,558,3375,101,0,8,8,15,6,0.0,15.333333333333334,0.0,930,True
Blue_Dragon_vs_Pantheon_g1,81,463,3575,107,0,1,9,15,6,0.0,15.333333333333334,0.0,940,False
Blue_Dragon_vs_Pantheon_g1,82,469,3575,107,0,2,9,15,6,0.0,13.333333333333334,0.0,940,False
Blue_Dragon_vs_Pantheon_g1,83,457,3585,107,0,3,9,15,6,0.0,14.666666666666666,0.0,970,False
Blue_Dragon_vs_Pantheon_g1,84,492,3590,107,0,4,9,15,6,0.0,14.666666666666666,0.0,980,False
Blue_Dragon_vs_Pantheon_g1,85,499,3595,107,0,5,9,15,6,0.0,15.333333333333334,0.0,990,False
Blue_Dragon_vs_Pantheon_g1,86,502,3600,108,0,6,9,15,6,0.0,14.0,0.0,1000,False
Blue_Dragon_vs_Pantheon_g1,87,512,3600,108,0,7,9,15,6,0.0,15.333333333333334,0.0,1030,False
Blue_Dragon_vs_Pantheon_g1,88,547,3605,108,0,8,9,15,6,0.0,15.333333333333334,0.0,1040,False
Blue_Dragon_vs_Pantheon_g1,89,557,3605,108,0,9,9,15,6,0.0,16.0,0.0,1060,False
Blue_Dragon_vs_Pantheon_g1,90,577,3605,108,0,10,9,16,6,0.0,14.666666666666666,0.0,1070,True
Blue_Dragon_vs_Pantheon_g1,91,476,3810,114,0,1,10,16,6,0.0,16.0,0.0,1100,False
Blue_Dragon_vs_Pantheon_g1,92,516,3810,114,0,2,10,16,6,0.0,15.333333333333334,0.0,1110,False
Blue_Dragon_vs_Pantheon_g1,93,526,3810,114,0,3,10,16,6,0.0,15.333333333333334,0.0,1120,False
Blue_Dragon_vs_Pantheon_g1,94,536,3810,114,0,4,10,16,6,0.0,13.333333333333334,0.0,1120,False
Blue_Dragon_vs_Pantheon_g1,95,536,3810,114,0,5,10,17,6,0.0,14.666666666666666,0.0,1150,True
Blue_Dragon_vs_Pantheon_g1,96,458,4010,120,0,1,11,17,6,0.0,14.666666666666666,0.0,1160,False
Blue_Dragon_vs_Pantheon_g1,97,468,4010,120,0,2,11,17,6,0.0,15.333333333333334,0.0,1170,False
Blue_Dragon_vs_Pantheon_g1,98,478,4010,120,0,3,11,17,6,0.0,14.0,0.0,1180,False
Blue_Dragon_vs_Pantheon_g1,99,488,4010,120,0,4,11,17,6,-0.12121212121212122,15.333333333333334,12.222222222222221,1210,False
Blue_Dragon_vs_Pantheon_g1,100,526,4010,120,0,5,11,17,6,0.5656565656565656,15.333333333333334,12.323232323232324,1220,False
Blue_Dragon_vs_Pantheon_g1,101,534,4010,120,0,6,11,17,6,1.02020202020202,16.0,12.525252525252526,1240,False
Blue_Dragon_vs_Pantheon_g1,102,552,4010,120,0,7,11,17,6,1.6767676767676767,14.666666666666666,12.626262626262626,1250,False
Blue_Dragon_vs_Pantheon_g1,103,562,4010,120,0,8,11,17,6,2.2323232323232323,16.0,12.929292929292929,1280,False
Blue_Dragon_vs_Pantheon_g1,104,602,4010,120,0,9,11,18,6,2.717171717171717,15.333333333333334,13.030303030303031,1290,True
Blue_Dragon_vs_Pantheon_g1,105,492,4210,126,0,1,12,18,6,1.7272727272727273,15.333333333333334,13.131313131313131,1300,False
Blue_Dragon_vs_Pantheon_g1,106,502,4210,126,0,2,12,18,6,1.9898989898989898,13.333333333333334,13.131313131313131,1300,False
Blue_Dragon_vs_Pantheon_g1,107,498,4210,126,0,3,12,18,6,2.3434343434343434,14.666666666666666,13.333333333333334,1330,False
Blue_Dragon_vs_Pantheon_g1,108,538,4210,126,0,4,12,18,6,2.787878787878788,14.666666666666666,13.434343434343434,1340,False
Blue_Dragon_vs_Pantheon_g1,109,546,4210,126,0,5,12,18,6,3.707070707070707,15.333333333333334,13.535353535353535,1350,False
Blue_Dragon_vs_Pantheon_g1,110,555,4205,126,0,6,12,18,6,3.95959595959596,14.0,13.535353535353535,1360,False
Blue_Dragon_vs_Pantheon_g1,111,556,4215,126,0,7,12,18,6,3.888888888888889,15.333333333333334,13.737373737373737,1390,False
Blue_Dragon_vs_Pantheon_g1,112,592,4215,126,0,8,12,18,6,4.232323232323233,15.333333333333334,13.737373737373737,1400,False
Blue_Dragon_vs_Pantheon_g1,113,598,4220,126,0,9,12,18,6,4.2727272727272725,16.0,13.93939393939394,1420,False
Blue_Dragon_vs_Pantheon_g1,114,618,4215,126,0,10,12,18,6,4.94949494949495,14.666666666666666,13.93939393939394,1430,False
Blue_Dragon_vs_Pantheon_g1,115,622,4220,126,0,11,12,18,6,4.8686868686868685,16.0,14.141414141414142,1460,False
Blue_Dragon_vs_Pantheon_g1,116,660,4220,126,0,12,12,19,6,5.292929292929293,15.333333333333334,14.141414141414142,1470,True
Blue_Dragon_vs_Pantheon_g1,117,542,4420,132,0,1,13,19,6,4.040404040404041,15.333333333333334,14.242424242424242,1480,False
Blue_Dragon_vs_Pantheon_g1,118,552,4420,132,0,2,13,19,6,4.242424242424242,13.333333333333334,14.141414141414142,1480,False
Blue_Dragon_vs_Pantheon_g1,119,551,4420,132,0,3,13,19,6,4.5353535353535355,14.666666666666666,14.343434343434344,1510,False
Blue_Dragon_vs_Pantheon_g1,120,588,4420,132,0,4,13,19,6,4.91919191919192,14.666666666666666,14.343434343434344,1520,False
Blue_Dragon_vs_Pantheon_g1,121,592,4425,132,0,5,13,19,6,4.98989898989899,15.333333333333334,14.444444444444445,1530,False
Blue_Dragon_vs_Pantheon_g1,122,600,4425,132,0,6,13,19,6,5.585858585858586,14.0,14.343434343434344,1540,False
Blue_Dragon_vs_Pantheon_g1,123,608,4425,132,0,7,13,19,6,5.474747474747475,15.333333333333334,14.545454545454545,1570,False
Blue_Dragon_vs_Pantheon_g1,124,648,4425,132,0,8,13,20,6,5.797979797979798,15.333333333333334,14.545454545454545,1580,True
Blue_Dragon_vs_Pantheon_g1,125,517,4635,139,0,1,14,20,6,4.414141414141414,16.0,14.646464646464647,1600,False
Blue_Dragon_vs_Pantheon_g1,126,532,4640,139,0,2,14,20,6,4.555555555555555,14.666666666666666,14.646464646464647,1610,False
Blue_Dragon_vs_Pantheon_g1,127,536,4645,139,0,3,14,20,6,4.505050505050505,16.0,14.848484848484848,1640,False
Blue_Dragon_vs_Pantheon_g1,128,570,4650,139,0,4,14,20,6,4.838383838383838,15.333333333333334,14.94949494949495,1650,False
Blue_Dragon_vs_Pantheon_g1,129,573,4655,139,0,5,14,20,6,4.97979797979798,15.333333333333334,14.94949494949495,1660,False
Blue_Dragon_vs_Pantheon_g1,130,581,4655,139,0,6,14,20,6,4.959595959595959,13.333333333333334,14.747474747474747,1660,False
Blue_Dragon_vs_Pantheon_g1,131,581,4655,139,0,7,14,20,6,4.656565656565657,14.666666666666666,14.94949494949495,1690,False
Blue_Dragon_vs_Pantheon_g1,132,614,4660,139,0,8,14,20,6,4.888888888888889,14.666666666666666,14.94949494949495,1700,False
Blue_Dragon_vs_Pantheon_g1,133,620,4665,139,0,9,14,20,6,4.848484848484849,15.333333333333334,14.94949494949495,1710,False
Blue_Dragon_vs_Pantheon_g1,134,630,4665,139,0,10,14,20,6,4.8686868686868685,14.0,14.747474747474747,1720,False
Blue_Dragon_vs_Pantheon_g1,135,638,4665,139,0,11,14,20,6,4.565656565656566,15.333333333333334,14.94949494949495,1750,False
Blue_Dragon_vs_Pantheon_g1,136,678,4665,139,0,12,14,21,6,4.909090909090909,15.333333333333334,14.94949494949495,1760,True
Blue_Dragon_vs_Pantheon_g1,137,549,4865,145,0,1,15,21,6,3.505050505050505,16.0,15.151515151515152,1780,False
Blue_Dragon_vs_Pantheon_g1,138,569,4865,145,0,2,15,21,6,3.707070707070707,14.666666666666666,14.94949494949495,1790,False
Blue_Dragon_vs_Pantheon_g1,139,579,4865,145,0,3,15,21,6,3.404040404040404,16.0,15.151515151515152,1820,False
Blue_Dragon_vs_Pantheon_g1,140,619,4865,145,0,4,15,21,6,3.707070707070707,15.333333333333334,15.05050505050505,1830,False
Blue_Dragon_vs_Pantheon_g1,141,628,4865,145,0,5,15,21,6,3.595959595959596,15.333333333333334,15.05050505050505,1840,False
Blue_Dragon_vs_Pantheon_g1,142,638,4865,145,0,6,15,21,6,3.595959595959596,13.333333333333334,14.747474747474747,1840,False
Blue_Dragon_vs_Pantheon_g1,143,638,4865,145,0,7,15,21,6,3.191919191919192,14.666666666666666,14.94949494949495,1870,False
Blue_Dragon_vs_Pantheon_g1,144,674,4865,145,0,8,15,21,6,3.474747474747475,14.666666666666666,14.94949494949495,1880,False
Blue_Dragon_vs_Pantheon_g1,145,678,4870,146,0,9,15,21,6,3.414141414141414,15.333333333333334,15.05050505050505,1890,False
Blue_Dragon_vs_Pantheon_g1,146,685,4870,146,0,10,15,21,6,3.484848484848485,14.0,14.848484848484848,1900,False
Blue_Dragon_vs_Pantheon_g1,147,691,4875,146,0,11,15,22,6,3.1818181818181817,15.333333333333334,15.05050505050505,1930,True
Blue_Dragon_vs_Pantheon_g1,148,580,5080,152,0,1,16,22,6,1.9595959595959596,15.333333333333334,15.05050505050505,1940,False
Blue_Dragon_vs_Pantheon_g1,149,583,5085,152,0,2,16,22,6,1.8888888888888888,16.0,15.151515151515152,1960,False
Blue_Dragon_vs_Pantheon_g1,150,603,5085,152,0,3,16,22,6,2.01010101010101,14.666666666666666,14.94949494949495,1970,False
Blue_Dragon_vs_Pantheon_g1,151,603,5090,152,0,4,16,22,6,1.606060606060606,16.0,15.151515151515152,2000,False
Blue_Dragon_vs_Pantheon_g1,152,629,5100,153,0,5,16,22,6,1.7676767676767677,15.333333333333334,15.05050505050505,2010,False
Blue_Dragon_vs_Pantheon_g1,153,629,5100,153,0,6,16,22,6,2.323232323232323,15.333333333333334,15.05050505050505,2020,False
Blue_Dragon_vs_Pantheon_g1,154,634,5105,153,0,7,16,22,6,2.292929292929293,13.333333333333334,14.747474747474747,2020,False
Blue_Dragon_vs_Pantheon_g1,155,632,5105,153,0,8,16,22,6,1.8686868686868687,14.666666666666666,14.94949494949495,2050,False
Blue_Dragon_vs_Pantheon_g1,156,672,5105,153,0,9,16,22,6,2.1717171717171717,14.666666666666666,14.94949494949495,2060,False
Blue_Dragon_vs_Pantheon_g1,157,677,5110,153,0,10,16,22,6,2.121212121212121,15.333333333333334,15.05050505050505,2070,False
Blue_Dragon_vs_Pantheon_g1,158,682,5115,153,0,11,16,23,6,2.212121212121212,14.0,14.848484848484848,2080,False
Blue_Dragon_vs_Pantheon_g1,159,636,5210,156,0,12,16,23,6,1.3434343434343434,15.333333333333334,15.05050505050505,2110,False
Blue_Dragon_vs_Pantheon_g1,160,670,5210,156,0,13,16,23,6,2.4343434343434343,15.333333333333334,15.05050505050505,2120,False
Blue_Dragon_vs_Pantheon_g1,161,674,5215,156,0,14,16,23,6,2.393939393939394,16.0,15.151515151515152,2140,False
Blue_Dragon_vs_Pantheon_g1,162,691,5215,156,0,15,16,23,6,2.4646464646464645,14.666666666666666,14.94949494949495,2150,False
Blue_Dragon_vs_Pantheon_g1,163,700,5215,156,0,16,16,24,6,2.1515151515151514,16.0,15.151515151515152,2180,True
Blue_Dragon_vs_Pantheon_g1,164,583,5415,162,0,1,17,24,6,0.8888888888888888,15.333333333333334,15.05050505050505,2190,False
Blue_Dragon_vs_Pantheon_g1,165,593,5415,162,0,2,17,24,6,0.7878787878787878,15.333333333333334,15.05050505050505,2200,False
Blue_Dragon_vs_Pantheon_g1,166,600,5415,162,0,3,17,24,6,1.6464646464646464,13.333333333333334,14.747474747474747,2200,False
Blue_Dragon_vs_Pantheon_g1,167,593,5420,162,0,4,17,24,6,1.1717171717171717,14.666666666666666,14.94949494949495,2230,False
Blue_Dragon_vs_Pantheon_g1,168,627,5425,162,0,5,17,24,6,1.4141414141414141,14.666666666666666,14.94949494949495,2240,False
Blue_Dragon_vs_Pantheon_g1,169,629,5430,162,0,6,17,24,6,1.3333333333333333,15.333333333333334,15.05050505050505,2250,False
Blue_Dragon_vs_Pantheon_g1,170,633,5435,163,0,7,17,24,6,1.4242424242424243,14.0,14.848484848484848,2260,False
Blue_Dragon_vs_Pantheon_g1,171,634,5440,163,0,8,17,24,6,1.0505050505050506,15.333333333333334,15.05050505050505,2290,False
Blue_Dragon_vs_Pantheon_g1,172,670,5440,163,0,9,17,24,6,2.2626262626262625,15.333333333333334,15.05050505050505,2300,False
Blue_Dragon_vs_Pantheon_g1,173,677,5440,163,0,10,17,24,6,2.282828282828283,16.0,15.151515151515152,2320,False
Blue_Dragon_vs_Pantheon_g1,174,692,5445,163,0,11,17,24,6,2.3838383838383836,14.0,14.848484848484848,2320,False
Blue_Dragon_vs_Pantheon_g1,175,688,5445,163,0,12,17,24,6,1.9595959595959596,15.333333333333334,15.05050505050505,2350,False
Blue_Dragon_vs_Pantheon_g1,176,716,5455,163,0,13,17,24,6,2.1414141414141414,14.666666666666666,14.94949494949495,2360,False
Blue_Dragon_vs_Pantheon_g1,177,711,5465,163,0,14,17,24,6,1.9090909090909092,14.666666666666666,14.94949494949495,2370,False
Blue_Dragon_vs_Pantheon_g1,178,719,5465,163,0,15,17,24,6,2.01010101010101,12.666666666666666,14.646464646464647,2370,False
Blue_Dragon_vs_Pantheon_g1,179,710,5470,164,0,16,17,24,6,1.5353535353535352,14.0,14.848484848484848,2400,False
Blue_Dragon_vs_Pantheon_g1,180,746,5470,164,0,17,17,25,6,2.8585858585858586,14.0,14.848484848484848,2410,False
Blue_Dragon_vs_Pantheon_g1,181,698,5560,166,0,18,17,26,6,2.313131313131313,14.666666666666666,14.94949494949495,2420,True
Blue_Dragon_vs_Pantheon_g1,182,538,5760,172,0,1,18,26,6,0.8181818181818182,13.333333333333334,14.747474747474747,2430,False
Blue_Dragon_vs_Pantheon_g1,183,547,5755,172,0,2,18,26,6,0.5555555555555556,14.666666666666666,14.94949494949495,2460,False
Blue_Dragon_vs_Pantheon_g1,184,580,5760,172,0,3,18,26,6,0.8181818181818182,14.666666666666666,14.94949494949495,2470,False
Blue_Dragon_vs_Pantheon_g1,185,587,5760,172,0,4,18,27,6,0.8585858585858586,15.333333333333334,15.05050505050505,2490,True
Blue_Dragon_vs_Pantheon_g1,186,430,5965,178,0,1,19,27,6,-0.8282828282828283,13.333333333333334,14.747474747474747,2490,False
Blue_Dragon_vs_Pantheon_g1,187,427,5965,178,0,2,19,27,6,-1.2121212121212122,14.0,14.848484848484848,2510,False
Blue_Dragon_vs_Pantheon_g1,188,452,5965,178,0,3,19,27,6,-1.0606060606060606,13.333333333333334,14.747474747474747,2520,False
Blue_Dragon_vs_Pantheon_g1,189,451,5975,179,0,4,19,27,6,-1.2727272727272727,13.333333333333334,14.646464646464647,2520,False
Blue_Dragon_vs_Pantheon_g1,190,450,5975,179,0,5,19,27,6,-0.26262626262626265,11.333333333333334,14.343434343434344,2520,False
Blue_Dragon_vs_Pantheon_g1,191,439,5980,179,0,6,19,28,6,-0.7777777777777778,12.666666666666666,14.545454545454545,2550,True
Blue_Dragon_vs_Pantheon_g1,192,296,6180,185,0,1,20,28,6,-2.323232323232323,12.666666666666666,14.545454545454545,2560,False
Blue_Dragon_vs_Pantheon_g1,193,305,6180,185,0,2,20,28,6,-2.3333333333333335,13.333333333333334,14.646464646464647,2570,False
Blue_Dragon_vs_Pantheon_g1,194,313,6180,185,0,3,20,28,6,-2.2525252525252526,11.333333333333334,14.343434343434344,2570,False
Blue_Dragon_vs_Pantheon_g1,195,307,6175,185,0,4,20,28,6,-1.5252525252525253,12.0,14.444444444444445,2590,False
Blue_Dragon_vs_Pantheon_g1,196,333,6175,185,0,5,20,29,6,-1.3636363636363635,12.0,14.444444444444445,2600,True
Blue_Dragon_vs_Pantheon_g1,197,148,6380,191,0,1,21,29,6,-3.3333333333333335,12.0,14.444444444444445,2610,False
Blue_Dragon_vs_Pantheon_g1,198,149,6385,191,0,2,21,29,6,-3.4242424242424243,10.0,14.141414141414142,2610,False
Blue_Dragon_vs_Pantheon_g1,199,142,6390,191,0,3,21,29,6,-3.878787878787879,10.666666666666666,14.242424242424242,2630,False
Blue_Dragon_vs_Pantheon_g1,200,164,6395,191,0,4,21,29,6,-3.7373737373737375,10.0,14.141414141414142,2640,False
Blue_Dragon_vs_Pantheon_g1,201,172,6395,191,0,5,21,29,6,-3.8383838383838382,10.0,14.04040404040404,2640,False
Blue_Dragon_vs_Pantheon_g1,202,169,6395,191,0,6,21,29,6,-3.9696969696969697,8.666666666666666,13.737373737373737,2640,False
Blue_Dragon_vs_Pantheon_g1,203,161,6400,192,0,7,21,29,6,-4.454545454545454,10.0,13.93939393939394,2670,False
Blue_Dragon_vs_Pantheon_g1,204,199,6400,192,0,8,21,30,6,-2.95959595959596,10.666666666666666,13.93939393939394,2680,True
Blue_Dragon_vs_Pantheon_g1,205,16,6600,198,0,1,22,30,6,-4.909090909090909,11.333333333333334,14.04040404040404,2690,False
Blue_Dragon_vs_Pantheon_g1,206,11,6610,198,0,2,22,30,6,-4.91919191919192,9.333333333333334,13.737373737373737,2690,False
Blue_Dragon_vs_Pantheon_g1,207,4,6615,198,0,3,22,30,6,-5.393939393939394,10.0,13.83838383838384,2710,False
Blue_Dragon_vs_Pantheon_g1,208,32,6615,198,0,4,22,30,6,-5.191919191919192,10.0,13.83838383838384,2720,False
Blue_Dragon_vs_Pantheon_g1,209,29,6625,198,0,5,22,30,6,-5.313131313131313,10.666666666666666,13.83838383838384,2730,False
Blue_Dragon_vs_Pantheon_g1,210,37,6625,198,0,6,22,30,6,-5.242424242424242,9.333333333333334,13.535353535353535,2730,False
Blue_Dragon_vs_Pantheon_g1,211,31,6630,198,0,7,22,30,6,-5.666666666666667,10.0,13.636363636363637,2750,False
Blue_Dragon_vs_Pantheon_g1,212,59,6630,198,0,8,22,30,6,-5.444444444444445,10.0,13.535353535353535,2760,False
Blue_Dragon_vs_Pantheon_g1,213,63,6635,199,0,9,22,30,6,-5.606060606060606,10.0,13.434343434343434,2760,False
Blue_Dragon_vs_Pantheon_g1,214,61,6635,199,0,10,22,30,6,-5.666666666666667,8.666666666666666,13.131313131313131,2760,False
Blue_Dragon_vs_Pantheon_g1,215,60,6635,199,0,11,22,30,6,-6.0606060606060606,10.0,13.333333333333334,2790,False
Blue_Dragon_vs_Pantheon_g1,216,93,6640,199,0,12,22,30,6,-4.5353535353535355,10.666666666666666,13.333333333333334,2800,False
Blue_Dragon_vs_Pantheon_g1,217,96,6645,199,0,13,22,30,6,-4.606060606060606,11.333333333333334,13.434343434343434,2810,False
Blue_Dragon_vs_Pantheon_g1,218,103,6645,199,0,14,22,30,6,-4.525252525252525,9.333333333333334,13.131313131313131,2810,False
Blue_Dragon_vs_Pantheon_g1,219,101,6645,199,0,15,22,30,6,-4.91919191919192,10.0,13.232323232323232,2830,False
Blue_Dragon_vs_Pantheon_g1,220,129,6645,199,0,16,22,30,6,-4.6767676767676765,10.0,13.232323232323232,2840,False
Blue_Dragon_vs_Pantheon_g1,221,138,6645,199,0,17,22,30,6,-4.666666666666667,10.666666666666666,13.232323232323232,2850,False
Blue_Dragon_vs_Pantheon_g1,222,147,6645,199,0,18,22,30,6,-4.656565656565657,9.333333333333334,12.929292929292929,2850,False
Blue_Dragon_vs_Pantheon_g1,223,145,6645,199,0,19,22,30,6,-5.08080808080808,10.0,13.030303030303031,2870,False
Blue_Dragon_vs_Pantheon_g1,224,175,6645,199,0,20,22,30,6,-3.4545454545454546,10.0,12.929292929292929,2880,False
Blue_Dragon_vs_Pantheon_g1,225,181,6645,199,0,21,22,30,6,-3.5454545454545454,10.0,12.828282828282829,2880,False
Blue_Dragon_vs_Pantheon_g1,226,174,6650,199,0,22,22,30,6,-3.6565656565656566,8.666666666666666,12.525252525252526,2880,False
Blue_Dragon_vs_Pantheon_g1,227,173,6650,199,0,23,22,30,6,-4.01010101010101,10.0,12.727272727272727,2910,False
Blue_Dragon_vs_Pantheon_g1,228,213,6650,199,0,24,22,30,6,-3.6363636363636362,10.666666666666666,12.727272727272727,2920,False
Blue_Dragon_vs_Pantheon_g1,229,222,6650,199,0,25,22,31,6,-3.6262626262626263,11.333333333333334,12.828282828282829,2930,True
Blue_Dragon_vs_Pantheon_g1,230,31,6850,205,0,1,23,31,6,-5.555555555555555,9.333333333333334,12.525252525252526,2930,False
Blue_Dragon_vs_Pantheon_g1,231,30,6850,205,0,2,23,31,6,-5.898989898989899,10.0,12.626262626262626,2950,False
Blue_Dragon_vs_Pantheon_g1,232,58,6850,205,0,3,23,31,6,-5.6767676767676765,10.0,12.626262626262626,2960,False
Blue_Dragon_vs_Pantheon_g1,233,67,6850,205,0,4,23,31,6,-5.686868686868687,10.666666666666666,12.626262626262626,2970,False
Blue_Dragon_vs_Pantheon_g1,234,75,6850,205,0,5,23,31,6,-5.686868686868687,9.333333333333334,12.323232323232324,2970,False
Blue_Dragon_vs_Pantheon_g1,235,65,6855,205,0,6,23,31,6,-6.191919191919192,10.0,12.424242424242424,2990,False
Blue_Dragon_vs_Pantheon_g1,236,94,6855,205,0,7,23,31,6,-4.595959595959596,10.0,12.323232323232324,3000,False
Blue_Dragon_vs_Pantheon_g1,237,100,6855,205,0,8,23,31,6,-4.737373737373737,10.0,12.222222222222221,3000,False
Blue_Dragon_vs_Pantheon_g1,238,96,6855,205,0,9,23,32,6,-4.878787878787879,8.666666666666666,11.919191919191919,3000,False
Blue_Dragon_vs_Pantheon_g1,239,81,6955,208,0,10,23,32,6,-5.434343434343434,10.0,12.121212121212121,3030,False
Blue_Dragon_vs_Pantheon_g1,240,118,6950,208,0,11,23,32,6,-5.151515151515151,10.666666666666666,12.121212121212121,3040,False
Blue_Dragon_vs_Pantheon_g1,241,126,6950,208,0,12,23,32,6,-5.171717171717172,11.333333333333334,12.222222222222221,3050,False
Blue_Dragon_vs_Pantheon_g1,242,134,6950,208,0,13,23,32,6,-5.090909090909091,9.333333333333334,11.919191919191919,3050,False
Blue_Dragon_vs_Pantheon_g1,243,132,6950,208,0,14,23,32,6,-5.474747474747475,10.0,12.02020202020202,3070,False
Blue_Dragon_vs_Pantheon_g1,244,161,6950,208,0,15,23,32,6,-5.222222222222222,10.0,12.02020202020202,3080,False
Blue_Dragon_vs_Pantheon_g1,245,168,6950,208,0,16,23,32,6,-5.222222222222222,10.666666666666666,12.02020202020202,3090,False
Blue_Dragon_vs_Pantheon_g1,246,176,6950,208,0,17,23,33,6,-5.202020202020202,9.333333333333334,11.717171717171718,3090,False
Blue_Dragon_vs_Pantheon_g1,247,107,7040,211,0,18,23,33,6,-4.777777777777778,10.0,11.818181818181818,3110,False
Blue_Dragon_vs_Pantheon_g1,248,135,7035,211,0,19,23,33,6,-4.525252525252525,10.0,11.717171717171718,3120,False
Blue_Dragon_vs_Pantheon_g1,249,142,7035,211,0,20,23,33,6,-4.656565656565657,10.0,11.616161616161616,3120,False
Blue_Dragon_vs_Pantheon_g1,250,139,7035,211,0,21,23,33,6,-4.686868686868687,8.666666666666666,11.313131313131313,3120,False
Blue_Dragon_vs_Pantheon_g1,251,132,7040,211,0,22,23,33,6,-5.02020202020202,9.333333333333334,11.414141414141413,3140,False
Blue_Dragon_vs_Pantheon_g1,252,162,7040,211,0,23,23,33,6,-4.717171717171717,10.0,11.414141414141413,3150,False
Blue_Dragon_vs_Pantheon_g1,253,169,7040,211,0,24,23,33,6,-4.696969696969697,10.666666666666666,11.515151515151516,3160,False
Blue_Dragon_vs_Pantheon_g1,254,172,7045,211,0,25,23,33,6,-4.646464646464646,8.666666666666666,11.212121212121213,3160,False
Blue_Dragon_vs_Pantheon_g1,255,171,7045,211,0,26,23,33,6,-5.0606060606060606,9.333333333333334,11.313131313131313,3180,False
Blue_Dragon_vs_Pantheon_g1,256,199,7045,211,0,27,23,33,6,-4.828282828282828,9.333333333333334,11.313131313131313,3190,False
Blue_Dragon_vs_Pantheon_g1,257,202,7050,211,0,28,23,33,6,-4.848484848484849,10.0,11.313131313131313,3200,False
Blue_Dragon_vs_Pantheon_g1,258,212,7050,211,0,29,23,33,6,-4.282828282828283,8.666666666666666,11.01010101010101,3200,False
Blue_Dragon_vs_Pantheon_g1,259,205,7055,211,0,30,23,33,6,-4.696969696969697,9.333333333333334,11.11111111111111,3220,False
Blue_Dragon_vs_Pantheon_g1,260,235,7055,211,0,31,23,33,6,-4.434343434343434,9.333333333333334,11.01010101010101,3230,False
Blue_Dragon_vs_Pantheon_g1,261,244,7055,211,0,32,23,33,6,-4.515151515151516,9.333333333333334,10.909090909090908,3230,False
Blue_Dragon_vs_Pantheon_g1,262,244,7055,211,0,33,23,33,6,-4.606060606060606,8.0,10.606060606060606,3230,False
Blue_Dragon_vs_Pantheon_g1,263,237,7055,211,0,34,23,33,6,-3.494949494949495,8.666666666666666,10.707070707070708,3250,False
Blue_Dragon_vs_Pantheon_g1,264,266,7055,211,0,35,23,33,6,-3.303030303030303,9.333333333333334,10.707070707070708,3260,False
Blue_Dragon_vs_Pantheon_g1,265,269,7060,211,0,36,23,33,6,-3.3434343434343434,10.0,10.808080808080808,3270,False
Blue_Dragon_vs_Pantheon_g1,266,276,7060,211,0,37,23,33,6,-3.202020202020202,8.666666666666666,10.505050505050505,3270,False
Blue_Dragon_vs_Pantheon_g1,267,275,7060,211,0,38,23,33,6,-3.5555555555555554,9.333333333333334,10.606060606060606,3290,False
Blue_Dragon_vs_Pantheon_g1,268,304,7060,211,0,39,23,33,6,-3.282828282828283,9.333333333333334,10.606060606060606,3300,False
Blue_Dragon_vs_Pantheon_g1,269,311,7060,211,0,40,23,33,6,-3.2525252525252526,10.0,10.606060606060606,3310,False
Blue_Dragon_vs_Pantheon_g1,270,315,7060,211,0,41,23,33,6,-3.2222222222222223,8.666666666666666,10.303030303030303,3310,False
Blue_Dragon_vs_Pantheon_g1,271,310,7060,211,0,42,23,33,6,-3.6363636363636362,9.333333333333334,10.404040404040405,3330,False
Blue_Dragon_vs_Pantheon_g1,272,336,7060,211,0,43,23,34,6,-3.4444444444444446,9.333333333333334,10.303030303030303,3340,True
Blue_Dragon_vs_Pantheon_g1,273,135,7260,217,0,1,24,34,6,-5.626262626262626,9.333333333333334,10.303030303030303,3340,False
Blue_Dragon_vs_Pantheon_g1,274,131,7260,217,0,2,24,34,6,-5.626262626262626,8.0,10.0,3340,False
Blue_Dragon_vs_Pantheon_g1,275,122,7265,217,0,3,24,34,6,-6.0,8.666666666666666,10.1010101010101,3360,False
Blue_Dragon_vs_Pantheon_g1,276,150,7265,217,0,4,24,34,6,-5.666666666666667,9.333333333333334,10.1010101010101,3370,False
Blue_Dragon_vs_Pantheon_g1,277,158,7265,217,0,5,24,34,6,-5.666666666666667,10.0,10.202020202020202,3380,False
Blue_Dragon_vs_Pantheon_g1,278,158,7270,218,0,6,24,34,6,-5.575757575757576,8.666666666666666,9.8989898989899,3380,False
Blue_Dragon_vs_Pantheon_g1,279,154,7270,218,0,7,24,34,6,-5.97979797979798,9.333333333333334,10.0,3400,False
Blue_Dragon_vs_Pantheon_g1,280,183,7270,218,0,8,24,34,6,-5.202020202020202,9.333333333333334,10.0,3410,False
Blue_Dragon_vs_Pantheon_g1,281,185,7275,218,0,9,24,34,6,-3.5656565656565657,10.0,10.0,3420,False
Blue_Dragon_vs_Pantheon_g1,282,194,7275,218,0,10,24,34,6,-3.5656565656565657,8.666666666666666,9.696969696969697,3420,False
Blue_Dragon_vs_Pantheon_g1,283,185,7280,218,0,11,24,34,6,-3.98989898989899,9.333333333333334,9.797979797979798,3440,False
Blue_Dragon_vs_Pantheon_g1,284,212,7280,218,0,12,24,34,6,-3.787878787878788,9.333333333333334,9.696969696969697,3450,False
Blue_Dragon_vs_Pantheon_g1,285,219,7280,218,0,13,24,34,6,-2.1313131313131315,9.333333333333334,9.696969696969697,3450,False
Blue_Dragon_vs_Pantheon_g1,286,216,7280,218,0,14,24,34,6,-2.1313131313131315,8.0,9.494949494949495,3450,False
Blue_Dragon_vs_Pantheon_g1,287,206,7285,218,0,15,24,34,6,-2.484848484848485,8.666666666666666,9.595959595959595,3470,False
Blue_Dragon_vs_Pantheon_g1,288,235,7285,218,0,16,24,34,6,-2.1818181818181817,9.333333333333334,9.696969696969697,3480,False
Blue_Dragon_vs_Pantheon_g1,289,227,7295,218,0,17,24,34,6,-2.2525252525252526,10.0,9.797979797979798,3490,False
Blue_Dragon_vs_Pantheon_g1,290,232,7295,218,0,18,24,34,6,-2.090909090909091,8.666666666666666,9.494949494949495,3490,False
Blue_Dragon_vs_Pantheon_g1,291,230,7295,218,0,19,24,34,6,-0.6666666666666666,9.333333333333334,9.595959595959595,3510,False
Blue_Dragon_vs_Pantheon_g1,292,255,7295,218,0,20,24,34,6,-0.5050505050505051,9.333333333333334,9.595959595959595,3520,False
Blue_Dragon_vs_Pantheon_g1,293,262,7295,218,0,21,24,34,6,-0.5151515151515151,10.0,9.696969696969697,3530,False
Blue_Dragon_vs_Pantheon_g1,294,269,7295,218,0,22,24,34,6,-0.3838383838383838,8.666666666666666,9.494949494949495,3530,False
Blue_Dragon_vs_Pantheon_g1,295,266,7295,218,0,23,24,34,6,-0.6767676767676768,9.333333333333334,9.595959595959595,3550,False
Blue_Dragon_vs_Pantheon_g1,296,295,7295,218,0,24,24,34,6,1.4848484848484849,9.333333333333334,9.595959595959595,3560,False
Blue_Dragon_vs_Pantheon_g1,297,295,7300,219,0,25,24,34,6,1.4747474747474747,9.333333333333334,9.595959595959595,3560,False
Blue_Dragon_vs_Pantheon_g1,298,286,7305,219,0,26,24,34,6,1.4545454545454546,8.0,9.393939393939394,3560,False
Blue_Dragon_vs_Pantheon_g1,299,278,7310,219,0,27,24,34,6,1.1515151515151516,8.666666666666666,9.494949494949495,3580,False
Blue_Dragon_vs_Pantheon_g1,300,306,7310,219,0,28,24,34,6,1.3535353535353536,9.333333333333334,9.595959595959595,3590,False
Blue_Dragon_vs_Pantheon_g1,301,312,7310,219,0,29,24,34,6,1.4444444444444444,10.0,9.696969696969697,3600,False
Blue_Dragon_vs_Pantheon_g1,302,318,7310,219,0,30,24,34,6,1.5858585858585859,8.666666666666666,9.393939393939394,3600,False
Blue_Dragon_vs_Pantheon_g1,303,314,7310,219,0,31,24,34,6,1.1616161616161615,9.333333333333334,9.494949494949495,3620,False
Blue_Dragon_vs_Pantheon_g1,304,341,7310,219,0,32,24,34,6,3.282828282828283,9.333333333333334,9.494949494949495,3630,False
Blue_Dragon_vs_Pantheon_g1,305,348,7310,219,0,33,24,34,6,3.404040404040404,10.0,9.595959595959595,3640,False
Blue_Dragon_vs_Pantheon_g1,306,357,7310,219,0,34,24,34,6,3.5656565656565657,8.666666666666666,9.393939393939394,3640,False
Blue_Dragon_vs_Pantheon_g1,307,356,7310,219,0,35,24,34,6,3.272727272727273,9.333333333333334,9.494949494949495,3660,False
Blue_Dragon_vs_Pantheon_g1,308,380,7310,219,0,36,24,34,6,3.5454545454545454,9.333333333333334,9.494949494949495,3670,False
Blue_Dragon_vs_Pantheon_g1,309,387,7310,219,0,37,24,34,6,3.5353535353535355,10.0,9.595959595959595,3680,False
Blue_Dragon_vs_Pantheon_g1,310,394,7310,219,0,38,24,34,6,3.6666666666666665,8.666666666666666,9.393939393939394,3680,False
Blue_Dragon_vs_Pantheon_g1,311,385,7315,219,0,39,24,34,6,3.292929292929293,9.333333333333334,9.494949494949495,3700,False
Blue_Dragon_vs_Pantheon_g1,312,411,7315,219,0,40,24,34,6,3.515151515151515,10.0,9.595959595959595,3710,False
Blue_Dragon_vs_Pantheon_g1,313,419,7315,219,0,41,24,34,6,3.6161616161616164,10.666666666666666,9.696969696969697,3720,False
Blue_Dragon_vs_Pantheon_g1,314,426,7315,219,0,42,24,34,6,3.696969696969697,9.333333333333334,9.393939393939394,3720,False
Blue_Dragon_vs_Pantheon_g1,315,420,7315,219,0,43,24,34,6,3.303030303030303,10.0,9.494949494949495,3740,False
Blue_Dragon_vs_Pantheon_g1,316,447,7315,219,0,44,24,34,6,3.5454545454545454,10.0,9.494949494949495,3750,False
Blue_Dragon_vs_Pantheon_g1,317,454,7315,219,0,45,24,34,6,3.5454545454545454,10.666666666666666,9.595959595959595,3760,False
Blue_Dragon_vs_Pantheon_g1,318,462,7315,219,0,46,24,34,6,3.6464646464646466,9.333333333333334,9.393939393939394,3760,False
Blue_Dragon_vs_Pantheon_g1,319,460,7315,219,0,47,24,34,6,3.3434343434343434,10.0,9.494949494949495,3780,False
Blue_Dragon_vs_Pantheon_g1,320,487,7315,219,0,48,24,34,6,3.525252525252525,10.0,9.494949494949495,3790,False
Blue_Dragon_vs_Pantheon_g1,321,491,7315,219,0,49,24,34,6,3.474747474747475,10.666666666666666,9.595959595959595,3800,False
Blue_Dragon_vs_Pantheon_g1,322,494,7315,219,0,50,24,34,6,3.525252525252525,9.333333333333334,9.393939393939394,3800,False
Blue_Dragon_vs_Pantheon_g1,323,491,7315,219,0,51,24,34,6,3.191919191919192,10.0,9.494949494949495,3820,False
Blue_Dragon_vs_Pantheon_g1,324,517,7315,219,0,52,24,34,6,3.393939393939394,10.0,9.595959595959595,3830,False
Blue_Dragon_vs_Pantheon_g1,325,516,7320,219,0,53,24,34,6,3.4545454545454546,10.0,9.595959595959595,3830,False
Blue_Dragon_vs_Pantheon_g1,326,511,7320,219,0,54,24,35,6,3.414141414141414,8.666666666666666,9.292929292929292,3830,True
Blue_Dragon_vs_Pantheon_g1,327,294,7520,225,0,1,25,35,6,0.8181818181818182,9.333333333333334,9.393939393939394,3850,False
Blue_Dragon_vs_Pantheon_g1,328,322,7520,225,0,2,25,35,6,1.0101010101010102,9.333333333333334,9.393939393939394,3860,False
Blue_Dragon_vs_Pantheon_g1,329,328,7520,225,0,3,25,35,6,3.0,10.0,9.494949494949495,3870,False
Blue_Dragon_vs_Pantheon_g1,330,325,7525,225,0,4,25,35,6,2.9797979797979797,8.666666666666666,9.292929292929292,3870,False
Blue_Dragon_vs_Pantheon_g1,331,317,7530,225,0,5,25,35,6,2.6161616161616164,9.333333333333334,9.393939393939394,3890,False
Blue_Dragon_vs_Pantheon_g1,332,344,7530,225,0,6,25,36,6,2.797979797979798,9.333333333333334,9.393939393939394,3900,True
Blue_Dragon_vs_Pantheon_g1,333,128,7730,231,0,1,26,36,6,0.5353535353535354,10.0,9.494949494949495,3910,False
Blue_Dragon_vs_Pantheon_g1,334,133,7730,231,0,2,26,36,6,0.6868686868686869,8.666666666666666,9.292929292929292,3910,False
Blue_Dragon_vs_Pantheon_g1,335,124,7735,232,0,3,26,36,6,0.30303030303030304,9.333333333333334,9.393939393939394,3930,False
Blue_Dragon_vs_Pantheon_g1,336,152,7735,232,0,4,26,36,6,0.5252525252525253,9.333333333333334,9.494949494949495,3940,False
Blue_Dragon_vs_Pantheon_g1,337,159,7735,232,0,5,26,36,6,0.6363636363636364,9.333333333333334,9.494949494949495,3940,False
Blue_Dragon_vs_Pantheon_g1,338,155,7735,232,0,6,26,36,6,0.7474747474747475,8.0,9.191919191919192,3940,False
Blue_Dragon_vs_Pantheon_g1,339,153,7735,232,0,7,26,36,6,0.35353535353535354,8.666666666666666,9.292929292929292,3960,False
Blue_Dragon_vs_Pantheon_g1,340,170,7740,232,0,8,26,36,6,0.4444444444444444,9.333333333333334,9.292929292929292,3970,False
Blue_Dragon_vs_Pantheon_g1,341,177,7740,232,0,9,26,36,6,0.43434343434343436,10.0,9.393939393939394,3980,False
Blue_Dragon_vs_Pantheon_g1,342,184,7740,232,0,10,26,36,6,0.5252525252525253,8.666666666666666,9.191919191919192,3980,False
Blue_Dragon_vs_Pantheon_g1,343,176,7745,232,0,11,26,36,6,0.15151515151515152,9.333333333333334,9.292929292929292,4000,False
Blue_Dragon_vs_Pantheon_g1,344,201,7745,232,0,12,26,36,6,0.3333333333333333,9.333333333333334,9.292929292929292,4010,False
Blue_Dragon_vs_Pantheon_g1,345,200,7750,232,0,13,26,36,6,0.24242424242424243,10.0,9.393939393939394,4020,False
Blue_Dragon_vs_Pantheon_g1,346,201,7755,232,0,14,26,36,6,0.9494949494949495,8.666666666666666,9.191919191919192,4020,False
Blue_Dragon_vs_Pantheon_g1,347,198,7755,232,0,15,26,36,6,0.6363636363636364,9.333333333333334,9.292929292929292,4040,False
Blue_Dragon_vs_Pantheon_g1,348,226,7755,232,0,16,26,36,6,0.8484848484848485,9.333333333333334,9.393939393939394,4050,False
Blue_Dragon_vs_Pantheon_g1,349,234,7755,232,0,17,26,36,6,0.9595959595959596,10.0,9.494949494949495,4060,False
Blue_Dragon_vs_Pantheon_g1,350,237,7755,232,0,18,26,36,6,1.0606060606060606,8.666666666666666,9.292929292929292,4060,False
Blue_Dragon_vs_Pantheon_g1,351,234,7755,232,0,19,26,36,6,0.7272727272727273,9.333333333333334,9.393939393939394,4080,False
Blue_Dragon_vs_Pantheon_g1,352,259,7755,232,0,20,26,36,6,0.9090909090909091,10.0,9.393939393939394,4090,False
Blue_Dragon_vs_Pantheon_g1,353,265,7755,232,0,21,26,36,6,0.9393939393939394,10.666666666666666,9.494949494949495,4100,False
Blue_Dragon_vs_Pantheon_g1,354,270,7755,232,0,22,26,36,6,1.0,9.333333333333334,9.292929292929292,4100,False
Blue_Dragon_vs_Pantheon_g1,355,265,7755,232,0,23,26,36,6,0.6666666666666666,10.0,9.393939393939394,4120,False
Blue_Dragon_vs_Pantheon_g1,356,291,7755,232,0,24,26,36,6,0.898989898989899,10.0,9.393939393939394,4130,False
Blue_Dragon_vs_Pantheon_g1,357,290,7760,232,0,25,26,36,6,0.7878787878787878,10.0,9.393939393939394,4130,False
Blue_Dragon_vs_Pantheon_g1,358,278,7765,232,0,26,26,36,6,0.7373737373737373,8.666666666666666,9.191919191919192,4130,False
Blue_Dragon_vs_Pantheon_g1,359,276,7765,232,0,27,26,36,6,0.41414141414141414,9.333333333333334,9.292929292929292,4150,False
Blue_Dragon_vs_Pantheon_g1,360,292,7770,233,0,28,26,36,6,0.48484848484848486,9.333333333333334,9.393939393939394,4160,False
Blue_Dragon_vs_Pantheon_g1,361,299,7770,233,0,29,26,36,6,0.5555555555555556,10.0,9.494949494949495,4170,False
Blue_Dragon_vs_Pantheon_g1,362,297,7775,233,0,30,26,36,6,0.6060606060606061,8.666666666666666,9.292929292929292,4170,False
Blue_Dragon_vs_Pantheon_g1,363,291,7775,233,0,31,26,36,6,0.25252525252525254,9.333333333333334,9.393939393939394,4190,False
Blue_Dragon_vs_Pantheon_g1,364,317,7775,233,0,32,26,36,6,0.48484848484848486,9.333333333333334,9.393939393939394,4200,False
Blue_Dragon_vs_Pantheon_g1,365,321,7775,233,0,33,26,36,6,0.45454545454545453,10.0,9.494949494949495,4210,False
Blue_Dragon_vs_Pantheon_g1,366,326,7775,233,0,34,26,36,6,0.5151515151515151,8.666666666666666,9.292929292929292,4210,False
Blue_Dragon_vs_Pantheon_g1,367,324,7775,233,0,35,26,36,6,0.20202020202020202,9.333333333333334,9.393939393939394,4230,False
Blue_Dragon_vs_Pantheon_g1,368,348,7775,233,0,36,26,36,6,0.37373737373737376,9.333333333333334,9.393939393939394,4240,False
Blue_Dragon_vs_Pantheon_g1,369,354,7775,233,0,37,26,36,6,0.3939393939393939,10.0,9.494949494949495,4250,False
Blue_Dragon_vs_Pantheon_g1,370,361,7775,233,0,38,26,36,6,0.5151515151515151,8.666666666666666,9.292929292929292,4250,False
Blue_Dragon_vs_Pantheon_g1,371,358,7775,233,0,39,26,36,6,0.2222222222222222,9.333333333333334,9.393939393939394,4270,False
Blue_Dragon_vs_Pantheon_g1,372,382,7775,233,0,40,26,36,6,2.494949494949495,10.0,9.494949494949495,4280,False
Blue_Dragon_vs_Pantheon_g1,373,389,7775,233,0,41,26,36,6,2.606060606060606,10.666666666666666,9.595959595959595,4290,False
Blue_Dragon_vs_Pantheon_g1,374,397,7775,233,0,42,26,36,6,2.7777777777777777,9.333333333333334,9.393939393939394,4290,False
Blue_Dragon_vs_Pantheon_g1,375,395,7775,233,0,43,26,36,6,2.474747474747475,10.0,9.494949494949495,4310,False
Blue_Dragon_vs_Pantheon_g1,376,421,7775,233,0,44,26,36,6,2.6565656565656566,10.0,9.494949494949495,4320,False
Blue_Dragon_vs_Pantheon_g1,377,422,7780,233,0,45,26,36,6,2.6666666666666665,10.666666666666666,9.595959595959595,4330,False
Blue_Dragon_vs_Pantheon_g1,378,428,7780,233,0,46,26,36,6,2.7676767676767677,9.333333333333334,9.393939393939394,4330,False
Blue_Dragon_vs_Pantheon_g1,379,424,7780,233,0,47,26,36,6,2.4343434343434343,10.0,9.494949494949495,4350,False
Blue_Dragon_vs_Pantheon_g1,380,452,7780,233,0,48,26,36,6,2.696969696969697,10.0,9.494949494949495,4360,False
Blue_Dragon_vs_Pantheon_g1,381,450,7785,233,0,49,26,36,6,2.585858585858586,10.666666666666666,9.595959595959595,4370,False
Blue_Dragon_vs_Pantheon_g1,382,456,7785,233,0,50,26,36,6,2.7373737373737375,9.333333333333334,9.393939393939394,4370,False
Blue_Dragon_vs_Pantheon_g1,383,451,7785,233,0,51,26,36,6,2.414141414141414,10.0,9.494949494949495,4390,False
Blue_Dragon_vs_Pantheon_g1,384,477,7785,233,0,52,26,36,6,2.606060606060606,10.0,9.595959595959595,4400,False
Blue_Dragon_vs_Pantheon_g1,385,484,7785,233,0,53,26,36,6,2.707070707070707,10.666666666666666,9.696969696969697,4410,False
Blue_Dragon_vs_Pantheon_g1,386,492,7785,233,0,54,26,36,6,2.888888888888889,9.333333333333334,9.494949494949495,4410,False
Blue_Dragon_vs_Pantheon_g1,387,489,7785,233,0,55,26,36,6,2.5656565656565657,10.0,9.595959595959595,4430,False
Blue_Dragon_vs_Pantheon_g1,388,515,7785,233,0,56,26,36,6,2.909090909090909,10.0,9.595959595959595,4440,False
Blue_Dragon_vs_Pantheon_g1,389,523,7785,233,0,57,26,36,6,2.9393939393939394,10.666666666666666,9.696969696969697,4450,False
Blue_Dragon_vs_Pantheon_g1,390,530,7785,233,0,58,26,36,6,3.0303030303030303,9.333333333333334,9.494949494949495,4450,False
Blue_Dragon_vs_Pantheon_g1,391,527,7785,233,0,59,26,36,6,2.7474747474747474,10.0,9.595959595959595,4470,False
Blue_Dragon_vs_Pantheon_g1,392,554,7785,233,0,60,26,36,6,2.9494949494949494,10.0,9.595959595959595,4480,False
Blue_Dragon_vs_Pantheon_g1,393,558,7780,233,0,61,26,36,6,2.919191919191919,10.666666666666666,9.696969696969697,4490,False
Blue_Dragon_vs_Pantheon_g1,394,566,7780,233,0,62,26,36,6,3.0303030303030303,9.333333333333334,9.494949494949495,4490,False
Blue_Dragon_vs_Pantheon_g1,395,565,7780,233,0,63,26,36,6,2.727272727272727,10.0,9.595959595959595,4510,False
Blue_Dragon_vs_Pantheon_g1,396,593,7780,233,0,64,26,36,6,3.01010101010101,10.0,9.696969696969697,4520,False
Blue_Dragon_vs_Pantheon_g1,397,600,7780,233,0,65,26,36,6,3.1717171717171717,10.666666666666666,9.797979797979798,4530,False
Blue_Dragon_vs_Pantheon_g1,398,605,7780,233,0,66,26,36,6,3.303030303030303,9.333333333333334,9.595959595959595,4530,False
Blue_Dragon_vs_Pantheon_g1,399,602,7780,233,0,67,26,36,6,2.98989898989899,10.0,9.696969696969697,4550,False
Blue_Dragon_vs_Pantheon_g1,400,621,7785,233,0,68,26,36,6,3.121212121212121,10.0,9.696969696969697,4560,False
Blue_Dragon_vs_Pantheon_g1,401,622,7785,233,0,69,26,36,6,3.0707070707070705,10.666666666666666,9.797979797979798,4570,False
Blue_Dragon_vs_Pantheon_g1,402,626,7785,233,0,70,26,36,6,3.1515151515151514,9.333333333333334,9.595959595959595,4570,False
Blue_Dragon_vs_Pantheon_g1,403,622,7785,233,0,71,26,36,6,2.8383838383838382,10.0,9.696969696969697,4590,False
Blue_Dragon_vs_Pantheon_g1,404,650,7785,233,0,72,26,37,6,3.0505050505050506,10.0,9.696969696969697,4600,True
Blue_Dragon_vs_Pantheon_g1,405,429,7985,239,0,1,27,37,6,0.7272727272727273,10.666666666666666,9.797979797979798,4610,False
Blue_Dragon_vs_Pantheon_g1,406,436,7985,239,0,2,27,37,6,0.8080808080808081,9.333333333333334,9.595959595959595,4610,False
Blue_Dragon_vs_Pantheon_g1,407,434,7985,239,0,3,27,37,6,0.5454545454545454,10.0,9.696969696969697,4630,False
Blue_Dragon_vs_Pantheon_g1,408,458,7985,239,0,4,27,37,6,0.7171717171717171,10.0,9.696969696969697,4640,False
Blue_Dragon_vs_Pantheon_g1,409,465,7985,239,0,5,27,37,6,0.7171717171717171,10.666666666666666,9.797979797979798,4650,False
Blue_Dragon_vs_Pantheon_g1,410,472,7985,239,0,6,27,37,6,0.8787878787878788,9.333333333333334,9.595959595959595,4650,False
Blue_Dragon_vs_Pantheon_g1,411,470,7985,239,0,7,27,37,6,0.5959595959595959,10.0,9.696969696969697,4670,False
Blue_Dragon_vs_Pantheon_g1,412,492,7985,239,0,8,27,37,6,0.7373737373737373,10.0,9.696969696969697,4680,False
Blue_Dragon_vs_Pantheon_g1,413,489,7990,239,0,9,27,38,6,0.6363636363636364,10.666666666666666,9.797979797979798,4690,False
Blue_Dragon_vs_Pantheon_g1,414,420,8080,242,0,10,27,38,6,0.0,9.333333333333334,9.595959595959595,4690,False
Blue_Dragon_vs_Pantheon_g1,415,415,8080,242,0,11,27,38,6,-0.32323232323232326,9.333333333333334,9.595959595959595,4700,False
Blue_Dragon_vs_Pantheon_g1,416,433,8080,242,0,12,27,38,6,-0.21212121212121213,9.333333333333334,9.595959595959595,4710,False
Blue_Dragon_vs_Pantheon_g1,417,439,8080,242,0,13,27,38,6,-0.23232323232323232,9.333333333333334,9.595959595959595,4710,False
Blue_Dragon_vs_Pantheon_g1,418,437,8080,242,0,14,27,38,6,-0.23232323232323232,8.0,9.393939393939394,4710,False
Blue_Dragon_vs_Pantheon_g1,419,433,8075,242,0,15,27,38,6,-0.5454545454545454,8.666666666666666,9.494949494949495,4730,False
Blue_Dragon_vs_Pantheon_g1,420,461,8075,242,0,16,27,38,6,-0.30303030303030304,8.666666666666666,9.494949494949495,4740,False
Blue_Dragon_vs_Pantheon_g1,421,464,8075,242,0,17,27,38,6,-0.30303030303030304,9.333333333333334,9.595959595959595,4750,False
Blue_Dragon_vs_Pantheon_g1,422,469,8075,242,0,18,27,38,6,-0.2222222222222222,8.0,9.393939393939394,4750,False
Blue_Dragon_vs_Pantheon_g1,423,465,8075,242,0,19,27,38,6,-0.5252525252525253,8.666666666666666,9.494949494949495,4770,False
Blue_Dragon_vs_Pantheon_g1,424,491,8075,242,0,20,27,38,6,-0.25252525252525254,8.666666666666666,9.595959595959595,4780,False
Blue_Dragon_vs_Pantheon_g1,425,493,8075,242,0,21,27,38,6,-0.18181818181818182,9.333333333333334,9.696969696969697,4790,False
Blue_Dragon_vs_Pantheon_g1,426,495,8075,242,0,22,27,38,6,2.0303030303030303,8.0,9.494949494949495,4790,False
Blue_Dragon_vs_Pantheon_g1,427,487,8075,242,0,23,27,38,6,1.6666666666666667,8.666666666666666,9.595959595959595,4810,False
Blue_Dragon_vs_Pantheon_g1,428,513,8075,242,0,24,27,38,6,1.8686868686868687,8.666666666666666,9.595959595959595,4820,False
Blue_Dragon_vs_Pantheon_g1,429,520,8075,242,0,25,27,38,6,1.9696969696969697,9.333333333333334,9.696969696969697,4830,False
Blue_Dragon_vs_Pantheon_g1,430,528,8075,242,0,26,27,38,6,2.1313131313131315,8.666666666666666,9.494949494949495,4830,False
Blue_Dragon_vs_Pantheon_g1,431,525,8075,242,0,27,27,38,6,1.8282828282828283,9.333333333333334,9.595959595959595,4850,False
Blue_Dragon_vs_Pantheon_g1,432,552,8075,242,0,28,27,38,6,4.282828282828283,10.0,9.595959595959595,4860,False
Blue_Dragon_vs_Pantheon_g1,433,554,8075,242,0,29,27,38,6,4.252525252525253,10.666666666666666,9.696969696969697,4870,False
Blue_Dragon_vs_Pantheon_g1,434,555,8075,242,0,30,27,38,6,4.353535353535354,9.333333333333334,9.494949494949495,4870,False
Blue_Dragon_vs_Pantheon_g1,435,552,8075,242,0,31,27,38,6,4.040404040404041,10.0,9.595959595959595,4890,False
Blue_Dragon_vs_Pantheon_g1,436,579,8075,242,0,32,27,38,6,4.242424242424242,10.0,9.696969696969697,4900,False
Blue_Dragon_vs_Pantheon_g1,437,585,8075,242,0,33,27,38,6,4.343434343434343,10.666666666666666,9.797979797979798,4910,False
Blue_Dragon_vs_Pantheon_g1,438,590,8075,242,0,34,27,38,6,4.414141414141414,9.333333333333334,9.595959595959595,4910,False
Blue_Dragon_vs_Pantheon_g1,439,583,8075,242,0,35,27,38,6,4.171717171717172,10.0,9.696969696969697,4930,False
Blue_Dragon_vs_Pantheon_g1,440,609,8075,242,0,36,27,38,6,4.363636363636363,10.0,9.696969696969697,4940,False
Blue_Dragon_vs_Pantheon_g1,441,616,8075,242,0,37,27,38,6,4.363636363636363,10.666666666666666,9.797979797979798,4950,False
Blue_Dragon_vs_Pantheon_g1,442,620,8075,242,0,38,27,38,6,4.484848484848484,9.333333333333334,9.595959595959595,4950,False
Blue_Dragon_vs_Pantheon_g1,443,618,8075,242,0,39,27,38,6,4.212121212121212,10.0,9.696969696969697,4970,False
Blue_Dragon_vs_Pantheon_g1,444,645,8075,242,0,40,27,38,6,4.494949494949495,10.0,9.696969696969697,4980,False
Blue_Dragon_vs_Pantheon_g1,445,652,8075,242,0,41,27,38,6,4.555555555555555,10.0,9.696969696969697,4980,False
Blue_Dragon_vs_Pantheon_g1,446,647,8075,242,0,42,27,38,6,4.5353535353535355,8.666666666666666,9.494949494949495,4980,False
Blue_Dragon_vs_Pantheon_g1,447,642,8075,242,0,43,27,38,6,4.202020202020202,9.333333333333334,9.595959595959595,5000,False
Blue_Dragon_vs_Pantheon_g1,448,670,8075,242,0,44,27,38,6,4.404040404040404,9.333333333333334,9.595959595959595,5010,False
Blue_Dragon_vs_Pantheon_g1,449,677,8075,242,0,45,27,38,6,4.444444444444445,10.0,9.696969696969697,5020,False
Blue_Dragon_vs_Pantheon_g1,450,684,8075,242,0,46,27,38,6,4.545454545454546,8.666666666666666,9.494949494949495,5020,False
Blue_Dragon_vs_Pantheon_g1,451,674,8080,242,0,47,27,38,6,4.191919191919192,9.333333333333334,9.595959595959595,5040,False
Blue_Dragon_vs_Pantheon_g1,452,702,8080,242,0,48,27,38,6,4.414141414141414,9.333333333333334,9.595959595959595,5050,False
Blue_Dragon_vs_Pantheon_g1,453,709,8080,242,0,49,27,38,6,4.434343434343434,10.0,9.696969696969697,5060,False
Blue_Dragon_vs_Pantheon_g1,454,713,8080,242,0,50,27,38,6,4.525252525252525,8.666666666666666,9.494949494949495,5060,False
Blue_Dragon_vs_Pantheon_g1,455,708,8080,242,0,51,27,38,6,4.212121212121212,9.333333333333334,9.595959595959595,5080,False
Blue_Dragon_vs_Pantheon_g1,456,734,8080,242,0,52,27,38,6,4.484848484848484,9.333333333333334,9.696969696969697,5090,False
Blue_Dragon_vs_Pantheon_g1,457,742,8080,242,0,53,27,38,6,4.686868686868687,9.333333333333334,9.696969696969697,5090,False
Blue_Dragon_vs_Pantheon_g1,458,734,8080,242,0,54,27,38,6,4.626262626262626,8.0,9.494949494949495,5090,False
Blue_Dragon_vs_Pantheon_g1,459,733,8080,242,0,55,27,38,6,4.454545454545454,8.666666666666666,9.595959595959595,5110,False
Blue_Dragon_vs_Pantheon_g1,460,759,8080,242,0,56,27,38,6,4.646464646464646,9.333333333333334,9.595959595959595,5120,False
Blue_Dragon_vs_Pantheon_g1,461,767,8080,242,0,57,27,38,6,4.747474747474747,10.0,9.696969696969697,5130,False
Blue_Dragon_vs_Pantheon_g1,462,773,8080,242,0,58,27,38,6,4.8686868686868685,8.666666666666666,9.494949494949495,5130,False
Blue_Dragon_vs_Pantheon_g1,463,770,8080,242,0,59,27,38,6,4.575757575757576,9.333333333333334,9.595959595959595,5150,False
Blue_Dragon_vs_Pantheon_g1,464,794,8080,242,0,60,27,38,6,4.777777777777778,9.333333333333334,9.595959595959595,5160,False
Blue_Dragon_vs_Pantheon_g1,465,800,8080,242,0,61,27,38,6,4.787878787878788,10.0,9.696969696969697,5170,False
Blue_Dragon_vs_Pantheon_g1,466,804,8080,242,0,62,27,38,6,4.848484848484849,8.666666666666666,9.494949494949495,5170,False
Blue_Dragon_vs_Pantheon_g1,467,802,8080,242,0,63,27,38,6,4.585858585858586,9.333333333333334,9.595959595959595,5190,False
Blue_Dragon_vs_Pantheon_g1,468,828,8080,242,0,64,27,38,6,4.787878787878788,9.333333333333334,9.595959595959595,5200,False
Blue_Dragon_vs_Pantheon_g1,469,836,8080,242,0,65,27,38,6,4.797979797979798,10.0,9.696969696969697,5210,False
Blue_Dragon_vs_Pantheon_g1,470,834,8085,242,0,66,27,38,6,4.808080808080808,8.666666666666666,9.494949494949495,5210,False
Blue_Dragon_vs_Pantheon_g1,471,829,8085,242,0,67,27,38,6,4.515151515151516,9.333333333333334,9.595959595959595,5230,False
Blue_Dragon_vs_Pantheon_g1,472,851,8085,242,0,68,27,38,6,4.666666666666667,10.0,9.595959595959595,5240,False
Blue_Dragon_vs_Pantheon_g1,473,858,8085,242,0,69,27,38,6,4.656565656565657,10.666666666666666,9.696969696969697,5250,False
Blue_Dragon_vs_Pantheon_g1,474,862,8085,242,0,70,27,38,6,4.717171717171717,9.333333333333334,9.494949494949495,5250,False
Blue_Dragon_vs_Pantheon_g1,475,859,8085,242,0,71,27,38,6,4.424242424242424,10.0,9.595959595959595,5270,False
Blue_Dragon_vs_Pantheon_g1,476,885,8085,242,0,72,27,38,6,4.6767676767676765,10.0,9.595959595959595,5280,False
Blue_Dragon_vs_Pantheon_g1,477,890,8085,242,0,73,27,38,6,4.666666666666667,10.666666666666666,9.696969696969697,5290,False
Blue_Dragon_vs_Pantheon_g1,478,894,8085,242,0,74,27,38,6,4.747474747474747,9.333333333333334,9.494949494949495,5290,False
Blue_Dragon_vs_Pantheon_g1,479,889,8085,242,0,75,27,38,6,4.414141414141414,10.0,9.595959595959595,5310,False
Blue_Dragon_vs_Pantheon_g1,480,912,8085,242,0,76,27,38,6,4.666666666666667,10.0,9.595959595959595,5320,False
Blue_Dragon_vs_Pantheon_g1,481,916,8085,242,0,77,27,38,6,4.646464646464646,10.666666666666666,9.696969696969697,5330,False
Blue_Dragon_vs_Pantheon_g1,482,922,8085,242,0,78,27,38,6,4.757575757575758,9.333333333333334,9.494949494949495,5330,False
Blue_Dragon_vs_Pantheon_g1,483,918,8085,242,0,79,27,38,6,4.454545454545454,10.0,9.595959595959595,5350,False
Blue_Dragon_vs_Pantheon_g1,484,936,8090,242,0,80,27,38,6,4.565656565656566,10.0,9.595959595959595,5360,False
Blue_Dragon_vs_Pantheon_g1,485,943,8090,242,0,81,27,38,6,4.555555555555555,10.666666666666666,9.696969696969697,5370,False
Blue_Dragon_vs_Pantheon_g1,486,950,8090,242,0,82,27,38,6,4.656565656565657,9.333333333333334,9.494949494949495,5370,False
Blue_Dragon_vs_Pantheon_g1,487,946,8090,242,0,83,27,38,6,4.353535353535354,10.0,9.595959595959595,5390,False
Blue_Dragon_vs_Pantheon_g1,488,971,8090,242,0,84,27,38,6,4.525252525252525,10.0,9.595959595959595,5400,False
Blue_Dragon_vs_Pantheon_g1,489,968,8095,242,0,85,27,38,6,4.424242424242424,10.666666666666666,9.696969696969697,5410,False
Blue_Dragon_vs_Pantheon_g1,490,974,8095,242,0,86,27,38,6,4.515151515151516,9.333333333333334,9.494949494949495,5410,False
Blue_Dragon_vs_Pantheon_g1,491,971,8095,242,0,87,27,38,6,4.212121212121212,10.0,9.595959595959595,5430,False
Blue_Dragon_vs_Pantheon_g1,492,994,8095,242,0,88,27,38,6,4.404040404040404,10.0,9.595959595959595,5440,False
Blue_Dragon_vs_Pantheon_g1,493,1001,8095,242,0,89,27,39,6,4.393939393939394,10.666666666666666,9.696969696969697,5450,True
Blue_Dragon_vs_Pantheon_g1,494,767,8295,248,0,1,28,39,6,2.04040404040404,9.333333333333334,9.494949494949495,5450,False
Blue_Dragon_vs_Pantheon_g1,495,764,8295,248,0,2,28,39,6,1.7272727272727273,9.333333333333334,9.494949494949495,5460,False
Blue_Dragon_vs_Pantheon_g1,496,778,8295,248,0,3,28,39,6,1.797979797979798,9.333333333333334,9.494949494949495,5470,False
Blue_Dragon_vs_Pantheon_g1,497,783,8295,248,0,4,28,39,6,1.797979797979798,10.0,9.595959595959595,5480,False
Blue_Dragon_vs_Pantheon_g1,498,790,8295,248,0,5,28,39,6,1.898989898989899,8.666666666666666,9.393939393939394,5480,False
Blue_Dragon_vs_Pantheon_g1,499,787,8290,248,0,6,28,39,6,1.6767676767676767,9.333333333333334,9.494949494949495,5500,False
Blue_Dragon_vs_Pantheon_g1,500,814,8290,248,0,7,28,39,6,1.9393939393939394,9.333333333333334,9.494949494949495,5510,False
Blue_Dragon_vs_Pantheon_g1,501,820,8290,248,0,8,28,39,6,1.9595959595959596,10.0,9.595959595959595,5520,False
Blue_Dragon_vs_Pantheon_g1,502,825,8290,248,0,9,28,39,6,2.0505050505050506,8.666666666666666,9.393939393939394,5520,False
Blue_Dragon_vs_Pantheon_g1,503,822,8290,248,0,10,28,39,6,1.7373737373737375,9.333333333333334,9.494949494949495,5540,False
Blue_Dragon_vs_Pantheon_g1,504,837,8295,248,0,11,28,39,6,4.121212121212121,9.333333333333334,9.494949494949495,5550,False
Blue_Dragon_vs_Pantheon_g1,505,842,8295,248,0,12,28,39,6,4.101010101010101,10.0,9.595959595959595,5560,False
Blue_Dragon_vs_Pantheon_g1,506,845,8295,248,0,13,28,39,6,4.151515151515151,8.666666666666666,9.393939393939394,5560,False
Blue_Dragon_vs_Pantheon_g1,507,842,8295,248,0,14,28,39,6,3.878787878787879,9.333333333333334,9.494949494949495,5580,False
Blue_Dragon_vs_Pantheon_g1,508,864,8295,248,0,15,28,39,6,4.03030303030303,9.333333333333334,9.494949494949495,5590,False
Blue_Dragon_vs_Pantheon_g1,509,872,8295,248,0,16,28,39,6,4.040404040404041,10.0,9.595959595959595,5600,False
Blue_Dragon_vs_Pantheon_g1,510,879,8295,248,0,17,28,39,6,4.1313131313131315,9.333333333333334,9.393939393939394,5600,False
Blue_Dragon_vs_Pantheon_g1,511,868,8300,249,0,18,28,39,6,3.797979797979798,10.0,9.494949494949495,5620,False
Blue_Dragon_vs_Pantheon_g1,512,892,8300,249,0,19,28,39,6,4.070707070707071,10.0,9.494949494949495,5630,False
Blue_Dragon_vs_Pantheon_g1,513,900,8300,249,0,20,28,39,6,4.848484848484849,10.666666666666666,9.595959595959595,5640,False
Blue_Dragon_vs_Pantheon_g1,514,906,8300,249,0,21,28,39,6,4.959595959595959,9.333333333333334,9.494949494949495,5640,False
Blue_Dragon_vs_Pantheon_g1,515,901,8300,249,0,22,28,39,6,4.7272727272727275,10.0,9.595959595959595,5660,False
Blue_Dragon_vs_Pantheon_g1,516,924,8300,249,0,23,28,39,6,4.898989898989899,10.0,9.696969696969697,5670,False
Blue_Dragon_vs_Pantheon_g1,517,930,8300,249,0,24,28,39,6,4.97979797979798,10.666666666666666,9.797979797979798,5680,False
Blue_Dragon_vs_Pantheon_g1,518,938,8300,249,0,25,28,39,6,5.101010101010101,9.333333333333334,9.595959595959595,5680,False
Blue_Dragon_vs_Pantheon_g1,519,934,8300,249,0,26,28,39,6,4.777777777777778,10.0,9.696969696969697,5700,False
Blue_Dragon_vs_Pantheon_g1,520,961,8300,249,0,27,28,39,6,5.02020202020202,10.0,9.696969696969697,5710,False
Blue_Dragon_vs_Pantheon_g1,521,967,8300,249,0,28,28,39,6,5.03030303030303,10.666666666666666,9.797979797979798,5720,False
Blue_Dragon_vs_Pantheon_g1,522,973,8300,249,0,29,28,39,6,5.1313131313131315,9.333333333333334,9.595959595959595,5720,False
Blue_Dragon_vs_Pantheon_g1,523,970,8300,249,0,30,28,39,6,4.838383838383838,10.0,9.696969696969697,5740,False
Blue_Dragon_vs_Pantheon_g1,524,996,8300,249,0,31,28,39,6,5.08080808080808,10.0,9.696969696969697,5750,False
Blue_Dragon_vs_Pantheon_g1,525,1003,8300,249,0,32,28,39,6,5.1313131313131315,10.666666666666666,9.797979797979798,5760,False
Blue_Dragon_vs_Pantheon_g1,526,1009,8300,249,0,33,28,39,6,5.2727272727272725,9.333333333333334,9.595959595959595,5760,False
Blue_Dragon_vs_Pantheon_g1,527,1005,8300,249,0,34,28,39,6,4.96969696969697,10.0,9.696969696969697,5780,False
Blue_Dragon_vs_Pantheon_g1,528,1031,8300,249,0,35,28,40,6,5.161616161616162,10.0,9.696969696969697,5790,True
Blue_Dragon_vs_Pantheon_g1,529,791,8500,255,0,1,29,40,6,2.6565656565656566,10.0,9.696969696969697,5790,False
Blue_Dragon_vs_Pantheon_g1,530,785,8495,254,0,2,29,40,6,2.6262626262626263,8.666666666666666,9.494949494949495,5790,False
Blue_Dragon_vs_Pantheon_g1,531,781,8495,254,0,3,29,40,6,2.313131313131313,9.333333333333334,9.595959595959595,5810,False
Blue_Dragon_vs_Pantheon_g1,532,808,8495,254,0,4,29,40,6,2.5656565656565657,9.333333333333334,9.595959595959595,5820,False
Blue_Dragon_vs_Pantheon_g1,533,816,8495,254,0,5,29,40,6,2.6363636363636362,10.0,9.696969696969697,5830,False
Blue_Dragon_vs_Pantheon_g1,534,818,8495,254,0,6,29,40,6,2.686868686868687,8.666666666666666,9.494949494949495,5830,False
Blue_Dragon_vs_Pantheon_g1,535,813,8495,254,0,7,29,40,6,2.3636363636363638,8.666666666666666,9.494949494949495,5840,False
Blue_Dragon_vs_Pantheon_g1,536,827,8495,254,0,8,29,40,6,2.4444444444444446,8.666666666666666,9.494949494949495,5850,False
Blue_Dragon_vs_Pantheon_g1,537,833,8495,254,0,9,29,40,6,2.4545454545454546,9.333333333333334,9.595959595959595,5860,False
Blue_Dragon_vs_Pantheon_g1,538,837,8495,254,0,10,29,40,6,2.5656565656565657,8.0,9.393939393939394,5860,False
Blue_Dragon_vs_Pantheon_g1,539,837,8495,254,0,11,29,40,6,2.303030303030303,8.666666666666666,9.494949494949495,5880,False
Blue_Dragon_vs_Pantheon_g1,540,863,8495,254,0,12,29,40,6,2.494949494949495,8.666666666666666,9.494949494949495,5890,False
Blue_Dragon_vs_Pantheon_g1,541,868,8495,254,0,13,29,40,6,2.505050505050505,9.333333333333334,9.595959595959595,5900,False
Blue_Dragon_vs_Pantheon_g1,542,871,8495,254,0,14,29,40,6,2.5555555555555554,8.0,9.393939393939394,5900,False
Blue_Dragon_vs_Pantheon_g1,543,868,8495,254,0,15,29,40,6,2.2525252525252526,8.666666666666666,9.494949494949495,5920,False
Blue_Dragon_vs_Pantheon_g1,544,894,8495,254,0,16,29,40,6,2.4444444444444446,9.333333333333334,9.595959595959595,5930,False
Blue_Dragon_vs_Pantheon_g1,545,902,8495,254,0,17,29,40,6,2.5757575757575757,10.0,9.696969696969697,5940,False
Blue_Dragon_vs_Pantheon_g1,546,909,8495,254,0,18,29,40,6,2.696969696969697,8.666666666666666,9.494949494949495,5940,False
Blue_Dragon_vs_Pantheon_g1,547,903,8495,254,0,19,29,40,6,2.3535353535353534,9.333333333333334,9.595959595959595,5960,False
Blue_Dragon_vs_Pantheon_g1,548,930,8495,254,0,20,29,40,6,2.5555555555555554,9.333333333333334,9.595959595959595,5970,False
Blue_Dragon_vs_Pantheon_g1,549,932,8495,254,0,21,29,40,6,2.505050505050505,10.0,9.696969696969697,5980,False
Blue_Dragon_vs_Pantheon_g1,550,936,8495,254,0,22,29,40,6,2.6464646464646466,9.333333333333334,9.494949494949495,5980,False
Blue_Dragon_vs_Pantheon_g1,551,929,8495,254,0,23,29,40,6,2.292929292929293,10.0,9.595959595959595,6000,False
Blue_Dragon_vs_Pantheon_g1,552,957,8495,254,0,24,29,40,6,2.505050505050505,10.0,9.595959595959595,6010,False
Blue_Dragon_vs_Pantheon_g1,553,963,8495,254,0,25,29,40,6,2.525252525252525,10.666666666666666,9.696969696969697,6020,False
Blue_Dragon_vs_Pantheon_g1,554,971,8495,254,0,26,29,40,6,2.6565656565656566,9.333333333333334,9.494949494949495,6020,False
Blue_Dragon_vs_Pantheon_g1,555,966,8495,254,0,27,29,40,6,2.3434343434343434,10.0,9.595959595959595,6040,False
Blue_Dragon_vs_Pantheon_g1,556,995,8495,254,0,28,29,40,6,2.5555555555555554,10.0,9.696969696969697,6050,False
Blue_Dragon_vs_Pantheon_g1,557,998,8495,254,0,29,29,40,6,2.6666666666666665,10.666666666666666,9.797979797979798,6060,False
Blue_Dragon_vs_Pantheon_g1,558,1005,8495,254,0,30,29,40,6,2.7474747474747474,9.333333333333334,9.595959595959595,6060,False
Blue_Dragon_vs_Pantheon_g1,559,1002,8495,254,0,31,29,40,6,2.4545454545454546,10.0,9.696969696969697,6080,False
Blue_Dragon_vs_Pantheon_g1,560,1030,8490,254,0,32,29,40,6,2.6565656565656566,10.0,9.696969696969697,6090,False
Blue_Dragon_vs_Pantheon_g1,561,1036,8490,254,0,33,29,40,6,2.6565656565656566,10.666666666666666,9.797979797979798,6100,False
Blue_Dragon_vs_Pantheon_g1,562,1040,8490,254,0,34,29,41,6,2.727272727272727,9.333333333333334,9.595959595959595,6100,True
Blue_Dragon_vs_Pantheon_g1,563,784,8690,260,0,1,30,41,6,-0.10101010101010101,10.0,9.696969696969697,6120,False
Blue_Dragon_vs_Pantheon_g1,564,803,8695,260,0,2,30,41,6,0.030303030303030304,10.0,9.696969696969697,6130,False
Blue_Dragon_vs_Pantheon_g1,565,810,8695,260,0,3,30,41,6,0.06060606060606061,10.666666666666666,9.797979797979798,6140,False
Blue_Dragon_vs_Pantheon_g1,566,814,8695,260,0,4,30,41,6,0.12121212121212122,9.333333333333334,9.595959595959595,6140,False
Blue_Dragon_vs_Pantheon_g1,567,807,8695,260,0,5,30,41,6,-0.21212121212121213,10.0,9.696969696969697,6160,False
Blue_Dragon_vs_Pantheon_g1,568,832,8695,260,0,6,30,41,6,-0.04040404040404041,10.0,9.696969696969697,6170,False
Blue_Dragon_vs_Pantheon_g1,569,840,8695,260,0,7,30,41,6,0.06060606060606061,10.666666666666666,9.797979797979798,6180,False
Blue_Dragon_vs_Pantheon_g1,570,847,8695,260,0,8,30,41,6,0.18181818181818182,9.333333333333334,9.595959595959595,6180,False
Blue_Dragon_vs_Pantheon_g1,571,833,8700,261,0,9,30,41,6,-0.18181818181818182,10.0,9.696969696969697,6200,False
Blue_Dragon_vs_Pantheon_g1,572,857,8700,261,0,10,30,41,6,-0.010101010101010102,10.0,9.696969696969697,6210,False
Blue_Dragon_vs_Pantheon_g1,573,866,8700,261,0,11,30,41,6,0.04040404040404041,10.666666666666666,9.797979797979798,6220,False
Blue_Dragon_vs_Pantheon_g1,574,872,8700,261,0,12,30,41,6,0.13131313131313133,9.333333333333334,9.595959595959595,6220,False
Blue_Dragon_vs_Pantheon_g1,575,867,8700,261,0,13,30,41,6,-0.18181818181818182,10.0,9.696969696969697,6240,False
Blue_Dragon_vs_Pantheon_g1,576,893,8700,261,0,14,30,41,6,0.030303030303030304,10.0,9.696969696969697,6250,False
Blue_Dragon_vs_Pantheon_g1,577,898,8700,261,0,15,30,41,6,0.04040404040404041,10.666666666666666,9.797979797979798,6260,False
Blue_Dragon_vs_Pantheon_g1,578,903,8700,261,0,16,30,41,6,0.1414141414141414,9.333333333333334,9.595959595959595,6260,False
Blue_Dragon_vs_Pantheon_g1,579,898,8700,261,0,17,30,41,6,-0.1414141414141414,10.0,9.696969696969697,6280,False
Blue_Dragon_vs_Pantheon_g1,580,924,8700,261,0,18,30,41,6,0.08080808080808081,10.0,9.696969696969697,6290,False
Blue_Dragon_vs_Pantheon_g1,581,932,8700,261,0,19,30,41,6,0.10101010101010101,10.666666666666666,9.797979797979798,6300,False
Blue_Dragon_vs_Pantheon_g1,582,937,8700,261,0,20,30,41,6,0.1919191919191919,9.333333333333334,9.595959595959595,6300,False
Blue_Dragon_vs_Pantheon_g1,583,931,8700,261,0,21,30,41,6,-0.050505050505050504,10.0,9.696969696969697,6320,False
Blue_Dragon_vs_Pantheon_g1,584,956,8700,261,0,22,30,41,6,0.13131313131313133,10.0,9.696969696969697,6330,False
Blue_Dragon_vs_Pantheon_g1,585,961,8700,261,0,23,30,41,6,0.1111111111111111,10.666666666666666,9.797979797979798,6340,False
Blue_Dragon_vs_Pantheon_g1,586,969,8700,261,0,24,30,41,6,0.23232323232323232,9.333333333333334,9.595959595959595,6340,False
Blue_Dragon_vs_Pantheon_g1,587,965,8700,261,0,25,30,41,6,-0.06060606060606061,10.0,9.696969696969697,6360,False
Blue_Dragon_vs_Pantheon_g1,588,992,8700,261,0,26,30,41,6,0.24242424242424243,10.0,9.696969696969697,6370,False
Blue_Dragon_vs_Pantheon_g1,589,998,8700,261,0,27,30,41,6,0.24242424242424243,10.666666666666666,9.797979797979798,6380,False
Blue_Dragon_vs_Pantheon_g1,590,1001,8700,261,0,28,30,41,6,0.30303030303030304,9.333333333333334,9.595959595959595,6380,False
Blue_Dragon_vs_Pantheon_g1,591,997,8700,261,0,29,30,41,6,0.030303030303030304,10.0,9.696969696969697,6400,False
Blue_Dragon_vs_Pantheon_g1,592,1024,8700,261,0,30,30,41,6,0.23232323232323232,10.0,9.696969696969697,6410,False
Blue_Dragon_vs_Pantheon_g1,593,1027,8700,261,0,31,30,41,6,2.6262626262626263,10.666666666666666,9.797979797979798,6420,False
Blue_Dragon_vs_Pantheon_g1,594,1032,8700,261,0,32,30,41,6,2.707070707070707,9.333333333333334,9.696969696969697,6420,False
Blue_Dragon_vs_Pantheon_g1,595,1024,8700,261,0,33,30,41,6,2.484848484848485,10.0,9.797979797979798,6440,False
Blue_Dragon_vs_Pantheon_g1,596,1050,8700,261,0,34,30,41,6,2.696969696969697,10.0,9.797979797979798,6450,False
Blue_Dragon_vs_Pantheon_g1,597,1055,8700,261,0,35,30,41,6,2.676767676767677,10.0,9.797979797979798,6450,False
Blue_Dragon_vs_Pantheon_g1,598,1052,8700,261,0,36,30,41,6,2.676767676767677,8.666666666666666,9.595959595959595,6450,False
Blue_Dragon_vs_Pantheon_g1,599,1048,8700,261,0,37,30,41,6,2.3636363636363638,9.333333333333334,9.696969696969697,6470,False
Blue_Dragon_vs_Pantheon_g1,600,1076,8700,261,0,38,30,42,6,2.585858585858586,9.333333333333334,9.696969696969697,6480,True
Blue_Dragon_vs_Pantheon_g1,601,822,8900,267,0,1,31,42,6,-0.030303030303030304,10.0,9.797979797979798,6490,False
Blue_Dragon_vs_Pantheon_g1,602,830,8900,267,0,2,31,42,6,0.08080808080808081,8.666666666666666,9.595959595959595,6490,False
Blue_Dragon_vs_Pantheon_g1,603,825,8900,267,0,3,31,42,6,-0.12121212121212122,9.333333333333334,9.696969696969697,6510,False
Blue_Dragon_vs_Pantheon_g1,604,853,8900,267,0,4,31,42,6,0.1111111111111111,9.333333333333334,9.696969696969697,6520,False
Blue_Dragon_vs_Pantheon_g1,605,850,8905,267,0,5,31,42,6,0.050505050505050504,10.0,9.797979797979798,6530,False
Blue_Dragon_vs_Pantheon_g1,606,847,8910,267,0,6,31,42,6,0.050505050505050504,8.666666666666666,9.595959595959595,6530,False
Blue_Dragon_vs_Pantheon_g1,607,841,8910,267,0,7,31,42,6,-0.23232323232323232,9.333333333333334,9.696969696969697,6550,False
Blue_Dragon_vs_Pantheon_g1,608,865,8910,267,0,8,31,42,6,-0.0707070707070707,9.333333333333334,9.696969696969697,6560,False
Blue_Dragon_vs_Pantheon_g1,609,871,8910,267,0,9,31,42,6,-0.08080808080808081,10.0,9.797979797979798,6570,False
Blue_Dragon_vs_Pantheon_g1,610,877,8910,267,0,10,31,42,6,0.09090909090909091,8.666666666666666,9.595959595959595,6570,False
Blue_Dragon_vs_Pantheon_g1,611,873,8910,267,0,11,31,42,6,-0.1919191919191919,9.333333333333334,9.696969696969697,6590,False
Blue_Dragon_vs_Pantheon_g1,612,897,8910,267,0,12,31,42,6,-0.030303030303030304,10.0,9.696969696969697,6600,False
Blue_Dragon_vs_Pantheon_g1,613,903,8910,267,0,13,31,42,6,-0.030303030303030304,10.666666666666666,9.797979797979798,6610,False
Blue_Dragon_vs_Pantheon_g1,614,911,8910,267,0,14,31,42,6,0.10101010101010101,9.333333333333334,9.595959595959595,6610,False
Blue_Dragon_vs_Pantheon_g1,615,903,8910,267,0,15,31,42,6,-0.21212121212121213,10.0,9.696969696969697,6630,False
Blue_Dragon_vs_Pantheon_g1,616,929,8910,267,0,16,31,42,6,-0.010101010101010102,10.0,9.696969696969697,6640,False
Blue_Dragon_vs_Pantheon_g1,617,933,8910,267,0,17,31,42,6,-0.050505050505050504,10.666666666666666,9.797979797979798,6650,False
Blue_Dragon_vs_Pantheon_g1,618,941,8910,267,0,18,31,42,6,0.0707070707070707,9.333333333333334,9.595959595959595,6650,False
Blue_Dragon_vs_Pantheon_g1,619,937,8910,267,0,19,31,42,6,-0.24242424242424243,10.0,9.696969696969697,6670,False
Blue_Dragon_vs_Pantheon_g1,620,961,8910,267,0,20,31,42,6,-0.06060606060606061,10.0,9.696969696969697,6680,False
Blue_Dragon_vs_Pantheon_g1,621,965,8910,267,0,21,31,42,6,-0.08080808080808081,10.666666666666666,9.797979797979798,6690,False
Blue_Dragon_vs_Pantheon_g1,622,969,8910,267,0,22,31,42,6,-0.010101010101010102,9.333333333333334,9.595959595959595,6690,False
Blue_Dragon_vs_Pantheon_g1,623,964,8910,267,0,23,31,42,6,-0.32323232323232326,10.0,9.696969696969697,6710,False
Blue_Dragon_vs_Pantheon_g1,624,988,8910,267,0,24,31,42,6,-0.15151515151515152,10.0,9.696969696969697,6720,False
Blue_Dragon_vs_Pantheon_g1,625,994,8910,267,0,25,31,42,6,-0.15151515151515152,10.666666666666666,9.797979797979798,6730,False
Blue_Dragon_vs_Pantheon_g1,626,1000,8910,267,0,26,31,42,6,-0.050505050505050504,9.333333333333334,9.595959595959595,6730,False
Blue_Dragon_vs_Pantheon_g1,627,998,8910,267,0,27,31,42,6,-0.3333333333333333,10.0,9.696969696969697,6750,False
Blue_Dragon_vs_Pantheon_g1,628,1023,8905,267,0,28,31,42,6,2.3434343434343434,10.0,9.797979797979798,6760,False
Blue_Dragon_vs_Pantheon_g1,629,1031,8905,267,0,29,31,42,6,2.484848484848485,10.666666666666666,9.8989898989899,6770,False
Blue_Dragon_vs_Pantheon_g1,630,1039,8905,267,0,30,31,42,6,2.606060606060606,9.333333333333334,9.696969696969697,6770,False
Blue_Dragon_vs_Pantheon_g1,631,1036,8905,267,0,31,31,42,6,2.303030303030303,10.0,9.797979797979798,6790,False
Blue_Dragon_vs_Pantheon_g1,632,1061,8905,267,0,32,31,42,6,2.474747474747475,10.0,9.797979797979798,6800,False
Blue_Dragon_vs_Pantheon_g1,633,1070,8905,267,0,33,31,42,6,2.5454545454545454,10.666666666666666,9.8989898989899,6810,False
Blue_Dragon_vs_Pantheon_g1,634,1076,8905,267,0,34,31,42,6,2.6565656565656566,9.333333333333334,9.797979797979798,6810,False
Blue_Dragon_vs_Pantheon_g1,635,1075,8905,267,0,35,31,42,6,2.505050505050505,10.0,9.8989898989899,6830,False
Blue_Dragon_vs_Pantheon_g1,636,1097,8905,267,0,36,31,43,6,2.6666666666666665,10.0,9.8989898989899,6840,True
Blue_Dragon_vs_Pantheon_g1,637,814,9105,273,0,1,32,43,6,-0.23232323232323232,10.666666666666666,10.0,6850,False
Blue_Dragon_vs_Pantheon_g1,638,821,9105,273,0,2,32,43,6,-0.16161616161616163,9.333333333333334,9.797979797979798,6850,False
Blue_Dragon_vs_Pantheon_g1,639,818,9105,273,0,3,32,43,6,-0.45454545454545453,10.0,9.8989898989899,6870,False
Blue_Dragon_vs_Pantheon_g1,640,845,9105,273,0,4,32,43,6,-0.23232323232323232,10.0,9.8989898989899,6880,False
Blue_Dragon_vs_Pantheon_g1,641,848,9105,273,0,5,32,43,6,-0.23232323232323232,10.666666666666666,10.0,6890,False
Blue_Dragon_vs_Pantheon_g1,642,849,9105,273,0,6,32,43,6,-0.1919191919191919,9.333333333333334,9.797979797979798,6890,False
Blue_Dragon_vs_Pantheon_g1,643,842,9105,273,0,7,32,43,6,-0.5252525252525253,10.0,9.8989898989899,6910,False
Blue_Dragon_vs_Pantheon_g1,644,869,9105,273,0,8,32,43,6,-0.3333333333333333,10.0,9.8989898989899,6920,False
Blue_Dragon_vs_Pantheon_g1,645,873,9105,273,0,9,32,43,6,-0.36363636363636365,10.666666666666666,10.0,6930,False
Blue_Dragon_vs_Pantheon_g1,646,881,9105,273,0,10,32,43,6,-0.2222222222222222,9.333333333333334,9.797979797979798,6930,False
Blue_Dragon_vs_Pantheon_g1,647,877,9105,273,0,11,32,43,6,-0.5353535353535354,10.0,9.8989898989899,6950,False
Blue_Dragon_vs_Pantheon_g1,648,903,9105,273,0,12,32,43,6,-0.29292929292929293,10.0,9.8989898989899,6960,False
Blue_Dragon_vs_Pantheon_g1,649,906,9105,273,0,13,32,43,6,-0.30303030303030304,10.666666666666666,10.0,6970,False
Blue_Dragon_vs_Pantheon_g1,650,908,9105,273,0,14,32,43,6,-0.21212121212121213,9.333333333333334,9.797979797979798,6970,False
Blue_Dragon_vs_Pantheon_g1,651,905,9105,273,0,15,32,43,6,-0.5252525252525253,10.0,9.8989898989899,6990,False
Blue_Dragon_vs_Pantheon_g1,652,932,9105,273,0,16,32,43,6,-0.31313131313131315,10.0,9.8989898989899,7000,False
Blue_Dragon_vs_Pantheon_g1,653,936,9105,273,0,17,32,43,6,-0.35353535353535354,10.666666666666666,10.0,7010,False
Blue_Dragon_vs_Pantheon_g1,654,940,9105,273,0,18,32,43,6,-0.26262626262626265,9.333333333333334,9.797979797979798,7010,False
Blue_Dragon_vs_Pantheon_g1,655,935,9105,273,0,19,32,43,6,-0.6060606060606061,10.0,9.8989898989899,7030,False
Blue_Dragon_vs_Pantheon_g1,656,959,9105,273,0,20,32,43,6,-0.3939393939393939,10.0,9.8989898989899,7040,False
Blue_Dragon_vs_Pantheon_g1,657,966,9105,273,0,21,32,43,6,-0.3939393939393939,10.666666666666666,10.0,7050,False
Blue_Dragon_vs_Pantheon_g1,658,973,9105,273,0,22,32,43,6,-0.29292929292929293,9.333333333333334,9.797979797979798,7050,False
Blue_Dragon_vs_Pantheon_g1,659,968,9105,273,0,23,32,43,6,-0.6262626262626263,10.0,9.8989898989899,7070,False
Blue_Dragon_vs_Pantheon_g1,660,995,9105,273,0,24,32,43,6,-0.41414141414141414,10.0,9.8989898989899,7080,False
Blue_Dragon_vs_Pantheon_g1,661,999,9105,273,0,25,32,43,6,-0.41414141414141414,10.666666666666666,10.0,7090,False
Blue_Dragon_vs_Pantheon_g1,662,1004,9105,273,0,26,32,43,6,2.2222222222222223,9.333333333333334,9.797979797979798,7090,False
Blue_Dragon_vs_Pantheon_g1,663,1002,9105,273,0,27,32,43,6,2.01010101010101,10.0,9.8989898989899,7110,False
Blue_Dragon_vs_Pantheon_g1,664,1027,9105,273,0,28,32,43,6,2.191919191919192,10.0,9.8989898989899,7120,False
Blue_Dragon_vs_Pantheon_g1,665,1032,9105,273,0,29,32,43,6,2.202020202020202,10.666666666666666,10.0,7130,False
Blue_Dragon_vs_Pantheon_g1,666,1036,9105,273,0,30,32,43,6,2.313131313131313,9.333333333333334,9.797979797979798,7130,False
Blue_Dragon_vs_Pantheon_g1,667,1029,9105,273,0,31,32,43,6,1.9898989898989898,10.0,9.8989898989899,7150,False
Blue_Dragon_vs_Pantheon_g1,668,1055,9105,273,0,32,32,43,6,2.1717171717171717,10.0,9.8989898989899,7160,False
Blue_Dragon_vs_Pantheon_g1,669,1062,9105,273,0,33,32,43,6,2.1717171717171717,10.666666666666666,10.0,7170,False
Blue_Dragon_vs_Pantheon_g1,670,1070,9105,273,0,34,32,43,6,2.393939393939394,9.333333333333334,9.797979797979798,7170,False
Blue_Dragon_vs_Pantheon_g1,671,1065,9105,273,0,35,32,43,6,2.101010101010101,10.0,9.8989898989899,7190,False
Blue_Dragon_vs_Pantheon_g1,672,1092,9105,273,0,36,32,43,6,2.282828282828283,10.0,9.8989898989899,7200,False
Blue_Dragon_vs_Pantheon_g1,673,1097,9105,273,0,37,32,43,6,2.272727272727273,10.666666666666666,10.0,7210,False
Blue_Dragon_vs_Pantheon_g1,674,1099,9105,273,0,38,32,43,6,2.3434343434343434,9.333333333333334,9.797979797979798,7210,False
Blue_Dragon_vs_Pantheon_g1,675,1094,9105,273,0,39,32,43,6,2.0303030303030303,10.0,9.8989898989899,7230,False
Blue_Dragon_vs_Pantheon_g1,676,1122,9105,273,0,40,32,44,6,2.2626262626262625,10.0,9.8989898989899,7240,True
Blue_Dragon_vs_Pantheon_g1,677,858,9305,279,0,1,33,44,6,-0.45454545454545453,10.666666666666666,10.0,7250,False
Blue_Dragon_vs_Pantheon_g1,678,861,9305,279,0,2,33,44,6,-0.37373737373737376,9.333333333333334,9.797979797979798,7250,False
Blue_Dragon_vs_Pantheon_g1,679,857,9305,279,0,3,33,44,6,-0.6767676767676768,10.0,9.8989898989899,7270,False
Blue_Dragon_vs_Pantheon_g1,680,884,9305,279,0,4,33,44,6,-0.48484848484848486,10.0,9.8989898989899,7280,False
Blue_Dragon_vs_Pantheon_g1,681,890,9305,279,0,5,33,44,6,-0.47474747474747475,10.666666666666666,10.0,7290,False
Blue_Dragon_vs_Pantheon_g1,682,894,9305,279,0,6,33,44,6,-0.37373737373737376,9.333333333333334,9.797979797979798,7290,False
Blue_Dragon_vs_Pantheon_g1,683,890,9305,279,0,7,33,44,6,-0.6666666666666666,10.0,9.8989898989899,7310,False
Blue_Dragon_vs_Pantheon_g1,684,918,9305,279,0,8,33,44,6,-0.43434343434343436,10.0,9.8989898989899,7320,False
Blue_Dragon_vs_Pantheon_g1,685,923,9305,279,0,9,33,44,6,-0.46464646464646464,10.0,9.8989898989899,7320,False
Blue_Dragon_vs_Pantheon_g1,686,922,9305,279,0,10,33,44,6,-0.43434343434343436,8.666666666666666,9.696969696969697,7320,False
Blue_Dragon_vs_Pantheon_g1,687,918,9305,279,0,11,33,44,6,-0.7474747474747475,9.333333333333334,9.797979797979798,7340,False
Blue_Dragon_vs_Pantheon_g1,688,944,9305,279,0,12,33,44,6,-0.5454545454545454,9.333333333333334,9.797979797979798,7350,False
Blue_Dragon_vs_Pantheon_g1,689,948,9305,279,0,13,33,44,6,-0.5353535353535354,10.0,9.8989898989899,7360,False
Blue_Dragon_vs_Pantheon_g1,690,954,9305,279,0,14,33,44,6,-0.43434343434343436,8.666666666666666,9.696969696969697,7360,False
Blue_Dragon_vs_Pantheon_g1,691,950,9305,279,0,15,33,44,6,-0.7474747474747475,9.333333333333334,9.797979797979798,7380,False
Blue_Dragon_vs_Pantheon_g1,692,975,9305,279,0,16,33,44,6,-0.5252525252525253,9.333333333333334,9.797979797979798,7390,False
Blue_Dragon_vs_Pantheon_g1,693,961,9315,279,0,17,33,44,6,-0.7171717171717171,10.0,9.8989898989899,7400,False
Blue_Dragon_vs_Pantheon_g1,694,959,9320,279,0,18,33,44,6,-0.6565656565656566,8.666666666666666,9.696969696969697,7400,False
Blue_Dragon_vs_Pantheon_g1,695,956,9320,279,0,19,33,44,6,-0.9494949494949495,9.333333333333334,9.797979797979798,7420,False
Blue_Dragon_vs_Pantheon_g1,696,981,9315,279,0,20,33,44,6,-0.7474747474747475,9.333333333333334,9.8989898989899,7430,False
Blue_Dragon_vs_Pantheon_g1,697,988,9315,279,0,21,33,44,6,-0.6464646464646465,10.0,10.0,7440,False
Blue_Dragon_vs_Pantheon_g1,698,995,9315,279,0,22,33,44,6,-0.5353535353535354,8.666666666666666,9.797979797979798,7440,False
Blue_Dragon_vs_Pantheon_g1,699,993,9315,279,0,23,33,44,6,-0.8383838383838383,8.666666666666666,9.797979797979798,7450,False
Blue_Dragon_vs_Pantheon_g1,700,1010,9315,279,0,24,33,44,6,1.898989898989899,9.333333333333334,9.797979797979798,7460,False
Blue_Dragon_vs_Pantheon_g1,701,1018,9315,279,0,25,33,44,6,1.898989898989899,10.0,9.8989898989899,7470,False
Blue_Dragon_vs_Pantheon_g1,702,1026,9315,279,0,26,33,44,6,2.0303030303030303,8.666666666666666,9.696969696969697,7470,False
Blue_Dragon_vs_Pantheon_g1,703,1019,9315,279,0,27,33,44,6,1.6767676767676767,9.333333333333334,9.797979797979798,7490,False
Blue_Dragon_vs_Pantheon_g1,704,1042,9315,279,0,28,33,44,6,1.9393939393939394,9.333333333333334,9.797979797979798,7500,False
Blue_Dragon_vs_Pantheon_g1,705,1050,9315,279,0,29,33,44,6,2.0505050505050506,10.0,9.8989898989899,7510,False
Blue_Dragon_vs_Pantheon_g1,706,1058,9315,279,0,30,33,44,6,2.191919191919192,8.666666666666666,9.696969696969697,7510,False
Blue_Dragon_vs_Pantheon_g1,707,1054,9315,279,0,31,33,44,6,1.9090909090909092,8.666666666666666,9.696969696969697,7520,False
Blue_Dragon_vs_Pantheon_g1,708,1071,9315,279,0,32,33,44,6,2.0202020202020203,8.666666666666666,9.696969696969697,7530,False
Blue_Dragon_vs_Pantheon_g1,709,1079,9315,279,0,33,33,44,6,2.04040404040404,9.333333333333334,9.797979797979798,7540,False
Blue_Dragon_vs_Pantheon_g1,710,1086,9315,279,0,34,33,44,6,2.1515151515151514,8.0,9.595959595959595,7540,False
Blue_Dragon_vs_Pantheon_g1,711,1077,9315,279,0,35,33,44,6,1.8181818181818181,8.666666666666666,9.696969696969697,7560,False
Blue_Dragon_vs_Pantheon_g1,712,1102,9315,279,0,36,33,44,6,2.01010101010101,8.666666666666666,9.696969696969697,7570,False
Blue_Dragon_vs_Pantheon_g1,713,1107,9315,279,0,37,33,45,6,1.97979797979798,9.333333333333334,9.797979797979798,7580,False
Blue_Dragon_vs_Pantheon_g1,714,1020,9405,282,0,38,33,45,6,1.1818181818181819,8.666666666666666,9.595959595959595,7580,False
Blue_Dragon_vs_Pantheon_g1,715,1012,9405,282,0,39,33,45,6,0.8383838383838383,8.666666666666666,9.595959595959595,7590,False
Blue_Dragon_vs_Pantheon_g1,716,1026,9405,282,0,40,33,44,6,0.9393939393939394,8.666666666666666,9.595959595959595,7600,False
Blue_Dragon_vs_Pantheon_g1,717,1006,9315,279,0,41,33,44,6,0.6565656565656566,8.666666666666666,9.595959595959595,7600,False
Blue_Dragon_vs_Pantheon_g1,718,1003,9315,279,0,42,33,44,6,0.6666666666666666,7.333333333333333,9.393939393939394,7600,False
Blue_Dragon_vs_Pantheon_g1,719,1000,9315,279,0,43,33,44,6,0.3939393939393939,7.333333333333333,9.393939393939394,7610,False
Blue_Dragon_vs_Pantheon_g1,720,1020,9315,279,0,44,33,44,6,0.5555555555555556,7.333333333333333,9.393939393939394,7620,False
Blue_Dragon_vs_Pantheon_g1,721,1029,9315,279,0,45,33,44,6,0.6060606060606061,8.0,9.494949494949495,7630,False
Blue_Dragon_vs_Pantheon_g1,722,1035,9315,279,0,46,33,44,6,0.7171717171717171,7.333333333333333,9.292929292929292,7630,False
Blue_Dragon_vs_Pantheon_g1,723,1034,9315,279,0,47,33,44,6,0.46464646464646464,7.333333333333333,9.292929292929292,7640,False
Blue_Dragon_vs_Pantheon_g1,724,1054,9315,279,0,48,33,44,6,0.6060606060606061,7.333333333333333,9.292929292929292,7650,False
Blue_Dragon_vs_Pantheon_g1,725,1061,9315,279,0,49,33,44,6,0.6161616161616161,8.0,9.393939393939394,7660,False
Blue_Dragon_vs_Pantheon_g1,726,1070,9315,279,0,50,33,44,6,0.7272727272727273,6.666666666666667,9.191919191919192,7660,False
Blue_Dragon_vs_Pantheon_g1,727,1066,9315,279,0,51,33,44,6,0.43434343434343436,6.666666666666667,9.191919191919192,7670,False
Blue_Dragon_vs_Pantheon_g1,728,1084,9315,279,0,52,33,44,6,0.5353535353535354,6.666666666666667,9.191919191919192,7680,False
Blue_Dragon_vs_Pantheon_g1,729,1090,9315,279,0,53,33,44,6,0.5151515151515151,6.666666666666667,9.191919191919192,7680,False
Blue_Dragon_vs_Pantheon_g1,730,1084,9315,279,0,54,33,44,6,0.48484848484848486,6.0,8.98989898989899,7680,False
Blue_Dragon_vs_Pantheon_g1,731,1077,9315,279,0,55,33,44,6,0.16161616161616163,6.666666666666667,9.090909090909092,7700,False
Blue_Dragon_vs_Pantheon_g1,732,1104,9315,279,0,56,33,44,6,0.3434343434343434,7.333333333333333,9.090909090909092,7710,False
Blue_Dragon_vs_Pantheon_g1,733,1110,9315,279,0,57,33,44,6,0.3434343434343434,8.0,9.191919191919192,7720,False
Blue_Dragon_vs_Pantheon_g1,734,1119,9315,279,0,58,33,44,6,0.4444444444444444,7.333333333333333,8.98989898989899,7720,False
Blue_Dragon_vs_Pantheon_g1,735,1114,9315,279,0,59,33,44,6,0.1717171717171717,7.333333333333333,8.98989898989899,7730,False
Blue_Dragon_vs_Pantheon_g1,736,1128,9315,279,0,60,33,45,6,3.1717171717171717,7.333333333333333,8.98989898989899,7740,True
Blue_Dragon_vs_Pantheon_g1,737,859,9515,285,0,1,34,45,6,0.3838383838383838,7.333333333333333,8.98989898989899,7740,False
Blue_Dragon_vs_Pantheon_g1,738,856,9515,285,0,2,34,45,6,0.3838383838383838,6.666666666666667,8.787878787878787,7740,False
Blue_Dragon_vs_Pantheon_g1,739,856,9515,285,0,3,34,45,6,0.1111111111111111,6.666666666666667,8.787878787878787,7750,False
Blue_Dragon_vs_Pantheon_g1,740,876,9515,285,0,4,34,45,6,0.2828282828282828,6.666666666666667,8.787878787878787,7760,False
Blue_Dragon_vs_Pantheon_g1,741,885,9515,285,0,5,34,45,6,0.36363636363636365,6.666666666666667,8.787878787878787,7760,False
Blue_Dragon_vs_Pantheon_g1,742,885,9515,285,0,6,34,45,6,0.43434343434343436,6.0,8.585858585858587,7760,False
Blue_Dragon_vs_Pantheon_g1,743,882,9515,285,0,7,34,45,6,0.13131313131313133,6.666666666666667,8.686868686868687,7780,False
Blue_Dragon_vs_Pantheon_g1,744,908,9515,285,0,8,34,45,6,0.35353535353535354,7.333333333333333,8.686868686868687,7790,False
Blue_Dragon_vs_Pantheon_g1,745,916,9515,285,0,9,34,45,6,0.35353535353535354,8.0,8.787878787878787,7800,False
Blue_Dragon_vs_Pantheon_g1,746,923,9515,285,0,10,34,45,6,0.46464646464646464,6.666666666666667,8.585858585858587,7800,False
Blue_Dragon_vs_Pantheon_g1,747,920,9515,285,0,11,34,45,6,0.1717171717171717,6.666666666666667,8.585858585858587,7810,False
Blue_Dragon_vs_Pantheon_g1,748,939,9515,285,0,12,34,45,6,0.3333333333333333,6.666666666666667,8.585858585858587,7820,False
Blue_Dragon_vs_Pantheon_g1,749,946,9515,285,0,13,34,45,6,0.3838383838383838,6.666666666666667,8.585858585858587,7820,False
Blue_Dragon_vs_Pantheon_g1,750,941,9515,285,0,14,34,45,6,0.36363636363636365,6.0,8.383838383838384,7820,False
Blue_Dragon_vs_Pantheon_g1,751,937,9515,285,0,15,34,45,6,0.050505050505050504,6.666666666666667,8.484848484848484,7840,False
Blue_Dragon_vs_Pantheon_g1,752,962,9515,285,0,16,34,45,6,0.26262626262626265,7.333333333333333,8.484848484848484,7850,False
Blue_Dragon_vs_Pantheon_g1,753,966,9515,285,0,17,34,45,6,0.26262626262626265,8.0,8.585858585858587,7860,False
Blue_Dragon_vs_Pantheon_g1,754,974,9515,285,0,18,34,45,6,0.3939393939393939,7.333333333333333,8.383838383838384,7860,False
Blue_Dragon_vs_Pantheon_g1,755,815,9525,285,0,19,34,46,6,-1.4545454545454546,7.333333333333333,8.383838383838384,7870,False
Blue_Dragon_vs_Pantheon_g1,756,825,9620,288,0,20,34,46,6,-1.4242424242424243,8.0,8.383838383838384,7880,False
Blue_Dragon_vs_Pantheon_g1,757,833,9615,288,0,21,34,46,6,-1.4141414141414141,8.0,8.383838383838384,7880,False
Blue_Dragon_vs_Pantheon_g1,758,831,9615,288,0,22,34,47,6,-1.3838383838383839,6.666666666666667,8.181818181818182,7880,False
Blue_Dragon_vs_Pantheon_g1,759,731,9705,291,0,23,34,47,6,-2.6666666666666665,6.666666666666667,8.181818181818182,7890,False
Blue_Dragon_vs_Pantheon_g1,760,747,9705,291,0,24,34,47,6,-2.5454545454545454,6.666666666666667,8.181818181818182,7900,False
Blue_Dragon_vs_Pantheon_g1,761,757,9705,291,0,25,34,46,6,-2.494949494949495,7.333333333333333,8.282828282828282,7910,False
Blue_Dragon_vs_Pantheon_g1,762,763,9605,288,0,26,34,46,6,-2.414141414141414,6.666666666666667,8.080808080808081,7910,False
Blue_Dragon_vs_Pantheon_g1,763,573,9705,291,0,27,34,46,6,-4.585858585858586,7.333333333333333,8.181818181818182,7930,False
Blue_Dragon_vs_Pantheon_g1,764,591,9710,291,0,28,34,46,6,-4.454545454545454,8.0,8.181818181818182,7940,False
Blue_Dragon_vs_Pantheon_g1,765,596,9710,291,0,29,34,46,6,-4.444444444444445,8.666666666666666,8.282828282828282,7950,False
Blue_Dragon_vs_Pantheon_g1,766,601,9710,291,0,30,34,46,6,-4.3232323232323235,8.0,8.181818181818182,7960,False
Blue_Dragon_vs_Pantheon_g1,767,608,9710,291,0,31,34,46,6,-4.515151515151516,8.0,8.181818181818182,7970,False
Blue_Dragon_vs_Pantheon_g1,768,628,9710,291,0,32,34,46,6,-4.383838383838384,8.0,8.181818181818182,7980,False
Blue_Dragon_vs_Pantheon_g1,769,635,9710,291,0,33,34,46,6,-4.393939393939394,8.666666666666666,8.282828282828282,7990,False
Blue_Dragon_vs_Pantheon_g1,770,643,9710,291,0,34,34,46,6,-4.262626262626263,8.0,8.080808080808081,7990,False
Blue_Dragon_vs_Pantheon_g1,771,639,9710,291,0,35,34,46,6,-4.575757575757576,8.666666666666666,8.181818181818182,8010,False
Blue_Dragon_vs_Pantheon_g1,772,662,9710,291,0,36,34,46,6,-4.393939393939394,9.333333333333334,8.181818181818182,8020,False
Blue_Dragon_vs_Pantheon_g1,773,668,9710,291,0,37,34,46,6,-4.353535353535354,10.0,8.282828282828282,8030,False
Blue_Dragon_vs_Pantheon_g1,774,660,9720,291,0,38,34,46,6,-4.383838383838384,10.0,8.181818181818182,8040,False
Blue_Dragon_vs_Pantheon_g1,775,667,9720,291,0,39,34,46,6,-4.595959595959596,10.0,8.181818181818182,8050,False
Blue_Dragon_vs_Pantheon_g1,776,687,9720,291,0,40,34,47,6,-1.7272727272727273,10.0,8.181818181818182,8060,False
Blue_Dragon_vs_Pantheon_g1,777,684,9820,294,0,41,34,47,6,-1.7878787878787878,10.666666666666666,8.282828282828282,8070,False
Blue_Dragon_vs_Pantheon_g1,778,690,9815,294,0,42,34,47,6,-1.6868686868686869,9.333333333333334,8.080808080808081,8070,False
Blue_Dragon_vs_Pantheon_g1,779,688,9815,294,0,43,34,47,6,-1.97979797979798,10.0,8.181818181818182,8090,False
Blue_Dragon_vs_Pantheon_g1,780,714,9815,294,0,44,34,47,6,-1.7777777777777777,10.0,8.181818181818182,8100,False
Blue_Dragon_vs_Pantheon_g1,781,704,9820,294,0,45,34,47,6,-1.9191919191919191,10.0,8.282828282828282,8110,False
Blue_Dragon_vs_Pantheon_g1,782,711,9820,294,0,46,34,47,6,-1.8080808080808082,9.333333333333334,8.080808080808081,8110,False
Blue_Dragon_vs_Pantheon_g1,783,689,9830,294,0,47,34,48,6,-2.313131313131313,10.0,8.181818181818182,8130,False
Blue_Dragon_vs_Pantheon_g1,784,704,9930,297,0,48,34,48,6,-2.212121212121212,10.0,8.282828282828282,8140,False
Blue_Dragon_vs_Pantheon_g1,785,708,9930,297,0,49,34,48,6,-2.1616161616161618,10.666666666666666,8.383838383838384,8150,False
Blue_Dragon_vs_Pantheon_g1,786,705,9935,298,0,50,34,48,6,-2.1515151515151514,9.333333333333334,8.181818181818182,8150,False
Blue_Dragon_vs_Pantheon_g1,787,703,9935,298,0,51,34,48,6,-2.4343434343434343,9.333333333333334,8.181818181818182,8160,False
Blue_Dragon_vs_Pantheon_g1,788,711,9940,298,0,52,34,51,6,-2.393939393939394,9.333333333333334,8.181818181818182,8170,False
Blue_Dragon_vs_Pantheon_g1,789,328,10230,306,0,53,34,51,6,-6.3232323232323235,9.333333333333334,8.282828282828282,8180,False
Blue_Dragon_vs_Pantheon_g1,790,329,10235,307,0,54,34,51,6,-6.2727272727272725,8.666666666666666,8.080808080808081,8180,False
Blue_Dragon_vs_Pantheon_g1,791,327,10235,307,0,55,34,51,6,-6.545454545454546,9.333333333333334,8.181818181818182,8200,False
Blue_Dragon_vs_Pantheon_g1,792,351,10235,307,0,56,34,51,6,-6.161616161616162,9.333333333333334,8.181818181818182,8210,False
Blue_Dragon_vs_Pantheon_g1,793,361,10235,307,0,57,34,51,6,-6.040404040404041,10.0,8.282828282828282,8220,False
Blue_Dragon_vs_Pantheon_g1,794,367,10235,307,0,58,34,51,6,-5.94949494949495,9.333333333333334,8.181818181818182,8230,False
Blue_Dragon_vs_Pantheon_g1,795,373,10235,307,0,59,34,51,6,-6.141414141414141,9.333333333333334,8.181818181818182,8240,False
Blue_Dragon_vs_Pantheon_g1,796,391,10235,307,0,60,34,51,6,-6.03030303030303,9.333333333333334,8.181818181818182,8250,False
Blue_Dragon_vs_Pantheon_g1,797,397,10235,307,0,61,34,51,6,-6.040404040404041,10.0,8.282828282828282,8260,False
Blue_Dragon_vs_Pantheon_g1,798,404,10235,307,0,62,34,51,6,-5.94949494949495,8.666666666666666,8.181818181818182,8260,False
Blue_Dragon_vs_Pantheon_g1,799,399,10235,307,0,63,34,51,6,-6.171717171717172,9.333333333333334,8.282828282828282,8280,False
Blue_Dragon_vs_Pantheon_g1,800,426,10235,307,0,64,34,51,6,-5.97979797979798,9.333333333333334,8.282828282828282,8290,False
Blue_Dragon_vs_Pantheon_g1,801,422,10240,307,0,65,34,51,6,-6.101010101010101,10.0,8.383838383838384,8300,False
Blue_Dragon_vs_Pantheon_g1,802,420,10245,307,0,66,34,51,6,-6.05050505050505,10.0,8.282828282828282,8310,False
Blue_Dragon_vs_Pantheon_g1,803,425,10245,307,0,67,34,51,6,-6.232323232323233,10.0,8.282828282828282,8320,False
Blue_Dragon_vs_Pantheon_g1,804,437,10245,307,0,68,34,51,6,-6.191919191919192,10.0,8.282828282828282,8330,False
Blue_Dragon_vs_Pantheon_g1,805,441,10245,307,0,69,34,51,6,-6.232323232323233,10.0,8.282828282828282,8330,False
Blue_Dragon_vs_Pantheon_g1,806,434,10245,307,0,70,34,51,6,-6.262626262626263,8.666666666666666,8.181818181818182,8330,False
Blue_Dragon_vs_Pantheon_g1,807,429,10245,307,0,71,34,51,6,-6.484848484848484,9.333333333333334,8.282828282828282,8350,False
Blue_Dragon_vs_Pantheon_g1,808,442,10250,307,0,72,34,51,6,-6.434343434343434,9.333333333333334,8.282828282828282,8360,False
Blue_Dragon_vs_Pantheon_g1,809,436,10255,307,0,73,34,51,6,-6.565656565656566,9.333333333333334,8.383838383838384,8370,False
Blue_Dragon_vs_Pantheon_g1,810,438,10255,307,0,74,34,51,6,-6.454545454545454,9.333333333333334,8.282828282828282,8380,False
Blue_Dragon_vs_Pantheon_g1,811,425,10265,307,0,75,34,51,6,-6.838383838383838,9.333333333333334,8.282828282828282,8390,False
Blue_Dragon_vs_Pantheon_g1,812,430,10270,308,0,76,34,51,6,-6.838383838383838,9.333333333333334,8.282828282828282,8400,False
Blue_Dragon_vs_Pantheon_g1,813,438,10270,308,0,77,34,51,6,-5.878787878787879,10.0,8.383838383838384,8410,False
Blue_Dragon_vs_Pantheon_g1,814,439,10270,308,0,78,34,51,6,-5.787878787878788,8.666666666666666,8.282828282828282,8410,False
Blue_Dragon_vs_Pantheon_g1,815,428,10270,308,0,79,34,51,6,-6.040404040404041,9.333333333333334,8.383838383838384,8430,False
Blue_Dragon_vs_Pantheon_g1,816,451,10270,308,0,80,34,51,6,-5.606060606060606,9.333333333333334,8.484848484848484,8440,False
Blue_Dragon_vs_Pantheon_g1,817,454,10270,308,0,81,34,51,6,-5.545454545454546,9.333333333333334,8.585858585858587,8450,False
Blue_Dragon_vs_Pantheon_g1,818,448,10275,308,0,82,34,51,6,-5.575757575757576,9.333333333333334,8.585858585858587,8460,False
Blue_Dragon_vs_Pantheon_g1,819,445,10280,308,0,83,34,51,6,-5.808080808080808,9.333333333333334,8.585858585858587,8470,False
Blue_Dragon_vs_Pantheon_g1,820,451,10285,308,0,84,34,51,6,-5.838383838383838,10.0,8.585858585858587,8480,False
Blue_Dragon_vs_Pantheon_g1,821,453,10285,308,0,85,34,51,6,-5.878787878787879,10.666666666666666,8.686868686868687,8490,False
Blue_Dragon_vs_Pantheon_g1,822,456,10285,308,0,86,34,51,6,-5.838383838383838,9.333333333333334,8.585858585858587,8490,False
Blue_Dragon_vs_Pantheon_g1,823,439,10290,308,0,87,34,51,6,-6.212121212121212,10.0,8.686868686868687,8510,False
Blue_Dragon_vs_Pantheon_g1,824,463,10290,308,0,88,34,51,6,-6.040404040404041,10.0,8.686868686868687,8520,False
Blue_Dragon_vs_Pantheon_g1,825,466,10290,308,0,89,34,51,6,-6.101010101010101,10.0,8.787878787878787,8530,False
Blue_Dragon_vs_Pantheon_g1,826,459,10295,308,0,90,34,51,6,-6.1313131313131315,10.0,8.787878787878787,8540,False
Blue_Dragon_vs_Pantheon_g1,827,460,10295,308,0,91,34,51,6,-6.303030303030303,10.0,8.787878787878787,8550,False
Blue_Dragon_vs_Pantheon_g1,828,477,10295,308,0,92,34,51,6,-6.191919191919192,10.0,8.88888888888889,8560,False
Blue_Dragon_vs_Pantheon_g1,829,481,10295,308,0,93,34,51,6,-6.090909090909091,10.666666666666666,8.98989898989899,8570,False
Blue_Dragon_vs_Pantheon_g1,830,488,10295,308,0,94,34,51,6,-5.94949494949495,9.333333333333334,8.787878787878787,8570,False
Blue_Dragon_vs_Pantheon_g1,831,480,10295,308,0,95,34,51,6,-6.303030303030303,10.0,8.88888888888889,8590,False
Blue_Dragon_vs_Pantheon_g1,832,505,10295,308,0,96,34,51,6,-6.111111111111111,10.0,8.88888888888889,8600,False
Blue_Dragon_vs_Pantheon_g1,833,509,10295,308,0,97,34,51,6,-6.161616161616162,10.0,8.98989898989899,8610,False
Blue_Dragon_vs_Pantheon_g1,834,515,10295,308,0,98,34,51,6,-6.05050505050505,10.0,8.98989898989899,8620,False
Blue_Dragon_vs_Pantheon_g1,835,519,10295,308,0,99,34,51,6,-6.151515151515151,10.0,8.98989898989899,8630,False
Blue_Dragon_vs_Pantheon_g1,836,523,10300,309,0,100,34,51,6,-3.393939393939394,10.0,9.090909090909092,8640,False
Blue_Dragon_vs_Pantheon_g1,837,528,10300,309,0,101,34,51,6,-3.313131313131313,10.666666666666666,9.191919191919192,8650,False
Blue_Dragon_vs_Pantheon_g1,838,531,10300,309,0,102,34,51,6,-3.282828282828283,9.333333333333334,9.090909090909092,8650,False
Blue_Dragon_vs_Pantheon_g1,839,516,10305,309,0,103,34,51,6,-3.6363636363636362,10.0,9.191919191919192,8670,False
Blue_Dragon_vs_Pantheon_g1,840,542,10305,309,0,104,34,51,6,-3.4646464646464645,10.0,9.292929292929292,8680,False
Blue_Dragon_vs_Pantheon_g1,841,547,10305,309,0,105,34,51,6,-3.414141414141414,10.0,9.393939393939394,8690,False
Blue_Dragon_vs_Pantheon_g1,842,551,10305,309,0,106,34,51,6,-3.3434343434343434,10.0,9.292929292929292,8700,False
Blue_Dragon_vs_Pantheon_g1,843,554,10305,309,0,107,34,51,6,-3.5757575757575757,10.0,9.292929292929292,8710,False
Blue_Dragon_vs_Pantheon_g1,844,566,10305,309,0,108,34,51,6,-3.5353535353535355,10.0,9.292929292929292,8720,False
Blue_Dragon_vs_Pantheon_g1,845,572,10305,309,0,109,34,51,6,-3.5454545454545454,10.666666666666666,9.393939393939394,8730,False
Blue_Dragon_vs_Pantheon_g1,846,576,10305,309,0,110,34,51,6,-3.474747474747475,9.333333333333334,9.292929292929292,8730,False
Blue_Dragon_vs_Pantheon_g1,847,573,10305,309,0,111,34,51,6,-3.696969696969697,10.0,9.393939393939394,8750,False
Blue_Dragon_vs_Pantheon_g1,848,598,10305,309,0,112,34,51,6,-3.515151515151515,10.0,9.494949494949495,8760,False
Blue_Dragon_vs_Pantheon_g1,849,602,10305,309,0,113,34,51,6,-3.4242424242424243,10.0,9.595959595959595,8770,False
Blue_Dragon_vs_Pantheon_g1,850,605,10305,309,0,114,34,51,6,-3.3535353535353534,10.0,9.494949494949495,8780,False
Blue_Dragon_vs_Pantheon_g1,851,609,10305,309,0,115,34,51,6,-3.5656565656565657,10.0,9.494949494949495,8790,False
Blue_Dragon_vs_Pantheon_g1,852,622,10305,309,0,116,34,50,6,-3.474747474747475,10.0,9.494949494949495,8800,False
Blue_Dragon_vs_Pantheon_g1,853,627,10205,306,0,117,34,49,6,-3.505050505050505,10.666666666666666,9.595959595959595,8810,False
Blue_Dragon_vs_Pantheon_g1,854,603,10015,300,0,118,34,49,6,-2.1414141414141414,9.333333333333334,9.494949494949495,8810,False
Blue_Dragon_vs_Pantheon_g1,855,598,10015,300,0,119,34,49,6,-2.292929292929293,10.0,9.595959595959595,8830,False
Blue_Dragon_vs_Pantheon_g1,856,621,10015,300,0,120,34,49,6,-2.1414141414141414,10.0,9.696969696969697,8840,False
Blue_Dragon_vs_Pantheon_g1,857,601,10025,300,0,121,34,49,6,-2.323232323232323,10.0,9.797979797979798,8850,False
Blue_Dragon_vs_Pantheon_g1,858,607,10025,300,0,122,34,49,6,-1.2525252525252526,10.0,9.797979797979798,8860,False
Blue_Dragon_vs_Pantheon_g1,859,580,10035,301,0,123,34,49,6,-1.6868686868686869,10.0,9.797979797979798,8870,False
Blue_Dragon_vs_Pantheon_g1,860,593,10035,301,0,124,34,48,6,-1.6565656565656566,10.0,9.797979797979798,8880,False
Blue_Dragon_vs_Pantheon_g1,861,568,9945,298,0,125,34,48,6,-1.9696969696969697,10.666666666666666,9.8989898989899,8890,False
Blue_Dragon_vs_Pantheon_g1,862,573,9945,298,0,126,34,48,6,0.0,9.333333333333334,9.696969696969697,8890,False
Blue_Dragon_vs_Pantheon_g1,863,539,9955,298,0,127,34,48,6,-0.5252525252525253,10.0,9.797979797979798,8910,False
Blue_Dragon_vs_Pantheon_g1,864,568,9955,298,0,128,34,48,6,-0.2828282828282828,10.0,9.797979797979798,8920,False
Blue_Dragon_vs_Pantheon_g1,865,573,9955,298,0,129,34,48,6,-0.2828282828282828,10.0,9.797979797979798,8930,False
Blue_Dragon_vs_Pantheon_g1,866,553,9960,298,0,130,34,48,6,-0.5555555555555556,10.0,9.797979797979798,8940,False
Blue_Dragon_vs_Pantheon_g1,867,557,9960,298,0,131,34,48,6,-0.7171717171717171,10.0,9.797979797979798,8950,False
Blue_Dragon_vs_Pantheon_g1,868,546,9965,298,0,132,34,48,6,-0.898989898989899,10.0,9.797979797979798,8960,False
Blue_Dragon_vs_Pantheon_g1,869,552,9965,298,0,133,34,48,6,-0.9191919191919192,10.666666666666666,9.8989898989899,8970,False
Blue_Dragon_vs_Pantheon_g1,870,558,9965,298,0,134,34,48,6,-0.8181818181818182,9.333333333333334,9.696969696969697,8970,False
Blue_Dragon_vs_Pantheon_g1,871,547,9965,298,0,135,34,48,6,-1.1616161616161615,10.0,9.797979797979798,8990,False
Blue_Dragon_vs_Pantheon_g1,872,576,9965,298,0,136,34,48,6,-0.9292929292929293,10.0,9.797979797979798,9000,False
Blue_Dragon_vs_Pantheon_g1,873,582,9965,298,0,137,34,48,6,-0.7878787878787878,10.0,9.797979797979798,9010,False
Blue_Dragon_vs_Pantheon_g1,874,591,9965,298,0,138,34,48,6,-0.7676767676767676,10.0,9.797979797979798,9020,False
Blue_Dragon_vs_Pantheon_g1,875,594,9965,298,0,139,34,48,6,-0.9393939393939394,10.0,9.797979797979798,9030,False
Blue_Dragon_vs_Pantheon_g1,876,598,9970,299,0,140,34,48,6,-0.8686868686868687,10.0,9.797979797979798,9040,False
Blue_Dragon_vs_Pantheon_g1,877,601,9970,299,0,141,34,48,6,-0.898989898989899,10.666666666666666,9.8989898989899,9050,False
Blue_Dragon_vs_Pantheon_g1,878,607,9970,299,0,142,34,48,6,-0.8181818181818182,9.333333333333334,9.696969696969697,9050,False
Blue_Dragon_vs_Pantheon_g1,879,573,9975,299,0,143,34,48,6,-1.4242424242424243,10.0,9.797979797979798,9070,False
Blue_Dragon_vs_Pantheon_g1,880,572,9980,299,0,144,34,48,6,-1.3333333333333333,10.666666666666666,9.8989898989899,9090,False
Blue_Dragon_vs_Pantheon_g1,881,589,9980,299,0,145,34,48,6,-1.2323232323232323,11.333333333333334,10.1010101010101,9110,False
Blue_Dragon_vs_Pantheon_g1,882,602,9980,299,0,146,34,48,6,-0.8787878787878788,12.0,10.1010101010101,9130,False
Blue_Dragon_vs_Pantheon_g1,883,614,9980,299,0,147,34,48,6,-0.9090909090909091,12.666666666666666,10.202020202020202,9150,False
Blue_Dragon_vs_Pantheon_g1,884,643,9980,299,0,148,34,48,6,-0.6565656565656566,13.333333333333334,10.303030303030303,9170,False
Blue_Dragon_vs_Pantheon_g1,885,657,9980,299,0,149,34,48,6,-0.48484848484848486,14.666666666666666,10.505050505050505,9190,False
Blue_Dragon_vs_Pantheon_g1,886,673,9980,299,0,150,34,48,6,-0.30303030303030304,13.333333333333334,10.404040404040405,9190,False
Blue_Dragon_vs_Pantheon_g1,887,668,9980,299,0,151,34,48,6,-0.43434343434343436,14.0,10.505050505050505,9210,False
Blue_Dragon_vs_Pantheon_g1,888,693,9980,299,0,152,34,48,6,3.686868686868687,14.0,10.505050505050505,9220,False
Blue_Dragon_vs_Pantheon_g1,889,698,9980,299,0,153,34,48,6,3.727272727272727,14.666666666666666,10.707070707070708,9240,False
Blue_Dragon_vs_Pantheon_g1,890,716,9980,299,0,154,34,48,6,3.9292929292929295,14.666666666666666,10.606060606060606,9250,False
Blue_Dragon_vs_Pantheon_g1,891,717,9980,299,0,155,34,48,6,3.696969696969697,14.666666666666666,10.606060606060606,9260,False
Blue_Dragon_vs_Pantheon_g1,892,733,9980,299,0,156,34,48,6,3.757575757575758,14.666666666666666,10.606060606060606,9270,False
Blue_Dragon_vs_Pantheon_g1,893,738,9980,299,0,157,34,48,6,3.7474747474747474,16.0,10.707070707070708,9290,False
Blue_Dragon_vs_Pantheon_g1,894,756,9980,299,0,158,34,48,6,3.8686868686868685,14.666666666666666,10.606060606060606,9290,False
Blue_Dragon_vs_Pantheon_g1,895,750,9980,299,0,159,34,48,6,3.6262626262626263,14.666666666666666,10.707070707070708,9310,False
Blue_Dragon_vs_Pantheon_g1,896,777,9980,299,0,160,34,48,6,3.8383838383838382,14.0,10.707070707070708,9320,False
Blue_Dragon_vs_Pantheon_g1,897,783,9980,299,0,161,34,48,6,3.8282828282828283,14.0,10.909090909090908,9340,False
Blue_Dragon_vs_Pantheon_g1,898,801,9980,299,0,162,34,48,6,4.0606060606060606,13.333333333333334,10.808080808080808,9350,False
Blue_Dragon_vs_Pantheon_g1,899,805,9980,299,0,163,34,49,6,3.8282828282828283,12.666666666666666,10.808080808080808,9360,False
Blue_Dragon_vs_Pantheon_g1,900,808,10080,302,0,164,34,49,6,3.898989898989899,12.0,10.808080808080808,9370,False
Blue_Dragon_vs_Pantheon_g1,901,812,10080,302,0,165,34,49,6,3.95959595959596,13.333333333333334,10.909090909090908,9390,False
Blue_Dragon_vs_Pantheon_g1,902,831,10080,302,0,166,34,49,6,4.101010101010101,12.0,10.808080808080808,9390,False
Blue_Dragon_vs_Pantheon_g1,903,827,10080,302,0,167,34,49,6,3.9393939393939394,12.666666666666666,10.909090909090908,9410,False
Blue_Dragon_vs_Pantheon_g1,904,855,10080,302,0,168,34,49,6,4.181818181818182,12.0,11.01010101010101,9420,False
Blue_Dragon_vs_Pantheon_g1,905,859,10080,302,0,169,34,49,6,4.292929292929293,12.666666666666666,11.212121212121213,9440,False
Blue_Dragon_vs_Pantheon_g1,906,878,10080,302,0,170,34,49,6,4.5353535353535355,12.666666666666666,11.11111111111111,9450,False
Blue_Dragon_vs_Pantheon_g1,907,888,10080,302,0,171,34,49,6,4.505050505050505,12.666666666666666,11.11111111111111,9460,False
Blue_Dragon_vs_Pantheon_g1,908,905,10080,302,0,172,34,49,6,4.737373737373737,12.0,11.11111111111111,9470,False
Blue_Dragon_vs_Pantheon_g1,909,907,10080,302,0,173,34,50,6,4.737373737373737,13.333333333333334,11.212121212121213,9490,False
Blue_Dragon_vs_Pantheon_g1,910,830,10170,305,0,174,34,50,6,4.090909090909091,12.0,11.11111111111111,9490,False
Blue_Dragon_vs_Pantheon_g1,911,829,10170,305,0,175,34,50,6,4.03030303030303,12.666666666666666,11.212121212121213,9510,False
Blue_Dragon_vs_Pantheon_g1,912,858,10170,305,0,176,34,50,6,4.242424242424242,12.0,11.212121212121213,9520,False
Blue_Dragon_vs_Pantheon_g1,913,867,10170,305,0,177,34,51,6,4.3232323232323235,12.0,11.313131313131313,9530,False
Blue_Dragon_vs_Pantheon_g1,914,865,10270,308,0,178,34,51,6,4.414141414141414,12.0,11.212121212121213,9540,False
Blue_Dragon_vs_Pantheon_g1,915,869,10270,308,0,179,34,52,6,4.222222222222222,12.0,11.212121212121213,9550,False
Blue_Dragon_vs_Pantheon_g1,916,788,10360,310,0,180,34,52,6,3.3737373737373737,11.333333333333334,11.212121212121213,9560,False
Blue_Dragon_vs_Pantheon_g1,917,793,10360,310,0,181,34,52,6,3.484848484848485,12.0,11.212121212121213,9570,False
Blue_Dragon_vs_Pantheon_g1,918,801,10355,310,0,182,34,52,6,3.595959595959596,10.666666666666666,11.11111111111111,9570,False
Blue_Dragon_vs_Pantheon_g1,919,791,10360,310,0,183,34,52,6,3.4343434343434343,11.333333333333334,11.212121212121213,9590,False
Blue_Dragon_vs_Pantheon_g1,920,810,10365,310,0,184,34,52,6,3.606060606060606,10.666666666666666,11.212121212121213,9600,False
Blue_Dragon_vs_Pantheon_g1,921,807,10370,311,0,185,34,52,6,3.5454545454545454,10.666666666666666,11.313131313131313,9610,False
Blue_Dragon_vs_Pantheon_g1,922,804,10375,311,0,186,34,52,6,3.686868686868687,10.0,11.11111111111111,9610,False
Blue_Dragon_vs_Pantheon_g1,923,800,10375,311,0,187,34,52,6,3.404040404040404,10.0,11.11111111111111,9620,False
Blue_Dragon_vs_Pantheon_g1,924,818,10375,311,0,188,34,52,6,3.5555555555555554,9.333333333333334,11.11111111111111,9630,False
Blue_Dragon_vs_Pantheon_g1,925,825,10375,311,0,189,34,52,6,3.696969696969697,10.0,11.11111111111111,9640,False
Blue_Dragon_vs_Pantheon_g1,926,823,10380,311,0,190,34,52,6,3.6666666666666665,8.666666666666666,11.01010101010101,9640,False
Blue_Dragon_vs_Pantheon_g1,927,811,10385,311,0,191,34,52,6,3.3737373737373737,9.333333333333334,11.11111111111111,9660,False
Blue_Dragon_vs_Pantheon_g1,928,838,10385,311,0,192,34,52,6,3.606060606060606,9.333333333333334,11.11111111111111,9670,False
Blue_Dragon_vs_Pantheon_g1,929,840,10385,311,0,193,34,52,6,3.5555555555555554,9.333333333333334,11.212121212121213,9680,False
Blue_Dragon_vs_Pantheon_g1,930,842,10385,311,0,194,34,52,6,3.6565656565656566,9.333333333333334,11.11111111111111,9690,False
Blue_Dragon_vs_Pantheon_g1,931,847,10385,311,0,195,34,52,6,3.4545454545454546,9.333333333333334,11.11111111111111,9700,False
Blue_Dragon_vs_Pantheon_g1,932,862,10385,311,0,196,34,52,6,3.5656565656565657,9.333333333333334,11.11111111111111,9710,False
Blue_Dragon_vs_Pantheon_g1,933,868,10385,311,0,197,34,52,6,3.5656565656565657,10.0,11.11111111111111,9720,False
Blue_Dragon_vs_Pantheon_g1,934,862,10390,311,0,198,34,52,6,3.4646464646464645,8.666666666666666,11.01010101010101,9720,False
Blue_Dragon_vs_Pantheon_g1,935,860,10390,311,0,199,34,52,6,3.404040404040404,9.333333333333334,11.11111111111111,9740,False
Blue_Dragon_vs_Pantheon_g1,936,889,10390,311,0,200,34,52,6,3.6464646464646466,9.333333333333334,11.11111111111111,9750,False
Blue_Dragon_vs_Pantheon_g1,937,894,10390,311,0,201,34,52,6,3.6666666666666665,10.0,11.212121212121213,9760,False
Blue_Dragon_vs_Pantheon_g1,938,891,10395,311,0,202,34,52,6,3.787878787878788,10.0,11.11111111111111,9770,False
Blue_Dragon_vs_Pantheon_g1,939,895,10395,311,0,203,34,52,6,3.5656565656565657,10.0,11.11111111111111,9780,False
Blue_Dragon_vs_Pantheon_g1,940,911,10395,311,0,204,34,52,6,3.676767676767677,10.0,11.11111111111111,9790,False
Blue_Dragon_vs_Pantheon_g1,941,917,10395,311,0,205,34,52,6,3.696969696969697,10.666666666666666,11.11111111111111,9800,False
Blue_Dragon_vs_Pantheon_g1,942,913,10400,312,0,206,34,52,6,3.6262626262626263,9.333333333333334,11.01010101010101,9800,False
Blue_Dragon_vs_Pantheon_g1,943,911,10400,312,0,207,34,52,6,3.484848484848485,10.0,11.11111111111111,9820,False
Blue_Dragon_vs_Pantheon_g1,944,939,10400,312,0,208,34,52,6,3.707070707070707,10.0,11.11111111111111,9830,False
Blue_Dragon_vs_Pantheon_g1,945,946,10400,312,0,209,34,52,6,3.7373737373737375,10.0,11.212121212121213,9840,False
Blue_Dragon_vs_Pantheon_g1,946,954,10400,312,0,210,34,52,6,3.8484848484848486,10.0,11.11111111111111,9850,False
Blue_Dragon_vs_Pantheon_g1,947,958,10400,312,0,211,34,52,6,3.6363636363636362,10.0,11.11111111111111,9860,False
Blue_Dragon_vs_Pantheon_g1,948,974,10400,312,0,212,34,52,6,3.757575757575758,10.0,11.11111111111111,9870,False
Blue_Dragon_vs_Pantheon_g1,949,980,10400,312,0,213,34,52,6,3.787878787878788,10.666666666666666,11.11111111111111,9880,False
Blue_Dragon_vs_Pantheon_g1,950,988,10400,312,0,214,34,52,6,3.8282828282828283,9.333333333333334,11.01010101010101,9880,False
Blue_Dragon_vs_Pantheon_g1,951,987,10400,312,0,215,34,52,6,3.686868686868687,10.0,11.11111111111111,9900,False
Blue_Dragon_vs_Pantheon_g1,952,1015,10400,312,0,216,34,52,6,3.919191919191919,10.0,11.11111111111111,9910,False
Blue_Dragon_vs_Pantheon_g1,953,1020,10400,312,0,217,34,52,6,4.212121212121212,10.0,11.212121212121213,9920,False
Blue_Dragon_vs_Pantheon_g1,954,1026,10400,312,0,218,34,52,6,4.3232323232323235,10.0,11.11111111111111,9930,False
Blue_Dragon_vs_Pantheon_g1,955,1029,10400,312,0,219,34,52,6,4.121212121212121,10.0,11.11111111111111,9940,False
Blue_Dragon_vs_Pantheon_g1,956,1007,10410,312,0,220,34,52,6,4.101010101010101,10.0,11.11111111111111,9950,False
Blue_Dragon_vs_Pantheon_g1,957,1004,10415,312,0,221,34,52,6,4.01010101010101,10.666666666666666,11.11111111111111,9960,False
Blue_Dragon_vs_Pantheon_g1,958,1009,10415,312,0,222,34,52,6,4.333333333333333,9.333333333333334,11.01010101010101,9960,False
Blue_Dragon_vs_Pantheon_g1,959,1006,10415,312,0,223,34,52,6,4.171717171717172,10.0,11.11111111111111,9980,False
Blue_Dragon_vs_Pantheon_g1,960,1004,10420,312,0,224,34,52,6,4.404040404040404,10.0,11.11111111111111,9990,False
Blue_Dragon_vs_Pantheon_g1,961,1010,10420,312,0,225,34,52,6,4.414141414141414,10.0,11.212121212121213,10000,False
Blue_Dragon_vs_Pantheon_g1,962,984,10425,312,0,226,34,52,6,4.494949494949495,10.0,11.11111111111111,10010,False
Blue_Dragon_vs_Pantheon_g1,963,992,10425,312,0,227,34,52,6,4.282828282828283,10.0,11.11111111111111,10020,False
Blue_Dragon_vs_Pantheon_g1,964,1008,10425,312,0,228,34,52,6,4.393939393939394,10.0,11.11111111111111,10030,False
Blue_Dragon_vs_Pantheon_g1,965,1014,10425,312,0,229,34,53,7,4.656565656565657,10.666666666666666,11.11111111111111,10040,False
Blue_Dragon_vs_Pantheon_g1,966,825,10475,314,0,230,34,53,7,2.707070707070707,9.333333333333334,11.01010101010101,10040,False
Blue_Dragon_vs_Pantheon_g1,967,792,10475,314,0,231,34,53,7,2.484848484848485,10.0,11.11111111111111,10060,False
Blue_Dragon_vs_Pantheon_g1,968,786,10480,314,0,232,34,53,7,2.3636363636363638,10.0,11.11111111111111,10070,False
Blue_Dragon_vs_Pantheon_g1,969,761,10485,314,0,233,34,53,7,2.0505050505050506,10.0,11.212121212121213,10080,False
Blue_Dragon_vs_Pantheon_g1,970,737,10490,314,0,234,34,53,7,1.9191919191919191,10.0,11.11111111111111,10090,False
Blue_Dragon_vs_Pantheon_g1,971,546,10585,317,0,235,34,53,7,-0.30303030303030304,10.0,11.11111111111111,10100,False
Blue_Dragon_vs_Pantheon_g1,972,558,10585,317,0,236,34,53,7,-0.24242424242424243,10.0,11.11111111111111,10110,False
Blue_Dragon_vs_Pantheon_g1,973,563,10585,317,0,237,34,53,7,-0.2828282828282828,10.666666666666666,11.11111111111111,10120,False
Blue_Dragon_vs_Pantheon_g1,974,568,10585,317,0,238,34,53,7,-0.26262626262626265,9.333333333333334,11.01010101010101,10120,False
Blue_Dragon_vs_Pantheon_g1,975,534,10595,317,0,239,34,53,7,-0.6464646464646465,10.0,11.11111111111111,10140,False
Blue_Dragon_vs_Pantheon_g1,976,531,10600,318,0,240,34,53,7,-0.7070707070707071,10.0,11.11111111111111,10150,False
Blue_Dragon_vs_Pantheon_g1,977,340,10695,320,0,241,34,53,7,-2.696969696969697,10.0,11.212121212121213,10160,False
Blue_Dragon_vs_Pantheon_g1,978,349,10695,320,0,242,34,53,7,-2.2626262626262625,9.333333333333334,11.01010101010101,10160,False
Blue_Dragon_vs_Pantheon_g1,979,317,10695,320,0,243,34,53,7,-2.5757575757575757,10.0,11.01010101010101,10180,False
Blue_Dragon_vs_Pantheon_g1,980,345,10695,320,0,244,34,53,7,-2.4646464646464645,10.0,10.909090909090908,10190,False
Blue_Dragon_vs_Pantheon_g1,981,351,10695,320,0,245,34,53,7,-2.5353535353535355,10.0,10.707070707070708,10190,False
Blue_Dragon_vs_Pantheon_g1,982,347,10695,320,0,246,34,53,7,-2.696969696969697,9.333333333333334,10.606060606060606,10200,False
Blue_Dragon_vs_Pantheon_g1,983,353,10695,320,0,247,34,53,7,-2.9292929292929295,9.333333333333334,10.505050505050505,10210,False
Blue_Dragon_vs_Pantheon_g1,984,372,10695,320,0,248,34,53,7,-2.878787878787879,9.333333333333334,10.404040404040405,10220,False
Blue_Dragon_vs_Pantheon_g1,985,379,10695,320,0,249,34,53,7,-2.9696969696969697,9.333333333333334,10.505050505050505,10230,False
Blue_Dragon_vs_Pantheon_g1,986,386,10695,320,0,250,34,53,7,-2.8484848484848486,9.333333333333334,10.404040404040405,10240,False
Blue_Dragon_vs_Pantheon_g1,987,391,10695,320,0,251,34,53,7,-3.0505050505050506,9.333333333333334,10.404040404040405,10250,False
Blue_Dragon_vs_Pantheon_g1,988,407,10695,320,0,252,34,53,7,-2.9393939393939394,8.666666666666666,10.202020202020202,10250,False
Blue_Dragon_vs_Pantheon_g1,989,4,11185,335,0,253,34,53,7,-7.191919191919192,8.666666666666666,10.1010101010101,10250,False
Blue_Dragon_vs_Pantheon_g1,990,1,11180,335,0,254,34,53,7,-7.232323232323233,7.333333333333333,10.0,10250,False
Blue_Dragon_vs_Pantheon_g1,991,0,11180,335,0,255,34,53,7,-7.404040404040404,7.333333333333333,10.0,10260,False
Blue_Dragon_vs_Pantheon_g1,992,20,11180,335,0,256,34,53,7,-7.252525252525253,9.066666666666666,10.16161616161616,10296,False
Blue_Dragon_vs_Pantheon_g1,993,51,11180,335,0,257,34,53,7,-7.121212121212121,9.066666666666666,10.16161616161616,10296,False
Blue_Dragon_vs_Pantheon_g1,994,17,11190,335,0,258,34,53,7,-7.404040404040404,7.733333333333333,9.95959595959596,10296,False
Blue_Dragon_vs_Pantheon_g1,995,13,11190,335,0,259,34,53,7,-7.717171717171717,7.733333333333333,9.95959595959596,10306,False
Blue_Dragon_vs_Pantheon_g1,996,28,11190,335,0,260,34,53,7,-7.626262626262626,7.733333333333333,9.757575757575758,10306,False
Blue_Dragon_vs_Pantheon_g1,997,24,11190,335,0,261,34,53,7,-7.848484848484849,9.733333333333333,10.06060606060606,10346,False
Blue_Dragon_vs_Pantheon_g1,998,61,11190,335,0,262,34,53,7,-7.515151515151516,9.066666666666666,9.95959595959596,10346,False
Blue_Dragon_vs_Pantheon_g1,999,58,11190,335,0,263,34,53,7,-7.575757575757576,9.066666666666666,9.95959595959596,10356,False
Blue_Dragon_vs_Pantheon_g1,1000,74,11190,335,0,264,34,53,7,-7.454545454545454,11.066666666666666,10.16161616161616,10396,False
Blue_Dragon_vs_Pantheon_g1,1001,112,11190,335,0,265,34,53,7,-7.262626262626263,10.4,10.16161616161616,10396,False
Blue_Dragon_vs_Pantheon_g1,1002,106,11190,335,0,266,34,53,7,-7.282828282828283,9.733333333333333,9.95959595959596,10396,False
Blue_Dragon_vs_Pantheon_g1,1003,102,11190,335,0,267,34,53,7,-7.606060606060606,10.4,9.95959595959596,10406,False
Blue_Dragon_vs_Pantheon_g1,1004,120,11190,335,0,268,34,53,7,-7.4646464646464645,10.4,9.757575757575758,10406,False
Blue_Dragon_vs_Pantheon_g1,1005,116,11190,335,0,269,34,53,7,-7.696969696969697,13.066666666666666,10.06060606060606,10446,False
Blue_Dragon_vs_Pantheon_g1,1006,151,11190,335,0,270,34,53,7,-7.444444444444445,12.4,9.95959595959596,10446,False
Blue_Dragon_vs_Pantheon_g1,1007,148,11190,335,0,271,34,53,7,-7.646464646464646,10.666666666666666,9.95959595959596,10456,False
Blue_Dragon_vs_Pantheon_g1,1008,166,11190,335,0,272,34,53,7,-7.484848484848484,13.333333333333334,10.16161616161616,10496,False
Blue_Dragon_vs_Pantheon_g1,1009,202,11190,335,0,273,34,53,7,-6.343434343434343,13.333333333333334,10.16161616161616,10496,False
Blue_Dragon_vs_Pantheon_g1,1010,197,11190,335,0,274,34,53,7,-6.383838383838384,12.666666666666666,9.95959595959596,10496,False
Blue_Dragon_vs_Pantheon_g1,1011,164,11190,335,0,275,34,53,7,-7.01010101010101,13.333333333333334,9.95959595959596,10506,False
Blue_Dragon_vs_Pantheon_g1,1012,184,11190,335,0,276,34,53,7,-6.898989898989899,10.666666666666666,9.858585858585858,10506,False
Blue_Dragon_vs_Pantheon_g1,1013,181,11190,335,0,277,34,53,7,-6.909090909090909,14.0,10.262626262626263,10556,False
Blue_Dragon_vs_Pantheon_g1,1014,226,11190,335,0,278,34,53,7,-6.494949494949495,13.333333333333334,10.16161616161616,10556,False
Blue_Dragon_vs_Pantheon_g1,1015,223,11190,335,0,279,34,53,7,-5.707070707070707,11.333333333333334,10.16161616161616,10566,False
Blue_Dragon_vs_Pantheon_g1,1016,240,11190,335,0,280,34,53,7,-5.585858585858586,14.0,10.464646464646465,10606,False
Blue_Dragon_vs_Pantheon_g1,1017,275,11190,335,0,281,34,53,7,-5.313131313131313,14.0,10.464646464646465,10606,False
Blue_Dragon_vs_Pantheon_g1,1018,271,11190,335,0,282,34,53,7,-5.252525252525253,13.333333333333334,10.262626262626263,10606,False
Blue_Dragon_vs_Pantheon_g1,1019,266,11190,335,0,283,34,53,7,-5.494949494949495,14.0,10.262626262626263,10616,False
Blue_Dragon_vs_Pantheon_g1,1020,282,11190,335,0,284,34,53,7,-5.303030303030303,11.333333333333334,10.16161616161616,10616,False
Blue_Dragon_vs_Pantheon_g1,1021,277,11190,335,0,285,34,53,7,-5.3232323232323235,14.666666666666666,10.666666666666666,10666,False
Blue_Dragon_vs_Pantheon_g1,1022,319,11190,335,0,286,34,53,7,-4.858585858585859,14.0,10.565656565656566,10666,False
Blue_Dragon_vs_Pantheon_g1,1023,305,11195,335,0,287,34,53,7,-5.181818181818182,12.0,10.565656565656566,10676,False
Blue_Dragon_vs_Pantheon_g1,1024,321,11195,335,0,288,34,53,7,-5.090909090909091,14.666666666666666,10.868686868686869,10716,False
Blue_Dragon_vs_Pantheon_g1,1025,358,11195,335,0,289,34,53,7,-4.696969696969697,14.666666666666666,10.868686868686869,10716,False
Blue_Dragon_vs_Pantheon_g1,1026,355,11195,335,0,290,34,53,7,-4.606060606060606,14.0,10.666666666666666,10716,False
Blue_Dragon_vs_Pantheon_g1,1027,347,11195,335,0,291,34,53,7,-4.959595959595959,14.666666666666666,10.666666666666666,10726,False
Blue_Dragon_vs_Pantheon_g1,1028,362,11195,335,0,292,34,53,7,-4.828282828282828,11.333333333333334,10.565656565656566,10726,False
Blue_Dragon_vs_Pantheon_g1,1029,354,11195,335,0,293,34,53,7,-4.929292929292929,14.666666666666666,10.969696969696969,10776,False
Blue_Dragon_vs_Pantheon_g1,1030,401,11195,335,0,294,34,53,7,-4.505050505050505,14.0,10.868686868686869,10776,False
Blue_Dragon_vs_Pantheon_g1,1031,397,11195,335,0,295,34,53,7,-4.696969696969697,12.0,10.868686868686869,10786,False
Blue_Dragon_vs_Pantheon_g1,1032,412,11195,335,0,296,34,53,7,-4.606060606060606,14.666666666666666,11.171717171717171,10826,False
Blue_Dragon_vs_Pantheon_g1,1033,446,11195,335,0,297,34,53,7,-4.202020202020202,14.666666666666666,11.171717171717171,10826,False
Blue_Dragon_vs_Pantheon_g1,1034,438,11195,335,0,298,34,53,7,-4.262626262626263,14.0,10.969696969696969,10826,False
Blue_Dragon_vs_Pantheon_g1,1035,432,11195,335,0,299,34,53,7,-4.616161616161616,14.666666666666666,10.969696969696969,10836,False
Blue_Dragon_vs_Pantheon_g1,1036,442,11195,335,0,300,34,53,7,-4.565656565656566,11.333333333333334,10.868686868686869,10836,False
Blue_Dragon_vs_Pantheon_g1,1037,435,11195,335,0,301,34,53,7,-4.606060606060606,14.666666666666666,11.272727272727273,10886,False
Blue_Dragon_vs_Pantheon_g1,1038,481,11195,335,0,302,34,53,7,-4.181818181818182,14.0,11.171717171717171,10886,False
Blue_Dragon_vs_Pantheon_g1,1039,478,11195,335,0,303,34,53,7,-4.373737373737374,12.0,11.171717171717171,10896,False
Blue_Dragon_vs_Pantheon_g1,1040,494,11195,335,0,304,34,53,7,-4.2727272727272725,14.666666666666666,11.474747474747474,10936,False
Blue_Dragon_vs_Pantheon_g1,1041,529,11195,335,0,305,34,53,7,-3.878787878787879,14.666666666666666,11.474747474747474,10936,False
Blue_Dragon_vs_Pantheon_g1,1042,524,11195,335,0,306,34,53,7,-3.909090909090909,14.0,11.272727272727273,10936,False
Blue_Dragon_vs_Pantheon_g1,1043,521,11195,335,0,307,34,53,7,-4.222222222222222,14.666666666666666,11.272727272727273,10946,False
Blue_Dragon_vs_Pantheon_g1,1044,521,11200,336,0,308,34,53,7,-4.292929292929293,11.333333333333334,11.171717171717171,10946,False
Blue_Dragon_vs_Pantheon_g1,1045,516,11200,336,0,309,34,53,7,-4.424242424242424,14.666666666666666,11.575757575757576,10996,False
Blue_Dragon_vs_Pantheon_g1,1046,561,11200,336,0,310,34,53,7,-4.01010101010101,14.0,11.474747474747474,10996,False
Blue_Dragon_vs_Pantheon_g1,1047,555,11200,336,0,311,34,53,7,-4.232323232323233,12.0,11.474747474747474,11006,False
Blue_Dragon_vs_Pantheon_g1,1048,572,11200,336,0,312,34,53,7,-4.121212121212121,14.666666666666666,11.777777777777779,11046,False
Blue_Dragon_vs_Pantheon_g1,1049,610,11200,336,0,313,34,53,7,-3.8181818181818183,14.666666666666666,11.777777777777779,11046,False
Blue_Dragon_vs_Pantheon_g1,1050,597,11200,336,0,314,34,53,7,-3.9393939393939394,14.0,11.575757575757576,11046,False
Blue_Dragon_vs_Pantheon_g1,1051,582,11200,336,0,315,34,53,7,-4.373737373737374,14.666666666666666,11.575757575757576,11056,False
Blue_Dragon_vs_Pantheon_g1,1052,598,11200,336,0,316,34,53,7,-4.262626262626263,11.333333333333334,11.474747474747474,11056,False
Blue_Dragon_vs_Pantheon_g1,1053,591,11200,336,0,317,34,53,7,-4.393939393939394,14.4,11.83838383838384,11102,False
Blue_Dragon_vs_Pantheon_g1,1054,631,11200,336,0,318,34,53,7,-4.02020202020202,13.733333333333333,11.737373737373737,11102,False
Blue_Dragon_vs_Pantheon_g1,1055,628,11200,336,0,319,34,53,7,-3.8282828282828283,11.733333333333333,11.737373737373737,11112,False
Blue_Dragon_vs_Pantheon_g1,1056,641,11200,336,0,320,34,53,7,-3.6666666666666665,11.733333333333333,11.636363636363637,11112,False
Blue_Dragon_vs_Pantheon_g1,1057,632,11200,336,0,321,34,53,7,-3.808080808080808,11.733333333333333,11.636363636363637,11112,False
Blue_Dragon_vs_Pantheon_g1,1058,626,11200,336,0,322,34,53,7,-3.8383838383838382,11.333333333333334,11.474747474747474,11116,False
Blue_Dragon_vs_Pantheon_g1,1059,625,11200,336,0,323,34,53,7,-3.8282828282828283,12.266666666666667,11.515151515151516,11130,False
Blue_Dragon_vs_Pantheon_g1,1060,645,11200,336,0,324,34,53,7,-3.686868686868687,8.933333333333334,11.414141414141413,11130,False
Blue_Dragon_vs_Pantheon_g1,1061,639,11200,336,0,325,34,53,7,-3.484848484848485,9.6,11.414141414141413,11140,False
Blue_Dragon_vs_Pantheon_g1,1062,642,11200,336,0,326,34,53,7,-3.5353535353535355,8.933333333333334,11.313131313131313,11140,False
Blue_Dragon_vs_Pantheon_g1,1063,638,11200,336,0,327,34,53,7,-3.7373737373737375,6.933333333333334,11.313131313131313,11150,False
Blue_Dragon_vs_Pantheon_g1,1064,654,11200,336,0,328,34,53,7,-3.6363636363636362,6.933333333333334,11.212121212121213,11150,False
Blue_Dragon_vs_Pantheon_g1,1065,649,11200,336,0,329,34,53,7,-1.7777777777777777,6.933333333333334,11.212121212121213,11150,False
Blue_Dragon_vs_Pantheon_g1,1066,644,11200,336,0,330,34,53,7,-1.494949494949495,6.266666666666667,11.01010101010101,11150,False
Blue_Dragon_vs_Pantheon_g1,1067,637,11200,336,0,331,34,53,7,-1.505050505050505,6.933333333333334,11.01010101010101,11160,False
Blue_Dragon_vs_Pantheon_g1,1068,651,11200,336,0,332,34,53,7,-1.1111111111111112,3.8666666666666667,10.909090909090908,11160,False
Blue_Dragon_vs_Pantheon_g1,1069,644,11200,336,0,333,34,53,7,-0.9393939393939394,4.533333333333333,10.909090909090908,11170,False
Blue_Dragon_vs_Pantheon_g1,1070,645,11200,336,0,334,34,53,7,1.0,3.8666666666666667,10.808080808080808,11170,False
Blue_Dragon_vs_Pantheon_g1,1071,637,11200,336,0,335,34,53,7,0.797979797979798,4.533333333333333,10.808080808080808,11180,False
Blue_Dragon_vs_Pantheon_g1,1072,651,11200,336,0,336,34,53,7,0.8888888888888888,4.533333333333333,10.707070707070708,11180,False
Blue_Dragon_vs_Pantheon_g1,1073,645,11200,336,0,337,34,53,7,0.7777777777777778,4.266666666666667,10.707070707070708,11180,False
Blue_Dragon_vs_Pantheon_g1,1074,637,11200,336,0,338,34,53,7,1.0404040404040404,3.3333333333333335,10.505050505050505,11180,False
Blue_Dragon_vs_Pantheon_g1,1075,633,11200,336,0,339,34,53,7,1.0303030303030303,4.0,10.505050505050505,11190,False
Blue_Dragon_vs_Pantheon_g1,1076,650,11200,336,0,340,34,53,7,3.1313131313131315,3.3333333333333335,10.404040404040405,11190,False
Blue_Dragon_vs_Pantheon_g1,1077,644,11200,336,0,341,34,53,7,2.9797979797979797,4.0,10.505050505050505,11200,False
Blue_Dragon_vs_Pantheon_g1,1078,651,11200,336,0,342,34,53,7,3.3737373737373737,3.3333333333333335,10.303030303030303,11200,False
Blue_Dragon_vs_Pantheon_g1,1079,647,11200,336,0,343,34,53,7,3.0505050505050506,4.0,10.303030303030303,11210,False
Blue_Dragon_vs_Pantheon_g1,1080,661,11200,336,0,344,34,53,7,3.1313131313131315,4.0,10.303030303030303,11210,False
Blue_Dragon_vs_Pantheon_g1,1081,654,11200,336,0,345,34,53,7,3.101010101010101,4.0,10.202020202020202,11210,False
Blue_Dragon_vs_Pantheon_g1,1082,647,11200,336,0,346,34,53,7,2.9696969696969697,3.3333333333333335,10.1010101010101,11210,False
Blue_Dragon_vs_Pantheon_g1,1083,637,11200,336,0,347,34,53,7,2.676767676767677,4.0,10.1010101010101,11220,False
Blue_Dragon_vs_Pantheon_g1,1084,649,11200,336,0,348,34,53,7,2.727272727272727,3.3333333333333335,10.0,11220,False
Blue_Dragon_vs_Pantheon_g1,1085,643,11200,336,0,349,34,53,7,2.595959595959596,4.0,10.0,11230,False
Blue_Dragon_vs_Pantheon_g1,1086,648,11200,336,0,350,34,53,7,2.595959595959596,3.3333333333333335,9.8989898989899,11230,False
Blue_Dragon_vs_Pantheon_g1,1087,644,11200,336,0,351,34,53,7,2.393939393939394,4.0,10.0,11240,False
Blue_Dragon_vs_Pantheon_g1,1088,659,11200,336,0,352,34,53,7,6.616161616161616,4.0,10.0,11240,False
Blue_Dragon_vs_Pantheon_g1,1089,653,11200,336,0,353,34,53,7,6.585858585858586,4.0,10.0,11240,False
Blue_Dragon_vs_Pantheon_g1,1090,647,11200,336,0,354,34,53,7,6.5353535353535355,3.3333333333333335,9.8989898989899,11240,False
Blue_Dragon_vs_Pantheon_g1,1091,640,11200,336,0,355,34,53,7,6.262626262626263,4.0,9.636363636363637,11250,False
Blue_Dragon_vs_Pantheon_g1,1092,653,11200,336,0,356,34,53,7,6.08080808080808,3.3333333333333335,9.636363636363637,11250,False
Blue_Dragon_vs_Pantheon_g1,1093,647,11200,336,0,357,34,53,7,6.363636363636363,4.0,9.737373737373737,11260,False
Blue_Dragon_vs_Pantheon_g1,1094,655,11200,336,0,358,34,53,7,6.484848484848484,3.3333333333333335,9.636363636363637,11260,False
Blue_Dragon_vs_Pantheon_g1,1095,650,11200,336,0,359,34,53,7,6.282828282828283,4.0,9.737373737373737,11270,False
Blue_Dragon_vs_Pantheon_g1,1096,668,11200,336,0,360,34,53,7,6.505050505050505,4.0,9.333333333333334,11270,False
Blue_Dragon_vs_Pantheon_g1,1097,662,11200,336,0,361,34,53,7,6.070707070707071,4.0,9.333333333333334,11270,False
Blue_Dragon_vs_Pantheon_g1,1098,646,11205,336,0,362,34,53,7,5.9393939393939394,3.3333333333333335,9.232323232323232,11270,False
Blue_Dragon_vs_Pantheon_g1,1099,641,11205,336,0,363,34,53,7,5.7272727272727275,4.0,8.929292929292929,11280,False
Blue_Dragon_vs_Pantheon_g1,1100,653,11205,336,0,364,34,53,7,5.4646464646464645,3.3333333333333335,8.929292929292929,11280,False
Blue_Dragon_vs_Pantheon_g1,1101,647,11205,336,0,365,34,53,7,5.4646464646464645,4.0,9.030303030303031,11290,False
Blue_Dragon_vs_Pantheon_g1,1102,652,11205,336,0,366,34,53,7,5.555555555555555,3.3333333333333335,8.929292929292929,11290,False
Blue_Dragon_vs_Pantheon_g1,1103,646,11205,336,0,367,34,53,7,5.313131313131313,4.0,9.030303030303031,11300,False
Blue_Dragon_vs_Pantheon_g1,1104,660,11205,336,0,368,34,53,7,5.494949494949495,4.0,8.626262626262626,11300,False
Blue_Dragon_vs_Pantheon_g1,1105,658,11205,336,0,369,34,53,7,5.121212121212121,4.0,8.626262626262626,11300,False
Blue_Dragon_vs_Pantheon_g1,1106,653,11205,336,0,370,34,53,7,5.101010101010101,3.3333333333333335,8.525252525252526,11300,False
Blue_Dragon_vs_Pantheon_g1,1107,647,11205,336,0,371,34,53,7,4.858585858585859,4.0,8.222222222222221,11310,False
Blue_Dragon_vs_Pantheon_g1,1108,661,11205,336,0,372,34,53,7,4.636363636363637,3.3333333333333335,8.222222222222221,11310,False
Blue_Dragon_vs_Pantheon_g1,1109,655,11205,336,0,373,34,53,7,4.626262626262626,4.0,8.323232323232324,11320,False
Blue_Dragon_vs_Pantheon_g1,1110,661,11205,336,0,374,34,53,7,5.02020202020202,3.3333333333333335,8.222222222222221,11320,False
Blue_Dragon_vs_Pantheon_g1,1111,656,11205,336,0,375,34,53,7,4.767676767676767,4.0,8.323232323232324,11330,False
Blue_Dragon_vs_Pantheon_g1,1112,672,11205,336,0,376,34,53,7,4.959595959595959,4.0,7.818181818181818,11330,False
Blue_Dragon_vs_Pantheon_g1,1113,665,11205,336,0,377,34,53,7,4.434343434343434,4.0,7.818181818181818,11330,False
Blue_Dragon_vs_Pantheon_g1,1114,661,11205,336,0,378,34,53,7,4.424242424242424,3.3333333333333335,7.717171717171717,11330,False
Blue_Dragon_vs_Pantheon_g1,1115,653,11205,336,0,379,34,53,7,4.171717171717172,4.0,7.414141414141414,11340,False
Blue_Dragon_vs_Pantheon_g1,1116,667,11205,336,0,380,34,53,7,3.95959595959596,3.3333333333333335,7.414141414141414,11340,False
Blue_Dragon_vs_Pantheon_g1,1117,660,11205,336,0,381,34,53,7,3.9292929292929295,4.0,7.515151515151516,11350,False
Blue_Dragon_vs_Pantheon_g1,1118,667,11205,336,0,382,34,53,7,4.05050505050505,3.3333333333333335,7.414141414141414,11350,False
Blue_Dragon_vs_Pantheon_g1,1119,661,11205,336,0,383,34,53,7,3.8282828282828283,4.0,7.515151515151516,11360,False
Blue_Dragon_vs_Pantheon_g1,1120,677,11205,336,0,384,34,53,7,4.040404040404041,4.0,7.01010101010101,11360,False
Blue_Dragon_vs_Pantheon_g1,1121,673,11205,336,0,385,34,53,7,3.5757575757575757,4.0,7.01010101010101,11360,False
Blue_Dragon_vs_Pantheon_g1,1122,667,11205,336,0,386,34,53,7,3.6565656565656566,3.3333333333333335,6.909090909090909,11360,False
Blue_Dragon_vs_Pantheon_g1,1123,656,11205,336,0,387,34,53,7,3.3838383838383836,4.0,6.606060606060606,11370,False
Blue_Dragon_vs_Pantheon_g1,1124,668,11205,336,0,388,34,53,7,3.1313131313131315,3.3333333333333335,6.606060606060606,11370,False
Blue_Dragon_vs_Pantheon_g1,1125,659,11205,336,0,389,34,53,7,3.0707070707070705,4.0,6.707070707070707,11380,False
Blue_Dragon_vs_Pantheon_g1,1126,663,11205,336,0,390,34,53,7,3.191919191919192,3.3333333333333335,6.606060606060606,11380,False
Blue_Dragon_vs_Pantheon_g1,1127,655,11205,336,0,391,34,53,7,2.95959595959596,4.0,6.707070707070707,11390,False
Blue_Dragon_vs_Pantheon_g1,1128,671,11205,336,0,392,34,53,7,3.202020202020202,4.0,6.202020202020202,11390,False
Blue_Dragon_vs_Pantheon_g1,1129,667,11205,336,0,393,34,53,7,2.686868686868687,4.0,6.202020202020202,11390,False
Blue_Dragon_vs_Pantheon_g1,1130,653,11210,336,0,394,34,53,7,2.585858585858586,3.3333333333333335,6.101010101010101,11390,False
Blue_Dragon_vs_Pantheon_g1,1131,647,11210,336,0,395,34,53,7,2.3737373737373737,4.0,5.797979797979798,11400,False
Blue_Dragon_vs_Pantheon_g1,1132,661,11210,336,0,396,34,53,7,2.1717171717171717,3.3333333333333335,5.797979797979798,11400,False
Blue_Dragon_vs_Pantheon_g1,1133,655,11210,336,0,397,34,53,7,2.191919191919192,4.0,5.898989898989899,11410,False
Blue_Dragon_vs_Pantheon_g1,1134,660,11210,336,0,398,34,53,7,2.303030303030303,3.3333333333333335,5.797979797979798,11410,False
Blue_Dragon_vs_Pantheon_g1,1135,656,11210,336,0,399,34,53,7,2.1616161616161618,4.0,5.898989898989899,11420,False
Blue_Dragon_vs_Pantheon_g1,1136,673,11210,336,0,400,34,53,7,2.404040404040404,4.0,5.393939393939394,11420,False
Blue_Dragon_vs_Pantheon_g1,1137,668,11210,336,0,401,34,53,7,1.8888888888888888,4.0,5.393939393939394,11420,False
Blue_Dragon_vs_Pantheon_g1,1138,662,11210,336,0,402,34,53,7,1.8585858585858586,3.3333333333333335,5.292929292929293,11420,False
Blue_Dragon_vs_Pantheon_g1,1139,655,11210,336,0,403,34,53,7,1.6262626262626263,4.0,4.98989898989899,11430,False
Blue_Dragon_vs_Pantheon_g1,1140,669,11210,336,0,404,34,53,7,1.4141414141414141,3.3333333333333335,4.98989898989899,11430,False
Blue_Dragon_vs_Pantheon_g1,1141,663,11210,336,0,405,34,53,7,1.404040404040404,4.0,5.090909090909091,11440,False
Blue_Dragon_vs_Pantheon_g1,1142,667,11210,336,0,406,34,53,7,1.4747474747474747,3.3333333333333335,4.98989898989899,11440,False
Blue_Dragon_vs_Pantheon_g1,1143,661,11210,336,0,407,34,53,7,1.4141414141414141,4.0,5.090909090909091,11450,False
Blue_Dragon_vs_Pantheon_g1,1144,675,11210,336,0,408,34,53,7,1.606060606060606,4.0,4.585858585858586,11450,False
Blue_Dragon_vs_Pantheon_g1,1145,666,11210,336,0,409,34,53,7,1.0606060606060606,4.0,4.585858585858586,11450,False
Blue_Dragon_vs_Pantheon_g1,1146,664,11210,336,0,410,34,53,7,1.101010101010101,3.3333333333333335,4.484848484848484,11450,False
Blue_Dragon_vs_Pantheon_g1,1147,655,11210,336,0,411,34,53,7,0.8383838383838383,4.0,4.181818181818182,11460,False
Blue_Dragon_vs_Pantheon_g1,1148,667,11210,336,0,412,34,53,7,0.5757575757575758,3.3333333333333335,4.181818181818182,11460,False
Blue_Dragon_vs_Pantheon_g1,1149,658,11210,336,0,413,34,53,7,0.6161616161616161,4.0,4.282828282828283,11470,False
Blue_Dragon_vs_Pantheon_g1,1150,664,11210,336,0,414,34,53,7,0.8282828282828283,3.3333333333333335,4.181818181818182,11470,False
Blue_Dragon_vs_Pantheon_g1,1151,658,11210,336,0,415,34,53,7,0.6060606060606061,4.0,4.282828282828283,11480,False
Blue_Dragon_vs_Pantheon_g1,1152,670,11210,336,0,416,34,53,7,0.797979797979798,4.0,3.8181818181818183,11480,False
Blue_Dragon_vs_Pantheon_g1,1153,659,11210,336,0,417,34,53,7,0.2828282828282828,4.0,3.8181818181818183,11480,False
Blue_Dragon_vs_Pantheon_g1,1154,652,11210,336,0,418,34,53,7,0.24242424242424243,3.3333333333333335,3.717171717171717,11480,False
Blue_Dragon_vs_Pantheon_g1,1155,646,11210,336,0,419,34,53,7,0.050505050505050504,4.0,3.8181818181818183,11490,False
Blue_Dragon_vs_Pantheon_g1,1156,660,11210,336,0,420,34,53,7,0.2828282828282828,3.3333333333333335,3.8181818181818183,11490,False
Blue_Dragon_vs_Pantheon_g1,1157,653,11210,336,0,421,34,53,7,0.2727272727272727,4.0,3.878787878787879,11500,False
Blue_Dragon_vs_Pantheon_g1,1158,657,11210,336,0,422,34,53,7,0.32323232323232326,3.3333333333333335,3.7373737373737375,11500,False
Blue_Dragon_vs_Pantheon_g1,1159,651,11210,336,0,423,34,53,7,0.06060606060606061,4.0,3.8383838383838382,11510,False
Blue_Dragon_vs_Pantheon_g1,1160,660,11210,336,0,424,34,53,7,0.21212121212121213,4.0,3.7373737373737375,11510,False
Blue_Dragon_vs_Pantheon_g1,1161,655,11210,336,0,425,34,53,7,0.13131313131313133,4.0,3.7373737373737375,11510,False
Blue_Dragon_vs_Pantheon_g1,1162,651,11210,336,0,426,34,53,7,0.13131313131313133,3.3333333333333335,3.6363636363636362,11510,False
Blue_Dragon_vs_Pantheon_g1,1163,644,11210,336,0,427,34,53,7,-0.10101010101010101,4.0,3.7373737373737375,11520,False
Blue_Dragon_vs_Pantheon_g1,1164,658,11210,336,0,428,34,53,7,0.09090909090909091,3.3333333333333335,3.7373737373737375,11520,False
Blue_Dragon_vs_Pantheon_g1,1165,652,11210,336,0,429,34,53,7,0.08080808080808081,4.0,3.8383838383838382,11530,False
Blue_Dragon_vs_Pantheon_g1,1166,654,11210,336,0,430,34,53,7,0.1717171717171717,3.3333333333333335,3.7373737373737375,11530,False
Blue_Dragon_vs_Pantheon_g1,1167,644,11210,336,0,431,34,53,7,-0.0707070707070707,4.0,3.8383838383838382,11540,False
Blue_Dragon_vs_Pantheon_g1,1168,656,11210,336,0,432,34,53,7,0.12121212121212122,4.0,3.7373737373737375,11540,False
Blue_Dragon_vs_Pantheon_g1,1169,651,11210,336,0,433,34,53,7,0.06060606060606061,4.0,3.7373737373737375,11540,False
Blue_Dragon_vs_Pantheon_g1,1170,644,11210,336,0,434,34,53,7,0.0707070707070707,3.3333333333333335,3.6363636363636362,11540,False
Blue_Dragon_vs_Pantheon_g1,1171,637,11210,336,0,435,34,53,7,-0.1414141414141414,4.0,3.7373737373737375,11550,False
Blue_Dragon_vs_Pantheon_g1,1172,648,11210,336,0,436,34,53,7,0.030303030303030304,3.3333333333333335,3.7373737373737375,11550,False
Blue_Dragon_vs_Pantheon_g1,1173,641,11210,336,0,437,34,53,7,0.04040404040404041,4.0,3.8383838383838382,11560,False
Blue_Dragon_vs_Pantheon_g1,1174,642,11210,336,0,438,34,53,7,0.09090909090909091,3.3333333333333335,3.7373737373737375,11560,False
Blue_Dragon_vs_Pantheon_g1,1175,636,11210,336,0,439,34,53,7,-0.1414141414141414,4.0,3.8383838383838382,11570,False
Blue_Dragon_vs_Pantheon_g1,1176,652,11210,336,0,440,34,53,7,0.08080808080808081,4.0,3.7373737373737375,11570,False
Blue_Dragon_vs_Pantheon_g1,1177,645,11210,336,0,441,34,53,7,-0.06060606060606061,4.0,3.7373737373737375,11570,False
Blue_Dragon_vs_Pantheon_g1,1178,639,11210,336,0,442,34,53,7,-0.08080808080808081,3.3333333333333335,3.6363636363636362,11570,False
Blue_Dragon_vs_Pantheon_g1,1179,630,11210,336,0,443,34,53,7,-0.31313131313131315,4.0,3.7373737373737375,11580,False
Blue_Dragon_vs_Pantheon_g1,1180,646,11210,336,0,444,34,53,7,-0.08080808080808081,3.3333333333333335,3.7373737373737375,11580,False
Blue_Dragon_vs_Pantheon_g1,1181,639,11210,336,0,445,34,53,7,-0.08080808080808081,4.0,3.8383838383838382,11590,False
Blue_Dragon_vs_Pantheon_g1,1182,643,11210,336,0,446,34,53,7,0.06060606060606061,3.3333333333333335,3.7373737373737375,11590,False
Blue_Dragon_vs_Pantheon_g1,1183,636,11210,336,0,447,34,53,7,-0.13131313131313133,4.0,3.8383838383838382,11600,False
Blue_Dragon_vs_Pantheon_g1,1184,651,11210,336,0,448,34,53,7,0.08080808080808081,4.0,3.7373737373737375,11600,False
Blue_Dragon_vs_Pantheon_g1,1185,645,11210,336,0,449,34,53,7,-0.030303030303030304,4.0,3.7373737373737375,11600,False
Blue_Dragon_vs_Pantheon_g1,1186,637,11210,336,0,450,34,53,7,-0.0707070707070707,3.3333333333333335,3.6363636363636362,11600,False
Blue_Dragon_vs_Pantheon_g1,1187,630,11210,336,0,451,34,53,7,-0.29292929292929293,4.0,3.7373737373737375,11610,False
Blue_Dragon_vs_Pantheon_g1,1188,642,11210,336,0,452,34,53,7,-0.1111111111111111,3.3333333333333335,3.7373737373737375,11610,False
Blue_Dragon_vs_Pantheon_g1,1189,635,11210,336,0,453,34,53,7,-0.12121212121212122,4.0,3.8383838383838382,11620,False
Blue_Dragon_vs_Pantheon_g1,1190,639,11210,336,0,454,34,53,7,-0.010101010101010102,3.3333333333333335,3.7373737373737375,11620,False
Blue_Dragon_vs_Pantheon_g1,1191,633,11210,336,0,455,34,53,7,-0.20202020202020202,4.0,3.8383838383838382,11630,False
Blue_Dragon_vs_Pantheon_g1,1192,645,11210,336,0,456,34,53,7,-0.020202020202020204,4.0,3.7373737373737375,11630,False
Blue_Dragon_vs_Pantheon_g1,1193,639,11210,336,0,457,34,53,7,-0.16161616161616163,4.0,3.7373737373737375,11630,False
Blue_Dragon_vs_Pantheon_g1,1194,634,11210,336,0,458,34,53,7,-0.16161616161616163,3.3333333333333335,3.6363636363636362,11630,False
Blue_Dragon_vs_Pantheon_g1,1195,630,11210,336,0,459,34,53,7,-0.3838383838383838,4.0,3.7373737373737375,11640,False
Blue_Dragon_vs_Pantheon_g1,1196,644,11210,336,0,460,34,53,7,-0.18181818181818182,3.3333333333333335,3.7373737373737375,11640,False
Blue_Dragon_vs_Pantheon_g1,1197,635,11210,336,0,461,34,53,7,-0.1111111111111111,4.0,3.8383838383838382,11650,False
Blue_Dragon_vs_Pantheon_g1,1198,636,11210,336,0,462,34,53,7,-0.050505050505050504,3.3333333333333335,3.7373737373737375,11650,False
Blue_Dragon_vs_Pantheon_g1,1199,631,11210,336,0,463,34,53,7,-0.2222222222222222,4.0,3.8383838383838382,11660,False
Blue_Dragon_vs_Pantheon_g1,1200,647,11210,336,0,464,34,53,7,0.0,4.0,3.7373737373737375,11660,False
Blue_Dragon_vs_Pantheon_g1,1201,640,11210,336,0,465,34,53,7,-0.12121212121212122,4.0,3.7373737373737375,11660,False
Blue_Dragon_vs_Pantheon_g1,1202,636,11210,336,0,466,34,53,7,-0.10101010101010101,3.3333333333333335,3.6363636363636362,11660,False
Blue_Dragon_vs_Pantheon_g1,1203,629,11210,336,0,467,34,53,7,-0.31313131313131315,4.0,3.7373737373737375,11670,False
Blue_Dragon_vs_Pantheon_g1,1204,644,11210,336,0,468,34,53,7,-0.1414141414141414,3.3333333333333335,3.7373737373737375,11670,False
Blue_Dragon_vs_Pantheon_g1,1205,637,11210,336,0,469,34,53,7,-0.16161616161616163,4.0,3.8383838383838382,11680,False
Blue_Dragon_vs_Pantheon_g1,1206,641,11210,336,0,470,34,53,7,-0.06060606060606061,3.3333333333333335,3.7373737373737375,11680,False
Blue_Dragon_vs_Pantheon_g1,1207,635,11210,336,0,471,34,53,7,-0.26262626262626265,4.0,3.8383838383838382,11690,False
Blue_Dragon_vs_Pantheon_g1,1208,647,11210,336,0,472,34,53,7,-0.08080808080808081,4.0,3.7373737373737375,11690,False
Blue_Dragon_vs_Pantheon_g1,1209,641,11210,336,0,473,34,53,7,-0.20202020202020202,4.0,3.7373737373737375,11690,False
Blue_Dragon_vs_Pantheon_g1,1210,636,11210,336,0,474,34,53,7,-0.20202020202020202,3.3333333333333335,3.6363636363636362,11690,False
Blue_Dragon_vs_Pantheon_g1,1211,632,11210,336,0,475,34,53,7,-0.40404040404040403,4.0,3.7373737373737375,11700,False
Blue_Dragon_vs_Pantheon_g1,1212,645,11210,336,0,476,34,53,7,-0.20202020202020202,3.3333333333333335,3.7373737373737375,11700,False
Blue_Dragon_vs_Pantheon_g1,1213,641,11210,336,0,477,34,53,7,-0.20202020202020202,4.0,3.8383838383838382,11710,False
Blue_Dragon_vs_Pantheon_g1,1214,646,11210,336,0,478,34,53,7,-0.0707070707070707,3.3333333333333335,3.7373737373737375,11710,False
Blue_Dragon_vs_Pantheon_g1,1215,639,11210,336,0,479,34,53,7,-0.2828282828282828,4.0,3.8383838383838382,11720,False
Blue_Dragon_vs_Pantheon_g1,1216,652,11210,336,0,480,34,53,7,-0.08080808080808081,4.0,3.7373737373737375,11720,False
Blue_Dragon_vs_Pantheon_g1,1217,644,11210,336,0,481,34,53,7,-0.23232323232323232,4.0,3.7373737373737375,11720,False
Blue_Dragon_vs_Pantheon_g1,1218,638,11210,336,0,482,34,53,7,-0.23232323232323232,3.3333333333333335,3.6363636363636362,11720,False
Blue_Dragon_vs_Pantheon_g1,1219,634,11210,336,0,483,34,53,7,-0.43434343434343436,4.0,3.7373737373737375,11730,False
Blue_Dragon_vs_Pantheon_g1,1220,644,11210,336,0,484,34,53,7,-0.29292929292929293,3.3333333333333335,3.7373737373737375,11730,False
Blue_Dragon_vs_Pantheon_g1,1221,635,11210,336,0,485,34,53,7,-0.32323232323232326,4.0,3.8383838383838382,11740,False
Blue_Dragon_vs_Pantheon_g1,1222,635,11210,336,0,486,34,53,7,-0.21212121212121213,3.3333333333333335,3.7373737373737375,11740,False
Blue_Dragon_vs_Pantheon_g1,1223,628,11210,336,0,487,34,53,7,-0.40404040404040403,4.0,3.8383838383838382,11750,False
Blue_Dragon_vs_Pantheon_g1,1224,641,11210,336,0,488,34,53,7,-0.18181818181818182,4.0,3.7373737373737375,11750,False
Blue_Dragon_vs_Pantheon_g1,1225,635,11210,336,0,489,34,53,7,-0.2828282828282828,4.0,3.7373737373737375,11750,False
Blue_Dragon_vs_Pantheon_g1,1226,629,11210,336,0,490,34,53,7,-0.26262626262626265,3.3333333333333335,3.6363636363636362,11750,False
Blue_Dragon_vs_Pantheon_g1,1227,623,11210,336,0,491,34,53,7,-0.48484848484848486,4.266666666666667,3.7777777777777777,11764,False
Blue_Dragon_vs_Pantheon_g1,1228,639,11210,336,0,492,34,53,7,-0.2828282828282828,3.6,3.7777777777777777,11764,False
Blue_Dragon_vs_Pantheon_g1,1229,633,11210,336,0,493,34,53,7,-0.20202020202020202,4.266666666666667,3.878787878787879,11774,False
Blue_Dragon_vs_Pantheon_g1,1230,637,11210,336,0,494,34,53,7,-0.10101010101010101,3.6,3.7777777777777777,11774,False
Blue_Dragon_vs_Pantheon_g1,1231,630,11210,336,0,495,34,53,7,-0.31313131313131315,4.266666666666667,3.878787878787879,11784,False
Blue_Dragon_vs_Pantheon_g1,1232,647,11210,336,0,496,34,53,7,-0.08080808080808081,4.266666666666667,3.7777777777777777,11784,False
Blue_Dragon_vs_Pantheon_g1,1233,638,11210,336,0,497,34,53,7,-0.2222222222222222,4.266666666666667,3.7777777777777777,11784,False
Blue_Dragon_vs_Pantheon_g1,1234,629,11210,336,0,498,34,53,7,-0.2727272727272727,3.6,3.676767676767677,11784,False
Blue_Dragon_vs_Pantheon_g1,1235,626,11210,336,0,499,34,53,7,-0.47474747474747475,4.533333333333333,3.8181818181818183,11798,False
Blue_Dragon_vs_Pantheon_g1,1236,645,11210,336,0,500,34,53,7,-0.23232323232323232,3.8666666666666667,3.8181818181818183,11798,False
Blue_Dragon_vs_Pantheon_g1,1237,639,11210,336,0,501,34,53,7,-0.23232323232323232,4.533333333333333,3.919191919191919,11808,False
Blue_Dragon_vs_Pantheon_g1,1238,644,11210,336,0,502,34,53,7,-0.1111111111111111,3.8666666666666667,3.8181818181818183,11808,False
Blue_Dragon_vs_Pantheon_g1,1239,637,11210,336,0,503,34,53,7,-0.32323232323232326,4.533333333333333,3.919191919191919,11818,False
Blue_Dragon_vs_Pantheon_g1,1240,651,11210,336,0,504,34,53,7,-0.12121212121212122,4.533333333333333,3.8181818181818183,11818,False
Blue_Dragon_vs_Pantheon_g1,1241,648,11210,336,0,505,34,53,7,-0.1919191919191919,4.533333333333333,3.8181818181818183,11818,False
Blue_Dragon_vs_Pantheon_g1,1242,640,11210,336,0,506,34,53,7,-0.21212121212121213,3.6,3.717171717171717,11818,False
Blue_Dragon_vs_Pantheon_g1,1243,632,11210,336,0,507,34,53,7,-0.43434343434343436,4.266666666666667,3.8181818181818183,11828,False
Blue_Dragon_vs_Pantheon_g1,1244,647,11210,336,0,508,34,53,7,-0.1919191919191919,3.6,3.8181818181818183,11828,False
Blue_Dragon_vs_Pantheon_g1,1245,641,11210,336,0,509,34,53,7,-0.23232323232323232,4.266666666666667,3.919191919191919,11838,False
Blue_Dragon_vs_Pantheon_g1,1246,643,11210,336,0,510,34,53,7,-0.12121212121212122,3.6,3.8181818181818183,11838,False
Blue_Dragon_vs_Pantheon_g1,1247,636,11210,336,0,511,34,53,7,-0.31313131313131315,4.266666666666667,3.919191919191919,11848,False
Blue_Dragon_vs_Pantheon_g1,1248,649,11210,336,0,512,34,53,7,-0.09090909090909091,4.266666666666667,3.8181818181818183,11848,False
Blue_Dragon_vs_Pantheon_g1,1249,642,11210,336,0,513,34,53,7,-0.2222222222222222,4.266666666666667,3.8181818181818183,11848,False
Blue_Dragon_vs_Pantheon_g1,1250,636,11210,336,0,514,34,53,7,-0.2222222222222222,3.3333333333333335,3.717171717171717,11848,False
Blue_Dragon_vs_Pantheon_g1,1251,631,11210,336,0,515,34,53,7,-0.3939393939393939,4.0,3.8181818181818183,11858,False
Blue_Dragon_vs_Pantheon_g1,1252,644,11210,336,0,516,34,53,7,-0.15151515151515152,3.3333333333333335,3.8181818181818183,11858,False
Blue_Dragon_vs_Pantheon_g1,1253,638,11210,336,0,517,34,53,7,-0.1414141414141414,4.0,3.919191919191919,11868,False
Blue_Dragon_vs_Pantheon_g1,1254,641,11210,336,0,518,34,53,7,-0.050505050505050504,3.3333333333333335,3.8181818181818183,11868,False
Blue_Dragon_vs_Pantheon_g1,1255,633,11210,336,0,519,34,53,7,-0.2727272727272727,4.0,3.919191919191919,11878,False
Blue_Dragon_vs_Pantheon_g1,1256,648,11210,336,0,520,34,53,7,-0.050505050505050504,4.0,3.8181818181818183,11878,False
Blue_Dragon_vs_Pantheon_g1,1257,642,11210,336,0,521,34,53,7,-0.15151515151515152,4.0,3.8181818181818183,11878,False
Blue_Dragon_vs_Pantheon_g1,1258,636,11210,336,0,522,34,53,7,-0.15151515151515152,3.3333333333333335,3.717171717171717,11878,False
Blue_Dragon_vs_Pantheon_g1,1259,629,11210,336,0,523,34,53,7,-0.31313131313131315,4.0,3.8181818181818183,11888,False
Blue_Dragon_vs_Pantheon_g1,1260,645,11210,336,0,524,34,53,7,-0.10101010101010101,3.3333333333333335,3.8181818181818183,11888,False
Blue_Dragon_vs_Pantheon_g1,1261,639,11210,336,0,525,34,53,7,-0.12121212121212122,4.0,3.919191919191919,11898,False
Blue_Dragon_vs_Pantheon_g1,1262,641,11210,336,0,526,34,53,7,-0.030303030303030304,3.3333333333333335,3.8181818181818183,11898,False
Blue_Dragon_vs_Pantheon_g1,1263,633,11210,336,0,527,34,53,7,-0.25252525252525254,4.0,3.919191919191919,11908,False
Blue_Dragon_vs_Pantheon_g1,1264,648,11210,336,0,528,34,53,7,-0.04040404040404041,4.0,3.8181818181818183,11908,False
Blue_Dragon_vs_Pantheon_g1,1265,641,11210,336,0,529,34,53,7,-0.13131313131313133,4.0,3.8181818181818183,11908,False
Blue_Dragon_vs_Pantheon_g1,1266,633,11210,336,0,530,34,53,7,-0.1111111111111111,3.3333333333333335,3.717171717171717,11908,False
Blue_Dragon_vs_Pantheon_g1,1267,627,11210,336,0,531,34,53,7,-0.29292929292929293,4.0,3.8181818181818183,11918,False
Blue_Dragon_vs_Pantheon_g1,1268,643,11210,336,0,532,34,53,7,-0.08080808080808081,3.3333333333333335,3.8181818181818183,11918,False
Blue_Dragon_vs_Pantheon_g1,1269,636,11210,336,0,533,34,53,7,-0.08080808080808081,4.0,3.919191919191919,11928,False
Blue_Dragon_vs_Pantheon_g1,1270,637,11210,336,0,534,34,53,7,0.0,3.3333333333333335,3.8181818181818183,11928,False
Blue_Dragon_vs_Pantheon_g1,1271,634,11210,336,0,535,34,53,7,-0.1414141414141414,4.0,3.919191919191919,11938,False
Blue_Dragon_vs_Pantheon_g1,1272,651,11210,336,0,536,34,53,7,0.10101010101010101,4.0,3.8181818181818183,11938,False
Blue_Dragon_vs_Pantheon_g1,1273,642,11210,336,0,537,34,53,7,0.0,4.0,3.8181818181818183,11938,False
Blue_Dragon_vs_Pantheon_g1,1274,634,11210,336,0,538,34,53,7,-0.020202020202020204,3.3333333333333335,3.717171717171717,11938,False
Blue_Dragon_vs_Pantheon_g1,1275,628,11210,336,0,539,34,53,7,-0.24242424242424243,4.0,3.8181818181818183,11948,False
Blue_Dragon_vs_Pantheon_g1,1276,643,11210,336,0,540,34,53,7,-0.020202020202020204,3.3333333333333335,3.8181818181818183,11948,False
Blue_Dragon_vs_Pantheon_g1,1277,638,11210,336,0,541,34,53,7,-0.010101010101010102,4.0,3.919191919191919,11958,False
Blue_Dragon_vs_Pantheon_g1,1278,642,11210,336,0,542,34,53,7,0.12121212121212122,3.3333333333333335,3.8181818181818183,11958,False
Blue_Dragon_vs_Pantheon_g1,1279,636,11210,336,0,543,34,53,7,-0.10101010101010101,4.0,3.919191919191919,11968,False
Blue_Dragon_vs_Pantheon_g1,1280,650,11210,336,0,544,34,53,7,0.1111111111111111,4.0,3.8181818181818183,11968,False
Blue_Dragon_vs_Pantheon_g1,1281,646,11210,336,0,545,34,53,7,0.030303030303030304,4.0,3.8181818181818183,11968,False
Blue_Dragon_vs_Pantheon_g1,1282,639,11210,336,0,546,34,53,7,0.030303030303030304,3.3333333333333335,3.717171717171717,11968,False
Blue_Dragon_vs_Pantheon_g1,1283,633,11210,336,0,547,34,53,7,-0.18181818181818182,4.0,3.8181818181818183,11978,False
Blue_Dragon_vs_Pantheon_g1,1284,645,11210,336,0,548,34,53,7,0.0,3.3333333333333335,3.8181818181818183,11978,False
Blue_Dragon_vs_Pantheon_g1,1285,633,11210,336,0,549,34,53,7,-0.04040404040404041,4.0,3.919191919191919,11988,False
Blue_Dragon_vs_Pantheon_g1,1286,632,11210,336,0,550,34,53,7,0.020202020202020204,3.3333333333333335,3.8181818181818183,11988,False
Blue_Dragon_vs_Pantheon_g1,1287,619,11210,336,0,551,34,53,7,-0.23232323232323232,4.533333333333333,4.0,12006,False
Blue_Dragon_vs_Pantheon_g1,1288,633,11210,336,0,552,34,53,7,-0.020202020202020204,4.533333333333333,3.898989898989899,12006,False
Blue_Dragon_vs_Pantheon_g1,1289,622,11210,336,0,553,34,53,7,-0.1717171717171717,5.066666666666666,3.9797979797979797,12014,False
Blue_Dragon_vs_Pantheon_g1,1290,623,11210,336,0,554,34,53,7,-0.10101010101010101,4.666666666666667,3.919191919191919,12018,False
Blue_Dragon_vs_Pantheon_g1,1291,620,11210,336,0,555,34,53,7,-0.25252525252525254,5.866666666666666,4.101010101010101,12036,False
Blue_Dragon_vs_Pantheon_g1,1292,641,11210,336,0,556,34,53,7,0.020202020202020204,5.2,4.101010101010101,12036,False
Blue_Dragon_vs_Pantheon_g1,1293,636,11210,336,0,557,34,53,7,0.020202020202020204,5.866666666666666,4.202020202020202,12046,False
Blue_Dragon_vs_Pantheon_g1,1294,643,11210,336,0,558,34,53,7,0.13131313131313133,5.2,4.101010101010101,12046,False
Blue_Dragon_vs_Pantheon_g1,1295,638,11210,336,0,559,34,53,7,-0.06060606060606061,5.866666666666666,4.202020202020202,12056,False
Blue_Dragon_vs_Pantheon_g1,1296,651,11210,336,0,560,34,53,7,0.16161616161616163,5.866666666666666,4.101010101010101,12056,False
Blue_Dragon_vs_Pantheon_g1,1297,644,11210,336,0,561,34,53,7,0.08080808080808081,5.866666666666666,4.101010101010101,12056,False
Blue_Dragon_vs_Pantheon_g1,1298,637,11210,336,0,562,34,53,7,0.06060606060606061,5.2,4.0,12056,False
Blue_Dragon_vs_Pantheon_g1,1299,628,11210,336,0,563,34,53,7,-0.1919191919191919,5.866666666666666,4.101010101010101,12066,False
Blue_Dragon_vs_Pantheon_g1,1300,645,11210,336,0,564,34,53,7,0.050505050505050504,5.2,4.101010101010101,12066,False
Blue_Dragon_vs_Pantheon_g1,1301,639,11210,336,0,565,34,53,7,0.030303030303030304,5.866666666666666,4.202020202020202,12076,False
Blue_Dragon_vs_Pantheon_g1,1302,641,11210,336,0,566,34,53,7,0.12121212121212122,4.666666666666667,4.101010101010101,12076,False
Blue_Dragon_vs_Pantheon_g1,1303,630,11210,336,0,567,34,53,7,-0.1414141414141414,5.333333333333333,4.202020202020202,12086,False
Blue_Dragon_vs_Pantheon_g1,1304,645,11210,336,0,568,34,53,7,0.08080808080808081,4.8,4.101010101010101,12086,False
Blue_Dragon_vs_Pantheon_g1,1305,641,11210,336,0,569,34,53,7,0.0,4.533333333333333,4.101010101010101,12086,False
Blue_Dragon_vs_Pantheon_g1,1306,634,11210,336,0,570,34,53,7,-0.010101010101010102,3.3333333333333335,4.0,12086,False
Blue_Dragon_vs_Pantheon_g1,1307,627,11210,336,0,571,34,53,7,-0.20202020202020202,4.0,4.101010101010101,12096,False
Blue_Dragon_vs_Pantheon_g1,1308,640,11210,336,0,572,34,53,7,-0.010101010101010102,3.3333333333333335,4.101010101010101,12096,False
Blue_Dragon_vs_Pantheon_g1,1309,632,11210,336,0,573,34,53,7,-0.04040404040404041,4.0,4.202020202020202,12106,False
Blue_Dragon_vs_Pantheon_g1,1310,637,11210,336,0,574,34,53,7,0.050505050505050504,3.3333333333333335,4.101010101010101,12106,False
Blue_Dragon_vs_Pantheon_g1,1311,630,11210,336,0,575,34,53,7,-0.15151515151515152,4.0,4.202020202020202,12116,False
Blue_Dragon_vs_Pantheon_g1,1312,645,11210,336,0,576,34,53,7,0.04040404040404041,4.0,4.101010101010101,12116,False
Blue_Dragon_vs_Pantheon_g1,1313,640,11210,336,0,577,34,53,7,-0.06060606060606061,4.0,4.101010101010101,12116,False
Blue_Dragon_vs_Pantheon_g1,1314,635,11210,336,0,578,34,53,7,-0.04040404040404041,3.3333333333333335,4.0,12116,False
Blue_Dragon_vs_Pantheon_g1,1315,628,11210,336,0,579,34,53,7,-0.24242424242424243,4.0,4.101010101010101,12126,False
Blue_Dragon_vs_Pantheon_g1,1316,641,11210,336,0,580,34,53,7,-0.030303030303030304,3.3333333333333335,4.101010101010101,12126,False
Blue_Dragon_vs_Pantheon_g1,1317,634,11210,336,0,581,34,53,7,-0.04040404040404041,4.0,4.202020202020202,12136,False
Blue_Dragon_vs_Pantheon_g1,1318,640,11210,336,0,582,34,53,7,0.06060606060606061,3.3333333333333335,4.101010101010101,12136,False
Blue_Dragon_vs_Pantheon_g1,1319,634,11210,336,0,583,34,53,7,-0.10101010101010101,4.0,4.202020202020202,12146,False
Blue_Dragon_vs_Pantheon_g1,1320,650,11210,336,0,584,34,53,7,0.15151515151515152,4.0,4.101010101010101,12146,False
Blue_Dragon_vs_Pantheon_g1,1321,639,11210,336,0,585,34,53,7,0.04040404040404041,4.0,4.101010101010101,12146,False
Blue_Dragon_vs_Pantheon_g1,1322,632,11210,336,0,586,34,53,7,0.04040404040404041,3.3333333333333335,4.0,12146,False
Blue_Dragon_vs_Pantheon_g1,1323,621,11210,336,0,587,34,53,7,-0.20202020202020202,4.533333333333333,4.181818181818182,12164,False
Blue_Dragon_vs_Pantheon_g1,1324,644,11210,336,0,588,34,53,7,0.09090909090909091,3.8666666666666667,4.181818181818182,12164,False
Blue_Dragon_vs_Pantheon_g1,1325,637,11210,336,0,589,34,53,7,0.08080808080808081,4.533333333333333,4.282828282828283,12174,False
Blue_Dragon_vs_Pantheon_g1,1326,641,11210,336,0,590,34,53,7,0.18181818181818182,3.8666666666666667,4.141414141414141,12174,False
Blue_Dragon_vs_Pantheon_g1,1327,635,11210,336,0,591,34,53,7,-0.04040404040404041,4.533333333333333,4.242424242424242,12184,False
Blue_Dragon_vs_Pantheon_g1,1328,648,11210,336,0,592,34,53,7,0.15151515151515152,4.533333333333333,4.141414141414141,12184,False
Blue_Dragon_vs_Pantheon_g1,1329,638,11210,336,0,593,34,53,7,0.010101010101010102,4.533333333333333,4.141414141414141,12184,False
Blue_Dragon_vs_Pantheon_g1,1330,628,11210,336,0,594,34,53,7,-0.020202020202020204,3.8666666666666667,4.040404040404041,12184,False
Blue_Dragon_vs_Pantheon_g1,1331,622,11210,336,0,595,34,53,7,-0.25252525252525254,5.066666666666666,4.222222222222222,12202,False
Blue_Dragon_vs_Pantheon_g1,1332,647,11210,336,0,596,34,53,7,0.09090909090909091,4.4,4.222222222222222,12202,False
Blue_Dragon_vs_Pantheon_g1,1333,639,11210,336,0,597,34,53,7,0.10101010101010101,5.066666666666666,4.3232323232323235,12212,False
Blue_Dragon_vs_Pantheon_g1,1334,639,11210,336,0,598,34,53,7,0.13131313131313133,4.4,4.181818181818182,12212,False
Blue_Dragon_vs_Pantheon_g1,1335,633,11210,336,0,599,34,53,7,-0.12121212121212122,5.066666666666666,4.282828282828283,12222,False
Blue_Dragon_vs_Pantheon_g1,1336,644,11210,336,0,600,34,53,7,0.050505050505050504,5.066666666666666,4.181818181818182,12222,False
Blue_Dragon_vs_Pantheon_g1,1337,635,11210,336,0,601,34,53,7,-0.09090909090909091,5.066666666666666,4.181818181818182,12222,False
Blue_Dragon_vs_Pantheon_g1,1338,627,11210,336,0,602,34,53,7,-0.10101010101010101,3.8666666666666667,4.08080808080808,12222,False
Blue_Dragon_vs_Pantheon_g1,1339,610,11215,336,0,603,34,53,7,-0.41414141414141414,5.866666666666666,4.383838383838384,12252,False
Blue_Dragon_vs_Pantheon_g1,1340,645,11215,336,0,604,34,53,7,-0.030303030303030304,5.2,4.383838383838384,12252,False
Blue_Dragon_vs_Pantheon_g1,1341,634,11215,336,0,605,34,53,7,-0.06060606060606061,5.866666666666666,4.484848484848484,12262,False
Blue_Dragon_vs_Pantheon_g1,1342,634,11215,336,0,606,34,53,7,0.020202020202020204,5.2,4.383838383838384,12262,False
Blue_Dragon_vs_Pantheon_g1,1343,620,11215,336,0,607,34,53,7,-0.2727272727272727,6.4,4.565656565656566,12280,False
Blue_Dragon_vs_Pantheon_g1,1344,634,11215,336,0,608,34,53,7,-0.0707070707070707,6.4,4.4646464646464645,12280,False
Blue_Dragon_vs_Pantheon_g1,1345,621,11215,336,0,609,34,53,7,-0.2222222222222222,6.933333333333334,4.545454545454546,12288,False
Blue_Dragon_vs_Pantheon_g1,1346,622,11215,336,0,610,34,53,7,-0.1414141414141414,6.266666666666667,4.525252525252525,12296,False
Blue_Dragon_vs_Pantheon_g1,1347,625,11215,336,0,611,34,53,7,-0.24242424242424243,7.2,4.666666666666667,12310,False
Blue_Dragon_vs_Pantheon_g1,1348,645,11215,336,0,612,34,53,7,0.030303030303030304,6.533333333333333,4.666666666666667,12310,False
Blue_Dragon_vs_Pantheon_g1,1349,638,11215,336,0,613,34,53,7,0.020202020202020204,7.2,4.767676767676767,12320,False
Blue_Dragon_vs_Pantheon_g1,1350,642,11215,336,0,614,34,53,7,0.1111111111111111,6.533333333333333,4.666666666666667,12320,False
Blue_Dragon_vs_Pantheon_g1,1351,634,11215,336,0,615,34,53,7,-0.10101010101010101,7.2,4.767676767676767,12330,False
Blue_Dragon_vs_Pantheon_g1,1352,645,11215,336,0,616,34,53,7,0.0707070707070707,7.2,4.666666666666667,12330,False
Blue_Dragon_vs_Pantheon_g1,1353,635,11215,336,0,617,34,53,7,-0.06060606060606061,7.2,4.666666666666667,12330,False
Blue_Dragon_vs_Pantheon_g1,1354,631,11215,336,0,618,34,53,7,-0.020202020202020204,5.2,4.565656565656566,12330,False
Blue_Dragon_vs_Pantheon_g1,1355,626,11215,336,0,619,34,53,7,-0.2222222222222222,6.133333333333334,4.707070707070707,12344,False
Blue_Dragon_vs_Pantheon_g1,1356,643,11215,336,0,620,34,53,7,0.010101010101010102,5.466666666666667,4.707070707070707,12344,False
Blue_Dragon_vs_Pantheon_g1,1357,636,11215,336,0,621,34,53,7,0.0,6.133333333333334,4.808080808080808,12354,False
Blue_Dragon_vs_Pantheon_g1,1358,641,11215,336,0,622,34,53,7,0.12121212121212122,4.933333333333334,4.707070707070707,12354,False
Blue_Dragon_vs_Pantheon_g1,1359,633,11215,336,0,623,34,53,7,-0.12121212121212122,5.6,4.808080808080808,12364,False
Blue_Dragon_vs_Pantheon_g1,1360,645,11215,336,0,624,34,53,7,0.06060606060606061,5.066666666666666,4.707070707070707,12364,False
Blue_Dragon_vs_Pantheon_g1,1361,639,11215,336,0,625,34,53,7,-0.020202020202020204,4.533333333333333,4.707070707070707,12364,False
Blue_Dragon_vs_Pantheon_g1,1362,631,11215,336,0,626,34,53,7,-0.020202020202020204,3.6,4.606060606060606,12364,False
Blue_Dragon_vs_Pantheon_g1,1363,624,11215,336,0,627,34,53,7,-0.24242424242424243,4.533333333333333,4.747474747474747,12378,False
Blue_Dragon_vs_Pantheon_g1,1364,641,11215,336,0,628,34,53,7,0.0,3.8666666666666667,4.747474747474747,12378,False
Blue_Dragon_vs_Pantheon_g1,1365,634,11215,336,0,629,34,53,7,0.010101010101010102,4.533333333333333,4.848484848484849,12388,False
Blue_Dragon_vs_Pantheon_g1,1366,639,11215,336,0,630,34,53,7,0.12121212121212122,3.8666666666666667,4.747474747474747,12388,False
Blue_Dragon_vs_Pantheon_g1,1367,630,11215,336,0,631,34,53,7,-0.13131313131313133,4.533333333333333,4.848484848484849,12398,False
Blue_Dragon_vs_Pantheon_g1,1368,643,11215,336,0,632,34,53,7,0.0707070707070707,4.533333333333333,4.747474747474747,12398,False
Blue_Dragon_vs_Pantheon_g1,1369,636,11215,336,0,633,34,53,7,-0.010101010101010102,4.533333333333333,4.747474747474747,12398,False
Blue_Dragon_vs_Pantheon_g1,1370,632,11215,336,0,634,34,53,7,-0.020202020202020204,3.6,4.646464646464646,12398,False
Blue_Dragon_vs_Pantheon_g1,1371,624,11215,336,0,635,34,53,7,-0.2727272727272727,4.533333333333333,4.787878787878788,12412,False
Blue_Dragon_vs_Pantheon_g1,1372,643,11215,336,0,636,34,53,7,0.010101010101010102,3.8666666666666667,4.787878787878788,12412,False
Blue_Dragon_vs_Pantheon_g1,1373,635,11215,336,0,637,34,53,7,0.010101010101010102,4.533333333333333,4.888888888888889,12422,False
Blue_Dragon_vs_Pantheon_g1,1374,640,11215,336,0,638,34,53,7,0.12121212121212122,3.8666666666666667,4.787878787878788,12422,False
Blue_Dragon_vs_Pantheon_g1,1375,634,11215,336,0,639,34,53,7,-0.09090909090909091,4.533333333333333,4.888888888888889,12432,False
Blue_Dragon_vs_Pantheon_g1,1376,645,11215,336,0,640,34,53,7,0.0707070707070707,4.533333333333333,4.787878787878788,12432,False
Blue_Dragon_vs_Pantheon_g1,1377,638,11215,336,0,641,34,53,7,-0.04040404040404041,4.533333333333333,4.787878787878788,12432,False
Blue_Dragon_vs_Pantheon_g1,1378,634,11215,336,0,642,34,53,7,-0.020202020202020204,3.6,4.686868686868687,12432,False
Blue_Dragon_vs_Pantheon_g1,1379,626,11215,336,0,643,34,53,7,-0.24242424242424243,4.533333333333333,4.828282828282828,12446,False
Blue_Dragon_vs_Pantheon_g1,1380,643,11215,336,0,644,34,53,7,-0.030303030303030304,3.8666666666666667,4.828282828282828,12446,False
Blue_Dragon_vs_Pantheon_g1,1381,634,11215,336,0,645,34,53,7,-0.050505050505050504,4.533333333333333,4.929292929292929,12456,False
Blue_Dragon_vs_Pantheon_g1,1382,635,11215,336,0,646,34,53,7,0.020202020202020204,3.8666666666666667,4.828282828282828,12456,False
Blue_Dragon_vs_Pantheon_g1,1383,623,11215,336,0,647,34,53,7,-0.2222222222222222,4.8,4.96969696969697,12470,False
Blue_Dragon_vs_Pantheon_g1,1384,639,11215,336,0,648,34,53,7,0.06060606060606061,4.8,4.8686868686868685,12470,False
Blue_Dragon_vs_Pantheon_g1,1385,630,11215,336,0,649,34,53,7,-0.020202020202020204,4.8,4.8686868686868685,12470,False
Blue_Dragon_vs_Pantheon_g1,1386,626,11215,336,0,650,34,53,7,0.0707070707070707,4.133333333333334,4.7272727272727275,12474,False
Blue_Dragon_vs_Pantheon_g1,1387,623,11215,336,0,651,34,53,7,-0.10101010101010101,5.066666666666666,4.8686868686868685,12488,False
Blue_Dragon_vs_Pantheon_g1,1388,643,11215,336,0,652,34,53,7,0.21212121212121213,4.4,4.787878787878788,12488,False
Blue_Dragon_vs_Pantheon_g1,1389,637,11215,336,0,653,34,53,7,0.1414141414141414,5.066666666666666,4.848484848484849,12498,False
Blue_Dragon_vs_Pantheon_g1,1390,641,11215,336,0,654,34,53,7,0.21212121212121213,4.4,4.666666666666667,12498,False
Blue_Dragon_vs_Pantheon_g1,1391,633,11215,336,0,655,34,53,7,-0.08080808080808081,5.066666666666666,4.767676767676767,12508,False
Blue_Dragon_vs_Pantheon_g1,1392,645,11215,336,0,656,34,53,7,0.09090909090909091,5.066666666666666,4.666666666666667,12508,False
Blue_Dragon_vs_Pantheon_g1,1393,637,11215,336,0,657,34,53,7,-0.06060606060606061,5.066666666666666,4.666666666666667,12508,False
Blue_Dragon_vs_Pantheon_g1,1394,633,11215,336,0,658,34,53,7,-0.050505050505050504,4.133333333333334,4.565656565656566,12508,False
Blue_Dragon_vs_Pantheon_g1,1395,628,11215,336,0,659,34,53,7,-0.23232323232323232,4.8,4.666666666666667,12518,False
Blue_Dragon_vs_Pantheon_g1,1396,643,11215,336,0,660,34,53,7,-0.010101010101010102,4.133333333333334,4.666666666666667,12518,False
Blue_Dragon_vs_Pantheon_g1,1397,638,11215,336,0,661,34,53,7,0.010101010101010102,4.8,4.767676767676767,12528,False
Blue_Dragon_vs_Pantheon_g1,1398,639,11215,336,0,662,34,53,7,0.1111111111111111,3.8666666666666667,4.666666666666667,12528,False
Blue_Dragon_vs_Pantheon_g1,1399,628,11215,336,0,663,34,53,7,-0.1717171717171717,4.533333333333333,4.767676767676767,12538,False
Blue_Dragon_vs_Pantheon_g1,1400,640,11215,336,0,664,34,53,7,0.010101010101010102,4.533333333333333,4.666666666666667,12538,False
Blue_Dragon_vs_Pantheon_g1,1401,635,11215,336,0,665,34,53,7,-0.06060606060606061,4.266666666666667,4.666666666666667,12538,False
Blue_Dragon_vs_Pantheon_g1,1402,632,11215,336,0,666,34,53,7,0.020202020202020204,3.3333333333333335,4.565656565656566,12538,False
Blue_Dragon_vs_Pantheon_g1,1403,626,11215,336,0,667,34,53,7,-0.1919191919191919,4.266666666666667,4.707070707070707,12552,False
Blue_Dragon_vs_Pantheon_g1,1404,646,11215,336,0,668,34,53,7,0.050505050505050504,3.6,4.707070707070707,12552,False
Blue_Dragon_vs_Pantheon_g1,1405,638,11215,336,0,669,34,53,7,0.04040404040404041,4.266666666666667,4.808080808080808,12562,False
Blue_Dragon_vs_Pantheon_g1,1406,641,11215,336,0,670,34,53,7,0.1414141414141414,3.6,4.707070707070707,12562,False
Blue_Dragon_vs_Pantheon_g1,1407,634,11215,336,0,671,34,53,7,-0.06060606060606061,4.266666666666667,4.808080808080808,12572,False
Blue_Dragon_vs_Pantheon_g1,1408,647,11215,336,0,672,34,53,7,0.15151515151515152,4.266666666666667,4.707070707070707,12572,False
Blue_Dragon_vs_Pantheon_g1,1409,639,11215,336,0,673,34,53,7,0.020202020202020204,4.266666666666667,4.707070707070707,12572,False
Blue_Dragon_vs_Pantheon_g1,1410,634,11215,336,0,674,34,53,7,0.04040404040404041,3.6,4.606060606060606,12572,False
Blue_Dragon_vs_Pantheon_g1,1411,629,11215,336,0,675,34,53,7,-0.16161616161616163,4.266666666666667,4.707070707070707,12582,False
Blue_Dragon_vs_Pantheon_g1,1412,639,11215,336,0,676,34,53,7,-0.010101010101010102,3.6,4.707070707070707,12582,False
Blue_Dragon_vs_Pantheon_g1,1413,631,11215,336,0,677,34,53,7,-0.04040404040404041,4.266666666666667,4.808080808080808,12592,False
Blue_Dragon_vs_Pantheon_g1,1414,632,11215,336,0,678,34,53,7,0.04040404040404041,3.6,4.707070707070707,12592,False
Blue_Dragon_vs_Pantheon_g1,1415,624,11215,336,0,679,34,53,7,-0.1717171717171717,4.533333333333333,4.848484848484849,12606,False
Blue_Dragon_vs_Pantheon_g1,1416,645,11215,336,0,680,34,53,7,0.1111111111111111,4.533333333333333,4.747474747474747,12606,False
Blue_Dragon_vs_Pantheon_g1,1417,639,11215,336,0,681,34,53,7,-0.010101010101010102,4.533333333333333,4.747474747474747,12606,False
Blue_Dragon_vs_Pantheon_g1,1418,633,11215,336,0,682,34,53,7,-0.010101010101010102,3.6,4.646464646464646,12606,False
Blue_Dragon_vs_Pantheon_g1,1419,627,11215,336,0,683,34,53,7,-0.23232323232323232,4.266666666666667,4.747474747474747,12616,False
Blue_Dragon_vs_Pantheon_g1,1420,644,11215,336,0,684,34,53,7,0.050505050505050504,3.6,4.747474747474747,12616,False
Blue_Dragon_vs_Pantheon_g1,1421,634,11215,336,0,685,34,53,7,0.020202020202020204,4.266666666666667,4.848484848484849,12626,False
Blue_Dragon_vs_Pantheon_g1,1422,637,11215,336,0,686,34,53,7,0.16161616161616163,3.6,4.666666666666667,12626,False
Blue_Dragon_vs_Pantheon_g1,1423,631,11215,336,0,687,34,53,7,-0.13131313131313133,4.266666666666667,4.767676767676767,12636,False
Blue_Dragon_vs_Pantheon_g1,1424,647,11215,336,0,688,34,53,7,0.10101010101010101,4.266666666666667,4.666666666666667,12636,False
Blue_Dragon_vs_Pantheon_g1,1425,639,11215,336,0,689,34,53,7,-0.020202020202020204,4.266666666666667,4.666666666666667,12636,False
Blue_Dragon_vs_Pantheon_g1,1426,635,11215,336,0,690,34,53,7,0.0,3.6,4.565656565656566,12636,False
Blue_Dragon_vs_Pantheon_g1,1427,630,11215,336,0,691,34,53,7,-0.18181818181818182,4.266666666666667,4.666666666666667,12646,False
Blue_Dragon_vs_Pantheon_g1,1428,647,11215,336,0,692,34,53,7,0.09090909090909091,3.6,4.666666666666667,12646,False
Blue_Dragon_vs_Pantheon_g1,1429,640,11215,336,0,693,34,53,7,0.12121212121212122,4.266666666666667,4.767676767676767,12656,False
Blue_Dragon_vs_Pantheon_g1,1430,643,11215,336,0,694,34,53,7,0.21212121212121213,3.3333333333333335,4.585858585858586,12656,False
Blue_Dragon_vs_Pantheon_g1,1431,628,11220,336,0,695,34,53,7,-0.1919191919191919,4.0,4.686868686868687,12666,False
Blue_Dragon_vs_Pantheon_g1,1432,641,11220,336,0,696,34,53,7,0.020202020202020204,4.0,4.585858585858586,12666,False
Blue_Dragon_vs_Pantheon_g1,1433,632,11220,336,0,697,34,53,7,-0.0707070707070707,4.0,4.585858585858586,12666,False
Blue_Dragon_vs_Pantheon_g1,1434,623,11220,336,0,698,34,53,7,-0.10101010101010101,3.6,4.525252525252525,12670,False
Blue_Dragon_vs_Pantheon_g1,1435,618,11220,336,0,699,34,53,7,-0.26262626262626265,5.066666666666666,4.747474747474747,12692,False
Blue_Dragon_vs_Pantheon_g1,1436,645,11220,336,0,700,34,53,7,0.10101010101010101,4.4,4.747474747474747,12692,False
Blue_Dragon_vs_Pantheon_g1,1437,637,11220,336,0,701,34,53,7,0.10101010101010101,5.066666666666666,4.848484848484849,12702,False
Blue_Dragon_vs_Pantheon_g1,1438,644,11220,336,0,702,34,53,7,0.3434343434343434,4.4,4.545454545454546,12702,False
Blue_Dragon_vs_Pantheon_g1,1439,638,11220,336,0,703,34,53,7,-0.0707070707070707,5.066666666666666,4.646464646464646,12712,False
Blue_Dragon_vs_Pantheon_g1,1440,652,11220,336,0,704,34,53,7,0.18181818181818182,5.066666666666666,4.545454545454546,12712,False
Blue_Dragon_vs_Pantheon_g1,1441,645,11220,336,0,705,34,53,7,0.1111111111111111,5.066666666666666,4.545454545454546,12712,False
Blue_Dragon_vs_Pantheon_g1,1442,641,11220,336,0,706,34,53,7,0.21212121212121213,4.4,4.363636363636363,12712,False
Blue_Dragon_vs_Pantheon_g1,1443,636,11220,336,0,707,34,53,7,0.020202020202020204,5.066666666666666,4.4646464646464645,12722,False
Blue_Dragon_vs_Pantheon_g1,1444,648,11220,336,0,708,34,53,7,0.2727272727272727,4.4,4.383838383838384,12722,False
Blue_Dragon_vs_Pantheon_g1,1445,642,11220,336,0,709,34,53,7,0.20202020202020202,5.066666666666666,4.404040404040404,12732,False
Blue_Dragon_vs_Pantheon_g1,1446,646,11220,336,0,710,34,53,7,0.21212121212121213,4.4,4.262626262626263,12732,False
Blue_Dragon_vs_Pantheon_g1,1447,639,11220,336,0,711,34,53,7,-0.06060606060606061,5.066666666666666,4.363636363636363,12742,False
Blue_Dragon_vs_Pantheon_g1,1448,652,11220,336,0,712,34,53,7,0.1414141414141414,5.066666666666666,4.262626262626263,12742,False
Blue_Dragon_vs_Pantheon_g1,1449,645,11220,336,0,713,34,53,7,0.030303030303030304,4.8,4.262626262626263,12742,False
Blue_Dragon_vs_Pantheon_g1,1450,638,11220,336,0,714,34,53,7,0.04040404040404041,3.3333333333333335,4.161616161616162,12742,False
Blue_Dragon_vs_Pantheon_g1,1451,634,11220,336,0,715,34,53,7,-0.1111111111111111,4.0,4.262626262626263,12752,False
Blue_Dragon_vs_Pantheon_g1,1452,647,11220,336,0,716,34,53,7,0.12121212121212122,3.3333333333333335,4.262626262626263,12752,False
Blue_Dragon_vs_Pantheon_g1,1453,638,11220,336,0,717,34,53,7,0.0707070707070707,4.0,4.363636363636363,12762,False
Blue_Dragon_vs_Pantheon_g1,1454,642,11220,336,0,718,34,53,7,0.16161616161616163,3.3333333333333335,4.222222222222222,12762,False
Blue_Dragon_vs_Pantheon_g1,1455,636,11220,336,0,719,34,53,7,-0.0707070707070707,4.0,4.3232323232323235,12772,False
Blue_Dragon_vs_Pantheon_g1,1456,649,11220,336,0,720,34,53,7,0.13131313131313133,4.0,4.222222222222222,12772,False
Blue_Dragon_vs_Pantheon_g1,1457,641,11220,336,0,721,34,53,7,0.0,4.0,4.222222222222222,12772,False
Blue_Dragon_vs_Pantheon_g1,1458,632,11220,336,0,722,34,53,7,-0.010101010101010102,3.3333333333333335,4.121212121212121,12772,False
Blue_Dragon_vs_Pantheon_g1,1459,626,11220,336,0,723,34,53,7,-0.1919191919191919,4.266666666666667,4.262626262626263,12786,False
Blue_Dragon_vs_Pantheon_g1,1460,647,11220,336,0,724,34,53,7,0.08080808080808081,3.6,4.262626262626263,12786,False
Blue_Dragon_vs_Pantheon_g1,1461,641,11220,336,0,725,34,53,7,0.10101010101010101,4.266666666666667,4.363636363636363,12796,False
Blue_Dragon_vs_Pantheon_g1,1462,645,11220,336,0,726,34,53,7,0.21212121212121213,3.6,4.222222222222222,12796,False
Blue_Dragon_vs_Pantheon_g1,1463,640,11220,336,0,727,34,53,7,-0.010101010101010102,4.266666666666667,4.3232323232323235,12806,False
Blue_Dragon_vs_Pantheon_g1,1464,654,11220,336,0,728,34,53,7,0.20202020202020202,4.266666666666667,4.222222222222222,12806,False
Blue_Dragon_vs_Pantheon_g1,1465,648,11220,336,0,729,34,53,7,0.09090909090909091,4.266666666666667,4.222222222222222,12806,False
Blue_Dragon_vs_Pantheon_g1,1466,644,11220,336,0,730,34,53,7,0.1414141414141414,3.6,4.121212121212121,12806,False
Blue_Dragon_vs_Pantheon_g1,1467,638,11220,336,0,731,34,53,7,-0.050505050505050504,4.266666666666667,4.222222222222222,12816,False
Blue_Dragon_vs_Pantheon_g1,1468,652,11220,336,0,732,34,53,7,0.16161616161616163,3.6,4.222222222222222,12816,False
Blue_Dragon_vs_Pantheon_g1,1469,646,11220,336,0,733,34,53,7,0.1414141414141414,4.266666666666667,4.3232323232323235,12826,False
Blue_Dragon_vs_Pantheon_g1,1470,650,11220,336,0,734,34,53,7,0.26262626262626265,3.6,4.181818181818182,12826,False
Blue_Dragon_vs_Pantheon_g1,1471,644,11220,336,0,735,34,53,7,0.010101010101010102,4.266666666666667,4.282828282828283,12836,False
Blue_Dragon_vs_Pantheon_g1,1472,661,11220,336,0,736,34,53,7,0.26262626262626265,4.266666666666667,4.181818181818182,12836,False
Blue_Dragon_vs_Pantheon_g1,1473,658,11220,336,0,737,34,53,7,0.18181818181818182,4.266666666666667,4.181818181818182,12836,False
Blue_Dragon_vs_Pantheon_g1,1474,653,11220,336,0,738,34,53,7,0.1919191919191919,3.3333333333333335,4.08080808080808,12836,False
Blue_Dragon_vs_Pantheon_g1,1475,649,11220,336,0,739,34,53,7,0.04040404040404041,4.0,4.181818181818182,12846,False
Blue_Dragon_vs_Pantheon_g1,1476,660,11220,336,0,740,34,53,7,0.2222222222222222,3.3333333333333335,4.181818181818182,12846,False
Blue_Dragon_vs_Pantheon_g1,1477,653,11220,336,0,741,34,53,7,0.1919191919191919,4.0,4.282828282828283,12856,False
Blue_Dragon_vs_Pantheon_g1,1478,656,11220,336,0,742,34,53,7,0.30303030303030304,3.3333333333333335,4.141414141414141,12856,False
Blue_Dragon_vs_Pantheon_g1,1479,648,11220,336,0,743,34,53,7,0.050505050505050504,4.0,4.242424242424242,12866,False
Blue_Dragon_vs_Pantheon_g1,1480,662,11220,336,0,744,34,53,7,0.2828282828282828,4.0,4.141414141414141,12866,False
Blue_Dragon_vs_Pantheon_g1,1481,655,11220,336,0,745,34,53,7,0.20202020202020202,4.0,4.141414141414141,12866,False
Blue_Dragon_vs_Pantheon_g1,1482,651,11220,336,0,746,34,53,7,0.2828282828282828,3.3333333333333335,4.0,12866,False
Blue_Dragon_vs_Pantheon_g1,1483,643,11220,336,0,747,34,53,7,0.04040404040404041,4.0,4.101010101010101,12876,False
Blue_Dragon_vs_Pantheon_g1,1484,659,11220,336,0,748,34,53,7,0.29292929292929293,3.3333333333333335,4.101010101010101,12876,False
Blue_Dragon_vs_Pantheon_g1,1485,655,11220,336,0,749,34,53,7,0.29292929292929293,4.0,4.161616161616162,12886,False
Blue_Dragon_vs_Pantheon_g1,1486,657,11220,336,0,750,34,53,7,0.3434343434343434,3.3333333333333335,4.02020202020202,12886,False
Blue_Dragon_vs_Pantheon_g1,1487,650,11220,336,0,751,34,53,7,0.0707070707070707,4.0,4.121212121212121,12896,False
Blue_Dragon_vs_Pantheon_g1,1488,662,11220,336,0,752,34,53,7,0.25252525252525254,4.0,4.02020202020202,12896,False
Blue_Dragon_vs_Pantheon_g1,1489,654,11220,336,0,753,34,53,7,0.13131313131313133,4.0,4.02020202020202,12896,False
Blue_Dragon_vs_Pantheon_g1,1490,646,11220,336,0,754,34,53,7,0.13131313131313133,3.3333333333333335,3.919191919191919,12896,False
Blue_Dragon_vs_Pantheon_g1,1491,638,11220,336,0,755,34,53,7,-0.0707070707070707,4.0,4.02020202020202,12906,False
Blue_Dragon_vs_Pantheon_g1,1492,651,11220,336,0,756,34,53,7,0.1414141414141414,3.3333333333333335,4.02020202020202,12906,False
Blue_Dragon_vs_Pantheon_g1,1493,645,11220,336,0,757,34,53,7,0.12121212121212122,4.0,4.121212121212121,12916,False
Blue_Dragon_vs_Pantheon_g1,1494,649,11220,336,0,758,34,53,7,0.21212121212121213,3.3333333333333335,4.02020202020202,12916,False
Blue_Dragon_vs_Pantheon_g1,1495,642,11220,336,0,759,34,53,7,-0.010101010101010102,4.0,4.121212121212121,12926,False
Blue_Dragon_vs_Pantheon_g1,1496,656,11220,336,0,760,34,53,7,0.18181818181818182,4.0,4.02020202020202,12926,False
Blue_Dragon_vs_Pantheon_g1,1497,647,11220,336,0,761,34,53,7,0.08080808080808081,4.0,4.02020202020202,12926,False
Blue_Dragon_vs_Pantheon_g1,1498,640,11220,336,0,762,34,53,7,0.12121212121212122,3.3333333333333335,3.919191919191919,12926,False
Blue_Dragon_vs_Pantheon_g1,1499,632,11220,336,0,763,34,53,7,-0.08080808080808081,4.0,4.02020202020202,12936,False
Blue_Dragon_vs_Pantheon_g1,1500,645,11220,336,0,764,34,53,7,0.10101010101010101,3.3333333333333335,4.02020202020202,12936,False
Blue_Dragon_vs_Pantheon_g1,1501,639,11220,336,0,765,34,53,7,0.0707070707070707,4.0,4.121212121212121,12946,False
Blue_Dragon_vs_Pantheon_g1,1502,644,11220,336,0,766,34,53,7,0.18181818181818182,3.3333333333333335,3.9797979797979797,12946,False
Blue_Dragon_vs_Pantheon_g1,1503,636,11220,336,0,767,34,53,7,-0.10101010101010101,4.0,4.08080808080808,12956,False
Blue_Dragon_vs_Pantheon_g1,1504,652,11220,336,0,768,34,53,7,0.1414141414141414,4.0,3.9797979797979797,12956,False
Blue_Dragon_vs_Pantheon_g1,1505,645,11220,336,0,769,34,53,7,0.04040404040404041,4.0,3.9797979797979797,12956,False
Blue_Dragon_vs_Pantheon_g1,1506,641,11220,336,0,770,34,53,7,0.0707070707070707,3.3333333333333335,3.878787878787879,12956,False
Blue_Dragon_vs_Pantheon_g1,1507,634,11220,336,0,771,34,53,7,-0.13131313131313133,4.0,3.9797979797979797,12966,False
Blue_Dragon_vs_Pantheon_g1,1508,648,11220,336,0,772,34,53,7,0.09090909090909091,3.3333333333333335,3.9797979797979797,12966,False
Blue_Dragon_vs_Pantheon_g1,1509,643,11220,336,0,773,34,53,7,0.09090909090909091,4.0,4.08080808080808,12976,False
Blue_Dragon_vs_Pantheon_g1,1510,648,11220,336,0,774,34,53,7,0.1919191919191919,3.3333333333333335,3.9797979797979797,12976,False
Blue_Dragon_vs_Pantheon_g1,1511,643,11220,336,0,775,34,53,7,0.04040404040404041,4.0,4.08080808080808,12986,False
Blue_Dragon_vs_Pantheon_g1,1512,660,11220,336,0,776,34,53,7,0.29292929292929293,4.0,3.9797979797979797,12986,False
Blue_Dragon_vs_Pantheon_g1,1513,652,11220,336,0,777,34,53,7,0.20202020202020202,4.0,3.9797979797979797,12986,False
Blue_Dragon_vs_Pantheon_g1,1514,645,11220,336,0,778,34,53,7,0.21212121212121213,3.3333333333333335,3.8383838383838382,12986,False
Blue_Dragon_vs_Pantheon_g1,1515,636,11220,336,0,779,34,53,7,-0.09090909090909091,4.0,3.9393939393939394,12996,False
Blue_Dragon_vs_Pantheon_g1,1516,649,11220,336,0,780,34,53,7,0.10101010101010101,3.3333333333333335,3.9393939393939394,12996,False
Blue_Dragon_vs_Pantheon_g1,1517,641,11220,336,0,781,34,53,7,0.08080808080808081,4.0,4.040404040404041,13006,False
Blue_Dragon_vs_Pantheon_g1,1518,646,11220,336,0,782,34,53,7,0.1919191919191919,3.3333333333333335,3.9393939393939394,13006,False
Blue_Dragon_vs_Pantheon_g1,1519,639,11220,336,0,783,34,53,7,-0.050505050505050504,4.0,4.040404040404041,13016,False
Blue_Dragon_vs_Pantheon_g1,1520,653,11220,336,0,784,34,53,7,0.1919191919191919,4.0,3.9393939393939394,13016,False
Blue_Dragon_vs_Pantheon_g1,1521,647,11220,336,0,785,34,53,7,0.10101010101010101,4.0,3.9393939393939394,13016,False
Blue_Dragon_vs_Pantheon_g1,1522,642,11220,336,0,786,34,53,7,0.1111111111111111,3.3333333333333335,3.8383838383838382,13016,False
Blue_Dragon_vs_Pantheon_g1,1523,637,11220,336,0,787,34,53,7,-0.10101010101010101,4.0,3.9393939393939394,13026,False
Blue_Dragon_vs_Pantheon_g1,1524,651,11220,336,0,788,34,53,7,0.12121212121212122,3.3333333333333335,3.9393939393939394,13026,False
Blue_Dragon_vs_Pantheon_g1,1525,644,11220,336,0,789,34,53,7,0.09090909090909091,4.0,4.040404040404041,13036,False
Blue_Dragon_vs_Pantheon_g1,1526,649,11220,336,0,790,34,53,7,0.1919191919191919,3.3333333333333335,3.9393939393939394,13036,False
Blue_Dragon_vs_Pantheon_g1,1527,642,11220,336,0,791,34,53,7,-0.050505050505050504,4.0,4.040404040404041,13046,False
Blue_Dragon_vs_Pantheon_g1,1528,655,11220,336,0,792,34,53,7,0.15151515151515152,4.0,3.9393939393939394,13046,False
Blue_Dragon_vs_Pantheon_g1,1529,650,11220,336,0,793,34,53,7,0.0707070707070707,4.0,3.9393939393939394,13046,False
Blue_Dragon_vs_Pantheon_g1,1530,644,11220,336,0,794,34,53,7,0.16161616161616163,3.3333333333333335,3.8383838383838382,13046,False
Blue_Dragon_vs_Pantheon_g1,1531,635,11220,336,0,795,34,53,7,-0.06060606060606061,4.0,3.9393939393939394,13056,False
Blue_Dragon_vs_Pantheon_g1,1532,646,11220,336,0,796,34,53,7,0.1414141414141414,3.3333333333333335,3.9393939393939394,13056,False
Blue_Dragon_vs_Pantheon_g1,1533,640,11220,336,0,797,34,53,7,0.1717171717171717,4.0,4.0,13066,False
Blue_Dragon_vs_Pantheon_g1,1534,645,11220,336,0,798,34,53,7,0.2727272727272727,3.3333333333333335,3.7777777777777777,13066,False
Blue_Dragon_vs_Pantheon_g1,1535,640,11220,336,0,799,34,53,7,-0.050505050505050504,4.0,3.878787878787879,13076,False
Blue_Dragon_vs_Pantheon_g1,1536,653,11220,336,0,800,34,53,7,0.16161616161616163,4.0,3.7777777777777777,13076,False
Blue_Dragon_vs_Pantheon_g1,1537,648,11220,336,0,801,34,53,7,0.04040404040404041,4.0,3.7777777777777777,13076,False
Blue_Dragon_vs_Pantheon_g1,1538,643,11220,336,0,802,34,53,7,0.050505050505050504,3.3333333333333335,3.676767676767677,13076,False
Blue_Dragon_vs_Pantheon_g1,1539,636,11220,336,0,803,34,53,7,-0.16161616161616163,4.0,3.7777777777777777,13086,False
Blue_Dragon_vs_Pantheon_g1,1540,650,11220,336,0,804,34,53,7,0.050505050505050504,3.3333333333333335,3.7777777777777777,13086,False
Blue_Dragon_vs_Pantheon_g1,1541,641,11220,336,0,805,34,53,7,0.0,4.0,3.878787878787879,13096,False
Blue_Dragon_vs_Pantheon_g1,1542,640,11220,336,0,806,34,53,7,0.04040404040404041,3.3333333333333335,3.7777777777777777,13096,False
Blue_Dragon_vs_Pantheon_g1,1543,633,11220,336,0,807,34,53,7,-0.15151515151515152,4.0,3.878787878787879,13106,False
Blue_Dragon_vs_Pantheon_g1,1544,646,11220,336,0,808,34,53,7,0.04040404040404041,4.0,3.7777777777777777,13106,False
Blue_Dragon_vs_Pantheon_g1,1545,641,11220,336,0,809,34,53,7,-0.050505050505050504,4.0,3.7777777777777777,13106,False
Blue_Dragon_vs_Pantheon_g1,1546,634,11220,336,0,810,34,53,7,-0.050505050505050504,3.3333333333333335,3.676767676767677,13106,False
Blue_Dragon_vs_Pantheon_g1,1547,629,11220,336,0,811,34,53,7,-0.23232323232323232,4.0,3.7777777777777777,13116,False
Blue_Dragon_vs_Pantheon_g1,1548,644,11220,336,0,812,34,53,7,-0.010101010101010102,3.3333333333333335,3.7777777777777777,13116,False
Blue_Dragon_vs_Pantheon_g1,1549,634,11220,336,0,813,34,53,7,-0.04040404040404041,4.0,3.878787878787879,13126,False
Blue_Dragon_vs_Pantheon_g1,1550,637,11220,336,0,814,34,53,7,0.030303030303030304,3.3333333333333335,3.7777777777777777,13126,False
Blue_Dragon_vs_Pantheon_g1,1551,630,11220,336,0,815,34,53,7,-0.1717171717171717,4.0,3.878787878787879,13136,False
Blue_Dragon_vs_Pantheon_g1,1552,646,11220,336,0,816,34,53,7,0.08080808080808081,4.0,3.7777777777777777,13136,False
Blue_Dragon_vs_Pantheon_g1,1553,640,11220,336,0,817,34,53,7,-0.020202020202020204,4.0,3.7777777777777777,13136,False
Blue_Dragon_vs_Pantheon_g1,1554,632,11220,336,0,818,34,53,7,-0.04040404040404041,3.3333333333333335,3.676767676767677,13136,False
Blue_Dragon_vs_Pantheon_g1,1555,623,11220,336,0,819,34,53,7,-0.26262626262626265,4.0,3.7777777777777777,13146,False
Blue_Dragon_vs_Pantheon_g1,1556,637,11220,336,0,820,34,53,7,-0.04040404040404041,3.3333333333333335,3.7777777777777777,13146,False
Blue_Dragon_vs_Pantheon_g1,1557,630,11220,336,0,821,34,53,7,-0.020202020202020204,4.0,3.878787878787879,13156,False
Blue_Dragon_vs_Pantheon_g1,1558,636,11220,336,0,822,34,53,7,0.10101010101010101,3.3333333333333335,3.7373737373737375,13156,False
Blue_Dragon_vs_Pantheon_g1,1559,630,11220,336,0,823,34,53,7,-0.1717171717171717,4.0,3.8383838383838382,13166,False
Blue_Dragon_vs_Pantheon_g1,1560,646,11220,336,0,824,34,53,7,0.050505050505050504,4.0,3.7373737373737375,13166,False
Blue_Dragon_vs_Pantheon_g1,1561,629,11225,336,0,825,34,53,7,-0.16161616161616163,4.0,3.7373737373737375,13166,False
Blue_Dragon_vs_Pantheon_g1,1562,622,11225,336,0,826,34,53,7,-0.18181818181818182,3.3333333333333335,3.6363636363636362,13166,False
Blue_Dragon_vs_Pantheon_g1,1563,615,11225,336,0,827,34,53,7,-0.3939393939393939,4.0,3.7373737373737375,13176,False
Blue_Dragon_vs_Pantheon_g1,1564,630,11225,336,0,828,34,53,7,-0.18181818181818182,3.3333333333333335,3.7373737373737375,13176,False
Blue_Dragon_vs_Pantheon_g1,1565,626,11225,336,0,829,34,53,7,-0.18181818181818182,4.0,3.8383838383838382,13186,False
Blue_Dragon_vs_Pantheon_g1,1566,628,11225,336,0,830,34,53,7,-0.10101010101010101,3.3333333333333335,3.7373737373737375,13186,False
Blue_Dragon_vs_Pantheon_g1,1567,619,11225,336,0,831,34,53,7,-0.3333333333333333,4.0,3.8383838383838382,13196,False
Blue_Dragon_vs_Pantheon_g1,1568,633,11225,336,0,832,34,53,7,-0.13131313131313133,4.0,3.7373737373737375,13196,False
Blue_Dragon_vs_Pantheon_g1,1569,624,11225,336,0,833,34,53,7,-0.26262626262626265,4.0,3.7373737373737375,13196,False
Blue_Dragon_vs_Pantheon_g1,1570,618,11225,336,0,834,34,53,7,-0.26262626262626265,3.3333333333333335,3.6363636363636362,13196,False
Blue_Dragon_vs_Pantheon_g1,1571,612,11225,336,0,835,34,53,7,-0.494949494949495,4.0,3.7373737373737375,13206,False
Blue_Dragon_vs_Pantheon_g1,1572,623,11225,336,0,836,34,53,7,-0.35353535353535354,3.3333333333333335,3.7373737373737375,13206,False
Blue_Dragon_vs_Pantheon_g1,1573,614,11225,336,0,837,34,53,7,-0.3939393939393939,4.0,3.8383838383838382,13216,False
Blue_Dragon_vs_Pantheon_g1,1574,617,11225,336,0,838,34,53,7,-0.32323232323232326,3.3333333333333335,3.7373737373737375,13216,False
Blue_Dragon_vs_Pantheon_g1,1575,606,11225,336,0,839,34,52,7,-0.5454545454545454,4.0,3.8383838383838382,13226,False
Blue_Dragon_vs_Pantheon_g1,1576,618,11125,333,0,840,34,52,7,-0.35353535353535354,4.0,3.7373737373737375,13226,False
Blue_Dragon_vs_Pantheon_g1,1577,561,11135,334,0,841,34,52,7,-0.9595959595959596,4.0,3.7373737373737375,13226,False
Blue_Dragon_vs_Pantheon_g1,1578,556,11135,334,0,842,34,52,7,-0.9292929292929293,4.0,3.7373737373737375,13236,False
Blue_Dragon_vs_Pantheon_g1,1579,560,11135,334,0,843,34,52,7,-1.0303030303030303,5.333333333333333,3.9393939393939394,13256,False
Blue_Dragon_vs_Pantheon_g1,1580,583,11135,334,0,844,34,52,7,-0.7272727272727273,5.333333333333333,4.040404040404041,13266,False
Blue_Dragon_vs_Pantheon_g1,1581,585,11135,334,0,845,34,52,7,-0.6666666666666666,6.666666666666667,4.242424242424242,13286,False
Blue_Dragon_vs_Pantheon_g1,1582,599,11135,334,0,846,34,52,7,-0.4444444444444444,6.0,4.141414141414141,13286,False
Blue_Dragon_vs_Pantheon_g1,1583,590,11135,334,0,847,34,52,7,-0.696969696969697,6.666666666666667,4.242424242424242,13296,False
Blue_Dragon_vs_Pantheon_g1,1584,603,11135,334,0,848,34,52,7,-0.5252525252525253,7.333333333333333,4.242424242424242,13306,False
Blue_Dragon_vs_Pantheon_g1,1585,606,11135,334,0,849,34,52,7,-0.5151515151515151,8.0,4.343434343434343,13316,False
Blue_Dragon_vs_Pantheon_g1,1586,612,11135,334,0,850,34,52,7,-0.3838383838383838,7.333333333333333,4.242424242424242,13316,False
Blue_Dragon_vs_Pantheon_g1,1587,609,11135,334,0,851,34,52,7,-0.5353535353535354,8.0,4.343434343434343,13326,False
Blue_Dragon_vs_Pantheon_g1,1588,623,11135,334,0,852,34,52,7,-0.31313131313131315,8.0,4.444444444444445,13336,False
Blue_Dragon_vs_Pantheon_g1,1589,630,11135,334,0,853,34,52,7,-0.16161616161616163,9.333333333333334,4.646464646464646,13356,False
Blue_Dragon_vs_Pantheon_g1,1590,645,11135,334,0,854,34,52,7,0.0707070707070707,8.666666666666666,4.545454545454546,13356,False
Blue_Dragon_vs_Pantheon_g1,1591,636,11135,334,0,855,34,52,7,-0.15151515151515152,9.333333333333334,4.646464646464646,13366,False
Blue_Dragon_vs_Pantheon_g1,1592,649,11135,334,0,856,34,52,7,0.04040404040404041,10.0,4.646464646464646,13376,False
Blue_Dragon_vs_Pantheon_g1,1593,652,11135,334,0,857,34,52,7,0.030303030303030304,10.0,4.747474747474747,13386,False
Blue_Dragon_vs_Pantheon_g1,1594,657,11135,334,0,858,34,52,7,0.15151515151515152,8.666666666666666,4.646464646464646,13386,False
Blue_Dragon_vs_Pantheon_g1,1595,653,11135,334,0,859,34,52,7,-0.030303030303030304,8.666666666666666,4.747474747474747,13396,False
Blue_Dragon_vs_Pantheon_g1,1596,667,11135,334,0,860,34,52,7,0.20202020202020202,8.0,4.848484848484849,13406,False
Blue_Dragon_vs_Pantheon_g1,1597,667,11135,334,0,861,34,52,7,0.2727272727272727,9.333333333333334,5.05050505050505,13426,False
Blue_Dragon_vs_Pantheon_g1,1598,679,11135,334,0,862,34,52,7,0.47474747474747475,8.666666666666666,4.94949494949495,13426,False
Blue_Dragon_vs_Pantheon_g1,1599,674,11135,334,0,863,34,52,7,0.29292929292929293,8.666666666666666,5.05050505050505,13436,False
Blue_Dragon_vs_Pantheon_g1,1600,689,11135,334,0,864,34,52,7,0.5050505050505051,8.666666666666666,5.05050505050505,13446,False
Blue_Dragon_vs_Pantheon_g1,1601,695,11135,334,0,865,34,52,7,0.5151515151515151,9.333333333333334,5.151515151515151,13456,False
Blue_Dragon_vs_Pantheon_g1,1602,703,11135,334,0,866,34,52,7,0.6767676767676768,8.666666666666666,5.05050505050505,13456,False
Blue_Dragon_vs_Pantheon_g1,1603,698,11135,334,0,867,34,52,7,0.46464646464646464,8.666666666666666,5.151515151515151,13466,False
Blue_Dragon_vs_Pantheon_g1,1604,710,11135,334,0,868,34,52,7,0.6565656565656566,8.0,5.252525252525253,13476,False
Blue_Dragon_vs_Pantheon_g1,1605,717,11135,334,0,869,34,52,7,0.7676767676767676,9.333333333333334,5.454545454545454,13496,False
Blue_Dragon_vs_Pantheon_g1,1606,735,11135,334,0,870,34,52,7,1.02020202020202,8.666666666666666,5.353535353535354,13496,False
Blue_Dragon_vs_Pantheon_g1,1607,731,11135,334,0,871,34,52,7,0.8383838383838383,8.666666666666666,5.454545454545454,13506,False
Blue_Dragon_vs_Pantheon_g1,1608,747,11135,334,0,872,34,52,7,1.0505050505050506,8.666666666666666,5.454545454545454,13516,False
Blue_Dragon_vs_Pantheon_g1,1609,749,11135,334,0,873,34,52,7,1.02020202020202,9.333333333333334,5.555555555555555,13526,False
Blue_Dragon_vs_Pantheon_g1,1610,751,11135,334,0,874,34,52,7,1.0909090909090908,8.666666666666666,5.454545454545454,13526,False
Blue_Dragon_vs_Pantheon_g1,1611,748,11135,334,0,875,34,52,7,0.8888888888888888,8.666666666666666,5.555555555555555,13536,False
Blue_Dragon_vs_Pantheon_g1,1612,766,11135,334,0,876,34,52,7,1.1515151515151516,8.0,5.656565656565657,13546,False
Blue_Dragon_vs_Pantheon_g1,1613,773,11135,334,0,877,34,52,7,1.292929292929293,9.333333333333334,5.858585858585859,13566,False
Blue_Dragon_vs_Pantheon_g1,1614,790,11135,334,0,878,34,52,7,1.5555555555555556,8.666666666666666,5.757575757575758,13566,False
Blue_Dragon_vs_Pantheon_g1,1615,785,11135,334,0,879,34,52,7,1.3737373737373737,8.666666666666666,5.858585858585859,13576,False
Blue_Dragon_vs_Pantheon_g1,1616,794,11135,334,0,880,34,52,7,1.5454545454545454,8.666666666666666,5.858585858585859,13586,False
Blue_Dragon_vs_Pantheon_g1,1617,797,11135,334,0,881,34,52,7,1.5252525252525253,9.333333333333334,5.959595959595959,13596,False
Blue_Dragon_vs_Pantheon_g1,1618,804,11135,334,0,882,34,52,7,1.6666666666666667,8.666666666666666,5.858585858585859,13596,False
Blue_Dragon_vs_Pantheon_g1,1619,800,11135,334,0,883,34,52,7,1.4848484848484849,8.666666666666666,5.959595959595959,13606,False
Blue_Dragon_vs_Pantheon_g1,1620,815,11135,334,0,884,34,52,7,1.696969696969697,8.0,6.0606060606060606,13616,False
Blue_Dragon_vs_Pantheon_g1,1621,819,11135,334,0,885,34,52,7,1.7878787878787878,9.333333333333334,6.262626262626263,13636,False
Blue_Dragon_vs_Pantheon_g1,1622,832,11135,334,0,886,34,52,7,1.9696969696969697,8.666666666666666,6.161616161616162,13636,False
Blue_Dragon_vs_Pantheon_g1,1623,826,11135,334,0,887,34,52,7,1.7676767676767677,8.666666666666666,6.262626262626263,13646,False
Blue_Dragon_vs_Pantheon_g1,1624,837,11135,334,0,888,34,52,7,1.9494949494949494,8.666666666666666,6.262626262626263,13656,False
Blue_Dragon_vs_Pantheon_g1,1625,839,11135,334,0,889,34,52,7,1.9191919191919191,9.333333333333334,6.363636363636363,13666,False
Blue_Dragon_vs_Pantheon_g1,1626,842,11135,334,0,890,34,52,7,2.0202020202020203,8.666666666666666,6.262626262626263,13666,False
Blue_Dragon_vs_Pantheon_g1,1627,837,11135,334,0,891,34,52,7,1.8383838383838385,8.666666666666666,6.363636363636363,13676,False
Blue_Dragon_vs_Pantheon_g1,1628,853,11135,334,0,892,34,52,7,2.0505050505050506,8.0,6.4646464646464645,13686,False
Blue_Dragon_vs_Pantheon_g1,1629,859,11135,334,0,893,34,52,7,2.1717171717171717,9.333333333333334,6.666666666666667,13706,False
Blue_Dragon_vs_Pantheon_g1,1630,870,11135,334,0,894,34,52,7,2.3737373737373737,8.666666666666666,6.565656565656566,13706,False
Blue_Dragon_vs_Pantheon_g1,1631,863,11135,334,0,895,34,52,7,2.191919191919192,8.666666666666666,6.666666666666667,13716,False
Blue_Dragon_vs_Pantheon_g1,1632,879,11135,334,0,896,34,52,7,2.414141414141414,8.666666666666666,6.666666666666667,13726,False
Blue_Dragon_vs_Pantheon_g1,1633,883,11135,334,0,897,34,52,7,2.404040404040404,9.333333333333334,6.767676767676767,13736,False
Blue_Dragon_vs_Pantheon_g1,1634,886,11135,334,0,898,34,52,7,2.484848484848485,8.666666666666666,6.666666666666667,13736,False
Blue_Dragon_vs_Pantheon_g1,1635,880,11135,334,0,899,34,52,7,2.292929292929293,8.666666666666666,6.767676767676767,13746,False
Blue_Dragon_vs_Pantheon_g1,1636,894,11135,334,0,900,34,52,7,2.484848484848485,8.0,6.8686868686868685,13756,False
Blue_Dragon_vs_Pantheon_g1,1637,900,11135,334,0,901,34,52,7,2.595959595959596,9.333333333333334,7.070707070707071,13776,False
Blue_Dragon_vs_Pantheon_g1,1638,915,11135,334,0,902,34,52,7,2.8181818181818183,8.666666666666666,6.96969696969697,13776,False
Blue_Dragon_vs_Pantheon_g1,1639,909,11135,334,0,903,34,52,7,2.6161616161616164,8.666666666666666,7.070707070707071,13786,False
Blue_Dragon_vs_Pantheon_g1,1640,923,11135,334,0,904,34,52,7,2.8484848484848486,8.666666666666666,7.070707070707071,13796,False
Blue_Dragon_vs_Pantheon_g1,1641,930,11135,334,0,905,34,52,7,2.9292929292929295,9.333333333333334,7.171717171717172,13806,False
Blue_Dragon_vs_Pantheon_g1,1642,935,11135,334,0,906,34,52,7,3.0505050505050506,8.666666666666666,7.070707070707071,13806,False
Blue_Dragon_vs_Pantheon_g1,1643,929,11135,334,0,907,34,52,7,2.8585858585858586,8.666666666666666,7.171717171717172,13816,False
Blue_Dragon_vs_Pantheon_g1,1644,944,11135,334,0,908,34,52,7,3.0606060606060606,8.0,7.2727272727272725,13826,False
Blue_Dragon_vs_Pantheon_g1,1645,948,11135,334,0,909,34,52,7,3.1717171717171717,9.333333333333334,7.474747474747475,13846,False
Blue_Dragon_vs_Pantheon_g1,1646,963,11135,334,0,910,34,52,7,3.3737373737373737,8.666666666666666,7.373737373737374,13846,False
Blue_Dragon_vs_Pantheon_g1,1647,957,11135,334,0,911,34,52,7,3.1616161616161618,8.666666666666666,7.474747474747475,13856,False
Blue_Dragon_vs_Pantheon_g1,1648,972,11135,334,0,912,34,52,7,3.414141414141414,8.666666666666666,7.474747474747475,13866,False
Blue_Dragon_vs_Pantheon_g1,1649,975,11135,334,0,913,34,52,7,3.414141414141414,9.333333333333334,7.575757575757576,13876,False
Blue_Dragon_vs_Pantheon_g1,1650,976,11135,334,0,914,34,52,7,3.494949494949495,8.666666666666666,7.474747474747475,13876,False
Blue_Dragon_vs_Pantheon_g1,1651,973,11135,334,0,915,34,52,7,3.303030303030303,8.666666666666666,7.575757575757576,13886,False
Blue_Dragon_vs_Pantheon_g1,1652,990,11135,334,0,916,34,52,7,3.5353535353535355,8.0,7.6767676767676765,13896,False
Blue_Dragon_vs_Pantheon_g1,1653,994,11135,334,0,917,34,52,7,3.6565656565656566,9.333333333333334,7.878787878787879,13916,False
Blue_Dragon_vs_Pantheon_g1,1654,1008,11135,334,0,918,34,52,7,3.888888888888889,8.666666666666666,7.777777777777778,13916,False
Blue_Dragon_vs_Pantheon_g1,1655,1003,11135,334,0,919,34,52,7,3.696969696969697,8.666666666666666,7.878787878787879,13926,False
Blue_Dragon_vs_Pantheon_g1,1656,1020,11135,334,0,920,34,52,7,3.9393939393939394,8.666666666666666,7.878787878787879,13936,False
Blue_Dragon_vs_Pantheon_g1,1657,1026,11135,334,0,921,34,52,7,3.9393939393939394,9.333333333333334,7.97979797979798,13946,False
Blue_Dragon_vs_Pantheon_g1,1658,1032,11135,334,0,922,34,52,7,4.0606060606060606,8.666666666666666,7.878787878787879,13946,False
Blue_Dragon_vs_Pantheon_g1,1659,1023,11135,334,0,923,34,52,7,3.808080808080808,8.666666666666666,7.97979797979798,13956,False
Blue_Dragon_vs_Pantheon_g1,1660,1038,11135,334,0,924,34,52,7,4.1313131313131315,8.0,8.080808080808081,13966,False
Blue_Dragon_vs_Pantheon_g1,1661,1041,11135,334,0,925,34,52,7,4.232323232323233,9.333333333333334,8.282828282828282,13986,False
Blue_Dragon_vs_Pantheon_g1,1662,1057,11135,334,0,926,34,52,7,4.4646464646464645,8.666666666666666,8.181818181818182,13986,False
Blue_Dragon_vs_Pantheon_g1,1663,1052,11135,334,0,927,34,52,7,4.262626262626263,8.666666666666666,8.282828282828282,13996,False
Blue_Dragon_vs_Pantheon_g1,1664,1067,11135,334,0,928,34,52,7,4.454545454545454,8.666666666666666,8.282828282828282,14006,False
Blue_Dragon_vs_Pantheon_g1,1665,1066,11135,334,0,929,34,52,7,4.424242424242424,9.333333333333334,8.383838383838384,14016,False
Blue_Dragon_vs_Pantheon_g1,1666,1071,11135,334,0,930,34,52,7,4.565656565656566,8.666666666666666,8.282828282828282,14016,False
Blue_Dragon_vs_Pantheon_g1,1667,1064,11135,334,0,931,34,52,7,4.353535353535354,8.666666666666666,8.383838383838384,14026,False
Blue_Dragon_vs_Pantheon_g1,1668,1081,11135,334,0,932,34,52,7,4.616161616161616,8.0,8.484848484848484,14036,False
Blue_Dragon_vs_Pantheon_g1,1669,1086,11135,334,0,933,34,52,7,4.7272727272727275,9.333333333333334,8.686868686868687,14056,False
Blue_Dragon_vs_Pantheon_g1,1670,1103,11135,334,0,934,34,52,7,4.959595959595959,8.666666666666666,8.585858585858587,14056,False
Blue_Dragon_vs_Pantheon_g1,1671,1094,11135,334,0,935,34,52,7,4.757575757575758,8.666666666666666,8.686868686868687,14066,False
Blue_Dragon_vs_Pantheon_g1,1672,1108,11135,334,0,936,34,52,7,4.98989898989899,8.666666666666666,8.686868686868687,14076,False
Blue_Dragon_vs_Pantheon_g1,1673,1111,11135,334,0,937,34,52,7,4.98989898989899,9.333333333333334,8.787878787878787,14086,False
Blue_Dragon_vs_Pantheon_g1,1674,1118,11135,334,0,938,34,52,7,5.171717171717172,8.666666666666666,8.686868686868687,14086,False
Blue_Dragon_vs_Pantheon_g1,1675,1111,11135,334,0,939,34,52,7,4.97979797979798,8.666666666666666,8.787878787878787,14096,False
Blue_Dragon_vs_Pantheon_g1,1676,1123,11135,334,0,940,34,52,7,5.6767676767676765,8.0,8.88888888888889,14106,False
Blue_Dragon_vs_Pantheon_g1,1677,1125,11135,334,0,941,34,52,7,5.747474747474747,9.333333333333334,8.98989898989899,14126,False
Blue_Dragon_vs_Pantheon_g1,1678,1141,11135,334,0,942,34,52,7,5.8686868686868685,8.666666666666666,8.787878787878787,14126,False
Blue_Dragon_vs_Pantheon_g1,1679,1134,11135,334,0,943,34,52,7,5.565656565656566,8.666666666666666,8.787878787878787,14136,False
Blue_Dragon_vs_Pantheon_g1,1680,1150,11135,334,0,944,34,52,7,5.707070707070707,8.666666666666666,8.686868686868687,14146,False
Blue_Dragon_vs_Pantheon_g1,1681,1154,11135,334,0,945,34,52,7,5.606060606060606,9.333333333333334,8.787878787878787,14156,False
Blue_Dragon_vs_Pantheon_g1,1682,1129,11140,334,0,946,34,52,7,5.444444444444445,8.666666666666666,8.686868686868687,14156,False
Blue_Dragon_vs_Pantheon_g1,1683,1126,11140,334,0,947,34,52,7,5.282828282828283,8.666666666666666,8.686868686868687,14166,False
Blue_Dragon_vs_Pantheon_g1,1684,1140,11140,334,0,948,34,52,7,5.393939393939394,8.0,8.686868686868687,14176,False
Blue_Dragon_vs_Pantheon_g1,1685,1141,11140,334,0,949,34,52,7,5.343434343434343,9.333333333333334,8.88888888888889,14196,False
Blue_Dragon_vs_Pantheon_g1,1686,1156,11140,334,0,950,34,52,7,5.525252525252525,8.666666666666666,8.787878787878787,14196,False
Blue_Dragon_vs_Pantheon_g1,1687,1149,11140,334,0,951,34,52,7,5.313131313131313,8.666666666666666,8.787878787878787,14206,False
Blue_Dragon_vs_Pantheon_g1,1688,1165,11140,334,0,952,34,52,7,5.404040404040404,8.666666666666666,8.686868686868687,14216,False
Blue_Dragon_vs_Pantheon_g1,1689,1170,11140,334,0,953,34,52,7,5.303030303030303,9.333333333333334,8.787878787878787,14226,False
Blue_Dragon_vs_Pantheon_g1,1690,1174,11140,334,0,954,34,52,7,5.434343434343434,8.666666666666666,8.686868686868687,14226,False
Blue_Dragon_vs_Pantheon_g1,1691,1171,11140,334,0,955,34,52,7,5.2727272727272725,8.666666666666666,8.686868686868687,14236,False
Blue_Dragon_vs_Pantheon_g1,1692,1187,11140,334,0,956,34,52,7,5.404040404040404,8.0,8.686868686868687,14246,False
Blue_Dragon_vs_Pantheon_g1,1693,1191,11140,334,0,957,34,52,7,5.393939393939394,9.333333333333334,8.88888888888889,14266,False
Blue_Dragon_vs_Pantheon_g1,1694,1208,11140,334,0,958,34,52,7,5.606060606060606,8.666666666666666,8.787878787878787,14266,False
Blue_Dragon_vs_Pantheon_g1,1695,1197,11140,334,0,959,34,52,7,5.353535353535354,8.666666666666666,8.787878787878787,14276,False
Blue_Dragon_vs_Pantheon_g1,1696,1209,11140,334,0,960,34,52,7,5.474747474747475,8.666666666666666,8.686868686868687,14286,False
Blue_Dragon_vs_Pantheon_g1,1697,1210,11140,334,0,961,34,52,7,5.363636363636363,9.333333333333334,8.787878787878787,14296,False
Blue_Dragon_vs_Pantheon_g1,1698,1210,11140,334,0,962,34,52,7,5.414141414141414,8.666666666666666,8.686868686868687,14296,False
Blue_Dragon_vs_Pantheon_g1,1699,1202,11140,334,0,963,34,52,7,5.181818181818182,8.666666666666666,8.686868686868687,14306,False
Blue_Dragon_vs_Pantheon_g1,1700,1219,11140,334,0,964,34,52,7,5.292929292929293,8.0,8.686868686868687,14316,False
Blue_Dragon_vs_Pantheon_g1,1701,1224,11140,334,0,965,34,52,7,5.262626262626263,9.333333333333334,8.88888888888889,14336,False
Blue_Dragon_vs_Pantheon_g1,1702,1239,11140,334,0,966,34,52,7,5.4646464646464645,8.666666666666666,8.787878787878787,14336,False
Blue_Dragon_vs_Pantheon_g1,1703,1234,11140,334,0,967,34,52,7,5.292929292929293,8.666666666666666,8.787878787878787,14346,False
Blue_Dragon_vs_Pantheon_g1,1704,1248,11140,334,0,968,34,53,7,5.363636363636363,8.666666666666666,8.686868686868687,14356,True
Blue_Dragon_vs_Pantheon_g1,1705,936,11340,340,0,1,35,53,7,2.0303030303030303,9.333333333333334,8.787878787878787,14366,False
Blue_Dragon_vs_Pantheon_g1,1706,940,11340,340,0,2,35,53,7,2.111111111111111,8.666666666666666,8.686868686868687,14366,False
Blue_Dragon_vs_Pantheon_g1,1707,932,11340,340,0,3,35,53,7,1.8686868686868687,8.666666666666666,8.686868686868687,14376,False
Blue_Dragon_vs_Pantheon_g1,1708,948,11340,340,0,4,35,53,7,2.01010101010101,8.0,8.686868686868687,14386,False
Blue_Dragon_vs_Pantheon_g1,1709,949,11340,340,0,5,35,53,7,2.0,9.333333333333334,8.88888888888889,14406,False
Blue_Dragon_vs_Pantheon_g1,1710,963,11340,340,0,6,35,53,7,2.1717171717171717,8.666666666666666,8.787878787878787,14406,False
Blue_Dragon_vs_Pantheon_g1,1711,958,11340,340,0,7,35,53,7,1.9393939393939394,8.666666666666666,8.787878787878787,14416,False
Blue_Dragon_vs_Pantheon_g1,1712,975,11340,340,0,8,35,53,7,2.04040404040404,8.666666666666666,8.686868686868687,14426,False
Blue_Dragon_vs_Pantheon_g1,1713,980,11340,340,0,9,35,53,7,1.9191919191919191,9.333333333333334,8.787878787878787,14436,False
Blue_Dragon_vs_Pantheon_g1,1714,984,11340,340,0,10,35,53,7,2.01010101010101,8.666666666666666,8.686868686868687,14436,False
Blue_Dragon_vs_Pantheon_g1,1715,976,11340,340,0,11,35,53,7,1.8383838383838385,8.666666666666666,8.686868686868687,14446,False
Blue_Dragon_vs_Pantheon_g1,1716,993,11340,340,0,12,35,53,7,1.97979797979798,8.0,8.686868686868687,14456,False
Blue_Dragon_vs_Pantheon_g1,1717,996,11340,340,0,13,35,53,7,1.9393939393939394,9.333333333333334,8.88888888888889,14476,False
Blue_Dragon_vs_Pantheon_g1,1718,1008,11340,340,0,14,35,53,7,2.101010101010101,8.666666666666666,8.787878787878787,14476,False
Blue_Dragon_vs_Pantheon_g1,1719,1001,11340,340,0,15,35,53,7,1.878787878787879,8.666666666666666,8.787878787878787,14486,False
Blue_Dragon_vs_Pantheon_g1,1720,1017,11340,340,0,16,35,53,7,2.0,8.666666666666666,8.686868686868687,14496,False
Blue_Dragon_vs_Pantheon_g1,1721,1021,11340,340,0,17,35,53,7,1.9090909090909092,9.333333333333334,8.787878787878787,14506,False
Blue_Dragon_vs_Pantheon_g1,1722,1023,11340,340,0,18,35,53,7,1.9898989898989898,8.666666666666666,8.686868686868687,14506,False
Blue_Dragon_vs_Pantheon_g1,1723,1019,11340,340,0,19,35,53,7,1.8383838383838385,8.666666666666666,8.686868686868687,14516,False
Blue_Dragon_vs_Pantheon_g1,1724,1036,11340,340,0,20,35,53,7,1.9898989898989898,8.0,8.686868686868687,14526,False
Blue_Dragon_vs_Pantheon_g1,1725,1041,11340,340,0,21,35,53,7,2.01010101010101,9.333333333333334,8.88888888888889,14546,False
Blue_Dragon_vs_Pantheon_g1,1726,1057,11340,340,0,22,35,53,7,2.2222222222222223,8.666666666666666,8.787878787878787,14546,False
Blue_Dragon_vs_Pantheon_g1,1727,1051,11340,340,0,23,35,53,7,2.0,8.666666666666666,8.787878787878787,14556,False
Blue_Dragon_vs_Pantheon_g1,1728,1064,11340,340,0,24,35,53,7,2.0707070707070705,8.666666666666666,8.686868686868687,14566,False
Blue_Dragon_vs_Pantheon_g1,1729,1068,11340,340,0,25,35,53,7,2.0,9.333333333333334,8.787878787878787,14576,False
Blue_Dragon_vs_Pantheon_g1,1730,1073,11340,340,0,26,35,53,7,2.121212121212121,8.666666666666666,8.686868686868687,14576,False
Blue_Dragon_vs_Pantheon_g1,1731,1068,11340,340,0,27,35,53,7,1.9090909090909092,8.666666666666666,8.686868686868687,14586,False
Blue_Dragon_vs_Pantheon_g1,1732,1084,11340,340,0,28,35,53,7,2.0303030303030303,8.0,8.686868686868687,14596,False
Blue_Dragon_vs_Pantheon_g1,1733,1088,11340,340,0,29,35,53,7,2.04040404040404,9.333333333333334,8.88888888888889,14616,False
Blue_Dragon_vs_Pantheon_g1,1734,1102,11340,340,0,30,35,53,7,2.242424242424242,8.666666666666666,8.787878787878787,14616,False
Blue_Dragon_vs_Pantheon_g1,1735,1098,11340,340,0,31,35,53,7,2.0606060606060606,8.666666666666666,8.787878787878787,14626,False
Blue_Dragon_vs_Pantheon_g1,1736,1113,11340,340,0,32,35,53,7,2.1515151515151514,8.666666666666666,8.686868686868687,14636,False
Blue_Dragon_vs_Pantheon_g1,1737,1114,11340,340,0,33,35,53,7,2.01010101010101,9.333333333333334,8.787878787878787,14646,False
Blue_Dragon_vs_Pantheon_g1,1738,1119,11340,340,0,34,35,53,7,2.121212121212121,8.666666666666666,8.686868686868687,14646,False
Blue_Dragon_vs_Pantheon_g1,1739,1110,11340,340,0,35,35,53,7,1.8888888888888888,8.666666666666666,8.686868686868687,14656,False
Blue_Dragon_vs_Pantheon_g1,1740,1122,11340,340,0,36,35,53,7,1.9393939393939394,8.0,8.686868686868687,14666,False
Blue_Dragon_vs_Pantheon_g1,1741,1128,11340,340,0,37,35,53,7,1.9494949494949494,9.333333333333334,8.88888888888889,14686,False
Blue_Dragon_vs_Pantheon_g1,1742,1140,11340,340,0,38,35,53,7,2.1313131313131315,8.666666666666666,8.787878787878787,14686,False
Blue_Dragon_vs_Pantheon_g1,1743,1135,11340,340,0,39,35,53,7,1.9292929292929293,8.666666666666666,8.787878787878787,14696,False
Blue_Dragon_vs_Pantheon_g1,1744,1152,11340,340,0,40,35,53,7,2.0606060606060606,8.666666666666666,8.686868686868687,14706,False
Blue_Dragon_vs_Pantheon_g1,1745,1153,11340,340,0,41,35,53,7,1.9191919191919191,9.333333333333334,8.787878787878787,14716,False
Blue_Dragon_vs_Pantheon_g1,1746,1157,11340,340,0,42,35,53,7,2.0202020202020203,8.666666666666666,8.686868686868687,14716,False
Blue_Dragon_vs_Pantheon_g1,1747,1154,11340,340,0,43,35,53,7,1.8383838383838385,8.666666666666666,8.686868686868687,14726,False
Blue_Dragon_vs_Pantheon_g1,1748,1168,11340,340,0,44,35,53,7,1.9494949494949494,8.0,8.686868686868687,14736,False
Blue_Dragon_vs_Pantheon_g1,1749,1172,11340,340,0,45,35,53,7,1.97979797979798,9.333333333333334,8.88888888888889,14756,False
Blue_Dragon_vs_Pantheon_g1,1750,1155,11345,340,0,46,35,53,7,1.8383838383838385,8.666666666666666,8.787878787878787,14756,False
Blue_Dragon_vs_Pantheon_g1,1751,1148,11345,340,0,47,35,53,7,1.595959595959596,8.666666666666666,8.787878787878787,14766,False
Blue_Dragon_vs_Pantheon_g1,1752,1163,11345,340,0,48,35,53,7,1.707070707070707,8.666666666666666,8.686868686868687,14776,False
Blue_Dragon_vs_Pantheon_g1,1753,1166,11345,340,0,49,35,53,7,1.595959595959596,9.333333333333334,8.787878787878787,14786,False
Blue_Dragon_vs_Pantheon_g1,1754,1172,11345,340,0,50,35,53,7,1.707070707070707,8.666666666666666,8.686868686868687,14786,False
Blue_Dragon_vs_Pantheon_g1,1755,1169,11345,340,0,51,35,53,7,1.505050505050505,8.666666666666666,8.686868686868687,14796,False
Blue_Dragon_vs_Pantheon_g1,1756,1186,11345,340,0,52,35,53,7,1.6161616161616161,8.0,8.686868686868687,14806,False
Blue_Dragon_vs_Pantheon_g1,1757,1193,11345,340,0,53,35,52,7,1.6262626262626263,9.333333333333334,8.88888888888889,14826,False
Blue_Dragon_vs_Pantheon_g1,1758,1206,11245,337,0,54,35,52,7,1.8484848484848484,8.666666666666666,8.787878787878787,14826,False
Blue_Dragon_vs_Pantheon_g1,1759,1170,11255,337,0,55,35,52,7,1.3333333333333333,8.666666666666666,8.787878787878787,14836,False
Blue_Dragon_vs_Pantheon_g1,1760,1187,11255,337,0,56,35,52,7,1.4747474747474747,8.666666666666666,8.686868686868687,14846,False
Blue_Dragon_vs_Pantheon_g1,1761,1194,11255,337,0,57,35,52,7,1.3838383838383839,9.333333333333334,8.787878787878787,14856,False
Blue_Dragon_vs_Pantheon_g1,1762,1201,11255,337,0,58,35,52,7,1.505050505050505,8.666666666666666,8.686868686868687,14856,False
Blue_Dragon_vs_Pantheon_g1,1763,1196,11255,337,0,59,35,52,7,1.303030303030303,8.666666666666666,8.686868686868687,14866,False
Blue_Dragon_vs_Pantheon_g1,1764,1213,11255,337,0,60,35,52,7,1.4848484848484849,8.0,8.686868686868687,14876,False
Blue_Dragon_vs_Pantheon_g1,1765,1218,11255,337,0,61,35,52,7,1.4848484848484849,9.333333333333334,8.88888888888889,14896,False
Blue_Dragon_vs_Pantheon_g1,1766,1235,11255,337,0,62,35,52,7,1.7272727272727273,8.666666666666666,8.787878787878787,14896,False
Blue_Dragon_vs_Pantheon_g1,1767,1232,11255,337,0,63,35,52,7,1.5252525252525253,8.666666666666666,8.787878787878787,14906,False
Blue_Dragon_vs_Pantheon_g1,1768,1249,11255,337,0,64,35,52,7,1.6464646464646464,8.666666666666666,8.686868686868687,14916,False
Blue_Dragon_vs_Pantheon_g1,1769,1255,11255,337,0,65,35,52,7,1.5353535353535352,9.333333333333334,8.787878787878787,14926,False
Blue_Dragon_vs_Pantheon_g1,1770,1260,11255,337,0,66,35,53,7,1.6767676767676767,8.666666666666666,8.686868686868687,14926,True
Blue_Dragon_vs_Pantheon_g1,1771,942,11455,343,0,1,36,53,7,-1.6767676767676767,8.666666666666666,8.686868686868687,14936,False
Blue_Dragon_vs_Pantheon_g1,1772,957,11455,343,0,2,36,53,7,-1.5555555555555556,8.0,8.686868686868687,14946,False
Blue_Dragon_vs_Pantheon_g1,1773,963,11455,343,0,3,36,53,7,-1.5656565656565657,9.333333333333334,8.88888888888889,14966,False
Blue_Dragon_vs_Pantheon_g1,1774,978,11455,343,0,4,36,53,7,-1.3434343434343434,8.666666666666666,8.787878787878787,14966,False
Blue_Dragon_vs_Pantheon_g1,1775,976,11455,343,0,5,36,53,7,-1.4848484848484849,8.666666666666666,8.787878787878787,14976,False
Blue_Dragon_vs_Pantheon_g1,1776,992,11455,343,0,6,36,53,7,-1.3434343434343434,8.666666666666666,8.686868686868687,14986,False
Blue_Dragon_vs_Pantheon_g1,1777,997,11455,343,0,7,36,53,7,-1.4545454545454546,9.333333333333334,8.787878787878787,14996,False
Blue_Dragon_vs_Pantheon_g1,1778,1001,11455,343,0,8,36,53,7,-1.3434343434343434,8.666666666666666,8.686868686868687,14996,False
Blue_Dragon_vs_Pantheon_g1,1779,996,11455,343,0,9,36,53,7,-1.5555555555555556,8.666666666666666,8.686868686868687,15006,False
Blue_Dragon_vs_Pantheon_g1,1780,1013,11455,343,0,10,36,53,7,-1.4242424242424243,8.0,8.686868686868687,15016,False
Blue_Dragon_vs_Pantheon_g1,1781,1020,11455,343,0,11,36,53,7,-1.101010101010101,9.333333333333334,8.88888888888889,15036,False
Blue_Dragon_vs_Pantheon_g1,1782,1035,11455,343,0,12,36,53,7,-0.9191919191919192,8.666666666666666,8.787878787878787,15036,False
Blue_Dragon_vs_Pantheon_g1,1783,1032,11455,343,0,13,36,53,7,-1.0909090909090908,8.666666666666666,8.787878787878787,15046,False
Blue_Dragon_vs_Pantheon_g1,1784,1047,11455,343,0,14,36,53,7,-0.9494949494949495,8.666666666666666,8.686868686868687,15056,False
Blue_Dragon_vs_Pantheon_g1,1785,1051,11455,343,0,15,36,53,7,-1.0606060606060606,9.333333333333334,8.787878787878787,15066,False
Blue_Dragon_vs_Pantheon_g1,1786,1058,11455,343,0,16,36,53,7,-0.9191919191919192,8.666666666666666,8.686868686868687,15066,False
Blue_Dragon_vs_Pantheon_g1,1787,1055,11455,343,0,17,36,53,7,-1.1111111111111112,8.666666666666666,8.686868686868687,15076,False
Blue_Dragon_vs_Pantheon_g1,1788,1072,11455,343,0,18,36,53,7,-0.98989898989899,8.0,8.686868686868687,15086,False
Blue_Dragon_vs_Pantheon_g1,1789,1079,11455,343,0,19,36,53,7,-0.9595959595959596,9.333333333333334,8.88888888888889,15106,False
Blue_Dragon_vs_Pantheon_g1,1790,1094,11455,343,0,20,36,53,7,-0.7777777777777778,8.666666666666666,8.787878787878787,15106,False
Blue_Dragon_vs_Pantheon_g1,1791,1089,11455,343,0,21,36,53,7,-0.98989898989899,8.666666666666666,8.787878787878787,15116,False
Blue_Dragon_vs_Pantheon_g1,1792,1104,11455,343,0,22,36,53,7,-0.8787878787878788,8.666666666666666,8.686868686868687,15126,False
Blue_Dragon_vs_Pantheon_g1,1793,1109,11455,343,0,23,36,53,7,-1.0,9.333333333333334,8.787878787878787,15136,False
Blue_Dragon_vs_Pantheon_g1,1794,1116,11455,343,0,24,36,53,7,-0.8181818181818182,8.666666666666666,8.686868686868687,15136,False
Blue_Dragon_vs_Pantheon_g1,1795,1113,11455,343,0,25,36,53,7,-0.9696969696969697,8.666666666666666,8.686868686868687,15146,False
Blue_Dragon_vs_Pantheon_g1,1796,1125,11455,343,0,26,36,53,7,-0.8585858585858586,8.0,8.686868686868687,15156,False
Blue_Dragon_vs_Pantheon_g1,1797,1132,11455,343,0,27,36,53,7,-0.7878787878787878,9.333333333333334,8.88888888888889,15176,False
Blue_Dragon_vs_Pantheon_g1,1798,1146,11455,343,0,28,36,53,7,-0.5656565656565656,8.666666666666666,8.787878787878787,15176,False
Blue_Dragon_vs_Pantheon_g1,1799,1143,11455,343,0,29,36,53,7,-0.7676767676767676,8.666666666666666,8.787878787878787,15186,False
Blue_Dragon_vs_Pantheon_g1,1800,1160,11455,343,0,30,36,53,7,-0.6464646464646465,8.666666666666666,8.686868686868687,15196,False
Blue_Dragon_vs_Pantheon_g1,1801,1165,11455,343,0,31,36,53,7,-0.7474747474747475,9.333333333333334,8.787878787878787,15206,False
Blue_Dragon_vs_Pantheon_g1,1802,1170,11455,343,0,32,36,53,7,-0.6464646464646465,8.666666666666666,8.686868686868687,15206,False
Blue_Dragon_vs_Pantheon_g1,1803,1165,11455,343,0,33,36,53,7,-0.8383838383838383,8.666666666666666,8.686868686868687,15216,False
Blue_Dragon_vs_Pantheon_g1,1804,1180,11455,343,0,34,36,53,7,2.4646464646464645,8.0,8.686868686868687,15226,False
Blue_Dragon_vs_Pantheon_g1,1805,1183,11455,343,0,35,36,53,7,2.4545454545454546,9.333333333333334,8.88888888888889,15246,False
Blue_Dragon_vs_Pantheon_g1,1806,1199,11455,343,0,36,36,53,7,2.696969696969697,8.666666666666666,8.787878787878787,15246,False
Blue_Dragon_vs_Pantheon_g1,1807,1196,11455,343,0,37,36,53,7,2.505050505050505,8.666666666666666,8.787878787878787,15256,False
Blue_Dragon_vs_Pantheon_g1,1808,1213,11455,343,0,38,36,53,7,2.6666666666666665,8.666666666666666,8.686868686868687,15266,False
Blue_Dragon_vs_Pantheon_g1,1809,1220,11455,343,0,39,36,53,7,2.595959595959596,9.333333333333334,8.787878787878787,15276,False
Blue_Dragon_vs_Pantheon_g1,1810,1222,11455,343,0,40,36,53,7,2.6666666666666665,8.666666666666666,8.686868686868687,15276,False
Blue_Dragon_vs_Pantheon_g1,1811,1217,11455,343,0,41,36,53,7,2.4444444444444446,8.666666666666666,8.686868686868687,15286,False
Blue_Dragon_vs_Pantheon_g1,1812,1232,11455,343,0,42,36,53,7,2.5454545454545454,8.0,8.686868686868687,15296,False
Blue_Dragon_vs_Pantheon_g1,1813,1236,11455,343,0,43,36,53,7,2.5454545454545454,9.333333333333334,8.88888888888889,15316,False
Blue_Dragon_vs_Pantheon_g1,1814,1253,11455,343,0,44,36,53,7,2.797979797979798,8.666666666666666,8.787878787878787,15316,False
Blue_Dragon_vs_Pantheon_g1,1815,1247,11455,343,0,45,36,53,7,2.5656565656565657,8.666666666666666,8.787878787878787,15326,False
Blue_Dragon_vs_Pantheon_g1,1816,1261,11455,343,0,46,36,53,7,2.676767676767677,8.666666666666666,8.686868686868687,15336,False
Blue_Dragon_vs_Pantheon_g1,1817,1266,11455,343,0,47,36,53,7,2.606060606060606,9.333333333333334,8.787878787878787,15346,False
Blue_Dragon_vs_Pantheon_g1,1818,1270,11455,343,0,48,36,53,7,2.717171717171717,8.666666666666666,8.686868686868687,15346,False
Blue_Dragon_vs_Pantheon_g1,1819,1266,11455,343,0,49,36,53,7,2.515151515151515,8.666666666666666,8.686868686868687,15356,False
Blue_Dragon_vs_Pantheon_g1,1820,1281,11455,343,0,50,36,54,7,2.6262626262626263,8.0,8.686868686868687,15366,True
Blue_Dragon_vs_Pantheon_g1,1821,965,11655,349,0,1,37,54,7,-0.5858585858585859,9.333333333333334,8.88888888888889,15386,False
Blue_Dragon_vs_Pantheon_g1,1822,981,11655,349,0,2,37,54,7,-0.3838383838383838,8.666666666666666,8.787878787878787,15386,False
Blue_Dragon_vs_Pantheon_g1,1823,977,11655,349,0,3,37,54,7,-0.5959595959595959,8.666666666666666,8.787878787878787,15396,False
Blue_Dragon_vs_Pantheon_g1,1824,993,11655,349,0,4,37,54,7,-0.48484848484848486,8.666666666666666,8.686868686868687,15406,False
Blue_Dragon_vs_Pantheon_g1,1825,998,11655,349,0,5,37,54,7,-0.5959595959595959,9.333333333333334,8.787878787878787,15416,False
Blue_Dragon_vs_Pantheon_g1,1826,1004,11655,349,0,6,37,54,7,-0.47474747474747475,8.666666666666666,8.686868686868687,15416,False
Blue_Dragon_vs_Pantheon_g1,1827,999,11655,349,0,7,37,54,7,-0.6565656565656566,8.666666666666666,8.686868686868687,15426,False
Blue_Dragon_vs_Pantheon_g1,1828,1015,11655,349,0,8,37,54,7,-0.5353535353535354,8.0,8.686868686868687,15436,False
Blue_Dragon_vs_Pantheon_g1,1829,1020,11655,349,0,9,37,54,7,-0.5353535353535354,9.333333333333334,8.88888888888889,15456,False
Blue_Dragon_vs_Pantheon_g1,1830,1037,11655,349,0,10,37,54,7,-0.31313131313131315,8.666666666666666,8.787878787878787,15456,False
Blue_Dragon_vs_Pantheon_g1,1831,1030,11655,349,0,11,37,54,7,-0.5454545454545454,8.666666666666666,8.787878787878787,15466,False
Blue_Dragon_vs_Pantheon_g1,1832,1040,11655,349,0,12,37,54,7,-0.48484848484848486,8.666666666666666,8.686868686868687,15476,False
Blue_Dragon_vs_Pantheon_g1,1833,1044,11655,349,0,13,37,54,7,-0.5858585858585859,9.333333333333334,8.787878787878787,15486,False
Blue_Dragon_vs_Pantheon_g1,1834,1048,11655,349,0,14,37,54,7,-0.5050505050505051,8.666666666666666,8.686868686868687,15486,False
Blue_Dragon_vs_Pantheon_g1,1835,1044,11655,349,0,15,37,54,7,-0.696969696969697,8.666666666666666,8.686868686868687,15496,False
Blue_Dragon_vs_Pantheon_g1,1836,1058,11655,349,0,16,37,54,7,-0.5656565656565656,8.0,8.686868686868687,15506,False
Blue_Dragon_vs_Pantheon_g1,1837,1066,11655,349,0,17,37,54,7,-0.5353535353535354,9.333333333333334,8.88888888888889,15526,False
Blue_Dragon_vs_Pantheon_g1,1838,1082,11655,349,0,18,37,54,7,-0.2828282828282828,8.666666666666666,8.787878787878787,15526,False
Blue_Dragon_vs_Pantheon_g1,1839,1077,11655,349,0,19,37,54,7,-0.45454545454545453,8.666666666666666,8.787878787878787,15536,False
Blue_Dragon_vs_Pantheon_g1,1840,1094,11655,349,0,20,37,54,7,-0.3434343434343434,8.666666666666666,8.686868686868687,15546,False
Blue_Dragon_vs_Pantheon_g1,1841,1101,11655,349,0,21,37,54,7,-0.3939393939393939,9.333333333333334,8.787878787878787,15556,False
Blue_Dragon_vs_Pantheon_g1,1842,1108,11655,349,0,22,37,54,7,-0.2727272727272727,8.666666666666666,8.686868686868687,15556,False
Blue_Dragon_vs_Pantheon_g1,1843,1105,11655,349,0,23,37,54,7,-0.47474747474747475,8.666666666666666,8.686868686868687,15566,False
Blue_Dragon_vs_Pantheon_g1,1844,1122,11655,349,0,24,37,54,7,-0.31313131313131315,8.0,8.686868686868687,15576,False
Blue_Dragon_vs_Pantheon_g1,1845,1129,11655,349,0,25,37,54,7,-0.2828282828282828,9.333333333333334,8.88888888888889,15596,False
Blue_Dragon_vs_Pantheon_g1,1846,1144,11655,349,0,26,37,54,7,-0.10101010101010101,8.666666666666666,8.787878787878787,15596,False
Blue_Dragon_vs_Pantheon_g1,1847,1137,11655,349,0,27,37,54,7,-0.31313131313131315,8.666666666666666,8.787878787878787,15606,False
Blue_Dragon_vs_Pantheon_g1,1848,1154,11655,349,0,28,37,54,7,-0.18181818181818182,8.666666666666666,8.686868686868687,15616,False
Blue_Dragon_vs_Pantheon_g1,1849,1161,11655,349,0,29,37,54,7,0.06060606060606061,9.333333333333334,8.787878787878787,15626,False
Blue_Dragon_vs_Pantheon_g1,1850,1168,11655,349,0,30,37,54,7,0.20202020202020202,8.666666666666666,8.686868686868687,15626,False
Blue_Dragon_vs_Pantheon_g1,1851,1165,11655,349,0,31,37,54,7,0.020202020202020204,8.666666666666666,8.686868686868687,15636,False
Blue_Dragon_vs_Pantheon_g1,1852,1179,11655,349,0,32,37,54,7,0.13131313131313133,8.0,8.686868686868687,15646,False
Blue_Dragon_vs_Pantheon_g1,1853,1178,11655,349,0,33,37,54,7,0.06060606060606061,9.333333333333334,8.88888888888889,15666,False
Blue_Dragon_vs_Pantheon_g1,1854,1193,11655,349,0,34,37,54,7,0.24242424242424243,8.666666666666666,8.787878787878787,15666,False
Blue_Dragon_vs_Pantheon_g1,1855,1186,11655,349,0,35,37,54,7,0.0,8.666666666666666,8.787878787878787,15676,False
Blue_Dragon_vs_Pantheon_g1,1856,1201,11655,349,0,36,37,54,7,0.08080808080808081,8.666666666666666,8.686868686868687,15686,False
Blue_Dragon_vs_Pantheon_g1,1857,1207,11655,349,0,37,37,54,7,0.010101010101010102,9.333333333333334,8.787878787878787,15696,False
Blue_Dragon_vs_Pantheon_g1,1858,1213,11655,349,0,38,37,54,7,0.43434343434343436,8.666666666666666,8.686868686868687,15696,False
Blue_Dragon_vs_Pantheon_g1,1859,1210,11655,349,0,39,37,54,7,0.23232323232323232,8.666666666666666,8.686868686868687,15706,False
Blue_Dragon_vs_Pantheon_g1,1860,1222,11655,349,0,40,37,54,7,0.2828282828282828,8.0,8.686868686868687,15716,False
Blue_Dragon_vs_Pantheon_g1,1861,1226,11655,349,0,41,37,54,7,0.25252525252525254,9.333333333333334,8.88888888888889,15736,False
Blue_Dragon_vs_Pantheon_g1,1862,1240,11655,349,0,42,37,54,7,0.4444444444444444,8.666666666666666,8.787878787878787,15736,False
Blue_Dragon_vs_Pantheon_g1,1863,1236,11655,349,0,43,37,54,7,0.23232323232323232,8.666666666666666,8.787878787878787,15746,False
Blue_Dragon_vs_Pantheon_g1,1864,1251,11655,349,0,44,37,54,7,0.3333333333333333,8.666666666666666,8.686868686868687,15756,False
Blue_Dragon_vs_Pantheon_g1,1865,1259,11655,349,0,45,37,54,7,0.24242424242424243,9.333333333333334,8.787878787878787,15766,False
Blue_Dragon_vs_Pantheon_g1,1866,1264,11655,349,0,46,37,54,7,0.32323232323232326,8.666666666666666,8.686868686868687,15766,False
Blue_Dragon_vs_Pantheon_g1,1867,1258,11655,349,0,47,37,54,7,0.09090909090909091,8.666666666666666,8.686868686868687,15776,False
Blue_Dragon_vs_Pantheon_g1,1868,1236,11660,349,0,48,37,54,7,-0.1919191919191919,8.0,8.686868686868687,15786,False
Blue_Dragon_vs_Pantheon_g1,1869,1235,11660,349,0,49,37,54,7,-0.25252525252525254,9.333333333333334,8.88888888888889,15806,False
Blue_Dragon_vs_Pantheon_g1,1870,1247,11660,349,0,50,37,54,7,3.080808080808081,8.666666666666666,8.787878787878787,15806,False
Blue_Dragon_vs_Pantheon_g1,1871,1240,11660,349,0,51,37,54,7,2.8585858585858586,8.666666666666666,8.787878787878787,15816,False
Blue_Dragon_vs_Pantheon_g1,1872,1253,11660,349,0,52,37,54,7,2.9292929292929295,8.666666666666666,8.686868686868687,15826,False
Blue_Dragon_vs_Pantheon_g1,1873,1256,11660,349,0,53,37,54,7,2.808080808080808,9.333333333333334,8.787878787878787,15836,False
Blue_Dragon_vs_Pantheon_g1,1874,1261,11660,349,0,54,37,54,7,2.878787878787879,8.666666666666666,8.686868686868687,15836,False
Blue_Dragon_vs_Pantheon_g1,1875,1256,11660,349,0,55,37,54,7,2.6666666666666665,8.666666666666666,8.686868686868687,15846,False
Blue_Dragon_vs_Pantheon_g1,1876,1271,11660,349,0,56,37,54,7,2.7676767676767677,8.0,8.686868686868687,15856,False
Blue_Dragon_vs_Pantheon_g1,1877,1276,11660,349,0,57,37,54,7,2.7777777777777777,9.333333333333334,8.88888888888889,15876,False
Blue_Dragon_vs_Pantheon_g1,1878,1287,11660,349,0,58,37,54,7,2.9393939393939394,8.666666666666666,8.787878787878787,15876,False
Blue_Dragon_vs_Pantheon_g1,1879,1281,11660,349,0,59,37,54,7,2.707070707070707,8.666666666666666,8.787878787878787,15886,False
Blue_Dragon_vs_Pantheon_g1,1880,1293,11660,349,0,60,37,54,7,2.757575757575758,8.666666666666666,8.686868686868687,15896,False
Blue_Dragon_vs_Pantheon_g1,1881,1296,11660,349,0,61,37,54,7,2.6363636363636362,9.333333333333334,8.787878787878787,15906,False
Blue_Dragon_vs_Pantheon_g1,1882,1301,11660,349,0,62,37,55,7,2.717171717171717,8.666666666666666,8.686868686868687,15906,True
Blue_Dragon_vs_Pantheon_g1,1883,966,11860,355,0,1,38,55,7,-0.8181818181818182,8.666666666666666,8.686868686868687,15916,False
Blue_Dragon_vs_Pantheon_g1,1884,982,11860,355,0,2,38,55,7,-0.696969696969697,8.0,8.686868686868687,15926,False
Blue_Dragon_vs_Pantheon_g1,1885,989,11860,355,0,3,38,55,7,-0.696969696969697,9.333333333333334,8.88888888888889,15946,False
Blue_Dragon_vs_Pantheon_g1,1886,1005,11860,355,0,4,38,55,7,-0.5050505050505051,8.666666666666666,8.787878787878787,15946,False
Blue_Dragon_vs_Pantheon_g1,1887,1000,11860,355,0,5,38,55,7,-0.7272727272727273,8.666666666666666,8.787878787878787,15956,False
Blue_Dragon_vs_Pantheon_g1,1888,1016,11860,355,0,6,38,55,7,-0.6363636363636364,8.666666666666666,8.686868686868687,15966,False
Blue_Dragon_vs_Pantheon_g1,1889,1020,11860,355,0,7,38,55,7,-0.7474747474747475,9.333333333333334,8.787878787878787,15976,False
Blue_Dragon_vs_Pantheon_g1,1890,1021,11860,355,0,8,38,55,7,-0.6868686868686869,8.666666666666666,8.686868686868687,15976,False
Blue_Dragon_vs_Pantheon_g1,1891,1015,11860,355,0,9,38,55,7,-0.898989898989899,8.666666666666666,8.686868686868687,15986,False
Blue_Dragon_vs_Pantheon_g1,1892,1027,11860,355,0,10,38,55,7,-0.8282828282828283,8.0,8.686868686868687,15996,False
Blue_Dragon_vs_Pantheon_g1,1893,1020,11865,355,0,11,38,55,7,-0.9696969696969697,9.333333333333334,8.88888888888889,16016,False
Blue_Dragon_vs_Pantheon_g1,1894,1036,11865,355,0,12,38,55,7,-0.7777777777777778,8.666666666666666,8.787878787878787,16016,False
Blue_Dragon_vs_Pantheon_g1,1895,1032,11865,355,0,13,38,55,7,-0.9393939393939394,8.666666666666666,8.787878787878787,16026,False
Blue_Dragon_vs_Pantheon_g1,1896,1048,11865,355,0,14,38,55,7,-0.8484848484848485,8.666666666666666,8.686868686868687,16036,False
Blue_Dragon_vs_Pantheon_g1,1897,1052,11865,355,0,15,38,55,7,-0.9494949494949495,9.333333333333334,8.787878787878787,16046,False
Blue_Dragon_vs_Pantheon_g1,1898,1055,11865,355,0,16,38,55,7,-0.8888888888888888,8.666666666666666,8.686868686868687,16046,False
Blue_Dragon_vs_Pantheon_g1,1899,1050,11865,355,0,17,38,55,7,-1.1111111111111112,8.666666666666666,8.686868686868687,16056,False
Blue_Dragon_vs_Pantheon_g1,1900,1065,11865,355,0,18,38,55,7,-1.0101010101010102,8.0,8.686868686868687,16066,False
Blue_Dragon_vs_Pantheon_g1,1901,1073,11865,355,0,19,38,55,7,-0.9797979797979798,9.333333333333334,8.88888888888889,16086,False
Blue_Dragon_vs_Pantheon_g1,1902,1086,11865,355,0,20,38,55,7,-0.797979797979798,8.666666666666666,8.787878787878787,16086,False
Blue_Dragon_vs_Pantheon_g1,1903,1082,11865,355,0,21,38,55,7,-0.98989898989899,8.666666666666666,8.787878787878787,16096,False
Blue_Dragon_vs_Pantheon_g1,1904,1098,11865,355,0,22,38,55,7,-0.8585858585858586,8.666666666666666,8.686868686868687,16106,False
Blue_Dragon_vs_Pantheon_g1,1905,1103,11865,355,0,23,38,55,7,-0.9696969696969697,9.333333333333334,8.787878787878787,16116,False
Blue_Dragon_vs_Pantheon_g1,1906,1109,11865,355,0,24,38,55,7,-0.8787878787878788,8.666666666666666,8.686868686868687,16116,False
Blue_Dragon_vs_Pantheon_g1,1907,1103,11865,355,0,25,38,55,7,-1.1111111111111112,8.666666666666666,8.686868686868687,16126,False
Blue_Dragon_vs_Pantheon_g1,1908,1121,11865,355,0,26,38,55,7,-1.0,8.0,8.686868686868687,16136,False
Blue_Dragon_vs_Pantheon_g1,1909,1127,11865,355,0,27,38,55,7,-0.9595959595959596,9.333333333333334,8.88888888888889,16156,False
Blue_Dragon_vs_Pantheon_g1,1910,1141,11865,355,0,28,38,55,7,-0.7676767676767676,8.666666666666666,8.787878787878787,16156,False
Blue_Dragon_vs_Pantheon_g1,1911,1137,11865,355,0,29,38,55,7,-0.9595959595959596,8.666666666666666,8.787878787878787,16166,False
Blue_Dragon_vs_Pantheon_g1,1912,1151,11865,355,0,30,38,55,7,-0.8585858585858586,8.666666666666666,8.686868686868687,16176,False
Blue_Dragon_vs_Pantheon_g1,1913,1158,11865,355,0,31,38,55,7,-0.9595959595959596,9.333333333333334,8.787878787878787,16186,False
Blue_Dragon_vs_Pantheon_g1,1914,1165,11865,355,0,32,38,55,7,-0.8282828282828283,8.666666666666666,8.686868686868687,16186,False
Blue_Dragon_vs_Pantheon_g1,1915,1157,11865,355,0,33,38,55,7,-1.0505050505050506,8.666666666666666,8.686868686868687,16196,False
Blue_Dragon_vs_Pantheon_g1,1916,1170,11865,355,0,34,38,55,7,-0.9696969696969697,8.0,8.686868686868687,16206,False
Blue_Dragon_vs_Pantheon_g1,1917,1176,11865,355,0,35,38,55,7,-0.9494949494949495,9.333333333333334,8.88888888888889,16226,False
Blue_Dragon_vs_Pantheon_g1,1918,1189,11865,355,0,36,38,55,7,-0.7777777777777778,8.666666666666666,8.787878787878787,16226,False
Blue_Dragon_vs_Pantheon_g1,1919,1183,11865,355,0,37,38,55,7,-0.98989898989899,8.666666666666666,8.787878787878787,16236,False
Blue_Dragon_vs_Pantheon_g1,1920,1198,11865,355,0,38,38,55,7,2.3535353535353534,8.666666666666666,8.686868686868687,16246,False
Blue_Dragon_vs_Pantheon_g1,1921,1202,11865,355,0,39,38,55,7,2.2323232323232323,9.333333333333334,8.787878787878787,16256,False
Blue_Dragon_vs_Pantheon_g1,1922,1205,11865,355,0,40,38,55,7,2.303030303030303,8.666666666666666,8.686868686868687,16256,False
Blue_Dragon_vs_Pantheon_g1,1923,1198,11865,355,0,41,38,55,7,2.0707070707070705,8.666666666666666,8.686868686868687,16266,False
Blue_Dragon_vs_Pantheon_g1,1924,1213,11865,355,0,42,38,55,7,2.1717171717171717,8.0,8.686868686868687,16276,False
Blue_Dragon_vs_Pantheon_g1,1925,1212,11865,355,0,43,38,55,7,2.101010101010101,9.333333333333334,8.88888888888889,16296,False
Blue_Dragon_vs_Pantheon_g1,1926,1225,11865,355,0,44,38,55,7,2.282828282828283,8.666666666666666,8.787878787878787,16296,False
Blue_Dragon_vs_Pantheon_g1,1927,1219,11865,355,0,45,38,55,7,2.0606060606060606,8.666666666666666,8.787878787878787,16306,False
Blue_Dragon_vs_Pantheon_g1,1928,1230,11865,355,0,46,38,55,7,2.121212121212121,8.666666666666666,8.686868686868687,16316,False
Blue_Dragon_vs_Pantheon_g1,1929,1232,11865,355,0,47,38,55,7,1.9696969696969697,9.333333333333334,8.787878787878787,16326,False
Blue_Dragon_vs_Pantheon_g1,1930,1237,11865,355,0,48,38,55,7,2.090909090909091,8.666666666666666,8.686868686868687,16326,False
Blue_Dragon_vs_Pantheon_g1,1931,1232,11865,355,0,49,38,55,7,1.9393939393939394,8.666666666666666,8.686868686868687,16336,False
Blue_Dragon_vs_Pantheon_g1,1932,1245,11865,355,0,50,38,55,7,2.0303030303030303,8.0,8.686868686868687,16346,False
Blue_Dragon_vs_Pantheon_g1,1933,1248,11865,355,0,51,38,55,7,2.0202020202020203,9.333333333333334,8.88888888888889,16366,False
Blue_Dragon_vs_Pantheon_g1,1934,1263,11865,355,0,52,38,55,7,2.212121212121212,8.666666666666666,8.787878787878787,16366,False
Blue_Dragon_vs_Pantheon_g1,1935,1257,11865,355,0,53,38,55,7,2.01010101010101,8.666666666666666,8.787878787878787,16376,False
Blue_Dragon_vs_Pantheon_g1,1936,1274,11865,355,0,54,38,55,7,2.101010101010101,8.666666666666666,8.686868686868687,16386,False
Blue_Dragon_vs_Pantheon_g1,1937,1280,11865,355,0,55,38,55,7,2.0,9.333333333333334,8.787878787878787,16396,False
Blue_Dragon_vs_Pantheon_g1,1938,1287,11865,355,0,56,38,55,7,2.121212121212121,8.666666666666666,8.686868686868687,16396,False
Blue_Dragon_vs_Pantheon_g1,1939,1280,11865,355,0,57,38,55,7,1.878787878787879,8.666666666666666,8.686868686868687,16406,False
Blue_Dragon_vs_Pantheon_g1,1940,1292,11865,355,0,58,38,55,7,1.9292929292929293,8.0,8.686868686868687,16416,False
Blue_Dragon_vs_Pantheon_g1,1941,1299,11865,355,0,59,38,55,7,1.9292929292929293,9.333333333333334,8.88888888888889,16436,False
Blue_Dragon_vs_Pantheon_g1,1942,1315,11865,355,0,60,38,55,7,2.121212121212121,8.666666666666666,8.787878787878787,16436,False
Blue_Dragon_vs_Pantheon_g1,1943,1312,11865,355,0,61,38,55,7,1.9191919191919191,8.666666666666666,8.787878787878787,16446,False
Blue_Dragon_vs_Pantheon_g1,1944,1328,11865,355,0,62,38,56,7,2.01010101010101,8.666666666666666,8.686868686868687,16456,True
Blue_Dragon_vs_Pantheon_g1,1945,1000,12065,361,0,1,39,56,7,-1.4545454545454546,9.333333333333334,8.787878787878787,16466,False
Blue_Dragon_vs_Pantheon_g1,1946,1004,12065,361,0,2,39,56,7,-1.3434343434343434,8.666666666666666,8.686868686868687,16466,False
Blue_Dragon_vs_Pantheon_g1,1947,999,12065,361,0,3,39,56,7,-1.5656565656565657,8.666666666666666,8.686868686868687,16476,False
Blue_Dragon_vs_Pantheon_g1,1948,1015,12065,361,0,4,39,56,7,-1.4747474747474747,8.0,8.686868686868687,16486,False
Blue_Dragon_vs_Pantheon_g1,1949,1023,12065,361,0,5,39,56,7,-1.4646464646464648,9.333333333333334,8.88888888888889,16506,False
Blue_Dragon_vs_Pantheon_g1,1950,1034,12065,361,0,6,39,56,7,-1.3232323232323233,8.666666666666666,8.787878787878787,16506,False
Blue_Dragon_vs_Pantheon_g1,1951,1026,12065,361,0,7,39,56,7,-1.5454545454545454,8.666666666666666,8.787878787878787,16516,False
Blue_Dragon_vs_Pantheon_g1,1952,1043,12065,361,0,8,39,56,7,-1.3636363636363635,8.666666666666666,8.686868686868687,16526,False
Blue_Dragon_vs_Pantheon_g1,1953,1049,12065,361,0,9,39,56,7,-1.4545454545454546,9.333333333333334,8.787878787878787,16536,False
Blue_Dragon_vs_Pantheon_g1,1954,1055,12065,361,0,10,39,56,7,-1.3232323232323233,8.666666666666666,8.686868686868687,16536,False
Blue_Dragon_vs_Pantheon_g1,1955,1048,12065,361,0,11,39,56,7,-1.5454545454545454,8.666666666666666,8.686868686868687,16546,False
Blue_Dragon_vs_Pantheon_g1,1956,1062,12065,361,0,12,39,56,7,-1.4646464646464648,8.0,8.686868686868687,16556,False
Blue_Dragon_vs_Pantheon_g1,1957,1068,12065,361,0,13,39,56,7,-1.4646464646464648,9.333333333333334,8.88888888888889,16576,False
Blue_Dragon_vs_Pantheon_g1,1958,1084,12065,361,0,14,39,56,7,-1.2727272727272727,8.666666666666666,8.787878787878787,16576,False
Blue_Dragon_vs_Pantheon_g1,1959,1078,12065,361,0,15,39,56,7,-1.4545454545454546,8.666666666666666,8.787878787878787,16586,False
Blue_Dragon_vs_Pantheon_g1,1960,1094,12065,361,0,16,39,56,7,-1.3333333333333333,8.666666666666666,8.686868686868687,16596,False
Blue_Dragon_vs_Pantheon_g1,1961,1100,12065,361,0,17,39,56,7,-1.4141414141414141,9.333333333333334,8.787878787878787,16606,False
Blue_Dragon_vs_Pantheon_g1,1962,1108,12065,361,0,18,39,56,7,-1.292929292929293,8.666666666666666,8.686868686868687,16606,False
Blue_Dragon_vs_Pantheon_g1,1963,1102,12065,361,0,19,39,56,7,-1.505050505050505,8.666666666666666,8.686868686868687,16616,False
Blue_Dragon_vs_Pantheon_g1,1964,1118,12065,361,0,20,39,56,7,-1.4242424242424243,8.0,8.686868686868687,16626,False
Blue_Dragon_vs_Pantheon_g1,1965,1124,12065,361,0,21,39,56,7,-1.4141414141414141,9.333333333333334,8.88888888888889,16646,False
Blue_Dragon_vs_Pantheon_g1,1966,1140,12065,361,0,22,39,56,7,-1.1919191919191918,8.666666666666666,8.787878787878787,16646,False
Blue_Dragon_vs_Pantheon_g1,1967,1137,12065,361,0,23,39,56,7,-1.0,8.666666666666666,8.787878787878787,16656,False
Blue_Dragon_vs_Pantheon_g1,1968,1154,12065,361,0,24,39,56,7,-0.8181818181818182,8.666666666666666,8.686868686868687,16666,False
Blue_Dragon_vs_Pantheon_g1,1969,1159,12065,361,0,25,39,56,7,-0.8888888888888888,9.333333333333334,8.787878787878787,16676,False
Blue_Dragon_vs_Pantheon_g1,1970,1163,12065,361,0,26,39,56,7,-0.7777777777777778,8.666666666666666,8.686868686868687,16676,False
Blue_Dragon_vs_Pantheon_g1,1971,1158,12065,361,0,27,39,56,7,-0.9595959595959596,8.666666666666666,8.686868686868687,16686,False
Blue_Dragon_vs_Pantheon_g1,1972,1175,12065,361,0,28,39,56,7,-0.8181818181818182,8.0,8.686868686868687,16696,False
Blue_Dragon_vs_Pantheon_g1,1973,1181,12065,361,0,29,39,56,7,-0.8080808080808081,9.333333333333334,8.88888888888889,16716,False
Blue_Dragon_vs_Pantheon_g1,1974,1196,12065,361,0,30,39,56,7,-0.6060606060606061,8.666666666666666,8.787878787878787,16716,False
Blue_Dragon_vs_Pantheon_g1,1975,1189,12065,361,0,31,39,56,7,-0.8282828282828283,8.666666666666666,8.787878787878787,16726,False
Blue_Dragon_vs_Pantheon_g1,1976,1206,12065,361,0,32,39,56,7,-0.7070707070707071,8.666666666666666,8.686868686868687,16736,False
Blue_Dragon_vs_Pantheon_g1,1977,1213,12065,361,0,33,39,56,7,-0.7474747474747475,9.333333333333334,8.787878787878787,16746,False
Blue_Dragon_vs_Pantheon_g1,1978,1218,12065,361,0,34,39,56,7,-0.6363636363636364,8.666666666666666,8.686868686868687,16746,False
Blue_Dragon_vs_Pantheon_g1,1979,1211,12065,361,0,35,39,56,7,-0.8282828282828283,8.666666666666666,8.686868686868687,16756,False
Blue_Dragon_vs_Pantheon_g1,1980,1214,12070,362,0,36,39,56,7,-0.8282828282828283,8.0,8.686868686868687,16766,False
Blue_Dragon_vs_Pantheon_g1,1981,1221,12070,362,0,37,39,56,7,-0.8080808080808081,9.333333333333334,8.88888888888889,16786,False
Blue_Dragon_vs_Pantheon_g1,1982,1237,12070,362,0,38,39,56,7,2.7373737373737375,8.666666666666666,8.787878787878787,16786,False
Blue_Dragon_vs_Pantheon_g1,1983,1230,12070,362,0,39,39,56,7,2.505050505050505,8.666666666666666,8.787878787878787,16796,False
Blue_Dragon_vs_Pantheon_g1,1984,1243,12070,362,0,40,39,56,7,2.5656565656565657,8.666666666666666,8.686868686868687,16806,False
Blue_Dragon_vs_Pantheon_g1,1985,1247,12070,362,0,41,39,56,7,2.4444444444444446,9.333333333333334,8.787878787878787,16816,False
Blue_Dragon_vs_Pantheon_g1,1986,1250,12070,362,0,42,39,56,7,2.525252525252525,8.666666666666666,8.686868686868687,16816,False
Blue_Dragon_vs_Pantheon_g1,1987,1243,12070,362,0,43,39,56,7,2.292929292929293,8.666666666666666,8.686868686868687,16826,False
Blue_Dragon_vs_Pantheon_g1,1988,1255,12070,362,0,44,39,56,7,2.3737373737373737,8.0,8.686868686868687,16836,False
Blue_Dragon_vs_Pantheon_g1,1989,1255,12070,362,0,45,39,56,7,2.3636363636363638,9.333333333333334,8.88888888888889,16856,False
Blue_Dragon_vs_Pantheon_g1,1990,1271,12070,362,0,46,39,56,7,2.585858585858586,8.666666666666666,8.787878787878787,16856,False
Blue_Dragon_vs_Pantheon_g1,1991,1264,12070,362,0,47,39,56,7,2.393939393939394,8.666666666666666,8.787878787878787,16866,False
Blue_Dragon_vs_Pantheon_g1,1992,1280,12070,362,0,48,39,56,7,2.6262626262626263,8.666666666666666,8.686868686868687,16876,False
Blue_Dragon_vs_Pantheon_g1,1993,1285,12070,362,0,49,39,56,7,2.515151515151515,9.333333333333334,8.787878787878787,16886,False
Blue_Dragon_vs_Pantheon_g1,1994,1292,12070,362,0,50,39,56,7,2.6262626262626263,8.666666666666666,8.686868686868687,16886,False
Blue_Dragon_vs_Pantheon_g1,1995,1287,12070,362,0,51,39,56,7,2.414141414141414,8.666666666666666,8.686868686868687,16896,False
Blue_Dragon_vs_Pantheon_g1,1996,1304,12070,362,0,52,39,56,7,2.5454545454545454,8.0,8.686868686868687,16906,False
Blue_Dragon_vs_Pantheon_g1,1997,1304,12070,362,0,53,39,56,7,2.515151515151515,9.333333333333334,8.88888888888889,16926,False
Blue_Dragon_vs_Pantheon_g1,1998,1319,12070,362,0,54,39,56,7,2.717171717171717,8.666666666666666,8.787878787878787,16926,False
Blue_Dragon_vs_Pantheon_g1,1999,1314,12070,362,0,55,39,56,7,2.515151515151515,8.666666666666666,8.787878787878787,16936,False
Blue_Dragon_vs_Pantheon_g2,0,500,1000,30,0,0,0,1,0,0.0,0.0,0.0,0,True
Blue_Dragon_vs_Pantheon_g2,1,470,1200,36,0,1,1,2,0,0.0,0.0,0.0,0,True
Blue_Dragon_vs_Pantheon_g2,2,433,1405,42,0,1,2,3,0,0.0,0.0,0.0,0,True
Blue_Dragon_vs_Pantheon_g2,3,389,1615,48,0,1,3,4,0,0.0,0.0,0.0,0,True
Blue_Dragon_vs_Pantheon_g2,4,348,1830,54,0,1,4,4,0,0.0,0.0,0.0,0,False
Blue_Dragon_vs_Pantheon_g2,5,340,1855,55,0,2,4,4,0,0.0,0.0,0.0,0,False
Blue_Dragon_vs_Pantheon_g2,6,332,1880,56,0,3,4,4,0,0.0,0.0,0.0,0,False
Blue_Dragon_vs_Pantheon_g2,7,324,1905,57,0,4,4,4,0,0.0,0.0,0.0,0,False
Blue_Dragon_vs_Pantheon_g2,8,322,1935,58,0,5,4,5,1,0.0,0.0,0.0,0,False
Blue_Dragon_vs_Pantheon_g2,9,277,2000,60,0,6,4,5,1,0.0,0.0,0.0,0,False
Blue_Dragon_vs_Pantheon_g2,10,265,2015,60,0,7,4,6,2,0.0,0.0,0.0,0,False
Blue_Dragon_vs_Pantheon_g2,11,217,2080,62,0,8,4,6,2,0.0,0.0,0.0,10,False
Blue_Dragon_vs_Pantheon_g2,12,227,2095,62,0,9,4,6,2,0.0,0.0,0.0,10,False
Blue_Dragon_vs_Pantheon_g2,13,217,2115,63,0,10,4,6,2,0.0,0.0,0.0,10,False
Blue_Dragon_vs_Pantheon_g2,14,199,2145,64,0,11,4,6,2,0.0,0.0,0.0,10,False
Blue_Dragon_vs_Pantheon_g2,15,187,2165,64,0,12,4,6,2,0.0,1.3333333333333333,0.0,20,False
Blue_Dragon_vs_Pantheon_g2,16,195,2185,65,0,13,4,6,2,0.0,1.3333333333333333,0.0,20,False
Blue_Dragon_vs_Pantheon_g2,17,183,2200,66,0,14,4,7,3,0.0,1.3333333333333333,0.0,20,False
Blue_Dragon_vs_Pantheon_g2,18,131,2265,67,0,15,4,7,3,0.0,2.0,0.0,30,False
Blue_Dragon_vs_Pantheon_g2,19,139,2270,68,0,16,4,7,3,0.0,2.6666666666666665,0.0,40,False
Blue_Dragon_vs_Pantheon_g2,20,153,2275,68,0,17,4,7,3,0.0,2.6666666666666665,0.0,40,False
Blue_Dragon_vs_Pantheon_g2,21,145,2290,68,0,18,4,7,3,0.0,2.6666666666666665,0.0,40,False
Blue_Dragon_vs_Pantheon_g2,22,137,2300,69,0,19,4,7,3,0.0,3.3333333333333335,0.0,50,False
Blue_Dragon_vs_Pantheon_g2,23,141,2310,69,0,20,4,7,3,0.0,4.666666666666667,0.0,70,False
Blue_Dragon_vs_Pantheon_g2,24,165,2320,69,0,21,4,7,3,0.0,4.666666666666667,0.0,70,False
Blue_Dragon_vs_Pantheon_g2,25,159,2330,69,0,22,4,7,3,0.0,4.666666666666667,0.0,70,False
Blue_Dragon_vs_Pantheon_g2,26,153,2340,70,0,23,4,7,3,0.0,5.333333333333333,0.0,90,False
Blue_Dragon_vs_Pantheon_g2,27,169,2350,70,0,24,4,8,3,0.0,6.0,0.0,100,True
Blue_Dragon_vs_Pantheon_g2,28,115,2560,76,0,1,5,8,3,0.0,6.0,0.0,100,False
Blue_Dragon_vs_Pantheon_g2,29,106,2575,77,0,2,5,9,4,0.0,6.0,0.0,100,False
Blue_Dragon_vs_Pantheon_g2,30,51,2635,79,0,3,5,9,4,0.0,6.666666666666667,0.0,120,False
Blue_Dragon_vs_Pantheon_g2,31,62,2645,79,0,4,5,9,4,0.0,7.333333333333333,0.0,130,False
Blue_Dragon_vs_Pantheon_g2,32,73,2660,79,0,5,5,9,4,0.0,7.333333333333333,0.0,130,False
Blue_Dragon_vs_Pantheon_g2,33,64,2675,80,0,6,5,9,4,0.0,7.333333333333333,0.0,140,False
Blue_Dragon_vs_Pantheon_g2,34,70,2685,80,0,7,5,9,4,0.0,8.0,0.0,160,False
Blue_Dragon_vs_Pantheon_g2,35,84,2700,81,0,8,5,9,4,0.0,8.666666666666666,0.0,170,False
Blue_Dragon_vs_Pantheon_g2,36,102,2705,81,0,9,5,9,4,0.0,8.666666666666666,0.0,170,False
Blue_Dragon_vs_Pantheon_g2,37,98,2715,81,0,10,5,9,4,0.0,8.666666666666666,0.0,180,False
Blue_Dragon_vs_Pantheon_g2,38,106,2715,81,0,11,5,9,4,0.0,8.666666666666666,0.0,200,False
Blue_Dragon_vs_Pantheon_g2,39,124,2715,81,0,12,5,9,4,0.0,9.333333333333334,0.0,210,False
Blue_Dragon_vs_Pantheon_g2,40,144,2715,81,0,13,5,9,4,0.0,9.333333333333334,0.0,210,False
Blue_Dragon_vs_Pantheon_g2,41,142,2720,81,0,14,5,9,4,0.0,8.666666666666666,0.0,220,False
Blue_Dragon_vs_Pantheon_g2,42,148,2725,81,0,15,5,9,4,0.0,9.333333333333334,0.0,240,False
Blue_Dragon_vs_Pantheon_g2,43,164,2730,81,0,16,5,9,4,0.0,10.0,0.0,250,False
Blue_Dragon_vs_Pantheon_g2,44,182,2735,82,0,17,5,9,4,0.0,10.0,0.0,250,False
Blue_Dragon_vs_Pantheon_g2,45,174,2745,82,0,18,5,9,4,0.0,9.333333333333334,0.0,260,False
Blue_Dragon_vs_Pantheon_g2,46,182,2745,82,0,19,5,9,4,0.0,10.0,0.0,280,False
Blue_Dragon_vs_Pantheon_g2,47,200,2745,82,0,20,5,9,4,0.0,10.666666666666666,0.0,290,False
Blue_Dragon_vs_Pantheon_g2,48,216,2745,82,0,21,5,9,4,0.0,10.0,0.0,290,False
Blue_Dragon_vs_Pantheon_g2,49,214,2745,82,0,22,5,9,4,0.0,9.333333333333334,0.0,300,False
Blue_Dragon_vs_Pantheon_g2,50,222,2745,82,0,23,5,9,4,0.0,10.0,0.0,320,False
Blue_Dragon_vs_Pantheon_g2,51,240,2745,82,0,24,5,9,4,0.0,10.666666666666666,0.0,330,False
Blue_Dragon_vs_Pantheon_g2,52,256,2745,82,0,25,5,9,4,0.0,10.0,0.0,330,False
Blue_Dragon_vs_Pantheon_g2,53,254,2745,82,0,26,5,9,4,0.0,9.333333333333334,0.0,340,False
Blue_Dragon_vs_Pantheon_g2,54,262,2745,82,0,27,5,9,4,0.0,10.0,0.0,360,False
Blue_Dragon_vs_Pantheon_g2,55,280,2745,82,0,28,5,9,4,0.0,10.666666666666666,0.0,370,False
Blue_Dragon_vs_Pantheon_g2,56,294,2755,82,0,29,5,9,4,0.0,10.0,0.0,370,False
Blue_Dragon_vs_Pantheon_g2,57,288,2760,82,0,30,5,9,4,0.0,9.333333333333334,0.0,380,False
Blue_Dragon_vs_Pantheon_g2,58,294,2765,82,0,31,5,9,4,0.0,10.0,0.0,400,False
Blue_Dragon_vs_Pantheon_g2,59,310,2765,82,0,32,5,9,4,0.0,10.666666666666666,0.0,410,False
Blue_Dragon_vs_Pantheon_g2,60,326,2765,82,0,33,5,9,4,0.0,10.0,0.0,410,False
Blue_Dragon_vs_Pantheon_g2,61,324,2765,82,0,34,5,9,4,0.0,9.333333333333334,0.0,420,False
Blue_Dragon_vs_Pantheon_g2,62,330,2765,82,0,35,5,9,4,0.0,10.0,0.0,440,False
Blue_Dragon_vs_Pantheon_g2,63,346,2770,83,0,36,5,9,4,0.0,10.666666666666666,0.0,450,False
Blue_Dragon_vs_Pantheon_g2,64,362,2770,83,0,37,5,9,4,0.0,10.0,0.0,450,False
Blue_Dragon_vs_Pantheon_g2,65,356,2775,83,0,38,5,9,4,0.0,9.333333333333334,0.0,460,False
Blue_Dragon_vs_Pantheon_g2,66,362,2780,83,0,39,5,9,4,0.0,10.0,0.0,480,False
Blue_Dragon_vs_Pantheon_g2,67,374,2790,83,0,40,5,9,4,0.0,10.666666666666666,0.0,490,False
Blue_Dragon_vs_Pantheon_g2,68,392,2790,83,0,41,5,9,4,0.0,10.0,0.0,490,False
Blue_Dragon_vs_Pantheon_g2,69,392,2785,83,0,42,5,9,4,0.0,9.333333333333334,0.0,500,False
Blue_Dragon_vs_Pantheon_g2,70,402,2785,83,0,43,5,9,4,0.0,10.0,0.0,520,False
Blue_Dragon_vs_Pantheon_g2,71,422,2785,83,0,44,5,9,4,0.0,10.666666666666666,0.0,530,False
Blue_Dragon_vs_Pantheon_g2,72,442,2785,83,0,45,5,9,4,0.0,10.0,0.0,530,False
Blue_Dragon_vs_Pantheon_g2,73,434,2795,83,0,46,5,9,4,0.0,9.333333333333334,0.0,540,False
Blue_Dragon_vs_Pantheon_g2,74,444,2795,83,0,47,5,9,4,0.0,10.0,0.0,560,False
Blue_Dragon_vs_Pantheon_g2,75,460,2800,84,0,48,5,9,4,0.0,10.666666666666666,0.0,570,False
Blue_Dragon_vs_Pantheon_g2,76,480,2800,84,0,49,5,9,4,0.0,10.0,0.0,570,False
Blue_Dragon_vs_Pantheon_g2,77,480,2800,84,0,50,5,9,4,0.0,9.333333333333334,0.0,580,False
Blue_Dragon_vs_Pantheon_g2,78,490,2800,84,0,51,5,10,4,0.0,10.0,0.0,600,True
Blue_Dragon_vs_Pantheon_g2,79,426,3000,90,0,1,6,10,4,0.0,10.666666666666666,0.0,610,False
Blue_Dragon_vs_Pantheon_g2,80,444,3000,90,0,2,6,10,4,0.0,10.0,0.0,610,False
Blue_Dragon_vs_Pantheon_g2,81,444,3000,90,0,3,6,10,4,0.0,9.333333333333334,0.0,620,False
Blue_Dragon_vs_Pantheon_g2,82,449,3005,90,0,4,6,10,4,0.0,10.0,0.0,640,False
Blue_Dragon_vs_Pantheon_g2,83,467,3005,90,0,5,6,10,4,0.0,10.666666666666666,0.0,650,False
Blue_Dragon_vs_Pantheon_g2,84,487,3005,90,0,6,6,11,4,0.0,10.0,0.0,650,True
Blue_Dragon_vs_Pantheon_g2,85,397,3205,96,0,1,7,11,4,0.0,9.333333333333334,0.0,660,False
Blue_Dragon_vs_Pantheon_g2,86,402,3210,96,0,2,7,11,4,0.0,10.0,0.0,680,False
Blue_Dragon_vs_Pantheon_g2,87,418,3210,96,0,3,7,11,4,0.0,10.666666666666666,0.0,690,False
Blue_Dragon_vs_Pantheon_g2,88,434,3210,96,0,4,7,11,4,0.0,10.0,0.0,690,False
Blue_Dragon_vs_Pantheon_g2,89,420,3225,96,0,5,7,11,4,0.0,9.333333333333334,0.0,700,False
Blue_Dragon_vs_Pantheon_g2,90,427,3230,96,0,6,7,11,4,0.0,10.0,0.0,720,False
Blue_Dragon_vs_Pantheon_g2,91,444,3235,97,0,7,7,11,4,0.0,10.666666666666666,0.0,730,False
Blue_Dragon_vs_Pantheon_g2,92,460,3235,97,0,8,7,11,4,0.0,10.0,0.0,730,False
Blue_Dragon_vs_Pantheon_g2,93,460,3235,97,0,9,7,11,4,0.0,9.333333333333334,0.0,740,False
Blue_Dragon_vs_Pantheon_g2,94,462,3245,97,0,10,7,12,4,0.0,10.0,0.0,760,True
Blue_Dragon_vs_Pantheon_g2,95,382,3450,103,0,1,8,12,4,0.0,10.666666666666666,0.0,770,False
Blue_Dragon_vs_Pantheon_g2,96,398,3450,103,0,2,8,12,4,0.0,10.0,0.0,770,False
Blue_Dragon_vs_Pantheon_g2,97,392,3450,103,0,3,8,12,4,0.0,9.333333333333334,0.0,780,False
Blue_Dragon_vs_Pantheon_g2,98,398,3450,103,0,4,8,12,4,0.0,10.0,0.0,800,False
Blue_Dragon_vs_Pantheon_g2,99,415,3455,103,0,5,8,12,4,-0.8585858585858586,10.666666666666666,8.181818181818182,810,False
Blue_Dragon_vs_Pantheon_g2,100,430,3460,103,0,6,8,13,4,-0.40404040404040403,10.0,8.181818181818182,810,True
Blue_Dragon_vs_Pantheon_g2,101,324,3665,109,0,1,9,13,4,-1.101010101010101,9.333333333333334,8.282828282828282,820,False
Blue_Dragon_vs_Pantheon_g2,102,334,3665,109,0,2,9,13,4,-0.5555555555555556,10.0,8.484848484848484,840,False
Blue_Dragon_vs_Pantheon_g2,103,352,3665,109,0,3,9,13,4,0.04040404040404041,10.666666666666666,8.585858585858587,850,False
Blue_Dragon_vs_Pantheon_g2,104,366,3675,110,0,4,9,13,4,0.26262626262626265,10.0,8.585858585858587,850,False
Blue_Dragon_vs_Pantheon_g2,105,355,3685,110,0,5,9,13,4,0.23232323232323232,9.333333333333334,8.686868686868687,860,False
Blue_Dragon_vs_Pantheon_g2,106,365,3685,110,0,6,9,13,4,0.41414141414141414,10.0,8.88888888888889,880,False
Blue_Dragon_vs_Pantheon_g2,107,385,3685,110,0,7,9,13,4,0.6363636363636364,10.666666666666666,8.98989898989899,890,False
Blue_Dragon_vs_Pantheon_g2,108,403,3685,110,0,8,9,13,4,1.2727272727272727,10.0,8.98989898989899,890,False
Blue_Dragon_vs_Pantheon_g2,109,403,3685,110,0,9,9,13,4,1.393939393939394,9.333333333333334,9.090909090909092,900,False
Blue_Dragon_vs_Pantheon_g2,110,411,3685,110,0,10,9,13,4,1.9595959595959596,10.0,9.191919191919192,920,False
Blue_Dragon_vs_Pantheon_g2,111,431,3685,110,0,11,9,13,4,2.0606060606060606,10.666666666666666,9.292929292929292,930,False
Blue_Dragon_vs_Pantheon_g2,112,446,3690,110,0,12,9,13,4,2.313131313131313,10.0,9.292929292929292,930,False
Blue_Dragon_vs_Pantheon_g2,113,442,3690,110,0,13,9,13,4,2.4545454545454546,9.333333333333334,9.393939393939394,940,False
Blue_Dragon_vs_Pantheon_g2,114,447,3695,110,0,14,9,13,4,2.6262626262626263,10.0,9.494949494949495,960,False
Blue_Dragon_vs_Pantheon_g2,115,467,3695,110,0,15,9,13,4,2.7474747474747474,10.666666666666666,9.595959595959595,970,False
Blue_Dragon_vs_Pantheon_g2,116,485,3695,110,0,16,9,13,4,3.0505050505050506,10.0,9.595959595959595,970,False
Blue_Dragon_vs_Pantheon_g2,117,479,3695,110,0,17,9,13,4,3.515151515151515,9.333333333333334,9.595959595959595,980,False
Blue_Dragon_vs_Pantheon_g2,118,482,3700,111,0,18,9,13,4,3.4646464646464645,10.0,9.696969696969697,1000,False
Blue_Dragon_vs_Pantheon_g2,119,502,3700,111,0,19,9,13,4,3.525252525252525,10.666666666666666,9.797979797979798,1010,False
Blue_Dragon_vs_Pantheon_g2,120,520,3700,111,0,20,9,13,4,3.787878787878788,10.0,9.797979797979798,1010,False
Blue_Dragon_vs_Pantheon_g2,121,517,3705,111,0,21,9,13,4,3.8383838383838382,9.333333333333334,9.797979797979798,1020,False
Blue_Dragon_vs_Pantheon_g2,122,522,3710,111,0,22,9,13,4,3.8484848484848486,10.0,9.797979797979798,1040,False
Blue_Dragon_vs_Pantheon_g2,123,539,3715,111,0,23,9,13,4,3.7777777777777777,10.666666666666666,9.8989898989899,1050,False
Blue_Dragon_vs_Pantheon_g2,124,554,3720,111,0,24,9,13,4,3.98989898989899,10.0,9.8989898989899,1050,False
Blue_Dragon_vs_Pantheon_g2,125,552,3720,111,0,25,9,13,4,4.03030303030303,9.333333333333334,9.797979797979798,1060,False
Blue_Dragon_vs_Pantheon_g2,126,551,3730,111,0,26,9,13,4,3.8585858585858586,10.0,9.8989898989899,1080,False
Blue_Dragon_vs_Pantheon_g2,127,557,3745,112,0,27,9,14,4,4.4646464646464645,10.666666666666666,10.0,1090,True
Blue_Dragon_vs_Pantheon_g2,128,460,3950,118,0,1,10,14,4,3.5757575757575757,10.0,10.0,1090,False
Blue_Dragon_vs_Pantheon_g2,129,449,3960,118,0,2,10,15,5,4.02020202020202,9.333333333333334,9.8989898989899,1100,False
Blue_Dragon_vs_Pantheon_g2,130,378,4010,120,0,3,10,16,5,3.191919191919192,10.0,10.0,1120,False
Blue_Dragon_vs_Pantheon_g2,131,274,4200,126,0,4,10,16,5,2.0303030303030303,10.666666666666666,10.1010101010101,1130,False
Blue_Dragon_vs_Pantheon_g2,132,279,4200,126,0,5,10,16,5,2.1717171717171717,10.0,10.0,1130,False
Blue_Dragon_vs_Pantheon_g2,133,271,4205,126,0,6,10,16,5,2.0303030303030303,9.333333333333334,9.8989898989899,1140,False
Blue_Dragon_vs_Pantheon_g2,134,271,4215,126,0,7,10,16,5,1.8888888888888888,10.0,10.0,1160,False
Blue_Dragon_vs_Pantheon_g2,135,287,4220,126,0,8,10,16,5,1.8686868686868687,10.666666666666666,10.1010101010101,1170,False
Blue_Dragon_vs_Pantheon_g2,136,306,4220,126,0,9,10,16,5,2.101010101010101,10.0,10.0,1170,False
Blue_Dragon_vs_Pantheon_g2,137,304,4220,126,0,10,10,16,5,2.0,9.333333333333334,9.8989898989899,1180,False
Blue_Dragon_vs_Pantheon_g2,138,301,4230,126,0,11,10,16,5,1.7878787878787878,10.0,10.0,1200,False
Blue_Dragon_vs_Pantheon_g2,139,321,4230,126,0,12,10,16,5,1.7878787878787878,10.666666666666666,10.1010101010101,1210,False
Blue_Dragon_vs_Pantheon_g2,140,333,4240,127,0,13,10,16,5,1.9292929292929293,10.0,10.0,1210,False
Blue_Dragon_vs_Pantheon_g2,141,311,4255,127,0,14,10,16,5,1.6464646464646464,9.333333333333334,9.8989898989899,1220,False
Blue_Dragon_vs_Pantheon_g2,142,317,4260,127,0,15,10,16,5,1.5454545454545454,10.0,10.0,1240,False
Blue_Dragon_vs_Pantheon_g2,143,327,4270,128,0,16,10,16,5,1.4646464646464648,10.666666666666666,10.1010101010101,1250,False
Blue_Dragon_vs_Pantheon_g2,144,341,4275,128,0,17,10,17,5,1.6868686868686869,10.0,10.0,1250,True
Blue_Dragon_vs_Pantheon_g2,145,209,4475,134,0,1,11,17,5,0.2727272727272727,9.333333333333334,9.8989898989899,1260,False
Blue_Dragon_vs_Pantheon_g2,146,213,4475,134,0,2,11,18,5,0.13131313131313133,10.0,10.0,1280,False
Blue_Dragon_vs_Pantheon_g2,147,90,4670,140,0,3,11,18,5,-1.2727272727272727,10.666666666666666,10.1010101010101,1290,False
Blue_Dragon_vs_Pantheon_g2,148,105,4670,140,0,4,11,18,5,-1.101010101010101,10.0,10.0,1290,False
Blue_Dragon_vs_Pantheon_g2,149,103,4670,140,0,5,11,18,5,-1.202020202020202,9.333333333333334,9.8989898989899,1300,False
Blue_Dragon_vs_Pantheon_g2,150,108,4675,140,0,6,11,18,5,-1.3333333333333333,10.0,10.0,1320,False
Blue_Dragon_vs_Pantheon_g2,151,128,4675,140,0,7,11,18,5,-1.292929292929293,10.666666666666666,10.1010101010101,1330,False
Blue_Dragon_vs_Pantheon_g2,152,147,4675,140,0,8,11,19,5,-1.0808080808080809,10.0,10.0,1330,True
Blue_Dragon_vs_Pantheon_g2,153,4,4875,146,0,1,12,19,5,-2.606060606060606,9.333333333333334,9.8989898989899,1340,False
Blue_Dragon_vs_Pantheon_g2,154,12,4875,146,0,2,12,19,5,-2.707070707070707,10.0,10.0,1360,False
Blue_Dragon_vs_Pantheon_g2,155,32,4875,146,0,3,12,19,5,-2.6464646464646466,10.666666666666666,10.1010101010101,1370,False
Blue_Dragon_vs_Pantheon_g2,156,52,4875,146,0,4,12,19,5,-2.3838383838383836,10.0,10.0,1370,False
Blue_Dragon_vs_Pantheon_g2,157,52,4875,146,0,5,12,19,5,-2.4444444444444446,9.333333333333334,9.8989898989899,1380,False
Blue_Dragon_vs_Pantheon_g2,158,56,4880,146,0,6,12,19,5,-2.5656565656565657,10.0,10.0,1400,False
Blue_Dragon_vs_Pantheon_g2,159,76,4880,146,0,7,12,19,5,-2.525252525252525,10.666666666666666,10.1010101010101,1410,False
Blue_Dragon_vs_Pantheon_g2,160,87,4890,146,0,8,12,19,5,-2.393939393939394,10.0,10.0,1410,False
Blue_Dragon_vs_Pantheon_g2,161,82,4895,146,0,9,12,19,5,-2.505050505050505,9.333333333333334,9.8989898989899,1420,False
Blue_Dragon_vs_Pantheon_g2,162,86,4900,147,0,10,12,19,5,-2.6262626262626263,10.0,10.0,1440,False
Blue_Dragon_vs_Pantheon_g2,163,102,4905,147,0,11,12,19,5,-2.6262626262626263,10.666666666666666,10.1010101010101,1450,False
Blue_Dragon_vs_Pantheon_g2,164,117,4910,147,0,12,12,19,5,-2.414141414141414,10.0,10.0,1450,False
Blue_Dragon_vs_Pantheon_g2,165,110,4915,147,0,13,12,19,5,-2.5454545454545454,9.333333333333334,9.8989898989899,1460,False
Blue_Dragon_vs_Pantheon_g2,166,113,4920,147,0,14,12,19,5,-2.6363636363636362,10.0,10.0,1480,False
Blue_Dragon_vs_Pantheon_g2,167,129,4925,147,0,15,12,19,5,-2.6565656565656566,10.666666666666666,10.1010101010101,1490,False
Blue_Dragon_vs_Pantheon_g2,168,148,4925,147,0,16,12,19,5,-2.4646464646464645,10.0,10.0,1490,False
Blue_Dragon_vs_Pantheon_g2,169,141,4930,147,0,17,12,19,5,-2.6363636363636362,9.333333333333334,9.8989898989899,1500,False
Blue_Dragon_vs_Pantheon_g2,170,151,4930,147,0,18,12,19,5,-2.7373737373737375,10.0,10.0,1520,False
Blue_Dragon_vs_Pantheon_g2,171,165,4930,147,0,19,12,19,5,-2.797979797979798,10.666666666666666,10.1010101010101,1530,False
Blue_Dragon_vs_Pantheon_g2,172,185,4930,147,0,20,12,19,5,-2.515151515151515,10.0,10.0,1530,False
Blue_Dragon_vs_Pantheon_g2,173,181,4930,147,0,21,12,19,5,-2.6565656565656566,9.333333333333334,9.8989898989899,1540,False
Blue_Dragon_vs_Pantheon_g2,174,191,4930,147,0,22,12,20,5,-2.717171717171717,10.0,10.0,1560,True
Blue_Dragon_vs_Pantheon_g2,175,64,5130,153,0,1,13,20,5,-4.202020202020202,10.666666666666666,10.1010101010101,1570,False
Blue_Dragon_vs_Pantheon_g2,176,84,5125,153,0,2,13,20,5,-4.0,10.0,10.0,1570,False
Blue_Dragon_vs_Pantheon_g2,177,83,5125,153,0,3,13,20,5,-4.111111111111111,9.333333333333334,9.8989898989899,1580,False
Blue_Dragon_vs_Pantheon_g2,178,87,5125,153,0,4,13,20,5,-3.4242424242424243,10.0,10.0,1600,False
Blue_Dragon_vs_Pantheon_g2,179,106,5125,153,0,5,13,20,5,-3.414141414141414,10.666666666666666,10.1010101010101,1610,False
Blue_Dragon_vs_Pantheon_g2,180,120,5125,153,0,6,13,20,5,-3.272727272727273,10.0,10.0,1610,False
Blue_Dragon_vs_Pantheon_g2,181,120,5125,153,0,7,13,20,5,-3.323232323232323,9.333333333333334,9.8989898989899,1620,False
Blue_Dragon_vs_Pantheon_g2,182,126,5125,153,0,8,13,20,5,-3.4444444444444446,10.0,10.0,1640,False
Blue_Dragon_vs_Pantheon_g2,183,146,5125,153,0,9,13,20,5,-3.4444444444444446,10.666666666666666,10.1010101010101,1650,False
Blue_Dragon_vs_Pantheon_g2,184,163,5125,153,0,10,13,20,5,-2.3636363636363638,10.0,10.0,1650,False
Blue_Dragon_vs_Pantheon_g2,185,156,5125,153,0,11,13,20,5,-2.484848484848485,9.333333333333334,9.8989898989899,1660,False
Blue_Dragon_vs_Pantheon_g2,186,160,5125,153,0,12,13,20,5,-2.606060606060606,10.0,10.0,1680,False
Blue_Dragon_vs_Pantheon_g2,187,178,5125,153,0,13,13,20,5,-2.585858585858586,10.666666666666666,10.1010101010101,1690,False
Blue_Dragon_vs_Pantheon_g2,188,196,5125,153,0,14,13,20,5,-2.2626262626262625,10.0,10.0,1690,False
Blue_Dragon_vs_Pantheon_g2,189,196,5125,153,0,15,13,20,5,-2.3333333333333335,9.333333333333334,9.8989898989899,1700,False
Blue_Dragon_vs_Pantheon_g2,190,206,5125,153,0,16,13,20,5,-2.404040404040404,10.0,10.0,1720,False
Blue_Dragon_vs_Pantheon_g2,191,224,5125,153,0,17,13,20,5,-2.3838383838383836,10.666666666666666,10.1010101010101,1730,False
Blue_Dragon_vs_Pantheon_g2,192,244,5125,153,0,18,13,20,5,-2.1818181818181817,10.0,10.0,1730,False
Blue_Dragon_vs_Pantheon_g2,193,243,5125,153,0,19,13,20,5,-2.212121212121212,9.333333333333334,9.8989898989899,1740,False
Blue_Dragon_vs_Pantheon_g2,194,244,5130,153,0,20,13,20,5,-1.393939393939394,10.0,10.0,1760,False
Blue_Dragon_vs_Pantheon_g2,195,261,5130,153,0,21,13,21,5,-1.3838383838383839,10.666666666666666,10.1010101010101,1770,False
Blue_Dragon_vs_Pantheon_g2,196,228,5230,156,0,22,13,21,5,-1.6565656565656566,10.0,10.0,1770,False
Blue_Dragon_vs_Pantheon_g2,197,226,5230,156,0,23,13,21,5,-1.7373737373737375,9.333333333333334,9.8989898989899,1780,False
Blue_Dragon_vs_Pantheon_g2,198,234,5230,156,0,24,13,21,5,-1.8282828282828283,10.0,10.0,1800,False
Blue_Dragon_vs_Pantheon_g2,199,253,5230,156,0,25,13,21,5,-1.7878787878787878,10.666666666666666,10.1010101010101,1810,False
Blue_Dragon_vs_Pantheon_g2,200,271,5230,156,0,26,13,21,5,-0.5353535353535354,10.0,10.0,1810,False
Blue_Dragon_vs_Pantheon_g2,201,264,5235,157,0,27,13,21,5,-0.7070707070707071,9.333333333333334,9.8989898989899,1820,False
Blue_Dragon_vs_Pantheon_g2,202,270,5235,157,0,28,13,21,5,-0.8282828282828283,10.0,10.0,1840,False
Blue_Dragon_vs_Pantheon_g2,203,287,5235,157,0,29,13,21,5,-0.797979797979798,10.666666666666666,10.1010101010101,1850,False
Blue_Dragon_vs_Pantheon_g2,204,305,5235,157,0,30,13,21,5,-0.5050505050505051,10.0,10.0,1850,False
Blue_Dragon_vs_Pantheon_g2,205,304,5235,157,0,31,13,21,5,-0.6161616161616161,9.333333333333334,9.8989898989899,1860,False
Blue_Dragon_vs_Pantheon_g2,206,312,5235,157,0,32,13,21,5,-0.7373737373737373,10.0,10.0,1880,False
Blue_Dragon_vs_Pantheon_g2,207,330,5235,157,0,33,13,21,5,-0.7373737373737373,10.666666666666666,10.1010101010101,1890,False
Blue_Dragon_vs_Pantheon_g2,208,345,5235,157,0,34,13,21,5,-0.5858585858585859,10.0,10.0,1890,False
Blue_Dragon_vs_Pantheon_g2,209,341,5235,157,0,35,13,20,5,-0.7070707070707071,9.333333333333334,9.8989898989899,1900,False
Blue_Dragon_vs_Pantheon_g2,210,350,5135,154,0,36,13,21,5,-0.8181818181818182,10.0,10.0,1920,False
Blue_Dragon_vs_Pantheon_g2,211,318,5235,157,0,37,13,21,5,-1.292929292929293,10.666666666666666,10.1010101010101,1930,False
Blue_Dragon_vs_Pantheon_g2,212,334,5235,157,0,38,13,21,5,-1.0909090909090908,10.0,10.0,1930,False
Blue_Dragon_vs_Pantheon_g2,213,332,5235,157,0,39,13,21,5,-1.1616161616161615,9.333333333333334,9.8989898989899,1940,False
Blue_Dragon_vs_Pantheon_g2,214,342,5235,157,0,40,13,21,5,-1.2626262626262625,10.0,10.0,1960,False
Blue_Dragon_vs_Pantheon_g2,215,360,5235,157,0,41,13,21,5,-1.2626262626262625,10.666666666666666,10.1010101010101,1970,False
Blue_Dragon_vs_Pantheon_g2,216,380,5235,157,0,42,13,21,5,-1.0,10.0,10.0,1970,False
Blue_Dragon_vs_Pantheon_g2,217,380,5235,157,0,43,13,21,5,-1.0303030303030303,9.333333333333334,9.8989898989899,1980,False
Blue_Dragon_vs_Pantheon_g2,218,390,5235,157,0,44,13,21,5,-1.1313131313131313,10.0,10.0,2000,False
Blue_Dragon_vs_Pantheon_g2,219,408,5235,157,0,45,13,21,5,-1.1313131313131313,10.666666666666666,10.1010101010101,2010,False
Blue_Dragon_vs_Pantheon_g2,220,424,5235,157,0,46,13,21,5,-0.9393939393939394,10.0,10.0,2010,False
Blue_Dragon_vs_Pantheon_g2,221,424,5235,157,0,47,13,21,5,-0.98989898989899,9.333333333333334,9.8989898989899,2020,False
Blue_Dragon_vs_Pantheon_g2,222,434,5235,157,0,48,13,21,5,-1.0606060606060606,10.0,10.0,2040,False
Blue_Dragon_vs_Pantheon_g2,223,452,5235,157,0,49,13,21,5,-1.0303030303030303,10.666666666666666,10.1010101010101,2050,False
Blue_Dragon_vs_Pantheon_g2,224,472,5235,157,0,50,13,21,5,-0.8080808080808081,10.0,10.0,2050,False
Blue_Dragon_vs_Pantheon_g2,225,472,5235,157,0,51,13,21,5,-0.797979797979798,9.333333333333334,9.8989898989899,2060,False
Blue_Dragon_vs_Pantheon_g2,226,479,5235,157,0,52,13,21,5,-0.7878787878787878,10.0,10.0,2080,False
Blue_Dragon_vs_Pantheon_g2,227,495,5235,157,0,53,13,21,5,0.35353535353535354,10.666666666666666,10.1010101010101,2090,False
Blue_Dragon_vs_Pantheon_g2,228,504,5240,157,0,54,13,21,5,0.5555555555555556,10.0,10.0,2090,False
Blue_Dragon_vs_Pantheon_g2,229,498,5240,157,0,55,13,21,5,1.2121212121212122,9.333333333333334,9.8989898989899,2100,False
Blue_Dragon_vs_Pantheon_g2,230,500,5240,157,0,56,13,21,5,2.282828282828283,10.0,10.0,2120,False
Blue_Dragon_vs_Pantheon_g2,231,518,5240,157,0,57,13,21,5,2.414141414141414,10.666666666666666,10.1010101010101,2130,False
Blue_Dragon_vs_Pantheon_g2,232,536,5240,157,0,58,13,21,5,2.676767676767677,10.0,10.0,2130,False
Blue_Dragon_vs_Pantheon_g2,233,532,5240,157,0,59,13,21,5,2.6363636363636362,9.333333333333334,9.8989898989899,2140,False
Blue_Dragon_vs_Pantheon_g2,234,540,5240,157,0,60,13,21,5,2.5555555555555554,10.0,10.0,2160,False
Blue_Dragon_vs_Pantheon_g2,235,556,5240,157,0,61,13,21,5,2.525252525252525,10.666666666666666,10.1010101010101,2170,False
Blue_Dragon_vs_Pantheon_g2,236,571,5240,157,0,62,13,21,5,2.696969696969697,10.0,10.0,2170,False
Blue_Dragon_vs_Pantheon_g2,237,571,5240,157,0,63,13,21,5,2.727272727272727,9.333333333333334,9.8989898989899,2180,False
Blue_Dragon_vs_Pantheon_g2,238,578,5240,157,0,64,13,21,5,2.595959595959596,10.0,10.0,2200,False
Blue_Dragon_vs_Pantheon_g2,239,594,5240,157,0,65,13,21,5,2.6363636363636362,10.666666666666666,10.1010101010101,2210,False
Blue_Dragon_vs_Pantheon_g2,240,608,5240,157,0,66,13,21,5,3.0,10.0,10.0,2210,True
Blue_Dragon_vs_Pantheon_g2,241,449,5240,157,0,1,14,21,5,1.3333333333333333,9.333333333333334,9.8989898989899,2220,False
Blue_Dragon_vs_Pantheon_g2,242,458,5240,157,0,2,14,21,5,1.3232323232323233,10.0,10.0,2240,False
Blue_Dragon_vs_Pantheon_g2,243,472,5240,157,0,3,14,21,5,1.3232323232323233,10.666666666666666,10.1010101010101,2250,False
Blue_Dragon_vs_Pantheon_g2,244,487,5240,157,0,4,14,21,5,2.808080808080808,10.0,10.0,2250,False
Blue_Dragon_vs_Pantheon_g2,245,484,5240,157,0,5,14,21,5,2.7373737373737375,9.333333333333334,9.8989898989899,2260,False
Blue_Dragon_vs_Pantheon_g2,246,491,5240,157,0,6,14,21,5,4.05050505050505,10.0,10.0,2280,False
Blue_Dragon_vs_Pantheon_g2,247,508,5240,157,0,7,14,21,5,4.070707070707071,10.666666666666666,10.1010101010101,2290,False
Blue_Dragon_vs_Pantheon_g2,248,526,5240,157,0,8,14,22,5,4.2727272727272725,10.0,10.0,2290,True
Blue_Dragon_vs_Pantheon_g2,249,363,5440,163,0,1,15,22,5,2.5757575757575757,9.333333333333334,9.8989898989899,2300,False
Blue_Dragon_vs_Pantheon_g2,250,371,5440,163,0,2,15,22,5,2.4545454545454546,10.0,10.0,2320,False
Blue_Dragon_vs_Pantheon_g2,251,389,5440,163,0,3,15,22,5,2.4444444444444446,10.666666666666666,10.1010101010101,2330,False
Blue_Dragon_vs_Pantheon_g2,252,392,5450,163,0,4,15,22,5,3.919191919191919,10.0,10.0,2330,False
Blue_Dragon_vs_Pantheon_g2,253,375,5455,163,0,5,15,22,5,3.6666666666666665,9.333333333333334,9.8989898989899,2340,False
Blue_Dragon_vs_Pantheon_g2,254,369,5460,163,0,6,15,22,5,3.404040404040404,10.0,10.0,2360,False
Blue_Dragon_vs_Pantheon_g2,255,386,5460,163,0,7,15,22,5,3.3737373737373737,10.666666666666666,10.1010101010101,2370,False
Blue_Dragon_vs_Pantheon_g2,256,405,5460,163,0,8,15,22,5,3.5656565656565657,10.0,10.0,2370,False
Blue_Dragon_vs_Pantheon_g2,257,403,5460,163,0,9,15,22,5,3.505050505050505,9.333333333333334,9.8989898989899,2380,False
Blue_Dragon_vs_Pantheon_g2,258,410,5460,163,0,10,15,22,5,3.3737373737373737,10.0,10.0,2400,False
Blue_Dragon_vs_Pantheon_g2,259,428,5460,163,0,11,15,23,5,3.4444444444444446,10.666666666666666,10.1010101010101,2410,False
Blue_Dragon_vs_Pantheon_g2,260,392,5560,166,0,12,15,22,5,3.1313131313131315,10.0,10.0,2410,False
Blue_Dragon_vs_Pantheon_g2,261,388,5455,163,0,13,15,23,5,3.0505050505050506,9.333333333333334,9.8989898989899,2420,False
Blue_Dragon_vs_Pantheon_g2,262,336,5560,166,0,14,15,23,5,2.3636363636363638,10.0,10.0,2440,False
Blue_Dragon_vs_Pantheon_g2,263,355,5560,166,0,15,15,23,5,2.404040404040404,11.333333333333334,10.202020202020202,2460,False
Blue_Dragon_vs_Pantheon_g2,264,375,5565,166,0,16,15,23,5,2.676767676767677,10.666666666666666,10.1010101010101,2460,False
Blue_Dragon_vs_Pantheon_g2,265,369,5565,166,0,17,15,23,5,2.585858585858586,10.0,10.0,2470,False
Blue_Dragon_vs_Pantheon_g2,266,376,5560,166,0,18,15,25,5,2.494949494949495,10.666666666666666,10.1010101010101,2490,True
Blue_Dragon_vs_Pantheon_g2,267,53,5965,178,0,1,16,25,5,-0.9595959595959596,12.0,10.303030303030303,2510,False
Blue_Dragon_vs_Pantheon_g2,268,77,5970,179,0,2,16,26,5,-0.6464646464646465,11.333333333333334,10.202020202020202,2510,False
Blue_Dragon_vs_Pantheon_g2,269,66,6070,182,0,3,16,26,5,-0.8585858585858586,10.666666666666666,10.1010101010101,2520,False
Blue_Dragon_vs_Pantheon_g2,270,73,6070,182,0,4,16,26,5,-0.9292929292929293,10.666666666666666,10.1010101010101,2530,False
Blue_Dragon_vs_Pantheon_g2,271,83,6070,182,0,5,16,26,5,-1.0303030303030303,12.0,10.303030303030303,2550,False
Blue_Dragon_vs_Pantheon_g2,272,111,6070,182,0,6,16,26,5,-0.7070707070707071,11.333333333333334,10.202020202020202,2550,False
Blue_Dragon_vs_Pantheon_g2,273,111,6070,182,0,7,16,26,5,-0.8080808080808081,10.666666666666666,10.1010101010101,2560,False
Blue_Dragon_vs_Pantheon_g2,274,118,6070,182,0,8,16,26,5,0.5454545454545454,11.333333333333334,10.202020202020202,2580,False
Blue_Dragon_vs_Pantheon_g2,275,130,6075,182,0,9,16,26,5,0.46464646464646464,12.666666666666666,10.404040404040405,2600,False
Blue_Dragon_vs_Pantheon_g2,276,149,6080,182,0,10,16,26,5,0.6666666666666666,12.0,10.303030303030303,2600,False
Blue_Dragon_vs_Pantheon_g2,277,144,6080,182,0,11,16,26,5,0.5757575757575758,11.333333333333334,10.202020202020202,2610,False
Blue_Dragon_vs_Pantheon_g2,278,153,6080,182,0,12,16,26,5,0.47474747474747475,10.666666666666666,10.202020202020202,2620,False
Blue_Dragon_vs_Pantheon_g2,279,163,6080,182,0,13,16,26,5,0.43434343434343436,12.0,10.404040404040405,2640,False
Blue_Dragon_vs_Pantheon_g2,280,192,6080,182,0,14,16,27,5,0.7272727272727273,11.333333333333334,10.303030303030303,2640,True
Blue_Dragon_vs_Pantheon_g2,281,13,6280,188,0,1,17,27,5,-1.1414141414141414,10.666666666666666,10.202020202020202,2650,False
Blue_Dragon_vs_Pantheon_g2,282,21,6280,188,0,2,17,27,5,-1.2626262626262625,10.666666666666666,10.303030303030303,2670,False
Blue_Dragon_vs_Pantheon_g2,283,41,6280,188,0,3,17,27,5,-1.2323232323232323,12.0,10.505050505050505,2690,False
Blue_Dragon_vs_Pantheon_g2,284,70,6280,188,0,4,17,27,5,-0.8686868686868687,11.333333333333334,10.404040404040405,2690,False
Blue_Dragon_vs_Pantheon_g2,285,70,6280,188,0,5,17,27,5,-0.9090909090909091,11.333333333333334,10.303030303030303,2700,False
Blue_Dragon_vs_Pantheon_g2,286,77,6280,188,0,6,17,27,5,-1.02020202020202,10.666666666666666,10.303030303030303,2710,False
Blue_Dragon_vs_Pantheon_g2,287,85,6280,188,0,7,17,27,5,-1.121212121212121,12.0,10.505050505050505,2730,False
Blue_Dragon_vs_Pantheon_g2,288,112,6280,188,0,8,17,27,5,-0.8484848484848485,11.333333333333334,10.404040404040405,2730,False
Blue_Dragon_vs_Pantheon_g2,289,111,6280,188,0,9,17,27,5,-0.9595959595959596,10.666666666666666,10.303030303030303,2740,False
Blue_Dragon_vs_Pantheon_g2,290,119,6280,188,0,10,17,27,5,-1.0606060606060606,10.666666666666666,10.404040404040405,2760,False
Blue_Dragon_vs_Pantheon_g2,291,138,6280,188,0,11,17,27,5,-1.0707070707070707,12.0,10.606060606060606,2780,False
Blue_Dragon_vs_Pantheon_g2,292,162,6280,188,0,12,17,26,5,-0.8181818181818182,11.333333333333334,10.505050505050505,2780,False
Blue_Dragon_vs_Pantheon_g2,293,160,6180,185,0,13,17,26,5,-0.8484848484848485,11.333333333333334,10.404040404040405,2790,False
Blue_Dragon_vs_Pantheon_g2,294,166,6180,185,0,14,17,26,5,-0.9595959595959596,10.666666666666666,10.404040404040405,2800,False
Blue_Dragon_vs_Pantheon_g2,295,174,6180,185,0,15,17,26,5,-0.5454545454545454,12.0,10.606060606060606,2820,False
Blue_Dragon_vs_Pantheon_g2,296,202,6180,185,0,16,17,27,5,-0.24242424242424243,11.333333333333334,10.505050505050505,2820,True
Blue_Dragon_vs_Pantheon_g2,297,8,6390,191,0,1,18,27,5,-2.282828282828283,10.666666666666666,10.404040404040405,2830,False
Blue_Dragon_vs_Pantheon_g2,298,17,6390,191,0,2,18,27,5,-2.3838383838383836,10.666666666666666,10.505050505050505,2850,False
Blue_Dragon_vs_Pantheon_g2,299,35,6390,191,0,3,18,27,5,-2.3838383838383836,12.0,10.707070707070708,2870,False
Blue_Dragon_vs_Pantheon_g2,300,63,6390,191,0,4,18,27,5,-2.0303030303030303,11.333333333333334,10.606060606060606,2870,False
Blue_Dragon_vs_Pantheon_g2,301,61,6390,191,0,5,18,27,5,-2.111111111111111,11.333333333333334,10.505050505050505,2880,False
Blue_Dragon_vs_Pantheon_g2,302,70,6390,191,0,6,18,27,5,-2.191919191919192,10.666666666666666,10.505050505050505,2890,False
Blue_Dragon_vs_Pantheon_g2,303,77,6390,191,0,7,18,27,5,-2.303030303030303,12.0,10.707070707070708,2910,False
Blue_Dragon_vs_Pantheon_g2,304,101,6390,191,0,8,18,27,5,-2.0505050505050506,11.333333333333334,10.606060606060606,2910,False
Blue_Dragon_vs_Pantheon_g2,305,96,6390,191,0,9,18,27,5,-2.1818181818181817,10.666666666666666,10.505050505050505,2920,False
Blue_Dragon_vs_Pantheon_g2,306,98,6395,191,0,10,18,27,5,-2.3434343434343434,10.666666666666666,10.606060606060606,2940,False
Blue_Dragon_vs_Pantheon_g2,307,117,6395,191,0,11,18,27,5,-2.303030303030303,12.0,10.808080808080808,2960,False
Blue_Dragon_vs_Pantheon_g2,308,146,6395,191,0,12,18,27,5,-1.9696969696969697,11.333333333333334,10.707070707070708,2960,False
Blue_Dragon_vs_Pantheon_g2,309,143,6395,191,0,13,18,27,5,-2.090909090909091,11.333333333333334,10.606060606060606,2970,False
Blue_Dragon_vs_Pantheon_g2,310,151,6395,191,0,14,18,27,5,-1.6868686868686869,10.666666666666666,10.606060606060606,2980,False
Blue_Dragon_vs_Pantheon_g2,311,159,6395,191,0,15,18,27,5,-1.7676767676767677,12.0,10.808080808080808,3000,False
Blue_Dragon_vs_Pantheon_g2,312,187,6395,191,0,16,18,27,5,-1.4646464646464648,11.333333333333334,10.707070707070708,3000,False
Blue_Dragon_vs_Pantheon_g2,313,184,6395,191,0,17,18,27,5,-1.595959595959596,10.666666666666666,10.606060606060606,3010,False
Blue_Dragon_vs_Pantheon_g2,314,192,6395,191,0,18,18,27,5,-1.696969696969697,10.666666666666666,10.707070707070708,3030,False
Blue_Dragon_vs_Pantheon_g2,315,208,6395,191,0,19,18,27,5,-1.7373737373737375,12.0,10.909090909090908,3050,False
Blue_Dragon_vs_Pantheon_g2,316,232,6395,191,0,20,18,27,5,-1.494949494949495,11.333333333333334,10.808080808080808,3050,False
Blue_Dragon_vs_Pantheon_g2,317,226,6395,191,0,21,18,27,5,-1.6565656565656566,11.333333333333334,10.707070707070708,3060,False
Blue_Dragon_vs_Pantheon_g2,318,226,6400,192,0,22,18,27,5,-1.8383838383838385,10.666666666666666,10.707070707070708,3070,False
Blue_Dragon_vs_Pantheon_g2,319,233,6400,192,0,23,18,27,5,-1.9292929292929293,12.0,10.909090909090908,3090,False
Blue_Dragon_vs_Pantheon_g2,320,255,6400,192,0,24,18,27,5,-1.707070707070707,11.333333333333334,10.808080808080808,3090,False
Blue_Dragon_vs_Pantheon_g2,321,252,6400,192,0,25,18,28,5,-1.8383838383838385,10.666666666666666,10.707070707070708,3100,True
Blue_Dragon_vs_Pantheon_g2,322,73,6600,198,0,1,19,28,5,-3.8282828282828283,10.666666666666666,10.808080808080808,3120,False
Blue_Dragon_vs_Pantheon_g2,323,92,6600,198,0,2,19,28,5,-3.8383838383838382,12.0,11.01010101010101,3140,False
Blue_Dragon_vs_Pantheon_g2,324,116,6605,198,0,3,19,28,5,-3.595959595959596,11.333333333333334,10.909090909090908,3140,False
Blue_Dragon_vs_Pantheon_g2,325,113,6605,198,0,4,19,28,5,-3.696969696969697,11.333333333333334,10.808080808080808,3150,False
Blue_Dragon_vs_Pantheon_g2,326,123,6605,198,0,5,19,28,5,-3.757575757575758,10.666666666666666,10.808080808080808,3160,False
Blue_Dragon_vs_Pantheon_g2,327,132,6605,198,0,6,19,28,5,-3.757575757575758,12.0,11.01010101010101,3180,False
Blue_Dragon_vs_Pantheon_g2,328,162,6605,198,0,7,19,28,5,-3.393939393939394,11.333333333333334,10.909090909090908,3180,False
Blue_Dragon_vs_Pantheon_g2,329,161,6605,198,0,8,19,28,5,-3.4242424242424243,10.666666666666666,10.808080808080808,3190,False
Blue_Dragon_vs_Pantheon_g2,330,171,6605,198,0,9,19,28,5,-3.505050505050505,10.666666666666666,10.909090909090908,3210,False
Blue_Dragon_vs_Pantheon_g2,331,188,6605,198,0,10,19,28,5,-3.515151515151515,12.0,11.11111111111111,3230,False
Blue_Dragon_vs_Pantheon_g2,332,214,6605,198,0,11,19,28,5,-3.212121212121212,11.333333333333334,11.01010101010101,3230,False
Blue_Dragon_vs_Pantheon_g2,333,192,6610,198,0,12,19,28,5,-3.515151515151515,11.333333333333334,10.909090909090908,3240,False
Blue_Dragon_vs_Pantheon_g2,334,201,6610,198,0,13,19,28,5,-3.585858585858586,10.666666666666666,10.909090909090908,3250,False
Blue_Dragon_vs_Pantheon_g2,335,185,6620,198,0,14,19,28,5,-3.898989898989899,12.0,11.11111111111111,3270,False
Blue_Dragon_vs_Pantheon_g2,336,209,6625,198,0,15,19,28,5,-3.6565656565656566,11.333333333333334,11.01010101010101,3270,False
Blue_Dragon_vs_Pantheon_g2,337,187,6630,198,0,16,19,28,5,-3.9494949494949494,10.666666666666666,10.909090909090908,3280,False
Blue_Dragon_vs_Pantheon_g2,338,178,6635,199,0,17,19,28,5,-4.202020202020202,10.666666666666666,11.01010101010101,3300,False
Blue_Dragon_vs_Pantheon_g2,339,193,6635,199,0,18,19,28,5,-4.191919191919192,12.0,11.212121212121213,3320,False
Blue_Dragon_vs_Pantheon_g2,340,219,6635,199,0,19,19,28,5,-2.323232323232323,11.333333333333334,11.11111111111111,3320,False
Blue_Dragon_vs_Pantheon_g2,341,215,6635,199,0,20,19,28,5,-2.4545454545454546,11.333333333333334,11.01010101010101,3330,False
Blue_Dragon_vs_Pantheon_g2,342,220,6635,199,0,21,19,28,5,-2.5454545454545454,10.666666666666666,11.01010101010101,3340,False
Blue_Dragon_vs_Pantheon_g2,343,225,6635,199,0,22,19,28,5,-2.6464646464646466,12.0,11.212121212121213,3360,False
Blue_Dragon_vs_Pantheon_g2,344,247,6640,199,0,23,19,28,5,-2.393939393939394,11.333333333333334,11.11111111111111,3360,False
Blue_Dragon_vs_Pantheon_g2,345,244,6640,199,0,24,19,28,5,-2.494949494949495,10.666666666666666,11.01010101010101,3370,False
Blue_Dragon_vs_Pantheon_g2,346,252,6640,199,0,25,19,28,5,-2.585858585858586,10.666666666666666,11.11111111111111,3390,False
Blue_Dragon_vs_Pantheon_g2,347,272,6640,199,0,26,19,28,5,-2.5656565656565657,12.0,11.313131313131313,3410,False
Blue_Dragon_vs_Pantheon_g2,348,295,6645,199,0,27,19,28,5,-0.6868686868686869,11.333333333333334,11.212121212121213,3410,False
Blue_Dragon_vs_Pantheon_g2,349,292,6645,199,0,28,19,28,5,-0.797979797979798,11.333333333333334,11.11111111111111,3420,False
Blue_Dragon_vs_Pantheon_g2,350,301,6645,199,0,29,19,28,5,-0.8888888888888888,10.666666666666666,11.11111111111111,3430,False
Blue_Dragon_vs_Pantheon_g2,351,311,6645,199,0,30,19,28,5,-0.8181818181818182,12.0,11.313131313131313,3450,False
Blue_Dragon_vs_Pantheon_g2,352,338,6645,199,0,31,19,28,5,-0.37373737373737376,11.333333333333334,11.212121212121213,3450,False
Blue_Dragon_vs_Pantheon_g2,353,334,6645,199,0,32,19,28,5,-0.35353535353535354,10.666666666666666,11.11111111111111,3460,False
Blue_Dragon_vs_Pantheon_g2,354,339,6645,199,0,33,19,27,5,-0.47474747474747475,10.666666666666666,11.212121212121213,3480,False
Blue_Dragon_vs_Pantheon_g2,355,351,6450,193,0,34,19,28,5,-0.5454545454545454,12.0,11.414141414141413,3500,False
Blue_Dragon_vs_Pantheon_g2,356,187,6650,199,0,35,19,28,5,-2.1818181818181817,11.333333333333334,11.313131313131313,3500,False
Blue_Dragon_vs_Pantheon_g2,357,186,6650,199,0,36,19,28,5,-2.2626262626262625,11.333333333333334,11.212121212121213,3510,False
Blue_Dragon_vs_Pantheon_g2,358,195,6650,199,0,37,19,28,5,-2.3535353535353534,10.666666666666666,11.212121212121213,3520,False
Blue_Dragon_vs_Pantheon_g2,359,203,6650,199,0,38,19,28,5,-1.9090909090909092,12.0,11.414141414141413,3540,False
Blue_Dragon_vs_Pantheon_g2,360,229,6650,199,0,39,19,28,5,-1.606060606060606,11.333333333333334,11.313131313131313,3540,False
Blue_Dragon_vs_Pantheon_g2,361,226,6650,199,0,40,19,28,5,-1.1111111111111112,10.666666666666666,11.212121212121213,3550,False
Blue_Dragon_vs_Pantheon_g2,362,231,6650,199,0,41,19,28,5,-1.2525252525252526,10.666666666666666,11.212121212121213,3570,False
Blue_Dragon_vs_Pantheon_g2,363,248,6650,199,0,42,19,28,5,-1.2828282828282829,12.0,11.414141414141413,3590,False
Blue_Dragon_vs_Pantheon_g2,364,277,6650,199,0,43,19,28,5,-0.9292929292929293,11.333333333333334,11.313131313131313,3590,False
Blue_Dragon_vs_Pantheon_g2,365,277,6650,199,0,44,19,28,5,-1.0,11.333333333333334,11.212121212121213,3600,False
Blue_Dragon_vs_Pantheon_g2,366,282,6650,199,0,45,19,28,5,2.313131313131313,10.666666666666666,11.11111111111111,3610,False
Blue_Dragon_vs_Pantheon_g2,367,292,6650,199,0,46,19,28,5,2.1717171717171717,12.0,11.313131313131313,3630,False
Blue_Dragon_vs_Pantheon_g2,368,321,6650,199,0,47,19,28,5,2.5757575757575757,11.333333333333334,11.212121212121213,3630,False
Blue_Dragon_vs_Pantheon_g2,369,300,6655,199,0,48,19,28,5,2.292929292929293,10.666666666666666,11.212121212121213,3640,False
Blue_Dragon_vs_Pantheon_g2,370,290,6665,199,0,49,19,28,5,2.090909090909091,10.666666666666666,11.212121212121213,3660,False
Blue_Dragon_vs_Pantheon_g2,371,310,6665,199,0,50,19,28,5,2.01010101010101,12.0,11.414141414141413,3680,False
Blue_Dragon_vs_Pantheon_g2,372,338,6665,199,0,51,19,28,5,2.292929292929293,11.333333333333334,11.313131313131313,3680,False
Blue_Dragon_vs_Pantheon_g2,373,334,6660,199,0,52,19,28,5,2.1818181818181817,11.333333333333334,11.212121212121213,3690,False
Blue_Dragon_vs_Pantheon_g2,374,339,6660,199,0,53,19,28,5,2.111111111111111,10.666666666666666,11.11111111111111,3700,False
Blue_Dragon_vs_Pantheon_g2,375,346,6660,199,0,54,19,28,5,1.9898989898989898,12.0,11.313131313131313,3720,False
Blue_Dragon_vs_Pantheon_g2,376,372,6660,199,0,55,19,28,5,2.303030303030303,11.333333333333334,11.212121212121213,3720,False
Blue_Dragon_vs_Pantheon_g2,377,371,6660,199,0,56,19,28,5,2.202020202020202,10.666666666666666,11.212121212121213,3730,False
Blue_Dragon_vs_Pantheon_g2,378,378,6660,199,0,57,19,28,5,2.1717171717171717,10.666666666666666,11.212121212121213,3750,False
Blue_Dragon_vs_Pantheon_g2,379,397,6660,199,0,58,19,28,5,2.0707070707070705,12.0,11.414141414141413,3770,False
Blue_Dragon_vs_Pantheon_g2,380,426,6660,199,0,59,19,28,5,4.171717171717172,11.333333333333334,11.313131313131313,3770,False
Blue_Dragon_vs_Pantheon_g2,381,426,6660,199,0,60,19,28,5,4.090909090909091,11.333333333333334,11.212121212121213,3780,False
Blue_Dragon_vs_Pantheon_g2,382,433,6660,199,0,61,19,28,5,3.95959595959596,10.666666666666666,11.11111111111111,3790,False
Blue_Dragon_vs_Pantheon_g2,383,443,6660,199,0,62,19,28,5,3.7676767676767677,12.0,11.313131313131313,3810,False
Blue_Dragon_vs_Pantheon_g2,384,472,6660,199,0,63,19,28,5,4.0606060606060606,12.0,11.313131313131313,3820,False
Blue_Dragon_vs_Pantheon_g2,385,482,6655,199,0,64,19,28,5,4.090909090909091,12.0,11.414141414141413,3840,False
Blue_Dragon_vs_Pantheon_g2,386,495,6660,199,0,65,19,28,5,4.141414141414141,12.0,11.414141414141413,3860,False
Blue_Dragon_vs_Pantheon_g2,387,496,6665,199,0,66,19,30,6,3.878787878787879,13.333333333333334,11.616161616161616,3880,False
Blue_Dragon_vs_Pantheon_g2,388,194,6900,207,0,67,19,30,6,0.8383838383838383,13.333333333333334,11.616161616161616,3890,False
Blue_Dragon_vs_Pantheon_g2,389,199,6900,207,0,68,19,30,6,0.8080808080808081,13.333333333333334,11.515151515151516,3900,False
Blue_Dragon_vs_Pantheon_g2,390,202,6900,207,0,69,19,30,6,0.6464646464646465,12.666666666666666,11.414141414141413,3910,False
Blue_Dragon_vs_Pantheon_g2,391,203,6905,207,0,70,19,30,6,0.41414141414141414,13.333333333333334,11.515151515151516,3920,False
Blue_Dragon_vs_Pantheon_g2,392,219,6905,207,0,71,19,30,6,0.5959595959595959,13.333333333333334,11.515151515151516,3930,False
Blue_Dragon_vs_Pantheon_g2,393,226,6905,207,0,72,19,29,6,0.6060606060606061,12.666666666666666,11.515151515151516,3940,False
Blue_Dragon_vs_Pantheon_g2,394,207,6815,204,0,73,19,29,6,0.3333333333333333,12.666666666666666,11.515151515151516,3960,False
Blue_Dragon_vs_Pantheon_g2,395,204,6820,204,0,74,19,29,6,0.020202020202020204,13.333333333333334,11.616161616161616,3970,False
Blue_Dragon_vs_Pantheon_g2,396,196,6830,204,0,75,19,29,6,1.898989898989899,13.333333333333334,11.616161616161616,3980,False
Blue_Dragon_vs_Pantheon_g2,397,206,6830,204,0,76,19,30,6,1.9090909090909092,13.333333333333334,11.515151515151516,3990,False
Blue_Dragon_vs_Pantheon_g2,398,14,7020,210,0,77,19,30,6,-0.21212121212121213,12.666666666666666,11.414141414141413,4000,False
Blue_Dragon_vs_Pantheon_g2,399,18,7025,210,0,78,19,30,6,-0.45454545454545453,12.666666666666666,11.515151515151516,4010,False
Blue_Dragon_vs_Pantheon_g2,400,33,7025,210,0,79,19,30,6,-0.2828282828282828,12.0,11.515151515151516,4020,False
Blue_Dragon_vs_Pantheon_g2,401,39,7025,210,0,80,19,30,6,-0.31313131313131315,12.666666666666666,11.717171717171718,4050,False
Blue_Dragon_vs_Pantheon_g2,402,64,7025,210,0,81,19,30,6,-0.13131313131313133,12.666666666666666,11.717171717171718,4070,False
Blue_Dragon_vs_Pantheon_g2,403,80,7025,210,0,82,19,30,6,-0.21212121212121213,12.666666666666666,11.818181818181818,4080,False
Blue_Dragon_vs_Pantheon_g2,404,97,7025,210,0,83,19,30,6,0.010101010101010102,12.0,11.717171717171718,4080,False
Blue_Dragon_vs_Pantheon_g2,405,85,7035,211,0,84,19,30,6,-0.13131313131313133,12.666666666666666,11.717171717171718,4100,False
Blue_Dragon_vs_Pantheon_g2,406,104,7035,211,0,85,19,30,6,-0.13131313131313133,12.666666666666666,11.616161616161616,4110,False
Blue_Dragon_vs_Pantheon_g2,407,111,7035,211,0,86,19,30,6,-0.35353535353535354,12.666666666666666,11.717171717171718,4120,False
Blue_Dragon_vs_Pantheon_g2,408,129,7035,211,0,87,19,30,6,-0.1414141414141414,12.666666666666666,11.717171717171718,4130,False
Blue_Dragon_vs_Pantheon_g2,409,134,7035,211,0,88,19,30,6,-0.1717171717171717,12.666666666666666,11.818181818181818,4150,False
Blue_Dragon_vs_Pantheon_g2,410,146,7035,211,0,89,19,30,6,-0.13131313131313133,13.333333333333334,11.818181818181818,4170,False
Blue_Dragon_vs_Pantheon_g2,411,164,7035,211,0,90,19,30,6,-0.23232323232323232,13.333333333333334,11.919191919191919,4180,False
Blue_Dragon_vs_Pantheon_g2,412,184,7035,211,0,91,19,29,6,0.0,12.666666666666666,11.818181818181818,4180,False
Blue_Dragon_vs_Pantheon_g2,413,184,6835,205,0,92,19,29,6,-0.08080808080808081,13.333333333333334,11.818181818181818,4200,False
Blue_Dragon_vs_Pantheon_g2,414,184,6845,205,0,93,19,29,6,-0.24242424242424243,13.333333333333334,11.717171717171718,4210,False
Blue_Dragon_vs_Pantheon_g2,415,193,6845,205,0,94,19,29,6,-0.3939393939393939,13.333333333333334,11.818181818181818,4220,False
Blue_Dragon_vs_Pantheon_g2,416,202,6850,205,0,95,19,29,6,-0.24242424242424243,12.0,11.818181818181818,4230,False
Blue_Dragon_vs_Pantheon_g2,417,209,6850,205,0,96,19,29,6,-0.1717171717171717,12.0,11.919191919191919,4250,False
Blue_Dragon_vs_Pantheon_g2,418,225,6850,205,0,97,19,29,6,-0.08080808080808081,12.666666666666666,11.919191919191919,4270,False
Blue_Dragon_vs_Pantheon_g2,419,242,6850,205,0,98,19,29,6,-0.13131313131313133,13.333333333333334,12.02020202020202,4280,False
Blue_Dragon_vs_Pantheon_g2,420,258,6850,205,0,99,19,29,6,0.06060606060606061,12.0,11.919191919191919,4280,False
Blue_Dragon_vs_Pantheon_g2,421,258,6845,205,0,100,19,29,6,1.8686868686868687,12.666666666666666,11.919191919191919,4300,False
Blue_Dragon_vs_Pantheon_g2,422,276,6845,205,0,101,19,30,6,1.8585858585858586,12.666666666666666,11.818181818181818,4310,True
Blue_Dragon_vs_Pantheon_g2,423,83,7045,211,0,1,20,30,6,-0.3333333333333333,12.666666666666666,11.919191919191919,4320,False
Blue_Dragon_vs_Pantheon_g2,424,102,7045,211,0,2,20,30,6,-0.1111111111111111,12.0,11.919191919191919,4330,False
Blue_Dragon_vs_Pantheon_g2,425,110,7045,211,0,3,20,30,6,-0.13131313131313133,12.0,12.02020202020202,4350,False
Blue_Dragon_vs_Pantheon_g2,426,123,7050,211,0,4,20,30,6,-0.09090909090909091,12.666666666666666,12.02020202020202,4370,False
Blue_Dragon_vs_Pantheon_g2,427,143,7050,211,0,5,20,30,6,-0.1919191919191919,13.333333333333334,12.121212121212121,4380,False
Blue_Dragon_vs_Pantheon_g2,428,162,7050,211,0,6,20,30,6,0.010101010101010102,12.666666666666666,12.121212121212121,4390,False
Blue_Dragon_vs_Pantheon_g2,429,169,7050,211,0,7,20,30,6,-0.020202020202020204,13.333333333333334,12.121212121212121,4410,False
Blue_Dragon_vs_Pantheon_g2,430,185,7050,211,0,8,20,30,6,-0.030303030303030304,13.333333333333334,12.02020202020202,4420,False
Blue_Dragon_vs_Pantheon_g2,431,191,7050,211,0,9,20,30,6,-0.23232323232323232,13.333333333333334,12.121212121212121,4430,False
Blue_Dragon_vs_Pantheon_g2,432,198,7055,211,0,10,20,30,6,0.06060606060606061,12.666666666666666,12.121212121212121,4440,False
Blue_Dragon_vs_Pantheon_g2,433,207,7055,211,0,11,20,30,6,0.06060606060606061,12.666666666666666,12.222222222222221,4460,False
Blue_Dragon_vs_Pantheon_g2,434,225,7055,211,0,12,20,31,6,0.40404040404040403,13.333333333333334,12.222222222222221,4480,False
Blue_Dragon_vs_Pantheon_g2,435,35,7245,217,0,13,20,31,6,-1.7575757575757576,14.0,12.323232323232324,4490,False
Blue_Dragon_vs_Pantheon_g2,436,54,7245,217,0,14,20,31,6,-1.3434343434343434,12.666666666666666,12.222222222222221,4490,False
Blue_Dragon_vs_Pantheon_g2,437,53,7245,217,0,15,20,31,6,-1.2626262626262625,13.333333333333334,12.222222222222221,4510,False
Blue_Dragon_vs_Pantheon_g2,438,72,7245,217,0,16,20,31,6,-1.2222222222222223,13.333333333333334,12.121212121212121,4520,False
Blue_Dragon_vs_Pantheon_g2,439,82,7245,217,0,17,20,31,6,-1.3838383838383839,13.333333333333334,12.222222222222221,4530,False
Blue_Dragon_vs_Pantheon_g2,440,100,7245,217,0,18,20,30,6,-1.1616161616161615,13.333333333333334,12.323232323232324,4550,False
Blue_Dragon_vs_Pantheon_g2,441,107,7050,211,0,19,20,31,6,-1.1414141414141414,13.333333333333334,12.424242424242424,4570,False
Blue_Dragon_vs_Pantheon_g2,442,56,7150,214,0,20,20,31,6,-1.707070707070707,14.0,12.424242424242424,4590,False
Blue_Dragon_vs_Pantheon_g2,443,71,7150,214,0,21,20,31,6,-1.7777777777777777,14.0,12.525252525252526,4600,False
Blue_Dragon_vs_Pantheon_g2,444,88,7150,214,0,22,20,31,6,-1.5757575757575757,12.666666666666666,12.424242424242424,4600,False
Blue_Dragon_vs_Pantheon_g2,445,84,7150,214,0,23,20,30,6,-1.696969696969697,13.333333333333334,12.424242424242424,4620,False
Blue_Dragon_vs_Pantheon_g2,446,102,6950,208,0,24,20,30,6,-1.7171717171717171,13.333333333333334,12.323232323232324,4630,False
Blue_Dragon_vs_Pantheon_g2,447,104,6955,208,0,25,20,31,6,-1.9292929292929293,13.333333333333334,12.424242424242424,4640,False
Blue_Dragon_vs_Pantheon_g2,448,50,7045,211,0,26,20,31,6,-2.4444444444444446,12.666666666666666,12.424242424242424,4650,False
Blue_Dragon_vs_Pantheon_g2,449,60,7045,211,0,27,20,31,6,-2.4343434343434343,12.666666666666666,12.525252525252526,4670,False
Blue_Dragon_vs_Pantheon_g2,450,79,7045,211,0,28,20,31,6,-2.3434343434343434,13.333333333333334,12.525252525252526,4690,False
Blue_Dragon_vs_Pantheon_g2,451,96,7045,211,0,29,20,31,6,-2.4444444444444446,14.0,12.626262626262626,4700,False
Blue_Dragon_vs_Pantheon_g2,452,113,7045,211,0,30,20,31,6,-2.2323232323232323,12.666666666666666,12.525252525252526,4700,False
Blue_Dragon_vs_Pantheon_g2,453,109,7045,211,0,31,20,31,6,-2.323232323232323,13.333333333333334,12.525252525252526,4720,False
Blue_Dragon_vs_Pantheon_g2,454,124,7045,211,0,32,20,31,6,-2.292929292929293,13.333333333333334,12.424242424242424,4730,False
Blue_Dragon_vs_Pantheon_g2,455,125,7045,211,0,33,20,31,6,-0.6262626262626263,12.666666666666666,12.525252525252526,4740,False
Blue_Dragon_vs_Pantheon_g2,456,136,7045,211,0,34,20,30,6,-0.5050505050505051,12.0,12.525252525252526,4750,False
Blue_Dragon_vs_Pantheon_g2,457,143,6945,208,0,35,20,30,6,-0.5252525252525253,12.0,12.626262626262626,4770,False
Blue_Dragon_vs_Pantheon_g2,458,91,6945,208,0,36,20,31,6,-1.1313131313131313,12.666666666666666,12.626262626262626,4790,False
Blue_Dragon_vs_Pantheon_g2,459,35,7050,211,0,37,20,31,6,-1.9595959595959596,13.333333333333334,12.727272727272727,4800,False
Blue_Dragon_vs_Pantheon_g2,460,52,7050,211,0,38,20,31,6,-1.7575757575757576,12.0,12.626262626262626,4800,False
Blue_Dragon_vs_Pantheon_g2,461,51,7050,211,0,39,20,31,6,-1.8181818181818181,12.666666666666666,12.626262626262626,4820,False
Blue_Dragon_vs_Pantheon_g2,462,71,7050,211,0,40,20,31,6,-1.7878787878787878,12.666666666666666,12.525252525252526,4830,False
Blue_Dragon_vs_Pantheon_g2,463,79,7050,211,0,41,20,31,6,-2.0,12.666666666666666,12.626262626262626,4840,False
Blue_Dragon_vs_Pantheon_g2,464,97,7050,211,0,42,20,31,6,-1.8181818181818181,12.0,12.626262626262626,4850,False
Blue_Dragon_vs_Pantheon_g2,465,107,7050,211,0,43,20,31,6,-1.7676767676767677,12.0,12.727272727272727,4870,False
Blue_Dragon_vs_Pantheon_g2,466,126,7050,211,0,44,20,31,6,-1.6767676767676767,12.666666666666666,12.727272727272727,4890,False
Blue_Dragon_vs_Pantheon_g2,467,143,7050,211,0,45,20,31,6,-1.797979797979798,13.333333333333334,12.828282828282829,4900,False
Blue_Dragon_vs_Pantheon_g2,468,160,7050,211,0,46,20,31,6,-1.4141414141414141,12.0,12.727272727272727,4900,False
Blue_Dragon_vs_Pantheon_g2,469,157,7050,211,0,47,20,31,6,-1.3434343434343434,12.666666666666666,12.727272727272727,4920,False
Blue_Dragon_vs_Pantheon_g2,470,175,7050,211,0,48,20,31,6,-1.3636363636363635,12.666666666666666,12.626262626262626,4930,False
Blue_Dragon_vs_Pantheon_g2,471,180,7050,211,0,49,20,31,6,-1.595959595959596,12.666666666666666,12.727272727272727,4940,False
Blue_Dragon_vs_Pantheon_g2,472,194,7050,211,0,50,20,31,6,-1.4141414141414141,12.0,12.727272727272727,4950,False
Blue_Dragon_vs_Pantheon_g2,473,199,7050,211,0,51,20,30,6,-1.4141414141414141,12.0,12.828282828282829,4970,False
Blue_Dragon_vs_Pantheon_g2,474,216,6950,208,0,52,20,31,6,-1.3131313131313131,12.666666666666666,12.828282828282829,4990,False
Blue_Dragon_vs_Pantheon_g2,475,162,7050,211,0,53,20,31,6,-2.121212121212121,13.333333333333334,12.929292929292929,5000,False
Blue_Dragon_vs_Pantheon_g2,476,178,7050,211,0,54,20,31,6,-1.9494949494949494,12.0,12.828282828282829,5000,False
Blue_Dragon_vs_Pantheon_g2,477,174,7050,211,0,55,20,31,6,-2.0606060606060606,12.666666666666666,12.828282828282829,5020,False
Blue_Dragon_vs_Pantheon_g2,478,191,7050,211,0,56,20,31,6,-2.080808080808081,12.666666666666666,12.727272727272727,5030,False
Blue_Dragon_vs_Pantheon_g2,479,199,7050,211,0,57,20,31,6,-2.292929292929293,12.666666666666666,12.828282828282829,5040,False
Blue_Dragon_vs_Pantheon_g2,480,217,7050,211,0,58,20,31,6,-2.111111111111111,12.0,12.828282828282829,5050,False
Blue_Dragon_vs_Pantheon_g2,481,224,7050,211,0,59,20,31,6,-2.111111111111111,12.0,12.929292929292929,5070,False
Blue_Dragon_vs_Pantheon_g2,482,238,7050,211,0,60,20,31,6,-2.0707070707070705,12.666666666666666,12.929292929292929,5090,False
Blue_Dragon_vs_Pantheon_g2,483,254,7050,211,0,61,20,31,6,-2.202020202020202,13.333333333333334,12.929292929292929,5100,False
Blue_Dragon_vs_Pantheon_g2,484,270,7050,211,0,62,20,31,6,-2.1414141414141414,12.0,12.727272727272727,5100,False
Blue_Dragon_vs_Pantheon_g2,485,268,7050,211,0,63,20,32,6,-2.292929292929293,12.666666666666666,12.727272727272727,5120,True
Blue_Dragon_vs_Pantheon_g2,486,77,7250,217,0,1,21,32,6,-4.232323232323233,12.666666666666666,12.626262626262626,5130,False
Blue_Dragon_vs_Pantheon_g2,487,84,7250,217,0,2,21,32,6,-1.1111111111111112,12.666666666666666,12.626262626262626,5140,False
Blue_Dragon_vs_Pantheon_g2,488,101,7250,217,0,3,21,31,6,-0.98989898989899,12.0,12.626262626262626,5150,False
Blue_Dragon_vs_Pantheon_g2,489,108,7145,214,0,4,21,32,6,-0.9494949494949495,12.0,12.727272727272727,5170,False
Blue_Dragon_vs_Pantheon_g2,490,57,7245,217,0,5,21,32,6,-1.4747474747474747,12.666666666666666,12.828282828282829,5190,False
Blue_Dragon_vs_Pantheon_g2,491,74,7245,217,0,6,21,32,6,-1.4646464646464648,13.333333333333334,12.828282828282829,5200,False
Blue_Dragon_vs_Pantheon_g2,492,89,7245,217,0,7,21,32,6,-1.3838383838383839,12.0,12.727272727272727,5200,False
Blue_Dragon_vs_Pantheon_g2,493,86,7245,217,0,8,21,32,6,-1.2222222222222223,12.666666666666666,12.727272727272727,5220,False
Blue_Dragon_vs_Pantheon_g2,494,103,7245,217,0,9,21,32,6,-1.02020202020202,12.666666666666666,12.727272727272727,5230,False
Blue_Dragon_vs_Pantheon_g2,495,108,7245,217,0,10,21,32,6,-0.8888888888888888,12.666666666666666,12.727272727272727,5240,False
Blue_Dragon_vs_Pantheon_g2,496,122,7245,217,0,11,21,32,6,-0.8484848484848485,12.0,12.727272727272727,5250,False
Blue_Dragon_vs_Pantheon_g2,497,129,7245,217,0,12,21,32,6,1.1616161616161615,12.0,12.828282828282829,5270,False
Blue_Dragon_vs_Pantheon_g2,498,147,7245,217,0,13,21,32,6,1.303030303030303,12.666666666666666,12.929292929292929,5290,False
Blue_Dragon_vs_Pantheon_g2,499,165,7245,217,0,14,21,32,6,1.3333333333333333,13.333333333333334,12.929292929292929,5300,False
Blue_Dragon_vs_Pantheon_g2,500,182,7245,217,0,15,21,32,6,1.4444444444444444,12.0,12.626262626262626,5300,False
Blue_Dragon_vs_Pantheon_g2,501,178,7245,217,0,16,21,32,6,1.1515151515151516,12.666666666666666,12.626262626262626,5320,False
Blue_Dragon_vs_Pantheon_g2,502,194,7245,217,0,17,21,32,6,1.1515151515151516,12.666666666666666,12.626262626262626,5330,False
Blue_Dragon_vs_Pantheon_g2,503,200,7245,217,0,18,21,32,6,1.0404040404040404,12.666666666666666,12.727272727272727,5340,False
Blue_Dragon_vs_Pantheon_g2,504,215,7245,217,0,19,21,31,6,1.3131313131313131,12.0,12.626262626262626,5350,False
Blue_Dragon_vs_Pantheon_g2,505,221,7145,214,0,20,21,32,6,1.1818181818181819,12.0,12.727272727272727,5370,False
Blue_Dragon_vs_Pantheon_g2,506,169,7245,217,0,21,21,32,6,0.5858585858585859,12.666666666666666,12.828282828282829,5390,False
Blue_Dragon_vs_Pantheon_g2,507,184,7245,217,0,22,21,32,6,0.5555555555555556,13.333333333333334,12.828282828282829,5400,False
Blue_Dragon_vs_Pantheon_g2,508,199,7245,217,0,23,21,32,6,0.6565656565656566,12.0,12.626262626262626,5400,False
Blue_Dragon_vs_Pantheon_g2,509,195,7245,217,0,24,21,32,6,0.494949494949495,12.666666666666666,12.626262626262626,5420,False
Blue_Dragon_vs_Pantheon_g2,510,204,7250,217,0,25,21,32,6,0.40404040404040403,12.666666666666666,12.626262626262626,5430,False
Blue_Dragon_vs_Pantheon_g2,511,211,7250,217,0,26,21,32,6,0.2727272727272727,12.666666666666666,12.727272727272727,5440,False
Blue_Dragon_vs_Pantheon_g2,512,230,7250,217,0,27,21,32,6,0.46464646464646464,12.0,12.626262626262626,5450,False
Blue_Dragon_vs_Pantheon_g2,513,235,7250,217,0,28,21,32,6,0.5151515151515151,12.0,12.727272727272727,5470,False
Blue_Dragon_vs_Pantheon_g2,514,252,7250,217,0,29,21,32,6,0.5959595959595959,12.666666666666666,12.828282828282829,5490,False
Blue_Dragon_vs_Pantheon_g2,515,269,7250,217,0,30,21,32,6,0.6767676767676768,13.333333333333334,12.828282828282829,5500,False
Blue_Dragon_vs_Pantheon_g2,516,285,7250,217,0,31,21,32,6,0.7676767676767676,12.0,12.626262626262626,5500,False
Blue_Dragon_vs_Pantheon_g2,517,277,7250,217,0,32,21,32,6,0.5252525252525253,12.666666666666666,12.626262626262626,5520,False
Blue_Dragon_vs_Pantheon_g2,518,290,7250,217,0,33,21,32,6,0.48484848484848486,12.666666666666666,12.626262626262626,5530,False
Blue_Dragon_vs_Pantheon_g2,519,295,7250,217,0,34,21,32,6,0.37373737373737376,12.666666666666666,12.727272727272727,5540,False
Blue_Dragon_vs_Pantheon_g2,520,307,7250,217,0,35,21,32,6,0.494949494949495,12.0,12.626262626262626,5550,False
Blue_Dragon_vs_Pantheon_g2,521,313,7250,217,0,36,21,31,6,0.37373737373737376,12.0,12.727272727272727,5570,False
Blue_Dragon_vs_Pantheon_g2,522,331,7150,214,0,37,21,32,6,2.505050505050505,12.666666666666666,12.828282828282829,5590,False
Blue_Dragon_vs_Pantheon_g2,523,281,7250,217,0,38,21,32,6,1.8080808080808082,13.333333333333334,12.828282828282829,5600,False
Blue_Dragon_vs_Pantheon_g2,524,296,7250,217,0,39,21,32,6,1.878787878787879,12.0,12.626262626262626,5600,False
Blue_Dragon_vs_Pantheon_g2,525,292,7250,217,0,40,21,32,6,1.707070707070707,12.666666666666666,12.626262626262626,5620,False
Blue_Dragon_vs_Pantheon_g2,526,310,7250,217,0,41,21,32,6,1.6868686868686869,12.666666666666666,12.626262626262626,5630,False
Blue_Dragon_vs_Pantheon_g2,527,317,7250,217,0,42,21,32,6,1.5656565656565657,12.666666666666666,12.626262626262626,5640,False
Blue_Dragon_vs_Pantheon_g2,528,334,7250,217,0,43,21,32,6,1.6666666666666667,12.0,12.525252525252526,5650,False
Blue_Dragon_vs_Pantheon_g2,529,342,7250,217,0,44,21,32,6,1.5858585858585859,12.0,12.626262626262626,5670,False
Blue_Dragon_vs_Pantheon_g2,530,359,7250,217,0,45,21,32,6,1.696969696969697,12.666666666666666,12.727272727272727,5690,False
Blue_Dragon_vs_Pantheon_g2,531,376,7250,217,0,46,21,32,6,1.797979797979798,13.333333333333334,12.727272727272727,5700,False
Blue_Dragon_vs_Pantheon_g2,532,392,7250,217,0,47,21,32,6,1.8686868686868687,12.0,12.525252525252526,5700,False
Blue_Dragon_vs_Pantheon_g2,533,381,7255,217,0,48,21,32,6,1.5757575757575757,12.666666666666666,12.525252525252526,5720,False
Blue_Dragon_vs_Pantheon_g2,534,398,7255,217,0,49,21,32,6,3.6666666666666665,12.666666666666666,12.525252525252526,5730,False
Blue_Dragon_vs_Pantheon_g2,535,402,7255,217,0,50,21,32,6,3.515151515151515,12.666666666666666,12.626262626262626,5740,False
Blue_Dragon_vs_Pantheon_g2,536,418,7255,217,0,51,21,31,6,3.686868686868687,12.0,12.525252525252526,5750,False
Blue_Dragon_vs_Pantheon_g2,537,423,7155,214,0,52,21,32,6,3.5454545454545454,12.0,12.626262626262626,5770,False
Blue_Dragon_vs_Pantheon_g2,538,366,7255,217,0,53,21,32,6,2.8686868686868685,12.666666666666666,12.727272727272727,5790,False
Blue_Dragon_vs_Pantheon_g2,539,382,7255,217,0,54,21,32,6,2.8484848484848486,13.333333333333334,12.626262626262626,5800,False
Blue_Dragon_vs_Pantheon_g2,540,394,7255,217,0,55,21,32,6,2.898989898989899,12.0,12.424242424242424,5800,False
Blue_Dragon_vs_Pantheon_g2,541,386,7255,217,0,56,21,32,6,3.3333333333333335,12.666666666666666,12.424242424242424,5820,False
Blue_Dragon_vs_Pantheon_g2,542,398,7255,217,0,57,21,32,6,3.303030303030303,12.666666666666666,12.424242424242424,5830,False
Blue_Dragon_vs_Pantheon_g2,543,402,7255,217,0,58,21,32,6,3.1717171717171717,12.666666666666666,12.525252525252526,5840,False
Blue_Dragon_vs_Pantheon_g2,544,418,7255,217,0,59,21,32,6,3.3737373737373737,12.0,12.424242424242424,5850,False
Blue_Dragon_vs_Pantheon_g2,545,427,7255,217,0,60,21,32,6,3.282828282828283,12.0,12.525252525252526,5870,False
Blue_Dragon_vs_Pantheon_g2,546,444,7255,217,0,61,21,32,6,3.4343434343434343,12.666666666666666,12.626262626262626,5890,False
Blue_Dragon_vs_Pantheon_g2,547,463,7255,217,0,62,21,32,6,4.171717171717172,13.333333333333334,12.626262626262626,5900,False
Blue_Dragon_vs_Pantheon_g2,548,480,7255,217,0,63,21,32,6,4.242424242424242,12.0,12.424242424242424,5900,False
Blue_Dragon_vs_Pantheon_g2,549,477,7255,217,0,64,21,32,6,4.02020202020202,12.666666666666666,12.424242424242424,5920,False
Blue_Dragon_vs_Pantheon_g2,550,491,7255,217,0,65,21,32,6,3.98989898989899,12.666666666666666,12.424242424242424,5930,False
Blue_Dragon_vs_Pantheon_g2,551,497,7255,217,0,66,21,32,6,3.878787878787879,12.666666666666666,12.525252525252526,5940,False
Blue_Dragon_vs_Pantheon_g2,552,510,7255,217,0,67,21,31,6,4.05050505050505,12.0,12.424242424242424,5950,False
Blue_Dragon_vs_Pantheon_g2,553,513,7155,214,0,68,21,32,6,3.9292929292929295,12.0,12.525252525252526,5970,False
Blue_Dragon_vs_Pantheon_g2,554,457,7255,217,0,69,21,32,6,3.3535353535353534,12.666666666666666,12.626262626262626,5990,False
Blue_Dragon_vs_Pantheon_g2,555,471,7255,217,0,70,21,32,6,3.3838383838383836,13.333333333333334,12.626262626262626,6000,False
Blue_Dragon_vs_Pantheon_g2,556,487,7255,217,0,71,21,31,6,3.474747474747475,12.0,12.424242424242424,6000,False
Blue_Dragon_vs_Pantheon_g2,557,484,7155,214,0,72,21,33,6,3.9696969696969697,12.666666666666666,12.424242424242424,6020,True
Blue_Dragon_vs_Pantheon_g2,558,219,7455,223,0,1,22,33,6,1.8585858585858586,12.666666666666666,12.424242424242424,6030,False
Blue_Dragon_vs_Pantheon_g2,559,227,7455,223,0,2,22,33,6,1.7676767676767677,12.666666666666666,12.525252525252526,6040,False
Blue_Dragon_vs_Pantheon_g2,560,243,7455,223,0,3,22,33,6,1.9393939393939394,12.0,12.424242424242424,6050,False
Blue_Dragon_vs_Pantheon_g2,561,251,7455,223,0,4,22,33,6,1.8181818181818181,12.0,12.525252525252526,6070,False
Blue_Dragon_vs_Pantheon_g2,562,269,7455,223,0,5,22,32,6,1.9191919191919191,12.666666666666666,12.626262626262626,6090,False
Blue_Dragon_vs_Pantheon_g2,563,285,7355,220,0,6,22,33,6,1.898989898989899,13.333333333333334,12.626262626262626,6100,False
Blue_Dragon_vs_Pantheon_g2,564,86,7555,226,0,7,22,33,6,-0.21212121212121213,12.0,12.424242424242424,6100,False
Blue_Dragon_vs_Pantheon_g2,565,75,7560,226,0,8,22,33,6,-0.5151515151515151,12.666666666666666,12.424242424242424,6120,False
Blue_Dragon_vs_Pantheon_g2,566,89,7560,226,0,9,22,33,6,-0.5454545454545454,12.666666666666666,12.424242424242424,6130,False
Blue_Dragon_vs_Pantheon_g2,567,92,7560,226,0,10,22,33,6,-0.6868686868686869,12.666666666666666,12.525252525252526,6140,False
Blue_Dragon_vs_Pantheon_g2,568,81,7570,227,0,11,22,33,6,-0.7676767676767676,12.0,12.424242424242424,6150,False
Blue_Dragon_vs_Pantheon_g2,569,83,7575,227,0,12,22,33,6,-0.9292929292929293,12.0,12.525252525252526,6170,False
Blue_Dragon_vs_Pantheon_g2,570,103,7575,227,0,13,22,33,6,-0.7777777777777778,12.666666666666666,12.626262626262626,6190,False
Blue_Dragon_vs_Pantheon_g2,571,123,7575,227,0,14,22,33,6,-0.7171717171717171,13.333333333333334,12.626262626262626,6200,False
Blue_Dragon_vs_Pantheon_g2,572,143,7575,227,0,15,22,34,6,-0.5656565656565656,12.0,12.424242424242424,6200,False
Blue_Dragon_vs_Pantheon_g2,573,67,7665,229,0,16,22,34,6,-1.505050505050505,12.666666666666666,12.424242424242424,6220,False
Blue_Dragon_vs_Pantheon_g2,574,86,7660,229,0,17,22,34,6,-0.7676767676767676,12.666666666666666,12.424242424242424,6230,False
Blue_Dragon_vs_Pantheon_g2,575,72,7665,229,0,18,22,34,6,-1.0707070707070707,12.666666666666666,12.525252525252526,6240,False
Blue_Dragon_vs_Pantheon_g2,576,89,7665,229,0,19,22,34,6,-0.8585858585858586,12.0,12.424242424242424,6250,False
Blue_Dragon_vs_Pantheon_g2,577,97,7665,229,0,20,22,34,6,-0.9494949494949495,11.333333333333334,12.424242424242424,6260,False
Blue_Dragon_vs_Pantheon_g2,578,106,7665,229,0,21,22,34,6,-0.9393939393939394,11.333333333333334,12.424242424242424,6270,False
Blue_Dragon_vs_Pantheon_g2,579,115,7665,229,0,22,22,34,6,-1.0303030303030303,12.0,12.424242424242424,6280,False
Blue_Dragon_vs_Pantheon_g2,580,131,7665,229,0,23,22,34,6,-0.9393939393939394,10.666666666666666,12.222222222222221,6280,False
Blue_Dragon_vs_Pantheon_g2,581,129,7665,229,0,24,22,34,6,-1.101010101010101,10.666666666666666,12.121212121212121,6290,False
Blue_Dragon_vs_Pantheon_g2,582,137,7665,229,0,25,22,34,6,-1.1818181818181819,10.666666666666666,12.121212121212121,6300,False
Blue_Dragon_vs_Pantheon_g2,583,144,7665,229,0,26,22,34,6,-1.2727272727272727,10.666666666666666,12.222222222222221,6310,False
Blue_Dragon_vs_Pantheon_g2,584,161,7665,229,0,27,22,34,6,-1.0808080808080809,10.0,12.121212121212121,6320,False
Blue_Dragon_vs_Pantheon_g2,585,167,7665,229,0,28,22,34,6,0.9090909090909091,9.333333333333334,12.121212121212121,6330,False
Blue_Dragon_vs_Pantheon_g2,586,177,7665,229,0,29,22,34,6,0.9393939393939394,9.333333333333334,12.121212121212121,6340,False
Blue_Dragon_vs_Pantheon_g2,587,185,7665,229,0,30,22,34,6,0.8484848484848485,10.0,12.121212121212121,6350,False
Blue_Dragon_vs_Pantheon_g2,588,203,7665,229,0,31,22,34,6,0.9595959595959596,8.666666666666666,11.919191919191919,6350,False
Blue_Dragon_vs_Pantheon_g2,589,201,7665,229,0,32,22,34,6,1.4545454545454546,8.666666666666666,11.818181818181818,6360,False
Blue_Dragon_vs_Pantheon_g2,590,209,7665,229,0,33,22,34,6,1.3636363636363635,8.666666666666666,11.818181818181818,6370,False
Blue_Dragon_vs_Pantheon_g2,591,215,7665,229,0,34,22,34,6,1.2727272727272727,8.666666666666666,11.919191919191919,6380,False
Blue_Dragon_vs_Pantheon_g2,592,233,7665,229,0,35,22,34,6,1.4848484848484849,8.666666666666666,11.818181818181818,6390,False
Blue_Dragon_vs_Pantheon_g2,593,241,7665,229,0,36,22,34,6,1.393939393939394,8.666666666666666,11.818181818181818,6400,False
Blue_Dragon_vs_Pantheon_g2,594,248,7665,229,0,37,22,33,6,1.4141414141414141,8.666666666666666,11.818181818181818,6410,False
Blue_Dragon_vs_Pantheon_g2,595,256,7465,223,0,38,22,34,6,1.3535353535353536,9.333333333333334,11.818181818181818,6420,False
Blue_Dragon_vs_Pantheon_g2,596,52,7665,229,0,39,22,34,6,-0.7777777777777778,8.666666666666666,11.616161616161616,6420,False
Blue_Dragon_vs_Pantheon_g2,597,47,7665,229,0,40,22,34,6,-1.0101010101010102,8.666666666666666,11.515151515151516,6430,False
Blue_Dragon_vs_Pantheon_g2,598,52,7665,229,0,41,22,34,6,-1.1414141414141414,8.666666666666666,11.515151515151516,6440,False
Blue_Dragon_vs_Pantheon_g2,599,55,7665,229,0,42,22,34,6,-1.2828282828282829,8.666666666666666,11.616161616161616,6450,False
Blue_Dragon_vs_Pantheon_g2,600,70,7665,229,0,43,22,34,6,-1.0909090909090908,8.666666666666666,11.515151515151516,6460,False
Blue_Dragon_vs_Pantheon_g2,601,77,7665,229,0,44,22,33,6,-1.1818181818181819,8.666666666666666,11.515151515151516,6470,False
Blue_Dragon_vs_Pantheon_g2,602,83,7565,226,0,45,22,33,6,-1.1818181818181819,8.666666666666666,11.515151515151516,6480,False
Blue_Dragon_vs_Pantheon_g2,603,90,7565,226,0,46,22,34,6,-1.2626262626262625,9.333333333333334,11.515151515151516,6490,False
Blue_Dragon_vs_Pantheon_g2,604,34,7655,229,0,47,22,34,6,-1.8888888888888888,8.666666666666666,11.313131313131313,6490,False
Blue_Dragon_vs_Pantheon_g2,605,33,7655,229,0,48,22,34,6,-1.3737373737373737,8.666666666666666,11.212121212121213,6500,False
Blue_Dragon_vs_Pantheon_g2,606,43,7655,229,0,49,22,34,6,-1.4242424242424243,8.666666666666666,11.212121212121213,6510,False
Blue_Dragon_vs_Pantheon_g2,607,53,7655,229,0,50,22,34,6,-1.4747474747474747,8.666666666666666,11.313131313131313,6520,False
Blue_Dragon_vs_Pantheon_g2,608,62,7660,229,0,51,22,34,6,-1.3434343434343434,8.666666666666666,11.212121212121213,6530,False
Blue_Dragon_vs_Pantheon_g2,609,69,7660,229,0,52,22,34,6,-1.3636363636363635,8.666666666666666,11.212121212121213,6540,False
Blue_Dragon_vs_Pantheon_g2,610,75,7660,229,0,53,22,34,6,-1.3737373737373737,8.666666666666666,11.212121212121213,6550,False
Blue_Dragon_vs_Pantheon_g2,611,80,7660,229,0,54,22,34,6,-1.5151515151515151,9.333333333333334,11.212121212121213,6560,False
Blue_Dragon_vs_Pantheon_g2,612,95,7660,229,0,55,22,34,6,-1.4141414141414141,8.666666666666666,11.01010101010101,6560,False
Blue_Dragon_vs_Pantheon_g2,613,88,7660,229,0,56,22,33,6,-1.6565656565656566,8.666666666666666,10.909090909090908,6570,False
Blue_Dragon_vs_Pantheon_g2,614,94,7460,223,0,57,22,33,6,-1.7676767676767677,8.666666666666666,10.909090909090908,6580,False
Blue_Dragon_vs_Pantheon_g2,615,99,7460,223,0,58,22,33,6,-1.878787878787879,8.666666666666666,11.01010101010101,6590,False
Blue_Dragon_vs_Pantheon_g2,616,102,7470,224,0,59,22,33,6,-1.7676767676767677,8.666666666666666,10.909090909090908,6600,False
Blue_Dragon_vs_Pantheon_g2,617,112,7470,224,0,60,22,33,6,-1.797979797979798,8.666666666666666,10.909090909090908,6610,False
Blue_Dragon_vs_Pantheon_g2,618,119,7470,224,0,61,22,33,6,-1.7777777777777777,8.666666666666666,10.909090909090908,6620,False
Blue_Dragon_vs_Pantheon_g2,619,128,7470,224,0,62,22,33,6,-1.8080808080808082,9.333333333333334,10.909090909090908,6630,False
Blue_Dragon_vs_Pantheon_g2,620,147,7470,224,0,63,22,33,6,-1.6767676767676767,8.666666666666666,10.707070707070708,6630,False
Blue_Dragon_vs_Pantheon_g2,621,140,7475,224,0,64,22,33,6,-1.9292929292929293,8.666666666666666,10.606060606060606,6640,False
Blue_Dragon_vs_Pantheon_g2,622,148,7475,224,0,65,22,33,6,-1.3434343434343434,8.666666666666666,10.606060606060606,6650,False
Blue_Dragon_vs_Pantheon_g2,623,153,7475,224,0,66,22,33,6,-1.4444444444444444,8.666666666666666,10.707070707070708,6660,False
Blue_Dragon_vs_Pantheon_g2,624,166,7470,224,0,67,22,33,6,-1.2727272727272727,8.666666666666666,10.606060606060606,6670,False
Blue_Dragon_vs_Pantheon_g2,625,172,7470,224,0,68,22,33,6,-1.393939393939394,8.666666666666666,10.606060606060606,6680,False
Blue_Dragon_vs_Pantheon_g2,626,173,7470,224,0,69,22,33,6,-1.4545454545454546,8.666666666666666,10.606060606060606,6690,False
Blue_Dragon_vs_Pantheon_g2,627,177,7470,224,0,70,22,33,6,-1.5858585858585859,9.333333333333334,10.606060606060606,6700,False
Blue_Dragon_vs_Pantheon_g2,628,195,7470,224,0,71,22,33,6,-1.4848484848484849,8.666666666666666,10.404040404040405,6700,False
Blue_Dragon_vs_Pantheon_g2,629,193,7470,224,0,72,22,33,6,-1.6767676767676767,8.666666666666666,10.303030303030303,6710,False
Blue_Dragon_vs_Pantheon_g2,630,201,7470,224,0,73,22,33,6,-1.7676767676767677,8.666666666666666,10.303030303030303,6720,False
Blue_Dragon_vs_Pantheon_g2,631,211,7470,224,0,74,22,33,6,-1.8282828282828283,8.666666666666666,10.404040404040405,6730,False
Blue_Dragon_vs_Pantheon_g2,632,229,7470,224,0,75,22,33,6,-1.5353535353535352,8.666666666666666,10.303030303030303,6740,False
Blue_Dragon_vs_Pantheon_g2,633,233,7470,224,0,76,22,33,6,-1.6666666666666667,8.666666666666666,10.303030303030303,6750,False
Blue_Dragon_vs_Pantheon_g2,634,233,7470,224,0,77,22,33,6,-1.707070707070707,8.666666666666666,10.303030303030303,6760,False
Blue_Dragon_vs_Pantheon_g2,635,236,7470,224,0,78,22,33,6,-1.8383838383838385,9.333333333333334,10.303030303030303,6770,False
Blue_Dragon_vs_Pantheon_g2,636,249,7470,224,0,79,22,33,6,-1.7575757575757576,8.666666666666666,10.1010101010101,6770,False
Blue_Dragon_vs_Pantheon_g2,637,237,7475,224,0,80,22,33,6,-1.303030303030303,8.666666666666666,10.0,6780,False
Blue_Dragon_vs_Pantheon_g2,638,241,7475,224,0,81,22,33,6,-1.4242424242424243,8.666666666666666,10.0,6790,False
Blue_Dragon_vs_Pantheon_g2,639,249,7475,224,0,82,22,33,6,-1.4646464646464648,8.666666666666666,10.1010101010101,6800,False
Blue_Dragon_vs_Pantheon_g2,640,263,7475,224,0,83,22,33,6,-1.2424242424242424,8.666666666666666,10.0,6810,False
Blue_Dragon_vs_Pantheon_g2,641,268,7475,224,0,84,22,33,6,-1.3131313131313131,8.666666666666666,10.0,6820,False
Blue_Dragon_vs_Pantheon_g2,642,272,7475,224,0,85,22,32,6,-1.3131313131313131,8.666666666666666,10.0,6830,False
Blue_Dragon_vs_Pantheon_g2,643,269,7380,221,0,86,22,33,6,-1.505050505050505,9.333333333333334,10.0,6840,False
Blue_Dragon_vs_Pantheon_g2,644,216,7480,224,0,87,22,33,6,-2.1313131313131315,8.666666666666666,9.797979797979798,6840,False
Blue_Dragon_vs_Pantheon_g2,645,214,7480,224,0,88,22,33,6,-2.323232323232323,8.666666666666666,9.696969696969697,6850,False
Blue_Dragon_vs_Pantheon_g2,646,224,7480,224,0,89,22,33,6,-2.414141414141414,8.666666666666666,9.696969696969697,6860,False
Blue_Dragon_vs_Pantheon_g2,647,232,7480,224,0,90,22,33,6,-2.505050505050505,8.666666666666666,9.797979797979798,6870,False
Blue_Dragon_vs_Pantheon_g2,648,249,7480,224,0,91,22,33,6,-2.303030303030303,8.666666666666666,9.696969696969697,6880,False
Blue_Dragon_vs_Pantheon_g2,649,257,7480,224,0,92,22,33,6,-2.3636363636363638,8.666666666666666,9.696969696969697,6890,False
Blue_Dragon_vs_Pantheon_g2,650,264,7480,224,0,93,22,33,6,-2.3535353535353534,8.666666666666666,9.696969696969697,6900,False
Blue_Dragon_vs_Pantheon_g2,651,265,7480,224,0,94,22,33,6,-2.474747474747475,9.333333333333334,9.696969696969697,6910,False
Blue_Dragon_vs_Pantheon_g2,652,277,7480,224,0,95,22,33,6,-2.3838383838383836,8.666666666666666,9.494949494949495,6910,False
Blue_Dragon_vs_Pantheon_g2,653,270,7480,224,0,96,22,33,6,-1.8888888888888888,8.666666666666666,9.393939393939394,6920,False
Blue_Dragon_vs_Pantheon_g2,654,276,7480,224,0,97,22,33,6,-1.9696969696969697,8.666666666666666,9.393939393939394,6930,False
Blue_Dragon_vs_Pantheon_g2,655,282,7480,224,0,98,22,33,6,-2.0707070707070705,8.666666666666666,9.494949494949495,6940,False
Blue_Dragon_vs_Pantheon_g2,656,299,7480,224,0,99,22,33,6,-1.8686868686868687,8.666666666666666,9.393939393939394,6950,False
Blue_Dragon_vs_Pantheon_g2,657,303,7480,224,0,100,22,33,6,0.8484848484848485,8.666666666666666,9.393939393939394,6960,False
Blue_Dragon_vs_Pantheon_g2,658,307,7480,224,0,101,22,33,6,0.8080808080808081,8.666666666666666,9.393939393939394,6970,False
Blue_Dragon_vs_Pantheon_g2,659,313,7480,224,0,102,22,33,6,0.7070707070707071,9.333333333333334,9.393939393939394,6980,False
Blue_Dragon_vs_Pantheon_g2,660,330,7480,224,0,103,22,33,6,0.797979797979798,8.666666666666666,9.191919191919192,6980,False
Blue_Dragon_vs_Pantheon_g2,661,325,7480,224,0,104,22,33,6,0.5656565656565656,8.666666666666666,9.090909090909092,6990,False
Blue_Dragon_vs_Pantheon_g2,662,331,7480,224,0,105,22,33,6,0.46464646464646464,8.666666666666666,9.090909090909092,7000,False
Blue_Dragon_vs_Pantheon_g2,663,336,7480,224,0,106,22,33,6,2.525252525252525,8.666666666666666,9.191919191919192,7010,False
Blue_Dragon_vs_Pantheon_g2,664,352,7480,224,0,107,22,33,6,2.797979797979798,8.666666666666666,9.090909090909092,7020,False
Blue_Dragon_vs_Pantheon_g2,665,357,7480,224,0,108,22,33,6,2.707070707070707,8.666666666666666,9.090909090909092,7030,False
Blue_Dragon_vs_Pantheon_g2,666,360,7480,224,0,109,22,33,6,2.707070707070707,8.666666666666666,9.090909090909092,7040,False
Blue_Dragon_vs_Pantheon_g2,667,358,7485,224,0,110,22,33,6,2.797979797979798,9.333333333333334,9.090909090909092,7050,False
Blue_Dragon_vs_Pantheon_g2,668,371,7485,224,0,111,22,33,6,2.909090909090909,8.666666666666666,8.88888888888889,7050,False
Blue_Dragon_vs_Pantheon_g2,669,366,7485,224,0,112,22,33,6,2.6565656565656566,8.666666666666666,8.787878787878787,7060,False
Blue_Dragon_vs_Pantheon_g2,670,366,7490,224,0,113,22,33,6,2.4545454545454546,8.666666666666666,8.787878787878787,7070,False
Blue_Dragon_vs_Pantheon_g2,671,373,7490,224,0,114,22,33,6,2.323232323232323,8.666666666666666,8.88888888888889,7080,False
Blue_Dragon_vs_Pantheon_g2,672,386,7490,224,0,115,22,33,6,3.2222222222222223,8.666666666666666,8.787878787878787,7090,False
Blue_Dragon_vs_Pantheon_g2,673,387,7490,224,0,116,22,33,6,3.04040404040404,8.666666666666666,8.787878787878787,7100,False
Blue_Dragon_vs_Pantheon_g2,674,390,7490,224,0,117,22,33,6,3.212121212121212,8.666666666666666,8.787878787878787,7110,False
Blue_Dragon_vs_Pantheon_g2,675,396,7490,224,0,118,22,33,6,3.101010101010101,9.333333333333334,8.787878787878787,7120,False
Blue_Dragon_vs_Pantheon_g2,676,414,7490,224,0,119,22,33,6,3.202020202020202,8.666666666666666,8.686868686868687,7120,False
Blue_Dragon_vs_Pantheon_g2,677,411,7490,224,0,120,22,33,6,3.080808080808081,8.666666666666666,8.686868686868687,7130,False
Blue_Dragon_vs_Pantheon_g2,678,416,7490,224,0,121,22,33,6,3.04040404040404,8.666666666666666,8.686868686868687,7140,False
Blue_Dragon_vs_Pantheon_g2,679,424,7490,224,0,122,22,33,6,2.95959595959596,8.666666666666666,8.787878787878787,7150,False
Blue_Dragon_vs_Pantheon_g2,680,439,7490,224,0,123,22,33,6,3.1313131313131315,8.666666666666666,8.787878787878787,7160,False
Blue_Dragon_vs_Pantheon_g2,681,443,7490,224,0,124,22,33,6,3.090909090909091,8.666666666666666,8.787878787878787,7170,False
Blue_Dragon_vs_Pantheon_g2,682,448,7490,224,0,125,22,33,6,3.0707070707070705,8.666666666666666,8.787878787878787,7180,True
Blue_Dragon_vs_Pantheon_g2,683,230,7590,227,0,1,23,34,6,0.696969696969697,9.333333333333334,8.787878787878787,7190,False
Blue_Dragon_vs_Pantheon_g2,684,173,7690,230,0,2,23,34,6,0.06060606060606061,8.666666666666666,8.686868686868687,7190,False
Blue_Dragon_vs_Pantheon_g2,685,168,7690,230,0,3,23,34,6,-0.09090909090909091,8.666666666666666,8.686868686868687,7200,False
Blue_Dragon_vs_Pantheon_g2,686,170,7690,230,0,4,23,34,6,-0.15151515151515152,8.666666666666666,8.686868686868687,7210,False
Blue_Dragon_vs_Pantheon_g2,687,175,7690,230,0,5,23,34,6,-0.2828282828282828,8.666666666666666,8.787878787878787,7220,False
Blue_Dragon_vs_Pantheon_g2,688,189,7690,230,0,6,23,34,6,-0.12121212121212122,8.666666666666666,8.787878787878787,7230,False
Blue_Dragon_vs_Pantheon_g2,689,195,7690,230,0,7,23,34,6,-0.1414141414141414,8.666666666666666,8.787878787878787,7240,False
Blue_Dragon_vs_Pantheon_g2,690,197,7695,230,0,8,23,34,6,-0.18181818181818182,8.666666666666666,8.787878787878787,7250,False
Blue_Dragon_vs_Pantheon_g2,691,207,7695,230,0,9,23,34,6,-0.26262626262626265,9.333333333333334,8.787878787878787,7260,False
Blue_Dragon_vs_Pantheon_g2,692,225,7695,230,0,10,23,34,6,-0.16161616161616163,8.666666666666666,8.686868686868687,7260,False
Blue_Dragon_vs_Pantheon_g2,693,220,7695,230,0,11,23,34,6,-0.2828282828282828,8.666666666666666,8.686868686868687,7270,False
Blue_Dragon_vs_Pantheon_g2,694,219,7700,231,0,12,23,34,6,-0.37373737373737376,8.666666666666666,8.686868686868687,7280,False
Blue_Dragon_vs_Pantheon_g2,695,225,7700,231,0,13,23,34,6,1.7474747474747474,8.666666666666666,8.787878787878787,7290,False
Blue_Dragon_vs_Pantheon_g2,696,239,7700,231,0,14,23,34,6,1.9393939393939394,8.666666666666666,8.787878787878787,7300,False
Blue_Dragon_vs_Pantheon_g2,697,242,7700,231,0,15,23,34,6,1.9191919191919191,8.666666666666666,8.787878787878787,7310,False
Blue_Dragon_vs_Pantheon_g2,698,239,7700,231,0,16,23,34,6,1.8585858585858586,8.666666666666666,8.787878787878787,7320,False
Blue_Dragon_vs_Pantheon_g2,699,246,7700,231,0,17,23,34,6,1.7777777777777777,9.333333333333334,8.787878787878787,7330,False
Blue_Dragon_vs_Pantheon_g2,700,36,7800,234,0,18,23,34,6,-0.41414141414141414,8.666666666666666,8.686868686868687,7330,False
Blue_Dragon_vs_Pantheon_g2,701,34,7800,234,0,19,23,34,6,-0.494949494949495,8.666666666666666,8.686868686868687,7340,False
Blue_Dragon_vs_Pantheon_g2,702,39,7800,234,0,20,23,34,6,-0.5151515151515151,8.666666666666666,8.686868686868687,7350,False
Blue_Dragon_vs_Pantheon_g2,703,45,7800,234,0,21,23,34,6,0.1111111111111111,8.666666666666666,8.787878787878787,7360,False
Blue_Dragon_vs_Pantheon_g2,704,60,7800,234,0,22,23,34,6,0.2727272727272727,8.666666666666666,8.787878787878787,7370,False
Blue_Dragon_vs_Pantheon_g2,705,67,7800,234,0,23,23,34,6,0.24242424242424243,8.666666666666666,8.787878787878787,7380,False
Blue_Dragon_vs_Pantheon_g2,706,74,7800,234,0,24,23,34,6,0.21212121212121213,8.666666666666666,8.787878787878787,7390,False
Blue_Dragon_vs_Pantheon_g2,707,78,7800,234,0,25,23,34,6,0.16161616161616163,9.333333333333334,8.787878787878787,7400,False
Blue_Dragon_vs_Pantheon_g2,708,93,7800,234,0,26,23,34,6,0.24242424242424243,8.666666666666666,8.686868686868687,7400,False
Blue_Dragon_vs_Pantheon_g2,709,87,7800,234,0,27,23,34,6,0.12121212121212122,8.666666666666666,8.686868686868687,7410,False
Blue_Dragon_vs_Pantheon_g2,710,89,7800,234,0,28,23,34,6,0.09090909090909091,8.666666666666666,8.686868686868687,7420,False
Blue_Dragon_vs_Pantheon_g2,711,91,7800,234,0,29,23,34,6,-0.04040404040404041,8.666666666666666,8.787878787878787,7430,False
Blue_Dragon_vs_Pantheon_g2,712,106,7800,234,0,30,23,34,6,0.18181818181818182,8.666666666666666,8.787878787878787,7440,False
Blue_Dragon_vs_Pantheon_g2,713,112,7800,234,0,31,23,34,6,0.18181818181818182,8.666666666666666,8.787878787878787,7450,False
Blue_Dragon_vs_Pantheon_g2,714,120,7800,234,0,32,23,34,6,0.21212121212121213,8.666666666666666,8.787878787878787,7460,False
Blue_Dragon_vs_Pantheon_g2,715,129,7800,234,0,33,23,34,6,0.2727272727272727,9.333333333333334,8.787878787878787,7470,False
Blue_Dragon_vs_Pantheon_g2,716,149,7800,234,0,34,23,34,6,0.37373737373737376,8.666666666666666,8.686868686868687,7470,False
Blue_Dragon_vs_Pantheon_g2,717,148,7800,234,0,35,23,34,6,0.29292929292929293,8.666666666666666,8.686868686868687,7480,False
Blue_Dragon_vs_Pantheon_g2,718,154,7800,234,0,36,23,34,6,0.26262626262626265,8.666666666666666,8.686868686868687,7490,False
Blue_Dragon_vs_Pantheon_g2,719,161,7800,234,0,37,23,34,6,0.1414141414141414,8.666666666666666,8.787878787878787,7500,False
Blue_Dragon_vs_Pantheon_g2,720,177,7800,234,0,38,23,34,6,0.37373737373737376,8.666666666666666,8.787878787878787,7510,False
Blue_Dragon_vs_Pantheon_g2,721,180,7800,234,0,39,23,34,6,0.32323232323232326,8.666666666666666,8.787878787878787,7520,False
Blue_Dragon_vs_Pantheon_g2,722,175,7805,234,0,40,23,34,6,0.2222222222222222,8.666666666666666,8.787878787878787,7530,False
Blue_Dragon_vs_Pantheon_g2,723,182,7805,234,0,41,23,34,6,0.16161616161616163,9.333333333333334,8.787878787878787,7540,False
Blue_Dragon_vs_Pantheon_g2,724,198,7805,234,0,42,23,34,6,0.26262626262626265,8.666666666666666,8.686868686868687,7540,False
Blue_Dragon_vs_Pantheon_g2,725,195,7805,234,0,43,23,34,6,0.2222222222222222,8.666666666666666,8.686868686868687,7550,False
Blue_Dragon_vs_Pantheon_g2,726,195,7810,234,0,44,23,34,6,0.18181818181818182,8.666666666666666,8.686868686868687,7560,False
Blue_Dragon_vs_Pantheon_g2,727,198,7810,234,0,45,23,34,6,0.030303030303030304,8.666666666666666,8.787878787878787,7570,False
Blue_Dragon_vs_Pantheon_g2,728,214,7810,234,0,46,23,34,6,0.21212121212121213,8.666666666666666,8.787878787878787,7580,False
Blue_Dragon_vs_Pantheon_g2,729,221,7810,234,0,47,23,34,6,0.20202020202020202,8.666666666666666,8.787878787878787,7590,False
Blue_Dragon_vs_Pantheon_g2,730,228,7810,234,0,48,23,34,6,0.1717171717171717,8.666666666666666,8.787878787878787,7600,False
Blue_Dragon_vs_Pantheon_g2,731,235,7810,234,0,49,23,34,6,0.06060606060606061,9.333333333333334,8.787878787878787,7610,False
Blue_Dragon_vs_Pantheon_g2,732,252,7810,234,0,50,23,34,6,0.1919191919191919,8.666666666666666,8.686868686868687,7610,False
Blue_Dragon_vs_Pantheon_g2,733,249,7810,234,0,51,23,33,6,0.16161616161616163,8.666666666666666,8.686868686868687,7620,False
Blue_Dragon_vs_Pantheon_g2,734,255,7610,228,0,52,23,34,6,0.1919191919191919,8.666666666666666,8.686868686868687,7630,False
Blue_Dragon_vs_Pantheon_g2,735,184,7710,231,0,53,23,34,6,-0.6565656565656566,8.666666666666666,8.787878787878787,7640,False
Blue_Dragon_vs_Pantheon_g2,736,200,7710,231,0,54,23,34,6,-0.37373737373737376,8.666666666666666,8.787878787878787,7650,False
Blue_Dragon_vs_Pantheon_g2,737,207,7710,231,0,55,23,34,6,-0.3434343434343434,8.666666666666666,8.787878787878787,7660,False
Blue_Dragon_vs_Pantheon_g2,738,211,7710,231,0,56,23,34,6,-0.3838383838383838,8.666666666666666,8.787878787878787,7670,False
Blue_Dragon_vs_Pantheon_g2,739,216,7710,231,0,57,23,34,6,-0.47474747474747475,9.333333333333334,8.787878787878787,7680,False
Blue_Dragon_vs_Pantheon_g2,740,230,7710,231,0,58,23,34,6,-0.3838383838383838,8.666666666666666,8.686868686868687,7680,False
Blue_Dragon_vs_Pantheon_g2,741,222,7710,231,0,59,23,34,6,-0.5050505050505051,8.666666666666666,8.686868686868687,7690,False
Blue_Dragon_vs_Pantheon_g2,742,227,7710,231,0,60,23,34,6,-0.42424242424242425,8.666666666666666,8.686868686868687,7700,False
Blue_Dragon_vs_Pantheon_g2,743,232,7710,231,0,61,23,35,6,0.16161616161616163,8.666666666666666,8.787878787878787,7710,False
Blue_Dragon_vs_Pantheon_g2,744,22,7900,237,0,62,23,35,6,-1.9393939393939394,8.666666666666666,8.787878787878787,7720,False
Blue_Dragon_vs_Pantheon_g2,745,30,7900,237,0,63,23,35,6,-1.9595959595959596,8.666666666666666,8.787878787878787,7730,False
Blue_Dragon_vs_Pantheon_g2,746,37,7900,237,0,64,23,35,6,-1.9696969696969697,8.666666666666666,8.787878787878787,7740,False
Blue_Dragon_vs_Pantheon_g2,747,45,7900,237,0,65,23,35,6,-2.0606060606060606,9.333333333333334,8.787878787878787,7750,False
Blue_Dragon_vs_Pantheon_g2,748,62,7900,237,0,66,23,35,6,-1.9696969696969697,8.666666666666666,8.686868686868687,7750,False
Blue_Dragon_vs_Pantheon_g2,749,61,7900,237,0,67,23,35,6,-2.0505050505050506,8.666666666666666,8.686868686868687,7760,False
Blue_Dragon_vs_Pantheon_g2,750,67,7900,237,0,68,23,35,6,-2.0,8.666666666666666,8.686868686868687,7770,False
Blue_Dragon_vs_Pantheon_g2,751,75,7900,237,0,69,23,35,6,-2.04040404040404,8.666666666666666,8.787878787878787,7780,False
Blue_Dragon_vs_Pantheon_g2,752,89,7900,237,0,70,23,35,6,-1.8282828282828283,8.666666666666666,8.787878787878787,7790,False
Blue_Dragon_vs_Pantheon_g2,753,89,7900,237,0,71,23,34,6,-1.8888888888888888,8.666666666666666,8.787878787878787,7800,False
Blue_Dragon_vs_Pantheon_g2,754,87,7700,231,0,72,23,35,6,-1.9696969696969697,8.666666666666666,8.787878787878787,7810,False
Blue_Dragon_vs_Pantheon_g2,755,17,7800,234,0,73,23,35,6,-2.8484848484848486,9.333333333333334,8.787878787878787,7820,False
Blue_Dragon_vs_Pantheon_g2,756,34,7800,234,0,74,23,35,6,-2.717171717171717,8.666666666666666,8.686868686868687,7820,False
Blue_Dragon_vs_Pantheon_g2,757,32,7800,234,0,75,23,35,6,-2.7777777777777777,8.666666666666666,8.686868686868687,7830,False
Blue_Dragon_vs_Pantheon_g2,758,36,7800,234,0,76,23,35,6,-2.797979797979798,8.666666666666666,8.686868686868687,7840,False
Blue_Dragon_vs_Pantheon_g2,759,41,7800,234,0,77,23,35,6,-2.919191919191919,8.666666666666666,8.787878787878787,7850,False
Blue_Dragon_vs_Pantheon_g2,760,58,7800,234,0,78,23,35,6,-2.696969696969697,8.666666666666666,8.787878787878787,7860,False
Blue_Dragon_vs_Pantheon_g2,761,67,7800,234,0,79,23,35,6,-2.6666666666666665,8.666666666666666,8.787878787878787,7870,False
Blue_Dragon_vs_Pantheon_g2,762,77,7800,234,0,80,23,35,6,-2.6161616161616164,8.666666666666666,8.787878787878787,7880,False
Blue_Dragon_vs_Pantheon_g2,763,87,7800,234,0,81,23,35,6,-2.676767676767677,9.333333333333334,8.787878787878787,7890,False
Blue_Dragon_vs_Pantheon_g2,764,97,7805,234,0,82,23,35,6,-2.6262626262626263,8.666666666666666,8.686868686868687,7890,False
Blue_Dragon_vs_Pantheon_g2,765,93,7805,234,0,83,23,35,6,-2.696969696969697,8.666666666666666,8.686868686868687,7900,False
Blue_Dragon_vs_Pantheon_g2,766,98,7805,234,0,84,23,35,6,-2.6262626262626263,8.666666666666666,8.686868686868687,7910,False
Blue_Dragon_vs_Pantheon_g2,767,106,7805,234,0,85,23,35,6,-2.676767676767677,8.666666666666666,8.787878787878787,7920,False
Blue_Dragon_vs_Pantheon_g2,768,123,7805,234,0,86,23,35,6,-2.4545454545454546,8.666666666666666,8.787878787878787,7930,False
Blue_Dragon_vs_Pantheon_g2,769,126,7805,234,0,87,23,35,6,-2.4242424242424243,8.666666666666666,8.787878787878787,7940,False
Blue_Dragon_vs_Pantheon_g2,770,129,7805,234,0,88,23,35,6,-2.4646464646464645,8.666666666666666,8.787878787878787,7950,False
Blue_Dragon_vs_Pantheon_g2,771,133,7805,234,0,89,23,35,6,-2.5555555555555554,9.333333333333334,8.787878787878787,7960,False
Blue_Dragon_vs_Pantheon_g2,772,150,7805,234,0,90,23,35,6,-2.393939393939394,8.666666666666666,8.686868686868687,7960,False
Blue_Dragon_vs_Pantheon_g2,773,150,7805,234,0,91,23,35,6,-2.4242424242424243,8.666666666666666,8.686868686868687,7970,False
Blue_Dragon_vs_Pantheon_g2,774,156,7805,234,0,92,23,35,6,-2.4242424242424243,8.666666666666666,8.686868686868687,7980,False
Blue_Dragon_vs_Pantheon_g2,775,164,7805,234,0,93,23,35,6,-2.525252525252525,8.666666666666666,8.787878787878787,7990,False
Blue_Dragon_vs_Pantheon_g2,776,180,7805,234,0,94,23,35,6,-2.3333333333333335,8.666666666666666,8.787878787878787,8000,False
Blue_Dragon_vs_Pantheon_g2,777,189,7805,234,0,95,23,35,6,-2.292929292929293,8.666666666666666,8.787878787878787,8010,False
Blue_Dragon_vs_Pantheon_g2,778,194,7805,234,0,96,23,35,6,-2.323232323232323,8.666666666666666,8.787878787878787,8020,False
Blue_Dragon_vs_Pantheon_g2,779,197,7805,234,0,97,23,35,6,-2.4444444444444446,9.333333333333334,8.787878787878787,8030,False
Blue_Dragon_vs_Pantheon_g2,780,213,7805,234,0,98,23,35,6,-2.323232323232323,8.666666666666666,8.686868686868687,8030,False
Blue_Dragon_vs_Pantheon_g2,781,209,7805,234,0,99,23,35,6,-2.414141414141414,8.666666666666666,8.686868686868687,8040,False
Blue_Dragon_vs_Pantheon_g2,782,213,7805,234,0,100,23,35,6,-0.1717171717171717,8.666666666666666,8.686868686868687,8050,False
Blue_Dragon_vs_Pantheon_g2,783,218,7805,234,0,101,23,36,6,0.45454545454545453,8.666666666666666,8.787878787878787,8060,False
Blue_Dragon_vs_Pantheon_g2,784,225,7905,237,0,102,23,36,6,0.5757575757575758,8.666666666666666,8.787878787878787,8070,False
Blue_Dragon_vs_Pantheon_g2,785,232,7900,237,0,103,23,37,6,0.6262626262626263,8.666666666666666,8.787878787878787,8080,False
Blue_Dragon_vs_Pantheon_g2,786,12,8095,242,0,104,23,37,6,-1.6464646464646464,8.666666666666666,8.787878787878787,8090,False
Blue_Dragon_vs_Pantheon_g2,787,22,8095,242,0,105,23,37,6,-1.6868686868686869,9.333333333333334,8.787878787878787,8100,False
Blue_Dragon_vs_Pantheon_g2,788,41,8095,242,0,106,23,37,6,-1.5555555555555556,8.666666666666666,8.686868686868687,8100,False
Blue_Dragon_vs_Pantheon_g2,789,40,8095,242,0,107,23,37,6,-1.5858585858585859,8.666666666666666,8.686868686868687,8110,False
Blue_Dragon_vs_Pantheon_g2,790,49,8095,242,0,108,23,36,6,-1.595959595959596,8.666666666666666,8.686868686868687,8120,False
Blue_Dragon_vs_Pantheon_g2,791,57,7995,239,0,109,23,36,6,-1.696969696969697,8.666666666666666,8.787878787878787,8130,False
Blue_Dragon_vs_Pantheon_g2,792,76,7995,239,0,110,23,35,6,-1.4545454545454546,8.666666666666666,8.787878787878787,8140,False
Blue_Dragon_vs_Pantheon_g2,793,85,7895,236,0,111,23,35,6,-1.3535353535353536,8.666666666666666,8.787878787878787,8150,False
Blue_Dragon_vs_Pantheon_g2,794,69,7905,237,0,112,23,35,6,-1.5757575757575757,8.666666666666666,8.787878787878787,8160,False
Blue_Dragon_vs_Pantheon_g2,795,78,7905,237,0,113,23,35,6,-1.6262626262626263,9.333333333333334,8.787878787878787,8170,False
Blue_Dragon_vs_Pantheon_g2,796,88,7910,237,0,114,23,33,6,-1.5555555555555556,8.666666666666666,8.686868686868687,8170,False
Blue_Dragon_vs_Pantheon_g2,797,83,7610,228,0,115,23,34,6,-1.5757575757575757,8.666666666666666,8.686868686868687,8180,False
Blue_Dragon_vs_Pantheon_g2,798,19,7710,231,0,116,23,34,6,-2.292929292929293,9.333333333333334,8.787878787878787,8200,False
Blue_Dragon_vs_Pantheon_g2,799,36,7710,231,0,117,23,34,6,0.0,10.0,8.98989898989899,8220,False
Blue_Dragon_vs_Pantheon_g2,800,62,7705,231,0,118,23,34,6,0.2828282828282828,10.666666666666666,9.090909090909092,8240,False
Blue_Dragon_vs_Pantheon_g2,801,71,7710,231,0,119,23,35,6,0.32323232323232326,11.333333333333334,9.191919191919192,8260,False
Blue_Dragon_vs_Pantheon_g2,802,70,7815,234,0,120,23,35,6,0.25252525252525254,12.0,9.292929292929292,8280,False
Blue_Dragon_vs_Pantheon_g2,803,65,7820,234,0,121,23,35,6,0.050505050505050504,13.333333333333334,9.393939393939394,8300,False
Blue_Dragon_vs_Pantheon_g2,804,95,7820,234,0,122,23,35,6,0.2828282828282828,13.333333333333334,9.393939393939394,8310,False
Blue_Dragon_vs_Pantheon_g2,805,103,7820,234,0,123,23,36,6,0.29292929292929293,14.0,9.494949494949495,8330,False
Blue_Dragon_vs_Pantheon_g2,806,45,7910,237,0,124,23,36,6,-0.3333333333333333,14.666666666666666,9.595959595959595,8350,False
Blue_Dragon_vs_Pantheon_g2,807,41,7915,237,0,125,23,36,6,-0.5252525252525253,15.333333333333334,9.797979797979798,8370,False
Blue_Dragon_vs_Pantheon_g2,808,60,7915,237,0,126,23,36,6,-0.2727272727272727,16.0,9.8989898989899,8390,False
Blue_Dragon_vs_Pantheon_g2,809,79,7910,237,0,127,23,37,6,-0.10101010101010101,16.0,9.8989898989899,8400,False
Blue_Dragon_vs_Pantheon_g2,810,77,8010,240,0,128,23,37,6,-0.1414141414141414,16.666666666666668,10.0,8420,False
Blue_Dragon_vs_Pantheon_g2,811,95,8010,240,0,129,23,37,6,-0.1111111111111111,17.333333333333332,10.0,8430,False
Blue_Dragon_vs_Pantheon_g2,812,113,8010,240,0,130,23,38,6,0.010101010101010102,16.666666666666668,9.8989898989899,8430,False
Blue_Dragon_vs_Pantheon_g2,813,97,8110,243,0,131,23,37,6,-0.23232323232323232,16.0,9.8989898989899,8440,False
Blue_Dragon_vs_Pantheon_g2,814,104,8010,240,0,132,23,38,6,-0.25252525252525254,16.0,10.0,8460,False
Blue_Dragon_vs_Pantheon_g2,815,83,8125,243,0,133,23,38,6,-0.6666666666666666,16.0,10.202020202020202,8480,False
Blue_Dragon_vs_Pantheon_g2,816,111,8120,243,0,134,23,38,6,-0.37373737373737376,15.333333333333334,10.202020202020202,8490,False
Blue_Dragon_vs_Pantheon_g2,817,97,8130,243,0,135,23,38,6,-0.5757575757575758,14.666666666666666,10.202020202020202,8500,False
Blue_Dragon_vs_Pantheon_g2,818,81,8135,244,0,136,23,38,6,-0.8080808080808081,14.0,10.202020202020202,8510,False
Blue_Dragon_vs_Pantheon_g2,819,90,8135,244,0,137,23,38,6,-0.8787878787878788,14.666666666666666,10.303030303030303,8530,False
Blue_Dragon_vs_Pantheon_g2,820,106,8145,244,0,138,23,38,6,-0.7474747474747475,13.333333333333334,10.202020202020202,8530,False
Blue_Dragon_vs_Pantheon_g2,821,106,8145,244,0,139,23,38,6,-0.696969696969697,12.666666666666666,10.202020202020202,8540,False
Blue_Dragon_vs_Pantheon_g2,822,116,8140,244,0,140,23,38,6,-0.6666666666666666,12.666666666666666,10.303030303030303,8560,False
Blue_Dragon_vs_Pantheon_g2,823,136,8140,244,0,141,23,38,6,-0.6262626262626263,12.666666666666666,10.505050505050505,8580,False
Blue_Dragon_vs_Pantheon_g2,824,165,8140,244,0,142,23,38,6,-0.30303030303030304,12.666666666666666,10.505050505050505,8590,False
Blue_Dragon_vs_Pantheon_g2,825,174,8140,244,0,143,23,38,6,-0.21212121212121213,12.0,10.505050505050505,8600,False
Blue_Dragon_vs_Pantheon_g2,826,178,8140,244,0,144,23,38,6,-0.20202020202020202,12.0,10.505050505050505,8610,False
Blue_Dragon_vs_Pantheon_g2,827,184,8140,244,0,145,23,38,6,-0.30303030303030304,13.333333333333334,10.606060606060606,8630,False
Blue_Dragon_vs_Pantheon_g2,828,213,8140,244,0,146,23,38,6,-0.08080808080808081,12.666666666666666,10.505050505050505,8630,False
Blue_Dragon_vs_Pantheon_g2,829,204,8145,244,0,147,23,38,6,-0.24242424242424243,12.0,10.505050505050505,8640,False
Blue_Dragon_vs_Pantheon_g2,830,209,8145,244,0,148,23,38,6,-0.26262626262626265,12.0,10.606060606060606,8660,False
Blue_Dragon_vs_Pantheon_g2,831,203,8145,244,0,149,23,39,6,-0.494949494949495,12.666666666666666,10.808080808080808,8680,False
Blue_Dragon_vs_Pantheon_g2,832,156,8240,247,0,150,23,39,6,-0.9393939393939394,12.666666666666666,10.808080808080808,8690,False
Blue_Dragon_vs_Pantheon_g2,833,163,8240,247,0,151,23,39,6,-0.9292929292929293,12.666666666666666,10.808080808080808,8700,False
Blue_Dragon_vs_Pantheon_g2,834,171,8240,247,0,152,23,39,6,-0.13131313131313133,12.0,10.808080808080808,8710,False
Blue_Dragon_vs_Pantheon_g2,835,174,8245,247,0,153,23,39,6,-0.26262626262626265,13.333333333333334,10.909090909090908,8730,False
Blue_Dragon_vs_Pantheon_g2,836,204,8245,247,0,154,23,39,6,-0.030303030303030304,12.666666666666666,10.808080808080808,8730,False
Blue_Dragon_vs_Pantheon_g2,837,203,8245,247,0,155,23,39,6,-0.08080808080808081,12.0,10.808080808080808,8740,False
Blue_Dragon_vs_Pantheon_g2,838,209,8245,247,0,156,23,39,6,-0.0707070707070707,12.0,10.909090909090908,8760,False
Blue_Dragon_vs_Pantheon_g2,839,224,8245,247,0,157,23,39,6,-0.06060606060606061,12.666666666666666,11.11111111111111,8780,False
Blue_Dragon_vs_Pantheon_g2,840,249,8245,247,0,158,23,40,6,0.2727272727272727,12.666666666666666,11.11111111111111,8790,False
Blue_Dragon_vs_Pantheon_g2,841,27,8435,253,0,159,23,40,6,-2.0202020202020203,12.666666666666666,11.11111111111111,8800,False
Blue_Dragon_vs_Pantheon_g2,842,34,8435,253,0,160,23,40,6,-2.0,12.666666666666666,11.212121212121213,8820,False
Blue_Dragon_vs_Pantheon_g2,843,52,8435,253,0,161,23,40,6,0.30303030303030304,14.0,11.313131313131313,8840,False
Blue_Dragon_vs_Pantheon_g2,844,82,8435,253,0,162,23,40,6,0.5252525252525253,13.333333333333334,11.212121212121213,8840,False
Blue_Dragon_vs_Pantheon_g2,845,82,8435,253,0,163,23,40,6,0.45454545454545453,12.666666666666666,11.212121212121213,8850,False
Blue_Dragon_vs_Pantheon_g2,846,92,8435,253,0,164,23,40,6,0.47474747474747475,12.666666666666666,11.313131313131313,8870,False
Blue_Dragon_vs_Pantheon_g2,847,111,8435,253,0,165,23,40,6,0.494949494949495,13.333333333333334,11.515151515151516,8890,False
Blue_Dragon_vs_Pantheon_g2,848,141,8435,253,0,166,23,40,6,0.8080808080808081,13.333333333333334,11.515151515151516,8900,False
Blue_Dragon_vs_Pantheon_g2,849,147,8435,253,0,167,23,40,6,0.8080808080808081,13.333333333333334,11.515151515151516,8910,False
Blue_Dragon_vs_Pantheon_g2,850,147,8435,253,0,168,23,41,6,0.7272727272727273,13.333333333333334,11.616161616161616,8930,False
Blue_Dragon_vs_Pantheon_g2,851,150,8535,256,0,169,23,42,6,0.6161616161616161,14.666666666666666,11.717171717171718,8950,False
Blue_Dragon_vs_Pantheon_g2,852,153,8645,259,0,170,23,42,6,0.6464646464646465,14.0,11.616161616161616,8950,False
Blue_Dragon_vs_Pantheon_g2,853,151,8645,259,0,171,23,41,6,0.6464646464646465,13.333333333333334,11.616161616161616,8960,False
Blue_Dragon_vs_Pantheon_g2,854,156,8440,253,0,172,23,41,6,1.404040404040404,13.333333333333334,11.717171717171718,8980,False
Blue_Dragon_vs_Pantheon_g2,855,166,8440,253,0,173,23,41,6,1.3333333333333333,14.0,11.919191919191919,9000,False
Blue_Dragon_vs_Pantheon_g2,856,194,8440,253,0,174,23,41,6,1.6363636363636365,14.0,11.919191919191919,9010,False
Blue_Dragon_vs_Pantheon_g2,857,194,8445,253,0,175,23,41,6,1.595959595959596,13.333333333333334,11.919191919191919,9020,False
Blue_Dragon_vs_Pantheon_g2,858,198,8445,253,0,176,23,42,6,1.5858585858585859,13.333333333333334,12.02020202020202,9040,False
Blue_Dragon_vs_Pantheon_g2,859,200,8545,256,0,177,23,43,6,1.4343434343434343,14.666666666666666,12.121212121212121,9060,False
Blue_Dragon_vs_Pantheon_g2,860,210,8650,259,0,178,23,43,6,1.4444444444444444,14.0,12.02020202020202,9060,False
Blue_Dragon_vs_Pantheon_g2,861,205,8650,259,0,179,23,43,6,1.292929292929293,13.333333333333334,12.02020202020202,9070,False
Blue_Dragon_vs_Pantheon_g2,862,209,8650,259,0,180,23,43,6,1.2323232323232323,13.333333333333334,12.121212121212121,9090,False
Blue_Dragon_vs_Pantheon_g2,863,224,8650,259,0,181,23,43,6,1.2828282828282829,14.0,12.323232323232324,9110,False
Blue_Dragon_vs_Pantheon_g2,864,252,8650,259,0,182,23,44,6,1.606060606060606,14.0,12.323232323232324,9120,False
Blue_Dragon_vs_Pantheon_g2,865,29,8850,265,0,183,23,44,6,-0.696969696969697,13.333333333333334,12.323232323232324,9130,False
Blue_Dragon_vs_Pantheon_g2,866,37,8850,265,0,184,23,44,6,-0.696969696969697,13.333333333333334,12.424242424242424,9150,False
Blue_Dragon_vs_Pantheon_g2,867,55,8850,265,0,185,23,44,6,-0.6868686868686869,14.666666666666666,12.525252525252526,9170,False
Blue_Dragon_vs_Pantheon_g2,868,78,8855,265,0,186,23,45,6,-0.48484848484848486,14.0,12.424242424242424,9170,False
Blue_Dragon_vs_Pantheon_g2,869,66,8955,268,0,187,23,45,6,-0.6363636363636364,13.333333333333334,12.424242424242424,9180,False
Blue_Dragon_vs_Pantheon_g2,870,69,8960,268,0,188,23,45,6,-0.6464646464646465,13.333333333333334,12.525252525252526,9200,False
Blue_Dragon_vs_Pantheon_g2,871,88,8960,268,0,189,23,45,6,-0.6262626262626263,14.0,12.727272727272727,9220,False
Blue_Dragon_vs_Pantheon_g2,872,114,8955,268,0,190,23,45,6,-0.36363636363636365,14.0,12.727272727272727,9230,False
Blue_Dragon_vs_Pantheon_g2,873,119,8955,268,0,191,23,44,6,-0.37373737373737376,13.333333333333334,12.727272727272727,9240,False
Blue_Dragon_vs_Pantheon_g2,874,124,8855,265,0,192,23,44,6,-0.40404040404040403,13.333333333333334,12.828282828282829,9260,False
Blue_Dragon_vs_Pantheon_g2,875,138,8855,265,0,193,23,43,6,-0.42424242424242425,14.666666666666666,12.929292929292929,9280,False
Blue_Dragon_vs_Pantheon_g2,876,156,8760,262,0,194,23,43,6,-0.3333333333333333,14.0,12.828282828282829,9280,False
Blue_Dragon_vs_Pantheon_g2,877,132,8770,263,0,195,23,43,6,-0.6262626262626263,13.333333333333334,12.828282828282829,9290,False
Blue_Dragon_vs_Pantheon_g2,878,140,8770,263,0,196,23,43,6,-0.5757575757575758,13.333333333333334,12.929292929292929,9310,False
Blue_Dragon_vs_Pantheon_g2,879,156,8770,263,0,197,23,43,6,-0.5757575757575758,14.0,13.131313131313131,9330,False
Blue_Dragon_vs_Pantheon_g2,880,184,8770,263,0,198,23,43,6,-0.25252525252525254,14.0,13.131313131313131,9340,False
Blue_Dragon_vs_Pantheon_g2,881,192,8770,263,0,199,23,43,6,-0.21212121212121213,13.333333333333334,13.131313131313131,9350,False
Blue_Dragon_vs_Pantheon_g2,882,202,8770,263,0,200,23,43,6,-0.16161616161616163,13.333333333333334,13.232323232323232,9370,False
Blue_Dragon_vs_Pantheon_g2,883,219,8770,263,0,201,23,43,6,-0.06060606060606061,14.666666666666666,13.333333333333334,9390,False
Blue_Dragon_vs_Pantheon_g2,884,247,8770,263,0,202,23,43,6,0.15151515151515152,14.0,13.232323232323232,9390,False
Blue_Dragon_vs_Pantheon_g2,885,241,8770,263,0,203,23,43,6,2.313131313131313,13.333333333333334,13.232323232323232,9400,False
Blue_Dragon_vs_Pantheon_g2,886,247,8770,263,0,204,23,43,6,2.272727272727273,13.333333333333334,13.333333333333334,9420,False
Blue_Dragon_vs_Pantheon_g2,887,260,8770,263,0,205,23,43,6,2.212121212121212,14.0,13.535353535353535,9440,False
Blue_Dragon_vs_Pantheon_g2,888,286,8770,263,0,206,23,43,6,2.484848484848485,14.0,13.535353535353535,9450,False
Blue_Dragon_vs_Pantheon_g2,889,296,8770,263,0,207,23,43,6,2.494949494949495,13.333333333333334,13.535353535353535,9460,False
Blue_Dragon_vs_Pantheon_g2,890,301,8770,263,0,208,23,43,6,2.4646464646464645,13.333333333333334,13.636363636363637,9480,False
Blue_Dragon_vs_Pantheon_g2,891,317,8770,263,0,209,23,44,6,2.4343434343434343,14.666666666666666,13.737373737373737,9500,False
Blue_Dragon_vs_Pantheon_g2,892,118,8960,268,0,210,23,44,6,0.3333333333333333,14.0,13.636363636363637,9500,False
Blue_Dragon_vs_Pantheon_g2,893,117,8960,268,0,211,23,44,6,0.48484848484848486,13.333333333333334,13.636363636363637,9510,False
Blue_Dragon_vs_Pantheon_g2,894,118,8965,268,0,212,23,44,6,0.40404040404040403,13.333333333333334,13.737373737373737,9530,False
Blue_Dragon_vs_Pantheon_g2,895,135,8965,268,0,213,23,44,6,0.47474747474747475,14.0,13.93939393939394,9550,False
Blue_Dragon_vs_Pantheon_g2,896,163,8965,268,0,214,23,44,6,0.8080808080808081,14.0,13.93939393939394,9560,False
Blue_Dragon_vs_Pantheon_g2,897,172,8965,268,0,215,23,44,6,1.5454545454545454,13.333333333333334,13.83838383838384,9570,False
Blue_Dragon_vs_Pantheon_g2,898,178,8965,268,0,216,23,44,6,1.4343434343434343,13.333333333333334,13.83838383838384,9590,False
Blue_Dragon_vs_Pantheon_g2,899,198,8965,268,0,217,23,44,6,1.3737373737373737,14.666666666666666,13.83838383838384,9610,False
Blue_Dragon_vs_Pantheon_g2,900,226,8965,268,0,218,23,44,6,1.5656565656565657,14.0,13.636363636363637,9610,False
Blue_Dragon_vs_Pantheon_g2,901,226,8965,268,0,219,23,44,6,1.5757575757575757,13.333333333333334,13.535353535353535,9620,False
Blue_Dragon_vs_Pantheon_g2,902,233,8965,268,0,220,23,44,6,1.696969696969697,13.333333333333334,13.535353535353535,9640,False
Blue_Dragon_vs_Pantheon_g2,903,250,8965,268,0,221,23,44,6,1.5656565656565657,14.0,13.636363636363637,9660,False
Blue_Dragon_vs_Pantheon_g2,904,277,8965,268,0,222,23,44,6,1.7575757575757576,14.0,13.535353535353535,9670,False
Blue_Dragon_vs_Pantheon_g2,905,285,8965,268,0,223,23,44,6,2.4242424242424243,13.333333333333334,13.434343434343434,9680,False
Blue_Dragon_vs_Pantheon_g2,906,295,8965,268,0,224,23,44,6,2.5656565656565657,13.333333333333334,13.434343434343434,9700,False
Blue_Dragon_vs_Pantheon_g2,907,315,8965,268,0,225,23,44,6,2.5757575757575757,14.666666666666666,13.434343434343434,9720,False
Blue_Dragon_vs_Pantheon_g2,908,344,8965,268,0,226,23,44,6,2.676767676767677,14.0,13.333333333333334,9720,False
Blue_Dragon_vs_Pantheon_g2,909,343,8965,268,0,227,23,44,6,2.686868686868687,13.333333333333334,13.232323232323232,9730,False
Blue_Dragon_vs_Pantheon_g2,910,349,8965,268,0,228,23,44,6,2.5656565656565657,13.333333333333334,13.333333333333334,9750,False
Blue_Dragon_vs_Pantheon_g2,911,362,8965,268,0,229,23,44,6,2.515151515151515,14.0,13.535353535353535,9770,False
Blue_Dragon_vs_Pantheon_g2,912,387,8965,268,0,230,23,44,6,2.9292929292929295,14.0,13.535353535353535,9780,False
Blue_Dragon_vs_Pantheon_g2,913,394,8965,268,0,231,23,44,6,2.9292929292929295,13.333333333333334,13.434343434343434,9790,False
Blue_Dragon_vs_Pantheon_g2,914,403,8965,268,0,232,23,44,6,3.2323232323232323,13.333333333333334,13.434343434343434,9810,False
Blue_Dragon_vs_Pantheon_g2,915,418,8965,268,0,233,23,44,6,3.101010101010101,14.666666666666666,13.535353535353535,9830,False
Blue_Dragon_vs_Pantheon_g2,916,448,8965,268,0,234,23,44,6,3.5454545454545454,14.0,13.434343434343434,9830,False
Blue_Dragon_vs_Pantheon_g2,917,446,8965,268,0,235,23,44,6,3.686868686868687,13.333333333333334,13.434343434343434,9840,False
Blue_Dragon_vs_Pantheon_g2,918,455,8965,268,0,236,23,44,6,3.686868686868687,13.333333333333334,13.434343434343434,9860,False
Blue_Dragon_vs_Pantheon_g2,919,474,8965,268,0,237,23,44,6,3.717171717171717,14.0,13.636363636363637,9880,False
Blue_Dragon_vs_Pantheon_g2,920,500,8965,268,0,238,23,44,6,3.9797979797979797,14.0,13.636363636363637,9890,False
Blue_Dragon_vs_Pantheon_g2,921,507,8965,268,0,239,23,44,6,3.9494949494949494,13.333333333333334,13.535353535353535,9900,False
Blue_Dragon_vs_Pantheon_g2,922,513,8965,268,0,240,23,44,6,3.808080808080808,13.333333333333334,13.535353535353535,9920,False
Blue_Dragon_vs_Pantheon_g2,923,527,8965,268,0,241,23,44,6,3.6565656565656566,14.666666666666666,13.636363636363637,9940,False
Blue_Dragon_vs_Pantheon_g2,924,555,8965,268,0,242,23,44,6,3.8484848484848486,14.0,13.535353535353535,9940,False
Blue_Dragon_vs_Pantheon_g2,925,552,8965,268,0,243,23,44,6,3.7777777777777777,13.333333333333334,13.535353535353535,9950,False
Blue_Dragon_vs_Pantheon_g2,926,554,8965,268,0,244,23,44,6,3.7373737373737375,13.333333333333334,13.535353535353535,9970,False
Blue_Dragon_vs_Pantheon_g2,927,569,8965,268,0,245,23,44,6,3.595959595959596,14.0,13.737373737373737,9990,False
Blue_Dragon_vs_Pantheon_g2,928,597,8965,268,0,246,23,44,6,3.9696969696969697,14.0,13.737373737373737,10000,False
Blue_Dragon_vs_Pantheon_g2,929,594,8970,269,0,247,23,44,6,3.888888888888889,13.333333333333334,13.636363636363637,10010,False
Blue_Dragon_vs_Pantheon_g2,930,600,8970,269,0,248,23,44,6,4.01010101010101,13.333333333333334,13.636363636363637,10030,False
Blue_Dragon_vs_Pantheon_g2,931,614,8970,269,0,249,23,44,6,4.626262626262626,14.666666666666666,13.737373737373737,10050,False
Blue_Dragon_vs_Pantheon_g2,932,632,8975,269,0,250,23,44,6,4.737373737373737,14.0,13.636363636363637,10050,False
Blue_Dragon_vs_Pantheon_g2,933,605,8980,269,0,251,23,44,6,4.383838383838384,13.333333333333334,13.636363636363637,10060,False
Blue_Dragon_vs_Pantheon_g2,934,609,8980,269,0,252,23,44,6,4.393939393939394,13.333333333333334,13.636363636363637,10080,False
Blue_Dragon_vs_Pantheon_g2,935,623,8980,269,0,253,23,44,6,4.232323232323233,14.0,13.83838383838384,10100,False
Blue_Dragon_vs_Pantheon_g2,936,492,9075,272,0,254,23,44,6,2.919191919191919,14.0,13.83838383838384,10110,False
Blue_Dragon_vs_Pantheon_g2,937,498,9075,272,0,255,23,44,6,2.919191919191919,13.333333333333334,13.737373737373737,10120,False
Blue_Dragon_vs_Pantheon_g2,938,501,9075,272,0,256,23,44,6,2.797979797979798,13.333333333333334,13.737373737373737,10140,False
Blue_Dragon_vs_Pantheon_g2,939,517,9075,272,0,257,23,44,6,2.707070707070707,14.666666666666666,13.83838383838384,10160,False
Blue_Dragon_vs_Pantheon_g2,940,541,9075,272,0,258,23,44,6,5.191919191919192,14.0,13.737373737373737,10160,False
Blue_Dragon_vs_Pantheon_g2,941,539,9075,272,0,259,23,44,6,5.101010101010101,13.333333333333334,13.636363636363637,10170,False
Blue_Dragon_vs_Pantheon_g2,942,520,9080,272,0,260,23,44,6,4.7272727272727275,13.333333333333334,13.636363636363637,10190,False
Blue_Dragon_vs_Pantheon_g2,943,536,9080,272,0,261,23,44,6,4.585858585858586,14.0,13.83838383838384,10210,False
Blue_Dragon_vs_Pantheon_g2,944,566,9080,272,0,262,23,44,6,4.888888888888889,14.0,13.83838383838384,10220,False
Blue_Dragon_vs_Pantheon_g2,945,574,9080,272,0,263,23,44,6,4.8686868686868685,13.333333333333334,13.737373737373737,10230,False
Blue_Dragon_vs_Pantheon_g2,946,557,9085,272,0,264,23,44,6,4.505050505050505,13.333333333333334,13.737373737373737,10250,False
Blue_Dragon_vs_Pantheon_g2,947,574,9085,272,0,265,23,44,6,4.373737373737374,14.666666666666666,13.83838383838384,10270,False
Blue_Dragon_vs_Pantheon_g2,948,579,9095,272,0,266,23,44,6,4.363636363636363,14.0,13.737373737373737,10270,False
Blue_Dragon_vs_Pantheon_g2,949,574,9095,272,0,267,23,44,6,4.313131313131313,13.333333333333334,13.636363636363637,10280,False
Blue_Dragon_vs_Pantheon_g2,950,579,9095,272,0,268,23,44,6,4.333333333333333,13.333333333333334,13.636363636363637,10300,False
Blue_Dragon_vs_Pantheon_g2,951,587,9095,272,0,269,23,44,6,4.383838383838384,14.0,13.83838383838384,10320,False
Blue_Dragon_vs_Pantheon_g2,952,608,9095,272,0,270,23,44,6,4.616161616161616,14.0,13.83838383838384,10330,False
Blue_Dragon_vs_Pantheon_g2,953,608,9100,273,0,271,23,44,6,4.565656565656566,13.333333333333334,13.737373737373737,10340,False
Blue_Dragon_vs_Pantheon_g2,954,590,9110,273,0,272,23,44,6,4.282828282828283,13.333333333333334,13.737373737373737,10360,False
Blue_Dragon_vs_Pantheon_g2,955,580,9115,273,0,273,23,44,6,3.898989898989899,14.666666666666666,13.83838383838384,10380,False
Blue_Dragon_vs_Pantheon_g2,956,604,9115,273,0,274,23,44,6,4.141414141414141,14.0,13.737373737373737,10380,False
Blue_Dragon_vs_Pantheon_g2,957,597,9115,273,0,275,23,44,6,4.03030303030303,13.333333333333334,13.636363636363637,10390,False
Blue_Dragon_vs_Pantheon_g2,958,599,9115,273,0,276,23,44,6,4.03030303030303,13.333333333333334,13.636363636363637,10410,False
Blue_Dragon_vs_Pantheon_g2,959,615,9115,273,0,277,23,44,6,4.090909090909091,14.0,13.83838383838384,10430,False
Blue_Dragon_vs_Pantheon_g2,960,644,9115,273,0,278,23,44,6,4.434343434343434,14.0,13.83838383838384,10440,False
Blue_Dragon_vs_Pantheon_g2,961,650,9115,273,0,279,23,44,6,4.454545454545454,13.333333333333334,13.737373737373737,10450,False
Blue_Dragon_vs_Pantheon_g2,962,656,9115,273,0,280,23,44,6,4.363636363636363,13.333333333333334,13.737373737373737,10470,False
Blue_Dragon_vs_Pantheon_g2,963,670,9115,273,0,281,23,44,6,4.222222222222222,14.666666666666666,13.83838383838384,10490,False
Blue_Dragon_vs_Pantheon_g2,964,697,9115,273,0,282,23,44,6,6.747474747474747,14.0,13.737373737373737,10490,False
Blue_Dragon_vs_Pantheon_g2,965,687,9115,273,0,283,23,44,6,6.565656565656566,13.333333333333334,13.636363636363637,10500,False
Blue_Dragon_vs_Pantheon_g2,966,689,9115,273,0,284,23,44,6,6.404040404040404,13.333333333333334,13.636363636363637,10520,False
Blue_Dragon_vs_Pantheon_g2,967,704,9115,273,0,285,23,44,6,6.3232323232323235,14.0,13.83838383838384,10540,False
Blue_Dragon_vs_Pantheon_g2,968,728,9115,273,0,286,23,44,6,6.686868686868687,14.0,13.83838383838384,10550,False
Blue_Dragon_vs_Pantheon_g2,969,708,9120,273,0,287,23,44,6,6.454545454545454,13.333333333333334,13.737373737373737,10560,False
Blue_Dragon_vs_Pantheon_g2,970,692,9125,273,0,288,23,44,6,6.101010101010101,13.333333333333334,13.737373737373737,10580,False
Blue_Dragon_vs_Pantheon_g2,971,708,9125,273,0,289,23,44,6,6.0,14.666666666666666,13.83838383838384,10600,False
Blue_Dragon_vs_Pantheon_g2,972,709,9130,273,0,290,23,44,6,5.959595959595959,14.0,13.737373737373737,10600,False
Blue_Dragon_vs_Pantheon_g2,973,679,9135,274,0,291,23,45,7,5.606060606060606,13.333333333333334,13.636363636363637,10610,False
Blue_Dragon_vs_Pantheon_g2,974,524,9175,275,0,292,23,45,7,3.898989898989899,13.333333333333334,13.636363636363637,10630,False
Blue_Dragon_vs_Pantheon_g2,975,536,9175,275,0,293,23,45,7,3.8383838383838382,14.0,13.83838383838384,10650,False
Blue_Dragon_vs_Pantheon_g2,976,554,9175,275,0,294,23,45,7,4.262626262626263,14.0,13.83838383838384,10660,False
Blue_Dragon_vs_Pantheon_g2,977,532,9185,275,0,295,23,45,7,3.95959595959596,13.333333333333334,13.737373737373737,10670,False
Blue_Dragon_vs_Pantheon_g2,978,511,9190,275,0,296,23,45,7,3.585858585858586,13.333333333333334,13.737373737373737,10690,False
Blue_Dragon_vs_Pantheon_g2,979,501,9195,275,0,297,23,45,7,3.202020202020202,14.666666666666666,13.83838383838384,10710,False
Blue_Dragon_vs_Pantheon_g2,980,523,9195,275,0,298,23,45,7,3.3434343434343434,14.0,13.737373737373737,10710,False
Blue_Dragon_vs_Pantheon_g2,981,511,9195,275,0,299,23,45,7,3.121212121212121,13.333333333333334,13.636363636363637,10720,False
Blue_Dragon_vs_Pantheon_g2,982,487,9205,276,0,300,23,45,7,2.707070707070707,13.333333333333334,13.636363636363637,10740,False
Blue_Dragon_vs_Pantheon_g2,983,501,9205,276,0,301,23,45,7,2.5656565656565657,14.0,13.83838383838384,10760,False
Blue_Dragon_vs_Pantheon_g2,984,504,9210,276,0,302,23,45,7,2.6565656565656566,14.0,13.83838383838384,10770,False
Blue_Dragon_vs_Pantheon_g2,985,513,9210,276,0,303,23,45,7,2.686868686868687,13.333333333333334,13.737373737373737,10780,False
Blue_Dragon_vs_Pantheon_g2,986,175,9705,291,0,304,23,45,7,-0.8585858585858586,12.666666666666666,13.636363636363637,10790,False
Blue_Dragon_vs_Pantheon_g2,987,149,9715,291,0,305,23,45,7,-1.3838383838383839,13.333333333333334,13.636363636363637,10800,False
Blue_Dragon_vs_Pantheon_g2,988,166,9715,291,0,306,23,45,7,-1.3131313131313131,12.666666666666666,13.535353535353535,10800,False
Blue_Dragon_vs_Pantheon_g2,989,166,9715,291,0,307,23,45,7,-1.3636363636363635,17.066666666666666,14.202020202020202,10886,False
Blue_Dragon_vs_Pantheon_g2,990,251,9715,291,0,308,23,45,7,-0.6666666666666666,16.4,14.1010101010101,10896,False
Blue_Dragon_vs_Pantheon_g2,991,256,9715,291,0,309,23,46,7,1.393939393939394,16.4,14.202020202020202,10906,False
Blue_Dragon_vs_Pantheon_g2,992,188,9805,294,0,310,23,46,7,0.7171717171717171,19.066666666666666,14.606060606060606,10956,False
Blue_Dragon_vs_Pantheon_g2,993,212,9805,294,0,311,23,46,7,0.9494949494949495,18.4,14.505050505050505,10966,False
Blue_Dragon_vs_Pantheon_g2,994,222,9805,294,0,312,23,46,7,0.8787878787878788,20.4,14.808080808080808,11016,False
Blue_Dragon_vs_Pantheon_g2,995,270,9805,294,0,313,23,46,7,1.0808080808080809,21.066666666666666,14.808080808080808,11026,False
Blue_Dragon_vs_Pantheon_g2,996,286,9805,294,0,314,23,46,7,1.1515151515151516,20.4,14.707070707070708,11026,False
Blue_Dragon_vs_Pantheon_g2,997,281,9805,294,0,315,23,46,7,1.0404040404040404,19.733333333333334,14.606060606060606,11036,False
Blue_Dragon_vs_Pantheon_g2,998,285,9805,294,0,316,23,46,7,0.8787878787878788,19.066666666666666,14.505050505050505,11046,False
Blue_Dragon_vs_Pantheon_g2,999,289,9805,294,0,317,23,46,7,0.6363636363636364,21.733333333333334,15.01010101010101,11096,False
Blue_Dragon_vs_Pantheon_g2,1000,345,9805,294,0,318,23,46,7,1.202020202020202,21.066666666666666,14.909090909090908,11096,False
Blue_Dragon_vs_Pantheon_g2,1001,340,9805,294,0,319,23,46,7,1.0808080808080809,21.066666666666666,14.808080808080808,11106,False
Blue_Dragon_vs_Pantheon_g2,1002,350,9805,294,0,320,23,46,7,1.0101010101010102,23.733333333333334,15.11111111111111,11156,False
Blue_Dragon_vs_Pantheon_g2,1003,400,9805,294,0,321,23,46,7,1.2424242424242424,24.4,15.11111111111111,11166,False
Blue_Dragon_vs_Pantheon_g2,1004,420,9805,294,0,322,23,46,7,1.3636363636363635,18.666666666666668,15.01010101010101,11166,False
Blue_Dragon_vs_Pantheon_g2,1005,418,9805,294,0,323,23,46,7,1.2424242424242424,18.666666666666668,14.909090909090908,11176,False
Blue_Dragon_vs_Pantheon_g2,1006,427,9805,294,0,324,23,46,7,1.1313131313131313,18.666666666666668,14.808080808080808,11186,False
Blue_Dragon_vs_Pantheon_g2,1007,436,9805,294,0,325,23,46,7,0.9292929292929293,18.666666666666668,15.313131313131313,11236,False
Blue_Dragon_vs_Pantheon_g2,1008,494,9805,294,0,326,23,46,7,1.5252525252525253,18.0,15.212121212121213,11236,False
Blue_Dragon_vs_Pantheon_g2,1009,490,9805,294,0,327,23,46,7,1.4242424242424243,15.333333333333334,15.11111111111111,11246,False
Blue_Dragon_vs_Pantheon_g2,1010,488,9810,294,0,328,23,46,7,1.2727272727272727,17.466666666666665,15.333333333333334,11288,False
Blue_Dragon_vs_Pantheon_g2,1011,525,9810,294,0,329,23,46,7,1.393939393939394,18.133333333333333,15.333333333333334,11298,False
Blue_Dragon_vs_Pantheon_g2,1012,544,9810,294,0,330,23,46,7,1.5151515151515151,17.466666666666665,15.232323232323232,11298,False
Blue_Dragon_vs_Pantheon_g2,1013,541,9810,294,0,331,23,46,7,1.393939393939394,17.466666666666665,15.131313131313131,11308,False
Blue_Dragon_vs_Pantheon_g2,1014,549,9810,294,0,332,23,46,7,1.3232323232323233,14.8,15.030303030303031,11318,False
Blue_Dragon_vs_Pantheon_g2,1015,555,9810,294,0,333,23,46,7,1.0808080808080809,15.466666666666667,15.131313131313131,11328,False
Blue_Dragon_vs_Pantheon_g2,1016,569,9810,294,0,334,23,46,7,1.2424242424242424,14.8,15.030303030303031,11328,False
Blue_Dragon_vs_Pantheon_g2,1017,558,9815,294,0,335,23,46,7,1.0404040404040404,12.133333333333333,14.929292929292929,11338,False
Blue_Dragon_vs_Pantheon_g2,1018,564,9815,294,0,336,23,46,7,0.9090909090909091,12.133333333333333,14.828282828282829,11348,False
Blue_Dragon_vs_Pantheon_g2,1019,563,9820,294,0,337,23,46,7,0.6363636363636364,12.8,14.828282828282829,11358,False
Blue_Dragon_vs_Pantheon_g2,1020,582,9820,294,0,338,23,46,7,0.7575757575757576,12.133333333333333,14.727272727272727,11358,False
Blue_Dragon_vs_Pantheon_g2,1021,581,9820,294,0,339,23,46,7,0.6868686868686869,12.133333333333333,14.626262626262626,11368,False
Blue_Dragon_vs_Pantheon_g2,1022,586,9820,294,0,340,23,46,7,0.5959595959595959,9.466666666666667,14.525252525252526,11378,False
Blue_Dragon_vs_Pantheon_g2,1023,591,9820,294,0,341,23,46,7,0.36363636363636365,10.133333333333333,14.626262626262626,11388,False
Blue_Dragon_vs_Pantheon_g2,1024,607,9820,294,0,342,23,46,7,0.5555555555555556,9.466666666666667,14.525252525252526,11388,False
Blue_Dragon_vs_Pantheon_g2,1025,600,9820,294,0,343,23,46,7,0.46464646464646464,7.333333333333333,14.424242424242424,11398,False
Blue_Dragon_vs_Pantheon_g2,1026,610,9820,294,0,344,23,46,7,0.41414141414141414,7.333333333333333,14.323232323232324,11408,False
Blue_Dragon_vs_Pantheon_g2,1027,618,9820,294,0,345,23,47,8,0.21212121212121213,8.0,14.323232323232324,11418,False
Blue_Dragon_vs_Pantheon_g2,1028,464,9865,295,0,346,23,47,8,-1.3131313131313131,11.333333333333334,14.828282828282829,11478,False
Blue_Dragon_vs_Pantheon_g2,1029,522,9865,295,0,347,23,47,8,-0.7878787878787878,11.333333333333334,14.727272727272727,11488,False
Blue_Dragon_vs_Pantheon_g2,1030,529,9865,295,0,348,23,47,8,-0.8585858585858586,11.333333333333334,14.626262626262626,11498,False
Blue_Dragon_vs_Pantheon_g2,1031,535,9865,295,0,349,23,47,8,-0.9797979797979798,12.0,14.727272727272727,11508,False
Blue_Dragon_vs_Pantheon_g2,1032,526,9875,296,0,350,23,48,9,-0.797979797979798,11.333333333333334,14.626262626262626,11508,False
Blue_Dragon_vs_Pantheon_g2,1033,349,9920,297,0,351,23,48,9,-2.6262626262626263,21.2,16.02020202020202,11666,False
Blue_Dragon_vs_Pantheon_g2,1034,149,10410,312,0,352,23,48,9,-4.787878787878788,23.2,16.22222222222222,11706,False
Blue_Dragon_vs_Pantheon_g2,1035,155,10415,312,0,353,23,48,9,-3.404040404040404,26.533333333333335,16.626262626262626,11756,False
Blue_Dragon_vs_Pantheon_g2,1036,187,10420,312,0,354,23,48,9,-3.1414141414141414,25.866666666666667,16.525252525252526,11756,False
Blue_Dragon_vs_Pantheon_g2,1037,181,10420,312,0,355,23,48,9,-3.2323232323232323,25.866666666666667,16.424242424242426,11766,False
Blue_Dragon_vs_Pantheon_g2,1038,186,10420,312,0,356,23,48,9,-3.3434343434343434,25.2,16.22222222222222,11766,False
Blue_Dragon_vs_Pantheon_g2,1039,182,10420,312,0,357,23,48,9,-3.6262626262626263,28.533333333333335,16.727272727272727,11816,False
Blue_Dragon_vs_Pantheon_g2,1040,240,10420,312,0,358,23,48,9,-3.0202020202020203,30.533333333333335,17.03030303030303,11856,False
Blue_Dragon_vs_Pantheon_g2,1041,275,10420,312,0,359,23,48,9,-2.474747474747475,30.533333333333335,16.92929292929293,11866,False
Blue_Dragon_vs_Pantheon_g2,1042,279,10420,312,0,360,23,48,9,-2.595959595959596,32.53333333333333,17.13131313131313,11906,False
Blue_Dragon_vs_Pantheon_g2,1043,312,10420,312,0,361,23,48,9,-2.5656565656565657,31.866666666666667,17.535353535353536,11956,False
Blue_Dragon_vs_Pantheon_g2,1044,367,10420,312,0,362,23,48,9,-2.090909090909091,31.2,17.434343434343436,11956,False
Blue_Dragon_vs_Pantheon_g2,1045,367,10420,312,0,363,23,48,9,-1.9191919191919191,31.2,17.333333333333332,11966,False
Blue_Dragon_vs_Pantheon_g2,1046,369,10420,312,0,364,23,48,9,-2.0707070707070705,30.533333333333335,17.13131313131313,11966,False
Blue_Dragon_vs_Pantheon_g2,1047,360,10420,312,0,365,23,48,9,-2.212121212121212,33.86666666666667,17.636363636363637,12016,False
Blue_Dragon_vs_Pantheon_g2,1048,418,10420,312,0,366,23,48,9,-1.5757575757575757,26.0,17.939393939393938,12056,False
Blue_Dragon_vs_Pantheon_g2,1049,456,10420,312,0,367,23,48,9,-1.2424242424242424,24.0,17.838383838383837,12066,False
Blue_Dragon_vs_Pantheon_g2,1050,463,10420,312,0,368,23,48,9,-1.2525252525252526,23.333333333333332,18.04040404040404,12106,False
Blue_Dragon_vs_Pantheon_g2,1051,494,10420,312,0,369,23,48,9,-1.1515151515151516,26.666666666666668,18.444444444444443,12156,False
Blue_Dragon_vs_Pantheon_g2,1052,550,10420,312,0,370,23,48,9,-0.5858585858585859,26.0,18.343434343434343,12156,False
Blue_Dragon_vs_Pantheon_g2,1053,547,10420,312,0,371,23,48,9,-0.43434343434343436,26.666666666666668,18.242424242424242,12166,False
Blue_Dragon_vs_Pantheon_g2,1054,551,10420,312,0,372,23,48,9,-0.29292929292929293,23.333333333333332,18.04040404040404,12166,False
Blue_Dragon_vs_Pantheon_g2,1055,542,10420,312,0,373,23,48,9,-0.6262626262626263,22.4,18.303030303030305,12192,False
Blue_Dragon_vs_Pantheon_g2,1056,572,10420,312,0,374,23,48,9,-0.25252525252525254,21.733333333333334,18.2020202020202,12192,False
Blue_Dragon_vs_Pantheon_g2,1057,384,10520,315,0,375,23,48,9,-2.1717171717171717,24.0,18.747474747474747,12266,False
Blue_Dragon_vs_Pantheon_g2,1058,450,10520,315,0,376,23,48,9,-1.6666666666666667,23.333333333333332,18.949494949494948,12306,False
Blue_Dragon_vs_Pantheon_g2,1059,482,10520,315,0,377,23,48,9,-1.6363636363636365,26.666666666666668,19.353535353535353,12356,False
Blue_Dragon_vs_Pantheon_g2,1060,537,10520,315,0,378,23,48,9,-1.1414141414141414,26.0,19.252525252525253,12356,False
Blue_Dragon_vs_Pantheon_g2,1061,530,10520,315,0,379,23,48,9,-1.2727272727272727,26.666666666666668,19.151515151515152,12366,False
Blue_Dragon_vs_Pantheon_g2,1062,531,10520,315,0,380,23,48,9,-1.404040404040404,23.333333333333332,18.949494949494948,12366,False
Blue_Dragon_vs_Pantheon_g2,1063,525,10520,315,0,381,23,48,9,-1.7373737373737375,23.733333333333334,19.414141414141415,12412,False
Blue_Dragon_vs_Pantheon_g2,1064,574,10520,315,0,382,23,48,9,-1.1414141414141414,23.066666666666666,19.31313131313131,12412,False
Blue_Dragon_vs_Pantheon_g2,1065,567,10520,315,0,383,23,48,9,-1.2323232323232323,21.066666666666666,19.21212121212121,12422,False
Blue_Dragon_vs_Pantheon_g2,1066,568,10520,315,0,384,23,48,9,-1.3737373737373737,17.733333333333334,19.01010101010101,12422,False
Blue_Dragon_vs_Pantheon_g2,1067,560,10520,315,0,385,23,48,9,-1.696969696969697,18.666666666666668,19.050505050505052,12436,False
Blue_Dragon_vs_Pantheon_g2,1068,581,10520,315,0,386,23,48,9,-1.2828282828282829,18.0,18.949494949494948,12436,False
Blue_Dragon_vs_Pantheon_g2,1069,574,10520,315,0,387,23,48,9,-1.1919191919191918,18.666666666666668,18.848484848484848,12446,False
Blue_Dragon_vs_Pantheon_g2,1070,575,10520,315,0,388,23,48,9,-1.3434343434343434,16.933333333333334,18.646464646464647,12446,False
Blue_Dragon_vs_Pantheon_g2,1071,571,10520,315,0,389,23,48,9,-1.393939393939394,17.6,18.747474747474747,12456,False
Blue_Dragon_vs_Pantheon_g2,1072,587,10520,315,0,390,23,48,9,-0.9292929292929293,12.666666666666666,18.646464646464647,12456,False
Blue_Dragon_vs_Pantheon_g2,1073,585,10520,315,0,391,23,48,9,0.6161616161616161,10.666666666666666,18.545454545454547,12466,False
Blue_Dragon_vs_Pantheon_g2,1074,593,10520,315,0,392,23,48,9,0.5757575757575758,7.333333333333333,18.343434343434343,12466,False
Blue_Dragon_vs_Pantheon_g2,1075,589,10520,315,0,393,23,48,9,0.35353535353535354,8.0,18.343434343434343,12476,False
Blue_Dragon_vs_Pantheon_g2,1076,558,10530,315,0,394,23,48,9,0.26262626262626265,7.6,18.282828282828284,12480,False
Blue_Dragon_vs_Pantheon_g2,1077,552,10530,315,0,395,23,48,9,0.41414141414141414,9.066666666666666,18.303030303030305,12502,False
Blue_Dragon_vs_Pantheon_g2,1078,563,10530,315,0,396,23,48,9,0.6262626262626263,6.0,18.1010101010101,12502,False
Blue_Dragon_vs_Pantheon_g2,1079,559,10530,315,0,397,23,48,9,0.36363636363636365,6.933333333333334,18.242424242424242,12516,False
Blue_Dragon_vs_Pantheon_g2,1080,580,10530,315,0,398,23,48,9,0.696969696969697,6.266666666666667,18.141414141414142,12516,False
Blue_Dragon_vs_Pantheon_g2,1081,573,10530,315,0,399,23,48,9,0.8686868686868687,6.933333333333334,18.04040404040404,12526,False
Blue_Dragon_vs_Pantheon_g2,1082,575,10530,315,0,400,23,48,9,0.7474747474747475,6.0,17.838383838383837,12526,False
Blue_Dragon_vs_Pantheon_g2,1083,569,10530,315,0,401,23,48,9,0.6565656565656566,6.666666666666667,17.838383838383837,12536,False
Blue_Dragon_vs_Pantheon_g2,1084,583,10530,315,0,402,23,48,9,0.7070707070707071,6.0,17.737373737373737,12536,False
Blue_Dragon_vs_Pantheon_g2,1085,577,10530,315,0,403,23,48,9,4.0606060606060606,6.666666666666667,17.737373737373737,12546,False
Blue_Dragon_vs_Pantheon_g2,1086,582,10530,315,0,404,23,48,9,4.373737373737374,6.0,17.636363636363637,12546,False
Blue_Dragon_vs_Pantheon_g2,1087,567,10535,316,0,405,23,48,9,4.05050505050505,6.666666666666667,17.737373737373737,12556,False
Blue_Dragon_vs_Pantheon_g2,1088,586,10535,316,0,406,23,48,9,4.242424242424242,6.0,16.86868686868687,12556,False
Blue_Dragon_vs_Pantheon_g2,1089,583,10535,316,0,407,23,48,9,3.3535353535353534,6.666666666666667,16.86868686868687,12566,False
Blue_Dragon_vs_Pantheon_g2,1090,590,10535,316,0,408,23,48,9,3.3737373737373737,6.0,16.767676767676768,12566,False
Blue_Dragon_vs_Pantheon_g2,1091,586,10535,316,0,409,23,48,9,4.02020202020202,6.4,16.363636363636363,12576,False
Blue_Dragon_vs_Pantheon_g2,1092,602,10535,316,0,410,23,48,9,3.9393939393939394,4.933333333333334,16.262626262626263,12576,False
Blue_Dragon_vs_Pantheon_g2,1093,595,10535,316,0,411,23,48,9,3.7676767676767677,5.6,15.858585858585858,12586,False
Blue_Dragon_vs_Pantheon_g2,1094,595,10535,316,0,412,23,48,9,3.282828282828283,4.666666666666667,15.757575757575758,12586,False
Blue_Dragon_vs_Pantheon_g2,1095,586,10535,316,0,413,23,48,9,3.0303030303030303,5.333333333333333,15.858585858585858,12596,False
Blue_Dragon_vs_Pantheon_g2,1096,598,10535,316,0,414,23,48,9,3.202020202020202,4.666666666666667,15.757575757575758,12596,False
Blue_Dragon_vs_Pantheon_g2,1097,591,10535,316,0,415,23,48,9,3.090909090909091,5.333333333333333,15.757575757575758,12606,False
Blue_Dragon_vs_Pantheon_g2,1098,591,10535,316,0,416,23,48,9,3.0505050505050506,4.666666666666667,15.252525252525253,12606,False
Blue_Dragon_vs_Pantheon_g2,1099,580,10535,316,0,417,23,48,9,2.3737373737373737,5.333333333333333,15.353535353535353,12616,False
Blue_Dragon_vs_Pantheon_g2,1100,594,10535,316,0,418,23,48,9,2.5656565656565657,4.666666666666667,15.252525252525253,12616,False
Blue_Dragon_vs_Pantheon_g2,1101,585,10535,316,0,419,23,49,9,2.3737373737373737,5.333333333333333,14.848484848484848,12626,False
Blue_Dragon_vs_Pantheon_g2,1102,305,10735,322,0,420,23,50,9,-0.9595959595959596,22.533333333333335,17.454545454545453,12894,False
Blue_Dragon_vs_Pantheon_g2,1103,463,10840,325,0,421,23,50,9,0.43434343434343436,30.933333333333334,18.727272727272727,13020,False
Blue_Dragon_vs_Pantheon_g2,1104,549,10845,325,0,422,23,51,9,1.3232323232323233,32.4,18.949494949494948,13052,False
Blue_Dragon_vs_Pantheon_g2,1105,453,10950,328,0,423,23,51,9,0.26262626262626265,34.666666666666664,19.19191919191919,13086,False
Blue_Dragon_vs_Pantheon_g2,1106,485,10950,328,0,424,23,51,9,0.494949494949495,36.666666666666664,19.09090909090909,13126,False
Blue_Dragon_vs_Pantheon_g2,1107,523,10950,328,0,425,23,51,9,0.29292929292929293,40.0,19.595959595959595,13176,False
Blue_Dragon_vs_Pantheon_g2,1108,551,10950,328,0,426,23,51,9,0.6161616161616161,39.333333333333336,19.494949494949495,13176,False
Blue_Dragon_vs_Pantheon_g2,1109,520,10950,328,0,427,23,51,9,0.32323232323232326,40.0,19.171717171717173,13186,False
Blue_Dragon_vs_Pantheon_g2,1110,524,10950,328,0,428,23,51,9,-0.010101010101010102,39.333333333333336,19.07070707070707,13186,False
Blue_Dragon_vs_Pantheon_g2,1111,518,10950,328,0,429,23,51,9,-0.26262626262626265,42.666666666666664,19.575757575757574,13236,False
Blue_Dragon_vs_Pantheon_g2,1112,573,10950,328,0,430,23,51,9,0.32323232323232326,43.06666666666667,19.636363636363637,13252,False
Blue_Dragon_vs_Pantheon_g2,1113,583,10950,328,0,431,23,50,9,0.3434343434343434,44.266666666666666,19.717171717171716,13270,False
Blue_Dragon_vs_Pantheon_g2,1114,594,10750,322,0,432,23,51,9,0.3939393939393939,43.6,19.616161616161616,13270,False
Blue_Dragon_vs_Pantheon_g2,1115,489,10850,325,0,433,23,51,9,-0.8080808080808081,50.666666666666664,20.68686868686869,13376,False
Blue_Dragon_vs_Pantheon_g2,1116,599,10850,325,0,434,23,51,9,0.41414141414141414,50.0,20.585858585858585,13376,False
Blue_Dragon_vs_Pantheon_g2,1117,593,10850,325,0,435,23,51,9,0.29292929292929293,32.8,20.585858585858585,13386,False
Blue_Dragon_vs_Pantheon_g2,1118,597,10850,325,0,436,23,52,9,0.3434343434343434,24.4,20.484848484848484,13386,False
Blue_Dragon_vs_Pantheon_g2,1119,493,10950,328,0,437,23,54,9,-0.898989898989899,25.6,20.98989898989899,13436,False
Blue_Dragon_vs_Pantheon_g2,1120,354,11150,334,0,438,23,54,9,-2.292929292929293,26.0,21.292929292929294,13476,False
Blue_Dragon_vs_Pantheon_g2,1121,390,11150,334,0,439,23,54,9,-1.97979797979798,24.0,21.292929292929294,13486,False
Blue_Dragon_vs_Pantheon_g2,1122,396,11150,334,0,440,23,54,9,-1.9696969696969697,23.333333333333332,21.595959595959595,13526,False
Blue_Dragon_vs_Pantheon_g2,1123,432,11150,334,0,441,23,54,9,-1.7676767676767677,26.666666666666668,22.1010101010101,13576,False
Blue_Dragon_vs_Pantheon_g2,1124,488,11150,334,0,442,23,56,9,-1.1313131313131313,26.0,22.0,13576,False
Blue_Dragon_vs_Pantheon_g2,1125,176,11450,343,0,443,23,57,9,-4.383838383838384,26.666666666666668,22.0,13586,False
Blue_Dragon_vs_Pantheon_g2,1126,83,11550,346,0,444,23,57,9,-5.404040404040404,23.333333333333332,21.8989898989899,13586,False
Blue_Dragon_vs_Pantheon_g2,1127,82,11550,346,0,445,23,57,9,-3.8585858585858586,25.6,21.7979797979798,13636,False
Blue_Dragon_vs_Pantheon_g2,1128,111,11560,346,0,446,23,57,9,-4.151515151515151,27.066666666666666,22.1010101010101,13676,False
Blue_Dragon_vs_Pantheon_g2,1129,151,11560,346,0,447,23,56,9,-3.8181818181818183,27.733333333333334,22.1010101010101,13686,False
Blue_Dragon_vs_Pantheon_g2,1130,161,11460,343,0,448,23,56,9,-3.7777777777777777,23.333333333333332,22.404040404040405,13726,False
Blue_Dragon_vs_Pantheon_g2,1131,199,11460,343,0,449,23,56,9,-3.303030303030303,26.666666666666668,22.90909090909091,13776,False
Blue_Dragon_vs_Pantheon_g2,1132,256,11460,343,0,450,23,56,9,-0.9393939393939394,26.0,21.31313131313131,13776,False
Blue_Dragon_vs_Pantheon_g2,1133,224,11470,344,0,451,23,55,9,0.7575757575757576,26.666666666666668,21.01010101010101,13786,False
Blue_Dragon_vs_Pantheon_g2,1134,232,11370,341,0,452,23,55,9,0.7777777777777778,23.333333333333332,20.505050505050505,13786,False
Blue_Dragon_vs_Pantheon_g2,1135,200,11380,341,0,453,23,53,9,0.13131313131313133,24.0,21.01010101010101,13836,False
Blue_Dragon_vs_Pantheon_g2,1136,258,11080,332,0,454,23,54,9,0.7777777777777778,26.0,21.31313131313131,13876,False
Blue_Dragon_vs_Pantheon_g2,1137,2,11280,338,0,455,23,53,9,-1.8585858585858586,24.0,21.414141414141415,13886,False
Blue_Dragon_vs_Pantheon_g2,1138,12,11180,335,0,456,23,52,9,-1.7171717171717171,23.333333333333332,21.31313131313131,13926,False
Blue_Dragon_vs_Pantheon_g2,1139,5,11100,333,0,457,23,52,9,-2.3737373737373737,26.666666666666668,21.414141414141415,13976,False
Blue_Dragon_vs_Pantheon_g2,1140,36,11105,333,0,458,23,52,9,-2.414141414141414,26.0,21.31313131313131,13976,False
Blue_Dragon_vs_Pantheon_g2,1141,7,11115,333,0,459,23,52,9,-2.7474747474747474,26.666666666666668,21.01010101010101,13986,False
Blue_Dragon_vs_Pantheon_g2,1142,17,11115,333,0,460,23,52,9,-2.9797979797979797,23.333333333333332,20.505050505050505,13986,False
Blue_Dragon_vs_Pantheon_g2,1143,8,11120,333,0,461,23,52,9,-3.6262626262626263,24.0,21.01010101010101,14036,False
Blue_Dragon_vs_Pantheon_g2,1144,39,11125,333,0,462,23,52,9,-3.313131313131313,26.0,21.31313131313131,14076,False
Blue_Dragon_vs_Pantheon_g2,1145,79,11125,333,0,463,23,52,9,-2.9292929292929295,24.0,21.414141414141415,14086,False
Blue_Dragon_vs_Pantheon_g2,1146,89,11125,333,0,464,23,53,9,-2.7373737373737375,23.333333333333332,21.31313131313131,14126,False
Blue_Dragon_vs_Pantheon_g2,1147,1,11225,336,0,465,23,53,9,-4.212121212121212,26.666666666666668,21.414141414141415,14176,False
Blue_Dragon_vs_Pantheon_g2,1148,31,11230,336,0,466,23,53,9,-4.292929292929293,26.0,21.31313131313131,14176,False
Blue_Dragon_vs_Pantheon_g2,1149,31,11230,336,0,467,23,53,9,-4.363636363636363,26.666666666666668,21.01010101010101,14186,False
Blue_Dragon_vs_Pantheon_g2,1150,41,11230,336,0,468,23,53,9,-4.575757575757576,23.333333333333332,20.505050505050505,14186,False
Blue_Dragon_vs_Pantheon_g2,1151,41,11230,336,0,469,23,53,9,-5.141414141414141,24.0,21.01010101010101,14236,False
Blue_Dragon_vs_Pantheon_g2,1152,100,11230,336,0,470,23,53,9,-4.515151515151516,26.0,21.31313131313131,14276,False
Blue_Dragon_vs_Pantheon_g2,1153,140,11230,336,0,471,23,53,9,-4.151515151515151,24.0,21.414141414141415,14286,False
Blue_Dragon_vs_Pantheon_g2,1154,140,11235,337,0,472,23,53,9,-4.0606060606060606,23.333333333333332,21.555555555555557,14326,False
Blue_Dragon_vs_Pantheon_g2,1155,80,11225,336,0,473,23,53,9,-4.96969696969697,26.666666666666668,22.060606060606062,14376,False
Blue_Dragon_vs_Pantheon_g2,1156,140,11225,336,0,474,23,53,9,-2.4646464646464645,26.0,21.31313131313131,14376,False
Blue_Dragon_vs_Pantheon_g2,1157,140,11225,336,0,475,23,53,9,-3.1313131313131315,26.666666666666668,21.01010101010101,14386,False
Blue_Dragon_vs_Pantheon_g2,1158,120,11235,337,0,476,23,52,9,-3.6565656565656566,23.333333333333332,20.505050505050505,14386,False
Blue_Dragon_vs_Pantheon_g2,1159,80,11150,334,0,477,23,53,9,-4.616161616161616,24.0,21.01010101010101,14436,False
Blue_Dragon_vs_Pantheon_g2,1160,41,11250,337,0,478,23,53,9,-4.9393939393939394,26.0,21.31313131313131,14476,False
Blue_Dragon_vs_Pantheon_g2,1161,51,11260,337,0,479,23,53,9,-4.848484848484849,24.0,21.414141414141415,14486,False
Blue_Dragon_vs_Pantheon_g2,1162,61,11260,337,0,480,23,53,9,-4.686868686868687,23.333333333333332,21.353535353535353,14526,False
Blue_Dragon_vs_Pantheon_g2,1163,101,11260,337,0,481,23,53,9,-4.777777777777778,26.666666666666668,21.858585858585858,14576,False
Blue_Dragon_vs_Pantheon_g2,1164,161,11255,337,0,482,23,53,9,-4.101010101010101,26.0,21.757575757575758,14576,False
Blue_Dragon_vs_Pantheon_g2,1165,161,11255,337,0,483,23,53,9,-4.111111111111111,26.666666666666668,21.858585858585858,14586,False
Blue_Dragon_vs_Pantheon_g2,1166,171,11255,337,0,484,23,52,9,-3.9292929292929295,23.333333333333332,21.717171717171716,14586,False
Blue_Dragon_vs_Pantheon_g2,1167,161,11160,334,0,485,23,53,9,-4.242424242424242,24.0,22.22222222222222,14636,False
Blue_Dragon_vs_Pantheon_g2,1168,122,11255,337,0,486,23,51,9,-4.565656565656566,26.0,22.525252525252526,14676,False
Blue_Dragon_vs_Pantheon_g2,1169,152,10960,328,0,487,23,52,9,-4.2727272727272725,24.0,22.626262626262626,14686,False
Blue_Dragon_vs_Pantheon_g2,1170,65,11060,331,0,488,23,52,9,-5.111111111111111,23.333333333333332,22.92929292929293,14726,False
Blue_Dragon_vs_Pantheon_g2,1171,75,11070,332,0,489,23,52,9,-5.171717171717172,26.666666666666668,23.434343434343436,14776,False
Blue_Dragon_vs_Pantheon_g2,1172,135,11065,331,0,490,23,52,9,-4.545454545454546,26.0,23.333333333333332,14776,False
Blue_Dragon_vs_Pantheon_g2,1173,135,11065,331,0,491,23,52,9,-4.626262626262626,26.666666666666668,23.434343434343436,14786,False
Blue_Dragon_vs_Pantheon_g2,1174,145,11065,331,0,492,23,52,9,-4.484848484848484,23.333333333333332,23.333333333333332,14786,False
Blue_Dragon_vs_Pantheon_g2,1175,144,11065,331,0,493,23,52,9,-4.181818181818182,24.0,23.7979797979798,14836,False
Blue_Dragon_vs_Pantheon_g2,1176,204,11065,331,0,494,23,51,9,-3.515151515151515,26.0,23.97979797979798,14876,False
Blue_Dragon_vs_Pantheon_g2,1177,235,10970,329,0,495,23,53,9,-3.313131313131313,24.0,24.08080808080808,14886,False
Blue_Dragon_vs_Pantheon_g2,1178,50,11160,334,0,496,23,53,9,-5.141414141414141,23.333333333333332,24.343434343434343,14926,False
Blue_Dragon_vs_Pantheon_g2,1179,90,11155,334,0,497,23,53,9,-4.94949494949495,26.666666666666668,24.848484848484848,14976,False
Blue_Dragon_vs_Pantheon_g2,1180,149,11150,334,0,498,23,53,9,-4.282828282828283,26.0,24.747474747474747,14976,False
Blue_Dragon_vs_Pantheon_g2,1181,149,11150,334,0,499,23,53,9,-4.303030303030303,26.666666666666668,24.848484848484848,14986,False
Blue_Dragon_vs_Pantheon_g2,1182,159,11150,334,0,500,23,52,9,-4.141414141414141,23.333333333333332,24.747474747474747,14986,False
Blue_Dragon_vs_Pantheon_g2,1183,159,11050,331,0,501,23,52,9,-4.282828282828283,24.0,25.252525252525253,15036,False
Blue_Dragon_vs_Pantheon_g2,1184,190,11060,331,0,502,23,52,9,-3.909090909090909,26.0,25.555555555555557,15076,False
Blue_Dragon_vs_Pantheon_g2,1185,230,11060,331,0,503,23,52,9,-3.5555555555555554,24.0,25.656565656565657,15086,False
Blue_Dragon_vs_Pantheon_g2,1186,240,11060,331,0,504,23,52,9,-3.303030303030303,23.333333333333332,25.95959595959596,15126,False
Blue_Dragon_vs_Pantheon_g2,1187,279,11060,331,0,505,23,53,9,-3.101010101010101,26.666666666666668,26.464646464646464,15176,False
Blue_Dragon_vs_Pantheon_g2,1188,44,11250,337,0,506,23,53,9,-5.444444444444445,26.0,26.363636363636363,15176,False
Blue_Dragon_vs_Pantheon_g2,1189,44,11250,337,0,507,23,53,9,-5.515151515151516,26.666666666666668,26.464646464646464,15186,False
Blue_Dragon_vs_Pantheon_g2,1190,53,11250,337,0,508,23,53,9,-5.383838383838384,23.333333333333332,26.363636363636363,15186,False
Blue_Dragon_vs_Pantheon_g2,1191,52,11250,337,0,509,23,53,9,-5.555555555555555,24.0,26.86868686868687,15236,False
Blue_Dragon_vs_Pantheon_g2,1192,112,11250,337,0,510,23,53,9,-4.878787878787879,26.0,27.171717171717173,15276,False
Blue_Dragon_vs_Pantheon_g2,1193,152,11250,337,0,511,23,53,9,-4.474747474747475,24.0,27.272727272727273,15286,False
Blue_Dragon_vs_Pantheon_g2,1194,152,11255,337,0,512,23,52,9,-4.383838383838384,23.333333333333332,27.575757575757574,15326,False
Blue_Dragon_vs_Pantheon_g2,1195,182,11160,334,0,513,23,53,9,-4.202020202020202,26.666666666666668,28.08080808080808,15376,False
Blue_Dragon_vs_Pantheon_g2,1196,143,11260,337,0,514,23,52,9,-4.525252525252525,26.0,27.97979797979798,15376,False
Blue_Dragon_vs_Pantheon_g2,1197,143,11160,334,0,515,23,53,9,-4.525252525252525,26.666666666666668,28.08080808080808,15386,False
Blue_Dragon_vs_Pantheon_g2,1198,53,11260,337,0,516,23,53,9,-5.3232323232323235,23.333333333333332,27.97979797979798,15386,False
Blue_Dragon_vs_Pantheon_g2,1199,53,11260,337,0,517,23,53,9,-5.4646464646464645,24.0,28.484848484848484,15436,False
Blue_Dragon_vs_Pantheon_g2,1200,113,11260,337,0,518,23,53,9,-4.767676767676767,26.0,28.78787878787879,15476,False
Blue_Dragon_vs_Pantheon_g2,1201,153,11255,337,0,519,23,52,9,-1.5353535353535352,24.0,26.181818181818183,15486,False
Blue_Dragon_vs_Pantheon_g2,1202,153,11160,334,0,520,23,53,9,-3.1313131313131315,23.333333333333332,25.31313131313131,15526,False
Blue_Dragon_vs_Pantheon_g2,1203,94,11260,337,0,521,23,53,9,-4.595959595959596,26.666666666666668,25.494949494949495,15576,False
Blue_Dragon_vs_Pantheon_g2,1204,154,11260,337,0,522,23,53,9,-3.0202020202020203,26.0,25.151515151515152,15576,False
Blue_Dragon_vs_Pantheon_g2,1205,154,11255,337,0,523,23,53,9,-3.3434343434343434,26.666666666666668,24.848484848484848,15586,False
Blue_Dragon_vs_Pantheon_g2,1206,164,11255,337,0,524,23,52,9,-3.6262626262626263,23.333333333333332,24.343434343434343,15586,False
Blue_Dragon_vs_Pantheon_g2,1207,164,11055,331,0,525,23,51,9,-3.909090909090909,24.0,24.848484848484848,15636,False
Blue_Dragon_vs_Pantheon_g2,1208,195,10865,325,0,526,23,51,9,-3.282828282828283,26.0,25.151515151515152,15676,False
Blue_Dragon_vs_Pantheon_g2,1209,235,10865,325,0,527,23,51,9,-2.919191919191919,24.0,25.252525252525253,15686,False
Blue_Dragon_vs_Pantheon_g2,1210,245,10865,325,0,528,23,51,9,-2.757575757575758,23.333333333333332,25.151515151515152,15726,False
Blue_Dragon_vs_Pantheon_g2,1211,276,10870,326,0,529,23,52,9,-3.0,26.666666666666668,25.494949494949495,15776,False
Blue_Dragon_vs_Pantheon_g2,1212,47,11060,331,0,530,23,52,9,-5.414141414141414,26.0,25.31313131313131,15776,False
Blue_Dragon_vs_Pantheon_g2,1213,47,11060,331,0,531,23,52,9,-5.525252525252525,26.666666666666668,25.414141414141415,15786,False
Blue_Dragon_vs_Pantheon_g2,1214,57,11060,331,0,532,23,52,9,-4.363636363636363,23.333333333333332,24.343434343434343,15786,False
Blue_Dragon_vs_Pantheon_g2,1215,28,11070,332,0,533,23,51,9,-5.767676767676767,24.0,24.848484848484848,15836,False
Blue_Dragon_vs_Pantheon_g2,1216,79,10875,326,0,534,23,51,9,-5.191919191919192,26.0,25.151515151515152,15876,False
Blue_Dragon_vs_Pantheon_g2,1217,119,10875,326,0,535,23,51,9,-4.828282828282828,24.0,25.252525252525253,15886,False
Blue_Dragon_vs_Pantheon_g2,1218,100,10885,326,0,536,23,49,9,-3.9696969696969697,23.333333333333332,25.151515151515152,15926,False
Blue_Dragon_vs_Pantheon_g2,1219,130,10690,320,0,537,23,50,9,-2.2626262626262625,26.666666666666668,25.252525252525253,15976,False
Blue_Dragon_vs_Pantheon_g2,1220,94,10790,323,0,538,23,50,9,-2.98989898989899,26.0,25.151515151515152,15976,False
Blue_Dragon_vs_Pantheon_g2,1221,75,10795,323,0,539,23,49,9,-3.242424242424242,26.666666666666668,24.848484848484848,15986,False
Blue_Dragon_vs_Pantheon_g2,1222,47,10705,321,0,540,23,49,9,-3.888888888888889,23.333333333333332,24.343434343434343,15986,False
Blue_Dragon_vs_Pantheon_g2,1223,38,10710,321,0,541,23,49,9,-4.545454545454546,24.0,24.848484848484848,16036,False
Blue_Dragon_vs_Pantheon_g2,1224,70,10715,321,0,542,23,50,9,-1.0707070707070707,26.0,25.151515151515152,16076,False
Blue_Dragon_vs_Pantheon_g2,1225,15,10805,324,0,543,23,50,9,-0.6868686868686869,24.0,25.252525252525253,16086,False
Blue_Dragon_vs_Pantheon_g2,1226,24,10805,324,0,544,23,50,9,-0.5858585858585859,23.333333333333332,25.151515151515152,16126,False
Blue_Dragon_vs_Pantheon_g2,1227,64,10805,324,0,545,23,51,9,-0.47474747474747475,26.666666666666668,25.252525252525253,16176,False
Blue_Dragon_vs_Pantheon_g2,1228,29,10895,326,0,546,23,51,9,-1.2323232323232323,26.0,25.151515151515152,16176,False
Blue_Dragon_vs_Pantheon_g2,1229,29,10890,326,0,547,23,51,9,-1.3333333333333333,26.666666666666668,24.848484848484848,16186,False
Blue_Dragon_vs_Pantheon_g2,1230,39,10890,326,0,548,23,51,9,-1.6161616161616161,23.333333333333332,24.343434343434343,16186,False
Blue_Dragon_vs_Pantheon_g2,1231,39,10890,326,0,549,23,50,9,-2.191919191919192,24.0,24.848484848484848,16236,False
Blue_Dragon_vs_Pantheon_g2,1232,89,10795,323,0,550,23,51,9,-1.3636363636363635,26.0,25.151515151515152,16276,False
Blue_Dragon_vs_Pantheon_g2,1233,34,10890,326,0,551,23,50,9,-2.0,24.0,25.252525252525253,16286,False
Blue_Dragon_vs_Pantheon_g2,1234,35,10795,323,0,552,23,50,9,-1.6666666666666667,23.333333333333332,25.151515151515152,16326,False
Blue_Dragon_vs_Pantheon_g2,1235,47,10805,324,0,553,23,50,9,-2.1313131313131315,26.666666666666668,25.252525252525253,16376,False
Blue_Dragon_vs_Pantheon_g2,1236,107,10805,324,0,554,23,50,9,1.0606060606060606,26.0,25.151515151515152,16376,False
Blue_Dragon_vs_Pantheon_g2,1237,12,10795,323,0,555,23,50,9,0.0,26.666666666666668,24.848484848484848,16386,False
Blue_Dragon_vs_Pantheon_g2,1238,22,10795,323,0,556,23,50,9,0.1717171717171717,23.333333333333332,24.343434343434343,16386,False
Blue_Dragon_vs_Pantheon_g2,1239,13,10800,324,0,557,23,50,9,-0.23232323232323232,24.0,24.848484848484848,16436,False
Blue_Dragon_vs_Pantheon_g2,1240,45,10805,324,0,558,23,49,9,0.3838383838383838,26.0,25.151515151515152,16476,False
Blue_Dragon_vs_Pantheon_g2,1241,85,10705,321,0,559,23,49,9,0.6868686868686869,24.0,25.252525252525253,16486,False
Blue_Dragon_vs_Pantheon_g2,1242,85,10710,321,0,560,23,50,9,0.7777777777777778,23.333333333333332,25.151515151515152,16526,False
Blue_Dragon_vs_Pantheon_g2,1243,21,10810,324,0,561,23,50,9,-0.18181818181818182,26.666666666666668,25.252525252525253,16576,False
Blue_Dragon_vs_Pantheon_g2,1244,81,10810,324,0,562,23,50,9,0.020202020202020204,26.0,25.151515151515152,16576,False
Blue_Dragon_vs_Pantheon_g2,1245,81,10805,324,0,563,23,49,9,-0.08080808080808081,26.666666666666668,24.848484848484848,16586,False
Blue_Dragon_vs_Pantheon_g2,1246,82,10710,321,0,564,23,49,9,0.8181818181818182,23.333333333333332,24.343434343434343,16586,False
Blue_Dragon_vs_Pantheon_g2,1247,54,10720,321,0,565,23,49,9,0.23232323232323232,24.0,24.848484848484848,16636,False
Blue_Dragon_vs_Pantheon_g2,1248,113,10720,321,0,566,23,50,9,0.8282828282828283,26.0,25.151515151515152,16676,False
Blue_Dragon_vs_Pantheon_g2,1249,58,10810,324,0,567,23,50,9,0.1717171717171717,24.0,25.252525252525253,16686,False
Blue_Dragon_vs_Pantheon_g2,1250,68,10810,324,0,568,23,51,9,0.2727272727272727,23.333333333333332,25.151515151515152,16726,False
Blue_Dragon_vs_Pantheon_g2,1251,12,10900,327,0,569,23,51,9,-0.8888888888888888,26.666666666666668,25.252525252525253,16776,False
Blue_Dragon_vs_Pantheon_g2,1252,72,10900,327,0,570,23,50,9,-0.6868686868686869,26.0,25.151515151515152,16776,False
Blue_Dragon_vs_Pantheon_g2,1253,72,10800,324,0,571,23,50,9,-0.6868686868686869,26.666666666666668,24.848484848484848,16786,False
Blue_Dragon_vs_Pantheon_g2,1254,82,10800,324,0,572,23,50,9,0.020202020202020204,23.333333333333332,24.343434343434343,16786,False
Blue_Dragon_vs_Pantheon_g2,1255,80,10800,324,0,573,23,51,9,-0.6060606060606061,24.0,24.848484848484848,16836,False
Blue_Dragon_vs_Pantheon_g2,1256,44,10900,327,0,574,23,50,9,-0.9696969696969697,26.0,25.151515151515152,16876,False
Blue_Dragon_vs_Pantheon_g2,1257,84,10800,324,0,575,23,50,9,-0.36363636363636365,24.0,25.252525252525253,16886,False
Blue_Dragon_vs_Pantheon_g2,1258,66,10810,324,0,576,23,51,9,-0.1414141414141414,23.333333333333332,25.151515151515152,16926,False
Blue_Dragon_vs_Pantheon_g2,1259,10,10900,327,0,577,23,51,9,-0.31313131313131315,26.666666666666668,25.252525252525253,16976,False
Blue_Dragon_vs_Pantheon_g2,1260,69,10900,327,0,578,23,51,9,0.18181818181818182,26.0,25.151515151515152,16976,False
Blue_Dragon_vs_Pantheon_g2,1261,69,10895,326,0,579,23,51,9,0.08080808080808081,26.666666666666668,24.848484848484848,16986,False
Blue_Dragon_vs_Pantheon_g2,1262,79,10895,326,0,580,23,51,9,-0.2222222222222222,23.333333333333332,24.343434343434343,16986,False
Blue_Dragon_vs_Pantheon_g2,1263,70,10900,327,0,581,23,51,9,-0.9191919191919192,24.0,24.848484848484848,17036,False
Blue_Dragon_vs_Pantheon_g2,1264,130,10900,327,0,582,23,49,9,-0.31313131313131315,26.0,25.151515151515152,17076,False
Blue_Dragon_vs_Pantheon_g2,1265,161,10705,321,0,583,23,50,9,-0.10101010101010101,24.0,25.252525252525253,17086,False
Blue_Dragon_vs_Pantheon_g2,1266,75,10805,324,0,584,23,50,9,-0.8686868686868687,23.333333333333332,25.151515151515152,17126,False
Blue_Dragon_vs_Pantheon_g2,1267,106,10810,324,0,585,23,51,9,-0.16161616161616163,26.666666666666668,25.252525252525253,17176,False
Blue_Dragon_vs_Pantheon_g2,1268,70,10910,327,0,586,23,51,9,-0.8282828282828283,26.0,25.151515151515152,17176,False
Blue_Dragon_vs_Pantheon_g2,1269,69,10905,327,0,587,23,50,9,0.04040404040404041,26.666666666666668,24.848484848484848,17186,False
Blue_Dragon_vs_Pantheon_g2,1270,79,10805,324,0,588,23,50,9,0.04040404040404041,23.333333333333332,24.343434343434343,17186,False
Blue_Dragon_vs_Pantheon_g2,1271,51,10815,324,0,589,23,50,9,-0.8484848484848485,24.0,24.848484848484848,17236,False
Blue_Dragon_vs_Pantheon_g2,1272,111,10815,324,0,590,23,51,9,-0.24242424242424243,26.0,25.151515151515152,17276,False
Blue_Dragon_vs_Pantheon_g2,1273,55,10900,327,0,591,23,51,9,-0.9090909090909091,24.0,25.252525252525253,17286,False
Blue_Dragon_vs_Pantheon_g2,1274,65,10900,327,0,592,23,51,9,-0.797979797979798,23.333333333333332,25.151515151515152,17326,False
Blue_Dragon_vs_Pantheon_g2,1275,105,10900,327,0,593,23,51,9,-1.0,26.666666666666668,25.252525252525253,17376,False
Blue_Dragon_vs_Pantheon_g2,1276,164,10900,327,0,594,23,51,9,-0.7171717171717171,26.0,25.151515151515152,17376,False
Blue_Dragon_vs_Pantheon_g2,1277,164,10900,327,0,595,23,51,9,1.1515151515151516,26.666666666666668,24.848484848484848,17386,False
Blue_Dragon_vs_Pantheon_g2,1278,174,10900,327,0,596,23,51,9,0.8484848484848485,23.333333333333332,24.343434343434343,17386,False
Blue_Dragon_vs_Pantheon_g2,1279,174,10900,327,0,597,23,50,9,0.25252525252525254,24.0,24.848484848484848,17436,False
Blue_Dragon_vs_Pantheon_g2,1280,224,10805,324,0,598,23,51,9,0.7575757575757576,26.0,25.151515151515152,17476,False
Blue_Dragon_vs_Pantheon_g2,1281,167,10900,327,0,599,23,50,9,0.08080808080808081,24.0,25.252525252525253,17486,False
Blue_Dragon_vs_Pantheon_g2,1282,168,10805,324,0,600,23,51,9,0.09090909090909091,23.333333333333332,25.151515151515152,17526,False
Blue_Dragon_vs_Pantheon_g2,1283,111,10905,327,0,601,23,51,9,-0.797979797979798,26.666666666666668,25.252525252525253,17576,False
Blue_Dragon_vs_Pantheon_g2,1284,171,10905,327,0,602,23,51,9,-0.5959595959595959,26.0,25.151515151515152,17576,False
Blue_Dragon_vs_Pantheon_g2,1285,171,10900,327,0,603,23,51,9,-0.696969696969697,26.666666666666668,24.848484848484848,17586,False
Blue_Dragon_vs_Pantheon_g2,1286,181,10900,327,0,604,23,51,9,-0.98989898989899,23.333333333333332,24.343434343434343,17586,False
Blue_Dragon_vs_Pantheon_g2,1287,181,10900,327,0,605,23,51,9,1.3838383838383839,24.0,24.848484848484848,17636,False
Blue_Dragon_vs_Pantheon_g2,1288,241,10900,327,0,606,23,51,9,1.9898989898989898,26.0,25.151515151515152,17676,False
Blue_Dragon_vs_Pantheon_g3,0,500,1000,30,0,0,0,1,0,0.0,0.0,0.0,0,True
Blue_Dragon_vs_Pantheon_g3,1,470,1200,36,0,1,1,2,0,0.0,0.0,0.0,0,True
Blue_Dragon_vs_Pantheon_g3,2,433,1405,42,0,1,2,3,0,0.0,0.0,0.0,0,True
Blue_Dragon_vs_Pantheon_g3,3,389,1615,48,0,1,3,4,0,0.0,0.0,0.0,0,True
Blue_Dragon_vs_Pantheon_g3,4,348,1830,54,0,1,4,4,0,0.0,0.0,0.0,0,False
Blue_Dragon_vs_Pantheon_g3,5,345,1845,55,0,2,4,4,0,0.0,0.0,0.0,0,False
Blue_Dragon_vs_Pantheon_g3,6,342,1860,55,0,3,4,4,0,0.0,0.0,0.0,0,False
Blue_Dragon_vs_Pantheon_g3,7,335,1880,56,0,4,4,4,0,0.0,0.0,0.0,0,False
Blue_Dragon_vs_Pantheon_g3,8,338,1900,57,0,5,4,4,0,0.0,0.0,0.0,0,False
Blue_Dragon_vs_Pantheon_g3,9,331,1920,57,0,6,4,4,0,0.0,0.0,0.0,0,False
Blue_Dragon_vs_Pantheon_g3,10,319,1950,58,0,7,4,4,0,0.0,0.0,0.0,0,False
Blue_Dragon_vs_Pantheon_g3,11,307,1980,59,0,8,4,5,1,0.0,0.0,0.0,0,False
Blue_Dragon_vs_Pantheon_g3,12,271,2040,61,0,9,4,5,1,0.0,0.0,0.0,0,False
Blue_Dragon_vs_Pantheon_g3,13,251,2070,62,0,10,4,5,1,0.0,0.0,0.0,0,False
Blue_Dragon_vs_Pantheon_g3,14,231,2105,63,0,11,4,6,2,0.0,0.0,0.0,0,False
Blue_Dragon_vs_Pantheon_g3,15,179,2175,65,0,12,4,6,2,0.0,0.0,0.0,0,False
Blue_Dragon_vs_Pantheon_g3,16,169,2200,66,0,13,4,7,3,0.0,0.0,0.0,0,False
Blue_Dragon_vs_Pantheon_g3,17,112,2265,67,0,14,4,7,3,0.0,0.0,0.0,0,False
Blue_Dragon_vs_Pantheon_g3,18,92,2290,68,0,15,4,7,3,0.0,0.0,0.0,0,False
Blue_Dragon_vs_Pantheon_g3,19,74,2315,69,0,16,4,7,3,0.0,0.0,0.0,0,False
Blue_Dragon_vs_Pantheon_g3,20,66,2335,70,0,17,4,7,3,0.0,0.0,0.0,0,False
Blue_Dragon_vs_Pantheon_g3,21,45,2365,70,0,18,4,7,3,0.0,0.6666666666666666,0.0,10,False
Blue_Dragon_vs_Pantheon_g3,22,39,2380,71,0,19,4,7,3,0.0,0.6666666666666666,0.0,10,False
Blue_Dragon_vs_Pantheon_g3,23,30,2395,71,0,20,4,7,3,0.0,0.6666666666666666,0.0,10,False
Blue_Dragon_vs_Pantheon_g3,24,31,2405,72,0,21,4,7,3,0.0,0.6666666666666666,0.0,10,False
Blue_Dragon_vs_Pantheon_g3,25,22,2415,72,0,22,4,7,3,0.0,2.0,0.0,30,False
Blue_Dragon_vs_Pantheon_g3,26,40,2420,72,0,23,4,7,3,0.0,2.0,0.0,30,False
Blue_Dragon_vs_Pantheon_g3,27,31,2435,73,0,24,4,7,3,0.0,2.0,0.0,30,False
Blue_Dragon_vs_Pantheon_g3,28,41,2435,73,0,25,4,7,3,0.0,2.0,0.0,30,False
Blue_Dragon_vs_Pantheon_g3,29,41,2435,73,0,26,4,7,3,0.0,3.3333333333333335,0.0,50,False
Blue_Dragon_vs_Pantheon_g3,30,59,2440,73,0,27,4,7,3,0.0,3.3333333333333335,0.0,50,False
Blue_Dragon_vs_Pantheon_g3,31,59,2440,73,0,28,4,8,4,0.0,4.0,0.0,60,False
Blue_Dragon_vs_Pantheon_g3,32,31,2480,74,0,29,4,8,4,0.0,4.666666666666667,0.0,70,False
Blue_Dragon_vs_Pantheon_g3,33,37,2490,74,0,30,4,8,4,0.0,6.0,0.0,90,False
Blue_Dragon_vs_Pantheon_g3,34,51,2505,75,0,31,4,8,4,0.0,6.0,0.0,90,False
Blue_Dragon_vs_Pantheon_g3,35,47,2515,75,0,32,4,8,4,0.0,6.666666666666667,0.0,100,False
Blue_Dragon_vs_Pantheon_g3,36,65,2520,75,0,33,4,8,4,0.0,6.0,0.0,100,False
Blue_Dragon_vs_Pantheon_g3,37,65,2520,75,0,34,4,8,4,0.0,7.333333333333333,0.0,120,False
Blue_Dragon_vs_Pantheon_g3,38,83,2525,75,0,35,4,8,4,0.0,7.333333333333333,0.0,120,False
Blue_Dragon_vs_Pantheon_g3,39,81,2530,75,0,36,4,8,4,0.0,8.0,0.0,130,False
Blue_Dragon_vs_Pantheon_g3,40,99,2535,76,0,37,4,8,4,0.0,7.333333333333333,0.0,140,False
Blue_Dragon_vs_Pantheon_g3,41,107,2540,76,0,38,4,8,4,0.0,8.666666666666666,0.0,160,False
Blue_Dragon_vs_Pantheon_g3,42,125,2545,76,0,39,4,8,4,0.0,8.666666666666666,0.0,160,False
Blue_Dragon_vs_Pantheon_g3,43,119,2560,76,0,40,4,8,4,0.0,9.333333333333334,0.0,170,False
Blue_Dragon_vs_Pantheon_g3,44,135,2565,76,0,41,4,8,4,0.0,8.0,0.0,170,False
Blue_Dragon_vs_Pantheon_g3,45,133,2565,76,0,42,4,8,4,0.0,9.333333333333334,0.0,190,False
Blue_Dragon_vs_Pantheon_g3,46,149,2570,77,0,43,4,8,4,0.0,9.333333333333334,0.0,200,False
Blue_Dragon_vs_Pantheon_g3,47,155,2575,77,0,44,4,8,4,0.0,9.333333333333334,0.0,210,False
Blue_Dragon_vs_Pantheon_g3,48,171,2580,77,0,45,4,8,4,0.0,8.666666666666666,0.0,220,False
Blue_Dragon_vs_Pantheon_g3,49,179,2580,77,0,46,4,8,4,0.0,10.0,0.0,240,False
Blue_Dragon_vs_Pantheon_g3,50,195,2585,77,0,47,4,8,4,0.0,9.333333333333334,0.0,240,False
Blue_Dragon_vs_Pantheon_g3,51,179,2605,78,0,48,4,8,4,0.0,10.0,0.0,250,False
Blue_Dragon_vs_Pantheon_g3,52,188,2615,78,0,49,4,8,4,0.0,8.666666666666666,0.0,250,False
Blue_Dragon_vs_Pantheon_g3,53,179,2625,78,0,50,4,10,5,0.0,10.0,0.0,270,False
Blue_Dragon_vs_Pantheon_g3,54,65,2865,85,0,51,4,10,5,0.0,10.0,0.0,280,False
Blue_Dragon_vs_Pantheon_g3,55,73,2870,86,0,52,4,10,5,0.0,10.0,0.0,290,False
Blue_Dragon_vs_Pantheon_g3,56,93,2870,86,0,53,4,10,5,0.0,9.333333333333334,0.0,300,False
Blue_Dragon_vs_Pantheon_g3,57,103,2870,86,0,54,4,10,5,0.0,10.666666666666666,0.0,320,False
Blue_Dragon_vs_Pantheon_g3,58,121,2875,86,0,55,4,10,5,0.0,10.0,0.0,320,False
Blue_Dragon_vs_Pantheon_g3,59,121,2875,86,0,56,4,10,5,0.0,10.666666666666666,0.0,330,False
Blue_Dragon_vs_Pantheon_g3,60,141,2875,86,0,57,4,10,5,0.0,9.333333333333334,0.0,330,False
Blue_Dragon_vs_Pantheon_g3,61,137,2880,86,0,58,4,10,5,0.0,10.0,0.0,350,False
Blue_Dragon_vs_Pantheon_g3,62,153,2885,86,0,59,4,10,5,0.0,10.0,0.0,360,False
Blue_Dragon_vs_Pantheon_g3,63,159,2890,86,0,60,4,10,5,0.0,10.0,0.0,370,False
Blue_Dragon_vs_Pantheon_g3,64,177,2895,86,0,61,4,10,5,0.0,9.333333333333334,0.0,380,False
Blue_Dragon_vs_Pantheon_g3,65,175,2915,87,0,62,4,9,5,0.0,10.666666666666666,0.0,400,False
Blue_Dragon_vs_Pantheon_g3,66,185,2730,81,0,63,4,9,5,0.0,10.666666666666666,0.0,410,False
Blue_Dragon_vs_Pantheon_g3,67,141,2825,84,0,64,4,10,6,0.0,11.333333333333334,0.0,420,False
Blue_Dragon_vs_Pantheon_g3,68,105,2865,85,0,65,4,10,6,0.0,10.0,0.0,420,False
Blue_Dragon_vs_Pantheon_g3,69,105,2865,85,0,66,4,10,6,0.0,10.666666666666666,0.0,440,False
Blue_Dragon_vs_Pantheon_g3,70,123,2870,86,0,67,4,10,6,0.0,10.666666666666666,0.0,450,False
Blue_Dragon_vs_Pantheon_g3,71,133,2870,86,0,68,4,10,6,0.0,10.666666666666666,0.0,460,False
Blue_Dragon_vs_Pantheon_g3,72,153,2870,86,0,69,4,10,6,0.0,10.0,0.0,470,False
Blue_Dragon_vs_Pantheon_g3,73,163,2870,86,0,70,4,10,6,0.0,11.333333333333334,0.0,490,False
Blue_Dragon_vs_Pantheon_g3,74,183,2870,86,0,71,4,10,6,0.0,11.333333333333334,0.0,500,False
Blue_Dragon_vs_Pantheon_g3,75,193,2870,86,0,72,4,10,6,0.0,12.0,0.0,510,False
Blue_Dragon_vs_Pantheon_g3,76,211,2875,86,0,73,4,10,6,0.0,11.333333333333334,0.0,520,False
Blue_Dragon_vs_Pantheon_g3,77,221,2875,86,0,74,4,10,6,0.0,12.0,0.0,540,False
Blue_Dragon_vs_Pantheon_g3,78,239,2880,86,0,75,4,10,6,0.0,12.0,0.0,550,False
Blue_Dragon_vs_Pantheon_g3,79,237,2895,86,0,76,4,10,6,0.0,12.0,0.0,560,False
Blue_Dragon_vs_Pantheon_g3,80,247,2910,87,0,77,4,11,7,0.0,11.333333333333334,0.0,570,False
Blue_Dragon_vs_Pantheon_g3,81,197,2950,88,0,78,4,11,7,0.0,12.0,0.0,590,False
Blue_Dragon_vs_Pantheon_g3,82,207,2950,88,0,79,4,11,7,0.0,12.0,0.0,600,False
Blue_Dragon_vs_Pantheon_g3,83,209,2950,88,0,80,4,11,7,0.0,12.666666666666666,0.0,610,False
Blue_Dragon_vs_Pantheon_g3,84,219,2960,88,0,81,4,11,7,0.0,12.0,0.0,620,False
Blue_Dragon_vs_Pantheon_g3,85,227,2960,88,0,82,4,11,7,0.0,12.666666666666666,0.0,640,False
Blue_Dragon_vs_Pantheon_g3,86,243,2960,88,0,83,4,11,7,0.0,12.666666666666666,0.0,650,False
Blue_Dragon_vs_Pantheon_g3,87,253,2960,88,0,84,4,11,7,0.0,12.666666666666666,0.0,660,False
Blue_Dragon_vs_Pantheon_g3,88,273,2960,88,0,85,4,11,7,0.0,12.0,0.0,670,False
Blue_Dragon_vs_Pantheon_g3,89,283,2960,88,0,86,4,11,7,0.0,12.666666666666666,0.0,690,False
Blue_Dragon_vs_Pantheon_g3,90,301,2965,88,0,87,4,11,7,0.0,12.666666666666666,0.0,700,False
Blue_Dragon_vs_Pantheon_g3,91,311,2965,88,0,88,4,11,7,0.0,12.666666666666666,0.0,710,False
Blue_Dragon_vs_Pantheon_g3,92,331,2965,88,0,89,4,11,7,0.0,12.0,0.0,720,False
Blue_Dragon_vs_Pantheon_g3,93,335,2970,89,0,90,4,11,7,0.0,12.0,0.0,730,False
Blue_Dragon_vs_Pantheon_g3,94,335,2980,89,0,91,4,11,7,0.0,12.666666666666666,0.0,750,False
Blue_Dragon_vs_Pantheon_g3,95,355,2980,89,0,92,4,11,7,0.0,13.333333333333334,0.0,770,False
Blue_Dragon_vs_Pantheon_g3,96,377,2990,89,0,93,4,11,7,0.0,12.666666666666666,0.0,780,False
Blue_Dragon_vs_Pantheon_g3,97,377,3000,90,0,94,4,11,7,0.0,13.333333333333334,0.0,800,False
Blue_Dragon_vs_Pantheon_g3,98,385,3015,90,0,95,4,12,8,0.0,14.0,0.0,820,False
Blue_Dragon_vs_Pantheon_g3,99,342,3070,92,0,96,4,12,8,-1.595959595959596,14.666666666666666,8.484848484848484,840,False
Blue_Dragon_vs_Pantheon_g3,100,356,3080,92,0,97,4,12,8,-1.1515151515151516,14.0,8.585858585858587,850,False
Blue_Dragon_vs_Pantheon_g3,101,348,3100,93,0,98,4,12,8,-0.8585858585858586,14.0,8.686868686868687,860,False
Blue_Dragon_vs_Pantheon_g3,102,232,3300,99,0,99,4,12,8,-1.5858585858585859,14.666666666666666,8.88888888888889,880,False
Blue_Dragon_vs_Pantheon_g3,103,249,3305,99,0,100,4,12,8,-1.0,15.333333333333334,9.090909090909092,900,False
Blue_Dragon_vs_Pantheon_g3,104,279,3305,99,0,101,4,12,8,-0.6666666666666666,14.666666666666666,9.191919191919192,910,False
Blue_Dragon_vs_Pantheon_g3,105,289,3305,99,0,102,4,12,8,-0.5353535353535354,15.333333333333334,9.393939393939394,930,False
Blue_Dragon_vs_Pantheon_g3,106,309,3305,99,0,103,4,12,8,-0.26262626262626265,16.0,9.595959595959595,950,False
Blue_Dragon_vs_Pantheon_g3,107,327,3305,99,0,104,4,12,8,-0.1111111111111111,16.666666666666668,9.797979797979798,970,False
Blue_Dragon_vs_Pantheon_g3,108,355,3305,99,0,105,4,12,8,0.24242424242424243,16.666666666666668,9.8989898989899,980,False
Blue_Dragon_vs_Pantheon_g3,109,365,3305,99,0,106,4,12,8,0.46464646464646464,16.0,10.0,990,False
Blue_Dragon_vs_Pantheon_g3,110,373,3305,99,0,107,4,12,8,0.6666666666666666,16.0,10.202020202020202,1010,False
Blue_Dragon_vs_Pantheon_g3,111,393,3305,99,0,108,4,12,8,1.2323232323232323,16.666666666666668,10.404040404040405,1030,False
Blue_Dragon_vs_Pantheon_g3,112,423,3305,99,0,109,4,12,8,1.7373737373737375,16.0,10.505050505050505,1040,False
Blue_Dragon_vs_Pantheon_g3,113,430,3310,99,0,110,4,12,8,2.01010101010101,16.0,10.707070707070708,1060,False
Blue_Dragon_vs_Pantheon_g3,114,439,3320,99,0,111,4,13,9,2.6262626262626263,16.0,10.909090909090908,1080,False
Blue_Dragon_vs_Pantheon_g3,115,393,3365,100,0,112,4,13,9,2.2626262626262625,16.666666666666668,11.11111111111111,1100,False
Blue_Dragon_vs_Pantheon_g3,116,420,3370,101,0,113,4,13,9,3.111111111111111,17.333333333333332,11.313131313131313,1120,False
Blue_Dragon_vs_Pantheon_g3,117,440,3370,101,0,114,4,13,9,3.515151515151515,16.666666666666668,11.414141414141413,1130,False
Blue_Dragon_vs_Pantheon_g3,118,450,3370,101,0,115,4,13,9,3.797979797979798,16.666666666666668,11.616161616161616,1150,False
Blue_Dragon_vs_Pantheon_g3,119,470,3370,101,0,116,4,13,9,4.08080808080808,17.333333333333332,11.818181818181818,1170,False
Blue_Dragon_vs_Pantheon_g3,120,498,3370,101,0,117,4,13,9,4.575757575757576,17.333333333333332,11.919191919191919,1190,False
Blue_Dragon_vs_Pantheon_g3,121,518,3370,101,0,118,4,13,9,4.838383838383838,17.333333333333332,12.121212121212121,1210,False
Blue_Dragon_vs_Pantheon_g3,122,538,3370,101,0,119,4,14,9,5.1313131313131315,17.333333333333332,12.323232323232324,1230,True
Blue_Dragon_vs_Pantheon_g3,123,444,3580,107,0,1,5,14,9,4.171717171717172,18.0,12.525252525252526,1250,False
Blue_Dragon_vs_Pantheon_g3,124,471,3585,107,0,2,5,14,9,4.5353535353535355,18.0,12.424242424242424,1260,False
Blue_Dragon_vs_Pantheon_g3,125,481,3585,107,0,3,5,14,9,4.454545454545454,18.0,12.626262626262626,1280,False
Blue_Dragon_vs_Pantheon_g3,126,499,3585,107,0,4,5,14,9,4.7272727272727275,18.0,12.828282828282829,1300,False
Blue_Dragon_vs_Pantheon_g3,127,519,3585,107,0,5,5,14,9,4.828282828282828,18.666666666666668,13.030303030303031,1320,False
Blue_Dragon_vs_Pantheon_g3,128,549,3585,107,0,6,5,14,9,5.1313131313131315,18.666666666666668,13.030303030303031,1340,False
Blue_Dragon_vs_Pantheon_g3,129,566,3590,107,0,7,5,15,9,5.121212121212121,18.0,13.131313131313131,1350,True
Blue_Dragon_vs_Pantheon_g3,130,469,3790,113,0,1,6,15,9,4.141414141414141,18.0,13.232323232323232,1370,False
Blue_Dragon_vs_Pantheon_g3,131,489,3790,113,0,2,6,15,9,4.626262626262626,18.0,13.333333333333334,1390,False
Blue_Dragon_vs_Pantheon_g3,132,494,3810,114,0,3,6,15,9,4.616161616161616,18.666666666666668,13.333333333333334,1410,False
Blue_Dragon_vs_Pantheon_g3,133,422,3920,117,0,4,6,15,9,3.7474747474747474,18.666666666666668,13.535353535353535,1430,False
Blue_Dragon_vs_Pantheon_g3,134,439,3925,117,0,5,6,15,9,3.95959595959596,18.666666666666668,13.636363636363637,1450,False
Blue_Dragon_vs_Pantheon_g3,135,456,3930,117,0,6,6,15,9,3.9494949494949494,18.666666666666668,13.83838383838384,1470,False
Blue_Dragon_vs_Pantheon_g3,136,461,3950,118,0,7,6,15,9,4.0,18.0,13.737373737373737,1480,False
Blue_Dragon_vs_Pantheon_g3,137,446,3970,119,0,8,6,17,11,3.6666666666666665,18.0,13.93939393939394,1500,False
Blue_Dragon_vs_Pantheon_g3,138,296,4065,121,0,9,6,18,11,2.1717171717171717,18.0,14.04040404040404,1520,False
Blue_Dragon_vs_Pantheon_g3,139,109,4350,130,0,10,6,18,11,0.10101010101010101,18.666666666666668,14.141414141414142,1540,False
Blue_Dragon_vs_Pantheon_g3,140,126,4355,130,0,11,6,18,11,0.1919191919191919,18.666666666666668,14.141414141414142,1560,False
Blue_Dragon_vs_Pantheon_g3,141,133,4365,130,0,12,6,18,11,0.08080808080808081,18.0,14.242424242424242,1570,False
Blue_Dragon_vs_Pantheon_g3,142,130,4375,131,0,13,6,18,11,0.1111111111111111,18.0,14.343434343434344,1590,False
Blue_Dragon_vs_Pantheon_g3,143,137,4385,131,0,14,6,18,11,0.020202020202020204,18.0,14.545454545454545,1610,False
Blue_Dragon_vs_Pantheon_g3,144,163,4390,131,0,15,6,18,11,0.30303030303030304,18.666666666666668,14.545454545454545,1630,False
Blue_Dragon_vs_Pantheon_g3,145,179,4395,131,0,16,6,18,11,0.30303030303030304,18.666666666666668,14.646464646464647,1650,False
Blue_Dragon_vs_Pantheon_g3,146,191,4405,132,0,17,6,18,11,0.36363636363636365,18.666666666666668,14.747474747474747,1670,False
Blue_Dragon_vs_Pantheon_g3,147,207,4410,132,0,18,6,18,11,0.36363636363636365,18.666666666666668,14.848484848484848,1690,False
Blue_Dragon_vs_Pantheon_g3,148,233,4415,132,0,19,6,18,11,0.5454545454545454,18.0,14.747474747474747,1700,False
Blue_Dragon_vs_Pantheon_g3,149,239,4420,132,0,20,6,18,11,0.4444444444444444,18.0,14.94949494949495,1720,False
Blue_Dragon_vs_Pantheon_g3,150,255,4425,132,0,21,6,18,11,0.7676767676767676,18.0,15.05050505050505,1740,False
Blue_Dragon_vs_Pantheon_g3,151,263,4440,133,0,22,6,18,11,0.7575757575757576,18.666666666666668,15.252525252525253,1760,False
Blue_Dragon_vs_Pantheon_g3,152,272,4450,133,0,23,6,18,11,0.9393939393939394,18.666666666666668,15.252525252525253,1780,False
Blue_Dragon_vs_Pantheon_g3,153,284,4460,133,0,24,6,18,11,2.212121212121212,18.666666666666668,15.353535353535353,1800,False
Blue_Dragon_vs_Pantheon_g3,154,292,4475,134,0,25,6,18,11,2.212121212121212,18.666666666666668,15.454545454545455,1820,False
Blue_Dragon_vs_Pantheon_g3,155,291,4490,134,0,26,6,18,11,2.0,18.666666666666668,15.555555555555555,1840,False
Blue_Dragon_vs_Pantheon_g3,156,315,4495,134,0,27,6,18,11,2.1414141414141414,19.333333333333332,15.555555555555555,1860,False
Blue_Dragon_vs_Pantheon_g3,157,325,4505,135,0,28,6,18,11,2.0606060606060606,19.333333333333332,15.757575757575758,1880,False
Blue_Dragon_vs_Pantheon_g3,158,328,4515,135,0,29,6,18,11,2.090909090909091,19.333333333333332,15.858585858585858,1900,False
Blue_Dragon_vs_Pantheon_g3,159,344,4520,135,0,30,6,18,11,2.0505050505050506,19.333333333333332,16.060606060606062,1920,False
Blue_Dragon_vs_Pantheon_g3,160,351,4535,136,0,31,6,18,11,2.1616161616161618,19.333333333333332,16.060606060606062,1940,False
Blue_Dragon_vs_Pantheon_g3,161,340,4550,136,0,32,6,18,11,1.8888888888888888,19.333333333333332,16.161616161616163,1960,False
Blue_Dragon_vs_Pantheon_g3,162,346,4555,136,0,33,6,18,11,1.8888888888888888,19.333333333333332,16.262626262626263,1980,False
Blue_Dragon_vs_Pantheon_g3,163,349,4570,137,0,34,6,18,11,1.7373737373737375,20.0,16.363636363636363,2000,False
Blue_Dragon_vs_Pantheon_g3,164,379,4570,137,0,35,6,18,11,2.0606060606060606,20.0,16.363636363636363,2020,False
Blue_Dragon_vs_Pantheon_g3,165,381,4585,137,0,36,6,18,11,1.97979797979798,20.0,16.464646464646464,2040,False
Blue_Dragon_vs_Pantheon_g3,166,387,4595,137,0,37,6,18,11,2.484848484848485,20.0,16.565656565656564,2060,False
Blue_Dragon_vs_Pantheon_g3,167,404,4595,137,0,38,6,18,11,3.0202020202020203,20.0,16.767676767676768,2080,False
Blue_Dragon_vs_Pantheon_g3,168,433,4595,137,0,39,6,18,11,3.313131313131313,20.0,16.767676767676768,2100,False
Blue_Dragon_vs_Pantheon_g3,169,438,4605,138,0,40,6,18,11,3.1818181818181817,20.0,16.86868686868687,2120,False
Blue_Dragon_vs_Pantheon_g3,170,445,4615,138,0,41,6,19,12,3.1515151515151514,20.0,16.96969696969697,2140,False
Blue_Dragon_vs_Pantheon_g3,171,371,4660,139,0,42,6,19,12,2.202020202020202,20.0,17.07070707070707,2160,False
Blue_Dragon_vs_Pantheon_g3,172,393,4670,140,0,43,6,19,12,2.323232323232323,20.0,17.07070707070707,2180,False
Blue_Dragon_vs_Pantheon_g3,173,412,4670,140,0,44,6,19,12,2.313131313131313,20.0,17.171717171717173,2200,False
Blue_Dragon_vs_Pantheon_g3,174,429,4670,140,0,45,6,19,12,2.3838383838383836,20.0,17.272727272727273,2220,False
Blue_Dragon_vs_Pantheon_g3,175,444,4670,140,0,46,6,19,12,2.3535353535353534,20.0,17.373737373737374,2240,False
Blue_Dragon_vs_Pantheon_g3,176,471,4670,140,0,47,6,19,12,2.525252525252525,20.0,17.373737373737374,2260,False
Blue_Dragon_vs_Pantheon_g3,177,490,4670,140,0,48,6,19,12,2.5353535353535355,20.0,17.474747474747474,2280,False
Blue_Dragon_vs_Pantheon_g3,178,497,4670,140,0,49,6,19,12,2.6262626262626263,20.0,17.575757575757574,2300,False
Blue_Dragon_vs_Pantheon_g3,179,497,4685,140,0,50,6,19,12,2.525252525252525,20.0,17.67676767676768,2320,False
Blue_Dragon_vs_Pantheon_g3,180,513,4690,140,0,51,6,19,12,3.191919191919192,20.0,17.67676767676768,2340,False
Blue_Dragon_vs_Pantheon_g3,181,530,4690,140,0,52,6,19,12,3.2626262626262625,20.0,17.77777777777778,2360,False
Blue_Dragon_vs_Pantheon_g3,182,545,4690,140,0,53,6,19,12,3.393939393939394,20.0,17.87878787878788,2380,False
Blue_Dragon_vs_Pantheon_g3,183,548,4700,141,0,54,6,19,12,3.323232323232323,20.0,17.97979797979798,2400,False
Blue_Dragon_vs_Pantheon_g3,184,575,4700,141,0,55,6,19,12,3.515151515151515,20.0,17.97979797979798,2420,False
Blue_Dragon_vs_Pantheon_g3,185,589,4705,141,0,56,6,19,12,3.494949494949495,20.0,18.08080808080808,2440,False
Blue_Dragon_vs_Pantheon_g3,186,590,4710,141,0,57,6,19,12,3.404040404040404,20.0,18.181818181818183,2460,False
Blue_Dragon_vs_Pantheon_g3,187,591,4720,141,0,58,6,19,12,3.212121212121212,20.0,18.282828282828284,2480,False
Blue_Dragon_vs_Pantheon_g3,188,602,4730,141,0,59,6,19,12,3.2222222222222223,20.0,18.282828282828284,2500,False
Blue_Dragon_vs_Pantheon_g3,189,602,4735,142,0,60,6,19,12,3.04040404040404,20.0,18.383838383838384,2520,False
Blue_Dragon_vs_Pantheon_g3,190,604,4735,142,0,61,6,19,12,2.95959595959596,20.0,18.484848484848484,2540,False
Blue_Dragon_vs_Pantheon_g3,191,604,4745,142,0,62,6,19,12,2.757575757575758,20.0,18.585858585858585,2560,False
Blue_Dragon_vs_Pantheon_g3,192,613,4755,142,0,63,6,19,12,2.808080808080808,20.0,18.68686868686869,2580,False
Blue_Dragon_vs_Pantheon_g3,193,611,4770,143,0,64,6,19,12,2.787878787878788,20.0,18.68686868686869,2600,False
Blue_Dragon_vs_Pantheon_g3,194,608,4785,143,0,65,6,19,12,2.5555555555555554,20.0,18.68686868686869,2620,False
Blue_Dragon_vs_Pantheon_g3,195,527,4880,146,0,66,6,19,12,1.5151515151515151,20.0,18.78787878787879,2640,False
Blue_Dragon_vs_Pantheon_g3,196,551,4880,146,0,67,6,19,12,1.7575757575757576,20.0,18.78787878787879,2660,False
Blue_Dragon_vs_Pantheon_g3,197,563,4880,146,0,68,6,19,12,1.797979797979798,20.0,18.78787878787879,2680,False
Blue_Dragon_vs_Pantheon_g3,198,577,4880,146,0,69,6,20,12,2.3737373737373737,20.0,18.78787878787879,2700,False
Blue_Dragon_vs_Pantheon_g3,199,437,5085,152,0,70,6,20,12,0.8181818181818182,20.0,18.88888888888889,2720,False
Blue_Dragon_vs_Pantheon_g3,200,467,5085,152,0,71,6,20,12,1.202020202020202,20.0,18.98989898989899,2740,False
Blue_Dragon_vs_Pantheon_g3,201,482,5090,152,0,72,6,20,12,2.525252525252525,20.0,18.98989898989899,2760,False
Blue_Dragon_vs_Pantheon_g3,202,501,5090,152,0,73,6,20,12,2.5454545454545454,20.0,18.98989898989899,2780,False
Blue_Dragon_vs_Pantheon_g3,203,515,5095,152,0,74,6,20,12,2.3838383838383836,20.0,19.09090909090909,2800,False
Blue_Dragon_vs_Pantheon_g3,204,543,5095,152,0,75,6,20,12,2.5656565656565657,20.0,19.09090909090909,2820,False
Blue_Dragon_vs_Pantheon_g3,205,546,5100,153,0,76,6,20,12,2.393939393939394,20.0,19.09090909090909,2840,False
Blue_Dragon_vs_Pantheon_g3,206,560,5100,153,0,77,6,20,12,2.3535353535353534,20.0,19.09090909090909,2860,False
Blue_Dragon_vs_Pantheon_g3,207,577,5100,153,0,78,6,20,12,2.242424242424242,20.0,19.19191919191919,2880,False
Blue_Dragon_vs_Pantheon_g3,208,590,5105,153,0,79,6,20,12,2.272727272727273,20.0,19.292929292929294,2900,False
Blue_Dragon_vs_Pantheon_g3,209,595,5115,153,0,80,6,20,12,2.242424242424242,20.0,19.292929292929294,2920,False
Blue_Dragon_vs_Pantheon_g3,210,599,5125,153,0,81,6,20,12,2.080808080808081,20.0,19.292929292929294,2940,False
Blue_Dragon_vs_Pantheon_g3,211,600,5130,153,0,82,6,20,12,1.7878787878787878,20.0,19.393939393939394,2960,False
Blue_Dragon_vs_Pantheon_g3,212,609,5140,154,0,83,6,20,12,1.8080808080808082,20.0,19.393939393939394,2980,False
Blue_Dragon_vs_Pantheon_g3,213,608,5140,154,0,84,6,20,12,1.707070707070707,20.0,19.393939393939394,3000,False
Blue_Dragon_vs_Pantheon_g3,214,596,5155,154,0,85,6,19,12,2.0505050505050506,20.0,19.393939393939394,3020,False
Blue_Dragon_vs_Pantheon_g3,215,597,4955,148,0,86,6,19,12,1.7878787878787878,20.0,19.393939393939394,3040,False
Blue_Dragon_vs_Pantheon_g3,216,524,5055,151,0,87,6,19,12,0.8484848484848485,20.0,19.494949494949495,3060,False
Blue_Dragon_vs_Pantheon_g3,217,525,5065,151,0,88,6,19,12,0.7575757575757576,20.0,19.494949494949495,3080,False
Blue_Dragon_vs_Pantheon_g3,218,527,5070,152,0,89,6,19,12,0.5757575757575758,20.0,19.494949494949495,3100,False
Blue_Dragon_vs_Pantheon_g3,219,527,5080,152,0,90,6,19,12,0.29292929292929293,20.0,19.494949494949495,3120,False
Blue_Dragon_vs_Pantheon_g3,220,538,5085,152,0,91,6,19,12,0.20202020202020202,20.0,19.494949494949495,3140,False
Blue_Dragon_vs_Pantheon_g3,221,537,5090,152,0,92,6,19,12,-0.010101010101010102,20.0,19.494949494949495,3160,False
Blue_Dragon_vs_Pantheon_g3,222,525,5110,153,0,93,6,19,12,0.8181818181818182,20.0,19.494949494949495,3180,False
Blue_Dragon_vs_Pantheon_g3,223,525,5120,153,0,94,6,19,12,0.5454545454545454,20.0,19.595959595959595,3200,False
Blue_Dragon_vs_Pantheon_g3,224,538,5130,153,0,95,6,19,12,0.5757575757575758,20.666666666666668,19.696969696969695,3230,False
Blue_Dragon_vs_Pantheon_g3,225,551,5140,154,0,96,6,19,12,0.5252525252525253,21.333333333333332,19.7979797979798,3260,False
Blue_Dragon_vs_Pantheon_g3,226,574,5140,154,0,97,6,19,12,0.5555555555555556,22.0,19.8989898989899,3290,False
Blue_Dragon_vs_Pantheon_g3,227,598,5140,154,0,98,6,19,12,0.494949494949495,22.666666666666668,20.0,3320,False
Blue_Dragon_vs_Pantheon_g3,228,630,5140,154,0,99,6,19,12,0.6464646464646465,23.333333333333332,20.2020202020202,3350,False
Blue_Dragon_vs_Pantheon_g3,229,652,5140,154,0,100,6,19,12,1.8484848484848484,24.0,20.303030303030305,3380,False
Blue_Dragon_vs_Pantheon_g3,230,674,5140,154,0,101,6,19,12,1.8686868686868687,24.666666666666668,20.404040404040405,3410,False
Blue_Dragon_vs_Pantheon_g3,231,698,5140,154,0,102,6,19,12,2.0606060606060606,25.333333333333332,20.505050505050505,3440,False
Blue_Dragon_vs_Pantheon_g3,232,732,5140,154,0,103,6,20,12,3.1313131313131315,26.0,20.606060606060606,3470,True
Blue_Dragon_vs_Pantheon_g3,233,604,5340,160,0,1,7,20,12,1.6666666666666667,26.666666666666668,20.707070707070706,3500,False
Blue_Dragon_vs_Pantheon_g3,234,631,5340,160,0,2,7,20,12,1.7676767676767677,26.666666666666668,20.707070707070706,3520,False
Blue_Dragon_vs_Pantheon_g3,235,647,5340,160,0,3,7,20,12,1.878787878787879,26.666666666666668,20.80808080808081,3540,False
Blue_Dragon_vs_Pantheon_g3,236,675,5340,160,0,4,7,20,12,2.313131313131313,27.333333333333332,20.90909090909091,3570,False
Blue_Dragon_vs_Pantheon_g3,237,703,5340,160,0,5,7,20,12,4.111111111111111,27.333333333333332,20.90909090909091,3590,False
Blue_Dragon_vs_Pantheon_g3,238,719,5340,160,0,6,7,21,13,6.161616161616162,28.0,21.01010101010101,3620,False
Blue_Dragon_vs_Pantheon_g3,239,641,5390,161,0,7,7,21,13,5.202020202020202,28.0,21.11111111111111,3650,False
Blue_Dragon_vs_Pantheon_g3,240,672,5385,161,0,8,7,21,13,5.444444444444445,28.0,21.31313131313131,3680,False
Blue_Dragon_vs_Pantheon_g3,241,683,5390,161,0,9,7,22,14,5.585858585858586,27.333333333333332,21.31313131313131,3700,False
Blue_Dragon_vs_Pantheon_g3,242,594,5430,162,0,10,7,22,14,4.616161616161616,26.666666666666668,21.31313131313131,3720,False
Blue_Dragon_vs_Pantheon_g3,243,610,5430,162,0,11,7,22,14,4.515151515151516,26.0,21.31313131313131,3740,False
Blue_Dragon_vs_Pantheon_g3,244,638,5430,162,0,12,7,22,14,4.636363636363637,25.333333333333332,21.31313131313131,3760,False
Blue_Dragon_vs_Pantheon_g3,245,654,5430,162,0,13,7,22,14,4.6767676767676765,24.666666666666668,21.31313131313131,3780,False
Blue_Dragon_vs_Pantheon_g3,246,672,5430,162,0,14,7,22,14,4.696969696969697,24.666666666666668,21.414141414141415,3810,False
Blue_Dragon_vs_Pantheon_g3,247,700,5430,162,0,15,7,22,14,4.717171717171717,24.666666666666668,21.616161616161616,3840,False
Blue_Dragon_vs_Pantheon_g3,248,739,5430,162,0,16,7,22,14,5.05050505050505,24.666666666666668,21.717171717171716,3870,False
Blue_Dragon_vs_Pantheon_g3,249,767,5430,162,0,17,7,23,14,5.171717171717172,24.666666666666668,21.717171717171716,3890,True
Blue_Dragon_vs_Pantheon_g3,250,619,5630,168,0,1,8,23,14,3.595959595959596,24.666666666666668,21.717171717171716,3910,False
Blue_Dragon_vs_Pantheon_g3,251,619,5635,169,0,2,8,23,14,3.505050505050505,24.0,21.717171717171716,3930,False
Blue_Dragon_vs_Pantheon_g3,252,645,5635,169,0,3,8,23,14,3.6464646464646466,24.666666666666668,21.818181818181817,3960,False
Blue_Dragon_vs_Pantheon_g3,253,668,5635,169,0,4,8,23,14,3.797979797979798,24.0,21.818181818181817,3980,False
Blue_Dragon_vs_Pantheon_g3,254,679,5635,169,0,5,8,23,14,3.919191919191919,24.0,21.91919191919192,4010,False
Blue_Dragon_vs_Pantheon_g3,255,697,5640,169,0,6,8,23,14,3.8585858585858586,24.0,22.02020202020202,4040,False
Blue_Dragon_vs_Pantheon_g3,256,719,5645,169,0,7,8,23,14,3.9797979797979797,24.0,22.02020202020202,4060,False
Blue_Dragon_vs_Pantheon_g3,257,732,5650,169,0,8,8,23,14,4.08080808080808,24.0,22.02020202020202,4080,False
Blue_Dragon_vs_Pantheon_g3,258,751,5650,169,0,9,8,23,14,4.111111111111111,24.666666666666668,22.12121212121212,4110,False
Blue_Dragon_vs_Pantheon_g3,259,775,5650,169,0,10,8,24,14,4.282828282828283,25.333333333333332,22.22222222222222,4140,True
Blue_Dragon_vs_Pantheon_g3,260,640,5855,175,0,1,9,24,14,3.0303030303030303,26.0,22.32323232323232,4170,False
Blue_Dragon_vs_Pantheon_g3,261,663,5855,175,0,2,9,24,14,3.202020202020202,25.333333333333332,22.32323232323232,4190,False
Blue_Dragon_vs_Pantheon_g3,262,680,5855,175,0,3,9,24,14,3.3434343434343434,25.333333333333332,22.424242424242426,4220,False
Blue_Dragon_vs_Pantheon_g3,263,689,5860,175,0,4,9,24,14,3.1313131313131315,25.333333333333332,22.525252525252526,4250,False
Blue_Dragon_vs_Pantheon_g3,264,719,5870,176,0,5,9,24,14,3.414141414141414,25.333333333333332,22.525252525252526,4270,False
Blue_Dragon_vs_Pantheon_g3,265,696,5895,176,0,6,9,24,14,3.121212121212121,25.333333333333332,22.525252525252526,4290,False
Blue_Dragon_vs_Pantheon_g3,266,695,5900,177,0,7,9,24,14,2.9393939393939394,26.0,22.626262626262626,4320,False
Blue_Dragon_vs_Pantheon_g3,267,698,5910,177,0,8,9,24,14,2.676767676767677,26.0,22.727272727272727,4350,False
Blue_Dragon_vs_Pantheon_g3,268,715,5915,177,0,9,9,24,14,2.797979797979798,26.666666666666668,22.828282828282827,4380,False
Blue_Dragon_vs_Pantheon_g3,269,736,5920,177,0,10,9,24,14,2.9393939393939394,26.666666666666668,22.92929292929293,4410,False
Blue_Dragon_vs_Pantheon_g3,270,713,5950,178,0,11,9,24,14,3.4545454545454546,26.666666666666668,23.03030303030303,4440,False
Blue_Dragon_vs_Pantheon_g3,271,736,5955,178,0,12,9,24,14,3.4646464646464645,27.333333333333332,23.13131313131313,4470,False
Blue_Dragon_vs_Pantheon_g3,272,740,5970,179,0,13,9,24,14,3.313131313131313,28.0,23.232323232323232,4500,False
Blue_Dragon_vs_Pantheon_g3,273,764,5975,179,0,14,9,24,14,3.3838383838383836,27.333333333333332,23.232323232323232,4520,False
Blue_Dragon_vs_Pantheon_g3,274,777,5980,179,0,15,9,24,14,3.3636363636363638,27.333333333333332,23.333333333333332,4550,False
Blue_Dragon_vs_Pantheon_g3,275,800,5985,179,0,16,9,25,14,3.323232323232323,27.333333333333332,23.434343434343436,4580,True
Blue_Dragon_vs_Pantheon_g3,276,659,6185,185,0,1,10,25,14,1.707070707070707,28.0,23.535353535353536,4610,False
Blue_Dragon_vs_Pantheon_g3,277,669,6195,185,0,2,10,25,14,1.7373737373737375,27.333333333333332,23.535353535353536,4630,False
Blue_Dragon_vs_Pantheon_g3,278,683,6195,185,0,3,10,25,14,1.878787878787879,27.333333333333332,23.636363636363637,4660,False
Blue_Dragon_vs_Pantheon_g3,279,688,6210,186,0,4,10,25,14,1.7676767676767677,28.0,23.737373737373737,4690,False
Blue_Dragon_vs_Pantheon_g3,280,726,6210,186,0,5,10,25,14,1.97979797979798,28.666666666666668,23.838383838383837,4720,False
Blue_Dragon_vs_Pantheon_g3,281,754,6210,186,0,6,10,25,14,2.111111111111111,28.666666666666668,23.939393939393938,4750,False
Blue_Dragon_vs_Pantheon_g3,282,782,6210,186,0,7,10,25,14,2.3636363636363638,28.666666666666668,24.04040404040404,4780,False
Blue_Dragon_vs_Pantheon_g3,283,808,6210,186,0,8,10,25,14,2.3535353535353534,28.666666666666668,24.141414141414142,4810,False
Blue_Dragon_vs_Pantheon_g3,284,822,6220,186,0,9,10,25,14,2.3535353535353534,28.666666666666668,24.242424242424242,4840,False
Blue_Dragon_vs_Pantheon_g3,285,832,6225,186,0,10,10,26,14,2.4444444444444446,28.0,24.242424242424242,4860,True
Blue_Dragon_vs_Pantheon_g3,286,664,6425,192,0,1,11,26,14,0.7373737373737373,28.0,24.343434343434343,4890,False
Blue_Dragon_vs_Pantheon_g3,287,690,6425,192,0,2,11,26,14,0.8888888888888888,28.0,24.444444444444443,4920,False
Blue_Dragon_vs_Pantheon_g3,288,721,6425,192,0,3,11,26,14,1.202020202020202,28.666666666666668,24.545454545454547,4950,False
Blue_Dragon_vs_Pantheon_g3,289,742,6425,192,0,4,11,27,14,1.393939393939394,28.666666666666668,24.646464646464647,4980,False
Blue_Dragon_vs_Pantheon_g3,290,572,6625,198,0,5,11,27,14,-0.32323232323232326,28.0,24.646464646464647,5000,False
Blue_Dragon_vs_Pantheon_g3,291,586,6625,198,0,6,11,27,14,-0.2727272727272727,27.333333333333332,24.646464646464647,5020,False
Blue_Dragon_vs_Pantheon_g3,292,613,6625,198,0,7,11,27,14,0.020202020202020204,28.0,24.747474747474747,5050,False
Blue_Dragon_vs_Pantheon_g3,293,642,6625,198,0,8,11,27,14,0.3434343434343434,28.0,24.848484848484848,5080,False
Blue_Dragon_vs_Pantheon_g3,294,670,6625,198,0,9,11,27,14,1.4444444444444444,28.0,24.949494949494948,5110,False
Blue_Dragon_vs_Pantheon_g3,295,696,6625,198,0,10,11,28,14,1.4646464646464648,28.0,25.050505050505052,5140,False
Blue_Dragon_vs_Pantheon_g3,296,538,6825,204,0,11,11,28,14,-0.25252525252525254,28.0,25.151515151515152,5170,False
Blue_Dragon_vs_Pantheon_g3,297,567,6825,204,0,12,11,27,14,-0.10101010101010101,28.0,25.252525252525253,5200,False
Blue_Dragon_vs_Pantheon_g3,298,596,6625,198,0,13,11,27,14,1.606060606060606,28.0,25.353535353535353,5230,False
Blue_Dragon_vs_Pantheon_g3,299,624,6625,198,0,14,11,28,14,1.5858585858585859,28.0,25.454545454545453,5260,False
Blue_Dragon_vs_Pantheon_g3,300,596,6725,201,0,15,11,28,14,1.1515151515151516,28.666666666666668,25.555555555555557,5290,False
Blue_Dragon_vs_Pantheon_g3,301,426,6725,201,0,16,11,27,14,-0.7575757575757576,28.666666666666668,25.656565656565657,5320,False
Blue_Dragon_vs_Pantheon_g3,302,382,6530,195,0,17,11,28,14,-1.3434343434343434,28.666666666666668,25.757575757575758,5350,False
Blue_Dragon_vs_Pantheon_g3,303,347,6630,198,0,18,11,28,14,-1.97979797979798,28.666666666666668,25.858585858585858,5380,False
Blue_Dragon_vs_Pantheon_g3,304,384,6630,198,0,19,11,28,14,-1.6363636363636365,28.666666666666668,25.95959595959596,5410,False
Blue_Dragon_vs_Pantheon_g3,305,410,6630,198,0,20,11,28,14,-1.5151515151515151,29.333333333333332,26.060606060606062,5440,False
Blue_Dragon_vs_Pantheon_g3,306,437,6630,198,0,21,11,30,14,-1.4141414141414141,30.0,26.161616161616163,5470,False
Blue_Dragon_vs_Pantheon_g3,307,255,6930,207,0,22,11,29,14,-3.3838383838383836,30.0,26.262626262626263,5500,False
Blue_Dragon_vs_Pantheon_g3,308,290,6830,204,0,23,11,30,14,-3.080808080808081,30.0,26.363636363636363,5530,False
Blue_Dragon_vs_Pantheon_g3,309,250,6930,207,0,24,11,30,14,-3.525252525252525,30.0,26.464646464646464,5560,False
Blue_Dragon_vs_Pantheon_g3,310,277,6930,207,0,25,11,30,14,-3.2626262626262625,30.0,26.565656565656564,5590,False
Blue_Dragon_vs_Pantheon_g3,311,304,6930,207,0,26,11,29,14,-3.080808080808081,30.0,26.666666666666668,5620,False
Blue_Dragon_vs_Pantheon_g3,312,333,6835,205,0,27,11,29,14,-2.7777777777777777,30.0,26.767676767676768,5650,False
Blue_Dragon_vs_Pantheon_g3,313,345,6845,205,0,28,11,29,14,-2.5353535353535355,30.0,26.86868686868687,5680,False
Blue_Dragon_vs_Pantheon_g3,314,345,6855,205,0,29,11,28,14,-2.5454545454545454,30.0,26.96969696969697,5710,False
Blue_Dragon_vs_Pantheon_g3,315,373,6655,199,0,30,11,30,14,-1.5252525252525253,30.0,27.07070707070707,5740,False
Blue_Dragon_vs_Pantheon_g3,316,147,6955,208,0,31,11,29,14,-3.8181818181818183,30.0,27.171717171717173,5770,False
Blue_Dragon_vs_Pantheon_g3,317,172,6855,205,0,32,11,29,14,-3.585858585858586,30.0,27.272727272727273,5800,False
Blue_Dragon_vs_Pantheon_g3,318,134,6855,205,0,33,11,29,14,-3.9696969696969697,30.0,27.373737373737374,5830,False
Blue_Dragon_vs_Pantheon_g3,319,161,6850,205,0,34,11,29,14,-3.808080808080808,30.0,27.474747474747474,5860,False
Blue_Dragon_vs_Pantheon_g3,320,194,6855,205,0,35,11,29,14,-3.4646464646464645,30.0,27.575757575757574,5890,False
Blue_Dragon_vs_Pantheon_g3,321,222,6855,205,0,36,11,29,14,-3.0606060606060606,30.0,27.67676767676768,5920,False
Blue_Dragon_vs_Pantheon_g3,322,248,6855,205,0,37,11,29,14,-2.797979797979798,30.0,27.77777777777778,5950,False
Blue_Dragon_vs_Pantheon_g3,323,275,6855,205,0,38,11,30,14,-2.6565656565656566,30.0,27.77777777777778,5980,False
Blue_Dragon_vs_Pantheon_g3,324,245,6955,208,0,39,11,29,14,-3.090909090909091,30.0,27.77777777777778,6010,False
Blue_Dragon_vs_Pantheon_g3,325,273,6755,202,0,40,11,29,14,-3.04040404040404,30.0,27.77777777777778,6040,False
Blue_Dragon_vs_Pantheon_g3,326,300,6755,202,0,41,11,29,14,-3.01010101010101,30.0,27.77777777777778,6070,False
Blue_Dragon_vs_Pantheon_g3,327,326,6755,202,0,42,11,29,14,-3.0707070707070705,30.0,27.77777777777778,6100,False
Blue_Dragon_vs_Pantheon_g3,328,364,6755,202,0,43,11,29,14,-2.909090909090909,30.0,27.77777777777778,6130,False
Blue_Dragon_vs_Pantheon_g3,329,389,6755,202,0,44,11,29,14,-2.878787878787879,30.0,27.77777777777778,6160,False
Blue_Dragon_vs_Pantheon_g3,330,411,6755,202,0,45,11,28,14,-2.898989898989899,30.0,27.77777777777778,6190,False
Blue_Dragon_vs_Pantheon_g3,331,436,6655,199,0,46,11,28,14,-2.98989898989899,30.0,27.77777777777778,6220,False
Blue_Dragon_vs_Pantheon_g3,332,408,6655,199,0,47,11,30,14,-1.97979797979798,30.0,27.77777777777778,6250,False
Blue_Dragon_vs_Pantheon_g3,333,306,6855,205,0,48,11,30,14,-3.282828282828283,30.0,27.87878787878788,6280,False
Blue_Dragon_vs_Pantheon_g3,334,330,6855,205,0,49,11,30,14,-3.202020202020202,30.0,27.97979797979798,6310,False
Blue_Dragon_vs_Pantheon_g3,335,357,6855,205,0,50,11,31,15,-3.212121212121212,30.0,27.97979797979798,6340,False
Blue_Dragon_vs_Pantheon_g3,336,258,6895,206,0,51,11,32,15,-4.494949494949495,30.0,28.08080808080808,6370,False
Blue_Dragon_vs_Pantheon_g3,337,81,7085,212,0,52,11,32,15,-6.444444444444445,30.0,28.08080808080808,6400,False
Blue_Dragon_vs_Pantheon_g3,338,105,7085,212,0,53,11,33,15,-5.414141414141414,30.0,28.08080808080808,6430,False
Blue_Dragon_vs_Pantheon_g3,339,64,7185,215,0,54,11,33,15,-6.141414141414141,30.0,28.08080808080808,6460,False
Blue_Dragon_vs_Pantheon_g3,340,94,7190,215,0,55,11,35,15,-5.94949494949495,30.0,28.181818181818183,6490,False
Blue_Dragon_vs_Pantheon_g3,341,93,7395,221,0,56,11,35,15,-5.0606060606060606,30.0,28.282828282828284,6520,False
Blue_Dragon_vs_Pantheon_g3,342,118,7395,221,0,57,11,35,15,-4.96969696969697,30.0,28.383838383838384,6550,False
Blue_Dragon_vs_Pantheon_g3,343,142,7395,221,0,58,11,35,15,-5.01010101010101,30.0,28.484848484848484,6580,False
Blue_Dragon_vs_Pantheon_g3,344,177,7395,221,0,59,11,35,15,-4.818181818181818,30.0,28.585858585858585,6610,False
Blue_Dragon_vs_Pantheon_g3,345,202,7395,221,0,60,11,35,15,-4.747474747474747,30.0,28.585858585858585,6640,False
Blue_Dragon_vs_Pantheon_g3,346,204,7395,221,0,61,11,36,15,-5.01010101010101,30.0,28.585858585858585,6670,False
Blue_Dragon_vs_Pantheon_g3,347,218,7495,224,0,62,11,37,15,-5.262626262626263,30.0,28.585858585858585,6700,False
Blue_Dragon_vs_Pantheon_g3,348,43,7695,230,0,63,11,37,15,-7.313131313131313,30.0,28.68686868686869,6730,False
Blue_Dragon_vs_Pantheon_g3,349,70,7695,230,0,64,11,38,15,-5.545454545454546,30.0,28.78787878787879,6760,False
Blue_Dragon_vs_Pantheon_g3,350,81,7800,234,0,65,11,38,15,-5.434343434343434,30.0,28.88888888888889,6790,False
Blue_Dragon_vs_Pantheon_g3,351,36,7800,234,0,66,11,37,15,-6.151515151515151,30.0,28.88888888888889,6820,False
Blue_Dragon_vs_Pantheon_g3,352,75,7700,231,0,67,11,38,15,-5.98989898989899,30.0,28.98989898989899,6850,False
Blue_Dragon_vs_Pantheon_g3,353,31,7800,234,0,68,11,38,15,-6.545454545454546,30.0,28.98989898989899,6880,False
Blue_Dragon_vs_Pantheon_g3,354,57,7800,234,0,69,11,38,15,-6.4646464646464645,30.0,28.98989898989899,6910,False
Blue_Dragon_vs_Pantheon_g3,355,84,7800,234,0,70,11,39,15,-6.414141414141414,30.0,29.09090909090909,6940,False
Blue_Dragon_vs_Pantheon_g3,356,101,7895,236,0,71,11,40,15,-6.373737373737374,30.0,29.19191919191919,6970,False
Blue_Dragon_vs_Pantheon_g3,357,56,7995,239,0,72,11,40,15,-7.02020202020202,30.0,29.19191919191919,7000,False
Blue_Dragon_vs_Pantheon_g3,358,83,7995,239,0,73,11,40,15,-6.98989898989899,30.0,29.19191919191919,7030,False
Blue_Dragon_vs_Pantheon_g3,359,110,7995,239,0,74,11,40,15,-5.353535353535354,30.0,29.19191919191919,7060,False
Blue_Dragon_vs_Pantheon_g3,360,149,7995,239,0,75,11,41,15,-5.191919191919192,30.0,29.292929292929294,7090,False
Blue_Dragon_vs_Pantheon_g3,361,103,8095,242,0,76,11,40,15,-5.828282828282828,30.0,29.292929292929294,7120,False
Blue_Dragon_vs_Pantheon_g3,362,128,7995,239,0,77,11,41,15,-5.666666666666667,30.0,29.292929292929294,7150,False
Blue_Dragon_vs_Pantheon_g3,363,83,8095,242,0,78,11,41,15,-6.424242424242424,30.0,29.393939393939394,7180,False
Blue_Dragon_vs_Pantheon_g3,364,122,8095,242,0,79,11,41,15,-5.797979797979798,30.0,29.494949494949495,7210,False
Blue_Dragon_vs_Pantheon_g3,365,149,8095,242,0,80,11,41,15,-5.515151515151516,30.0,29.494949494949495,7240,False
Blue_Dragon_vs_Pantheon_g3,366,175,8095,242,0,81,11,42,15,-5.282828282828283,30.0,29.494949494949495,7270,False
Blue_Dragon_vs_Pantheon_g3,367,187,8195,245,0,82,11,42,15,-5.333333333333333,30.0,29.494949494949495,7300,False
Blue_Dragon_vs_Pantheon_g3,368,207,8195,245,0,83,11,44,15,-5.343434343434343,30.0,29.494949494949495,7330,False
Blue_Dragon_vs_Pantheon_g3,369,147,8395,251,0,84,11,43,15,-5.717171717171717,30.0,29.494949494949495,7360,False
Blue_Dragon_vs_Pantheon_g3,370,169,8195,245,0,85,11,44,15,-5.7272727272727275,30.0,29.494949494949495,7390,False
Blue_Dragon_vs_Pantheon_g3,371,116,8295,248,0,86,11,44,15,-6.303030303030303,30.0,29.494949494949495,7420,False
Blue_Dragon_vs_Pantheon_g3,372,149,8295,248,0,87,11,45,15,-6.212121212121212,30.0,29.595959595959595,7450,False
Blue_Dragon_vs_Pantheon_g3,373,163,8395,251,0,88,11,44,15,-6.202020202020202,30.0,29.595959595959595,7480,False
Blue_Dragon_vs_Pantheon_g3,374,179,8300,249,0,89,11,45,15,-6.2727272727272725,30.0,29.595959595959595,7510,False
Blue_Dragon_vs_Pantheon_g3,375,123,8400,252,0,90,11,46,15,-5.414141414141414,30.0,29.595959595959595,7540,False
Blue_Dragon_vs_Pantheon_g3,376,79,8505,255,0,91,11,47,15,-5.959595959595959,30.0,29.696969696969695,7570,False
Blue_Dragon_vs_Pantheon_g3,377,94,8605,258,0,92,11,47,15,-5.94949494949495,30.0,29.696969696969695,7600,False
Blue_Dragon_vs_Pantheon_g3,378,108,8605,258,0,93,11,48,15,-5.858585858585859,30.0,29.696969696969695,7630,False
Blue_Dragon_vs_Pantheon_g3,379,55,8710,261,0,94,11,47,15,-6.777777777777778,30.0,29.696969696969695,7660,False
Blue_Dragon_vs_Pantheon_g3,380,93,8610,258,0,95,11,48,15,-6.6767676767676765,30.0,29.696969696969695,7690,False
Blue_Dragon_vs_Pantheon_g3,381,41,8715,261,0,96,11,48,15,-7.484848484848484,30.0,29.696969696969695,7720,False
Blue_Dragon_vs_Pantheon_g3,382,68,8715,261,0,97,11,49,15,-7.474747474747475,30.0,29.696969696969695,7750,False
Blue_Dragon_vs_Pantheon_g3,383,84,8815,264,0,98,11,49,15,-7.454545454545454,30.0,29.696969696969695,7780,False
Blue_Dragon_vs_Pantheon_g3,384,115,8820,264,0,99,11,50,15,-7.242424242424242,30.0,29.7979797979798,7810,False
Blue_Dragon_vs_Pantheon_g3,385,68,8920,267,0,100,11,48,15,-6.02020202020202,30.0,29.7979797979798,7840,False
Blue_Dragon_vs_Pantheon_g3,386,96,8720,261,0,101,11,49,15,-6.0,30.0,29.7979797979798,7870,False
Blue_Dragon_vs_Pantheon_g3,387,49,8820,264,0,102,11,49,15,-6.787878787878788,30.0,29.7979797979798,7900,False
Blue_Dragon_vs_Pantheon_g3,388,87,8815,264,0,103,11,49,15,-6.616161616161616,30.0,29.7979797979798,7930,False
Blue_Dragon_vs_Pantheon_g3,389,110,8815,264,0,104,11,51,15,-4.666666666666667,30.0,29.8989898989899,7960,False
Blue_Dragon_vs_Pantheon_g3,390,107,9020,270,0,105,11,51,15,-4.838383838383838,30.0,30.0,7990,False
Blue_Dragon_vs_Pantheon_g3,391,122,9015,270,0,106,11,50,15,-4.959595959595959,30.0,30.0,8020,False
Blue_Dragon_vs_Pantheon_g3,392,158,8915,267,0,107,11,51,15,-4.888888888888889,30.0,30.0,8050,False
Blue_Dragon_vs_Pantheon_g3,393,106,9020,270,0,108,11,50,15,-5.696969696969697,30.0,30.0,8080,False
Blue_Dragon_vs_Pantheon_g3,394,123,8925,267,0,109,11,51,15,-5.787878787878788,30.0,30.0,8110,False
Blue_Dragon_vs_Pantheon_g3,395,62,9030,270,0,110,11,51,15,-4.808080808080808,30.0,30.0,8140,False
Blue_Dragon_vs_Pantheon_g3,396,92,9035,271,0,111,11,52,15,-4.797979797979798,30.0,30.0,8170,False
Blue_Dragon_vs_Pantheon_g3,397,36,9135,274,0,112,11,51,15,-5.656565656565657,30.0,30.0,8200,False
Blue_Dragon_vs_Pantheon_g3,398,62,9035,271,0,113,11,50,15,-5.6767676767676765,30.0,30.0,8230,False
Blue_Dragon_vs_Pantheon_g3,399,89,8935,268,0,114,11,51,15,-5.121212121212121,30.0,30.0,8260,False
Blue_Dragon_vs_Pantheon_g3,400,55,9035,271,0,115,11,51,15,-3.7474747474747474,30.0,30.0,8290,False
Blue_Dragon_vs_Pantheon_g3,401,75,9040,271,0,116,11,51,15,-3.101010101010101,30.0,30.0,8320,False
Blue_Dragon_vs_Pantheon_g3,402,103,9040,271,0,117,11,50,15,-2.4646464646464645,30.0,30.0,8350,False
Blue_Dragon_vs_Pantheon_g3,403,131,8940,268,0,118,11,51,15,-2.5555555555555554,30.0,30.0,8380,False
Blue_Dragon_vs_Pantheon_g3,404,157,9040,271,0,119,11,50,15,-2.5555555555555554,30.0,30.0,8410,False
Blue_Dragon_vs_Pantheon_g3,405,183,8940,268,0,120,11,51,15,-2.5656565656565657,30.0,30.0,8440,False
Blue_Dragon_vs_Pantheon_g3,406,138,9040,271,0,121,11,51,15,-1.1818181818181819,30.0,30.0,8470,False
Blue_Dragon_vs_Pantheon_g3,407,166,9040,271,0,122,11,50,15,-1.2525252525252526,30.0,30.0,8500,False
Blue_Dragon_vs_Pantheon_g3,408,202,8940,268,0,123,11,50,15,-0.48484848484848486,30.0,30.0,8530,False
Blue_Dragon_vs_Pantheon_g3,409,228,8940,268,0,124,11,49,15,-0.494949494949495,30.0,30.0,8560,False
Blue_Dragon_vs_Pantheon_g3,410,237,8845,265,0,125,11,50,15,-0.6767676767676768,30.0,30.0,8590,False
Blue_Dragon_vs_Pantheon_g3,411,44,9040,271,0,126,11,50,15,-2.919191919191919,30.0,30.0,8620,False
Blue_Dragon_vs_Pantheon_g3,412,77,9045,271,0,127,11,51,15,-2.707070707070707,30.0,30.0,8650,False
Blue_Dragon_vs_Pantheon_g3,413,32,9145,274,0,128,11,50,15,-3.1616161616161618,30.0,30.0,8680,False
Blue_Dragon_vs_Pantheon_g3,414,32,9055,271,0,129,11,50,15,-3.4444444444444446,30.0,30.0,8710,False
Blue_Dragon_vs_Pantheon_g3,415,53,9055,271,0,130,11,50,15,-0.9494949494949495,30.0,30.0,8740,False
Blue_Dragon_vs_Pantheon_g3,416,91,9055,271,0,131,11,51,15,-0.8181818181818182,30.0,30.0,8770,False
Blue_Dragon_vs_Pantheon_g3,417,33,9155,274,0,132,11,51,15,-1.02020202020202,30.0,30.0,8800,False
Blue_Dragon_vs_Pantheon_g3,418,61,9155,274,0,133,11,51,15,-1.0101010101010102,30.0,30.0,8830,False
Blue_Dragon_vs_Pantheon_g3,419,65,9160,274,0,134,11,51,15,-1.303030303030303,30.0,30.0,8860,False
Blue_Dragon_vs_Pantheon_g3,420,81,9170,275,0,135,11,53,15,-1.4242424242424243,30.0,30.0,8890,False
Blue_Dragon_vs_Pantheon_g3,421,88,9370,281,0,136,11,54,15,-1.6161616161616161,30.0,30.0,8920,False
Blue_Dragon_vs_Pantheon_g3,422,105,9465,283,0,137,11,54,15,-1.7171717171717171,30.0,30.0,8950,False
Blue_Dragon_vs_Pantheon_g3,423,132,9465,283,0,138,11,54,15,-1.1414141414141414,30.0,30.0,8980,False
Blue_Dragon_vs_Pantheon_g3,424,167,9465,283,0,139,11,55,15,-1.0707070707070707,30.0,30.0,9010,False
Blue_Dragon_vs_Pantheon_g3,425,174,9570,287,0,140,11,55,15,-1.2727272727272727,30.0,30.0,9040,False
Blue_Dragon_vs_Pantheon_g3,426,195,9570,287,0,141,11,55,15,-1.3232323232323233,30.0,30.0,9070,False
Blue_Dragon_vs_Pantheon_g3,427,142,9570,287,0,142,11,55,15,-2.242424242424242,30.0,30.0,9100,False
Blue_Dragon_vs_Pantheon_g3,428,178,9565,286,0,143,11,55,15,-2.1313131313131315,30.0,30.0,9130,False
Blue_Dragon_vs_Pantheon_g3,429,205,9565,286,0,144,11,55,15,-2.080808080808081,30.0,30.0,9160,False
Blue_Dragon_vs_Pantheon_g3,430,224,9565,286,0,145,11,56,15,-2.1414141414141414,30.0,30.0,9190,False
Blue_Dragon_vs_Pantheon_g3,431,30,9760,292,0,146,11,56,15,-3.8181818181818183,30.0,30.0,9220,False
Blue_Dragon_vs_Pantheon_g3,432,48,9770,293,0,147,11,56,15,-2.606060606060606,30.0,30.0,9250,False
Blue_Dragon_vs_Pantheon_g3,433,78,9770,293,0,148,11,58,15,-2.5454545454545454,30.0,30.0,9280,False
Blue_Dragon_vs_Pantheon_g3,434,81,9975,299,0,149,11,60,15,-2.787878787878788,30.0,30.0,9310,False
Blue_Dragon_vs_Pantheon_g3,435,82,10180,305,0,150,11,61,15,-1.7777777777777777,30.0,30.0,9340,False
Blue_Dragon_vs_Pantheon_g3,436,110,10275,308,0,151,11,61,15,0.29292929292929293,30.0,30.0,9370,False
Blue_Dragon_vs_Pantheon_g3,437,130,10280,308,0,152,11,61,15,0.25252525252525254,30.0,30.0,9400,False
Blue_Dragon_vs_Pantheon_g3,438,151,10285,308,0,153,11,62,15,0.8787878787878788,30.0,30.0,9430,False
Blue_Dragon_vs_Pantheon_g3,439,82,10395,311,0,154,11,63,15,-0.12121212121212122,30.0,30.0,9460,False
Blue_Dragon_vs_Pantheon_g3,440,109,10495,314,0,155,11,63,15,0.16161616161616163,30.0,30.0,9490,False
Blue_Dragon_vs_Pantheon_g3,441,135,10495,314,0,156,11,62,15,0.1717171717171717,30.0,30.0,9520,False
Blue_Dragon_vs_Pantheon_g3,442,164,10395,311,0,157,11,62,15,0.2222222222222222,30.0,30.0,9550,False
Blue_Dragon_vs_Pantheon_g3,443,190,10395,311,0,158,11,63,15,0.13131313131313133,30.0,30.0,9580,False
Blue_Dragon_vs_Pantheon_g3,444,193,10505,315,0,159,11,62,15,-0.09090909090909091,30.0,30.0,9610,False
Blue_Dragon_vs_Pantheon_g3,445,138,10310,309,0,160,11,62,15,-0.6666666666666666,30.0,30.0,9640,False
Blue_Dragon_vs_Pantheon_g3,446,166,10310,309,0,161,11,62,15,-0.5252525252525253,30.0,30.0,9670,False
Blue_Dragon_vs_Pantheon_g3,447,187,10315,309,0,162,11,63,15,1.4545454545454546,30.0,30.0,9700,False
Blue_Dragon_vs_Pantheon_g3,448,188,10430,312,0,163,11,62,15,1.1919191919191918,30.0,30.0,9730,False
Blue_Dragon_vs_Pantheon_g3,449,54,10435,313,0,164,11,62,15,-0.2727272727272727,30.0,30.0,9760,False
Blue_Dragon_vs_Pantheon_g3,450,55,10440,313,0,165,11,62,15,0.1919191919191919,30.0,30.0,9790,False
Blue_Dragon_vs_Pantheon_g3,451,81,10440,313,0,166,11,60,15,0.06060606060606061,30.0,30.0,9820,False
Blue_Dragon_vs_Pantheon_g3,452,90,10155,304,0,167,11,61,15,0.5959595959595959,30.0,30.0,9850,False
Blue_Dragon_vs_Pantheon_g3,453,47,10255,307,0,168,11,61,15,-0.10101010101010101,30.0,30.0,9880,False
Blue_Dragon_vs_Pantheon_g3,454,70,10255,307,0,169,11,60,15,-0.1414141414141414,30.0,30.0,9910,False
Blue_Dragon_vs_Pantheon_g3,455,86,10065,301,0,170,11,62,15,-0.15151515151515152,30.0,30.0,9940,False
Blue_Dragon_vs_Pantheon_g3,456,97,10270,308,0,171,11,63,15,0.41414141414141414,30.0,30.0,9970,False
Blue_Dragon_vs_Pantheon_g3,457,89,10385,311,0,172,11,63,15,0.06060606060606061,30.0,30.0,10000,False
Blue_Dragon_vs_Pantheon_g3,458,119,10385,311,0,173,11,63,15,0.09090909090909091,30.0,30.0,10030,False
Blue_Dragon_vs_Pantheon_g3,459,118,10395,311,0,174,11,61,15,-0.31313131313131315,30.0,30.0,10060,False
Blue_Dragon_vs_Pantheon_g3,460,158,10190,305,0,175,11,62,15,0.5555555555555556,30.0,30.0,10090,False
Blue_Dragon_vs_Pantheon_g3,461,106,10300,309,0,176,11,62,15,-0.2222222222222222,30.0,30.0,10120,False
Blue_Dragon_vs_Pantheon_g3,462,129,10295,308,0,177,11,62,15,0.46464646464646464,30.0,30.0,10150,False
Blue_Dragon_vs_Pantheon_g3,463,139,10300,309,0,178,11,62,15,0.1717171717171717,30.0,30.0,10180,False
Blue_Dragon_vs_Pantheon_g3,464,179,10300,309,0,179,11,62,15,0.30303030303030304,30.0,30.0,10210,False
Blue_Dragon_vs_Pantheon_g3,465,202,10305,309,0,180,11,62,15,0.2727272727272727,30.0,30.0,10240,False
Blue_Dragon_vs_Pantheon_g3,466,232,10305,309,0,181,11,62,15,0.45454545454545453,30.0,30.0,10270,False
Blue_Dragon_vs_Pantheon_g3,467,53,10395,311,0,182,11,62,15,-1.5555555555555556,30.0,30.0,10300,False
Blue_Dragon_vs_Pantheon_g3,468,93,10395,311,0,183,11,62,15,-0.5454545454545454,30.0,30.0,10330,False
Blue_Dragon_vs_Pantheon_g3,469,107,10405,312,0,184,11,62,15,-0.6262626262626263,30.0,30.0,10360,False
Blue_Dragon_vs_Pantheon_g3,470,135,10405,312,0,185,11,62,15,0.1919191919191919,30.0,30.0,10390,False
Blue_Dragon_vs_Pantheon_g3,471,165,10405,312,0,186,11,62,15,0.16161616161616163,30.0,30.0,10420,False
Blue_Dragon_vs_Pantheon_g3,472,184,10410,312,0,187,11,62,15,0.21212121212121213,30.0,30.0,10450,False
Blue_Dragon_vs_Pantheon_g3,473,72,10505,315,0,188,11,62,15,-1.0808080808080809,30.0,30.0,10480,False
Blue_Dragon_vs_Pantheon_g3,474,95,10510,315,0,189,11,62,15,-0.2828282828282828,30.0,30.0,10510,False
Blue_Dragon_vs_Pantheon_g3,475,104,10520,315,0,190,11,62,15,0.25252525252525254,30.0,30.0,10540,False
Blue_Dragon_vs_Pantheon_g3,476,142,10520,315,0,191,11,62,15,0.48484848484848486,30.0,30.0,10570,False
Blue_Dragon_vs_Pantheon_g3,477,149,10530,315,0,192,11,62,15,0.41414141414141414,30.0,30.0,10600,False
Blue_Dragon_vs_Pantheon_g3,478,158,10540,316,0,193,11,62,15,1.0404040404040404,30.0,30.0,10630,False
Blue_Dragon_vs_Pantheon_g3,479,188,10540,316,0,194,11,62,15,0.9595959595959596,30.0,30.0,10660,False
Blue_Dragon_vs_Pantheon_g3,480,226,10540,316,0,195,11,62,15,1.8686868686868687,30.0,30.0,10690,False
Blue_Dragon_vs_Pantheon_g3,481,40,10630,318,0,196,11,62,15,-0.2828282828282828,30.0,30.0,10720,False
Blue_Dragon_vs_Pantheon_g3,482,49,10640,319,0,197,11,62,15,-0.35353535353535354,30.0,30.0,10750,False
Blue_Dragon_vs_Pantheon_g3,483,79,10640,319,0,198,11,62,15,-0.36363636363636365,30.0,30.0,10780,False
Blue_Dragon_vs_Pantheon_g3,484,119,10640,319,0,199,11,62,15,0.5151515151515151,30.0,30.0,10810,False
Blue_Dragon_vs_Pantheon_g3,485,147,10640,319,0,200,11,63,15,0.5151515151515151,30.0,30.0,10840,False
Blue_Dragon_vs_Pantheon_g3,486,97,10745,322,0,201,11,63,15,0.48484848484848486,30.0,30.0,10870,False
Blue_Dragon_vs_Pantheon_g3,487,120,10745,322,0,202,11,64,15,0.3333333333333333,30.0,30.0,10900,False
Blue_Dragon_vs_Pantheon_g3,488,150,10845,325,0,203,11,64,15,0.40404040404040403,30.0,30.0,10930,False
Blue_Dragon_vs_Pantheon_g3,489,180,10845,325,0,204,11,64,15,0.7373737373737373,30.0,30.0,10960,False
Blue_Dragon_vs_Pantheon_g3,490,196,10855,325,0,205,11,65,15,0.7474747474747475,30.0,30.0,10990,False
Blue_Dragon_vs_Pantheon_g3,491,216,10955,328,0,206,11,65,15,0.5858585858585859,30.0,30.0,11020,False
Blue_Dragon_vs_Pantheon_g3,492,234,10955,328,0,207,11,66,15,1.292929292929293,30.0,30.0,11050,False
Blue_Dragon_vs_Pantheon_g3,493,41,11145,334,0,208,11,66,15,-0.8282828282828283,30.0,30.0,11080,False
Blue_Dragon_vs_Pantheon_g3,494,64,11150,334,0,209,11,67,15,0.020202020202020204,30.0,30.0,11110,False
Blue_Dragon_vs_Pantheon_g3,495,83,11250,337,0,210,11,67,15,-0.09090909090909091,30.0,30.0,11140,False
Blue_Dragon_vs_Pantheon_g3,496,46,11140,334,0,211,11,67,15,0.10101010101010101,30.0,30.0,11170,False
Blue_Dragon_vs_Pantheon_g3,497,74,11140,334,0,212,11,66,15,0.12121212121212122,30.0,30.0,11200,False
Blue_Dragon_vs_Pantheon_g3,498,103,10940,328,0,213,11,67,15,0.1414141414141414,30.0,30.0,11230,False
Blue_Dragon_vs_Pantheon_g3,499,123,11040,331,0,214,11,67,15,0.6868686868686869,30.0,30.0,11260,False
Blue_Dragon_vs_Pantheon_g3,500,141,11045,331,0,215,11,67,15,0.6666666666666666,30.0,30.0,11290,False
Blue_Dragon_vs_Pantheon_g3,501,127,11060,331,0,216,11,66,15,0.24242424242424243,30.0,30.0,11320,False
Blue_Dragon_vs_Pantheon_g3,502,136,10975,329,0,217,11,66,15,0.050505050505050504,30.0,30.0,11350,False
Blue_Dragon_vs_Pantheon_g3,503,159,10980,329,0,218,11,66,15,0.020202020202020204,30.0,30.0,11380,False
Blue_Dragon_vs_Pantheon_g3,504,178,10990,329,0,219,11,66,15,-0.050505050505050504,30.0,30.0,11410,False
Blue_Dragon_vs_Pantheon_g3,505,208,10990,329,0,220,11,66,15,0.7070707070707071,30.0,30.0,11440,False
Blue_Dragon_vs_Pantheon_g3,506,237,10990,329,0,221,11,67,15,0.7171717171717171,30.0,30.0,11470,False
Blue_Dragon_vs_Pantheon_g3,507,42,11185,335,0,222,11,67,15,-1.6161616161616161,30.0,30.0,11500,False
Blue_Dragon_vs_Pantheon_g3,508,82,11185,335,0,223,11,67,15,-1.4747474747474747,30.0,30.0,11530,False
Blue_Dragon_vs_Pantheon_g3,509,112,11185,335,0,224,11,66,15,-1.2626262626262625,30.0,30.0,11560,False
Blue_Dragon_vs_Pantheon_g3,510,142,10985,329,0,225,11,66,15,0.98989898989899,30.0,30.0,11590,False
Blue_Dragon_vs_Pantheon_g3,511,171,10985,329,0,226,11,66,15,0.9494949494949495,30.0,30.0,11620,False
Blue_Dragon_vs_Pantheon_g3,512,210,10985,329,0,227,11,66,15,1.797979797979798,30.0,30.0,11650,False
Blue_Dragon_vs_Pantheon_g3,513,240,10985,329,0,228,11,67,15,2.101010101010101,30.0,30.0,11680,False
Blue_Dragon_vs_Pantheon_g3,514,52,11175,335,0,229,11,67,15,-0.010101010101010102,30.0,30.0,11710,False
Blue_Dragon_vs_Pantheon_g3,515,53,11185,335,0,230,11,67,15,-0.3838383838383838,30.0,30.0,11740,False
Blue_Dragon_vs_Pantheon_g3,516,93,11185,335,0,231,11,67,15,0.6060606060606061,30.0,30.0,11770,False
Blue_Dragon_vs_Pantheon_g3,517,123,11185,335,0,232,11,67,15,0.6262626262626263,30.0,30.0,11800,False
Blue_Dragon_vs_Pantheon_g3,518,139,11195,335,0,233,11,67,15,0.7474747474747475,30.0,30.0,11830,False
Blue_Dragon_vs_Pantheon_g3,519,168,11195,335,0,234,11,67,15,0.8787878787878788,30.0,30.0,11860,False
Blue_Dragon_vs_Pantheon_g3,520,200,11200,336,0,235,11,67,15,1.1313131313131313,30.0,30.0,11890,False
Blue_Dragon_vs_Pantheon_g3,521,208,11205,336,0,236,11,67,15,1.0404040404040404,30.0,30.0,11920,False
Blue_Dragon_vs_Pantheon_g3,522,215,11210,336,0,237,11,67,15,0.8383838383838383,30.0,30.0,11950,False
Blue_Dragon_vs_Pantheon_g3,523,245,11210,336,0,238,11,68,15,0.7878787878787878,30.0,30.0,11980,False
Blue_Dragon_vs_Pantheon_g3,524,60,11400,342,0,239,11,68,15,-1.1515151515151516,30.0,30.0,12010,False
Blue_Dragon_vs_Pantheon_g3,525,90,11400,342,0,240,11,68,15,-1.0606060606060606,30.0,30.0,12040,False
Blue_Dragon_vs_Pantheon_g3,526,113,11405,342,0,241,11,68,15,-0.29292929292929293,30.0,30.0,12070,False
Blue_Dragon_vs_Pantheon_g3,527,136,11410,342,0,242,11,68,15,-0.42424242424242425,30.0,30.0,12100,False
Blue_Dragon_vs_Pantheon_g3,528,169,11415,342,0,243,11,68,15,-0.36363636363636365,30.0,30.0,12130,False
Blue_Dragon_vs_Pantheon_g3,529,175,11420,342,0,244,11,68,15,-0.494949494949495,30.0,30.0,12160,False
Blue_Dragon_vs_Pantheon_g3,530,205,11420,342,0,245,11,68,15,1.7676767676767677,30.0,30.0,12190,False
Blue_Dragon_vs_Pantheon_g3,531,235,11420,342,0,246,11,69,15,1.8888888888888888,30.0,30.0,12220,False
Blue_Dragon_vs_Pantheon_g3,532,44,11615,348,0,247,11,68,15,-0.3434343434343434,30.0,30.0,12250,False
Blue_Dragon_vs_Pantheon_g3,533,74,11515,345,0,248,11,68,15,-0.0707070707070707,30.0,30.0,12280,False
Blue_Dragon_vs_Pantheon_g3,534,97,11520,345,0,249,11,68,15,0.15151515151515152,30.0,30.0,12310,False
Blue_Dragon_vs_Pantheon_g3,535,120,11525,345,0,250,11,68,15,0.10101010101010101,30.0,30.0,12340,False
Blue_Dragon_vs_Pantheon_g3,536,160,11525,345,0,251,11,68,15,0.30303030303030304,30.0,30.0,12370,False
Blue_Dragon_vs_Pantheon_g3,537,190,11525,345,0,252,11,67,15,0.3939393939393939,30.0,30.0,12400,False
Blue_Dragon_vs_Pantheon_g3,538,197,11330,339,0,253,11,67,15,1.1616161616161615,30.0,30.0,12430,False
Blue_Dragon_vs_Pantheon_g3,539,227,11330,339,0,254,11,67,15,1.1919191919191918,30.0,30.0,12460,False
Blue_Dragon_vs_Pantheon_g3,540,267,11330,339,0,255,11,68,15,1.3333333333333333,30.0,30.0,12490,False
Blue_Dragon_vs_Pantheon_g3,541,69,11520,345,0,256,11,68,15,-0.9595959595959596,30.0,30.0,12520,False
Blue_Dragon_vs_Pantheon_g3,542,99,11520,345,0,257,11,68,15,-0.9191919191919192,30.0,30.0,12550,False
Blue_Dragon_vs_Pantheon_g3,543,122,11525,345,0,258,11,68,15,-0.7171717171717171,30.0,30.0,12580,False
Blue_Dragon_vs_Pantheon_g3,544,162,11525,345,0,259,11,67,15,0.24242424242424243,30.0,30.0,12610,False
Blue_Dragon_vs_Pantheon_g3,545,190,11325,339,0,260,11,65,15,0.24242424242424243,30.0,30.0,12640,False
Blue_Dragon_vs_Pantheon_g3,546,220,10925,327,0,261,11,65,15,0.3333333333333333,30.0,30.0,12670,False
Blue_Dragon_vs_Pantheon_g3,547,229,10935,328,0,262,11,66,15,0.41414141414141414,30.0,30.0,12700,False
Blue_Dragon_vs_Pantheon_g3,548,46,11130,333,0,263,11,65,15,-0.08080808080808081,30.0,30.0,12730,False
Blue_Dragon_vs_Pantheon_g3,549,76,10930,327,0,264,11,65,15,0.21212121212121213,30.0,30.0,12760,False
Blue_Dragon_vs_Pantheon_g3,550,106,10930,327,0,265,11,65,15,0.25252525252525254,30.0,30.0,12790,False
Blue_Dragon_vs_Pantheon_g3,551,134,10930,327,0,266,11,65,15,0.4444444444444444,30.0,30.0,12820,False
Blue_Dragon_vs_Pantheon_g3,552,174,10930,327,0,267,11,65,15,1.2828282828282829,30.0,30.0,12850,False
Blue_Dragon_vs_Pantheon_g3,553,204,10930,327,0,268,11,65,15,1.3535353535353536,30.0,30.0,12880,False
Blue_Dragon_vs_Pantheon_g3,554,234,10930,327,0,269,11,66,15,1.494949494949495,30.0,30.0,12910,False
Blue_Dragon_vs_Pantheon_g3,555,48,11130,333,0,270,11,65,15,-0.494949494949495,30.0,30.0,12940,False
Blue_Dragon_vs_Pantheon_g3,556,88,10930,327,0,271,11,65,15,-0.010101010101010102,30.0,30.0,12970,False
Blue_Dragon_vs_Pantheon_g3,557,117,10930,327,0,272,11,65,15,-0.020202020202020204,30.0,30.0,13000,False
Blue_Dragon_vs_Pantheon_g3,558,133,10940,328,0,273,11,65,15,0.15151515151515152,30.0,30.0,13030,False
Blue_Dragon_vs_Pantheon_g3,559,163,10940,328,0,274,11,65,15,0.050505050505050504,30.0,30.0,13060,False
Blue_Dragon_vs_Pantheon_g3,560,196,10945,328,0,275,11,65,15,0.9090909090909091,30.0,30.0,13090,False
Blue_Dragon_vs_Pantheon_g3,561,226,10945,328,0,276,11,66,15,0.9797979797979798,30.0,30.0,13120,False
Blue_Dragon_vs_Pantheon_g3,562,39,11145,334,0,277,11,65,15,-1.0101010101010102,30.0,30.0,13150,False
Blue_Dragon_vs_Pantheon_g3,563,68,10945,328,0,278,11,65,15,-1.121212121212121,30.0,30.0,13180,False
Blue_Dragon_vs_Pantheon_g3,564,108,10945,328,0,279,11,65,15,-0.9494949494949495,30.0,30.0,13210,False
Blue_Dragon_vs_Pantheon_g3,565,138,10945,328,0,280,11,65,15,-0.9494949494949495,30.0,30.0,13240,False
Blue_Dragon_vs_Pantheon_g3,566,168,10945,328,0,281,11,64,15,1.1616161616161615,30.0,30.0,13270,False
Blue_Dragon_vs_Pantheon_g3,567,197,10745,322,0,282,11,64,15,1.0505050505050506,30.0,30.0,13300,False
Blue_Dragon_vs_Pantheon_g3,568,237,10745,322,0,283,11,65,15,1.3131313131313131,30.0,30.0,13330,False
Blue_Dragon_vs_Pantheon_g3,569,49,10940,328,0,284,11,64,15,-0.8686868686868687,30.0,30.0,13360,False
Blue_Dragon_vs_Pantheon_g3,570,79,10740,322,0,285,11,64,15,-0.8686868686868687,30.0,30.0,13390,False
Blue_Dragon_vs_Pantheon_g3,571,102,10745,322,0,286,11,64,15,-0.8282828282828283,30.0,30.0,13420,False
Blue_Dragon_vs_Pantheon_g3,572,142,10745,322,0,287,11,64,15,0.7070707070707071,30.0,30.0,13450,False
Blue_Dragon_vs_Pantheon_g3,573,172,10745,322,0,288,11,64,15,0.7777777777777778,30.0,30.0,13480,False
Blue_Dragon_vs_Pantheon_g3,574,195,10750,322,0,289,11,64,15,0.9191919191919192,30.0,30.0,13510,False
Blue_Dragon_vs_Pantheon_g3,575,225,10750,322,0,290,11,65,15,0.8383838383838383,30.0,30.0,13540,False
Blue_Dragon_vs_Pantheon_g3,576,47,10945,328,0,291,11,65,15,-1.0303030303030303,30.0,30.0,13570,False
Blue_Dragon_vs_Pantheon_g3,577,77,10945,328,0,292,11,65,15,-0.8181818181818182,30.0,30.0,13600,False
Blue_Dragon_vs_Pantheon_g3,578,107,10945,328,0,293,11,65,15,-0.8181818181818182,30.0,30.0,13630,False
Blue_Dragon_vs_Pantheon_g3,579,136,10945,328,0,294,11,65,15,-0.9090909090909091,30.0,30.0,13660,False
Blue_Dragon_vs_Pantheon_g3,580,175,10945,328,0,295,11,65,15,1.3636363636363635,30.0,30.0,13690,False
Blue_Dragon_vs_Pantheon_g3,581,205,10945,328,0,296,11,65,15,1.5757575757575757,30.0,30.0,13720,False
Blue_Dragon_vs_Pantheon_g3,582,234,10945,328,0,297,11,66,15,1.5656565656565657,30.0,30.0,13750,False
Blue_Dragon_vs_Pantheon_g3,583,47,11145,334,0,298,11,65,15,-0.7272727272727273,30.0,30.0,13780,False
Blue_Dragon_vs_Pantheon_g3,584,64,10955,328,0,299,11,65,15,-0.8383838383838383,30.0,30.0,13810,False
Blue_Dragon_vs_Pantheon_g3,585,94,10955,328,0,300,11,65,15,-0.030303030303030304,30.0,30.0,13840,False
Blue_Dragon_vs_Pantheon_g3,586,121,10955,328,0,301,11,65,15,0.010101010101010102,30.0,30.0,13870,False
Blue_Dragon_vs_Pantheon_g3,587,148,10955,328,0,302,11,65,15,-0.020202020202020204,30.0,30.0,13900,False
Blue_Dragon_vs_Pantheon_g3,588,166,10965,328,0,303,11,65,15,-0.1414141414141414,30.0,30.0,13930,False
Blue_Dragon_vs_Pantheon_g3,589,174,10975,329,0,304,11,65,15,-0.2222222222222222,30.0,30.0,13960,False
Blue_Dragon_vs_Pantheon_g3,590,203,10975,329,0,305,11,65,15,-0.13131313131313133,30.0,30.0,13990,False
Blue_Dragon_vs_Pantheon_g3,591,212,10985,329,0,306,11,65,15,-0.2222222222222222,30.0,30.0,14020,False
Blue_Dragon_vs_Pantheon_g3,592,249,10985,329,0,307,11,65,15,2.101010101010101,30.0,30.0,14050,False
Blue_Dragon_vs_Pantheon_g3,593,61,10985,329,0,308,11,64,15,-0.030303030303030304,30.0,30.0,14080,False
Blue_Dragon_vs_Pantheon_g3,594,67,10795,323,0,309,11,64,15,-0.16161616161616163,30.0,30.0,14110,False
Blue_Dragon_vs_Pantheon_g3,595,97,10795,323,0,310,11,64,15,0.5151515151515151,30.0,30.0,14140,False
Blue_Dragon_vs_Pantheon_g3,596,136,10795,323,0,311,11,64,15,0.6262626262626263,30.0,30.0,14170,False
Blue_Dragon_vs_Pantheon_g3,597,165,10795,323,0,312,11,64,15,0.6262626262626263,30.0,30.0,14200,False
Blue_Dragon_vs_Pantheon_g3,598,195,10795,323,0,313,11,64,15,0.7272727272727273,30.0,30.0,14230,False
Blue_Dragon_vs_Pantheon_g3,599,217,10800,324,0,314,11,65,15,0.7676767676767676,30.0,30.0,14260,False
Blue_Dragon_vs_Pantheon_g3,600,44,11000,330,0,315,11,64,15,-0.8383838383838383,30.0,30.0,14290,False
Blue_Dragon_vs_Pantheon_g3,601,73,10800,324,0,316,11,64,15,-0.6363636363636364,30.0,30.0,14320,False
Blue_Dragon_vs_Pantheon_g3,602,103,10800,324,0,317,11,64,15,-0.5656565656565656,30.0,30.0,14350,False
Blue_Dragon_vs_Pantheon_g3,603,133,10800,324,0,318,11,64,15,-0.45454545454545453,30.0,30.0,14380,False
Blue_Dragon_vs_Pantheon_g3,604,173,10800,324,0,319,11,64,15,-0.35353535353535354,30.0,30.0,14410,False
Blue_Dragon_vs_Pantheon_g3,605,201,10800,324,0,320,11,64,15,-0.36363636363636365,30.0,30.0,14440,False
Blue_Dragon_vs_Pantheon_g3,606,231,10800,324,0,321,11,65,15,1.9090909090909092,30.0,30.0,14470,False
Blue_Dragon_vs_Pantheon_g3,607,48,10990,329,0,322,11,64,15,-0.3434343434343434,30.0,30.0,14500,False
Blue_Dragon_vs_Pantheon_g3,608,88,10790,323,0,323,11,64,15,-0.24242424242424243,30.0,30.0,14530,False
Blue_Dragon_vs_Pantheon_g3,609,110,10795,323,0,324,11,64,15,-0.32323232323232326,30.0,30.0,14560,False
Blue_Dragon_vs_Pantheon_g3,610,140,10795,323,0,325,11,64,15,-0.31313131313131315,30.0,30.0,14590,False
Blue_Dragon_vs_Pantheon_g3,611,148,10805,324,0,326,11,64,15,-0.6262626262626263,30.0,30.0,14620,False
Blue_Dragon_vs_Pantheon_g3,612,167,10810,324,0,327,11,64,15,-0.7373737373737373,30.0,30.0,14650,False
Blue_Dragon_vs_Pantheon_g3,613,196,10810,324,0,328,11,64,15,1.4545454545454546,30.0,30.0,14680,False
Blue_Dragon_vs_Pantheon_g3,614,226,10810,324,0,329,11,65,15,1.7474747474747474,30.0,30.0,14710,False
Blue_Dragon_vs_Pantheon_g3,615,42,11010,330,0,330,11,64,15,-0.5151515151515151,30.0,30.0,14740,False
Blue_Dragon_vs_Pantheon_g3,616,82,10810,324,0,331,11,64,15,-0.41414141414141414,30.0,30.0,14770,False
Blue_Dragon_vs_Pantheon_g3,617,104,10815,324,0,332,11,64,15,-0.35353535353535354,30.0,30.0,14800,False
Blue_Dragon_vs_Pantheon_g3,618,134,10815,324,0,333,11,64,15,-0.3434343434343434,30.0,30.0,14830,False
Blue_Dragon_vs_Pantheon_g3,619,163,10815,324,0,334,11,64,15,-0.37373737373737376,30.0,30.0,14860,False
Blue_Dragon_vs_Pantheon_g3,620,203,10815,324,0,335,11,64,15,-0.050505050505050504,30.0,30.0,14890,False
Blue_Dragon_vs_Pantheon_g3,621,232,10815,324,0,336,11,65,15,0.1717171717171717,30.0,30.0,14920,False
Blue_Dragon_vs_Pantheon_g3,622,49,11015,330,0,337,11,64,15,-1.97979797979798,30.0,30.0,14950,False
Blue_Dragon_vs_Pantheon_g3,623,78,10815,324,0,338,11,64,15,0.18181818181818182,30.0,30.0,14980,False
Blue_Dragon_vs_Pantheon_g3,624,118,10815,324,0,339,11,64,15,0.2828282828282828,30.0,30.0,15010,False
Blue_Dragon_vs_Pantheon_g3,625,147,10815,324,0,340,11,64,15,0.3434343434343434,30.0,30.0,15040,False
Blue_Dragon_vs_Pantheon_g3,626,177,10815,324,0,341,11,64,15,0.41414141414141414,30.0,30.0,15070,False
Blue_Dragon_vs_Pantheon_g3,627,206,10815,324,0,342,11,64,15,0.37373737373737376,30.0,30.0,15100,False
Blue_Dragon_vs_Pantheon_g3,628,246,10815,324,0,343,11,65,15,0.7171717171717171,30.0,30.0,15130,False
Blue_Dragon_vs_Pantheon_g3,629,62,11015,330,0,344,11,64,15,-1.4444444444444444,30.0,30.0,15160,False
Blue_Dragon_vs_Pantheon_g3,630,92,10815,324,0,345,11,64,15,-1.4444444444444444,30.0,30.0,15190,False
Blue_Dragon_vs_Pantheon_g3,631,121,10815,324,0,346,11,64,15,0.7777777777777778,30.0,30.0,15220,False
Blue_Dragon_vs_Pantheon_g3,632,160,10815,324,0,347,11,64,15,0.8686868686868687,30.0,30.0,15250,False
Blue_Dragon_vs_Pantheon_g3,633,190,10815,324,0,348,11,64,15,0.9393939393939394,30.0,30.0,15280,False
Blue_Dragon_vs_Pantheon_g3,634,219,10815,324,0,349,11,65,15,1.0,30.0,30.0,15310,False
Blue_Dragon_vs_Pantheon_g3,635,35,11015,330,0,350,11,64,15,-1.2626262626262625,30.0,30.0,15340,False
Blue_Dragon_vs_Pantheon_g3,636,75,10815,324,0,351,11,64,15,-1.1616161616161615,30.0,30.0,15370,False
Blue_Dragon_vs_Pantheon_g3,637,104,10815,324,0,352,11,64,15,-0.9393939393939394,30.0,30.0,15400,False
Blue_Dragon_vs_Pantheon_g3,638,133,10815,324,0,353,11,64,15,-0.9494949494949495,30.0,30.0,15430,False
Blue_Dragon_vs_Pantheon_g3,639,163,10815,324,0,354,11,64,15,-1.0505050505050506,30.0,30.0,15460,False
Blue_Dragon_vs_Pantheon_g3,640,202,10815,324,0,355,11,64,15,1.3434343434343434,30.0,30.0,15490,False
Blue_Dragon_vs_Pantheon_g3,641,232,10815,324,0,356,11,65,15,1.3434343434343434,30.0,30.0,15520,False
Blue_Dragon_vs_Pantheon_g3,642,48,11015,330,0,357,11,64,15,-0.7474747474747475,30.0,30.0,15550,False
Blue_Dragon_vs_Pantheon_g3,643,78,10815,324,0,358,11,64,15,-0.8484848484848485,30.0,30.0,15580,False
Blue_Dragon_vs_Pantheon_g3,644,117,10815,324,0,359,11,64,15,-0.7373737373737373,30.0,30.0,15610,False
Blue_Dragon_vs_Pantheon_g3,645,147,10815,324,0,360,11,64,15,-0.7373737373737373,30.0,30.0,15640,False
Blue_Dragon_vs_Pantheon_g3,646,176,10815,324,0,361,11,64,15,-0.5353535353535354,30.0,30.0,15670,False
Blue_Dragon_vs_Pantheon_g3,647,206,10815,324,0,362,11,64,15,1.6161616161616161,30.0,30.0,15700,False
Blue_Dragon_vs_Pantheon_g3,648,245,10815,324,0,363,11,65,15,1.707070707070707,30.0,30.0,15730,False
Blue_Dragon_vs_Pantheon_g3,649,55,11010,330,0,364,11,64,15,-0.5151515151515151,30.0,30.0,15760,False
Blue_Dragon_vs_Pantheon_g3,650,77,10815,324,0,365,11,64,15,-0.5757575757575758,30.0,30.0,15790,False
Blue_Dragon_vs_Pantheon_g3,651,86,10825,324,0,366,11,64,15,-0.8888888888888888,30.0,30.0,15820,False
Blue_Dragon_vs_Pantheon_g3,652,104,10835,325,0,367,11,64,15,-1.0101010101010102,30.0,30.0,15850,False
Blue_Dragon_vs_Pantheon_g3,653,134,10835,325,0,368,11,64,15,-1.0101010101010102,30.0,30.0,15880,False
Blue_Dragon_vs_Pantheon_g3,654,156,10840,325,0,369,11,64,15,1.0909090909090908,30.0,30.0,15910,False
Blue_Dragon_vs_Pantheon_g3,655,186,10840,325,0,370,11,64,15,0.98989898989899,30.0,30.0,15940,False
Blue_Dragon_vs_Pantheon_g3,656,225,10840,325,0,371,11,65,15,1.0909090909090908,30.0,30.0,15970,False
Blue_Dragon_vs_Pantheon_g3,657,42,11030,330,0,372,11,64,15,-0.9191919191919192,30.0,30.0,16000,False
Blue_Dragon_vs_Pantheon_g3,658,71,10830,324,0,373,11,64,15,-0.9292929292929293,30.0,30.0,16030,False
Blue_Dragon_vs_Pantheon_g3,659,101,10830,324,0,374,11,64,15,-0.9595959595959596,30.0,30.0,16060,False
Blue_Dragon_vs_Pantheon_g3,660,140,10830,324,0,375,11,64,15,-0.8686868686868687,30.0,30.0,16090,False
Blue_Dragon_vs_Pantheon_g3,661,170,10830,324,0,376,11,64,15,1.3232323232323233,30.0,30.0,16120,False
Blue_Dragon_vs_Pantheon_g3,662,199,10830,324,0,377,11,64,15,1.3232323232323233,30.0,30.0,16150,False
Blue_Dragon_vs_Pantheon_g3,663,229,10830,324,0,378,11,65,15,1.2222222222222223,30.0,30.0,16180,False
Blue_Dragon_vs_Pantheon_g3,664,55,11020,330,0,379,11,64,15,-0.8383838383838383,30.0,30.0,16210,False
Blue_Dragon_vs_Pantheon_g3,665,85,10820,324,0,380,11,64,15,-0.8383838383838383,30.0,30.0,16240,False
Blue_Dragon_vs_Pantheon_g3,666,114,10820,324,0,381,11,64,15,-0.8383838383838383,30.0,30.0,16270,False
Blue_Dragon_vs_Pantheon_g3,667,144,10820,324,0,382,11,64,15,-0.9393939393939394,30.0,30.0,16300,False
Blue_Dragon_vs_Pantheon_g3,668,183,10820,324,0,383,11,64,15,1.3535353535353536,30.0,30.0,16330,False
Blue_Dragon_vs_Pantheon_g3,669,213,10820,324,0,384,11,64,15,1.3535353535353536,30.0,30.0,16360,False
Blue_Dragon_vs_Pantheon_g3,670,242,10820,324,0,385,11,64,15,1.4141414141414141,30.0,30.0,16390,False
Blue_Dragon_vs_Pantheon_g3,671,271,10820,324,0,386,11,64,15,1.303030303030303,30.0,30.0,16420,False
Blue_Dragon_vs_Pantheon_g3,672,311,10820,324,0,387,11,65,15,1.404040404040404,30.0,30.0,16450,False
Blue_Dragon_vs_Pantheon_g3,673,127,11010,330,0,388,11,65,15,-0.6868686868686869,30.0,30.0,16480,False
Blue_Dragon_vs_Pantheon_g3,674,156,11010,330,0,389,11,65,15,-0.696969696969697,30.0,30.0,16510,False
Blue_Dragon_vs_Pantheon_g3,675,186,11010,330,0,390,11,65,15,1.404040404040404,30.0,30.0,16540,False
Blue_Dragon_vs_Pantheon_g3,676,225,11010,330,0,391,11,65,15,1.494949494949495,30.0,30.0,16570,False
Blue_Dragon_vs_Pantheon_g3,677,255,11010,330,0,392,11,65,15,1.494949494949495,30.0,30.0,16600,False
Blue_Dragon_vs_Pantheon_g3,678,284,11010,330,0,393,11,66,15,1.494949494949495,30.0,30.0,16630,False
Blue_Dragon_vs_Pantheon_g3,679,95,11200,336,0,394,11,65,15,-0.8080808080808081,30.0,30.0,16660,False
Blue_Dragon_vs_Pantheon_g3,680,134,11000,330,0,395,11,65,15,-0.7171717171717171,30.0,30.0,16690,False
Blue_Dragon_vs_Pantheon_g3,681,143,11010,330,0,396,11,65,15,-0.9191919191919192,30.0,30.0,16720,False
Blue_Dragon_vs_Pantheon_g3,682,172,11010,330,0,397,11,65,15,1.2626262626262625,30.0,30.0,16750,False
Blue_Dragon_vs_Pantheon_g3,683,202,11010,330,0,398,11,64,15,1.393939393939394,30.0,30.0,16780,False
Blue_Dragon_vs_Pantheon_g3,684,241,10810,324,0,399,11,65,15,1.4848484848484849,30.0,30.0,16810,False
Blue_Dragon_vs_Pantheon_g3,685,37,11020,330,0,400,11,64,15,-0.8484848484848485,30.0,30.0,16840,False
Blue_Dragon_vs_Pantheon_g3,686,66,10820,324,0,401,11,64,15,-0.8282828282828283,30.0,30.0,16870,False
Blue_Dragon_vs_Pantheon_g3,687,75,10830,324,0,402,11,64,15,-0.9191919191919192,30.0,30.0,16900,False
Blue_Dragon_vs_Pantheon_g3,688,93,10840,325,0,403,11,64,15,-0.8181818181818182,30.0,30.0,16930,False
Blue_Dragon_vs_Pantheon_g3,689,123,10840,325,0,404,11,64,15,-0.8080808080808081,30.0,30.0,16960,False
Blue_Dragon_vs_Pantheon_g3,690,150,10840,325,0,405,11,64,15,-0.6262626262626263,30.0,30.0,16990,False
Blue_Dragon_vs_Pantheon_g3,691,178,10840,325,0,406,11,64,15,-0.7171717171717171,30.0,30.0,17020,False
Blue_Dragon_vs_Pantheon_g3,692,217,10840,325,0,407,11,65,15,1.5757575757575757,30.0,30.0,17050,False
Blue_Dragon_vs_Pantheon_g3,693,34,11030,330,0,408,11,64,15,-0.3333333333333333,30.0,30.0,17080,False
Blue_Dragon_vs_Pantheon_g3,694,63,10830,324,0,409,11,64,15,-0.3434343434343434,30.0,30.0,17110,False
Blue_Dragon_vs_Pantheon_g3,695,93,10830,324,0,410,11,64,15,-0.43434343434343436,30.0,30.0,17140,False
Blue_Dragon_vs_Pantheon_g3,696,132,10830,324,0,411,11,64,15,-0.3333333333333333,30.0,30.0,17170,False
Blue_Dragon_vs_Pantheon_g3,697,155,10835,325,0,412,11,64,15,-0.40404040404040403,30.0,30.0,17200,False
Blue_Dragon_vs_Pantheon_g3,698,184,10835,325,0,413,11,64,15,-0.3333333333333333,30.0,30.0,17230,False
Blue_Dragon_vs_Pantheon_g3,699,214,10835,325,0,414,11,65,15,1.7171717171717171,30.0,30.0,17260,False
Blue_Dragon_vs_Pantheon_g3,700,40,11035,331,0,415,11,64,15,-0.3333333333333333,30.0,30.0,17290,False
Blue_Dragon_vs_Pantheon_g3,701,67,10835,325,0,416,11,64,15,-0.36363636363636365,30.0,30.0,17320,False
Blue_Dragon_vs_Pantheon_g3,702,94,10835,325,0,417,11,64,15,-0.3939393939393939,30.0,30.0,17350,False
Blue_Dragon_vs_Pantheon_g3,703,103,10845,325,0,418,11,64,15,-0.7070707070707071,30.0,30.0,17380,False
Blue_Dragon_vs_Pantheon_g3,704,114,10855,325,0,419,11,64,15,-0.8787878787878788,30.0,30.0,17410,False
Blue_Dragon_vs_Pantheon_g3,705,130,10865,325,0,420,11,64,15,-1.02020202020202,30.0,30.0,17440,False
Blue_Dragon_vs_Pantheon_g3,706,145,10875,326,0,421,11,64,15,0.9797979797979798,30.0,30.0,17470,False
Blue_Dragon_vs_Pantheon_g3,707,154,10885,326,0,422,11,64,15,0.6666666666666666,30.0,30.0,17500,False
Blue_Dragon_vs_Pantheon_g3,708,165,10895,326,0,423,11,64,15,0.5555555555555556,30.0,30.0,17530,False
Blue_Dragon_vs_Pantheon_g3,709,195,10895,326,0,424,11,64,15,0.5555555555555556,30.0,30.0,17560,False
Blue_Dragon_vs_Pantheon_g3,710,224,10895,326,0,425,11,65,15,0.7676767676767676,30.0,30.0,17590,False
Blue_Dragon_vs_Pantheon_g3,711,39,11095,332,0,426,11,64,15,-1.292929292929293,30.0,30.0,17620,False
Blue_Dragon_vs_Pantheon_g3,712,78,10895,326,0,427,11,64,15,-1.1919191919191918,30.0,30.0,17650,False
Blue_Dragon_vs_Pantheon_g3,713,108,10895,326,0,428,11,64,15,-1.1919191919191918,30.0,30.0,17680,False
Blue_Dragon_vs_Pantheon_g3,714,116,10905,327,0,429,11,64,15,0.7474747474747475,30.0,30.0,17710,False
Blue_Dragon_vs_Pantheon_g3,715,146,10905,327,0,430,11,64,15,0.6464646464646465,30.0,30.0,17740,False
Blue_Dragon_vs_Pantheon_g3,716,185,10905,327,0,431,11,64,15,0.8181818181818182,30.0,30.0,17770,False
Blue_Dragon_vs_Pantheon_g3,717,215,10905,327,0,432,11,64,15,0.8181818181818182,30.0,30.0,17800,False
Blue_Dragon_vs_Pantheon_g3,718,244,10905,327,0,433,11,65,15,0.8181818181818182,30.0,30.0,17830,False
Blue_Dragon_vs_Pantheon_g3,719,58,11095,332,0,434,11,64,15,-1.4646464646464648,30.0,30.0,17860,False
Blue_Dragon_vs_Pantheon_g3,720,97,10895,326,0,435,11,64,15,-1.3636363636363635,30.0,30.0,17890,False
Blue_Dragon_vs_Pantheon_g3,721,106,10905,327,0,436,11,64,15,0.5757575757575758,30.0,30.0,17920,False
Blue_Dragon_vs_Pantheon_g3,722,135,10905,327,0,437,11,64,15,0.5757575757575758,30.0,30.0,17950,False
Blue_Dragon_vs_Pantheon_g3,723,165,10905,327,0,438,11,64,15,0.47474747474747475,30.0,30.0,17980,False
Blue_Dragon_vs_Pantheon_g3,724,204,10905,327,0,439,11,64,15,0.5757575757575758,30.0,30.0,18010,False
Blue_Dragon_vs_Pantheon_g3,725,234,10905,327,0,440,11,65,15,0.5757575757575758,30.0,30.0,18040,False
Blue_Dragon_vs_Pantheon_g3,726,48,11095,332,0,441,11,64,15,-1.595959595959596,30.0,30.0,18070,False
Blue_Dragon_vs_Pantheon_g3,727,78,10895,326,0,442,11,64,15,-1.696969696969697,30.0,30.0,18100,False
Blue_Dragon_vs_Pantheon_g3,728,117,10895,326,0,443,11,64,15,0.5555555555555556,30.0,30.0,18130,False
Blue_Dragon_vs_Pantheon_g3,729,147,10895,326,0,444,11,64,15,0.5555555555555556,30.0,30.0,18160,False
Blue_Dragon_vs_Pantheon_g3,730,176,10895,326,0,445,11,64,15,0.5555555555555556,30.0,30.0,18190,False
Blue_Dragon_vs_Pantheon_g3,731,206,10895,326,0,446,11,64,15,0.46464646464646464,30.0,30.0,18220,False
Blue_Dragon_vs_Pantheon_g3,732,245,10895,326,0,447,11,65,15,0.5555555555555556,30.0,30.0,18250,False
Blue_Dragon_vs_Pantheon_g3,733,60,11095,332,0,448,11,64,15,-1.606060606060606,30.0,30.0,18280,False
Blue_Dragon_vs_Pantheon_g3,734,89,10895,326,0,449,11,64,15,0.5454545454545454,30.0,30.0,18310,False
Blue_Dragon_vs_Pantheon_g3,735,119,10895,326,0,450,11,64,15,0.4444444444444444,30.0,30.0,18340,False
Blue_Dragon_vs_Pantheon_g3,736,158,10895,326,0,451,11,64,15,0.5454545454545454,30.0,30.0,18370,False
Blue_Dragon_vs_Pantheon_g3,737,188,10895,326,0,452,11,64,15,0.5555555555555556,30.0,30.0,18400,False
Blue_Dragon_vs_Pantheon_g3,738,217,10895,326,0,453,11,65,15,0.5454545454545454,30.0,30.0,18430,False
Blue_Dragon_vs_Pantheon_g3,739,32,11095,332,0,454,11,64,15,-1.7171717171717171,30.0,30.0,18460,False
Blue_Dragon_vs_Pantheon_g3,740,71,10895,326,0,455,11,64,15,-1.6262626262626263,30.0,30.0,18490,False
Blue_Dragon_vs_Pantheon_g3,741,101,10895,326,0,456,11,64,15,0.5353535353535354,30.0,30.0,18520,False
Blue_Dragon_vs_Pantheon_g3,742,130,10895,326,0,457,11,64,15,0.5252525252525253,30.0,30.0,18550,False
Blue_Dragon_vs_Pantheon_g3,743,160,10895,326,0,458,11,64,15,0.43434343434343436,30.0,30.0,18580,False
Blue_Dragon_vs_Pantheon_g3,744,199,10895,326,0,459,11,64,15,0.5252525252525253,30.0,30.0,18610,False
Blue_Dragon_vs_Pantheon_g3,745,229,10895,326,0,460,11,65,15,0.5353535353535354,30.0,30.0,18640,False
Blue_Dragon_vs_Pantheon_g3,746,43,11095,332,0,461,11,64,15,-1.6464646464646464,30.0,30.0,18670,False
Blue_Dragon_vs_Pantheon_g3,747,73,10895,326,0,462,11,64,15,-1.7373737373737375,30.0,30.0,18700,False
Blue_Dragon_vs_Pantheon_g3,748,112,10895,326,0,463,11,64,15,0.5757575757575758,30.0,30.0,18730,False
Blue_Dragon_vs_Pantheon_g3,749,142,10895,326,0,464,11,64,15,0.6565656565656566,30.0,30.0,18760,False
Blue_Dragon_vs_Pantheon_g3,750,171,10895,326,0,465,11,64,15,0.8585858585858586,30.0,30.0,18790,False
Blue_Dragon_vs_Pantheon_g3,751,198,10895,326,0,466,11,64,15,0.9494949494949495,30.0,30.0,18820,False
Blue_Dragon_vs_Pantheon_g3,752,235,10895,326,0,467,11,65,15,1.02020202020202,30.0,30.0,18850,False
Blue_Dragon_vs_Pantheon_g3,753,49,11095,332,0,468,11,64,15,-1.0808080808080809,30.0,30.0,18880,False
Blue_Dragon_vs_Pantheon_g3,754,78,10895,326,0,469,11,64,15,-1.0909090909090908,30.0,30.0,18910,False
Blue_Dragon_vs_Pantheon_g3,755,107,10895,326,0,470,11,64,15,-1.1919191919191918,30.0,30.0,18940,False
Blue_Dragon_vs_Pantheon_g3,756,139,10900,327,0,471,11,64,15,0.9797979797979798,30.0,30.0,18970,False
Blue_Dragon_vs_Pantheon_g3,757,161,10905,327,0,472,11,64,15,0.9090909090909091,30.0,30.0,19000,False
Blue_Dragon_vs_Pantheon_g3,758,191,10905,327,0,473,11,64,15,0.9090909090909091,30.0,30.0,19030,False
Blue_Dragon_vs_Pantheon_g3,759,206,10915,327,0,474,11,64,15,0.6666666666666666,30.0,30.0,19060,False
Blue_Dragon_vs_Pantheon_g3,760,246,10915,327,0,475,11,65,15,0.7676767676767676,30.0,30.0,19090,False
Blue_Dragon_vs_Pantheon_g3,761,59,11115,333,0,476,11,64,15,-1.4141414141414141,30.0,30.0,19120,False
Blue_Dragon_vs_Pantheon_g3,762,82,10920,327,0,477,11,64,15,-1.4848484848484849,30.0,30.0,19150,False
Blue_Dragon_vs_Pantheon_g3,763,104,10925,327,0,478,11,64,15,0.494949494949495,30.0,30.0,19180,False
Blue_Dragon_vs_Pantheon_g3,764,144,10925,327,0,479,11,64,15,0.5959595959595959,30.0,30.0,19210,False
Blue_Dragon_vs_Pantheon_g3,765,173,10925,327,0,480,11,64,15,0.5959595959595959,30.0,30.0,19240,False
Blue_Dragon_vs_Pantheon_g3,766,203,10925,327,0,481,11,64,15,0.5959595959595959,30.0,30.0,19270,False
Blue_Dragon_vs_Pantheon_g3,767,225,10930,327,0,482,11,65,15,0.42424242424242425,30.0,30.0,19300,False
Blue_Dragon_vs_Pantheon_g3,768,42,11135,334,0,483,11,64,15,-1.7272727272727273,30.0,30.0,19330,False
Blue_Dragon_vs_Pantheon_g3,769,64,10940,328,0,484,11,64,15,-1.797979797979798,30.0,30.0,19360,False
Blue_Dragon_vs_Pantheon_g3,770,94,10940,328,0,485,11,64,15,-1.7878787878787878,30.0,30.0,19390,False
Blue_Dragon_vs_Pantheon_g3,771,123,10940,328,0,486,11,64,15,-1.898989898989899,30.0,30.0,19420,False
Blue_Dragon_vs_Pantheon_g3,772,163,10940,328,0,487,11,64,15,0.36363636363636365,30.0,30.0,19450,False
Blue_Dragon_vs_Pantheon_g3,773,192,10940,328,0,488,11,64,15,0.36363636363636365,30.0,30.0,19480,False
Blue_Dragon_vs_Pantheon_g3,774,222,10940,328,0,489,11,65,15,0.36363636363636365,30.0,30.0,19510,False
Blue_Dragon_vs_Pantheon_g3,775,34,11140,334,0,490,11,64,15,-1.9292929292929293,30.0,30.0,19540,False
Blue_Dragon_vs_Pantheon_g3,776,74,10940,328,0,491,11,64,15,-1.8282828282828283,30.0,30.0,19570,False
Blue_Dragon_vs_Pantheon_g3,777,103,10940,328,0,492,11,64,15,-1.8282828282828283,30.0,30.0,19600,False
Blue_Dragon_vs_Pantheon_g3,778,133,10940,328,0,493,11,64,15,0.3838383838383838,30.0,30.0,19630,False
Blue_Dragon_vs_Pantheon_g3,779,162,10940,328,0,494,11,64,15,0.2828282828282828,30.0,30.0,19660,False
Blue_Dragon_vs_Pantheon_g3,780,195,10945,328,0,495,11,64,15,0.5252525252525253,30.0,30.0,19690,False
Blue_Dragon_vs_Pantheon_g3,781,224,10945,328,0,496,11,65,15,0.5252525252525253,30.0,30.0,19720,False
Blue_Dragon_vs_Pantheon_g3,782,36,11145,334,0,497,11,64,15,-1.6767676767676767,30.0,30.0,19750,False
Blue_Dragon_vs_Pantheon_g3,783,66,10945,328,0,498,11,64,15,-1.7676767676767677,30.0,30.0,19780,False
Blue_Dragon_vs_Pantheon_g3,784,105,10945,328,0,499,11,64,15,0.6868686868686869,30.0,30.0,19810,False
Blue_Dragon_vs_Pantheon_g3,785,135,10945,328,0,500,11,64,15,0.696969696969697,30.0,30.0,19840,False
Blue_Dragon_vs_Pantheon_g3,786,164,10945,328,0,501,11,64,15,0.898989898989899,30.0,30.0,19870,False
Blue_Dragon_vs_Pantheon_g3,787,194,10945,328,0,502,11,64,15,1.02020202020202,30.0,30.0,19900,False
Blue_Dragon_vs_Pantheon_g3,788,233,10945,328,0,503,11,65,15,1.1111111111111112,30.0,30.0,19930,False
Blue_Dragon_vs_Pantheon_g3,789,46,11145,334,0,504,11,64,15,-1.0505050505050506,30.0,30.0,19960,False
Blue_Dragon_vs_Pantheon_g3,790,75,10945,328,0,505,11,64,15,-1.0404040404040404,30.0,30.0,19990,False
Blue_Dragon_vs_Pantheon_g3,791,105,10945,328,0,506,11,64,15,-1.1313131313131313,30.0,30.0,20020,False
Blue_Dragon_vs_Pantheon_g3,792,144,10945,328,0,507,11,64,15,1.1111111111111112,30.0,30.0,20050,False
Blue_Dragon_vs_Pantheon_g3,793,174,10945,328,0,508,11,64,15,1.121212121212121,30.0,30.0,20080,False
Blue_Dragon_vs_Pantheon_g3,794,203,10945,328,0,509,11,64,15,1.1111111111111112,30.0,30.0,20110,False
Blue_Dragon_vs_Pantheon_g3,795,233,10945,328,0,510,11,65,15,1.02020202020202,30.0,30.0,20140,False
Blue_Dragon_vs_Pantheon_g3,796,55,11145,334,0,511,11,64,15,-1.0101010101010102,30.0,30.0,20170,False
Blue_Dragon_vs_Pantheon_g3,797,85,10945,328,0,512,11,64,15,-1.0,30.0,30.0,20200,False
Blue_Dragon_vs_Pantheon_g3,798,114,10945,328,0,513,11,64,15,-1.0101010101010102,30.0,30.0,20230,False
Blue_Dragon_vs_Pantheon_g3,799,143,10945,328,0,514,11,64,15,1.0404040404040404,30.0,30.0,20260,False
Blue_Dragon_vs_Pantheon_g3,800,183,10945,328,0,515,11,64,15,1.1717171717171717,30.0,30.0,20290,False
Blue_Dragon_vs_Pantheon_g3,801,212,10945,328,0,516,11,64,15,1.1919191919191918,30.0,30.0,20320,False
Blue_Dragon_vs_Pantheon_g3,802,241,10945,328,0,517,11,65,15,1.393939393939394,30.0,30.0,20350,True
Blue_Dragon_vs_Pantheon_g3,803,53,11145,334,0,1,12,65,15,-0.6161616161616161,30.0,30.0,20380,False
Blue_Dragon_vs_Pantheon_g3,804,93,11145,334,0,2,12,65,15,-0.37373737373737376,30.0,30.0,20410,False
Blue_Dragon_vs_Pantheon_g3,805,122,11145,334,0,3,12,65,15,-0.23232323232323232,30.0,30.0,20440,False
Blue_Dragon_vs_Pantheon_g3,806,152,11145,334,0,4,12,65,15,-0.020202020202020204,30.0,30.0,20470,False
Blue_Dragon_vs_Pantheon_g3,807,181,11145,334,0,5,12,65,15,0.16161616161616163,30.0,30.0,20500,False
Blue_Dragon_vs_Pantheon_g3,808,221,11145,334,0,6,12,65,15,0.26262626262626265,30.0,30.0,20530,False
Blue_Dragon_vs_Pantheon_g3,809,250,11145,334,0,7,12,66,15,0.26262626262626265,30.0,30.0,20560,True
Blue_Dragon_vs_Pantheon_g3,810,57,11345,340,0,1,13,66,15,0.18181818181818182,30.0,30.0,20590,False
Blue_Dragon_vs_Pantheon_g3,811,79,11350,340,0,2,13,66,15,0.010101010101010102,30.0,30.0,20620,False
Blue_Dragon_vs_Pantheon_g3,812,112,11355,340,0,3,13,66,15,0.04040404040404041,30.0,30.0,20650,False
Blue_Dragon_vs_Pantheon_g3,813,134,11360,340,0,4,13,66,15,0.18181818181818182,30.0,30.0,20680,False
Blue_Dragon_vs_Pantheon_g3,814,157,11365,340,0,5,13,66,15,0.1111111111111111,30.0,30.0,20710,False
Blue_Dragon_vs_Pantheon_g3,815,186,11365,340,0,6,13,66,15,0.010101010101010102,30.0,30.0,20740,False
Blue_Dragon_vs_Pantheon_g3,816,226,11365,340,0,7,13,66,15,0.1111111111111111,30.0,30.0,20770,False
Blue_Dragon_vs_Pantheon_g3,817,255,11365,340,0,8,13,67,15,0.1111111111111111,30.0,30.0,20800,True
Blue_Dragon_vs_Pantheon_g3,818,56,11565,346,0,1,14,67,15,-0.020202020202020204,30.0,30.0,20830,False
Blue_Dragon_vs_Pantheon_g3,819,85,11565,346,0,2,14,67,15,-0.12121212121212122,30.0,30.0,20860,False
Blue_Dragon_vs_Pantheon_g3,820,124,11565,346,0,3,14,67,15,0.18181818181818182,30.0,30.0,20890,False
Blue_Dragon_vs_Pantheon_g3,821,152,11565,346,0,4,14,67,15,0.1717171717171717,30.0,30.0,20920,False
Blue_Dragon_vs_Pantheon_g3,822,181,11565,346,0,5,14,67,15,0.16161616161616163,30.0,30.0,20950,False
Blue_Dragon_vs_Pantheon_g3,823,210,11565,346,0,6,14,67,15,0.06060606060606061,30.0,30.0,20980,False
Blue_Dragon_vs_Pantheon_g3,824,249,11565,346,0,7,14,68,15,0.15151515151515152,30.0,30.0,21010,False
Blue_Dragon_vs_Pantheon_g3,825,43,11765,352,0,8,14,67,15,-0.050505050505050504,30.0,30.0,21040,False
Blue_Dragon_vs_Pantheon_g3,826,72,11565,346,0,9,14,67,15,-0.06060606060606061,30.0,30.0,21070,False
Blue_Dragon_vs_Pantheon_g3,827,101,11565,346,0,10,14,67,15,-0.16161616161616163,30.0,30.0,21100,False
Blue_Dragon_vs_Pantheon_g3,828,140,11565,346,0,11,14,67,15,-0.0707070707070707,30.0,30.0,21130,False
Blue_Dragon_vs_Pantheon_g3,829,169,11565,346,0,12,14,67,15,-0.0707070707070707,30.0,30.0,21160,False
Blue_Dragon_vs_Pantheon_g3,830,198,11565,346,0,13,14,67,15,-0.08080808080808081,30.0,30.0,21190,False
Blue_Dragon_vs_Pantheon_g3,831,227,11565,346,0,14,14,67,15,-0.18181818181818182,30.0,30.0,21220,False
Blue_Dragon_vs_Pantheon_g3,832,266,11565,346,0,15,14,68,15,2.080808080808081,30.0,30.0,21250,False
Blue_Dragon_vs_Pantheon_g3,833,60,11765,352,0,16,14,67,15,-0.29292929292929293,30.0,30.0,21280,False
Blue_Dragon_vs_Pantheon_g3,834,89,11565,346,0,17,14,67,15,-0.30303030303030304,30.0,30.0,21310,False
Blue_Dragon_vs_Pantheon_g3,835,118,11565,346,0,18,14,67,15,-0.40404040404040403,30.0,30.0,21340,False
Blue_Dragon_vs_Pantheon_g3,836,157,11565,346,0,19,14,67,15,-0.31313131313131315,30.0,30.0,21370,False
Blue_Dragon_vs_Pantheon_g3,837,186,11565,346,0,20,14,67,15,-0.31313131313131315,30.0,30.0,21400,False
Blue_Dragon_vs_Pantheon_g3,838,215,11565,346,0,21,14,67,15,1.8484848484848484,30.0,30.0,21430,False
Blue_Dragon_vs_Pantheon_g3,839,244,11565,346,0,22,14,68,15,1.7474747474747474,30.0,30.0,21460,False
Blue_Dragon_vs_Pantheon_g3,840,48,11765,352,0,23,14,67,15,-0.5353535353535354,30.0,30.0,21490,False
Blue_Dragon_vs_Pantheon_g3,841,69,11570,347,0,24,14,67,15,-0.6161616161616161,30.0,30.0,21520,False
Blue_Dragon_vs_Pantheon_g3,842,98,11570,347,0,25,14,67,15,-0.6262626262626263,30.0,30.0,21550,False
Blue_Dragon_vs_Pantheon_g3,843,127,11570,347,0,26,14,67,15,-0.7272727272727273,30.0,30.0,21580,False
Blue_Dragon_vs_Pantheon_g3,844,166,11570,347,0,27,14,67,15,-0.6363636363636364,30.0,30.0,21610,False
Blue_Dragon_vs_Pantheon_g3,845,195,11570,347,0,28,14,67,15,1.5353535353535352,30.0,30.0,21640,False
Blue_Dragon_vs_Pantheon_g3,846,224,11570,347,0,29,14,67,15,1.5252525252525253,30.0,30.0,21670,False
Blue_Dragon_vs_Pantheon_g3,847,253,11570,347,0,30,14,68,15,1.4242424242424243,30.0,30.0,21700,False
Blue_Dragon_vs_Pantheon_g3,848,56,11770,353,0,31,14,67,15,-0.8686868686868687,30.0,30.0,21730,False
Blue_Dragon_vs_Pantheon_g3,849,85,11570,347,0,32,14,67,15,-0.8686868686868687,30.0,30.0,21760,False
Blue_Dragon_vs_Pantheon_g3,850,114,11570,347,0,33,14,67,15,-0.8484848484848485,30.0,30.0,21790,False
Blue_Dragon_vs_Pantheon_g3,851,143,11570,347,0,34,14,67,15,-0.9292929292929293,30.0,30.0,21820,False
Blue_Dragon_vs_Pantheon_g3,852,182,11570,347,0,35,14,67,15,1.3434343434343434,30.0,30.0,21850,False
Blue_Dragon_vs_Pantheon_g3,853,210,11570,347,0,36,14,67,15,1.3333333333333333,30.0,30.0,21880,False
Blue_Dragon_vs_Pantheon_g3,854,240,11570,347,0,37,14,68,15,1.3434343434343434,30.0,30.0,21910,False
Blue_Dragon_vs_Pantheon_g3,855,33,11760,352,0,38,14,67,15,-1.0707070707070707,30.0,30.0,21940,False
Blue_Dragon_vs_Pantheon_g3,856,72,11560,346,0,39,14,67,15,-0.898989898989899,30.0,30.0,21970,False
Blue_Dragon_vs_Pantheon_g3,857,78,11570,347,0,40,14,67,15,-1.1414141414141414,30.0,30.0,22000,False
Blue_Dragon_vs_Pantheon_g3,858,107,11570,347,0,41,14,67,15,-1.0,30.0,30.0,22030,False
Blue_Dragon_vs_Pantheon_g3,859,136,11570,347,0,42,14,67,15,-1.1111111111111112,30.0,30.0,22060,False
Blue_Dragon_vs_Pantheon_g3,860,175,11570,347,0,43,14,67,15,1.1717171717171717,30.0,30.0,22090,False
Blue_Dragon_vs_Pantheon_g3,861,204,11570,347,0,44,14,67,15,1.2323232323232323,30.0,30.0,22120,False
Blue_Dragon_vs_Pantheon_g3,862,233,11570,347,0,45,14,67,15,1.303030303030303,30.0,30.0,22150,False
Blue_Dragon_vs_Pantheon_g3,863,262,11570,347,0,46,14,68,15,1.1919191919191918,30.0,30.0,22180,False
Blue_Dragon_vs_Pantheon_g3,864,43,11770,353,0,47,14,68,15,-1.3131313131313131,30.0,30.0,22210,False
Blue_Dragon_vs_Pantheon_g3,865,72,11770,353,0,48,14,68,15,-1.3232323232323233,30.0,30.0,22240,False
Blue_Dragon_vs_Pantheon_g3,866,101,11770,353,0,49,14,68,15,-1.2525252525252526,30.0,30.0,22270,False
Blue_Dragon_vs_Pantheon_g3,867,129,11770,353,0,50,14,68,15,0.8787878787878788,30.0,30.0,22300,False
Blue_Dragon_vs_Pantheon_g3,868,169,11770,353,0,51,14,67,15,1.0606060606060606,30.0,30.0,22330,False
Blue_Dragon_vs_Pantheon_g3,869,198,11570,347,0,52,14,67,15,1.0505050505050506,30.0,30.0,22360,False
Blue_Dragon_vs_Pantheon_g3,870,228,11570,347,0,53,14,67,15,1.0606060606060606,30.0,30.0,22390,False
Blue_Dragon_vs_Pantheon_g3,871,256,11570,347,0,54,14,68,15,0.9393939393939394,30.0,30.0,22420,False
Blue_Dragon_vs_Pantheon_g3,872,61,11760,352,0,55,14,67,15,-1.3232323232323233,30.0,30.0,22450,False
Blue_Dragon_vs_Pantheon_g3,873,89,11560,346,0,56,14,67,15,-1.3434343434343434,30.0,30.0,22480,False
Blue_Dragon_vs_Pantheon_g3,874,111,11565,346,0,57,14,67,15,0.7777777777777778,30.0,30.0,22510,False
Blue_Dragon_vs_Pantheon_g3,875,126,11575,347,0,58,14,67,15,0.5252525252525253,30.0,30.0,22540,False
Blue_Dragon_vs_Pantheon_g3,876,166,11575,347,0,59,14,67,15,0.6363636363636364,30.0,30.0,22570,False
Blue_Dragon_vs_Pantheon_g3,877,39,11670,350,0,60,14,67,15,-0.9494949494949495,30.0,30.0,22600,False
Blue_Dragon_vs_Pantheon_g3,878,68,11670,350,0,61,14,67,15,-0.9494949494949495,30.0,30.0,22630,False
Blue_Dragon_vs_Pantheon_g3,879,96,11670,350,0,62,14,67,15,-1.0,30.0,30.0,22660,False
Blue_Dragon_vs_Pantheon_g3,880,136,11670,350,0,63,14,67,15,-0.8888888888888888,30.0,30.0,22690,False
Blue_Dragon_vs_Pantheon_g3,881,165,11670,350,0,64,14,67,15,1.303030303030303,30.0,30.0,22720,False
Blue_Dragon_vs_Pantheon_g3,882,194,11670,350,0,65,14,67,15,1.292929292929293,30.0,30.0,22750,False
Blue_Dragon_vs_Pantheon_g3,883,224,11670,350,0,66,14,67,15,1.202020202020202,30.0,30.0,22780,False
Blue_Dragon_vs_Pantheon_g3,884,264,11670,350,0,67,14,68,15,1.303030303030303,30.0,30.0,22810,False
Blue_Dragon_vs_Pantheon_g3,885,57,11770,353,0,68,14,67,15,-1.0808080808080809,30.0,30.0,22840,False
Blue_Dragon_vs_Pantheon_g3,886,86,11570,347,0,69,14,67,15,-1.0909090909090908,30.0,30.0,22870,False
Blue_Dragon_vs_Pantheon_g3,887,115,11570,347,0,70,14,67,15,-1.1919191919191918,30.0,30.0,22900,False
Blue_Dragon_vs_Pantheon_g3,888,131,11580,347,0,71,14,67,15,0.8585858585858586,30.0,30.0,22930,False
Blue_Dragon_vs_Pantheon_g3,889,161,11580,347,0,72,14,67,15,0.8686868686868687,30.0,30.0,22960,False
Blue_Dragon_vs_Pantheon_g3,890,190,11580,347,0,73,14,67,15,0.8585858585858586,30.0,30.0,22990,False
Blue_Dragon_vs_Pantheon_g3,891,211,11585,347,0,74,14,67,15,0.6767676767676768,30.0,30.0,23020,False
Blue_Dragon_vs_Pantheon_g3,892,251,11585,347,0,75,14,68,15,0.7777777777777778,30.0,30.0,23050,False
Blue_Dragon_vs_Pantheon_g3,893,45,11775,353,0,76,14,67,15,-1.595959595959596,30.0,30.0,23080,False
Blue_Dragon_vs_Pantheon_g3,894,75,11575,347,0,77,14,67,15,-1.595959595959596,30.0,30.0,23110,False
Blue_Dragon_vs_Pantheon_g3,895,103,11575,347,0,78,14,67,15,0.48484848484848486,30.0,30.0,23140,False
Blue_Dragon_vs_Pantheon_g3,896,128,11585,347,0,79,14,67,15,0.43434343434343436,30.0,30.0,23170,False
Blue_Dragon_vs_Pantheon_g3,897,158,11585,347,0,80,14,67,15,0.4444444444444444,30.0,30.0,23200,False
Blue_Dragon_vs_Pantheon_g3,898,31,11680,350,0,81,14,67,15,-1.1313131313131313,30.0,30.0,23230,False
Blue_Dragon_vs_Pantheon_g3,899,59,11680,350,0,82,14,67,15,-1.2525252525252526,30.0,30.0,23260,False
Blue_Dragon_vs_Pantheon_g3,900,99,11680,350,0,83,14,67,15,-1.1414141414141414,30.0,30.0,23290,False
Blue_Dragon_vs_Pantheon_g3,901,128,11680,350,0,84,14,67,15,-1.1414141414141414,30.0,30.0,23320,False
Blue_Dragon_vs_Pantheon_g3,902,158,11680,350,0,85,14,67,15,1.0606060606060606,30.0,30.0,23350,False
Blue_Dragon_vs_Pantheon_g3,903,186,11680,350,0,86,14,67,15,0.9393939393939394,30.0,30.0,23380,False
Blue_Dragon_vs_Pantheon_g3,904,226,11680,350,0,87,14,67,15,1.0505050505050506,30.0,30.0,23410,False
Blue_Dragon_vs_Pantheon_g3,905,255,11680,350,0,88,14,68,15,1.0404040404040404,30.0,30.0,23440,False
Blue_Dragon_vs_Pantheon_g3,906,49,11780,353,0,89,14,67,15,-1.3333333333333333,30.0,30.0,23470,False
Blue_Dragon_vs_Pantheon_g3,907,77,11580,347,0,90,14,67,15,-1.4545454545454546,30.0,30.0,23500,False
Blue_Dragon_vs_Pantheon_g3,908,117,11580,347,0,91,14,67,15,-1.3434343434343434,30.0,30.0,23530,False
Blue_Dragon_vs_Pantheon_g3,909,139,11585,347,0,92,14,67,15,0.8282828282828283,30.0,30.0,23560,False
Blue_Dragon_vs_Pantheon_g3,910,168,11585,347,0,93,14,67,15,0.898989898989899,30.0,30.0,23590,False
Blue_Dragon_vs_Pantheon_g3,911,41,11680,350,0,94,14,67,15,-0.7171717171717171,30.0,30.0,23620,False
Blue_Dragon_vs_Pantheon_g3,912,79,11680,350,0,95,14,67,15,-0.5555555555555556,30.0,30.0,23650,False
Blue_Dragon_vs_Pantheon_g3,913,109,11680,350,0,96,14,67,15,-0.48484848484848486,30.0,30.0,23680,False
Blue_Dragon_vs_Pantheon_g3,914,137,11680,350,0,97,14,67,15,-0.494949494949495,30.0,30.0,23710,False
Blue_Dragon_vs_Pantheon_g3,915,167,11680,350,0,98,14,67,15,-0.5959595959595959,30.0,30.0,23740,False
Blue_Dragon_vs_Pantheon_g3,916,207,11680,350,0,99,14,67,15,-0.48484848484848486,30.0,30.0,23770,False
Blue_Dragon_vs_Pantheon_g3,917,236,11680,350,0,100,14,67,15,1.8181818181818181,30.0,30.0,23800,False
Blue_Dragon_vs_Pantheon_g3,918,265,11680,350,0,101,14,68,15,1.8181818181818181,30.0,30.0,23830,False
Blue_Dragon_vs_Pantheon_g3,919,58,11780,353,0,102,14,67,15,-0.6666666666666666,30.0,30.0,23860,False
Blue_Dragon_vs_Pantheon_g3,920,98,11580,347,0,103,14,67,15,-0.5454545454545454,30.0,30.0,23890,False
Blue_Dragon_vs_Pantheon_g3,921,127,11580,347,0,104,14,67,15,-0.5454545454545454,30.0,30.0,23920,False
Blue_Dragon_vs_Pantheon_g3,922,157,11580,347,0,105,14,67,15,-0.5353535353535354,30.0,30.0,23950,False
Blue_Dragon_vs_Pantheon_g3,923,178,11585,347,0,106,14,67,15,-0.7171717171717171,30.0,30.0,23980,False
Blue_Dragon_vs_Pantheon_g3,924,210,11590,347,0,107,14,67,15,1.6868686868686869,30.0,30.0,24010,False
Blue_Dragon_vs_Pantheon_g3,925,240,11590,347,0,108,14,68,15,1.696969696969697,30.0,30.0,24040,False
Blue_Dragon_vs_Pantheon_g3,926,33,11790,353,0,109,14,67,15,-0.6868686868686869,30.0,30.0,24070,False
Blue_Dragon_vs_Pantheon_g3,927,62,11590,347,0,110,14,67,15,-0.7878787878787878,30.0,30.0,24100,False
Blue_Dragon_vs_Pantheon_g3,928,102,11590,347,0,111,14,67,15,-0.6767676767676768,30.0,30.0,24130,False
Blue_Dragon_vs_Pantheon_g3,929,130,11590,347,0,112,14,67,15,-0.6868686868686869,30.0,30.0,24160,False
Blue_Dragon_vs_Pantheon_g3,930,160,11590,347,0,113,14,67,15,-0.6767676767676768,30.0,30.0,24190,False
Blue_Dragon_vs_Pantheon_g3,931,189,11590,347,0,114,14,67,15,-0.7777777777777778,30.0,30.0,24220,False
Blue_Dragon_vs_Pantheon_g3,932,228,11590,347,0,115,14,67,15,1.696969696969697,30.0,30.0,24250,False
Blue_Dragon_vs_Pantheon_g3,933,257,11590,347,0,116,14,68,15,1.696969696969697,30.0,30.0,24280,False
Blue_Dragon_vs_Pantheon_g3,934,50,11790,353,0,117,14,67,15,-0.6868686868686869,30.0,30.0,24310,False
Blue_Dragon_vs_Pantheon_g3,935,79,11590,347,0,118,14,67,15,-0.7878787878787878,30.0,30.0,24340,False
Blue_Dragon_vs_Pantheon_g3,936,118,11590,347,0,119,14,67,15,-0.6868686868686869,30.0,30.0,24370,False
Blue_Dragon_vs_Pantheon_g3,937,148,11590,347,0,120,14,67,15,-0.6767676767676768,30.0,30.0,24400,False
Blue_Dragon_vs_Pantheon_g3,938,170,11595,347,0,121,14,67,15,-0.7474747474747475,30.0,30.0,24430,False
Blue_Dragon_vs_Pantheon_g3,939,199,11595,347,0,122,14,67,15,1.5252525252525253,30.0,30.0,24460,False
Blue_Dragon_vs_Pantheon_g3,940,238,11595,347,0,123,14,68,15,1.707070707070707,30.0,30.0,24490,False
Blue_Dragon_vs_Pantheon_g3,941,32,11795,353,0,124,14,67,15,-0.6666666666666666,30.0,30.0,24520,False
Blue_Dragon_vs_Pantheon_g3,942,60,11595,347,0,125,14,67,15,-0.6767676767676768,30.0,30.0,24550,False
Blue_Dragon_vs_Pantheon_g3,943,90,11595,347,0,126,14,67,15,-0.7676767676767676,30.0,30.0,24580,False
Blue_Dragon_vs_Pantheon_g3,944,130,11595,347,0,127,14,67,15,-0.6565656565656566,30.0,30.0,24610,False
Blue_Dragon_vs_Pantheon_g3,945,159,11595,347,0,128,14,67,15,-0.6565656565656566,30.0,30.0,24640,False
Blue_Dragon_vs_Pantheon_g3,946,188,11595,347,0,129,14,67,15,-0.6565656565656566,30.0,30.0,24670,False
Blue_Dragon_vs_Pantheon_g3,947,217,11595,347,0,130,14,67,15,1.6262626262626263,30.0,30.0,24700,False
Blue_Dragon_vs_Pantheon_g3,948,257,11595,347,0,131,14,68,15,1.7373737373737375,30.0,30.0,24730,False
Blue_Dragon_vs_Pantheon_g3,949,51,11795,353,0,132,14,67,15,-0.6363636363636364,30.0,30.0,24760,False
Blue_Dragon_vs_Pantheon_g3,950,79,11595,347,0,133,14,67,15,-0.6464646464646465,30.0,30.0,24790,False
Blue_Dragon_vs_Pantheon_g3,951,109,11595,347,0,134,14,67,15,-0.7373737373737373,30.0,30.0,24820,False
Blue_Dragon_vs_Pantheon_g3,952,149,11595,347,0,135,14,67,15,-0.6161616161616161,30.0,30.0,24850,False
Blue_Dragon_vs_Pantheon_g3,953,178,11595,347,0,136,14,67,15,-0.6262626262626263,30.0,30.0,24880,False
Blue_Dragon_vs_Pantheon_g3,954,207,11595,347,0,137,14,67,15,1.7575757575757576,30.0,30.0,24910,False
Blue_Dragon_vs_Pantheon_g3,955,229,11600,348,0,138,14,67,15,1.5858585858585859,30.0,30.0,24940,False
Blue_Dragon_vs_Pantheon_g3,956,269,11600,348,0,139,14,68,15,1.9292929292929293,30.0,30.0,24970,False
Blue_Dragon_vs_Pantheon_g3,957,63,11790,353,0,140,14,68,15,-0.4444444444444444,30.0,30.0,25000,False
Blue_Dragon_vs_Pantheon_g3,958,92,11790,353,0,141,14,68,15,-0.4444444444444444,30.0,30.0,25030,False
Blue_Dragon_vs_Pantheon_g3,959,121,11790,353,0,142,14,68,15,-0.5454545454545454,30.0,30.0,25060,False
Blue_Dragon_vs_Pantheon_g3,960,161,11790,353,0,143,14,68,15,-0.43434343434343436,30.0,30.0,25090,False
Blue_Dragon_vs_Pantheon_g3,961,190,11790,353,0,144,14,68,15,-0.43434343434343436,30.0,30.0,25120,False
Blue_Dragon_vs_Pantheon_g3,962,218,11790,353,0,145,14,68,15,-0.4444444444444444,30.0,30.0,25150,False
Blue_Dragon_vs_Pantheon_g3,963,247,11790,353,0,146,14,69,15,2.0606060606060606,30.0,30.0,25180,False
Blue_Dragon_vs_Pantheon_g3,964,45,11990,359,0,147,14,68,15,-0.2727272727272727,30.0,30.0,25210,False
Blue_Dragon_vs_Pantheon_g3,965,75,11790,353,0,148,14,68,15,-0.26262626262626265,30.0,30.0,25240,False
Blue_Dragon_vs_Pantheon_g3,966,103,11790,353,0,149,14,68,15,-0.26262626262626265,30.0,30.0,25270,False
Blue_Dragon_vs_Pantheon_g3,967,133,11790,353,0,150,14,68,15,-0.36363636363636365,30.0,30.0,25300,False
Blue_Dragon_vs_Pantheon_g3,968,172,11790,353,0,151,14,68,15,-0.26262626262626265,30.0,30.0,25330,False
Blue_Dragon_vs_Pantheon_g3,969,202,11790,353,0,152,14,68,15,-0.26262626262626265,30.0,30.0,25360,False
Blue_Dragon_vs_Pantheon_g3,970,230,11790,353,0,153,14,68,15,-0.26262626262626265,30.0,30.0,25390,False
Blue_Dragon_vs_Pantheon_g3,971,260,11790,353,0,154,14,69,15,2.01010101010101,30.0,30.0,25420,False
Blue_Dragon_vs_Pantheon_g3,972,57,11990,359,0,155,14,68,15,-0.32323232323232326,30.0,30.0,25450,False
Blue_Dragon_vs_Pantheon_g3,973,87,11790,353,0,156,14,68,15,-0.24242424242424243,30.0,30.0,25480,False
Blue_Dragon_vs_Pantheon_g3,974,115,11790,353,0,157,14,68,15,-0.1111111111111111,30.0,30.0,25510,False
Blue_Dragon_vs_Pantheon_g3,975,145,11790,353,0,158,14,68,15,-0.21212121212121213,30.0,30.0,25540,False
Blue_Dragon_vs_Pantheon_g3,976,184,11790,353,0,159,14,68,15,1.4646464646464648,30.0,30.0,25570,False
Blue_Dragon_vs_Pantheon_g3,977,214,11790,353,0,160,14,68,15,1.4747474747474747,30.0,30.0,25600,False
Blue_Dragon_vs_Pantheon_g3,978,242,11790,353,0,161,14,69,15,1.4747474747474747,30.0,30.0,25630,False
Blue_Dragon_vs_Pantheon_g3,979,30,11990,359,0,162,14,68,15,-1.0707070707070707,30.0,30.0,25660,False
Blue_Dragon_vs_Pantheon_g3,980,70,11790,353,0,163,14,68,15,-0.9595959595959596,30.0,30.0,25690,False
Blue_Dragon_vs_Pantheon_g3,981,99,11790,353,0,164,14,68,15,-0.9595959595959596,30.0,30.0,25720,False
Blue_Dragon_vs_Pantheon_g3,982,127,11790,353,0,165,14,68,15,-0.9797979797979798,30.0,30.0,25750,False
Blue_Dragon_vs_Pantheon_g3,983,156,11790,353,0,166,14,68,15,-1.0909090909090908,30.0,30.0,25780,False
Blue_Dragon_vs_Pantheon_g3,984,196,11790,353,0,167,14,68,15,1.404040404040404,30.0,30.0,25810,False
Blue_Dragon_vs_Pantheon_g3,985,225,11790,353,0,168,14,68,15,1.404040404040404,30.0,30.0,25840,False
Blue_Dragon_vs_Pantheon_g3,986,253,11790,353,0,169,14,69,15,1.393939393939394,30.0,30.0,25870,False
Blue_Dragon_vs_Pantheon_g3,987,40,11990,359,0,170,14,68,15,-0.9191919191919192,30.0,30.0,25900,False
Blue_Dragon_vs_Pantheon_g3,988,80,11790,353,0,171,14,68,15,-0.8181818181818182,30.0,30.0,25930,False
Blue_Dragon_vs_Pantheon_g3,989,110,11790,353,0,172,14,68,15,-0.8080808080808081,30.0,30.0,25960,False
Blue_Dragon_vs_Pantheon_g3,990,139,11790,353,0,173,14,68,15,-0.7272727272727273,30.0,30.0,25990,False
Blue_Dragon_vs_Pantheon_g3,991,168,11790,353,0,174,14,68,15,-0.8383838383838383,30.0,30.0,26020,False
Blue_Dragon_vs_Pantheon_g3,992,207,11790,353,0,175,14,68,15,1.6363636363636365,30.0,30.0,26050,False
Blue_Dragon_vs_Pantheon_g3,993,236,11790,353,0,176,14,68,15,1.6262626262626263,30.0,30.0,26080,False
Blue_Dragon_vs_Pantheon_g3,994,265,11790,353,0,177,14,69,15,1.6363636363636365,30.0,30.0,26110,False
Blue_Dragon_vs_Pantheon_g3,995,52,11990,359,0,178,14,68,15,-0.7676767676767676,30.0,30.0,26140,False
Blue_Dragon_vs_Pantheon_g3,996,91,11790,353,0,179,14,68,15,-0.6767676767676768,30.0,30.0,26170,False
Blue_Dragon_vs_Pantheon_g3,997,120,11790,353,0,180,14,68,15,0.898989898989899,30.0,30.0,26200,False
Blue_Dragon_vs_Pantheon_g3,998,149,11790,353,0,181,14,68,15,0.9090909090909091,30.0,30.0,26230,False
Blue_Dragon_vs_Pantheon_g3,999,178,11790,353,0,182,14,68,15,0.797979797979798,30.0,30.0,26260,False
Blue_Dragon_vs_Pantheon_g3,1000,218,11790,353,0,183,14,68,15,0.9090909090909091,30.0,30.0,26290,False
Blue_Dragon_vs_Pantheon_g3,1001,247,11790,353,0,184,14,69,15,0.898989898989899,30.0,30.0,26320,False
Blue_Dragon_vs_Pantheon_g3,1002,34,11990,359,0,185,14,68,15,-1.5353535353535352,30.0,30.0,26350,False
Blue_Dragon_vs_Pantheon_g3,1003,62,11790,353,0,186,14,68,15,-1.6565656565656566,30.0,30.0,26380,False
Blue_Dragon_vs_Pantheon_g3,1004,102,11790,353,0,187,14,67,15,-1.5454545454545454,30.0,30.0,26410,False
Blue_Dragon_vs_Pantheon_g3,1005,132,11590,347,0,188,14,67,15,0.8383838383838383,30.0,30.0,26440,False
Blue_Dragon_vs_Pantheon_g3,1006,161,11590,347,0,189,14,67,15,0.8484848484848485,30.0,30.0,26470,False
Blue_Dragon_vs_Pantheon_g3,1007,190,11590,347,0,190,14,67,15,0.7373737373737373,30.0,30.0,26500,False
Blue_Dragon_vs_Pantheon_g3,1008,206,11600,348,0,191,14,67,15,0.6767676767676768,30.0,30.0,26530,False
Blue_Dragon_vs_Pantheon_g3,1009,235,11600,348,0,192,14,67,15,0.6767676767676768,30.0,30.0,26560,False
Blue_Dragon_vs_Pantheon_g3,1010,265,11600,348,0,193,14,68,15,2.2626262626262625,30.0,30.0,26590,False
Blue_Dragon_vs_Pantheon_g3,1011,57,11790,353,0,194,14,68,15,-0.2222222222222222,30.0,30.0,26620,False
Blue_Dragon_vs_Pantheon_g3,1012,97,11790,353,0,195,14,68,15,-0.12121212121212122,30.0,30.0,26650,False
Blue_Dragon_vs_Pantheon_g3,1013,127,11790,353,0,196,14,68,15,-0.10101010101010101,30.0,30.0,26680,False
Blue_Dragon_vs_Pantheon_g3,1014,156,11790,353,0,197,14,68,15,-0.1111111111111111,30.0,30.0,26710,False
Blue_Dragon_vs_Pantheon_g3,1015,184,11790,353,0,198,14,68,15,-0.23232323232323232,30.0,30.0,26740,False
Blue_Dragon_vs_Pantheon_g3,1016,224,11790,353,0,199,14,68,15,-0.12121212121212122,30.0,30.0,26770,False
Blue_Dragon_vs_Pantheon_g3,1017,254,11790,353,0,200,14,69,15,-0.1111111111111111,30.0,30.0,26800,False
Blue_Dragon_vs_Pantheon_g3,1018,41,11990,359,0,201,14,68,15,-0.1717171717171717,30.0,30.0,26830,False
Blue_Dragon_vs_Pantheon_g3,1019,70,11790,353,0,202,14,68,15,-0.2828282828282828,30.0,30.0,26860,False
Blue_Dragon_vs_Pantheon_g3,1020,110,11790,353,0,203,14,68,15,-0.1717171717171717,30.0,30.0,26890,False
Blue_Dragon_vs_Pantheon_g3,1021,139,11790,353,0,204,14,68,15,-0.18181818181818182,30.0,30.0,26920,False
Blue_Dragon_vs_Pantheon_g3,1022,168,11790,353,0,205,14,68,15,-0.10101010101010101,30.0,30.0,26950,False
Blue_Dragon_vs_Pantheon_g3,1023,196,11790,353,0,206,14,68,15,-0.1414141414141414,30.0,30.0,26980,False
Blue_Dragon_vs_Pantheon_g3,1024,236,11790,353,0,207,14,68,15,-0.04040404040404041,30.0,30.0,27010,False
Blue_Dragon_vs_Pantheon_g3,1025,266,11790,353,0,208,14,69,15,2.3535353535353534,30.0,30.0,27040,False
Blue_Dragon_vs_Pantheon_g3,1026,54,11990,359,0,209,14,68,15,-0.08080808080808081,30.0,30.0,27070,False
Blue_Dragon_vs_Pantheon_g3,1027,82,11790,353,0,210,14,68,15,-0.20202020202020202,30.0,30.0,27100,False
Blue_Dragon_vs_Pantheon_g3,1028,122,11790,353,0,211,14,68,15,-0.08080808080808081,30.0,30.0,27130,False
Blue_Dragon_vs_Pantheon_g3,1029,143,11795,353,0,212,14,67,15,-0.1717171717171717,30.0,30.0,27160,False
Blue_Dragon_vs_Pantheon_g3,1030,125,11610,348,0,213,14,67,15,-0.6464646464646465,30.0,30.0,27190,False
Blue_Dragon_vs_Pantheon_g3,1031,153,11610,348,0,214,14,67,15,-0.7575757575757576,30.0,30.0,27220,False
Blue_Dragon_vs_Pantheon_g3,1032,170,11610,348,0,215,14,67,15,-0.8787878787878788,30.0,30.0,27250,False
Blue_Dragon_vs_Pantheon_g3,1033,177,11615,348,0,216,14,67,15,1.2828282828282829,30.0,30.0,27280,False
Blue_Dragon_vs_Pantheon_g3,1034,206,11615,348,0,217,14,67,15,1.2828282828282829,30.0,30.0,27310,False
Blue_Dragon_vs_Pantheon_g3,1035,234,11615,348,0,218,14,67,15,1.1717171717171717,30.0,30.0,27340,False
Blue_Dragon_vs_Pantheon_g3,1036,274,11615,348,0,219,14,68,15,1.2727272727272727,30.0,30.0,27370,False
Blue_Dragon_vs_Pantheon_g3,1037,67,11805,354,0,220,14,67,15,-1.0404040404040404,30.0,30.0,27400,False
Blue_Dragon_vs_Pantheon_g3,1038,97,11605,348,0,221,14,67,15,-1.0303030303030303,30.0,30.0,27430,False
Blue_Dragon_vs_Pantheon_g3,1039,125,11605,348,0,222,14,67,15,-1.1414141414141414,30.0,30.0,27460,False
Blue_Dragon_vs_Pantheon_g3,1040,117,11625,348,0,223,14,67,15,0.8585858585858586,30.0,30.0,27490,False
Blue_Dragon_vs_Pantheon_g3,1041,144,11625,348,0,224,14,67,15,0.8484848484848485,30.0,30.0,27520,False
Blue_Dragon_vs_Pantheon_g3,1042,174,11625,348,0,225,14,67,15,0.8484848484848485,30.0,30.0,27550,False
Blue_Dragon_vs_Pantheon_g3,1043,202,11625,348,0,226,14,67,15,0.7272727272727273,30.0,30.0,27580,False
Blue_Dragon_vs_Pantheon_g3,1044,242,11625,348,0,227,14,68,15,0.8383838383838383,30.0,30.0,27610,False
Blue_Dragon_vs_Pantheon_g3,1045,34,11815,354,0,228,14,67,15,-1.5555555555555556,30.0,30.0,27640,False
Blue_Dragon_vs_Pantheon_g3,1046,63,11615,348,0,229,14,67,15,-1.5555555555555556,30.0,30.0,27670,False
Blue_Dragon_vs_Pantheon_g3,1047,92,11615,348,0,230,14,67,15,-1.6666666666666667,30.0,30.0,27700,False
Blue_Dragon_vs_Pantheon_g3,1048,131,11615,348,0,231,14,67,15,0.8080808080808081,30.0,30.0,27730,False
Blue_Dragon_vs_Pantheon_g3,1049,161,11615,348,0,232,14,67,15,0.8282828282828283,30.0,30.0,27760,False
Blue_Dragon_vs_Pantheon_g3,1050,190,11615,348,0,233,14,67,15,0.8181818181818182,30.0,30.0,27790,False
Blue_Dragon_vs_Pantheon_g3,1051,219,11615,348,0,234,14,67,15,0.7070707070707071,30.0,30.0,27820,False
Blue_Dragon_vs_Pantheon_g3,1052,258,11615,348,0,235,14,68,15,0.8080808080808081,30.0,30.0,27850,False
Blue_Dragon_vs_Pantheon_g3,1053,48,11815,354,0,236,14,67,15,-1.606060606060606,30.0,30.0,27880,False
Blue_Dragon_vs_Pantheon_g3,1054,78,11615,348,0,237,14,67,15,-1.5252525252525253,30.0,30.0,27910,False
Blue_Dragon_vs_Pantheon_g3,1055,106,11615,348,0,238,14,67,15,-1.6464646464646464,30.0,30.0,27940,False
Blue_Dragon_vs_Pantheon_g3,1056,146,11615,348,0,239,14,67,15,0.8383838383838383,30.0,30.0,27970,False
Blue_Dragon_vs_Pantheon_g3,1057,176,11615,348,0,240,14,67,15,0.8484848484848485,30.0,30.0,28000,False
Blue_Dragon_vs_Pantheon_g3,1058,205,11615,348,0,241,14,67,15,0.8484848484848485,30.0,30.0,28030,False
Blue_Dragon_vs_Pantheon_g3,1059,227,11620,348,0,242,14,67,15,0.6666666666666666,30.0,30.0,28060,False
Blue_Dragon_vs_Pantheon_g3,1060,266,11620,348,0,243,14,68,15,0.7676767676767676,30.0,30.0,28090,False
Blue_Dragon_vs_Pantheon_g3,1061,52,11825,354,0,244,14,67,15,-1.6767676767676767,30.0,30.0,28120,False
Blue_Dragon_vs_Pantheon_g3,1062,80,11625,348,0,245,14,67,15,-1.6868686868686869,30.0,30.0,28150,False
Blue_Dragon_vs_Pantheon_g3,1063,109,11625,348,0,246,14,67,15,0.6464646464646465,30.0,30.0,28180,False
Blue_Dragon_vs_Pantheon_g3,1064,148,11625,348,0,247,14,67,15,0.7373737373737373,30.0,30.0,28210,False
Blue_Dragon_vs_Pantheon_g3,1065,155,11630,348,0,248,14,67,15,0.5252525252525253,30.0,30.0,28240,False
Blue_Dragon_vs_Pantheon_g3,1066,184,11630,348,0,249,14,67,15,0.5151515151515151,30.0,30.0,28270,False
Blue_Dragon_vs_Pantheon_g3,1067,213,11630,348,0,250,14,67,15,0.41414141414141414,30.0,30.0,28300,False
Blue_Dragon_vs_Pantheon_g3,1068,253,11630,348,0,251,14,68,15,0.5151515151515151,30.0,30.0,28330,False
Blue_Dragon_vs_Pantheon_g3,1069,46,11820,354,0,252,14,67,15,-1.8585858585858586,30.0,30.0,28360,False
Blue_Dragon_vs_Pantheon_g3,1070,73,11620,348,0,253,14,67,15,-1.8888888888888888,30.0,30.0,28390,False
Blue_Dragon_vs_Pantheon_g3,1071,102,11620,348,0,254,14,67,15,0.45454545454545453,30.0,30.0,28420,False
Blue_Dragon_vs_Pantheon_g3,1072,142,11620,348,0,255,14,67,15,0.5555555555555556,30.0,30.0,28450,False
Blue_Dragon_vs_Pantheon_g3,1073,148,11630,348,0,256,14,67,15,0.3333333333333333,30.0,30.0,28480,False
Blue_Dragon_vs_Pantheon_g3,1074,177,11630,348,0,257,14,67,15,0.32323232323232326,30.0,30.0,28510,False
Blue_Dragon_vs_Pantheon_g3,1075,206,11630,348,0,258,14,67,15,0.2222222222222222,30.0,30.0,28540,False
Blue_Dragon_vs_Pantheon_g3,1076,246,11630,348,0,259,14,68,15,0.32323232323232326,30.0,30.0,28570,False
Blue_Dragon_vs_Pantheon_g3,1077,38,11830,354,0,260,14,67,15,-2.0606060606060606,30.0,30.0,28600,False
Blue_Dragon_vs_Pantheon_g3,1078,68,11630,348,0,261,14,67,15,0.3838383838383838,30.0,30.0,28630,False
Blue_Dragon_vs_Pantheon_g3,1079,96,11630,348,0,262,14,67,15,0.26262626262626265,30.0,30.0,28660,False
Blue_Dragon_vs_Pantheon_g3,1080,136,11630,348,0,263,14,67,15,0.37373737373737376,30.0,30.0,28690,False
Blue_Dragon_vs_Pantheon_g3,1081,166,11630,348,0,264,14,67,15,0.3939393939393939,30.0,30.0,28720,False
Blue_Dragon_vs_Pantheon_g3,1082,194,11630,348,0,265,14,67,15,0.3838383838383838,30.0,30.0,28750,False
Blue_Dragon_vs_Pantheon_g3,1083,223,11630,348,0,266,14,67,15,0.2727272727272727,30.0,30.0,28780,False
Blue_Dragon_vs_Pantheon_g3,1084,263,11630,348,0,267,14,68,15,0.3838383838383838,30.0,30.0,28810,False
Blue_Dragon_vs_Pantheon_g3,1085,56,11830,354,0,268,14,67,15,-1.9898989898989898,30.0,30.0,28840,False
Blue_Dragon_vs_Pantheon_g3,1086,85,11630,348,0,269,14,67,15,0.45454545454545453,30.0,30.0,28870,False
Blue_Dragon_vs_Pantheon_g3,1087,113,11630,348,0,270,14,67,15,0.3333333333333333,30.0,30.0,28900,False
Blue_Dragon_vs_Pantheon_g3,1088,153,11630,348,0,271,14,67,15,0.43434343434343436,30.0,30.0,28930,False
Blue_Dragon_vs_Pantheon_g3,1089,183,11630,348,0,272,14,67,15,0.4444444444444444,30.0,30.0,28960,False
Blue_Dragon_vs_Pantheon_g3,1090,212,11630,348,0,273,14,67,15,0.4444444444444444,30.0,30.0,28990,False
Blue_Dragon_vs_Pantheon_g3,1091,241,11630,348,0,274,14,68,15,0.3434343434343434,30.0,30.0,29020,False
Blue_Dragon_vs_Pantheon_g3,1092,44,11830,354,0,275,14,67,15,-1.9393939393939394,30.0,30.0,29050,False
Blue_Dragon_vs_Pantheon_g3,1093,74,11630,348,0,276,14,67,15,-1.9292929292929293,30.0,30.0,29080,False
Blue_Dragon_vs_Pantheon_g3,1094,103,11630,348,0,277,14,67,15,0.5151515151515151,30.0,30.0,29110,False
Blue_Dragon_vs_Pantheon_g3,1095,131,11630,348,0,278,14,67,15,0.40404040404040403,30.0,30.0,29140,False
Blue_Dragon_vs_Pantheon_g3,1096,171,11630,348,0,279,14,67,15,0.5151515151515151,30.0,30.0,29170,False
Blue_Dragon_vs_Pantheon_g3,1097,200,11630,348,0,280,14,67,15,0.5151515151515151,30.0,30.0,29200,False
Blue_Dragon_vs_Pantheon_g3,1098,230,11630,348,0,281,14,67,15,0.5252525252525253,30.0,30.0,29230,False
Blue_Dragon_vs_Pantheon_g3,1099,258,11630,348,0,282,14,68,15,0.40404040404040403,30.0,30.0,29260,False
Blue_Dragon_vs_Pantheon_g3,1100,61,11830,354,0,283,14,67,15,-1.878787878787879,30.0,30.0,29290,False
Blue_Dragon_vs_Pantheon_g3,1101,91,11630,348,0,284,14,67,15,0.5757575757575758,30.0,30.0,29320,False
Blue_Dragon_vs_Pantheon_g3,1102,119,11630,348,0,285,14,67,15,0.5757575757575758,30.0,30.0,29350,False
Blue_Dragon_vs_Pantheon_g3,1103,147,11630,348,0,286,14,67,15,0.45454545454545453,30.0,30.0,29380,False
Blue_Dragon_vs_Pantheon_g3,1104,186,11630,348,0,287,14,67,15,0.5454545454545454,30.0,30.0,29410,False
Blue_Dragon_vs_Pantheon_g3,1105,216,11630,348,0,288,14,67,15,0.5555555555555556,30.0,30.0,29440,False
Blue_Dragon_vs_Pantheon_g3,1106,245,11630,348,0,289,14,68,15,0.5555555555555556,30.0,30.0,29470,False
Blue_Dragon_vs_Pantheon_g3,1107,38,11820,354,0,290,14,68,15,-1.696969696969697,30.0,30.0,29500,False
Blue_Dragon_vs_Pantheon_g3,1108,76,11820,354,0,291,14,68,15,-1.606060606060606,30.0,30.0,29530,False
Blue_Dragon_vs_Pantheon_g3,1109,106,11820,354,0,292,14,68,15,-1.606060606060606,30.0,30.0,29560,False
Blue_Dragon_vs_Pantheon_g3,1110,134,11820,354,0,293,14,67,15,0.7777777777777778,30.0,30.0,29590,False
Blue_Dragon_vs_Pantheon_g3,1111,164,11620,348,0,294,14,67,15,0.6767676767676768,30.0,30.0,29620,False
Blue_Dragon_vs_Pantheon_g3,1112,180,11630,348,0,295,14,67,15,0.5353535353535354,30.0,30.0,29650,False
Blue_Dragon_vs_Pantheon_g3,1113,210,11630,348,0,296,14,67,15,0.5454545454545454,30.0,30.0,29680,False
Blue_Dragon_vs_Pantheon_g3,1114,238,11630,348,0,297,14,68,15,0.5454545454545454,30.0,30.0,29710,False
Blue_Dragon_vs_Pantheon_g3,1115,31,11830,354,0,298,14,67,15,-1.9494949494949494,30.0,30.0,29740,False
Blue_Dragon_vs_Pantheon_g3,1116,70,11630,348,0,299,14,67,15,-1.8585858585858586,30.0,30.0,29770,False
Blue_Dragon_vs_Pantheon_g3,1117,100,11630,348,0,300,14,67,15,0.5959595959595959,30.0,30.0,29800,False
Blue_Dragon_vs_Pantheon_g3,1118,128,11630,348,0,301,14,67,15,0.5858585858585859,30.0,30.0,29830,False
Blue_Dragon_vs_Pantheon_g3,1119,157,11630,348,0,302,14,67,15,0.47474747474747475,30.0,30.0,29860,False
Blue_Dragon_vs_Pantheon_g3,1120,196,11630,348,0,303,14,67,15,0.5757575757575758,30.0,30.0,29890,False
Blue_Dragon_vs_Pantheon_g3,1121,225,11630,348,0,304,14,67,15,0.5757575757575758,30.0,30.0,29920,False
Blue_Dragon_vs_Pantheon_g3,1122,254,11630,348,0,305,14,68,15,0.5858585858585859,30.0,30.0,29950,False
Blue_Dragon_vs_Pantheon_g3,1123,46,11830,354,0,306,14,67,15,-1.9191919191919191,30.0,30.0,29980,False
Blue_Dragon_vs_Pantheon_g3,1124,85,11630,348,0,307,14,67,15,-1.8282828282828283,30.0,30.0,30010,False
Blue_Dragon_vs_Pantheon_g3,1125,114,11630,348,0,308,14,67,15,0.6060606060606061,30.0,30.0,30040,False
Blue_Dragon_vs_Pantheon_g3,1126,136,11635,349,0,309,14,67,15,0.5454545454545454,30.0,30.0,30070,False
Blue_Dragon_vs_Pantheon_g3,1127,165,11635,349,0,310,14,67,15,0.43434343434343436,30.0,30.0,30100,False
Blue_Dragon_vs_Pantheon_g3,1128,204,11635,349,0,311,14,67,15,0.6161616161616161,30.0,30.0,30130,False
Blue_Dragon_vs_Pantheon_g3,1129,234,11635,349,0,312,14,67,15,1.101010101010101,30.0,30.0,30160,False
Blue_Dragon_vs_Pantheon_g3,1130,262,11635,349,0,313,14,68,15,1.101010101010101,30.0,30.0,30190,False
Blue_Dragon_vs_Pantheon_g3,1131,53,11835,355,0,314,14,67,15,-1.1818181818181819,30.0,30.0,30220,False
Blue_Dragon_vs_Pantheon_g3,1132,92,11635,349,0,315,14,67,15,-0.8585858585858586,30.0,30.0,30250,False
Blue_Dragon_vs_Pantheon_g3,1133,122,11635,349,0,316,14,67,15,-0.8484848484848485,30.0,30.0,30280,False
Blue_Dragon_vs_Pantheon_g3,1134,150,11635,349,0,317,14,67,15,-0.8484848484848485,30.0,30.0,30310,False
Blue_Dragon_vs_Pantheon_g3,1135,179,11635,349,0,318,14,67,15,-0.9595959595959596,30.0,30.0,30340,False
Blue_Dragon_vs_Pantheon_g3,1136,218,11635,349,0,319,14,67,15,1.5252525252525253,30.0,30.0,30370,False
Blue_Dragon_vs_Pantheon_g3,1137,248,11635,349,0,320,14,68,15,1.5252525252525253,30.0,30.0,30400,False
Blue_Dragon_vs_Pantheon_g3,1138,38,11835,355,0,321,14,67,15,-0.8787878787878788,30.0,30.0,30430,False
Blue_Dragon_vs_Pantheon_g3,1139,67,11635,349,0,322,14,67,15,-0.5050505050505051,30.0,30.0,30460,False
Blue_Dragon_vs_Pantheon_g3,1140,106,11635,349,0,323,14,67,15,-0.3838383838383838,30.0,30.0,30490,False
Blue_Dragon_vs_Pantheon_g3,1141,135,11635,349,0,324,14,67,15,-0.3939393939393939,30.0,30.0,30520,False
Blue_Dragon_vs_Pantheon_g3,1142,163,11635,349,0,325,14,67,15,-0.3939393939393939,30.0,30.0,30550,False
Blue_Dragon_vs_Pantheon_g3,1143,193,11635,349,0,326,14,67,15,-0.494949494949495,30.0,30.0,30580,False
Blue_Dragon_vs_Pantheon_g3,1144,232,11635,349,0,327,14,67,15,2.0,30.0,30.0,30610,False
Blue_Dragon_vs_Pantheon_g3,1145,261,11635,349,0,328,14,68,15,2.0,30.0,30.0,30640,False
Blue_Dragon_vs_Pantheon_g3,1146,51,11835,355,0,329,14,67,15,-0.41414141414141414,30.0,30.0,30670,False
Blue_Dragon_vs_Pantheon_g3,1147,80,11635,349,0,330,14,67,15,-0.5151515151515151,30.0,30.0,30700,False
Blue_Dragon_vs_Pantheon_g3,1148,119,11635,349,0,331,14,67,15,-0.42424242424242425,30.0,30.0,30730,False
Blue_Dragon_vs_Pantheon_g3,1149,149,11635,349,0,332,14,67,15,-0.41414141414141414,30.0,30.0,30760,False
Blue_Dragon_vs_Pantheon_g3,1150,177,11635,349,0,333,14,67,15,-0.42424242424242425,30.0,30.0,30790,False
Blue_Dragon_vs_Pantheon_g3,1151,207,11635,349,0,334,14,67,15,-0.5151515151515151,30.0,30.0,30820,False
Blue_Dragon_vs_Pantheon_g3,1152,246,11635,349,0,335,14,68,15,2.0,30.0,30.0,30850,False
Blue_Dragon_vs_Pantheon_g3,1153,38,11835,355,0,336,14,67,15,-0.40404040404040403,30.0,30.0,30880,False
Blue_Dragon_vs_Pantheon_g3,1154,66,11635,349,0,337,14,67,15,-0.40404040404040403,30.0,30.0,30910,False
Blue_Dragon_vs_Pantheon_g3,1155,95,11635,349,0,338,14,67,15,-0.5151515151515151,30.0,30.0,30940,False
Blue_Dragon_vs_Pantheon_g3,1156,134,11635,349,0,339,14,67,15,-0.42424242424242425,30.0,30.0,30970,False
Blue_Dragon_vs_Pantheon_g3,1157,164,11635,349,0,340,14,67,15,-0.41414141414141414,30.0,30.0,31000,False
Blue_Dragon_vs_Pantheon_g3,1158,192,11635,349,0,341,14,67,15,-0.35353535353535354,30.0,30.0,31030,False
Blue_Dragon_vs_Pantheon_g3,1159,222,11635,349,0,342,14,67,15,-0.4444444444444444,30.0,30.0,31060,False
Blue_Dragon_vs_Pantheon_g3,1160,261,11635,349,0,343,14,68,15,2.111111111111111,30.0,30.0,31090,False
Blue_Dragon_vs_Pantheon_g3,1161,52,11835,355,0,344,14,67,15,-0.2828282828282828,30.0,30.0,31120,False
Blue_Dragon_vs_Pantheon_g3,1162,80,11635,349,0,345,14,67,15,-0.29292929292929293,30.0,30.0,31150,False
Blue_Dragon_vs_Pantheon_g3,1163,110,11635,349,0,346,14,67,15,-0.3838383838383838,30.0,30.0,31180,False
Blue_Dragon_vs_Pantheon_g3,1164,149,11635,349,0,347,14,67,15,-0.06060606060606061,30.0,30.0,31210,False
Blue_Dragon_vs_Pantheon_g3,1165,178,11635,349,0,348,14,67,15,-0.06060606060606061,30.0,30.0,31240,False
Blue_Dragon_vs_Pantheon_g3,1166,207,11635,349,0,349,14,67,15,-0.06060606060606061,30.0,30.0,31270,False
Blue_Dragon_vs_Pantheon_g3,1167,236,11635,349,0,350,14,67,15,-0.1717171717171717,30.0,30.0,31300,False
Blue_Dragon_vs_Pantheon_g3,1168,275,11635,349,0,351,14,68,15,2.313131313131313,30.0,30.0,31330,False
Blue_Dragon_vs_Pantheon_g3,1169,67,11835,355,0,352,14,67,15,-0.06060606060606061,30.0,30.0,31360,False
Blue_Dragon_vs_Pantheon_g3,1170,95,11635,349,0,353,14,67,15,-0.0707070707070707,30.0,30.0,31390,False
Blue_Dragon_vs_Pantheon_g3,1171,125,11635,349,0,354,14,67,15,-0.1717171717171717,30.0,30.0,31420,False
Blue_Dragon_vs_Pantheon_g3,1172,164,11635,349,0,355,14,67,15,0.16161616161616163,30.0,30.0,31450,False
Blue_Dragon_vs_Pantheon_g3,1173,193,11635,349,0,356,14,67,15,0.16161616161616163,30.0,30.0,31480,False
Blue_Dragon_vs_Pantheon_g3,1174,222,11635,349,0,357,14,67,15,0.16161616161616163,30.0,30.0,31510,False
Blue_Dragon_vs_Pantheon_g3,1175,251,11635,349,0,358,14,68,15,0.050505050505050504,30.0,30.0,31540,False
Blue_Dragon_vs_Pantheon_g3,1176,52,11835,355,0,359,14,67,15,0.1414141414141414,30.0,30.0,31570,False
Blue_Dragon_vs_Pantheon_g3,1177,82,11635,349,0,360,14,67,15,0.1414141414141414,30.0,30.0,31600,False
Blue_Dragon_vs_Pantheon_g3,1178,110,11635,349,0,361,14,67,15,0.1414141414141414,30.0,30.0,31630,False
Blue_Dragon_vs_Pantheon_g3,1179,140,11635,349,0,362,14,67,15,0.04040404040404041,30.0,30.0,31660,False
Blue_Dragon_vs_Pantheon_g3,1180,179,11635,349,0,363,14,67,15,0.13131313131313133,30.0,30.0,31690,False
Blue_Dragon_vs_Pantheon_g3,1181,209,11635,349,0,364,14,67,15,0.15151515151515152,30.0,30.0,31720,False
Blue_Dragon_vs_Pantheon_g3,1182,238,11635,349,0,365,14,67,15,0.15151515151515152,30.0,30.0,31750,False
Blue_Dragon_vs_Pantheon_g3,1183,267,11635,349,0,366,14,68,15,0.04040404040404041,30.0,30.0,31780,False
Blue_Dragon_vs_Pantheon_g3,1184,68,11835,355,0,367,14,67,15,0.12121212121212122,30.0,30.0,31810,False
Blue_Dragon_vs_Pantheon_g3,1185,97,11635,349,0,368,14,67,15,0.12121212121212122,30.0,30.0,31840,False
Blue_Dragon_vs_Pantheon_g3,1186,126,11635,349,0,369,14,67,15,0.13131313131313133,30.0,30.0,31870,False
Blue_Dragon_vs_Pantheon_g3,1187,155,11635,349,0,370,14,67,15,0.020202020202020204,30.0,30.0,31900,False
Blue_Dragon_vs_Pantheon_g3,1188,195,11635,349,0,371,14,67,15,0.12121212121212122,30.0,30.0,31930,False
Blue_Dragon_vs_Pantheon_g3,1189,225,11635,349,0,372,14,67,15,0.13131313131313133,30.0,30.0,31960,False
Blue_Dragon_vs_Pantheon_g3,1190,253,11635,349,0,373,14,68,15,0.12121212121212122,30.0,30.0,31990,False
Blue_Dragon_vs_Pantheon_g3,1191,45,11835,355,0,374,14,67,15,0.010101010101010102,30.0,30.0,32020,False
Blue_Dragon_vs_Pantheon_g3,1192,84,11635,349,0,375,14,67,15,0.10101010101010101,30.0,30.0,32050,False
Blue_Dragon_vs_Pantheon_g3,1193,114,11635,349,0,376,14,67,15,0.1111111111111111,30.0,30.0,32080,False
Blue_Dragon_vs_Pantheon_g3,1194,142,11635,349,0,377,14,67,15,0.1111111111111111,30.0,30.0,32110,False
Blue_Dragon_vs_Pantheon_g3,1195,171,11635,349,0,378,14,67,15,0.0,30.0,30.0,32140,False
Blue_Dragon_vs_Pantheon_g3,1196,211,11635,349,0,379,14,67,15,0.1111111111111111,30.0,30.0,32170,False
Blue_Dragon_vs_Pantheon_g3,1197,241,11635,349,0,380,14,68,15,0.1111111111111111,30.0,30.0,32200,False
Blue_Dragon_vs_Pantheon_g3,1198,31,11835,355,0,381,14,67,15,-2.292929292929293,30.0,30.0,32230,False
Blue_Dragon_vs_Pantheon_g3,1199,61,11635,349,0,382,14,67,15,0.0,30.0,30.0,32260,False
Blue_Dragon_vs_Pantheon_g3,1200,100,11635,349,0,383,14,67,15,0.09090909090909091,30.0,30.0,32290,False
Blue_Dragon_vs_Pantheon_g3,1201,129,11635,349,0,384,14,67,15,0.10101010101010101,30.0,30.0,32320,False
Blue_Dragon_vs_Pantheon_g3,1202,158,11635,349,0,385,14,67,15,0.1111111111111111,30.0,30.0,32350,False
Blue_Dragon_vs_Pantheon_g3,1203,187,11635,349,0,386,14,67,15,0.010101010101010102,30.0,30.0,32380,False
Blue_Dragon_vs_Pantheon_g3,1204,227,11635,349,0,387,14,67,15,0.1111111111111111,30.0,30.0,32410,False
Blue_Dragon_vs_Pantheon_g3,1205,256,11635,349,0,388,14,68,15,0.1111111111111111,30.0,30.0,32440,False
Blue_Dragon_vs_Pantheon_g3,1206,46,11835,355,0,389,14,67,15,0.08080808080808081,30.0,30.0,32470,False
Blue_Dragon_vs_Pantheon_g3,1207,76,11635,349,0,390,14,67,15,0.0,30.0,30.0,32500,False
Blue_Dragon_vs_Pantheon_g3,1208,115,11635,349,0,391,14,67,15,0.09090909090909091,30.0,30.0,32530,False
Blue_Dragon_vs_Pantheon_g3,1209,144,11635,349,0,392,14,67,15,0.10101010101010101,30.0,30.0,32560,False
Blue_Dragon_vs_Pantheon_g3,1210,172,11635,349,0,393,14,67,15,0.08080808080808081,30.0,30.0,32590,False
Blue_Dragon_vs_Pantheon_g3,1211,202,11635,349,0,394,14,67,15,0.2222222222222222,30.0,30.0,32620,False
Blue_Dragon_vs_Pantheon_g3,1212,241,11635,349,0,395,14,67,15,0.31313131313131315,30.0,30.0,32650,False
Blue_Dragon_vs_Pantheon_g3,1213,264,11640,349,0,396,14,68,15,0.26262626262626265,30.0,30.0,32680,False
Blue_Dragon_vs_Pantheon_g3,1214,56,11840,355,0,397,14,67,15,0.25252525252525254,30.0,30.0,32710,False
Blue_Dragon_vs_Pantheon_g3,1215,85,11640,349,0,398,14,67,15,0.15151515151515152,30.0,30.0,32740,False
Blue_Dragon_vs_Pantheon_g3,1216,124,11640,349,0,399,14,67,15,0.24242424242424243,30.0,30.0,32770,False
Blue_Dragon_vs_Pantheon_g3,1217,152,11640,349,0,400,14,67,15,0.24242424242424243,30.0,30.0,32800,False
Blue_Dragon_vs_Pantheon_g3,1218,181,11640,349,0,401,14,67,15,0.24242424242424243,30.0,30.0,32830,False
Blue_Dragon_vs_Pantheon_g3,1219,210,11640,349,0,402,14,67,15,0.1414141414141414,30.0,30.0,32860,False
Blue_Dragon_vs_Pantheon_g3,1220,249,11640,349,0,403,14,68,15,0.24242424242424243,30.0,30.0,32890,False
Blue_Dragon_vs_Pantheon_g3,1221,41,11840,355,0,404,14,67,15,-2.1515151515151514,30.0,30.0,32920,False
Blue_Dragon_vs_Pantheon_g3,1222,70,11640,349,0,405,14,67,15,0.24242424242424243,30.0,30.0,32950,False
Blue_Dragon_vs_Pantheon_g3,1223,99,11640,349,0,406,14,67,15,0.1414141414141414,30.0,30.0,32980,False
Blue_Dragon_vs_Pantheon_g3,1224,139,11640,349,0,407,14,67,15,0.25252525252525254,30.0,30.0,33010,False
Blue_Dragon_vs_Pantheon_g3,1225,169,11640,349,0,408,14,67,15,0.3333333333333333,30.0,30.0,33040,False
Blue_Dragon_vs_Pantheon_g3,1226,198,11640,349,0,409,14,67,15,0.3333333333333333,30.0,30.0,33070,False
Blue_Dragon_vs_Pantheon_g3,1227,226,11640,349,0,410,14,67,15,0.2222222222222222,30.0,30.0,33100,False
Blue_Dragon_vs_Pantheon_g3,1228,266,11640,349,0,411,14,68,15,0.32323232323232326,30.0,30.0,33130,False
Blue_Dragon_vs_Pantheon_g3,1229,57,11840,355,0,412,14,67,15,-2.0707070707070705,30.0,30.0,33160,False
Blue_Dragon_vs_Pantheon_g3,1230,86,11640,349,0,413,14,67,15,0.3333333333333333,30.0,30.0,33190,False
Blue_Dragon_vs_Pantheon_g3,1231,115,11640,349,0,414,14,67,15,0.23232323232323232,30.0,30.0,33220,False
Blue_Dragon_vs_Pantheon_g3,1232,155,11640,349,0,415,14,67,15,0.3333333333333333,30.0,30.0,33250,False
Blue_Dragon_vs_Pantheon_g3,1233,183,11640,349,0,416,14,67,15,0.3333333333333333,30.0,30.0,33280,False
Blue_Dragon_vs_Pantheon_g3,1234,212,11640,349,0,417,14,67,15,0.3333333333333333,30.0,30.0,33310,False
Blue_Dragon_vs_Pantheon_g3,1235,241,11640,349,0,418,14,68,15,0.23232323232323232,30.0,30.0,33340,False
Blue_Dragon_vs_Pantheon_g3,1236,42,11840,355,0,419,14,67,15,-2.080808080808081,30.0,30.0,33370,False
Blue_Dragon_vs_Pantheon_g3,1237,63,11645,349,0,420,14,67,15,0.25252525252525254,30.0,30.0,33400,False
Blue_Dragon_vs_Pantheon_g3,1238,92,11645,349,0,421,14,67,15,0.25252525252525254,30.0,30.0,33430,False
Blue_Dragon_vs_Pantheon_g3,1239,114,11650,349,0,422,14,67,15,0.08080808080808081,30.0,30.0,33460,False
Blue_Dragon_vs_Pantheon_g3,1240,153,11650,349,0,423,14,67,15,0.18181818181818182,30.0,30.0,33490,False
Blue_Dragon_vs_Pantheon_g3,1241,183,11650,349,0,424,14,67,15,0.20202020202020202,30.0,30.0,33520,False
Blue_Dragon_vs_Pantheon_g3,1242,212,11650,349,0,425,14,67,15,0.1919191919191919,30.0,30.0,33550,False
Blue_Dragon_vs_Pantheon_g3,1243,241,11650,349,0,426,14,67,15,0.09090909090909091,30.0,30.0,33580,False
Blue_Dragon_vs_Pantheon_g3,1244,280,11650,349,0,427,14,67,15,0.1919191919191919,30.0,30.0,33610,False
Blue_Dragon_vs_Pantheon_g3,1245,303,11655,349,0,428,14,68,15,2.5454545454545454,30.0,30.0,33640,False
Blue_Dragon_vs_Pantheon_g3,1246,94,11845,355,0,429,14,67,15,0.1414141414141414,30.0,30.0,33670,False
Blue_Dragon_vs_Pantheon_g3,1247,123,11645,349,0,430,14,67,15,0.04040404040404041,30.0,30.0,33700,False
Blue_Dragon_vs_Pantheon_g3,1248,155,11650,349,0,431,14,67,15,0.06060606060606061,30.0,30.0,33730,False
Blue_Dragon_vs_Pantheon_g3,1249,185,11650,349,0,432,14,67,15,0.08080808080808081,30.0,30.0,33760,False
Blue_Dragon_vs_Pantheon_g3,1250,215,11650,349,0,433,14,67,15,0.08080808080808081,30.0,30.0,33790,False
Blue_Dragon_vs_Pantheon_g3,1251,243,11650,349,0,434,14,67,15,-0.030303030303030304,30.0,30.0,33820,False
Blue_Dragon_vs_Pantheon_g3,1252,283,11650,349,0,435,14,68,15,2.474747474747475,30.0,30.0,33850,False
Blue_Dragon_vs_Pantheon_g3,1253,72,11845,355,0,436,14,67,15,0.06060606060606061,30.0,30.0,33880,False
Blue_Dragon_vs_Pantheon_g3,1254,102,11645,349,0,437,14,67,15,0.0707070707070707,30.0,30.0,33910,False
Blue_Dragon_vs_Pantheon_g3,1255,130,11645,349,0,438,14,67,15,-0.04040404040404041,30.0,30.0,33940,False
Blue_Dragon_vs_Pantheon_g3,1256,170,11645,349,0,439,14,67,15,0.06060606060606061,30.0,30.0,33970,False
Blue_Dragon_vs_Pantheon_g3,1257,199,11645,349,0,440,14,67,15,0.0707070707070707,30.0,30.0,34000,False
Blue_Dragon_vs_Pantheon_g3,1258,229,11645,349,0,441,14,67,15,0.0707070707070707,30.0,30.0,34030,False
Blue_Dragon_vs_Pantheon_g3,1259,234,11655,349,0,442,14,67,15,-0.2727272727272727,30.0,30.0,34060,False
Blue_Dragon_vs_Pantheon_g3,1260,274,11655,349,0,443,14,67,15,2.242424242424242,30.0,30.0,34090,False
Blue_Dragon_vs_Pantheon_g3,1261,304,11655,349,0,444,14,67,15,2.2626262626262625,30.0,30.0,34120,False
Blue_Dragon_vs_Pantheon_g3,1262,333,11655,349,0,445,14,67,15,2.2525252525252526,30.0,30.0,34150,False
Blue_Dragon_vs_Pantheon_g3,1263,361,11655,349,0,446,14,67,15,2.1414141414141414,30.0,30.0,34180,False
Blue_Dragon_vs_Pantheon_g3,1264,401,11655,349,0,447,14,67,15,2.2525252525252526,30.0,30.0,34210,False
Blue_Dragon_vs_Pantheon_g3,1265,431,11655,349,0,448,14,67,15,2.2626262626262625,30.0,30.0,34240,False
Blue_Dragon_vs_Pantheon_g3,1266,461,11655,349,0,449,14,68,15,2.272727272727273,30.0,30.0,34270,False
Blue_Dragon_vs_Pantheon_g3,1267,251,11845,355,0,450,14,67,15,-0.24242424242424243,30.0,30.0,34300,False
Blue_Dragon_vs_Pantheon_g3,1268,291,11645,349,0,451,14,68,15,2.2626262626262625,30.0,30.0,34330,False
Blue_Dragon_vs_Pantheon_g3,1269,75,11850,355,0,452,14,68,15,-0.20202020202020202,30.0,30.0,34360,False
Blue_Dragon_vs_Pantheon_g3,1270,97,11855,355,0,453,14,68,15,-0.2828282828282828,30.0,30.0,34390,False
Blue_Dragon_vs_Pantheon_g3,1271,125,11855,355,0,454,14,67,15,-0.3939393939393939,30.0,30.0,34420,False
Blue_Dragon_vs_Pantheon_g3,1272,164,11655,349,0,455,14,67,15,-0.29292929292929293,30.0,30.0,34450,False
Blue_Dragon_vs_Pantheon_g3,1273,171,11665,349,0,456,14,67,15,-0.5151515151515151,30.0,30.0,34480,False
Blue_Dragon_vs_Pantheon_g3,1274,201,11665,349,0,457,14,67,15,-0.5050505050505051,30.0,30.0,34510,False
Blue_Dragon_vs_Pantheon_g3,1275,229,11665,349,0,458,14,67,15,1.7878787878787878,30.0,30.0,34540,False
Blue_Dragon_vs_Pantheon_g3,1276,269,11665,349,0,459,14,67,15,1.8888888888888888,30.0,30.0,34570,False
Blue_Dragon_vs_Pantheon_g3,1277,299,11665,349,0,460,14,68,15,1.9090909090909092,30.0,30.0,34600,False
Blue_Dragon_vs_Pantheon_g3,1278,91,11855,355,0,461,14,67,15,-0.494949494949495,30.0,30.0,34630,False
Blue_Dragon_vs_Pantheon_g3,1279,119,11655,349,0,462,14,67,15,-0.6060606060606061,30.0,30.0,34660,False
Blue_Dragon_vs_Pantheon_g3,1280,135,11665,349,0,463,14,67,15,-0.7474747474747475,30.0,30.0,34690,False
Blue_Dragon_vs_Pantheon_g3,1281,165,11665,349,0,464,14,67,15,-0.7373737373737373,30.0,30.0,34720,False
Blue_Dragon_vs_Pantheon_g3,1282,195,11665,349,0,465,14,67,15,-0.7272727272727273,30.0,30.0,34750,False
Blue_Dragon_vs_Pantheon_g3,1283,223,11665,349,0,466,14,67,15,1.5656565656565657,30.0,30.0,34780,False
Blue_Dragon_vs_Pantheon_g3,1284,263,11665,349,0,467,14,67,15,1.6767676767676767,30.0,30.0,34810,False
Blue_Dragon_vs_Pantheon_g3,1285,292,11665,349,0,468,14,67,15,1.6767676767676767,30.0,30.0,34840,False
Blue_Dragon_vs_Pantheon_g3,1286,322,11665,349,0,469,14,67,15,1.6868686868686869,30.0,30.0,34870,False
Blue_Dragon_vs_Pantheon_g3,1287,351,11665,349,0,470,14,68,15,1.5757575757575757,30.0,30.0,34900,False
Blue_Dragon_vs_Pantheon_g3,1288,153,11855,355,0,471,14,67,15,-0.7272727272727273,30.0,30.0,34930,False
Blue_Dragon_vs_Pantheon_g3,1289,183,11655,349,0,472,14,67,15,-0.7070707070707071,30.0,30.0,34960,False
Blue_Dragon_vs_Pantheon_g3,1290,188,11665,349,0,473,14,67,15,1.4444444444444444,30.0,30.0,34990,False
Blue_Dragon_vs_Pantheon_g3,1291,217,11665,349,0,474,14,67,15,1.3434343434343434,30.0,30.0,35020,False
Blue_Dragon_vs_Pantheon_g3,1292,257,11665,349,0,475,14,67,15,1.4444444444444444,30.0,30.0,35050,False
Blue_Dragon_vs_Pantheon_g3,1293,287,11665,349,0,476,14,68,15,1.4646464646464648,30.0,30.0,35080,False
Blue_Dragon_vs_Pantheon_g3,1294,79,11855,355,0,477,14,67,15,-0.9292929292929293,30.0,30.0,35110,False
Blue_Dragon_vs_Pantheon_g3,1295,106,11655,349,0,478,14,67,15,-1.0606060606060606,30.0,30.0,35140,False
Blue_Dragon_vs_Pantheon_g3,1296,123,11665,349,0,479,14,67,15,-1.1919191919191918,30.0,30.0,35170,False
Blue_Dragon_vs_Pantheon_g3,1297,153,11665,349,0,480,14,67,15,1.2323232323232323,30.0,30.0,35200,False
Blue_Dragon_vs_Pantheon_g3,1298,182,11665,349,0,481,14,67,15,1.2222222222222223,30.0,30.0,35230,False
Blue_Dragon_vs_Pantheon_g3,1299,210,11665,349,0,482,14,67,15,1.1111111111111112,30.0,30.0,35260,False
Blue_Dragon_vs_Pantheon_g3,1300,250,11665,349,0,483,14,67,15,1.2222222222222223,30.0,30.0,35290,False
Blue_Dragon_vs_Pantheon_g3,1301,280,11665,349,0,484,14,67,15,1.2323232323232323,30.0,30.0,35320,False
Blue_Dragon_vs_Pantheon_g3,1302,309,11665,349,0,485,14,67,15,1.2323232323232323,30.0,30.0,35350,False
Blue_Dragon_vs_Pantheon_g3,1303,338,11665,349,0,486,14,67,15,1.121212121212121,30.0,30.0,35380,False
Blue_Dragon_vs_Pantheon_g3,1304,378,11665,349,0,487,14,68,15,1.2323232323232323,30.0,30.0,35410,False
Blue_Dragon_vs_Pantheon_g3,1305,170,11855,355,0,488,14,67,15,1.2525252525252526,30.0,30.0,35440,False
Blue_Dragon_vs_Pantheon_g3,1306,199,11655,349,0,489,14,67,15,1.2424242424242424,30.0,30.0,35470,False
Blue_Dragon_vs_Pantheon_g3,1307,204,11665,349,0,490,14,67,15,0.898989898989899,30.0,30.0,35500,False
Blue_Dragon_vs_Pantheon_g3,1308,244,11665,349,0,491,14,68,15,1.0101010101010102,30.0,30.0,35530,False
Blue_Dragon_vs_Pantheon_g3,1309,36,11855,355,0,492,14,67,15,-1.3737373737373737,30.0,30.0,35560,False
Blue_Dragon_vs_Pantheon_g3,1310,41,11665,349,0,493,14,67,15,-1.6262626262626263,30.0,30.0,35590,False
Blue_Dragon_vs_Pantheon_g3,1311,46,11675,350,0,494,14,67,15,-1.9696969696969697,30.0,30.0,35620,False
Blue_Dragon_vs_Pantheon_g3,1312,86,11675,350,0,495,14,67,15,-1.797979797979798,30.0,30.0,35650,False
Blue_Dragon_vs_Pantheon_g3,1313,116,11675,350,0,496,14,67,15,0.6060606060606061,30.0,30.0,35680,False
Blue_Dragon_vs_Pantheon_g3,1314,146,11675,350,0,497,14,67,15,0.6161616161616161,30.0,30.0,35710,False
Blue_Dragon_vs_Pantheon_g3,1315,174,11675,350,0,498,14,67,15,0.5050505050505051,30.0,30.0,35740,False
Blue_Dragon_vs_Pantheon_g3,1316,214,11675,350,0,499,14,67,15,0.6262626262626263,30.0,30.0,35770,False
Blue_Dragon_vs_Pantheon_g3,1317,243,11675,350,0,500,14,68,15,0.6262626262626263,30.0,30.0,35800,False
Blue_Dragon_vs_Pantheon_g3,1318,33,11865,355,0,501,14,67,15,-1.7878787878787878,30.0,30.0,35830,False
Blue_Dragon_vs_Pantheon_g3,1319,62,11665,349,0,502,14,67,15,-1.8888888888888888,30.0,30.0,35860,False
Blue_Dragon_vs_Pantheon_g3,1320,78,11675,350,0,503,14,67,15,0.37373737373737376,30.0,30.0,35890,False
Blue_Dragon_vs_Pantheon_g3,1321,108,11675,350,0,504,14,67,15,0.3838383838383838,30.0,30.0,35920,False
Blue_Dragon_vs_Pantheon_g3,1322,138,11675,350,0,505,14,67,15,0.3939393939393939,30.0,30.0,35950,False
Blue_Dragon_vs_Pantheon_g3,1323,160,11680,350,0,506,14,67,15,0.21212121212121213,30.0,30.0,35980,False
Blue_Dragon_vs_Pantheon_g3,1324,198,11680,350,0,507,14,67,15,0.29292929292929293,30.0,30.0,36010,False
Blue_Dragon_vs_Pantheon_g3,1325,221,11685,350,0,508,14,67,15,0.23232323232323232,30.0,30.0,36040,False
Blue_Dragon_vs_Pantheon_g3,1326,242,11690,350,0,509,14,67,15,0.16161616161616163,30.0,30.0,36070,False
Blue_Dragon_vs_Pantheon_g3,1327,272,11690,350,0,510,14,68,15,0.06060606060606061,30.0,30.0,36100,False
Blue_Dragon_vs_Pantheon_g3,1328,72,11880,356,0,511,14,68,15,0.15151515151515152,30.0,30.0,36130,False
Blue_Dragon_vs_Pantheon_g3,1329,102,11880,356,0,512,14,68,15,0.16161616161616163,30.0,30.0,36160,False
Blue_Dragon_vs_Pantheon_g3,1330,122,11885,356,0,513,14,68,15,0.0707070707070707,30.0,30.0,36190,False
Blue_Dragon_vs_Pantheon_g3,1331,149,11885,356,0,514,14,68,15,-0.06060606060606061,30.0,30.0,36220,False
Blue_Dragon_vs_Pantheon_g3,1332,186,11885,356,0,515,14,68,15,0.030303030303030304,30.0,30.0,36250,False
Blue_Dragon_vs_Pantheon_g3,1333,216,11885,356,0,516,14,68,15,0.04040404040404041,30.0,30.0,36280,False
Blue_Dragon_vs_Pantheon_g3,1334,244,11885,356,0,517,14,68,15,0.030303030303030304,30.0,30.0,36310,False
Blue_Dragon_vs_Pantheon_g3,1335,271,11885,356,0,518,14,68,15,2.313131313131313,30.0,30.0,36340,False
Blue_Dragon_vs_Pantheon_g3,1336,310,11885,356,0,519,14,68,15,2.494949494949495,30.0,30.0,36370,False
Blue_Dragon_vs_Pantheon_g3,1337,338,11885,356,0,520,14,68,15,2.484848484848485,30.0,30.0,36400,False
Blue_Dragon_vs_Pantheon_g3,1338,366,11885,356,0,521,14,68,15,2.5454545454545454,30.0,30.0,36430,False
Blue_Dragon_vs_Pantheon_g3,1339,395,11885,356,0,522,14,68,15,2.4444444444444446,30.0,30.0,36460,False
Blue_Dragon_vs_Pantheon_g3,1340,426,11890,356,0,523,14,68,15,2.4545454545454546,30.0,30.0,36490,False
Blue_Dragon_vs_Pantheon_g3,1341,448,11895,356,0,524,14,68,15,2.3838383838383836,30.0,30.0,36520,False
Blue_Dragon_vs_Pantheon_g3,1342,469,11900,357,0,525,14,68,15,2.303030303030303,30.0,30.0,36550,False
Blue_Dragon_vs_Pantheon_g3,1343,491,11905,357,0,526,14,68,15,2.1313131313131315,30.0,30.0,36580,False
Blue_Dragon_vs_Pantheon_g3,1344,529,11905,357,0,527,14,68,15,2.282828282828283,30.0,30.0,36610,False
Blue_Dragon_vs_Pantheon_g3,1345,559,11905,357,0,528,14,68,15,4.696969696969697,30.0,30.0,36640,False
Blue_Dragon_vs_Pantheon_g3,1346,587,11905,357,0,529,14,68,15,4.686868686868687,30.0,30.0,36670,False
Blue_Dragon_vs_Pantheon_g3,1347,616,11905,357,0,530,14,68,15,4.656565656565657,30.0,30.0,36700,False
Blue_Dragon_vs_Pantheon_g3,1348,656,11905,357,0,531,14,68,15,4.757575757575758,30.0,30.0,36730,False
Blue_Dragon_vs_Pantheon_g3,1349,686,11905,357,0,532,14,68,15,4.757575757575758,30.0,30.0,36760,False
Blue_Dragon_vs_Pantheon_g3,1350,715,11905,357,0,533,14,68,15,4.767676767676767,30.0,30.0,36790,False
Blue_Dragon_vs_Pantheon_g3,1351,744,11905,357,0,534,14,67,15,4.656565656565657,30.0,30.0,36820,False
Blue_Dragon_vs_Pantheon_g3,1352,621,11795,353,0,535,14,68,15,5.545454545454546,30.0,30.0,36850,False
Blue_Dragon_vs_Pantheon_g3,1353,409,11995,359,0,536,14,68,15,3.101010101010101,30.0,30.0,36880,False
Blue_Dragon_vs_Pantheon_g3,1354,431,12000,360,0,537,14,68,15,3.04040404040404,30.0,30.0,36910,False
Blue_Dragon_vs_Pantheon_g3,1355,442,12010,360,0,538,14,68,15,2.7474747474747474,30.0,30.0,36940,False
Blue_Dragon_vs_Pantheon_g3,1356,480,12010,360,0,539,14,68,15,2.8383838383838382,30.0,30.0,36970,False
Blue_Dragon_vs_Pantheon_g3,1357,509,12010,360,0,540,14,68,15,2.8282828282828283,30.0,30.0,37000,False
Blue_Dragon_vs_Pantheon_g3,1358,539,12010,360,0,541,14,68,15,3.080808080808081,30.0,30.0,37030,False
Blue_Dragon_vs_Pantheon_g3,1359,568,12010,360,0,542,14,68,15,2.9696969696969697,30.0,30.0,37060,False
Blue_Dragon_vs_Pantheon_g3,1360,608,12010,360,0,543,14,68,15,3.0707070707070705,30.0,30.0,37090,False
Blue_Dragon_vs_Pantheon_g3,1361,589,12020,360,0,544,14,68,15,2.585858585858586,30.0,30.0,37120,False
Blue_Dragon_vs_Pantheon_g3,1362,586,12030,360,0,545,14,68,15,2.272727272727273,30.0,30.0,37150,False
Blue_Dragon_vs_Pantheon_g3,1363,591,12035,361,0,546,14,69,15,1.9191919191919191,30.0,30.0,37180,False
Blue_Dragon_vs_Pantheon_g3,1364,357,12230,366,0,547,14,69,15,-0.7474747474747475,30.0,30.0,37210,False
Blue_Dragon_vs_Pantheon_g3,1365,132,12220,366,0,548,14,69,15,-3.323232323232323,30.0,30.0,37240,False
Blue_Dragon_vs_Pantheon_g3,1366,160,12220,366,0,549,14,69,15,-0.9191919191919192,30.0,30.0,37270,False
Blue_Dragon_vs_Pantheon_g3,1367,189,12220,366,0,550,14,69,15,-1.0303030303030303,30.0,30.0,37300,False
Blue_Dragon_vs_Pantheon_g3,1368,229,12220,366,0,551,14,68,15,1.5555555555555556,30.0,30.0,37330,False
Blue_Dragon_vs_Pantheon_g3,1369,258,12020,360,0,552,14,68,15,1.6262626262626263,30.0,30.0,37360,False
Blue_Dragon_vs_Pantheon_g3,1370,287,12020,360,0,553,14,68,15,1.6363636363636365,30.0,30.0,37390,False
Blue_Dragon_vs_Pantheon_g3,1371,316,12020,360,0,554,14,68,15,1.5353535353535352,30.0,30.0,37420,False
Blue_Dragon_vs_Pantheon_g3,1372,356,12020,360,0,555,14,68,15,1.8686868686868687,30.0,30.0,37450,False
Blue_Dragon_vs_Pantheon_g3,1373,385,12020,360,0,556,14,68,15,1.8585858585858586,30.0,30.0,37480,False
Blue_Dragon_vs_Pantheon_g3,1374,367,12025,360,0,557,14,68,15,1.393939393939394,30.0,30.0,37510,False
Blue_Dragon_vs_Pantheon_g3,1375,371,12030,360,0,558,14,69,16,1.0303030303030303,30.0,30.0,37540,False
Blue_Dragon_vs_Pantheon_g3,1376,221,12080,362,0,559,14,69,16,-0.7878787878787878,30.0,30.0,37570,False
Blue_Dragon_vs_Pantheon_g3,1377,250,12080,362,0,560,14,69,16,1.606060606060606,30.0,30.0,37600,False
Blue_Dragon_vs_Pantheon_g3,1378,279,12080,362,0,561,14,69,16,1.6161616161616161,30.0,30.0,37630,False
Blue_Dragon_vs_Pantheon_g3,1379,308,12080,362,0,562,14,69,16,1.7474747474747474,30.0,30.0,37660,False
Blue_Dragon_vs_Pantheon_g3,1380,348,12080,362,0,563,14,69,16,1.8484848484848484,30.0,30.0,37690,False
Blue_Dragon_vs_Pantheon_g3,1381,377,12080,362,0,564,14,69,16,1.8383838383838385,30.0,30.0,37720,False
Blue_Dragon_vs_Pantheon_g3,1382,406,12080,362,0,565,14,69,16,1.8484848484848484,30.0,30.0,37750,False
Blue_Dragon_vs_Pantheon_g3,1383,434,12080,362,0,566,14,69,16,1.7272727272727273,30.0,30.0,37780,False
Blue_Dragon_vs_Pantheon_g3,1384,474,12080,362,0,567,14,69,16,1.8383838383838385,30.0,30.0,37810,False
Blue_Dragon_vs_Pantheon_g3,1385,503,12080,362,0,568,14,69,16,1.8282828282828283,30.0,30.0,37840,False
Blue_Dragon_vs_Pantheon_g3,1386,533,12080,362,0,569,14,69,16,1.8383838383838385,30.0,30.0,37870,False
Blue_Dragon_vs_Pantheon_g3,1387,561,12080,362,0,570,14,69,16,4.121212121212121,30.0,30.0,37900,False
Blue_Dragon_vs_Pantheon_g3,1388,601,12080,362,0,571,14,69,16,4.222222222222222,30.0,30.0,37930,False
Blue_Dragon_vs_Pantheon_g3,1389,631,12080,362,0,572,14,69,16,4.474747474747475,30.0,30.0,37960,False
Blue_Dragon_vs_Pantheon_g3,1390,635,12085,362,0,573,14,69,16,4.222222222222222,30.0,30.0,37990,False
Blue_Dragon_vs_Pantheon_g3,1391,497,12180,365,0,574,14,69,16,2.4242424242424243,30.0,30.0,38020,False
Blue_Dragon_vs_Pantheon_g3,1392,536,12180,365,0,575,14,69,16,2.515151515151515,30.0,30.0,38050,False
Blue_Dragon_vs_Pantheon_g3,1393,541,12185,365,0,576,14,69,16,4.666666666666667,30.0,30.0,38080,False
Blue_Dragon_vs_Pantheon_g3,1394,545,12190,365,0,577,14,69,16,4.434343434343434,30.0,30.0,38110,False
Blue_Dragon_vs_Pantheon_g3,1395,574,12190,365,0,578,14,69,16,4.555555555555555,30.0,30.0,38140,False
Blue_Dragon_vs_Pantheon_g3,1396,614,12190,365,0,579,14,69,16,4.656565656565657,30.0,30.0,38170,False
Blue_Dragon_vs_Pantheon_g3,1397,643,12190,365,0,580,14,69,16,4.656565656565657,30.0,30.0,38200,False
Blue_Dragon_vs_Pantheon_g3,1398,673,12190,365,0,581,14,69,16,4.6767676767676765,30.0,30.0,38230,False
Blue_Dragon_vs_Pantheon_g3,1399,701,12190,365,0,582,14,69,16,4.555555555555555,30.0,30.0,38260,False
Blue_Dragon_vs_Pantheon_g3,1400,741,12190,365,0,583,14,69,16,4.656565656565657,30.0,30.0,38290,False
Blue_Dragon_vs_Pantheon_g3,1401,745,12200,366,0,584,14,69,16,4.404040404040404,30.0,30.0,38320,False
Blue_Dragon_vs_Pantheon_g3,1402,774,12200,366,0,585,14,69,16,4.404040404040404,30.0,30.0,38350,False
Blue_Dragon_vs_Pantheon_g3,1403,802,12200,366,0,586,14,70,16,4.282828282828283,30.0,30.0,38380,False
Blue_Dragon_vs_Pantheon_g3,1404,554,12400,372,0,587,14,69,16,3.878787878787879,30.0,30.0,38410,False
Blue_Dragon_vs_Pantheon_g3,1405,575,12205,366,0,588,14,70,16,3.797979797979798,30.0,30.0,38440,False
Blue_Dragon_vs_Pantheon_g3,1406,349,12405,372,0,589,14,69,16,1.4646464646464648,30.0,30.0,38470,False
Blue_Dragon_vs_Pantheon_g3,1407,377,12205,366,0,590,14,69,16,1.3434343434343434,30.0,30.0,38500,False
Blue_Dragon_vs_Pantheon_g3,1408,409,12210,366,0,591,14,70,16,3.7676767676767677,30.0,30.0,38530,False
Blue_Dragon_vs_Pantheon_g3,1409,184,12410,372,0,592,14,69,16,1.4444444444444444,30.0,30.0,38560,False
Blue_Dragon_vs_Pantheon_g3,1410,214,12210,366,0,593,14,69,16,1.696969696969697,30.0,30.0,38590,False
Blue_Dragon_vs_Pantheon_g3,1411,242,12210,366,0,594,14,69,16,1.5757575757575757,30.0,30.0,38620,False
Blue_Dragon_vs_Pantheon_g3,1412,282,12210,366,0,595,14,69,16,1.6767676767676767,30.0,30.0,38650,False
Blue_Dragon_vs_Pantheon_g3,1413,286,12220,366,0,596,14,69,16,1.4141414141414141,30.0,30.0,38680,False
Blue_Dragon_vs_Pantheon_g3,1414,314,12220,366,0,597,14,69,16,1.4141414141414141,30.0,30.0,38710,False
Blue_Dragon_vs_Pantheon_g3,1415,335,12225,366,0,598,14,69,16,1.2222222222222223,30.0,30.0,38740,False
Blue_Dragon_vs_Pantheon_g3,1416,374,12225,366,0,599,14,69,16,1.3232323232323233,30.0,30.0,38770,False
Blue_Dragon_vs_Pantheon_g3,1417,404,12225,366,0,600,14,69,16,3.7474747474747474,30.0,30.0,38800,False
Blue_Dragon_vs_Pantheon_g3,1418,433,12225,366,0,601,14,69,16,3.7474747474747474,30.0,30.0,38830,False
Blue_Dragon_vs_Pantheon_g3,1419,462,12225,366,0,602,14,69,16,3.878787878787879,30.0,30.0,38860,False
Blue_Dragon_vs_Pantheon_g3,1420,502,12225,366,0,603,14,69,16,3.9797979797979797,30.0,30.0,38890,False
Blue_Dragon_vs_Pantheon_g3,1421,507,12230,366,0,604,14,69,16,3.727272727272727,30.0,30.0,38920,False
Blue_Dragon_vs_Pantheon_g3,1422,486,12250,367,0,605,14,69,16,3.292929292929293,30.0,30.0,38950,False
Blue_Dragon_vs_Pantheon_g3,1423,489,12260,367,0,606,14,70,17,2.9393939393939394,30.0,30.0,38980,False
Blue_Dragon_vs_Pantheon_g3,1424,358,12300,369,0,607,14,70,17,1.3838383838383839,30.0,30.0,39010,False
Blue_Dragon_vs_Pantheon_g3,1425,387,12300,369,0,608,14,70,17,1.4646464646464648,30.0,30.0,39040,False
Blue_Dragon_vs_Pantheon_g3,1426,390,12310,369,0,609,14,70,17,1.1919191919191918,30.0,30.0,39070,False
Blue_Dragon_vs_Pantheon_g3,1427,419,12310,369,0,610,14,70,17,3.505050505050505,30.0,30.0,39100,False
Blue_Dragon_vs_Pantheon_g3,1428,458,12310,369,0,611,14,70,17,3.595959595959596,30.0,30.0,39130,False
Blue_Dragon_vs_Pantheon_g3,1429,487,12310,369,0,612,14,70,17,3.686868686868687,30.0,30.0,39160,False
Blue_Dragon_vs_Pantheon_g3,1430,515,12310,369,0,613,14,70,17,3.696969696969697,30.0,30.0,39190,False
Blue_Dragon_vs_Pantheon_g3,1431,544,12310,369,0,614,14,70,17,3.6161616161616164,30.0,30.0,39220,False
Blue_Dragon_vs_Pantheon_g3,1432,584,12310,369,0,615,14,70,17,3.717171717171717,30.0,30.0,39250,False
Blue_Dragon_vs_Pantheon_g3,1433,614,12310,369,0,616,14,70,17,3.7373737373737375,30.0,30.0,39280,False
Blue_Dragon_vs_Pantheon_g3,1434,642,12310,369,0,617,14,70,17,3.7474747474747474,30.0,30.0,39310,False
Blue_Dragon_vs_Pantheon_g3,1435,672,12310,369,0,618,14,70,17,3.6565656565656566,30.0,30.0,39340,False
Blue_Dragon_vs_Pantheon_g3,1436,710,12310,369,0,619,14,70,17,3.757575757575758,30.0,30.0,39370,False
Blue_Dragon_vs_Pantheon_g3,1437,740,12310,369,0,620,14,70,17,3.7777777777777777,30.0,30.0,39400,False
Blue_Dragon_vs_Pantheon_g3,1438,768,12310,369,0,621,14,70,17,3.7676767676767677,30.0,30.0,39430,False
Blue_Dragon_vs_Pantheon_g3,1439,798,12310,369,0,622,14,70,17,3.757575757575758,30.0,30.0,39460,False
Blue_Dragon_vs_Pantheon_g3,1440,811,12315,369,0,623,14,70,17,3.6666666666666665,30.0,30.0,39490,False
Blue_Dragon_vs_Pantheon_g3,1441,815,12320,369,0,624,14,70,17,3.494949494949495,30.0,30.0,39520,False
Blue_Dragon_vs_Pantheon_g3,1442,818,12330,369,0,625,14,70,17,3.303030303030303,30.0,30.0,39550,False
Blue_Dragon_vs_Pantheon_g3,1443,676,12420,372,0,626,14,70,17,1.4848484848484849,30.0,30.0,39580,False
Blue_Dragon_vs_Pantheon_g3,1444,715,12420,372,0,627,14,70,17,1.5757575757575757,30.0,30.0,39610,False
Blue_Dragon_vs_Pantheon_g3,1445,744,12420,372,0,628,14,70,17,1.5858585858585859,30.0,30.0,39640,False
Blue_Dragon_vs_Pantheon_g3,1446,772,12420,372,0,629,14,70,17,1.5757575757575757,30.0,30.0,39670,False
Blue_Dragon_vs_Pantheon_g3,1447,801,12420,372,0,630,14,70,17,1.4646464646464648,30.0,30.0,39700,False
Blue_Dragon_vs_Pantheon_g3,1448,841,12420,372,0,631,14,70,17,1.5656565656565657,30.0,30.0,39730,False
Blue_Dragon_vs_Pantheon_g3,1449,870,12420,372,0,632,14,70,17,1.5656565656565657,30.0,30.0,39760,False
Blue_Dragon_vs_Pantheon_g3,1450,891,12425,372,0,633,14,70,17,1.4848484848484849,30.0,30.0,39790,False
Blue_Dragon_vs_Pantheon_g3,1451,912,12430,372,0,634,14,70,17,2.9393939393939394,30.0,30.0,39820,False
Blue_Dragon_vs_Pantheon_g3,1452,951,12430,372,0,635,14,70,17,5.474747474747475,30.0,30.0,39850,False
Blue_Dragon_vs_Pantheon_g3,1453,955,12440,373,0,636,14,71,18,5.292929292929293,30.0,30.0,39880,False
Blue_Dragon_vs_Pantheon_g3,1454,810,12490,374,0,637,14,71,18,3.717171717171717,30.0,30.0,39910,False
Blue_Dragon_vs_Pantheon_g3,1455,838,12490,374,0,638,14,71,18,3.6161616161616164,30.0,30.0,39940,False
Blue_Dragon_vs_Pantheon_g3,1456,878,12490,374,0,639,14,71,18,3.727272727272727,30.0,30.0,39970,False
Blue_Dragon_vs_Pantheon_g3,1457,908,12490,374,0,640,14,71,18,3.727272727272727,30.0,30.0,40000,False
Blue_Dragon_vs_Pantheon_g3,1458,937,12490,374,0,641,14,71,18,3.727272727272727,30.0,30.0,40030,False
Blue_Dragon_vs_Pantheon_g3,1459,965,12490,374,0,642,14,71,18,3.606060606060606,30.0,30.0,40060,False
Blue_Dragon_vs_Pantheon_g3,1460,1005,12490,374,0,643,14,70,18,4.202020202020202,30.0,30.0,40090,False
Blue_Dragon_vs_Pantheon_g3,1461,1009,12295,368,0,644,14,71,18,4.2727272727272725,30.0,30.0,40120,False
Blue_Dragon_vs_Pantheon_g3,1462,782,12495,374,0,645,14,70,18,1.9292929292929293,30.0,30.0,40150,False
Blue_Dragon_vs_Pantheon_g3,1463,810,12295,368,0,646,14,71,18,4.575757575757576,30.0,30.0,40180,False
Blue_Dragon_vs_Pantheon_g3,1464,592,12495,374,0,647,14,71,18,4.646464646464646,30.0,30.0,40210,False
Blue_Dragon_vs_Pantheon_g3,1465,621,12495,374,0,648,14,71,18,4.656565656565657,30.0,30.0,40240,False
Blue_Dragon_vs_Pantheon_g3,1466,650,12495,374,0,649,14,71,18,4.656565656565657,30.0,30.0,40270,False
Blue_Dragon_vs_Pantheon_g3,1467,678,12495,374,0,650,14,70,18,4.5353535353535355,30.0,30.0,40300,False
Blue_Dragon_vs_Pantheon_g3,1468,718,12295,368,0,651,14,70,18,4.646464646464646,30.0,30.0,40330,False
Blue_Dragon_vs_Pantheon_g3,1469,748,12295,368,0,652,14,71,18,4.656565656565657,30.0,30.0,40360,False
Blue_Dragon_vs_Pantheon_g3,1470,520,12495,374,0,653,14,70,18,2.0606060606060606,30.0,30.0,40390,False
Blue_Dragon_vs_Pantheon_g3,1471,549,12295,368,0,654,14,71,18,1.9494949494949494,30.0,30.0,40420,False
Blue_Dragon_vs_Pantheon_g3,1472,332,12495,374,0,655,14,71,18,-0.5353535353535354,30.0,30.0,40450,False
Blue_Dragon_vs_Pantheon_g3,1473,362,12495,374,0,656,14,72,18,-0.050505050505050504,30.0,30.0,40480,False
Blue_Dragon_vs_Pantheon_g3,1474,128,12685,380,0,657,14,71,18,-2.4545454545454546,30.0,30.0,40510,False
Blue_Dragon_vs_Pantheon_g3,1475,156,12485,374,0,658,14,71,18,-0.6565656565656566,30.0,30.0,40540,False
Blue_Dragon_vs_Pantheon_g3,1476,196,12485,374,0,659,14,71,18,-0.5454545454545454,30.0,30.0,40570,False
Blue_Dragon_vs_Pantheon_g3,1477,226,12485,374,0,660,14,71,18,-0.5353535353535354,30.0,30.0,40600,False
Blue_Dragon_vs_Pantheon_g3,1478,255,12485,374,0,661,14,71,18,-0.5353535353535354,30.0,30.0,40630,False
Blue_Dragon_vs_Pantheon_g3,1479,284,12485,374,0,662,14,71,18,-0.6464646464646465,30.0,30.0,40660,False
Blue_Dragon_vs_Pantheon_g3,1480,324,12485,374,0,663,14,71,18,-0.5353535353535354,30.0,30.0,40690,False
Blue_Dragon_vs_Pantheon_g3,1481,354,12485,374,0,664,14,71,18,-0.5252525252525253,30.0,30.0,40720,False
Blue_Dragon_vs_Pantheon_g3,1482,383,12485,374,0,665,14,71,18,-0.5151515151515151,30.0,30.0,40750,False
Blue_Dragon_vs_Pantheon_g3,1483,411,12485,374,0,666,14,71,18,-0.6363636363636364,30.0,30.0,40780,False
Blue_Dragon_vs_Pantheon_g3,1484,451,12485,374,0,667,14,71,18,-0.5252525252525253,30.0,30.0,40810,False
Blue_Dragon_vs_Pantheon_g3,1485,481,12485,374,0,668,14,71,18,-0.5252525252525253,30.0,30.0,40840,False
Blue_Dragon_vs_Pantheon_g3,1486,510,12485,374,0,669,14,71,18,-0.5151515151515151,30.0,30.0,40870,False
Blue_Dragon_vs_Pantheon_g3,1487,539,12485,374,0,670,14,71,18,-0.6262626262626263,30.0,30.0,40900,False
Blue_Dragon_vs_Pantheon_g3,1488,578,12485,374,0,671,14,71,18,-0.5353535353535354,30.0,30.0,40930,False
Blue_Dragon_vs_Pantheon_g3,1489,607,12485,374,0,672,14,71,18,-0.2828282828282828,30.0,30.0,40960,False
Blue_Dragon_vs_Pantheon_g3,1490,636,12485,374,0,673,14,71,18,1.404040404040404,30.0,30.0,40990,False
Blue_Dragon_vs_Pantheon_g3,1491,666,12485,374,0,674,14,71,18,1.3131313131313131,30.0,30.0,41020,False
Blue_Dragon_vs_Pantheon_g3,1492,704,12485,374,0,675,14,71,18,1.6464646464646464,30.0,30.0,41050,False
Blue_Dragon_vs_Pantheon_g3,1493,733,12485,374,0,676,14,71,18,1.898989898989899,30.0,30.0,41080,False
Blue_Dragon_vs_Pantheon_g3,1494,761,12485,374,0,677,14,71,18,1.8888888888888888,30.0,30.0,41110,False
Blue_Dragon_vs_Pantheon_g3,1495,775,12495,374,0,678,14,71,18,1.6262626262626263,30.0,30.0,41140,False
Blue_Dragon_vs_Pantheon_g3,1496,807,12500,375,0,679,14,71,18,1.6565656565656566,30.0,30.0,41170,False
Blue_Dragon_vs_Pantheon_g3,1497,811,12510,375,0,680,14,71,18,1.393939393939394,30.0,30.0,41200,False
Blue_Dragon_vs_Pantheon_g3,1498,839,12510,375,0,681,14,71,18,1.393939393939394,30.0,30.0,41230,False
Blue_Dragon_vs_Pantheon_g3,1499,860,12515,375,0,682,14,72,18,1.202020202020202,30.0,30.0,41260,False
Blue_Dragon_vs_Pantheon_g3,1500,636,12715,381,0,683,14,71,18,-1.101010101010101,30.0,30.0,41290,False
Blue_Dragon_vs_Pantheon_g3,1501,656,12520,375,0,684,14,72,18,-1.1919191919191918,30.0,30.0,41320,False
Blue_Dragon_vs_Pantheon_g3,1502,420,12720,381,0,685,14,72,18,-3.8585858585858586,30.0,30.0,41350,False
Blue_Dragon_vs_Pantheon_g3,1503,449,12720,381,0,686,14,73,18,-1.0606060606060606,30.0,30.0,41380,False
Blue_Dragon_vs_Pantheon_g3,1504,219,12910,387,0,687,14,71,18,-3.595959595959596,30.0,30.0,41410,False
Blue_Dragon_vs_Pantheon_g3,1505,249,12510,375,0,688,14,71,18,-1.0101010101010102,30.0,30.0,41440,False
Blue_Dragon_vs_Pantheon_g3,1506,277,12510,375,0,689,14,71,18,-1.0101010101010102,30.0,30.0,41470,False
Blue_Dragon_vs_Pantheon_g3,1507,43,12510,375,0,690,14,71,18,-3.696969696969697,30.0,30.0,41500,False
Blue_Dragon_vs_Pantheon_g3,1508,83,12510,375,0,691,14,70,18,-1.02020202020202,30.0,30.0,41530,False
Blue_Dragon_vs_Pantheon_g3,1509,113,12310,369,0,692,14,70,18,-1.02020202020202,30.0,30.0,41560,False
Blue_Dragon_vs_Pantheon_g3,1510,141,12310,369,0,693,14,70,18,-1.02020202020202,30.0,30.0,41590,False
Blue_Dragon_vs_Pantheon_g3,1511,170,12310,369,0,694,14,70,18,-1.1313131313131313,30.0,30.0,41620,False
Blue_Dragon_vs_Pantheon_g3,1512,210,12310,369,0,695,14,70,18,-0.7676767676767676,30.0,30.0,41650,False
Blue_Dragon_vs_Pantheon_g3,1513,240,12310,369,0,696,14,70,18,-0.7474747474747475,30.0,30.0,41680,False
Blue_Dragon_vs_Pantheon_g3,1514,268,12310,369,0,697,14,70,18,-0.6767676767676768,30.0,30.0,41710,False
Blue_Dragon_vs_Pantheon_g3,1515,298,12310,369,0,698,14,71,18,-0.7676767676767676,30.0,30.0,41740,False
Blue_Dragon_vs_Pantheon_g3,1516,71,12505,375,0,699,14,70,18,-3.3636363636363638,30.0,30.0,41770,False
Blue_Dragon_vs_Pantheon_g3,1517,101,12305,369,0,700,14,70,18,-3.3535353535353534,30.0,30.0,41800,False
Blue_Dragon_vs_Pantheon_g3,1518,104,12315,369,0,701,14,70,18,-3.6161616161616164,30.0,30.0,41830,False
Blue_Dragon_vs_Pantheon_g3,1519,108,12325,369,0,702,14,70,18,-3.9797979797979797,30.0,30.0,41860,False
Blue_Dragon_vs_Pantheon_g3,1520,147,12325,369,0,703,14,70,18,-3.6363636363636362,30.0,30.0,41890,False
Blue_Dragon_vs_Pantheon_g3,1521,177,12325,369,0,704,14,70,18,-3.121212121212121,30.0,30.0,41920,False
Blue_Dragon_vs_Pantheon_g3,1522,197,12330,369,0,705,14,70,18,-2.9494949494949494,30.0,30.0,41950,False
Blue_Dragon_vs_Pantheon_g3,1523,227,12330,369,0,706,14,70,18,-1.3232323232323233,30.0,30.0,41980,False
Blue_Dragon_vs_Pantheon_g3,1524,266,12330,369,0,707,14,71,18,-1.2222222222222223,30.0,30.0,42010,False
Blue_Dragon_vs_Pantheon_g3,1525,38,12520,375,0,708,14,70,18,-3.5555555555555554,30.0,30.0,42040,False
Blue_Dragon_vs_Pantheon_g3,1526,68,12320,369,0,709,14,70,18,-3.5454545454545454,30.0,30.0,42070,False
Blue_Dragon_vs_Pantheon_g3,1527,96,12320,369,0,710,14,70,18,-3.6565656565656566,30.0,30.0,42100,False
Blue_Dragon_vs_Pantheon_g3,1528,136,12320,369,0,711,14,70,18,-3.5454545454545454,30.0,30.0,42130,False
Blue_Dragon_vs_Pantheon_g3,1529,166,12320,369,0,712,14,70,18,-3.525252525252525,30.0,30.0,42160,False
Blue_Dragon_vs_Pantheon_g3,1530,195,12320,369,0,713,14,70,18,-3.525252525252525,30.0,30.0,42190,False
Blue_Dragon_vs_Pantheon_g3,1531,223,12320,369,0,714,14,70,18,-3.6464646464646466,30.0,30.0,42220,False
Blue_Dragon_vs_Pantheon_g3,1532,263,12320,369,0,715,14,70,18,-3.5454545454545454,30.0,30.0,42250,False
Blue_Dragon_vs_Pantheon_g3,1533,292,12320,369,0,716,14,70,18,-3.5353535353535355,30.0,30.0,42280,False
Blue_Dragon_vs_Pantheon_g3,1534,321,12320,369,0,717,14,70,18,-3.5454545454545454,30.0,30.0,42310,False
Blue_Dragon_vs_Pantheon_g3,1535,334,12330,369,0,718,14,70,18,-3.797979797979798,30.0,30.0,42340,False
Blue_Dragon_vs_Pantheon_g3,1536,374,12330,369,0,719,14,70,18,-3.696969696969697,30.0,30.0,42370,False
Blue_Dragon_vs_Pantheon_g3,1537,403,12330,369,0,720,14,70,18,-3.686868686868687,30.0,30.0,42400,False
Blue_Dragon_vs_Pantheon_g3,1538,433,12330,369,0,721,14,70,18,-3.686868686868687,30.0,30.0,42430,False
Blue_Dragon_vs_Pantheon_g3,1539,461,12330,369,0,722,14,70,18,-3.5353535353535355,30.0,30.0,42460,False
Blue_Dragon_vs_Pantheon_g3,1540,476,12340,370,0,723,14,70,18,-3.4242424242424243,30.0,30.0,42490,False
Blue_Dragon_vs_Pantheon_g3,1541,506,12340,370,0,724,14,70,18,-3.1515151515151514,30.0,30.0,42520,False
Blue_Dragon_vs_Pantheon_g3,1542,535,12340,370,0,725,14,70,18,-1.4242424242424243,30.0,30.0,42550,False
Blue_Dragon_vs_Pantheon_g3,1543,563,12340,370,0,726,14,70,18,-1.5353535353535352,30.0,30.0,42580,False
Blue_Dragon_vs_Pantheon_g3,1544,602,12340,370,0,727,14,70,18,-1.4343434343434343,30.0,30.0,42610,False
Blue_Dragon_vs_Pantheon_g3,1545,632,12340,370,0,728,14,70,18,-1.4141414141414141,30.0,30.0,42640,False
Blue_Dragon_vs_Pantheon_g3,1546,661,12340,370,0,729,14,70,18,-1.4141414141414141,30.0,30.0,42670,False
Blue_Dragon_vs_Pantheon_g3,1547,689,12340,370,0,730,14,70,18,-1.5353535353535352,30.0,30.0,42700,False
Blue_Dragon_vs_Pantheon_g3,1548,729,12340,370,0,731,14,70,18,-1.4242424242424243,30.0,30.0,42730,False
Blue_Dragon_vs_Pantheon_g3,1549,758,12340,370,0,732,14,70,18,-1.3434343434343434,30.0,30.0,42760,False
Blue_Dragon_vs_Pantheon_g3,1550,788,12340,370,0,733,14,70,18,-1.2525252525252526,30.0,30.0,42790,False
Blue_Dragon_vs_Pantheon_g3,1551,816,12340,370,0,734,14,70,18,-1.3636363636363635,30.0,30.0,42820,False
Blue_Dragon_vs_Pantheon_g3,1552,856,12340,370,0,735,14,70,18,-1.0,30.0,30.0,42850,False
Blue_Dragon_vs_Pantheon_g3,1553,886,12340,370,0,736,14,70,18,0.7676767676767676,30.0,30.0,42880,False
Blue_Dragon_vs_Pantheon_g3,1554,916,12340,370,0,737,14,70,18,0.7878787878787878,30.0,30.0,42910,False
Blue_Dragon_vs_Pantheon_g3,1555,919,12345,370,0,738,14,70,18,0.41414141414141414,30.0,30.0,42940,False
Blue_Dragon_vs_Pantheon_g3,1556,958,12345,370,0,739,14,70,18,0.5050505050505051,30.0,30.0,42970,False
Blue_Dragon_vs_Pantheon_g3,1557,922,12370,371,0,740,14,70,18,-0.15151515151515152,30.0,30.0,43000,False
Blue_Dragon_vs_Pantheon_g3,1558,917,12385,371,0,741,14,70,18,-0.48484848484848486,30.0,30.0,43030,False
Blue_Dragon_vs_Pantheon_g3,1559,920,12395,371,0,742,14,70,18,-0.8585858585858586,30.0,30.0,43060,False
Blue_Dragon_vs_Pantheon_g3,1560,959,12395,371,0,743,14,70,18,-0.5050505050505051,30.0,30.0,43090,False
Blue_Dragon_vs_Pantheon_g3,1561,981,12400,372,0,744,14,70,18,2.01010101010101,30.0,30.0,43120,False
Blue_Dragon_vs_Pantheon_g3,1562,986,12415,372,0,745,14,70,18,1.7777777777777777,30.0,30.0,43150,False
Blue_Dragon_vs_Pantheon_g3,1563,954,12430,372,0,746,14,70,18,3.6565656565656566,30.0,30.0,43180,False
Blue_Dragon_vs_Pantheon_g3,1564,942,12450,373,0,747,14,70,18,3.242424242424242,30.0,30.0,43210,False
Blue_Dragon_vs_Pantheon_g3,1565,920,12465,373,0,748,14,70,18,2.727272727272727,30.0,30.0,43240,False
Blue_Dragon_vs_Pantheon_g3,1566,923,12475,374,0,749,14,70,18,2.474747474747475,30.0,30.0,43270,False
Blue_Dragon_vs_Pantheon_g3,1567,899,12490,374,0,750,14,70,18,1.8282828282828283,30.0,30.0,43300,False
Blue_Dragon_vs_Pantheon_g3,1568,913,12490,374,0,751,14,71,19,1.6666666666666667,30.0,30.0,43330,False
Blue_Dragon_vs_Pantheon_g3,1569,740,12550,376,0,752,14,71,19,2.2222222222222223,30.0,30.0,43360,False
Blue_Dragon_vs_Pantheon_g3,1570,716,12565,376,0,753,14,71,19,1.6868686868686869,30.0,30.0,43390,False
Blue_Dragon_vs_Pantheon_g3,1571,711,12580,377,0,754,14,71,19,3.8282828282828283,30.0,30.0,43420,False
Blue_Dragon_vs_Pantheon_g3,1572,725,12590,377,0,755,14,71,19,3.6666666666666665,30.0,30.0,43450,False
Blue_Dragon_vs_Pantheon_g3,1573,728,12600,378,0,756,14,71,19,6.0606060606060606,30.0,30.0,43480,False
Blue_Dragon_vs_Pantheon_g3,1574,758,12600,378,0,757,14,71,19,6.08080808080808,30.0,30.0,43510,False
Blue_Dragon_vs_Pantheon_g3,1575,778,12605,378,0,758,14,71,19,5.878787878787879,30.0,30.0,43540,False
Blue_Dragon_vs_Pantheon_g3,1576,818,12605,378,0,759,14,71,19,5.97979797979798,30.0,30.0,43570,False
Blue_Dragon_vs_Pantheon_g3,1577,848,12605,378,0,760,14,71,19,5.98989898989899,30.0,30.0,43600,False
Blue_Dragon_vs_Pantheon_g3,1578,851,12610,378,0,761,14,71,19,5.7272727272727275,30.0,30.0,43630,False
Blue_Dragon_vs_Pantheon_g3,1579,880,12610,378,0,762,14,71,19,5.616161616161616,30.0,30.0,43660,False
Blue_Dragon_vs_Pantheon_g3,1580,920,12610,378,0,763,14,71,19,5.717171717171717,30.0,30.0,43690,False
Blue_Dragon_vs_Pantheon_g3,1581,950,12610,378,0,764,14,71,19,5.7272727272727275,30.0,30.0,43720,False
Blue_Dragon_vs_Pantheon_g3,1582,979,12610,378,0,765,14,71,19,5.737373737373737,30.0,30.0,43750,False
Blue_Dragon_vs_Pantheon_g3,1583,981,12620,378,0,766,14,71,19,5.353535353535354,30.0,30.0,43780,False
Blue_Dragon_vs_Pantheon_g3,1584,1021,12620,378,0,767,14,71,19,5.454545454545454,30.0,30.0,43810,False
Blue_Dragon_vs_Pantheon_g3,1585,973,12650,379,0,768,14,71,19,4.6767676767676765,30.0,30.0,43840,False
Blue_Dragon_vs_Pantheon_g3,1586,976,12660,379,0,769,14,71,19,4.414141414141414,30.0,30.0,43870,False
Blue_Dragon_vs_Pantheon_g3,1587,953,12680,380,0,770,14,71,19,3.787878787878788,29.333333333333332,29.8989898989899,43890,False
Blue_Dragon_vs_Pantheon_g3,1588,441,13270,398,0,771,14,71,19,-1.6767676767676767,28.666666666666668,29.7979797979798,43910,False
Blue_Dragon_vs_Pantheon_g3,1589,461,13270,398,0,772,14,71,19,-1.7676767676767677,28.0,29.696969696969695,43930,False
Blue_Dragon_vs_Pantheon_g3,1590,289,13370,401,0,773,14,71,19,-3.808080808080808,26.666666666666668,29.494949494949495,43940,False
Blue_Dragon_vs_Pantheon_g3,1591,270,13375,401,0,774,14,71,19,-4.383838383838384,26.0,29.393939393939394,43960,False
Blue_Dragon_vs_Pantheon_g3,1592,299,13375,401,0,775,14,71,19,-4.383838383838384,24.666666666666668,29.19191919191919,43970,False
Blue_Dragon_vs_Pantheon_g3,1593,308,13375,401,0,776,14,71,19,-4.575757575757576,24.0,29.09090909090909,43990,False
Blue_Dragon_vs_Pantheon_g3,1594,328,13375,401,0,777,14,71,19,-4.515151515151516,23.333333333333332,28.98989898989899,44010,False
Blue_Dragon_vs_Pantheon_g3,1595,346,13375,401,0,778,14,72,19,-4.656565656565657,22.666666666666668,28.88888888888889,44030,False
Blue_Dragon_vs_Pantheon_g3,1596,87,13565,406,0,779,14,71,19,-7.313131313131313,22.0,28.78787878787879,44050,False
Blue_Dragon_vs_Pantheon_g3,1597,106,13365,400,0,780,14,71,19,-7.404040404040404,21.333333333333332,28.68686868686869,44070,False
Blue_Dragon_vs_Pantheon_g3,1598,97,13375,401,0,781,14,71,19,-7.707070707070707,20.666666666666668,28.585858585858585,44090,False
Blue_Dragon_vs_Pantheon_g3,1599,116,13375,401,0,782,14,71,19,-5.252525252525253,20.0,28.484848484848484,44110,False
Blue_Dragon_vs_Pantheon_g3,1600,145,13375,401,0,783,14,71,19,-5.161616161616162,19.333333333333332,28.383838383838384,44130,False
Blue_Dragon_vs_Pantheon_g3,1601,165,13375,401,0,784,14,71,19,-2.5757575757575757,18.666666666666668,28.282828282828284,44150,False
Blue_Dragon_vs_Pantheon_g3,1602,184,13375,401,0,785,14,71,19,-2.676767676767677,18.666666666666668,28.181818181818183,44170,False
Blue_Dragon_vs_Pantheon_g3,1603,202,13375,401,0,786,14,71,19,-0.1717171717171717,18.666666666666668,28.08080808080808,44190,False
Blue_Dragon_vs_Pantheon_g3,1604,232,13375,401,0,787,14,71,19,-0.1717171717171717,18.666666666666668,27.97979797979798,44210,False
Blue_Dragon_vs_Pantheon_g3,1605,251,13375,401,0,788,14,71,19,-0.26262626262626265,19.333333333333332,27.87878787878788,44230,False
Blue_Dragon_vs_Pantheon_g3,1606,271,13375,401,0,789,14,71,19,2.303030303030303,19.333333333333332,27.77777777777778,44250,False
Blue_Dragon_vs_Pantheon_g3,1607,289,13375,401,0,790,14,71,19,2.080808080808081,20.0,27.67676767676768,44270,False
Blue_Dragon_vs_Pantheon_g3,1608,319,13375,401,0,791,14,71,19,2.080808080808081,20.0,27.575757575757574,44290,False
Blue_Dragon_vs_Pantheon_g3,1609,339,13375,401,0,792,14,72,19,2.0,20.0,27.474747474747474,44310,False
Blue_Dragon_vs_Pantheon_g3,1610,70,13565,406,0,793,14,71,19,-1.0101010101010102,20.0,27.373737373737374,44330,False
Blue_Dragon_vs_Pantheon_g3,1611,88,13365,400,0,794,14,71,19,-1.2323232323232323,20.0,27.272727272727273,44350,False
Blue_Dragon_vs_Pantheon_g3,1612,90,13375,401,0,795,14,71,19,-1.5151515151515151,20.0,27.171717171717173,44370,False
Blue_Dragon_vs_Pantheon_g3,1613,109,13375,401,0,796,14,71,19,-1.606060606060606,20.0,27.07070707070707,44390,False
Blue_Dragon_vs_Pantheon_g3,1614,129,13375,401,0,797,14,71,19,-1.707070707070707,20.0,26.96969696969697,44410,False
Blue_Dragon_vs_Pantheon_g3,1615,147,13375,401,0,798,14,71,19,0.7676767676767676,20.0,26.86868686868687,44430,False
Blue_Dragon_vs_Pantheon_g3,1616,177,13375,401,0,799,14,71,19,0.7676767676767676,20.0,26.767676767676768,44450,False
Blue_Dragon_vs_Pantheon_g3,1617,196,13375,401,0,800,14,71,19,0.9292929292929293,20.0,26.666666666666668,44470,False
Blue_Dragon_vs_Pantheon_g3,1618,207,13380,401,0,801,14,71,19,1.0,20.0,26.565656565656564,44490,False
Blue_Dragon_vs_Pantheon_g3,1619,225,13380,401,0,802,14,71,19,0.7878787878787878,20.0,26.464646464646464,44510,False
Blue_Dragon_vs_Pantheon_g3,1620,255,13380,401,0,803,14,71,19,0.7878787878787878,20.0,26.363636363636363,44530,False
Blue_Dragon_vs_Pantheon_g3,1621,274,13380,401,0,804,14,71,19,0.7777777777777778,20.0,26.262626262626263,44550,False
Blue_Dragon_vs_Pantheon_g3,1622,293,13380,401,0,805,14,71,19,0.6666666666666666,20.0,26.161616161616163,44570,False
Blue_Dragon_vs_Pantheon_g3,1623,312,13380,401,0,806,14,71,19,0.46464646464646464,20.0,26.060606060606062,44590,False
Blue_Dragon_vs_Pantheon_g3,1624,342,13380,401,0,807,14,72,19,3.0707070707070705,20.0,25.95959595959596,44610,False
Blue_Dragon_vs_Pantheon_g3,1625,71,13570,407,0,808,14,71,19,0.030303030303030304,20.0,25.858585858585858,44630,False
Blue_Dragon_vs_Pantheon_g3,1626,91,13370,401,0,809,14,71,19,-0.050505050505050504,20.0,25.757575757575758,44650,False
Blue_Dragon_vs_Pantheon_g3,1627,109,13370,401,0,810,14,71,19,-0.2727272727272727,20.0,25.656565656565657,44670,False
Blue_Dragon_vs_Pantheon_g3,1628,110,13380,401,0,811,14,71,19,-0.5656565656565656,20.0,25.555555555555557,44690,False
Blue_Dragon_vs_Pantheon_g3,1629,130,13380,401,0,812,14,71,19,-0.6565656565656566,20.0,25.454545454545453,44710,False
Blue_Dragon_vs_Pantheon_g3,1630,149,13380,401,0,813,14,71,19,-0.7474747474747475,20.0,25.353535353535353,44730,False
Blue_Dragon_vs_Pantheon_g3,1631,168,13380,401,0,814,14,71,19,-0.9595959595959596,20.0,25.252525252525253,44750,False
Blue_Dragon_vs_Pantheon_g3,1632,197,13380,401,0,815,14,71,19,-0.9595959595959596,20.0,25.151515151515152,44770,False
Blue_Dragon_vs_Pantheon_g3,1633,217,13380,401,0,816,14,71,19,-1.0505050505050506,20.0,25.050505050505052,44790,False
Blue_Dragon_vs_Pantheon_g3,1634,236,13380,401,0,817,14,71,19,-0.98989898989899,20.0,24.949494949494948,44810,False
Blue_Dragon_vs_Pantheon_g3,1635,255,13380,401,0,818,14,71,19,-1.202020202020202,20.0,24.848484848484848,44830,False
Blue_Dragon_vs_Pantheon_g3,1636,284,13380,401,0,819,14,71,19,-1.202020202020202,20.0,24.747474747474747,44850,False
Blue_Dragon_vs_Pantheon_g3,1637,304,13380,401,0,820,14,71,19,-1.303030303030303,20.0,24.646464646464647,44870,False
Blue_Dragon_vs_Pantheon_g3,1638,323,13380,401,0,821,14,71,19,-1.393939393939394,20.0,24.545454545454547,44890,False
Blue_Dragon_vs_Pantheon_g3,1639,342,13380,401,0,822,14,71,19,-1.3535353535353536,20.0,24.444444444444443,44910,False
Blue_Dragon_vs_Pantheon_g3,1640,372,13380,401,0,823,14,72,19,-1.3535353535353536,20.0,24.343434343434343,44930,False
Blue_Dragon_vs_Pantheon_g3,1641,101,13570,407,0,824,14,72,19,-4.383838383838384,20.0,24.242424242424242,44950,False
Blue_Dragon_vs_Pantheon_g3,1642,120,13570,407,0,825,14,71,19,-4.474747474747475,20.0,24.141414141414142,44970,False
Blue_Dragon_vs_Pantheon_g3,1643,139,13370,401,0,826,14,71,19,-4.6767676767676765,20.0,24.04040404040404,44990,False
Blue_Dragon_vs_Pantheon_g3,1644,140,13380,401,0,827,14,71,19,-4.96969696969697,20.0,23.939393939393938,45010,False
Blue_Dragon_vs_Pantheon_g3,1645,160,13380,401,0,828,14,71,19,-5.0606060606060606,20.0,23.838383838383837,45030,False
Blue_Dragon_vs_Pantheon_g3,1646,179,13380,401,0,829,14,71,19,-5.151515151515151,20.0,23.737373737373737,45050,False
Blue_Dragon_vs_Pantheon_g3,1647,197,13380,401,0,830,14,71,19,-5.373737373737374,20.0,23.636363636363637,45070,False
Blue_Dragon_vs_Pantheon_g3,1648,227,13380,401,0,831,14,71,19,-5.363636363636363,20.0,23.535353535353536,45090,False
Blue_Dragon_vs_Pantheon_g3,1649,246,13380,401,0,832,14,71,19,-5.474747474747475,20.0,23.434343434343436,45110,False
Blue_Dragon_vs_Pantheon_g3,1650,265,13380,401,0,833,14,71,19,-5.565656565656566,20.0,23.333333333333332,45130,False
Blue_Dragon_vs_Pantheon_g3,1651,285,13380,401,0,834,14,71,19,-5.767676767676767,20.0,23.232323232323232,45150,False
Blue_Dragon_vs_Pantheon_g3,1652,314,13380,401,0,835,14,71,19,-5.777777777777778,20.0,23.13131313131313,45170,False
Blue_Dragon_vs_Pantheon_g3,1653,333,13380,401,0,836,14,71,19,-5.888888888888889,20.0,23.03030303030303,45190,False
Blue_Dragon_vs_Pantheon_g3,1654,352,13380,401,0,837,14,71,19,-5.7272727272727275,20.0,22.92929292929293,45210,False
Blue_Dragon_vs_Pantheon_g3,1655,372,13380,401,0,838,14,72,19,-5.91919191919192,20.0,22.828282828282827,45230,False
Blue_Dragon_vs_Pantheon_g3,1656,112,13570,407,0,839,14,72,19,-8.181818181818182,20.0,22.727272727272727,45250,False
Blue_Dragon_vs_Pantheon_g3,1657,132,13570,407,0,840,14,72,19,-7.929292929292929,20.0,22.626262626262626,45270,False
Blue_Dragon_vs_Pantheon_g3,1658,150,13570,407,0,841,14,72,19,-7.777777777777778,20.0,22.525252525252526,45290,False
Blue_Dragon_vs_Pantheon_g3,1659,168,13570,407,0,842,14,72,19,-7.98989898989899,20.0,22.424242424242426,45310,False
Blue_Dragon_vs_Pantheon_g3,1660,198,13570,407,0,843,14,72,19,-7.909090909090909,20.0,22.32323232323232,45330,False
Blue_Dragon_vs_Pantheon_g3,1661,218,13570,407,0,844,14,72,19,-7.757575757575758,20.0,22.22222222222222,45350,False
Blue_Dragon_vs_Pantheon_g3,1662,237,13570,407,0,845,14,72,19,-7.242424242424242,20.0,22.12121212121212,45370,False
Blue_Dragon_vs_Pantheon_g3,1663,257,13570,407,0,846,14,72,19,-6.91919191919192,20.0,22.02020202020202,45390,False
Blue_Dragon_vs_Pantheon_g3,1664,285,13570,407,0,847,14,72,19,-6.414141414141414,20.0,21.91919191919192,45410,False
Blue_Dragon_vs_Pantheon_g3,1665,305,13570,407,0,848,14,72,19,-6.242424242424242,20.0,21.818181818181817,45430,False
Blue_Dragon_vs_Pantheon_g3,1666,323,13570,407,0,849,14,72,19,-5.818181818181818,20.0,21.717171717171716,45450,False
Blue_Dragon_vs_Pantheon_g3,1667,343,13570,407,0,850,14,72,19,-5.757575757575758,20.0,21.616161616161616,45470,False
Blue_Dragon_vs_Pantheon_g3,1668,373,13570,407,0,851,14,72,19,-3.707070707070707,20.0,21.515151515151516,45490,False
Blue_Dragon_vs_Pantheon_g3,1669,392,13570,407,0,852,14,72,19,-3.272727272727273,20.0,21.414141414141415,45510,False
Blue_Dragon_vs_Pantheon_g3,1670,411,13570,407,0,853,14,72,19,-3.0303030303030303,20.0,21.31313131313131,45530,False
Blue_Dragon_vs_Pantheon_g3,1671,429,13570,407,0,854,14,72,19,-2.98989898989899,20.0,21.21212121212121,45550,False
Blue_Dragon_vs_Pantheon_g3,1672,459,13570,407,0,855,14,72,19,-2.717171717171717,20.0,21.11111111111111,45570,False
Blue_Dragon_vs_Pantheon_g3,1673,478,13570,407,0,856,14,72,19,-2.8282828282828283,20.0,21.01010101010101,45590,False
Blue_Dragon_vs_Pantheon_g3,1674,498,13570,407,0,857,14,72,19,-2.8282828282828283,20.0,20.90909090909091,45610,False
Blue_Dragon_vs_Pantheon_g3,1675,516,13570,407,0,858,14,72,19,-3.0505050505050506,20.0,20.80808080808081,45630,False
Blue_Dragon_vs_Pantheon_g3,1676,546,13570,407,0,859,14,72,19,-3.0505050505050506,20.0,20.707070707070706,45650,False
Blue_Dragon_vs_Pantheon_g3,1677,565,13570,407,0,860,14,72,19,-2.888888888888889,20.0,20.606060606060606,45670,False
Blue_Dragon_vs_Pantheon_g3,1678,585,13570,407,0,861,14,72,19,-2.9797979797979797,20.0,20.505050505050505,45690,False
Blue_Dragon_vs_Pantheon_g3,1679,603,13570,407,0,862,14,72,19,-3.202020202020202,20.0,20.404040404040405,45710,False
Blue_Dragon_vs_Pantheon_g3,1680,633,13570,407,0,863,14,72,19,-3.202020202020202,20.0,20.303030303030305,45730,False
Blue_Dragon_vs_Pantheon_g3,1681,652,13570,407,0,864,14,72,19,-3.303030303030303,20.0,20.2020202020202,45750,False
Blue_Dragon_vs_Pantheon_g3,1682,671,13570,407,0,865,14,72,19,-3.1313131313131315,20.0,20.1010101010101,45770,False
Blue_Dragon_vs_Pantheon_g3,1683,689,13570,407,0,866,14,72,19,-3.3535353535353534,20.0,20.0,45790,False
Blue_Dragon_vs_Pantheon_g3,1684,719,13570,407,0,867,14,72,19,-2.5656565656565657,20.0,19.8989898989899,45810,False
Blue_Dragon_vs_Pantheon_g3,1685,729,13575,407,0,868,14,72,19,-2.494949494949495,20.0,19.7979797979798,45830,False
Blue_Dragon_vs_Pantheon_g3,1686,749,13575,407,0,869,14,72,19,-2.0606060606060606,20.0,19.7979797979798,45850,False
Blue_Dragon_vs_Pantheon_g3,1687,767,13575,407,0,870,14,72,19,3.292929292929293,20.0,19.7979797979798,45870,False
Blue_Dragon_vs_Pantheon_g3,1688,797,13575,407,0,871,14,72,19,3.393939393939394,20.0,19.7979797979798,45890,False
Blue_Dragon_vs_Pantheon_g3,1689,816,13575,407,0,872,14,72,19,5.3232323232323235,20.0,19.8989898989899,45910,False
Blue_Dragon_vs_Pantheon_g3,1690,836,13575,407,0,873,14,72,19,5.717171717171717,20.0,19.8989898989899,45930,False
Blue_Dragon_vs_Pantheon_g3,1691,854,13575,407,0,874,14,72,19,5.606060606060606,20.0,20.0,45950,False
Blue_Dragon_vs_Pantheon_g3,1692,884,13575,407,0,875,14,72,19,5.818181818181818,20.0,20.0,45970,False
Blue_Dragon_vs_Pantheon_g3,1693,874,13580,407,0,876,14,72,19,5.515151515151516,20.0,20.0,45990,False
Blue_Dragon_vs_Pantheon_g3,1694,865,13585,407,0,877,14,73,20,5.242424242424242,20.0,20.0,46010,False
Blue_Dragon_vs_Pantheon_g3,1695,686,13630,408,0,878,14,73,20,6.05050505050505,20.0,20.0,46030,False
Blue_Dragon_vs_Pantheon_g3,1696,667,13635,409,0,879,14,73,20,5.666666666666667,20.0,20.0,46050,False
Blue_Dragon_vs_Pantheon_g3,1697,637,13640,409,0,880,14,73,20,5.454545454545454,20.0,20.0,46070,False
Blue_Dragon_vs_Pantheon_g3,1698,608,13650,409,0,881,14,73,20,4.96969696969697,20.0,20.0,46090,False
Blue_Dragon_vs_Pantheon_g3,1699,577,13655,409,0,882,14,73,20,4.363636363636363,20.0,20.0,46110,False
Blue_Dragon_vs_Pantheon_g3,1700,558,13665,409,0,883,14,73,20,3.9696969696969697,20.0,20.0,46130,False
Blue_Dragon_vs_Pantheon_g3,1701,528,13670,410,0,884,14,73,20,3.474747474747475,20.0,20.0,46150,False
Blue_Dragon_vs_Pantheon_g3,1702,547,13670,410,0,885,14,73,20,3.484848484848485,20.0,20.0,46170,False
Blue_Dragon_vs_Pantheon_g3,1703,566,13670,410,0,886,14,73,20,3.3737373737373737,20.0,20.0,46190,False
Blue_Dragon_vs_Pantheon_g3,1704,566,13675,410,0,887,14,73,20,3.1818181818181817,20.0,20.0,46210,False
Blue_Dragon_vs_Pantheon_g3,1705,585,13675,410,0,888,14,73,20,3.1717171717171717,20.0,20.0,46230,False
Blue_Dragon_vs_Pantheon_g3,1706,575,13685,410,0,889,14,73,20,2.888888888888889,20.0,20.0,46250,False
Blue_Dragon_vs_Pantheon_g3,1707,565,13695,410,0,890,14,73,20,2.484848484848485,20.0,20.0,46270,False
Blue_Dragon_vs_Pantheon_g3,1708,594,13695,410,0,891,14,73,20,2.5757575757575757,20.0,20.0,46290,False
Blue_Dragon_vs_Pantheon_g3,1709,613,13695,410,0,892,14,73,20,5.484848484848484,20.0,20.0,46310,False
Blue_Dragon_vs_Pantheon_g3,1710,603,13705,411,0,893,14,73,20,5.202020202020202,20.0,20.0,46330,False
Blue_Dragon_vs_Pantheon_g3,1711,592,13715,411,0,894,14,73,20,5.070707070707071,20.0,20.0,46350,False
Blue_Dragon_vs_Pantheon_g3,1712,621,13715,411,0,895,14,73,20,5.171717171717172,20.0,20.0,46370,False
Blue_Dragon_vs_Pantheon_g3,1713,641,13715,411,0,896,14,73,20,5.171717171717172,20.0,20.0,46390,False
Blue_Dragon_vs_Pantheon_g3,1714,630,13725,411,0,897,14,73,20,4.878787878787879,20.0,20.0,46410,False
Blue_Dragon_vs_Pantheon_g3,1715,599,13735,412,0,898,14,73,20,4.262626262626263,20.0,20.0,46430,False
Blue_Dragon_vs_Pantheon_g3,1716,598,13740,412,0,899,14,73,20,4.0606060606060606,19.333333333333332,19.8989898989899,46440,False
Blue_Dragon_vs_Pantheon_g3,1717,206,14230,426,0,900,14,73,20,-0.010101010101010102,18.666666666666668,19.7979797979798,46450,False
Blue_Dragon_vs_Pantheon_g3,1718,215,14230,426,0,901,14,73,20,-0.10101010101010101,18.0,19.696969696969695,46460,False
Blue_Dragon_vs_Pantheon_g3,1719,224,14230,426,0,902,14,73,20,-0.31313131313131315,17.333333333333332,19.595959595959595,46470,False
Blue_Dragon_vs_Pantheon_g3,1720,243,14230,426,0,903,14,73,20,-0.31313131313131315,16.0,19.393939393939394,46470,False
Blue_Dragon_vs_Pantheon_g3,1721,243,14230,426,0,904,14,73,20,-0.5050505050505051,15.333333333333334,19.292929292929294,46480,False
Blue_Dragon_vs_Pantheon_g3,1722,252,14230,426,0,905,14,73,20,-0.6060606060606061,14.666666666666666,19.19191919191919,46490,False
Blue_Dragon_vs_Pantheon_g3,1723,262,14230,426,0,906,14,73,20,-0.8080808080808081,14.0,19.09090909090909,46500,False
Blue_Dragon_vs_Pantheon_g3,1724,280,14230,426,0,907,14,73,20,2.111111111111111,13.333333333333334,18.98989898989899,46510,False
Blue_Dragon_vs_Pantheon_g3,1725,289,14230,426,0,908,14,73,20,2.0,12.666666666666666,18.88888888888889,46520,False
Blue_Dragon_vs_Pantheon_g3,1726,298,14230,426,0,909,14,73,20,1.9090909090909092,12.0,18.78787878787879,46530,False
Blue_Dragon_vs_Pantheon_g3,1727,307,14230,426,0,910,14,73,20,1.9898989898989898,11.333333333333334,18.68686868686869,46540,False
Blue_Dragon_vs_Pantheon_g3,1728,326,14230,426,0,911,14,73,20,1.97979797979798,10.666666666666666,18.585858585858585,46550,False
Blue_Dragon_vs_Pantheon_g3,1729,336,14230,426,0,912,14,72,20,1.8888888888888888,10.0,18.484848484848484,46560,False
Blue_Dragon_vs_Pantheon_g3,1730,344,14030,420,0,913,14,72,20,1.7777777777777777,9.333333333333334,18.383838383838384,46570,False
Blue_Dragon_vs_Pantheon_g3,1731,354,14030,420,0,914,14,72,20,1.5858585858585859,9.333333333333334,18.282828282828284,46580,False
Blue_Dragon_vs_Pantheon_g3,1732,372,14030,420,0,915,14,72,20,1.5656565656565657,9.333333333333334,18.181818181818183,46590,False
Blue_Dragon_vs_Pantheon_g3,1733,352,14040,421,0,916,14,72,20,1.1717171717171717,9.333333333333334,18.08080808080808,46600,False
Blue_Dragon_vs_Pantheon_g3,1734,361,14040,421,0,917,14,72,20,1.0707070707070707,9.333333333333334,17.97979797979798,46610,False
Blue_Dragon_vs_Pantheon_g3,1735,369,14040,421,0,918,14,72,20,0.8585858585858586,10.0,17.87878787878788,46620,False
Blue_Dragon_vs_Pantheon_g3,1736,389,14040,421,0,919,14,72,20,0.8585858585858586,10.0,17.77777777777778,46630,False
Blue_Dragon_vs_Pantheon_g3,1737,398,14040,421,0,920,14,72,20,0.7575757575757576,10.0,17.67676767676768,46640,False
Blue_Dragon_vs_Pantheon_g3,1738,408,14040,421,0,921,14,72,20,0.6666666666666666,10.0,17.575757575757574,46650,False
Blue_Dragon_vs_Pantheon_g3,1739,416,14040,421,0,922,14,72,20,0.4444444444444444,10.0,17.474747474747474,46660,False
Blue_Dragon_vs_Pantheon_g3,1740,436,14040,421,0,923,14,72,20,3.3838383838383836,10.0,17.373737373737374,46670,False
Blue_Dragon_vs_Pantheon_g3,1741,445,14040,421,0,924,14,72,20,3.282828282828283,10.0,17.272727272727273,46680,False
Blue_Dragon_vs_Pantheon_g3,1742,455,14040,421,0,925,14,72,20,3.191919191919192,10.0,17.171717171717173,46690,False
Blue_Dragon_vs_Pantheon_g3,1743,463,14040,421,0,926,14,72,20,3.2626262626262625,10.0,17.07070707070707,46700,False
Blue_Dragon_vs_Pantheon_g3,1744,483,14040,421,0,927,14,72,20,3.2626262626262625,10.0,16.96969696969697,46710,False
Blue_Dragon_vs_Pantheon_g3,1745,493,14040,421,0,928,14,72,20,3.1717171717171717,10.0,16.86868686868687,46720,False
Blue_Dragon_vs_Pantheon_g3,1746,503,14040,421,0,929,14,72,20,3.090909090909091,10.0,16.767676767676768,46730,False
Blue_Dragon_vs_Pantheon_g3,1747,511,14040,421,0,930,14,72,20,2.8686868686868685,10.0,16.666666666666668,46740,False
Blue_Dragon_vs_Pantheon_g3,1748,531,14040,421,0,931,14,72,20,2.878787878787879,10.0,16.565656565656564,46750,False
Blue_Dragon_vs_Pantheon_g3,1749,540,14040,421,0,932,14,72,20,2.7777777777777777,10.0,16.464646464646464,46760,False
Blue_Dragon_vs_Pantheon_g3,1750,550,14040,421,0,933,14,72,20,2.676767676767677,10.0,16.363636363636363,46770,False
Blue_Dragon_vs_Pantheon_g3,1751,558,14040,421,0,934,14,72,20,2.4646464646464645,10.0,16.262626262626263,46780,False
Blue_Dragon_vs_Pantheon_g3,1752,578,14040,421,0,935,14,72,20,2.474747474747475,10.0,16.161616161616163,46790,False
Blue_Dragon_vs_Pantheon_g3,1753,587,14040,421,0,936,14,72,20,2.3737373737373737,10.0,16.060606060606062,46800,False
Blue_Dragon_vs_Pantheon_g3,1754,597,14040,421,0,937,14,73,20,2.272727272727273,10.0,15.95959595959596,46810,False
Blue_Dragon_vs_Pantheon_g3,1755,295,14240,427,0,938,14,72,20,1.8484848484848484,10.0,15.858585858585858,46820,False
Blue_Dragon_vs_Pantheon_g3,1756,315,14040,421,0,939,14,72,20,1.8484848484848484,10.0,15.757575757575758,46830,False
Blue_Dragon_vs_Pantheon_g3,1757,324,14040,421,0,940,14,73,20,1.7575757575757576,10.0,15.656565656565656,46840,False
Blue_Dragon_vs_Pantheon_g3,1758,24,14240,427,0,941,14,72,20,-1.4545454545454546,10.0,15.555555555555555,46850,False
Blue_Dragon_vs_Pantheon_g3,1759,32,14040,421,0,942,14,72,20,-1.6767676767676767,10.0,15.454545454545455,46860,False
Blue_Dragon_vs_Pantheon_g3,1760,52,14040,421,0,943,14,72,20,-1.6767676767676767,10.0,15.353535353535353,46870,False
Blue_Dragon_vs_Pantheon_g3,1761,61,14040,421,0,944,14,72,20,-1.7777777777777777,10.0,15.252525252525253,46880,False
Blue_Dragon_vs_Pantheon_g3,1762,71,14040,421,0,945,14,72,20,-1.878787878787879,10.0,15.151515151515152,46890,False
Blue_Dragon_vs_Pantheon_g3,1763,79,14040,421,0,946,14,72,20,-2.080808080808081,10.0,15.05050505050505,46900,False
Blue_Dragon_vs_Pantheon_g3,1764,99,14040,421,0,947,14,72,20,-2.080808080808081,10.0,14.94949494949495,46910,False
Blue_Dragon_vs_Pantheon_g3,1765,108,14040,421,0,948,14,72,20,-2.1717171717171717,10.0,14.848484848484848,46920,False
Blue_Dragon_vs_Pantheon_g3,1766,117,14040,421,0,949,14,72,20,-2.282828282828283,10.0,14.747474747474747,46930,False
Blue_Dragon_vs_Pantheon_g3,1767,125,14040,421,0,950,14,72,20,-2.505050505050505,10.0,14.646464646464647,46940,False
Blue_Dragon_vs_Pantheon_g3,1768,144,14040,421,0,951,14,72,20,-2.505050505050505,10.0,14.545454545454545,46950,False
Blue_Dragon_vs_Pantheon_g3,1769,154,14040,421,0,952,14,72,20,-2.595959595959596,10.0,14.444444444444445,46960,False
Blue_Dragon_vs_Pantheon_g3,1770,164,14040,421,0,953,14,72,20,-2.676767676767677,10.0,14.343434343434344,46970,False
Blue_Dragon_vs_Pantheon_g3,1771,172,14040,421,0,954,14,72,20,-2.898989898989899,10.0,14.242424242424242,46980,False
Blue_Dragon_vs_Pantheon_g3,1772,191,14040,421,0,955,14,72,20,-2.898989898989899,10.0,14.141414141414142,46990,False
Blue_Dragon_vs_Pantheon_g3,1773,201,14040,421,0,956,14,72,20,-3.0,10.0,14.04040404040404,47000,False
Blue_Dragon_vs_Pantheon_g3,1774,210,14040,421,0,957,14,72,20,-3.090909090909091,10.0,13.93939393939394,47010,False
Blue_Dragon_vs_Pantheon_g3,1775,219,14040,421,0,958,14,72,20,-3.303030303030303,10.0,13.83838383838384,47020,False
Blue_Dragon_vs_Pantheon_g3,1776,238,14040,421,0,959,14,72,20,-3.303030303030303,10.0,13.737373737373737,47030,False
Blue_Dragon_vs_Pantheon_g3,1777,248,14040,421,0,960,14,72,20,-3.404040404040404,10.0,13.636363636363637,47040,False
Blue_Dragon_vs_Pantheon_g3,1778,257,14040,421,0,961,14,72,20,-3.494949494949495,10.0,13.535353535353535,47050,False
Blue_Dragon_vs_Pantheon_g3,1779,266,14040,421,0,962,14,72,20,-3.707070707070707,10.0,13.434343434343434,47060,False
Blue_Dragon_vs_Pantheon_g3,1780,285,14040,421,0,963,14,72,20,-3.707070707070707,10.0,13.333333333333334,47070,False
Blue_Dragon_vs_Pantheon_g3,1781,295,14040,421,0,964,14,72,20,-3.797979797979798,10.0,13.232323232323232,47080,False
Blue_Dragon_vs_Pantheon_g3,1782,304,14040,421,0,965,14,72,20,-3.888888888888889,10.0,13.131313131313131,47090,False
Blue_Dragon_vs_Pantheon_g3,1783,313,14040,421,0,966,14,73,20,-4.101010101010101,10.0,13.030303030303031,47100,False
Blue_Dragon_vs_Pantheon_g3,1784,23,14230,426,0,967,14,73,20,-7.1313131313131315,10.0,12.929292929292929,47110,False
Blue_Dragon_vs_Pantheon_g3,1785,33,14230,426,0,968,14,73,20,-7.232323232323233,10.0,12.828282828282829,47120,False
Blue_Dragon_vs_Pantheon_g3,1786,43,14230,426,0,969,14,73,20,-7.313131313131313,10.0,12.727272727272727,47130,False
Blue_Dragon_vs_Pantheon_g3,1787,52,14230,426,0,970,14,73,20,-7.525252525252525,10.0,12.626262626262626,47140,False
Blue_Dragon_vs_Pantheon_g3,1788,71,14230,426,0,971,14,73,20,-7.525252525252525,10.0,12.525252525252526,47150,False
Blue_Dragon_vs_Pantheon_g3,1789,81,14230,426,0,972,14,73,20,-7.626262626262626,10.0,12.424242424242424,47160,False
Blue_Dragon_vs_Pantheon_g3,1790,90,14230,426,0,973,14,73,20,-7.717171717171717,10.0,12.323232323232324,47170,False
Blue_Dragon_vs_Pantheon_g3,1791,98,14230,426,0,974,14,73,20,-7.9393939393939394,10.0,12.222222222222221,47180,False
Blue_Dragon_vs_Pantheon_g3,1792,117,14230,426,0,975,14,72,20,-7.646464646464646,10.0,12.121212121212121,47190,False
Blue_Dragon_vs_Pantheon_g3,1793,127,14030,420,0,976,14,72,20,-7.454545454545454,10.0,12.02020202020202,47200,False
Blue_Dragon_vs_Pantheon_g3,1794,136,14030,420,0,977,14,72,20,-5.555555555555555,10.0,11.919191919191919,47210,False
Blue_Dragon_vs_Pantheon_g3,1795,145,14030,420,0,978,14,72,20,-5.2727272727272725,10.0,11.818181818181818,47220,False
Blue_Dragon_vs_Pantheon_g3,1796,164,14030,420,0,979,14,72,20,-4.777777777777778,10.0,11.717171717171718,47230,False
Blue_Dragon_vs_Pantheon_g3,1797,174,14030,420,0,980,14,72,20,-4.383838383838384,10.0,11.616161616161616,47240,False
Blue_Dragon_vs_Pantheon_g3,1798,183,14030,420,0,981,14,72,20,-3.9797979797979797,10.0,11.515151515151516,47250,False
Blue_Dragon_vs_Pantheon_g3,1799,192,14030,420,0,982,14,72,20,-3.696969696969697,10.0,11.414141414141413,47260,False
Blue_Dragon_vs_Pantheon_g3,1800,211,14030,420,0,983,14,72,20,-3.202020202020202,10.0,11.313131313131313,47270,False
Blue_Dragon_vs_Pantheon_g3,1801,221,14030,420,0,984,14,72,20,-3.292929292929293,10.0,11.212121212121213,47280,False
Blue_Dragon_vs_Pantheon_g3,1802,230,14030,420,0,985,14,72,20,-3.393939393939394,10.0,11.11111111111111,47290,False
Blue_Dragon_vs_Pantheon_g3,1803,239,14030,420,0,986,14,72,20,-3.303030303030303,10.0,11.01010101010101,47300,False
Blue_Dragon_vs_Pantheon_g3,1804,259,14030,420,0,987,14,72,20,-3.292929292929293,10.0,10.909090909090908,47310,False
Blue_Dragon_vs_Pantheon_g3,1805,268,14030,420,0,988,14,72,20,-3.101010101010101,10.0,10.808080808080808,47320,False
Blue_Dragon_vs_Pantheon_g3,1806,278,14030,420,0,989,14,72,20,-2.898989898989899,10.0,10.707070707070708,47330,False
Blue_Dragon_vs_Pantheon_g3,1807,286,14030,420,0,990,14,72,20,-3.111111111111111,10.0,10.606060606060606,47340,False
Blue_Dragon_vs_Pantheon_g3,1808,306,14030,420,0,991,14,72,20,-3.101010101010101,10.0,10.505050505050505,47350,False
Blue_Dragon_vs_Pantheon_g3,1809,316,14030,420,0,992,14,73,20,-2.898989898989899,10.0,10.404040404040405,47360,False
Blue_Dragon_vs_Pantheon_g3,1810,16,14230,426,0,993,14,72,20,-5.818181818181818,10.0,10.303030303030303,47370,False
Blue_Dragon_vs_Pantheon_g3,1811,25,14030,420,0,994,14,72,20,-6.02020202020202,10.0,10.202020202020202,47380,False
Blue_Dragon_vs_Pantheon_g3,1812,45,14030,420,0,995,14,72,20,-6.02020202020202,10.0,10.1010101010101,47390,False
Blue_Dragon_vs_Pantheon_g3,1813,54,14030,420,0,996,14,72,20,-5.818181818181818,10.0,10.0,47400,False
Blue_Dragon_vs_Pantheon_g3,1814,64,14030,420,0,997,14,72,20,-5.404040404040404,10.0,9.8989898989899,47410,False
Blue_Dragon_vs_Pantheon_g3,1815,72,14030,420,0,998,14,72,20,-5.313131313131313,10.0,9.8989898989899,47420,False
Blue_Dragon_vs_Pantheon_g3,1816,92,14030,420,0,999,14,72,20,-1.1515151515151516,10.0,9.8989898989899,47430,False
Blue_Dragon_vs_Pantheon_g3,1817,102,14030,420,0,1000,14,72,20,-1.1414141414141414,10.0,9.8989898989899,47440,False
Blue_Dragon_vs_Pantheon_g3,1818,112,14030,420,0,1001,14,72,20,-1.1313131313131313,10.0,9.8989898989899,47450,False
Blue_Dragon_vs_Pantheon_g3,1819,120,14030,420,0,1002,14,72,20,-1.2424242424242424,10.0,10.0,47460,False
Blue_Dragon_vs_Pantheon_g3,1820,139,14030,420,0,1003,14,72,20,-1.0505050505050506,10.0,10.0,47470,False
Blue_Dragon_vs_Pantheon_g3,1821,148,14030,420,0,1004,14,72,20,-1.0505050505050506,10.0,10.0,47480,False
Blue_Dragon_vs_Pantheon_g3,1822,158,14030,420,0,1005,14,72,20,-1.0505050505050506,10.0,10.0,47490,False
Blue_Dragon_vs_Pantheon_g3,1823,166,14030,420,0,1006,14,72,20,-1.1515151515151516,10.0,10.0,47500,False
Blue_Dragon_vs_Pantheon_g3,1824,186,14030,420,0,1007,14,72,20,-1.0404040404040404,10.0,10.0,47510,False
Blue_Dragon_vs_Pantheon_g3,1825,195,14030,420,0,1008,14,72,20,-1.0404040404040404,10.0,10.0,47520,False
Blue_Dragon_vs_Pantheon_g3,1826,194,14035,421,0,1009,14,72,20,-1.1414141414141414,10.0,10.0,47530,False
Blue_Dragon_vs_Pantheon_g3,1827,203,14035,421,0,1010,14,72,20,-1.2424242424242424,10.0,10.0,47540,False
Blue_Dragon_vs_Pantheon_g3,1828,223,14035,421,0,1011,14,72,20,-1.1414141414141414,10.0,10.0,47550,False
Blue_Dragon_vs_Pantheon_g3,1829,232,14035,421,0,1012,14,72,20,-1.1313131313131313,10.0,10.0,47560,False
Blue_Dragon_vs_Pantheon_g3,1830,241,14035,421,0,1013,14,72,20,-1.1414141414141414,10.0,10.0,47570,False
Blue_Dragon_vs_Pantheon_g3,1831,250,14035,421,0,1014,14,72,20,-1.2323232323232323,10.0,10.0,47580,False
Blue_Dragon_vs_Pantheon_g3,1832,270,14035,421,0,1015,14,72,20,-0.8282828282828283,10.0,10.0,47590,False
Blue_Dragon_vs_Pantheon_g3,1833,279,14035,421,0,1016,14,72,20,-0.8282828282828283,10.0,10.0,47600,False
Blue_Dragon_vs_Pantheon_g3,1834,259,14040,421,0,1017,14,72,20,-1.1111111111111112,10.0,10.0,47610,False
Blue_Dragon_vs_Pantheon_g3,1835,267,14040,421,0,1018,14,72,20,-1.2323232323232323,10.0,10.0,47620,False
Blue_Dragon_vs_Pantheon_g3,1836,287,14040,421,0,1019,14,72,20,-1.121212121212121,10.0,10.0,47630,False
Blue_Dragon_vs_Pantheon_g3,1837,296,14040,421,0,1020,14,72,20,-1.1313131313131313,10.0,10.0,47640,False
Blue_Dragon_vs_Pantheon_g3,1838,306,14040,421,0,1021,14,72,20,-1.1111111111111112,10.0,10.0,47650,False
Blue_Dragon_vs_Pantheon_g3,1839,314,14040,421,0,1022,14,72,20,-1.2323232323232323,10.0,10.0,47660,False
Blue_Dragon_vs_Pantheon_g3,1840,334,14040,421,0,1023,14,72,20,-1.121212121212121,10.0,10.0,47670,False
Blue_Dragon_vs_Pantheon_g3,1841,343,14040,421,0,1024,14,72,20,-1.1313131313131313,10.0,10.0,47680,False
Blue_Dragon_vs_Pantheon_g3,1842,353,14040,421,0,1025,14,72,20,-1.1111111111111112,10.0,10.0,47690,False
Blue_Dragon_vs_Pantheon_g3,1843,361,14040,421,0,1026,14,72,20,-1.2323232323232323,10.0,10.0,47700,False
Blue_Dragon_vs_Pantheon_g3,1844,381,14040,421,0,1027,14,72,20,-1.1313131313131313,10.0,10.0,47710,False
Blue_Dragon_vs_Pantheon_g3,1845,391,14040,421,0,1028,14,72,20,-1.1313131313131313,10.0,10.0,47720,False
Blue_Dragon_vs_Pantheon_g3,1846,401,14040,421,0,1029,14,72,20,-1.1111111111111112,10.0,10.0,47730,False
Blue_Dragon_vs_Pantheon_g3,1847,409,14040,421,0,1030,14,72,20,-1.2323232323232323,10.0,10.0,47740,False
Blue_Dragon_vs_Pantheon_g3,1848,429,14040,421,0,1031,14,72,20,-1.121212121212121,10.0,10.0,47750,False
Blue_Dragon_vs_Pantheon_g3,1849,438,14040,421,0,1032,14,72,20,-1.1313131313131313,10.0,10.0,47760,False
Blue_Dragon_vs_Pantheon_g3,1850,448,14040,421,0,1033,14,72,20,-1.1111111111111112,10.0,10.0,47770,False
Blue_Dragon_vs_Pantheon_g3,1851,456,14040,421,0,1034,14,72,20,-1.2323232323232323,10.0,10.0,47780,False
Blue_Dragon_vs_Pantheon_g3,1852,476,14040,421,0,1035,14,72,20,-1.121212121212121,10.0,10.0,47790,False
Blue_Dragon_vs_Pantheon_g3,1853,486,14040,421,0,1036,14,72,20,-1.121212121212121,10.0,10.0,47800,False
Blue_Dragon_vs_Pantheon_g3,1854,496,14040,421,0,1037,14,72,20,2.0303030303030303,10.0,10.0,47810,False
Blue_Dragon_vs_Pantheon_g3,1855,504,14040,421,0,1038,14,72,20,1.9090909090909092,10.0,10.0,47820,False
Blue_Dragon_vs_Pantheon_g3,1856,523,14040,421,0,1039,14,72,20,2.01010101010101,10.0,10.0,47830,False
Blue_Dragon_vs_Pantheon_g3,1857,533,14040,421,0,1040,14,72,20,5.141414141414141,10.0,10.0,47840,False
Blue_Dragon_vs_Pantheon_g3,1858,542,14040,421,0,1041,14,72,20,5.151515151515151,10.0,10.0,47850,False
Blue_Dragon_vs_Pantheon_g3,1859,550,14040,421,0,1042,14,72,20,5.03030303030303,10.0,10.0,47860,False
Blue_Dragon_vs_Pantheon_g3,1860,570,14040,421,0,1043,14,72,20,5.141414141414141,10.0,10.0,47870,False
Blue_Dragon_vs_Pantheon_g3,1861,580,14040,421,0,1044,14,72,20,5.141414141414141,10.0,10.0,47880,False
Blue_Dragon_vs_Pantheon_g3,1862,589,14040,421,0,1045,14,72,20,5.151515151515151,10.0,10.0,47890,False
Blue_Dragon_vs_Pantheon_g3,1863,597,14040,421,0,1046,14,72,20,5.03030303030303,10.0,10.0,47900,False
Blue_Dragon_vs_Pantheon_g3,1864,617,14040,421,0,1047,14,72,20,5.141414141414141,10.0,10.0,47910,False
Blue_Dragon_vs_Pantheon_g3,1865,626,14040,421,0,1048,14,72,20,5.141414141414141,10.0,10.0,47920,False
Blue_Dragon_vs_Pantheon_g3,1866,636,14040,421,0,1049,14,72,20,5.161616161616162,10.0,10.0,47930,False
Blue_Dragon_vs_Pantheon_g3,1867,644,14040,421,0,1050,14,72,20,5.05050505050505,10.0,10.0,47940,False
Blue_Dragon_vs_Pantheon_g3,1868,664,14040,421,0,1051,14,72,20,5.151515151515151,10.0,10.0,47950,False
Blue_Dragon_vs_Pantheon_g3,1869,673,14040,421,0,1052,14,72,20,5.141414141414141,10.0,10.0,47960,False
Blue_Dragon_vs_Pantheon_g3,1870,683,14040,421,0,1053,14,72,20,5.161616161616162,10.0,10.0,47970,False
Blue_Dragon_vs_Pantheon_g3,1871,691,14040,421,0,1054,14,72,20,5.05050505050505,10.0,10.0,47980,False
Blue_Dragon_vs_Pantheon_g3,1872,711,14040,421,0,1055,14,72,20,5.151515151515151,10.0,10.0,47990,False
Blue_Dragon_vs_Pantheon_g3,1873,720,14040,421,0,1056,14,72,20,5.151515151515151,10.0,10.0,48000,False
Blue_Dragon_vs_Pantheon_g3,1874,730,14040,421,0,1057,14,72,20,5.161616161616162,10.0,10.0,48010,False
Blue_Dragon_vs_Pantheon_g3,1875,738,14040,421,0,1058,14,72,20,5.05050505050505,10.0,10.0,48020,False
Blue_Dragon_vs_Pantheon_g3,1876,758,14040,421,0,1059,14,72,20,5.151515151515151,10.0,10.0,48030,False
Blue_Dragon_vs_Pantheon_g3,1877,767,14040,421,0,1060,14,72,20,5.151515151515151,10.0,10.0,48040,False
Blue_Dragon_vs_Pantheon_g3,1878,776,14040,421,0,1061,14,72,20,5.151515151515151,10.0,10.0,48050,False
Blue_Dragon_vs_Pantheon_g3,1879,784,14040,421,0,1062,14,72,20,5.040404040404041,10.0,10.0,48060,False
Blue_Dragon_vs_Pantheon_g3,1880,804,14040,421,0,1063,14,72,20,5.141414141414141,10.0,10.0,48070,False
Blue_Dragon_vs_Pantheon_g3,1881,812,14040,421,0,1064,14,72,20,5.1313131313131315,10.0,10.0,48080,False
Blue_Dragon_vs_Pantheon_g3,1882,820,14040,421,0,1065,14,72,20,5.121212121212121,10.0,10.0,48090,False
Blue_Dragon_vs_Pantheon_g3,1883,830,14040,421,0,1066,14,72,20,8.151515151515152,10.0,10.0,48100,False
Blue_Dragon_vs_Pantheon_g3,1884,850,14040,421,0,1067,14,73,20,8.252525252525253,10.0,10.0,48110,False
Blue_Dragon_vs_Pantheon_g3,1885,551,14230,426,0,1068,14,72,20,5.1313131313131315,10.0,10.0,48120,False
Blue_Dragon_vs_Pantheon_g3,1886,559,14030,420,0,1069,14,73,20,5.121212121212121,10.0,10.0,48130,False
Blue_Dragon_vs_Pantheon_g3,1887,260,14230,426,0,1070,14,73,20,1.9090909090909092,10.0,10.0,48140,False
Blue_Dragon_vs_Pantheon_g3,1888,278,14230,426,0,1071,14,73,20,1.9898989898989898,10.0,10.0,48150,False
Blue_Dragon_vs_Pantheon_g3,1889,288,14230,426,0,1072,14,72,20,2.0,10.0,10.0,48160,False
Blue_Dragon_vs_Pantheon_g3,1890,297,14030,420,0,1073,14,72,20,2.01010101010101,10.0,10.0,48170,False
Blue_Dragon_vs_Pantheon_g3,1891,276,14040,421,0,1074,14,72,20,1.606060606060606,10.0,10.0,48180,False
Blue_Dragon_vs_Pantheon_g3,1892,296,14040,421,0,1075,14,72,20,1.707070707070707,10.0,10.0,48190,False
Blue_Dragon_vs_Pantheon_g3,1893,305,14040,421,0,1076,14,72,20,1.707070707070707,10.0,10.0,48200,False
Blue_Dragon_vs_Pantheon_g3,1894,314,14040,421,0,1077,14,73,20,1.707070707070707,10.0,10.0,48210,False
Blue_Dragon_vs_Pantheon_g3,1895,14,14230,426,0,1078,14,72,20,-1.5151515151515151,10.0,10.0,48220,False
Blue_Dragon_vs_Pantheon_g3,1896,34,14030,420,0,1079,14,72,20,-1.4141414141414141,10.0,10.0,48230,False
Blue_Dragon_vs_Pantheon_g3,1897,43,14030,420,0,1080,14,72,20,-1.4141414141414141,10.0,10.0,48240,False
Blue_Dragon_vs_Pantheon_g3,1898,52,14030,420,0,1081,14,72,20,-1.4141414141414141,10.0,10.0,48250,False
Blue_Dragon_vs_Pantheon_g3,1899,31,14040,421,0,1082,14,72,20,-1.8181818181818181,10.0,10.0,48260,False
Blue_Dragon_vs_Pantheon_g3,1900,50,14040,421,0,1083,14,72,20,-1.7272727272727273,10.0,10.0,48270,False
Blue_Dragon_vs_Pantheon_g3,1901,60,14040,421,0,1084,14,72,20,-1.7171717171717171,10.0,10.0,48280,False
Blue_Dragon_vs_Pantheon_g3,1902,68,14040,421,0,1085,14,72,20,-1.7272727272727273,10.0,10.0,48290,False
Blue_Dragon_vs_Pantheon_g3,1903,77,14040,421,0,1086,14,72,20,-1.8383838383838385,10.0,10.0,48300,False
Blue_Dragon_vs_Pantheon_g3,1904,97,14040,421,0,1087,14,72,20,-1.7272727272727273,10.0,10.0,48310,False
Blue_Dragon_vs_Pantheon_g3,1905,106,14040,421,0,1088,14,72,20,-1.7373737373737375,10.0,10.0,48320,False
Blue_Dragon_vs_Pantheon_g3,1906,115,14040,421,0,1089,14,72,20,-1.7272727272727273,10.0,10.0,48330,False
Blue_Dragon_vs_Pantheon_g3,1907,123,14040,421,0,1090,14,72,20,-1.8484848484848484,10.0,10.0,48340,False
Blue_Dragon_vs_Pantheon_g3,1908,142,14040,421,0,1091,14,72,20,-1.7575757575757576,10.0,10.0,48350,False
Blue_Dragon_vs_Pantheon_g3,1909,151,14040,421,0,1092,14,72,20,1.3636363636363635,10.0,10.0,48360,False
Blue_Dragon_vs_Pantheon_g3,1910,161,14040,421,0,1093,14,72,20,1.3737373737373737,10.0,10.0,48370,False
Blue_Dragon_vs_Pantheon_g3,1911,169,14040,421,0,1094,14,72,20,1.2525252525252526,10.0,10.0,48380,False
Blue_Dragon_vs_Pantheon_g3,1912,189,14040,421,0,1095,14,72,20,1.3636363636363635,10.0,10.0,48390,False
Blue_Dragon_vs_Pantheon_g3,1913,198,14040,421,0,1096,14,72,20,1.3535353535353536,10.0,10.0,48400,False
Blue_Dragon_vs_Pantheon_g3,1914,208,14040,421,0,1097,14,72,20,1.3737373737373737,10.0,10.0,48410,False
Blue_Dragon_vs_Pantheon_g3,1915,216,14040,421,0,1098,14,72,20,1.2525252525252526,10.0,10.0,48420,False
Blue_Dragon_vs_Pantheon_g3,1916,235,14040,421,0,1099,14,72,20,1.3434343434343434,10.0,10.0,48430,False
Blue_Dragon_vs_Pantheon_g3,1917,244,14040,421,0,1100,14,72,20,1.3333333333333333,10.0,10.0,48440,False
Blue_Dragon_vs_Pantheon_g3,1918,254,14040,421,0,1101,14,72,20,1.3535353535353536,10.0,10.0,48450,False
Blue_Dragon_vs_Pantheon_g3,1919,262,14040,421,0,1102,14,72,20,1.2424242424242424,10.0,10.0,48460,False
Blue_Dragon_vs_Pantheon_g3,1920,282,14040,421,0,1103,14,72,20,1.3535353535353536,10.0,10.0,48470,False
Blue_Dragon_vs_Pantheon_g3,1921,291,14040,421,0,1104,14,72,20,1.3434343434343434,10.0,10.0,48480,False
Blue_Dragon_vs_Pantheon_g3,1922,300,14040,421,0,1105,14,72,20,1.3535353535353536,10.0,10.0,48490,False
Blue_Dragon_vs_Pantheon_g3,1923,308,14040,421,0,1106,14,72,20,1.2323232323232323,10.0,10.0,48500,False
Blue_Dragon_vs_Pantheon_g3,1924,328,14040,421,0,1107,14,72,20,1.3434343434343434,10.0,10.0,48510,False
Blue_Dragon_vs_Pantheon_g3,1925,337,14040,421,0,1108,14,72,20,1.4444444444444444,10.0,10.0,48520,False
Blue_Dragon_vs_Pantheon_g3,1926,346,14040,421,0,1109,14,72,20,1.4444444444444444,10.0,10.0,48530,False
Blue_Dragon_vs_Pantheon_g3,1927,354,14040,421,0,1110,14,72,20,1.3232323232323233,10.0,10.0,48540,False
Blue_Dragon_vs_Pantheon_g3,1928,373,14040,421,0,1111,14,72,20,1.4242424242424243,10.0,10.0,48550,False
Blue_Dragon_vs_Pantheon_g3,1929,382,14040,421,0,1112,14,72,20,1.4242424242424243,10.0,10.0,48560,False
Blue_Dragon_vs_Pantheon_g3,1930,391,14040,421,0,1113,14,72,20,1.4242424242424243,10.0,10.0,48570,False
Blue_Dragon_vs_Pantheon_g3,1931,399,14040,421,0,1114,14,72,20,1.303030303030303,10.0,10.0,48580,False
Blue_Dragon_vs_Pantheon_g3,1932,419,14040,421,0,1115,14,72,20,1.4141414141414141,10.0,10.0,48590,False
Blue_Dragon_vs_Pantheon_g3,1933,428,14040,421,0,1116,14,72,20,1.707070707070707,10.0,10.0,48600,False
Blue_Dragon_vs_Pantheon_g3,1934,438,14040,421,0,1117,14,72,20,1.7272727272727273,10.0,10.0,48610,False
Blue_Dragon_vs_Pantheon_g3,1935,446,14040,421,0,1118,14,72,20,1.606060606060606,10.0,10.0,48620,False
Blue_Dragon_vs_Pantheon_g3,1936,465,14040,421,0,1119,14,72,20,1.707070707070707,10.0,10.0,48630,False
Blue_Dragon_vs_Pantheon_g3,1937,474,14040,421,0,1120,14,72,20,1.696969696969697,10.0,10.0,48640,False
Blue_Dragon_vs_Pantheon_g3,1938,484,14040,421,0,1121,14,72,20,1.7171717171717171,10.0,10.0,48650,False
Blue_Dragon_vs_Pantheon_g3,1939,492,14040,421,0,1122,14,72,20,1.595959595959596,10.0,10.0,48660,False
Blue_Dragon_vs_Pantheon_g3,1940,512,14040,421,0,1123,14,72,20,1.707070707070707,10.0,10.0,48670,False
Blue_Dragon_vs_Pantheon_g3,1941,521,14040,421,0,1124,14,72,20,1.696969696969697,10.0,10.0,48680,False
Blue_Dragon_vs_Pantheon_g3,1942,530,14040,421,0,1125,14,72,20,1.707070707070707,10.0,10.0,48690,False
Blue_Dragon_vs_Pantheon_g3,1943,539,14040,421,0,1126,14,72,20,1.595959595959596,10.0,10.0,48700,False
Blue_Dragon_vs_Pantheon_g3,1944,558,14040,421,0,1127,14,72,20,1.6868686868686869,10.0,10.0,48710,False
Blue_Dragon_vs_Pantheon_g3,1945,567,14040,421,0,1128,14,72,20,1.6767676767676767,10.0,10.0,48720,False
Blue_Dragon_vs_Pantheon_g3,1946,577,14040,421,0,1129,14,72,20,1.696969696969697,10.0,10.0,48730,False
Blue_Dragon_vs_Pantheon_g3,1947,585,14040,421,0,1130,14,72,20,1.5757575757575757,10.0,10.0,48740,False
Blue_Dragon_vs_Pantheon_g3,1948,605,14040,421,0,1131,14,72,20,1.6868686868686869,10.0,10.0,48750,False
Blue_Dragon_vs_Pantheon_g3,1949,613,14040,421,0,1132,14,72,20,1.6666666666666667,10.0,10.0,48760,False
Blue_Dragon_vs_Pantheon_g3,1950,623,14040,421,0,1133,14,72,20,1.6868686868686869,10.0,10.0,48770,False
Blue_Dragon_vs_Pantheon_g3,1951,631,14040,421,0,1134,14,72,20,1.5656565656565657,10.0,10.0,48780,False
Blue_Dragon_vs_Pantheon_g3,1952,651,14040,421,0,1135,14,72,20,1.6666666666666667,10.0,10.0,48790,False
Blue_Dragon_vs_Pantheon_g3,1953,660,14040,421,0,1136,14,72,20,1.6565656565656566,10.0,10.0,48800,False
Blue_Dragon_vs_Pantheon_g3,1954,669,14040,421,0,1137,14,72,20,1.6666666666666667,10.0,10.0,48810,False
Blue_Dragon_vs_Pantheon_g3,1955,678,14040,421,0,1138,14,72,20,1.5656565656565657,10.0,10.0,48820,False
Blue_Dragon_vs_Pantheon_g3,1956,697,14040,421,0,1139,14,72,20,1.6565656565656566,10.0,10.0,48830,False
Blue_Dragon_vs_Pantheon_g3,1957,706,14040,421,0,1140,14,72,20,1.6565656565656566,10.0,10.0,48840,False
Blue_Dragon_vs_Pantheon_g3,1958,716,14040,421,0,1141,14,72,20,1.6767676767676767,10.0,10.0,48850,False
Blue_Dragon_vs_Pantheon_g3,1959,724,14040,421,0,1142,14,72,20,1.5555555555555556,10.0,10.0,48860,False
Blue_Dragon_vs_Pantheon_g3,1960,744,14040,421,0,1143,14,72,20,1.6565656565656566,10.0,10.0,48870,False
Blue_Dragon_vs_Pantheon_g3,1961,752,14040,421,0,1144,14,72,20,1.6464646464646464,10.0,10.0,48880,False
Blue_Dragon_vs_Pantheon_g3,1962,762,14040,421,0,1145,14,72,20,1.6666666666666667,10.0,10.0,48890,False
Blue_Dragon_vs_Pantheon_g3,1963,770,14040,421,0,1146,14,72,20,1.5454545454545454,10.0,10.0,48900,False
Blue_Dragon_vs_Pantheon_g3,1964,790,14040,421,0,1147,14,72,20,1.6565656565656566,10.0,10.0,48910,False
Blue_Dragon_vs_Pantheon_g3,1965,798,14040,421,0,1148,14,72,20,1.6363636363636365,10.0,10.0,48920,False
Blue_Dragon_vs_Pantheon_g3,1966,808,14040,421,0,1149,14,72,20,1.6565656565656566,10.0,10.0,48930,False
Blue_Dragon_vs_Pantheon_g3,1967,816,14040,421,0,1150,14,72,20,1.5353535353535352,10.0,10.0,48940,False
Blue_Dragon_vs_Pantheon_g3,1968,836,14040,421,0,1151,14,72,20,1.6464646464646464,10.0,10.0,48950,False
Blue_Dragon_vs_Pantheon_g3,1969,844,14040,421,0,1152,14,72,20,1.6262626262626263,10.0,10.0,48960,False
Blue_Dragon_vs_Pantheon_g3,1970,854,14040,421,0,1153,14,72,20,1.6464646464646464,10.0,10.0,48970,False
Blue_Dragon_vs_Pantheon_g3,1971,863,14040,421,0,1154,14,72,20,1.5353535353535352,10.0,10.0,48980,False
Blue_Dragon_vs_Pantheon_g3,1972,883,14040,421,0,1155,14,72,20,1.6464646464646464,10.0,10.0,48990,False
Blue_Dragon_vs_Pantheon_g3,1973,892,14040,421,0,1156,14,72,20,1.6363636363636365,10.0,10.0,49000,False
Blue_Dragon_vs_Pantheon_g3,1974,901,14040,421,0,1157,14,72,20,1.6464646464646464,10.0,10.0,49010,False
Blue_Dragon_vs_Pantheon_g3,1975,910,14040,421,0,1158,14,72,20,1.5353535353535352,10.0,10.0,49020,False
Blue_Dragon_vs_Pantheon_g3,1976,930,14040,421,0,1159,14,72,20,1.6464646464646464,10.0,10.0,49030,False
Blue_Dragon_vs_Pantheon_g3,1977,939,14040,421,0,1160,14,72,20,1.6464646464646464,10.0,10.0,49040,False
Blue_Dragon_vs_Pantheon_g3,1978,948,14040,421,0,1161,14,72,20,1.6565656565656566,10.0,10.0,49050,False
Blue_Dragon_vs_Pantheon_g3,1979,956,14040,421,0,1162,14,72,20,1.5353535353535352,10.0,10.0,49060,False
Blue_Dragon_vs_Pantheon_g3,1980,976,14040,421,0,1163,14,72,20,1.6565656565656566,10.0,10.0,49070,False
Blue_Dragon_vs_Pantheon_g3,1981,986,14040,421,0,1164,14,72,20,1.6767676767676767,10.0,10.0,49080,False
Blue_Dragon_vs_Pantheon_g3,1982,996,14040,421,0,1165,14,72,20,1.6767676767676767,10.0,10.0,49090,False
Blue_Dragon_vs_Pantheon_g3,1983,1004,14040,421,0,1166,14,72,20,1.5555555555555556,10.0,10.0,49100,False
Blue_Dragon_vs_Pantheon_g3,1984,1024,14040,421,0,1167,14,72,20,4.777777777777778,10.0,10.0,49110,False
Blue_Dragon_vs_Pantheon_g3,1985,1033,14040,421,0,1168,14,72,20,4.787878787878788,10.0,10.0,49120,False
Blue_Dragon_vs_Pantheon_g3,1986,1043,14040,421,0,1169,14,72,20,7.909090909090909,10.0,10.0,49130,False
Blue_Dragon_vs_Pantheon_g3,1987,1051,14040,421,0,1170,14,72,20,7.808080808080808,10.0,10.0,49140,False
Blue_Dragon_vs_Pantheon_g3,1988,1071,14040,421,0,1171,14,73,20,7.909090909090909,10.0,10.0,49150,False
Blue_Dragon_vs_Pantheon_g3,1989,772,14230,426,0,1172,14,73,20,4.797979797979798,10.0,10.0,49160,False
Blue_Dragon_vs_Pantheon_g3,1990,782,14230,426,0,1173,14,73,20,5.111111111111111,10.0,10.0,49170,False
Blue_Dragon_vs_Pantheon_g3,1991,789,14230,426,0,1174,14,73,20,4.97979797979798,10.0,10.0,49180,False
Blue_Dragon_vs_Pantheon_g3,1992,809,14230,426,0,1175,14,73,20,5.090909090909091,10.0,10.0,49190,False
Blue_Dragon_vs_Pantheon_g3,1993,819,14230,426,0,1176,14,73,20,5.101010101010101,10.0,10.0,49200,False
Blue_Dragon_vs_Pantheon_g3,1994,828,14230,426,0,1177,14,73,20,8.222222222222221,10.0,10.0,49210,False
Blue_Dragon_vs_Pantheon_g3,1995,836,14230,426,0,1178,14,73,20,8.1010101010101,10.0,10.0,49220,False
Blue_Dragon_vs_Pantheon_g3,1996,856,14230,426,0,1179,14,73,20,8.212121212121213,10.0,10.0,49230,False
Blue_Dragon_vs_Pantheon_g3,1997,865,14230,426,0,1180,14,73,20,8.212121212121213,10.0,10.0,49240,False
Blue_Dragon_vs_Pantheon_g3,1998,874,14230,426,0,1181,14,73,20,8.515151515151516,10.0,10.0,49250,False
Blue_Dragon_vs_Pantheon_g3,1999,882,14230,426,0,1182,14,73,20,8.404040404040405,10.0,10.0,49260,False
Blue_Dragon_vs_Pantheon_g4,0,500,1000,30,0,0,0,1,0,0.0,0.0,0.0,0,True
Blue_Dragon_vs_Pantheon_g4,1,470,1200,36,0,1,1,2,0,0.0,0.0,0.0,0,True
Blue_Dragon_vs_Pantheon_g4,2,433,1405,42,0,1,2,3,0,0.0,0.0,0.0,0,True
Blue_Dragon_vs_Pantheon_g4,3,389,1615,48,0,1,3,4,0,0.0,0.0,0.0,0,True
Blue_Dragon_vs_Pantheon_g4,4,344,1835,55,0,1,4,4,0,0.0,0.0,0.0,0,False
Blue_Dragon_vs_Pantheon_g4,5,337,1855,55,0,2,4,4,0,0.0,0.0,0.0,0,False
Blue_Dragon_vs_Pantheon_g4,6,334,1870,56,0,3,4,4,0,0.0,0.0,0.0,0,False
Blue_Dragon_vs_Pantheon_g4,7,326,1895,56,0,4,4,4,0,0.0,0.0,0.0,0,False
Blue_Dragon_vs_Pantheon_g4,8,333,1910,57,0,5,4,4,0,0.0,0.0,0.0,0,False
Blue_Dragon_vs_Pantheon_g4,9,322,1935,58,0,6,4,5,1,0.0,0.0,0.0,0,False
Blue_Dragon_vs_Pantheon_g4,10,276,2000,60,0,7,4,5,1,0.0,0.0,0.0,0,False
Blue_Dragon_vs_Pantheon_g4,11,260,2025,60,0,8,4,5,1,0.0,0.0,0.0,0,False
Blue_Dragon_vs_Pantheon_g4,12,254,2055,61,0,9,4,6,2,0.0,0.0,0.0,0,False
Blue_Dragon_vs_Pantheon_g4,13,162,2215,66,0,10,4,6,2,0.0,0.0,0.0,0,False
Blue_Dragon_vs_Pantheon_g4,14,148,2235,67,0,11,4,6,2,0.0,0.0,0.0,10,False
Blue_Dragon_vs_Pantheon_g4,15,152,2245,67,0,12,4,6,2,0.0,0.6666666666666666,0.0,10,False
Blue_Dragon_vs_Pantheon_g4,16,156,2255,67,0,13,4,6,2,0.0,0.6666666666666666,0.0,10,False
Blue_Dragon_vs_Pantheon_g4,17,150,2265,67,0,14,4,7,2,0.0,0.6666666666666666,0.0,10,False
Blue_Dragon_vs_Pantheon_g4,18,76,2465,73,0,15,4,7,2,0.0,2.0,0.0,30,False
Blue_Dragon_vs_Pantheon_g4,19,94,2470,74,0,16,4,7,2,0.0,2.0,0.0,30,False
Blue_Dragon_vs_Pantheon_g4,20,100,2480,74,0,17,4,7,2,0.0,2.0,0.0,30,False
Blue_Dragon_vs_Pantheon_g4,21,98,2485,74,0,18,4,7,2,0.0,2.0,0.0,30,False
Blue_Dragon_vs_Pantheon_g4,22,98,2485,74,0,19,4,7,2,0.0,2.6666666666666665,0.0,40,False
Blue_Dragon_vs_Pantheon_g4,23,108,2485,74,0,20,4,7,2,0.0,2.6666666666666665,0.0,40,False
Blue_Dragon_vs_Pantheon_g4,24,118,2485,74,0,21,4,7,2,0.0,2.6666666666666665,0.0,40,False
Blue_Dragon_vs_Pantheon_g4,25,116,2490,74,0,22,4,7,2,0.0,2.6666666666666665,0.0,40,False
Blue_Dragon_vs_Pantheon_g4,26,114,2490,74,0,23,4,7,2,0.0,4.0,0.0,60,False
Blue_Dragon_vs_Pantheon_g4,27,134,2490,74,0,24,4,8,2,0.0,4.0,0.0,60,False
Blue_Dragon_vs_Pantheon_g4,28,68,2695,80,0,25,4,8,2,0.0,4.0,0.0,60,False
Blue_Dragon_vs_Pantheon_g4,29,64,2705,81,0,26,4,8,2,0.0,3.3333333333333335,0.0,60,False
Blue_Dragon_vs_Pantheon_g4,30,60,2715,81,0,27,4,8,2,0.0,4.0,0.0,70,False
Blue_Dragon_vs_Pantheon_g4,31,68,2720,81,0,28,4,8,2,0.0,4.0,0.0,70,False
Blue_Dragon_vs_Pantheon_g4,32,74,2730,81,0,29,4,8,2,0.0,4.0,0.0,70,False
Blue_Dragon_vs_Pantheon_g4,33,72,2735,82,0,30,4,8,2,0.0,2.6666666666666665,0.0,70,False
Blue_Dragon_vs_Pantheon_g4,34,68,2745,82,0,31,4,8,2,0.0,4.0,0.0,90,False
Blue_Dragon_vs_Pantheon_g4,35,84,2755,82,0,32,4,8,2,0.0,4.0,0.0,90,False
Blue_Dragon_vs_Pantheon_g4,36,94,2755,82,0,33,4,8,2,0.0,4.0,0.0,90,False
Blue_Dragon_vs_Pantheon_g4,37,93,2755,82,0,34,4,7,2,0.0,3.3333333333333335,0.0,90,False
Blue_Dragon_vs_Pantheon_g4,38,92,2555,76,0,35,4,8,2,0.0,4.0,0.0,100,False
Blue_Dragon_vs_Pantheon_g4,39,75,2655,79,0,36,4,8,2,0.0,4.0,0.0,100,False
Blue_Dragon_vs_Pantheon_g4,40,84,2655,79,0,37,4,8,2,0.0,4.0,0.0,100,False
Blue_Dragon_vs_Pantheon_g4,41,80,2660,79,0,38,4,8,2,0.0,2.6666666666666665,0.0,100,False
Blue_Dragon_vs_Pantheon_g4,42,80,2660,79,0,39,4,8,2,0.0,4.0,0.0,120,False
Blue_Dragon_vs_Pantheon_g4,43,100,2660,79,0,40,4,8,2,0.0,4.0,0.0,120,False
Blue_Dragon_vs_Pantheon_g4,44,110,2660,79,0,41,4,8,2,0.0,4.0,0.0,120,False
Blue_Dragon_vs_Pantheon_g4,45,110,2660,79,0,42,4,8,2,0.0,3.3333333333333335,0.0,120,False
Blue_Dragon_vs_Pantheon_g4,46,110,2660,79,0,43,4,8,2,0.0,4.0,0.0,130,False
Blue_Dragon_vs_Pantheon_g4,47,118,2665,79,0,44,4,8,2,0.0,4.0,0.0,130,False
Blue_Dragon_vs_Pantheon_g4,48,128,2665,79,0,45,4,8,2,0.0,4.0,0.0,130,False
Blue_Dragon_vs_Pantheon_g4,49,128,2665,79,0,46,4,8,2,0.0,2.6666666666666665,0.0,130,False
Blue_Dragon_vs_Pantheon_g4,50,128,2665,79,0,47,4,8,2,0.0,4.0,0.0,150,False
Blue_Dragon_vs_Pantheon_g4,51,148,2665,79,0,48,4,8,2,0.0,4.0,0.0,150,False
Blue_Dragon_vs_Pantheon_g4,52,157,2665,79,0,49,4,7,2,0.0,4.0,0.0,150,False
Blue_Dragon_vs_Pantheon_g4,53,156,2565,76,0,50,4,7,2,0.0,3.3333333333333335,0.0,150,False
Blue_Dragon_vs_Pantheon_g4,54,156,2565,76,0,51,4,7,2,0.0,4.0,0.0,160,False
Blue_Dragon_vs_Pantheon_g4,55,166,2565,76,0,52,4,7,2,0.0,4.0,0.0,160,False
Blue_Dragon_vs_Pantheon_g4,56,167,2575,77,0,53,4,8,3,0.0,4.0,0.0,160,False
Blue_Dragon_vs_Pantheon_g4,57,116,2625,78,0,54,4,9,3,0.0,2.6666666666666665,0.0,160,False
Blue_Dragon_vs_Pantheon_g4,58,38,2815,84,0,55,4,9,3,0.0,4.0,0.0,180,False
Blue_Dragon_vs_Pantheon_g4,59,50,2825,84,0,56,4,9,3,0.0,4.0,0.0,180,False
Blue_Dragon_vs_Pantheon_g4,60,58,2830,84,0,57,4,9,3,0.0,4.0,0.0,180,False
Blue_Dragon_vs_Pantheon_g4,61,50,2830,84,0,58,4,9,3,0.0,3.3333333333333335,0.0,180,False
Blue_Dragon_vs_Pantheon_g4,62,42,2840,85,0,59,4,9,3,0.0,4.0,0.0,190,False
Blue_Dragon_vs_Pantheon_g4,63,44,2850,85,0,60,4,9,3,0.0,4.0,0.0,190,False
Blue_Dragon_vs_Pantheon_g4,64,44,2860,85,0,61,4,9,3,0.0,4.0,0.0,190,False
Blue_Dragon_vs_Pantheon_g4,65,44,2860,85,0,62,4,9,3,0.0,2.6666666666666665,0.0,190,False
Blue_Dragon_vs_Pantheon_g4,66,44,2860,85,0,63,4,9,3,0.0,4.0,0.0,210,False
Blue_Dragon_vs_Pantheon_g4,67,64,2860,85,0,64,4,9,3,0.0,4.0,0.0,210,False
Blue_Dragon_vs_Pantheon_g4,68,72,2865,85,0,65,4,9,3,0.0,4.0,0.0,210,False
Blue_Dragon_vs_Pantheon_g4,69,72,2865,85,0,66,4,9,3,0.0,3.3333333333333335,0.0,210,False
Blue_Dragon_vs_Pantheon_g4,70,64,2865,85,0,67,4,9,3,0.0,4.0,0.0,220,False
Blue_Dragon_vs_Pantheon_g4,71,66,2870,86,0,68,4,9,3,0.0,4.0,0.0,220,False
Blue_Dragon_vs_Pantheon_g4,72,68,2880,86,0,69,4,9,3,0.0,4.0,0.0,220,False
Blue_Dragon_vs_Pantheon_g4,73,60,2885,86,0,70,4,9,3,0.0,2.6666666666666665,0.0,220,False
Blue_Dragon_vs_Pantheon_g4,74,58,2890,86,0,71,4,9,3,0.0,4.0,0.0,240,False
Blue_Dragon_vs_Pantheon_g4,75,76,2890,86,0,72,4,9,3,0.0,4.0,0.0,240,False
Blue_Dragon_vs_Pantheon_g4,76,78,2900,87,0,73,4,9,3,0.0,4.0,0.0,240,False
Blue_Dragon_vs_Pantheon_g4,77,78,2900,87,0,74,4,9,3,0.0,3.3333333333333335,0.0,240,False
Blue_Dragon_vs_Pantheon_g4,78,76,2905,87,0,75,4,9,3,0.0,4.0,0.0,250,False
Blue_Dragon_vs_Pantheon_g4,79,86,2905,87,0,76,4,9,3,0.0,4.666666666666667,0.0,260,False
Blue_Dragon_vs_Pantheon_g4,80,104,2905,87,0,77,4,9,3,0.0,5.333333333333333,0.0,270,False
Blue_Dragon_vs_Pantheon_g4,81,112,2905,87,0,78,4,9,3,0.0,4.0,0.0,270,False
Blue_Dragon_vs_Pantheon_g4,82,112,2905,87,0,79,4,9,3,0.0,5.333333333333333,0.0,290,False
Blue_Dragon_vs_Pantheon_g4,83,132,2905,87,0,80,4,9,3,0.0,5.333333333333333,0.0,290,False
Blue_Dragon_vs_Pantheon_g4,84,140,2910,87,0,81,4,9,3,0.0,6.0,0.0,300,False
Blue_Dragon_vs_Pantheon_g4,85,148,2915,87,0,82,4,9,3,0.0,5.333333333333333,0.0,300,False
Blue_Dragon_vs_Pantheon_g4,86,148,2915,87,0,83,4,9,3,0.0,6.0,0.0,310,False
Blue_Dragon_vs_Pantheon_g4,87,158,2915,87,0,84,4,9,3,0.0,6.0,0.0,310,False
Blue_Dragon_vs_Pantheon_g4,88,166,2920,87,0,85,4,9,3,0.0,6.0,0.0,310,False
Blue_Dragon_vs_Pantheon_g4,89,166,2920,87,0,86,4,9,3,0.0,4.666666666666667,0.0,310,False
Blue_Dragon_vs_Pantheon_g4,90,166,2920,87,0,87,4,9,3,0.0,6.0,0.0,330,False
Blue_Dragon_vs_Pantheon_g4,91,184,2920,87,0,88,4,9,3,0.0,6.0,0.0,330,False
Blue_Dragon_vs_Pantheon_g4,92,194,2920,87,0,89,4,9,3,0.0,6.666666666666667,0.0,340,False
Blue_Dragon_vs_Pantheon_g4,93,196,2925,87,0,90,4,9,3,0.0,6.0,0.0,340,False
Blue_Dragon_vs_Pantheon_g4,94,196,2925,87,0,91,4,9,3,0.0,6.0,0.0,350,False
Blue_Dragon_vs_Pantheon_g4,95,204,2930,87,0,92,4,9,3,0.0,5.333333333333333,0.0,350,False
Blue_Dragon_vs_Pantheon_g4,96,212,2935,88,0,93,4,9,3,0.0,5.333333333333333,0.0,350,False
Blue_Dragon_vs_Pantheon_g4,97,212,2935,88,0,94,4,9,3,0.0,4.0,0.0,350,False
Blue_Dragon_vs_Pantheon_g4,98,212,2935,88,0,95,4,9,3,0.0,5.333333333333333,0.0,370,False
Blue_Dragon_vs_Pantheon_g4,99,232,2935,88,0,96,4,9,3,-2.707070707070707,4.666666666666667,3.7373737373737375,370,False
Blue_Dragon_vs_Pantheon_g4,100,240,2935,88,0,97,4,9,3,-2.323232323232323,5.333333333333333,3.8383838383838382,380,False
Blue_Dragon_vs_Pantheon_g4,101,248,2935,88,0,98,4,9,3,-1.8686868686868687,4.666666666666667,3.8383838383838382,380,False
Blue_Dragon_vs_Pantheon_g4,102,248,2935,88,0,99,4,9,3,-1.4242424242424243,5.333333333333333,3.9393939393939394,390,False
Blue_Dragon_vs_Pantheon_g4,103,258,2935,88,0,100,4,9,3,-0.8686868686868687,5.333333333333333,3.9393939393939394,390,False
Blue_Dragon_vs_Pantheon_g4,104,268,2935,88,0,101,4,9,3,-0.696969696969697,5.333333333333333,3.9393939393939394,390,False
Blue_Dragon_vs_Pantheon_g4,105,266,2935,88,0,102,4,9,3,-0.6868686868686869,4.0,3.9393939393939394,390,False
Blue_Dragon_vs_Pantheon_g4,106,264,2935,88,0,103,4,9,3,-0.6262626262626263,5.333333333333333,4.141414141414141,410,False
Blue_Dragon_vs_Pantheon_g4,107,284,2935,88,0,104,4,9,3,-0.494949494949495,4.666666666666667,4.141414141414141,410,False
Blue_Dragon_vs_Pantheon_g4,108,294,2935,88,0,105,4,9,3,-0.2828282828282828,5.333333333333333,4.242424242424242,420,False
Blue_Dragon_vs_Pantheon_g4,109,304,2935,88,0,106,4,9,3,0.2828282828282828,4.666666666666667,4.242424242424242,420,False
Blue_Dragon_vs_Pantheon_g4,110,304,2935,88,0,107,4,9,3,0.4444444444444444,5.333333333333333,4.343434343434343,430,False
Blue_Dragon_vs_Pantheon_g4,111,312,2935,88,0,108,4,9,3,0.5858585858585859,5.333333333333333,4.343434343434343,430,False
Blue_Dragon_vs_Pantheon_g4,112,320,2935,88,0,109,4,9,3,1.595959595959596,5.333333333333333,4.343434343434343,430,False
Blue_Dragon_vs_Pantheon_g4,113,318,2935,88,0,110,4,9,3,1.7171717171717171,4.0,4.242424242424242,430,False
Blue_Dragon_vs_Pantheon_g4,114,316,2935,88,0,111,4,9,3,1.6565656565656566,5.333333333333333,4.444444444444445,450,False
Blue_Dragon_vs_Pantheon_g4,115,336,2935,88,0,112,4,9,3,1.8181818181818181,4.666666666666667,4.444444444444445,450,False
Blue_Dragon_vs_Pantheon_g4,116,346,2935,88,0,113,4,9,3,1.97979797979798,5.333333333333333,4.545454545454546,460,False
Blue_Dragon_vs_Pantheon_g4,117,354,2935,88,0,114,4,9,3,2.808080808080808,4.666666666666667,4.343434343434343,460,False
Blue_Dragon_vs_Pantheon_g4,118,352,2935,88,0,115,4,9,3,2.606060606060606,5.333333333333333,4.444444444444445,470,False
Blue_Dragon_vs_Pantheon_g4,119,362,2935,88,0,116,4,9,3,2.6464646464646466,5.333333333333333,4.444444444444445,470,False
Blue_Dragon_vs_Pantheon_g4,120,370,2935,88,0,117,4,9,3,2.7474747474747474,5.333333333333333,4.444444444444445,470,False
Blue_Dragon_vs_Pantheon_g4,121,368,2935,88,0,118,4,9,3,2.727272727272727,4.0,4.343434343434343,470,False
Blue_Dragon_vs_Pantheon_g4,122,366,2930,87,0,119,4,9,3,2.606060606060606,5.333333333333333,4.545454545454546,490,False
Blue_Dragon_vs_Pantheon_g4,123,384,2930,87,0,120,4,9,3,2.686868686868687,4.666666666666667,4.545454545454546,490,False
Blue_Dragon_vs_Pantheon_g4,124,394,2930,87,0,121,4,9,3,2.808080808080808,5.333333333333333,4.646464646464646,500,False
Blue_Dragon_vs_Pantheon_g4,125,402,2930,87,0,122,4,9,3,2.909090909090909,4.666666666666667,4.444444444444445,500,False
Blue_Dragon_vs_Pantheon_g4,126,400,2930,87,0,123,4,9,3,2.686868686868687,5.333333333333333,4.545454545454546,510,False
Blue_Dragon_vs_Pantheon_g4,127,408,2930,87,0,124,4,9,3,3.4343434343434343,5.333333333333333,4.545454545454546,510,False
Blue_Dragon_vs_Pantheon_g4,128,416,2930,87,0,125,4,9,3,3.5555555555555554,5.333333333333333,4.545454545454546,510,False
Blue_Dragon_vs_Pantheon_g4,129,414,2930,87,0,126,4,9,3,3.5757575757575757,4.0,4.444444444444445,510,False
Blue_Dragon_vs_Pantheon_g4,130,410,2935,88,0,127,4,9,3,3.4545454545454546,5.333333333333333,4.646464646464646,530,False
Blue_Dragon_vs_Pantheon_g4,131,428,2935,88,0,128,4,9,3,3.5757575757575757,4.666666666666667,4.646464646464646,530,False
Blue_Dragon_vs_Pantheon_g4,132,436,2935,88,0,129,4,9,3,3.676767676767677,5.333333333333333,4.747474747474747,540,False
Blue_Dragon_vs_Pantheon_g4,133,446,2935,88,0,130,4,9,3,3.8181818181818183,4.666666666666667,4.545454545454546,540,False
Blue_Dragon_vs_Pantheon_g4,134,442,2940,88,0,131,4,9,3,3.6161616161616164,5.333333333333333,4.646464646464646,550,False
Blue_Dragon_vs_Pantheon_g4,135,450,2945,88,0,132,4,9,3,3.595959595959596,5.333333333333333,4.646464646464646,550,False
Blue_Dragon_vs_Pantheon_g4,136,458,2950,88,0,133,4,9,3,3.686868686868687,5.333333333333333,4.646464646464646,550,False
Blue_Dragon_vs_Pantheon_g4,137,457,2950,88,0,134,4,9,3,3.686868686868687,4.0,4.545454545454546,550,False
Blue_Dragon_vs_Pantheon_g4,138,456,2950,88,0,135,4,9,3,3.8484848484848486,5.333333333333333,4.747474747474747,570,False
Blue_Dragon_vs_Pantheon_g4,139,475,2950,88,0,136,4,9,3,3.9494949494949494,4.666666666666667,4.747474747474747,570,False
Blue_Dragon_vs_Pantheon_g4,140,480,2955,88,0,137,4,9,3,4.040404040404041,5.333333333333333,4.848484848484849,580,False
Blue_Dragon_vs_Pantheon_g4,141,489,2955,88,0,138,4,9,3,4.1313131313131315,4.666666666666667,4.646464646464646,580,False
Blue_Dragon_vs_Pantheon_g4,142,487,2955,88,0,139,4,9,3,3.909090909090909,5.333333333333333,4.747474747474747,590,False
Blue_Dragon_vs_Pantheon_g4,143,495,2955,88,0,140,4,9,3,3.888888888888889,5.333333333333333,4.747474747474747,590,False
Blue_Dragon_vs_Pantheon_g4,144,502,2955,88,0,141,4,10,3,3.95959595959596,5.333333333333333,4.747474747474747,590,True
Blue_Dragon_vs_Pantheon_g4,145,411,3155,94,0,1,5,10,3,3.04040404040404,4.0,4.646464646464646,590,False
Blue_Dragon_vs_Pantheon_g4,146,408,3155,94,0,2,5,10,3,2.9292929292929295,5.333333333333333,4.848484848484849,610,False
Blue_Dragon_vs_Pantheon_g4,147,427,3155,94,0,3,5,10,3,3.0202020202020203,4.666666666666667,4.848484848484849,610,False
Blue_Dragon_vs_Pantheon_g4,148,433,3160,94,0,4,5,10,3,3.080808080808081,5.333333333333333,4.94949494949495,620,False
Blue_Dragon_vs_Pantheon_g4,149,442,3160,94,0,5,5,10,3,3.1717171717171717,4.666666666666667,4.747474747474747,620,False
Blue_Dragon_vs_Pantheon_g4,150,439,3160,94,0,6,5,10,3,2.9393939393939394,5.333333333333333,4.848484848484849,630,False
Blue_Dragon_vs_Pantheon_g4,151,448,3160,94,0,7,5,10,3,2.9393939393939394,5.333333333333333,4.848484848484849,630,False
Blue_Dragon_vs_Pantheon_g4,152,457,3160,94,0,8,5,10,3,3.04040404040404,5.333333333333333,4.848484848484849,630,False
Blue_Dragon_vs_Pantheon_g4,153,457,3160,94,0,9,5,10,3,3.04040404040404,4.0,4.747474747474747,630,False
Blue_Dragon_vs_Pantheon_g4,154,455,3160,94,0,10,5,10,3,2.919191919191919,5.333333333333333,4.94949494949495,650,False
Blue_Dragon_vs_Pantheon_g4,155,473,3160,94,0,11,5,10,3,3.090909090909091,4.666666666666667,4.94949494949495,650,False
Blue_Dragon_vs_Pantheon_g4,156,482,3160,94,0,12,5,10,3,3.696969696969697,5.333333333333333,5.05050505050505,660,False
Blue_Dragon_vs_Pantheon_g4,157,491,3160,94,0,13,5,10,3,4.575757575757576,4.666666666666667,4.848484848484849,660,False
Blue_Dragon_vs_Pantheon_g4,158,490,3160,94,0,14,5,10,3,4.444444444444445,5.333333333333333,4.94949494949495,670,False
Blue_Dragon_vs_Pantheon_g4,159,496,3165,94,0,15,5,10,3,4.424242424242424,5.333333333333333,4.94949494949495,670,False
Blue_Dragon_vs_Pantheon_g4,160,505,3165,94,0,16,5,10,3,4.595959595959596,5.333333333333333,4.94949494949495,670,False
Blue_Dragon_vs_Pantheon_g4,161,504,3165,94,0,17,5,10,3,4.666666666666667,4.0,4.848484848484849,670,False
Blue_Dragon_vs_Pantheon_g4,162,503,3165,94,0,18,5,10,3,4.636363636363637,5.333333333333333,5.05050505050505,690,False
Blue_Dragon_vs_Pantheon_g4,163,522,3160,94,0,19,5,11,3,4.828282828282828,4.666666666666667,5.05050505050505,690,True
Blue_Dragon_vs_Pantheon_g4,164,437,3360,100,0,1,6,11,3,3.9696969696969697,5.333333333333333,5.151515151515151,700,False
Blue_Dragon_vs_Pantheon_g4,165,446,3360,100,0,2,6,11,3,4.0606060606060606,4.666666666666667,4.94949494949495,700,False
Blue_Dragon_vs_Pantheon_g4,166,445,3360,100,0,3,6,11,3,3.8484848484848486,5.333333333333333,5.05050505050505,710,False
Blue_Dragon_vs_Pantheon_g4,167,454,3360,100,0,4,6,11,3,3.8585858585858586,5.333333333333333,5.05050505050505,710,False
Blue_Dragon_vs_Pantheon_g4,168,461,3360,100,0,5,6,11,3,3.9292929292929295,5.333333333333333,5.05050505050505,710,False
Blue_Dragon_vs_Pantheon_g4,169,459,3360,100,0,6,6,11,3,3.98989898989899,4.0,4.94949494949495,710,False
Blue_Dragon_vs_Pantheon_g4,170,459,3360,100,0,7,6,11,3,3.9696969696969697,5.333333333333333,5.151515151515151,730,False
Blue_Dragon_vs_Pantheon_g4,171,477,3360,100,0,8,6,11,3,4.1313131313131315,4.666666666666667,5.151515151515151,730,False
Blue_Dragon_vs_Pantheon_g4,172,485,3360,100,0,9,6,11,3,4.292929292929293,5.333333333333333,5.252525252525253,740,False
Blue_Dragon_vs_Pantheon_g4,173,494,3360,100,0,10,6,11,3,4.404040404040404,4.666666666666667,5.05050505050505,740,False
Blue_Dragon_vs_Pantheon_g4,174,493,3360,100,0,11,6,10,3,4.212121212121212,5.333333333333333,5.151515151515151,750,False
Blue_Dragon_vs_Pantheon_g4,175,498,3165,94,0,12,6,11,3,4.242424242424242,5.333333333333333,5.151515151515151,750,False
Blue_Dragon_vs_Pantheon_g4,176,414,3365,100,0,13,6,11,3,3.393939393939394,5.333333333333333,5.151515151515151,750,False
Blue_Dragon_vs_Pantheon_g4,177,412,3365,100,0,14,6,11,3,3.393939393939394,4.0,5.05050505050505,750,False
Blue_Dragon_vs_Pantheon_g4,178,412,3365,100,0,15,6,11,3,3.292929292929293,5.333333333333333,5.151515151515151,770,False
Blue_Dragon_vs_Pantheon_g4,179,430,3365,100,0,16,6,11,3,3.292929292929293,4.666666666666667,5.05050505050505,770,False
Blue_Dragon_vs_Pantheon_g4,180,440,3365,100,0,17,6,11,3,3.313131313131313,5.333333333333333,5.151515151515151,780,False
Blue_Dragon_vs_Pantheon_g4,181,449,3365,100,0,18,6,11,3,3.404040404040404,4.666666666666667,4.94949494949495,780,False
Blue_Dragon_vs_Pantheon_g4,182,448,3365,100,0,19,6,11,3,3.191919191919192,5.333333333333333,5.05050505050505,790,False
Blue_Dragon_vs_Pantheon_g4,183,456,3365,100,0,20,6,11,3,3.191919191919192,5.333333333333333,4.94949494949495,790,False
Blue_Dragon_vs_Pantheon_g4,184,463,3365,100,0,21,6,11,3,3.1818181818181817,5.333333333333333,4.94949494949495,790,False
Blue_Dragon_vs_Pantheon_g4,185,459,3365,100,0,22,6,11,3,3.1414141414141414,4.0,4.848484848484849,790,False
Blue_Dragon_vs_Pantheon_g4,186,447,3375,101,0,23,6,11,3,2.919191919191919,5.333333333333333,5.05050505050505,810,False
Blue_Dragon_vs_Pantheon_g4,187,398,3470,104,0,24,6,12,4,2.3434343434343434,4.666666666666667,5.05050505050505,810,False
Blue_Dragon_vs_Pantheon_g4,188,332,3525,105,0,25,6,13,4,1.6767676767676767,5.333333333333333,5.151515151515151,820,False
Blue_Dragon_vs_Pantheon_g4,189,233,3715,111,0,26,6,13,4,0.6767676767676768,4.666666666666667,4.94949494949495,820,False
Blue_Dragon_vs_Pantheon_g4,190,232,3715,111,0,27,6,13,4,0.48484848484848486,5.333333333333333,5.05050505050505,830,False
Blue_Dragon_vs_Pantheon_g4,191,239,3720,111,0,28,6,13,4,0.45454545454545453,5.333333333333333,4.94949494949495,830,False
Blue_Dragon_vs_Pantheon_g4,192,248,3720,111,0,29,6,14,4,0.5252525252525253,5.333333333333333,4.94949494949495,830,True
Blue_Dragon_vs_Pantheon_g4,193,136,3920,117,0,1,7,15,4,-0.6060606060606061,4.0,4.848484848484849,830,False
Blue_Dragon_vs_Pantheon_g4,194,17,4110,123,0,2,7,15,4,-1.8888888888888888,5.333333333333333,5.05050505050505,850,False
Blue_Dragon_vs_Pantheon_g4,195,36,4110,123,0,3,7,15,4,-1.7777777777777777,4.666666666666667,5.05050505050505,850,False
Blue_Dragon_vs_Pantheon_g4,196,45,4110,123,0,4,7,15,4,-1.6868686868686869,5.333333333333333,5.151515151515151,860,False
Blue_Dragon_vs_Pantheon_g4,197,34,4130,123,0,5,7,15,4,-1.797979797979798,4.666666666666667,4.94949494949495,860,False
Blue_Dragon_vs_Pantheon_g4,198,21,4135,124,0,6,7,15,4,-2.1313131313131315,5.333333333333333,5.05050505050505,870,False
Blue_Dragon_vs_Pantheon_g4,199,26,4140,124,0,7,7,15,4,-2.1616161616161618,6.0,5.05050505050505,880,False
Blue_Dragon_vs_Pantheon_g4,200,45,4140,124,0,8,7,15,4,-2.0505050505050506,6.0,5.05050505050505,880,False
Blue_Dragon_vs_Pantheon_g4,201,40,4145,124,0,9,7,15,4,-2.101010101010101,4.666666666666667,4.94949494949495,880,False
Blue_Dragon_vs_Pantheon_g4,202,40,4145,124,0,10,7,15,4,-2.202020202020202,6.0,5.151515151515151,900,False
Blue_Dragon_vs_Pantheon_g4,203,60,4145,124,0,11,7,15,4,-2.101010101010101,5.333333333333333,5.151515151515151,900,False
Blue_Dragon_vs_Pantheon_g4,204,70,4145,124,0,12,7,15,4,-1.97979797979798,5.333333333333333,5.151515151515151,900,False
Blue_Dragon_vs_Pantheon_g4,205,69,4145,124,0,13,7,15,4,-1.9696969696969697,4.666666666666667,4.94949494949495,900,False
Blue_Dragon_vs_Pantheon_g4,206,63,4145,124,0,14,7,15,4,-2.2323232323232323,5.333333333333333,5.05050505050505,910,False
Blue_Dragon_vs_Pantheon_g4,207,67,4145,124,0,15,7,15,4,-2.292929292929293,5.333333333333333,4.94949494949495,910,False
Blue_Dragon_vs_Pantheon_g4,208,61,4155,124,0,16,7,15,4,-2.4545454545454546,5.333333333333333,4.94949494949495,910,False
Blue_Dragon_vs_Pantheon_g4,209,57,4155,124,0,17,7,15,4,-2.494949494949495,4.0,4.848484848484849,910,False
Blue_Dragon_vs_Pantheon_g4,210,51,4160,124,0,18,7,15,4,-2.6363636363636362,5.333333333333333,5.05050505050505,930,False
Blue_Dragon_vs_Pantheon_g4,211,59,4165,124,0,19,7,15,4,-2.6363636363636362,4.666666666666667,5.05050505050505,930,False
Blue_Dragon_vs_Pantheon_g4,212,66,4165,124,0,20,7,15,4,-2.5454545454545454,4.666666666666667,5.05050505050505,930,False
Blue_Dragon_vs_Pantheon_g4,213,51,4165,124,0,21,7,15,4,-2.676767676767677,4.0,4.848484848484849,930,False
Blue_Dragon_vs_Pantheon_g4,214,37,4170,125,0,22,7,15,4,-3.0202020202020203,4.0,4.94949494949495,940,False
Blue_Dragon_vs_Pantheon_g4,215,42,4175,125,0,23,7,15,4,-3.0707070707070705,4.0,4.848484848484849,940,False
Blue_Dragon_vs_Pantheon_g4,216,48,4180,125,0,24,7,15,4,-3.090909090909091,4.0,4.848484848484849,940,False
Blue_Dragon_vs_Pantheon_g4,217,48,4180,125,0,25,7,15,4,-3.0707070707070705,3.3333333333333335,4.848484848484849,950,False
Blue_Dragon_vs_Pantheon_g4,218,58,4180,125,0,26,7,15,4,-3.0707070707070705,4.666666666666667,5.05050505050505,970,False
Blue_Dragon_vs_Pantheon_g4,219,78,4180,125,0,27,7,15,4,-2.9494949494949494,4.666666666666667,5.05050505050505,970,False
Blue_Dragon_vs_Pantheon_g4,220,88,4180,125,0,28,7,15,4,-2.8282828282828283,4.666666666666667,5.05050505050505,970,False
Blue_Dragon_vs_Pantheon_g4,221,87,4180,125,0,29,7,15,4,-2.8181818181818183,4.0,4.848484848484849,970,False
Blue_Dragon_vs_Pantheon_g4,222,85,4180,125,0,30,7,15,4,-3.0202020202020203,4.666666666666667,4.94949494949495,980,False
Blue_Dragon_vs_Pantheon_g4,223,93,4180,125,0,31,7,15,4,-3.04040404040404,4.666666666666667,4.848484848484849,980,False
Blue_Dragon_vs_Pantheon_g4,224,96,4185,125,0,32,7,15,4,-3.090909090909091,4.666666666666667,4.848484848484849,980,False
Blue_Dragon_vs_Pantheon_g4,225,93,4185,125,0,33,7,15,4,-3.101010101010101,3.3333333333333335,4.747474747474747,980,False
Blue_Dragon_vs_Pantheon_g4,226,91,4185,125,0,34,7,15,4,-3.202020202020202,4.666666666666667,4.94949494949495,1000,False
Blue_Dragon_vs_Pantheon_g4,227,110,4185,125,0,35,7,15,4,-3.090909090909091,4.666666666666667,4.94949494949495,1000,False
Blue_Dragon_vs_Pantheon_g4,228,114,4190,125,0,36,7,15,4,-3.0303030303030303,4.666666666666667,4.94949494949495,1000,False
Blue_Dragon_vs_Pantheon_g4,229,112,4190,125,0,37,7,15,4,-3.01010101010101,4.0,4.747474747474747,1000,False
Blue_Dragon_vs_Pantheon_g4,230,111,4190,125,0,38,7,15,4,-3.202020202020202,4.666666666666667,4.848484848484849,1010,False
Blue_Dragon_vs_Pantheon_g4,231,120,4190,125,0,39,7,15,4,-3.191919191919192,4.666666666666667,4.747474747474747,1010,False
Blue_Dragon_vs_Pantheon_g4,232,129,4190,125,0,40,7,16,4,-3.202020202020202,4.0,4.747474747474747,1010,False
Blue_Dragon_vs_Pantheon_g4,233,3,4380,131,0,41,7,16,4,-4.434343434343434,2.6666666666666665,4.646464646464646,1010,False
Blue_Dragon_vs_Pantheon_g4,234,0,4370,131,0,42,7,16,4,-4.545454545454546,4.0,4.848484848484849,1030,False
Blue_Dragon_vs_Pantheon_g4,235,20,4370,131,0,43,7,16,4,-4.424242424242424,4.0,4.848484848484849,1030,False
Blue_Dragon_vs_Pantheon_g4,236,29,4370,131,0,44,7,16,4,-4.3232323232323235,4.0,4.848484848484849,1030,False
Blue_Dragon_vs_Pantheon_g4,237,27,4370,131,0,45,7,16,4,-4.333333333333333,3.3333333333333335,4.646464646464646,1030,False
Blue_Dragon_vs_Pantheon_g4,238,25,4370,131,0,46,7,16,4,-4.545454545454546,3.3333333333333335,4.646464646464646,1030,False
Blue_Dragon_vs_Pantheon_g4,239,20,4375,131,0,47,7,16,4,-4.646464646464646,3.3333333333333335,4.545454545454546,1030,False
Blue_Dragon_vs_Pantheon_g4,240,28,4375,131,0,48,7,16,4,-4.656565656565657,3.3333333333333335,4.545454545454546,1030,False
Blue_Dragon_vs_Pantheon_g4,241,26,4375,131,0,49,7,16,4,-4.656565656565657,2.0,4.444444444444445,1030,False
Blue_Dragon_vs_Pantheon_g4,242,25,4375,131,0,50,7,16,4,-4.747474747474747,3.3333333333333335,4.646464646464646,1050,False
Blue_Dragon_vs_Pantheon_g4,243,45,4375,131,0,51,7,16,4,-4.616161616161616,3.3333333333333335,4.646464646464646,1050,False
Blue_Dragon_vs_Pantheon_g4,244,54,4375,131,0,52,7,16,4,-3.606060606060606,3.3333333333333335,4.646464646464646,1050,False
Blue_Dragon_vs_Pantheon_g4,245,48,4380,131,0,53,7,16,4,-3.6363636363636362,2.6666666666666665,4.444444444444445,1050,False
Blue_Dragon_vs_Pantheon_g4,246,41,4385,131,0,54,7,15,4,-3.898989898989899,2.6666666666666665,4.444444444444445,1050,False
Blue_Dragon_vs_Pantheon_g4,247,41,4185,125,0,55,7,15,4,-3.95959595959596,2.6666666666666665,4.343434343434343,1050,False
Blue_Dragon_vs_Pantheon_g4,248,50,4185,125,0,56,7,15,4,-3.95959595959596,2.6666666666666665,4.343434343434343,1050,False
Blue_Dragon_vs_Pantheon_g4,249,48,4185,125,0,57,7,15,4,-3.9494949494949494,1.3333333333333333,4.242424242424242,1050,False
Blue_Dragon_vs_Pantheon_g4,250,45,4185,125,0,58,7,15,4,-4.070707070707071,2.6666666666666665,4.444444444444445,1070,False
Blue_Dragon_vs_Pantheon_g4,251,63,4185,125,0,59,7,15,4,-3.9797979797979797,2.6666666666666665,4.444444444444445,1070,False
Blue_Dragon_vs_Pantheon_g4,252,70,4185,125,0,60,7,15,4,-3.909090909090909,2.6666666666666665,4.444444444444445,1070,False
Blue_Dragon_vs_Pantheon_g4,253,68,4185,125,0,61,7,15,4,-3.909090909090909,2.6666666666666665,4.242424242424242,1070,False
Blue_Dragon_vs_Pantheon_g4,254,65,4185,125,0,62,7,15,4,-4.121212121212121,2.6666666666666665,4.242424242424242,1070,False
Blue_Dragon_vs_Pantheon_g4,255,51,4095,122,0,63,7,15,4,-4.353535353535354,2.6666666666666665,4.141414141414141,1070,False
Blue_Dragon_vs_Pantheon_g4,256,61,4095,122,0,64,7,15,4,-4.343434343434343,2.6666666666666665,4.141414141414141,1070,False
Blue_Dragon_vs_Pantheon_g4,257,59,4095,122,0,65,7,15,4,-4.353535353535354,1.3333333333333333,4.040404040404041,1070,False
Blue_Dragon_vs_Pantheon_g4,258,57,4095,122,0,66,7,15,4,-4.434343434343434,2.6666666666666665,4.242424242424242,1090,False
Blue_Dragon_vs_Pantheon_g4,259,75,4090,122,0,67,7,15,4,-4.343434343434343,2.6666666666666665,4.242424242424242,1090,False
Blue_Dragon_vs_Pantheon_g4,260,85,4090,122,0,68,7,15,4,-4.232323232323233,2.6666666666666665,4.242424242424242,1090,False
Blue_Dragon_vs_Pantheon_g4,261,85,4090,122,0,69,7,15,4,-4.222222222222222,2.6666666666666665,4.040404040404041,1090,False
Blue_Dragon_vs_Pantheon_g4,262,85,4090,122,0,70,7,15,4,-4.414141414141414,2.6666666666666665,4.040404040404041,1090,False
Blue_Dragon_vs_Pantheon_g4,263,83,4085,122,0,71,7,15,4,-3.5757575757575757,2.6666666666666665,3.9393939393939394,1090,False
Blue_Dragon_vs_Pantheon_g4,264,93,4085,122,0,72,7,15,4,-3.5656565656565657,2.6666666666666665,3.9393939393939394,1090,False
Blue_Dragon_vs_Pantheon_g4,265,93,4085,122,0,73,7,14,4,-3.5555555555555554,1.3333333333333333,3.8383838383838382,1090,False
Blue_Dragon_vs_Pantheon_g4,266,93,3885,116,0,74,7,14,4,-3.6464646464646466,2.6666666666666665,4.040404040404041,1110,False
Blue_Dragon_vs_Pantheon_g4,267,112,3885,116,0,75,7,14,4,-3.525252525252525,2.6666666666666665,4.040404040404041,1110,False
Blue_Dragon_vs_Pantheon_g4,268,117,3885,116,0,76,7,14,4,-3.4545454545454546,2.6666666666666665,4.040404040404041,1110,False
Blue_Dragon_vs_Pantheon_g4,269,112,3885,116,0,77,7,15,4,-3.505050505050505,2.6666666666666665,3.8383838383838382,1110,False
Blue_Dragon_vs_Pantheon_g4,270,69,3985,119,0,78,7,15,4,-4.121212121212121,2.6666666666666665,3.8383838383838382,1110,False
Blue_Dragon_vs_Pantheon_g4,271,57,3995,119,0,79,7,15,4,-4.3232323232323235,2.6666666666666665,3.7373737373737375,1110,False
Blue_Dragon_vs_Pantheon_g4,272,53,4000,120,0,80,7,15,4,-4.454545454545454,2.6666666666666665,3.7373737373737375,1110,False
Blue_Dragon_vs_Pantheon_g4,273,41,4005,120,0,81,7,14,4,-4.565656565656566,1.3333333333333333,3.6363636363636362,1110,False
Blue_Dragon_vs_Pantheon_g4,274,38,3805,114,0,82,7,14,4,-4.646464646464646,2.6666666666666665,3.8383838383838382,1130,False
Blue_Dragon_vs_Pantheon_g4,275,46,3815,114,0,83,7,14,4,-3.717171717171717,2.6666666666666665,3.8383838383838382,1130,False
Blue_Dragon_vs_Pantheon_g4,276,55,3815,114,0,84,7,14,4,-3.606060606060606,2.6666666666666665,3.8383838383838382,1130,False
Blue_Dragon_vs_Pantheon_g4,277,54,3815,114,0,85,7,14,4,-3.6161616161616164,2.6666666666666665,3.6363636363636362,1130,False
Blue_Dragon_vs_Pantheon_g4,278,51,3815,114,0,86,7,14,4,-3.8282828282828283,2.6666666666666665,3.6363636363636362,1130,False
Blue_Dragon_vs_Pantheon_g4,279,50,3815,114,0,87,7,14,4,-3.9393939393939394,3.3333333333333335,3.6363636363636362,1140,False
Blue_Dragon_vs_Pantheon_g4,280,69,3815,114,0,88,7,14,4,-3.8383838383838382,3.3333333333333335,3.6363636363636362,1140,False
Blue_Dragon_vs_Pantheon_g4,281,68,3815,114,0,89,7,14,4,-3.8383838383838382,2.6666666666666665,3.6363636363636362,1150,False
Blue_Dragon_vs_Pantheon_g4,282,75,3815,114,0,90,7,14,4,-3.8484848484848486,4.0,3.8383838383838382,1170,False
Blue_Dragon_vs_Pantheon_g4,283,94,3815,114,0,91,7,14,4,-3.727272727272727,4.0,3.8383838383838382,1170,False
Blue_Dragon_vs_Pantheon_g4,284,103,3810,114,0,92,7,14,4,-3.595959595959596,4.0,3.8383838383838382,1170,False
Blue_Dragon_vs_Pantheon_g4,285,102,3810,114,0,93,7,14,4,-3.484848484848485,4.0,3.6363636363636362,1170,False
Blue_Dragon_vs_Pantheon_g4,286,100,3810,114,0,94,7,14,4,-3.01010101010101,4.666666666666667,3.7373737373737375,1180,False
Blue_Dragon_vs_Pantheon_g4,287,110,3810,114,0,95,7,14,4,-2.242424242424242,4.666666666666667,3.6363636363636362,1180,False
Blue_Dragon_vs_Pantheon_g4,288,118,3810,114,0,96,7,14,4,-1.1616161616161615,4.666666666666667,3.6363636363636362,1180,False
Blue_Dragon_vs_Pantheon_g4,289,116,3810,114,0,97,7,14,4,-1.1717171717171717,4.0,3.6363636363636362,1190,False
Blue_Dragon_vs_Pantheon_g4,290,123,3815,114,0,98,7,14,4,-1.1717171717171717,5.333333333333333,3.8383838383838382,1210,False
Blue_Dragon_vs_Pantheon_g4,291,141,3815,114,0,99,7,14,4,-1.0808080808080809,5.333333333333333,3.8383838383838382,1210,False
Blue_Dragon_vs_Pantheon_g4,292,149,3815,114,0,100,7,14,4,0.13131313131313133,5.333333333333333,3.8383838383838382,1210,False
Blue_Dragon_vs_Pantheon_g4,293,149,3815,114,0,101,7,14,4,1.3333333333333333,5.333333333333333,3.6363636363636362,1210,False
Blue_Dragon_vs_Pantheon_g4,294,149,3815,114,0,102,7,14,4,1.1414141414141414,5.333333333333333,3.7373737373737375,1220,False
Blue_Dragon_vs_Pantheon_g4,295,159,3815,114,0,103,7,14,4,1.1515151515151516,5.333333333333333,3.6363636363636362,1220,False
Blue_Dragon_vs_Pantheon_g4,296,169,3815,114,0,104,7,14,4,1.3636363636363635,4.666666666666667,3.6363636363636362,1220,False
Blue_Dragon_vs_Pantheon_g4,297,169,3815,114,0,105,7,14,4,1.494949494949495,4.0,3.6363636363636362,1230,False
Blue_Dragon_vs_Pantheon_g4,298,177,3815,114,0,106,7,14,4,1.5252525252525253,5.333333333333333,3.7373737373737375,1250,False
Blue_Dragon_vs_Pantheon_g4,299,194,3820,114,0,107,7,14,4,1.505050505050505,5.333333333333333,3.7373737373737375,1250,False
Blue_Dragon_vs_Pantheon_g4,300,201,3825,114,0,108,7,14,4,1.6262626262626263,5.333333333333333,3.7373737373737375,1250,False
Blue_Dragon_vs_Pantheon_g4,301,198,3830,114,0,109,7,14,4,1.595959595959596,4.666666666666667,3.5353535353535355,1250,False
Blue_Dragon_vs_Pantheon_g4,302,198,3830,114,0,110,7,14,4,1.393939393939394,5.333333333333333,3.6363636363636362,1260,False
Blue_Dragon_vs_Pantheon_g4,303,206,3830,114,0,111,7,14,4,1.3737373737373737,5.333333333333333,3.6363636363636362,1260,False
Blue_Dragon_vs_Pantheon_g4,304,216,3830,114,0,112,7,14,4,1.4848484848484849,4.666666666666667,3.6363636363636362,1260,False
Blue_Dragon_vs_Pantheon_g4,305,216,3830,114,0,113,7,14,4,1.5454545454545454,4.0,3.6363636363636362,1270,False
Blue_Dragon_vs_Pantheon_g4,306,226,3825,114,0,114,7,14,4,1.606060606060606,5.333333333333333,3.8383838383838382,1290,False
Blue_Dragon_vs_Pantheon_g4,307,244,3825,114,0,115,7,14,4,1.8484848484848484,5.333333333333333,3.8383838383838382,1290,False
Blue_Dragon_vs_Pantheon_g4,308,254,3825,114,0,116,7,14,4,1.9898989898989898,5.333333333333333,3.8383838383838382,1290,False
Blue_Dragon_vs_Pantheon_g4,309,252,3820,114,0,117,7,14,4,2.0303030303030303,4.666666666666667,3.6363636363636362,1290,False
Blue_Dragon_vs_Pantheon_g4,310,252,3820,114,0,118,7,14,4,1.9494949494949494,5.333333333333333,3.7373737373737375,1300,False
Blue_Dragon_vs_Pantheon_g4,311,261,3820,114,0,119,7,14,4,1.9696969696969697,5.333333333333333,3.7373737373737375,1300,False
Blue_Dragon_vs_Pantheon_g4,312,270,3815,114,0,120,7,14,4,2.212121212121212,4.666666666666667,3.7373737373737375,1300,False
Blue_Dragon_vs_Pantheon_g4,313,269,3815,114,0,121,7,14,4,2.3434343434343434,4.0,3.7373737373737375,1310,False
Blue_Dragon_vs_Pantheon_g4,314,278,3815,114,0,122,7,14,4,2.3838383838383836,5.333333333333333,3.9393939393939394,1330,False
Blue_Dragon_vs_Pantheon_g4,315,295,3810,114,0,123,7,14,4,2.494949494949495,5.333333333333333,3.9393939393939394,1330,False
Blue_Dragon_vs_Pantheon_g4,316,305,3810,114,0,124,7,14,4,2.595959595959596,5.333333333333333,3.8383838383838382,1330,False
Blue_Dragon_vs_Pantheon_g4,317,305,3810,114,0,125,7,14,4,2.494949494949495,4.666666666666667,3.6363636363636362,1330,False
Blue_Dragon_vs_Pantheon_g4,318,305,3805,114,0,126,7,14,4,2.292929292929293,5.333333333333333,3.7373737373737375,1340,False
Blue_Dragon_vs_Pantheon_g4,319,311,3805,114,0,127,7,14,4,2.2525252525252526,5.333333333333333,3.7373737373737375,1340,False
Blue_Dragon_vs_Pantheon_g4,320,311,3805,114,0,128,7,14,4,2.2626262626262625,4.666666666666667,3.7373737373737375,1340,False
Blue_Dragon_vs_Pantheon_g4,321,307,3800,114,0,129,7,14,4,2.242424242424242,4.0,3.7373737373737375,1350,False
Blue_Dragon_vs_Pantheon_g4,322,315,3800,114,0,130,7,14,4,2.242424242424242,5.333333333333333,3.9393939393939394,1370,False
Blue_Dragon_vs_Pantheon_g4,323,333,3800,114,0,131,7,14,4,2.393939393939394,5.333333333333333,3.9393939393939394,1370,False
Blue_Dragon_vs_Pantheon_g4,324,343,3800,114,0,132,7,15,4,2.525252525252525,5.333333333333333,3.9393939393939394,1370,False
Blue_Dragon_vs_Pantheon_g4,325,229,4000,120,0,133,7,15,4,1.393939393939394,4.666666666666667,3.7373737373737375,1370,False
Blue_Dragon_vs_Pantheon_g4,326,226,4000,120,0,134,7,15,4,1.1717171717171717,5.333333333333333,3.8383838383838382,1380,False
Blue_Dragon_vs_Pantheon_g4,327,235,4000,120,0,135,7,15,4,1.2222222222222223,5.333333333333333,3.8383838383838382,1380,False
Blue_Dragon_vs_Pantheon_g4,328,244,4000,120,0,136,7,15,4,1.3333333333333333,4.666666666666667,3.8383838383838382,1380,False
Blue_Dragon_vs_Pantheon_g4,329,243,4000,120,0,137,7,15,4,1.3333333333333333,4.0,3.8383838383838382,1390,False
Blue_Dragon_vs_Pantheon_g4,330,252,4000,120,0,138,7,15,4,1.3333333333333333,5.333333333333333,4.040404040404041,1410,False
Blue_Dragon_vs_Pantheon_g4,331,271,4000,120,0,139,7,15,4,1.4343434343434343,5.333333333333333,4.040404040404041,1410,False
Blue_Dragon_vs_Pantheon_g4,332,280,4000,120,0,140,7,15,4,2.797979797979798,5.333333333333333,4.040404040404041,1410,False
Blue_Dragon_vs_Pantheon_g4,333,277,3995,119,0,141,7,15,4,2.797979797979798,4.666666666666667,3.8383838383838382,1410,False
Blue_Dragon_vs_Pantheon_g4,334,274,3995,119,0,142,7,15,4,2.5656565656565657,5.333333333333333,3.9393939393939394,1420,False
Blue_Dragon_vs_Pantheon_g4,335,280,3995,119,0,143,7,15,4,2.5353535353535355,5.333333333333333,3.9393939393939394,1420,False
Blue_Dragon_vs_Pantheon_g4,336,288,3995,119,0,144,7,15,4,2.6363636363636362,4.666666666666667,3.9393939393939394,1420,False
Blue_Dragon_vs_Pantheon_g4,337,286,3990,119,0,145,7,15,4,2.6363636363636362,4.0,4.040404040404041,1430,False
Blue_Dragon_vs_Pantheon_g4,338,214,4095,122,0,146,7,15,4,1.9595959595959596,5.333333333333333,4.242424242424242,1450,False
Blue_Dragon_vs_Pantheon_g4,339,234,4095,122,0,147,7,16,4,2.080808080808081,5.333333333333333,4.242424242424242,1450,False
Blue_Dragon_vs_Pantheon_g4,340,122,4295,128,0,148,7,16,4,0.9696969696969697,5.333333333333333,4.242424242424242,1450,False
Blue_Dragon_vs_Pantheon_g4,341,0,4290,128,0,149,7,16,4,-0.25252525252525254,4.666666666666667,4.040404040404041,1450,False
Blue_Dragon_vs_Pantheon_g4,342,0,4290,128,0,150,7,16,4,-0.45454545454545453,5.333333333333333,4.141414141414141,1460,False
Blue_Dragon_vs_Pantheon_g4,343,10,4290,128,0,151,7,16,4,-0.4444444444444444,5.333333333333333,4.141414141414141,1460,False
Blue_Dragon_vs_Pantheon_g4,344,20,4290,128,0,152,7,16,4,-0.2828282828282828,4.666666666666667,4.141414141414141,1460,False
Blue_Dragon_vs_Pantheon_g4,345,20,4285,128,0,153,7,16,4,-0.21212121212121213,4.0,4.242424242424242,1470,False
Blue_Dragon_vs_Pantheon_g4,346,30,4285,128,0,154,7,16,4,-0.1111111111111111,5.333333333333333,4.444444444444445,1490,False
Blue_Dragon_vs_Pantheon_g4,347,50,4285,128,0,155,7,16,4,0.0,5.333333333333333,4.444444444444445,1490,False
Blue_Dragon_vs_Pantheon_g4,348,58,4285,128,0,156,7,16,4,0.10101010101010101,5.333333333333333,4.444444444444445,1490,False
Blue_Dragon_vs_Pantheon_g4,349,58,4285,128,0,157,7,16,4,0.13131313131313133,4.666666666666667,4.242424242424242,1490,False
Blue_Dragon_vs_Pantheon_g4,350,58,4285,128,0,158,7,16,4,-0.050505050505050504,5.333333333333333,4.343434343434343,1500,False
Blue_Dragon_vs_Pantheon_g4,351,68,4285,128,0,159,7,16,4,-0.020202020202020204,5.333333333333333,4.343434343434343,1500,False
Blue_Dragon_vs_Pantheon_g4,352,78,4285,128,0,160,7,16,4,0.10101010101010101,4.666666666666667,4.343434343434343,1500,False
Blue_Dragon_vs_Pantheon_g4,353,72,4290,128,0,161,7,15,4,0.0707070707070707,4.0,4.444444444444445,1510,False
Blue_Dragon_vs_Pantheon_g4,354,80,4190,125,0,162,7,16,4,0.29292929292929293,5.333333333333333,4.646464646464646,1530,False
Blue_Dragon_vs_Pantheon_g4,355,56,4290,128,0,163,7,16,4,-0.050505050505050504,5.333333333333333,4.646464646464646,1530,False
Blue_Dragon_vs_Pantheon_g4,356,63,4290,128,0,164,7,16,4,0.04040404040404041,5.333333333333333,4.646464646464646,1530,False
Blue_Dragon_vs_Pantheon_g4,357,60,4290,128,0,165,7,16,4,0.030303030303030304,4.666666666666667,4.444444444444445,1530,False
Blue_Dragon_vs_Pantheon_g4,358,56,4290,128,0,166,7,15,4,-0.1919191919191919,6.0,4.646464646464646,1550,False
Blue_Dragon_vs_Pantheon_g4,359,73,4090,122,0,167,7,15,4,-0.12121212121212122,6.0,4.646464646464646,1550,False
Blue_Dragon_vs_Pantheon_g4,360,68,4100,123,0,168,7,15,4,-0.1717171717171717,5.333333333333333,4.646464646464646,1550,False
Blue_Dragon_vs_Pantheon_g4,361,66,4100,123,0,169,7,15,4,-0.1919191919191919,4.666666666666667,4.747474747474747,1560,False
Blue_Dragon_vs_Pantheon_g4,362,73,4100,123,0,170,7,15,4,-0.10101010101010101,6.0,4.94949494949495,1580,False
Blue_Dragon_vs_Pantheon_g4,363,91,4100,123,0,171,7,15,4,-0.020202020202020204,6.0,4.94949494949495,1580,False
Blue_Dragon_vs_Pantheon_g4,364,95,4105,123,0,172,7,15,4,0.020202020202020204,6.0,4.94949494949495,1580,False
Blue_Dragon_vs_Pantheon_g4,365,92,4105,123,0,173,7,15,4,-0.010101010101010102,5.333333333333333,4.747474747474747,1580,False
Blue_Dragon_vs_Pantheon_g4,366,88,4105,123,0,174,7,15,4,-0.24242424242424243,6.666666666666667,4.94949494949495,1600,False
Blue_Dragon_vs_Pantheon_g4,367,106,4105,123,0,175,7,15,4,-0.1111111111111111,6.666666666666667,4.94949494949495,1600,False
Blue_Dragon_vs_Pantheon_g4,368,112,4105,123,0,176,7,15,4,0.0,6.0,4.94949494949495,1600,False
Blue_Dragon_vs_Pantheon_g4,369,104,4110,123,0,177,7,15,4,0.35353535353535354,5.333333333333333,5.05050505050505,1610,False
Blue_Dragon_vs_Pantheon_g4,370,112,4110,123,0,178,7,15,4,0.5555555555555556,6.666666666666667,5.252525252525253,1630,False
Blue_Dragon_vs_Pantheon_g4,371,129,4110,123,0,179,7,14,4,0.7676767676767676,6.666666666666667,5.252525252525253,1630,False
Blue_Dragon_vs_Pantheon_g4,372,131,4015,120,0,180,7,14,4,0.9090909090909091,6.666666666666667,5.252525252525253,1630,False
Blue_Dragon_vs_Pantheon_g4,373,86,3920,117,0,181,7,14,4,0.48484848484848486,5.333333333333333,5.05050505050505,1630,False
Blue_Dragon_vs_Pantheon_g4,374,86,3920,117,0,182,7,14,4,0.40404040404040403,6.666666666666667,5.252525252525253,1650,False
Blue_Dragon_vs_Pantheon_g4,375,105,3920,117,0,183,7,13,4,0.5050505050505051,6.666666666666667,5.252525252525253,1650,False
Blue_Dragon_vs_Pantheon_g4,376,113,3820,114,0,184,7,14,4,0.5959595959595959,6.0,5.252525252525253,1650,False
Blue_Dragon_vs_Pantheon_g4,377,72,3920,117,0,185,7,13,4,0.21212121212121213,5.333333333333333,5.353535353535354,1660,False
Blue_Dragon_vs_Pantheon_g4,378,79,3820,114,0,186,7,14,4,0.29292929292929293,6.666666666666667,5.454545454545454,1680,False
Blue_Dragon_vs_Pantheon_g4,379,60,3920,117,0,187,7,14,4,-0.09090909090909091,6.666666666666667,5.454545454545454,1680,False
Blue_Dragon_vs_Pantheon_g4,380,69,3920,117,0,188,7,14,4,0.010101010101010102,6.666666666666667,5.353535353535354,1680,False
Blue_Dragon_vs_Pantheon_g4,381,65,3920,117,0,189,7,14,4,-0.10101010101010101,5.333333333333333,5.151515151515151,1680,False
Blue_Dragon_vs_Pantheon_g4,382,62,3925,117,0,190,7,14,4,-0.32323232323232326,6.666666666666667,5.353535353535354,1700,False
Blue_Dragon_vs_Pantheon_g4,383,80,3925,117,0,191,7,14,4,-0.23232323232323232,6.666666666666667,5.353535353535354,1700,False
Blue_Dragon_vs_Pantheon_g4,384,89,3925,117,0,192,7,14,4,-0.13131313131313133,6.0,5.353535353535354,1700,False
Blue_Dragon_vs_Pantheon_g4,385,88,3925,117,0,193,7,13,4,-0.12121212121212122,5.333333333333333,5.353535353535354,1710,False
Blue_Dragon_vs_Pantheon_g4,386,95,3825,114,0,194,7,13,4,-0.15151515151515152,6.666666666666667,5.555555555555555,1730,False
Blue_Dragon_vs_Pantheon_g4,387,115,3825,114,0,195,7,13,4,-0.030303030303030304,6.666666666666667,5.555555555555555,1730,False
Blue_Dragon_vs_Pantheon_g4,388,125,3825,114,0,196,7,13,4,0.09090909090909091,6.666666666666667,5.454545454545454,1730,False
Blue_Dragon_vs_Pantheon_g4,389,125,3820,114,0,197,7,13,4,0.020202020202020204,5.333333333333333,5.252525252525253,1730,False
Blue_Dragon_vs_Pantheon_g4,390,120,3825,114,0,198,7,13,4,-0.21212121212121213,6.666666666666667,5.454545454545454,1750,False
Blue_Dragon_vs_Pantheon_g4,391,137,3825,114,0,199,7,14,4,-0.12121212121212122,6.666666666666667,5.454545454545454,1750,False
Blue_Dragon_vs_Pantheon_g4,392,32,4025,120,0,200,7,14,4,-1.1818181818181819,6.0,5.454545454545454,1750,False
Blue_Dragon_vs_Pantheon_g4,393,31,4020,120,0,201,7,14,4,-1.1919191919191918,5.333333333333333,5.454545454545454,1760,False
Blue_Dragon_vs_Pantheon_g4,394,39,4020,120,0,202,7,14,4,-1.2121212121212122,6.666666666666667,5.656565656565657,1780,False
Blue_Dragon_vs_Pantheon_g4,395,57,4020,120,0,203,7,14,4,-1.1313131313131313,6.666666666666667,5.656565656565657,1780,False
Blue_Dragon_vs_Pantheon_g4,396,65,4020,120,0,204,7,14,4,-1.0505050505050506,6.666666666666667,5.555555555555555,1780,False
Blue_Dragon_vs_Pantheon_g4,397,63,4020,120,0,205,7,14,4,-1.1515151515151516,5.333333333333333,5.353535353535354,1780,False
Blue_Dragon_vs_Pantheon_g4,398,57,4020,120,0,206,7,14,4,-1.3838383838383839,6.666666666666667,5.555555555555555,1800,False
Blue_Dragon_vs_Pantheon_g4,399,74,4020,120,0,207,7,14,4,-1.2828282828282829,6.666666666666667,5.555555555555555,1800,False
Blue_Dragon_vs_Pantheon_g4,400,80,4020,120,0,208,7,14,4,-1.1919191919191918,6.0,5.555555555555555,1800,False
Blue_Dragon_vs_Pantheon_g4,401,77,4020,120,0,209,7,14,4,-1.2222222222222223,5.333333333333333,5.555555555555555,1810,False
Blue_Dragon_vs_Pantheon_g4,402,84,4020,120,0,210,7,14,4,-1.2323232323232323,6.666666666666667,5.757575757575758,1830,False
Blue_Dragon_vs_Pantheon_g4,403,104,4015,120,0,211,7,14,4,-1.1313131313131313,6.666666666666667,5.757575757575758,1830,False
Blue_Dragon_vs_Pantheon_g4,404,108,4020,120,0,212,7,14,4,-1.0909090909090908,6.666666666666667,5.656565656565657,1830,False
Blue_Dragon_vs_Pantheon_g4,405,108,4020,120,0,213,7,14,4,-1.1919191919191918,5.333333333333333,5.454545454545454,1830,False
Blue_Dragon_vs_Pantheon_g4,406,108,4020,120,0,214,7,14,4,-1.3737373737373737,6.666666666666667,5.656565656565657,1850,False
Blue_Dragon_vs_Pantheon_g4,407,128,4020,120,0,215,7,14,4,-1.2727272727272727,6.666666666666667,5.656565656565657,1850,False
Blue_Dragon_vs_Pantheon_g4,408,136,4020,120,0,216,7,14,4,-1.1717171717171717,6.0,5.656565656565657,1850,False
Blue_Dragon_vs_Pantheon_g4,409,136,4020,120,0,217,7,14,4,-1.1717171717171717,5.333333333333333,5.656565656565657,1860,False
Blue_Dragon_vs_Pantheon_g4,410,146,4020,120,0,218,7,14,4,-1.1616161616161615,6.666666666666667,5.858585858585859,1880,False
Blue_Dragon_vs_Pantheon_g4,411,166,4015,120,0,219,7,14,4,-1.0505050505050506,6.666666666666667,5.858585858585859,1880,False
Blue_Dragon_vs_Pantheon_g4,412,175,4015,120,0,220,7,14,4,-0.9494949494949495,6.666666666666667,5.757575757575758,1880,False
Blue_Dragon_vs_Pantheon_g4,413,172,4015,120,0,221,7,14,4,-1.0707070707070707,5.333333333333333,5.555555555555555,1880,False
Blue_Dragon_vs_Pantheon_g4,414,166,4015,120,0,222,7,14,4,-1.303030303030303,6.666666666666667,5.757575757575758,1900,False
Blue_Dragon_vs_Pantheon_g4,415,185,4015,120,0,223,7,14,4,-1.2121212121212122,6.666666666666667,5.757575757575758,1900,False
Blue_Dragon_vs_Pantheon_g4,416,194,4015,120,0,224,7,14,4,-1.121212121212121,6.0,5.757575757575758,1900,False
Blue_Dragon_vs_Pantheon_g4,417,193,4015,120,0,225,7,14,4,-1.1313131313131313,5.333333333333333,5.757575757575758,1910,False
Blue_Dragon_vs_Pantheon_g4,418,202,4015,120,0,226,7,14,4,-1.101010101010101,6.666666666666667,5.959595959595959,1930,False
Blue_Dragon_vs_Pantheon_g4,419,221,4010,120,0,227,7,14,4,-0.9090909090909091,6.666666666666667,5.959595959595959,1930,False
Blue_Dragon_vs_Pantheon_g4,420,228,4010,120,0,228,7,14,4,-0.797979797979798,6.666666666666667,5.858585858585859,1930,False
Blue_Dragon_vs_Pantheon_g4,421,227,4010,120,0,229,7,14,4,-0.8888888888888888,5.333333333333333,5.656565656565657,1930,False
Blue_Dragon_vs_Pantheon_g4,422,226,4010,120,0,230,7,14,4,-1.0808080808080809,6.666666666666667,5.858585858585859,1950,False
Blue_Dragon_vs_Pantheon_g4,423,246,4010,120,0,231,7,14,4,-0.9797979797979798,6.666666666666667,5.858585858585859,1950,False
Blue_Dragon_vs_Pantheon_g4,424,253,4010,120,0,232,7,14,4,0.24242424242424243,6.0,5.858585858585859,1950,False
Blue_Dragon_vs_Pantheon_g4,425,252,4010,120,0,233,7,14,4,0.26262626262626265,5.333333333333333,5.858585858585859,1960,False
Blue_Dragon_vs_Pantheon_g4,426,261,4010,120,0,234,7,14,4,0.26262626262626265,6.666666666666667,6.0606060606060606,1980,False
Blue_Dragon_vs_Pantheon_g4,427,280,4010,120,0,235,7,14,4,0.36363636363636365,6.666666666666667,6.0606060606060606,1980,False
Blue_Dragon_vs_Pantheon_g4,428,287,4010,120,0,236,7,14,4,0.4444444444444444,6.666666666666667,5.959595959595959,1980,False
Blue_Dragon_vs_Pantheon_g4,429,285,4010,120,0,237,7,14,4,0.3333333333333333,5.333333333333333,5.757575757575758,1980,False
Blue_Dragon_vs_Pantheon_g4,430,285,4010,120,0,238,7,15,4,0.1414141414141414,6.666666666666667,5.959595959595959,2000,False
Blue_Dragon_vs_Pantheon_g4,431,263,4110,123,0,239,7,15,4,-0.1717171717171717,6.666666666666667,5.959595959595959,2000,False
Blue_Dragon_vs_Pantheon_g4,432,271,4110,123,0,240,7,15,4,-0.06060606060606061,6.0,5.959595959595959,2000,False
Blue_Dragon_vs_Pantheon_g4,433,270,4110,123,0,241,7,14,4,-0.04040404040404041,5.333333333333333,5.959595959595959,2010,False
Blue_Dragon_vs_Pantheon_g4,434,280,4010,120,0,242,7,15,4,0.0,6.666666666666667,6.161616161616162,2030,False
Blue_Dragon_vs_Pantheon_g4,435,260,4110,123,0,243,7,14,4,-0.2828282828282828,6.666666666666667,6.161616161616162,2030,False
Blue_Dragon_vs_Pantheon_g4,436,270,4010,120,0,244,7,15,4,-0.16161616161616163,6.666666666666667,6.0606060606060606,2030,False
Blue_Dragon_vs_Pantheon_g4,437,230,4110,123,0,245,7,15,4,0.16161616161616163,5.333333333333333,5.858585858585859,2030,False
Blue_Dragon_vs_Pantheon_g4,438,230,4100,123,0,246,7,15,4,-0.04040404040404041,6.666666666666667,6.0606060606060606,2050,False
Blue_Dragon_vs_Pantheon_g4,439,247,4100,123,0,247,7,14,4,1.2626262626262625,6.666666666666667,6.0606060606060606,2050,False
Blue_Dragon_vs_Pantheon_g4,440,255,4000,120,0,248,7,15,4,2.5757575757575757,6.0,6.0606060606060606,2050,False
Blue_Dragon_vs_Pantheon_g4,441,215,4100,123,0,249,7,15,4,2.1717171717171717,5.333333333333333,6.0606060606060606,2060,False
Blue_Dragon_vs_Pantheon_g4,442,225,4100,123,0,250,7,15,4,2.1717171717171717,6.666666666666667,6.262626262626263,2080,False
Blue_Dragon_vs_Pantheon_g4,443,244,4100,123,0,251,7,14,4,2.2626262626262625,6.666666666666667,6.262626262626263,2080,False
Blue_Dragon_vs_Pantheon_g4,444,253,4000,120,0,252,7,15,4,2.3535353535353534,6.666666666666667,6.161616161616162,2080,False
Blue_Dragon_vs_Pantheon_g4,445,211,4100,123,0,253,7,15,4,1.8282828282828283,5.333333333333333,5.959595959595959,2080,False
Blue_Dragon_vs_Pantheon_g4,446,208,4100,123,0,254,7,15,4,1.595959595959596,6.666666666666667,6.161616161616162,2100,False
Blue_Dragon_vs_Pantheon_g4,447,225,4100,123,0,255,7,14,4,1.6868686868686869,6.666666666666667,6.161616161616162,2100,False
Blue_Dragon_vs_Pantheon_g4,448,233,3900,117,0,256,7,14,4,1.7676767676767677,6.0,6.161616161616162,2100,False
Blue_Dragon_vs_Pantheon_g4,449,225,3900,117,0,257,7,14,4,1.6868686868686869,5.333333333333333,6.161616161616162,2110,False
Blue_Dragon_vs_Pantheon_g4,450,227,3900,117,0,258,7,14,4,1.606060606060606,6.666666666666667,6.363636363636363,2130,False
Blue_Dragon_vs_Pantheon_g4,451,243,3900,117,0,259,7,14,4,1.6666666666666667,6.666666666666667,6.363636363636363,2130,False
Blue_Dragon_vs_Pantheon_g4,452,251,3900,117,0,260,7,15,4,1.8080808080808082,6.666666666666667,6.262626262626263,2130,False
Blue_Dragon_vs_Pantheon_g4,453,132,4100,123,0,261,7,15,4,0.5252525252525253,5.333333333333333,6.0606060606060606,2130,False
Blue_Dragon_vs_Pantheon_g4,454,130,4100,123,0,262,7,15,4,0.7474747474747475,6.666666666666667,6.262626262626263,2150,False
Blue_Dragon_vs_Pantheon_g4,455,148,4100,123,0,263,7,15,4,0.8585858585858586,6.666666666666667,6.262626262626263,2150,False
Blue_Dragon_vs_Pantheon_g4,456,151,4105,123,0,264,7,15,4,0.9191919191919192,6.0,6.262626262626263,2150,False
Blue_Dragon_vs_Pantheon_g4,457,148,4105,123,0,265,7,15,4,0.9292929292929293,5.333333333333333,6.161616161616162,2160,False
Blue_Dragon_vs_Pantheon_g4,458,156,4105,123,0,266,7,15,4,0.8383838383838383,6.666666666666667,6.363636363636363,2180,False
Blue_Dragon_vs_Pantheon_g4,459,174,4095,122,0,267,7,14,4,1.0707070707070707,6.666666666666667,6.363636363636363,2180,False
Blue_Dragon_vs_Pantheon_g4,460,181,3995,119,0,268,7,16,4,1.1616161616161615,6.666666666666667,6.262626262626263,2180,True
Blue_Dragon_vs_Pantheon_g4,461,20,4295,128,0,1,8,16,4,-0.5353535353535354,5.333333333333333,6.0606060606060606,2180,False
Blue_Dragon_vs_Pantheon_g4,462,20,4295,128,0,2,8,16,4,-0.7171717171717171,6.666666666666667,6.262626262626263,2200,False
Blue_Dragon_vs_Pantheon_g4,463,39,4295,128,0,3,8,16,4,-0.5656565656565656,6.666666666666667,6.262626262626263,2200,False
Blue_Dragon_vs_Pantheon_g4,464,49,4295,128,0,4,8,16,4,-0.43434343434343436,6.0,6.262626262626263,2200,False
Blue_Dragon_vs_Pantheon_g4,465,45,4295,128,0,5,8,16,4,-0.43434343434343436,5.333333333333333,6.161616161616162,2210,False
Blue_Dragon_vs_Pantheon_g4,466,49,4295,128,0,6,8,16,4,-0.5757575757575758,6.666666666666667,6.363636363636363,2230,False
Blue_Dragon_vs_Pantheon_g4,467,64,4295,128,0,7,8,16,4,-0.48484848484848486,6.666666666666667,6.363636363636363,2230,False
Blue_Dragon_vs_Pantheon_g4,468,59,4305,129,0,8,8,16,4,-0.45454545454545453,6.666666666666667,6.262626262626263,2230,False
Blue_Dragon_vs_Pantheon_g4,469,54,4305,129,0,9,8,16,4,-0.5858585858585859,5.333333333333333,6.0606060606060606,2230,False
Blue_Dragon_vs_Pantheon_g4,470,49,4305,129,0,10,8,15,4,-0.8080808080808081,6.666666666666667,6.262626262626263,2250,False
Blue_Dragon_vs_Pantheon_g4,471,65,4205,126,0,11,8,16,4,-0.6666666666666666,6.666666666666667,6.262626262626263,2250,False
Blue_Dragon_vs_Pantheon_g4,472,21,4315,129,0,12,8,16,4,-0.6565656565656566,6.0,6.262626262626263,2250,False
Blue_Dragon_vs_Pantheon_g4,473,20,4315,129,0,13,8,16,4,-0.6666666666666666,5.333333333333333,6.161616161616162,2260,False
Blue_Dragon_vs_Pantheon_g4,474,28,4315,129,0,14,8,16,4,-0.7777777777777778,6.666666666666667,6.363636363636363,2280,False
Blue_Dragon_vs_Pantheon_g4,475,46,4315,129,0,15,8,15,4,-0.6767676767676768,6.666666666666667,6.363636363636363,2280,False
Blue_Dragon_vs_Pantheon_g4,476,53,4115,123,0,16,8,16,4,-0.1919191919191919,6.666666666666667,6.262626262626263,2280,False
Blue_Dragon_vs_Pantheon_g4,477,10,4215,126,0,17,8,16,4,-0.696969696969697,5.333333333333333,6.0606060606060606,2280,False
Blue_Dragon_vs_Pantheon_g4,478,8,4215,126,0,18,8,16,4,-0.5252525252525253,6.666666666666667,6.262626262626263,2300,False
Blue_Dragon_vs_Pantheon_g4,479,27,4215,126,0,19,8,16,4,-0.42424242424242425,6.666666666666667,6.262626262626263,2300,False
Blue_Dragon_vs_Pantheon_g4,480,33,4220,126,0,20,8,16,4,-0.32323232323232326,6.0,6.262626262626263,2300,False
Blue_Dragon_vs_Pantheon_g4,481,30,4220,126,0,21,8,16,4,-0.32323232323232326,5.333333333333333,6.161616161616162,2310,False
Blue_Dragon_vs_Pantheon_g4,482,33,4225,126,0,22,8,16,4,-0.47474747474747475,6.666666666666667,6.363636363636363,2330,False
Blue_Dragon_vs_Pantheon_g4,483,50,4225,126,0,23,8,17,4,-0.3939393939393939,6.666666666666667,6.363636363636363,2330,False
Blue_Dragon_vs_Pantheon_g4,484,17,4320,129,0,24,8,17,4,-0.7171717171717171,6.666666666666667,6.262626262626263,2330,False
Blue_Dragon_vs_Pantheon_g4,485,15,4320,129,0,25,8,17,4,-0.8080808080808081,5.333333333333333,6.0606060606060606,2330,False
Blue_Dragon_vs_Pantheon_g4,486,14,4320,129,0,26,8,17,4,-1.02020202020202,6.666666666666667,6.262626262626263,2350,False
Blue_Dragon_vs_Pantheon_g4,487,32,4320,129,0,27,8,17,4,-0.9393939393939394,6.666666666666667,6.262626262626263,2350,False
Blue_Dragon_vs_Pantheon_g4,488,40,4320,129,0,28,8,17,4,-0.8585858585858586,6.0,6.262626262626263,2350,False
Blue_Dragon_vs_Pantheon_g4,489,39,4320,129,0,29,8,17,4,-0.8181818181818182,5.333333333333333,6.161616161616162,2360,False
Blue_Dragon_vs_Pantheon_g4,490,48,4320,129,0,30,8,17,4,-0.898989898989899,6.666666666666667,6.363636363636363,2380,False
Blue_Dragon_vs_Pantheon_g4,491,67,4320,129,0,31,8,18,4,0.35353535353535354,6.666666666666667,6.363636363636363,2380,False
Blue_Dragon_vs_Pantheon_g4,492,66,4420,132,0,32,8,18,4,0.35353535353535354,6.666666666666667,6.262626262626263,2380,False
Blue_Dragon_vs_Pantheon_g4,493,65,4420,132,0,33,8,18,4,0.26262626262626265,5.333333333333333,6.0606060606060606,2380,False
Blue_Dragon_vs_Pantheon_g4,494,63,4420,132,0,34,8,18,4,0.06060606060606061,6.666666666666667,6.262626262626263,2400,False
Blue_Dragon_vs_Pantheon_g4,495,80,4420,132,0,35,8,18,4,0.15151515151515152,6.666666666666667,6.262626262626263,2400,False
Blue_Dragon_vs_Pantheon_g4,496,86,4420,132,0,36,8,17,4,0.23232323232323232,6.0,6.262626262626263,2400,False
Blue_Dragon_vs_Pantheon_g4,497,83,4320,129,0,37,8,17,4,0.26262626262626265,5.333333333333333,6.161616161616162,2410,False
Blue_Dragon_vs_Pantheon_g4,498,93,4320,129,0,38,8,17,4,0.1919191919191919,6.666666666666667,6.363636363636363,2430,False
Blue_Dragon_vs_Pantheon_g4,499,109,4325,129,0,39,8,17,4,0.29292929292929293,6.666666666666667,6.363636363636363,2430,False
Blue_Dragon_vs_Pantheon_g4,500,115,4330,129,0,40,8,18,4,0.3838383838383838,6.666666666666667,6.262626262626263,2430,False
Blue_Dragon_vs_Pantheon_g4,501,105,4430,132,0,41,8,18,4,0.21212121212121213,5.333333333333333,6.0606060606060606,2430,False
Blue_Dragon_vs_Pantheon_g4,502,105,4430,132,0,42,8,18,4,0.010101010101010102,6.666666666666667,6.262626262626263,2450,False
Blue_Dragon_vs_Pantheon_g4,503,125,4430,132,0,43,8,18,4,0.1717171717171717,6.666666666666667,6.262626262626263,2450,False
Blue_Dragon_vs_Pantheon_g4,504,135,4430,132,0,44,8,19,4,0.2727272727272727,6.0,6.262626262626263,2450,False
Blue_Dragon_vs_Pantheon_g4,505,5,4630,138,0,45,8,19,4,-1.0404040404040404,5.333333333333333,6.161616161616162,2460,False
Blue_Dragon_vs_Pantheon_g4,506,15,4630,138,0,46,8,19,4,-1.1414141414141414,6.666666666666667,6.363636363636363,2480,False
Blue_Dragon_vs_Pantheon_g4,507,35,4630,138,0,47,8,19,4,-1.02020202020202,6.666666666666667,6.363636363636363,2480,False
Blue_Dragon_vs_Pantheon_g4,508,45,4630,138,0,48,8,19,4,-0.9191919191919192,6.666666666666667,6.262626262626263,2480,False
Blue_Dragon_vs_Pantheon_g4,509,30,4635,139,0,49,8,19,4,-1.1717171717171717,5.333333333333333,6.0606060606060606,2480,False
Blue_Dragon_vs_Pantheon_g4,510,30,4635,139,0,50,8,19,4,-1.3737373737373737,6.666666666666667,6.262626262626263,2500,False
Blue_Dragon_vs_Pantheon_g4,511,50,4635,139,0,51,8,19,4,-1.2626262626262625,6.666666666666667,6.262626262626263,2500,False
Blue_Dragon_vs_Pantheon_g4,512,58,4635,139,0,52,8,19,4,-1.1515151515151516,6.0,6.262626262626263,2500,False
Blue_Dragon_vs_Pantheon_g4,513,45,4645,139,0,53,8,19,4,-1.2222222222222223,5.333333333333333,6.161616161616162,2510,False
Blue_Dragon_vs_Pantheon_g4,514,55,4645,139,0,54,8,18,4,-1.3131313131313131,6.666666666666667,6.363636363636363,2530,False
Blue_Dragon_vs_Pantheon_g4,515,75,4545,136,0,55,8,18,4,-1.202020202020202,6.666666666666667,6.363636363636363,2530,False
Blue_Dragon_vs_Pantheon_g4,516,72,4555,136,0,56,8,18,4,-1.2222222222222223,6.666666666666667,6.262626262626263,2530,False
Blue_Dragon_vs_Pantheon_g4,517,72,4555,136,0,57,8,18,4,-1.3131313131313131,5.333333333333333,6.0606060606060606,2530,False
Blue_Dragon_vs_Pantheon_g4,518,70,4555,136,0,58,8,18,4,-1.5252525252525253,6.666666666666667,6.262626262626263,2550,False
Blue_Dragon_vs_Pantheon_g4,519,88,4555,136,0,59,8,18,4,-1.4141414141414141,6.666666666666667,6.262626262626263,2550,False
Blue_Dragon_vs_Pantheon_g4,520,92,4560,136,0,60,8,18,4,-1.3636363636363635,6.0,6.262626262626263,2550,False
Blue_Dragon_vs_Pantheon_g4,521,86,4565,136,0,61,8,18,4,-1.4141414141414141,5.333333333333333,6.161616161616162,2560,False
Blue_Dragon_vs_Pantheon_g4,522,94,4565,136,0,62,8,18,4,-1.5353535353535352,6.666666666666667,6.363636363636363,2580,False
Blue_Dragon_vs_Pantheon_g4,523,114,4565,136,0,63,8,18,4,-1.404040404040404,6.666666666666667,6.363636363636363,2580,False
Blue_Dragon_vs_Pantheon_g4,524,122,4565,136,0,64,8,18,4,-1.3131313131313131,6.666666666666667,6.262626262626263,2580,False
Blue_Dragon_vs_Pantheon_g4,525,120,4565,136,0,65,8,18,4,-1.4242424242424243,5.333333333333333,6.0606060606060606,2580,False
Blue_Dragon_vs_Pantheon_g4,526,118,4565,136,0,66,8,18,4,-1.6363636363636365,6.666666666666667,6.262626262626263,2600,False
Blue_Dragon_vs_Pantheon_g4,527,138,4565,136,0,67,8,18,4,-1.505050505050505,6.666666666666667,6.262626262626263,2600,False
Blue_Dragon_vs_Pantheon_g4,528,148,4565,136,0,68,8,18,4,-1.3838383838383839,6.0,6.262626262626263,2600,False
Blue_Dragon_vs_Pantheon_g4,529,148,4565,136,0,69,8,18,4,-1.3838383838383839,5.333333333333333,6.161616161616162,2610,False
Blue_Dragon_vs_Pantheon_g4,530,154,4565,136,0,70,8,18,4,-1.101010101010101,6.666666666666667,6.363636363636363,2630,False
Blue_Dragon_vs_Pantheon_g4,531,170,4565,136,0,71,8,19,4,-1.02020202020202,6.666666666666667,6.363636363636363,2630,False
Blue_Dragon_vs_Pantheon_g4,532,46,4770,143,0,72,8,19,4,-2.2626262626262625,6.666666666666667,6.262626262626263,2630,False
Blue_Dragon_vs_Pantheon_g4,533,40,4775,143,0,73,8,19,4,-2.4242424242424243,5.333333333333333,6.0606060606060606,2630,False
Blue_Dragon_vs_Pantheon_g4,534,36,4780,143,0,74,8,19,4,-2.2626262626262625,6.666666666666667,6.262626262626263,2650,False
Blue_Dragon_vs_Pantheon_g4,535,55,4780,143,0,75,8,19,4,-2.1717171717171717,6.666666666666667,6.262626262626263,2650,False
Blue_Dragon_vs_Pantheon_g4,536,63,4780,143,0,76,8,19,4,-1.6868686868686869,6.0,6.262626262626263,2650,False
Blue_Dragon_vs_Pantheon_g4,537,60,4780,143,0,77,8,19,4,-1.7171717171717171,5.333333333333333,6.161616161616162,2660,False
Blue_Dragon_vs_Pantheon_g4,538,66,4780,143,0,78,8,20,4,-1.8282828282828283,6.666666666666667,6.363636363636363,2680,False
Blue_Dragon_vs_Pantheon_g4,539,70,4885,146,0,79,8,20,4,-1.8686868686868687,6.666666666666667,6.363636363636363,2680,False
Blue_Dragon_vs_Pantheon_g4,540,78,4885,146,0,80,8,20,4,-1.3838383838383839,6.666666666666667,6.262626262626263,2680,False
Blue_Dragon_vs_Pantheon_g4,541,76,4885,146,0,81,8,20,4,-1.505050505050505,5.333333333333333,6.0606060606060606,2680,False
Blue_Dragon_vs_Pantheon_g4,542,75,4885,146,0,82,8,20,4,-1.707070707070707,6.666666666666667,6.262626262626263,2700,False
Blue_Dragon_vs_Pantheon_g4,543,91,4890,146,0,83,8,20,4,-1.6363636363636365,6.666666666666667,6.262626262626263,2700,False
Blue_Dragon_vs_Pantheon_g4,544,101,4890,146,0,84,8,20,4,-1.1111111111111112,6.0,6.262626262626263,2700,False
Blue_Dragon_vs_Pantheon_g4,545,101,4890,146,0,85,8,20,4,-1.0808080808080809,5.333333333333333,6.161616161616162,2710,False
Blue_Dragon_vs_Pantheon_g4,546,111,4890,146,0,86,8,20,4,-1.1515151515151516,6.666666666666667,6.363636363636363,2730,False
Blue_Dragon_vs_Pantheon_g4,547,131,4890,146,0,87,8,20,4,-1.0303030303030303,6.666666666666667,6.363636363636363,2730,False
Blue_Dragon_vs_Pantheon_g4,548,140,4890,146,0,88,8,20,4,-0.8585858585858586,6.666666666666667,6.262626262626263,2730,False
Blue_Dragon_vs_Pantheon_g4,549,138,4890,146,0,89,8,21,4,-0.898989898989899,5.333333333333333,6.0606060606060606,2730,False
Blue_Dragon_vs_Pantheon_g4,550,125,4990,149,0,90,8,21,4,-1.1919191919191918,6.666666666666667,6.262626262626263,2750,False
Blue_Dragon_vs_Pantheon_g4,551,142,4990,149,0,91,8,21,4,-1.101010101010101,6.666666666666667,6.262626262626263,2750,False
Blue_Dragon_vs_Pantheon_g4,552,148,4990,149,0,92,8,21,4,0.16161616161616163,6.0,6.262626262626263,2750,False
Blue_Dragon_vs_Pantheon_g4,553,143,4995,149,0,93,8,21,4,0.13131313131313133,5.333333333333333,6.161616161616162,2760,False
Blue_Dragon_vs_Pantheon_g4,554,150,4995,149,0,94,8,22,4,0.020202020202020204,6.666666666666667,6.363636363636363,2780,False
Blue_Dragon_vs_Pantheon_g4,555,33,5195,155,0,95,8,22,4,-1.1919191919191918,6.666666666666667,6.363636363636363,2780,False
Blue_Dragon_vs_Pantheon_g4,556,43,5195,155,0,96,8,22,4,-1.0606060606060606,6.666666666666667,6.262626262626263,2780,False
Blue_Dragon_vs_Pantheon_g4,557,43,5195,155,0,97,8,22,4,-1.1414141414141414,5.333333333333333,6.0606060606060606,2780,False
Blue_Dragon_vs_Pantheon_g4,558,43,5195,155,0,98,8,21,4,-1.3232323232323233,6.666666666666667,6.262626262626263,2800,False
Blue_Dragon_vs_Pantheon_g4,559,63,4995,149,0,99,8,21,4,-1.1919191919191918,6.666666666666667,6.262626262626263,2800,False
Blue_Dragon_vs_Pantheon_g4,560,73,4995,149,0,100,8,20,4,0.5353535353535354,6.0,6.262626262626263,2800,False
Blue_Dragon_vs_Pantheon_g4,561,55,4810,144,0,101,8,20,4,0.35353535353535354,5.333333333333333,6.161616161616162,2810,False
Blue_Dragon_vs_Pantheon_g4,562,65,4810,144,0,102,8,20,4,0.26262626262626265,6.666666666666667,6.363636363636363,2830,False
Blue_Dragon_vs_Pantheon_g4,563,81,4815,144,0,103,8,20,4,0.32323232323232326,6.666666666666667,6.363636363636363,2830,False
Blue_Dragon_vs_Pantheon_g4,564,85,4820,144,0,104,8,19,4,0.40404040404040403,6.666666666666667,6.262626262626263,2830,False
Blue_Dragon_vs_Pantheon_g4,565,81,4720,141,0,105,8,19,4,0.32323232323232326,6.0,6.161616161616162,2840,False
Blue_Dragon_vs_Pantheon_g4,566,91,4720,141,0,106,8,18,4,0.2727272727272727,7.333333333333333,6.363636363636363,2860,False
Blue_Dragon_vs_Pantheon_g4,567,98,4530,135,0,107,8,18,4,0.3939393939393939,7.333333333333333,6.363636363636363,2860,False
Blue_Dragon_vs_Pantheon_g4,568,106,4530,135,0,108,8,18,4,0.5252525252525253,6.666666666666667,6.363636363636363,2860,False
Blue_Dragon_vs_Pantheon_g4,569,105,4530,135,0,109,8,18,4,0.5656565656565656,6.0,6.262626262626263,2870,False
Blue_Dragon_vs_Pantheon_g4,570,112,4530,135,0,110,8,18,4,0.47474747474747475,7.333333333333333,6.4646464646464645,2890,False
Blue_Dragon_vs_Pantheon_g4,571,130,4530,135,0,111,8,19,4,1.101010101010101,7.333333333333333,6.4646464646464645,2890,False
Blue_Dragon_vs_Pantheon_g4,572,15,4730,141,0,112,8,19,4,-0.050505050505050504,7.333333333333333,6.363636363636363,2890,False
Blue_Dragon_vs_Pantheon_g4,573,14,4730,141,0,113,8,19,4,-0.1414141414141414,6.666666666666667,6.262626262626263,2900,False
Blue_Dragon_vs_Pantheon_g4,574,22,4730,141,0,114,8,19,4,-0.24242424242424243,8.0,6.4646464646464645,2920,False
Blue_Dragon_vs_Pantheon_g4,575,40,4730,141,0,115,8,19,4,-0.13131313131313133,8.0,6.4646464646464645,2920,False
Blue_Dragon_vs_Pantheon_g4,576,50,4730,141,0,116,8,19,4,0.40404040404040403,7.333333333333333,6.4646464646464645,2920,False
Blue_Dragon_vs_Pantheon_g4,577,49,4730,141,0,117,8,19,4,0.41414141414141414,6.666666666666667,6.363636363636363,2930,False
Blue_Dragon_vs_Pantheon_g4,578,59,4730,141,0,118,8,19,4,0.32323232323232326,8.0,6.565656565656566,2950,False
Blue_Dragon_vs_Pantheon_g4,579,79,4730,141,0,119,8,19,4,0.46464646464646464,8.0,6.565656565656566,2950,False
Blue_Dragon_vs_Pantheon_g4,580,89,4730,141,0,120,8,19,4,0.5959595959595959,7.333333333333333,6.4646464646464645,2950,False
Blue_Dragon_vs_Pantheon_g4,581,89,4730,141,0,121,8,19,4,0.5656565656565656,6.666666666666667,6.363636363636363,2960,False
Blue_Dragon_vs_Pantheon_g4,582,99,4730,141,0,122,8,19,4,0.494949494949495,8.0,6.565656565656566,2980,False
Blue_Dragon_vs_Pantheon_g4,583,119,4730,141,0,123,8,19,4,1.0303030303030303,8.0,6.565656565656566,2980,False
Blue_Dragon_vs_Pantheon_g4,584,129,4730,141,0,124,8,20,4,1.1515151515151516,7.333333333333333,6.565656565656566,2980,False
Blue_Dragon_vs_Pantheon_g4,585,3,4830,144,0,125,8,20,4,-0.1111111111111111,6.666666666666667,6.4646464646464645,2990,False
Blue_Dragon_vs_Pantheon_g4,586,13,4830,144,0,126,8,20,4,-0.1919191919191919,8.0,6.666666666666667,3010,False
Blue_Dragon_vs_Pantheon_g4,587,33,4830,144,0,127,8,20,4,-0.0707070707070707,8.0,6.666666666666667,3010,False
Blue_Dragon_vs_Pantheon_g4,588,43,4830,144,0,128,8,20,4,0.04040404040404041,7.333333333333333,6.565656565656566,3010,False
Blue_Dragon_vs_Pantheon_g4,589,43,4830,144,0,129,8,20,4,-0.050505050505050504,6.666666666666667,6.4646464646464645,3020,False
Blue_Dragon_vs_Pantheon_g4,590,53,4830,144,0,130,8,20,4,-0.1414141414141414,8.0,6.666666666666667,3040,False
Blue_Dragon_vs_Pantheon_g4,591,71,4830,144,0,131,8,20,4,0.050505050505050504,8.0,6.666666666666667,3040,False
Blue_Dragon_vs_Pantheon_g4,592,79,4830,144,0,132,8,20,4,0.1414141414141414,7.333333333333333,6.666666666666667,3040,False
Blue_Dragon_vs_Pantheon_g4,593,77,4830,144,0,133,8,19,4,0.1414141414141414,6.666666666666667,6.565656565656566,3050,False
Blue_Dragon_vs_Pantheon_g4,594,85,4630,138,0,134,8,19,4,0.050505050505050504,8.0,6.767676767676767,3070,False
Blue_Dragon_vs_Pantheon_g4,595,105,4630,138,0,135,8,19,4,0.1919191919191919,8.0,6.767676767676767,3070,False
Blue_Dragon_vs_Pantheon_g4,596,115,4630,138,0,136,8,19,4,0.32323232323232326,7.333333333333333,6.666666666666667,3070,False
Blue_Dragon_vs_Pantheon_g4,597,115,4630,138,0,137,8,19,4,0.2222222222222222,6.666666666666667,6.565656565656566,3080,False
Blue_Dragon_vs_Pantheon_g4,598,123,4630,138,0,138,8,19,4,0.1414141414141414,8.0,6.767676767676767,3100,False
Blue_Dragon_vs_Pantheon_g4,599,141,4630,138,0,139,8,20,4,0.26262626262626265,8.0,6.767676767676767,3100,False
Blue_Dragon_vs_Pantheon_g4,600,28,4730,141,0,140,8,20,4,-0.7777777777777778,7.333333333333333,6.767676767676767,3100,False
Blue_Dragon_vs_Pantheon_g4,601,28,4730,141,0,141,8,20,4,-0.7777777777777778,6.666666666666667,6.666666666666667,3110,False
Blue_Dragon_vs_Pantheon_g4,602,37,4730,141,0,142,8,20,4,-0.8888888888888888,8.0,6.8686868686868685,3130,False
Blue_Dragon_vs_Pantheon_g4,603,55,4730,141,0,143,8,20,4,-0.8080808080808081,8.0,6.8686868686868685,3130,False
Blue_Dragon_vs_Pantheon_g4,604,65,4730,141,0,144,8,20,4,0.6060606060606061,7.333333333333333,6.767676767676767,3130,False
Blue_Dragon_vs_Pantheon_g4,605,65,4730,141,0,145,8,20,4,0.5050505050505051,6.666666666666667,6.666666666666667,3140,False
Blue_Dragon_vs_Pantheon_g4,606,71,4735,142,0,146,8,20,4,0.36363636363636365,8.0,6.8686868686868685,3160,False
Blue_Dragon_vs_Pantheon_g4,607,87,4740,142,0,147,8,20,4,0.42424242424242425,8.0,6.8686868686868685,3160,False
Blue_Dragon_vs_Pantheon_g4,608,97,4740,142,0,148,8,21,4,0.6767676767676768,7.333333333333333,6.8686868686868685,3160,False
Blue_Dragon_vs_Pantheon_g4,609,54,4840,145,0,149,8,21,4,0.24242424242424243,6.0,6.666666666666667,3160,False
Blue_Dragon_vs_Pantheon_g4,610,54,4840,145,0,150,8,21,4,0.04040404040404041,7.333333333333333,6.8686868686868685,3180,False
Blue_Dragon_vs_Pantheon_g4,611,74,4840,145,0,151,8,21,4,0.16161616161616163,7.333333333333333,6.8686868686868685,3180,False
Blue_Dragon_vs_Pantheon_g4,612,84,4840,145,0,152,8,20,4,0.3939393939393939,6.666666666666667,6.767676767676767,3180,False
Blue_Dragon_vs_Pantheon_g4,613,84,4640,139,0,153,8,20,4,0.29292929292929293,5.333333333333333,6.565656565656566,3180,False
Blue_Dragon_vs_Pantheon_g4,614,0,4740,142,0,154,8,20,4,-0.7575757575757576,6.666666666666667,6.767676767676767,3200,False
Blue_Dragon_vs_Pantheon_g4,615,20,4740,142,0,155,8,20,4,-0.5252525252525253,6.666666666666667,6.767676767676767,3200,False
Blue_Dragon_vs_Pantheon_g4,616,30,4740,142,0,156,8,20,4,-0.42424242424242425,6.0,6.767676767676767,3200,False
Blue_Dragon_vs_Pantheon_g4,617,30,4740,142,0,157,8,20,4,-0.40404040404040403,4.666666666666667,6.565656565656566,3200,False
Blue_Dragon_vs_Pantheon_g4,618,29,4740,142,0,158,8,20,4,-0.5959595959595959,6.0,6.767676767676767,3220,False
Blue_Dragon_vs_Pantheon_g4,619,49,4740,142,0,159,8,20,4,-0.43434343434343436,6.0,6.767676767676767,3220,False
Blue_Dragon_vs_Pantheon_g4,620,59,4740,142,0,160,8,20,4,-0.2727272727272727,5.333333333333333,6.666666666666667,3220,False
Blue_Dragon_vs_Pantheon_g4,621,59,4740,142,0,161,8,20,4,-0.35353535353535354,4.0,6.4646464646464645,3220,False
Blue_Dragon_vs_Pantheon_g4,622,58,4740,142,0,162,8,20,4,-0.5656565656565656,5.333333333333333,6.666666666666667,3240,False
Blue_Dragon_vs_Pantheon_g4,623,78,4740,142,0,163,8,20,4,-0.4444444444444444,5.333333333333333,6.666666666666667,3240,False
Blue_Dragon_vs_Pantheon_g4,624,88,4740,142,0,164,8,20,4,-0.32323232323232326,5.333333333333333,6.666666666666667,3240,False
Blue_Dragon_vs_Pantheon_g4,625,41,4745,142,0,165,8,20,4,-0.7777777777777778,4.666666666666667,6.565656565656566,3250,False
Blue_Dragon_vs_Pantheon_g4,626,47,4750,142,0,166,8,20,4,-0.9191919191919192,6.0,6.767676767676767,3270,False
Blue_Dragon_vs_Pantheon_g4,627,67,4750,142,0,167,8,20,4,-0.8181818181818182,6.0,6.767676767676767,3270,False
Blue_Dragon_vs_Pantheon_g4,628,76,4750,142,0,168,8,20,4,-0.7272727272727273,6.0,6.666666666666667,3270,False
Blue_Dragon_vs_Pantheon_g4,629,76,4750,142,0,169,8,20,4,-0.7878787878787878,5.333333333333333,6.565656565656566,3280,False
Blue_Dragon_vs_Pantheon_g4,630,86,4750,142,0,170,8,21,4,-0.8484848484848485,6.666666666666667,6.767676767676767,3300,False
Blue_Dragon_vs_Pantheon_g4,631,96,4850,145,0,171,8,21,4,0.5050505050505051,6.666666666666667,6.767676767676767,3300,False
Blue_Dragon_vs_Pantheon_g4,632,106,4850,145,0,172,8,21,4,0.6666666666666666,6.666666666666667,6.767676767676767,3300,False
Blue_Dragon_vs_Pantheon_g4,633,106,4850,145,0,173,8,21,4,0.7070707070707071,6.0,6.666666666666667,3310,False
Blue_Dragon_vs_Pantheon_g4,634,116,4850,145,0,174,8,21,4,0.6161616161616161,7.333333333333333,6.8686868686868685,3330,False
Blue_Dragon_vs_Pantheon_g4,635,136,4850,145,0,175,8,21,4,0.7373737373737373,7.333333333333333,6.8686868686868685,3330,False
Blue_Dragon_vs_Pantheon_g4,636,60,4940,148,0,176,8,22,4,0.0,7.333333333333333,6.767676767676767,3330,False
Blue_Dragon_vs_Pantheon_g4,637,50,5040,151,0,177,8,22,4,-0.16161616161616163,6.666666666666667,6.666666666666667,3340,False
Blue_Dragon_vs_Pantheon_g4,638,59,5040,151,0,178,8,22,4,-0.1111111111111111,8.0,6.8686868686868685,3360,False
Blue_Dragon_vs_Pantheon_g4,639,77,5040,151,0,179,8,22,4,-0.010101010101010102,8.0,6.8686868686868685,3360,False
Blue_Dragon_vs_Pantheon_g4,640,85,5040,151,0,180,8,22,4,0.09090909090909091,7.333333333333333,6.8686868686868685,3360,False
Blue_Dragon_vs_Pantheon_g4,641,85,5040,151,0,181,8,22,4,0.10101010101010101,6.666666666666667,6.767676767676767,3370,False
Blue_Dragon_vs_Pantheon_g4,642,95,5040,151,0,182,8,22,4,0.04040404040404041,8.0,6.96969696969697,3390,False
Blue_Dragon_vs_Pantheon_g4,643,102,5050,151,0,183,8,22,4,0.010101010101010102,8.0,6.96969696969697,3390,False
Blue_Dragon_vs_Pantheon_g4,644,86,5070,152,0,184,8,22,4,-0.15151515151515152,7.333333333333333,6.8686868686868685,3390,False
Blue_Dragon_vs_Pantheon_g4,645,73,5080,152,0,185,8,22,4,-0.3838383838383838,6.666666666666667,6.767676767676767,3400,False
Blue_Dragon_vs_Pantheon_g4,646,83,5080,152,0,186,8,22,4,-0.48484848484848486,8.0,6.96969696969697,3420,False
Blue_Dragon_vs_Pantheon_g4,647,102,5080,152,0,187,8,21,4,-0.3838383838383838,8.0,6.96969696969697,3420,False
Blue_Dragon_vs_Pantheon_g4,648,112,4980,149,0,188,8,21,4,-0.26262626262626265,7.333333333333333,6.96969696969697,3420,False
Blue_Dragon_vs_Pantheon_g4,649,95,4990,149,0,189,8,21,4,-0.30303030303030304,6.666666666666667,6.8686868686868685,3430,False
Blue_Dragon_vs_Pantheon_g4,650,101,4995,149,0,190,8,21,4,-0.41414141414141414,8.0,7.070707070707071,3450,False
Blue_Dragon_vs_Pantheon_g4,651,116,5000,150,0,191,8,21,4,-0.32323232323232326,8.0,7.070707070707071,3450,False
Blue_Dragon_vs_Pantheon_g4,652,113,5005,150,0,192,8,21,4,-0.30303030303030304,7.333333333333333,6.96969696969697,3450,False
Blue_Dragon_vs_Pantheon_g4,653,100,5010,150,0,193,8,20,4,-0.5050505050505051,6.666666666666667,6.8686868686868685,3460,False
Blue_Dragon_vs_Pantheon_g4,654,110,4810,144,0,194,8,20,4,0.7777777777777778,8.0,7.070707070707071,3480,False
Blue_Dragon_vs_Pantheon_g4,655,117,4820,144,0,195,8,20,4,0.7474747474747475,8.0,7.070707070707071,3480,False
Blue_Dragon_vs_Pantheon_g4,656,127,4820,144,0,196,8,21,4,0.8484848484848485,7.333333333333333,7.070707070707071,3480,False
Blue_Dragon_vs_Pantheon_g4,657,1,5010,150,0,197,8,21,4,-0.42424242424242425,6.666666666666667,6.96969696969697,3490,False
Blue_Dragon_vs_Pantheon_g4,658,11,5010,150,0,198,8,21,4,-0.5252525252525253,8.0,7.171717171717172,3510,False
Blue_Dragon_vs_Pantheon_g4,659,30,5010,150,0,199,8,21,4,-0.43434343434343436,8.0,7.171717171717172,3510,False
Blue_Dragon_vs_Pantheon_g4,660,40,5010,150,0,200,8,21,4,-0.15151515151515152,7.333333333333333,7.070707070707071,3510,False
Blue_Dragon_vs_Pantheon_g4,661,40,5010,150,0,201,8,21,4,-0.25252525252525254,6.666666666666667,6.96969696969697,3520,False
Blue_Dragon_vs_Pantheon_g4,662,50,5010,150,0,202,8,21,4,-0.31313131313131315,8.0,7.171717171717172,3540,False
Blue_Dragon_vs_Pantheon_g4,663,70,5010,150,0,203,8,21,4,-0.15151515151515152,8.666666666666666,7.2727272727272725,3550,False
Blue_Dragon_vs_Pantheon_g4,664,90,5010,150,0,204,8,21,4,0.09090909090909091,8.0,7.171717171717172,3550,False
Blue_Dragon_vs_Pantheon_g4,665,90,5010,150,0,205,8,21,4,-0.010101010101010102,7.333333333333333,7.070707070707071,3560,False
Blue_Dragon_vs_Pantheon_g4,666,100,5010,150,0,206,8,21,4,0.020202020202020204,8.666666666666666,7.2727272727272725,3580,False
Blue_Dragon_vs_Pantheon_g4,667,120,5010,150,0,207,8,21,4,0.1414141414141414,9.333333333333334,7.373737373737374,3590,False
Blue_Dragon_vs_Pantheon_g4,668,140,5010,150,0,208,8,22,4,0.35353535353535354,8.666666666666666,7.2727272727272725,3590,False
Blue_Dragon_vs_Pantheon_g4,669,11,5110,153,0,209,8,22,4,-1.02020202020202,8.0,7.171717171717172,3600,False
Blue_Dragon_vs_Pantheon_g4,670,21,5110,153,0,210,8,22,4,-1.101010101010101,9.333333333333334,7.373737373737374,3620,False
Blue_Dragon_vs_Pantheon_g4,671,41,5110,153,0,211,8,22,4,0.26262626262626265,9.333333333333334,7.373737373737374,3620,False
Blue_Dragon_vs_Pantheon_g4,672,51,5110,153,0,212,8,22,4,0.37373737373737376,8.666666666666666,7.2727272727272725,3620,False
Blue_Dragon_vs_Pantheon_g4,673,51,5110,153,0,213,8,21,4,0.29292929292929293,8.0,7.171717171717172,3630,False
Blue_Dragon_vs_Pantheon_g4,674,57,4915,147,0,214,8,21,4,0.1717171717171717,9.333333333333334,7.373737373737374,3650,False
Blue_Dragon_vs_Pantheon_g4,675,77,4915,147,0,215,8,21,4,0.2727272727272727,10.0,7.474747474747475,3660,False
Blue_Dragon_vs_Pantheon_g4,676,97,4915,147,0,216,8,21,4,0.48484848484848486,9.333333333333334,7.373737373737374,3660,False
Blue_Dragon_vs_Pantheon_g4,677,93,4920,147,0,217,8,21,4,0.3434343434343434,8.0,7.171717171717172,3660,False
Blue_Dragon_vs_Pantheon_g4,678,7,5015,150,0,218,8,21,4,-0.7272727272727273,8.666666666666666,7.373737373737374,3680,False
Blue_Dragon_vs_Pantheon_g4,679,27,5015,150,0,219,8,21,4,-0.6262626262626263,8.666666666666666,7.373737373737374,3680,False
Blue_Dragon_vs_Pantheon_g4,680,37,5015,150,0,220,8,21,4,-0.5252525252525253,8.0,7.2727272727272725,3680,False
Blue_Dragon_vs_Pantheon_g4,681,37,5015,150,0,221,8,21,4,-0.6262626262626263,6.666666666666667,7.070707070707071,3680,False
Blue_Dragon_vs_Pantheon_g4,682,37,5015,150,0,222,8,21,4,-0.8282828282828283,7.333333333333333,7.2727272727272725,3700,False
Blue_Dragon_vs_Pantheon_g4,683,57,5015,150,0,223,8,21,4,-0.7272727272727273,8.0,7.373737373737374,3710,False
Blue_Dragon_vs_Pantheon_g4,684,77,5015,150,0,224,8,21,4,0.7474747474747475,7.333333333333333,7.2727272727272725,3710,False
Blue_Dragon_vs_Pantheon_g4,685,77,5015,150,0,225,8,21,4,0.6464646464646465,6.0,7.070707070707071,3710,False
Blue_Dragon_vs_Pantheon_g4,686,77,5015,150,0,226,8,21,4,0.4444444444444444,7.333333333333333,7.2727272727272725,3730,False
Blue_Dragon_vs_Pantheon_g4,687,97,5015,150,0,227,8,21,4,0.5454545454545454,8.0,7.373737373737374,3740,False
Blue_Dragon_vs_Pantheon_g4,688,117,5015,150,0,228,8,21,4,0.7474747474747475,7.333333333333333,7.2727272727272725,3740,False
Blue_Dragon_vs_Pantheon_g4,689,117,5015,150,0,229,8,21,4,0.6464646464646465,6.0,7.070707070707071,3740,False
Blue_Dragon_vs_Pantheon_g4,690,117,5015,150,0,230,8,21,4,0.46464646464646464,6.666666666666667,7.2727272727272725,3760,False
Blue_Dragon_vs_Pantheon_g4,691,137,5015,150,0,231,8,21,4,0.5858585858585859,7.333333333333333,7.373737373737374,3770,False
Blue_Dragon_vs_Pantheon_g4,692,157,5015,150,0,232,8,21,4,0.8080808080808081,8.0,7.373737373737374,3780,False
Blue_Dragon_vs_Pantheon_g4,693,167,5015,150,0,233,8,21,4,0.8282828282828283,6.666666666666667,7.171717171717172,3780,False
Blue_Dragon_vs_Pantheon_g4,694,167,5015,150,0,234,8,22,4,0.6262626262626263,8.0,7.373737373737374,3800,False
Blue_Dragon_vs_Pantheon_g4,695,55,5205,156,0,235,8,22,4,-0.6060606060606061,8.666666666666666,7.474747474747475,3810,False
Blue_Dragon_vs_Pantheon_g4,696,75,5205,156,0,236,8,22,4,-0.40404040404040403,8.666666666666666,7.373737373737374,3810,False
Blue_Dragon_vs_Pantheon_g4,697,75,5205,156,0,237,8,22,4,-0.48484848484848486,7.333333333333333,7.171717171717172,3810,False
Blue_Dragon_vs_Pantheon_g4,698,75,5205,156,0,238,8,22,4,-0.6666666666666666,8.0,7.373737373737374,3830,False
Blue_Dragon_vs_Pantheon_g4,699,95,5205,156,0,239,8,22,4,0.6767676767676768,8.666666666666666,7.474747474747475,3840,False
Blue_Dragon_vs_Pantheon_g4,700,115,5205,156,0,240,8,22,4,0.8787878787878788,9.333333333333334,7.474747474747475,3850,False
Blue_Dragon_vs_Pantheon_g4,701,125,5205,156,0,241,8,22,4,0.8888888888888888,8.0,7.2727272727272725,3850,False
Blue_Dragon_vs_Pantheon_g4,702,125,5205,156,0,242,8,22,4,0.7070707070707071,8.666666666666666,7.474747474747475,3870,False
Blue_Dragon_vs_Pantheon_g4,703,145,5205,156,0,243,8,22,4,0.8080808080808081,9.333333333333334,7.575757575757576,3880,False
Blue_Dragon_vs_Pantheon_g4,704,163,5205,156,0,244,8,22,4,0.98989898989899,9.333333333333334,7.474747474747475,3880,False
Blue_Dragon_vs_Pantheon_g4,705,159,5205,156,0,245,8,23,4,0.8888888888888888,8.0,7.2727272727272725,3880,False
Blue_Dragon_vs_Pantheon_g4,706,19,5405,162,0,246,8,23,4,-0.6868686868686869,8.666666666666666,7.474747474747475,3900,False
Blue_Dragon_vs_Pantheon_g4,707,39,5405,162,0,247,8,23,4,-0.5858585858585859,8.666666666666666,7.575757575757576,3910,False
Blue_Dragon_vs_Pantheon_g4,708,59,5405,162,0,248,8,23,4,0.050505050505050504,8.666666666666666,7.575757575757576,3910,False
Blue_Dragon_vs_Pantheon_g4,709,59,5405,162,0,249,8,22,4,0.050505050505050504,7.333333333333333,7.373737373737374,3910,False
Blue_Dragon_vs_Pantheon_g4,710,55,5210,156,0,250,8,22,4,-0.1919191919191919,8.0,7.575757575757576,3930,False
Blue_Dragon_vs_Pantheon_g4,711,58,5225,156,0,251,8,22,4,-0.26262626262626265,8.666666666666666,7.6767676767676765,3940,False
Blue_Dragon_vs_Pantheon_g4,712,78,5225,156,0,252,8,22,4,-0.06060606060606061,8.666666666666666,7.6767676767676765,3940,False
Blue_Dragon_vs_Pantheon_g4,713,78,5225,156,0,253,8,22,4,0.7878787878787878,7.333333333333333,7.474747474747475,3940,False
Blue_Dragon_vs_Pantheon_g4,714,78,5225,156,0,254,8,22,4,0.5858585858585859,8.0,7.6767676767676765,3960,False
Blue_Dragon_vs_Pantheon_g4,715,90,5235,157,0,255,8,22,4,0.6060606060606061,8.0,7.777777777777778,3970,False
Blue_Dragon_vs_Pantheon_g4,716,110,5235,157,0,256,8,21,4,0.8080808080808081,8.0,7.777777777777778,3970,False
Blue_Dragon_vs_Pantheon_g4,717,109,5035,151,0,257,8,21,4,0.8080808080808081,6.666666666666667,7.575757575757576,3970,False
Blue_Dragon_vs_Pantheon_g4,718,109,5035,151,0,258,8,21,4,0.6060606060606061,7.333333333333333,7.777777777777778,3990,False
Blue_Dragon_vs_Pantheon_g4,719,116,5045,151,0,259,8,21,4,0.5757575757575758,8.0,7.878787878787879,4000,False
Blue_Dragon_vs_Pantheon_g4,720,48,5145,154,0,260,8,21,4,-0.1111111111111111,8.0,7.878787878787879,4000,False
Blue_Dragon_vs_Pantheon_g4,721,47,5145,154,0,261,8,21,4,-0.1111111111111111,6.666666666666667,7.6767676767676765,4000,False
Blue_Dragon_vs_Pantheon_g4,722,33,5155,154,0,262,8,21,4,-0.45454545454545453,7.333333333333333,7.878787878787879,4020,False
Blue_Dragon_vs_Pantheon_g4,723,53,5155,154,0,263,8,21,4,-0.35353535353535354,8.0,7.97979797979798,4030,False
Blue_Dragon_vs_Pantheon_g4,724,69,5160,154,0,264,8,21,4,0.2828282828282828,8.0,7.878787878787879,4030,False
Blue_Dragon_vs_Pantheon_g4,725,69,5160,154,0,265,8,21,4,0.2222222222222222,6.666666666666667,7.6767676767676765,4030,False
Blue_Dragon_vs_Pantheon_g4,726,69,5160,154,0,266,8,21,4,0.020202020202020204,7.333333333333333,7.878787878787879,4050,False
Blue_Dragon_vs_Pantheon_g4,727,89,5160,154,0,267,8,20,4,0.13131313131313133,8.0,7.97979797979798,4060,False
Blue_Dragon_vs_Pantheon_g4,728,109,4960,148,0,268,8,20,4,0.3333333333333333,8.0,7.878787878787879,4060,False
Blue_Dragon_vs_Pantheon_g4,729,109,4960,148,0,269,8,20,4,0.23232323232323232,6.666666666666667,7.6767676767676765,4060,False
Blue_Dragon_vs_Pantheon_g4,730,109,4960,148,0,270,8,19,4,0.13131313131313133,7.333333333333333,7.878787878787879,4080,False
Blue_Dragon_vs_Pantheon_g4,731,116,4770,143,0,271,8,19,4,0.10101010101010101,8.0,7.97979797979798,4090,False
Blue_Dragon_vs_Pantheon_g4,732,123,4780,143,0,272,8,19,4,0.1717171717171717,8.666666666666666,7.97979797979798,4100,False
Blue_Dragon_vs_Pantheon_g4,733,133,4780,143,0,273,8,19,4,0.1717171717171717,7.333333333333333,7.777777777777778,4100,False
Blue_Dragon_vs_Pantheon_g4,734,133,4780,143,0,274,8,18,4,-0.030303030303030304,8.0,7.97979797979798,4120,False
Blue_Dragon_vs_Pantheon_g4,735,153,4580,137,0,275,8,18,4,0.9393939393939394,8.666666666666666,8.080808080808081,4130,False
Blue_Dragon_vs_Pantheon_g4,736,173,4580,137,0,276,8,19,4,1.2424242424242424,9.333333333333334,8.080808080808081,4140,False
Blue_Dragon_vs_Pantheon_g4,737,64,4770,143,0,277,8,19,4,0.050505050505050504,8.0,7.878787878787879,4140,False
Blue_Dragon_vs_Pantheon_g4,738,64,4770,143,0,278,8,19,4,-0.13131313131313133,8.666666666666666,8.080808080808081,4160,False
Blue_Dragon_vs_Pantheon_g4,739,80,4775,143,0,279,8,19,4,-0.050505050505050504,9.333333333333334,8.181818181818182,4170,False
Blue_Dragon_vs_Pantheon_g4,740,88,4780,143,0,280,8,19,4,0.030303030303030304,10.0,8.181818181818182,4180,False
Blue_Dragon_vs_Pantheon_g4,741,97,4780,143,0,281,8,19,4,0.020202020202020204,8.666666666666666,7.97979797979798,4180,False
Blue_Dragon_vs_Pantheon_g4,742,97,4780,143,0,282,8,19,4,-0.050505050505050504,9.333333333333334,8.181818181818182,4200,False
Blue_Dragon_vs_Pantheon_g4,743,117,4780,143,0,283,8,19,4,0.31313131313131315,10.0,8.282828282828282,4210,False
Blue_Dragon_vs_Pantheon_g4,744,136,4780,143,0,284,8,19,4,0.6363636363636364,10.666666666666666,8.282828282828282,4220,False
Blue_Dragon_vs_Pantheon_g4,745,145,4780,143,0,285,8,20,4,0.6262626262626263,10.0,8.181818181818182,4230,False
Blue_Dragon_vs_Pantheon_g4,746,29,4970,149,0,286,8,20,4,-0.7373737373737373,10.666666666666666,8.383838383838384,4250,False
Blue_Dragon_vs_Pantheon_g4,747,49,4970,149,0,287,8,20,4,-0.6363636363636364,10.666666666666666,8.484848484848484,4260,False
Blue_Dragon_vs_Pantheon_g4,748,68,4970,149,0,288,8,20,4,-0.2727272727272727,11.333333333333334,8.484848484848484,4270,False
Blue_Dragon_vs_Pantheon_g4,749,78,4970,149,0,289,8,20,4,-0.23232323232323232,10.0,8.282828282828282,4270,False
Blue_Dragon_vs_Pantheon_g4,750,77,4970,149,0,290,8,20,4,-0.3939393939393939,10.666666666666666,8.484848484848484,4290,False
Blue_Dragon_vs_Pantheon_g4,751,95,4970,149,0,291,8,20,4,-0.18181818181818182,10.666666666666666,8.585858585858587,4300,False
Blue_Dragon_vs_Pantheon_g4,752,114,4970,149,0,292,8,20,4,0.1414141414141414,11.333333333333334,8.585858585858587,4310,False
Blue_Dragon_vs_Pantheon_g4,753,124,4970,149,0,293,8,19,4,0.1414141414141414,10.0,8.383838383838384,4310,False
Blue_Dragon_vs_Pantheon_g4,754,111,4770,143,0,294,8,19,4,-0.06060606060606061,10.666666666666666,8.585858585858587,4330,False
Blue_Dragon_vs_Pantheon_g4,755,131,4770,143,0,295,8,20,4,0.04040404040404041,10.666666666666666,8.686868686868687,4340,False
Blue_Dragon_vs_Pantheon_g4,756,27,4960,148,0,296,8,19,4,0.26262626262626265,11.333333333333334,8.686868686868687,4350,False
Blue_Dragon_vs_Pantheon_g4,757,33,4765,142,0,297,8,19,4,0.2222222222222222,10.0,8.484848484848484,4350,False
Blue_Dragon_vs_Pantheon_g4,758,32,4765,142,0,298,8,19,4,0.020202020202020204,10.666666666666666,8.686868686868687,4370,False
Blue_Dragon_vs_Pantheon_g4,759,52,4765,142,0,299,8,19,4,0.12121212121212122,10.666666666666666,8.787878787878787,4380,False
Blue_Dragon_vs_Pantheon_g4,760,60,4775,143,0,300,8,19,4,0.20202020202020202,10.666666666666666,8.787878787878787,4390,False
Blue_Dragon_vs_Pantheon_g4,761,70,4775,143,0,301,8,19,4,0.20202020202020202,9.333333333333334,8.585858585858587,4390,False
Blue_Dragon_vs_Pantheon_g4,762,69,4775,143,0,302,8,19,4,-0.010101010101010102,10.0,8.686868686868687,4410,False
Blue_Dragon_vs_Pantheon_g4,763,87,4775,143,0,303,8,19,4,-0.030303030303030304,10.0,8.787878787878787,4420,False
Blue_Dragon_vs_Pantheon_g4,764,95,4785,143,0,304,8,19,4,0.050505050505050504,10.666666666666666,8.787878787878787,4430,False
Blue_Dragon_vs_Pantheon_g4,765,104,4785,143,0,305,8,19,4,0.04040404040404041,9.333333333333334,8.585858585858587,4430,False
Blue_Dragon_vs_Pantheon_g4,766,100,4790,143,0,306,8,19,4,-0.20202020202020202,10.0,8.686868686868687,4450,False
Blue_Dragon_vs_Pantheon_g4,767,120,4790,143,0,307,8,19,4,-0.20202020202020202,10.0,8.787878787878787,4460,False
Blue_Dragon_vs_Pantheon_g4,768,140,4790,143,0,308,8,20,4,1.303030303030303,10.0,8.686868686868687,4460,False
Blue_Dragon_vs_Pantheon_g4,769,15,4980,149,0,309,8,19,4,-0.06060606060606061,8.666666666666666,8.484848484848484,4460,False
Blue_Dragon_vs_Pantheon_g4,770,15,4780,143,0,310,8,19,4,-0.26262626262626265,9.333333333333334,8.686868686868687,4480,False
Blue_Dragon_vs_Pantheon_g4,771,33,4780,143,0,311,8,19,4,-0.18181818181818182,9.333333333333334,8.787878787878787,4490,False
Blue_Dragon_vs_Pantheon_g4,772,51,4780,143,0,312,8,19,4,0.0,10.0,8.787878787878787,4500,False
Blue_Dragon_vs_Pantheon_g4,773,61,4780,143,0,313,8,19,4,0.04040404040404041,8.666666666666666,8.585858585858587,4500,False
Blue_Dragon_vs_Pantheon_g4,774,61,4780,143,0,314,8,19,4,-0.16161616161616163,9.333333333333334,8.686868686868687,4520,False
Blue_Dragon_vs_Pantheon_g4,775,81,4780,143,0,315,8,19,4,-0.16161616161616163,9.333333333333334,8.787878787878787,4530,False
Blue_Dragon_vs_Pantheon_g4,776,89,4790,143,0,316,8,19,4,-0.04040404040404041,10.0,8.88888888888889,4540,False
Blue_Dragon_vs_Pantheon_g4,777,99,4790,143,0,317,8,19,4,0.9292929292929293,9.333333333333334,8.787878787878787,4550,False
Blue_Dragon_vs_Pantheon_g4,778,109,4790,143,0,318,8,19,4,0.8282828282828283,10.0,8.98989898989899,4570,False
Blue_Dragon_vs_Pantheon_g4,779,129,4790,143,0,319,8,19,4,0.9292929292929293,10.0,9.090909090909092,4580,False
Blue_Dragon_vs_Pantheon_g4,780,149,4790,143,0,320,8,19,4,1.1313131313131313,10.666666666666666,9.191919191919192,4590,False
Blue_Dragon_vs_Pantheon_g4,781,159,4790,143,0,321,8,19,4,1.2323232323232323,10.0,9.090909090909092,4600,False
Blue_Dragon_vs_Pantheon_g4,782,169,4790,143,0,322,8,19,4,1.1313131313131313,10.666666666666666,9.191919191919192,4620,False
Blue_Dragon_vs_Pantheon_g4,783,185,4795,143,0,323,8,20,4,1.0909090909090908,11.333333333333334,9.292929292929292,4630,False
Blue_Dragon_vs_Pantheon_g4,784,79,4985,149,0,324,8,19,4,0.020202020202020204,12.0,9.393939393939394,4640,False
Blue_Dragon_vs_Pantheon_g4,785,89,4785,143,0,325,8,19,4,0.12121212121212122,10.666666666666666,9.191919191919192,4640,False
Blue_Dragon_vs_Pantheon_g4,786,89,4785,143,0,326,8,19,4,-0.08080808080808081,11.333333333333334,9.292929292929292,4660,False
Blue_Dragon_vs_Pantheon_g4,787,109,4785,143,0,327,8,19,4,-0.08080808080808081,11.333333333333334,9.393939393939394,4670,False
Blue_Dragon_vs_Pantheon_g4,788,129,4785,143,0,328,8,19,4,0.12121212121212122,12.0,9.494949494949495,4680,False
Blue_Dragon_vs_Pantheon_g4,789,139,4785,143,0,329,8,19,4,0.2222222222222222,11.333333333333334,9.393939393939394,4690,False
Blue_Dragon_vs_Pantheon_g4,790,149,4785,143,0,330,8,19,4,0.12121212121212122,12.0,9.494949494949495,4710,False
Blue_Dragon_vs_Pantheon_g4,791,168,4785,143,0,331,8,19,4,0.1111111111111111,12.0,9.494949494949495,4720,False
Blue_Dragon_vs_Pantheon_g4,792,188,4785,143,0,332,8,19,4,0.21212121212121213,12.0,9.595959595959595,4730,False
Blue_Dragon_vs_Pantheon_g4,793,198,4785,143,0,333,8,19,4,0.31313131313131315,11.333333333333334,9.494949494949495,4740,False
Blue_Dragon_vs_Pantheon_g4,794,203,4790,143,0,334,8,19,4,1.494949494949495,12.0,9.595959595959595,4760,False
Blue_Dragon_vs_Pantheon_g4,795,222,4790,143,0,335,8,19,4,1.4848484848484849,12.0,9.696969696969697,4770,False
Blue_Dragon_vs_Pantheon_g4,796,230,4800,144,0,336,8,20,4,1.5656565656565657,12.0,9.797979797979798,4780,False
Blue_Dragon_vs_Pantheon_g4,797,115,4990,149,0,337,8,19,4,0.40404040404040403,11.333333333333334,9.696969696969697,4790,False
Blue_Dragon_vs_Pantheon_g4,798,124,4790,143,0,338,8,19,4,0.29292929292929293,12.0,9.797979797979798,4810,False
Blue_Dragon_vs_Pantheon_g4,799,144,4790,143,0,339,8,19,4,0.29292929292929293,12.0,9.797979797979798,4820,False
Blue_Dragon_vs_Pantheon_g4,800,164,4790,143,0,340,8,20,4,0.3939393939393939,12.666666666666666,9.8989898989899,4830,False
Blue_Dragon_vs_Pantheon_g4,801,48,4990,149,0,341,8,19,4,-0.7777777777777778,12.0,9.797979797979798,4840,False
Blue_Dragon_vs_Pantheon_g4,802,58,4790,143,0,342,8,19,4,-0.8787878787878788,12.666666666666666,9.8989898989899,4860,False
Blue_Dragon_vs_Pantheon_g4,803,77,4790,143,0,343,8,19,4,-0.8686868686868687,12.666666666666666,10.0,4870,False
Blue_Dragon_vs_Pantheon_g4,804,97,4790,143,0,344,8,19,4,-0.6262626262626263,12.666666666666666,10.1010101010101,4880,False
Blue_Dragon_vs_Pantheon_g4,805,95,4800,144,0,345,8,19,4,0.7676767676767676,12.0,10.0,4890,False
Blue_Dragon_vs_Pantheon_g4,806,104,4800,144,0,346,8,19,4,0.6565656565656566,12.666666666666666,10.1010101010101,4910,False
Blue_Dragon_vs_Pantheon_g4,807,123,4800,144,0,347,8,19,4,0.6464646464646465,12.666666666666666,10.202020202020202,4920,False
Blue_Dragon_vs_Pantheon_g4,808,143,4800,144,0,348,8,20,4,0.8484848484848485,12.666666666666666,10.303030303030303,4930,False
Blue_Dragon_vs_Pantheon_g4,809,28,4990,149,0,349,8,19,4,-0.2727272727272727,12.0,10.202020202020202,4940,False
Blue_Dragon_vs_Pantheon_g4,810,37,4790,143,0,350,8,19,4,-0.21212121212121213,12.666666666666666,10.303030303030303,4960,False
Blue_Dragon_vs_Pantheon_g4,811,55,4790,143,0,351,8,19,4,-0.23232323232323232,12.666666666666666,10.404040404040405,4970,False
Blue_Dragon_vs_Pantheon_g4,812,75,4790,143,0,352,8,19,4,-0.030303030303030304,12.666666666666666,10.505050505050505,4980,False
Blue_Dragon_vs_Pantheon_g4,813,73,4800,144,0,353,8,19,4,-0.050505050505050504,11.333333333333334,10.303030303030303,4980,False
Blue_Dragon_vs_Pantheon_g4,814,73,4800,144,0,354,8,19,4,-0.1717171717171717,12.0,10.404040404040405,5000,False
Blue_Dragon_vs_Pantheon_g4,815,92,4800,144,0,355,8,19,4,-0.18181818181818182,12.0,10.505050505050505,5010,False
Blue_Dragon_vs_Pantheon_g4,816,112,4800,144,0,356,8,19,4,0.030303030303030304,12.0,10.606060606060606,5020,False
Blue_Dragon_vs_Pantheon_g4,817,122,4800,144,0,357,8,19,4,0.13131313131313133,11.333333333333334,10.505050505050505,5030,False
Blue_Dragon_vs_Pantheon_g4,818,131,4800,144,0,358,8,19,4,0.15151515151515152,12.0,10.606060606060606,5050,False
Blue_Dragon_vs_Pantheon_g4,819,150,4800,144,0,359,8,19,4,1.0303030303030303,12.0,10.707070707070708,5060,False
Blue_Dragon_vs_Pantheon_g4,820,170,4800,144,0,360,8,19,4,1.2424242424242424,12.0,10.808080808080808,5070,False
Blue_Dragon_vs_Pantheon_g4,821,179,4800,144,0,361,8,19,4,1.4747474747474747,10.666666666666666,10.606060606060606,5070,False
Blue_Dragon_vs_Pantheon_g4,822,179,4800,144,0,362,8,19,4,1.2727272727272727,11.333333333333334,10.707070707070708,5090,False
Blue_Dragon_vs_Pantheon_g4,823,198,4800,144,0,363,8,19,4,1.303030303030303,11.333333333333334,10.808080808080808,5100,False
Blue_Dragon_vs_Pantheon_g4,824,218,4800,144,0,364,8,19,4,1.505050505050505,11.333333333333334,10.909090909090908,5110,False
Blue_Dragon_vs_Pantheon_g4,825,228,4800,144,0,365,8,19,4,1.606060606060606,10.666666666666666,10.808080808080808,5120,False
Blue_Dragon_vs_Pantheon_g4,826,238,4800,144,0,366,8,19,4,1.505050505050505,11.333333333333334,10.909090909090908,5140,False
Blue_Dragon_vs_Pantheon_g4,827,257,4800,144,0,367,8,19,4,1.494949494949495,11.333333333333334,11.01010101010101,5150,False
Blue_Dragon_vs_Pantheon_g4,828,277,4800,144,0,368,8,19,4,1.696969696969697,12.0,11.11111111111111,5160,False
Blue_Dragon_vs_Pantheon_g4,829,286,4800,144,0,369,8,19,4,1.7878787878787878,11.333333333333334,11.01010101010101,5170,False
Blue_Dragon_vs_Pantheon_g4,830,294,4800,144,0,370,8,19,4,1.797979797979798,12.0,11.11111111111111,5190,False
Blue_Dragon_vs_Pantheon_g4,831,311,4800,144,0,371,8,19,4,1.898989898989899,12.0,11.11111111111111,5200,False
Blue_Dragon_vs_Pantheon_g4,832,319,4810,144,0,372,8,19,4,1.878787878787879,12.0,11.212121212121213,5210,False
Blue_Dragon_vs_Pantheon_g4,833,243,4905,147,0,373,8,19,4,1.1111111111111112,11.333333333333334,11.11111111111111,5220,False
Blue_Dragon_vs_Pantheon_g4,834,250,4905,147,0,374,8,19,4,0.9797979797979798,12.0,11.212121212121213,5240,False
Blue_Dragon_vs_Pantheon_g4,835,258,4915,147,0,375,8,19,4,0.8585858585858586,12.0,11.212121212121213,5250,False
Blue_Dragon_vs_Pantheon_g4,836,275,4915,147,0,376,8,19,4,2.1313131313131315,12.666666666666666,11.313131313131313,5260,False
Blue_Dragon_vs_Pantheon_g4,837,283,4915,147,0,377,8,19,4,2.212121212121212,12.0,11.212121212121213,5270,False
Blue_Dragon_vs_Pantheon_g4,838,202,5020,150,0,378,8,19,4,1.2323232323232323,12.666666666666666,11.313131313131313,5290,False
Blue_Dragon_vs_Pantheon_g4,839,222,5020,150,0,379,8,19,4,1.3535353535353536,12.666666666666666,11.313131313131313,5300,False
Blue_Dragon_vs_Pantheon_g4,840,242,5020,150,0,380,8,19,4,1.4646464646464648,12.666666666666666,11.414141414141413,5310,False
Blue_Dragon_vs_Pantheon_g4,841,252,5020,150,0,381,8,19,4,1.5656565656565657,12.0,11.313131313131313,5320,False
Blue_Dragon_vs_Pantheon_g4,842,261,5020,150,0,382,8,19,4,1.4545454545454546,12.666666666666666,11.414141414141413,5340,False
Blue_Dragon_vs_Pantheon_g4,843,280,5020,150,0,383,8,19,4,1.4545454545454546,12.666666666666666,11.414141414141413,5350,False
Blue_Dragon_vs_Pantheon_g4,844,300,5020,150,0,384,8,19,4,1.5656565656565657,12.666666666666666,11.414141414141413,5360,False
Blue_Dragon_vs_Pantheon_g4,845,296,5025,150,0,385,8,19,4,2.696969696969697,12.0,11.313131313131313,5370,False
Blue_Dragon_vs_Pantheon_g4,846,306,5025,150,0,386,8,19,4,2.595959595959596,12.666666666666666,11.414141414141413,5390,False
Blue_Dragon_vs_Pantheon_g4,847,325,5025,150,0,387,8,19,4,2.595959595959596,12.666666666666666,11.414141414141413,5400,False
Blue_Dragon_vs_Pantheon_g4,848,345,5025,150,0,388,8,20,5,2.696969696969697,12.666666666666666,11.515151515151516,5410,False
Blue_Dragon_vs_Pantheon_g4,849,266,5075,152,0,389,8,21,5,1.9090909090909092,12.0,11.414141414141413,5420,False
Blue_Dragon_vs_Pantheon_g4,850,143,5265,157,0,390,8,20,5,0.48484848484848486,12.666666666666666,11.515151515151516,5440,False
Blue_Dragon_vs_Pantheon_g4,851,149,5075,152,0,391,8,21,5,0.35353535353535354,12.666666666666666,11.515151515151516,5450,False
Blue_Dragon_vs_Pantheon_g4,852,35,5275,158,0,392,8,21,5,-0.898989898989899,12.666666666666666,11.616161616161616,5460,False
Blue_Dragon_vs_Pantheon_g4,853,45,5275,158,0,393,8,21,5,-0.6666666666666666,12.0,11.515151515151516,5470,False
Blue_Dragon_vs_Pantheon_g4,854,54,5275,158,0,394,8,21,5,-0.7777777777777778,12.666666666666666,11.616161616161616,5490,False
Blue_Dragon_vs_Pantheon_g4,855,73,5275,158,0,395,8,21,5,0.46464646464646464,12.666666666666666,11.616161616161616,5500,False
Blue_Dragon_vs_Pantheon_g4,856,93,5275,158,0,396,8,21,5,0.6060606060606061,12.666666666666666,11.717171717171718,5510,False
Blue_Dragon_vs_Pantheon_g4,857,89,5275,158,0,397,8,20,5,0.5757575757575758,12.0,11.616161616161616,5520,False
Blue_Dragon_vs_Pantheon_g4,858,97,5075,152,0,398,8,20,5,0.45454545454545453,12.666666666666666,11.717171717171718,5540,False
Blue_Dragon_vs_Pantheon_g4,859,116,5075,152,0,399,8,20,5,0.5656565656565656,12.666666666666666,11.717171717171718,5550,False
Blue_Dragon_vs_Pantheon_g4,860,123,5085,152,0,400,8,20,5,0.5353535353535354,12.666666666666666,11.818181818181818,5560,False
Blue_Dragon_vs_Pantheon_g4,861,132,5085,152,0,401,8,20,5,0.6363636363636364,12.0,11.717171717171718,5570,False
Blue_Dragon_vs_Pantheon_g4,862,142,5085,152,0,402,8,20,5,0.5555555555555556,12.0,11.717171717171718,5580,False
Blue_Dragon_vs_Pantheon_g4,863,151,5085,152,0,403,8,20,5,0.5656565656565656,12.0,11.717171717171718,5590,False
Blue_Dragon_vs_Pantheon_g4,864,171,5085,152,0,404,8,20,5,0.6767676767676768,12.0,11.818181818181818,5600,False
Blue_Dragon_vs_Pantheon_g4,865,167,5085,152,0,405,8,20,5,0.6767676767676768,11.333333333333334,11.717171717171718,5610,False
Blue_Dragon_vs_Pantheon_g4,866,172,5085,152,0,406,8,20,5,0.5252525252525253,12.0,11.818181818181818,5630,False
Blue_Dragon_vs_Pantheon_g4,867,178,5095,152,0,407,8,20,5,0.3838383838383838,12.0,11.919191919191919,5640,False
Blue_Dragon_vs_Pantheon_g4,868,198,5095,152,0,408,8,20,5,1.8484848484848484,12.0,12.02020202020202,5650,False
Blue_Dragon_vs_Pantheon_g4,869,207,5095,152,0,409,8,20,5,1.9393939393939394,11.333333333333334,11.919191919191919,5660,False
Blue_Dragon_vs_Pantheon_g4,870,217,5095,152,0,410,8,20,5,1.8585858585858586,12.0,12.02020202020202,5680,False
Blue_Dragon_vs_Pantheon_g4,871,236,5095,152,0,411,8,20,5,1.8686868686868687,12.0,12.02020202020202,5690,False
Blue_Dragon_vs_Pantheon_g4,872,256,5095,152,0,412,8,20,5,1.9696969696969697,12.0,12.121212121212121,5700,False
Blue_Dragon_vs_Pantheon_g4,873,266,5095,152,0,413,8,20,5,2.0707070707070705,12.0,12.121212121212121,5720,False
Blue_Dragon_vs_Pantheon_g4,874,284,5095,152,0,414,8,20,5,2.0505050505050506,12.666666666666666,12.222222222222221,5740,False
Blue_Dragon_vs_Pantheon_g4,875,289,5105,153,0,415,8,20,5,2.0202020202020203,13.333333333333334,12.323232323232324,5760,False
Blue_Dragon_vs_Pantheon_g4,876,317,5105,153,0,416,8,20,5,2.202020202020202,14.0,12.424242424242424,5780,False
Blue_Dragon_vs_Pantheon_g4,877,337,5105,153,0,417,8,20,5,2.303030303030303,14.666666666666666,12.424242424242424,5800,False
Blue_Dragon_vs_Pantheon_g4,878,356,5105,153,0,418,8,20,5,2.292929292929293,14.666666666666666,12.424242424242424,5810,False
Blue_Dragon_vs_Pantheon_g4,879,366,5105,153,0,419,8,20,5,2.191919191919192,14.666666666666666,12.424242424242424,5820,False
Blue_Dragon_vs_Pantheon_g4,880,385,5105,153,0,420,8,20,5,2.282828282828283,15.333333333333334,12.525252525252526,5840,False
Blue_Dragon_vs_Pantheon_g4,881,388,5115,153,0,421,8,20,5,2.212121212121212,15.333333333333334,12.525252525252526,5860,False
Blue_Dragon_vs_Pantheon_g4,882,311,5215,156,0,422,8,20,5,1.2727272727272727,16.0,12.626262626262626,5880,False
Blue_Dragon_vs_Pantheon_g4,883,331,5215,156,0,423,8,20,5,2.5454545454545454,16.0,12.626262626262626,5890,False
Blue_Dragon_vs_Pantheon_g4,884,259,5315,159,0,424,8,20,5,1.7171717171717171,16.666666666666668,12.828282828282829,5910,False
Blue_Dragon_vs_Pantheon_g4,885,278,5315,159,0,425,8,20,5,1.9090909090909092,16.0,12.727272727272727,5920,False
Blue_Dragon_vs_Pantheon_g4,886,288,5315,159,0,426,8,20,5,1.8080808080808082,16.0,12.727272727272727,5930,False
Blue_Dragon_vs_Pantheon_g4,887,297,5315,159,0,427,8,20,5,1.696969696969697,16.0,12.727272727272727,5940,False
Blue_Dragon_vs_Pantheon_g4,888,313,5320,159,0,428,8,20,5,1.7575757575757576,16.0,12.828282828282829,5960,False
Blue_Dragon_vs_Pantheon_g4,889,333,5320,159,0,429,8,20,5,1.8585858585858586,16.0,12.828282828282829,5980,False
Blue_Dragon_vs_Pantheon_g4,890,352,5320,159,0,430,8,20,5,1.8585858585858586,16.0,12.929292929292929,6000,False
Blue_Dragon_vs_Pantheon_g4,891,367,5325,159,0,431,8,20,5,1.8080808080808082,15.333333333333334,12.929292929292929,6010,False
Blue_Dragon_vs_Pantheon_g4,892,387,5325,159,0,432,8,20,5,1.9090909090909092,15.333333333333334,13.030303030303031,6030,False
Blue_Dragon_vs_Pantheon_g4,893,393,5330,159,0,433,8,21,6,1.9191919191919191,15.333333333333334,12.929292929292929,6040,False
Blue_Dragon_vs_Pantheon_g4,894,308,5380,161,0,434,8,21,6,0.8686868686868687,15.333333333333334,12.929292929292929,6050,False
Blue_Dragon_vs_Pantheon_g4,895,303,5385,161,0,435,8,21,6,0.7373737373737373,14.666666666666666,12.929292929292929,6060,False
Blue_Dragon_vs_Pantheon_g4,896,309,5390,161,0,436,8,21,6,1.9595959595959596,14.666666666666666,13.030303030303031,6080,False
Blue_Dragon_vs_Pantheon_g4,897,315,5395,161,0,437,8,21,6,1.9292929292929293,14.666666666666666,13.030303030303031,6100,False
Blue_Dragon_vs_Pantheon_g4,898,330,5400,162,0,438,8,21,6,1.878787878787879,15.333333333333334,13.131313131313131,6120,False
Blue_Dragon_vs_Pantheon_g4,899,350,5400,162,0,439,8,21,6,1.878787878787879,14.666666666666666,13.131313131313131,6130,False
Blue_Dragon_vs_Pantheon_g4,900,355,5405,162,0,440,8,21,6,3.101010101010101,15.333333333333334,13.232323232323232,6150,False
Blue_Dragon_vs_Pantheon_g4,901,361,5410,162,0,441,8,21,6,3.0606060606060606,15.333333333333334,13.131313131313131,6160,False
Blue_Dragon_vs_Pantheon_g4,902,371,5410,162,0,442,8,21,6,2.9696969696969697,15.333333333333334,13.131313131313131,6170,False
Blue_Dragon_vs_Pantheon_g4,903,381,5410,162,0,443,8,21,6,2.8686868686868685,14.666666666666666,13.131313131313131,6180,False
Blue_Dragon_vs_Pantheon_g4,904,400,5410,162,0,444,8,21,6,3.080808080808081,14.666666666666666,13.232323232323232,6200,False
Blue_Dragon_vs_Pantheon_g4,905,420,5410,162,0,445,8,21,6,3.191919191919192,14.666666666666666,13.232323232323232,6220,False
Blue_Dragon_vs_Pantheon_g4,906,343,5505,165,0,446,8,21,6,2.2222222222222223,15.333333333333334,13.333333333333334,6240,False
Blue_Dragon_vs_Pantheon_g4,907,363,5505,165,0,447,8,21,6,2.2222222222222223,14.666666666666666,13.333333333333334,6250,False
Blue_Dragon_vs_Pantheon_g4,908,382,5505,165,0,448,8,21,6,3.5757575757575757,15.333333333333334,13.434343434343434,6270,False
Blue_Dragon_vs_Pantheon_g4,909,388,5510,165,0,449,8,21,6,3.5454545454545454,15.333333333333334,13.333333333333334,6280,False
Blue_Dragon_vs_Pantheon_g4,910,398,5510,165,0,450,8,21,6,3.4646464646464645,15.333333333333334,13.333333333333334,6290,False
Blue_Dragon_vs_Pantheon_g4,911,393,5515,165,0,451,8,21,6,3.212121212121212,14.666666666666666,13.333333333333334,6300,False
Blue_Dragon_vs_Pantheon_g4,912,399,5520,165,0,452,8,21,6,3.292929292929293,14.0,13.434343434343434,6310,False
Blue_Dragon_vs_Pantheon_g4,913,213,6010,180,0,453,8,21,6,1.4141414141414141,13.333333333333334,13.333333333333334,6320,False
Blue_Dragon_vs_Pantheon_g4,914,223,6010,180,0,454,8,21,6,1.3232323232323233,15.733333333333333,13.696969696969697,6366,False
Blue_Dragon_vs_Pantheon_g4,915,267,6010,180,0,455,8,21,6,1.5656565656565657,17.066666666666666,14.0,6406,False
Blue_Dragon_vs_Pantheon_g4,916,317,6010,180,0,456,8,21,6,1.9696969696969697,17.333333333333332,14.04040404040404,6420,False
Blue_Dragon_vs_Pantheon_g4,917,330,6010,180,0,457,8,21,6,2.01010101010101,16.666666666666668,13.83838383838384,6420,False
Blue_Dragon_vs_Pantheon_g4,918,330,6010,180,0,458,8,21,6,1.8181818181818181,16.0,13.737373737373737,6420,False
Blue_Dragon_vs_Pantheon_g4,919,329,6010,180,0,459,8,21,6,1.606060606060606,14.666666666666666,13.636363636363637,6420,False
Blue_Dragon_vs_Pantheon_g4,920,339,6010,180,0,460,8,21,6,1.6161616161616161,14.0,13.737373737373737,6430,False
Blue_Dragon_vs_Pantheon_g4,921,348,6010,180,0,461,8,21,6,1.707070707070707,13.333333333333334,13.636363636363637,6440,False
Blue_Dragon_vs_Pantheon_g4,922,358,6010,180,0,462,8,21,6,1.6161616161616161,13.333333333333334,13.636363636363637,6450,False
Blue_Dragon_vs_Pantheon_g4,923,367,6010,180,0,463,8,21,6,1.505050505050505,12.0,13.535353535353535,6450,False
Blue_Dragon_vs_Pantheon_g4,924,376,6010,180,0,464,8,21,6,1.494949494949495,12.0,13.535353535353535,6460,False
Blue_Dragon_vs_Pantheon_g4,925,386,6010,180,0,465,8,21,6,1.494949494949495,11.333333333333334,13.333333333333334,6460,False
Blue_Dragon_vs_Pantheon_g4,926,385,6010,180,0,466,8,21,6,1.292929292929293,10.666666666666666,13.232323232323232,6460,False
Blue_Dragon_vs_Pantheon_g4,927,385,6010,180,0,467,8,21,6,1.0909090909090908,10.0,13.131313131313131,6460,False
Blue_Dragon_vs_Pantheon_g4,928,395,6010,180,0,468,8,21,6,1.101010101010101,10.0,13.131313131313131,6470,False
Blue_Dragon_vs_Pantheon_g4,929,405,6010,180,0,469,8,21,6,1.121212121212121,7.6,13.030303030303031,6480,False
Blue_Dragon_vs_Pantheon_g4,930,414,6010,180,0,470,8,21,6,1.0404040404040404,5.6,13.030303030303031,6490,False
Blue_Dragon_vs_Pantheon_g4,931,315,6105,183,0,471,8,21,6,-0.04040404040404041,5.466666666666667,13.05050505050505,6502,False
Blue_Dragon_vs_Pantheon_g4,932,337,6105,183,0,472,8,21,6,0.9494949494949495,6.133333333333334,13.05050505050505,6512,False
Blue_Dragon_vs_Pantheon_g4,933,330,6110,183,0,473,8,21,6,0.8080808080808081,6.133333333333334,12.848484848484848,6512,False
Blue_Dragon_vs_Pantheon_g4,934,329,6110,183,0,474,8,21,6,0.7171717171717171,6.133333333333334,12.747474747474747,6512,False
Blue_Dragon_vs_Pantheon_g4,935,329,6110,183,0,475,8,22,7,0.5454545454545454,5.466666666666667,12.646464646464647,6512,False
Blue_Dragon_vs_Pantheon_g4,936,228,6160,184,0,476,8,22,7,-0.5555555555555556,12.4,13.696969696969697,6626,False
Blue_Dragon_vs_Pantheon_g4,937,342,6160,184,0,477,8,22,7,1.4141414141414141,12.4,13.595959595959595,6636,False
Blue_Dragon_vs_Pantheon_g4,938,351,6160,184,0,478,8,22,7,1.303030303030303,13.066666666666666,13.595959595959595,6646,False
Blue_Dragon_vs_Pantheon_g4,939,361,6160,184,0,479,8,22,7,1.202020202020202,12.4,13.494949494949495,6646,False
Blue_Dragon_vs_Pantheon_g4,940,370,6160,184,0,480,8,22,7,1.1919191919191918,13.066666666666666,13.494949494949495,6656,False
Blue_Dragon_vs_Pantheon_g4,941,380,6160,184,0,481,8,22,7,1.202020202020202,13.066666666666666,13.292929292929292,6656,False
Blue_Dragon_vs_Pantheon_g4,942,379,6160,184,0,482,8,22,7,1.0,13.066666666666666,13.191919191919192,6656,False
Blue_Dragon_vs_Pantheon_g4,943,379,6160,184,0,483,8,22,7,0.797979797979798,12.4,13.090909090909092,6656,False
Blue_Dragon_vs_Pantheon_g4,944,388,6160,184,0,484,8,22,7,0.9292929292929293,12.4,13.090909090909092,6666,False
Blue_Dragon_vs_Pantheon_g4,945,398,6160,184,0,485,8,22,7,0.9292929292929293,12.4,12.98989898989899,6676,False
Blue_Dragon_vs_Pantheon_g4,946,407,6160,184,0,486,8,22,7,0.8282828282828283,12.266666666666667,12.98989898989899,6686,False
Blue_Dragon_vs_Pantheon_g4,947,417,6160,184,0,487,8,22,7,0.7272727272727273,11.6,12.88888888888889,6686,False
Blue_Dragon_vs_Pantheon_g4,948,427,6160,184,0,488,8,22,7,1.6262626262626263,12.266666666666667,12.88888888888889,6696,False
Blue_Dragon_vs_Pantheon_g4,949,437,6160,184,0,489,8,22,7,2.9696969696969697,12.266666666666667,12.686868686868687,6696,False
Blue_Dragon_vs_Pantheon_g4,950,436,6160,184,0,490,8,22,7,2.898989898989899,12.266666666666667,12.585858585858587,6696,False
Blue_Dragon_vs_Pantheon_g4,951,435,6160,184,0,491,8,22,7,4.040404040404041,4.666666666666667,12.484848484848484,6696,False
Blue_Dragon_vs_Pantheon_g4,952,445,6160,184,0,492,8,22,7,4.040404040404041,4.666666666666667,12.484848484848484,6706,False
Blue_Dragon_vs_Pantheon_g4,953,455,6160,184,0,493,8,22,7,4.05050505050505,4.666666666666667,12.383838383838384,6716,False
Blue_Dragon_vs_Pantheon_g4,954,459,6165,184,0,494,8,22,7,3.898989898989899,5.333333333333333,12.383838383838384,6726,False
Blue_Dragon_vs_Pantheon_g4,955,469,6165,184,0,495,8,22,7,3.797979797979798,4.666666666666667,12.282828282828282,6726,False
Blue_Dragon_vs_Pantheon_g4,956,462,6175,185,0,496,8,22,7,3.7676767676767677,5.333333333333333,12.282828282828282,6736,False
Blue_Dragon_vs_Pantheon_g4,957,471,6175,185,0,497,8,22,7,3.7777777777777777,5.333333333333333,12.080808080808081,6736,False
Blue_Dragon_vs_Pantheon_g4,958,471,6175,185,0,498,8,22,7,3.585858585858586,5.333333333333333,11.97979797979798,6736,False
Blue_Dragon_vs_Pantheon_g4,959,470,6175,185,0,499,8,22,7,3.505050505050505,4.666666666666667,11.878787878787879,6736,False
Blue_Dragon_vs_Pantheon_g4,960,480,6175,185,0,500,8,22,7,3.515151515151515,4.666666666666667,11.878787878787879,6746,False
Blue_Dragon_vs_Pantheon_g4,961,489,6175,185,0,501,8,22,7,3.505050505050505,4.666666666666667,11.878787878787879,6756,False
Blue_Dragon_vs_Pantheon_g4,962,467,6195,185,0,502,8,22,7,3.191919191919192,5.333333333333333,11.878787878787879,6766,False
Blue_Dragon_vs_Pantheon_g4,963,460,6205,186,0,503,8,22,7,2.919191919191919,4.666666666666667,11.777777777777779,6766,False
Blue_Dragon_vs_Pantheon_g4,964,454,6215,186,0,504,8,22,7,2.898989898989899,5.333333333333333,11.777777777777779,6776,False
Blue_Dragon_vs_Pantheon_g4,965,431,6235,187,0,505,8,23,8,2.6161616161616164,5.333333333333333,11.575757575757576,6776,False
Blue_Dragon_vs_Pantheon_g4,966,319,6285,188,0,506,8,23,8,1.4242424242424243,6.666666666666667,11.676767676767676,6796,False
Blue_Dragon_vs_Pantheon_g4,967,225,6380,191,0,507,8,23,8,0.2727272727272727,14.0,12.787878787878787,6916,False
Blue_Dragon_vs_Pantheon_g4,968,355,6380,191,0,508,8,23,8,1.494949494949495,14.0,12.787878787878787,6926,False
Blue_Dragon_vs_Pantheon_g4,969,364,6380,191,0,509,8,23,8,1.4848484848484849,14.0,12.686868686868687,6936,False
Blue_Dragon_vs_Pantheon_g4,970,374,6380,191,0,510,8,23,8,1.393939393939394,14.666666666666666,12.686868686868687,6946,False
Blue_Dragon_vs_Pantheon_g4,971,366,6390,191,0,511,8,23,8,1.1111111111111112,14.0,12.585858585858587,6946,False
Blue_Dragon_vs_Pantheon_g4,972,376,6390,191,0,512,8,23,8,1.1111111111111112,14.666666666666666,12.484848484848484,6956,False
Blue_Dragon_vs_Pantheon_g4,973,384,6390,191,0,513,8,23,8,1.0101010101010102,14.666666666666666,12.282828282828282,6956,False
Blue_Dragon_vs_Pantheon_g4,974,384,6390,191,0,514,8,23,8,0.9595959595959596,14.666666666666666,12.080808080808081,6956,False
Blue_Dragon_vs_Pantheon_g4,975,383,6390,191,0,515,8,23,8,0.6666666666666666,14.0,11.878787878787879,6956,False
Blue_Dragon_vs_Pantheon_g4,976,393,6390,191,0,516,8,23,8,0.5656565656565656,14.0,11.777777777777779,6966,False
Blue_Dragon_vs_Pantheon_g4,977,400,6390,191,0,517,8,23,8,0.4444444444444444,14.0,11.777777777777779,6976,False
Blue_Dragon_vs_Pantheon_g4,978,410,6390,191,0,518,8,24,9,0.4444444444444444,14.666666666666666,11.777777777777779,6986,False
Blue_Dragon_vs_Pantheon_g4,979,304,6440,193,0,519,8,24,9,-0.8181818181818182,17.6,12.121212121212121,7040,False
Blue_Dragon_vs_Pantheon_g4,980,368,6440,193,0,520,8,24,9,-0.20202020202020202,18.266666666666666,12.02020202020202,7050,False
Blue_Dragon_vs_Pantheon_g4,981,373,6445,193,0,521,8,24,9,0.6262626262626263,17.6,11.919191919191919,7060,False
Blue_Dragon_vs_Pantheon_g4,982,354,6450,193,0,522,8,24,9,0.23232323232323232,9.6,11.818181818181818,7060,False
Blue_Dragon_vs_Pantheon_g4,983,353,6450,193,0,523,8,24,9,0.9494949494949495,8.933333333333334,11.616161616161616,7060,False
Blue_Dragon_vs_Pantheon_g4,984,358,6455,193,0,524,8,24,9,0.8080808080808081,8.933333333333334,11.616161616161616,7070,False
Blue_Dragon_vs_Pantheon_g4,985,338,6460,193,0,525,8,24,9,0.5050505050505051,9.733333333333333,11.737373737373737,7092,False
Blue_Dragon_vs_Pantheon_g4,986,360,6460,193,0,526,8,24,9,0.6363636363636364,10.4,11.737373737373737,7102,False
Blue_Dragon_vs_Pantheon_g4,987,364,6465,193,0,527,8,24,9,0.5151515151515151,10.4,11.636363636363637,7112,False
Blue_Dragon_vs_Pantheon_g4,988,355,6470,194,0,528,8,24,9,0.2222222222222222,11.066666666666666,11.535353535353535,7122,False
Blue_Dragon_vs_Pantheon_g4,989,365,6470,194,0,529,8,24,9,0.13131313131313133,11.733333333333333,11.434343434343434,7132,False
Blue_Dragon_vs_Pantheon_g4,990,369,6475,194,0,530,8,24,9,0.020202020202020204,11.733333333333333,11.333333333333334,7132,False
Blue_Dragon_vs_Pantheon_g4,991,369,6475,194,0,531,8,24,9,-0.18181818181818182,11.066666666666666,11.131313131313131,7132,False
Blue_Dragon_vs_Pantheon_g4,992,374,6480,194,0,532,8,24,9,-0.1919191919191919,11.066666666666666,11.131313131313131,7142,False
Blue_Dragon_vs_Pantheon_g4,993,378,6485,194,0,533,8,24,9,0.7070707070707071,11.066666666666666,11.131313131313131,7152,False
Blue_Dragon_vs_Pantheon_g4,994,359,6490,194,0,534,8,24,9,0.5656565656565656,8.133333333333333,11.131313131313131,7162,False
Blue_Dragon_vs_Pantheon_g4,995,368,6490,194,0,535,8,24,9,0.5959595959595959,8.133333333333333,11.030303030303031,7172,False
Blue_Dragon_vs_Pantheon_g4,996,388,6490,194,0,536,8,24,9,0.7373737373737373,8.133333333333333,10.929292929292929,7182,False
Blue_Dragon_vs_Pantheon_g4,997,393,6495,194,0,537,8,24,9,0.6363636363636364,8.8,10.828282828282829,7192,False
Blue_Dragon_vs_Pantheon_g4,998,402,6495,194,0,538,8,24,9,0.5252525252525253,8.8,10.727272727272727,7192,False
Blue_Dragon_vs_Pantheon_g4,999,402,6495,194,0,539,8,24,9,0.47474747474747475,8.133333333333333,10.525252525252526,7192,False
Blue_Dragon_vs_Pantheon_g4,1000,407,6500,195,0,540,8,24,9,0.46464646464646464,7.333333333333333,10.525252525252526,7202,False
Blue_Dragon_vs_Pantheon_g4,1001,416,6500,195,0,541,8,24,9,0.45454545454545453,7.333333333333333,10.525252525252526,7212,False
Blue_Dragon_vs_Pantheon_g4,1002,397,6505,195,0,542,8,24,9,0.16161616161616163,7.333333333333333,10.525252525252526,7222,False
Blue_Dragon_vs_Pantheon_g4,1003,406,6505,195,0,543,8,24,9,0.06060606060606061,7.333333333333333,10.424242424242424,7232,False
Blue_Dragon_vs_Pantheon_g4,1004,426,6505,195,0,544,8,24,9,0.06060606060606061,7.333333333333333,10.323232323232324,7242,False
Blue_Dragon_vs_Pantheon_g4,1005,431,6510,195,0,545,8,24,9,0.8888888888888888,8.0,10.222222222222221,7252,False
Blue_Dragon_vs_Pantheon_g4,1006,440,6510,195,0,546,8,24,9,0.7777777777777778,8.0,10.121212121212121,7252,False
Blue_Dragon_vs_Pantheon_g4,1007,411,6515,195,0,547,8,24,9,0.29292929292929293,7.333333333333333,9.919191919191919,7252,False
Blue_Dragon_vs_Pantheon_g4,1008,421,6515,195,0,548,8,24,9,0.3333333333333333,7.333333333333333,9.919191919191919,7262,False
Blue_Dragon_vs_Pantheon_g4,1009,431,6515,195,0,549,8,24,9,0.3333333333333333,7.333333333333333,9.919191919191919,7272,False
Blue_Dragon_vs_Pantheon_g4,1010,440,6515,195,0,550,8,24,9,0.47474747474747475,7.333333333333333,9.919191919191919,7282,False
Blue_Dragon_vs_Pantheon_g4,1011,449,6515,195,0,551,8,24,9,0.5050505050505051,7.333333333333333,9.919191919191919,7292,False
Blue_Dragon_vs_Pantheon_g4,1012,469,6515,195,0,552,8,24,9,2.585858585858586,7.333333333333333,9.919191919191919,7302,False
Blue_Dragon_vs_Pantheon_g4,1013,479,6515,195,0,553,8,24,9,2.585858585858586,8.0,9.555555555555555,7312,False
Blue_Dragon_vs_Pantheon_g4,1014,489,6515,195,0,554,8,24,9,2.242424242424242,8.0,9.151515151515152,7312,False
Blue_Dragon_vs_Pantheon_g4,1015,488,6515,195,0,555,8,24,9,1.7272727272727273,7.333333333333333,9.01010101010101,7312,False
Blue_Dragon_vs_Pantheon_g4,1016,493,6520,195,0,556,8,24,9,1.6464646464646464,7.333333333333333,9.11111111111111,7322,False
Blue_Dragon_vs_Pantheon_g4,1017,503,6520,195,0,557,8,24,9,1.7474747474747474,7.333333333333333,9.212121212121213,7332,False
Blue_Dragon_vs_Pantheon_g4,1018,512,6520,195,0,558,8,24,9,1.8484848484848484,7.333333333333333,9.313131313131313,7342,False
Blue_Dragon_vs_Pantheon_g4,1019,521,6520,195,0,559,8,24,9,1.8383838383838385,7.333333333333333,9.313131313131313,7352,False
Blue_Dragon_vs_Pantheon_g4,1020,536,6525,195,0,560,8,24,9,1.898989898989899,7.333333333333333,9.313131313131313,7362,False
Blue_Dragon_vs_Pantheon_g4,1021,517,6530,195,0,561,8,24,9,1.606060606060606,8.0,9.313131313131313,7372,False
Blue_Dragon_vs_Pantheon_g4,1022,526,6530,195,0,562,8,24,9,1.606060606060606,8.0,9.313131313131313,7372,False
Blue_Dragon_vs_Pantheon_g4,1023,526,6530,195,0,563,8,24,9,1.5151515151515151,7.333333333333333,9.212121212121213,7372,False
Blue_Dragon_vs_Pantheon_g4,1024,531,6535,196,0,564,8,24,9,1.4646464646464648,7.333333333333333,9.313131313131313,7382,False
Blue_Dragon_vs_Pantheon_g4,1025,535,6540,196,0,565,8,24,9,1.5151515151515151,7.333333333333333,9.414141414141413,7392,False
Blue_Dragon_vs_Pantheon_g4,1026,515,6545,196,0,566,8,24,9,1.3131313131313131,7.333333333333333,9.515151515151516,7402,False
Blue_Dragon_vs_Pantheon_g4,1027,524,6545,196,0,567,8,24,9,1.303030303030303,7.333333333333333,9.515151515151516,7412,False
Blue_Dragon_vs_Pantheon_g4,1028,539,6550,196,0,568,8,24,9,1.3535353535353536,7.333333333333333,9.515151515151516,7422,False
Blue_Dragon_vs_Pantheon_g4,1029,520,6555,196,0,569,8,24,9,1.0707070707070707,8.0,9.515151515151516,7432,False
Blue_Dragon_vs_Pantheon_g4,1030,500,6560,196,0,570,8,24,9,1.8686868686868687,8.666666666666666,9.494949494949495,7442,False
Blue_Dragon_vs_Pantheon_g4,1031,510,6560,196,0,571,8,24,9,1.7474747474747474,8.666666666666666,9.494949494949495,7452,False
Blue_Dragon_vs_Pantheon_g4,1032,530,6560,196,0,572,8,24,9,2.0202020202020203,9.333333333333334,9.696969696969697,7472,False
Blue_Dragon_vs_Pantheon_g4,1033,549,6560,196,0,573,8,24,9,2.2222222222222223,10.0,9.8989898989899,7492,False
Blue_Dragon_vs_Pantheon_g4,1034,569,6560,196,0,574,8,24,9,2.4242424242424243,10.666666666666666,10.1010101010101,7512,False
Blue_Dragon_vs_Pantheon_g4,1035,588,6560,196,0,575,8,25,10,3.6363636363636362,11.333333333333334,9.151515151515152,7532,False
Blue_Dragon_vs_Pantheon_g4,1036,499,6600,198,0,576,8,25,10,1.5858585858585859,12.0,9.252525252525253,7552,False
Blue_Dragon_vs_Pantheon_g4,1037,518,6600,198,0,577,8,25,10,1.6868686868686869,13.333333333333334,9.353535353535353,7572,False
Blue_Dragon_vs_Pantheon_g4,1038,536,6600,198,0,578,8,25,10,1.7676767676767677,14.0,9.454545454545455,7582,False
Blue_Dragon_vs_Pantheon_g4,1039,544,6600,198,0,579,8,25,10,1.7575757575757576,13.333333333333334,9.353535353535353,7582,False
Blue_Dragon_vs_Pantheon_g4,1040,552,6600,198,0,580,8,25,10,1.7373737373737375,14.0,9.555555555555555,7602,False
Blue_Dragon_vs_Pantheon_g4,1041,542,6610,198,0,581,8,25,10,1.6464646464646464,14.0,9.656565656565656,7612,False
Blue_Dragon_vs_Pantheon_g4,1042,551,6610,198,0,582,8,25,10,1.7373737373737375,14.0,9.757575757575758,7622,False
Blue_Dragon_vs_Pantheon_g4,1043,441,6705,201,0,583,8,25,10,0.5353535353535354,14.0,9.757575757575758,7632,False
Blue_Dragon_vs_Pantheon_g4,1044,430,6710,201,0,584,8,25,10,0.32323232323232326,14.666666666666666,9.858585858585858,7652,False
Blue_Dragon_vs_Pantheon_g4,1045,327,6805,204,0,585,8,25,10,-0.8080808080808081,17.6,10.303030303030303,7706,False
Blue_Dragon_vs_Pantheon_g4,1046,380,6805,204,0,586,8,25,10,-0.37373737373737376,16.933333333333334,10.303030303030303,7706,False
Blue_Dragon_vs_Pantheon_g4,1047,349,6815,204,0,587,8,25,10,-0.7878787878787878,16.933333333333334,10.404040404040405,7726,False
Blue_Dragon_vs_Pantheon_g4,1048,131,7305,219,0,588,8,25,10,-3.090909090909091,34.13333333333333,13.212121212121213,8004,False
Blue_Dragon_vs_Pantheon_g4,1049,408,7305,219,0,589,8,25,10,-0.2828282828282828,33.46666666666667,13.313131313131313,8014,False
Blue_Dragon_vs_Pantheon_g4,1050,418,7305,219,0,590,8,25,10,-0.1717171717171717,32.8,13.414141414141413,8024,False
Blue_Dragon_vs_Pantheon_g4,1051,407,7315,219,0,591,8,25,10,-0.3838383838383838,32.13333333333333,13.414141414141413,8034,False
Blue_Dragon_vs_Pantheon_g4,1052,427,7315,219,0,592,8,25,10,-0.2828282828282828,31.466666666666665,13.414141414141413,8044,False
Blue_Dragon_vs_Pantheon_g4,1053,437,7315,219,0,593,8,25,10,-0.2222222222222222,31.466666666666665,13.414141414141413,8054,False
Blue_Dragon_vs_Pantheon_g4,1054,446,7315,219,0,594,8,25,10,-0.23232323232323232,31.466666666666665,13.414141414141413,8054,False
Blue_Dragon_vs_Pantheon_g4,1055,446,7315,219,0,595,8,25,10,-0.16161616161616163,30.133333333333333,13.313131313131313,8054,False
Blue_Dragon_vs_Pantheon_g4,1056,456,7315,219,0,596,8,25,10,-0.15151515151515152,30.133333333333333,13.414141414141413,8064,False
Blue_Dragon_vs_Pantheon_g4,1057,465,7315,219,0,597,8,25,10,-0.06060606060606061,30.133333333333333,13.515151515151516,8074,False
Blue_Dragon_vs_Pantheon_g4,1058,474,7315,219,0,598,8,25,10,0.04040404040404041,30.133333333333333,13.616161616161616,8084,False
Blue_Dragon_vs_Pantheon_g4,1059,483,7315,219,0,599,8,25,10,0.030303030303030304,29.466666666666665,13.616161616161616,8094,False
Blue_Dragon_vs_Pantheon_g4,1060,503,7315,219,0,600,8,25,10,0.1414141414141414,26.533333333333335,13.616161616161616,8104,False
Blue_Dragon_vs_Pantheon_g4,1061,512,7315,219,0,601,8,25,10,0.45454545454545453,27.2,13.616161616161616,8114,False
Blue_Dragon_vs_Pantheon_g4,1062,521,7315,219,0,602,8,25,10,0.6161616161616161,25.866666666666667,13.616161616161616,8114,False
Blue_Dragon_vs_Pantheon_g4,1063,520,7315,219,0,603,8,25,10,0.6666666666666666,7.333333333333333,13.515151515151516,8114,False
Blue_Dragon_vs_Pantheon_g4,1064,530,7315,219,0,604,8,25,10,1.0,7.333333333333333,13.616161616161616,8124,False
Blue_Dragon_vs_Pantheon_g4,1065,539,7315,219,0,605,8,25,10,2.2222222222222223,7.333333333333333,13.515151515151516,8134,False
Blue_Dragon_vs_Pantheon_g4,1066,548,7315,219,0,606,8,25,10,3.2626262626262625,7.333333333333333,12.404040404040405,8144,False
Blue_Dragon_vs_Pantheon_g4,1067,557,7315,219,0,607,8,25,10,2.04040404040404,7.333333333333333,12.404040404040405,8154,False
Blue_Dragon_vs_Pantheon_g4,1068,577,7315,219,0,608,8,25,10,2.1515151515151514,7.333333333333333,12.404040404040405,8164,False
Blue_Dragon_vs_Pantheon_g4,1069,586,7315,219,0,609,8,25,10,2.1414141414141414,8.0,12.404040404040405,8174,False
Blue_Dragon_vs_Pantheon_g4,1070,595,7315,219,0,610,8,25,10,2.313131313131313,8.0,12.404040404040405,8174,False
Blue_Dragon_vs_Pantheon_g4,1071,594,7315,219,0,611,8,25,10,2.202020202020202,7.333333333333333,12.303030303030303,8174,False
Blue_Dragon_vs_Pantheon_g4,1072,604,7315,219,0,612,8,25,10,2.2222222222222223,7.333333333333333,12.404040404040405,8184,False
Blue_Dragon_vs_Pantheon_g4,1073,613,7315,219,0,613,8,25,10,2.313131313131313,7.333333333333333,12.505050505050505,8194,False
Blue_Dragon_vs_Pantheon_g4,1074,622,7315,219,0,614,8,25,10,2.414141414141414,7.333333333333333,12.606060606060606,8204,False
Blue_Dragon_vs_Pantheon_g4,1075,631,7315,219,0,615,8,25,10,2.404040404040404,7.333333333333333,12.606060606060606,8214,False
Blue_Dragon_vs_Pantheon_g4,1076,651,7315,219,0,616,8,25,10,2.5353535353535355,7.333333333333333,12.606060606060606,8224,False
Blue_Dragon_vs_Pantheon_g4,1077,660,7315,219,0,617,8,25,10,2.525252525252525,8.0,12.606060606060606,8234,False
Blue_Dragon_vs_Pantheon_g4,1078,669,7315,219,0,618,8,25,10,3.686868686868687,8.0,12.06060606060606,8234,False
Blue_Dragon_vs_Pantheon_g4,1079,668,7315,219,0,619,8,25,10,3.0303030303030303,7.333333333333333,11.95959595959596,8234,False
Blue_Dragon_vs_Pantheon_g4,1080,678,7315,219,0,620,8,25,10,3.080808080808081,7.333333333333333,11.95959595959596,8244,False
Blue_Dragon_vs_Pantheon_g4,1081,687,7315,219,0,621,8,25,10,3.3636363636363638,7.333333333333333,12.06060606060606,8254,False
Blue_Dragon_vs_Pantheon_g4,1082,696,7315,219,0,622,8,25,10,3.4646464646464645,7.333333333333333,12.16161616161616,8264,False
Blue_Dragon_vs_Pantheon_g4,1083,705,7315,219,0,623,8,25,10,3.505050505050505,7.333333333333333,12.16161616161616,8274,False
Blue_Dragon_vs_Pantheon_g4,1084,725,7315,219,0,624,8,25,10,3.909090909090909,7.333333333333333,12.04040404040404,8284,False
Blue_Dragon_vs_Pantheon_g4,1085,734,7315,219,0,625,8,25,10,3.7777777777777777,8.0,12.04040404040404,8294,False
Blue_Dragon_vs_Pantheon_g4,1086,743,7315,219,0,626,8,25,10,3.8282828282828283,8.0,11.93939393939394,8294,False
Blue_Dragon_vs_Pantheon_g4,1087,742,7315,219,0,627,8,25,10,3.909090909090909,7.333333333333333,11.83838383838384,8294,False
Blue_Dragon_vs_Pantheon_g4,1088,752,7315,219,0,628,8,25,10,3.909090909090909,7.333333333333333,11.83838383838384,8304,False
Blue_Dragon_vs_Pantheon_g4,1089,761,7315,219,0,629,8,25,10,3.95959595959596,7.333333333333333,11.93939393939394,8314,False
Blue_Dragon_vs_Pantheon_g4,1090,770,7315,219,0,630,8,25,10,4.05050505050505,7.333333333333333,12.04040404040404,8324,False
Blue_Dragon_vs_Pantheon_g4,1091,779,7315,219,0,631,8,25,10,4.090909090909091,7.333333333333333,12.04040404040404,8334,False
Blue_Dragon_vs_Pantheon_g4,1092,799,7315,219,0,632,8,25,10,4.252525252525253,7.333333333333333,12.04040404040404,8344,False
Blue_Dragon_vs_Pantheon_g4,1093,808,7315,219,0,633,8,25,10,4.5353535353535355,8.0,12.04040404040404,8354,False
Blue_Dragon_vs_Pantheon_g4,1094,817,7315,219,0,634,8,25,10,4.5353535353535355,8.0,11.93939393939394,8354,False
Blue_Dragon_vs_Pantheon_g4,1095,816,7315,219,0,635,8,25,10,4.3232323232323235,7.333333333333333,11.83838383838384,8354,False
Blue_Dragon_vs_Pantheon_g4,1096,826,7315,219,0,636,8,25,10,4.373737373737374,7.333333333333333,11.83838383838384,8364,False
Blue_Dragon_vs_Pantheon_g4,1097,835,7315,219,0,637,8,25,10,4.373737373737374,7.333333333333333,11.93939393939394,8374,False
Blue_Dragon_vs_Pantheon_g4,1098,844,7315,219,0,638,8,25,10,4.4646464646464645,7.333333333333333,12.04040404040404,8384,False
Blue_Dragon_vs_Pantheon_g4,1099,853,7315,219,0,639,8,25,10,4.505050505050505,7.333333333333333,12.04040404040404,8394,False
Blue_Dragon_vs_Pantheon_g4,1100,873,7315,219,0,640,8,26,10,4.616161616161616,7.333333333333333,12.04040404040404,8404,True
Blue_Dragon_vs_Pantheon_g4,1101,681,7515,225,0,1,9,26,10,2.8686868686868685,8.0,12.04040404040404,8414,False
Blue_Dragon_vs_Pantheon_g4,1102,690,7515,225,0,2,9,26,10,2.8686868686868685,8.0,11.93939393939394,8414,False
Blue_Dragon_vs_Pantheon_g4,1103,690,7515,225,0,3,9,26,10,2.6666666666666665,7.333333333333333,11.83838383838384,8414,False
Blue_Dragon_vs_Pantheon_g4,1104,700,7515,225,0,4,9,26,10,2.717171717171717,7.333333333333333,11.83838383838384,8424,False
Blue_Dragon_vs_Pantheon_g4,1105,709,7515,225,0,5,9,26,10,2.717171717171717,7.333333333333333,11.93939393939394,8434,False
Blue_Dragon_vs_Pantheon_g4,1106,719,7515,225,0,6,9,26,10,3.111111111111111,7.333333333333333,12.04040404040404,8444,False
Blue_Dragon_vs_Pantheon_g4,1107,728,7515,225,0,7,9,26,10,3.101010101010101,7.333333333333333,12.04040404040404,8454,False
Blue_Dragon_vs_Pantheon_g4,1108,748,7515,225,0,8,9,26,10,3.202020202020202,7.333333333333333,12.04040404040404,8464,False
Blue_Dragon_vs_Pantheon_g4,1109,757,7515,225,0,9,9,26,10,3.202020202020202,8.0,12.04040404040404,8474,False
Blue_Dragon_vs_Pantheon_g4,1110,767,7515,225,0,10,9,26,10,3.212121212121212,8.0,11.93939393939394,8474,False
Blue_Dragon_vs_Pantheon_g4,1111,766,7515,225,0,11,9,26,10,3.0,7.333333333333333,11.83838383838384,8474,False
Blue_Dragon_vs_Pantheon_g4,1112,776,7515,225,0,12,9,26,10,3.0,7.333333333333333,11.83838383838384,8484,False
Blue_Dragon_vs_Pantheon_g4,1113,785,7515,225,0,13,9,26,10,2.98989898989899,7.333333333333333,11.93939393939394,8494,False
Blue_Dragon_vs_Pantheon_g4,1114,794,7515,225,0,14,9,26,10,3.090909090909091,7.333333333333333,12.04040404040404,8504,False
Blue_Dragon_vs_Pantheon_g4,1115,804,7515,225,0,15,9,26,10,3.1414141414141414,7.333333333333333,12.04040404040404,8514,False
Blue_Dragon_vs_Pantheon_g4,1116,823,7515,225,0,16,9,26,10,3.2323232323232323,7.333333333333333,12.04040404040404,8524,False
Blue_Dragon_vs_Pantheon_g4,1117,832,7515,225,0,17,9,26,10,3.2323232323232323,8.0,12.04040404040404,8534,False
Blue_Dragon_vs_Pantheon_g4,1118,841,7515,225,0,18,9,26,10,3.2323232323232323,8.0,11.93939393939394,8534,False
Blue_Dragon_vs_Pantheon_g4,1119,841,7515,225,0,19,9,26,10,3.080808080808081,7.333333333333333,11.83838383838384,8534,False
Blue_Dragon_vs_Pantheon_g4,1120,849,7515,225,0,20,9,26,10,3.3535353535353534,7.333333333333333,11.83838383838384,8544,False
Blue_Dragon_vs_Pantheon_g4,1121,857,7515,225,0,21,9,26,10,3.3434343434343434,7.333333333333333,11.93939393939394,8554,False
Blue_Dragon_vs_Pantheon_g4,1122,846,7525,225,0,22,9,26,10,3.2323232323232323,7.333333333333333,12.04040404040404,8564,False
Blue_Dragon_vs_Pantheon_g4,1123,855,7525,225,0,23,9,26,10,3.272727272727273,7.333333333333333,12.04040404040404,8574,False
Blue_Dragon_vs_Pantheon_g4,1124,875,7525,225,0,24,9,26,10,3.4343434343434343,7.333333333333333,12.04040404040404,8584,False
Blue_Dragon_vs_Pantheon_g4,1125,884,7525,225,0,25,9,26,10,3.727272727272727,8.0,12.04040404040404,8594,False
Blue_Dragon_vs_Pantheon_g4,1126,894,7525,225,0,26,9,27,10,3.7373737373737375,8.0,11.93939393939394,8594,True
Blue_Dragon_vs_Pantheon_g4,1127,686,7725,231,0,1,10,27,10,1.4848484848484849,7.333333333333333,11.83838383838384,8594,False
Blue_Dragon_vs_Pantheon_g4,1128,696,7725,231,0,2,10,27,10,1.7777777777777777,7.333333333333333,11.83838383838384,8604,False
Blue_Dragon_vs_Pantheon_g4,1129,706,7725,231,0,3,10,27,10,2.080808080808081,7.333333333333333,11.83838383838384,8614,False
Blue_Dragon_vs_Pantheon_g4,1130,715,7725,231,0,4,10,27,10,2.0707070707070705,7.333333333333333,11.83838383838384,8624,False
Blue_Dragon_vs_Pantheon_g4,1131,724,7725,231,0,5,10,27,10,1.9595959595959596,7.333333333333333,11.737373737373737,8634,False
Blue_Dragon_vs_Pantheon_g4,1132,744,7725,231,0,6,10,27,10,1.9696969696969697,7.333333333333333,11.636363636363637,8644,False
Blue_Dragon_vs_Pantheon_g4,1133,753,7725,231,0,7,10,27,10,1.8585858585858586,8.0,11.535353535353535,8654,False
Blue_Dragon_vs_Pantheon_g4,1134,763,7725,231,0,8,10,27,10,1.7676767676767677,8.0,11.333333333333334,8654,False
Blue_Dragon_vs_Pantheon_g4,1135,762,7725,231,0,9,10,27,10,2.6565656565656566,7.333333333333333,11.131313131313131,8654,False
Blue_Dragon_vs_Pantheon_g4,1136,772,7725,231,0,10,10,27,10,2.5656565656565657,7.333333333333333,11.030303030303031,8664,False
Blue_Dragon_vs_Pantheon_g4,1137,782,7725,231,0,11,10,27,10,2.484848484848485,7.333333333333333,11.030303030303031,8674,False
Blue_Dragon_vs_Pantheon_g4,1138,792,7725,231,0,12,10,27,10,2.505050505050505,7.333333333333333,11.131313131313131,8684,False
Blue_Dragon_vs_Pantheon_g4,1139,801,7725,231,0,13,10,27,10,2.515151515151515,7.333333333333333,11.030303030303031,8694,False
Blue_Dragon_vs_Pantheon_g4,1140,821,7725,231,0,14,10,27,10,2.8181818181818183,7.333333333333333,11.030303030303031,8704,False
Blue_Dragon_vs_Pantheon_g4,1141,830,7725,231,0,15,10,27,10,2.8181818181818183,8.0,11.030303030303031,8714,False
Blue_Dragon_vs_Pantheon_g4,1142,840,7725,231,0,16,10,27,10,4.03030303030303,8.0,10.929292929292929,8714,False
Blue_Dragon_vs_Pantheon_g4,1143,839,7725,231,0,17,10,27,10,4.1313131313131315,7.333333333333333,10.727272727272727,8714,False
Blue_Dragon_vs_Pantheon_g4,1144,849,7725,231,0,18,10,27,10,5.2727272727272725,7.333333333333333,10.282828282828282,8724,False
Blue_Dragon_vs_Pantheon_g4,1145,858,7725,231,0,19,10,27,10,4.828282828282828,7.333333333333333,10.383838383838384,8734,False
Blue_Dragon_vs_Pantheon_g4,1146,868,7725,231,0,20,10,27,10,5.242424242424242,7.333333333333333,10.282828282828282,8744,False
Blue_Dragon_vs_Pantheon_g4,1147,877,7725,231,0,21,10,27,10,7.5353535353535355,7.333333333333333,7.575757575757576,8754,False
Blue_Dragon_vs_Pantheon_g4,1148,897,7725,231,0,22,10,27,10,4.9393939393939394,7.333333333333333,7.575757575757576,8764,False
Blue_Dragon_vs_Pantheon_g4,1149,906,7725,231,0,23,10,27,10,4.929292929292929,8.0,7.575757575757576,8774,False
Blue_Dragon_vs_Pantheon_g4,1150,916,7725,231,0,24,10,28,10,5.141414141414141,8.0,7.474747474747475,8774,True
Blue_Dragon_vs_Pantheon_g4,1151,702,7925,237,0,1,11,28,10,2.7777777777777777,7.333333333333333,7.373737373737374,8774,False
Blue_Dragon_vs_Pantheon_g4,1152,712,7925,237,0,2,11,28,10,2.7777777777777777,7.333333333333333,7.373737373737374,8784,False
Blue_Dragon_vs_Pantheon_g4,1153,721,7925,237,0,3,11,28,10,2.7777777777777777,7.333333333333333,7.474747474747475,8794,False
Blue_Dragon_vs_Pantheon_g4,1154,730,7925,237,0,4,11,28,10,2.8686868686868685,7.333333333333333,7.575757575757576,8804,False
Blue_Dragon_vs_Pantheon_g4,1155,740,7925,237,0,5,11,28,10,2.8686868686868685,7.333333333333333,7.575757575757576,8814,False
Blue_Dragon_vs_Pantheon_g4,1156,760,7925,237,0,6,11,28,10,2.9797979797979797,7.333333333333333,7.575757575757576,8824,False
Blue_Dragon_vs_Pantheon_g4,1157,769,7925,237,0,7,11,28,10,2.9797979797979797,8.0,7.575757575757576,8834,False
Blue_Dragon_vs_Pantheon_g4,1158,779,7925,237,0,8,11,28,10,2.98989898989899,8.0,7.474747474747475,8834,False
Blue_Dragon_vs_Pantheon_g4,1159,778,7925,237,0,9,11,28,10,2.7777777777777777,7.333333333333333,7.373737373737374,8834,False
Blue_Dragon_vs_Pantheon_g4,1160,788,7925,237,0,10,11,28,10,2.787878787878788,7.333333333333333,7.373737373737374,8844,False
Blue_Dragon_vs_Pantheon_g4,1161,798,7925,237,0,11,11,28,10,2.797979797979798,7.333333333333333,7.474747474747475,8854,False
Blue_Dragon_vs_Pantheon_g4,1162,808,7925,237,0,12,11,28,10,2.909090909090909,7.333333333333333,7.575757575757576,8864,False
Blue_Dragon_vs_Pantheon_g4,1163,817,7925,237,0,13,11,28,10,2.898989898989899,7.333333333333333,7.575757575757576,8874,False
Blue_Dragon_vs_Pantheon_g4,1164,837,7925,237,0,14,11,28,10,3.01010101010101,7.333333333333333,7.575757575757576,8884,False
Blue_Dragon_vs_Pantheon_g4,1165,846,7925,237,0,15,11,28,10,3.01010101010101,8.0,7.575757575757576,8894,False
Blue_Dragon_vs_Pantheon_g4,1166,856,7925,237,0,16,11,28,10,3.0202020202020203,8.0,7.474747474747475,8894,False
Blue_Dragon_vs_Pantheon_g4,1167,855,7925,237,0,17,11,28,10,2.808080808080808,7.333333333333333,7.373737373737374,8894,False
Blue_Dragon_vs_Pantheon_g4,1168,865,7925,237,0,18,11,28,10,2.8181818181818183,7.333333333333333,7.373737373737374,8904,False
Blue_Dragon_vs_Pantheon_g4,1169,875,7925,237,0,19,11,28,10,2.8282828282828283,7.333333333333333,7.474747474747475,8914,False
Blue_Dragon_vs_Pantheon_g4,1170,884,7925,237,0,20,11,28,10,2.9292929292929295,7.333333333333333,7.575757575757576,8924,False
Blue_Dragon_vs_Pantheon_g4,1171,894,7925,237,0,21,11,28,10,2.9292929292929295,7.333333333333333,7.575757575757576,8934,False
Blue_Dragon_vs_Pantheon_g4,1172,913,7925,237,0,22,11,28,10,3.0303030303030303,7.333333333333333,7.575757575757576,8944,False
Blue_Dragon_vs_Pantheon_g4,1173,923,7925,237,0,23,11,28,10,3.04040404040404,8.0,7.575757575757576,8954,False
Blue_Dragon_vs_Pantheon_g4,1174,932,7925,237,0,24,11,28,10,3.04040404040404,8.0,7.474747474747475,8954,False
Blue_Dragon_vs_Pantheon_g4,1175,931,7925,237,0,25,11,28,10,2.8282828282828283,7.333333333333333,7.373737373737374,8954,False
Blue_Dragon_vs_Pantheon_g4,1176,941,7925,237,0,26,11,29,10,2.8383838383838382,7.333333333333333,7.373737373737374,8964,True
Blue_Dragon_vs_Pantheon_g4,1177,732,8125,243,0,1,12,29,10,0.6363636363636364,7.333333333333333,7.474747474747475,8974,False
Blue_Dragon_vs_Pantheon_g4,1178,741,8125,243,0,2,12,29,10,0.7373737373737373,7.333333333333333,7.575757575757576,8984,False
Blue_Dragon_vs_Pantheon_g4,1179,750,8125,243,0,3,12,29,10,0.7272727272727273,7.333333333333333,7.575757575757576,8994,False
Blue_Dragon_vs_Pantheon_g4,1180,770,8125,243,0,4,12,29,10,0.8383838383838383,7.333333333333333,7.575757575757576,9004,False
Blue_Dragon_vs_Pantheon_g4,1181,779,8125,243,0,5,12,29,10,0.8383838383838383,8.0,7.575757575757576,9014,False
Blue_Dragon_vs_Pantheon_g4,1182,789,8125,243,0,6,12,29,10,0.8484848484848485,8.0,7.474747474747475,9014,False
Blue_Dragon_vs_Pantheon_g4,1183,781,8130,243,0,7,12,29,10,0.5656565656565656,7.333333333333333,7.373737373737374,9014,False
Blue_Dragon_vs_Pantheon_g4,1184,791,8130,243,0,8,12,29,10,0.5757575757575758,7.333333333333333,7.373737373737374,9024,False
Blue_Dragon_vs_Pantheon_g4,1185,800,8130,243,0,9,12,29,10,0.5757575757575758,7.333333333333333,7.474747474747475,9034,False
Blue_Dragon_vs_Pantheon_g4,1186,810,8130,243,0,10,12,29,10,0.6868686868686869,7.333333333333333,7.575757575757576,9044,False
Blue_Dragon_vs_Pantheon_g4,1187,819,8130,243,0,11,12,29,10,0.6767676767676768,7.333333333333333,7.575757575757576,9054,False
Blue_Dragon_vs_Pantheon_g4,1188,832,8135,244,0,12,12,29,10,0.7171717171717171,7.333333333333333,7.575757575757576,9064,False
Blue_Dragon_vs_Pantheon_g4,1189,841,8135,244,0,13,12,29,10,0.7171717171717171,8.0,7.575757575757576,9074,False
Blue_Dragon_vs_Pantheon_g4,1190,851,8135,244,0,14,12,29,10,0.7272727272727273,8.0,7.474747474747475,9074,False
Blue_Dragon_vs_Pantheon_g4,1191,850,8135,244,0,15,12,29,10,0.5151515151515151,7.333333333333333,7.373737373737374,9074,False
Blue_Dragon_vs_Pantheon_g4,1192,860,8135,244,0,16,12,29,10,0.5252525252525253,7.333333333333333,7.373737373737374,9084,False
Blue_Dragon_vs_Pantheon_g4,1193,869,8135,244,0,17,12,29,10,0.5252525252525253,7.333333333333333,7.474747474747475,9094,False
Blue_Dragon_vs_Pantheon_g4,1194,879,8135,244,0,18,12,29,10,0.6363636363636364,7.333333333333333,7.575757575757576,9104,False
Blue_Dragon_vs_Pantheon_g4,1195,888,8135,244,0,19,12,29,10,0.6262626262626263,7.333333333333333,7.575757575757576,9114,False
Blue_Dragon_vs_Pantheon_g4,1196,908,8135,244,0,20,12,29,10,0.7373737373737373,7.333333333333333,7.575757575757576,9124,False
Blue_Dragon_vs_Pantheon_g4,1197,918,8135,244,0,21,12,29,10,0.7474747474747475,8.0,7.575757575757576,9134,False
Blue_Dragon_vs_Pantheon_g4,1198,927,8135,244,0,22,12,29,10,0.7474747474747475,8.0,7.474747474747475,9134,False
Blue_Dragon_vs_Pantheon_g4,1199,927,8135,244,0,23,12,29,10,0.5454545454545454,7.333333333333333,7.373737373737374,9134,False
Blue_Dragon_vs_Pantheon_g4,1200,937,8135,244,0,24,12,29,10,2.585858585858586,7.333333333333333,7.373737373737374,9144,False
Blue_Dragon_vs_Pantheon_g4,1201,946,8135,244,0,25,12,29,10,2.585858585858586,7.333333333333333,7.474747474747475,9154,False
Blue_Dragon_vs_Pantheon_g4,1202,956,8135,244,0,26,12,30,10,2.686868686868687,7.333333333333333,7.575757575757576,9164,True
Blue_Dragon_vs_Pantheon_g4,1203,739,8335,250,0,1,13,30,10,0.3939393939393939,7.333333333333333,7.575757575757576,9174,False
Blue_Dragon_vs_Pantheon_g4,1204,759,8335,250,0,2,13,30,10,0.5050505050505051,7.333333333333333,7.575757575757576,9184,False
Blue_Dragon_vs_Pantheon_g4,1205,769,8335,250,0,3,13,30,10,0.5050505050505051,8.0,7.575757575757576,9194,False
Blue_Dragon_vs_Pantheon_g4,1206,778,8335,250,0,4,13,30,10,0.5050505050505051,8.0,7.474747474747475,9194,False
Blue_Dragon_vs_Pantheon_g4,1207,778,8335,250,0,5,13,30,10,0.30303030303030304,7.333333333333333,7.373737373737374,9194,False
Blue_Dragon_vs_Pantheon_g4,1208,787,8335,250,0,6,13,30,10,0.30303030303030304,7.333333333333333,7.373737373737374,9204,False
Blue_Dragon_vs_Pantheon_g4,1209,797,8335,250,0,7,13,30,10,0.30303030303030304,7.333333333333333,7.474747474747475,9214,False
Blue_Dragon_vs_Pantheon_g4,1210,806,8335,250,0,8,13,30,10,0.40404040404040403,7.333333333333333,7.575757575757576,9224,False
Blue_Dragon_vs_Pantheon_g4,1211,815,8335,250,0,9,13,30,10,0.3939393939393939,7.333333333333333,7.575757575757576,9234,False
Blue_Dragon_vs_Pantheon_g4,1212,835,8335,250,0,10,13,30,10,0.5050505050505051,7.333333333333333,7.575757575757576,9244,False
Blue_Dragon_vs_Pantheon_g4,1213,845,8335,250,0,11,13,30,10,0.5151515151515151,8.0,7.575757575757576,9254,False
Blue_Dragon_vs_Pantheon_g4,1214,854,8335,250,0,12,13,30,10,0.5050505050505051,8.0,7.474747474747475,9254,False
Blue_Dragon_vs_Pantheon_g4,1215,854,8335,250,0,13,13,30,10,0.31313131313131315,7.333333333333333,7.373737373737374,9254,False
Blue_Dragon_vs_Pantheon_g4,1216,864,8335,250,0,14,13,30,10,0.32323232323232326,7.333333333333333,7.373737373737374,9264,False
Blue_Dragon_vs_Pantheon_g4,1217,873,8335,250,0,15,13,30,10,0.32323232323232326,7.333333333333333,7.474747474747475,9274,False
Blue_Dragon_vs_Pantheon_g4,1218,882,8335,250,0,16,13,30,10,0.41414141414141414,7.333333333333333,7.575757575757576,9284,False
Blue_Dragon_vs_Pantheon_g4,1219,892,8335,250,0,17,13,30,10,0.43434343434343436,7.333333333333333,7.575757575757576,9294,False
Blue_Dragon_vs_Pantheon_g4,1220,905,8340,250,0,18,13,30,10,0.48484848484848486,7.333333333333333,7.575757575757576,9304,False
Blue_Dragon_vs_Pantheon_g4,1221,915,8340,250,0,19,13,30,10,0.696969696969697,8.0,7.575757575757576,9314,False
Blue_Dragon_vs_Pantheon_g4,1222,924,8340,250,0,20,13,30,10,0.696969696969697,8.0,7.474747474747475,9314,False
Blue_Dragon_vs_Pantheon_g4,1223,923,8340,250,0,21,13,30,10,0.48484848484848486,7.333333333333333,7.373737373737374,9314,False
Blue_Dragon_vs_Pantheon_g4,1224,933,8340,250,0,22,13,30,10,0.494949494949495,7.333333333333333,7.373737373737374,9324,False
Blue_Dragon_vs_Pantheon_g4,1225,935,8345,250,0,23,13,30,10,0.41414141414141414,7.333333333333333,7.474747474747475,9334,False
Blue_Dragon_vs_Pantheon_g4,1226,945,8345,250,0,24,13,30,10,2.6161616161616164,7.333333333333333,7.575757575757576,9344,False
Blue_Dragon_vs_Pantheon_g4,1227,954,8345,250,0,25,13,30,10,2.606060606060606,7.333333333333333,7.575757575757576,9354,False
Blue_Dragon_vs_Pantheon_g4,1228,974,8345,250,0,26,13,30,10,2.707070707070707,7.333333333333333,7.575757575757576,9364,False
Blue_Dragon_vs_Pantheon_g4,1229,983,8345,250,0,27,13,31,10,2.707070707070707,8.0,7.575757575757576,9374,True
Blue_Dragon_vs_Pantheon_g4,1230,761,8545,256,0,1,14,31,10,0.37373737373737376,8.0,7.474747474747475,9374,False
Blue_Dragon_vs_Pantheon_g4,1231,760,8545,256,0,2,14,31,10,0.16161616161616163,7.333333333333333,7.373737373737374,9374,False
Blue_Dragon_vs_Pantheon_g4,1232,770,8545,256,0,3,14,31,10,0.1717171717171717,7.333333333333333,7.373737373737374,9384,False
Blue_Dragon_vs_Pantheon_g4,1233,780,8545,256,0,4,14,31,10,0.1717171717171717,7.333333333333333,7.474747474747475,9394,False
Blue_Dragon_vs_Pantheon_g4,1234,789,8545,256,0,5,14,31,10,0.2727272727272727,7.333333333333333,7.575757575757576,9404,False
Blue_Dragon_vs_Pantheon_g4,1235,799,8545,256,0,6,14,31,10,0.2727272727272727,7.333333333333333,7.575757575757576,9414,False
Blue_Dragon_vs_Pantheon_g4,1236,819,8545,256,0,7,14,31,10,0.37373737373737376,7.333333333333333,7.575757575757576,9424,False
Blue_Dragon_vs_Pantheon_g4,1237,828,8545,256,0,8,14,31,10,0.36363636363636365,8.0,7.575757575757576,9434,False
Blue_Dragon_vs_Pantheon_g4,1238,838,8545,256,0,9,14,31,10,0.37373737373737376,8.0,7.474747474747475,9434,False
Blue_Dragon_vs_Pantheon_g4,1239,837,8545,256,0,10,14,31,10,0.16161616161616163,7.333333333333333,7.373737373737374,9434,False
Blue_Dragon_vs_Pantheon_g4,1240,847,8545,256,0,11,14,31,10,0.1717171717171717,7.333333333333333,7.373737373737374,9444,False
Blue_Dragon_vs_Pantheon_g4,1241,857,8545,256,0,12,14,31,10,0.1717171717171717,7.333333333333333,7.474747474747475,9454,False
Blue_Dragon_vs_Pantheon_g4,1242,866,8545,256,0,13,14,31,10,0.2727272727272727,7.333333333333333,7.575757575757576,9464,False
Blue_Dragon_vs_Pantheon_g4,1243,876,8545,256,0,14,14,31,10,0.2727272727272727,7.333333333333333,7.575757575757576,9474,False
Blue_Dragon_vs_Pantheon_g4,1244,896,8545,256,0,15,14,31,10,0.3838383838383838,7.333333333333333,7.575757575757576,9484,False
Blue_Dragon_vs_Pantheon_g4,1245,905,8545,256,0,16,14,31,10,0.37373737373737376,8.0,7.575757575757576,9494,False
Blue_Dragon_vs_Pantheon_g4,1246,914,8545,256,0,17,14,31,10,0.37373737373737376,8.0,7.474747474747475,9494,False
Blue_Dragon_vs_Pantheon_g4,1247,913,8545,256,0,18,14,31,10,0.16161616161616163,7.333333333333333,7.373737373737374,9494,False
Blue_Dragon_vs_Pantheon_g4,1248,923,8545,256,0,19,14,31,10,0.1717171717171717,7.333333333333333,7.373737373737374,9504,False
Blue_Dragon_vs_Pantheon_g4,1249,933,8545,256,0,20,14,31,10,0.1717171717171717,7.333333333333333,7.474747474747475,9514,False
Blue_Dragon_vs_Pantheon_g4,1250,942,8545,256,0,21,14,31,10,2.4242424242424243,7.333333333333333,7.575757575757576,9524,False
Blue_Dragon_vs_Pantheon_g4,1251,952,8545,256,0,22,14,31,10,2.4242424242424243,7.333333333333333,7.575757575757576,9534,False
Blue_Dragon_vs_Pantheon_g4,1252,972,8545,256,0,23,14,31,10,2.5353535353535355,7.333333333333333,7.575757575757576,9544,False
Blue_Dragon_vs_Pantheon_g4,1253,982,8545,256,0,24,14,31,10,2.5454545454545454,8.0,7.575757575757576,9554,False
Blue_Dragon_vs_Pantheon_g4,1254,990,8545,256,0,25,14,31,10,2.525252525252525,8.0,7.474747474747475,9554,False
Blue_Dragon_vs_Pantheon_g4,1255,982,8550,256,0,26,14,31,10,2.242424242424242,7.333333333333333,7.373737373737374,9554,False
Blue_Dragon_vs_Pantheon_g4,1256,985,8555,256,0,27,14,31,10,2.1818181818181817,7.333333333333333,7.373737373737374,9564,False
Blue_Dragon_vs_Pantheon_g4,1257,994,8555,256,0,28,14,31,10,2.1717171717171717,7.333333333333333,7.474747474747475,9574,False
Blue_Dragon_vs_Pantheon_g4,1258,1003,8555,256,0,29,14,32,10,2.272727272727273,7.333333333333333,7.575757575757576,9584,True
Blue_Dragon_vs_Pantheon_g4,1259,775,8755,262,0,1,15,32,10,-0.13131313131313133,7.333333333333333,7.575757575757576,9594,False
Blue_Dragon_vs_Pantheon_g4,1260,794,8755,262,0,2,15,32,10,-0.04040404040404041,7.333333333333333,7.575757575757576,9604,False
Blue_Dragon_vs_Pantheon_g4,1261,804,8755,262,0,3,15,32,10,-0.04040404040404041,8.0,7.575757575757576,9614,False
Blue_Dragon_vs_Pantheon_g4,1262,813,8755,262,0,4,15,32,10,-0.04040404040404041,8.0,7.474747474747475,9614,False
Blue_Dragon_vs_Pantheon_g4,1263,813,8755,262,0,5,15,32,10,-0.24242424242424243,7.333333333333333,7.373737373737374,9614,False
Blue_Dragon_vs_Pantheon_g4,1264,823,8755,262,0,6,15,32,10,-0.23232323232323232,7.333333333333333,7.373737373737374,9624,False
Blue_Dragon_vs_Pantheon_g4,1265,832,8755,262,0,7,15,32,10,-0.24242424242424243,7.333333333333333,7.474747474747475,9634,False
Blue_Dragon_vs_Pantheon_g4,1266,842,8755,262,0,8,15,32,10,-0.13131313131313133,7.333333333333333,7.575757575757576,9644,False
Blue_Dragon_vs_Pantheon_g4,1267,851,8755,262,0,9,15,32,10,-0.1414141414141414,7.333333333333333,7.575757575757576,9654,False
Blue_Dragon_vs_Pantheon_g4,1268,871,8755,262,0,10,15,32,10,-0.04040404040404041,7.333333333333333,7.575757575757576,9664,False
Blue_Dragon_vs_Pantheon_g4,1269,872,8760,262,0,11,15,32,10,-0.12121212121212122,8.0,7.575757575757576,9674,False
Blue_Dragon_vs_Pantheon_g4,1270,873,8765,262,0,12,15,32,10,-0.21212121212121213,8.0,7.474747474747475,9674,False
Blue_Dragon_vs_Pantheon_g4,1271,864,8770,263,0,13,15,32,10,-0.494949494949495,7.333333333333333,7.373737373737374,9674,False
Blue_Dragon_vs_Pantheon_g4,1272,866,8775,263,0,14,15,32,10,-0.5757575757575758,7.333333333333333,7.373737373737374,9684,False
Blue_Dragon_vs_Pantheon_g4,1273,876,8775,263,0,15,15,32,10,-0.5656565656565656,7.333333333333333,7.474747474747475,9694,False
Blue_Dragon_vs_Pantheon_g4,1274,886,8775,263,0,16,15,32,10,-0.45454545454545453,7.333333333333333,7.575757575757576,9704,False
Blue_Dragon_vs_Pantheon_g4,1275,895,8775,263,0,17,15,32,10,-0.46464646464646464,7.333333333333333,7.575757575757576,9714,False
Blue_Dragon_vs_Pantheon_g4,1276,915,8775,263,0,18,15,32,10,1.8484848484848484,7.333333333333333,7.575757575757576,9724,False
Blue_Dragon_vs_Pantheon_g4,1277,924,8775,263,0,19,15,32,10,1.8484848484848484,8.0,7.575757575757576,9734,False
Blue_Dragon_vs_Pantheon_g4,1278,933,8775,263,0,20,15,32,10,1.8484848484848484,8.0,7.474747474747475,9734,False
Blue_Dragon_vs_Pantheon_g4,1279,932,8775,263,0,21,15,32,10,1.6363636363636365,7.333333333333333,7.373737373737374,9734,False
Blue_Dragon_vs_Pantheon_g4,1280,942,8775,263,0,22,15,32,10,1.6464646464646464,7.333333333333333,7.373737373737374,9744,False
Blue_Dragon_vs_Pantheon_g4,1281,952,8775,263,0,23,15,32,10,1.6464646464646464,7.333333333333333,7.474747474747475,9754,False
Blue_Dragon_vs_Pantheon_g4,1282,962,8775,263,0,24,15,32,10,1.8282828282828283,7.333333333333333,7.575757575757576,9764,False
Blue_Dragon_vs_Pantheon_g4,1283,970,8775,263,0,25,15,32,10,1.8080808080808082,7.333333333333333,7.575757575757576,9774,False
Blue_Dragon_vs_Pantheon_g4,1284,990,8775,263,0,26,15,32,10,1.9191919191919191,7.333333333333333,7.575757575757576,9784,False
Blue_Dragon_vs_Pantheon_g4,1285,999,8775,263,0,27,15,32,10,1.9090909090909092,8.0,7.575757575757576,9794,False
Blue_Dragon_vs_Pantheon_g4,1286,1008,8775,263,0,28,15,32,10,1.9090909090909092,8.0,7.474747474747475,9794,False
Blue_Dragon_vs_Pantheon_g4,1287,1007,8775,263,0,29,15,32,10,1.7676767676767677,7.333333333333333,7.373737373737374,9794,False
Blue_Dragon_vs_Pantheon_g4,1288,1017,8775,263,0,30,15,32,10,1.7777777777777777,7.333333333333333,7.373737373737374,9804,False
Blue_Dragon_vs_Pantheon_g4,1289,1027,8775,263,0,31,15,33,10,1.7777777777777777,7.333333333333333,7.474747474747475,9814,True
Blue_Dragon_vs_Pantheon_g4,1290,791,8975,269,0,1,16,33,10,-0.5959595959595959,7.333333333333333,7.575757575757576,9824,False
Blue_Dragon_vs_Pantheon_g4,1291,801,8975,269,0,2,16,33,10,-0.5959595959595959,7.333333333333333,7.575757575757576,9834,False
Blue_Dragon_vs_Pantheon_g4,1292,820,8975,269,0,3,16,33,10,-0.494949494949495,7.333333333333333,7.575757575757576,9844,False
Blue_Dragon_vs_Pantheon_g4,1293,830,8975,269,0,4,16,33,10,-0.494949494949495,8.0,7.575757575757576,9854,False
Blue_Dragon_vs_Pantheon_g4,1294,839,8975,269,0,5,16,33,10,-0.494949494949495,8.0,7.474747474747475,9854,False
Blue_Dragon_vs_Pantheon_g4,1295,839,8975,269,0,6,16,33,10,-0.696969696969697,7.333333333333333,7.373737373737374,9854,False
Blue_Dragon_vs_Pantheon_g4,1296,848,8975,269,0,7,16,33,10,-0.7070707070707071,7.333333333333333,7.373737373737374,9864,False
Blue_Dragon_vs_Pantheon_g4,1297,857,8975,269,0,8,16,33,10,-0.7070707070707071,7.333333333333333,7.474747474747475,9874,False
Blue_Dragon_vs_Pantheon_g4,1298,866,8975,269,0,9,16,33,10,-0.6161616161616161,7.333333333333333,7.575757575757576,9884,False
Blue_Dragon_vs_Pantheon_g4,1299,876,8975,269,0,10,16,33,10,-0.6161616161616161,7.333333333333333,7.575757575757576,9894,False
Blue_Dragon_vs_Pantheon_g4,1300,896,8975,269,0,11,16,33,10,-0.5050505050505051,7.333333333333333,7.575757575757576,9904,False
Blue_Dragon_vs_Pantheon_g4,1301,905,8975,269,0,12,16,33,10,-0.5151515151515151,8.0,7.575757575757576,9914,False
Blue_Dragon_vs_Pantheon_g4,1302,914,8975,269,0,13,16,33,10,1.7676767676767677,8.0,7.474747474747475,9914,False
Blue_Dragon_vs_Pantheon_g4,1303,913,8975,269,0,14,16,33,10,1.5555555555555556,7.333333333333333,7.373737373737374,9914,False
Blue_Dragon_vs_Pantheon_g4,1304,923,8975,269,0,15,16,33,10,1.5555555555555556,7.333333333333333,7.373737373737374,9924,False
Blue_Dragon_vs_Pantheon_g4,1305,932,8975,269,0,16,16,33,10,1.5555555555555556,7.333333333333333,7.474747474747475,9934,False
Blue_Dragon_vs_Pantheon_g4,1306,941,8975,269,0,17,16,33,10,1.6464646464646464,7.333333333333333,7.575757575757576,9944,False
Blue_Dragon_vs_Pantheon_g4,1307,951,8975,269,0,18,16,33,10,1.6565656565656566,7.333333333333333,7.575757575757576,9954,False
Blue_Dragon_vs_Pantheon_g4,1308,971,8975,269,0,19,16,33,10,1.7575757575757576,7.333333333333333,7.575757575757576,9964,False
Blue_Dragon_vs_Pantheon_g4,1309,980,8975,269,0,20,16,33,10,1.7575757575757576,8.0,7.575757575757576,9974,False
Blue_Dragon_vs_Pantheon_g4,1310,990,8975,269,0,21,16,33,10,1.7676767676767677,8.0,7.474747474747475,9974,False
Blue_Dragon_vs_Pantheon_g4,1311,989,8975,269,0,22,16,33,10,1.5555555555555556,7.333333333333333,7.373737373737374,9974,False
Blue_Dragon_vs_Pantheon_g4,1312,999,8975,269,0,23,16,33,10,1.5555555555555556,7.333333333333333,7.373737373737374,9984,False
Blue_Dragon_vs_Pantheon_g4,1313,992,8985,269,0,24,16,33,10,1.393939393939394,7.333333333333333,7.474747474747475,9994,False
Blue_Dragon_vs_Pantheon_g4,1314,1002,8985,269,0,25,16,33,10,1.494949494949495,7.333333333333333,7.575757575757576,10004,False
Blue_Dragon_vs_Pantheon_g4,1315,1011,8985,269,0,26,16,33,10,1.4848484848484849,7.333333333333333,7.575757575757576,10014,False
Blue_Dragon_vs_Pantheon_g4,1316,1031,8985,269,0,27,16,33,10,1.595959595959596,7.333333333333333,7.575757575757576,10024,False
Blue_Dragon_vs_Pantheon_g4,1317,1041,8985,269,0,28,16,34,10,1.606060606060606,8.0,7.575757575757576,10034,True
Blue_Dragon_vs_Pantheon_g4,1318,799,9185,275,0,1,17,34,10,-0.9393939393939394,8.0,7.474747474747475,10034,False
Blue_Dragon_vs_Pantheon_g4,1319,799,9185,275,0,2,17,34,10,-1.0707070707070707,7.333333333333333,7.373737373737374,10034,False
Blue_Dragon_vs_Pantheon_g4,1320,809,9185,275,0,3,17,34,10,-1.0707070707070707,7.333333333333333,7.373737373737374,10044,False
Blue_Dragon_vs_Pantheon_g4,1321,818,9185,275,0,4,17,34,10,-1.0707070707070707,7.333333333333333,7.474747474747475,10054,False
Blue_Dragon_vs_Pantheon_g4,1322,828,9185,275,0,5,17,34,10,-0.9595959595959596,7.333333333333333,7.575757575757576,10064,False
Blue_Dragon_vs_Pantheon_g4,1323,837,9185,275,0,6,17,34,10,-0.9696969696969697,7.333333333333333,7.575757575757576,10074,False
Blue_Dragon_vs_Pantheon_g4,1324,857,9185,275,0,7,17,34,10,-0.7878787878787878,7.333333333333333,7.575757575757576,10084,False
Blue_Dragon_vs_Pantheon_g4,1325,867,9185,275,0,8,17,34,10,-0.7878787878787878,8.0,7.575757575757576,10094,False
Blue_Dragon_vs_Pantheon_g4,1326,876,9185,275,0,9,17,34,10,-0.7878787878787878,8.0,7.474747474747475,10094,False
Blue_Dragon_vs_Pantheon_g4,1327,875,9185,275,0,10,17,34,10,-1.0,7.333333333333333,7.373737373737374,10094,False
Blue_Dragon_vs_Pantheon_g4,1328,885,9185,275,0,11,17,34,10,-0.98989898989899,7.333333333333333,7.373737373737374,10104,False
Blue_Dragon_vs_Pantheon_g4,1329,895,9185,275,0,12,17,34,10,1.3535353535353536,7.333333333333333,7.474747474747475,10114,False
Blue_Dragon_vs_Pantheon_g4,1330,904,9185,275,0,13,17,34,10,1.4545454545454546,7.333333333333333,7.575757575757576,10124,False
Blue_Dragon_vs_Pantheon_g4,1331,913,9185,275,0,14,17,34,10,1.4444444444444444,7.333333333333333,7.575757575757576,10134,False
Blue_Dragon_vs_Pantheon_g4,1332,933,9185,275,0,15,17,34,10,1.5454545454545454,7.333333333333333,7.575757575757576,10144,False
Blue_Dragon_vs_Pantheon_g4,1333,942,9185,275,0,16,17,34,10,1.5454545454545454,8.0,7.575757575757576,10154,False
Blue_Dragon_vs_Pantheon_g4,1334,951,9185,275,0,17,17,33,10,1.5353535353535352,8.0,7.474747474747475,10154,False
Blue_Dragon_vs_Pantheon_g4,1335,950,8985,269,0,18,17,33,10,1.3232323232323233,7.333333333333333,7.373737373737374,10154,False
Blue_Dragon_vs_Pantheon_g4,1336,952,8990,269,0,19,17,33,10,1.2525252525252526,7.333333333333333,7.373737373737374,10164,False
Blue_Dragon_vs_Pantheon_g4,1337,937,8995,269,0,20,17,33,10,1.0,7.333333333333333,7.474747474747475,10174,False
Blue_Dragon_vs_Pantheon_g4,1338,946,8995,269,0,21,17,33,10,1.101010101010101,7.333333333333333,7.575757575757576,10184,False
Blue_Dragon_vs_Pantheon_g4,1339,956,8995,269,0,22,17,33,10,1.101010101010101,7.333333333333333,7.575757575757576,10194,False
Blue_Dragon_vs_Pantheon_g4,1340,976,8995,269,0,23,17,33,10,1.202020202020202,7.333333333333333,7.575757575757576,10204,False
Blue_Dragon_vs_Pantheon_g4,1341,985,8995,269,0,24,17,33,10,1.202020202020202,8.0,7.575757575757576,10214,False
Blue_Dragon_vs_Pantheon_g4,1342,994,8995,269,0,25,17,33,10,1.1919191919191918,8.0,7.474747474747475,10214,False
Blue_Dragon_vs_Pantheon_g4,1343,993,8995,269,0,26,17,33,10,0.9797979797979798,7.333333333333333,7.373737373737374,10214,False
Blue_Dragon_vs_Pantheon_g4,1344,987,9005,270,0,27,17,33,10,0.8282828282828283,7.333333333333333,7.373737373737374,10224,False
Blue_Dragon_vs_Pantheon_g4,1345,988,9010,270,0,28,17,33,10,0.7474747474747475,7.333333333333333,7.474747474747475,10234,False
Blue_Dragon_vs_Pantheon_g4,1346,997,9010,270,0,29,17,33,10,0.8484848484848485,7.333333333333333,7.575757575757576,10244,False
Blue_Dragon_vs_Pantheon_g4,1347,1007,9010,270,0,30,17,33,10,0.8484848484848485,7.333333333333333,7.575757575757576,10254,False
Blue_Dragon_vs_Pantheon_g4,1348,1027,9010,270,0,31,17,33,10,0.9494949494949495,7.333333333333333,7.575757575757576,10264,False
Blue_Dragon_vs_Pantheon_g4,1349,1036,9010,270,0,32,17,33,10,0.9494949494949495,8.0,7.575757575757576,10274,False
Blue_Dragon_vs_Pantheon_g4,1350,1045,9010,270,0,33,17,34,10,0.9393939393939394,8.0,7.474747474747475,10274,True
Blue_Dragon_vs_Pantheon_g4,1351,792,9210,276,0,1,18,34,10,-1.8181818181818181,7.333333333333333,7.373737373737374,10274,False
Blue_Dragon_vs_Pantheon_g4,1352,802,9210,276,0,2,18,34,10,-1.8181818181818181,7.333333333333333,7.373737373737374,10284,False
Blue_Dragon_vs_Pantheon_g4,1353,811,9210,276,0,3,18,34,10,-1.8080808080808082,7.333333333333333,7.474747474747475,10294,False
Blue_Dragon_vs_Pantheon_g4,1354,820,9210,276,0,4,18,34,10,-1.6363636363636365,7.333333333333333,7.575757575757576,10304,False
Blue_Dragon_vs_Pantheon_g4,1355,830,9210,276,0,5,18,34,10,-1.5656565656565657,7.333333333333333,7.575757575757576,10314,False
Blue_Dragon_vs_Pantheon_g4,1356,849,9210,276,0,6,18,34,10,-1.4646464646464648,7.333333333333333,7.575757575757576,10324,False
Blue_Dragon_vs_Pantheon_g4,1357,858,9210,276,0,7,18,34,10,-1.4646464646464648,8.0,7.575757575757576,10334,False
Blue_Dragon_vs_Pantheon_g4,1358,867,9210,276,0,8,18,34,10,0.9292929292929293,8.0,7.474747474747475,10334,False
Blue_Dragon_vs_Pantheon_g4,1359,867,9210,276,0,9,18,34,10,0.7373737373737373,7.333333333333333,7.373737373737374,10334,False
Blue_Dragon_vs_Pantheon_g4,1360,877,9210,276,0,10,18,34,10,0.7373737373737373,7.333333333333333,7.373737373737374,10344,False
Blue_Dragon_vs_Pantheon_g4,1361,886,9210,276,0,11,18,34,10,0.7373737373737373,7.333333333333333,7.474747474747475,10354,False
Blue_Dragon_vs_Pantheon_g4,1362,895,9210,276,0,12,18,34,10,0.8282828282828283,7.333333333333333,7.575757575757576,10364,False
Blue_Dragon_vs_Pantheon_g4,1363,904,9210,276,0,13,18,34,10,0.8181818181818182,7.333333333333333,7.575757575757576,10374,False
Blue_Dragon_vs_Pantheon_g4,1364,924,9210,276,0,14,18,34,10,0.9292929292929293,7.333333333333333,7.575757575757576,10384,False
Blue_Dragon_vs_Pantheon_g4,1365,933,9210,276,0,15,18,34,10,0.9191919191919192,8.0,7.575757575757576,10394,False
Blue_Dragon_vs_Pantheon_g4,1366,943,9210,276,0,16,18,34,10,0.9292929292929293,8.0,7.474747474747475,10394,False
Blue_Dragon_vs_Pantheon_g4,1367,942,9210,276,0,17,18,34,10,0.7171717171717171,7.333333333333333,7.373737373737374,10394,False
Blue_Dragon_vs_Pantheon_g4,1368,952,9210,276,0,18,18,34,10,0.8080808080808081,7.333333333333333,7.373737373737374,10404,False
Blue_Dragon_vs_Pantheon_g4,1369,961,9210,276,0,19,18,34,10,0.8888888888888888,7.333333333333333,7.474747474747475,10414,False
Blue_Dragon_vs_Pantheon_g4,1370,971,9210,276,0,20,18,34,10,1.0808080808080809,7.333333333333333,7.575757575757576,10424,False
Blue_Dragon_vs_Pantheon_g4,1371,980,9210,276,0,21,18,34,10,1.1515151515151516,7.333333333333333,7.575757575757576,10434,False
Blue_Dragon_vs_Pantheon_g4,1372,1000,9210,276,0,22,18,34,10,1.2525252525252526,7.333333333333333,7.575757575757576,10444,False
Blue_Dragon_vs_Pantheon_g4,1373,1009,9210,276,0,23,18,34,10,1.2424242424242424,8.0,7.575757575757576,10454,False
Blue_Dragon_vs_Pantheon_g4,1374,1018,9210,276,0,24,18,34,10,1.2424242424242424,8.0,7.474747474747475,10454,False
Blue_Dragon_vs_Pantheon_g4,1375,1017,9210,276,0,25,18,34,10,1.0303030303030303,7.333333333333333,7.373737373737374,10454,False
Blue_Dragon_vs_Pantheon_g4,1376,1027,9210,276,0,26,18,34,10,1.0404040404040404,7.333333333333333,7.373737373737374,10464,False
Blue_Dragon_vs_Pantheon_g4,1377,1037,9210,276,0,27,18,34,10,1.0505050505050506,7.333333333333333,7.474747474747475,10474,False
Blue_Dragon_vs_Pantheon_g4,1378,1046,9210,276,0,28,18,34,10,1.1515151515151516,7.333333333333333,7.575757575757576,10484,False
Blue_Dragon_vs_Pantheon_g4,1379,1048,9215,276,0,29,18,34,10,1.0707070707070707,7.333333333333333,7.575757575757576,10494,False
Blue_Dragon_vs_Pantheon_g4,1380,1060,9220,276,0,30,18,34,10,1.0909090909090908,7.333333333333333,7.575757575757576,10504,False
Blue_Dragon_vs_Pantheon_g4,1381,1069,9220,276,0,31,18,35,10,1.0808080808080809,8.0,7.575757575757576,10514,True
Blue_Dragon_vs_Pantheon_g4,1382,820,9420,282,0,1,19,35,10,-1.5151515151515151,8.0,7.474747474747475,10514,False
Blue_Dragon_vs_Pantheon_g4,1383,820,9420,282,0,2,19,35,10,-1.7171717171717171,7.333333333333333,7.373737373737374,10514,False
Blue_Dragon_vs_Pantheon_g4,1384,830,9420,282,0,3,19,35,10,-1.707070707070707,7.333333333333333,7.373737373737374,10524,False
Blue_Dragon_vs_Pantheon_g4,1385,839,9420,282,0,4,19,35,10,-1.707070707070707,7.333333333333333,7.474747474747475,10534,False
Blue_Dragon_vs_Pantheon_g4,1386,840,9425,282,0,5,19,35,10,-1.6868686868686869,7.333333333333333,7.575757575757576,10544,False
Blue_Dragon_vs_Pantheon_g4,1387,849,9425,282,0,6,19,35,10,-1.696969696969697,7.333333333333333,7.575757575757576,10554,False
Blue_Dragon_vs_Pantheon_g4,1388,869,9425,282,0,7,19,35,10,-1.595959595959596,7.333333333333333,7.575757575757576,10564,False
Blue_Dragon_vs_Pantheon_g4,1389,878,9425,282,0,8,19,35,10,0.8787878787878788,8.0,7.575757575757576,10574,False
Blue_Dragon_vs_Pantheon_g4,1390,887,9425,282,0,9,19,35,10,0.8686868686868687,8.0,7.474747474747475,10574,False
Blue_Dragon_vs_Pantheon_g4,1391,886,9425,282,0,10,19,35,10,0.6666666666666666,7.333333333333333,7.373737373737374,10574,False
Blue_Dragon_vs_Pantheon_g4,1392,896,9425,282,0,11,19,35,10,0.6666666666666666,7.333333333333333,7.373737373737374,10584,False
Blue_Dragon_vs_Pantheon_g4,1393,905,9425,282,0,12,19,35,10,0.6666666666666666,7.333333333333333,7.474747474747475,10594,False
Blue_Dragon_vs_Pantheon_g4,1394,914,9425,282,0,13,19,35,10,0.7575757575757576,7.333333333333333,7.575757575757576,10604,False
Blue_Dragon_vs_Pantheon_g4,1395,923,9425,282,0,14,19,35,10,0.7575757575757576,7.333333333333333,7.575757575757576,10614,False
Blue_Dragon_vs_Pantheon_g4,1396,943,9425,282,0,15,19,35,10,0.8686868686868687,7.333333333333333,7.575757575757576,10624,False
Blue_Dragon_vs_Pantheon_g4,1397,952,9425,282,0,16,19,35,10,0.8686868686868687,8.0,7.575757575757576,10634,False
Blue_Dragon_vs_Pantheon_g4,1398,961,9425,282,0,17,19,35,10,0.8585858585858586,8.0,7.474747474747475,10634,False
Blue_Dragon_vs_Pantheon_g4,1399,960,9425,282,0,18,19,35,10,0.6464646464646465,7.333333333333333,7.373737373737374,10634,False
Blue_Dragon_vs_Pantheon_g4,1400,970,9425,282,0,19,19,35,10,0.6565656565656566,7.333333333333333,7.373737373737374,10644,False
Blue_Dragon_vs_Pantheon_g4,1401,980,9425,282,0,20,19,35,10,0.6666666666666666,7.333333333333333,7.474747474747475,10654,False
Blue_Dragon_vs_Pantheon_g4,1402,989,9425,282,0,21,19,35,10,0.7676767676767676,7.333333333333333,7.575757575757576,10664,False
Blue_Dragon_vs_Pantheon_g4,1403,999,9425,282,0,22,19,35,10,0.7676767676767676,7.333333333333333,7.575757575757576,10674,False
Blue_Dragon_vs_Pantheon_g4,1404,1019,9425,282,0,23,19,35,10,0.8787878787878788,7.333333333333333,7.575757575757576,10684,False
Blue_Dragon_vs_Pantheon_g4,1405,1028,9425,282,0,24,19,35,10,0.8787878787878788,8.0,7.575757575757576,10694,False
Blue_Dragon_vs_Pantheon_g4,1406,1037,9425,282,0,25,19,35,10,0.8686868686868687,8.0,7.474747474747475,10694,False
Blue_Dragon_vs_Pantheon_g4,1407,1036,9425,282,0,26,19,35,10,0.6565656565656566,7.333333333333333,7.373737373737374,10694,False
Blue_Dragon_vs_Pantheon_g4,1408,1046,9425,282,0,27,19,35,10,0.6666666666666666,7.333333333333333,7.373737373737374,10704,False
Blue_Dragon_vs_Pantheon_g4,1409,1056,9425,282,0,28,19,35,10,0.6666666666666666,7.333333333333333,7.474747474747475,10714,False
Blue_Dragon_vs_Pantheon_g4,1410,1065,9425,282,0,29,19,35,10,0.7676767676767676,7.333333333333333,7.575757575757576,10724,False
Blue_Dragon_vs_Pantheon_g4,1411,1075,9425,282,0,30,19,35,10,0.7676767676767676,7.333333333333333,7.575757575757576,10734,False
Blue_Dragon_vs_Pantheon_g4,1412,1095,9425,282,0,31,19,36,10,1.0404040404040404,7.333333333333333,7.575757575757576,10744,True
Blue_Dragon_vs_Pantheon_g4,1413,840,9625,288,0,1,20,36,10,-1.6363636363636365,8.0,7.575757575757576,10754,False
Blue_Dragon_vs_Pantheon_g4,1414,850,9625,288,0,2,20,36,10,-1.6262626262626263,8.0,7.474747474747475,10754,False
Blue_Dragon_vs_Pantheon_g4,1415,849,9625,288,0,3,20,36,10,-1.8383838383838385,7.333333333333333,7.373737373737374,10754,False
Blue_Dragon_vs_Pantheon_g4,1416,859,9625,288,0,4,20,36,10,-1.8383838383838385,7.333333333333333,7.373737373737374,10764,False
Blue_Dragon_vs_Pantheon_g4,1417,869,9625,288,0,5,20,36,10,0.7070707070707071,7.333333333333333,7.474747474747475,10774,False
Blue_Dragon_vs_Pantheon_g4,1418,879,9625,288,0,6,20,36,10,0.8080808080808081,7.333333333333333,7.575757575757576,10784,False
Blue_Dragon_vs_Pantheon_g4,1419,888,9625,288,0,7,20,36,10,0.797979797979798,7.333333333333333,7.575757575757576,10794,False
Blue_Dragon_vs_Pantheon_g4,1420,908,9625,288,0,8,20,36,10,0.9090909090909091,7.333333333333333,7.575757575757576,10804,False
Blue_Dragon_vs_Pantheon_g4,1421,917,9625,288,0,9,20,36,10,0.898989898989899,8.0,7.575757575757576,10814,False
Blue_Dragon_vs_Pantheon_g4,1422,926,9625,288,0,10,20,36,10,0.898989898989899,8.0,7.474747474747475,10814,False
Blue_Dragon_vs_Pantheon_g4,1423,917,9630,288,0,11,20,36,10,0.6060606060606061,7.333333333333333,7.373737373737374,10814,False
Blue_Dragon_vs_Pantheon_g4,1424,927,9630,288,0,12,20,36,10,0.6060606060606061,7.333333333333333,7.373737373737374,10824,False
Blue_Dragon_vs_Pantheon_g4,1425,936,9630,288,0,13,20,36,10,0.6060606060606061,7.333333333333333,7.474747474747475,10834,False
Blue_Dragon_vs_Pantheon_g4,1426,945,9630,288,0,14,20,36,10,0.7070707070707071,7.333333333333333,7.575757575757576,10844,False
Blue_Dragon_vs_Pantheon_g4,1427,954,9630,288,0,15,20,36,10,0.696969696969697,7.333333333333333,7.575757575757576,10854,False
Blue_Dragon_vs_Pantheon_g4,1428,974,9630,288,0,16,20,36,10,0.797979797979798,7.333333333333333,7.575757575757576,10864,False
Blue_Dragon_vs_Pantheon_g4,1429,984,9630,288,0,17,20,36,10,0.8080808080808081,8.0,7.575757575757576,10874,False
Blue_Dragon_vs_Pantheon_g4,1430,993,9630,288,0,18,20,36,10,0.8080808080808081,8.0,7.474747474747475,10874,False
Blue_Dragon_vs_Pantheon_g4,1431,993,9630,288,0,19,20,36,10,0.6060606060606061,7.333333333333333,7.373737373737374,10874,False
Blue_Dragon_vs_Pantheon_g4,1432,1003,9630,288,0,20,20,36,10,0.6161616161616161,7.333333333333333,7.373737373737374,10884,False
Blue_Dragon_vs_Pantheon_g4,1433,1013,9630,288,0,21,20,36,10,0.6262626262626263,7.333333333333333,7.474747474747475,10894,False
Blue_Dragon_vs_Pantheon_g4,1434,1022,9630,288,0,22,20,36,10,0.7272727272727273,7.333333333333333,7.575757575757576,10904,False
Blue_Dragon_vs_Pantheon_g4,1435,1031,9630,288,0,23,20,36,10,0.797979797979798,7.333333333333333,7.575757575757576,10914,False
Blue_Dragon_vs_Pantheon_g4,1436,1042,9635,289,0,24,20,36,10,1.0606060606060606,7.333333333333333,7.575757575757576,10924,False
Blue_Dragon_vs_Pantheon_g4,1437,1043,9640,289,0,25,20,36,10,0.9797979797979798,8.0,7.575757575757576,10934,False
Blue_Dragon_vs_Pantheon_g4,1438,1043,9645,289,0,26,20,36,10,0.8787878787878788,8.0,7.474747474747475,10934,False
Blue_Dragon_vs_Pantheon_g4,1439,1043,9645,289,0,27,20,36,10,0.6767676767676768,7.333333333333333,7.373737373737374,10934,False
Blue_Dragon_vs_Pantheon_g4,1440,1053,9645,289,0,28,20,36,10,0.6868686868686869,7.333333333333333,7.373737373737374,10944,False
Blue_Dragon_vs_Pantheon_g4,1441,1063,9645,289,0,29,20,36,10,0.696969696969697,7.333333333333333,7.474747474747475,10954,False
Blue_Dragon_vs_Pantheon_g4,1442,1072,9645,289,0,30,20,36,10,0.797979797979798,7.333333333333333,7.575757575757576,10964,False
Blue_Dragon_vs_Pantheon_g4,1443,1081,9645,289,0,31,20,36,10,0.9494949494949495,7.333333333333333,7.575757575757576,10974,False
Blue_Dragon_vs_Pantheon_g4,1444,1101,9645,289,0,32,20,36,10,1.1414141414141414,7.333333333333333,7.575757575757576,10984,False
Blue_Dragon_vs_Pantheon_g4,1445,1111,9645,289,0,33,20,37,10,1.1515151515151516,8.0,7.575757575757576,10994,True
Blue_Dragon_vs_Pantheon_g4,1446,849,9845,295,0,1,21,37,10,-1.595959595959596,8.0,7.474747474747475,10994,False
Blue_Dragon_vs_Pantheon_g4,1447,849,9845,295,0,2,21,37,10,-1.797979797979798,7.333333333333333,7.373737373737374,10994,False
Blue_Dragon_vs_Pantheon_g4,1448,858,9845,295,0,3,21,37,10,-1.797979797979798,7.333333333333333,7.373737373737374,11004,False
Blue_Dragon_vs_Pantheon_g4,1449,867,9845,295,0,4,21,37,10,-1.797979797979798,7.333333333333333,7.474747474747475,11014,False
Blue_Dragon_vs_Pantheon_g4,1450,876,9845,295,0,5,21,37,10,0.8484848484848485,7.333333333333333,7.575757575757576,11024,False
Blue_Dragon_vs_Pantheon_g4,1451,886,9845,295,0,6,21,37,10,0.8484848484848485,7.333333333333333,7.575757575757576,11034,False
Blue_Dragon_vs_Pantheon_g4,1452,906,9845,295,0,7,21,37,10,0.9595959595959596,7.333333333333333,7.575757575757576,11044,False
Blue_Dragon_vs_Pantheon_g4,1453,915,9845,295,0,8,21,37,10,0.9595959595959596,8.0,7.575757575757576,11054,False
Blue_Dragon_vs_Pantheon_g4,1454,924,9845,295,0,9,21,37,10,0.9494949494949495,8.0,7.474747474747475,11054,False
Blue_Dragon_vs_Pantheon_g4,1455,923,9845,295,0,10,21,37,10,0.7474747474747475,7.333333333333333,7.373737373737374,11054,False
Blue_Dragon_vs_Pantheon_g4,1456,933,9845,295,0,11,21,37,10,0.7575757575757576,7.333333333333333,7.373737373737374,11064,False
Blue_Dragon_vs_Pantheon_g4,1457,943,9845,295,0,12,21,37,10,0.7676767676767676,7.333333333333333,7.474747474747475,11074,False
Blue_Dragon_vs_Pantheon_g4,1458,952,9845,295,0,13,21,37,10,0.8585858585858586,7.333333333333333,7.575757575757576,11084,False
Blue_Dragon_vs_Pantheon_g4,1459,961,9845,295,0,14,21,37,10,0.8484848484848485,7.333333333333333,7.575757575757576,11094,False
Blue_Dragon_vs_Pantheon_g4,1460,981,9845,295,0,15,21,37,10,0.9595959595959596,7.333333333333333,7.575757575757576,11104,False
Blue_Dragon_vs_Pantheon_g4,1461,991,9845,295,0,16,21,37,10,0.9696969696969697,8.0,7.575757575757576,11114,False
Blue_Dragon_vs_Pantheon_g4,1462,1001,9845,295,0,17,21,37,10,0.9797979797979798,8.0,7.474747474747475,11114,False
Blue_Dragon_vs_Pantheon_g4,1463,1000,9845,295,0,18,21,37,10,0.7676767676767676,7.333333333333333,7.373737373737374,11114,False
Blue_Dragon_vs_Pantheon_g4,1464,1010,9845,295,0,19,21,37,10,0.7777777777777778,7.333333333333333,7.373737373737374,11124,False
Blue_Dragon_vs_Pantheon_g4,1465,1019,9845,295,0,20,21,37,10,0.7676767676767676,7.333333333333333,7.474747474747475,11134,False
Blue_Dragon_vs_Pantheon_g4,1466,1029,9845,295,0,21,21,37,10,0.8787878787878788,7.333333333333333,7.575757575757576,11144,False
Blue_Dragon_vs_Pantheon_g4,1467,1038,9845,295,0,22,21,37,10,0.8686868686868687,7.333333333333333,7.575757575757576,11154,False
Blue_Dragon_vs_Pantheon_g4,1468,1058,9845,295,0,23,21,37,10,0.9797979797979798,7.333333333333333,7.575757575757576,11164,False
Blue_Dragon_vs_Pantheon_g4,1469,1067,9845,295,0,24,21,37,10,0.9696969696969697,8.0,7.575757575757576,11174,False
Blue_Dragon_vs_Pantheon_g4,1470,1067,9850,295,0,25,21,37,10,0.8787878787878788,8.0,7.474747474747475,11174,False
Blue_Dragon_vs_Pantheon_g4,1471,1067,9850,295,0,26,21,37,10,0.6767676767676768,7.333333333333333,7.373737373737374,11174,False
Blue_Dragon_vs_Pantheon_g4,1472,1077,9850,295,0,27,21,37,10,0.6868686868686869,7.333333333333333,7.373737373737374,11184,False
Blue_Dragon_vs_Pantheon_g4,1473,1086,9850,295,0,28,21,37,10,0.6868686868686869,7.333333333333333,7.474747474747475,11194,False
Blue_Dragon_vs_Pantheon_g4,1474,1095,9850,295,0,29,21,37,10,0.7878787878787878,7.333333333333333,7.575757575757576,11204,False
Blue_Dragon_vs_Pantheon_g4,1475,1104,9850,295,0,30,21,37,10,0.7777777777777778,7.333333333333333,7.575757575757576,11214,False
Blue_Dragon_vs_Pantheon_g4,1476,1124,9850,295,0,31,21,37,10,0.8787878787878788,7.333333333333333,7.575757575757576,11224,False
Blue_Dragon_vs_Pantheon_g4,1477,1134,9850,295,0,32,21,38,10,0.8888888888888888,8.0,7.575757575757576,11234,True
Blue_Dragon_vs_Pantheon_g4,1478,866,10050,301,0,1,22,38,10,-1.8383838383838385,8.0,7.474747474747475,11234,False
Blue_Dragon_vs_Pantheon_g4,1479,865,10050,301,0,2,22,38,10,-1.9696969696969697,7.333333333333333,7.373737373737374,11234,False
Blue_Dragon_vs_Pantheon_g4,1480,875,10050,301,0,3,22,38,10,-1.9595959595959596,7.333333333333333,7.373737373737374,11244,False
Blue_Dragon_vs_Pantheon_g4,1481,885,10050,301,0,4,22,38,10,0.6565656565656566,7.333333333333333,7.474747474747475,11254,False
Blue_Dragon_vs_Pantheon_g4,1482,894,10050,301,0,5,22,38,10,0.7474747474747475,7.333333333333333,7.575757575757576,11264,False
Blue_Dragon_vs_Pantheon_g4,1483,903,10050,301,0,6,22,38,10,0.7373737373737373,7.333333333333333,7.575757575757576,11274,False
Blue_Dragon_vs_Pantheon_g4,1484,923,10050,301,0,7,22,38,10,0.8484848484848485,7.333333333333333,7.575757575757576,11284,False
Blue_Dragon_vs_Pantheon_g4,1485,933,10050,301,0,8,22,38,10,0.9393939393939394,8.0,7.575757575757576,11294,False
Blue_Dragon_vs_Pantheon_g4,1486,942,10050,301,0,9,22,38,10,0.9393939393939394,8.0,7.474747474747475,11294,False
Blue_Dragon_vs_Pantheon_g4,1487,942,10050,301,0,10,22,38,10,0.7373737373737373,7.333333333333333,7.373737373737374,11294,False
Blue_Dragon_vs_Pantheon_g4,1488,942,10055,301,0,11,22,38,10,0.6464646464646465,7.333333333333333,7.373737373737374,11304,False
Blue_Dragon_vs_Pantheon_g4,1489,951,10055,301,0,12,22,38,10,0.6464646464646465,7.333333333333333,7.474747474747475,11314,False
Blue_Dragon_vs_Pantheon_g4,1490,961,10055,301,0,13,22,38,10,0.7575757575757576,7.333333333333333,7.575757575757576,11324,False
Blue_Dragon_vs_Pantheon_g4,1491,970,10055,301,0,14,22,38,10,0.7474747474747475,7.333333333333333,7.575757575757576,11334,False
Blue_Dragon_vs_Pantheon_g4,1492,990,10055,301,0,15,22,38,10,0.8585858585858586,7.333333333333333,7.575757575757576,11344,False
Blue_Dragon_vs_Pantheon_g4,1493,999,10055,301,0,16,22,38,10,0.8585858585858586,8.0,7.575757575757576,11354,False
Blue_Dragon_vs_Pantheon_g4,1494,1009,10055,301,0,17,22,38,10,0.8686868686868687,8.0,7.474747474747475,11354,False
Blue_Dragon_vs_Pantheon_g4,1495,1008,10055,301,0,18,22,38,10,0.6565656565656566,7.333333333333333,7.373737373737374,11354,False
Blue_Dragon_vs_Pantheon_g4,1496,1018,10055,301,0,19,22,38,10,0.6666666666666666,7.333333333333333,7.373737373737374,11364,False
Blue_Dragon_vs_Pantheon_g4,1497,1019,10060,301,0,20,22,38,10,0.5858585858585859,7.333333333333333,7.474747474747475,11374,False
Blue_Dragon_vs_Pantheon_g4,1498,1028,10060,301,0,21,22,38,10,0.6868686868686869,7.333333333333333,7.575757575757576,11384,False
Blue_Dragon_vs_Pantheon_g4,1499,1038,10060,301,0,22,22,38,10,0.6868686868686869,7.333333333333333,7.575757575757576,11394,False
Blue_Dragon_vs_Pantheon_g4,1500,1058,10060,301,0,23,22,38,10,0.7878787878787878,7.333333333333333,7.575757575757576,11404,False
Blue_Dragon_vs_Pantheon_g4,1501,1067,10060,301,0,24,22,38,10,0.7878787878787878,8.0,7.575757575757576,11414,False
Blue_Dragon_vs_Pantheon_g4,1502,1077,10060,301,0,25,22,38,10,0.7878787878787878,8.0,7.474747474747475,11414,False
Blue_Dragon_vs_Pantheon_g4,1503,1076,10060,301,0,26,22,38,10,0.5757575757575758,7.333333333333333,7.373737373737374,11414,False
Blue_Dragon_vs_Pantheon_g4,1504,1077,10065,301,0,27,22,38,10,0.494949494949495,7.333333333333333,7.373737373737374,11424,False
Blue_Dragon_vs_Pantheon_g4,1505,1086,10065,301,0,28,22,38,10,0.494949494949495,7.333333333333333,7.474747474747475,11434,False
Blue_Dragon_vs_Pantheon_g4,1506,1095,10065,301,0,29,22,38,10,0.5959595959595959,7.333333333333333,7.575757575757576,11444,False
Blue_Dragon_vs_Pantheon_g4,1507,1105,10065,301,0,30,22,38,10,0.5959595959595959,7.333333333333333,7.575757575757576,11454,False
Blue_Dragon_vs_Pantheon_g4,1508,1124,10065,301,0,31,22,38,10,0.6868686868686869,7.333333333333333,7.575757575757576,11464,False
Blue_Dragon_vs_Pantheon_g4,1509,1134,10065,301,0,32,22,38,10,0.696969696969697,8.0,7.575757575757576,11474,False
Blue_Dragon_vs_Pantheon_g4,1510,1143,10065,301,0,33,22,38,10,0.6868686868686869,8.0,7.474747474747475,11474,False
Blue_Dragon_vs_Pantheon_g4,1511,1143,10065,301,0,34,22,38,10,0.48484848484848486,7.333333333333333,7.373737373737374,11474,False
Blue_Dragon_vs_Pantheon_g4,1512,1153,10065,301,0,35,22,39,10,3.1616161616161618,7.333333333333333,7.373737373737374,11484,True
Blue_Dragon_vs_Pantheon_g4,1513,879,10265,307,0,1,23,39,10,0.29292929292929293,7.333333333333333,7.474747474747475,11494,False
Blue_Dragon_vs_Pantheon_g4,1514,888,10265,307,0,2,23,39,10,0.3939393939393939,7.333333333333333,7.575757575757576,11504,False
Blue_Dragon_vs_Pantheon_g4,1515,897,10265,307,0,3,23,39,10,0.3838383838383838,7.333333333333333,7.575757575757576,11514,False
Blue_Dragon_vs_Pantheon_g4,1516,917,10265,307,0,4,23,39,10,0.48484848484848486,7.333333333333333,7.575757575757576,11524,False
Blue_Dragon_vs_Pantheon_g4,1517,927,10265,307,0,5,23,39,10,0.48484848484848486,8.0,7.575757575757576,11534,False
Blue_Dragon_vs_Pantheon_g4,1518,936,10265,307,0,6,23,39,10,0.48484848484848486,8.0,7.474747474747475,11534,False
Blue_Dragon_vs_Pantheon_g4,1519,936,10265,307,0,7,23,39,10,0.2828282828282828,7.333333333333333,7.373737373737374,11534,False
Blue_Dragon_vs_Pantheon_g4,1520,946,10265,307,0,8,23,39,10,0.29292929292929293,7.333333333333333,7.373737373737374,11544,False
Blue_Dragon_vs_Pantheon_g4,1521,955,10265,307,0,9,23,39,10,0.29292929292929293,7.333333333333333,7.474747474747475,11554,False
Blue_Dragon_vs_Pantheon_g4,1522,964,10265,307,0,10,23,39,10,0.47474747474747475,7.333333333333333,7.575757575757576,11564,False
Blue_Dragon_vs_Pantheon_g4,1523,973,10265,307,0,11,23,39,10,0.46464646464646464,7.333333333333333,7.575757575757576,11574,False
Blue_Dragon_vs_Pantheon_g4,1524,993,10265,307,0,12,23,39,10,0.5757575757575758,7.333333333333333,7.575757575757576,11584,False
Blue_Dragon_vs_Pantheon_g4,1525,1002,10265,307,0,13,23,39,10,0.5757575757575758,8.0,7.575757575757576,11594,False
Blue_Dragon_vs_Pantheon_g4,1526,1011,10265,307,0,14,23,39,10,0.5757575757575758,8.0,7.474747474747475,11594,False
Blue_Dragon_vs_Pantheon_g4,1527,1011,10265,307,0,15,23,39,10,0.37373737373737376,7.333333333333333,7.373737373737374,11594,False
Blue_Dragon_vs_Pantheon_g4,1528,1020,10265,307,0,16,23,39,10,0.36363636363636365,7.333333333333333,7.373737373737374,11604,False
Blue_Dragon_vs_Pantheon_g4,1529,1029,10265,307,0,17,23,39,10,0.36363636363636365,7.333333333333333,7.474747474747475,11614,False
Blue_Dragon_vs_Pantheon_g4,1530,1038,10265,307,0,18,23,39,10,0.45454545454545453,7.333333333333333,7.575757575757576,11624,False
Blue_Dragon_vs_Pantheon_g4,1531,1047,10265,307,0,19,23,39,10,0.4444444444444444,7.333333333333333,7.575757575757576,11634,False
Blue_Dragon_vs_Pantheon_g4,1532,1067,10265,307,0,20,23,39,10,0.5454545454545454,7.333333333333333,7.575757575757576,11644,False
Blue_Dragon_vs_Pantheon_g4,1533,1076,10265,307,0,21,23,39,10,0.5454545454545454,8.0,7.575757575757576,11654,False
Blue_Dragon_vs_Pantheon_g4,1534,1086,10265,307,0,22,23,39,10,0.5555555555555556,8.0,7.474747474747475,11654,False
Blue_Dragon_vs_Pantheon_g4,1535,1085,10265,307,0,23,23,39,10,0.43434343434343436,7.333333333333333,7.373737373737374,11654,False
Blue_Dragon_vs_Pantheon_g4,1536,1095,10265,307,0,24,23,39,10,0.5252525252525253,7.333333333333333,7.373737373737374,11664,False
Blue_Dragon_vs_Pantheon_g4,1537,1105,10265,307,0,25,23,39,10,0.6262626262626263,7.333333333333333,7.474747474747475,11674,False
Blue_Dragon_vs_Pantheon_g4,1538,1114,10265,307,0,26,23,39,10,0.7171717171717171,7.333333333333333,7.575757575757576,11684,False
Blue_Dragon_vs_Pantheon_g4,1539,1115,10270,308,0,27,23,39,10,0.6262626262626263,7.333333333333333,7.575757575757576,11694,False
Blue_Dragon_vs_Pantheon_g4,1540,1134,10270,308,0,28,23,39,10,0.7171717171717171,7.333333333333333,7.575757575757576,11704,False
Blue_Dragon_vs_Pantheon_g4,1541,1144,10270,308,0,29,23,39,10,0.7272727272727273,8.0,7.575757575757576,11714,False
Blue_Dragon_vs_Pantheon_g4,1542,1153,10270,308,0,30,23,39,10,0.7272727272727273,8.0,7.474747474747475,11714,False
Blue_Dragon_vs_Pantheon_g4,1543,1152,10270,308,0,31,23,39,10,0.5151515151515151,7.333333333333333,7.373737373737374,11714,False
Blue_Dragon_vs_Pantheon_g4,1544,1162,10270,308,0,32,23,39,10,0.5151515151515151,7.333333333333333,7.373737373737374,11724,False
Blue_Dragon_vs_Pantheon_g4,1545,1171,10270,308,0,33,23,40,10,3.2525252525252526,7.333333333333333,7.474747474747475,11734,True
Blue_Dragon_vs_Pantheon_g4,1546,891,10470,314,0,1,24,40,10,0.42424242424242425,7.333333333333333,7.575757575757576,11744,False
Blue_Dragon_vs_Pantheon_g4,1547,900,10470,314,0,2,24,40,10,0.42424242424242425,7.333333333333333,7.575757575757576,11754,False
Blue_Dragon_vs_Pantheon_g4,1548,920,10470,314,0,3,24,40,10,0.5353535353535354,7.333333333333333,7.575757575757576,11764,False
Blue_Dragon_vs_Pantheon_g4,1549,929,10470,314,0,4,24,40,10,0.5353535353535354,8.0,7.575757575757576,11774,False
Blue_Dragon_vs_Pantheon_g4,1550,938,10470,314,0,5,24,40,10,0.5252525252525253,8.0,7.474747474747475,11774,False
Blue_Dragon_vs_Pantheon_g4,1551,937,10470,314,0,6,24,40,10,0.31313131313131315,7.333333333333333,7.373737373737374,11774,False
Blue_Dragon_vs_Pantheon_g4,1552,947,10470,314,0,7,24,40,10,0.32323232323232326,7.333333333333333,7.373737373737374,11784,False
Blue_Dragon_vs_Pantheon_g4,1553,957,10470,314,0,8,24,40,10,0.3333333333333333,7.333333333333333,7.474747474747475,11794,False
Blue_Dragon_vs_Pantheon_g4,1554,966,10470,314,0,9,24,40,10,0.43434343434343436,7.333333333333333,7.575757575757576,11804,False
Blue_Dragon_vs_Pantheon_g4,1555,976,10470,314,0,10,24,40,10,0.43434343434343436,7.333333333333333,7.575757575757576,11814,False
Blue_Dragon_vs_Pantheon_g4,1556,995,10470,314,0,11,24,40,10,0.5252525252525253,7.333333333333333,7.575757575757576,11824,False
Blue_Dragon_vs_Pantheon_g4,1557,1004,10470,314,0,12,24,40,10,0.5252525252525253,8.0,7.575757575757576,11834,False
Blue_Dragon_vs_Pantheon_g4,1558,1014,10470,314,0,13,24,40,10,0.5353535353535354,8.0,7.474747474747475,11834,False
Blue_Dragon_vs_Pantheon_g4,1559,1013,10470,314,0,14,24,40,10,0.32323232323232326,7.333333333333333,7.373737373737374,11834,False
Blue_Dragon_vs_Pantheon_g4,1560,1023,10470,314,0,15,24,40,10,0.32323232323232326,7.333333333333333,7.373737373737374,11844,False
Blue_Dragon_vs_Pantheon_g4,1561,1032,10470,314,0,16,24,40,10,0.31313131313131315,7.333333333333333,7.474747474747475,11854,False
Blue_Dragon_vs_Pantheon_g4,1562,1042,10470,314,0,17,24,40,10,0.42424242424242425,7.333333333333333,7.575757575757576,11864,False
Blue_Dragon_vs_Pantheon_g4,1563,1051,10470,314,0,18,24,40,10,0.41414141414141414,7.333333333333333,7.575757575757576,11874,False
Blue_Dragon_vs_Pantheon_g4,1564,1071,10470,314,0,19,24,40,10,0.5252525252525253,7.333333333333333,7.575757575757576,11884,False
Blue_Dragon_vs_Pantheon_g4,1565,1080,10470,314,0,20,24,40,10,0.5151515151515151,8.0,7.575757575757576,11894,False
Blue_Dragon_vs_Pantheon_g4,1566,1090,10470,314,0,21,24,40,10,0.5252525252525253,8.0,7.474747474747475,11894,False
Blue_Dragon_vs_Pantheon_g4,1567,1089,10470,314,0,22,24,40,10,0.31313131313131315,7.333333333333333,7.373737373737374,11894,False
Blue_Dragon_vs_Pantheon_g4,1568,1099,10470,314,0,23,24,40,10,0.32323232323232326,7.333333333333333,7.373737373737374,11904,False
Blue_Dragon_vs_Pantheon_g4,1569,1109,10470,314,0,24,24,40,10,0.42424242424242425,7.333333333333333,7.474747474747475,11914,False
Blue_Dragon_vs_Pantheon_g4,1570,1118,10470,314,0,25,24,40,10,0.5151515151515151,7.333333333333333,7.575757575757576,11924,False
Blue_Dragon_vs_Pantheon_g4,1571,1127,10470,314,0,26,24,40,10,0.5050505050505051,7.333333333333333,7.575757575757576,11934,False
Blue_Dragon_vs_Pantheon_g4,1572,1147,10470,314,0,27,24,40,10,0.6161616161616161,7.333333333333333,7.575757575757576,11944,False
Blue_Dragon_vs_Pantheon_g4,1573,1156,10470,314,0,28,24,40,10,0.6161616161616161,8.0,7.575757575757576,11954,False
Blue_Dragon_vs_Pantheon_g4,1574,1165,10470,314,0,29,24,40,10,0.6161616161616161,8.0,7.474747474747475,11954,False
Blue_Dragon_vs_Pantheon_g4,1575,1164,10470,314,0,30,24,40,10,0.40404040404040403,7.333333333333333,7.373737373737374,11954,False
Blue_Dragon_vs_Pantheon_g4,1576,1174,10470,314,0,31,24,40,10,0.40404040404040403,7.333333333333333,7.373737373737374,11964,False
Blue_Dragon_vs_Pantheon_g4,1577,1183,10470,314,0,32,24,40,10,3.202020202020202,7.333333333333333,7.474747474747475,11974,False
Blue_Dragon_vs_Pantheon_g4,1578,1192,10470,314,0,33,24,41,10,3.303030303030303,7.333333333333333,7.575757575757576,11984,True
Blue_Dragon_vs_Pantheon_g4,1579,906,10670,320,0,1,25,41,10,0.31313131313131315,7.333333333333333,7.575757575757576,11994,False
Blue_Dragon_vs_Pantheon_g4,1580,925,10670,320,0,2,25,41,10,0.40404040404040403,7.333333333333333,7.575757575757576,12004,False
Blue_Dragon_vs_Pantheon_g4,1581,934,10670,320,0,3,25,41,10,0.40404040404040403,8.0,7.575757575757576,12014,False
Blue_Dragon_vs_Pantheon_g4,1582,943,10670,320,0,4,25,41,10,0.40404040404040403,8.0,7.474747474747475,12014,False
Blue_Dragon_vs_Pantheon_g4,1583,942,10670,320,0,5,25,41,10,0.1919191919191919,7.333333333333333,7.373737373737374,12014,False
Blue_Dragon_vs_Pantheon_g4,1584,952,10670,320,0,6,25,41,10,0.1919191919191919,7.333333333333333,7.373737373737374,12024,False
Blue_Dragon_vs_Pantheon_g4,1585,961,10670,320,0,7,25,41,10,0.1919191919191919,7.333333333333333,7.474747474747475,12034,False
Blue_Dragon_vs_Pantheon_g4,1586,971,10670,320,0,8,25,41,10,0.29292929292929293,7.333333333333333,7.575757575757576,12044,False
Blue_Dragon_vs_Pantheon_g4,1587,980,10670,320,0,9,25,41,10,0.3838383838383838,7.333333333333333,7.575757575757576,12054,False
Blue_Dragon_vs_Pantheon_g4,1588,1000,10670,320,0,10,25,41,10,0.494949494949495,7.333333333333333,7.575757575757576,12064,False
Blue_Dragon_vs_Pantheon_g4,1589,1009,10670,320,0,11,25,41,10,0.48484848484848486,8.0,7.575757575757576,12074,False
Blue_Dragon_vs_Pantheon_g4,1590,1018,10670,320,0,12,25,41,10,0.48484848484848486,8.0,7.474747474747475,12074,False
Blue_Dragon_vs_Pantheon_g4,1591,1017,10670,320,0,13,25,41,10,0.2727272727272727,7.333333333333333,7.373737373737374,12074,False
Blue_Dragon_vs_Pantheon_g4,1592,1027,10670,320,0,14,25,41,10,0.2828282828282828,7.333333333333333,7.373737373737374,12084,False
Blue_Dragon_vs_Pantheon_g4,1593,1036,10670,320,0,15,25,41,10,0.2727272727272727,7.333333333333333,7.474747474747475,12094,False
Blue_Dragon_vs_Pantheon_g4,1594,1046,10670,320,0,16,25,41,10,0.3838383838383838,7.333333333333333,7.575757575757576,12104,False
Blue_Dragon_vs_Pantheon_g4,1595,1055,10670,320,0,17,25,41,10,0.37373737373737376,7.333333333333333,7.575757575757576,12114,False
Blue_Dragon_vs_Pantheon_g4,1596,1075,10670,320,0,18,25,41,10,0.5656565656565656,7.333333333333333,7.575757575757576,12124,False
Blue_Dragon_vs_Pantheon_g4,1597,1085,10670,320,0,19,25,41,10,0.5757575757575758,8.0,7.575757575757576,12134,False
Blue_Dragon_vs_Pantheon_g4,1598,1094,10670,320,0,20,25,41,10,0.5656565656565656,8.0,7.474747474747475,12134,False
Blue_Dragon_vs_Pantheon_g4,1599,1093,10670,320,0,21,25,41,10,0.35353535353535354,7.333333333333333,7.373737373737374,12134,False
Blue_Dragon_vs_Pantheon_g4,1600,1103,10670,320,0,22,25,41,10,0.36363636363636365,7.333333333333333,7.373737373737374,12144,False
Blue_Dragon_vs_Pantheon_g4,1601,1112,10670,320,0,23,25,41,10,0.35353535353535354,7.333333333333333,7.474747474747475,12154,False
Blue_Dragon_vs_Pantheon_g4,1602,1121,10670,320,0,24,25,41,10,0.45454545454545453,7.333333333333333,7.575757575757576,12164,False
Blue_Dragon_vs_Pantheon_g4,1603,1130,10670,320,0,25,25,41,10,0.5353535353535354,7.333333333333333,7.575757575757576,12174,False
Blue_Dragon_vs_Pantheon_g4,1604,1150,10670,320,0,26,25,41,10,0.6464646464646465,7.333333333333333,7.575757575757576,12184,False
Blue_Dragon_vs_Pantheon_g4,1605,1159,10670,320,0,27,25,41,10,0.6464646464646465,8.0,7.575757575757576,12194,False
Blue_Dragon_vs_Pantheon_g4,1606,1168,10670,320,0,28,25,41,10,0.6363636363636364,8.0,7.474747474747475,12194,False
Blue_Dragon_vs_Pantheon_g4,1607,1168,10670,320,0,29,25,41,10,0.4444444444444444,7.333333333333333,7.373737373737374,12194,False
Blue_Dragon_vs_Pantheon_g4,1608,1178,10670,320,0,30,25,41,10,0.4444444444444444,7.333333333333333,7.373737373737374,12204,False
Blue_Dragon_vs_Pantheon_g4,1609,1187,10670,320,0,31,25,41,10,0.4444444444444444,7.333333333333333,7.474747474747475,12214,False
Blue_Dragon_vs_Pantheon_g4,1610,1196,10670,320,0,32,25,41,10,0.5353535353535354,7.333333333333333,7.575757575757576,12224,False
Blue_Dragon_vs_Pantheon_g4,1611,1205,10670,320,0,33,25,41,10,0.5252525252525253,7.333333333333333,7.575757575757576,12234,False
Blue_Dragon_vs_Pantheon_g4,1612,1225,10670,320,0,34,25,42,10,3.494949494949495,7.333333333333333,7.575757575757576,12244,True
Blue_Dragon_vs_Pantheon_g4,1613,933,10870,326,0,1,26,42,10,0.45454545454545453,8.0,7.575757575757576,12254,False
Blue_Dragon_vs_Pantheon_g4,1614,942,10870,326,0,2,26,42,10,0.45454545454545453,8.0,7.474747474747475,12254,False
Blue_Dragon_vs_Pantheon_g4,1615,942,10870,326,0,3,26,42,10,0.25252525252525254,7.333333333333333,7.373737373737374,12254,False
Blue_Dragon_vs_Pantheon_g4,1616,952,10870,326,0,4,26,42,10,0.25252525252525254,7.333333333333333,7.373737373737374,12264,False
Blue_Dragon_vs_Pantheon_g4,1617,961,10870,326,0,5,26,42,10,0.25252525252525254,7.333333333333333,7.474747474747475,12274,False
Blue_Dragon_vs_Pantheon_g4,1618,970,10870,326,0,6,26,42,10,0.3434343434343434,7.333333333333333,7.575757575757576,12284,False
Blue_Dragon_vs_Pantheon_g4,1619,980,10870,326,0,7,26,42,10,0.3434343434343434,7.333333333333333,7.575757575757576,12294,False
Blue_Dragon_vs_Pantheon_g4,1620,999,10870,326,0,8,26,42,10,0.4444444444444444,7.333333333333333,7.575757575757576,12304,False
Blue_Dragon_vs_Pantheon_g4,1621,1008,10870,326,0,9,26,42,10,0.4444444444444444,8.0,7.575757575757576,12314,False
Blue_Dragon_vs_Pantheon_g4,1622,1017,10870,326,0,10,26,42,10,0.4444444444444444,8.0,7.474747474747475,12314,False
Blue_Dragon_vs_Pantheon_g4,1623,1006,10875,326,0,11,26,42,10,0.13131313131313133,7.333333333333333,7.373737373737374,12314,False
Blue_Dragon_vs_Pantheon_g4,1624,1016,10875,326,0,12,26,42,10,0.1414141414141414,7.333333333333333,7.373737373737374,12324,False
Blue_Dragon_vs_Pantheon_g4,1625,1026,10875,326,0,13,26,42,10,0.15151515151515152,7.333333333333333,7.474747474747475,12334,False
Blue_Dragon_vs_Pantheon_g4,1626,1035,10875,326,0,14,26,42,10,0.24242424242424243,7.333333333333333,7.575757575757576,12344,False
Blue_Dragon_vs_Pantheon_g4,1627,1045,10875,326,0,15,26,42,10,0.25252525252525254,7.333333333333333,7.575757575757576,12354,False
Blue_Dragon_vs_Pantheon_g4,1628,1064,10875,326,0,16,26,42,10,0.35353535353535354,7.333333333333333,7.575757575757576,12364,False
Blue_Dragon_vs_Pantheon_g4,1629,1073,10875,326,0,17,26,42,10,0.35353535353535354,8.0,7.575757575757576,12374,False
Blue_Dragon_vs_Pantheon_g4,1630,1083,10875,326,0,18,26,42,10,0.36363636363636365,8.0,7.474747474747475,12374,False
Blue_Dragon_vs_Pantheon_g4,1631,1082,10875,326,0,19,26,42,10,0.15151515151515152,7.333333333333333,7.373737373737374,12374,False
Blue_Dragon_vs_Pantheon_g4,1632,1092,10875,326,0,20,26,42,10,0.16161616161616163,7.333333333333333,7.373737373737374,12384,False
Blue_Dragon_vs_Pantheon_g4,1633,1102,10875,326,0,21,26,42,10,0.16161616161616163,7.333333333333333,7.474747474747475,12394,False
Blue_Dragon_vs_Pantheon_g4,1634,1112,10875,326,0,22,26,42,10,0.2727272727272727,7.333333333333333,7.575757575757576,12404,False
Blue_Dragon_vs_Pantheon_g4,1635,1121,10875,326,0,23,26,42,10,0.26262626262626265,7.333333333333333,7.575757575757576,12414,False
Blue_Dragon_vs_Pantheon_g4,1636,1140,10875,326,0,24,26,42,10,0.35353535353535354,7.333333333333333,7.575757575757576,12424,False
Blue_Dragon_vs_Pantheon_g4,1637,1149,10875,326,0,25,26,42,10,0.35353535353535354,8.0,7.575757575757576,12434,False
Blue_Dragon_vs_Pantheon_g4,1638,1158,10875,326,0,26,26,42,10,0.43434343434343436,8.0,7.474747474747475,12434,False
Blue_Dragon_vs_Pantheon_g4,1639,1157,10875,326,0,27,26,42,10,0.23232323232323232,7.333333333333333,7.373737373737374,12434,False
Blue_Dragon_vs_Pantheon_g4,1640,1167,10875,326,0,28,26,42,10,0.23232323232323232,7.333333333333333,7.373737373737374,12444,False
Blue_Dragon_vs_Pantheon_g4,1641,1176,10875,326,0,29,26,42,10,0.23232323232323232,7.333333333333333,7.474747474747475,12454,False
Blue_Dragon_vs_Pantheon_g4,1642,1186,10875,326,0,30,26,42,10,0.3434343434343434,7.333333333333333,7.575757575757576,12464,False
Blue_Dragon_vs_Pantheon_g4,1643,1195,10875,326,0,31,26,42,10,0.3333333333333333,7.333333333333333,7.575757575757576,12474,False
Blue_Dragon_vs_Pantheon_g4,1644,1215,10875,326,0,32,26,42,10,0.4444444444444444,7.333333333333333,7.575757575757576,12484,False
Blue_Dragon_vs_Pantheon_g4,1645,1224,10875,326,0,33,26,42,10,3.3636363636363638,8.0,7.575757575757576,12494,False
Blue_Dragon_vs_Pantheon_g4,1646,1233,10875,326,0,34,26,43,10,3.3636363636363638,8.0,7.474747474747475,12494,True
Blue_Dragon_vs_Pantheon_g4,1647,924,11075,332,0,1,27,43,10,0.04040404040404041,7.333333333333333,7.373737373737374,12494,False
Blue_Dragon_vs_Pantheon_g4,1648,934,11075,332,0,2,27,43,10,0.050505050505050504,7.333333333333333,7.373737373737374,12504,False
Blue_Dragon_vs_Pantheon_g4,1649,943,11075,332,0,3,27,43,10,0.050505050505050504,7.333333333333333,7.474747474747475,12514,False
Blue_Dragon_vs_Pantheon_g4,1650,953,11075,332,0,4,27,43,10,0.16161616161616163,7.333333333333333,7.575757575757576,12524,False
Blue_Dragon_vs_Pantheon_g4,1651,962,11075,332,0,5,27,43,10,0.15151515151515152,7.333333333333333,7.575757575757576,12534,False
Blue_Dragon_vs_Pantheon_g4,1652,982,11075,332,0,6,27,43,10,0.25252525252525254,7.333333333333333,7.575757575757576,12544,False
Blue_Dragon_vs_Pantheon_g4,1653,992,11075,332,0,7,27,43,10,0.26262626262626265,8.0,7.575757575757576,12554,False
Blue_Dragon_vs_Pantheon_g4,1654,1001,11075,332,0,8,27,43,10,0.25252525252525254,8.0,7.474747474747475,12554,False
Blue_Dragon_vs_Pantheon_g4,1655,1000,11075,332,0,9,27,43,10,0.050505050505050504,7.333333333333333,7.373737373737374,12554,False
Blue_Dragon_vs_Pantheon_g4,1656,1010,11075,332,0,10,27,43,10,0.06060606060606061,7.333333333333333,7.373737373737374,12564,False
Blue_Dragon_vs_Pantheon_g4,1657,1019,11075,332,0,11,27,43,10,0.050505050505050504,7.333333333333333,7.474747474747475,12574,False
Blue_Dragon_vs_Pantheon_g4,1658,1028,11075,332,0,12,27,43,10,0.15151515151515152,7.333333333333333,7.575757575757576,12584,False
Blue_Dragon_vs_Pantheon_g4,1659,1037,11075,332,0,13,27,43,10,0.1414141414141414,7.333333333333333,7.575757575757576,12594,False
Blue_Dragon_vs_Pantheon_g4,1660,1057,11075,332,0,14,27,43,10,0.25252525252525254,7.333333333333333,7.575757575757576,12604,False
Blue_Dragon_vs_Pantheon_g4,1661,1066,11075,332,0,15,27,43,10,0.24242424242424243,8.0,7.575757575757576,12614,False
Blue_Dragon_vs_Pantheon_g4,1662,1075,11075,332,0,16,27,43,10,0.24242424242424243,8.0,7.474747474747475,12614,False
Blue_Dragon_vs_Pantheon_g4,1663,1074,11075,332,0,17,27,43,10,0.030303030303030304,7.333333333333333,7.373737373737374,12614,False
Blue_Dragon_vs_Pantheon_g4,1664,1084,11075,332,0,18,27,43,10,0.04040404040404041,7.333333333333333,7.373737373737374,12624,False
Blue_Dragon_vs_Pantheon_g4,1665,1093,11075,332,0,19,27,43,10,0.030303030303030304,7.333333333333333,7.474747474747475,12634,False
Blue_Dragon_vs_Pantheon_g4,1666,1103,11075,332,0,20,27,43,10,0.1414141414141414,7.333333333333333,7.575757575757576,12644,False
Blue_Dragon_vs_Pantheon_g4,1667,1112,11075,332,0,21,27,43,10,0.13131313131313133,7.333333333333333,7.575757575757576,12654,False
Blue_Dragon_vs_Pantheon_g4,1668,1132,11075,332,0,22,27,43,10,0.23232323232323232,7.333333333333333,7.575757575757576,12664,False
Blue_Dragon_vs_Pantheon_g4,1669,1141,11075,332,0,23,27,43,10,0.23232323232323232,8.0,7.575757575757576,12674,False
Blue_Dragon_vs_Pantheon_g4,1670,1151,11075,332,0,24,27,43,10,0.24242424242424243,8.0,7.474747474747475,12674,False
Blue_Dragon_vs_Pantheon_g4,1671,1150,11075,332,0,25,27,43,10,0.030303030303030304,7.333333333333333,7.373737373737374,12674,False
Blue_Dragon_vs_Pantheon_g4,1672,1160,11075,332,0,26,27,43,10,0.04040404040404041,7.333333333333333,7.373737373737374,12684,False
Blue_Dragon_vs_Pantheon_g4,1673,1169,11075,332,0,27,27,43,10,0.04040404040404041,7.333333333333333,7.474747474747475,12694,False
Blue_Dragon_vs_Pantheon_g4,1674,1178,11075,332,0,28,27,43,10,0.1414141414141414,7.333333333333333,7.575757575757576,12704,False
Blue_Dragon_vs_Pantheon_g4,1675,1187,11075,332,0,29,27,43,10,0.13131313131313133,7.333333333333333,7.575757575757576,12714,False
Blue_Dragon_vs_Pantheon_g4,1676,1207,11075,332,0,30,27,43,10,0.24242424242424243,7.333333333333333,7.575757575757576,12724,False
Blue_Dragon_vs_Pantheon_g4,1677,1216,11075,332,0,31,27,43,10,0.24242424242424243,8.0,7.575757575757576,12734,False
Blue_Dragon_vs_Pantheon_g4,1678,1225,11075,332,0,32,27,43,10,3.2222222222222223,8.0,7.474747474747475,12734,False
Blue_Dragon_vs_Pantheon_g4,1679,1224,11075,332,0,33,27,43,10,3.0202020202020203,7.333333333333333,7.373737373737374,12734,False
Blue_Dragon_vs_Pantheon_g4,1680,1234,11075,332,0,34,27,43,10,3.0303030303030303,7.333333333333333,7.373737373737374,12744,False
Blue_Dragon_vs_Pantheon_g4,1681,1243,11075,332,0,35,27,43,10,3.0303030303030303,7.333333333333333,7.474747474747475,12754,False
Blue_Dragon_vs_Pantheon_g4,1682,1252,11075,332,0,36,27,44,10,3.1313131313131315,7.333333333333333,7.575757575757576,12764,True
Blue_Dragon_vs_Pantheon_g4,1683,947,11275,338,0,1,28,44,10,-0.050505050505050504,7.333333333333333,7.575757575757576,12774,False
Blue_Dragon_vs_Pantheon_g4,1684,967,11275,338,0,2,28,44,10,0.06060606060606061,7.333333333333333,7.575757575757576,12784,False
Blue_Dragon_vs_Pantheon_g4,1685,966,11280,338,0,3,28,44,10,-0.050505050505050504,8.0,7.575757575757576,12794,False
Blue_Dragon_vs_Pantheon_g4,1686,965,11285,338,0,4,28,44,10,-0.15151515151515152,8.0,7.474747474747475,12794,False
Blue_Dragon_vs_Pantheon_g4,1687,954,11290,338,0,5,28,44,10,-0.46464646464646464,7.333333333333333,7.373737373737374,12794,False
Blue_Dragon_vs_Pantheon_g4,1688,954,11295,338,0,6,28,44,10,-0.5555555555555556,7.333333333333333,7.373737373737374,12804,False
Blue_Dragon_vs_Pantheon_g4,1689,963,11295,338,0,7,28,44,10,-0.5555555555555556,7.333333333333333,7.474747474747475,12814,False
Blue_Dragon_vs_Pantheon_g4,1690,973,11295,338,0,8,28,44,10,-0.4444444444444444,7.333333333333333,7.575757575757576,12824,False
Blue_Dragon_vs_Pantheon_g4,1691,982,11295,338,0,9,28,44,10,-0.45454545454545453,7.333333333333333,7.575757575757576,12834,False
Blue_Dragon_vs_Pantheon_g4,1692,1002,11295,338,0,10,28,44,10,-0.3434343434343434,7.333333333333333,7.575757575757576,12844,False
Blue_Dragon_vs_Pantheon_g4,1693,1012,11295,338,0,11,28,44,10,-0.3434343434343434,8.0,7.575757575757576,12854,False
Blue_Dragon_vs_Pantheon_g4,1694,1021,11295,338,0,12,28,44,10,-0.3434343434343434,8.0,7.474747474747475,12854,False
Blue_Dragon_vs_Pantheon_g4,1695,1020,11295,338,0,13,28,44,10,-0.5555555555555556,7.333333333333333,7.373737373737374,12854,False
Blue_Dragon_vs_Pantheon_g4,1696,1030,11295,338,0,14,28,44,10,-0.5555555555555556,7.333333333333333,7.373737373737374,12864,False
Blue_Dragon_vs_Pantheon_g4,1697,1040,11295,338,0,15,28,44,10,-0.5454545454545454,7.333333333333333,7.474747474747475,12874,False
Blue_Dragon_vs_Pantheon_g4,1698,1049,11295,338,0,16,28,44,10,-0.4444444444444444,7.333333333333333,7.575757575757576,12884,False
Blue_Dragon_vs_Pantheon_g4,1699,1058,11295,338,0,17,28,44,10,-0.45454545454545453,7.333333333333333,7.575757575757576,12894,False
Blue_Dragon_vs_Pantheon_g4,1700,1078,11295,338,0,18,28,44,10,-0.3434343434343434,7.333333333333333,7.575757575757576,12904,False
Blue_Dragon_vs_Pantheon_g4,1701,1087,11295,338,0,19,28,44,10,-0.3434343434343434,8.0,7.575757575757576,12914,False
Blue_Dragon_vs_Pantheon_g4,1702,1097,11295,338,0,20,28,44,10,-0.3333333333333333,8.0,7.474747474747475,12914,False
Blue_Dragon_vs_Pantheon_g4,1703,1096,11295,338,0,21,28,44,10,-0.5454545454545454,7.333333333333333,7.373737373737374,12914,False
Blue_Dragon_vs_Pantheon_g4,1704,1106,11295,338,0,22,28,44,10,-0.5353535353535354,7.333333333333333,7.373737373737374,12924,False
Blue_Dragon_vs_Pantheon_g4,1705,1116,11295,338,0,23,28,44,10,-0.5252525252525253,7.333333333333333,7.474747474747475,12934,False
Blue_Dragon_vs_Pantheon_g4,1706,1125,11295,338,0,24,28,44,10,-0.43434343434343436,7.333333333333333,7.575757575757576,12944,False
Blue_Dragon_vs_Pantheon_g4,1707,1134,11295,338,0,25,28,44,10,-0.4444444444444444,7.333333333333333,7.575757575757576,12954,False
Blue_Dragon_vs_Pantheon_g4,1708,1154,11295,338,0,26,28,44,10,-0.3333333333333333,7.333333333333333,7.575757575757576,12964,False
Blue_Dragon_vs_Pantheon_g4,1709,1164,11295,338,0,27,28,44,10,-0.32323232323232326,8.0,7.575757575757576,12974,False
Blue_Dragon_vs_Pantheon_g4,1710,1173,11295,338,0,28,28,44,10,-0.32323232323232326,8.0,7.474747474747475,12974,False
Blue_Dragon_vs_Pantheon_g4,1711,1172,11295,338,0,29,28,44,10,-0.5353535353535354,7.333333333333333,7.373737373737374,12974,False
Blue_Dragon_vs_Pantheon_g4,1712,1182,11295,338,0,30,28,44,10,2.515151515151515,7.333333333333333,7.373737373737374,12984,False
Blue_Dragon_vs_Pantheon_g4,1713,1191,11295,338,0,31,28,44,10,2.515151515151515,7.333333333333333,7.474747474747475,12994,False
Blue_Dragon_vs_Pantheon_g4,1714,1201,11295,338,0,32,28,44,10,2.6161616161616164,7.333333333333333,7.575757575757576,13004,False
Blue_Dragon_vs_Pantheon_g4,1715,1210,11295,338,0,33,28,44,10,2.606060606060606,7.333333333333333,7.575757575757576,13014,False
Blue_Dragon_vs_Pantheon_g4,1716,1230,11295,338,0,34,28,44,10,2.717171717171717,7.333333333333333,7.575757575757576,13024,False
Blue_Dragon_vs_Pantheon_g4,1717,1240,11295,338,0,35,28,44,10,2.727272727272727,8.0,7.575757575757576,13034,False
Blue_Dragon_vs_Pantheon_g4,1718,1249,11295,338,0,36,28,44,10,2.717171717171717,8.0,7.474747474747475,13034,False
Blue_Dragon_vs_Pantheon_g4,1719,1248,11295,338,0,37,28,44,10,2.515151515151515,7.333333333333333,7.373737373737374,13034,False
Blue_Dragon_vs_Pantheon_g4,1720,1258,11295,338,0,38,28,44,10,2.525252525252525,7.333333333333333,7.373737373737374,13044,False
Blue_Dragon_vs_Pantheon_g4,1721,1268,11295,338,0,39,28,44,10,2.5353535353535355,7.333333333333333,7.474747474747475,13054,False
Blue_Dragon_vs_Pantheon_g4,1722,1277,11295,338,0,40,28,45,10,2.7373737373737375,7.333333333333333,7.575757575757576,13064,True
Blue_Dragon_vs_Pantheon_g4,1723,966,11495,344,0,1,29,45,10,-0.5050505050505051,7.333333333333333,7.575757575757576,13074,False
Blue_Dragon_vs_Pantheon_g4,1724,986,11495,344,0,2,29,45,10,-0.40404040404040403,7.333333333333333,7.575757575757576,13084,False
Blue_Dragon_vs_Pantheon_g4,1725,995,11495,344,0,3,29,45,10,-0.40404040404040403,8.0,7.575757575757576,13094,False
Blue_Dragon_vs_Pantheon_g4,1726,1004,11495,344,0,4,29,45,10,-0.41414141414141414,8.0,7.474747474747475,13094,False
Blue_Dragon_vs_Pantheon_g4,1727,1003,11495,344,0,5,29,45,10,-0.6161616161616161,7.333333333333333,7.373737373737374,13094,False
Blue_Dragon_vs_Pantheon_g4,1728,1013,11495,344,0,6,29,45,10,-0.6060606060606061,7.333333333333333,7.373737373737374,13104,False
Blue_Dragon_vs_Pantheon_g4,1729,1022,11495,344,0,7,29,45,10,-0.6161616161616161,7.333333333333333,7.474747474747475,13114,False
Blue_Dragon_vs_Pantheon_g4,1730,1032,11495,344,0,8,29,45,10,-0.5050505050505051,7.333333333333333,7.575757575757576,13124,False
Blue_Dragon_vs_Pantheon_g4,1731,1041,11495,344,0,9,29,45,10,-0.5151515151515151,7.333333333333333,7.575757575757576,13134,False
Blue_Dragon_vs_Pantheon_g4,1732,1061,11495,344,0,10,29,45,10,-0.41414141414141414,7.333333333333333,7.575757575757576,13144,False
Blue_Dragon_vs_Pantheon_g4,1733,1070,11495,344,0,11,29,45,10,-0.42424242424242425,8.0,7.575757575757576,13154,False
Blue_Dragon_vs_Pantheon_g4,1734,1079,11495,344,0,12,29,45,10,-0.42424242424242425,8.0,7.474747474747475,13154,False
Blue_Dragon_vs_Pantheon_g4,1735,1078,11495,344,0,13,29,45,10,-0.6262626262626263,7.333333333333333,7.373737373737374,13154,False
Blue_Dragon_vs_Pantheon_g4,1736,1088,11495,344,0,14,29,45,10,-0.6161616161616161,7.333333333333333,7.373737373737374,13164,False
Blue_Dragon_vs_Pantheon_g4,1737,1097,11495,344,0,15,29,45,10,-0.6161616161616161,7.333333333333333,7.474747474747475,13174,False
Blue_Dragon_vs_Pantheon_g4,1738,1106,11495,344,0,16,29,45,10,-0.5151515151515151,7.333333333333333,7.575757575757576,13184,False
Blue_Dragon_vs_Pantheon_g4,1739,1105,11500,345,0,17,29,45,10,-0.6262626262626263,7.333333333333333,7.575757575757576,13194,False
Blue_Dragon_vs_Pantheon_g4,1740,1125,11500,345,0,18,29,45,10,-0.5151515151515151,7.333333333333333,7.575757575757576,13204,False
Blue_Dragon_vs_Pantheon_g4,1741,1135,11500,345,0,19,29,45,10,-0.5151515151515151,8.0,7.575757575757576,13214,False
Blue_Dragon_vs_Pantheon_g4,1742,1144,11500,345,0,20,29,45,10,-0.5151515151515151,8.0,7.474747474747475,13214,False
Blue_Dragon_vs_Pantheon_g4,1743,1144,11500,345,0,21,29,45,10,-0.7171717171717171,7.333333333333333,7.373737373737374,13214,False
Blue_Dragon_vs_Pantheon_g4,1744,1153,11500,345,0,22,29,45,10,-0.7171717171717171,7.333333333333333,7.373737373737374,13224,False
Blue_Dragon_vs_Pantheon_g4,1745,1163,11500,345,0,23,29,45,10,-0.7070707070707071,7.333333333333333,7.474747474747475,13234,False
Blue_Dragon_vs_Pantheon_g4,1746,1172,11500,345,0,24,29,45,10,2.505050505050505,7.333333333333333,7.575757575757576,13244,False
Blue_Dragon_vs_Pantheon_g4,1747,1181,11500,345,0,25,29,45,10,2.494949494949495,7.333333333333333,7.575757575757576,13254,False
Blue_Dragon_vs_Pantheon_g4,1748,1201,11500,345,0,26,29,45,10,2.606060606060606,7.333333333333333,7.575757575757576,13264,False
Blue_Dragon_vs_Pantheon_g4,1749,1210,11500,345,0,27,29,45,10,2.595959595959596,8.0,7.575757575757576,13274,False
Blue_Dragon_vs_Pantheon_g4,1750,1219,11500,345,0,28,29,45,10,2.595959595959596,8.0,7.474747474747475,13274,False
Blue_Dragon_vs_Pantheon_g4,1751,1218,11500,345,0,29,29,45,10,2.3838383838383836,7.333333333333333,7.373737373737374,13274,False
Blue_Dragon_vs_Pantheon_g4,1752,1228,11500,345,0,30,29,45,10,2.3838383838383836,7.333333333333333,7.373737373737374,13284,False
Blue_Dragon_vs_Pantheon_g4,1753,1237,11500,345,0,31,29,45,10,2.3838383838383836,7.333333333333333,7.474747474747475,13294,False
Blue_Dragon_vs_Pantheon_g4,1754,1246,11500,345,0,32,29,45,10,2.484848484848485,7.333333333333333,7.575757575757576,13304,False
Blue_Dragon_vs_Pantheon_g4,1755,1256,11500,345,0,33,29,45,10,2.484848484848485,7.333333333333333,7.575757575757576,13314,False
Blue_Dragon_vs_Pantheon_g4,1756,1275,11500,345,0,34,29,45,10,2.585858585858586,7.333333333333333,7.575757575757576,13324,False
Blue_Dragon_vs_Pantheon_g4,1757,1285,11500,345,0,35,29,45,10,2.595959595959596,8.0,7.575757575757576,13334,False
Blue_Dragon_vs_Pantheon_g4,1758,1285,11505,345,0,36,29,45,10,2.505050505050505,8.0,7.474747474747475,13334,False
Blue_Dragon_vs_Pantheon_g4,1759,1285,11505,345,0,37,29,45,10,2.303030303030303,7.333333333333333,7.373737373737374,13334,False
Blue_Dragon_vs_Pantheon_g4,1760,1294,11505,345,0,38,29,46,10,2.303030303030303,7.333333333333333,7.373737373737374,13344,True
Blue_Dragon_vs_Pantheon_g4,1761,977,11705,351,0,1,30,46,10,-0.98989898989899,7.333333333333333,7.474747474747475,13354,False
Blue_Dragon_vs_Pantheon_g4,1762,987,11705,351,0,2,30,46,10,-0.8787878787878788,7.333333333333333,7.575757575757576,13364,False
Blue_Dragon_vs_Pantheon_g4,1763,997,11705,351,0,3,30,46,10,-0.8787878787878788,7.333333333333333,7.575757575757576,13374,False
Blue_Dragon_vs_Pantheon_g4,1764,1016,11705,351,0,4,30,46,10,-0.7777777777777778,7.333333333333333,7.575757575757576,13384,False
Blue_Dragon_vs_Pantheon_g4,1765,1026,11705,351,0,5,30,46,10,-0.7777777777777778,8.0,7.575757575757576,13394,False
Blue_Dragon_vs_Pantheon_g4,1766,1036,11705,351,0,6,30,46,10,-0.7676767676767676,8.0,7.474747474747475,13394,False
Blue_Dragon_vs_Pantheon_g4,1767,1036,11705,351,0,7,30,46,10,-0.9696969696969697,7.333333333333333,7.373737373737374,13394,False
Blue_Dragon_vs_Pantheon_g4,1768,1046,11705,351,0,8,30,46,10,-0.9595959595959596,7.333333333333333,7.373737373737374,13404,False
Blue_Dragon_vs_Pantheon_g4,1769,1056,11705,351,0,9,30,46,10,-0.9595959595959596,7.333333333333333,7.474747474747475,13414,False
Blue_Dragon_vs_Pantheon_g4,1770,1066,11705,351,0,10,30,46,10,-0.8484848484848485,7.333333333333333,7.575757575757576,13424,False
Blue_Dragon_vs_Pantheon_g4,1771,1076,11705,351,0,11,30,46,10,-0.8484848484848485,7.333333333333333,7.575757575757576,13434,False
Blue_Dragon_vs_Pantheon_g4,1772,1096,11705,351,0,12,30,46,10,-0.7373737373737373,7.333333333333333,7.575757575757576,13444,False
Blue_Dragon_vs_Pantheon_g4,1773,1106,11705,351,0,13,30,46,10,-0.7272727272727273,8.0,7.575757575757576,13454,False
Blue_Dragon_vs_Pantheon_g4,1774,1115,11705,351,0,14,30,46,10,-0.7272727272727273,8.0,7.474747474747475,13454,False
Blue_Dragon_vs_Pantheon_g4,1775,1115,11705,351,0,15,30,46,10,-0.9292929292929293,7.333333333333333,7.373737373737374,13454,False
Blue_Dragon_vs_Pantheon_g4,1776,1125,11705,351,0,16,30,46,10,-0.9191919191919192,7.333333333333333,7.373737373737374,13464,False
Blue_Dragon_vs_Pantheon_g4,1777,1135,11705,351,0,17,30,46,10,-0.9090909090909091,7.333333333333333,7.474747474747475,13474,False
Blue_Dragon_vs_Pantheon_g4,1778,1144,11705,351,0,18,30,46,10,-0.8080808080808081,7.333333333333333,7.575757575757576,13484,False
Blue_Dragon_vs_Pantheon_g4,1779,1143,11710,351,0,19,30,46,10,-0.9191919191919192,7.333333333333333,7.575757575757576,13494,False
Blue_Dragon_vs_Pantheon_g4,1780,1163,11710,351,0,20,30,46,10,-0.8080808080808081,7.333333333333333,7.575757575757576,13504,False
Blue_Dragon_vs_Pantheon_g4,1781,1162,11715,351,0,21,30,46,10,-0.9090909090909091,8.0,7.575757575757576,13514,False
Blue_Dragon_vs_Pantheon_g4,1782,1171,11715,351,0,22,30,46,10,2.2626262626262625,8.0,7.474747474747475,13514,False
Blue_Dragon_vs_Pantheon_g4,1783,1171,11715,351,0,23,30,46,10,2.0606060606060606,7.333333333333333,7.373737373737374,13514,False
Blue_Dragon_vs_Pantheon_g4,1784,1181,11715,351,0,24,30,46,10,2.1717171717171717,7.333333333333333,7.373737373737374,13524,False
Blue_Dragon_vs_Pantheon_g4,1785,1191,11715,351,0,25,30,46,10,2.282828282828283,7.333333333333333,7.474747474747475,13534,False
Blue_Dragon_vs_Pantheon_g4,1786,1201,11715,351,0,26,30,46,10,2.494949494949495,7.333333333333333,7.575757575757576,13544,False
Blue_Dragon_vs_Pantheon_g4,1787,1211,11715,351,0,27,30,46,10,2.595959595959596,7.333333333333333,7.575757575757576,13554,False
Blue_Dragon_vs_Pantheon_g4,1788,1231,11715,351,0,28,30,46,10,2.707070707070707,7.333333333333333,7.575757575757576,13564,False
Blue_Dragon_vs_Pantheon_g4,1789,1241,11715,351,0,29,30,46,10,2.707070707070707,8.0,7.575757575757576,13574,False
Blue_Dragon_vs_Pantheon_g4,1790,1251,11715,351,0,30,30,46,10,2.717171717171717,8.0,7.474747474747475,13574,False
Blue_Dragon_vs_Pantheon_g4,1791,1250,11715,351,0,31,30,46,10,2.505050505050505,7.333333333333333,7.373737373737374,13574,False
Blue_Dragon_vs_Pantheon_g4,1792,1259,11715,351,0,32,30,46,10,2.494949494949495,7.333333333333333,7.373737373737374,13584,False
Blue_Dragon_vs_Pantheon_g4,1793,1268,11715,351,0,33,30,46,10,2.494949494949495,7.333333333333333,7.474747474747475,13594,False
Blue_Dragon_vs_Pantheon_g4,1794,1278,11715,351,0,34,30,46,10,2.606060606060606,7.333333333333333,7.575757575757576,13604,False
Blue_Dragon_vs_Pantheon_g4,1795,1288,11715,351,0,35,30,46,10,2.606060606060606,7.333333333333333,7.575757575757576,13614,False
Blue_Dragon_vs_Pantheon_g4,1796,1308,11715,351,0,36,30,46,10,2.707070707070707,7.333333333333333,7.575757575757576,13624,False
Blue_Dragon_vs_Pantheon_g4,1797,1318,11715,351,0,37,30,47,10,2.717171717171717,8.0,7.575757575757576,13634,True
Blue_Dragon_vs_Pantheon_g4,1798,994,11915,357,0,1,31,47,10,-0.6464646464646465,8.0,7.474747474747475,13634,False
Blue_Dragon_vs_Pantheon_g4,1799,994,11915,357,0,2,31,47,10,-0.8484848484848485,7.333333333333333,7.373737373737374,13634,False
Blue_Dragon_vs_Pantheon_g4,1800,1004,11915,357,0,3,31,47,10,-0.8383838383838383,7.333333333333333,7.373737373737374,13644,False
Blue_Dragon_vs_Pantheon_g4,1801,1014,11915,357,0,4,31,47,10,-0.8383838383838383,7.333333333333333,7.474747474747475,13654,False
Blue_Dragon_vs_Pantheon_g4,1802,1024,11915,357,0,5,31,47,10,-0.7272727272727273,7.333333333333333,7.575757575757576,13664,False
Blue_Dragon_vs_Pantheon_g4,1803,1034,11915,357,0,6,31,47,10,-0.7272727272727273,7.333333333333333,7.575757575757576,13674,False
Blue_Dragon_vs_Pantheon_g4,1804,1054,11915,357,0,7,31,47,10,-0.6262626262626263,7.333333333333333,7.575757575757576,13684,False
Blue_Dragon_vs_Pantheon_g4,1805,1064,11915,357,0,8,31,47,10,-0.6161616161616161,8.0,7.575757575757576,13694,False
Blue_Dragon_vs_Pantheon_g4,1806,1074,11915,357,0,9,31,47,10,-0.6060606060606061,8.0,7.474747474747475,13694,False
Blue_Dragon_vs_Pantheon_g4,1807,1073,11915,357,0,10,31,47,10,-0.8181818181818182,7.333333333333333,7.373737373737374,13694,False
Blue_Dragon_vs_Pantheon_g4,1808,1083,11915,357,0,11,31,47,10,-0.8181818181818182,7.333333333333333,7.373737373737374,13704,False
Blue_Dragon_vs_Pantheon_g4,1809,1093,11915,357,0,12,31,47,10,-0.8080808080808081,7.333333333333333,7.474747474747475,13714,False
Blue_Dragon_vs_Pantheon_g4,1810,1103,11915,357,0,13,31,47,10,-0.696969696969697,7.333333333333333,7.575757575757576,13724,False
Blue_Dragon_vs_Pantheon_g4,1811,1113,11915,357,0,14,31,47,10,-0.696969696969697,7.333333333333333,7.575757575757576,13734,False
Blue_Dragon_vs_Pantheon_g4,1812,1133,11915,357,0,15,31,47,10,-0.5858585858585859,7.333333333333333,7.575757575757576,13744,False
Blue_Dragon_vs_Pantheon_g4,1813,1143,11915,357,0,16,31,47,10,-0.5858585858585859,8.0,7.575757575757576,13754,False
Blue_Dragon_vs_Pantheon_g4,1814,1152,11915,357,0,17,31,47,10,-0.5858585858585859,8.0,7.474747474747475,13754,False
Blue_Dragon_vs_Pantheon_g4,1815,1152,11915,357,0,18,31,47,10,-0.7878787878787878,7.333333333333333,7.373737373737374,13754,False
Blue_Dragon_vs_Pantheon_g4,1816,1162,11915,357,0,19,31,47,10,-0.7878787878787878,7.333333333333333,7.373737373737374,13764,False
Blue_Dragon_vs_Pantheon_g4,1817,1172,11915,357,0,20,31,47,10,-0.7777777777777778,7.333333333333333,7.474747474747475,13774,False
Blue_Dragon_vs_Pantheon_g4,1818,1182,11915,357,0,21,31,47,10,-0.6666666666666666,7.333333333333333,7.575757575757576,13784,False
Blue_Dragon_vs_Pantheon_g4,1819,1191,11915,357,0,22,31,47,10,-0.6767676767676768,7.333333333333333,7.575757575757576,13794,False
Blue_Dragon_vs_Pantheon_g4,1820,1211,11915,357,0,23,31,47,10,-0.5757575757575758,7.333333333333333,7.575757575757576,13804,False
Blue_Dragon_vs_Pantheon_g4,1821,1221,11915,357,0,24,31,47,10,-0.5656565656565656,8.0,7.575757575757576,13814,False
Blue_Dragon_vs_Pantheon_g4,1822,1231,11915,357,0,25,31,47,10,2.676767676767677,8.0,7.474747474747475,13814,False
Blue_Dragon_vs_Pantheon_g4,1823,1231,11915,357,0,26,31,47,10,2.474747474747475,7.333333333333333,7.373737373737374,13814,False
Blue_Dragon_vs_Pantheon_g4,1824,1241,11915,357,0,27,31,47,10,2.484848484848485,7.333333333333333,7.373737373737374,13824,False
Blue_Dragon_vs_Pantheon_g4,1825,1251,11915,357,0,28,31,47,10,2.494949494949495,7.333333333333333,7.474747474747475,13834,False
Blue_Dragon_vs_Pantheon_g4,1826,1261,11915,357,0,29,31,47,10,2.606060606060606,7.333333333333333,7.575757575757576,13844,False
Blue_Dragon_vs_Pantheon_g4,1827,1271,11915,357,0,30,31,47,10,2.606060606060606,7.333333333333333,7.575757575757576,13854,False
Blue_Dragon_vs_Pantheon_g4,1828,1291,11915,357,0,31,31,47,10,2.717171717171717,7.333333333333333,7.575757575757576,13864,False
Blue_Dragon_vs_Pantheon_g4,1829,1301,11915,357,0,32,31,47,10,2.717171717171717,8.0,7.575757575757576,13874,False
Blue_Dragon_vs_Pantheon_g4,1830,1310,11915,357,0,33,31,47,10,2.717171717171717,8.0,7.474747474747475,13874,False
Blue_Dragon_vs_Pantheon_g4,1831,1310,11915,357,0,34,31,47,10,2.515151515151515,7.333333333333333,7.373737373737374,13874,False
Blue_Dragon_vs_Pantheon_g4,1832,1320,11915,357,0,35,31,47,10,2.525252525252525,7.333333333333333,7.373737373737374,13884,False
Blue_Dragon_vs_Pantheon_g4,1833,1330,11915,357,0,36,31,47,10,2.5353535353535355,7.333333333333333,7.474747474747475,13894,False
Blue_Dragon_vs_Pantheon_g4,1834,1340,11915,357,0,37,31,48,10,2.6464646464646466,7.333333333333333,7.575757575757576,13904,True
Blue_Dragon_vs_Pantheon_g4,1835,1011,12115,363,0,1,32,48,10,-0.7777777777777778,7.333333333333333,7.575757575757576,13914,False
Blue_Dragon_vs_Pantheon_g4,1836,1031,12115,363,0,2,32,48,10,-0.6666666666666666,7.333333333333333,7.575757575757576,13924,False
Blue_Dragon_vs_Pantheon_g4,1837,1030,12120,363,0,3,32,48,10,-0.7676767676767676,8.0,7.575757575757576,13934,False
Blue_Dragon_vs_Pantheon_g4,1838,1040,12120,363,0,4,32,48,10,-0.6565656565656566,8.0,7.474747474747475,13934,False
Blue_Dragon_vs_Pantheon_g4,1839,1040,12120,363,0,5,32,48,10,-0.8585858585858586,7.333333333333333,7.373737373737374,13934,False
Blue_Dragon_vs_Pantheon_g4,1840,1050,12120,363,0,6,32,48,10,-0.8585858585858586,7.333333333333333,7.373737373737374,13944,False
Blue_Dragon_vs_Pantheon_g4,1841,1059,12120,363,0,7,32,48,10,-0.8585858585858586,7.333333333333333,7.474747474747475,13954,False
Blue_Dragon_vs_Pantheon_g4,1842,1068,12120,363,0,8,32,48,10,-0.7676767676767676,7.333333333333333,7.575757575757576,13964,False
Blue_Dragon_vs_Pantheon_g4,1843,1078,12120,363,0,9,32,48,10,-0.7575757575757576,7.333333333333333,7.575757575757576,13974,False
Blue_Dragon_vs_Pantheon_g4,1844,1098,12120,363,0,10,32,48,10,-0.6565656565656566,7.333333333333333,7.575757575757576,13984,False
Blue_Dragon_vs_Pantheon_g4,1845,1108,12120,363,0,11,32,48,10,-0.6464646464646465,8.0,7.575757575757576,13994,False
Blue_Dragon_vs_Pantheon_g4,1846,1118,12120,363,0,12,32,48,10,-0.6363636363636364,8.0,7.474747474747475,13994,False
Blue_Dragon_vs_Pantheon_g4,1847,1118,12120,363,0,13,32,48,10,-0.8383838383838383,7.333333333333333,7.373737373737374,13994,False
Blue_Dragon_vs_Pantheon_g4,1848,1128,12120,363,0,14,32,48,10,-0.8282828282828283,7.333333333333333,7.373737373737374,14004,False
Blue_Dragon_vs_Pantheon_g4,1849,1138,12120,363,0,15,32,48,10,-0.8181818181818182,7.333333333333333,7.474747474747475,14014,False
Blue_Dragon_vs_Pantheon_g4,1850,1148,12120,363,0,16,32,48,10,-0.7070707070707071,7.333333333333333,7.575757575757576,14024,False
Blue_Dragon_vs_Pantheon_g4,1851,1147,12125,363,0,17,32,48,10,-0.8181818181818182,7.333333333333333,7.575757575757576,14034,False
Blue_Dragon_vs_Pantheon_g4,1852,1166,12125,363,0,18,32,48,10,-0.7171717171717171,7.333333333333333,7.575757575757576,14044,False
Blue_Dragon_vs_Pantheon_g4,1853,1176,12125,363,0,19,32,48,10,-0.7070707070707071,8.0,7.575757575757576,14054,False
Blue_Dragon_vs_Pantheon_g4,1854,1174,12130,363,0,20,32,48,10,-0.8282828282828283,8.0,7.474747474747475,14054,False
Blue_Dragon_vs_Pantheon_g4,1855,1173,12130,363,0,21,32,48,10,-1.0303030303030303,7.333333333333333,7.373737373737374,14054,False
Blue_Dragon_vs_Pantheon_g4,1856,1183,12130,363,0,22,32,48,10,-1.0303030303030303,7.333333333333333,7.373737373737374,14064,False
Blue_Dragon_vs_Pantheon_g4,1857,1193,12130,363,0,23,32,48,10,-0.9292929292929293,7.333333333333333,7.474747474747475,14074,False
Blue_Dragon_vs_Pantheon_g4,1858,1203,12130,363,0,24,32,48,10,-0.8282828282828283,7.333333333333333,7.575757575757576,14084,False
Blue_Dragon_vs_Pantheon_g4,1859,1202,12135,364,0,25,32,48,10,-0.9292929292929293,7.333333333333333,7.575757575757576,14094,False
Blue_Dragon_vs_Pantheon_g4,1860,1222,12135,364,0,26,32,48,10,2.474747474747475,7.333333333333333,7.575757575757576,14104,False
Blue_Dragon_vs_Pantheon_g4,1861,1232,12135,364,0,27,32,48,10,2.474747474747475,8.0,7.575757575757576,14114,False
Blue_Dragon_vs_Pantheon_g4,1862,1242,12135,364,0,28,32,48,10,2.474747474747475,8.0,7.474747474747475,14114,False
Blue_Dragon_vs_Pantheon_g4,1863,1242,12135,364,0,29,32,48,10,2.282828282828283,7.333333333333333,7.373737373737374,14114,False
Blue_Dragon_vs_Pantheon_g4,1864,1251,12135,364,0,30,32,48,10,2.272727272727273,7.333333333333333,7.373737373737374,14124,False
Blue_Dragon_vs_Pantheon_g4,1865,1261,12135,364,0,31,32,48,10,2.272727272727273,7.333333333333333,7.474747474747475,14134,False
Blue_Dragon_vs_Pantheon_g4,1866,1271,12135,364,0,32,32,48,10,2.3737373737373737,7.333333333333333,7.575757575757576,14144,False
Blue_Dragon_vs_Pantheon_g4,1867,1281,12135,364,0,33,32,48,10,2.3737373737373737,7.333333333333333,7.575757575757576,14154,False
Blue_Dragon_vs_Pantheon_g4,1868,1301,12135,364,0,34,32,48,10,2.474747474747475,7.333333333333333,7.575757575757576,14164,False
Blue_Dragon_vs_Pantheon_g4,1869,1311,12135,364,0,35,32,48,10,2.474747474747475,8.0,7.575757575757576,14174,False
Blue_Dragon_vs_Pantheon_g4,1870,1321,12135,364,0,36,32,48,10,2.474747474747475,8.0,7.474747474747475,14174,False
Blue_Dragon_vs_Pantheon_g4,1871,1321,12135,364,0,37,32,48,10,2.272727272727273,7.333333333333333,7.373737373737374,14174,False
Blue_Dragon_vs_Pantheon_g4,1872,1331,12135,364,0,38,32,48,10,2.272727272727273,7.333333333333333,7.373737373737374,14184,False
Blue_Dragon_vs_Pantheon_g4,1873,1341,12135,364,0,39,32,48,10,2.282828282828283,7.333333333333333,7.474747474747475,14194,False
Blue_Dragon_vs_Pantheon_g4,1874,1351,12135,364,0,40,32,48,10,2.3838383838383836,7.333333333333333,7.575757575757576,14204,False
Blue_Dragon_vs_Pantheon_g4,1875,1361,12135,364,0,41,32,49,10,2.3838383838383836,7.333333333333333,7.575757575757576,14214,True
Blue_Dragon_vs_Pantheon_g4,1876,1035,12335,370,0,1,33,49,10,-1.0101010101010102,7.333333333333333,7.575757575757576,14224,False
Blue_Dragon_vs_Pantheon_g4,1877,1045,12335,370,0,2,33,49,10,-1.0,8.0,7.575757575757576,14234,False
Blue_Dragon_vs_Pantheon_g4,1878,1054,12335,370,0,3,33,49,10,-0.898989898989899,8.0,7.474747474747475,14234,False
Blue_Dragon_vs_Pantheon_g4,1879,1054,12335,370,0,4,33,49,10,-1.101010101010101,7.333333333333333,7.373737373737374,14234,False
Blue_Dragon_vs_Pantheon_g4,1880,1064,12335,370,0,5,33,49,10,-0.98989898989899,7.333333333333333,7.373737373737374,14244,False
Blue_Dragon_vs_Pantheon_g4,1881,1074,12335,370,0,6,33,49,10,-0.9797979797979798,7.333333333333333,7.474747474747475,14254,False
Blue_Dragon_vs_Pantheon_g4,1882,1084,12335,370,0,7,33,49,10,-0.8787878787878788,7.333333333333333,7.575757575757576,14264,False
Blue_Dragon_vs_Pantheon_g4,1883,1094,12335,370,0,8,33,49,10,-0.8787878787878788,7.333333333333333,7.575757575757576,14274,False
Blue_Dragon_vs_Pantheon_g4,1884,1114,12335,370,0,9,33,49,10,-0.7777777777777778,7.333333333333333,7.575757575757576,14284,False
Blue_Dragon_vs_Pantheon_g4,1885,1124,12335,370,0,10,33,49,10,-0.7777777777777778,8.0,7.575757575757576,14294,False
Blue_Dragon_vs_Pantheon_g4,1886,1134,12335,370,0,11,33,49,10,-0.7777777777777778,8.0,7.474747474747475,14294,False
Blue_Dragon_vs_Pantheon_g4,1887,1134,12335,370,0,12,33,49,10,-0.9797979797979798,7.333333333333333,7.373737373737374,14294,False
Blue_Dragon_vs_Pantheon_g4,1888,1144,12335,370,0,13,33,49,10,-0.9797979797979798,7.333333333333333,7.373737373737374,14304,False
Blue_Dragon_vs_Pantheon_g4,1889,1154,12335,370,0,14,33,49,10,-0.9797979797979798,7.333333333333333,7.474747474747475,14314,False
Blue_Dragon_vs_Pantheon_g4,1890,1164,12335,370,0,15,33,49,10,-0.8686868686868687,7.333333333333333,7.575757575757576,14324,False
Blue_Dragon_vs_Pantheon_g4,1891,1174,12335,370,0,16,33,49,10,-0.8585858585858586,7.333333333333333,7.575757575757576,14334,False
Blue_Dragon_vs_Pantheon_g4,1892,1194,12335,370,0,17,33,49,10,-0.7474747474747475,7.333333333333333,7.575757575757576,14344,False
Blue_Dragon_vs_Pantheon_g4,1893,1204,12335,370,0,18,33,49,10,-0.7474747474747475,8.0,7.575757575757576,14354,False
Blue_Dragon_vs_Pantheon_g4,1894,1214,12335,370,0,19,33,49,10,-0.7474747474747475,8.0,7.474747474747475,14354,False
Blue_Dragon_vs_Pantheon_g4,1895,1214,12335,370,0,20,33,49,10,-0.9494949494949495,7.333333333333333,7.373737373737374,14354,False
Blue_Dragon_vs_Pantheon_g4,1896,1224,12335,370,0,21,33,49,10,-0.9494949494949495,7.333333333333333,7.373737373737374,14364,False
Blue_Dragon_vs_Pantheon_g4,1897,1234,12335,370,0,22,33,49,10,2.4242424242424243,7.333333333333333,7.474747474747475,14374,False
Blue_Dragon_vs_Pantheon_g4,1898,1244,12335,370,0,23,33,49,10,2.525252525252525,7.333333333333333,7.575757575757576,14384,False
Blue_Dragon_vs_Pantheon_g4,1899,1254,12335,370,0,24,33,49,10,2.525252525252525,7.333333333333333,7.575757575757576,14394,False
Blue_Dragon_vs_Pantheon_g4,1900,1274,12335,370,0,25,33,49,10,2.6262626262626263,7.333333333333333,7.575757575757576,14404,False
Blue_Dragon_vs_Pantheon_g4,1901,1273,12340,370,0,26,33,49,10,2.515151515151515,8.0,7.575757575757576,14414,False
Blue_Dragon_vs_Pantheon_g4,1902,1283,12340,370,0,27,33,49,10,2.515151515151515,8.0,7.474747474747475,14414,False
Blue_Dragon_vs_Pantheon_g4,1903,1283,12340,370,0,28,33,49,10,2.313131313131313,7.333333333333333,7.373737373737374,14414,False
Blue_Dragon_vs_Pantheon_g4,1904,1293,12340,370,0,29,33,49,10,2.313131313131313,7.333333333333333,7.373737373737374,14424,False
Blue_Dragon_vs_Pantheon_g4,1905,1302,12340,370,0,30,33,49,10,2.303030303030303,7.333333333333333,7.474747474747475,14434,False
Blue_Dragon_vs_Pantheon_g4,1906,1312,12340,370,0,31,33,49,10,2.414141414141414,7.333333333333333,7.575757575757576,14444,False
Blue_Dragon_vs_Pantheon_g4,1907,1322,12340,370,0,32,33,49,10,2.414141414141414,7.333333333333333,7.575757575757576,14454,False
Blue_Dragon_vs_Pantheon_g4,1908,1342,12340,370,0,33,33,49,10,2.515151515151515,7.333333333333333,7.575757575757576,14464,False
Blue_Dragon_vs_Pantheon_g4,1909,1351,12340,370,0,34,33,50,10,2.505050505050505,8.0,7.575757575757576,14474,False
Blue_Dragon_vs_Pantheon_g4,1910,1243,12430,372,0,35,33,50,10,1.3131313131313131,8.0,7.474747474747475,14474,False
Blue_Dragon_vs_Pantheon_g4,1911,1242,12430,372,0,36,33,51,10,1.101010101010101,7.333333333333333,7.373737373737374,14474,False
Blue_Dragon_vs_Pantheon_g4,1912,1135,12430,372,0,37,33,51,10,-0.08080808080808081,7.333333333333333,7.373737373737374,14484,False
Blue_Dragon_vs_Pantheon_g4,1913,1145,12430,372,0,38,33,51,10,-0.0707070707070707,7.333333333333333,7.474747474747475,14494,False
Blue_Dragon_vs_Pantheon_g4,1914,1144,12435,373,0,39,33,51,10,-0.08080808080808081,7.333333333333333,7.575757575757576,14504,False
Blue_Dragon_vs_Pantheon_g4,1915,1154,12435,373,0,40,33,51,10,-0.08080808080808081,7.333333333333333,7.575757575757576,14514,False
Blue_Dragon_vs_Pantheon_g4,1916,1174,12435,373,0,41,33,50,10,0.020202020202020204,7.333333333333333,7.575757575757576,14524,False
Blue_Dragon_vs_Pantheon_g4,1917,1184,12335,370,0,42,33,50,10,0.020202020202020204,8.0,7.575757575757576,14534,False
Blue_Dragon_vs_Pantheon_g4,1918,1136,12345,370,0,43,33,50,10,-0.5555555555555556,8.0,7.474747474747475,14534,False
Blue_Dragon_vs_Pantheon_g4,1919,1078,12355,370,0,44,33,50,10,-1.3434343434343434,7.333333333333333,7.373737373737374,14534,False
Blue_Dragon_vs_Pantheon_g4,1920,1086,12355,370,0,45,33,50,10,-1.3636363636363635,7.333333333333333,7.373737373737374,14544,False
Blue_Dragon_vs_Pantheon_g4,1921,1094,12355,370,0,46,33,50,10,-1.3838383838383839,7.333333333333333,7.474747474747475,14554,False
Blue_Dragon_vs_Pantheon_g4,1922,1082,12365,370,0,47,33,50,10,-1.505050505050505,7.333333333333333,7.575757575757576,14564,False
Blue_Dragon_vs_Pantheon_g4,1923,1092,12365,370,0,48,33,50,10,-1.505050505050505,7.333333333333333,7.575757575757576,14574,False
Blue_Dragon_vs_Pantheon_g4,1924,1101,12370,371,0,49,33,49,10,-1.5151515151515151,7.333333333333333,7.575757575757576,14584,False
Blue_Dragon_vs_Pantheon_g4,1925,1042,12280,368,0,50,33,49,10,-2.212121212121212,8.0,7.575757575757576,14594,False
Blue_Dragon_vs_Pantheon_g4,1926,1017,12290,368,0,51,33,49,10,-2.5656565656565657,8.0,7.474747474747475,14594,False
Blue_Dragon_vs_Pantheon_g4,1927,959,12295,368,0,52,33,49,10,-3.3535353535353534,7.333333333333333,7.373737373737374,14594,False
Blue_Dragon_vs_Pantheon_g4,1928,967,12295,368,0,53,33,49,10,-3.3737373737373737,7.333333333333333,7.373737373737374,14604,False
Blue_Dragon_vs_Pantheon_g4,1929,975,12295,368,0,54,33,49,10,-3.3838383838383836,7.333333333333333,7.474747474747475,14614,False
Blue_Dragon_vs_Pantheon_g4,1930,927,12305,369,0,55,33,49,10,-3.8686868686868685,7.333333333333333,7.575757575757576,14624,False
Blue_Dragon_vs_Pantheon_g4,1931,879,12310,369,0,56,33,49,10,-4.454545454545454,7.333333333333333,7.575757575757576,14634,False
Blue_Dragon_vs_Pantheon_g4,1932,841,12315,369,0,57,33,49,10,-4.9393939393939394,7.333333333333333,7.575757575757576,14644,False
Blue_Dragon_vs_Pantheon_g4,1933,793,12320,369,0,58,33,49,10,-5.525252525252525,8.0,7.575757575757576,14654,False
Blue_Dragon_vs_Pantheon_g4,1934,745,12325,369,0,59,33,49,10,-2.686868686868687,8.0,7.474747474747475,14654,False
Blue_Dragon_vs_Pantheon_g4,1935,687,12330,369,0,60,33,49,10,-3.474747474747475,7.333333333333333,7.373737373737374,14654,False
Blue_Dragon_vs_Pantheon_g4,1936,639,12335,370,0,61,33,49,10,-3.9494949494949494,7.333333333333333,7.373737373737374,14664,False
Blue_Dragon_vs_Pantheon_g4,1937,591,12340,370,0,62,33,49,10,-4.5353535353535355,7.333333333333333,7.474747474747475,14674,False
Blue_Dragon_vs_Pantheon_g4,1938,601,12340,370,0,63,33,49,10,-4.434343434343434,7.333333333333333,7.575757575757576,14684,False
Blue_Dragon_vs_Pantheon_g4,1939,611,12340,370,0,64,33,49,10,-4.434343434343434,7.333333333333333,7.575757575757576,14694,False
Blue_Dragon_vs_Pantheon_g4,1940,631,12340,370,0,65,33,49,10,-4.3232323232323235,7.333333333333333,7.575757575757576,14704,False
Blue_Dragon_vs_Pantheon_g4,1941,641,12340,370,0,66,33,49,10,-4.313131313131313,8.0,7.575757575757576,14714,False
Blue_Dragon_vs_Pantheon_g4,1942,651,12340,370,0,67,33,49,10,-4.313131313131313,8.0,7.474747474747475,14714,False
Blue_Dragon_vs_Pantheon_g4,1943,651,12340,370,0,68,33,49,10,-4.515151515151516,7.333333333333333,7.373737373737374,14714,False
Blue_Dragon_vs_Pantheon_g4,1944,661,12340,370,0,69,33,49,10,-4.515151515151516,7.333333333333333,7.373737373737374,14724,False
Blue_Dragon_vs_Pantheon_g4,1945,660,12345,370,0,70,33,49,10,-4.626262626262626,7.333333333333333,7.474747474747475,14734,False
Blue_Dragon_vs_Pantheon_g4,1946,670,12345,370,0,71,33,49,10,-4.525252525252525,7.333333333333333,7.575757575757576,14744,False
Blue_Dragon_vs_Pantheon_g4,1947,680,12345,370,0,72,33,49,10,-4.525252525252525,7.333333333333333,7.575757575757576,14754,False
Blue_Dragon_vs_Pantheon_g4,1948,700,12345,370,0,73,33,49,10,-4.424242424242424,7.333333333333333,7.575757575757576,14764,False
Blue_Dragon_vs_Pantheon_g4,1949,710,12345,370,0,74,33,49,10,-4.424242424242424,8.0,7.575757575757576,14774,False
Blue_Dragon_vs_Pantheon_g4,1950,719,12345,370,0,75,33,49,10,-4.3232323232323235,8.666666666666666,7.575757575757576,14784,False
Blue_Dragon_vs_Pantheon_g4,1951,729,12345,370,0,76,33,49,10,-4.414141414141414,8.666666666666666,7.575757575757576,14794,False
Blue_Dragon_vs_Pantheon_g4,1952,749,12345,370,0,77,33,49,10,-4.313131313131313,8.666666666666666,7.575757575757576,14804,False
Blue_Dragon_vs_Pantheon_g4,1953,758,12345,370,0,78,33,49,10,-4.202020202020202,8.666666666666666,7.6767676767676765,14814,False
Blue_Dragon_vs_Pantheon_g4,1954,767,12345,370,0,79,33,49,10,-4.101010101010101,8.666666666666666,7.777777777777778,14824,False
Blue_Dragon_vs_Pantheon_g4,1955,777,12345,370,0,80,33,49,10,-4.101010101010101,8.666666666666666,7.777777777777778,14834,False
Blue_Dragon_vs_Pantheon_g4,1956,797,12345,370,0,81,33,49,10,-4.0,8.666666666666666,7.777777777777778,14844,False
Blue_Dragon_vs_Pantheon_g4,1957,795,12350,370,0,82,33,49,10,-4.121212121212121,9.333333333333334,7.777777777777778,14854,False
Blue_Dragon_vs_Pantheon_g4,1958,803,12350,370,0,83,33,49,10,-4.03030303030303,10.0,7.777777777777778,14864,False
Blue_Dragon_vs_Pantheon_g4,1959,813,12350,370,0,84,33,49,10,-4.1313131313131315,10.0,7.777777777777778,14874,False
Blue_Dragon_vs_Pantheon_g4,1960,833,12350,370,0,85,33,49,10,-4.03030303030303,10.0,7.777777777777778,14884,False
Blue_Dragon_vs_Pantheon_g4,1961,842,12350,370,0,86,33,49,10,-4.040404040404041,10.0,7.878787878787879,14894,False
Blue_Dragon_vs_Pantheon_g4,1962,850,12350,370,0,87,33,49,10,-3.95959595959596,10.0,7.97979797979798,14904,False
Blue_Dragon_vs_Pantheon_g4,1963,858,12350,370,0,88,33,49,10,-3.9696969696969697,10.0,7.97979797979798,14914,False
Blue_Dragon_vs_Pantheon_g4,1964,878,12350,370,0,89,33,49,10,-3.8686868686868685,10.0,7.97979797979798,14924,False
Blue_Dragon_vs_Pantheon_g4,1965,887,12350,370,0,90,33,49,10,-3.878787878787879,10.0,7.97979797979798,14934,False
Blue_Dragon_vs_Pantheon_g4,1966,895,12350,370,0,91,33,49,10,-3.898989898989899,10.0,7.97979797979798,14944,False
Blue_Dragon_vs_Pantheon_g4,1967,905,12350,370,0,92,33,49,10,-4.0,10.0,7.97979797979798,14954,False
Blue_Dragon_vs_Pantheon_g4,1968,925,12350,370,0,93,33,49,10,-3.898989898989899,10.0,7.97979797979798,14964,False
Blue_Dragon_vs_Pantheon_g4,1969,934,12350,370,0,94,33,49,10,-3.909090909090909,10.0,8.080808080808081,14974,False
Blue_Dragon_vs_Pantheon_g4,1970,942,12350,370,0,95,33,49,10,-3.8282828282828283,10.0,8.181818181818182,14984,False
Blue_Dragon_vs_Pantheon_g4,1971,951,12350,370,0,96,33,49,10,-3.8383838383838382,9.333333333333334,8.080808080808081,14984,False
Blue_Dragon_vs_Pantheon_g4,1972,961,12350,370,0,97,33,49,10,-3.8383838383838382,9.333333333333334,8.080808080808081,14994,False
Blue_Dragon_vs_Pantheon_g4,1973,970,12350,370,0,98,33,49,10,-3.8484848484848486,9.333333333333334,8.080808080808081,15004,False
Blue_Dragon_vs_Pantheon_g4,1974,979,12350,370,0,99,33,49,10,-3.8585858585858586,9.333333333333334,8.080808080808081,15014,False
Blue_Dragon_vs_Pantheon_g4,1975,989,12350,370,0,100,33,49,10,-0.46464646464646464,9.333333333333334,8.080808080808081,15024,False
Blue_Dragon_vs_Pantheon_g4,1976,1009,12350,370,0,101,33,49,10,-0.36363636363636365,9.333333333333334,8.080808080808081,15034,False
Blue_Dragon_vs_Pantheon_g4,1977,1018,12350,370,0,102,33,49,10,-0.36363636363636365,9.333333333333334,8.181818181818182,15044,False
Blue_Dragon_vs_Pantheon_g4,1978,1026,12350,370,0,103,33,49,10,-0.2828282828282828,9.333333333333334,8.282828282828282,15054,False
Blue_Dragon_vs_Pantheon_g4,1979,1035,12350,370,0,104,33,49,10,-0.29292929292929293,8.666666666666666,8.181818181818182,15054,False
Blue_Dragon_vs_Pantheon_g4,1980,1044,12350,370,0,105,33,49,10,-0.30303030303030304,8.666666666666666,8.181818181818182,15064,False
Blue_Dragon_vs_Pantheon_g4,1981,1053,12350,370,0,106,33,49,10,-0.31313131313131315,8.666666666666666,8.181818181818182,15074,False
Blue_Dragon_vs_Pantheon_g4,1982,1061,12350,370,0,107,33,49,10,-0.3333333333333333,8.666666666666666,8.181818181818182,15084,False
Blue_Dragon_vs_Pantheon_g4,1983,1071,12350,370,0,108,33,49,10,-0.43434343434343436,8.666666666666666,8.181818181818182,15094,False
Blue_Dragon_vs_Pantheon_g4,1984,1091,12350,370,0,109,33,49,10,-0.3333333333333333,8.666666666666666,8.181818181818182,15104,False
Blue_Dragon_vs_Pantheon_g4,1985,1100,12350,370,0,110,33,49,10,-0.3434343434343434,8.666666666666666,8.282828282828282,15114,False
Blue_Dragon_vs_Pantheon_g4,1986,1108,12350,370,0,111,33,49,10,-0.26262626262626265,9.333333333333334,8.383838383838384,15124,False
Blue_Dragon_vs_Pantheon_g4,1987,1117,12350,370,0,112,33,49,10,-0.2727272727272727,8.666666666666666,8.282828282828282,15124,False
Blue_Dragon_vs_Pantheon_g4,1988,1127,12350,370,0,113,33,49,10,-0.2727272727272727,8.666666666666666,8.282828282828282,15134,False
Blue_Dragon_vs_Pantheon_g4,1989,1136,12350,370,0,114,33,49,10,-0.2828282828282828,8.666666666666666,8.282828282828282,15144,False
Blue_Dragon_vs_Pantheon_g4,1990,1144,12350,370,0,115,33,49,10,-0.30303030303030304,8.666666666666666,8.282828282828282,15154,False
Blue_Dragon_vs_Pantheon_g4,1991,1154,12350,370,0,116,33,49,10,-0.40404040404040403,8.666666666666666,8.282828282828282,15164,False
Blue_Dragon_vs_Pantheon_g4,1992,1174,12350,370,0,117,33,49,10,-0.30303030303030304,8.666666666666666,8.282828282828282,15174,False
Blue_Dragon_vs_Pantheon_g4,1993,1183,12350,370,0,118,33,49,10,-0.31313131313131315,8.666666666666666,8.383838383838384,15184,False
Blue_Dragon_vs_Pantheon_g4,1994,1191,12350,370,0,119,33,49,10,-0.23232323232323232,9.333333333333334,8.484848484848484,15194,False
Blue_Dragon_vs_Pantheon_g4,1995,1199,12350,370,0,120,33,49,10,-0.25252525252525254,8.666666666666666,8.383838383838384,15194,False
Blue_Dragon_vs_Pantheon_g4,1996,1209,12350,370,0,121,33,49,10,-0.25252525252525254,8.666666666666666,8.383838383838384,15204,False
Blue_Dragon_vs_Pantheon_g4,1997,1218,12350,370,0,122,33,49,10,-0.26262626262626265,8.666666666666666,8.383838383838384,15214,False
Blue_Dragon_vs_Pantheon_g4,1998,1226,12350,370,0,123,33,49,10,-0.2828282828282828,8.666666666666666,8.383838383838384,15224,False
Blue_Dragon_vs_Pantheon_g4,1999,1236,12350,370,0,124,33,49,10,-0.3838383838383838,8.666666666666666,8.383838383838384,15234,False
Blue_Dragon_vs_Pantheon_g5,0,500,1000,30,0,0,0,1,0,0.0,0.0,0.0,0,True
Blue_Dragon_vs_Pantheon_g5,1,470,1200,36,0,1,1,2,0,0.0,0.0,0.0,0,True
Blue_Dragon_vs_Pantheon_g5,2,433,1405,42,0,1,2,3,0,0.0,0.0,0.0,0,True
Blue_Dragon_vs_Pantheon_g5,3,389,1615,48,0,1,3,4,0,0.0,0.0,0.0,0,True
Blue_Dragon_vs_Pantheon_g5,4,345,1830,54,0,1,4,4,0,0.0,0.0,0.0,0,False
Blue_Dragon_vs_Pantheon_g5,5,335,1850,55,0,2,4,4,0,0.0,0.0,0.0,0,False
Blue_Dragon_vs_Pantheon_g5,6,325,1870,56,0,3,4,4,0,0.0,0.0,0.0,0,False
Blue_Dragon_vs_Pantheon_g5,7,322,1885,56,0,4,4,4,0,0.0,0.0,0.0,0,False
Blue_Dragon_vs_Pantheon_g5,8,324,1910,57,0,5,4,5,1,0.0,0.0,0.0,0,False
Blue_Dragon_vs_Pantheon_g5,9,275,1980,59,0,6,4,5,1,0.0,0.0,0.0,0,False
Blue_Dragon_vs_Pantheon_g5,10,254,2010,60,0,7,4,5,1,0.0,0.0,0.0,0,False
Blue_Dragon_vs_Pantheon_g5,11,234,2040,61,0,8,4,6,2,0.0,0.0,0.0,10,False
Blue_Dragon_vs_Pantheon_g5,12,201,2110,63,0,9,4,7,3,0.0,0.0,0.0,10,False
Blue_Dragon_vs_Pantheon_g5,13,151,2170,65,0,10,4,7,3,0.0,0.0,0.0,10,False
Blue_Dragon_vs_Pantheon_g5,14,133,2190,65,0,11,4,8,4,0.0,0.0,0.0,10,False
Blue_Dragon_vs_Pantheon_g5,15,78,2250,67,0,12,4,8,4,0.0,2.0,0.0,30,False
Blue_Dragon_vs_Pantheon_g5,16,96,2265,67,0,13,4,8,4,0.0,2.0,0.0,30,False
Blue_Dragon_vs_Pantheon_g5,17,84,2280,68,0,14,4,8,4,0.0,2.0,0.0,30,False
Blue_Dragon_vs_Pantheon_g5,18,76,2295,68,0,15,4,8,4,0.0,2.0,0.0,30,False
Blue_Dragon_vs_Pantheon_g5,19,68,2310,69,0,16,4,8,4,0.0,3.3333333333333335,0.0,50,False
Blue_Dragon_vs_Pantheon_g5,20,94,2320,69,0,17,4,8,4,0.0,4.0,0.0,60,False
Blue_Dragon_vs_Pantheon_g5,21,98,2335,70,0,18,4,8,4,0.0,4.0,0.0,60,False
Blue_Dragon_vs_Pantheon_g5,22,94,2345,70,0,19,4,8,4,0.0,4.0,0.0,60,False
Blue_Dragon_vs_Pantheon_g5,23,90,2355,70,0,20,4,8,4,0.0,5.333333333333333,0.0,80,False
Blue_Dragon_vs_Pantheon_g5,24,116,2365,70,0,21,4,8,4,0.0,6.0,0.0,90,False
Blue_Dragon_vs_Pantheon_g5,25,122,2375,71,0,22,4,8,4,0.0,6.666666666666667,0.0,100,False
Blue_Dragon_vs_Pantheon_g5,26,128,2385,71,0,23,4,8,4,0.0,6.0,0.0,100,False
Blue_Dragon_vs_Pantheon_g5,27,126,2385,71,0,24,4,8,4,0.0,7.333333333333333,0.0,120,False
Blue_Dragon_vs_Pantheon_g5,28,150,2395,71,0,25,4,8,4,0.0,8.0,0.0,130,False
Blue_Dragon_vs_Pantheon_g5,29,154,2405,72,0,26,4,8,4,0.0,8.666666666666666,0.0,140,False
Blue_Dragon_vs_Pantheon_g5,30,158,2420,72,0,27,4,8,4,0.0,7.333333333333333,0.0,140,False
Blue_Dragon_vs_Pantheon_g5,31,152,2435,73,0,28,4,8,4,0.0,8.666666666666666,0.0,160,False
Blue_Dragon_vs_Pantheon_g5,32,178,2440,73,0,29,4,8,4,0.0,9.333333333333334,0.0,170,False
Blue_Dragon_vs_Pantheon_g5,33,182,2450,73,0,30,4,8,4,0.0,10.0,0.0,180,False
Blue_Dragon_vs_Pantheon_g5,34,190,2450,73,0,31,4,8,4,0.0,8.666666666666666,0.0,180,False
Blue_Dragon_vs_Pantheon_g5,35,188,2450,73,0,32,4,8,4,0.0,9.333333333333334,0.0,200,False
Blue_Dragon_vs_Pantheon_g5,36,216,2450,73,0,33,4,8,4,0.0,10.0,0.0,210,False
Blue_Dragon_vs_Pantheon_g5,37,224,2450,73,0,34,4,8,4,0.0,10.666666666666666,0.0,220,False
Blue_Dragon_vs_Pantheon_g5,38,232,2455,73,0,35,4,8,4,0.0,9.333333333333334,0.0,220,False
Blue_Dragon_vs_Pantheon_g5,39,230,2455,73,0,36,4,8,4,0.0,10.0,0.0,240,False
Blue_Dragon_vs_Pantheon_g5,40,254,2465,73,0,37,4,8,4,0.0,10.0,0.0,250,False
Blue_Dragon_vs_Pantheon_g5,41,260,2470,74,0,38,4,8,4,0.0,10.666666666666666,0.0,260,False
Blue_Dragon_vs_Pantheon_g5,42,268,2475,74,0,39,4,8,4,0.0,9.333333333333334,0.0,260,False
Blue_Dragon_vs_Pantheon_g5,43,268,2475,74,0,40,4,8,4,0.0,10.0,0.0,280,False
Blue_Dragon_vs_Pantheon_g5,44,289,2485,74,0,41,4,8,4,0.0,10.0,0.0,290,False
Blue_Dragon_vs_Pantheon_g5,45,292,2495,74,0,42,4,8,4,0.0,10.666666666666666,0.0,300,False
Blue_Dragon_vs_Pantheon_g5,46,295,2505,75,0,43,4,8,4,0.0,9.333333333333334,0.0,300,False
Blue_Dragon_vs_Pantheon_g5,47,288,2515,75,0,44,4,8,4,0.0,10.0,0.0,320,False
Blue_Dragon_vs_Pantheon_g5,48,309,2525,75,0,45,4,9,5,0.0,10.0,0.0,330,False
Blue_Dragon_vs_Pantheon_g5,49,269,2575,77,0,46,4,9,5,0.0,10.666666666666666,0.0,340,False
Blue_Dragon_vs_Pantheon_g5,50,272,2580,77,0,47,4,9,5,0.0,9.333333333333334,0.0,340,False
Blue_Dragon_vs_Pantheon_g5,51,265,2590,77,0,48,4,9,5,0.0,10.0,0.0,360,False
Blue_Dragon_vs_Pantheon_g5,52,288,2600,78,0,49,4,9,5,0.0,10.0,0.0,370,False
Blue_Dragon_vs_Pantheon_g5,53,291,2610,78,0,50,4,9,5,0.0,10.666666666666666,0.0,380,False
Blue_Dragon_vs_Pantheon_g5,54,292,2620,78,0,51,4,9,5,0.0,9.333333333333334,0.0,380,False
Blue_Dragon_vs_Pantheon_g5,55,283,2635,79,0,52,4,9,5,0.0,10.0,0.0,400,False
Blue_Dragon_vs_Pantheon_g5,56,306,2645,79,0,53,4,9,5,0.0,10.0,0.0,410,False
Blue_Dragon_vs_Pantheon_g5,57,307,2650,79,0,54,4,9,5,0.0,10.666666666666666,0.0,420,False
Blue_Dragon_vs_Pantheon_g5,58,308,2660,79,0,55,4,9,5,0.0,9.333333333333334,0.0,420,False
Blue_Dragon_vs_Pantheon_g5,59,308,2660,79,0,56,4,9,5,0.0,10.0,0.0,440,False
Blue_Dragon_vs_Pantheon_g5,60,331,2670,80,0,57,4,9,5,0.0,10.0,0.0,450,False
Blue_Dragon_vs_Pantheon_g5,61,339,2670,80,0,58,4,9,5,0.0,10.666666666666666,0.0,460,False
Blue_Dragon_vs_Pantheon_g5,62,345,2670,80,0,59,4,9,5,0.0,10.0,0.0,470,False
Blue_Dragon_vs_Pantheon_g5,63,353,2670,80,0,60,4,9,5,0.0,10.0,0.0,480,False
Blue_Dragon_vs_Pantheon_g5,64,371,2675,80,0,61,4,9,5,0.0,10.0,0.0,490,False
Blue_Dragon_vs_Pantheon_g5,65,371,2690,80,0,62,4,9,5,0.0,11.333333333333334,0.0,510,False
Blue_Dragon_vs_Pantheon_g5,66,391,2690,80,0,63,4,9,5,0.0,10.666666666666666,0.0,520,False
Blue_Dragon_vs_Pantheon_g5,67,399,2690,80,0,64,4,9,5,0.0,11.333333333333334,0.0,540,False
Blue_Dragon_vs_Pantheon_g5,68,427,2695,80,0,65,4,9,5,0.0,11.333333333333334,0.0,550,False
Blue_Dragon_vs_Pantheon_g5,69,429,2705,81,0,66,4,9,5,0.0,12.0,0.0,560,False
Blue_Dragon_vs_Pantheon_g5,70,429,2710,81,0,67,4,9,5,0.0,11.333333333333334,0.0,570,False
Blue_Dragon_vs_Pantheon_g5,71,437,2715,81,0,68,4,9,5,0.0,11.333333333333334,0.0,580,False
Blue_Dragon_vs_Pantheon_g5,72,455,2715,81,0,69,4,9,5,0.0,11.333333333333334,0.0,590,False
Blue_Dragon_vs_Pantheon_g5,73,465,2715,81,0,70,4,9,5,0.0,12.666666666666666,0.0,610,False
Blue_Dragon_vs_Pantheon_g5,74,485,2715,81,0,71,4,10,5,0.0,12.0,0.0,620,True
Blue_Dragon_vs_Pantheon_g5,75,412,2915,87,0,1,5,10,5,0.0,12.666666666666666,0.0,640,False
Blue_Dragon_vs_Pantheon_g5,76,442,2915,87,0,2,5,10,5,0.0,12.666666666666666,0.0,650,False
Blue_Dragon_vs_Pantheon_g5,77,452,2915,87,0,3,5,10,5,0.0,12.666666666666666,0.0,660,False
Blue_Dragon_vs_Pantheon_g5,78,456,2920,87,0,4,5,10,5,0.0,12.666666666666666,0.0,670,False
Blue_Dragon_vs_Pantheon_g5,79,464,2920,87,0,5,5,10,5,0.0,12.666666666666666,0.0,680,False
Blue_Dragon_vs_Pantheon_g5,80,484,2920,87,0,6,5,10,5,0.0,12.0,0.0,690,False
Blue_Dragon_vs_Pantheon_g5,81,494,2920,87,0,7,5,11,5,0.0,12.666666666666666,0.0,710,True
Blue_Dragon_vs_Pantheon_g5,82,427,3120,93,0,1,6,11,5,0.0,12.0,0.0,720,False
Blue_Dragon_vs_Pantheon_g5,83,437,3120,93,0,2,6,11,5,0.0,12.666666666666666,0.0,740,False
Blue_Dragon_vs_Pantheon_g5,84,464,3125,93,0,3,6,11,5,0.0,12.666666666666666,0.0,750,False
Blue_Dragon_vs_Pantheon_g5,85,474,3125,93,0,4,6,11,5,0.0,12.666666666666666,0.0,760,False
Blue_Dragon_vs_Pantheon_g5,86,464,3135,94,0,5,6,13,6,0.0,12.666666666666666,0.0,770,False
Blue_Dragon_vs_Pantheon_g5,87,313,3370,101,0,6,6,13,6,0.0,12.666666666666666,0.0,780,False
Blue_Dragon_vs_Pantheon_g5,88,328,3375,101,0,7,6,14,6,0.0,12.0,0.0,790,False
Blue_Dragon_vs_Pantheon_g5,89,305,3475,104,0,8,6,14,6,0.0,12.666666666666666,0.0,810,False
Blue_Dragon_vs_Pantheon_g5,90,325,3475,104,0,9,6,14,6,0.0,12.0,0.0,820,False
Blue_Dragon_vs_Pantheon_g5,91,333,3475,104,0,10,6,14,6,0.0,12.666666666666666,0.0,840,False
Blue_Dragon_vs_Pantheon_g5,92,356,3485,104,0,11,6,15,6,0.0,12.666666666666666,0.0,850,False
Blue_Dragon_vs_Pantheon_g5,93,261,3680,110,0,12,6,16,6,0.0,12.666666666666666,0.0,860,True
Blue_Dragon_vs_Pantheon_g5,94,160,3880,116,0,1,7,16,6,0.0,12.666666666666666,0.0,870,False
Blue_Dragon_vs_Pantheon_g5,95,168,3880,116,0,2,7,16,6,0.0,12.666666666666666,0.0,880,False
Blue_Dragon_vs_Pantheon_g5,96,181,3885,116,0,3,7,16,6,0.0,12.0,0.0,890,False
Blue_Dragon_vs_Pantheon_g5,97,183,3890,116,0,4,7,16,6,0.0,12.666666666666666,0.0,910,False
Blue_Dragon_vs_Pantheon_g5,98,198,3895,116,0,5,7,16,6,0.0,12.0,0.0,920,False
Blue_Dragon_vs_Pantheon_g5,99,205,3895,116,0,6,7,16,6,-2.9797979797979797,12.666666666666666,9.494949494949495,940,False
Blue_Dragon_vs_Pantheon_g5,100,229,3900,117,0,7,7,16,6,-2.4343434343434343,12.666666666666666,9.595959595959595,950,False
Blue_Dragon_vs_Pantheon_g5,101,236,3900,117,0,8,7,16,6,-1.9898989898989898,12.666666666666666,9.696969696969697,960,False
Blue_Dragon_vs_Pantheon_g5,102,242,3905,117,0,9,7,16,6,-1.4848484848484849,12.666666666666666,9.797979797979798,970,False
Blue_Dragon_vs_Pantheon_g5,103,245,3910,117,0,10,7,16,6,-1.0101010101010102,12.666666666666666,9.8989898989899,980,False
Blue_Dragon_vs_Pantheon_g5,104,265,3910,117,0,11,7,16,6,-0.7070707070707071,12.0,10.0,990,False
Blue_Dragon_vs_Pantheon_g5,105,272,3915,117,0,12,7,16,6,-0.5353535353535354,12.666666666666666,10.202020202020202,1010,False
Blue_Dragon_vs_Pantheon_g5,106,289,3920,117,0,13,7,16,6,-0.3333333333333333,12.0,10.303030303030303,1020,False
Blue_Dragon_vs_Pantheon_g5,107,298,3920,117,0,14,7,16,6,-0.26262626262626265,12.666666666666666,10.505050505050505,1040,False
Blue_Dragon_vs_Pantheon_g5,108,326,3920,117,0,15,7,16,6,0.5151515151515151,12.666666666666666,10.606060606060606,1050,False
Blue_Dragon_vs_Pantheon_g5,109,334,3920,117,0,16,7,16,6,0.8080808080808081,12.666666666666666,10.707070707070708,1060,False
Blue_Dragon_vs_Pantheon_g5,110,342,3920,117,0,17,7,16,6,1.0909090909090908,12.666666666666666,10.707070707070708,1070,False
Blue_Dragon_vs_Pantheon_g5,111,348,3920,117,0,18,7,15,6,1.4848484848484849,12.666666666666666,10.808080808080808,1080,False
Blue_Dragon_vs_Pantheon_g5,112,366,3820,114,0,19,7,16,6,2.1717171717171717,12.0,10.909090909090908,1090,False
Blue_Dragon_vs_Pantheon_g5,113,338,3920,117,0,20,7,16,6,2.0707070707070705,12.666666666666666,11.11111111111111,1110,False
Blue_Dragon_vs_Pantheon_g5,114,354,3925,117,0,21,7,16,6,2.787878787878788,12.0,11.01010101010101,1120,False
Blue_Dragon_vs_Pantheon_g5,115,363,3925,117,0,22,7,16,6,2.696969696969697,12.666666666666666,11.212121212121213,1140,False
Blue_Dragon_vs_Pantheon_g5,116,393,3925,117,0,23,7,16,6,3.121212121212121,12.666666666666666,11.313131313131313,1150,False
Blue_Dragon_vs_Pantheon_g5,117,397,3930,117,0,24,7,16,6,3.242424242424242,12.666666666666666,11.414141414141413,1160,False
Blue_Dragon_vs_Pantheon_g5,118,405,3930,117,0,25,7,15,6,3.404040404040404,12.666666666666666,11.313131313131313,1170,False
Blue_Dragon_vs_Pantheon_g5,119,414,3830,114,0,26,7,15,6,3.2323232323232323,12.666666666666666,11.313131313131313,1180,False
Blue_Dragon_vs_Pantheon_g5,120,434,3830,114,0,27,7,15,6,3.393939393939394,12.0,11.414141414141413,1190,False
Blue_Dragon_vs_Pantheon_g5,121,444,3830,114,0,28,7,15,6,3.5353535353535355,12.666666666666666,11.616161616161616,1210,False
Blue_Dragon_vs_Pantheon_g5,122,458,3840,115,0,29,7,15,6,3.717171717171717,12.0,11.515151515151516,1220,False
Blue_Dragon_vs_Pantheon_g5,123,468,3840,115,0,30,7,15,6,3.5555555555555554,12.666666666666666,11.616161616161616,1240,False
Blue_Dragon_vs_Pantheon_g5,124,497,3840,115,0,31,7,15,6,3.787878787878788,12.666666666666666,11.616161616161616,1250,False
Blue_Dragon_vs_Pantheon_g5,125,501,3845,115,0,32,7,15,6,3.7676767676767677,12.666666666666666,11.717171717171718,1260,False
Blue_Dragon_vs_Pantheon_g5,126,510,3845,115,0,33,7,15,6,3.878787878787879,12.666666666666666,11.616161616161616,1270,False
Blue_Dragon_vs_Pantheon_g5,127,519,3845,115,0,34,7,15,6,3.727272727272727,12.666666666666666,11.616161616161616,1280,False
Blue_Dragon_vs_Pantheon_g5,128,538,3845,115,0,35,7,15,6,3.878787878787879,12.0,11.616161616161616,1290,False
Blue_Dragon_vs_Pantheon_g5,129,546,3845,115,0,36,7,15,6,3.919191919191919,12.666666666666666,11.818181818181818,1310,False
Blue_Dragon_vs_Pantheon_g5,130,565,3845,115,0,37,7,14,6,4.171717171717172,12.0,11.717171717171718,1320,False
Blue_Dragon_vs_Pantheon_g5,131,573,3645,109,0,38,7,16,6,3.98989898989899,12.666666666666666,11.818181818181818,1340,True
Blue_Dragon_vs_Pantheon_g5,132,456,3930,117,0,1,8,17,6,2.7676767676767677,12.666666666666666,11.818181818181818,1350,False
Blue_Dragon_vs_Pantheon_g5,133,426,4025,120,0,2,8,17,6,2.3838383838383836,12.666666666666666,11.919191919191919,1360,False
Blue_Dragon_vs_Pantheon_g5,134,430,4025,120,0,3,8,17,6,2.4444444444444446,12.666666666666666,11.818181818181818,1370,False
Blue_Dragon_vs_Pantheon_g5,135,432,4035,121,0,4,8,16,6,2.1818181818181817,12.666666666666666,11.818181818181818,1380,False
Blue_Dragon_vs_Pantheon_g5,136,451,3935,118,0,5,8,16,6,2.292929292929293,12.0,11.818181818181818,1390,False
Blue_Dragon_vs_Pantheon_g5,137,460,3935,118,0,6,8,17,6,2.303030303030303,12.666666666666666,12.02020202020202,1410,False
Blue_Dragon_vs_Pantheon_g5,138,399,4025,120,0,7,8,18,6,1.707070707070707,12.0,11.919191919191919,1420,False
Blue_Dragon_vs_Pantheon_g5,139,369,4125,123,0,8,8,18,6,1.1616161616161615,12.666666666666666,12.02020202020202,1440,False
Blue_Dragon_vs_Pantheon_g5,140,399,4115,123,0,9,8,18,6,1.404040404040404,12.666666666666666,12.02020202020202,1450,False
Blue_Dragon_vs_Pantheon_g5,141,405,4120,123,0,10,8,18,6,1.3838383838383839,12.666666666666666,12.121212121212121,1460,False
Blue_Dragon_vs_Pantheon_g5,142,413,4120,123,0,11,8,17,6,1.4646464646464648,12.666666666666666,12.02020202020202,1470,False
Blue_Dragon_vs_Pantheon_g5,143,418,3925,117,0,12,8,17,6,1.303030303030303,12.666666666666666,12.02020202020202,1480,False
Blue_Dragon_vs_Pantheon_g5,144,432,3925,117,0,13,8,17,6,1.4141414141414141,12.0,12.02020202020202,1490,False
Blue_Dragon_vs_Pantheon_g5,145,438,3930,117,0,14,8,17,6,1.4444444444444444,12.666666666666666,12.222222222222221,1510,False
Blue_Dragon_vs_Pantheon_g5,146,456,3930,117,0,15,8,18,6,1.696969696969697,12.0,12.121212121212121,1520,True
Blue_Dragon_vs_Pantheon_g5,147,345,4130,123,0,1,9,18,6,0.36363636363636365,12.666666666666666,12.222222222222221,1540,False
Blue_Dragon_vs_Pantheon_g5,148,332,4130,123,0,2,9,18,6,0.6363636363636364,12.666666666666666,12.222222222222221,1550,False
Blue_Dragon_vs_Pantheon_g5,149,339,4130,123,0,3,9,18,6,0.6767676767676768,12.666666666666666,12.323232323232324,1560,False
Blue_Dragon_vs_Pantheon_g5,150,341,4135,124,0,4,9,18,6,0.7676767676767676,12.666666666666666,12.222222222222221,1570,False
Blue_Dragon_vs_Pantheon_g5,151,347,4135,124,0,5,9,18,6,0.5959595959595959,12.666666666666666,12.222222222222221,1580,False
Blue_Dragon_vs_Pantheon_g5,152,362,4130,123,0,6,9,18,6,0.7171717171717171,12.0,12.222222222222221,1590,False
Blue_Dragon_vs_Pantheon_g5,153,367,4135,124,0,7,9,18,6,0.7575757575757576,12.666666666666666,12.424242424242424,1610,False
Blue_Dragon_vs_Pantheon_g5,154,384,4135,124,0,8,9,18,6,1.02020202020202,12.0,12.323232323232324,1620,False
Blue_Dragon_vs_Pantheon_g5,155,388,4135,124,0,9,9,18,6,0.8282828282828283,12.666666666666666,12.424242424242424,1640,False
Blue_Dragon_vs_Pantheon_g5,156,415,4130,123,0,10,9,18,6,1.0909090909090908,12.666666666666666,12.424242424242424,1650,False
Blue_Dragon_vs_Pantheon_g5,157,422,4125,123,0,11,9,18,6,1.1515151515151516,12.666666666666666,12.525252525252526,1660,False
Blue_Dragon_vs_Pantheon_g5,158,427,4125,123,0,12,9,18,6,1.202020202020202,12.666666666666666,12.424242424242424,1670,False
Blue_Dragon_vs_Pantheon_g5,159,434,4125,123,0,13,9,18,6,1.0404040404040404,12.666666666666666,12.424242424242424,1680,False
Blue_Dragon_vs_Pantheon_g5,160,447,4130,123,0,14,9,18,6,1.0909090909090908,12.0,12.424242424242424,1690,False
Blue_Dragon_vs_Pantheon_g5,161,452,4130,123,0,15,9,18,6,1.0808080808080809,12.666666666666666,12.525252525252526,1710,False
Blue_Dragon_vs_Pantheon_g5,162,464,4135,124,0,16,9,18,6,1.121212121212121,12.0,12.525252525252526,1720,False
Blue_Dragon_vs_Pantheon_g5,163,418,4145,124,0,17,9,18,6,0.47474747474747475,12.666666666666666,12.626262626262626,1740,False
Blue_Dragon_vs_Pantheon_g5,164,441,4145,124,0,18,9,18,6,0.7070707070707071,12.666666666666666,12.525252525252526,1750,False
Blue_Dragon_vs_Pantheon_g5,165,443,4145,124,0,19,9,18,6,0.5252525252525253,12.666666666666666,12.525252525252526,1760,False
Blue_Dragon_vs_Pantheon_g5,166,449,4145,124,0,20,9,18,6,0.5050505050505051,12.666666666666666,12.424242424242424,1770,False
Blue_Dragon_vs_Pantheon_g5,167,453,4145,124,0,21,9,17,6,0.26262626262626265,12.666666666666666,12.424242424242424,1780,False
Blue_Dragon_vs_Pantheon_g5,168,469,3945,118,0,22,9,17,6,0.40404040404040403,12.0,12.424242424242424,1790,False
Blue_Dragon_vs_Pantheon_g5,169,474,3940,118,0,23,9,17,6,0.45454545454545453,12.666666666666666,12.525252525252526,1810,False
Blue_Dragon_vs_Pantheon_g5,170,490,3940,118,0,24,9,17,6,0.5353535353535354,12.0,12.525252525252526,1820,False
Blue_Dragon_vs_Pantheon_g5,171,497,3940,118,0,25,9,17,6,0.42424242424242425,12.666666666666666,12.626262626262626,1840,False
Blue_Dragon_vs_Pantheon_g5,172,523,3940,118,0,26,9,17,6,0.5858585858585859,12.666666666666666,12.525252525252526,1850,False
Blue_Dragon_vs_Pantheon_g5,173,528,3940,118,0,27,9,17,6,0.43434343434343436,12.666666666666666,12.525252525252526,1860,False
Blue_Dragon_vs_Pantheon_g5,174,536,3940,118,0,28,9,17,6,1.2525252525252526,12.666666666666666,12.424242424242424,1870,False
Blue_Dragon_vs_Pantheon_g5,175,542,3940,118,0,29,9,17,6,1.0101010101010102,12.666666666666666,12.424242424242424,1880,False
Blue_Dragon_vs_Pantheon_g5,176,558,3940,118,0,30,9,17,6,1.0707070707070707,12.0,12.424242424242424,1890,False
Blue_Dragon_vs_Pantheon_g5,177,565,3945,118,0,31,9,17,6,1.101010101010101,12.666666666666666,12.525252525252526,1910,False
Blue_Dragon_vs_Pantheon_g5,178,585,3945,118,0,32,9,17,6,1.2222222222222223,12.0,12.525252525252526,1920,False
Blue_Dragon_vs_Pantheon_g5,179,594,3945,118,0,33,9,17,6,1.1111111111111112,12.666666666666666,12.626262626262626,1940,False
Blue_Dragon_vs_Pantheon_g5,180,616,3950,118,0,34,9,17,6,1.2323232323232323,12.666666666666666,12.525252525252526,1950,True
Blue_Dragon_vs_Pantheon_g5,181,505,4050,121,0,1,10,18,6,0.7878787878787878,12.666666666666666,12.525252525252526,1960,False
Blue_Dragon_vs_Pantheon_g5,182,474,4145,124,0,2,10,18,6,0.37373737373737376,12.666666666666666,12.424242424242424,1970,False
Blue_Dragon_vs_Pantheon_g5,183,479,4145,124,0,3,10,18,6,0.15151515151515152,12.666666666666666,12.424242424242424,1980,False
Blue_Dragon_vs_Pantheon_g5,184,484,4155,124,0,4,10,18,6,0.10101010101010101,12.0,12.424242424242424,1990,False
Blue_Dragon_vs_Pantheon_g5,185,486,4150,124,0,5,10,18,6,0.2222222222222222,12.666666666666666,12.525252525252526,2010,False
Blue_Dragon_vs_Pantheon_g5,186,498,4150,124,0,6,10,18,6,1.8686868686868687,12.0,12.525252525252526,2020,False
Blue_Dragon_vs_Pantheon_g5,187,496,4155,124,0,7,10,18,6,1.696969696969697,12.666666666666666,12.626262626262626,2040,False
Blue_Dragon_vs_Pantheon_g5,188,520,4155,124,0,8,10,18,6,2.1717171717171717,12.666666666666666,12.525252525252526,2050,False
Blue_Dragon_vs_Pantheon_g5,189,525,4155,124,0,9,10,18,6,2.0202020202020203,12.666666666666666,12.525252525252526,2060,False
Blue_Dragon_vs_Pantheon_g5,190,530,4155,124,0,10,10,18,6,1.9898989898989898,12.666666666666666,12.424242424242424,2070,False
Blue_Dragon_vs_Pantheon_g5,191,538,4155,124,0,11,10,17,6,1.8383838383838385,12.666666666666666,12.424242424242424,2080,False
Blue_Dragon_vs_Pantheon_g5,192,556,3955,118,0,12,10,17,6,2.9797979797979797,12.0,12.424242424242424,2090,False
Blue_Dragon_vs_Pantheon_g5,193,565,3955,118,0,13,10,17,6,4.090909090909091,12.666666666666666,12.525252525252526,2110,False
Blue_Dragon_vs_Pantheon_g5,194,578,3965,118,0,14,10,17,6,4.141414141414141,12.0,12.525252525252526,2120,False
Blue_Dragon_vs_Pantheon_g5,195,549,3965,118,0,15,10,17,6,3.717171717171717,12.666666666666666,12.626262626262626,2140,False
Blue_Dragon_vs_Pantheon_g5,196,529,3970,119,0,16,10,17,6,3.494949494949495,12.666666666666666,12.525252525252526,2150,False
Blue_Dragon_vs_Pantheon_g5,197,538,3970,119,0,17,10,17,6,3.4343434343434343,12.666666666666666,12.525252525252526,2160,False
Blue_Dragon_vs_Pantheon_g5,198,547,3970,119,0,18,10,17,6,3.4545454545454546,12.666666666666666,12.424242424242424,2170,False
Blue_Dragon_vs_Pantheon_g5,199,554,3970,119,0,19,10,17,6,3.282828282828283,12.666666666666666,12.424242424242424,2180,False
Blue_Dragon_vs_Pantheon_g5,200,569,3970,119,0,20,10,17,6,3.3636363636363638,12.0,12.424242424242424,2190,False
Blue_Dragon_vs_Pantheon_g5,201,577,3970,119,0,21,10,17,6,3.3838383838383836,12.666666666666666,12.525252525252526,2210,False
Blue_Dragon_vs_Pantheon_g5,202,590,3975,119,0,22,10,17,6,3.484848484848485,12.0,12.525252525252526,2220,False
Blue_Dragon_vs_Pantheon_g5,203,596,3975,119,0,23,10,17,6,3.3434343434343434,12.666666666666666,12.626262626262626,2240,False
Blue_Dragon_vs_Pantheon_g5,204,622,3975,119,0,24,10,18,6,3.5353535353535355,12.666666666666666,12.525252525252526,2250,True
Blue_Dragon_vs_Pantheon_g5,205,497,4185,125,0,1,11,18,6,2.101010101010101,12.666666666666666,12.525252525252526,2260,False
Blue_Dragon_vs_Pantheon_g5,206,504,4185,125,0,2,11,18,6,2.080808080808081,12.666666666666666,12.424242424242424,2270,False
Blue_Dragon_vs_Pantheon_g5,207,513,4185,125,0,3,11,18,6,1.8888888888888888,12.666666666666666,12.424242424242424,2280,False
Blue_Dragon_vs_Pantheon_g5,208,529,4185,125,0,4,11,18,6,1.9696969696969697,12.0,12.424242424242424,2290,False
Blue_Dragon_vs_Pantheon_g5,209,535,4185,125,0,5,11,18,6,1.9494949494949494,12.666666666666666,12.525252525252526,2310,False
Blue_Dragon_vs_Pantheon_g5,210,511,4185,125,0,6,11,18,6,1.6464646464646464,12.0,12.525252525252526,2320,False
Blue_Dragon_vs_Pantheon_g5,211,518,4185,125,0,7,11,18,6,1.5353535353535352,12.666666666666666,12.626262626262626,2340,False
Blue_Dragon_vs_Pantheon_g5,212,458,4275,128,0,8,11,18,6,1.2121212121212122,12.666666666666666,12.525252525252526,2350,False
Blue_Dragon_vs_Pantheon_g5,213,467,4275,128,0,9,11,18,6,1.1414141414141414,12.666666666666666,12.525252525252526,2360,False
Blue_Dragon_vs_Pantheon_g5,214,476,4275,128,0,10,11,18,6,1.1414141414141414,12.666666666666666,12.424242424242424,2370,False
Blue_Dragon_vs_Pantheon_g5,215,473,4285,128,0,11,11,17,6,0.8080808080808081,12.666666666666666,12.424242424242424,2380,False
Blue_Dragon_vs_Pantheon_g5,216,488,4190,125,0,12,11,18,6,0.9191919191919192,12.0,12.424242424242424,2390,False
Blue_Dragon_vs_Pantheon_g5,217,446,4300,129,0,13,11,18,6,0.41414141414141414,12.666666666666666,12.525252525252526,2410,False
Blue_Dragon_vs_Pantheon_g5,218,456,4305,129,0,14,11,18,6,0.42424242424242425,12.0,12.525252525252526,2420,False
Blue_Dragon_vs_Pantheon_g5,219,456,4305,129,0,15,11,18,6,0.2222222222222222,12.666666666666666,12.626262626262626,2440,False
Blue_Dragon_vs_Pantheon_g5,220,482,4305,129,0,16,11,17,6,0.3838383838383838,12.666666666666666,12.525252525252526,2450,False
Blue_Dragon_vs_Pantheon_g5,221,487,4105,123,0,17,11,17,6,0.29292929292929293,12.666666666666666,12.525252525252526,2460,False
Blue_Dragon_vs_Pantheon_g5,222,493,4105,123,0,18,11,17,6,0.25252525252525254,12.666666666666666,12.424242424242424,2470,False
Blue_Dragon_vs_Pantheon_g5,223,462,4105,123,0,19,11,16,6,-0.35353535353535354,12.666666666666666,12.424242424242424,2480,False
Blue_Dragon_vs_Pantheon_g5,224,481,4005,120,0,20,11,17,6,-0.20202020202020202,12.0,12.424242424242424,2490,False
Blue_Dragon_vs_Pantheon_g5,225,448,4105,123,0,21,11,17,6,-0.6262626262626263,12.666666666666666,12.525252525252526,2510,False
Blue_Dragon_vs_Pantheon_g5,226,463,4110,123,0,22,11,15,6,-0.5656565656565656,12.666666666666666,12.626262626262626,2530,False
Blue_Dragon_vs_Pantheon_g5,227,480,3910,117,0,23,11,16,6,-0.5858585858585859,13.333333333333334,12.727272727272727,2550,False
Blue_Dragon_vs_Pantheon_g5,228,357,4000,120,0,24,11,17,6,-1.9090909090909092,13.333333333333334,12.626262626262626,2560,False
Blue_Dragon_vs_Pantheon_g5,229,327,4100,123,0,25,11,17,6,-2.404040404040404,13.333333333333334,12.626262626262626,2570,False
Blue_Dragon_vs_Pantheon_g5,230,337,4100,123,0,26,11,17,6,-2.3838383838383836,14.0,12.626262626262626,2590,False
Blue_Dragon_vs_Pantheon_g5,231,355,4100,123,0,27,11,17,6,-1.02020202020202,14.0,12.626262626262626,2600,False
Blue_Dragon_vs_Pantheon_g5,232,375,4095,122,0,28,11,17,6,-0.5151515151515151,13.333333333333334,12.626262626262626,2610,False
Blue_Dragon_vs_Pantheon_g5,233,385,4095,122,0,29,11,17,6,-0.45454545454545453,14.0,12.727272727272727,2630,False
Blue_Dragon_vs_Pantheon_g5,234,403,4095,122,0,30,11,17,6,-0.29292929292929293,14.0,12.828282828282829,2650,False
Blue_Dragon_vs_Pantheon_g5,235,423,4095,122,0,31,11,16,6,-0.2828282828282828,14.666666666666666,12.929292929292929,2670,False
Blue_Dragon_vs_Pantheon_g5,236,451,3995,119,0,32,11,17,6,-0.09090909090909091,14.666666666666666,12.828282828282829,2680,False
Blue_Dragon_vs_Pantheon_g5,237,422,4095,122,0,33,11,17,6,0.23232323232323232,14.666666666666666,12.828282828282829,2690,False
Blue_Dragon_vs_Pantheon_g5,238,432,4095,122,0,34,11,16,6,0.6363636363636364,15.333333333333334,12.828282828282829,2710,False
Blue_Dragon_vs_Pantheon_g5,239,449,3895,116,0,35,11,15,6,0.5050505050505051,15.333333333333334,12.828282828282829,2720,False
Blue_Dragon_vs_Pantheon_g5,240,462,3800,114,0,36,11,16,6,0.5757575757575758,14.666666666666666,12.828282828282829,2730,False
Blue_Dragon_vs_Pantheon_g5,241,461,3900,117,0,37,11,16,6,0.48484848484848486,14.666666666666666,12.929292929292929,2750,False
Blue_Dragon_vs_Pantheon_g5,242,480,3900,117,0,38,11,16,6,0.6262626262626263,14.0,12.929292929292929,2760,False
Blue_Dragon_vs_Pantheon_g5,243,488,3900,117,0,39,11,17,6,0.5656565656565656,14.666666666666666,13.030303030303031,2780,False
Blue_Dragon_vs_Pantheon_g5,244,401,4100,123,0,40,11,17,6,-0.37373737373737376,14.666666666666666,12.929292929292929,2790,False
Blue_Dragon_vs_Pantheon_g5,245,410,4100,123,0,41,11,17,6,-0.46464646464646464,14.0,12.929292929292929,2800,False
Blue_Dragon_vs_Pantheon_g5,246,419,4100,123,0,42,11,17,6,0.7474747474747475,14.0,12.828282828282829,2810,False
Blue_Dragon_vs_Pantheon_g5,247,426,4100,123,0,43,11,18,6,0.9494949494949495,14.0,12.828282828282829,2820,False
Blue_Dragon_vs_Pantheon_g5,248,430,4200,126,0,44,11,18,6,0.9191919191919192,13.333333333333334,12.828282828282829,2830,False
Blue_Dragon_vs_Pantheon_g5,249,438,4200,126,0,45,11,18,6,0.9797979797979798,13.333333333333334,12.929292929292929,2850,False
Blue_Dragon_vs_Pantheon_g5,250,456,4200,126,0,46,11,18,6,1.101010101010101,12.666666666666666,12.929292929292929,2860,False
Blue_Dragon_vs_Pantheon_g5,251,464,4195,125,0,47,11,18,6,1.0303030303030303,13.333333333333334,13.030303030303031,2880,False
Blue_Dragon_vs_Pantheon_g5,252,491,4195,125,0,48,11,18,6,1.2525252525252526,13.333333333333334,12.929292929292929,2890,False
Blue_Dragon_vs_Pantheon_g5,253,495,4195,125,0,49,11,18,6,1.121212121212121,12.666666666666666,12.929292929292929,2900,False
Blue_Dragon_vs_Pantheon_g5,254,503,4195,125,0,50,11,17,6,1.1616161616161615,12.666666666666666,12.828282828282829,2910,False
Blue_Dragon_vs_Pantheon_g5,255,510,3995,119,0,51,11,16,6,0.9595959595959596,12.666666666666666,12.828282828282829,2920,False
Blue_Dragon_vs_Pantheon_g5,256,528,3890,116,0,52,11,16,6,1.0707070707070707,12.0,12.828282828282829,2930,False
Blue_Dragon_vs_Pantheon_g5,257,533,3895,116,0,53,11,16,6,1.0707070707070707,12.666666666666666,12.929292929292929,2950,False
Blue_Dragon_vs_Pantheon_g5,258,550,3895,116,0,54,11,16,6,1.1717171717171717,12.0,12.929292929292929,2960,False
Blue_Dragon_vs_Pantheon_g5,259,558,3895,116,0,55,11,17,6,1.121212121212121,12.666666666666666,13.030303030303031,2980,False
Blue_Dragon_vs_Pantheon_g5,260,474,4090,122,0,56,11,17,6,0.2222222222222222,12.666666666666666,12.929292929292929,2990,False
Blue_Dragon_vs_Pantheon_g5,261,484,4090,122,0,57,11,17,6,0.20202020202020202,12.666666666666666,12.929292929292929,3000,False
Blue_Dragon_vs_Pantheon_g5,262,494,4085,122,0,58,11,17,6,0.7676767676767676,12.666666666666666,12.828282828282829,3010,False
Blue_Dragon_vs_Pantheon_g5,263,501,4085,122,0,59,11,17,6,0.6060606060606061,12.666666666666666,12.828282828282829,3020,False
Blue_Dragon_vs_Pantheon_g5,264,521,4085,122,0,60,11,17,6,0.7878787878787878,12.0,12.828282828282829,3030,False
Blue_Dragon_vs_Pantheon_g5,265,531,4085,122,0,61,11,17,6,0.8282828282828283,12.666666666666666,12.929292929292929,3050,False
Blue_Dragon_vs_Pantheon_g5,266,549,4085,122,0,62,11,17,6,0.9696969696969697,12.0,12.929292929292929,3060,False
Blue_Dragon_vs_Pantheon_g5,267,557,4085,122,0,63,11,17,6,0.8888888888888888,12.666666666666666,13.030303030303031,3080,False
Blue_Dragon_vs_Pantheon_g5,268,583,4080,122,0,64,11,17,6,1.101010101010101,12.666666666666666,12.929292929292929,3090,False
Blue_Dragon_vs_Pantheon_g5,269,589,4080,122,0,65,11,18,6,1.0,12.666666666666666,12.929292929292929,3100,True
Blue_Dragon_vs_Pantheon_g5,270,479,4275,128,0,1,12,18,6,-0.18181818181818182,12.666666666666666,12.828282828282829,3110,False
Blue_Dragon_vs_Pantheon_g5,271,484,4275,128,0,2,12,18,6,-0.3939393939393939,12.666666666666666,12.828282828282829,3120,False
Blue_Dragon_vs_Pantheon_g5,272,502,4275,128,0,3,12,18,6,-0.26262626262626265,12.0,12.828282828282829,3130,False
Blue_Dragon_vs_Pantheon_g5,273,509,4275,128,0,4,12,17,6,-0.2727272727272727,12.666666666666666,12.929292929292929,3150,False
Blue_Dragon_vs_Pantheon_g5,274,527,4075,122,0,5,12,17,6,-0.15151515151515152,12.0,12.929292929292929,3160,False
Blue_Dragon_vs_Pantheon_g5,275,535,4075,122,0,6,12,18,6,-0.23232323232323232,12.666666666666666,13.030303030303031,3180,False
Blue_Dragon_vs_Pantheon_g5,276,447,4275,128,0,7,12,18,6,-1.1919191919191918,12.666666666666666,12.929292929292929,3190,False
Blue_Dragon_vs_Pantheon_g5,277,454,4275,128,0,8,12,17,6,-1.3232323232323233,12.666666666666666,12.929292929292929,3200,False
Blue_Dragon_vs_Pantheon_g5,278,460,4170,125,0,9,12,18,6,-1.3535353535353536,12.666666666666666,12.828282828282829,3210,False
Blue_Dragon_vs_Pantheon_g5,279,427,4270,128,0,10,12,18,6,-1.9090909090909092,12.666666666666666,12.828282828282829,3220,False
Blue_Dragon_vs_Pantheon_g5,280,442,4270,128,0,11,12,18,6,-0.6363636363636364,12.0,12.828282828282829,3230,False
Blue_Dragon_vs_Pantheon_g5,281,448,4275,128,0,12,12,18,6,-0.26262626262626265,12.666666666666666,12.929292929292929,3250,False
Blue_Dragon_vs_Pantheon_g5,282,464,4280,128,0,13,12,18,6,-0.15151515151515152,12.0,12.929292929292929,3260,False
Blue_Dragon_vs_Pantheon_g5,283,470,4285,128,0,14,12,18,6,-0.1414141414141414,12.666666666666666,13.030303030303031,3280,False
Blue_Dragon_vs_Pantheon_g5,284,497,4285,128,0,15,12,18,6,0.1111111111111111,12.666666666666666,12.929292929292929,3290,False
Blue_Dragon_vs_Pantheon_g5,285,504,4285,128,0,16,12,18,6,0.06060606060606061,12.666666666666666,12.929292929292929,3300,False
Blue_Dragon_vs_Pantheon_g5,286,512,4285,128,0,17,12,17,6,0.16161616161616163,12.666666666666666,12.828282828282829,3310,False
Blue_Dragon_vs_Pantheon_g5,287,520,4075,122,0,18,12,17,6,0.0,12.666666666666666,12.828282828282829,3320,False
Blue_Dragon_vs_Pantheon_g5,288,502,4075,122,0,19,12,17,6,-0.23232323232323232,12.0,12.828282828282829,3330,False
Blue_Dragon_vs_Pantheon_g5,289,511,4075,122,0,20,12,17,6,-0.1919191919191919,12.666666666666666,12.929292929292929,3350,False
Blue_Dragon_vs_Pantheon_g5,290,530,4075,122,0,21,12,17,6,-0.08080808080808081,12.0,12.929292929292929,3360,False
Blue_Dragon_vs_Pantheon_g5,291,539,4075,122,0,22,12,17,6,-0.1717171717171717,12.666666666666666,13.030303030303031,3380,False
Blue_Dragon_vs_Pantheon_g5,292,567,4070,122,0,23,12,17,6,0.020202020202020204,12.666666666666666,12.929292929292929,3390,False
Blue_Dragon_vs_Pantheon_g5,293,572,4075,122,0,24,12,18,6,-0.06060606060606061,12.666666666666666,12.929292929292929,3400,False
Blue_Dragon_vs_Pantheon_g5,294,466,4275,128,0,25,12,18,6,-0.8383838383838383,12.666666666666666,12.828282828282829,3410,False
Blue_Dragon_vs_Pantheon_g5,295,476,4275,128,0,26,12,18,6,-0.5353535353535354,12.666666666666666,12.828282828282829,3420,False
Blue_Dragon_vs_Pantheon_g5,296,495,4275,128,0,27,12,18,6,-0.43434343434343436,12.0,12.828282828282829,3430,False
Blue_Dragon_vs_Pantheon_g5,297,503,4275,128,0,28,12,18,6,-0.4444444444444444,12.666666666666666,12.929292929292929,3450,False
Blue_Dragon_vs_Pantheon_g5,298,523,4275,128,0,29,12,18,6,-0.31313131313131315,12.0,12.929292929292929,3460,False
Blue_Dragon_vs_Pantheon_g5,299,533,4270,128,0,30,12,18,6,-0.36363636363636365,12.666666666666666,13.030303030303031,3480,False
Blue_Dragon_vs_Pantheon_g5,300,559,4275,128,0,31,12,18,6,-0.18181818181818182,12.666666666666666,12.929292929292929,3490,False
Blue_Dragon_vs_Pantheon_g5,301,568,4275,128,0,32,12,18,6,-0.2222222222222222,12.666666666666666,12.929292929292929,3500,False
Blue_Dragon_vs_Pantheon_g5,302,577,4275,128,0,33,12,17,6,-0.1919191919191919,12.666666666666666,12.828282828282829,3510,False
Blue_Dragon_vs_Pantheon_g5,303,584,4175,125,0,34,12,18,6,-0.3838383838383838,12.666666666666666,12.828282828282829,3520,False
Blue_Dragon_vs_Pantheon_g5,304,562,4275,128,0,35,12,17,6,0.6565656565656566,12.0,12.828282828282829,3530,False
Blue_Dragon_vs_Pantheon_g5,305,570,4075,122,0,36,12,17,6,0.6666666666666666,12.666666666666666,12.929292929292929,3550,False
Blue_Dragon_vs_Pantheon_g5,306,588,4075,122,0,37,12,18,6,0.7575757575757576,12.0,12.929292929292929,3560,True
Blue_Dragon_vs_Pantheon_g5,307,481,4275,128,0,1,13,19,6,-0.48484848484848486,12.666666666666666,13.030303030303031,3580,False
Blue_Dragon_vs_Pantheon_g5,308,386,4470,134,0,2,13,19,6,-1.505050505050505,12.666666666666666,12.929292929292929,3590,False
Blue_Dragon_vs_Pantheon_g5,309,395,4470,134,0,3,13,19,6,-1.1717171717171717,12.666666666666666,12.929292929292929,3600,False
Blue_Dragon_vs_Pantheon_g5,310,399,4475,134,0,4,13,19,6,-1.202020202020202,12.666666666666666,12.828282828282829,3610,False
Blue_Dragon_vs_Pantheon_g5,311,406,4475,134,0,5,13,19,6,-0.5252525252525253,12.666666666666666,12.828282828282829,3620,False
Blue_Dragon_vs_Pantheon_g5,312,423,4475,134,0,6,13,19,6,-0.4444444444444444,12.0,12.828282828282829,3630,False
Blue_Dragon_vs_Pantheon_g5,313,431,4475,134,0,7,13,19,6,-0.45454545454545453,12.666666666666666,12.929292929292929,3650,False
Blue_Dragon_vs_Pantheon_g5,314,447,4475,134,0,8,13,19,6,-0.26262626262626265,12.0,12.929292929292929,3660,False
Blue_Dragon_vs_Pantheon_g5,315,455,4475,134,0,9,13,19,6,-0.3333333333333333,12.666666666666666,13.030303030303031,3680,False
Blue_Dragon_vs_Pantheon_g5,316,483,4475,134,0,10,13,19,6,0.37373737373737376,12.666666666666666,12.929292929292929,3690,False
Blue_Dragon_vs_Pantheon_g5,317,491,4475,134,0,11,13,18,6,0.35353535353535354,12.666666666666666,12.929292929292929,3700,False
Blue_Dragon_vs_Pantheon_g5,318,497,4370,131,0,12,13,19,6,0.41414141414141414,12.666666666666666,12.828282828282829,3710,False
Blue_Dragon_vs_Pantheon_g5,319,465,4470,134,0,13,13,19,6,-0.1717171717171717,12.666666666666666,12.828282828282829,3720,False
Blue_Dragon_vs_Pantheon_g5,320,485,4470,134,0,14,13,18,6,-0.020202020202020204,12.0,12.828282828282829,3730,False
Blue_Dragon_vs_Pantheon_g5,321,493,4270,128,0,15,13,18,6,0.0,12.666666666666666,12.929292929292929,3750,False
Blue_Dragon_vs_Pantheon_g5,322,512,4270,128,0,16,13,18,6,0.5050505050505051,12.0,12.929292929292929,3760,False
Blue_Dragon_vs_Pantheon_g5,323,512,4275,128,0,17,13,19,6,0.31313131313131315,12.666666666666666,13.030303030303031,3780,False
Blue_Dragon_vs_Pantheon_g5,324,418,4470,134,0,18,13,19,6,-0.30303030303030304,12.666666666666666,12.929292929292929,3790,False
Blue_Dragon_vs_Pantheon_g5,325,425,4470,134,0,19,13,19,6,-0.3838383838383838,12.666666666666666,12.828282828282829,3800,False
Blue_Dragon_vs_Pantheon_g5,326,433,4470,134,0,20,13,19,6,-0.47474747474747475,12.666666666666666,12.727272727272727,3810,False
Blue_Dragon_vs_Pantheon_g5,327,442,4470,134,0,21,13,19,6,0.8585858585858586,12.666666666666666,12.727272727272727,3820,False
Blue_Dragon_vs_Pantheon_g5,328,460,4470,134,0,22,13,19,6,1.3434343434343434,12.0,12.727272727272727,3830,False
Blue_Dragon_vs_Pantheon_g5,329,468,4470,134,0,23,13,19,6,1.3232323232323233,12.666666666666666,12.727272727272727,3850,False
Blue_Dragon_vs_Pantheon_g5,330,482,4470,134,0,24,13,19,6,1.2828282828282829,12.0,12.727272727272727,3860,False
Blue_Dragon_vs_Pantheon_g5,331,489,4470,134,0,25,13,19,6,1.1515151515151516,12.666666666666666,12.828282828282829,3880,False
Blue_Dragon_vs_Pantheon_g5,332,516,4470,134,0,26,13,19,6,1.3232323232323233,12.666666666666666,12.727272727272727,3890,False
Blue_Dragon_vs_Pantheon_g5,333,522,4470,134,0,27,13,19,6,1.202020202020202,12.666666666666666,12.626262626262626,3900,False
Blue_Dragon_vs_Pantheon_g5,334,525,4470,134,0,28,13,18,6,1.0303030303030303,12.666666666666666,12.525252525252526,3910,False
Blue_Dragon_vs_Pantheon_g5,335,531,4270,128,0,29,13,18,6,0.8080808080808081,12.666666666666666,12.525252525252526,3920,False
Blue_Dragon_vs_Pantheon_g5,336,548,4270,128,0,30,13,18,6,1.2727272727272727,12.0,12.525252525252526,3930,False
Blue_Dragon_vs_Pantheon_g5,337,551,4275,128,0,31,13,18,6,1.202020202020202,12.666666666666666,12.525252525252526,3950,False
Blue_Dragon_vs_Pantheon_g5,338,567,4275,128,0,32,13,18,6,1.1919191919191918,12.0,12.525252525252526,3960,False
Blue_Dragon_vs_Pantheon_g5,339,574,4275,128,0,33,13,19,6,1.1313131313131313,12.666666666666666,12.626262626262626,3980,False
Blue_Dragon_vs_Pantheon_g5,340,480,4470,134,0,34,13,19,6,0.1919191919191919,12.666666666666666,12.525252525252526,3990,False
Blue_Dragon_vs_Pantheon_g5,341,489,4470,134,0,35,13,19,6,0.09090909090909091,12.666666666666666,12.525252525252526,4000,False
Blue_Dragon_vs_Pantheon_g5,342,493,4470,134,0,36,13,19,6,0.050505050505050504,12.666666666666666,12.424242424242424,4010,False
Blue_Dragon_vs_Pantheon_g5,343,500,4470,134,0,37,13,19,6,1.0,12.666666666666666,12.424242424242424,4020,False
Blue_Dragon_vs_Pantheon_g5,344,517,4470,134,0,38,13,19,6,1.0808080808080809,12.0,12.424242424242424,4030,False
Blue_Dragon_vs_Pantheon_g5,345,524,4470,134,0,39,13,19,6,1.0606060606060606,12.666666666666666,12.525252525252526,4050,False
Blue_Dragon_vs_Pantheon_g5,346,535,4470,134,0,40,13,19,6,1.101010101010101,12.0,12.525252525252526,4060,False
Blue_Dragon_vs_Pantheon_g5,347,542,4465,133,0,41,13,19,6,1.1313131313131313,12.666666666666666,12.626262626262626,4080,False
Blue_Dragon_vs_Pantheon_g5,348,570,4465,133,0,42,13,19,6,1.3333333333333333,12.666666666666666,12.525252525252526,4090,False
Blue_Dragon_vs_Pantheon_g5,349,572,4470,134,0,43,13,19,6,1.1717171717171717,12.666666666666666,12.525252525252526,4100,False
Blue_Dragon_vs_Pantheon_g5,350,532,4470,134,0,44,13,18,6,0.6868686868686869,12.666666666666666,12.424242424242424,4110,False
Blue_Dragon_vs_Pantheon_g5,351,538,4270,128,0,45,13,18,6,0.47474747474747475,12.666666666666666,12.424242424242424,4120,False
Blue_Dragon_vs_Pantheon_g5,352,552,4270,128,0,46,13,19,6,0.5757575757575758,12.0,12.424242424242424,4130,False
Blue_Dragon_vs_Pantheon_g5,353,518,4370,131,0,47,13,19,6,0.15151515151515152,12.666666666666666,12.525252525252526,4150,False
Blue_Dragon_vs_Pantheon_g5,354,533,4375,131,0,48,13,19,6,0.23232323232323232,12.0,12.525252525252526,4160,False
Blue_Dragon_vs_Pantheon_g5,355,542,4375,131,0,49,13,20,6,0.1414141414141414,12.666666666666666,12.626262626262626,4180,False
Blue_Dragon_vs_Pantheon_g5,356,441,4580,137,0,50,13,20,6,-0.9292929292929293,12.666666666666666,12.525252525252526,4190,False
Blue_Dragon_vs_Pantheon_g5,357,443,4585,137,0,51,13,20,6,-1.0808080808080809,12.666666666666666,12.525252525252526,4200,False
Blue_Dragon_vs_Pantheon_g5,358,450,4585,137,0,52,13,20,6,-1.0909090909090908,12.666666666666666,12.424242424242424,4210,False
Blue_Dragon_vs_Pantheon_g5,359,455,4580,137,0,53,13,20,6,-0.1919191919191919,12.666666666666666,12.424242424242424,4220,False
Blue_Dragon_vs_Pantheon_g5,360,472,4580,137,0,54,13,20,6,-0.12121212121212122,12.0,12.424242424242424,4230,False
Blue_Dragon_vs_Pantheon_g5,361,478,4580,137,0,55,13,20,6,-0.16161616161616163,12.666666666666666,12.525252525252526,4250,False
Blue_Dragon_vs_Pantheon_g5,362,496,4580,137,0,56,13,20,6,-0.050505050505050504,12.0,12.525252525252526,4260,False
Blue_Dragon_vs_Pantheon_g5,363,502,4585,137,0,57,13,20,6,-0.1919191919191919,12.666666666666666,12.626262626262626,4280,False
Blue_Dragon_vs_Pantheon_g5,364,530,4585,137,0,58,13,20,6,-0.010101010101010102,12.666666666666666,12.525252525252526,4290,False
Blue_Dragon_vs_Pantheon_g5,365,492,4585,137,0,59,13,20,6,-0.5757575757575758,12.666666666666666,12.525252525252526,4300,False
Blue_Dragon_vs_Pantheon_g5,366,500,4585,137,0,60,13,19,6,-0.5757575757575758,12.666666666666666,12.424242424242424,4310,False
Blue_Dragon_vs_Pantheon_g5,367,501,4390,131,0,61,13,19,6,-0.8282828282828283,12.666666666666666,12.424242424242424,4320,False
Blue_Dragon_vs_Pantheon_g5,368,516,4390,131,0,62,13,19,6,-0.7373737373737373,12.0,12.424242424242424,4330,False
Blue_Dragon_vs_Pantheon_g5,369,520,4390,131,0,63,13,19,6,0.41414141414141414,12.666666666666666,12.525252525252526,4350,False
Blue_Dragon_vs_Pantheon_g5,370,493,4385,131,0,64,13,19,6,0.09090909090909091,12.0,12.525252525252526,4360,False
Blue_Dragon_vs_Pantheon_g5,371,495,4385,131,0,65,13,19,6,-0.0707070707070707,12.666666666666666,12.626262626262626,4380,False
Blue_Dragon_vs_Pantheon_g5,372,517,4385,131,0,66,13,20,6,0.08080808080808081,12.666666666666666,12.525252525252526,4390,False
Blue_Dragon_vs_Pantheon_g5,373,394,4590,137,0,67,13,20,6,-1.3434343434343434,12.666666666666666,12.525252525252526,4400,False
Blue_Dragon_vs_Pantheon_g5,374,395,4595,137,0,68,13,20,6,-1.4141414141414141,12.666666666666666,12.424242424242424,4410,False
Blue_Dragon_vs_Pantheon_g5,375,400,4595,137,0,69,13,20,6,-0.47474747474747475,12.666666666666666,12.424242424242424,4420,False
Blue_Dragon_vs_Pantheon_g5,376,414,4595,137,0,70,13,20,6,-0.40404040404040403,12.0,12.424242424242424,4430,False
Blue_Dragon_vs_Pantheon_g5,377,415,4600,138,0,71,13,20,6,-0.45454545454545453,12.666666666666666,12.525252525252526,4450,False
Blue_Dragon_vs_Pantheon_g5,378,426,4605,138,0,72,13,22,6,-0.010101010101010102,12.0,12.525252525252526,4460,False
Blue_Dragon_vs_Pantheon_g5,379,373,4810,144,0,73,13,22,6,-0.696969696969697,12.666666666666666,12.626262626262626,4480,False
Blue_Dragon_vs_Pantheon_g5,380,395,4810,144,0,74,13,23,6,-0.5353535353535354,12.666666666666666,12.525252525252526,4490,False
Blue_Dragon_vs_Pantheon_g5,381,357,4910,147,0,75,13,22,6,-1.0808080808080809,12.666666666666666,12.525252525252526,4500,False
Blue_Dragon_vs_Pantheon_g5,382,364,4810,144,0,76,13,22,6,-1.0707070707070707,12.666666666666666,12.424242424242424,4510,False
Blue_Dragon_vs_Pantheon_g5,383,328,4810,144,0,77,13,20,6,-1.707070707070707,12.666666666666666,12.424242424242424,4520,False
Blue_Dragon_vs_Pantheon_g5,384,343,4500,135,0,78,13,20,6,-1.6262626262626263,12.0,12.424242424242424,4530,False
Blue_Dragon_vs_Pantheon_g5,385,345,4505,135,0,79,13,20,6,-1.6868686868686869,12.666666666666666,12.525252525252526,4550,False
Blue_Dragon_vs_Pantheon_g5,386,352,4510,135,0,80,13,21,6,-1.696969696969697,12.0,12.525252525252526,4560,False
Blue_Dragon_vs_Pantheon_g5,387,310,4615,138,0,81,13,22,6,-1.9393939393939394,12.666666666666666,12.626262626262626,4580,False
Blue_Dragon_vs_Pantheon_g5,388,207,4810,144,0,82,13,22,6,-3.0707070707070705,12.666666666666666,12.525252525252526,4590,False
Blue_Dragon_vs_Pantheon_g5,389,211,4810,144,0,83,13,21,6,-3.2222222222222223,12.666666666666666,12.525252525252526,4600,False
Blue_Dragon_vs_Pantheon_g5,390,212,4715,141,0,84,13,22,6,-3.303030303030303,12.666666666666666,12.424242424242424,4610,False
Blue_Dragon_vs_Pantheon_g5,391,172,4820,144,0,85,13,23,6,-3.98989898989899,12.666666666666666,12.424242424242424,4620,False
Blue_Dragon_vs_Pantheon_g5,392,145,4920,147,0,86,13,24,6,-4.313131313131313,12.0,12.424242424242424,4630,False
Blue_Dragon_vs_Pantheon_g5,393,144,5020,150,0,87,13,24,6,-3.2525252525252526,12.666666666666666,12.525252525252526,4650,False
Blue_Dragon_vs_Pantheon_g5,394,160,5015,150,0,88,13,24,6,-3.191919191919192,12.0,12.525252525252526,4660,False
Blue_Dragon_vs_Pantheon_g5,395,167,5015,150,0,89,13,24,6,-3.313131313131313,12.666666666666666,12.626262626262626,4680,False
Blue_Dragon_vs_Pantheon_g5,396,192,5015,150,0,90,13,24,6,-3.1414141414141414,12.666666666666666,12.525252525252526,4690,False
Blue_Dragon_vs_Pantheon_g5,397,194,5015,150,0,91,13,25,6,-3.323232323232323,12.666666666666666,12.525252525252526,4700,False
Blue_Dragon_vs_Pantheon_g5,398,150,5115,153,0,92,13,25,6,-3.8686868686868685,12.666666666666666,12.424242424242424,4710,False
Blue_Dragon_vs_Pantheon_g5,399,138,5120,153,0,93,13,26,6,-4.252525252525253,12.666666666666666,12.424242424242424,4720,False
Blue_Dragon_vs_Pantheon_g5,400,101,5120,153,0,94,13,26,6,-4.717171717171717,12.0,12.424242424242424,4730,False
Blue_Dragon_vs_Pantheon_g5,401,97,5130,153,0,95,13,26,6,-4.848484848484849,12.666666666666666,12.525252525252526,4750,False
Blue_Dragon_vs_Pantheon_g5,402,103,5140,154,0,96,13,25,6,-4.858585858585859,12.0,12.525252525252526,4760,False
Blue_Dragon_vs_Pantheon_g5,403,110,5040,151,0,97,13,27,6,-4.565656565656566,12.666666666666666,12.626262626262626,4780,False
Blue_Dragon_vs_Pantheon_g5,404,83,5240,157,0,98,13,27,6,-4.91919191919192,12.666666666666666,12.525252525252526,4790,False
Blue_Dragon_vs_Pantheon_g5,405,91,5240,157,0,99,13,28,6,-5.02020202020202,12.666666666666666,12.525252525252526,4800,False
Blue_Dragon_vs_Pantheon_g5,406,90,5340,160,0,100,13,28,6,-3.9494949494949494,12.666666666666666,12.424242424242424,4810,False
Blue_Dragon_vs_Pantheon_g5,407,96,5345,160,0,101,13,29,6,-2.9292929292929295,12.666666666666666,12.424242424242424,4820,False
Blue_Dragon_vs_Pantheon_g5,408,70,5445,163,0,102,13,29,6,-3.282828282828283,12.0,12.424242424242424,4830,False
Blue_Dragon_vs_Pantheon_g5,409,75,5450,163,0,103,13,29,6,-3.272727272727273,12.666666666666666,12.525252525252526,4850,False
Blue_Dragon_vs_Pantheon_g5,410,90,5455,163,0,104,13,29,6,-3.191919191919192,12.0,12.525252525252526,4860,False
Blue_Dragon_vs_Pantheon_g5,411,98,5455,163,0,105,13,29,6,-3.282828282828283,12.666666666666666,12.626262626262626,4880,False
Blue_Dragon_vs_Pantheon_g5,412,110,5460,163,0,106,13,29,6,-3.242424242424242,12.666666666666666,12.525252525252526,4890,False
Blue_Dragon_vs_Pantheon_g5,413,117,5460,163,0,107,13,29,6,-3.3333333333333335,12.666666666666666,12.525252525252526,4900,False
Blue_Dragon_vs_Pantheon_g5,414,121,5465,163,0,108,13,29,6,-3.3737373737373737,12.666666666666666,12.424242424242424,4910,False
Blue_Dragon_vs_Pantheon_g5,415,129,5460,163,0,109,13,29,6,-3.5757575757575757,12.666666666666666,12.424242424242424,4920,False
Blue_Dragon_vs_Pantheon_g5,416,147,5460,163,0,110,13,30,6,-3.474747474747475,12.0,12.424242424242424,4930,False
Blue_Dragon_vs_Pantheon_g5,417,19,5655,169,0,111,13,30,6,-4.828282828282828,12.666666666666666,12.525252525252526,4950,False
Blue_Dragon_vs_Pantheon_g5,418,31,5665,169,0,112,13,30,6,-4.383838383838384,12.666666666666666,12.626262626262626,4970,False
Blue_Dragon_vs_Pantheon_g5,419,47,5665,169,0,113,13,30,6,-4.424242424242424,13.333333333333334,12.727272727272727,4990,False
Blue_Dragon_vs_Pantheon_g5,420,75,5665,169,0,114,13,31,6,-4.222222222222222,13.333333333333334,12.626262626262626,5000,False
Blue_Dragon_vs_Pantheon_g5,421,73,5765,172,0,115,13,31,6,-4.434343434343434,13.333333333333334,12.626262626262626,5010,False
Blue_Dragon_vs_Pantheon_g5,422,68,5775,173,0,116,13,31,6,-4.484848484848484,13.333333333333334,12.525252525252526,5020,False
Blue_Dragon_vs_Pantheon_g5,423,75,5775,173,0,117,13,31,6,-3.4646464646464645,13.333333333333334,12.525252525252526,5030,False
Blue_Dragon_vs_Pantheon_g5,424,93,5775,173,0,118,13,31,6,-3.3535353535353534,12.666666666666666,12.525252525252526,5040,False
Blue_Dragon_vs_Pantheon_g5,425,103,5775,173,0,119,13,31,6,-3.3333333333333335,13.333333333333334,12.626262626262626,5060,False
Blue_Dragon_vs_Pantheon_g5,426,123,5775,173,0,120,13,31,6,-3.2222222222222223,12.666666666666666,12.626262626262626,5070,False
Blue_Dragon_vs_Pantheon_g5,427,132,5775,173,0,121,13,31,6,-3.313131313131313,13.333333333333334,12.727272727272727,5090,False
Blue_Dragon_vs_Pantheon_g5,428,116,5775,173,0,122,13,31,6,-3.5555555555555554,13.333333333333334,12.626262626262626,5100,False
Blue_Dragon_vs_Pantheon_g5,429,126,5775,173,0,123,13,30,6,-3.595959595959596,13.333333333333334,12.626262626262626,5110,False
Blue_Dragon_vs_Pantheon_g5,430,136,5575,167,0,124,13,30,6,-3.5656565656565657,14.0,12.626262626262626,5130,False
Blue_Dragon_vs_Pantheon_g5,431,155,5575,167,0,125,13,30,6,-3.6464646464646466,14.0,12.626262626262626,5140,False
Blue_Dragon_vs_Pantheon_g5,432,37,5665,169,0,126,13,30,6,-4.898989898989899,13.333333333333334,12.626262626262626,5150,False
Blue_Dragon_vs_Pantheon_g5,433,44,5665,169,0,127,13,30,6,-4.858585858585859,13.333333333333334,12.727272727272727,5170,False
Blue_Dragon_vs_Pantheon_g5,434,61,5665,169,0,128,13,30,6,-4.747474747474747,12.666666666666666,12.727272727272727,5180,False
Blue_Dragon_vs_Pantheon_g5,435,68,5665,169,0,129,13,30,6,-4.848484848484849,13.333333333333334,12.828282828282829,5200,False
Blue_Dragon_vs_Pantheon_g5,436,94,5665,169,0,130,13,30,6,-4.616161616161616,13.333333333333334,12.727272727272727,5210,False
Blue_Dragon_vs_Pantheon_g5,437,103,5665,169,0,131,13,29,6,-4.686868686868687,13.333333333333334,12.727272727272727,5220,False
Blue_Dragon_vs_Pantheon_g5,438,112,5565,166,0,132,13,29,6,-4.666666666666667,13.333333333333334,12.626262626262626,5230,False
Blue_Dragon_vs_Pantheon_g5,439,117,5570,167,0,133,13,29,6,-3.6666666666666665,13.333333333333334,12.626262626262626,5240,False
Blue_Dragon_vs_Pantheon_g5,440,132,5570,167,0,134,13,29,6,-3.606060606060606,12.666666666666666,12.626262626262626,5250,False
Blue_Dragon_vs_Pantheon_g5,441,137,5570,167,0,135,13,29,6,-3.595959595959596,13.333333333333334,12.727272727272727,5270,False
Blue_Dragon_vs_Pantheon_g5,442,153,5570,167,0,136,13,30,6,-3.505050505050505,13.333333333333334,12.828282828282829,5290,False
Blue_Dragon_vs_Pantheon_g5,443,36,5765,172,0,137,13,30,6,-4.858585858585859,14.0,12.929292929292929,5310,False
Blue_Dragon_vs_Pantheon_g5,444,60,5770,173,0,138,13,30,6,-4.686868686868687,14.0,12.828282828282829,5320,False
Blue_Dragon_vs_Pantheon_g5,445,66,5770,173,0,139,13,30,6,-4.737373737373737,13.333333333333334,12.828282828282829,5330,False
Blue_Dragon_vs_Pantheon_g5,446,72,5770,173,0,140,13,30,6,-4.747474747474747,13.333333333333334,12.727272727272727,5340,False
Blue_Dragon_vs_Pantheon_g5,447,79,5770,173,0,141,13,30,6,-4.959595959595959,13.333333333333334,12.727272727272727,5350,False
Blue_Dragon_vs_Pantheon_g5,448,97,5770,173,0,142,13,30,6,-4.797979797979798,12.666666666666666,12.727272727272727,5360,False
Blue_Dragon_vs_Pantheon_g5,449,106,5770,173,0,143,13,30,6,-4.303030303030303,13.333333333333334,12.828282828282829,5380,False
Blue_Dragon_vs_Pantheon_g5,450,126,5770,173,0,144,13,29,6,-4.161616161616162,12.666666666666666,12.828282828282829,5390,False
Blue_Dragon_vs_Pantheon_g5,451,135,5570,167,0,145,13,29,6,-4.212121212121212,13.333333333333334,12.929292929292929,5410,False
Blue_Dragon_vs_Pantheon_g5,452,163,5570,167,0,146,13,30,6,-3.585858585858586,13.333333333333334,12.828282828282829,5420,False
Blue_Dragon_vs_Pantheon_g5,453,36,5770,173,0,147,13,30,6,-5.02020202020202,13.333333333333334,12.828282828282829,5430,False
Blue_Dragon_vs_Pantheon_g5,454,44,5770,173,0,148,13,30,6,-5.03030303030303,13.333333333333334,12.727272727272727,5440,False
Blue_Dragon_vs_Pantheon_g5,455,51,5770,173,0,149,13,30,6,-3.9393939393939394,13.333333333333334,12.727272727272727,5450,False
Blue_Dragon_vs_Pantheon_g5,456,65,5775,173,0,150,13,30,6,-3.8181818181818183,12.666666666666666,12.727272727272727,5460,False
Blue_Dragon_vs_Pantheon_g5,457,73,5775,173,0,151,13,30,6,-3.808080808080808,12.666666666666666,12.828282828282829,5480,False
Blue_Dragon_vs_Pantheon_g5,458,93,5775,173,0,152,13,30,6,-3.6565656565656566,12.0,12.828282828282829,5490,False
Blue_Dragon_vs_Pantheon_g5,459,103,5775,173,0,153,13,30,6,-3.727272727272727,12.666666666666666,12.929292929292929,5510,False
Blue_Dragon_vs_Pantheon_g5,460,133,5775,173,0,154,13,30,6,-3.484848484848485,12.666666666666666,12.828282828282829,5520,False
Blue_Dragon_vs_Pantheon_g5,461,143,5775,173,0,155,13,31,6,-3.5656565656565657,12.666666666666666,12.828282828282829,5530,False
Blue_Dragon_vs_Pantheon_g5,462,10,5970,179,0,156,13,31,6,-4.96969696969697,12.666666666666666,12.727272727272727,5540,False
Blue_Dragon_vs_Pantheon_g5,463,20,5970,179,0,157,13,31,6,-5.151515151515151,12.666666666666666,12.727272727272727,5550,False
Blue_Dragon_vs_Pantheon_g5,464,39,5970,179,0,158,13,31,6,-4.575757575757576,12.0,12.727272727272727,5560,False
Blue_Dragon_vs_Pantheon_g5,465,46,5970,179,0,159,13,31,6,-4.585858585858586,12.666666666666666,12.828282828282829,5580,False
Blue_Dragon_vs_Pantheon_g5,466,65,5970,179,0,160,13,31,6,-4.404040404040404,12.0,12.828282828282829,5590,False
Blue_Dragon_vs_Pantheon_g5,467,74,5970,179,0,161,13,31,6,-4.4646464646464645,12.666666666666666,12.929292929292929,5610,False
Blue_Dragon_vs_Pantheon_g5,468,103,5970,179,0,162,13,31,6,-4.212121212121212,12.666666666666666,12.828282828282829,5620,False
Blue_Dragon_vs_Pantheon_g5,469,112,5970,179,0,163,13,31,6,-3.8484848484848486,12.666666666666666,12.828282828282829,5630,False
Blue_Dragon_vs_Pantheon_g5,470,121,5970,179,0,164,13,31,6,-3.7777777777777777,12.666666666666666,12.727272727272727,5640,False
Blue_Dragon_vs_Pantheon_g5,471,126,5975,179,0,165,13,31,6,-3.9494949494949494,12.666666666666666,12.727272727272727,5650,False
Blue_Dragon_vs_Pantheon_g5,472,146,5975,179,0,166,13,31,6,-2.505050505050505,12.0,12.727272727272727,5660,False
Blue_Dragon_vs_Pantheon_g5,473,152,5975,179,0,167,13,32,6,-2.4545454545454546,12.666666666666666,12.828282828282829,5680,False
Blue_Dragon_vs_Pantheon_g5,474,22,6170,185,0,168,13,32,6,-3.8181818181818183,12.0,12.828282828282829,5690,False
Blue_Dragon_vs_Pantheon_g5,475,31,6170,185,0,169,13,31,6,-3.8686868686868685,12.666666666666666,12.929292929292929,5710,False
Blue_Dragon_vs_Pantheon_g5,476,59,6070,182,0,170,13,31,6,-3.595959595959596,12.666666666666666,12.828282828282829,5720,False
Blue_Dragon_vs_Pantheon_g5,477,66,6070,182,0,171,13,31,6,-3.6363636363636362,12.666666666666666,12.828282828282829,5730,False
Blue_Dragon_vs_Pantheon_g5,478,74,6070,182,0,172,13,31,6,-3.0202020202020203,12.666666666666666,12.727272727272727,5740,False
Blue_Dragon_vs_Pantheon_g5,479,81,6070,182,0,173,13,31,6,-3.1717171717171717,12.666666666666666,12.727272727272727,5750,False
Blue_Dragon_vs_Pantheon_g5,480,99,6070,182,0,174,13,31,6,-2.606060606060606,12.0,12.727272727272727,5760,False
Blue_Dragon_vs_Pantheon_g5,481,107,6070,182,0,175,13,31,6,-2.595959595959596,12.666666666666666,12.828282828282829,5780,False
Blue_Dragon_vs_Pantheon_g5,482,125,6070,182,0,176,13,31,6,-2.0505050505050506,12.0,12.828282828282829,5790,False
Blue_Dragon_vs_Pantheon_g5,483,133,6070,182,0,177,13,31,6,-2.121212121212121,12.666666666666666,12.929292929292929,5810,False
Blue_Dragon_vs_Pantheon_g5,484,158,6070,182,0,178,13,31,6,-1.8888888888888888,12.666666666666666,12.828282828282829,5820,False
Blue_Dragon_vs_Pantheon_g5,485,158,6075,182,0,179,13,31,6,-1.9595959595959596,12.666666666666666,12.828282828282829,5830,False
Blue_Dragon_vs_Pantheon_g5,486,161,6075,182,0,180,13,31,6,-1.505050505050505,12.666666666666666,12.727272727272727,5840,False
Blue_Dragon_vs_Pantheon_g5,487,164,6075,182,0,181,13,32,6,-0.43434343434343436,12.666666666666666,12.727272727272727,5850,False
Blue_Dragon_vs_Pantheon_g5,488,28,6275,188,0,182,13,32,6,-1.8484848484848484,12.0,12.727272727272727,5860,False
Blue_Dragon_vs_Pantheon_g5,489,34,6275,188,0,183,13,32,6,-1.797979797979798,12.666666666666666,12.828282828282829,5880,False
Blue_Dragon_vs_Pantheon_g5,490,38,6285,188,0,184,13,32,6,-1.3535353535353536,12.0,12.828282828282829,5890,False
Blue_Dragon_vs_Pantheon_g5,491,46,6285,188,0,185,13,32,6,-1.0,12.666666666666666,12.929292929292929,5910,False
Blue_Dragon_vs_Pantheon_g5,492,73,6285,188,0,186,13,32,6,-0.7171717171717171,12.666666666666666,12.828282828282829,5920,False
Blue_Dragon_vs_Pantheon_g5,493,80,6285,188,0,187,13,32,6,-0.8080808080808081,12.666666666666666,12.828282828282829,5930,False
Blue_Dragon_vs_Pantheon_g5,494,86,6285,188,0,188,13,32,6,-0.8181818181818182,12.666666666666666,12.727272727272727,5940,False
Blue_Dragon_vs_Pantheon_g5,495,93,6285,188,0,189,13,32,6,-1.0,12.666666666666666,12.727272727272727,5950,False
Blue_Dragon_vs_Pantheon_g5,496,97,6295,188,0,190,13,31,6,-0.9797979797979798,12.0,12.727272727272727,5960,False
Blue_Dragon_vs_Pantheon_g5,497,106,6195,185,0,191,13,31,6,-0.4444444444444444,12.666666666666666,12.828282828282829,5980,False
Blue_Dragon_vs_Pantheon_g5,498,126,6195,185,0,192,13,31,6,-0.12121212121212122,12.0,12.828282828282829,5990,False
Blue_Dragon_vs_Pantheon_g5,499,136,6195,185,0,193,13,30,6,0.35353535353535354,12.666666666666666,12.929292929292929,6010,False
Blue_Dragon_vs_Pantheon_g5,500,164,5995,179,0,194,13,31,6,0.6767676767676768,12.666666666666666,12.828282828282829,6020,False
Blue_Dragon_vs_Pantheon_g5,501,120,6100,183,0,195,13,31,6,0.1717171717171717,12.666666666666666,12.828282828282829,6030,False
Blue_Dragon_vs_Pantheon_g5,502,128,6100,183,0,196,13,31,6,0.18181818181818182,12.666666666666666,12.727272727272727,6040,False
Blue_Dragon_vs_Pantheon_g5,503,135,6100,183,0,197,13,31,6,0.5252525252525253,12.666666666666666,12.727272727272727,6050,False
Blue_Dragon_vs_Pantheon_g5,504,149,6100,183,0,198,13,31,6,0.5858585858585859,12.0,12.727272727272727,6060,False
Blue_Dragon_vs_Pantheon_g5,505,154,6100,183,0,199,13,31,6,0.6464646464646465,12.666666666666666,12.828282828282829,6080,False
Blue_Dragon_vs_Pantheon_g5,506,170,6100,183,0,200,13,32,6,0.7474747474747475,12.0,12.828282828282829,6090,False
Blue_Dragon_vs_Pantheon_g5,507,26,6300,189,0,201,13,31,6,-0.4444444444444444,12.666666666666666,12.929292929292929,6110,False
Blue_Dragon_vs_Pantheon_g5,508,54,6200,186,0,202,13,31,6,-0.21212121212121213,12.666666666666666,12.828282828282829,6120,False
Blue_Dragon_vs_Pantheon_g5,509,53,6210,186,0,203,13,31,6,-0.37373737373737376,12.666666666666666,12.828282828282829,6130,False
Blue_Dragon_vs_Pantheon_g5,510,62,6210,186,0,204,13,32,6,-0.36363636363636365,12.666666666666666,12.727272727272727,6140,False
Blue_Dragon_vs_Pantheon_g5,511,61,6310,189,0,205,13,32,6,-0.494949494949495,12.666666666666666,12.727272727272727,6150,False
Blue_Dragon_vs_Pantheon_g5,512,77,6310,189,0,206,13,32,6,-0.40404040404040403,12.0,12.727272727272727,6160,False
Blue_Dragon_vs_Pantheon_g5,513,83,6310,189,0,207,13,32,6,-0.3838383838383838,12.666666666666666,12.828282828282829,6180,False
Blue_Dragon_vs_Pantheon_g5,514,101,6310,189,0,208,13,32,6,-0.2828282828282828,12.0,12.828282828282829,6190,False
Blue_Dragon_vs_Pantheon_g5,515,108,6310,189,0,209,13,32,6,-0.3939393939393939,12.666666666666666,12.929292929292929,6210,False
Blue_Dragon_vs_Pantheon_g5,516,135,6310,189,0,210,13,31,6,1.1717171717171717,12.666666666666666,12.828282828282829,6220,False
Blue_Dragon_vs_Pantheon_g5,517,143,6110,183,0,211,13,31,6,1.1313131313131313,12.666666666666666,12.727272727272727,6230,False
Blue_Dragon_vs_Pantheon_g5,518,151,6110,183,0,212,13,32,6,1.0505050505050506,12.666666666666666,12.626262626262626,6240,False
Blue_Dragon_vs_Pantheon_g5,519,10,6310,189,0,213,13,32,6,-0.6565656565656566,12.666666666666666,12.626262626262626,6250,False
Blue_Dragon_vs_Pantheon_g5,520,27,6310,189,0,214,13,32,6,-0.46464646464646464,12.0,12.626262626262626,6260,False
Blue_Dragon_vs_Pantheon_g5,521,28,6315,189,0,215,13,31,6,-0.40404040404040403,12.666666666666666,12.727272727272727,6280,False
Blue_Dragon_vs_Pantheon_g5,522,46,6115,183,0,216,13,31,6,-0.29292929292929293,12.0,12.727272727272727,6290,False
Blue_Dragon_vs_Pantheon_g5,523,40,6115,183,0,217,13,31,6,-0.5353535353535354,12.666666666666666,12.828282828282829,6310,False
Blue_Dragon_vs_Pantheon_g5,524,68,6115,183,0,218,13,32,6,-0.35353535353535354,12.666666666666666,12.727272727272727,6320,False
Blue_Dragon_vs_Pantheon_g5,525,26,6215,186,0,219,13,32,6,-0.9797979797979798,12.666666666666666,12.727272727272727,6330,False
Blue_Dragon_vs_Pantheon_g5,526,33,6215,186,0,220,13,32,6,-1.0,12.666666666666666,12.626262626262626,6340,False
Blue_Dragon_vs_Pantheon_g5,527,42,6215,186,0,221,13,32,6,-0.7474747474747475,12.666666666666666,12.626262626262626,6350,False
Blue_Dragon_vs_Pantheon_g5,528,60,6215,186,0,222,13,33,6,-0.6666666666666666,12.0,12.626262626262626,6360,False
Blue_Dragon_vs_Pantheon_g5,529,19,6305,189,0,223,13,33,6,-1.1818181818181819,12.666666666666666,12.626262626262626,6380,False
Blue_Dragon_vs_Pantheon_g5,530,38,6300,189,0,224,13,32,6,-1.1818181818181819,12.0,12.626262626262626,6390,False
Blue_Dragon_vs_Pantheon_g5,531,47,6100,183,0,225,13,32,6,0.10101010101010101,12.666666666666666,12.727272727272727,6410,False
Blue_Dragon_vs_Pantheon_g5,532,77,6095,182,0,226,13,33,6,0.3333333333333333,12.666666666666666,12.626262626262626,6420,False
Blue_Dragon_vs_Pantheon_g5,533,38,6195,185,0,227,13,33,6,-0.23232323232323232,12.666666666666666,12.626262626262626,6430,False
Blue_Dragon_vs_Pantheon_g5,534,47,6195,185,0,228,13,33,6,-0.21212121212121213,12.666666666666666,12.525252525252526,6440,False
Blue_Dragon_vs_Pantheon_g5,535,56,6195,185,0,229,13,33,6,-0.3838383838383838,12.666666666666666,12.525252525252526,6450,False
Blue_Dragon_vs_Pantheon_g5,536,76,6195,185,0,230,13,34,6,-0.2727272727272727,12.0,12.525252525252526,6460,False
Blue_Dragon_vs_Pantheon_g5,537,36,6295,188,0,231,13,34,6,-0.7676767676767676,12.666666666666666,12.626262626262626,6480,False
Blue_Dragon_vs_Pantheon_g5,538,55,6295,188,0,232,13,34,6,-0.6262626262626263,12.0,12.626262626262626,6490,False
Blue_Dragon_vs_Pantheon_g5,539,59,6300,189,0,233,13,33,6,-0.7373737373737373,12.666666666666666,12.727272727272727,6510,False
Blue_Dragon_vs_Pantheon_g5,540,87,6200,186,0,234,13,34,6,-0.5050505050505051,12.666666666666666,12.626262626262626,6520,False
Blue_Dragon_vs_Pantheon_g5,541,41,6305,189,0,235,13,34,6,-1.1313131313131313,12.666666666666666,12.525252525252526,6530,False
Blue_Dragon_vs_Pantheon_g5,542,36,6310,189,0,236,13,34,6,0.0,12.666666666666666,12.424242424242424,6540,False
Blue_Dragon_vs_Pantheon_g5,543,46,6310,189,0,237,13,34,6,-0.1414141414141414,12.666666666666666,12.424242424242424,6550,False
Blue_Dragon_vs_Pantheon_g5,544,66,6310,189,0,238,13,35,6,0.0,12.0,12.424242424242424,6560,False
Blue_Dragon_vs_Pantheon_g5,545,66,6410,192,0,239,13,36,6,-0.06060606060606061,12.666666666666666,12.525252525252526,6580,False
Blue_Dragon_vs_Pantheon_g5,546,34,6500,195,0,240,13,36,6,-0.45454545454545453,12.0,12.525252525252526,6590,False
Blue_Dragon_vs_Pantheon_g5,547,44,6500,195,0,241,13,36,6,-0.5353535353535354,12.666666666666666,12.626262626262626,6610,False
Blue_Dragon_vs_Pantheon_g5,548,68,6505,195,0,242,13,37,6,-0.3838383838383838,12.666666666666666,12.525252525252526,6620,False
Blue_Dragon_vs_Pantheon_g5,549,66,6605,198,0,243,13,38,6,-0.6060606060606061,12.666666666666666,12.525252525252526,6630,False
Blue_Dragon_vs_Pantheon_g5,550,64,6705,201,0,244,13,39,6,-0.7171717171717171,12.666666666666666,12.424242424242424,6640,False
Blue_Dragon_vs_Pantheon_g5,551,63,6805,204,0,245,13,39,6,-1.0101010101010102,12.666666666666666,12.424242424242424,6650,False
Blue_Dragon_vs_Pantheon_g5,552,81,6805,204,0,246,13,40,6,0.45454545454545453,12.0,12.424242424242424,6660,False
Blue_Dragon_vs_Pantheon_g5,553,80,6905,207,0,247,13,40,6,0.36363636363636365,12.666666666666666,12.525252525252526,6680,False
Blue_Dragon_vs_Pantheon_g5,554,97,6905,207,0,248,13,40,6,0.46464646464646464,12.0,12.525252525252526,6690,False
Blue_Dragon_vs_Pantheon_g5,555,104,6905,207,0,249,13,39,6,0.3939393939393939,12.666666666666666,12.626262626262626,6710,False
Blue_Dragon_vs_Pantheon_g5,556,119,6810,204,0,250,13,39,6,0.46464646464646464,12.666666666666666,12.525252525252526,6720,False
Blue_Dragon_vs_Pantheon_g5,557,124,6815,204,0,251,13,39,6,0.31313131313131315,12.666666666666666,12.525252525252526,6730,False
Blue_Dragon_vs_Pantheon_g5,558,134,6815,204,0,252,13,38,6,0.31313131313131315,13.333333333333334,12.525252525252526,6750,False
Blue_Dragon_vs_Pantheon_g5,559,152,6715,201,0,253,13,38,6,0.1919191919191919,13.333333333333334,12.525252525252526,6760,False
Blue_Dragon_vs_Pantheon_g5,560,155,6725,201,0,254,13,39,6,0.12121212121212122,12.666666666666666,12.525252525252526,6770,False
Blue_Dragon_vs_Pantheon_g5,561,11,6920,207,0,255,13,39,6,0.010101010101010102,13.333333333333334,12.626262626262626,6790,False
Blue_Dragon_vs_Pantheon_g5,562,21,6930,207,0,256,13,38,6,0.010101010101010102,13.333333333333334,12.727272727272727,6810,False
Blue_Dragon_vs_Pantheon_g5,563,25,6745,202,0,257,13,38,6,-0.1414141414141414,14.0,12.828282828282829,6830,False
Blue_Dragon_vs_Pantheon_g5,564,33,6755,202,0,258,13,35,6,-0.13131313131313133,14.0,12.727272727272727,6840,False
Blue_Dragon_vs_Pantheon_g5,565,26,6265,187,0,259,13,35,6,-0.3939393939393939,13.333333333333334,12.626262626262626,6840,False
Blue_Dragon_vs_Pantheon_g5,566,11,6275,188,0,260,13,35,6,-0.6363636363636364,14.0,12.626262626262626,6860,False
Blue_Dragon_vs_Pantheon_g5,567,29,6275,188,0,261,13,35,6,-0.7474747474747475,14.0,12.626262626262626,6870,False
Blue_Dragon_vs_Pantheon_g5,568,29,6285,188,0,262,13,35,6,-0.8383838383838383,13.333333333333334,12.626262626262626,6880,False
Blue_Dragon_vs_Pantheon_g5,569,37,6285,188,0,263,13,35,6,-0.8484848484848485,13.333333333333334,12.626262626262626,6890,False
Blue_Dragon_vs_Pantheon_g5,570,34,6300,189,0,264,13,35,6,-0.9292929292929293,13.333333333333334,12.727272727272727,6910,False
Blue_Dragon_vs_Pantheon_g5,571,37,6310,189,0,265,13,35,6,-1.101010101010101,14.0,12.828282828282829,6930,False
Blue_Dragon_vs_Pantheon_g5,572,63,6310,189,0,266,13,35,6,-0.898989898989899,14.0,12.727272727272727,6940,False
Blue_Dragon_vs_Pantheon_g5,573,67,6315,189,0,267,13,35,6,0.45454545454545453,13.333333333333334,12.727272727272727,6950,False
Blue_Dragon_vs_Pantheon_g5,574,68,6320,189,0,268,13,36,6,0.37373737373737376,14.0,12.727272727272727,6970,False
Blue_Dragon_vs_Pantheon_g5,575,74,6420,192,0,269,13,37,6,0.15151515151515152,14.0,12.727272727272727,6980,False
Blue_Dragon_vs_Pantheon_g5,576,80,6515,195,0,270,13,37,6,0.1414141414141414,13.333333333333334,12.727272727272727,6990,False
Blue_Dragon_vs_Pantheon_g5,577,85,6515,195,0,271,13,37,6,0.1111111111111111,13.333333333333334,12.828282828282829,7010,False
Blue_Dragon_vs_Pantheon_g5,578,101,6515,195,0,272,13,37,6,0.20202020202020202,13.333333333333334,12.929292929292929,7030,False
Blue_Dragon_vs_Pantheon_g5,579,116,6515,195,0,273,13,37,6,0.1717171717171717,14.0,13.030303030303031,7050,False
Blue_Dragon_vs_Pantheon_g5,580,142,6515,195,0,274,13,39,6,0.35353535353535354,14.666666666666666,12.929292929292929,7060,False
Blue_Dragon_vs_Pantheon_g5,581,93,6715,201,0,275,13,39,6,-0.32323232323232326,13.333333333333334,12.828282828282829,7060,False
Blue_Dragon_vs_Pantheon_g5,582,89,6720,201,0,276,13,39,6,-0.4444444444444444,14.0,12.828282828282829,7080,False
Blue_Dragon_vs_Pantheon_g5,583,109,6720,201,0,277,13,39,6,-0.494949494949495,14.0,12.828282828282829,7090,False
Blue_Dragon_vs_Pantheon_g5,584,129,6720,201,0,278,13,39,6,-0.29292929292929293,14.0,12.828282828282829,7100,False
Blue_Dragon_vs_Pantheon_g5,585,135,6725,201,0,279,13,38,6,-0.26262626262626265,14.0,12.929292929292929,7120,False
Blue_Dragon_vs_Pantheon_g5,586,151,6630,198,0,280,13,39,6,-0.13131313131313133,14.0,13.030303030303031,7140,False
Blue_Dragon_vs_Pantheon_g5,587,30,6830,204,0,281,13,39,6,0.020202020202020204,14.666666666666666,13.131313131313131,7160,False
Blue_Dragon_vs_Pantheon_g5,588,60,6830,204,0,282,13,39,6,0.26262626262626265,14.666666666666666,13.030303030303031,7170,False
Blue_Dragon_vs_Pantheon_g5,589,70,6830,204,0,283,13,39,6,0.32323232323232326,14.0,13.030303030303031,7180,False
Blue_Dragon_vs_Pantheon_g5,590,76,6835,205,0,284,13,39,6,0.30303030303030304,14.666666666666666,13.030303030303031,7200,False
Blue_Dragon_vs_Pantheon_g5,591,96,6835,205,0,285,13,39,6,0.23232323232323232,14.666666666666666,13.030303030303031,7210,False
Blue_Dragon_vs_Pantheon_g5,592,116,6835,205,0,286,13,39,6,0.36363636363636365,14.0,13.030303030303031,7220,False
Blue_Dragon_vs_Pantheon_g5,593,126,6835,205,0,287,13,38,6,0.40404040404040403,14.0,13.131313131313131,7240,False
Blue_Dragon_vs_Pantheon_g5,594,146,6735,202,0,288,13,38,6,0.5353535353535354,14.0,13.232323232323232,7260,False
Blue_Dragon_vs_Pantheon_g5,595,160,6740,202,0,289,13,39,6,0.6363636363636364,14.666666666666666,13.333333333333334,7280,False
Blue_Dragon_vs_Pantheon_g5,596,48,6840,205,0,290,13,39,6,-0.5858585858585859,15.333333333333334,13.232323232323232,7290,False
Blue_Dragon_vs_Pantheon_g5,597,58,6840,205,0,291,13,38,6,-0.6868686868686869,14.666666666666666,13.232323232323232,7300,False
Blue_Dragon_vs_Pantheon_g5,598,68,6640,199,0,292,13,38,6,-0.6868686868686869,15.333333333333334,13.232323232323232,7320,False
Blue_Dragon_vs_Pantheon_g5,599,84,6645,199,0,293,13,38,6,-0.8080808080808081,15.333333333333334,13.232323232323232,7330,False
Blue_Dragon_vs_Pantheon_g5,600,90,6650,199,0,294,13,38,6,-0.30303030303030304,14.666666666666666,13.232323232323232,7340,False
Blue_Dragon_vs_Pantheon_g5,601,100,6650,199,0,295,13,38,6,-0.2828282828282828,14.666666666666666,13.333333333333334,7360,False
Blue_Dragon_vs_Pantheon_g5,602,119,6650,199,0,296,13,38,6,-0.16161616161616163,14.666666666666666,13.434343434343434,7380,False
Blue_Dragon_vs_Pantheon_g5,603,139,6650,199,0,297,13,38,6,-0.10101010101010101,15.333333333333334,13.535353535353535,7400,False
Blue_Dragon_vs_Pantheon_g5,604,75,6740,202,0,298,13,38,6,-0.797979797979798,15.333333333333334,13.434343434343434,7410,False
Blue_Dragon_vs_Pantheon_g5,605,77,6750,202,0,299,13,38,6,-0.9393939393939394,14.666666666666666,13.434343434343434,7420,False
Blue_Dragon_vs_Pantheon_g5,606,83,6755,202,0,300,13,38,6,0.5757575757575758,15.333333333333334,13.434343434343434,7440,False
Blue_Dragon_vs_Pantheon_g5,607,103,6755,202,0,301,13,38,6,0.494949494949495,15.333333333333334,13.434343434343434,7450,False
Blue_Dragon_vs_Pantheon_g5,608,122,6755,202,0,302,13,38,6,0.696969696969697,14.666666666666666,13.434343434343434,7460,False
Blue_Dragon_vs_Pantheon_g5,609,128,6760,202,0,303,13,38,6,0.6666666666666666,14.0,13.434343434343434,7470,False
Blue_Dragon_vs_Pantheon_g5,610,138,6760,202,0,304,13,38,6,0.7777777777777778,14.0,13.535353535353535,7490,False
Blue_Dragon_vs_Pantheon_g5,611,150,6770,203,0,305,13,38,6,0.7373737373737373,14.666666666666666,13.636363636363637,7510,False
Blue_Dragon_vs_Pantheon_g5,612,178,6770,203,0,306,13,38,6,0.9595959595959596,14.666666666666666,13.535353535353535,7520,False
Blue_Dragon_vs_Pantheon_g5,613,188,6770,203,0,307,13,39,6,0.8787878787878788,13.333333333333334,13.434343434343434,7520,False
Blue_Dragon_vs_Pantheon_g5,614,43,6960,208,0,308,13,39,6,-0.6565656565656566,14.0,13.434343434343434,7540,False
Blue_Dragon_vs_Pantheon_g5,615,63,6960,208,0,309,13,39,6,-0.7272727272727273,14.0,13.434343434343434,7550,False
Blue_Dragon_vs_Pantheon_g5,616,83,6960,208,0,310,13,39,6,-0.6060606060606061,13.333333333333334,13.434343434343434,7560,False
Blue_Dragon_vs_Pantheon_g5,617,93,6960,208,0,311,13,39,6,-0.5858585858585859,13.333333333333334,13.535353535353535,7580,False
Blue_Dragon_vs_Pantheon_g5,618,113,6960,208,0,312,13,39,6,1.0404040404040404,13.333333333333334,13.636363636363637,7600,False
Blue_Dragon_vs_Pantheon_g5,619,133,6960,208,0,313,13,39,6,1.0707070707070707,14.0,13.737373737373737,7620,False
Blue_Dragon_vs_Pantheon_g5,620,161,6960,208,0,314,13,38,6,1.3434343434343434,14.0,13.636363636363637,7630,False
Blue_Dragon_vs_Pantheon_g5,621,154,6770,203,0,315,13,39,6,1.0909090909090908,13.333333333333334,13.636363636363637,7640,False
Blue_Dragon_vs_Pantheon_g5,622,16,6960,208,0,316,13,39,6,-0.24242424242424243,14.0,13.636363636363637,7660,False
Blue_Dragon_vs_Pantheon_g5,623,21,6970,209,0,317,13,39,6,-0.47474747474747475,14.0,13.636363636363637,7670,False
Blue_Dragon_vs_Pantheon_g5,624,41,6970,209,0,318,13,39,6,0.15151515151515152,14.0,13.636363636363637,7680,False
Blue_Dragon_vs_Pantheon_g5,625,51,6970,209,0,319,13,39,6,0.18181818181818182,14.0,13.737373737373737,7700,False
Blue_Dragon_vs_Pantheon_g5,626,71,6970,209,0,320,13,38,6,0.29292929292929293,14.0,13.83838383838384,7720,False
Blue_Dragon_vs_Pantheon_g5,627,91,6770,203,0,321,13,38,6,0.31313131313131315,14.666666666666666,13.93939393939394,7740,False
Blue_Dragon_vs_Pantheon_g5,628,121,6770,203,0,322,13,38,6,1.0303030303030303,15.333333333333334,13.83838383838384,7750,False
Blue_Dragon_vs_Pantheon_g5,629,130,6770,203,0,323,13,38,6,0.9292929292929293,14.666666666666666,13.83838383838384,7760,False
Blue_Dragon_vs_Pantheon_g5,630,140,6770,203,0,324,13,38,6,0.9393939393939394,15.333333333333334,13.83838383838384,7780,False
Blue_Dragon_vs_Pantheon_g5,631,160,6770,203,0,325,13,39,6,0.8383838383838383,15.333333333333334,13.83838383838384,7790,False
Blue_Dragon_vs_Pantheon_g5,632,20,6970,209,0,326,13,38,6,-0.18181818181818182,14.666666666666666,13.83838383838384,7800,False
Blue_Dragon_vs_Pantheon_g5,633,30,6770,203,0,327,13,38,6,-0.1717171717171717,14.666666666666666,13.93939393939394,7820,False
Blue_Dragon_vs_Pantheon_g5,634,49,6770,203,0,328,13,38,6,-0.0707070707070707,14.666666666666666,14.04040404040404,7840,False
Blue_Dragon_vs_Pantheon_g5,635,69,6770,203,0,329,13,38,6,-0.0707070707070707,15.333333333333334,14.141414141414142,7860,False
Blue_Dragon_vs_Pantheon_g5,636,99,6770,203,0,330,13,38,6,0.6363636363636364,15.333333333333334,14.04040404040404,7870,False
Blue_Dragon_vs_Pantheon_g5,637,108,6770,203,0,331,13,38,6,0.5353535353535354,14.666666666666666,14.04040404040404,7880,False
Blue_Dragon_vs_Pantheon_g5,638,118,6770,203,0,332,13,38,6,0.5959595959595959,15.333333333333334,14.04040404040404,7900,False
Blue_Dragon_vs_Pantheon_g5,639,137,6770,203,0,333,13,38,6,0.5050505050505051,15.333333333333334,14.04040404040404,7910,False
Blue_Dragon_vs_Pantheon_g5,640,157,6770,203,0,334,13,38,6,1.1717171717171717,14.666666666666666,14.04040404040404,7920,False
Blue_Dragon_vs_Pantheon_g5,641,153,6780,203,0,335,13,38,6,1.1818181818181819,14.0,14.04040404040404,7930,False
Blue_Dragon_vs_Pantheon_g5,642,162,6780,203,0,336,13,38,6,1.1717171717171717,14.0,14.141414141414142,7950,False
Blue_Dragon_vs_Pantheon_g5,643,182,6780,203,0,337,13,37,6,1.1717171717171717,14.666666666666666,14.242424242424242,7970,False
Blue_Dragon_vs_Pantheon_g5,644,211,6580,197,0,338,13,38,6,1.4646464646464648,14.666666666666666,14.141414141414142,7980,False
Blue_Dragon_vs_Pantheon_g5,645,81,6770,203,0,339,13,37,6,0.47474747474747475,14.0,14.141414141414142,7990,False
Blue_Dragon_vs_Pantheon_g5,646,90,6570,197,0,340,13,37,6,0.46464646464646464,14.666666666666666,14.141414141414142,8010,False
Blue_Dragon_vs_Pantheon_g5,647,110,6570,197,0,341,13,37,6,0.42424242424242425,14.666666666666666,14.141414141414142,8020,False
