  task=HEAL_CORE FAIL
  task=CONNECT_BACK FAIL
  task=HARVEST_TI 0us OK -> (<Direction.NORTHEAST: 'northeast'>, PlaceRoad(pos=Position(x=4, y=14)))
  task=HEAL_CORE FAIL
  task=CONNECT_BACK FAIL
  task=HARVEST_TI 0us OK -> (<Direction.NORTHEAST: 'northeast'>, PlaceRoad(pos=Position(x=5, y=13)))
  task=HEAL_CORE FAIL
  task=CONNECT_BACK FAIL
  task=HARVEST_TI FAIL
  task=EXPLORE 0us OK -> (<Direction.NORTHEAST: 'northeast'>, PlaceRoad(pos=Position(x=5, y=14)))
  task=HEAL_CORE FAIL
  task=CONNECT_BACK FAIL
  task=HARVEST_TI 0us OK -> (<Direction.EAST: 'east'>, PlaceRoad(pos=Position(x=6, y=13)))
  task=HEAL_CORE FAIL
  task=CONNECT_BACK FAIL
  task=HARVEST_TI FAIL
  task=EXPLORE 0us OK -> (<Direction.SOUTHEAST: 'southeast'>, PlaceRoad(pos=Position(x=6, y=15)))
  task=HEAL_CORE FAIL
  task=CONNECT_BACK FAIL
  task=HARVEST_TI FAIL
  task=EXPLORE 0us OK -> (<Direction.NORTHEAST: 'northeast'>, None)
  task=HEAL_CORE FAIL
  task=CONNECT_BACK FAIL
  task=HARVEST_TI 0us OK -> (<Direction.CENTRE: 'centre'>, PlaceHarvester(pos=Position(x=6, y=12)))
  task=HEAL_CORE FAIL
  task=CONNECT_BACK 0us OK -> (<Direction.NORTHWEST: 'northwest'>, None)
  task=HEAL_CORE FAIL
  task=CONNECT_BACK 0us OK -> (<Direction.NORTHEAST: 'northeast'>, None)
  task=HEAL_CORE FAIL
  task=CONNECT_BACK 0us OK -> (<Direction.EAST: 'east'>, PlaceRoad(pos=Position(x=5, y=15)))
  task=HEAL_CORE FAIL
  task=CONNECT_BACK 0us OK -> (<Direction.WEST: 'west'>, PlaceConveyor(pos=Position(x=6, y=13), direction=<Direction.WEST: 'west'>))
  task=HEAL_CORE FAIL
  task=CONNECT_BACK 0us OK -> (<Direction.NORTHWEST: 'northwest'>, PlaceConveyor(pos=Position(x=5, y=13), direction=<Direction.WEST: 'west'>))
  task=HEAL_CORE FAIL
  task=CONNECT_BACK 0us OK -> (<Direction.SOUTHWEST: 'southwest'>, PlaceConveyor(pos=Position(x=4, y=13), direction=<Direction.SOUTH: 'south'>))
  task=HEAL_CORE FAIL
  task=CONNECT_BACK 0us OK -> (<Direction.WEST: 'west'>, PlaceConveyor(pos=Position(x=4, y=14), direction=<Direction.SOUTH: 'south'>))
  task=HEAL_CORE FAIL
  task=CONNECT_BACK FAIL
  task=HARVEST_TI FAIL
  task=EXPLORE 0us OK -> (<Direction.NORTH: 'north'>, PlaceRoad(pos=Position(x=3, y=14)))
  task=HEAL_CORE FAIL
  task=CONNECT_BACK FAIL
  task=HARVEST_TI FAIL
  task=EXPLORE 0us OK -> (<Direction.NORTHEAST: 'northeast'>, PlaceRoad(pos=Position(x=7, y=12)))
  task=HEAL_CORE FAIL
  task=CONNECT_BACK FAIL
  task=HARVEST_TI FAIL
  task=EXPLORE 0us OK -> (<Direction.NORTH: 'north'>, None)
  task=HEAL_CORE FAIL
  task=CONNECT_BACK FAIL
  task=HARVEST_TI FAIL
  task=EXPLORE 0us OK -> (<Direction.NORTH: 'north'>, None)
  task=HEAL_CORE FAIL
  task=CONNECT_BACK FAIL
  task=HARVEST_TI FAIL
  task=EXPLORE 0us OK -> (<Direction.EAST: 'east'>, None)
  task=HEAL_CORE FAIL
  task=CONNECT_BACK FAIL
  task=HARVEST_TI FAIL
  task=EXPLORE 0us OK -> (<Direction.EAST: 'east'>, None)
  task=HEAL_CORE FAIL
  task=CONNECT_BACK FAIL
  task=HARVEST_TI FAIL
  task=EXPLORE 0us OK -> (<Direction.NORTHEAST: 'northeast'>, None)
  task=HEAL_CORE FAIL
  task=CONNECT_BACK FAIL
  task=HARVEST_TI 0us OK -> (<Direction.NORTH: 'north'>, PlaceRoad(pos=Position(x=7, y=11)))
  task=HEAL_CORE FAIL
  task=CONNECT_BACK FAIL
  task=HARVEST_TI FAIL
  task=EXPLORE 0us OK -> (<Direction.EAST: 'east'>, None)
  task=HEAL_CORE FAIL
  task=CONNECT_BACK FAIL
  task=HARVEST_TI FAIL
  task=EXPLORE 0us OK -> (<Direction.NORTHEAST: 'northeast'>, PlaceRoad(pos=Position(x=5, y=12)))
  task=HEAL_CORE FAIL
  task=CONNECT_BACK FAIL
  task=HARVEST_TI FAIL
  task=EXPLORE 0us OK -> (<Direction.NORTHEAST: 'northeast'>, PlaceRoad(pos=Position(x=7, y=14)))
  task=HEAL_CORE FAIL
  task=CONNECT_BACK FAIL
  task=HARVEST_TI FAIL
  task=EXPLORE 0us OK -> (<Direction.NORTHEAST: 'northeast'>, None)
  task=HEAL_CORE FAIL
  task=CONNECT_BACK FAIL
  task=HARVEST_TI FAIL
  task=EXPLORE 0us OK -> (<Direction.SOUTHEAST: 'southeast'>, None)
  task=HEAL_CORE FAIL
  task=CONNECT_BACK FAIL
  task=HARVEST_TI 0us OK -> (<Direction.NORTHEAST: 'northeast'>, PlaceRoad(pos=Position(x=8, y=10)))
  task=HEAL_CORE FAIL
  task=CONNECT_BACK FAIL
  task=HARVEST_TI FAIL
  task=EXPLORE 0us OK -> (<Direction.NORTHEAST: 'northeast'>, None)
  task=HEAL_CORE FAIL
  task=CONNECT_BACK FAIL
  task=HARVEST_TI FAIL
  task=EXPLORE 0us OK -> (<Direction.NORTHEAST: 'northeast'>, PlaceRoad(pos=Position(x=6, y=11)))
  task=HEAL_CORE FAIL
  task=CONNECT_BACK FAIL
  task=HARVEST_TI FAIL
  task=EXPLORE 0us OK -> (<Direction.NORTHEAST: 'northeast'>, PlaceRoad(pos=Position(x=8, y=13)))
  task=HEAL_CORE FAIL
  task=CONNECT_BACK FAIL
  task=HARVEST_TI FAIL
  task=EXPLORE 0us OK -> (<Direction.NORTH: 'north'>, None)
  task=HEAL_CORE FAIL
  task=CONNECT_BACK FAIL
  task=HARVEST_TI FAIL
  task=EXPLORE 0us OK -> (<Direction.NORTHEAST: 'northeast'>, None)
  task=HEAL_CORE FAIL
  task=CONNECT_BACK FAIL
  task=HARVEST_TI 0us OK -> (<Direction.NORTHEAST: 'northeast'>, PlaceRoad(pos=Position(x=9, y=9)))
  task=HEAL_CORE FAIL
  task=CONNECT_BACK FAIL
  task=HARVEST_TI FAIL
  task=EXPLORE 0us OK -> (<Direction.NORTH: 'north'>, None)
  task=HEAL_CORE FAIL
  task=CONNECT_BACK FAIL
  task=HARVEST_TI FAIL
  task=EXPLORE 0us OK -> (<Direction.NORTHEAST: 'northeast'>, PlaceRoad(pos=Position(x=7, y=10)))
  task=HEAL_CORE FAIL
  task=CONNECT_BACK FAIL
  task=HARVEST_TI FAIL
  task=EXPLORE 0us OK -> (<Direction.NORTHWEST: 'northwest'>, None)
  task=HEAL_CORE FAIL
  task=CONNECT_BACK FAIL
  task=HARVEST_TI FAIL
  task=EXPLORE 0us OK -> (<Direction.NORTHEAST: 'northeast'>, None)
  task=HEAL_CORE FAIL
  task=CONNECT_BACK FAIL
  task=HARVEST_TI FAIL
  task=EXPLORE 0us OK -> (<Direction.NORTHEAST: 'northeast'>, None)
  task=HEAL_CORE FAIL
  task=CONNECT_BACK FAIL
  task=HARVEST_TI 0us OK -> (<Direction.CENTRE: 'centre'>, PlaceHarvester(pos=Position(x=9, y=8)))
  task=HEAL_CORE FAIL
  task=CONNECT_BACK 0us OK -> (<Direction.NORTHEAST: 'northeast'>, None)
  task=HEAL_CORE FAIL
  task=CONNECT_BACK 0us OK -> (<Direction.NORTHEAST: 'northeast'>, PlaceRoad(pos=Position(x=8, y=9)))
  task=HEAL_CORE FAIL
  task=CONNECT_BACK 0us OK -> (<Direction.NORTHEAST: 'northeast'>, PlaceRoad(pos=Position(x=8, y=11)))
  task=HEAL_CORE FAIL
  task=CONNECT_BACK 0us OK -> (<Direction.NORTHEAST: 'northeast'>, None)
  task=HEAL_CORE FAIL
  task=CONNECT_BACK FAIL
  task=HARVEST_TI FAIL
  task=EXPLORE 0us OK -> (<Direction.NORTHWEST: 'northwest'>, None)
  task=HEAL_CORE FAIL
  task=CONNECT_BACK 0us OK -> (<Direction.WEST: 'west'>, PlaceConveyor(pos=Position(x=9, y=9), direction=<Direction.WEST: 'west'>))
  task=HEAL_CORE FAIL
  task=CONNECT_BACK 0us OK -> (<Direction.NORTHWEST: 'northwest'>, PlaceConveyor(pos=Position(x=8, y=9), direction=<Direction.WEST: 'west'>))
  task=HEAL_CORE FAIL
  task=CONNECT_BACK 0us OK -> (<Direction.SOUTHWEST: 'southwest'>, PlaceConveyor(pos=Position(x=7, y=9), direction=<Direction.SOUTH: 'south'>))
  task=HEAL_CORE FAIL
  task=CONNECT_BACK 0us OK -> (<Direction.WEST: 'west'>, PlaceConveyor(pos=Position(x=7, y=10), direction=<Direction.SOUTH: 'south'>))
  task=HEAL_CORE FAIL
  task=CONNECT_BACK 0us OK -> (<Direction.SOUTH: 'south'>, PlaceConveyor(pos=Position(x=7, y=11), direction=<Direction.SOUTH: 'south'>))
  task=HEAL_CORE FAIL
  task=CONNECT_BACK 0us OK -> (<Direction.SOUTH: 'south'>, PlaceConveyor(pos=Position(x=7, y=12), direction=<Direction.SOUTH: 'south'>))
  task=HEAL_CORE FAIL
  task=CONNECT_BACK 0us OK -> (<Direction.SOUTH: 'south'>, PlaceRoad(pos=Position(x=9, y=10)))
  task=HEAL_CORE FAIL
  task=CONNECT_BACK 0us OK -> (<Direction.SOUTH: 'south'>, None)
  task=HEAL_CORE FAIL
  task=CONNECT_BACK 0us OK -> (<Direction.SOUTH: 'south'>, None)
  task=HEAL_CORE FAIL
  task=CONNECT_BACK 0us OK -> (<Direction.SOUTHEAST: 'southeast'>, PlaceRoad(pos=Position(x=8, y=12)))
  task=HEAL_CORE FAIL
  task=CONNECT_BACK 0us OK -> (<Direction.SOUTHWEST: 'southwest'>, None)
  task=HEAL_CORE FAIL
  task=CONNECT_BACK 0us OK -> (<Direction.SOUTHWEST: 'southwest'>, PlaceConveyor(pos=Position(x=7, y=13), direction=<Direction.WEST: 'west'>))
  task=HEAL_CORE FAIL
  task=RUSH FAIL
  task=SCOUT_ENEMY 0us OK -> (<Direction.NORTH: 'north'>, None)
  task=HEAL_CORE FAIL
  task=RUSH FAIL
  task=SCOUT_ENEMY 0us OK -> (<Direction.NORTHEAST: 'northeast'>, None)
  task=HEAL_CORE FAIL
  task=RUSH FAIL
  task=SCOUT_ENEMY 0us OK -> (<Direction.NORTH: 'north'>, None)
  task=HEAL_CORE FAIL
  task=RUSH FAIL
  task=SCOUT_ENEMY 0us OK -> (<Direction.NORTH: 'north'>, None)
  task=HEAL_CORE FAIL
  task=RUSH FAIL
  task=SCOUT_ENEMY 0us OK -> (<Direction.EAST: 'east'>, None)
  task=HEAL_CORE FAIL
  task=RUSH FAIL
  task=SCOUT_ENEMY 0us OK -> (<Direction.NORTHEAST: 'northeast'>, None)
  task=HEAL_CORE FAIL
  task=RUSH FAIL
  task=SCOUT_ENEMY 0us OK -> (<Direction.NORTHWEST: 'northwest'>, PlaceRoad(pos=Position(x=8, y=8)))
  task=HEAL_CORE FAIL
  task=RUSH FAIL
  task=SCOUT_ENEMY 0us OK -> (<Direction.WEST: 'west'>, None)
  task=HEAL_CORE FAIL
  task=RUSH FAIL
  task=SCOUT_ENEMY 0us OK -> (<Direction.NORTHWEST: 'northwest'>, PlaceRoad(pos=Position(x=7, y=8)))
  task=HEAL_CORE FAIL
  task=RUSH FAIL
  task=SCOUT_ENEMY 0us OK -> (<Direction.NORTHWEST: 'northwest'>, None)
  task=HEAL_CORE FAIL
  task=RUSH FAIL
  task=SCOUT_ENEMY 0us OK -> (<Direction.SOUTHEAST: 'southeast'>, None)
  task=HEAL_CORE FAIL
  task=RUSH FAIL
  task=SCOUT_ENEMY 0us OK -> (<Direction.NORTHEAST: 'northeast'>, None)
  task=HEAL_CORE FAIL
  task=RUSH FAIL
  task=SCOUT_ENEMY 0us OK -> (<Direction.NORTH: 'north'>, PlaceRoad(pos=Position(x=8, y=7)))
  task=HEAL_CORE FAIL
  task=RUSH FAIL
  task=SCOUT_ENEMY 0us OK -> (<Direction.NORTHEAST: 'northeast'>, None)
  task=HEAL_CORE FAIL
  task=RUSH FAIL
  task=SCOUT_ENEMY 0us OK -> (<Direction.NORTH: 'north'>, PlaceRoad(pos=Position(x=7, y=7)))
  task=HEAL_CORE FAIL
  task=RUSH FAIL
  task=SCOUT_ENEMY 0us OK -> (<Direction.NORTHEAST: 'northeast'>, None)
  task=HEAL_CORE FAIL
  task=RUSH FAIL
  task=SCOUT_ENEMY 0us OK -> (<Direction.SOUTH: 'south'>, None)
  task=HEAL_CORE FAIL
  task=RUSH FAIL
  task=SCOUT_ENEMY 0us OK -> (<Direction.NORTH: 'north'>, None)
  task=HEAL_CORE FAIL
  task=RUSH FAIL
  task=SCOUT_ENEMY 0us OK -> (<Direction.NORTH: 'north'>, PlaceRoad(pos=Position(x=8, y=6)))
  task=HEAL_CORE FAIL
  task=RUSH FAIL
  task=SCOUT_ENEMY 0us OK -> (<Direction.NORTHWEST: 'northwest'>, None)
  task=HEAL_CORE FAIL
  task=RUSH FAIL
  task=SCOUT_ENEMY 0us OK -> (<Direction.NORTH: 'north'>, PlaceRoad(pos=Position(x=7, y=6)))
  task=HEAL_CORE FAIL
  task=RUSH FAIL
  task=SCOUT_ENEMY 0us OK -> (<Direction.NORTHWEST: 'northwest'>, None)
  task=HEAL_CORE FAIL
  task=RUSH FAIL
  task=SCOUT_ENEMY 0us OK -> (<Direction.NORTH: 'north'>, None)
  task=HEAL_CORE FAIL
  task=RUSH FAIL
  task=SCOUT_ENEMY 0us OK -> (<Direction.SOUTH: 'south'>, None)
  task=HEAL_CORE FAIL
  task=RUSH FAIL
  task=SCOUT_ENEMY 0us OK -> (<Direction.NORTHWEST: 'northwest'>, PlaceRoad(pos=Position(x=7, y=5)))
  task=HEAL_CORE FAIL
  task=RUSH FAIL
  task=SCOUT_ENEMY 0us OK -> (<Direction.NORTHWEST: 'northwest'>, None)
  task=HEAL_CORE FAIL
  task=RUSH FAIL
  task=SCOUT_ENEMY 0us OK -> (<Direction.NORTHWEST: 'northwest'>, PlaceRoad(pos=Position(x=6, y=5)))
  task=HEAL_CORE FAIL
  task=RUSH FAIL
  task=SCOUT_ENEMY 0us OK -> (<Direction.SOUTHEAST: 'southeast'>, None)
  task=HEAL_CORE FAIL
  task=RUSH FAIL
  task=SCOUT_ENEMY 0us OK -> (<Direction.NORTHWEST: 'northwest'>, None)
  task=HEAL_CORE FAIL
  task=RUSH FAIL
  task=SCOUT_ENEMY 0us OK -> (<Direction.NORTHEAST: 'northeast'>, None)
  task=HEAL_CORE FAIL
  task=RUSH FAIL
  task=SCOUT_ENEMY 0us OK -> (<Direction.NORTH: 'north'>, PlaceRoad(pos=Position(x=7, y=4)))
  task=HEAL_CORE FAIL
  task=RUSH FAIL
  task=SCOUT_ENEMY 0us OK -> (<Direction.NORTHEAST: 'northeast'>, None)
  task=HEAL_CORE FAIL
  task=RUSH FAIL
  task=SCOUT_ENEMY 0us OK -> (<Direction.NORTH: 'north'>, PlaceRoad(pos=Position(x=6, y=4)))
  task=HEAL_CORE FAIL
  task=RUSH FAIL
  task=SCOUT_ENEMY 0us OK -> (<Direction.NORTH: 'north'>, None)
  task=HEAL_CORE FAIL
  task=RUSH FAIL
  task=SCOUT_ENEMY 0us OK -> (<Direction.NORTHEAST: 'northeast'>, None)
  task=HEAL_CORE FAIL
  task=RUSH FAIL
  task=SCOUT_ENEMY 0us OK -> (<Direction.NORTHWEST: 'northwest'>, None)
  task=HEAL_CORE FAIL
  task=RUSH FAIL
  task=SCOUT_ENEMY 0us OK -> (<Direction.NORTHEAST: 'northeast'>, PlaceRoad(pos=Position(x=8, y=3)))
  task=HEAL_CORE FAIL
  task=RUSH FAIL
  task=SCOUT_ENEMY 0us OK -> (<Direction.NORTHWEST: 'northwest'>, None)
  task=HEAL_CORE FAIL
  task=RUSH FAIL
  task=SCOUT_ENEMY 0us OK -> (<Direction.NORTHEAST: 'northeast'>, PlaceRoad(pos=Position(x=7, y=3)))
  task=HEAL_CORE FAIL
  task=RUSH FAIL
  task=SCOUT_ENEMY 0us OK -> (<Direction.NORTH: 'north'>, None)
  task=HEAL_CORE FAIL
  task=RUSH FAIL
  task=SCOUT_ENEMY 0us OK -> (<Direction.NORTHEAST: 'northeast'>, None)
  task=HEAL_CORE FAIL
  task=RUSH FAIL
  task=SCOUT_ENEMY 0us OK -> (<Direction.NORTH: 'north'>, None)
  task=HEAL_CORE FAIL
  task=RUSH FAIL
  task=SCOUT_ENEMY 0us OK -> (<Direction.NORTHEAST: 'northeast'>, PlaceRoad(pos=Position(x=9, y=2)))
  task=HEAL_CORE FAIL
  task=RUSH FAIL
  task=SCOUT_ENEMY 0us OK -> (<Direction.NORTH: 'north'>, None)
  task=HEAL_CORE FAIL
  task=RUSH FAIL
  task=SCOUT_ENEMY 0us OK -> (<Direction.EAST: 'east'>, None)
  task=HEAL_CORE FAIL
  task=RUSH FAIL
  task=SCOUT_ENEMY 0us OK -> (<Direction.NORTH: 'north'>, None)
  task=HEAL_CORE FAIL
  task=RUSH FAIL
  task=SCOUT_ENEMY 0us OK -> (<Direction.WEST: 'west'>, None)
  task=HEAL_CORE FAIL
  task=RUSH FAIL
  task=SCOUT_ENEMY 0us OK -> (<Direction.NORTH: 'north'>, None)
  task=HEAL_CORE FAIL
  task=RUSH FAIL
  task=SCOUT_ENEMY 0us OK -> (<Direction.NORTHEAST: 'northeast'>, PlaceRoad(pos=Position(x=10, y=1)))
  task=HEAL_CORE FAIL
  task=RUSH FAIL
  task=SCOUT_ENEMY 0us OK -> (<Direction.NORTH: 'north'>, None)
  task=HEAL_CORE FAIL
  task=RUSH FAIL
  task=SCOUT_ENEMY 0us OK -> (<Direction.EAST: 'east'>, PlaceRoad(pos=Position(x=9, y=3)))
  task=HEAL_CORE FAIL
  task=RUSH FAIL
  task=SCOUT_ENEMY 0us OK -> (<Direction.NORTHWEST: 'northwest'>, None)
  task=HEAL_CORE FAIL
  task=RUSH FAIL
  task=SCOUT_ENEMY 0us OK -> (<Direction.NORTH: 'north'>, None)
  task=HEAL_CORE FAIL
  task=RUSH FAIL
  task=SCOUT_ENEMY 0us OK -> (<Direction.NORTHWEST: 'northwest'>, None)
  task=HEAL_CORE FAIL
  task=RUSH FAIL
  task=SCOUT_ENEMY 0us OK -> (<Direction.NORTHEAST: 'northeast'>, PlaceRoad(pos=Position(x=11, y=0)))
  task=HEAL_CORE FAIL
  task=RUSH FAIL
  task=SCOUT_ENEMY 0us OK -> (<Direction.EAST: 'east'>, None)
  task=HEAL_CORE FAIL
  task=RUSH FAIL
  task=SCOUT_ENEMY 0us OK -> (<Direction.NORTH: 'north'>, None)
  task=HEAL_CORE FAIL
  task=RUSH FAIL
  task=SCOUT_ENEMY 0us OK -> (<Direction.NORTH: 'north'>, None)
  task=HEAL_CORE FAIL
  task=RUSH FAIL
  task=SCOUT_ENEMY 0us OK -> (<Direction.NORTH: 'north'>, None)
  task=HEAL_CORE FAIL
  task=RUSH FAIL
  task=SCOUT_ENEMY 0us OK -> (<Direction.NORTH: 'north'>, None)
  task=HEAL_CORE FAIL
  task=RUSH FAIL
  task=SCOUT_ENEMY 0us OK -> (<Direction.EAST: 'east'>, PlaceRoad(pos=Position(x=12, y=0)))
  task=HEAL_CORE FAIL
  task=RUSH FAIL
  task=SCOUT_ENEMY 0us OK -> (<Direction.EAST: 'east'>, None)
  task=HEAL_CORE FAIL
  task=RUSH FAIL
  task=SCOUT_ENEMY 0us OK -> (<Direction.NORTHEAST: 'northeast'>, None)
  task=HEAL_CORE FAIL
  task=RUSH FAIL
  task=SCOUT_ENEMY 0us OK -> (<Direction.NORTHEAST: 'northeast'>, None)
  task=HEAL_CORE FAIL
  task=RUSH FAIL
  task=SCOUT_ENEMY 0us OK -> (<Direction.NORTHWEST: 'northwest'>, None)
  task=HEAL_CORE FAIL
  task=RUSH FAIL
  task=SCOUT_ENEMY 0us OK -> (<Direction.NORTH: 'north'>, None)
  task=HEAL_CORE FAIL
  task=RUSH FAIL
  task=SCOUT_ENEMY 0us OK -> (<Direction.EAST: 'east'>, PlaceRoad(pos=Position(x=13, y=0)))
  task=HEAL_CORE FAIL
  task=RUSH FAIL
  task=SCOUT_ENEMY 0us OK -> (<Direction.NORTHEAST: 'northeast'>, PlaceRoad(pos=Position(x=10, y=2)))
  task=HEAL_CORE FAIL
  task=RUSH FAIL
  task=SCOUT_ENEMY 0us OK -> (<Direction.NORTHEAST: 'northeast'>, None)
  task=HEAL_CORE FAIL
  task=RUSH FAIL
  task=SCOUT_ENEMY 0us OK -> (<Direction.NORTHEAST: 'northeast'>, None)
  task=HEAL_CORE FAIL
  task=RUSH FAIL
  task=SCOUT_ENEMY 0us OK -> (<Direction.NORTH: 'north'>, None)
  task=HEAL_CORE FAIL
  task=RUSH FAIL
  task=SCOUT_ENEMY 0us OK -> (<Direction.NORTHEAST: 'northeast'>, None)
  task=HEAL_CORE FAIL
  task=RUSH FAIL
  task=SCOUT_ENEMY 0us OK -> (<Direction.EAST: 'east'>, PlaceRoad(pos=Position(x=14, y=0)))
  task=HEAL_CORE FAIL
  task=RUSH FAIL
  task=SCOUT_ENEMY 0us OK -> (<Direction.NORTHEAST: 'northeast'>, PlaceRoad(pos=Position(x=11, y=1)))
  task=HEAL_CORE FAIL
  task=RUSH FAIL
  task=SCOUT_ENEMY 0us OK -> (<Direction.EAST: 'east'>, None)
  task=HEAL_CORE FAIL
  task=RUSH FAIL
  task=SCOUT_ENEMY 0us OK -> (<Direction.NORTHEAST: 'northeast'>, None)
  task=HEAL_CORE FAIL
  task=RUSH FAIL
  task=SCOUT_ENEMY 0us OK -> (<Direction.NORTH: 'north'>, None)
  task=HEAL_CORE FAIL
  task=RUSH FAIL
  task=SCOUT_ENEMY 0us OK -> (<Direction.NORTHEAST: 'northeast'>, None)
  task=HEAL_CORE FAIL
  task=RUSH FAIL
  task=SCOUT_ENEMY 0us OK -> (<Direction.EAST: 'east'>, PlaceRoad(pos=Position(x=15, y=0)))
  task=HEAL_CORE FAIL
  task=RUSH FAIL
  task=SCOUT_ENEMY 0us OK -> (<Direction.EAST: 'east'>, PlaceRoad(pos=Position(x=12, y=1)))
  task=HEAL_CORE FAIL
  task=RUSH FAIL
  task=SCOUT_ENEMY 0us OK -> (<Direction.EAST: 'east'>, None)
  task=HEAL_CORE FAIL
  task=RUSH FAIL
  task=SCOUT_ENEMY 0us OK -> (<Direction.NORTHEAST: 'northeast'>, None)
  task=HEAL_CORE FAIL
  task=RUSH FAIL
  task=SCOUT_ENEMY 0us OK -> (<Direction.NORTHEAST: 'northeast'>, None)
  task=HEAL_CORE FAIL
  task=RUSH FAIL
  task=SCOUT_ENEMY 0us OK -> (<Direction.NORTHEAST: 'northeast'>, None)
  task=HEAL_CORE FAIL
  task=RUSH FAIL
  task=SCOUT_ENEMY 0us OK -> (<Direction.EAST: 'east'>, PlaceRoad(pos=Position(x=16, y=0)))
  task=HEAL_CORE FAIL
  task=RUSH FAIL
  task=SCOUT_ENEMY 0us OK -> (<Direction.EAST: 'east'>, PlaceRoad(pos=Position(x=13, y=1)))
  task=HEAL_CORE FAIL
  task=RUSH FAIL
  task=SCOUT_ENEMY 0us OK -> (<Direction.EAST: 'east'>, None)
  task=HEAL_CORE FAIL
  task=RUSH FAIL
  task=SCOUT_ENEMY 0us OK -> (<Direction.EAST: 'east'>, None)
  task=HEAL_CORE FAIL
  task=RUSH FAIL
  task=SCOUT_ENEMY 0us OK -> (<Direction.NORTHEAST: 'northeast'>, None)
  task=HEAL_CORE FAIL
  task=RUSH FAIL
  task=SCOUT_ENEMY 0us OK -> (<Direction.NORTHEAST: 'northeast'>, None)
  task=HEAL_CORE FAIL
  task=RUSH FAIL
  task=SCOUT_ENEMY 0us OK -> (<Direction.EAST: 'east'>, PlaceRoad(pos=Position(x=17, y=0)))
  task=HEAL_CORE FAIL
  task=RUSH FAIL
  task=SCOUT_ENEMY 0us OK -> (<Direction.EAST: 'east'>, PlaceRoad(pos=Position(x=14, y=1)))
  task=HEAL_CORE FAIL
  task=RUSH FAIL
  task=SCOUT_ENEMY 0us OK -> (<Direction.EAST: 'east'>, None)
  task=HEAL_CORE FAIL
  task=RUSH FAIL
  task=SCOUT_ENEMY 0us OK -> (<Direction.EAST: 'east'>, None)
  task=HEAL_CORE FAIL
  task=RUSH FAIL
  task=SCOUT_ENEMY 0us OK -> (<Direction.NORTHEAST: 'northeast'>, None)
  task=HEAL_CORE FAIL
  task=RUSH FAIL
  task=SCOUT_ENEMY 0us OK -> (<Direction.EAST: 'east'>, None)
  task=HEAL_CORE FAIL
  task=RUSH FAIL
  task=SCOUT_ENEMY 0us OK -> (<Direction.EAST: 'east'>, PlaceRoad(pos=Position(x=18, y=0)))
  task=HEAL_CORE FAIL
  task=RUSH FAIL
  task=SCOUT_ENEMY 0us OK -> (<Direction.EAST: 'east'>, PlaceRoad(pos=Position(x=15, y=1)))
  task=HEAL_CORE FAIL
  task=RUSH FAIL
  task=SCOUT_ENEMY 0us OK -> (<Direction.EAST: 'east'>, None)
  task=HEAL_CORE FAIL
  task=RUSH FAIL
  task=SCOUT_ENEMY 0us OK -> (<Direction.EAST: 'east'>, None)
  task=HEAL_CORE FAIL
  task=RUSH FAIL
  task=SCOUT_ENEMY 0us OK -> (<Direction.NORTHEAST: 'northeast'>, None)
  task=HEAL_CORE FAIL
  task=RUSH FAIL
  task=SCOUT_ENEMY 0us OK -> (<Direction.EAST: 'east'>, None)
  task=HEAL_CORE FAIL
  task=RUSH FAIL
  task=SCOUT_ENEMY 0us OK -> (<Direction.SOUTHEAST: 'southeast'>, PlaceRoad(pos=Position(x=19, y=1)))
  task=HEAL_CORE FAIL
  task=RUSH FAIL
  task=SCOUT_ENEMY 0us OK -> (<Direction.EAST: 'east'>, PlaceRoad(pos=Position(x=16, y=1)))
  task=HEAL_CORE FAIL
  task=RUSH FAIL
  task=SCOUT_ENEMY 0us OK -> (<Direction.EAST: 'east'>, None)
  task=HEAL_CORE FAIL
  task=RUSH FAIL
  task=SCOUT_ENEMY 0us OK -> (<Direction.EAST: 'east'>, None)
  task=HEAL_CORE FAIL
  task=RUSH FAIL
  task=SCOUT_ENEMY 0us OK -> (<Direction.EAST: 'east'>, None)
  task=HEAL_CORE FAIL
  task=RUSH FAIL
  task=SCOUT_ENEMY 0us OK -> (<Direction.EAST: 'east'>, None)
  task=HEAL_CORE FAIL
  task=RUSH FAIL
  task=SCOUT_ENEMY 0us OK -> (<Direction.SOUTHEAST: 'southeast'>, PlaceRoad(pos=Position(x=20, y=2)))
  task=HEAL_CORE FAIL
  task=RUSH FAIL
  task=SCOUT_ENEMY 0us OK -> (<Direction.EAST: 'east'>, PlaceRoad(pos=Position(x=17, y=1)))
  task=HEAL_CORE FAIL
  task=RUSH FAIL
  task=SCOUT_ENEMY 0us OK -> (<Direction.EAST: 'east'>, None)
  task=HEAL_CORE FAIL
  task=RUSH FAIL
  task=SCOUT_ENEMY 0us OK -> (<Direction.EAST: 'east'>, None)
  task=HEAL_CORE FAIL
  task=RUSH FAIL
  task=SCOUT_ENEMY 0us OK -> (<Direction.EAST: 'east'>, None)
  task=HEAL_CORE FAIL
  task=RUSH FAIL
  task=SCOUT_ENEMY 0us OK -> (<Direction.EAST: 'east'>, None)
  task=HEAL_CORE FAIL
  task=RUSH FAIL
  task=SCOUT_ENEMY 0us OK -> (<Direction.EAST: 'east'>, PlaceRoad(pos=Position(x=21, y=2)))
  task=HEAL_CORE FAIL
  task=RUSH FAIL
  task=SCOUT_ENEMY 0us OK -> (<Direction.EAST: 'east'>, PlaceRoad(pos=Position(x=18, y=1)))
  task=HEAL_CORE FAIL
  task=RUSH FAIL
  task=SCOUT_ENEMY 0us OK -> (<Direction.SOUTHEAST: 'southeast'>, None)
  task=HEAL_CORE FAIL
  task=RUSH FAIL
  task=SCOUT_ENEMY 0us OK -> (<Direction.SOUTHEAST: 'southeast'>, None)
  task=HEAL_CORE FAIL
  task=RUSH FAIL
  task=SCOUT_ENEMY 0us OK -> (<Direction.EAST: 'east'>, None)
  task=HEAL_CORE FAIL
  task=RUSH FAIL
  task=SCOUT_ENEMY 0us OK -> (<Direction.EAST: 'east'>, None)
  task=HEAL_CORE FAIL
  task=RUSH FAIL
  task=SCOUT_ENEMY 0us OK -> (<Direction.SOUTHEAST: 'southeast'>, PlaceRoad(pos=Position(x=22, y=3)))
  task=HEAL_CORE FAIL
  task=RUSH FAIL
  task=SCOUT_ENEMY 0us OK -> (<Direction.SOUTHEAST: 'southeast'>, PlaceRoad(pos=Position(x=19, y=2)))
  task=HEAL_CORE FAIL
  task=RUSH FAIL
  task=SCOUT_ENEMY 0us OK -> (<Direction.SOUTHEAST: 'southeast'>, None)
  task=HEAL_CORE FAIL
  task=RUSH FAIL
  task=SCOUT_ENEMY 0us OK -> (<Direction.EAST: 'east'>, None)
  task=HEAL_CORE FAIL
  task=RUSH FAIL
  task=SCOUT_ENEMY 0us OK -> (<Direction.EAST: 'east'>, None)
  task=HEAL_CORE FAIL
  task=RUSH FAIL
  task=SCOUT_ENEMY 0us OK -> (<Direction.EAST: 'east'>, None)
  task=HEAL_CORE FAIL
  task=RUSH FAIL
  task=SCOUT_ENEMY 0us OK -> (<Direction.SOUTHEAST: 'southeast'>, PlaceRoad(pos=Position(x=23, y=4)))
  task=HEAL_CORE FAIL
  task=RUSH FAIL
  task=SCOUT_ENEMY 0us OK -> (<Direction.SOUTHEAST: 'southeast'>, PlaceRoad(pos=Position(x=20, y=3)))
  task=HEAL_CORE FAIL
  task=RUSH FAIL
  task=SCOUT_ENEMY 0us OK -> (<Direction.EAST: 'east'>, None)
  task=HEAL_CORE FAIL
  task=RUSH FAIL
  task=SCOUT_ENEMY 0us OK -> (<Direction.SOUTHEAST: 'southeast'>, None)
  task=HEAL_CORE FAIL
  task=RUSH FAIL
  task=SCOUT_ENEMY 0us OK -> (<Direction.EAST: 'east'>, None)
  task=HEAL_CORE FAIL
  task=RUSH FAIL
  task=SCOUT_ENEMY 0us OK -> (<Direction.EAST: 'east'>, None)
  task=HEAL_CORE FAIL
  task=RUSH FAIL
  task=SCOUT_ENEMY 0us OK -> (<Direction.SOUTHEAST: 'southeast'>, PlaceRoad(pos=Position(x=24, y=5)))
  task=HEAL_CORE FAIL
  task=RUSH FAIL
  task=SCOUT_ENEMY 0us OK -> (<Direction.EAST: 'east'>, PlaceRoad(pos=Position(x=21, y=3)))
  task=HEAL_CORE FAIL
  task=RUSH FAIL
  task=SCOUT_ENEMY 0us OK -> (<Direction.SOUTHEAST: 'southeast'>, None)
  task=HEAL_CORE FAIL
  task=RUSH FAIL
  task=SCOUT_ENEMY 0us OK -> (<Direction.SOUTHEAST: 'southeast'>, None)
  task=HEAL_CORE FAIL
  task=RUSH FAIL
  task=SCOUT_ENEMY 0us OK -> (<Direction.EAST: 'east'>, None)
  task=HEAL_CORE FAIL
  task=RUSH FAIL
  task=SCOUT_ENEMY 0us OK -> (<Direction.SOUTHEAST: 'southeast'>, None)
  task=HEAL_CORE FAIL
[RUSH] --- rush eval at (24,5) en_core=(46,13) ---
[RUSH] step1: no flow tile in gunner range of core
[RUSH] step2: no flow tile near enemy core
[RUSH] step2.5: checking unconnected harvesters
[RUSH] _find_rush_ore: 5 total ore, 5 seen, sym=None candidates={<Symmetry.ROT: 1>, <Symmetry.VER: 3>}
[RUSH]   PICKED: None
[RUSH] step3: no ore found, deferring to scout
  task=RUSH FAIL
  task=SCOUT_ENEMY 0us OK -> (<Direction.EAST: 'east'>, PlaceRoad(pos=Position(x=25, y=5)))
  task=HEAL_CORE FAIL
  task=RUSH FAIL
  task=SCOUT_ENEMY 0us OK -> (<Direction.SOUTHEAST: 'southeast'>, PlaceRoad(pos=Position(x=22, y=4)))
  task=HEAL_CORE FAIL
  task=RUSH FAIL
  task=SCOUT_ENEMY 0us OK -> (<Direction.SOUTHEAST: 'southeast'>, None)
  task=HEAL_CORE FAIL
  task=RUSH FAIL
  task=SCOUT_ENEMY 0us OK -> (<Direction.NORTHEAST: 'northeast'>, None)
  task=HEAL_CORE FAIL
  task=RUSH FAIL
  task=SCOUT_ENEMY 0us OK -> (<Direction.SOUTHEAST: 'southeast'>, None)
  task=HEAL_CORE FAIL
  task=RUSH FAIL
  task=SCOUT_ENEMY 0us OK -> (<Direction.SOUTHEAST: 'southeast'>, None)
  task=HEAL_CORE FAIL
[RUSH] --- rush eval at (25,5) en_core=(46,13) ---
[RUSH] step1: no flow tile in gunner range of core
[RUSH] step2: no flow tile near enemy core
[RUSH] step2.5: checking unconnected harvesters
[RUSH] _find_rush_ore: 5 total ore, 5 seen, sym=None candidates={<Symmetry.ROT: 1>, <Symmetry.VER: 3>}
[RUSH]   PICKED: None
[RUSH] step3: no ore found, deferring to scout
  task=RUSH FAIL
  task=SCOUT_ENEMY 0us OK -> (<Direction.EAST: 'east'>, PlaceRoad(pos=Position(x=26, y=5)))
  task=HEAL_CORE FAIL
  task=RUSH FAIL
  task=SCOUT_ENEMY 0us OK -> (<Direction.SOUTHEAST: 'southeast'>, PlaceRoad(pos=Position(x=23, y=5)))
  task=HEAL_CORE FAIL
  task=RUSH FAIL
  task=SCOUT_ENEMY 0us OK -> (<Direction.SOUTHEAST: 'southeast'>, None)
  task=HEAL_CORE FAIL
  task=RUSH FAIL
  task=SCOUT_ENEMY 0us OK -> (<Direction.SOUTHEAST: 'southeast'>, None)
  task=HEAL_CORE FAIL
  task=RUSH FAIL
  task=SCOUT_ENEMY 0us OK -> (<Direction.SOUTHEAST: 'southeast'>, None)
  task=HEAL_CORE FAIL
  task=RUSH FAIL
  task=SCOUT_ENEMY 0us OK -> (<Direction.SOUTHEAST: 'southeast'>, None)
  task=HEAL_CORE FAIL
[RUSH] --- rush eval at (26,5) en_core=(46,13) ---
[RUSH] step1: no flow tile in gunner range of core
[RUSH] step2: no flow tile near enemy core
[RUSH] step2.5: checking unconnected harvesters
[RUSH] _find_rush_ore: 5 total ore, 5 seen, sym=None candidates={<Symmetry.ROT: 1>, <Symmetry.VER: 3>}
[RUSH]   PICKED: None
[RUSH] step3: no ore found, deferring to scout
  task=RUSH FAIL
  task=SCOUT_ENEMY 0us OK -> (<Direction.EAST: 'east'>, PlaceRoad(pos=Position(x=27, y=5)))
  task=HEAL_CORE FAIL
  task=RUSH FAIL
  task=SCOUT_ENEMY 0us OK -> (<Direction.NORTHEAST: 'northeast'>, PlaceRoad(pos=Position(x=24, y=4)))
  task=HEAL_CORE FAIL
[RUSH] --- rush eval at (24,5) en_core=(46,13) ---
[RUSH] step1: no flow tile in gunner range of core
[RUSH] step2: no flow tile near enemy core
[RUSH] step2.5: checking unconnected harvesters
[RUSH] _find_rush_ore: 5 total ore, 5 seen, sym=None candidates={<Symmetry.ROT: 1>, <Symmetry.VER: 3>}
[RUSH]   PICKED: None
[RUSH] step3: no ore found, deferring to scout
  task=RUSH FAIL
  task=SCOUT_ENEMY 0us OK -> (<Direction.EAST: 'east'>, None)
  task=HEAL_CORE FAIL
  task=RUSH FAIL
  task=SCOUT_ENEMY 0us OK -> (<Direction.SOUTHEAST: 'southeast'>, None)
  task=HEAL_CORE FAIL
  task=RUSH FAIL
  task=SCOUT_ENEMY 0us OK -> (<Direction.EAST: 'east'>, None)
  task=HEAL_CORE FAIL
  task=RUSH FAIL
  task=SCOUT_ENEMY 0us OK -> (<Direction.SOUTHEAST: 'southeast'>, None)
  task=HEAL_CORE FAIL
[RUSH] --- rush eval at (27,5) en_core=(46,13) ---
[RUSH] step1: no flow tile in gunner range of core
[RUSH] step2: no flow tile near enemy core
[RUSH] step2.5: checking unconnected harvesters
[RUSH] _find_rush_ore: 6 total ore, 6 seen, sym=None candidates={<Symmetry.ROT: 1>, <Symmetry.VER: 3>}
[RUSH]   ore (29,1) d²=433 bld=None env=Environment.ORE_TITANIUM
[RUSH]   PICKED: free ore at (29,0) d²=428
[RUSH] step3: free ore at (29,1)
[RUSH] step3: walking toward tap (29,0) for ore (29,1)
  task=RUSH 0us OK -> (<Direction.NORTH: 'north'>, PlaceRoad(pos=Position(x=27, y=4)))
  task=HEAL_CORE FAIL
[RUSH] --- rush eval at (24,4) en_core=(46,13) ---
[RUSH] step1: no flow tile in gunner range of core
[RUSH] step2: no flow tile near enemy core
[RUSH] step2.5: checking unconnected harvesters
[RUSH] _find_rush_ore: 5 total ore, 5 seen, sym=None candidates={<Symmetry.ROT: 1>, <Symmetry.VER: 3>}
[RUSH]   PICKED: None
[RUSH] step3: no ore found, deferring to scout
  task=RUSH FAIL
  task=SCOUT_ENEMY 0us OK -> (<Direction.EAST: 'east'>, PlaceRoad(pos=Position(x=25, y=4)))
  task=HEAL_CORE FAIL
[RUSH] --- rush eval at (25,5) en_core=(46,13) ---
[RUSH] step1: no flow tile in gunner range of core
[RUSH] step2: no flow tile near enemy core
[RUSH] step2.5: checking unconnected harvesters
[RUSH] _find_rush_ore: 5 total ore, 5 seen, sym=None candidates={<Symmetry.ROT: 1>, <Symmetry.VER: 3>}
[RUSH]   PICKED: None
[RUSH] step3: no ore found, deferring to scout
  task=RUSH FAIL
  task=SCOUT_ENEMY 0us OK -> (<Direction.EAST: 'east'>, None)
  task=HEAL_CORE FAIL
  task=RUSH FAIL
  task=SCOUT_ENEMY 0us OK -> (<Direction.SOUTHEAST: 'southeast'>, None)
  task=HEAL_CORE FAIL
  task=RUSH FAIL
  task=SCOUT_ENEMY 0us OK -> (<Direction.EAST: 'east'>, None)
  task=HEAL_CORE FAIL
  task=RUSH FAIL
  task=SCOUT_ENEMY 0us OK -> (<Direction.EAST: 'east'>, None)
  task=HEAL_CORE FAIL
[RUSH] --- rush eval at (27,4) en_core=(46,13) ---
[RUSH] step1: no flow tile in gunner range of core
[RUSH] step2: no flow tile near enemy core
[RUSH] step2.5: checking unconnected harvesters
[RUSH] _find_rush_ore: 6 total ore, 6 seen, sym=None candidates={<Symmetry.ROT: 1>, <Symmetry.VER: 3>}
[RUSH]   ore (29,1) d²=433 bld=None env=Environment.ORE_TITANIUM
[RUSH]   PICKED: free ore at (29,0) d²=428
[RUSH] step3: free ore at (29,1)
[RUSH] step3: walking toward tap (29,0) for ore (29,1)
  task=RUSH 0us OK -> (<Direction.NORTH: 'north'>, PlaceRoad(pos=Position(x=27, y=3)))
  task=HEAL_CORE FAIL
[RUSH] --- rush eval at (25,4) en_core=(46,13) ---
[RUSH] step1: no flow tile in gunner range of core
[RUSH] step2: no flow tile near enemy core
[RUSH] step2.5: checking unconnected harvesters
[RUSH] _find_rush_ore: 5 total ore, 5 seen, sym=None candidates={<Symmetry.ROT: 1>, <Symmetry.VER: 3>}
[RUSH]   PICKED: None
[RUSH] step3: no ore found, deferring to scout
  task=RUSH FAIL
  task=SCOUT_ENEMY 0us OK -> (<Direction.EAST: 'east'>, PlaceRoad(pos=Position(x=26, y=4)))
  task=HEAL_CORE FAIL
[RUSH] --- rush eval at (26,5) en_core=(46,13) ---
[RUSH] step1: no flow tile in gunner range of core
[RUSH] step2: no flow tile near enemy core
[RUSH] step2.5: checking unconnected harvesters
[RUSH] _find_rush_ore: 5 total ore, 5 seen, sym=None candidates={<Symmetry.ROT: 1>, <Symmetry.VER: 3>}
[RUSH]   PICKED: None
[RUSH] step3: no ore found, deferring to scout
  task=RUSH FAIL
  task=SCOUT_ENEMY 0us OK -> (<Direction.NORTHEAST: 'northeast'>, None)
  task=HEAL_CORE FAIL
[RUSH] --- rush eval at (24,5) en_core=(46,13) ---
[RUSH] step1: no flow tile in gunner range of core
[RUSH] step2: no flow tile near enemy core
[RUSH] step2.5: checking unconnected harvesters
[RUSH] _find_rush_ore: 5 total ore, 5 seen, sym=None candidates={<Symmetry.ROT: 1>, <Symmetry.VER: 3>}
[RUSH]   PICKED: None
[RUSH] step3: no ore found, deferring to scout
  task=RUSH FAIL
  task=SCOUT_ENEMY 0us OK -> (<Direction.EAST: 'east'>, None)
  task=HEAL_CORE FAIL
  task=RUSH FAIL
  task=SCOUT_ENEMY 0us OK -> (<Direction.SOUTHEAST: 'southeast'>, None)
  task=HEAL_CORE FAIL
  task=RUSH FAIL
  task=SCOUT_ENEMY 0us OK -> (<Direction.SOUTHEAST: 'southeast'>, None)
  task=HEAL_CORE FAIL
[RUSH] --- rush eval at (27,3) en_core=(46,13) ---
[RUSH] step1: no flow tile in gunner range of core
[RUSH] step2: no flow tile near enemy core
[RUSH] step2.5: checking unconnected harvesters
[RUSH] _find_rush_ore: 6 total ore, 6 seen, sym=None candidates={<Symmetry.ROT: 1>, <Symmetry.VER: 3>}
[RUSH]   ore (29,1) d²=433 bld=None env=Environment.ORE_TITANIUM
[RUSH]   PICKED: free ore at (29,0) d²=428
[RUSH] step3: free ore at (29,1)
[RUSH] step3: walking toward tap (29,0) for ore (29,1)
  task=RUSH 0us OK -> (<Direction.NORTH: 'north'>, PlaceRoad(pos=Position(x=27, y=2)))
  task=HEAL_CORE FAIL
[RUSH] --- rush eval at (26,4) en_core=(46,13) ---
[RUSH] step1: no flow tile in gunner range of core
[RUSH] step2: no flow tile near enemy core
[RUSH] step2.5: checking unconnected harvesters
[RUSH] _find_rush_ore: 6 total ore, 6 seen, sym=None candidates={<Symmetry.ROT: 1>, <Symmetry.VER: 3>}
[RUSH]   ore (29,1) d²=433 bld=None env=Environment.ORE_TITANIUM
[RUSH]   PICKED: free ore at (29,0) d²=428
[RUSH] step3: free ore at (29,1)
[RUSH] step3: walking toward tap (29,0) for ore (29,1)
  task=RUSH 0us OK -> (<Direction.NORTHEAST: 'northeast'>, None)
  task=HEAL_CORE FAIL
[RUSH] --- rush eval at (27,4) en_core=(46,13) ---
[RUSH] step1: no flow tile in gunner range of core
[RUSH] step2: no flow tile near enemy core
[RUSH] step2.5: checking unconnected harvesters
[RUSH] _find_rush_ore: 6 total ore, 6 seen, sym=None candidates={<Symmetry.ROT: 1>, <Symmetry.VER: 3>}
[RUSH]   ore (29,1) d²=433 bld=None env=Environment.ORE_TITANIUM
[RUSH]   PICKED: free ore at (29,0) d²=428
[RUSH] step3: free ore at (29,1)
[RUSH] step3: walking toward tap (29,0) for ore (29,1)
  task=RUSH 0us OK -> (<Direction.NORTHEAST: 'northeast'>, PlaceRoad(pos=Position(x=28, y=3)))
  task=HEAL_CORE FAIL
[RUSH] --- rush eval at (25,5) en_core=(46,13) ---
[RUSH] step1: no flow tile in gunner range of core
[RUSH] step2: no flow tile near enemy core
[RUSH] step2.5: checking unconnected harvesters
[RUSH] _find_rush_ore: 5 total ore, 5 seen, sym=None candidates={<Symmetry.ROT: 1>, <Symmetry.VER: 3>}
[RUSH]   PICKED: None
[RUSH] step3: no ore found, deferring to scout
  task=RUSH FAIL
  task=SCOUT_ENEMY 0us OK -> (<Direction.EAST: 'east'>, None)
  task=HEAL_CORE FAIL
  task=RUSH FAIL
  task=SCOUT_ENEMY 0us OK -> (<Direction.SOUTHEAST: 'southeast'>, None)
  task=HEAL_CORE FAIL
[RUSH] --- rush eval at (24,5) en_core=(46,13) ---
[RUSH] step1: no flow tile in gunner range of core
[RUSH] step2: no flow tile near enemy core
[RUSH] step2.5: checking unconnected harvesters
[RUSH] _find_rush_ore: 5 total ore, 5 seen, sym=None candidates={<Symmetry.ROT: 1>, <Symmetry.VER: 3>}
[RUSH]   PICKED: None
[RUSH] step3: no ore found, deferring to scout
  task=RUSH FAIL
  task=SCOUT_ENEMY 0us OK -> (<Direction.EAST: 'east'>, None)
  task=HEAL_CORE FAIL
[RUSH] --- rush eval at (27,2) en_core=(46,13) ---
[RUSH] step1: no flow tile in gunner range of core
[RUSH] step2: no flow tile near enemy core
[RUSH] step2.5: checking unconnected harvesters
[RUSH] _find_rush_ore: 6 total ore, 6 seen, sym=None candidates={<Symmetry.ROT: 1>, <Symmetry.VER: 3>}
[RUSH]   ore (29,1) d²=433 bld=None env=Environment.ORE_TITANIUM
[RUSH]   PICKED: free ore at (29,0) d²=428
[RUSH] step3: free ore at (29,1)
[RUSH] step3: walking toward tap (29,0) for ore (29,1)
  task=RUSH 0us OK -> (<Direction.NORTHEAST: 'northeast'>, PlaceRoad(pos=Position(x=28, y=1)))
  task=HEAL_CORE FAIL
[RUSH] --- rush eval at (27,3) en_core=(46,13) ---
[RUSH] step1: no flow tile in gunner range of core
[RUSH] step2: no flow tile near enemy core
[RUSH] step2.5: checking unconnected harvesters
[RUSH] _find_rush_ore: 6 total ore, 6 seen, sym=None candidates={<Symmetry.ROT: 1>, <Symmetry.VER: 3>}
[RUSH]   ore (29,1) d²=433 bld=None env=Environment.ORE_TITANIUM
[RUSH]   PICKED: free ore at (29,0) d²=428
[RUSH] step3: free ore at (29,1)
[RUSH] step3: walking toward tap (29,0) for ore (29,1)
  task=RUSH 0us OK -> (<Direction.NORTH: 'north'>, None)
  task=HEAL_CORE FAIL
[RUSH] --- rush eval at (28,3) en_core=(46,13) ---
[RUSH] step1: no flow tile in gunner range of core
[RUSH] step2: no flow tile near enemy core
[RUSH] step2.5: checking unconnected harvesters
[RUSH] _find_rush_ore: 7 total ore, 7 seen, sym=None candidates={<Symmetry.ROT: 1>, <Symmetry.VER: 3>}
[RUSH]   ore (32,2) d²=317 bld=None env=Environment.ORE_TITANIUM
[RUSH]   ore (29,1) d²=433 bld=None env=Environment.ORE_TITANIUM
[RUSH]   PICKED: free ore at (32,1) d²=312
[RUSH] step3: free ore at (32,2)
[RUSH] step3: walking toward tap (32,1) for ore (32,2)
  task=RUSH 0us OK -> (<Direction.NORTHEAST: 'northeast'>, PlaceRoad(pos=Position(x=29, y=2)))
  task=HEAL_CORE FAIL
[RUSH] --- rush eval at (26,5) en_core=(46,13) ---
[RUSH] step1: no flow tile in gunner range of core
[RUSH] step2: no flow tile near enemy core
[RUSH] step2.5: checking unconnected harvesters
[RUSH] _find_rush_ore: 5 total ore, 5 seen, sym=None candidates={<Symmetry.ROT: 1>, <Symmetry.VER: 3>}
[RUSH]   PICKED: None
[RUSH] step3: no ore found, deferring to scout
  task=RUSH FAIL
  task=SCOUT_ENEMY 0us OK -> (<Direction.NORTHEAST: 'northeast'>, None)
  task=HEAL_CORE FAIL
  task=RUSH FAIL
  task=SCOUT_ENEMY 0us OK -> (<Direction.SOUTHEAST: 'southeast'>, None)
  task=HEAL_CORE FAIL
[RUSH] --- rush eval at (25,5) en_core=(46,13) ---
[RUSH] step1: no flow tile in gunner range of core
[RUSH] step2: no flow tile near enemy core
[RUSH] step2.5: checking unconnected harvesters
[RUSH] _find_rush_ore: 5 total ore, 5 seen, sym=None candidates={<Symmetry.ROT: 1>, <Symmetry.VER: 3>}
[RUSH]   PICKED: None
[RUSH] step3: no ore found, deferring to scout
  task=RUSH FAIL
  task=SCOUT_ENEMY 0us OK -> (<Direction.EAST: 'east'>, None)
  task=HEAL_CORE FAIL
[RUSH] --- rush eval at (28,1) en_core=(46,13) ---
[RUSH] step1: no flow tile in gunner range of core
[RUSH] step2: no flow tile near enemy core
[RUSH] step2.5: checking unconnected harvesters
[RUSH] _find_rush_ore: 7 total ore, 7 seen, sym=None candidates={<Symmetry.ROT: 1>, <Symmetry.VER: 3>}
[RUSH]   ore (32,2) d²=317 bld=None env=Environment.ORE_TITANIUM
[RUSH]   ore (29,1) d²=433 bld=None env=Environment.ORE_TITANIUM
[RUSH]   PICKED: free ore at (32,1) d²=312
[RUSH] step3: free ore at (32,2)
[RUSH] step3: walking toward tap (32,1) for ore (32,2)
  task=RUSH 0us OK -> (<Direction.NORTHEAST: 'northeast'>, PlaceRoad(pos=Position(x=29, y=0)))
  task=HEAL_CORE FAIL
[RUSH] --- rush eval at (27,2) en_core=(46,13) ---
[RUSH] step1: no flow tile in gunner range of core
[RUSH] step2: no flow tile near enemy core
[RUSH] step2.5: checking unconnected harvesters
[RUSH] _find_rush_ore: 6 total ore, 6 seen, sym=None candidates={<Symmetry.ROT: 1>, <Symmetry.VER: 3>}
[RUSH]   ore (29,1) d²=433 bld=None env=Environment.ORE_TITANIUM
[RUSH]   PICKED: free ore at (29,0) d²=428
[RUSH] step3: free ore at (29,1)
[RUSH] step3: walking toward tap (29,0) for ore (29,1)
  task=RUSH 0us OK -> (<Direction.NORTHEAST: 'northeast'>, None)
  task=HEAL_CORE FAIL
[RUSH] --- rush eval at (29,2) en_core=(46,13) ---
[RUSH] step1: no flow tile in gunner range of core
[RUSH] step2: no flow tile near enemy core
[RUSH] step2.5: checking unconnected harvesters
[RUSH] _find_rush_ore: 7 total ore, 7 seen, sym=None candidates={<Symmetry.ROT: 1>, <Symmetry.VER: 3>}
[RUSH]   ore (32,2) d²=317 bld=None env=Environment.ORE_TITANIUM
[RUSH]   ore (29,1) d²=433 bld=None env=Environment.ORE_TITANIUM
[RUSH]   PICKED: free ore at (32,1) d²=312
[RUSH] step3: free ore at (32,2)
[RUSH] step3: walking toward tap (32,1) for ore (32,2)
  task=RUSH 0us OK -> (<Direction.NORTHEAST: 'northeast'>, PlaceRoad(pos=Position(x=30, y=1)))
  task=HEAL_CORE FAIL
[RUSH] --- rush eval at (27,4) en_core=(46,13) ---
[RUSH] step1: no flow tile in gunner range of core
[RUSH] step2: no flow tile near enemy core
[RUSH] step2.5: checking unconnected harvesters
[RUSH] _find_rush_ore: 6 total ore, 6 seen, sym=None candidates={<Symmetry.ROT: 1>, <Symmetry.VER: 3>}
[RUSH]   ore (29,1) d²=433 bld=None env=Environment.ORE_TITANIUM
[RUSH]   PICKED: free ore at (29,0) d²=428
[RUSH] step3: free ore at (29,1)
[RUSH] step3: walking toward tap (29,0) for ore (29,1)
  task=RUSH 0us OK -> (<Direction.NORTHEAST: 'northeast'>, None)
  task=HEAL_CORE FAIL
[RUSH] --- rush eval at (24,5) en_core=(46,13) ---
[RUSH] step1: no flow tile in gunner range of core
[RUSH] step2: no flow tile near enemy core
[RUSH] step2.5: checking unconnected harvesters
[RUSH] _find_rush_ore: 5 total ore, 5 seen, sym=None candidates={<Symmetry.ROT: 1>, <Symmetry.VER: 3>}
[RUSH]   PICKED: None
[RUSH] step3: no ore found, deferring to scout
  task=RUSH FAIL
  task=SCOUT_ENEMY 0us OK -> (<Direction.EAST: 'east'>, None)
  task=HEAL_CORE FAIL
[RUSH] --- rush eval at (26,5) en_core=(46,13) ---
[RUSH] step1: no flow tile in gunner range of core
[RUSH] step2: no flow tile near enemy core
[RUSH] step2.5: checking unconnected harvesters
[RUSH] _find_rush_ore: 5 total ore, 5 seen, sym=None candidates={<Symmetry.ROT: 1>, <Symmetry.VER: 3>}
[RUSH]   PICKED: None
[RUSH] step3: no ore found, deferring to scout
  task=RUSH FAIL
  task=SCOUT_ENEMY 0us OK -> (<Direction.EAST: 'east'>, None)
  task=HEAL_CORE FAIL
[RUSH] --- rush eval at (29,0) en_core=(46,13) ---
[RUSH] step1: no flow tile in gunner range of core
[RUSH] step2: no flow tile near enemy core
[RUSH] step2.5: checking unconnected harvesters
[RUSH] _find_rush_ore: 7 total ore, 7 seen, sym=None candidates={<Symmetry.ROT: 1>, <Symmetry.VER: 3>}
[RUSH]   ore (32,2) d²=317 bld=None env=Environment.ORE_TITANIUM
[RUSH]   ore (29,1) d²=433 bld=None env=Environment.ORE_TITANIUM
[RUSH]   PICKED: free ore at (32,1) d²=312
[RUSH] step3: free ore at (32,2)
[RUSH] step3: walking toward tap (32,1) for ore (32,2)
  task=RUSH 0us OK -> (<Direction.EAST: 'east'>, PlaceRoad(pos=Position(x=30, y=0)))
  task=HEAL_CORE FAIL
[RUSH] --- rush eval at (28,1) en_core=(46,13) ---
[RUSH] step1: no flow tile in gunner range of core
[RUSH] step2: no flow tile near enemy core
[RUSH] step2.5: checking unconnected harvesters
[RUSH] _find_rush_ore: 7 total ore, 7 seen, sym=None candidates={<Symmetry.ROT: 1>, <Symmetry.VER: 3>}
[RUSH]   ore (32,2) d²=317 bld=None env=Environment.ORE_TITANIUM
[RUSH]   ore (29,1) d²=433 bld=None env=Environment.ORE_TITANIUM
[RUSH]   PICKED: free ore at (32,1) d²=312
[RUSH] step3: free ore at (32,2)
[RUSH] step3: walking toward tap (32,1) for ore (32,2)
  task=RUSH 0us OK -> (<Direction.SOUTHEAST: 'southeast'>, None)
  task=HEAL_CORE FAIL
[RUSH] --- rush eval at (30,1) en_core=(46,13) ---
[RUSH] step1: no flow tile in gunner range of core
[RUSH] step2: no flow tile near enemy core
[RUSH] step2.5: checking unconnected harvesters
[RUSH] _find_rush_ore: 7 total ore, 7 seen, sym=None candidates={<Symmetry.ROT: 1>, <Symmetry.VER: 3>}
[RUSH]   ore (32,2) d²=317 bld=None env=Environment.ORE_TITANIUM
[RUSH]   ore (29,1) d²=433 bld=None env=Environment.ORE_TITANIUM
[RUSH]   PICKED: free ore at (32,1) d²=312
[RUSH] step3: free ore at (32,2)
[RUSH] step3: walking toward tap (32,1) for ore (32,2)
  task=RUSH 0us OK -> (<Direction.NORTHEAST: 'northeast'>, PlaceRoad(pos=Position(x=31, y=0)))
  task=HEAL_CORE FAIL
[RUSH] --- rush eval at (28,3) en_core=(46,13) ---
[RUSH] step1: no flow tile in gunner range of core
[RUSH] step2: no flow tile near enemy core
[RUSH] step2.5: checking unconnected harvesters
[RUSH] _find_rush_ore: 7 total ore, 7 seen, sym=None candidates={<Symmetry.ROT: 1>, <Symmetry.VER: 3>}
[RUSH]   ore (32,2) d²=317 bld=None env=Environment.ORE_TITANIUM
[RUSH]   ore (29,1) d²=433 bld=None env=Environment.ORE_TITANIUM
[RUSH]   PICKED: free ore at (32,1) d²=312
[RUSH] step3: free ore at (32,2)
[RUSH] step3: walking toward tap (32,1) for ore (32,2)
  task=RUSH 0us OK -> (<Direction.NORTHWEST: 'northwest'>, None)
  task=HEAL_CORE FAIL
[RUSH] --- rush eval at (25,5) en_core=(46,13) ---
[RUSH] step1: no flow tile in gunner range of core
[RUSH] step2: no flow tile near enemy core
[RUSH] step2.5: checking unconnected harvesters
[RUSH] _find_rush_ore: 5 total ore, 5 seen, sym=None candidates={<Symmetry.ROT: 1>, <Symmetry.VER: 3>}
[RUSH]   PICKED: None
[RUSH] step3: no ore found, deferring to scout
  task=RUSH FAIL
  task=SCOUT_ENEMY 0us OK -> (<Direction.EAST: 'east'>, None)
  task=HEAL_CORE FAIL
[RUSH] --- rush eval at (27,5) en_core=(46,13) ---
[RUSH] step1: no flow tile in gunner range of core
[RUSH] step2: no flow tile near enemy core
[RUSH] step2.5: checking unconnected harvesters
[RUSH] _find_rush_ore: 6 total ore, 6 seen, sym=None candidates={<Symmetry.ROT: 1>, <Symmetry.VER: 3>}
[RUSH]   ore (29,1) d²=433 bld=None env=Environment.ORE_TITANIUM
[RUSH]   PICKED: free ore at (29,0) d²=428
[RUSH] step3: free ore at (29,1)
[RUSH] step3: walking toward tap (29,0) for ore (29,1)
  task=RUSH 0us OK -> (<Direction.NORTH: 'north'>, None)
  task=HEAL_CORE FAIL
[RUSH] --- rush eval at (30,0) en_core=(46,13) ---
[RUSH] step1: no flow tile in gunner range of core
[RUSH] step2: no flow tile near enemy core
[RUSH] step2.5: checking unconnected harvesters
[RUSH] _find_rush_ore: 7 total ore, 7 seen, sym=None candidates={<Symmetry.ROT: 1>, <Symmetry.VER: 3>}
[RUSH]   ore (32,2) d²=317 bld=None env=Environment.ORE_TITANIUM
[RUSH]   ore (29,1) d²=433 bld=None env=Environment.ORE_TITANIUM
[RUSH]   PICKED: free ore at (32,1) d²=312
[RUSH] step3: free ore at (32,2)
[RUSH] step3: walking toward tap (32,1) for ore (32,2)
  task=RUSH 0us OK -> (<Direction.SOUTHEAST: 'southeast'>, PlaceRoad(pos=Position(x=31, y=1)))
  task=HEAL_CORE FAIL
[RUSH] --- rush eval at (29,2) en_core=(46,13) ---
[RUSH] step1: no flow tile in gunner range of core
[RUSH] step2: no flow tile near enemy core
[RUSH] step2.5: checking unconnected harvesters
[RUSH] _find_rush_ore: 7 total ore, 7 seen, sym=None candidates={<Symmetry.ROT: 1>, <Symmetry.VER: 3>}
[RUSH]   ore (32,2) d²=317 bld=None env=Environment.ORE_TITANIUM
[RUSH]   ore (29,1) d²=433 bld=None env=Environment.ORE_TITANIUM
[RUSH]   PICKED: free ore at (32,1) d²=312
[RUSH] step3: free ore at (32,2)
[RUSH] step3: walking toward tap (32,1) for ore (32,2)
  task=RUSH 0us OK -> (<Direction.NORTHEAST: 'northeast'>, None)
  task=HEAL_CORE FAIL
[RUSH] --- rush eval at (31,0) en_core=(46,13) ---
[RUSH] step1: no flow tile in gunner range of core
[RUSH] step2: no flow tile near enemy core
[RUSH] step2.5: checking unconnected harvesters
[RUSH] _find_rush_ore: 7 total ore, 7 seen, sym=None candidates={<Symmetry.ROT: 1>, <Symmetry.VER: 3>}
[RUSH]   ore (32,2) d²=317 bld=None env=Environment.ORE_TITANIUM
[RUSH]   ore (29,1) d²=433 bld=None env=Environment.ORE_TITANIUM
[RUSH]   PICKED: free ore at (32,1) d²=312
[RUSH] step3: free ore at (32,2)
[RUSH] step3: walking toward tap (32,1) for ore (32,2)
  task=RUSH 0us OK -> (<Direction.SOUTHEAST: 'southeast'>, PlaceRoad(pos=Position(x=32, y=1)))
  task=HEAL_CORE FAIL
[RUSH] --- rush eval at (27,2) en_core=(46,13) ---
[RUSH] step1: no flow tile in gunner range of core
[RUSH] step2: no flow tile near enemy core
[RUSH] step2.5: checking unconnected harvesters
[RUSH] _find_rush_ore: 7 total ore, 7 seen, sym=None candidates={<Symmetry.ROT: 1>, <Symmetry.VER: 3>}
[RUSH]   ore (32,2) d²=317 bld=None env=Environment.ORE_TITANIUM
[RUSH]   ore (29,1) d²=433 bld=None env=Environment.ORE_TITANIUM
[RUSH]   PICKED: free ore at (32,1) d²=312
[RUSH] step3: free ore at (32,2)
[RUSH] step3: walking toward tap (32,1) for ore (32,2)
  task=RUSH 0us OK -> (<Direction.NORTHEAST: 'northeast'>, None)
  task=HEAL_CORE FAIL
[RUSH] --- rush eval at (26,5) en_core=(46,13) ---
[RUSH] step1: no flow tile in gunner range of core
[RUSH] step2: no flow tile near enemy core
[RUSH] step2.5: checking unconnected harvesters
[RUSH] _find_rush_ore: 5 total ore, 5 seen, sym=None candidates={<Symmetry.ROT: 1>, <Symmetry.VER: 3>}
[RUSH]   PICKED: None
[RUSH] step3: no ore found, deferring to scout
  task=RUSH FAIL
  task=SCOUT_ENEMY 0us OK -> (<Direction.NORTH: 'north'>, None)
  task=HEAL_CORE FAIL
[RUSH] --- rush eval at (27,4) en_core=(46,13) ---
[RUSH] step1: no flow tile in gunner range of core
[RUSH] step2: no flow tile near enemy core
[RUSH] step2.5: checking unconnected harvesters
[RUSH] _find_rush_ore: 6 total ore, 6 seen, sym=None candidates={<Symmetry.ROT: 1>, <Symmetry.VER: 3>}
[RUSH]   ore (29,1) d²=433 bld=None env=Environment.ORE_TITANIUM
[RUSH]   PICKED: free ore at (29,0) d²=428
[RUSH] step3: free ore at (29,1)
[RUSH] step3: walking toward tap (29,0) for ore (29,1)
  task=RUSH 0us OK -> (<Direction.NORTH: 'north'>, None)
  task=HEAL_CORE FAIL
[RUSH] --- rush eval at (31,1) en_core=(46,13) ---
[RUSH] step1: no flow tile in gunner range of core
[RUSH] step2: no flow tile near enemy core
[RUSH] step2.5: checking unconnected harvesters
[RUSH] _find_rush_ore: 7 total ore, 7 seen, sym=None candidates={<Symmetry.ROT: 1>, <Symmetry.VER: 3>}
[RUSH]   ore (32,2) d²=317 bld=None env=Environment.ORE_TITANIUM
[RUSH]   ore (29,1) d²=433 bld=None env=Environment.ORE_TITANIUM
[RUSH]   PICKED: free ore at (32,1) d²=312
[RUSH] step3: free ore at (32,2)
[RUSH] step3: placing harvester at (32,2)
  task=RUSH 0us OK -> (<Direction.CENTRE: 'centre'>, PlaceHarvester(pos=Position(x=32, y=2)))
  task=HEAL_CORE FAIL
[RUSH] --- rush eval at (30,1) en_core=(46,13) ---
[RUSH] step1: no flow tile in gunner range of core
[RUSH] step2: flow near core at (33,2) d²=290, extending to siege (43,10)
[RUSH] extend: from (33,2) toward core (46,13)
[RUSH] extend: siege target (43,10)
[RUSH] extend: path=[(33, 2), (34, 2), (35, 2), (36, 2), (37, 2), (38, 2), (39, 2), (40, 2), (41, 2), (42, 2), (43, 2), (43, 3), (43, 4), (43, 5), (43, 6), (43, 7), (43, 8), (43, 9), (43, 10)]
[RUSH] extend: path len=19, builder at (30,1)
[RUSH] extend[0]: (33,2)->(34,2) bld=None team=None connected=False
[RUSH] extend[0]: need to walk to (33,2) d²=10
  task=RUSH 0us OK -> (<Direction.SOUTHEAST: 'southeast'>, PlaceRoad(pos=Position(x=31, y=2)))
  task=HEAL_CORE FAIL
[RUSH] --- rush eval at (32,1) en_core=(46,13) ---
[RUSH] step1: no flow tile in gunner range of core
[RUSH] step2: flow near core at (33,2) d²=290, extending to siege (43,10)
[RUSH] extend: from (33,2) toward core (46,13)
[RUSH] extend: siege target (43,10)
[RUSH] extend: path=[(33, 2), (34, 2), (35, 2), (36, 2), (37, 2), (38, 2), (39, 2), (40, 2), (41, 2), (42, 2), (43, 2), (43, 3), (43, 4), (43, 5), (43, 6), (43, 7), (43, 8), (43, 9), (43, 10)]
[RUSH] extend: path len=19, builder at (32,1)
[RUSH] extend[0]: (33,2)->(34,2) bld=None team=None connected=False
[RUSH] extend[0]: building (33,2)->(34,2) action=PlaceConveyor(pos=Position(x=33, y=2), direction=<Direction.EAST: 'east'>) d²=2
  task=RUSH 0us OK -> (<Direction.CENTRE: 'centre'>, PlaceConveyor(pos=Position(x=33, y=2), direction=<Direction.EAST: 'east'>))
  task=HEAL_CORE FAIL
[RUSH] --- rush eval at (28,1) en_core=(46,13) ---
[RUSH] step1: no flow tile in gunner range of core
[RUSH] step2: flow near core at (33,2) d²=290, extending to siege (43,10)
[RUSH] extend: from (33,2) toward core (46,13)
[RUSH] extend: siege target (43,10)
[RUSH] extend: path=[(33, 2), (34, 2), (35, 2), (36, 2), (37, 2), (38, 2), (39, 2), (40, 2), (41, 2), (42, 2), (43, 2), (43, 3), (43, 4), (43, 5), (43, 6), (43, 7), (43, 8), (43, 9), (43, 10)]
[RUSH] extend: path len=19, builder at (28,1)
[RUSH] extend[0]: (33,2)->(34,2) bld=None team=None connected=False
[RUSH] extend[0]: need to walk to (33,2) d²=26
  task=RUSH 0us OK -> (<Direction.SOUTHEAST: 'southeast'>, None)
  task=HEAL_CORE FAIL
[RUSH] --- rush eval at (26,4) en_core=(46,13) ---
[RUSH] step1: no flow tile in gunner range of core
[RUSH] step2: no flow tile near enemy core
[RUSH] step2.5: checking unconnected harvesters
[RUSH] _find_rush_ore: 6 total ore, 6 seen, sym=None candidates={<Symmetry.ROT: 1>, <Symmetry.VER: 3>}
[RUSH]   ore (29,1) d²=433 bld=None env=Environment.ORE_TITANIUM
[RUSH]   PICKED: free ore at (29,0) d²=428
[RUSH] step3: free ore at (29,1)
[RUSH] step3: walking toward tap (29,0) for ore (29,1)
  task=RUSH 0us OK -> (<Direction.EAST: 'east'>, None)
  task=HEAL_CORE FAIL
[RUSH] --- rush eval at (27,3) en_core=(46,13) ---
[RUSH] step1: no flow tile in gunner range of core
[RUSH] step2: no flow tile near enemy core
[RUSH] step2.5: checking unconnected harvesters
[RUSH] _find_rush_ore: 6 total ore, 6 seen, sym=None candidates={<Symmetry.ROT: 1>, <Symmetry.VER: 3>}
[RUSH]   ore (29,1) d²=433 bld=None env=Environment.ORE_TITANIUM
[RUSH]   PICKED: free ore at (29,0) d²=428
[RUSH] step3: free ore at (29,1)
[RUSH] step3: walking toward tap (29,0) for ore (29,1)
  task=RUSH 0us OK -> (<Direction.NORTH: 'north'>, None)
  task=HEAL_CORE FAIL
[RUSH] --- rush eval at (31,1) en_core=(46,13) ---
[RUSH] step1: no flow tile in gunner range of core
[RUSH] step2: flow near core at (34,2) d²=265, extending to siege (43,10)
[RUSH] extend: from (34,2) toward core (46,13)
[RUSH] extend: siege target (43,10)
[RUSH] extend: path=[(34, 2), (35, 2), (36, 2), (37, 2), (38, 2), (39, 2), (40, 2), (41, 2), (42, 2), (43, 2), (43, 3), (43, 4), (43, 5), (43, 6), (43, 7), (43, 8), (43, 9), (43, 10)]
[RUSH] extend: path len=18, builder at (31,1)
[RUSH] extend[0]: (34,2)->(35,2) bld=None team=None connected=False
[RUSH] extend[0]: need to walk to (34,2) d²=10
  task=RUSH 0us OK -> (<Direction.NORTHEAST: 'northeast'>, PlaceRoad(pos=Position(x=32, y=0)))
  task=HEAL_CORE FAIL
[RUSH] --- rush eval at (31,2) en_core=(46,13) ---
[RUSH] step1: no flow tile in gunner range of core
[RUSH] step2: flow near core at (34,2) d²=265, extending to siege (43,10)
[RUSH] extend: from (34,2) toward core (46,13)
[RUSH] extend: siege target (43,10)
[RUSH] extend: path=[(34, 2), (35, 2), (36, 2), (37, 2), (38, 2), (39, 2), (40, 2), (41, 2), (42, 2), (43, 2), (43, 3), (43, 4), (43, 5), (43, 6), (43, 7), (43, 8), (43, 9), (43, 10)]
[RUSH] extend: path len=18, builder at (31,2)
[RUSH] extend[0]: (34,2)->(35,2) bld=None team=None connected=False
[RUSH] extend[0]: need to walk to (34,2) d²=9
  task=RUSH 0us OK -> (<Direction.SOUTHEAST: 'southeast'>, PlaceRoad(pos=Position(x=32, y=3)))
  task=HEAL_CORE FAIL
[RUSH] --- rush eval at (32,1) en_core=(46,13) ---
[RUSH] step1: no flow tile in gunner range of core
[RUSH] step2: flow near core at (34,2) d²=265, extending to siege (43,10)
[RUSH] extend: from (34,2) toward core (46,13)
[RUSH] extend: siege target (43,10)
[RUSH] extend: path=[(34, 2), (35, 2), (36, 2), (37, 2), (38, 2), (39, 2), (40, 2), (41, 2), (42, 2), (43, 2), (43, 3), (43, 4), (43, 5), (43, 6), (43, 7), (43, 8), (43, 9), (43, 10)]
[RUSH] extend: path len=18, builder at (32,1)
[RUSH] extend[0]: (34,2)->(35,2) bld=None team=None connected=False
[RUSH] extend[0]: need to walk to (34,2) d²=5
  task=RUSH 0us OK -> (<Direction.SOUTHEAST: 'southeast'>, None)
  task=HEAL_CORE FAIL
[RUSH] --- rush eval at (29,2) en_core=(46,13) ---
[RUSH] step1: no flow tile in gunner range of core
[RUSH] step2: flow near core at (34,2) d²=265, extending to siege (43,10)
[RUSH] extend: from (34,2) toward core (46,13)
[RUSH] extend: siege target (43,10)
[RUSH] extend: path=[(34, 2), (35, 2), (36, 2), (37, 2), (38, 2), (39, 2), (40, 2), (41, 2), (42, 2), (43, 2), (43, 3), (43, 4), (43, 5), (43, 6), (43, 7), (43, 8), (43, 9), (43, 10)]
[RUSH] extend: path len=18, builder at (29,2)
[RUSH] extend[0]: (34,2)->(35,2) bld=None team=None connected=False
[RUSH] extend[0]: need to walk to (34,2) d²=25
  task=RUSH 0us OK -> (<Direction.NORTHEAST: 'northeast'>, None)
  task=HEAL_CORE FAIL
[RUSH] --- rush eval at (27,4) en_core=(46,13) ---
[RUSH] step1: no flow tile in gunner range of core
[RUSH] step2: no flow tile near enemy core
[RUSH] step2.5: checking unconnected harvesters
[RUSH] _find_rush_ore: 6 total ore, 6 seen, sym=None candidates={<Symmetry.ROT: 1>, <Symmetry.VER: 3>}
[RUSH]   ore (29,1) d²=433 bld=None env=Environment.ORE_TITANIUM
[RUSH]   PICKED: free ore at (29,0) d²=428
[RUSH] step3: free ore at (29,1)
[RUSH] step3: walking toward tap (29,0) for ore (29,1)
  task=RUSH 0us OK -> (<Direction.NORTHEAST: 'northeast'>, None)
  task=HEAL_CORE FAIL
[RUSH] --- rush eval at (27,2) en_core=(46,13) ---
[RUSH] step1: no flow tile in gunner range of core
[RUSH] step2: no flow tile near enemy core
[RUSH] step2.5: checking unconnected harvesters
[RUSH] _find_rush_ore: 6 total ore, 6 seen, sym=None candidates={<Symmetry.ROT: 1>, <Symmetry.VER: 3>}
[RUSH]   ore (29,1) d²=433 bld=None env=Environment.ORE_TITANIUM
[RUSH]   PICKED: free ore at (29,0) d²=428
[RUSH] step3: free ore at (29,1)
[RUSH] step3: walking toward tap (29,0) for ore (29,1)
  task=RUSH 0us OK -> (<Direction.NORTHEAST: 'northeast'>, None)
  task=HEAL_CORE FAIL
[RUSH] --- rush eval at (32,0) en_core=(46,13) ---
[RUSH] step1: no flow tile in gunner range of core
[RUSH] step2: flow near core at (34,2) d²=265, extending to siege (43,10)
[RUSH] extend: from (34,2) toward core (46,13)
[RUSH] extend: siege target (43,10)
[RUSH] extend: path=[(34, 2), (35, 2), (36, 2), (37, 2), (38, 2), (39, 2), (40, 2), (41, 2), (42, 2), (43, 2), (43, 3), (43, 4), (43, 5), (43, 6), (43, 7), (43, 8), (43, 9), (43, 10)]
[RUSH] extend: path len=18, builder at (32,0)
[RUSH] extend[0]: (34,2)->(35,2) bld=None team=None connected=False
[RUSH] extend[0]: need to walk to (34,2) d²=8
  task=RUSH 0us OK -> (<Direction.SOUTHEAST: 'southeast'>, PlaceRoad(pos=Position(x=33, y=1)))
  task=HEAL_CORE FAIL
[RUSH] --- rush eval at (32,3) en_core=(46,13) ---
[RUSH] step1: no flow tile in gunner range of core
[RUSH] step2: flow near core at (34,2) d²=265, extending to siege (43,10)
[RUSH] extend: from (34,2) toward core (46,13)
[RUSH] extend: siege target (43,10)
[RUSH] extend: path=[(34, 2), (35, 2), (36, 2), (37, 2), (38, 2), (39, 2), (40, 2), (41, 2), (42, 2), (43, 2), (43, 3), (43, 4), (43, 5), (43, 6), (43, 7), (43, 8), (43, 9), (43, 10)]
[RUSH] extend: path len=18, builder at (32,3)
[RUSH] extend[0]: (34,2)->(35,2) bld=None team=None connected=False
[RUSH] extend[0]: need to walk to (34,2) d²=5
  task=RUSH 0us OK -> (<Direction.EAST: 'east'>, PlaceRoad(pos=Position(x=33, y=3)))
  task=HEAL_CORE FAIL
[RUSH] --- rush eval at (33,2) en_core=(46,13) ---
[RUSH] step1: no flow tile in gunner range of core
[RUSH] step2: flow near core at (34,2) d²=265, extending to siege (43,10)
[RUSH] extend: from (34,2) toward core (46,13)
[RUSH] extend: siege target (43,10)
[RUSH] extend: path=[(34, 2), (35, 2), (36, 2), (37, 2), (38, 2), (39, 2), (40, 2), (41, 2), (42, 2), (43, 2), (43, 3), (43, 4), (43, 5), (43, 6), (43, 7), (43, 8), (43, 9), (43, 10)]
[RUSH] extend: path len=18, builder at (33,2)
[RUSH] extend[0]: (34,2)->(35,2) bld=None team=None connected=False
[RUSH] extend[0]: building (34,2)->(35,2) action=PlaceConveyor(pos=Position(x=34, y=2), direction=<Direction.EAST: 'east'>) d²=1
  task=RUSH 0us OK -> (<Direction.CENTRE: 'centre'>, PlaceConveyor(pos=Position(x=34, y=2), direction=<Direction.EAST: 'east'>))
  task=HEAL_CORE FAIL
[RUSH] --- rush eval at (30,1) en_core=(46,13) ---
[RUSH] step1: no flow tile in gunner range of core
[RUSH] step2: flow near core at (35,2) d²=242, extending to siege (43,10)
[RUSH] extend: from (35,2) toward core (46,13)
[RUSH] extend: siege target (43,10)
[RUSH] extend: path=[(35, 2), (36, 2), (37, 2), (38, 2), (39, 2), (40, 2), (41, 2), (42, 2), (43, 2), (43, 3), (43, 4), (43, 5), (43, 6), (43, 7), (43, 8), (43, 9), (43, 10)]
[RUSH] extend: path len=17, builder at (30,1)
[RUSH] extend[0]: (35,2)->(36,2) bld=None team=None connected=False
[RUSH] extend[0]: need to walk to (35,2) d²=26
  task=RUSH 0us OK -> (<Direction.NORTHEAST: 'northeast'>, None)
  task=HEAL_CORE FAIL
[RUSH] --- rush eval at (28,3) en_core=(46,13) ---
[RUSH] step1: no flow tile in gunner range of core
[RUSH] step2: flow near core at (33,2) d²=290, extending to siege (43,10)
[RUSH] extend: from (33,2) toward core (46,13)
[RUSH] extend: siege target (43,10)
[RUSH] extend: path=[(33, 2), (34, 2), (35, 2), (36, 2), (37, 2), (38, 2), (39, 2), (40, 2), (41, 2), (42, 2), (43, 2), (43, 3), (43, 4), (43, 5), (43, 6), (43, 7), (43, 8), (43, 9), (43, 10)]
[RUSH] extend: path len=19, builder at (28,3)
[RUSH] extend[0]: (33,2)->(34,2) bld=None team=None connected=False
[RUSH] extend[0]: need to walk to (33,2) d²=26
  task=RUSH 0us OK -> (<Direction.NORTHEAST: 'northeast'>, None)
  task=HEAL_CORE FAIL
[RUSH] --- rush eval at (28,1) en_core=(46,13) ---
[RUSH] step1: no flow tile in gunner range of core
[RUSH] step2: flow near core at (33,2) d²=290, extending to siege (43,10)
[RUSH] extend: from (33,2) toward core (46,13)
[RUSH] extend: siege target (43,10)
[RUSH] extend: path=[(33, 2), (34, 2), (35, 2), (36, 2), (37, 2), (38, 2), (39, 2), (40, 2), (41, 2), (42, 2), (43, 2), (43, 3), (43, 4), (43, 5), (43, 6), (43, 7), (43, 8), (43, 9), (43, 10)]
[RUSH] extend: path len=19, builder at (28,1)
[RUSH] extend[0]: (33,2)->(34,2) bld=None team=None connected=False
[RUSH] extend[0]: need to walk to (33,2) d²=26
  task=RUSH 0us OK -> (<Direction.NORTHEAST: 'northeast'>, None)
  task=HEAL_CORE FAIL
[RUSH] --- rush eval at (33,1) en_core=(46,13) ---
[RUSH] step1: no flow tile in gunner range of core
[RUSH] step2: flow near core at (35,2) d²=242, extending to siege (43,10)
[RUSH] extend: from (35,2) toward core (46,13)
[RUSH] extend: siege target (43,10)
[RUSH] extend: path=[(35, 2), (36, 2), (37, 2), (38, 2), (39, 2), (40, 2), (41, 2), (42, 2), (43, 2), (43, 3), (43, 4), (43, 5), (43, 6), (43, 7), (43, 8), (43, 9), (43, 10)]
[RUSH] extend: path len=17, builder at (33,1)
[RUSH] extend[0]: (35,2)->(36,2) bld=None team=None connected=False
[RUSH] extend[0]: need to walk to (35,2) d²=5
  task=RUSH 0us OK -> (<Direction.SOUTHEAST: 'southeast'>, None)
  task=HEAL_CORE FAIL
[RUSH] --- rush eval at (33,3) en_core=(46,13) ---
[RUSH] step1: no flow tile in gunner range of core
[RUSH] step2: flow near core at (35,2) d²=242, extending to siege (43,10)
[RUSH] extend: from (35,2) toward core (46,13)
[RUSH] extend: siege target (43,10)
[RUSH] extend: path=[(35, 2), (36, 2), (37, 2), (38, 2), (39, 2), (40, 2), (41, 2), (42, 2), (43, 2), (43, 3), (43, 4), (43, 5), (43, 6), (43, 7), (43, 8), (43, 9), (43, 10)]
[RUSH] extend: path len=17, builder at (33,3)
[RUSH] extend[0]: (35,2)->(36,2) bld=None team=None connected=False
[RUSH] extend[0]: need to walk to (35,2) d²=5
  task=RUSH 0us OK -> (<Direction.EAST: 'east'>, PlaceRoad(pos=Position(x=34, y=3)))
  task=HEAL_CORE FAIL
[RUSH] --- rush eval at (33,2) en_core=(46,13) ---
[RUSH] step1: no flow tile in gunner range of core
[RUSH] step2: flow near core at (35,2) d²=242, extending to siege (43,10)
[RUSH] extend: from (35,2) toward core (46,13)
[RUSH] extend: siege target (43,10)
[RUSH] extend: path=[(35, 2), (36, 2), (37, 2), (38, 2), (39, 2), (40, 2), (41, 2), (42, 2), (43, 2), (43, 3), (43, 4), (43, 5), (43, 6), (43, 7), (43, 8), (43, 9), (43, 10)]
[RUSH] extend: path len=17, builder at (33,2)
[RUSH] extend[0]: (35,2)->(36,2) bld=None team=None connected=False
[RUSH] extend[0]: need to walk to (35,2) d²=4
  task=RUSH 0us OK -> (<Direction.NORTHEAST: 'northeast'>, PlaceRoad(pos=Position(x=34, y=1)))
  task=HEAL_CORE FAIL
[RUSH] --- rush eval at (31,0) en_core=(46,13) ---
[RUSH] step1: no flow tile in gunner range of core
[RUSH] step2: flow near core at (35,2) d²=242, extending to siege (43,10)
[RUSH] extend: from (35,2) toward core (46,13)
[RUSH] extend: siege target (43,10)
[RUSH] extend: path=[(35, 2), (36, 2), (37, 2), (38, 2), (39, 2), (40, 2), (41, 2), (42, 2), (43, 2), (43, 3), (43, 4), (43, 5), (43, 6), (43, 7), (43, 8), (43, 9), (43, 10)]
[RUSH] extend: path len=17, builder at (31,0)
[RUSH] extend[0]: (35,2)->(36,2) bld=None team=None connected=False
[RUSH] extend[0]: need to walk to (35,2) d²=20
  task=RUSH 0us OK -> (<Direction.EAST: 'east'>, None)
  task=HEAL_CORE FAIL
[RUSH] --- rush eval at (29,2) en_core=(46,13) ---
[RUSH] step1: no flow tile in gunner range of core
[RUSH] step2: flow near core at (34,2) d²=265, extending to siege (43,10)
[RUSH] extend: from (34,2) toward core (46,13)
[RUSH] extend: siege target (43,10)
[RUSH] extend: path=[(34, 2), (35, 2), (36, 2), (37, 2), (38, 2), (39, 2), (40, 2), (41, 2), (42, 2), (43, 2), (43, 3), (43, 4), (43, 5), (43, 6), (43, 7), (43, 8), (43, 9), (43, 10)]
[RUSH] extend: path len=18, builder at (29,2)
[RUSH] extend[0]: (34,2)->(35,2) bld=None team=None connected=False
[RUSH] extend[0]: need to walk to (34,2) d²=25
  task=RUSH 0us OK -> (<Direction.NORTHEAST: 'northeast'>, None)
  task=HEAL_CORE FAIL
[RUSH] --- rush eval at (29,0) en_core=(46,13) ---
[RUSH] step1: no flow tile in gunner range of core
[RUSH] step2: flow near core at (34,2) d²=265, extending to siege (43,10)
[RUSH] extend: from (34,2) toward core (46,13)
[RUSH] extend: siege target (43,10)
[RUSH] extend: path=[(34, 2), (35, 2), (36, 2), (37, 2), (38, 2), (39, 2), (40, 2), (41, 2), (42, 2), (43, 2), (43, 3), (43, 4), (43, 5), (43, 6), (43, 7), (43, 8), (43, 9), (43, 10)]
[RUSH] extend: path len=18, builder at (29,0)
[RUSH] extend[0]: (34,2)->(35,2) bld=None team=None connected=False
[RUSH] extend[0]: need to walk to (34,2) d²=29
  task=RUSH 0us OK -> (<Direction.EAST: 'east'>, None)
  task=HEAL_CORE FAIL
[RUSH] --- rush eval at (34,2) en_core=(46,13) ---
[RUSH] step1: no flow tile in gunner range of core
[RUSH] step2: flow near core at (35,2) d²=242, extending to siege (43,10)
[RUSH] extend: from (35,2) toward core (46,13)
[RUSH] extend: siege target (43,10)
[RUSH] extend: path=[(35, 2), (36, 2), (37, 2), (38, 2), (39, 2), (40, 2), (41, 2), (42, 2), (43, 2), (43, 3), (43, 4), (43, 5), (43, 6), (43, 7), (43, 8), (43, 9), (43, 10)]
[RUSH] extend: path len=17, builder at (34,2)
[RUSH] extend[0]: (35,2)->(36,2) bld=None team=None connected=False
[RUSH] extend[0]: building (35,2)->(36,2) action=PlaceConveyor(pos=Position(x=35, y=2), direction=<Direction.EAST: 'east'>) d²=1
  task=RUSH 0us OK -> (<Direction.CENTRE: 'centre'>, PlaceConveyor(pos=Position(x=35, y=2), direction=<Direction.EAST: 'east'>))
[MAP] r50 seen=27% harv=3 sym=None encore=Position(x=46, y=13) ore_known=8
  task=HEAL_CORE FAIL
[RUSH] --- rush eval at (34,3) en_core=(46,13) ---
[RUSH] step1: no flow tile in gunner range of core
[RUSH] step2: flow near core at (36,2) d²=221, extending to siege (43,10)
[RUSH] extend: from (36,2) toward core (46,13)
[RUSH] extend: siege target (43,10)
[RUSH] extend: path=[(36, 2), (37, 2), (38, 2), (39, 2), (40, 2), (41, 2), (42, 2), (43, 2), (43, 3), (43, 4), (43, 5), (43, 6), (43, 7), (43, 8), (43, 9), (43, 10)]
[RUSH] extend: path len=16, builder at (34,3)
[RUSH] extend[0]: (36,2)->(37,2) bld=None team=None connected=False
[RUSH] extend[0]: need to walk to (36,2) d²=5
  task=RUSH 0us OK -> (<Direction.NORTHEAST: 'northeast'>, None)
[MAP] r50 seen=28% harv=3 sym=None encore=Position(x=46, y=13) ore_known=8
  task=HEAL_CORE FAIL
[RUSH] --- rush eval at (34,1) en_core=(46,13) ---
[RUSH] step1: no flow tile in gunner range of core
[RUSH] step2: flow near core at (36,2) d²=221, extending to siege (43,10)
[RUSH] extend: from (36,2) toward core (46,13)
[RUSH] extend: siege target (43,10)
[RUSH] extend: path=[(36, 2), (37, 2), (38, 2), (39, 2), (40, 2), (41, 2), (42, 2), (43, 2), (43, 3), (43, 4), (43, 5), (43, 6), (43, 7), (43, 8), (43, 9), (43, 10)]
[RUSH] extend: path len=16, builder at (34,1)
[RUSH] extend[0]: (36,2)->(37,2) bld=None team=None connected=False
[RUSH] extend[0]: need to walk to (36,2) d²=5
  task=RUSH 0us OK -> (<Direction.EAST: 'east'>, PlaceRoad(pos=Position(x=35, y=1)))
[MAP] r50 seen=27% harv=3 sym=None encore=Position(x=46, y=13) ore_known=8
  task=HEAL_CORE FAIL
[RUSH] --- rush eval at (32,0) en_core=(46,13) ---
[RUSH] step1: no flow tile in gunner range of core
[RUSH] step2: flow near core at (36,2) d²=221, extending to siege (43,10)
[RUSH] extend: from (36,2) toward core (46,13)
[RUSH] extend: siege target (43,10)
[RUSH] extend: path=[(36, 2), (37, 2), (38, 2), (39, 2), (40, 2), (41, 2), (42, 2), (43, 2), (43, 3), (43, 4), (43, 5), (43, 6), (43, 7), (43, 8), (43, 9), (43, 10)]
[RUSH] extend: path len=16, builder at (32,0)
[RUSH] extend[0]: (36,2)->(37,2) bld=None team=None connected=False
[RUSH] extend[0]: need to walk to (36,2) d²=20
  task=RUSH 0us OK -> (<Direction.SOUTHEAST: 'southeast'>, None)
[MAP] r50 seen=26% harv=3 sym=None encore=Position(x=46, y=13) ore_known=7
  task=HEAL_CORE FAIL
[RUSH] --- rush eval at (30,1) en_core=(46,13) ---
[RUSH] step1: no flow tile in gunner range of core
[RUSH] step2: flow near core at (35,2) d²=242, extending to siege (43,10)
[RUSH] extend: from (35,2) toward core (46,13)
[RUSH] extend: siege target (43,10)
[RUSH] extend: path=[(35, 2), (36, 2), (37, 2), (38, 2), (39, 2), (40, 2), (41, 2), (42, 2), (43, 2), (43, 3), (43, 4), (43, 5), (43, 6), (43, 7), (43, 8), (43, 9), (43, 10)]
[RUSH] extend: path len=17, builder at (30,1)
[RUSH] extend[0]: (35,2)->(36,2) bld=None team=None connected=False
[RUSH] extend[0]: need to walk to (35,2) d²=26
  task=RUSH 0us OK -> (<Direction.NORTHEAST: 'northeast'>, None)
[MAP] r50 seen=26% harv=3 sym=None encore=Position(x=46, y=13) ore_known=7
  task=HEAL_CORE FAIL
[RUSH] --- rush eval at (30,0) en_core=(46,13) ---
[RUSH] step1: no flow tile in gunner range of core
[RUSH] step2: flow near core at (35,2) d²=242, extending to siege (43,10)
[RUSH] extend: from (35,2) toward core (46,13)
[RUSH] extend: siege target (43,10)
[RUSH] extend: path=[(35, 2), (36, 2), (37, 2), (38, 2), (39, 2), (40, 2), (41, 2), (42, 2), (43, 2), (43, 3), (43, 4), (43, 5), (43, 6), (43, 7), (43, 8), (43, 9), (43, 10)]
[RUSH] extend: path len=17, builder at (30,0)
[RUSH] extend[0]: (35,2)->(36,2) bld=None team=None connected=False
[RUSH] extend[0]: need to walk to (35,2) d²=29
  task=RUSH 0us OK -> (<Direction.SOUTHEAST: 'southeast'>, None)
[MAP] r50 seen=25% harv=3 sym=None encore=Position(x=46, y=13) ore_known=7
  task=HEAL_CORE FAIL
[RUSH] --- rush eval at (34,2) en_core=(46,13) ---
[RUSH] step1: no flow tile in gunner range of core
[RUSH] step2: flow near core at (36,2) d²=221, extending to siege (43,10)
[RUSH] extend: from (36,2) toward core (46,13)
[RUSH] extend: siege target (43,10)
[RUSH] extend: path=[(36, 2), (37, 2), (38, 2), (39, 2), (40, 2), (41, 2), (42, 2), (43, 2), (43, 3), (43, 4), (43, 5), (43, 6), (43, 7), (43, 8), (43, 9), (43, 10)]
[RUSH] extend: path len=16, builder at (34,2)
[RUSH] extend[0]: (36,2)->(37,2) bld=None team=None connected=False
[RUSH] extend[0]: need to walk to (36,2) d²=4
  task=RUSH 0us OK -> (<Direction.SOUTHEAST: 'southeast'>, PlaceRoad(pos=Position(x=35, y=3)))
  task=HEAL_CORE FAIL
[RUSH] --- rush eval at (35,2) en_core=(46,13) ---
[RUSH] step1: no flow tile in gunner range of core
[RUSH] step2: flow near core at (36,2) d²=221, extending to siege (43,10)
[RUSH] extend: from (36,2) toward core (46,13)
[RUSH] extend: siege target (43,10)
[RUSH] extend: path=[(36, 2), (37, 2), (38, 2), (39, 2), (40, 2), (41, 2), (42, 2), (43, 2), (43, 3), (43, 4), (43, 5), (43, 6), (43, 7), (43, 8), (43, 9), (43, 10)]
[RUSH] extend: path len=16, builder at (35,2)
[RUSH] extend[0]: (36,2)->(37,2) bld=None team=None connected=False
[RUSH] extend[0]: building (36,2)->(37,2) action=PlaceConveyor(pos=Position(x=36, y=2), direction=<Direction.EAST: 'east'>) d²=1
  task=RUSH 0us OK -> (<Direction.CENTRE: 'centre'>, PlaceConveyor(pos=Position(x=36, y=2), direction=<Direction.EAST: 'east'>))
  task=HEAL_CORE FAIL
[RUSH] --- rush eval at (35,1) en_core=(46,13) ---
[RUSH] step1: no flow tile in gunner range of core
[RUSH] step2: flow near core at (37,2) d²=202, extending to siege (43,10)
[RUSH] extend: from (37,2) toward core (46,13)
[RUSH] extend: siege target (43,10)
[RUSH] extend: path=[(37, 2), (38, 2), (39, 2), (40, 2), (41, 2), (42, 2), (43, 2), (43, 3), (43, 4), (43, 5), (43, 6), (43, 7), (43, 8), (43, 9), (43, 10)]
[RUSH] extend: path len=15, builder at (35,1)
[RUSH] extend[0]: (37,2)->(38,2) bld=None team=None connected=False
[RUSH] extend[0]: need to walk to (37,2) d²=5
  task=RUSH 0us OK -> (<Direction.SOUTHEAST: 'southeast'>, None)
  task=HEAL_CORE FAIL
[RUSH] --- rush eval at (33,1) en_core=(46,13) ---
[RUSH] step1: no flow tile in gunner range of core
[RUSH] step2: flow near core at (37,2) d²=202, extending to siege (43,10)
[RUSH] extend: from (37,2) toward core (46,13)
[RUSH] extend: siege target (43,10)
[RUSH] extend: path=[(37, 2), (38, 2), (39, 2), (40, 2), (41, 2), (42, 2), (43, 2), (43, 3), (43, 4), (43, 5), (43, 6), (43, 7), (43, 8), (43, 9), (43, 10)]
[RUSH] extend: path len=15, builder at (33,1)
[RUSH] extend[0]: (37,2)->(38,2) bld=None team=None connected=False
[RUSH] extend[0]: need to walk to (37,2) d²=17
  task=RUSH 0us OK -> (<Direction.EAST: 'east'>, None)
  task=HEAL_CORE FAIL
[RUSH] --- rush eval at (31,0) en_core=(46,13) ---
[RUSH] step1: no flow tile in gunner range of core
[RUSH] step2: flow near core at (36,2) d²=221, extending to siege (43,10)
[RUSH] extend: from (36,2) toward core (46,13)
[RUSH] extend: siege target (43,10)
[RUSH] extend: path=[(36, 2), (37, 2), (38, 2), (39, 2), (40, 2), (41, 2), (42, 2), (43, 2), (43, 3), (43, 4), (43, 5), (43, 6), (43, 7), (43, 8), (43, 9), (43, 10)]
[RUSH] extend: path len=16, builder at (31,0)
[RUSH] extend[0]: (36,2)->(37,2) bld=None team=None connected=False
[RUSH] extend[0]: need to walk to (36,2) d²=29
  task=RUSH 0us OK -> (<Direction.EAST: 'east'>, None)
  task=HEAL_CORE FAIL
[RUSH] --- rush eval at (31,1) en_core=(46,13) ---
[RUSH] step1: no flow tile in gunner range of core
[RUSH] step2: flow near core at (36,2) d²=221, extending to siege (43,10)
[RUSH] extend: from (36,2) toward core (46,13)
[RUSH] extend: siege target (43,10)
[RUSH] extend: path=[(36, 2), (37, 2), (38, 2), (39, 2), (40, 2), (41, 2), (42, 2), (43, 2), (43, 3), (43, 4), (43, 5), (43, 6), (43, 7), (43, 8), (43, 9), (43, 10)]
[RUSH] extend: path len=16, builder at (31,1)
[RUSH] extend[0]: (36,2)->(37,2) bld=None team=None connected=False
[RUSH] extend[0]: need to walk to (36,2) d²=26
  task=RUSH 0us OK -> (<Direction.EAST: 'east'>, None)
  task=HEAL_CORE FAIL
[RUSH] --- rush eval at (35,3) en_core=(46,13) ---
[RUSH] step1: no flow tile in gunner range of core
[RUSH] step2: flow near core at (37,2) d²=202, extending to siege (43,10)
[RUSH] extend: from (37,2) toward core (46,13)
[RUSH] extend: siege target (43,10)
[RUSH] extend: path=[(37, 2), (38, 2), (39, 2), (40, 2), (41, 2), (42, 2), (43, 2), (43, 3), (43, 4), (43, 5), (43, 6), (43, 7), (43, 8), (43, 9), (43, 10)]
[RUSH] extend: path len=15, builder at (35,3)
[RUSH] extend[0]: (37,2)->(38,2) bld=None team=None connected=False
[RUSH] extend[0]: need to walk to (37,2) d²=5
  task=RUSH 0us OK -> (<Direction.EAST: 'east'>, PlaceRoad(pos=Position(x=36, y=3)))
  task=HEAL_CORE FAIL
[RUSH] --- rush eval at (35,2) en_core=(46,13) ---
[RUSH] step1: no flow tile in gunner range of core
[RUSH] step2: flow near core at (37,2) d²=202, extending to siege (43,10)
[RUSH] extend: from (37,2) toward core (46,13)
[RUSH] extend: siege target (43,10)
[RUSH] extend: path=[(37, 2), (38, 2), (39, 2), (40, 2), (41, 2), (42, 2), (43, 2), (43, 3), (43, 4), (43, 5), (43, 6), (43, 7), (43, 8), (43, 9), (43, 10)]
[RUSH] extend: path len=15, builder at (35,2)
[RUSH] extend[0]: (37,2)->(38,2) bld=None team=None connected=False
[RUSH] extend[0]: need to walk to (37,2) d²=4
  task=RUSH 0us OK -> (<Direction.NORTHEAST: 'northeast'>, PlaceRoad(pos=Position(x=36, y=1)))
  task=HEAL_CORE FAIL
[RUSH] --- rush eval at (36,2) en_core=(46,13) ---
[RUSH] step1: no flow tile in gunner range of core
[RUSH] step2: flow near core at (37,2) d²=202, extending to siege (43,10)
[RUSH] extend: from (37,2) toward core (46,13)
[RUSH] extend: siege target (43,10)
[RUSH] extend: path=[(37, 2), (38, 2), (39, 2), (40, 2), (41, 2), (42, 2), (43, 2), (43, 3), (43, 4), (43, 5), (43, 6), (43, 7), (43, 8), (43, 9), (43, 10)]
[RUSH] extend: path len=15, builder at (36,2)
[RUSH] extend[0]: (37,2)->(38,2) bld=None team=None connected=False
[RUSH] extend[0]: building (37,2)->(38,2) action=PlaceConveyor(pos=Position(x=37, y=2), direction=<Direction.EAST: 'east'>) d²=1
  task=RUSH 0us OK -> (<Direction.CENTRE: 'centre'>, PlaceConveyor(pos=Position(x=37, y=2), direction=<Direction.EAST: 'east'>))
  task=HEAL_CORE FAIL
[RUSH] --- rush eval at (34,1) en_core=(46,13) ---
[RUSH] step1: no flow tile in gunner range of core
[RUSH] step2: flow near core at (38,2) d²=185, extending to siege (43,10)
[RUSH] extend: from (38,2) toward core (46,13)
[RUSH] extend: siege target (43,10)
[RUSH] extend: path=[(38, 2), (39, 2), (40, 2), (41, 2), (42, 2), (43, 2), (43, 3), (43, 4), (43, 5), (43, 6), (43, 7), (43, 8), (43, 9), (43, 10)]
[RUSH] extend: path len=14, builder at (34,1)
[RUSH] extend[0]: (38,2)->(39,2) bld=None team=None connected=False
[RUSH] extend[0]: need to walk to (38,2) d²=17
  task=RUSH 0us OK -> (<Direction.EAST: 'east'>, None)
  task=HEAL_CORE FAIL
[RUSH] --- rush eval at (32,0) en_core=(46,13) ---
[RUSH] step1: no flow tile in gunner range of core
[RUSH] step2: flow near core at (37,2) d²=202, extending to siege (43,10)
[RUSH] extend: from (37,2) toward core (46,13)
[RUSH] extend: siege target (43,10)
[RUSH] extend: path=[(37, 2), (38, 2), (39, 2), (40, 2), (41, 2), (42, 2), (43, 2), (43, 3), (43, 4), (43, 5), (43, 6), (43, 7), (43, 8), (43, 9), (43, 10)]
[RUSH] extend: path len=15, builder at (32,0)
[RUSH] extend[0]: (37,2)->(38,2) bld=None team=None connected=False
[RUSH] extend[0]: need to walk to (37,2) d²=29
  task=RUSH 0us OK -> (<Direction.SOUTHEAST: 'southeast'>, None)
  task=HEAL_CORE FAIL
[RUSH] --- rush eval at (32,1) en_core=(46,13) ---
[RUSH] step1: no flow tile in gunner range of core
[RUSH] step2: flow near core at (37,2) d²=202, extending to siege (43,10)
[RUSH] extend: from (37,2) toward core (46,13)
[RUSH] extend: siege target (43,10)
[RUSH] extend: path=[(37, 2), (38, 2), (39, 2), (40, 2), (41, 2), (42, 2), (43, 2), (43, 3), (43, 4), (43, 5), (43, 6), (43, 7), (43, 8), (43, 9), (43, 10)]
[RUSH] extend: path len=15, builder at (32,1)
[RUSH] extend[0]: (37,2)->(38,2) bld=None team=None connected=False
[RUSH] extend[0]: need to walk to (37,2) d²=26
  task=RUSH 0us OK -> (<Direction.SOUTHEAST: 'southeast'>, None)
  task=HEAL_CORE FAIL
[RUSH] --- rush eval at (36,3) en_core=(46,13) ---
[RUSH] step1: no flow tile in gunner range of core
[RUSH] step2: flow near core at (38,2) d²=185, extending to siege (43,10)
[RUSH] extend: from (38,2) toward core (46,13)
[RUSH] extend: siege target (43,10)
[RUSH] extend: path=[(38, 2), (39, 2), (40, 2), (41, 2), (42, 2), (43, 2), (43, 3), (43, 4), (43, 5), (43, 6), (43, 7), (43, 8), (43, 9), (43, 10)]
[RUSH] extend: path len=14, builder at (36,3)
[RUSH] extend[0]: (38,2)->(39,2) bld=None team=None connected=False
[RUSH] extend[0]: need to walk to (38,2) d²=5
  task=RUSH 0us OK -> (<Direction.NORTHEAST: 'northeast'>, None)
  task=HEAL_CORE FAIL
[RUSH] --- rush eval at (36,1) en_core=(46,13) ---
[RUSH] step1: no flow tile in gunner range of core
[RUSH] step2: flow near core at (38,2) d²=185, extending to siege (43,10)
[RUSH] extend: from (38,2) toward core (46,13)
[RUSH] extend: siege target (43,10)
[RUSH] extend: path=[(38, 2), (39, 2), (40, 2), (41, 2), (42, 2), (43, 2), (43, 3), (43, 4), (43, 5), (43, 6), (43, 7), (43, 8), (43, 9), (43, 10)]
[RUSH] extend: path len=14, builder at (36,1)
[RUSH] extend[0]: (38,2)->(39,2) bld=None team=None connected=False
[RUSH] extend[0]: need to walk to (38,2) d²=5
  task=RUSH 0us OK -> (<Direction.EAST: 'east'>, PlaceRoad(pos=Position(x=37, y=1)))
  task=HEAL_CORE FAIL
[RUSH] --- rush eval at (36,2) en_core=(46,13) ---
[RUSH] step1: no flow tile in gunner range of core
[RUSH] step2: flow near core at (38,2) d²=185, extending to siege (43,10)
[RUSH] extend: from (38,2) toward core (46,13)
[RUSH] extend: siege target (43,10)
[RUSH] extend: path=[(38, 2), (39, 2), (40, 2), (41, 2), (42, 2), (43, 2), (43, 3), (43, 4), (43, 5), (43, 6), (43, 7), (43, 8), (43, 9), (43, 10)]
[RUSH] extend: path len=14, builder at (36,2)
[RUSH] extend[0]: (38,2)->(39,2) bld=None team=None connected=False
[RUSH] extend[0]: need to walk to (38,2) d²=4
  task=RUSH 0us OK -> (<Direction.SOUTHEAST: 'southeast'>, PlaceRoad(pos=Position(x=37, y=3)))
  task=HEAL_CORE FAIL
[RUSH] --- rush eval at (35,1) en_core=(46,13) ---
[RUSH] step1: no flow tile in gunner range of core
[RUSH] step2: flow near core at (38,2) d²=185, extending to siege (43,10)
[RUSH] extend: from (38,2) toward core (46,13)
[RUSH] extend: siege target (43,10)
[RUSH] extend: path=[(38, 2), (39, 2), (40, 2), (41, 2), (42, 2), (43, 2), (43, 3), (43, 4), (43, 5), (43, 6), (43, 7), (43, 8), (43, 9), (43, 10)]
[RUSH] extend: path len=14, builder at (35,1)
[RUSH] extend[0]: (38,2)->(39,2) bld=None team=None connected=False
[RUSH] extend[0]: need to walk to (38,2) d²=10
  task=RUSH 0us OK -> (<Direction.EAST: 'east'>, None)
  task=HEAL_CORE FAIL
[RUSH] --- rush eval at (33,1) en_core=(46,13) ---
[RUSH] step1: no flow tile in gunner range of core
[RUSH] step2: flow near core at (38,2) d²=185, extending to siege (43,10)
[RUSH] extend: from (38,2) toward core (46,13)
[RUSH] extend: siege target (43,10)
[RUSH] extend: path=[(38, 2), (39, 2), (40, 2), (41, 2), (42, 2), (43, 2), (43, 3), (43, 4), (43, 5), (43, 6), (43, 7), (43, 8), (43, 9), (43, 10)]
[RUSH] extend: path len=14, builder at (33,1)
[RUSH] extend[0]: (38,2)->(39,2) bld=None team=None connected=False
[RUSH] extend[0]: need to walk to (38,2) d²=26
  task=RUSH 0us OK -> (<Direction.EAST: 'east'>, None)
  task=HEAL_CORE FAIL
[RUSH] --- rush eval at (33,2) en_core=(46,13) ---
[RUSH] step1: no flow tile in gunner range of core
[RUSH] step2: flow near core at (38,2) d²=185, extending to siege (43,10)
[RUSH] extend: from (38,2) toward core (46,13)
[RUSH] extend: siege target (43,10)
[RUSH] extend: path=[(38, 2), (39, 2), (40, 2), (41, 2), (42, 2), (43, 2), (43, 3), (43, 4), (43, 5), (43, 6), (43, 7), (43, 8), (43, 9), (43, 10)]
[RUSH] extend: path len=14, builder at (33,2)
[RUSH] extend[0]: (38,2)->(39,2) bld=None team=None connected=False
[RUSH] extend[0]: need to walk to (38,2) d²=25
  task=RUSH 0us OK -> (<Direction.EAST: 'east'>, None)
  task=HEAL_CORE FAIL
[RUSH] --- rush eval at (37,2) en_core=(46,13) ---
[RUSH] step1: no flow tile in gunner range of core
[RUSH] step2: flow near core at (38,2) d²=185, extending to siege (43,10)
[RUSH] extend: from (38,2) toward core (46,13)
[RUSH] extend: siege target (43,10)
[RUSH] extend: path=[(38, 2), (39, 2), (40, 2), (41, 2), (42, 2), (43, 2), (43, 3), (43, 4), (43, 5), (43, 6), (43, 7), (43, 8), (43, 9), (43, 10)]
[RUSH] extend: path len=14, builder at (37,2)
[RUSH] extend[0]: (38,2)->(39,2) bld=None team=None connected=False
[RUSH] extend[0]: building (38,2)->(39,2) action=PlaceConveyor(pos=Position(x=38, y=2), direction=<Direction.EAST: 'east'>) d²=1
  task=RUSH 0us OK -> (<Direction.CENTRE: 'centre'>, PlaceConveyor(pos=Position(x=38, y=2), direction=<Direction.EAST: 'east'>))
  task=HEAL_CORE FAIL
[RUSH] --- rush eval at (37,1) en_core=(46,13) ---
[RUSH] step1: no flow tile in gunner range of core
[RUSH] step2: flow near core at (39,2) d²=170, extending to siege (43,10)
[RUSH] extend: from (39,2) toward core (46,13)
[RUSH] extend: siege target (43,10)
[RUSH] extend: path=[(39, 2), (40, 2), (41, 2), (42, 2), (43, 2), (43, 3), (43, 4), (43, 5), (43, 6), (43, 7), (43, 8), (43, 9), (43, 10)]
[RUSH] extend: path len=13, builder at (37,1)
[RUSH] extend[0]: (39,2)->(40,2) bld=None team=None connected=False
[RUSH] extend[0]: need to walk to (39,2) d²=5
  task=RUSH 0us OK -> (<Direction.SOUTHEAST: 'southeast'>, None)
  task=HEAL_CORE FAIL
[RUSH] --- rush eval at (37,3) en_core=(46,13) ---
[RUSH] step1: no flow tile in gunner range of core
[RUSH] step2: flow near core at (39,2) d²=170, extending to siege (43,10)
[RUSH] extend: from (39,2) toward core (46,13)
[RUSH] extend: siege target (43,10)
[RUSH] extend: path=[(39, 2), (40, 2), (41, 2), (42, 2), (43, 2), (43, 3), (43, 4), (43, 5), (43, 6), (43, 7), (43, 8), (43, 9), (43, 10)]
[RUSH] extend: path len=13, builder at (37,3)
[RUSH] extend[0]: (39,2)->(40,2) bld=None team=None connected=False
[RUSH] extend[0]: need to walk to (39,2) d²=5
  task=RUSH 0us OK -> (<Direction.EAST: 'east'>, PlaceRoad(pos=Position(x=38, y=3)))
  task=HEAL_CORE FAIL
[RUSH] --- rush eval at (36,1) en_core=(46,13) ---
[RUSH] step1: no flow tile in gunner range of core
[RUSH] step2: flow near core at (39,2) d²=170, extending to siege (43,10)
[RUSH] extend: from (39,2) toward core (46,13)
[RUSH] extend: siege target (43,10)
[RUSH] extend: path=[(39, 2), (40, 2), (41, 2), (42, 2), (43, 2), (43, 3), (43, 4), (43, 5), (43, 6), (43, 7), (43, 8), (43, 9), (43, 10)]
[RUSH] extend: path len=13, builder at (36,1)
[RUSH] extend[0]: (39,2)->(40,2) bld=None team=None connected=False
[RUSH] extend[0]: need to walk to (39,2) d²=10
  task=RUSH 0us OK -> (<Direction.EAST: 'east'>, None)
  task=HEAL_CORE FAIL
[RUSH] --- rush eval at (34,1) en_core=(46,13) ---
[RUSH] step1: no flow tile in gunner range of core
[RUSH] step2: flow near core at (39,2) d²=170, extending to siege (43,10)
[RUSH] extend: from (39,2) toward core (46,13)
[RUSH] extend: siege target (43,10)
[RUSH] extend: path=[(39, 2), (40, 2), (41, 2), (42, 2), (43, 2), (43, 3), (43, 4), (43, 5), (43, 6), (43, 7), (43, 8), (43, 9), (43, 10)]
[RUSH] extend: path len=13, builder at (34,1)
[RUSH] extend[0]: (39,2)->(40,2) bld=None team=None connected=False
[RUSH] extend[0]: need to walk to (39,2) d²=26
  task=RUSH 0us OK -> (<Direction.EAST: 'east'>, None)
  task=HEAL_CORE FAIL
[RUSH] --- rush eval at (34,2) en_core=(46,13) ---
[RUSH] step1: no flow tile in gunner range of core
[RUSH] step2: flow near core at (39,2) d²=170, extending to siege (43,10)
[RUSH] extend: from (39,2) toward core (46,13)
[RUSH] extend: siege target (43,10)
[RUSH] extend: path=[(39, 2), (40, 2), (41, 2), (42, 2), (43, 2), (43, 3), (43, 4), (43, 5), (43, 6), (43, 7), (43, 8), (43, 9), (43, 10)]
[RUSH] extend: path len=13, builder at (34,2)
[RUSH] extend[0]: (39,2)->(40,2) bld=None team=None connected=False
[RUSH] extend[0]: need to walk to (39,2) d²=25
  task=RUSH 0us OK -> (<Direction.EAST: 'east'>, None)
  task=HEAL_CORE FAIL
[RUSH] --- rush eval at (37,2) en_core=(46,13) ---
[RUSH] step1: no flow tile in gunner range of core
[RUSH] step2: flow near core at (39,2) d²=170, extending to siege (43,10)
[RUSH] extend: from (39,2) toward core (46,13)
[RUSH] extend: siege target (43,10)
[RUSH] extend: path=[(39, 2), (40, 2), (41, 2), (42, 2), (43, 2), (43, 3), (43, 4), (43, 5), (43, 6), (43, 7), (43, 8), (43, 9), (43, 10)]
[RUSH] extend: path len=13, builder at (37,2)
[RUSH] extend[0]: (39,2)->(40,2) bld=None team=None connected=False
[RUSH] extend[0]: need to walk to (39,2) d²=4
  task=RUSH 0us OK -> (<Direction.NORTHEAST: 'northeast'>, PlaceRoad(pos=Position(x=38, y=1)))
  task=HEAL_CORE FAIL
[RUSH] --- rush eval at (38,2) en_core=(46,13) ---
[RUSH] step1: no flow tile in gunner range of core
[RUSH] step2: flow near core at (39,2) d²=170, extending to siege (43,10)
[RUSH] extend: from (39,2) toward core (46,13)
[RUSH] extend: siege target (43,10)
[RUSH] extend: path=[(39, 2), (40, 2), (41, 2), (42, 2), (43, 2), (43, 3), (43, 4), (43, 5), (43, 6), (43, 7), (43, 8), (43, 9), (43, 10)]
[RUSH] extend: path len=13, builder at (38,2)
[RUSH] extend[0]: (39,2)->(40,2) bld=None team=None connected=False
[RUSH] extend[0]: building (39,2)->(40,2) action=PlaceConveyor(pos=Position(x=39, y=2), direction=<Direction.EAST: 'east'>) d²=1
  task=RUSH 0us OK -> (<Direction.CENTRE: 'centre'>, PlaceConveyor(pos=Position(x=39, y=2), direction=<Direction.EAST: 'east'>))
  task=HEAL_CORE FAIL
[RUSH] --- rush eval at (38,3) en_core=(46,13) ---
[RUSH] step1: no flow tile in gunner range of core
[RUSH] step2: flow near core at (40,2) d²=157, extending to siege (43,10)
[RUSH] extend: from (40,2) toward core (46,13)
[RUSH] extend: siege target (43,10)
[RUSH] extend: path=[(40, 2), (41, 2), (42, 2), (43, 2), (43, 3), (43, 4), (43, 5), (43, 6), (43, 7), (43, 8), (43, 9), (43, 10)]
[RUSH] extend: path len=12, builder at (38,3)
[RUSH] extend[0]: (40,2)->(41,2) bld=None team=None connected=False
[RUSH] extend[0]: need to walk to (40,2) d²=5
  task=RUSH 0us OK -> (<Direction.NORTHEAST: 'northeast'>, None)
  task=HEAL_CORE FAIL
[RUSH] --- rush eval at (37,1) en_core=(46,13) ---
[RUSH] step1: no flow tile in gunner range of core
[RUSH] step2: flow near core at (40,2) d²=157, extending to siege (43,10)
[RUSH] extend: from (40,2) toward core (46,13)
[RUSH] extend: siege target (43,10)
[RUSH] extend: path=[(40, 2), (41, 2), (42, 2), (43, 2), (43, 3), (43, 4), (43, 5), (43, 6), (43, 7), (43, 8), (43, 9), (43, 10)]
[RUSH] extend: path len=12, builder at (37,1)
[RUSH] extend[0]: (40,2)->(41,2) bld=None team=None connected=False
[RUSH] extend[0]: need to walk to (40,2) d²=10
  task=RUSH 0us OK -> (<Direction.SOUTH: 'south'>, None)
  task=HEAL_CORE FAIL
[RUSH] --- rush eval at (35,1) en_core=(46,13) ---
[RUSH] step1: no flow tile in gunner range of core
[RUSH] step2: flow near core at (40,2) d²=157, extending to siege (43,10)
[RUSH] extend: from (40,2) toward core (46,13)
[RUSH] extend: siege target (43,10)
[RUSH] extend: path=[(40, 2), (41, 2), (42, 2), (43, 2), (43, 3), (43, 4), (43, 5), (43, 6), (43, 7), (43, 8), (43, 9), (43, 10)]
[RUSH] extend: path len=12, builder at (35,1)
[RUSH] extend[0]: (40,2)->(41,2) bld=None team=None connected=False
[RUSH] extend[0]: need to walk to (40,2) d²=26
  task=RUSH 0us OK -> (<Direction.SOUTHEAST: 'southeast'>, None)
  task=HEAL_CORE FAIL
[RUSH] --- rush eval at (35,2) en_core=(46,13) ---
[RUSH] step1: no flow tile in gunner range of core
[RUSH] step2: flow near core at (40,2) d²=157, extending to siege (43,10)
[RUSH] extend: from (40,2) toward core (46,13)
[RUSH] extend: siege target (43,10)
[RUSH] extend: path=[(40, 2), (41, 2), (42, 2), (43, 2), (43, 3), (43, 4), (43, 5), (43, 6), (43, 7), (43, 8), (43, 9), (43, 10)]
[RUSH] extend: path len=12, builder at (35,2)
[RUSH] extend[0]: (40,2)->(41,2) bld=None team=None connected=False
[RUSH] extend[0]: need to walk to (40,2) d²=25
  task=RUSH 0us OK -> (<Direction.SOUTHEAST: 'southeast'>, None)
  task=HEAL_CORE FAIL
[RUSH] --- rush eval at (38,1) en_core=(46,13) ---
[RUSH] step1: no flow tile in gunner range of core
[RUSH] step2: flow near core at (40,2) d²=157, extending to siege (43,10)
[RUSH] extend: from (40,2) toward core (46,13)
[RUSH] extend: siege target (43,10)
[RUSH] extend: path=[(40, 2), (41, 2), (42, 2), (43, 2), (43, 3), (43, 4), (43, 5), (43, 6), (43, 7), (43, 8), (43, 9), (43, 10)]
[RUSH] extend: path len=12, builder at (38,1)
[RUSH] extend[0]: (40,2)->(41,2) bld=None team=None connected=False
[RUSH] extend[0]: need to walk to (40,2) d²=5
  task=RUSH 0us OK -> (<Direction.EAST: 'east'>, PlaceRoad(pos=Position(x=39, y=1)))
  task=HEAL_CORE FAIL
[RUSH] --- rush eval at (38,2) en_core=(46,13) ---
[RUSH] step1: no flow tile in gunner range of core
[RUSH] step2: flow near core at (40,2) d²=157, extending to siege (43,10)
[RUSH] extend: from (40,2) toward core (46,13)
[RUSH] extend: siege target (43,10)
[RUSH] extend: path=[(40, 2), (41, 2), (42, 2), (43, 2), (43, 3), (43, 4), (43, 5), (43, 6), (43, 7), (43, 8), (43, 9), (43, 10)]
[RUSH] extend: path len=12, builder at (38,2)
[RUSH] extend[0]: (40,2)->(41,2) bld=None team=None connected=False
[RUSH] extend[0]: need to walk to (40,2) d²=4
  task=RUSH 0us OK -> (<Direction.SOUTHEAST: 'southeast'>, PlaceRoad(pos=Position(x=39, y=3)))
  task=HEAL_CORE FAIL
[RUSH] --- rush eval at (39,2) en_core=(46,13) ---
[RUSH] step1: no flow tile in gunner range of core
[RUSH] step2: flow near core at (40,2) d²=157, extending to siege (43,10)
[RUSH] extend: from (40,2) toward core (46,13)
[RUSH] extend: siege target (43,10)
[RUSH] extend: path=[(40, 2), (41, 2), (42, 2), (43, 2), (43, 3), (43, 4), (43, 5), (43, 6), (43, 7), (43, 8), (43, 9), (43, 10)]
[RUSH] extend: path len=12, builder at (39,2)
[RUSH] extend[0]: (40,2)->(41,2) bld=None team=None connected=False
[RUSH] extend[0]: building (40,2)->(41,2) action=PlaceConveyor(pos=Position(x=40, y=2), direction=<Direction.EAST: 'east'>) d²=1
  task=RUSH 0us OK -> (<Direction.CENTRE: 'centre'>, PlaceConveyor(pos=Position(x=40, y=2), direction=<Direction.EAST: 'east'>))
  task=HEAL_CORE FAIL
[RUSH] --- rush eval at (37,2) en_core=(46,13) ---
[RUSH] step1: no flow tile in gunner range of core
[RUSH] step2: flow near core at (41,2) d²=146, extending to siege (45,9)
[RUSH] extend: from (41,2) toward core (46,13)
[RUSH] extend: siege target (45,9)
[RUSH] extend: path=[(41, 2), (42, 2), (43, 2), (44, 2), (45, 2), (45, 3), (45, 4), (45, 5), (45, 6), (45, 7), (45, 8), (45, 9)]
[RUSH] extend: path len=12, builder at (37,2)
[RUSH] extend[0]: (41,2)->(42,2) bld=None team=None connected=False
[RUSH] extend[0]: need to walk to (41,2) d²=16
  task=RUSH 0us OK -> (<Direction.NORTHEAST: 'northeast'>, None)
  task=HEAL_CORE FAIL
[RUSH] --- rush eval at (36,2) en_core=(46,13) ---
[RUSH] step1: no flow tile in gunner range of core
[RUSH] step2: flow near core at (41,2) d²=146, extending to siege (45,9)
[RUSH] extend: from (41,2) toward core (46,13)
[RUSH] extend: siege target (45,9)
[RUSH] extend: path=[(41, 2), (42, 2), (43, 2), (44, 2), (45, 2), (45, 3), (45, 4), (45, 5), (45, 6), (45, 7), (45, 8), (45, 9)]
[RUSH] extend: path len=12, builder at (36,2)
[RUSH] extend[0]: (41,2)->(42,2) bld=None team=None connected=False
[RUSH] extend[0]: need to walk to (41,2) d²=25
  task=RUSH 0us OK -> (<Direction.EAST: 'east'>, None)
  task=HEAL_CORE FAIL
[RUSH] --- rush eval at (36,3) en_core=(46,13) ---
[RUSH] step1: no flow tile in gunner range of core
[RUSH] step2: flow near core at (41,2) d²=146, extending to siege (45,9)
[RUSH] extend: from (41,2) toward core (46,13)
[RUSH] extend: siege target (45,9)
[RUSH] extend: path=[(41, 2), (42, 2), (43, 2), (44, 2), (45, 2), (45, 3), (45, 4), (45, 5), (45, 6), (45, 7), (45, 8), (45, 9)]
[RUSH] extend: path len=12, builder at (36,3)
[RUSH] extend[0]: (41,2)->(42,2) bld=None team=None connected=False
[RUSH] extend[0]: need to walk to (41,2) d²=26
  task=RUSH 0us OK -> (<Direction.EAST: 'east'>, None)
  task=HEAL_CORE FAIL
[RUSH] --- rush eval at (39,1) en_core=(46,13) ---
[RUSH] step1: no flow tile in gunner range of core
[RUSH] step2: flow near core at (41,2) d²=146, extending to siege (45,9)
[RUSH] extend: from (41,2) toward core (46,13)
[RUSH] extend: siege target (45,9)
[RUSH] extend: path=[(41, 2), (42, 2), (43, 2), (44, 2), (45, 2), (45, 3), (45, 4), (45, 5), (45, 6), (45, 7), (45, 8), (45, 9)]
[RUSH] extend: path len=12, builder at (39,1)
[RUSH] extend[0]: (41,2)->(42,2) bld=None team=None connected=False
[RUSH] extend[0]: need to walk to (41,2) d²=5
  task=RUSH 0us OK -> (<Direction.SOUTHEAST: 'southeast'>, None)
  task=HEAL_CORE FAIL
[RUSH] --- rush eval at (39,3) en_core=(46,13) ---
[RUSH] step1: no flow tile in gunner range of core
[RUSH] step2: flow near core at (41,2) d²=146, extending to siege (45,9)
[RUSH] extend: from (41,2) toward core (46,13)
[RUSH] extend: siege target (45,9)
[RUSH] extend: path=[(41, 2), (42, 2), (43, 2), (44, 2), (45, 2), (45, 3), (45, 4), (45, 5), (45, 6), (45, 7), (45, 8), (45, 9)]
[RUSH] extend: path len=12, builder at (39,3)
[RUSH] extend[0]: (41,2)->(42,2) bld=None team=None connected=False
[RUSH] extend[0]: need to walk to (41,2) d²=5
  task=RUSH 0us OK -> (<Direction.EAST: 'east'>, PlaceRoad(pos=Position(x=40, y=3)))
  task=HEAL_CORE FAIL
[RUSH] --- rush eval at (39,2) en_core=(46,13) ---
[RUSH] step1: no flow tile in gunner range of core
[RUSH] step2: flow near core at (41,2) d²=146, extending to siege (45,9)
[RUSH] extend: from (41,2) toward core (46,13)
[RUSH] extend: siege target (45,9)
[RUSH] extend: path=[(41, 2), (42, 2), (43, 2), (44, 2), (45, 2), (45, 3), (45, 4), (45, 5), (45, 6), (45, 7), (45, 8), (45, 9)]
[RUSH] extend: path len=12, builder at (39,2)
[RUSH] extend[0]: (41,2)->(42,2) bld=None team=None connected=False
[RUSH] extend[0]: need to walk to (41,2) d²=4
  task=RUSH 0us OK -> (<Direction.NORTHEAST: 'northeast'>, PlaceRoad(pos=Position(x=40, y=1)))
  task=HEAL_CORE FAIL
[RUSH] --- rush eval at (38,1) en_core=(46,13) ---
[RUSH] step1: no flow tile in gunner range of core
[RUSH] step2: flow near core at (41,2) d²=146, extending to siege (45,9)
[RUSH] extend: from (41,2) toward core (46,13)
[RUSH] extend: siege target (45,9)
[RUSH] extend: path=[(41, 2), (42, 2), (43, 2), (44, 2), (45, 2), (45, 3), (45, 4), (45, 5), (45, 6), (45, 7), (45, 8), (45, 9)]
[RUSH] extend: path len=12, builder at (38,1)
[RUSH] extend[0]: (41,2)->(42,2) bld=None team=None connected=False
[RUSH] extend[0]: need to walk to (41,2) d²=10
  task=RUSH 0us OK -> (<Direction.EAST: 'east'>, None)
  task=HEAL_CORE FAIL
[RUSH] --- rush eval at (37,2) en_core=(46,13) ---
[RUSH] step1: no flow tile in gunner range of core
[RUSH] step2: flow near core at (41,2) d²=146, extending to siege (45,9)
[RUSH] extend: from (41,2) toward core (46,13)
[RUSH] extend: siege target (45,9)
[RUSH] extend: path=[(41, 2), (42, 2), (43, 2), (44, 2), (45, 2), (45, 3), (45, 4), (45, 5), (45, 6), (45, 7), (45, 8), (45, 9)]
[RUSH] extend: path len=12, builder at (37,2)
[RUSH] extend[0]: (41,2)->(42,2) bld=None team=None connected=False
[RUSH] extend[0]: need to walk to (41,2) d²=16
  task=RUSH 0us OK -> (<Direction.NORTHEAST: 'northeast'>, None)
  task=HEAL_CORE FAIL
[RUSH] --- rush eval at (37,3) en_core=(46,13) ---
[RUSH] step1: no flow tile in gunner range of core
[RUSH] step2: flow near core at (41,2) d²=146, extending to siege (45,9)
[RUSH] extend: from (41,2) toward core (46,13)
[RUSH] extend: siege target (45,9)
[RUSH] extend: path=[(41, 2), (42, 2), (43, 2), (44, 2), (45, 2), (45, 3), (45, 4), (45, 5), (45, 6), (45, 7), (45, 8), (45, 9)]
[RUSH] extend: path len=12, builder at (37,3)
[RUSH] extend[0]: (41,2)->(42,2) bld=None team=None connected=False
[RUSH] extend[0]: need to walk to (41,2) d²=17
  task=RUSH 0us OK -> (<Direction.NORTHEAST: 'northeast'>, None)
  task=HEAL_CORE FAIL
[RUSH] --- rush eval at (40,2) en_core=(46,13) ---
[RUSH] step1: no flow tile in gunner range of core
[RUSH] step2: flow near core at (41,2) d²=146, extending to siege (45,9)
[RUSH] extend: from (41,2) toward core (46,13)
[RUSH] extend: siege target (45,9)
[RUSH] extend: path=[(41, 2), (42, 2), (43, 2), (44, 2), (45, 2), (45, 3), (45, 4), (45, 5), (45, 6), (45, 7), (45, 8), (45, 9)]
[RUSH] extend: path len=12, builder at (40,2)
[RUSH] extend[0]: (41,2)->(42,2) bld=None team=None connected=False
[RUSH] extend[0]: building (41,2)->(42,2) action=PlaceConveyor(pos=Position(x=41, y=2), direction=<Direction.EAST: 'east'>) d²=1
  task=RUSH 0us OK -> (<Direction.CENTRE: 'centre'>, PlaceConveyor(pos=Position(x=41, y=2), direction=<Direction.EAST: 'east'>))
  task=HEAL_CORE FAIL
[RUSH] --- rush eval at (40,3) en_core=(46,13) ---
[RUSH] step1: no flow tile in gunner range of core
[RUSH] step2: flow near core at (42,2) d²=137, extending to siege (45,9)
[RUSH] extend: from (42,2) toward core (46,13)
[RUSH] extend: siege target (45,9)
[RUSH] extend: path=[(42, 2), (43, 2), (44, 2), (45, 2), (45, 3), (45, 4), (45, 5), (45, 6), (45, 7), (45, 8), (45, 9)]
[RUSH] extend: path len=11, builder at (40,3)
[RUSH] extend[0]: (42,2)->(43,2) bld=None team=None connected=False
[RUSH] extend[0]: need to walk to (42,2) d²=5
  task=RUSH 0us OK -> (<Direction.NORTHEAST: 'northeast'>, None)
  task=HEAL_CORE FAIL
[RUSH] --- rush eval at (40,1) en_core=(46,13) ---
[RUSH] step1: no flow tile in gunner range of core
[RUSH] step2: flow near core at (42,2) d²=137, extending to siege (45,9)
[RUSH] extend: from (42,2) toward core (46,13)
[RUSH] extend: siege target (45,9)
[RUSH] extend: path=[(42, 2), (43, 2), (44, 2), (45, 2), (45, 3), (45, 4), (45, 5), (45, 6), (45, 7), (45, 8), (45, 9)]
[RUSH] extend: path len=11, builder at (40,1)
[RUSH] extend[0]: (42,2)->(43,2) bld=None team=None connected=False
[RUSH] extend[0]: need to walk to (42,2) d²=5
  task=RUSH 0us OK -> (<Direction.EAST: 'east'>, PlaceRoad(pos=Position(x=41, y=1)))
  task=HEAL_CORE FAIL
[RUSH] --- rush eval at (39,1) en_core=(46,13) ---
[RUSH] step1: no flow tile in gunner range of core
[RUSH] step2: flow near core at (42,2) d²=137, extending to siege (45,9)
[RUSH] extend: from (42,2) toward core (46,13)
[RUSH] extend: siege target (45,9)
[RUSH] extend: path=[(42, 2), (43, 2), (44, 2), (45, 2), (45, 3), (45, 4), (45, 5), (45, 6), (45, 7), (45, 8), (45, 9)]
[RUSH] extend: path len=11, builder at (39,1)
[RUSH] extend[0]: (42,2)->(43,2) bld=None team=None connected=False
[RUSH] extend[0]: need to walk to (42,2) d²=10
  task=RUSH 0us OK -> (<Direction.SOUTH: 'south'>, None)
  task=HEAL_CORE FAIL
[RUSH] --- rush eval at (38,1) en_core=(46,13) ---
[RUSH] step1: no flow tile in gunner range of core
[RUSH] step2: flow near core at (42,2) d²=137, extending to siege (45,9)
[RUSH] extend: from (42,2) toward core (46,13)
[RUSH] extend: siege target (45,9)
[RUSH] extend: path=[(42, 2), (43, 2), (44, 2), (45, 2), (45, 3), (45, 4), (45, 5), (45, 6), (45, 7), (45, 8), (45, 9)]
[RUSH] extend: path len=11, builder at (38,1)
[RUSH] extend[0]: (42,2)->(43,2) bld=None team=None connected=False
[RUSH] extend[0]: need to walk to (42,2) d²=17
  task=RUSH 0us OK -> (<Direction.SOUTHWEST: 'southwest'>, None)
  task=HEAL_CORE FAIL
[RUSH] --- rush eval at (38,2) en_core=(46,13) ---
[RUSH] step1: no flow tile in gunner range of core
[RUSH] step2: flow near core at (42,2) d²=137, extending to siege (45,9)
[RUSH] extend: from (42,2) toward core (46,13)
[RUSH] extend: siege target (45,9)
[RUSH] extend: path=[(42, 2), (43, 2), (44, 2), (45, 2), (45, 3), (45, 4), (45, 5), (45, 6), (45, 7), (45, 8), (45, 9)]
[RUSH] extend: path len=11, builder at (38,2)
[RUSH] extend[0]: (42,2)->(43,2) bld=None team=None connected=False
[RUSH] extend[0]: need to walk to (42,2) d²=16
  task=RUSH 0us OK -> (<Direction.SOUTHEAST: 'southeast'>, None)
  task=HEAL_CORE FAIL
[RUSH] --- rush eval at (40,2) en_core=(46,13) ---
[RUSH] step1: no flow tile in gunner range of core
[RUSH] step2: flow near core at (42,2) d²=137, extending to siege (45,9)
[RUSH] extend: from (42,2) toward core (46,13)
[RUSH] extend: siege target (45,9)
[RUSH] extend: path=[(42, 2), (43, 2), (44, 2), (45, 2), (45, 3), (45, 4), (45, 5), (45, 6), (45, 7), (45, 8), (45, 9)]
[RUSH] extend: path len=11, builder at (40,2)
[RUSH] extend[0]: (42,2)->(43,2) bld=None team=None connected=False
[RUSH] extend[0]: need to walk to (42,2) d²=4
  task=RUSH 0us OK -> (<Direction.SOUTHEAST: 'southeast'>, PlaceRoad(pos=Position(x=41, y=3)))
  task=HEAL_CORE FAIL
[RUSH] --- rush eval at (41,2) en_core=(46,13) ---
[RUSH] step1: no flow tile in gunner range of core
[RUSH] step2: flow near core at (42,2) d²=137, extending to siege (45,9)
[RUSH] extend: from (42,2) toward core (46,13)
[RUSH] extend: siege target (45,9)
[RUSH] extend: path=[(42, 2), (43, 2), (44, 2), (45, 2), (45, 3), (45, 4), (45, 5), (45, 6), (45, 7), (45, 8), (45, 9)]
[RUSH] extend: path len=11, builder at (41,2)
[RUSH] extend[0]: (42,2)->(43,2) bld=None team=None connected=False
[RUSH] extend[0]: building (42,2)->(43,2) action=PlaceConveyor(pos=Position(x=42, y=2), direction=<Direction.EAST: 'east'>) d²=1
  task=RUSH 0us OK -> (<Direction.CENTRE: 'centre'>, PlaceConveyor(pos=Position(x=42, y=2), direction=<Direction.EAST: 'east'>))
  task=HEAL_CORE FAIL
[RUSH] --- rush eval at (41,1) en_core=(46,13) ---
[RUSH] step1: no flow tile in gunner range of core
[RUSH] step2: flow near core at (43,2) d²=130, extending to siege (45,9)
[RUSH] extend: from (43,2) toward core (46,13)
[RUSH] extend: siege target (45,9)
[RUSH] extend: path=[(43, 2), (44, 2), (45, 2), (45, 3), (45, 4), (45, 5), (45, 6), (45, 7), (45, 8), (45, 9)]
[RUSH] extend: path len=10, builder at (41,1)
[RUSH] extend[0]: (43,2)->(44,2) bld=None team=None connected=False
[RUSH] extend[0]: need to walk to (43,2) d²=5
  task=RUSH 0us OK -> (<Direction.SOUTHEAST: 'southeast'>, None)
  task=HEAL_CORE FAIL
[RUSH] --- rush eval at (39,2) en_core=(46,13) ---
[RUSH] step1: no flow tile in gunner range of core
[RUSH] step2: flow near core at (43,2) d²=130, extending to siege (45,9)
[RUSH] extend: from (43,2) toward core (46,13)
[RUSH] extend: siege target (45,9)
[RUSH] extend: path=[(43, 2), (44, 2), (45, 2), (45, 3), (45, 4), (45, 5), (45, 6), (45, 7), (45, 8), (45, 9)]
[RUSH] extend: path len=10, builder at (39,2)
[RUSH] extend[0]: (43,2)->(44,2) bld=None team=None connected=False
[RUSH] extend[0]: need to walk to (43,2) d²=16
  task=RUSH 0us OK -> (<Direction.NORTHEAST: 'northeast'>, None)
  task=HEAL_CORE FAIL
[RUSH] --- rush eval at (37,2) en_core=(46,13) ---
[RUSH] step1: no flow tile in gunner range of core
[RUSH] step2: flow near core at (42,2) d²=137, extending to siege (45,9)
[RUSH] extend: from (42,2) toward core (46,13)
[RUSH] extend: siege target (45,9)
[RUSH] extend: path=[(42, 2), (43, 2), (44, 2), (45, 2), (45, 3), (45, 4), (45, 5), (45, 6), (45, 7), (45, 8), (45, 9)]
[RUSH] extend: path len=11, builder at (37,2)
[RUSH] extend[0]: (42,2)->(43,2) bld=None team=None connected=False
[RUSH] extend[0]: need to walk to (42,2) d²=25
  task=RUSH 0us OK -> (<Direction.NORTHEAST: 'northeast'>, None)
  task=HEAL_CORE FAIL
[RUSH] --- rush eval at (39,3) en_core=(46,13) ---
[RUSH] step1: no flow tile in gunner range of core
[RUSH] step2: flow near core at (43,2) d²=130, extending to siege (45,9)
[RUSH] extend: from (43,2) toward core (46,13)
[RUSH] extend: siege target (45,9)
[RUSH] extend: path=[(43, 2), (44, 2), (45, 2), (45, 3), (45, 4), (45, 5), (45, 6), (45, 7), (45, 8), (45, 9)]
[RUSH] extend: path len=10, builder at (39,3)
[RUSH] extend[0]: (43,2)->(44,2) bld=None team=None connected=False
[RUSH] extend[0]: need to walk to (43,2) d²=17
  task=RUSH 0us OK -> (<Direction.NORTHEAST: 'northeast'>, None)
  task=HEAL_CORE FAIL
[RUSH] --- rush eval at (41,3) en_core=(46,13) ---
[RUSH] step1: no flow tile in gunner range of core
[RUSH] step2: flow near core at (43,2) d²=130, extending to siege (45,9)
[RUSH] extend: from (43,2) toward core (46,13)
[RUSH] extend: siege target (45,9)
[RUSH] extend: path=[(43, 2), (44, 2), (45, 2), (45, 3), (45, 4), (45, 5), (45, 6), (45, 7), (45, 8), (45, 9)]
[RUSH] extend: path len=10, builder at (41,3)
[RUSH] extend[0]: (43,2)->(44,2) bld=None team=None connected=False
[RUSH] extend[0]: need to walk to (43,2) d²=5
  task=RUSH 0us OK -> (<Direction.EAST: 'east'>, PlaceRoad(pos=Position(x=42, y=3)))
  task=HEAL_CORE FAIL
[RUSH] --- rush eval at (41,2) en_core=(46,13) ---
[RUSH] step1: no flow tile in gunner range of core
[RUSH] step2: flow near core at (43,2) d²=130, extending to siege (45,9)
[RUSH] extend: from (43,2) toward core (46,13)
[RUSH] extend: siege target (45,9)
[RUSH] extend: path=[(43, 2), (44, 2), (45, 2), (45, 3), (45, 4), (45, 5), (45, 6), (45, 7), (45, 8), (45, 9)]
[RUSH] extend: path len=10, builder at (41,2)
[RUSH] extend[0]: (43,2)->(44,2) bld=None team=None connected=False
[RUSH] extend[0]: need to walk to (43,2) d²=4
  task=RUSH 0us OK -> (<Direction.NORTHEAST: 'northeast'>, PlaceRoad(pos=Position(x=42, y=1)))
  task=HEAL_CORE FAIL
[RUSH] --- rush eval at (42,2) en_core=(46,13) ---
[RUSH] step1: no flow tile in gunner range of core
[RUSH] step2: flow near core at (43,2) d²=130, extending to siege (45,9)
[RUSH] extend: from (43,2) toward core (46,13)
[RUSH] extend: siege target (45,9)
[RUSH] extend: path=[(43, 2), (44, 2), (45, 2), (45, 3), (45, 4), (45, 5), (45, 6), (45, 7), (45, 8), (45, 9)]
[RUSH] extend: path len=10, builder at (42,2)
[RUSH] extend[0]: (43,2)->(44,2) bld=None team=None connected=False
[RUSH] extend[0]: building (43,2)->(44,2) action=PlaceConveyor(pos=Position(x=43, y=2), direction=<Direction.EAST: 'east'>) d²=1
  task=RUSH 0us OK -> (<Direction.CENTRE: 'centre'>, PlaceConveyor(pos=Position(x=43, y=2), direction=<Direction.EAST: 'east'>))
  task=HEAL_CORE FAIL
[RUSH] --- rush eval at (40,1) en_core=(46,13) ---
[RUSH] step1: no flow tile in gunner range of core
[RUSH] step2: flow near core at (44,2) d²=125, extending to siege (45,9)
[RUSH] extend: from (44,2) toward core (46,13)
[RUSH] extend: siege target (45,9)
[RUSH] extend: path=[(44, 2), (45, 2), (45, 3), (45, 4), (45, 5), (45, 6), (45, 7), (45, 8), (45, 9)]
[RUSH] extend: path len=9, builder at (40,1)
[RUSH] extend[0]: (44,2)->(45,2) bld=None team=None connected=False
[RUSH] extend[0]: need to walk to (44,2) d²=17
  task=RUSH 0us OK -> (<Direction.EAST: 'east'>, None)
  task=HEAL_CORE FAIL
[RUSH] --- rush eval at (38,1) en_core=(46,13) ---
[RUSH] step1: no flow tile in gunner range of core
[RUSH] step2: flow near core at (43,2) d²=130, extending to siege (45,9)
[RUSH] extend: from (43,2) toward core (46,13)
[RUSH] extend: siege target (45,9)
[RUSH] extend: path=[(43, 2), (44, 2), (45, 2), (45, 3), (45, 4), (45, 5), (45, 6), (45, 7), (45, 8), (45, 9)]
[RUSH] extend: path len=10, builder at (38,1)
[RUSH] extend[0]: (43,2)->(44,2) bld=None team=None connected=False
[RUSH] extend[0]: need to walk to (43,2) d²=26
  task=RUSH 0us OK -> (<Direction.SOUTHEAST: 'southeast'>, None)
  task=HEAL_CORE FAIL
[RUSH] --- rush eval at (40,2) en_core=(46,13) ---
[RUSH] step1: no flow tile in gunner range of core
[RUSH] step2: flow near core at (44,2) d²=125, extending to siege (45,9)
[RUSH] extend: from (44,2) toward core (46,13)
[RUSH] extend: siege target (45,9)
[RUSH] extend: path=[(44, 2), (45, 2), (45, 3), (45, 4), (45, 5), (45, 6), (45, 7), (45, 8), (45, 9)]
[RUSH] extend: path len=9, builder at (40,2)
[RUSH] extend[0]: (44,2)->(45,2) bld=None team=None connected=False
[RUSH] extend[0]: need to walk to (44,2) d²=16
  task=RUSH 0us OK -> (<Direction.SOUTHEAST: 'southeast'>, None)
  task=HEAL_CORE FAIL
[RUSH] --- rush eval at (42,3) en_core=(46,13) ---
[RUSH] step1: no flow tile in gunner range of core
[RUSH] step2: flow near core at (44,2) d²=125, extending to siege (45,9)
[RUSH] extend: from (44,2) toward core (46,13)
[RUSH] extend: siege target (45,9)
[RUSH] extend: path=[(44, 2), (45, 2), (45, 3), (45, 4), (45, 5), (45, 6), (45, 7), (45, 8), (45, 9)]
[RUSH] extend: path len=9, builder at (42,3)
[RUSH] extend[0]: (44,2)->(45,2) bld=None team=None connected=False
[RUSH] extend[0]: need to walk to (44,2) d²=5
  task=RUSH 0us OK -> (<Direction.NORTHEAST: 'northeast'>, None)
  task=HEAL_CORE FAIL
[RUSH] --- rush eval at (42,1) en_core=(46,13) ---
[RUSH] step1: no flow tile in gunner range of core
[RUSH] step2: flow near core at (44,2) d²=125, extending to siege (45,9)
[RUSH] extend: from (44,2) toward core (46,13)
[RUSH] extend: siege target (45,9)
[RUSH] extend: path=[(44, 2), (45, 2), (45, 3), (45, 4), (45, 5), (45, 6), (45, 7), (45, 8), (45, 9)]
[RUSH] extend: path len=9, builder at (42,1)
[RUSH] extend[0]: (44,2)->(45,2) bld=None team=None connected=False
[RUSH] extend[0]: need to walk to (44,2) d²=5
  task=RUSH 0us OK -> (<Direction.EAST: 'east'>, PlaceRoad(pos=Position(x=43, y=1)))
  task=HEAL_CORE FAIL
[RUSH] --- rush eval at (42,2) en_core=(46,13) ---
[RUSH] step1: no flow tile in gunner range of core
[RUSH] step2: flow near core at (44,2) d²=125, extending to siege (45,9)
[RUSH] extend: from (44,2) toward core (46,13)
[RUSH] extend: siege target (45,9)
[RUSH] extend: path=[(44, 2), (45, 2), (45, 3), (45, 4), (45, 5), (45, 6), (45, 7), (45, 8), (45, 9)]
[RUSH] extend: path len=9, builder at (42,2)
[RUSH] extend[0]: (44,2)->(45,2) bld=None team=None connected=False
[RUSH] extend[0]: need to walk to (44,2) d²=4
  task=RUSH 0us OK -> (<Direction.SOUTHEAST: 'southeast'>, PlaceRoad(pos=Position(x=43, y=3)))
  task=HEAL_CORE FAIL
[RUSH] --- rush eval at (41,1) en_core=(46,13) ---
[RUSH] step1: no flow tile in gunner range of core
[RUSH] step2: flow near core at (44,2) d²=125, extending to siege (45,9)
[RUSH] extend: from (44,2) toward core (46,13)
[RUSH] extend: siege target (45,9)
[RUSH] extend: path=[(44, 2), (45, 2), (45, 3), (45, 4), (45, 5), (45, 6), (45, 7), (45, 8), (45, 9)]
[RUSH] extend: path len=9, builder at (41,1)
[RUSH] extend[0]: (44,2)->(45,2) bld=None team=None connected=False
[RUSH] extend[0]: need to walk to (44,2) d²=10
  task=RUSH 0us OK -> (<Direction.EAST: 'east'>, None)
  task=HEAL_CORE FAIL
[RUSH] --- rush eval at (39,2) en_core=(46,13) ---
[RUSH] step1: no flow tile in gunner range of core
[RUSH] step2: flow near core at (44,2) d²=125, extending to siege (45,9)
[RUSH] extend: from (44,2) toward core (46,13)
[RUSH] extend: siege target (45,9)
[RUSH] extend: path=[(44, 2), (45, 2), (45, 3), (45, 4), (45, 5), (45, 6), (45, 7), (45, 8), (45, 9)]
[RUSH] extend: path len=9, builder at (39,2)
[RUSH] extend[0]: (44,2)->(45,2) bld=None team=None connected=False
[RUSH] extend[0]: need to walk to (44,2) d²=25
  task=RUSH 0us OK -> (<Direction.NORTHEAST: 'northeast'>, None)
  task=HEAL_CORE FAIL
[RUSH] --- rush eval at (41,3) en_core=(46,13) ---
[RUSH] step1: no flow tile in gunner range of core
[RUSH] step2: flow near core at (44,2) d²=125, extending to siege (45,9)
[RUSH] extend: from (44,2) toward core (46,13)
[RUSH] extend: siege target (45,9)
[RUSH] extend: path=[(44, 2), (45, 2), (45, 3), (45, 4), (45, 5), (45, 6), (45, 7), (45, 8), (45, 9)]
[RUSH] extend: path len=9, builder at (41,3)
[RUSH] extend[0]: (44,2)->(45,2) bld=None team=None connected=False
[RUSH] extend[0]: need to walk to (44,2) d²=10
  task=RUSH 0us OK -> (<Direction.EAST: 'east'>, None)
  task=HEAL_CORE FAIL
[RUSH] --- rush eval at (43,2) en_core=(46,13) ---
[RUSH] step1: no flow tile in gunner range of core
[RUSH] step2: flow near core at (44,2) d²=125, extending to siege (45,9)
[RUSH] extend: from (44,2) toward core (46,13)
[RUSH] extend: siege target (45,9)
[RUSH] extend: path=[(44, 2), (45, 2), (45, 3), (45, 4), (45, 5), (45, 6), (45, 7), (45, 8), (45, 9)]
[RUSH] extend: path len=9, builder at (43,2)
[RUSH] extend[0]: (44,2)->(45,2) bld=None team=None connected=False
[RUSH] extend[0]: building (44,2)->(45,2) action=PlaceConveyor(pos=Position(x=44, y=2), direction=<Direction.EAST: 'east'>) d²=1
  task=RUSH 0us OK -> (<Direction.CENTRE: 'centre'>, PlaceConveyor(pos=Position(x=44, y=2), direction=<Direction.EAST: 'east'>))
  task=HEAL_CORE FAIL
[RUSH] --- rush eval at (43,1) en_core=(46,13) ---
[RUSH] step1: no flow tile in gunner range of core
[RUSH] step2: flow near core at (45,2) d²=122, extending to siege (45,9)
[RUSH] extend: from (45,2) toward core (46,13)
[RUSH] extend: siege target (45,9)
[RUSH] extend: path=[(45, 2), (45, 3), (45, 4), (45, 5), (45, 6), (45, 7), (45, 8), (45, 9)]
[RUSH] extend: path len=8, builder at (43,1)
[RUSH] extend[0]: (45,2)->(45,3) bld=None team=None connected=False
[RUSH] extend[0]: need to walk to (45,2) d²=5
  task=RUSH 0us OK -> (<Direction.SOUTHEAST: 'southeast'>, None)
  task=HEAL_CORE FAIL
[RUSH] --- rush eval at (43,3) en_core=(46,13) ---
[RUSH] step1: no flow tile in gunner range of core
[RUSH] step2: flow near core at (45,2) d²=122, extending to siege (45,9)
[RUSH] extend: from (45,2) toward core (46,13)
[RUSH] extend: siege target (45,9)
[RUSH] extend: path=[(45, 2), (45, 3), (45, 4), (45, 5), (45, 6), (45, 7), (45, 8), (45, 9)]
[RUSH] extend: path len=8, builder at (43,3)
[RUSH] extend[0]: (45,2)->(45,3) bld=None team=None connected=False
[RUSH] extend[0]: need to walk to (45,2) d²=5
  task=RUSH 0us OK -> (<Direction.EAST: 'east'>, PlaceRoad(pos=Position(x=44, y=3)))
  task=HEAL_CORE FAIL
[RUSH] --- rush eval at (42,1) en_core=(46,13) ---
[RUSH] step1: no flow tile in gunner range of core
[RUSH] step2: flow near core at (45,2) d²=122, extending to siege (45,9)
[RUSH] extend: from (45,2) toward core (46,13)
[RUSH] extend: siege target (45,9)
[RUSH] extend: path=[(45, 2), (45, 3), (45, 4), (45, 5), (45, 6), (45, 7), (45, 8), (45, 9)]
[RUSH] extend: path len=8, builder at (42,1)
[RUSH] extend[0]: (45,2)->(45,3) bld=None team=None connected=False
[RUSH] extend[0]: need to walk to (45,2) d²=10
  task=RUSH 0us OK -> (<Direction.EAST: 'east'>, None)
  task=HEAL_CORE FAIL
[RUSH] --- rush eval at (40,1) en_core=(46,13) ---
[RUSH] step1: no flow tile in gunner range of core
[RUSH] step2: flow near core at (45,2) d²=122, extending to siege (45,9)
[RUSH] extend: from (45,2) toward core (46,13)
[RUSH] extend: siege target (45,9)
[RUSH] extend: path=[(45, 2), (45, 3), (45, 4), (45, 5), (45, 6), (45, 7), (45, 8), (45, 9)]
[RUSH] extend: path len=8, builder at (40,1)
[RUSH] extend[0]: (45,2)->(45,3) bld=None team=None connected=False
[RUSH] extend[0]: need to walk to (45,2) d²=26
  task=RUSH 0us OK -> (<Direction.EAST: 'east'>, None)
  task=HEAL_CORE FAIL
[RUSH] --- rush eval at (42,3) en_core=(46,13) ---
[RUSH] step1: no flow tile in gunner range of core
[RUSH] step2: flow near core at (45,2) d²=122, extending to siege (45,9)
[RUSH] extend: from (45,2) toward core (46,13)
[RUSH] extend: siege target (45,9)
[RUSH] extend: path=[(45, 2), (45, 3), (45, 4), (45, 5), (45, 6), (45, 7), (45, 8), (45, 9)]
[RUSH] extend: path len=8, builder at (42,3)
[RUSH] extend[0]: (45,2)->(45,3) bld=None team=None connected=False
[RUSH] extend[0]: need to walk to (45,2) d²=10
  task=RUSH 0us OK -> (<Direction.EAST: 'east'>, None)
  task=HEAL_CORE FAIL
[RUSH] --- rush eval at (43,2) en_core=(46,13) ---
[RUSH] step1: no flow tile in gunner range of core
[RUSH] step2: flow near core at (45,2) d²=122, extending to siege (45,9)
[RUSH] extend: from (45,2) toward core (46,13)
[RUSH] extend: siege target (45,9)
[RUSH] extend: path=[(45, 2), (45, 3), (45, 4), (45, 5), (45, 6), (45, 7), (45, 8), (45, 9)]
[RUSH] extend: path len=8, builder at (43,2)
[RUSH] extend[0]: (45,2)->(45,3) bld=None team=None connected=False
[RUSH] extend[0]: need to walk to (45,2) d²=4
  task=RUSH 0us OK -> (<Direction.NORTHEAST: 'northeast'>, PlaceRoad(pos=Position(x=44, y=1)))
  task=HEAL_CORE FAIL
[RUSH] --- rush eval at (44,2) en_core=(46,13) ---
[RUSH] step1: no flow tile in gunner range of core
[RUSH] step2: flow near core at (45,2) d²=122, extending to siege (45,9)
[RUSH] extend: from (45,2) toward core (46,13)
[RUSH] extend: siege target (45,9)
[RUSH] extend: path=[(45, 2), (45, 3), (45, 4), (45, 5), (45, 6), (45, 7), (45, 8), (45, 9)]
[RUSH] extend: path len=8, builder at (44,2)
[RUSH] extend[0]: (45,2)->(45,3) bld=None team=None connected=False
[RUSH] extend[0]: building (45,2)->(45,3) action=PlaceConveyor(pos=Position(x=45, y=2), direction=<Direction.SOUTH: 'south'>) d²=1
  task=RUSH 0us OK -> (<Direction.CENTRE: 'centre'>, PlaceConveyor(pos=Position(x=45, y=2), direction=<Direction.SOUTH: 'south'>))
  task=HEAL_CORE FAIL
[RUSH] --- rush eval at (44,3) en_core=(46,13) ---
[RUSH] step1: no flow tile in gunner range of core
[RUSH] step2: flow near core at (45,3) d²=101, extending to siege (45,9)
[RUSH] extend: from (45,3) toward core (46,13)
[RUSH] extend: siege target (45,9)
[RUSH] extend: path=[(45, 3), (45, 4), (45, 5), (45, 6), (45, 7), (45, 8), (45, 9)]
[RUSH] extend: path len=7, builder at (44,3)
[RUSH] extend[0]: (45,3)->(45,4) bld=None team=None connected=False
[RUSH] extend[0]: building (45,3)->(45,4) action=PlaceConveyor(pos=Position(x=45, y=3), direction=<Direction.SOUTH: 'south'>) d²=1
  task=RUSH 0us OK -> (<Direction.CENTRE: 'centre'>, PlaceConveyor(pos=Position(x=45, y=3), direction=<Direction.SOUTH: 'south'>))
  task=HEAL_CORE FAIL
[RUSH] --- rush eval at (43,1) en_core=(46,13) ---
[RUSH] step1: no flow tile in gunner range of core
[RUSH] step2: flow near core at (45,4) d²=82, extending to siege (45,9)
[RUSH] extend: from (45,4) toward core (46,13)
[RUSH] extend: siege target (45,9)
[RUSH] extend: path=[(45, 4), (45, 5), (45, 6), (45, 7), (45, 8), (45, 9)]
[RUSH] extend: path len=6, builder at (43,1)
[RUSH] extend[0]: (45,4)->(45,5) bld=None team=None connected=False
[RUSH] extend[0]: need to walk to (45,4) d²=13
  task=RUSH 0us OK -> (<Direction.SOUTH: 'south'>, None)
  task=HEAL_CORE FAIL
[RUSH] --- rush eval at (41,1) en_core=(46,13) ---
[RUSH] step1: no flow tile in gunner range of core
[RUSH] step2: flow near core at (45,4) d²=82, extending to siege (45,9)
[RUSH] extend: from (45,4) toward core (46,13)
[RUSH] extend: siege target (45,9)
[RUSH] extend: path=[(45, 4), (45, 5), (45, 6), (45, 7), (45, 8), (45, 9)]
[RUSH] extend: path len=6, builder at (41,1)
[RUSH] extend[0]: (45,4)->(45,5) bld=None team=None connected=False
[RUSH] extend[0]: need to walk to (45,4) d²=25
  task=RUSH 0us OK -> (<Direction.SOUTHEAST: 'southeast'>, None)
  task=HEAL_CORE FAIL
[RUSH] --- rush eval at (43,3) en_core=(46,13) ---
[RUSH] step1: no flow tile in gunner range of core
[RUSH] step2: flow near core at (45,4) d²=82, extending to siege (45,9)
[RUSH] extend: from (45,4) toward core (46,13)
[RUSH] extend: siege target (45,9)
[RUSH] extend: path=[(45, 4), (45, 5), (45, 6), (45, 7), (45, 8), (45, 9)]
[RUSH] extend: path len=6, builder at (43,3)
[RUSH] extend[0]: (45,4)->(45,5) bld=None team=None connected=False
[RUSH] extend[0]: need to walk to (45,4) d²=5
  task=RUSH 0us OK -> (<Direction.SOUTHEAST: 'southeast'>, PlaceRoad(pos=Position(x=44, y=4)))
  task=HEAL_CORE FAIL
[RUSH] --- rush eval at (44,1) en_core=(46,13) ---
[RUSH] step1: no flow tile in gunner range of core
[RUSH] step2: flow near core at (45,4) d²=82, extending to siege (45,9)
[RUSH] extend: from (45,4) toward core (46,13)
[RUSH] extend: siege target (45,9)
[RUSH] extend: path=[(45, 4), (45, 5), (45, 6), (45, 7), (45, 8), (45, 9)]
[RUSH] extend: path len=6, builder at (44,1)
[RUSH] extend[0]: (45,4)->(45,5) bld=None team=None connected=False
[RUSH] extend[0]: need to walk to (45,4) d²=10
  task=RUSH 0us OK -> (<Direction.SOUTHEAST: 'southeast'>, None)
  task=HEAL_CORE FAIL
[RUSH] --- rush eval at (44,2) en_core=(46,13) ---
[RUSH] step1: no flow tile in gunner range of core
[RUSH] step2: flow near core at (45,4) d²=82, extending to siege (45,9)
[RUSH] extend: from (45,4) toward core (46,13)
[RUSH] extend: siege target (45,9)
[RUSH] extend: path=[(45, 4), (45, 5), (45, 6), (45, 7), (45, 8), (45, 9)]
[RUSH] extend: path len=6, builder at (44,2)
[RUSH] extend[0]: (45,4)->(45,5) bld=None team=None connected=False
[RUSH] extend[0]: need to walk to (45,4) d²=5
  task=RUSH 0us OK -> (<Direction.SOUTHEAST: 'southeast'>, None)
  task=HEAL_CORE FAIL
[RUSH] --- rush eval at (44,3) en_core=(46,13) ---
[RUSH] step1: no flow tile in gunner range of core
[RUSH] step2: flow near core at (45,4) d²=82, extending to siege (45,9)
[RUSH] extend: from (45,4) toward core (46,13)
[RUSH] extend: siege target (45,9)
[RUSH] extend: path=[(45, 4), (45, 5), (45, 6), (45, 7), (45, 8), (45, 9)]
[RUSH] extend: path len=6, builder at (44,3)
[RUSH] extend[0]: (45,4)->(45,5) bld=None team=None connected=False
[RUSH] extend[0]: building (45,4)->(45,5) action=PlaceConveyor(pos=Position(x=45, y=4), direction=<Direction.SOUTH: 'south'>) d²=2
  task=RUSH 0us OK -> (<Direction.CENTRE: 'centre'>, PlaceConveyor(pos=Position(x=45, y=4), direction=<Direction.SOUTH: 'south'>))
  task=HEAL_CORE FAIL
[RUSH] --- rush eval at (43,2) en_core=(46,13) ---
[RUSH] step1: no flow tile in gunner range of core
[RUSH] step2: flow near core at (45,5) d²=65, extending to siege (45,9)
[RUSH] extend: from (45,5) toward core (46,13)
[RUSH] extend: siege target (45,9)
[RUSH] extend: path=[(45, 5), (45, 6), (45, 7), (45, 8), (45, 9)]
[RUSH] extend: path len=5, builder at (43,2)
[RUSH] extend[0]: (45,5)->(45,6) bld=None team=None connected=False
[RUSH] extend[0]: need to walk to (45,5) d²=13
  task=RUSH 0us OK -> (<Direction.SOUTH: 'south'>, None)
  task=HEAL_CORE FAIL
[RUSH] --- rush eval at (42,2) en_core=(46,13) ---
[RUSH] step1: no flow tile in gunner range of core
[RUSH] step2: flow near core at (45,5) d²=65, extending to siege (45,9)
[RUSH] extend: from (45,5) toward core (46,13)
[RUSH] extend: siege target (45,9)
[RUSH] extend: path=[(45, 5), (45, 6), (45, 7), (45, 8), (45, 9)]
[RUSH] extend: path len=5, builder at (42,2)
[RUSH] extend[0]: (45,5)->(45,6) bld=None team=None connected=False
[RUSH] extend[0]: need to walk to (45,5) d²=18
  task=RUSH 0us OK -> (<Direction.SOUTH: 'south'>, None)
  task=HEAL_CORE FAIL
[RUSH] --- rush eval at (44,4) en_core=(46,13) ---
[RUSH] step1: no flow tile in gunner range of core
[RUSH] step2: flow near core at (45,5) d²=65, extending to siege (45,9)
[RUSH] extend: from (45,5) toward core (46,13)
[RUSH] extend: siege target (45,9)
[RUSH] extend: path=[(45, 5), (45, 6), (45, 7), (45, 8), (45, 9)]
[RUSH] extend: path len=5, builder at (44,4)
[RUSH] extend[0]: (45,5)->(45,6) bld=None team=None connected=False
[RUSH] extend[0]: building (45,5)->(45,6) action=PlaceConveyor(pos=Position(x=45, y=5), direction=<Direction.SOUTH: 'south'>) d²=2
  task=RUSH 0us OK -> (<Direction.CENTRE: 'centre'>, PlaceConveyor(pos=Position(x=45, y=5), direction=<Direction.SOUTH: 'south'>))
  task=HEAL_CORE FAIL
[RUSH] --- rush eval at (45,2) en_core=(46,13) ---
[RUSH] step1: no flow tile in gunner range of core
[RUSH] step2: flow near core at (45,6) d²=50, extending to siege (45,9)
[RUSH] extend: from (45,6) toward core (46,13)
[RUSH] extend: siege target (45,9)
[RUSH] extend: path=[(45, 6), (45, 7), (45, 8), (45, 9)]
[RUSH] extend: path len=4, builder at (45,2)
[RUSH] extend[0]: (45,6)->(45,7) bld=None team=None connected=False
[RUSH] extend[0]: need to walk to (45,6) d²=16
  task=RUSH 0us OK -> (<Direction.SOUTHEAST: 'southeast'>, PlaceRoad(pos=Position(x=46, y=3)))
  task=HEAL_CORE FAIL
[RUSH] --- rush eval at (45,3) en_core=(46,13) ---
[RUSH] step1: no flow tile in gunner range of core
[RUSH] step2: flow near core at (45,6) d²=50, extending to siege (45,9)
[RUSH] extend: from (45,6) toward core (46,13)
[RUSH] extend: siege target (45,9)
[RUSH] extend: path=[(45, 6), (45, 7), (45, 8), (45, 9)]
[RUSH] extend: path len=4, builder at (45,3)
[RUSH] extend[0]: (45,6)->(45,7) bld=None team=None connected=False
[RUSH] extend[0]: need to walk to (45,6) d²=9
  task=RUSH 0us OK -> (<Direction.SOUTH: 'south'>, None)
  task=HEAL_CORE FAIL
[RUSH] --- rush eval at (44,3) en_core=(46,13) ---
[RUSH] step1: no flow tile in gunner range of core
[RUSH] step2: flow near core at (45,6) d²=50, extending to siege (45,9)
[RUSH] extend: from (45,6) toward core (46,13)
[RUSH] extend: siege target (45,9)
[RUSH] extend: path=[(45, 6), (45, 7), (45, 8), (45, 9)]
[RUSH] extend: path len=4, builder at (44,3)
[RUSH] extend[0]: (45,6)->(45,7) bld=None team=None connected=False
[RUSH] extend[0]: need to walk to (45,6) d²=10
  task=RUSH 0us OK -> (<Direction.EAST: 'east'>, None)
  task=HEAL_CORE FAIL
[RUSH] --- rush eval at (43,3) en_core=(46,13) ---
[RUSH] step1: no flow tile in gunner range of core
[RUSH] step2: flow near core at (45,6) d²=50, extending to siege (45,9)
[RUSH] extend: from (45,6) toward core (46,13)
[RUSH] extend: siege target (45,9)
[RUSH] extend: path=[(45, 6), (45, 7), (45, 8), (45, 9)]
[RUSH] extend: path len=4, builder at (43,3)
[RUSH] extend[0]: (45,6)->(45,7) bld=None team=None connected=False
[RUSH] extend[0]: need to walk to (45,6) d²=13
  task=RUSH 0us OK -> (<Direction.SOUTH: 'south'>, PlaceRoad(pos=Position(x=43, y=4)))
  task=HEAL_CORE FAIL
[RUSH] --- rush eval at (42,3) en_core=(46,13) ---
[RUSH] step1: no flow tile in gunner range of core
[RUSH] step2: flow near core at (45,6) d²=50, extending to siege (45,9)
[RUSH] extend: from (45,6) toward core (46,13)
[RUSH] extend: siege target (45,9)
[RUSH] extend: path=[(45, 6), (45, 7), (45, 8), (45, 9)]
[RUSH] extend: path len=4, builder at (42,3)
[RUSH] extend[0]: (45,6)->(45,7) bld=None team=None connected=False
[RUSH] extend[0]: need to walk to (45,6) d²=18
  task=RUSH 0us OK -> (<Direction.SOUTH: 'south'>, PlaceRoad(pos=Position(x=42, y=4)))
  task=HEAL_CORE FAIL
[RUSH] --- rush eval at (44,4) en_core=(46,13) ---
[RUSH] step1: no flow tile in gunner range of core
[RUSH] step2: flow near core at (45,6) d²=50, extending to siege (45,9)
[RUSH] extend: from (45,6) toward core (46,13)
[RUSH] extend: siege target (45,9)
[RUSH] extend: path=[(45, 6), (45, 7), (45, 8), (45, 9)]
[RUSH] extend: path len=4, builder at (44,4)
[RUSH] extend[0]: (45,6)->(45,7) bld=None team=None connected=False
[RUSH] extend[0]: need to walk to (45,6) d²=5
  task=RUSH 0us OK -> (<Direction.SOUTHEAST: 'southeast'>, None)
  task=HEAL_CORE FAIL
[RUSH] --- rush eval at (46,3) en_core=(46,13) ---
[RUSH] step1: no flow tile in gunner range of core
[RUSH] step2: flow near core at (45,6) d²=50, extending to siege (45,9)
[RUSH] extend: from (45,6) toward core (46,13)
[RUSH] extend: siege target (45,9)
[RUSH] extend: path=[(45, 6), (45, 7), (45, 8), (45, 9)]
[RUSH] extend: path len=4, builder at (46,3)
[RUSH] extend[0]: (45,6)->(45,7) bld=None team=None connected=False
[RUSH] extend[0]: need to walk to (45,6) d²=10
  task=RUSH 0us OK -> (<Direction.SOUTHEAST: 'southeast'>, PlaceRoad(pos=Position(x=47, y=4)))
  task=HEAL_CORE FAIL
[RUSH] --- rush eval at (45,4) en_core=(46,13) ---
[RUSH] step1: no flow tile in gunner range of core
[RUSH] step2: flow near core at (45,6) d²=50, extending to siege (45,9)
[RUSH] extend: from (45,6) toward core (46,13)
[RUSH] extend: siege target (45,9)
[RUSH] extend: path=[(45, 6), (45, 7), (45, 8), (45, 9)]
[RUSH] extend: path len=4, builder at (45,4)
[RUSH] extend[0]: (45,6)->(45,7) bld=None team=None connected=False
[RUSH] extend[0]: need to walk to (45,6) d²=4
  task=RUSH 0us OK -> (<Direction.SOUTHEAST: 'southeast'>, PlaceRoad(pos=Position(x=46, y=5)))
  task=HEAL_CORE FAIL
[RUSH] --- rush eval at (45,3) en_core=(46,13) ---
[RUSH] step1: no flow tile in gunner range of core
[RUSH] step2: flow near core at (45,6) d²=50, extending to siege (45,9)
[RUSH] extend: from (45,6) toward core (46,13)
[RUSH] extend: siege target (45,9)
[RUSH] extend: path=[(45, 6), (45, 7), (45, 8), (45, 9)]
[RUSH] extend: path len=4, builder at (45,3)
[RUSH] extend[0]: (45,6)->(45,7) bld=None team=None connected=False
[RUSH] extend[0]: need to walk to (45,6) d²=9
  task=RUSH 0us OK -> (<Direction.SOUTH: 'south'>, None)
  task=HEAL_CORE FAIL
[RUSH] --- rush eval at (43,4) en_core=(46,13) ---
[RUSH] step1: no flow tile in gunner range of core
[RUSH] step2: flow near core at (45,6) d²=50, extending to siege (45,9)
[RUSH] extend: from (45,6) toward core (46,13)
[RUSH] extend: siege target (45,9)
[RUSH] extend: path=[(45, 6), (45, 7), (45, 8), (45, 9)]
[RUSH] extend: path len=4, builder at (43,4)
[RUSH] extend[0]: (45,6)->(45,7) bld=None team=None connected=False
[RUSH] extend[0]: need to walk to (45,6) d²=8
  task=RUSH 0us OK -> (<Direction.SOUTHEAST: 'southeast'>, PlaceRoad(pos=Position(x=44, y=5)))
  task=HEAL_CORE FAIL
[RUSH] --- rush eval at (42,4) en_core=(46,13) ---
[RUSH] step1: no flow tile in gunner range of core
[RUSH] step2: flow near core at (45,6) d²=50, extending to siege (45,9)
[RUSH] extend: from (45,6) toward core (46,13)
[RUSH] extend: siege target (45,9)
[RUSH] extend: path=[(45, 6), (45, 7), (45, 8), (45, 9)]
[RUSH] extend: path len=4, builder at (42,4)
[RUSH] extend[0]: (45,6)->(45,7) bld=None team=None connected=False
[RUSH] extend[0]: need to walk to (45,6) d²=13
  task=RUSH 0us OK -> (<Direction.SOUTHEAST: 'southeast'>, PlaceRoad(pos=Position(x=43, y=5)))
  task=HEAL_CORE FAIL
[RUSH] --- rush eval at (45,5) en_core=(46,13) ---
[RUSH] step1: no flow tile in gunner range of core
[RUSH] step2: flow near core at (45,6) d²=50, extending to siege (45,9)
[RUSH] extend: from (45,6) toward core (46,13)
[RUSH] extend: siege target (45,9)
[RUSH] extend: path=[(45, 6), (45, 7), (45, 8), (45, 9)]
[RUSH] extend: path len=4, builder at (45,5)
[RUSH] extend[0]: (45,6)->(45,7) bld=None team=None connected=False
[RUSH] extend[0]: building (45,6)->(45,7) action=PlaceConveyor(pos=Position(x=45, y=6), direction=<Direction.SOUTH: 'south'>) d²=1
  task=RUSH 0us OK -> (<Direction.CENTRE: 'centre'>, PlaceConveyor(pos=Position(x=45, y=6), direction=<Direction.SOUTH: 'south'>))
  task=HEAL_CORE FAIL
[RUSH] --- rush eval at (47,4) en_core=(46,13) ---
[RUSH] step1: no flow tile in gunner range of core
[RUSH] step2: flow near core at (45,7) d²=37, extending to siege (45,9)
[RUSH] extend: from (45,7) toward core (46,13)
[RUSH] extend: siege target (45,9)
[RUSH] extend: path=[(45, 7), (45, 8), (45, 9)]
[RUSH] extend: path len=3, builder at (47,4)
[RUSH] extend[0]: (45,7)->(45,8) bld=None team=None connected=False
[RUSH] extend[0]: need to walk to (45,7) d²=13
  task=RUSH 0us OK -> (<Direction.SOUTH: 'south'>, PlaceRoad(pos=Position(x=47, y=5)))
  task=HEAL_CORE FAIL
[RUSH] --- rush eval at (46,5) en_core=(46,13) ---
[RUSH] step1: no flow tile in gunner range of core
[RUSH] step2: flow near core at (45,7) d²=37, extending to siege (45,9)
[RUSH] extend: from (45,7) toward core (46,13)
[RUSH] extend: siege target (45,9)
[RUSH] extend: path=[(45, 7), (45, 8), (45, 9)]
[RUSH] extend: path len=3, builder at (46,5)
[RUSH] extend[0]: (45,7)->(45,8) bld=None team=None connected=False
[RUSH] extend[0]: need to walk to (45,7) d²=5
  task=RUSH 0us OK -> (<Direction.SOUTHWEST: 'southwest'>, None)
  task=HEAL_CORE FAIL
[RUSH] --- rush eval at (45,4) en_core=(46,13) ---
[RUSH] step1: no flow tile in gunner range of core
[RUSH] step2: flow near core at (45,7) d²=37, extending to siege (45,9)
[RUSH] extend: from (45,7) toward core (46,13)
[RUSH] extend: siege target (45,9)
[RUSH] extend: path=[(45, 7), (45, 8), (45, 9)]
[RUSH] extend: path len=3, builder at (45,4)
[RUSH] extend[0]: (45,7)->(45,8) bld=None team=None connected=False
[RUSH] extend[0]: need to walk to (45,7) d²=9
  task=RUSH 0us OK -> (<Direction.SOUTHEAST: 'southeast'>, None)
  task=HEAL_CORE FAIL
[RUSH] --- rush eval at (44,5) en_core=(46,13) ---
[RUSH] step1: no flow tile in gunner range of core
[RUSH] step2: flow near core at (45,7) d²=37, extending to siege (45,9)
[RUSH] extend: from (45,7) toward core (46,13)
[RUSH] extend: siege target (45,9)
[RUSH] extend: path=[(45, 7), (45, 8), (45, 9)]
[RUSH] extend: path len=3, builder at (44,5)
[RUSH] extend[0]: (45,7)->(45,8) bld=None team=None connected=False
[RUSH] extend[0]: need to walk to (45,7) d²=5
  task=RUSH 0us OK -> (<Direction.SOUTH: 'south'>, PlaceRoad(pos=Position(x=44, y=6)))
  task=HEAL_CORE FAIL
[RUSH] --- rush eval at (43,5) en_core=(46,13) ---
[RUSH] step1: no flow tile in gunner range of core
[RUSH] step2: flow near core at (45,7) d²=37, extending to siege (45,9)
[RUSH] extend: from (45,7) toward core (46,13)
[RUSH] extend: siege target (45,9)
[RUSH] extend: path=[(45, 7), (45, 8), (45, 9)]
[RUSH] extend: path len=3, builder at (43,5)
[RUSH] extend[0]: (45,7)->(45,8) bld=None team=None connected=False
[RUSH] extend[0]: need to walk to (45,7) d²=8
  task=RUSH 0us OK -> (<Direction.SOUTH: 'south'>, PlaceRoad(pos=Position(x=43, y=6)))
  task=HEAL_CORE FAIL
[RUSH] --- rush eval at (45,5) en_core=(46,13) ---
[RUSH] step1: no flow tile in gunner range of core
[RUSH] step2: flow near core at (45,7) d²=37, extending to siege (45,9)
[RUSH] extend: from (45,7) toward core (46,13)
[RUSH] extend: siege target (45,9)
[RUSH] extend: path=[(45, 7), (45, 8), (45, 9)]
[RUSH] extend: path len=3, builder at (45,5)
[RUSH] extend[0]: (45,7)->(45,8) bld=None team=None connected=False
[RUSH] extend[0]: need to walk to (45,7) d²=4
  task=RUSH 0us OK -> (<Direction.SOUTHEAST: 'southeast'>, PlaceRoad(pos=Position(x=46, y=6)))
  task=HEAL_CORE FAIL
[RUSH] --- rush eval at (47,5) en_core=(46,13) ---
[RUSH] step1: no flow tile in gunner range of core
[RUSH] step2: flow near core at (45,7) d²=37, extending to siege (45,9)
[RUSH] extend: from (45,7) toward core (46,13)
[RUSH] extend: siege target (45,9)
[RUSH] extend: path=[(45, 7), (45, 8), (45, 9)]
[RUSH] extend: path len=3, builder at (47,5)
[RUSH] extend[0]: (45,7)->(45,8) bld=None team=None connected=False
[RUSH] extend[0]: need to walk to (45,7) d²=8
  task=RUSH 0us OK -> (<Direction.SOUTH: 'south'>, PlaceRoad(pos=Position(x=47, y=6)))
  task=HEAL_CORE FAIL
[RUSH] --- rush eval at (45,6) en_core=(46,13) ---
[RUSH] step1: no flow tile in gunner range of core
[RUSH] step2: flow near core at (45,7) d²=37, extending to siege (45,9)
[RUSH] extend: from (45,7) toward core (46,13)
[RUSH] extend: siege target (45,9)
[RUSH] extend: path=[(45, 7), (45, 8), (45, 9)]
[RUSH] extend: path len=3, builder at (45,6)
[RUSH] extend[0]: (45,7)->(45,8) bld=None team=None connected=False
[RUSH] extend[0]: building (45,7)->(45,8) action=PlaceConveyor(pos=Position(x=45, y=7), direction=<Direction.SOUTH: 'south'>) d²=1
  task=RUSH 0us OK -> (<Direction.CENTRE: 'centre'>, PlaceConveyor(pos=Position(x=45, y=7), direction=<Direction.SOUTH: 'south'>))
  task=HEAL_CORE FAIL
[RUSH] --- rush eval at (46,5) en_core=(46,13) ---
[RUSH] step1: no flow tile in gunner range of core
[RUSH] step2: flow near core at (45,8) d²=26, extending to siege (45,9)
[RUSH] extend: from (45,8) toward core (46,13)
[RUSH] extend: siege target (45,9)
[RUSH] extend: path=[(45, 8), (45, 9)]
[RUSH] extend: path len=2, builder at (46,5)
[RUSH] extend[0]: (45,8)->(45,9) bld=None team=None connected=False
[RUSH] extend[0]: need to walk to (45,8) d²=10
  task=RUSH 0us OK -> (<Direction.EAST: 'east'>, None)
  task=HEAL_CORE FAIL
[RUSH] --- rush eval at (44,6) en_core=(46,13) ---
[RUSH] step1: no flow tile in gunner range of core
[RUSH] step2: flow near core at (45,8) d²=26, extending to siege (45,9)
[RUSH] extend: from (45,8) toward core (46,13)
[RUSH] extend: siege target (45,9)
[RUSH] extend: path=[(45, 8), (45, 9)]
[RUSH] extend: path len=2, builder at (44,6)
[RUSH] extend[0]: (45,8)->(45,9) bld=None team=None connected=False
[RUSH] extend[0]: need to walk to (45,8) d²=5
  task=RUSH 0us OK -> (<Direction.SOUTHEAST: 'southeast'>, None)
  task=HEAL_CORE FAIL
[RUSH] --- rush eval at (43,6) en_core=(46,13) ---
[RUSH] step1: no flow tile in gunner range of core
[RUSH] step2: flow near core at (45,8) d²=26, extending to siege (45,9)
[RUSH] extend: from (45,8) toward core (46,13)
[RUSH] extend: siege target (45,9)
[RUSH] extend: path=[(45, 8), (45, 9)]
[RUSH] extend: path len=2, builder at (43,6)
[RUSH] extend[0]: (45,8)->(45,9) bld=None team=None connected=False
[RUSH] extend[0]: need to walk to (45,8) d²=8
  task=RUSH 0us OK -> (<Direction.SOUTHEAST: 'southeast'>, PlaceRoad(pos=Position(x=44, y=7)))
  task=HEAL_CORE FAIL
[RUSH] --- rush eval at (46,6) en_core=(46,13) ---
[RUSH] step1: no flow tile in gunner range of core
[RUSH] step2: flow near core at (45,8) d²=26, extending to siege (45,9)
[RUSH] extend: from (45,8) toward core (46,13)
[RUSH] extend: siege target (45,9)
[RUSH] extend: path=[(45, 8), (45, 9)]
[RUSH] extend: path len=2, builder at (46,6)
[RUSH] extend[0]: (45,8)->(45,9) bld=None team=None connected=False
[RUSH] extend[0]: need to walk to (45,8) d²=5
  task=RUSH 0us OK -> (<Direction.SOUTH: 'south'>, PlaceRoad(pos=Position(x=46, y=7)))
  task=HEAL_CORE FAIL
[RUSH] --- rush eval at (47,6) en_core=(46,13) ---
[RUSH] step1: no flow tile in gunner range of core
[RUSH] step2: flow near core at (45,8) d²=26, extending to siege (45,9)
[RUSH] extend: from (45,8) toward core (46,13)
[RUSH] extend: siege target (45,9)
[RUSH] extend: path=[(45, 8), (45, 9)]
[RUSH] extend: path len=2, builder at (47,6)
[RUSH] extend[0]: (45,8)->(45,9) bld=None team=None connected=False
[RUSH] extend[0]: need to walk to (45,8) d²=8
  task=RUSH 0us OK -> (<Direction.SOUTH: 'south'>, PlaceRoad(pos=Position(x=47, y=7)))
  task=HEAL_CORE FAIL
[RUSH] --- rush eval at (45,6) en_core=(46,13) ---
[RUSH] step1: no flow tile in gunner range of core
[RUSH] step2: flow near core at (45,8) d²=26, extending to siege (45,9)
[RUSH] extend: from (45,8) toward core (46,13)
[RUSH] extend: siege target (45,9)
[RUSH] extend: path=[(45, 8), (45, 9)]
[RUSH] extend: path len=2, builder at (45,6)
[RUSH] extend[0]: (45,8)->(45,9) bld=None team=None connected=False
[RUSH] extend[0]: need to walk to (45,8) d²=4
  task=RUSH 0us OK -> (<Direction.WEST: 'west'>, None)
  task=HEAL_CORE FAIL
[RUSH] --- rush eval at (47,5) en_core=(46,13) ---
[RUSH] step1: no flow tile in gunner range of core
[RUSH] step2: flow near core at (45,8) d²=26, extending to siege (45,9)
[RUSH] extend: from (45,8) toward core (46,13)
[RUSH] extend: siege target (45,9)
[RUSH] extend: path=[(45, 8), (45, 9)]
[RUSH] extend: path len=2, builder at (47,5)
[RUSH] extend[0]: (45,8)->(45,9) bld=None team=None connected=False
[RUSH] extend[0]: need to walk to (45,8) d²=13
  task=RUSH 0us OK -> (<Direction.SOUTHWEST: 'southwest'>, None)
  task=HEAL_CORE FAIL
[RUSH] --- rush eval at (45,7) en_core=(46,13) ---
[RUSH] step1: no flow tile in gunner range of core
[RUSH] step2: flow near core at (45,8) d²=26, extending to siege (45,9)
[RUSH] extend: from (45,8) toward core (46,13)
[RUSH] extend: siege target (45,9)
[RUSH] extend: path=[(45, 8), (45, 9)]
[RUSH] extend: path len=2, builder at (45,7)
[RUSH] extend[0]: (45,8)->(45,9) bld=None team=None connected=False
[RUSH] extend[0]: building (45,8)->(45,9) action=PlaceConveyor(pos=Position(x=45, y=8), direction=<Direction.SOUTH: 'south'>) d²=1
  task=RUSH 0us OK -> (<Direction.CENTRE: 'centre'>, PlaceConveyor(pos=Position(x=45, y=8), direction=<Direction.SOUTH: 'south'>))
  task=HEAL_CORE FAIL
[RUSH] --- rush eval at (44,7) en_core=(46,13) ---
[RUSH] step1: flow in range at (45,9) facing SOUTH
[RUSH] gunner: want to place at (45,9) facing SOUTH, ti=23 cost=32
[RUSH] gunner: cannot afford (need 32, have 23)
[RUSH] step1: can't afford gunner, holding turn
  task=RUSH 0us OK -> (<Direction.CENTRE: 'centre'>, None)
  task=HEAL_CORE FAIL
[RUSH] --- rush eval at (46,7) en_core=(46,13) ---
[RUSH] step1: flow in range at (45,9) facing SOUTH
[RUSH] gunner: want to place at (45,9) facing SOUTH, ti=23 cost=32
[RUSH] gunner: cannot afford (need 32, have 23)
[RUSH] step1: can't afford gunner, holding turn
  task=RUSH 0us OK -> (<Direction.CENTRE: 'centre'>, None)
  task=HEAL_CORE FAIL
[RUSH] --- rush eval at (47,7) en_core=(46,13) ---
[RUSH] step1: flow in range at (45,9) facing SOUTH
[RUSH] gunner: want to place at (45,9) facing SOUTH, ti=33 cost=32
[RUSH] gunner: target (45,9) bld=None team=None builder=(47,7) d²=8
[RUSH] gunner: walking toward (45,9) d²=8
  task=RUSH 0us OK -> (<Direction.SOUTHWEST: 'southwest'>, PlaceRoad(pos=Position(x=46, y=8)))
  task=HEAL_CORE FAIL
[RUSH] --- rush eval at (44,6) en_core=(46,13) ---
[RUSH] step1: flow in range at (45,9) facing SOUTH
[RUSH] gunner: want to place at (45,9) facing SOUTH, ti=30 cost=32
[RUSH] gunner: cannot afford (need 32, have 30)
[RUSH] step1: can't afford gunner, holding turn
  task=RUSH 0us OK -> (<Direction.CENTRE: 'centre'>, None)
  task=HEAL_CORE FAIL
[RUSH] --- rush eval at (46,6) en_core=(46,13) ---
[RUSH] step1: flow in range at (45,9) facing SOUTH
[RUSH] gunner: want to place at (45,9) facing SOUTH, ti=30 cost=32
[RUSH] gunner: cannot afford (need 32, have 30)
[RUSH] step1: can't afford gunner, holding turn
  task=RUSH 0us OK -> (<Direction.CENTRE: 'centre'>, None)
  task=HEAL_CORE FAIL
[RUSH] --- rush eval at (45,7) en_core=(46,13) ---
[RUSH] step1: flow in range at (45,9) facing SOUTH
[RUSH] gunner: want to place at (45,9) facing SOUTH, ti=30 cost=32
[RUSH] gunner: cannot afford (need 32, have 30)
[RUSH] step1: can't afford gunner, holding turn
  task=RUSH 0us OK -> (<Direction.CENTRE: 'centre'>, None)
  task=HEAL_CORE FAIL
[RUSH] --- rush eval at (44,7) en_core=(46,13) ---
[RUSH] step1: flow in range at (45,9) facing SOUTH
[RUSH] gunner: want to place at (45,9) facing SOUTH, ti=30 cost=32
[RUSH] gunner: cannot afford (need 32, have 30)
[RUSH] step1: can't afford gunner, holding turn
  task=RUSH 0us OK -> (<Direction.CENTRE: 'centre'>, None)
  task=HEAL_CORE FAIL
[RUSH] --- rush eval at (46,7) en_core=(46,13) ---
[RUSH] step1: flow in range at (45,9) facing SOUTH
[RUSH] gunner: want to place at (45,9) facing SOUTH, ti=30 cost=32
[RUSH] gunner: cannot afford (need 32, have 30)
[RUSH] step1: can't afford gunner, holding turn
  task=RUSH 0us OK -> (<Direction.CENTRE: 'centre'>, None)
  task=HEAL_CORE FAIL
[RUSH] --- rush eval at (46,8) en_core=(46,13) ---
[RUSH] step1: flow in range at (45,9) facing SOUTH
[RUSH] gunner: want to place at (45,9) facing SOUTH, ti=40 cost=32
[RUSH] gunner: target (45,9) bld=None team=None builder=(46,8) d²=2
[RUSH] gunner: placing at (45,9) facing SOUTH, can_build=True
  task=RUSH 0us OK -> (<Direction.CENTRE: 'centre'>, PlaceGunner(pos=Position(x=45, y=9), direction=<Direction.SOUTH: 'south'>))
  task=HEAL_CORE FAIL
[RUSH] --- rush eval at (44,6) en_core=(46,13) ---
[RUSH] step1: no flow tile in gunner range of core
[RUSH] step2: flow near core at (45,8) d²=26, extending to siege (46,9)
[RUSH] extend: from (45,8) toward core (46,13)
[RUSH] extend: siege target (46,9)
[RUSH] extend: path=[(45, 8), (45, 9)]
[RUSH] extend: path len=2, builder at (44,6)
[RUSH] extend[0]: (45,8)->(45,9) bld=BuildingConveyor team=Team.A connected=True
[RUSH] extend[0]: already connected, skip
[RUSH] extend: endpoint (45,9) already has our gunner
  task=RUSH FAIL
  task=SCOUT_ENEMY 0us OK -> (<Direction.NORTHWEST: 'northwest'>, None)
  task=HEAL_CORE FAIL
[RUSH] --- rush eval at (46,6) en_core=(46,13) ---
[RUSH] step1: no flow tile in gunner range of core
[RUSH] step2: flow near core at (45,8) d²=26, extending to siege (46,9)
[RUSH] extend: from (45,8) toward core (46,13)
[RUSH] extend: siege target (46,9)
[RUSH] extend: path=[(45, 8), (45, 9)]
[RUSH] extend: path len=2, builder at (46,6)
[RUSH] extend[0]: (45,8)->(45,9) bld=BuildingConveyor team=Team.A connected=True
[RUSH] extend[0]: already connected, skip
[RUSH] extend: endpoint (45,9) already has our gunner
  task=RUSH FAIL
  task=SCOUT_ENEMY 0us OK -> (<Direction.WEST: 'west'>, None)
  task=HEAL_CORE FAIL
[RUSH] --- rush eval at (45,7) en_core=(46,13) ---
[RUSH] step1: no flow tile in gunner range of core
[RUSH] step2: flow near core at (45,8) d²=26, extending to siege (46,9)
[RUSH] extend: from (45,8) toward core (46,13)
[RUSH] extend: siege target (46,9)
[RUSH] extend: path=[(45, 8), (45, 9)]
[RUSH] extend: path len=2, builder at (45,7)
[RUSH] extend[0]: (45,8)->(45,9) bld=BuildingConveyor team=Team.A connected=True
[RUSH] extend[0]: already connected, skip
[RUSH] extend: endpoint (45,9) already has our gunner
  task=RUSH FAIL
  task=SCOUT_ENEMY 0us OK -> (<Direction.NORTHWEST: 'northwest'>, None)
  task=HEAL_CORE FAIL
[RUSH] --- rush eval at (44,7) en_core=(46,13) ---
[RUSH] step1: no flow tile in gunner range of core
[RUSH] step2: flow near core at (45,8) d²=26, extending to siege (46,9)
[RUSH] extend: from (45,8) toward core (46,13)
[RUSH] extend: siege target (46,9)
[RUSH] extend: path=[(45, 8), (45, 9)]
[RUSH] extend: path len=2, builder at (44,7)
[RUSH] extend[0]: (45,8)->(45,9) bld=BuildingConveyor team=Team.A connected=True
[RUSH] extend[0]: already connected, skip
[RUSH] extend: endpoint (45,9) already has our gunner
  task=RUSH FAIL
  task=SCOUT_ENEMY 0us OK -> (<Direction.NORTHWEST: 'northwest'>, None)
  task=HEAL_CORE FAIL
[RUSH] --- rush eval at (46,7) en_core=(46,13) ---
[RUSH] step1: no flow tile in gunner range of core
[RUSH] step2: flow near core at (45,8) d²=26, extending to siege (46,9)
[RUSH] extend: from (45,8) toward core (46,13)
[RUSH] extend: siege target (46,9)
[RUSH] extend: path=[(45, 8), (45, 9)]
[RUSH] extend: path len=2, builder at (46,7)
[RUSH] extend[0]: (45,8)->(45,9) bld=BuildingConveyor team=Team.A connected=True
[RUSH] extend[0]: already connected, skip
[RUSH] extend: endpoint (45,9) already has our gunner
  task=RUSH FAIL
  task=SCOUT_ENEMY 0us OK -> (<Direction.NORTH: 'north'>, None)
  task=HEAL_CORE FAIL
[RUSH] --- rush eval at (46,8) en_core=(46,13) ---
[RUSH] step1: no flow tile in gunner range of core
[RUSH] step2: flow near core at (45,8) d²=26, extending to siege (46,9)
[RUSH] extend: from (45,8) toward core (46,13)
[RUSH] extend: siege target (46,9)
[RUSH] extend: path=[(45, 8), (45, 9)]
[RUSH] extend: path len=2, builder at (46,8)
[RUSH] extend[0]: (45,8)->(45,9) bld=BuildingConveyor team=Team.A connected=True
[RUSH] extend[0]: already connected, skip
[RUSH] extend: endpoint (45,9) already has our gunner
  task=RUSH FAIL
  task=SCOUT_ENEMY 0us OK -> (<Direction.NORTH: 'north'>, None)
  task=HEAL_CORE FAIL
[RUSH] --- rush eval at (43,5) en_core=(46,13) ---
[RUSH] step1: no flow tile in gunner range of core
[RUSH] step2: flow near core at (45,8) d²=26, extending to siege (46,9)
[RUSH] extend: from (45,8) toward core (46,13)
[RUSH] extend: siege target (46,9)
[RUSH] extend: path=[(45, 8), (45, 9)]
[RUSH] extend: path len=2, builder at (43,5)
[RUSH] extend[0]: (45,8)->(45,9) bld=BuildingConveyor team=Team.A connected=True
[RUSH] extend[0]: already connected, skip
[RUSH] extend: endpoint (45,9) already has our gunner
  task=RUSH FAIL
  task=SCOUT_ENEMY 0us OK -> (<Direction.NORTHWEST: 'northwest'>, None)
  task=HEAL_CORE FAIL
[RUSH] --- rush eval at (45,6) en_core=(46,13) ---
[RUSH] step1: no flow tile in gunner range of core
[RUSH] step2: flow near core at (45,8) d²=26, extending to siege (46,9)
[RUSH] extend: from (45,8) toward core (46,13)
[RUSH] extend: siege target (46,9)
[RUSH] extend: path=[(45, 8), (45, 9)]
[RUSH] extend: path len=2, builder at (45,6)
[RUSH] extend[0]: (45,8)->(45,9) bld=BuildingConveyor team=Team.A connected=True
[RUSH] extend[0]: already connected, skip
[RUSH] extend: endpoint (45,9) already has our gunner
  task=RUSH FAIL
  task=SCOUT_ENEMY 0us OK -> (<Direction.NORTHWEST: 'northwest'>, None)
  task=HEAL_CORE FAIL
[RUSH] --- rush eval at (44,6) en_core=(46,13) ---
[RUSH] step1: no flow tile in gunner range of core
[RUSH] step2: flow near core at (45,8) d²=26, extending to siege (46,9)
[RUSH] extend: from (45,8) toward core (46,13)
[RUSH] extend: siege target (46,9)
[RUSH] extend: path=[(45, 8), (45, 9)]
[RUSH] extend: path len=2, builder at (44,6)
[RUSH] extend[0]: (45,8)->(45,9) bld=BuildingConveyor team=Team.A connected=True
[RUSH] extend[0]: already connected, skip
[RUSH] extend: endpoint (45,9) already has our gunner
  task=RUSH FAIL
  task=SCOUT_ENEMY 0us OK -> (<Direction.NORTHWEST: 'northwest'>, None)
  task=HEAL_CORE FAIL
[RUSH] --- rush eval at (43,6) en_core=(46,13) ---
[RUSH] step1: no flow tile in gunner range of core
[RUSH] step2: flow near core at (45,8) d²=26, extending to siege (46,9)
[RUSH] extend: from (45,8) toward core (46,13)
[RUSH] extend: siege target (46,9)
[RUSH] extend: path=[(45, 8), (45, 9)]
[RUSH] extend: path len=2, builder at (43,6)
[RUSH] extend[0]: (45,8)->(45,9) bld=BuildingConveyor team=Team.A connected=True
[RUSH] extend[0]: already connected, skip
[RUSH] extend: endpoint (45,9) already has our gunner
  task=RUSH FAIL
  task=SCOUT_ENEMY 0us OK -> (<Direction.NORTHWEST: 'northwest'>, PlaceRoad(pos=Position(x=42, y=5)))
  task=HEAL_CORE FAIL
[RUSH] --- rush eval at (46,6) en_core=(46,13) ---
[RUSH] step1: no flow tile in gunner range of core
[RUSH] step2: flow near core at (45,8) d²=26, extending to siege (46,9)
[RUSH] extend: from (45,8) toward core (46,13)
[RUSH] extend: siege target (46,9)
[RUSH] extend: path=[(45, 8), (45, 9)]
[RUSH] extend: path len=2, builder at (46,6)
[RUSH] extend[0]: (45,8)->(45,9) bld=BuildingConveyor team=Team.A connected=True
[RUSH] extend[0]: already connected, skip
[RUSH] extend: endpoint (45,9) already has our gunner
  task=RUSH FAIL
  task=SCOUT_ENEMY 0us OK -> (<Direction.NORTHWEST: 'northwest'>, None)
[GUN] (45,9) facing=SOUTH
[GUN] ray: target=Position(x=45, y=12) pri=5
[GUN] ammo=True
[GUN] FIRE at (45,12) pri=5
  task=HEAL_CORE FAIL
[RUSH] --- rush eval at (46,7) en_core=(46,13) ---
[RUSH] step1: no flow tile in gunner range of core
[RUSH] step2: flow near core at (45,8) d²=26, extending to siege (46,9)
[RUSH] extend: from (45,8) toward core (46,13)
[RUSH] extend: siege target (46,9)
[RUSH] extend: path=[(45, 8), (45, 9)]
[RUSH] extend: path len=2, builder at (46,7)
[RUSH] extend[0]: (45,8)->(45,9) bld=BuildingConveyor team=Team.A connected=True
[RUSH] extend[0]: already connected, skip
[RUSH] extend: endpoint (45,9) already has our gunner
  task=RUSH FAIL
  task=SCOUT_ENEMY 0us OK -> (<Direction.NORTHWEST: 'northwest'>, None)
  task=HEAL_CORE FAIL
[RUSH] --- rush eval at (42,4) en_core=(46,13) ---
[RUSH] step1: no flow tile in gunner range of core
[RUSH] step2: flow near core at (45,8) d²=26, extending to siege (46,9)
[RUSH] extend: from (45,8) toward core (46,13)
[RUSH] extend: siege target (46,9)
[RUSH] extend: path=[(45, 8), (45, 9)]
[RUSH] extend: path len=2, builder at (42,4)
[RUSH] extend[0]: (45,8)->(45,9) bld=BuildingConveyor team=Team.A connected=True
[RUSH] extend[0]: already connected, skip
[RUSH] extend: endpoint (45,9) already has our gunner
  task=RUSH FAIL
  task=SCOUT_ENEMY 0us OK -> (<Direction.NORTHWEST: 'northwest'>, None)
  task=HEAL_CORE FAIL
[RUSH] --- rush eval at (44,5) en_core=(46,13) ---
[RUSH] step1: no flow tile in gunner range of core
[RUSH] step2: flow near core at (45,8) d²=26, extending to siege (46,9)
[RUSH] extend: from (45,8) toward core (46,13)
[RUSH] extend: siege target (46,9)
[RUSH] extend: path=[(45, 8), (45, 9)]
[RUSH] extend: path len=2, builder at (44,5)
[RUSH] extend[0]: (45,8)->(45,9) bld=BuildingConveyor team=Team.A connected=True
[RUSH] extend[0]: already connected, skip
[RUSH] extend: endpoint (45,9) already has our gunner
  task=RUSH FAIL
  task=SCOUT_ENEMY 0us OK -> (<Direction.NORTHWEST: 'northwest'>, None)
  task=HEAL_CORE FAIL
[RUSH] --- rush eval at (43,5) en_core=(46,13) ---
[RUSH] step1: no flow tile in gunner range of core
[RUSH] step2: flow near core at (45,8) d²=26, extending to siege (46,9)
[RUSH] extend: from (45,8) toward core (46,13)
[RUSH] extend: siege target (46,9)
[RUSH] extend: path=[(45, 8), (45, 9)]
[RUSH] extend: path len=2, builder at (43,5)
[RUSH] extend[0]: (45,8)->(45,9) bld=BuildingConveyor team=Team.A connected=True
[RUSH] extend[0]: already connected, skip
[RUSH] extend: endpoint (45,9) already has our gunner
  task=RUSH FAIL
  task=SCOUT_ENEMY 0us OK -> (<Direction.NORTHWEST: 'northwest'>, None)
  task=HEAL_CORE FAIL
[RUSH] --- rush eval at (42,5) en_core=(46,13) ---
[RUSH] step1: no flow tile in gunner range of core
[RUSH] step2: flow near core at (45,8) d²=26, extending to siege (46,9)
[RUSH] extend: from (45,8) toward core (46,13)
[RUSH] extend: siege target (46,9)
[RUSH] extend: path=[(45, 8), (45, 9)]
[RUSH] extend: path len=2, builder at (42,5)
[RUSH] extend[0]: (45,8)->(45,9) bld=BuildingConveyor team=Team.A connected=True
[RUSH] extend[0]: already connected, skip
[RUSH] extend: endpoint (45,9) already has our gunner
  task=RUSH FAIL
  task=SCOUT_ENEMY 0us OK -> (<Direction.EAST: 'east'>, None)
  task=HEAL_CORE FAIL
[RUSH] --- rush eval at (45,5) en_core=(46,13) ---
[RUSH] step1: no flow tile in gunner range of core
[RUSH] step2: flow near core at (45,8) d²=26, extending to siege (46,9)
[RUSH] extend: from (45,8) toward core (46,13)
[RUSH] extend: siege target (46,9)
[RUSH] extend: path=[(45, 8), (45, 9)]
[RUSH] extend: path len=2, builder at (45,5)
[RUSH] extend[0]: (45,8)->(45,9) bld=BuildingConveyor team=Team.A connected=True
[RUSH] extend[0]: already connected, skip
[RUSH] extend: endpoint (45,9) already has our gunner
  task=RUSH FAIL
  task=SCOUT_ENEMY 0us OK -> (<Direction.NORTHWEST: 'northwest'>, None)
[GUN] (45,9) facing=SOUTH
[GUN] ray: target=Position(x=45, y=12) pri=5
[GUN] ammo=True
[GUN] FIRE at (45,12) pri=5
  task=HEAL_CORE FAIL
[RUSH] --- rush eval at (45,6) en_core=(46,13) ---
[RUSH] step1: no flow tile in gunner range of core
[RUSH] step2: flow near core at (45,8) d²=26, extending to siege (46,9)
[RUSH] extend: from (45,8) toward core (46,13)
[RUSH] extend: siege target (46,9)
[RUSH] extend: path=[(45, 8), (45, 9)]
[RUSH] extend: path len=2, builder at (45,6)
[RUSH] extend[0]: (45,8)->(45,9) bld=BuildingConveyor team=Team.A connected=True
[RUSH] extend[0]: already connected, skip
[RUSH] extend: endpoint (45,9) already has our gunner
  task=RUSH FAIL
  task=SCOUT_ENEMY 0us OK -> (<Direction.NORTHWEST: 'northwest'>, None)
  task=HEAL_CORE FAIL
[RUSH] --- rush eval at (41,3) en_core=(46,13) ---
[RUSH] step1: no flow tile in gunner range of core
[RUSH] step2: flow near core at (45,8) d²=26, extending to siege (46,9)
[RUSH] extend: from (45,8) toward core (46,13)
[RUSH] extend: siege target (46,9)
[RUSH] extend: path=[(45, 8), (45, 9)]
[RUSH] extend: path len=2, builder at (41,3)
[RUSH] extend[0]: (45,8)->(45,9) bld=BuildingConveyor team=Team.A connected=True
[RUSH] extend[0]: already connected, skip
[RUSH] extend: endpoint (45,9) already has our gunner
  task=RUSH FAIL
  task=SCOUT_ENEMY 0us OK -> (<Direction.WEST: 'west'>, None)
  task=HEAL_CORE FAIL
[RUSH] --- rush eval at (43,4) en_core=(46,13) ---
[RUSH] step1: no flow tile in gunner range of core
[RUSH] step2: flow near core at (45,8) d²=26, extending to siege (46,9)
[RUSH] extend: from (45,8) toward core (46,13)
[RUSH] extend: siege target (46,9)
[RUSH] extend: path=[(45, 8), (45, 9)]
[RUSH] extend: path len=2, builder at (43,4)
[RUSH] extend[0]: (45,8)->(45,9) bld=BuildingConveyor team=Team.A connected=True
[RUSH] extend[0]: already connected, skip
[RUSH] extend: endpoint (45,9) already has our gunner
  task=RUSH FAIL
  task=SCOUT_ENEMY 0us OK -> (<Direction.NORTHWEST: 'northwest'>, None)
  task=HEAL_CORE FAIL
[RUSH] --- rush eval at (42,4) en_core=(46,13) ---
[RUSH] step1: no flow tile in gunner range of core
[RUSH] step2: flow near core at (45,8) d²=26, extending to siege (46,9)
[RUSH] extend: from (45,8) toward core (46,13)
[RUSH] extend: siege target (46,9)
[RUSH] extend: path=[(45, 8), (45, 9)]
[RUSH] extend: path len=2, builder at (42,4)
[RUSH] extend[0]: (45,8)->(45,9) bld=BuildingConveyor team=Team.A connected=True
[RUSH] extend[0]: already connected, skip
[RUSH] extend: endpoint (45,9) already has our gunner
  task=RUSH FAIL
  task=SCOUT_ENEMY 0us OK -> (<Direction.NORTHWEST: 'northwest'>, None)
  task=HEAL_CORE FAIL
[RUSH] --- rush eval at (43,5) en_core=(46,13) ---
[RUSH] step1: no flow tile in gunner range of core
[RUSH] step2: flow near core at (45,8) d²=26, extending to siege (46,9)
[RUSH] extend: from (45,8) toward core (46,13)
[RUSH] extend: siege target (46,9)
[RUSH] extend: path=[(45, 8), (45, 9)]
[RUSH] extend: path len=2, builder at (43,5)
[RUSH] extend[0]: (45,8)->(45,9) bld=BuildingConveyor team=Team.A connected=True
[RUSH] extend[0]: already connected, skip
[RUSH] extend: endpoint (45,9) already has our gunner
  task=RUSH FAIL
  task=SCOUT_ENEMY 0us OK -> (<Direction.NORTHWEST: 'northwest'>, None)
  task=HEAL_CORE FAIL
[RUSH] --- rush eval at (44,4) en_core=(46,13) ---
[RUSH] step1: no flow tile in gunner range of core
[RUSH] step2: flow near core at (45,8) d²=26, extending to siege (46,9)
[RUSH] extend: from (45,8) toward core (46,13)
[RUSH] extend: siege target (46,9)
[RUSH] extend: path=[(45, 8), (45, 9)]
[RUSH] extend: path len=2, builder at (44,4)
[RUSH] extend[0]: (45,8)->(45,9) bld=BuildingConveyor team=Team.A connected=True
[RUSH] extend[0]: already connected, skip
[RUSH] extend: endpoint (45,9) already has our gunner
  task=RUSH FAIL
  task=SCOUT_ENEMY 0us OK -> (<Direction.NORTHWEST: 'northwest'>, None)
[GUN] (45,9) facing=SOUTH
[GUN] ray: target=Position(x=45, y=12) pri=5
[GUN] ammo=True
[GUN] FIRE at (45,12) pri=5
  task=HEAL_CORE FAIL
[RUSH] --- rush eval at (44,5) en_core=(46,13) ---
[RUSH] step1: no flow tile in gunner range of core
  task=RUSH 0us OK -> (<Direction.SOUTHEAST: 'southeast'>, None)
  task=HEAL_CORE FAIL
[RUSH] --- rush eval at (40,3) en_core=(46,13) ---
[RUSH] step1: no flow tile in gunner range of core
  task=RUSH 0us OK -> (<Direction.NORTHEAST: 'northeast'>, None)
  task=HEAL_CORE FAIL
[RUSH] --- rush eval at (42,3) en_core=(46,13) ---
[RUSH] step1: no flow tile in gunner range of core
  task=RUSH 0us OK -> (<Direction.SOUTHEAST: 'southeast'>, None)
  task=HEAL_CORE FAIL
[RUSH] --- rush eval at (41,3) en_core=(46,13) ---
[RUSH] step1: no flow tile in gunner range of core
  task=RUSH 0us OK -> (<Direction.EAST: 'east'>, None)
  task=HEAL_CORE FAIL
[RUSH] --- rush eval at (42,4) en_core=(46,13) ---
[RUSH] step1: no flow tile in gunner range of core
  task=RUSH 0us OK -> (<Direction.SOUTHEAST: 'southeast'>, None)
  task=HEAL_CORE FAIL
[RUSH] --- rush eval at (43,3) en_core=(46,13) ---
[RUSH] step1: no flow tile in gunner range of core
  task=RUSH 0us OK -> (<Direction.SOUTHEAST: 'southeast'>, None)
[GUN] (45,9) facing=SOUTH
[GUN] ray: target=None pri=0
[GUN] ammo=True
[GUN] feed_dir=NORTH
[GUN] scan SOUTHWEST: pri=3
[GUN] no target, has ammo, best_rot=SOUTHWEST rot_pri=3
[GUN] ROTATING to SOUTHWEST (has ammo)
  task=HEAL_CORE FAIL
[RUSH] --- rush eval at (45,6) en_core=(46,13) ---
[RUSH] step1: no flow tile in gunner range of core
  task=RUSH 0us OK -> (<Direction.SOUTHEAST: 'southeast'>, None)
  task=HEAL_CORE FAIL
[RUSH] --- rush eval at (41,2) en_core=(46,13) ---
[RUSH] step1: no flow tile in gunner range of core
  task=RUSH 0us OK -> (<Direction.SOUTH: 'south'>, None)
  task=HEAL_CORE FAIL
[RUSH] --- rush eval at (43,4) en_core=(46,13) ---
[RUSH] step1: no flow tile in gunner range of core
  task=RUSH 0us OK -> (<Direction.SOUTHEAST: 'southeast'>, None)
  task=HEAL_CORE FAIL
[RUSH] --- rush eval at (42,3) en_core=(46,13) ---
[RUSH] step1: no flow tile in gunner range of core
  task=RUSH 0us OK -> (<Direction.SOUTHEAST: 'southeast'>, None)
  task=HEAL_CORE FAIL
[RUSH] --- rush eval at (43,5) en_core=(46,13) ---
[RUSH] step1: no flow tile in gunner range of core
  task=RUSH 0us OK -> (<Direction.SOUTHEAST: 'southeast'>, None)
  task=HEAL_CORE FAIL
[RUSH] --- rush eval at (44,4) en_core=(46,13) ---
[RUSH] step1: no flow tile in gunner range of core
  task=RUSH 0us OK -> (<Direction.SOUTHEAST: 'southeast'>, None)
[GUN] (45,9) facing=SOUTHWEST
[GUN] ray: target=Position(x=43, y=11) pri=3
[GUN] ammo=True
[GUN] feed_dir=NORTH
[GUN] cur_pri=3 best_rot=SOUTHWEST rot_pri=0
[GUN] FIRE at (43,11) pri=3
  task=HEAL_CORE FAIL
[RUSH] --- rush eval at (46,7) en_core=(46,13) ---
[RUSH] step1: no flow tile in gunner range of core
[RUSH] step1.5: upgrading conveyor at (45,8) to splitter facing SOUTH
  task=RUSH 0us OK -> (<Direction.CENTRE: 'centre'>, PlaceSplitter(pos=Position(x=45, y=8), direction=<Direction.SOUTH: 'south'>))
  task=HEAL_CORE FAIL
[RUSH] --- rush eval at (41,3) en_core=(46,13) ---
[RUSH] step1: no flow tile in gunner range of core
[RUSH] step2: flow near core at (45,8) d²=26, extending to siege (46,9)
[RUSH] extend: from (45,8) toward core (46,13)
[RUSH] extend: siege target (46,9)
[RUSH] extend: path=[(45, 8), (45, 9)]
[RUSH] extend: path len=2, builder at (41,3)
[RUSH] extend[0]: (45,8)->(45,9) bld=BuildingConveyor team=Team.A connected=True
[RUSH] extend[0]: already connected, skip
[RUSH] extend: endpoint (45,9) already has our gunner
  task=RUSH FAIL
  task=SCOUT_ENEMY 0us OK -> (<Direction.WEST: 'west'>, None)
  task=HEAL_CORE FAIL
[RUSH] --- rush eval at (44,5) en_core=(46,13) ---
[RUSH] step1: no flow tile in gunner range of core
[RUSH] step2: flow near core at (46,8) d²=25, extending to siege (46,9)
[RUSH] extend: from (46,8) toward core (46,13)
[RUSH] extend: siege target (46,9)
[RUSH] extend: path=[(46, 8), (46, 9)]
[RUSH] extend: path len=2, builder at (44,5)
[RUSH] extend[0]: (46,8)->(46,9) bld=BuildingRoad team=Team.A connected=False
[RUSH] extend[0]: need to walk to (46,8) d²=13
  task=RUSH 0us OK -> (<Direction.SOUTHEAST: 'southeast'>, None)
  task=HEAL_CORE FAIL
[RUSH] --- rush eval at (43,4) en_core=(46,13) ---
[RUSH] step1: no flow tile in gunner range of core
[RUSH] step2: flow near core at (46,8) d²=25, extending to siege (46,9)
[RUSH] extend: from (46,8) toward core (46,13)
[RUSH] extend: siege target (46,9)
[RUSH] extend: path=[(46, 8), (46, 9)]
[RUSH] extend: path len=2, builder at (43,4)
[RUSH] extend[0]: (46,8)->(46,9) bld=BuildingRoad team=Team.A connected=False
[RUSH] extend[0]: need to walk to (46,8) d²=25
  task=RUSH 0us OK -> (<Direction.SOUTHEAST: 'southeast'>, None)
  task=HEAL_CORE FAIL
[RUSH] --- rush eval at (44,6) en_core=(46,13) ---
[RUSH] step1: no flow tile in gunner range of core
[RUSH] step2: flow near core at (46,8) d²=25, extending to siege (46,9)
[RUSH] extend: from (46,8) toward core (46,13)
[RUSH] extend: siege target (46,9)
[RUSH] extend: path=[(46, 8), (46, 9)]
[RUSH] extend: path len=2, builder at (44,6)
[RUSH] extend[0]: (46,8)->(46,9) bld=BuildingRoad team=Team.A connected=False
[RUSH] extend[0]: need to walk to (46,8) d²=8
  task=RUSH 0us OK -> (<Direction.SOUTHEAST: 'southeast'>, None)
  task=HEAL_CORE FAIL
[RUSH] --- rush eval at (45,5) en_core=(46,13) ---
[RUSH] step1: no flow tile in gunner range of core
[RUSH] step2: flow near core at (46,8) d²=25, extending to siege (46,9)
[RUSH] extend: from (46,8) toward core (46,13)
[RUSH] extend: siege target (46,9)
[RUSH] extend: path=[(46, 8), (46, 9)]
[RUSH] extend: path len=2, builder at (45,5)
[RUSH] extend[0]: (46,8)->(46,9) bld=BuildingRoad team=Team.A connected=False
[RUSH] extend[0]: need to walk to (46,8) d²=10
  task=RUSH 0us OK -> (<Direction.SOUTHEAST: 'southeast'>, None)
[GUN] (45,9) facing=SOUTHWEST
[GUN] ray: target=Position(x=43, y=11) pri=3
[GUN] ammo=True
[GUN] feed_dir=NORTH
[GUN] cur_pri=3 best_rot=SOUTHWEST rot_pri=0
[GUN] FIRE at (43,11) pri=3
  task=HEAL_CORE FAIL
[RUSH] --- rush eval at (46,7) en_core=(46,13) ---
[RUSH] step1: no flow tile in gunner range of core
[RUSH] step2: flow near core at (46,8) d²=25, extending to siege (46,9)
[RUSH] extend: from (46,8) toward core (46,13)
[RUSH] extend: siege target (46,9)
[RUSH] extend: path=[(46, 8), (46, 9)]
[RUSH] extend: path len=2, builder at (46,7)
[RUSH] extend[0]: (46,8)->(46,9) bld=BuildingRoad team=Team.A connected=False
[RUSH] extend[0]: destroying allied BuildingRoad at (46,8) to rebuild
[RUSH] extend[0]: building (46,8)->(46,9) action=PlaceConveyor(pos=Position(x=46, y=8), direction=<Direction.SOUTH: 'south'>) d²=1
  task=RUSH 0us OK -> (<Direction.CENTRE: 'centre'>, PlaceConveyor(pos=Position(x=46, y=8), direction=<Direction.SOUTH: 'south'>))
  task=HEAL_CORE FAIL
[RUSH] --- rush eval at (40,3) en_core=(46,13) ---
[RUSH] step1: no flow tile in gunner range of core
[RUSH] step2: flow near core at (45,8) d²=26, extending to siege (46,9)
[RUSH] extend: from (45,8) toward core (46,13)
[RUSH] extend: siege target (46,9)
[RUSH] extend: path=[(45, 8), (45, 9)]
[RUSH] extend: path len=2, builder at (40,3)
[RUSH] extend[0]: (45,8)->(45,9) bld=BuildingConveyor team=Team.A connected=True
[RUSH] extend[0]: already connected, skip
[RUSH] extend: endpoint (45,9) already has our gunner
  task=RUSH FAIL
  task=SCOUT_ENEMY 0us OK -> (<Direction.SOUTHWEST: 'southwest'>, PlaceRoad(pos=Position(x=39, y=4)))
  task=HEAL_CORE FAIL
[RUSH] --- rush eval at (45,6) en_core=(46,13) ---
[RUSH] step1: flow in range at (46,9) facing SOUTH
[RUSH] gunner: want to place at (46,9) facing SOUTH, ti=13 cost=33
[RUSH] gunner: cannot afford (need 33, have 13)
[RUSH] step1: can't afford gunner, holding turn
  task=RUSH 0us OK -> (<Direction.CENTRE: 'centre'>, None)
  task=HEAL_CORE FAIL
[RUSH] --- rush eval at (44,5) en_core=(46,13) ---
[RUSH] step1: flow in range at (46,9) facing SOUTH
[RUSH] gunner: want to place at (46,9) facing SOUTH, ti=13 cost=33
[RUSH] gunner: cannot afford (need 33, have 13)
[RUSH] step1: can't afford gunner, holding turn
  task=RUSH 0us OK -> (<Direction.CENTRE: 'centre'>, None)
  task=HEAL_CORE FAIL
[RUSH] --- rush eval at (45,7) en_core=(46,13) ---
[RUSH] step1: flow in range at (46,9) facing SOUTH
[RUSH] gunner: want to place at (46,9) facing SOUTH, ti=13 cost=33
[RUSH] gunner: cannot afford (need 33, have 13)
[RUSH] step1: can't afford gunner, holding turn
  task=RUSH 0us OK -> (<Direction.CENTRE: 'centre'>, None)
  task=HEAL_CORE FAIL
[RUSH] --- rush eval at (46,6) en_core=(46,13) ---
[RUSH] step1: flow in range at (46,9) facing SOUTH
[RUSH] gunner: want to place at (46,9) facing SOUTH, ti=13 cost=33
[RUSH] gunner: cannot afford (need 33, have 13)
[RUSH] step1: can't afford gunner, holding turn
  task=RUSH 0us OK -> (<Direction.CENTRE: 'centre'>, None)
[GUN] (45,9) facing=SOUTHWEST
[GUN] ray: target=None pri=0
[GUN] ammo=False
[GUN] no target, no ammo
  task=HEAL_CORE FAIL
[RUSH] --- rush eval at (46,7) en_core=(46,13) ---
[RUSH] step1: flow in range at (46,9) facing SOUTH
[RUSH] gunner: want to place at (46,9) facing SOUTH, ti=23 cost=33
[RUSH] gunner: cannot afford (need 33, have 23)
[RUSH] step1: can't afford gunner, holding turn
  task=RUSH 0us OK -> (<Direction.CENTRE: 'centre'>, None)
  task=HEAL_CORE FAIL
[RUSH] --- rush eval at (39,4) en_core=(46,13) ---
[RUSH] step1: no flow tile in gunner range of core
  task=RUSH 0us OK -> (<Direction.NORTHEAST: 'northeast'>, None)
  task=HEAL_CORE FAIL
[RUSH] --- rush eval at (45,6) en_core=(46,13) ---
[RUSH] step1: flow in range at (46,9) facing SOUTH
[RUSH] gunner: want to place at (46,9) facing SOUTH, ti=23 cost=33
[RUSH] gunner: cannot afford (need 33, have 23)
[RUSH] step1: can't afford gunner, holding turn
  task=RUSH 0us OK -> (<Direction.CENTRE: 'centre'>, None)
  task=HEAL_CORE FAIL
[RUSH] --- rush eval at (44,5) en_core=(46,13) ---
[RUSH] step1: flow in range at (46,9) facing SOUTH
[RUSH] gunner: want to place at (46,9) facing SOUTH, ti=23 cost=33
[RUSH] gunner: cannot afford (need 33, have 23)
[RUSH] step1: can't afford gunner, holding turn
  task=RUSH 0us OK -> (<Direction.CENTRE: 'centre'>, None)
  task=HEAL_CORE FAIL
[RUSH] --- rush eval at (45,7) en_core=(46,13) ---
[RUSH] step1: flow in range at (46,9) facing SOUTH
[RUSH] gunner: want to place at (46,9) facing SOUTH, ti=23 cost=33
[RUSH] gunner: cannot afford (need 33, have 23)
[RUSH] step1: can't afford gunner, holding turn
  task=RUSH 0us OK -> (<Direction.CENTRE: 'centre'>, None)
  task=HEAL_CORE FAIL
[RUSH] --- rush eval at (46,6) en_core=(46,13) ---
[RUSH] step1: flow in range at (46,9) facing SOUTH
[RUSH] gunner: want to place at (46,9) facing SOUTH, ti=23 cost=33
[RUSH] gunner: cannot afford (need 33, have 23)
[RUSH] step1: can't afford gunner, holding turn
  task=RUSH 0us OK -> (<Direction.CENTRE: 'centre'>, None)
[GUN] (45,9) facing=SOUTHWEST
[GUN] ray: target=None pri=0
[GUN] ammo=False
[GUN] no target, no ammo
  task=HEAL_CORE FAIL
[RUSH] --- rush eval at (46,7) en_core=(46,13) ---
[RUSH] step1: flow in range at (46,9) facing SOUTH
[RUSH] gunner: want to place at (46,9) facing SOUTH, ti=33 cost=33
[RUSH] gunner: target (46,9) bld=None team=None builder=(46,7) d²=4
[RUSH] gunner: walking toward (46,9) d²=4
  task=RUSH 0us OK -> (<Direction.SOUTH: 'south'>, None)
  task=HEAL_CORE FAIL
[RUSH] --- rush eval at (40,3) en_core=(46,13) ---
[RUSH] step1: no flow tile in gunner range of core
  task=RUSH 0us OK -> (<Direction.EAST: 'east'>, None)
  task=HEAL_CORE FAIL
[RUSH] --- rush eval at (45,6) en_core=(46,13) ---
[RUSH] step1: flow in range at (46,9) facing SOUTH
[RUSH] gunner: want to place at (46,9) facing SOUTH, ti=33 cost=33
[RUSH] gunner: target (46,9) bld=None team=None builder=(45,6) d²=10
[RUSH] gunner: walking toward (46,9) d²=10
  task=RUSH 0us OK -> (<Direction.SOUTHEAST: 'southeast'>, None)
  task=HEAL_CORE FAIL
[RUSH] --- rush eval at (44,5) en_core=(46,13) ---
[RUSH] step1: flow in range at (46,9) facing SOUTH
[RUSH] gunner: want to place at (46,9) facing SOUTH, ti=33 cost=33
[RUSH] gunner: target (46,9) bld=None team=None builder=(44,5) d²=20
[RUSH] gunner: walking toward (46,9) d²=20
  task=RUSH 0us OK -> (<Direction.SOUTHEAST: 'southeast'>, None)
  task=HEAL_CORE FAIL
[RUSH] --- rush eval at (45,7) en_core=(46,13) ---
[RUSH] step1: flow in range at (46,9) facing SOUTH
[RUSH] gunner: want to place at (46,9) facing SOUTH, ti=33 cost=33
[RUSH] gunner: target (46,9) bld=None team=None builder=(45,7) d²=5
[RUSH] gunner: walking toward (46,9) d²=5
  task=RUSH 0us OK -> (<Direction.SOUTH: 'south'>, None)
  task=HEAL_CORE FAIL
[RUSH] --- rush eval at (46,6) en_core=(46,13) ---
[RUSH] step1: flow in range at (46,9) facing SOUTH
[RUSH] gunner: want to place at (46,9) facing SOUTH, ti=33 cost=33
[RUSH] gunner: target (46,9) bld=None team=None builder=(46,6) d²=9
[RUSH] gunner: walking toward (46,9) d²=9
  task=RUSH 0us OK -> (<Direction.SOUTHEAST: 'southeast'>, None)
[GUN] (45,9) facing=SOUTHWEST
[GUN] ray: target=Position(x=43, y=11) pri=3
[GUN] ammo=True
[GUN] feed_dir=NORTH
[GUN] cur_pri=3 best_rot=SOUTHWEST rot_pri=0
[GUN] FIRE at (43,11) pri=3
  task=HEAL_CORE FAIL
[RUSH] --- rush eval at (46,8) en_core=(46,13) ---
[RUSH] step1: flow in range at (46,9) facing SOUTH
[RUSH] gunner: want to place at (46,9) facing SOUTH, ti=33 cost=33
[RUSH] gunner: target (46,9) bld=None team=None builder=(46,8) d²=1
[RUSH] gunner: placing at (46,9) facing SOUTH, can_build=True
  task=RUSH 0us OK -> (<Direction.CENTRE: 'centre'>, PlaceGunner(pos=Position(x=46, y=9), direction=<Direction.SOUTH: 'south'>))
  task=HEAL_CORE FAIL
[RUSH] --- rush eval at (41,3) en_core=(46,13) ---
[RUSH] step1: no flow tile in gunner range of core
[RUSH] step2: flow near core at (45,8) d²=26, extending to siege (46,9)
[RUSH] extend: from (45,8) toward core (46,13)
[RUSH] extend: siege target (46,9)
[RUSH] extend: path=[(45, 8), (45, 9)]
[RUSH] extend: path len=2, builder at (41,3)
[RUSH] extend[0]: (45,8)->(45,9) bld=BuildingConveyor team=Team.A connected=True
[RUSH] extend[0]: already connected, skip
[RUSH] extend: endpoint (45,9) already has our gunner
  task=RUSH FAIL
  task=SCOUT_ENEMY 0us OK -> (<Direction.WEST: 'west'>, None)
  task=HEAL_CORE FAIL
[RUSH] --- rush eval at (46,7) en_core=(46,13) ---
[RUSH] step1: no flow tile in gunner range of core
[RUSH] step2: flow near core at (46,8) d²=25, extending to siege (47,9)
[RUSH] extend: from (46,8) toward core (46,13)
[RUSH] extend: siege target (47,9)
[RUSH] extend: path=[(46, 8), (46, 9)]
[RUSH] extend: path len=2, builder at (46,7)
[RUSH] extend[0]: (46,8)->(46,9) bld=BuildingConveyor team=Team.A connected=True
[RUSH] extend[0]: already connected, skip
[RUSH] extend: endpoint (46,9) already has our gunner
  task=RUSH FAIL
  task=SCOUT_ENEMY 0us OK -> (<Direction.WEST: 'west'>, None)
  task=HEAL_CORE FAIL
[RUSH] --- rush eval at (45,6) en_core=(46,13) ---
[RUSH] step1: no flow tile in gunner range of core
[RUSH] step2: flow near core at (46,8) d²=25, extending to siege (47,9)
[RUSH] extend: from (46,8) toward core (46,13)
[RUSH] extend: siege target (47,9)
[RUSH] extend: path=[(46, 8), (46, 9)]
[RUSH] extend: path len=2, builder at (45,6)
[RUSH] extend[0]: (46,8)->(46,9) bld=BuildingConveyor team=Team.A connected=True
[RUSH] extend[0]: already connected, skip
[RUSH] extend: endpoint (46,9) already has our gunner
  task=RUSH FAIL
  task=SCOUT_ENEMY 0us OK -> (<Direction.WEST: 'west'>, None)
  task=HEAL_CORE FAIL
[RUSH] --- rush eval at (45,8) en_core=(46,16) ---
[RUSH] step1: no flow tile in gunner range of core
[RUSH] step2: flow near core at (46,8) d²=64, extending to siege (46,12)
[RUSH] extend: from (46,8) toward core (46,16)
[RUSH] extend: siege target (46,12)
[RUSH] extend: path=[(46, 8), (46, 9)]
[RUSH] extend: path len=2, builder at (45,8)
[RUSH] extend[0]: (46,8)->(46,9) bld=BuildingConveyor team=Team.A connected=True
[RUSH] extend[0]: already connected, skip
[RUSH] extend: endpoint (46,9) already has our gunner
  task=RUSH FAIL
  task=SCOUT_ENEMY 0us OK -> (<Direction.NORTHWEST: 'northwest'>, None)
  task=HEAL_CORE FAIL
[RUSH] --- rush eval at (47,7) en_core=(46,16) ---
[RUSH] step1: no flow tile in gunner range of core
[RUSH] step2: flow near core at (46,8) d²=64, extending to siege (46,12)
[RUSH] extend: from (46,8) toward core (46,16)
[RUSH] extend: siege target (46,12)
[RUSH] extend: path=[(46, 8), (46, 9)]
[RUSH] extend: path len=2, builder at (47,7)
[RUSH] extend[0]: (46,8)->(46,9) bld=BuildingConveyor team=Team.A connected=True
[RUSH] extend[0]: already connected, skip
[RUSH] extend: endpoint (46,9) already has our gunner
  task=RUSH FAIL
  task=SCOUT_ENEMY 0us OK -> (<Direction.WEST: 'west'>, None)
[GUN] (45,9) facing=SOUTHWEST
[GUN] ray: target=None pri=0
[GUN] ammo=True
[GUN] feed_dir=NORTH
[GUN] no target, has ammo, best_rot=SOUTHWEST rot_pri=0
  task=HEAL_CORE FAIL
[RUSH] --- rush eval at (46,8) en_core=(46,16) ---
[RUSH] step1: no flow tile in gunner range of core
[RUSH] step2: flow near core at (46,8) d²=64, extending to siege (46,12)
[RUSH] extend: from (46,8) toward core (46,16)
[RUSH] extend: siege target (46,12)
[RUSH] extend: path=[(46, 8), (46, 9)]
[RUSH] extend: path len=2, builder at (46,8)
[RUSH] extend[0]: (46,8)->(46,9) bld=BuildingConveyor team=Team.A connected=True
[RUSH] extend[0]: already connected, skip
[RUSH] extend: endpoint (46,9) already has our gunner
  task=RUSH FAIL
  task=SCOUT_ENEMY 0us OK -> (<Direction.NORTHEAST: 'northeast'>, None)
  task=HEAL_CORE FAIL
[RUSH] --- rush eval at (40,3) en_core=(46,13) ---
[RUSH] step1: no flow tile in gunner range of core
[RUSH] step2: flow near core at (45,8) d²=26, extending to siege (46,9)
[RUSH] extend: from (45,8) toward core (46,13)
[RUSH] extend: siege target (46,9)
[RUSH] extend: path=[(45, 8), (45, 9)]
[RUSH] extend: path len=2, builder at (40,3)
[RUSH] extend[0]: (45,8)->(45,9) bld=BuildingConveyor team=Team.A connected=True
[RUSH] extend[0]: already connected, skip
[RUSH] extend: endpoint (45,9) already has our gunner
  task=RUSH FAIL
  task=SCOUT_ENEMY 0us OK -> (<Direction.SOUTHWEST: 'southwest'>, None)
  task=HEAL_CORE FAIL
[RUSH] --- rush eval at (45,7) en_core=(46,16) ---
[RUSH] step1: no flow tile in gunner range of core
[RUSH] step2: flow near core at (46,8) d²=64, extending to siege (46,12)
[RUSH] extend: from (46,8) toward core (46,16)
[RUSH] extend: siege target (46,12)
[RUSH] extend: path=[(46, 8), (46, 9)]
[RUSH] extend: path len=2, builder at (45,7)
[RUSH] extend[0]: (46,8)->(46,9) bld=BuildingConveyor team=Team.A connected=True
[RUSH] extend[0]: already connected, skip
[RUSH] extend: endpoint (46,9) already has our gunner
  task=RUSH FAIL
  task=SCOUT_ENEMY 0us OK -> (<Direction.NORTH: 'north'>, None)
  task=HEAL_CORE FAIL
[RUSH] --- rush eval at (44,6) en_core=(46,16) ---
[RUSH] step1: no flow tile in gunner range of core
[RUSH] step2: flow near core at (46,8) d²=64, extending to siege (46,12)
[RUSH] extend: from (46,8) toward core (46,16)
[RUSH] extend: siege target (46,12)
[RUSH] extend: path=[(46, 8), (46, 9)]
[RUSH] extend: path len=2, builder at (44,6)
[RUSH] extend[0]: (46,8)->(46,9) bld=BuildingConveyor team=Team.A connected=True
[RUSH] extend[0]: already connected, skip
[RUSH] extend: endpoint (46,9) already has our gunner
  task=RUSH FAIL
  task=SCOUT_ENEMY 0us OK -> (<Direction.NORTHWEST: 'northwest'>, None)
  task=HEAL_CORE FAIL
[RUSH] --- rush eval at (44,7) en_core=(46,16) ---
[RUSH] step1: no flow tile in gunner range of core
[RUSH] step2: flow near core at (46,8) d²=64, extending to siege (46,12)
[RUSH] extend: from (46,8) toward core (46,16)
[RUSH] extend: siege target (46,12)
[RUSH] extend: path=[(46, 8), (46, 9)]
[RUSH] extend: path len=2, builder at (44,7)
[RUSH] extend[0]: (46,8)->(46,9) bld=BuildingConveyor team=Team.A connected=True
[RUSH] extend[0]: already connected, skip
[RUSH] extend: endpoint (46,9) already has our gunner
  task=RUSH FAIL
  task=SCOUT_ENEMY 0us OK -> (<Direction.NORTHWEST: 'northwest'>, None)
  task=HEAL_CORE FAIL
[RUSH] --- rush eval at (46,7) en_core=(46,16) ---
[RUSH] step1: no flow tile in gunner range of core
[RUSH] step2: flow near core at (46,8) d²=64, extending to siege (46,12)
[RUSH] extend: from (46,8) toward core (46,16)
[RUSH] extend: siege target (46,12)
[RUSH] extend: path=[(46, 8), (46, 9)]
[RUSH] extend: path len=2, builder at (46,7)
[RUSH] extend[0]: (46,8)->(46,9) bld=BuildingConveyor team=Team.A connected=True
[RUSH] extend[0]: already connected, skip
[RUSH] extend: endpoint (46,9) already has our gunner
  task=RUSH FAIL
  task=SCOUT_ENEMY 0us OK -> (<Direction.WEST: 'west'>, None)
[GUN] (45,9) facing=SOUTHWEST
[GUN] ray: target=None pri=0
[GUN] ammo=True
[GUN] feed_dir=NORTH
[GUN] no target, has ammo, best_rot=SOUTHWEST rot_pri=0
[GUN] (46,9) facing=SOUTH
[GUN] ray: target=None pri=0
[GUN] ammo=True
[GUN] feed_dir=NORTH
[GUN] no target, has ammo, best_rot=SOUTH rot_pri=0
  task=HEAL_CORE FAIL
[RUSH] --- rush eval at (47,7) en_core=(46,16) ---
[RUSH] step1: no flow tile in gunner range of core
[RUSH] step2: flow near core at (46,8) d²=64, extending to siege (46,12)
[RUSH] extend: from (46,8) toward core (46,16)
[RUSH] extend: siege target (46,12)
[RUSH] extend: path=[(46, 8), (46, 9)]
[RUSH] extend: path len=2, builder at (47,7)
[RUSH] extend[0]: (46,8)->(46,9) bld=BuildingConveyor team=Team.A connected=True
[RUSH] extend[0]: already connected, skip
[RUSH] extend: endpoint (46,9) already has our gunner
  task=RUSH FAIL
  task=SCOUT_ENEMY 0us OK -> (<Direction.NORTHWEST: 'northwest'>, None)
  task=HEAL_CORE FAIL
[RUSH] --- rush eval at (39,4) en_core=(46,16) ---
[RUSH] step1: no flow tile in gunner range of core
[RUSH] step2: flow near core at (45,8) d²=65, extending to siege (45,12)
[RUSH] extend: from (45,8) toward core (46,16)
[RUSH] extend: siege target (45,12)
[RUSH] extend: path=[(45, 8), (45, 9)]
[RUSH] extend: path len=2, builder at (39,4)
[RUSH] extend[0]: (45,8)->(45,9) bld=BuildingConveyor team=Team.A connected=True
[RUSH] extend[0]: already connected, skip
[RUSH] extend: endpoint (45,9) already has our gunner
  task=RUSH FAIL
  task=SCOUT_ENEMY 0us OK -> (<Direction.SOUTHWEST: 'southwest'>, PlaceRoad(pos=Position(x=38, y=5)))
  task=HEAL_CORE FAIL
[RUSH] --- rush eval at (45,6) en_core=(46,16) ---
[RUSH] step1: no flow tile in gunner range of core
[RUSH] step2: flow near core at (46,8) d²=64, extending to siege (46,12)
[RUSH] extend: from (46,8) toward core (46,16)
[RUSH] extend: siege target (46,12)
[RUSH] extend: path=[(46, 8), (46, 9)]
[RUSH] extend: path len=2, builder at (45,6)
[RUSH] extend[0]: (46,8)->(46,9) bld=BuildingConveyor team=Team.A connected=True
[RUSH] extend[0]: already connected, skip
[RUSH] extend: endpoint (46,9) already has our gunner
  task=RUSH FAIL
  task=SCOUT_ENEMY 0us OK -> (<Direction.NORTHWEST: 'northwest'>, None)
  task=HEAL_CORE FAIL
[RUSH] --- rush eval at (43,5) en_core=(46,16) ---
[RUSH] step1: no flow tile in gunner range of core
[RUSH] step2: flow near core at (46,8) d²=64, extending to siege (46,12)
[RUSH] extend: from (46,8) toward core (46,16)
[RUSH] extend: siege target (46,12)
[RUSH] extend: path=[(46, 8), (46, 9)]
[RUSH] extend: path len=2, builder at (43,5)
[RUSH] extend[0]: (46,8)->(46,9) bld=BuildingConveyor team=Team.A connected=True
[RUSH] extend[0]: already connected, skip
[RUSH] extend: endpoint (46,9) already has our gunner
  task=RUSH FAIL
  task=SCOUT_ENEMY 0us OK -> (<Direction.NORTHWEST: 'northwest'>, None)
  task=HEAL_CORE FAIL
[RUSH] --- rush eval at (43,6) en_core=(46,16) ---
[RUSH] step1: no flow tile in gunner range of core
[RUSH] step2: flow near core at (46,8) d²=64, extending to siege (46,12)
[RUSH] extend: from (46,8) toward core (46,16)
[RUSH] extend: siege target (46,12)
[RUSH] extend: path=[(46, 8), (46, 9)]
[RUSH] extend: path len=2, builder at (43,6)
[RUSH] extend[0]: (46,8)->(46,9) bld=BuildingConveyor team=Team.A connected=True
[RUSH] extend[0]: already connected, skip
[RUSH] extend: endpoint (46,9) already has our gunner
  task=RUSH FAIL
  task=SCOUT_ENEMY 0us OK -> (<Direction.NORTHWEST: 'northwest'>, None)
  task=HEAL_CORE FAIL
[RUSH] --- rush eval at (45,7) en_core=(46,16) ---
[RUSH] step1: no flow tile in gunner range of core
[RUSH] step2: flow near core at (46,8) d²=64, extending to siege (46,12)
[RUSH] extend: from (46,8) toward core (46,16)
[RUSH] extend: siege target (46,12)
[RUSH] extend: path=[(46, 8), (46, 9)]
[RUSH] extend: path len=2, builder at (45,7)
[RUSH] extend[0]: (46,8)->(46,9) bld=BuildingConveyor team=Team.A connected=True
[RUSH] extend[0]: already connected, skip
[RUSH] extend: endpoint (46,9) already has our gunner
  task=RUSH FAIL
  task=SCOUT_ENEMY 0us OK -> (<Direction.NORTHWEST: 'northwest'>, None)
[GUN] (45,9) facing=SOUTHWEST
[GUN] ray: target=None pri=0
[GUN] ammo=True
[GUN] feed_dir=NORTH
[GUN] no target, has ammo, best_rot=SOUTHWEST rot_pri=0
[GUN] (46,9) facing=SOUTH
[GUN] ray: target=None pri=0
[GUN] ammo=True
[GUN] feed_dir=NORTH
[GUN] no target, has ammo, best_rot=SOUTH rot_pri=0
  task=HEAL_CORE FAIL
[RUSH] --- rush eval at (46,6) en_core=(46,16) ---
[RUSH] step1: no flow tile in gunner range of core
  task=RUSH 0us OK -> (<Direction.SOUTHEAST: 'southeast'>, None)
  task=HEAL_CORE FAIL
[RUSH] --- rush eval at (38,5) en_core=(46,16) ---
[RUSH] step1: no flow tile in gunner range of core
  task=RUSH 0us OK -> (<Direction.NORTHEAST: 'northeast'>, None)
  task=HEAL_CORE FAIL
[RUSH] --- rush eval at (44,5) en_core=(46,16) ---
[RUSH] step1: no flow tile in gunner range of core
  task=RUSH 0us OK -> (<Direction.SOUTHEAST: 'southeast'>, None)
  task=HEAL_CORE FAIL
[RUSH] --- rush eval at (42,4) en_core=(46,16) ---
[RUSH] step1: no flow tile in gunner range of core
  task=RUSH 0us OK -> (<Direction.SOUTHEAST: 'southeast'>, None)
  task=HEAL_CORE FAIL
[RUSH] --- rush eval at (42,5) en_core=(46,16) ---
[RUSH] step1: no flow tile in gunner range of core
  task=RUSH 0us OK -> (<Direction.SOUTHEAST: 'southeast'>, None)
  task=HEAL_CORE FAIL
[RUSH] --- rush eval at (44,6) en_core=(46,16) ---
[RUSH] step1: no flow tile in gunner range of core
  task=RUSH 0us OK -> (<Direction.SOUTHEAST: 'southeast'>, None)
[GUN] (45,9) facing=SOUTHWEST
[GUN] ray: target=None pri=0
[GUN] ammo=True
[GUN] feed_dir=NORTH
[GUN] no target, has ammo, best_rot=SOUTHWEST rot_pri=0
[GUN] (46,9) facing=SOUTH
[GUN] ray: target=None pri=0
[GUN] ammo=True
[GUN] feed_dir=NORTH
[GUN] no target, has ammo, best_rot=SOUTH rot_pri=0
  task=HEAL_CORE FAIL
[RUSH] --- rush eval at (47,7) en_core=(46,16) ---
[RUSH] step1: no flow tile in gunner range of core
[RUSH] step1.5: upgrading conveyor at (46,8) to splitter facing EAST
  task=RUSH 0us OK -> (<Direction.CENTRE: 'centre'>, PlaceSplitter(pos=Position(x=46, y=8), direction=<Direction.EAST: 'east'>))
  task=HEAL_CORE FAIL
[RUSH] --- rush eval at (39,4) en_core=(46,16) ---
[RUSH] step1: no flow tile in gunner range of core
[RUSH] step2: flow near core at (45,8) d²=65, extending to siege (45,12)
[RUSH] extend: from (45,8) toward core (46,16)
[RUSH] extend: siege target (45,12)
[RUSH] extend: path=[(45, 8), (45, 9)]
[RUSH] extend: path len=2, builder at (39,4)
[RUSH] extend[0]: (45,8)->(45,9) bld=BuildingConveyor team=Team.A connected=True
[RUSH] extend[0]: already connected, skip
[RUSH] extend: endpoint (45,9) already has our gunner
  task=RUSH FAIL
  task=SCOUT_ENEMY 0us OK -> (<Direction.SOUTHWEST: 'southwest'>, None)
  task=HEAL_CORE FAIL
[RUSH] --- rush eval at (45,6) en_core=(46,16) ---
[RUSH] step1: no flow tile in gunner range of core
[RUSH] step2: flow near core at (47,8) d²=65, extending to siege (47,12)
[RUSH] extend: from (47,8) toward core (46,16)
[RUSH] extend: siege target (47,12)
[RUSH] extend: path=[(47, 8), (47, 9), (47, 10), (47, 11), (47, 12)]
[RUSH] extend: path len=5, builder at (45,6)
[RUSH] extend[0]: (47,8)->(47,9) bld=BuildingMarker team=Team.A connected=False
[RUSH] extend[0]: need to walk to (47,8) d²=8
  task=RUSH 0us OK -> (<Direction.SOUTHEAST: 'southeast'>, None)
  task=HEAL_CORE FAIL
[RUSH] --- rush eval at (43,5) en_core=(46,16) ---
[RUSH] step1: no flow tile in gunner range of core
[RUSH] step2: flow near core at (47,8) d²=65, extending to siege (47,12)
[RUSH] extend: from (47,8) toward core (46,16)
[RUSH] extend: siege target (47,12)
[RUSH] extend: path=[(47, 8), (47, 9), (47, 10), (47, 11), (47, 12)]
[RUSH] extend: path len=5, builder at (43,5)
[RUSH] extend[0]: (47,8)->(47,9) bld=BuildingMarker team=Team.A connected=False
[RUSH] extend[0]: need to walk to (47,8) d²=25
  task=RUSH 0us OK -> (<Direction.SOUTHEAST: 'southeast'>, None)
  task=HEAL_CORE FAIL
[RUSH] --- rush eval at (43,6) en_core=(46,16) ---
[RUSH] step1: no flow tile in gunner range of core
[RUSH] step2: flow near core at (47,8) d²=65, extending to siege (47,12)
[RUSH] extend: from (47,8) toward core (46,16)
[RUSH] extend: siege target (47,12)
[RUSH] extend: path=[(47, 8), (47, 9), (47, 10), (47, 11), (47, 12)]
[RUSH] extend: path len=5, builder at (43,6)
[RUSH] extend[0]: (47,8)->(47,9) bld=BuildingMarker team=Team.A connected=False
[RUSH] extend[0]: need to walk to (47,8) d²=20
  task=RUSH 0us OK -> (<Direction.SOUTHEAST: 'southeast'>, None)
  task=HEAL_CORE FAIL
[RUSH] --- rush eval at (45,7) en_core=(46,16) ---
[RUSH] step1: no flow tile in gunner range of core
[RUSH] step2: flow near core at (47,8) d²=65, extending to siege (47,12)
[RUSH] extend: from (47,8) toward core (46,16)
[RUSH] extend: siege target (47,12)
[RUSH] extend: path=[(47, 8), (47, 9), (47, 10), (47, 11), (47, 12)]
[RUSH] extend: path len=5, builder at (45,7)
[RUSH] extend[0]: (47,8)->(47,9) bld=BuildingMarker team=Team.A connected=False
[RUSH] extend[0]: need to walk to (47,8) d²=5
  task=RUSH 0us OK -> (<Direction.SOUTHEAST: 'southeast'>, None)
[GUN] (45,9) facing=SOUTHWEST
[GUN] ray: target=None pri=0
[GUN] ammo=True
[GUN] feed_dir=NORTH
[GUN] no target, has ammo, best_rot=SOUTHWEST rot_pri=0
[GUN] (46,9) facing=SOUTH
[GUN] ray: target=None pri=0
[GUN] ammo=True
[GUN] feed_dir=NORTH
[GUN] no target, has ammo, best_rot=SOUTH rot_pri=0
  task=HEAL_CORE FAIL
[RUSH] --- rush eval at (47,7) en_core=(46,16) ---
[RUSH] step1: no flow tile in gunner range of core
[RUSH] step2: flow near core at (47,8) d²=65, extending to siege (47,12)
[RUSH] extend: from (47,8) toward core (46,16)
[RUSH] extend: siege target (47,12)
[RUSH] extend: path=[(47, 8), (47, 9), (47, 10), (47, 11), (47, 12)]
[RUSH] extend: path len=5, builder at (47,7)
[RUSH] extend[0]: (47,8)->(47,9) bld=BuildingMarker team=Team.A connected=False
[RUSH] extend[0]: destroying allied BuildingMarker at (47,8) to rebuild
[RUSH] extend[0]: building (47,8)->(47,9) action=PlaceConveyor(pos=Position(x=47, y=8), direction=<Direction.SOUTH: 'south'>) d²=1
  task=RUSH 0us OK -> (<Direction.CENTRE: 'centre'>, PlaceConveyor(pos=Position(x=47, y=8), direction=<Direction.SOUTH: 'south'>))
  task=HEAL_CORE FAIL
[RUSH] --- rush eval at (38,5) en_core=(46,16) ---
[RUSH] step1: no flow tile in gunner range of core
[RUSH] step2: flow near core at (45,8) d²=65, extending to siege (45,12)
[RUSH] extend: from (45,8) toward core (46,16)
[RUSH] extend: siege target (45,12)
[RUSH] extend: path=[(45, 8), (45, 9)]
[RUSH] extend: path len=2, builder at (38,5)
[RUSH] extend[0]: (45,8)->(45,9) bld=BuildingConveyor team=Team.A connected=True
[RUSH] extend[0]: already connected, skip
[RUSH] extend: endpoint (45,9) already has our gunner
  task=RUSH FAIL
  task=SCOUT_ENEMY 0us OK -> (<Direction.SOUTHWEST: 'southwest'>, PlaceRoad(pos=Position(x=37, y=6)))
  task=HEAL_CORE FAIL
[RUSH] --- rush eval at (46,7) en_core=(46,16) ---
[RUSH] step1: no flow tile in gunner range of core
[RUSH] step2: flow near core at (47,9) d²=50, extending to siege (47,12)
[RUSH] extend: from (47,9) toward core (46,16)
[RUSH] extend: siege target (47,12)
[RUSH] extend: path=[(47, 9), (47, 10), (47, 11), (47, 12)]
[RUSH] extend: path len=4, builder at (46,7)
[RUSH] extend[0]: (47,9)->(47,10) bld=None team=None connected=False
[RUSH] extend[0]: need to walk to (47,9) d²=5
  task=RUSH 0us OK -> (<Direction.SOUTHEAST: 'southeast'>, None)
  task=HEAL_CORE FAIL
[RUSH] --- rush eval at (44,6) en_core=(46,16) ---
[RUSH] step1: no flow tile in gunner range of core
[RUSH] step2: flow near core at (47,9) d²=50, extending to siege (47,12)
[RUSH] extend: from (47,9) toward core (46,16)
[RUSH] extend: siege target (47,12)
[RUSH] extend: path=[(47, 9), (47, 10), (47, 11), (47, 12)]
[RUSH] extend: path len=4, builder at (44,6)
[RUSH] extend[0]: (47,9)->(47,10) bld=None team=None connected=False
[RUSH] extend[0]: need to walk to (47,9) d²=18
  task=RUSH 0us OK -> (<Direction.SOUTHEAST: 'southeast'>, None)
  task=HEAL_CORE FAIL
[RUSH] --- rush eval at (44,7) en_core=(46,16) ---
[RUSH] step1: no flow tile in gunner range of core
[RUSH] step2: flow near core at (47,9) d²=50, extending to siege (47,12)
[RUSH] extend: from (47,9) toward core (46,16)
[RUSH] extend: siege target (47,12)
[RUSH] extend: path=[(47, 9), (47, 10), (47, 11), (47, 12)]
[RUSH] extend: path len=4, builder at (44,7)
[RUSH] extend[0]: (47,9)->(47,10) bld=None team=None connected=False
[RUSH] extend[0]: need to walk to (47,9) d²=13
  task=RUSH 0us OK -> (<Direction.SOUTHEAST: 'southeast'>, None)
  task=HEAL_CORE FAIL
[RUSH] --- rush eval at (46,8) en_core=(46,16) ---
[RUSH] step1: no flow tile in gunner range of core
[RUSH] step2: flow near core at (47,9) d²=50, extending to siege (47,12)
[RUSH] extend: from (47,9) toward core (46,16)
[RUSH] extend: siege target (47,12)
[RUSH] extend: path=[(47, 9), (47, 10), (47, 11), (47, 12)]
[RUSH] extend: path len=4, builder at (46,8)
[RUSH] extend[0]: (47,9)->(47,10) bld=None team=None connected=False
[RUSH] extend[0]: building (47,9)->(47,10) action=PlaceConveyor(pos=Position(x=47, y=9), direction=<Direction.SOUTH: 'south'>) d²=2
  task=RUSH 0us OK -> (<Direction.CENTRE: 'centre'>, PlaceConveyor(pos=Position(x=47, y=9), direction=<Direction.SOUTH: 'south'>))
[GUN] (45,9) facing=SOUTHWEST
[GUN] ray: target=None pri=0
[GUN] ammo=True
[GUN] feed_dir=NORTH
[GUN] no target, has ammo, best_rot=SOUTHWEST rot_pri=0
[GUN] (46,9) facing=SOUTH
[GUN] ray: target=None pri=0
[GUN] ammo=True
[GUN] feed_dir=NORTH
[GUN] no target, has ammo, best_rot=SOUTH rot_pri=0
  task=HEAL_CORE FAIL
[RUSH] --- rush eval at (47,7) en_core=(46,16) ---
[RUSH] step1: no flow tile in gunner range of core
[RUSH] step2: flow near core at (47,9) d²=50, extending to siege (47,12)
[RUSH] extend: from (47,9) toward core (46,16)
[RUSH] extend: siege target (47,12)
[RUSH] extend: path=[(47, 9), (47, 10), (47, 11), (47, 12)]
[RUSH] extend: path len=4, builder at (47,7)
[RUSH] extend[0]: (47,9)->(47,10) bld=BuildingMarker team=Team.A connected=False
[RUSH] extend[0]: need to walk to (47,9) d²=4
  task=RUSH 0us OK -> (<Direction.SOUTHEAST: 'southeast'>, PlaceRoad(pos=Position(x=48, y=8)))
  task=HEAL_CORE FAIL
[RUSH] --- rush eval at (37,6) en_core=(46,16) ---
[RUSH] step1: no flow tile in gunner range of core
[RUSH] step2: flow near core at (45,8) d²=65, extending to siege (45,12)
[RUSH] extend: from (45,8) toward core (46,16)
[RUSH] extend: siege target (45,12)
[RUSH] extend: path=[(45, 8), (45, 9)]
[RUSH] extend: path len=2, builder at (37,6)
[RUSH] extend[0]: (45,8)->(45,9) bld=BuildingConveyor team=Team.A connected=True
[RUSH] extend[0]: already connected, skip
[RUSH] extend: endpoint (45,9) already has our gunner
  task=RUSH FAIL
  task=SCOUT_ENEMY 0us OK -> (<Direction.SOUTHWEST: 'southwest'>, PlaceRoad(pos=Position(x=36, y=7)))
  task=HEAL_CORE FAIL
[RUSH] --- rush eval at (47,8) en_core=(46,16) ---
[RUSH] step1: no flow tile in gunner range of core
[RUSH] step2: flow near core at (47,9) d²=50, extending to siege (47,12)
[RUSH] extend: from (47,9) toward core (46,16)
[RUSH] extend: siege target (47,12)
[RUSH] extend: path=[(47, 9), (47, 10), (47, 11), (47, 12)]
[RUSH] extend: path len=4, builder at (47,8)
[RUSH] extend[0]: (47,9)->(47,10) bld=BuildingMarker team=Team.A connected=False
[RUSH] extend[0]: destroying allied BuildingMarker at (47,9) to rebuild
[RUSH] extend[0]: building (47,9)->(47,10) action=PlaceConveyor(pos=Position(x=47, y=9), direction=<Direction.SOUTH: 'south'>) d²=1
  task=RUSH 0us OK -> (<Direction.CENTRE: 'centre'>, PlaceConveyor(pos=Position(x=47, y=9), direction=<Direction.SOUTH: 'south'>))
  task=HEAL_CORE FAIL
[RUSH] --- rush eval at (45,7) en_core=(46,16) ---
[RUSH] step1: no flow tile in gunner range of core
[RUSH] step2: flow near core at (47,9) d²=50, extending to siege (47,12)
[RUSH] extend: from (47,9) toward core (46,16)
[RUSH] extend: siege target (47,12)
[RUSH] extend: path=[(47, 9), (47, 10), (47, 11), (47, 12)]
[RUSH] extend: path len=4, builder at (45,7)
[RUSH] extend[0]: (47,9)->(47,10) bld=None team=None connected=False
[RUSH] extend[0]: need to walk to (47,9) d²=8
  task=RUSH 0us OK -> (<Direction.EAST: 'east'>, None)
  task=HEAL_CORE FAIL
[RUSH] --- rush eval at (45,8) en_core=(46,16) ---
[RUSH] step1: no flow tile in gunner range of core
[RUSH] step2: flow near core at (47,9) d²=50, extending to siege (47,12)
[RUSH] extend: from (47,9) toward core (46,16)
[RUSH] extend: siege target (47,12)
[RUSH] extend: path=[(47, 9), (47, 10), (47, 11), (47, 12)]
[RUSH] extend: path len=4, builder at (45,8)
[RUSH] extend[0]: (47,9)->(47,10) bld=None team=None connected=False
[RUSH] extend[0]: need to walk to (47,9) d²=5
  task=RUSH 0us OK -> (<Direction.NORTH: 'north'>, None)
  task=HEAL_CORE FAIL
[RUSH] --- rush eval at (46,8) en_core=(46,16) ---
[RUSH] step1: no flow tile in gunner range of core
[RUSH] step2: flow near core at (47,9) d²=50, extending to siege (47,12)
[RUSH] extend: from (47,9) toward core (46,16)
[RUSH] extend: siege target (47,12)
[RUSH] extend: path=[(47, 9), (47, 10), (47, 11), (47, 12)]
[RUSH] extend: path len=4, builder at (46,8)
[RUSH] extend[0]: (47,9)->(47,10) bld=None team=None connected=False
[RUSH] extend[0]: building (47,9)->(47,10) action=PlaceConveyor(pos=Position(x=47, y=9), direction=<Direction.SOUTH: 'south'>) d²=2
  task=RUSH 0us OK -> (<Direction.CENTRE: 'centre'>, PlaceConveyor(pos=Position(x=47, y=9), direction=<Direction.SOUTH: 'south'>))
[GUN] (45,9) facing=SOUTHWEST
[GUN] ray: target=None pri=0
[GUN] ammo=True
[GUN] feed_dir=NORTH
[GUN] no target, has ammo, best_rot=SOUTHWEST rot_pri=0
[GUN] (46,9) facing=SOUTH
[GUN] ray: target=None pri=0
[GUN] ammo=True
[GUN] feed_dir=NORTH
[GUN] no target, has ammo, best_rot=SOUTH rot_pri=0
  task=HEAL_CORE FAIL
[RUSH] --- rush eval at (48,8) en_core=(46,16) ---
[RUSH] step1: no flow tile in gunner range of core
[RUSH] step2: flow near core at (47,9) d²=50, extending to siege (47,12)
[RUSH] extend: from (47,9) toward core (46,16)
[RUSH] extend: siege target (47,12)
[RUSH] extend: path=[(47, 9), (47, 10), (47, 11), (47, 12)]
[RUSH] extend: path len=4, builder at (48,8)
[RUSH] extend[0]: (47,9)->(47,10) bld=BuildingMarker team=Team.A connected=False
[RUSH] extend[0]: destroying allied BuildingMarker at (47,9) to rebuild
[RUSH] extend[0]: building (47,9)->(47,10) action=PlaceConveyor(pos=Position(x=47, y=9), direction=<Direction.SOUTH: 'south'>) d²=2
  task=RUSH 0us OK -> (<Direction.CENTRE: 'centre'>, PlaceConveyor(pos=Position(x=47, y=9), direction=<Direction.SOUTH: 'south'>))
  task=HEAL_CORE FAIL
[RUSH] --- rush eval at (36,7) en_core=(46,16) ---
[RUSH] step1: no flow tile in gunner range of core
[RUSH] step2: flow near core at (45,8) d²=65, extending to siege (45,12)
[RUSH] extend: from (45,8) toward core (46,16)
[RUSH] extend: siege target (45,12)
[RUSH] extend: path=[(45, 8), (45, 9)]
[RUSH] extend: path len=2, builder at (36,7)
[RUSH] extend[0]: (45,8)->(45,9) bld=BuildingConveyor team=Team.A connected=True
[RUSH] extend[0]: already connected, skip
[RUSH] extend: endpoint (45,9) already has our gunner
  task=RUSH FAIL
  task=SCOUT_ENEMY 0us OK -> (<Direction.SOUTHWEST: 'southwest'>, PlaceRoad(pos=Position(x=35, y=8)))
  task=HEAL_CORE FAIL
[RUSH] --- rush eval at (47,8) en_core=(46,16) ---
[RUSH] step1: no flow tile in gunner range of core
[RUSH] step2: flow near core at (47,10) d²=37, extending to siege (47,12)
[RUSH] extend: from (47,10) toward core (46,16)
[RUSH] extend: siege target (47,12)
[RUSH] extend: path=[(47, 10), (47, 11), (47, 12)]
[RUSH] extend: path len=3, builder at (47,8)
[RUSH] extend[0]: (47,10)->(47,11) bld=None team=None connected=False
[RUSH] extend[0]: need to walk to (47,10) d²=4
  task=RUSH 0us OK -> (<Direction.SOUTH: 'south'>, None)
  task=HEAL_CORE FAIL
[RUSH] --- rush eval at (46,7) en_core=(46,16) ---
[RUSH] step1: no flow tile in gunner range of core
[RUSH] step2: flow near core at (47,10) d²=37, extending to siege (47,12)
[RUSH] extend: from (47,10) toward core (46,16)
[RUSH] extend: siege target (47,12)
[RUSH] extend: path=[(47, 10), (47, 11), (47, 12)]
[RUSH] extend: path len=3, builder at (46,7)
[RUSH] extend[0]: (47,10)->(47,11) bld=None team=None connected=False
[RUSH] extend[0]: need to walk to (47,10) d²=10
  task=RUSH 0us OK -> (<Direction.SOUTHEAST: 'southeast'>, None)
  task=HEAL_CORE FAIL
[RUSH] --- rush eval at (45,7) en_core=(46,16) ---
[RUSH] step1: no flow tile in gunner range of core
[RUSH] step2: flow near core at (47,10) d²=37, extending to siege (47,12)
[RUSH] extend: from (47,10) toward core (46,16)
[RUSH] extend: siege target (47,12)
[RUSH] extend: path=[(47, 10), (47, 11), (47, 12)]
[RUSH] extend: path len=3, builder at (45,7)
[RUSH] extend[0]: (47,10)->(47,11) bld=None team=None connected=False
[RUSH] extend[0]: need to walk to (47,10) d²=13
  task=RUSH 0us OK -> (<Direction.EAST: 'east'>, None)
  task=HEAL_CORE FAIL
[RUSH] --- rush eval at (46,8) en_core=(46,16) ---
[RUSH] step1: no flow tile in gunner range of core
[RUSH] step2: flow near core at (47,10) d²=37, extending to siege (47,12)
[RUSH] extend: from (47,10) toward core (46,16)
[RUSH] extend: siege target (47,12)
[RUSH] extend: path=[(47, 10), (47, 11), (47, 12)]
[RUSH] extend: path len=3, builder at (46,8)
[RUSH] extend[0]: (47,10)->(47,11) bld=None team=None connected=False
[RUSH] extend[0]: need to walk to (47,10) d²=5
  task=RUSH 0us OK -> (<Direction.NORTHEAST: 'northeast'>, None)
[GUN] (45,9) facing=SOUTHWEST
[GUN] ray: target=None pri=0
[GUN] ammo=True
[GUN] feed_dir=NORTH
[GUN] no target, has ammo, best_rot=SOUTHWEST rot_pri=0
[GUN] (46,9) facing=SOUTH
[GUN] ray: target=None pri=0
[GUN] ammo=True
[GUN] feed_dir=NORTH
[GUN] no target, has ammo, best_rot=SOUTH rot_pri=0
  task=HEAL_CORE FAIL
[RUSH] --- rush eval at (48,8) en_core=(46,16) ---
[RUSH] step1: no flow tile in gunner range of core
[RUSH] step2: flow near core at (47,10) d²=37, extending to siege (47,12)
[RUSH] extend: from (47,10) toward core (46,16)
[RUSH] extend: siege target (47,12)
[RUSH] extend: path=[(47, 10), (47, 11), (47, 12)]
[RUSH] extend: path len=3, builder at (48,8)
[RUSH] extend[0]: (47,10)->(47,11) bld=None team=None connected=False
[RUSH] extend[0]: need to walk to (47,10) d²=5
  task=RUSH 0us OK -> (<Direction.SOUTH: 'south'>, PlaceRoad(pos=Position(x=48, y=9)))
  task=HEAL_CORE FAIL
[RUSH] --- rush eval at (35,8) en_core=(46,16) ---
[RUSH] step1: no flow tile in gunner range of core
[RUSH] step2: flow near core at (45,8) d²=65, extending to siege (45,12)
[RUSH] extend: from (45,8) toward core (46,16)
[RUSH] extend: siege target (45,12)
[RUSH] extend: path=[(45, 8), (45, 9)]
[RUSH] extend: path len=2, builder at (35,8)
[RUSH] extend[0]: (45,8)->(45,9) bld=BuildingConveyor team=Team.A connected=True
[RUSH] extend[0]: already connected, skip
[RUSH] extend: endpoint (45,9) already has our gunner
  task=RUSH FAIL
  task=SCOUT_ENEMY FAIL
  task=CONNECT_BACK 0us OK -> (<Direction.NORTHEAST: 'northeast'>, None)
  task=HEAL_CORE FAIL
[RUSH] --- rush eval at (47,9) en_core=(46,16) ---
[RUSH] step1: no flow tile in gunner range of core
[RUSH] step2: flow near core at (47,10) d²=37, extending to siege (47,12)
[RUSH] extend: from (47,10) toward core (46,16)
[RUSH] extend: siege target (47,12)
[RUSH] extend: path=[(47, 10), (47, 11), (47, 12)]
[RUSH] extend: path len=3, builder at (47,9)
[RUSH] extend[0]: (47,10)->(47,11) bld=None team=None connected=False
[RUSH] extend[0]: building (47,10)->(47,11) action=PlaceConveyor(pos=Position(x=47, y=10), direction=<Direction.SOUTH: 'south'>) d²=1
  task=RUSH 0us OK -> (<Direction.CENTRE: 'centre'>, PlaceConveyor(pos=Position(x=47, y=10), direction=<Direction.SOUTH: 'south'>))
  task=HEAL_CORE FAIL
[RUSH] --- rush eval at (47,8) en_core=(46,16) ---
[RUSH] step1: no flow tile in gunner range of core
[RUSH] step2: flow near core at (47,10) d²=37, extending to siege (47,12)
[RUSH] extend: from (47,10) toward core (46,16)
[RUSH] extend: siege target (47,12)
[RUSH] extend: path=[(47, 10), (47, 11), (47, 12)]
[RUSH] extend: path len=3, builder at (47,8)
[RUSH] extend[0]: (47,10)->(47,11) bld=None team=None connected=False
[RUSH] extend[0]: need to walk to (47,10) d²=4
  task=RUSH 0us OK -> (<Direction.EAST: 'east'>, None)
  task=HEAL_CORE FAIL
[RUSH] --- rush eval at (46,7) en_core=(46,16) ---
[RUSH] step1: no flow tile in gunner range of core
[RUSH] step2: flow near core at (47,10) d²=37, extending to siege (47,12)
[RUSH] extend: from (47,10) toward core (46,16)
[RUSH] extend: siege target (47,12)
[RUSH] extend: path=[(47, 10), (47, 11), (47, 12)]
[RUSH] extend: path len=3, builder at (46,7)
[RUSH] extend[0]: (47,10)->(47,11) bld=None team=None connected=False
[RUSH] extend[0]: need to walk to (47,10) d²=10
  task=RUSH 0us OK -> (<Direction.SOUTHEAST: 'southeast'>, None)
  task=HEAL_CORE FAIL
[RUSH] --- rush eval at (47,7) en_core=(46,16) ---
[RUSH] step1: no flow tile in gunner range of core
[RUSH] step2: flow near core at (47,10) d²=37, extending to siege (47,12)
[RUSH] extend: from (47,10) toward core (46,16)
[RUSH] extend: siege target (47,12)
[RUSH] extend: path=[(47, 10), (47, 11), (47, 12)]
[RUSH] extend: path len=3, builder at (47,7)
[RUSH] extend[0]: (47,10)->(47,11) bld=None team=None connected=False
[RUSH] extend[0]: need to walk to (47,10) d²=9
  task=RUSH FAIL
  task=SCOUT_ENEMY 0us OK -> (<Direction.SOUTHWEST: 'southwest'>, None)
[GUN] (45,9) facing=SOUTHWEST
[GUN] ray: target=None pri=0
[GUN] ammo=True
[GUN] feed_dir=NORTH
[GUN] no target, has ammo, best_rot=SOUTHWEST rot_pri=0
[GUN] (46,9) facing=SOUTH
[GUN] ray: target=None pri=0
[GUN] ammo=True
[GUN] feed_dir=NORTH
[GUN] no target, has ammo, best_rot=SOUTH rot_pri=0
  task=HEAL_CORE FAIL
[RUSH] --- rush eval at (48,9) en_core=(46,16) ---
[RUSH] step1: no flow tile in gunner range of core
[RUSH] step2: flow near core at (47,10) d²=37, extending to siege (47,12)
[RUSH] extend: from (47,10) toward core (46,16)
[RUSH] extend: siege target (47,12)
[RUSH] extend: path=[(47, 10), (47, 11), (47, 12)]
[RUSH] extend: path len=3, builder at (48,9)
[RUSH] extend[0]: (47,10)->(47,11) bld=None team=None connected=False
[RUSH] extend[0]: building (47,10)->(47,11) action=PlaceConveyor(pos=Position(x=47, y=10), direction=<Direction.SOUTH: 'south'>) d²=2
  task=RUSH 0us OK -> (<Direction.CENTRE: 'centre'>, PlaceConveyor(pos=Position(x=47, y=10), direction=<Direction.SOUTH: 'south'>))
  task=HEAL_CORE FAIL
[RUSH] --- rush eval at (36,7) en_core=(46,16) ---
[RUSH] step1: no flow tile in gunner range of core
[RUSH] step2: flow near core at (45,8) d²=65, extending to siege (45,12)
[RUSH] extend: from (45,8) toward core (46,16)
[RUSH] extend: siege target (45,12)
[RUSH] extend: path=[(45, 8), (45, 9)]
[RUSH] extend: path len=2, builder at (36,7)
[RUSH] extend[0]: (45,8)->(45,9) bld=BuildingConveyor team=Team.A connected=True
[RUSH] extend[0]: already connected, skip
[RUSH] extend: endpoint (45,9) already has our gunner
  task=RUSH FAIL
  task=SCOUT_ENEMY 0us OK -> (<Direction.SOUTHWEST: 'southwest'>, None)
  task=HEAL_CORE FAIL
[RUSH] --- rush eval at (47,9) en_core=(46,16) ---
[RUSH] step1: no flow tile in gunner range of core
[RUSH] step2: flow near core at (47,10) d²=37, extending to siege (47,12)
[RUSH] extend: from (47,10) toward core (46,16)
[RUSH] extend: siege target (47,12)
[RUSH] extend: path=[(47, 10), (47, 11), (47, 12)]
[RUSH] extend: path len=3, builder at (47,9)
[RUSH] extend[0]: (47,10)->(47,11) bld=None team=None connected=False
[RUSH] extend[0]: building (47,10)->(47,11) action=PlaceConveyor(pos=Position(x=47, y=10), direction=<Direction.SOUTH: 'south'>) d²=1
  task=RUSH 0us OK -> (<Direction.CENTRE: 'centre'>, PlaceConveyor(pos=Position(x=47, y=10), direction=<Direction.SOUTH: 'south'>))
  task=HEAL_CORE FAIL
[RUSH] --- rush eval at (48,8) en_core=(46,16) ---
[RUSH] step1: no flow tile in gunner range of core
[RUSH] step2: flow near core at (47,10) d²=37, extending to siege (47,12)
[RUSH] extend: from (47,10) toward core (46,16)
[RUSH] extend: siege target (47,12)
[RUSH] extend: path=[(47, 10), (47, 11), (47, 12)]
[RUSH] extend: path len=3, builder at (48,8)
[RUSH] extend[0]: (47,10)->(47,11) bld=None team=None connected=False
[RUSH] extend[0]: need to walk to (47,10) d²=5
  task=RUSH FAIL
  task=SCOUT_ENEMY 0us OK -> (<Direction.NORTHWEST: 'northwest'>, None)
  task=HEAL_CORE FAIL
[RUSH] --- rush eval at (47,8) en_core=(46,16) ---
[RUSH] step1: no flow tile in gunner range of core
[RUSH] step2: flow near core at (47,10) d²=37, extending to siege (47,12)
[RUSH] extend: from (47,10) toward core (46,16)
[RUSH] extend: siege target (47,12)
[RUSH] extend: path=[(47, 10), (47, 11), (47, 12)]
[RUSH] extend: path len=3, builder at (47,8)
[RUSH] extend[0]: (47,10)->(47,11) bld=None team=None connected=False
[RUSH] extend[0]: need to walk to (47,10) d²=4
  task=RUSH 0us OK -> (<Direction.EAST: 'east'>, None)
  task=HEAL_CORE FAIL
[RUSH] --- rush eval at (46,8) en_core=(46,16) ---
[RUSH] step1: no flow tile in gunner range of core
[RUSH] step2: flow near core at (47,10) d²=37, extending to siege (47,12)
[RUSH] extend: from (47,10) toward core (46,16)
[RUSH] extend: siege target (47,12)
[RUSH] extend: path=[(47, 10), (47, 11), (47, 12)]
[RUSH] extend: path len=3, builder at (46,8)
[RUSH] extend[0]: (47,10)->(47,11) bld=None team=None connected=False
[RUSH] extend[0]: need to walk to (47,10) d²=5
  task=RUSH 0us OK -> (<Direction.EAST: 'east'>, None)
[GUN] (45,9) facing=SOUTHWEST
[GUN] ray: target=None pri=0
[GUN] ammo=True
[GUN] feed_dir=NORTH
[GUN] no target, has ammo, best_rot=SOUTHWEST rot_pri=0
[GUN] (46,9) facing=SOUTH
[GUN] ray: target=None pri=0
[GUN] ammo=True
[GUN] feed_dir=NORTH
[GUN] no target, has ammo, best_rot=SOUTH rot_pri=0
  task=HEAL_CORE FAIL
[RUSH] --- rush eval at (48,9) en_core=(46,16) ---
[RUSH] step1: no flow tile in gunner range of core
[RUSH] step2: flow near core at (47,10) d²=37, extending to siege (47,12)
[RUSH] extend: from (47,10) toward core (46,16)
[RUSH] extend: siege target (47,12)
[RUSH] extend: path=[(47, 10), (47, 11), (47, 12)]
[RUSH] extend: path len=3, builder at (48,9)
[RUSH] extend[0]: (47,10)->(47,11) bld=None team=None connected=False
[RUSH] extend[0]: building (47,10)->(47,11) action=PlaceConveyor(pos=Position(x=47, y=10), direction=<Direction.SOUTH: 'south'>) d²=2
  task=RUSH 0us OK -> (<Direction.CENTRE: 'centre'>, PlaceConveyor(pos=Position(x=47, y=10), direction=<Direction.SOUTH: 'south'>))
  task=HEAL_CORE FAIL
[RUSH] --- rush eval at (35,8) en_core=(46,16) ---
[RUSH] step1: no flow tile in gunner range of core
[RUSH] step2: flow near core at (45,8) d²=65, extending to siege (45,12)
[RUSH] extend: from (45,8) toward core (46,16)
[RUSH] extend: siege target (45,12)
[RUSH] extend: path=[(45, 8), (45, 9)]
[RUSH] extend: path len=2, builder at (35,8)
[RUSH] extend[0]: (45,8)->(45,9) bld=BuildingConveyor team=Team.A connected=True
[RUSH] extend[0]: already connected, skip
[RUSH] extend: endpoint (45,9) already has our gunner
  task=RUSH FAIL
  task=SCOUT_ENEMY FAIL
  task=CONNECT_BACK 0us OK -> (<Direction.NORTHEAST: 'northeast'>, None)
  task=HEAL_CORE FAIL
[RUSH] --- rush eval at (47,9) en_core=(46,16) ---
[RUSH] step1: no flow tile in gunner range of core
[RUSH] step2: flow near core at (47,11) d²=26, extending to siege (47,12)
[RUSH] extend: from (47,11) toward core (46,16)
[RUSH] extend: siege target (47,12)
[RUSH] extend: path=[(47, 11), (47, 12)]
[RUSH] extend: path len=2, builder at (47,9)
[RUSH] extend[0]: (47,11)->(47,12) bld=None team=None connected=False
[RUSH] extend[0]: need to walk to (47,11) d²=4
  task=RUSH 0us OK -> (<Direction.SOUTH: 'south'>, None)
  task=HEAL_CORE FAIL
[RUSH] --- rush eval at (47,7) en_core=(46,16) ---
[RUSH] step1: no flow tile in gunner range of core
[RUSH] step2: flow near core at (47,11) d²=26, extending to siege (47,12)
[RUSH] extend: from (47,11) toward core (46,16)
[RUSH] extend: siege target (47,12)
[RUSH] extend: path=[(47, 11), (47, 12)]
[RUSH] extend: path len=2, builder at (47,7)
[RUSH] extend[0]: (47,11)->(47,12) bld=None team=None connected=False
[RUSH] extend[0]: need to walk to (47,11) d²=16
  task=RUSH 0us OK -> (<Direction.SOUTHWEST: 'southwest'>, None)
  task=HEAL_CORE FAIL
[RUSH] --- rush eval at (48,8) en_core=(46,16) ---
[RUSH] step1: no flow tile in gunner range of core
[RUSH] step2: flow near core at (47,11) d²=26, extending to siege (47,12)
[RUSH] extend: from (47,11) toward core (46,16)
[RUSH] extend: siege target (47,12)
[RUSH] extend: path=[(47, 11), (47, 12)]
[RUSH] extend: path len=2, builder at (48,8)
[RUSH] extend[0]: (47,11)->(47,12) bld=None team=None connected=False
[RUSH] extend[0]: need to walk to (47,11) d²=10
  task=RUSH 0us OK -> (<Direction.SOUTHWEST: 'southwest'>, None)
  task=HEAL_CORE FAIL
[RUSH] --- rush eval at (47,8) en_core=(46,16) ---
[RUSH] step1: no flow tile in gunner range of core
[RUSH] step2: flow near core at (47,11) d²=26, extending to siege (47,12)
[RUSH] extend: from (47,11) toward core (46,16)
[RUSH] extend: siege target (47,12)
[RUSH] extend: path=[(47, 11), (47, 12)]
[RUSH] extend: path len=2, builder at (47,8)
[RUSH] extend[0]: (47,11)->(47,12) bld=None team=None connected=False
[RUSH] extend[0]: need to walk to (47,11) d²=9
  task=RUSH 0us OK -> (<Direction.EAST: 'east'>, None)
[GUN] (45,9) facing=SOUTHWEST
[GUN] ray: target=None pri=0
[GUN] ammo=True
[GUN] feed_dir=NORTH
[GUN] no target, has ammo, best_rot=SOUTHWEST rot_pri=0
[GUN] (46,9) facing=SOUTH
[GUN] ray: target=None pri=0
[GUN] ammo=True
[GUN] feed_dir=NORTH
[GUN] no target, has ammo, best_rot=SOUTH rot_pri=0
  task=HEAL_CORE FAIL
[RUSH] --- rush eval at (48,9) en_core=(46,16) ---
[RUSH] step1: no flow tile in gunner range of core
[RUSH] step2: flow near core at (47,11) d²=26, extending to siege (47,12)
[RUSH] extend: from (47,11) toward core (46,16)
[RUSH] extend: siege target (47,12)
[RUSH] extend: path=[(47, 11), (47, 12)]
[RUSH] extend: path len=2, builder at (48,9)
[RUSH] extend[0]: (47,11)->(47,12) bld=None team=None connected=False
[RUSH] extend[0]: need to walk to (47,11) d²=5
  task=RUSH 0us OK -> (<Direction.SOUTH: 'south'>, PlaceRoad(pos=Position(x=48, y=10)))
  task=HEAL_CORE FAIL
[RUSH] --- rush eval at (36,7) en_core=(46,16) ---
[RUSH] step1: no flow tile in gunner range of core
[RUSH] step2: flow near core at (45,8) d²=65, extending to siege (45,12)
[RUSH] extend: from (45,8) toward core (46,16)
[RUSH] extend: siege target (45,12)
[RUSH] extend: path=[(45, 8), (45, 9)]
[RUSH] extend: path len=2, builder at (36,7)
[RUSH] extend[0]: (45,8)->(45,9) bld=BuildingConveyor team=Team.A connected=True
[RUSH] extend[0]: already connected, skip
[RUSH] extend: endpoint (45,9) already has our gunner
  task=RUSH FAIL
  task=SCOUT_ENEMY 0us OK -> (<Direction.SOUTHWEST: 'southwest'>, None)
  task=HEAL_CORE FAIL
[RUSH] --- rush eval at (47,10) en_core=(46,16) ---
[RUSH] step1: no flow tile in gunner range of core
[RUSH] step2: flow near core at (47,11) d²=26, extending to siege (47,12)
[RUSH] extend: from (47,11) toward core (46,16)
[RUSH] extend: siege target (47,12)
[RUSH] extend: path=[(47, 11), (47, 12)]
[RUSH] extend: path len=2, builder at (47,10)
[RUSH] extend[0]: (47,11)->(47,12) bld=None team=None connected=False
[RUSH] extend[0]: building (47,11)->(47,12) action=PlaceConveyor(pos=Position(x=47, y=11), direction=<Direction.SOUTH: 'south'>) d²=1
  task=RUSH 0us OK -> (<Direction.CENTRE: 'centre'>, PlaceConveyor(pos=Position(x=47, y=11), direction=<Direction.SOUTH: 'south'>))
  task=HEAL_CORE FAIL
[RUSH] --- rush eval at (46,8) en_core=(46,16) ---
[RUSH] step1: flow in range at (47,12) facing SOUTH
[RUSH] gunner: want to place at (47,12) facing SOUTH, ti=9 cost=35
[RUSH] gunner: cannot afford (need 35, have 9)
[RUSH] step1: can't afford gunner, holding turn
  task=RUSH 0us OK -> (<Direction.CENTRE: 'centre'>, None)
  task=HEAL_CORE FAIL
[RUSH] --- rush eval at (47,9) en_core=(46,16) ---
[RUSH] step1: flow in range at (47,12) facing SOUTH
[RUSH] gunner: want to place at (47,12) facing SOUTH, ti=9 cost=35
[RUSH] gunner: cannot afford (need 35, have 9)
[RUSH] step1: can't afford gunner, holding turn
  task=RUSH 0us OK -> (<Direction.CENTRE: 'centre'>, None)
  task=HEAL_CORE FAIL
[RUSH] --- rush eval at (48,8) en_core=(46,16) ---
[RUSH] step1: flow in range at (47,12) facing SOUTH
[RUSH] gunner: want to place at (47,12) facing SOUTH, ti=9 cost=35
[RUSH] gunner: cannot afford (need 35, have 9)
[RUSH] step1: can't afford gunner, holding turn
  task=RUSH 0us OK -> (<Direction.CENTRE: 'centre'>, None)
[GUN] (45,9) facing=SOUTHWEST
[GUN] ray: target=None pri=0
[GUN] ammo=True
[GUN] feed_dir=NORTH
[GUN] no target, has ammo, best_rot=SOUTHWEST rot_pri=0
[GUN] (46,9) facing=SOUTH
[GUN] ray: target=None pri=0
[GUN] ammo=True
[GUN] feed_dir=NORTH
[GUN] no target, has ammo, best_rot=SOUTH rot_pri=0
  task=HEAL_CORE FAIL
[RUSH] --- rush eval at (48,10) en_core=(46,16) ---
[RUSH] step1: flow in range at (47,12) facing SOUTH
[RUSH] gunner: want to place at (47,12) facing SOUTH, ti=9 cost=35
[RUSH] gunner: cannot afford (need 35, have 9)
[RUSH] step1: can't afford gunner, holding turn
  task=RUSH 0us OK -> (<Direction.CENTRE: 'centre'>, None)
  task=HEAL_CORE FAIL
[RUSH] --- rush eval at (35,8) en_core=(46,16) ---
[RUSH] step1: no flow tile in gunner range of core
[RUSH] step2: flow near core at (45,8) d²=65, extending to siege (45,12)
[RUSH] extend: from (45,8) toward core (46,16)
[RUSH] extend: siege target (45,12)
[RUSH] extend: path=[(45, 8), (45, 9)]
[RUSH] extend: path len=2, builder at (35,8)
[RUSH] extend[0]: (45,8)->(45,9) bld=BuildingConveyor team=Team.A connected=True
[RUSH] extend[0]: already connected, skip
[RUSH] extend: endpoint (45,9) already has our gunner
  task=RUSH FAIL
  task=SCOUT_ENEMY 0us OK -> (<Direction.SOUTHEAST: 'southeast'>, PlaceRoad(pos=Position(x=36, y=9)))
  task=HEAL_CORE FAIL
[RUSH] --- rush eval at (47,10) en_core=(46,16) ---
[RUSH] step1: flow in range at (47,12) facing SOUTH
[RUSH] gunner: want to place at (47,12) facing SOUTH, ti=6 cost=35
[RUSH] gunner: cannot afford (need 35, have 6)
[RUSH] step1: can't afford gunner, holding turn
  task=RUSH 0us OK -> (<Direction.CENTRE: 'centre'>, None)
  task=HEAL_CORE FAIL
[RUSH] --- rush eval at (46,8) en_core=(46,16) ---
[RUSH] step1: flow in range at (47,12) facing SOUTH
[RUSH] gunner: want to place at (47,12) facing SOUTH, ti=6 cost=35
[RUSH] gunner: cannot afford (need 35, have 6)
[RUSH] step1: can't afford gunner, holding turn
  task=RUSH 0us OK -> (<Direction.CENTRE: 'centre'>, None)
  task=HEAL_CORE FAIL
[RUSH] --- rush eval at (47,9) en_core=(46,16) ---
[RUSH] step1: flow in range at (47,12) facing SOUTH
[RUSH] gunner: want to place at (47,12) facing SOUTH, ti=6 cost=35
[RUSH] gunner: cannot afford (need 35, have 6)
[RUSH] step1: can't afford gunner, holding turn
  task=RUSH 0us OK -> (<Direction.CENTRE: 'centre'>, None)
  task=HEAL_CORE FAIL
[RUSH] --- rush eval at (48,8) en_core=(46,16) ---
[RUSH] step1: flow in range at (47,12) facing SOUTH
[RUSH] gunner: want to place at (47,12) facing SOUTH, ti=6 cost=35
[RUSH] gunner: cannot afford (need 35, have 6)
[RUSH] step1: can't afford gunner, holding turn
  task=RUSH 0us OK -> (<Direction.CENTRE: 'centre'>, None)
[GUN] (45,9) facing=SOUTHWEST
[GUN] ray: target=None pri=0
[GUN] ammo=True
[GUN] feed_dir=NORTH
[GUN] no target, has ammo, best_rot=SOUTHWEST rot_pri=0
[GUN] (46,9) facing=SOUTH
[GUN] ray: target=None pri=0
[GUN] ammo=True
[GUN] feed_dir=NORTH
[GUN] no target, has ammo, best_rot=SOUTH rot_pri=0
  task=HEAL_CORE FAIL
[RUSH] --- rush eval at (48,10) en_core=(46,16) ---
[RUSH] step1: flow in range at (47,12) facing SOUTH
[RUSH] gunner: want to place at (47,12) facing SOUTH, ti=16 cost=35
[RUSH] gunner: cannot afford (need 35, have 16)
[RUSH] step1: can't afford gunner, holding turn
  task=RUSH 0us OK -> (<Direction.CENTRE: 'centre'>, None)
  task=HEAL_CORE FAIL
[RUSH] --- rush eval at (36,9) en_core=(46,16) ---
[RUSH] step1: no flow tile in gunner range of core
[RUSH] step2: flow near core at (45,8) d²=65, extending to siege (45,12)
[RUSH] extend: from (45,8) toward core (46,16)
[RUSH] extend: siege target (45,12)
[RUSH] extend: path=[(45, 8), (45, 9)]
[RUSH] extend: path len=2, builder at (36,9)
[RUSH] extend[0]: (45,8)->(45,9) bld=BuildingConveyor team=Team.A connected=True
[RUSH] extend[0]: already connected, skip
[RUSH] extend: endpoint (45,9) already has our gunner
  task=RUSH FAIL
  task=SCOUT_ENEMY 0us OK -> (<Direction.SOUTHWEST: 'southwest'>, PlaceRoad(pos=Position(x=35, y=10)))
  task=HEAL_CORE FAIL
[RUSH] --- rush eval at (47,10) en_core=(46,16) ---
[RUSH] step1: flow in range at (47,12) facing SOUTH
[RUSH] gunner: want to place at (47,12) facing SOUTH, ti=13 cost=35
[RUSH] gunner: cannot afford (need 35, have 13)
[RUSH] step1: can't afford gunner, holding turn
  task=RUSH 0us OK -> (<Direction.CENTRE: 'centre'>, None)
  task=HEAL_CORE FAIL
[RUSH] --- rush eval at (46,8) en_core=(46,16) ---
[RUSH] step1: flow in range at (47,12) facing SOUTH
[RUSH] gunner: want to place at (47,12) facing SOUTH, ti=13 cost=35
[RUSH] gunner: cannot afford (need 35, have 13)
[RUSH] step1: can't afford gunner, holding turn
  task=RUSH 0us OK -> (<Direction.CENTRE: 'centre'>, None)
  task=HEAL_CORE FAIL
[RUSH] --- rush eval at (47,9) en_core=(46,16) ---
[RUSH] step1: flow in range at (47,12) facing SOUTH
[RUSH] gunner: want to place at (47,12) facing SOUTH, ti=13 cost=35
[RUSH] gunner: cannot afford (need 35, have 13)
[RUSH] step1: can't afford gunner, holding turn
  task=RUSH 0us OK -> (<Direction.CENTRE: 'centre'>, None)
  task=HEAL_CORE FAIL
[RUSH] --- rush eval at (48,8) en_core=(46,16) ---
[RUSH] step1: flow in range at (47,12) facing SOUTH
[RUSH] gunner: want to place at (47,12) facing SOUTH, ti=13 cost=35
[RUSH] gunner: cannot afford (need 35, have 13)
[RUSH] step1: can't afford gunner, holding turn
  task=RUSH 0us OK -> (<Direction.CENTRE: 'centre'>, None)
[GUN] (45,9) facing=SOUTHWEST
[GUN] ray: target=None pri=0
[GUN] ammo=True
[GUN] feed_dir=NORTH
[GUN] no target, has ammo, best_rot=SOUTHWEST rot_pri=0
[GUN] (46,9) facing=SOUTH
[GUN] ray: target=None pri=0
[GUN] ammo=True
[GUN] feed_dir=NORTH
[GUN] no target, has ammo, best_rot=SOUTH rot_pri=0
  task=HEAL_CORE FAIL
[RUSH] --- rush eval at (48,10) en_core=(46,16) ---
[RUSH] step1: flow in range at (47,12) facing SOUTH
[RUSH] gunner: want to place at (47,12) facing SOUTH, ti=23 cost=35
[RUSH] gunner: cannot afford (need 35, have 23)
[RUSH] step1: can't afford gunner, holding turn
  task=RUSH 0us OK -> (<Direction.CENTRE: 'centre'>, None)
  task=HEAL_CORE FAIL
[RUSH] --- rush eval at (35,10) en_core=(46,16) ---
[RUSH] step1: no flow tile in gunner range of core
  task=RUSH 0us OK -> (<Direction.NORTHEAST: 'northeast'>, None)
  task=HEAL_CORE FAIL
[RUSH] --- rush eval at (47,10) en_core=(46,16) ---
[RUSH] step1: flow in range at (47,12) facing SOUTH
[RUSH] gunner: want to place at (47,12) facing SOUTH, ti=23 cost=35
[RUSH] gunner: cannot afford (need 35, have 23)
[RUSH] step1: can't afford gunner, holding turn
  task=RUSH 0us OK -> (<Direction.CENTRE: 'centre'>, None)
  task=HEAL_CORE FAIL
[RUSH] --- rush eval at (46,8) en_core=(46,16) ---
[RUSH] step1: flow in range at (47,12) facing SOUTH
[RUSH] gunner: want to place at (47,12) facing SOUTH, ti=23 cost=35
[RUSH] gunner: cannot afford (need 35, have 23)
[RUSH] step1: can't afford gunner, holding turn
  task=RUSH 0us OK -> (<Direction.CENTRE: 'centre'>, None)
  task=HEAL_CORE FAIL
[RUSH] --- rush eval at (47,9) en_core=(46,16) ---
[RUSH] step1: flow in range at (47,12) facing SOUTH
[RUSH] gunner: want to place at (47,12) facing SOUTH, ti=23 cost=35
[RUSH] gunner: cannot afford (need 35, have 23)
[RUSH] step1: can't afford gunner, holding turn
  task=RUSH 0us OK -> (<Direction.CENTRE: 'centre'>, None)
  task=HEAL_CORE FAIL
[RUSH] --- rush eval at (48,8) en_core=(46,16) ---
[RUSH] step1: flow in range at (47,12) facing SOUTH
[RUSH] gunner: want to place at (47,12) facing SOUTH, ti=23 cost=35
[RUSH] gunner: cannot afford (need 35, have 23)
[RUSH] step1: can't afford gunner, holding turn
  task=RUSH 0us OK -> (<Direction.CENTRE: 'centre'>, None)
[GUN] (45,9) facing=SOUTHWEST
[GUN] ray: target=None pri=0
[GUN] ammo=True
[GUN] feed_dir=NORTH
[GUN] no target, has ammo, best_rot=SOUTHWEST rot_pri=0
[GUN] (46,9) facing=SOUTH
[GUN] ray: target=None pri=0
[GUN] ammo=True
[GUN] feed_dir=NORTH
[GUN] no target, has ammo, best_rot=SOUTH rot_pri=0
  task=HEAL_CORE FAIL
[RUSH] --- rush eval at (48,10) en_core=(46,16) ---
[RUSH] step1: flow in range at (47,12) facing SOUTH
[RUSH] gunner: want to place at (47,12) facing SOUTH, ti=33 cost=35
[RUSH] gunner: cannot afford (need 35, have 33)
[RUSH] step1: can't afford gunner, holding turn
  task=RUSH 0us OK -> (<Direction.CENTRE: 'centre'>, None)
  task=HEAL_CORE FAIL
[RUSH] --- rush eval at (36,9) en_core=(46,16) ---
[RUSH] step1: no flow tile in gunner range of core
  task=RUSH 0us OK -> (<Direction.NORTHWEST: 'northwest'>, None)
  task=HEAL_CORE FAIL
[RUSH] --- rush eval at (47,10) en_core=(46,16) ---
[RUSH] step1: flow in range at (47,12) facing SOUTH
[RUSH] gunner: want to place at (47,12) facing SOUTH, ti=33 cost=35
[RUSH] gunner: cannot afford (need 35, have 33)
[RUSH] step1: can't afford gunner, holding turn
  task=RUSH 0us OK -> (<Direction.CENTRE: 'centre'>, None)
  task=HEAL_CORE FAIL
[RUSH] --- rush eval at (46,8) en_core=(46,16) ---
[RUSH] step1: flow in range at (47,12) facing SOUTH
[RUSH] gunner: want to place at (47,12) facing SOUTH, ti=33 cost=35
[RUSH] gunner: cannot afford (need 35, have 33)
[RUSH] step1: can't afford gunner, holding turn
  task=RUSH 0us OK -> (<Direction.CENTRE: 'centre'>, None)
  task=HEAL_CORE FAIL
[RUSH] --- rush eval at (47,9) en_core=(46,16) ---
[RUSH] step1: flow in range at (47,12) facing SOUTH
[RUSH] gunner: want to place at (47,12) facing SOUTH, ti=33 cost=35
[RUSH] gunner: cannot afford (need 35, have 33)
[RUSH] step1: can't afford gunner, holding turn
  task=RUSH 0us OK -> (<Direction.CENTRE: 'centre'>, None)
  task=HEAL_CORE FAIL
[RUSH] --- rush eval at (48,8) en_core=(46,16) ---
[RUSH] step1: flow in range at (47,12) facing SOUTH
[RUSH] gunner: want to place at (47,12) facing SOUTH, ti=33 cost=35
[RUSH] gunner: cannot afford (need 35, have 33)
[RUSH] step1: can't afford gunner, holding turn
  task=RUSH 0us OK -> (<Direction.CENTRE: 'centre'>, None)
[GUN] (45,9) facing=SOUTHWEST
[GUN] ray: target=None pri=0
[GUN] ammo=True
[GUN] feed_dir=NORTH
[GUN] no target, has ammo, best_rot=SOUTHWEST rot_pri=0
[GUN] (46,9) facing=SOUTH
[GUN] ray: target=None pri=0
[GUN] ammo=True
[GUN] feed_dir=NORTH
[GUN] no target, has ammo, best_rot=SOUTH rot_pri=0
  task=HEAL_CORE FAIL
[RUSH] --- rush eval at (48,10) en_core=(46,16) ---
[RUSH] step1: flow in range at (47,12) facing SOUTH
[RUSH] gunner: want to place at (47,12) facing SOUTH, ti=33 cost=35
[RUSH] gunner: cannot afford (need 35, have 33)
[RUSH] step1: can't afford gunner, holding turn
  task=RUSH 0us OK -> (<Direction.CENTRE: 'centre'>, None)
  task=HEAL_CORE FAIL
[RUSH] --- rush eval at (35,8) en_core=(46,16) ---
[RUSH] step1: no flow tile in gunner range of core
  task=RUSH 0us OK -> (<Direction.NORTHEAST: 'northeast'>, None)
  task=HEAL_CORE FAIL
[RUSH] --- rush eval at (47,10) en_core=(46,16) ---
[RUSH] step1: flow in range at (47,12) facing SOUTH
[RUSH] gunner: want to place at (47,12) facing SOUTH, ti=33 cost=35
[RUSH] gunner: cannot afford (need 35, have 33)
[RUSH] step1: can't afford gunner, holding turn
  task=RUSH 0us OK -> (<Direction.CENTRE: 'centre'>, None)
  task=HEAL_CORE FAIL
[RUSH] --- rush eval at (46,8) en_core=(46,16) ---
[RUSH] step1: flow in range at (47,12) facing SOUTH
[RUSH] gunner: want to place at (47,12) facing SOUTH, ti=33 cost=35
[RUSH] gunner: cannot afford (need 35, have 33)
[RUSH] step1: can't afford gunner, holding turn
  task=RUSH 0us OK -> (<Direction.CENTRE: 'centre'>, None)
  task=HEAL_CORE FAIL
[RUSH] --- rush eval at (47,9) en_core=(46,16) ---
[RUSH] step1: flow in range at (47,12) facing SOUTH
[RUSH] gunner: want to place at (47,12) facing SOUTH, ti=33 cost=35
[RUSH] gunner: cannot afford (need 35, have 33)
[RUSH] step1: can't afford gunner, holding turn
  task=RUSH 0us OK -> (<Direction.CENTRE: 'centre'>, None)
  task=HEAL_CORE FAIL
[RUSH] --- rush eval at (48,8) en_core=(46,16) ---
[RUSH] step1: flow in range at (47,12) facing SOUTH
[RUSH] gunner: want to place at (47,12) facing SOUTH, ti=33 cost=35
[RUSH] gunner: cannot afford (need 35, have 33)
[RUSH] step1: can't afford gunner, holding turn
  task=RUSH 0us OK -> (<Direction.CENTRE: 'centre'>, None)
[GUN] (45,9) facing=SOUTHWEST
[GUN] ray: target=None pri=0
[GUN] ammo=True
[GUN] feed_dir=NORTH
[GUN] no target, has ammo, best_rot=SOUTHWEST rot_pri=0
[GUN] (46,9) facing=SOUTH
[GUN] ray: target=None pri=0
[GUN] ammo=True
[GUN] feed_dir=NORTH
[GUN] no target, has ammo, best_rot=SOUTH rot_pri=0
  task=HEAL_CORE FAIL
[RUSH] --- rush eval at (48,10) en_core=(46,16) ---
[RUSH] step1: flow in range at (47,12) facing SOUTH
[RUSH] gunner: want to place at (47,12) facing SOUTH, ti=33 cost=35
[RUSH] gunner: cannot afford (need 35, have 33)
[RUSH] step1: can't afford gunner, holding turn
  task=RUSH 0us OK -> (<Direction.CENTRE: 'centre'>, None)
  task=HEAL_CORE FAIL
[RUSH] --- rush eval at (36,7) en_core=(46,16) ---
[RUSH] step1: no flow tile in gunner range of core
  task=RUSH 0us OK -> (<Direction.NORTHEAST: 'northeast'>, None)
  task=HEAL_CORE FAIL
[RUSH] --- rush eval at (47,10) en_core=(46,16) ---
[RUSH] step1: flow in range at (47,12) facing SOUTH
[RUSH] gunner: want to place at (47,12) facing SOUTH, ti=33 cost=35
[RUSH] gunner: cannot afford (need 35, have 33)
[RUSH] step1: can't afford gunner, holding turn
  task=RUSH 0us OK -> (<Direction.CENTRE: 'centre'>, None)
  task=HEAL_CORE FAIL
[RUSH] --- rush eval at (46,8) en_core=(46,16) ---
[RUSH] step1: flow in range at (47,12) facing SOUTH
[RUSH] gunner: want to place at (47,12) facing SOUTH, ti=33 cost=35
[RUSH] gunner: cannot afford (need 35, have 33)
[RUSH] step1: can't afford gunner, holding turn
  task=RUSH 0us OK -> (<Direction.CENTRE: 'centre'>, None)
  task=HEAL_CORE FAIL
[RUSH] --- rush eval at (47,9) en_core=(46,16) ---
[RUSH] step1: flow in range at (47,12) facing SOUTH
[RUSH] gunner: want to place at (47,12) facing SOUTH, ti=33 cost=35
[RUSH] gunner: cannot afford (need 35, have 33)
[RUSH] step1: can't afford gunner, holding turn
  task=RUSH 0us OK -> (<Direction.CENTRE: 'centre'>, None)
  task=HEAL_CORE FAIL
[RUSH] --- rush eval at (48,8) en_core=(46,16) ---
[RUSH] step1: flow in range at (47,12) facing SOUTH
[RUSH] gunner: want to place at (47,12) facing SOUTH, ti=33 cost=35
[RUSH] gunner: cannot afford (need 35, have 33)
[RUSH] step1: can't afford gunner, holding turn
  task=RUSH 0us OK -> (<Direction.CENTRE: 'centre'>, None)
[GUN] (45,9) facing=SOUTHWEST
[GUN] ray: target=None pri=0
[GUN] ammo=True
[GUN] feed_dir=NORTH
[GUN] no target, has ammo, best_rot=SOUTHWEST rot_pri=0
[GUN] (46,9) facing=SOUTH
[GUN] ray: target=None pri=0
[GUN] ammo=True
[GUN] feed_dir=NORTH
[GUN] no target, has ammo, best_rot=SOUTH rot_pri=0
  task=HEAL_CORE FAIL
[RUSH] --- rush eval at (48,10) en_core=(46,16) ---
[RUSH] step1: flow in range at (47,12) facing SOUTH
[RUSH] gunner: want to place at (47,12) facing SOUTH, ti=43 cost=35
[RUSH] gunner: target (47,12) bld=None team=None builder=(48,10) d²=5
[RUSH] gunner: walking toward (47,12) d²=5
  task=RUSH 0us OK -> (<Direction.SOUTHWEST: 'southwest'>, None)
  task=HEAL_CORE FAIL
[RUSH] --- rush eval at (37,6) en_core=(46,16) ---
[RUSH] step1: no flow tile in gunner range of core
  task=RUSH 0us OK -> (<Direction.NORTHEAST: 'northeast'>, None)
  task=HEAL_CORE FAIL
[RUSH] --- rush eval at (47,10) en_core=(46,16) ---
[RUSH] step1: flow in range at (47,12) facing SOUTH
[RUSH] gunner: want to place at (47,12) facing SOUTH, ti=43 cost=35
[RUSH] gunner: target (47,12) bld=None team=None builder=(47,10) d²=4
[RUSH] gunner: walking toward (47,12) d²=4
  task=RUSH 0us OK -> (<Direction.SOUTHEAST: 'southeast'>, PlaceRoad(pos=Position(x=48, y=11)))
  task=HEAL_CORE FAIL
[RUSH] --- rush eval at (46,8) en_core=(46,16) ---
[RUSH] step1: flow in range at (47,12) facing SOUTH
[RUSH] gunner: want to place at (47,12) facing SOUTH, ti=40 cost=35
[RUSH] gunner: target (47,12) bld=None team=None builder=(46,8) d²=17
[RUSH] gunner: walking toward (47,12) d²=17
  task=RUSH 0us OK -> (<Direction.EAST: 'east'>, None)
  task=HEAL_CORE FAIL
[RUSH] --- rush eval at (47,9) en_core=(46,16) ---
[RUSH] step1: flow in range at (47,12) facing SOUTH
[RUSH] gunner: want to place at (47,12) facing SOUTH, ti=40 cost=35
[RUSH] gunner: target (47,12) bld=None team=None builder=(47,9) d²=9
[RUSH] gunner: walking toward (47,12) d²=9
  task=RUSH 0us OK -> (<Direction.SOUTHEAST: 'southeast'>, None)
  task=HEAL_CORE FAIL
[RUSH] --- rush eval at (48,8) en_core=(46,16) ---
[RUSH] step1: flow in range at (47,12) facing SOUTH
[RUSH] gunner: want to place at (47,12) facing SOUTH, ti=40 cost=35
[RUSH] gunner: target (47,12) bld=None team=None builder=(48,8) d²=17
[RUSH] gunner: walking toward (47,12) d²=17
  task=RUSH 0us OK -> (<Direction.SOUTH: 'south'>, None)
[GUN] (45,9) facing=SOUTHWEST
[GUN] ray: target=None pri=0
[GUN] ammo=True
[GUN] feed_dir=NORTH
[GUN] no target, has ammo, best_rot=SOUTHWEST rot_pri=0
[GUN] (46,9) facing=SOUTH
[GUN] ray: target=None pri=0
[GUN] ammo=True
[GUN] feed_dir=NORTH
[GUN] no target, has ammo, best_rot=SOUTH rot_pri=0
  task=HEAL_CORE FAIL
[RUSH] --- rush eval at (47,11) en_core=(46,16) ---
[RUSH] step1: flow in range at (47,12) facing SOUTH
[RUSH] gunner: want to place at (47,12) facing SOUTH, ti=60 cost=35
[RUSH] gunner: target (47,12) bld=None team=None builder=(47,11) d²=1
[RUSH] gunner: placing at (47,12) facing SOUTH, can_build=True
  task=RUSH 0us OK -> (<Direction.CENTRE: 'centre'>, PlaceGunner(pos=Position(x=47, y=12), direction=<Direction.SOUTH: 'south'>))
[MAP] r100 seen=39% harv=3 sym=Symmetry.VER encore=Position(x=46, y=16) ore_known=9
  task=HEAL_CORE FAIL
[RUSH] --- rush eval at (38,5) en_core=(46,16) ---
[RUSH] step1: no flow tile in gunner range of core
  task=RUSH 0us OK -> (<Direction.NORTHEAST: 'northeast'>, None)
[MAP] r100 seen=43% harv=3 sym=Symmetry.VER encore=Position(x=46, y=16) ore_known=11
  task=HEAL_CORE FAIL
[RUSH] --- rush eval at (48,11) en_core=(46,16) ---
[RUSH] step1: no flow tile in gunner range of core
[RUSH] step1.5: upgrading conveyor at (47,11) to splitter facing SOUTH
  task=RUSH 0us OK -> (<Direction.CENTRE: 'centre'>, PlaceSplitter(pos=Position(x=47, y=11), direction=<Direction.SOUTH: 'south'>))
[MAP] r100 seen=38% harv=3 sym=Symmetry.VER encore=Position(x=46, y=16) ore_known=9
  task=HEAL_CORE FAIL
[RUSH] --- rush eval at (47,8) en_core=(46,16) ---
[RUSH] step1: no flow tile in gunner range of core
[RUSH] step2: flow near core at (46,11) d²=25, extending to siege (46,12)
[RUSH] extend: from (46,11) toward core (46,16)
[RUSH] extend: siege target (46,12)
[RUSH] extend: path=[(46, 11), (46, 12)]
[RUSH] extend: path len=2, builder at (47,8)
[RUSH] extend[0]: (46,11)->(46,12) bld=None team=None connected=False
[RUSH] extend[0]: need to walk to (46,11) d²=10
  task=RUSH 0us OK -> (<Direction.SOUTH: 'south'>, None)
[MAP] r100 seen=37% harv=3 sym=Symmetry.VER encore=Position(x=46, y=16) ore_known=9
  task=HEAL_CORE FAIL
[RUSH] --- rush eval at (48,10) en_core=(46,16) ---
[RUSH] step1: no flow tile in gunner range of core
[RUSH] step2: flow near core at (46,11) d²=25, extending to siege (45,13)
[RUSH] extend: from (46,11) toward core (46,16)
[RUSH] extend: siege target (45,13)
[RUSH] extend: path=[(46, 11), (45, 11), (45, 12), (45, 13)]
[RUSH] extend: path len=4, builder at (48,10)
[RUSH] extend[0]: (46,11)->(45,11) bld=None team=None connected=False
[RUSH] extend[0]: need to walk to (46,11) d²=5
  task=RUSH 0us OK -> (<Direction.WEST: 'west'>, None)
[MAP] r100 seen=45% harv=3 sym=Symmetry.VER encore=Position(x=46, y=16) ore_known=10
  task=HEAL_CORE FAIL
[RUSH] --- rush eval at (48,9) en_core=(46,16) ---
[RUSH] step1: no flow tile in gunner range of core
[RUSH] step2: flow near core at (46,11) d²=25, extending to siege (46,12)
[RUSH] extend: from (46,11) toward core (46,16)
[RUSH] extend: siege target (46,12)
[RUSH] extend: path=[(46, 11), (46, 12)]
[RUSH] extend: path len=2, builder at (48,9)
[RUSH] extend[0]: (46,11)->(46,12) bld=None team=None connected=False
[RUSH] extend[0]: need to walk to (46,11) d²=8
  task=RUSH 0us OK -> (<Direction.NORTHWEST: 'northwest'>, None)
[MAP] r100 seen=38% harv=3 sym=Symmetry.VER encore=Position(x=46, y=16) ore_known=9
[GUN] (45,9) facing=SOUTHWEST
[GUN] ray: target=None pri=0
[GUN] ammo=True
[GUN] feed_dir=NORTH
[GUN] no target, has ammo, best_rot=SOUTHWEST rot_pri=0
[GUN] (46,9) facing=SOUTH
[GUN] ray: target=None pri=0
[GUN] ammo=True
[GUN] feed_dir=NORTH
[GUN] no target, has ammo, best_rot=SOUTH rot_pri=0
  task=HEAL_CORE FAIL
[RUSH] --- rush eval at (47,11) en_core=(46,16) ---
[RUSH] step1: no flow tile in gunner range of core
[RUSH] step2: flow near core at (46,11) d²=25, extending to siege (47,13)
[RUSH] extend: from (46,11) toward core (46,16)
[RUSH] extend: siege target (47,13)
[RUSH] extend: path=[(46, 11), (46, 12), (46, 13), (47, 13)]
[RUSH] extend: path len=4, builder at (47,11)
[RUSH] extend[0]: (46,11)->(46,12) bld=None team=None connected=False
[RUSH] extend[0]: building (46,11)->(46,12) action=PlaceConveyor(pos=Position(x=46, y=11), direction=<Direction.SOUTH: 'south'>) d²=1
  task=RUSH 0us OK -> (<Direction.CENTRE: 'centre'>, PlaceConveyor(pos=Position(x=46, y=11), direction=<Direction.SOUTH: 'south'>))
  task=HEAL_CORE FAIL
[RUSH] --- rush eval at (39,4) en_core=(46,16) ---
[RUSH] step1: no flow tile in gunner range of core
[RUSH] step2: flow near core at (45,8) d²=65, extending to siege (45,12)
[RUSH] extend: from (45,8) toward core (46,16)
[RUSH] extend: siege target (45,12)
[RUSH] extend: path=[(45, 8), (45, 9)]
[RUSH] extend: path len=2, builder at (39,4)
[RUSH] extend[0]: (45,8)->(45,9) bld=BuildingConveyor team=Team.A connected=True
[RUSH] extend[0]: already connected, skip
[RUSH] extend: endpoint (45,9) already has our gunner
  task=RUSH FAIL
  task=SCOUT_ENEMY 0us OK -> (<Direction.NORTHEAST: 'northeast'>, None)
  task=HEAL_CORE FAIL
[RUSH] --- rush eval at (48,11) en_core=(46,16) ---
[RUSH] step1: no flow tile in gunner range of core
[RUSH] step2: flow near core at (46,11) d²=25, extending to siege (47,13)
[RUSH] extend: from (46,11) toward core (46,16)
[RUSH] extend: siege target (47,13)
[RUSH] extend: path=[(46, 11), (46, 12), (46, 13), (47, 13)]
[RUSH] extend: path len=4, builder at (48,11)
[RUSH] extend[0]: (46,11)->(46,12) bld=None team=None connected=False
[RUSH] extend[0]: need to walk to (46,11) d²=4
  task=RUSH 0us OK -> (<Direction.NORTH: 'north'>, None)
  task=HEAL_CORE FAIL
[RUSH] --- rush eval at (47,9) en_core=(46,16) ---
[RUSH] step1: no flow tile in gunner range of core
[RUSH] step2: flow near core at (46,11) d²=25, extending to siege (46,12)
[RUSH] extend: from (46,11) toward core (46,16)
[RUSH] extend: siege target (46,12)
[RUSH] extend: path=[(46, 11), (46, 12)]
[RUSH] extend: path len=2, builder at (47,9)
[RUSH] extend[0]: (46,11)->(46,12) bld=None team=None connected=False
[RUSH] extend[0]: need to walk to (46,11) d²=5
  task=RUSH 0us OK -> (<Direction.SOUTHWEST: 'southwest'>, PlaceRoad(pos=Position(x=46, y=10)))
  task=HEAL_CORE FAIL
[RUSH] --- rush eval at (47,10) en_core=(46,16) ---
[RUSH] step1: no flow tile in gunner range of core
[RUSH] step2: flow near core at (46,11) d²=25, extending to siege (47,13)
[RUSH] extend: from (46,11) toward core (46,16)
[RUSH] extend: siege target (47,13)
[RUSH] extend: path=[(46, 11), (46, 12), (46, 13), (47, 13)]
[RUSH] extend: path len=4, builder at (47,10)
[RUSH] extend[0]: (46,11)->(46,12) bld=None team=None connected=False
[RUSH] extend[0]: building (46,11)->(46,12) action=PlaceConveyor(pos=Position(x=46, y=11), direction=<Direction.SOUTH: 'south'>) d²=2
  task=RUSH 0us OK -> (<Direction.CENTRE: 'centre'>, PlaceConveyor(pos=Position(x=46, y=11), direction=<Direction.SOUTH: 'south'>))
  task=HEAL_CORE FAIL
[RUSH] --- rush eval at (47,8) en_core=(46,16) ---
[RUSH] step1: no flow tile in gunner range of core
[RUSH] step2: flow near core at (46,11) d²=25, extending to siege (46,12)
[RUSH] extend: from (46,11) toward core (46,16)
[RUSH] extend: siege target (46,12)
[RUSH] extend: path=[(46, 11), (46, 12)]
[RUSH] extend: path len=2, builder at (47,8)
[RUSH] extend[0]: (46,11)->(46,12) bld=BuildingMarker team=Team.A connected=False
[RUSH] extend[0]: need to walk to (46,11) d²=10
  task=RUSH 0us OK -> (<Direction.WEST: 'west'>, None)
[GUN] (45,9) facing=SOUTHWEST
[GUN] ray: target=None pri=0
[GUN] ammo=True
[GUN] feed_dir=NORTH
[GUN] no target, has ammo, best_rot=SOUTHWEST rot_pri=0
[GUN] (46,9) facing=SOUTH
[GUN] ray: target=None pri=0
[GUN] ammo=True
[GUN] feed_dir=NORTH
[GUN] no target, has ammo, best_rot=SOUTH rot_pri=0
[GUN] (47,12) facing=SOUTH
[GUN] ray: target=None pri=0
[GUN] ammo=False
[GUN] no target, no ammo
  task=HEAL_CORE FAIL
[RUSH] --- rush eval at (47,11) en_core=(46,16) ---
[RUSH] step1: no flow tile in gunner range of core
[RUSH] step2: flow near core at (46,11) d²=25, extending to siege (47,13)
[RUSH] extend: from (46,11) toward core (46,16)
[RUSH] extend: siege target (47,13)
[RUSH] extend: path=[(46, 11), (46, 12), (46, 13), (47, 13)]
[RUSH] extend: path len=4, builder at (47,11)
[RUSH] extend[0]: (46,11)->(46,12) bld=BuildingMarker team=Team.A connected=False
[RUSH] extend[0]: destroying allied BuildingMarker at (46,11) to rebuild
[RUSH] extend[0]: building (46,11)->(46,12) action=PlaceConveyor(pos=Position(x=46, y=11), direction=<Direction.SOUTH: 'south'>) d²=1
  task=RUSH 0us OK -> (<Direction.CENTRE: 'centre'>, PlaceConveyor(pos=Position(x=46, y=11), direction=<Direction.SOUTH: 'south'>))
  task=HEAL_CORE FAIL
[RUSH] --- rush eval at (40,3) en_core=(46,16) ---
[RUSH] step1: no flow tile in gunner range of core
[RUSH] step2: flow near core at (45,8) d²=65, extending to siege (45,12)
[RUSH] extend: from (45,8) toward core (46,16)
[RUSH] extend: siege target (45,12)
[RUSH] extend: path=[(45, 8), (45, 9)]
[RUSH] extend: path len=2, builder at (40,3)
[RUSH] extend[0]: (45,8)->(45,9) bld=BuildingConveyor team=Team.A connected=True
[RUSH] extend[0]: already connected, skip
[RUSH] extend: endpoint (45,9) already has our gunner
  task=RUSH FAIL
  task=SCOUT_ENEMY 0us OK -> (<Direction.EAST: 'east'>, None)
  task=HEAL_CORE FAIL
[RUSH] --- rush eval at (48,10) en_core=(46,16) ---
[RUSH] step1: no flow tile in gunner range of core
[RUSH] step2: flow near core at (46,12) d²=16, extending to siege (47,13)
[RUSH] extend: from (46,12) toward core (46,16)
[RUSH] extend: siege target (47,13)
[RUSH] extend: path=[(46, 12), (46, 13), (47, 13)]
[RUSH] extend: path len=3, builder at (48,10)
[RUSH] extend[0]: (46,12)->(46,13) bld=BuildingMarker team=Team.A connected=False
[RUSH] extend[0]: need to walk to (46,12) d²=8
  task=RUSH 0us OK -> (<Direction.SOUTH: 'south'>, None)
  task=HEAL_CORE FAIL
[RUSH] --- rush eval at (46,10) en_core=(46,16) ---
[RUSH] step1: no flow tile in gunner range of core
[RUSH] step2: flow near core at (46,12) d²=16, extending to siege (47,13)
[RUSH] extend: from (46,12) toward core (46,16)
[RUSH] extend: siege target (47,13)
[RUSH] extend: path=[(46, 12), (46, 13), (47, 13)]
[RUSH] extend: path len=3, builder at (46,10)
[RUSH] extend[0]: (46,12)->(46,13) bld=BuildingMarker team=Team.A connected=False
[RUSH] extend[0]: need to walk to (46,12) d²=4
  task=RUSH FAIL
  task=SCOUT_ENEMY 0us OK -> (<Direction.NORTHEAST: 'northeast'>, None)
  task=HEAL_CORE FAIL
[RUSH] --- rush eval at (47,10) en_core=(46,16) ---
[RUSH] step1: no flow tile in gunner range of core
[RUSH] step2: flow near core at (46,12) d²=16, extending to siege (47,13)
[RUSH] extend: from (46,12) toward core (46,16)
[RUSH] extend: siege target (47,13)
[RUSH] extend: path=[(46, 12), (46, 13), (47, 13)]
[RUSH] extend: path len=3, builder at (47,10)
[RUSH] extend[0]: (46,12)->(46,13) bld=BuildingMarker team=Team.A connected=False
[RUSH] extend[0]: need to walk to (46,12) d²=5
  task=RUSH 0us OK -> (<Direction.SOUTHWEST: 'southwest'>, None)
  task=HEAL_CORE FAIL
[RUSH] --- rush eval at (46,8) en_core=(46,16) ---
[RUSH] step1: flow in range at (46,12) facing SOUTH
[RUSH] gunner: want to place at (46,12) facing SOUTH, ti=1 cost=36
[RUSH] gunner: cannot afford (need 36, have 1)
[RUSH] step1: can't afford gunner, holding turn
  task=RUSH 0us OK -> (<Direction.CENTRE: 'centre'>, None)
[GUN] (45,9) facing=SOUTHWEST
[GUN] ray: target=None pri=0
[GUN] ammo=True
[GUN] feed_dir=NORTH
[GUN] no target, has ammo, best_rot=SOUTHWEST rot_pri=0
[GUN] (46,9) facing=SOUTH
[GUN] ray: target=Position(x=46, y=10) pri=1
[GUN] ammo=True
[GUN] feed_dir=NORTH
[GUN] cur_pri=1 best_rot=SOUTH rot_pri=0
[GUN] FIRE at (46,10) pri=1
[GUN] (47,12) facing=SOUTH
[GUN] ray: target=Position(x=47, y=15) pri=4
[GUN] ammo=True
[GUN] feed_dir=NORTH
[GUN] scan SOUTHWEST: pri=5
[GUN] scan WEST: pri=2
[GUN] cur_pri=4 best_rot=SOUTHWEST rot_pri=5
[GUN] want to rotate but ti=1 or can't
[GUN] FIRE at (47,15) pri=4
  task=HEAL_CORE FAIL
[RUSH] --- rush eval at (47,11) en_core=(46,16) ---
[RUSH] step1: no flow tile in gunner range of core
[RUSH] step2: flow near core at (46,12) d²=16, extending to siege (47,13)
[RUSH] extend: from (46,12) toward core (46,16)
[RUSH] extend: siege target (47,13)
[RUSH] extend: path=[(46, 12), (46, 13), (47, 13)]
[RUSH] extend: path len=3, builder at (47,11)
[RUSH] extend[0]: (46,12)->(46,13) bld=BuildingMarker team=Team.A connected=False
[RUSH] extend[0]: destroying allied BuildingMarker at (46,12) to rebuild
[RUSH] extend[0]: building (46,12)->(46,13) action=PlaceConveyor(pos=Position(x=46, y=12), direction=<Direction.SOUTH: 'south'>) d²=2
  task=RUSH 0us OK -> (<Direction.CENTRE: 'centre'>, PlaceConveyor(pos=Position(x=46, y=12), direction=<Direction.SOUTH: 'south'>))
  task=HEAL_CORE FAIL
[RUSH] --- rush eval at (41,3) en_core=(46,16) ---
[RUSH] step1: no flow tile in gunner range of core
[RUSH] step2: flow near core at (45,8) d²=65, extending to siege (45,12)
[RUSH] extend: from (45,8) toward core (46,16)
[RUSH] extend: siege target (45,12)
[RUSH] extend: path=[(45, 8), (45, 9)]
[RUSH] extend: path len=2, builder at (41,3)
[RUSH] extend[0]: (45,8)->(45,9) bld=BuildingConveyor team=Team.A connected=True
[RUSH] extend[0]: already connected, skip
[RUSH] extend: endpoint (45,9) already has our gunner
  task=RUSH FAIL
  task=SCOUT_ENEMY 0us OK -> (<Direction.SOUTHEAST: 'southeast'>, None)
  task=HEAL_CORE FAIL
[RUSH] --- rush eval at (48,11) en_core=(46,16) ---
[RUSH] step1: no flow tile in gunner range of core
[RUSH] step2: flow near core at (46,13) d²=9, extending to siege (46,14)
[RUSH] extend: from (46,13) toward core (46,16)
[RUSH] extend: siege target (46,14)
[RUSH] extend: path=[(46, 13), (46, 14)]
[RUSH] extend: path len=2, builder at (48,11)
[RUSH] extend[0]: (46,13)->(46,14) bld=None team=None connected=False
[RUSH] extend[0]: enemy BuildingRoad ahead at (46,14), placing gunner at (46,13) facing SOUTH
[RUSH] gunner: want to place at (46,13) facing SOUTH, ti=1 cost=36
[RUSH] gunner: cannot afford (need 36, have 1)
[RUSH] extend[0]: can't afford gunner, holding turn
  task=RUSH 0us OK -> (<Direction.CENTRE: 'centre'>, None)
  task=HEAL_CORE FAIL
[RUSH] --- rush eval at (47,9) en_core=(46,16) ---
[RUSH] step1: no flow tile in gunner range of core
[RUSH] step2: flow near core at (46,13) d²=9, extending to siege (46,14)
[RUSH] extend: from (46,13) toward core (46,16)
[RUSH] extend: siege target (46,14)
[RUSH] extend: path=[(46, 13), (46, 14)]
[RUSH] extend: path len=2, builder at (47,9)
[RUSH] extend[0]: (46,13)->(46,14) bld=None team=None connected=False
[RUSH] extend[0]: enemy BuildingRoad ahead at (46,14), placing gunner at (46,13) facing SOUTH
[RUSH] gunner: want to place at (46,13) facing SOUTH, ti=1 cost=36
[RUSH] gunner: cannot afford (need 36, have 1)
[RUSH] extend[0]: can't afford gunner, holding turn
  task=RUSH 0us OK -> (<Direction.CENTRE: 'centre'>, None)
  task=HEAL_CORE FAIL
[RUSH] --- rush eval at (46,11) en_core=(46,16) ---
[RUSH] step1: no flow tile in gunner range of core
[RUSH] step2: flow near core at (46,13) d²=9, extending to siege (46,14)
[RUSH] extend: from (46,13) toward core (46,16)
[RUSH] extend: siege target (46,14)
[RUSH] extend: path=[(46, 13), (46, 14)]
[RUSH] extend: path len=2, builder at (46,11)
[RUSH] extend[0]: (46,13)->(46,14) bld=None team=None connected=False
[RUSH] extend[0]: enemy BuildingRoad ahead at (46,14), placing gunner at (46,13) facing SOUTH
[RUSH] gunner: want to place at (46,13) facing SOUTH, ti=1 cost=36
[RUSH] gunner: cannot afford (need 36, have 1)
[RUSH] extend[0]: can't afford gunner, holding turn
  task=RUSH 0us OK -> (<Direction.CENTRE: 'centre'>, None)
  task=HEAL_CORE FAIL
[RUSH] --- rush eval at (46,8) en_core=(46,16) ---
[RUSH] step1: flow in range at (46,13) facing SOUTH
[RUSH] gunner: want to place at (46,13) facing SOUTH, ti=1 cost=36
[RUSH] gunner: cannot afford (need 36, have 1)
[RUSH] step1: can't afford gunner, holding turn
  task=RUSH 0us OK -> (<Direction.CENTRE: 'centre'>, None)
[GUN] (45,9) facing=SOUTHWEST
[GUN] ray: target=None pri=0
[GUN] ammo=True
[GUN] feed_dir=NORTH
[GUN] no target, has ammo, best_rot=SOUTHWEST rot_pri=0
[GUN] (46,9) facing=SOUTH
[GUN] ray: target=None pri=0
[GUN] ammo=True
[GUN] feed_dir=NORTH
[GUN] no target, has ammo, best_rot=SOUTH rot_pri=0
[GUN] (47,12) facing=SOUTH
[GUN] ray: target=Position(x=47, y=15) pri=4
[GUN] ammo=True
[GUN] feed_dir=NORTH
[GUN] scan SOUTHWEST: pri=5
[GUN] cur_pri=4 best_rot=SOUTHWEST rot_pri=5
[GUN] want to rotate but ti=1 or can't
[GUN] FIRE at (47,15) pri=4
  task=HEAL_CORE FAIL
[RUSH] --- rush eval at (47,11) en_core=(46,16) ---
[RUSH] step1: no flow tile in gunner range of core
[RUSH] step2: flow near core at (46,13) d²=9, extending to siege (46,14)
[RUSH] extend: from (46,13) toward core (46,16)
[RUSH] extend: siege target (46,14)
[RUSH] extend: path=[(46, 13), (46, 14)]
[RUSH] extend: path len=2, builder at (47,11)
[RUSH] extend[0]: (46,13)->(46,14) bld=None team=None connected=False
[RUSH] extend[0]: enemy BuildingRoad ahead at (46,14), placing gunner at (46,13) facing SOUTH
[RUSH] gunner: want to place at (46,13) facing SOUTH, ti=11 cost=36
[RUSH] gunner: cannot afford (need 36, have 11)
[RUSH] extend[0]: can't afford gunner, holding turn
  task=RUSH 0us OK -> (<Direction.CENTRE: 'centre'>, None)
  task=HEAL_CORE FAIL
[RUSH] --- rush eval at (42,4) en_core=(46,16) ---
[RUSH] step1: no flow tile in gunner range of core
[RUSH] step2: flow near core at (45,8) d²=65, extending to siege (45,12)
[RUSH] extend: from (45,8) toward core (46,16)
[RUSH] extend: siege target (45,12)
[RUSH] extend: path=[(45, 8), (45, 9)]
[RUSH] extend: path len=2, builder at (42,4)
[RUSH] extend[0]: (45,8)->(45,9) bld=BuildingConveyor team=Team.A connected=True
[RUSH] extend[0]: already connected, skip
[RUSH] extend: endpoint (45,9) already has our gunner
  task=RUSH FAIL
  task=SCOUT_ENEMY 0us OK -> (<Direction.SOUTHEAST: 'southeast'>, None)
  task=HEAL_CORE FAIL
[RUSH] --- rush eval at (48,11) en_core=(46,16) ---
[RUSH] step1: no flow tile in gunner range of core
[RUSH] step2: flow near core at (46,13) d²=9, extending to siege (46,14)
[RUSH] extend: from (46,13) toward core (46,16)
[RUSH] extend: siege target (46,14)
[RUSH] extend: path=[(46, 13), (46, 14)]
[RUSH] extend: path len=2, builder at (48,11)
[RUSH] extend[0]: (46,13)->(46,14) bld=None team=None connected=False
[RUSH] extend[0]: enemy BuildingRoad ahead at (46,14), placing gunner at (46,13) facing SOUTH
[RUSH] gunner: want to place at (46,13) facing SOUTH, ti=11 cost=36
[RUSH] gunner: cannot afford (need 36, have 11)
[RUSH] extend[0]: can't afford gunner, holding turn
  task=RUSH 0us OK -> (<Direction.CENTRE: 'centre'>, None)
  task=HEAL_CORE FAIL
[RUSH] --- rush eval at (47,9) en_core=(46,16) ---
[RUSH] step1: no flow tile in gunner range of core
[RUSH] step2: flow near core at (46,13) d²=9, extending to siege (46,14)
[RUSH] extend: from (46,13) toward core (46,16)
[RUSH] extend: siege target (46,14)
[RUSH] extend: path=[(46, 13), (46, 14)]
[RUSH] extend: path len=2, builder at (47,9)
[RUSH] extend[0]: (46,13)->(46,14) bld=None team=None connected=False
[RUSH] extend[0]: enemy BuildingRoad ahead at (46,14), placing gunner at (46,13) facing SOUTH
[RUSH] gunner: want to place at (46,13) facing SOUTH, ti=11 cost=36
[RUSH] gunner: cannot afford (need 36, have 11)
[RUSH] extend[0]: can't afford gunner, holding turn
  task=RUSH 0us OK -> (<Direction.CENTRE: 'centre'>, None)
  task=HEAL_CORE FAIL
[RUSH] --- rush eval at (46,11) en_core=(46,16) ---
[RUSH] step1: no flow tile in gunner range of core
[RUSH] step2: flow near core at (46,13) d²=9, extending to siege (46,14)
[RUSH] extend: from (46,13) toward core (46,16)
[RUSH] extend: siege target (46,14)
[RUSH] extend: path=[(46, 13), (46, 14)]
[RUSH] extend: path len=2, builder at (46,11)
[RUSH] extend[0]: (46,13)->(46,14) bld=None team=None connected=False
[RUSH] extend[0]: enemy BuildingRoad ahead at (46,14), placing gunner at (46,13) facing SOUTH
[RUSH] gunner: want to place at (46,13) facing SOUTH, ti=11 cost=36
[RUSH] gunner: cannot afford (need 36, have 11)
[RUSH] extend[0]: can't afford gunner, holding turn
  task=RUSH 0us OK -> (<Direction.CENTRE: 'centre'>, None)
  task=HEAL_CORE FAIL
[RUSH] --- rush eval at (46,8) en_core=(46,16) ---
[RUSH] step1: flow in range at (46,13) facing SOUTH
[RUSH] gunner: want to place at (46,13) facing SOUTH, ti=11 cost=36
[RUSH] gunner: cannot afford (need 36, have 11)
[RUSH] step1: can't afford gunner, holding turn
  task=RUSH 0us OK -> (<Direction.CENTRE: 'centre'>, None)
[GUN] (45,9) facing=SOUTHWEST
[GUN] ray: target=None pri=0
[GUN] ammo=True
[GUN] feed_dir=NORTH
[GUN] no target, has ammo, best_rot=SOUTHWEST rot_pri=0
[GUN] (46,9) facing=SOUTH
[GUN] ray: target=None pri=0
[GUN] ammo=True
[GUN] feed_dir=NORTH
[GUN] no target, has ammo, best_rot=SOUTH rot_pri=0
[GUN] (47,12) facing=SOUTH
[GUN] ray: target=Position(x=47, y=15) pri=4
[GUN] ammo=True
[GUN] feed_dir=NORTH
[GUN] scan SOUTHWEST: pri=5
[GUN] cur_pri=4 best_rot=SOUTHWEST rot_pri=5
[GUN] ROTATING to SOUTHWEST (pri 5 > 4)
  task=HEAL_CORE FAIL
[RUSH] --- rush eval at (47,11) en_core=(46,16) ---
[RUSH] step1: no flow tile in gunner range of core
[RUSH] step2: flow near core at (46,13) d²=9, extending to siege (46,14)
[RUSH] extend: from (46,13) toward core (46,16)
[RUSH] extend: siege target (46,14)
[RUSH] extend: path=[(46, 13), (46, 14)]
[RUSH] extend: path len=2, builder at (47,11)
[RUSH] extend[0]: (46,13)->(46,14) bld=None team=None connected=False
[RUSH] extend[0]: enemy BuildingRoad ahead at (46,14), placing gunner at (46,13) facing SOUTH
[RUSH] gunner: want to place at (46,13) facing SOUTH, ti=1 cost=36
[RUSH] gunner: cannot afford (need 36, have 1)
[RUSH] extend[0]: can't afford gunner, holding turn
  task=RUSH 0us OK -> (<Direction.CENTRE: 'centre'>, None)
  task=HEAL_CORE FAIL
[RUSH] --- rush eval at (43,5) en_core=(46,16) ---
[RUSH] step1: no flow tile in gunner range of core
[RUSH] step2: flow near core at (46,9) d²=49, extending to siege (46,12)
[RUSH] extend: from (46,9) toward core (46,16)
[RUSH] extend: siege target (46,12)
[RUSH] extend: path=[(46, 9), (46, 10), (46, 11), (46, 12)]
[RUSH] extend: path len=4, builder at (43,5)
[RUSH] extend[0]: (46,9)->(46,10) bld=None team=None connected=False
[RUSH] extend[0]: need to walk to (46,9) d²=25
  task=RUSH 0us OK -> (<Direction.SOUTHEAST: 'southeast'>, None)
  task=HEAL_CORE FAIL
[RUSH] --- rush eval at (48,11) en_core=(46,16) ---
[RUSH] step1: no flow tile in gunner range of core
[RUSH] step2: flow near core at (46,13) d²=9, extending to siege (46,14)
[RUSH] extend: from (46,13) toward core (46,16)
[RUSH] extend: siege target (46,14)
[RUSH] extend: path=[(46, 13), (46, 14)]
[RUSH] extend: path len=2, builder at (48,11)
[RUSH] extend[0]: (46,13)->(46,14) bld=None team=None connected=False
[RUSH] extend[0]: enemy BuildingRoad ahead at (46,14), placing gunner at (46,13) facing SOUTH
[RUSH] gunner: want to place at (46,13) facing SOUTH, ti=1 cost=36
[RUSH] gunner: cannot afford (need 36, have 1)
[RUSH] extend[0]: can't afford gunner, holding turn
  task=RUSH 0us OK -> (<Direction.CENTRE: 'centre'>, None)
  task=HEAL_CORE FAIL
[RUSH] --- rush eval at (47,9) en_core=(46,16) ---
[RUSH] step1: no flow tile in gunner range of core
[RUSH] step2: flow near core at (46,13) d²=9, extending to siege (46,14)
[RUSH] extend: from (46,13) toward core (46,16)
[RUSH] extend: siege target (46,14)
[RUSH] extend: path=[(46, 13), (46, 14)]
[RUSH] extend: path len=2, builder at (47,9)
[RUSH] extend[0]: (46,13)->(46,14) bld=None team=None connected=False
[RUSH] extend[0]: enemy BuildingRoad ahead at (46,14), placing gunner at (46,13) facing SOUTH
[RUSH] gunner: want to place at (46,13) facing SOUTH, ti=1 cost=36
[RUSH] gunner: cannot afford (need 36, have 1)
[RUSH] extend[0]: can't afford gunner, holding turn
  task=RUSH 0us OK -> (<Direction.CENTRE: 'centre'>, None)
  task=HEAL_CORE FAIL
[RUSH] --- rush eval at (46,11) en_core=(46,16) ---
[RUSH] step1: no flow tile in gunner range of core
[RUSH] step2: flow near core at (46,13) d²=9, extending to siege (46,14)
[RUSH] extend: from (46,13) toward core (46,16)
[RUSH] extend: siege target (46,14)
[RUSH] extend: path=[(46, 13), (46, 14)]
[RUSH] extend: path len=2, builder at (46,11)
[RUSH] extend[0]: (46,13)->(46,14) bld=None team=None connected=False
[RUSH] extend[0]: enemy BuildingRoad ahead at (46,14), placing gunner at (46,13) facing SOUTH
[RUSH] gunner: want to place at (46,13) facing SOUTH, ti=1 cost=36
[RUSH] gunner: cannot afford (need 36, have 1)
[RUSH] extend[0]: can't afford gunner, holding turn
  task=RUSH 0us OK -> (<Direction.CENTRE: 'centre'>, None)
  task=HEAL_CORE FAIL
[RUSH] --- rush eval at (46,8) en_core=(46,16) ---
[RUSH] step1: flow in range at (46,13) facing SOUTH
[RUSH] gunner: want to place at (46,13) facing SOUTH, ti=1 cost=36
[RUSH] gunner: cannot afford (need 36, have 1)
[RUSH] step1: can't afford gunner, holding turn
  task=RUSH 0us OK -> (<Direction.CENTRE: 'centre'>, None)
[GUN] (45,9) facing=SOUTHWEST
[GUN] ray: target=None pri=0
[GUN] ammo=True
[GUN] feed_dir=NORTH
[GUN] no target, has ammo, best_rot=SOUTHWEST rot_pri=0
[GUN] (46,9) facing=SOUTH
[GUN] ray: target=None pri=0
[GUN] ammo=True
[GUN] feed_dir=NORTH
[GUN] no target, has ammo, best_rot=SOUTH rot_pri=0
[GUN] (47,12) facing=SOUTHWEST
[GUN] ray: target=Position(x=45, y=14) pri=5
[GUN] ammo=True
[GUN] FIRE at (45,14) pri=5
  task=HEAL_CORE FAIL
[RUSH] --- rush eval at (47,11) en_core=(46,16) ---
[RUSH] step1: no flow tile in gunner range of core
[RUSH] step2: flow near core at (46,13) d²=9, extending to siege (46,14)
[RUSH] extend: from (46,13) toward core (46,16)
[RUSH] extend: siege target (46,14)
[RUSH] extend: path=[(46, 13), (46, 14)]
[RUSH] extend: path len=2, builder at (47,11)
[RUSH] extend[0]: (46,13)->(46,14) bld=None team=None connected=False
[RUSH] extend[0]: enemy BuildingRoad ahead at (46,14), placing gunner at (46,13) facing SOUTH
[RUSH] gunner: want to place at (46,13) facing SOUTH, ti=1 cost=36
[RUSH] gunner: cannot afford (need 36, have 1)
[RUSH] extend[0]: can't afford gunner, holding turn
  task=RUSH 0us OK -> (<Direction.CENTRE: 'centre'>, None)
  task=HEAL_CORE FAIL
[RUSH] --- rush eval at (44,6) en_core=(46,16) ---
[RUSH] step1: no flow tile in gunner range of core
[RUSH] step2: flow near core at (47,10) d²=37, extending to siege (47,12)
[RUSH] extend: from (47,10) toward core (46,16)
[RUSH] extend: siege target (47,12)
[RUSH] extend: path=[(47, 10), (47, 11), (47, 12)]
[RUSH] extend: path len=3, builder at (44,6)
[RUSH] extend[0]: (47,10)->(47,11) bld=None team=None connected=False
[RUSH] extend[0]: need to walk to (47,10) d²=25
  task=RUSH 0us OK -> (<Direction.SOUTHEAST: 'southeast'>, None)
  task=HEAL_CORE FAIL
[RUSH] --- rush eval at (48,11) en_core=(46,16) ---
[RUSH] step1: no flow tile in gunner range of core
[RUSH] step2: flow near core at (46,13) d²=9, extending to siege (46,14)
[RUSH] extend: from (46,13) toward core (46,16)
[RUSH] extend: siege target (46,14)
[RUSH] extend: path=[(46, 13), (46, 14)]
[RUSH] extend: path len=2, builder at (48,11)
[RUSH] extend[0]: (46,13)->(46,14) bld=None team=None connected=False
[RUSH] extend[0]: enemy BuildingRoad ahead at (46,14), placing gunner at (46,13) facing SOUTH
[RUSH] gunner: want to place at (46,13) facing SOUTH, ti=1 cost=36
[RUSH] gunner: cannot afford (need 36, have 1)
[RUSH] extend[0]: can't afford gunner, holding turn
  task=RUSH 0us OK -> (<Direction.CENTRE: 'centre'>, None)
  task=HEAL_CORE FAIL
[RUSH] --- rush eval at (47,9) en_core=(46,16) ---
[RUSH] step1: no flow tile in gunner range of core
[RUSH] step2: flow near core at (46,13) d²=9, extending to siege (46,14)
[RUSH] extend: from (46,13) toward core (46,16)
[RUSH] extend: siege target (46,14)
[RUSH] extend: path=[(46, 13), (46, 14)]
[RUSH] extend: path len=2, builder at (47,9)
[RUSH] extend[0]: (46,13)->(46,14) bld=None team=None connected=False
[RUSH] extend[0]: enemy BuildingRoad ahead at (46,14), placing gunner at (46,13) facing SOUTH
[RUSH] gunner: want to place at (46,13) facing SOUTH, ti=1 cost=36
[RUSH] gunner: cannot afford (need 36, have 1)
[RUSH] extend[0]: can't afford gunner, holding turn
  task=RUSH 0us OK -> (<Direction.CENTRE: 'centre'>, None)
  task=HEAL_CORE FAIL
[RUSH] --- rush eval at (46,11) en_core=(46,16) ---
[RUSH] step1: no flow tile in gunner range of core
[RUSH] step2: flow near core at (46,13) d²=9, extending to siege (46,14)
[RUSH] extend: from (46,13) toward core (46,16)
[RUSH] extend: siege target (46,14)
[RUSH] extend: path=[(46, 13), (46, 14)]
[RUSH] extend: path len=2, builder at (46,11)
[RUSH] extend[0]: (46,13)->(46,14) bld=None team=None connected=False
[RUSH] extend[0]: enemy BuildingRoad ahead at (46,14), placing gunner at (46,13) facing SOUTH
[RUSH] gunner: want to place at (46,13) facing SOUTH, ti=1 cost=36
[RUSH] gunner: cannot afford (need 36, have 1)
[RUSH] extend[0]: can't afford gunner, holding turn
  task=RUSH 0us OK -> (<Direction.CENTRE: 'centre'>, None)
  task=HEAL_CORE FAIL
[RUSH] --- rush eval at (46,8) en_core=(46,16) ---
[RUSH] step1: flow in range at (46,13) facing SOUTH
[RUSH] gunner: want to place at (46,13) facing SOUTH, ti=1 cost=36
[RUSH] gunner: cannot afford (need 36, have 1)
[RUSH] step1: can't afford gunner, holding turn
  task=RUSH 0us OK -> (<Direction.CENTRE: 'centre'>, None)
[GUN] (45,9) facing=SOUTHWEST
[GUN] ray: target=None pri=0
[GUN] ammo=True
[GUN] feed_dir=NORTH
[GUN] no target, has ammo, best_rot=SOUTHWEST rot_pri=0
[GUN] (46,9) facing=SOUTH
[GUN] ray: target=None pri=0
[GUN] ammo=True
[GUN] feed_dir=NORTH
[GUN] no target, has ammo, best_rot=SOUTH rot_pri=0
[GUN] (47,12) facing=SOUTHWEST
[GUN] ray: target=Position(x=45, y=14) pri=5
[GUN] ammo=True
[GUN] FIRE at (45,14) pri=5
  task=HEAL_CORE FAIL
[RUSH] --- rush eval at (47,11) en_core=(46,16) ---
[RUSH] step1: no flow tile in gunner range of core
[RUSH] step2: flow near core at (46,13) d²=9, extending to siege (46,14)
[RUSH] extend: from (46,13) toward core (46,16)
[RUSH] extend: siege target (46,14)
[RUSH] extend: path=[(46, 13), (46, 14)]
[RUSH] extend: path len=2, builder at (47,11)
[RUSH] extend[0]: (46,13)->(46,14) bld=None team=None connected=False
[RUSH] extend[0]: enemy BuildingRoad ahead at (46,14), placing gunner at (46,13) facing SOUTH
[RUSH] gunner: want to place at (46,13) facing SOUTH, ti=11 cost=36
[RUSH] gunner: cannot afford (need 36, have 11)
[RUSH] extend[0]: can't afford gunner, holding turn
  task=RUSH 0us OK -> (<Direction.CENTRE: 'centre'>, None)
  task=HEAL_CORE FAIL
[RUSH] --- rush eval at (45,7) en_core=(46,16) ---
[RUSH] step1: flow in range at (46,12) facing SOUTH
[RUSH] gunner: want to place at (46,12) facing SOUTH, ti=11 cost=36
[RUSH] gunner: cannot afford (need 36, have 11)
[RUSH] step1: can't afford gunner, holding turn
  task=RUSH 0us OK -> (<Direction.CENTRE: 'centre'>, None)
  task=HEAL_CORE FAIL
[RUSH] --- rush eval at (48,11) en_core=(46,16) ---
[RUSH] step1: no flow tile in gunner range of core
[RUSH] step2: flow near core at (46,13) d²=9, extending to siege (46,14)
[RUSH] extend: from (46,13) toward core (46,16)
[RUSH] extend: siege target (46,14)
[RUSH] extend: path=[(46, 13), (46, 14)]
[RUSH] extend: path len=2, builder at (48,11)
[RUSH] extend[0]: (46,13)->(46,14) bld=None team=None connected=False
[RUSH] extend[0]: enemy BuildingRoad ahead at (46,14), placing gunner at (46,13) facing SOUTH
[RUSH] gunner: want to place at (46,13) facing SOUTH, ti=11 cost=36
[RUSH] gunner: cannot afford (need 36, have 11)
[RUSH] extend[0]: can't afford gunner, holding turn
  task=RUSH 0us OK -> (<Direction.CENTRE: 'centre'>, None)
  task=HEAL_CORE FAIL
[RUSH] --- rush eval at (47,9) en_core=(46,16) ---
[RUSH] step1: no flow tile in gunner range of core
[RUSH] step2: flow near core at (46,13) d²=9, extending to siege (46,14)
[RUSH] extend: from (46,13) toward core (46,16)
[RUSH] extend: siege target (46,14)
[RUSH] extend: path=[(46, 13), (46, 14)]
[RUSH] extend: path len=2, builder at (47,9)
[RUSH] extend[0]: (46,13)->(46,14) bld=None team=None connected=False
[RUSH] extend[0]: enemy BuildingRoad ahead at (46,14), placing gunner at (46,13) facing SOUTH
[RUSH] gunner: want to place at (46,13) facing SOUTH, ti=11 cost=36
[RUSH] gunner: cannot afford (need 36, have 11)
[RUSH] extend[0]: can't afford gunner, holding turn
  task=RUSH 0us OK -> (<Direction.CENTRE: 'centre'>, None)
  task=HEAL_CORE FAIL
[RUSH] --- rush eval at (46,11) en_core=(46,16) ---
[RUSH] step1: no flow tile in gunner range of core
[RUSH] step2: flow near core at (46,13) d²=9, extending to siege (46,14)
[RUSH] extend: from (46,13) toward core (46,16)
[RUSH] extend: siege target (46,14)
[RUSH] extend: path=[(46, 13), (46, 14)]
[RUSH] extend: path len=2, builder at (46,11)
[RUSH] extend[0]: (46,13)->(46,14) bld=None team=None connected=False
[RUSH] extend[0]: enemy BuildingRoad ahead at (46,14), placing gunner at (46,13) facing SOUTH
[RUSH] gunner: want to place at (46,13) facing SOUTH, ti=11 cost=36
[RUSH] gunner: cannot afford (need 36, have 11)
[RUSH] extend[0]: can't afford gunner, holding turn
  task=RUSH 0us OK -> (<Direction.CENTRE: 'centre'>, None)
  task=HEAL_CORE FAIL
[RUSH] --- rush eval at (46,8) en_core=(46,16) ---
[RUSH] step1: flow in range at (46,13) facing SOUTH
[RUSH] gunner: want to place at (46,13) facing SOUTH, ti=11 cost=36
[RUSH] gunner: cannot afford (need 36, have 11)
[RUSH] step1: can't afford gunner, holding turn
  task=RUSH 0us OK -> (<Direction.CENTRE: 'centre'>, None)
[GUN] (45,9) facing=SOUTHWEST
[GUN] ray: target=None pri=0
[GUN] ammo=True
[GUN] feed_dir=NORTH
[GUN] no target, has ammo, best_rot=SOUTHWEST rot_pri=0
[GUN] (46,9) facing=SOUTH
[GUN] ray: target=None pri=0
[GUN] ammo=True
[GUN] feed_dir=NORTH
[GUN] no target, has ammo, best_rot=SOUTH rot_pri=0
[GUN] (47,12) facing=SOUTHWEST
[GUN] ray: target=Position(x=45, y=14) pri=5
[GUN] ammo=True
[GUN] FIRE at (45,14) pri=5
  task=HEAL_CORE FAIL
[RUSH] --- rush eval at (47,11) en_core=(46,16) ---
[RUSH] step1: no flow tile in gunner range of core
[RUSH] step2: flow near core at (46,13) d²=9, extending to siege (45,13)
[RUSH] extend: from (46,13) toward core (46,16)
[RUSH] extend: siege target (45,13)
[RUSH] extend: path=[(46, 13), (45, 13)]
[RUSH] extend: path len=2, builder at (47,11)
[RUSH] extend[0]: (46,13)->(45,13) bld=None team=None connected=False
[RUSH] extend[0]: enemy BuildingRoad ahead at (45,13), placing gunner at (46,13) facing WEST
[RUSH] gunner: want to place at (46,13) facing WEST, ti=31 cost=36
[RUSH] gunner: cannot afford (need 36, have 31)
[RUSH] extend[0]: can't afford gunner, holding turn
  task=RUSH 0us OK -> (<Direction.CENTRE: 'centre'>, None)
  task=HEAL_CORE FAIL
[RUSH] --- rush eval at (45,7) en_core=(46,16) ---
[RUSH] step1: flow in range at (46,12) facing SOUTH
[RUSH] gunner: want to place at (46,12) facing SOUTH, ti=31 cost=36
[RUSH] gunner: cannot afford (need 36, have 31)
[RUSH] step1: can't afford gunner, holding turn
  task=RUSH 0us OK -> (<Direction.CENTRE: 'centre'>, None)
  task=HEAL_CORE FAIL
[RUSH] --- rush eval at (48,11) en_core=(46,16) ---
[RUSH] step1: no flow tile in gunner range of core
[RUSH] step2: flow near core at (46,13) d²=9, extending to siege (45,13)
[RUSH] extend: from (46,13) toward core (46,16)
[RUSH] extend: siege target (45,13)
[RUSH] extend: path=[(46, 13), (45, 13)]
[RUSH] extend: path len=2, builder at (48,11)
[RUSH] extend[0]: (46,13)->(45,13) bld=None team=None connected=False
[RUSH] extend[0]: enemy BuildingRoad ahead at (45,13), placing gunner at (46,13) facing WEST
[RUSH] gunner: want to place at (46,13) facing WEST, ti=31 cost=36
[RUSH] gunner: cannot afford (need 36, have 31)
[RUSH] extend[0]: can't afford gunner, holding turn
  task=RUSH 0us OK -> (<Direction.CENTRE: 'centre'>, None)
  task=HEAL_CORE FAIL
[RUSH] --- rush eval at (47,9) en_core=(46,16) ---
[RUSH] step1: no flow tile in gunner range of core
[RUSH] step2: flow near core at (46,13) d²=9, extending to siege (46,14)
[RUSH] extend: from (46,13) toward core (46,16)
[RUSH] extend: siege target (46,14)
[RUSH] extend: path=[(46, 13), (46, 14)]
[RUSH] extend: path len=2, builder at (47,9)
[RUSH] extend[0]: (46,13)->(46,14) bld=None team=None connected=False
[RUSH] extend[0]: enemy BuildingRoad ahead at (46,14), placing gunner at (46,13) facing SOUTH
[RUSH] gunner: want to place at (46,13) facing SOUTH, ti=31 cost=36
[RUSH] gunner: cannot afford (need 36, have 31)
[RUSH] extend[0]: can't afford gunner, holding turn
  task=RUSH 0us OK -> (<Direction.CENTRE: 'centre'>, None)
  task=HEAL_CORE FAIL
[RUSH] --- rush eval at (46,11) en_core=(46,16) ---
[RUSH] step1: no flow tile in gunner range of core
[RUSH] step2: flow near core at (46,13) d²=9, extending to siege (45,13)
[RUSH] extend: from (46,13) toward core (46,16)
[RUSH] extend: siege target (45,13)
[RUSH] extend: path=[(46, 13), (45, 13)]
[RUSH] extend: path len=2, builder at (46,11)
[RUSH] extend[0]: (46,13)->(45,13) bld=None team=None connected=False
[RUSH] extend[0]: enemy BuildingRoad ahead at (45,13), placing gunner at (46,13) facing WEST
[RUSH] gunner: want to place at (46,13) facing WEST, ti=31 cost=36
[RUSH] gunner: cannot afford (need 36, have 31)
[RUSH] extend[0]: can't afford gunner, holding turn
  task=RUSH 0us OK -> (<Direction.CENTRE: 'centre'>, None)
  task=HEAL_CORE FAIL
[RUSH] --- rush eval at (46,8) en_core=(46,16) ---
[RUSH] step1: flow in range at (46,13) facing SOUTH
[RUSH] gunner: want to place at (46,13) facing SOUTH, ti=31 cost=36
[RUSH] gunner: cannot afford (need 36, have 31)
[RUSH] step1: can't afford gunner, holding turn
  task=RUSH 0us OK -> (<Direction.CENTRE: 'centre'>, None)
[GUN] (45,9) facing=SOUTHWEST
[GUN] ray: target=None pri=0
[GUN] ammo=True
[GUN] feed_dir=NORTH
[GUN] no target, has ammo, best_rot=SOUTHWEST rot_pri=0
[GUN] (46,9) facing=SOUTH
[GUN] ray: target=None pri=0
[GUN] ammo=True
[GUN] feed_dir=NORTH
[GUN] no target, has ammo, best_rot=SOUTH rot_pri=0
[GUN] (47,12) facing=SOUTHWEST
[GUN] ray: target=None pri=0
[GUN] ammo=True
[GUN] feed_dir=NORTH
[GUN] scan SOUTH: pri=4
[GUN] no target, has ammo, best_rot=SOUTH rot_pri=4
[GUN] ROTATING to SOUTH (has ammo)
  task=HEAL_CORE FAIL
[RUSH] --- rush eval at (47,11) en_core=(46,16) ---
[RUSH] step1: no flow tile in gunner range of core
[RUSH] step2: flow near core at (46,13) d²=9, extending to siege (45,13)
[RUSH] extend: from (46,13) toward core (46,16)
[RUSH] extend: siege target (45,13)
[RUSH] extend: path=[(46, 13), (45, 13)]
[RUSH] extend: path len=2, builder at (47,11)
[RUSH] extend[0]: (46,13)->(45,13) bld=None team=None connected=False
[RUSH] extend[0]: enemy BuildingRoad ahead at (45,13), placing gunner at (46,13) facing WEST
[RUSH] gunner: want to place at (46,13) facing WEST, ti=21 cost=36
[RUSH] gunner: cannot afford (need 36, have 21)
[RUSH] extend[0]: can't afford gunner, holding turn
  task=RUSH 0us OK -> (<Direction.CENTRE: 'centre'>, None)
  task=HEAL_CORE FAIL
[RUSH] --- rush eval at (45,7) en_core=(46,16) ---
[RUSH] step1: flow in range at (46,12) facing SOUTH
[RUSH] gunner: want to place at (46,12) facing SOUTH, ti=21 cost=36
[RUSH] gunner: cannot afford (need 36, have 21)
[RUSH] step1: can't afford gunner, holding turn
  task=RUSH 0us OK -> (<Direction.CENTRE: 'centre'>, None)
  task=HEAL_CORE FAIL
[RUSH] --- rush eval at (48,11) en_core=(46,16) ---
[RUSH] step1: no flow tile in gunner range of core
[RUSH] step2: flow near core at (46,13) d²=9, extending to siege (45,13)
[RUSH] extend: from (46,13) toward core (46,16)
[RUSH] extend: siege target (45,13)
[RUSH] extend: path=[(46, 13), (45, 13)]
[RUSH] extend: path len=2, builder at (48,11)
[RUSH] extend[0]: (46,13)->(45,13) bld=None team=None connected=False
[RUSH] extend[0]: enemy BuildingRoad ahead at (45,13), placing gunner at (46,13) facing WEST
[RUSH] gunner: want to place at (46,13) facing WEST, ti=21 cost=36
[RUSH] gunner: cannot afford (need 36, have 21)
[RUSH] extend[0]: can't afford gunner, holding turn
  task=RUSH 0us OK -> (<Direction.CENTRE: 'centre'>, None)
  task=HEAL_CORE FAIL
[RUSH] --- rush eval at (47,9) en_core=(46,16) ---
[RUSH] step1: no flow tile in gunner range of core
[RUSH] step2: flow near core at (46,13) d²=9, extending to siege (46,14)
[RUSH] extend: from (46,13) toward core (46,16)
[RUSH] extend: siege target (46,14)
[RUSH] extend: path=[(46, 13), (46, 14)]
[RUSH] extend: path len=2, builder at (47,9)
[RUSH] extend[0]: (46,13)->(46,14) bld=None team=None connected=False
[RUSH] extend[0]: enemy BuildingRoad ahead at (46,14), placing gunner at (46,13) facing SOUTH
[RUSH] gunner: want to place at (46,13) facing SOUTH, ti=21 cost=36
[RUSH] gunner: cannot afford (need 36, have 21)
[RUSH] extend[0]: can't afford gunner, holding turn
  task=RUSH 0us OK -> (<Direction.CENTRE: 'centre'>, None)
  task=HEAL_CORE FAIL
[RUSH] --- rush eval at (46,11) en_core=(46,16) ---
[RUSH] step1: no flow tile in gunner range of core
[RUSH] step2: flow near core at (46,13) d²=9, extending to siege (45,13)
[RUSH] extend: from (46,13) toward core (46,16)
[RUSH] extend: siege target (45,13)
[RUSH] extend: path=[(46, 13), (45, 13)]
[RUSH] extend: path len=2, builder at (46,11)
[RUSH] extend[0]: (46,13)->(45,13) bld=None team=None connected=False
[RUSH] extend[0]: enemy BuildingRoad ahead at (45,13), placing gunner at (46,13) facing WEST
[RUSH] gunner: want to place at (46,13) facing WEST, ti=21 cost=36
[RUSH] gunner: cannot afford (need 36, have 21)
[RUSH] extend[0]: can't afford gunner, holding turn
  task=RUSH 0us OK -> (<Direction.CENTRE: 'centre'>, None)
  task=HEAL_CORE FAIL
[RUSH] --- rush eval at (46,8) en_core=(46,16) ---
[RUSH] step1: flow in range at (46,13) facing SOUTH
[RUSH] gunner: want to place at (46,13) facing SOUTH, ti=21 cost=36
[RUSH] gunner: cannot afford (need 36, have 21)
[RUSH] step1: can't afford gunner, holding turn
  task=RUSH 0us OK -> (<Direction.CENTRE: 'centre'>, None)
[GUN] (45,9) facing=SOUTHWEST
[GUN] ray: target=None pri=0
[GUN] ammo=True
[GUN] feed_dir=NORTH
[GUN] no target, has ammo, best_rot=SOUTHWEST rot_pri=0
[GUN] (46,9) facing=SOUTH
[GUN] ray: target=None pri=0
[GUN] ammo=True
[GUN] feed_dir=NORTH
[GUN] no target, has ammo, best_rot=SOUTH rot_pri=0
[GUN] (47,12) facing=SOUTH
[GUN] ray: target=Position(x=47, y=15) pri=4
[GUN] ammo=True
[GUN] feed_dir=NORTH
[GUN] cur_pri=4 best_rot=SOUTH rot_pri=0
[GUN] FIRE at (47,15) pri=4
  task=HEAL_CORE FAIL
[RUSH] --- rush eval at (47,11) en_core=(46,16) ---
[RUSH] step1: no flow tile in gunner range of core
[RUSH] step2: flow near core at (46,13) d²=9, extending to siege (45,13)
[RUSH] extend: from (46,13) toward core (46,16)
[RUSH] extend: siege target (45,13)
[RUSH] extend: path=[(46, 13), (45, 13)]
[RUSH] extend: path len=2, builder at (47,11)
[RUSH] extend[0]: (46,13)->(45,13) bld=None team=None connected=False
[RUSH] extend[0]: enemy BuildingRoad ahead at (45,13), placing gunner at (46,13) facing WEST
[RUSH] gunner: want to place at (46,13) facing WEST, ti=31 cost=36
[RUSH] gunner: cannot afford (need 36, have 31)
[RUSH] extend[0]: can't afford gunner, holding turn
  task=RUSH 0us OK -> (<Direction.CENTRE: 'centre'>, None)
  task=HEAL_CORE FAIL
[RUSH] --- rush eval at (45,7) en_core=(46,16) ---
[RUSH] step1: flow in range at (46,12) facing SOUTH
[RUSH] gunner: want to place at (46,12) facing SOUTH, ti=31 cost=36
[RUSH] gunner: cannot afford (need 36, have 31)
[RUSH] step1: can't afford gunner, holding turn
  task=RUSH 0us OK -> (<Direction.CENTRE: 'centre'>, None)
  task=HEAL_CORE FAIL
[RUSH] --- rush eval at (48,11) en_core=(46,16) ---
[RUSH] step1: no flow tile in gunner range of core
[RUSH] step2: flow near core at (46,13) d²=9, extending to siege (45,13)
[RUSH] extend: from (46,13) toward core (46,16)
[RUSH] extend: siege target (45,13)
[RUSH] extend: path=[(46, 13), (45, 13)]
[RUSH] extend: path len=2, builder at (48,11)
[RUSH] extend[0]: (46,13)->(45,13) bld=None team=None connected=False
[RUSH] extend[0]: enemy BuildingRoad ahead at (45,13), placing gunner at (46,13) facing WEST
[RUSH] gunner: want to place at (46,13) facing WEST, ti=31 cost=36
[RUSH] gunner: cannot afford (need 36, have 31)
[RUSH] extend[0]: can't afford gunner, holding turn
  task=RUSH 0us OK -> (<Direction.CENTRE: 'centre'>, None)
  task=HEAL_CORE FAIL
[RUSH] --- rush eval at (47,9) en_core=(46,16) ---
[RUSH] step1: no flow tile in gunner range of core
[RUSH] step2: flow near core at (46,13) d²=9, extending to siege (46,14)
[RUSH] extend: from (46,13) toward core (46,16)
[RUSH] extend: siege target (46,14)
[RUSH] extend: path=[(46, 13), (46, 14)]
[RUSH] extend: path len=2, builder at (47,9)
[RUSH] extend[0]: (46,13)->(46,14) bld=None team=None connected=False
[RUSH] extend[0]: enemy BuildingRoad ahead at (46,14), placing gunner at (46,13) facing SOUTH
[RUSH] gunner: want to place at (46,13) facing SOUTH, ti=31 cost=36
[RUSH] gunner: cannot afford (need 36, have 31)
[RUSH] extend[0]: can't afford gunner, holding turn
  task=RUSH 0us OK -> (<Direction.CENTRE: 'centre'>, None)
  task=HEAL_CORE FAIL
[RUSH] --- rush eval at (46,11) en_core=(46,16) ---
[RUSH] step1: no flow tile in gunner range of core
[RUSH] step2: flow near core at (46,13) d²=9, extending to siege (45,13)
[RUSH] extend: from (46,13) toward core (46,16)
[RUSH] extend: siege target (45,13)
[RUSH] extend: path=[(46, 13), (45, 13)]
[RUSH] extend: path len=2, builder at (46,11)
[RUSH] extend[0]: (46,13)->(45,13) bld=None team=None connected=False
[RUSH] extend[0]: enemy BuildingRoad ahead at (45,13), placing gunner at (46,13) facing WEST
[RUSH] gunner: want to place at (46,13) facing WEST, ti=31 cost=36
[RUSH] gunner: cannot afford (need 36, have 31)
[RUSH] extend[0]: can't afford gunner, holding turn
  task=RUSH 0us OK -> (<Direction.CENTRE: 'centre'>, None)
  task=HEAL_CORE FAIL
[RUSH] --- rush eval at (46,8) en_core=(46,16) ---
[RUSH] step1: flow in range at (46,13) facing SOUTH
[RUSH] gunner: want to place at (46,13) facing SOUTH, ti=31 cost=36
[RUSH] gunner: cannot afford (need 36, have 31)
[RUSH] step1: can't afford gunner, holding turn
  task=RUSH 0us OK -> (<Direction.CENTRE: 'centre'>, None)
[GUN] (45,9) facing=SOUTHWEST
[GUN] ray: target=None pri=0
[GUN] ammo=True
[GUN] feed_dir=NORTH
[GUN] no target, has ammo, best_rot=SOUTHWEST rot_pri=0
[GUN] (46,9) facing=SOUTH
[GUN] ray: target=None pri=0
[GUN] ammo=True
[GUN] feed_dir=NORTH
[GUN] no target, has ammo, best_rot=SOUTH rot_pri=0
[GUN] (47,12) facing=SOUTH
[GUN] ray: target=Position(x=47, y=15) pri=4
[GUN] ammo=True
[GUN] feed_dir=NORTH
[GUN] cur_pri=4 best_rot=SOUTH rot_pri=0
[GUN] FIRE at (47,15) pri=4
  task=HEAL_CORE FAIL
[RUSH] --- rush eval at (47,11) en_core=(46,16) ---
[RUSH] step1: no flow tile in gunner range of core
[RUSH] step2: flow near core at (46,13) d²=9, extending to siege (45,13)
[RUSH] extend: from (46,13) toward core (46,16)
[RUSH] extend: siege target (45,13)
[RUSH] extend: path=[(46, 13), (45, 13)]
[RUSH] extend: path len=2, builder at (47,11)
[RUSH] extend[0]: (46,13)->(45,13) bld=None team=None connected=False
[RUSH] extend[0]: enemy BuildingRoad ahead at (45,13), placing gunner at (46,13) facing WEST
[RUSH] gunner: want to place at (46,13) facing WEST, ti=41 cost=36
[RUSH] gunner: target (46,13) bld=None team=None builder=(47,11) d²=5
[RUSH] gunner: walking toward (46,13) d²=5
  task=RUSH 0us OK -> (<Direction.SOUTHWEST: 'southwest'>, None)
  task=HEAL_CORE FAIL
[RUSH] --- rush eval at (45,7) en_core=(46,16) ---
[RUSH] step1: flow in range at (46,12) facing SOUTH
[RUSH] gunner: want to place at (46,12) facing SOUTH, ti=41 cost=36
[RUSH] gunner: target (46,12) bld=None team=None builder=(45,7) d²=26
[RUSH] gunner: walking toward (46,12) d²=26
  task=RUSH 0us OK -> (<Direction.EAST: 'east'>, None)
  task=HEAL_CORE FAIL
[RUSH] --- rush eval at (48,11) en_core=(46,16) ---
[RUSH] step1: no flow tile in gunner range of core
[RUSH] step2: flow near core at (46,13) d²=9, extending to siege (45,13)
[RUSH] extend: from (46,13) toward core (46,16)
[RUSH] extend: siege target (45,13)
[RUSH] extend: path=[(46, 13), (45, 13)]
[RUSH] extend: path len=2, builder at (48,11)
[RUSH] extend[0]: (46,13)->(45,13) bld=None team=None connected=False
[RUSH] extend[0]: enemy BuildingRoad ahead at (45,13), placing gunner at (46,13) facing WEST
[RUSH] gunner: want to place at (46,13) facing WEST, ti=41 cost=36
[RUSH] gunner: target (46,13) bld=None team=None builder=(48,11) d²=8
[RUSH] gunner: walking toward (46,13) d²=8
  task=RUSH 0us OK -> (<Direction.SOUTH: 'south'>, PlaceRoad(pos=Position(x=48, y=12)))
  task=HEAL_CORE FAIL
[RUSH] --- rush eval at (47,9) en_core=(46,16) ---
[RUSH] step1: no flow tile in gunner range of core
[RUSH] step2: flow near core at (46,13) d²=9, extending to siege (46,14)
[RUSH] extend: from (46,13) toward core (46,16)
[RUSH] extend: siege target (46,14)
[RUSH] extend: path=[(46, 13), (46, 14)]
[RUSH] extend: path len=2, builder at (47,9)
[RUSH] extend[0]: (46,13)->(46,14) bld=None team=None connected=False
[RUSH] extend[0]: enemy BuildingRoad ahead at (46,14), placing gunner at (46,13) facing SOUTH
[RUSH] gunner: want to place at (46,13) facing SOUTH, ti=38 cost=36
[RUSH] gunner: target (46,13) bld=None team=None builder=(47,9) d²=17
[RUSH] gunner: walking toward (46,13) d²=17
  task=RUSH 0us OK -> (<Direction.SOUTHWEST: 'southwest'>, PlaceRoad(pos=Position(x=46, y=10)))
  task=HEAL_CORE FAIL
[RUSH] --- rush eval at (46,11) en_core=(46,16) ---
[RUSH] step1: no flow tile in gunner range of core
[RUSH] step2: flow near core at (46,13) d²=9, extending to siege (45,13)
[RUSH] extend: from (46,13) toward core (46,16)
[RUSH] extend: siege target (45,13)
[RUSH] extend: path=[(46, 13), (45, 13)]
[RUSH] extend: path len=2, builder at (46,11)
[RUSH] extend[0]: (46,13)->(45,13) bld=None team=None connected=False
[RUSH] extend[0]: enemy BuildingRoad ahead at (45,13), placing gunner at (46,13) facing WEST
[RUSH] gunner: want to place at (46,13) facing WEST, ti=35 cost=36
[RUSH] gunner: cannot afford (need 36, have 35)
[RUSH] extend[0]: can't afford gunner, holding turn
  task=RUSH 0us OK -> (<Direction.CENTRE: 'centre'>, None)
  task=HEAL_CORE FAIL
[RUSH] --- rush eval at (46,8) en_core=(46,16) ---
[RUSH] step1: flow in range at (46,13) facing SOUTH
[RUSH] gunner: want to place at (46,13) facing SOUTH, ti=35 cost=36
[RUSH] gunner: cannot afford (need 36, have 35)
[RUSH] step1: can't afford gunner, holding turn
  task=RUSH 0us OK -> (<Direction.CENTRE: 'centre'>, None)
[GUN] (45,9) facing=SOUTHWEST
[GUN] ray: target=None pri=0
[GUN] ammo=True
[GUN] feed_dir=NORTH
[GUN] no target, has ammo, best_rot=SOUTHWEST rot_pri=0
[GUN] (46,9) facing=SOUTH
[GUN] ray: target=None pri=0
[GUN] ammo=True
[GUN] feed_dir=NORTH
[GUN] no target, has ammo, best_rot=SOUTH rot_pri=0
[GUN] (47,12) facing=SOUTH
[GUN] ray: target=Position(x=47, y=15) pri=4
[GUN] ammo=True
[GUN] feed_dir=NORTH
[GUN] cur_pri=4 best_rot=SOUTH rot_pri=0
[GUN] FIRE at (47,15) pri=4
  task=HEAL_CORE FAIL
[RUSH] --- rush eval at (46,12) en_core=(46,16) ---
[RUSH] step1: no flow tile in gunner range of core
[RUSH] step2: flow near core at (46,13) d²=9, extending to siege (45,13)
[RUSH] extend: from (46,13) toward core (46,16)
[RUSH] extend: siege target (45,13)
[RUSH] extend: path=[(46, 13), (45, 13)]
[RUSH] extend: path len=2, builder at (46,12)
[RUSH] extend[0]: (46,13)->(45,13) bld=None team=None connected=False
[RUSH] extend[0]: enemy BuildingRoad ahead at (45,13), placing gunner at (46,13) facing WEST
[RUSH] gunner: want to place at (46,13) facing WEST, ti=45 cost=36
[RUSH] gunner: target (46,13) bld=None team=None builder=(46,12) d²=1
[RUSH] gunner: placing at (46,13) facing WEST, can_build=True
  task=RUSH 0us OK -> (<Direction.CENTRE: 'centre'>, PlaceGunner(pos=Position(x=46, y=13), direction=<Direction.WEST: 'west'>))
  task=HEAL_CORE FAIL
[RUSH] --- rush eval at (46,7) en_core=(46,16) ---
[RUSH] step1: flow in range at (46,12) facing SOUTH
[RUSH] gunner: want to place at (46,12) facing SOUTH, ti=9 cost=37
[RUSH] gunner: cannot afford (need 37, have 9)
[RUSH] step1: can't afford gunner, holding turn
  task=RUSH 0us OK -> (<Direction.CENTRE: 'centre'>, None)
  task=HEAL_CORE FAIL
[RUSH] --- rush eval at (48,12) en_core=(46,16) ---
[RUSH] step1: no flow tile in gunner range of core
[RUSH] step2: flow near core at (48,11) d²=29, extending to siege (48,13)
[RUSH] extend: from (48,11) toward core (46,16)
[RUSH] extend: siege target (48,13)
[RUSH] extend: path=[(48, 11), (48, 12), (48, 13)]
[RUSH] extend: path len=3, builder at (48,12)
[RUSH] extend[0]: (48,11)->(48,12) bld=BuildingRoad team=Team.A connected=False
[RUSH] extend[0]: destroying allied BuildingRoad at (48,11) to rebuild
[RUSH] extend[0]: building (48,11)->(48,12) action=PlaceConveyor(pos=Position(x=48, y=11), direction=<Direction.SOUTH: 'south'>) d²=1
  task=RUSH 0us OK -> (<Direction.CENTRE: 'centre'>, PlaceConveyor(pos=Position(x=48, y=11), direction=<Direction.SOUTH: 'south'>))
  task=HEAL_CORE FAIL
[RUSH] --- rush eval at (46,10) en_core=(46,16) ---
[RUSH] step1: no flow tile in gunner range of core
[RUSH] step2: flow near core at (48,11) d²=29, extending to siege (48,13)
[RUSH] extend: from (48,11) toward core (46,16)
[RUSH] extend: siege target (48,13)
[RUSH] extend: path=[(48, 11), (48, 12), (48, 13)]
[RUSH] extend: path len=3, builder at (46,10)
[RUSH] extend[0]: (48,11)->(48,12) bld=BuildingMarker team=Team.A connected=False
[RUSH] extend[0]: need to walk to (48,11) d²=5
  task=RUSH 0us OK -> (<Direction.EAST: 'east'>, None)
  task=HEAL_CORE FAIL
[RUSH] --- rush eval at (46,11) en_core=(46,16) ---
[RUSH] step1: no flow tile in gunner range of core
[RUSH] step2: flow near core at (48,11) d²=29, extending to siege (48,13)
[RUSH] extend: from (48,11) toward core (46,16)
[RUSH] extend: siege target (48,13)
[RUSH] extend: path=[(48, 11), (48, 12), (48, 13)]
[RUSH] extend: path len=3, builder at (46,11)
[RUSH] extend[0]: (48,11)->(48,12) bld=BuildingMarker team=Team.A connected=False
[RUSH] extend[0]: need to walk to (48,11) d²=4
  task=RUSH 0us OK -> (<Direction.EAST: 'east'>, None)
  task=HEAL_CORE FAIL
[RUSH] --- rush eval at (46,8) en_core=(46,16) ---
[RUSH] step1: flow in range at (46,13) facing SOUTH
[RUSH] gunner: want to place at (46,13) facing SOUTH, ti=9 cost=37
[RUSH] gunner: cannot afford (need 37, have 9)
[RUSH] step1: can't afford gunner, holding turn
  task=RUSH 0us OK -> (<Direction.CENTRE: 'centre'>, None)
[GUN] (45,9) facing=SOUTHWEST
[GUN] ray: target=None pri=0
[GUN] ammo=True
[GUN] feed_dir=NORTH
[GUN] no target, has ammo, best_rot=SOUTHWEST rot_pri=0
[GUN] (46,9) facing=SOUTH
[GUN] ray: target=Position(x=46, y=10) pri=1
[GUN] ammo=True
[GUN] feed_dir=NORTH
[GUN] cur_pri=1 best_rot=SOUTH rot_pri=0
[GUN] FIRE at (46,10) pri=1
[GUN] (47,12) facing=SOUTH
[GUN] ray: target=Position(x=47, y=15) pri=4
[GUN] ammo=True
[GUN] feed_dir=NORTH
[GUN] cur_pri=4 best_rot=SOUTH rot_pri=0
[GUN] FIRE at (47,15) pri=4
  task=HEAL_CORE FAIL
[RUSH] --- rush eval at (46,12) en_core=(46,16) ---
[RUSH] step1: no flow tile in gunner range of core
[RUSH] step2: flow near core at (48,11) d²=29, extending to siege (48,13)
[RUSH] extend: from (48,11) toward core (46,16)
[RUSH] extend: siege target (48,13)
[RUSH] extend: path=[(48, 11), (48, 12), (48, 13)]
[RUSH] extend: path len=3, builder at (46,12)
[RUSH] extend[0]: (48,11)->(48,12) bld=BuildingMarker team=Team.A connected=False
[RUSH] extend[0]: need to walk to (48,11) d²=5
  task=RUSH 0us OK -> (<Direction.NORTHWEST: 'northwest'>, PlaceRoad(pos=Position(x=45, y=11)))
  task=HEAL_CORE FAIL
[RUSH] --- rush eval at (46,7) en_core=(46,16) ---
[RUSH] step1: flow in range at (46,12) facing SOUTH
[RUSH] gunner: want to place at (46,12) facing SOUTH, ti=6 cost=37
[RUSH] gunner: cannot afford (need 37, have 6)
[RUSH] step1: can't afford gunner, holding turn
  task=RUSH 0us OK -> (<Direction.CENTRE: 'centre'>, None)
  task=HEAL_CORE FAIL
[RUSH] --- rush eval at (48,12) en_core=(46,16) ---
[RUSH] step1: no flow tile in gunner range of core
[RUSH] step2: flow near core at (48,11) d²=29, extending to siege (48,13)
[RUSH] extend: from (48,11) toward core (46,16)
[RUSH] extend: siege target (48,13)
[RUSH] extend: path=[(48, 11), (48, 12), (48, 13)]
[RUSH] extend: path len=3, builder at (48,12)
[RUSH] extend[0]: (48,11)->(48,12) bld=BuildingMarker team=Team.A connected=False
[RUSH] extend[0]: destroying allied BuildingMarker at (48,11) to rebuild
[RUSH] extend[0]: building (48,11)->(48,12) action=PlaceConveyor(pos=Position(x=48, y=11), direction=<Direction.SOUTH: 'south'>) d²=1
  task=RUSH 0us OK -> (<Direction.CENTRE: 'centre'>, PlaceConveyor(pos=Position(x=48, y=11), direction=<Direction.SOUTH: 'south'>))
  task=HEAL_CORE FAIL
[RUSH] --- rush eval at (47,10) en_core=(46,16) ---
[RUSH] step1: no flow tile in gunner range of core
[RUSH] step2: flow near core at (48,11) d²=29, extending to siege (48,13)
[RUSH] extend: from (48,11) toward core (46,16)
[RUSH] extend: siege target (48,13)
[RUSH] extend: path=[(48, 11), (48, 12), (48, 13)]
[RUSH] extend: path len=3, builder at (47,10)
[RUSH] extend[0]: (48,11)->(48,12) bld=BuildingMarker team=Team.A connected=False
[RUSH] extend[0]: destroying allied BuildingMarker at (48,11) to rebuild
[RUSH] extend[0]: building (48,11)->(48,12) action=PlaceConveyor(pos=Position(x=48, y=11), direction=<Direction.SOUTH: 'south'>) d²=2
  task=RUSH 0us OK -> (<Direction.CENTRE: 'centre'>, PlaceConveyor(pos=Position(x=48, y=11), direction=<Direction.SOUTH: 'south'>))
  task=HEAL_CORE FAIL
[RUSH] --- rush eval at (47,11) en_core=(46,16) ---
[RUSH] step1: no flow tile in gunner range of core
[RUSH] step2: flow near core at (48,11) d²=29, extending to siege (48,13)
[RUSH] extend: from (48,11) toward core (46,16)
[RUSH] extend: siege target (48,13)
[RUSH] extend: path=[(48, 11), (48, 12), (48, 13)]
[RUSH] extend: path len=3, builder at (47,11)
[RUSH] extend[0]: (48,11)->(48,12) bld=None team=None connected=False
[RUSH] extend[0]: building (48,11)->(48,12) action=PlaceConveyor(pos=Position(x=48, y=11), direction=<Direction.SOUTH: 'south'>) d²=1
  task=RUSH 0us OK -> (<Direction.CENTRE: 'centre'>, PlaceConveyor(pos=Position(x=48, y=11), direction=<Direction.SOUTH: 'south'>))
  task=HEAL_CORE FAIL
[RUSH] --- rush eval at (46,8) en_core=(46,16) ---
[RUSH] step1: flow in range at (46,13) facing SOUTH
[RUSH] gunner: want to place at (46,13) facing SOUTH, ti=6 cost=37
[RUSH] gunner: cannot afford (need 37, have 6)
[RUSH] step1: can't afford gunner, holding turn
  task=RUSH 0us OK -> (<Direction.CENTRE: 'centre'>, None)
[GUN] (45,9) facing=SOUTHWEST
[GUN] ray: target=None pri=0
[GUN] ammo=True
[GUN] feed_dir=NORTH
[GUN] no target, has ammo, best_rot=SOUTHWEST rot_pri=0
[GUN] (46,9) facing=SOUTH
[GUN] ray: target=None pri=0
[GUN] ammo=True
[GUN] feed_dir=NORTH
[GUN] no target, has ammo, best_rot=SOUTH rot_pri=0
[GUN] (47,12) facing=SOUTH
[GUN] ray: target=Position(x=47, y=15) pri=4
[GUN] ammo=True
[GUN] feed_dir=NORTH
[GUN] cur_pri=4 best_rot=SOUTH rot_pri=0
[GUN] FIRE at (47,15) pri=4
[GUN] (46,13) facing=WEST
[GUN] ray: target=Position(x=45, y=13) pri=3
[GUN] ammo=True
[GUN] feed_dir=NORTH
[GUN] scan SOUTH: pri=4
[GUN] cur_pri=3 best_rot=SOUTH rot_pri=4
[GUN] want to rotate but ti=6 or can't
[GUN] FIRE at (45,13) pri=3
  task=HEAL_CORE FAIL
[RUSH] --- rush eval at (45,11) en_core=(46,16) ---
[RUSH] step1: no flow tile in gunner range of core
[RUSH] step2: flow near core at (48,11) d²=29, extending to siege (48,13)
[RUSH] extend: from (48,11) toward core (46,16)
[RUSH] extend: siege target (48,13)
[RUSH] extend: path=[(48, 11), (48, 12), (48, 13)]
[RUSH] extend: path len=3, builder at (45,11)
[RUSH] extend[0]: (48,11)->(48,12) bld=None team=None connected=False
[RUSH] extend[0]: need to walk to (48,11) d²=9
  task=RUSH 0us OK -> (<Direction.NORTHEAST: 'northeast'>, PlaceRoad(pos=Position(x=46, y=10)))
  task=HEAL_CORE FAIL
[RUSH] --- rush eval at (46,7) en_core=(46,16) ---
[RUSH] step1: flow in range at (46,12) facing SOUTH
[RUSH] gunner: want to place at (46,12) facing SOUTH, ti=3 cost=37
[RUSH] gunner: cannot afford (need 37, have 3)
[RUSH] step1: can't afford gunner, holding turn
  task=RUSH 0us OK -> (<Direction.CENTRE: 'centre'>, None)
  task=HEAL_CORE FAIL
[RUSH] --- rush eval at (48,12) en_core=(46,16) ---
[RUSH] step1: no flow tile in gunner range of core
[RUSH] step2: flow near core at (48,11) d²=29, extending to siege (48,13)
[RUSH] extend: from (48,11) toward core (46,16)
[RUSH] extend: siege target (48,13)
[RUSH] extend: path=[(48, 11), (48, 12), (48, 13)]
[RUSH] extend: path len=3, builder at (48,12)
[RUSH] extend[0]: (48,11)->(48,12) bld=None team=None connected=False
[RUSH] extend[0]: building (48,11)->(48,12) action=PlaceConveyor(pos=Position(x=48, y=11), direction=<Direction.SOUTH: 'south'>) d²=1
  task=RUSH 0us OK -> (<Direction.CENTRE: 'centre'>, PlaceConveyor(pos=Position(x=48, y=11), direction=<Direction.SOUTH: 'south'>))
  task=HEAL_CORE FAIL
[RUSH] --- rush eval at (47,10) en_core=(46,16) ---
[RUSH] step1: no flow tile in gunner range of core
[RUSH] step2: flow near core at (48,11) d²=29, extending to siege (48,13)
[RUSH] extend: from (48,11) toward core (46,16)
[RUSH] extend: siege target (48,13)
[RUSH] extend: path=[(48, 11), (48, 12), (48, 13)]
[RUSH] extend: path len=3, builder at (47,10)
[RUSH] extend[0]: (48,11)->(48,12) bld=BuildingMarker team=Team.A connected=False
[RUSH] extend[0]: destroying allied BuildingMarker at (48,11) to rebuild
[RUSH] extend[0]: building (48,11)->(48,12) action=PlaceConveyor(pos=Position(x=48, y=11), direction=<Direction.SOUTH: 'south'>) d²=2
  task=RUSH 0us OK -> (<Direction.CENTRE: 'centre'>, PlaceConveyor(pos=Position(x=48, y=11), direction=<Direction.SOUTH: 'south'>))
  task=HEAL_CORE FAIL
[RUSH] --- rush eval at (47,11) en_core=(46,16) ---
[RUSH] step1: no flow tile in gunner range of core
[RUSH] step2: flow near core at (48,11) d²=29, extending to siege (48,13)
[RUSH] extend: from (48,11) toward core (46,16)
[RUSH] extend: siege target (48,13)
[RUSH] extend: path=[(48, 11), (48, 12), (48, 13)]
[RUSH] extend: path len=3, builder at (47,11)
[RUSH] extend[0]: (48,11)->(48,12) bld=BuildingMarker team=Team.A connected=False
[RUSH] extend[0]: destroying allied BuildingMarker at (48,11) to rebuild
[RUSH] extend[0]: building (48,11)->(48,12) action=PlaceConveyor(pos=Position(x=48, y=11), direction=<Direction.SOUTH: 'south'>) d²=1
  task=RUSH 0us OK -> (<Direction.CENTRE: 'centre'>, PlaceConveyor(pos=Position(x=48, y=11), direction=<Direction.SOUTH: 'south'>))
  task=HEAL_CORE FAIL
[RUSH] --- rush eval at (46,8) en_core=(46,16) ---
[RUSH] step1: flow in range at (46,13) facing SOUTH
[RUSH] gunner: want to place at (46,13) facing SOUTH, ti=3 cost=37
[RUSH] gunner: cannot afford (need 37, have 3)
[RUSH] step1: can't afford gunner, holding turn
  task=RUSH 0us OK -> (<Direction.CENTRE: 'centre'>, None)
[GUN] (45,9) facing=SOUTHWEST
[GUN] ray: target=None pri=0
[GUN] ammo=True
[GUN] feed_dir=NORTH
[GUN] no target, has ammo, best_rot=SOUTHWEST rot_pri=0
[GUN] (46,9) facing=SOUTH
[GUN] ray: target=None pri=0
[GUN] ammo=True
[GUN] feed_dir=NORTH
[GUN] no target, has ammo, best_rot=SOUTH rot_pri=0
[GUN] (47,12) facing=SOUTH
[GUN] ray: target=None pri=0
[GUN] ammo=False
[GUN] no target, no ammo
[GUN] (46,13) facing=WEST
[GUN] ray: target=Position(x=44, y=13) pri=3
[GUN] ammo=True
[GUN] feed_dir=NORTH
[GUN] scan SOUTH: pri=4
[GUN] cur_pri=3 best_rot=SOUTH rot_pri=4
[GUN] want to rotate but ti=3 or can't
[GUN] FIRE at (44,13) pri=3
  task=HEAL_CORE FAIL
[RUSH] --- rush eval at (46,10) en_core=(46,16) ---
[RUSH] step1: no flow tile in gunner range of core
[RUSH] step2: flow near core at (48,11) d²=29, extending to siege (48,13)
[RUSH] extend: from (48,11) toward core (46,16)
[RUSH] extend: siege target (48,13)
[RUSH] extend: path=[(48, 11), (48, 12), (48, 13)]
[RUSH] extend: path len=3, builder at (46,10)
[RUSH] extend[0]: (48,11)->(48,12) bld=BuildingMarker team=Team.A connected=False
[RUSH] extend[0]: need to walk to (48,11) d²=5
  task=RUSH 0us OK -> (<Direction.NORTHEAST: 'northeast'>, None)
  task=HEAL_CORE FAIL
[RUSH] --- rush eval at (46,7) en_core=(46,16) ---
[RUSH] step1: flow in range at (46,12) facing SOUTH
[RUSH] gunner: want to place at (46,12) facing SOUTH, ti=13 cost=37
[RUSH] gunner: cannot afford (need 37, have 13)
[RUSH] step1: can't afford gunner, holding turn
  task=RUSH 0us OK -> (<Direction.CENTRE: 'centre'>, None)
  task=HEAL_CORE FAIL
[RUSH] --- rush eval at (48,12) en_core=(46,16) ---
[RUSH] step1: no flow tile in gunner range of core
[RUSH] step2: flow near core at (48,11) d²=29, extending to siege (48,13)
[RUSH] extend: from (48,11) toward core (46,16)
[RUSH] extend: siege target (48,13)
[RUSH] extend: path=[(48, 11), (48, 12), (48, 13)]
[RUSH] extend: path len=3, builder at (48,12)
[RUSH] extend[0]: (48,11)->(48,12) bld=BuildingMarker team=Team.A connected=False
[RUSH] extend[0]: destroying allied BuildingMarker at (48,11) to rebuild
[RUSH] extend[0]: building (48,11)->(48,12) action=PlaceConveyor(pos=Position(x=48, y=11), direction=<Direction.SOUTH: 'south'>) d²=1
  task=RUSH 0us OK -> (<Direction.CENTRE: 'centre'>, PlaceConveyor(pos=Position(x=48, y=11), direction=<Direction.SOUTH: 'south'>))
  task=HEAL_CORE FAIL
[RUSH] --- rush eval at (47,10) en_core=(46,16) ---
[RUSH] step1: no flow tile in gunner range of core
[RUSH] step2: flow near core at (48,12) d²=20, extending to siege (48,13)
[RUSH] extend: from (48,12) toward core (46,16)
[RUSH] extend: siege target (48,13)
[RUSH] extend: path=[(48, 12), (48, 13)]
[RUSH] extend: path len=2, builder at (47,10)
[RUSH] extend[0]: (48,12)->(48,13) bld=BuildingRoad team=Team.A connected=False
[RUSH] extend[0]: need to walk to (48,12) d²=5
  task=RUSH 0us OK -> (<Direction.SOUTHEAST: 'southeast'>, None)
  task=HEAL_CORE FAIL
[RUSH] --- rush eval at (47,11) en_core=(46,16) ---
[RUSH] step1: no flow tile in gunner range of core
[RUSH] step2: flow near core at (48,12) d²=20, extending to siege (48,13)
[RUSH] extend: from (48,12) toward core (46,16)
[RUSH] extend: siege target (48,13)
[RUSH] extend: path=[(48, 12), (48, 13)]
[RUSH] extend: path len=2, builder at (47,11)
[RUSH] extend[0]: (48,12)->(48,13) bld=BuildingRoad team=Team.A connected=False
[RUSH] extend[0]: destroying allied BuildingRoad at (48,12) to rebuild
[RUSH] extend[0]: building (48,12)->(48,13) action=PlaceConveyor(pos=Position(x=48, y=12), direction=<Direction.SOUTH: 'south'>) d²=2
  task=RUSH 0us OK -> (<Direction.CENTRE: 'centre'>, PlaceConveyor(pos=Position(x=48, y=12), direction=<Direction.SOUTH: 'south'>))
  task=HEAL_CORE FAIL
[RUSH] --- rush eval at (46,8) en_core=(46,16) ---
[RUSH] step1: flow in range at (46,13) facing SOUTH
[RUSH] gunner: want to place at (46,13) facing SOUTH, ti=2 cost=37
[RUSH] gunner: cannot afford (need 37, have 2)
[RUSH] step1: can't afford gunner, holding turn
  task=RUSH 0us OK -> (<Direction.CENTRE: 'centre'>, None)
[GUN] (45,9) facing=SOUTHWEST
[GUN] ray: target=None pri=0
[GUN] ammo=True
[GUN] feed_dir=NORTH
[GUN] no target, has ammo, best_rot=SOUTHWEST rot_pri=0
[GUN] (46,9) facing=SOUTH
[GUN] ray: target=Position(x=46, y=10) pri=1
[GUN] ammo=True
[GUN] feed_dir=NORTH
[GUN] cur_pri=1 best_rot=SOUTH rot_pri=0
[GUN] FIRE at (46,10) pri=1
[GUN] (47,12) facing=SOUTH
[GUN] ray: target=Position(x=47, y=15) pri=4
[GUN] ammo=True
[GUN] feed_dir=NORTH
[GUN] cur_pri=4 best_rot=SOUTH rot_pri=0
[GUN] FIRE at (47,15) pri=4
[GUN] (46,13) facing=WEST
[GUN] ray: target=Position(x=43, y=13) pri=3
[GUN] ammo=True
[GUN] feed_dir=NORTH
[GUN] scan SOUTH: pri=4
[GUN] cur_pri=3 best_rot=SOUTH rot_pri=4
[GUN] want to rotate but ti=2 or can't
[GUN] FIRE at (43,13) pri=3
  task=HEAL_CORE FAIL
[RUSH] --- rush eval at (47,9) en_core=(46,16) ---
[RUSH] step1: no flow tile in gunner range of core
  task=RUSH 0us OK -> (<Direction.SOUTH: 'south'>, None)
  task=HEAL_CORE FAIL
[RUSH] --- rush eval at (46,7) en_core=(46,16) ---
[RUSH] step1: flow in range at (46,12) facing SOUTH
[RUSH] gunner: want to place at (46,12) facing SOUTH, ti=22 cost=37
[RUSH] gunner: cannot afford (need 37, have 22)
[RUSH] step1: can't afford gunner, holding turn
  task=RUSH 0us OK -> (<Direction.CENTRE: 'centre'>, None)
  task=HEAL_CORE FAIL
[RUSH] --- rush eval at (48,12) en_core=(46,16) ---
[RUSH] step1: no flow tile in gunner range of core
  task=RUSH 0us OK -> (<Direction.SOUTHWEST: 'southwest'>, PlaceRoad(pos=Position(x=47, y=13)))
  task=HEAL_CORE FAIL
[RUSH] --- rush eval at (48,11) en_core=(46,16) ---
[RUSH] step1: no flow tile in gunner range of core
[RUSH] step2: flow near core at (48,12) d²=20, extending to siege (48,13)
[RUSH] extend: from (48,12) toward core (46,16)
[RUSH] extend: siege target (48,13)
[RUSH] extend: path=[(48, 12), (48, 13)]
[RUSH] extend: path len=2, builder at (48,11)
[RUSH] extend[0]: (48,12)->(48,13) bld=BuildingMarker team=Team.A connected=False
[RUSH] extend[0]: destroying allied BuildingMarker at (48,12) to rebuild
[RUSH] extend[0]: building (48,12)->(48,13) action=PlaceConveyor(pos=Position(x=48, y=12), direction=<Direction.SOUTH: 'south'>) d²=1
  task=RUSH 0us OK -> (<Direction.CENTRE: 'centre'>, PlaceConveyor(pos=Position(x=48, y=12), direction=<Direction.SOUTH: 'south'>))
  task=HEAL_CORE FAIL
[RUSH] --- rush eval at (47,11) en_core=(46,16) ---
[RUSH] step1: flow in range at (48,13) facing SOUTHWEST
[RUSH] gunner: want to place at (48,13) facing SOUTHWEST, ti=8 cost=37
[RUSH] gunner: cannot afford (need 37, have 8)
[RUSH] step1: can't afford gunner, holding turn
  task=RUSH 0us OK -> (<Direction.CENTRE: 'centre'>, None)
  task=HEAL_CORE FAIL
[RUSH] --- rush eval at (46,8) en_core=(46,16) ---
[RUSH] step1: flow in range at (46,13) facing SOUTH
[RUSH] gunner: want to place at (46,13) facing SOUTH, ti=8 cost=37
[RUSH] gunner: cannot afford (need 37, have 8)
[RUSH] step1: can't afford gunner, holding turn
  task=RUSH 0us OK -> (<Direction.CENTRE: 'centre'>, None)
[GUN] (45,9) facing=SOUTHWEST
[GUN] ray: target=None pri=0
[GUN] ammo=True
[GUN] feed_dir=NORTH
[GUN] no target, has ammo, best_rot=SOUTHWEST rot_pri=0
[GUN] (46,9) facing=SOUTH
[GUN] ray: target=None pri=0
[GUN] ammo=True
[GUN] feed_dir=NORTH
[GUN] no target, has ammo, best_rot=SOUTH rot_pri=0
[GUN] (47,12) facing=SOUTH
[GUN] ray: target=None pri=0
[GUN] ammo=True
[GUN] feed_dir=NORTH
[GUN] no target, has ammo, best_rot=SOUTH rot_pri=0
[GUN] (46,13) facing=WEST
[GUN] ray: target=Position(x=43, y=13) pri=3
[GUN] ammo=True
[GUN] feed_dir=NORTH
[GUN] scan SOUTH: pri=4
[GUN] cur_pri=3 best_rot=SOUTH rot_pri=4
[GUN] want to rotate but ti=8 or can't
[GUN] FIRE at (43,13) pri=3
  task=HEAL_CORE FAIL
[RUSH] --- rush eval at (47,10) en_core=(46,16) ---
[RUSH] step1: flow in range at (48,13) facing SOUTHWEST
[RUSH] gunner: want to place at (48,13) facing SOUTHWEST, ti=8 cost=37
[RUSH] gunner: cannot afford (need 37, have 8)
[RUSH] step1: can't afford gunner, holding turn
  task=RUSH 0us OK -> (<Direction.CENTRE: 'centre'>, None)
  task=HEAL_CORE FAIL
[RUSH] --- rush eval at (46,7) en_core=(46,16) ---
[RUSH] step1: flow in range at (46,12) facing SOUTH
[RUSH] gunner: want to place at (46,12) facing SOUTH, ti=8 cost=37
[RUSH] gunner: cannot afford (need 37, have 8)
[RUSH] step1: can't afford gunner, holding turn
  task=RUSH 0us OK -> (<Direction.CENTRE: 'centre'>, None)
  task=HEAL_CORE FAIL
[RUSH] --- rush eval at (47,13) en_core=(46,16) ---
[RUSH] step1: flow in range at (48,13) facing SOUTHWEST
[RUSH] gunner: want to place at (48,13) facing SOUTHWEST, ti=8 cost=37
[RUSH] gunner: cannot afford (need 37, have 8)
[RUSH] step1: can't afford gunner, holding turn
  task=RUSH 0us OK -> (<Direction.CENTRE: 'centre'>, None)
  task=HEAL_CORE FAIL
[RUSH] --- rush eval at (48,11) en_core=(46,16) ---
[RUSH] step1: flow in range at (48,13) facing SOUTHWEST
[RUSH] gunner: want to place at (48,13) facing SOUTHWEST, ti=8 cost=37
[RUSH] gunner: cannot afford (need 37, have 8)
[RUSH] step1: can't afford gunner, holding turn
  task=RUSH 0us OK -> (<Direction.CENTRE: 'centre'>, None)
  task=HEAL_CORE FAIL
[RUSH] --- rush eval at (47,11) en_core=(46,16) ---
[RUSH] step1: flow in range at (48,13) facing SOUTHWEST
[RUSH] gunner: want to place at (48,13) facing SOUTHWEST, ti=8 cost=37
[RUSH] gunner: cannot afford (need 37, have 8)
[RUSH] step1: can't afford gunner, holding turn
  task=RUSH 0us OK -> (<Direction.CENTRE: 'centre'>, None)
  task=HEAL_CORE FAIL
[RUSH] --- rush eval at (46,8) en_core=(46,16) ---
[RUSH] step1: flow in range at (46,13) facing SOUTH
[RUSH] gunner: want to place at (46,13) facing SOUTH, ti=8 cost=37
[RUSH] gunner: cannot afford (need 37, have 8)
[RUSH] step1: can't afford gunner, holding turn
  task=RUSH 0us OK -> (<Direction.CENTRE: 'centre'>, None)
[GUN] (45,9) facing=SOUTHWEST
[GUN] ray: target=None pri=0
[GUN] ammo=True
[GUN] feed_dir=NORTH
[GUN] no target, has ammo, best_rot=SOUTHWEST rot_pri=0
[GUN] (46,9) facing=SOUTH
[GUN] ray: target=None pri=0
[GUN] ammo=True
[GUN] feed_dir=NORTH
[GUN] no target, has ammo, best_rot=SOUTH rot_pri=0
[GUN] (47,12) facing=SOUTH
[GUN] ray: target=None pri=0
[GUN] ammo=True
[GUN] feed_dir=NORTH
[GUN] no target, has ammo, best_rot=SOUTH rot_pri=0
[GUN] (46,13) facing=WEST
[GUN] ray: target=Position(x=43, y=13) pri=3
[GUN] ammo=True
[GUN] feed_dir=NORTH
[GUN] scan SOUTH: pri=4
[GUN] cur_pri=3 best_rot=SOUTH rot_pri=4
[GUN] want to rotate but ti=8 or can't
[GUN] FIRE at (43,13) pri=3
  task=HEAL_CORE FAIL
[RUSH] --- rush eval at (47,10) en_core=(46,16) ---
[RUSH] step1: flow in range at (48,13) facing SOUTHWEST
[RUSH] gunner: want to place at (48,13) facing SOUTHWEST, ti=18 cost=37
[RUSH] gunner: cannot afford (need 37, have 18)
[RUSH] step1: can't afford gunner, holding turn
  task=RUSH 0us OK -> (<Direction.CENTRE: 'centre'>, None)
  task=HEAL_CORE FAIL
[RUSH] --- rush eval at (46,7) en_core=(46,16) ---
[RUSH] step1: flow in range at (46,12) facing SOUTH
[RUSH] gunner: want to place at (46,12) facing SOUTH, ti=18 cost=37
[RUSH] gunner: cannot afford (need 37, have 18)
[RUSH] step1: can't afford gunner, holding turn
  task=RUSH 0us OK -> (<Direction.CENTRE: 'centre'>, None)
  task=HEAL_CORE FAIL
[RUSH] --- rush eval at (47,13) en_core=(46,16) ---
[RUSH] step1: flow in range at (48,13) facing SOUTHWEST
[RUSH] gunner: want to place at (48,13) facing SOUTHWEST, ti=18 cost=37
[RUSH] gunner: cannot afford (need 37, have 18)
[RUSH] step1: can't afford gunner, holding turn
  task=RUSH 0us OK -> (<Direction.CENTRE: 'centre'>, None)
  task=HEAL_CORE FAIL
[RUSH] --- rush eval at (48,11) en_core=(46,16) ---
[RUSH] step1: flow in range at (48,13) facing SOUTHWEST
[RUSH] gunner: want to place at (48,13) facing SOUTHWEST, ti=18 cost=37
[RUSH] gunner: cannot afford (need 37, have 18)
[RUSH] step1: can't afford gunner, holding turn
  task=RUSH 0us OK -> (<Direction.CENTRE: 'centre'>, None)
  task=HEAL_CORE FAIL
[RUSH] --- rush eval at (47,11) en_core=(46,16) ---
[RUSH] step1: flow in range at (48,13) facing SOUTHWEST
[RUSH] gunner: want to place at (48,13) facing SOUTHWEST, ti=18 cost=37
[RUSH] gunner: cannot afford (need 37, have 18)
[RUSH] step1: can't afford gunner, holding turn
  task=RUSH 0us OK -> (<Direction.CENTRE: 'centre'>, None)
  task=HEAL_CORE FAIL
[RUSH] --- rush eval at (46,8) en_core=(46,16) ---
[RUSH] step1: flow in range at (46,13) facing SOUTH
[RUSH] gunner: want to place at (46,13) facing SOUTH, ti=18 cost=37
[RUSH] gunner: cannot afford (need 37, have 18)
[RUSH] step1: can't afford gunner, holding turn
  task=RUSH 0us OK -> (<Direction.CENTRE: 'centre'>, None)
[GUN] (45,9) facing=SOUTHWEST
[GUN] ray: target=None pri=0
[GUN] ammo=True
[GUN] feed_dir=NORTH
[GUN] no target, has ammo, best_rot=SOUTHWEST rot_pri=0
[GUN] (46,9) facing=SOUTH
[GUN] ray: target=None pri=0
[GUN] ammo=True
[GUN] feed_dir=NORTH
[GUN] no target, has ammo, best_rot=SOUTH rot_pri=0
[GUN] (47,12) facing=SOUTH
[GUN] ray: target=None pri=0
[GUN] ammo=True
[GUN] feed_dir=NORTH
[GUN] no target, has ammo, best_rot=SOUTH rot_pri=0
[GUN] (46,13) facing=WEST
[GUN] ray: target=None pri=0
[GUN] ammo=True
[GUN] feed_dir=NORTH
[GUN] scan SOUTH: pri=4
[GUN] no target, has ammo, best_rot=SOUTH rot_pri=4
[GUN] ROTATING to SOUTH (has ammo)
  task=HEAL_CORE FAIL
[RUSH] --- rush eval at (47,10) en_core=(46,16) ---
[RUSH] step1: flow in range at (48,13) facing SOUTHWEST
[RUSH] gunner: want to place at (48,13) facing SOUTHWEST, ti=18 cost=37
[RUSH] gunner: cannot afford (need 37, have 18)
[RUSH] step1: can't afford gunner, holding turn
  task=RUSH 0us OK -> (<Direction.CENTRE: 'centre'>, None)
  task=HEAL_CORE FAIL
[RUSH] --- rush eval at (46,7) en_core=(46,16) ---
[RUSH] step1: flow in range at (46,12) facing SOUTH
[RUSH] gunner: want to place at (46,12) facing SOUTH, ti=18 cost=37
[RUSH] gunner: cannot afford (need 37, have 18)
[RUSH] step1: can't afford gunner, holding turn
  task=RUSH 0us OK -> (<Direction.CENTRE: 'centre'>, None)
  task=HEAL_CORE FAIL
[RUSH] --- rush eval at (47,13) en_core=(46,16) ---
[RUSH] step1: flow in range at (48,13) facing SOUTHWEST
[RUSH] gunner: want to place at (48,13) facing SOUTHWEST, ti=18 cost=37
[RUSH] gunner: cannot afford (need 37, have 18)
[RUSH] step1: can't afford gunner, holding turn
  task=RUSH 0us OK -> (<Direction.CENTRE: 'centre'>, None)
  task=HEAL_CORE FAIL
[RUSH] --- rush eval at (48,11) en_core=(46,16) ---
[RUSH] step1: flow in range at (48,13) facing SOUTHWEST
[RUSH] gunner: want to place at (48,13) facing SOUTHWEST, ti=18 cost=37
[RUSH] gunner: cannot afford (need 37, have 18)
[RUSH] step1: can't afford gunner, holding turn
  task=RUSH 0us OK -> (<Direction.CENTRE: 'centre'>, None)
  task=HEAL_CORE FAIL
[RUSH] --- rush eval at (47,11) en_core=(46,16) ---
[RUSH] step1: flow in range at (48,13) facing SOUTHWEST
[RUSH] gunner: want to place at (48,13) facing SOUTHWEST, ti=18 cost=37
[RUSH] gunner: cannot afford (need 37, have 18)
[RUSH] step1: can't afford gunner, holding turn
  task=RUSH 0us OK -> (<Direction.CENTRE: 'centre'>, None)
  task=HEAL_CORE FAIL
[RUSH] --- rush eval at (46,8) en_core=(46,16) ---
[RUSH] step1: flow in range at (46,13) facing SOUTH
[RUSH] gunner: want to place at (46,13) facing SOUTH, ti=18 cost=37
[RUSH] gunner: cannot afford (need 37, have 18)
[RUSH] step1: can't afford gunner, holding turn
  task=RUSH 0us OK -> (<Direction.CENTRE: 'centre'>, None)
[GUN] (45,9) facing=SOUTHWEST
[GUN] ray: target=None pri=0
[GUN] ammo=True
[GUN] feed_dir=NORTH
[GUN] no target, has ammo, best_rot=SOUTHWEST rot_pri=0
[GUN] (46,9) facing=SOUTH
[GUN] ray: target=None pri=0
[GUN] ammo=True
[GUN] feed_dir=NORTH
[GUN] no target, has ammo, best_rot=SOUTH rot_pri=0
[GUN] (47,12) facing=SOUTH
[GUN] ray: target=None pri=0
[GUN] ammo=True
[GUN] feed_dir=NORTH
[GUN] no target, has ammo, best_rot=SOUTH rot_pri=0
[GUN] (46,13) facing=SOUTH
[GUN] ray: target=Position(x=46, y=14) pri=4
[GUN] ammo=True
[GUN] feed_dir=NORTH
[GUN] cur_pri=4 best_rot=SOUTH rot_pri=0
[GUN] FIRE at (46,14) pri=4
  task=HEAL_CORE FAIL
[RUSH] --- rush eval at (47,10) en_core=(46,16) ---
[RUSH] step1: flow in range at (48,13) facing SOUTHWEST
[RUSH] gunner: want to place at (48,13) facing SOUTHWEST, ti=28 cost=37
[RUSH] gunner: cannot afford (need 37, have 28)
[RUSH] step1: can't afford gunner, holding turn
  task=RUSH 0us OK -> (<Direction.CENTRE: 'centre'>, None)
  task=HEAL_CORE FAIL
[RUSH] --- rush eval at (46,7) en_core=(46,16) ---
[RUSH] step1: flow in range at (46,12) facing SOUTH
[RUSH] gunner: want to place at (46,12) facing SOUTH, ti=28 cost=37
[RUSH] gunner: cannot afford (need 37, have 28)
[RUSH] step1: can't afford gunner, holding turn
  task=RUSH 0us OK -> (<Direction.CENTRE: 'centre'>, None)
  task=HEAL_CORE FAIL
[RUSH] --- rush eval at (47,13) en_core=(46,16) ---
[RUSH] step1: flow in range at (48,13) facing SOUTHWEST
[RUSH] gunner: want to place at (48,13) facing SOUTHWEST, ti=28 cost=37
[RUSH] gunner: cannot afford (need 37, have 28)
[RUSH] step1: can't afford gunner, holding turn
  task=RUSH 0us OK -> (<Direction.CENTRE: 'centre'>, None)
  task=HEAL_CORE FAIL
[RUSH] --- rush eval at (48,11) en_core=(46,16) ---
[RUSH] step1: flow in range at (48,13) facing SOUTHWEST
[RUSH] gunner: want to place at (48,13) facing SOUTHWEST, ti=28 cost=37
[RUSH] gunner: cannot afford (need 37, have 28)
[RUSH] step1: can't afford gunner, holding turn
  task=RUSH 0us OK -> (<Direction.CENTRE: 'centre'>, None)
  task=HEAL_CORE FAIL
[RUSH] --- rush eval at (47,11) en_core=(46,16) ---
[RUSH] step1: flow in range at (48,13) facing SOUTHWEST
[RUSH] gunner: want to place at (48,13) facing SOUTHWEST, ti=28 cost=37
[RUSH] gunner: cannot afford (need 37, have 28)
[RUSH] step1: can't afford gunner, holding turn
  task=RUSH 0us OK -> (<Direction.CENTRE: 'centre'>, None)
  task=HEAL_CORE FAIL
[RUSH] --- rush eval at (46,8) en_core=(46,16) ---
[RUSH] step1: flow in range at (46,13) facing SOUTH
[RUSH] gunner: want to place at (46,13) facing SOUTH, ti=28 cost=37
[RUSH] gunner: cannot afford (need 37, have 28)
[RUSH] step1: can't afford gunner, holding turn
  task=RUSH 0us OK -> (<Direction.CENTRE: 'centre'>, None)
[GUN] (45,9) facing=SOUTHWEST
[GUN] ray: target=None pri=0
[GUN] ammo=True
[GUN] feed_dir=NORTH
[GUN] no target, has ammo, best_rot=SOUTHWEST rot_pri=0
[GUN] (46,9) facing=SOUTH
[GUN] ray: target=None pri=0
[GUN] ammo=True
[GUN] feed_dir=NORTH
[GUN] no target, has ammo, best_rot=SOUTH rot_pri=0
[GUN] (47,12) facing=SOUTH
[GUN] ray: target=None pri=0
[GUN] ammo=True
[GUN] feed_dir=NORTH
[GUN] no target, has ammo, best_rot=SOUTH rot_pri=0
[GUN] (46,13) facing=SOUTH
[GUN] ray: target=Position(x=46, y=15) pri=4
[GUN] ammo=True
[GUN] feed_dir=NORTH
[GUN] cur_pri=4 best_rot=SOUTH rot_pri=0
[GUN] FIRE at (46,15) pri=4
  task=HEAL_CORE FAIL
[RUSH] --- rush eval at (47,10) en_core=(46,16) ---
[RUSH] step1: flow in range at (48,13) facing SOUTHWEST
[RUSH] gunner: want to place at (48,13) facing SOUTHWEST, ti=28 cost=37
[RUSH] gunner: cannot afford (need 37, have 28)
[RUSH] step1: can't afford gunner, holding turn
  task=RUSH 0us OK -> (<Direction.CENTRE: 'centre'>, None)
  task=HEAL_CORE FAIL
[RUSH] --- rush eval at (46,7) en_core=(46,16) ---
[RUSH] step1: flow in range at (46,12) facing SOUTH
[RUSH] gunner: want to place at (46,12) facing SOUTH, ti=28 cost=37
[RUSH] gunner: cannot afford (need 37, have 28)
[RUSH] step1: can't afford gunner, holding turn
  task=RUSH 0us OK -> (<Direction.CENTRE: 'centre'>, None)
  task=HEAL_CORE FAIL
[RUSH] --- rush eval at (47,13) en_core=(46,16) ---
[RUSH] step1: flow in range at (48,13) facing SOUTHWEST
[RUSH] gunner: want to place at (48,13) facing SOUTHWEST, ti=28 cost=37
[RUSH] gunner: cannot afford (need 37, have 28)
[RUSH] step1: can't afford gunner, holding turn
  task=RUSH 0us OK -> (<Direction.CENTRE: 'centre'>, None)
  task=HEAL_CORE FAIL
[RUSH] --- rush eval at (48,11) en_core=(46,16) ---
[RUSH] step1: flow in range at (48,13) facing SOUTHWEST
[RUSH] gunner: want to place at (48,13) facing SOUTHWEST, ti=28 cost=37
[RUSH] gunner: cannot afford (need 37, have 28)
[RUSH] step1: can't afford gunner, holding turn
  task=RUSH 0us OK -> (<Direction.CENTRE: 'centre'>, None)
  task=HEAL_CORE FAIL
[RUSH] --- rush eval at (47,11) en_core=(46,16) ---
[RUSH] step1: flow in range at (48,13) facing SOUTHWEST
[RUSH] gunner: want to place at (48,13) facing SOUTHWEST, ti=28 cost=37
[RUSH] gunner: cannot afford (need 37, have 28)
[RUSH] step1: can't afford gunner, holding turn
  task=RUSH 0us OK -> (<Direction.CENTRE: 'centre'>, None)
  task=HEAL_CORE FAIL
[RUSH] --- rush eval at (46,8) en_core=(46,16) ---
[RUSH] step1: flow in range at (46,13) facing SOUTH
[RUSH] gunner: want to place at (46,13) facing SOUTH, ti=28 cost=37
[RUSH] gunner: cannot afford (need 37, have 28)
[RUSH] step1: can't afford gunner, holding turn
  task=RUSH 0us OK -> (<Direction.CENTRE: 'centre'>, None)
[GUN] (45,9) facing=SOUTHWEST
[GUN] ray: target=None pri=0
[GUN] ammo=True
[GUN] feed_dir=NORTH
[GUN] no target, has ammo, best_rot=SOUTHWEST rot_pri=0
[GUN] (46,9) facing=SOUTH
[GUN] ray: target=None pri=0
[GUN] ammo=True
[GUN] feed_dir=NORTH
[GUN] no target, has ammo, best_rot=SOUTH rot_pri=0
[GUN] (47,12) facing=SOUTH
[GUN] ray: target=None pri=0
[GUN] ammo=True
[GUN] feed_dir=NORTH
[GUN] no target, has ammo, best_rot=SOUTH rot_pri=0
[GUN] (46,13) facing=SOUTH
[GUN] ray: target=Position(x=46, y=15) pri=4
[GUN] ammo=True
[GUN] feed_dir=NORTH
[GUN] cur_pri=4 best_rot=SOUTH rot_pri=0
[GUN] FIRE at (46,15) pri=4
  task=HEAL_CORE FAIL
[RUSH] --- rush eval at (47,10) en_core=(46,16) ---
[RUSH] step1: flow in range at (48,13) facing SOUTHWEST
[RUSH] gunner: want to place at (48,13) facing SOUTHWEST, ti=28 cost=37
[RUSH] gunner: cannot afford (need 37, have 28)
[RUSH] step1: can't afford gunner, holding turn
  task=RUSH 0us OK -> (<Direction.CENTRE: 'centre'>, None)
  task=HEAL_CORE FAIL
[RUSH] --- rush eval at (46,7) en_core=(46,16) ---
[RUSH] step1: flow in range at (46,12) facing SOUTH
[RUSH] gunner: want to place at (46,12) facing SOUTH, ti=28 cost=37
[RUSH] gunner: cannot afford (need 37, have 28)
[RUSH] step1: can't afford gunner, holding turn
  task=RUSH 0us OK -> (<Direction.CENTRE: 'centre'>, None)
  task=HEAL_CORE FAIL
[RUSH] --- rush eval at (47,13) en_core=(46,16) ---
[RUSH] step1: flow in range at (48,13) facing SOUTHWEST
[RUSH] gunner: want to place at (48,13) facing SOUTHWEST, ti=28 cost=37
[RUSH] gunner: cannot afford (need 37, have 28)
[RUSH] step1: can't afford gunner, holding turn
  task=RUSH 0us OK -> (<Direction.CENTRE: 'centre'>, None)
  task=HEAL_CORE FAIL
[RUSH] --- rush eval at (48,11) en_core=(46,16) ---
[RUSH] step1: flow in range at (48,13) facing SOUTHWEST
[RUSH] gunner: want to place at (48,13) facing SOUTHWEST, ti=28 cost=37
[RUSH] gunner: cannot afford (need 37, have 28)
[RUSH] step1: can't afford gunner, holding turn
  task=RUSH 0us OK -> (<Direction.CENTRE: 'centre'>, None)
  task=HEAL_CORE FAIL
[RUSH] --- rush eval at (47,11) en_core=(46,16) ---
[RUSH] step1: flow in range at (48,13) facing SOUTHWEST
[RUSH] gunner: want to place at (48,13) facing SOUTHWEST, ti=28 cost=37
[RUSH] gunner: cannot afford (need 37, have 28)
[RUSH] step1: can't afford gunner, holding turn
  task=RUSH 0us OK -> (<Direction.CENTRE: 'centre'>, None)
  task=HEAL_CORE FAIL
[RUSH] --- rush eval at (46,8) en_core=(46,16) ---
[RUSH] step1: flow in range at (46,13) facing SOUTH
[RUSH] gunner: want to place at (46,13) facing SOUTH, ti=28 cost=37
[RUSH] gunner: cannot afford (need 37, have 28)
[RUSH] step1: can't afford gunner, holding turn
  task=RUSH 0us OK -> (<Direction.CENTRE: 'centre'>, None)
[GUN] (45,9) facing=SOUTHWEST
[GUN] ray: target=None pri=0
[GUN] ammo=True
[GUN] feed_dir=NORTH
[GUN] no target, has ammo, best_rot=SOUTHWEST rot_pri=0
[GUN] (46,9) facing=SOUTH
[GUN] ray: target=None pri=0
[GUN] ammo=True
[GUN] feed_dir=NORTH
[GUN] no target, has ammo, best_rot=SOUTH rot_pri=0
[GUN] (47,12) facing=SOUTH
[GUN] ray: target=None pri=0
[GUN] ammo=True
[GUN] feed_dir=NORTH
[GUN] no target, has ammo, best_rot=SOUTH rot_pri=0
[GUN] (46,13) facing=SOUTH
[GUN] ray: target=Position(x=46, y=15) pri=4
[GUN] ammo=True
[GUN] feed_dir=NORTH
[GUN] cur_pri=4 best_rot=SOUTH rot_pri=0
[GUN] FIRE at (46,15) pri=4
  task=HEAL_CORE FAIL
[RUSH] --- rush eval at (47,10) en_core=(46,16) ---
[RUSH] step1: flow in range at (48,13) facing SOUTHWEST
[RUSH] gunner: want to place at (48,13) facing SOUTHWEST, ti=38 cost=37
[RUSH] gunner: target (48,13) bld=BuildingMarker team=Team.A builder=(47,10) d²=10
[RUSH] gunner: walking toward (48,13) d²=10
  task=RUSH 0us OK -> (<Direction.EAST: 'east'>, None)
  task=HEAL_CORE FAIL
[RUSH] --- rush eval at (46,7) en_core=(46,16) ---
[RUSH] step1: flow in range at (46,12) facing SOUTH
[RUSH] gunner: want to place at (46,12) facing SOUTH, ti=38 cost=37
[RUSH] gunner: target (46,12) bld=None team=None builder=(46,7) d²=25
[RUSH] gunner: walking toward (46,12) d²=25
  task=RUSH 0us OK -> (<Direction.SOUTHWEST: 'southwest'>, None)
  task=HEAL_CORE FAIL
[RUSH] --- rush eval at (47,13) en_core=(46,16) ---
[RUSH] step1: flow in range at (48,13) facing SOUTHWEST
[RUSH] gunner: want to place at (48,13) facing SOUTHWEST, ti=38 cost=37
[RUSH] gunner: target (48,13) bld=BuildingMarker team=Team.A builder=(47,13) d²=1
[RUSH] gunner: destroying allied BuildingMarker at (48,13) to place gunner
[RUSH] gunner: placing at (48,13) facing SOUTHWEST, can_build=True
  task=RUSH 0us OK -> (<Direction.CENTRE: 'centre'>, PlaceGunner(pos=Position(x=48, y=13), direction=<Direction.SOUTHWEST: 'southwest'>))
  task=HEAL_CORE FAIL
[RUSH] --- rush eval at (48,11) en_core=(46,16) ---
[RUSH] step1: no flow tile in gunner range of core
[RUSH] step2: flow near core at (46,12) d²=16, extending to siege (45,12)
[RUSH] extend: from (46,12) toward core (46,16)
[RUSH] extend: siege target (45,12)
[RUSH] extend: path=[(46, 12), (46, 13)]
[RUSH] extend: path len=2, builder at (48,11)
[RUSH] extend[0]: (46,12)->(46,13) bld=BuildingConveyor team=Team.A connected=True
[RUSH] extend[0]: already connected, skip
[RUSH] extend: endpoint (46,13) already has our gunner
  task=RUSH FAIL
  task=SCOUT_ENEMY 0us OK -> (<Direction.NORTHWEST: 'northwest'>, None)
  task=HEAL_CORE FAIL
[RUSH] --- rush eval at (47,11) en_core=(46,16) ---
[RUSH] step1: no flow tile in gunner range of core
[RUSH] step2: flow near core at (46,12) d²=16, extending to siege (45,12)
[RUSH] extend: from (46,12) toward core (46,16)
[RUSH] extend: siege target (45,12)
[RUSH] extend: path=[(46, 12), (46, 13)]
[RUSH] extend: path len=2, builder at (47,11)
[RUSH] extend[0]: (46,12)->(46,13) bld=BuildingConveyor team=Team.A connected=True
[RUSH] extend[0]: already connected, skip
[RUSH] extend: endpoint (46,13) already has our gunner
  task=RUSH FAIL
  task=SCOUT_ENEMY 0us OK -> (<Direction.EAST: 'east'>, None)
  task=HEAL_CORE FAIL
[RUSH] --- rush eval at (46,8) en_core=(46,16) ---
[RUSH] step1: flow in range at (46,13) facing SOUTH
[RUSH] gunner: want to place at (46,13) facing SOUTH, ti=1 cost=38
[RUSH] gunner: cannot afford (need 38, have 1)
[RUSH] step1: can't afford gunner, holding turn
  task=RUSH 0us OK -> (<Direction.CENTRE: 'centre'>, None)
[GUN] (45,9) facing=SOUTHWEST
[GUN] ray: target=None pri=0
[GUN] ammo=True
[GUN] feed_dir=NORTH
[GUN] no target, has ammo, best_rot=SOUTHWEST rot_pri=0
[GUN] (46,9) facing=SOUTH
[GUN] ray: target=None pri=0
[GUN] ammo=True
[GUN] feed_dir=NORTH
[GUN] no target, has ammo, best_rot=SOUTH rot_pri=0
[GUN] (47,12) facing=SOUTH
[GUN] ray: target=None pri=0
[GUN] ammo=True
[GUN] feed_dir=NORTH
[GUN] no target, has ammo, best_rot=SOUTH rot_pri=0
[GUN] (46,13) facing=SOUTH
[GUN] ray: target=Position(x=46, y=15) pri=4
[GUN] ammo=True
[GUN] feed_dir=NORTH
[GUN] cur_pri=4 best_rot=SOUTH rot_pri=0
[GUN] FIRE at (46,15) pri=4
  task=HEAL_CORE FAIL
[RUSH] --- rush eval at (48,10) en_core=(46,16) ---
[RUSH] step1: no flow tile in gunner range of core
[RUSH] step2: flow near core at (46,12) d²=16, extending to siege (45,12)
[RUSH] extend: from (46,12) toward core (46,16)
[RUSH] extend: siege target (45,12)
[RUSH] extend: path=[(46, 12), (46, 13)]
[RUSH] extend: path len=2, builder at (48,10)
[RUSH] extend[0]: (46,12)->(46,13) bld=BuildingConveyor team=Team.A connected=True
[RUSH] extend[0]: already connected, skip
[RUSH] extend: endpoint (46,13) already has our gunner
  task=RUSH FAIL
  task=SCOUT_ENEMY 0us OK -> (<Direction.NORTHWEST: 'northwest'>, None)
  task=HEAL_CORE FAIL
[RUSH] --- rush eval at (45,8) en_core=(46,16) ---
[RUSH] step1: flow in range at (46,13) facing SOUTH
[RUSH] gunner: want to place at (46,13) facing SOUTH, ti=21 cost=38
[RUSH] gunner: cannot afford (need 38, have 21)
[RUSH] step1: can't afford gunner, holding turn
  task=RUSH 0us OK -> (<Direction.CENTRE: 'centre'>, None)
  task=HEAL_CORE FAIL
[RUSH] --- rush eval at (47,13) en_core=(46,16) ---
[RUSH] step1: no flow tile in gunner range of core
[RUSH] step2: flow near core at (46,12) d²=16, extending to siege (45,12)
[RUSH] extend: from (46,12) toward core (46,16)
[RUSH] extend: siege target (45,12)
[RUSH] extend: path=[(46, 12), (46, 13)]
[RUSH] extend: path len=2, builder at (47,13)
[RUSH] extend[0]: (46,12)->(46,13) bld=BuildingConveyor team=Team.A connected=True
[RUSH] extend[0]: already connected, skip
[RUSH] extend: endpoint (46,13) already has our gunner
  task=RUSH FAIL
  task=SCOUT_ENEMY 0us OK -> (<Direction.NORTHEAST: 'northeast'>, None)
  task=HEAL_CORE FAIL
[RUSH] --- rush eval at (47,10) en_core=(46,16) ---
[RUSH] step1: no flow tile in gunner range of core
[RUSH] step2: flow near core at (46,12) d²=16, extending to siege (45,12)
[RUSH] extend: from (46,12) toward core (46,16)
[RUSH] extend: siege target (45,12)
[RUSH] extend: path=[(46, 12), (46, 13)]
[RUSH] extend: path len=2, builder at (47,10)
[RUSH] extend[0]: (46,12)->(46,13) bld=BuildingConveyor team=Team.A connected=True
[RUSH] extend[0]: already connected, skip
[RUSH] extend: endpoint (46,13) already has our gunner
  task=RUSH FAIL
  task=SCOUT_ENEMY 0us OK -> (<Direction.NORTHEAST: 'northeast'>, None)
  task=HEAL_CORE FAIL
[RUSH] --- rush eval at (48,11) en_core=(46,16) ---
[RUSH] step1: no flow tile in gunner range of core
[RUSH] step2: flow near core at (46,12) d²=16, extending to siege (45,12)
[RUSH] extend: from (46,12) toward core (46,16)
[RUSH] extend: siege target (45,12)
[RUSH] extend: path=[(46, 12), (46, 13)]
[RUSH] extend: path len=2, builder at (48,11)
[RUSH] extend[0]: (46,12)->(46,13) bld=BuildingConveyor team=Team.A connected=True
[RUSH] extend[0]: already connected, skip
[RUSH] extend: endpoint (46,13) already has our gunner
  task=RUSH FAIL
  task=SCOUT_ENEMY 0us OK -> (<Direction.NORTH: 'north'>, None)
  task=HEAL_CORE FAIL
[RUSH] --- rush eval at (46,8) en_core=(46,16) ---
[RUSH] step1: flow in range at (46,13) facing SOUTH
[RUSH] gunner: want to place at (46,13) facing SOUTH, ti=21 cost=38
[RUSH] gunner: cannot afford (need 38, have 21)
[RUSH] step1: can't afford gunner, holding turn
  task=RUSH 0us OK -> (<Direction.CENTRE: 'centre'>, None)
[GUN] (45,9) facing=SOUTHWEST
[GUN] ray: target=None pri=0
[GUN] ammo=True
[GUN] feed_dir=NORTH
[GUN] no target, has ammo, best_rot=SOUTHWEST rot_pri=0
[GUN] (46,9) facing=SOUTH
[GUN] ray: target=None pri=0
[GUN] ammo=True
[GUN] feed_dir=NORTH
[GUN] no target, has ammo, best_rot=SOUTH rot_pri=0
[GUN] (47,12) facing=SOUTH
[GUN] ray: target=Position(x=47, y=13) pri=4
[GUN] ammo=True
[GUN] feed_dir=NORTH
[GUN] cur_pri=4 best_rot=SOUTH rot_pri=0
[GUN] FIRE at (47,13) pri=4
[GUN] (46,13) facing=SOUTH
[GUN] ray: target=Position(x=46, y=15) pri=4
[GUN] ammo=True
[GUN] feed_dir=NORTH
[GUN] cur_pri=4 best_rot=SOUTH rot_pri=0
[GUN] FIRE at (46,15) pri=4
[GUN] (48,13) facing=SOUTHWEST
[GUN] ray: target=Position(x=46, y=15) pri=4
[GUN] ammo=True
[GUN] feed_dir=NORTH
[GUN] cur_pri=4 best_rot=SOUTHWEST rot_pri=0
[GUN] FIRE at (46,15) pri=4
  task=HEAL_CORE FAIL
[RUSH] --- rush eval at (47,9) en_core=(46,16) ---
[RUSH] step1: no flow tile in gunner range of core
[RUSH] step2: flow near core at (46,12) d²=16, extending to siege (45,12)
[RUSH] extend: from (46,12) toward core (46,16)
[RUSH] extend: siege target (45,12)
[RUSH] extend: path=[(46, 12), (46, 13)]
[RUSH] extend: path len=2, builder at (47,9)
[RUSH] extend[0]: (46,12)->(46,13) bld=BuildingConveyor team=Team.A connected=True
[RUSH] extend[0]: already connected, skip
[RUSH] extend: endpoint (46,13) already has our gunner
  task=RUSH FAIL
  task=SCOUT_ENEMY 0us OK -> (<Direction.NORTH: 'north'>, None)
  task=HEAL_CORE FAIL
[RUSH] --- rush eval at (45,8) en_core=(46,16) ---
[RUSH] step1: flow in range at (46,13) facing SOUTH
[RUSH] gunner: want to place at (46,13) facing SOUTH, ti=21 cost=38
[RUSH] gunner: cannot afford (need 38, have 21)
[RUSH] step1: can't afford gunner, holding turn
  task=RUSH 0us OK -> (<Direction.CENTRE: 'centre'>, None)
  task=HEAL_CORE FAIL
[RUSH] --- rush eval at (48,12) en_core=(46,16) ---
[RUSH] step1: no flow tile in gunner range of core
[RUSH] step2: flow near core at (46,12) d²=16, extending to siege (45,12)
[RUSH] extend: from (46,12) toward core (46,16)
[RUSH] extend: siege target (45,12)
[RUSH] extend: path=[(46, 12), (46, 13)]
[RUSH] extend: path len=2, builder at (48,12)
[RUSH] extend[0]: (46,12)->(46,13) bld=BuildingConveyor team=Team.A connected=True
[RUSH] extend[0]: already connected, skip
[RUSH] extend: endpoint (46,13) already has our gunner
  task=RUSH FAIL
  task=SCOUT_ENEMY 0us OK -> (<Direction.NORTHWEST: 'northwest'>, None)
  task=HEAL_CORE FAIL
[RUSH] --- rush eval at (48,9) en_core=(46,16) ---
[RUSH] step1: no flow tile in gunner range of core
[RUSH] step2: flow near core at (46,12) d²=16, extending to siege (45,12)
[RUSH] extend: from (46,12) toward core (46,16)
[RUSH] extend: siege target (45,12)
[RUSH] extend: path=[(46, 12), (46, 13)]
[RUSH] extend: path len=2, builder at (48,9)
[RUSH] extend[0]: (46,12)->(46,13) bld=BuildingConveyor team=Team.A connected=True
[RUSH] extend[0]: already connected, skip
[RUSH] extend: endpoint (46,13) already has our gunner
  task=RUSH FAIL
  task=SCOUT_ENEMY 0us OK -> (<Direction.NORTH: 'north'>, None)
  task=HEAL_CORE FAIL
[RUSH] --- rush eval at (48,10) en_core=(46,16) ---
[RUSH] step1: no flow tile in gunner range of core
[RUSH] step2: flow near core at (46,12) d²=16, extending to siege (45,12)
[RUSH] extend: from (46,12) toward core (46,16)
[RUSH] extend: siege target (45,12)
[RUSH] extend: path=[(46, 12), (46, 13)]
[RUSH] extend: path len=2, builder at (48,10)
[RUSH] extend[0]: (46,12)->(46,13) bld=BuildingConveyor team=Team.A connected=True
[RUSH] extend[0]: already connected, skip
[RUSH] extend: endpoint (46,13) already has our gunner
  task=RUSH FAIL
  task=SCOUT_ENEMY 0us OK -> (<Direction.NORTH: 'north'>, None)
  task=HEAL_CORE FAIL
[RUSH] --- rush eval at (46,8) en_core=(46,16) ---
[RUSH] step1: flow in range at (46,13) facing SOUTH
[RUSH] gunner: want to place at (46,13) facing SOUTH, ti=21 cost=38
[RUSH] gunner: cannot afford (need 38, have 21)
[RUSH] step1: can't afford gunner, holding turn
  task=RUSH 0us OK -> (<Direction.CENTRE: 'centre'>, None)
[GUN] (45,9) facing=SOUTHWEST
[GUN] ray: target=None pri=0
[GUN] ammo=True
[GUN] feed_dir=NORTH
[GUN] no target, has ammo, best_rot=SOUTHWEST rot_pri=0
[GUN] (46,9) facing=SOUTH
[GUN] ray: target=None pri=0
[GUN] ammo=True
[GUN] feed_dir=NORTH
[GUN] no target, has ammo, best_rot=SOUTH rot_pri=0
[GUN] (47,12) facing=SOUTH
[GUN] ray: target=Position(x=47, y=15) pri=4
[GUN] ammo=True
[GUN] feed_dir=NORTH
[GUN] cur_pri=4 best_rot=SOUTH rot_pri=0
[GUN] FIRE at (47,15) pri=4
[GUN] (46,13) facing=SOUTH
[GUN] ray: target=Position(x=46, y=15) pri=4
[GUN] ammo=True
[GUN] feed_dir=NORTH
[GUN] cur_pri=4 best_rot=SOUTH rot_pri=0
[GUN] FIRE at (46,15) pri=4
[GUN] (48,13) facing=SOUTHWEST
[GUN] ray: target=Position(x=46, y=15) pri=4
[GUN] ammo=True
[GUN] feed_dir=NORTH
[GUN] cur_pri=4 best_rot=SOUTHWEST rot_pri=0
[GUN] FIRE at (46,15) pri=4
  task=HEAL_CORE FAIL
[RUSH] --- rush eval at (47,8) en_core=(46,16) ---
[RUSH] step1: no flow tile in gunner range of core
  task=RUSH 0us OK -> (<Direction.SOUTH: 'south'>, None)
  task=HEAL_CORE FAIL
[RUSH] --- rush eval at (45,8) en_core=(46,16) ---
[RUSH] step1: flow in range at (46,13) facing SOUTH
[RUSH] gunner: want to place at (46,13) facing SOUTH, ti=31 cost=38
[RUSH] gunner: cannot afford (need 38, have 31)
[RUSH] step1: can't afford gunner, holding turn
  task=RUSH 0us OK -> (<Direction.CENTRE: 'centre'>, None)
  task=HEAL_CORE FAIL
[RUSH] --- rush eval at (47,11) en_core=(46,16) ---
[RUSH] step1: no flow tile in gunner range of core
[RUSH] step1.5: upgrading conveyor at (46,12) to splitter facing SOUTH
  task=RUSH 0us OK -> (<Direction.CENTRE: 'centre'>, PlaceSplitter(pos=Position(x=46, y=12), direction=<Direction.SOUTH: 'south'>))
  task=HEAL_CORE FAIL
[RUSH] --- rush eval at (48,8) en_core=(46,16) ---
[RUSH] step1: flow in range at (45,12) facing SOUTH
[RUSH] gunner: want to place at (45,12) facing SOUTH, ti=8 cost=38
[RUSH] gunner: cannot afford (need 38, have 8)
[RUSH] step1: can't afford gunner, holding turn
  task=RUSH 0us OK -> (<Direction.CENTRE: 'centre'>, None)
  task=HEAL_CORE FAIL
[RUSH] --- rush eval at (48,9) en_core=(46,16) ---
[RUSH] step1: flow in range at (45,12) facing SOUTH
[RUSH] gunner: want to place at (45,12) facing SOUTH, ti=8 cost=38
[RUSH] gunner: cannot afford (need 38, have 8)
[RUSH] step1: can't afford gunner, holding turn
  task=RUSH 0us OK -> (<Direction.CENTRE: 'centre'>, None)
  task=HEAL_CORE FAIL
[RUSH] --- rush eval at (46,8) en_core=(46,16) ---
[RUSH] step1: flow in range at (46,13) facing SOUTH
[RUSH] gunner: want to place at (46,13) facing SOUTH, ti=8 cost=38
[RUSH] gunner: cannot afford (need 38, have 8)
[RUSH] step1: can't afford gunner, holding turn
  task=RUSH 0us OK -> (<Direction.CENTRE: 'centre'>, None)
[GUN] (45,9) facing=SOUTHWEST
[GUN] ray: target=None pri=0
[GUN] ammo=True
[GUN] feed_dir=NORTH
[GUN] no target, has ammo, best_rot=SOUTHWEST rot_pri=0
[GUN] (46,9) facing=SOUTH
[GUN] ray: target=None pri=0
[GUN] ammo=True
[GUN] feed_dir=NORTH
[GUN] no target, has ammo, best_rot=SOUTH rot_pri=0
[GUN] (47,12) facing=SOUTH
[GUN] ray: target=Position(x=47, y=15) pri=4
[GUN] ammo=True
[GUN] feed_dir=NORTH
[GUN] cur_pri=4 best_rot=SOUTH rot_pri=0
[GUN] FIRE at (47,15) pri=4
[GUN] (46,13) facing=SOUTH
[GUN] ray: target=Position(x=46, y=15) pri=4
[GUN] ammo=True
[GUN] feed_dir=NORTH
[GUN] cur_pri=4 best_rot=SOUTH rot_pri=0
[GUN] FIRE at (46,15) pri=4
[GUN] (48,13) facing=SOUTHWEST
[GUN] ray: target=Position(x=46, y=15) pri=4
[GUN] ammo=True
[GUN] feed_dir=NORTH
[GUN] cur_pri=4 best_rot=SOUTHWEST rot_pri=0
[GUN] FIRE at (46,15) pri=4
  task=HEAL_CORE FAIL
[RUSH] --- rush eval at (47,9) en_core=(46,16) ---
[RUSH] step1: flow in range at (45,12) facing SOUTH
[RUSH] gunner: want to place at (45,12) facing SOUTH, ti=18 cost=38
[RUSH] gunner: cannot afford (need 38, have 18)
[RUSH] step1: can't afford gunner, holding turn
  task=RUSH 0us OK -> (<Direction.CENTRE: 'centre'>, None)
  task=HEAL_CORE FAIL
[RUSH] --- rush eval at (45,8) en_core=(46,16) ---
[RUSH] step1: flow in range at (46,13) facing SOUTH
[RUSH] gunner: want to place at (46,13) facing SOUTH, ti=18 cost=38
[RUSH] gunner: cannot afford (need 38, have 18)
[RUSH] step1: can't afford gunner, holding turn
  task=RUSH 0us OK -> (<Direction.CENTRE: 'centre'>, None)
  task=HEAL_CORE FAIL
[RUSH] --- rush eval at (47,11) en_core=(46,16) ---
[RUSH] step1: flow in range at (45,12) facing SOUTH
[RUSH] gunner: want to place at (45,12) facing SOUTH, ti=18 cost=38
[RUSH] gunner: cannot afford (need 38, have 18)
[RUSH] step1: can't afford gunner, holding turn
  task=RUSH 0us OK -> (<Direction.CENTRE: 'centre'>, None)
  task=HEAL_CORE FAIL
[RUSH] --- rush eval at (48,8) en_core=(46,16) ---
[RUSH] step1: flow in range at (45,12) facing SOUTH
[RUSH] gunner: want to place at (45,12) facing SOUTH, ti=18 cost=38
[RUSH] gunner: cannot afford (need 38, have 18)
[RUSH] step1: can't afford gunner, holding turn
  task=RUSH 0us OK -> (<Direction.CENTRE: 'centre'>, None)
  task=HEAL_CORE FAIL
[RUSH] --- rush eval at (48,9) en_core=(46,16) ---
[RUSH] step1: flow in range at (45,12) facing SOUTH
[RUSH] gunner: want to place at (45,12) facing SOUTH, ti=18 cost=38
[RUSH] gunner: cannot afford (need 38, have 18)
[RUSH] step1: can't afford gunner, holding turn
  task=RUSH 0us OK -> (<Direction.CENTRE: 'centre'>, None)
  task=HEAL_CORE FAIL
[RUSH] --- rush eval at (46,8) en_core=(46,16) ---
[RUSH] step1: flow in range at (46,13) facing SOUTH
[RUSH] gunner: want to place at (46,13) facing SOUTH, ti=18 cost=38
[RUSH] gunner: cannot afford (need 38, have 18)
[RUSH] step1: can't afford gunner, holding turn
  task=RUSH 0us OK -> (<Direction.CENTRE: 'centre'>, None)
[GUN] (45,9) facing=SOUTHWEST
[GUN] ray: target=None pri=0
[GUN] ammo=True
[GUN] feed_dir=NORTH
[GUN] no target, has ammo, best_rot=SOUTHWEST rot_pri=0
[GUN] (46,9) facing=SOUTH
[GUN] ray: target=None pri=0
[GUN] ammo=True
[GUN] feed_dir=NORTH
[GUN] no target, has ammo, best_rot=SOUTH rot_pri=0
[GUN] (47,12) facing=SOUTH
[GUN] ray: target=Position(x=47, y=15) pri=4
[GUN] ammo=True
[GUN] feed_dir=NORTH
[GUN] cur_pri=4 best_rot=SOUTH rot_pri=0
[GUN] FIRE at (47,15) pri=4
[GUN] (46,13) facing=SOUTH
[GUN] ray: target=Position(x=46, y=15) pri=4
[GUN] ammo=True
[GUN] feed_dir=NORTH
[GUN] cur_pri=4 best_rot=SOUTH rot_pri=0
[GUN] FIRE at (46,15) pri=4
[GUN] (48,13) facing=SOUTHWEST
[GUN] ray: target=Position(x=46, y=15) pri=4
[GUN] ammo=True
[GUN] feed_dir=NORTH
[GUN] cur_pri=4 best_rot=SOUTHWEST rot_pri=0
[GUN] FIRE at (46,15) pri=4
  task=HEAL_CORE FAIL
[RUSH] --- rush eval at (47,9) en_core=(46,16) ---
[RUSH] step1: flow in range at (45,12) facing SOUTH
[RUSH] gunner: want to place at (45,12) facing SOUTH, ti=28 cost=38
[RUSH] gunner: cannot afford (need 38, have 28)
[RUSH] step1: can't afford gunner, holding turn
  task=RUSH 0us OK -> (<Direction.CENTRE: 'centre'>, None)
  task=HEAL_CORE FAIL
[RUSH] --- rush eval at (45,8) en_core=(46,16) ---
[RUSH] step1: flow in range at (46,13) facing SOUTH
[RUSH] gunner: want to place at (46,13) facing SOUTH, ti=28 cost=38
[RUSH] gunner: cannot afford (need 38, have 28)
[RUSH] step1: can't afford gunner, holding turn
  task=RUSH 0us OK -> (<Direction.CENTRE: 'centre'>, None)
  task=HEAL_CORE FAIL
[RUSH] --- rush eval at (47,11) en_core=(46,16) ---
[RUSH] step1: flow in range at (45,12) facing SOUTH
[RUSH] gunner: want to place at (45,12) facing SOUTH, ti=28 cost=38
[RUSH] gunner: cannot afford (need 38, have 28)
[RUSH] step1: can't afford gunner, holding turn
  task=RUSH 0us OK -> (<Direction.CENTRE: 'centre'>, None)
  task=HEAL_CORE FAIL
[RUSH] --- rush eval at (48,8) en_core=(46,16) ---
[RUSH] step1: flow in range at (45,12) facing SOUTH
[RUSH] gunner: want to place at (45,12) facing SOUTH, ti=28 cost=38
[RUSH] gunner: cannot afford (need 38, have 28)
[RUSH] step1: can't afford gunner, holding turn
  task=RUSH 0us OK -> (<Direction.CENTRE: 'centre'>, None)
  task=HEAL_CORE FAIL
[RUSH] --- rush eval at (48,9) en_core=(46,16) ---
[RUSH] step1: flow in range at (45,12) facing SOUTH
[RUSH] gunner: want to place at (45,12) facing SOUTH, ti=28 cost=38
[RUSH] gunner: cannot afford (need 38, have 28)
[RUSH] step1: can't afford gunner, holding turn
  task=RUSH 0us OK -> (<Direction.CENTRE: 'centre'>, None)
  task=HEAL_CORE FAIL
[RUSH] --- rush eval at (46,8) en_core=(46,16) ---
[RUSH] step1: flow in range at (46,13) facing SOUTH
[RUSH] gunner: want to place at (46,13) facing SOUTH, ti=28 cost=38
[RUSH] gunner: cannot afford (need 38, have 28)
[RUSH] step1: can't afford gunner, holding turn
  task=RUSH 0us OK -> (<Direction.CENTRE: 'centre'>, None)
[GUN] (45,9) facing=SOUTHWEST
[GUN] ray: target=None pri=0
[GUN] ammo=True
[GUN] feed_dir=NORTH
[GUN] no target, has ammo, best_rot=SOUTHWEST rot_pri=0
[GUN] (46,9) facing=SOUTH
[GUN] ray: target=None pri=0
[GUN] ammo=True
[GUN] feed_dir=NORTH
[GUN] no target, has ammo, best_rot=SOUTH rot_pri=0
[GUN] (47,12) facing=SOUTH
[GUN] ray: target=None pri=0
[GUN] ammo=False
[GUN] no target, no ammo
[GUN] (46,13) facing=SOUTH
[GUN] ray: target=Position(x=46, y=15) pri=4
[GUN] ammo=True
[GUN] feed_dir=NORTH
[GUN] cur_pri=4 best_rot=SOUTH rot_pri=0
[GUN] FIRE at (46,15) pri=4
[GUN] (48,13) facing=SOUTHWEST
[GUN] ray: target=Position(x=46, y=15) pri=4
[GUN] ammo=True
[GUN] feed_dir=NORTH
[GUN] cur_pri=4 best_rot=SOUTHWEST rot_pri=0
[GUN] FIRE at (46,15) pri=4
  task=HEAL_CORE FAIL
[RUSH] --- rush eval at (47,9) en_core=(46,16) ---
[RUSH] step1: flow in range at (45,12) facing SOUTH
[RUSH] gunner: want to place at (45,12) facing SOUTH, ti=28 cost=38
[RUSH] gunner: cannot afford (need 38, have 28)
[RUSH] step1: can't afford gunner, holding turn
  task=RUSH 0us OK -> (<Direction.CENTRE: 'centre'>, None)
  task=HEAL_CORE FAIL
[RUSH] --- rush eval at (45,8) en_core=(46,16) ---
[RUSH] step1: flow in range at (46,13) facing SOUTH
[RUSH] gunner: want to place at (46,13) facing SOUTH, ti=28 cost=38
[RUSH] gunner: cannot afford (need 38, have 28)
[RUSH] step1: can't afford gunner, holding turn
  task=RUSH 0us OK -> (<Direction.CENTRE: 'centre'>, None)
  task=HEAL_CORE FAIL
[RUSH] --- rush eval at (47,11) en_core=(46,16) ---
[RUSH] step1: flow in range at (45,12) facing SOUTH
[RUSH] gunner: want to place at (45,12) facing SOUTH, ti=28 cost=38
[RUSH] gunner: cannot afford (need 38, have 28)
[RUSH] step1: can't afford gunner, holding turn
  task=RUSH 0us OK -> (<Direction.CENTRE: 'centre'>, None)
  task=HEAL_CORE FAIL
[RUSH] --- rush eval at (48,8) en_core=(46,16) ---
[RUSH] step1: flow in range at (45,12) facing SOUTH
[RUSH] gunner: want to place at (45,12) facing SOUTH, ti=28 cost=38
[RUSH] gunner: cannot afford (need 38, have 28)
[RUSH] step1: can't afford gunner, holding turn
  task=RUSH 0us OK -> (<Direction.CENTRE: 'centre'>, None)
  task=HEAL_CORE FAIL
[RUSH] --- rush eval at (48,9) en_core=(46,16) ---
[RUSH] step1: flow in range at (45,12) facing SOUTH
[RUSH] gunner: want to place at (45,12) facing SOUTH, ti=28 cost=38
[RUSH] gunner: cannot afford (need 38, have 28)
[RUSH] step1: can't afford gunner, holding turn
  task=RUSH 0us OK -> (<Direction.CENTRE: 'centre'>, None)
  task=HEAL_CORE FAIL
[RUSH] --- rush eval at (46,8) en_core=(46,16) ---
[RUSH] step1: flow in range at (46,13) facing SOUTH
[RUSH] gunner: want to place at (46,13) facing SOUTH, ti=28 cost=38
[RUSH] gunner: cannot afford (need 38, have 28)
[RUSH] step1: can't afford gunner, holding turn
  task=RUSH 0us OK -> (<Direction.CENTRE: 'centre'>, None)
[GUN] (45,9) facing=SOUTHWEST
[GUN] ray: target=None pri=0
[GUN] ammo=True
[GUN] feed_dir=NORTH
[GUN] no target, has ammo, best_rot=SOUTHWEST rot_pri=0
[GUN] (46,9) facing=SOUTH
[GUN] ray: target=None pri=0
[GUN] ammo=True
[GUN] feed_dir=NORTH
[GUN] no target, has ammo, best_rot=SOUTH rot_pri=0
[GUN] (47,12) facing=SOUTH
[GUN] ray: target=None pri=0
[GUN] ammo=False
[GUN] no target, no ammo
[GUN] (46,13) facing=SOUTH
[GUN] ray: target=None pri=0
[GUN] ammo=False
[GUN] no target, no ammo
[GUN] (48,13) facing=SOUTHWEST
[GUN] ray: target=Position(x=46, y=15) pri=4
[GUN] ammo=True
[GUN] feed_dir=NORTH
[GUN] cur_pri=4 best_rot=SOUTHWEST rot_pri=0
[GUN] FIRE at (46,15) pri=4
  task=HEAL_CORE FAIL
[RUSH] --- rush eval at (47,9) en_core=(46,16) ---
[RUSH] step1: flow in range at (45,12) facing SOUTH
[RUSH] gunner: want to place at (45,12) facing SOUTH, ti=28 cost=38
[RUSH] gunner: cannot afford (need 38, have 28)
[RUSH] step1: can't afford gunner, holding turn
  task=RUSH 0us OK -> (<Direction.CENTRE: 'centre'>, None)
  task=HEAL_CORE FAIL
[RUSH] --- rush eval at (45,8) en_core=(46,16) ---
[RUSH] step1: flow in range at (46,13) facing SOUTH
[RUSH] gunner: want to place at (46,13) facing SOUTH, ti=28 cost=38
[RUSH] gunner: cannot afford (need 38, have 28)
[RUSH] step1: can't afford gunner, holding turn
  task=RUSH 0us OK -> (<Direction.CENTRE: 'centre'>, None)
  task=HEAL_CORE FAIL
[RUSH] --- rush eval at (47,11) en_core=(46,16) ---
[RUSH] step1: flow in range at (45,12) facing SOUTH
[RUSH] gunner: want to place at (45,12) facing SOUTH, ti=28 cost=38
[RUSH] gunner: cannot afford (need 38, have 28)
[RUSH] step1: can't afford gunner, holding turn
  task=RUSH 0us OK -> (<Direction.CENTRE: 'centre'>, None)
  task=HEAL_CORE FAIL
[RUSH] --- rush eval at (48,8) en_core=(46,16) ---
[RUSH] step1: flow in range at (45,12) facing SOUTH
[RUSH] gunner: want to place at (45,12) facing SOUTH, ti=28 cost=38
[RUSH] gunner: cannot afford (need 38, have 28)
[RUSH] step1: can't afford gunner, holding turn
  task=RUSH 0us OK -> (<Direction.CENTRE: 'centre'>, None)
  task=HEAL_CORE FAIL
[RUSH] --- rush eval at (48,9) en_core=(46,16) ---
[RUSH] step1: flow in range at (45,12) facing SOUTH
[RUSH] gunner: want to place at (45,12) facing SOUTH, ti=28 cost=38
[RUSH] gunner: cannot afford (need 38, have 28)
[RUSH] step1: can't afford gunner, holding turn
  task=RUSH 0us OK -> (<Direction.CENTRE: 'centre'>, None)
  task=HEAL_CORE FAIL
[RUSH] --- rush eval at (46,8) en_core=(46,16) ---
[RUSH] step1: flow in range at (46,13) facing SOUTH
[RUSH] gunner: want to place at (46,13) facing SOUTH, ti=28 cost=38
[RUSH] gunner: cannot afford (need 38, have 28)
[RUSH] step1: can't afford gunner, holding turn
  task=RUSH 0us OK -> (<Direction.CENTRE: 'centre'>, None)
[GUN] (45,9) facing=SOUTHWEST
[GUN] ray: target=None pri=0
[GUN] ammo=True
[GUN] feed_dir=NORTH
[GUN] no target, has ammo, best_rot=SOUTHWEST rot_pri=0
[GUN] (46,9) facing=SOUTH
[GUN] ray: target=None pri=0
[GUN] ammo=True
[GUN] feed_dir=NORTH
[GUN] no target, has ammo, best_rot=SOUTH rot_pri=0
[GUN] (47,12) facing=SOUTH
[GUN] ray: target=None pri=0
[GUN] ammo=False
[GUN] no target, no ammo
[GUN] (46,13) facing=SOUTH
[GUN] ray: target=None pri=0
[GUN] ammo=False
[GUN] no target, no ammo
[GUN] (48,13) facing=SOUTHWEST
[GUN] ray: target=Position(x=46, y=15) pri=4
[GUN] ammo=True
[GUN] feed_dir=NORTH
[GUN] cur_pri=4 best_rot=SOUTHWEST rot_pri=0
[GUN] FIRE at (46,15) pri=4
  task=HEAL_CORE FAIL
[RUSH] --- rush eval at (47,9) en_core=(46,16) ---
[RUSH] step1: flow in range at (45,12) facing SOUTH
[RUSH] gunner: want to place at (45,12) facing SOUTH, ti=38 cost=38
[RUSH] gunner: target (45,12) bld=None team=None builder=(47,9) d²=13
[RUSH] gunner: walking toward (45,12) d²=13
  task=RUSH 0us OK -> (<Direction.SOUTH: 'south'>, None)
  task=HEAL_CORE FAIL
[RUSH] --- rush eval at (45,8) en_core=(46,16) ---
[RUSH] step1: flow in range at (46,13) facing SOUTH
[RUSH] gunner: want to place at (46,13) facing SOUTH, ti=38 cost=38
[RUSH] gunner: target (46,13) bld=None team=None builder=(45,8) d²=26
[RUSH] gunner: walking toward (46,13) d²=26
  task=RUSH 0us OK -> (<Direction.SOUTHWEST: 'southwest'>, PlaceRoad(pos=Position(x=44, y=9)))
  task=HEAL_CORE FAIL
[RUSH] --- rush eval at (47,11) en_core=(46,16) ---
[RUSH] step1: flow in range at (45,12) facing SOUTH
[RUSH] gunner: want to place at (45,12) facing SOUTH, ti=35 cost=38
[RUSH] gunner: cannot afford (need 38, have 35)
[RUSH] step1: can't afford gunner, holding turn
  task=RUSH 0us OK -> (<Direction.CENTRE: 'centre'>, None)
  task=HEAL_CORE FAIL
[RUSH] --- rush eval at (48,8) en_core=(46,16) ---
[RUSH] step1: flow in range at (45,12) facing SOUTH
[RUSH] gunner: want to place at (45,12) facing SOUTH, ti=35 cost=38
[RUSH] gunner: cannot afford (need 38, have 35)
[RUSH] step1: can't afford gunner, holding turn
  task=RUSH 0us OK -> (<Direction.CENTRE: 'centre'>, None)
  task=HEAL_CORE FAIL
[RUSH] --- rush eval at (48,9) en_core=(46,16) ---
[RUSH] step1: flow in range at (45,12) facing SOUTH
[RUSH] gunner: want to place at (45,12) facing SOUTH, ti=35 cost=38
[RUSH] gunner: cannot afford (need 38, have 35)
[RUSH] step1: can't afford gunner, holding turn
  task=RUSH 0us OK -> (<Direction.CENTRE: 'centre'>, None)
  task=HEAL_CORE FAIL
[RUSH] --- rush eval at (46,8) en_core=(46,16) ---
[RUSH] step1: flow in range at (46,13) facing SOUTH
[RUSH] gunner: want to place at (46,13) facing SOUTH, ti=35 cost=38
[RUSH] gunner: cannot afford (need 38, have 35)
[RUSH] step1: can't afford gunner, holding turn
  task=RUSH 0us OK -> (<Direction.CENTRE: 'centre'>, None)
[GUN] (45,9) facing=SOUTHWEST
[GUN] ray: target=None pri=0
[GUN] ammo=True
[GUN] feed_dir=NORTH
[GUN] no target, has ammo, best_rot=SOUTHWEST rot_pri=0
[GUN] (46,9) facing=SOUTH
[GUN] ray: target=None pri=0
[GUN] ammo=True
[GUN] feed_dir=NORTH
[GUN] no target, has ammo, best_rot=SOUTH rot_pri=0
[GUN] (47,12) facing=SOUTH
[GUN] ray: target=Position(x=47, y=15) pri=4
[GUN] ammo=True
[GUN] feed_dir=NORTH
[GUN] cur_pri=4 best_rot=SOUTH rot_pri=0
[GUN] FIRE at (47,15) pri=4
[GUN] (46,13) facing=SOUTH
[GUN] ray: target=None pri=0
[GUN] ammo=False
[GUN] no target, no ammo
[GUN] (48,13) facing=SOUTHWEST
[GUN] ray: target=Position(x=46, y=15) pri=4
[GUN] ammo=True
[GUN] feed_dir=NORTH
[GUN] cur_pri=4 best_rot=SOUTHWEST rot_pri=0
[GUN] FIRE at (46,15) pri=4
  task=HEAL_CORE FAIL
[RUSH] --- rush eval at (47,10) en_core=(46,16) ---
[RUSH] step1: flow in range at (45,12) facing SOUTH
[RUSH] gunner: want to place at (45,12) facing SOUTH, ti=55 cost=38
[RUSH] gunner: target (45,12) bld=None team=None builder=(47,10) d²=8
[RUSH] gunner: walking toward (45,12) d²=8
  task=RUSH 0us OK -> (<Direction.SOUTHWEST: 'southwest'>, None)
  task=HEAL_CORE FAIL
[RUSH] --- rush eval at (44,9) en_core=(46,16) ---
[RUSH] step1: flow in range at (45,12) facing SOUTH
[RUSH] gunner: want to place at (45,12) facing SOUTH, ti=55 cost=38
[RUSH] gunner: target (45,12) bld=None team=None builder=(44,9) d²=10
[RUSH] gunner: walking toward (45,12) d²=10
  task=RUSH 0us OK -> (<Direction.SOUTHEAST: 'southeast'>, PlaceRoad(pos=Position(x=45, y=10)))
  task=HEAL_CORE FAIL
[RUSH] --- rush eval at (47,11) en_core=(46,16) ---
[RUSH] step1: flow in range at (45,12) facing SOUTH
[RUSH] gunner: want to place at (45,12) facing SOUTH, ti=52 cost=38
[RUSH] gunner: target (45,12) bld=None team=None builder=(47,11) d²=5
[RUSH] gunner: walking toward (45,12) d²=5
  task=RUSH 0us OK -> (<Direction.SOUTHWEST: 'southwest'>, None)
  task=HEAL_CORE FAIL
[RUSH] --- rush eval at (48,8) en_core=(46,16) ---
[RUSH] step1: flow in range at (45,12) facing SOUTH
[RUSH] gunner: want to place at (45,12) facing SOUTH, ti=52 cost=38
[RUSH] gunner: target (45,12) bld=None team=None builder=(48,8) d²=25
[RUSH] gunner: walking toward (45,12) d²=25
  task=RUSH 0us OK -> (<Direction.WEST: 'west'>, None)
  task=HEAL_CORE FAIL
[RUSH] --- rush eval at (48,9) en_core=(46,16) ---
[RUSH] step1: flow in range at (45,12) facing SOUTH
[RUSH] gunner: want to place at (45,12) facing SOUTH, ti=52 cost=38
[RUSH] gunner: target (45,12) bld=BuildingMarker team=Team.A builder=(48,9) d²=18
[RUSH] gunner: walking toward (45,12) d²=18
  task=RUSH 0us OK -> (<Direction.SOUTHWEST: 'southwest'>, None)
  task=HEAL_CORE FAIL
[RUSH] --- rush eval at (46,8) en_core=(46,16) ---
[RUSH] step1: flow in range at (46,13) facing SOUTH
[RUSH] gunner: want to place at (46,13) facing SOUTH, ti=52 cost=38
[RUSH] gunner: target (46,13) bld=None team=None builder=(46,8) d²=25
[RUSH] gunner: walking toward (46,13) d²=25
  task=RUSH 0us OK -> (<Direction.WEST: 'west'>, None)
[GUN] (45,9) facing=SOUTHWEST
[GUN] ray: target=None pri=0
[GUN] ammo=True
[GUN] feed_dir=NORTH
[GUN] no target, has ammo, best_rot=SOUTHWEST rot_pri=0
[GUN] (46,9) facing=SOUTH
[GUN] ray: target=None pri=0
[GUN] ammo=True
[GUN] feed_dir=NORTH
[GUN] no target, has ammo, best_rot=SOUTH rot_pri=0
[GUN] (47,12) facing=SOUTH
[GUN] ray: target=Position(x=47, y=15) pri=4
[GUN] ammo=True
[GUN] feed_dir=NORTH
[GUN] cur_pri=4 best_rot=SOUTH rot_pri=0
[GUN] FIRE at (47,15) pri=4
[GUN] (46,13) facing=SOUTH
[GUN] ray: target=None pri=0
[GUN] ammo=False
[GUN] no target, no ammo
[GUN] (48,13) facing=SOUTHWEST
[GUN] ray: target=Position(x=46, y=15) pri=4
[GUN] ammo=True
[GUN] feed_dir=NORTH
[GUN] cur_pri=4 best_rot=SOUTHWEST rot_pri=0
[GUN] FIRE at (46,15) pri=4
  task=HEAL_CORE FAIL
[RUSH] --- rush eval at (46,11) en_core=(46,16) ---
[RUSH] step1: flow in range at (45,12) facing SOUTH
[RUSH] gunner: want to place at (45,12) facing SOUTH, ti=52 cost=38
[RUSH] gunner: target (45,12) bld=BuildingMarker team=Team.A builder=(46,11) d²=2
[RUSH] gunner: destroying allied BuildingMarker at (45,12) to place gunner
[RUSH] gunner: placing at (45,12) facing SOUTH, can_build=True
  task=RUSH 0us OK -> (<Direction.CENTRE: 'centre'>, PlaceGunner(pos=Position(x=45, y=12), direction=<Direction.SOUTH: 'south'>))
  task=HEAL_CORE FAIL
[RUSH] --- rush eval at (45,10) en_core=(46,16) ---
[RUSH] step1: no flow tile in gunner range of core
[RUSH] step2: flow near core at (44,8) d²=68, extending to siege (44,13)
[RUSH] extend: from (44,8) toward core (46,16)
[RUSH] extend: siege target (44,13)
[RUSH] extend: path=[(44, 8), (44, 9), (43, 9), (43, 10), (42, 10), (42, 11), (41, 11), (41, 12), (41, 13), (42, 13), (43, 13), (44, 13)]
[RUSH] extend: path len=12, builder at (45,10)
[RUSH] extend[0]: (44,8)->(44,9) bld=BuildingMarker team=Team.A connected=False
[RUSH] extend[0]: need to walk to (44,8) d²=5
  task=RUSH 0us OK -> (<Direction.NORTHWEST: 'northwest'>, None)
  task=HEAL_CORE FAIL
[RUSH] --- rush eval at (46,12) en_core=(46,16) ---
[RUSH] step1: no flow tile in gunner range of core
[RUSH] step2: flow near core at (44,8) d²=68, extending to siege (44,13)
[RUSH] extend: from (44,8) toward core (46,16)
[RUSH] extend: siege target (44,13)
[RUSH] extend: path=[(44, 8), (44, 9), (43, 9), (43, 10), (42, 10), (42, 11), (41, 11), (41, 12), (41, 13), (42, 13), (43, 13), (44, 13)]
[RUSH] extend: path len=12, builder at (46,12)
[RUSH] extend[0]: (44,8)->(44,9) bld=BuildingMarker team=Team.A connected=False
[RUSH] extend[0]: need to walk to (44,8) d²=20
  task=RUSH 0us OK -> (<Direction.NORTHEAST: 'northeast'>, None)
  task=HEAL_CORE FAIL
[RUSH] --- rush eval at (47,8) en_core=(46,16) ---
[RUSH] step1: no flow tile in gunner range of core
[RUSH] step2: flow near core at (44,8) d²=68, extending to siege (44,13)
[RUSH] extend: from (44,8) toward core (46,16)
[RUSH] extend: siege target (44,13)
[RUSH] extend: path=[(44, 8), (44, 9), (43, 9), (43, 10), (42, 10), (42, 11), (44, 13)]
[RUSH] extend: path len=7, builder at (47,8)
[RUSH] extend[0]: (44,8)->(44,9) bld=BuildingMarker team=Team.A connected=False
[RUSH] extend[0]: need to walk to (44,8) d²=9
  task=RUSH 0us OK -> (<Direction.WEST: 'west'>, None)
  task=HEAL_CORE FAIL
[RUSH] --- rush eval at (47,10) en_core=(46,16) ---
[RUSH] step1: no flow tile in gunner range of core
[RUSH] step2: flow near core at (44,8) d²=68, extending to siege (44,13)
[RUSH] extend: from (44,8) toward core (46,16)
[RUSH] extend: siege target (44,13)
[RUSH] extend: path=[(44, 8), (44, 9), (43, 9), (43, 10), (42, 10), (42, 11), (41, 11), (41, 12), (41, 13), (42, 13), (43, 13), (44, 13)]
[RUSH] extend: path len=12, builder at (47,10)
[RUSH] extend[0]: (44,8)->(44,9) bld=BuildingMarker team=Team.A connected=False
[RUSH] extend[0]: need to walk to (44,8) d²=13
  task=RUSH 0us OK -> (<Direction.NORTH: 'north'>, None)
  task=HEAL_CORE FAIL
[RUSH] --- rush eval at (45,8) en_core=(46,16) ---
[RUSH] step1: flow in range at (46,13) facing SOUTH
[RUSH] gunner: want to place at (46,13) facing SOUTH, ti=14 cost=39
[RUSH] gunner: cannot afford (need 39, have 14)
[RUSH] step1: can't afford gunner, holding turn
  task=RUSH 0us OK -> (<Direction.CENTRE: 'centre'>, None)
[GUN] (45,9) facing=SOUTHWEST
[GUN] ray: target=None pri=0
[GUN] ammo=True
[GUN] feed_dir=NORTH
[GUN] no target, has ammo, best_rot=SOUTHWEST rot_pri=0
[GUN] (46,9) facing=SOUTH
[GUN] ray: target=None pri=0
[GUN] ammo=True
[GUN] feed_dir=NORTH
[GUN] no target, has ammo, best_rot=SOUTH rot_pri=0
[GUN] (47,12) facing=SOUTH
[GUN] ray: target=Position(x=47, y=15) pri=4
[GUN] ammo=True
[GUN] feed_dir=NORTH
[GUN] cur_pri=4 best_rot=SOUTH rot_pri=0
[GUN] FIRE at (47,15) pri=4
[GUN] (46,13) facing=SOUTH
[GUN] ray: target=None pri=0
[GUN] ammo=False
[GUN] no target, no ammo
[GUN] (48,13) facing=SOUTHWEST
[GUN] ray: target=Position(x=46, y=15) pri=4
[GUN] ammo=True
[GUN] feed_dir=NORTH
[GUN] cur_pri=4 best_rot=SOUTHWEST rot_pri=0
[GUN] FIRE at (46,15) pri=4
  task=HEAL_CORE FAIL
[RUSH] --- rush eval at (46,11) en_core=(46,16) ---
[RUSH] step1: no flow tile in gunner range of core
  task=RUSH 0us OK -> (<Direction.NORTHEAST: 'northeast'>, None)
  task=HEAL_CORE FAIL
[RUSH] --- rush eval at (44,9) en_core=(46,16) ---
[RUSH] step1: no flow tile in gunner range of core
  task=RUSH 0us OK -> (<Direction.NORTH: 'north'>, PlaceRoad(pos=Position(x=44, y=8)))
  task=HEAL_CORE FAIL
[RUSH] --- rush eval at (47,11) en_core=(46,16) ---
[RUSH] step1: no flow tile in gunner range of core
[RUSH] step2: flow near core at (44,8) d²=68, extending to siege (44,13)
[RUSH] extend: from (44,8) toward core (46,16)
[RUSH] extend: siege target (44,13)
[RUSH] extend: path=[(44, 8), (44, 9), (43, 9), (43, 10), (42, 10), (42, 11), (41, 11), (41, 12), (41, 13), (42, 13), (43, 13), (44, 13)]
[RUSH] extend: path len=12, builder at (47,11)
[RUSH] extend[0]: (44,8)->(44,9) bld=BuildingRoad team=Team.A connected=False
[RUSH] extend[0]: need to walk to (44,8) d²=18
  task=RUSH 0us OK -> (<Direction.NORTHEAST: 'northeast'>, None)
  task=HEAL_CORE FAIL
[RUSH] --- rush eval at (46,8) en_core=(46,16) ---
[RUSH] step1: no flow tile in gunner range of core
[RUSH] step2: flow near core at (44,8) d²=68, extending to siege (44,13)
[RUSH] extend: from (44,8) toward core (46,16)
[RUSH] extend: siege target (44,13)
[RUSH] extend: path=[(44, 8), (44, 9), (43, 9), (43, 10), (42, 10), (42, 11), (44, 13)]
[RUSH] extend: path len=7, builder at (46,8)
[RUSH] extend[0]: (44,8)->(44,9) bld=BuildingRoad team=Team.A connected=False
[RUSH] extend[0]: need to walk to (44,8) d²=4
  task=RUSH 0us OK -> (<Direction.NORTHWEST: 'northwest'>, None)
  task=HEAL_CORE FAIL
[RUSH] --- rush eval at (47,9) en_core=(46,16) ---
[RUSH] step1: no flow tile in gunner range of core
[RUSH] step2: flow near core at (44,8) d²=68, extending to siege (44,13)
[RUSH] extend: from (44,8) toward core (46,16)
[RUSH] extend: siege target (44,13)
[RUSH] extend: path=[(44, 8), (44, 9), (43, 9), (43, 10), (42, 10), (42, 11), (41, 11), (41, 12), (41, 13), (42, 13), (43, 13), (44, 13)]
[RUSH] extend: path len=12, builder at (47,9)
[RUSH] extend[0]: (44,8)->(44,9) bld=BuildingRoad team=Team.A connected=False
[RUSH] extend[0]: need to walk to (44,8) d²=10
  task=RUSH 0us OK -> (<Direction.NORTHWEST: 'northwest'>, None)
  task=HEAL_CORE FAIL
[RUSH] --- rush eval at (45,8) en_core=(46,16) ---
[RUSH] step1: flow in range at (46,13) facing SOUTH
[RUSH] gunner: want to place at (46,13) facing SOUTH, ti=21 cost=39
[RUSH] gunner: cannot afford (need 39, have 21)
[RUSH] step1: can't afford gunner, holding turn
  task=RUSH 0us OK -> (<Direction.CENTRE: 'centre'>, None)
[GUN] (45,9) facing=SOUTHWEST
[GUN] ray: target=None pri=0
[GUN] ammo=True
[GUN] feed_dir=NORTH
[GUN] no target, has ammo, best_rot=SOUTHWEST rot_pri=0
[GUN] (46,9) facing=SOUTH
[GUN] ray: target=None pri=0
[GUN] ammo=True
[GUN] feed_dir=NORTH
[GUN] no target, has ammo, best_rot=SOUTH rot_pri=0
[GUN] (47,12) facing=SOUTH
[GUN] ray: target=Position(x=47, y=15) pri=4
[GUN] ammo=True
[GUN] feed_dir=NORTH
[GUN] cur_pri=4 best_rot=SOUTH rot_pri=0
[GUN] FIRE at (47,15) pri=4
[GUN] (46,13) facing=SOUTH
[GUN] ray: target=None pri=0
[GUN] ammo=False
[GUN] no target, no ammo
[GUN] (48,13) facing=SOUTHWEST
[GUN] ray: target=None pri=0
[GUN] ammo=False
[GUN] no target, no ammo
[GUN] (45,12) facing=SOUTH
[GUN] ray: target=None pri=0
[GUN] ammo=False
[GUN] no target, no ammo
  task=HEAL_CORE FAIL
[RUSH] --- rush eval at (47,10) en_core=(46,16) ---
[RUSH] step1: no flow tile in gunner range of core
  task=RUSH 0us OK -> (<Direction.SOUTHEAST: 'southeast'>, None)
  task=HEAL_CORE FAIL
[RUSH] --- rush eval at (44,8) en_core=(46,16) ---
[RUSH] step1: no flow tile in gunner range of core
  task=RUSH 0us OK -> (<Direction.NORTH: 'north'>, None)
  task=HEAL_CORE FAIL
[RUSH] --- rush eval at (48,10) en_core=(46,16) ---
[RUSH] step1: no flow tile in gunner range of core
  task=RUSH 0us OK -> (<Direction.SOUTHWEST: 'southwest'>, None)
  task=HEAL_CORE FAIL
[RUSH] --- rush eval at (45,7) en_core=(46,16) ---
[RUSH] step1: no flow tile in gunner range of core
  task=RUSH 0us OK -> (<Direction.EAST: 'east'>, None)
  task=HEAL_CORE FAIL
[RUSH] --- rush eval at (46,8) en_core=(46,16) ---
[RUSH] step1: no flow tile in gunner range of core
  task=RUSH 0us OK -> (<Direction.SOUTHEAST: 'southeast'>, None)
  task=HEAL_CORE FAIL
[RUSH] --- rush eval at (45,8) en_core=(46,16) ---
[RUSH] step1: flow in range at (46,13) facing SOUTH
[RUSH] gunner: want to place at (46,13) facing SOUTH, ti=31 cost=39
[RUSH] gunner: cannot afford (need 39, have 31)
[RUSH] step1: can't afford gunner, holding turn
  task=RUSH 0us OK -> (<Direction.CENTRE: 'centre'>, None)
[GUN] (45,9) facing=SOUTHWEST
[GUN] ray: target=None pri=0
[GUN] ammo=True
[GUN] feed_dir=NORTH
[GUN] no target, has ammo, best_rot=SOUTHWEST rot_pri=0
[GUN] (46,9) facing=SOUTH
[GUN] ray: target=None pri=0
[GUN] ammo=True
[GUN] feed_dir=NORTH
[GUN] no target, has ammo, best_rot=SOUTH rot_pri=0
[GUN] (47,12) facing=SOUTH
[GUN] ray: target=Position(x=47, y=15) pri=4
[GUN] ammo=True
[GUN] feed_dir=NORTH
[GUN] cur_pri=4 best_rot=SOUTH rot_pri=0
[GUN] FIRE at (47,15) pri=4
[GUN] (46,13) facing=SOUTH
[GUN] ray: target=None pri=0
[GUN] ammo=False
[GUN] no target, no ammo
[GUN] (48,13) facing=SOUTHWEST
[GUN] ray: target=None pri=0
[GUN] ammo=False
[GUN] no target, no ammo
[GUN] (45,12) facing=SOUTH
[GUN] ray: target=None pri=0
[GUN] ammo=False
[GUN] no target, no ammo
  task=HEAL_CORE FAIL
[RUSH] --- rush eval at (48,11) en_core=(46,16) ---
[RUSH] step1: no flow tile in gunner range of core
[RUSH] step1.5: upgrading conveyor at (48,12) to splitter facing SOUTH
  task=RUSH 0us OK -> (<Direction.CENTRE: 'centre'>, PlaceSplitter(pos=Position(x=48, y=12), direction=<Direction.SOUTH: 'south'>))
  task=HEAL_CORE FAIL
[RUSH] --- rush eval at (44,7) en_core=(46,16) ---
[RUSH] step1: no flow tile in gunner range of core
[RUSH] step2: flow near core at (44,8) d²=68, extending to siege (44,13)
[RUSH] extend: from (44,8) toward core (46,16)
[RUSH] extend: siege target (44,13)
[RUSH] extend: path=[(44, 8), (44, 9), (43, 9), (43, 10), (42, 10), (42, 11), (41, 11), (41, 12), (41, 13), (42, 13), (43, 13), (44, 13)]
[RUSH] extend: path len=12, builder at (44,7)
[RUSH] extend[0]: (44,8)->(44,9) bld=BuildingRoad team=Team.A connected=False
[RUSH] extend[0]: destroying allied BuildingRoad at (44,8) to rebuild
[RUSH] extend[0]: building (44,8)->(44,9) action=PlaceConveyor(pos=Position(x=44, y=8), direction=<Direction.SOUTH: 'south'>) d²=1
  task=RUSH 0us OK -> (<Direction.CENTRE: 'centre'>, PlaceConveyor(pos=Position(x=44, y=8), direction=<Direction.SOUTH: 'south'>))
  task=HEAL_CORE FAIL
[RUSH] --- rush eval at (47,11) en_core=(46,16) ---
[RUSH] step1: no flow tile in gunner range of core
[RUSH] step2: flow near core at (49,12) d²=25, extending to siege (49,13)
[RUSH] extend: from (49,12) toward core (46,16)
[RUSH] extend: siege target (49,13)
[RUSH] extend: path=[(49, 12), (49, 13)]
[RUSH] extend: path len=2, builder at (47,11)
[RUSH] extend[0]: (49,12)->(49,13) bld=None team=None connected=False
[RUSH] extend[0]: need to walk to (49,12) d²=5
  task=RUSH 0us OK -> (<Direction.SOUTHEAST: 'southeast'>, None)
  task=HEAL_CORE FAIL
[RUSH] --- rush eval at (46,7) en_core=(46,16) ---
[RUSH] step1: no flow tile in gunner range of core
[RUSH] step2: flow near core at (44,9) d²=53, extending to siege (44,13)
[RUSH] extend: from (44,9) toward core (46,16)
[RUSH] extend: siege target (44,13)
[RUSH] extend: path=[(44, 9), (43, 9), (43, 10), (42, 10), (42, 11), (44, 13)]
[RUSH] extend: path len=6, builder at (46,7)
[RUSH] extend[0]: (44,9)->(43,9) bld=BuildingRoad team=Team.A connected=False
[RUSH] extend[0]: need to walk to (44,9) d²=8
  task=RUSH 0us OK -> (<Direction.WEST: 'west'>, None)
  task=HEAL_CORE FAIL
[RUSH] --- rush eval at (47,9) en_core=(46,16) ---
[RUSH] step1: no flow tile in gunner range of core
[RUSH] step2: flow near core at (49,12) d²=25, extending to siege (49,13)
[RUSH] extend: from (49,12) toward core (46,16)
[RUSH] extend: siege target (49,13)
[RUSH] extend: path=[(49, 12), (49, 13)]
[RUSH] extend: path len=2, builder at (47,9)
[RUSH] extend[0]: (49,12)->(49,13) bld=None team=None connected=False
[RUSH] extend[0]: need to walk to (49,12) d²=13
  task=RUSH 0us OK -> (<Direction.SOUTHEAST: 'southeast'>, None)
  task=HEAL_CORE FAIL
[RUSH] --- rush eval at (45,8) en_core=(46,16) ---
[RUSH] step1: flow in range at (46,13) facing SOUTH
[RUSH] gunner: want to place at (46,13) facing SOUTH, ti=7 cost=40
[RUSH] gunner: cannot afford (need 40, have 7)
[RUSH] step1: can't afford gunner, holding turn
  task=RUSH 0us OK -> (<Direction.CENTRE: 'centre'>, None)
[GUN] (45,9) facing=SOUTHWEST
[GUN] ray: target=None pri=0
[GUN] ammo=True
[GUN] feed_dir=NORTH
[GUN] no target, has ammo, best_rot=SOUTHWEST rot_pri=0
[GUN] (46,9) facing=SOUTH
[GUN] ray: target=None pri=0
[GUN] ammo=True
[GUN] feed_dir=NORTH
[GUN] no target, has ammo, best_rot=SOUTH rot_pri=0
[GUN] (47,12) facing=SOUTH
[GUN] ray: target=None pri=0
[GUN] ammo=False
[GUN] no target, no ammo
[GUN] (46,13) facing=SOUTH
[GUN] ray: target=None pri=0
[GUN] ammo=False
[GUN] no target, no ammo
[GUN] (48,13) facing=SOUTHWEST
[GUN] ray: target=None pri=0
[GUN] ammo=False
[GUN] no target, no ammo
[GUN] (45,12) facing=SOUTH
[GUN] ray: target=None pri=0
[GUN] ammo=False
[GUN] no target, no ammo
  task=HEAL_CORE FAIL
[RUSH] --- rush eval at (48,11) en_core=(46,16) ---
[RUSH] step1: no flow tile in gunner range of core
[RUSH] step2: flow near core at (49,12) d²=25, extending to siege (49,13)
[RUSH] extend: from (49,12) toward core (46,16)
[RUSH] extend: siege target (49,13)
[RUSH] extend: path=[(49, 12), (49, 13)]
[RUSH] extend: path len=2, builder at (48,11)
[RUSH] extend[0]: (49,12)->(49,13) bld=None team=None connected=False
[RUSH] extend[0]: building (49,12)->(49,13) action=PlaceConveyor(pos=Position(x=49, y=12), direction=<Direction.SOUTH: 'south'>) d²=2
  task=RUSH 0us OK -> (<Direction.CENTRE: 'centre'>, PlaceConveyor(pos=Position(x=49, y=12), direction=<Direction.SOUTH: 'south'>))
  task=HEAL_CORE FAIL
[RUSH] --- rush eval at (44,7) en_core=(46,16) ---
[RUSH] step1: no flow tile in gunner range of core
[RUSH] step2: flow near core at (44,9) d²=53, extending to siege (44,13)
[RUSH] extend: from (44,9) toward core (46,16)
[RUSH] extend: siege target (44,13)
[RUSH] extend: path=[(44, 9), (43, 9), (43, 10), (42, 10), (42, 11), (41, 11), (41, 12), (41, 13), (42, 13), (43, 13), (44, 13)]
[RUSH] extend: path len=11, builder at (44,7)
[RUSH] extend[0]: (44,9)->(43,9) bld=BuildingRoad team=Team.A connected=False
[RUSH] extend[0]: need to walk to (44,9) d²=4
  task=RUSH 0us OK -> (<Direction.SOUTH: 'south'>, None)
  task=HEAL_CORE FAIL
[RUSH] --- rush eval at (48,12) en_core=(46,16) ---
[RUSH] step1: no flow tile in gunner range of core
[RUSH] step2: flow near core at (49,12) d²=25, extending to siege (49,13)
[RUSH] extend: from (49,12) toward core (46,16)
[RUSH] extend: siege target (49,13)
[RUSH] extend: path=[(49, 12), (49, 13)]
[RUSH] extend: path len=2, builder at (48,12)
[RUSH] extend[0]: (49,12)->(49,13) bld=None team=None connected=False
[RUSH] extend[0]: building (49,12)->(49,13) action=PlaceConveyor(pos=Position(x=49, y=12), direction=<Direction.SOUTH: 'south'>) d²=1
  task=RUSH 0us OK -> (<Direction.CENTRE: 'centre'>, PlaceConveyor(pos=Position(x=49, y=12), direction=<Direction.SOUTH: 'south'>))
  task=HEAL_CORE FAIL
[RUSH] --- rush eval at (45,7) en_core=(46,16) ---
[RUSH] step1: no flow tile in gunner range of core
[RUSH] step2: flow near core at (44,9) d²=53, extending to siege (44,13)
[RUSH] extend: from (44,9) toward core (46,16)
[RUSH] extend: siege target (44,13)
[RUSH] extend: path=[(44, 9), (43, 9), (43, 10), (42, 10), (42, 11), (44, 13)]
[RUSH] extend: path len=6, builder at (45,7)
[RUSH] extend[0]: (44,9)->(43,9) bld=BuildingRoad team=Team.A connected=False
[RUSH] extend[0]: need to walk to (44,9) d²=5
  task=RUSH 0us OK -> (<Direction.WEST: 'west'>, None)
  task=HEAL_CORE FAIL
[RUSH] --- rush eval at (48,10) en_core=(46,16) ---
[RUSH] step1: no flow tile in gunner range of core
[RUSH] step2: flow near core at (49,12) d²=25, extending to siege (49,13)
[RUSH] extend: from (49,12) toward core (46,16)
[RUSH] extend: siege target (49,13)
[RUSH] extend: path=[(49, 12), (49, 13)]
[RUSH] extend: path len=2, builder at (48,10)
[RUSH] extend[0]: (49,12)->(49,13) bld=None team=None connected=False
[RUSH] extend[0]: need to walk to (49,12) d²=5
  task=RUSH 0us OK -> (<Direction.SOUTHEAST: 'southeast'>, PlaceRoad(pos=Position(x=49, y=11)))
  task=HEAL_CORE FAIL
[RUSH] --- rush eval at (45,8) en_core=(46,16) ---
[RUSH] step1: flow in range at (46,13) facing SOUTH
[RUSH] gunner: want to place at (46,13) facing SOUTH, ti=3 cost=40
[RUSH] gunner: cannot afford (need 40, have 3)
[RUSH] step1: can't afford gunner, holding turn
  task=RUSH 0us OK -> (<Direction.CENTRE: 'centre'>, None)
[GUN] (45,9) facing=SOUTHWEST
[GUN] ray: target=None pri=0
[GUN] ammo=True
[GUN] feed_dir=NORTH
[GUN] no target, has ammo, best_rot=SOUTHWEST rot_pri=0
[GUN] (46,9) facing=SOUTH
[GUN] ray: target=None pri=0
[GUN] ammo=True
[GUN] feed_dir=NORTH
[GUN] no target, has ammo, best_rot=SOUTH rot_pri=0
[GUN] (47,12) facing=SOUTH
[GUN] ray: target=None pri=0
[GUN] ammo=False
[GUN] no target, no ammo
[GUN] (46,13) facing=SOUTH
[GUN] ray: target=None pri=0
[GUN] ammo=False
[GUN] no target, no ammo
[GUN] (48,13) facing=SOUTHWEST
[GUN] ray: target=None pri=0
[GUN] ammo=False
[GUN] no target, no ammo
[GUN] (45,12) facing=SOUTH
[GUN] ray: target=Position(x=45, y=15) pri=4
[GUN] ammo=True
[GUN] feed_dir=NORTHEAST
[GUN] scan SOUTHWEST: pri=1
[GUN] scan WEST: pri=3
[GUN] cur_pri=4 best_rot=WEST rot_pri=3
[GUN] FIRE at (45,15) pri=4
  task=HEAL_CORE FAIL
[RUSH] --- rush eval at (48,11) en_core=(46,16) ---
[RUSH] step1: no flow tile in gunner range of core
[RUSH] step2: flow near core at (49,12) d²=25, extending to siege (49,13)
[RUSH] extend: from (49,12) toward core (46,16)
[RUSH] extend: siege target (49,13)
[RUSH] extend: path=[(49, 12), (49, 13)]
[RUSH] extend: path len=2, builder at (48,11)
[RUSH] extend[0]: (49,12)->(49,13) bld=None team=None connected=False
[RUSH] extend[0]: building (49,12)->(49,13) action=PlaceConveyor(pos=Position(x=49, y=12), direction=<Direction.SOUTH: 'south'>) d²=2
  task=RUSH 0us OK -> (<Direction.CENTRE: 'centre'>, PlaceConveyor(pos=Position(x=49, y=12), direction=<Direction.SOUTH: 'south'>))
  task=HEAL_CORE FAIL
[RUSH] --- rush eval at (44,8) en_core=(46,16) ---
[RUSH] step1: no flow tile in gunner range of core
[RUSH] step2: flow near core at (44,9) d²=53, extending to siege (44,13)
[RUSH] extend: from (44,9) toward core (46,16)
[RUSH] extend: siege target (44,13)
[RUSH] extend: path=[(44, 9), (43, 9), (43, 10), (42, 10), (42, 11), (41, 11), (41, 12), (41, 13), (42, 13), (43, 13), (44, 13)]
[RUSH] extend: path len=11, builder at (44,8)
[RUSH] extend[0]: (44,9)->(43,9) bld=BuildingRoad team=Team.A connected=False
[RUSH] extend[0]: destroying allied BuildingRoad at (44,9) to rebuild
[RUSH] extend[0]: building (44,9)->(43,9) action=PlaceConveyor(pos=Position(x=44, y=9), direction=<Direction.WEST: 'west'>) d²=1
  task=RUSH 0us OK -> (<Direction.CENTRE: 'centre'>, PlaceConveyor(pos=Position(x=44, y=9), direction=<Direction.WEST: 'west'>))
  task=HEAL_CORE FAIL
[RUSH] --- rush eval at (48,12) en_core=(46,16) ---
[RUSH] step1: no flow tile in gunner range of core
[RUSH] step2: flow near core at (49,12) d²=25, extending to siege (49,13)
[RUSH] extend: from (49,12) toward core (46,16)
[RUSH] extend: siege target (49,13)
[RUSH] extend: path=[(49, 12), (49, 13)]
[RUSH] extend: path len=2, builder at (48,12)
[RUSH] extend[0]: (49,12)->(49,13) bld=None team=None connected=False
[RUSH] extend[0]: building (49,12)->(49,13) action=PlaceConveyor(pos=Position(x=49, y=12), direction=<Direction.SOUTH: 'south'>) d²=1
  task=RUSH 0us OK -> (<Direction.CENTRE: 'centre'>, PlaceConveyor(pos=Position(x=49, y=12), direction=<Direction.SOUTH: 'south'>))
  task=HEAL_CORE FAIL
[RUSH] --- rush eval at (44,7) en_core=(46,16) ---
[RUSH] step1: no flow tile in gunner range of core
[RUSH] step2: flow near core at (44,9) d²=53, extending to siege (44,13)
[RUSH] extend: from (44,9) toward core (46,16)
[RUSH] extend: siege target (44,13)
[RUSH] extend: path=[(44, 9), (43, 9), (43, 10), (42, 10), (42, 11), (44, 13)]
[RUSH] extend: path len=6, builder at (44,7)
[RUSH] extend[0]: (44,9)->(43,9) bld=None team=None connected=False
[RUSH] extend[0]: need to walk to (44,9) d²=4
  task=RUSH FAIL
  task=SCOUT_ENEMY 0us OK -> (<Direction.NORTHWEST: 'northwest'>, None)
  task=HEAL_CORE FAIL
[RUSH] --- rush eval at (49,11) en_core=(46,16) ---
[RUSH] step1: no flow tile in gunner range of core
[RUSH] step2: flow near core at (49,12) d²=25, extending to siege (49,13)
[RUSH] extend: from (49,12) toward core (46,16)
[RUSH] extend: siege target (49,13)
[RUSH] extend: path=[(49, 12), (49, 13)]
[RUSH] extend: path len=2, builder at (49,11)
[RUSH] extend[0]: (49,12)->(49,13) bld=BuildingMarker team=Team.A connected=False
[RUSH] extend[0]: destroying allied BuildingMarker at (49,12) to rebuild
[RUSH] extend[0]: building (49,12)->(49,13) action=PlaceConveyor(pos=Position(x=49, y=12), direction=<Direction.SOUTH: 'south'>) d²=1
  task=RUSH 0us OK -> (<Direction.CENTRE: 'centre'>, PlaceConveyor(pos=Position(x=49, y=12), direction=<Direction.SOUTH: 'south'>))
  task=HEAL_CORE FAIL
[RUSH] --- rush eval at (45,8) en_core=(46,16) ---
[RUSH] step1: flow in range at (46,13) facing SOUTH
[RUSH] gunner: want to place at (46,13) facing SOUTH, ti=3 cost=40
[RUSH] gunner: cannot afford (need 40, have 3)
[RUSH] step1: can't afford gunner, holding turn
  task=RUSH 0us OK -> (<Direction.CENTRE: 'centre'>, None)
[GUN] (45,9) facing=SOUTHWEST
[GUN] ray: target=None pri=0
[GUN] ammo=True
[GUN] feed_dir=NORTH
[GUN] no target, has ammo, best_rot=SOUTHWEST rot_pri=0
[GUN] (46,9) facing=SOUTH
[GUN] ray: target=None pri=0
[GUN] ammo=True
[GUN] feed_dir=NORTH
[GUN] no target, has ammo, best_rot=SOUTH rot_pri=0
[GUN] (47,12) facing=SOUTH
[GUN] ray: target=None pri=0
[GUN] ammo=False
[GUN] no target, no ammo
[GUN] (46,13) facing=SOUTH
[GUN] ray: target=None pri=0
[GUN] ammo=False
[GUN] no target, no ammo
[GUN] (48,13) facing=SOUTHWEST
[GUN] ray: target=None pri=0
[GUN] ammo=False
[GUN] no target, no ammo
[GUN] (45,12) facing=SOUTH
[GUN] ray: target=Position(x=45, y=15) pri=4
[GUN] ammo=True
[GUN] feed_dir=NORTHEAST
[GUN] scan SOUTHWEST: pri=1
[GUN] scan WEST: pri=3
[GUN] cur_pri=4 best_rot=WEST rot_pri=3
[GUN] FIRE at (45,15) pri=4
  task=HEAL_CORE FAIL
[RUSH] --- rush eval at (48,11) en_core=(46,16) ---
[RUSH] step1: no flow tile in gunner range of core
[RUSH] step2: flow near core at (49,12) d²=25, extending to siege (49,13)
[RUSH] extend: from (49,12) toward core (46,16)
[RUSH] extend: siege target (49,13)
[RUSH] extend: path=[(49, 12), (49, 13)]
[RUSH] extend: path len=2, builder at (48,11)
[RUSH] extend[0]: (49,12)->(49,13) bld=None team=None connected=False
[RUSH] extend[0]: building (49,12)->(49,13) action=PlaceConveyor(pos=Position(x=49, y=12), direction=<Direction.SOUTH: 'south'>) d²=2
  task=RUSH 0us OK -> (<Direction.CENTRE: 'centre'>, PlaceConveyor(pos=Position(x=49, y=12), direction=<Direction.SOUTH: 'south'>))
  task=HEAL_CORE FAIL
[RUSH] --- rush eval at (44,8) en_core=(46,16) ---
[RUSH] step1: no flow tile in gunner range of core
[RUSH] step2: flow near core at (44,9) d²=53, extending to siege (44,13)
[RUSH] extend: from (44,9) toward core (46,16)
[RUSH] extend: siege target (44,13)
[RUSH] extend: path=[(44, 9), (43, 9), (43, 10), (42, 10), (42, 11), (41, 11), (41, 12), (41, 13), (42, 13), (43, 13), (44, 13)]
[RUSH] extend: path len=11, builder at (44,8)
[RUSH] extend[0]: (44,9)->(43,9) bld=BuildingMarker team=Team.A connected=False
[RUSH] extend[0]: destroying allied BuildingMarker at (44,9) to rebuild
[RUSH] extend[0]: building (44,9)->(43,9) action=PlaceConveyor(pos=Position(x=44, y=9), direction=<Direction.WEST: 'west'>) d²=1
  task=RUSH 0us OK -> (<Direction.CENTRE: 'centre'>, PlaceConveyor(pos=Position(x=44, y=9), direction=<Direction.WEST: 'west'>))
  task=HEAL_CORE FAIL
[RUSH] --- rush eval at (48,12) en_core=(46,16) ---
[RUSH] step1: flow in range at (49,13) facing SOUTHWEST
[RUSH] gunner: want to place at (49,13) facing SOUTHWEST, ti=1 cost=40
[RUSH] gunner: cannot afford (need 40, have 1)
[RUSH] step1: can't afford gunner, holding turn
  task=RUSH 0us OK -> (<Direction.CENTRE: 'centre'>, None)
  task=HEAL_CORE FAIL
[RUSH] --- rush eval at (43,6) en_core=(46,16) ---
[RUSH] step1: no flow tile in gunner range of core
[RUSH] step2: flow near core at (44,9) d²=53, extending to siege (44,13)
[RUSH] extend: from (44,9) toward core (46,16)
[RUSH] extend: siege target (44,13)
[RUSH] extend: path=[(44, 9), (43, 9), (43, 10), (42, 10), (42, 11), (44, 13)]
[RUSH] extend: path len=6, builder at (43,6)
[RUSH] extend[0]: (44,9)->(43,9) bld=None team=None connected=False
[RUSH] extend[0]: need to walk to (44,9) d²=10
  task=RUSH 0us OK -> (<Direction.SOUTHEAST: 'southeast'>, None)
  task=HEAL_CORE FAIL
[RUSH] --- rush eval at (49,11) en_core=(46,16) ---
[RUSH] step1: flow in range at (49,13) facing SOUTHWEST
[RUSH] gunner: want to place at (49,13) facing SOUTHWEST, ti=1 cost=40
[RUSH] gunner: cannot afford (need 40, have 1)
[RUSH] step1: can't afford gunner, holding turn
  task=RUSH 0us OK -> (<Direction.CENTRE: 'centre'>, None)
  task=HEAL_CORE FAIL
[RUSH] --- rush eval at (45,8) en_core=(46,16) ---
[RUSH] step1: flow in range at (46,13) facing SOUTH
[RUSH] gunner: want to place at (46,13) facing SOUTH, ti=1 cost=40
[RUSH] gunner: cannot afford (need 40, have 1)
[RUSH] step1: can't afford gunner, holding turn
  task=RUSH 0us OK -> (<Direction.CENTRE: 'centre'>, None)
[GUN] (45,9) facing=SOUTHWEST
[GUN] ray: target=None pri=0
[GUN] ammo=True
[GUN] feed_dir=NORTH
[GUN] no target, has ammo, best_rot=SOUTHWEST rot_pri=0
[GUN] (46,9) facing=SOUTH
[GUN] ray: target=None pri=0
[GUN] ammo=True
[GUN] feed_dir=NORTH
[GUN] no target, has ammo, best_rot=SOUTH rot_pri=0
[GUN] (47,12) facing=SOUTH
[GUN] ray: target=None pri=0
[GUN] ammo=False
[GUN] no target, no ammo
[GUN] (46,13) facing=SOUTH
[GUN] ray: target=None pri=0
[GUN] ammo=False
[GUN] no target, no ammo
[GUN] (48,13) facing=SOUTHWEST
[GUN] ray: target=None pri=0
[GUN] ammo=False
[GUN] no target, no ammo
[GUN] (45,12) facing=SOUTH
[GUN] ray: target=Position(x=45, y=15) pri=4
[GUN] ammo=True
[GUN] feed_dir=NORTHEAST
[GUN] scan SOUTHWEST: pri=1
[GUN] scan WEST: pri=3
[GUN] cur_pri=4 best_rot=WEST rot_pri=3
[GUN] FIRE at (45,15) pri=4
  task=HEAL_CORE FAIL
[RUSH] --- rush eval at (48,11) en_core=(46,16) ---
[RUSH] step1: flow in range at (49,13) facing SOUTHWEST
[RUSH] gunner: want to place at (49,13) facing SOUTHWEST, ti=21 cost=40
[RUSH] gunner: cannot afford (need 40, have 21)
[RUSH] step1: can't afford gunner, holding turn
  task=RUSH 0us OK -> (<Direction.CENTRE: 'centre'>, None)
  task=HEAL_CORE FAIL
[RUSH] --- rush eval at (44,8) en_core=(46,16) ---
[RUSH] step1: no flow tile in gunner range of core
[RUSH] step2: flow near core at (44,9) d²=53, extending to siege (44,13)
[RUSH] extend: from (44,9) toward core (46,16)
[RUSH] extend: siege target (44,13)
[RUSH] extend: path=[(44, 9), (43, 9), (43, 10), (42, 10), (42, 11), (41, 11), (41, 12), (41, 13), (42, 13), (43, 13), (44, 13)]
[RUSH] extend: path len=11, builder at (44,8)
[RUSH] extend[0]: (44,9)->(43,9) bld=BuildingMarker team=Team.A connected=False
[RUSH] extend[0]: destroying allied BuildingMarker at (44,9) to rebuild
[RUSH] extend[0]: building (44,9)->(43,9) action=PlaceConveyor(pos=Position(x=44, y=9), direction=<Direction.WEST: 'west'>) d²=1
  task=RUSH 0us OK -> (<Direction.CENTRE: 'centre'>, PlaceConveyor(pos=Position(x=44, y=9), direction=<Direction.WEST: 'west'>))
  task=HEAL_CORE FAIL
[RUSH] --- rush eval at (48,12) en_core=(46,16) ---
[RUSH] step1: flow in range at (49,13) facing SOUTHWEST
[RUSH] gunner: want to place at (49,13) facing SOUTHWEST, ti=9 cost=40
[RUSH] gunner: cannot afford (need 40, have 9)
[RUSH] step1: can't afford gunner, holding turn
  task=RUSH 0us OK -> (<Direction.CENTRE: 'centre'>, None)
  task=HEAL_CORE FAIL
[RUSH] --- rush eval at (44,7) en_core=(46,16) ---
[RUSH] step1: no flow tile in gunner range of core
[RUSH] step2: flow near core at (44,9) d²=53, extending to siege (44,13)
[RUSH] extend: from (44,9) toward core (46,16)
[RUSH] extend: siege target (44,13)
[RUSH] extend: path=[(44, 9), (43, 9), (43, 10), (42, 10), (42, 11), (44, 13)]
[RUSH] extend: path len=6, builder at (44,7)
[RUSH] extend[0]: (44,9)->(43,9) bld=BuildingConveyor team=Team.A connected=True
[RUSH] extend[0]: already connected, skip
[RUSH] extend[1]: (43,9)->(43,10) bld=None team=None connected=False
[RUSH] extend[1]: need to walk to (43,9) d²=5
  task=RUSH 0us OK -> (<Direction.SOUTHWEST: 'southwest'>, PlaceRoad(pos=Position(x=43, y=8)))
  task=HEAL_CORE FAIL
[RUSH] --- rush eval at (49,11) en_core=(46,16) ---
[RUSH] step1: flow in range at (49,13) facing SOUTHWEST
[RUSH] gunner: want to place at (49,13) facing SOUTHWEST, ti=5 cost=40
[RUSH] gunner: cannot afford (need 40, have 5)
[RUSH] step1: can't afford gunner, holding turn
  task=RUSH 0us OK -> (<Direction.CENTRE: 'centre'>, None)
  task=HEAL_CORE FAIL
[RUSH] --- rush eval at (45,8) en_core=(46,16) ---
[RUSH] step1: flow in range at (46,13) facing SOUTH
[RUSH] gunner: want to place at (46,13) facing SOUTH, ti=5 cost=40
[RUSH] gunner: cannot afford (need 40, have 5)
[RUSH] step1: can't afford gunner, holding turn
  task=RUSH 0us OK -> (<Direction.CENTRE: 'centre'>, None)
[GUN] (45,9) facing=SOUTHWEST
[GUN] ray: target=None pri=0
[GUN] ammo=True
[GUN] feed_dir=NORTH
[GUN] no target, has ammo, best_rot=SOUTHWEST rot_pri=0
[GUN] (46,9) facing=SOUTH
[GUN] ray: target=None pri=0
[GUN] ammo=True
[GUN] feed_dir=NORTH
[GUN] no target, has ammo, best_rot=SOUTH rot_pri=0
[GUN] (47,12) facing=SOUTH
[GUN] ray: target=None pri=0
[GUN] ammo=False
[GUN] no target, no ammo
[GUN] (46,13) facing=SOUTH
[GUN] ray: target=None pri=0
[GUN] ammo=False
[GUN] no target, no ammo
[GUN] (48,13) facing=SOUTHWEST
[GUN] ray: target=None pri=0
[GUN] ammo=False
[GUN] no target, no ammo
[GUN] (45,12) facing=SOUTH
[GUN] ray: target=Position(x=45, y=15) pri=4
[GUN] ammo=True
[GUN] feed_dir=NORTHEAST
[GUN] scan SOUTHWEST: pri=1
[GUN] scan WEST: pri=3
[GUN] cur_pri=4 best_rot=WEST rot_pri=3
[GUN] FIRE at (45,15) pri=4
  task=HEAL_CORE FAIL
[RUSH] --- rush eval at (48,11) en_core=(46,16) ---
[RUSH] step1: flow in range at (49,13) facing SOUTHWEST
[RUSH] gunner: want to place at (49,13) facing SOUTHWEST, ti=5 cost=40
[RUSH] gunner: cannot afford (need 40, have 5)
[RUSH] step1: can't afford gunner, holding turn
  task=RUSH 0us OK -> (<Direction.CENTRE: 'centre'>, None)
  task=HEAL_CORE FAIL
[RUSH] --- rush eval at (44,8) en_core=(46,16) ---
[RUSH] step1: no flow tile in gunner range of core
[RUSH] step2: flow near core at (44,9) d²=53, extending to siege (44,13)
[RUSH] extend: from (44,9) toward core (46,16)
[RUSH] extend: siege target (44,13)
[RUSH] extend: path=[(44, 9), (43, 9), (43, 10), (42, 10), (42, 11), (41, 11), (41, 12), (41, 13), (42, 13), (43, 13), (44, 13)]
[RUSH] extend: path len=11, builder at (44,8)
[RUSH] extend[0]: (44,9)->(43,9) bld=BuildingConveyor team=Team.A connected=True
[RUSH] extend[0]: already connected, skip
[RUSH] extend[1]: (43,9)->(43,10) bld=None team=None connected=False
[RUSH] extend[1]: building (43,9)->(43,10) action=PlaceConveyor(pos=Position(x=43, y=9), direction=<Direction.SOUTH: 'south'>) d²=2
  task=RUSH 0us OK -> (<Direction.CENTRE: 'centre'>, PlaceConveyor(pos=Position(x=43, y=9), direction=<Direction.SOUTH: 'south'>))
  task=HEAL_CORE FAIL
[RUSH] --- rush eval at (48,12) en_core=(46,16) ---
[RUSH] step1: flow in range at (49,13) facing SOUTHWEST
[RUSH] gunner: want to place at (49,13) facing SOUTHWEST, ti=5 cost=40
[RUSH] gunner: cannot afford (need 40, have 5)
[RUSH] step1: can't afford gunner, holding turn
  task=RUSH 0us OK -> (<Direction.CENTRE: 'centre'>, None)
  task=HEAL_CORE FAIL
[RUSH] --- rush eval at (43,8) en_core=(46,16) ---
[RUSH] step1: no flow tile in gunner range of core
[RUSH] step2: flow near core at (44,9) d²=53, extending to siege (44,13)
[RUSH] extend: from (44,9) toward core (46,16)
[RUSH] extend: siege target (44,13)
[RUSH] extend: path=[(44, 9), (43, 9), (43, 10), (42, 10), (42, 11), (44, 13)]
[RUSH] extend: path len=6, builder at (43,8)
[RUSH] extend[0]: (44,9)->(43,9) bld=BuildingConveyor team=Team.A connected=True
[RUSH] extend[0]: already connected, skip
[RUSH] extend[1]: (43,9)->(43,10) bld=None team=None connected=False
[RUSH] extend[1]: building (43,9)->(43,10) action=PlaceConveyor(pos=Position(x=43, y=9), direction=<Direction.SOUTH: 'south'>) d²=1
  task=RUSH 0us OK -> (<Direction.CENTRE: 'centre'>, PlaceConveyor(pos=Position(x=43, y=9), direction=<Direction.SOUTH: 'south'>))
  task=HEAL_CORE FAIL
[RUSH] --- rush eval at (49,11) en_core=(46,16) ---
[RUSH] step1: flow in range at (49,13) facing SOUTHWEST
[RUSH] gunner: want to place at (49,13) facing SOUTHWEST, ti=5 cost=40
[RUSH] gunner: cannot afford (need 40, have 5)
[RUSH] step1: can't afford gunner, holding turn
  task=RUSH 0us OK -> (<Direction.CENTRE: 'centre'>, None)
  task=HEAL_CORE FAIL
[RUSH] --- rush eval at (45,8) en_core=(46,16) ---
[RUSH] step1: flow in range at (46,13) facing SOUTH
[RUSH] gunner: want to place at (46,13) facing SOUTH, ti=5 cost=40
[RUSH] gunner: cannot afford (need 40, have 5)
[RUSH] step1: can't afford gunner, holding turn
  task=RUSH 0us OK -> (<Direction.CENTRE: 'centre'>, None)
[GUN] (45,9) facing=SOUTHWEST
[GUN] ray: target=None pri=0
[GUN] ammo=True
[GUN] feed_dir=NORTH
[GUN] no target, has ammo, best_rot=SOUTHWEST rot_pri=0
[GUN] (46,9) facing=SOUTH
[GUN] ray: target=None pri=0
[GUN] ammo=True
[GUN] feed_dir=NORTH
[GUN] no target, has ammo, best_rot=SOUTH rot_pri=0
[GUN] (47,12) facing=SOUTH
[GUN] ray: target=None pri=0
[GUN] ammo=False
[GUN] no target, no ammo
[GUN] (46,13) facing=SOUTH
[GUN] ray: target=None pri=0
[GUN] ammo=False
[GUN] no target, no ammo
[GUN] (48,13) facing=SOUTHWEST
[GUN] ray: target=None pri=0
[GUN] ammo=False
[GUN] no target, no ammo
[GUN] (45,12) facing=SOUTH
[GUN] ray: target=Position(x=45, y=15) pri=4
[GUN] ammo=True
[GUN] feed_dir=NORTHEAST
[GUN] scan SOUTHWEST: pri=1
[GUN] scan WEST: pri=3
[GUN] cur_pri=4 best_rot=WEST rot_pri=3
[GUN] FIRE at (45,15) pri=4
  task=HEAL_CORE FAIL
[RUSH] --- rush eval at (48,11) en_core=(46,16) ---
[RUSH] step1: flow in range at (49,13) facing SOUTHWEST
[RUSH] gunner: want to place at (49,13) facing SOUTHWEST, ti=15 cost=40
[RUSH] gunner: cannot afford (need 40, have 15)
[RUSH] step1: can't afford gunner, holding turn
  task=RUSH 0us OK -> (<Direction.CENTRE: 'centre'>, None)
  task=HEAL_CORE FAIL
[RUSH] --- rush eval at (44,8) en_core=(46,16) ---
[RUSH] step1: no flow tile in gunner range of core
[RUSH] step2: flow near core at (44,9) d²=53, extending to siege (44,13)
[RUSH] extend: from (44,9) toward core (46,16)
[RUSH] extend: siege target (44,13)
[RUSH] extend: path=[(44, 9), (43, 9), (43, 10), (42, 10), (42, 11), (41, 11), (41, 12), (41, 13), (42, 13), (43, 13), (44, 13)]
[RUSH] extend: path len=11, builder at (44,8)
[RUSH] extend[0]: (44,9)->(43,9) bld=BuildingConveyor team=Team.A connected=True
[RUSH] extend[0]: already connected, skip
[RUSH] extend[1]: (43,9)->(43,10) bld=None team=None connected=False
[RUSH] extend[1]: building (43,9)->(43,10) action=PlaceConveyor(pos=Position(x=43, y=9), direction=<Direction.SOUTH: 'south'>) d²=2
  task=RUSH 0us OK -> (<Direction.CENTRE: 'centre'>, PlaceConveyor(pos=Position(x=43, y=9), direction=<Direction.SOUTH: 'south'>))
  task=HEAL_CORE FAIL
[RUSH] --- rush eval at (48,12) en_core=(46,16) ---
[RUSH] step1: flow in range at (49,13) facing SOUTHWEST
[RUSH] gunner: want to place at (49,13) facing SOUTHWEST, ti=3 cost=40
[RUSH] gunner: cannot afford (need 40, have 3)
[RUSH] step1: can't afford gunner, holding turn
  task=RUSH 0us OK -> (<Direction.CENTRE: 'centre'>, None)
  task=HEAL_CORE FAIL
[RUSH] --- rush eval at (43,8) en_core=(46,16) ---
[RUSH] step1: no flow tile in gunner range of core
[RUSH] step2: flow near core at (43,10) d²=45, extending to siege (44,13)
[RUSH] extend: from (43,10) toward core (46,16)
[RUSH] extend: siege target (44,13)
[RUSH] extend: path=[(43, 10), (42, 10), (42, 11), (44, 13)]
[RUSH] extend: path len=4, builder at (43,8)
[RUSH] extend[0]: (43,10)->(42,10) bld=None team=None connected=False
[RUSH] extend[0]: need to walk to (43,10) d²=4
  task=RUSH 0us OK -> (<Direction.SOUTHEAST: 'southeast'>, None)
  task=HEAL_CORE FAIL
[RUSH] --- rush eval at (49,11) en_core=(46,16) ---
[RUSH] step1: flow in range at (49,13) facing SOUTHWEST
[RUSH] gunner: want to place at (49,13) facing SOUTHWEST, ti=3 cost=40
[RUSH] gunner: cannot afford (need 40, have 3)
[RUSH] step1: can't afford gunner, holding turn
  task=RUSH 0us OK -> (<Direction.CENTRE: 'centre'>, None)
  task=HEAL_CORE FAIL
[RUSH] --- rush eval at (45,8) en_core=(46,16) ---
[RUSH] step1: flow in range at (46,13) facing SOUTH
[RUSH] gunner: want to place at (46,13) facing SOUTH, ti=3 cost=40
[RUSH] gunner: cannot afford (need 40, have 3)
[RUSH] step1: can't afford gunner, holding turn
  task=RUSH 0us OK -> (<Direction.CENTRE: 'centre'>, None)
[GUN] (45,9) facing=SOUTHWEST
[GUN] ray: target=None pri=0
[GUN] ammo=True
[GUN] feed_dir=NORTH
[GUN] no target, has ammo, best_rot=SOUTHWEST rot_pri=0
[GUN] (46,9) facing=SOUTH
[GUN] ray: target=None pri=0
[GUN] ammo=True
[GUN] feed_dir=NORTH
[GUN] no target, has ammo, best_rot=SOUTH rot_pri=0
[GUN] (47,12) facing=SOUTH
[GUN] ray: target=None pri=0
[GUN] ammo=False
[GUN] no target, no ammo
[GUN] (46,13) facing=SOUTH
[GUN] ray: target=None pri=0
[GUN] ammo=False
[GUN] no target, no ammo
[GUN] (48,13) facing=SOUTHWEST
[GUN] ray: target=None pri=0
[GUN] ammo=False
[GUN] no target, no ammo
[GUN] (45,12) facing=SOUTH
[GUN] ray: target=None pri=0
[GUN] ammo=False
[GUN] no target, no ammo
  task=HEAL_CORE FAIL
[RUSH] --- rush eval at (48,11) en_core=(46,16) ---
[RUSH] step1: flow in range at (49,13) facing SOUTHWEST
[RUSH] gunner: want to place at (49,13) facing SOUTHWEST, ti=13 cost=40
[RUSH] gunner: cannot afford (need 40, have 13)
[RUSH] step1: can't afford gunner, holding turn
  task=RUSH 0us OK -> (<Direction.CENTRE: 'centre'>, None)
  task=HEAL_CORE FAIL
[RUSH] --- rush eval at (44,8) en_core=(46,16) ---
[RUSH] step1: no flow tile in gunner range of core
[RUSH] step2: flow near core at (43,10) d²=45, extending to siege (44,13)
[RUSH] extend: from (43,10) toward core (46,16)
[RUSH] extend: siege target (44,13)
[RUSH] extend: path=[(43, 10), (42, 10), (42, 11), (41, 11), (41, 12), (41, 13), (42, 13), (43, 13), (44, 13)]
[RUSH] extend: path len=9, builder at (44,8)
[RUSH] extend[0]: (43,10)->(42,10) bld=BuildingMarker team=Team.A connected=False
[RUSH] extend[0]: need to walk to (43,10) d²=5
  task=RUSH 0us OK -> (<Direction.SOUTHWEST: 'southwest'>, None)
  task=HEAL_CORE FAIL
[RUSH] --- rush eval at (48,12) en_core=(46,16) ---
[RUSH] step1: flow in range at (49,13) facing SOUTHWEST
[RUSH] gunner: want to place at (49,13) facing SOUTHWEST, ti=13 cost=40
[RUSH] gunner: cannot afford (need 40, have 13)
[RUSH] step1: can't afford gunner, holding turn
  task=RUSH 0us OK -> (<Direction.CENTRE: 'centre'>, None)
  task=HEAL_CORE FAIL
[RUSH] --- rush eval at (44,9) en_core=(46,16) ---
[RUSH] step1: no flow tile in gunner range of core
[RUSH] step2: flow near core at (43,10) d²=45, extending to siege (44,13)
[RUSH] extend: from (43,10) toward core (46,16)
[RUSH] extend: siege target (44,13)
[RUSH] extend: path=[(43, 10), (42, 10), (42, 11), (41, 11), (41, 12), (41, 13), (42, 13), (43, 13), (44, 13)]
[RUSH] extend: path len=9, builder at (44,9)
[RUSH] extend[0]: (43,10)->(42,10) bld=BuildingMarker team=Team.A connected=False
[RUSH] extend[0]: destroying allied BuildingMarker at (43,10) to rebuild
[RUSH] extend[0]: building (43,10)->(42,10) action=PlaceConveyor(pos=Position(x=43, y=10), direction=<Direction.WEST: 'west'>) d²=2
  task=RUSH 0us OK -> (<Direction.CENTRE: 'centre'>, PlaceConveyor(pos=Position(x=43, y=10), direction=<Direction.WEST: 'west'>))
  task=HEAL_CORE FAIL
[RUSH] --- rush eval at (49,11) en_core=(46,16) ---
[RUSH] step1: flow in range at (49,13) facing SOUTHWEST
[RUSH] gunner: want to place at (49,13) facing SOUTHWEST, ti=1 cost=40
[RUSH] gunner: cannot afford (need 40, have 1)
[RUSH] step1: can't afford gunner, holding turn
  task=RUSH 0us OK -> (<Direction.CENTRE: 'centre'>, None)
  task=HEAL_CORE FAIL
[RUSH] --- rush eval at (45,8) en_core=(46,16) ---
[RUSH] step1: flow in range at (46,13) facing SOUTH
[RUSH] gunner: want to place at (46,13) facing SOUTH, ti=1 cost=40
[RUSH] gunner: cannot afford (need 40, have 1)
[RUSH] step1: can't afford gunner, holding turn
  task=RUSH 0us OK -> (<Direction.CENTRE: 'centre'>, None)
[GUN] (45,9) facing=SOUTHWEST
[GUN] ray: target=None pri=0
[GUN] ammo=True
[GUN] feed_dir=NORTH
[GUN] no target, has ammo, best_rot=SOUTHWEST rot_pri=0
[GUN] (46,9) facing=SOUTH
[GUN] ray: target=None pri=0
[GUN] ammo=True
[GUN] feed_dir=NORTH
[GUN] no target, has ammo, best_rot=SOUTH rot_pri=0
[GUN] (47,12) facing=SOUTH
[GUN] ray: target=None pri=0
[GUN] ammo=False
[GUN] no target, no ammo
[GUN] (46,13) facing=SOUTH
[GUN] ray: target=None pri=0
[GUN] ammo=False
[GUN] no target, no ammo
[GUN] (48,13) facing=SOUTHWEST
[GUN] ray: target=None pri=0
[GUN] ammo=False
[GUN] no target, no ammo
[GUN] (45,12) facing=SOUTH
[GUN] ray: target=None pri=0
[GUN] ammo=False
[GUN] no target, no ammo
  task=HEAL_CORE FAIL
[RUSH] --- rush eval at (48,11) en_core=(46,16) ---
[RUSH] step1: flow in range at (49,13) facing SOUTHWEST
[RUSH] gunner: want to place at (49,13) facing SOUTHWEST, ti=11 cost=40
[RUSH] gunner: cannot afford (need 40, have 11)
[RUSH] step1: can't afford gunner, holding turn
  task=RUSH 0us OK -> (<Direction.CENTRE: 'centre'>, None)
  task=HEAL_CORE FAIL
[RUSH] --- rush eval at (43,9) en_core=(46,16) ---
[RUSH] step1: no flow tile in gunner range of core
[RUSH] step2: flow near core at (43,10) d²=45, extending to siege (44,13)
[RUSH] extend: from (43,10) toward core (46,16)
[RUSH] extend: siege target (44,13)
[RUSH] extend: path=[(43, 10), (42, 10), (42, 11), (41, 11), (41, 12), (41, 13), (42, 13), (43, 13), (44, 13)]
[RUSH] extend: path len=9, builder at (43,9)
[RUSH] extend[0]: (43,10)->(42,10) bld=BuildingConveyor team=Team.A connected=True
[RUSH] extend[0]: already connected, skip
[RUSH] extend[1]: (42,10)->(42,11) bld=None team=None connected=False
[RUSH] extend[1]: building (42,10)->(42,11) action=PlaceConveyor(pos=Position(x=42, y=10), direction=<Direction.SOUTH: 'south'>) d²=2
  task=RUSH 0us OK -> (<Direction.CENTRE: 'centre'>, PlaceConveyor(pos=Position(x=42, y=10), direction=<Direction.SOUTH: 'south'>))
  task=HEAL_CORE FAIL
[RUSH] --- rush eval at (48,12) en_core=(46,16) ---
[RUSH] step1: flow in range at (49,13) facing SOUTHWEST
[RUSH] gunner: want to place at (49,13) facing SOUTHWEST, ti=11 cost=40
[RUSH] gunner: cannot afford (need 40, have 11)
[RUSH] step1: can't afford gunner, holding turn
  task=RUSH 0us OK -> (<Direction.CENTRE: 'centre'>, None)
  task=HEAL_CORE FAIL
[RUSH] --- rush eval at (44,9) en_core=(46,16) ---
[RUSH] step1: no flow tile in gunner range of core
[RUSH] step2: flow near core at (43,10) d²=45, extending to siege (44,13)
[RUSH] extend: from (43,10) toward core (46,16)
[RUSH] extend: siege target (44,13)
[RUSH] extend: path=[(43, 10), (42, 10), (42, 11), (41, 11), (41, 12), (41, 13), (42, 13), (43, 13), (44, 13)]
[RUSH] extend: path len=9, builder at (44,9)
[RUSH] extend[0]: (43,10)->(42,10) bld=BuildingConveyor team=Team.A connected=True
[RUSH] extend[0]: already connected, skip
[RUSH] extend[1]: (42,10)->(42,11) bld=None team=None connected=False
[RUSH] extend[1]: need to walk to (42,10) d²=5
  task=RUSH 0us OK -> (<Direction.SOUTHWEST: 'southwest'>, None)
  task=HEAL_CORE FAIL
[RUSH] --- rush eval at (49,11) en_core=(46,16) ---
[RUSH] step1: flow in range at (49,13) facing SOUTHWEST
[RUSH] gunner: want to place at (49,13) facing SOUTHWEST, ti=11 cost=40
[RUSH] gunner: cannot afford (need 40, have 11)
[RUSH] step1: can't afford gunner, holding turn
  task=RUSH 0us OK -> (<Direction.CENTRE: 'centre'>, None)
  task=HEAL_CORE FAIL
[RUSH] --- rush eval at (45,8) en_core=(46,16) ---
[RUSH] step1: flow in range at (46,13) facing SOUTH
[RUSH] gunner: want to place at (46,13) facing SOUTH, ti=11 cost=40
[RUSH] gunner: cannot afford (need 40, have 11)
[RUSH] step1: can't afford gunner, holding turn
  task=RUSH 0us OK -> (<Direction.CENTRE: 'centre'>, None)
[GUN] (45,9) facing=SOUTHWEST
[GUN] ray: target=None pri=0
[GUN] ammo=True
[GUN] feed_dir=NORTH
[GUN] no target, has ammo, best_rot=SOUTHWEST rot_pri=0
[GUN] (46,9) facing=SOUTH
[GUN] ray: target=None pri=0
[GUN] ammo=True
[GUN] feed_dir=NORTH
[GUN] no target, has ammo, best_rot=SOUTH rot_pri=0
[GUN] (47,12) facing=SOUTH
[GUN] ray: target=None pri=0
[GUN] ammo=False
[GUN] no target, no ammo
[GUN] (46,13) facing=SOUTH
[GUN] ray: target=None pri=0
[GUN] ammo=False
[GUN] no target, no ammo
[GUN] (48,13) facing=SOUTHWEST
[GUN] ray: target=None pri=0
[GUN] ammo=False
[GUN] no target, no ammo
[GUN] (45,12) facing=SOUTH
[GUN] ray: target=None pri=0
[GUN] ammo=False
[GUN] no target, no ammo
  task=HEAL_CORE FAIL
[RUSH] --- rush eval at (48,11) en_core=(46,16) ---
[RUSH] step1: flow in range at (49,13) facing SOUTHWEST
[RUSH] gunner: want to place at (49,13) facing SOUTHWEST, ti=11 cost=40
[RUSH] gunner: cannot afford (need 40, have 11)
[RUSH] step1: can't afford gunner, holding turn
  task=RUSH 0us OK -> (<Direction.CENTRE: 'centre'>, None)
  task=HEAL_CORE FAIL
[RUSH] --- rush eval at (43,9) en_core=(46,16) ---
[RUSH] step1: no flow tile in gunner range of core
[RUSH] step2: flow near core at (43,10) d²=45, extending to siege (44,13)
[RUSH] extend: from (43,10) toward core (46,16)
[RUSH] extend: siege target (44,13)
[RUSH] extend: path=[(43, 10), (42, 10), (42, 11), (41, 11), (41, 12), (41, 13), (42, 13), (43, 13), (44, 13)]
[RUSH] extend: path len=9, builder at (43,9)
[RUSH] extend[0]: (43,10)->(42,10) bld=BuildingConveyor team=Team.A connected=True
[RUSH] extend[0]: already connected, skip
[RUSH] extend[1]: (42,10)->(42,11) bld=None team=None connected=False
[RUSH] extend[1]: building (42,10)->(42,11) action=PlaceConveyor(pos=Position(x=42, y=10), direction=<Direction.SOUTH: 'south'>) d²=2
  task=RUSH 0us OK -> (<Direction.CENTRE: 'centre'>, PlaceConveyor(pos=Position(x=42, y=10), direction=<Direction.SOUTH: 'south'>))
  task=HEAL_CORE FAIL
[RUSH] --- rush eval at (48,12) en_core=(46,16) ---
[RUSH] step1: flow in range at (49,13) facing SOUTHWEST
[RUSH] gunner: want to place at (49,13) facing SOUTHWEST, ti=11 cost=40
[RUSH] gunner: cannot afford (need 40, have 11)
[RUSH] step1: can't afford gunner, holding turn
  task=RUSH 0us OK -> (<Direction.CENTRE: 'centre'>, None)
  task=HEAL_CORE FAIL
[RUSH] --- rush eval at (43,10) en_core=(46,16) ---
[RUSH] step1: no flow tile in gunner range of core
[RUSH] step2: flow near core at (43,10) d²=45, extending to siege (44,13)
[RUSH] extend: from (43,10) toward core (46,16)
[RUSH] extend: siege target (44,13)
[RUSH] extend: path=[(43, 10), (42, 10), (42, 11), (41, 11), (41, 12), (41, 13), (42, 13), (43, 13), (44, 13)]
[RUSH] extend: path len=9, builder at (43,10)
[RUSH] extend[0]: (43,10)->(42,10) bld=BuildingConveyor team=Team.A connected=True
[RUSH] extend[0]: already connected, skip
[RUSH] extend[1]: (42,10)->(42,11) bld=None team=None connected=False
[RUSH] extend[1]: building (42,10)->(42,11) action=PlaceConveyor(pos=Position(x=42, y=10), direction=<Direction.SOUTH: 'south'>) d²=1
  task=RUSH 0us OK -> (<Direction.CENTRE: 'centre'>, PlaceConveyor(pos=Position(x=42, y=10), direction=<Direction.SOUTH: 'south'>))
  task=HEAL_CORE FAIL
[RUSH] --- rush eval at (49,11) en_core=(46,16) ---
[RUSH] step1: flow in range at (49,13) facing SOUTHWEST
[RUSH] gunner: want to place at (49,13) facing SOUTHWEST, ti=11 cost=40
[RUSH] gunner: cannot afford (need 40, have 11)
[RUSH] step1: can't afford gunner, holding turn
  task=RUSH 0us OK -> (<Direction.CENTRE: 'centre'>, None)
  task=HEAL_CORE FAIL
[RUSH] --- rush eval at (45,8) en_core=(46,16) ---
[RUSH] step1: flow in range at (46,13) facing SOUTH
[RUSH] gunner: want to place at (46,13) facing SOUTH, ti=11 cost=40
[RUSH] gunner: cannot afford (need 40, have 11)
[RUSH] step1: can't afford gunner, holding turn
  task=RUSH 0us OK -> (<Direction.CENTRE: 'centre'>, None)
[GUN] (45,9) facing=SOUTHWEST
[GUN] ray: target=None pri=0
[GUN] ammo=True
[GUN] feed_dir=NORTH
[GUN] no target, has ammo, best_rot=SOUTHWEST rot_pri=0
[GUN] (46,9) facing=SOUTH
[GUN] ray: target=None pri=0
[GUN] ammo=True
[GUN] feed_dir=NORTH
[GUN] no target, has ammo, best_rot=SOUTH rot_pri=0
[GUN] (47,12) facing=SOUTH
[GUN] ray: target=None pri=0
[GUN] ammo=False
[GUN] no target, no ammo
[GUN] (46,13) facing=SOUTH
[GUN] ray: target=None pri=0
[GUN] ammo=False
[GUN] no target, no ammo
[GUN] (48,13) facing=SOUTHWEST
[GUN] ray: target=None pri=0
[GUN] ammo=False
[GUN] no target, no ammo
[GUN] (45,12) facing=SOUTH
[GUN] ray: target=None pri=0
[GUN] ammo=False
[GUN] no target, no ammo
  task=HEAL_CORE FAIL
[RUSH] --- rush eval at (48,11) en_core=(46,16) ---
[RUSH] step1: flow in range at (49,13) facing SOUTHWEST
[RUSH] gunner: want to place at (49,13) facing SOUTHWEST, ti=11 cost=40
[RUSH] gunner: cannot afford (need 40, have 11)
[RUSH] step1: can't afford gunner, holding turn
  task=RUSH 0us OK -> (<Direction.CENTRE: 'centre'>, None)
  task=HEAL_CORE FAIL
[RUSH] --- rush eval at (43,9) en_core=(46,16) ---
[RUSH] step1: no flow tile in gunner range of core
[RUSH] step2: flow near core at (43,10) d²=45, extending to siege (44,13)
[RUSH] extend: from (43,10) toward core (46,16)
[RUSH] extend: siege target (44,13)
[RUSH] extend: path=[(43, 10), (42, 10), (42, 11), (41, 11), (41, 12), (41, 13), (42, 13), (43, 13), (44, 13)]
[RUSH] extend: path len=9, builder at (43,9)
[RUSH] extend[0]: (43,10)->(42,10) bld=BuildingConveyor team=Team.A connected=True
[RUSH] extend[0]: already connected, skip
[RUSH] extend[1]: (42,10)->(42,11) bld=None team=None connected=False
[RUSH] extend[1]: building (42,10)->(42,11) action=PlaceConveyor(pos=Position(x=42, y=10), direction=<Direction.SOUTH: 'south'>) d²=2
  task=RUSH 0us OK -> (<Direction.CENTRE: 'centre'>, PlaceConveyor(pos=Position(x=42, y=10), direction=<Direction.SOUTH: 'south'>))
  task=HEAL_CORE FAIL
[RUSH] --- rush eval at (48,12) en_core=(46,16) ---
[RUSH] step1: flow in range at (49,13) facing SOUTHWEST
[RUSH] gunner: want to place at (49,13) facing SOUTHWEST, ti=11 cost=40
[RUSH] gunner: cannot afford (need 40, have 11)
[RUSH] step1: can't afford gunner, holding turn
  task=RUSH 0us OK -> (<Direction.CENTRE: 'centre'>, None)
  task=HEAL_CORE FAIL
[RUSH] --- rush eval at (43,10) en_core=(46,16) ---
[RUSH] step1: no flow tile in gunner range of core
[RUSH] step2: flow near core at (43,10) d²=45, extending to siege (44,13)
[RUSH] extend: from (43,10) toward core (46,16)
[RUSH] extend: siege target (44,13)
[RUSH] extend: path=[(43, 10), (42, 10), (42, 11), (41, 11), (41, 12), (41, 13), (42, 13), (43, 13), (44, 13)]
[RUSH] extend: path len=9, builder at (43,10)
[RUSH] extend[0]: (43,10)->(42,10) bld=BuildingConveyor team=Team.A connected=True
[RUSH] extend[0]: already connected, skip
[RUSH] extend[1]: (42,10)->(42,11) bld=None team=None connected=False
[RUSH] extend[1]: building (42,10)->(42,11) action=PlaceConveyor(pos=Position(x=42, y=10), direction=<Direction.SOUTH: 'south'>) d²=1
  task=RUSH 0us OK -> (<Direction.CENTRE: 'centre'>, PlaceConveyor(pos=Position(x=42, y=10), direction=<Direction.SOUTH: 'south'>))
  task=HEAL_CORE FAIL
[RUSH] --- rush eval at (49,11) en_core=(46,16) ---
[RUSH] step1: flow in range at (49,13) facing SOUTHWEST
[RUSH] gunner: want to place at (49,13) facing SOUTHWEST, ti=11 cost=40
[RUSH] gunner: cannot afford (need 40, have 11)
[RUSH] step1: can't afford gunner, holding turn
  task=RUSH 0us OK -> (<Direction.CENTRE: 'centre'>, None)
  task=HEAL_CORE FAIL
[RUSH] --- rush eval at (45,8) en_core=(46,16) ---
[RUSH] step1: flow in range at (46,13) facing SOUTH
[RUSH] gunner: want to place at (46,13) facing SOUTH, ti=11 cost=40
[RUSH] gunner: cannot afford (need 40, have 11)
[RUSH] step1: can't afford gunner, holding turn
  task=RUSH 0us OK -> (<Direction.CENTRE: 'centre'>, None)
[GUN] (45,9) facing=SOUTHWEST
[GUN] ray: target=None pri=0
[GUN] ammo=True
[GUN] feed_dir=NORTH
[GUN] no target, has ammo, best_rot=SOUTHWEST rot_pri=0
[GUN] (46,9) facing=SOUTH
[GUN] ray: target=None pri=0
[GUN] ammo=True
[GUN] feed_dir=NORTH
[GUN] no target, has ammo, best_rot=SOUTH rot_pri=0
[GUN] (47,12) facing=SOUTH
[GUN] ray: target=None pri=0
[GUN] ammo=False
[GUN] no target, no ammo
[GUN] (46,13) facing=SOUTH
[GUN] ray: target=None pri=0
[GUN] ammo=False
[GUN] no target, no ammo
[GUN] (48,13) facing=SOUTHWEST
[GUN] ray: target=None pri=0
[GUN] ammo=False
[GUN] no target, no ammo
[GUN] (45,12) facing=SOUTH
[GUN] ray: target=None pri=0
[GUN] ammo=False
[GUN] no target, no ammo
  task=HEAL_CORE FAIL
[RUSH] --- rush eval at (48,11) en_core=(46,16) ---
[RUSH] step1: flow in range at (49,13) facing SOUTHWEST
[RUSH] gunner: want to place at (49,13) facing SOUTHWEST, ti=21 cost=40
[RUSH] gunner: cannot afford (need 40, have 21)
[RUSH] step1: can't afford gunner, holding turn
  task=RUSH 0us OK -> (<Direction.CENTRE: 'centre'>, None)
  task=HEAL_CORE FAIL
[RUSH] --- rush eval at (43,9) en_core=(46,16) ---
[RUSH] step1: no flow tile in gunner range of core
[RUSH] step2: flow near core at (43,10) d²=45, extending to siege (44,13)
[RUSH] extend: from (43,10) toward core (46,16)
[RUSH] extend: siege target (44,13)
[RUSH] extend: path=[(43, 10), (42, 10), (42, 11), (41, 11), (41, 12), (41, 13), (42, 13), (43, 13), (44, 13)]
[RUSH] extend: path len=9, builder at (43,9)
[RUSH] extend[0]: (43,10)->(42,10) bld=BuildingConveyor team=Team.A connected=True
[RUSH] extend[0]: already connected, skip
[RUSH] extend[1]: (42,10)->(42,11) bld=None team=None connected=False
[RUSH] extend[1]: building (42,10)->(42,11) action=PlaceConveyor(pos=Position(x=42, y=10), direction=<Direction.SOUTH: 'south'>) d²=2
  task=RUSH 0us OK -> (<Direction.CENTRE: 'centre'>, PlaceConveyor(pos=Position(x=42, y=10), direction=<Direction.SOUTH: 'south'>))
  task=HEAL_CORE FAIL
[RUSH] --- rush eval at (48,12) en_core=(46,16) ---
[RUSH] step1: flow in range at (49,13) facing SOUTHWEST
[RUSH] gunner: want to place at (49,13) facing SOUTHWEST, ti=9 cost=40
[RUSH] gunner: cannot afford (need 40, have 9)
[RUSH] step1: can't afford gunner, holding turn
  task=RUSH 0us OK -> (<Direction.CENTRE: 'centre'>, None)
  task=HEAL_CORE FAIL
[RUSH] --- rush eval at (43,10) en_core=(46,16) ---
[RUSH] step1: no flow tile in gunner range of core
[RUSH] step2: flow near core at (42,11) d²=41, extending to siege (44,13)
[RUSH] extend: from (42,11) toward core (46,16)
[RUSH] extend: siege target (44,13)
[RUSH] extend: path=[(42, 11), (41, 11), (41, 12), (41, 13), (42, 13), (43, 13), (44, 13)]
[RUSH] extend: path len=7, builder at (43,10)
[RUSH] extend[0]: (42,11)->(41,11) bld=None team=None connected=False
[RUSH] extend[0]: building (42,11)->(41,11) action=PlaceConveyor(pos=Position(x=42, y=11), direction=<Direction.WEST: 'west'>) d²=2
  task=RUSH 0us OK -> (<Direction.CENTRE: 'centre'>, PlaceConveyor(pos=Position(x=42, y=11), direction=<Direction.WEST: 'west'>))
  task=HEAL_CORE FAIL
[RUSH] --- rush eval at (49,11) en_core=(46,16) ---
[RUSH] step1: flow in range at (49,13) facing SOUTHWEST
[RUSH] gunner: want to place at (49,13) facing SOUTHWEST, ti=9 cost=40
[RUSH] gunner: cannot afford (need 40, have 9)
[RUSH] step1: can't afford gunner, holding turn
  task=RUSH 0us OK -> (<Direction.CENTRE: 'centre'>, None)
  task=HEAL_CORE FAIL
[RUSH] --- rush eval at (45,8) en_core=(46,16) ---
[RUSH] step1: flow in range at (46,13) facing SOUTH
[RUSH] gunner: want to place at (46,13) facing SOUTH, ti=9 cost=40
[RUSH] gunner: cannot afford (need 40, have 9)
[RUSH] step1: can't afford gunner, holding turn
  task=RUSH 0us OK -> (<Direction.CENTRE: 'centre'>, None)
[GUN] (45,9) facing=SOUTHWEST
[GUN] ray: target=None pri=0
[GUN] ammo=True
[GUN] feed_dir=NORTH
[GUN] no target, has ammo, best_rot=SOUTHWEST rot_pri=0
[GUN] (46,9) facing=SOUTH
[GUN] ray: target=None pri=0
[GUN] ammo=True
[GUN] feed_dir=NORTH
[GUN] no target, has ammo, best_rot=SOUTH rot_pri=0
[GUN] (47,12) facing=SOUTH
[GUN] ray: target=Position(x=47, y=15) pri=4
[GUN] ammo=True
[GUN] feed_dir=NORTH
[GUN] cur_pri=4 best_rot=SOUTH rot_pri=0
[GUN] FIRE at (47,15) pri=4
[GUN] (46,13) facing=SOUTH
[GUN] ray: target=None pri=0
[GUN] ammo=False
[GUN] no target, no ammo
[GUN] (48,13) facing=SOUTHWEST
[GUN] ray: target=None pri=0
[GUN] ammo=False
[GUN] no target, no ammo
[GUN] (45,12) facing=SOUTH
[GUN] ray: target=None pri=0
[GUN] ammo=False
[GUN] no target, no ammo
  task=HEAL_CORE FAIL
[RUSH] --- rush eval at (48,11) en_core=(46,16) ---
[RUSH] step1: flow in range at (49,13) facing SOUTHWEST
[RUSH] gunner: want to place at (49,13) facing SOUTHWEST, ti=29 cost=40
[RUSH] gunner: cannot afford (need 40, have 29)
[RUSH] step1: can't afford gunner, holding turn
  task=RUSH 0us OK -> (<Direction.CENTRE: 'centre'>, None)
  task=HEAL_CORE FAIL
[RUSH] --- rush eval at (43,9) en_core=(46,16) ---
[RUSH] step1: no flow tile in gunner range of core
  task=RUSH 0us OK -> (<Direction.NORTHEAST: 'northeast'>, None)
  task=HEAL_CORE FAIL
[RUSH] --- rush eval at (48,12) en_core=(46,16) ---
[RUSH] step1: flow in range at (49,13) facing SOUTHWEST
[RUSH] gunner: want to place at (49,13) facing SOUTHWEST, ti=29 cost=40
[RUSH] gunner: cannot afford (need 40, have 29)
[RUSH] step1: can't afford gunner, holding turn
  task=RUSH 0us OK -> (<Direction.CENTRE: 'centre'>, None)
  task=HEAL_CORE FAIL
[RUSH] --- rush eval at (43,10) en_core=(46,16) ---
[RUSH] step1: no flow tile in gunner range of core
  task=RUSH 0us OK -> (<Direction.NORTHEAST: 'northeast'>, None)
  task=HEAL_CORE FAIL
[RUSH] --- rush eval at (49,11) en_core=(46,16) ---
[RUSH] step1: flow in range at (49,13) facing SOUTHWEST
[RUSH] gunner: want to place at (49,13) facing SOUTHWEST, ti=29 cost=40
[RUSH] gunner: cannot afford (need 40, have 29)
[RUSH] step1: can't afford gunner, holding turn
  task=RUSH 0us OK -> (<Direction.CENTRE: 'centre'>, None)
  task=HEAL_CORE FAIL
[RUSH] --- rush eval at (45,8) en_core=(46,16) ---
[RUSH] step1: flow in range at (46,13) facing SOUTH
[RUSH] gunner: want to place at (46,13) facing SOUTH, ti=29 cost=40
[RUSH] gunner: cannot afford (need 40, have 29)
[RUSH] step1: can't afford gunner, holding turn
  task=RUSH 0us OK -> (<Direction.CENTRE: 'centre'>, None)
[GUN] (45,9) facing=SOUTHWEST
[GUN] ray: target=None pri=0
[GUN] ammo=True
[GUN] feed_dir=NORTH
[GUN] no target, has ammo, best_rot=SOUTHWEST rot_pri=0
[GUN] (46,9) facing=SOUTH
[GUN] ray: target=None pri=0
[GUN] ammo=True
[GUN] feed_dir=NORTH
[GUN] no target, has ammo, best_rot=SOUTH rot_pri=0
[GUN] (47,12) facing=SOUTH
[GUN] ray: target=Position(x=47, y=15) pri=4
[GUN] ammo=True
[GUN] feed_dir=NORTH
[GUN] cur_pri=4 best_rot=SOUTH rot_pri=0
[GUN] FIRE at (47,15) pri=4
[GUN] (46,13) facing=SOUTH
[GUN] ray: target=None pri=0
[GUN] ammo=False
[GUN] no target, no ammo
[GUN] (48,13) facing=SOUTHWEST
[GUN] ray: target=None pri=0
[GUN] ammo=False
[GUN] no target, no ammo
[GUN] (45,12) facing=SOUTH
[GUN] ray: target=None pri=0
[GUN] ammo=False
[GUN] no target, no ammo
  task=HEAL_CORE FAIL
[RUSH] --- rush eval at (48,11) en_core=(46,16) ---
[RUSH] step1: flow in range at (49,13) facing SOUTHWEST
[RUSH] gunner: want to place at (49,13) facing SOUTHWEST, ti=29 cost=40
[RUSH] gunner: cannot afford (need 40, have 29)
[RUSH] step1: can't afford gunner, holding turn
  task=RUSH 0us OK -> (<Direction.CENTRE: 'centre'>, None)
  task=HEAL_CORE FAIL
[RUSH] --- rush eval at (44,8) en_core=(46,16) ---
[RUSH] step1: no flow tile in gunner range of core
  task=RUSH 0us OK -> (<Direction.NORTHEAST: 'northeast'>, None)
  task=HEAL_CORE FAIL
[RUSH] --- rush eval at (48,12) en_core=(46,16) ---
[RUSH] step1: flow in range at (49,13) facing SOUTHWEST
[RUSH] gunner: want to place at (49,13) facing SOUTHWEST, ti=29 cost=40
[RUSH] gunner: cannot afford (need 40, have 29)
[RUSH] step1: can't afford gunner, holding turn
  task=RUSH 0us OK -> (<Direction.CENTRE: 'centre'>, None)
  task=HEAL_CORE FAIL
[RUSH] --- rush eval at (44,9) en_core=(46,16) ---
[RUSH] step1: no flow tile in gunner range of core
  task=RUSH 0us OK -> (<Direction.SOUTHEAST: 'southeast'>, None)
  task=HEAL_CORE FAIL
[RUSH] --- rush eval at (49,11) en_core=(46,16) ---
[RUSH] step1: flow in range at (49,13) facing SOUTHWEST
[RUSH] gunner: want to place at (49,13) facing SOUTHWEST, ti=29 cost=40
[RUSH] gunner: cannot afford (need 40, have 29)
[RUSH] step1: can't afford gunner, holding turn
  task=RUSH 0us OK -> (<Direction.CENTRE: 'centre'>, None)
  task=HEAL_CORE FAIL
[RUSH] --- rush eval at (45,8) en_core=(46,16) ---
[RUSH] step1: flow in range at (46,13) facing SOUTH
[RUSH] gunner: want to place at (46,13) facing SOUTH, ti=29 cost=40
[RUSH] gunner: cannot afford (need 40, have 29)
[RUSH] step1: can't afford gunner, holding turn
  task=RUSH 0us OK -> (<Direction.CENTRE: 'centre'>, None)
[GUN] (45,9) facing=SOUTHWEST
[GUN] ray: target=None pri=0
[GUN] ammo=True
[GUN] feed_dir=NORTH
[GUN] no target, has ammo, best_rot=SOUTHWEST rot_pri=0
[GUN] (46,9) facing=SOUTH
[GUN] ray: target=None pri=0
[GUN] ammo=True
[GUN] feed_dir=NORTH
[GUN] no target, has ammo, best_rot=SOUTH rot_pri=0
[GUN] (47,12) facing=SOUTH
[GUN] ray: target=Position(x=47, y=15) pri=4
[GUN] ammo=True
[GUN] feed_dir=NORTH
[GUN] cur_pri=4 best_rot=SOUTH rot_pri=0
[GUN] FIRE at (47,15) pri=4
[GUN] (46,13) facing=SOUTH
[GUN] ray: target=None pri=0
[GUN] ammo=False
[GUN] no target, no ammo
[GUN] (48,13) facing=SOUTHWEST
[GUN] ray: target=None pri=0
[GUN] ammo=False
[GUN] no target, no ammo
[GUN] (45,12) facing=SOUTH
[GUN] ray: target=None pri=0
[GUN] ammo=False
[GUN] no target, no ammo
  task=HEAL_CORE FAIL
[RUSH] --- rush eval at (48,11) en_core=(46,16) ---
[RUSH] step1: flow in range at (49,13) facing SOUTHWEST
[RUSH] gunner: want to place at (49,13) facing SOUTHWEST, ti=39 cost=40
[RUSH] gunner: cannot afford (need 40, have 39)
[RUSH] step1: can't afford gunner, holding turn
  task=RUSH 0us OK -> (<Direction.CENTRE: 'centre'>, None)
[MAP] r150 seen=40% harv=3 sym=Symmetry.VER encore=Position(x=46, y=16) ore_known=9
  task=HEAL_CORE FAIL
[RUSH] --- rush eval at (45,7) en_core=(46,16) ---
[RUSH] step1: no flow tile in gunner range of core
  task=RUSH 0us OK -> (<Direction.SOUTHEAST: 'southeast'>, None)
[MAP] r150 seen=47% harv=3 sym=Symmetry.VER encore=Position(x=46, y=16) ore_known=12
  task=HEAL_CORE FAIL
[RUSH] --- rush eval at (48,12) en_core=(46,16) ---
[RUSH] step1: flow in range at (49,13) facing SOUTHWEST
[RUSH] gunner: want to place at (49,13) facing SOUTHWEST, ti=39 cost=40
[RUSH] gunner: cannot afford (need 40, have 39)
[RUSH] step1: can't afford gunner, holding turn
  task=RUSH 0us OK -> (<Direction.CENTRE: 'centre'>, None)
[MAP] r150 seen=39% harv=3 sym=Symmetry.VER encore=Position(x=46, y=16) ore_known=9
  task=HEAL_CORE FAIL
[RUSH] --- rush eval at (45,10) en_core=(46,16) ---
[RUSH] step1: flow in range at (49,13) facing SOUTHWEST
[RUSH] gunner: want to place at (49,13) facing SOUTHWEST, ti=39 cost=40
[RUSH] gunner: cannot afford (need 40, have 39)
[RUSH] step1: can't afford gunner, holding turn
  task=RUSH 0us OK -> (<Direction.CENTRE: 'centre'>, None)
[MAP] r150 seen=40% harv=3 sym=Symmetry.VER encore=Position(x=46, y=16) ore_known=10
  task=HEAL_CORE FAIL
[RUSH] --- rush eval at (49,11) en_core=(46,16) ---
[RUSH] step1: flow in range at (49,13) facing SOUTHWEST
[RUSH] gunner: want to place at (49,13) facing SOUTHWEST, ti=39 cost=40
[RUSH] gunner: cannot afford (need 40, have 39)
[RUSH] step1: can't afford gunner, holding turn
  task=RUSH 0us OK -> (<Direction.CENTRE: 'centre'>, None)
[MAP] r150 seen=45% harv=3 sym=Symmetry.VER encore=Position(x=46, y=16) ore_known=10
  task=HEAL_CORE FAIL
[RUSH] --- rush eval at (45,8) en_core=(46,16) ---
[RUSH] step1: flow in range at (46,13) facing SOUTH
[RUSH] gunner: want to place at (46,13) facing SOUTH, ti=39 cost=40
[RUSH] gunner: cannot afford (need 40, have 39)
[RUSH] step1: can't afford gunner, holding turn
  task=RUSH 0us OK -> (<Direction.CENTRE: 'centre'>, None)
[MAP] r150 seen=39% harv=3 sym=Symmetry.VER encore=Position(x=46, y=16) ore_known=10
[GUN] (45,9) facing=SOUTHWEST
[GUN] ray: target=None pri=0
[GUN] ammo=True
[GUN] feed_dir=NORTH
[GUN] no target, has ammo, best_rot=SOUTHWEST rot_pri=0
[GUN] (46,9) facing=SOUTH
[GUN] ray: target=None pri=0
[GUN] ammo=True
[GUN] feed_dir=NORTH
[GUN] no target, has ammo, best_rot=SOUTH rot_pri=0
[GUN] (47,12) facing=SOUTH
[GUN] ray: target=Position(x=47, y=15) pri=4
[GUN] ammo=True
[GUN] feed_dir=NORTH
[GUN] cur_pri=4 best_rot=SOUTH rot_pri=0
[GUN] FIRE at (47,15) pri=4
[GUN] (46,13) facing=SOUTH
[GUN] ray: target=None pri=0
[GUN] ammo=False
[GUN] no target, no ammo
[GUN] (48,13) facing=SOUTHWEST
[GUN] ray: target=None pri=0
[GUN] ammo=False
[GUN] no target, no ammo
[GUN] (45,12) facing=SOUTH
[GUN] ray: target=None pri=0
[GUN] ammo=False
[GUN] no target, no ammo
  task=HEAL_CORE FAIL
[RUSH] --- rush eval at (48,11) en_core=(46,16) ---
[RUSH] step1: flow in range at (49,13) facing SOUTHWEST
[RUSH] gunner: want to place at (49,13) facing SOUTHWEST, ti=49 cost=40
[RUSH] gunner: target (49,13) bld=None team=None builder=(48,11) d²=5
[RUSH] gunner: walking toward (49,13) d²=5
  task=RUSH 0us OK -> (<Direction.SOUTHEAST: 'southeast'>, None)
  task=HEAL_CORE FAIL
[RUSH] --- rush eval at (46,8) en_core=(46,16) ---
[RUSH] step1: no flow tile in gunner range of core
[RUSH] step2: flow near core at (49,12) d²=25, extending to siege (49,13)
[RUSH] extend: from (49,12) toward core (46,16)
[RUSH] extend: siege target (49,13)
[RUSH] extend: path=[(49, 12), (49, 13)]
[RUSH] extend: path len=2, builder at (46,8)
[RUSH] extend[0]: (49,12)->(49,13) bld=None team=None connected=False
[RUSH] extend[0]: need to walk to (49,12) d²=25
  task=RUSH 0us OK -> (<Direction.SOUTHEAST: 'southeast'>, None)
  task=HEAL_CORE FAIL
[RUSH] --- rush eval at (48,12) en_core=(46,16) ---
[RUSH] step1: flow in range at (49,13) facing SOUTHWEST
[RUSH] gunner: want to place at (49,13) facing SOUTHWEST, ti=49 cost=40
[RUSH] gunner: target (49,13) bld=BuildingMarker team=Team.A builder=(48,12) d²=2
[RUSH] gunner: destroying allied BuildingMarker at (49,13) to place gunner
[RUSH] gunner: placing at (49,13) facing SOUTHWEST, can_build=True
  task=RUSH 0us OK -> (<Direction.CENTRE: 'centre'>, PlaceGunner(pos=Position(x=49, y=13), direction=<Direction.SOUTHWEST: 'southwest'>))
  task=HEAL_CORE FAIL
[RUSH] --- rush eval at (45,10) en_core=(46,16) ---
[RUSH] step1: flow in range at (49,13) facing SOUTHWEST
[RUSH] gunner: want to place at (49,13) facing SOUTHWEST, ti=9 cost=41
[RUSH] gunner: cannot afford (need 41, have 9)
[RUSH] step1: can't afford gunner, holding turn
  task=RUSH 0us OK -> (<Direction.CENTRE: 'centre'>, None)
  task=HEAL_CORE FAIL
[RUSH] --- rush eval at (49,11) en_core=(46,16) ---
[RUSH] step1: no flow tile in gunner range of core
[RUSH] step2: flow near core at (44,9) d²=53, extending to siege (44,13)
[RUSH] extend: from (44,9) toward core (46,16)
[RUSH] extend: siege target (44,13)
[RUSH] extend: path=[(44, 9), (43, 9), (43, 10), (42, 10), (42, 11), (41, 11), (41, 12), (41, 13), (42, 13), (43, 13), (44, 13)]
[RUSH] extend: path len=11, builder at (49,11)
[RUSH] extend[0]: (44,9)->(43,9) bld=BuildingRoad team=Team.A connected=False
[RUSH] extend[0]: need to walk to (44,9) d²=29
  task=RUSH 0us OK -> (<Direction.NORTHWEST: 'northwest'>, None)
  task=HEAL_CORE FAIL
[RUSH] --- rush eval at (45,8) en_core=(46,16) ---
[RUSH] step1: flow in range at (46,13) facing SOUTH
[RUSH] gunner: want to place at (46,13) facing SOUTH, ti=9 cost=41
[RUSH] gunner: cannot afford (need 41, have 9)
[RUSH] step1: can't afford gunner, holding turn
  task=RUSH 0us OK -> (<Direction.CENTRE: 'centre'>, None)
[GUN] (45,9) facing=SOUTHWEST
[GUN] ray: target=None pri=0
[GUN] ammo=True
[GUN] feed_dir=NORTH
[GUN] no target, has ammo, best_rot=SOUTHWEST rot_pri=0
[GUN] (46,9) facing=SOUTH
[GUN] ray: target=None pri=0
[GUN] ammo=True
[GUN] feed_dir=NORTH
[GUN] no target, has ammo, best_rot=SOUTH rot_pri=0
[GUN] (47,12) facing=SOUTH
[GUN] ray: target=Position(x=47, y=15) pri=4
[GUN] ammo=True
[GUN] feed_dir=NORTH
[GUN] cur_pri=4 best_rot=SOUTH rot_pri=0
[GUN] FIRE at (47,15) pri=4
[GUN] (46,13) facing=SOUTH
[GUN] ray: target=None pri=0
[GUN] ammo=False
[GUN] no target, no ammo
[GUN] (48,13) facing=SOUTHWEST
[GUN] ray: target=None pri=0
[GUN] ammo=False
[GUN] no target, no ammo
[GUN] (45,12) facing=SOUTH
[GUN] ray: target=None pri=0
[GUN] ammo=False
[GUN] no target, no ammo
  task=HEAL_CORE FAIL
[RUSH] --- rush eval at (49,12) en_core=(46,16) ---
[RUSH] step1: no flow tile in gunner range of core
[RUSH] step2: flow near core at (44,8) d²=68, extending to siege (44,13)
[RUSH] extend: from (44,8) toward core (46,16)
[RUSH] extend: siege target (44,13)
[RUSH] extend: path=[(44, 8), (44, 9), (43, 9), (43, 10), (42, 10), (42, 11), (41, 11), (41, 12), (41, 13), (42, 13), (43, 13), (44, 13)]
[RUSH] extend: path len=12, builder at (49,12)
[RUSH] extend[0]: (44,8)->(44,9) bld=BuildingRoad team=Team.A connected=False
[RUSH] extend[0]: need to walk to (44,8) d²=41
  task=RUSH 0us OK -> (<Direction.NORTHWEST: 'northwest'>, None)
  task=HEAL_CORE FAIL
[RUSH] --- rush eval at (47,9) en_core=(46,16) ---
[RUSH] step1: no flow tile in gunner range of core
[RUSH] step2: flow near core at (42,11) d²=41, extending to siege (44,13)
[RUSH] extend: from (42,11) toward core (46,16)
[RUSH] extend: siege target (44,13)
[RUSH] extend: path=[(42, 11), (41, 11), (41, 12), (41, 13), (42, 13), (43, 13), (44, 13)]
[RUSH] extend: path len=7, builder at (47,9)
[RUSH] extend[0]: (42,11)->(41,11) bld=None team=None connected=False
[RUSH] extend[0]: need to walk to (42,11) d²=29
  task=RUSH 0us OK -> (<Direction.NORTHWEST: 'northwest'>, None)
  task=HEAL_CORE FAIL
[RUSH] --- rush eval at (48,12) en_core=(46,16) ---
[RUSH] step1: no flow tile in gunner range of core
[RUSH] step2: flow near core at (44,9) d²=53, extending to siege (44,13)
[RUSH] extend: from (44,9) toward core (46,16)
[RUSH] extend: siege target (44,13)
[RUSH] extend: path=[(44, 9), (43, 9), (43, 10), (42, 10), (42, 11), (41, 11), (41, 12), (41, 13), (42, 13), (43, 13), (44, 13)]
[RUSH] extend: path len=11, builder at (48,12)
[RUSH] extend[0]: (44,9)->(43,9) bld=BuildingRoad team=Team.A connected=False
[RUSH] extend[0]: need to walk to (44,9) d²=25
  task=RUSH 0us OK -> (<Direction.NORTHWEST: 'northwest'>, None)
  task=HEAL_CORE FAIL
[RUSH] --- rush eval at (45,10) en_core=(46,16) ---
[RUSH] step1: flow in range at (49,13) facing SOUTHWEST
[RUSH] gunner: want to place at (49,13) facing SOUTHWEST, ti=19 cost=41
[RUSH] gunner: cannot afford (need 41, have 19)
[RUSH] step1: can't afford gunner, holding turn
  task=RUSH 0us OK -> (<Direction.CENTRE: 'centre'>, None)
  task=HEAL_CORE FAIL
[RUSH] --- rush eval at (48,10) en_core=(46,16) ---
[RUSH] step1: no flow tile in gunner range of core
[RUSH] step2: flow near core at (44,9) d²=53, extending to siege (44,13)
[RUSH] extend: from (44,9) toward core (46,16)
[RUSH] extend: siege target (44,13)
[RUSH] extend: path=[(44, 9), (43, 9), (43, 10), (42, 10), (42, 11), (41, 11), (41, 12), (41, 13), (42, 13), (43, 13), (44, 13)]
[RUSH] extend: path len=11, builder at (48,10)
[RUSH] extend[0]: (44,9)->(43,9) bld=BuildingConveyor team=Team.A connected=True
[RUSH] extend[0]: already connected, skip
[RUSH] extend[1]: (43,9)->(43,10) bld=None team=None connected=False
[RUSH] extend[1]: need to walk to (43,9) d²=26
  task=RUSH 0us OK -> (<Direction.NORTHWEST: 'northwest'>, None)
  task=HEAL_CORE FAIL
[RUSH] --- rush eval at (45,8) en_core=(46,16) ---
[RUSH] step1: flow in range at (46,13) facing SOUTH
[RUSH] gunner: want to place at (46,13) facing SOUTH, ti=19 cost=41
[RUSH] gunner: cannot afford (need 41, have 19)
[RUSH] step1: can't afford gunner, holding turn
  task=RUSH 0us OK -> (<Direction.CENTRE: 'centre'>, None)
[GUN] (45,9) facing=SOUTHWEST
[GUN] ray: target=None pri=0
[GUN] ammo=True
[GUN] feed_dir=NORTH
[GUN] no target, has ammo, best_rot=SOUTHWEST rot_pri=0
[GUN] (46,9) facing=SOUTH
[GUN] ray: target=None pri=0
[GUN] ammo=True
[GUN] feed_dir=NORTH
[GUN] no target, has ammo, best_rot=SOUTH rot_pri=0
[GUN] (47,12) facing=SOUTH
[GUN] ray: target=None pri=0
[GUN] ammo=False
[GUN] no target, no ammo
[GUN] (46,13) facing=SOUTH
[GUN] ray: target=None pri=0
[GUN] ammo=False
[GUN] no target, no ammo
[GUN] (48,13) facing=SOUTHWEST
[GUN] ray: target=None pri=0
[GUN] ammo=False
[GUN] no target, no ammo
[GUN] (45,12) facing=SOUTH
[GUN] ray: target=None pri=0
[GUN] ammo=False
[GUN] no target, no ammo
[GUN] (49,13) facing=SOUTHWEST
[GUN] ray: target=Position(x=47, y=15) pri=4
[GUN] ammo=True
[GUN] feed_dir=NORTH
[GUN] cur_pri=4 best_rot=SOUTHWEST rot_pri=0
[GUN] FIRE at (47,15) pri=4
  task=HEAL_CORE FAIL
[RUSH] --- rush eval at (48,11) en_core=(46,16) ---
[RUSH] step1: no flow tile in gunner range of core
[RUSH] step2: flow near core at (44,8) d²=68, extending to siege (44,13)
[RUSH] extend: from (44,8) toward core (46,16)
[RUSH] extend: siege target (44,13)
[RUSH] extend: path=[(44, 8), (44, 9), (43, 9), (43, 10), (42, 10), (42, 11), (41, 11), (41, 12), (41, 13), (42, 13), (43, 13), (44, 13)]
[RUSH] extend: path len=12, builder at (48,11)
[RUSH] extend[0]: (44,8)->(44,9) bld=BuildingRoad team=Team.A connected=False
[RUSH] extend[0]: need to walk to (44,8) d²=25
  task=RUSH 0us OK -> (<Direction.NORTHWEST: 'northwest'>, None)
  task=HEAL_CORE FAIL
[RUSH] --- rush eval at (46,8) en_core=(46,16) ---
[RUSH] step1: no flow tile in gunner range of core
[RUSH] step2: flow near core at (42,11) d²=41, extending to siege (44,13)
[RUSH] extend: from (42,11) toward core (46,16)
[RUSH] extend: siege target (44,13)
[RUSH] extend: path=[(42, 11), (41, 11), (41, 12), (41, 13), (42, 13), (43, 13), (44, 13)]
[RUSH] extend: path len=7, builder at (46,8)
[RUSH] extend[0]: (42,11)->(41,11) bld=None team=None connected=False
[RUSH] extend[0]: need to walk to (42,11) d²=25
  task=RUSH 0us OK -> (<Direction.NORTHWEST: 'northwest'>, None)
  task=HEAL_CORE FAIL
[RUSH] --- rush eval at (47,11) en_core=(46,16) ---
[RUSH] step1: no flow tile in gunner range of core
[RUSH] step2: flow near core at (43,10) d²=45, extending to siege (44,13)
[RUSH] extend: from (43,10) toward core (46,16)
[RUSH] extend: siege target (44,13)
[RUSH] extend: path=[(43, 10), (42, 10), (42, 11), (41, 11), (41, 12), (41, 13), (42, 13), (43, 13), (44, 13)]
[RUSH] extend: path len=9, builder at (47,11)
[RUSH] extend[0]: (43,10)->(42,10) bld=BuildingConveyor team=Team.A connected=True
[RUSH] extend[0]: already connected, skip
[RUSH] extend[1]: (42,10)->(42,11) bld=None team=None connected=False
[RUSH] extend[1]: need to walk to (42,10) d²=26
  task=RUSH 0us OK -> (<Direction.NORTHEAST: 'northeast'>, None)
  task=HEAL_CORE FAIL
[RUSH] --- rush eval at (45,10) en_core=(46,16) ---
[RUSH] step1: flow in range at (49,13) facing SOUTHWEST
[RUSH] gunner: want to place at (49,13) facing SOUTHWEST, ti=19 cost=41
[RUSH] gunner: cannot afford (need 41, have 19)
[RUSH] step1: can't afford gunner, holding turn
  task=RUSH 0us OK -> (<Direction.CENTRE: 'centre'>, None)
  task=HEAL_CORE FAIL
[RUSH] --- rush eval at (47,9) en_core=(46,16) ---
[RUSH] step1: no flow tile in gunner range of core
[RUSH] step2: flow near core at (43,10) d²=45, extending to siege (44,13)
[RUSH] extend: from (43,10) toward core (46,16)
[RUSH] extend: siege target (44,13)
[RUSH] extend: path=[(43, 10), (42, 10), (42, 11), (41, 11), (41, 12), (41, 13), (42, 13), (43, 13), (44, 13)]
[RUSH] extend: path len=9, builder at (47,9)
[RUSH] extend[0]: (43,10)->(42,10) bld=BuildingConveyor team=Team.A connected=True
[RUSH] extend[0]: already connected, skip
[RUSH] extend[1]: (42,10)->(42,11) bld=None team=None connected=False
[RUSH] extend[1]: need to walk to (42,10) d²=26
  task=RUSH 0us OK -> (<Direction.NORTHWEST: 'northwest'>, None)
  task=HEAL_CORE FAIL
[RUSH] --- rush eval at (45,8) en_core=(46,16) ---
[RUSH] step1: flow in range at (46,13) facing SOUTH
[RUSH] gunner: want to place at (46,13) facing SOUTH, ti=19 cost=41
[RUSH] gunner: cannot afford (need 41, have 19)
[RUSH] step1: can't afford gunner, holding turn
  task=RUSH 0us OK -> (<Direction.CENTRE: 'centre'>, None)
[GUN] (45,9) facing=SOUTHWEST
[GUN] ray: target=None pri=0
[GUN] ammo=True
[GUN] feed_dir=NORTH
[GUN] no target, has ammo, best_rot=SOUTHWEST rot_pri=0
[GUN] (46,9) facing=SOUTH
[GUN] ray: target=None pri=0
[GUN] ammo=True
[GUN] feed_dir=NORTH
[GUN] no target, has ammo, best_rot=SOUTH rot_pri=0
[GUN] (47,12) facing=SOUTH
[GUN] ray: target=None pri=0
[GUN] ammo=False
[GUN] no target, no ammo
[GUN] (46,13) facing=SOUTH
[GUN] ray: target=None pri=0
[GUN] ammo=False
[GUN] no target, no ammo
[GUN] (48,13) facing=SOUTHWEST
[GUN] ray: target=None pri=0
[GUN] ammo=False
[GUN] no target, no ammo
[GUN] (45,12) facing=SOUTH
[GUN] ray: target=None pri=0
[GUN] ammo=False
[GUN] no target, no ammo
[GUN] (49,13) facing=SOUTHWEST
[GUN] ray: target=Position(x=47, y=15) pri=4
[GUN] ammo=True
[GUN] feed_dir=NORTH
[GUN] cur_pri=4 best_rot=SOUTHWEST rot_pri=0
[GUN] FIRE at (47,15) pri=4
  task=HEAL_CORE FAIL
[RUSH] --- rush eval at (47,10) en_core=(46,16) ---
[RUSH] step1: no flow tile in gunner range of core
[RUSH] step2: flow near core at (43,10) d²=45, extending to siege (44,13)
[RUSH] extend: from (43,10) toward core (46,16)
[RUSH] extend: siege target (44,13)
[RUSH] extend: path=[(43, 10), (42, 10), (42, 11), (41, 11), (41, 12), (41, 13), (42, 13), (43, 13), (44, 13)]
[RUSH] extend: path len=9, builder at (47,10)
[RUSH] extend[0]: (43,10)->(42,10) bld=BuildingConveyor team=Team.A connected=True
[RUSH] extend[0]: already connected, skip
[RUSH] extend[1]: (42,10)->(42,11) bld=None team=None connected=False
[RUSH] extend[1]: need to walk to (42,10) d²=25
  task=RUSH 0us OK -> (<Direction.NORTH: 'north'>, None)
  task=HEAL_CORE FAIL
[RUSH] --- rush eval at (45,7) en_core=(46,16) ---
[RUSH] step1: no flow tile in gunner range of core
[RUSH] step2: flow near core at (42,11) d²=41, extending to siege (44,13)
[RUSH] extend: from (42,11) toward core (46,16)
[RUSH] extend: siege target (44,13)
[RUSH] extend: path=[(42, 11), (41, 11), (41, 12), (41, 13), (42, 13), (43, 13), (44, 13)]
[RUSH] extend: path len=7, builder at (45,7)
[RUSH] extend[0]: (42,11)->(41,11) bld=None team=None connected=False
[RUSH] extend[0]: need to walk to (42,11) d²=25
  task=RUSH 0us OK -> (<Direction.SOUTHWEST: 'southwest'>, None)
  task=HEAL_CORE FAIL
[RUSH] --- rush eval at (48,10) en_core=(46,16) ---
[RUSH] step1: no flow tile in gunner range of core
[RUSH] step2: flow near core at (43,10) d²=45, extending to siege (44,13)
[RUSH] extend: from (43,10) toward core (46,16)
[RUSH] extend: siege target (44,13)
[RUSH] extend: path=[(43, 10), (42, 10), (42, 11), (41, 11), (41, 12), (41, 13), (42, 13), (43, 13), (44, 13)]
[RUSH] extend: path len=9, builder at (48,10)
[RUSH] extend[0]: (43,10)->(42,10) bld=BuildingConveyor team=Team.A connected=True
[RUSH] extend[0]: already connected, skip
[RUSH] extend[1]: (42,10)->(42,11) bld=None team=None connected=False
[RUSH] extend[1]: need to walk to (42,10) d²=36
  task=RUSH 0us OK -> (<Direction.NORTH: 'north'>, None)
  task=HEAL_CORE FAIL
[RUSH] --- rush eval at (45,10) en_core=(46,16) ---
[RUSH] step1: flow in range at (49,13) facing SOUTHWEST
[RUSH] gunner: want to place at (49,13) facing SOUTHWEST, ti=19 cost=41
[RUSH] gunner: cannot afford (need 41, have 19)
[RUSH] step1: can't afford gunner, holding turn
  task=RUSH 0us OK -> (<Direction.CENTRE: 'centre'>, None)
  task=HEAL_CORE FAIL
[RUSH] --- rush eval at (46,8) en_core=(46,16) ---
[RUSH] step1: no flow tile in gunner range of core
[RUSH] step2: flow near core at (42,11) d²=41, extending to siege (44,13)
[RUSH] extend: from (42,11) toward core (46,16)
[RUSH] extend: siege target (44,13)
[RUSH] extend: path=[(42, 11), (41, 11), (41, 12), (41, 13), (42, 13), (43, 13), (44, 13)]
[RUSH] extend: path len=7, builder at (46,8)
[RUSH] extend[0]: (42,11)->(41,11) bld=None team=None connected=False
[RUSH] extend[0]: need to walk to (42,11) d²=25
  task=RUSH 0us OK -> (<Direction.NORTHWEST: 'northwest'>, None)
  task=HEAL_CORE FAIL
[RUSH] --- rush eval at (45,8) en_core=(46,16) ---
[RUSH] step1: flow in range at (46,13) facing SOUTH
[RUSH] gunner: want to place at (46,13) facing SOUTH, ti=19 cost=41
[RUSH] gunner: cannot afford (need 41, have 19)
[RUSH] step1: can't afford gunner, holding turn
  task=RUSH 0us OK -> (<Direction.CENTRE: 'centre'>, None)
[GUN] (45,9) facing=SOUTHWEST
[GUN] ray: target=None pri=0
[GUN] ammo=True
[GUN] feed_dir=NORTH
[GUN] no target, has ammo, best_rot=SOUTHWEST rot_pri=0
[GUN] (46,9) facing=SOUTH
[GUN] ray: target=None pri=0
[GUN] ammo=True
[GUN] feed_dir=NORTH
[GUN] no target, has ammo, best_rot=SOUTH rot_pri=0
[GUN] (47,12) facing=SOUTH
[GUN] ray: target=None pri=0
[GUN] ammo=False
[GUN] no target, no ammo
[GUN] (46,13) facing=SOUTH
[GUN] ray: target=None pri=0
[GUN] ammo=False
[GUN] no target, no ammo
[GUN] (48,13) facing=SOUTHWEST
[GUN] ray: target=None pri=0
[GUN] ammo=False
[GUN] no target, no ammo
[GUN] (45,12) facing=SOUTH
[GUN] ray: target=None pri=0
[GUN] ammo=False
[GUN] no target, no ammo
[GUN] (49,13) facing=SOUTHWEST
[GUN] ray: target=Position(x=47, y=15) pri=4
[GUN] ammo=True
[GUN] feed_dir=NORTH
[GUN] cur_pri=4 best_rot=SOUTHWEST rot_pri=0
[GUN] FIRE at (47,15) pri=4
  task=HEAL_CORE FAIL
[RUSH] --- rush eval at (47,9) en_core=(46,16) ---
[RUSH] step1: no flow tile in gunner range of core
  task=RUSH 0us OK -> (<Direction.SOUTHEAST: 'southeast'>, None)
  task=HEAL_CORE FAIL
[RUSH] --- rush eval at (44,8) en_core=(46,16) ---
[RUSH] step1: no flow tile in gunner range of core
  task=RUSH 0us OK -> (<Direction.NORTH: 'north'>, None)
  task=HEAL_CORE FAIL
[RUSH] --- rush eval at (48,9) en_core=(46,16) ---
[RUSH] step1: no flow tile in gunner range of core
  task=RUSH 0us OK -> (<Direction.SOUTHWEST: 'southwest'>, None)
  task=HEAL_CORE FAIL
[RUSH] --- rush eval at (45,10) en_core=(46,16) ---
[RUSH] step1: flow in range at (49,13) facing SOUTHWEST
[RUSH] gunner: want to place at (49,13) facing SOUTHWEST, ti=29 cost=41
[RUSH] gunner: cannot afford (need 41, have 29)
[RUSH] step1: can't afford gunner, holding turn
  task=RUSH 0us OK -> (<Direction.CENTRE: 'centre'>, None)
  task=HEAL_CORE FAIL
[RUSH] --- rush eval at (45,7) en_core=(46,16) ---
[RUSH] step1: no flow tile in gunner range of core
  task=RUSH 0us OK -> (<Direction.SOUTHEAST: 'southeast'>, None)
  task=HEAL_CORE FAIL
[RUSH] --- rush eval at (45,8) en_core=(46,16) ---
[RUSH] step1: flow in range at (46,13) facing SOUTH
[RUSH] gunner: want to place at (46,13) facing SOUTH, ti=29 cost=41
[RUSH] gunner: cannot afford (need 41, have 29)
[RUSH] step1: can't afford gunner, holding turn
  task=RUSH 0us OK -> (<Direction.CENTRE: 'centre'>, None)
[GUN] (45,9) facing=SOUTHWEST
[GUN] ray: target=None pri=0
[GUN] ammo=True
[GUN] feed_dir=NORTH
[GUN] no target, has ammo, best_rot=SOUTHWEST rot_pri=0
[GUN] (46,9) facing=SOUTH
[GUN] ray: target=None pri=0
[GUN] ammo=True
[GUN] feed_dir=NORTH
[GUN] no target, has ammo, best_rot=SOUTH rot_pri=0
[GUN] (47,12) facing=SOUTH
[GUN] ray: target=None pri=0
[GUN] ammo=False
[GUN] no target, no ammo
[GUN] (46,13) facing=SOUTH
[GUN] ray: target=None pri=0
[GUN] ammo=False
[GUN] no target, no ammo
[GUN] (48,13) facing=SOUTHWEST
[GUN] ray: target=None pri=0
[GUN] ammo=False
[GUN] no target, no ammo
[GUN] (45,12) facing=SOUTH
[GUN] ray: target=None pri=0
[GUN] ammo=False
[GUN] no target, no ammo
[GUN] (49,13) facing=SOUTHWEST
[GUN] ray: target=Position(x=47, y=15) pri=4
[GUN] ammo=True
[GUN] feed_dir=NORTH
[GUN] cur_pri=4 best_rot=SOUTHWEST rot_pri=0
[GUN] FIRE at (47,15) pri=4
  task=HEAL_CORE FAIL
[RUSH] --- rush eval at (48,10) en_core=(46,16) ---
[RUSH] step1: no flow tile in gunner range of core
  task=RUSH 0us OK -> (<Direction.SOUTHEAST: 'southeast'>, None)
  task=HEAL_CORE FAIL
[RUSH] --- rush eval at (44,7) en_core=(46,16) ---
[RUSH] step1: no flow tile in gunner range of core
  task=RUSH 0us OK -> (<Direction.EAST: 'east'>, None)
  task=HEAL_CORE FAIL
[RUSH] --- rush eval at (47,10) en_core=(46,16) ---
[RUSH] step1: no flow tile in gunner range of core
  task=RUSH 0us OK -> (<Direction.SOUTHEAST: 'southeast'>, None)
  task=HEAL_CORE FAIL
[RUSH] --- rush eval at (45,10) en_core=(46,16) ---
[RUSH] step1: flow in range at (49,13) facing SOUTHWEST
[RUSH] gunner: want to place at (49,13) facing SOUTHWEST, ti=49 cost=41
[RUSH] gunner: target (49,13) bld=None team=None builder=(45,10) d²=25
[RUSH] gunner: walking toward (49,13) d²=25
  task=RUSH 0us OK -> (<Direction.SOUTHEAST: 'southeast'>, None)
  task=HEAL_CORE FAIL
[RUSH] --- rush eval at (46,8) en_core=(46,16) ---
[RUSH] step1: no flow tile in gunner range of core
  task=RUSH 0us OK -> (<Direction.SOUTHEAST: 'southeast'>, None)
  task=HEAL_CORE FAIL
[RUSH] --- rush eval at (45,8) en_core=(46,16) ---
[RUSH] step1: flow in range at (46,13) facing SOUTH
[RUSH] gunner: want to place at (46,13) facing SOUTH, ti=49 cost=41
[RUSH] gunner: target (46,13) bld=None team=None builder=(45,8) d²=26
[RUSH] gunner: walking toward (46,13) d²=26
  task=RUSH 0us OK -> (<Direction.SOUTHWEST: 'southwest'>, None)
[GUN] (45,9) facing=SOUTHWEST
[GUN] ray: target=None pri=0
[GUN] ammo=True
[GUN] feed_dir=NORTH
[GUN] no target, has ammo, best_rot=SOUTHWEST rot_pri=0
[GUN] (46,9) facing=SOUTH
[GUN] ray: target=None pri=0
[GUN] ammo=True
[GUN] feed_dir=NORTH
[GUN] no target, has ammo, best_rot=SOUTH rot_pri=0
[GUN] (47,12) facing=SOUTH
[GUN] ray: target=None pri=0
[GUN] ammo=False
[GUN] no target, no ammo
[GUN] (46,13) facing=SOUTH
[GUN] ray: target=None pri=0
[GUN] ammo=False
[GUN] no target, no ammo
[GUN] (48,13) facing=SOUTHWEST
[GUN] ray: target=None pri=0
[GUN] ammo=False
[GUN] no target, no ammo
[GUN] (45,12) facing=SOUTH
[GUN] ray: target=None pri=0
[GUN] ammo=False
[GUN] no target, no ammo
[GUN] (49,13) facing=SOUTHWEST
[GUN] ray: target=Position(x=47, y=15) pri=4
[GUN] ammo=True
[GUN] feed_dir=NORTH
[GUN] cur_pri=4 best_rot=SOUTHWEST rot_pri=0
[GUN] FIRE at (47,15) pri=4
  task=HEAL_CORE FAIL
[RUSH] --- rush eval at (49,11) en_core=(46,16) ---
[RUSH] step1: no flow tile in gunner range of core
[RUSH] step1.5: upgrading conveyor at (49,12) to splitter facing EAST
  task=RUSH 0us OK -> (<Direction.CENTRE: 'centre'>, PlaceSplitter(pos=Position(x=49, y=12), direction=<Direction.EAST: 'east'>))
  task=HEAL_CORE FAIL
[RUSH] --- rush eval at (45,7) en_core=(46,16) ---
[RUSH] step1: no flow tile in gunner range of core
  task=RUSH 0us OK -> (<Direction.SOUTHEAST: 'southeast'>, None)
  task=HEAL_CORE FAIL
[RUSH] --- rush eval at (48,11) en_core=(46,16) ---
[RUSH] step1: no flow tile in gunner range of core
[RUSH] step2: flow near core at (49,11) d²=34, extending to siege (47,13)
[RUSH] extend: from (49,11) toward core (46,16)
[RUSH] extend: siege target (47,13)
[RUSH] extend: path=[(49, 11), (47, 13)]
[RUSH] extend: path len=2, builder at (48,11)
[RUSH] extend[0]: (49,11)->(47,13) bld=BuildingRoad team=Team.A connected=False
[RUSH] extend[0]: destroying allied BuildingRoad at (49,11) to rebuild
[RUSH] extend[0]: building (49,11)->(47,13) action=PlaceBridge(pos=Position(x=49, y=11), target=Position(x=47, y=13)) d²=1
  task=RUSH 0us OK -> (<Direction.CENTRE: 'centre'>, PlaceBridge(pos=Position(x=49, y=11), target=Position(x=47, y=13)))
  task=HEAL_CORE FAIL
[RUSH] --- rush eval at (46,11) en_core=(46,16) ---
[RUSH] step1: no flow tile in gunner range of core
[RUSH] step2: flow near core at (49,11) d²=34, extending to siege (47,13)
[RUSH] extend: from (49,11) toward core (46,16)
[RUSH] extend: siege target (47,13)
[RUSH] extend: path=[(49, 11), (47, 13)]
[RUSH] extend: path len=2, builder at (46,11)
[RUSH] extend[0]: (49,11)->(47,13) bld=None team=None connected=False
[RUSH] extend[0]: need to walk to (49,11) d²=9
  task=RUSH 0us OK -> (<Direction.NORTHEAST: 'northeast'>, None)
  task=HEAL_CORE FAIL
[RUSH] --- rush eval at (47,9) en_core=(46,16) ---
[RUSH] step1: no flow tile in gunner range of core
[RUSH] step2: flow near core at (49,11) d²=34, extending to siege (47,13)
[RUSH] extend: from (49,11) toward core (46,16)
[RUSH] extend: siege target (47,13)
[RUSH] extend: path=[(49, 11), (47, 13)]
[RUSH] extend: path len=2, builder at (47,9)
[RUSH] extend[0]: (49,11)->(47,13) bld=None team=None connected=False
[RUSH] extend[0]: need to walk to (49,11) d²=8
  task=RUSH 0us OK -> (<Direction.SOUTHEAST: 'southeast'>, None)
  task=HEAL_CORE FAIL
[RUSH] --- rush eval at (44,9) en_core=(46,16) ---
[RUSH] step1: flow in range at (48,13) facing SOUTHWEST
[RUSH] gunner: want to place at (48,13) facing SOUTHWEST, ti=25 cost=41
[RUSH] gunner: cannot afford (need 41, have 25)
[RUSH] step1: can't afford gunner, holding turn
  task=RUSH 0us OK -> (<Direction.CENTRE: 'centre'>, None)
[GUN] (45,9) facing=SOUTHWEST
[GUN] ray: target=None pri=0
[GUN] ammo=True
[GUN] feed_dir=NORTH
[GUN] no target, has ammo, best_rot=SOUTHWEST rot_pri=0
[GUN] (46,9) facing=SOUTH
[GUN] ray: target=None pri=0
[GUN] ammo=True
[GUN] feed_dir=NORTH
[GUN] no target, has ammo, best_rot=SOUTH rot_pri=0
[GUN] (47,12) facing=SOUTH
[GUN] ray: target=Position(x=47, y=15) pri=4
[GUN] ammo=True
[GUN] feed_dir=NORTH
[GUN] cur_pri=4 best_rot=SOUTH rot_pri=0
[GUN] FIRE at (47,15) pri=4
[GUN] (46,13) facing=SOUTH
[GUN] ray: target=None pri=0
[GUN] ammo=False
[GUN] no target, no ammo
[GUN] (48,13) facing=SOUTHWEST
[GUN] ray: target=None pri=0
[GUN] ammo=False
[GUN] no target, no ammo
[GUN] (45,12) facing=SOUTH
[GUN] ray: target=None pri=0
[GUN] ammo=False
[GUN] no target, no ammo
[GUN] (49,13) facing=SOUTHWEST
[GUN] ray: target=None pri=0
[GUN] ammo=False
[GUN] no target, no ammo
  task=HEAL_CORE FAIL
[RUSH] --- rush eval at (49,11) en_core=(46,16) ---
[RUSH] step1: no flow tile in gunner range of core
[RUSH] step2: flow near core at (49,11) d²=34, extending to siege (47,13)
[RUSH] extend: from (49,11) toward core (46,16)
[RUSH] extend: siege target (47,13)
[RUSH] extend: path=[(49, 11), (47, 13)]
[RUSH] extend: path len=2, builder at (49,11)
[RUSH] extend[0]: (49,11)->(47,13) bld=None team=None connected=False
[RUSH] extend[0]: building (49,11)->(47,13) action=PlaceBridge(pos=Position(x=49, y=11), target=Position(x=47, y=13)) d²=0
  task=RUSH 0us OK -> (<Direction.CENTRE: 'centre'>, PlaceBridge(pos=Position(x=49, y=11), target=Position(x=47, y=13)))
  task=HEAL_CORE FAIL
[RUSH] --- rush eval at (46,8) en_core=(46,16) ---
[RUSH] step1: no flow tile in gunner range of core
  task=RUSH 0us OK -> (<Direction.SOUTHEAST: 'southeast'>, None)
  task=HEAL_CORE FAIL
[RUSH] --- rush eval at (48,11) en_core=(46,16) ---
[RUSH] step1: no flow tile in gunner range of core
[RUSH] step2: flow near core at (49,11) d²=34, extending to siege (47,13)
[RUSH] extend: from (49,11) toward core (46,16)
[RUSH] extend: siege target (47,13)
[RUSH] extend: path=[(49, 11), (47, 13)]
[RUSH] extend: path len=2, builder at (48,11)
[RUSH] extend[0]: (49,11)->(47,13) bld=None team=None connected=False
[RUSH] extend[0]: building (49,11)->(47,13) action=PlaceBridge(pos=Position(x=49, y=11), target=Position(x=47, y=13)) d²=1
  task=RUSH 0us OK -> (<Direction.CENTRE: 'centre'>, PlaceBridge(pos=Position(x=49, y=11), target=Position(x=47, y=13)))
  task=HEAL_CORE FAIL
[RUSH] --- rush eval at (47,10) en_core=(46,16) ---
[RUSH] step1: no flow tile in gunner range of core
[RUSH] step2: flow near core at (49,11) d²=34, extending to siege (47,13)
[RUSH] extend: from (49,11) toward core (46,16)
[RUSH] extend: siege target (47,13)
[RUSH] extend: path=[(49, 11), (47, 13)]
[RUSH] extend: path len=2, builder at (47,10)
[RUSH] extend[0]: (49,11)->(47,13) bld=None team=None connected=False
[RUSH] extend[0]: need to walk to (49,11) d²=5
  task=RUSH 0us OK -> (<Direction.SOUTH: 'south'>, None)
  task=HEAL_CORE FAIL
[RUSH] --- rush eval at (48,10) en_core=(46,16) ---
[RUSH] step1: no flow tile in gunner range of core
[RUSH] step2: flow near core at (49,11) d²=34, extending to siege (47,13)
[RUSH] extend: from (49,11) toward core (46,16)
[RUSH] extend: siege target (47,13)
[RUSH] extend: path=[(49, 11), (47, 13)]
[RUSH] extend: path len=2, builder at (48,10)
[RUSH] extend[0]: (49,11)->(47,13) bld=None team=None connected=False
[RUSH] extend[0]: building (49,11)->(47,13) action=PlaceBridge(pos=Position(x=49, y=11), target=Position(x=47, y=13)) d²=2
  task=RUSH 0us OK -> (<Direction.CENTRE: 'centre'>, PlaceBridge(pos=Position(x=49, y=11), target=Position(x=47, y=13)))
  task=HEAL_CORE FAIL
[RUSH] --- rush eval at (44,9) en_core=(46,16) ---
[RUSH] step1: flow in range at (48,13) facing SOUTHWEST
[RUSH] gunner: want to place at (48,13) facing SOUTHWEST, ti=35 cost=41
[RUSH] gunner: cannot afford (need 41, have 35)
[RUSH] step1: can't afford gunner, holding turn
  task=RUSH 0us OK -> (<Direction.CENTRE: 'centre'>, None)
[GUN] (45,9) facing=SOUTHWEST
[GUN] ray: target=None pri=0
[GUN] ammo=True
[GUN] feed_dir=NORTH
[GUN] no target, has ammo, best_rot=SOUTHWEST rot_pri=0
[GUN] (46,9) facing=SOUTH
[GUN] ray: target=None pri=0
[GUN] ammo=True
[GUN] feed_dir=NORTH
[GUN] no target, has ammo, best_rot=SOUTH rot_pri=0
[GUN] (47,12) facing=SOUTH
[GUN] ray: target=Position(x=47, y=15) pri=4
[GUN] ammo=True
[GUN] feed_dir=NORTH
[GUN] cur_pri=4 best_rot=SOUTH rot_pri=0
[GUN] FIRE at (47,15) pri=4
[GUN] (46,13) facing=SOUTH
[GUN] ray: target=None pri=0
[GUN] ammo=False
[GUN] no target, no ammo
[GUN] (48,13) facing=SOUTHWEST
[GUN] ray: target=None pri=0
[GUN] ammo=False
[GUN] no target, no ammo
[GUN] (45,12) facing=SOUTH
[GUN] ray: target=None pri=0
[GUN] ammo=False
[GUN] no target, no ammo
[GUN] (49,13) facing=SOUTHWEST
[GUN] ray: target=None pri=0
[GUN] ammo=False
[GUN] no target, no ammo
  task=HEAL_CORE FAIL
[RUSH] --- rush eval at (49,11) en_core=(46,16) ---
[RUSH] step1: no flow tile in gunner range of core
[RUSH] step2: flow near core at (49,11) d²=34, extending to siege (47,13)
[RUSH] extend: from (49,11) toward core (46,16)
[RUSH] extend: siege target (47,13)
[RUSH] extend: path=[(49, 11), (47, 13)]
[RUSH] extend: path len=2, builder at (49,11)
[RUSH] extend[0]: (49,11)->(47,13) bld=None team=None connected=False
[RUSH] extend[0]: building (49,11)->(47,13) action=PlaceBridge(pos=Position(x=49, y=11), target=Position(x=47, y=13)) d²=0
  task=RUSH 0us OK -> (<Direction.CENTRE: 'centre'>, PlaceBridge(pos=Position(x=49, y=11), target=Position(x=47, y=13)))
  task=HEAL_CORE FAIL
[RUSH] --- rush eval at (47,9) en_core=(46,16) ---
[RUSH] step1: no flow tile in gunner range of core
[RUSH] step2: flow near core at (49,11) d²=34, extending to siege (47,13)
[RUSH] extend: from (49,11) toward core (46,16)
[RUSH] extend: siege target (47,13)
[RUSH] extend: path=[(49, 11), (47, 13)]
[RUSH] extend: path len=2, builder at (47,9)
[RUSH] extend[0]: (49,11)->(47,13) bld=None team=None connected=False
[RUSH] extend[0]: need to walk to (49,11) d²=8
  task=RUSH 0us OK -> (<Direction.EAST: 'east'>, None)
  task=HEAL_CORE FAIL
[RUSH] --- rush eval at (48,11) en_core=(46,16) ---
[RUSH] step1: no flow tile in gunner range of core
[RUSH] step2: flow near core at (49,11) d²=34, extending to siege (47,13)
[RUSH] extend: from (49,11) toward core (46,16)
[RUSH] extend: siege target (47,13)
[RUSH] extend: path=[(49, 11), (47, 13)]
[RUSH] extend: path len=2, builder at (48,11)
[RUSH] extend[0]: (49,11)->(47,13) bld=None team=None connected=False
[RUSH] extend[0]: building (49,11)->(47,13) action=PlaceBridge(pos=Position(x=49, y=11), target=Position(x=47, y=13)) d²=1
  task=RUSH 0us OK -> (<Direction.CENTRE: 'centre'>, PlaceBridge(pos=Position(x=49, y=11), target=Position(x=47, y=13)))
  task=HEAL_CORE FAIL
[RUSH] --- rush eval at (47,11) en_core=(46,16) ---
[RUSH] step1: no flow tile in gunner range of core
[RUSH] step2: flow near core at (49,11) d²=34, extending to siege (47,13)
[RUSH] extend: from (49,11) toward core (46,16)
[RUSH] extend: siege target (47,13)
[RUSH] extend: path=[(49, 11), (47, 13)]
[RUSH] extend: path len=2, builder at (47,11)
[RUSH] extend[0]: (49,11)->(47,13) bld=None team=None connected=False
[RUSH] extend[0]: need to walk to (49,11) d²=4
  task=RUSH 0us OK -> (<Direction.SOUTHEAST: 'southeast'>, None)
  task=HEAL_CORE FAIL
[RUSH] --- rush eval at (48,10) en_core=(46,16) ---
[RUSH] step1: no flow tile in gunner range of core
[RUSH] step2: flow near core at (49,11) d²=34, extending to siege (47,13)
[RUSH] extend: from (49,11) toward core (46,16)
[RUSH] extend: siege target (47,13)
[RUSH] extend: path=[(49, 11), (47, 13)]
[RUSH] extend: path len=2, builder at (48,10)
[RUSH] extend[0]: (49,11)->(47,13) bld=None team=None connected=False
[RUSH] extend[0]: building (49,11)->(47,13) action=PlaceBridge(pos=Position(x=49, y=11), target=Position(x=47, y=13)) d²=2
  task=RUSH 0us OK -> (<Direction.CENTRE: 'centre'>, PlaceBridge(pos=Position(x=49, y=11), target=Position(x=47, y=13)))
  task=HEAL_CORE FAIL
[RUSH] --- rush eval at (44,9) en_core=(46,16) ---
[RUSH] step1: flow in range at (48,13) facing SOUTHWEST
[RUSH] gunner: want to place at (48,13) facing SOUTHWEST, ti=45 cost=41
[RUSH] gunner: target (48,13) bld=None team=None builder=(44,9) d²=32
[RUSH] gunner: walking toward (48,13) d²=32
  task=RUSH 0us OK -> (<Direction.NORTHEAST: 'northeast'>, None)
[GUN] (45,9) facing=SOUTHWEST
[GUN] ray: target=None pri=0
[GUN] ammo=True
[GUN] feed_dir=NORTH
[GUN] no target, has ammo, best_rot=SOUTHWEST rot_pri=0
[GUN] (46,9) facing=SOUTH
[GUN] ray: target=None pri=0
[GUN] ammo=True
[GUN] feed_dir=NORTH
[GUN] no target, has ammo, best_rot=SOUTH rot_pri=0
[GUN] (47,12) facing=SOUTH
[GUN] ray: target=Position(x=47, y=15) pri=4
[GUN] ammo=True
[GUN] feed_dir=NORTH
[GUN] cur_pri=4 best_rot=SOUTH rot_pri=0
[GUN] FIRE at (47,15) pri=4
[GUN] (46,13) facing=SOUTH
[GUN] ray: target=None pri=0
[GUN] ammo=False
[GUN] no target, no ammo
[GUN] (48,13) facing=SOUTHWEST
[GUN] ray: target=None pri=0
[GUN] ammo=False
[GUN] no target, no ammo
[GUN] (45,12) facing=SOUTH
[GUN] ray: target=None pri=0
[GUN] ammo=False
[GUN] no target, no ammo
[GUN] (49,13) facing=SOUTHWEST
[GUN] ray: target=None pri=0
[GUN] ammo=False
[GUN] no target, no ammo
  task=HEAL_CORE FAIL
[RUSH] --- rush eval at (49,11) en_core=(46,16) ---
[RUSH] step1: no flow tile in gunner range of core
[RUSH] step2: flow near core at (49,11) d²=34, extending to siege (47,13)
[RUSH] extend: from (49,11) toward core (46,16)
[RUSH] extend: siege target (47,13)
[RUSH] extend: path=[(49, 11), (47, 13)]
[RUSH] extend: path len=2, builder at (49,11)
[RUSH] extend[0]: (49,11)->(47,13) bld=None team=None connected=False
[RUSH] extend[0]: building (49,11)->(47,13) action=PlaceBridge(pos=Position(x=49, y=11), target=Position(x=47, y=13)) d²=0
  task=RUSH 0us OK -> (<Direction.CENTRE: 'centre'>, PlaceBridge(pos=Position(x=49, y=11), target=Position(x=47, y=13)))
  task=HEAL_CORE FAIL
[RUSH] --- rush eval at (48,9) en_core=(46,16) ---
[RUSH] step1: no flow tile in gunner range of core
[RUSH] step2: flow near core at (49,11) d²=34, extending to siege (47,13)
[RUSH] extend: from (49,11) toward core (46,16)
[RUSH] extend: siege target (47,13)
[RUSH] extend: path=[(49, 11), (47, 13)]
[RUSH] extend: path len=2, builder at (48,9)
[RUSH] extend[0]: (49,11)->(47,13) bld=None team=None connected=False
[RUSH] extend[0]: need to walk to (49,11) d²=5
  task=RUSH 0us OK -> (<Direction.SOUTHEAST: 'southeast'>, PlaceRoad(pos=Position(x=49, y=10)))
  task=HEAL_CORE FAIL
[RUSH] --- rush eval at (48,11) en_core=(46,16) ---
[RUSH] step1: no flow tile in gunner range of core
[RUSH] step2: flow near core at (49,11) d²=34, extending to siege (47,13)
[RUSH] extend: from (49,11) toward core (46,16)
[RUSH] extend: siege target (47,13)
[RUSH] extend: path=[(49, 11), (47, 13)]
[RUSH] extend: path len=2, builder at (48,11)
[RUSH] extend[0]: (49,11)->(47,13) bld=None team=None connected=False
[RUSH] extend[0]: building (49,11)->(47,13) action=PlaceBridge(pos=Position(x=49, y=11), target=Position(x=47, y=13)) d²=1
  task=RUSH 0us OK -> (<Direction.CENTRE: 'centre'>, PlaceBridge(pos=Position(x=49, y=11), target=Position(x=47, y=13)))
  task=HEAL_CORE FAIL
[RUSH] --- rush eval at (48,12) en_core=(46,16) ---
[RUSH] step1: no flow tile in gunner range of core
[RUSH] step2: flow near core at (49,11) d²=34, extending to siege (47,13)
[RUSH] extend: from (49,11) toward core (46,16)
[RUSH] extend: siege target (47,13)
[RUSH] extend: path=[(49, 11), (47, 13)]
[RUSH] extend: path len=2, builder at (48,12)
[RUSH] extend[0]: (49,11)->(47,13) bld=None team=None connected=False
[RUSH] extend[0]: building (49,11)->(47,13) action=PlaceBridge(pos=Position(x=49, y=11), target=Position(x=47, y=13)) d²=2
  task=RUSH 0us OK -> (<Direction.CENTRE: 'centre'>, PlaceBridge(pos=Position(x=49, y=11), target=Position(x=47, y=13)))
  task=HEAL_CORE FAIL
[RUSH] --- rush eval at (48,10) en_core=(46,16) ---
[RUSH] step1: no flow tile in gunner range of core
[RUSH] step2: flow near core at (49,11) d²=34, extending to siege (47,13)
[RUSH] extend: from (49,11) toward core (46,16)
[RUSH] extend: siege target (47,13)
[RUSH] extend: path=[(49, 11), (47, 13)]
[RUSH] extend: path len=2, builder at (48,10)
[RUSH] extend[0]: (49,11)->(47,13) bld=None team=None connected=False
[RUSH] extend[0]: building (49,11)->(47,13) action=PlaceBridge(pos=Position(x=49, y=11), target=Position(x=47, y=13)) d²=2
  task=RUSH 0us OK -> (<Direction.CENTRE: 'centre'>, PlaceBridge(pos=Position(x=49, y=11), target=Position(x=47, y=13)))
  task=HEAL_CORE FAIL
[RUSH] --- rush eval at (45,8) en_core=(46,16) ---
[RUSH] step1: flow in range at (48,13) facing SOUTHWEST
[RUSH] gunner: want to place at (48,13) facing SOUTHWEST, ti=51 cost=41
[RUSH] gunner: target (48,13) bld=None team=None builder=(45,8) d²=34
[RUSH] gunner: walking toward (48,13) d²=34
  task=RUSH 0us OK -> (<Direction.EAST: 'east'>, None)
[GUN] (45,9) facing=SOUTHWEST
[GUN] ray: target=None pri=0
[GUN] ammo=True
[GUN] feed_dir=NORTH
[GUN] no target, has ammo, best_rot=SOUTHWEST rot_pri=0
[GUN] (46,9) facing=SOUTH
[GUN] ray: target=None pri=0
[GUN] ammo=True
[GUN] feed_dir=NORTH
[GUN] no target, has ammo, best_rot=SOUTH rot_pri=0
[GUN] (47,12) facing=SOUTH
[GUN] ray: target=Position(x=47, y=15) pri=4
[GUN] ammo=True
[GUN] feed_dir=NORTH
[GUN] cur_pri=4 best_rot=SOUTH rot_pri=0
[GUN] FIRE at (47,15) pri=4
[GUN] (46,13) facing=SOUTH
[GUN] ray: target=None pri=0
[GUN] ammo=False
[GUN] no target, no ammo
[GUN] (48,13) facing=SOUTHWEST
[GUN] ray: target=None pri=0
[GUN] ammo=False
[GUN] no target, no ammo
[GUN] (45,12) facing=SOUTH
[GUN] ray: target=None pri=0
[GUN] ammo=False
[GUN] no target, no ammo
[GUN] (49,13) facing=SOUTHWEST
[GUN] ray: target=None pri=0
[GUN] ammo=False
[GUN] no target, no ammo
  task=HEAL_CORE FAIL
[RUSH] --- rush eval at (49,11) en_core=(46,16) ---
[RUSH] step1: no flow tile in gunner range of core
[RUSH] step2: flow near core at (49,11) d²=34, extending to siege (47,13)
[RUSH] extend: from (49,11) toward core (46,16)
[RUSH] extend: siege target (47,13)
[RUSH] extend: path=[(49, 11), (47, 13)]
[RUSH] extend: path len=2, builder at (49,11)
[RUSH] extend[0]: (49,11)->(47,13) bld=None team=None connected=False
[RUSH] extend[0]: building (49,11)->(47,13) action=PlaceBridge(pos=Position(x=49, y=11), target=Position(x=47, y=13)) d²=0
  task=RUSH 0us OK -> (<Direction.CENTRE: 'centre'>, PlaceBridge(pos=Position(x=49, y=11), target=Position(x=47, y=13)))
  task=HEAL_CORE FAIL
[RUSH] --- rush eval at (49,10) en_core=(46,16) ---
[RUSH] step1: no flow tile in gunner range of core
[RUSH] step2: flow near core at (49,11) d²=34, extending to siege (47,13)
[RUSH] extend: from (49,11) toward core (46,16)
[RUSH] extend: siege target (47,13)
[RUSH] extend: path=[(49, 11), (47, 13)]
[RUSH] extend: path len=2, builder at (49,10)
[RUSH] extend[0]: (49,11)->(47,13) bld=None team=None connected=False
[RUSH] extend[0]: building (49,11)->(47,13) action=PlaceBridge(pos=Position(x=49, y=11), target=Position(x=47, y=13)) d²=1
  task=RUSH 0us OK -> (<Direction.CENTRE: 'centre'>, PlaceBridge(pos=Position(x=49, y=11), target=Position(x=47, y=13)))
  task=HEAL_CORE FAIL
[RUSH] --- rush eval at (48,11) en_core=(46,16) ---
[RUSH] step1: no flow tile in gunner range of core
[RUSH] step2: flow near core at (49,11) d²=34, extending to siege (47,13)
[RUSH] extend: from (49,11) toward core (46,16)
[RUSH] extend: siege target (47,13)
[RUSH] extend: path=[(49, 11), (47, 13)]
[RUSH] extend: path len=2, builder at (48,11)
[RUSH] extend[0]: (49,11)->(47,13) bld=None team=None connected=False
[RUSH] extend[0]: building (49,11)->(47,13) action=PlaceBridge(pos=Position(x=49, y=11), target=Position(x=47, y=13)) d²=1
  task=RUSH 0us OK -> (<Direction.CENTRE: 'centre'>, PlaceBridge(pos=Position(x=49, y=11), target=Position(x=47, y=13)))
  task=HEAL_CORE FAIL
[RUSH] --- rush eval at (48,12) en_core=(46,16) ---
[RUSH] step1: no flow tile in gunner range of core
[RUSH] step2: flow near core at (49,11) d²=34, extending to siege (47,13)
[RUSH] extend: from (49,11) toward core (46,16)
[RUSH] extend: siege target (47,13)
[RUSH] extend: path=[(49, 11), (47, 13)]
[RUSH] extend: path len=2, builder at (48,12)
[RUSH] extend[0]: (49,11)->(47,13) bld=None team=None connected=False
[RUSH] extend[0]: building (49,11)->(47,13) action=PlaceBridge(pos=Position(x=49, y=11), target=Position(x=47, y=13)) d²=2
  task=RUSH 0us OK -> (<Direction.CENTRE: 'centre'>, PlaceBridge(pos=Position(x=49, y=11), target=Position(x=47, y=13)))
  task=HEAL_CORE FAIL
[RUSH] --- rush eval at (48,10) en_core=(46,16) ---
[RUSH] step1: no flow tile in gunner range of core
[RUSH] step2: flow near core at (49,11) d²=34, extending to siege (47,13)
[RUSH] extend: from (49,11) toward core (46,16)
[RUSH] extend: siege target (47,13)
[RUSH] extend: path=[(49, 11), (47, 13)]
[RUSH] extend: path len=2, builder at (48,10)
[RUSH] extend[0]: (49,11)->(47,13) bld=None team=None connected=False
[RUSH] extend[0]: building (49,11)->(47,13) action=PlaceBridge(pos=Position(x=49, y=11), target=Position(x=47, y=13)) d²=2
  task=RUSH 0us OK -> (<Direction.CENTRE: 'centre'>, PlaceBridge(pos=Position(x=49, y=11), target=Position(x=47, y=13)))
  task=HEAL_CORE FAIL
[RUSH] --- rush eval at (46,8) en_core=(46,16) ---
[RUSH] step1: flow in range at (48,13) facing SOUTHWEST
[RUSH] gunner: want to place at (48,13) facing SOUTHWEST, ti=51 cost=41
[RUSH] gunner: target (48,13) bld=None team=None builder=(46,8) d²=29
[RUSH] gunner: walking toward (48,13) d²=29
  task=RUSH 0us OK -> (<Direction.SOUTHEAST: 'southeast'>, None)
[GUN] (45,9) facing=SOUTHWEST
[GUN] ray: target=None pri=0
[GUN] ammo=True
[GUN] feed_dir=NORTH
[GUN] no target, has ammo, best_rot=SOUTHWEST rot_pri=0
[GUN] (46,9) facing=SOUTH
[GUN] ray: target=None pri=0
[GUN] ammo=True
[GUN] feed_dir=NORTH
[GUN] no target, has ammo, best_rot=SOUTH rot_pri=0
[GUN] (47,12) facing=SOUTH
[GUN] ray: target=Position(x=47, y=15) pri=4
[GUN] ammo=True
[GUN] feed_dir=NORTH
[GUN] cur_pri=4 best_rot=SOUTH rot_pri=0
[GUN] FIRE at (47,15) pri=4
[GUN] (46,13) facing=SOUTH
[GUN] ray: target=None pri=0
[GUN] ammo=False
[GUN] no target, no ammo
[GUN] (48,13) facing=SOUTHWEST
[GUN] ray: target=None pri=0
[GUN] ammo=False
[GUN] no target, no ammo
[GUN] (45,12) facing=SOUTH
[GUN] ray: target=None pri=0
[GUN] ammo=False
[GUN] no target, no ammo
[GUN] (49,13) facing=SOUTHWEST
[GUN] ray: target=None pri=0
[GUN] ammo=False
[GUN] no target, no ammo
  task=HEAL_CORE FAIL
[RUSH] --- rush eval at (49,11) en_core=(46,16) ---
[RUSH] step1: no flow tile in gunner range of core
[RUSH] step2: flow near core at (49,11) d²=34, extending to siege (47,13)
[RUSH] extend: from (49,11) toward core (46,16)
[RUSH] extend: siege target (47,13)
[RUSH] extend: path=[(49, 11), (47, 13)]
[RUSH] extend: path len=2, builder at (49,11)
[RUSH] extend[0]: (49,11)->(47,13) bld=None team=None connected=False
[RUSH] extend[0]: building (49,11)->(47,13) action=PlaceBridge(pos=Position(x=49, y=11), target=Position(x=47, y=13)) d²=0
  task=RUSH 0us OK -> (<Direction.CENTRE: 'centre'>, PlaceBridge(pos=Position(x=49, y=11), target=Position(x=47, y=13)))
  task=HEAL_CORE FAIL
[RUSH] --- rush eval at (49,10) en_core=(46,16) ---
[RUSH] step1: no flow tile in gunner range of core
[RUSH] step2: flow near core at (49,11) d²=34, extending to siege (47,13)
[RUSH] extend: from (49,11) toward core (46,16)
[RUSH] extend: siege target (47,13)
[RUSH] extend: path=[(49, 11), (47, 13)]
[RUSH] extend: path len=2, builder at (49,10)
[RUSH] extend[0]: (49,11)->(47,13) bld=None team=None connected=False
[RUSH] extend[0]: building (49,11)->(47,13) action=PlaceBridge(pos=Position(x=49, y=11), target=Position(x=47, y=13)) d²=1
  task=RUSH 0us OK -> (<Direction.CENTRE: 'centre'>, PlaceBridge(pos=Position(x=49, y=11), target=Position(x=47, y=13)))
  task=HEAL_CORE FAIL
[RUSH] --- rush eval at (48,11) en_core=(46,16) ---
[RUSH] step1: no flow tile in gunner range of core
[RUSH] step2: flow near core at (49,11) d²=34, extending to siege (47,13)
[RUSH] extend: from (49,11) toward core (46,16)
[RUSH] extend: siege target (47,13)
[RUSH] extend: path=[(49, 11), (47, 13)]
[RUSH] extend: path len=2, builder at (48,11)
[RUSH] extend[0]: (49,11)->(47,13) bld=None team=None connected=False
[RUSH] extend[0]: building (49,11)->(47,13) action=PlaceBridge(pos=Position(x=49, y=11), target=Position(x=47, y=13)) d²=1
  task=RUSH 0us OK -> (<Direction.CENTRE: 'centre'>, PlaceBridge(pos=Position(x=49, y=11), target=Position(x=47, y=13)))
  task=HEAL_CORE FAIL
[RUSH] --- rush eval at (48,12) en_core=(46,16) ---
[RUSH] step1: no flow tile in gunner range of core
[RUSH] step2: flow near core at (49,11) d²=34, extending to siege (47,13)
[RUSH] extend: from (49,11) toward core (46,16)
[RUSH] extend: siege target (47,13)
[RUSH] extend: path=[(49, 11), (47, 13)]
[RUSH] extend: path len=2, builder at (48,12)
[RUSH] extend[0]: (49,11)->(47,13) bld=None team=None connected=False
[RUSH] extend[0]: building (49,11)->(47,13) action=PlaceBridge(pos=Position(x=49, y=11), target=Position(x=47, y=13)) d²=2
  task=RUSH 0us OK -> (<Direction.CENTRE: 'centre'>, PlaceBridge(pos=Position(x=49, y=11), target=Position(x=47, y=13)))
  task=HEAL_CORE FAIL
[RUSH] --- rush eval at (48,10) en_core=(46,16) ---
[RUSH] step1: no flow tile in gunner range of core
[RUSH] step2: flow near core at (49,11) d²=34, extending to siege (47,13)
[RUSH] extend: from (49,11) toward core (46,16)
[RUSH] extend: siege target (47,13)
[RUSH] extend: path=[(49, 11), (47, 13)]
[RUSH] extend: path len=2, builder at (48,10)
[RUSH] extend[0]: (49,11)->(47,13) bld=None team=None connected=False
[RUSH] extend[0]: building (49,11)->(47,13) action=PlaceBridge(pos=Position(x=49, y=11), target=Position(x=47, y=13)) d²=2
  task=RUSH 0us OK -> (<Direction.CENTRE: 'centre'>, PlaceBridge(pos=Position(x=49, y=11), target=Position(x=47, y=13)))
  task=HEAL_CORE FAIL
[RUSH] --- rush eval at (47,9) en_core=(46,16) ---
[RUSH] step1: no flow tile in gunner range of core
[RUSH] step2: flow near core at (49,11) d²=34, extending to siege (47,13)
[RUSH] extend: from (49,11) toward core (46,16)
[RUSH] extend: siege target (47,13)
[RUSH] extend: path=[(49, 11), (47, 13)]
[RUSH] extend: path len=2, builder at (47,9)
[RUSH] extend[0]: (49,11)->(47,13) bld=None team=None connected=False
[RUSH] extend[0]: need to walk to (49,11) d²=8
  task=RUSH FAIL
  task=SCOUT_ENEMY 0us OK -> (<Direction.NORTHWEST: 'northwest'>, None)
[GUN] (45,9) facing=SOUTHWEST
[GUN] ray: target=None pri=0
[GUN] ammo=True
[GUN] feed_dir=NORTH
[GUN] no target, has ammo, best_rot=SOUTHWEST rot_pri=0
[GUN] (46,9) facing=SOUTH
[GUN] ray: target=None pri=0
[GUN] ammo=True
[GUN] feed_dir=NORTH
[GUN] no target, has ammo, best_rot=SOUTH rot_pri=0
[GUN] (47,12) facing=SOUTH
[GUN] ray: target=None pri=0
[GUN] ammo=False
[GUN] no target, no ammo
[GUN] (46,13) facing=SOUTH
[GUN] ray: target=None pri=0
[GUN] ammo=False
[GUN] no target, no ammo
[GUN] (48,13) facing=SOUTHWEST
[GUN] ray: target=None pri=0
[GUN] ammo=False
[GUN] no target, no ammo
[GUN] (45,12) facing=SOUTH
[GUN] ray: target=None pri=0
[GUN] ammo=False
[GUN] no target, no ammo
[GUN] (49,13) facing=SOUTHWEST
[GUN] ray: target=None pri=0
[GUN] ammo=False
[GUN] no target, no ammo
  task=HEAL_CORE FAIL
[RUSH] --- rush eval at (49,11) en_core=(46,16) ---
[RUSH] step1: no flow tile in gunner range of core
[RUSH] step2: flow near core at (49,11) d²=34, extending to siege (47,13)
[RUSH] extend: from (49,11) toward core (46,16)
[RUSH] extend: siege target (47,13)
[RUSH] extend: path=[(49, 11), (47, 13)]
[RUSH] extend: path len=2, builder at (49,11)
[RUSH] extend[0]: (49,11)->(47,13) bld=None team=None connected=False
[RUSH] extend[0]: building (49,11)->(47,13) action=PlaceBridge(pos=Position(x=49, y=11), target=Position(x=47, y=13)) d²=0
  task=RUSH 0us OK -> (<Direction.CENTRE: 'centre'>, PlaceBridge(pos=Position(x=49, y=11), target=Position(x=47, y=13)))
  task=HEAL_CORE FAIL
[RUSH] --- rush eval at (49,10) en_core=(46,16) ---
[RUSH] step1: no flow tile in gunner range of core
[RUSH] step2: flow near core at (49,11) d²=34, extending to siege (47,13)
[RUSH] extend: from (49,11) toward core (46,16)
[RUSH] extend: siege target (47,13)
[RUSH] extend: path=[(49, 11), (47, 13)]
[RUSH] extend: path len=2, builder at (49,10)
[RUSH] extend[0]: (49,11)->(47,13) bld=None team=None connected=False
[RUSH] extend[0]: building (49,11)->(47,13) action=PlaceBridge(pos=Position(x=49, y=11), target=Position(x=47, y=13)) d²=1
  task=RUSH 0us OK -> (<Direction.CENTRE: 'centre'>, PlaceBridge(pos=Position(x=49, y=11), target=Position(x=47, y=13)))
  task=HEAL_CORE FAIL
[RUSH] --- rush eval at (48,11) en_core=(46,16) ---
[RUSH] step1: no flow tile in gunner range of core
[RUSH] step2: flow near core at (49,11) d²=34, extending to siege (47,13)
[RUSH] extend: from (49,11) toward core (46,16)
[RUSH] extend: siege target (47,13)
[RUSH] extend: path=[(49, 11), (47, 13)]
[RUSH] extend: path len=2, builder at (48,11)
[RUSH] extend[0]: (49,11)->(47,13) bld=None team=None connected=False
[RUSH] extend[0]: building (49,11)->(47,13) action=PlaceBridge(pos=Position(x=49, y=11), target=Position(x=47, y=13)) d²=1
  task=RUSH 0us OK -> (<Direction.CENTRE: 'centre'>, PlaceBridge(pos=Position(x=49, y=11), target=Position(x=47, y=13)))
  task=HEAL_CORE FAIL
[RUSH] --- rush eval at (48,12) en_core=(46,16) ---
[RUSH] step1: no flow tile in gunner range of core
[RUSH] step2: flow near core at (49,11) d²=34, extending to siege (47,13)
[RUSH] extend: from (49,11) toward core (46,16)
[RUSH] extend: siege target (47,13)
[RUSH] extend: path=[(49, 11), (47, 13)]
[RUSH] extend: path len=2, builder at (48,12)
[RUSH] extend[0]: (49,11)->(47,13) bld=None team=None connected=False
[RUSH] extend[0]: building (49,11)->(47,13) action=PlaceBridge(pos=Position(x=49, y=11), target=Position(x=47, y=13)) d²=2
  task=RUSH 0us OK -> (<Direction.CENTRE: 'centre'>, PlaceBridge(pos=Position(x=49, y=11), target=Position(x=47, y=13)))
  task=HEAL_CORE FAIL
[RUSH] --- rush eval at (48,10) en_core=(46,16) ---
[RUSH] step1: no flow tile in gunner range of core
[RUSH] step2: flow near core at (49,11) d²=34, extending to siege (47,13)
[RUSH] extend: from (49,11) toward core (46,16)
[RUSH] extend: siege target (47,13)
[RUSH] extend: path=[(49, 11), (47, 13)]
[RUSH] extend: path len=2, builder at (48,10)
[RUSH] extend[0]: (49,11)->(47,13) bld=None team=None connected=False
[RUSH] extend[0]: building (49,11)->(47,13) action=PlaceBridge(pos=Position(x=49, y=11), target=Position(x=47, y=13)) d²=2
  task=RUSH 0us OK -> (<Direction.CENTRE: 'centre'>, PlaceBridge(pos=Position(x=49, y=11), target=Position(x=47, y=13)))
  task=HEAL_CORE FAIL
[RUSH] --- rush eval at (46,8) en_core=(46,16) ---
[RUSH] step1: no flow tile in gunner range of core
[RUSH] step2: flow near core at (49,11) d²=34, extending to siege (47,13)
[RUSH] extend: from (49,11) toward core (46,16)
[RUSH] extend: siege target (47,13)
[RUSH] extend: path=[(49, 11), (47, 13)]
[RUSH] extend: path len=2, builder at (46,8)
[RUSH] extend[0]: (49,11)->(47,13) bld=None team=None connected=False
[RUSH] extend[0]: need to walk to (49,11) d²=18
  task=RUSH 0us OK -> (<Direction.SOUTHEAST: 'southeast'>, None)
[GUN] (45,9) facing=SOUTHWEST
[GUN] ray: target=None pri=0
[GUN] ammo=True
[GUN] feed_dir=NORTH
[GUN] no target, has ammo, best_rot=SOUTHWEST rot_pri=0
[GUN] (46,9) facing=SOUTH
[GUN] ray: target=None pri=0
[GUN] ammo=True
[GUN] feed_dir=NORTH
[GUN] no target, has ammo, best_rot=SOUTH rot_pri=0
[GUN] (47,12) facing=SOUTH
[GUN] ray: target=None pri=0
[GUN] ammo=False
[GUN] no target, no ammo
[GUN] (46,13) facing=SOUTH
[GUN] ray: target=None pri=0
[GUN] ammo=False
[GUN] no target, no ammo
[GUN] (48,13) facing=SOUTHWEST
[GUN] ray: target=None pri=0
[GUN] ammo=False
[GUN] no target, no ammo
[GUN] (45,12) facing=SOUTH
[GUN] ray: target=None pri=0
[GUN] ammo=False
[GUN] no target, no ammo
[GUN] (49,13) facing=SOUTHWEST
[GUN] ray: target=None pri=0
[GUN] ammo=False
[GUN] no target, no ammo
  task=HEAL_CORE FAIL
[RUSH] --- rush eval at (49,11) en_core=(46,16) ---
[RUSH] step1: no flow tile in gunner range of core
[RUSH] step2: flow near core at (49,11) d²=34, extending to siege (47,13)
[RUSH] extend: from (49,11) toward core (46,16)
[RUSH] extend: siege target (47,13)
[RUSH] extend: path=[(49, 11), (47, 13)]
[RUSH] extend: path len=2, builder at (49,11)
[RUSH] extend[0]: (49,11)->(47,13) bld=None team=None connected=False
[RUSH] extend[0]: building (49,11)->(47,13) action=PlaceBridge(pos=Position(x=49, y=11), target=Position(x=47, y=13)) d²=0
  task=RUSH 0us OK -> (<Direction.CENTRE: 'centre'>, PlaceBridge(pos=Position(x=49, y=11), target=Position(x=47, y=13)))
  task=HEAL_CORE FAIL
[RUSH] --- rush eval at (49,10) en_core=(46,16) ---
[RUSH] step1: no flow tile in gunner range of core
[RUSH] step2: flow near core at (49,11) d²=34, extending to siege (47,13)
[RUSH] extend: from (49,11) toward core (46,16)
[RUSH] extend: siege target (47,13)
[RUSH] extend: path=[(49, 11), (47, 13)]
[RUSH] extend: path len=2, builder at (49,10)
[RUSH] extend[0]: (49,11)->(47,13) bld=None team=None connected=False
[RUSH] extend[0]: building (49,11)->(47,13) action=PlaceBridge(pos=Position(x=49, y=11), target=Position(x=47, y=13)) d²=1
  task=RUSH 0us OK -> (<Direction.CENTRE: 'centre'>, PlaceBridge(pos=Position(x=49, y=11), target=Position(x=47, y=13)))
  task=HEAL_CORE FAIL
[RUSH] --- rush eval at (48,11) en_core=(46,16) ---
[RUSH] step1: no flow tile in gunner range of core
[RUSH] step2: flow near core at (49,11) d²=34, extending to siege (47,13)
[RUSH] extend: from (49,11) toward core (46,16)
[RUSH] extend: siege target (47,13)
[RUSH] extend: path=[(49, 11), (47, 13)]
[RUSH] extend: path len=2, builder at (48,11)
[RUSH] extend[0]: (49,11)->(47,13) bld=None team=None connected=False
[RUSH] extend[0]: building (49,11)->(47,13) action=PlaceBridge(pos=Position(x=49, y=11), target=Position(x=47, y=13)) d²=1
  task=RUSH 0us OK -> (<Direction.CENTRE: 'centre'>, PlaceBridge(pos=Position(x=49, y=11), target=Position(x=47, y=13)))
  task=HEAL_CORE FAIL
[RUSH] --- rush eval at (48,12) en_core=(46,16) ---
[RUSH] step1: no flow tile in gunner range of core
[RUSH] step2: flow near core at (49,11) d²=34, extending to siege (47,13)
[RUSH] extend: from (49,11) toward core (46,16)
[RUSH] extend: siege target (47,13)
[RUSH] extend: path=[(49, 11), (47, 13)]
[RUSH] extend: path len=2, builder at (48,12)
[RUSH] extend[0]: (49,11)->(47,13) bld=None team=None connected=False
[RUSH] extend[0]: building (49,11)->(47,13) action=PlaceBridge(pos=Position(x=49, y=11), target=Position(x=47, y=13)) d²=2
  task=RUSH 0us OK -> (<Direction.CENTRE: 'centre'>, PlaceBridge(pos=Position(x=49, y=11), target=Position(x=47, y=13)))
  task=HEAL_CORE FAIL
[RUSH] --- rush eval at (48,10) en_core=(46,16) ---
[RUSH] step1: no flow tile in gunner range of core
[RUSH] step2: flow near core at (49,11) d²=34, extending to siege (47,13)
[RUSH] extend: from (49,11) toward core (46,16)
[RUSH] extend: siege target (47,13)
[RUSH] extend: path=[(49, 11), (47, 13)]
[RUSH] extend: path len=2, builder at (48,10)
[RUSH] extend[0]: (49,11)->(47,13) bld=None team=None connected=False
[RUSH] extend[0]: building (49,11)->(47,13) action=PlaceBridge(pos=Position(x=49, y=11), target=Position(x=47, y=13)) d²=2
  task=RUSH 0us OK -> (<Direction.CENTRE: 'centre'>, PlaceBridge(pos=Position(x=49, y=11), target=Position(x=47, y=13)))
  task=HEAL_CORE FAIL
[RUSH] --- rush eval at (47,9) en_core=(46,16) ---
[RUSH] step1: no flow tile in gunner range of core
[RUSH] step2: flow near core at (49,11) d²=34, extending to siege (47,13)
[RUSH] extend: from (49,11) toward core (46,16)
[RUSH] extend: siege target (47,13)
[RUSH] extend: path=[(49, 11), (47, 13)]
[RUSH] extend: path len=2, builder at (47,9)
[RUSH] extend[0]: (49,11)->(47,13) bld=None team=None connected=False
[RUSH] extend[0]: need to walk to (49,11) d²=8
  task=RUSH FAIL
  task=SCOUT_ENEMY 0us OK -> (<Direction.NORTHWEST: 'northwest'>, None)
[GUN] (45,9) facing=SOUTHWEST
[GUN] ray: target=None pri=0
[GUN] ammo=True
[GUN] feed_dir=NORTH
[GUN] no target, has ammo, best_rot=SOUTHWEST rot_pri=0
[GUN] (46,9) facing=SOUTH
[GUN] ray: target=None pri=0
[GUN] ammo=True
[GUN] feed_dir=NORTH
[GUN] no target, has ammo, best_rot=SOUTH rot_pri=0
[GUN] (47,12) facing=SOUTH
[GUN] ray: target=None pri=0
[GUN] ammo=False
[GUN] no target, no ammo
[GUN] (46,13) facing=SOUTH
[GUN] ray: target=None pri=0
[GUN] ammo=False
[GUN] no target, no ammo
[GUN] (48,13) facing=SOUTHWEST
[GUN] ray: target=None pri=0
[GUN] ammo=False
[GUN] no target, no ammo
[GUN] (45,12) facing=SOUTH
[GUN] ray: target=None pri=0
[GUN] ammo=False
[GUN] no target, no ammo
[GUN] (49,13) facing=SOUTHWEST
[GUN] ray: target=None pri=0
[GUN] ammo=False
[GUN] no target, no ammo
  task=HEAL_CORE FAIL
[RUSH] --- rush eval at (49,11) en_core=(46,16) ---
[RUSH] step1: no flow tile in gunner range of core
[RUSH] step2: flow near core at (49,11) d²=34, extending to siege (47,13)
[RUSH] extend: from (49,11) toward core (46,16)
[RUSH] extend: siege target (47,13)
[RUSH] extend: path=[(49, 11), (47, 13)]
[RUSH] extend: path len=2, builder at (49,11)
[RUSH] extend[0]: (49,11)->(47,13) bld=None team=None connected=False
[RUSH] extend[0]: building (49,11)->(47,13) action=PlaceBridge(pos=Position(x=49, y=11), target=Position(x=47, y=13)) d²=0
  task=RUSH 0us OK -> (<Direction.CENTRE: 'centre'>, PlaceBridge(pos=Position(x=49, y=11), target=Position(x=47, y=13)))
  task=HEAL_CORE FAIL
[RUSH] --- rush eval at (49,10) en_core=(46,16) ---
[RUSH] step1: no flow tile in gunner range of core
[RUSH] step2: flow near core at (49,11) d²=34, extending to siege (47,13)
[RUSH] extend: from (49,11) toward core (46,16)
[RUSH] extend: siege target (47,13)
[RUSH] extend: path=[(49, 11), (47, 13)]
[RUSH] extend: path len=2, builder at (49,10)
[RUSH] extend[0]: (49,11)->(47,13) bld=None team=None connected=False
[RUSH] extend[0]: building (49,11)->(47,13) action=PlaceBridge(pos=Position(x=49, y=11), target=Position(x=47, y=13)) d²=1
  task=RUSH 0us OK -> (<Direction.CENTRE: 'centre'>, PlaceBridge(pos=Position(x=49, y=11), target=Position(x=47, y=13)))
  task=HEAL_CORE FAIL
[RUSH] --- rush eval at (48,11) en_core=(46,16) ---
[RUSH] step1: no flow tile in gunner range of core
[RUSH] step2: flow near core at (49,11) d²=34, extending to siege (47,13)
[RUSH] extend: from (49,11) toward core (46,16)
[RUSH] extend: siege target (47,13)
[RUSH] extend: path=[(49, 11), (47, 13)]
[RUSH] extend: path len=2, builder at (48,11)
[RUSH] extend[0]: (49,11)->(47,13) bld=None team=None connected=False
[RUSH] extend[0]: building (49,11)->(47,13) action=PlaceBridge(pos=Position(x=49, y=11), target=Position(x=47, y=13)) d²=1
  task=RUSH 0us OK -> (<Direction.CENTRE: 'centre'>, PlaceBridge(pos=Position(x=49, y=11), target=Position(x=47, y=13)))
  task=HEAL_CORE FAIL
[RUSH] --- rush eval at (48,12) en_core=(46,16) ---
[RUSH] step1: no flow tile in gunner range of core
[RUSH] step2: flow near core at (49,11) d²=34, extending to siege (47,13)
[RUSH] extend: from (49,11) toward core (46,16)
[RUSH] extend: siege target (47,13)
[RUSH] extend: path=[(49, 11), (47, 13)]
[RUSH] extend: path len=2, builder at (48,12)
[RUSH] extend[0]: (49,11)->(47,13) bld=None team=None connected=False
[RUSH] extend[0]: building (49,11)->(47,13) action=PlaceBridge(pos=Position(x=49, y=11), target=Position(x=47, y=13)) d²=2
  task=RUSH 0us OK -> (<Direction.CENTRE: 'centre'>, PlaceBridge(pos=Position(x=49, y=11), target=Position(x=47, y=13)))
  task=HEAL_CORE FAIL
[RUSH] --- rush eval at (48,10) en_core=(46,16) ---
[RUSH] step1: no flow tile in gunner range of core
[RUSH] step2: flow near core at (49,11) d²=34, extending to siege (47,13)
[RUSH] extend: from (49,11) toward core (46,16)
[RUSH] extend: siege target (47,13)
[RUSH] extend: path=[(49, 11), (47, 13)]
[RUSH] extend: path len=2, builder at (48,10)
[RUSH] extend[0]: (49,11)->(47,13) bld=None team=None connected=False
[RUSH] extend[0]: building (49,11)->(47,13) action=PlaceBridge(pos=Position(x=49, y=11), target=Position(x=47, y=13)) d²=2
  task=RUSH 0us OK -> (<Direction.CENTRE: 'centre'>, PlaceBridge(pos=Position(x=49, y=11), target=Position(x=47, y=13)))
  task=HEAL_CORE FAIL
[RUSH] --- rush eval at (46,8) en_core=(46,16) ---
[RUSH] step1: no flow tile in gunner range of core
[RUSH] step2: flow near core at (49,11) d²=34, extending to siege (47,13)
[RUSH] extend: from (49,11) toward core (46,16)
[RUSH] extend: siege target (47,13)
[RUSH] extend: path=[(49, 11), (47, 13)]
[RUSH] extend: path len=2, builder at (46,8)
[RUSH] extend[0]: (49,11)->(47,13) bld=None team=None connected=False
[RUSH] extend[0]: need to walk to (49,11) d²=18
  task=RUSH 0us OK -> (<Direction.SOUTHEAST: 'southeast'>, None)
[GUN] (45,9) facing=SOUTHWEST
[GUN] ray: target=None pri=0
[GUN] ammo=True
[GUN] feed_dir=NORTH
[GUN] no target, has ammo, best_rot=SOUTHWEST rot_pri=0
[GUN] (46,9) facing=SOUTH
[GUN] ray: target=None pri=0
[GUN] ammo=True
[GUN] feed_dir=NORTH
[GUN] no target, has ammo, best_rot=SOUTH rot_pri=0
[GUN] (47,12) facing=SOUTH
[GUN] ray: target=Position(x=47, y=15) pri=4
[GUN] ammo=True
[GUN] feed_dir=NORTH
[GUN] cur_pri=4 best_rot=SOUTH rot_pri=0
[GUN] FIRE at (47,15) pri=4
[GUN] (46,13) facing=SOUTH
[GUN] ray: target=None pri=0
[GUN] ammo=False
[GUN] no target, no ammo
[GUN] (48,13) facing=SOUTHWEST
[GUN] ray: target=None pri=0
[GUN] ammo=False
[GUN] no target, no ammo
[GUN] (45,12) facing=SOUTH
[GUN] ray: target=None pri=0
[GUN] ammo=False
[GUN] no target, no ammo
[GUN] (49,13) facing=SOUTHWEST
[GUN] ray: target=None pri=0
[GUN] ammo=False
[GUN] no target, no ammo
  task=HEAL_CORE FAIL
[RUSH] --- rush eval at (49,11) en_core=(46,16) ---
[RUSH] step1: no flow tile in gunner range of core
[RUSH] step2: flow near core at (49,11) d²=34, extending to siege (47,13)
[RUSH] extend: from (49,11) toward core (46,16)
[RUSH] extend: siege target (47,13)
[RUSH] extend: path=[(49, 11), (47, 13)]
[RUSH] extend: path len=2, builder at (49,11)
[RUSH] extend[0]: (49,11)->(47,13) bld=None team=None connected=False
[RUSH] extend[0]: building (49,11)->(47,13) action=PlaceBridge(pos=Position(x=49, y=11), target=Position(x=47, y=13)) d²=0
  task=RUSH 0us OK -> (<Direction.CENTRE: 'centre'>, PlaceBridge(pos=Position(x=49, y=11), target=Position(x=47, y=13)))
  task=HEAL_CORE FAIL
[RUSH] --- rush eval at (49,10) en_core=(46,16) ---
[RUSH] step1: no flow tile in gunner range of core
[RUSH] step2: flow near core at (42,11) d²=41, extending to siege (44,13)
[RUSH] extend: from (42,11) toward core (46,16)
[RUSH] extend: siege target (44,13)
[RUSH] extend: path=[(42, 11), (41, 11), (41, 12), (41, 13), (42, 13), (43, 13), (44, 13)]
[RUSH] extend: path len=7, builder at (49,10)
[RUSH] extend[0]: (42,11)->(41,11) bld=None team=None connected=False
[RUSH] extend[0]: need to walk to (42,11) d²=50
  task=RUSH 0us OK -> (<Direction.NORTHWEST: 'northwest'>, None)
  task=HEAL_CORE FAIL
[RUSH] --- rush eval at (48,11) en_core=(46,16) ---
[RUSH] step1: no flow tile in gunner range of core
[RUSH] step2: flow near core at (43,10) d²=45, extending to siege (44,13)
[RUSH] extend: from (43,10) toward core (46,16)
[RUSH] extend: siege target (44,13)
[RUSH] extend: path=[(43, 10), (42, 10), (42, 11), (41, 11), (41, 12), (41, 13), (42, 13), (43, 13), (44, 13)]
[RUSH] extend: path len=9, builder at (48,11)
[RUSH] extend[0]: (43,10)->(42,10) bld=BuildingConveyor team=Team.A connected=True
[RUSH] extend[0]: already connected, skip
[RUSH] extend[1]: (42,10)->(42,11) bld=None team=None connected=False
[RUSH] extend[1]: need to walk to (42,10) d²=37
  task=RUSH 0us OK -> (<Direction.WEST: 'west'>, None)
  task=HEAL_CORE FAIL
[RUSH] --- rush eval at (48,12) en_core=(46,16) ---
[RUSH] step1: no flow tile in gunner range of core
[RUSH] step2: flow near core at (42,11) d²=41, extending to siege (44,13)
[RUSH] extend: from (42,11) toward core (46,16)
[RUSH] extend: siege target (44,13)
[RUSH] extend: path=[(42, 11), (41, 11), (41, 12), (41, 13), (42, 13), (43, 13), (44, 13)]
[RUSH] extend: path len=7, builder at (48,12)
[RUSH] extend[0]: (42,11)->(41,11) bld=None team=None connected=False
[RUSH] extend[0]: need to walk to (42,11) d²=37
  task=RUSH 0us OK -> (<Direction.NORTH: 'north'>, None)
  task=HEAL_CORE FAIL
[RUSH] --- rush eval at (48,10) en_core=(46,16) ---
[RUSH] step1: no flow tile in gunner range of core
[RUSH] step2: flow near core at (42,11) d²=41, extending to siege (44,13)
[RUSH] extend: from (42,11) toward core (46,16)
[RUSH] extend: siege target (44,13)
[RUSH] extend: path=[(42, 11), (41, 11), (41, 12), (41, 13), (42, 13), (43, 13), (44, 13)]
[RUSH] extend: path len=7, builder at (48,10)
[RUSH] extend[0]: (42,11)->(41,11) bld=None team=None connected=False
[RUSH] extend[0]: need to walk to (42,11) d²=37
  task=RUSH 0us OK -> (<Direction.NORTHEAST: 'northeast'>, PlaceRoad(pos=Position(x=49, y=9)))
  task=HEAL_CORE FAIL
[RUSH] --- rush eval at (47,9) en_core=(46,16) ---
[RUSH] step1: no flow tile in gunner range of core
[RUSH] step2: flow near core at (42,11) d²=41, extending to siege (43,13)
[RUSH] extend: from (42,11) toward core (46,16)
[RUSH] extend: siege target (43,13)
[RUSH] extend: path=[(42, 11), (41, 11), (41, 12), (41, 13), (42, 13), (43, 13)]
[RUSH] extend: path len=6, builder at (47,9)
[RUSH] extend[0]: (42,11)->(41,11) bld=None team=None connected=False
[RUSH] extend[0]: need to walk to (42,11) d²=29
  task=RUSH 0us OK -> (<Direction.NORTHWEST: 'northwest'>, None)
[GUN] (45,9) facing=SOUTHWEST
[GUN] ray: target=None pri=0
[GUN] ammo=True
[GUN] feed_dir=NORTH
[GUN] no target, has ammo, best_rot=SOUTHWEST rot_pri=0
[GUN] (46,9) facing=SOUTH
[GUN] ray: target=None pri=0
[GUN] ammo=True
[GUN] feed_dir=NORTH
[GUN] no target, has ammo, best_rot=SOUTH rot_pri=0
[GUN] (47,12) facing=SOUTH
[GUN] ray: target=Position(x=47, y=15) pri=4
[GUN] ammo=True
[GUN] feed_dir=NORTH
[GUN] cur_pri=4 best_rot=SOUTH rot_pri=0
[GUN] FIRE at (47,15) pri=4
[GUN] (46,13) facing=SOUTH
[GUN] ray: target=None pri=0
[GUN] ammo=False
[GUN] no target, no ammo
[GUN] (48,13) facing=SOUTHWEST
[GUN] ray: target=None pri=0
[GUN] ammo=False
[GUN] no target, no ammo
[GUN] (45,12) facing=SOUTH
[GUN] ray: target=None pri=0
[GUN] ammo=False
[GUN] no target, no ammo
[GUN] (49,13) facing=SOUTHWEST
[GUN] ray: target=None pri=0
[GUN] ammo=False
[GUN] no target, no ammo
  task=HEAL_CORE FAIL
[RUSH] --- rush eval at (49,11) en_core=(46,16) ---
[RUSH] step1: no flow tile in gunner range of core
[RUSH] step2: flow near core at (43,10) d²=45, extending to siege (44,13)
[RUSH] extend: from (43,10) toward core (46,16)
[RUSH] extend: siege target (44,13)
[RUSH] extend: path=[(43, 10), (42, 10), (42, 11), (41, 11), (41, 12), (41, 13), (42, 13), (43, 13), (44, 13)]
[RUSH] extend: path len=9, builder at (49,11)
[RUSH] extend[0]: (43,10)->(42,10) bld=BuildingConveyor team=Team.A connected=True
[RUSH] extend[0]: already connected, skip
[RUSH] extend[1]: (42,10)->(42,11) bld=None team=None connected=False
[RUSH] extend[1]: need to walk to (42,10) d²=50
  task=RUSH 0us OK -> (<Direction.NORTHWEST: 'northwest'>, None)
  task=HEAL_CORE FAIL
[RUSH] --- rush eval at (48,9) en_core=(46,16) ---
[RUSH] step1: no flow tile in gunner range of core
[RUSH] step2: flow near core at (42,11) d²=41, extending to siege (44,13)
[RUSH] extend: from (42,11) toward core (46,16)
[RUSH] extend: siege target (44,13)
[RUSH] extend: path=[(42, 11), (41, 11), (41, 12), (41, 13), (42, 13), (43, 13), (44, 13)]
[RUSH] extend: path len=7, builder at (48,9)
[RUSH] extend[0]: (42,11)->(41,11) bld=None team=None connected=False
[RUSH] extend[0]: need to walk to (42,11) d²=40
  task=RUSH 0us OK -> (<Direction.NORTHWEST: 'northwest'>, None)
  task=HEAL_CORE FAIL
[RUSH] --- rush eval at (47,11) en_core=(46,16) ---
[RUSH] step1: no flow tile in gunner range of core
[RUSH] step2: flow near core at (43,10) d²=45, extending to siege (44,13)
[RUSH] extend: from (43,10) toward core (46,16)
[RUSH] extend: siege target (44,13)
[RUSH] extend: path=[(43, 10), (42, 10), (42, 11), (41, 11), (41, 12), (41, 13), (42, 13), (43, 13), (44, 13)]
[RUSH] extend: path len=9, builder at (47,11)
[RUSH] extend[0]: (43,10)->(42,10) bld=BuildingConveyor team=Team.A connected=True
[RUSH] extend[0]: already connected, skip
[RUSH] extend[1]: (42,10)->(42,11) bld=None team=None connected=False
[RUSH] extend[1]: need to walk to (42,10) d²=26
  task=RUSH 0us OK -> (<Direction.NORTH: 'north'>, None)
  task=HEAL_CORE FAIL
[RUSH] --- rush eval at (48,11) en_core=(46,16) ---
[RUSH] step1: no flow tile in gunner range of core
[RUSH] step2: flow near core at (42,11) d²=41, extending to siege (44,13)
[RUSH] extend: from (42,11) toward core (46,16)
[RUSH] extend: siege target (44,13)
[RUSH] extend: path=[(42, 11), (41, 11), (41, 12), (41, 13), (42, 13), (43, 13), (44, 13)]
[RUSH] extend: path len=7, builder at (48,11)
[RUSH] extend[0]: (42,11)->(41,11) bld=None team=None connected=False
[RUSH] extend[0]: need to walk to (42,11) d²=36
  task=RUSH 0us OK -> (<Direction.NORTHEAST: 'northeast'>, None)
  task=HEAL_CORE FAIL
[RUSH] --- rush eval at (49,9) en_core=(46,16) ---
[RUSH] step1: no flow tile in gunner range of core
[RUSH] step2: flow near core at (42,11) d²=41, extending to siege (44,13)
[RUSH] extend: from (42,11) toward core (46,16)
[RUSH] extend: siege target (44,13)
[RUSH] extend: path=[(42, 11), (41, 11), (41, 12), (41, 13), (42, 13), (43, 13), (44, 13)]
[RUSH] extend: path len=7, builder at (49,9)
[RUSH] extend[0]: (42,11)->(41,11) bld=None team=None connected=False
[RUSH] extend[0]: need to walk to (42,11) d²=53
  task=RUSH 0us OK -> (<Direction.NORTHWEST: 'northwest'>, None)
  task=HEAL_CORE FAIL
[RUSH] --- rush eval at (46,8) en_core=(46,16) ---
[RUSH] step1: no flow tile in gunner range of core
[RUSH] step2: flow near core at (42,11) d²=41, extending to siege (43,13)
[RUSH] extend: from (42,11) toward core (46,16)
[RUSH] extend: siege target (43,13)
[RUSH] extend: path=[(42, 11), (41, 11), (41, 12), (41, 13), (42, 13), (43, 13)]
[RUSH] extend: path len=6, builder at (46,8)
[RUSH] extend[0]: (42,11)->(41,11) bld=None team=None connected=False
[RUSH] extend[0]: need to walk to (42,11) d²=25
  task=RUSH 0us OK -> (<Direction.WEST: 'west'>, None)
[GUN] (45,9) facing=SOUTHWEST
[GUN] ray: target=None pri=0
[GUN] ammo=True
[GUN] feed_dir=NORTH
[GUN] no target, has ammo, best_rot=SOUTHWEST rot_pri=0
[GUN] (46,9) facing=SOUTH
[GUN] ray: target=None pri=0
[GUN] ammo=True
[GUN] feed_dir=NORTH
[GUN] no target, has ammo, best_rot=SOUTH rot_pri=0
[GUN] (47,12) facing=SOUTH
[GUN] ray: target=Position(x=47, y=15) pri=4
[GUN] ammo=True
[GUN] feed_dir=NORTH
[GUN] cur_pri=4 best_rot=SOUTH rot_pri=0
[GUN] FIRE at (47,15) pri=4
[GUN] (46,13) facing=SOUTH
[GUN] ray: target=None pri=0
[GUN] ammo=False
[GUN] no target, no ammo
[GUN] (48,13) facing=SOUTHWEST
[GUN] ray: target=None pri=0
[GUN] ammo=False
[GUN] no target, no ammo
[GUN] (45,12) facing=SOUTH
[GUN] ray: target=None pri=0
[GUN] ammo=False
[GUN] no target, no ammo
[GUN] (49,13) facing=SOUTHWEST
[GUN] ray: target=None pri=0
[GUN] ammo=False
[GUN] no target, no ammo
  task=HEAL_CORE FAIL
[RUSH] --- rush eval at (48,10) en_core=(46,16) ---
[RUSH] step1: no flow tile in gunner range of core
[RUSH] step2: flow near core at (43,10) d²=45, extending to siege (44,13)
[RUSH] extend: from (43,10) toward core (46,16)
[RUSH] extend: siege target (44,13)
[RUSH] extend: path=[(43, 10), (42, 10), (42, 11), (41, 11), (41, 12), (41, 13), (42, 13), (43, 13), (44, 13)]
[RUSH] extend: path len=9, builder at (48,10)
[RUSH] extend[0]: (43,10)->(42,10) bld=BuildingConveyor team=Team.A connected=True
[RUSH] extend[0]: already connected, skip
[RUSH] extend[1]: (42,10)->(42,11) bld=None team=None connected=False
[RUSH] extend[1]: need to walk to (42,10) d²=36
  task=RUSH 0us OK -> (<Direction.NORTHWEST: 'northwest'>, None)
  task=HEAL_CORE FAIL
[RUSH] --- rush eval at (47,8) en_core=(46,16) ---
[RUSH] step1: no flow tile in gunner range of core
[RUSH] step2: flow near core at (42,11) d²=41, extending to siege (44,13)
[RUSH] extend: from (42,11) toward core (46,16)
[RUSH] extend: siege target (44,13)
[RUSH] extend: path=[(42, 11), (41, 11), (41, 12), (41, 13), (42, 13), (43, 13), (44, 13)]
[RUSH] extend: path len=7, builder at (47,8)
[RUSH] extend[0]: (42,11)->(41,11) bld=None team=None connected=False
[RUSH] extend[0]: need to walk to (42,11) d²=34
  task=RUSH 0us OK -> (<Direction.WEST: 'west'>, None)
  task=HEAL_CORE FAIL
[RUSH] --- rush eval at (47,10) en_core=(46,16) ---
[RUSH] step1: no flow tile in gunner range of core
[RUSH] step2: flow near core at (43,10) d²=45, extending to siege (44,13)
[RUSH] extend: from (43,10) toward core (46,16)
[RUSH] extend: siege target (44,13)
[RUSH] extend: path=[(43, 10), (42, 10), (42, 11), (41, 11), (41, 12), (41, 13), (42, 13), (43, 13), (44, 13)]
[RUSH] extend: path len=9, builder at (47,10)
[RUSH] extend[0]: (43,10)->(42,10) bld=BuildingConveyor team=Team.A connected=True
[RUSH] extend[0]: already connected, skip
[RUSH] extend[1]: (42,10)->(42,11) bld=None team=None connected=False
[RUSH] extend[1]: need to walk to (42,10) d²=25
  task=RUSH 0us OK -> (<Direction.NORTHEAST: 'northeast'>, None)
  task=HEAL_CORE FAIL
[RUSH] --- rush eval at (49,10) en_core=(46,16) ---
[RUSH] step1: no flow tile in gunner range of core
[RUSH] step2: flow near core at (42,11) d²=41, extending to siege (44,13)
[RUSH] extend: from (42,11) toward core (46,16)
[RUSH] extend: siege target (44,13)
[RUSH] extend: path=[(42, 11), (41, 11), (41, 12), (41, 13), (42, 13), (43, 13), (44, 13)]
[RUSH] extend: path len=7, builder at (49,10)
[RUSH] extend[0]: (42,11)->(41,11) bld=None team=None connected=False
[RUSH] extend[0]: need to walk to (42,11) d²=50
  task=RUSH 0us OK -> (<Direction.SOUTHWEST: 'southwest'>, None)
  task=HEAL_CORE FAIL
[RUSH] --- rush eval at (48,8) en_core=(46,16) ---
[RUSH] step1: no flow tile in gunner range of core
[RUSH] step2: flow near core at (42,11) d²=41, extending to siege (44,13)
[RUSH] extend: from (42,11) toward core (46,16)
[RUSH] extend: siege target (44,13)
[RUSH] extend: path=[(42, 11), (41, 11), (41, 12), (41, 13), (42, 13), (43, 13), (44, 13)]
[RUSH] extend: path len=7, builder at (48,8)
[RUSH] extend[0]: (42,11)->(41,11) bld=None team=None connected=False
[RUSH] extend[0]: need to walk to (42,11) d²=45
  task=RUSH 0us OK -> (<Direction.WEST: 'west'>, None)
  task=HEAL_CORE FAIL
[RUSH] --- rush eval at (45,8) en_core=(46,16) ---
[RUSH] step1: no flow tile in gunner range of core
[RUSH] step2: flow near core at (42,11) d²=41, extending to siege (43,13)
[RUSH] extend: from (42,11) toward core (46,16)
[RUSH] extend: siege target (43,13)
[RUSH] extend: path=[(42, 11), (41, 11), (41, 12), (41, 13), (42, 13), (43, 13)]
[RUSH] extend: path len=6, builder at (45,8)
[RUSH] extend[0]: (42,11)->(41,11) bld=None team=None connected=False
[RUSH] extend[0]: need to walk to (42,11) d²=18
  task=RUSH 0us OK -> (<Direction.SOUTHWEST: 'southwest'>, None)
[GUN] (45,9) facing=SOUTHWEST
[GUN] ray: target=None pri=0
[GUN] ammo=True
[GUN] feed_dir=NORTH
[GUN] no target, has ammo, best_rot=SOUTHWEST rot_pri=0
[GUN] (46,9) facing=SOUTH
[GUN] ray: target=None pri=0
[GUN] ammo=True
[GUN] feed_dir=NORTH
[GUN] no target, has ammo, best_rot=SOUTH rot_pri=0
[GUN] (47,12) facing=SOUTH
[GUN] ray: target=Position(x=47, y=15) pri=4
[GUN] ammo=True
[GUN] feed_dir=NORTH
[GUN] cur_pri=4 best_rot=SOUTH rot_pri=0
[GUN] FIRE at (47,15) pri=4
[GUN] (46,13) facing=SOUTH
[GUN] ray: target=None pri=0
[GUN] ammo=False
[GUN] no target, no ammo
[GUN] (48,13) facing=SOUTHWEST
[GUN] ray: target=None pri=0
[GUN] ammo=False
[GUN] no target, no ammo
[GUN] (45,12) facing=SOUTH
[GUN] ray: target=None pri=0
[GUN] ammo=False
[GUN] no target, no ammo
[GUN] (49,13) facing=SOUTHWEST
[GUN] ray: target=None pri=0
[GUN] ammo=False
[GUN] no target, no ammo
  task=HEAL_CORE FAIL
[RUSH] --- rush eval at (47,9) en_core=(46,16) ---
[RUSH] step1: no flow tile in gunner range of core
[RUSH] step2: flow near core at (43,10) d²=45, extending to siege (44,13)
[RUSH] extend: from (43,10) toward core (46,16)
[RUSH] extend: siege target (44,13)
[RUSH] extend: path=[(43, 10), (42, 10), (42, 11), (41, 11), (41, 12), (41, 13), (42, 13), (43, 13), (44, 13)]
[RUSH] extend: path len=9, builder at (47,9)
[RUSH] extend[0]: (43,10)->(42,10) bld=BuildingConveyor team=Team.A connected=True
[RUSH] extend[0]: already connected, skip
[RUSH] extend[1]: (42,10)->(42,11) bld=None team=None connected=False
[RUSH] extend[1]: need to walk to (42,10) d²=26
  task=RUSH 0us OK -> (<Direction.NORTHEAST: 'northeast'>, None)
  task=HEAL_CORE FAIL
[RUSH] --- rush eval at (46,8) en_core=(46,16) ---
[RUSH] step1: no flow tile in gunner range of core
[RUSH] step2: flow near core at (42,11) d²=41, extending to siege (44,13)
[RUSH] extend: from (42,11) toward core (46,16)
[RUSH] extend: siege target (44,13)
[RUSH] extend: path=[(42, 11), (41, 11), (41, 12), (41, 13), (42, 13), (43, 13), (44, 13)]
[RUSH] extend: path len=7, builder at (46,8)
[RUSH] extend[0]: (42,11)->(41,11) bld=None team=None connected=False
[RUSH] extend[0]: need to walk to (42,11) d²=25
  task=RUSH 0us OK -> (<Direction.WEST: 'west'>, None)
  task=HEAL_CORE FAIL
[RUSH] --- rush eval at (48,9) en_core=(46,16) ---
[RUSH] step1: no flow tile in gunner range of core
[RUSH] step2: flow near core at (43,10) d²=45, extending to siege (44,13)
[RUSH] extend: from (43,10) toward core (46,16)
[RUSH] extend: siege target (44,13)
[RUSH] extend: path=[(43, 10), (42, 10), (42, 11), (41, 11), (41, 12), (41, 13), (42, 13), (43, 13), (44, 13)]
[RUSH] extend: path len=9, builder at (48,9)
[RUSH] extend[0]: (43,10)->(42,10) bld=BuildingConveyor team=Team.A connected=True
[RUSH] extend[0]: already connected, skip
[RUSH] extend[1]: (42,10)->(42,11) bld=None team=None connected=False
[RUSH] extend[1]: need to walk to (42,10) d²=37
  task=RUSH 0us OK -> (<Direction.WEST: 'west'>, None)
  task=HEAL_CORE FAIL
[RUSH] --- rush eval at (48,11) en_core=(46,16) ---
[RUSH] step1: no flow tile in gunner range of core
[RUSH] step2: flow near core at (42,11) d²=41, extending to siege (44,13)
[RUSH] extend: from (42,11) toward core (46,16)
[RUSH] extend: siege target (44,13)
[RUSH] extend: path=[(42, 11), (41, 11), (41, 12), (41, 13), (42, 13), (43, 13), (44, 13)]
[RUSH] extend: path len=7, builder at (48,11)
[RUSH] extend[0]: (42,11)->(41,11) bld=None team=None connected=False
[RUSH] extend[0]: need to walk to (42,11) d²=36
  task=RUSH 0us OK -> (<Direction.WEST: 'west'>, None)
  task=HEAL_CORE FAIL
[RUSH] --- rush eval at (47,8) en_core=(46,16) ---
[RUSH] step1: no flow tile in gunner range of core
[RUSH] step2: flow near core at (42,11) d²=41, extending to siege (44,13)
[RUSH] extend: from (42,11) toward core (46,16)
[RUSH] extend: siege target (44,13)
[RUSH] extend: path=[(42, 11), (41, 11), (41, 12), (41, 13), (42, 13), (43, 13), (44, 13)]
[RUSH] extend: path len=7, builder at (47,8)
[RUSH] extend[0]: (42,11)->(41,11) bld=None team=None connected=False
[RUSH] extend[0]: need to walk to (42,11) d²=34
  task=RUSH 0us OK -> (<Direction.WEST: 'west'>, None)
  task=HEAL_CORE FAIL
[RUSH] --- rush eval at (44,9) en_core=(46,16) ---
[RUSH] step1: no flow tile in gunner range of core
[RUSH] step2: flow near core at (42,11) d²=41, extending to siege (43,13)
[RUSH] extend: from (42,11) toward core (46,16)
[RUSH] extend: siege target (43,13)
[RUSH] extend: path=[(42, 11), (41, 11), (41, 12), (41, 13), (42, 13), (43, 13)]
[RUSH] extend: path len=6, builder at (44,9)
[RUSH] extend[0]: (42,11)->(41,11) bld=None team=None connected=False
[RUSH] extend[0]: need to walk to (42,11) d²=8
  task=RUSH 0us OK -> (<Direction.SOUTHWEST: 'southwest'>, None)
[GUN] (45,9) facing=SOUTHWEST
[GUN] ray: target=None pri=0
[GUN] ammo=True
[GUN] feed_dir=NORTH
[GUN] no target, has ammo, best_rot=SOUTHWEST rot_pri=0
[GUN] (46,9) facing=SOUTH
[GUN] ray: target=None pri=0
[GUN] ammo=True
[GUN] feed_dir=NORTH
[GUN] no target, has ammo, best_rot=SOUTH rot_pri=0
[GUN] (47,12) facing=SOUTH
[GUN] ray: target=Position(x=47, y=15) pri=4
[GUN] ammo=True
[GUN] feed_dir=NORTH
[GUN] cur_pri=4 best_rot=SOUTH rot_pri=0
[GUN] FIRE at (47,15) pri=4
[GUN] (46,13) facing=SOUTH
[GUN] ray: target=None pri=0
[GUN] ammo=False
[GUN] no target, no ammo
[GUN] (48,13) facing=SOUTHWEST
[GUN] ray: target=None pri=0
[GUN] ammo=False
[GUN] no target, no ammo
[GUN] (45,12) facing=SOUTH
[GUN] ray: target=None pri=0
[GUN] ammo=False
[GUN] no target, no ammo
[GUN] (49,13) facing=SOUTHWEST
[GUN] ray: target=None pri=0
[GUN] ammo=False
[GUN] no target, no ammo
