  task=HEAL_CORE FAIL
  task=CONNECT_BACK FAIL
  task=HARVEST_TI FAIL
  task=EXPLORE 0us OK -> (<Direction.SOUTHEAST: 'southeast'>, None)
  task=HEAL_CORE FAIL
  task=CONNECT_BACK FAIL
  task=HARVEST_TI 0us OK -> (<Direction.NORTHEAST: 'northeast'>, PlaceRoad(pos=Position(x=3, y=0)))
  task=HEAL_CORE FAIL
  task=CONNECT_BACK FAIL
  task=HARVEST_TI FAIL
  task=EXPLORE 0us OK -> (<Direction.SOUTHEAST: 'southeast'>, PlaceRoad(pos=Position(x=3, y=1)))
  task=HEAL_CORE FAIL
  task=CONNECT_BACK FAIL
  task=HARVEST_TI 0us OK -> (<Direction.EAST: 'east'>, PlaceRoad(pos=Position(x=4, y=0)))
  task=HEAL_CORE FAIL
  task=CONNECT_BACK FAIL
  task=HARVEST_TI FAIL
  task=EXPLORE 0us OK -> (<Direction.SOUTHEAST: 'southeast'>, PlaceRoad(pos=Position(x=4, y=2)))
  task=HEAL_CORE FAIL
  task=CONNECT_BACK FAIL
  task=HARVEST_TI FAIL
  task=EXPLORE 0us OK -> (<Direction.SOUTHEAST: 'southeast'>, None)
  task=HEAL_CORE FAIL
  task=CONNECT_BACK FAIL
  task=HARVEST_TI 0us OK -> (<Direction.SOUTHEAST: 'southeast'>, PlaceRoad(pos=Position(x=5, y=1)))
  task=HEAL_CORE FAIL
  task=CONNECT_BACK FAIL
  task=HARVEST_TI 0us OK -> (<Direction.SOUTHEAST: 'southeast'>, PlaceRoad(pos=Position(x=5, y=3)))
  task=HEAL_CORE FAIL
  task=CONNECT_BACK FAIL
  task=HARVEST_TI FAIL
  task=EXPLORE 0us OK -> (<Direction.EAST: 'east'>, None)
  task=HEAL_CORE FAIL
  task=CONNECT_BACK FAIL
  task=HARVEST_TI FAIL
  task=EXPLORE 0us OK -> (<Direction.EAST: 'east'>, None)
  task=HEAL_CORE FAIL
  task=CONNECT_BACK FAIL
  task=HARVEST_TI 0us OK -> (<Direction.CENTRE: 'centre'>, PlaceHarvester(pos=Position(x=6, y=1)))
  task=HEAL_CORE FAIL
  task=CONNECT_BACK 0us OK -> (<Direction.NORTHWEST: 'northwest'>, None)
  task=HEAL_CORE FAIL
  task=CONNECT_BACK 0us OK -> (<Direction.NORTHEAST: 'northeast'>, None)
  task=HEAL_CORE FAIL
  task=CONNECT_BACK 0us OK -> (<Direction.SOUTHEAST: 'southeast'>, PlaceRoad(pos=Position(x=4, y=1)))
  task=HEAL_CORE FAIL
  task=CONNECT_BACK FAIL
  task=HARVEST_TI FAIL
  task=EXPLORE 0us OK -> (<Direction.SOUTHEAST: 'southeast'>, None)
  task=HEAL_CORE FAIL
  task=CONNECT_BACK 0us OK -> (<Direction.WEST: 'west'>, PlaceConveyor(pos=Position(x=5, y=1), direction=<Direction.WEST: 'west'>))
  task=HEAL_CORE FAIL
  task=CONNECT_BACK 0us OK -> (<Direction.NORTHWEST: 'northwest'>, PlaceConveyor(pos=Position(x=4, y=1), direction=<Direction.WEST: 'west'>))
  task=HEAL_CORE FAIL
  task=CONNECT_BACK 0us OK -> (<Direction.SOUTHWEST: 'southwest'>, PlaceConveyor(pos=Position(x=3, y=1), direction=<Direction.WEST: 'west'>))
  task=HEAL_CORE FAIL
  task=CONNECT_BACK FAIL
  task=HARVEST_TI FAIL
  task=EXPLORE 0us OK -> (<Direction.SOUTH: 'south'>, None)
  task=HEAL_CORE FAIL
  task=CONNECT_BACK FAIL
  task=HARVEST_TI FAIL
  task=EXPLORE 0us OK -> (<Direction.NORTHEAST: 'northeast'>, None)
  task=HEAL_CORE FAIL
  task=CONNECT_BACK FAIL
  task=HARVEST_TI FAIL
  task=EXPLORE 0us OK -> (<Direction.SOUTH: 'south'>, None)
  task=HEAL_CORE FAIL
  task=CONNECT_BACK FAIL
  task=HARVEST_TI FAIL
  task=EXPLORE 0us OK -> (<Direction.SOUTHEAST: 'southeast'>, PlaceRoad(pos=Position(x=6, y=2)))
  task=HEAL_CORE FAIL
  task=CONNECT_BACK FAIL
  task=HARVEST_TI 0us OK -> (<Direction.SOUTHWEST: 'southwest'>, None)
  task=HEAL_CORE FAIL
  task=CONNECT_BACK FAIL
  task=HARVEST_TI FAIL
  task=EXPLORE 0us OK -> (<Direction.SOUTHEAST: 'southeast'>, None)
  task=HEAL_CORE FAIL
  task=CONNECT_BACK FAIL
  task=HARVEST_TI FAIL
  task=EXPLORE 0us OK -> (<Direction.SOUTHEAST: 'southeast'>, None)
  task=HEAL_CORE FAIL
  task=CONNECT_BACK FAIL
  task=HARVEST_TI FAIL
  task=EXPLORE 0us OK -> (<Direction.SOUTHEAST: 'southeast'>, None)
  task=HEAL_CORE FAIL
  task=CONNECT_BACK FAIL
  task=HARVEST_TI FAIL
  task=EXPLORE 0us OK -> (<Direction.EAST: 'east'>, None)
  task=HEAL_CORE FAIL
  task=CONNECT_BACK FAIL
  task=HARVEST_TI FAIL
  task=EXPLORE 0us OK -> (<Direction.SOUTHEAST: 'southeast'>, PlaceRoad(pos=Position(x=7, y=3)))
  task=HEAL_CORE FAIL
  task=CONNECT_BACK FAIL
  task=HARVEST_TI 0us OK -> (<Direction.SOUTHEAST: 'southeast'>, PlaceRoad(pos=Position(x=3, y=3)))
  task=HEAL_CORE FAIL
  task=CONNECT_BACK FAIL
  task=HARVEST_TI FAIL
  task=EXPLORE 0us OK -> (<Direction.SOUTHEAST: 'southeast'>, None)
  task=HEAL_CORE FAIL
  task=CONNECT_BACK FAIL
  task=HARVEST_TI FAIL
  task=EXPLORE 0us OK -> (<Direction.EAST: 'east'>, PlaceRoad(pos=Position(x=6, y=3)))
  task=HEAL_CORE FAIL
  task=CONNECT_BACK FAIL
  task=HARVEST_TI FAIL
  task=EXPLORE 0us OK -> (<Direction.SOUTH: 'south'>, None)
  task=HEAL_CORE FAIL
  task=CONNECT_BACK FAIL
  task=HARVEST_TI FAIL
  task=EXPLORE 0us OK -> (<Direction.EAST: 'east'>, None)
  task=HEAL_CORE FAIL
  task=CONNECT_BACK FAIL
  task=HARVEST_TI 0us OK -> (<Direction.SOUTHEAST: 'southeast'>, PlaceRoad(pos=Position(x=8, y=4)))
  task=HEAL_CORE FAIL
  task=CONNECT_BACK FAIL
  task=HARVEST_TI 0us OK -> (<Direction.SOUTHWEST: 'southwest'>, PlaceRoad(pos=Position(x=2, y=4)))
  task=HEAL_CORE FAIL
  task=CONNECT_BACK FAIL
  task=HARVEST_TI FAIL
  task=EXPLORE 0us OK -> (<Direction.SOUTHEAST: 'southeast'>, None)
  task=HEAL_CORE FAIL
  task=CONNECT_BACK FAIL
  task=HARVEST_TI FAIL
  task=EXPLORE 0us OK -> (<Direction.SOUTHEAST: 'southeast'>, PlaceRoad(pos=Position(x=7, y=4)))
  task=HEAL_CORE FAIL
  task=CONNECT_BACK FAIL
  task=HARVEST_TI FAIL
  task=EXPLORE 0us OK -> (<Direction.SOUTHEAST: 'southeast'>, None)
  task=HEAL_CORE FAIL
  task=CONNECT_BACK FAIL
  task=HARVEST_TI FAIL
  task=EXPLORE 0us OK -> (<Direction.EAST: 'east'>, None)
  task=HEAL_CORE FAIL
  task=CONNECT_BACK FAIL
  task=HARVEST_TI 0us OK -> (<Direction.SOUTHEAST: 'southeast'>, PlaceRoad(pos=Position(x=9, y=5)))
  task=HEAL_CORE FAIL
  task=CONNECT_BACK FAIL
  task=HARVEST_TI 0us OK -> (<Direction.SOUTHEAST: 'southeast'>, PlaceRoad(pos=Position(x=3, y=5)))
  task=HEAL_CORE FAIL
  task=CONNECT_BACK FAIL
  task=HARVEST_TI FAIL
  task=EXPLORE 0us OK -> (<Direction.SOUTHEAST: 'southeast'>, None)
  task=HEAL_CORE FAIL
  task=CONNECT_BACK FAIL
  task=HARVEST_TI FAIL
  task=EXPLORE 0us OK -> (<Direction.SOUTHEAST: 'southeast'>, PlaceRoad(pos=Position(x=8, y=5)))
  task=HEAL_CORE FAIL
  task=CONNECT_BACK FAIL
  task=HARVEST_TI FAIL
  task=EXPLORE 0us OK -> (<Direction.EAST: 'east'>, None)
  task=HEAL_CORE FAIL
  task=CONNECT_BACK FAIL
  task=HARVEST_TI FAIL
  task=EXPLORE 0us OK -> (<Direction.SOUTHEAST: 'southeast'>, None)
  task=HEAL_CORE FAIL
  task=CONNECT_BACK FAIL
  task=HARVEST_TI 0us OK -> (<Direction.CENTRE: 'centre'>, PlaceHarvester(pos=Position(x=9, y=6)))
  task=HEAL_CORE FAIL
  task=CONNECT_BACK FAIL
  task=HARVEST_TI 0us OK -> (<Direction.CENTRE: 'centre'>, PlaceHarvester(pos=Position(x=3, y=6)))
  task=HEAL_CORE FAIL
  task=CONNECT_BACK 0us OK -> (<Direction.SOUTHWEST: 'southwest'>, PlaceRoad(pos=Position(x=7, y=5)))
  task=HEAL_CORE FAIL
  task=CONNECT_BACK 0us OK -> (<Direction.NORTH: 'north'>, PlaceConveyor(pos=Position(x=8, y=6), direction=<Direction.NORTH: 'north'>))
  task=HEAL_CORE FAIL
  task=CONNECT_BACK 0us OK -> (<Direction.SOUTHEAST: 'southeast'>, None)
  task=HEAL_CORE FAIL
  task=CONNECT_BACK FAIL
  task=HARVEST_TI FAIL
  task=EXPLORE 0us OK -> (<Direction.SOUTHEAST: 'southeast'>, None)
  task=HEAL_CORE FAIL
  task=CONNECT_BACK 0us OK -> (<Direction.NORTHWEST: 'northwest'>, PlaceConveyor(pos=Position(x=8, y=5), direction=<Direction.NORTH: 'north'>))
  task=HEAL_CORE FAIL
  task=CONNECT_BACK 0us OK -> (<Direction.WEST: 'west'>, PlaceConveyor(pos=Position(x=3, y=5), direction=<Direction.WEST: 'west'>))
  task=HEAL_CORE FAIL
  task=CONNECT_BACK 0us OK -> (<Direction.NORTH: 'north'>, PlaceConveyor(pos=Position(x=8, y=4), direction=<Direction.WEST: 'west'>))
  task=HEAL_CORE FAIL
  task=CONNECT_BACK 0us OK -> (<Direction.NORTHWEST: 'northwest'>, PlaceConveyor(pos=Position(x=7, y=4), direction=<Direction.NORTH: 'north'>))
  task=HEAL_CORE FAIL
  task=CONNECT_BACK 0us OK -> (<Direction.NORTH: 'north'>, PlaceConveyor(pos=Position(x=7, y=3), direction=<Direction.NORTH: 'north'>))
  task=HEAL_CORE FAIL
  task=CONNECT_BACK 0us OK -> (<Direction.NORTHWEST: 'northwest'>, PlaceConveyor(pos=Position(x=7, y=2), direction=<Direction.WEST: 'west'>))
  task=HEAL_CORE FAIL
  task=CONNECT_BACK 0us OK -> (<Direction.WEST: 'west'>, None)
  task=HEAL_CORE FAIL
  task=CONNECT_BACK 0us OK -> (<Direction.NORTHWEST: 'northwest'>, PlaceConveyor(pos=Position(x=2, y=5), direction=<Direction.NORTH: 'north'>))
  task=HEAL_CORE FAIL
  task=CONNECT_BACK 0us OK -> (<Direction.NORTHWEST: 'northwest'>, PlaceRoad(pos=Position(x=6, y=4)))
  task=HEAL_CORE FAIL
  task=CONNECT_BACK 0us OK -> (<Direction.NORTHWEST: 'northwest'>, None)
  task=HEAL_CORE FAIL
  task=CONNECT_BACK 0us OK -> (<Direction.NORTHWEST: 'northwest'>, None)
  task=HEAL_CORE FAIL
  task=CONNECT_BACK 0us OK -> (<Direction.WEST: 'west'>, PlaceConveyor(pos=Position(x=6, y=2), direction=<Direction.WEST: 'west'>))
  task=HEAL_CORE FAIL
  task=CONNECT_BACK 0us OK -> (<Direction.NORTHWEST: 'northwest'>, None)
  task=HEAL_CORE FAIL
  task=CONNECT_BACK 0us OK -> (<Direction.NORTH: 'north'>, PlaceConveyor(pos=Position(x=2, y=4), direction=<Direction.NORTH: 'north'>))
  task=HEAL_CORE FAIL
  task=CONNECT_BACK 0us OK -> (<Direction.NORTHWEST: 'northwest'>, None)
  task=HEAL_CORE FAIL
  task=CONNECT_BACK 0us OK -> (<Direction.NORTH: 'north'>, None)
  task=HEAL_CORE FAIL
  task=CONNECT_BACK 0us OK -> (<Direction.NORTHWEST: 'northwest'>, PlaceConveyor(pos=Position(x=5, y=2), direction=<Direction.NORTH: 'north'>))
  task=HEAL_CORE FAIL
  task=RUSH FAIL
  task=SCOUT_ENEMY 0us OK -> (<Direction.SOUTHEAST: 'southeast'>, None)
  task=HEAL_CORE FAIL
  task=RUSH FAIL
  task=SCOUT_ENEMY 0us OK -> (<Direction.SOUTHEAST: 'southeast'>, None)
  task=HEAL_CORE FAIL
  task=CONNECT_BACK 0us OK -> (<Direction.NORTH: 'north'>, PlaceConveyor(pos=Position(x=2, y=3), direction=<Direction.NORTH: 'north'>))
  task=HEAL_CORE FAIL
  task=RUSH FAIL
  task=SCOUT_ENEMY 0us OK -> (<Direction.SOUTHEAST: 'southeast'>, None)
  task=HEAL_CORE FAIL
  task=RUSH FAIL
  task=SCOUT_ENEMY 0us OK -> (<Direction.SOUTHWEST: 'southwest'>, None)
  task=HEAL_CORE FAIL
  task=RUSH FAIL
  task=SCOUT_ENEMY 0us OK -> (<Direction.SOUTH: 'south'>, None)
  task=HEAL_CORE FAIL
  task=RUSH FAIL
  task=SCOUT_ENEMY 0us OK -> (<Direction.SOUTHEAST: 'southeast'>, None)
  task=HEAL_CORE FAIL
  task=RUSH FAIL
  task=SCOUT_ENEMY 0us OK -> (<Direction.SOUTH: 'south'>, None)
  task=HEAL_CORE FAIL
  task=RUSH FAIL
  task=SCOUT_ENEMY 0us OK -> (<Direction.SOUTH: 'south'>, None)
  task=HEAL_CORE FAIL
  task=RUSH FAIL
  task=SCOUT_ENEMY 0us OK -> (<Direction.SOUTHEAST: 'southeast'>, None)
  task=HEAL_CORE FAIL
  task=RUSH FAIL
  task=SCOUT_ENEMY 0us OK -> (<Direction.SOUTHEAST: 'southeast'>, None)
  task=HEAL_CORE FAIL
  task=RUSH FAIL
  task=SCOUT_ENEMY 0us OK -> (<Direction.SOUTHEAST: 'southeast'>, None)
  task=HEAL_CORE FAIL
  task=RUSH FAIL
  task=SCOUT_ENEMY 0us OK -> (<Direction.SOUTHEAST: 'southeast'>, None)
  task=HEAL_CORE FAIL
  task=RUSH FAIL
  task=SCOUT_ENEMY 0us OK -> (<Direction.SOUTHEAST: 'southeast'>, PlaceRoad(pos=Position(x=9, y=7)))
  task=HEAL_CORE FAIL
  task=RUSH FAIL
  task=SCOUT_ENEMY 0us OK -> (<Direction.SOUTHEAST: 'southeast'>, None)
  task=HEAL_CORE FAIL
  task=RUSH FAIL
  task=SCOUT_ENEMY 0us OK -> (<Direction.NORTHEAST: 'northeast'>, None)
  task=HEAL_CORE FAIL
  task=RUSH FAIL
  task=SCOUT_ENEMY 0us OK -> (<Direction.SOUTHEAST: 'southeast'>, None)
  task=HEAL_CORE FAIL
  task=RUSH FAIL
  task=SCOUT_ENEMY 0us OK -> (<Direction.SOUTHEAST: 'southeast'>, None)
  task=HEAL_CORE FAIL
  task=RUSH FAIL
  task=SCOUT_ENEMY 0us OK -> (<Direction.SOUTHEAST: 'southeast'>, PlaceRoad(pos=Position(x=10, y=6)))
  task=HEAL_CORE FAIL
  task=RUSH FAIL
  task=SCOUT_ENEMY 0us OK -> (<Direction.EAST: 'east'>, PlaceRoad(pos=Position(x=10, y=7)))
  task=HEAL_CORE FAIL
  task=RUSH FAIL
  task=SCOUT_ENEMY 0us OK -> (<Direction.SOUTHEAST: 'southeast'>, PlaceRoad(pos=Position(x=4, y=6)))
  task=HEAL_CORE FAIL
  task=RUSH FAIL
  task=SCOUT_ENEMY 0us OK -> (<Direction.SOUTHEAST: 'southeast'>, None)
  task=HEAL_CORE FAIL
  task=RUSH FAIL
  task=SCOUT_ENEMY 0us OK -> (<Direction.SOUTH: 'south'>, None)
  task=HEAL_CORE FAIL
  task=RUSH FAIL
  task=SCOUT_ENEMY 0us OK -> (<Direction.SOUTH: 'south'>, PlaceRoad(pos=Position(x=7, y=6)))
  task=HEAL_CORE FAIL
  task=RUSH FAIL
  task=SCOUT_ENEMY 0us OK -> (<Direction.SOUTHEAST: 'southeast'>, PlaceRoad(pos=Position(x=11, y=7)))
  task=HEAL_CORE FAIL
  task=RUSH FAIL
  task=SCOUT_ENEMY 0us OK -> (<Direction.NORTHEAST: 'northeast'>, PlaceRoad(pos=Position(x=11, y=6)))
  task=HEAL_CORE FAIL
  task=RUSH FAIL
  task=SCOUT_ENEMY 0us OK -> (<Direction.SOUTHEAST: 'southeast'>, PlaceRoad(pos=Position(x=5, y=7)))
  task=HEAL_CORE FAIL
  task=RUSH FAIL
  task=SCOUT_ENEMY 0us OK -> (<Direction.SOUTHEAST: 'southeast'>, None)
  task=HEAL_CORE FAIL
  task=RUSH FAIL
  task=SCOUT_ENEMY 0us OK -> (<Direction.SOUTHEAST: 'southeast'>, None)
  task=HEAL_CORE FAIL
  task=RUSH FAIL
  task=SCOUT_ENEMY 0us OK -> (<Direction.NORTHEAST: 'northeast'>, None)
  task=HEAL_CORE FAIL
  task=RUSH FAIL
  task=SCOUT_ENEMY 0us OK -> (<Direction.SOUTHEAST: 'southeast'>, PlaceRoad(pos=Position(x=12, y=8)))
  task=HEAL_CORE FAIL
  task=RUSH FAIL
  task=SCOUT_ENEMY 0us OK -> (<Direction.EAST: 'east'>, PlaceRoad(pos=Position(x=12, y=6)))
  task=HEAL_CORE FAIL
  task=RUSH FAIL
  task=SCOUT_ENEMY 0us OK -> (<Direction.SOUTHEAST: 'southeast'>, PlaceRoad(pos=Position(x=6, y=8)))
  task=HEAL_CORE FAIL
  task=RUSH FAIL
  task=SCOUT_ENEMY 0us OK -> (<Direction.EAST: 'east'>, None)
  task=HEAL_CORE FAIL
  task=RUSH FAIL
  task=SCOUT_ENEMY 0us OK -> (<Direction.NORTHEAST: 'northeast'>, None)
  task=HEAL_CORE FAIL
  task=RUSH FAIL
  task=SCOUT_ENEMY 0us OK -> (<Direction.SOUTH: 'south'>, None)
  task=HEAL_CORE FAIL
[RUSH] --- rush eval at (12,8) en_core=(18,18) ---
[RUSH] step1: no flow tile in gunner range of core
[RUSH] step2: no flow tile near enemy core
[RUSH] step2.5: checking unconnected harvesters
[RUSH] _find_rush_ore: 6 total ore, 5 seen, sym=Symmetry.ROT candidates={<Symmetry.ROT: 1>, <Symmetry.HOR: 2>}
[RUSH]   ore (13,13) d²=50 bld=None env=Environment.ORE_TITANIUM
[RUSH]   ore (13,18) d²=25 bld=None env=None
[RUSH]   ore (10,13) d²=89 bld=None env=Environment.ORE_TITANIUM
[RUSH]   PICKED: free ore at (13,17) d²=20
[RUSH] step3: free ore at (13,18)
[RUSH] step3: walking toward tap (13,17) for ore (13,18)
  task=RUSH 0us OK -> (<Direction.SOUTHEAST: 'southeast'>, PlaceRoad(pos=Position(x=13, y=9)))
  task=HEAL_CORE FAIL
  task=RUSH FAIL
  task=SCOUT_ENEMY 0us OK -> (<Direction.SOUTHEAST: 'southeast'>, PlaceRoad(pos=Position(x=13, y=7)))
  task=HEAL_CORE FAIL
  task=RUSH FAIL
  task=SCOUT_ENEMY 0us OK -> (<Direction.SOUTHEAST: 'southeast'>, PlaceRoad(pos=Position(x=7, y=9)))
  task=HEAL_CORE FAIL
  task=RUSH FAIL
  task=SCOUT_ENEMY 0us OK -> (<Direction.SOUTH: 'south'>, None)
  task=HEAL_CORE FAIL
  task=RUSH FAIL
  task=SCOUT_ENEMY 0us OK -> (<Direction.EAST: 'east'>, None)
  task=HEAL_CORE FAIL
  task=RUSH FAIL
  task=SCOUT_ENEMY 0us OK -> (<Direction.NORTHEAST: 'northeast'>, None)
  task=HEAL_CORE FAIL
[RUSH] --- rush eval at (13,9) en_core=(18,18) ---
[RUSH] step1: no flow tile in gunner range of core
[RUSH] step2: no flow tile near enemy core
[RUSH] step2.5: checking unconnected harvesters
[RUSH] _find_rush_ore: 6 total ore, 5 seen, sym=Symmetry.ROT candidates={<Symmetry.ROT: 1>, <Symmetry.HOR: 2>}
[RUSH]   ore (13,13) d²=50 bld=BuildingBarrier env=Environment.ORE_TITANIUM
[RUSH]   ore (13,18) d²=25 bld=None env=None
[RUSH]   ore (10,13) d²=89 bld=None env=Environment.ORE_TITANIUM
[RUSH]   PICKED: free ore at (13,17) d²=20
[RUSH] step3: free ore at (13,18)
[RUSH] step3: walking toward tap (13,17) for ore (13,18)
  task=RUSH 0us OK -> (<Direction.SOUTHEAST: 'southeast'>, PlaceRoad(pos=Position(x=14, y=10)))
  task=HEAL_CORE FAIL
[RUSH] --- rush eval at (13,7) en_core=(18,18) ---
[RUSH] step1: no flow tile in gunner range of core
[RUSH] step2: no flow tile near enemy core
[RUSH] step2.5: checking unconnected harvesters
[RUSH] _find_rush_ore: 8 total ore, 8 seen, sym=Symmetry.ROT candidates={<Symmetry.ROT: 1>}
[RUSH]   ore (10,13) d²=89 bld=None env=Environment.ORE_TITANIUM
[RUSH]   ore (13,13) d²=50 bld=None env=Environment.ORE_TITANIUM
[RUSH]   ore (16,13) d²=29 bld=None env=Environment.ORE_TITANIUM
[RUSH]   ore (13,18) d²=25 bld=None env=Environment.ORE_TITANIUM
[RUSH]   PICKED: free ore at (13,17) d²=20
[RUSH] step3: free ore at (13,18)
[RUSH] step3: walking toward tap (13,17) for ore (13,18)
  task=RUSH 0us OK -> (<Direction.SOUTHWEST: 'southwest'>, None)
  task=HEAL_CORE FAIL
  task=RUSH FAIL
  task=SCOUT_ENEMY 0us OK -> (<Direction.SOUTHEAST: 'southeast'>, PlaceRoad(pos=Position(x=8, y=10)))
  task=HEAL_CORE FAIL
  task=RUSH FAIL
  task=SCOUT_ENEMY 0us OK -> (<Direction.NORTHEAST: 'northeast'>, None)
  task=HEAL_CORE FAIL
  task=RUSH FAIL
  task=SCOUT_ENEMY 0us OK -> (<Direction.SOUTHEAST: 'southeast'>, PlaceRoad(pos=Position(x=12, y=7)))
  task=HEAL_CORE FAIL
  task=RUSH FAIL
  task=SCOUT_ENEMY 0us OK -> (<Direction.SOUTHEAST: 'southeast'>, None)
  task=HEAL_CORE FAIL
[RUSH] --- rush eval at (14,10) en_core=(18,18) ---
[RUSH] step1: no flow tile in gunner range of core
[RUSH] step2: no flow tile near enemy core
[RUSH] step2.5: checking unconnected harvesters
[RUSH] _find_rush_ore: 8 total ore, 7 seen, sym=Symmetry.ROT candidates={<Symmetry.ROT: 1>, <Symmetry.HOR: 2>}
[RUSH]   ore (16,13) d²=29 bld=BuildingHarvester env=Environment.ORE_TITANIUM
[RUSH]   ore (13,18) d²=25 bld=None env=None
[RUSH]   ore (10,13) d²=89 bld=None env=Environment.ORE_TITANIUM
[RUSH]   PICKED: free ore at (13,17) d²=20
[RUSH] step3: free ore at (13,18)
[RUSH] step3: walking toward tap (13,17) for ore (13,18)
  task=RUSH 0us OK -> (<Direction.SOUTH: 'south'>, PlaceRoad(pos=Position(x=14, y=11)))
  task=HEAL_CORE FAIL
[RUSH] --- rush eval at (12,8) en_core=(18,18) ---
[RUSH] step1: no flow tile in gunner range of core
[RUSH] step2: no flow tile near enemy core
[RUSH] step2.5: checking unconnected harvesters
[RUSH] _find_rush_ore: 8 total ore, 8 seen, sym=Symmetry.ROT candidates={<Symmetry.ROT: 1>}
[RUSH]   ore (10,13) d²=89 bld=None env=Environment.ORE_TITANIUM
[RUSH]   ore (13,13) d²=50 bld=None env=Environment.ORE_TITANIUM
[RUSH]   ore (16,13) d²=29 bld=None env=Environment.ORE_TITANIUM
[RUSH]   ore (13,18) d²=25 bld=None env=Environment.ORE_TITANIUM
[RUSH]   PICKED: free ore at (13,17) d²=20
[RUSH] step3: free ore at (13,18)
[RUSH] step3: walking toward tap (13,17) for ore (13,18)
  task=RUSH 0us OK -> (<Direction.SOUTHEAST: 'southeast'>, None)
  task=HEAL_CORE FAIL
  task=RUSH FAIL
  task=SCOUT_ENEMY 0us OK -> (<Direction.SOUTHEAST: 'southeast'>, PlaceRoad(pos=Position(x=9, y=11)))
  task=HEAL_CORE FAIL
  task=RUSH FAIL
  task=SCOUT_ENEMY 0us OK -> (<Direction.SOUTHEAST: 'southeast'>, None)
  task=HEAL_CORE FAIL
[RUSH] --- rush eval at (12,7) en_core=(18,18) ---
[RUSH] step1: no flow tile in gunner range of core
[RUSH] step2: no flow tile near enemy core
[RUSH] step2.5: checking unconnected harvesters
[RUSH] _find_rush_ore: 8 total ore, 8 seen, sym=Symmetry.ROT candidates={<Symmetry.ROT: 1>, <Symmetry.HOR: 2>}
[RUSH]   ore (10,13) d²=89 bld=None env=Environment.ORE_TITANIUM
[RUSH]   ore (13,13) d²=50 bld=None env=Environment.ORE_TITANIUM
[RUSH]   ore (16,13) d²=29 bld=None env=Environment.ORE_TITANIUM
[RUSH]   ore (13,18) d²=25 bld=None env=Environment.ORE_TITANIUM
[RUSH]   PICKED: free ore at (13,17) d²=20
[RUSH] step3: free ore at (13,18)
[RUSH] step3: walking toward tap (13,17) for ore (13,18)
  task=RUSH 0us OK -> (<Direction.SOUTH: 'south'>, None)
  task=HEAL_CORE FAIL
  task=RUSH FAIL
  task=SCOUT_ENEMY 0us OK -> (<Direction.SOUTHEAST: 'southeast'>, None)
  task=HEAL_CORE FAIL
[RUSH] --- rush eval at (14,11) en_core=(18,18) ---
[RUSH] step1: no flow tile in gunner range of core
[RUSH] step2: no flow tile near enemy core
[RUSH] step2.5: checking unconnected harvesters
[RUSH] _find_rush_ore: 8 total ore, 7 seen, sym=Symmetry.ROT candidates={<Symmetry.ROT: 1>, <Symmetry.HOR: 2>}
[RUSH]   ore (16,13) d²=29 bld=BuildingHarvester env=Environment.ORE_TITANIUM
[RUSH]   ore (13,18) d²=25 bld=None env=None
[RUSH]   ore (10,13) d²=89 bld=BuildingBarrier env=Environment.ORE_TITANIUM
[RUSH]   PICKED: free ore at (13,17) d²=20
[RUSH] step3: free ore at (13,18)
[RUSH] step3: walking toward tap (13,17) for ore (13,18)
  task=RUSH 0us OK -> (<Direction.SOUTHWEST: 'southwest'>, PlaceRoad(pos=Position(x=13, y=12)))
  task=HEAL_CORE FAIL
[RUSH] --- rush eval at (13,9) en_core=(18,18) ---
[RUSH] step1: no flow tile in gunner range of core
[RUSH] step2: no flow tile near enemy core
[RUSH] step2.5: checking unconnected harvesters
[RUSH] _find_rush_ore: 8 total ore, 8 seen, sym=Symmetry.ROT candidates={<Symmetry.ROT: 1>}
[RUSH]   ore (10,13) d²=89 bld=None env=Environment.ORE_TITANIUM
[RUSH]   ore (13,13) d²=50 bld=BuildingBarrier env=Environment.ORE_TITANIUM
[RUSH]   ore (16,13) d²=29 bld=None env=Environment.ORE_TITANIUM
[RUSH]   ore (13,18) d²=25 bld=None env=Environment.ORE_TITANIUM
[RUSH]   PICKED: free ore at (13,17) d²=20
[RUSH] step3: free ore at (13,18)
[RUSH] step3: walking toward tap (13,17) for ore (13,18)
  task=RUSH 0us OK -> (<Direction.SOUTHEAST: 'southeast'>, None)
  task=HEAL_CORE FAIL
[RUSH] --- rush eval at (9,11) en_core=(18,18) ---
[RUSH] step1: no flow tile in gunner range of core
[RUSH] step2: no flow tile near enemy core
[RUSH] step2.5: checking unconnected harvesters
[RUSH] _find_rush_ore: 8 total ore, 7 seen, sym=Symmetry.ROT candidates={<Symmetry.ROT: 1>, <Symmetry.HOR: 2>, <Symmetry.VER: 3>}
[RUSH]   ore (13,13) d²=50 bld=BuildingBarrier env=Environment.ORE_TITANIUM
[RUSH]   ore (16,13) d²=29 bld=None env=Environment.ORE_TITANIUM
[RUSH]   ore (13,18) d²=25 bld=None env=None
[RUSH]   ore (10,13) d²=89 bld=BuildingBarrier env=Environment.ORE_TITANIUM
[RUSH]   PICKED: free ore at (13,17) d²=20
[RUSH] step3: free ore at (13,18)
[RUSH] step3: walking toward tap (13,17) for ore (13,18)
  task=RUSH 0us OK -> (<Direction.SOUTHEAST: 'southeast'>, PlaceRoad(pos=Position(x=10, y=12)))
  task=HEAL_CORE FAIL
[RUSH] --- rush eval at (13,7) en_core=(18,18) ---
[RUSH] step1: no flow tile in gunner range of core
[RUSH] step2: no flow tile near enemy core
[RUSH] step2.5: checking unconnected harvesters
[RUSH] _find_rush_ore: 8 total ore, 8 seen, sym=Symmetry.ROT candidates={<Symmetry.ROT: 1>, <Symmetry.HOR: 2>}
[RUSH]   ore (10,13) d²=89 bld=None env=Environment.ORE_TITANIUM
[RUSH]   ore (13,13) d²=50 bld=None env=Environment.ORE_TITANIUM
[RUSH]   ore (16,13) d²=29 bld=None env=Environment.ORE_TITANIUM
[RUSH]   ore (13,18) d²=25 bld=None env=Environment.ORE_TITANIUM
[RUSH]   PICKED: free ore at (13,17) d²=20
[RUSH] step3: free ore at (13,18)
[RUSH] step3: walking toward tap (13,17) for ore (13,18)
  task=RUSH 0us OK -> (<Direction.SOUTHEAST: 'southeast'>, PlaceRoad(pos=Position(x=14, y=8)))
  task=HEAL_CORE FAIL
[RUSH] --- rush eval at (12,8) en_core=(18,18) ---
[RUSH] step1: no flow tile in gunner range of core
[RUSH] step2: no flow tile near enemy core
[RUSH] step2.5: checking unconnected harvesters
[RUSH] _find_rush_ore: 8 total ore, 8 seen, sym=Symmetry.ROT candidates={<Symmetry.ROT: 1>, <Symmetry.HOR: 2>}
[RUSH]   ore (10,13) d²=89 bld=None env=Environment.ORE_TITANIUM
[RUSH]   ore (13,13) d²=50 bld=None env=Environment.ORE_TITANIUM
[RUSH]   ore (16,13) d²=29 bld=None env=Environment.ORE_TITANIUM
[RUSH]   ore (13,18) d²=25 bld=None env=Environment.ORE_TITANIUM
[RUSH]   PICKED: free ore at (13,17) d²=20
[RUSH] step3: free ore at (13,18)
[RUSH] step3: walking toward tap (13,17) for ore (13,18)
  task=RUSH 0us OK -> (<Direction.SOUTHEAST: 'southeast'>, None)
  task=HEAL_CORE FAIL
  task=RUSH FAIL
  task=SCOUT_ENEMY 0us OK -> (<Direction.EAST: 'east'>, None)
  task=HEAL_CORE FAIL
[RUSH] --- rush eval at (13,12) en_core=(18,18) ---
[RUSH] step1: no flow tile in gunner range of core
[RUSH] step2: no flow tile near enemy core
[RUSH] step2.5: checking unconnected harvesters
[RUSH] _find_rush_ore: 8 total ore, 7 seen, sym=Symmetry.ROT candidates={<Symmetry.ROT: 1>, <Symmetry.HOR: 2>}
[RUSH]   ore (16,13) d²=29 bld=BuildingHarvester env=Environment.ORE_TITANIUM
[RUSH]   ore (13,18) d²=25 bld=None env=None
[RUSH]   PICKED: free ore at (13,17) d²=20
[RUSH] step3: free ore at (13,18)
[RUSH] step3: walking toward tap (13,17) for ore (13,18)
  task=RUSH 0us OK -> (<Direction.SOUTHWEST: 'southwest'>, PlaceRoad(pos=Position(x=12, y=13)))
  task=HEAL_CORE FAIL
[RUSH] --- rush eval at (14,10) en_core=(18,18) ---
[RUSH] step1: no flow tile in gunner range of core
[RUSH] step2: no flow tile near enemy core
[RUSH] step2.5: checking unconnected harvesters
[RUSH] _find_rush_ore: 8 total ore, 8 seen, sym=Symmetry.ROT candidates={<Symmetry.ROT: 1>}
[RUSH]   ore (10,13) d²=89 bld=None env=Environment.ORE_TITANIUM
[RUSH]   ore (16,13) d²=29 bld=BuildingHarvester env=Environment.ORE_TITANIUM
[RUSH]   ore (13,18) d²=25 bld=None env=Environment.ORE_TITANIUM
[RUSH]   PICKED: free ore at (13,17) d²=20
[RUSH] step3: free ore at (13,18)
[RUSH] step3: walking toward tap (13,17) for ore (13,18)
  task=RUSH 0us OK -> (<Direction.SOUTH: 'south'>, None)
  task=HEAL_CORE FAIL
[RUSH] --- rush eval at (10,12) en_core=(18,18) ---
[RUSH] step1: no flow tile in gunner range of core
[RUSH] step2: no flow tile near enemy core
[RUSH] step2.5: checking unconnected harvesters
[RUSH] _find_rush_ore: 8 total ore, 7 seen, sym=Symmetry.ROT candidates={<Symmetry.ROT: 1>, <Symmetry.HOR: 2>, <Symmetry.VER: 3>}
[RUSH]   ore (16,13) d²=29 bld=None env=Environment.ORE_TITANIUM
[RUSH]   ore (13,18) d²=25 bld=None env=None
[RUSH]   PICKED: free ore at (13,17) d²=20
[RUSH] step3: free ore at (13,18)
[RUSH] step3: walking toward tap (13,17) for ore (13,18)
  task=RUSH 0us OK -> (<Direction.SOUTHEAST: 'southeast'>, PlaceRoad(pos=Position(x=11, y=13)))
  task=HEAL_CORE FAIL
[RUSH] --- rush eval at (14,8) en_core=(18,18) ---
[RUSH] step1: no flow tile in gunner range of core
[RUSH] step2: no flow tile near enemy core
[RUSH] step2.5: checking unconnected harvesters
[RUSH] _find_rush_ore: 8 total ore, 8 seen, sym=Symmetry.ROT candidates={<Symmetry.ROT: 1>, <Symmetry.HOR: 2>}
[RUSH]   ore (10,13) d²=89 bld=None env=Environment.ORE_TITANIUM
[RUSH]   ore (13,13) d²=50 bld=None env=Environment.ORE_TITANIUM
[RUSH]   ore (16,13) d²=29 bld=None env=Environment.ORE_TITANIUM
[RUSH]   ore (13,18) d²=25 bld=None env=Environment.ORE_TITANIUM
[RUSH]   PICKED: free ore at (13,17) d²=20
[RUSH] step3: free ore at (13,18)
[RUSH] step3: walking toward tap (13,17) for ore (13,18)
  task=RUSH 0us OK -> (<Direction.SOUTHEAST: 'southeast'>, PlaceRoad(pos=Position(x=15, y=9)))
  task=HEAL_CORE FAIL
[RUSH] --- rush eval at (13,9) en_core=(18,18) ---
[RUSH] step1: no flow tile in gunner range of core
[RUSH] step2: no flow tile near enemy core
[RUSH] step2.5: checking unconnected harvesters
[RUSH] _find_rush_ore: 8 total ore, 8 seen, sym=Symmetry.ROT candidates={<Symmetry.ROT: 1>, <Symmetry.HOR: 2>}
[RUSH]   ore (10,13) d²=89 bld=None env=Environment.ORE_TITANIUM
[RUSH]   ore (16,13) d²=29 bld=None env=Environment.ORE_TITANIUM
[RUSH]   ore (13,18) d²=25 bld=None env=Environment.ORE_TITANIUM
[RUSH]   PICKED: free ore at (13,17) d²=20
[RUSH] step3: free ore at (13,18)
[RUSH] step3: walking toward tap (13,17) for ore (13,18)
  task=RUSH 0us OK -> (<Direction.SOUTHEAST: 'southeast'>, None)
  task=HEAL_CORE FAIL
[RUSH] --- rush eval at (12,7) en_core=(18,18) ---
[RUSH] step1: no flow tile in gunner range of core
[RUSH] step2: no flow tile near enemy core
[RUSH] step2.5: checking unconnected harvesters
[RUSH] _find_rush_ore: 8 total ore, 8 seen, sym=Symmetry.ROT candidates={<Symmetry.ROT: 1>, <Symmetry.HOR: 2>}
[RUSH]   ore (10,13) d²=89 bld=None env=Environment.ORE_TITANIUM
[RUSH]   ore (13,13) d²=50 bld=None env=Environment.ORE_TITANIUM
[RUSH]   ore (16,13) d²=29 bld=None env=Environment.ORE_TITANIUM
[RUSH]   ore (13,18) d²=25 bld=None env=Environment.ORE_TITANIUM
[RUSH]   PICKED: free ore at (13,17) d²=20
[RUSH] step3: free ore at (13,18)
[RUSH] step3: walking toward tap (13,17) for ore (13,18)
  task=RUSH 0us OK -> (<Direction.SOUTH: 'south'>, None)
  task=HEAL_CORE FAIL
[RUSH] --- rush eval at (12,13) en_core=(18,18) ---
[RUSH] step1: no flow tile in gunner range of core
[RUSH] step2: no flow tile near enemy core
[RUSH] step2.5: checking unconnected harvesters
[RUSH] _find_rush_ore: 8 total ore, 7 seen, sym=Symmetry.ROT candidates={<Symmetry.ROT: 1>, <Symmetry.HOR: 2>}
[RUSH]   ore (16,13) d²=29 bld=BuildingHarvester env=Environment.ORE_TITANIUM
[RUSH]   ore (13,18) d²=25 bld=None env=None
[RUSH]   PICKED: free ore at (13,17) d²=20
[RUSH] step3: free ore at (13,18)
[RUSH] step3: walking toward tap (13,17) for ore (13,18)
  task=RUSH 0us OK -> (<Direction.SOUTH: 'south'>, None)
  task=HEAL_CORE FAIL
[RUSH] --- rush eval at (14,11) en_core=(18,18) ---
[RUSH] step1: no flow tile in gunner range of core
[RUSH] step2: no flow tile near enemy core
[RUSH] step2.5: checking unconnected harvesters
[RUSH] _find_rush_ore: 8 total ore, 8 seen, sym=Symmetry.ROT candidates={<Symmetry.ROT: 1>}
[RUSH]   ore (10,13) d²=89 bld=BuildingBarrier env=Environment.ORE_TITANIUM
[RUSH]   ore (16,13) d²=29 bld=BuildingHarvester env=Environment.ORE_TITANIUM
[RUSH]   ore (13,18) d²=25 bld=None env=Environment.ORE_TITANIUM
[RUSH]   PICKED: free ore at (13,17) d²=20
[RUSH] step3: free ore at (13,18)
[RUSH] step3: walking toward tap (13,17) for ore (13,18)
  task=RUSH 0us OK -> (<Direction.SOUTHWEST: 'southwest'>, None)
  task=HEAL_CORE FAIL
[RUSH] --- rush eval at (11,13) en_core=(18,18) ---
[RUSH] step1: no flow tile in gunner range of core
[RUSH] step2: no flow tile near enemy core
[RUSH] step2.5: checking unconnected harvesters
[RUSH] _find_rush_ore: 8 total ore, 7 seen, sym=Symmetry.ROT candidates={<Symmetry.ROT: 1>, <Symmetry.HOR: 2>, <Symmetry.VER: 3>}
[RUSH]   ore (16,13) d²=29 bld=None env=Environment.ORE_TITANIUM
[RUSH]   ore (13,18) d²=25 bld=None env=None
[RUSH]   PICKED: free ore at (13,17) d²=20
[RUSH] step3: free ore at (13,18)
[RUSH] step3: walking toward tap (13,17) for ore (13,18)
  task=RUSH 0us OK -> (<Direction.SOUTH: 'south'>, None)
  task=HEAL_CORE FAIL
[RUSH] --- rush eval at (15,9) en_core=(18,18) ---
[RUSH] step1: no flow tile in gunner range of core
[RUSH] step2: no flow tile near enemy core
[RUSH] step2.5: checking unconnected harvesters
[RUSH] _find_rush_ore: 8 total ore, 8 seen, sym=Symmetry.ROT candidates={<Symmetry.ROT: 1>, <Symmetry.HOR: 2>}
[RUSH]   ore (10,13) d²=89 bld=None env=Environment.ORE_TITANIUM
[RUSH]   ore (16,13) d²=29 bld=BuildingHarvester env=Environment.ORE_TITANIUM
[RUSH]   ore (13,18) d²=25 bld=None env=Environment.ORE_TITANIUM
[RUSH]   PICKED: free ore at (13,17) d²=20
[RUSH] step3: free ore at (13,18)
[RUSH] step3: walking toward tap (13,17) for ore (13,18)
  task=RUSH 0us OK -> (<Direction.SOUTH: 'south'>, PlaceRoad(pos=Position(x=15, y=10)))
  task=HEAL_CORE FAIL
[RUSH] --- rush eval at (14,10) en_core=(18,18) ---
[RUSH] step1: no flow tile in gunner range of core
[RUSH] step2: no flow tile near enemy core
[RUSH] step2.5: checking unconnected harvesters
[RUSH] _find_rush_ore: 8 total ore, 8 seen, sym=Symmetry.ROT candidates={<Symmetry.ROT: 1>, <Symmetry.HOR: 2>}
[RUSH]   ore (10,13) d²=89 bld=None env=Environment.ORE_TITANIUM
[RUSH]   ore (16,13) d²=29 bld=BuildingHarvester env=Environment.ORE_TITANIUM
[RUSH]   ore (13,18) d²=25 bld=None env=Environment.ORE_TITANIUM
[RUSH]   PICKED: free ore at (13,17) d²=20
[RUSH] step3: free ore at (13,18)
[RUSH] step3: walking toward tap (13,17) for ore (13,18)
  task=RUSH 0us OK -> (<Direction.SOUTHWEST: 'southwest'>, PlaceRoad(pos=Position(x=13, y=11)))
  task=HEAL_CORE FAIL
[RUSH] --- rush eval at (12,8) en_core=(18,18) ---
[RUSH] step1: no flow tile in gunner range of core
[RUSH] step2: no flow tile near enemy core
[RUSH] step2.5: checking unconnected harvesters
[RUSH] _find_rush_ore: 8 total ore, 8 seen, sym=Symmetry.ROT candidates={<Symmetry.ROT: 1>, <Symmetry.HOR: 2>}
[RUSH]   ore (10,13) d²=89 bld=None env=Environment.ORE_TITANIUM
[RUSH]   ore (13,13) d²=50 bld=None env=Environment.ORE_TITANIUM
[RUSH]   ore (16,13) d²=29 bld=None env=Environment.ORE_TITANIUM
[RUSH]   ore (13,18) d²=25 bld=None env=Environment.ORE_TITANIUM
[RUSH]   PICKED: free ore at (13,17) d²=20
[RUSH] step3: free ore at (13,18)
[RUSH] step3: walking toward tap (13,17) for ore (13,18)
  task=RUSH 0us OK -> (<Direction.SOUTHEAST: 'southeast'>, None)
  task=HEAL_CORE FAIL
[RUSH] --- rush eval at (12,14) en_core=(18,18) ---
[RUSH] step1: no flow tile in gunner range of core
[RUSH] step2: no flow tile near enemy core
[RUSH] step2.5: checking unconnected harvesters
[RUSH] _find_rush_ore: 8 total ore, 8 seen, sym=Symmetry.ROT candidates={<Symmetry.ROT: 1>, <Symmetry.HOR: 2>}
[RUSH]   ore (16,13) d²=29 bld=BuildingHarvester env=Environment.ORE_TITANIUM
[RUSH]   ore (13,18) d²=25 bld=None env=Environment.ORE_TITANIUM
[RUSH]   PICKED: free ore at (13,17) d²=20
[RUSH] step3: free ore at (13,18)
[RUSH] step3: walking toward tap (13,17) for ore (13,18)
  task=RUSH 0us OK -> (<Direction.SOUTHEAST: 'southeast'>, None)
  task=HEAL_CORE FAIL
[RUSH] --- rush eval at (13,12) en_core=(18,18) ---
[RUSH] step1: no flow tile in gunner range of core
[RUSH] step2: no flow tile near enemy core
[RUSH] step2.5: checking unconnected harvesters
[RUSH] _find_rush_ore: 8 total ore, 8 seen, sym=Symmetry.ROT candidates={<Symmetry.ROT: 1>}
[RUSH]   ore (16,13) d²=29 bld=BuildingHarvester env=Environment.ORE_TITANIUM
[RUSH]   ore (13,18) d²=25 bld=None env=Environment.ORE_TITANIUM
[RUSH]   PICKED: free ore at (13,17) d²=20
[RUSH] step3: free ore at (13,18)
[RUSH] step3: walking toward tap (13,17) for ore (13,18)
  task=RUSH 0us OK -> (<Direction.SOUTHWEST: 'southwest'>, None)
  task=HEAL_CORE FAIL
[RUSH] --- rush eval at (11,14) en_core=(18,18) ---
[RUSH] step1: no flow tile in gunner range of core
[RUSH] step2: no flow tile near enemy core
[RUSH] step2.5: checking unconnected harvesters
[RUSH] _find_rush_ore: 8 total ore, 8 seen, sym=Symmetry.ROT candidates={<Symmetry.ROT: 1>, <Symmetry.HOR: 2>, <Symmetry.VER: 3>}
[RUSH]   ore (16,13) d²=29 bld=None env=Environment.ORE_TITANIUM
[RUSH]   ore (13,18) d²=25 bld=None env=Environment.ORE_TITANIUM
[RUSH]   PICKED: free ore at (13,17) d²=20
[RUSH] step3: free ore at (13,18)
[RUSH] step3: walking toward tap (13,17) for ore (13,18)
  task=RUSH 0us OK -> (<Direction.SOUTHEAST: 'southeast'>, None)
  task=HEAL_CORE FAIL
[RUSH] --- rush eval at (15,10) en_core=(18,18) ---
[RUSH] step1: no flow tile in gunner range of core
[RUSH] step2: no flow tile near enemy core
[RUSH] step2.5: checking unconnected harvesters
[RUSH] _find_rush_ore: 8 total ore, 8 seen, sym=Symmetry.ROT candidates={<Symmetry.ROT: 1>, <Symmetry.HOR: 2>}
[RUSH]   ore (10,13) d²=89 bld=None env=Environment.ORE_TITANIUM
[RUSH]   ore (16,13) d²=29 bld=BuildingHarvester env=Environment.ORE_TITANIUM
[RUSH]   ore (13,18) d²=25 bld=None env=Environment.ORE_TITANIUM
[RUSH]   PICKED: free ore at (13,17) d²=20
[RUSH] step3: free ore at (13,18)
[RUSH] step3: walking toward tap (13,17) for ore (13,18)
  task=RUSH 0us OK -> (<Direction.SOUTHWEST: 'southwest'>, None)
  task=HEAL_CORE FAIL
[RUSH] --- rush eval at (13,11) en_core=(18,18) ---
[RUSH] step1: no flow tile in gunner range of core
[RUSH] step2: no flow tile near enemy core
[RUSH] step2.5: checking unconnected harvesters
[RUSH] _find_rush_ore: 8 total ore, 8 seen, sym=Symmetry.ROT candidates={<Symmetry.ROT: 1>, <Symmetry.HOR: 2>}
[RUSH]   ore (10,13) d²=89 bld=BuildingBarrier env=Environment.ORE_TITANIUM
[RUSH]   ore (16,13) d²=29 bld=BuildingHarvester env=Environment.ORE_TITANIUM
[RUSH]   ore (13,18) d²=25 bld=None env=Environment.ORE_TITANIUM
[RUSH]   PICKED: free ore at (13,17) d²=20
[RUSH] step3: free ore at (13,18)
[RUSH] step3: walking toward tap (13,17) for ore (13,18)
  task=RUSH 0us OK -> (<Direction.SOUTHWEST: 'southwest'>, PlaceRoad(pos=Position(x=12, y=12)))
  task=HEAL_CORE FAIL
[RUSH] --- rush eval at (13,9) en_core=(18,18) ---
[RUSH] step1: no flow tile in gunner range of core
[RUSH] step2: no flow tile near enemy core
[RUSH] step2.5: checking unconnected harvesters
[RUSH] _find_rush_ore: 8 total ore, 8 seen, sym=Symmetry.ROT candidates={<Symmetry.ROT: 1>, <Symmetry.HOR: 2>}
[RUSH]   ore (10,13) d²=89 bld=None env=Environment.ORE_TITANIUM
[RUSH]   ore (16,13) d²=29 bld=None env=Environment.ORE_TITANIUM
[RUSH]   ore (13,18) d²=25 bld=None env=Environment.ORE_TITANIUM
[RUSH]   PICKED: free ore at (13,17) d²=20
[RUSH] step3: free ore at (13,18)
[RUSH] step3: walking toward tap (13,17) for ore (13,18)
  task=RUSH 0us OK -> (<Direction.SOUTHEAST: 'southeast'>, None)
  task=HEAL_CORE FAIL
[RUSH] --- rush eval at (13,15) en_core=(18,18) ---
[RUSH] step1: no flow tile in gunner range of core
[RUSH] step2: no flow tile near enemy core
[RUSH] step2.5: checking unconnected harvesters
[RUSH] _find_rush_ore: 8 total ore, 8 seen, sym=Symmetry.ROT candidates={<Symmetry.ROT: 1>, <Symmetry.HOR: 2>}
[RUSH]   ore (16,13) d²=29 bld=BuildingHarvester env=Environment.ORE_TITANIUM
[RUSH]   ore (13,18) d²=25 bld=BuildingBarrier env=Environment.ORE_TITANIUM
[RUSH]   PICKED: None
[RUSH] step3: no ore found, deferring to scout
  task=RUSH FAIL
  task=SCOUT_ENEMY 0us OK -> (<Direction.SOUTHWEST: 'southwest'>, None)
  task=HEAL_CORE FAIL
[RUSH] --- rush eval at (12,13) en_core=(18,18) ---
[RUSH] step1: no flow tile in gunner range of core
[RUSH] step2: no flow tile near enemy core
[RUSH] step2.5: checking unconnected harvesters
[RUSH] _find_rush_ore: 8 total ore, 8 seen, sym=Symmetry.ROT candidates={<Symmetry.ROT: 1>}
[RUSH]   ore (16,13) d²=29 bld=BuildingHarvester env=Environment.ORE_TITANIUM
[RUSH]   ore (13,18) d²=25 bld=None env=Environment.ORE_TITANIUM
[RUSH]   PICKED: free ore at (13,17) d²=20
[RUSH] step3: free ore at (13,18)
[RUSH] step3: walking toward tap (13,17) for ore (13,18)
  task=RUSH 0us OK -> (<Direction.SOUTH: 'south'>, None)
  task=HEAL_CORE FAIL
[RUSH] --- rush eval at (12,15) en_core=(18,18) ---
[RUSH] step1: no flow tile in gunner range of core
[RUSH] step2: no flow tile near enemy core
[RUSH] step2.5: checking unconnected harvesters
[RUSH] _find_rush_ore: 8 total ore, 8 seen, sym=Symmetry.ROT candidates={<Symmetry.ROT: 1>, <Symmetry.HOR: 2>, <Symmetry.VER: 3>}
[RUSH]   ore (16,13) d²=29 bld=BuildingHarvester env=Environment.ORE_TITANIUM
[RUSH]   ore (13,18) d²=25 bld=BuildingBarrier env=Environment.ORE_TITANIUM
[RUSH]   PICKED: parasite ore at (16,12) d²=39
[RUSH] step3: parasite ore at (16,13)
[RUSH] step3: extending from tap (16,12)
[RUSH] extend: from (16,12) toward core (18,18)
[RUSH] extend: siege target (17,14)
[RUSH] extend: path=[(16, 12), (17, 12), (17, 13), (17, 14)]
[RUSH] extend: path len=4, builder at (12,15)
[RUSH] extend[0]: (16,12)->(17,12) bld=None team=None connected=False
[RUSH] extend[0]: need to walk to (16,12) d²=25
  task=RUSH 0us OK -> (<Direction.NORTHWEST: 'northwest'>, None)
  task=HEAL_CORE FAIL
[RUSH] --- rush eval at (14,11) en_core=(18,18) ---
[RUSH] step1: no flow tile in gunner range of core
[RUSH] step2: no flow tile near enemy core
[RUSH] step2.5: checking unconnected harvesters
[RUSH] _find_rush_ore: 8 total ore, 8 seen, sym=Symmetry.ROT candidates={<Symmetry.ROT: 1>, <Symmetry.HOR: 2>}
[RUSH]   ore (10,13) d²=89 bld=BuildingBarrier env=Environment.ORE_TITANIUM
[RUSH]   ore (16,13) d²=29 bld=BuildingHarvester env=Environment.ORE_TITANIUM
[RUSH]   ore (13,18) d²=25 bld=None env=Environment.ORE_TITANIUM
[RUSH]   PICKED: free ore at (13,17) d²=20
[RUSH] step3: free ore at (13,18)
[RUSH] step3: walking toward tap (13,17) for ore (13,18)
  task=RUSH 0us OK -> (<Direction.SOUTHWEST: 'southwest'>, None)
  task=HEAL_CORE FAIL
[RUSH] --- rush eval at (12,12) en_core=(18,18) ---
[RUSH] step1: no flow tile in gunner range of core
[RUSH] step2: no flow tile near enemy core
[RUSH] step2.5: checking unconnected harvesters
[RUSH] _find_rush_ore: 8 total ore, 8 seen, sym=Symmetry.ROT candidates={<Symmetry.ROT: 1>, <Symmetry.HOR: 2>}
[RUSH]   ore (16,13) d²=29 bld=BuildingHarvester env=Environment.ORE_TITANIUM
[RUSH]   ore (13,18) d²=25 bld=None env=Environment.ORE_TITANIUM
[RUSH]   PICKED: free ore at (13,17) d²=20
[RUSH] step3: free ore at (13,18)
[RUSH] step3: walking toward tap (13,17) for ore (13,18)
  task=RUSH 0us OK -> (<Direction.SOUTHWEST: 'southwest'>, None)
  task=HEAL_CORE FAIL
[RUSH] --- rush eval at (14,10) en_core=(18,18) ---
[RUSH] step1: no flow tile in gunner range of core
[RUSH] step2: no flow tile near enemy core
[RUSH] step2.5: checking unconnected harvesters
[RUSH] _find_rush_ore: 8 total ore, 8 seen, sym=Symmetry.ROT candidates={<Symmetry.ROT: 1>, <Symmetry.HOR: 2>}
[RUSH]   ore (10,13) d²=89 bld=None env=Environment.ORE_TITANIUM
[RUSH]   ore (16,13) d²=29 bld=BuildingHarvester env=Environment.ORE_TITANIUM
[RUSH]   ore (13,18) d²=25 bld=None env=Environment.ORE_TITANIUM
[RUSH]   PICKED: free ore at (13,17) d²=20
[RUSH] step3: free ore at (13,18)
[RUSH] step3: walking toward tap (13,17) for ore (13,18)
  task=RUSH 0us OK -> (<Direction.SOUTHWEST: 'southwest'>, None)
  task=HEAL_CORE FAIL
[RUSH] --- rush eval at (12,16) en_core=(18,18) ---
[RUSH] step1: no flow tile in gunner range of core
[RUSH] step2: no flow tile near enemy core
[RUSH] step2.5: checking unconnected harvesters
[RUSH] _find_rush_ore: 8 total ore, 8 seen, sym=Symmetry.ROT candidates={<Symmetry.ROT: 1>, <Symmetry.HOR: 2>}
[RUSH]   ore (16,13) d²=29 bld=BuildingHarvester env=Environment.ORE_TITANIUM
[RUSH]   PICKED: None
[RUSH] step3: no ore found, deferring to scout
  task=RUSH FAIL
  task=SCOUT_ENEMY 0us OK -> (<Direction.NORTHEAST: 'northeast'>, None)
  task=HEAL_CORE FAIL
[RUSH] --- rush eval at (12,14) en_core=(18,18) ---
[RUSH] step1: no flow tile in gunner range of core
[RUSH] step2: no flow tile near enemy core
[RUSH] step2.5: checking unconnected harvesters
[RUSH] _find_rush_ore: 8 total ore, 8 seen, sym=Symmetry.ROT candidates={<Symmetry.ROT: 1>}
[RUSH]   ore (16,13) d²=29 bld=BuildingHarvester env=Environment.ORE_TITANIUM
[RUSH]   ore (13,18) d²=25 bld=BuildingBarrier env=Environment.ORE_TITANIUM
[RUSH]   PICKED: None
[RUSH] step3: no ore found, deferring to scout
  task=RUSH FAIL
  task=SCOUT_ENEMY 0us OK -> (<Direction.SOUTH: 'south'>, None)
  task=HEAL_CORE FAIL
[RUSH] --- rush eval at (11,14) en_core=(18,18) ---
[RUSH] step1: no flow tile in gunner range of core
[RUSH] step2: no flow tile near enemy core
[RUSH] step2.5: checking unconnected harvesters
[RUSH] _find_rush_ore: 8 total ore, 8 seen, sym=Symmetry.ROT candidates={<Symmetry.ROT: 1>, <Symmetry.HOR: 2>, <Symmetry.VER: 3>}
[RUSH]   ore (16,13) d²=29 bld=BuildingHarvester env=Environment.ORE_TITANIUM
[RUSH]   PICKED: parasite ore at (16,12) d²=39
[RUSH] step3: parasite ore at (16,13)
[RUSH] step3: extending from tap (16,12)
[RUSH] extend: from (16,12) toward core (18,18)
[RUSH] extend: siege target (17,14)
[RUSH] extend: path=[(16, 12), (17, 12), (17, 13), (17, 14)]
[RUSH] extend: path len=4, builder at (11,14)
[RUSH] extend[0]: (16,12)->(17,12) bld=None team=None connected=False
[RUSH] extend[0]: need to walk to (16,12) d²=29
  task=RUSH 0us OK -> (<Direction.NORTHEAST: 'northeast'>, None)
  task=HEAL_CORE FAIL
[RUSH] --- rush eval at (13,12) en_core=(18,18) ---
[RUSH] step1: no flow tile in gunner range of core
[RUSH] step2: no flow tile near enemy core
[RUSH] step2.5: checking unconnected harvesters
[RUSH] _find_rush_ore: 8 total ore, 8 seen, sym=Symmetry.ROT candidates={<Symmetry.ROT: 1>, <Symmetry.HOR: 2>}
[RUSH]   ore (16,13) d²=29 bld=BuildingHarvester env=Environment.ORE_TITANIUM
[RUSH]   ore (13,18) d²=25 bld=None env=Environment.ORE_TITANIUM
[RUSH]   PICKED: free ore at (13,17) d²=20
[RUSH] step3: free ore at (13,18)
[RUSH] step3: walking toward tap (13,17) for ore (13,18)
  task=RUSH 0us OK -> (<Direction.WEST: 'west'>, None)
  task=HEAL_CORE FAIL
[RUSH] --- rush eval at (11,13) en_core=(18,18) ---
[RUSH] step1: no flow tile in gunner range of core
[RUSH] step2: no flow tile near enemy core
[RUSH] step2.5: checking unconnected harvesters
[RUSH] _find_rush_ore: 8 total ore, 8 seen, sym=Symmetry.ROT candidates={<Symmetry.ROT: 1>, <Symmetry.HOR: 2>}
[RUSH]   ore (16,13) d²=29 bld=BuildingHarvester env=Environment.ORE_TITANIUM
[RUSH]   ore (13,18) d²=25 bld=None env=Environment.ORE_TITANIUM
[RUSH]   PICKED: free ore at (13,17) d²=20
[RUSH] step3: free ore at (13,18)
[RUSH] step3: walking toward tap (13,17) for ore (13,18)
  task=RUSH 0us OK -> (<Direction.SOUTHEAST: 'southeast'>, None)
  task=HEAL_CORE FAIL
[RUSH] --- rush eval at (13,11) en_core=(18,18) ---
[RUSH] step1: no flow tile in gunner range of core
[RUSH] step2: no flow tile near enemy core
[RUSH] step2.5: checking unconnected harvesters
[RUSH] _find_rush_ore: 8 total ore, 8 seen, sym=Symmetry.ROT candidates={<Symmetry.ROT: 1>, <Symmetry.HOR: 2>}
[RUSH]   ore (10,13) d²=89 bld=BuildingBarrier env=Environment.ORE_TITANIUM
[RUSH]   ore (16,13) d²=29 bld=BuildingHarvester env=Environment.ORE_TITANIUM
[RUSH]   ore (13,18) d²=25 bld=None env=Environment.ORE_TITANIUM
[RUSH]   PICKED: free ore at (13,17) d²=20
[RUSH] step3: free ore at (13,18)
[RUSH] step3: walking toward tap (13,17) for ore (13,18)
  task=RUSH 0us OK -> (<Direction.NORTHWEST: 'northwest'>, PlaceRoad(pos=Position(x=12, y=10)))
  task=HEAL_CORE FAIL
[RUSH] --- rush eval at (13,15) en_core=(18,18) ---
[RUSH] step1: no flow tile in gunner range of core
[RUSH] step2: no flow tile near enemy core
[RUSH] step2.5: checking unconnected harvesters
[RUSH] _find_rush_ore: 8 total ore, 8 seen, sym=Symmetry.ROT candidates={<Symmetry.ROT: 1>, <Symmetry.HOR: 2>}
[RUSH]   ore (16,13) d²=29 bld=BuildingHarvester env=Environment.ORE_TITANIUM
[RUSH]   PICKED: None
[RUSH] step3: no ore found, deferring to scout
  task=RUSH FAIL
  task=SCOUT_ENEMY 0us OK -> (<Direction.SOUTHEAST: 'southeast'>, None)
  task=HEAL_CORE FAIL
[RUSH] --- rush eval at (12,15) en_core=(18,18) ---
[RUSH] step1: no flow tile in gunner range of core
[RUSH] step2: no flow tile near enemy core
[RUSH] step2.5: checking unconnected harvesters
[RUSH] _find_rush_ore: 8 total ore, 8 seen, sym=Symmetry.ROT candidates={<Symmetry.ROT: 1>}
[RUSH]   ore (16,13) d²=29 bld=BuildingHarvester env=Environment.ORE_TITANIUM
[RUSH]   PICKED: None
[RUSH] step3: no ore found, deferring to scout
  task=RUSH FAIL
  task=SCOUT_ENEMY 0us OK -> (<Direction.SOUTH: 'south'>, None)
  task=HEAL_CORE FAIL
[RUSH] --- rush eval at (12,13) en_core=(18,18) ---
[RUSH] step1: no flow tile in gunner range of core
[RUSH] step2: no flow tile near enemy core
[RUSH] step2.5: checking unconnected harvesters
[RUSH] _find_rush_ore: 8 total ore, 8 seen, sym=Symmetry.ROT candidates={<Symmetry.ROT: 1>, <Symmetry.HOR: 2>, <Symmetry.VER: 3>}
[RUSH]   ore (16,13) d²=29 bld=BuildingHarvester env=Environment.ORE_TITANIUM
[RUSH]   PICKED: parasite ore at (17,13) d²=39
[RUSH] step3: parasite ore at (16,13)
[RUSH] step3: extending from tap (17,13)
[RUSH] extend: from (17,13) toward core (18,18)
[RUSH] extend: siege target (17,14)
[RUSH] extend: path=[(17, 13), (17, 14)]
[RUSH] extend: path len=2, builder at (12,13)
[RUSH] extend[0]: (17,13)->(17,14) bld=None team=None connected=False
[RUSH] extend[0]: need to walk to (17,13) d²=25
  task=RUSH 0us OK -> (<Direction.NORTHEAST: 'northeast'>, None)
  task=HEAL_CORE FAIL
[RUSH] --- rush eval at (12,12) en_core=(18,18) ---
[RUSH] step1: no flow tile in gunner range of core
[RUSH] step2: no flow tile near enemy core
[RUSH] step2.5: checking unconnected harvesters
[RUSH] _find_rush_ore: 8 total ore, 8 seen, sym=Symmetry.ROT candidates={<Symmetry.ROT: 1>, <Symmetry.HOR: 2>}
[RUSH]   ore (16,13) d²=29 bld=BuildingHarvester env=Environment.ORE_TITANIUM
[RUSH]   ore (13,18) d²=25 bld=None env=Environment.ORE_TITANIUM
[RUSH]   PICKED: free ore at (13,17) d²=20
[RUSH] step3: free ore at (13,18)
[RUSH] step3: walking toward tap (13,17) for ore (13,18)
  task=RUSH 0us OK -> (<Direction.NORTHEAST: 'northeast'>, None)
  task=HEAL_CORE FAIL
[RUSH] --- rush eval at (12,14) en_core=(18,18) ---
[RUSH] step1: no flow tile in gunner range of core
[RUSH] step2: no flow tile near enemy core
[RUSH] step2.5: checking unconnected harvesters
[RUSH] _find_rush_ore: 8 total ore, 8 seen, sym=Symmetry.ROT candidates={<Symmetry.ROT: 1>, <Symmetry.HOR: 2>}
[RUSH]   ore (16,13) d²=29 bld=BuildingHarvester env=Environment.ORE_TITANIUM
[RUSH]   ore (13,18) d²=25 bld=BuildingBarrier env=Environment.ORE_TITANIUM
[RUSH]   PICKED: None
[RUSH] step3: no ore found, deferring to scout
  task=RUSH FAIL
  task=SCOUT_ENEMY 0us OK -> (<Direction.SOUTHEAST: 'southeast'>, None)
  task=HEAL_CORE FAIL
[RUSH] --- rush eval at (12,10) en_core=(18,18) ---
[RUSH] step1: no flow tile in gunner range of core
[RUSH] step2: no flow tile near enemy core
[RUSH] step2.5: checking unconnected harvesters
[RUSH] _find_rush_ore: 8 total ore, 8 seen, sym=Symmetry.ROT candidates={<Symmetry.ROT: 1>, <Symmetry.HOR: 2>}
[RUSH]   ore (16,13) d²=29 bld=BuildingHarvester env=Environment.ORE_TITANIUM
[RUSH]   ore (13,18) d²=25 bld=None env=Environment.ORE_TITANIUM
[RUSH]   PICKED: free ore at (13,17) d²=20
[RUSH] step3: free ore at (13,18)
[RUSH] step3: walking toward tap (13,17) for ore (13,18)
  task=RUSH 0us OK -> (<Direction.SOUTHWEST: 'southwest'>, PlaceRoad(pos=Position(x=11, y=11)))
  task=HEAL_CORE FAIL
[RUSH] --- rush eval at (14,16) en_core=(18,18) ---
[RUSH] step1: no flow tile in gunner range of core
[RUSH] step2: no flow tile near enemy core
[RUSH] step2.5: checking unconnected harvesters
[RUSH] _find_rush_ore: 8 total ore, 8 seen, sym=Symmetry.ROT candidates={<Symmetry.ROT: 1>, <Symmetry.HOR: 2>}
[RUSH]   ore (16,13) d²=29 bld=BuildingHarvester env=Environment.ORE_TITANIUM
[RUSH]   PICKED: None
[RUSH] step3: no ore found, deferring to scout
  task=RUSH FAIL
  task=SCOUT_ENEMY 0us OK -> (<Direction.SOUTHEAST: 'southeast'>, None)
  task=HEAL_CORE FAIL
[RUSH] --- rush eval at (12,16) en_core=(18,18) ---
[RUSH] step1: no flow tile in gunner range of core
[RUSH] step2: no flow tile near enemy core
[RUSH] step2.5: checking unconnected harvesters
[RUSH] _find_rush_ore: 8 total ore, 8 seen, sym=Symmetry.ROT candidates={<Symmetry.ROT: 1>}
[RUSH]   ore (16,13) d²=29 bld=BuildingHarvester env=Environment.ORE_TITANIUM
[RUSH]   PICKED: None
[RUSH] step3: no ore found, deferring to scout
  task=RUSH FAIL
  task=SCOUT_ENEMY 0us OK -> (<Direction.EAST: 'east'>, None)
  task=HEAL_CORE FAIL
[RUSH] --- rush eval at (13,12) en_core=(18,18) ---
[RUSH] step1: no flow tile in gunner range of core
[RUSH] step2: no flow tile near enemy core
[RUSH] step2.5: checking unconnected harvesters
[RUSH] _find_rush_ore: 8 total ore, 8 seen, sym=Symmetry.ROT candidates={<Symmetry.ROT: 1>, <Symmetry.HOR: 2>, <Symmetry.VER: 3>}
[RUSH]   ore (16,13) d²=29 bld=BuildingHarvester env=Environment.ORE_TITANIUM
[RUSH]   PICKED: None
[RUSH] step3: no ore found, deferring to scout
  task=RUSH FAIL
  task=SCOUT_ENEMY 0us OK -> (<Direction.SOUTHWEST: 'southwest'>, None)
  task=HEAL_CORE FAIL
[RUSH] --- rush eval at (13,11) en_core=(18,18) ---
[RUSH] step1: no flow tile in gunner range of core
[RUSH] step2: no flow tile near enemy core
[RUSH] step2.5: checking unconnected harvesters
[RUSH] _find_rush_ore: 8 total ore, 8 seen, sym=Symmetry.ROT candidates={<Symmetry.ROT: 1>, <Symmetry.HOR: 2>}
[RUSH]   ore (16,13) d²=29 bld=BuildingHarvester env=Environment.ORE_TITANIUM
[RUSH]   ore (13,18) d²=25 bld=None env=Environment.ORE_TITANIUM
[RUSH]   PICKED: free ore at (13,17) d²=20
[RUSH] step3: free ore at (13,18)
[RUSH] step3: walking toward tap (13,17) for ore (13,18)
  task=RUSH 0us OK -> (<Direction.SOUTHWEST: 'southwest'>, None)
  task=HEAL_CORE FAIL
[RUSH] --- rush eval at (13,15) en_core=(18,18) ---
[RUSH] step1: no flow tile in gunner range of core
[RUSH] step2: no flow tile near enemy core
[RUSH] step2.5: checking unconnected harvesters
[RUSH] _find_rush_ore: 8 total ore, 8 seen, sym=Symmetry.ROT candidates={<Symmetry.ROT: 1>, <Symmetry.HOR: 2>}
[RUSH]   ore (16,13) d²=29 bld=BuildingHarvester env=Environment.ORE_TITANIUM
[RUSH]   PICKED: None
[RUSH] step3: no ore found, deferring to scout
  task=RUSH FAIL
  task=SCOUT_ENEMY 0us OK -> (<Direction.SOUTHEAST: 'southeast'>, None)
  task=HEAL_CORE FAIL
[RUSH] --- rush eval at (11,11) en_core=(18,18) ---
[RUSH] step1: no flow tile in gunner range of core
[RUSH] step2: no flow tile near enemy core
[RUSH] step2.5: checking unconnected harvesters
[RUSH] _find_rush_ore: 8 total ore, 8 seen, sym=Symmetry.ROT candidates={<Symmetry.ROT: 1>, <Symmetry.HOR: 2>}
[RUSH]   ore (16,13) d²=29 bld=BuildingHarvester env=Environment.ORE_TITANIUM
[RUSH]   ore (13,18) d²=25 bld=None env=Environment.ORE_TITANIUM
[RUSH]   PICKED: free ore at (13,17) d²=20
[RUSH] step3: free ore at (13,18)
[RUSH] step3: walking toward tap (13,17) for ore (13,18)
  task=RUSH 0us OK -> (<Direction.SOUTHWEST: 'southwest'>, None)
  task=HEAL_CORE FAIL
[RUSH] --- rush eval at (15,17) en_core=(18,18) ---
[RUSH] step1: no flow tile in gunner range of core
[RUSH] step2: no flow tile near enemy core
[RUSH] step2.5: checking unconnected harvesters
[RUSH] _find_rush_ore: 8 total ore, 8 seen, sym=Symmetry.ROT candidates={<Symmetry.ROT: 1>, <Symmetry.HOR: 2>}
[RUSH]   ore (16,13) d²=29 bld=BuildingHarvester env=Environment.ORE_TITANIUM
[RUSH]   PICKED: None
[RUSH] step3: no ore found, deferring to scout
  task=RUSH FAIL
  task=SCOUT_ENEMY 0us OK -> (<Direction.NORTHEAST: 'northeast'>, None)
  task=HEAL_CORE FAIL
[RUSH] --- rush eval at (13,16) en_core=(18,18) ---
[RUSH] step1: no flow tile in gunner range of core
[RUSH] step2: no flow tile near enemy core
[RUSH] step2.5: checking unconnected harvesters
[RUSH] _find_rush_ore: 8 total ore, 8 seen, sym=Symmetry.ROT candidates={<Symmetry.ROT: 1>}
[RUSH]   ore (16,13) d²=29 bld=BuildingHarvester env=Environment.ORE_TITANIUM
[RUSH]   PICKED: None
[RUSH] step3: no ore found, deferring to scout
  task=RUSH FAIL
  task=SCOUT_ENEMY 0us OK -> (<Direction.SOUTHEAST: 'southeast'>, PlaceRoad(pos=Position(x=14, y=17)))
  task=HEAL_CORE FAIL
[RUSH] --- rush eval at (12,13) en_core=(18,18) ---
[RUSH] step1: no flow tile in gunner range of core
[RUSH] step2: no flow tile near enemy core
[RUSH] step2.5: checking unconnected harvesters
[RUSH] _find_rush_ore: 8 total ore, 8 seen, sym=Symmetry.ROT candidates={<Symmetry.ROT: 1>, <Symmetry.HOR: 2>, <Symmetry.VER: 3>}
[RUSH]   ore (16,13) d²=29 bld=BuildingHarvester env=Environment.ORE_TITANIUM
[RUSH]   PICKED: None
[RUSH] step3: no ore found, deferring to scout
  task=RUSH FAIL
  task=SCOUT_ENEMY 0us OK -> (<Direction.SOUTHWEST: 'southwest'>, None)
  task=HEAL_CORE FAIL
[RUSH] --- rush eval at (12,12) en_core=(18,18) ---
[RUSH] step1: no flow tile in gunner range of core
[RUSH] step2: no flow tile near enemy core
[RUSH] step2.5: checking unconnected harvesters
[RUSH] _find_rush_ore: 8 total ore, 8 seen, sym=Symmetry.ROT candidates={<Symmetry.ROT: 1>, <Symmetry.HOR: 2>}
[RUSH]   ore (16,13) d²=29 bld=BuildingHarvester env=Environment.ORE_TITANIUM
[RUSH]   ore (13,18) d²=25 bld=None env=Environment.ORE_TITANIUM
[RUSH]   PICKED: free ore at (13,17) d²=20
[RUSH] step3: free ore at (13,18)
[RUSH] step3: walking toward tap (13,17) for ore (13,18)
  task=RUSH 0us OK -> (<Direction.SOUTHWEST: 'southwest'>, None)
  task=HEAL_CORE FAIL
[RUSH] --- rush eval at (14,16) en_core=(18,18) ---
[RUSH] step1: no flow tile in gunner range of core
[RUSH] step2: no flow tile near enemy core
[RUSH] step2.5: checking unconnected harvesters
[RUSH] _find_rush_ore: 8 total ore, 8 seen, sym=Symmetry.ROT candidates={<Symmetry.ROT: 1>, <Symmetry.HOR: 2>}
[RUSH]   ore (16,13) d²=29 bld=BuildingHarvester env=Environment.ORE_TITANIUM
[RUSH]   PICKED: None
[RUSH] step3: no ore found, deferring to scout
  task=RUSH FAIL
  task=SCOUT_ENEMY 0us OK -> (<Direction.SOUTHEAST: 'southeast'>, None)
  task=HEAL_CORE FAIL
[RUSH] --- rush eval at (10,12) en_core=(18,18) ---
[RUSH] step1: no flow tile in gunner range of core
[RUSH] step2: no flow tile near enemy core
[RUSH] step2.5: checking unconnected harvesters
[RUSH] _find_rush_ore: 8 total ore, 8 seen, sym=Symmetry.ROT candidates={<Symmetry.ROT: 1>, <Symmetry.HOR: 2>}
[RUSH]   ore (16,13) d²=29 bld=BuildingHarvester env=Environment.ORE_TITANIUM
[RUSH]   ore (13,18) d²=25 bld=None env=Environment.ORE_TITANIUM
[RUSH]   PICKED: free ore at (13,17) d²=20
[RUSH] step3: free ore at (13,18)
[RUSH] step3: walking toward tap (13,17) for ore (13,18)
  task=RUSH 0us OK -> (<Direction.SOUTHWEST: 'southwest'>, PlaceRoad(pos=Position(x=9, y=13)))
  task=HEAL_CORE FAIL
[RUSH] --- rush eval at (12,15) en_core=(18,18) ---
[RUSH] step1: no flow tile in gunner range of core
[RUSH] step2: no flow tile near enemy core
[RUSH] step2.5: checking unconnected harvesters
[RUSH] _find_rush_ore: 8 total ore, 8 seen, sym=Symmetry.ROT candidates={<Symmetry.ROT: 1>, <Symmetry.HOR: 2>}
[RUSH]   ore (16,13) d²=29 bld=BuildingHarvester env=Environment.ORE_TITANIUM
[RUSH]   PICKED: None
[RUSH] step3: no ore found, deferring to scout
  task=RUSH FAIL
  task=SCOUT_ENEMY 0us OK -> (<Direction.EAST: 'east'>, None)
  task=HEAL_CORE FAIL
[RUSH] --- rush eval at (14,17) en_core=(18,18) ---
[RUSH] step1: no flow tile in gunner range of core
[RUSH] step2: no flow tile near enemy core
[RUSH] step2.5: checking unconnected harvesters
[RUSH] _find_rush_ore: 8 total ore, 8 seen, sym=Symmetry.ROT candidates={<Symmetry.ROT: 1>}
[RUSH]   ore (16,13) d²=29 bld=BuildingHarvester env=Environment.ORE_TITANIUM
[RUSH]   PICKED: None
[RUSH] step3: no ore found, deferring to scout
  task=RUSH FAIL
  task=SCOUT_ENEMY 0us OK -> (<Direction.NORTHWEST: 'northwest'>, None)
  task=HEAL_CORE FAIL
[RUSH] --- rush eval at (11,14) en_core=(18,18) ---
[RUSH] step1: no flow tile in gunner range of core
[RUSH] step2: no flow tile near enemy core
[RUSH] step2.5: checking unconnected harvesters
[RUSH] _find_rush_ore: 8 total ore, 8 seen, sym=Symmetry.ROT candidates={<Symmetry.ROT: 1>, <Symmetry.HOR: 2>, <Symmetry.VER: 3>}
[RUSH]   ore (16,13) d²=29 bld=BuildingHarvester env=Environment.ORE_TITANIUM
[RUSH]   PICKED: None
[RUSH] step3: no ore found, deferring to scout
  task=RUSH FAIL
  task=SCOUT_ENEMY 0us OK -> (<Direction.SOUTHEAST: 'southeast'>, None)
  task=HEAL_CORE FAIL
[RUSH] --- rush eval at (11,13) en_core=(18,18) ---
[RUSH] step1: no flow tile in gunner range of core
[RUSH] step2: no flow tile near enemy core
[RUSH] step2.5: checking unconnected harvesters
[RUSH] _find_rush_ore: 8 total ore, 8 seen, sym=Symmetry.ROT candidates={<Symmetry.ROT: 1>, <Symmetry.HOR: 2>}
[RUSH]   ore (16,13) d²=29 bld=BuildingHarvester env=Environment.ORE_TITANIUM
[RUSH]   ore (13,18) d²=25 bld=None env=Environment.ORE_TITANIUM
[RUSH]   PICKED: free ore at (13,17) d²=20
[RUSH] step3: free ore at (13,18)
[RUSH] step3: walking toward tap (13,17) for ore (13,18)
  task=RUSH 0us OK -> (<Direction.SOUTHEAST: 'southeast'>, None)
  task=HEAL_CORE FAIL
[RUSH] --- rush eval at (15,17) en_core=(18,18) ---
[RUSH] step1: no flow tile in gunner range of core
[RUSH] step2: no flow tile near enemy core
[RUSH] step2.5: checking unconnected harvesters
[RUSH] _find_rush_ore: 8 total ore, 8 seen, sym=Symmetry.ROT candidates={<Symmetry.ROT: 1>, <Symmetry.HOR: 2>}
[RUSH]   ore (16,13) d²=29 bld=BuildingHarvester env=Environment.ORE_TITANIUM
[RUSH]   PICKED: None
[RUSH] step3: no ore found, deferring to scout
  task=RUSH FAIL
  task=SCOUT_ENEMY 0us OK -> (<Direction.NORTHEAST: 'northeast'>, None)
  task=HEAL_CORE FAIL
[RUSH] --- rush eval at (9,13) en_core=(18,18) ---
[RUSH] step1: no flow tile in gunner range of core
[RUSH] step2: no flow tile near enemy core
[RUSH] step2.5: checking unconnected harvesters
[RUSH] _find_rush_ore: 8 total ore, 8 seen, sym=Symmetry.ROT candidates={<Symmetry.ROT: 1>, <Symmetry.HOR: 2>}
[RUSH]   ore (16,13) d²=29 bld=BuildingHarvester env=Environment.ORE_TITANIUM
[RUSH]   ore (13,18) d²=25 bld=None env=Environment.ORE_TITANIUM
[RUSH]   PICKED: free ore at (13,17) d²=20
[RUSH] step3: free ore at (13,18)
[RUSH] step3: walking toward tap (13,17) for ore (13,18)
  task=RUSH 0us OK -> (<Direction.SOUTHEAST: 'southeast'>, PlaceRoad(pos=Position(x=10, y=14)))
  task=HEAL_CORE FAIL
[RUSH] --- rush eval at (13,15) en_core=(18,18) ---
[RUSH] step1: no flow tile in gunner range of core
[RUSH] step2: no flow tile near enemy core
[RUSH] step2.5: checking unconnected harvesters
[RUSH] _find_rush_ore: 8 total ore, 8 seen, sym=Symmetry.ROT candidates={<Symmetry.ROT: 1>, <Symmetry.HOR: 2>}
[RUSH]   ore (16,13) d²=29 bld=BuildingHarvester env=Environment.ORE_TITANIUM
[RUSH]   PICKED: None
[RUSH] step3: no ore found, deferring to scout
  task=RUSH FAIL
  task=SCOUT_ENEMY 0us OK -> (<Direction.SOUTHWEST: 'southwest'>, None)
  task=HEAL_CORE FAIL
[RUSH] --- rush eval at (13,16) en_core=(18,18) ---
[RUSH] step1: no flow tile in gunner range of core
[RUSH] step2: no flow tile near enemy core
[RUSH] step2.5: checking unconnected harvesters
[RUSH] _find_rush_ore: 8 total ore, 8 seen, sym=Symmetry.ROT candidates={<Symmetry.ROT: 1>}
[RUSH]   ore (16,13) d²=29 bld=BuildingHarvester env=Environment.ORE_TITANIUM
[RUSH]   PICKED: None
[RUSH] step3: no ore found, deferring to scout
  task=RUSH FAIL
  task=SCOUT_ENEMY 0us OK -> (<Direction.SOUTHEAST: 'southeast'>, None)
  task=HEAL_CORE FAIL
[RUSH] --- rush eval at (12,15) en_core=(18,18) ---
[RUSH] step1: no flow tile in gunner range of core
[RUSH] step2: no flow tile near enemy core
[RUSH] step2.5: checking unconnected harvesters
[RUSH] _find_rush_ore: 8 total ore, 8 seen, sym=Symmetry.ROT candidates={<Symmetry.ROT: 1>, <Symmetry.HOR: 2>, <Symmetry.VER: 3>}
[RUSH]   ore (16,13) d²=29 bld=BuildingHarvester env=Environment.ORE_TITANIUM
[RUSH]   PICKED: None
[RUSH] step3: no ore found, deferring to scout
  task=RUSH FAIL
  task=SCOUT_ENEMY 0us OK -> (<Direction.SOUTHEAST: 'southeast'>, None)
  task=HEAL_CORE FAIL
[RUSH] --- rush eval at (12,14) en_core=(18,18) ---
[RUSH] step1: no flow tile in gunner range of core
[RUSH] step2: no flow tile near enemy core
[RUSH] step2.5: checking unconnected harvesters
[RUSH] _find_rush_ore: 8 total ore, 8 seen, sym=Symmetry.ROT candidates={<Symmetry.ROT: 1>, <Symmetry.HOR: 2>}
[RUSH]   ore (16,13) d²=29 bld=BuildingHarvester env=Environment.ORE_TITANIUM
[RUSH]   ore (13,18) d²=25 bld=BuildingBarrier env=Environment.ORE_TITANIUM
[RUSH]   PICKED: None
[RUSH] step3: no ore found, deferring to scout
  task=RUSH FAIL
  task=SCOUT_ENEMY 0us OK -> (<Direction.NORTH: 'north'>, None)
  task=HEAL_CORE FAIL
[RUSH] --- rush eval at (13,15) en_core=(18,18) ---
[RUSH] step1: no flow tile in gunner range of core
[RUSH] step2: no flow tile near enemy core
[RUSH] step2.5: checking unconnected harvesters
[RUSH] _find_rush_ore: 8 total ore, 8 seen, sym=Symmetry.ROT candidates={<Symmetry.ROT: 1>, <Symmetry.HOR: 2>}
[RUSH]   ore (16,13) d²=29 bld=BuildingHarvester env=Environment.ORE_TITANIUM
[RUSH]   PICKED: None
[RUSH] step3: no ore found, deferring to scout
  task=RUSH FAIL
  task=SCOUT_ENEMY 0us OK -> (<Direction.NORTHWEST: 'northwest'>, None)
  task=HEAL_CORE FAIL
[RUSH] --- rush eval at (10,14) en_core=(18,18) ---
[RUSH] step1: no flow tile in gunner range of core
[RUSH] step2: no flow tile near enemy core
[RUSH] step2.5: checking unconnected harvesters
[RUSH] _find_rush_ore: 8 total ore, 8 seen, sym=Symmetry.ROT candidates={<Symmetry.ROT: 1>, <Symmetry.HOR: 2>}
[RUSH]   ore (16,13) d²=29 bld=BuildingHarvester env=Environment.ORE_TITANIUM
[RUSH]   ore (13,18) d²=25 bld=None env=Environment.ORE_TITANIUM
[RUSH]   PICKED: free ore at (13,17) d²=20
[RUSH] step3: free ore at (13,18)
[RUSH] step3: walking toward tap (13,17) for ore (13,18)
  task=RUSH 0us OK -> (<Direction.EAST: 'east'>, None)
  task=HEAL_CORE FAIL
[RUSH] --- rush eval at (12,16) en_core=(18,18) ---
[RUSH] step1: no flow tile in gunner range of core
[RUSH] step2: no flow tile near enemy core
[RUSH] step2.5: checking unconnected harvesters
[RUSH] _find_rush_ore: 8 total ore, 8 seen, sym=Symmetry.ROT candidates={<Symmetry.ROT: 1>, <Symmetry.HOR: 2>}
[RUSH]   ore (16,13) d²=29 bld=BuildingHarvester env=Environment.ORE_TITANIUM
[RUSH]   PICKED: None
[RUSH] step3: no ore found, deferring to scout
  task=RUSH FAIL
  task=SCOUT_ENEMY 0us OK -> (<Direction.SOUTHEAST: 'southeast'>, None)
  task=HEAL_CORE FAIL
[RUSH] --- rush eval at (14,17) en_core=(18,18) ---
[RUSH] step1: no flow tile in gunner range of core
[RUSH] step2: no flow tile near enemy core
[RUSH] step2.5: checking unconnected harvesters
[RUSH] _find_rush_ore: 8 total ore, 8 seen, sym=Symmetry.ROT candidates={<Symmetry.ROT: 1>}
[RUSH]   ore (16,13) d²=29 bld=BuildingHarvester env=Environment.ORE_TITANIUM
[RUSH]   PICKED: None
[RUSH] step3: no ore found, deferring to scout
  task=RUSH FAIL
  task=SCOUT_ENEMY 0us OK -> (<Direction.EAST: 'east'>, None)
  task=HEAL_CORE FAIL
[RUSH] --- rush eval at (13,16) en_core=(18,18) ---
[RUSH] step1: no flow tile in gunner range of core
[RUSH] step2: no flow tile near enemy core
[RUSH] step2.5: checking unconnected harvesters
[RUSH] _find_rush_ore: 8 total ore, 8 seen, sym=Symmetry.ROT candidates={<Symmetry.ROT: 1>, <Symmetry.HOR: 2>, <Symmetry.VER: 3>}
[RUSH]   ore (16,13) d²=29 bld=BuildingHarvester env=Environment.ORE_TITANIUM
[RUSH]   PICKED: None
[RUSH] step3: no ore found, deferring to scout
  task=RUSH FAIL
  task=SCOUT_ENEMY 0us OK -> (<Direction.SOUTHEAST: 'southeast'>, None)
  task=HEAL_CORE FAIL
[RUSH] --- rush eval at (12,13) en_core=(18,18) ---
[RUSH] step1: no flow tile in gunner range of core
[RUSH] step2: no flow tile near enemy core
[RUSH] step2.5: checking unconnected harvesters
[RUSH] _find_rush_ore: 8 total ore, 8 seen, sym=Symmetry.ROT candidates={<Symmetry.ROT: 1>, <Symmetry.HOR: 2>}
[RUSH]   ore (16,13) d²=29 bld=BuildingHarvester env=Environment.ORE_TITANIUM
[RUSH]   PICKED: None
[RUSH] step3: no ore found, deferring to scout
  task=RUSH FAIL
  task=SCOUT_ENEMY 0us OK -> (<Direction.WEST: 'west'>, None)
  task=HEAL_CORE FAIL
[RUSH] --- rush eval at (12,14) en_core=(18,18) ---
[RUSH] step1: no flow tile in gunner range of core
[RUSH] step2: no flow tile near enemy core
[RUSH] step2.5: checking unconnected harvesters
[RUSH] _find_rush_ore: 8 total ore, 8 seen, sym=Symmetry.ROT candidates={<Symmetry.ROT: 1>, <Symmetry.HOR: 2>}
[RUSH]   ore (16,13) d²=29 bld=BuildingHarvester env=Environment.ORE_TITANIUM
[RUSH]   PICKED: None
[RUSH] step3: no ore found, deferring to scout
  task=RUSH FAIL
  task=SCOUT_ENEMY 0us OK -> (<Direction.NORTH: 'north'>, None)
  task=HEAL_CORE FAIL
[RUSH] --- rush eval at (11,14) en_core=(18,18) ---
[RUSH] step1: no flow tile in gunner range of core
[RUSH] step2: no flow tile near enemy core
[RUSH] step2.5: checking unconnected harvesters
[RUSH] _find_rush_ore: 8 total ore, 8 seen, sym=Symmetry.ROT candidates={<Symmetry.ROT: 1>, <Symmetry.HOR: 2>}
[RUSH]   ore (16,13) d²=29 bld=BuildingHarvester env=Environment.ORE_TITANIUM
[RUSH]   ore (13,18) d²=25 bld=BuildingBarrier env=Environment.ORE_TITANIUM
[RUSH]   PICKED: None
[RUSH] step3: no ore found, deferring to scout
  task=RUSH FAIL
  task=SCOUT_ENEMY 0us OK -> (<Direction.EAST: 'east'>, None)
  task=HEAL_CORE FAIL
[RUSH] --- rush eval at (13,17) en_core=(18,18) ---
[RUSH] step1: no flow tile in gunner range of core
[RUSH] step2: no flow tile near enemy core
[RUSH] step2.5: checking unconnected harvesters
[RUSH] _find_rush_ore: 8 total ore, 8 seen, sym=Symmetry.ROT candidates={<Symmetry.ROT: 1>, <Symmetry.HOR: 2>}
[RUSH]   ore (16,13) d²=29 bld=BuildingHarvester env=Environment.ORE_TITANIUM
[RUSH]   PICKED: None
[RUSH] step3: no ore found, deferring to scout
  task=RUSH FAIL
  task=SCOUT_ENEMY 0us OK -> (<Direction.NORTH: 'north'>, None)
  task=HEAL_CORE FAIL
[RUSH] --- rush eval at (15,17) en_core=(18,18) ---
[RUSH] step1: no flow tile in gunner range of core
[RUSH] step2: no flow tile near enemy core
[RUSH] step2.5: checking unconnected harvesters
[RUSH] _find_rush_ore: 8 total ore, 8 seen, sym=Symmetry.ROT candidates={<Symmetry.ROT: 1>}
[RUSH]   ore (16,13) d²=29 bld=BuildingHarvester env=Environment.ORE_TITANIUM
[RUSH]   PICKED: None
[RUSH] step3: no ore found, deferring to scout
  task=RUSH FAIL
  task=SCOUT_ENEMY 0us OK -> (<Direction.NORTHEAST: 'northeast'>, None)
  task=HEAL_CORE FAIL
[RUSH] --- rush eval at (14,17) en_core=(18,18) ---
[RUSH] step1: no flow tile in gunner range of core
[RUSH] step2: no flow tile near enemy core
[RUSH] step2.5: checking unconnected harvesters
[RUSH] _find_rush_ore: 8 total ore, 8 seen, sym=Symmetry.ROT candidates={<Symmetry.ROT: 1>, <Symmetry.HOR: 2>, <Symmetry.VER: 3>}
[RUSH]   ore (16,13) d²=29 bld=BuildingHarvester env=Environment.ORE_TITANIUM
[RUSH]   PICKED: None
[RUSH] step3: no ore found, deferring to scout
  task=RUSH FAIL
  task=SCOUT_ENEMY 0us OK -> (<Direction.NORTH: 'north'>, None)
  task=HEAL_CORE FAIL
[RUSH] --- rush eval at (11,13) en_core=(18,18) ---
[RUSH] step1: no flow tile in gunner range of core
[RUSH] step2: no flow tile near enemy core
[RUSH] step2.5: checking unconnected harvesters
[RUSH] _find_rush_ore: 8 total ore, 8 seen, sym=Symmetry.ROT candidates={<Symmetry.ROT: 1>, <Symmetry.HOR: 2>}
[RUSH]   ore (16,13) d²=29 bld=BuildingHarvester env=Environment.ORE_TITANIUM
[RUSH]   PICKED: None
[RUSH] step3: no ore found, deferring to scout
  task=RUSH FAIL
  task=SCOUT_ENEMY 0us OK -> (<Direction.SOUTH: 'south'>, None)
  task=HEAL_CORE FAIL
[RUSH] --- rush eval at (12,13) en_core=(18,18) ---
[RUSH] step1: no flow tile in gunner range of core
[RUSH] step2: no flow tile near enemy core
[RUSH] step2.5: checking unconnected harvesters
[RUSH] _find_rush_ore: 8 total ore, 8 seen, sym=Symmetry.ROT candidates={<Symmetry.ROT: 1>, <Symmetry.HOR: 2>}
[RUSH]   ore (16,13) d²=29 bld=BuildingHarvester env=Environment.ORE_TITANIUM
[RUSH]   PICKED: None
[RUSH] step3: no ore found, deferring to scout
  task=RUSH FAIL
  task=SCOUT_ENEMY 0us OK -> (<Direction.NORTHEAST: 'northeast'>, None)
  task=HEAL_CORE FAIL
[RUSH] --- rush eval at (12,14) en_core=(18,18) ---
[RUSH] step1: no flow tile in gunner range of core
[RUSH] step2: no flow tile near enemy core
[RUSH] step2.5: checking unconnected harvesters
[RUSH] _find_rush_ore: 8 total ore, 8 seen, sym=Symmetry.ROT candidates={<Symmetry.ROT: 1>, <Symmetry.HOR: 2>}
[RUSH]   ore (16,13) d²=29 bld=BuildingHarvester env=Environment.ORE_TITANIUM
[RUSH]   PICKED: None
[RUSH] step3: no ore found, deferring to scout
  task=RUSH FAIL
  task=SCOUT_ENEMY 0us OK -> (<Direction.SOUTHEAST: 'southeast'>, None)
  task=HEAL_CORE FAIL
[RUSH] --- rush eval at (13,16) en_core=(18,18) ---
[RUSH] step1: no flow tile in gunner range of core
[RUSH] step2: no flow tile near enemy core
[RUSH] step2.5: checking unconnected harvesters
[RUSH] _find_rush_ore: 8 total ore, 8 seen, sym=Symmetry.ROT candidates={<Symmetry.ROT: 1>, <Symmetry.HOR: 2>}
[RUSH]   ore (16,13) d²=29 bld=BuildingHarvester env=Environment.ORE_TITANIUM
[RUSH]   PICKED: None
[RUSH] step3: no ore found, deferring to scout
  task=RUSH FAIL
  task=SCOUT_ENEMY 0us OK -> (<Direction.NORTHWEST: 'northwest'>, None)
  task=HEAL_CORE FAIL
[RUSH] --- rush eval at (12,16) en_core=(18,18) ---
[RUSH] step1: no flow tile in gunner range of core
[RUSH] step2: no flow tile near enemy core
[RUSH] step2.5: checking unconnected harvesters
[RUSH] _find_rush_ore: 8 total ore, 8 seen, sym=Symmetry.ROT candidates={<Symmetry.ROT: 1>}
[RUSH]   ore (16,13) d²=29 bld=BuildingHarvester env=Environment.ORE_TITANIUM
[RUSH]   PICKED: None
[RUSH] step3: no ore found, deferring to scout
  task=RUSH FAIL
  task=SCOUT_ENEMY 0us OK -> (<Direction.NORTHWEST: 'northwest'>, PlaceRoad(pos=Position(x=11, y=15)))
  task=HEAL_CORE FAIL
[RUSH] --- rush eval at (14,16) en_core=(18,18) ---
[RUSH] step1: no flow tile in gunner range of core
[RUSH] step2: no flow tile near enemy core
[RUSH] step2.5: checking unconnected harvesters
[RUSH] _find_rush_ore: 8 total ore, 8 seen, sym=Symmetry.ROT candidates={<Symmetry.ROT: 1>, <Symmetry.HOR: 2>, <Symmetry.VER: 3>}
[RUSH]   ore (16,13) d²=29 bld=BuildingHarvester env=Environment.ORE_TITANIUM
[RUSH]   PICKED: None
[RUSH] step3: no ore found, deferring to scout
  task=RUSH FAIL
  task=SCOUT_ENEMY 0us OK -> (<Direction.SOUTHEAST: 'southeast'>, None)
  task=HEAL_CORE FAIL
[RUSH] --- rush eval at (11,14) en_core=(18,18) ---
[RUSH] step1: no flow tile in gunner range of core
[RUSH] step2: no flow tile near enemy core
[RUSH] step2.5: checking unconnected harvesters
[RUSH] _find_rush_ore: 8 total ore, 8 seen, sym=Symmetry.ROT candidates={<Symmetry.ROT: 1>, <Symmetry.HOR: 2>}
[RUSH]   ore (16,13) d²=29 bld=BuildingHarvester env=Environment.ORE_TITANIUM
[RUSH]   PICKED: None
[RUSH] step3: no ore found, deferring to scout
  task=RUSH FAIL
  task=SCOUT_ENEMY 0us OK -> (<Direction.NORTHEAST: 'northeast'>, None)
  task=HEAL_CORE FAIL
[RUSH] --- rush eval at (13,12) en_core=(18,18) ---
[RUSH] step1: no flow tile in gunner range of core
[RUSH] step2: no flow tile near enemy core
[RUSH] step2.5: checking unconnected harvesters
[RUSH] _find_rush_ore: 8 total ore, 8 seen, sym=Symmetry.ROT candidates={<Symmetry.ROT: 1>, <Symmetry.HOR: 2>}
[RUSH]   ore (16,13) d²=29 bld=BuildingHarvester env=Environment.ORE_TITANIUM
[RUSH]   PICKED: None
[RUSH] step3: no ore found, deferring to scout
  task=RUSH FAIL
  task=SCOUT_ENEMY 0us OK -> (<Direction.NORTHEAST: 'northeast'>, None)
  task=HEAL_CORE FAIL
[RUSH] --- rush eval at (13,15) en_core=(18,18) ---
[RUSH] step1: no flow tile in gunner range of core
[RUSH] step2: no flow tile near enemy core
[RUSH] step2.5: checking unconnected harvesters
[RUSH] _find_rush_ore: 8 total ore, 8 seen, sym=Symmetry.ROT candidates={<Symmetry.ROT: 1>, <Symmetry.HOR: 2>}
[RUSH]   ore (16,13) d²=29 bld=BuildingHarvester env=Environment.ORE_TITANIUM
[RUSH]   PICKED: None
[RUSH] step3: no ore found, deferring to scout
  task=RUSH FAIL
  task=SCOUT_ENEMY 0us OK -> (<Direction.SOUTHEAST: 'southeast'>, None)
  task=HEAL_CORE FAIL
[RUSH] --- rush eval at (12,15) en_core=(18,18) ---
[RUSH] step1: no flow tile in gunner range of core
[RUSH] step2: no flow tile near enemy core
[RUSH] step2.5: checking unconnected harvesters
[RUSH] _find_rush_ore: 8 total ore, 8 seen, sym=Symmetry.ROT candidates={<Symmetry.ROT: 1>, <Symmetry.HOR: 2>}
[RUSH]   ore (16,13) d²=29 bld=BuildingHarvester env=Environment.ORE_TITANIUM
[RUSH]   PICKED: None
[RUSH] step3: no ore found, deferring to scout
  task=RUSH FAIL
  task=SCOUT_ENEMY 0us OK -> (<Direction.NORTH: 'north'>, None)
  task=HEAL_CORE FAIL
[RUSH] --- rush eval at (11,15) en_core=(18,18) ---
[RUSH] step1: no flow tile in gunner range of core
[RUSH] step2: no flow tile near enemy core
[RUSH] step2.5: checking unconnected harvesters
[RUSH] _find_rush_ore: 8 total ore, 8 seen, sym=Symmetry.ROT candidates={<Symmetry.ROT: 1>}
[RUSH]   ore (16,13) d²=29 bld=BuildingHarvester env=Environment.ORE_TITANIUM
[RUSH]   PICKED: None
[RUSH] step3: no ore found, deferring to scout
  task=RUSH FAIL
  task=SCOUT_ENEMY 0us OK -> (<Direction.NORTH: 'north'>, None)
  task=HEAL_CORE FAIL
[RUSH] --- rush eval at (15,17) en_core=(18,18) ---
[RUSH] step1: no flow tile in gunner range of core
[RUSH] step2: no flow tile near enemy core
[RUSH] step2.5: checking unconnected harvesters
[RUSH] _find_rush_ore: 8 total ore, 8 seen, sym=Symmetry.ROT candidates={<Symmetry.ROT: 1>, <Symmetry.HOR: 2>, <Symmetry.VER: 3>}
[RUSH]   ore (16,13) d²=29 bld=BuildingHarvester env=Environment.ORE_TITANIUM
[RUSH]   PICKED: None
[RUSH] step3: no ore found, deferring to scout
  task=RUSH FAIL
  task=SCOUT_ENEMY 0us OK -> (<Direction.WEST: 'west'>, None)
  task=HEAL_CORE FAIL
[RUSH] --- rush eval at (12,13) en_core=(18,18) ---
[RUSH] step1: no flow tile in gunner range of core
[RUSH] step2: no flow tile near enemy core
[RUSH] step2.5: checking unconnected harvesters
[RUSH] _find_rush_ore: 8 total ore, 8 seen, sym=Symmetry.ROT candidates={<Symmetry.ROT: 1>, <Symmetry.HOR: 2>}
[RUSH]   ore (16,13) d²=29 bld=BuildingHarvester env=Environment.ORE_TITANIUM
[RUSH]   PICKED: None
[RUSH] step3: no ore found, deferring to scout
  task=RUSH FAIL
  task=SCOUT_ENEMY 0us OK -> (<Direction.WEST: 'west'>, None)
  task=HEAL_CORE FAIL
[RUSH] --- rush eval at (14,11) en_core=(18,18) ---
[RUSH] step1: no flow tile in gunner range of core
[RUSH] step2: no flow tile near enemy core
[RUSH] step2.5: checking unconnected harvesters
[RUSH] _find_rush_ore: 8 total ore, 8 seen, sym=Symmetry.ROT candidates={<Symmetry.ROT: 1>, <Symmetry.HOR: 2>}
[RUSH]   ore (16,13) d²=29 bld=BuildingHarvester env=Environment.ORE_TITANIUM
[RUSH]   PICKED: None
[RUSH] step3: no ore found, deferring to scout
  task=RUSH FAIL
  task=SCOUT_ENEMY 0us OK -> (<Direction.NORTHEAST: 'northeast'>, None)
  task=HEAL_CORE FAIL
[RUSH] --- rush eval at (14,16) en_core=(18,18) ---
[RUSH] step1: no flow tile in gunner range of core
[RUSH] step2: no flow tile near enemy core
[RUSH] step2.5: checking unconnected harvesters
[RUSH] _find_rush_ore: 8 total ore, 8 seen, sym=Symmetry.ROT candidates={<Symmetry.ROT: 1>, <Symmetry.HOR: 2>}
[RUSH]   ore (16,13) d²=29 bld=BuildingHarvester env=Environment.ORE_TITANIUM
[RUSH]   PICKED: None
[RUSH] step3: no ore found, deferring to scout
  task=RUSH FAIL
  task=SCOUT_ENEMY 0us OK -> (<Direction.SOUTHEAST: 'southeast'>, None)
  task=HEAL_CORE FAIL
[RUSH] --- rush eval at (12,14) en_core=(18,18) ---
[RUSH] step1: no flow tile in gunner range of core
[RUSH] step2: no flow tile near enemy core
[RUSH] step2.5: checking unconnected harvesters
[RUSH] _find_rush_ore: 8 total ore, 8 seen, sym=Symmetry.ROT candidates={<Symmetry.ROT: 1>, <Symmetry.HOR: 2>}
[RUSH]   ore (16,13) d²=29 bld=BuildingHarvester env=Environment.ORE_TITANIUM
[RUSH]   PICKED: None
[RUSH] step3: no ore found, deferring to scout
  task=RUSH FAIL
  task=SCOUT_ENEMY 0us OK -> (<Direction.NORTH: 'north'>, None)
  task=HEAL_CORE FAIL
[RUSH] --- rush eval at (11,14) en_core=(18,18) ---
[RUSH] step1: no flow tile in gunner range of core
[RUSH] step2: no flow tile near enemy core
[RUSH] step2.5: checking unconnected harvesters
[RUSH] _find_rush_ore: 8 total ore, 8 seen, sym=Symmetry.ROT candidates={<Symmetry.ROT: 1>}
[RUSH]   ore (16,13) d²=29 bld=BuildingHarvester env=Environment.ORE_TITANIUM
[RUSH]   PICKED: None
[RUSH] step3: no ore found, deferring to scout
  task=RUSH FAIL
  task=SCOUT_ENEMY 0us OK -> (<Direction.WEST: 'west'>, None)
  task=HEAL_CORE FAIL
[RUSH] --- rush eval at (14,17) en_core=(18,18) ---
[RUSH] step1: no flow tile in gunner range of core
[RUSH] step2: no flow tile near enemy core
[RUSH] step2.5: checking unconnected harvesters
[RUSH] _find_rush_ore: 8 total ore, 8 seen, sym=Symmetry.ROT candidates={<Symmetry.ROT: 1>, <Symmetry.HOR: 2>, <Symmetry.VER: 3>}
[RUSH]   ore (16,13) d²=29 bld=BuildingHarvester env=Environment.ORE_TITANIUM
[RUSH]   PICKED: None
[RUSH] step3: no ore found, deferring to scout
  task=RUSH FAIL
  task=SCOUT_ENEMY 0us OK -> (<Direction.WEST: 'west'>, None)
  task=HEAL_CORE FAIL
[RUSH] --- rush eval at (11,13) en_core=(18,18) ---
[RUSH] step1: no flow tile in gunner range of core
[RUSH] step2: no flow tile near enemy core
[RUSH] step2.5: checking unconnected harvesters
[RUSH] _find_rush_ore: 8 total ore, 8 seen, sym=Symmetry.ROT candidates={<Symmetry.ROT: 1>, <Symmetry.HOR: 2>}
[RUSH]   ore (16,13) d²=29 bld=BuildingHarvester env=Environment.ORE_TITANIUM
[RUSH]   PICKED: None
[RUSH] step3: no ore found, deferring to scout
  task=RUSH FAIL
  task=SCOUT_ENEMY 0us OK -> (<Direction.SOUTHEAST: 'southeast'>, None)
  task=HEAL_CORE FAIL
[RUSH] --- rush eval at (15,10) en_core=(18,18) ---
[RUSH] step1: no flow tile in gunner range of core
[RUSH] step2: no flow tile near enemy core
[RUSH] step2.5: checking unconnected harvesters
[RUSH] _find_rush_ore: 8 total ore, 8 seen, sym=Symmetry.ROT candidates={<Symmetry.ROT: 1>, <Symmetry.HOR: 2>}
[RUSH]   ore (16,13) d²=29 bld=BuildingHarvester env=Environment.ORE_TITANIUM
[RUSH]   PICKED: None
[RUSH] step3: no ore found, deferring to scout
  task=RUSH FAIL
  task=SCOUT_ENEMY 0us OK -> (<Direction.EAST: 'east'>, PlaceRoad(pos=Position(x=16, y=10)))
  task=HEAL_CORE FAIL
[RUSH] --- rush eval at (15,17) en_core=(18,18) ---
[RUSH] step1: no flow tile in gunner range of core
[RUSH] step2: no flow tile near enemy core
[RUSH] step2.5: checking unconnected harvesters
[RUSH] _find_rush_ore: 8 total ore, 8 seen, sym=Symmetry.ROT candidates={<Symmetry.ROT: 1>, <Symmetry.HOR: 2>}
[RUSH]   ore (16,13) d²=29 bld=BuildingHarvester env=Environment.ORE_TITANIUM
[RUSH]   PICKED: None
[RUSH] step3: no ore found, deferring to scout
  task=RUSH FAIL
  task=SCOUT_ENEMY 0us OK -> (<Direction.NORTHEAST: 'northeast'>, None)
  task=HEAL_CORE FAIL
[RUSH] --- rush eval at (12,13) en_core=(18,18) ---
[RUSH] step1: no flow tile in gunner range of core
[RUSH] step2: no flow tile near enemy core
[RUSH] step2.5: checking unconnected harvesters
[RUSH] _find_rush_ore: 8 total ore, 8 seen, sym=Symmetry.ROT candidates={<Symmetry.ROT: 1>, <Symmetry.HOR: 2>}
[RUSH]   ore (16,13) d²=29 bld=BuildingHarvester env=Environment.ORE_TITANIUM
[RUSH]   PICKED: None
[RUSH] step3: no ore found, deferring to scout
  task=RUSH FAIL
  task=SCOUT_ENEMY 0us OK -> (<Direction.NORTHEAST: 'northeast'>, None)
  task=HEAL_CORE FAIL
[RUSH] --- rush eval at (10,14) en_core=(18,18) ---
[RUSH] step1: no flow tile in gunner range of core
[RUSH] step2: no flow tile near enemy core
[RUSH] step2.5: checking unconnected harvesters
[RUSH] _find_rush_ore: 8 total ore, 8 seen, sym=Symmetry.ROT candidates={<Symmetry.ROT: 1>}
[RUSH]   ore (16,13) d²=29 bld=BuildingHarvester env=Environment.ORE_TITANIUM
[RUSH]   PICKED: None
[RUSH] step3: no ore found, deferring to scout
  task=RUSH FAIL
  task=SCOUT_ENEMY 0us OK -> (<Direction.NORTHEAST: 'northeast'>, None)
  task=HEAL_CORE FAIL
[RUSH] --- rush eval at (13,17) en_core=(18,18) ---
[RUSH] step1: no flow tile in gunner range of core
[RUSH] step2: no flow tile near enemy core
[RUSH] step2.5: checking unconnected harvesters
[RUSH] _find_rush_ore: 8 total ore, 8 seen, sym=Symmetry.ROT candidates={<Symmetry.ROT: 1>, <Symmetry.HOR: 2>, <Symmetry.VER: 3>}
[RUSH]   ore (16,13) d²=29 bld=BuildingHarvester env=Environment.ORE_TITANIUM
[RUSH]   PICKED: None
[RUSH] step3: no ore found, deferring to scout
  task=RUSH FAIL
  task=SCOUT_ENEMY 0us OK -> (<Direction.NORTHWEST: 'northwest'>, None)
  task=HEAL_CORE FAIL
[RUSH] --- rush eval at (12,14) en_core=(18,18) ---
[RUSH] step1: no flow tile in gunner range of core
[RUSH] step2: no flow tile near enemy core
[RUSH] step2.5: checking unconnected harvesters
[RUSH] _find_rush_ore: 8 total ore, 8 seen, sym=Symmetry.ROT candidates={<Symmetry.ROT: 1>, <Symmetry.HOR: 2>}
[RUSH]   ore (16,13) d²=29 bld=BuildingHarvester env=Environment.ORE_TITANIUM
[RUSH]   PICKED: None
[RUSH] step3: no ore found, deferring to scout
  task=RUSH FAIL
  task=SCOUT_ENEMY 0us OK -> (<Direction.SOUTHEAST: 'southeast'>, None)
  task=HEAL_CORE FAIL
[RUSH] --- rush eval at (16,10) en_core=(18,18) ---
[RUSH] step1: no flow tile in gunner range of core
[RUSH] step2: no flow tile near enemy core
[RUSH] step2.5: checking unconnected harvesters
[RUSH] _find_rush_ore: 8 total ore, 8 seen, sym=Symmetry.ROT candidates={<Symmetry.ROT: 1>, <Symmetry.HOR: 2>}
[RUSH]   ore (16,13) d²=29 bld=BuildingHarvester env=Environment.ORE_TITANIUM
[RUSH]   PICKED: None
[RUSH] step3: no ore found, deferring to scout
  task=RUSH FAIL
  task=SCOUT_ENEMY 0us OK -> (<Direction.NORTHWEST: 'northwest'>, None)
  task=HEAL_CORE FAIL
[RUSH] --- rush eval at (12,15) en_core=(18,18) ---
[RUSH] step1: no flow tile in gunner range of core
[RUSH] step2: no flow tile near enemy core
[RUSH] step2.5: checking unconnected harvesters
[RUSH] _find_rush_ore: 8 total ore, 8 seen, sym=Symmetry.ROT candidates={<Symmetry.ROT: 1>, <Symmetry.HOR: 2>}
[RUSH]   ore (16,13) d²=29 bld=BuildingHarvester env=Environment.ORE_TITANIUM
[RUSH]   PICKED: None
[RUSH] step3: no ore found, deferring to scout
  task=RUSH FAIL
  task=SCOUT_ENEMY 0us OK -> (<Direction.NORTH: 'north'>, None)
  task=HEAL_CORE FAIL
[RUSH] --- rush eval at (13,12) en_core=(18,18) ---
[RUSH] step1: no flow tile in gunner range of core
[RUSH] step2: no flow tile near enemy core
[RUSH] step2.5: checking unconnected harvesters
[RUSH] _find_rush_ore: 8 total ore, 8 seen, sym=Symmetry.ROT candidates={<Symmetry.ROT: 1>, <Symmetry.HOR: 2>}
[RUSH]   ore (16,13) d²=29 bld=BuildingHarvester env=Environment.ORE_TITANIUM
[RUSH]   PICKED: None
[RUSH] step3: no ore found, deferring to scout
  task=RUSH FAIL
  task=SCOUT_ENEMY 0us OK -> (<Direction.NORTHEAST: 'northeast'>, None)
  task=HEAL_CORE FAIL
[RUSH] --- rush eval at (11,13) en_core=(18,18) ---
[RUSH] step1: no flow tile in gunner range of core
[RUSH] step2: no flow tile near enemy core
[RUSH] step2.5: checking unconnected harvesters
[RUSH] _find_rush_ore: 8 total ore, 8 seen, sym=Symmetry.ROT candidates={<Symmetry.ROT: 1>}
[RUSH]   ore (16,13) d²=29 bld=BuildingHarvester env=Environment.ORE_TITANIUM
[RUSH]   PICKED: None
[RUSH] step3: no ore found, deferring to scout
  task=RUSH FAIL
  task=SCOUT_ENEMY 0us OK -> (<Direction.NORTHEAST: 'northeast'>, None)
  task=HEAL_CORE FAIL
[RUSH] --- rush eval at (12,16) en_core=(18,18) ---
[RUSH] step1: no flow tile in gunner range of core
[RUSH] step2: no flow tile near enemy core
[RUSH] step2.5: checking unconnected harvesters
[RUSH] _find_rush_ore: 8 total ore, 8 seen, sym=Symmetry.ROT candidates={<Symmetry.ROT: 1>, <Symmetry.HOR: 2>, <Symmetry.VER: 3>}
[RUSH]   ore (16,13) d²=29 bld=BuildingHarvester env=Environment.ORE_TITANIUM
[RUSH]   PICKED: None
[RUSH] step3: no ore found, deferring to scout
  task=RUSH FAIL
  task=SCOUT_ENEMY 0us OK -> (<Direction.SOUTHWEST: 'southwest'>, PlaceRoad(pos=Position(x=11, y=17)))
  task=HEAL_CORE FAIL
[RUSH] --- rush eval at (13,15) en_core=(18,18) ---
[RUSH] step1: no flow tile in gunner range of core
[RUSH] step2: no flow tile near enemy core
[RUSH] step2.5: checking unconnected harvesters
[RUSH] _find_rush_ore: 8 total ore, 8 seen, sym=Symmetry.ROT candidates={<Symmetry.ROT: 1>, <Symmetry.HOR: 2>}
[RUSH]   ore (16,13) d²=29 bld=BuildingHarvester env=Environment.ORE_TITANIUM
[RUSH]   PICKED: None
[RUSH] step3: no ore found, deferring to scout
  task=RUSH FAIL
  task=SCOUT_ENEMY 0us OK -> (<Direction.SOUTHEAST: 'southeast'>, None)
  task=HEAL_CORE FAIL
[RUSH] --- rush eval at (15,9) en_core=(18,18) ---
[RUSH] step1: no flow tile in gunner range of core
[RUSH] step2: no flow tile near enemy core
[RUSH] step2.5: checking unconnected harvesters
[RUSH] _find_rush_ore: 8 total ore, 8 seen, sym=Symmetry.ROT candidates={<Symmetry.ROT: 1>, <Symmetry.HOR: 2>}
[RUSH]   ore (16,13) d²=29 bld=BuildingHarvester env=Environment.ORE_TITANIUM
[RUSH]   PICKED: None
[RUSH] step3: no ore found, deferring to scout
  task=RUSH FAIL
  task=SCOUT_ENEMY 0us OK -> (<Direction.NORTHEAST: 'northeast'>, PlaceRoad(pos=Position(x=16, y=8)))
  task=HEAL_CORE FAIL
[RUSH] --- rush eval at (12,14) en_core=(18,18) ---
[RUSH] step1: no flow tile in gunner range of core
[RUSH] step2: no flow tile near enemy core
[RUSH] step2.5: checking unconnected harvesters
[RUSH] _find_rush_ore: 8 total ore, 8 seen, sym=Symmetry.ROT candidates={<Symmetry.ROT: 1>, <Symmetry.HOR: 2>}
[RUSH]   ore (16,13) d²=29 bld=BuildingHarvester env=Environment.ORE_TITANIUM
[RUSH]   PICKED: None
[RUSH] step3: no ore found, deferring to scout
  task=RUSH FAIL
  task=SCOUT_ENEMY 0us OK -> (<Direction.NORTH: 'north'>, None)
  task=HEAL_CORE FAIL
[RUSH] --- rush eval at (14,11) en_core=(18,18) ---
[RUSH] step1: no flow tile in gunner range of core
[RUSH] step2: no flow tile near enemy core
[RUSH] step2.5: checking unconnected harvesters
[RUSH] _find_rush_ore: 8 total ore, 8 seen, sym=Symmetry.ROT candidates={<Symmetry.ROT: 1>, <Symmetry.HOR: 2>}
[RUSH]   ore (16,13) d²=29 bld=BuildingHarvester env=Environment.ORE_TITANIUM
[RUSH]   PICKED: None
[RUSH] step3: no ore found, deferring to scout
  task=RUSH FAIL
  task=SCOUT_ENEMY 0us OK -> (<Direction.NORTHEAST: 'northeast'>, None)
  task=HEAL_CORE FAIL
[RUSH] --- rush eval at (12,12) en_core=(18,18) ---
[RUSH] step1: no flow tile in gunner range of core
[RUSH] step2: no flow tile near enemy core
[RUSH] step2.5: checking unconnected harvesters
[RUSH] _find_rush_ore: 8 total ore, 8 seen, sym=Symmetry.ROT candidates={<Symmetry.ROT: 1>}
[RUSH]   ore (16,13) d²=29 bld=BuildingHarvester env=Environment.ORE_TITANIUM
[RUSH]   PICKED: None
[RUSH] step3: no ore found, deferring to scout
  task=RUSH FAIL
  task=SCOUT_ENEMY 0us OK -> (<Direction.NORTHEAST: 'northeast'>, None)
  task=HEAL_CORE FAIL
[RUSH] --- rush eval at (11,17) en_core=(18,18) ---
[RUSH] step1: no flow tile in gunner range of core
[RUSH] step2: no flow tile near enemy core
[RUSH] step2.5: checking unconnected harvesters
[RUSH] _find_rush_ore: 8 total ore, 8 seen, sym=Symmetry.ROT candidates={<Symmetry.ROT: 1>, <Symmetry.HOR: 2>, <Symmetry.VER: 3>}
[RUSH]   ore (16,13) d²=29 bld=BuildingHarvester env=Environment.ORE_TITANIUM
[RUSH]   PICKED: None
[RUSH] step3: no ore found, deferring to scout
  task=RUSH FAIL
  task=SCOUT_ENEMY 0us OK -> (<Direction.NORTHEAST: 'northeast'>, None)
  task=HEAL_CORE FAIL
[RUSH] --- rush eval at (14,16) en_core=(18,18) ---
[RUSH] step1: no flow tile in gunner range of core
[RUSH] step2: no flow tile near enemy core
[RUSH] step2.5: checking unconnected harvesters
[RUSH] _find_rush_ore: 8 total ore, 8 seen, sym=Symmetry.ROT candidates={<Symmetry.ROT: 1>, <Symmetry.HOR: 2>}
[RUSH]   ore (16,13) d²=29 bld=BuildingHarvester env=Environment.ORE_TITANIUM
[RUSH]   PICKED: None
[RUSH] step3: no ore found, deferring to scout
  task=RUSH FAIL
  task=SCOUT_ENEMY 0us OK -> (<Direction.SOUTHEAST: 'southeast'>, None)
  task=HEAL_CORE FAIL
[RUSH] --- rush eval at (16,8) en_core=(18,18) ---
[RUSH] step1: no flow tile in gunner range of core
[RUSH] step2: no flow tile near enemy core
[RUSH] step2.5: checking unconnected harvesters
[RUSH] _find_rush_ore: 8 total ore, 8 seen, sym=Symmetry.ROT candidates={<Symmetry.ROT: 1>, <Symmetry.HOR: 2>}
[RUSH]   ore (16,13) d²=29 bld=BuildingHarvester env=Environment.ORE_TITANIUM
[RUSH]   PICKED: None
[RUSH] step3: no ore found, deferring to scout
  task=RUSH FAIL
  task=SCOUT_ENEMY 0us OK -> (<Direction.NORTH: 'north'>, PlaceRoad(pos=Position(x=16, y=7)))
  task=HEAL_CORE FAIL
[RUSH] --- rush eval at (12,13) en_core=(18,18) ---
[RUSH] step1: no flow tile in gunner range of core
[RUSH] step2: no flow tile near enemy core
[RUSH] step2.5: checking unconnected harvesters
[RUSH] _find_rush_ore: 8 total ore, 8 seen, sym=Symmetry.ROT candidates={<Symmetry.ROT: 1>, <Symmetry.HOR: 2>}
[RUSH]   ore (16,13) d²=29 bld=BuildingHarvester env=Environment.ORE_TITANIUM
[RUSH]   PICKED: None
[RUSH] step3: no ore found, deferring to scout
  task=RUSH FAIL
  task=SCOUT_ENEMY 0us OK -> (<Direction.NORTHEAST: 'northeast'>, None)
  task=HEAL_CORE FAIL
[RUSH] --- rush eval at (15,10) en_core=(18,18) ---
[RUSH] step1: no flow tile in gunner range of core
[RUSH] step2: no flow tile near enemy core
[RUSH] step2.5: checking unconnected harvesters
[RUSH] _find_rush_ore: 8 total ore, 8 seen, sym=Symmetry.ROT candidates={<Symmetry.ROT: 1>, <Symmetry.HOR: 2>}
[RUSH]   ore (16,13) d²=29 bld=BuildingHarvester env=Environment.ORE_TITANIUM
[RUSH]   PICKED: None
[RUSH] step3: no ore found, deferring to scout
  task=RUSH FAIL
  task=SCOUT_ENEMY 0us OK -> (<Direction.EAST: 'east'>, None)
  task=HEAL_CORE FAIL
[RUSH] --- rush eval at (13,11) en_core=(18,18) ---
[RUSH] step1: no flow tile in gunner range of core
[RUSH] step2: no flow tile near enemy core
[RUSH] step2.5: checking unconnected harvesters
[RUSH] _find_rush_ore: 8 total ore, 8 seen, sym=Symmetry.ROT candidates={<Symmetry.ROT: 1>}
[RUSH]   ore (16,13) d²=29 bld=BuildingHarvester env=Environment.ORE_TITANIUM
[RUSH]   PICKED: None
[RUSH] step3: no ore found, deferring to scout
  task=RUSH FAIL
  task=SCOUT_ENEMY 0us OK -> (<Direction.NORTHEAST: 'northeast'>, None)
  task=HEAL_CORE FAIL
[RUSH] --- rush eval at (12,16) en_core=(18,18) ---
[RUSH] step1: no flow tile in gunner range of core
[RUSH] step2: no flow tile near enemy core
[RUSH] step2.5: checking unconnected harvesters
[RUSH] _find_rush_ore: 8 total ore, 8 seen, sym=Symmetry.ROT candidates={<Symmetry.ROT: 1>, <Symmetry.HOR: 2>, <Symmetry.VER: 3>}
[RUSH]   ore (16,13) d²=29 bld=BuildingHarvester env=Environment.ORE_TITANIUM
[RUSH]   PICKED: None
[RUSH] step3: no ore found, deferring to scout
  task=RUSH FAIL
  task=SCOUT_ENEMY 0us OK -> (<Direction.NORTHWEST: 'northwest'>, None)
  task=HEAL_CORE FAIL
[RUSH] --- rush eval at (15,17) en_core=(18,18) ---
[RUSH] step1: no flow tile in gunner range of core
[RUSH] step2: no flow tile near enemy core
[RUSH] step2.5: checking unconnected harvesters
[RUSH] _find_rush_ore: 8 total ore, 8 seen, sym=Symmetry.ROT candidates={<Symmetry.ROT: 1>, <Symmetry.HOR: 2>}
[RUSH]   ore (16,13) d²=29 bld=BuildingHarvester env=Environment.ORE_TITANIUM
[RUSH]   PICKED: None
[RUSH] step3: no ore found, deferring to scout
  task=RUSH FAIL
  task=SCOUT_ENEMY 0us OK -> (<Direction.NORTHWEST: 'northwest'>, None)
  task=HEAL_CORE FAIL
[RUSH] --- rush eval at (16,7) en_core=(18,18) ---
[RUSH] step1: no flow tile in gunner range of core
[RUSH] step2: no flow tile near enemy core
[RUSH] step2.5: checking unconnected harvesters
[RUSH] _find_rush_ore: 10 total ore, 10 seen, sym=Symmetry.ROT candidates={<Symmetry.ROT: 1>, <Symmetry.HOR: 2>}
[RUSH]   ore (3,16) d²=229 bld=None env=Environment.ORE_TITANIUM
[RUSH]   ore (16,3) d²=229 bld=None env=Environment.ORE_TITANIUM
[RUSH]   ore (16,13) d²=29 bld=BuildingHarvester env=Environment.ORE_TITANIUM
[RUSH]   PICKED: free ore at (3,15) d²=224
[RUSH] step3: free ore at (3,16)
[RUSH] step3: walking toward tap (3,15) for ore (3,16)
  task=RUSH 0us OK -> (<Direction.SOUTH: 'south'>, None)
  task=HEAL_CORE FAIL
[RUSH] --- rush eval at (13,12) en_core=(18,18) ---
[RUSH] step1: no flow tile in gunner range of core
[RUSH] step2: no flow tile near enemy core
[RUSH] step2.5: checking unconnected harvesters
[RUSH] _find_rush_ore: 8 total ore, 8 seen, sym=Symmetry.ROT candidates={<Symmetry.ROT: 1>, <Symmetry.HOR: 2>}
[RUSH]   ore (16,13) d²=29 bld=BuildingHarvester env=Environment.ORE_TITANIUM
[RUSH]   PICKED: None
[RUSH] step3: no ore found, deferring to scout
  task=RUSH FAIL
  task=SCOUT_ENEMY 0us OK -> (<Direction.NORTHEAST: 'northeast'>, None)
  task=HEAL_CORE FAIL
[RUSH] --- rush eval at (16,10) en_core=(18,18) ---
[RUSH] step1: no flow tile in gunner range of core
[RUSH] step2: no flow tile near enemy core
[RUSH] step2.5: checking unconnected harvesters
[RUSH] _find_rush_ore: 8 total ore, 8 seen, sym=Symmetry.ROT candidates={<Symmetry.ROT: 1>, <Symmetry.HOR: 2>}
[RUSH]   ore (16,13) d²=29 bld=BuildingHarvester env=Environment.ORE_TITANIUM
[RUSH]   PICKED: None
[RUSH] step3: no ore found, deferring to scout
  task=RUSH FAIL
  task=SCOUT_ENEMY 0us OK -> (<Direction.NORTHWEST: 'northwest'>, None)
  task=HEAL_CORE FAIL
[RUSH] --- rush eval at (14,10) en_core=(18,18) ---
[RUSH] step1: no flow tile in gunner range of core
[RUSH] step2: no flow tile near enemy core
[RUSH] step2.5: checking unconnected harvesters
[RUSH] _find_rush_ore: 8 total ore, 8 seen, sym=Symmetry.ROT candidates={<Symmetry.ROT: 1>}
[RUSH]   ore (16,13) d²=29 bld=BuildingHarvester env=Environment.ORE_TITANIUM
[RUSH]   PICKED: None
[RUSH] step3: no ore found, deferring to scout
  task=RUSH FAIL
  task=SCOUT_ENEMY 0us OK -> (<Direction.EAST: 'east'>, None)
  task=HEAL_CORE FAIL
[RUSH] --- rush eval at (11,15) en_core=(18,18) ---
[RUSH] step1: no flow tile in gunner range of core
[RUSH] step2: no flow tile near enemy core
[RUSH] step2.5: checking unconnected harvesters
[RUSH] _find_rush_ore: 8 total ore, 8 seen, sym=Symmetry.ROT candidates={<Symmetry.ROT: 1>, <Symmetry.HOR: 2>, <Symmetry.VER: 3>}
[RUSH]   ore (16,13) d²=29 bld=BuildingHarvester env=Environment.ORE_TITANIUM
[RUSH]   PICKED: None
[RUSH] step3: no ore found, deferring to scout
  task=RUSH FAIL
  task=SCOUT_ENEMY 0us OK -> (<Direction.NORTHWEST: 'northwest'>, None)
  task=HEAL_CORE FAIL
[RUSH] --- rush eval at (14,16) en_core=(18,18) ---
[RUSH] step1: no flow tile in gunner range of core
[RUSH] step2: no flow tile near enemy core
[RUSH] step2.5: checking unconnected harvesters
[RUSH] _find_rush_ore: 8 total ore, 8 seen, sym=Symmetry.ROT candidates={<Symmetry.ROT: 1>, <Symmetry.HOR: 2>}
[RUSH]   ore (16,13) d²=29 bld=BuildingHarvester env=Environment.ORE_TITANIUM
[RUSH]   PICKED: None
[RUSH] step3: no ore found, deferring to scout
  task=RUSH FAIL
  task=SCOUT_ENEMY 0us OK -> (<Direction.NORTHWEST: 'northwest'>, None)
  task=HEAL_CORE FAIL
[RUSH] --- rush eval at (16,8) en_core=(18,18) ---
[RUSH] step1: no flow tile in gunner range of core
[RUSH] step2: no flow tile near enemy core
[RUSH] step2.5: checking unconnected harvesters
[RUSH] _find_rush_ore: 10 total ore, 10 seen, sym=Symmetry.ROT candidates={<Symmetry.ROT: 1>, <Symmetry.HOR: 2>}
[RUSH]   ore (3,16) d²=229 bld=None env=Environment.ORE_TITANIUM
[RUSH]   ore (16,3) d²=229 bld=None env=Environment.ORE_TITANIUM
[RUSH]   ore (16,13) d²=29 bld=BuildingHarvester env=Environment.ORE_TITANIUM
[RUSH]   PICKED: free ore at (3,15) d²=224
[RUSH] step3: free ore at (3,16)
[RUSH] step3: walking toward tap (3,15) for ore (3,16)
  task=RUSH 0us OK -> (<Direction.WEST: 'west'>, PlaceRoad(pos=Position(x=15, y=8)))
  task=HEAL_CORE FAIL
[RUSH] --- rush eval at (14,11) en_core=(18,18) ---
[RUSH] step1: no flow tile in gunner range of core
[RUSH] step2: no flow tile near enemy core
[RUSH] step2.5: checking unconnected harvesters
[RUSH] _find_rush_ore: 8 total ore, 8 seen, sym=Symmetry.ROT candidates={<Symmetry.ROT: 1>, <Symmetry.HOR: 2>}
[RUSH]   ore (16,13) d²=29 bld=BuildingHarvester env=Environment.ORE_TITANIUM
[RUSH]   PICKED: None
[RUSH] step3: no ore found, deferring to scout
  task=RUSH FAIL
  task=SCOUT_ENEMY 0us OK -> (<Direction.EAST: 'east'>, PlaceRoad(pos=Position(x=15, y=11)))
  task=HEAL_CORE FAIL
[RUSH] --- rush eval at (15,9) en_core=(18,18) ---
[RUSH] step1: no flow tile in gunner range of core
[RUSH] step2: no flow tile near enemy core
[RUSH] step2.5: checking unconnected harvesters
[RUSH] _find_rush_ore: 8 total ore, 8 seen, sym=Symmetry.ROT candidates={<Symmetry.ROT: 1>, <Symmetry.HOR: 2>}
[RUSH]   ore (16,13) d²=29 bld=BuildingHarvester env=Environment.ORE_TITANIUM
[RUSH]   PICKED: None
[RUSH] step3: no ore found, deferring to scout
  task=RUSH FAIL
  task=SCOUT_ENEMY 0us OK -> (<Direction.NORTHEAST: 'northeast'>, None)
  task=HEAL_CORE FAIL
[RUSH] --- rush eval at (15,10) en_core=(18,18) ---
[RUSH] step1: no flow tile in gunner range of core
[RUSH] step2: no flow tile near enemy core
[RUSH] step2.5: checking unconnected harvesters
[RUSH] _find_rush_ore: 8 total ore, 8 seen, sym=Symmetry.ROT candidates={<Symmetry.ROT: 1>}
[RUSH]   ore (16,13) d²=29 bld=BuildingHarvester env=Environment.ORE_TITANIUM
[RUSH]   PICKED: None
[RUSH] step3: no ore found, deferring to scout
  task=RUSH FAIL
  task=SCOUT_ENEMY 0us OK -> (<Direction.EAST: 'east'>, None)
  task=HEAL_CORE FAIL
[RUSH] --- rush eval at (10,14) en_core=(18,18) ---
[RUSH] step1: no flow tile in gunner range of core
[RUSH] step2: no flow tile near enemy core
[RUSH] step2.5: checking unconnected harvesters
[RUSH] _find_rush_ore: 8 total ore, 8 seen, sym=Symmetry.ROT candidates={<Symmetry.ROT: 1>, <Symmetry.HOR: 2>, <Symmetry.VER: 3>}
[RUSH]   ore (16,13) d²=29 bld=BuildingHarvester env=Environment.ORE_TITANIUM
[RUSH]   PICKED: None
[RUSH] step3: no ore found, deferring to scout
  task=RUSH FAIL
  task=SCOUT_ENEMY 0us OK -> (<Direction.NORTHWEST: 'northwest'>, None)
  task=HEAL_CORE FAIL
[RUSH] --- rush eval at (13,15) en_core=(18,18) ---
[RUSH] step1: no flow tile in gunner range of core
[RUSH] step2: no flow tile near enemy core
[RUSH] step2.5: checking unconnected harvesters
[RUSH] _find_rush_ore: 8 total ore, 8 seen, sym=Symmetry.ROT candidates={<Symmetry.ROT: 1>, <Symmetry.HOR: 2>}
[RUSH]   ore (16,13) d²=29 bld=BuildingHarvester env=Environment.ORE_TITANIUM
[RUSH]   PICKED: None
[RUSH] step3: no ore found, deferring to scout
  task=RUSH FAIL
  task=SCOUT_ENEMY 0us OK -> (<Direction.NORTHWEST: 'northwest'>, None)
  task=HEAL_CORE FAIL
[RUSH] --- rush eval at (15,8) en_core=(18,18) ---
[RUSH] step1: no flow tile in gunner range of core
[RUSH] step2: no flow tile near enemy core
[RUSH] step2.5: checking unconnected harvesters
[RUSH] _find_rush_ore: 10 total ore, 10 seen, sym=Symmetry.ROT candidates={<Symmetry.ROT: 1>, <Symmetry.HOR: 2>}
[RUSH]   ore (3,16) d²=229 bld=None env=Environment.ORE_TITANIUM
[RUSH]   ore (16,3) d²=229 bld=None env=Environment.ORE_TITANIUM
[RUSH]   ore (16,13) d²=29 bld=BuildingHarvester env=Environment.ORE_TITANIUM
[RUSH]   PICKED: free ore at (3,15) d²=224
[RUSH] step3: free ore at (3,16)
[RUSH] step3: walking toward tap (3,15) for ore (3,16)
  task=RUSH 0us OK -> (<Direction.WEST: 'west'>, None)
  task=HEAL_CORE FAIL
[RUSH] --- rush eval at (15,11) en_core=(18,18) ---
[RUSH] step1: no flow tile in gunner range of core
[RUSH] step2: no flow tile near enemy core
[RUSH] step2.5: checking unconnected harvesters
[RUSH] _find_rush_ore: 8 total ore, 8 seen, sym=Symmetry.ROT candidates={<Symmetry.ROT: 1>, <Symmetry.HOR: 2>}
[RUSH]   ore (16,13) d²=29 bld=BuildingHarvester env=Environment.ORE_TITANIUM
[RUSH]   PICKED: None
[RUSH] step3: no ore found, deferring to scout
  task=RUSH FAIL
  task=SCOUT_ENEMY 0us OK -> (<Direction.NORTH: 'north'>, None)
  task=HEAL_CORE FAIL
[RUSH] --- rush eval at (16,8) en_core=(18,18) ---
[RUSH] step1: no flow tile in gunner range of core
[RUSH] step2: no flow tile near enemy core
[RUSH] step2.5: checking unconnected harvesters
[RUSH] _find_rush_ore: 8 total ore, 8 seen, sym=Symmetry.ROT candidates={<Symmetry.ROT: 1>, <Symmetry.HOR: 2>}
[RUSH]   ore (16,13) d²=29 bld=BuildingHarvester env=Environment.ORE_TITANIUM
[RUSH]   PICKED: None
[RUSH] step3: no ore found, deferring to scout
  task=RUSH FAIL
  task=SCOUT_ENEMY 0us OK -> (<Direction.NORTH: 'north'>, None)
  task=HEAL_CORE FAIL
[RUSH] --- rush eval at (16,10) en_core=(18,18) ---
[RUSH] step1: no flow tile in gunner range of core
[RUSH] step2: no flow tile near enemy core
[RUSH] step2.5: checking unconnected harvesters
[RUSH] _find_rush_ore: 8 total ore, 8 seen, sym=Symmetry.ROT candidates={<Symmetry.ROT: 1>}
[RUSH]   ore (16,13) d²=29 bld=BuildingHarvester env=Environment.ORE_TITANIUM
[RUSH]   PICKED: None
[RUSH] step3: no ore found, deferring to scout
  task=RUSH FAIL
  task=SCOUT_ENEMY 0us OK -> (<Direction.NORTHWEST: 'northwest'>, None)
  task=HEAL_CORE FAIL
[RUSH] --- rush eval at (9,13) en_core=(18,18) ---
[RUSH] step1: no flow tile in gunner range of core
[RUSH] step2: no flow tile near enemy core
[RUSH] step2.5: checking unconnected harvesters
[RUSH] _find_rush_ore: 8 total ore, 8 seen, sym=Symmetry.ROT candidates={<Symmetry.ROT: 1>, <Symmetry.HOR: 2>, <Symmetry.VER: 3>}
[RUSH]   ore (16,13) d²=29 bld=BuildingHarvester env=Environment.ORE_TITANIUM
[RUSH]   PICKED: None
[RUSH] step3: no ore found, deferring to scout
  task=RUSH FAIL
  task=SCOUT_ENEMY 0us OK -> (<Direction.SOUTHWEST: 'southwest'>, PlaceRoad(pos=Position(x=8, y=14)))
  task=HEAL_CORE FAIL
[RUSH] --- rush eval at (12,14) en_core=(18,18) ---
[RUSH] step1: no flow tile in gunner range of core
[RUSH] step2: no flow tile near enemy core
[RUSH] step2.5: checking unconnected harvesters
[RUSH] _find_rush_ore: 8 total ore, 8 seen, sym=Symmetry.ROT candidates={<Symmetry.ROT: 1>, <Symmetry.HOR: 2>}
[RUSH]   ore (16,13) d²=29 bld=BuildingHarvester env=Environment.ORE_TITANIUM
[RUSH]   PICKED: None
[RUSH] step3: no ore found, deferring to scout
  task=RUSH FAIL
  task=SCOUT_ENEMY 0us OK -> (<Direction.NORTH: 'north'>, None)
  task=HEAL_CORE FAIL
[RUSH] --- rush eval at (14,8) en_core=(18,18) ---
[RUSH] step1: no flow tile in gunner range of core
[RUSH] step2: no flow tile near enemy core
[RUSH] step2.5: checking unconnected harvesters
[RUSH] _find_rush_ore: 10 total ore, 10 seen, sym=Symmetry.ROT candidates={<Symmetry.ROT: 1>, <Symmetry.HOR: 2>}
[RUSH]   ore (3,16) d²=229 bld=None env=Environment.ORE_TITANIUM
[RUSH]   ore (16,3) d²=229 bld=None env=Environment.ORE_TITANIUM
[RUSH]   ore (16,13) d²=29 bld=BuildingHarvester env=Environment.ORE_TITANIUM
[RUSH]   PICKED: free ore at (3,15) d²=224
[RUSH] step3: free ore at (3,16)
[RUSH] step3: walking toward tap (3,15) for ore (3,16)
  task=RUSH 0us OK -> (<Direction.SOUTHWEST: 'southwest'>, None)
  task=HEAL_CORE FAIL
[RUSH] --- rush eval at (15,10) en_core=(18,18) ---
[RUSH] step1: no flow tile in gunner range of core
[RUSH] step2: no flow tile near enemy core
[RUSH] step2.5: checking unconnected harvesters
[RUSH] _find_rush_ore: 8 total ore, 8 seen, sym=Symmetry.ROT candidates={<Symmetry.ROT: 1>, <Symmetry.HOR: 2>}
[RUSH]   ore (16,13) d²=29 bld=BuildingHarvester env=Environment.ORE_TITANIUM
[RUSH]   PICKED: None
[RUSH] step3: no ore found, deferring to scout
  task=RUSH FAIL
  task=SCOUT_ENEMY 0us OK -> (<Direction.EAST: 'east'>, None)
  task=HEAL_CORE FAIL
[RUSH] --- rush eval at (16,7) en_core=(18,18) ---
[RUSH] step1: no flow tile in gunner range of core
[RUSH] step2: no flow tile near enemy core
[RUSH] step2.5: checking unconnected harvesters
[RUSH] _find_rush_ore: 10 total ore, 10 seen, sym=Symmetry.ROT candidates={<Symmetry.ROT: 1>, <Symmetry.HOR: 2>}
[RUSH]   ore (3,16) d²=229 bld=None env=Environment.ORE_TITANIUM
[RUSH]   ore (16,3) d²=229 bld=None env=Environment.ORE_TITANIUM
[RUSH]   ore (16,13) d²=29 bld=BuildingHarvester env=Environment.ORE_TITANIUM
[RUSH]   PICKED: free ore at (3,15) d²=224
[RUSH] step3: free ore at (3,16)
[RUSH] step3: walking toward tap (3,15) for ore (3,16)
  task=RUSH 0us OK -> (<Direction.SOUTHWEST: 'southwest'>, None)
  task=HEAL_CORE FAIL
[RUSH] --- rush eval at (15,9) en_core=(18,18) ---
[RUSH] step1: no flow tile in gunner range of core
[RUSH] step2: no flow tile near enemy core
[RUSH] step2.5: checking unconnected harvesters
[RUSH] _find_rush_ore: 8 total ore, 8 seen, sym=Symmetry.ROT candidates={<Symmetry.ROT: 1>}
[RUSH]   ore (16,13) d²=29 bld=BuildingHarvester env=Environment.ORE_TITANIUM
[RUSH]   PICKED: None
[RUSH] step3: no ore found, deferring to scout
  task=RUSH FAIL
  task=SCOUT_ENEMY 0us OK -> (<Direction.NORTHEAST: 'northeast'>, None)
  task=HEAL_CORE FAIL
[RUSH] --- rush eval at (8,14) en_core=(18,18) ---
[RUSH] step1: no flow tile in gunner range of core
[RUSH] step2: no flow tile near enemy core
[RUSH] step2.5: checking unconnected harvesters
[RUSH] _find_rush_ore: 8 total ore, 8 seen, sym=Symmetry.ROT candidates={<Symmetry.ROT: 1>, <Symmetry.HOR: 2>, <Symmetry.VER: 3>}
[RUSH]   ore (16,13) d²=29 bld=BuildingHarvester env=Environment.ORE_TITANIUM
[RUSH]   PICKED: None
[RUSH] step3: no ore found, deferring to scout
  task=RUSH FAIL
  task=SCOUT_ENEMY 0us OK -> (<Direction.SOUTHWEST: 'southwest'>, PlaceRoad(pos=Position(x=7, y=15)))
  task=HEAL_CORE FAIL
[RUSH] --- rush eval at (12,13) en_core=(18,18) ---
[RUSH] step1: no flow tile in gunner range of core
[RUSH] step2: no flow tile near enemy core
[RUSH] step2.5: checking unconnected harvesters
[RUSH] _find_rush_ore: 8 total ore, 8 seen, sym=Symmetry.ROT candidates={<Symmetry.ROT: 1>, <Symmetry.HOR: 2>}
[RUSH]   ore (16,13) d²=29 bld=BuildingHarvester env=Environment.ORE_TITANIUM
[RUSH]   PICKED: None
[RUSH] step3: no ore found, deferring to scout
  task=RUSH FAIL
  task=SCOUT_ENEMY 0us OK -> (<Direction.NORTHEAST: 'northeast'>, None)
  task=HEAL_CORE FAIL
[RUSH] --- rush eval at (13,9) en_core=(18,18) ---
[RUSH] step1: no flow tile in gunner range of core
[RUSH] step2: no flow tile near enemy core
[RUSH] step2.5: checking unconnected harvesters
[RUSH] _find_rush_ore: 10 total ore, 10 seen, sym=Symmetry.ROT candidates={<Symmetry.ROT: 1>, <Symmetry.HOR: 2>}
[RUSH]   ore (3,16) d²=229 bld=None env=Environment.ORE_TITANIUM
[RUSH]   ore (16,3) d²=229 bld=None env=Environment.ORE_TITANIUM
[RUSH]   ore (16,13) d²=29 bld=BuildingHarvester env=Environment.ORE_TITANIUM
[RUSH]   PICKED: free ore at (3,15) d²=224
[RUSH] step3: free ore at (3,16)
[RUSH] step3: walking toward tap (3,15) for ore (3,16)
  task=RUSH 0us OK -> (<Direction.SOUTHWEST: 'southwest'>, None)
  task=HEAL_CORE FAIL
[RUSH] --- rush eval at (16,10) en_core=(18,18) ---
[RUSH] step1: no flow tile in gunner range of core
[RUSH] step2: no flow tile near enemy core
[RUSH] step2.5: checking unconnected harvesters
[RUSH] _find_rush_ore: 8 total ore, 8 seen, sym=Symmetry.ROT candidates={<Symmetry.ROT: 1>, <Symmetry.HOR: 2>}
[RUSH]   ore (16,13) d²=29 bld=BuildingHarvester env=Environment.ORE_TITANIUM
[RUSH]   PICKED: None
[RUSH] step3: no ore found, deferring to scout
  task=RUSH FAIL
  task=SCOUT_ENEMY 0us OK -> (<Direction.NORTHWEST: 'northwest'>, None)
  task=HEAL_CORE FAIL
[RUSH] --- rush eval at (15,8) en_core=(18,18) ---
[RUSH] step1: no flow tile in gunner range of core
[RUSH] step2: no flow tile near enemy core
[RUSH] step2.5: checking unconnected harvesters
[RUSH] _find_rush_ore: 10 total ore, 10 seen, sym=Symmetry.ROT candidates={<Symmetry.ROT: 1>, <Symmetry.HOR: 2>}
[RUSH]   ore (3,16) d²=229 bld=None env=Environment.ORE_TITANIUM
[RUSH]   ore (16,3) d²=229 bld=None env=Environment.ORE_TITANIUM
[RUSH]   ore (16,13) d²=29 bld=BuildingHarvester env=Environment.ORE_TITANIUM
[RUSH]   PICKED: free ore at (3,15) d²=224
[RUSH] step3: free ore at (3,16)
[RUSH] step3: walking toward tap (3,15) for ore (3,16)
  task=RUSH 0us OK -> (<Direction.WEST: 'west'>, None)
  task=HEAL_CORE FAIL
[RUSH] --- rush eval at (16,8) en_core=(18,18) ---
[RUSH] step1: no flow tile in gunner range of core
[RUSH] step2: no flow tile near enemy core
[RUSH] step2.5: checking unconnected harvesters
[RUSH] _find_rush_ore: 8 total ore, 8 seen, sym=Symmetry.ROT candidates={<Symmetry.ROT: 1>}
[RUSH]   ore (16,13) d²=29 bld=BuildingHarvester env=Environment.ORE_TITANIUM
[RUSH]   PICKED: None
[RUSH] step3: no ore found, deferring to scout
  task=RUSH FAIL
  task=SCOUT_ENEMY 0us OK -> (<Direction.NORTH: 'north'>, None)
  task=HEAL_CORE FAIL
[RUSH] --- rush eval at (7,15) en_core=(18,18) ---
[RUSH] step1: no flow tile in gunner range of core
[RUSH] step2: no flow tile near enemy core
[RUSH] step2.5: checking unconnected harvesters
[RUSH] _find_rush_ore: 10 total ore, 10 seen, sym=Symmetry.ROT candidates={<Symmetry.ROT: 1>, <Symmetry.HOR: 2>, <Symmetry.VER: 3>}
[RUSH]   ore (3,16) d²=229 bld=None env=Environment.ORE_TITANIUM
[RUSH]   ore (16,3) d²=229 bld=None env=Environment.ORE_TITANIUM
[RUSH]   ore (16,13) d²=29 bld=BuildingHarvester env=Environment.ORE_TITANIUM
[RUSH]   PICKED: free ore at (3,15) d²=224
[RUSH] step3: free ore at (3,16)
[RUSH] step3: walking toward tap (3,15) for ore (3,16)
  task=RUSH 0us OK -> (<Direction.SOUTHWEST: 'southwest'>, PlaceRoad(pos=Position(x=6, y=16)))
  task=HEAL_CORE FAIL
[RUSH] --- rush eval at (13,12) en_core=(18,18) ---
[RUSH] step1: no flow tile in gunner range of core
[RUSH] step2: no flow tile near enemy core
[RUSH] step2.5: checking unconnected harvesters
[RUSH] _find_rush_ore: 8 total ore, 8 seen, sym=Symmetry.ROT candidates={<Symmetry.ROT: 1>, <Symmetry.HOR: 2>}
[RUSH]   ore (16,13) d²=29 bld=BuildingHarvester env=Environment.ORE_TITANIUM
[RUSH]   PICKED: None
[RUSH] step3: no ore found, deferring to scout
  task=RUSH FAIL
  task=SCOUT_ENEMY 0us OK -> (<Direction.NORTHEAST: 'northeast'>, None)
  task=HEAL_CORE FAIL
[RUSH] --- rush eval at (12,10) en_core=(18,18) ---
[RUSH] step1: no flow tile in gunner range of core
[RUSH] step2: no flow tile near enemy core
[RUSH] step2.5: checking unconnected harvesters
[RUSH] _find_rush_ore: 10 total ore, 10 seen, sym=Symmetry.ROT candidates={<Symmetry.ROT: 1>, <Symmetry.HOR: 2>}
[RUSH]   ore (3,16) d²=229 bld=None env=Environment.ORE_TITANIUM
[RUSH]   ore (16,3) d²=229 bld=None env=Environment.ORE_TITANIUM
[RUSH]   ore (16,13) d²=29 bld=BuildingHarvester env=Environment.ORE_TITANIUM
[RUSH]   PICKED: free ore at (3,15) d²=224
[RUSH] step3: free ore at (3,16)
[RUSH] step3: walking toward tap (3,15) for ore (3,16)
  task=RUSH 0us OK -> (<Direction.SOUTHWEST: 'southwest'>, None)
  task=HEAL_CORE FAIL
[RUSH] --- rush eval at (15,9) en_core=(18,18) ---
[RUSH] step1: no flow tile in gunner range of core
[RUSH] step2: no flow tile near enemy core
[RUSH] step2.5: checking unconnected harvesters
[RUSH] _find_rush_ore: 8 total ore, 8 seen, sym=Symmetry.ROT candidates={<Symmetry.ROT: 1>, <Symmetry.HOR: 2>}
[RUSH]   ore (16,13) d²=29 bld=BuildingHarvester env=Environment.ORE_TITANIUM
[RUSH]   PICKED: None
[RUSH] step3: no ore found, deferring to scout
  task=RUSH FAIL
  task=SCOUT_ENEMY 0us OK -> (<Direction.NORTHEAST: 'northeast'>, None)
  task=HEAL_CORE FAIL
[RUSH] --- rush eval at (14,8) en_core=(18,18) ---
[RUSH] step1: no flow tile in gunner range of core
[RUSH] step2: no flow tile near enemy core
[RUSH] step2.5: checking unconnected harvesters
[RUSH] _find_rush_ore: 10 total ore, 10 seen, sym=Symmetry.ROT candidates={<Symmetry.ROT: 1>, <Symmetry.HOR: 2>}
[RUSH]   ore (3,16) d²=229 bld=None env=Environment.ORE_TITANIUM
[RUSH]   ore (16,3) d²=229 bld=None env=Environment.ORE_TITANIUM
[RUSH]   ore (16,13) d²=29 bld=BuildingHarvester env=Environment.ORE_TITANIUM
[RUSH]   PICKED: free ore at (3,15) d²=224
[RUSH] step3: free ore at (3,16)
[RUSH] step3: walking toward tap (3,15) for ore (3,16)
  task=RUSH 0us OK -> (<Direction.SOUTHWEST: 'southwest'>, None)
  task=HEAL_CORE FAIL
[RUSH] --- rush eval at (16,7) en_core=(18,18) ---
[RUSH] step1: no flow tile in gunner range of core
[RUSH] step2: no flow tile near enemy core
[RUSH] step2.5: checking unconnected harvesters
[RUSH] _find_rush_ore: 10 total ore, 10 seen, sym=Symmetry.ROT candidates={<Symmetry.ROT: 1>}
[RUSH]   ore (3,16) d²=229 bld=None env=Environment.ORE_TITANIUM
[RUSH]   ore (16,3) d²=229 bld=None env=Environment.ORE_TITANIUM
[RUSH]   ore (16,13) d²=29 bld=BuildingHarvester env=Environment.ORE_TITANIUM
[RUSH]   PICKED: free ore at (3,15) d²=224
[RUSH] step3: free ore at (3,16)
[RUSH] step3: walking toward tap (3,15) for ore (3,16)
  task=RUSH 0us OK -> (<Direction.SOUTHWEST: 'southwest'>, None)
  task=HEAL_CORE FAIL
[RUSH] --- rush eval at (6,16) en_core=(18,18) ---
[RUSH] step1: no flow tile in gunner range of core
[RUSH] step2: no flow tile near enemy core
[RUSH] step2.5: checking unconnected harvesters
[RUSH] _find_rush_ore: 10 total ore, 10 seen, sym=Symmetry.ROT candidates={<Symmetry.ROT: 1>, <Symmetry.HOR: 2>, <Symmetry.VER: 3>}
[RUSH]   ore (3,16) d²=229 bld=None env=Environment.ORE_TITANIUM
[RUSH]   ore (16,3) d²=229 bld=None env=Environment.ORE_TITANIUM
[RUSH]   ore (16,13) d²=29 bld=BuildingHarvester env=Environment.ORE_TITANIUM
[RUSH]   PICKED: free ore at (3,15) d²=224
[RUSH] step3: free ore at (3,16)
[RUSH] step3: walking toward tap (3,15) for ore (3,16)
  task=RUSH 0us OK -> (<Direction.SOUTHWEST: 'southwest'>, PlaceRoad(pos=Position(x=5, y=17)))
  task=HEAL_CORE FAIL
[RUSH] --- rush eval at (14,11) en_core=(18,18) ---
[RUSH] step1: no flow tile in gunner range of core
[RUSH] step2: no flow tile near enemy core
[RUSH] step2.5: checking unconnected harvesters
[RUSH] _find_rush_ore: 8 total ore, 8 seen, sym=Symmetry.ROT candidates={<Symmetry.ROT: 1>, <Symmetry.HOR: 2>}
[RUSH]   ore (16,13) d²=29 bld=BuildingHarvester env=Environment.ORE_TITANIUM
[RUSH]   PICKED: None
[RUSH] step3: no ore found, deferring to scout
  task=RUSH FAIL
  task=SCOUT_ENEMY 0us OK -> (<Direction.NORTHEAST: 'northeast'>, None)
  task=HEAL_CORE FAIL
[RUSH] --- rush eval at (11,11) en_core=(18,18) ---
[RUSH] step1: no flow tile in gunner range of core
[RUSH] step2: no flow tile near enemy core
[RUSH] step2.5: checking unconnected harvesters
[RUSH] _find_rush_ore: 10 total ore, 10 seen, sym=Symmetry.ROT candidates={<Symmetry.ROT: 1>, <Symmetry.HOR: 2>}
[RUSH]   ore (3,16) d²=229 bld=None env=Environment.ORE_TITANIUM
[RUSH]   ore (16,3) d²=229 bld=None env=Environment.ORE_TITANIUM
[RUSH]   ore (16,13) d²=29 bld=BuildingHarvester env=Environment.ORE_TITANIUM
[RUSH]   PICKED: free ore at (3,15) d²=224
[RUSH] step3: free ore at (3,16)
[RUSH] step3: walking toward tap (3,15) for ore (3,16)
  task=RUSH 0us OK -> (<Direction.SOUTHWEST: 'southwest'>, None)
  task=HEAL_CORE FAIL
[RUSH] --- rush eval at (16,8) en_core=(18,18) ---
[RUSH] step1: no flow tile in gunner range of core
[RUSH] step2: no flow tile near enemy core
[RUSH] step2.5: checking unconnected harvesters
[RUSH] _find_rush_ore: 8 total ore, 8 seen, sym=Symmetry.ROT candidates={<Symmetry.ROT: 1>, <Symmetry.HOR: 2>}
[RUSH]   ore (16,13) d²=29 bld=BuildingHarvester env=Environment.ORE_TITANIUM
[RUSH]   PICKED: None
[RUSH] step3: no ore found, deferring to scout
  task=RUSH FAIL
  task=SCOUT_ENEMY 0us OK -> (<Direction.NORTH: 'north'>, None)
  task=HEAL_CORE FAIL
  task=CONNECT_BACK FAIL
  task=HARVEST_TI 0us OK -> (<Direction.SOUTHWEST: 'southwest'>, None)
  task=HEAL_CORE FAIL
[RUSH] --- rush eval at (15,8) en_core=(18,18) ---
[RUSH] step1: no flow tile in gunner range of core
[RUSH] step2: no flow tile near enemy core
[RUSH] step2.5: checking unconnected harvesters
[RUSH] _find_rush_ore: 10 total ore, 10 seen, sym=Symmetry.ROT candidates={<Symmetry.ROT: 1>}
[RUSH]   ore (3,16) d²=229 bld=None env=Environment.ORE_TITANIUM
[RUSH]   ore (16,3) d²=229 bld=None env=Environment.ORE_TITANIUM
[RUSH]   ore (16,13) d²=29 bld=BuildingHarvester env=Environment.ORE_TITANIUM
[RUSH]   PICKED: free ore at (3,15) d²=224
[RUSH] step3: free ore at (3,16)
[RUSH] step3: walking toward tap (3,15) for ore (3,16)
  task=RUSH 0us OK -> (<Direction.SOUTH: 'south'>, None)
[MAP] r50 seen=88% harv=3 sym=Symmetry.ROT encore=Position(x=18, y=18) ore_known=10
  task=HEAL_CORE FAIL
[RUSH] --- rush eval at (5,17) en_core=(18,18) ---
[RUSH] step1: no flow tile in gunner range of core
[RUSH] step2: no flow tile near enemy core
[RUSH] step2.5: checking unconnected harvesters
[RUSH] _find_rush_ore: 10 total ore, 10 seen, sym=Symmetry.ROT candidates={<Symmetry.ROT: 1>, <Symmetry.HOR: 2>, <Symmetry.VER: 3>}
[RUSH]   ore (3,16) d²=229 bld=None env=Environment.ORE_TITANIUM
[RUSH]   ore (16,3) d²=229 bld=None env=Environment.ORE_TITANIUM
[RUSH]   ore (16,13) d²=29 bld=BuildingHarvester env=Environment.ORE_TITANIUM
[RUSH]   PICKED: free ore at (3,15) d²=224
[RUSH] step3: free ore at (3,16)
[RUSH] step3: walking toward tap (3,15) for ore (3,16)
  task=RUSH 0us OK -> (<Direction.NORTHWEST: 'northwest'>, PlaceRoad(pos=Position(x=4, y=16)))
[MAP] r50 seen=90% harv=3 sym=Symmetry.ROT encore=Position(x=18, y=18) ore_known=10
  task=HEAL_CORE FAIL
[RUSH] --- rush eval at (15,10) en_core=(18,18) ---
[RUSH] step1: no flow tile in gunner range of core
[RUSH] step2: no flow tile near enemy core
[RUSH] step2.5: checking unconnected harvesters
[RUSH] _find_rush_ore: 8 total ore, 8 seen, sym=Symmetry.ROT candidates={<Symmetry.ROT: 1>, <Symmetry.HOR: 2>}
[RUSH]   ore (16,13) d²=29 bld=BuildingHarvester env=Environment.ORE_TITANIUM
[RUSH]   PICKED: None
[RUSH] step3: no ore found, deferring to scout
  task=RUSH FAIL
  task=SCOUT_ENEMY 0us OK -> (<Direction.EAST: 'east'>, None)
[MAP] r50 seen=83% harv=3 sym=Symmetry.ROT encore=Position(x=18, y=18) ore_known=8
  task=HEAL_CORE FAIL
[RUSH] --- rush eval at (10,12) en_core=(18,18) ---
[RUSH] step1: no flow tile in gunner range of core
[RUSH] step2: no flow tile near enemy core
[RUSH] step2.5: checking unconnected harvesters
[RUSH] _find_rush_ore: 10 total ore, 10 seen, sym=Symmetry.ROT candidates={<Symmetry.ROT: 1>, <Symmetry.HOR: 2>}
[RUSH]   ore (3,16) d²=229 bld=None env=Environment.ORE_TITANIUM
[RUSH]   ore (16,3) d²=229 bld=None env=Environment.ORE_TITANIUM
[RUSH]   ore (16,13) d²=29 bld=BuildingHarvester env=Environment.ORE_TITANIUM
[RUSH]   PICKED: free ore at (3,15) d²=224
[RUSH] step3: free ore at (3,16)
[RUSH] step3: walking toward tap (3,15) for ore (3,16)
  task=RUSH 0us OK -> (<Direction.SOUTHWEST: 'southwest'>, None)
[MAP] r50 seen=87% harv=3 sym=Symmetry.ROT encore=Position(x=18, y=18) ore_known=10
  task=HEAL_CORE FAIL
[RUSH] --- rush eval at (16,7) en_core=(18,18) ---
[RUSH] step1: no flow tile in gunner range of core
[RUSH] step2: no flow tile near enemy core
[RUSH] step2.5: checking unconnected harvesters
[RUSH] _find_rush_ore: 10 total ore, 10 seen, sym=Symmetry.ROT candidates={<Symmetry.ROT: 1>, <Symmetry.HOR: 2>}
[RUSH]   ore (3,16) d²=229 bld=None env=Environment.ORE_TITANIUM
[RUSH]   ore (16,3) d²=229 bld=None env=Environment.ORE_TITANIUM
[RUSH]   ore (16,13) d²=29 bld=BuildingHarvester env=Environment.ORE_TITANIUM
[RUSH]   PICKED: free ore at (3,15) d²=224
[RUSH] step3: free ore at (3,16)
[RUSH] step3: walking toward tap (3,15) for ore (3,16)
  task=RUSH 0us OK -> (<Direction.SOUTHWEST: 'southwest'>, None)
[MAP] r50 seen=87% harv=3 sym=Symmetry.ROT encore=Position(x=18, y=18) ore_known=10
  task=HEAL_CORE FAIL
  task=CONNECT_BACK FAIL
  task=HARVEST_TI 0us OK -> (<Direction.WEST: 'west'>, None)
[MAP] r50 seen=87% harv=2 sym=Symmetry.ROT encore=Position(x=18, y=18) ore_known=10
  task=HEAL_CORE FAIL
[RUSH] --- rush eval at (15,9) en_core=(18,18) ---
[RUSH] step1: no flow tile in gunner range of core
[RUSH] step2: no flow tile near enemy core
[RUSH] step2.5: checking unconnected harvesters
[RUSH] _find_rush_ore: 10 total ore, 10 seen, sym=Symmetry.ROT candidates={<Symmetry.ROT: 1>}
[RUSH]   ore (3,16) d²=229 bld=None env=Environment.ORE_TITANIUM
[RUSH]   ore (16,3) d²=229 bld=None env=Environment.ORE_TITANIUM
[RUSH]   ore (16,13) d²=29 bld=BuildingHarvester env=Environment.ORE_TITANIUM
[RUSH]   PICKED: free ore at (3,15) d²=224
[RUSH] step3: free ore at (3,16)
[RUSH] step3: walking toward tap (3,15) for ore (3,16)
  task=RUSH 0us OK -> (<Direction.SOUTHWEST: 'southwest'>, None)
  task=HEAL_CORE FAIL
[RUSH] --- rush eval at (4,16) en_core=(18,18) ---
[RUSH] step1: no flow tile in gunner range of core
[RUSH] step2: no flow tile near enemy core
[RUSH] step2.5: checking unconnected harvesters
[RUSH] _find_rush_ore: 10 total ore, 10 seen, sym=Symmetry.ROT candidates={<Symmetry.ROT: 1>, <Symmetry.HOR: 2>, <Symmetry.VER: 3>}
[RUSH]   ore (3,16) d²=229 bld=None env=Environment.ORE_TITANIUM
[RUSH]   ore (16,3) d²=229 bld=None env=Environment.ORE_TITANIUM
[RUSH]   ore (16,13) d²=29 bld=BuildingHarvester env=Environment.ORE_TITANIUM
[RUSH]   PICKED: free ore at (3,15) d²=224
[RUSH] step3: free ore at (3,16)
[RUSH] step3: placing harvester at (3,16)
  task=RUSH 0us OK -> (<Direction.CENTRE: 'centre'>, PlaceHarvester(pos=Position(x=3, y=16)))
  task=HEAL_CORE FAIL
[RUSH] --- rush eval at (16,10) en_core=(18,18) ---
[RUSH] step1: no flow tile in gunner range of core
[RUSH] step2: no flow tile near enemy core
[RUSH] step2.5: checking unconnected harvesters
[RUSH] _find_rush_ore: 8 total ore, 8 seen, sym=Symmetry.ROT candidates={<Symmetry.ROT: 1>, <Symmetry.HOR: 2>}
[RUSH]   ore (16,13) d²=29 bld=BuildingHarvester env=Environment.ORE_TITANIUM
[RUSH]   PICKED: None
[RUSH] step3: no ore found, deferring to scout
  task=RUSH FAIL
  task=SCOUT_ENEMY 0us OK -> (<Direction.NORTHWEST: 'northwest'>, None)
  task=HEAL_CORE FAIL
[RUSH] --- rush eval at (9,13) en_core=(18,18) ---
[RUSH] step1: no flow tile in gunner range of core
[RUSH] step2: no flow tile near enemy core
[RUSH] step2.5: checking unconnected harvesters
[RUSH] _find_rush_ore: 10 total ore, 10 seen, sym=Symmetry.ROT candidates={<Symmetry.ROT: 1>, <Symmetry.HOR: 2>}
[RUSH]   ore (3,16) d²=229 bld=None env=Environment.ORE_TITANIUM
[RUSH]   ore (16,3) d²=229 bld=None env=Environment.ORE_TITANIUM
[RUSH]   ore (16,13) d²=29 bld=BuildingHarvester env=Environment.ORE_TITANIUM
[RUSH]   PICKED: free ore at (3,15) d²=224
[RUSH] step3: free ore at (3,16)
[RUSH] step3: walking toward tap (3,15) for ore (3,16)
  task=RUSH 0us OK -> (<Direction.SOUTHWEST: 'southwest'>, None)
  task=HEAL_CORE FAIL
[RUSH] --- rush eval at (15,8) en_core=(18,18) ---
[RUSH] step1: no flow tile in gunner range of core
[RUSH] step2: no flow tile near enemy core
[RUSH] step2.5: checking unconnected harvesters
[RUSH] _find_rush_ore: 10 total ore, 10 seen, sym=Symmetry.ROT candidates={<Symmetry.ROT: 1>, <Symmetry.HOR: 2>}
[RUSH]   ore (3,16) d²=229 bld=None env=Environment.ORE_TITANIUM
[RUSH]   ore (16,3) d²=229 bld=None env=Environment.ORE_TITANIUM
[RUSH]   ore (16,13) d²=29 bld=BuildingHarvester env=Environment.ORE_TITANIUM
[RUSH]   PICKED: free ore at (3,15) d²=224
[RUSH] step3: free ore at (3,16)
[RUSH] step3: walking toward tap (3,15) for ore (3,16)
  task=RUSH 0us OK -> (<Direction.WEST: 'west'>, None)
  task=HEAL_CORE FAIL
  task=CONNECT_BACK FAIL
  task=HARVEST_TI 0us OK -> (<Direction.NORTHWEST: 'northwest'>, None)
  task=HEAL_CORE FAIL
[RUSH] --- rush eval at (14,10) en_core=(18,18) ---
[RUSH] step1: no flow tile in gunner range of core
[RUSH] step2: no flow tile near enemy core
[RUSH] step2.5: checking unconnected harvesters
[RUSH] _find_rush_ore: 10 total ore, 10 seen, sym=Symmetry.ROT candidates={<Symmetry.ROT: 1>}
[RUSH]   ore (3,16) d²=229 bld=None env=Environment.ORE_TITANIUM
[RUSH]   ore (16,3) d²=229 bld=None env=Environment.ORE_TITANIUM
[RUSH]   ore (16,13) d²=29 bld=BuildingHarvester env=Environment.ORE_TITANIUM
[RUSH]   PICKED: free ore at (3,15) d²=224
[RUSH] step3: free ore at (3,16)
[RUSH] step3: walking toward tap (3,15) for ore (3,16)
  task=RUSH 0us OK -> (<Direction.SOUTHWEST: 'southwest'>, None)
  task=HEAL_CORE FAIL
[RUSH] --- rush eval at (4,16) en_core=(18,18) ---
[RUSH] step1: no flow tile in gunner range of core
[RUSH] step2: flow near core at (4,16) d²=200, extending to siege (14,18)
[RUSH] extend: from (4,16) toward core (18,18)
[RUSH] extend: siege target (14,18)
[RUSH] extend: path=[(4, 16), (5, 16), (6, 16), (6, 17), (7, 17), (8, 17), (9, 17), (10, 17), (11, 17), (12, 17), (12, 18), (12, 19), (13, 19), (14, 19), (14, 18)]
[RUSH] extend: path len=15, builder at (4,16)
[RUSH] extend[0]: (4,16)->(5,16) bld=BuildingRoad team=Team.A connected=False
[RUSH] extend[0]: destroying allied BuildingRoad at (4,16) to rebuild
[RUSH] extend[0]: building (4,16)->(5,16) action=PlaceConveyor(pos=Position(x=4, y=16), direction=<Direction.EAST: 'east'>) d²=0
  task=RUSH 0us OK -> (<Direction.CENTRE: 'centre'>, PlaceConveyor(pos=Position(x=4, y=16), direction=<Direction.EAST: 'east'>))
  task=HEAL_CORE FAIL
[RUSH] --- rush eval at (15,9) en_core=(18,18) ---
[RUSH] step1: no flow tile in gunner range of core
[RUSH] step2: no flow tile near enemy core
[RUSH] step2.5: checking unconnected harvesters
[RUSH] _find_rush_ore: 8 total ore, 8 seen, sym=Symmetry.ROT candidates={<Symmetry.ROT: 1>, <Symmetry.HOR: 2>}
[RUSH]   ore (16,13) d²=29 bld=BuildingHarvester env=Environment.ORE_TITANIUM
[RUSH]   PICKED: None
[RUSH] step3: no ore found, deferring to scout
  task=RUSH FAIL
  task=SCOUT_ENEMY 0us OK -> (<Direction.NORTHEAST: 'northeast'>, None)
  task=HEAL_CORE FAIL
[RUSH] --- rush eval at (8,14) en_core=(18,18) ---
[RUSH] step1: no flow tile in gunner range of core
[RUSH] step2: no flow tile near enemy core
[RUSH] step2.5: checking unconnected harvesters
[RUSH] _find_rush_ore: 10 total ore, 10 seen, sym=Symmetry.ROT candidates={<Symmetry.ROT: 1>, <Symmetry.HOR: 2>}
[RUSH]   ore (3,16) d²=229 bld=None env=Environment.ORE_TITANIUM
[RUSH]   ore (16,3) d²=229 bld=None env=Environment.ORE_TITANIUM
[RUSH]   ore (16,13) d²=29 bld=BuildingHarvester env=Environment.ORE_TITANIUM
[RUSH]   PICKED: free ore at (3,15) d²=224
[RUSH] step3: free ore at (3,16)
[RUSH] step3: walking toward tap (3,15) for ore (3,16)
  task=RUSH 0us OK -> (<Direction.SOUTHWEST: 'southwest'>, None)
  task=HEAL_CORE FAIL
[RUSH] --- rush eval at (14,8) en_core=(18,18) ---
[RUSH] step1: no flow tile in gunner range of core
[RUSH] step2: no flow tile near enemy core
[RUSH] step2.5: checking unconnected harvesters
[RUSH] _find_rush_ore: 10 total ore, 10 seen, sym=Symmetry.ROT candidates={<Symmetry.ROT: 1>, <Symmetry.HOR: 2>}
[RUSH]   ore (3,16) d²=229 bld=None env=Environment.ORE_TITANIUM
[RUSH]   ore (16,3) d²=229 bld=None env=Environment.ORE_TITANIUM
[RUSH]   ore (16,13) d²=29 bld=BuildingHarvester env=Environment.ORE_TITANIUM
[RUSH]   PICKED: free ore at (3,15) d²=224
[RUSH] step3: free ore at (3,16)
[RUSH] step3: walking toward tap (3,15) for ore (3,16)
  task=RUSH 0us OK -> (<Direction.SOUTHWEST: 'southwest'>, None)
  task=HEAL_CORE FAIL
  task=CONNECT_BACK FAIL
  task=HARVEST_TI 0us OK -> (<Direction.NORTHWEST: 'northwest'>, None)
  task=HEAL_CORE FAIL
[RUSH] --- rush eval at (13,11) en_core=(18,18) ---
[RUSH] step1: no flow tile in gunner range of core
[RUSH] step2: no flow tile near enemy core
[RUSH] step2.5: checking unconnected harvesters
[RUSH] _find_rush_ore: 10 total ore, 10 seen, sym=Symmetry.ROT candidates={<Symmetry.ROT: 1>}
[RUSH]   ore (3,16) d²=229 bld=None env=Environment.ORE_TITANIUM
[RUSH]   ore (16,3) d²=229 bld=None env=Environment.ORE_TITANIUM
[RUSH]   ore (16,13) d²=29 bld=BuildingHarvester env=Environment.ORE_TITANIUM
[RUSH]   PICKED: free ore at (3,15) d²=224
[RUSH] step3: free ore at (3,16)
[RUSH] step3: walking toward tap (3,15) for ore (3,16)
  task=RUSH 0us OK -> (<Direction.SOUTHWEST: 'southwest'>, None)
  task=HEAL_CORE FAIL
[RUSH] --- rush eval at (4,16) en_core=(18,18) ---
[RUSH] step1: no flow tile in gunner range of core
[RUSH] step2: flow near core at (5,16) d²=173, extending to siege (14,18)
[RUSH] extend: from (5,16) toward core (18,18)
[RUSH] extend: siege target (14,18)
[RUSH] extend: path=[(5, 16), (6, 16), (6, 17), (7, 17), (8, 17), (9, 17), (10, 17), (11, 17), (12, 17), (12, 18), (12, 19), (13, 19), (14, 19), (14, 18)]
[RUSH] extend: path len=14, builder at (4,16)
[RUSH] extend[0]: (5,16)->(6,16) bld=None team=None connected=False
[RUSH] extend[0]: building (5,16)->(6,16) action=PlaceConveyor(pos=Position(x=5, y=16), direction=<Direction.EAST: 'east'>) d²=1
  task=RUSH 0us OK -> (<Direction.CENTRE: 'centre'>, PlaceConveyor(pos=Position(x=5, y=16), direction=<Direction.EAST: 'east'>))
  task=HEAL_CORE FAIL
[RUSH] --- rush eval at (16,8) en_core=(18,18) ---
[RUSH] step1: no flow tile in gunner range of core
[RUSH] step2: no flow tile near enemy core
[RUSH] step2.5: checking unconnected harvesters
[RUSH] _find_rush_ore: 8 total ore, 8 seen, sym=Symmetry.ROT candidates={<Symmetry.ROT: 1>, <Symmetry.HOR: 2>}
[RUSH]   ore (16,13) d²=29 bld=BuildingHarvester env=Environment.ORE_TITANIUM
[RUSH]   PICKED: None
[RUSH] step3: no ore found, deferring to scout
  task=RUSH FAIL
  task=SCOUT_ENEMY 0us OK -> (<Direction.NORTH: 'north'>, None)
  task=HEAL_CORE FAIL
[RUSH] --- rush eval at (7,15) en_core=(18,18) ---
[RUSH] step1: no flow tile in gunner range of core
[RUSH] step2: flow near core at (6,16) d²=148, extending to siege (14,18)
[RUSH] extend: from (6,16) toward core (18,18)
[RUSH] extend: siege target (14,18)
[RUSH] extend: path=[(6, 16), (6, 17), (7, 17), (8, 17), (9, 17), (10, 17), (11, 17), (12, 17), (12, 18), (12, 19), (13, 19), (14, 19), (14, 18)]
[RUSH] extend: path len=13, builder at (7,15)
[RUSH] extend[0]: (6,16)->(6,17) bld=BuildingRoad team=Team.A connected=False
[RUSH] extend[0]: destroying allied BuildingRoad at (6,16) to rebuild
[RUSH] extend[0]: building (6,16)->(6,17) action=PlaceConveyor(pos=Position(x=6, y=16), direction=<Direction.SOUTH: 'south'>) d²=2
  task=RUSH 0us OK -> (<Direction.CENTRE: 'centre'>, PlaceConveyor(pos=Position(x=6, y=16), direction=<Direction.SOUTH: 'south'>))
  task=HEAL_CORE FAIL
[RUSH] --- rush eval at (13,9) en_core=(18,18) ---
[RUSH] step1: no flow tile in gunner range of core
[RUSH] step2: no flow tile near enemy core
[RUSH] step2.5: checking unconnected harvesters
[RUSH] _find_rush_ore: 10 total ore, 10 seen, sym=Symmetry.ROT candidates={<Symmetry.ROT: 1>, <Symmetry.HOR: 2>}
[RUSH]   ore (3,16) d²=229 bld=None env=Environment.ORE_TITANIUM
[RUSH]   ore (16,3) d²=229 bld=None env=Environment.ORE_TITANIUM
[RUSH]   ore (16,13) d²=29 bld=BuildingHarvester env=Environment.ORE_TITANIUM
[RUSH]   PICKED: free ore at (3,15) d²=224
[RUSH] step3: free ore at (3,16)
[RUSH] step3: walking toward tap (3,15) for ore (3,16)
  task=RUSH 0us OK -> (<Direction.SOUTHWEST: 'southwest'>, None)
  task=HEAL_CORE FAIL
  task=CONNECT_BACK FAIL
  task=HARVEST_TI 0us OK -> (<Direction.NORTHWEST: 'northwest'>, None)
  task=HEAL_CORE FAIL
[RUSH] --- rush eval at (12,12) en_core=(18,18) ---
[RUSH] step1: no flow tile in gunner range of core
[RUSH] step2: no flow tile near enemy core
[RUSH] step2.5: checking unconnected harvesters
[RUSH] _find_rush_ore: 10 total ore, 10 seen, sym=Symmetry.ROT candidates={<Symmetry.ROT: 1>}
[RUSH]   ore (3,16) d²=229 bld=None env=Environment.ORE_TITANIUM
[RUSH]   ore (16,3) d²=229 bld=None env=Environment.ORE_TITANIUM
[RUSH]   ore (16,13) d²=29 bld=BuildingHarvester env=Environment.ORE_TITANIUM
[RUSH]   PICKED: free ore at (3,15) d²=224
[RUSH] step3: free ore at (3,16)
[RUSH] step3: walking toward tap (3,15) for ore (3,16)
  task=RUSH 0us OK -> (<Direction.SOUTHWEST: 'southwest'>, None)
  task=HEAL_CORE FAIL
[RUSH] --- rush eval at (4,16) en_core=(18,18) ---
[RUSH] step1: no flow tile in gunner range of core
[RUSH] step2: flow near core at (6,17) d²=145, extending to siege (14,18)
[RUSH] extend: from (6,17) toward core (18,18)
[RUSH] extend: siege target (14,18)
[RUSH] extend: path=[(6, 17), (7, 17), (8, 17), (9, 17), (10, 17), (11, 17), (12, 17), (12, 18), (12, 19), (13, 19), (14, 19), (14, 18)]
[RUSH] extend: path len=12, builder at (4,16)
[RUSH] extend[0]: (6,17)->(7,17) bld=None team=None connected=False
[RUSH] extend[0]: need to walk to (6,17) d²=5
  task=RUSH 0us OK -> (<Direction.EAST: 'east'>, None)
  task=HEAL_CORE FAIL
[RUSH] --- rush eval at (16,7) en_core=(18,18) ---
[RUSH] step1: no flow tile in gunner range of core
[RUSH] step2: no flow tile near enemy core
[RUSH] step2.5: checking unconnected harvesters
[RUSH] _find_rush_ore: 10 total ore, 10 seen, sym=Symmetry.ROT candidates={<Symmetry.ROT: 1>, <Symmetry.HOR: 2>}
[RUSH]   ore (3,16) d²=229 bld=None env=Environment.ORE_TITANIUM
[RUSH]   ore (16,3) d²=229 bld=None env=Environment.ORE_TITANIUM
[RUSH]   ore (16,13) d²=29 bld=BuildingHarvester env=Environment.ORE_TITANIUM
[RUSH]   PICKED: free ore at (3,15) d²=224
[RUSH] step3: free ore at (3,16)
[RUSH] step3: walking toward tap (3,15) for ore (3,16)
  task=RUSH 0us OK -> (<Direction.SOUTHWEST: 'southwest'>, None)
  task=HEAL_CORE FAIL
[RUSH] --- rush eval at (7,15) en_core=(18,18) ---
[RUSH] step1: no flow tile in gunner range of core
[RUSH] step2: flow near core at (6,17) d²=145, extending to siege (14,18)
[RUSH] extend: from (6,17) toward core (18,18)
[RUSH] extend: siege target (14,18)
[RUSH] extend: path=[(6, 17), (7, 17), (8, 17), (9, 17), (10, 17), (11, 17), (12, 17), (12, 18), (12, 19), (13, 19), (14, 19), (14, 18)]
[RUSH] extend: path len=12, builder at (7,15)
[RUSH] extend[0]: (6,17)->(7,17) bld=None team=None connected=False
[RUSH] extend[0]: need to walk to (6,17) d²=5
  task=RUSH 0us OK -> (<Direction.SOUTHWEST: 'southwest'>, None)
  task=HEAL_CORE FAIL
[RUSH] --- rush eval at (12,10) en_core=(18,18) ---
[RUSH] step1: no flow tile in gunner range of core
[RUSH] step2: no flow tile near enemy core
[RUSH] step2.5: checking unconnected harvesters
[RUSH] _find_rush_ore: 10 total ore, 10 seen, sym=Symmetry.ROT candidates={<Symmetry.ROT: 1>, <Symmetry.HOR: 2>}
[RUSH]   ore (3,16) d²=229 bld=None env=Environment.ORE_TITANIUM
[RUSH]   ore (16,3) d²=229 bld=None env=Environment.ORE_TITANIUM
[RUSH]   ore (16,13) d²=29 bld=BuildingHarvester env=Environment.ORE_TITANIUM
[RUSH]   PICKED: free ore at (3,15) d²=224
[RUSH] step3: free ore at (3,16)
[RUSH] step3: walking toward tap (3,15) for ore (3,16)
  task=RUSH 0us OK -> (<Direction.SOUTHWEST: 'southwest'>, None)
  task=HEAL_CORE FAIL
  task=CONNECT_BACK FAIL
  task=HARVEST_TI 0us OK -> (<Direction.NORTHWEST: 'northwest'>, PlaceHarvester(pos=Position(x=6, y=6)))
  task=HEAL_CORE FAIL
[RUSH] --- rush eval at (11,13) en_core=(18,18) ---
[RUSH] step1: no flow tile in gunner range of core
[RUSH] step2: no flow tile near enemy core
[RUSH] step2.5: checking unconnected harvesters
[RUSH] _find_rush_ore: 10 total ore, 10 seen, sym=Symmetry.ROT candidates={<Symmetry.ROT: 1>}
[RUSH]   ore (3,16) d²=229 bld=None env=Environment.ORE_TITANIUM
[RUSH]   ore (16,3) d²=229 bld=None env=Environment.ORE_TITANIUM
[RUSH]   ore (16,13) d²=29 bld=BuildingHarvester env=Environment.ORE_TITANIUM
[RUSH]   PICKED: free ore at (3,15) d²=224
[RUSH] step3: free ore at (3,16)
[RUSH] step3: walking toward tap (3,15) for ore (3,16)
  task=RUSH 0us OK -> (<Direction.SOUTHWEST: 'southwest'>, None)
  task=HEAL_CORE FAIL
[RUSH] --- rush eval at (5,16) en_core=(18,18) ---
[RUSH] step1: no flow tile in gunner range of core
[RUSH] step2: flow near core at (6,17) d²=145, extending to siege (14,18)
[RUSH] extend: from (6,17) toward core (18,18)
[RUSH] extend: siege target (14,18)
[RUSH] extend: path=[(6, 17), (7, 17), (8, 17), (9, 17), (10, 17), (11, 17), (12, 17), (12, 18), (12, 19), (13, 19), (14, 19), (14, 18)]
[RUSH] extend: path len=12, builder at (5,16)
[RUSH] extend[0]: (6,17)->(7,17) bld=None team=None connected=False
[RUSH] extend[0]: building (6,17)->(7,17) action=PlaceConveyor(pos=Position(x=6, y=17), direction=<Direction.EAST: 'east'>) d²=2
  task=RUSH 0us OK -> (<Direction.CENTRE: 'centre'>, PlaceConveyor(pos=Position(x=6, y=17), direction=<Direction.EAST: 'east'>))
  task=HEAL_CORE FAIL
[RUSH] --- rush eval at (15,8) en_core=(18,18) ---
[RUSH] step1: no flow tile in gunner range of core
[RUSH] step2: no flow tile near enemy core
[RUSH] step2.5: checking unconnected harvesters
[RUSH] _find_rush_ore: 10 total ore, 10 seen, sym=Symmetry.ROT candidates={<Symmetry.ROT: 1>, <Symmetry.HOR: 2>}
[RUSH]   ore (3,16) d²=229 bld=None env=Environment.ORE_TITANIUM
[RUSH]   ore (16,3) d²=229 bld=None env=Environment.ORE_TITANIUM
[RUSH]   ore (16,13) d²=29 bld=BuildingHarvester env=Environment.ORE_TITANIUM
[RUSH]   PICKED: free ore at (3,15) d²=224
[RUSH] step3: free ore at (3,16)
[RUSH] step3: walking toward tap (3,15) for ore (3,16)
  task=RUSH 0us OK -> (<Direction.WEST: 'west'>, None)
  task=HEAL_CORE FAIL
[RUSH] --- rush eval at (6,16) en_core=(18,18) ---
[RUSH] step1: no flow tile in gunner range of core
[RUSH] step2: flow near core at (7,17) d²=122, extending to siege (14,18)
[RUSH] extend: from (7,17) toward core (18,18)
[RUSH] extend: siege target (14,18)
[RUSH] extend: path=[(7, 17), (8, 17), (9, 17), (10, 17), (11, 17), (12, 17), (12, 18), (12, 19), (13, 19), (14, 19), (14, 18)]
[RUSH] extend: path len=11, builder at (6,16)
[RUSH] extend[0]: (7,17)->(8,17) bld=None team=None connected=False
[RUSH] extend[0]: building (7,17)->(8,17) action=PlaceConveyor(pos=Position(x=7, y=17), direction=<Direction.EAST: 'east'>) d²=2
  task=RUSH 0us OK -> (<Direction.CENTRE: 'centre'>, PlaceConveyor(pos=Position(x=7, y=17), direction=<Direction.EAST: 'east'>))
  task=HEAL_CORE FAIL
[RUSH] --- rush eval at (11,11) en_core=(18,18) ---
[RUSH] step1: no flow tile in gunner range of core
[RUSH] step2: no flow tile near enemy core
[RUSH] step2.5: checking unconnected harvesters
[RUSH] _find_rush_ore: 10 total ore, 10 seen, sym=Symmetry.ROT candidates={<Symmetry.ROT: 1>, <Symmetry.HOR: 2>}
[RUSH]   ore (3,16) d²=229 bld=None env=Environment.ORE_TITANIUM
[RUSH]   ore (16,3) d²=229 bld=None env=Environment.ORE_TITANIUM
[RUSH]   ore (16,13) d²=29 bld=BuildingHarvester env=Environment.ORE_TITANIUM
[RUSH]   PICKED: free ore at (3,15) d²=224
[RUSH] step3: free ore at (3,16)
[RUSH] step3: walking toward tap (3,15) for ore (3,16)
  task=RUSH 0us OK -> (<Direction.SOUTHWEST: 'southwest'>, None)
  task=HEAL_CORE FAIL
  task=CONNECT_BACK 0us OK -> (<Direction.NORTH: 'north'>, None)
  task=HEAL_CORE FAIL
[RUSH] --- rush eval at (10,14) en_core=(18,18) ---
[RUSH] step1: no flow tile in gunner range of core
[RUSH] step2: no flow tile near enemy core
[RUSH] step2.5: checking unconnected harvesters
[RUSH] _find_rush_ore: 10 total ore, 10 seen, sym=Symmetry.ROT candidates={<Symmetry.ROT: 1>}
[RUSH]   ore (3,16) d²=229 bld=None env=Environment.ORE_TITANIUM
[RUSH]   ore (16,3) d²=229 bld=None env=Environment.ORE_TITANIUM
[RUSH]   ore (16,13) d²=29 bld=BuildingHarvester env=Environment.ORE_TITANIUM
[RUSH]   PICKED: free ore at (3,15) d²=224
[RUSH] step3: free ore at (3,16)
[RUSH] step3: walking toward tap (3,15) for ore (3,16)
  task=RUSH 0us OK -> (<Direction.NORTHWEST: 'northwest'>, None)
  task=HEAL_CORE FAIL
[RUSH] --- rush eval at (5,16) en_core=(18,18) ---
[RUSH] step1: no flow tile in gunner range of core
[RUSH] step2: flow near core at (8,17) d²=101, extending to siege (14,18)
[RUSH] extend: from (8,17) toward core (18,18)
[RUSH] extend: siege target (14,18)
[RUSH] extend: path=[(8, 17), (9, 17), (10, 17), (11, 17), (12, 17), (12, 18), (12, 19), (13, 19), (14, 19), (14, 18)]
[RUSH] extend: path len=10, builder at (5,16)
[RUSH] extend[0]: (8,17)->(9,17) bld=None team=None connected=False
[RUSH] extend[0]: need to walk to (8,17) d²=10
  task=RUSH 0us OK -> (<Direction.SOUTHEAST: 'southeast'>, None)
  task=HEAL_CORE FAIL
[RUSH] --- rush eval at (14,8) en_core=(18,18) ---
[RUSH] step1: no flow tile in gunner range of core
[RUSH] step2: no flow tile near enemy core
[RUSH] step2.5: checking unconnected harvesters
[RUSH] _find_rush_ore: 10 total ore, 10 seen, sym=Symmetry.ROT candidates={<Symmetry.ROT: 1>, <Symmetry.HOR: 2>}
[RUSH]   ore (3,16) d²=229 bld=None env=Environment.ORE_TITANIUM
[RUSH]   ore (16,3) d²=229 bld=None env=Environment.ORE_TITANIUM
[RUSH]   ore (16,13) d²=29 bld=BuildingHarvester env=Environment.ORE_TITANIUM
[RUSH]   PICKED: free ore at (3,15) d²=224
[RUSH] step3: free ore at (3,16)
[RUSH] step3: walking toward tap (3,15) for ore (3,16)
  task=RUSH 0us OK -> (<Direction.SOUTHWEST: 'southwest'>, None)
  task=HEAL_CORE FAIL
[RUSH] --- rush eval at (6,16) en_core=(18,18) ---
[RUSH] step1: no flow tile in gunner range of core
[RUSH] step2: flow near core at (8,17) d²=101, extending to siege (14,18)
[RUSH] extend: from (8,17) toward core (18,18)
[RUSH] extend: siege target (14,18)
[RUSH] extend: path=[(8, 17), (9, 17), (10, 17), (11, 17), (12, 17), (12, 18), (12, 19), (13, 19), (14, 19), (14, 18)]
[RUSH] extend: path len=10, builder at (6,16)
[RUSH] extend[0]: (8,17)->(9,17) bld=None team=None connected=False
[RUSH] extend[0]: need to walk to (8,17) d²=5
  task=RUSH 0us OK -> (<Direction.SOUTHEAST: 'southeast'>, None)
  task=HEAL_CORE FAIL
[RUSH] --- rush eval at (10,12) en_core=(18,18) ---
[RUSH] step1: no flow tile in gunner range of core
[RUSH] step2: no flow tile near enemy core
[RUSH] step2.5: checking unconnected harvesters
[RUSH] _find_rush_ore: 10 total ore, 10 seen, sym=Symmetry.ROT candidates={<Symmetry.ROT: 1>, <Symmetry.HOR: 2>}
[RUSH]   ore (3,16) d²=229 bld=None env=Environment.ORE_TITANIUM
[RUSH]   ore (16,3) d²=229 bld=None env=Environment.ORE_TITANIUM
[RUSH]   ore (16,13) d²=29 bld=BuildingHarvester env=Environment.ORE_TITANIUM
[RUSH]   PICKED: free ore at (3,15) d²=224
[RUSH] step3: free ore at (3,16)
[RUSH] step3: walking toward tap (3,15) for ore (3,16)
  task=RUSH 0us OK -> (<Direction.SOUTHEAST: 'southeast'>, None)
  task=HEAL_CORE FAIL
  task=CONNECT_BACK 0us OK -> (<Direction.NORTHWEST: 'northwest'>, None)
  task=HEAL_CORE FAIL
[RUSH] --- rush eval at (9,13) en_core=(18,18) ---
[RUSH] step1: no flow tile in gunner range of core
[RUSH] step2: no flow tile near enemy core
[RUSH] step2.5: checking unconnected harvesters
[RUSH] _find_rush_ore: 10 total ore, 10 seen, sym=Symmetry.ROT candidates={<Symmetry.ROT: 1>}
[RUSH]   ore (3,16) d²=229 bld=None env=Environment.ORE_TITANIUM
[RUSH]   ore (16,3) d²=229 bld=None env=Environment.ORE_TITANIUM
[RUSH]   ore (16,13) d²=29 bld=BuildingHarvester env=Environment.ORE_TITANIUM
[RUSH]   PICKED: free ore at (3,15) d²=224
[RUSH] step3: free ore at (3,16)
[RUSH] step3: walking toward tap (3,15) for ore (3,16)
  task=RUSH 0us OK -> (<Direction.SOUTHWEST: 'southwest'>, None)
  task=HEAL_CORE FAIL
[RUSH] --- rush eval at (6,17) en_core=(18,18) ---
[RUSH] step1: no flow tile in gunner range of core
[RUSH] step2: flow near core at (8,17) d²=101, extending to siege (14,18)
[RUSH] extend: from (8,17) toward core (18,18)
[RUSH] extend: siege target (14,18)
[RUSH] extend: path=[(8, 17), (9, 17), (10, 17), (11, 17), (12, 17), (12, 18), (12, 19), (13, 19), (14, 19), (14, 18)]
[RUSH] extend: path len=10, builder at (6,17)
[RUSH] extend[0]: (8,17)->(9,17) bld=BuildingMarker team=Team.A connected=False
[RUSH] extend[0]: need to walk to (8,17) d²=4
  task=RUSH 0us OK -> (<Direction.SOUTHEAST: 'southeast'>, PlaceRoad(pos=Position(x=7, y=18)))
  task=HEAL_CORE FAIL
[RUSH] --- rush eval at (13,9) en_core=(18,18) ---
[RUSH] step1: no flow tile in gunner range of core
[RUSH] step2: no flow tile near enemy core
[RUSH] step2.5: checking unconnected harvesters
[RUSH] _find_rush_ore: 10 total ore, 10 seen, sym=Symmetry.ROT candidates={<Symmetry.ROT: 1>, <Symmetry.HOR: 2>}
[RUSH]   ore (3,16) d²=229 bld=None env=Environment.ORE_TITANIUM
[RUSH]   ore (16,3) d²=229 bld=None env=Environment.ORE_TITANIUM
[RUSH]   ore (16,13) d²=29 bld=BuildingHarvester env=Environment.ORE_TITANIUM
[RUSH]   PICKED: free ore at (3,15) d²=224
[RUSH] step3: free ore at (3,16)
[RUSH] step3: walking toward tap (3,15) for ore (3,16)
  task=RUSH 0us OK -> (<Direction.SOUTHWEST: 'southwest'>, None)
  task=HEAL_CORE FAIL
[RUSH] --- rush eval at (7,17) en_core=(18,18) ---
[RUSH] step1: no flow tile in gunner range of core
[RUSH] step2: flow near core at (8,17) d²=101, extending to siege (14,18)
[RUSH] extend: from (8,17) toward core (18,18)
[RUSH] extend: siege target (14,18)
[RUSH] extend: path=[(8, 17), (9, 17), (10, 17), (11, 17), (12, 17), (12, 18), (12, 19), (13, 19), (14, 19), (14, 18)]
[RUSH] extend: path len=10, builder at (7,17)
[RUSH] extend[0]: (8,17)->(9,17) bld=BuildingMarker team=Team.A connected=False
[RUSH] extend[0]: destroying allied BuildingMarker at (8,17) to rebuild
[RUSH] extend[0]: building (8,17)->(9,17) action=PlaceConveyor(pos=Position(x=8, y=17), direction=<Direction.EAST: 'east'>) d²=1
  task=RUSH 0us OK -> (<Direction.CENTRE: 'centre'>, PlaceConveyor(pos=Position(x=8, y=17), direction=<Direction.EAST: 'east'>))
  task=HEAL_CORE FAIL
[RUSH] --- rush eval at (11,13) en_core=(18,18) ---
[RUSH] step1: no flow tile in gunner range of core
[RUSH] step2: no flow tile near enemy core
[RUSH] step2.5: checking unconnected harvesters
[RUSH] _find_rush_ore: 10 total ore, 10 seen, sym=Symmetry.ROT candidates={<Symmetry.ROT: 1>, <Symmetry.HOR: 2>}
[RUSH]   ore (3,16) d²=229 bld=None env=Environment.ORE_TITANIUM
[RUSH]   ore (16,3) d²=229 bld=None env=Environment.ORE_TITANIUM
[RUSH]   ore (16,13) d²=29 bld=BuildingHarvester env=Environment.ORE_TITANIUM
[RUSH]   PICKED: free ore at (3,15) d²=224
[RUSH] step3: free ore at (3,16)
[RUSH] step3: walking toward tap (3,15) for ore (3,16)
  task=RUSH 0us OK -> (<Direction.SOUTHWEST: 'southwest'>, None)
  task=HEAL_CORE FAIL
  task=RUSH FAIL
  task=SCOUT_ENEMY 0us OK -> (<Direction.SOUTHEAST: 'southeast'>, None)
  task=HEAL_CORE FAIL
[RUSH] --- rush eval at (8,14) en_core=(18,18) ---
[RUSH] step1: no flow tile in gunner range of core
[RUSH] step2: no flow tile near enemy core
[RUSH] step2.5: checking unconnected harvesters
[RUSH] _find_rush_ore: 10 total ore, 10 seen, sym=Symmetry.ROT candidates={<Symmetry.ROT: 1>}
[RUSH]   ore (3,16) d²=229 bld=None env=Environment.ORE_TITANIUM
[RUSH]   ore (16,3) d²=229 bld=None env=Environment.ORE_TITANIUM
[RUSH]   ore (16,13) d²=29 bld=BuildingHarvester env=Environment.ORE_TITANIUM
[RUSH]   PICKED: free ore at (3,15) d²=224
[RUSH] step3: free ore at (3,16)
[RUSH] step3: walking toward tap (3,15) for ore (3,16)
  task=RUSH 0us OK -> (<Direction.SOUTHWEST: 'southwest'>, None)
  task=HEAL_CORE FAIL
[RUSH] --- rush eval at (7,18) en_core=(18,18) ---
[RUSH] step1: no flow tile in gunner range of core
[RUSH] step2: flow near core at (9,17) d²=82, extending to siege (14,18)
[RUSH] extend: from (9,17) toward core (18,18)
[RUSH] extend: siege target (14,18)
[RUSH] extend: path=[(9, 17), (10, 17), (11, 17), (12, 17), (12, 18), (12, 19), (13, 19), (14, 19), (14, 18)]
[RUSH] extend: path len=9, builder at (7,18)
[RUSH] extend[0]: (9,17)->(10,17) bld=None team=None connected=False
[RUSH] extend[0]: need to walk to (9,17) d²=5
  task=RUSH 0us OK -> (<Direction.NORTHEAST: 'northeast'>, None)
  task=HEAL_CORE FAIL
[RUSH] --- rush eval at (12,10) en_core=(18,18) ---
[RUSH] step1: no flow tile in gunner range of core
[RUSH] step2: no flow tile near enemy core
[RUSH] step2.5: checking unconnected harvesters
[RUSH] _find_rush_ore: 10 total ore, 10 seen, sym=Symmetry.ROT candidates={<Symmetry.ROT: 1>, <Symmetry.HOR: 2>}
[RUSH]   ore (3,16) d²=229 bld=None env=Environment.ORE_TITANIUM
[RUSH]   ore (16,3) d²=229 bld=None env=Environment.ORE_TITANIUM
[RUSH]   ore (16,13) d²=29 bld=BuildingHarvester env=Environment.ORE_TITANIUM
[RUSH]   PICKED: free ore at (3,15) d²=224
[RUSH] step3: free ore at (3,16)
[RUSH] step3: walking toward tap (3,15) for ore (3,16)
  task=RUSH 0us OK -> (<Direction.SOUTHWEST: 'southwest'>, None)
  task=HEAL_CORE FAIL
[RUSH] --- rush eval at (7,17) en_core=(18,18) ---
[RUSH] step1: no flow tile in gunner range of core
[RUSH] step2: flow near core at (9,17) d²=82, extending to siege (14,18)
[RUSH] extend: from (9,17) toward core (18,18)
[RUSH] extend: siege target (14,18)
[RUSH] extend: path=[(9, 17), (10, 17), (11, 17), (12, 17), (12, 18), (12, 19), (13, 19), (14, 19), (14, 18)]
[RUSH] extend: path len=9, builder at (7,17)
[RUSH] extend[0]: (9,17)->(10,17) bld=BuildingMarker team=Team.A connected=False
[RUSH] extend[0]: need to walk to (9,17) d²=4
  task=RUSH 0us OK -> (<Direction.SOUTHEAST: 'southeast'>, PlaceRoad(pos=Position(x=8, y=18)))
  task=HEAL_CORE FAIL
[RUSH] --- rush eval at (10,14) en_core=(18,18) ---
[RUSH] step1: no flow tile in gunner range of core
[RUSH] step2: no flow tile near enemy core
[RUSH] step2.5: checking unconnected harvesters
[RUSH] _find_rush_ore: 10 total ore, 10 seen, sym=Symmetry.ROT candidates={<Symmetry.ROT: 1>, <Symmetry.HOR: 2>}
[RUSH]   ore (3,16) d²=229 bld=None env=Environment.ORE_TITANIUM
[RUSH]   ore (16,3) d²=229 bld=None env=Environment.ORE_TITANIUM
[RUSH]   ore (16,13) d²=29 bld=BuildingHarvester env=Environment.ORE_TITANIUM
[RUSH]   PICKED: free ore at (3,15) d²=224
[RUSH] step3: free ore at (3,16)
[RUSH] step3: walking toward tap (3,15) for ore (3,16)
  task=RUSH 0us OK -> (<Direction.NORTHWEST: 'northwest'>, None)
  task=HEAL_CORE FAIL
  task=RUSH FAIL
  task=SCOUT_ENEMY 0us OK -> (<Direction.SOUTHEAST: 'southeast'>, None)
  task=HEAL_CORE FAIL
[RUSH] --- rush eval at (7,15) en_core=(18,18) ---
[RUSH] step1: no flow tile in gunner range of core
[RUSH] step2: flow near core at (9,17) d²=82, extending to siege (14,18)
[RUSH] extend: from (9,17) toward core (18,18)
[RUSH] extend: siege target (14,18)
[RUSH] extend: path=[(9, 17), (10, 17), (11, 17), (12, 17), (12, 18), (12, 19), (13, 19), (14, 19), (14, 18)]
[RUSH] extend: path len=9, builder at (7,15)
[RUSH] extend[0]: (9,17)->(10,17) bld=BuildingMarker team=Team.A connected=False
[RUSH] extend[0]: need to walk to (9,17) d²=8
  task=RUSH 0us OK -> (<Direction.SOUTHWEST: 'southwest'>, None)
  task=HEAL_CORE FAIL
[RUSH] --- rush eval at (8,17) en_core=(18,18) ---
[RUSH] step1: no flow tile in gunner range of core
[RUSH] step2: flow near core at (9,17) d²=82, extending to siege (14,18)
[RUSH] extend: from (9,17) toward core (18,18)
[RUSH] extend: siege target (14,18)
[RUSH] extend: path=[(9, 17), (10, 17), (11, 17), (12, 17), (12, 18), (12, 19), (13, 19), (14, 19), (14, 18)]
[RUSH] extend: path len=9, builder at (8,17)
[RUSH] extend[0]: (9,17)->(10,17) bld=BuildingMarker team=Team.A connected=False
[RUSH] extend[0]: destroying allied BuildingMarker at (9,17) to rebuild
[RUSH] extend[0]: building (9,17)->(10,17) action=PlaceConveyor(pos=Position(x=9, y=17), direction=<Direction.EAST: 'east'>) d²=1
  task=RUSH 0us OK -> (<Direction.CENTRE: 'centre'>, PlaceConveyor(pos=Position(x=9, y=17), direction=<Direction.EAST: 'east'>))
  task=HEAL_CORE FAIL
[RUSH] --- rush eval at (11,11) en_core=(18,18) ---
[RUSH] step1: no flow tile in gunner range of core
[RUSH] step2: no flow tile near enemy core
[RUSH] step2.5: checking unconnected harvesters
[RUSH] _find_rush_ore: 10 total ore, 10 seen, sym=Symmetry.ROT candidates={<Symmetry.ROT: 1>, <Symmetry.HOR: 2>}
[RUSH]   ore (3,16) d²=229 bld=None env=Environment.ORE_TITANIUM
[RUSH]   ore (16,3) d²=229 bld=None env=Environment.ORE_TITANIUM
[RUSH]   ore (16,13) d²=29 bld=BuildingHarvester env=Environment.ORE_TITANIUM
[RUSH]   PICKED: free ore at (3,15) d²=224
[RUSH] step3: free ore at (3,16)
[RUSH] step3: walking toward tap (3,15) for ore (3,16)
  task=RUSH 0us OK -> (<Direction.SOUTHWEST: 'southwest'>, None)
  task=HEAL_CORE FAIL
[RUSH] --- rush eval at (8,18) en_core=(18,18) ---
[RUSH] step1: no flow tile in gunner range of core
[RUSH] step2: flow near core at (10,17) d²=65, extending to siege (14,18)
[RUSH] extend: from (10,17) toward core (18,18)
[RUSH] extend: siege target (14,18)
[RUSH] extend: path=[(10, 17), (11, 17), (12, 17), (12, 18), (12, 19), (13, 19), (14, 19), (14, 18)]
[RUSH] extend: path len=8, builder at (8,18)
[RUSH] extend[0]: (10,17)->(11,17) bld=BuildingMarker team=Team.A connected=False
[RUSH] extend[0]: need to walk to (10,17) d²=5
  task=RUSH 0us OK -> (<Direction.NORTHEAST: 'northeast'>, None)
  task=HEAL_CORE FAIL
[RUSH] --- rush eval at (9,13) en_core=(18,18) ---
[RUSH] step1: no flow tile in gunner range of core
[RUSH] step2: no flow tile near enemy core
[RUSH] step2.5: checking unconnected harvesters
[RUSH] _find_rush_ore: 10 total ore, 10 seen, sym=Symmetry.ROT candidates={<Symmetry.ROT: 1>, <Symmetry.HOR: 2>}
[RUSH]   ore (3,16) d²=229 bld=None env=Environment.ORE_TITANIUM
[RUSH]   ore (16,3) d²=229 bld=None env=Environment.ORE_TITANIUM
[RUSH]   ore (16,13) d²=29 bld=BuildingHarvester env=Environment.ORE_TITANIUM
[RUSH]   PICKED: free ore at (3,15) d²=224
[RUSH] step3: free ore at (3,16)
[RUSH] step3: walking toward tap (3,15) for ore (3,16)
  task=RUSH 0us OK -> (<Direction.SOUTHWEST: 'southwest'>, None)
  task=HEAL_CORE FAIL
  task=RUSH FAIL
  task=SCOUT_ENEMY 0us OK -> (<Direction.SOUTH: 'south'>, None)
  task=HEAL_CORE FAIL
[RUSH] --- rush eval at (6,16) en_core=(18,18) ---
[RUSH] step1: no flow tile in gunner range of core
[RUSH] step2: flow near core at (10,17) d²=65, extending to siege (14,18)
[RUSH] extend: from (10,17) toward core (18,18)
[RUSH] extend: siege target (14,18)
[RUSH] extend: path=[(10, 17), (11, 17), (12, 17), (12, 18), (12, 19), (13, 19), (14, 19), (14, 18)]
[RUSH] extend: path len=8, builder at (6,16)
[RUSH] extend[0]: (10,17)->(11,17) bld=BuildingMarker team=Team.A connected=False
[RUSH] extend[0]: need to walk to (10,17) d²=17
  task=RUSH 0us OK -> (<Direction.SOUTHEAST: 'southeast'>, None)
  task=HEAL_CORE FAIL
[RUSH] --- rush eval at (8,17) en_core=(18,18) ---
[RUSH] step1: no flow tile in gunner range of core
[RUSH] step2: flow near core at (10,17) d²=65, extending to siege (14,18)
[RUSH] extend: from (10,17) toward core (18,18)
[RUSH] extend: siege target (14,18)
[RUSH] extend: path=[(10, 17), (11, 17), (12, 17), (12, 18), (12, 19), (13, 19), (14, 19), (14, 18)]
[RUSH] extend: path len=8, builder at (8,17)
[RUSH] extend[0]: (10,17)->(11,17) bld=BuildingMarker team=Team.A connected=False
[RUSH] extend[0]: need to walk to (10,17) d²=4
  task=RUSH 0us OK -> (<Direction.SOUTHEAST: 'southeast'>, PlaceRoad(pos=Position(x=9, y=18)))
  task=HEAL_CORE FAIL
[RUSH] --- rush eval at (10,12) en_core=(18,18) ---
[RUSH] step1: no flow tile in gunner range of core
[RUSH] step2: no flow tile near enemy core
[RUSH] step2.5: checking unconnected harvesters
[RUSH] _find_rush_ore: 10 total ore, 10 seen, sym=Symmetry.ROT candidates={<Symmetry.ROT: 1>, <Symmetry.HOR: 2>}
[RUSH]   ore (3,16) d²=229 bld=None env=Environment.ORE_TITANIUM
[RUSH]   ore (16,3) d²=229 bld=None env=Environment.ORE_TITANIUM
[RUSH]   ore (16,13) d²=29 bld=BuildingHarvester env=Environment.ORE_TITANIUM
[RUSH]   PICKED: free ore at (3,15) d²=224
[RUSH] step3: free ore at (3,16)
[RUSH] step3: walking toward tap (3,15) for ore (3,16)
  task=RUSH 0us OK -> (<Direction.SOUTHWEST: 'southwest'>, None)
  task=HEAL_CORE FAIL
[RUSH] --- rush eval at (9,17) en_core=(18,18) ---
[RUSH] step1: no flow tile in gunner range of core
[RUSH] step2: flow near core at (10,17) d²=65, extending to siege (14,18)
[RUSH] extend: from (10,17) toward core (18,18)
[RUSH] extend: siege target (14,18)
[RUSH] extend: path=[(10, 17), (11, 17), (12, 17), (12, 18), (12, 19), (13, 19), (14, 19), (14, 18)]
[RUSH] extend: path len=8, builder at (9,17)
[RUSH] extend[0]: (10,17)->(11,17) bld=BuildingMarker team=Team.A connected=False
[RUSH] extend[0]: destroying allied BuildingMarker at (10,17) to rebuild
[RUSH] extend[0]: building (10,17)->(11,17) action=PlaceConveyor(pos=Position(x=10, y=17), direction=<Direction.EAST: 'east'>) d²=1
  task=RUSH 0us OK -> (<Direction.CENTRE: 'centre'>, PlaceConveyor(pos=Position(x=10, y=17), direction=<Direction.EAST: 'east'>))
  task=HEAL_CORE FAIL
[RUSH] --- rush eval at (8,14) en_core=(18,18) ---
[RUSH] step1: no flow tile in gunner range of core
[RUSH] step2: no flow tile near enemy core
[RUSH] step2.5: checking unconnected harvesters
[RUSH] _find_rush_ore: 10 total ore, 10 seen, sym=Symmetry.ROT candidates={<Symmetry.ROT: 1>, <Symmetry.HOR: 2>}
[RUSH]   ore (3,16) d²=229 bld=None env=Environment.ORE_TITANIUM
[RUSH]   ore (16,3) d²=229 bld=None env=Environment.ORE_TITANIUM
[RUSH]   ore (16,13) d²=29 bld=BuildingHarvester env=Environment.ORE_TITANIUM
[RUSH]   PICKED: free ore at (3,15) d²=224
[RUSH] step3: free ore at (3,16)
[RUSH] step3: walking toward tap (3,15) for ore (3,16)
  task=RUSH 0us OK -> (<Direction.SOUTHWEST: 'southwest'>, None)
  task=HEAL_CORE FAIL
  task=RUSH FAIL
  task=SCOUT_ENEMY 0us OK -> (<Direction.SOUTHEAST: 'southeast'>, None)
  task=HEAL_CORE FAIL
[RUSH] --- rush eval at (7,17) en_core=(18,18) ---
[RUSH] step1: no flow tile in gunner range of core
[RUSH] step2: flow near core at (11,17) d²=50, extending to siege (14,18)
[RUSH] extend: from (11,17) toward core (18,18)
[RUSH] extend: siege target (14,18)
[RUSH] extend: path=[(11, 17), (12, 17), (12, 18), (12, 19), (13, 19), (14, 19), (14, 18)]
[RUSH] extend: path len=7, builder at (7,17)
[RUSH] extend[0]: (11,17)->(12,17) bld=BuildingRoad team=Team.A connected=False
[RUSH] extend[0]: need to walk to (11,17) d²=16
  task=RUSH 0us OK -> (<Direction.SOUTHEAST: 'southeast'>, None)
  task=HEAL_CORE FAIL
[RUSH] --- rush eval at (9,18) en_core=(18,18) ---
[RUSH] step1: no flow tile in gunner range of core
[RUSH] step2: flow near core at (11,17) d²=50, extending to siege (14,18)
[RUSH] extend: from (11,17) toward core (18,18)
[RUSH] extend: siege target (14,18)
[RUSH] extend: path=[(11, 17), (12, 17), (12, 18), (12, 19), (13, 19), (14, 19), (14, 18)]
[RUSH] extend: path len=7, builder at (9,18)
[RUSH] extend[0]: (11,17)->(12,17) bld=BuildingRoad team=Team.A connected=False
[RUSH] extend[0]: need to walk to (11,17) d²=5
  task=RUSH 0us OK -> (<Direction.NORTHEAST: 'northeast'>, None)
  task=HEAL_CORE FAIL
[RUSH] --- rush eval at (9,13) en_core=(18,18) ---
[RUSH] step1: no flow tile in gunner range of core
[RUSH] step2: no flow tile near enemy core
[RUSH] step2.5: checking unconnected harvesters
[RUSH] _find_rush_ore: 10 total ore, 10 seen, sym=Symmetry.ROT candidates={<Symmetry.ROT: 1>, <Symmetry.HOR: 2>}
[RUSH]   ore (3,16) d²=229 bld=None env=Environment.ORE_TITANIUM
[RUSH]   ore (16,3) d²=229 bld=None env=Environment.ORE_TITANIUM
[RUSH]   ore (16,13) d²=29 bld=BuildingHarvester env=Environment.ORE_TITANIUM
[RUSH]   PICKED: free ore at (3,15) d²=224
[RUSH] step3: free ore at (3,16)
[RUSH] step3: walking toward tap (3,15) for ore (3,16)
  task=RUSH 0us OK -> (<Direction.SOUTHWEST: 'southwest'>, None)
  task=HEAL_CORE FAIL
[RUSH] --- rush eval at (9,17) en_core=(18,18) ---
[RUSH] step1: no flow tile in gunner range of core
[RUSH] step2: flow near core at (11,17) d²=50, extending to siege (14,18)
[RUSH] extend: from (11,17) toward core (18,18)
[RUSH] extend: siege target (14,18)
[RUSH] extend: path=[(11, 17), (12, 17), (12, 18), (12, 19), (13, 19), (14, 19), (14, 18)]
[RUSH] extend: path len=7, builder at (9,17)
[RUSH] extend[0]: (11,17)->(12,17) bld=BuildingRoad team=Team.A connected=False
[RUSH] extend[0]: need to walk to (11,17) d²=4
  task=RUSH 0us OK -> (<Direction.SOUTHEAST: 'southeast'>, PlaceRoad(pos=Position(x=10, y=18)))
  task=HEAL_CORE FAIL
[RUSH] --- rush eval at (7,15) en_core=(18,18) ---
[RUSH] step1: no flow tile in gunner range of core
[RUSH] step2: flow near core at (11,17) d²=50, extending to siege (14,18)
[RUSH] extend: from (11,17) toward core (18,18)
[RUSH] extend: siege target (14,18)
[RUSH] extend: path=[(11, 17), (12, 17), (12, 18), (12, 19), (13, 19), (14, 19), (14, 18)]
[RUSH] extend: path len=7, builder at (7,15)
[RUSH] extend[0]: (11,17)->(12,17) bld=BuildingRoad team=Team.A connected=False
[RUSH] extend[0]: need to walk to (11,17) d²=20
  task=RUSH 0us OK -> (<Direction.EAST: 'east'>, PlaceRoad(pos=Position(x=8, y=15)))
  task=HEAL_CORE FAIL
  task=RUSH FAIL
  task=SCOUT_ENEMY 0us OK -> (<Direction.SOUTHEAST: 'southeast'>, None)
  task=HEAL_CORE FAIL
[RUSH] --- rush eval at (8,18) en_core=(18,18) ---
[RUSH] step1: no flow tile in gunner range of core
[RUSH] step2: flow near core at (11,17) d²=50, extending to siege (14,18)
[RUSH] extend: from (11,17) toward core (18,18)
[RUSH] extend: siege target (14,18)
[RUSH] extend: path=[(11, 17), (12, 17), (12, 18), (12, 19), (13, 19), (14, 19), (14, 18)]
[RUSH] extend: path len=7, builder at (8,18)
[RUSH] extend[0]: (11,17)->(12,17) bld=BuildingRoad team=Team.A connected=False
[RUSH] extend[0]: need to walk to (11,17) d²=10
  task=RUSH 0us OK -> (<Direction.EAST: 'east'>, None)
  task=HEAL_CORE FAIL
[RUSH] --- rush eval at (10,17) en_core=(18,18) ---
[RUSH] step1: no flow tile in gunner range of core
[RUSH] step2: flow near core at (11,17) d²=50, extending to siege (14,18)
[RUSH] extend: from (11,17) toward core (18,18)
[RUSH] extend: siege target (14,18)
[RUSH] extend: path=[(11, 17), (12, 17), (12, 18), (12, 19), (13, 19), (14, 19), (14, 18)]
[RUSH] extend: path len=7, builder at (10,17)
[RUSH] extend[0]: (11,17)->(12,17) bld=BuildingRoad team=Team.A connected=False
[RUSH] extend[0]: destroying allied BuildingRoad at (11,17) to rebuild
[RUSH] extend[0]: building (11,17)->(12,17) action=PlaceConveyor(pos=Position(x=11, y=17), direction=<Direction.EAST: 'east'>) d²=1
  task=RUSH 0us OK -> (<Direction.CENTRE: 'centre'>, PlaceConveyor(pos=Position(x=11, y=17), direction=<Direction.EAST: 'east'>))
  task=HEAL_CORE FAIL
[RUSH] --- rush eval at (8,14) en_core=(18,18) ---
[RUSH] step1: no flow tile in gunner range of core
[RUSH] step2: no flow tile near enemy core
[RUSH] step2.5: checking unconnected harvesters
[RUSH] _find_rush_ore: 10 total ore, 10 seen, sym=Symmetry.ROT candidates={<Symmetry.ROT: 1>, <Symmetry.HOR: 2>}
[RUSH]   ore (3,16) d²=229 bld=None env=Environment.ORE_TITANIUM
[RUSH]   ore (16,3) d²=229 bld=None env=Environment.ORE_TITANIUM
[RUSH]   ore (16,13) d²=29 bld=BuildingHarvester env=Environment.ORE_TITANIUM
[RUSH]   PICKED: free ore at (3,15) d²=224
[RUSH] step3: free ore at (3,16)
[RUSH] step3: walking toward tap (3,15) for ore (3,16)
  task=RUSH 0us OK -> (<Direction.SOUTHWEST: 'southwest'>, None)
  task=HEAL_CORE FAIL
[RUSH] --- rush eval at (10,18) en_core=(18,18) ---
[RUSH] step1: no flow tile in gunner range of core
[RUSH] step2: flow near core at (12,17) d²=37, extending to siege (14,18)
[RUSH] extend: from (12,17) toward core (18,18)
[RUSH] extend: siege target (14,18)
[RUSH] extend: path=[(12, 17), (12, 18), (12, 19), (13, 19), (14, 19), (14, 18)]
[RUSH] extend: path len=6, builder at (10,18)
[RUSH] extend[0]: (12,17)->(12,18) bld=BuildingMarker team=Team.A connected=False
[RUSH] extend[0]: need to walk to (12,17) d²=5
  task=RUSH 0us OK -> (<Direction.NORTHEAST: 'northeast'>, None)
  task=HEAL_CORE FAIL
[RUSH] --- rush eval at (8,15) en_core=(18,18) ---
[RUSH] step1: no flow tile in gunner range of core
[RUSH] step2: flow near core at (12,17) d²=37, extending to siege (14,18)
[RUSH] extend: from (12,17) toward core (18,18)
[RUSH] extend: siege target (14,18)
[RUSH] extend: path=[(12, 17), (12, 18), (12, 19), (13, 19), (14, 19), (14, 18)]
[RUSH] extend: path len=6, builder at (8,15)
[RUSH] extend[0]: (12,17)->(12,18) bld=BuildingMarker team=Team.A connected=False
[RUSH] extend[0]: need to walk to (12,17) d²=20
  task=RUSH 0us OK -> (<Direction.NORTH: 'north'>, None)
  task=HEAL_CORE FAIL
[RUSH] --- rush eval at (10,9) en_core=(18,18) ---
[RUSH] step1: no flow tile in gunner range of core
[RUSH] step2: no flow tile near enemy core
[RUSH] step2.5: checking unconnected harvesters
[RUSH] _find_rush_ore: 10 total ore, 10 seen, sym=Symmetry.ROT candidates={<Symmetry.ROT: 1>, <Symmetry.HOR: 2>}
[RUSH]   ore (3,16) d²=229 bld=None env=Environment.ORE_TITANIUM
[RUSH]   ore (16,3) d²=229 bld=None env=Environment.ORE_TITANIUM
[RUSH]   ore (16,13) d²=29 bld=BuildingHarvester env=Environment.ORE_TITANIUM
[RUSH]   PICKED: free ore at (3,15) d²=224
[RUSH] step3: free ore at (3,16)
[RUSH] step3: walking toward tap (3,15) for ore (3,16)
  task=RUSH 0us OK -> (<Direction.SOUTHWEST: 'southwest'>, PlaceRoad(pos=Position(x=9, y=10)))
  task=HEAL_CORE FAIL
[RUSH] --- rush eval at (9,18) en_core=(18,18) ---
[RUSH] step1: no flow tile in gunner range of core
[RUSH] step2: flow near core at (12,17) d²=37, extending to siege (14,18)
[RUSH] extend: from (12,17) toward core (18,18)
[RUSH] extend: siege target (14,18)
[RUSH] extend: path=[(12, 17), (12, 18), (12, 19), (13, 19), (14, 19), (14, 18)]
[RUSH] extend: path len=6, builder at (9,18)
[RUSH] extend[0]: (12,17)->(12,18) bld=BuildingMarker team=Team.A connected=False
[RUSH] extend[0]: need to walk to (12,17) d²=10
  task=RUSH 0us OK -> (<Direction.EAST: 'east'>, None)
  task=HEAL_CORE FAIL
[RUSH] --- rush eval at (10,17) en_core=(18,18) ---
[RUSH] step1: no flow tile in gunner range of core
[RUSH] step2: flow near core at (12,17) d²=37, extending to siege (14,18)
[RUSH] extend: from (12,17) toward core (18,18)
[RUSH] extend: siege target (14,18)
[RUSH] extend: path=[(12, 17), (12, 18), (12, 19), (13, 19), (14, 19), (14, 18)]
[RUSH] extend: path len=6, builder at (10,17)
[RUSH] extend[0]: (12,17)->(12,18) bld=BuildingMarker team=Team.A connected=False
[RUSH] extend[0]: need to walk to (12,17) d²=4
  task=RUSH 0us OK -> (<Direction.SOUTHEAST: 'southeast'>, PlaceRoad(pos=Position(x=11, y=18)))
  task=HEAL_CORE FAIL
[RUSH] --- rush eval at (7,15) en_core=(18,18) ---
[RUSH] step1: no flow tile in gunner range of core
[RUSH] step2: flow near core at (12,17) d²=37, extending to siege (14,18)
[RUSH] extend: from (12,17) toward core (18,18)
[RUSH] extend: siege target (14,18)
[RUSH] extend: path=[(12, 17), (12, 18), (12, 19), (13, 19), (14, 19), (14, 18)]
[RUSH] extend: path len=6, builder at (7,15)
[RUSH] extend[0]: (12,17)->(12,18) bld=BuildingMarker team=Team.A connected=False
[RUSH] extend[0]: need to walk to (12,17) d²=29
  task=RUSH 0us OK -> (<Direction.EAST: 'east'>, None)
  task=HEAL_CORE FAIL
[RUSH] --- rush eval at (11,17) en_core=(18,18) ---
[RUSH] step1: no flow tile in gunner range of core
[RUSH] step2: flow near core at (12,17) d²=37, extending to siege (14,18)
[RUSH] extend: from (12,17) toward core (18,18)
[RUSH] extend: siege target (14,18)
[RUSH] extend: path=[(12, 17), (12, 18), (12, 19), (13, 19), (14, 19), (14, 18)]
[RUSH] extend: path len=6, builder at (11,17)
[RUSH] extend[0]: (12,17)->(12,18) bld=BuildingMarker team=Team.A connected=False
[RUSH] extend[0]: destroying allied BuildingMarker at (12,17) to rebuild
[RUSH] extend[0]: building (12,17)->(12,18) action=PlaceConveyor(pos=Position(x=12, y=17), direction=<Direction.SOUTH: 'south'>) d²=1
  task=RUSH 0us OK -> (<Direction.CENTRE: 'centre'>, PlaceConveyor(pos=Position(x=12, y=17), direction=<Direction.SOUTH: 'south'>))
  task=HEAL_CORE FAIL
[RUSH] --- rush eval at (8,14) en_core=(18,18) ---
[RUSH] step1: no flow tile in gunner range of core
[RUSH] step2: flow near core at (12,17) d²=37, extending to siege (14,18)
[RUSH] extend: from (12,17) toward core (18,18)
[RUSH] extend: siege target (14,18)
[RUSH] extend: path=[(12, 17), (12, 18), (12, 19), (13, 19), (14, 19), (14, 18)]
[RUSH] extend: path len=6, builder at (8,14)
[RUSH] extend[0]: (12,17)->(12,18) bld=BuildingMarker team=Team.A connected=False
[RUSH] extend[0]: need to walk to (12,17) d²=25
  task=RUSH 0us OK -> (<Direction.NORTHEAST: 'northeast'>, None)
  task=HEAL_CORE FAIL
[RUSH] --- rush eval at (9,10) en_core=(18,18) ---
[RUSH] step1: no flow tile in gunner range of core
[RUSH] step2: no flow tile near enemy core
[RUSH] step2.5: checking unconnected harvesters
[RUSH] _find_rush_ore: 10 total ore, 10 seen, sym=Symmetry.ROT candidates={<Symmetry.ROT: 1>, <Symmetry.HOR: 2>}
[RUSH]   ore (3,16) d²=229 bld=None env=Environment.ORE_TITANIUM
[RUSH]   ore (16,3) d²=229 bld=None env=Environment.ORE_TITANIUM
[RUSH]   ore (16,13) d²=29 bld=BuildingHarvester env=Environment.ORE_TITANIUM
[RUSH]   PICKED: free ore at (3,15) d²=224
[RUSH] step3: free ore at (3,16)
[RUSH] step3: walking toward tap (3,15) for ore (3,16)
  task=RUSH 0us OK -> (<Direction.WEST: 'west'>, None)
  task=HEAL_CORE FAIL
[RUSH] --- rush eval at (10,18) en_core=(18,18) ---
[RUSH] step1: no flow tile in gunner range of core
[RUSH] step2: flow near core at (12,18) d²=36, extending to siege (14,18)
[RUSH] extend: from (12,18) toward core (18,18)
[RUSH] extend: siege target (14,18)
[RUSH] extend: path=[(12, 18), (12, 19), (13, 19), (14, 19), (14, 18)]
[RUSH] extend: path len=5, builder at (10,18)
[RUSH] extend[0]: (12,18)->(12,19) bld=BuildingMarker team=Team.A connected=False
[RUSH] extend[0]: need to walk to (12,18) d²=4
  task=RUSH 0us OK -> (<Direction.SOUTHEAST: 'southeast'>, PlaceRoad(pos=Position(x=11, y=19)))
  task=HEAL_CORE FAIL
[RUSH] --- rush eval at (11,18) en_core=(18,18) ---
[RUSH] step1: no flow tile in gunner range of core
[RUSH] step2: flow near core at (12,18) d²=36, extending to siege (14,18)
[RUSH] extend: from (12,18) toward core (18,18)
[RUSH] extend: siege target (14,18)
[RUSH] extend: path=[(12, 18), (12, 19), (13, 19), (14, 19), (14, 18)]
[RUSH] extend: path len=5, builder at (11,18)
[RUSH] extend[0]: (12,18)->(12,19) bld=BuildingMarker team=Team.A connected=False
[RUSH] extend[0]: destroying allied BuildingMarker at (12,18) to rebuild
[RUSH] extend[0]: building (12,18)->(12,19) action=PlaceConveyor(pos=Position(x=12, y=18), direction=<Direction.SOUTH: 'south'>) d²=1
  task=RUSH 0us OK -> (<Direction.CENTRE: 'centre'>, PlaceConveyor(pos=Position(x=12, y=18), direction=<Direction.SOUTH: 'south'>))
  task=HEAL_CORE FAIL
[RUSH] --- rush eval at (8,15) en_core=(18,18) ---
[RUSH] step1: no flow tile in gunner range of core
[RUSH] step2: flow near core at (12,18) d²=36, extending to siege (14,18)
[RUSH] extend: from (12,18) toward core (18,18)
[RUSH] extend: siege target (14,18)
[RUSH] extend: path=[(12, 18), (12, 19), (13, 19), (14, 19), (14, 18)]
[RUSH] extend: path len=5, builder at (8,15)
[RUSH] extend[0]: (12,18)->(12,19) bld=None team=None connected=False
[RUSH] extend[0]: need to walk to (12,18) d²=25
  task=RUSH 0us OK -> (<Direction.EAST: 'east'>, PlaceRoad(pos=Position(x=9, y=15)))
  task=HEAL_CORE FAIL
[RUSH] --- rush eval at (11,17) en_core=(18,18) ---
[RUSH] step1: no flow tile in gunner range of core
[RUSH] step2: flow near core at (12,18) d²=36, extending to siege (14,18)
[RUSH] extend: from (12,18) toward core (18,18)
[RUSH] extend: siege target (14,18)
[RUSH] extend: path=[(12, 18), (12, 19), (13, 19), (14, 19), (14, 18)]
[RUSH] extend: path len=5, builder at (11,17)
[RUSH] extend[0]: (12,18)->(12,19) bld=BuildingConveyor team=Team.A connected=True
[RUSH] extend[0]: already connected, skip
[RUSH] extend[1]: (12,19)->(13,19) bld=None team=None connected=False
[RUSH] extend[1]: need to walk to (12,19) d²=5
  task=RUSH 0us OK -> (<Direction.SOUTHEAST: 'southeast'>, None)
  task=HEAL_CORE FAIL
[RUSH] --- rush eval at (9,13) en_core=(18,18) ---
[RUSH] step1: no flow tile in gunner range of core
[RUSH] step2: flow near core at (12,17) d²=37, extending to siege (14,18)
[RUSH] extend: from (12,17) toward core (18,18)
[RUSH] extend: siege target (14,18)
[RUSH] extend: path=[(12, 17), (12, 18), (12, 19), (13, 19), (14, 19), (14, 18)]
[RUSH] extend: path len=6, builder at (9,13)
[RUSH] extend[0]: (12,17)->(12,18) bld=BuildingMarker team=Team.A connected=False
[RUSH] extend[0]: need to walk to (12,17) d²=25
  task=RUSH 0us OK -> (<Direction.SOUTHEAST: 'southeast'>, None)
  task=HEAL_CORE FAIL
  task=RUSH FAIL
  task=SCOUT_ENEMY 0us OK -> (<Direction.SOUTHEAST: 'southeast'>, None)
  task=HEAL_CORE FAIL
[RUSH] --- rush eval at (11,19) en_core=(18,18) ---
[RUSH] step1: no flow tile in gunner range of core
[RUSH] step2: flow near core at (12,18) d²=36, extending to siege (14,18)
[RUSH] extend: from (12,18) toward core (18,18)
[RUSH] extend: siege target (14,18)
[RUSH] extend: path=[(12, 18), (12, 19), (13, 19), (14, 19), (14, 18)]
[RUSH] extend: path len=5, builder at (11,19)
[RUSH] extend[0]: (12,18)->(12,19) bld=BuildingConveyor team=Team.A connected=True
[RUSH] extend[0]: already connected, skip
[RUSH] extend[1]: (12,19)->(13,19) bld=BuildingMarker team=Team.A connected=False
[RUSH] extend[1]: destroying allied BuildingMarker at (12,19) to rebuild
[RUSH] extend[1]: building (12,19)->(13,19) action=PlaceConveyor(pos=Position(x=12, y=19), direction=<Direction.EAST: 'east'>) d²=1
  task=RUSH 0us OK -> (<Direction.CENTRE: 'centre'>, PlaceConveyor(pos=Position(x=12, y=19), direction=<Direction.EAST: 'east'>))
  task=HEAL_CORE FAIL
[RUSH] --- rush eval at (11,18) en_core=(18,18) ---
[RUSH] step1: no flow tile in gunner range of core
[RUSH] step2: flow near core at (13,19) d²=26, extending to siege (14,19)
[RUSH] extend: from (13,19) toward core (18,18)
[RUSH] extend: siege target (14,19)
[RUSH] extend: path=[(13, 19), (14, 19)]
[RUSH] extend: path len=2, builder at (11,18)
[RUSH] extend[0]: (13,19)->(14,19) bld=None team=None connected=False
[RUSH] extend[0]: need to walk to (13,19) d²=5
  task=RUSH 0us OK -> (<Direction.SOUTHEAST: 'southeast'>, None)
  task=HEAL_CORE FAIL
[RUSH] --- rush eval at (9,15) en_core=(18,18) ---
[RUSH] step1: no flow tile in gunner range of core
[RUSH] step2: flow near core at (12,18) d²=36, extending to siege (14,18)
[RUSH] extend: from (12,18) toward core (18,18)
[RUSH] extend: siege target (14,18)
[RUSH] extend: path=[(12, 18), (12, 19), (13, 19), (14, 19), (14, 18)]
[RUSH] extend: path len=5, builder at (9,15)
[RUSH] extend[0]: (12,18)->(12,19) bld=BuildingConveyor team=Team.A connected=True
[RUSH] extend[0]: already connected, skip
[RUSH] extend[1]: (12,19)->(13,19) bld=None team=None connected=False
[RUSH] extend[1]: need to walk to (12,19) d²=25
  task=RUSH 0us OK -> (<Direction.EAST: 'east'>, PlaceRoad(pos=Position(x=10, y=15)))
  task=HEAL_CORE FAIL
[RUSH] --- rush eval at (12,18) en_core=(18,18) ---
[RUSH] step1: no flow tile in gunner range of core
[RUSH] step2: flow near core at (13,19) d²=26, extending to siege (14,19)
[RUSH] extend: from (13,19) toward core (18,18)
[RUSH] extend: siege target (14,19)
[RUSH] extend: path=[(13, 19), (14, 19)]
[RUSH] extend: path len=2, builder at (12,18)
[RUSH] extend[0]: (13,19)->(14,19) bld=BuildingMarker team=Team.A connected=False
[RUSH] extend[0]: destroying allied BuildingMarker at (13,19) to rebuild
[RUSH] extend[0]: building (13,19)->(14,19) action=PlaceConveyor(pos=Position(x=13, y=19), direction=<Direction.EAST: 'east'>) d²=2
  task=RUSH 0us OK -> (<Direction.CENTRE: 'centre'>, PlaceConveyor(pos=Position(x=13, y=19), direction=<Direction.EAST: 'east'>))
  task=HEAL_CORE FAIL
[RUSH] --- rush eval at (10,14) en_core=(18,18) ---
[RUSH] step1: no flow tile in gunner range of core
[RUSH] step2: flow near core at (12,18) d²=36, extending to siege (14,18)
[RUSH] extend: from (12,18) toward core (18,18)
[RUSH] extend: siege target (14,18)
[RUSH] extend: path=[(12, 18), (12, 19), (13, 19), (14, 19), (14, 18)]
[RUSH] extend: path len=5, builder at (10,14)
[RUSH] extend[0]: (12,18)->(12,19) bld=BuildingConveyor team=Team.A connected=True
[RUSH] extend[0]: already connected, skip
[RUSH] extend[1]: (12,19)->(13,19) bld=None team=None connected=False
[RUSH] extend[1]: need to walk to (12,19) d²=29
  task=RUSH 0us OK -> (<Direction.SOUTHEAST: 'southeast'>, None)
  task=HEAL_CORE FAIL
[RUSH] --- rush eval at (9,11) en_core=(18,18) ---
[RUSH] step1: no flow tile in gunner range of core
[RUSH] step2: no flow tile near enemy core
[RUSH] step2.5: checking unconnected harvesters
[RUSH] _find_rush_ore: 10 total ore, 10 seen, sym=Symmetry.ROT candidates={<Symmetry.ROT: 1>, <Symmetry.HOR: 2>}
[RUSH]   ore (3,16) d²=229 bld=None env=Environment.ORE_TITANIUM
[RUSH]   ore (16,3) d²=229 bld=None env=Environment.ORE_TITANIUM
[RUSH]   ore (16,13) d²=29 bld=BuildingHarvester env=Environment.ORE_TITANIUM
[RUSH]   PICKED: free ore at (3,15) d²=224
[RUSH] step3: free ore at (3,16)
[RUSH] step3: walking toward tap (3,15) for ore (3,16)
  task=RUSH 0us OK -> (<Direction.SOUTHEAST: 'southeast'>, None)
  task=HEAL_CORE FAIL
[RUSH] --- rush eval at (11,19) en_core=(18,18) ---
[RUSH] step1: flow in range at (14,19) facing EAST
[RUSH] gunner: want to place at (14,19) facing EAST, ti=206 cost=29
[RUSH] gunner: target (14,19) bld=None team=None builder=(11,19) d²=9
[RUSH] gunner: walking toward (14,19) d²=9
  task=RUSH 0us OK -> (<Direction.NORTH: 'north'>, None)
  task=HEAL_CORE FAIL
[RUSH] --- rush eval at (12,19) en_core=(18,18) ---
[RUSH] step1: flow in range at (14,19) facing EAST
[RUSH] gunner: want to place at (14,19) facing EAST, ti=206 cost=29
[RUSH] gunner: target (14,19) bld=None team=None builder=(12,19) d²=4
[RUSH] gunner: walking toward (14,19) d²=4
  task=RUSH 0us OK -> (<Direction.EAST: 'east'>, None)
  task=HEAL_CORE FAIL
[RUSH] --- rush eval at (10,15) en_core=(18,18) ---
[RUSH] step1: no flow tile in gunner range of core
[RUSH] step2: flow near core at (13,19) d²=26, extending to siege (14,19)
[RUSH] extend: from (13,19) toward core (18,18)
[RUSH] extend: siege target (14,19)
[RUSH] extend: path=[(13, 19), (14, 19)]
[RUSH] extend: path len=2, builder at (10,15)
[RUSH] extend[0]: (13,19)->(14,19) bld=None team=None connected=False
[RUSH] extend[0]: need to walk to (13,19) d²=25
  task=RUSH 0us OK -> (<Direction.NORTHEAST: 'northeast'>, None)
  task=HEAL_CORE FAIL
[RUSH] --- rush eval at (12,18) en_core=(18,18) ---
[RUSH] step1: flow in range at (14,19) facing EAST
[RUSH] gunner: want to place at (14,19) facing EAST, ti=206 cost=29
[RUSH] gunner: target (14,19) bld=None team=None builder=(12,18) d²=5
[RUSH] gunner: walking toward (14,19) d²=5
  task=RUSH 0us OK -> (<Direction.NORTHEAST: 'northeast'>, None)
  task=HEAL_CORE FAIL
[RUSH] --- rush eval at (11,15) en_core=(18,18) ---
[RUSH] step1: flow in range at (14,19) facing EAST
[RUSH] gunner: want to place at (14,19) facing EAST, ti=206 cost=29
[RUSH] gunner: target (14,19) bld=None team=None builder=(11,15) d²=25
[RUSH] gunner: walking toward (14,19) d²=25
  task=RUSH 0us OK -> (<Direction.SOUTHEAST: 'southeast'>, None)
  task=HEAL_CORE FAIL
[RUSH] --- rush eval at (10,12) en_core=(18,18) ---
[RUSH] step1: no flow tile in gunner range of core
[RUSH] step2: no flow tile near enemy core
[RUSH] step2.5: checking unconnected harvesters
[RUSH] _find_rush_ore: 10 total ore, 10 seen, sym=Symmetry.ROT candidates={<Symmetry.ROT: 1>, <Symmetry.HOR: 2>}
[RUSH]   ore (3,16) d²=229 bld=None env=Environment.ORE_TITANIUM
[RUSH]   ore (16,3) d²=229 bld=None env=Environment.ORE_TITANIUM
[RUSH]   ore (16,13) d²=29 bld=BuildingHarvester env=Environment.ORE_TITANIUM
[RUSH]   PICKED: free ore at (3,15) d²=224
[RUSH] step3: free ore at (3,16)
[RUSH] step3: walking toward tap (3,15) for ore (3,16)
  task=RUSH 0us OK -> (<Direction.SOUTHWEST: 'southwest'>, None)
  task=HEAL_CORE FAIL
[RUSH] --- rush eval at (11,18) en_core=(18,18) ---
[RUSH] step1: flow in range at (14,19) facing EAST
[RUSH] gunner: want to place at (14,19) facing EAST, ti=206 cost=29
[RUSH] gunner: target (14,19) bld=None team=None builder=(11,18) d²=10
[RUSH] gunner: walking toward (14,19) d²=10
  task=RUSH 0us OK -> (<Direction.NORTHEAST: 'northeast'>, None)
  task=HEAL_CORE FAIL
[RUSH] --- rush eval at (13,19) en_core=(18,18) ---
[RUSH] step1: flow in range at (14,19) facing EAST
[RUSH] gunner: want to place at (14,19) facing EAST, ti=206 cost=29
[RUSH] gunner: target (14,19) bld=None team=None builder=(13,19) d²=1
[RUSH] gunner: placing at (14,19) facing EAST, can_build=True
  task=RUSH 0us OK -> (<Direction.CENTRE: 'centre'>, PlaceGunner(pos=Position(x=14, y=19), direction=<Direction.EAST: 'east'>))
  task=HEAL_CORE FAIL
[RUSH] --- rush eval at (11,14) en_core=(18,18) ---
[RUSH] step1: no flow tile in gunner range of core
[RUSH] step2: flow near core at (13,19) d²=26, extending to siege (14,19)
[RUSH] extend: from (13,19) toward core (18,18)
[RUSH] extend: siege target (14,19)
[RUSH] extend: path=[(13, 19), (14, 19)]
[RUSH] extend: path len=2, builder at (11,14)
[RUSH] extend[0]: (13,19)->(14,19) bld=None team=None connected=False
[RUSH] extend[0]: need to walk to (13,19) d²=29
  task=RUSH 0us OK -> (<Direction.SOUTHEAST: 'southeast'>, None)
  task=HEAL_CORE FAIL
[RUSH] --- rush eval at (13,17) en_core=(18,18) ---
[RUSH] step1: no flow tile in gunner range of core
  task=RUSH 0us OK -> (<Direction.SOUTHWEST: 'southwest'>, None)
  task=HEAL_CORE FAIL
[RUSH] --- rush eval at (12,16) en_core=(18,18) ---
[RUSH] step1: no flow tile in gunner range of core
  task=RUSH 0us OK -> (<Direction.SOUTHWEST: 'southwest'>, None)
  task=HEAL_CORE FAIL
[RUSH] --- rush eval at (9,13) en_core=(18,18) ---
[RUSH] step1: no flow tile in gunner range of core
[RUSH] step2: no flow tile near enemy core
[RUSH] step2.5: checking unconnected harvesters
[RUSH] _find_rush_ore: 10 total ore, 10 seen, sym=Symmetry.ROT candidates={<Symmetry.ROT: 1>, <Symmetry.HOR: 2>}
[RUSH]   ore (3,16) d²=229 bld=None env=Environment.ORE_TITANIUM
[RUSH]   ore (16,3) d²=229 bld=None env=Environment.ORE_TITANIUM
[RUSH]   ore (16,13) d²=29 bld=BuildingHarvester env=Environment.ORE_TITANIUM
[RUSH]   PICKED: free ore at (3,15) d²=224
[RUSH] step3: free ore at (3,16)
[RUSH] step3: walking toward tap (3,15) for ore (3,16)
  task=RUSH 0us OK -> (<Direction.SOUTHWEST: 'southwest'>, None)
  task=HEAL_CORE FAIL
[RUSH] --- rush eval at (12,17) en_core=(18,18) ---
[RUSH] step1: no flow tile in gunner range of core
  task=RUSH 0us OK -> (<Direction.SOUTHWEST: 'southwest'>, None)
  task=HEAL_CORE FAIL
[RUSH] --- rush eval at (13,19) en_core=(18,18) ---
[RUSH] step1: no flow tile in gunner range of core
[RUSH] step1.5: upgrading conveyor at (13,19) to splitter facing EAST
  task=RUSH 0us OK -> (<Direction.CENTRE: 'centre'>, PlaceSplitter(pos=Position(x=13, y=19), direction=<Direction.EAST: 'east'>))
  task=HEAL_CORE FAIL
[RUSH] --- rush eval at (12,15) en_core=(18,18) ---
[RUSH] step1: no flow tile in gunner range of core
[RUSH] step2: flow near core at (3,17) d²=226, extending to siege (14,18)
[RUSH] extend: from (3,17) toward core (18,18)
[RUSH] extend: siege target (14,18)
[RUSH] extend: path=[(3, 17), (4, 17), (5, 17), (5, 18), (6, 18), (7, 18), (8, 18), (9, 18), (10, 18), (11, 18), (14, 18)]
[RUSH] extend: path len=11, builder at (12,15)
[RUSH] extend[0]: (3,17)->(4,17) bld=None team=None connected=False
[RUSH] extend[0]: need to walk to (3,17) d²=85
  task=RUSH 0us OK -> (<Direction.WEST: 'west'>, None)
  task=HEAL_CORE FAIL
[RUSH] --- rush eval at (12,18) en_core=(18,18) ---
[RUSH] step1: no flow tile in gunner range of core
[RUSH] step2: flow near core at (3,17) d²=226, extending to siege (14,18)
[RUSH] extend: from (3,17) toward core (18,18)
[RUSH] extend: siege target (14,18)
[RUSH] extend: path=[(3, 17), (4, 17), (5, 17), (5, 18), (6, 18), (7, 18), (8, 18), (9, 18), (10, 18), (11, 18), (14, 18)]
[RUSH] extend: path len=11, builder at (12,18)
[RUSH] extend[0]: (3,17)->(4,17) bld=None team=None connected=False
[RUSH] extend[0]: need to walk to (3,17) d²=82
  task=RUSH 0us OK -> (<Direction.SOUTHWEST: 'southwest'>, None)
  task=HEAL_CORE FAIL
[RUSH] --- rush eval at (11,17) en_core=(18,18) ---
[RUSH] step1: no flow tile in gunner range of core
[RUSH] step2: flow near core at (3,17) d²=226, extending to siege (14,18)
[RUSH] extend: from (3,17) toward core (18,18)
[RUSH] extend: siege target (14,18)
[RUSH] extend: path=[(3, 17), (4, 17), (5, 17), (5, 18), (6, 18), (7, 18), (8, 18), (9, 18), (10, 18), (11, 18), (14, 18)]
[RUSH] extend: path len=11, builder at (11,17)
[RUSH] extend[0]: (3,17)->(4,17) bld=None team=None connected=False
[RUSH] extend[0]: need to walk to (3,17) d²=64
  task=RUSH 0us OK -> (<Direction.SOUTHWEST: 'southwest'>, None)
  task=HEAL_CORE FAIL
[RUSH] --- rush eval at (8,14) en_core=(18,18) ---
[RUSH] step1: no flow tile in gunner range of core
[RUSH] step2: no flow tile near enemy core
[RUSH] step2.5: checking unconnected harvesters
[RUSH] _find_rush_ore: 10 total ore, 10 seen, sym=Symmetry.ROT candidates={<Symmetry.ROT: 1>, <Symmetry.HOR: 2>}
[RUSH]   ore (3,16) d²=229 bld=None env=Environment.ORE_TITANIUM
[RUSH]   ore (16,3) d²=229 bld=None env=Environment.ORE_TITANIUM
[RUSH]   ore (16,13) d²=29 bld=BuildingHarvester env=Environment.ORE_TITANIUM
[RUSH]   PICKED: free ore at (3,15) d²=224
[RUSH] step3: free ore at (3,16)
[RUSH] step3: walking toward tap (3,15) for ore (3,16)
  task=RUSH 0us OK -> (<Direction.SOUTHWEST: 'southwest'>, None)
[GUN] (14,19) facing=EAST
[GUN] ray: target=Position(x=17, y=19) pri=4
[GUN] ammo=True
[GUN] feed_dir=WEST
[GUN] scan NORTH: pri=1
[GUN] scan NORTHWEST: pri=3
[GUN] cur_pri=4 best_rot=NORTHWEST rot_pri=3
[GUN] FIRE at (17,19) pri=4
  task=HEAL_CORE FAIL
[RUSH] --- rush eval at (11,18) en_core=(18,18) ---
[RUSH] step1: no flow tile in gunner range of core
[RUSH] step2: flow near core at (3,17) d²=226, extending to siege (14,18)
[RUSH] extend: from (3,17) toward core (18,18)
[RUSH] extend: siege target (14,18)
[RUSH] extend: path=[(3, 17), (4, 17), (5, 17), (5, 18), (6, 18), (7, 18), (8, 18), (9, 18), (10, 18), (11, 18), (14, 18)]
[RUSH] extend: path len=11, builder at (11,18)
[RUSH] extend[0]: (3,17)->(4,17) bld=None team=None connected=False
[RUSH] extend[0]: need to walk to (3,17) d²=65
  task=RUSH 0us OK -> (<Direction.NORTHWEST: 'northwest'>, None)
  task=HEAL_CORE FAIL
[RUSH] --- rush eval at (13,19) en_core=(18,18) ---
[RUSH] step1: no flow tile in gunner range of core
[RUSH] step2: flow near core at (3,17) d²=226, extending to siege (14,18)
[RUSH] extend: from (3,17) toward core (18,18)
[RUSH] extend: siege target (14,18)
[RUSH] extend: path=[(3, 17), (4, 17), (5, 17), (5, 18), (6, 18), (7, 18), (8, 18), (9, 18), (10, 18), (11, 18), (14, 18)]
[RUSH] extend: path len=11, builder at (13,19)
[RUSH] extend[0]: (3,17)->(4,17) bld=None team=None connected=False
[RUSH] extend[0]: need to walk to (3,17) d²=104
  task=RUSH 0us OK -> (<Direction.WEST: 'west'>, None)
  task=HEAL_CORE FAIL
[RUSH] --- rush eval at (11,15) en_core=(18,18) ---
[RUSH] step1: no flow tile in gunner range of core
[RUSH] step2: flow near core at (3,17) d²=226, extending to siege (14,18)
[RUSH] extend: from (3,17) toward core (18,18)
[RUSH] extend: siege target (14,18)
[RUSH] extend: path=[(3, 17), (4, 17), (5, 17), (5, 18), (6, 18), (7, 18), (8, 18), (9, 18), (10, 18), (11, 18), (14, 18)]
[RUSH] extend: path len=11, builder at (11,15)
[RUSH] extend[0]: (3,17)->(4,17) bld=None team=None connected=False
[RUSH] extend[0]: need to walk to (3,17) d²=68
  task=RUSH 0us OK -> (<Direction.WEST: 'west'>, None)
  task=HEAL_CORE FAIL
[RUSH] --- rush eval at (11,19) en_core=(18,18) ---
[RUSH] step1: no flow tile in gunner range of core
[RUSH] step2: flow near core at (3,17) d²=226, extending to siege (14,18)
[RUSH] extend: from (3,17) toward core (18,18)
[RUSH] extend: siege target (14,18)
[RUSH] extend: path=[(3, 17), (4, 17), (5, 17), (5, 18), (6, 18), (7, 18), (8, 18), (9, 18), (10, 18), (11, 18), (14, 18)]
[RUSH] extend: path len=11, builder at (11,19)
[RUSH] extend[0]: (3,17)->(4,17) bld=None team=None connected=False
[RUSH] extend[0]: need to walk to (3,17) d²=68
  task=RUSH 0us OK -> (<Direction.WEST: 'west'>, PlaceRoad(pos=Position(x=10, y=19)))
  task=HEAL_CORE FAIL
[RUSH] --- rush eval at (10,18) en_core=(18,18) ---
[RUSH] step1: no flow tile in gunner range of core
[RUSH] step2: flow near core at (3,17) d²=226, extending to siege (14,18)
[RUSH] extend: from (3,17) toward core (18,18)
[RUSH] extend: siege target (14,18)
[RUSH] extend: path=[(3, 17), (4, 17), (5, 17), (5, 18), (6, 18), (7, 18), (8, 18), (9, 18), (10, 18), (11, 18), (14, 18)]
[RUSH] extend: path len=11, builder at (10,18)
[RUSH] extend[0]: (3,17)->(4,17) bld=None team=None connected=False
[RUSH] extend[0]: need to walk to (3,17) d²=50
  task=RUSH 0us OK -> (<Direction.WEST: 'west'>, None)
  task=HEAL_CORE FAIL
[RUSH] --- rush eval at (7,15) en_core=(18,18) ---
[RUSH] step1: no flow tile in gunner range of core
[RUSH] step2: flow near core at (12,17) d²=37, extending to siege (14,18)
[RUSH] extend: from (12,17) toward core (18,18)
[RUSH] extend: siege target (14,18)
[RUSH] extend: path=[(12, 17), (12, 18), (12, 19), (13, 19), (14, 19), (14, 18)]
[RUSH] extend: path len=6, builder at (7,15)
[RUSH] extend[0]: (12,17)->(12,18) bld=BuildingMarker team=Team.A connected=False
[RUSH] extend[0]: need to walk to (12,17) d²=29
  task=RUSH 0us OK -> (<Direction.NORTHEAST: 'northeast'>, None)
[GUN] (14,19) facing=EAST
[GUN] ray: target=Position(x=17, y=19) pri=4
[GUN] ammo=True
[GUN] feed_dir=WEST
[GUN] scan NORTH: pri=1
[GUN] scan NORTHWEST: pri=3
[GUN] cur_pri=4 best_rot=NORTHWEST rot_pri=3
[GUN] FIRE at (17,19) pri=4
  task=HEAL_CORE FAIL
[RUSH] --- rush eval at (10,17) en_core=(18,18) ---
[RUSH] step1: no flow tile in gunner range of core
[RUSH] step2: flow near core at (3,17) d²=226, extending to siege (14,18)
[RUSH] extend: from (3,17) toward core (18,18)
[RUSH] extend: siege target (14,18)
[RUSH] extend: path=[(3, 17), (4, 17), (5, 17), (5, 18), (6, 18), (7, 18), (8, 18), (9, 18), (10, 18), (11, 18), (14, 18)]
[RUSH] extend: path len=11, builder at (10,17)
[RUSH] extend[0]: (3,17)->(4,17) bld=None team=None connected=False
[RUSH] extend[0]: need to walk to (3,17) d²=49
  task=RUSH 0us OK -> (<Direction.WEST: 'west'>, None)
  task=HEAL_CORE FAIL
[RUSH] --- rush eval at (12,19) en_core=(18,18) ---
[RUSH] step1: no flow tile in gunner range of core
[RUSH] step2: flow near core at (3,17) d²=226, extending to siege (14,18)
[RUSH] extend: from (3,17) toward core (18,18)
[RUSH] extend: siege target (14,18)
[RUSH] extend: path=[(3, 17), (4, 17), (5, 17), (5, 18), (6, 18), (7, 18), (8, 18), (9, 18), (10, 18), (11, 18), (14, 18)]
[RUSH] extend: path len=11, builder at (12,19)
[RUSH] extend[0]: (3,17)->(4,17) bld=None team=None connected=False
[RUSH] extend[0]: need to walk to (3,17) d²=85
  task=RUSH 0us OK -> (<Direction.WEST: 'west'>, None)
  task=HEAL_CORE FAIL
[RUSH] --- rush eval at (10,15) en_core=(18,18) ---
[RUSH] step1: no flow tile in gunner range of core
[RUSH] step2: flow near core at (3,17) d²=226, extending to siege (14,18)
[RUSH] extend: from (3,17) toward core (18,18)
[RUSH] extend: siege target (14,18)
[RUSH] extend: path=[(3, 17), (4, 17), (5, 17), (5, 18), (6, 18), (7, 18), (8, 18), (9, 18), (10, 18), (11, 18), (14, 18)]
[RUSH] extend: path len=11, builder at (10,15)
[RUSH] extend[0]: (3,17)->(4,17) bld=None team=None connected=False
[RUSH] extend[0]: need to walk to (3,17) d²=53
  task=RUSH 0us OK -> (<Direction.WEST: 'west'>, None)
  task=HEAL_CORE FAIL
[RUSH] --- rush eval at (10,19) en_core=(18,18) ---
[RUSH] step1: no flow tile in gunner range of core
[RUSH] step2: flow near core at (3,17) d²=226, extending to siege (14,18)
[RUSH] extend: from (3,17) toward core (18,18)
[RUSH] extend: siege target (14,18)
[RUSH] extend: path=[(3, 17), (4, 17), (5, 17), (5, 18), (6, 18), (7, 18), (8, 18), (9, 18), (10, 18), (11, 18), (14, 18)]
[RUSH] extend: path len=11, builder at (10,19)
[RUSH] extend[0]: (3,17)->(4,17) bld=None team=None connected=False
[RUSH] extend[0]: need to walk to (3,17) d²=53
  task=RUSH 0us OK -> (<Direction.WEST: 'west'>, PlaceRoad(pos=Position(x=9, y=19)))
  task=HEAL_CORE FAIL
[RUSH] --- rush eval at (9,18) en_core=(18,18) ---
[RUSH] step1: no flow tile in gunner range of core
[RUSH] step2: flow near core at (3,17) d²=226, extending to siege (14,18)
[RUSH] extend: from (3,17) toward core (18,18)
[RUSH] extend: siege target (14,18)
[RUSH] extend: path=[(3, 17), (4, 17), (5, 17), (5, 18), (6, 18), (7, 18), (8, 18), (9, 18), (10, 18), (11, 18), (14, 18)]
[RUSH] extend: path len=11, builder at (9,18)
[RUSH] extend[0]: (3,17)->(4,17) bld=None team=None connected=False
[RUSH] extend[0]: need to walk to (3,17) d²=37
  task=RUSH 0us OK -> (<Direction.WEST: 'west'>, None)
  task=HEAL_CORE FAIL
[RUSH] --- rush eval at (8,14) en_core=(18,18) ---
[RUSH] step1: no flow tile in gunner range of core
[RUSH] step2: flow near core at (12,17) d²=37, extending to siege (14,18)
[RUSH] extend: from (12,17) toward core (18,18)
[RUSH] extend: siege target (14,18)
[RUSH] extend: path=[(12, 17), (12, 18), (12, 19), (13, 19), (14, 19), (14, 18)]
[RUSH] extend: path len=6, builder at (8,14)
[RUSH] extend[0]: (12,17)->(12,18) bld=BuildingMarker team=Team.A connected=False
[RUSH] extend[0]: need to walk to (12,17) d²=25
  task=RUSH 0us OK -> (<Direction.NORTHEAST: 'northeast'>, None)
[GUN] (14,19) facing=EAST
[GUN] ray: target=Position(x=17, y=19) pri=4
[GUN] ammo=True
[GUN] feed_dir=WEST
[GUN] scan NORTH: pri=1
[GUN] scan NORTHWEST: pri=3
[GUN] cur_pri=4 best_rot=NORTHWEST rot_pri=3
[GUN] FIRE at (17,19) pri=4
  task=HEAL_CORE FAIL
[RUSH] --- rush eval at (9,17) en_core=(18,18) ---
[RUSH] step1: no flow tile in gunner range of core
[RUSH] step2: flow near core at (3,17) d²=226, extending to siege (14,18)
[RUSH] extend: from (3,17) toward core (18,18)
[RUSH] extend: siege target (14,18)
[RUSH] extend: path=[(3, 17), (4, 17), (5, 17), (5, 18), (6, 18), (7, 18), (8, 18), (9, 18), (10, 18), (11, 18), (14, 18)]
[RUSH] extend: path len=11, builder at (9,17)
[RUSH] extend[0]: (3,17)->(4,17) bld=None team=None connected=False
[RUSH] extend[0]: need to walk to (3,17) d²=36
  task=RUSH 0us OK -> (<Direction.WEST: 'west'>, None)
  task=HEAL_CORE FAIL
[RUSH] --- rush eval at (11,19) en_core=(18,18) ---
[RUSH] step1: no flow tile in gunner range of core
[RUSH] step2: flow near core at (3,17) d²=226, extending to siege (14,18)
[RUSH] extend: from (3,17) toward core (18,18)
[RUSH] extend: siege target (14,18)
[RUSH] extend: path=[(3, 17), (4, 17), (5, 17), (5, 18), (6, 18), (7, 18), (8, 18), (9, 18), (10, 18), (11, 18), (14, 18)]
[RUSH] extend: path len=11, builder at (11,19)
[RUSH] extend[0]: (3,17)->(4,17) bld=None team=None connected=False
[RUSH] extend[0]: need to walk to (3,17) d²=68
  task=RUSH 0us OK -> (<Direction.WEST: 'west'>, None)
  task=HEAL_CORE FAIL
[RUSH] --- rush eval at (9,15) en_core=(18,18) ---
[RUSH] step1: no flow tile in gunner range of core
[RUSH] step2: flow near core at (3,17) d²=226, extending to siege (14,18)
[RUSH] extend: from (3,17) toward core (18,18)
[RUSH] extend: siege target (14,18)
[RUSH] extend: path=[(3, 17), (4, 17), (5, 17), (5, 18), (6, 18), (7, 18), (8, 18), (9, 18), (10, 18), (11, 18), (14, 18)]
[RUSH] extend: path len=11, builder at (9,15)
[RUSH] extend[0]: (3,17)->(4,17) bld=None team=None connected=False
[RUSH] extend[0]: need to walk to (3,17) d²=40
  task=RUSH 0us OK -> (<Direction.WEST: 'west'>, None)
  task=HEAL_CORE FAIL
[RUSH] --- rush eval at (9,19) en_core=(18,18) ---
[RUSH] step1: no flow tile in gunner range of core
[RUSH] step2: flow near core at (3,17) d²=226, extending to siege (14,18)
[RUSH] extend: from (3,17) toward core (18,18)
[RUSH] extend: siege target (14,18)
[RUSH] extend: path=[(3, 17), (4, 17), (5, 17), (5, 18), (6, 18), (7, 18), (8, 18), (9, 18), (10, 18), (11, 18), (14, 18)]
[RUSH] extend: path len=11, builder at (9,19)
[RUSH] extend[0]: (3,17)->(4,17) bld=None team=None connected=False
[RUSH] extend[0]: need to walk to (3,17) d²=40
  task=RUSH 0us OK -> (<Direction.WEST: 'west'>, PlaceRoad(pos=Position(x=8, y=19)))
  task=HEAL_CORE FAIL
[RUSH] --- rush eval at (8,18) en_core=(18,18) ---
[RUSH] step1: no flow tile in gunner range of core
[RUSH] step2: flow near core at (3,17) d²=226, extending to siege (14,18)
[RUSH] extend: from (3,17) toward core (18,18)
[RUSH] extend: siege target (14,18)
[RUSH] extend: path=[(3, 17), (4, 17), (5, 17), (5, 18), (6, 18), (7, 18), (8, 18), (9, 18), (10, 18), (11, 18), (14, 18)]
[RUSH] extend: path len=11, builder at (8,18)
[RUSH] extend[0]: (3,17)->(4,17) bld=None team=None connected=False
[RUSH] extend[0]: need to walk to (3,17) d²=26
  task=RUSH 0us OK -> (<Direction.WEST: 'west'>, None)
  task=HEAL_CORE FAIL
[RUSH] --- rush eval at (9,13) en_core=(18,18) ---
[RUSH] step1: no flow tile in gunner range of core
[RUSH] step2: flow near core at (12,17) d²=37, extending to siege (14,18)
[RUSH] extend: from (12,17) toward core (18,18)
[RUSH] extend: siege target (14,18)
[RUSH] extend: path=[(12, 17), (12, 18), (12, 19), (13, 19), (14, 19), (14, 18)]
[RUSH] extend: path len=6, builder at (9,13)
[RUSH] extend[0]: (12,17)->(12,18) bld=BuildingMarker team=Team.A connected=False
[RUSH] extend[0]: need to walk to (12,17) d²=25
  task=RUSH 0us OK -> (<Direction.SOUTHEAST: 'southeast'>, None)
[GUN] (14,19) facing=EAST
[GUN] ray: target=Position(x=17, y=19) pri=4
[GUN] ammo=True
[GUN] feed_dir=WEST
[GUN] scan NORTH: pri=1
[GUN] scan NORTHWEST: pri=3
[GUN] cur_pri=4 best_rot=NORTHWEST rot_pri=3
[GUN] FIRE at (17,19) pri=4
  task=HEAL_CORE FAIL
[RUSH] --- rush eval at (8,17) en_core=(18,18) ---
[RUSH] step1: no flow tile in gunner range of core
[RUSH] step2: flow near core at (3,17) d²=226, extending to siege (14,18)
[RUSH] extend: from (3,17) toward core (18,18)
[RUSH] extend: siege target (14,18)
[RUSH] extend: path=[(3, 17), (4, 17), (5, 17), (5, 18), (6, 18), (7, 18), (8, 18), (9, 18), (10, 18), (11, 18), (14, 18)]
[RUSH] extend: path len=11, builder at (8,17)
[RUSH] extend[0]: (3,17)->(4,17) bld=None team=None connected=False
[RUSH] extend[0]: need to walk to (3,17) d²=25
  task=RUSH 0us OK -> (<Direction.WEST: 'west'>, None)
  task=HEAL_CORE FAIL
[RUSH] --- rush eval at (10,19) en_core=(18,18) ---
[RUSH] step1: no flow tile in gunner range of core
[RUSH] step2: flow near core at (3,17) d²=226, extending to siege (14,18)
[RUSH] extend: from (3,17) toward core (18,18)
[RUSH] extend: siege target (14,18)
[RUSH] extend: path=[(3, 17), (4, 17), (5, 17), (5, 18), (6, 18), (7, 18), (8, 18), (9, 18), (10, 18), (11, 18), (14, 18)]
[RUSH] extend: path len=11, builder at (10,19)
[RUSH] extend[0]: (3,17)->(4,17) bld=None team=None connected=False
[RUSH] extend[0]: need to walk to (3,17) d²=53
  task=RUSH 0us OK -> (<Direction.WEST: 'west'>, None)
  task=HEAL_CORE FAIL
[RUSH] --- rush eval at (8,15) en_core=(18,18) ---
[RUSH] step1: no flow tile in gunner range of core
[RUSH] step2: flow near core at (3,17) d²=226, extending to siege (14,18)
[RUSH] extend: from (3,17) toward core (18,18)
[RUSH] extend: siege target (14,18)
[RUSH] extend: path=[(3, 17), (4, 17), (5, 17), (5, 18), (6, 18), (7, 18), (8, 18), (9, 18), (10, 18), (11, 18), (14, 18)]
[RUSH] extend: path len=11, builder at (8,15)
[RUSH] extend[0]: (3,17)->(4,17) bld=None team=None connected=False
[RUSH] extend[0]: need to walk to (3,17) d²=29
  task=RUSH 0us OK -> (<Direction.WEST: 'west'>, None)
  task=HEAL_CORE FAIL
[RUSH] --- rush eval at (8,19) en_core=(18,18) ---
[RUSH] step1: no flow tile in gunner range of core
[RUSH] step2: flow near core at (3,17) d²=226, extending to siege (14,18)
[RUSH] extend: from (3,17) toward core (18,18)
[RUSH] extend: siege target (14,18)
[RUSH] extend: path=[(3, 17), (4, 17), (5, 17), (5, 18), (6, 18), (7, 18), (8, 18), (9, 18), (10, 18), (11, 18), (14, 18)]
[RUSH] extend: path len=11, builder at (8,19)
[RUSH] extend[0]: (3,17)->(4,17) bld=None team=None connected=False
[RUSH] extend[0]: need to walk to (3,17) d²=29
  task=RUSH 0us OK -> (<Direction.WEST: 'west'>, PlaceRoad(pos=Position(x=7, y=19)))
  task=HEAL_CORE FAIL
[RUSH] --- rush eval at (7,18) en_core=(18,18) ---
[RUSH] step1: no flow tile in gunner range of core
[RUSH] step2: flow near core at (3,17) d²=226, extending to siege (14,18)
[RUSH] extend: from (3,17) toward core (18,18)
[RUSH] extend: siege target (14,18)
[RUSH] extend: path=[(3, 17), (4, 17), (5, 17), (5, 18), (6, 18), (7, 18), (8, 18), (9, 18), (10, 18), (11, 18), (14, 18)]
[RUSH] extend: path len=11, builder at (7,18)
[RUSH] extend[0]: (3,17)->(4,17) bld=None team=None connected=False
[RUSH] extend[0]: need to walk to (3,17) d²=17
  task=RUSH 0us OK -> (<Direction.NORTHWEST: 'northwest'>, None)
  task=HEAL_CORE FAIL
[RUSH] --- rush eval at (10,14) en_core=(18,18) ---
[RUSH] step1: no flow tile in gunner range of core
[RUSH] step2: flow near core at (12,18) d²=36, extending to siege (14,18)
[RUSH] extend: from (12,18) toward core (18,18)
[RUSH] extend: siege target (14,18)
[RUSH] extend: path=[(12, 18), (12, 19), (13, 19), (14, 19), (14, 18)]
[RUSH] extend: path len=5, builder at (10,14)
[RUSH] extend[0]: (12,18)->(12,19) bld=BuildingConveyor team=Team.A connected=True
[RUSH] extend[0]: already connected, skip
[RUSH] extend[1]: (12,19)->(13,19) bld=None team=None connected=False
[RUSH] extend[1]: need to walk to (12,19) d²=29
  task=RUSH 0us OK -> (<Direction.SOUTHEAST: 'southeast'>, None)
[GUN] (14,19) facing=EAST
[GUN] ray: target=Position(x=17, y=19) pri=4
[GUN] ammo=True
[GUN] feed_dir=WEST
[GUN] scan NORTH: pri=1
[GUN] scan NORTHWEST: pri=3
[GUN] cur_pri=4 best_rot=NORTHWEST rot_pri=3
[GUN] FIRE at (17,19) pri=4
  task=HEAL_CORE FAIL
[RUSH] --- rush eval at (7,17) en_core=(18,18) ---
[RUSH] step1: no flow tile in gunner range of core
[RUSH] step2: flow near core at (3,17) d²=226, extending to siege (14,18)
[RUSH] extend: from (3,17) toward core (18,18)
[RUSH] extend: siege target (14,18)
[RUSH] extend: path=[(3, 17), (4, 17), (5, 17), (5, 18), (6, 18), (7, 18), (8, 18), (9, 18), (10, 18), (11, 18), (14, 18)]
[RUSH] extend: path len=11, builder at (7,17)
[RUSH] extend[0]: (3,17)->(4,17) bld=None team=None connected=False
[RUSH] extend[0]: need to walk to (3,17) d²=16
  task=RUSH 0us OK -> (<Direction.NORTHWEST: 'northwest'>, None)
  task=HEAL_CORE FAIL
[RUSH] --- rush eval at (9,19) en_core=(18,18) ---
[RUSH] step1: no flow tile in gunner range of core
[RUSH] step2: flow near core at (3,17) d²=226, extending to siege (14,18)
[RUSH] extend: from (3,17) toward core (18,18)
[RUSH] extend: siege target (14,18)
[RUSH] extend: path=[(3, 17), (4, 17), (5, 17), (5, 18), (6, 18), (7, 18), (8, 18), (9, 18), (10, 18), (11, 18), (14, 18)]
[RUSH] extend: path len=11, builder at (9,19)
[RUSH] extend[0]: (3,17)->(4,17) bld=None team=None connected=False
[RUSH] extend[0]: need to walk to (3,17) d²=40
  task=RUSH 0us OK -> (<Direction.WEST: 'west'>, None)
  task=HEAL_CORE FAIL
[RUSH] --- rush eval at (7,15) en_core=(18,18) ---
[RUSH] step1: no flow tile in gunner range of core
[RUSH] step2: flow near core at (3,17) d²=226, extending to siege (14,18)
[RUSH] extend: from (3,17) toward core (18,18)
[RUSH] extend: siege target (14,18)
[RUSH] extend: path=[(3, 17), (4, 17), (5, 17), (5, 18), (6, 18), (7, 18), (8, 18), (9, 18), (10, 18), (11, 18), (14, 18)]
[RUSH] extend: path len=11, builder at (7,15)
[RUSH] extend[0]: (3,17)->(4,17) bld=None team=None connected=False
[RUSH] extend[0]: need to walk to (3,17) d²=20
  task=RUSH 0us OK -> (<Direction.WEST: 'west'>, PlaceRoad(pos=Position(x=6, y=15)))
  task=HEAL_CORE FAIL
[RUSH] --- rush eval at (7,19) en_core=(18,18) ---
[RUSH] step1: no flow tile in gunner range of core
[RUSH] step2: flow near core at (3,17) d²=226, extending to siege (14,18)
[RUSH] extend: from (3,17) toward core (18,18)
[RUSH] extend: siege target (14,18)
[RUSH] extend: path=[(3, 17), (4, 17), (5, 17), (5, 18), (6, 18), (7, 18), (8, 18), (9, 18), (10, 18), (11, 18), (14, 18)]
[RUSH] extend: path len=11, builder at (7,19)
[RUSH] extend[0]: (3,17)->(4,17) bld=None team=None connected=False
[RUSH] extend[0]: need to walk to (3,17) d²=20
  task=RUSH 0us OK -> (<Direction.NORTHWEST: 'northwest'>, PlaceRoad(pos=Position(x=6, y=18)))
  task=HEAL_CORE FAIL
[RUSH] --- rush eval at (6,17) en_core=(18,18) ---
[RUSH] step1: no flow tile in gunner range of core
[RUSH] step2: flow near core at (3,17) d²=226, extending to siege (14,18)
[RUSH] extend: from (3,17) toward core (18,18)
[RUSH] extend: siege target (14,18)
[RUSH] extend: path=[(3, 17), (4, 17), (5, 17), (5, 18), (6, 18), (7, 18), (8, 18), (9, 18), (10, 18), (11, 18), (14, 18)]
[RUSH] extend: path len=11, builder at (6,17)
[RUSH] extend[0]: (3,17)->(4,17) bld=None team=None connected=False
[RUSH] extend[0]: need to walk to (3,17) d²=9
  task=RUSH 0us OK -> (<Direction.WEST: 'west'>, None)
  task=HEAL_CORE FAIL
[RUSH] --- rush eval at (11,15) en_core=(18,18) ---
[RUSH] step1: flow in range at (14,19) facing EAST
[RUSH] gunner: want to place at (14,19) facing EAST, ti=191 cost=30
[RUSH] gunner: target (14,19) bld=None team=None builder=(11,15) d²=25
[RUSH] gunner: walking toward (14,19) d²=25
  task=RUSH 0us OK -> (<Direction.SOUTHEAST: 'southeast'>, None)
[GUN] (14,19) facing=EAST
[GUN] ray: target=Position(x=17, y=19) pri=4
[GUN] ammo=True
[GUN] feed_dir=WEST
[GUN] scan NORTH: pri=1
[GUN] scan NORTHWEST: pri=3
[GUN] cur_pri=4 best_rot=NORTHWEST rot_pri=3
[GUN] FIRE at (17,19) pri=4
  task=HEAL_CORE FAIL
[RUSH] --- rush eval at (6,16) en_core=(18,18) ---
[RUSH] step1: no flow tile in gunner range of core
[RUSH] step2: flow near core at (3,17) d²=226, extending to siege (14,18)
[RUSH] extend: from (3,17) toward core (18,18)
[RUSH] extend: siege target (14,18)
[RUSH] extend: path=[(3, 17), (4, 17), (5, 17), (5, 18), (6, 18), (7, 18), (8, 18), (9, 18), (10, 18), (11, 18), (14, 18)]
[RUSH] extend: path len=11, builder at (6,16)
[RUSH] extend[0]: (3,17)->(4,17) bld=None team=None connected=False
[RUSH] extend[0]: need to walk to (3,17) d²=10
  task=RUSH 0us OK -> (<Direction.WEST: 'west'>, None)
  task=HEAL_CORE FAIL
[RUSH] --- rush eval at (8,19) en_core=(18,18) ---
[RUSH] step1: no flow tile in gunner range of core
[RUSH] step2: flow near core at (3,17) d²=226, extending to siege (14,18)
[RUSH] extend: from (3,17) toward core (18,18)
[RUSH] extend: siege target (14,18)
[RUSH] extend: path=[(3, 17), (4, 17), (5, 17), (5, 18), (6, 18), (7, 18), (8, 18), (9, 18), (10, 18), (11, 18), (14, 18)]
[RUSH] extend: path len=11, builder at (8,19)
[RUSH] extend[0]: (3,17)->(4,17) bld=None team=None connected=False
[RUSH] extend[0]: need to walk to (3,17) d²=29
  task=RUSH 0us OK -> (<Direction.NORTHWEST: 'northwest'>, None)
  task=HEAL_CORE FAIL
[RUSH] --- rush eval at (6,15) en_core=(18,18) ---
[RUSH] step1: no flow tile in gunner range of core
[RUSH] step2: flow near core at (3,17) d²=226, extending to siege (14,18)
[RUSH] extend: from (3,17) toward core (18,18)
[RUSH] extend: siege target (14,18)
[RUSH] extend: path=[(3, 17), (4, 17), (5, 17), (5, 18), (6, 18), (7, 18), (8, 18), (9, 18), (10, 18), (11, 18), (14, 18)]
[RUSH] extend: path len=11, builder at (6,15)
[RUSH] extend[0]: (3,17)->(4,17) bld=None team=None connected=False
[RUSH] extend[0]: need to walk to (3,17) d²=13
  task=RUSH 0us OK -> (<Direction.WEST: 'west'>, PlaceRoad(pos=Position(x=5, y=15)))
  task=HEAL_CORE FAIL
[RUSH] --- rush eval at (6,18) en_core=(18,18) ---
[RUSH] step1: no flow tile in gunner range of core
[RUSH] step2: flow near core at (3,17) d²=226, extending to siege (14,18)
[RUSH] extend: from (3,17) toward core (18,18)
[RUSH] extend: siege target (14,18)
[RUSH] extend: path=[(3, 17), (4, 17), (5, 17), (5, 18), (6, 18), (7, 18), (8, 18), (9, 18), (10, 18), (11, 18), (14, 18)]
[RUSH] extend: path len=11, builder at (6,18)
[RUSH] extend[0]: (3,17)->(4,17) bld=None team=None connected=False
[RUSH] extend[0]: need to walk to (3,17) d²=10
  task=RUSH 0us OK -> (<Direction.SOUTHWEST: 'southwest'>, PlaceRoad(pos=Position(x=5, y=19)))
  task=HEAL_CORE FAIL
[RUSH] --- rush eval at (5,17) en_core=(18,18) ---
[RUSH] step1: no flow tile in gunner range of core
[RUSH] step2: flow near core at (3,17) d²=226, extending to siege (14,18)
[RUSH] extend: from (3,17) toward core (18,18)
[RUSH] extend: siege target (14,18)
[RUSH] extend: path=[(3, 17), (4, 17), (5, 17), (5, 18), (6, 18), (7, 18), (8, 18), (9, 18), (10, 18), (11, 18), (14, 18)]
[RUSH] extend: path len=11, builder at (5,17)
[RUSH] extend[0]: (3,17)->(4,17) bld=None team=None connected=False
[RUSH] extend[0]: need to walk to (3,17) d²=4
  task=RUSH 0us OK -> (<Direction.NORTHWEST: 'northwest'>, None)
  task=HEAL_CORE FAIL
[RUSH] --- rush eval at (12,16) en_core=(18,18) ---
[RUSH] step1: no flow tile in gunner range of core
[RUSH] step2: flow near core at (3,17) d²=226, extending to siege (14,18)
[RUSH] extend: from (3,17) toward core (18,18)
[RUSH] extend: siege target (14,18)
[RUSH] extend: path=[(3, 17), (4, 17), (5, 17), (5, 18), (6, 18), (7, 18), (8, 18), (9, 18), (10, 18), (11, 18), (14, 18)]
[RUSH] extend: path len=11, builder at (12,16)
[RUSH] extend[0]: (3,17)->(4,17) bld=None team=None connected=False
[RUSH] extend[0]: need to walk to (3,17) d²=82
  task=RUSH 0us OK -> (<Direction.SOUTHWEST: 'southwest'>, None)
[GUN] (14,19) facing=EAST
[GUN] ray: target=Position(x=17, y=19) pri=4
[GUN] ammo=True
[GUN] feed_dir=WEST
[GUN] scan NORTH: pri=1
[GUN] scan NORTHWEST: pri=3
[GUN] cur_pri=4 best_rot=NORTHWEST rot_pri=3
[GUN] FIRE at (17,19) pri=4
  task=HEAL_CORE FAIL
[RUSH] --- rush eval at (5,16) en_core=(18,18) ---
[RUSH] step1: no flow tile in gunner range of core
[RUSH] step2: flow near core at (3,17) d²=226, extending to siege (14,18)
[RUSH] extend: from (3,17) toward core (18,18)
[RUSH] extend: siege target (14,18)
[RUSH] extend: path=[(3, 17), (4, 17), (5, 17), (5, 18), (6, 18), (7, 18), (8, 18), (9, 18), (10, 18), (11, 18), (14, 18)]
[RUSH] extend: path len=11, builder at (5,16)
[RUSH] extend[0]: (3,17)->(4,17) bld=None team=None connected=False
[RUSH] extend[0]: need to walk to (3,17) d²=5
  task=RUSH 0us OK -> (<Direction.SOUTHWEST: 'southwest'>, PlaceRoad(pos=Position(x=4, y=17)))
  task=HEAL_CORE FAIL
[RUSH] --- rush eval at (7,18) en_core=(18,18) ---
[RUSH] step1: no flow tile in gunner range of core
[RUSH] step2: flow near core at (3,17) d²=226, extending to siege (14,18)
[RUSH] extend: from (3,17) toward core (18,18)
[RUSH] extend: siege target (14,18)
[RUSH] extend: path=[(3, 17), (4, 17), (5, 17), (5, 18), (6, 18), (7, 18), (8, 18), (9, 18), (10, 18), (11, 18), (14, 18)]
[RUSH] extend: path len=11, builder at (7,18)
[RUSH] extend[0]: (3,17)->(4,17) bld=BuildingMarker team=Team.A connected=False
[RUSH] extend[0]: need to walk to (3,17) d²=17
  task=RUSH 0us OK -> (<Direction.WEST: 'west'>, None)
  task=HEAL_CORE FAIL
[RUSH] --- rush eval at (5,15) en_core=(18,18) ---
[RUSH] step1: no flow tile in gunner range of core
[RUSH] step2: flow near core at (3,17) d²=226, extending to siege (14,18)
[RUSH] extend: from (3,17) toward core (18,18)
[RUSH] extend: siege target (14,18)
[RUSH] extend: path=[(3, 17), (4, 17), (5, 17), (5, 18), (6, 18), (7, 18), (8, 18), (9, 18), (10, 18), (11, 18), (14, 18)]
[RUSH] extend: path len=11, builder at (5,15)
[RUSH] extend[0]: (3,17)->(4,17) bld=BuildingMarker team=Team.A connected=False
[RUSH] extend[0]: need to walk to (3,17) d²=8
  task=RUSH 0us OK -> (<Direction.SOUTH: 'south'>, None)
  task=HEAL_CORE FAIL
[RUSH] --- rush eval at (5,19) en_core=(18,18) ---
[RUSH] step1: no flow tile in gunner range of core
[RUSH] step2: flow near core at (3,17) d²=226, extending to siege (14,18)
[RUSH] extend: from (3,17) toward core (18,18)
[RUSH] extend: siege target (14,18)
[RUSH] extend: path=[(3, 17), (4, 17), (5, 17), (5, 18), (6, 18), (7, 18), (8, 18), (9, 18), (10, 18), (11, 18), (14, 18)]
[RUSH] extend: path len=11, builder at (5,19)
[RUSH] extend[0]: (3,17)->(4,17) bld=BuildingMarker team=Team.A connected=False
[RUSH] extend[0]: need to walk to (3,17) d²=8
  task=RUSH 0us OK -> (<Direction.NORTHWEST: 'northwest'>, PlaceRoad(pos=Position(x=4, y=18)))
  task=HEAL_CORE FAIL
[RUSH] --- rush eval at (4,16) en_core=(18,18) ---
[RUSH] step1: no flow tile in gunner range of core
[RUSH] step2: flow near core at (3,17) d²=226, extending to siege (14,18)
[RUSH] extend: from (3,17) toward core (18,18)
[RUSH] extend: siege target (14,18)
[RUSH] extend: path=[(3, 17), (4, 17), (5, 17), (5, 18), (6, 18), (7, 18), (8, 18), (9, 18), (10, 18), (11, 18), (14, 18)]
[RUSH] extend: path len=11, builder at (4,16)
[RUSH] extend[0]: (3,17)->(4,17) bld=BuildingMarker team=Team.A connected=False
[RUSH] extend[0]: destroying allied BuildingMarker at (3,17) to rebuild
[RUSH] extend[0]: building (3,17)->(4,17) action=PlaceConveyor(pos=Position(x=3, y=17), direction=<Direction.EAST: 'east'>) d²=2
  task=RUSH 0us OK -> (<Direction.CENTRE: 'centre'>, PlaceConveyor(pos=Position(x=3, y=17), direction=<Direction.EAST: 'east'>))
  task=HEAL_CORE FAIL
[RUSH] --- rush eval at (11,17) en_core=(18,18) ---
[RUSH] step1: no flow tile in gunner range of core
[RUSH] step2: flow near core at (3,17) d²=226, extending to siege (14,18)
[RUSH] extend: from (3,17) toward core (18,18)
[RUSH] extend: siege target (14,18)
[RUSH] extend: path=[(3, 17), (4, 17), (5, 17), (5, 18), (6, 18), (7, 18), (8, 18), (9, 18), (10, 18), (11, 18), (14, 18)]
[RUSH] extend: path len=11, builder at (11,17)
[RUSH] extend[0]: (3,17)->(4,17) bld=None team=None connected=False
[RUSH] extend[0]: need to walk to (3,17) d²=64
  task=RUSH 0us OK -> (<Direction.SOUTHWEST: 'southwest'>, None)
[GUN] (14,19) facing=EAST
[GUN] ray: target=Position(x=17, y=19) pri=4
[GUN] ammo=True
[GUN] feed_dir=WEST
[GUN] scan NORTH: pri=1
[GUN] scan NORTHWEST: pri=3
[GUN] cur_pri=4 best_rot=NORTHWEST rot_pri=3
[GUN] FIRE at (17,19) pri=4
  task=HEAL_CORE FAIL
[RUSH] --- rush eval at (4,17) en_core=(18,18) ---
[RUSH] step1: no flow tile in gunner range of core
[RUSH] step2: flow near core at (4,17) d²=197, extending to siege (14,18)
[RUSH] extend: from (4,17) toward core (18,18)
[RUSH] extend: siege target (14,18)
[RUSH] extend: path=[(4, 17), (5, 17), (5, 18), (6, 18), (7, 18), (8, 18), (9, 18), (10, 18), (11, 18), (14, 18)]
[RUSH] extend: path len=10, builder at (4,17)
[RUSH] extend[0]: (4,17)->(5,17) bld=BuildingRoad team=Team.A connected=False
[RUSH] extend[0]: destroying allied BuildingRoad at (4,17) to rebuild
[RUSH] extend[0]: building (4,17)->(5,17) action=PlaceConveyor(pos=Position(x=4, y=17), direction=<Direction.EAST: 'east'>) d²=0
  task=RUSH 0us OK -> (<Direction.CENTRE: 'centre'>, PlaceConveyor(pos=Position(x=4, y=17), direction=<Direction.EAST: 'east'>))
  task=HEAL_CORE FAIL
[RUSH] --- rush eval at (6,18) en_core=(18,18) ---
[RUSH] step1: no flow tile in gunner range of core
[RUSH] step2: flow near core at (5,17) d²=170, extending to siege (14,18)
[RUSH] extend: from (5,17) toward core (18,18)
[RUSH] extend: siege target (14,18)
[RUSH] extend: path=[(5, 17), (5, 18), (6, 18), (7, 18), (8, 18), (9, 18), (10, 18), (11, 18), (14, 18)]
[RUSH] extend: path len=9, builder at (6,18)
[RUSH] extend[0]: (5,17)->(5,18) bld=BuildingRoad team=Team.A connected=False
[RUSH] extend[0]: destroying allied BuildingRoad at (5,17) to rebuild
[RUSH] extend[0]: building (5,17)->(5,18) action=PlaceConveyor(pos=Position(x=5, y=17), direction=<Direction.SOUTH: 'south'>) d²=2
  task=RUSH 0us OK -> (<Direction.CENTRE: 'centre'>, PlaceConveyor(pos=Position(x=5, y=17), direction=<Direction.SOUTH: 'south'>))
  task=HEAL_CORE FAIL
[RUSH] --- rush eval at (5,16) en_core=(18,18) ---
[RUSH] step1: no flow tile in gunner range of core
[RUSH] step2: flow near core at (5,18) d²=169, extending to siege (14,18)
[RUSH] extend: from (5,18) toward core (18,18)
[RUSH] extend: siege target (14,18)
[RUSH] extend: path=[(5, 18), (6, 18), (7, 18), (8, 18), (9, 18), (10, 18), (11, 18), (14, 18)]
[RUSH] extend: path len=8, builder at (5,16)
[RUSH] extend[0]: (5,18)->(6,18) bld=BuildingMarker team=Team.A connected=False
[RUSH] extend[0]: need to walk to (5,18) d²=4
  task=RUSH 0us OK -> (<Direction.SOUTHEAST: 'southeast'>, None)
  task=HEAL_CORE FAIL
[RUSH] --- rush eval at (4,18) en_core=(18,18) ---
[RUSH] step1: no flow tile in gunner range of core
[RUSH] step2: flow near core at (5,18) d²=169, extending to siege (14,18)
[RUSH] extend: from (5,18) toward core (18,18)
[RUSH] extend: siege target (14,18)
[RUSH] extend: path=[(5, 18), (6, 18), (7, 18), (8, 18), (9, 18), (10, 18), (11, 18), (14, 18)]
[RUSH] extend: path len=8, builder at (4,18)
[RUSH] extend[0]: (5,18)->(6,18) bld=BuildingMarker team=Team.A connected=False
[RUSH] extend[0]: destroying allied BuildingMarker at (5,18) to rebuild
[RUSH] extend[0]: building (5,18)->(6,18) action=PlaceConveyor(pos=Position(x=5, y=18), direction=<Direction.EAST: 'east'>) d²=1
  task=RUSH 0us OK -> (<Direction.CENTRE: 'centre'>, PlaceConveyor(pos=Position(x=5, y=18), direction=<Direction.EAST: 'east'>))
  task=HEAL_CORE FAIL
[RUSH] --- rush eval at (4,16) en_core=(18,18) ---
[RUSH] step1: no flow tile in gunner range of core
[RUSH] step2: flow near core at (6,18) d²=144, extending to siege (14,18)
[RUSH] extend: from (6,18) toward core (18,18)
[RUSH] extend: siege target (14,18)
[RUSH] extend: path=[(6, 18), (7, 18), (8, 18), (9, 18), (10, 18), (11, 18), (14, 18)]
[RUSH] extend: path len=7, builder at (4,16)
[RUSH] extend[0]: (6,18)->(7,18) bld=BuildingRoad team=Team.A connected=False
[RUSH] extend[0]: need to walk to (6,18) d²=8
  task=RUSH 0us OK -> (<Direction.SOUTHEAST: 'southeast'>, None)
  task=HEAL_CORE FAIL
[RUSH] --- rush eval at (10,18) en_core=(18,18) ---
[RUSH] step1: no flow tile in gunner range of core
[RUSH] step2: flow near core at (3,17) d²=226, extending to siege (14,18)
[RUSH] extend: from (3,17) toward core (18,18)
[RUSH] extend: siege target (14,18)
[RUSH] extend: path=[(3, 17), (4, 17), (5, 17), (5, 18), (6, 18), (7, 18), (8, 18), (9, 18), (10, 18), (11, 18), (14, 18)]
[RUSH] extend: path len=11, builder at (10,18)
[RUSH] extend[0]: (3,17)->(4,17) bld=None team=None connected=False
[RUSH] extend[0]: need to walk to (3,17) d²=50
  task=RUSH 0us OK -> (<Direction.SOUTHWEST: 'southwest'>, None)
[GUN] (14,19) facing=EAST
[GUN] ray: target=Position(x=17, y=19) pri=4
[GUN] ammo=True
[GUN] feed_dir=WEST
[GUN] scan NORTH: pri=1
[GUN] scan NORTHWEST: pri=3
[GUN] cur_pri=4 best_rot=NORTHWEST rot_pri=3
[GUN] FIRE at (17,19) pri=4
  task=HEAL_CORE FAIL
[RUSH] --- rush eval at (4,17) en_core=(18,18) ---
[RUSH] step1: no flow tile in gunner range of core
[RUSH] step2: flow near core at (6,18) d²=144, extending to siege (14,18)
[RUSH] extend: from (6,18) toward core (18,18)
[RUSH] extend: siege target (14,18)
[RUSH] extend: path=[(6, 18), (7, 18), (8, 18), (9, 18), (10, 18), (11, 18), (14, 18)]
[RUSH] extend: path len=7, builder at (4,17)
[RUSH] extend[0]: (6,18)->(7,18) bld=BuildingRoad team=Team.A connected=False
[RUSH] extend[0]: need to walk to (6,18) d²=5
  task=RUSH 0us OK -> (<Direction.SOUTHEAST: 'southeast'>, None)
  task=HEAL_CORE FAIL
[RUSH] --- rush eval at (6,18) en_core=(18,18) ---
[RUSH] step1: no flow tile in gunner range of core
[RUSH] step2: flow near core at (6,18) d²=144, extending to siege (14,18)
[RUSH] extend: from (6,18) toward core (18,18)
[RUSH] extend: siege target (14,18)
[RUSH] extend: path=[(6, 18), (7, 18), (8, 18), (9, 18), (10, 18), (11, 18), (14, 18)]
[RUSH] extend: path len=7, builder at (6,18)
[RUSH] extend[0]: (6,18)->(7,18) bld=BuildingRoad team=Team.A connected=False
[RUSH] extend[0]: destroying allied BuildingRoad at (6,18) to rebuild
[RUSH] extend[0]: building (6,18)->(7,18) action=PlaceConveyor(pos=Position(x=6, y=18), direction=<Direction.EAST: 'east'>) d²=0
  task=RUSH 0us OK -> (<Direction.CENTRE: 'centre'>, PlaceConveyor(pos=Position(x=6, y=18), direction=<Direction.EAST: 'east'>))
  task=HEAL_CORE FAIL
[RUSH] --- rush eval at (6,17) en_core=(18,18) ---
[RUSH] step1: no flow tile in gunner range of core
[RUSH] step2: flow near core at (7,18) d²=121, extending to siege (14,18)
[RUSH] extend: from (7,18) toward core (18,18)
[RUSH] extend: siege target (14,18)
[RUSH] extend: path=[(7, 18), (8, 18), (9, 18), (10, 18), (11, 18), (14, 18)]
[RUSH] extend: path len=6, builder at (6,17)
[RUSH] extend[0]: (7,18)->(8,18) bld=BuildingRoad team=Team.A connected=False
[RUSH] extend[0]: destroying allied BuildingRoad at (7,18) to rebuild
[RUSH] extend[0]: building (7,18)->(8,18) action=PlaceConveyor(pos=Position(x=7, y=18), direction=<Direction.EAST: 'east'>) d²=2
  task=RUSH 0us OK -> (<Direction.CENTRE: 'centre'>, PlaceConveyor(pos=Position(x=7, y=18), direction=<Direction.EAST: 'east'>))
  task=HEAL_CORE FAIL
[RUSH] --- rush eval at (4,18) en_core=(18,18) ---
[RUSH] step1: no flow tile in gunner range of core
[RUSH] step2: flow near core at (8,18) d²=100, extending to siege (14,18)
[RUSH] extend: from (8,18) toward core (18,18)
[RUSH] extend: siege target (14,18)
[RUSH] extend: path=[(8, 18), (9, 18), (10, 18), (11, 18), (14, 18)]
[RUSH] extend: path len=5, builder at (4,18)
[RUSH] extend[0]: (8,18)->(9,18) bld=BuildingRoad team=Team.A connected=False
[RUSH] extend[0]: need to walk to (8,18) d²=16
  task=RUSH 0us OK -> (<Direction.NORTH: 'north'>, None)
  task=HEAL_CORE FAIL
[RUSH] --- rush eval at (5,17) en_core=(18,18) ---
[RUSH] step1: no flow tile in gunner range of core
[RUSH] step2: flow near core at (8,18) d²=100, extending to siege (14,18)
[RUSH] extend: from (8,18) toward core (18,18)
[RUSH] extend: siege target (14,18)
[RUSH] extend: path=[(8, 18), (9, 18), (10, 18), (11, 18), (14, 18)]
[RUSH] extend: path len=5, builder at (5,17)
[RUSH] extend[0]: (8,18)->(9,18) bld=BuildingRoad team=Team.A connected=False
[RUSH] extend[0]: need to walk to (8,18) d²=10
  task=RUSH 0us OK -> (<Direction.NORTHEAST: 'northeast'>, None)
  task=HEAL_CORE FAIL
[RUSH] --- rush eval at (9,19) en_core=(18,18) ---
[RUSH] step1: no flow tile in gunner range of core
[RUSH] step2: flow near core at (3,17) d²=226, extending to siege (14,18)
[RUSH] extend: from (3,17) toward core (18,18)
[RUSH] extend: siege target (14,18)
[RUSH] extend: path=[(3, 17), (4, 17), (5, 17), (5, 18), (6, 18), (7, 18), (8, 18), (9, 18), (10, 18), (11, 18), (14, 18)]
[RUSH] extend: path len=11, builder at (9,19)
[RUSH] extend[0]: (3,17)->(4,17) bld=None team=None connected=False
[RUSH] extend[0]: need to walk to (3,17) d²=40
  task=RUSH 0us OK -> (<Direction.WEST: 'west'>, None)
[GUN] (14,19) facing=EAST
[GUN] ray: target=Position(x=17, y=19) pri=4
[GUN] ammo=True
[GUN] feed_dir=WEST
[GUN] scan NORTH: pri=1
[GUN] scan NORTHWEST: pri=3
[GUN] cur_pri=4 best_rot=NORTHWEST rot_pri=3
[GUN] FIRE at (17,19) pri=4
  task=HEAL_CORE FAIL
[RUSH] --- rush eval at (5,18) en_core=(18,18) ---
[RUSH] step1: no flow tile in gunner range of core
[RUSH] step2: flow near core at (8,18) d²=100, extending to siege (14,18)
[RUSH] extend: from (8,18) toward core (18,18)
[RUSH] extend: siege target (14,18)
[RUSH] extend: path=[(8, 18), (9, 18), (10, 18), (11, 18), (14, 18)]
[RUSH] extend: path len=5, builder at (5,18)
[RUSH] extend[0]: (8,18)->(9,18) bld=BuildingRoad team=Team.A connected=False
[RUSH] extend[0]: need to walk to (8,18) d²=9
  task=RUSH 0us OK -> (<Direction.SOUTHEAST: 'southeast'>, PlaceRoad(pos=Position(x=6, y=19)))
  task=HEAL_CORE FAIL
[RUSH] --- rush eval at (6,18) en_core=(18,18) ---
[RUSH] step1: no flow tile in gunner range of core
[RUSH] step2: flow near core at (8,18) d²=100, extending to siege (14,18)
[RUSH] extend: from (8,18) toward core (18,18)
[RUSH] extend: siege target (14,18)
[RUSH] extend: path=[(8, 18), (9, 18), (10, 18), (11, 18), (14, 18)]
[RUSH] extend: path len=5, builder at (6,18)
[RUSH] extend[0]: (8,18)->(9,18) bld=BuildingRoad team=Team.A connected=False
[RUSH] extend[0]: need to walk to (8,18) d²=4
  task=RUSH 0us OK -> (<Direction.NORTHEAST: 'northeast'>, None)
  task=HEAL_CORE FAIL
[RUSH] --- rush eval at (6,17) en_core=(18,18) ---
[RUSH] step1: no flow tile in gunner range of core
[RUSH] step2: flow near core at (8,18) d²=100, extending to siege (14,18)
[RUSH] extend: from (8,18) toward core (18,18)
[RUSH] extend: siege target (14,18)
[RUSH] extend: path=[(8, 18), (9, 18), (10, 18), (11, 18), (14, 18)]
[RUSH] extend: path len=5, builder at (6,17)
[RUSH] extend[0]: (8,18)->(9,18) bld=BuildingRoad team=Team.A connected=False
[RUSH] extend[0]: need to walk to (8,18) d²=5
  task=RUSH 0us OK -> (<Direction.SOUTHEAST: 'southeast'>, None)
  task=HEAL_CORE FAIL
[RUSH] --- rush eval at (4,17) en_core=(18,18) ---
[RUSH] step1: no flow tile in gunner range of core
[RUSH] step2: flow near core at (8,18) d²=100, extending to siege (14,18)
[RUSH] extend: from (8,18) toward core (18,18)
[RUSH] extend: siege target (14,18)
[RUSH] extend: path=[(8, 18), (9, 18), (10, 18), (11, 18), (14, 18)]
[RUSH] extend: path len=5, builder at (4,17)
[RUSH] extend[0]: (8,18)->(9,18) bld=BuildingRoad team=Team.A connected=False
[RUSH] extend[0]: need to walk to (8,18) d²=17
  task=RUSH 0us OK -> (<Direction.EAST: 'east'>, None)
  task=HEAL_CORE FAIL
[RUSH] --- rush eval at (6,16) en_core=(18,18) ---
[RUSH] step1: no flow tile in gunner range of core
[RUSH] step2: flow near core at (8,18) d²=100, extending to siege (14,18)
[RUSH] extend: from (8,18) toward core (18,18)
[RUSH] extend: siege target (14,18)
[RUSH] extend: path=[(8, 18), (9, 18), (10, 18), (11, 18), (14, 18)]
[RUSH] extend: path len=5, builder at (6,16)
[RUSH] extend[0]: (8,18)->(9,18) bld=BuildingRoad team=Team.A connected=False
[RUSH] extend[0]: need to walk to (8,18) d²=8
  task=RUSH 0us OK -> (<Direction.SOUTH: 'south'>, None)
  task=HEAL_CORE FAIL
[RUSH] --- rush eval at (8,19) en_core=(18,18) ---
[RUSH] step1: no flow tile in gunner range of core
[RUSH] step2: flow near core at (3,17) d²=226, extending to siege (14,18)
[RUSH] extend: from (3,17) toward core (18,18)
[RUSH] extend: siege target (14,18)
[RUSH] extend: path=[(3, 17), (4, 17), (5, 17), (5, 18), (6, 18), (7, 18), (8, 18), (9, 18), (10, 18), (11, 18), (14, 18)]
[RUSH] extend: path len=11, builder at (8,19)
[RUSH] extend[0]: (3,17)->(4,17) bld=None team=None connected=False
[RUSH] extend[0]: need to walk to (3,17) d²=29
  task=RUSH 0us OK -> (<Direction.WEST: 'west'>, None)
[GUN] (14,19) facing=EAST
[GUN] ray: target=Position(x=17, y=19) pri=4
[GUN] ammo=True
[GUN] feed_dir=WEST
[GUN] scan NORTH: pri=1
[GUN] scan NORTHWEST: pri=3
[GUN] cur_pri=4 best_rot=NORTHWEST rot_pri=3
[GUN] FIRE at (17,19) pri=4
  task=HEAL_CORE FAIL
[RUSH] --- rush eval at (6,19) en_core=(18,18) ---
[RUSH] step1: no flow tile in gunner range of core
[RUSH] step2: flow near core at (8,18) d²=100, extending to siege (14,18)
[RUSH] extend: from (8,18) toward core (18,18)
[RUSH] extend: siege target (14,18)
[RUSH] extend: path=[(8, 18), (9, 18), (10, 18), (11, 18), (14, 18)]
[RUSH] extend: path len=5, builder at (6,19)
[RUSH] extend[0]: (8,18)->(9,18) bld=BuildingRoad team=Team.A connected=False
[RUSH] extend[0]: need to walk to (8,18) d²=5
  task=RUSH 0us OK -> (<Direction.NORTHWEST: 'northwest'>, None)
  task=HEAL_CORE FAIL
[RUSH] --- rush eval at (7,17) en_core=(18,18) ---
[RUSH] step1: no flow tile in gunner range of core
[RUSH] step2: flow near core at (8,18) d²=100, extending to siege (14,18)
[RUSH] extend: from (8,18) toward core (18,18)
[RUSH] extend: siege target (14,18)
[RUSH] extend: path=[(8, 18), (9, 18), (10, 18), (11, 18), (14, 18)]
[RUSH] extend: path len=5, builder at (7,17)
[RUSH] extend[0]: (8,18)->(9,18) bld=BuildingRoad team=Team.A connected=False
[RUSH] extend[0]: destroying allied BuildingRoad at (8,18) to rebuild
[RUSH] extend[0]: building (8,18)->(9,18) action=PlaceConveyor(pos=Position(x=8, y=18), direction=<Direction.EAST: 'east'>) d²=2
  task=RUSH 0us OK -> (<Direction.CENTRE: 'centre'>, PlaceConveyor(pos=Position(x=8, y=18), direction=<Direction.EAST: 'east'>))
  task=HEAL_CORE FAIL
[RUSH] --- rush eval at (7,18) en_core=(18,18) ---
[RUSH] step1: no flow tile in gunner range of core
[RUSH] step2: flow near core at (9,18) d²=81, extending to siege (14,18)
[RUSH] extend: from (9,18) toward core (18,18)
[RUSH] extend: siege target (14,18)
[RUSH] extend: path=[(9, 18), (10, 18), (11, 18), (14, 18)]
[RUSH] extend: path len=4, builder at (7,18)
[RUSH] extend[0]: (9,18)->(10,18) bld=BuildingRoad team=Team.A connected=False
[RUSH] extend[0]: need to walk to (9,18) d²=4
  task=RUSH 0us OK -> (<Direction.NORTHEAST: 'northeast'>, None)
  task=HEAL_CORE FAIL
[RUSH] --- rush eval at (5,17) en_core=(18,18) ---
[RUSH] step1: no flow tile in gunner range of core
[RUSH] step2: flow near core at (9,18) d²=81, extending to siege (14,18)
[RUSH] extend: from (9,18) toward core (18,18)
[RUSH] extend: siege target (14,18)
[RUSH] extend: path=[(9, 18), (10, 18), (11, 18), (14, 18)]
[RUSH] extend: path len=4, builder at (5,17)
[RUSH] extend[0]: (9,18)->(10,18) bld=BuildingRoad team=Team.A connected=False
[RUSH] extend[0]: need to walk to (9,18) d²=17
  task=RUSH 0us OK -> (<Direction.SOUTHEAST: 'southeast'>, None)
  task=HEAL_CORE FAIL
[RUSH] --- rush eval at (6,17) en_core=(18,18) ---
[RUSH] step1: no flow tile in gunner range of core
[RUSH] step2: flow near core at (9,18) d²=81, extending to siege (14,18)
[RUSH] extend: from (9,18) toward core (18,18)
[RUSH] extend: siege target (14,18)
[RUSH] extend: path=[(9, 18), (10, 18), (11, 18), (14, 18)]
[RUSH] extend: path len=4, builder at (6,17)
[RUSH] extend[0]: (9,18)->(10,18) bld=BuildingRoad team=Team.A connected=False
[RUSH] extend[0]: need to walk to (9,18) d²=10
  task=RUSH 0us OK -> (<Direction.SOUTHEAST: 'southeast'>, None)
  task=HEAL_CORE FAIL
[RUSH] --- rush eval at (7,19) en_core=(18,18) ---
[RUSH] step1: no flow tile in gunner range of core
[RUSH] step2: flow near core at (9,18) d²=81, extending to siege (14,18)
[RUSH] extend: from (9,18) toward core (18,18)
[RUSH] extend: siege target (14,18)
[RUSH] extend: path=[(9, 18), (10, 18), (11, 18), (14, 18)]
[RUSH] extend: path len=4, builder at (7,19)
[RUSH] extend[0]: (9,18)->(10,18) bld=BuildingRoad team=Team.A connected=False
[RUSH] extend[0]: need to walk to (9,18) d²=5
  task=RUSH 0us OK -> (<Direction.NORTHEAST: 'northeast'>, None)
[GUN] (14,19) facing=EAST
[GUN] ray: target=Position(x=17, y=19) pri=4
[GUN] ammo=True
[GUN] feed_dir=WEST
[GUN] scan NORTH: pri=1
[GUN] scan NORTHWEST: pri=3
[GUN] cur_pri=4 best_rot=NORTHWEST rot_pri=3
[GUN] FIRE at (17,19) pri=4
  task=HEAL_CORE FAIL
[RUSH] --- rush eval at (5,18) en_core=(18,18) ---
[RUSH] step1: no flow tile in gunner range of core
[RUSH] step2: flow near core at (9,18) d²=81, extending to siege (14,18)
[RUSH] extend: from (9,18) toward core (18,18)
[RUSH] extend: siege target (14,18)
[RUSH] extend: path=[(9, 18), (10, 18), (11, 18), (14, 18)]
[RUSH] extend: path len=4, builder at (5,18)
[RUSH] extend[0]: (9,18)->(10,18) bld=BuildingRoad team=Team.A connected=False
[RUSH] extend[0]: need to walk to (9,18) d²=16
  task=RUSH 0us OK -> (<Direction.SOUTHEAST: 'southeast'>, None)
  task=HEAL_CORE FAIL
[RUSH] --- rush eval at (7,17) en_core=(18,18) ---
[RUSH] step1: no flow tile in gunner range of core
[RUSH] step2: flow near core at (9,18) d²=81, extending to siege (14,18)
[RUSH] extend: from (9,18) toward core (18,18)
[RUSH] extend: siege target (14,18)
[RUSH] extend: path=[(9, 18), (10, 18), (11, 18), (14, 18)]
[RUSH] extend: path len=4, builder at (7,17)
[RUSH] extend[0]: (9,18)->(10,18) bld=BuildingRoad team=Team.A connected=False
[RUSH] extend[0]: need to walk to (9,18) d²=5
  task=RUSH 0us OK -> (<Direction.NORTHWEST: 'northwest'>, None)
  task=HEAL_CORE FAIL
[RUSH] --- rush eval at (8,17) en_core=(18,18) ---
[RUSH] step1: no flow tile in gunner range of core
[RUSH] step2: flow near core at (9,18) d²=81, extending to siege (14,18)
[RUSH] extend: from (9,18) toward core (18,18)
[RUSH] extend: siege target (14,18)
[RUSH] extend: path=[(9, 18), (10, 18), (11, 18), (14, 18)]
[RUSH] extend: path len=4, builder at (8,17)
[RUSH] extend[0]: (9,18)->(10,18) bld=BuildingRoad team=Team.A connected=False
[RUSH] extend[0]: destroying allied BuildingRoad at (9,18) to rebuild
[RUSH] extend[0]: building (9,18)->(10,18) action=PlaceConveyor(pos=Position(x=9, y=18), direction=<Direction.EAST: 'east'>) d²=2
  task=RUSH 0us OK -> (<Direction.CENTRE: 'centre'>, PlaceConveyor(pos=Position(x=9, y=18), direction=<Direction.EAST: 'east'>))
  task=HEAL_CORE FAIL
[RUSH] --- rush eval at (6,18) en_core=(18,18) ---
[RUSH] step1: no flow tile in gunner range of core
[RUSH] step2: flow near core at (10,18) d²=64, extending to siege (14,18)
[RUSH] extend: from (10,18) toward core (18,18)
[RUSH] extend: siege target (14,18)
[RUSH] extend: path=[(10, 18), (11, 18), (14, 18)]
[RUSH] extend: path len=3, builder at (6,18)
[RUSH] extend[0]: (10,18)->(11,18) bld=BuildingRoad team=Team.A connected=False
[RUSH] extend[0]: need to walk to (10,18) d²=16
  task=RUSH 0us OK -> (<Direction.SOUTHEAST: 'southeast'>, None)
  task=HEAL_CORE FAIL
[RUSH] --- rush eval at (7,18) en_core=(18,18) ---
[RUSH] step1: no flow tile in gunner range of core
[RUSH] step2: flow near core at (10,18) d²=64, extending to siege (14,18)
[RUSH] extend: from (10,18) toward core (18,18)
[RUSH] extend: siege target (14,18)
[RUSH] extend: path=[(10, 18), (11, 18), (14, 18)]
[RUSH] extend: path len=3, builder at (7,18)
[RUSH] extend[0]: (10,18)->(11,18) bld=BuildingRoad team=Team.A connected=False
[RUSH] extend[0]: need to walk to (10,18) d²=9
  task=RUSH 0us OK -> (<Direction.SOUTHEAST: 'southeast'>, None)
  task=HEAL_CORE FAIL
[RUSH] --- rush eval at (8,18) en_core=(18,18) ---
[RUSH] step1: no flow tile in gunner range of core
[RUSH] step2: flow near core at (10,18) d²=64, extending to siege (14,18)
[RUSH] extend: from (10,18) toward core (18,18)
[RUSH] extend: siege target (14,18)
[RUSH] extend: path=[(10, 18), (11, 18), (14, 18)]
[RUSH] extend: path len=3, builder at (8,18)
[RUSH] extend[0]: (10,18)->(11,18) bld=BuildingRoad team=Team.A connected=False
[RUSH] extend[0]: need to walk to (10,18) d²=4
  task=RUSH 0us OK -> (<Direction.EAST: 'east'>, None)
[GUN] (14,19) facing=EAST
[GUN] ray: target=Position(x=17, y=19) pri=4
[GUN] ammo=True
[GUN] feed_dir=WEST
[GUN] scan NORTH: pri=1
[GUN] scan NORTHWEST: pri=3
[GUN] cur_pri=4 best_rot=NORTHWEST rot_pri=3
[GUN] FIRE at (17,19) pri=4
  task=HEAL_CORE FAIL
[RUSH] --- rush eval at (6,19) en_core=(18,18) ---
[RUSH] step1: no flow tile in gunner range of core
[RUSH] step2: flow near core at (10,18) d²=64, extending to siege (14,18)
[RUSH] extend: from (10,18) toward core (18,18)
[RUSH] extend: siege target (14,18)
[RUSH] extend: path=[(10, 18), (11, 18), (14, 18)]
[RUSH] extend: path len=3, builder at (6,19)
[RUSH] extend[0]: (10,18)->(11,18) bld=BuildingRoad team=Team.A connected=False
[RUSH] extend[0]: need to walk to (10,18) d²=17
  task=RUSH 0us OK -> (<Direction.NORTHEAST: 'northeast'>, None)
  task=HEAL_CORE FAIL
[RUSH] --- rush eval at (6,16) en_core=(18,18) ---
[RUSH] step1: no flow tile in gunner range of core
[RUSH] step2: flow near core at (10,18) d²=64, extending to siege (14,18)
[RUSH] extend: from (10,18) toward core (18,18)
[RUSH] extend: siege target (14,18)
[RUSH] extend: path=[(10, 18), (11, 18), (14, 18)]
[RUSH] extend: path len=3, builder at (6,16)
[RUSH] extend[0]: (10,18)->(11,18) bld=BuildingRoad team=Team.A connected=False
[RUSH] extend[0]: need to walk to (10,18) d²=20
  task=RUSH 0us OK -> (<Direction.SOUTHEAST: 'southeast'>, None)
  task=HEAL_CORE FAIL
[RUSH] --- rush eval at (8,17) en_core=(18,18) ---
[RUSH] step1: no flow tile in gunner range of core
[RUSH] step2: flow near core at (10,18) d²=64, extending to siege (14,18)
[RUSH] extend: from (10,18) toward core (18,18)
[RUSH] extend: siege target (14,18)
[RUSH] extend: path=[(10, 18), (11, 18), (14, 18)]
[RUSH] extend: path len=3, builder at (8,17)
[RUSH] extend[0]: (10,18)->(11,18) bld=BuildingRoad team=Team.A connected=False
[RUSH] extend[0]: need to walk to (10,18) d²=5
  task=RUSH 0us OK -> (<Direction.EAST: 'east'>, None)
  task=HEAL_CORE FAIL
[RUSH] --- rush eval at (7,19) en_core=(18,18) ---
[RUSH] step1: no flow tile in gunner range of core
[RUSH] step2: flow near core at (10,18) d²=64, extending to siege (14,18)
[RUSH] extend: from (10,18) toward core (18,18)
[RUSH] extend: siege target (14,18)
[RUSH] extend: path=[(10, 18), (11, 18), (14, 18)]
[RUSH] extend: path len=3, builder at (7,19)
[RUSH] extend[0]: (10,18)->(11,18) bld=BuildingRoad team=Team.A connected=False
[RUSH] extend[0]: need to walk to (10,18) d²=10
  task=RUSH 0us OK -> (<Direction.NORTHEAST: 'northeast'>, None)
  task=HEAL_CORE FAIL
[RUSH] --- rush eval at (8,19) en_core=(18,18) ---
[RUSH] step1: no flow tile in gunner range of core
[RUSH] step2: flow near core at (10,18) d²=64, extending to siege (14,18)
[RUSH] extend: from (10,18) toward core (18,18)
[RUSH] extend: siege target (14,18)
[RUSH] extend: path=[(10, 18), (11, 18), (14, 18)]
[RUSH] extend: path len=3, builder at (8,19)
[RUSH] extend[0]: (10,18)->(11,18) bld=BuildingRoad team=Team.A connected=False
[RUSH] extend[0]: need to walk to (10,18) d²=5
  task=RUSH 0us OK -> (<Direction.EAST: 'east'>, None)
  task=HEAL_CORE FAIL
[RUSH] --- rush eval at (9,18) en_core=(18,18) ---
[RUSH] step1: no flow tile in gunner range of core
[RUSH] step2: flow near core at (10,18) d²=64, extending to siege (14,18)
[RUSH] extend: from (10,18) toward core (18,18)
[RUSH] extend: siege target (14,18)
[RUSH] extend: path=[(10, 18), (11, 18), (14, 18)]
[RUSH] extend: path len=3, builder at (9,18)
[RUSH] extend[0]: (10,18)->(11,18) bld=BuildingRoad team=Team.A connected=False
[RUSH] extend[0]: destroying allied BuildingRoad at (10,18) to rebuild
[RUSH] extend[0]: building (10,18)->(11,18) action=PlaceConveyor(pos=Position(x=10, y=18), direction=<Direction.EAST: 'east'>) d²=1
  task=RUSH 0us OK -> (<Direction.CENTRE: 'centre'>, PlaceConveyor(pos=Position(x=10, y=18), direction=<Direction.EAST: 'east'>))
[GUN] (14,19) facing=EAST
[GUN] ray: target=Position(x=17, y=19) pri=4
[GUN] ammo=True
[GUN] feed_dir=WEST
[GUN] scan NORTH: pri=1
[GUN] scan NORTHWEST: pri=3
[GUN] cur_pri=4 best_rot=NORTHWEST rot_pri=3
[GUN] FIRE at (17,19) pri=4
  task=HEAL_CORE FAIL
[RUSH] --- rush eval at (7,18) en_core=(18,18) ---
[RUSH] step1: no flow tile in gunner range of core
[RUSH] step2: flow near core at (11,18) d²=49, extending to siege (14,18)
[RUSH] extend: from (11,18) toward core (18,18)
[RUSH] extend: siege target (14,18)
[RUSH] extend: path=[(11, 18), (14, 18)]
[RUSH] extend: path len=2, builder at (7,18)
[RUSH] extend[0]: (11,18)->(14,18) bld=BuildingRoad team=Team.A connected=False
[RUSH] extend[0]: need to walk to (11,18) d²=16
  task=RUSH 0us OK -> (<Direction.NORTHWEST: 'northwest'>, None)
  task=HEAL_CORE FAIL
[RUSH] --- rush eval at (7,17) en_core=(18,18) ---
[RUSH] step1: no flow tile in gunner range of core
[RUSH] step2: flow near core at (11,18) d²=49, extending to siege (14,18)
[RUSH] extend: from (11,18) toward core (18,18)
[RUSH] extend: siege target (14,18)
[RUSH] extend: path=[(11, 18), (14, 18)]
[RUSH] extend: path len=2, builder at (7,17)
[RUSH] extend[0]: (11,18)->(14,18) bld=BuildingRoad team=Team.A connected=False
[RUSH] extend[0]: need to walk to (11,18) d²=17
  task=RUSH 0us OK -> (<Direction.NORTHWEST: 'northwest'>, None)
  task=HEAL_CORE FAIL
[RUSH] --- rush eval at (9,17) en_core=(18,18) ---
[RUSH] step1: no flow tile in gunner range of core
[RUSH] step2: flow near core at (11,18) d²=49, extending to siege (14,18)
[RUSH] extend: from (11,18) toward core (18,18)
[RUSH] extend: siege target (14,18)
[RUSH] extend: path=[(11, 18), (14, 18)]
[RUSH] extend: path len=2, builder at (9,17)
[RUSH] extend[0]: (11,18)->(14,18) bld=BuildingRoad team=Team.A connected=False
[RUSH] extend[0]: need to walk to (11,18) d²=5
  task=RUSH 0us OK -> (<Direction.EAST: 'east'>, None)
  task=HEAL_CORE FAIL
[RUSH] --- rush eval at (8,18) en_core=(18,18) ---
[RUSH] step1: no flow tile in gunner range of core
[RUSH] step2: flow near core at (11,18) d²=49, extending to siege (14,18)
[RUSH] extend: from (11,18) toward core (18,18)
[RUSH] extend: siege target (14,18)
[RUSH] extend: path=[(11, 18), (14, 18)]
[RUSH] extend: path len=2, builder at (8,18)
[RUSH] extend[0]: (11,18)->(14,18) bld=BuildingRoad team=Team.A connected=False
[RUSH] extend[0]: need to walk to (11,18) d²=9
  task=RUSH 0us OK -> (<Direction.NORTHEAST: 'northeast'>, None)
  task=HEAL_CORE FAIL
[RUSH] --- rush eval at (9,19) en_core=(18,18) ---
[RUSH] step1: no flow tile in gunner range of core
[RUSH] step2: flow near core at (11,18) d²=49, extending to siege (14,18)
[RUSH] extend: from (11,18) toward core (18,18)
[RUSH] extend: siege target (14,18)
[RUSH] extend: path=[(11, 18), (14, 18)]
[RUSH] extend: path len=2, builder at (9,19)
[RUSH] extend[0]: (11,18)->(14,18) bld=BuildingRoad team=Team.A connected=False
[RUSH] extend[0]: need to walk to (11,18) d²=5
  task=RUSH 0us OK -> (<Direction.NORTHEAST: 'northeast'>, None)
  task=HEAL_CORE FAIL
[RUSH] --- rush eval at (9,18) en_core=(18,18) ---
[RUSH] step1: no flow tile in gunner range of core
[RUSH] step2: flow near core at (11,18) d²=49, extending to siege (14,18)
[RUSH] extend: from (11,18) toward core (18,18)
[RUSH] extend: siege target (14,18)
[RUSH] extend: path=[(11, 18), (14, 18)]
[RUSH] extend: path len=2, builder at (9,18)
[RUSH] extend[0]: (11,18)->(14,18) bld=BuildingRoad team=Team.A connected=False
[RUSH] extend[0]: need to walk to (11,18) d²=4
  task=RUSH 0us OK -> (<Direction.SOUTHEAST: 'southeast'>, None)
[GUN] (14,19) facing=EAST
[GUN] ray: target=Position(x=17, y=19) pri=4
[GUN] ammo=True
[GUN] feed_dir=WEST
[GUN] scan NORTH: pri=1
[GUN] scan NORTHWEST: pri=3
[GUN] cur_pri=4 best_rot=NORTHWEST rot_pri=3
[GUN] FIRE at (17,19) pri=4
  task=HEAL_CORE FAIL
[RUSH] --- rush eval at (6,17) en_core=(18,18) ---
[RUSH] step1: no flow tile in gunner range of core
[RUSH] step2: flow near core at (11,18) d²=49, extending to siege (14,18)
[RUSH] extend: from (11,18) toward core (18,18)
[RUSH] extend: siege target (14,18)
[RUSH] extend: path=[(11, 18), (14, 18)]
[RUSH] extend: path len=2, builder at (6,17)
[RUSH] extend[0]: (11,18)->(14,18) bld=BuildingRoad team=Team.A connected=False
[RUSH] extend[0]: need to walk to (11,18) d²=26
  task=RUSH 0us OK -> (<Direction.NORTHWEST: 'northwest'>, None)
  task=HEAL_CORE FAIL
[RUSH] --- rush eval at (6,16) en_core=(18,18) ---
[RUSH] step1: no flow tile in gunner range of core
[RUSH] step2: flow near core at (11,18) d²=49, extending to siege (14,18)
[RUSH] extend: from (11,18) toward core (18,18)
[RUSH] extend: siege target (14,18)
[RUSH] extend: path=[(11, 18), (14, 18)]
[RUSH] extend: path len=2, builder at (6,16)
[RUSH] extend[0]: (11,18)->(14,18) bld=BuildingRoad team=Team.A connected=False
[RUSH] extend[0]: need to walk to (11,18) d²=29
  task=RUSH 0us OK -> (<Direction.SOUTHEAST: 'southeast'>, None)
  task=HEAL_CORE FAIL
[RUSH] --- rush eval at (10,17) en_core=(18,18) ---
[RUSH] step1: no flow tile in gunner range of core
[RUSH] step2: flow near core at (11,18) d²=49, extending to siege (14,18)
[RUSH] extend: from (11,18) toward core (18,18)
[RUSH] extend: siege target (14,18)
[RUSH] extend: path=[(11, 18), (14, 18)]
[RUSH] extend: path len=2, builder at (10,17)
[RUSH] extend[0]: (11,18)->(14,18) bld=BuildingRoad team=Team.A connected=False
[RUSH] extend[0]: destroying allied BuildingRoad at (11,18) to rebuild
[RUSH] extend[0]: building (11,18)->(14,18) action=PlaceBridge(pos=Position(x=11, y=18), target=Position(x=14, y=18)) d²=2
  task=RUSH 0us OK -> (<Direction.CENTRE: 'centre'>, PlaceBridge(pos=Position(x=11, y=18), target=Position(x=14, y=18)))
  task=HEAL_CORE FAIL
[RUSH] --- rush eval at (9,17) en_core=(18,18) ---
[RUSH] step1: flow in range at (14,18) facing EAST
[RUSH] gunner: want to place at (14,18) facing EAST, ti=74 cost=31
[RUSH] gunner: target (14,18) bld=BuildingMarker team=Team.A builder=(9,17) d²=26
[RUSH] gunner: walking toward (14,18) d²=26
  task=RUSH 0us OK -> (<Direction.SOUTHWEST: 'southwest'>, None)
  task=HEAL_CORE FAIL
[RUSH] --- rush eval at (10,18) en_core=(18,18) ---
[RUSH] step1: flow in range at (14,18) facing EAST
[RUSH] gunner: want to place at (14,18) facing EAST, ti=74 cost=31
[RUSH] gunner: target (14,18) bld=BuildingMarker team=Team.A builder=(10,18) d²=16
[RUSH] gunner: walking toward (14,18) d²=16
  task=RUSH 0us OK -> (<Direction.EAST: 'east'>, None)
  task=HEAL_CORE FAIL
[RUSH] --- rush eval at (10,19) en_core=(18,18) ---
[RUSH] step1: flow in range at (14,18) facing EAST
[RUSH] gunner: want to place at (14,18) facing EAST, ti=74 cost=31
[RUSH] gunner: target (14,18) bld=BuildingMarker team=Team.A builder=(10,19) d²=17
[RUSH] gunner: walking toward (14,18) d²=17
  task=RUSH 0us OK -> (<Direction.EAST: 'east'>, None)
[GUN] (14,19) facing=EAST
[GUN] ray: target=Position(x=17, y=19) pri=4
[GUN] ammo=True
[GUN] feed_dir=WEST
[GUN] scan NORTH: pri=1
[GUN] scan NORTHWEST: pri=3
[GUN] cur_pri=4 best_rot=NORTHWEST rot_pri=3
[GUN] FIRE at (17,19) pri=4
  task=HEAL_CORE FAIL
[RUSH] --- rush eval at (5,16) en_core=(18,18) ---
[RUSH] step1: no flow tile in gunner range of core
[RUSH] step2: flow near core at (11,18) d²=49, extending to siege (14,18)
[RUSH] extend: from (11,18) toward core (18,18)
[RUSH] extend: siege target (14,18)
[RUSH] extend: path=[(11, 18), (14, 18)]
[RUSH] extend: path len=2, builder at (5,16)
[RUSH] extend[0]: (11,18)->(14,18) bld=BuildingRoad team=Team.A connected=False
[RUSH] extend[0]: need to walk to (11,18) d²=40
  task=RUSH 0us OK -> (<Direction.SOUTHEAST: 'southeast'>, None)
  task=HEAL_CORE FAIL
[RUSH] --- rush eval at (7,17) en_core=(18,18) ---
[RUSH] step1: flow in range at (14,18) facing EAST
[RUSH] gunner: want to place at (14,18) facing EAST, ti=94 cost=31
[RUSH] gunner: target (14,18) bld=BuildingMarker team=Team.A builder=(7,17) d²=50
[RUSH] gunner: walking toward (14,18) d²=50
  task=RUSH 0us OK -> (<Direction.EAST: 'east'>, None)
  task=HEAL_CORE FAIL
[RUSH] --- rush eval at (10,17) en_core=(18,18) ---
[RUSH] step1: flow in range at (14,18) facing EAST
[RUSH] gunner: want to place at (14,18) facing EAST, ti=94 cost=31
[RUSH] gunner: target (14,18) bld=BuildingMarker team=Team.A builder=(10,17) d²=17
[RUSH] gunner: walking toward (14,18) d²=17
  task=RUSH 0us OK -> (<Direction.EAST: 'east'>, None)
  task=HEAL_CORE FAIL
[RUSH] --- rush eval at (8,18) en_core=(18,18) ---
[RUSH] step1: flow in range at (14,18) facing EAST
[RUSH] gunner: want to place at (14,18) facing EAST, ti=94 cost=31
[RUSH] gunner: target (14,18) bld=BuildingMarker team=Team.A builder=(8,18) d²=36
[RUSH] gunner: walking toward (14,18) d²=36
  task=RUSH 0us OK -> (<Direction.NORTHWEST: 'northwest'>, None)
  task=HEAL_CORE FAIL
[RUSH] --- rush eval at (11,18) en_core=(18,18) ---
[RUSH] step1: flow in range at (14,18) facing EAST
[RUSH] gunner: want to place at (14,18) facing EAST, ti=94 cost=31
[RUSH] gunner: target (14,18) bld=BuildingMarker team=Team.A builder=(11,18) d²=9
[RUSH] gunner: walking toward (14,18) d²=9
  task=RUSH 0us OK -> (<Direction.NORTHEAST: 'northeast'>, None)
  task=HEAL_CORE FAIL
[RUSH] --- rush eval at (11,19) en_core=(18,18) ---
[RUSH] step1: flow in range at (14,18) facing EAST
[RUSH] gunner: want to place at (14,18) facing EAST, ti=94 cost=31
[RUSH] gunner: target (14,18) bld=BuildingMarker team=Team.A builder=(11,19) d²=10
[RUSH] gunner: walking toward (14,18) d²=10
  task=RUSH 0us OK -> (<Direction.NORTHEAST: 'northeast'>, None)
[GUN] (14,19) facing=EAST
[GUN] ray: target=Position(x=17, y=19) pri=4
[GUN] ammo=True
[GUN] feed_dir=WEST
[GUN] scan NORTH: pri=1
[GUN] scan NORTHWEST: pri=3
[GUN] cur_pri=4 best_rot=NORTHWEST rot_pri=3
[GUN] FIRE at (17,19) pri=4
  task=HEAL_CORE FAIL
[RUSH] --- rush eval at (6,17) en_core=(18,18) ---
[RUSH] step1: no flow tile in gunner range of core
[RUSH] step2: flow near core at (11,18) d²=49, extending to siege (14,18)
[RUSH] extend: from (11,18) toward core (18,18)
[RUSH] extend: siege target (14,18)
[RUSH] extend: path=[(11, 18), (14, 18)]
[RUSH] extend: path len=2, builder at (6,17)
[RUSH] extend[0]: (11,18)->(14,18) bld=BuildingRoad team=Team.A connected=False
[RUSH] extend[0]: need to walk to (11,18) d²=26
  task=RUSH 0us OK -> (<Direction.SOUTHEAST: 'southeast'>, None)
  task=HEAL_CORE FAIL
[RUSH] --- rush eval at (8,17) en_core=(18,18) ---
[RUSH] step1: flow in range at (14,18) facing EAST
[RUSH] gunner: want to place at (14,18) facing EAST, ti=94 cost=31
[RUSH] gunner: target (14,18) bld=BuildingMarker team=Team.A builder=(8,17) d²=37
[RUSH] gunner: walking toward (14,18) d²=37
  task=RUSH 0us OK -> (<Direction.EAST: 'east'>, None)
  task=HEAL_CORE FAIL
[RUSH] --- rush eval at (11,17) en_core=(18,18) ---
[RUSH] step1: flow in range at (14,18) facing EAST
[RUSH] gunner: want to place at (14,18) facing EAST, ti=94 cost=31
[RUSH] gunner: target (14,18) bld=BuildingMarker team=Team.A builder=(11,17) d²=10
[RUSH] gunner: walking toward (14,18) d²=10
  task=RUSH 0us OK -> (<Direction.NORTHEAST: 'northeast'>, None)
  task=HEAL_CORE FAIL
[RUSH] --- rush eval at (7,17) en_core=(18,18) ---
[RUSH] step1: flow in range at (14,18) facing EAST
[RUSH] gunner: want to place at (14,18) facing EAST, ti=94 cost=31
[RUSH] gunner: target (14,18) bld=BuildingMarker team=Team.A builder=(7,17) d²=50
[RUSH] gunner: walking toward (14,18) d²=50
  task=RUSH 0us OK -> (<Direction.EAST: 'east'>, None)
  task=HEAL_CORE FAIL
[RUSH] --- rush eval at (12,17) en_core=(18,18) ---
[RUSH] step1: flow in range at (14,18) facing EAST
[RUSH] gunner: want to place at (14,18) facing EAST, ti=94 cost=31
[RUSH] gunner: target (14,18) bld=BuildingMarker team=Team.A builder=(12,17) d²=5
[RUSH] gunner: walking toward (14,18) d²=5
  task=RUSH 0us OK -> (<Direction.EAST: 'east'>, None)
  task=HEAL_CORE FAIL
[RUSH] --- rush eval at (12,18) en_core=(18,18) ---
[RUSH] step1: flow in range at (14,18) facing EAST
[RUSH] gunner: want to place at (14,18) facing EAST, ti=94 cost=31
[RUSH] gunner: target (14,18) bld=BuildingMarker team=Team.A builder=(12,18) d²=4
[RUSH] gunner: walking toward (14,18) d²=4
  task=RUSH 0us OK -> (<Direction.SOUTHEAST: 'southeast'>, None)
[GUN] (14,19) facing=EAST
[GUN] ray: target=Position(x=17, y=19) pri=4
[GUN] ammo=True
[GUN] feed_dir=WEST
[GUN] scan NORTH: pri=1
[GUN] scan NORTHWEST: pri=3
[GUN] cur_pri=4 best_rot=NORTHWEST rot_pri=3
[GUN] FIRE at (17,19) pri=4
  task=HEAL_CORE FAIL
[RUSH] --- rush eval at (7,18) en_core=(18,18) ---
[RUSH] step1: flow in range at (14,18) facing EAST
[RUSH] gunner: want to place at (14,18) facing EAST, ti=104 cost=31
[RUSH] gunner: target (14,18) bld=BuildingMarker team=Team.A builder=(7,18) d²=49
[RUSH] gunner: walking toward (14,18) d²=49
  task=RUSH 0us OK -> (<Direction.EAST: 'east'>, None)
  task=HEAL_CORE FAIL
[RUSH] --- rush eval at (9,17) en_core=(18,18) ---
[RUSH] step1: flow in range at (14,18) facing EAST
[RUSH] gunner: want to place at (14,18) facing EAST, ti=104 cost=31
[RUSH] gunner: target (14,18) bld=BuildingMarker team=Team.A builder=(9,17) d²=26
[RUSH] gunner: walking toward (14,18) d²=26
  task=RUSH 0us OK -> (<Direction.SOUTHEAST: 'southeast'>, None)
  task=HEAL_CORE FAIL
[RUSH] --- rush eval at (12,16) en_core=(18,18) ---
[RUSH] step1: flow in range at (14,18) facing EAST
[RUSH] gunner: want to place at (14,18) facing EAST, ti=104 cost=31
[RUSH] gunner: target (14,18) bld=BuildingMarker team=Team.A builder=(12,16) d²=8
[RUSH] gunner: walking toward (14,18) d²=8
  task=RUSH 0us OK -> (<Direction.EAST: 'east'>, None)
  task=HEAL_CORE FAIL
[RUSH] --- rush eval at (8,17) en_core=(18,18) ---
[RUSH] step1: flow in range at (14,18) facing EAST
[RUSH] gunner: want to place at (14,18) facing EAST, ti=104 cost=31
[RUSH] gunner: target (14,18) bld=BuildingMarker team=Team.A builder=(8,17) d²=37
[RUSH] gunner: walking toward (14,18) d²=37
  task=RUSH 0us OK -> (<Direction.EAST: 'east'>, None)
  task=HEAL_CORE FAIL
[RUSH] --- rush eval at (13,17) en_core=(18,18) ---
[RUSH] step1: flow in range at (14,18) facing EAST
[RUSH] gunner: want to place at (14,18) facing EAST, ti=104 cost=31
[RUSH] gunner: target (14,18) bld=BuildingMarker team=Team.A builder=(13,17) d²=2
[RUSH] gunner: destroying allied BuildingMarker at (14,18) to place gunner
[RUSH] gunner: placing at (14,18) facing EAST, can_build=True
  task=RUSH 0us OK -> (<Direction.CENTRE: 'centre'>, PlaceGunner(pos=Position(x=14, y=18), direction=<Direction.EAST: 'east'>))
  task=HEAL_CORE FAIL
[RUSH] --- rush eval at (13,19) en_core=(18,18) ---
[RUSH] step1: no flow tile in gunner range of core
[RUSH] step2: no flow tile near enemy core
[RUSH] step2.5: checking unconnected harvesters
[RUSH] step2.5: harvester (3,16) d²=229 flow=0.000 has adjacent flow, skip
[RUSH] _find_rush_ore: 10 total ore, 10 seen, sym=Symmetry.ROT candidates={<Symmetry.ROT: 1>, <Symmetry.HOR: 2>}
[RUSH]   ore (3,16) d²=229 bld=BuildingHarvester env=Environment.ORE_TITANIUM
[RUSH]   ore (16,3) d²=229 bld=None env=Environment.ORE_TITANIUM
[RUSH]   ore (16,13) d²=29 bld=BuildingHarvester env=Environment.ORE_TITANIUM
[RUSH]   PICKED: free ore at (16,2) d²=224
[RUSH] step3: free ore at (16,3)
[RUSH] step3: walking toward tap (16,2) for ore (16,3)
  task=RUSH 0us OK -> (<Direction.NORTHWEST: 'northwest'>, None)
[GUN] (14,19) facing=EAST
[GUN] ray: target=Position(x=17, y=19) pri=4
[GUN] ammo=True
[GUN] feed_dir=WEST
[GUN] scan NORTHWEST: pri=3
[GUN] cur_pri=4 best_rot=NORTHWEST rot_pri=3
[GUN] FIRE at (17,19) pri=4
  task=HEAL_CORE FAIL
[RUSH] --- rush eval at (8,18) en_core=(18,18) ---
[RUSH] step1: flow in range at (14,18) facing EAST
[RUSH] gunner: want to place at (14,18) facing EAST, ti=73 cost=32
[RUSH] gunner: target (14,18) bld=BuildingMarker team=Team.A builder=(8,18) d²=36
[RUSH] gunner: walking toward (14,18) d²=36
  task=RUSH 0us OK -> (<Direction.EAST: 'east'>, None)
  task=HEAL_CORE FAIL
[RUSH] --- rush eval at (10,18) en_core=(18,18) ---
[RUSH] step1: no flow tile in gunner range of core
[RUSH] step2: no flow tile near enemy core
[RUSH] step2.5: checking unconnected harvesters
[RUSH] step2.5: harvester (3,16) d²=229 flow=0.000 has adjacent flow, skip
[RUSH] _find_rush_ore: 10 total ore, 10 seen, sym=Symmetry.ROT candidates={<Symmetry.ROT: 1>, <Symmetry.HOR: 2>, <Symmetry.VER: 3>}
[RUSH]   ore (3,16) d²=229 bld=BuildingHarvester env=Environment.ORE_TITANIUM
[RUSH]   ore (16,3) d²=229 bld=None env=Environment.ORE_TITANIUM
[RUSH]   ore (16,13) d²=29 bld=BuildingHarvester env=Environment.ORE_TITANIUM
[RUSH]   PICKED: free ore at (16,2) d²=224
[RUSH] step3: free ore at (16,3)
[RUSH] step3: walking toward tap (16,2) for ore (16,3)
  task=RUSH 0us OK -> (<Direction.NORTHEAST: 'northeast'>, None)
  task=HEAL_CORE FAIL
[RUSH] --- rush eval at (13,16) en_core=(18,18) ---
[RUSH] step1: no flow tile in gunner range of core
[RUSH] step2: no flow tile near enemy core
[RUSH] step2.5: checking unconnected harvesters
[RUSH] step2.5: harvester (3,16) d²=229 flow=0.000 has adjacent flow, skip
[RUSH] _find_rush_ore: 10 total ore, 10 seen, sym=Symmetry.ROT candidates={<Symmetry.ROT: 1>, <Symmetry.HOR: 2>}
[RUSH]   ore (3,16) d²=229 bld=BuildingHarvester env=Environment.ORE_TITANIUM
[RUSH]   ore (16,3) d²=229 bld=None env=Environment.ORE_TITANIUM
[RUSH]   ore (16,13) d²=29 bld=BuildingHarvester env=Environment.ORE_TITANIUM
[RUSH]   PICKED: free ore at (16,2) d²=224
[RUSH] step3: free ore at (16,3)
[RUSH] step3: walking toward tap (16,2) for ore (16,3)
  task=RUSH 0us OK -> (<Direction.NORTH: 'north'>, None)
  task=HEAL_CORE FAIL
[RUSH] --- rush eval at (9,17) en_core=(18,18) ---
[RUSH] step1: flow in range at (14,18) facing EAST
[RUSH] gunner: want to place at (14,18) facing EAST, ti=73 cost=32
[RUSH] gunner: target (14,18) bld=BuildingMarker team=Team.A builder=(9,17) d²=26
[RUSH] gunner: walking toward (14,18) d²=26
  task=RUSH 0us OK -> (<Direction.EAST: 'east'>, None)
  task=HEAL_CORE FAIL
[RUSH] --- rush eval at (13,17) en_core=(18,18) ---
[RUSH] step1: no flow tile in gunner range of core
[RUSH] step2: no flow tile near enemy core
[RUSH] step2.5: checking unconnected harvesters
[RUSH] step2.5: harvester (3,16) d²=229 flow=0.000 has adjacent flow, skip
[RUSH] _find_rush_ore: 10 total ore, 10 seen, sym=Symmetry.ROT candidates={<Symmetry.ROT: 1>, <Symmetry.HOR: 2>}
[RUSH]   ore (3,16) d²=229 bld=BuildingHarvester env=Environment.ORE_TITANIUM
[RUSH]   ore (16,3) d²=229 bld=None env=Environment.ORE_TITANIUM
[RUSH]   ore (16,13) d²=29 bld=BuildingHarvester env=Environment.ORE_TITANIUM
[RUSH]   PICKED: free ore at (16,2) d²=224
[RUSH] step3: free ore at (16,3)
[RUSH] step3: walking toward tap (16,2) for ore (16,3)
  task=RUSH 0us OK -> (<Direction.NORTH: 'north'>, None)
  task=HEAL_CORE FAIL
[RUSH] --- rush eval at (12,18) en_core=(18,18) ---
[RUSH] step1: no flow tile in gunner range of core
[RUSH] step2: no flow tile near enemy core
[RUSH] step2.5: checking unconnected harvesters
[RUSH] step2.5: harvester (3,16) d²=229 flow=0.000 has adjacent flow, skip
[RUSH] _find_rush_ore: 10 total ore, 10 seen, sym=Symmetry.ROT candidates={<Symmetry.ROT: 1>, <Symmetry.HOR: 2>}
[RUSH]   ore (3,16) d²=229 bld=BuildingHarvester env=Environment.ORE_TITANIUM
[RUSH]   ore (16,3) d²=229 bld=None env=Environment.ORE_TITANIUM
[RUSH]   ore (16,13) d²=29 bld=BuildingHarvester env=Environment.ORE_TITANIUM
[RUSH]   PICKED: free ore at (16,2) d²=224
[RUSH] step3: free ore at (16,3)
[RUSH] step3: walking toward tap (16,2) for ore (16,3)
  task=RUSH 0us OK -> (<Direction.NORTH: 'north'>, None)
[GUN] (14,19) facing=EAST
[GUN] ray: target=Position(x=17, y=19) pri=4
[GUN] ammo=True
[GUN] feed_dir=WEST
[GUN] scan NORTHWEST: pri=3
[GUN] cur_pri=4 best_rot=NORTHWEST rot_pri=3
[GUN] FIRE at (17,19) pri=4
[GUN] (14,18) facing=EAST
[GUN] ray: target=Position(x=17, y=18) pri=4
[GUN] ammo=True
[GUN] feed_dir=SOUTHWEST
[GUN] scan NORTH: pri=1
[GUN] scan NORTHEAST: pri=2
[GUN] scan WEST: pri=3
[GUN] scan NORTHWEST: pri=1
[GUN] cur_pri=4 best_rot=WEST rot_pri=3
[GUN] FIRE at (17,18) pri=4
  task=HEAL_CORE FAIL
[RUSH] --- rush eval at (9,18) en_core=(18,18) ---
[RUSH] step1: flow in range at (14,18) facing EAST
[RUSH] gunner: want to place at (14,18) facing EAST, ti=83 cost=32
[RUSH] gunner: target (14,18) bld=BuildingMarker team=Team.A builder=(9,18) d²=25
[RUSH] gunner: walking toward (14,18) d²=25
  task=RUSH 0us OK -> (<Direction.EAST: 'east'>, None)
  task=HEAL_CORE FAIL
[RUSH] --- rush eval at (11,17) en_core=(18,18) ---
[RUSH] step1: no flow tile in gunner range of core
[RUSH] step2: no flow tile near enemy core
[RUSH] step2.5: checking unconnected harvesters
[RUSH] step2.5: harvester (3,16) d²=229 flow=0.000 has adjacent flow, skip
[RUSH] _find_rush_ore: 10 total ore, 10 seen, sym=Symmetry.ROT candidates={<Symmetry.ROT: 1>, <Symmetry.HOR: 2>, <Symmetry.VER: 3>}
[RUSH]   ore (3,16) d²=229 bld=BuildingHarvester env=Environment.ORE_TITANIUM
[RUSH]   ore (16,3) d²=229 bld=None env=Environment.ORE_TITANIUM
[RUSH]   ore (16,13) d²=29 bld=BuildingHarvester env=Environment.ORE_TITANIUM
[RUSH]   PICKED: free ore at (16,2) d²=224
[RUSH] step3: free ore at (16,3)
[RUSH] step3: walking toward tap (16,2) for ore (16,3)
  task=RUSH 0us OK -> (<Direction.NORTHEAST: 'northeast'>, None)
  task=HEAL_CORE FAIL
[RUSH] --- rush eval at (13,15) en_core=(18,18) ---
[RUSH] step1: no flow tile in gunner range of core
[RUSH] step2: no flow tile near enemy core
[RUSH] step2.5: checking unconnected harvesters
[RUSH] step2.5: harvester (3,16) d²=229 flow=0.000 has adjacent flow, skip
[RUSH] _find_rush_ore: 10 total ore, 10 seen, sym=Symmetry.ROT candidates={<Symmetry.ROT: 1>, <Symmetry.HOR: 2>}
[RUSH]   ore (3,16) d²=229 bld=BuildingHarvester env=Environment.ORE_TITANIUM
[RUSH]   ore (16,3) d²=229 bld=None env=Environment.ORE_TITANIUM
[RUSH]   ore (16,13) d²=29 bld=BuildingHarvester env=Environment.ORE_TITANIUM
[RUSH]   PICKED: free ore at (16,2) d²=224
[RUSH] step3: free ore at (16,3)
[RUSH] step3: walking toward tap (16,2) for ore (16,3)
  task=RUSH 0us OK -> (<Direction.NORTHWEST: 'northwest'>, None)
  task=HEAL_CORE FAIL
[RUSH] --- rush eval at (10,17) en_core=(18,18) ---
[RUSH] step1: no flow tile in gunner range of core
[RUSH] step2: no flow tile near enemy core
[RUSH] step2.5: checking unconnected harvesters
[RUSH] step2.5: harvester (3,16) d²=229 flow=0.000 has adjacent flow, skip
[RUSH] _find_rush_ore: 10 total ore, 10 seen, sym=Symmetry.ROT candidates={<Symmetry.ROT: 1>, <Symmetry.HOR: 2>}
[RUSH]   ore (3,16) d²=229 bld=BuildingHarvester env=Environment.ORE_TITANIUM
[RUSH]   ore (16,3) d²=229 bld=None env=Environment.ORE_TITANIUM
[RUSH]   ore (16,13) d²=29 bld=BuildingHarvester env=Environment.ORE_TITANIUM
[RUSH]   PICKED: free ore at (16,2) d²=224
[RUSH] step3: free ore at (16,3)
[RUSH] step3: walking toward tap (16,2) for ore (16,3)
  task=RUSH 0us OK -> (<Direction.WEST: 'west'>, None)
  task=HEAL_CORE FAIL
[RUSH] --- rush eval at (13,16) en_core=(18,18) ---
[RUSH] step1: no flow tile in gunner range of core
[RUSH] step2: no flow tile near enemy core
[RUSH] step2.5: checking unconnected harvesters
[RUSH] step2.5: harvester (3,16) d²=229 flow=0.000 has adjacent flow, skip
[RUSH] _find_rush_ore: 10 total ore, 10 seen, sym=Symmetry.ROT candidates={<Symmetry.ROT: 1>, <Symmetry.HOR: 2>}
[RUSH]   ore (3,16) d²=229 bld=BuildingHarvester env=Environment.ORE_TITANIUM
[RUSH]   ore (16,3) d²=229 bld=None env=Environment.ORE_TITANIUM
[RUSH]   ore (16,13) d²=29 bld=BuildingHarvester env=Environment.ORE_TITANIUM
[RUSH]   PICKED: free ore at (16,2) d²=224
[RUSH] step3: free ore at (16,3)
[RUSH] step3: walking toward tap (16,2) for ore (16,3)
  task=RUSH 0us OK -> (<Direction.NORTHWEST: 'northwest'>, None)
  task=HEAL_CORE FAIL
[RUSH] --- rush eval at (12,17) en_core=(18,18) ---
[RUSH] step1: no flow tile in gunner range of core
[RUSH] step2: no flow tile near enemy core
[RUSH] step2.5: checking unconnected harvesters
[RUSH] step2.5: harvester (3,16) d²=229 flow=0.000 has adjacent flow, skip
[RUSH] _find_rush_ore: 10 total ore, 10 seen, sym=Symmetry.ROT candidates={<Symmetry.ROT: 1>, <Symmetry.HOR: 2>}
[RUSH]   ore (3,16) d²=229 bld=BuildingHarvester env=Environment.ORE_TITANIUM
[RUSH]   ore (16,3) d²=229 bld=None env=Environment.ORE_TITANIUM
[RUSH]   ore (16,13) d²=29 bld=BuildingHarvester env=Environment.ORE_TITANIUM
[RUSH]   PICKED: free ore at (16,2) d²=224
[RUSH] step3: free ore at (16,3)
[RUSH] step3: walking toward tap (16,2) for ore (16,3)
  task=RUSH 0us OK -> (<Direction.WEST: 'west'>, None)
[GUN] (14,19) facing=EAST
[GUN] ray: target=Position(x=17, y=19) pri=4
[GUN] ammo=True
[GUN] feed_dir=WEST
[GUN] scan NORTHWEST: pri=3
[GUN] cur_pri=4 best_rot=NORTHWEST rot_pri=3
[GUN] FIRE at (17,19) pri=4
[GUN] (14,18) facing=EAST
[GUN] ray: target=Position(x=17, y=18) pri=4
[GUN] ammo=True
[GUN] feed_dir=SOUTHWEST
[GUN] scan NORTH: pri=1
[GUN] scan NORTHEAST: pri=2
[GUN] scan WEST: pri=3
[GUN] scan NORTHWEST: pri=1
[GUN] cur_pri=4 best_rot=WEST rot_pri=3
[GUN] FIRE at (17,18) pri=4
  task=HEAL_CORE FAIL
[RUSH] --- rush eval at (10,18) en_core=(18,18) ---
[RUSH] step1: no flow tile in gunner range of core
[RUSH] step2: no flow tile near enemy core
[RUSH] step2.5: checking unconnected harvesters
[RUSH] step2.5: harvester (3,16) d²=229 flow=0.000 has adjacent flow, skip
[RUSH] _find_rush_ore: 10 total ore, 10 seen, sym=Symmetry.ROT candidates={<Symmetry.ROT: 1>}
[RUSH]   ore (3,16) d²=229 bld=BuildingHarvester env=Environment.ORE_TITANIUM
[RUSH]   ore (16,3) d²=229 bld=None env=Environment.ORE_TITANIUM
[RUSH]   ore (16,13) d²=29 bld=BuildingHarvester env=Environment.ORE_TITANIUM
[RUSH]   PICKED: free ore at (16,2) d²=224
[RUSH] step3: free ore at (16,3)
[RUSH] step3: walking toward tap (16,2) for ore (16,3)
  task=RUSH 0us OK -> (<Direction.WEST: 'west'>, None)
  task=HEAL_CORE FAIL
[RUSH] --- rush eval at (12,16) en_core=(18,18) ---
[RUSH] step1: no flow tile in gunner range of core
[RUSH] step2: no flow tile near enemy core
[RUSH] step2.5: checking unconnected harvesters
[RUSH] step2.5: harvester (3,16) d²=229 flow=0.000 has adjacent flow, skip
[RUSH] _find_rush_ore: 10 total ore, 10 seen, sym=Symmetry.ROT candidates={<Symmetry.ROT: 1>, <Symmetry.HOR: 2>, <Symmetry.VER: 3>}
[RUSH]   ore (3,16) d²=229 bld=BuildingHarvester env=Environment.ORE_TITANIUM
[RUSH]   ore (16,3) d²=229 bld=None env=Environment.ORE_TITANIUM
[RUSH]   ore (16,13) d²=29 bld=BuildingHarvester env=Environment.ORE_TITANIUM
[RUSH]   PICKED: free ore at (16,2) d²=224
[RUSH] step3: free ore at (16,3)
[RUSH] step3: walking toward tap (16,2) for ore (16,3)
  task=RUSH 0us OK -> (<Direction.NORTHWEST: 'northwest'>, None)
  task=HEAL_CORE FAIL
[RUSH] --- rush eval at (12,14) en_core=(18,18) ---
[RUSH] step1: no flow tile in gunner range of core
[RUSH] step2: no flow tile near enemy core
[RUSH] step2.5: checking unconnected harvesters
[RUSH] step2.5: harvester (3,16) d²=229 flow=0.000 has adjacent flow, skip
[RUSH] _find_rush_ore: 10 total ore, 10 seen, sym=Symmetry.ROT candidates={<Symmetry.ROT: 1>, <Symmetry.HOR: 2>}
[RUSH]   ore (3,16) d²=229 bld=BuildingHarvester env=Environment.ORE_TITANIUM
[RUSH]   ore (16,3) d²=229 bld=None env=Environment.ORE_TITANIUM
[RUSH]   ore (16,13) d²=29 bld=BuildingHarvester env=Environment.ORE_TITANIUM
[RUSH]   PICKED: free ore at (16,2) d²=224
[RUSH] step3: free ore at (16,3)
[RUSH] step3: walking toward tap (16,2) for ore (16,3)
  task=RUSH 0us OK -> (<Direction.NORTH: 'north'>, None)
  task=HEAL_CORE FAIL
[RUSH] --- rush eval at (9,17) en_core=(18,18) ---
[RUSH] step1: no flow tile in gunner range of core
[RUSH] step2: no flow tile near enemy core
[RUSH] step2.5: checking unconnected harvesters
[RUSH] step2.5: harvester (3,16) d²=229 flow=0.000 has adjacent flow, skip
[RUSH] _find_rush_ore: 10 total ore, 10 seen, sym=Symmetry.ROT candidates={<Symmetry.ROT: 1>, <Symmetry.HOR: 2>}
[RUSH]   ore (3,16) d²=229 bld=BuildingHarvester env=Environment.ORE_TITANIUM
[RUSH]   ore (16,3) d²=229 bld=None env=Environment.ORE_TITANIUM
[RUSH]   ore (16,13) d²=29 bld=BuildingHarvester env=Environment.ORE_TITANIUM
[RUSH]   PICKED: free ore at (16,2) d²=224
[RUSH] step3: free ore at (16,3)
[RUSH] step3: walking toward tap (16,2) for ore (16,3)
  task=RUSH 0us OK -> (<Direction.WEST: 'west'>, None)
  task=HEAL_CORE FAIL
[RUSH] --- rush eval at (12,15) en_core=(18,18) ---
[RUSH] step1: no flow tile in gunner range of core
[RUSH] step2: no flow tile near enemy core
[RUSH] step2.5: checking unconnected harvesters
[RUSH] step2.5: harvester (3,16) d²=229 flow=0.000 has adjacent flow, skip
[RUSH] _find_rush_ore: 10 total ore, 10 seen, sym=Symmetry.ROT candidates={<Symmetry.ROT: 1>, <Symmetry.HOR: 2>}
[RUSH]   ore (3,16) d²=229 bld=BuildingHarvester env=Environment.ORE_TITANIUM
[RUSH]   ore (16,3) d²=229 bld=None env=Environment.ORE_TITANIUM
[RUSH]   ore (16,13) d²=29 bld=BuildingHarvester env=Environment.ORE_TITANIUM
[RUSH]   PICKED: free ore at (16,2) d²=224
[RUSH] step3: free ore at (16,3)
[RUSH] step3: walking toward tap (16,2) for ore (16,3)
  task=RUSH 0us OK -> (<Direction.NORTH: 'north'>, None)
  task=HEAL_CORE FAIL
[RUSH] --- rush eval at (11,17) en_core=(18,18) ---
[RUSH] step1: no flow tile in gunner range of core
[RUSH] step2: no flow tile near enemy core
[RUSH] step2.5: checking unconnected harvesters
[RUSH] step2.5: harvester (3,16) d²=229 flow=0.000 has adjacent flow, skip
[RUSH] _find_rush_ore: 10 total ore, 10 seen, sym=Symmetry.ROT candidates={<Symmetry.ROT: 1>, <Symmetry.HOR: 2>}
[RUSH]   ore (3,16) d²=229 bld=BuildingHarvester env=Environment.ORE_TITANIUM
[RUSH]   ore (16,3) d²=229 bld=None env=Environment.ORE_TITANIUM
[RUSH]   ore (16,13) d²=29 bld=BuildingHarvester env=Environment.ORE_TITANIUM
[RUSH]   PICKED: free ore at (16,2) d²=224
[RUSH] step3: free ore at (16,3)
[RUSH] step3: walking toward tap (16,2) for ore (16,3)
  task=RUSH 0us OK -> (<Direction.NORTHEAST: 'northeast'>, None)
[GUN] (14,19) facing=EAST
[GUN] ray: target=Position(x=17, y=19) pri=4
[GUN] ammo=True
[GUN] feed_dir=WEST
[GUN] scan NORTHWEST: pri=3
[GUN] cur_pri=4 best_rot=NORTHWEST rot_pri=3
[GUN] FIRE at (17,19) pri=4
[GUN] (14,18) facing=EAST
[GUN] ray: target=Position(x=17, y=18) pri=4
[GUN] ammo=True
[GUN] feed_dir=SOUTHWEST
[GUN] scan NORTH: pri=1
[GUN] scan NORTHEAST: pri=2
[GUN] scan WEST: pri=3
[GUN] scan NORTHWEST: pri=1
[GUN] cur_pri=4 best_rot=WEST rot_pri=3
[GUN] FIRE at (17,18) pri=4
  task=HEAL_CORE FAIL
[RUSH] --- rush eval at (9,18) en_core=(18,18) ---
[RUSH] step1: no flow tile in gunner range of core
[RUSH] step2: no flow tile near enemy core
[RUSH] step2.5: checking unconnected harvesters
[RUSH] step2.5: harvester (3,16) d²=229 flow=0.000 has adjacent flow, skip
[RUSH] _find_rush_ore: 10 total ore, 10 seen, sym=Symmetry.ROT candidates={<Symmetry.ROT: 1>}
[RUSH]   ore (3,16) d²=229 bld=BuildingHarvester env=Environment.ORE_TITANIUM
[RUSH]   ore (16,3) d²=229 bld=None env=Environment.ORE_TITANIUM
[RUSH]   ore (16,13) d²=29 bld=BuildingHarvester env=Environment.ORE_TITANIUM
[RUSH]   PICKED: free ore at (16,2) d²=224
[RUSH] step3: free ore at (16,3)
[RUSH] step3: walking toward tap (16,2) for ore (16,3)
  task=RUSH 0us OK -> (<Direction.WEST: 'west'>, None)
  task=HEAL_CORE FAIL
[RUSH] --- rush eval at (11,15) en_core=(18,18) ---
[RUSH] step1: no flow tile in gunner range of core
[RUSH] step2: no flow tile near enemy core
[RUSH] step2.5: checking unconnected harvesters
[RUSH] step2.5: harvester (3,16) d²=229 flow=0.000 has adjacent flow, skip
[RUSH] _find_rush_ore: 10 total ore, 10 seen, sym=Symmetry.ROT candidates={<Symmetry.ROT: 1>, <Symmetry.HOR: 2>, <Symmetry.VER: 3>}
[RUSH]   ore (3,16) d²=229 bld=BuildingHarvester env=Environment.ORE_TITANIUM
[RUSH]   ore (16,3) d²=229 bld=None env=Environment.ORE_TITANIUM
[RUSH]   ore (16,13) d²=29 bld=BuildingHarvester env=Environment.ORE_TITANIUM
[RUSH]   PICKED: free ore at (16,2) d²=224
[RUSH] step3: free ore at (16,3)
[RUSH] step3: walking toward tap (16,2) for ore (16,3)
  task=RUSH 0us OK -> (<Direction.NORTH: 'north'>, None)
  task=HEAL_CORE FAIL
[RUSH] --- rush eval at (12,13) en_core=(18,18) ---
[RUSH] step1: no flow tile in gunner range of core
[RUSH] step2: no flow tile near enemy core
[RUSH] step2.5: checking unconnected harvesters
[RUSH] step2.5: harvester (3,16) d²=229 flow=0.000 has adjacent flow, skip
[RUSH] _find_rush_ore: 10 total ore, 10 seen, sym=Symmetry.ROT candidates={<Symmetry.ROT: 1>, <Symmetry.HOR: 2>}
[RUSH]   ore (3,16) d²=229 bld=BuildingHarvester env=Environment.ORE_TITANIUM
[RUSH]   ore (16,3) d²=229 bld=None env=Environment.ORE_TITANIUM
[RUSH]   ore (16,13) d²=29 bld=BuildingHarvester env=Environment.ORE_TITANIUM
[RUSH]   PICKED: free ore at (16,2) d²=224
[RUSH] step3: free ore at (16,3)
[RUSH] step3: walking toward tap (16,2) for ore (16,3)
  task=RUSH 0us OK -> (<Direction.NORTH: 'north'>, None)
  task=HEAL_CORE FAIL
[RUSH] --- rush eval at (8,17) en_core=(18,18) ---
[RUSH] step1: no flow tile in gunner range of core
[RUSH] step2: no flow tile near enemy core
[RUSH] step2.5: checking unconnected harvesters
[RUSH] step2.5: harvester (3,16) d²=229 flow=0.000 has adjacent flow, skip
[RUSH] _find_rush_ore: 10 total ore, 10 seen, sym=Symmetry.ROT candidates={<Symmetry.ROT: 1>, <Symmetry.HOR: 2>}
[RUSH]   ore (3,16) d²=229 bld=BuildingHarvester env=Environment.ORE_TITANIUM
[RUSH]   ore (16,3) d²=229 bld=None env=Environment.ORE_TITANIUM
[RUSH]   ore (16,13) d²=29 bld=BuildingHarvester env=Environment.ORE_TITANIUM
[RUSH]   PICKED: free ore at (16,2) d²=224
[RUSH] step3: free ore at (16,3)
[RUSH] step3: walking toward tap (16,2) for ore (16,3)
  task=RUSH 0us OK -> (<Direction.WEST: 'west'>, None)
  task=HEAL_CORE FAIL
[RUSH] --- rush eval at (12,14) en_core=(18,18) ---
[RUSH] step1: no flow tile in gunner range of core
[RUSH] step2: no flow tile near enemy core
[RUSH] step2.5: checking unconnected harvesters
[RUSH] step2.5: harvester (3,16) d²=229 flow=0.000 has adjacent flow, skip
[RUSH] _find_rush_ore: 10 total ore, 10 seen, sym=Symmetry.ROT candidates={<Symmetry.ROT: 1>, <Symmetry.HOR: 2>}
[RUSH]   ore (3,16) d²=229 bld=BuildingHarvester env=Environment.ORE_TITANIUM
[RUSH]   ore (16,3) d²=229 bld=None env=Environment.ORE_TITANIUM
[RUSH]   ore (16,13) d²=29 bld=BuildingHarvester env=Environment.ORE_TITANIUM
[RUSH]   PICKED: free ore at (16,2) d²=224
[RUSH] step3: free ore at (16,3)
[RUSH] step3: walking toward tap (16,2) for ore (16,3)
  task=RUSH 0us OK -> (<Direction.NORTH: 'north'>, None)
  task=HEAL_CORE FAIL
[RUSH] --- rush eval at (12,16) en_core=(18,18) ---
[RUSH] step1: no flow tile in gunner range of core
[RUSH] step2: no flow tile near enemy core
[RUSH] step2.5: checking unconnected harvesters
[RUSH] step2.5: harvester (3,16) d²=229 flow=0.000 has adjacent flow, skip
[RUSH] _find_rush_ore: 10 total ore, 10 seen, sym=Symmetry.ROT candidates={<Symmetry.ROT: 1>, <Symmetry.HOR: 2>}
[RUSH]   ore (3,16) d²=229 bld=BuildingHarvester env=Environment.ORE_TITANIUM
[RUSH]   ore (16,3) d²=229 bld=None env=Environment.ORE_TITANIUM
[RUSH]   ore (16,13) d²=29 bld=BuildingHarvester env=Environment.ORE_TITANIUM
[RUSH]   PICKED: free ore at (16,2) d²=224
[RUSH] step3: free ore at (16,3)
[RUSH] step3: walking toward tap (16,2) for ore (16,3)
  task=RUSH 0us OK -> (<Direction.NORTHEAST: 'northeast'>, None)
[GUN] (14,19) facing=EAST
[GUN] ray: target=Position(x=17, y=19) pri=4
[GUN] ammo=True
[GUN] feed_dir=WEST
[GUN] scan NORTHWEST: pri=3
[GUN] cur_pri=4 best_rot=NORTHWEST rot_pri=3
[GUN] FIRE at (17,19) pri=4
[GUN] (14,18) facing=EAST
[GUN] ray: target=Position(x=17, y=18) pri=4
[GUN] ammo=True
[GUN] feed_dir=SOUTHWEST
[GUN] scan NORTH: pri=1
[GUN] scan NORTHEAST: pri=2
[GUN] scan WEST: pri=3
[GUN] scan NORTHWEST: pri=1
[GUN] cur_pri=4 best_rot=WEST rot_pri=3
[GUN] FIRE at (17,18) pri=4
  task=HEAL_CORE FAIL
[RUSH] --- rush eval at (8,18) en_core=(18,18) ---
[RUSH] step1: no flow tile in gunner range of core
[RUSH] step2: no flow tile near enemy core
[RUSH] step2.5: checking unconnected harvesters
[RUSH] step2.5: harvester (3,16) d²=229 flow=0.000 has adjacent flow, skip
[RUSH] _find_rush_ore: 10 total ore, 10 seen, sym=Symmetry.ROT candidates={<Symmetry.ROT: 1>}
[RUSH]   ore (3,16) d²=229 bld=BuildingHarvester env=Environment.ORE_TITANIUM
[RUSH]   ore (16,3) d²=229 bld=None env=Environment.ORE_TITANIUM
[RUSH]   ore (16,13) d²=29 bld=BuildingHarvester env=Environment.ORE_TITANIUM
[RUSH]   PICKED: free ore at (16,2) d²=224
[RUSH] step3: free ore at (16,3)
[RUSH] step3: walking toward tap (16,2) for ore (16,3)
  task=RUSH 0us OK -> (<Direction.WEST: 'west'>, None)
  task=HEAL_CORE FAIL
[RUSH] --- rush eval at (11,14) en_core=(18,18) ---
[RUSH] step1: no flow tile in gunner range of core
[RUSH] step2: no flow tile near enemy core
[RUSH] step2.5: checking unconnected harvesters
[RUSH] step2.5: harvester (3,16) d²=229 flow=0.000 has adjacent flow, skip
[RUSH] _find_rush_ore: 10 total ore, 10 seen, sym=Symmetry.ROT candidates={<Symmetry.ROT: 1>, <Symmetry.HOR: 2>, <Symmetry.VER: 3>}
[RUSH]   ore (3,16) d²=229 bld=BuildingHarvester env=Environment.ORE_TITANIUM
[RUSH]   ore (16,3) d²=229 bld=None env=Environment.ORE_TITANIUM
[RUSH]   ore (16,13) d²=29 bld=BuildingHarvester env=Environment.ORE_TITANIUM
[RUSH]   PICKED: free ore at (16,2) d²=224
[RUSH] step3: free ore at (16,3)
[RUSH] step3: walking toward tap (16,2) for ore (16,3)
  task=RUSH 0us OK -> (<Direction.NORTH: 'north'>, None)
  task=HEAL_CORE FAIL
[RUSH] --- rush eval at (12,12) en_core=(18,18) ---
[RUSH] step1: no flow tile in gunner range of core
[RUSH] step2: no flow tile near enemy core
[RUSH] step2.5: checking unconnected harvesters
[RUSH] step2.5: harvester (3,16) d²=229 flow=0.000 has adjacent flow, skip
[RUSH] _find_rush_ore: 10 total ore, 10 seen, sym=Symmetry.ROT candidates={<Symmetry.ROT: 1>, <Symmetry.HOR: 2>}
[RUSH]   ore (3,16) d²=229 bld=BuildingHarvester env=Environment.ORE_TITANIUM
[RUSH]   ore (16,3) d²=229 bld=None env=Environment.ORE_TITANIUM
[RUSH]   ore (16,13) d²=29 bld=BuildingHarvester env=Environment.ORE_TITANIUM
[RUSH]   PICKED: free ore at (16,2) d²=224
[RUSH] step3: free ore at (16,3)
[RUSH] step3: walking toward tap (16,2) for ore (16,3)
  task=RUSH 0us OK -> (<Direction.NORTHEAST: 'northeast'>, None)
  task=HEAL_CORE FAIL
[RUSH] --- rush eval at (7,17) en_core=(18,18) ---
[RUSH] step1: no flow tile in gunner range of core
[RUSH] step2: no flow tile near enemy core
[RUSH] step2.5: checking unconnected harvesters
[RUSH] step2.5: harvester (3,16) d²=229 flow=0.000 has adjacent flow, skip
[RUSH] _find_rush_ore: 10 total ore, 10 seen, sym=Symmetry.ROT candidates={<Symmetry.ROT: 1>, <Symmetry.HOR: 2>}
[RUSH]   ore (3,16) d²=229 bld=BuildingHarvester env=Environment.ORE_TITANIUM
[RUSH]   ore (16,3) d²=229 bld=None env=Environment.ORE_TITANIUM
[RUSH]   ore (16,13) d²=29 bld=BuildingHarvester env=Environment.ORE_TITANIUM
[RUSH]   PICKED: free ore at (16,2) d²=224
[RUSH] step3: free ore at (16,3)
[RUSH] step3: walking toward tap (16,2) for ore (16,3)
  task=RUSH 0us OK -> (<Direction.NORTHWEST: 'northwest'>, None)
  task=HEAL_CORE FAIL
[RUSH] --- rush eval at (12,13) en_core=(18,18) ---
[RUSH] step1: no flow tile in gunner range of core
[RUSH] step2: no flow tile near enemy core
[RUSH] step2.5: checking unconnected harvesters
[RUSH] step2.5: harvester (3,16) d²=229 flow=0.000 has adjacent flow, skip
[RUSH] _find_rush_ore: 10 total ore, 10 seen, sym=Symmetry.ROT candidates={<Symmetry.ROT: 1>, <Symmetry.HOR: 2>}
[RUSH]   ore (3,16) d²=229 bld=BuildingHarvester env=Environment.ORE_TITANIUM
[RUSH]   ore (16,3) d²=229 bld=None env=Environment.ORE_TITANIUM
[RUSH]   ore (16,13) d²=29 bld=BuildingHarvester env=Environment.ORE_TITANIUM
[RUSH]   PICKED: free ore at (16,2) d²=224
[RUSH] step3: free ore at (16,3)
[RUSH] step3: walking toward tap (16,2) for ore (16,3)
  task=RUSH 0us OK -> (<Direction.NORTHEAST: 'northeast'>, None)
  task=HEAL_CORE FAIL
[RUSH] --- rush eval at (13,15) en_core=(18,18) ---
[RUSH] step1: no flow tile in gunner range of core
[RUSH] step2: no flow tile near enemy core
[RUSH] step2.5: checking unconnected harvesters
[RUSH] step2.5: harvester (3,16) d²=229 flow=0.000 has adjacent flow, skip
[RUSH] _find_rush_ore: 10 total ore, 10 seen, sym=Symmetry.ROT candidates={<Symmetry.ROT: 1>, <Symmetry.HOR: 2>}
[RUSH]   ore (3,16) d²=229 bld=BuildingHarvester env=Environment.ORE_TITANIUM
[RUSH]   ore (16,3) d²=229 bld=None env=Environment.ORE_TITANIUM
[RUSH]   ore (16,13) d²=29 bld=BuildingHarvester env=Environment.ORE_TITANIUM
[RUSH]   PICKED: free ore at (16,2) d²=224
[RUSH] step3: free ore at (16,3)
[RUSH] step3: walking toward tap (16,2) for ore (16,3)
  task=RUSH 0us OK -> (<Direction.NORTHWEST: 'northwest'>, None)
[GUN] (14,19) facing=EAST
[GUN] ray: target=Position(x=17, y=19) pri=4
[GUN] ammo=True
[GUN] feed_dir=WEST
[GUN] scan NORTHWEST: pri=3
[GUN] cur_pri=4 best_rot=NORTHWEST rot_pri=3
[GUN] FIRE at (17,19) pri=4
[GUN] (14,18) facing=EAST
[GUN] ray: target=Position(x=17, y=18) pri=4
[GUN] ammo=True
[GUN] feed_dir=SOUTHWEST
[GUN] scan NORTH: pri=1
[GUN] scan NORTHEAST: pri=2
[GUN] scan WEST: pri=3
[GUN] scan NORTHWEST: pri=1
[GUN] cur_pri=4 best_rot=WEST rot_pri=3
[GUN] FIRE at (17,18) pri=4
  task=HEAL_CORE FAIL
[RUSH] --- rush eval at (7,18) en_core=(18,18) ---
[RUSH] step1: no flow tile in gunner range of core
[RUSH] step2: no flow tile near enemy core
[RUSH] step2.5: checking unconnected harvesters
[RUSH] step2.5: harvester (3,16) d²=229 flow=0.000 has adjacent flow, skip
[RUSH] _find_rush_ore: 10 total ore, 10 seen, sym=Symmetry.ROT candidates={<Symmetry.ROT: 1>}
[RUSH]   ore (3,16) d²=229 bld=BuildingHarvester env=Environment.ORE_TITANIUM
[RUSH]   ore (16,3) d²=229 bld=None env=Environment.ORE_TITANIUM
[RUSH]   ore (16,13) d²=29 bld=BuildingHarvester env=Environment.ORE_TITANIUM
[RUSH]   PICKED: free ore at (16,2) d²=224
[RUSH] step3: free ore at (16,3)
[RUSH] step3: walking toward tap (16,2) for ore (16,3)
  task=RUSH 0us OK -> (<Direction.NORTHWEST: 'northwest'>, None)
  task=HEAL_CORE FAIL
[RUSH] --- rush eval at (11,13) en_core=(18,18) ---
[RUSH] step1: no flow tile in gunner range of core
[RUSH] step2: no flow tile near enemy core
[RUSH] step2.5: checking unconnected harvesters
[RUSH] step2.5: harvester (3,16) d²=229 flow=0.000 has adjacent flow, skip
[RUSH] _find_rush_ore: 10 total ore, 10 seen, sym=Symmetry.ROT candidates={<Symmetry.ROT: 1>, <Symmetry.HOR: 2>, <Symmetry.VER: 3>}
[RUSH]   ore (3,16) d²=229 bld=BuildingHarvester env=Environment.ORE_TITANIUM
[RUSH]   ore (16,3) d²=229 bld=None env=Environment.ORE_TITANIUM
[RUSH]   ore (16,13) d²=29 bld=BuildingHarvester env=Environment.ORE_TITANIUM
[RUSH]   PICKED: free ore at (16,2) d²=224
[RUSH] step3: free ore at (16,3)
[RUSH] step3: walking toward tap (16,2) for ore (16,3)
  task=RUSH 0us OK -> (<Direction.NORTHEAST: 'northeast'>, None)
  task=HEAL_CORE FAIL
[RUSH] --- rush eval at (13,11) en_core=(18,18) ---
[RUSH] step1: no flow tile in gunner range of core
[RUSH] step2: no flow tile near enemy core
[RUSH] step2.5: checking unconnected harvesters
[RUSH] step2.5: harvester (3,16) d²=229 flow=0.000 has adjacent flow, skip
[RUSH] _find_rush_ore: 10 total ore, 10 seen, sym=Symmetry.ROT candidates={<Symmetry.ROT: 1>, <Symmetry.HOR: 2>}
[RUSH]   ore (3,16) d²=229 bld=BuildingHarvester env=Environment.ORE_TITANIUM
[RUSH]   ore (16,3) d²=229 bld=None env=Environment.ORE_TITANIUM
[RUSH]   ore (16,13) d²=29 bld=BuildingHarvester env=Environment.ORE_TITANIUM
[RUSH]   PICKED: free ore at (16,2) d²=224
[RUSH] step3: free ore at (16,3)
[RUSH] step3: walking toward tap (16,2) for ore (16,3)
  task=RUSH 0us OK -> (<Direction.NORTHEAST: 'northeast'>, None)
  task=HEAL_CORE FAIL
[RUSH] --- rush eval at (6,16) en_core=(18,18) ---
[RUSH] step1: no flow tile in gunner range of core
[RUSH] step2: no flow tile near enemy core
[RUSH] step2.5: checking unconnected harvesters
[RUSH] step2.5: harvester (3,16) d²=229 flow=0.000 has adjacent flow, skip
[RUSH] _find_rush_ore: 10 total ore, 10 seen, sym=Symmetry.ROT candidates={<Symmetry.ROT: 1>, <Symmetry.HOR: 2>}
[RUSH]   ore (3,16) d²=229 bld=BuildingHarvester env=Environment.ORE_TITANIUM
[RUSH]   ore (16,3) d²=229 bld=None env=Environment.ORE_TITANIUM
[RUSH]   ore (16,13) d²=29 bld=BuildingHarvester env=Environment.ORE_TITANIUM
[RUSH]   PICKED: free ore at (16,2) d²=224
[RUSH] step3: free ore at (16,3)
[RUSH] step3: walking toward tap (16,2) for ore (16,3)
  task=RUSH 0us OK -> (<Direction.NORTHEAST: 'northeast'>, None)
  task=HEAL_CORE FAIL
[RUSH] --- rush eval at (13,12) en_core=(18,18) ---
[RUSH] step1: no flow tile in gunner range of core
[RUSH] step2: no flow tile near enemy core
[RUSH] step2.5: checking unconnected harvesters
[RUSH] step2.5: harvester (3,16) d²=229 flow=0.000 has adjacent flow, skip
[RUSH] _find_rush_ore: 10 total ore, 10 seen, sym=Symmetry.ROT candidates={<Symmetry.ROT: 1>, <Symmetry.HOR: 2>}
[RUSH]   ore (3,16) d²=229 bld=BuildingHarvester env=Environment.ORE_TITANIUM
[RUSH]   ore (16,3) d²=229 bld=None env=Environment.ORE_TITANIUM
[RUSH]   ore (16,13) d²=29 bld=BuildingHarvester env=Environment.ORE_TITANIUM
[RUSH]   PICKED: free ore at (16,2) d²=224
[RUSH] step3: free ore at (16,3)
[RUSH] step3: walking toward tap (16,2) for ore (16,3)
  task=RUSH 0us OK -> (<Direction.NORTHEAST: 'northeast'>, None)
  task=HEAL_CORE FAIL
[RUSH] --- rush eval at (12,14) en_core=(18,18) ---
[RUSH] step1: no flow tile in gunner range of core
[RUSH] step2: no flow tile near enemy core
[RUSH] step2.5: checking unconnected harvesters
[RUSH] step2.5: harvester (3,16) d²=229 flow=0.000 has adjacent flow, skip
[RUSH] _find_rush_ore: 10 total ore, 10 seen, sym=Symmetry.ROT candidates={<Symmetry.ROT: 1>, <Symmetry.HOR: 2>}
[RUSH]   ore (3,16) d²=229 bld=BuildingHarvester env=Environment.ORE_TITANIUM
[RUSH]   ore (16,3) d²=229 bld=None env=Environment.ORE_TITANIUM
[RUSH]   ore (16,13) d²=29 bld=BuildingHarvester env=Environment.ORE_TITANIUM
[RUSH]   PICKED: free ore at (16,2) d²=224
[RUSH] step3: free ore at (16,3)
[RUSH] step3: walking toward tap (16,2) for ore (16,3)
  task=RUSH 0us OK -> (<Direction.NORTH: 'north'>, None)
[GUN] (14,19) facing=EAST
[GUN] ray: target=Position(x=17, y=19) pri=4
[GUN] ammo=True
[GUN] feed_dir=WEST
[GUN] scan NORTHWEST: pri=3
[GUN] cur_pri=4 best_rot=NORTHWEST rot_pri=3
[GUN] FIRE at (17,19) pri=4
[GUN] (14,18) facing=EAST
[GUN] ray: target=None pri=0
[GUN] ammo=False
[GUN] no target, no ammo
  task=HEAL_CORE FAIL
[RUSH] --- rush eval at (6,17) en_core=(18,18) ---
[RUSH] step1: no flow tile in gunner range of core
[RUSH] step2: no flow tile near enemy core
[RUSH] step2.5: checking unconnected harvesters
[RUSH] step2.5: harvester (3,16) d²=229 flow=0.000 has adjacent flow, skip
[RUSH] _find_rush_ore: 10 total ore, 10 seen, sym=Symmetry.ROT candidates={<Symmetry.ROT: 1>}
[RUSH]   ore (3,16) d²=229 bld=BuildingHarvester env=Environment.ORE_TITANIUM
[RUSH]   ore (16,3) d²=229 bld=None env=Environment.ORE_TITANIUM
[RUSH]   ore (16,13) d²=29 bld=BuildingHarvester env=Environment.ORE_TITANIUM
[RUSH]   PICKED: free ore at (16,2) d²=224
[RUSH] step3: free ore at (16,3)
[RUSH] step3: walking toward tap (16,2) for ore (16,3)
  task=RUSH 0us OK -> (<Direction.NORTH: 'north'>, None)
  task=HEAL_CORE FAIL
[RUSH] --- rush eval at (12,12) en_core=(18,18) ---
[RUSH] step1: no flow tile in gunner range of core
[RUSH] step2: no flow tile near enemy core
[RUSH] step2.5: checking unconnected harvesters
[RUSH] step2.5: harvester (3,16) d²=229 flow=0.000 has adjacent flow, skip
[RUSH] _find_rush_ore: 10 total ore, 10 seen, sym=Symmetry.ROT candidates={<Symmetry.ROT: 1>, <Symmetry.HOR: 2>, <Symmetry.VER: 3>}
[RUSH]   ore (3,16) d²=229 bld=BuildingHarvester env=Environment.ORE_TITANIUM
[RUSH]   ore (16,3) d²=229 bld=None env=Environment.ORE_TITANIUM
[RUSH]   ore (16,13) d²=29 bld=BuildingHarvester env=Environment.ORE_TITANIUM
[RUSH]   PICKED: free ore at (16,2) d²=224
[RUSH] step3: free ore at (16,3)
[RUSH] step3: walking toward tap (16,2) for ore (16,3)
  task=RUSH 0us OK -> (<Direction.NORTHEAST: 'northeast'>, None)
  task=HEAL_CORE FAIL
[RUSH] --- rush eval at (14,10) en_core=(18,18) ---
[RUSH] step1: no flow tile in gunner range of core
[RUSH] step2: no flow tile near enemy core
[RUSH] step2.5: checking unconnected harvesters
[RUSH] step2.5: harvester (3,16) d²=229 flow=0.000 has adjacent flow, skip
[RUSH] _find_rush_ore: 10 total ore, 10 seen, sym=Symmetry.ROT candidates={<Symmetry.ROT: 1>, <Symmetry.HOR: 2>}
[RUSH]   ore (3,16) d²=229 bld=BuildingHarvester env=Environment.ORE_TITANIUM
[RUSH]   ore (16,3) d²=229 bld=None env=Environment.ORE_TITANIUM
[RUSH]   ore (16,13) d²=29 bld=BuildingHarvester env=Environment.ORE_TITANIUM
[RUSH]   PICKED: free ore at (16,2) d²=224
[RUSH] step3: free ore at (16,3)
[RUSH] step3: walking toward tap (16,2) for ore (16,3)
  task=RUSH 0us OK -> (<Direction.NORTHEAST: 'northeast'>, None)
  task=HEAL_CORE FAIL
[RUSH] --- rush eval at (7,15) en_core=(18,18) ---
[RUSH] step1: no flow tile in gunner range of core
[RUSH] step2: no flow tile near enemy core
[RUSH] step2.5: checking unconnected harvesters
[RUSH] step2.5: harvester (3,16) d²=229 flow=0.000 has adjacent flow, skip
[RUSH] _find_rush_ore: 10 total ore, 10 seen, sym=Symmetry.ROT candidates={<Symmetry.ROT: 1>, <Symmetry.HOR: 2>}
[RUSH]   ore (3,16) d²=229 bld=BuildingHarvester env=Environment.ORE_TITANIUM
[RUSH]   ore (16,3) d²=229 bld=None env=Environment.ORE_TITANIUM
[RUSH]   ore (16,13) d²=29 bld=BuildingHarvester env=Environment.ORE_TITANIUM
[RUSH]   PICKED: free ore at (16,2) d²=224
[RUSH] step3: free ore at (16,3)
[RUSH] step3: walking toward tap (16,2) for ore (16,3)
  task=RUSH 0us OK -> (<Direction.NORTHEAST: 'northeast'>, None)
  task=HEAL_CORE FAIL
[RUSH] --- rush eval at (14,11) en_core=(18,18) ---
[RUSH] step1: no flow tile in gunner range of core
[RUSH] step2: no flow tile near enemy core
[RUSH] step2.5: checking unconnected harvesters
[RUSH] step2.5: harvester (3,16) d²=229 flow=0.000 has adjacent flow, skip
[RUSH] _find_rush_ore: 10 total ore, 10 seen, sym=Symmetry.ROT candidates={<Symmetry.ROT: 1>, <Symmetry.HOR: 2>}
[RUSH]   ore (3,16) d²=229 bld=BuildingHarvester env=Environment.ORE_TITANIUM
[RUSH]   ore (16,3) d²=229 bld=None env=Environment.ORE_TITANIUM
[RUSH]   ore (16,13) d²=29 bld=BuildingHarvester env=Environment.ORE_TITANIUM
[RUSH]   PICKED: free ore at (16,2) d²=224
[RUSH] step3: free ore at (16,3)
[RUSH] step3: walking toward tap (16,2) for ore (16,3)
  task=RUSH 0us OK -> (<Direction.NORTH: 'north'>, None)
  task=HEAL_CORE FAIL
[RUSH] --- rush eval at (12,13) en_core=(18,18) ---
[RUSH] step1: no flow tile in gunner range of core
[RUSH] step2: no flow tile near enemy core
[RUSH] step2.5: checking unconnected harvesters
[RUSH] step2.5: harvester (3,16) d²=229 flow=0.000 has adjacent flow, skip
[RUSH] _find_rush_ore: 10 total ore, 10 seen, sym=Symmetry.ROT candidates={<Symmetry.ROT: 1>, <Symmetry.HOR: 2>}
[RUSH]   ore (3,16) d²=229 bld=BuildingHarvester env=Environment.ORE_TITANIUM
[RUSH]   ore (16,3) d²=229 bld=None env=Environment.ORE_TITANIUM
[RUSH]   ore (16,13) d²=29 bld=BuildingHarvester env=Environment.ORE_TITANIUM
[RUSH]   PICKED: free ore at (16,2) d²=224
[RUSH] step3: free ore at (16,3)
[RUSH] step3: walking toward tap (16,2) for ore (16,3)
  task=RUSH 0us OK -> (<Direction.NORTHEAST: 'northeast'>, None)
[GUN] (14,19) facing=EAST
[GUN] ray: target=Position(x=17, y=19) pri=4
[GUN] ammo=True
[GUN] feed_dir=WEST
[GUN] scan NORTHWEST: pri=3
[GUN] cur_pri=4 best_rot=NORTHWEST rot_pri=3
[GUN] FIRE at (17,19) pri=4
[GUN] (14,18) facing=EAST
[GUN] ray: target=None pri=0
[GUN] ammo=False
[GUN] no target, no ammo
  task=HEAL_CORE FAIL
[RUSH] --- rush eval at (6,16) en_core=(18,18) ---
[RUSH] step1: no flow tile in gunner range of core
[RUSH] step2: no flow tile near enemy core
[RUSH] step2.5: checking unconnected harvesters
[RUSH] step2.5: harvester (3,16) d²=229 flow=0.000 has adjacent flow, skip
[RUSH] _find_rush_ore: 10 total ore, 10 seen, sym=Symmetry.ROT candidates={<Symmetry.ROT: 1>}
[RUSH]   ore (3,16) d²=229 bld=BuildingHarvester env=Environment.ORE_TITANIUM
[RUSH]   ore (16,3) d²=229 bld=None env=Environment.ORE_TITANIUM
[RUSH]   ore (16,13) d²=29 bld=BuildingHarvester env=Environment.ORE_TITANIUM
[RUSH]   PICKED: free ore at (16,2) d²=224
[RUSH] step3: free ore at (16,3)
[RUSH] step3: walking toward tap (16,2) for ore (16,3)
  task=RUSH 0us OK -> (<Direction.NORTHEAST: 'northeast'>, None)
  task=HEAL_CORE FAIL
[RUSH] --- rush eval at (13,11) en_core=(18,18) ---
[RUSH] step1: no flow tile in gunner range of core
[RUSH] step2: no flow tile near enemy core
[RUSH] step2.5: checking unconnected harvesters
[RUSH] step2.5: harvester (3,16) d²=229 flow=0.000 has adjacent flow, skip
[RUSH] _find_rush_ore: 10 total ore, 10 seen, sym=Symmetry.ROT candidates={<Symmetry.ROT: 1>, <Symmetry.HOR: 2>, <Symmetry.VER: 3>}
[RUSH]   ore (3,16) d²=229 bld=BuildingHarvester env=Environment.ORE_TITANIUM
[RUSH]   ore (16,3) d²=229 bld=None env=Environment.ORE_TITANIUM
[RUSH]   ore (16,13) d²=29 bld=BuildingHarvester env=Environment.ORE_TITANIUM
[RUSH]   PICKED: free ore at (16,2) d²=224
[RUSH] step3: free ore at (16,3)
[RUSH] step3: walking toward tap (16,2) for ore (16,3)
  task=RUSH 0us OK -> (<Direction.NORTHWEST: 'northwest'>, None)
  task=HEAL_CORE FAIL
[RUSH] --- rush eval at (15,9) en_core=(18,18) ---
[RUSH] step1: no flow tile in gunner range of core
[RUSH] step2: no flow tile near enemy core
[RUSH] step2.5: checking unconnected harvesters
[RUSH] step2.5: harvester (3,16) d²=229 flow=0.000 has adjacent flow, skip
[RUSH] _find_rush_ore: 10 total ore, 10 seen, sym=Symmetry.ROT candidates={<Symmetry.ROT: 1>, <Symmetry.HOR: 2>}
[RUSH]   ore (3,16) d²=229 bld=BuildingHarvester env=Environment.ORE_TITANIUM
[RUSH]   ore (16,3) d²=229 bld=None env=Environment.ORE_TITANIUM
[RUSH]   ore (16,13) d²=29 bld=BuildingHarvester env=Environment.ORE_TITANIUM
[RUSH]   PICKED: free ore at (16,2) d²=224
[RUSH] step3: free ore at (16,3)
[RUSH] step3: walking toward tap (16,2) for ore (16,3)
  task=RUSH 0us OK -> (<Direction.NORTH: 'north'>, None)
  task=HEAL_CORE FAIL
[RUSH] --- rush eval at (8,14) en_core=(18,18) ---
[RUSH] step1: no flow tile in gunner range of core
[RUSH] step2: no flow tile near enemy core
[RUSH] step2.5: checking unconnected harvesters
[RUSH] step2.5: harvester (3,16) d²=229 flow=0.000 has adjacent flow, skip
[RUSH] _find_rush_ore: 10 total ore, 10 seen, sym=Symmetry.ROT candidates={<Symmetry.ROT: 1>, <Symmetry.HOR: 2>}
[RUSH]   ore (3,16) d²=229 bld=BuildingHarvester env=Environment.ORE_TITANIUM
[RUSH]   ore (16,3) d²=229 bld=None env=Environment.ORE_TITANIUM
[RUSH]   ore (16,13) d²=29 bld=BuildingHarvester env=Environment.ORE_TITANIUM
[RUSH]   PICKED: free ore at (16,2) d²=224
[RUSH] step3: free ore at (16,3)
[RUSH] step3: walking toward tap (16,2) for ore (16,3)
  task=RUSH 0us OK -> (<Direction.NORTHEAST: 'northeast'>, None)
  task=HEAL_CORE FAIL
[RUSH] --- rush eval at (14,10) en_core=(18,18) ---
[RUSH] step1: no flow tile in gunner range of core
[RUSH] step2: no flow tile near enemy core
[RUSH] step2.5: checking unconnected harvesters
[RUSH] step2.5: harvester (3,16) d²=229 flow=0.000 has adjacent flow, skip
[RUSH] _find_rush_ore: 10 total ore, 10 seen, sym=Symmetry.ROT candidates={<Symmetry.ROT: 1>, <Symmetry.HOR: 2>}
[RUSH]   ore (3,16) d²=229 bld=BuildingHarvester env=Environment.ORE_TITANIUM
[RUSH]   ore (16,3) d²=229 bld=None env=Environment.ORE_TITANIUM
[RUSH]   ore (16,13) d²=29 bld=BuildingHarvester env=Environment.ORE_TITANIUM
[RUSH]   PICKED: free ore at (16,2) d²=224
[RUSH] step3: free ore at (16,3)
[RUSH] step3: walking toward tap (16,2) for ore (16,3)
  task=RUSH 0us OK -> (<Direction.NORTHEAST: 'northeast'>, None)
  task=HEAL_CORE FAIL
[RUSH] --- rush eval at (13,12) en_core=(18,18) ---
[RUSH] step1: no flow tile in gunner range of core
[RUSH] step2: no flow tile near enemy core
[RUSH] step2.5: checking unconnected harvesters
[RUSH] step2.5: harvester (3,16) d²=229 flow=0.000 has adjacent flow, skip
[RUSH] _find_rush_ore: 10 total ore, 10 seen, sym=Symmetry.ROT candidates={<Symmetry.ROT: 1>, <Symmetry.HOR: 2>}
[RUSH]   ore (3,16) d²=229 bld=BuildingHarvester env=Environment.ORE_TITANIUM
[RUSH]   ore (16,3) d²=229 bld=None env=Environment.ORE_TITANIUM
[RUSH]   ore (16,13) d²=29 bld=BuildingHarvester env=Environment.ORE_TITANIUM
[RUSH]   PICKED: free ore at (16,2) d²=224
[RUSH] step3: free ore at (16,3)
[RUSH] step3: walking toward tap (16,2) for ore (16,3)
  task=RUSH 0us OK -> (<Direction.NORTHEAST: 'northeast'>, None)
[GUN] (14,19) facing=EAST
[GUN] ray: target=Position(x=17, y=19) pri=4
[GUN] ammo=True
[GUN] feed_dir=WEST
[GUN] scan NORTHWEST: pri=3
[GUN] cur_pri=4 best_rot=NORTHWEST rot_pri=3
[GUN] FIRE at (17,19) pri=4
[GUN] (14,18) facing=EAST
[GUN] ray: target=None pri=0
[GUN] ammo=False
[GUN] no target, no ammo
  task=HEAL_CORE FAIL
[RUSH] --- rush eval at (7,15) en_core=(18,18) ---
[RUSH] step1: no flow tile in gunner range of core
[RUSH] step2: no flow tile near enemy core
[RUSH] step2.5: checking unconnected harvesters
[RUSH] step2.5: harvester (3,16) d²=229 flow=0.000 has adjacent flow, skip
[RUSH] _find_rush_ore: 10 total ore, 10 seen, sym=Symmetry.ROT candidates={<Symmetry.ROT: 1>}
[RUSH]   ore (3,16) d²=229 bld=BuildingHarvester env=Environment.ORE_TITANIUM
[RUSH]   ore (16,3) d²=229 bld=None env=Environment.ORE_TITANIUM
[RUSH]   ore (16,13) d²=29 bld=BuildingHarvester env=Environment.ORE_TITANIUM
[RUSH]   PICKED: free ore at (16,2) d²=224
[RUSH] step3: free ore at (16,3)
[RUSH] step3: walking toward tap (16,2) for ore (16,3)
  task=RUSH 0us OK -> (<Direction.NORTHEAST: 'northeast'>, None)
  task=HEAL_CORE FAIL
[RUSH] --- rush eval at (12,10) en_core=(18,18) ---
[RUSH] step1: no flow tile in gunner range of core
[RUSH] step2: no flow tile near enemy core
[RUSH] step2.5: checking unconnected harvesters
[RUSH] step2.5: harvester (3,16) d²=229 flow=0.000 has adjacent flow, skip
[RUSH] _find_rush_ore: 10 total ore, 10 seen, sym=Symmetry.ROT candidates={<Symmetry.ROT: 1>, <Symmetry.HOR: 2>, <Symmetry.VER: 3>}
[RUSH]   ore (3,16) d²=229 bld=BuildingHarvester env=Environment.ORE_TITANIUM
[RUSH]   ore (16,3) d²=229 bld=None env=Environment.ORE_TITANIUM
[RUSH]   ore (16,13) d²=29 bld=BuildingHarvester env=Environment.ORE_TITANIUM
[RUSH]   PICKED: free ore at (16,2) d²=224
[RUSH] step3: free ore at (16,3)
[RUSH] step3: walking toward tap (16,2) for ore (16,3)
  task=RUSH 0us OK -> (<Direction.NORTHEAST: 'northeast'>, None)
  task=HEAL_CORE FAIL
[RUSH] --- rush eval at (15,8) en_core=(18,18) ---
[RUSH] step1: no flow tile in gunner range of core
[RUSH] step2: no flow tile near enemy core
[RUSH] step2.5: checking unconnected harvesters
[RUSH] step2.5: harvester (3,16) d²=229 flow=0.000 has adjacent flow, skip
[RUSH] _find_rush_ore: 10 total ore, 10 seen, sym=Symmetry.ROT candidates={<Symmetry.ROT: 1>, <Symmetry.HOR: 2>}
[RUSH]   ore (3,16) d²=229 bld=BuildingHarvester env=Environment.ORE_TITANIUM
[RUSH]   ore (16,3) d²=229 bld=None env=Environment.ORE_TITANIUM
[RUSH]   ore (16,13) d²=29 bld=BuildingHarvester env=Environment.ORE_TITANIUM
[RUSH]   PICKED: free ore at (16,2) d²=224
[RUSH] step3: free ore at (16,3)
[RUSH] step3: walking toward tap (16,2) for ore (16,3)
  task=RUSH 0us OK -> (<Direction.NORTHEAST: 'northeast'>, None)
  task=HEAL_CORE FAIL
[RUSH] --- rush eval at (9,13) en_core=(18,18) ---
[RUSH] step1: no flow tile in gunner range of core
[RUSH] step2: no flow tile near enemy core
[RUSH] step2.5: checking unconnected harvesters
[RUSH] step2.5: harvester (3,16) d²=229 flow=0.000 has adjacent flow, skip
[RUSH] _find_rush_ore: 10 total ore, 10 seen, sym=Symmetry.ROT candidates={<Symmetry.ROT: 1>, <Symmetry.HOR: 2>}
[RUSH]   ore (3,16) d²=229 bld=BuildingHarvester env=Environment.ORE_TITANIUM
[RUSH]   ore (16,3) d²=229 bld=None env=Environment.ORE_TITANIUM
[RUSH]   ore (16,13) d²=29 bld=BuildingHarvester env=Environment.ORE_TITANIUM
[RUSH]   PICKED: free ore at (16,2) d²=224
[RUSH] step3: free ore at (16,3)
[RUSH] step3: walking toward tap (16,2) for ore (16,3)
  task=RUSH 0us OK -> (<Direction.NORTHEAST: 'northeast'>, None)
  task=HEAL_CORE FAIL
[RUSH] --- rush eval at (15,9) en_core=(18,18) ---
[RUSH] step1: no flow tile in gunner range of core
[RUSH] step2: no flow tile near enemy core
[RUSH] step2.5: checking unconnected harvesters
[RUSH] step2.5: harvester (3,16) d²=229 flow=0.000 has adjacent flow, skip
[RUSH] _find_rush_ore: 10 total ore, 10 seen, sym=Symmetry.ROT candidates={<Symmetry.ROT: 1>, <Symmetry.HOR: 2>}
[RUSH]   ore (3,16) d²=229 bld=BuildingHarvester env=Environment.ORE_TITANIUM
[RUSH]   ore (16,3) d²=229 bld=None env=Environment.ORE_TITANIUM
[RUSH]   ore (16,13) d²=29 bld=BuildingHarvester env=Environment.ORE_TITANIUM
[RUSH]   PICKED: free ore at (16,2) d²=224
[RUSH] step3: free ore at (16,3)
[RUSH] step3: walking toward tap (16,2) for ore (16,3)
  task=RUSH 0us OK -> (<Direction.NORTHWEST: 'northwest'>, None)
  task=HEAL_CORE FAIL
[RUSH] --- rush eval at (14,11) en_core=(18,18) ---
[RUSH] step1: no flow tile in gunner range of core
[RUSH] step2: no flow tile near enemy core
[RUSH] step2.5: checking unconnected harvesters
[RUSH] step2.5: harvester (3,16) d²=229 flow=0.000 has adjacent flow, skip
[RUSH] _find_rush_ore: 10 total ore, 10 seen, sym=Symmetry.ROT candidates={<Symmetry.ROT: 1>, <Symmetry.HOR: 2>}
[RUSH]   ore (3,16) d²=229 bld=BuildingHarvester env=Environment.ORE_TITANIUM
[RUSH]   ore (16,3) d²=229 bld=None env=Environment.ORE_TITANIUM
[RUSH]   ore (16,13) d²=29 bld=BuildingHarvester env=Environment.ORE_TITANIUM
[RUSH]   PICKED: free ore at (16,2) d²=224
[RUSH] step3: free ore at (16,3)
[RUSH] step3: walking toward tap (16,2) for ore (16,3)
  task=RUSH 0us OK -> (<Direction.NORTH: 'north'>, None)
[GUN] (14,19) facing=EAST
[GUN] ray: target=Position(x=17, y=19) pri=4
[GUN] ammo=True
[GUN] feed_dir=WEST
[GUN] scan NORTHWEST: pri=3
[GUN] cur_pri=4 best_rot=NORTHWEST rot_pri=3
[GUN] FIRE at (17,19) pri=4
[GUN] (14,18) facing=EAST
[GUN] ray: target=Position(x=17, y=18) pri=4
[GUN] ammo=True
[GUN] feed_dir=SOUTHWEST
[GUN] scan NORTH: pri=1
[GUN] scan NORTHEAST: pri=2
[GUN] scan WEST: pri=3
[GUN] scan NORTHWEST: pri=1
[GUN] cur_pri=4 best_rot=WEST rot_pri=3
[GUN] FIRE at (17,18) pri=4
  task=HEAL_CORE FAIL
[RUSH] --- rush eval at (8,14) en_core=(18,18) ---
[RUSH] step1: no flow tile in gunner range of core
[RUSH] step2: no flow tile near enemy core
[RUSH] step2.5: checking unconnected harvesters
[RUSH] step2.5: harvester (3,16) d²=229 flow=0.000 has adjacent flow, skip
[RUSH] _find_rush_ore: 10 total ore, 10 seen, sym=Symmetry.ROT candidates={<Symmetry.ROT: 1>}
[RUSH]   ore (3,16) d²=229 bld=BuildingHarvester env=Environment.ORE_TITANIUM
[RUSH]   ore (16,3) d²=229 bld=None env=Environment.ORE_TITANIUM
[RUSH]   ore (16,13) d²=29 bld=BuildingHarvester env=Environment.ORE_TITANIUM
[RUSH]   PICKED: free ore at (16,2) d²=224
[RUSH] step3: free ore at (16,3)
[RUSH] step3: walking toward tap (16,2) for ore (16,3)
  task=RUSH 0us OK -> (<Direction.NORTHEAST: 'northeast'>, None)
  task=HEAL_CORE FAIL
[RUSH] --- rush eval at (13,9) en_core=(18,18) ---
[RUSH] step1: no flow tile in gunner range of core
[RUSH] step2: no flow tile near enemy core
[RUSH] step2.5: checking unconnected harvesters
[RUSH] step2.5: harvester (3,16) d²=229 flow=0.000 has adjacent flow, skip
[RUSH] _find_rush_ore: 10 total ore, 10 seen, sym=Symmetry.ROT candidates={<Symmetry.ROT: 1>, <Symmetry.HOR: 2>, <Symmetry.VER: 3>}
[RUSH]   ore (3,16) d²=229 bld=BuildingHarvester env=Environment.ORE_TITANIUM
[RUSH]   ore (16,3) d²=229 bld=None env=Environment.ORE_TITANIUM
[RUSH]   ore (16,13) d²=29 bld=BuildingHarvester env=Environment.ORE_TITANIUM
[RUSH]   PICKED: free ore at (16,2) d²=224
[RUSH] step3: free ore at (16,3)
[RUSH] step3: walking toward tap (16,2) for ore (16,3)
  task=RUSH 0us OK -> (<Direction.NORTHWEST: 'northwest'>, None)
  task=HEAL_CORE FAIL
[RUSH] --- rush eval at (16,7) en_core=(18,18) ---
[RUSH] step1: no flow tile in gunner range of core
[RUSH] step2: no flow tile near enemy core
[RUSH] step2.5: checking unconnected harvesters
[RUSH] step2.5: harvester (3,16) d²=229 flow=0.000 has adjacent flow, skip
[RUSH] _find_rush_ore: 10 total ore, 10 seen, sym=Symmetry.ROT candidates={<Symmetry.ROT: 1>, <Symmetry.HOR: 2>}
[RUSH]   ore (3,16) d²=229 bld=BuildingHarvester env=Environment.ORE_TITANIUM
[RUSH]   ore (16,3) d²=229 bld=None env=Environment.ORE_TITANIUM
[RUSH]   ore (16,13) d²=29 bld=BuildingHarvester env=Environment.ORE_TITANIUM
[RUSH]   PICKED: free ore at (16,2) d²=224
[RUSH] step3: free ore at (16,3)
[RUSH] step3: walking toward tap (16,2) for ore (16,3)
  task=RUSH 0us OK -> (<Direction.NORTH: 'north'>, PlaceRoad(pos=Position(x=16, y=6)))
  task=HEAL_CORE FAIL
[RUSH] --- rush eval at (10,12) en_core=(18,18) ---
[RUSH] step1: no flow tile in gunner range of core
[RUSH] step2: no flow tile near enemy core
[RUSH] step2.5: checking unconnected harvesters
[RUSH] step2.5: harvester (3,16) d²=229 flow=0.000 has adjacent flow, skip
[RUSH] _find_rush_ore: 10 total ore, 10 seen, sym=Symmetry.ROT candidates={<Symmetry.ROT: 1>, <Symmetry.HOR: 2>}
[RUSH]   ore (3,16) d²=229 bld=BuildingHarvester env=Environment.ORE_TITANIUM
[RUSH]   ore (16,3) d²=229 bld=None env=Environment.ORE_TITANIUM
[RUSH]   ore (16,13) d²=29 bld=BuildingHarvester env=Environment.ORE_TITANIUM
[RUSH]   PICKED: free ore at (16,2) d²=224
[RUSH] step3: free ore at (16,3)
[RUSH] step3: walking toward tap (16,2) for ore (16,3)
  task=RUSH 0us OK -> (<Direction.NORTHEAST: 'northeast'>, None)
  task=HEAL_CORE FAIL
[RUSH] --- rush eval at (14,8) en_core=(18,18) ---
[RUSH] step1: no flow tile in gunner range of core
[RUSH] step2: no flow tile near enemy core
[RUSH] step2.5: checking unconnected harvesters
[RUSH] step2.5: harvester (3,16) d²=229 flow=0.000 has adjacent flow, skip
[RUSH] _find_rush_ore: 10 total ore, 10 seen, sym=Symmetry.ROT candidates={<Symmetry.ROT: 1>, <Symmetry.HOR: 2>}
[RUSH]   ore (3,16) d²=229 bld=BuildingHarvester env=Environment.ORE_TITANIUM
[RUSH]   ore (16,3) d²=229 bld=None env=Environment.ORE_TITANIUM
[RUSH]   ore (16,13) d²=29 bld=BuildingHarvester env=Environment.ORE_TITANIUM
[RUSH]   PICKED: free ore at (16,2) d²=224
[RUSH] step3: free ore at (16,3)
[RUSH] step3: walking toward tap (16,2) for ore (16,3)
  task=RUSH 0us OK -> (<Direction.NORTHWEST: 'northwest'>, None)
  task=HEAL_CORE FAIL
[RUSH] --- rush eval at (14,10) en_core=(18,18) ---
[RUSH] step1: no flow tile in gunner range of core
[RUSH] step2: no flow tile near enemy core
[RUSH] step2.5: checking unconnected harvesters
[RUSH] step2.5: harvester (3,16) d²=229 flow=0.000 has adjacent flow, skip
[RUSH] _find_rush_ore: 10 total ore, 10 seen, sym=Symmetry.ROT candidates={<Symmetry.ROT: 1>, <Symmetry.HOR: 2>}
[RUSH]   ore (3,16) d²=229 bld=BuildingHarvester env=Environment.ORE_TITANIUM
[RUSH]   ore (16,3) d²=229 bld=None env=Environment.ORE_TITANIUM
[RUSH]   ore (16,13) d²=29 bld=BuildingHarvester env=Environment.ORE_TITANIUM
[RUSH]   PICKED: free ore at (16,2) d²=224
[RUSH] step3: free ore at (16,3)
[RUSH] step3: walking toward tap (16,2) for ore (16,3)
  task=RUSH 0us OK -> (<Direction.NORTHEAST: 'northeast'>, None)
[GUN] (14,19) facing=EAST
[GUN] ray: target=Position(x=17, y=19) pri=4
[GUN] ammo=True
[GUN] feed_dir=WEST
[GUN] scan NORTHWEST: pri=3
[GUN] cur_pri=4 best_rot=NORTHWEST rot_pri=3
[GUN] FIRE at (17,19) pri=4
[GUN] (14,18) facing=EAST
[GUN] ray: target=Position(x=17, y=18) pri=4
[GUN] ammo=True
[GUN] feed_dir=SOUTHWEST
[GUN] scan NORTH: pri=1
[GUN] scan NORTHEAST: pri=2
[GUN] scan WEST: pri=3
[GUN] scan NORTHWEST: pri=1
[GUN] cur_pri=4 best_rot=WEST rot_pri=3
[GUN] FIRE at (17,18) pri=4
  task=HEAL_CORE FAIL
[RUSH] --- rush eval at (9,13) en_core=(18,18) ---
[RUSH] step1: no flow tile in gunner range of core
[RUSH] step2: no flow tile near enemy core
[RUSH] step2.5: checking unconnected harvesters
[RUSH] step2.5: harvester (3,16) d²=229 flow=0.000 has adjacent flow, skip
[RUSH] _find_rush_ore: 10 total ore, 10 seen, sym=Symmetry.ROT candidates={<Symmetry.ROT: 1>}
[RUSH]   ore (3,16) d²=229 bld=BuildingHarvester env=Environment.ORE_TITANIUM
[RUSH]   ore (16,3) d²=229 bld=None env=Environment.ORE_TITANIUM
[RUSH]   ore (16,13) d²=29 bld=BuildingHarvester env=Environment.ORE_TITANIUM
[RUSH]   PICKED: free ore at (16,2) d²=224
[RUSH] step3: free ore at (16,3)
[RUSH] step3: walking toward tap (16,2) for ore (16,3)
  task=RUSH 0us OK -> (<Direction.NORTHEAST: 'northeast'>, None)
  task=HEAL_CORE FAIL
[RUSH] --- rush eval at (12,8) en_core=(18,18) ---
[RUSH] step1: no flow tile in gunner range of core
[RUSH] step2: no flow tile near enemy core
[RUSH] step2.5: checking unconnected harvesters
[RUSH] step2.5: harvester (3,16) d²=229 flow=0.000 has adjacent flow, skip
[RUSH] _find_rush_ore: 10 total ore, 10 seen, sym=Symmetry.ROT candidates={<Symmetry.ROT: 1>, <Symmetry.HOR: 2>, <Symmetry.VER: 3>}
[RUSH]   ore (3,16) d²=229 bld=BuildingHarvester env=Environment.ORE_TITANIUM
[RUSH]   ore (16,3) d²=229 bld=None env=Environment.ORE_TITANIUM
[RUSH]   ore (16,13) d²=29 bld=BuildingHarvester env=Environment.ORE_TITANIUM
[RUSH]   PICKED: free ore at (16,2) d²=224
[RUSH] step3: free ore at (16,3)
[RUSH] step3: walking toward tap (16,2) for ore (16,3)
  task=RUSH 0us OK -> (<Direction.NORTH: 'north'>, None)
  task=HEAL_CORE FAIL
[RUSH] --- rush eval at (16,6) en_core=(18,18) ---
[RUSH] step1: no flow tile in gunner range of core
[RUSH] step2: no flow tile near enemy core
[RUSH] step2.5: checking unconnected harvesters
[RUSH] step2.5: harvester (3,16) d²=229 flow=0.000 has adjacent flow, skip
[RUSH] _find_rush_ore: 10 total ore, 10 seen, sym=Symmetry.ROT candidates={<Symmetry.ROT: 1>, <Symmetry.HOR: 2>}
[RUSH]   ore (3,16) d²=229 bld=BuildingHarvester env=Environment.ORE_TITANIUM
[RUSH]   ore (16,3) d²=229 bld=None env=Environment.ORE_TITANIUM
[RUSH]   ore (16,13) d²=29 bld=BuildingHarvester env=Environment.ORE_TITANIUM
[RUSH]   PICKED: free ore at (16,2) d²=224
[RUSH] step3: free ore at (16,3)
[RUSH] step3: walking toward tap (16,2) for ore (16,3)
  task=RUSH 0us OK -> (<Direction.NORTH: 'north'>, PlaceRoad(pos=Position(x=16, y=5)))
  task=HEAL_CORE FAIL
[RUSH] --- rush eval at (11,11) en_core=(18,18) ---
[RUSH] step1: no flow tile in gunner range of core
[RUSH] step2: no flow tile near enemy core
[RUSH] step2.5: checking unconnected harvesters
[RUSH] step2.5: harvester (3,16) d²=229 flow=0.000 has adjacent flow, skip
[RUSH] _find_rush_ore: 10 total ore, 10 seen, sym=Symmetry.ROT candidates={<Symmetry.ROT: 1>, <Symmetry.HOR: 2>}
[RUSH]   ore (3,16) d²=229 bld=BuildingHarvester env=Environment.ORE_TITANIUM
[RUSH]   ore (16,3) d²=229 bld=None env=Environment.ORE_TITANIUM
[RUSH]   ore (16,13) d²=29 bld=BuildingHarvester env=Environment.ORE_TITANIUM
[RUSH]   PICKED: free ore at (16,2) d²=224
[RUSH] step3: free ore at (16,3)
[RUSH] step3: walking toward tap (16,2) for ore (16,3)
  task=RUSH 0us OK -> (<Direction.NORTH: 'north'>, None)
  task=HEAL_CORE FAIL
[RUSH] --- rush eval at (13,7) en_core=(18,18) ---
[RUSH] step1: no flow tile in gunner range of core
[RUSH] step2: no flow tile near enemy core
[RUSH] step2.5: checking unconnected harvesters
[RUSH] step2.5: harvester (3,16) d²=229 flow=0.000 has adjacent flow, skip
[RUSH] _find_rush_ore: 10 total ore, 10 seen, sym=Symmetry.ROT candidates={<Symmetry.ROT: 1>, <Symmetry.HOR: 2>}
[RUSH]   ore (3,16) d²=229 bld=BuildingHarvester env=Environment.ORE_TITANIUM
[RUSH]   ore (16,3) d²=229 bld=None env=Environment.ORE_TITANIUM
[RUSH]   ore (16,13) d²=29 bld=BuildingHarvester env=Environment.ORE_TITANIUM
[RUSH]   PICKED: free ore at (16,2) d²=224
[RUSH] step3: free ore at (16,3)
[RUSH] step3: walking toward tap (16,2) for ore (16,3)
  task=RUSH 0us OK -> (<Direction.NORTHWEST: 'northwest'>, None)
  task=HEAL_CORE FAIL
[RUSH] --- rush eval at (15,9) en_core=(18,18) ---
[RUSH] step1: no flow tile in gunner range of core
[RUSH] step2: no flow tile near enemy core
[RUSH] step2.5: checking unconnected harvesters
[RUSH] step2.5: harvester (3,16) d²=229 flow=0.000 has adjacent flow, skip
[RUSH] _find_rush_ore: 10 total ore, 10 seen, sym=Symmetry.ROT candidates={<Symmetry.ROT: 1>, <Symmetry.HOR: 2>}
[RUSH]   ore (3,16) d²=229 bld=BuildingHarvester env=Environment.ORE_TITANIUM
[RUSH]   ore (16,3) d²=229 bld=None env=Environment.ORE_TITANIUM
[RUSH]   ore (16,13) d²=29 bld=BuildingHarvester env=Environment.ORE_TITANIUM
[RUSH]   PICKED: free ore at (16,2) d²=224
[RUSH] step3: free ore at (16,3)
[RUSH] step3: walking toward tap (16,2) for ore (16,3)
  task=RUSH 0us OK -> (<Direction.NORTH: 'north'>, None)
[GUN] (14,19) facing=EAST
[GUN] ray: target=Position(x=17, y=19) pri=4
[GUN] ammo=True
[GUN] feed_dir=WEST
[GUN] scan NORTHWEST: pri=3
[GUN] cur_pri=4 best_rot=NORTHWEST rot_pri=3
[GUN] FIRE at (17,19) pri=4
[GUN] (14,18) facing=EAST
[GUN] ray: target=Position(x=17, y=18) pri=4
[GUN] ammo=True
[GUN] feed_dir=SOUTHWEST
[GUN] scan NORTH: pri=1
[GUN] scan NORTHEAST: pri=2
[GUN] scan WEST: pri=3
[GUN] scan NORTHWEST: pri=1
[GUN] cur_pri=4 best_rot=WEST rot_pri=3
[GUN] FIRE at (17,18) pri=4
  task=HEAL_CORE FAIL
[RUSH] --- rush eval at (10,12) en_core=(18,18) ---
[RUSH] step1: no flow tile in gunner range of core
[RUSH] step2: no flow tile near enemy core
[RUSH] step2.5: checking unconnected harvesters
[RUSH] step2.5: harvester (3,16) d²=229 flow=0.000 has adjacent flow, skip
[RUSH] _find_rush_ore: 10 total ore, 10 seen, sym=Symmetry.ROT candidates={<Symmetry.ROT: 1>}
[RUSH]   ore (3,16) d²=229 bld=BuildingHarvester env=Environment.ORE_TITANIUM
[RUSH]   ore (16,3) d²=229 bld=None env=Environment.ORE_TITANIUM
[RUSH]   ore (16,13) d²=29 bld=BuildingHarvester env=Environment.ORE_TITANIUM
[RUSH]   PICKED: free ore at (16,2) d²=224
[RUSH] step3: free ore at (16,3)
[RUSH] step3: walking toward tap (16,2) for ore (16,3)
  task=RUSH 0us OK -> (<Direction.NORTHEAST: 'northeast'>, None)
  task=HEAL_CORE FAIL
[RUSH] --- rush eval at (12,7) en_core=(18,18) ---
[RUSH] step1: no flow tile in gunner range of core
[RUSH] step2: no flow tile near enemy core
[RUSH] step2.5: checking unconnected harvesters
[RUSH] step2.5: harvester (3,16) d²=229 flow=0.000 has adjacent flow, skip
[RUSH] _find_rush_ore: 10 total ore, 10 seen, sym=Symmetry.ROT candidates={<Symmetry.ROT: 1>, <Symmetry.HOR: 2>, <Symmetry.VER: 3>}
[RUSH]   ore (3,16) d²=229 bld=BuildingHarvester env=Environment.ORE_TITANIUM
[RUSH]   ore (16,3) d²=229 bld=None env=Environment.ORE_TITANIUM
[RUSH]   ore (16,13) d²=29 bld=BuildingHarvester env=Environment.ORE_TITANIUM
[RUSH]   PICKED: free ore at (16,2) d²=224
[RUSH] step3: free ore at (16,3)
[RUSH] step3: walking toward tap (16,2) for ore (16,3)
  task=RUSH 0us OK -> (<Direction.NORTHWEST: 'northwest'>, None)
  task=HEAL_CORE FAIL
[RUSH] --- rush eval at (16,5) en_core=(18,18) ---
[RUSH] step1: no flow tile in gunner range of core
[RUSH] step2: no flow tile near enemy core
[RUSH] step2.5: checking unconnected harvesters
[RUSH] step2.5: harvester (3,16) d²=229 flow=0.000 has adjacent flow, skip
[RUSH] _find_rush_ore: 10 total ore, 10 seen, sym=Symmetry.ROT candidates={<Symmetry.ROT: 1>, <Symmetry.HOR: 2>}
[RUSH]   ore (3,16) d²=229 bld=BuildingHarvester env=Environment.ORE_TITANIUM
[RUSH]   ore (16,3) d²=229 bld=None env=Environment.ORE_TITANIUM
[RUSH]   ore (16,13) d²=29 bld=BuildingHarvester env=Environment.ORE_TITANIUM
[RUSH]   PICKED: free ore at (16,2) d²=224
[RUSH] step3: free ore at (16,3)
[RUSH] step3: walking toward tap (16,2) for ore (16,3)
  task=RUSH 0us OK -> (<Direction.NORTH: 'north'>, PlaceRoad(pos=Position(x=16, y=4)))
  task=HEAL_CORE FAIL
[RUSH] --- rush eval at (11,10) en_core=(18,18) ---
[RUSH] step1: no flow tile in gunner range of core
[RUSH] step2: no flow tile near enemy core
[RUSH] step2.5: checking unconnected harvesters
[RUSH] step2.5: harvester (3,16) d²=229 flow=0.000 has adjacent flow, skip
[RUSH] _find_rush_ore: 10 total ore, 10 seen, sym=Symmetry.ROT candidates={<Symmetry.ROT: 1>, <Symmetry.HOR: 2>}
[RUSH]   ore (3,16) d²=229 bld=BuildingHarvester env=Environment.ORE_TITANIUM
[RUSH]   ore (16,3) d²=229 bld=None env=Environment.ORE_TITANIUM
[RUSH]   ore (16,13) d²=29 bld=BuildingHarvester env=Environment.ORE_TITANIUM
[RUSH]   PICKED: free ore at (16,2) d²=224
[RUSH] step3: free ore at (16,3)
[RUSH] step3: walking toward tap (16,2) for ore (16,3)
  task=RUSH 0us OK -> (<Direction.EAST: 'east'>, None)
  task=HEAL_CORE FAIL
  task=RUSH FAIL
  task=SCOUT_ENEMY 0us OK -> (<Direction.SOUTHEAST: 'southeast'>, None)
  task=HEAL_CORE FAIL
[RUSH] --- rush eval at (15,8) en_core=(18,18) ---
[RUSH] step1: no flow tile in gunner range of core
[RUSH] step2: no flow tile near enemy core
[RUSH] step2.5: checking unconnected harvesters
[RUSH] step2.5: harvester (3,16) d²=229 flow=0.000 has adjacent flow, skip
[RUSH] _find_rush_ore: 10 total ore, 10 seen, sym=Symmetry.ROT candidates={<Symmetry.ROT: 1>, <Symmetry.HOR: 2>}
[RUSH]   ore (3,16) d²=229 bld=BuildingHarvester env=Environment.ORE_TITANIUM
[RUSH]   ore (16,3) d²=229 bld=None env=Environment.ORE_TITANIUM
[RUSH]   ore (16,13) d²=29 bld=BuildingHarvester env=Environment.ORE_TITANIUM
[RUSH]   PICKED: free ore at (16,2) d²=224
[RUSH] step3: free ore at (16,3)
[RUSH] step3: walking toward tap (16,2) for ore (16,3)
  task=RUSH 0us OK -> (<Direction.NORTHEAST: 'northeast'>, None)
[GUN] (14,19) facing=EAST
[GUN] ray: target=Position(x=17, y=19) pri=4
[GUN] ammo=True
[GUN] feed_dir=WEST
[GUN] scan NORTHWEST: pri=3
[GUN] cur_pri=4 best_rot=NORTHWEST rot_pri=3
[GUN] FIRE at (17,19) pri=4
[GUN] (14,18) facing=EAST
[GUN] ray: target=Position(x=17, y=18) pri=4
[GUN] ammo=True
[GUN] feed_dir=SOUTHWEST
[GUN] scan NORTH: pri=1
[GUN] scan NORTHEAST: pri=2
[GUN] scan WEST: pri=3
[GUN] scan NORTHWEST: pri=1
[GUN] cur_pri=4 best_rot=WEST rot_pri=3
[GUN] FIRE at (17,18) pri=4
  task=HEAL_CORE FAIL
[RUSH] --- rush eval at (11,11) en_core=(18,18) ---
[RUSH] step1: no flow tile in gunner range of core
[RUSH] step2: no flow tile near enemy core
[RUSH] step2.5: checking unconnected harvesters
[RUSH] step2.5: harvester (3,16) d²=229 flow=0.000 has adjacent flow, skip
[RUSH] _find_rush_ore: 10 total ore, 10 seen, sym=Symmetry.ROT candidates={<Symmetry.ROT: 1>}
[RUSH]   ore (3,16) d²=229 bld=BuildingHarvester env=Environment.ORE_TITANIUM
[RUSH]   ore (16,3) d²=229 bld=None env=Environment.ORE_TITANIUM
[RUSH]   ore (16,13) d²=29 bld=BuildingHarvester env=Environment.ORE_TITANIUM
[RUSH]   PICKED: free ore at (16,2) d²=224
[RUSH] step3: free ore at (16,3)
[RUSH] step3: walking toward tap (16,2) for ore (16,3)
  task=RUSH 0us OK -> (<Direction.NORTH: 'north'>, None)
  task=HEAL_CORE FAIL
  task=RUSH FAIL
  task=SCOUT_ENEMY 0us OK -> (<Direction.SOUTHEAST: 'southeast'>, None)
  task=HEAL_CORE FAIL
[RUSH] --- rush eval at (16,4) en_core=(18,18) ---
[RUSH] step1: no flow tile in gunner range of core
[RUSH] step2: no flow tile near enemy core
[RUSH] step2.5: checking unconnected harvesters
[RUSH] step2.5: harvester (3,16) d²=229 flow=0.000 has adjacent flow, skip
[RUSH] _find_rush_ore: 10 total ore, 10 seen, sym=Symmetry.ROT candidates={<Symmetry.ROT: 1>, <Symmetry.HOR: 2>}
[RUSH]   ore (3,16) d²=229 bld=BuildingHarvester env=Environment.ORE_TITANIUM
[RUSH]   ore (16,3) d²=229 bld=None env=Environment.ORE_TITANIUM
[RUSH]   ore (16,13) d²=29 bld=BuildingHarvester env=Environment.ORE_TITANIUM
[RUSH]   PICKED: free ore at (16,2) d²=224
[RUSH] step3: free ore at (16,3)
[RUSH] step3: placing harvester at (16,3)
  task=RUSH 0us OK -> (<Direction.CENTRE: 'centre'>, PlaceHarvester(pos=Position(x=16, y=3)))
  task=HEAL_CORE FAIL
[RUSH] --- rush eval at (12,10) en_core=(18,18) ---
[RUSH] step1: no flow tile in gunner range of core
[RUSH] step2: no flow tile near enemy core
[RUSH] step2.5: checking unconnected harvesters
[RUSH] step2.5: harvester (3,16) d²=229 flow=0.000 has adjacent flow, skip
[RUSH] _find_rush_ore: 10 total ore, 10 seen, sym=Symmetry.ROT candidates={<Symmetry.ROT: 1>, <Symmetry.HOR: 2>}
[RUSH]   ore (3,16) d²=229 bld=BuildingHarvester env=Environment.ORE_TITANIUM
[RUSH]   ore (16,3) d²=229 bld=None env=Environment.ORE_TITANIUM
[RUSH]   ore (16,13) d²=29 bld=BuildingHarvester env=Environment.ORE_TITANIUM
[RUSH]   PICKED: free ore at (16,2) d²=224
[RUSH] step3: free ore at (16,3)
[RUSH] step3: walking toward tap (16,2) for ore (16,3)
  task=RUSH 0us OK -> (<Direction.NORTHEAST: 'northeast'>, None)
  task=HEAL_CORE FAIL
[RUSH] --- rush eval at (13,7) en_core=(18,18) ---
[RUSH] step1: no flow tile in gunner range of core
[RUSH] step2: no flow tile near enemy core
[RUSH] step2.5: checking unconnected harvesters
[RUSH] step2.5: harvester (3,16) d²=229 flow=0.000 has adjacent flow, skip
[RUSH] _find_rush_ore: 10 total ore, 10 seen, sym=Symmetry.ROT candidates={<Symmetry.ROT: 1>, <Symmetry.HOR: 2>}
[RUSH]   ore (3,16) d²=229 bld=BuildingHarvester env=Environment.ORE_TITANIUM
[RUSH]   ore (16,3) d²=229 bld=None env=Environment.ORE_TITANIUM
[RUSH]   ore (16,13) d²=29 bld=BuildingHarvester env=Environment.ORE_TITANIUM
[RUSH]   PICKED: free ore at (16,2) d²=224
[RUSH] step3: free ore at (16,3)
[RUSH] step3: walking toward tap (16,2) for ore (16,3)
  task=RUSH 0us OK -> (<Direction.SOUTHEAST: 'southeast'>, None)
  task=HEAL_CORE FAIL
[RUSH] --- rush eval at (16,7) en_core=(18,18) ---
[RUSH] step1: no flow tile in gunner range of core
[RUSH] step2: flow near core at (16,4) d²=200, extending to siege (19,14)
[RUSH] extend: from (16,4) toward core (18,18)
[RUSH] extend: siege target (19,14)
[RUSH] extend: path=[(16, 4), (17, 4), (18, 4), (19, 4), (19, 5), (19, 6), (19, 7), (19, 8), (19, 9), (19, 10), (19, 11), (19, 12), (19, 13), (19, 14)]
[RUSH] extend: path len=14, builder at (16,7)
[RUSH] extend[0]: (16,4)->(17,4) bld=BuildingRoad team=Team.A connected=False
[RUSH] extend[0]: need to walk to (16,4) d²=9
  task=RUSH 0us OK -> (<Direction.NORTH: 'north'>, None)
[GUN] (14,19) facing=EAST
[GUN] ray: target=Position(x=17, y=19) pri=4
[GUN] ammo=True
[GUN] feed_dir=WEST
[GUN] scan NORTHWEST: pri=3
[GUN] cur_pri=4 best_rot=NORTHWEST rot_pri=3
[GUN] FIRE at (17,19) pri=4
[GUN] (14,18) facing=EAST
[GUN] ray: target=Position(x=17, y=18) pri=4
[GUN] ammo=True
[GUN] feed_dir=SOUTHWEST
[GUN] scan NORTH: pri=1
[GUN] scan NORTHEAST: pri=2
[GUN] scan WEST: pri=3
[GUN] scan NORTHWEST: pri=1
[GUN] cur_pri=4 best_rot=WEST rot_pri=3
[GUN] FIRE at (17,18) pri=4
  task=HEAL_CORE FAIL
[RUSH] --- rush eval at (11,10) en_core=(18,18) ---
[RUSH] step1: no flow tile in gunner range of core
[RUSH] step2: no flow tile near enemy core
[RUSH] step2.5: checking unconnected harvesters
[RUSH] step2.5: harvester (3,16) d²=229 flow=0.000 has adjacent flow, skip
[RUSH] _find_rush_ore: 10 total ore, 10 seen, sym=Symmetry.ROT candidates={<Symmetry.ROT: 1>}
[RUSH]   ore (3,16) d²=229 bld=BuildingHarvester env=Environment.ORE_TITANIUM
[RUSH]   ore (16,3) d²=229 bld=None env=Environment.ORE_TITANIUM
[RUSH]   ore (16,13) d²=29 bld=BuildingHarvester env=Environment.ORE_TITANIUM
[RUSH]   PICKED: free ore at (16,2) d²=224
[RUSH] step3: free ore at (16,3)
[RUSH] step3: walking toward tap (16,2) for ore (16,3)
  task=RUSH 0us OK -> (<Direction.NORTHWEST: 'northwest'>, None)
[MAP] r100 seen=100% harv=3 sym=Symmetry.ROT encore=Position(x=18, y=18) ore_known=10
  task=HEAL_CORE FAIL
[RUSH] --- rush eval at (12,7) en_core=(18,18) ---
[RUSH] step1: no flow tile in gunner range of core
[RUSH] step2: no flow tile near enemy core
[RUSH] step2.5: checking unconnected harvesters
[RUSH] step2.5: harvester (3,16) d²=229 flow=0.000 has adjacent flow, skip
[RUSH] _find_rush_ore: 10 total ore, 10 seen, sym=Symmetry.ROT candidates={<Symmetry.ROT: 1>, <Symmetry.HOR: 2>, <Symmetry.VER: 3>}
[RUSH]   ore (3,16) d²=229 bld=BuildingHarvester env=Environment.ORE_TITANIUM
[RUSH]   ore (16,3) d²=229 bld=None env=Environment.ORE_TITANIUM
[RUSH]   ore (16,13) d²=29 bld=BuildingHarvester env=Environment.ORE_TITANIUM
[RUSH]   PICKED: free ore at (16,2) d²=224
[RUSH] step3: free ore at (16,3)
[RUSH] step3: walking toward tap (16,2) for ore (16,3)
  task=RUSH 0us OK -> (<Direction.NORTH: 'north'>, None)
[MAP] r100 seen=96% harv=3 sym=Symmetry.ROT encore=Position(x=18, y=18) ore_known=10
  task=HEAL_CORE FAIL
[RUSH] --- rush eval at (16,4) en_core=(18,18) ---
[RUSH] step1: no flow tile in gunner range of core
[RUSH] step2: flow near core at (16,4) d²=200, extending to siege (19,14)
[RUSH] extend: from (16,4) toward core (18,18)
[RUSH] extend: siege target (19,14)
[RUSH] extend: path=[(16, 4), (17, 4), (18, 4), (19, 4), (19, 5), (19, 6), (19, 7), (19, 8), (19, 9), (19, 10), (19, 11), (19, 12), (19, 13), (19, 14)]
[RUSH] extend: path len=14, builder at (16,4)
[RUSH] extend[0]: (16,4)->(17,4) bld=BuildingRoad team=Team.A connected=False
[RUSH] extend[0]: destroying allied BuildingRoad at (16,4) to rebuild
[RUSH] extend[0]: building (16,4)->(17,4) action=PlaceConveyor(pos=Position(x=16, y=4), direction=<Direction.EAST: 'east'>) d²=0
  task=RUSH 0us OK -> (<Direction.CENTRE: 'centre'>, PlaceConveyor(pos=Position(x=16, y=4), direction=<Direction.EAST: 'east'>))
[MAP] r100 seen=99% harv=5 sym=Symmetry.ROT encore=Position(x=18, y=18) ore_known=10
  task=HEAL_CORE FAIL
[RUSH] --- rush eval at (13,9) en_core=(18,18) ---
[RUSH] step1: no flow tile in gunner range of core
[RUSH] step2: no flow tile near enemy core
[RUSH] step2.5: checking unconnected harvesters
[RUSH] step2.5: harvester (3,16) d²=229 flow=0.000 has adjacent flow, skip
[RUSH] _find_rush_ore: 10 total ore, 10 seen, sym=Symmetry.ROT candidates={<Symmetry.ROT: 1>, <Symmetry.HOR: 2>}
[RUSH]   ore (3,16) d²=229 bld=BuildingHarvester env=Environment.ORE_TITANIUM
[RUSH]   ore (16,3) d²=229 bld=None env=Environment.ORE_TITANIUM
[RUSH]   ore (16,13) d²=29 bld=BuildingHarvester env=Environment.ORE_TITANIUM
[RUSH]   PICKED: free ore at (16,2) d²=224
[RUSH] step3: free ore at (16,3)
[RUSH] step3: walking toward tap (16,2) for ore (16,3)
  task=RUSH 0us OK -> (<Direction.NORTHWEST: 'northwest'>, None)
[MAP] r100 seen=100% harv=3 sym=Symmetry.ROT encore=Position(x=18, y=18) ore_known=10
  task=HEAL_CORE FAIL
[RUSH] --- rush eval at (14,8) en_core=(18,18) ---
[RUSH] step1: no flow tile in gunner range of core
[RUSH] step2: no flow tile near enemy core
[RUSH] step2.5: checking unconnected harvesters
[RUSH] step2.5: harvester (3,16) d²=229 flow=0.000 has adjacent flow, skip
[RUSH] _find_rush_ore: 10 total ore, 10 seen, sym=Symmetry.ROT candidates={<Symmetry.ROT: 1>, <Symmetry.HOR: 2>}
[RUSH]   ore (3,16) d²=229 bld=BuildingHarvester env=Environment.ORE_TITANIUM
[RUSH]   ore (16,3) d²=229 bld=None env=Environment.ORE_TITANIUM
[RUSH]   ore (16,13) d²=29 bld=BuildingHarvester env=Environment.ORE_TITANIUM
[RUSH]   PICKED: free ore at (16,2) d²=224
[RUSH] step3: free ore at (16,3)
[RUSH] step3: walking toward tap (16,2) for ore (16,3)
  task=RUSH 0us OK -> (<Direction.EAST: 'east'>, None)
[MAP] r100 seen=99% harv=3 sym=Symmetry.ROT encore=Position(x=18, y=18) ore_known=10
  task=HEAL_CORE FAIL
[RUSH] --- rush eval at (16,6) en_core=(18,18) ---
[RUSH] step1: no flow tile in gunner range of core
[RUSH] step2: flow near core at (17,4) d²=197, extending to siege (19,14)
[RUSH] extend: from (17,4) toward core (18,18)
[RUSH] extend: siege target (19,14)
[RUSH] extend: path=[(17, 4), (18, 4), (19, 4), (19, 5), (19, 6), (19, 7), (19, 8), (19, 9), (19, 10), (19, 11), (19, 12), (19, 13), (19, 14)]
[RUSH] extend: path len=13, builder at (16,6)
[RUSH] extend[0]: (17,4)->(18,4) bld=None team=None connected=False
[RUSH] extend[0]: need to walk to (17,4) d²=5
  task=RUSH 0us OK -> (<Direction.NORTH: 'north'>, None)
[MAP] r100 seen=96% harv=4 sym=Symmetry.ROT encore=Position(x=18, y=18) ore_known=10
[GUN] (14,19) facing=EAST
[GUN] ray: target=Position(x=17, y=19) pri=4
[GUN] ammo=True
[GUN] feed_dir=WEST
[GUN] scan NORTHWEST: pri=3
[GUN] cur_pri=4 best_rot=NORTHWEST rot_pri=3
[GUN] FIRE at (17,19) pri=4
[GUN] (14,18) facing=EAST
[GUN] ray: target=None pri=0
[GUN] ammo=False
[GUN] no target, no ammo
  task=HEAL_CORE FAIL
[RUSH] --- rush eval at (10,9) en_core=(18,18) ---
[RUSH] step1: no flow tile in gunner range of core
[RUSH] step2: no flow tile near enemy core
[RUSH] step2.5: checking unconnected harvesters
[RUSH] step2.5: harvester (3,16) d²=229 flow=0.000 has adjacent flow, skip
[RUSH] _find_rush_ore: 10 total ore, 10 seen, sym=Symmetry.ROT candidates={<Symmetry.ROT: 1>}
[RUSH]   ore (3,16) d²=229 bld=BuildingHarvester env=Environment.ORE_TITANIUM
[RUSH]   ore (16,3) d²=229 bld=None env=Environment.ORE_TITANIUM
[RUSH]   ore (16,13) d²=29 bld=BuildingHarvester env=Environment.ORE_TITANIUM
[RUSH]   PICKED: free ore at (16,2) d²=224
[RUSH] step3: free ore at (16,3)
[RUSH] step3: walking toward tap (16,2) for ore (16,3)
  task=RUSH 0us OK -> (<Direction.NORTH: 'north'>, None)
  task=HEAL_CORE FAIL
  task=RUSH FAIL
  task=SCOUT_ENEMY 0us OK -> (<Direction.SOUTHEAST: 'southeast'>, None)
  task=HEAL_CORE FAIL
[RUSH] --- rush eval at (16,4) en_core=(18,18) ---
[RUSH] step1: no flow tile in gunner range of core
[RUSH] step2: flow near core at (17,4) d²=197, extending to siege (19,14)
[RUSH] extend: from (17,4) toward core (18,18)
[RUSH] extend: siege target (19,14)
[RUSH] extend: path=[(17, 4), (18, 4), (19, 4), (19, 5), (19, 6), (19, 7), (19, 8), (19, 9), (19, 10), (19, 11), (19, 12), (19, 13), (19, 14)]
[RUSH] extend: path len=13, builder at (16,4)
[RUSH] extend[0]: (17,4)->(18,4) bld=None team=None connected=False
[RUSH] extend[0]: building (17,4)->(18,4) action=PlaceConveyor(pos=Position(x=17, y=4), direction=<Direction.EAST: 'east'>) d²=1
  task=RUSH 0us OK -> (<Direction.CENTRE: 'centre'>, PlaceConveyor(pos=Position(x=17, y=4), direction=<Direction.EAST: 'east'>))
  task=HEAL_CORE FAIL
[RUSH] --- rush eval at (12,8) en_core=(18,18) ---
[RUSH] step1: no flow tile in gunner range of core
[RUSH] step2: no flow tile near enemy core
[RUSH] step2.5: checking unconnected harvesters
[RUSH] step2.5: harvester (3,16) d²=229 flow=0.000 has adjacent flow, skip
[RUSH] _find_rush_ore: 10 total ore, 10 seen, sym=Symmetry.ROT candidates={<Symmetry.ROT: 1>, <Symmetry.HOR: 2>}
[RUSH]   ore (3,16) d²=229 bld=BuildingHarvester env=Environment.ORE_TITANIUM
[RUSH]   ore (16,3) d²=229 bld=None env=Environment.ORE_TITANIUM
[RUSH]   ore (16,13) d²=29 bld=BuildingHarvester env=Environment.ORE_TITANIUM
[RUSH]   PICKED: free ore at (16,2) d²=224
[RUSH] step3: free ore at (16,3)
[RUSH] step3: walking toward tap (16,2) for ore (16,3)
  task=RUSH 0us OK -> (<Direction.NORTH: 'north'>, None)
  task=HEAL_CORE FAIL
[RUSH] --- rush eval at (15,8) en_core=(18,18) ---
[RUSH] step1: no flow tile in gunner range of core
[RUSH] step2: no flow tile near enemy core
[RUSH] step2.5: checking unconnected harvesters
[RUSH] step2.5: harvester (3,16) d²=229 flow=0.000 has adjacent flow, skip
[RUSH] _find_rush_ore: 10 total ore, 10 seen, sym=Symmetry.ROT candidates={<Symmetry.ROT: 1>, <Symmetry.HOR: 2>}
[RUSH]   ore (3,16) d²=229 bld=BuildingHarvester env=Environment.ORE_TITANIUM
[RUSH]   ore (16,3) d²=229 bld=None env=Environment.ORE_TITANIUM
[RUSH]   ore (16,13) d²=29 bld=BuildingHarvester env=Environment.ORE_TITANIUM
[RUSH]   PICKED: free ore at (16,2) d²=224
[RUSH] step3: free ore at (16,3)
[RUSH] step3: walking toward tap (16,2) for ore (16,3)
  task=RUSH 0us OK -> (<Direction.NORTHEAST: 'northeast'>, None)
  task=HEAL_CORE FAIL
[RUSH] --- rush eval at (16,5) en_core=(18,18) ---
[RUSH] step1: no flow tile in gunner range of core
[RUSH] step2: flow near core at (18,4) d²=196, extending to siege (19,14)
[RUSH] extend: from (18,4) toward core (18,18)
[RUSH] extend: siege target (19,14)
[RUSH] extend: path=[(18, 4), (19, 4), (19, 5), (19, 6), (19, 7), (19, 8), (19, 9), (19, 10), (19, 11), (19, 12), (19, 13), (19, 14)]
[RUSH] extend: path len=12, builder at (16,5)
[RUSH] extend[0]: (18,4)->(19,4) bld=None team=None connected=False
[RUSH] extend[0]: need to walk to (18,4) d²=5
  task=RUSH 0us OK -> (<Direction.NORTHEAST: 'northeast'>, None)
[GUN] (14,19) facing=EAST
[GUN] ray: target=Position(x=17, y=19) pri=4
[GUN] ammo=True
[GUN] feed_dir=WEST
[GUN] scan NORTHWEST: pri=3
[GUN] cur_pri=4 best_rot=NORTHWEST rot_pri=3
[GUN] FIRE at (17,19) pri=4
[GUN] (14,18) facing=EAST
[GUN] ray: target=None pri=0
[GUN] ammo=False
[GUN] no target, no ammo
  task=HEAL_CORE FAIL
  task=RUSH FAIL
  task=SCOUT_ENEMY 0us OK -> (<Direction.SOUTH: 'south'>, None)
  task=HEAL_CORE FAIL
[RUSH] --- rush eval at (13,7) en_core=(18,18) ---
[RUSH] step1: no flow tile in gunner range of core
[RUSH] step2: no flow tile near enemy core
[RUSH] step2.5: checking unconnected harvesters
[RUSH] step2.5: harvester (3,16) d²=229 flow=0.000 has adjacent flow, skip
[RUSH] _find_rush_ore: 10 total ore, 10 seen, sym=Symmetry.ROT candidates={<Symmetry.ROT: 1>, <Symmetry.HOR: 2>, <Symmetry.VER: 3>}
[RUSH]   ore (3,16) d²=229 bld=BuildingHarvester env=Environment.ORE_TITANIUM
[RUSH]   ore (16,3) d²=229 bld=None env=Environment.ORE_TITANIUM
[RUSH]   ore (16,13) d²=29 bld=BuildingHarvester env=Environment.ORE_TITANIUM
[RUSH]   PICKED: free ore at (16,2) d²=224
[RUSH] step3: free ore at (16,3)
[RUSH] step3: walking toward tap (16,2) for ore (16,3)
  task=RUSH 0us OK -> (<Direction.SOUTHEAST: 'southeast'>, None)
  task=HEAL_CORE FAIL
[RUSH] --- rush eval at (16,4) en_core=(18,18) ---
[RUSH] step1: no flow tile in gunner range of core
[RUSH] step2: flow near core at (18,4) d²=196, extending to siege (19,14)
[RUSH] extend: from (18,4) toward core (18,18)
[RUSH] extend: siege target (19,14)
[RUSH] extend: path=[(18, 4), (19, 4), (19, 5), (19, 6), (19, 7), (19, 8), (19, 9), (19, 10), (19, 11), (19, 12), (19, 13), (19, 14)]
[RUSH] extend: path len=12, builder at (16,4)
[RUSH] extend[0]: (18,4)->(19,4) bld=None team=None connected=False
[RUSH] extend[0]: need to walk to (18,4) d²=4
  task=RUSH 0us OK -> (<Direction.NORTHEAST: 'northeast'>, PlaceRoad(pos=Position(x=17, y=3)))
  task=HEAL_CORE FAIL
[RUSH] --- rush eval at (12,7) en_core=(18,18) ---
[RUSH] step1: no flow tile in gunner range of core
[RUSH] step2: no flow tile near enemy core
[RUSH] step2.5: checking unconnected harvesters
[RUSH] step2.5: harvester (3,16) d²=229 flow=0.000 has adjacent flow, skip
[RUSH] _find_rush_ore: 10 total ore, 10 seen, sym=Symmetry.ROT candidates={<Symmetry.ROT: 1>, <Symmetry.HOR: 2>}
[RUSH]   ore (3,16) d²=229 bld=BuildingHarvester env=Environment.ORE_TITANIUM
[RUSH]   ore (16,3) d²=229 bld=None env=Environment.ORE_TITANIUM
[RUSH]   ore (16,13) d²=29 bld=BuildingHarvester env=Environment.ORE_TITANIUM
[RUSH]   PICKED: free ore at (16,2) d²=224
[RUSH] step3: free ore at (16,3)
[RUSH] step3: walking toward tap (16,2) for ore (16,3)
  task=RUSH 0us OK -> (<Direction.NORTH: 'north'>, None)
  task=HEAL_CORE FAIL
[RUSH] --- rush eval at (16,7) en_core=(18,18) ---
[RUSH] step1: no flow tile in gunner range of core
[RUSH] step2: flow near core at (18,4) d²=196, extending to siege (19,14)
[RUSH] extend: from (18,4) toward core (18,18)
[RUSH] extend: siege target (19,14)
[RUSH] extend: path=[(18, 4), (19, 4), (19, 5), (19, 6), (19, 7), (19, 8), (19, 9), (19, 10), (19, 11), (19, 12), (19, 13), (19, 14)]
[RUSH] extend: path len=12, builder at (16,7)
[RUSH] extend[0]: (18,4)->(19,4) bld=None team=None connected=False
[RUSH] extend[0]: need to walk to (18,4) d²=13
  task=RUSH 0us OK -> (<Direction.NORTH: 'north'>, None)
  task=HEAL_CORE FAIL
[RUSH] --- rush eval at (17,4) en_core=(18,18) ---
[RUSH] step1: no flow tile in gunner range of core
[RUSH] step2: flow near core at (18,4) d²=196, extending to siege (19,14)
[RUSH] extend: from (18,4) toward core (18,18)
[RUSH] extend: siege target (19,14)
[RUSH] extend: path=[(18, 4), (19, 4), (19, 5), (19, 6), (19, 7), (19, 8), (19, 9), (19, 10), (19, 11), (19, 12), (19, 13), (19, 14)]
[RUSH] extend: path len=12, builder at (17,4)
[RUSH] extend[0]: (18,4)->(19,4) bld=None team=None connected=False
[RUSH] extend[0]: building (18,4)->(19,4) action=PlaceConveyor(pos=Position(x=18, y=4), direction=<Direction.EAST: 'east'>) d²=1
  task=RUSH 0us OK -> (<Direction.CENTRE: 'centre'>, PlaceConveyor(pos=Position(x=18, y=4), direction=<Direction.EAST: 'east'>))
[GUN] (14,19) facing=EAST
[GUN] ray: target=Position(x=17, y=19) pri=4
[GUN] ammo=True
[GUN] feed_dir=WEST
[GUN] scan NORTHWEST: pri=3
[GUN] cur_pri=4 best_rot=NORTHWEST rot_pri=3
[GUN] FIRE at (17,19) pri=4
[GUN] (14,18) facing=EAST
[GUN] ray: target=None pri=0
[GUN] ammo=False
[GUN] no target, no ammo
  task=HEAL_CORE FAIL
[RUSH] --- rush eval at (10,9) en_core=(18,18) ---
[RUSH] step1: no flow tile in gunner range of core
[RUSH] step2: no flow tile near enemy core
[RUSH] step2.5: checking unconnected harvesters
[RUSH] step2.5: harvester (3,16) d²=229 flow=0.000 has adjacent flow, skip
[RUSH] _find_rush_ore: 10 total ore, 10 seen, sym=Symmetry.ROT candidates={<Symmetry.ROT: 1>}
[RUSH]   ore (3,16) d²=229 bld=BuildingHarvester env=Environment.ORE_TITANIUM
[RUSH]   ore (16,3) d²=229 bld=None env=Environment.ORE_TITANIUM
[RUSH]   ore (16,13) d²=29 bld=BuildingHarvester env=Environment.ORE_TITANIUM
[RUSH]   PICKED: free ore at (16,2) d²=224
[RUSH] step3: free ore at (16,3)
[RUSH] step3: walking toward tap (16,2) for ore (16,3)
  task=RUSH 0us OK -> (<Direction.NORTH: 'north'>, None)
  task=HEAL_CORE FAIL
[RUSH] --- rush eval at (14,8) en_core=(18,18) ---
[RUSH] step1: no flow tile in gunner range of core
[RUSH] step2: no flow tile near enemy core
[RUSH] step2.5: checking unconnected harvesters
[RUSH] step2.5: harvester (3,16) d²=229 flow=0.000 has adjacent flow, skip
[RUSH] _find_rush_ore: 10 total ore, 10 seen, sym=Symmetry.ROT candidates={<Symmetry.ROT: 1>, <Symmetry.HOR: 2>, <Symmetry.VER: 3>}
[RUSH]   ore (3,16) d²=229 bld=BuildingHarvester env=Environment.ORE_TITANIUM
[RUSH]   ore (16,3) d²=229 bld=None env=Environment.ORE_TITANIUM
[RUSH]   ore (16,13) d²=29 bld=BuildingHarvester env=Environment.ORE_TITANIUM
[RUSH]   PICKED: free ore at (16,2) d²=224
[RUSH] step3: free ore at (16,3)
[RUSH] step3: walking toward tap (16,2) for ore (16,3)
  task=RUSH 0us OK -> (<Direction.EAST: 'east'>, None)
  task=HEAL_CORE FAIL
[RUSH] --- rush eval at (17,3) en_core=(18,18) ---
[RUSH] step1: no flow tile in gunner range of core
[RUSH] step2: flow near core at (18,4) d²=196, extending to siege (19,14)
[RUSH] extend: from (18,4) toward core (18,18)
[RUSH] extend: siege target (19,14)
[RUSH] extend: path=[(18, 4), (19, 4), (19, 5), (19, 6), (19, 7), (19, 8), (19, 9), (19, 10), (19, 11), (19, 12), (19, 13), (19, 14)]
[RUSH] extend: path len=12, builder at (17,3)
[RUSH] extend[0]: (18,4)->(19,4) bld=BuildingConveyor team=Team.A connected=True
[RUSH] extend[0]: already connected, skip
[RUSH] extend[1]: (19,4)->(19,5) bld=None team=None connected=False
[RUSH] extend[1]: need to walk to (19,4) d²=5
  task=RUSH 0us OK -> (<Direction.SOUTHEAST: 'southeast'>, None)
  task=HEAL_CORE FAIL
  task=RUSH FAIL
  task=SCOUT_ENEMY 0us OK -> (<Direction.SOUTHEAST: 'southeast'>, None)
  task=HEAL_CORE FAIL
[RUSH] --- rush eval at (16,6) en_core=(18,18) ---
[RUSH] step1: no flow tile in gunner range of core
[RUSH] step2: flow near core at (18,4) d²=196, extending to siege (19,14)
[RUSH] extend: from (18,4) toward core (18,18)
[RUSH] extend: siege target (19,14)
[RUSH] extend: path=[(18, 4), (19, 4), (19, 5), (19, 6), (19, 7), (19, 8), (19, 9), (19, 10), (19, 11), (19, 12), (19, 13), (19, 14)]
[RUSH] extend: path len=12, builder at (16,6)
[RUSH] extend[0]: (18,4)->(19,4) bld=BuildingConveyor team=Team.A connected=True
[RUSH] extend[0]: already connected, skip
[RUSH] extend[1]: (19,4)->(19,5) bld=None team=None connected=False
[RUSH] extend[1]: need to walk to (19,4) d²=13
  task=RUSH 0us OK -> (<Direction.NORTHEAST: 'northeast'>, PlaceRoad(pos=Position(x=17, y=5)))
  task=HEAL_CORE FAIL
[RUSH] --- rush eval at (17,4) en_core=(18,18) ---
[RUSH] step1: no flow tile in gunner range of core
[RUSH] step2: flow near core at (18,4) d²=196, extending to siege (19,14)
[RUSH] extend: from (18,4) toward core (18,18)
[RUSH] extend: siege target (19,14)
[RUSH] extend: path=[(18, 4), (19, 4), (19, 5), (19, 6), (19, 7), (19, 8), (19, 9), (19, 10), (19, 11), (19, 12), (19, 13), (19, 14)]
[RUSH] extend: path len=12, builder at (17,4)
[RUSH] extend[0]: (18,4)->(19,4) bld=BuildingConveyor team=Team.A connected=True
[RUSH] extend[0]: already connected, skip
[RUSH] extend[1]: (19,4)->(19,5) bld=None team=None connected=False
[RUSH] extend[1]: need to walk to (19,4) d²=4
  task=RUSH 0us OK -> (<Direction.NORTHEAST: 'northeast'>, PlaceRoad(pos=Position(x=18, y=3)))
[GUN] (14,19) facing=EAST
[GUN] ray: target=Position(x=17, y=19) pri=4
[GUN] ammo=True
[GUN] feed_dir=WEST
[GUN] scan NORTHWEST: pri=3
[GUN] cur_pri=4 best_rot=NORTHWEST rot_pri=3
[GUN] FIRE at (17,19) pri=4
[GUN] (14,18) facing=EAST
[GUN] ray: target=Position(x=17, y=18) pri=4
[GUN] ammo=True
[GUN] feed_dir=SOUTHWEST
[GUN] scan NORTH: pri=1
[GUN] scan NORTHEAST: pri=2
[GUN] scan WEST: pri=3
[GUN] scan NORTHWEST: pri=1
[GUN] cur_pri=4 best_rot=WEST rot_pri=3
[GUN] FIRE at (17,18) pri=4
  task=HEAL_CORE FAIL
  task=RUSH FAIL
  task=SCOUT_ENEMY 0us OK -> (<Direction.SOUTH: 'south'>, None)
  task=HEAL_CORE FAIL
[RUSH] --- rush eval at (15,8) en_core=(18,18) ---
[RUSH] step1: no flow tile in gunner range of core
[RUSH] step2: no flow tile near enemy core
[RUSH] step2.5: checking unconnected harvesters
[RUSH] step2.5: harvester (3,16) d²=229 flow=0.000 has adjacent flow, skip
[RUSH] _find_rush_ore: 10 total ore, 10 seen, sym=Symmetry.ROT candidates={<Symmetry.ROT: 1>, <Symmetry.HOR: 2>, <Symmetry.VER: 3>}
[RUSH]   ore (3,16) d²=229 bld=BuildingHarvester env=Environment.ORE_TITANIUM
[RUSH]   ore (16,3) d²=229 bld=None env=Environment.ORE_TITANIUM
[RUSH]   ore (16,13) d²=29 bld=BuildingHarvester env=Environment.ORE_TITANIUM
[RUSH]   PICKED: free ore at (16,2) d²=224
[RUSH] step3: free ore at (16,3)
[RUSH] step3: walking toward tap (16,2) for ore (16,3)
  task=RUSH 0us OK -> (<Direction.NORTHEAST: 'northeast'>, None)
  task=HEAL_CORE FAIL
[RUSH] --- rush eval at (18,4) en_core=(18,18) ---
[RUSH] step1: no flow tile in gunner range of core
[RUSH] step2: flow near core at (18,4) d²=196, extending to siege (19,14)
[RUSH] extend: from (18,4) toward core (18,18)
[RUSH] extend: siege target (19,14)
[RUSH] extend: path=[(18, 4), (19, 4), (19, 5), (19, 6), (19, 7), (19, 8), (19, 9), (19, 10), (19, 11), (19, 12), (19, 13), (19, 14)]
[RUSH] extend: path len=12, builder at (18,4)
[RUSH] extend[0]: (18,4)->(19,4) bld=BuildingConveyor team=Team.A connected=True
[RUSH] extend[0]: already connected, skip
[RUSH] extend[1]: (19,4)->(19,5) bld=None team=None connected=False
[RUSH] extend[1]: building (19,4)->(19,5) action=PlaceConveyor(pos=Position(x=19, y=4), direction=<Direction.SOUTH: 'south'>) d²=1
  task=RUSH 0us OK -> (<Direction.CENTRE: 'centre'>, PlaceConveyor(pos=Position(x=19, y=4), direction=<Direction.SOUTH: 'south'>))
  task=HEAL_CORE FAIL
[RUSH] --- rush eval at (13,7) en_core=(18,18) ---
[RUSH] step1: no flow tile in gunner range of core
[RUSH] step2: no flow tile near enemy core
[RUSH] step2.5: checking unconnected harvesters
[RUSH] step2.5: harvester (3,16) d²=229 flow=0.000 has adjacent flow, skip
[RUSH] _find_rush_ore: 10 total ore, 10 seen, sym=Symmetry.ROT candidates={<Symmetry.ROT: 1>, <Symmetry.HOR: 2>}
[RUSH]   ore (3,16) d²=229 bld=BuildingHarvester env=Environment.ORE_TITANIUM
[RUSH]   ore (16,3) d²=229 bld=None env=Environment.ORE_TITANIUM
[RUSH]   ore (16,13) d²=29 bld=BuildingHarvester env=Environment.ORE_TITANIUM
[RUSH]   PICKED: free ore at (16,2) d²=224
[RUSH] step3: free ore at (16,3)
[RUSH] step3: walking toward tap (16,2) for ore (16,3)
  task=RUSH 0us OK -> (<Direction.SOUTHEAST: 'southeast'>, None)
  task=HEAL_CORE FAIL
[RUSH] --- rush eval at (17,5) en_core=(18,18) ---
[RUSH] step1: no flow tile in gunner range of core
[RUSH] step2: flow near core at (19,5) d²=170, extending to siege (19,14)
[RUSH] extend: from (19,5) toward core (18,18)
[RUSH] extend: siege target (19,14)
[RUSH] extend: path=[(19, 5), (19, 6), (19, 7), (19, 8), (19, 9), (19, 10), (19, 11), (19, 12), (19, 13), (19, 14)]
[RUSH] extend: path len=10, builder at (17,5)
[RUSH] extend[0]: (19,5)->(19,6) bld=None team=None connected=False
[RUSH] extend[0]: need to walk to (19,5) d²=4
  task=RUSH 0us OK -> (<Direction.EAST: 'east'>, PlaceRoad(pos=Position(x=18, y=5)))
  task=HEAL_CORE FAIL
[RUSH] --- rush eval at (18,3) en_core=(18,18) ---
[RUSH] step1: no flow tile in gunner range of core
[RUSH] step2: flow near core at (19,5) d²=170, extending to siege (19,14)
[RUSH] extend: from (19,5) toward core (18,18)
[RUSH] extend: siege target (19,14)
[RUSH] extend: path=[(19, 5), (19, 6), (19, 7), (19, 8), (19, 9), (19, 10), (19, 11), (19, 12), (19, 13), (19, 14)]
[RUSH] extend: path len=10, builder at (18,3)
[RUSH] extend[0]: (19,5)->(19,6) bld=BuildingMarker team=Team.A connected=False
[RUSH] extend[0]: need to walk to (19,5) d²=5
  task=RUSH 0us OK -> (<Direction.SOUTHEAST: 'southeast'>, None)
[GUN] (14,19) facing=EAST
[GUN] ray: target=Position(x=17, y=19) pri=4
[GUN] ammo=True
[GUN] feed_dir=WEST
[GUN] scan NORTHWEST: pri=3
[GUN] cur_pri=4 best_rot=NORTHWEST rot_pri=3
[GUN] FIRE at (17,19) pri=4
[GUN] (14,18) facing=EAST
[GUN] ray: target=Position(x=17, y=18) pri=4
[GUN] ammo=True
[GUN] feed_dir=SOUTHWEST
[GUN] scan NORTH: pri=1
[GUN] scan NORTHEAST: pri=2
[GUN] scan WEST: pri=3
[GUN] scan NORTHWEST: pri=1
[GUN] cur_pri=4 best_rot=WEST rot_pri=3
[GUN] FIRE at (17,18) pri=4
  task=HEAL_CORE FAIL
[RUSH] --- rush eval at (10,9) en_core=(18,18) ---
[RUSH] step1: no flow tile in gunner range of core
[RUSH] step2: no flow tile near enemy core
[RUSH] step2.5: checking unconnected harvesters
[RUSH] step2.5: harvester (3,16) d²=229 flow=0.000 has adjacent flow, skip
[RUSH] _find_rush_ore: 10 total ore, 10 seen, sym=Symmetry.ROT candidates={<Symmetry.ROT: 1>}
[RUSH]   ore (3,16) d²=229 bld=BuildingHarvester env=Environment.ORE_TITANIUM
[RUSH]   ore (16,3) d²=229 bld=None env=Environment.ORE_TITANIUM
[RUSH]   ore (16,13) d²=29 bld=BuildingHarvester env=Environment.ORE_TITANIUM
[RUSH]   PICKED: free ore at (16,2) d²=224
[RUSH] step3: free ore at (16,3)
[RUSH] step3: walking toward tap (16,2) for ore (16,3)
  task=RUSH 0us OK -> (<Direction.NORTH: 'north'>, None)
  task=HEAL_CORE FAIL
[RUSH] --- rush eval at (16,7) en_core=(18,18) ---
[RUSH] step1: no flow tile in gunner range of core
[RUSH] step2: flow near core at (19,5) d²=170, extending to siege (19,14)
[RUSH] extend: from (19,5) toward core (18,18)
[RUSH] extend: siege target (19,14)
[RUSH] extend: path=[(19, 5), (19, 6), (19, 7), (19, 8), (19, 9), (19, 10), (19, 11), (19, 12), (19, 13), (19, 14)]
[RUSH] extend: path len=10, builder at (16,7)
[RUSH] extend[0]: (19,5)->(19,6) bld=BuildingMarker team=Team.A connected=False
[RUSH] extend[0]: need to walk to (19,5) d²=13
  task=RUSH 0us OK -> (<Direction.NORTH: 'north'>, None)
  task=HEAL_CORE FAIL
[RUSH] --- rush eval at (18,4) en_core=(18,18) ---
[RUSH] step1: no flow tile in gunner range of core
[RUSH] step2: flow near core at (19,5) d²=170, extending to siege (19,14)
[RUSH] extend: from (19,5) toward core (18,18)
[RUSH] extend: siege target (19,14)
[RUSH] extend: path=[(19, 5), (19, 6), (19, 7), (19, 8), (19, 9), (19, 10), (19, 11), (19, 12), (19, 13), (19, 14)]
[RUSH] extend: path len=10, builder at (18,4)
[RUSH] extend[0]: (19,5)->(19,6) bld=BuildingMarker team=Team.A connected=False
[RUSH] extend[0]: destroying allied BuildingMarker at (19,5) to rebuild
[RUSH] extend[0]: building (19,5)->(19,6) action=PlaceConveyor(pos=Position(x=19, y=5), direction=<Direction.SOUTH: 'south'>) d²=2
  task=RUSH 0us OK -> (<Direction.CENTRE: 'centre'>, PlaceConveyor(pos=Position(x=19, y=5), direction=<Direction.SOUTH: 'south'>))
  task=HEAL_CORE FAIL
[RUSH] --- rush eval at (14,8) en_core=(18,18) ---
[RUSH] step1: no flow tile in gunner range of core
[RUSH] step2: no flow tile near enemy core
[RUSH] step2.5: checking unconnected harvesters
[RUSH] step2.5: harvester (3,16) d²=229 flow=0.000 has adjacent flow, skip
[RUSH] _find_rush_ore: 10 total ore, 10 seen, sym=Symmetry.ROT candidates={<Symmetry.ROT: 1>, <Symmetry.HOR: 2>}
[RUSH]   ore (3,16) d²=229 bld=BuildingHarvester env=Environment.ORE_TITANIUM
[RUSH]   ore (16,3) d²=229 bld=None env=Environment.ORE_TITANIUM
[RUSH]   ore (16,13) d²=29 bld=BuildingHarvester env=Environment.ORE_TITANIUM
[RUSH]   PICKED: free ore at (16,2) d²=224
[RUSH] step3: free ore at (16,3)
[RUSH] step3: walking toward tap (16,2) for ore (16,3)
  task=RUSH 0us OK -> (<Direction.EAST: 'east'>, None)
  task=HEAL_CORE FAIL
[RUSH] --- rush eval at (18,5) en_core=(18,18) ---
[RUSH] step1: no flow tile in gunner range of core
[RUSH] step2: flow near core at (19,6) d²=145, extending to siege (19,14)
[RUSH] extend: from (19,6) toward core (18,18)
[RUSH] extend: siege target (19,14)
[RUSH] extend: path=[(19, 6), (19, 7), (19, 8), (19, 9), (19, 10), (19, 11), (19, 12), (19, 13), (19, 14)]
[RUSH] extend: path len=9, builder at (18,5)
[RUSH] extend[0]: (19,6)->(19,7) bld=None team=None connected=False
[RUSH] extend[0]: building (19,6)->(19,7) action=PlaceConveyor(pos=Position(x=19, y=6), direction=<Direction.SOUTH: 'south'>) d²=2
  task=RUSH 0us OK -> (<Direction.CENTRE: 'centre'>, PlaceConveyor(pos=Position(x=19, y=6), direction=<Direction.SOUTH: 'south'>))
  task=HEAL_CORE FAIL
[RUSH] --- rush eval at (19,4) en_core=(18,18) ---
[RUSH] step1: no flow tile in gunner range of core
[RUSH] step2: flow near core at (19,7) d²=122, extending to siege (19,14)
[RUSH] extend: from (19,7) toward core (18,18)
[RUSH] extend: siege target (19,14)
[RUSH] extend: path=[(19, 7), (19, 8), (19, 9), (19, 10), (19, 11), (19, 12), (19, 13), (19, 14)]
[RUSH] extend: path len=8, builder at (19,4)
[RUSH] extend[0]: (19,7)->(19,8) bld=None team=None connected=False
[RUSH] extend[0]: need to walk to (19,7) d²=9
  task=RUSH 0us OK -> (<Direction.SOUTH: 'south'>, None)
[GUN] (14,19) facing=EAST
[GUN] ray: target=Position(x=17, y=19) pri=4
[GUN] ammo=True
[GUN] feed_dir=WEST
[GUN] scan NORTHWEST: pri=3
[GUN] cur_pri=4 best_rot=NORTHWEST rot_pri=3
[GUN] FIRE at (17,19) pri=4
[GUN] (14,18) facing=EAST
[GUN] ray: target=Position(x=17, y=18) pri=4
[GUN] ammo=True
[GUN] feed_dir=SOUTHWEST
[GUN] scan NORTH: pri=1
[GUN] scan NORTHEAST: pri=2
[GUN] scan WEST: pri=3
[GUN] scan NORTHWEST: pri=1
[GUN] cur_pri=4 best_rot=WEST rot_pri=3
[GUN] FIRE at (17,18) pri=4
  task=HEAL_CORE FAIL
  task=RUSH FAIL
  task=SCOUT_ENEMY 0us OK -> (<Direction.SOUTH: 'south'>, None)
  task=HEAL_CORE FAIL
[RUSH] --- rush eval at (16,6) en_core=(18,18) ---
[RUSH] step1: no flow tile in gunner range of core
[RUSH] step2: flow near core at (19,7) d²=122, extending to siege (19,14)
[RUSH] extend: from (19,7) toward core (18,18)
[RUSH] extend: siege target (19,14)
[RUSH] extend: path=[(19, 7), (19, 8), (19, 9), (19, 10), (19, 11), (19, 12), (19, 13), (19, 14)]
[RUSH] extend: path len=8, builder at (16,6)
[RUSH] extend[0]: (19,7)->(19,8) bld=None team=None connected=False
[RUSH] extend[0]: need to walk to (19,7) d²=10
  task=RUSH 0us OK -> (<Direction.NORTHEAST: 'northeast'>, None)
  task=HEAL_CORE FAIL
[RUSH] --- rush eval at (18,4) en_core=(18,18) ---
[RUSH] step1: no flow tile in gunner range of core
[RUSH] step2: flow near core at (19,7) d²=122, extending to siege (19,14)
[RUSH] extend: from (19,7) toward core (18,18)
[RUSH] extend: siege target (19,14)
[RUSH] extend: path=[(19, 7), (19, 8), (19, 9), (19, 10), (19, 11), (19, 12), (19, 13), (19, 14)]
[RUSH] extend: path len=8, builder at (18,4)
[RUSH] extend[0]: (19,7)->(19,8) bld=None team=None connected=False
[RUSH] extend[0]: need to walk to (19,7) d²=10
  task=RUSH 0us OK -> (<Direction.WEST: 'west'>, None)
  task=HEAL_CORE FAIL
[RUSH] --- rush eval at (15,8) en_core=(18,18) ---
[RUSH] step1: no flow tile in gunner range of core
[RUSH] step2: no flow tile near enemy core
[RUSH] step2.5: checking unconnected harvesters
[RUSH] step2.5: harvester (3,16) d²=229 flow=0.000 has adjacent flow, skip
[RUSH] _find_rush_ore: 10 total ore, 10 seen, sym=Symmetry.ROT candidates={<Symmetry.ROT: 1>, <Symmetry.HOR: 2>}
[RUSH]   ore (3,16) d²=229 bld=BuildingHarvester env=Environment.ORE_TITANIUM
[RUSH]   ore (16,3) d²=229 bld=None env=Environment.ORE_TITANIUM
[RUSH]   ore (16,13) d²=29 bld=BuildingHarvester env=Environment.ORE_TITANIUM
[RUSH]   PICKED: free ore at (16,2) d²=224
[RUSH] step3: free ore at (16,3)
[RUSH] step3: walking toward tap (16,2) for ore (16,3)
  task=RUSH 0us OK -> (<Direction.NORTHEAST: 'northeast'>, None)
  task=HEAL_CORE FAIL
[RUSH] --- rush eval at (18,5) en_core=(18,18) ---
[RUSH] step1: no flow tile in gunner range of core
[RUSH] step2: flow near core at (19,7) d²=122, extending to siege (19,14)
[RUSH] extend: from (19,7) toward core (18,18)
[RUSH] extend: siege target (19,14)
[RUSH] extend: path=[(19, 7), (19, 8), (19, 9), (19, 10), (19, 11), (19, 12), (19, 13), (19, 14)]
[RUSH] extend: path len=8, builder at (18,5)
[RUSH] extend[0]: (19,7)->(19,8) bld=None team=None connected=False
[RUSH] extend[0]: need to walk to (19,7) d²=5
  task=RUSH 0us OK -> (<Direction.SOUTHEAST: 'southeast'>, None)
  task=HEAL_CORE FAIL
[RUSH] --- rush eval at (19,5) en_core=(18,18) ---
[RUSH] step1: no flow tile in gunner range of core
[RUSH] step2: flow near core at (19,7) d²=122, extending to siege (19,14)
[RUSH] extend: from (19,7) toward core (18,18)
[RUSH] extend: siege target (19,14)
[RUSH] extend: path=[(19, 7), (19, 8), (19, 9), (19, 10), (19, 11), (19, 12), (19, 13), (19, 14)]
[RUSH] extend: path len=8, builder at (19,5)
[RUSH] extend[0]: (19,7)->(19,8) bld=None team=None connected=False
[RUSH] extend[0]: need to walk to (19,7) d²=4
  task=RUSH 0us OK -> (<Direction.SOUTHWEST: 'southwest'>, PlaceRoad(pos=Position(x=18, y=6)))
[GUN] (14,19) facing=EAST
[GUN] ray: target=Position(x=17, y=19) pri=4
[GUN] ammo=True
[GUN] feed_dir=WEST
[GUN] scan NORTHWEST: pri=3
[GUN] cur_pri=4 best_rot=NORTHWEST rot_pri=3
[GUN] FIRE at (17,19) pri=4
[GUN] (14,18) facing=EAST
[GUN] ray: target=Position(x=17, y=18) pri=4
[GUN] ammo=True
[GUN] feed_dir=SOUTHWEST
[GUN] scan NORTH: pri=1
[GUN] scan NORTHEAST: pri=2
[GUN] scan WEST: pri=3
[GUN] scan NORTHWEST: pri=1
[GUN] cur_pri=4 best_rot=WEST rot_pri=3
[GUN] FIRE at (17,18) pri=4
  task=HEAL_CORE FAIL
[RUSH] --- rush eval at (10,9) en_core=(18,18) ---
[RUSH] step1: no flow tile in gunner range of core
[RUSH] step2: no flow tile near enemy core
[RUSH] step2.5: checking unconnected harvesters
[RUSH] step2.5: harvester (3,16) d²=229 flow=0.000 has adjacent flow, skip
[RUSH] _find_rush_ore: 10 total ore, 10 seen, sym=Symmetry.ROT candidates={<Symmetry.ROT: 1>}
[RUSH]   ore (3,16) d²=229 bld=BuildingHarvester env=Environment.ORE_TITANIUM
[RUSH]   ore (16,3) d²=229 bld=None env=Environment.ORE_TITANIUM
[RUSH]   ore (16,13) d²=29 bld=BuildingHarvester env=Environment.ORE_TITANIUM
[RUSH]   PICKED: free ore at (16,2) d²=224
[RUSH] step3: free ore at (16,3)
[RUSH] step3: walking toward tap (16,2) for ore (16,3)
  task=RUSH 0us OK -> (<Direction.NORTH: 'north'>, None)
  task=HEAL_CORE FAIL
[RUSH] --- rush eval at (17,5) en_core=(18,18) ---
[RUSH] step1: no flow tile in gunner range of core
[RUSH] step2: flow near core at (19,7) d²=122, extending to siege (19,14)
[RUSH] extend: from (19,7) toward core (18,18)
[RUSH] extend: siege target (19,14)
[RUSH] extend: path=[(19, 7), (19, 8), (19, 9), (19, 10), (19, 11), (19, 12), (19, 13), (19, 14)]
[RUSH] extend: path len=8, builder at (17,5)
[RUSH] extend[0]: (19,7)->(19,8) bld=None team=None connected=False
[RUSH] extend[0]: need to walk to (19,7) d²=8
  task=RUSH 0us OK -> (<Direction.SOUTH: 'south'>, PlaceRoad(pos=Position(x=17, y=6)))
  task=HEAL_CORE FAIL
[RUSH] --- rush eval at (17,4) en_core=(18,18) ---
[RUSH] step1: no flow tile in gunner range of core
[RUSH] step2: flow near core at (19,7) d²=122, extending to siege (19,14)
[RUSH] extend: from (19,7) toward core (18,18)
[RUSH] extend: siege target (19,14)
[RUSH] extend: path=[(19, 7), (19, 8), (19, 9), (19, 10), (19, 11), (19, 12), (19, 13), (19, 14)]
[RUSH] extend: path len=8, builder at (17,4)
[RUSH] extend[0]: (19,7)->(19,8) bld=None team=None connected=False
[RUSH] extend[0]: need to walk to (19,7) d²=13
  task=RUSH 0us OK -> (<Direction.SOUTH: 'south'>, None)
  task=HEAL_CORE FAIL
[RUSH] --- rush eval at (16,7) en_core=(18,18) ---
[RUSH] step1: no flow tile in gunner range of core
[RUSH] step2: flow near core at (19,7) d²=122, extending to siege (19,14)
[RUSH] extend: from (19,7) toward core (18,18)
[RUSH] extend: siege target (19,14)
[RUSH] extend: path=[(19, 7), (19, 8), (19, 9), (19, 10), (19, 11), (19, 12), (19, 13), (19, 14)]
[RUSH] extend: path len=8, builder at (16,7)
[RUSH] extend[0]: (19,7)->(19,8) bld=None team=None connected=False
[RUSH] extend[0]: need to walk to (19,7) d²=9
  task=RUSH 0us OK -> (<Direction.EAST: 'east'>, PlaceRoad(pos=Position(x=17, y=7)))
  task=HEAL_CORE FAIL
[RUSH] --- rush eval at (19,6) en_core=(18,18) ---
[RUSH] step1: no flow tile in gunner range of core
[RUSH] step2: flow near core at (19,7) d²=122, extending to siege (19,14)
[RUSH] extend: from (19,7) toward core (18,18)
[RUSH] extend: siege target (19,14)
[RUSH] extend: path=[(19, 7), (19, 8), (19, 9), (19, 10), (19, 11), (19, 12), (19, 13), (19, 14)]
[RUSH] extend: path len=8, builder at (19,6)
[RUSH] extend[0]: (19,7)->(19,8) bld=None team=None connected=False
[RUSH] extend[0]: building (19,7)->(19,8) action=PlaceConveyor(pos=Position(x=19, y=7), direction=<Direction.SOUTH: 'south'>) d²=1
  task=RUSH 0us OK -> (<Direction.CENTRE: 'centre'>, PlaceConveyor(pos=Position(x=19, y=7), direction=<Direction.SOUTH: 'south'>))
  task=HEAL_CORE FAIL
[RUSH] --- rush eval at (18,6) en_core=(18,18) ---
[RUSH] step1: no flow tile in gunner range of core
[RUSH] step2: flow near core at (19,7) d²=122, extending to siege (19,14)
[RUSH] extend: from (19,7) toward core (18,18)
[RUSH] extend: siege target (19,14)
[RUSH] extend: path=[(19, 7), (19, 8), (19, 9), (19, 10), (19, 11), (19, 12), (19, 13), (19, 14)]
[RUSH] extend: path len=8, builder at (18,6)
[RUSH] extend[0]: (19,7)->(19,8) bld=None team=None connected=False
[RUSH] extend[0]: building (19,7)->(19,8) action=PlaceConveyor(pos=Position(x=19, y=7), direction=<Direction.SOUTH: 'south'>) d²=2
  task=RUSH 0us OK -> (<Direction.CENTRE: 'centre'>, PlaceConveyor(pos=Position(x=19, y=7), direction=<Direction.SOUTH: 'south'>))
[GUN] (14,19) facing=EAST
[GUN] ray: target=Position(x=17, y=19) pri=4
[GUN] ammo=True
[GUN] feed_dir=WEST
[GUN] scan NORTHWEST: pri=3
[GUN] cur_pri=4 best_rot=NORTHWEST rot_pri=3
[GUN] FIRE at (17,19) pri=4
[GUN] (14,18) facing=EAST
[GUN] ray: target=Position(x=17, y=18) pri=4
[GUN] ammo=True
[GUN] feed_dir=SOUTHWEST
[GUN] scan NORTH: pri=1
[GUN] scan NORTHEAST: pri=2
[GUN] scan WEST: pri=3
[GUN] scan NORTHWEST: pri=1
[GUN] cur_pri=4 best_rot=WEST rot_pri=3
[GUN] FIRE at (17,18) pri=4
  task=HEAL_CORE FAIL
  task=RUSH FAIL
  task=SCOUT_ENEMY 0us OK -> (<Direction.SOUTH: 'south'>, None)
  task=HEAL_CORE FAIL
[RUSH] --- rush eval at (17,6) en_core=(18,18) ---
[RUSH] step1: no flow tile in gunner range of core
[RUSH] step2: flow near core at (19,7) d²=122, extending to siege (19,14)
[RUSH] extend: from (19,7) toward core (18,18)
[RUSH] extend: siege target (19,14)
[RUSH] extend: path=[(19, 7), (19, 8), (19, 9), (19, 10), (19, 11), (19, 12), (19, 13), (19, 14)]
[RUSH] extend: path len=8, builder at (17,6)
[RUSH] extend[0]: (19,7)->(19,8) bld=None team=None connected=False
[RUSH] extend[0]: need to walk to (19,7) d²=5
  task=RUSH 0us OK -> (<Direction.SOUTHEAST: 'southeast'>, PlaceRoad(pos=Position(x=18, y=7)))
  task=HEAL_CORE FAIL
[RUSH] --- rush eval at (17,5) en_core=(18,18) ---
[RUSH] step1: no flow tile in gunner range of core
[RUSH] step2: flow near core at (19,7) d²=122, extending to siege (19,14)
[RUSH] extend: from (19,7) toward core (18,18)
[RUSH] extend: siege target (19,14)
[RUSH] extend: path=[(19, 7), (19, 8), (19, 9), (19, 10), (19, 11), (19, 12), (19, 13), (19, 14)]
[RUSH] extend: path len=8, builder at (17,5)
[RUSH] extend[0]: (19,7)->(19,8) bld=BuildingMarker team=Team.A connected=False
[RUSH] extend[0]: need to walk to (19,7) d²=8
  task=RUSH 0us OK -> (<Direction.SOUTH: 'south'>, None)
  task=HEAL_CORE FAIL
[RUSH] --- rush eval at (17,7) en_core=(18,18) ---
[RUSH] step1: no flow tile in gunner range of core
[RUSH] step2: flow near core at (19,7) d²=122, extending to siege (19,14)
[RUSH] extend: from (19,7) toward core (18,18)
[RUSH] extend: siege target (19,14)
[RUSH] extend: path=[(19, 7), (19, 8), (19, 9), (19, 10), (19, 11), (19, 12), (19, 13), (19, 14)]
[RUSH] extend: path len=8, builder at (17,7)
[RUSH] extend[0]: (19,7)->(19,8) bld=BuildingMarker team=Team.A connected=False
[RUSH] extend[0]: need to walk to (19,7) d²=4
  task=RUSH 0us OK -> (<Direction.SOUTHEAST: 'southeast'>, PlaceRoad(pos=Position(x=18, y=8)))
  task=HEAL_CORE FAIL
[RUSH] --- rush eval at (19,6) en_core=(18,18) ---
[RUSH] step1: no flow tile in gunner range of core
[RUSH] step2: flow near core at (19,7) d²=122, extending to siege (19,14)
[RUSH] extend: from (19,7) toward core (18,18)
[RUSH] extend: siege target (19,14)
[RUSH] extend: path=[(19, 7), (19, 8), (19, 9), (19, 10), (19, 11), (19, 12), (19, 13), (19, 14)]
[RUSH] extend: path len=8, builder at (19,6)
[RUSH] extend[0]: (19,7)->(19,8) bld=BuildingMarker team=Team.A connected=False
[RUSH] extend[0]: destroying allied BuildingMarker at (19,7) to rebuild
[RUSH] extend[0]: building (19,7)->(19,8) action=PlaceConveyor(pos=Position(x=19, y=7), direction=<Direction.SOUTH: 'south'>) d²=1
  task=RUSH 0us OK -> (<Direction.CENTRE: 'centre'>, PlaceConveyor(pos=Position(x=19, y=7), direction=<Direction.SOUTH: 'south'>))
  task=HEAL_CORE FAIL
[RUSH] --- rush eval at (18,6) en_core=(18,18) ---
[RUSH] step1: no flow tile in gunner range of core
[RUSH] step2: flow near core at (19,8) d²=101, extending to siege (19,14)
[RUSH] extend: from (19,8) toward core (18,18)
[RUSH] extend: siege target (19,14)
[RUSH] extend: path=[(19, 8), (19, 9), (19, 10), (19, 11), (19, 12), (19, 13), (19, 14)]
[RUSH] extend: path len=7, builder at (18,6)
[RUSH] extend[0]: (19,8)->(19,9) bld=None team=None connected=False
[RUSH] extend[0]: need to walk to (19,8) d²=5
  task=RUSH 0us OK -> (<Direction.SOUTHEAST: 'southeast'>, None)
[GUN] (14,19) facing=EAST
[GUN] ray: target=None pri=0
[GUN] ammo=False
[GUN] no target, no ammo
[GUN] (14,18) facing=EAST
[GUN] ray: target=None pri=0
[GUN] ammo=False
[GUN] no target, no ammo
  task=HEAL_CORE FAIL
[RUSH] --- rush eval at (10,9) en_core=(18,18) ---
[RUSH] step1: no flow tile in gunner range of core
[RUSH] step2: no flow tile near enemy core
[RUSH] step2.5: checking unconnected harvesters
[RUSH] step2.5: harvester (3,16) d²=229 flow=0.000 has adjacent flow, skip
[RUSH] _find_rush_ore: 10 total ore, 10 seen, sym=Symmetry.ROT candidates={<Symmetry.ROT: 1>}
[RUSH]   ore (3,16) d²=229 bld=BuildingHarvester env=Environment.ORE_TITANIUM
[RUSH]   ore (16,3) d²=229 bld=None env=Environment.ORE_TITANIUM
[RUSH]   ore (16,13) d²=29 bld=BuildingHarvester env=Environment.ORE_TITANIUM
[RUSH]   PICKED: free ore at (16,2) d²=224
[RUSH] step3: free ore at (16,3)
[RUSH] step3: walking toward tap (16,2) for ore (16,3)
  task=RUSH 0us OK -> (<Direction.NORTH: 'north'>, None)
  task=HEAL_CORE FAIL
[RUSH] --- rush eval at (18,7) en_core=(18,18) ---
[RUSH] step1: no flow tile in gunner range of core
[RUSH] step2: flow near core at (19,8) d²=101, extending to siege (19,14)
[RUSH] extend: from (19,8) toward core (18,18)
[RUSH] extend: siege target (19,14)
[RUSH] extend: path=[(19, 8), (19, 9), (19, 10), (19, 11), (19, 12), (19, 13), (19, 14)]
[RUSH] extend: path len=7, builder at (18,7)
[RUSH] extend[0]: (19,8)->(19,9) bld=BuildingMarker team=Team.A connected=False
[RUSH] extend[0]: destroying allied BuildingMarker at (19,8) to rebuild
[RUSH] extend[0]: building (19,8)->(19,9) action=PlaceConveyor(pos=Position(x=19, y=8), direction=<Direction.SOUTH: 'south'>) d²=2
  task=RUSH 0us OK -> (<Direction.CENTRE: 'centre'>, PlaceConveyor(pos=Position(x=19, y=8), direction=<Direction.SOUTH: 'south'>))
  task=HEAL_CORE FAIL
[RUSH] --- rush eval at (17,6) en_core=(18,18) ---
[RUSH] step1: no flow tile in gunner range of core
[RUSH] step2: flow near core at (19,9) d²=82, extending to siege (19,14)
[RUSH] extend: from (19,9) toward core (18,18)
[RUSH] extend: siege target (19,14)
[RUSH] extend: path=[(19, 9), (19, 10), (19, 11), (19, 12), (19, 13), (19, 14)]
[RUSH] extend: path len=6, builder at (17,6)
[RUSH] extend[0]: (19,9)->(19,10) bld=None team=None connected=False
[RUSH] extend[0]: need to walk to (19,9) d²=13
  task=RUSH 0us OK -> (<Direction.SOUTH: 'south'>, None)
  task=HEAL_CORE FAIL
[RUSH] --- rush eval at (18,8) en_core=(18,18) ---
[RUSH] step1: no flow tile in gunner range of core
[RUSH] step2: flow near core at (19,9) d²=82, extending to siege (19,14)
[RUSH] extend: from (19,9) toward core (18,18)
[RUSH] extend: siege target (19,14)
[RUSH] extend: path=[(19, 9), (19, 10), (19, 11), (19, 12), (19, 13), (19, 14)]
[RUSH] extend: path len=6, builder at (18,8)
[RUSH] extend[0]: (19,9)->(19,10) bld=None team=None connected=False
[RUSH] extend[0]: building (19,9)->(19,10) action=PlaceConveyor(pos=Position(x=19, y=9), direction=<Direction.SOUTH: 'south'>) d²=2
  task=RUSH 0us OK -> (<Direction.CENTRE: 'centre'>, PlaceConveyor(pos=Position(x=19, y=9), direction=<Direction.SOUTH: 'south'>))
  task=HEAL_CORE FAIL
[RUSH] --- rush eval at (19,6) en_core=(18,18) ---
[RUSH] step1: no flow tile in gunner range of core
[RUSH] step2: flow near core at (19,9) d²=82, extending to siege (19,14)
[RUSH] extend: from (19,9) toward core (18,18)
[RUSH] extend: siege target (19,14)
[RUSH] extend: path=[(19, 9), (19, 10), (19, 11), (19, 12), (19, 13), (19, 14)]
[RUSH] extend: path len=6, builder at (19,6)
[RUSH] extend[0]: (19,9)->(19,10) bld=None team=None connected=False
[RUSH] extend[0]: need to walk to (19,9) d²=9
  task=RUSH 0us OK -> (<Direction.WEST: 'west'>, None)
  task=HEAL_CORE FAIL
[RUSH] --- rush eval at (19,7) en_core=(18,18) ---
[RUSH] step1: no flow tile in gunner range of core
[RUSH] step2: flow near core at (19,9) d²=82, extending to siege (19,14)
[RUSH] extend: from (19,9) toward core (18,18)
[RUSH] extend: siege target (19,14)
[RUSH] extend: path=[(19, 9), (19, 10), (19, 11), (19, 12), (19, 13), (19, 14)]
[RUSH] extend: path len=6, builder at (19,7)
[RUSH] extend[0]: (19,9)->(19,10) bld=None team=None connected=False
[RUSH] extend[0]: need to walk to (19,9) d²=4
  task=RUSH 0us OK -> (<Direction.SOUTH: 'south'>, None)
[GUN] (14,19) facing=EAST
[GUN] ray: target=None pri=0
[GUN] ammo=False
[GUN] no target, no ammo
[GUN] (14,18) facing=EAST
[GUN] ray: target=None pri=0
[GUN] ammo=False
[GUN] no target, no ammo
  task=HEAL_CORE FAIL
  task=RUSH FAIL
  task=SCOUT_ENEMY 0us OK -> (<Direction.SOUTH: 'south'>, None)
  task=HEAL_CORE FAIL
[RUSH] --- rush eval at (18,7) en_core=(18,18) ---
[RUSH] step1: no flow tile in gunner range of core
[RUSH] step2: flow near core at (19,9) d²=82, extending to siege (19,14)
[RUSH] extend: from (19,9) toward core (18,18)
[RUSH] extend: siege target (19,14)
[RUSH] extend: path=[(19, 9), (19, 10), (19, 11), (19, 12), (19, 13), (19, 14)]
[RUSH] extend: path len=6, builder at (18,7)
[RUSH] extend[0]: (19,9)->(19,10) bld=None team=None connected=False
[RUSH] extend[0]: need to walk to (19,9) d²=5
  task=RUSH 0us OK -> (<Direction.NORTHWEST: 'northwest'>, None)
  task=HEAL_CORE FAIL
[RUSH] --- rush eval at (17,7) en_core=(18,18) ---
[RUSH] step1: no flow tile in gunner range of core
[RUSH] step2: flow near core at (19,9) d²=82, extending to siege (19,14)
[RUSH] extend: from (19,9) toward core (18,18)
[RUSH] extend: siege target (19,14)
[RUSH] extend: path=[(19, 9), (19, 10), (19, 11), (19, 12), (19, 13), (19, 14)]
[RUSH] extend: path len=6, builder at (17,7)
[RUSH] extend[0]: (19,9)->(19,10) bld=None team=None connected=False
[RUSH] extend[0]: need to walk to (19,9) d²=8
  task=RUSH 0us OK -> (<Direction.SOUTHWEST: 'southwest'>, None)
  task=HEAL_CORE FAIL
[RUSH] --- rush eval at (18,8) en_core=(18,18) ---
[RUSH] step1: no flow tile in gunner range of core
[RUSH] step2: flow near core at (19,9) d²=82, extending to siege (19,14)
[RUSH] extend: from (19,9) toward core (18,18)
[RUSH] extend: siege target (19,14)
[RUSH] extend: path=[(19, 9), (19, 10), (19, 11), (19, 12), (19, 13), (19, 14)]
[RUSH] extend: path len=6, builder at (18,8)
[RUSH] extend[0]: (19,9)->(19,10) bld=None team=None connected=False
[RUSH] extend[0]: building (19,9)->(19,10) action=PlaceConveyor(pos=Position(x=19, y=9), direction=<Direction.SOUTH: 'south'>) d²=2
  task=RUSH 0us OK -> (<Direction.CENTRE: 'centre'>, PlaceConveyor(pos=Position(x=19, y=9), direction=<Direction.SOUTH: 'south'>))
  task=HEAL_CORE FAIL
[RUSH] --- rush eval at (18,6) en_core=(18,18) ---
[RUSH] step1: no flow tile in gunner range of core
[RUSH] step2: flow near core at (19,10) d²=65, extending to siege (19,14)
[RUSH] extend: from (19,10) toward core (18,18)
[RUSH] extend: siege target (19,14)
[RUSH] extend: path=[(19, 10), (19, 11), (19, 12), (19, 13), (19, 14)]
[RUSH] extend: path len=5, builder at (18,6)
[RUSH] extend[0]: (19,10)->(19,11) bld=None team=None connected=False
[RUSH] extend[0]: need to walk to (19,10) d²=17
  task=RUSH 0us OK -> (<Direction.SOUTHWEST: 'southwest'>, None)
  task=HEAL_CORE FAIL
[RUSH] --- rush eval at (19,8) en_core=(18,18) ---
[RUSH] step1: no flow tile in gunner range of core
[RUSH] step2: flow near core at (19,10) d²=65, extending to siege (19,14)
[RUSH] extend: from (19,10) toward core (18,18)
[RUSH] extend: siege target (19,14)
[RUSH] extend: path=[(19, 10), (19, 11), (19, 12), (19, 13), (19, 14)]
[RUSH] extend: path len=5, builder at (19,8)
[RUSH] extend[0]: (19,10)->(19,11) bld=None team=None connected=False
[RUSH] extend[0]: need to walk to (19,10) d²=4
  task=RUSH 0us OK -> (<Direction.SOUTH: 'south'>, None)
[GUN] (14,19) facing=EAST
[GUN] ray: target=Position(x=17, y=19) pri=4
[GUN] ammo=True
[GUN] feed_dir=WEST
[GUN] scan NORTHWEST: pri=3
[GUN] cur_pri=4 best_rot=NORTHWEST rot_pri=3
[GUN] FIRE at (17,19) pri=4
[GUN] (14,18) facing=EAST
[GUN] ray: target=None pri=0
[GUN] ammo=False
[GUN] no target, no ammo
  task=HEAL_CORE FAIL
[RUSH] --- rush eval at (10,9) en_core=(18,18) ---
[RUSH] step1: no flow tile in gunner range of core
[RUSH] step2: no flow tile near enemy core
[RUSH] step2.5: checking unconnected harvesters
[RUSH] step2.5: harvester (3,16) d²=229 flow=0.000 has adjacent flow, skip
[RUSH] _find_rush_ore: 10 total ore, 10 seen, sym=Symmetry.ROT candidates={<Symmetry.ROT: 1>}
[RUSH]   ore (3,16) d²=229 bld=BuildingHarvester env=Environment.ORE_TITANIUM
[RUSH]   ore (16,3) d²=229 bld=None env=Environment.ORE_TITANIUM
[RUSH]   ore (16,13) d²=29 bld=BuildingHarvester env=Environment.ORE_TITANIUM
[RUSH]   PICKED: free ore at (16,2) d²=224
[RUSH] step3: free ore at (16,3)
[RUSH] step3: walking toward tap (16,2) for ore (16,3)
  task=RUSH 0us OK -> (<Direction.NORTH: 'north'>, None)
  task=HEAL_CORE FAIL
[RUSH] --- rush eval at (17,6) en_core=(18,18) ---
[RUSH] step1: no flow tile in gunner range of core
[RUSH] step2: flow near core at (19,10) d²=65, extending to siege (19,14)
[RUSH] extend: from (19,10) toward core (18,18)
[RUSH] extend: siege target (19,14)
[RUSH] extend: path=[(19, 10), (19, 11), (19, 12), (19, 13), (19, 14)]
[RUSH] extend: path len=5, builder at (17,6)
[RUSH] extend[0]: (19,10)->(19,11) bld=None team=None connected=False
[RUSH] extend[0]: need to walk to (19,10) d²=20
  task=RUSH 0us OK -> (<Direction.SOUTHEAST: 'southeast'>, None)
  task=HEAL_CORE FAIL
[RUSH] --- rush eval at (16,8) en_core=(18,18) ---
[RUSH] step1: no flow tile in gunner range of core
[RUSH] step2: flow near core at (19,10) d²=65, extending to siege (19,14)
[RUSH] extend: from (19,10) toward core (18,18)
[RUSH] extend: siege target (19,14)
[RUSH] extend: path=[(19, 10), (19, 11), (19, 12), (19, 13), (19, 14)]
[RUSH] extend: path len=5, builder at (16,8)
[RUSH] extend[0]: (19,10)->(19,11) bld=None team=None connected=False
[RUSH] extend[0]: need to walk to (19,10) d²=13
  task=RUSH 0us OK -> (<Direction.SOUTHWEST: 'southwest'>, None)
  task=HEAL_CORE FAIL
[RUSH] --- rush eval at (18,8) en_core=(18,18) ---
[RUSH] step1: no flow tile in gunner range of core
[RUSH] step2: flow near core at (19,10) d²=65, extending to siege (19,14)
[RUSH] extend: from (19,10) toward core (18,18)
[RUSH] extend: siege target (19,14)
[RUSH] extend: path=[(19, 10), (19, 11), (19, 12), (19, 13), (19, 14)]
[RUSH] extend: path len=5, builder at (18,8)
[RUSH] extend[0]: (19,10)->(19,11) bld=None team=None connected=False
[RUSH] extend[0]: need to walk to (19,10) d²=5
  task=RUSH FAIL
  task=SCOUT_ENEMY FAIL
  task=CONNECT_BACK 0us OK -> (<Direction.CENTRE: 'centre'>, None)
  task=HEAL_CORE FAIL
[RUSH] --- rush eval at (17,7) en_core=(18,18) ---
[RUSH] step1: no flow tile in gunner range of core
[RUSH] step2: flow near core at (19,10) d²=65, extending to siege (19,14)
[RUSH] extend: from (19,10) toward core (18,18)
[RUSH] extend: siege target (19,14)
[RUSH] extend: path=[(19, 10), (19, 11), (19, 12), (19, 13), (19, 14)]
[RUSH] extend: path len=5, builder at (17,7)
[RUSH] extend[0]: (19,10)->(19,11) bld=None team=None connected=False
[RUSH] extend[0]: need to walk to (19,10) d²=13
  task=RUSH 0us OK -> (<Direction.NORTHEAST: 'northeast'>, None)
  task=HEAL_CORE FAIL
[RUSH] --- rush eval at (19,9) en_core=(18,18) ---
[RUSH] step1: no flow tile in gunner range of core
[RUSH] step2: flow near core at (19,10) d²=65, extending to siege (19,14)
[RUSH] extend: from (19,10) toward core (18,18)
[RUSH] extend: siege target (19,14)
[RUSH] extend: path=[(19, 10), (19, 11), (19, 12), (19, 13), (19, 14)]
[RUSH] extend: path len=5, builder at (19,9)
[RUSH] extend[0]: (19,10)->(19,11) bld=None team=None connected=False
[RUSH] extend[0]: building (19,10)->(19,11) action=PlaceConveyor(pos=Position(x=19, y=10), direction=<Direction.SOUTH: 'south'>) d²=1
  task=RUSH 0us OK -> (<Direction.CENTRE: 'centre'>, PlaceConveyor(pos=Position(x=19, y=10), direction=<Direction.SOUTH: 'south'>))
[GUN] (14,19) facing=EAST
[GUN] ray: target=Position(x=17, y=19) pri=4
[GUN] ammo=True
[GUN] feed_dir=WEST
[GUN] scan NORTHWEST: pri=3
[GUN] cur_pri=4 best_rot=NORTHWEST rot_pri=3
[GUN] FIRE at (17,19) pri=4
[GUN] (14,18) facing=EAST
[GUN] ray: target=Position(x=17, y=18) pri=4
[GUN] ammo=True
[GUN] feed_dir=SOUTHWEST
[GUN] scan NORTH: pri=1
[GUN] scan NORTHEAST: pri=2
[GUN] scan WEST: pri=3
[GUN] scan NORTHWEST: pri=1
[GUN] cur_pri=4 best_rot=WEST rot_pri=3
[GUN] FIRE at (17,18) pri=4
  task=HEAL_CORE FAIL
  task=RUSH FAIL
  task=SCOUT_ENEMY 0us OK -> (<Direction.SOUTH: 'south'>, None)
  task=HEAL_CORE FAIL
[RUSH] --- rush eval at (18,7) en_core=(18,18) ---
[RUSH] step1: no flow tile in gunner range of core
[RUSH] step2: flow near core at (19,10) d²=65, extending to siege (19,14)
[RUSH] extend: from (19,10) toward core (18,18)
[RUSH] extend: siege target (19,14)
[RUSH] extend: path=[(19, 10), (19, 11), (19, 12), (19, 13), (19, 14)]
[RUSH] extend: path len=5, builder at (18,7)
[RUSH] extend[0]: (19,10)->(19,11) bld=None team=None connected=False
[RUSH] extend[0]: need to walk to (19,10) d²=10
  task=RUSH 0us OK -> (<Direction.SOUTHEAST: 'southeast'>, None)
  task=HEAL_CORE FAIL
[RUSH] --- rush eval at (15,9) en_core=(18,18) ---
[RUSH] step1: no flow tile in gunner range of core
[RUSH] step2: flow near core at (19,10) d²=65, extending to siege (19,14)
[RUSH] extend: from (19,10) toward core (18,18)
[RUSH] extend: siege target (19,14)
[RUSH] extend: path=[(19, 10), (19, 11), (19, 12), (19, 13), (19, 14)]
[RUSH] extend: path len=5, builder at (15,9)
[RUSH] extend[0]: (19,10)->(19,11) bld=None team=None connected=False
[RUSH] extend[0]: need to walk to (19,10) d²=17
  task=RUSH 0us OK -> (<Direction.SOUTHEAST: 'southeast'>, None)
  task=HEAL_CORE FAIL
[RUSH] --- rush eval at (18,8) en_core=(18,18) ---
[RUSH] step1: no flow tile in gunner range of core
[RUSH] step2: flow near core at (19,10) d²=65, extending to siege (19,14)
[RUSH] extend: from (19,10) toward core (18,18)
[RUSH] extend: siege target (19,14)
[RUSH] extend: path=[(19, 10), (19, 11), (19, 12), (19, 13), (19, 14)]
[RUSH] extend: path len=5, builder at (18,8)
[RUSH] extend[0]: (19,10)->(19,11) bld=None team=None connected=False
[RUSH] extend[0]: need to walk to (19,10) d²=5
  task=RUSH 0us OK -> (<Direction.SOUTH: 'south'>, PlaceRoad(pos=Position(x=18, y=9)))
  task=HEAL_CORE FAIL
[RUSH] --- rush eval at (18,6) en_core=(18,18) ---
[RUSH] step1: no flow tile in gunner range of core
[RUSH] step2: flow near core at (19,10) d²=65, extending to siege (19,14)
[RUSH] extend: from (19,10) toward core (18,18)
[RUSH] extend: siege target (19,14)
[RUSH] extend: path=[(19, 10), (19, 11), (19, 12), (19, 13), (19, 14)]
[RUSH] extend: path len=5, builder at (18,6)
[RUSH] extend[0]: (19,10)->(19,11) bld=None team=None connected=False
[RUSH] extend[0]: need to walk to (19,10) d²=17
  task=RUSH 0us OK -> (<Direction.SOUTHWEST: 'southwest'>, None)
  task=HEAL_CORE FAIL
[RUSH] --- rush eval at (19,9) en_core=(18,18) ---
[RUSH] step1: no flow tile in gunner range of core
[RUSH] step2: flow near core at (19,10) d²=65, extending to siege (19,14)
[RUSH] extend: from (19,10) toward core (18,18)
[RUSH] extend: siege target (19,14)
[RUSH] extend: path=[(19, 10), (19, 11), (19, 12), (19, 13), (19, 14)]
[RUSH] extend: path len=5, builder at (19,9)
[RUSH] extend[0]: (19,10)->(19,11) bld=None team=None connected=False
[RUSH] extend[0]: building (19,10)->(19,11) action=PlaceConveyor(pos=Position(x=19, y=10), direction=<Direction.SOUTH: 'south'>) d²=1
  task=RUSH 0us OK -> (<Direction.CENTRE: 'centre'>, PlaceConveyor(pos=Position(x=19, y=10), direction=<Direction.SOUTH: 'south'>))
[GUN] (14,19) facing=EAST
[GUN] ray: target=Position(x=17, y=19) pri=4
[GUN] ammo=True
[GUN] feed_dir=WEST
[GUN] scan NORTHWEST: pri=3
[GUN] cur_pri=4 best_rot=NORTHWEST rot_pri=3
[GUN] FIRE at (17,19) pri=4
[GUN] (14,18) facing=EAST
[GUN] ray: target=Position(x=17, y=18) pri=4
[GUN] ammo=True
[GUN] feed_dir=SOUTHWEST
[GUN] scan NORTH: pri=1
[GUN] scan NORTHEAST: pri=2
[GUN] scan WEST: pri=3
[GUN] scan NORTHWEST: pri=1
[GUN] cur_pri=4 best_rot=WEST rot_pri=3
[GUN] FIRE at (17,18) pri=4
  task=HEAL_CORE FAIL
[RUSH] --- rush eval at (10,9) en_core=(18,18) ---
[RUSH] step1: no flow tile in gunner range of core
[RUSH] step2: no flow tile near enemy core
[RUSH] step2.5: checking unconnected harvesters
[RUSH] step2.5: harvester (3,16) d²=229 flow=0.000 has adjacent flow, skip
[RUSH] _find_rush_ore: 10 total ore, 10 seen, sym=Symmetry.ROT candidates={<Symmetry.ROT: 1>}
[RUSH]   ore (3,16) d²=229 bld=BuildingHarvester env=Environment.ORE_TITANIUM
[RUSH]   ore (16,3) d²=229 bld=None env=Environment.ORE_TITANIUM
[RUSH]   ore (16,13) d²=29 bld=BuildingHarvester env=Environment.ORE_TITANIUM
[RUSH]   PICKED: free ore at (16,2) d²=224
[RUSH] step3: free ore at (16,3)
[RUSH] step3: walking toward tap (16,2) for ore (16,3)
  task=RUSH 0us OK -> (<Direction.NORTH: 'north'>, None)
  task=HEAL_CORE FAIL
[RUSH] --- rush eval at (19,8) en_core=(18,18) ---
[RUSH] step1: no flow tile in gunner range of core
[RUSH] step2: flow near core at (19,10) d²=65, extending to siege (19,14)
[RUSH] extend: from (19,10) toward core (18,18)
[RUSH] extend: siege target (19,14)
[RUSH] extend: path=[(19, 10), (19, 11), (19, 12), (19, 13), (19, 14)]
[RUSH] extend: path len=5, builder at (19,8)
[RUSH] extend[0]: (19,10)->(19,11) bld=None team=None connected=False
[RUSH] extend[0]: need to walk to (19,10) d²=4
  task=RUSH 0us OK -> (<Direction.NORTHWEST: 'northwest'>, None)
  task=HEAL_CORE FAIL
[RUSH] --- rush eval at (16,10) en_core=(18,18) ---
[RUSH] step1: no flow tile in gunner range of core
[RUSH] step2: flow near core at (19,10) d²=65, extending to siege (19,14)
[RUSH] extend: from (19,10) toward core (18,18)
[RUSH] extend: siege target (19,14)
[RUSH] extend: path=[(19, 10), (19, 11), (19, 12), (19, 13), (19, 14)]
[RUSH] extend: path len=5, builder at (16,10)
[RUSH] extend[0]: (19,10)->(19,11) bld=None team=None connected=False
[RUSH] extend[0]: need to walk to (19,10) d²=9
  task=RUSH 0us OK -> (<Direction.EAST: 'east'>, PlaceRoad(pos=Position(x=17, y=10)))
  task=HEAL_CORE FAIL
[RUSH] --- rush eval at (18,9) en_core=(18,18) ---
[RUSH] step1: no flow tile in gunner range of core
[RUSH] step2: flow near core at (19,10) d²=65, extending to siege (19,14)
[RUSH] extend: from (19,10) toward core (18,18)
[RUSH] extend: siege target (19,14)
[RUSH] extend: path=[(19, 10), (19, 11), (19, 12), (19, 13), (19, 14)]
[RUSH] extend: path len=5, builder at (18,9)
[RUSH] extend[0]: (19,10)->(19,11) bld=None team=None connected=False
[RUSH] extend[0]: building (19,10)->(19,11) action=PlaceConveyor(pos=Position(x=19, y=10), direction=<Direction.SOUTH: 'south'>) d²=2
  task=RUSH 0us OK -> (<Direction.CENTRE: 'centre'>, PlaceConveyor(pos=Position(x=19, y=10), direction=<Direction.SOUTH: 'south'>))
  task=HEAL_CORE FAIL
[RUSH] --- rush eval at (17,7) en_core=(18,18) ---
[RUSH] step1: no flow tile in gunner range of core
[RUSH] step2: flow near core at (19,10) d²=65, extending to siege (19,14)
[RUSH] extend: from (19,10) toward core (18,18)
[RUSH] extend: siege target (19,14)
[RUSH] extend: path=[(19, 10), (19, 11), (19, 12), (19, 13), (19, 14)]
[RUSH] extend: path len=5, builder at (17,7)
[RUSH] extend[0]: (19,10)->(19,11) bld=None team=None connected=False
[RUSH] extend[0]: need to walk to (19,10) d²=13
  task=RUSH 0us OK -> (<Direction.SOUTHWEST: 'southwest'>, None)
  task=HEAL_CORE FAIL
[RUSH] --- rush eval at (19,9) en_core=(18,18) ---
[RUSH] step1: no flow tile in gunner range of core
[RUSH] step2: flow near core at (19,10) d²=65, extending to siege (19,14)
[RUSH] extend: from (19,10) toward core (18,18)
[RUSH] extend: siege target (19,14)
[RUSH] extend: path=[(19, 10), (19, 11), (19, 12), (19, 13), (19, 14)]
[RUSH] extend: path len=5, builder at (19,9)
[RUSH] extend[0]: (19,10)->(19,11) bld=None team=None connected=False
[RUSH] extend[0]: building (19,10)->(19,11) action=PlaceConveyor(pos=Position(x=19, y=10), direction=<Direction.SOUTH: 'south'>) d²=1
  task=RUSH 0us OK -> (<Direction.CENTRE: 'centre'>, PlaceConveyor(pos=Position(x=19, y=10), direction=<Direction.SOUTH: 'south'>))
[GUN] (14,19) facing=EAST
[GUN] ray: target=Position(x=17, y=19) pri=4
[GUN] ammo=True
[GUN] feed_dir=WEST
[GUN] scan NORTHWEST: pri=3
[GUN] cur_pri=4 best_rot=NORTHWEST rot_pri=3
[GUN] FIRE at (17,19) pri=4
[GUN] (14,18) facing=EAST
[GUN] ray: target=Position(x=17, y=18) pri=4
[GUN] ammo=True
[GUN] feed_dir=SOUTHWEST
[GUN] scan NORTH: pri=1
[GUN] scan NORTHEAST: pri=2
[GUN] scan WEST: pri=3
[GUN] scan NORTHWEST: pri=1
[GUN] cur_pri=4 best_rot=WEST rot_pri=3
[GUN] FIRE at (17,18) pri=4
  task=HEAL_CORE FAIL
  task=RUSH FAIL
  task=SCOUT_ENEMY 0us OK -> (<Direction.SOUTH: 'south'>, None)
  task=HEAL_CORE FAIL
[RUSH] --- rush eval at (18,7) en_core=(18,18) ---
[RUSH] step1: no flow tile in gunner range of core
[RUSH] step2: flow near core at (19,10) d²=65, extending to siege (19,14)
[RUSH] extend: from (19,10) toward core (18,18)
[RUSH] extend: siege target (19,14)
[RUSH] extend: path=[(19, 10), (19, 11), (19, 12), (19, 13), (19, 14)]
[RUSH] extend: path len=5, builder at (18,7)
[RUSH] extend[0]: (19,10)->(19,11) bld=None team=None connected=False
[RUSH] extend[0]: need to walk to (19,10) d²=10
  task=RUSH 0us OK -> (<Direction.WEST: 'west'>, None)
  task=HEAL_CORE FAIL
[RUSH] --- rush eval at (17,10) en_core=(18,18) ---
[RUSH] step1: no flow tile in gunner range of core
[RUSH] step2: flow near core at (19,10) d²=65, extending to siege (19,14)
[RUSH] extend: from (19,10) toward core (18,18)
[RUSH] extend: siege target (19,14)
[RUSH] extend: path=[(19, 10), (19, 11), (19, 12), (19, 13), (19, 14)]
[RUSH] extend: path len=5, builder at (17,10)
[RUSH] extend[0]: (19,10)->(19,11) bld=None team=None connected=False
[RUSH] extend[0]: need to walk to (19,10) d²=4
  task=RUSH 0us OK -> (<Direction.EAST: 'east'>, PlaceRoad(pos=Position(x=18, y=10)))
  task=HEAL_CORE FAIL
[RUSH] --- rush eval at (18,9) en_core=(18,18) ---
[RUSH] step1: no flow tile in gunner range of core
[RUSH] step2: flow near core at (19,10) d²=65, extending to siege (19,14)
[RUSH] extend: from (19,10) toward core (18,18)
[RUSH] extend: siege target (19,14)
[RUSH] extend: path=[(19, 10), (19, 11), (19, 12), (19, 13), (19, 14)]
[RUSH] extend: path len=5, builder at (18,9)
[RUSH] extend[0]: (19,10)->(19,11) bld=BuildingMarker team=Team.A connected=False
[RUSH] extend[0]: destroying allied BuildingMarker at (19,10) to rebuild
[RUSH] extend[0]: building (19,10)->(19,11) action=PlaceConveyor(pos=Position(x=19, y=10), direction=<Direction.SOUTH: 'south'>) d²=2
  task=RUSH 0us OK -> (<Direction.CENTRE: 'centre'>, PlaceConveyor(pos=Position(x=19, y=10), direction=<Direction.SOUTH: 'south'>))
  task=HEAL_CORE FAIL
[RUSH] --- rush eval at (16,8) en_core=(18,18) ---
[RUSH] step1: no flow tile in gunner range of core
[RUSH] step2: flow near core at (19,10) d²=65, extending to siege (19,14)
[RUSH] extend: from (19,10) toward core (18,18)
[RUSH] extend: siege target (19,14)
[RUSH] extend: path=[(19, 10), (19, 11), (19, 12), (19, 13), (19, 14)]
[RUSH] extend: path len=5, builder at (16,8)
[RUSH] extend[0]: (19,10)->(19,11) bld=BuildingMarker team=Team.A connected=False
[RUSH] extend[0]: need to walk to (19,10) d²=13
  task=RUSH 0us OK -> (<Direction.SOUTHWEST: 'southwest'>, None)
  task=HEAL_CORE FAIL
[RUSH] --- rush eval at (19,9) en_core=(18,18) ---
[RUSH] step1: no flow tile in gunner range of core
[RUSH] step2: flow near core at (19,10) d²=65, extending to siege (19,14)
[RUSH] extend: from (19,10) toward core (18,18)
[RUSH] extend: siege target (19,14)
[RUSH] extend: path=[(19, 10), (19, 11), (19, 12), (19, 13), (19, 14)]
[RUSH] extend: path len=5, builder at (19,9)
[RUSH] extend[0]: (19,10)->(19,11) bld=BuildingMarker team=Team.A connected=False
[RUSH] extend[0]: destroying allied BuildingMarker at (19,10) to rebuild
[RUSH] extend[0]: building (19,10)->(19,11) action=PlaceConveyor(pos=Position(x=19, y=10), direction=<Direction.SOUTH: 'south'>) d²=1
  task=RUSH 0us OK -> (<Direction.CENTRE: 'centre'>, PlaceConveyor(pos=Position(x=19, y=10), direction=<Direction.SOUTH: 'south'>))
[GUN] (14,19) facing=EAST
[GUN] ray: target=Position(x=17, y=19) pri=4
[GUN] ammo=True
[GUN] feed_dir=WEST
[GUN] scan NORTHWEST: pri=3
[GUN] cur_pri=4 best_rot=NORTHWEST rot_pri=3
[GUN] FIRE at (17,19) pri=4
[GUN] (14,18) facing=EAST
[GUN] ray: target=Position(x=17, y=18) pri=4
[GUN] ammo=True
[GUN] feed_dir=SOUTHWEST
[GUN] scan NORTH: pri=1
[GUN] scan NORTHEAST: pri=2
[GUN] scan WEST: pri=3
[GUN] scan NORTHWEST: pri=1
[GUN] cur_pri=4 best_rot=WEST rot_pri=3
[GUN] FIRE at (17,18) pri=4
  task=HEAL_CORE FAIL
[RUSH] --- rush eval at (10,9) en_core=(18,18) ---
[RUSH] step1: no flow tile in gunner range of core
[RUSH] step2: no flow tile near enemy core
[RUSH] step2.5: checking unconnected harvesters
[RUSH] step2.5: harvester (3,16) d²=229 flow=0.000 has adjacent flow, skip
[RUSH] _find_rush_ore: 10 total ore, 10 seen, sym=Symmetry.ROT candidates={<Symmetry.ROT: 1>}
[RUSH]   ore (3,16) d²=229 bld=BuildingHarvester env=Environment.ORE_TITANIUM
[RUSH]   ore (16,3) d²=229 bld=None env=Environment.ORE_TITANIUM
[RUSH]   ore (16,13) d²=29 bld=BuildingHarvester env=Environment.ORE_TITANIUM
[RUSH]   PICKED: free ore at (16,2) d²=224
[RUSH] step3: free ore at (16,3)
[RUSH] step3: walking toward tap (16,2) for ore (16,3)
  task=RUSH 0us OK -> (<Direction.NORTH: 'north'>, None)
  task=HEAL_CORE FAIL
[RUSH] --- rush eval at (17,7) en_core=(18,18) ---
[RUSH] step1: no flow tile in gunner range of core
[RUSH] step2: flow near core at (19,10) d²=65, extending to siege (19,14)
[RUSH] extend: from (19,10) toward core (18,18)
[RUSH] extend: siege target (19,14)
[RUSH] extend: path=[(19, 10), (19, 11), (19, 12), (19, 13), (19, 14)]
[RUSH] extend: path len=5, builder at (17,7)
[RUSH] extend[0]: (19,10)->(19,11) bld=BuildingMarker team=Team.A connected=False
[RUSH] extend[0]: need to walk to (19,10) d²=13
  task=RUSH 0us OK -> (<Direction.SOUTHWEST: 'southwest'>, None)
  task=HEAL_CORE FAIL
[RUSH] --- rush eval at (18,10) en_core=(18,18) ---
[RUSH] step1: no flow tile in gunner range of core
[RUSH] step2: flow near core at (19,10) d²=65, extending to siege (19,14)
[RUSH] extend: from (19,10) toward core (18,18)
[RUSH] extend: siege target (19,14)
[RUSH] extend: path=[(19, 10), (19, 11), (19, 12), (19, 13), (19, 14)]
[RUSH] extend: path len=5, builder at (18,10)
[RUSH] extend[0]: (19,10)->(19,11) bld=BuildingMarker team=Team.A connected=False
[RUSH] extend[0]: destroying allied BuildingMarker at (19,10) to rebuild
[RUSH] extend[0]: building (19,10)->(19,11) action=PlaceConveyor(pos=Position(x=19, y=10), direction=<Direction.SOUTH: 'south'>) d²=1
  task=RUSH 0us OK -> (<Direction.CENTRE: 'centre'>, PlaceConveyor(pos=Position(x=19, y=10), direction=<Direction.SOUTH: 'south'>))
  task=HEAL_CORE FAIL
[RUSH] --- rush eval at (18,9) en_core=(18,18) ---
[RUSH] step1: no flow tile in gunner range of core
[RUSH] step2: flow near core at (19,10) d²=65, extending to siege (19,14)
[RUSH] extend: from (19,10) toward core (18,18)
[RUSH] extend: siege target (19,14)
[RUSH] extend: path=[(19, 10), (19, 11), (19, 12), (19, 13), (19, 14)]
[RUSH] extend: path len=5, builder at (18,9)
[RUSH] extend[0]: (19,10)->(19,11) bld=BuildingMarker team=Team.A connected=False
[RUSH] extend[0]: destroying allied BuildingMarker at (19,10) to rebuild
[RUSH] extend[0]: building (19,10)->(19,11) action=PlaceConveyor(pos=Position(x=19, y=10), direction=<Direction.SOUTH: 'south'>) d²=2
  task=RUSH 0us OK -> (<Direction.CENTRE: 'centre'>, PlaceConveyor(pos=Position(x=19, y=10), direction=<Direction.SOUTH: 'south'>))
  task=HEAL_CORE FAIL
[RUSH] --- rush eval at (15,9) en_core=(18,18) ---
[RUSH] step1: no flow tile in gunner range of core
[RUSH] step2: flow near core at (19,10) d²=65, extending to siege (19,14)
[RUSH] extend: from (19,10) toward core (18,18)
[RUSH] extend: siege target (19,14)
[RUSH] extend: path=[(19, 10), (19, 11), (19, 12), (19, 13), (19, 14)]
[RUSH] extend: path len=5, builder at (15,9)
[RUSH] extend[0]: (19,10)->(19,11) bld=BuildingMarker team=Team.A connected=False
[RUSH] extend[0]: need to walk to (19,10) d²=17
  task=RUSH 0us OK -> (<Direction.SOUTHEAST: 'southeast'>, None)
  task=HEAL_CORE FAIL
[RUSH] --- rush eval at (19,9) en_core=(18,18) ---
[RUSH] step1: no flow tile in gunner range of core
[RUSH] step2: flow near core at (19,10) d²=65, extending to siege (19,14)
[RUSH] extend: from (19,10) toward core (18,18)
[RUSH] extend: siege target (19,14)
[RUSH] extend: path=[(19, 10), (19, 11), (19, 12), (19, 13), (19, 14)]
[RUSH] extend: path len=5, builder at (19,9)
[RUSH] extend[0]: (19,10)->(19,11) bld=BuildingMarker team=Team.A connected=False
[RUSH] extend[0]: destroying allied BuildingMarker at (19,10) to rebuild
[RUSH] extend[0]: building (19,10)->(19,11) action=PlaceConveyor(pos=Position(x=19, y=10), direction=<Direction.SOUTH: 'south'>) d²=1
  task=RUSH 0us OK -> (<Direction.CENTRE: 'centre'>, PlaceConveyor(pos=Position(x=19, y=10), direction=<Direction.SOUTH: 'south'>))
[GUN] (14,19) facing=EAST
[GUN] ray: target=None pri=0
[GUN] ammo=False
[GUN] no target, no ammo
[GUN] (14,18) facing=EAST
[GUN] ray: target=Position(x=17, y=18) pri=4
[GUN] ammo=True
[GUN] feed_dir=SOUTHWEST
[GUN] scan NORTH: pri=1
[GUN] scan NORTHEAST: pri=2
[GUN] scan WEST: pri=3
[GUN] scan NORTHWEST: pri=1
[GUN] cur_pri=4 best_rot=WEST rot_pri=3
[GUN] FIRE at (17,18) pri=4
  task=HEAL_CORE FAIL
  task=RUSH FAIL
  task=SCOUT_ENEMY 0us OK -> (<Direction.SOUTH: 'south'>, None)
  task=HEAL_CORE FAIL
[RUSH] --- rush eval at (16,8) en_core=(18,18) ---
[RUSH] step1: no flow tile in gunner range of core
[RUSH] step2: flow near core at (19,10) d²=65, extending to siege (19,14)
[RUSH] extend: from (19,10) toward core (18,18)
[RUSH] extend: siege target (19,14)
[RUSH] extend: path=[(19, 10), (19, 11), (19, 12), (19, 13), (19, 14)]
[RUSH] extend: path len=5, builder at (16,8)
[RUSH] extend[0]: (19,10)->(19,11) bld=BuildingMarker team=Team.A connected=False
[RUSH] extend[0]: need to walk to (19,10) d²=13
  task=RUSH 0us OK -> (<Direction.SOUTH: 'south'>, PlaceRoad(pos=Position(x=16, y=9)))
  task=HEAL_CORE FAIL
[RUSH] --- rush eval at (18,10) en_core=(18,18) ---
[RUSH] step1: no flow tile in gunner range of core
[RUSH] step2: flow near core at (19,10) d²=65, extending to siege (19,14)
[RUSH] extend: from (19,10) toward core (18,18)
[RUSH] extend: siege target (19,14)
[RUSH] extend: path=[(19, 10), (19, 11), (19, 12), (19, 13), (19, 14)]
[RUSH] extend: path len=5, builder at (18,10)
[RUSH] extend[0]: (19,10)->(19,11) bld=BuildingMarker team=Team.A connected=False
[RUSH] extend[0]: destroying allied BuildingMarker at (19,10) to rebuild
[RUSH] extend[0]: building (19,10)->(19,11) action=PlaceConveyor(pos=Position(x=19, y=10), direction=<Direction.SOUTH: 'south'>) d²=1
  task=RUSH 0us OK -> (<Direction.CENTRE: 'centre'>, PlaceConveyor(pos=Position(x=19, y=10), direction=<Direction.SOUTH: 'south'>))
  task=HEAL_CORE FAIL
[RUSH] --- rush eval at (18,9) en_core=(18,18) ---
[RUSH] step1: no flow tile in gunner range of core
[RUSH] step2: flow near core at (19,11) d²=50, extending to siege (19,14)
[RUSH] extend: from (19,11) toward core (18,18)
[RUSH] extend: siege target (19,14)
[RUSH] extend: path=[(19, 11), (19, 12), (19, 13), (19, 14)]
[RUSH] extend: path len=4, builder at (18,9)
[RUSH] extend[0]: (19,11)->(19,12) bld=None team=None connected=False
[RUSH] extend[0]: need to walk to (19,11) d²=5
  task=RUSH 0us OK -> (<Direction.SOUTHEAST: 'southeast'>, None)
  task=HEAL_CORE FAIL
[RUSH] --- rush eval at (16,10) en_core=(18,18) ---
[RUSH] step1: no flow tile in gunner range of core
[RUSH] step2: flow near core at (19,11) d²=50, extending to siege (19,14)
[RUSH] extend: from (19,11) toward core (18,18)
[RUSH] extend: siege target (19,14)
[RUSH] extend: path=[(19, 11), (19, 12), (19, 13), (19, 14)]
[RUSH] extend: path len=4, builder at (16,10)
[RUSH] extend[0]: (19,11)->(19,12) bld=None team=None connected=False
[RUSH] extend[0]: need to walk to (19,11) d²=10
  task=RUSH 0us OK -> (<Direction.EAST: 'east'>, None)
  task=HEAL_CORE FAIL
[RUSH] --- rush eval at (19,9) en_core=(18,18) ---
[RUSH] step1: no flow tile in gunner range of core
[RUSH] step2: flow near core at (19,11) d²=50, extending to siege (19,14)
[RUSH] extend: from (19,11) toward core (18,18)
[RUSH] extend: siege target (19,14)
[RUSH] extend: path=[(19, 11), (19, 12), (19, 13), (19, 14)]
[RUSH] extend: path len=4, builder at (19,9)
[RUSH] extend[0]: (19,11)->(19,12) bld=None team=None connected=False
[RUSH] extend[0]: need to walk to (19,11) d²=4
  task=RUSH 0us OK -> (<Direction.NORTHWEST: 'northwest'>, None)
[GUN] (14,19) facing=EAST
[GUN] ray: target=None pri=0
[GUN] ammo=False
[GUN] no target, no ammo
[GUN] (14,18) facing=EAST
[GUN] ray: target=None pri=0
[GUN] ammo=False
[GUN] no target, no ammo
  task=HEAL_CORE FAIL
[RUSH] --- rush eval at (10,9) en_core=(18,18) ---
[RUSH] step1: no flow tile in gunner range of core
[RUSH] step2: no flow tile near enemy core
[RUSH] step2.5: checking unconnected harvesters
[RUSH] step2.5: harvester (3,16) d²=229 flow=0.000 has adjacent flow, skip
[RUSH] _find_rush_ore: 10 total ore, 10 seen, sym=Symmetry.ROT candidates={<Symmetry.ROT: 1>}
[RUSH]   ore (3,16) d²=229 bld=BuildingHarvester env=Environment.ORE_TITANIUM
[RUSH]   ore (16,3) d²=229 bld=None env=Environment.ORE_TITANIUM
[RUSH]   ore (16,13) d²=29 bld=BuildingHarvester env=Environment.ORE_TITANIUM
[RUSH]   PICKED: free ore at (16,2) d²=224
[RUSH] step3: free ore at (16,3)
[RUSH] step3: walking toward tap (16,2) for ore (16,3)
  task=RUSH 0us OK -> (<Direction.NORTH: 'north'>, None)
  task=HEAL_CORE FAIL
[RUSH] --- rush eval at (16,9) en_core=(18,18) ---
[RUSH] step1: no flow tile in gunner range of core
[RUSH] step2: flow near core at (19,11) d²=50, extending to siege (19,14)
[RUSH] extend: from (19,11) toward core (18,18)
[RUSH] extend: siege target (19,14)
[RUSH] extend: path=[(19, 11), (19, 12), (19, 13), (19, 14)]
[RUSH] extend: path len=4, builder at (16,9)
[RUSH] extend[0]: (19,11)->(19,12) bld=None team=None connected=False
[RUSH] extend[0]: need to walk to (19,11) d²=13
  task=RUSH 0us OK -> (<Direction.SOUTH: 'south'>, None)
  task=HEAL_CORE FAIL
[RUSH] --- rush eval at (18,10) en_core=(18,18) ---
[RUSH] step1: no flow tile in gunner range of core
[RUSH] step2: flow near core at (19,11) d²=50, extending to siege (19,14)
[RUSH] extend: from (19,11) toward core (18,18)
[RUSH] extend: siege target (19,14)
[RUSH] extend: path=[(19, 11), (19, 12), (19, 13), (19, 14)]
[RUSH] extend: path len=4, builder at (18,10)
[RUSH] extend[0]: (19,11)->(19,12) bld=None team=None connected=False
[RUSH] extend[0]: building (19,11)->(19,12) action=PlaceConveyor(pos=Position(x=19, y=11), direction=<Direction.SOUTH: 'south'>) d²=2
  task=RUSH 0us OK -> (<Direction.CENTRE: 'centre'>, PlaceConveyor(pos=Position(x=19, y=11), direction=<Direction.SOUTH: 'south'>))
  task=HEAL_CORE FAIL
[RUSH] --- rush eval at (19,10) en_core=(18,18) ---
[RUSH] step1: no flow tile in gunner range of core
[RUSH] step2: flow near core at (19,11) d²=50, extending to siege (19,14)
[RUSH] extend: from (19,11) toward core (18,18)
[RUSH] extend: siege target (19,14)
[RUSH] extend: path=[(19, 11), (19, 12), (19, 13), (19, 14)]
[RUSH] extend: path len=4, builder at (19,10)
[RUSH] extend[0]: (19,11)->(19,12) bld=None team=None connected=False
[RUSH] extend[0]: building (19,11)->(19,12) action=PlaceConveyor(pos=Position(x=19, y=11), direction=<Direction.SOUTH: 'south'>) d²=1
  task=RUSH 0us OK -> (<Direction.CENTRE: 'centre'>, PlaceConveyor(pos=Position(x=19, y=11), direction=<Direction.SOUTH: 'south'>))
  task=HEAL_CORE FAIL
[RUSH] --- rush eval at (17,10) en_core=(18,18) ---
[RUSH] step1: no flow tile in gunner range of core
[RUSH] step2: flow near core at (19,11) d²=50, extending to siege (19,14)
[RUSH] extend: from (19,11) toward core (18,18)
[RUSH] extend: siege target (19,14)
[RUSH] extend: path=[(19, 11), (19, 12), (19, 13), (19, 14)]
[RUSH] extend: path len=4, builder at (17,10)
[RUSH] extend[0]: (19,11)->(19,12) bld=None team=None connected=False
[RUSH] extend[0]: need to walk to (19,11) d²=5
  task=RUSH 0us OK -> (<Direction.SOUTHEAST: 'southeast'>, PlaceRoad(pos=Position(x=18, y=11)))
  task=HEAL_CORE FAIL
[RUSH] --- rush eval at (18,8) en_core=(18,18) ---
[RUSH] step1: no flow tile in gunner range of core
[RUSH] step2: flow near core at (19,11) d²=50, extending to siege (19,14)
[RUSH] extend: from (19,11) toward core (18,18)
[RUSH] extend: siege target (19,14)
[RUSH] extend: path=[(19, 11), (19, 12), (19, 13), (19, 14)]
[RUSH] extend: path len=4, builder at (18,8)
[RUSH] extend[0]: (19,11)->(19,12) bld=None team=None connected=False
[RUSH] extend[0]: need to walk to (19,11) d²=10
  task=RUSH 0us OK -> (<Direction.SOUTH: 'south'>, None)
[GUN] (14,19) facing=EAST
[GUN] ray: target=None pri=0
[GUN] ammo=False
[GUN] no target, no ammo
[GUN] (14,18) facing=EAST
[GUN] ray: target=None pri=0
[GUN] ammo=False
[GUN] no target, no ammo
  task=HEAL_CORE FAIL
  task=RUSH FAIL
  task=SCOUT_ENEMY 0us OK -> (<Direction.SOUTH: 'south'>, None)
  task=HEAL_CORE FAIL
[RUSH] --- rush eval at (16,10) en_core=(18,18) ---
[RUSH] step1: no flow tile in gunner range of core
[RUSH] step2: flow near core at (19,11) d²=50, extending to siege (19,14)
[RUSH] extend: from (19,11) toward core (18,18)
[RUSH] extend: siege target (19,14)
[RUSH] extend: path=[(19, 11), (19, 12), (19, 13), (19, 14)]
[RUSH] extend: path len=4, builder at (16,10)
[RUSH] extend[0]: (19,11)->(19,12) bld=None team=None connected=False
[RUSH] extend[0]: need to walk to (19,11) d²=10
  task=RUSH 0us OK -> (<Direction.SOUTHEAST: 'southeast'>, PlaceRoad(pos=Position(x=17, y=11)))
  task=HEAL_CORE FAIL
[RUSH] --- rush eval at (18,10) en_core=(18,18) ---
[RUSH] step1: no flow tile in gunner range of core
[RUSH] step2: flow near core at (19,11) d²=50, extending to siege (19,14)
[RUSH] extend: from (19,11) toward core (18,18)
[RUSH] extend: siege target (19,14)
[RUSH] extend: path=[(19, 11), (19, 12), (19, 13), (19, 14)]
[RUSH] extend: path len=4, builder at (18,10)
[RUSH] extend[0]: (19,11)->(19,12) bld=None team=None connected=False
[RUSH] extend[0]: building (19,11)->(19,12) action=PlaceConveyor(pos=Position(x=19, y=11), direction=<Direction.SOUTH: 'south'>) d²=2
  task=RUSH 0us OK -> (<Direction.CENTRE: 'centre'>, PlaceConveyor(pos=Position(x=19, y=11), direction=<Direction.SOUTH: 'south'>))
  task=HEAL_CORE FAIL
[RUSH] --- rush eval at (19,10) en_core=(18,18) ---
[RUSH] step1: no flow tile in gunner range of core
[RUSH] step2: flow near core at (19,12) d²=37, extending to siege (19,14)
[RUSH] extend: from (19,12) toward core (18,18)
[RUSH] extend: siege target (19,14)
[RUSH] extend: path=[(19, 12), (19, 13), (19, 14)]
[RUSH] extend: path len=3, builder at (19,10)
[RUSH] extend[0]: (19,12)->(19,13) bld=None team=None connected=False
[RUSH] extend[0]: need to walk to (19,12) d²=4
  task=RUSH 0us OK -> (<Direction.SOUTH: 'south'>, None)
  task=HEAL_CORE FAIL
[RUSH] --- rush eval at (18,11) en_core=(18,18) ---
[RUSH] step1: no flow tile in gunner range of core
[RUSH] step2: flow near core at (19,12) d²=37, extending to siege (19,14)
[RUSH] extend: from (19,12) toward core (18,18)
[RUSH] extend: siege target (19,14)
[RUSH] extend: path=[(19, 12), (19, 13), (19, 14)]
[RUSH] extend: path len=3, builder at (18,11)
[RUSH] extend[0]: (19,12)->(19,13) bld=None team=None connected=False
[RUSH] extend[0]: building (19,12)->(19,13) action=PlaceConveyor(pos=Position(x=19, y=12), direction=<Direction.SOUTH: 'south'>) d²=2
  task=RUSH 0us OK -> (<Direction.CENTRE: 'centre'>, PlaceConveyor(pos=Position(x=19, y=12), direction=<Direction.SOUTH: 'south'>))
  task=HEAL_CORE FAIL
[RUSH] --- rush eval at (18,9) en_core=(18,18) ---
[RUSH] step1: no flow tile in gunner range of core
[RUSH] step2: flow near core at (19,12) d²=37, extending to siege (19,14)
[RUSH] extend: from (19,12) toward core (18,18)
[RUSH] extend: siege target (19,14)
[RUSH] extend: path=[(19, 12), (19, 13), (19, 14)]
[RUSH] extend: path len=3, builder at (18,9)
[RUSH] extend[0]: (19,12)->(19,13) bld=None team=None connected=False
[RUSH] extend[0]: need to walk to (19,12) d²=10
  task=RUSH 0us OK -> (<Direction.SOUTHWEST: 'southwest'>, None)
[GUN] (14,19) facing=EAST
[GUN] ray: target=Position(x=17, y=19) pri=4
[GUN] ammo=True
[GUN] feed_dir=WEST
[GUN] scan NORTHWEST: pri=3
[GUN] cur_pri=4 best_rot=NORTHWEST rot_pri=3
[GUN] FIRE at (17,19) pri=4
[GUN] (14,18) facing=EAST
[GUN] ray: target=None pri=0
[GUN] ammo=False
[GUN] no target, no ammo
  task=HEAL_CORE FAIL
[RUSH] --- rush eval at (10,9) en_core=(18,18) ---
[RUSH] step1: no flow tile in gunner range of core
[RUSH] step2: no flow tile near enemy core
[RUSH] step2.5: checking unconnected harvesters
[RUSH] step2.5: harvester (3,16) d²=229 flow=0.000 has adjacent flow, skip
[RUSH] _find_rush_ore: 10 total ore, 10 seen, sym=Symmetry.ROT candidates={<Symmetry.ROT: 1>}
[RUSH]   ore (3,16) d²=229 bld=BuildingHarvester env=Environment.ORE_TITANIUM
[RUSH]   ore (16,3) d²=229 bld=None env=Environment.ORE_TITANIUM
[RUSH]   ore (16,13) d²=29 bld=BuildingHarvester env=Environment.ORE_TITANIUM
[RUSH]   PICKED: free ore at (16,2) d²=224
[RUSH] step3: free ore at (16,3)
[RUSH] step3: walking toward tap (16,2) for ore (16,3)
  task=RUSH 0us OK -> (<Direction.NORTH: 'north'>, None)
  task=HEAL_CORE FAIL
[RUSH] --- rush eval at (17,11) en_core=(18,18) ---
[RUSH] step1: no flow tile in gunner range of core
[RUSH] step2: flow near core at (19,12) d²=37, extending to siege (19,14)
[RUSH] extend: from (19,12) toward core (18,18)
[RUSH] extend: siege target (19,14)
[RUSH] extend: path=[(19, 12), (19, 13), (19, 14)]
[RUSH] extend: path len=3, builder at (17,11)
[RUSH] extend[0]: (19,12)->(19,13) bld=None team=None connected=False
[RUSH] extend[0]: need to walk to (19,12) d²=5
  task=RUSH 0us OK -> (<Direction.SOUTHEAST: 'southeast'>, PlaceRoad(pos=Position(x=18, y=12)))
  task=HEAL_CORE FAIL
[RUSH] --- rush eval at (18,10) en_core=(18,18) ---
[RUSH] step1: no flow tile in gunner range of core
[RUSH] step2: flow near core at (19,12) d²=37, extending to siege (19,14)
[RUSH] extend: from (19,12) toward core (18,18)
[RUSH] extend: siege target (19,14)
[RUSH] extend: path=[(19, 12), (19, 13), (19, 14)]
[RUSH] extend: path len=3, builder at (18,10)
[RUSH] extend[0]: (19,12)->(19,13) bld=None team=None connected=False
[RUSH] extend[0]: need to walk to (19,12) d²=5
  task=RUSH 0us OK -> (<Direction.SOUTHWEST: 'southwest'>, None)
  task=HEAL_CORE FAIL
[RUSH] --- rush eval at (19,11) en_core=(18,18) ---
[RUSH] step1: no flow tile in gunner range of core
[RUSH] step2: flow near core at (19,12) d²=37, extending to siege (19,14)
[RUSH] extend: from (19,12) toward core (18,18)
[RUSH] extend: siege target (19,14)
[RUSH] extend: path=[(19, 12), (19, 13), (19, 14)]
[RUSH] extend: path len=3, builder at (19,11)
[RUSH] extend[0]: (19,12)->(19,13) bld=None team=None connected=False
[RUSH] extend[0]: building (19,12)->(19,13) action=PlaceConveyor(pos=Position(x=19, y=12), direction=<Direction.SOUTH: 'south'>) d²=1
  task=RUSH 0us OK -> (<Direction.CENTRE: 'centre'>, PlaceConveyor(pos=Position(x=19, y=12), direction=<Direction.SOUTH: 'south'>))
  task=HEAL_CORE FAIL
[RUSH] --- rush eval at (18,11) en_core=(18,18) ---
[RUSH] step1: no flow tile in gunner range of core
[RUSH] step2: flow near core at (19,12) d²=37, extending to siege (19,14)
[RUSH] extend: from (19,12) toward core (18,18)
[RUSH] extend: siege target (19,14)
[RUSH] extend: path=[(19, 12), (19, 13), (19, 14)]
[RUSH] extend: path len=3, builder at (18,11)
[RUSH] extend[0]: (19,12)->(19,13) bld=BuildingMarker team=Team.A connected=False
[RUSH] extend[0]: destroying allied BuildingMarker at (19,12) to rebuild
[RUSH] extend[0]: building (19,12)->(19,13) action=PlaceConveyor(pos=Position(x=19, y=12), direction=<Direction.SOUTH: 'south'>) d²=2
  task=RUSH 0us OK -> (<Direction.CENTRE: 'centre'>, PlaceConveyor(pos=Position(x=19, y=12), direction=<Direction.SOUTH: 'south'>))
  task=HEAL_CORE FAIL
[RUSH] --- rush eval at (17,10) en_core=(18,18) ---
[RUSH] step1: no flow tile in gunner range of core
[RUSH] step2: flow near core at (19,12) d²=37, extending to siege (19,14)
[RUSH] extend: from (19,12) toward core (18,18)
[RUSH] extend: siege target (19,14)
[RUSH] extend: path=[(19, 12), (19, 13), (19, 14)]
[RUSH] extend: path len=3, builder at (17,10)
[RUSH] extend[0]: (19,12)->(19,13) bld=None team=None connected=False
[RUSH] extend[0]: need to walk to (19,12) d²=8
  task=RUSH FAIL
  task=SCOUT_ENEMY 0us OK -> (<Direction.WEST: 'west'>, None)
[GUN] (14,19) facing=EAST
[GUN] ray: target=Position(x=17, y=19) pri=4
[GUN] ammo=True
[GUN] feed_dir=WEST
[GUN] scan NORTHWEST: pri=3
[GUN] cur_pri=4 best_rot=NORTHWEST rot_pri=3
[GUN] FIRE at (17,19) pri=4
[GUN] (14,18) facing=EAST
[GUN] ray: target=Position(x=17, y=18) pri=4
[GUN] ammo=True
[GUN] feed_dir=SOUTHWEST
[GUN] scan NORTH: pri=1
[GUN] scan NORTHEAST: pri=2
[GUN] scan WEST: pri=3
[GUN] scan NORTHWEST: pri=1
[GUN] cur_pri=4 best_rot=WEST rot_pri=3
[GUN] FIRE at (17,18) pri=4
  task=HEAL_CORE FAIL
  task=RUSH FAIL
  task=SCOUT_ENEMY 0us OK -> (<Direction.SOUTH: 'south'>, None)
  task=HEAL_CORE FAIL
[RUSH] --- rush eval at (18,12) en_core=(18,18) ---
[RUSH] step1: no flow tile in gunner range of core
[RUSH] step2: flow near core at (19,12) d²=37, extending to siege (19,14)
[RUSH] extend: from (19,12) toward core (18,18)
[RUSH] extend: siege target (19,14)
[RUSH] extend: path=[(19, 12), (19, 13), (19, 14)]
[RUSH] extend: path len=3, builder at (18,12)
[RUSH] extend[0]: (19,12)->(19,13) bld=None team=None connected=False
[RUSH] extend[0]: building (19,12)->(19,13) action=PlaceConveyor(pos=Position(x=19, y=12), direction=<Direction.SOUTH: 'south'>) d²=1
  task=RUSH 0us OK -> (<Direction.CENTRE: 'centre'>, PlaceConveyor(pos=Position(x=19, y=12), direction=<Direction.SOUTH: 'south'>))
  task=HEAL_CORE FAIL
[RUSH] --- rush eval at (17,11) en_core=(18,18) ---
[RUSH] step1: no flow tile in gunner range of core
[RUSH] step2: flow near core at (19,13) d²=26, extending to siege (19,14)
[RUSH] extend: from (19,13) toward core (18,18)
[RUSH] extend: siege target (19,14)
[RUSH] extend: path=[(19, 13), (19, 14)]
[RUSH] extend: path len=2, builder at (17,11)
[RUSH] extend[0]: (19,13)->(19,14) bld=None team=None connected=False
[RUSH] extend[0]: need to walk to (19,13) d²=8
  task=RUSH FAIL
  task=SCOUT_ENEMY FAIL
  task=CONNECT_BACK 0us OK -> (<Direction.CENTRE: 'centre'>, None)
  task=HEAL_CORE FAIL
[RUSH] --- rush eval at (19,11) en_core=(18,18) ---
[RUSH] step1: no flow tile in gunner range of core
[RUSH] step2: flow near core at (19,13) d²=26, extending to siege (19,14)
[RUSH] extend: from (19,13) toward core (18,18)
[RUSH] extend: siege target (19,14)
[RUSH] extend: path=[(19, 13), (19, 14)]
[RUSH] extend: path len=2, builder at (19,11)
[RUSH] extend[0]: (19,13)->(19,14) bld=None team=None connected=False
[RUSH] extend[0]: need to walk to (19,13) d²=4
  task=RUSH 0us OK -> (<Direction.SOUTH: 'south'>, None)
  task=HEAL_CORE FAIL
[RUSH] --- rush eval at (18,11) en_core=(18,18) ---
[RUSH] step1: no flow tile in gunner range of core
[RUSH] step2: flow near core at (19,13) d²=26, extending to siege (19,14)
[RUSH] extend: from (19,13) toward core (18,18)
[RUSH] extend: siege target (19,14)
[RUSH] extend: path=[(19, 13), (19, 14)]
[RUSH] extend: path len=2, builder at (18,11)
[RUSH] extend[0]: (19,13)->(19,14) bld=None team=None connected=False
[RUSH] extend[0]: need to walk to (19,13) d²=5
  task=RUSH FAIL
  task=SCOUT_ENEMY FAIL
  task=CONNECT_BACK 0us OK -> (<Direction.CENTRE: 'centre'>, None)
  task=HEAL_CORE FAIL
[RUSH] --- rush eval at (16,10) en_core=(18,18) ---
[RUSH] step1: no flow tile in gunner range of core
[RUSH] step2: flow near core at (19,13) d²=26, extending to siege (19,14)
[RUSH] extend: from (19,13) toward core (18,18)
[RUSH] extend: siege target (19,14)
[RUSH] extend: path=[(19, 13), (19, 14)]
[RUSH] extend: path len=2, builder at (16,10)
[RUSH] extend[0]: (19,13)->(19,14) bld=None team=None connected=False
[RUSH] extend[0]: need to walk to (19,13) d²=18
  task=RUSH FAIL
  task=SCOUT_ENEMY 0us OK -> (<Direction.SOUTHWEST: 'southwest'>, None)
[GUN] (14,19) facing=EAST
[GUN] ray: target=Position(x=17, y=19) pri=4
[GUN] ammo=True
[GUN] feed_dir=WEST
[GUN] scan NORTHWEST: pri=3
[GUN] cur_pri=4 best_rot=NORTHWEST rot_pri=3
[GUN] FIRE at (17,19) pri=4
[GUN] (14,18) facing=EAST
[GUN] ray: target=Position(x=17, y=18) pri=4
[GUN] ammo=True
[GUN] feed_dir=SOUTHWEST
[GUN] scan NORTH: pri=1
[GUN] scan NORTHEAST: pri=2
[GUN] scan WEST: pri=3
[GUN] scan NORTHWEST: pri=1
[GUN] cur_pri=4 best_rot=WEST rot_pri=3
[GUN] FIRE at (17,18) pri=4
  task=HEAL_CORE FAIL
[RUSH] --- rush eval at (10,9) en_core=(18,18) ---
[RUSH] step1: no flow tile in gunner range of core
[RUSH] step2: no flow tile near enemy core
[RUSH] step2.5: checking unconnected harvesters
[RUSH] step2.5: harvester (3,16) d²=229 flow=0.000 has adjacent flow, skip
[RUSH] _find_rush_ore: 10 total ore, 10 seen, sym=Symmetry.ROT candidates={<Symmetry.ROT: 1>}
[RUSH]   ore (3,16) d²=229 bld=BuildingHarvester env=Environment.ORE_TITANIUM
[RUSH]   ore (16,3) d²=229 bld=None env=Environment.ORE_TITANIUM
[RUSH]   ore (16,13) d²=29 bld=BuildingHarvester env=Environment.ORE_TITANIUM
[RUSH]   PICKED: free ore at (16,2) d²=224
[RUSH] step3: free ore at (16,3)
[RUSH] step3: walking toward tap (16,2) for ore (16,3)
  task=RUSH 0us OK -> (<Direction.NORTH: 'north'>, None)
  task=HEAL_CORE FAIL
[RUSH] --- rush eval at (18,12) en_core=(18,18) ---
[RUSH] step1: no flow tile in gunner range of core
[RUSH] step2: flow near core at (19,13) d²=26, extending to siege (19,14)
[RUSH] extend: from (19,13) toward core (18,18)
[RUSH] extend: siege target (19,14)
[RUSH] extend: path=[(19, 13), (19, 14)]
[RUSH] extend: path len=2, builder at (18,12)
[RUSH] extend[0]: (19,13)->(19,14) bld=None team=None connected=False
[RUSH] extend[0]: building (19,13)->(19,14) action=PlaceConveyor(pos=Position(x=19, y=13), direction=<Direction.SOUTH: 'south'>) d²=2
  task=RUSH 0us OK -> (<Direction.CENTRE: 'centre'>, PlaceConveyor(pos=Position(x=19, y=13), direction=<Direction.SOUTH: 'south'>))
  task=HEAL_CORE FAIL
[RUSH] --- rush eval at (17,11) en_core=(18,18) ---
[RUSH] step1: no flow tile in gunner range of core
[RUSH] step2: flow near core at (19,13) d²=26, extending to siege (19,14)
[RUSH] extend: from (19,13) toward core (18,18)
[RUSH] extend: siege target (19,14)
[RUSH] extend: path=[(19, 13), (19, 14)]
[RUSH] extend: path len=2, builder at (17,11)
[RUSH] extend[0]: (19,13)->(19,14) bld=None team=None connected=False
[RUSH] extend[0]: need to walk to (19,13) d²=8
  task=RUSH FAIL
  task=SCOUT_ENEMY 0us OK -> (<Direction.NORTHWEST: 'northwest'>, None)
  task=HEAL_CORE FAIL
[RUSH] --- rush eval at (19,12) en_core=(18,18) ---
[RUSH] step1: no flow tile in gunner range of core
[RUSH] step2: flow near core at (19,13) d²=26, extending to siege (19,14)
[RUSH] extend: from (19,13) toward core (18,18)
[RUSH] extend: siege target (19,14)
[RUSH] extend: path=[(19, 13), (19, 14)]
[RUSH] extend: path len=2, builder at (19,12)
[RUSH] extend[0]: (19,13)->(19,14) bld=None team=None connected=False
[RUSH] extend[0]: building (19,13)->(19,14) action=PlaceConveyor(pos=Position(x=19, y=13), direction=<Direction.SOUTH: 'south'>) d²=1
  task=RUSH 0us OK -> (<Direction.CENTRE: 'centre'>, PlaceConveyor(pos=Position(x=19, y=13), direction=<Direction.SOUTH: 'south'>))
  task=HEAL_CORE FAIL
[RUSH] --- rush eval at (18,11) en_core=(18,18) ---
[RUSH] step1: no flow tile in gunner range of core
[RUSH] step2: flow near core at (19,13) d²=26, extending to siege (19,14)
[RUSH] extend: from (19,13) toward core (18,18)
[RUSH] extend: siege target (19,14)
[RUSH] extend: path=[(19, 13), (19, 14)]
[RUSH] extend: path len=2, builder at (18,11)
[RUSH] extend[0]: (19,13)->(19,14) bld=None team=None connected=False
[RUSH] extend[0]: need to walk to (19,13) d²=5
  task=RUSH FAIL
  task=SCOUT_ENEMY FAIL
  task=CONNECT_BACK 0us OK -> (<Direction.CENTRE: 'centre'>, None)
  task=HEAL_CORE FAIL
[RUSH] --- rush eval at (15,11) en_core=(18,18) ---
[RUSH] step1: no flow tile in gunner range of core
[RUSH] step2: flow near core at (19,13) d²=26, extending to siege (19,14)
[RUSH] extend: from (19,13) toward core (18,18)
[RUSH] extend: siege target (19,14)
[RUSH] extend: path=[(19, 13), (19, 14)]
[RUSH] extend: path len=2, builder at (15,11)
[RUSH] extend[0]: (19,13)->(19,14) bld=None team=None connected=False
[RUSH] extend[0]: need to walk to (19,13) d²=20
  task=RUSH FAIL
  task=SCOUT_ENEMY 0us OK -> (<Direction.WEST: 'west'>, None)
[GUN] (14,19) facing=EAST
[GUN] ray: target=Position(x=17, y=19) pri=4
[GUN] ammo=True
[GUN] feed_dir=WEST
[GUN] scan NORTHWEST: pri=3
[GUN] cur_pri=4 best_rot=NORTHWEST rot_pri=3
[GUN] FIRE at (17,19) pri=4
[GUN] (14,18) facing=EAST
[GUN] ray: target=Position(x=17, y=18) pri=4
[GUN] ammo=True
[GUN] feed_dir=SOUTHWEST
[GUN] scan NORTH: pri=1
[GUN] scan NORTHEAST: pri=2
[GUN] scan WEST: pri=3
[GUN] scan NORTHWEST: pri=1
[GUN] cur_pri=4 best_rot=WEST rot_pri=3
[GUN] FIRE at (17,18) pri=4
  task=HEAL_CORE FAIL
  task=RUSH FAIL
  task=SCOUT_ENEMY 0us OK -> (<Direction.SOUTH: 'south'>, None)
  task=HEAL_CORE FAIL
[RUSH] --- rush eval at (18,12) en_core=(18,18) ---
[RUSH] step1: no flow tile in gunner range of core
[RUSH] step2: flow near core at (19,13) d²=26, extending to siege (19,14)
[RUSH] extend: from (19,13) toward core (18,18)
[RUSH] extend: siege target (19,14)
[RUSH] extend: path=[(19, 13), (19, 14)]
[RUSH] extend: path len=2, builder at (18,12)
[RUSH] extend[0]: (19,13)->(19,14) bld=None team=None connected=False
[RUSH] extend[0]: building (19,13)->(19,14) action=PlaceConveyor(pos=Position(x=19, y=13), direction=<Direction.SOUTH: 'south'>) d²=2
  task=RUSH 0us OK -> (<Direction.CENTRE: 'centre'>, PlaceConveyor(pos=Position(x=19, y=13), direction=<Direction.SOUTH: 'south'>))
  task=HEAL_CORE FAIL
[RUSH] --- rush eval at (16,10) en_core=(18,18) ---
[RUSH] step1: no flow tile in gunner range of core
[RUSH] step2: flow near core at (19,13) d²=26, extending to siege (19,14)
[RUSH] extend: from (19,13) toward core (18,18)
[RUSH] extend: siege target (19,14)
[RUSH] extend: path=[(19, 13), (19, 14)]
[RUSH] extend: path len=2, builder at (16,10)
[RUSH] extend[0]: (19,13)->(19,14) bld=None team=None connected=False
[RUSH] extend[0]: need to walk to (19,13) d²=18
  task=RUSH 0us OK -> (<Direction.SOUTHEAST: 'southeast'>, None)
  task=HEAL_CORE FAIL
[RUSH] --- rush eval at (19,12) en_core=(18,18) ---
[RUSH] step1: no flow tile in gunner range of core
[RUSH] step2: flow near core at (19,13) d²=26, extending to siege (19,14)
[RUSH] extend: from (19,13) toward core (18,18)
[RUSH] extend: siege target (19,14)
[RUSH] extend: path=[(19, 13), (19, 14)]
[RUSH] extend: path len=2, builder at (19,12)
[RUSH] extend[0]: (19,13)->(19,14) bld=None team=None connected=False
[RUSH] extend[0]: building (19,13)->(19,14) action=PlaceConveyor(pos=Position(x=19, y=13), direction=<Direction.SOUTH: 'south'>) d²=1
  task=RUSH 0us OK -> (<Direction.CENTRE: 'centre'>, PlaceConveyor(pos=Position(x=19, y=13), direction=<Direction.SOUTH: 'south'>))
  task=HEAL_CORE FAIL
[RUSH] --- rush eval at (18,11) en_core=(18,18) ---
[RUSH] step1: no flow tile in gunner range of core
[RUSH] step2: flow near core at (19,13) d²=26, extending to siege (19,14)
[RUSH] extend: from (19,13) toward core (18,18)
[RUSH] extend: siege target (19,14)
[RUSH] extend: path=[(19, 13), (19, 14)]
[RUSH] extend: path len=2, builder at (18,11)
[RUSH] extend[0]: (19,13)->(19,14) bld=None team=None connected=False
[RUSH] extend[0]: need to walk to (19,13) d²=5
  task=RUSH FAIL
  task=SCOUT_ENEMY FAIL
  task=CONNECT_BACK 0us OK -> (<Direction.CENTRE: 'centre'>, None)
  task=HEAL_CORE FAIL
[RUSH] --- rush eval at (14,11) en_core=(18,18) ---
[RUSH] step1: no flow tile in gunner range of core
[RUSH] step2: flow near core at (19,13) d²=26, extending to siege (19,14)
[RUSH] extend: from (19,13) toward core (18,18)
[RUSH] extend: siege target (19,14)
[RUSH] extend: path=[(19, 13), (19, 14)]
[RUSH] extend: path len=2, builder at (14,11)
[RUSH] extend[0]: (19,13)->(19,14) bld=None team=None connected=False
[RUSH] extend[0]: need to walk to (19,13) d²=29
  task=RUSH 0us OK -> (<Direction.NORTHEAST: 'northeast'>, None)
[GUN] (14,19) facing=EAST
[GUN] ray: target=Position(x=17, y=19) pri=4
[GUN] ammo=True
[GUN] feed_dir=WEST
[GUN] scan NORTHWEST: pri=3
[GUN] cur_pri=4 best_rot=NORTHWEST rot_pri=3
[GUN] FIRE at (17,19) pri=4
[GUN] (14,18) facing=EAST
[GUN] ray: target=Position(x=17, y=18) pri=4
[GUN] ammo=True
[GUN] feed_dir=SOUTHWEST
[GUN] scan NORTH: pri=1
[GUN] scan NORTHEAST: pri=2
[GUN] scan WEST: pri=3
[GUN] scan NORTHWEST: pri=1
[GUN] cur_pri=4 best_rot=WEST rot_pri=3
[GUN] FIRE at (17,18) pri=4
  task=HEAL_CORE FAIL
[RUSH] --- rush eval at (10,9) en_core=(18,18) ---
[RUSH] step1: no flow tile in gunner range of core
[RUSH] step2: no flow tile near enemy core
[RUSH] step2.5: checking unconnected harvesters
[RUSH] step2.5: harvester (3,16) d²=229 flow=0.000 has adjacent flow, skip
[RUSH] _find_rush_ore: 10 total ore, 10 seen, sym=Symmetry.ROT candidates={<Symmetry.ROT: 1>}
[RUSH]   ore (3,16) d²=229 bld=BuildingHarvester env=Environment.ORE_TITANIUM
[RUSH]   ore (16,3) d²=229 bld=None env=Environment.ORE_TITANIUM
[RUSH]   ore (16,13) d²=29 bld=BuildingHarvester env=Environment.ORE_TITANIUM
[RUSH]   PICKED: free ore at (16,2) d²=224
[RUSH] step3: free ore at (16,3)
[RUSH] step3: walking toward tap (16,2) for ore (16,3)
  task=RUSH 0us OK -> (<Direction.NORTH: 'north'>, None)
  task=HEAL_CORE FAIL
[RUSH] --- rush eval at (18,12) en_core=(18,18) ---
[RUSH] step1: no flow tile in gunner range of core
[RUSH] step2: flow near core at (19,13) d²=26, extending to siege (19,14)
[RUSH] extend: from (19,13) toward core (18,18)
[RUSH] extend: siege target (19,14)
[RUSH] extend: path=[(19, 13), (19, 14)]
[RUSH] extend: path len=2, builder at (18,12)
[RUSH] extend[0]: (19,13)->(19,14) bld=None team=None connected=False
[RUSH] extend[0]: building (19,13)->(19,14) action=PlaceConveyor(pos=Position(x=19, y=13), direction=<Direction.SOUTH: 'south'>) d²=2
  task=RUSH 0us OK -> (<Direction.CENTRE: 'centre'>, PlaceConveyor(pos=Position(x=19, y=13), direction=<Direction.SOUTH: 'south'>))
  task=HEAL_CORE FAIL
[RUSH] --- rush eval at (17,11) en_core=(18,18) ---
[RUSH] step1: no flow tile in gunner range of core
[RUSH] step2: flow near core at (19,13) d²=26, extending to siege (19,14)
[RUSH] extend: from (19,13) toward core (18,18)
[RUSH] extend: siege target (19,14)
[RUSH] extend: path=[(19, 13), (19, 14)]
[RUSH] extend: path len=2, builder at (17,11)
[RUSH] extend[0]: (19,13)->(19,14) bld=None team=None connected=False
[RUSH] extend[0]: need to walk to (19,13) d²=8
  task=RUSH FAIL
  task=SCOUT_ENEMY 0us OK -> (<Direction.NORTHWEST: 'northwest'>, None)
  task=HEAL_CORE FAIL
[RUSH] --- rush eval at (19,12) en_core=(18,18) ---
[RUSH] step1: no flow tile in gunner range of core
[RUSH] step2: flow near core at (19,13) d²=26, extending to siege (19,14)
[RUSH] extend: from (19,13) toward core (18,18)
[RUSH] extend: siege target (19,14)
[RUSH] extend: path=[(19, 13), (19, 14)]
[RUSH] extend: path len=2, builder at (19,12)
[RUSH] extend[0]: (19,13)->(19,14) bld=None team=None connected=False
[RUSH] extend[0]: building (19,13)->(19,14) action=PlaceConveyor(pos=Position(x=19, y=13), direction=<Direction.SOUTH: 'south'>) d²=1
  task=RUSH 0us OK -> (<Direction.CENTRE: 'centre'>, PlaceConveyor(pos=Position(x=19, y=13), direction=<Direction.SOUTH: 'south'>))
  task=HEAL_CORE FAIL
[RUSH] --- rush eval at (18,11) en_core=(18,18) ---
[RUSH] step1: no flow tile in gunner range of core
[RUSH] step2: flow near core at (19,13) d²=26, extending to siege (19,14)
[RUSH] extend: from (19,13) toward core (18,18)
[RUSH] extend: siege target (19,14)
[RUSH] extend: path=[(19, 13), (19, 14)]
[RUSH] extend: path len=2, builder at (18,11)
[RUSH] extend[0]: (19,13)->(19,14) bld=None team=None connected=False
[RUSH] extend[0]: need to walk to (19,13) d²=5
  task=RUSH FAIL
  task=SCOUT_ENEMY FAIL
  task=CONNECT_BACK 0us OK -> (<Direction.CENTRE: 'centre'>, None)
  task=HEAL_CORE FAIL
[RUSH] --- rush eval at (15,10) en_core=(18,18) ---
[RUSH] step1: no flow tile in gunner range of core
[RUSH] step2: flow near core at (19,13) d²=26, extending to siege (19,14)
[RUSH] extend: from (19,13) toward core (18,18)
[RUSH] extend: siege target (19,14)
[RUSH] extend: path=[(19, 13), (19, 14)]
[RUSH] extend: path len=2, builder at (15,10)
[RUSH] extend[0]: (19,13)->(19,14) bld=None team=None connected=False
[RUSH] extend[0]: need to walk to (19,13) d²=25
  task=RUSH 0us OK -> (<Direction.NORTHEAST: 'northeast'>, None)
[GUN] (14,19) facing=EAST
[GUN] ray: target=None pri=0
[GUN] ammo=False
[GUN] no target, no ammo
[GUN] (14,18) facing=EAST
[GUN] ray: target=Position(x=17, y=18) pri=4
[GUN] ammo=True
[GUN] feed_dir=SOUTHWEST
[GUN] scan NORTH: pri=1
[GUN] scan NORTHEAST: pri=2
[GUN] scan WEST: pri=3
[GUN] scan NORTHWEST: pri=1
[GUN] cur_pri=4 best_rot=WEST rot_pri=3
[GUN] FIRE at (17,18) pri=4
  task=HEAL_CORE FAIL
  task=RUSH FAIL
  task=SCOUT_ENEMY 0us OK -> (<Direction.SOUTH: 'south'>, None)
  task=HEAL_CORE FAIL
[RUSH] --- rush eval at (18,12) en_core=(18,18) ---
[RUSH] step1: no flow tile in gunner range of core
[RUSH] step2: flow near core at (19,13) d²=26, extending to siege (19,14)
[RUSH] extend: from (19,13) toward core (18,18)
[RUSH] extend: siege target (19,14)
[RUSH] extend: path=[(19, 13), (19, 14)]
[RUSH] extend: path len=2, builder at (18,12)
[RUSH] extend[0]: (19,13)->(19,14) bld=None team=None connected=False
[RUSH] extend[0]: building (19,13)->(19,14) action=PlaceConveyor(pos=Position(x=19, y=13), direction=<Direction.SOUTH: 'south'>) d²=2
  task=RUSH 0us OK -> (<Direction.CENTRE: 'centre'>, PlaceConveyor(pos=Position(x=19, y=13), direction=<Direction.SOUTH: 'south'>))
  task=HEAL_CORE FAIL
[RUSH] --- rush eval at (16,10) en_core=(18,18) ---
[RUSH] step1: flow in range at (19,14) facing SOUTH
[RUSH] gunner: want to place at (19,14) facing SOUTH, ti=10 cost=35
[RUSH] gunner: cannot afford (need 35, have 10)
[RUSH] step1: can't afford gunner, holding turn
  task=RUSH 0us OK -> (<Direction.CENTRE: 'centre'>, None)
  task=HEAL_CORE FAIL
[RUSH] --- rush eval at (19,12) en_core=(18,18) ---
[RUSH] step1: flow in range at (19,14) facing SOUTH
[RUSH] gunner: want to place at (19,14) facing SOUTH, ti=10 cost=35
[RUSH] gunner: cannot afford (need 35, have 10)
[RUSH] step1: can't afford gunner, holding turn
  task=RUSH 0us OK -> (<Direction.CENTRE: 'centre'>, None)
  task=HEAL_CORE FAIL
[RUSH] --- rush eval at (18,11) en_core=(18,18) ---
[RUSH] step1: flow in range at (19,14) facing SOUTH
[RUSH] gunner: want to place at (19,14) facing SOUTH, ti=10 cost=35
[RUSH] gunner: cannot afford (need 35, have 10)
[RUSH] step1: can't afford gunner, holding turn
  task=RUSH 0us OK -> (<Direction.CENTRE: 'centre'>, None)
  task=HEAL_CORE FAIL
[RUSH] --- rush eval at (16,9) en_core=(18,18) ---
[RUSH] step1: no flow tile in gunner range of core
[RUSH] step2: flow near core at (19,13) d²=26, extending to siege (19,14)
[RUSH] extend: from (19,13) toward core (18,18)
[RUSH] extend: siege target (19,14)
[RUSH] extend: path=[(19, 13), (19, 14)]
[RUSH] extend: path len=2, builder at (16,9)
[RUSH] extend[0]: (19,13)->(19,14) bld=None team=None connected=False
[RUSH] extend[0]: need to walk to (19,13) d²=25
  task=RUSH 0us OK -> (<Direction.SOUTHEAST: 'southeast'>, None)
[GUN] (14,19) facing=EAST
[GUN] ray: target=None pri=0
[GUN] ammo=False
[GUN] no target, no ammo
[GUN] (14,18) facing=EAST
[GUN] ray: target=None pri=0
[GUN] ammo=False
[GUN] no target, no ammo
  task=HEAL_CORE FAIL
[RUSH] --- rush eval at (10,9) en_core=(18,18) ---
[RUSH] step1: no flow tile in gunner range of core
[RUSH] step2: no flow tile near enemy core
[RUSH] step2.5: checking unconnected harvesters
[RUSH] step2.5: harvester (3,16) d²=229 flow=0.000 has adjacent flow, skip
[RUSH] _find_rush_ore: 10 total ore, 10 seen, sym=Symmetry.ROT candidates={<Symmetry.ROT: 1>}
[RUSH]   ore (3,16) d²=229 bld=BuildingHarvester env=Environment.ORE_TITANIUM
[RUSH]   ore (16,3) d²=229 bld=None env=Environment.ORE_TITANIUM
[RUSH]   ore (16,13) d²=29 bld=BuildingHarvester env=Environment.ORE_TITANIUM
[RUSH]   PICKED: free ore at (16,2) d²=224
[RUSH] step3: free ore at (16,3)
[RUSH] step3: walking toward tap (16,2) for ore (16,3)
  task=RUSH 0us OK -> (<Direction.NORTH: 'north'>, None)
  task=HEAL_CORE FAIL
[RUSH] --- rush eval at (18,12) en_core=(18,18) ---
[RUSH] step1: flow in range at (19,14) facing SOUTH
[RUSH] gunner: want to place at (19,14) facing SOUTH, ti=10 cost=35
[RUSH] gunner: cannot afford (need 35, have 10)
[RUSH] step1: can't afford gunner, holding turn
  task=RUSH 0us OK -> (<Direction.CENTRE: 'centre'>, None)
  task=HEAL_CORE FAIL
[RUSH] --- rush eval at (16,10) en_core=(18,18) ---
[RUSH] step1: flow in range at (19,14) facing SOUTH
[RUSH] gunner: want to place at (19,14) facing SOUTH, ti=10 cost=35
[RUSH] gunner: cannot afford (need 35, have 10)
[RUSH] step1: can't afford gunner, holding turn
  task=RUSH 0us OK -> (<Direction.CENTRE: 'centre'>, None)
  task=HEAL_CORE FAIL
[RUSH] --- rush eval at (19,12) en_core=(18,18) ---
[RUSH] step1: flow in range at (19,14) facing SOUTH
[RUSH] gunner: want to place at (19,14) facing SOUTH, ti=10 cost=35
[RUSH] gunner: cannot afford (need 35, have 10)
[RUSH] step1: can't afford gunner, holding turn
  task=RUSH 0us OK -> (<Direction.CENTRE: 'centre'>, None)
  task=HEAL_CORE FAIL
[RUSH] --- rush eval at (18,11) en_core=(18,18) ---
[RUSH] step1: flow in range at (19,14) facing SOUTH
[RUSH] gunner: want to place at (19,14) facing SOUTH, ti=10 cost=35
[RUSH] gunner: cannot afford (need 35, have 10)
[RUSH] step1: can't afford gunner, holding turn
  task=RUSH 0us OK -> (<Direction.CENTRE: 'centre'>, None)
  task=HEAL_CORE FAIL
[RUSH] --- rush eval at (17,10) en_core=(18,18) ---
[RUSH] step1: flow in range at (19,14) facing SOUTH
[RUSH] gunner: want to place at (19,14) facing SOUTH, ti=10 cost=35
[RUSH] gunner: cannot afford (need 35, have 10)
[RUSH] step1: can't afford gunner, holding turn
  task=RUSH 0us OK -> (<Direction.CENTRE: 'centre'>, None)
[GUN] (14,19) facing=EAST
[GUN] ray: target=None pri=0
[GUN] ammo=False
[GUN] no target, no ammo
[GUN] (14,18) facing=EAST
[GUN] ray: target=None pri=0
[GUN] ammo=False
[GUN] no target, no ammo
  task=HEAL_CORE FAIL
  task=RUSH FAIL
  task=SCOUT_ENEMY 0us OK -> (<Direction.SOUTH: 'south'>, None)
  task=HEAL_CORE FAIL
[RUSH] --- rush eval at (18,12) en_core=(18,18) ---
[RUSH] step1: flow in range at (19,14) facing SOUTH
[RUSH] gunner: want to place at (19,14) facing SOUTH, ti=20 cost=35
[RUSH] gunner: cannot afford (need 35, have 20)
[RUSH] step1: can't afford gunner, holding turn
  task=RUSH 0us OK -> (<Direction.CENTRE: 'centre'>, None)
  task=HEAL_CORE FAIL
[RUSH] --- rush eval at (16,10) en_core=(18,18) ---
[RUSH] step1: flow in range at (19,14) facing SOUTH
[RUSH] gunner: want to place at (19,14) facing SOUTH, ti=20 cost=35
[RUSH] gunner: cannot afford (need 35, have 20)
[RUSH] step1: can't afford gunner, holding turn
  task=RUSH 0us OK -> (<Direction.CENTRE: 'centre'>, None)
  task=HEAL_CORE FAIL
[RUSH] --- rush eval at (19,12) en_core=(18,18) ---
[RUSH] step1: flow in range at (19,14) facing SOUTH
[RUSH] gunner: want to place at (19,14) facing SOUTH, ti=20 cost=35
[RUSH] gunner: cannot afford (need 35, have 20)
[RUSH] step1: can't afford gunner, holding turn
  task=RUSH 0us OK -> (<Direction.CENTRE: 'centre'>, None)
  task=HEAL_CORE FAIL
[RUSH] --- rush eval at (18,11) en_core=(18,18) ---
[RUSH] step1: flow in range at (19,14) facing SOUTH
[RUSH] gunner: want to place at (19,14) facing SOUTH, ti=20 cost=35
[RUSH] gunner: cannot afford (need 35, have 20)
[RUSH] step1: can't afford gunner, holding turn
  task=RUSH 0us OK -> (<Direction.CENTRE: 'centre'>, None)
  task=HEAL_CORE FAIL
[RUSH] --- rush eval at (17,10) en_core=(18,18) ---
[RUSH] step1: flow in range at (19,14) facing SOUTH
[RUSH] gunner: want to place at (19,14) facing SOUTH, ti=20 cost=35
[RUSH] gunner: cannot afford (need 35, have 20)
[RUSH] step1: can't afford gunner, holding turn
  task=RUSH 0us OK -> (<Direction.CENTRE: 'centre'>, None)
[GUN] (14,19) facing=EAST
[GUN] ray: target=Position(x=17, y=19) pri=4
[GUN] ammo=True
[GUN] feed_dir=WEST
[GUN] scan NORTHWEST: pri=3
[GUN] cur_pri=4 best_rot=NORTHWEST rot_pri=3
[GUN] FIRE at (17,19) pri=4
[GUN] (14,18) facing=EAST
[GUN] ray: target=None pri=0
[GUN] ammo=False
[GUN] no target, no ammo
  task=HEAL_CORE FAIL
[RUSH] --- rush eval at (10,9) en_core=(18,18) ---
[RUSH] step1: no flow tile in gunner range of core
[RUSH] step2: no flow tile near enemy core
[RUSH] step2.5: checking unconnected harvesters
[RUSH] step2.5: harvester (3,16) d²=229 flow=0.000 has adjacent flow, skip
[RUSH] _find_rush_ore: 10 total ore, 10 seen, sym=Symmetry.ROT candidates={<Symmetry.ROT: 1>}
[RUSH]   ore (3,16) d²=229 bld=BuildingHarvester env=Environment.ORE_TITANIUM
[RUSH]   ore (16,3) d²=229 bld=None env=Environment.ORE_TITANIUM
[RUSH]   ore (16,13) d²=29 bld=BuildingHarvester env=Environment.ORE_TITANIUM
[RUSH]   PICKED: free ore at (16,2) d²=224
[RUSH] step3: free ore at (16,3)
[RUSH] step3: walking toward tap (16,2) for ore (16,3)
  task=RUSH 0us OK -> (<Direction.NORTH: 'north'>, None)
  task=HEAL_CORE FAIL
[RUSH] --- rush eval at (18,12) en_core=(18,18) ---
[RUSH] step1: flow in range at (19,14) facing SOUTH
[RUSH] gunner: want to place at (19,14) facing SOUTH, ti=20 cost=35
[RUSH] gunner: cannot afford (need 35, have 20)
[RUSH] step1: can't afford gunner, holding turn
  task=RUSH 0us OK -> (<Direction.CENTRE: 'centre'>, None)
  task=HEAL_CORE FAIL
[RUSH] --- rush eval at (16,10) en_core=(18,18) ---
[RUSH] step1: flow in range at (19,14) facing SOUTH
[RUSH] gunner: want to place at (19,14) facing SOUTH, ti=20 cost=35
[RUSH] gunner: cannot afford (need 35, have 20)
[RUSH] step1: can't afford gunner, holding turn
  task=RUSH 0us OK -> (<Direction.CENTRE: 'centre'>, None)
  task=HEAL_CORE FAIL
[RUSH] --- rush eval at (19,12) en_core=(18,18) ---
[RUSH] step1: flow in range at (19,14) facing SOUTH
[RUSH] gunner: want to place at (19,14) facing SOUTH, ti=20 cost=35
[RUSH] gunner: cannot afford (need 35, have 20)
[RUSH] step1: can't afford gunner, holding turn
  task=RUSH 0us OK -> (<Direction.CENTRE: 'centre'>, None)
  task=HEAL_CORE FAIL
[RUSH] --- rush eval at (18,11) en_core=(18,18) ---
[RUSH] step1: flow in range at (19,14) facing SOUTH
[RUSH] gunner: want to place at (19,14) facing SOUTH, ti=20 cost=35
[RUSH] gunner: cannot afford (need 35, have 20)
[RUSH] step1: can't afford gunner, holding turn
  task=RUSH 0us OK -> (<Direction.CENTRE: 'centre'>, None)
  task=HEAL_CORE FAIL
[RUSH] --- rush eval at (17,10) en_core=(18,18) ---
[RUSH] step1: flow in range at (19,14) facing SOUTH
[RUSH] gunner: want to place at (19,14) facing SOUTH, ti=20 cost=35
[RUSH] gunner: cannot afford (need 35, have 20)
[RUSH] step1: can't afford gunner, holding turn
  task=RUSH 0us OK -> (<Direction.CENTRE: 'centre'>, None)
[GUN] (14,19) facing=EAST
[GUN] ray: target=Position(x=17, y=19) pri=4
[GUN] ammo=True
[GUN] feed_dir=WEST
[GUN] scan NORTHWEST: pri=3
[GUN] cur_pri=4 best_rot=NORTHWEST rot_pri=3
[GUN] FIRE at (17,19) pri=4
[GUN] (14,18) facing=EAST
[GUN] ray: target=Position(x=17, y=18) pri=4
[GUN] ammo=True
[GUN] feed_dir=SOUTHWEST
[GUN] scan NORTH: pri=1
[GUN] scan NORTHEAST: pri=2
[GUN] scan WEST: pri=3
[GUN] scan NORTHWEST: pri=1
[GUN] cur_pri=4 best_rot=WEST rot_pri=3
[GUN] FIRE at (17,18) pri=4
  task=HEAL_CORE FAIL
  task=RUSH FAIL
  task=SCOUT_ENEMY 0us OK -> (<Direction.SOUTH: 'south'>, None)
  task=HEAL_CORE FAIL
[RUSH] --- rush eval at (18,12) en_core=(18,18) ---
[RUSH] step1: flow in range at (19,14) facing SOUTH
[RUSH] gunner: want to place at (19,14) facing SOUTH, ti=30 cost=35
[RUSH] gunner: cannot afford (need 35, have 30)
[RUSH] step1: can't afford gunner, holding turn
  task=RUSH 0us OK -> (<Direction.CENTRE: 'centre'>, None)
  task=HEAL_CORE FAIL
[RUSH] --- rush eval at (16,10) en_core=(18,18) ---
[RUSH] step1: flow in range at (19,14) facing SOUTH
[RUSH] gunner: want to place at (19,14) facing SOUTH, ti=30 cost=35
[RUSH] gunner: cannot afford (need 35, have 30)
[RUSH] step1: can't afford gunner, holding turn
  task=RUSH 0us OK -> (<Direction.CENTRE: 'centre'>, None)
  task=HEAL_CORE FAIL
[RUSH] --- rush eval at (19,12) en_core=(18,18) ---
[RUSH] step1: flow in range at (19,14) facing SOUTH
[RUSH] gunner: want to place at (19,14) facing SOUTH, ti=30 cost=35
[RUSH] gunner: cannot afford (need 35, have 30)
[RUSH] step1: can't afford gunner, holding turn
  task=RUSH 0us OK -> (<Direction.CENTRE: 'centre'>, None)
  task=HEAL_CORE FAIL
[RUSH] --- rush eval at (18,11) en_core=(18,18) ---
[RUSH] step1: flow in range at (19,14) facing SOUTH
[RUSH] gunner: want to place at (19,14) facing SOUTH, ti=30 cost=35
[RUSH] gunner: cannot afford (need 35, have 30)
[RUSH] step1: can't afford gunner, holding turn
  task=RUSH 0us OK -> (<Direction.CENTRE: 'centre'>, None)
  task=HEAL_CORE FAIL
[RUSH] --- rush eval at (17,10) en_core=(18,18) ---
[RUSH] step1: flow in range at (19,14) facing SOUTH
[RUSH] gunner: want to place at (19,14) facing SOUTH, ti=30 cost=35
[RUSH] gunner: cannot afford (need 35, have 30)
[RUSH] step1: can't afford gunner, holding turn
  task=RUSH 0us OK -> (<Direction.CENTRE: 'centre'>, None)
[GUN] (14,19) facing=EAST
[GUN] ray: target=Position(x=17, y=19) pri=4
[GUN] ammo=True
[GUN] feed_dir=WEST
[GUN] scan NORTHWEST: pri=3
[GUN] cur_pri=4 best_rot=NORTHWEST rot_pri=3
[GUN] FIRE at (17,19) pri=4
[GUN] (14,18) facing=EAST
[GUN] ray: target=Position(x=17, y=18) pri=4
[GUN] ammo=True
[GUN] feed_dir=SOUTHWEST
[GUN] scan NORTH: pri=1
[GUN] scan NORTHEAST: pri=2
[GUN] scan WEST: pri=3
[GUN] scan NORTHWEST: pri=1
[GUN] cur_pri=4 best_rot=WEST rot_pri=3
[GUN] FIRE at (17,18) pri=4
  task=HEAL_CORE FAIL
[RUSH] --- rush eval at (10,9) en_core=(18,18) ---
[RUSH] step1: no flow tile in gunner range of core
[RUSH] step2: no flow tile near enemy core
[RUSH] step2.5: checking unconnected harvesters
[RUSH] step2.5: harvester (3,16) d²=229 flow=0.000 has adjacent flow, skip
[RUSH] _find_rush_ore: 10 total ore, 10 seen, sym=Symmetry.ROT candidates={<Symmetry.ROT: 1>}
[RUSH]   ore (3,16) d²=229 bld=BuildingHarvester env=Environment.ORE_TITANIUM
[RUSH]   ore (16,3) d²=229 bld=None env=Environment.ORE_TITANIUM
[RUSH]   ore (16,13) d²=29 bld=BuildingHarvester env=Environment.ORE_TITANIUM
[RUSH]   PICKED: free ore at (16,2) d²=224
[RUSH] step3: free ore at (16,3)
[RUSH] step3: walking toward tap (16,2) for ore (16,3)
  task=RUSH 0us OK -> (<Direction.NORTH: 'north'>, None)
  task=HEAL_CORE FAIL
[RUSH] --- rush eval at (18,12) en_core=(18,18) ---
[RUSH] step1: flow in range at (19,14) facing SOUTH
[RUSH] gunner: want to place at (19,14) facing SOUTH, ti=30 cost=35
[RUSH] gunner: cannot afford (need 35, have 30)
[RUSH] step1: can't afford gunner, holding turn
  task=RUSH 0us OK -> (<Direction.CENTRE: 'centre'>, None)
  task=HEAL_CORE FAIL
[RUSH] --- rush eval at (16,10) en_core=(18,18) ---
[RUSH] step1: flow in range at (19,14) facing SOUTH
[RUSH] gunner: want to place at (19,14) facing SOUTH, ti=30 cost=35
[RUSH] gunner: cannot afford (need 35, have 30)
[RUSH] step1: can't afford gunner, holding turn
  task=RUSH 0us OK -> (<Direction.CENTRE: 'centre'>, None)
  task=HEAL_CORE FAIL
[RUSH] --- rush eval at (19,12) en_core=(18,18) ---
[RUSH] step1: flow in range at (19,14) facing SOUTH
[RUSH] gunner: want to place at (19,14) facing SOUTH, ti=30 cost=35
[RUSH] gunner: cannot afford (need 35, have 30)
[RUSH] step1: can't afford gunner, holding turn
  task=RUSH 0us OK -> (<Direction.CENTRE: 'centre'>, None)
  task=HEAL_CORE FAIL
[RUSH] --- rush eval at (18,11) en_core=(18,18) ---
[RUSH] step1: flow in range at (19,14) facing SOUTH
[RUSH] gunner: want to place at (19,14) facing SOUTH, ti=30 cost=35
[RUSH] gunner: cannot afford (need 35, have 30)
[RUSH] step1: can't afford gunner, holding turn
  task=RUSH 0us OK -> (<Direction.CENTRE: 'centre'>, None)
  task=HEAL_CORE FAIL
[RUSH] --- rush eval at (17,10) en_core=(18,18) ---
[RUSH] step1: flow in range at (19,14) facing SOUTH
[RUSH] gunner: want to place at (19,14) facing SOUTH, ti=30 cost=35
[RUSH] gunner: cannot afford (need 35, have 30)
[RUSH] step1: can't afford gunner, holding turn
  task=RUSH 0us OK -> (<Direction.CENTRE: 'centre'>, None)
[GUN] (14,19) facing=EAST
[GUN] ray: target=Position(x=17, y=19) pri=4
[GUN] ammo=True
[GUN] feed_dir=WEST
[GUN] scan NORTHWEST: pri=3
[GUN] cur_pri=4 best_rot=NORTHWEST rot_pri=3
[GUN] FIRE at (17,19) pri=4
[GUN] (14,18) facing=EAST
[GUN] ray: target=Position(x=17, y=18) pri=4
[GUN] ammo=True
[GUN] feed_dir=SOUTHWEST
[GUN] scan NORTH: pri=1
[GUN] scan NORTHEAST: pri=2
[GUN] scan WEST: pri=3
[GUN] scan NORTHWEST: pri=1
[GUN] cur_pri=4 best_rot=WEST rot_pri=3
[GUN] FIRE at (17,18) pri=4
  task=HEAL_CORE FAIL
  task=RUSH FAIL
  task=SCOUT_ENEMY 0us OK -> (<Direction.SOUTH: 'south'>, None)
  task=HEAL_CORE FAIL
[RUSH] --- rush eval at (18,12) en_core=(18,18) ---
[RUSH] step1: flow in range at (19,14) facing SOUTH
[RUSH] gunner: want to place at (19,14) facing SOUTH, ti=30 cost=35
[RUSH] gunner: cannot afford (need 35, have 30)
[RUSH] step1: can't afford gunner, holding turn
  task=RUSH 0us OK -> (<Direction.CENTRE: 'centre'>, None)
  task=HEAL_CORE FAIL
[RUSH] --- rush eval at (16,10) en_core=(18,18) ---
[RUSH] step1: flow in range at (19,14) facing SOUTH
[RUSH] gunner: want to place at (19,14) facing SOUTH, ti=30 cost=35
[RUSH] gunner: cannot afford (need 35, have 30)
[RUSH] step1: can't afford gunner, holding turn
  task=RUSH 0us OK -> (<Direction.CENTRE: 'centre'>, None)
  task=HEAL_CORE FAIL
[RUSH] --- rush eval at (19,12) en_core=(18,18) ---
[RUSH] step1: flow in range at (19,14) facing SOUTH
[RUSH] gunner: want to place at (19,14) facing SOUTH, ti=30 cost=35
[RUSH] gunner: cannot afford (need 35, have 30)
[RUSH] step1: can't afford gunner, holding turn
  task=RUSH 0us OK -> (<Direction.CENTRE: 'centre'>, None)
  task=HEAL_CORE FAIL
[RUSH] --- rush eval at (18,11) en_core=(18,18) ---
[RUSH] step1: flow in range at (19,14) facing SOUTH
[RUSH] gunner: want to place at (19,14) facing SOUTH, ti=30 cost=35
[RUSH] gunner: cannot afford (need 35, have 30)
[RUSH] step1: can't afford gunner, holding turn
  task=RUSH 0us OK -> (<Direction.CENTRE: 'centre'>, None)
  task=HEAL_CORE FAIL
[RUSH] --- rush eval at (17,10) en_core=(18,18) ---
[RUSH] step1: flow in range at (19,14) facing SOUTH
[RUSH] gunner: want to place at (19,14) facing SOUTH, ti=30 cost=35
[RUSH] gunner: cannot afford (need 35, have 30)
[RUSH] step1: can't afford gunner, holding turn
  task=RUSH 0us OK -> (<Direction.CENTRE: 'centre'>, None)
[GUN] (14,19) facing=EAST
[GUN] ray: target=Position(x=17, y=19) pri=4
[GUN] ammo=True
[GUN] feed_dir=WEST
[GUN] scan NORTHWEST: pri=3
[GUN] cur_pri=4 best_rot=NORTHWEST rot_pri=3
[GUN] FIRE at (17,19) pri=4
[GUN] (14,18) facing=EAST
[GUN] ray: target=Position(x=17, y=18) pri=4
[GUN] ammo=True
[GUN] feed_dir=SOUTHWEST
[GUN] scan NORTH: pri=1
[GUN] scan NORTHEAST: pri=2
[GUN] scan WEST: pri=3
[GUN] scan NORTHWEST: pri=1
[GUN] cur_pri=4 best_rot=WEST rot_pri=3
[GUN] FIRE at (17,18) pri=4
  task=HEAL_CORE FAIL
[RUSH] --- rush eval at (10,9) en_core=(18,18) ---
[RUSH] step1: no flow tile in gunner range of core
[RUSH] step2: no flow tile near enemy core
[RUSH] step2.5: checking unconnected harvesters
[RUSH] step2.5: harvester (3,16) d²=229 flow=0.000 has adjacent flow, skip
[RUSH] _find_rush_ore: 10 total ore, 10 seen, sym=Symmetry.ROT candidates={<Symmetry.ROT: 1>}
[RUSH]   ore (3,16) d²=229 bld=BuildingHarvester env=Environment.ORE_TITANIUM
[RUSH]   ore (16,3) d²=229 bld=None env=Environment.ORE_TITANIUM
[RUSH]   ore (16,13) d²=29 bld=BuildingHarvester env=Environment.ORE_TITANIUM
[RUSH]   PICKED: free ore at (16,2) d²=224
[RUSH] step3: free ore at (16,3)
[RUSH] step3: walking toward tap (16,2) for ore (16,3)
  task=RUSH 0us OK -> (<Direction.NORTH: 'north'>, None)
  task=HEAL_CORE FAIL
[RUSH] --- rush eval at (18,12) en_core=(18,18) ---
[RUSH] step1: flow in range at (19,14) facing SOUTH
[RUSH] gunner: want to place at (19,14) facing SOUTH, ti=30 cost=35
[RUSH] gunner: cannot afford (need 35, have 30)
[RUSH] step1: can't afford gunner, holding turn
  task=RUSH 0us OK -> (<Direction.CENTRE: 'centre'>, None)
  task=HEAL_CORE FAIL
[RUSH] --- rush eval at (16,10) en_core=(18,18) ---
[RUSH] step1: flow in range at (19,14) facing SOUTH
[RUSH] gunner: want to place at (19,14) facing SOUTH, ti=30 cost=35
[RUSH] gunner: cannot afford (need 35, have 30)
[RUSH] step1: can't afford gunner, holding turn
  task=RUSH 0us OK -> (<Direction.CENTRE: 'centre'>, None)
  task=HEAL_CORE FAIL
[RUSH] --- rush eval at (19,12) en_core=(18,18) ---
[RUSH] step1: flow in range at (19,14) facing SOUTH
[RUSH] gunner: want to place at (19,14) facing SOUTH, ti=30 cost=35
[RUSH] gunner: cannot afford (need 35, have 30)
[RUSH] step1: can't afford gunner, holding turn
  task=RUSH 0us OK -> (<Direction.CENTRE: 'centre'>, None)
  task=HEAL_CORE FAIL
[RUSH] --- rush eval at (18,11) en_core=(18,18) ---
[RUSH] step1: flow in range at (19,14) facing SOUTH
[RUSH] gunner: want to place at (19,14) facing SOUTH, ti=30 cost=35
[RUSH] gunner: cannot afford (need 35, have 30)
[RUSH] step1: can't afford gunner, holding turn
  task=RUSH 0us OK -> (<Direction.CENTRE: 'centre'>, None)
  task=HEAL_CORE FAIL
[RUSH] --- rush eval at (17,10) en_core=(18,18) ---
[RUSH] step1: flow in range at (19,14) facing SOUTH
[RUSH] gunner: want to place at (19,14) facing SOUTH, ti=30 cost=35
[RUSH] gunner: cannot afford (need 35, have 30)
[RUSH] step1: can't afford gunner, holding turn
  task=RUSH 0us OK -> (<Direction.CENTRE: 'centre'>, None)
[GUN] (14,19) facing=EAST
[GUN] ray: target=None pri=0
[GUN] ammo=False
[GUN] no target, no ammo
[GUN] (14,18) facing=EAST
[GUN] ray: target=Position(x=17, y=18) pri=4
[GUN] ammo=True
[GUN] feed_dir=SOUTHWEST
[GUN] scan NORTH: pri=1
[GUN] scan NORTHEAST: pri=2
[GUN] scan WEST: pri=3
[GUN] scan NORTHWEST: pri=1
[GUN] cur_pri=4 best_rot=WEST rot_pri=3
[GUN] FIRE at (17,18) pri=4
  task=HEAL_CORE FAIL
  task=RUSH FAIL
  task=SCOUT_ENEMY 0us OK -> (<Direction.SOUTH: 'south'>, None)
  task=HEAL_CORE FAIL
[RUSH] --- rush eval at (18,12) en_core=(18,18) ---
[RUSH] step1: flow in range at (19,14) facing SOUTH
[RUSH] gunner: want to place at (19,14) facing SOUTH, ti=50 cost=35
[RUSH] gunner: target (19,14) bld=None team=None builder=(18,12) d²=5
[RUSH] gunner: walking toward (19,14) d²=5
  task=RUSH 0us OK -> (<Direction.SOUTHEAST: 'southeast'>, None)
  task=HEAL_CORE FAIL
[RUSH] --- rush eval at (16,10) en_core=(18,18) ---
[RUSH] step1: flow in range at (19,14) facing SOUTH
[RUSH] gunner: want to place at (19,14) facing SOUTH, ti=50 cost=35
[RUSH] gunner: target (19,14) bld=None team=None builder=(16,10) d²=25
[RUSH] gunner: walking toward (19,14) d²=25
  task=RUSH 0us OK -> (<Direction.SOUTHEAST: 'southeast'>, None)
  task=HEAL_CORE FAIL
[RUSH] --- rush eval at (19,12) en_core=(18,18) ---
[RUSH] step1: flow in range at (19,14) facing SOUTH
[RUSH] gunner: want to place at (19,14) facing SOUTH, ti=50 cost=35
[RUSH] gunner: target (19,14) bld=None team=None builder=(19,12) d²=4
[RUSH] gunner: walking toward (19,14) d²=4
  task=RUSH 0us OK -> (<Direction.SOUTHWEST: 'southwest'>, PlaceRoad(pos=Position(x=18, y=13)))
  task=HEAL_CORE FAIL
[RUSH] --- rush eval at (18,11) en_core=(18,18) ---
[RUSH] step1: flow in range at (19,14) facing SOUTH
[RUSH] gunner: want to place at (19,14) facing SOUTH, ti=47 cost=35
[RUSH] gunner: target (19,14) bld=None team=None builder=(18,11) d²=10
[RUSH] gunner: walking toward (19,14) d²=10
  task=RUSH 0us OK -> (<Direction.SOUTHWEST: 'southwest'>, PlaceRoad(pos=Position(x=17, y=12)))
  task=HEAL_CORE FAIL
[RUSH] --- rush eval at (17,10) en_core=(18,18) ---
[RUSH] step1: flow in range at (19,14) facing SOUTH
[RUSH] gunner: want to place at (19,14) facing SOUTH, ti=44 cost=35
[RUSH] gunner: target (19,14) bld=None team=None builder=(17,10) d²=20
[RUSH] gunner: walking toward (19,14) d²=20
  task=RUSH 0us OK -> (<Direction.WEST: 'west'>, None)
[GUN] (14,19) facing=EAST
[GUN] ray: target=None pri=0
[GUN] ammo=False
[GUN] no target, no ammo
[GUN] (14,18) facing=EAST
[GUN] ray: target=None pri=0
[GUN] ammo=False
[GUN] no target, no ammo
  task=HEAL_CORE FAIL
[RUSH] --- rush eval at (10,9) en_core=(18,18) ---
[RUSH] step1: no flow tile in gunner range of core
[RUSH] step2: no flow tile near enemy core
[RUSH] step2.5: checking unconnected harvesters
[RUSH] step2.5: harvester (3,16) d²=229 flow=0.000 has adjacent flow, skip
[RUSH] _find_rush_ore: 10 total ore, 10 seen, sym=Symmetry.ROT candidates={<Symmetry.ROT: 1>}
[RUSH]   ore (3,16) d²=229 bld=BuildingHarvester env=Environment.ORE_TITANIUM
[RUSH]   ore (16,3) d²=229 bld=None env=Environment.ORE_TITANIUM
[RUSH]   ore (16,13) d²=29 bld=BuildingHarvester env=Environment.ORE_TITANIUM
[RUSH]   PICKED: free ore at (16,2) d²=224
[RUSH] step3: free ore at (16,3)
[RUSH] step3: walking toward tap (16,2) for ore (16,3)
  task=RUSH 0us OK -> (<Direction.NORTH: 'north'>, None)
  task=HEAL_CORE FAIL
[RUSH] --- rush eval at (19,13) en_core=(18,18) ---
[RUSH] step1: flow in range at (19,14) facing SOUTH
[RUSH] gunner: want to place at (19,14) facing SOUTH, ti=44 cost=35
[RUSH] gunner: target (19,14) bld=None team=None builder=(19,13) d²=1
[RUSH] gunner: placing at (19,14) facing SOUTH, can_build=True
  task=RUSH 0us OK -> (<Direction.CENTRE: 'centre'>, PlaceGunner(pos=Position(x=19, y=14), direction=<Direction.SOUTH: 'south'>))
  task=HEAL_CORE FAIL
[RUSH] --- rush eval at (17,11) en_core=(18,18) ---
[RUSH] step1: no flow tile in gunner range of core
[RUSH] step2: flow near core at (19,13) d²=26, extending to siege (19,15)
[RUSH] extend: from (19,13) toward core (18,18)
[RUSH] extend: siege target (19,15)
[RUSH] extend: path=[(19, 13), (19, 14)]
[RUSH] extend: path len=2, builder at (17,11)
[RUSH] extend[0]: (19,13)->(19,14) bld=BuildingConveyor team=Team.A connected=True
[RUSH] extend[0]: already connected, skip
[RUSH] extend: endpoint (19,14) already has our gunner
  task=RUSH FAIL
  task=SCOUT_ENEMY 0us OK -> (<Direction.NORTH: 'north'>, None)
  task=HEAL_CORE FAIL
[RUSH] --- rush eval at (18,13) en_core=(18,18) ---
[RUSH] step1: no flow tile in gunner range of core
[RUSH] step2: flow near core at (19,13) d²=26, extending to siege (19,15)
[RUSH] extend: from (19,13) toward core (18,18)
[RUSH] extend: siege target (19,15)
[RUSH] extend: path=[(19, 13), (19, 14)]
[RUSH] extend: path len=2, builder at (18,13)
[RUSH] extend[0]: (19,13)->(19,14) bld=BuildingConveyor team=Team.A connected=True
[RUSH] extend[0]: already connected, skip
[RUSH] extend: endpoint (19,14) already has our gunner
  task=RUSH FAIL
  task=SCOUT_ENEMY 0us OK -> (<Direction.SOUTHWEST: 'southwest'>, None)
  task=HEAL_CORE FAIL
[RUSH] --- rush eval at (17,12) en_core=(18,18) ---
[RUSH] step1: no flow tile in gunner range of core
[RUSH] step2: flow near core at (19,13) d²=26, extending to siege (19,15)
[RUSH] extend: from (19,13) toward core (18,18)
[RUSH] extend: siege target (19,15)
[RUSH] extend: path=[(19, 13), (19, 14)]
[RUSH] extend: path len=2, builder at (17,12)
[RUSH] extend[0]: (19,13)->(19,14) bld=BuildingConveyor team=Team.A connected=True
[RUSH] extend[0]: already connected, skip
[RUSH] extend: endpoint (19,14) already has our gunner
  task=RUSH FAIL
  task=SCOUT_ENEMY 0us OK -> (<Direction.NORTHWEST: 'northwest'>, PlaceRoad(pos=Position(x=16, y=11)))
  task=HEAL_CORE FAIL
[RUSH] --- rush eval at (16,10) en_core=(18,18) ---
[RUSH] step1: flow in range at (19,14) facing SOUTH
[RUSH] gunner: want to place at (19,14) facing SOUTH, ti=6 cost=36
[RUSH] gunner: cannot afford (need 36, have 6)
[RUSH] step1: can't afford gunner, holding turn
  task=RUSH 0us OK -> (<Direction.CENTRE: 'centre'>, None)
[GUN] (14,19) facing=EAST
[GUN] ray: target=None pri=0
[GUN] ammo=False
[GUN] no target, no ammo
[GUN] (14,18) facing=EAST
[GUN] ray: target=None pri=0
[GUN] ammo=False
[GUN] no target, no ammo
  task=HEAL_CORE FAIL
  task=RUSH FAIL
  task=SCOUT_ENEMY 0us OK -> (<Direction.SOUTH: 'south'>, None)
  task=HEAL_CORE FAIL
[RUSH] --- rush eval at (19,13) en_core=(18,18) ---
[RUSH] step1: no flow tile in gunner range of core
[RUSH] step2: flow near core at (19,13) d²=26, extending to siege (19,15)
[RUSH] extend: from (19,13) toward core (18,18)
[RUSH] extend: siege target (19,15)
[RUSH] extend: path=[(19, 13), (19, 14)]
[RUSH] extend: path len=2, builder at (19,13)
[RUSH] extend[0]: (19,13)->(19,14) bld=BuildingConveyor team=Team.A connected=True
[RUSH] extend[0]: already connected, skip
[RUSH] extend: endpoint (19,14) already has our gunner
  task=RUSH FAIL
  task=SCOUT_ENEMY 0us OK -> (<Direction.SOUTHWEST: 'southwest'>, PlaceRoad(pos=Position(x=18, y=14)))
  task=HEAL_CORE FAIL
[RUSH] --- rush eval at (17,10) en_core=(18,18) ---
[RUSH] step1: no flow tile in gunner range of core
[RUSH] step2: flow near core at (19,13) d²=26, extending to siege (19,15)
[RUSH] extend: from (19,13) toward core (18,18)
[RUSH] extend: siege target (19,15)
[RUSH] extend: path=[(19, 13), (19, 14)]
[RUSH] extend: path len=2, builder at (17,10)
[RUSH] extend[0]: (19,13)->(19,14) bld=BuildingConveyor team=Team.A connected=True
[RUSH] extend[0]: already connected, skip
[RUSH] extend: endpoint (19,14) already has our gunner
  task=RUSH FAIL
  task=SCOUT_ENEMY 0us OK -> (<Direction.NORTHWEST: 'northwest'>, None)
  task=HEAL_CORE FAIL
[RUSH] --- rush eval at (17,14) en_core=(18,18) ---
[RUSH] step1: no flow tile in gunner range of core
[RUSH] step2: flow near core at (19,13) d²=26, extending to siege (19,15)
[RUSH] extend: from (19,13) toward core (18,18)
[RUSH] extend: siege target (19,15)
[RUSH] extend: path=[(19, 13), (19, 14)]
[RUSH] extend: path len=2, builder at (17,14)
[RUSH] extend[0]: (19,13)->(19,14) bld=BuildingConveyor team=Team.A connected=True
[RUSH] extend[0]: already connected, skip
[RUSH] extend: endpoint (19,14) already has our gunner
  task=RUSH FAIL
  task=SCOUT_ENEMY 0us OK -> (<Direction.SOUTHEAST: 'southeast'>, None)
  task=HEAL_CORE FAIL
[RUSH] --- rush eval at (16,11) en_core=(18,18) ---
[RUSH] step1: no flow tile in gunner range of core
[RUSH] step2: flow near core at (19,13) d²=26, extending to siege (19,15)
[RUSH] extend: from (19,13) toward core (18,18)
[RUSH] extend: siege target (19,15)
[RUSH] extend: path=[(19, 13), (19, 14)]
[RUSH] extend: path len=2, builder at (16,11)
[RUSH] extend[0]: (19,13)->(19,14) bld=BuildingConveyor team=Team.A connected=True
[RUSH] extend[0]: already connected, skip
[RUSH] extend: endpoint (19,14) already has our gunner
  task=RUSH FAIL
  task=SCOUT_ENEMY 0us OK -> (<Direction.WEST: 'west'>, None)
  task=HEAL_CORE FAIL
[RUSH] --- rush eval at (16,10) en_core=(18,18) ---
[RUSH] step1: flow in range at (19,14) facing SOUTH
[RUSH] gunner: want to place at (19,14) facing SOUTH, ti=13 cost=36
[RUSH] gunner: cannot afford (need 36, have 13)
[RUSH] step1: can't afford gunner, holding turn
  task=RUSH 0us OK -> (<Direction.CENTRE: 'centre'>, None)
[GUN] (14,19) facing=EAST
[GUN] ray: target=Position(x=17, y=19) pri=4
[GUN] ammo=True
[GUN] feed_dir=WEST
[GUN] scan NORTHWEST: pri=3
[GUN] cur_pri=4 best_rot=NORTHWEST rot_pri=3
[GUN] FIRE at (17,19) pri=4
[GUN] (14,18) facing=EAST
[GUN] ray: target=None pri=0
[GUN] ammo=False
[GUN] no target, no ammo
[GUN] (19,14) facing=SOUTH
[GUN] ray: target=Position(x=19, y=17) pri=4
[GUN] ammo=True
[GUN] feed_dir=NORTH
[GUN] scan SOUTHWEST: pri=5
[GUN] scan WEST: pri=2
[GUN] cur_pri=4 best_rot=SOUTHWEST rot_pri=5
[GUN] ROTATING to SOUTHWEST (pri 5 > 4)
  task=HEAL_CORE FAIL
[RUSH] --- rush eval at (10,9) en_core=(18,18) ---
[RUSH] step1: no flow tile in gunner range of core
[RUSH] step2: no flow tile near enemy core
[RUSH] step2.5: checking unconnected harvesters
[RUSH] step2.5: harvester (3,16) d²=229 flow=0.000 has adjacent flow, skip
[RUSH] _find_rush_ore: 10 total ore, 10 seen, sym=Symmetry.ROT candidates={<Symmetry.ROT: 1>}
[RUSH]   ore (3,16) d²=229 bld=BuildingHarvester env=Environment.ORE_TITANIUM
[RUSH]   ore (16,3) d²=229 bld=None env=Environment.ORE_TITANIUM
[RUSH]   ore (16,13) d²=29 bld=BuildingHarvester env=Environment.ORE_TITANIUM
[RUSH]   PICKED: free ore at (16,2) d²=224
[RUSH] step3: free ore at (16,3)
[RUSH] step3: walking toward tap (16,2) for ore (16,3)
  task=RUSH 0us OK -> (<Direction.NORTH: 'north'>, None)
  task=HEAL_CORE FAIL
[RUSH] --- rush eval at (18,14) en_core=(18,18) ---
[RUSH] step1: no flow tile in gunner range of core
[RUSH] step2: flow near core at (17,3) d²=226, extending to siege (17,15)
[RUSH] extend: from (17,3) toward core (18,18)
[RUSH] extend: siege target (17,15)
[RUSH] extend: path=[(17, 3), (17, 2), (16, 2), (15, 2), (15, 3), (15, 4), (15, 5), (16, 5), (16, 6), (16, 7), (16, 8), (16, 9), (16, 10), (17, 10), (17, 11), (17, 12), (18, 12), (18, 13), (18, 14), (17, 14), (17, 15)]
[RUSH] extend: path len=21, builder at (18,14)
[RUSH] extend[0]: (17,3)->(17,2) bld=BuildingRoad team=Team.A connected=False
[RUSH] extend[0]: need to walk to (17,3) d²=122
  task=RUSH 0us OK -> (<Direction.NORTH: 'north'>, None)
  task=HEAL_CORE FAIL
[RUSH] --- rush eval at (16,9) en_core=(18,18) ---
[RUSH] step1: no flow tile in gunner range of core
[RUSH] step2: flow near core at (19,13) d²=26, extending to siege (19,15)
[RUSH] extend: from (19,13) toward core (18,18)
[RUSH] extend: siege target (19,15)
[RUSH] extend: path=[(19, 13), (19, 14)]
[RUSH] extend: path len=2, builder at (16,9)
[RUSH] extend[0]: (19,13)->(19,14) bld=BuildingConveyor team=Team.A connected=True
[RUSH] extend[0]: already connected, skip
[RUSH] extend: endpoint (19,14) already has our gunner
  task=RUSH FAIL
  task=SCOUT_ENEMY 0us OK -> (<Direction.SOUTHWEST: 'southwest'>, None)
  task=HEAL_CORE FAIL
[RUSH] --- rush eval at (16,11) en_core=(18,18) ---
[RUSH] step1: no flow tile in gunner range of core
[RUSH] step2: flow near core at (17,3) d²=226, extending to siege (17,15)
[RUSH] extend: from (17,3) toward core (18,18)
[RUSH] extend: siege target (17,15)
[RUSH] extend: path=[(17, 3), (17, 2), (16, 2), (15, 2), (15, 3), (15, 4), (15, 5), (16, 5), (16, 6), (16, 7), (16, 8), (16, 9), (16, 10), (17, 10), (17, 11), (17, 12), (18, 12), (18, 13), (18, 14), (17, 14), (17, 15)]
[RUSH] extend: path len=21, builder at (16,11)
[RUSH] extend[0]: (17,3)->(17,2) bld=BuildingRoad team=Team.A connected=False
[RUSH] extend[0]: need to walk to (17,3) d²=65
  task=RUSH 0us OK -> (<Direction.NORTHEAST: 'northeast'>, None)
  task=HEAL_CORE FAIL
[RUSH] --- rush eval at (15,11) en_core=(18,18) ---
[RUSH] step1: no flow tile in gunner range of core
[RUSH] step2: flow near core at (19,13) d²=26, extending to siege (19,15)
[RUSH] extend: from (19,13) toward core (18,18)
[RUSH] extend: siege target (19,15)
[RUSH] extend: path=[(19, 13), (19, 14)]
[RUSH] extend: path len=2, builder at (15,11)
[RUSH] extend[0]: (19,13)->(19,14) bld=BuildingConveyor team=Team.A connected=True
[RUSH] extend[0]: already connected, skip
[RUSH] extend: endpoint (19,14) already has our gunner
  task=RUSH FAIL
  task=SCOUT_ENEMY 0us OK -> (<Direction.WEST: 'west'>, None)
  task=HEAL_CORE FAIL
[RUSH] --- rush eval at (16,10) en_core=(18,18) ---
[RUSH] step1: flow in range at (19,14) facing SOUTH
[RUSH] gunner: want to place at (19,14) facing SOUTH, ti=3 cost=36
[RUSH] gunner: cannot afford (need 36, have 3)
[RUSH] step1: can't afford gunner, holding turn
  task=RUSH 0us OK -> (<Direction.CENTRE: 'centre'>, None)
[GUN] (14,19) facing=EAST
[GUN] ray: target=Position(x=17, y=19) pri=4
[GUN] ammo=True
[GUN] feed_dir=WEST
[GUN] scan NORTHWEST: pri=3
[GUN] cur_pri=4 best_rot=NORTHWEST rot_pri=3
[GUN] FIRE at (17,19) pri=4
[GUN] (14,18) facing=EAST
[GUN] ray: target=Position(x=17, y=18) pri=4
[GUN] ammo=True
[GUN] feed_dir=SOUTHWEST
[GUN] scan NORTH: pri=1
[GUN] scan NORTHEAST: pri=2
[GUN] scan WEST: pri=3
[GUN] scan NORTHWEST: pri=1
[GUN] cur_pri=4 best_rot=WEST rot_pri=3
[GUN] FIRE at (17,18) pri=4
[GUN] (19,14) facing=SOUTHWEST
[GUN] ray: target=Position(x=18, y=15) pri=5
[GUN] ammo=True
[GUN] FIRE at (18,15) pri=5
  task=HEAL_CORE FAIL
  task=RUSH FAIL
  task=SCOUT_ENEMY 0us OK -> (<Direction.SOUTH: 'south'>, None)
  task=HEAL_CORE FAIL
[RUSH] --- rush eval at (18,13) en_core=(18,18) ---
[RUSH] step1: no flow tile in gunner range of core
[RUSH] step2: flow near core at (17,3) d²=226, extending to siege (18,14)
[RUSH] extend: from (17,3) toward core (18,18)
[RUSH] extend: siege target (18,14)
[RUSH] extend: path=[(17, 3), (17, 2), (16, 2), (15, 2), (15, 3), (15, 4), (15, 5), (16, 5), (17, 5), (18, 5), (18, 6), (18, 7), (18, 8), (18, 9), (18, 10), (18, 11), (18, 12), (18, 13), (18, 14)]
[RUSH] extend: path len=19, builder at (18,13)
[RUSH] extend[0]: (17,3)->(17,2) bld=BuildingRoad team=Team.A connected=False
[RUSH] extend[0]: need to walk to (17,3) d²=101
  task=RUSH 0us OK -> (<Direction.NORTH: 'north'>, None)
  task=HEAL_CORE FAIL
[RUSH] --- rush eval at (15,10) en_core=(18,18) ---
[RUSH] step1: no flow tile in gunner range of core
[RUSH] step2: flow near core at (19,13) d²=26, extending to siege (19,15)
[RUSH] extend: from (19,13) toward core (18,18)
[RUSH] extend: siege target (19,15)
[RUSH] extend: path=[(19, 13), (19, 14)]
[RUSH] extend: path len=2, builder at (15,10)
[RUSH] extend[0]: (19,13)->(19,14) bld=BuildingConveyor team=Team.A connected=True
[RUSH] extend[0]: already connected, skip
[RUSH] extend: endpoint (19,14) already has our gunner
  task=RUSH FAIL
  task=SCOUT_ENEMY 0us OK -> (<Direction.WEST: 'west'>, None)
  task=HEAL_CORE FAIL
[RUSH] --- rush eval at (17,10) en_core=(18,18) ---
[RUSH] step1: no flow tile in gunner range of core
[RUSH] step2: flow near core at (17,3) d²=226, extending to siege (17,15)
[RUSH] extend: from (17,3) toward core (18,18)
[RUSH] extend: siege target (17,15)
[RUSH] extend: path=[(17, 3), (17, 2), (16, 2), (15, 2), (15, 3), (15, 4), (15, 5), (16, 5), (16, 6), (16, 7), (16, 8), (16, 9), (16, 10), (17, 10), (17, 11), (17, 12), (18, 12), (18, 13), (18, 14), (17, 14), (17, 15)]
[RUSH] extend: path len=21, builder at (17,10)
[RUSH] extend[0]: (17,3)->(17,2) bld=BuildingRoad team=Team.A connected=False
[RUSH] extend[0]: need to walk to (17,3) d²=49
  task=RUSH 0us OK -> (<Direction.NORTHEAST: 'northeast'>, None)
  task=HEAL_CORE FAIL
[RUSH] --- rush eval at (14,11) en_core=(18,18) ---
[RUSH] step1: no flow tile in gunner range of core
[RUSH] step2: flow near core at (19,13) d²=26, extending to siege (19,15)
[RUSH] extend: from (19,13) toward core (18,18)
[RUSH] extend: siege target (19,15)
[RUSH] extend: path=[(19, 13), (19, 14)]
[RUSH] extend: path len=2, builder at (14,11)
[RUSH] extend[0]: (19,13)->(19,14) bld=BuildingConveyor team=Team.A connected=True
[RUSH] extend[0]: already connected, skip
[RUSH] extend: endpoint (19,14) already has our gunner
  task=RUSH FAIL
  task=SCOUT_ENEMY 0us OK -> (<Direction.SOUTHWEST: 'southwest'>, None)
  task=HEAL_CORE FAIL
[RUSH] --- rush eval at (16,10) en_core=(18,18) ---
[RUSH] step1: flow in range at (19,14) facing SOUTH
[RUSH] gunner: want to place at (19,14) facing SOUTH, ti=13 cost=36
[RUSH] gunner: cannot afford (need 36, have 13)
[RUSH] step1: can't afford gunner, holding turn
  task=RUSH 0us OK -> (<Direction.CENTRE: 'centre'>, None)
[GUN] (14,19) facing=EAST
[GUN] ray: target=Position(x=17, y=19) pri=4
[GUN] ammo=True
[GUN] feed_dir=WEST
[GUN] scan NORTHWEST: pri=3
[GUN] cur_pri=4 best_rot=NORTHWEST rot_pri=3
[GUN] FIRE at (17,19) pri=4
[GUN] (14,18) facing=EAST
[GUN] ray: target=Position(x=17, y=18) pri=4
[GUN] ammo=True
[GUN] feed_dir=SOUTHWEST
[GUN] scan NORTH: pri=1
[GUN] scan NORTHEAST: pri=2
[GUN] scan WEST: pri=3
[GUN] scan NORTHWEST: pri=1
[GUN] cur_pri=4 best_rot=WEST rot_pri=3
[GUN] FIRE at (17,18) pri=4
[GUN] (19,14) facing=SOUTHWEST
[GUN] ray: target=Position(x=17, y=16) pri=5
[GUN] ammo=True
[GUN] FIRE at (17,16) pri=5
  task=HEAL_CORE FAIL
[RUSH] --- rush eval at (10,9) en_core=(18,18) ---
[RUSH] step1: no flow tile in gunner range of core
[RUSH] step2: no flow tile near enemy core
[RUSH] step2.5: checking unconnected harvesters
[RUSH] step2.5: harvester (3,16) d²=229 flow=0.000 has adjacent flow, skip
[RUSH] _find_rush_ore: 10 total ore, 10 seen, sym=Symmetry.ROT candidates={<Symmetry.ROT: 1>}
[RUSH]   ore (3,16) d²=229 bld=BuildingHarvester env=Environment.ORE_TITANIUM
[RUSH]   ore (16,3) d²=229 bld=None env=Environment.ORE_TITANIUM
[RUSH]   ore (16,13) d²=29 bld=BuildingHarvester env=Environment.ORE_TITANIUM
[RUSH]   PICKED: free ore at (16,2) d²=224
[RUSH] step3: free ore at (16,3)
[RUSH] step3: walking toward tap (16,2) for ore (16,3)
  task=RUSH 0us OK -> (<Direction.NORTH: 'north'>, None)
  task=HEAL_CORE FAIL
[RUSH] --- rush eval at (18,12) en_core=(18,18) ---
[RUSH] step1: no flow tile in gunner range of core
[RUSH] step2: flow near core at (17,3) d²=226, extending to siege (18,14)
[RUSH] extend: from (17,3) toward core (18,18)
[RUSH] extend: siege target (18,14)
[RUSH] extend: path=[(17, 3), (17, 2), (16, 2), (15, 2), (15, 3), (15, 4), (15, 5), (16, 5), (17, 5), (18, 5), (18, 6), (18, 7), (18, 8), (18, 9), (18, 10), (18, 11), (18, 12), (18, 13), (18, 14)]
[RUSH] extend: path len=19, builder at (18,12)
[RUSH] extend[0]: (17,3)->(17,2) bld=BuildingRoad team=Team.A connected=False
[RUSH] extend[0]: need to walk to (17,3) d²=82
  task=RUSH 0us OK -> (<Direction.NORTH: 'north'>, None)
  task=HEAL_CORE FAIL
[RUSH] --- rush eval at (14,10) en_core=(18,18) ---
[RUSH] step1: no flow tile in gunner range of core
[RUSH] step2: flow near core at (19,13) d²=26, extending to siege (19,15)
[RUSH] extend: from (19,13) toward core (18,18)
[RUSH] extend: siege target (19,15)
[RUSH] extend: path=[(19, 13), (19, 14)]
[RUSH] extend: path len=2, builder at (14,10)
[RUSH] extend[0]: (19,13)->(19,14) bld=BuildingConveyor team=Team.A connected=True
[RUSH] extend[0]: already connected, skip
[RUSH] extend: endpoint (19,14) already has our gunner
  task=RUSH FAIL
  task=SCOUT_ENEMY 0us OK -> (<Direction.SOUTHWEST: 'southwest'>, None)
  task=HEAL_CORE FAIL
[RUSH] --- rush eval at (18,9) en_core=(18,18) ---
[RUSH] step1: no flow tile in gunner range of core
[RUSH] step2: flow near core at (17,3) d²=226, extending to siege (17,15)
[RUSH] extend: from (17,3) toward core (18,18)
[RUSH] extend: siege target (17,15)
[RUSH] extend: path=[(17, 3), (17, 2), (16, 2), (15, 2), (15, 3), (15, 4), (15, 5), (16, 5), (16, 6), (16, 7), (16, 8), (16, 9), (16, 10), (17, 10), (17, 11), (17, 12), (18, 12), (18, 13), (18, 14), (17, 14), (17, 15)]
[RUSH] extend: path len=21, builder at (18,9)
[RUSH] extend[0]: (17,3)->(17,2) bld=BuildingRoad team=Team.A connected=False
[RUSH] extend[0]: need to walk to (17,3) d²=37
  task=RUSH 0us OK -> (<Direction.NORTH: 'north'>, None)
  task=HEAL_CORE FAIL
[RUSH] --- rush eval at (13,12) en_core=(18,18) ---
[RUSH] step1: no flow tile in gunner range of core
[RUSH] step2: flow near core at (19,13) d²=26, extending to siege (19,15)
[RUSH] extend: from (19,13) toward core (18,18)
[RUSH] extend: siege target (19,15)
[RUSH] extend: path=[(19, 13), (19, 14)]
[RUSH] extend: path len=2, builder at (13,12)
[RUSH] extend[0]: (19,13)->(19,14) bld=BuildingConveyor team=Team.A connected=True
[RUSH] extend[0]: already connected, skip
[RUSH] extend: endpoint (19,14) already has our gunner
  task=RUSH FAIL
  task=SCOUT_ENEMY 0us OK -> (<Direction.SOUTHWEST: 'southwest'>, None)
  task=HEAL_CORE FAIL
[RUSH] --- rush eval at (16,10) en_core=(18,18) ---
[RUSH] step1: flow in range at (19,14) facing SOUTH
[RUSH] gunner: want to place at (19,14) facing SOUTH, ti=13 cost=36
[RUSH] gunner: cannot afford (need 36, have 13)
[RUSH] step1: can't afford gunner, holding turn
  task=RUSH 0us OK -> (<Direction.CENTRE: 'centre'>, None)
[GUN] (14,19) facing=EAST
[GUN] ray: target=Position(x=17, y=19) pri=4
[GUN] ammo=True
[GUN] feed_dir=WEST
[GUN] scan NORTHWEST: pri=3
[GUN] cur_pri=4 best_rot=NORTHWEST rot_pri=3
[GUN] FIRE at (17,19) pri=4
[GUN] (14,18) facing=EAST
[GUN] ray: target=Position(x=17, y=18) pri=4
[GUN] ammo=True
[GUN] feed_dir=SOUTHWEST
[GUN] scan NORTH: pri=1
[GUN] scan NORTHEAST: pri=2
[GUN] scan WEST: pri=3
[GUN] scan NORTHWEST: pri=1
[GUN] cur_pri=4 best_rot=WEST rot_pri=3
[GUN] FIRE at (17,18) pri=4
[GUN] (19,14) facing=SOUTHWEST
[GUN] ray: target=Position(x=17, y=16) pri=5
[GUN] ammo=True
[GUN] FIRE at (17,16) pri=5
  task=HEAL_CORE FAIL
  task=RUSH FAIL
  task=SCOUT_ENEMY 0us OK -> (<Direction.SOUTH: 'south'>, None)
  task=HEAL_CORE FAIL
[RUSH] --- rush eval at (18,11) en_core=(18,18) ---
[RUSH] step1: no flow tile in gunner range of core
[RUSH] step2: flow near core at (17,3) d²=226, extending to siege (18,14)
[RUSH] extend: from (17,3) toward core (18,18)
[RUSH] extend: siege target (18,14)
[RUSH] extend: path=[(17, 3), (17, 2), (16, 2), (15, 2), (15, 3), (15, 4), (15, 5), (16, 5), (17, 5), (18, 5), (18, 6), (18, 7), (18, 8), (18, 9), (18, 10), (18, 11), (18, 12), (18, 13), (18, 14)]
[RUSH] extend: path len=19, builder at (18,11)
[RUSH] extend[0]: (17,3)->(17,2) bld=BuildingRoad team=Team.A connected=False
[RUSH] extend[0]: need to walk to (17,3) d²=65
  task=RUSH 0us OK -> (<Direction.NORTH: 'north'>, None)
  task=HEAL_CORE FAIL
[RUSH] --- rush eval at (13,11) en_core=(18,18) ---
[RUSH] step1: no flow tile in gunner range of core
[RUSH] step2: flow near core at (19,13) d²=26, extending to siege (19,15)
[RUSH] extend: from (19,13) toward core (18,18)
[RUSH] extend: siege target (19,15)
[RUSH] extend: path=[(19, 13), (19, 14)]
[RUSH] extend: path len=2, builder at (13,11)
[RUSH] extend[0]: (19,13)->(19,14) bld=BuildingConveyor team=Team.A connected=True
[RUSH] extend[0]: already connected, skip
[RUSH] extend: endpoint (19,14) already has our gunner
  task=RUSH FAIL
  task=SCOUT_ENEMY 0us OK -> (<Direction.SOUTHWEST: 'southwest'>, None)
  task=HEAL_CORE FAIL
[RUSH] --- rush eval at (18,8) en_core=(18,18) ---
[RUSH] step1: no flow tile in gunner range of core
[RUSH] step2: flow near core at (17,3) d²=226, extending to siege (17,15)
[RUSH] extend: from (17,3) toward core (18,18)
[RUSH] extend: siege target (17,15)
[RUSH] extend: path=[(17, 3), (17, 2), (16, 2), (15, 2), (15, 3), (15, 4), (15, 5), (16, 5), (16, 6), (16, 7), (16, 8), (16, 9), (16, 10), (17, 10), (17, 11), (17, 12), (18, 12), (18, 13), (18, 14), (17, 14), (17, 15)]
[RUSH] extend: path len=21, builder at (18,8)
[RUSH] extend[0]: (17,3)->(17,2) bld=BuildingRoad team=Team.A connected=False
[RUSH] extend[0]: need to walk to (17,3) d²=26
  task=RUSH 0us OK -> (<Direction.NORTH: 'north'>, None)
  task=HEAL_CORE FAIL
[RUSH] --- rush eval at (12,13) en_core=(18,18) ---
[RUSH] step1: no flow tile in gunner range of core
[RUSH] step2: flow near core at (19,13) d²=26, extending to siege (19,15)
[RUSH] extend: from (19,13) toward core (18,18)
[RUSH] extend: siege target (19,15)
[RUSH] extend: path=[(19, 13), (19, 14)]
[RUSH] extend: path len=2, builder at (12,13)
[RUSH] extend[0]: (19,13)->(19,14) bld=BuildingConveyor team=Team.A connected=True
[RUSH] extend[0]: already connected, skip
[RUSH] extend: endpoint (19,14) already has our gunner
  task=RUSH FAIL
  task=SCOUT_ENEMY 0us OK -> (<Direction.SOUTH: 'south'>, None)
  task=HEAL_CORE FAIL
[RUSH] --- rush eval at (16,10) en_core=(18,18) ---
[RUSH] step1: flow in range at (19,14) facing SOUTH
[RUSH] gunner: want to place at (19,14) facing SOUTH, ti=13 cost=36
[RUSH] gunner: cannot afford (need 36, have 13)
[RUSH] step1: can't afford gunner, holding turn
  task=RUSH 0us OK -> (<Direction.CENTRE: 'centre'>, None)
[GUN] (14,19) facing=EAST
[GUN] ray: target=Position(x=17, y=19) pri=4
[GUN] ammo=True
[GUN] feed_dir=WEST
[GUN] scan NORTHWEST: pri=3
[GUN] cur_pri=4 best_rot=NORTHWEST rot_pri=3
[GUN] FIRE at (17,19) pri=4
[GUN] (14,18) facing=EAST
[GUN] ray: target=Position(x=17, y=18) pri=4
[GUN] ammo=True
[GUN] feed_dir=SOUTHWEST
[GUN] scan NORTH: pri=1
[GUN] scan NORTHEAST: pri=2
[GUN] scan WEST: pri=3
[GUN] scan NORTHWEST: pri=1
[GUN] cur_pri=4 best_rot=WEST rot_pri=3
[GUN] FIRE at (17,18) pri=4
[GUN] (19,14) facing=SOUTHWEST
[GUN] ray: target=Position(x=17, y=16) pri=5
[GUN] ammo=True
[GUN] FIRE at (17,16) pri=5
  task=HEAL_CORE FAIL
[RUSH] --- rush eval at (10,9) en_core=(18,18) ---
[RUSH] step1: no flow tile in gunner range of core
[RUSH] step2: no flow tile near enemy core
[RUSH] step2.5: checking unconnected harvesters
[RUSH] step2.5: harvester (3,16) d²=229 flow=0.000 has adjacent flow, skip
[RUSH] _find_rush_ore: 10 total ore, 10 seen, sym=Symmetry.ROT candidates={<Symmetry.ROT: 1>}
[RUSH]   ore (3,16) d²=229 bld=BuildingHarvester env=Environment.ORE_TITANIUM
[RUSH]   ore (16,3) d²=229 bld=None env=Environment.ORE_TITANIUM
[RUSH]   ore (16,13) d²=29 bld=BuildingHarvester env=Environment.ORE_TITANIUM
[RUSH]   PICKED: free ore at (16,2) d²=224
[RUSH] step3: free ore at (16,3)
[RUSH] step3: walking toward tap (16,2) for ore (16,3)
  task=RUSH 0us OK -> (<Direction.NORTH: 'north'>, None)
  task=HEAL_CORE FAIL
[RUSH] --- rush eval at (18,10) en_core=(18,18) ---
[RUSH] step1: no flow tile in gunner range of core
[RUSH] step2: flow near core at (17,3) d²=226, extending to siege (18,14)
[RUSH] extend: from (17,3) toward core (18,18)
[RUSH] extend: siege target (18,14)
[RUSH] extend: path=[(17, 3), (17, 2), (16, 2), (15, 2), (15, 3), (15, 4), (15, 5), (16, 5), (17, 5), (18, 5), (18, 6), (18, 7), (18, 8), (18, 9), (18, 10), (18, 11), (18, 12), (18, 13), (18, 14)]
[RUSH] extend: path len=19, builder at (18,10)
[RUSH] extend[0]: (17,3)->(17,2) bld=BuildingRoad team=Team.A connected=False
[RUSH] extend[0]: need to walk to (17,3) d²=50
  task=RUSH 0us OK -> (<Direction.NORTH: 'north'>, None)
  task=HEAL_CORE FAIL
[RUSH] --- rush eval at (12,12) en_core=(18,18) ---
[RUSH] step1: no flow tile in gunner range of core
[RUSH] step2: flow near core at (19,13) d²=26, extending to siege (19,15)
[RUSH] extend: from (19,13) toward core (18,18)
[RUSH] extend: siege target (19,15)
[RUSH] extend: path=[(19, 13), (19, 14)]
[RUSH] extend: path len=2, builder at (12,12)
[RUSH] extend[0]: (19,13)->(19,14) bld=BuildingConveyor team=Team.A connected=True
[RUSH] extend[0]: already connected, skip
[RUSH] extend: endpoint (19,14) already has our gunner
  task=RUSH FAIL
  task=SCOUT_ENEMY 0us OK -> (<Direction.SOUTH: 'south'>, None)
  task=HEAL_CORE FAIL
[RUSH] --- rush eval at (18,7) en_core=(18,18) ---
[RUSH] step1: no flow tile in gunner range of core
[RUSH] step2: flow near core at (17,3) d²=226, extending to siege (17,15)
[RUSH] extend: from (17,3) toward core (18,18)
[RUSH] extend: siege target (17,15)
[RUSH] extend: path=[(17, 3), (17, 2), (16, 2), (15, 2), (15, 3), (15, 4), (15, 5), (16, 5), (16, 6), (16, 7), (16, 8), (16, 9), (16, 10), (17, 10), (17, 11), (17, 12), (18, 12), (18, 13), (18, 14), (17, 14), (17, 15)]
[RUSH] extend: path len=21, builder at (18,7)
[RUSH] extend[0]: (17,3)->(17,2) bld=BuildingRoad team=Team.A connected=False
[RUSH] extend[0]: need to walk to (17,3) d²=17
  task=RUSH 0us OK -> (<Direction.NORTH: 'north'>, None)
  task=HEAL_CORE FAIL
[RUSH] --- rush eval at (12,14) en_core=(18,18) ---
[RUSH] step1: no flow tile in gunner range of core
[RUSH] step2: flow near core at (19,13) d²=26, extending to siege (19,15)
[RUSH] extend: from (19,13) toward core (18,18)
[RUSH] extend: siege target (19,15)
[RUSH] extend: path=[(19, 13), (19, 14)]
[RUSH] extend: path len=2, builder at (12,14)
[RUSH] extend[0]: (19,13)->(19,14) bld=BuildingConveyor team=Team.A connected=True
[RUSH] extend[0]: already connected, skip
[RUSH] extend: endpoint (19,14) already has our gunner
  task=RUSH FAIL
  task=SCOUT_ENEMY 0us OK -> (<Direction.SOUTHEAST: 'southeast'>, None)
  task=HEAL_CORE FAIL
[RUSH] --- rush eval at (16,10) en_core=(18,18) ---
[RUSH] step1: flow in range at (19,14) facing SOUTH
[RUSH] gunner: want to place at (19,14) facing SOUTH, ti=13 cost=36
[RUSH] gunner: cannot afford (need 36, have 13)
[RUSH] step1: can't afford gunner, holding turn
  task=RUSH 0us OK -> (<Direction.CENTRE: 'centre'>, None)
[GUN] (14,19) facing=EAST
[GUN] ray: target=None pri=0
[GUN] ammo=False
[GUN] no target, no ammo
[GUN] (14,18) facing=EAST
[GUN] ray: target=Position(x=17, y=18) pri=4
[GUN] ammo=True
[GUN] feed_dir=SOUTHWEST
[GUN] scan NORTH: pri=1
[GUN] scan NORTHEAST: pri=2
[GUN] scan WEST: pri=3
[GUN] scan NORTHWEST: pri=1
[GUN] cur_pri=4 best_rot=WEST rot_pri=3
[GUN] FIRE at (17,18) pri=4
[GUN] (19,14) facing=SOUTHWEST
[GUN] ray: target=None pri=0
[GUN] ammo=True
[GUN] feed_dir=NORTH
[GUN] scan SOUTH: pri=4
[GUN] scan WEST: pri=2
[GUN] no target, has ammo, best_rot=SOUTH rot_pri=4
[GUN] ROTATING to SOUTH (has ammo)
  task=HEAL_CORE FAIL
  task=RUSH FAIL
  task=SCOUT_ENEMY 0us OK -> (<Direction.SOUTH: 'south'>, None)
  task=HEAL_CORE FAIL
[RUSH] --- rush eval at (18,9) en_core=(18,18) ---
[RUSH] step1: no flow tile in gunner range of core
  task=RUSH 0us OK -> (<Direction.SOUTHEAST: 'southeast'>, None)
  task=HEAL_CORE FAIL
[RUSH] --- rush eval at (12,13) en_core=(18,18) ---
[RUSH] step1: no flow tile in gunner range of core
  task=RUSH 0us OK -> (<Direction.NORTHEAST: 'northeast'>, None)
  task=HEAL_CORE FAIL
[RUSH] --- rush eval at (18,6) en_core=(18,18) ---
[RUSH] step1: no flow tile in gunner range of core
  task=RUSH 0us OK -> (<Direction.SOUTHEAST: 'southeast'>, None)
  task=HEAL_CORE FAIL
[RUSH] --- rush eval at (13,15) en_core=(18,18) ---
[RUSH] step1: no flow tile in gunner range of core
  task=RUSH 0us OK -> (<Direction.SOUTHEAST: 'southeast'>, None)
  task=HEAL_CORE FAIL
[RUSH] --- rush eval at (16,10) en_core=(18,18) ---
[RUSH] step1: flow in range at (19,14) facing SOUTH
[RUSH] gunner: want to place at (19,14) facing SOUTH, ti=23 cost=36
[RUSH] gunner: cannot afford (need 36, have 23)
[RUSH] step1: can't afford gunner, holding turn
  task=RUSH 0us OK -> (<Direction.CENTRE: 'centre'>, None)
[GUN] (14,19) facing=EAST
[GUN] ray: target=None pri=0
[GUN] ammo=False
[GUN] no target, no ammo
[GUN] (14,18) facing=EAST
[GUN] ray: target=None pri=0
[GUN] ammo=False
[GUN] no target, no ammo
[GUN] (19,14) facing=SOUTH
[GUN] ray: target=Position(x=19, y=17) pri=4
[GUN] ammo=True
[GUN] feed_dir=NORTH
[GUN] scan WEST: pri=2
[GUN] cur_pri=4 best_rot=WEST rot_pri=2
[GUN] FIRE at (19,17) pri=4
  task=HEAL_CORE FAIL
[RUSH] --- rush eval at (10,9) en_core=(18,18) ---
[RUSH] step1: no flow tile in gunner range of core
[RUSH] step2: no flow tile near enemy core
[RUSH] step2.5: checking unconnected harvesters
[RUSH] step2.5: harvester (3,16) d²=229 flow=0.000 has adjacent flow, skip
[RUSH] _find_rush_ore: 10 total ore, 10 seen, sym=Symmetry.ROT candidates={<Symmetry.ROT: 1>}
[RUSH]   ore (3,16) d²=229 bld=BuildingHarvester env=Environment.ORE_TITANIUM
[RUSH]   ore (16,3) d²=229 bld=None env=Environment.ORE_TITANIUM
[RUSH]   ore (16,13) d²=29 bld=BuildingHarvester env=Environment.ORE_TITANIUM
[RUSH]   PICKED: free ore at (16,2) d²=224
[RUSH] step3: free ore at (16,3)
[RUSH] step3: walking toward tap (16,2) for ore (16,3)
  task=RUSH 0us OK -> (<Direction.NORTH: 'north'>, None)
  task=HEAL_CORE FAIL
[RUSH] --- rush eval at (19,10) en_core=(18,18) ---
[RUSH] step1: no flow tile in gunner range of core
  task=RUSH 0us OK -> (<Direction.SOUTH: 'south'>, None)
  task=HEAL_CORE FAIL
[RUSH] --- rush eval at (13,12) en_core=(18,18) ---
[RUSH] step1: no flow tile in gunner range of core
  task=RUSH 0us OK -> (<Direction.NORTHEAST: 'northeast'>, None)
  task=HEAL_CORE FAIL
[RUSH] --- rush eval at (19,7) en_core=(18,18) ---
[RUSH] step1: no flow tile in gunner range of core
  task=RUSH 0us OK -> (<Direction.SOUTH: 'south'>, None)
  task=HEAL_CORE FAIL
[RUSH] --- rush eval at (14,16) en_core=(18,18) ---
[RUSH] step1: no flow tile in gunner range of core
  task=RUSH 0us OK -> (<Direction.SOUTHEAST: 'southeast'>, None)
  task=HEAL_CORE FAIL
[RUSH] --- rush eval at (16,10) en_core=(18,18) ---
[RUSH] step1: flow in range at (19,14) facing SOUTH
[RUSH] gunner: want to place at (19,14) facing SOUTH, ti=23 cost=36
[RUSH] gunner: cannot afford (need 36, have 23)
[RUSH] step1: can't afford gunner, holding turn
  task=RUSH 0us OK -> (<Direction.CENTRE: 'centre'>, None)
[GUN] (14,19) facing=EAST
[GUN] ray: target=None pri=0
[GUN] ammo=False
[GUN] no target, no ammo
[GUN] (14,18) facing=EAST
[GUN] ray: target=None pri=0
[GUN] ammo=False
[GUN] no target, no ammo
[GUN] (19,14) facing=SOUTH
[GUN] ray: target=Position(x=19, y=17) pri=4
[GUN] ammo=True
[GUN] feed_dir=NORTH
[GUN] scan WEST: pri=2
[GUN] cur_pri=4 best_rot=WEST rot_pri=2
[GUN] FIRE at (19,17) pri=4
  task=HEAL_CORE FAIL
  task=RUSH FAIL
  task=SCOUT_ENEMY 0us OK -> (<Direction.SOUTH: 'south'>, None)
  task=HEAL_CORE FAIL
[RUSH] --- rush eval at (19,11) en_core=(18,18) ---
[RUSH] step1: no flow tile in gunner range of core
  task=RUSH 0us OK -> (<Direction.SOUTH: 'south'>, None)
  task=HEAL_CORE FAIL
[RUSH] --- rush eval at (14,11) en_core=(18,18) ---
[RUSH] step1: no flow tile in gunner range of core
  task=RUSH 0us OK -> (<Direction.NORTHEAST: 'northeast'>, None)
  task=HEAL_CORE FAIL
[RUSH] --- rush eval at (19,8) en_core=(18,18) ---
[RUSH] step1: no flow tile in gunner range of core
  task=RUSH 0us OK -> (<Direction.SOUTH: 'south'>, None)
  task=HEAL_CORE FAIL
[RUSH] --- rush eval at (15,17) en_core=(18,18) ---
[RUSH] step1: no flow tile in gunner range of core
  task=RUSH 0us OK -> (<Direction.NORTHEAST: 'northeast'>, None)
  task=HEAL_CORE FAIL
[RUSH] --- rush eval at (16,10) en_core=(18,18) ---
[RUSH] step1: flow in range at (19,14) facing SOUTH
[RUSH] gunner: want to place at (19,14) facing SOUTH, ti=33 cost=36
[RUSH] gunner: cannot afford (need 36, have 33)
[RUSH] step1: can't afford gunner, holding turn
  task=RUSH 0us OK -> (<Direction.CENTRE: 'centre'>, None)
[GUN] (14,19) facing=EAST
[GUN] ray: target=Position(x=17, y=19) pri=4
[GUN] ammo=True
[GUN] feed_dir=WEST
[GUN] scan NORTHWEST: pri=3
[GUN] cur_pri=4 best_rot=NORTHWEST rot_pri=3
[GUN] FIRE at (17,19) pri=4
[GUN] (14,18) facing=EAST
[GUN] ray: target=None pri=0
[GUN] ammo=False
[GUN] no target, no ammo
[GUN] (19,14) facing=SOUTH
[GUN] ray: target=Position(x=19, y=17) pri=4
[GUN] ammo=True
[GUN] feed_dir=NORTH
[GUN] scan WEST: pri=2
[GUN] cur_pri=4 best_rot=WEST rot_pri=2
[GUN] FIRE at (19,17) pri=4
  task=HEAL_CORE FAIL
[RUSH] --- rush eval at (10,9) en_core=(18,18) ---
[RUSH] step1: no flow tile in gunner range of core
[RUSH] step2: no flow tile near enemy core
[RUSH] step2.5: checking unconnected harvesters
[RUSH] step2.5: harvester (3,16) d²=229 flow=0.000 has adjacent flow, skip
[RUSH] _find_rush_ore: 10 total ore, 10 seen, sym=Symmetry.ROT candidates={<Symmetry.ROT: 1>}
[RUSH]   ore (3,16) d²=229 bld=BuildingHarvester env=Environment.ORE_TITANIUM
[RUSH]   ore (16,3) d²=229 bld=None env=Environment.ORE_TITANIUM
[RUSH]   ore (16,13) d²=29 bld=BuildingHarvester env=Environment.ORE_TITANIUM
[RUSH]   PICKED: free ore at (16,2) d²=224
[RUSH] step3: free ore at (16,3)
[RUSH] step3: walking toward tap (16,2) for ore (16,3)
  task=RUSH 0us OK -> (<Direction.NORTH: 'north'>, None)
  task=HEAL_CORE FAIL
[RUSH] --- rush eval at (19,12) en_core=(18,18) ---
[RUSH] step1: no flow tile in gunner range of core
[RUSH] step1.5: upgrading conveyor at (19,13) to splitter facing SOUTH
  task=RUSH 0us OK -> (<Direction.CENTRE: 'centre'>, PlaceSplitter(pos=Position(x=19, y=13), direction=<Direction.SOUTH: 'south'>))
  task=HEAL_CORE FAIL
[RUSH] --- rush eval at (15,10) en_core=(18,18) ---
[RUSH] step1: no flow tile in gunner range of core
[RUSH] step2: flow near core at (19,13) d²=26, extending to siege (19,15)
[RUSH] extend: from (19,13) toward core (18,18)
[RUSH] extend: siege target (19,15)
[RUSH] extend: path=[(19, 13), (19, 14)]
[RUSH] extend: path len=2, builder at (15,10)
[RUSH] extend[0]: (19,13)->(19,14) bld=BuildingConveyor team=Team.A connected=True
[RUSH] extend[0]: already connected, skip
[RUSH] extend: endpoint (19,14) already has our gunner
  task=RUSH FAIL
  task=SCOUT_ENEMY 0us OK -> (<Direction.SOUTHWEST: 'southwest'>, None)
  task=HEAL_CORE FAIL
[RUSH] --- rush eval at (19,9) en_core=(18,18) ---
[RUSH] step1: no flow tile in gunner range of core
[RUSH] step2: flow near core at (18,13) d²=25, extending to siege (18,15)
[RUSH] extend: from (18,13) toward core (18,18)
[RUSH] extend: siege target (18,15)
[RUSH] extend: path=[(18, 13), (18, 14), (18, 15)]
[RUSH] extend: path len=3, builder at (19,9)
[RUSH] extend[0]: (18,13)->(18,14) bld=BuildingRoad team=Team.A connected=False
[RUSH] extend[0]: enemy BuildingRoad at (18,15) 2 ahead, building conveyor at (18,13) first
[RUSH] extend[0]: need to walk to (18,13) d²=17
  task=RUSH 0us OK -> (<Direction.SOUTH: 'south'>, None)
  task=HEAL_CORE FAIL
[RUSH] --- rush eval at (16,16) en_core=(18,18) ---
[RUSH] step1: no flow tile in gunner range of core
[RUSH] step2: flow near core at (18,13) d²=25, extending to siege (18,14)
[RUSH] extend: from (18,13) toward core (18,18)
[RUSH] extend: siege target (18,14)
[RUSH] extend: path=[(18, 13), (18, 14)]
[RUSH] extend: path len=2, builder at (16,16)
[RUSH] extend[0]: (18,13)->(18,14) bld=BuildingRoad team=Team.A connected=False
[RUSH] extend[0]: need to walk to (18,13) d²=13
  task=RUSH 0us OK -> (<Direction.NORTHEAST: 'northeast'>, PlaceRoad(pos=Position(x=17, y=15)))
  task=HEAL_CORE FAIL
[RUSH] --- rush eval at (16,10) en_core=(18,18) ---
[RUSH] step1: flow in range at (19,14) facing SOUTH
[RUSH] gunner: want to place at (19,14) facing SOUTH, ti=9 cost=36
[RUSH] gunner: cannot afford (need 36, have 9)
[RUSH] step1: can't afford gunner, holding turn
  task=RUSH 0us OK -> (<Direction.CENTRE: 'centre'>, None)
[GUN] (14,19) facing=EAST
[GUN] ray: target=Position(x=17, y=19) pri=4
[GUN] ammo=True
[GUN] feed_dir=WEST
[GUN] scan NORTHWEST: pri=3
[GUN] cur_pri=4 best_rot=NORTHWEST rot_pri=3
[GUN] FIRE at (17,19) pri=4
[GUN] (14,18) facing=EAST
[GUN] ray: target=Position(x=17, y=18) pri=4
[GUN] ammo=True
[GUN] feed_dir=SOUTHWEST
[GUN] scan NORTH: pri=1
[GUN] scan NORTHEAST: pri=2
[GUN] scan WEST: pri=3
[GUN] scan NORTHWEST: pri=1
[GUN] cur_pri=4 best_rot=WEST rot_pri=3
[GUN] FIRE at (17,18) pri=4
[GUN] (19,14) facing=SOUTH
[GUN] ray: target=Position(x=19, y=17) pri=4
[GUN] ammo=True
[GUN] feed_dir=NORTH
[GUN] scan WEST: pri=2
[GUN] cur_pri=4 best_rot=WEST rot_pri=2
[GUN] FIRE at (19,17) pri=4
  task=HEAL_CORE FAIL
  task=RUSH FAIL
  task=SCOUT_ENEMY 0us OK -> (<Direction.SOUTH: 'south'>, None)
  task=HEAL_CORE FAIL
[RUSH] --- rush eval at (19,12) en_core=(18,18) ---
[RUSH] step1: no flow tile in gunner range of core
[RUSH] step2: flow near core at (18,13) d²=25, extending to siege (18,14)
[RUSH] extend: from (18,13) toward core (18,18)
[RUSH] extend: siege target (18,14)
[RUSH] extend: path=[(18, 13), (18, 14)]
[RUSH] extend: path len=2, builder at (19,12)
[RUSH] extend[0]: (18,13)->(18,14) bld=BuildingRoad team=Team.A connected=False
[RUSH] extend[0]: destroying allied BuildingRoad at (18,13) to rebuild
[RUSH] extend[0]: building (18,13)->(18,14) action=PlaceConveyor(pos=Position(x=18, y=13), direction=<Direction.SOUTH: 'south'>) d²=2
  task=RUSH 0us OK -> (<Direction.CENTRE: 'centre'>, PlaceConveyor(pos=Position(x=18, y=13), direction=<Direction.SOUTH: 'south'>))
  task=HEAL_CORE FAIL
[RUSH] --- rush eval at (14,11) en_core=(18,18) ---
[RUSH] step1: no flow tile in gunner range of core
[RUSH] step2: flow near core at (19,13) d²=26, extending to siege (19,15)
[RUSH] extend: from (19,13) toward core (18,18)
[RUSH] extend: siege target (19,15)
[RUSH] extend: path=[(19, 13), (19, 14)]
[RUSH] extend: path len=2, builder at (14,11)
[RUSH] extend[0]: (19,13)->(19,14) bld=BuildingConveyor team=Team.A connected=True
[RUSH] extend[0]: already connected, skip
[RUSH] extend: endpoint (19,14) already has our gunner
  task=RUSH FAIL
  task=SCOUT_ENEMY 0us OK -> (<Direction.SOUTHWEST: 'southwest'>, None)
  task=HEAL_CORE FAIL
[RUSH] --- rush eval at (19,10) en_core=(18,18) ---
[RUSH] step1: no flow tile in gunner range of core
[RUSH] step2: flow near core at (18,14) d²=16, extending to siege (18,15)
[RUSH] extend: from (18,14) toward core (18,18)
[RUSH] extend: siege target (18,15)
[RUSH] extend: path=[(18, 14), (18, 15)]
[RUSH] extend: path len=2, builder at (19,10)
[RUSH] extend[0]: (18,14)->(18,15) bld=BuildingRoad team=Team.A connected=False
[RUSH] extend[0]: enemy BuildingRoad ahead at (18,15), placing gunner at (18,14) facing SOUTH
[RUSH] gunner: want to place at (18,14) facing SOUTH, ti=8 cost=36
[RUSH] gunner: cannot afford (need 36, have 8)
[RUSH] extend[0]: can't afford gunner, holding turn
  task=RUSH 0us OK -> (<Direction.CENTRE: 'centre'>, None)
  task=HEAL_CORE FAIL
[RUSH] --- rush eval at (17,15) en_core=(18,18) ---
[RUSH] step1: flow in range at (18,14) facing SOUTH
[RUSH] gunner: want to place at (18,14) facing SOUTH, ti=8 cost=36
[RUSH] gunner: cannot afford (need 36, have 8)
[RUSH] step1: can't afford gunner, holding turn
  task=RUSH 0us OK -> (<Direction.CENTRE: 'centre'>, None)
  task=HEAL_CORE FAIL
[RUSH] --- rush eval at (16,10) en_core=(18,18) ---
[RUSH] step1: flow in range at (19,14) facing SOUTH
[RUSH] gunner: want to place at (19,14) facing SOUTH, ti=8 cost=36
[RUSH] gunner: cannot afford (need 36, have 8)
[RUSH] step1: can't afford gunner, holding turn
  task=RUSH 0us OK -> (<Direction.CENTRE: 'centre'>, None)
[GUN] (14,19) facing=EAST
[GUN] ray: target=Position(x=17, y=19) pri=4
[GUN] ammo=True
[GUN] feed_dir=WEST
[GUN] scan NORTHWEST: pri=3
[GUN] cur_pri=4 best_rot=NORTHWEST rot_pri=3
[GUN] FIRE at (17,19) pri=4
[GUN] (14,18) facing=EAST
[GUN] ray: target=Position(x=17, y=18) pri=4
[GUN] ammo=True
[GUN] feed_dir=SOUTHWEST
[GUN] scan NORTH: pri=1
[GUN] scan NORTHEAST: pri=2
[GUN] scan WEST: pri=3
[GUN] scan NORTHWEST: pri=1
[GUN] cur_pri=4 best_rot=WEST rot_pri=3
[GUN] FIRE at (17,18) pri=4
[GUN] (19,14) facing=SOUTH
[GUN] ray: target=Position(x=19, y=17) pri=4
[GUN] ammo=True
[GUN] feed_dir=NORTH
[GUN] scan SOUTHWEST: pri=5
[GUN] scan WEST: pri=2
[GUN] cur_pri=4 best_rot=SOUTHWEST rot_pri=5
[GUN] want to rotate but ti=8 or can't
[GUN] FIRE at (19,17) pri=4
  task=HEAL_CORE FAIL
[RUSH] --- rush eval at (10,9) en_core=(18,18) ---
[RUSH] step1: no flow tile in gunner range of core
[RUSH] step2: no flow tile near enemy core
[RUSH] step2.5: checking unconnected harvesters
[RUSH] step2.5: harvester (3,16) d²=229 flow=0.000 has adjacent flow, skip
[RUSH] _find_rush_ore: 10 total ore, 10 seen, sym=Symmetry.ROT candidates={<Symmetry.ROT: 1>}
[RUSH]   ore (3,16) d²=229 bld=BuildingHarvester env=Environment.ORE_TITANIUM
[RUSH]   ore (16,3) d²=229 bld=None env=Environment.ORE_TITANIUM
[RUSH]   ore (16,13) d²=29 bld=BuildingHarvester env=Environment.ORE_TITANIUM
[RUSH]   PICKED: free ore at (16,2) d²=224
[RUSH] step3: free ore at (16,3)
[RUSH] step3: walking toward tap (16,2) for ore (16,3)
  task=RUSH 0us OK -> (<Direction.NORTH: 'north'>, None)
  task=HEAL_CORE FAIL
[RUSH] --- rush eval at (19,12) en_core=(18,18) ---
[RUSH] step1: flow in range at (18,14) facing SOUTH
[RUSH] gunner: want to place at (18,14) facing SOUTH, ti=8 cost=36
[RUSH] gunner: cannot afford (need 36, have 8)
[RUSH] step1: can't afford gunner, holding turn
  task=RUSH 0us OK -> (<Direction.CENTRE: 'centre'>, None)
  task=HEAL_CORE FAIL
[RUSH] --- rush eval at (13,12) en_core=(18,18) ---
[RUSH] step1: no flow tile in gunner range of core
[RUSH] step2: flow near core at (19,13) d²=26, extending to siege (19,15)
[RUSH] extend: from (19,13) toward core (18,18)
[RUSH] extend: siege target (19,15)
[RUSH] extend: path=[(19, 13), (19, 14)]
[RUSH] extend: path len=2, builder at (13,12)
[RUSH] extend[0]: (19,13)->(19,14) bld=BuildingConveyor team=Team.A connected=True
[RUSH] extend[0]: already connected, skip
[RUSH] extend: endpoint (19,14) already has our gunner
  task=RUSH FAIL
  task=SCOUT_ENEMY 0us OK -> (<Direction.SOUTHWEST: 'southwest'>, None)
  task=HEAL_CORE FAIL
[RUSH] --- rush eval at (19,10) en_core=(18,18) ---
[RUSH] step1: no flow tile in gunner range of core
[RUSH] step2: flow near core at (18,14) d²=16, extending to siege (18,15)
[RUSH] extend: from (18,14) toward core (18,18)
[RUSH] extend: siege target (18,15)
[RUSH] extend: path=[(18, 14), (18, 15)]
[RUSH] extend: path len=2, builder at (19,10)
[RUSH] extend[0]: (18,14)->(18,15) bld=BuildingRoad team=Team.A connected=False
[RUSH] extend[0]: enemy BuildingRoad ahead at (18,15), placing gunner at (18,14) facing SOUTH
[RUSH] gunner: want to place at (18,14) facing SOUTH, ti=8 cost=36
[RUSH] gunner: cannot afford (need 36, have 8)
[RUSH] extend[0]: can't afford gunner, holding turn
  task=RUSH 0us OK -> (<Direction.CENTRE: 'centre'>, None)
  task=HEAL_CORE FAIL
[RUSH] --- rush eval at (17,15) en_core=(18,18) ---
[RUSH] step1: flow in range at (18,14) facing SOUTH
[RUSH] gunner: want to place at (18,14) facing SOUTH, ti=8 cost=36
[RUSH] gunner: cannot afford (need 36, have 8)
[RUSH] step1: can't afford gunner, holding turn
  task=RUSH 0us OK -> (<Direction.CENTRE: 'centre'>, None)
  task=HEAL_CORE FAIL
[RUSH] --- rush eval at (16,10) en_core=(18,18) ---
[RUSH] step1: flow in range at (19,14) facing SOUTH
[RUSH] gunner: want to place at (19,14) facing SOUTH, ti=8 cost=36
[RUSH] gunner: cannot afford (need 36, have 8)
[RUSH] step1: can't afford gunner, holding turn
  task=RUSH 0us OK -> (<Direction.CENTRE: 'centre'>, None)
[GUN] (14,19) facing=EAST
[GUN] ray: target=Position(x=17, y=19) pri=4
[GUN] ammo=True
[GUN] feed_dir=WEST
[GUN] scan NORTHWEST: pri=3
[GUN] cur_pri=4 best_rot=NORTHWEST rot_pri=3
[GUN] FIRE at (17,19) pri=4
[GUN] (14,18) facing=EAST
[GUN] ray: target=Position(x=17, y=18) pri=4
[GUN] ammo=True
[GUN] feed_dir=SOUTHWEST
[GUN] scan NORTH: pri=1
[GUN] scan NORTHEAST: pri=2
[GUN] scan WEST: pri=3
[GUN] scan NORTHWEST: pri=1
[GUN] cur_pri=4 best_rot=WEST rot_pri=3
[GUN] FIRE at (17,18) pri=4
[GUN] (19,14) facing=SOUTH
[GUN] ray: target=Position(x=19, y=17) pri=4
[GUN] ammo=True
[GUN] feed_dir=NORTH
[GUN] scan SOUTHWEST: pri=5
[GUN] scan WEST: pri=2
[GUN] cur_pri=4 best_rot=SOUTHWEST rot_pri=5
[GUN] want to rotate but ti=8 or can't
[GUN] FIRE at (19,17) pri=4
  task=HEAL_CORE FAIL
  task=RUSH FAIL
  task=SCOUT_ENEMY 0us OK -> (<Direction.SOUTH: 'south'>, None)
  task=HEAL_CORE FAIL
[RUSH] --- rush eval at (19,12) en_core=(18,18) ---
[RUSH] step1: flow in range at (18,14) facing SOUTH
[RUSH] gunner: want to place at (18,14) facing SOUTH, ti=8 cost=36
[RUSH] gunner: cannot afford (need 36, have 8)
[RUSH] step1: can't afford gunner, holding turn
  task=RUSH 0us OK -> (<Direction.CENTRE: 'centre'>, None)
  task=HEAL_CORE FAIL
[RUSH] --- rush eval at (12,13) en_core=(18,18) ---
[RUSH] step1: no flow tile in gunner range of core
[RUSH] step2: flow near core at (19,13) d²=26, extending to siege (19,15)
[RUSH] extend: from (19,13) toward core (18,18)
[RUSH] extend: siege target (19,15)
[RUSH] extend: path=[(19, 13), (19, 14)]
[RUSH] extend: path len=2, builder at (12,13)
[RUSH] extend[0]: (19,13)->(19,14) bld=BuildingConveyor team=Team.A connected=True
[RUSH] extend[0]: already connected, skip
[RUSH] extend: endpoint (19,14) already has our gunner
  task=RUSH FAIL
  task=SCOUT_ENEMY 0us OK -> (<Direction.SOUTH: 'south'>, None)
  task=HEAL_CORE FAIL
[RUSH] --- rush eval at (19,10) en_core=(18,18) ---
[RUSH] step1: no flow tile in gunner range of core
[RUSH] step2: flow near core at (18,14) d²=16, extending to siege (18,15)
[RUSH] extend: from (18,14) toward core (18,18)
[RUSH] extend: siege target (18,15)
[RUSH] extend: path=[(18, 14), (18, 15)]
[RUSH] extend: path len=2, builder at (19,10)
[RUSH] extend[0]: (18,14)->(18,15) bld=BuildingRoad team=Team.A connected=False
[RUSH] extend[0]: enemy BuildingRoad ahead at (18,15), placing gunner at (18,14) facing SOUTH
[RUSH] gunner: want to place at (18,14) facing SOUTH, ti=8 cost=36
[RUSH] gunner: cannot afford (need 36, have 8)
[RUSH] extend[0]: can't afford gunner, holding turn
  task=RUSH 0us OK -> (<Direction.CENTRE: 'centre'>, None)
  task=HEAL_CORE FAIL
[RUSH] --- rush eval at (16,11) en_core=(18,18) ---
[RUSH] step1: flow in range at (18,14) facing SOUTH
[RUSH] gunner: want to place at (18,14) facing SOUTH, ti=8 cost=36
[RUSH] gunner: cannot afford (need 36, have 8)
[RUSH] step1: can't afford gunner, holding turn
  task=RUSH 0us OK -> (<Direction.CENTRE: 'centre'>, None)
  task=HEAL_CORE FAIL
[RUSH] --- rush eval at (16,10) en_core=(18,18) ---
[RUSH] step1: flow in range at (19,14) facing SOUTH
[RUSH] gunner: want to place at (19,14) facing SOUTH, ti=8 cost=36
[RUSH] gunner: cannot afford (need 36, have 8)
[RUSH] step1: can't afford gunner, holding turn
  task=RUSH 0us OK -> (<Direction.CENTRE: 'centre'>, None)
[GUN] (14,19) facing=EAST
[GUN] ray: target=Position(x=17, y=19) pri=4
[GUN] ammo=True
[GUN] feed_dir=WEST
[GUN] scan NORTHWEST: pri=3
[GUN] cur_pri=4 best_rot=NORTHWEST rot_pri=3
[GUN] FIRE at (17,19) pri=4
[GUN] (14,18) facing=EAST
[GUN] ray: target=Position(x=17, y=18) pri=4
[GUN] ammo=True
[GUN] feed_dir=SOUTHWEST
[GUN] scan NORTH: pri=1
[GUN] scan NORTHEAST: pri=2
[GUN] scan WEST: pri=3
[GUN] scan NORTHWEST: pri=1
[GUN] cur_pri=4 best_rot=WEST rot_pri=3
[GUN] FIRE at (17,18) pri=4
[GUN] (19,14) facing=SOUTH
[GUN] ray: target=Position(x=19, y=17) pri=4
[GUN] ammo=True
[GUN] feed_dir=NORTH
[GUN] scan SOUTHWEST: pri=5
[GUN] scan WEST: pri=2
[GUN] cur_pri=4 best_rot=SOUTHWEST rot_pri=5
[GUN] want to rotate but ti=8 or can't
[GUN] FIRE at (19,17) pri=4
  task=HEAL_CORE FAIL
[RUSH] --- rush eval at (10,9) en_core=(18,18) ---
[RUSH] step1: no flow tile in gunner range of core
[RUSH] step2: no flow tile near enemy core
[RUSH] step2.5: checking unconnected harvesters
[RUSH] step2.5: harvester (3,16) d²=229 flow=0.000 has adjacent flow, skip
[RUSH] _find_rush_ore: 10 total ore, 10 seen, sym=Symmetry.ROT candidates={<Symmetry.ROT: 1>}
[RUSH]   ore (3,16) d²=229 bld=BuildingHarvester env=Environment.ORE_TITANIUM
[RUSH]   ore (16,3) d²=229 bld=None env=Environment.ORE_TITANIUM
[RUSH]   ore (16,13) d²=29 bld=BuildingHarvester env=Environment.ORE_TITANIUM
[RUSH]   PICKED: free ore at (16,2) d²=224
[RUSH] step3: free ore at (16,3)
[RUSH] step3: walking toward tap (16,2) for ore (16,3)
  task=RUSH 0us OK -> (<Direction.NORTH: 'north'>, None)
  task=HEAL_CORE FAIL
[RUSH] --- rush eval at (19,12) en_core=(18,18) ---
[RUSH] step1: flow in range at (18,14) facing SOUTH
[RUSH] gunner: want to place at (18,14) facing SOUTH, ti=8 cost=36
[RUSH] gunner: cannot afford (need 36, have 8)
[RUSH] step1: can't afford gunner, holding turn
  task=RUSH 0us OK -> (<Direction.CENTRE: 'centre'>, None)
  task=HEAL_CORE FAIL
[RUSH] --- rush eval at (12,14) en_core=(18,18) ---
[RUSH] step1: no flow tile in gunner range of core
[RUSH] step2: flow near core at (19,13) d²=26, extending to siege (19,15)
[RUSH] extend: from (19,13) toward core (18,18)
[RUSH] extend: siege target (19,15)
[RUSH] extend: path=[(19, 13), (19, 14)]
[RUSH] extend: path len=2, builder at (12,14)
[RUSH] extend[0]: (19,13)->(19,14) bld=BuildingConveyor team=Team.A connected=True
[RUSH] extend[0]: already connected, skip
[RUSH] extend: endpoint (19,14) already has our gunner
  task=RUSH FAIL
  task=SCOUT_ENEMY 0us OK -> (<Direction.SOUTHEAST: 'southeast'>, None)
  task=HEAL_CORE FAIL
[RUSH] --- rush eval at (19,10) en_core=(18,18) ---
[RUSH] step1: no flow tile in gunner range of core
[RUSH] step2: flow near core at (18,14) d²=16, extending to siege (18,15)
[RUSH] extend: from (18,14) toward core (18,18)
[RUSH] extend: siege target (18,15)
[RUSH] extend: path=[(18, 14), (18, 15)]
[RUSH] extend: path len=2, builder at (19,10)
[RUSH] extend[0]: (18,14)->(18,15) bld=BuildingRoad team=Team.A connected=False
[RUSH] extend[0]: enemy BuildingRoad ahead at (18,15), placing gunner at (18,14) facing SOUTH
[RUSH] gunner: want to place at (18,14) facing SOUTH, ti=8 cost=36
[RUSH] gunner: cannot afford (need 36, have 8)
[RUSH] extend[0]: can't afford gunner, holding turn
  task=RUSH 0us OK -> (<Direction.CENTRE: 'centre'>, None)
  task=HEAL_CORE FAIL
[RUSH] --- rush eval at (16,11) en_core=(18,18) ---
[RUSH] step1: flow in range at (18,14) facing SOUTH
[RUSH] gunner: want to place at (18,14) facing SOUTH, ti=8 cost=36
[RUSH] gunner: cannot afford (need 36, have 8)
[RUSH] step1: can't afford gunner, holding turn
  task=RUSH 0us OK -> (<Direction.CENTRE: 'centre'>, None)
  task=HEAL_CORE FAIL
[RUSH] --- rush eval at (16,10) en_core=(18,18) ---
[RUSH] step1: flow in range at (19,14) facing SOUTH
[RUSH] gunner: want to place at (19,14) facing SOUTH, ti=8 cost=36
[RUSH] gunner: cannot afford (need 36, have 8)
[RUSH] step1: can't afford gunner, holding turn
  task=RUSH 0us OK -> (<Direction.CENTRE: 'centre'>, None)
[GUN] (14,19) facing=EAST
[GUN] ray: target=None pri=0
[GUN] ammo=False
[GUN] no target, no ammo
[GUN] (14,18) facing=EAST
[GUN] ray: target=Position(x=17, y=18) pri=4
[GUN] ammo=True
[GUN] feed_dir=SOUTHWEST
[GUN] scan NORTH: pri=1
[GUN] scan NORTHEAST: pri=2
[GUN] scan WEST: pri=3
[GUN] scan NORTHWEST: pri=1
[GUN] cur_pri=4 best_rot=WEST rot_pri=3
[GUN] FIRE at (17,18) pri=4
[GUN] (19,14) facing=SOUTH
[GUN] ray: target=Position(x=19, y=17) pri=4
[GUN] ammo=True
[GUN] feed_dir=NORTH
[GUN] scan SOUTHWEST: pri=5
[GUN] scan WEST: pri=2
[GUN] cur_pri=4 best_rot=SOUTHWEST rot_pri=5
[GUN] want to rotate but ti=8 or can't
[GUN] FIRE at (19,17) pri=4
  task=HEAL_CORE FAIL
  task=RUSH FAIL
  task=SCOUT_ENEMY 0us OK -> (<Direction.SOUTH: 'south'>, None)
  task=HEAL_CORE FAIL
[RUSH] --- rush eval at (19,12) en_core=(18,18) ---
[RUSH] step1: flow in range at (18,14) facing SOUTH
[RUSH] gunner: want to place at (18,14) facing SOUTH, ti=28 cost=36
[RUSH] gunner: cannot afford (need 36, have 28)
[RUSH] step1: can't afford gunner, holding turn
  task=RUSH 0us OK -> (<Direction.CENTRE: 'centre'>, None)
  task=HEAL_CORE FAIL
[RUSH] --- rush eval at (13,15) en_core=(18,18) ---
[RUSH] step1: no flow tile in gunner range of core
  task=RUSH 0us OK -> (<Direction.NORTHWEST: 'northwest'>, None)
  task=HEAL_CORE FAIL
[RUSH] --- rush eval at (19,10) en_core=(18,18) ---
[RUSH] step1: no flow tile in gunner range of core
[RUSH] step2: flow near core at (18,14) d²=16, extending to siege (18,15)
[RUSH] extend: from (18,14) toward core (18,18)
[RUSH] extend: siege target (18,15)
[RUSH] extend: path=[(18, 14), (18, 15)]
[RUSH] extend: path len=2, builder at (19,10)
[RUSH] extend[0]: (18,14)->(18,15) bld=BuildingRoad team=Team.A connected=False
[RUSH] extend[0]: enemy BuildingRoad ahead at (18,15), placing gunner at (18,14) facing SOUTH
[RUSH] gunner: want to place at (18,14) facing SOUTH, ti=28 cost=36
[RUSH] gunner: cannot afford (need 36, have 28)
[RUSH] extend[0]: can't afford gunner, holding turn
  task=RUSH 0us OK -> (<Direction.CENTRE: 'centre'>, None)
  task=HEAL_CORE FAIL
[RUSH] --- rush eval at (16,11) en_core=(18,18) ---
[RUSH] step1: flow in range at (18,14) facing SOUTH
[RUSH] gunner: want to place at (18,14) facing SOUTH, ti=28 cost=36
[RUSH] gunner: cannot afford (need 36, have 28)
[RUSH] step1: can't afford gunner, holding turn
  task=RUSH 0us OK -> (<Direction.CENTRE: 'centre'>, None)
  task=HEAL_CORE FAIL
[RUSH] --- rush eval at (16,10) en_core=(18,18) ---
[RUSH] step1: flow in range at (19,14) facing SOUTH
[RUSH] gunner: want to place at (19,14) facing SOUTH, ti=28 cost=36
[RUSH] gunner: cannot afford (need 36, have 28)
[RUSH] step1: can't afford gunner, holding turn
  task=RUSH 0us OK -> (<Direction.CENTRE: 'centre'>, None)
[GUN] (14,19) facing=EAST
[GUN] ray: target=None pri=0
[GUN] ammo=False
[GUN] no target, no ammo
[GUN] (14,18) facing=EAST
[GUN] ray: target=None pri=0
[GUN] ammo=False
[GUN] no target, no ammo
[GUN] (19,14) facing=SOUTH
[GUN] ray: target=Position(x=19, y=17) pri=4
[GUN] ammo=True
[GUN] feed_dir=NORTH
[GUN] scan SOUTHWEST: pri=5
[GUN] scan WEST: pri=2
[GUN] cur_pri=4 best_rot=SOUTHWEST rot_pri=5
[GUN] ROTATING to SOUTHWEST (pri 5 > 4)
  task=HEAL_CORE FAIL
[RUSH] --- rush eval at (10,9) en_core=(18,18) ---
[RUSH] step1: no flow tile in gunner range of core
[RUSH] step2: no flow tile near enemy core
[RUSH] step2.5: checking unconnected harvesters
[RUSH] step2.5: harvester (3,16) d²=229 flow=0.000 has adjacent flow, skip
[RUSH] _find_rush_ore: 10 total ore, 10 seen, sym=Symmetry.ROT candidates={<Symmetry.ROT: 1>}
[RUSH]   ore (3,16) d²=229 bld=BuildingHarvester env=Environment.ORE_TITANIUM
[RUSH]   ore (16,3) d²=229 bld=None env=Environment.ORE_TITANIUM
[RUSH]   ore (16,13) d²=29 bld=BuildingHarvester env=Environment.ORE_TITANIUM
[RUSH]   PICKED: free ore at (16,2) d²=224
[RUSH] step3: free ore at (16,3)
[RUSH] step3: walking toward tap (16,2) for ore (16,3)
  task=RUSH 0us OK -> (<Direction.NORTH: 'north'>, None)
  task=HEAL_CORE FAIL
[RUSH] --- rush eval at (19,12) en_core=(18,18) ---
[RUSH] step1: flow in range at (18,14) facing SOUTH
[RUSH] gunner: want to place at (18,14) facing SOUTH, ti=18 cost=36
[RUSH] gunner: cannot afford (need 36, have 18)
[RUSH] step1: can't afford gunner, holding turn
  task=RUSH 0us OK -> (<Direction.CENTRE: 'centre'>, None)
  task=HEAL_CORE FAIL
[RUSH] --- rush eval at (12,14) en_core=(18,18) ---
[RUSH] step1: no flow tile in gunner range of core
[RUSH] step2: flow near core at (19,13) d²=26, extending to siege (19,15)
[RUSH] extend: from (19,13) toward core (18,18)
[RUSH] extend: siege target (19,15)
[RUSH] extend: path=[(19, 13), (19, 14)]
[RUSH] extend: path len=2, builder at (12,14)
[RUSH] extend[0]: (19,13)->(19,14) bld=BuildingConveyor team=Team.A connected=True
[RUSH] extend[0]: already connected, skip
[RUSH] extend: endpoint (19,14) already has our gunner
  task=RUSH FAIL
  task=SCOUT_ENEMY 0us OK -> (<Direction.SOUTHEAST: 'southeast'>, None)
  task=HEAL_CORE FAIL
[RUSH] --- rush eval at (19,10) en_core=(18,18) ---
[RUSH] step1: no flow tile in gunner range of core
[RUSH] step2: flow near core at (18,14) d²=16, extending to siege (18,15)
[RUSH] extend: from (18,14) toward core (18,18)
[RUSH] extend: siege target (18,15)
[RUSH] extend: path=[(18, 14), (18, 15)]
[RUSH] extend: path len=2, builder at (19,10)
[RUSH] extend[0]: (18,14)->(18,15) bld=BuildingRoad team=Team.A connected=False
[RUSH] extend[0]: enemy BuildingRoad ahead at (18,15), placing gunner at (18,14) facing SOUTH
[RUSH] gunner: want to place at (18,14) facing SOUTH, ti=18 cost=36
[RUSH] gunner: cannot afford (need 36, have 18)
[RUSH] extend[0]: can't afford gunner, holding turn
  task=RUSH 0us OK -> (<Direction.CENTRE: 'centre'>, None)
  task=HEAL_CORE FAIL
[RUSH] --- rush eval at (16,11) en_core=(18,18) ---
[RUSH] step1: flow in range at (18,14) facing SOUTH
[RUSH] gunner: want to place at (18,14) facing SOUTH, ti=18 cost=36
[RUSH] gunner: cannot afford (need 36, have 18)
[RUSH] step1: can't afford gunner, holding turn
  task=RUSH 0us OK -> (<Direction.CENTRE: 'centre'>, None)
  task=HEAL_CORE FAIL
[RUSH] --- rush eval at (16,10) en_core=(18,18) ---
[RUSH] step1: flow in range at (19,14) facing SOUTH
[RUSH] gunner: want to place at (19,14) facing SOUTH, ti=18 cost=36
[RUSH] gunner: cannot afford (need 36, have 18)
[RUSH] step1: can't afford gunner, holding turn
  task=RUSH 0us OK -> (<Direction.CENTRE: 'centre'>, None)
[GUN] (14,19) facing=EAST
[GUN] ray: target=None pri=0
[GUN] ammo=False
[GUN] no target, no ammo
[GUN] (14,18) facing=EAST
[GUN] ray: target=None pri=0
[GUN] ammo=False
[GUN] no target, no ammo
[GUN] (19,14) facing=SOUTHWEST
[GUN] ray: target=Position(x=17, y=16) pri=5
[GUN] ammo=True
[GUN] FIRE at (17,16) pri=5
  task=HEAL_CORE FAIL
  task=RUSH FAIL
  task=SCOUT_ENEMY 0us OK -> (<Direction.SOUTH: 'south'>, None)
[MAP] r150 seen=100% harv=3 sym=Symmetry.ROT encore=Position(x=18, y=18) ore_known=10
  task=HEAL_CORE FAIL
[RUSH] --- rush eval at (19,12) en_core=(18,18) ---
[RUSH] step1: flow in range at (18,14) facing SOUTH
[RUSH] gunner: want to place at (18,14) facing SOUTH, ti=28 cost=36
[RUSH] gunner: cannot afford (need 36, have 28)
[RUSH] step1: can't afford gunner, holding turn
  task=RUSH 0us OK -> (<Direction.CENTRE: 'centre'>, None)
[MAP] r150 seen=100% harv=4 sym=Symmetry.ROT encore=Position(x=18, y=18) ore_known=10
  task=HEAL_CORE FAIL
[RUSH] --- rush eval at (13,15) en_core=(18,18) ---
[RUSH] step1: no flow tile in gunner range of core
  task=RUSH 0us OK -> (<Direction.NORTHWEST: 'northwest'>, None)
[MAP] r150 seen=100% harv=5 sym=Symmetry.ROT encore=Position(x=18, y=18) ore_known=10
  task=HEAL_CORE FAIL
[RUSH] --- rush eval at (19,10) en_core=(18,18) ---
[RUSH] step1: no flow tile in gunner range of core
[RUSH] step2: flow near core at (18,14) d²=16, extending to siege (18,15)
[RUSH] extend: from (18,14) toward core (18,18)
[RUSH] extend: siege target (18,15)
[RUSH] extend: path=[(18, 14), (18, 15)]
[RUSH] extend: path len=2, builder at (19,10)
[RUSH] extend[0]: (18,14)->(18,15) bld=BuildingRoad team=Team.A connected=False
[RUSH] extend[0]: enemy BuildingRoad ahead at (18,15), placing gunner at (18,14) facing SOUTH
[RUSH] gunner: want to place at (18,14) facing SOUTH, ti=28 cost=36
[RUSH] gunner: cannot afford (need 36, have 28)
[RUSH] extend[0]: can't afford gunner, holding turn
  task=RUSH 0us OK -> (<Direction.CENTRE: 'centre'>, None)
[MAP] r150 seen=100% harv=4 sym=Symmetry.ROT encore=Position(x=18, y=18) ore_known=10
  task=HEAL_CORE FAIL
[RUSH] --- rush eval at (16,11) en_core=(18,18) ---
[RUSH] step1: flow in range at (18,14) facing SOUTH
[RUSH] gunner: want to place at (18,14) facing SOUTH, ti=28 cost=36
[RUSH] gunner: cannot afford (need 36, have 28)
[RUSH] step1: can't afford gunner, holding turn
  task=RUSH 0us OK -> (<Direction.CENTRE: 'centre'>, None)
[MAP] r150 seen=100% harv=4 sym=Symmetry.ROT encore=Position(x=18, y=18) ore_known=10
  task=HEAL_CORE FAIL
[RUSH] --- rush eval at (16,10) en_core=(18,18) ---
[RUSH] step1: flow in range at (19,14) facing SOUTH
[RUSH] gunner: want to place at (19,14) facing SOUTH, ti=28 cost=36
[RUSH] gunner: cannot afford (need 36, have 28)
[RUSH] step1: can't afford gunner, holding turn
  task=RUSH 0us OK -> (<Direction.CENTRE: 'centre'>, None)
[MAP] r150 seen=100% harv=4 sym=Symmetry.ROT encore=Position(x=18, y=18) ore_known=10
[GUN] (14,19) facing=EAST
[GUN] ray: target=Position(x=17, y=19) pri=4
[GUN] ammo=True
[GUN] feed_dir=WEST
[GUN] scan NORTHWEST: pri=3
[GUN] cur_pri=4 best_rot=NORTHWEST rot_pri=3
[GUN] FIRE at (17,19) pri=4
[GUN] (14,18) facing=EAST
[GUN] ray: target=None pri=0
[GUN] ammo=False
[GUN] no target, no ammo
[GUN] (19,14) facing=SOUTHWEST
[GUN] ray: target=Position(x=17, y=16) pri=5
[GUN] ammo=True
[GUN] FIRE at (17,16) pri=5
  task=HEAL_CORE FAIL
[RUSH] --- rush eval at (10,9) en_core=(18,18) ---
[RUSH] step1: no flow tile in gunner range of core
[RUSH] step2: no flow tile near enemy core
[RUSH] step2.5: checking unconnected harvesters
[RUSH] step2.5: harvester (3,16) d²=229 flow=0.000 has adjacent flow, skip
[RUSH] _find_rush_ore: 10 total ore, 10 seen, sym=Symmetry.ROT candidates={<Symmetry.ROT: 1>}
[RUSH]   ore (3,16) d²=229 bld=BuildingHarvester env=Environment.ORE_TITANIUM
[RUSH]   ore (16,3) d²=229 bld=None env=Environment.ORE_TITANIUM
[RUSH]   ore (16,13) d²=29 bld=BuildingHarvester env=Environment.ORE_TITANIUM
[RUSH]   PICKED: free ore at (16,2) d²=224
[RUSH] step3: free ore at (16,3)
[RUSH] step3: walking toward tap (16,2) for ore (16,3)
  task=RUSH 0us OK -> (<Direction.NORTH: 'north'>, None)
  task=HEAL_CORE FAIL
[RUSH] --- rush eval at (19,12) en_core=(18,18) ---
[RUSH] step1: flow in range at (18,14) facing SOUTH
[RUSH] gunner: want to place at (18,14) facing SOUTH, ti=28 cost=36
[RUSH] gunner: cannot afford (need 36, have 28)
[RUSH] step1: can't afford gunner, holding turn
  task=RUSH 0us OK -> (<Direction.CENTRE: 'centre'>, None)
  task=HEAL_CORE FAIL
[RUSH] --- rush eval at (12,14) en_core=(18,18) ---
[RUSH] step1: no flow tile in gunner range of core
  task=RUSH 0us OK -> (<Direction.NORTH: 'north'>, None)
  task=HEAL_CORE FAIL
[RUSH] --- rush eval at (19,10) en_core=(18,18) ---
[RUSH] step1: no flow tile in gunner range of core
[RUSH] step2: flow near core at (18,14) d²=16, extending to siege (18,15)
[RUSH] extend: from (18,14) toward core (18,18)
[RUSH] extend: siege target (18,15)
[RUSH] extend: path=[(18, 14), (18, 15)]
[RUSH] extend: path len=2, builder at (19,10)
[RUSH] extend[0]: (18,14)->(18,15) bld=BuildingRoad team=Team.A connected=False
[RUSH] extend[0]: enemy BuildingRoad ahead at (18,15), placing gunner at (18,14) facing SOUTH
[RUSH] gunner: want to place at (18,14) facing SOUTH, ti=28 cost=36
[RUSH] gunner: cannot afford (need 36, have 28)
[RUSH] extend[0]: can't afford gunner, holding turn
  task=RUSH 0us OK -> (<Direction.CENTRE: 'centre'>, None)
  task=HEAL_CORE FAIL
[RUSH] --- rush eval at (16,11) en_core=(18,18) ---
[RUSH] step1: flow in range at (18,14) facing SOUTH
[RUSH] gunner: want to place at (18,14) facing SOUTH, ti=28 cost=36
[RUSH] gunner: cannot afford (need 36, have 28)
[RUSH] step1: can't afford gunner, holding turn
  task=RUSH 0us OK -> (<Direction.CENTRE: 'centre'>, None)
  task=HEAL_CORE FAIL
[RUSH] --- rush eval at (16,10) en_core=(18,18) ---
[RUSH] step1: flow in range at (19,14) facing SOUTH
[RUSH] gunner: want to place at (19,14) facing SOUTH, ti=28 cost=36
[RUSH] gunner: cannot afford (need 36, have 28)
[RUSH] step1: can't afford gunner, holding turn
  task=RUSH 0us OK -> (<Direction.CENTRE: 'centre'>, None)
[GUN] (14,19) facing=EAST
[GUN] ray: target=Position(x=17, y=19) pri=4
[GUN] ammo=True
[GUN] feed_dir=WEST
[GUN] scan NORTHWEST: pri=3
[GUN] cur_pri=4 best_rot=NORTHWEST rot_pri=3
[GUN] FIRE at (17,19) pri=4
[GUN] (14,18) facing=EAST
[GUN] ray: target=Position(x=17, y=18) pri=4
[GUN] ammo=True
[GUN] feed_dir=SOUTHWEST
[GUN] scan NORTH: pri=1
[GUN] scan NORTHEAST: pri=2
[GUN] scan WEST: pri=3
[GUN] scan NORTHWEST: pri=1
[GUN] cur_pri=4 best_rot=WEST rot_pri=3
[GUN] FIRE at (17,18) pri=4
[GUN] (19,14) facing=SOUTHWEST
[GUN] ray: target=Position(x=17, y=16) pri=5
[GUN] ammo=True
[GUN] FIRE at (17,16) pri=5
  task=HEAL_CORE FAIL
  task=RUSH FAIL
  task=SCOUT_ENEMY 0us OK -> (<Direction.SOUTH: 'south'>, None)
  task=HEAL_CORE FAIL
[RUSH] --- rush eval at (19,12) en_core=(18,18) ---
[RUSH] step1: flow in range at (18,14) facing SOUTH
[RUSH] gunner: want to place at (18,14) facing SOUTH, ti=38 cost=36
[RUSH] gunner: target (18,14) bld=BuildingRoad team=Team.A builder=(19,12) d²=5
[RUSH] gunner: walking toward (18,14) d²=5
  task=RUSH 0us OK -> (<Direction.SOUTH: 'south'>, None)
  task=HEAL_CORE FAIL
[RUSH] --- rush eval at (12,13) en_core=(18,18) ---
[RUSH] step1: no flow tile in gunner range of core
  task=RUSH 0us OK -> (<Direction.NORTHEAST: 'northeast'>, None)
  task=HEAL_CORE FAIL
[RUSH] --- rush eval at (19,10) en_core=(18,18) ---
[RUSH] step1: no flow tile in gunner range of core
[RUSH] step2: flow near core at (18,14) d²=16, extending to siege (18,15)
[RUSH] extend: from (18,14) toward core (18,18)
[RUSH] extend: siege target (18,15)
[RUSH] extend: path=[(18, 14), (18, 15)]
[RUSH] extend: path len=2, builder at (19,10)
[RUSH] extend[0]: (18,14)->(18,15) bld=BuildingRoad team=Team.A connected=False
[RUSH] extend[0]: enemy BuildingRoad ahead at (18,15), placing gunner at (18,14) facing SOUTH
[RUSH] gunner: want to place at (18,14) facing SOUTH, ti=38 cost=36
[RUSH] gunner: target (18,14) bld=BuildingRoad team=Team.A builder=(19,10) d²=17
[RUSH] gunner: walking toward (18,14) d²=17
  task=RUSH 0us OK -> (<Direction.SOUTH: 'south'>, None)
  task=HEAL_CORE FAIL
[RUSH] --- rush eval at (16,11) en_core=(18,18) ---
[RUSH] step1: flow in range at (18,14) facing SOUTH
[RUSH] gunner: want to place at (18,14) facing SOUTH, ti=38 cost=36
[RUSH] gunner: target (18,14) bld=BuildingRoad team=Team.A builder=(16,11) d²=13
[RUSH] gunner: walking toward (18,14) d²=13
  task=RUSH 0us OK -> (<Direction.SOUTHEAST: 'southeast'>, None)
  task=HEAL_CORE FAIL
[RUSH] --- rush eval at (16,10) en_core=(18,18) ---
[RUSH] step1: flow in range at (19,14) facing SOUTH
[RUSH] gunner: want to place at (19,14) facing SOUTH, ti=38 cost=36
[RUSH] gunner: target (19,14) bld=None team=None builder=(16,10) d²=25
[RUSH] gunner: walking toward (19,14) d²=25
  task=RUSH 0us OK -> (<Direction.SOUTHEAST: 'southeast'>, None)
[GUN] (14,19) facing=EAST
[GUN] ray: target=Position(x=17, y=19) pri=4
[GUN] ammo=True
[GUN] feed_dir=WEST
[GUN] scan NORTHWEST: pri=3
[GUN] cur_pri=4 best_rot=NORTHWEST rot_pri=3
[GUN] FIRE at (17,19) pri=4
[GUN] (14,18) facing=EAST
[GUN] ray: target=Position(x=17, y=18) pri=4
[GUN] ammo=True
[GUN] feed_dir=SOUTHWEST
[GUN] scan NORTH: pri=1
[GUN] scan NORTHEAST: pri=2
[GUN] scan WEST: pri=3
[GUN] scan NORTHWEST: pri=1
[GUN] cur_pri=4 best_rot=WEST rot_pri=3
[GUN] FIRE at (17,18) pri=4
[GUN] (19,14) facing=SOUTHWEST
[GUN] ray: target=None pri=0
[GUN] ammo=True
[GUN] feed_dir=NORTH
[GUN] scan SOUTH: pri=4
[GUN] scan WEST: pri=2
[GUN] no target, has ammo, best_rot=SOUTH rot_pri=4
[GUN] ROTATING to SOUTH (has ammo)
  task=HEAL_CORE FAIL
[RUSH] --- rush eval at (10,9) en_core=(18,18) ---
[RUSH] step1: no flow tile in gunner range of core
[RUSH] step2: no flow tile near enemy core
[RUSH] step2.5: checking unconnected harvesters
[RUSH] step2.5: harvester (3,16) d²=229 flow=0.000 has adjacent flow, skip
[RUSH] _find_rush_ore: 10 total ore, 10 seen, sym=Symmetry.ROT candidates={<Symmetry.ROT: 1>}
[RUSH]   ore (3,16) d²=229 bld=BuildingHarvester env=Environment.ORE_TITANIUM
[RUSH]   ore (16,3) d²=229 bld=None env=Environment.ORE_TITANIUM
[RUSH]   ore (16,13) d²=29 bld=BuildingHarvester env=Environment.ORE_TITANIUM
[RUSH]   PICKED: free ore at (16,2) d²=224
[RUSH] step3: free ore at (16,3)
[RUSH] step3: walking toward tap (16,2) for ore (16,3)
  task=RUSH 0us OK -> (<Direction.NORTH: 'north'>, None)
  task=HEAL_CORE FAIL
[RUSH] --- rush eval at (19,13) en_core=(18,18) ---
[RUSH] step1: flow in range at (18,14) facing SOUTH
[RUSH] gunner: want to place at (18,14) facing SOUTH, ti=28 cost=36
[RUSH] gunner: cannot afford (need 36, have 28)
[RUSH] step1: can't afford gunner, holding turn
  task=RUSH 0us OK -> (<Direction.CENTRE: 'centre'>, None)
  task=HEAL_CORE FAIL
[RUSH] --- rush eval at (13,12) en_core=(18,18) ---
[RUSH] step1: no flow tile in gunner range of core
  task=RUSH 0us OK -> (<Direction.NORTHEAST: 'northeast'>, None)
  task=HEAL_CORE FAIL
[RUSH] --- rush eval at (19,11) en_core=(18,18) ---
[RUSH] step1: flow in range at (18,14) facing SOUTH
[RUSH] gunner: want to place at (18,14) facing SOUTH, ti=28 cost=36
[RUSH] gunner: cannot afford (need 36, have 28)
[RUSH] step1: can't afford gunner, holding turn
  task=RUSH 0us OK -> (<Direction.CENTRE: 'centre'>, None)
  task=HEAL_CORE FAIL
[RUSH] --- rush eval at (17,12) en_core=(18,18) ---
[RUSH] step1: flow in range at (18,14) facing SOUTH
[RUSH] gunner: want to place at (18,14) facing SOUTH, ti=28 cost=36
[RUSH] gunner: cannot afford (need 36, have 28)
[RUSH] step1: can't afford gunner, holding turn
  task=RUSH 0us OK -> (<Direction.CENTRE: 'centre'>, None)
  task=HEAL_CORE FAIL
[RUSH] --- rush eval at (17,11) en_core=(18,18) ---
[RUSH] step1: flow in range at (18,14) facing SOUTH
[RUSH] gunner: want to place at (18,14) facing SOUTH, ti=28 cost=36
[RUSH] gunner: cannot afford (need 36, have 28)
[RUSH] step1: can't afford gunner, holding turn
  task=RUSH 0us OK -> (<Direction.CENTRE: 'centre'>, None)
[GUN] (14,19) facing=EAST
[GUN] ray: target=Position(x=17, y=19) pri=4
[GUN] ammo=True
[GUN] feed_dir=WEST
[GUN] scan NORTHWEST: pri=3
[GUN] cur_pri=4 best_rot=NORTHWEST rot_pri=3
[GUN] FIRE at (17,19) pri=4
[GUN] (14,18) facing=EAST
[GUN] ray: target=Position(x=17, y=18) pri=4
[GUN] ammo=True
[GUN] feed_dir=SOUTHWEST
[GUN] scan NORTH: pri=1
[GUN] scan NORTHEAST: pri=2
[GUN] scan WEST: pri=3
[GUN] scan NORTHWEST: pri=1
[GUN] cur_pri=4 best_rot=WEST rot_pri=3
[GUN] FIRE at (17,18) pri=4
[GUN] (19,14) facing=SOUTH
[GUN] ray: target=Position(x=19, y=17) pri=4
[GUN] ammo=True
[GUN] feed_dir=NORTH
[GUN] scan WEST: pri=2
[GUN] cur_pri=4 best_rot=WEST rot_pri=2
[GUN] FIRE at (19,17) pri=4
  task=HEAL_CORE FAIL
  task=RUSH FAIL
  task=SCOUT_ENEMY 0us OK -> (<Direction.SOUTH: 'south'>, None)
  task=HEAL_CORE FAIL
[RUSH] --- rush eval at (19,13) en_core=(18,18) ---
[RUSH] step1: flow in range at (18,14) facing SOUTH
[RUSH] gunner: want to place at (18,14) facing SOUTH, ti=28 cost=36
[RUSH] gunner: cannot afford (need 36, have 28)
[RUSH] step1: can't afford gunner, holding turn
  task=RUSH 0us OK -> (<Direction.CENTRE: 'centre'>, None)
  task=HEAL_CORE FAIL
[RUSH] --- rush eval at (14,11) en_core=(18,18) ---
[RUSH] step1: no flow tile in gunner range of core
  task=RUSH 0us OK -> (<Direction.NORTHEAST: 'northeast'>, None)
  task=HEAL_CORE FAIL
[RUSH] --- rush eval at (19,11) en_core=(18,18) ---
[RUSH] step1: flow in range at (18,14) facing SOUTH
[RUSH] gunner: want to place at (18,14) facing SOUTH, ti=28 cost=36
[RUSH] gunner: cannot afford (need 36, have 28)
[RUSH] step1: can't afford gunner, holding turn
  task=RUSH 0us OK -> (<Direction.CENTRE: 'centre'>, None)
  task=HEAL_CORE FAIL
[RUSH] --- rush eval at (17,12) en_core=(18,18) ---
[RUSH] step1: flow in range at (18,14) facing SOUTH
[RUSH] gunner: want to place at (18,14) facing SOUTH, ti=28 cost=36
[RUSH] gunner: cannot afford (need 36, have 28)
[RUSH] step1: can't afford gunner, holding turn
  task=RUSH 0us OK -> (<Direction.CENTRE: 'centre'>, None)
  task=HEAL_CORE FAIL
[RUSH] --- rush eval at (17,11) en_core=(18,18) ---
[RUSH] step1: flow in range at (18,14) facing SOUTH
[RUSH] gunner: want to place at (18,14) facing SOUTH, ti=28 cost=36
[RUSH] gunner: cannot afford (need 36, have 28)
[RUSH] step1: can't afford gunner, holding turn
  task=RUSH 0us OK -> (<Direction.CENTRE: 'centre'>, None)
[GUN] (14,19) facing=EAST
[GUN] ray: target=Position(x=17, y=19) pri=4
[GUN] ammo=True
[GUN] feed_dir=WEST
[GUN] scan NORTHWEST: pri=3
[GUN] cur_pri=4 best_rot=NORTHWEST rot_pri=3
[GUN] FIRE at (17,19) pri=4
[GUN] (14,18) facing=EAST
[GUN] ray: target=Position(x=17, y=18) pri=4
[GUN] ammo=True
[GUN] feed_dir=SOUTHWEST
[GUN] scan NORTH: pri=1
[GUN] scan NORTHEAST: pri=2
[GUN] scan WEST: pri=3
[GUN] scan NORTHWEST: pri=1
[GUN] cur_pri=4 best_rot=WEST rot_pri=3
[GUN] FIRE at (17,18) pri=4
[GUN] (19,14) facing=SOUTH
[GUN] ray: target=Position(x=19, y=17) pri=4
[GUN] ammo=True
[GUN] feed_dir=NORTH
[GUN] scan WEST: pri=2
[GUN] cur_pri=4 best_rot=WEST rot_pri=2
[GUN] FIRE at (19,17) pri=4
  task=HEAL_CORE FAIL
[RUSH] --- rush eval at (10,9) en_core=(18,18) ---
[RUSH] step1: no flow tile in gunner range of core
[RUSH] step2: no flow tile near enemy core
[RUSH] step2.5: checking unconnected harvesters
[RUSH] step2.5: harvester (3,16) d²=229 flow=0.000 has adjacent flow, skip
[RUSH] _find_rush_ore: 10 total ore, 10 seen, sym=Symmetry.ROT candidates={<Symmetry.ROT: 1>}
[RUSH]   ore (3,16) d²=229 bld=BuildingHarvester env=Environment.ORE_TITANIUM
[RUSH]   ore (16,3) d²=229 bld=None env=Environment.ORE_TITANIUM
[RUSH]   ore (16,13) d²=29 bld=BuildingHarvester env=Environment.ORE_TITANIUM
[RUSH]   PICKED: free ore at (16,2) d²=224
[RUSH] step3: free ore at (16,3)
[RUSH] step3: walking toward tap (16,2) for ore (16,3)
  task=RUSH 0us OK -> (<Direction.NORTH: 'north'>, None)
  task=HEAL_CORE FAIL
[RUSH] --- rush eval at (19,13) en_core=(18,18) ---
[RUSH] step1: flow in range at (18,14) facing SOUTH
[RUSH] gunner: want to place at (18,14) facing SOUTH, ti=28 cost=36
[RUSH] gunner: cannot afford (need 36, have 28)
[RUSH] step1: can't afford gunner, holding turn
  task=RUSH 0us OK -> (<Direction.CENTRE: 'centre'>, None)
  task=HEAL_CORE FAIL
[RUSH] --- rush eval at (15,10) en_core=(18,18) ---
[RUSH] step1: no flow tile in gunner range of core
  task=RUSH 0us OK -> (<Direction.EAST: 'east'>, None)
  task=HEAL_CORE FAIL
[RUSH] --- rush eval at (19,11) en_core=(18,18) ---
[RUSH] step1: flow in range at (18,14) facing SOUTH
[RUSH] gunner: want to place at (18,14) facing SOUTH, ti=28 cost=36
[RUSH] gunner: cannot afford (need 36, have 28)
[RUSH] step1: can't afford gunner, holding turn
  task=RUSH 0us OK -> (<Direction.CENTRE: 'centre'>, None)
  task=HEAL_CORE FAIL
[RUSH] --- rush eval at (17,12) en_core=(18,18) ---
[RUSH] step1: flow in range at (18,14) facing SOUTH
[RUSH] gunner: want to place at (18,14) facing SOUTH, ti=28 cost=36
[RUSH] gunner: cannot afford (need 36, have 28)
[RUSH] step1: can't afford gunner, holding turn
  task=RUSH 0us OK -> (<Direction.CENTRE: 'centre'>, None)
  task=HEAL_CORE FAIL
[RUSH] --- rush eval at (17,11) en_core=(18,18) ---
[RUSH] step1: flow in range at (18,14) facing SOUTH
[RUSH] gunner: want to place at (18,14) facing SOUTH, ti=28 cost=36
[RUSH] gunner: cannot afford (need 36, have 28)
[RUSH] step1: can't afford gunner, holding turn
  task=RUSH 0us OK -> (<Direction.CENTRE: 'centre'>, None)
[GUN] (14,19) facing=EAST
[GUN] ray: target=None pri=0
[GUN] ammo=False
[GUN] no target, no ammo
[GUN] (14,18) facing=EAST
[GUN] ray: target=Position(x=17, y=18) pri=4
[GUN] ammo=True
[GUN] feed_dir=SOUTHWEST
[GUN] scan NORTH: pri=1
[GUN] scan NORTHEAST: pri=2
[GUN] scan WEST: pri=3
[GUN] scan NORTHWEST: pri=1
[GUN] cur_pri=4 best_rot=WEST rot_pri=3
[GUN] FIRE at (17,18) pri=4
[GUN] (19,14) facing=SOUTH
[GUN] ray: target=Position(x=19, y=17) pri=4
[GUN] ammo=True
[GUN] feed_dir=NORTH
[GUN] scan WEST: pri=2
[GUN] cur_pri=4 best_rot=WEST rot_pri=2
[GUN] FIRE at (19,17) pri=4
  task=HEAL_CORE FAIL
  task=RUSH FAIL
  task=SCOUT_ENEMY 0us OK -> (<Direction.SOUTH: 'south'>, None)
  task=HEAL_CORE FAIL
[RUSH] --- rush eval at (19,13) en_core=(18,18) ---
[RUSH] step1: flow in range at (18,14) facing SOUTH
[RUSH] gunner: want to place at (18,14) facing SOUTH, ti=48 cost=36
[RUSH] gunner: target (18,14) bld=BuildingRoad team=Team.A builder=(19,13) d²=2
[RUSH] gunner: destroying allied BuildingRoad at (18,14) to place gunner
[RUSH] gunner: placing at (18,14) facing SOUTH, can_build=True
  task=RUSH 0us OK -> (<Direction.CENTRE: 'centre'>, PlaceGunner(pos=Position(x=18, y=14), direction=<Direction.SOUTH: 'south'>))
  task=HEAL_CORE FAIL
[RUSH] --- rush eval at (16,10) en_core=(18,18) ---
[RUSH] step1: no flow tile in gunner range of core
[RUSH] step2: flow near core at (18,13) d²=25, extending to siege (18,15)
[RUSH] extend: from (18,13) toward core (18,18)
[RUSH] extend: siege target (18,15)
[RUSH] extend: path=[(18, 13), (18, 14)]
[RUSH] extend: path len=2, builder at (16,10)
[RUSH] extend[0]: (18,13)->(18,14) bld=BuildingConveyor team=Team.A connected=True
[RUSH] extend[0]: already connected, skip
[RUSH] extend: endpoint (18,14) already has our gunner
  task=RUSH FAIL
  task=SCOUT_ENEMY 0us OK -> (<Direction.SOUTHWEST: 'southwest'>, None)
  task=HEAL_CORE FAIL
[RUSH] --- rush eval at (19,11) en_core=(18,18) ---
[RUSH] step1: no flow tile in gunner range of core
[RUSH] step2: flow near core at (18,13) d²=25, extending to siege (18,15)
[RUSH] extend: from (18,13) toward core (18,18)
[RUSH] extend: siege target (18,15)
[RUSH] extend: path=[(18, 13), (18, 14)]
[RUSH] extend: path len=2, builder at (19,11)
[RUSH] extend[0]: (18,13)->(18,14) bld=BuildingConveyor team=Team.A connected=True
[RUSH] extend[0]: already connected, skip
[RUSH] extend: endpoint (18,14) already has our gunner
  task=RUSH FAIL
  task=SCOUT_ENEMY 0us OK -> (<Direction.SOUTH: 'south'>, None)
  task=HEAL_CORE FAIL
[RUSH] --- rush eval at (17,12) en_core=(18,18) ---
[RUSH] step1: no flow tile in gunner range of core
[RUSH] step2: flow near core at (18,13) d²=25, extending to siege (18,15)
[RUSH] extend: from (18,13) toward core (18,18)
[RUSH] extend: siege target (18,15)
[RUSH] extend: path=[(18, 13), (18, 14)]
[RUSH] extend: path len=2, builder at (17,12)
[RUSH] extend[0]: (18,13)->(18,14) bld=BuildingConveyor team=Team.A connected=True
[RUSH] extend[0]: already connected, skip
[RUSH] extend: endpoint (18,14) already has our gunner
  task=RUSH FAIL
  task=SCOUT_ENEMY 0us OK -> (<Direction.SOUTHEAST: 'southeast'>, None)
  task=HEAL_CORE FAIL
[RUSH] --- rush eval at (17,11) en_core=(18,18) ---
[RUSH] step1: no flow tile in gunner range of core
[RUSH] step2: flow near core at (18,13) d²=25, extending to siege (18,15)
[RUSH] extend: from (18,13) toward core (18,18)
[RUSH] extend: siege target (18,15)
[RUSH] extend: path=[(18, 13), (18, 14)]
[RUSH] extend: path len=2, builder at (17,11)
[RUSH] extend[0]: (18,13)->(18,14) bld=BuildingConveyor team=Team.A connected=True
[RUSH] extend[0]: already connected, skip
[RUSH] extend: endpoint (18,14) already has our gunner
  task=RUSH FAIL
  task=SCOUT_ENEMY 0us OK -> (<Direction.WEST: 'west'>, None)
[GUN] (14,19) facing=EAST
[GUN] ray: target=None pri=0
[GUN] ammo=False
[GUN] no target, no ammo
[GUN] (14,18) facing=EAST
[GUN] ray: target=None pri=0
[GUN] ammo=False
[GUN] no target, no ammo
[GUN] (19,14) facing=SOUTH
[GUN] ray: target=Position(x=19, y=17) pri=4
[GUN] ammo=True
[GUN] feed_dir=NORTH
[GUN] cur_pri=4 best_rot=SOUTH rot_pri=0
[GUN] FIRE at (19,17) pri=4
  task=HEAL_CORE FAIL
[RUSH] --- rush eval at (10,9) en_core=(18,18) ---
[RUSH] step1: no flow tile in gunner range of core
[RUSH] step2: no flow tile near enemy core
[RUSH] step2.5: checking unconnected harvesters
[RUSH] step2.5: harvester (3,16) d²=229 flow=0.000 has adjacent flow, skip
[RUSH] _find_rush_ore: 10 total ore, 10 seen, sym=Symmetry.ROT candidates={<Symmetry.ROT: 1>}
[RUSH]   ore (3,16) d²=229 bld=BuildingHarvester env=Environment.ORE_TITANIUM
[RUSH]   ore (16,3) d²=229 bld=None env=Environment.ORE_TITANIUM
[RUSH]   ore (16,13) d²=29 bld=BuildingHarvester env=Environment.ORE_TITANIUM
[RUSH]   PICKED: free ore at (16,2) d²=224
[RUSH] step3: free ore at (16,3)
[RUSH] step3: walking toward tap (16,2) for ore (16,3)
  task=RUSH 0us OK -> (<Direction.NORTH: 'north'>, None)
  task=HEAL_CORE FAIL
[RUSH] --- rush eval at (19,13) en_core=(18,18) ---
[RUSH] step1: no flow tile in gunner range of core
[RUSH] step2: flow near core at (18,13) d²=25, extending to siege (18,15)
[RUSH] extend: from (18,13) toward core (18,18)
[RUSH] extend: siege target (18,15)
[RUSH] extend: path=[(18, 13), (18, 14)]
[RUSH] extend: path len=2, builder at (19,13)
[RUSH] extend[0]: (18,13)->(18,14) bld=BuildingConveyor team=Team.A connected=True
[RUSH] extend[0]: already connected, skip
[RUSH] extend: endpoint (18,14) already has our gunner
  task=RUSH FAIL
  task=SCOUT_ENEMY 0us OK -> (<Direction.NORTHWEST: 'northwest'>, None)
  task=HEAL_CORE FAIL
[RUSH] --- rush eval at (15,11) en_core=(18,18) ---
[RUSH] step1: no flow tile in gunner range of core
[RUSH] step2: flow near core at (18,13) d²=25, extending to siege (18,15)
[RUSH] extend: from (18,13) toward core (18,18)
[RUSH] extend: siege target (18,15)
[RUSH] extend: path=[(18, 13), (18, 14)]
[RUSH] extend: path len=2, builder at (15,11)
[RUSH] extend[0]: (18,13)->(18,14) bld=BuildingConveyor team=Team.A connected=True
[RUSH] extend[0]: already connected, skip
[RUSH] extend: endpoint (18,14) already has our gunner
  task=RUSH FAIL
  task=SCOUT_ENEMY 0us OK -> (<Direction.WEST: 'west'>, None)
  task=HEAL_CORE FAIL
[RUSH] --- rush eval at (19,12) en_core=(18,18) ---
[RUSH] step1: no flow tile in gunner range of core
[RUSH] step2: flow near core at (18,13) d²=25, extending to siege (18,15)
[RUSH] extend: from (18,13) toward core (18,18)
[RUSH] extend: siege target (18,15)
[RUSH] extend: path=[(18, 13), (18, 14)]
[RUSH] extend: path len=2, builder at (19,12)
[RUSH] extend[0]: (18,13)->(18,14) bld=BuildingConveyor team=Team.A connected=True
[RUSH] extend[0]: already connected, skip
[RUSH] extend: endpoint (18,14) already has our gunner
  task=RUSH FAIL
  task=SCOUT_ENEMY 0us OK -> (<Direction.NORTHWEST: 'northwest'>, None)
  task=HEAL_CORE FAIL
[RUSH] --- rush eval at (18,13) en_core=(18,18) ---
[RUSH] step1: no flow tile in gunner range of core
[RUSH] step2: flow near core at (18,13) d²=25, extending to siege (18,15)
[RUSH] extend: from (18,13) toward core (18,18)
[RUSH] extend: siege target (18,15)
[RUSH] extend: path=[(18, 13), (18, 14)]
[RUSH] extend: path len=2, builder at (18,13)
[RUSH] extend[0]: (18,13)->(18,14) bld=BuildingConveyor team=Team.A connected=True
[RUSH] extend[0]: already connected, skip
[RUSH] extend: endpoint (18,14) already has our gunner
  task=RUSH FAIL
  task=SCOUT_ENEMY 0us OK -> (<Direction.SOUTHWEST: 'southwest'>, None)
  task=HEAL_CORE FAIL
[RUSH] --- rush eval at (16,11) en_core=(18,18) ---
[RUSH] step1: no flow tile in gunner range of core
[RUSH] step2: flow near core at (18,13) d²=25, extending to siege (18,15)
[RUSH] extend: from (18,13) toward core (18,18)
[RUSH] extend: siege target (18,15)
[RUSH] extend: path=[(18, 13), (18, 14)]
[RUSH] extend: path len=2, builder at (16,11)
[RUSH] extend[0]: (18,13)->(18,14) bld=BuildingConveyor team=Team.A connected=True
[RUSH] extend[0]: already connected, skip
[RUSH] extend: endpoint (18,14) already has our gunner
  task=RUSH FAIL
  task=SCOUT_ENEMY 0us OK -> (<Direction.WEST: 'west'>, None)
[GUN] (14,19) facing=EAST
[GUN] ray: target=None pri=0
[GUN] ammo=False
[GUN] no target, no ammo
[GUN] (14,18) facing=EAST
[GUN] ray: target=None pri=0
[GUN] ammo=False
[GUN] no target, no ammo
[GUN] (19,14) facing=SOUTH
[GUN] ray: target=Position(x=19, y=17) pri=4
[GUN] ammo=True
[GUN] feed_dir=NORTH
[GUN] cur_pri=4 best_rot=SOUTH rot_pri=0
[GUN] FIRE at (19,17) pri=4
[GUN] (18,14) facing=SOUTH
[GUN] ray: target=Position(x=18, y=17) pri=4
[GUN] ammo=True
[GUN] feed_dir=NORTH
[GUN] scan SOUTHWEST: pri=2
[GUN] scan WEST: pri=5
[GUN] scan NORTHWEST: pri=3
[GUN] cur_pri=4 best_rot=WEST rot_pri=5
[GUN] ROTATING to WEST (pri 5 > 4)
  task=HEAL_CORE FAIL
  task=RUSH FAIL
  task=SCOUT_ENEMY 0us OK -> (<Direction.SOUTH: 'south'>, None)
  task=HEAL_CORE FAIL
[RUSH] --- rush eval at (18,12) en_core=(18,18) ---
[RUSH] step1: no flow tile in gunner range of core
[RUSH] step2: flow near core at (17,3) d²=226, extending to siege (17,15)
[RUSH] extend: from (17,3) toward core (18,18)
[RUSH] extend: siege target (17,15)
[RUSH] extend: path=[(17, 3), (17, 2), (16, 2), (15, 2), (15, 3), (15, 4), (15, 5), (16, 5), (16, 6), (16, 7), (16, 8), (16, 9), (16, 10), (17, 10), (17, 11), (17, 12), (17, 15)]
[RUSH] extend: path len=17, builder at (18,12)
[RUSH] extend[0]: (17,3)->(17,2) bld=BuildingRoad team=Team.A connected=False
[RUSH] extend[0]: need to walk to (17,3) d²=82
  task=RUSH 0us OK -> (<Direction.NORTHEAST: 'northeast'>, None)
  task=HEAL_CORE FAIL
[RUSH] --- rush eval at (14,11) en_core=(18,18) ---
[RUSH] step1: no flow tile in gunner range of core
[RUSH] step2: flow near core at (18,13) d²=25, extending to siege (18,15)
[RUSH] extend: from (18,13) toward core (18,18)
[RUSH] extend: siege target (18,15)
[RUSH] extend: path=[(18, 13), (18, 14)]
[RUSH] extend: path len=2, builder at (14,11)
[RUSH] extend[0]: (18,13)->(18,14) bld=BuildingConveyor team=Team.A connected=True
[RUSH] extend[0]: already connected, skip
[RUSH] extend: endpoint (18,14) already has our gunner
  task=RUSH FAIL
  task=SCOUT_ENEMY 0us OK -> (<Direction.SOUTHWEST: 'southwest'>, None)
  task=HEAL_CORE FAIL
[RUSH] --- rush eval at (18,11) en_core=(18,18) ---
[RUSH] step1: no flow tile in gunner range of core
[RUSH] step2: flow near core at (17,3) d²=226, extending to siege (17,15)
[RUSH] extend: from (17,3) toward core (18,18)
[RUSH] extend: siege target (17,15)
[RUSH] extend: path=[(17, 3), (17, 2), (16, 2), (15, 2), (15, 3), (15, 4), (15, 5), (16, 5), (16, 6), (16, 7), (16, 8), (16, 9), (16, 10), (17, 10), (17, 11), (17, 12), (17, 15)]
[RUSH] extend: path len=17, builder at (18,11)
[RUSH] extend[0]: (17,3)->(17,2) bld=BuildingRoad team=Team.A connected=False
[RUSH] extend[0]: need to walk to (17,3) d²=65
  task=RUSH 0us OK -> (<Direction.NORTH: 'north'>, None)
  task=HEAL_CORE FAIL
[RUSH] --- rush eval at (17,14) en_core=(18,18) ---
[RUSH] step1: no flow tile in gunner range of core
[RUSH] step2: flow near core at (17,3) d²=226, extending to siege (17,15)
[RUSH] extend: from (17,3) toward core (18,18)
[RUSH] extend: siege target (17,15)
[RUSH] extend: path=[(17, 3), (17, 2), (16, 2), (15, 2), (15, 3), (15, 4), (15, 5), (16, 5), (16, 6), (16, 7), (16, 8), (16, 9), (16, 10), (17, 10), (17, 11), (17, 12), (17, 15)]
[RUSH] extend: path len=17, builder at (17,14)
[RUSH] extend[0]: (17,3)->(17,2) bld=BuildingRoad team=Team.A connected=False
[RUSH] extend[0]: need to walk to (17,3) d²=121
  task=RUSH 0us OK -> (<Direction.NORTHEAST: 'northeast'>, None)
  task=HEAL_CORE FAIL
[RUSH] --- rush eval at (15,11) en_core=(18,18) ---
[RUSH] step1: no flow tile in gunner range of core
[RUSH] step2: flow near core at (17,3) d²=226, extending to siege (17,15)
[RUSH] extend: from (17,3) toward core (18,18)
[RUSH] extend: siege target (17,15)
[RUSH] extend: path=[(17, 3), (17, 2), (16, 2), (15, 2), (15, 3), (15, 4), (15, 5), (16, 5), (16, 6), (16, 7), (16, 8), (16, 9), (16, 10), (17, 10), (17, 11), (17, 12), (17, 15)]
[RUSH] extend: path len=17, builder at (15,11)
[RUSH] extend[0]: (17,3)->(17,2) bld=BuildingRoad team=Team.A connected=False
[RUSH] extend[0]: need to walk to (17,3) d²=68
  task=RUSH 0us OK -> (<Direction.NORTH: 'north'>, None)
[GUN] (14,19) facing=EAST
[GUN] ray: target=Position(x=17, y=19) pri=4
[GUN] ammo=True
[GUN] feed_dir=WEST
[GUN] scan NORTHWEST: pri=3
[GUN] cur_pri=4 best_rot=NORTHWEST rot_pri=3
[GUN] FIRE at (17,19) pri=4
[GUN] (14,18) facing=EAST
[GUN] ray: target=None pri=0
[GUN] ammo=False
[GUN] no target, no ammo
[GUN] (19,14) facing=SOUTH
[GUN] ray: target=Position(x=19, y=17) pri=4
[GUN] ammo=True
[GUN] feed_dir=NORTH
[GUN] cur_pri=4 best_rot=SOUTH rot_pri=0
[GUN] FIRE at (19,17) pri=4
[GUN] (18,14) facing=WEST
[GUN] ray: target=Position(x=17, y=14) pri=5
[GUN] ammo=True
[GUN] FIRE at (17,14) pri=5
  task=HEAL_CORE FAIL
[RUSH] --- rush eval at (10,9) en_core=(18,18) ---
[RUSH] step1: no flow tile in gunner range of core
[RUSH] step2: no flow tile near enemy core
[RUSH] step2.5: checking unconnected harvesters
[RUSH] step2.5: harvester (3,16) d²=229 flow=0.000 has adjacent flow, skip
[RUSH] _find_rush_ore: 10 total ore, 10 seen, sym=Symmetry.ROT candidates={<Symmetry.ROT: 1>}
[RUSH]   ore (3,16) d²=229 bld=BuildingHarvester env=Environment.ORE_TITANIUM
[RUSH]   ore (16,3) d²=229 bld=None env=Environment.ORE_TITANIUM
[RUSH]   ore (16,13) d²=29 bld=BuildingHarvester env=Environment.ORE_TITANIUM
[RUSH]   PICKED: free ore at (16,2) d²=224
[RUSH] step3: free ore at (16,3)
[RUSH] step3: walking toward tap (16,2) for ore (16,3)
  task=RUSH 0us OK -> (<Direction.NORTH: 'north'>, None)
  task=HEAL_CORE FAIL
[RUSH] --- rush eval at (19,11) en_core=(18,18) ---
[RUSH] step1: no flow tile in gunner range of core
[RUSH] step2: flow near core at (17,3) d²=226, extending to siege (17,15)
[RUSH] extend: from (17,3) toward core (18,18)
[RUSH] extend: siege target (17,15)
[RUSH] extend: path=[(17, 3), (17, 2), (16, 2), (15, 2), (15, 3), (15, 4), (15, 5), (16, 5), (16, 6), (16, 7), (16, 8), (16, 9), (16, 10), (17, 10), (17, 11), (17, 12), (17, 15)]
[RUSH] extend: path len=17, builder at (19,11)
[RUSH] extend[0]: (17,3)->(17,2) bld=BuildingRoad team=Team.A connected=False
[RUSH] extend[0]: need to walk to (17,3) d²=68
  task=RUSH 0us OK -> (<Direction.NORTH: 'north'>, None)
  task=HEAL_CORE FAIL
[RUSH] --- rush eval at (13,12) en_core=(18,18) ---
[RUSH] step1: no flow tile in gunner range of core
[RUSH] step2: flow near core at (18,13) d²=25, extending to siege (18,15)
[RUSH] extend: from (18,13) toward core (18,18)
[RUSH] extend: siege target (18,15)
[RUSH] extend: path=[(18, 13), (18, 14)]
[RUSH] extend: path len=2, builder at (13,12)
[RUSH] extend[0]: (18,13)->(18,14) bld=BuildingConveyor team=Team.A connected=True
[RUSH] extend[0]: already connected, skip
[RUSH] extend: endpoint (18,14) already has our gunner
  task=RUSH FAIL
  task=SCOUT_ENEMY 0us OK -> (<Direction.SOUTHWEST: 'southwest'>, None)
  task=HEAL_CORE FAIL
[RUSH] --- rush eval at (18,10) en_core=(18,18) ---
[RUSH] step1: no flow tile in gunner range of core
[RUSH] step2: flow near core at (17,3) d²=226, extending to siege (17,15)
[RUSH] extend: from (17,3) toward core (18,18)
[RUSH] extend: siege target (17,15)
[RUSH] extend: path=[(17, 3), (17, 2), (16, 2), (15, 2), (15, 3), (15, 4), (15, 5), (16, 5), (16, 6), (16, 7), (16, 8), (16, 9), (16, 10), (17, 10), (17, 11), (17, 12), (17, 15)]
[RUSH] extend: path len=17, builder at (18,10)
[RUSH] extend[0]: (17,3)->(17,2) bld=BuildingRoad team=Team.A connected=False
[RUSH] extend[0]: need to walk to (17,3) d²=50
  task=RUSH 0us OK -> (<Direction.NORTH: 'north'>, None)
  task=HEAL_CORE FAIL
[RUSH] --- rush eval at (18,13) en_core=(18,18) ---
[RUSH] step1: no flow tile in gunner range of core
[RUSH] step2: flow near core at (17,3) d²=226, extending to siege (17,15)
[RUSH] extend: from (17,3) toward core (18,18)
[RUSH] extend: siege target (17,15)
[RUSH] extend: path=[(17, 3), (17, 2), (16, 2), (15, 2), (15, 3), (15, 4), (15, 5), (16, 5), (16, 6), (16, 7), (16, 8), (16, 9), (16, 10), (17, 10), (17, 11), (17, 12), (17, 15)]
[RUSH] extend: path len=17, builder at (18,13)
[RUSH] extend[0]: (17,3)->(17,2) bld=BuildingRoad team=Team.A connected=False
[RUSH] extend[0]: need to walk to (17,3) d²=101
  task=RUSH 0us OK -> (<Direction.NORTH: 'north'>, None)
  task=HEAL_CORE FAIL
[RUSH] --- rush eval at (15,10) en_core=(18,18) ---
[RUSH] step1: no flow tile in gunner range of core
[RUSH] step2: flow near core at (17,3) d²=226, extending to siege (17,15)
[RUSH] extend: from (17,3) toward core (18,18)
[RUSH] extend: siege target (17,15)
[RUSH] extend: path=[(17, 3), (17, 2), (16, 2), (15, 2), (15, 3), (15, 4), (15, 5), (16, 5), (16, 6), (16, 7), (16, 8), (16, 9), (16, 10), (17, 10), (17, 11), (17, 12), (17, 15)]
[RUSH] extend: path len=17, builder at (15,10)
[RUSH] extend[0]: (17,3)->(17,2) bld=BuildingRoad team=Team.A connected=False
[RUSH] extend[0]: need to walk to (17,3) d²=53
  task=RUSH 0us OK -> (<Direction.NORTH: 'north'>, None)
[GUN] (14,19) facing=EAST
[GUN] ray: target=Position(x=17, y=19) pri=4
[GUN] ammo=True
[GUN] feed_dir=WEST
[GUN] scan NORTHWEST: pri=3
[GUN] cur_pri=4 best_rot=NORTHWEST rot_pri=3
[GUN] FIRE at (17,19) pri=4
[GUN] (14,18) facing=EAST
[GUN] ray: target=Position(x=17, y=18) pri=4
[GUN] ammo=True
[GUN] feed_dir=SOUTHWEST
[GUN] scan NORTH: pri=1
[GUN] scan NORTHEAST: pri=2
[GUN] scan WEST: pri=3
[GUN] scan NORTHWEST: pri=1
[GUN] cur_pri=4 best_rot=WEST rot_pri=3
[GUN] FIRE at (17,18) pri=4
[GUN] (19,14) facing=SOUTH
[GUN] ray: target=Position(x=19, y=17) pri=4
[GUN] ammo=True
[GUN] feed_dir=NORTH
[GUN] cur_pri=4 best_rot=SOUTH rot_pri=0
[GUN] FIRE at (19,17) pri=4
[GUN] (18,14) facing=WEST
[GUN] ray: target=Position(x=16, y=14) pri=5
[GUN] ammo=True
[GUN] FIRE at (16,14) pri=5
  task=HEAL_CORE FAIL
  task=RUSH FAIL
  task=SCOUT_ENEMY 0us OK -> (<Direction.SOUTH: 'south'>, None)
  task=HEAL_CORE FAIL
[RUSH] --- rush eval at (19,10) en_core=(18,18) ---
[RUSH] step1: no flow tile in gunner range of core
  task=RUSH 0us OK -> (<Direction.SOUTH: 'south'>, None)
  task=HEAL_CORE FAIL
[RUSH] --- rush eval at (12,13) en_core=(18,18) ---
[RUSH] step1: no flow tile in gunner range of core
  task=RUSH 0us OK -> (<Direction.NORTHEAST: 'northeast'>, None)
  task=HEAL_CORE FAIL
[RUSH] --- rush eval at (18,9) en_core=(18,18) ---
[RUSH] step1: no flow tile in gunner range of core
  task=RUSH 0us OK -> (<Direction.SOUTHEAST: 'southeast'>, None)
  task=HEAL_CORE FAIL
[RUSH] --- rush eval at (18,12) en_core=(18,18) ---
[RUSH] step1: no flow tile in gunner range of core
[RUSH] step1.5: upgrading conveyor at (18,13) to splitter facing WEST
  task=RUSH 0us OK -> (<Direction.CENTRE: 'centre'>, PlaceSplitter(pos=Position(x=18, y=13), direction=<Direction.WEST: 'west'>))
  task=HEAL_CORE FAIL
[RUSH] --- rush eval at (15,9) en_core=(18,18) ---
[RUSH] step1: no flow tile in gunner range of core
[RUSH] step2: flow near core at (17,3) d²=226, extending to siege (17,15)
[RUSH] extend: from (17,3) toward core (18,18)
[RUSH] extend: siege target (17,15)
[RUSH] extend: path=[(17, 3), (17, 2), (16, 2), (15, 2), (15, 3), (15, 4), (15, 5), (16, 5), (16, 6), (16, 7), (16, 8), (16, 9), (16, 10), (17, 10), (17, 11), (17, 12), (17, 15)]
[RUSH] extend: path len=17, builder at (15,9)
[RUSH] extend[0]: (17,3)->(17,2) bld=BuildingRoad team=Team.A connected=False
[RUSH] extend[0]: need to walk to (17,3) d²=40
  task=RUSH 0us OK -> (<Direction.NORTH: 'north'>, None)
[GUN] (14,19) facing=EAST
[GUN] ray: target=Position(x=17, y=19) pri=4
[GUN] ammo=True
[GUN] feed_dir=WEST
[GUN] scan NORTHWEST: pri=3
[GUN] cur_pri=4 best_rot=NORTHWEST rot_pri=3
[GUN] FIRE at (17,19) pri=4
[GUN] (14,18) facing=EAST
[GUN] ray: target=Position(x=17, y=18) pri=4
[GUN] ammo=True
[GUN] feed_dir=SOUTHWEST
[GUN] scan NORTH: pri=1
[GUN] scan NORTHEAST: pri=2
[GUN] scan WEST: pri=3
[GUN] scan NORTHWEST: pri=1
[GUN] cur_pri=4 best_rot=WEST rot_pri=3
[GUN] FIRE at (17,18) pri=4
[GUN] (19,14) facing=SOUTH
[GUN] ray: target=Position(x=19, y=17) pri=4
[GUN] ammo=True
[GUN] feed_dir=NORTH
[GUN] cur_pri=4 best_rot=SOUTH rot_pri=0
[GUN] FIRE at (19,17) pri=4
[GUN] (18,14) facing=WEST
[GUN] ray: target=Position(x=16, y=14) pri=5
[GUN] ammo=True
[GUN] FIRE at (16,14) pri=5
  task=HEAL_CORE FAIL
[RUSH] --- rush eval at (10,9) en_core=(18,18) ---
[RUSH] step1: no flow tile in gunner range of core
[RUSH] step2: no flow tile near enemy core
[RUSH] step2.5: checking unconnected harvesters
[RUSH] step2.5: harvester (3,16) d²=229 flow=0.000 has adjacent flow, skip
[RUSH] _find_rush_ore: 10 total ore, 10 seen, sym=Symmetry.ROT candidates={<Symmetry.ROT: 1>}
[RUSH]   ore (3,16) d²=229 bld=BuildingHarvester env=Environment.ORE_TITANIUM
[RUSH]   ore (16,3) d²=229 bld=None env=Environment.ORE_TITANIUM
[RUSH]   ore (16,13) d²=29 bld=BuildingHarvester env=Environment.ORE_TITANIUM
[RUSH]   PICKED: free ore at (16,2) d²=224
[RUSH] step3: free ore at (16,3)
[RUSH] step3: walking toward tap (16,2) for ore (16,3)
  task=RUSH 0us OK -> (<Direction.NORTH: 'north'>, None)
  task=HEAL_CORE FAIL
[RUSH] --- rush eval at (19,11) en_core=(18,18) ---
[RUSH] step1: no flow tile in gunner range of core
[RUSH] step2: flow near core at (18,12) d²=36, extending to siege (18,15)
[RUSH] extend: from (18,12) toward core (18,18)
[RUSH] extend: siege target (18,15)
[RUSH] extend: path=[(18, 12), (18, 15)]
[RUSH] extend: path len=2, builder at (19,11)
[RUSH] extend[0]: (18,12)->(18,15) bld=BuildingRoad team=Team.A connected=False
[RUSH] extend[0]: destroying allied BuildingRoad at (18,12) to rebuild
[RUSH] extend[0]: building (18,12)->(18,15) action=PlaceBridge(pos=Position(x=18, y=12), target=Position(x=18, y=15)) d²=2
  task=RUSH 0us OK -> (<Direction.CENTRE: 'centre'>, PlaceBridge(pos=Position(x=18, y=12), target=Position(x=18, y=15)))
  task=HEAL_CORE FAIL
[RUSH] --- rush eval at (13,12) en_core=(18,18) ---
[RUSH] step1: no flow tile in gunner range of core
[RUSH] step2: flow near core at (18,13) d²=25, extending to siege (18,15)
[RUSH] extend: from (18,13) toward core (18,18)
[RUSH] extend: siege target (18,15)
[RUSH] extend: path=[(18, 13), (18, 14)]
[RUSH] extend: path len=2, builder at (13,12)
[RUSH] extend[0]: (18,13)->(18,14) bld=BuildingConveyor team=Team.A connected=True
[RUSH] extend[0]: already connected, skip
[RUSH] extend: endpoint (18,14) already has our gunner
  task=RUSH FAIL
  task=SCOUT_ENEMY 0us OK -> (<Direction.SOUTHWEST: 'southwest'>, None)
  task=HEAL_CORE FAIL
[RUSH] --- rush eval at (19,10) en_core=(18,18) ---
[RUSH] step1: no flow tile in gunner range of core
[RUSH] step2: flow near core at (18,12) d²=36, extending to siege (18,15)
[RUSH] extend: from (18,12) toward core (18,18)
[RUSH] extend: siege target (18,15)
[RUSH] extend: path=[(18, 12), (18, 15)]
[RUSH] extend: path len=2, builder at (19,10)
[RUSH] extend[0]: (18,12)->(18,15) bld=None team=None connected=False
[RUSH] extend[0]: need to walk to (18,12) d²=5
  task=RUSH 0us OK -> (<Direction.SOUTHWEST: 'southwest'>, None)
  task=HEAL_CORE FAIL
[RUSH] --- rush eval at (18,12) en_core=(18,18) ---
[RUSH] step1: no flow tile in gunner range of core
[RUSH] step2: flow near core at (18,12) d²=36, extending to siege (18,15)
[RUSH] extend: from (18,12) toward core (18,18)
[RUSH] extend: siege target (18,15)
[RUSH] extend: path=[(18, 12), (18, 15)]
[RUSH] extend: path len=2, builder at (18,12)
[RUSH] extend[0]: (18,12)->(18,15) bld=None team=None connected=False
[RUSH] extend[0]: building (18,12)->(18,15) action=PlaceBridge(pos=Position(x=18, y=12), target=Position(x=18, y=15)) d²=0
  task=RUSH 0us OK -> (<Direction.CENTRE: 'centre'>, PlaceBridge(pos=Position(x=18, y=12), target=Position(x=18, y=15)))
  task=HEAL_CORE FAIL
[RUSH] --- rush eval at (15,8) en_core=(18,18) ---
[RUSH] step1: no flow tile in gunner range of core
[RUSH] step2: flow near core at (17,3) d²=226, extending to siege (17,15)
[RUSH] extend: from (17,3) toward core (18,18)
[RUSH] extend: siege target (17,15)
[RUSH] extend: path=[(17, 3), (17, 2), (16, 2), (15, 2), (15, 3), (15, 4), (15, 5), (16, 5), (16, 6), (16, 7), (16, 8), (16, 9), (16, 10), (17, 10), (17, 11), (17, 12), (17, 15)]
[RUSH] extend: path len=17, builder at (15,8)
[RUSH] extend[0]: (17,3)->(17,2) bld=BuildingRoad team=Team.A connected=False
[RUSH] extend[0]: need to walk to (17,3) d²=29
  task=RUSH 0us OK -> (<Direction.NORTHEAST: 'northeast'>, None)
[GUN] (14,19) facing=EAST
[GUN] ray: target=Position(x=17, y=19) pri=4
[GUN] ammo=True
[GUN] feed_dir=WEST
[GUN] scan NORTHWEST: pri=3
[GUN] cur_pri=4 best_rot=NORTHWEST rot_pri=3
[GUN] FIRE at (17,19) pri=4
[GUN] (14,18) facing=EAST
[GUN] ray: target=Position(x=17, y=18) pri=4
[GUN] ammo=True
[GUN] feed_dir=SOUTHWEST
[GUN] scan NORTH: pri=1
[GUN] scan NORTHEAST: pri=2
[GUN] scan WEST: pri=3
[GUN] scan NORTHWEST: pri=1
[GUN] cur_pri=4 best_rot=WEST rot_pri=3
[GUN] FIRE at (17,18) pri=4
[GUN] (19,14) facing=SOUTH
[GUN] ray: target=Position(x=19, y=17) pri=4
[GUN] ammo=True
[GUN] feed_dir=NORTH
[GUN] cur_pri=4 best_rot=SOUTH rot_pri=0
[GUN] FIRE at (19,17) pri=4
[GUN] (18,14) facing=WEST
[GUN] ray: target=Position(x=15, y=14) pri=5
[GUN] ammo=True
[GUN] FIRE at (15,14) pri=5
  task=HEAL_CORE FAIL
  task=RUSH FAIL
  task=SCOUT_ENEMY 0us OK -> (<Direction.SOUTH: 'south'>, None)
  task=HEAL_CORE FAIL
[RUSH] --- rush eval at (19,11) en_core=(18,18) ---
[RUSH] step1: no flow tile in gunner range of core
[RUSH] step2: flow near core at (18,12) d²=36, extending to siege (18,15)
[RUSH] extend: from (18,12) toward core (18,18)
[RUSH] extend: siege target (18,15)
[RUSH] extend: path=[(18, 12), (18, 15)]
[RUSH] extend: path len=2, builder at (19,11)
[RUSH] extend[0]: (18,12)->(18,15) bld=None team=None connected=False
[RUSH] extend[0]: building (18,12)->(18,15) action=PlaceBridge(pos=Position(x=18, y=12), target=Position(x=18, y=15)) d²=2
  task=RUSH 0us OK -> (<Direction.CENTRE: 'centre'>, PlaceBridge(pos=Position(x=18, y=12), target=Position(x=18, y=15)))
  task=HEAL_CORE FAIL
[RUSH] --- rush eval at (12,13) en_core=(18,18) ---
[RUSH] step1: no flow tile in gunner range of core
[RUSH] step2: flow near core at (18,13) d²=25, extending to siege (18,15)
[RUSH] extend: from (18,13) toward core (18,18)
[RUSH] extend: siege target (18,15)
[RUSH] extend: path=[(18, 13), (18, 14)]
[RUSH] extend: path len=2, builder at (12,13)
[RUSH] extend[0]: (18,13)->(18,14) bld=BuildingConveyor team=Team.A connected=True
[RUSH] extend[0]: already connected, skip
[RUSH] extend: endpoint (18,14) already has our gunner
  task=RUSH FAIL
  task=SCOUT_ENEMY 0us OK -> (<Direction.SOUTH: 'south'>, None)
  task=HEAL_CORE FAIL
[RUSH] --- rush eval at (18,11) en_core=(18,18) ---
[RUSH] step1: no flow tile in gunner range of core
[RUSH] step2: flow near core at (18,12) d²=36, extending to siege (18,15)
[RUSH] extend: from (18,12) toward core (18,18)
[RUSH] extend: siege target (18,15)
[RUSH] extend: path=[(18, 12), (18, 15)]
[RUSH] extend: path len=2, builder at (18,11)
[RUSH] extend[0]: (18,12)->(18,15) bld=None team=None connected=False
[RUSH] extend[0]: building (18,12)->(18,15) action=PlaceBridge(pos=Position(x=18, y=12), target=Position(x=18, y=15)) d²=1
  task=RUSH 0us OK -> (<Direction.CENTRE: 'centre'>, PlaceBridge(pos=Position(x=18, y=12), target=Position(x=18, y=15)))
  task=HEAL_CORE FAIL
[RUSH] --- rush eval at (18,12) en_core=(18,18) ---
[RUSH] step1: no flow tile in gunner range of core
[RUSH] step2: flow near core at (18,12) d²=36, extending to siege (18,15)
[RUSH] extend: from (18,12) toward core (18,18)
[RUSH] extend: siege target (18,15)
[RUSH] extend: path=[(18, 12), (18, 15)]
[RUSH] extend: path len=2, builder at (18,12)
[RUSH] extend[0]: (18,12)->(18,15) bld=None team=None connected=False
[RUSH] extend[0]: building (18,12)->(18,15) action=PlaceBridge(pos=Position(x=18, y=12), target=Position(x=18, y=15)) d²=0
  task=RUSH 0us OK -> (<Direction.CENTRE: 'centre'>, PlaceBridge(pos=Position(x=18, y=12), target=Position(x=18, y=15)))
  task=HEAL_CORE FAIL
[RUSH] --- rush eval at (16,7) en_core=(18,18) ---
[RUSH] step1: no flow tile in gunner range of core
[RUSH] step2: flow near core at (17,3) d²=226, extending to siege (17,15)
[RUSH] extend: from (17,3) toward core (18,18)
[RUSH] extend: siege target (17,15)
[RUSH] extend: path=[(17, 3), (17, 2), (16, 2), (15, 2), (15, 3), (15, 4), (15, 5), (16, 5), (16, 6), (16, 7), (16, 8), (16, 9), (16, 10), (17, 10), (17, 11), (17, 12), (17, 15)]
[RUSH] extend: path len=17, builder at (16,7)
[RUSH] extend[0]: (17,3)->(17,2) bld=BuildingRoad team=Team.A connected=False
[RUSH] extend[0]: need to walk to (17,3) d²=17
  task=RUSH 0us OK -> (<Direction.NORTH: 'north'>, None)
[GUN] (14,19) facing=EAST
[GUN] ray: target=Position(x=17, y=19) pri=4
[GUN] ammo=True
[GUN] feed_dir=WEST
[GUN] scan NORTHWEST: pri=3
[GUN] cur_pri=4 best_rot=NORTHWEST rot_pri=3
[GUN] FIRE at (17,19) pri=4
[GUN] (14,18) facing=EAST
[GUN] ray: target=Position(x=17, y=18) pri=4
[GUN] ammo=True
[GUN] feed_dir=SOUTHWEST
[GUN] scan NORTH: pri=1
[GUN] scan NORTHEAST: pri=2
[GUN] scan WEST: pri=3
[GUN] scan NORTHWEST: pri=1
[GUN] cur_pri=4 best_rot=WEST rot_pri=3
[GUN] FIRE at (17,18) pri=4
[GUN] (19,14) facing=SOUTH
[GUN] ray: target=Position(x=19, y=17) pri=4
[GUN] ammo=True
[GUN] feed_dir=NORTH
[GUN] cur_pri=4 best_rot=SOUTH rot_pri=0
[GUN] FIRE at (19,17) pri=4
[GUN] (18,14) facing=WEST
[GUN] ray: target=Position(x=16, y=14) pri=5
[GUN] ammo=True
[GUN] FIRE at (16,14) pri=5
  task=HEAL_CORE FAIL
[RUSH] --- rush eval at (10,9) en_core=(18,18) ---
[RUSH] step1: no flow tile in gunner range of core
[RUSH] step2: no flow tile near enemy core
[RUSH] step2.5: checking unconnected harvesters
[RUSH] step2.5: harvester (3,16) d²=229 flow=0.000 has adjacent flow, skip
[RUSH] _find_rush_ore: 10 total ore, 10 seen, sym=Symmetry.ROT candidates={<Symmetry.ROT: 1>}
[RUSH]   ore (3,16) d²=229 bld=BuildingHarvester env=Environment.ORE_TITANIUM
[RUSH]   ore (16,3) d²=229 bld=None env=Environment.ORE_TITANIUM
[RUSH]   ore (16,13) d²=29 bld=BuildingHarvester env=Environment.ORE_TITANIUM
[RUSH]   PICKED: free ore at (16,2) d²=224
[RUSH] step3: free ore at (16,3)
[RUSH] step3: walking toward tap (16,2) for ore (16,3)
  task=RUSH 0us OK -> (<Direction.NORTH: 'north'>, None)
  task=HEAL_CORE FAIL
[RUSH] --- rush eval at (19,11) en_core=(18,18) ---
[RUSH] step1: no flow tile in gunner range of core
[RUSH] step2: flow near core at (18,12) d²=36, extending to siege (18,15)
[RUSH] extend: from (18,12) toward core (18,18)
[RUSH] extend: siege target (18,15)
[RUSH] extend: path=[(18, 12), (18, 15)]
[RUSH] extend: path len=2, builder at (19,11)
[RUSH] extend[0]: (18,12)->(18,15) bld=None team=None connected=False
[RUSH] extend[0]: building (18,12)->(18,15) action=PlaceBridge(pos=Position(x=18, y=12), target=Position(x=18, y=15)) d²=2
  task=RUSH 0us OK -> (<Direction.CENTRE: 'centre'>, PlaceBridge(pos=Position(x=18, y=12), target=Position(x=18, y=15)))
  task=HEAL_CORE FAIL
[RUSH] --- rush eval at (12,14) en_core=(18,18) ---
[RUSH] step1: no flow tile in gunner range of core
[RUSH] step2: flow near core at (18,13) d²=25, extending to siege (18,15)
[RUSH] extend: from (18,13) toward core (18,18)
[RUSH] extend: siege target (18,15)
[RUSH] extend: path=[(18, 13), (18, 14)]
[RUSH] extend: path len=2, builder at (12,14)
[RUSH] extend[0]: (18,13)->(18,14) bld=BuildingConveyor team=Team.A connected=True
[RUSH] extend[0]: already connected, skip
[RUSH] extend: endpoint (18,14) already has our gunner
  task=RUSH FAIL
  task=SCOUT_ENEMY 0us OK -> (<Direction.SOUTHEAST: 'southeast'>, None)
  task=HEAL_CORE FAIL
[RUSH] --- rush eval at (18,11) en_core=(18,18) ---
[RUSH] step1: no flow tile in gunner range of core
[RUSH] step2: flow near core at (18,12) d²=36, extending to siege (18,15)
[RUSH] extend: from (18,12) toward core (18,18)
[RUSH] extend: siege target (18,15)
[RUSH] extend: path=[(18, 12), (18, 15)]
[RUSH] extend: path len=2, builder at (18,11)
[RUSH] extend[0]: (18,12)->(18,15) bld=None team=None connected=False
[RUSH] extend[0]: building (18,12)->(18,15) action=PlaceBridge(pos=Position(x=18, y=12), target=Position(x=18, y=15)) d²=1
  task=RUSH 0us OK -> (<Direction.CENTRE: 'centre'>, PlaceBridge(pos=Position(x=18, y=12), target=Position(x=18, y=15)))
  task=HEAL_CORE FAIL
[RUSH] --- rush eval at (18,12) en_core=(18,18) ---
[RUSH] step1: no flow tile in gunner range of core
[RUSH] step2: flow near core at (18,12) d²=36, extending to siege (18,15)
[RUSH] extend: from (18,12) toward core (18,18)
[RUSH] extend: siege target (18,15)
[RUSH] extend: path=[(18, 12), (18, 15)]
[RUSH] extend: path len=2, builder at (18,12)
[RUSH] extend[0]: (18,12)->(18,15) bld=None team=None connected=False
[RUSH] extend[0]: building (18,12)->(18,15) action=PlaceBridge(pos=Position(x=18, y=12), target=Position(x=18, y=15)) d²=0
  task=RUSH 0us OK -> (<Direction.CENTRE: 'centre'>, PlaceBridge(pos=Position(x=18, y=12), target=Position(x=18, y=15)))
  task=HEAL_CORE FAIL
[RUSH] --- rush eval at (16,6) en_core=(18,18) ---
[RUSH] step1: no flow tile in gunner range of core
[RUSH] step2: flow near core at (17,3) d²=226, extending to siege (17,15)
[RUSH] extend: from (17,3) toward core (18,18)
[RUSH] extend: siege target (17,15)
[RUSH] extend: path=[(17, 3), (17, 2), (16, 2), (15, 2), (15, 3), (15, 4), (15, 5), (16, 5), (16, 6), (16, 7), (16, 8), (16, 9), (16, 10), (17, 10), (17, 11), (17, 12), (17, 15)]
[RUSH] extend: path len=17, builder at (16,6)
[RUSH] extend[0]: (17,3)->(17,2) bld=BuildingRoad team=Team.A connected=False
[RUSH] extend[0]: need to walk to (17,3) d²=10
  task=RUSH 0us OK -> (<Direction.NORTH: 'north'>, None)
[GUN] (14,19) facing=EAST
[GUN] ray: target=None pri=0
[GUN] ammo=False
[GUN] no target, no ammo
[GUN] (14,18) facing=EAST
[GUN] ray: target=Position(x=17, y=18) pri=4
[GUN] ammo=True
[GUN] feed_dir=SOUTHWEST
[GUN] scan NORTH: pri=1
[GUN] scan NORTHEAST: pri=2
[GUN] scan WEST: pri=3
[GUN] scan NORTHWEST: pri=1
[GUN] cur_pri=4 best_rot=WEST rot_pri=3
[GUN] FIRE at (17,18) pri=4
[GUN] (19,14) facing=SOUTH
[GUN] ray: target=Position(x=19, y=17) pri=4
[GUN] ammo=True
[GUN] feed_dir=NORTH
[GUN] cur_pri=4 best_rot=SOUTH rot_pri=0
[GUN] FIRE at (19,17) pri=4
[GUN] (18,14) facing=WEST
[GUN] ray: target=Position(x=16, y=14) pri=5
[GUN] ammo=True
[GUN] FIRE at (16,14) pri=5
  task=HEAL_CORE FAIL
  task=RUSH FAIL
  task=SCOUT_ENEMY 0us OK -> (<Direction.SOUTH: 'south'>, None)
  task=HEAL_CORE FAIL
[RUSH] --- rush eval at (19,11) en_core=(18,18) ---
[RUSH] step1: no flow tile in gunner range of core
[RUSH] step2: flow near core at (18,12) d²=36, extending to siege (18,15)
[RUSH] extend: from (18,12) toward core (18,18)
[RUSH] extend: siege target (18,15)
[RUSH] extend: path=[(18, 12), (18, 15)]
[RUSH] extend: path len=2, builder at (19,11)
[RUSH] extend[0]: (18,12)->(18,15) bld=None team=None connected=False
[RUSH] extend[0]: building (18,12)->(18,15) action=PlaceBridge(pos=Position(x=18, y=12), target=Position(x=18, y=15)) d²=2
  task=RUSH 0us OK -> (<Direction.CENTRE: 'centre'>, PlaceBridge(pos=Position(x=18, y=12), target=Position(x=18, y=15)))
  task=HEAL_CORE FAIL
[RUSH] --- rush eval at (13,15) en_core=(18,18) ---
[RUSH] step1: no flow tile in gunner range of core
[RUSH] step2: flow near core at (18,13) d²=25, extending to siege (18,15)
[RUSH] extend: from (18,13) toward core (18,18)
[RUSH] extend: siege target (18,15)
[RUSH] extend: path=[(18, 13), (18, 14)]
[RUSH] extend: path len=2, builder at (13,15)
[RUSH] extend[0]: (18,13)->(18,14) bld=BuildingConveyor team=Team.A connected=True
[RUSH] extend[0]: already connected, skip
[RUSH] extend: endpoint (18,14) already has our gunner
  task=RUSH FAIL
  task=SCOUT_ENEMY 0us OK -> (<Direction.SOUTHEAST: 'southeast'>, None)
  task=HEAL_CORE FAIL
[RUSH] --- rush eval at (18,11) en_core=(18,18) ---
[RUSH] step1: no flow tile in gunner range of core
[RUSH] step2: flow near core at (18,12) d²=36, extending to siege (18,15)
[RUSH] extend: from (18,12) toward core (18,18)
[RUSH] extend: siege target (18,15)
[RUSH] extend: path=[(18, 12), (18, 15)]
[RUSH] extend: path len=2, builder at (18,11)
[RUSH] extend[0]: (18,12)->(18,15) bld=None team=None connected=False
[RUSH] extend[0]: building (18,12)->(18,15) action=PlaceBridge(pos=Position(x=18, y=12), target=Position(x=18, y=15)) d²=1
  task=RUSH 0us OK -> (<Direction.CENTRE: 'centre'>, PlaceBridge(pos=Position(x=18, y=12), target=Position(x=18, y=15)))
  task=HEAL_CORE FAIL
[RUSH] --- rush eval at (18,12) en_core=(18,18) ---
[RUSH] step1: no flow tile in gunner range of core
[RUSH] step2: flow near core at (18,12) d²=36, extending to siege (18,15)
[RUSH] extend: from (18,12) toward core (18,18)
[RUSH] extend: siege target (18,15)
[RUSH] extend: path=[(18, 12), (18, 15)]
[RUSH] extend: path len=2, builder at (18,12)
[RUSH] extend[0]: (18,12)->(18,15) bld=None team=None connected=False
[RUSH] extend[0]: building (18,12)->(18,15) action=PlaceBridge(pos=Position(x=18, y=12), target=Position(x=18, y=15)) d²=0
  task=RUSH 0us OK -> (<Direction.CENTRE: 'centre'>, PlaceBridge(pos=Position(x=18, y=12), target=Position(x=18, y=15)))
  task=HEAL_CORE FAIL
[RUSH] --- rush eval at (16,5) en_core=(18,18) ---
[RUSH] step1: no flow tile in gunner range of core
[RUSH] step2: flow near core at (17,3) d²=226, extending to siege (17,15)
[RUSH] extend: from (17,3) toward core (18,18)
[RUSH] extend: siege target (17,15)
[RUSH] extend: path=[(17, 3), (17, 2), (16, 2), (15, 2), (15, 3), (15, 4), (15, 5), (16, 5), (16, 6), (16, 7), (16, 8), (16, 9), (16, 10), (17, 10), (17, 11), (17, 12), (17, 15)]
[RUSH] extend: path len=17, builder at (16,5)
[RUSH] extend[0]: (17,3)->(17,2) bld=BuildingRoad team=Team.A connected=False
[RUSH] extend[0]: need to walk to (17,3) d²=5
  task=RUSH 0us OK -> (<Direction.NORTH: 'north'>, None)
[GUN] (14,19) facing=EAST
[GUN] ray: target=None pri=0
[GUN] ammo=False
[GUN] no target, no ammo
[GUN] (14,18) facing=EAST
[GUN] ray: target=None pri=0
[GUN] ammo=False
[GUN] no target, no ammo
[GUN] (19,14) facing=SOUTH
[GUN] ray: target=Position(x=19, y=17) pri=4
[GUN] ammo=True
[GUN] feed_dir=NORTH
[GUN] cur_pri=4 best_rot=SOUTH rot_pri=0
[GUN] FIRE at (19,17) pri=4
[GUN] (18,14) facing=WEST
[GUN] ray: target=Position(x=16, y=14) pri=5
[GUN] ammo=True
[GUN] FIRE at (16,14) pri=5
  task=HEAL_CORE FAIL
[RUSH] --- rush eval at (10,9) en_core=(18,18) ---
[RUSH] step1: no flow tile in gunner range of core
[RUSH] step2: no flow tile near enemy core
[RUSH] step2.5: checking unconnected harvesters
[RUSH] step2.5: harvester (3,16) d²=229 flow=0.000 has adjacent flow, skip
[RUSH] _find_rush_ore: 10 total ore, 10 seen, sym=Symmetry.ROT candidates={<Symmetry.ROT: 1>}
[RUSH]   ore (3,16) d²=229 bld=BuildingHarvester env=Environment.ORE_TITANIUM
[RUSH]   ore (16,3) d²=229 bld=None env=Environment.ORE_TITANIUM
[RUSH]   ore (16,13) d²=29 bld=BuildingHarvester env=Environment.ORE_TITANIUM
[RUSH]   PICKED: free ore at (16,2) d²=224
[RUSH] step3: free ore at (16,3)
[RUSH] step3: walking toward tap (16,2) for ore (16,3)
  task=RUSH 0us OK -> (<Direction.NORTH: 'north'>, None)
  task=HEAL_CORE FAIL
[RUSH] --- rush eval at (19,11) en_core=(18,18) ---
[RUSH] step1: no flow tile in gunner range of core
[RUSH] step2: flow near core at (18,12) d²=36, extending to siege (18,15)
[RUSH] extend: from (18,12) toward core (18,18)
[RUSH] extend: siege target (18,15)
[RUSH] extend: path=[(18, 12), (18, 15)]
[RUSH] extend: path len=2, builder at (19,11)
[RUSH] extend[0]: (18,12)->(18,15) bld=None team=None connected=False
[RUSH] extend[0]: building (18,12)->(18,15) action=PlaceBridge(pos=Position(x=18, y=12), target=Position(x=18, y=15)) d²=2
  task=RUSH 0us OK -> (<Direction.CENTRE: 'centre'>, PlaceBridge(pos=Position(x=18, y=12), target=Position(x=18, y=15)))
  task=HEAL_CORE FAIL
[RUSH] --- rush eval at (14,16) en_core=(18,18) ---
[RUSH] step1: no flow tile in gunner range of core
[RUSH] step2: flow near core at (17,3) d²=226, extending to siege (17,15)
[RUSH] extend: from (17,3) toward core (18,18)
[RUSH] extend: siege target (17,15)
[RUSH] extend: path=[(17, 3), (17, 2), (16, 2), (15, 2), (15, 3), (15, 4), (15, 5), (16, 5), (16, 6), (16, 7), (16, 8), (16, 9), (16, 10), (17, 10), (17, 11), (17, 12), (17, 15)]
[RUSH] extend: path len=17, builder at (14,16)
[RUSH] extend[0]: (17,3)->(17,2) bld=BuildingRoad team=Team.A connected=False
[RUSH] extend[0]: need to walk to (17,3) d²=178
  task=RUSH 0us OK -> (<Direction.NORTHWEST: 'northwest'>, None)
  task=HEAL_CORE FAIL
[RUSH] --- rush eval at (18,11) en_core=(18,18) ---
[RUSH] step1: no flow tile in gunner range of core
[RUSH] step2: flow near core at (18,12) d²=36, extending to siege (18,15)
[RUSH] extend: from (18,12) toward core (18,18)
[RUSH] extend: siege target (18,15)
[RUSH] extend: path=[(18, 12), (18, 15)]
[RUSH] extend: path len=2, builder at (18,11)
[RUSH] extend[0]: (18,12)->(18,15) bld=None team=None connected=False
[RUSH] extend[0]: building (18,12)->(18,15) action=PlaceBridge(pos=Position(x=18, y=12), target=Position(x=18, y=15)) d²=1
  task=RUSH 0us OK -> (<Direction.CENTRE: 'centre'>, PlaceBridge(pos=Position(x=18, y=12), target=Position(x=18, y=15)))
  task=HEAL_CORE FAIL
[RUSH] --- rush eval at (18,12) en_core=(18,18) ---
[RUSH] step1: no flow tile in gunner range of core
[RUSH] step2: flow near core at (18,12) d²=36, extending to siege (18,15)
[RUSH] extend: from (18,12) toward core (18,18)
[RUSH] extend: siege target (18,15)
[RUSH] extend: path=[(18, 12), (18, 15)]
[RUSH] extend: path len=2, builder at (18,12)
[RUSH] extend[0]: (18,12)->(18,15) bld=None team=None connected=False
[RUSH] extend[0]: building (18,12)->(18,15) action=PlaceBridge(pos=Position(x=18, y=12), target=Position(x=18, y=15)) d²=0
  task=RUSH 0us OK -> (<Direction.CENTRE: 'centre'>, PlaceBridge(pos=Position(x=18, y=12), target=Position(x=18, y=15)))
  task=HEAL_CORE FAIL
[RUSH] --- rush eval at (16,4) en_core=(18,18) ---
[RUSH] step1: no flow tile in gunner range of core
[RUSH] step2: flow near core at (17,3) d²=226, extending to siege (17,15)
[RUSH] extend: from (17,3) toward core (18,18)
[RUSH] extend: siege target (17,15)
[RUSH] extend: path=[(17, 3), (17, 2), (16, 2), (15, 2), (15, 3), (15, 4), (15, 5), (16, 5), (16, 6), (16, 7), (16, 8), (16, 9), (16, 10), (17, 10), (17, 11), (17, 12), (17, 15)]
[RUSH] extend: path len=17, builder at (16,4)
[RUSH] extend[0]: (17,3)->(17,2) bld=BuildingRoad team=Team.A connected=False
[RUSH] extend[0]: destroying allied BuildingRoad at (17,3) to rebuild
[RUSH] extend[0]: building (17,3)->(17,2) action=PlaceConveyor(pos=Position(x=17, y=3), direction=<Direction.NORTH: 'north'>) d²=2
  task=RUSH 0us OK -> (<Direction.CENTRE: 'centre'>, PlaceConveyor(pos=Position(x=17, y=3), direction=<Direction.NORTH: 'north'>))
[GUN] (14,19) facing=EAST
[GUN] ray: target=None pri=0
[GUN] ammo=False
[GUN] no target, no ammo
[GUN] (14,18) facing=EAST
[GUN] ray: target=None pri=0
[GUN] ammo=False
[GUN] no target, no ammo
[GUN] (19,14) facing=SOUTH
[GUN] ray: target=Position(x=19, y=17) pri=4
[GUN] ammo=True
[GUN] feed_dir=NORTH
[GUN] cur_pri=4 best_rot=SOUTH rot_pri=0
[GUN] FIRE at (19,17) pri=4
[GUN] (18,14) facing=WEST
[GUN] ray: target=Position(x=16, y=14) pri=5
[GUN] ammo=True
[GUN] FIRE at (16,14) pri=5
  task=HEAL_CORE FAIL
  task=RUSH FAIL
  task=SCOUT_ENEMY 0us OK -> (<Direction.SOUTH: 'south'>, None)
  task=HEAL_CORE FAIL
[RUSH] --- rush eval at (19,11) en_core=(18,18) ---
[RUSH] step1: no flow tile in gunner range of core
[RUSH] step2: flow near core at (18,12) d²=36, extending to siege (18,15)
[RUSH] extend: from (18,12) toward core (18,18)
[RUSH] extend: siege target (18,15)
[RUSH] extend: path=[(18, 12), (18, 15)]
[RUSH] extend: path len=2, builder at (19,11)
[RUSH] extend[0]: (18,12)->(18,15) bld=None team=None connected=False
[RUSH] extend[0]: building (18,12)->(18,15) action=PlaceBridge(pos=Position(x=18, y=12), target=Position(x=18, y=15)) d²=2
  task=RUSH 0us OK -> (<Direction.CENTRE: 'centre'>, PlaceBridge(pos=Position(x=18, y=12), target=Position(x=18, y=15)))
  task=HEAL_CORE FAIL
[RUSH] --- rush eval at (13,15) en_core=(18,18) ---
[RUSH] step1: no flow tile in gunner range of core
[RUSH] step2: flow near core at (17,3) d²=226, extending to siege (17,15)
[RUSH] extend: from (17,3) toward core (18,18)
[RUSH] extend: siege target (17,15)
[RUSH] extend: path=[(17, 3), (17, 2), (16, 2), (15, 2), (15, 3), (15, 4), (15, 5), (16, 5), (16, 6), (16, 7), (16, 8), (16, 9), (16, 10), (17, 10), (17, 11), (17, 12), (17, 15)]
[RUSH] extend: path len=17, builder at (13,15)
[RUSH] extend[0]: (17,3)->(17,2) bld=BuildingRoad team=Team.A connected=False
[RUSH] extend[0]: need to walk to (17,3) d²=160
  task=RUSH 0us OK -> (<Direction.NORTHWEST: 'northwest'>, None)
  task=HEAL_CORE FAIL
[RUSH] --- rush eval at (18,11) en_core=(18,18) ---
[RUSH] step1: no flow tile in gunner range of core
[RUSH] step2: flow near core at (18,12) d²=36, extending to siege (18,15)
[RUSH] extend: from (18,12) toward core (18,18)
[RUSH] extend: siege target (18,15)
[RUSH] extend: path=[(18, 12), (18, 15)]
[RUSH] extend: path len=2, builder at (18,11)
[RUSH] extend[0]: (18,12)->(18,15) bld=None team=None connected=False
[RUSH] extend[0]: building (18,12)->(18,15) action=PlaceBridge(pos=Position(x=18, y=12), target=Position(x=18, y=15)) d²=1
  task=RUSH 0us OK -> (<Direction.CENTRE: 'centre'>, PlaceBridge(pos=Position(x=18, y=12), target=Position(x=18, y=15)))
  task=HEAL_CORE FAIL
[RUSH] --- rush eval at (18,12) en_core=(18,18) ---
[RUSH] step1: no flow tile in gunner range of core
[RUSH] step2: flow near core at (18,12) d²=36, extending to siege (18,15)
[RUSH] extend: from (18,12) toward core (18,18)
[RUSH] extend: siege target (18,15)
[RUSH] extend: path=[(18, 12), (18, 15)]
[RUSH] extend: path len=2, builder at (18,12)
[RUSH] extend[0]: (18,12)->(18,15) bld=None team=None connected=False
[RUSH] extend[0]: building (18,12)->(18,15) action=PlaceBridge(pos=Position(x=18, y=12), target=Position(x=18, y=15)) d²=0
  task=RUSH 0us OK -> (<Direction.CENTRE: 'centre'>, PlaceBridge(pos=Position(x=18, y=12), target=Position(x=18, y=15)))
  task=HEAL_CORE FAIL
[RUSH] --- rush eval at (16,4) en_core=(18,18) ---
[RUSH] step1: no flow tile in gunner range of core
[RUSH] step2: flow near core at (17,3) d²=226, extending to siege (17,15)
[RUSH] extend: from (17,3) toward core (18,18)
[RUSH] extend: siege target (17,15)
[RUSH] extend: path=[(17, 3), (17, 2), (16, 2), (15, 2), (15, 3), (15, 4), (15, 5), (16, 5), (16, 6), (16, 7), (16, 8), (16, 9), (16, 10), (17, 10), (17, 11), (17, 12), (17, 15)]
[RUSH] extend: path len=17, builder at (16,4)
[RUSH] extend[0]: (17,3)->(17,2) bld=BuildingConveyor team=Team.A connected=True
[RUSH] extend[0]: already connected, skip
[RUSH] extend[1]: (17,2)->(16,2) bld=BuildingMarker team=Team.A connected=False
[RUSH] extend[1]: need to walk to (17,2) d²=5
  task=RUSH 0us OK -> (<Direction.NORTHEAST: 'northeast'>, None)
[GUN] (14,19) facing=EAST
[GUN] ray: target=Position(x=17, y=19) pri=4
[GUN] ammo=True
[GUN] feed_dir=WEST
[GUN] scan NORTHWEST: pri=3
[GUN] cur_pri=4 best_rot=NORTHWEST rot_pri=3
[GUN] FIRE at (17,19) pri=4
[GUN] (14,18) facing=EAST
[GUN] ray: target=None pri=0
[GUN] ammo=False
[GUN] no target, no ammo
[GUN] (19,14) facing=SOUTH
[GUN] ray: target=Position(x=19, y=17) pri=4
[GUN] ammo=True
[GUN] feed_dir=NORTH
[GUN] cur_pri=4 best_rot=SOUTH rot_pri=0
[GUN] FIRE at (19,17) pri=4
[GUN] (18,14) facing=WEST
[GUN] ray: target=Position(x=16, y=14) pri=5
[GUN] ammo=True
[GUN] FIRE at (16,14) pri=5
  task=HEAL_CORE FAIL
[RUSH] --- rush eval at (10,9) en_core=(18,18) ---
[RUSH] step1: no flow tile in gunner range of core
[RUSH] step2: no flow tile near enemy core
[RUSH] step2.5: checking unconnected harvesters
[RUSH] step2.5: harvester (3,16) d²=229 flow=0.000 has adjacent flow, skip
[RUSH] _find_rush_ore: 10 total ore, 10 seen, sym=Symmetry.ROT candidates={<Symmetry.ROT: 1>}
[RUSH]   ore (3,16) d²=229 bld=BuildingHarvester env=Environment.ORE_TITANIUM
[RUSH]   ore (16,3) d²=229 bld=None env=Environment.ORE_TITANIUM
[RUSH]   ore (16,13) d²=29 bld=BuildingHarvester env=Environment.ORE_TITANIUM
[RUSH]   PICKED: free ore at (16,2) d²=224
[RUSH] step3: free ore at (16,3)
[RUSH] step3: walking toward tap (16,2) for ore (16,3)
  task=RUSH 0us OK -> (<Direction.NORTH: 'north'>, None)
  task=HEAL_CORE FAIL
[RUSH] --- rush eval at (19,11) en_core=(18,18) ---
[RUSH] step1: no flow tile in gunner range of core
[RUSH] step2: flow near core at (18,12) d²=36, extending to siege (18,15)
[RUSH] extend: from (18,12) toward core (18,18)
[RUSH] extend: siege target (18,15)
[RUSH] extend: path=[(18, 12), (18, 15)]
[RUSH] extend: path len=2, builder at (19,11)
[RUSH] extend[0]: (18,12)->(18,15) bld=None team=None connected=False
[RUSH] extend[0]: building (18,12)->(18,15) action=PlaceBridge(pos=Position(x=18, y=12), target=Position(x=18, y=15)) d²=2
  task=RUSH 0us OK -> (<Direction.CENTRE: 'centre'>, PlaceBridge(pos=Position(x=18, y=12), target=Position(x=18, y=15)))
  task=HEAL_CORE FAIL
[RUSH] --- rush eval at (12,14) en_core=(18,18) ---
[RUSH] step1: no flow tile in gunner range of core
[RUSH] step2: flow near core at (17,3) d²=226, extending to siege (17,15)
[RUSH] extend: from (17,3) toward core (18,18)
[RUSH] extend: siege target (17,15)
[RUSH] extend: path=[(17, 3), (17, 2), (16, 2), (15, 2), (15, 3), (15, 4), (15, 5), (16, 5), (16, 6), (16, 7), (16, 8), (16, 9), (16, 10), (17, 10), (17, 11), (17, 12), (17, 15)]
[RUSH] extend: path len=17, builder at (12,14)
[RUSH] extend[0]: (17,3)->(17,2) bld=BuildingRoad team=Team.A connected=False
[RUSH] extend[0]: need to walk to (17,3) d²=146
  task=RUSH 0us OK -> (<Direction.NORTH: 'north'>, None)
  task=HEAL_CORE FAIL
[RUSH] --- rush eval at (18,11) en_core=(18,18) ---
[RUSH] step1: no flow tile in gunner range of core
[RUSH] step2: flow near core at (18,12) d²=36, extending to siege (18,15)
[RUSH] extend: from (18,12) toward core (18,18)
[RUSH] extend: siege target (18,15)
[RUSH] extend: path=[(18, 12), (18, 15)]
[RUSH] extend: path len=2, builder at (18,11)
[RUSH] extend[0]: (18,12)->(18,15) bld=None team=None connected=False
[RUSH] extend[0]: building (18,12)->(18,15) action=PlaceBridge(pos=Position(x=18, y=12), target=Position(x=18, y=15)) d²=1
  task=RUSH 0us OK -> (<Direction.CENTRE: 'centre'>, PlaceBridge(pos=Position(x=18, y=12), target=Position(x=18, y=15)))
  task=HEAL_CORE FAIL
[RUSH] --- rush eval at (18,12) en_core=(18,18) ---
[RUSH] step1: no flow tile in gunner range of core
[RUSH] step2: flow near core at (18,12) d²=36, extending to siege (18,15)
[RUSH] extend: from (18,12) toward core (18,18)
[RUSH] extend: siege target (18,15)
[RUSH] extend: path=[(18, 12), (18, 15)]
[RUSH] extend: path len=2, builder at (18,12)
[RUSH] extend[0]: (18,12)->(18,15) bld=None team=None connected=False
[RUSH] extend[0]: building (18,12)->(18,15) action=PlaceBridge(pos=Position(x=18, y=12), target=Position(x=18, y=15)) d²=0
  task=RUSH 0us OK -> (<Direction.CENTRE: 'centre'>, PlaceBridge(pos=Position(x=18, y=12), target=Position(x=18, y=15)))
  task=HEAL_CORE FAIL
[RUSH] --- rush eval at (17,3) en_core=(18,18) ---
[RUSH] step1: no flow tile in gunner range of core
[RUSH] step2: flow near core at (17,3) d²=226, extending to siege (17,15)
[RUSH] extend: from (17,3) toward core (18,18)
[RUSH] extend: siege target (17,15)
[RUSH] extend: path=[(17, 3), (17, 2), (16, 2), (15, 2), (15, 3), (15, 4), (15, 5), (16, 5), (16, 6), (16, 7), (16, 8), (16, 9), (16, 10), (17, 10), (17, 11), (17, 12), (17, 15)]
[RUSH] extend: path len=17, builder at (17,3)
[RUSH] extend[0]: (17,3)->(17,2) bld=BuildingConveyor team=Team.A connected=True
[RUSH] extend[0]: already connected, skip
[RUSH] extend[1]: (17,2)->(16,2) bld=BuildingMarker team=Team.A connected=False
[RUSH] extend[1]: destroying allied BuildingMarker at (17,2) to rebuild
[RUSH] extend[1]: building (17,2)->(16,2) action=PlaceConveyor(pos=Position(x=17, y=2), direction=<Direction.WEST: 'west'>) d²=1
  task=RUSH 0us OK -> (<Direction.CENTRE: 'centre'>, PlaceConveyor(pos=Position(x=17, y=2), direction=<Direction.WEST: 'west'>))
[GUN] (14,19) facing=EAST
[GUN] ray: target=Position(x=17, y=19) pri=4
[GUN] ammo=True
[GUN] feed_dir=WEST
[GUN] scan NORTHWEST: pri=3
[GUN] cur_pri=4 best_rot=NORTHWEST rot_pri=3
[GUN] FIRE at (17,19) pri=4
[GUN] (14,18) facing=EAST
[GUN] ray: target=Position(x=17, y=18) pri=4
[GUN] ammo=True
[GUN] feed_dir=SOUTHWEST
[GUN] scan NORTH: pri=1
[GUN] scan NORTHEAST: pri=2
[GUN] scan WEST: pri=3
[GUN] scan NORTHWEST: pri=1
[GUN] cur_pri=4 best_rot=WEST rot_pri=3
[GUN] FIRE at (17,18) pri=4
[GUN] (19,14) facing=SOUTH
[GUN] ray: target=Position(x=19, y=17) pri=4
[GUN] ammo=True
[GUN] feed_dir=NORTH
[GUN] cur_pri=4 best_rot=SOUTH rot_pri=0
[GUN] FIRE at (19,17) pri=4
[GUN] (18,14) facing=WEST
[GUN] ray: target=Position(x=16, y=14) pri=5
[GUN] ammo=True
[GUN] FIRE at (16,14) pri=5
  task=HEAL_CORE FAIL
  task=RUSH FAIL
  task=SCOUT_ENEMY 0us OK -> (<Direction.SOUTH: 'south'>, None)
  task=HEAL_CORE FAIL
[RUSH] --- rush eval at (19,11) en_core=(18,18) ---
[RUSH] step1: no flow tile in gunner range of core
[RUSH] step2: flow near core at (18,12) d²=36, extending to siege (18,15)
[RUSH] extend: from (18,12) toward core (18,18)
[RUSH] extend: siege target (18,15)
[RUSH] extend: path=[(18, 12), (18, 15)]
[RUSH] extend: path len=2, builder at (19,11)
[RUSH] extend[0]: (18,12)->(18,15) bld=None team=None connected=False
[RUSH] extend[0]: building (18,12)->(18,15) action=PlaceBridge(pos=Position(x=18, y=12), target=Position(x=18, y=15)) d²=2
  task=RUSH 0us OK -> (<Direction.CENTRE: 'centre'>, PlaceBridge(pos=Position(x=18, y=12), target=Position(x=18, y=15)))
  task=HEAL_CORE FAIL
[RUSH] --- rush eval at (12,13) en_core=(18,18) ---
[RUSH] step1: no flow tile in gunner range of core
[RUSH] step2: flow near core at (17,3) d²=226, extending to siege (17,15)
[RUSH] extend: from (17,3) toward core (18,18)
[RUSH] extend: siege target (17,15)
[RUSH] extend: path=[(17, 3), (17, 2), (16, 2), (15, 2), (15, 3), (15, 4), (15, 5), (16, 5), (16, 6), (16, 7), (16, 8), (16, 9), (16, 10), (17, 10), (17, 11), (17, 12), (17, 15)]
[RUSH] extend: path len=17, builder at (12,13)
[RUSH] extend[0]: (17,3)->(17,2) bld=BuildingRoad team=Team.A connected=False
[RUSH] extend[0]: need to walk to (17,3) d²=125
  task=RUSH 0us OK -> (<Direction.NORTH: 'north'>, None)
  task=HEAL_CORE FAIL
[RUSH] --- rush eval at (18,11) en_core=(18,18) ---
[RUSH] step1: no flow tile in gunner range of core
[RUSH] step2: flow near core at (18,12) d²=36, extending to siege (18,15)
[RUSH] extend: from (18,12) toward core (18,18)
[RUSH] extend: siege target (18,15)
[RUSH] extend: path=[(18, 12), (18, 15)]
[RUSH] extend: path len=2, builder at (18,11)
[RUSH] extend[0]: (18,12)->(18,15) bld=None team=None connected=False
[RUSH] extend[0]: building (18,12)->(18,15) action=PlaceBridge(pos=Position(x=18, y=12), target=Position(x=18, y=15)) d²=1
  task=RUSH 0us OK -> (<Direction.CENTRE: 'centre'>, PlaceBridge(pos=Position(x=18, y=12), target=Position(x=18, y=15)))
  task=HEAL_CORE FAIL
[RUSH] --- rush eval at (18,12) en_core=(18,18) ---
[RUSH] step1: no flow tile in gunner range of core
[RUSH] step2: flow near core at (18,12) d²=36, extending to siege (18,15)
[RUSH] extend: from (18,12) toward core (18,18)
[RUSH] extend: siege target (18,15)
[RUSH] extend: path=[(18, 12), (18, 15)]
[RUSH] extend: path len=2, builder at (18,12)
[RUSH] extend[0]: (18,12)->(18,15) bld=None team=None connected=False
[RUSH] extend[0]: building (18,12)->(18,15) action=PlaceBridge(pos=Position(x=18, y=12), target=Position(x=18, y=15)) d²=0
  task=RUSH 0us OK -> (<Direction.CENTRE: 'centre'>, PlaceBridge(pos=Position(x=18, y=12), target=Position(x=18, y=15)))
  task=HEAL_CORE FAIL
[RUSH] --- rush eval at (17,3) en_core=(18,18) ---
[RUSH] step1: no flow tile in gunner range of core
[RUSH] step2: flow near core at (17,2) d²=257, extending to siege (17,15)
[RUSH] extend: from (17,2) toward core (18,18)
[RUSH] extend: siege target (17,15)
[RUSH] extend: path=[(17, 2), (16, 2), (15, 2), (15, 3), (15, 4), (15, 5), (16, 5), (16, 6), (16, 7), (16, 8), (16, 9), (16, 10), (17, 10), (17, 11), (17, 12), (17, 15)]
[RUSH] extend: path len=16, builder at (17,3)
[RUSH] extend[0]: (17,2)->(16,2) bld=BuildingConveyor team=Team.A connected=True
[RUSH] extend[0]: already connected, skip
[RUSH] extend[1]: (16,2)->(15,2) bld=BuildingMarker team=Team.A connected=False
[RUSH] extend[1]: destroying allied BuildingMarker at (16,2) to rebuild
[RUSH] extend[1]: building (16,2)->(15,2) action=PlaceConveyor(pos=Position(x=16, y=2), direction=<Direction.WEST: 'west'>) d²=2
  task=RUSH 0us OK -> (<Direction.CENTRE: 'centre'>, PlaceConveyor(pos=Position(x=16, y=2), direction=<Direction.WEST: 'west'>))
[GUN] (14,19) facing=EAST
[GUN] ray: target=Position(x=17, y=19) pri=4
[GUN] ammo=True
[GUN] feed_dir=WEST
[GUN] scan NORTHWEST: pri=3
[GUN] cur_pri=4 best_rot=NORTHWEST rot_pri=3
[GUN] FIRE at (17,19) pri=4
[GUN] (14,18) facing=EAST
[GUN] ray: target=Position(x=17, y=18) pri=4
[GUN] ammo=True
[GUN] feed_dir=SOUTHWEST
[GUN] scan NORTH: pri=1
[GUN] scan NORTHEAST: pri=2
[GUN] scan WEST: pri=3
[GUN] scan NORTHWEST: pri=1
[GUN] cur_pri=4 best_rot=WEST rot_pri=3
[GUN] FIRE at (17,18) pri=4
[GUN] (19,14) facing=SOUTH
[GUN] ray: target=Position(x=19, y=17) pri=4
[GUN] ammo=True
[GUN] feed_dir=NORTH
[GUN] cur_pri=4 best_rot=SOUTH rot_pri=0
[GUN] FIRE at (19,17) pri=4
[GUN] (18,14) facing=WEST
[GUN] ray: target=Position(x=15, y=14) pri=5
[GUN] ammo=True
[GUN] FIRE at (15,14) pri=5
  task=HEAL_CORE FAIL
[RUSH] --- rush eval at (10,9) en_core=(18,18) ---
[RUSH] step1: no flow tile in gunner range of core
[RUSH] step2: no flow tile near enemy core
[RUSH] step2.5: checking unconnected harvesters
[RUSH] step2.5: harvester (3,16) d²=229 flow=0.000 has adjacent flow, skip
[RUSH] _find_rush_ore: 10 total ore, 10 seen, sym=Symmetry.ROT candidates={<Symmetry.ROT: 1>}
[RUSH]   ore (3,16) d²=229 bld=BuildingHarvester env=Environment.ORE_TITANIUM
[RUSH]   ore (16,3) d²=229 bld=None env=Environment.ORE_TITANIUM
[RUSH]   ore (16,13) d²=29 bld=BuildingHarvester env=Environment.ORE_TITANIUM
[RUSH]   PICKED: free ore at (16,2) d²=224
[RUSH] step3: free ore at (16,3)
[RUSH] step3: walking toward tap (16,2) for ore (16,3)
  task=RUSH 0us OK -> (<Direction.NORTH: 'north'>, None)
  task=HEAL_CORE FAIL
[RUSH] --- rush eval at (19,11) en_core=(18,18) ---
[RUSH] step1: no flow tile in gunner range of core
[RUSH] step2: flow near core at (18,12) d²=36, extending to siege (18,15)
[RUSH] extend: from (18,12) toward core (18,18)
[RUSH] extend: siege target (18,15)
[RUSH] extend: path=[(18, 12), (18, 15)]
[RUSH] extend: path len=2, builder at (19,11)
[RUSH] extend[0]: (18,12)->(18,15) bld=None team=None connected=False
[RUSH] extend[0]: building (18,12)->(18,15) action=PlaceBridge(pos=Position(x=18, y=12), target=Position(x=18, y=15)) d²=2
  task=RUSH 0us OK -> (<Direction.CENTRE: 'centre'>, PlaceBridge(pos=Position(x=18, y=12), target=Position(x=18, y=15)))
  task=HEAL_CORE FAIL
[RUSH] --- rush eval at (12,12) en_core=(18,18) ---
[RUSH] step1: no flow tile in gunner range of core
[RUSH] step2: flow near core at (17,3) d²=226, extending to siege (17,15)
[RUSH] extend: from (17,3) toward core (18,18)
[RUSH] extend: siege target (17,15)
[RUSH] extend: path=[(17, 3), (17, 2), (16, 2), (15, 2), (15, 3), (15, 4), (15, 5), (16, 5), (16, 6), (16, 7), (16, 8), (16, 9), (16, 10), (17, 10), (17, 11), (17, 12), (17, 15)]
[RUSH] extend: path len=17, builder at (12,12)
[RUSH] extend[0]: (17,3)->(17,2) bld=BuildingRoad team=Team.A connected=False
[RUSH] extend[0]: need to walk to (17,3) d²=106
  task=RUSH 0us OK -> (<Direction.NORTHEAST: 'northeast'>, None)
  task=HEAL_CORE FAIL
[RUSH] --- rush eval at (18,11) en_core=(18,18) ---
[RUSH] step1: no flow tile in gunner range of core
[RUSH] step2: flow near core at (18,12) d²=36, extending to siege (18,15)
[RUSH] extend: from (18,12) toward core (18,18)
[RUSH] extend: siege target (18,15)
[RUSH] extend: path=[(18, 12), (18, 15)]
[RUSH] extend: path len=2, builder at (18,11)
[RUSH] extend[0]: (18,12)->(18,15) bld=None team=None connected=False
[RUSH] extend[0]: building (18,12)->(18,15) action=PlaceBridge(pos=Position(x=18, y=12), target=Position(x=18, y=15)) d²=1
  task=RUSH 0us OK -> (<Direction.CENTRE: 'centre'>, PlaceBridge(pos=Position(x=18, y=12), target=Position(x=18, y=15)))
  task=HEAL_CORE FAIL
[RUSH] --- rush eval at (18,12) en_core=(18,18) ---
[RUSH] step1: no flow tile in gunner range of core
[RUSH] step2: flow near core at (18,12) d²=36, extending to siege (18,15)
[RUSH] extend: from (18,12) toward core (18,18)
[RUSH] extend: siege target (18,15)
[RUSH] extend: path=[(18, 12), (18, 15)]
[RUSH] extend: path len=2, builder at (18,12)
[RUSH] extend[0]: (18,12)->(18,15) bld=None team=None connected=False
[RUSH] extend[0]: building (18,12)->(18,15) action=PlaceBridge(pos=Position(x=18, y=12), target=Position(x=18, y=15)) d²=0
  task=RUSH 0us OK -> (<Direction.CENTRE: 'centre'>, PlaceBridge(pos=Position(x=18, y=12), target=Position(x=18, y=15)))
  task=HEAL_CORE FAIL
[RUSH] --- rush eval at (17,3) en_core=(18,18) ---
[RUSH] step1: no flow tile in gunner range of core
[RUSH] step2: no flow tile near enemy core
[RUSH] step2.5: checking unconnected harvesters
[RUSH] step2.5: harvester (3,16) d²=229 flow=0.000 has adjacent flow, skip
[RUSH] step2.5: harvester (16,3) d²=229 flow=0.000 has adjacent flow, skip
[RUSH] _find_rush_ore: 10 total ore, 10 seen, sym=Symmetry.ROT candidates={<Symmetry.ROT: 1>, <Symmetry.HOR: 2>}
[RUSH]   ore (3,16) d²=229 bld=BuildingHarvester env=Environment.ORE_TITANIUM
[RUSH]   ore (16,3) d²=229 bld=BuildingHarvester env=Environment.ORE_TITANIUM
[RUSH]   ore (16,13) d²=29 bld=BuildingHarvester env=Environment.ORE_TITANIUM
[RUSH]   PICKED: ours ore at (3,15) d²=229
[RUSH] step3: ours ore at (3,16)
[RUSH] step3: extending from tap (3,15)
[RUSH] extend: from (3,15) toward core (18,18)
[RUSH] extend: siege target (15,17)
[RUSH] extend: path=[(3, 15), (4, 15), (5, 15), (6, 15), (7, 15), (8, 15), (9, 15), (10, 15), (11, 15), (12, 15), (14, 17), (15, 17)]
[RUSH] extend: path len=12, builder at (17,3)
[RUSH] extend[0]: (3,15)->(4,15) bld=BuildingMarker team=Team.A connected=False
[RUSH] extend[0]: need to walk to (3,15) d²=340
  task=RUSH 0us OK -> (<Direction.SOUTHWEST: 'southwest'>, None)
[GUN] (14,19) facing=EAST
[GUN] ray: target=Position(x=17, y=19) pri=4
[GUN] ammo=True
[GUN] feed_dir=WEST
[GUN] scan NORTHWEST: pri=3
[GUN] cur_pri=4 best_rot=NORTHWEST rot_pri=3
[GUN] FIRE at (17,19) pri=4
[GUN] (14,18) facing=EAST
[GUN] ray: target=Position(x=17, y=18) pri=4
[GUN] ammo=True
[GUN] feed_dir=SOUTHWEST
[GUN] scan NORTH: pri=1
[GUN] scan NORTHEAST: pri=2
[GUN] scan WEST: pri=3
[GUN] scan NORTHWEST: pri=1
[GUN] cur_pri=4 best_rot=WEST rot_pri=3
[GUN] FIRE at (17,18) pri=4
[GUN] (19,14) facing=SOUTH
[GUN] ray: target=Position(x=19, y=17) pri=4
[GUN] ammo=True
[GUN] feed_dir=NORTH
[GUN] cur_pri=4 best_rot=SOUTH rot_pri=0
[GUN] FIRE at (19,17) pri=4
[GUN] (18,14) facing=WEST
[GUN] ray: target=Position(x=15, y=14) pri=5
[GUN] ammo=True
[GUN] FIRE at (15,14) pri=5
  task=HEAL_CORE FAIL
  task=RUSH FAIL
  task=SCOUT_ENEMY 0us OK -> (<Direction.SOUTH: 'south'>, None)
  task=HEAL_CORE FAIL
[RUSH] --- rush eval at (19,11) en_core=(18,18) ---
[RUSH] step1: no flow tile in gunner range of core
[RUSH] step2: flow near core at (18,12) d²=36, extending to siege (18,15)
[RUSH] extend: from (18,12) toward core (18,18)
[RUSH] extend: siege target (18,15)
[RUSH] extend: path=[(18, 12), (18, 15)]
[RUSH] extend: path len=2, builder at (19,11)
[RUSH] extend[0]: (18,12)->(18,15) bld=None team=None connected=False
[RUSH] extend[0]: building (18,12)->(18,15) action=PlaceBridge(pos=Position(x=18, y=12), target=Position(x=18, y=15)) d²=2
  task=RUSH 0us OK -> (<Direction.CENTRE: 'centre'>, PlaceBridge(pos=Position(x=18, y=12), target=Position(x=18, y=15)))
  task=HEAL_CORE FAIL
[RUSH] --- rush eval at (13,11) en_core=(18,18) ---
[RUSH] step1: no flow tile in gunner range of core
[RUSH] step2: flow near core at (17,3) d²=226, extending to siege (17,15)
[RUSH] extend: from (17,3) toward core (18,18)
[RUSH] extend: siege target (17,15)
[RUSH] extend: path=[(17, 3), (17, 2), (16, 2), (15, 2), (15, 3), (15, 4), (15, 5), (16, 5), (16, 6), (16, 7), (16, 8), (16, 9), (16, 10), (17, 10), (17, 11), (17, 12), (17, 15)]
[RUSH] extend: path len=17, builder at (13,11)
[RUSH] extend[0]: (17,3)->(17,2) bld=BuildingRoad team=Team.A connected=False
[RUSH] extend[0]: need to walk to (17,3) d²=80
  task=RUSH 0us OK -> (<Direction.NORTHEAST: 'northeast'>, None)
  task=HEAL_CORE FAIL
[RUSH] --- rush eval at (18,11) en_core=(18,18) ---
[RUSH] step1: no flow tile in gunner range of core
[RUSH] step2: flow near core at (18,12) d²=36, extending to siege (18,15)
[RUSH] extend: from (18,12) toward core (18,18)
[RUSH] extend: siege target (18,15)
[RUSH] extend: path=[(18, 12), (18, 15)]
[RUSH] extend: path len=2, builder at (18,11)
[RUSH] extend[0]: (18,12)->(18,15) bld=None team=None connected=False
[RUSH] extend[0]: building (18,12)->(18,15) action=PlaceBridge(pos=Position(x=18, y=12), target=Position(x=18, y=15)) d²=1
  task=RUSH 0us OK -> (<Direction.CENTRE: 'centre'>, PlaceBridge(pos=Position(x=18, y=12), target=Position(x=18, y=15)))
  task=HEAL_CORE FAIL
[RUSH] --- rush eval at (18,12) en_core=(18,18) ---
[RUSH] step1: no flow tile in gunner range of core
[RUSH] step2: flow near core at (18,12) d²=36, extending to siege (18,15)
[RUSH] extend: from (18,12) toward core (18,18)
[RUSH] extend: siege target (18,15)
[RUSH] extend: path=[(18, 12), (18, 15)]
[RUSH] extend: path len=2, builder at (18,12)
[RUSH] extend[0]: (18,12)->(18,15) bld=None team=None connected=False
[RUSH] extend[0]: building (18,12)->(18,15) action=PlaceBridge(pos=Position(x=18, y=12), target=Position(x=18, y=15)) d²=0
  task=RUSH 0us OK -> (<Direction.CENTRE: 'centre'>, PlaceBridge(pos=Position(x=18, y=12), target=Position(x=18, y=15)))
  task=HEAL_CORE FAIL
[RUSH] --- rush eval at (16,4) en_core=(18,18) ---
[RUSH] step1: no flow tile in gunner range of core
[RUSH] step2: no flow tile near enemy core
[RUSH] step2.5: checking unconnected harvesters
[RUSH] step2.5: harvester (3,16) d²=229 flow=0.000 has adjacent flow, skip
[RUSH] step2.5: harvester (16,3) d²=229 flow=0.000 has adjacent flow, skip
[RUSH] _find_rush_ore: 10 total ore, 10 seen, sym=Symmetry.ROT candidates={<Symmetry.ROT: 1>, <Symmetry.HOR: 2>}
[RUSH]   ore (3,16) d²=229 bld=BuildingHarvester env=Environment.ORE_TITANIUM
[RUSH]   ore (16,3) d²=229 bld=BuildingHarvester env=Environment.ORE_TITANIUM
[RUSH]   ore (16,13) d²=29 bld=BuildingHarvester env=Environment.ORE_TITANIUM
[RUSH]   PICKED: ours ore at (3,15) d²=229
[RUSH] step3: ours ore at (3,16)
[RUSH] step3: extending from tap (3,15)
[RUSH] extend: from (3,15) toward core (18,18)
[RUSH] extend: siege target (15,17)
[RUSH] extend: path=[(3, 15), (4, 15), (5, 15), (6, 15), (7, 15), (8, 15), (9, 15), (10, 15), (11, 15), (12, 15), (14, 17), (15, 17)]
[RUSH] extend: path len=12, builder at (16,4)
[RUSH] extend[0]: (3,15)->(4,15) bld=BuildingMarker team=Team.A connected=False
[RUSH] extend[0]: need to walk to (3,15) d²=290
  task=RUSH 0us OK -> (<Direction.SOUTH: 'south'>, None)
[GUN] (14,19) facing=EAST
[GUN] ray: target=Position(x=17, y=19) pri=4
[GUN] ammo=True
[GUN] feed_dir=WEST
[GUN] scan NORTHWEST: pri=3
[GUN] cur_pri=4 best_rot=NORTHWEST rot_pri=3
[GUN] FIRE at (17,19) pri=4
[GUN] (14,18) facing=EAST
[GUN] ray: target=Position(x=17, y=18) pri=4
[GUN] ammo=True
[GUN] feed_dir=SOUTHWEST
[GUN] scan NORTH: pri=1
[GUN] scan NORTHEAST: pri=2
[GUN] scan WEST: pri=3
[GUN] scan NORTHWEST: pri=1
[GUN] cur_pri=4 best_rot=WEST rot_pri=3
[GUN] FIRE at (17,18) pri=4
[GUN] (19,14) facing=SOUTH
[GUN] ray: target=Position(x=19, y=17) pri=4
[GUN] ammo=True
[GUN] feed_dir=NORTH
[GUN] cur_pri=4 best_rot=SOUTH rot_pri=0
[GUN] FIRE at (19,17) pri=4
[GUN] (18,14) facing=WEST
[GUN] ray: target=None pri=0
[GUN] ammo=True
[GUN] feed_dir=NORTH
[GUN] scan SOUTH: pri=4
[GUN] scan SOUTHWEST: pri=2
[GUN] scan NORTHWEST: pri=3
[GUN] no target, has ammo, best_rot=SOUTH rot_pri=4
[GUN] want to rotate but ti=7 or can't
  task=HEAL_CORE FAIL
[RUSH] --- rush eval at (10,9) en_core=(18,18) ---
[RUSH] step1: no flow tile in gunner range of core
[RUSH] step2: no flow tile near enemy core
[RUSH] step2.5: checking unconnected harvesters
[RUSH] step2.5: harvester (3,16) d²=229 flow=0.000 has adjacent flow, skip
[RUSH] _find_rush_ore: 10 total ore, 10 seen, sym=Symmetry.ROT candidates={<Symmetry.ROT: 1>}
[RUSH]   ore (3,16) d²=229 bld=BuildingHarvester env=Environment.ORE_TITANIUM
[RUSH]   ore (16,3) d²=229 bld=None env=Environment.ORE_TITANIUM
[RUSH]   ore (16,13) d²=29 bld=BuildingHarvester env=Environment.ORE_TITANIUM
[RUSH]   PICKED: free ore at (16,2) d²=224
[RUSH] step3: free ore at (16,3)
[RUSH] step3: walking toward tap (16,2) for ore (16,3)
  task=RUSH 0us OK -> (<Direction.NORTH: 'north'>, None)
  task=HEAL_CORE FAIL
[RUSH] --- rush eval at (19,11) en_core=(18,18) ---
[RUSH] step1: no flow tile in gunner range of core
[RUSH] step2: flow near core at (18,12) d²=36, extending to siege (18,15)
[RUSH] extend: from (18,12) toward core (18,18)
[RUSH] extend: siege target (18,15)
[RUSH] extend: path=[(18, 12), (18, 15)]
[RUSH] extend: path len=2, builder at (19,11)
[RUSH] extend[0]: (18,12)->(18,15) bld=None team=None connected=False
[RUSH] extend[0]: building (18,12)->(18,15) action=PlaceBridge(pos=Position(x=18, y=12), target=Position(x=18, y=15)) d²=2
  task=RUSH 0us OK -> (<Direction.CENTRE: 'centre'>, PlaceBridge(pos=Position(x=18, y=12), target=Position(x=18, y=15)))
  task=HEAL_CORE FAIL
[RUSH] --- rush eval at (14,10) en_core=(18,18) ---
[RUSH] step1: no flow tile in gunner range of core
[RUSH] step2: flow near core at (17,3) d²=226, extending to siege (17,15)
[RUSH] extend: from (17,3) toward core (18,18)
[RUSH] extend: siege target (17,15)
[RUSH] extend: path=[(17, 3), (17, 2), (16, 2), (15, 2), (15, 3), (15, 4), (15, 5), (16, 5), (16, 6), (16, 7), (16, 8), (16, 9), (16, 10), (17, 10), (17, 11), (17, 12), (17, 15)]
[RUSH] extend: path len=17, builder at (14,10)
[RUSH] extend[0]: (17,3)->(17,2) bld=BuildingRoad team=Team.A connected=False
[RUSH] extend[0]: need to walk to (17,3) d²=58
  task=RUSH 0us OK -> (<Direction.NORTHEAST: 'northeast'>, None)
  task=HEAL_CORE FAIL
[RUSH] --- rush eval at (18,11) en_core=(18,18) ---
[RUSH] step1: no flow tile in gunner range of core
[RUSH] step2: flow near core at (18,12) d²=36, extending to siege (18,15)
[RUSH] extend: from (18,12) toward core (18,18)
[RUSH] extend: siege target (18,15)
[RUSH] extend: path=[(18, 12), (18, 15)]
[RUSH] extend: path len=2, builder at (18,11)
[RUSH] extend[0]: (18,12)->(18,15) bld=None team=None connected=False
[RUSH] extend[0]: building (18,12)->(18,15) action=PlaceBridge(pos=Position(x=18, y=12), target=Position(x=18, y=15)) d²=1
  task=RUSH 0us OK -> (<Direction.CENTRE: 'centre'>, PlaceBridge(pos=Position(x=18, y=12), target=Position(x=18, y=15)))
  task=HEAL_CORE FAIL
[RUSH] --- rush eval at (18,12) en_core=(18,18) ---
[RUSH] step1: no flow tile in gunner range of core
[RUSH] step2: flow near core at (18,12) d²=36, extending to siege (18,15)
[RUSH] extend: from (18,12) toward core (18,18)
[RUSH] extend: siege target (18,15)
[RUSH] extend: path=[(18, 12), (18, 15)]
[RUSH] extend: path len=2, builder at (18,12)
[RUSH] extend[0]: (18,12)->(18,15) bld=None team=None connected=False
[RUSH] extend[0]: building (18,12)->(18,15) action=PlaceBridge(pos=Position(x=18, y=12), target=Position(x=18, y=15)) d²=0
  task=RUSH 0us OK -> (<Direction.CENTRE: 'centre'>, PlaceBridge(pos=Position(x=18, y=12), target=Position(x=18, y=15)))
  task=HEAL_CORE FAIL
[RUSH] --- rush eval at (16,5) en_core=(18,18) ---
[RUSH] step1: no flow tile in gunner range of core
[RUSH] step2: no flow tile near enemy core
[RUSH] step2.5: checking unconnected harvesters
[RUSH] step2.5: harvester (3,16) d²=229 flow=0.000 has adjacent flow, skip
[RUSH] step2.5: harvester (16,3) d²=229 flow=0.000 has adjacent flow, skip
[RUSH] _find_rush_ore: 10 total ore, 10 seen, sym=Symmetry.ROT candidates={<Symmetry.ROT: 1>, <Symmetry.HOR: 2>}
[RUSH]   ore (3,16) d²=229 bld=BuildingHarvester env=Environment.ORE_TITANIUM
[RUSH]   ore (16,3) d²=229 bld=BuildingHarvester env=Environment.ORE_TITANIUM
[RUSH]   ore (16,13) d²=29 bld=BuildingHarvester env=Environment.ORE_TITANIUM
[RUSH]   PICKED: ours ore at (3,15) d²=229
[RUSH] step3: ours ore at (3,16)
[RUSH] step3: extending from tap (3,15)
[RUSH] extend: from (3,15) toward core (18,18)
[RUSH] extend: siege target (15,17)
[RUSH] extend: path=[(3, 15), (4, 15), (5, 15), (6, 15), (7, 15), (8, 15), (9, 15), (10, 15), (11, 15), (12, 15), (14, 17), (15, 17)]
[RUSH] extend: path len=12, builder at (16,5)
[RUSH] extend[0]: (3,15)->(4,15) bld=BuildingMarker team=Team.A connected=False
[RUSH] extend[0]: need to walk to (3,15) d²=269
  task=RUSH 0us OK -> (<Direction.SOUTH: 'south'>, None)
[GUN] (14,19) facing=EAST
[GUN] ray: target=None pri=0
[GUN] ammo=False
[GUN] no target, no ammo
[GUN] (14,18) facing=EAST
[GUN] ray: target=Position(x=17, y=18) pri=4
[GUN] ammo=True
[GUN] feed_dir=SOUTHWEST
[GUN] scan NORTH: pri=1
[GUN] scan NORTHEAST: pri=2
[GUN] scan WEST: pri=3
[GUN] scan NORTHWEST: pri=1
[GUN] cur_pri=4 best_rot=WEST rot_pri=3
[GUN] FIRE at (17,18) pri=4
[GUN] (19,14) facing=SOUTH
[GUN] ray: target=Position(x=19, y=17) pri=4
[GUN] ammo=True
[GUN] feed_dir=NORTH
[GUN] cur_pri=4 best_rot=SOUTH rot_pri=0
[GUN] FIRE at (19,17) pri=4
[GUN] (18,14) facing=WEST
[GUN] ray: target=None pri=0
[GUN] ammo=True
[GUN] feed_dir=NORTH
[GUN] scan SOUTH: pri=4
[GUN] scan SOUTHWEST: pri=2
[GUN] scan NORTHWEST: pri=3
[GUN] no target, has ammo, best_rot=SOUTH rot_pri=4
[GUN] want to rotate but ti=7 or can't
  task=HEAL_CORE FAIL
  task=RUSH FAIL
  task=SCOUT_ENEMY 0us OK -> (<Direction.SOUTH: 'south'>, None)
  task=HEAL_CORE FAIL
[RUSH] --- rush eval at (19,11) en_core=(18,18) ---
[RUSH] step1: no flow tile in gunner range of core
[RUSH] step2: flow near core at (18,12) d²=36, extending to siege (18,15)
[RUSH] extend: from (18,12) toward core (18,18)
[RUSH] extend: siege target (18,15)
[RUSH] extend: path=[(18, 12), (18, 15)]
[RUSH] extend: path len=2, builder at (19,11)
[RUSH] extend[0]: (18,12)->(18,15) bld=None team=None connected=False
[RUSH] extend[0]: building (18,12)->(18,15) action=PlaceBridge(pos=Position(x=18, y=12), target=Position(x=18, y=15)) d²=2
  task=RUSH 0us OK -> (<Direction.CENTRE: 'centre'>, PlaceBridge(pos=Position(x=18, y=12), target=Position(x=18, y=15)))
  task=HEAL_CORE FAIL
[RUSH] --- rush eval at (15,9) en_core=(18,18) ---
[RUSH] step1: no flow tile in gunner range of core
  task=RUSH 0us OK -> (<Direction.SOUTHEAST: 'southeast'>, None)
  task=HEAL_CORE FAIL
[RUSH] --- rush eval at (18,11) en_core=(18,18) ---
[RUSH] step1: no flow tile in gunner range of core
[RUSH] step2: flow near core at (18,12) d²=36, extending to siege (18,15)
[RUSH] extend: from (18,12) toward core (18,18)
[RUSH] extend: siege target (18,15)
[RUSH] extend: path=[(18, 12), (18, 15)]
[RUSH] extend: path len=2, builder at (18,11)
[RUSH] extend[0]: (18,12)->(18,15) bld=None team=None connected=False
[RUSH] extend[0]: building (18,12)->(18,15) action=PlaceBridge(pos=Position(x=18, y=12), target=Position(x=18, y=15)) d²=1
  task=RUSH 0us OK -> (<Direction.CENTRE: 'centre'>, PlaceBridge(pos=Position(x=18, y=12), target=Position(x=18, y=15)))
  task=HEAL_CORE FAIL
[RUSH] --- rush eval at (18,12) en_core=(18,18) ---
[RUSH] step1: no flow tile in gunner range of core
[RUSH] step2: flow near core at (18,12) d²=36, extending to siege (18,15)
[RUSH] extend: from (18,12) toward core (18,18)
[RUSH] extend: siege target (18,15)
[RUSH] extend: path=[(18, 12), (18, 15)]
[RUSH] extend: path len=2, builder at (18,12)
[RUSH] extend[0]: (18,12)->(18,15) bld=None team=None connected=False
[RUSH] extend[0]: building (18,12)->(18,15) action=PlaceBridge(pos=Position(x=18, y=12), target=Position(x=18, y=15)) d²=0
  task=RUSH 0us OK -> (<Direction.CENTRE: 'centre'>, PlaceBridge(pos=Position(x=18, y=12), target=Position(x=18, y=15)))
  task=HEAL_CORE FAIL
[RUSH] --- rush eval at (16,6) en_core=(18,18) ---
[RUSH] step1: no flow tile in gunner range of core
  task=RUSH 0us OK -> (<Direction.SOUTHEAST: 'southeast'>, None)
[GUN] (14,19) facing=EAST
[GUN] ray: target=None pri=0
[GUN] ammo=False
[GUN] no target, no ammo
[GUN] (14,18) facing=EAST
[GUN] ray: target=None pri=0
[GUN] ammo=False
[GUN] no target, no ammo
[GUN] (19,14) facing=SOUTH
[GUN] ray: target=Position(x=19, y=17) pri=4
[GUN] ammo=True
[GUN] feed_dir=NORTH
[GUN] cur_pri=4 best_rot=SOUTH rot_pri=0
[GUN] FIRE at (19,17) pri=4
[GUN] (18,14) facing=WEST
[GUN] ray: target=None pri=0
[GUN] ammo=True
[GUN] feed_dir=NORTH
[GUN] scan SOUTH: pri=4
[GUN] scan SOUTHWEST: pri=2
[GUN] scan NORTHWEST: pri=3
[GUN] no target, has ammo, best_rot=SOUTH rot_pri=4
[GUN] ROTATING to SOUTH (has ammo)
  task=HEAL_CORE FAIL
[RUSH] --- rush eval at (10,9) en_core=(18,18) ---
[RUSH] step1: no flow tile in gunner range of core
[RUSH] step2: no flow tile near enemy core
[RUSH] step2.5: checking unconnected harvesters
[RUSH] step2.5: harvester (3,16) d²=229 flow=0.000 has adjacent flow, skip
[RUSH] _find_rush_ore: 10 total ore, 10 seen, sym=Symmetry.ROT candidates={<Symmetry.ROT: 1>}
[RUSH]   ore (3,16) d²=229 bld=BuildingHarvester env=Environment.ORE_TITANIUM
[RUSH]   ore (16,3) d²=229 bld=None env=Environment.ORE_TITANIUM
[RUSH]   ore (16,13) d²=29 bld=BuildingHarvester env=Environment.ORE_TITANIUM
[RUSH]   PICKED: free ore at (16,2) d²=224
[RUSH] step3: free ore at (16,3)
[RUSH] step3: walking toward tap (16,2) for ore (16,3)
  task=RUSH 0us OK -> (<Direction.NORTH: 'north'>, None)
  task=HEAL_CORE FAIL
[RUSH] --- rush eval at (19,11) en_core=(18,18) ---
[RUSH] step1: no flow tile in gunner range of core
[RUSH] step2: flow near core at (18,12) d²=36, extending to siege (18,15)
[RUSH] extend: from (18,12) toward core (18,18)
[RUSH] extend: siege target (18,15)
[RUSH] extend: path=[(18, 12), (18, 15)]
[RUSH] extend: path len=2, builder at (19,11)
[RUSH] extend[0]: (18,12)->(18,15) bld=None team=None connected=False
[RUSH] extend[0]: building (18,12)->(18,15) action=PlaceBridge(pos=Position(x=18, y=12), target=Position(x=18, y=15)) d²=2
  task=RUSH 0us OK -> (<Direction.CENTRE: 'centre'>, PlaceBridge(pos=Position(x=18, y=12), target=Position(x=18, y=15)))
  task=HEAL_CORE FAIL
[RUSH] --- rush eval at (16,10) en_core=(18,18) ---
[RUSH] step1: no flow tile in gunner range of core
[RUSH] step2: flow near core at (18,12) d²=36, extending to siege (18,15)
[RUSH] extend: from (18,12) toward core (18,18)
[RUSH] extend: siege target (18,15)
[RUSH] extend: path=[(18, 12), (18, 15)]
[RUSH] extend: path len=2, builder at (16,10)
[RUSH] extend[0]: (18,12)->(18,15) bld=None team=None connected=False
[RUSH] extend[0]: need to walk to (18,12) d²=8
  task=RUSH 0us OK -> (<Direction.SOUTHEAST: 'southeast'>, None)
  task=HEAL_CORE FAIL
[RUSH] --- rush eval at (18,11) en_core=(18,18) ---
[RUSH] step1: no flow tile in gunner range of core
[RUSH] step2: flow near core at (18,12) d²=36, extending to siege (18,15)
[RUSH] extend: from (18,12) toward core (18,18)
[RUSH] extend: siege target (18,15)
[RUSH] extend: path=[(18, 12), (18, 15)]
[RUSH] extend: path len=2, builder at (18,11)
[RUSH] extend[0]: (18,12)->(18,15) bld=None team=None connected=False
[RUSH] extend[0]: building (18,12)->(18,15) action=PlaceBridge(pos=Position(x=18, y=12), target=Position(x=18, y=15)) d²=1
  task=RUSH 0us OK -> (<Direction.CENTRE: 'centre'>, PlaceBridge(pos=Position(x=18, y=12), target=Position(x=18, y=15)))
  task=HEAL_CORE FAIL
[RUSH] --- rush eval at (18,12) en_core=(18,18) ---
[RUSH] step1: no flow tile in gunner range of core
[RUSH] step2: flow near core at (18,12) d²=36, extending to siege (18,15)
[RUSH] extend: from (18,12) toward core (18,18)
[RUSH] extend: siege target (18,15)
[RUSH] extend: path=[(18, 12), (18, 15)]
[RUSH] extend: path len=2, builder at (18,12)
[RUSH] extend[0]: (18,12)->(18,15) bld=None team=None connected=False
[RUSH] extend[0]: building (18,12)->(18,15) action=PlaceBridge(pos=Position(x=18, y=12), target=Position(x=18, y=15)) d²=0
  task=RUSH 0us OK -> (<Direction.CENTRE: 'centre'>, PlaceBridge(pos=Position(x=18, y=12), target=Position(x=18, y=15)))
  task=HEAL_CORE FAIL
[RUSH] --- rush eval at (17,7) en_core=(18,18) ---
[RUSH] step1: no flow tile in gunner range of core
[RUSH] step2: no flow tile near enemy core
[RUSH] step2.5: checking unconnected harvesters
[RUSH] step2.5: harvester (3,16) d²=229 flow=0.000 has adjacent flow, skip
[RUSH] step2.5: harvester (16,3) d²=229 flow=0.000 has adjacent flow, skip
[RUSH] _find_rush_ore: 10 total ore, 10 seen, sym=Symmetry.ROT candidates={<Symmetry.ROT: 1>, <Symmetry.HOR: 2>}
[RUSH]   ore (3,16) d²=229 bld=BuildingHarvester env=Environment.ORE_TITANIUM
[RUSH]   ore (16,3) d²=229 bld=BuildingHarvester env=Environment.ORE_TITANIUM
[RUSH]   ore (16,13) d²=29 bld=BuildingHarvester env=Environment.ORE_TITANIUM
[RUSH]   PICKED: ours ore at (3,15) d²=229
[RUSH] step3: ours ore at (3,16)
[RUSH] step3: extending from tap (3,15)
[RUSH] extend: from (3,15) toward core (18,18)
[RUSH] extend: siege target (15,17)
[RUSH] extend: path=[(3, 15), (4, 15), (5, 15), (6, 15), (7, 15), (8, 15), (9, 15), (10, 15), (11, 15), (12, 15), (14, 17), (15, 17)]
[RUSH] extend: path len=12, builder at (17,7)
[RUSH] extend[0]: (3,15)->(4,15) bld=BuildingMarker team=Team.A connected=False
[RUSH] extend[0]: need to walk to (3,15) d²=260
  task=RUSH 0us OK -> (<Direction.SOUTHWEST: 'southwest'>, None)
[GUN] (14,19) facing=EAST
[GUN] ray: target=None pri=0
[GUN] ammo=False
[GUN] no target, no ammo
[GUN] (14,18) facing=EAST
[GUN] ray: target=None pri=0
[GUN] ammo=False
[GUN] no target, no ammo
[GUN] (19,14) facing=SOUTH
[GUN] ray: target=Position(x=19, y=17) pri=4
[GUN] ammo=True
[GUN] feed_dir=NORTH
[GUN] cur_pri=4 best_rot=SOUTH rot_pri=0
[GUN] FIRE at (19,17) pri=4
[GUN] (18,14) facing=SOUTH
[GUN] ray: target=Position(x=18, y=17) pri=4
[GUN] ammo=True
[GUN] feed_dir=NORTH
[GUN] scan SOUTHWEST: pri=2
[GUN] scan NORTHWEST: pri=3
[GUN] cur_pri=4 best_rot=NORTHWEST rot_pri=3
[GUN] FIRE at (18,17) pri=4
  task=HEAL_CORE FAIL
  task=RUSH FAIL
  task=SCOUT_ENEMY 0us OK -> (<Direction.SOUTH: 'south'>, None)
  task=HEAL_CORE FAIL
[RUSH] --- rush eval at (19,11) en_core=(18,18) ---
[RUSH] step1: no flow tile in gunner range of core
[RUSH] step2: flow near core at (18,12) d²=36, extending to siege (18,15)
[RUSH] extend: from (18,12) toward core (18,18)
[RUSH] extend: siege target (18,15)
[RUSH] extend: path=[(18, 12), (18, 15)]
[RUSH] extend: path len=2, builder at (19,11)
[RUSH] extend[0]: (18,12)->(18,15) bld=None team=None connected=False
[RUSH] extend[0]: building (18,12)->(18,15) action=PlaceBridge(pos=Position(x=18, y=12), target=Position(x=18, y=15)) d²=2
  task=RUSH 0us OK -> (<Direction.CENTRE: 'centre'>, PlaceBridge(pos=Position(x=18, y=12), target=Position(x=18, y=15)))
  task=HEAL_CORE FAIL
[RUSH] --- rush eval at (17,11) en_core=(18,18) ---
[RUSH] step1: no flow tile in gunner range of core
[RUSH] step2: flow near core at (18,12) d²=36, extending to siege (18,15)
[RUSH] extend: from (18,12) toward core (18,18)
[RUSH] extend: siege target (18,15)
[RUSH] extend: path=[(18, 12), (18, 15)]
[RUSH] extend: path len=2, builder at (17,11)
[RUSH] extend[0]: (18,12)->(18,15) bld=None team=None connected=False
[RUSH] extend[0]: building (18,12)->(18,15) action=PlaceBridge(pos=Position(x=18, y=12), target=Position(x=18, y=15)) d²=2
  task=RUSH 0us OK -> (<Direction.CENTRE: 'centre'>, PlaceBridge(pos=Position(x=18, y=12), target=Position(x=18, y=15)))
  task=HEAL_CORE FAIL
[RUSH] --- rush eval at (18,11) en_core=(18,18) ---
[RUSH] step1: no flow tile in gunner range of core
[RUSH] step2: flow near core at (18,12) d²=36, extending to siege (18,15)
[RUSH] extend: from (18,12) toward core (18,18)
[RUSH] extend: siege target (18,15)
[RUSH] extend: path=[(18, 12), (18, 15)]
[RUSH] extend: path len=2, builder at (18,11)
[RUSH] extend[0]: (18,12)->(18,15) bld=None team=None connected=False
[RUSH] extend[0]: building (18,12)->(18,15) action=PlaceBridge(pos=Position(x=18, y=12), target=Position(x=18, y=15)) d²=1
  task=RUSH 0us OK -> (<Direction.CENTRE: 'centre'>, PlaceBridge(pos=Position(x=18, y=12), target=Position(x=18, y=15)))
  task=HEAL_CORE FAIL
[RUSH] --- rush eval at (18,12) en_core=(18,18) ---
[RUSH] step1: no flow tile in gunner range of core
[RUSH] step2: flow near core at (18,12) d²=36, extending to siege (18,15)
[RUSH] extend: from (18,12) toward core (18,18)
[RUSH] extend: siege target (18,15)
[RUSH] extend: path=[(18, 12), (18, 15)]
[RUSH] extend: path len=2, builder at (18,12)
[RUSH] extend[0]: (18,12)->(18,15) bld=None team=None connected=False
[RUSH] extend[0]: building (18,12)->(18,15) action=PlaceBridge(pos=Position(x=18, y=12), target=Position(x=18, y=15)) d²=0
  task=RUSH 0us OK -> (<Direction.CENTRE: 'centre'>, PlaceBridge(pos=Position(x=18, y=12), target=Position(x=18, y=15)))
  task=HEAL_CORE FAIL
[RUSH] --- rush eval at (16,8) en_core=(18,18) ---
[RUSH] step1: no flow tile in gunner range of core
  task=RUSH 0us OK -> (<Direction.SOUTH: 'south'>, None)
[GUN] (14,19) facing=EAST
[GUN] ray: target=Position(x=17, y=19) pri=4
[GUN] ammo=True
[GUN] feed_dir=WEST
[GUN] scan NORTHWEST: pri=3
[GUN] cur_pri=4 best_rot=NORTHWEST rot_pri=3
[GUN] FIRE at (17,19) pri=4
[GUN] (14,18) facing=EAST
[GUN] ray: target=None pri=0
[GUN] ammo=False
[GUN] no target, no ammo
[GUN] (19,14) facing=SOUTH
[GUN] ray: target=Position(x=19, y=17) pri=4
[GUN] ammo=True
[GUN] feed_dir=NORTH
[GUN] cur_pri=4 best_rot=SOUTH rot_pri=0
[GUN] FIRE at (19,17) pri=4
[GUN] (18,14) facing=SOUTH
[GUN] ray: target=Position(x=18, y=17) pri=4
[GUN] ammo=True
[GUN] feed_dir=NORTH
[GUN] scan SOUTHWEST: pri=2
[GUN] scan NORTHWEST: pri=3
[GUN] cur_pri=4 best_rot=NORTHWEST rot_pri=3
[GUN] FIRE at (18,17) pri=4
  task=HEAL_CORE FAIL
[RUSH] --- rush eval at (10,9) en_core=(18,18) ---
[RUSH] step1: no flow tile in gunner range of core
[RUSH] step2: no flow tile near enemy core
[RUSH] step2.5: checking unconnected harvesters
[RUSH] step2.5: harvester (3,16) d²=229 flow=0.000 has adjacent flow, skip
[RUSH] _find_rush_ore: 10 total ore, 10 seen, sym=Symmetry.ROT candidates={<Symmetry.ROT: 1>}
[RUSH]   ore (3,16) d²=229 bld=BuildingHarvester env=Environment.ORE_TITANIUM
[RUSH]   ore (16,3) d²=229 bld=None env=Environment.ORE_TITANIUM
[RUSH]   ore (16,13) d²=29 bld=BuildingHarvester env=Environment.ORE_TITANIUM
[RUSH]   PICKED: free ore at (16,2) d²=224
[RUSH] step3: free ore at (16,3)
[RUSH] step3: walking toward tap (16,2) for ore (16,3)
  task=RUSH 0us OK -> (<Direction.NORTH: 'north'>, None)
  task=HEAL_CORE FAIL
[RUSH] --- rush eval at (19,11) en_core=(18,18) ---
[RUSH] step1: no flow tile in gunner range of core
[RUSH] step2: flow near core at (18,12) d²=36, extending to siege (18,15)
[RUSH] extend: from (18,12) toward core (18,18)
[RUSH] extend: siege target (18,15)
[RUSH] extend: path=[(18, 12), (18, 15)]
[RUSH] extend: path len=2, builder at (19,11)
[RUSH] extend[0]: (18,12)->(18,15) bld=None team=None connected=False
[RUSH] extend[0]: building (18,12)->(18,15) action=PlaceBridge(pos=Position(x=18, y=12), target=Position(x=18, y=15)) d²=2
  task=RUSH 0us OK -> (<Direction.CENTRE: 'centre'>, PlaceBridge(pos=Position(x=18, y=12), target=Position(x=18, y=15)))
  task=HEAL_CORE FAIL
[RUSH] --- rush eval at (17,11) en_core=(18,18) ---
[RUSH] step1: no flow tile in gunner range of core
[RUSH] step2: flow near core at (18,12) d²=36, extending to siege (18,15)
[RUSH] extend: from (18,12) toward core (18,18)
[RUSH] extend: siege target (18,15)
[RUSH] extend: path=[(18, 12), (18, 15)]
[RUSH] extend: path len=2, builder at (17,11)
[RUSH] extend[0]: (18,12)->(18,15) bld=None team=None connected=False
[RUSH] extend[0]: building (18,12)->(18,15) action=PlaceBridge(pos=Position(x=18, y=12), target=Position(x=18, y=15)) d²=2
  task=RUSH 0us OK -> (<Direction.CENTRE: 'centre'>, PlaceBridge(pos=Position(x=18, y=12), target=Position(x=18, y=15)))
  task=HEAL_CORE FAIL
[RUSH] --- rush eval at (18,11) en_core=(18,18) ---
[RUSH] step1: no flow tile in gunner range of core
[RUSH] step2: flow near core at (18,12) d²=36, extending to siege (18,15)
[RUSH] extend: from (18,12) toward core (18,18)
[RUSH] extend: siege target (18,15)
[RUSH] extend: path=[(18, 12), (18, 15)]
[RUSH] extend: path len=2, builder at (18,11)
[RUSH] extend[0]: (18,12)->(18,15) bld=None team=None connected=False
[RUSH] extend[0]: building (18,12)->(18,15) action=PlaceBridge(pos=Position(x=18, y=12), target=Position(x=18, y=15)) d²=1
  task=RUSH 0us OK -> (<Direction.CENTRE: 'centre'>, PlaceBridge(pos=Position(x=18, y=12), target=Position(x=18, y=15)))
  task=HEAL_CORE FAIL
[RUSH] --- rush eval at (18,12) en_core=(18,18) ---
[RUSH] step1: no flow tile in gunner range of core
[RUSH] step2: flow near core at (18,12) d²=36, extending to siege (18,15)
[RUSH] extend: from (18,12) toward core (18,18)
[RUSH] extend: siege target (18,15)
[RUSH] extend: path=[(18, 12), (18, 15)]
[RUSH] extend: path len=2, builder at (18,12)
[RUSH] extend[0]: (18,12)->(18,15) bld=None team=None connected=False
[RUSH] extend[0]: building (18,12)->(18,15) action=PlaceBridge(pos=Position(x=18, y=12), target=Position(x=18, y=15)) d²=0
  task=RUSH 0us OK -> (<Direction.CENTRE: 'centre'>, PlaceBridge(pos=Position(x=18, y=12), target=Position(x=18, y=15)))
  task=HEAL_CORE FAIL
[RUSH] --- rush eval at (16,9) en_core=(18,18) ---
[RUSH] step1: no flow tile in gunner range of core
[RUSH] step2: flow near core at (18,12) d²=36, extending to siege (18,15)
[RUSH] extend: from (18,12) toward core (18,18)
[RUSH] extend: siege target (18,15)
[RUSH] extend: path=[(18, 12), (18, 15)]
[RUSH] extend: path len=2, builder at (16,9)
[RUSH] extend[0]: (18,12)->(18,15) bld=None team=None connected=False
[RUSH] extend[0]: need to walk to (18,12) d²=13
  task=RUSH 0us OK -> (<Direction.SOUTHEAST: 'southeast'>, None)
[GUN] (14,19) facing=EAST
[GUN] ray: target=Position(x=17, y=19) pri=4
[GUN] ammo=True
[GUN] feed_dir=WEST
[GUN] scan NORTHWEST: pri=3
[GUN] cur_pri=4 best_rot=NORTHWEST rot_pri=3
[GUN] FIRE at (17,19) pri=4
[GUN] (14,18) facing=EAST
[GUN] ray: target=Position(x=17, y=18) pri=4
[GUN] ammo=True
[GUN] feed_dir=SOUTHWEST
[GUN] scan NORTH: pri=1
[GUN] scan NORTHEAST: pri=2
[GUN] scan WEST: pri=3
[GUN] scan NORTHWEST: pri=1
[GUN] cur_pri=4 best_rot=WEST rot_pri=3
[GUN] FIRE at (17,18) pri=4
[GUN] (19,14) facing=SOUTH
[GUN] ray: target=Position(x=19, y=17) pri=4
[GUN] ammo=True
[GUN] feed_dir=NORTH
[GUN] cur_pri=4 best_rot=SOUTH rot_pri=0
[GUN] FIRE at (19,17) pri=4
[GUN] (18,14) facing=SOUTH
[GUN] ray: target=Position(x=18, y=17) pri=4
[GUN] ammo=True
[GUN] feed_dir=NORTH
[GUN] scan SOUTHWEST: pri=2
[GUN] scan NORTHWEST: pri=3
[GUN] cur_pri=4 best_rot=NORTHWEST rot_pri=3
[GUN] FIRE at (18,17) pri=4
  task=HEAL_CORE FAIL
  task=RUSH FAIL
  task=SCOUT_ENEMY 0us OK -> (<Direction.SOUTH: 'south'>, None)
  task=HEAL_CORE FAIL
[RUSH] --- rush eval at (19,11) en_core=(18,18) ---
[RUSH] step1: no flow tile in gunner range of core
[RUSH] step2: flow near core at (18,12) d²=36, extending to siege (18,15)
[RUSH] extend: from (18,12) toward core (18,18)
[RUSH] extend: siege target (18,15)
[RUSH] extend: path=[(18, 12), (18, 15)]
[RUSH] extend: path len=2, builder at (19,11)
[RUSH] extend[0]: (18,12)->(18,15) bld=None team=None connected=False
[RUSH] extend[0]: building (18,12)->(18,15) action=PlaceBridge(pos=Position(x=18, y=12), target=Position(x=18, y=15)) d²=2
  task=RUSH 0us OK -> (<Direction.CENTRE: 'centre'>, PlaceBridge(pos=Position(x=18, y=12), target=Position(x=18, y=15)))
  task=HEAL_CORE FAIL
[RUSH] --- rush eval at (17,11) en_core=(18,18) ---
[RUSH] step1: no flow tile in gunner range of core
[RUSH] step2: flow near core at (18,12) d²=36, extending to siege (18,15)
[RUSH] extend: from (18,12) toward core (18,18)
[RUSH] extend: siege target (18,15)
[RUSH] extend: path=[(18, 12), (18, 15)]
[RUSH] extend: path len=2, builder at (17,11)
[RUSH] extend[0]: (18,12)->(18,15) bld=None team=None connected=False
[RUSH] extend[0]: building (18,12)->(18,15) action=PlaceBridge(pos=Position(x=18, y=12), target=Position(x=18, y=15)) d²=2
  task=RUSH 0us OK -> (<Direction.CENTRE: 'centre'>, PlaceBridge(pos=Position(x=18, y=12), target=Position(x=18, y=15)))
  task=HEAL_CORE FAIL
[RUSH] --- rush eval at (18,11) en_core=(18,18) ---
[RUSH] step1: no flow tile in gunner range of core
[RUSH] step2: flow near core at (18,12) d²=36, extending to siege (18,15)
[RUSH] extend: from (18,12) toward core (18,18)
[RUSH] extend: siege target (18,15)
[RUSH] extend: path=[(18, 12), (18, 15)]
[RUSH] extend: path len=2, builder at (18,11)
[RUSH] extend[0]: (18,12)->(18,15) bld=None team=None connected=False
[RUSH] extend[0]: building (18,12)->(18,15) action=PlaceBridge(pos=Position(x=18, y=12), target=Position(x=18, y=15)) d²=1
  task=RUSH 0us OK -> (<Direction.CENTRE: 'centre'>, PlaceBridge(pos=Position(x=18, y=12), target=Position(x=18, y=15)))
  task=HEAL_CORE FAIL
[RUSH] --- rush eval at (18,12) en_core=(18,18) ---
[RUSH] step1: no flow tile in gunner range of core
[RUSH] step2: flow near core at (18,12) d²=36, extending to siege (18,15)
[RUSH] extend: from (18,12) toward core (18,18)
[RUSH] extend: siege target (18,15)
[RUSH] extend: path=[(18, 12), (18, 15)]
[RUSH] extend: path len=2, builder at (18,12)
[RUSH] extend[0]: (18,12)->(18,15) bld=None team=None connected=False
[RUSH] extend[0]: building (18,12)->(18,15) action=PlaceBridge(pos=Position(x=18, y=12), target=Position(x=18, y=15)) d²=0
  task=RUSH 0us OK -> (<Direction.CENTRE: 'centre'>, PlaceBridge(pos=Position(x=18, y=12), target=Position(x=18, y=15)))
  task=HEAL_CORE FAIL
[RUSH] --- rush eval at (17,10) en_core=(18,18) ---
[RUSH] step1: no flow tile in gunner range of core
[RUSH] step2: flow near core at (18,12) d²=36, extending to siege (18,15)
[RUSH] extend: from (18,12) toward core (18,18)
[RUSH] extend: siege target (18,15)
[RUSH] extend: path=[(18, 12), (18, 15)]
[RUSH] extend: path len=2, builder at (17,10)
[RUSH] extend[0]: (18,12)->(18,15) bld=None team=None connected=False
[RUSH] extend[0]: need to walk to (18,12) d²=5
  task=RUSH 0us OK -> (<Direction.SOUTHWEST: 'southwest'>, None)
[GUN] (14,19) facing=EAST
[GUN] ray: target=Position(x=17, y=19) pri=4
[GUN] ammo=True
[GUN] feed_dir=WEST
[GUN] scan NORTHWEST: pri=3
[GUN] cur_pri=4 best_rot=NORTHWEST rot_pri=3
[GUN] FIRE at (17,19) pri=4
[GUN] (14,18) facing=EAST
[GUN] ray: target=Position(x=17, y=18) pri=4
[GUN] ammo=True
[GUN] feed_dir=SOUTHWEST
[GUN] scan NORTH: pri=1
[GUN] scan NORTHEAST: pri=2
[GUN] scan WEST: pri=3
[GUN] scan NORTHWEST: pri=1
[GUN] cur_pri=4 best_rot=WEST rot_pri=3
[GUN] FIRE at (17,18) pri=4
[GUN] (19,14) facing=SOUTH
[GUN] ray: target=Position(x=19, y=17) pri=4
[GUN] ammo=True
[GUN] feed_dir=NORTH
[GUN] cur_pri=4 best_rot=SOUTH rot_pri=0
[GUN] FIRE at (19,17) pri=4
[GUN] (18,14) facing=SOUTH
[GUN] ray: target=Position(x=18, y=17) pri=4
[GUN] ammo=True
[GUN] feed_dir=NORTH
[GUN] scan SOUTHWEST: pri=2
[GUN] scan NORTHWEST: pri=3
[GUN] cur_pri=4 best_rot=NORTHWEST rot_pri=3
[GUN] FIRE at (18,17) pri=4
  task=HEAL_CORE FAIL
[RUSH] --- rush eval at (10,9) en_core=(18,18) ---
[RUSH] step1: no flow tile in gunner range of core
[RUSH] step2: no flow tile near enemy core
[RUSH] step2.5: checking unconnected harvesters
[RUSH] step2.5: harvester (3,16) d²=229 flow=0.000 has adjacent flow, skip
[RUSH] _find_rush_ore: 10 total ore, 10 seen, sym=Symmetry.ROT candidates={<Symmetry.ROT: 1>}
[RUSH]   ore (3,16) d²=229 bld=BuildingHarvester env=Environment.ORE_TITANIUM
[RUSH]   ore (16,3) d²=229 bld=None env=Environment.ORE_TITANIUM
[RUSH]   ore (16,13) d²=29 bld=BuildingHarvester env=Environment.ORE_TITANIUM
[RUSH]   PICKED: free ore at (16,2) d²=224
[RUSH] step3: free ore at (16,3)
[RUSH] step3: walking toward tap (16,2) for ore (16,3)
  task=RUSH 0us OK -> (<Direction.NORTH: 'north'>, None)
  task=HEAL_CORE FAIL
[RUSH] --- rush eval at (19,11) en_core=(18,18) ---
[RUSH] step1: no flow tile in gunner range of core
[RUSH] step2: flow near core at (18,12) d²=36, extending to siege (18,15)
[RUSH] extend: from (18,12) toward core (18,18)
[RUSH] extend: siege target (18,15)
[RUSH] extend: path=[(18, 12), (18, 15)]
[RUSH] extend: path len=2, builder at (19,11)
[RUSH] extend[0]: (18,12)->(18,15) bld=None team=None connected=False
[RUSH] extend[0]: building (18,12)->(18,15) action=PlaceBridge(pos=Position(x=18, y=12), target=Position(x=18, y=15)) d²=2
  task=RUSH 0us OK -> (<Direction.CENTRE: 'centre'>, PlaceBridge(pos=Position(x=18, y=12), target=Position(x=18, y=15)))
  task=HEAL_CORE FAIL
[RUSH] --- rush eval at (17,11) en_core=(18,18) ---
[RUSH] step1: no flow tile in gunner range of core
[RUSH] step2: flow near core at (18,12) d²=36, extending to siege (18,15)
[RUSH] extend: from (18,12) toward core (18,18)
[RUSH] extend: siege target (18,15)
[RUSH] extend: path=[(18, 12), (18, 15)]
[RUSH] extend: path len=2, builder at (17,11)
[RUSH] extend[0]: (18,12)->(18,15) bld=None team=None connected=False
[RUSH] extend[0]: building (18,12)->(18,15) action=PlaceBridge(pos=Position(x=18, y=12), target=Position(x=18, y=15)) d²=2
  task=RUSH 0us OK -> (<Direction.CENTRE: 'centre'>, PlaceBridge(pos=Position(x=18, y=12), target=Position(x=18, y=15)))
  task=HEAL_CORE FAIL
[RUSH] --- rush eval at (18,11) en_core=(18,18) ---
[RUSH] step1: no flow tile in gunner range of core
[RUSH] step2: flow near core at (18,12) d²=36, extending to siege (18,15)
[RUSH] extend: from (18,12) toward core (18,18)
[RUSH] extend: siege target (18,15)
[RUSH] extend: path=[(18, 12), (18, 15)]
[RUSH] extend: path len=2, builder at (18,11)
[RUSH] extend[0]: (18,12)->(18,15) bld=None team=None connected=False
[RUSH] extend[0]: building (18,12)->(18,15) action=PlaceBridge(pos=Position(x=18, y=12), target=Position(x=18, y=15)) d²=1
  task=RUSH 0us OK -> (<Direction.CENTRE: 'centre'>, PlaceBridge(pos=Position(x=18, y=12), target=Position(x=18, y=15)))
  task=HEAL_CORE FAIL
[RUSH] --- rush eval at (18,12) en_core=(18,18) ---
[RUSH] step1: no flow tile in gunner range of core
[RUSH] step2: flow near core at (18,12) d²=36, extending to siege (18,15)
[RUSH] extend: from (18,12) toward core (18,18)
[RUSH] extend: siege target (18,15)
[RUSH] extend: path=[(18, 12), (18, 15)]
[RUSH] extend: path len=2, builder at (18,12)
[RUSH] extend[0]: (18,12)->(18,15) bld=None team=None connected=False
[RUSH] extend[0]: building (18,12)->(18,15) action=PlaceBridge(pos=Position(x=18, y=12), target=Position(x=18, y=15)) d²=0
  task=RUSH 0us OK -> (<Direction.CENTRE: 'centre'>, PlaceBridge(pos=Position(x=18, y=12), target=Position(x=18, y=15)))
  task=HEAL_CORE FAIL
[RUSH] --- rush eval at (16,11) en_core=(18,18) ---
[RUSH] step1: no flow tile in gunner range of core
[RUSH] step2: flow near core at (18,12) d²=36, extending to siege (18,15)
[RUSH] extend: from (18,12) toward core (18,18)
[RUSH] extend: siege target (18,15)
[RUSH] extend: path=[(18, 12), (18, 15)]
[RUSH] extend: path len=2, builder at (16,11)
[RUSH] extend[0]: (18,12)->(18,15) bld=None team=None connected=False
[RUSH] extend[0]: need to walk to (18,12) d²=5
  task=RUSH 0us OK -> (<Direction.SOUTHEAST: 'southeast'>, None)
[GUN] (14,19) facing=EAST
[GUN] ray: target=Position(x=17, y=19) pri=4
[GUN] ammo=True
[GUN] feed_dir=WEST
[GUN] scan NORTHWEST: pri=3
[GUN] cur_pri=4 best_rot=NORTHWEST rot_pri=3
[GUN] FIRE at (17,19) pri=4
[GUN] (14,18) facing=EAST
[GUN] ray: target=Position(x=17, y=18) pri=4
[GUN] ammo=True
[GUN] feed_dir=SOUTHWEST
[GUN] scan NORTH: pri=1
[GUN] scan NORTHEAST: pri=2
[GUN] scan WEST: pri=3
[GUN] scan NORTHWEST: pri=1
[GUN] cur_pri=4 best_rot=WEST rot_pri=3
[GUN] FIRE at (17,18) pri=4
[GUN] (19,14) facing=SOUTH
[GUN] ray: target=Position(x=19, y=17) pri=4
[GUN] ammo=True
[GUN] feed_dir=NORTH
[GUN] cur_pri=4 best_rot=SOUTH rot_pri=0
[GUN] FIRE at (19,17) pri=4
[GUN] (18,14) facing=SOUTH
[GUN] ray: target=Position(x=18, y=17) pri=4
[GUN] ammo=True
[GUN] feed_dir=NORTH
[GUN] scan SOUTHWEST: pri=2
[GUN] scan NORTHWEST: pri=3
[GUN] cur_pri=4 best_rot=NORTHWEST rot_pri=3
[GUN] FIRE at (18,17) pri=4
  task=HEAL_CORE FAIL
  task=RUSH FAIL
  task=SCOUT_ENEMY 0us OK -> (<Direction.SOUTH: 'south'>, None)
  task=HEAL_CORE FAIL
[RUSH] --- rush eval at (19,11) en_core=(18,18) ---
[RUSH] step1: no flow tile in gunner range of core
[RUSH] step2: flow near core at (18,12) d²=36, extending to siege (18,15)
[RUSH] extend: from (18,12) toward core (18,18)
[RUSH] extend: siege target (18,15)
[RUSH] extend: path=[(18, 12), (18, 15)]
[RUSH] extend: path len=2, builder at (19,11)
[RUSH] extend[0]: (18,12)->(18,15) bld=None team=None connected=False
[RUSH] extend[0]: building (18,12)->(18,15) action=PlaceBridge(pos=Position(x=18, y=12), target=Position(x=18, y=15)) d²=2
  task=RUSH 0us OK -> (<Direction.CENTRE: 'centre'>, PlaceBridge(pos=Position(x=18, y=12), target=Position(x=18, y=15)))
  task=HEAL_CORE FAIL
[RUSH] --- rush eval at (17,11) en_core=(18,18) ---
[RUSH] step1: no flow tile in gunner range of core
[RUSH] step2: flow near core at (18,12) d²=36, extending to siege (18,15)
[RUSH] extend: from (18,12) toward core (18,18)
[RUSH] extend: siege target (18,15)
[RUSH] extend: path=[(18, 12), (18, 15)]
[RUSH] extend: path len=2, builder at (17,11)
[RUSH] extend[0]: (18,12)->(18,15) bld=None team=None connected=False
[RUSH] extend[0]: building (18,12)->(18,15) action=PlaceBridge(pos=Position(x=18, y=12), target=Position(x=18, y=15)) d²=2
  task=RUSH 0us OK -> (<Direction.CENTRE: 'centre'>, PlaceBridge(pos=Position(x=18, y=12), target=Position(x=18, y=15)))
  task=HEAL_CORE FAIL
[RUSH] --- rush eval at (18,11) en_core=(18,18) ---
[RUSH] step1: no flow tile in gunner range of core
[RUSH] step2: flow near core at (18,12) d²=36, extending to siege (18,15)
[RUSH] extend: from (18,12) toward core (18,18)
[RUSH] extend: siege target (18,15)
[RUSH] extend: path=[(18, 12), (18, 15)]
[RUSH] extend: path len=2, builder at (18,11)
[RUSH] extend[0]: (18,12)->(18,15) bld=None team=None connected=False
[RUSH] extend[0]: building (18,12)->(18,15) action=PlaceBridge(pos=Position(x=18, y=12), target=Position(x=18, y=15)) d²=1
  task=RUSH 0us OK -> (<Direction.CENTRE: 'centre'>, PlaceBridge(pos=Position(x=18, y=12), target=Position(x=18, y=15)))
  task=HEAL_CORE FAIL
[RUSH] --- rush eval at (18,12) en_core=(18,18) ---
[RUSH] step1: no flow tile in gunner range of core
[RUSH] step2: flow near core at (18,12) d²=36, extending to siege (18,15)
[RUSH] extend: from (18,12) toward core (18,18)
[RUSH] extend: siege target (18,15)
[RUSH] extend: path=[(18, 12), (18, 15)]
[RUSH] extend: path len=2, builder at (18,12)
[RUSH] extend[0]: (18,12)->(18,15) bld=None team=None connected=False
[RUSH] extend[0]: building (18,12)->(18,15) action=PlaceBridge(pos=Position(x=18, y=12), target=Position(x=18, y=15)) d²=0
  task=RUSH 0us OK -> (<Direction.CENTRE: 'centre'>, PlaceBridge(pos=Position(x=18, y=12), target=Position(x=18, y=15)))
  task=HEAL_CORE FAIL
[RUSH] --- rush eval at (17,12) en_core=(18,18) ---
[RUSH] step1: no flow tile in gunner range of core
[RUSH] step2: flow near core at (18,12) d²=36, extending to siege (18,15)
[RUSH] extend: from (18,12) toward core (18,18)
[RUSH] extend: siege target (18,15)
[RUSH] extend: path=[(18, 12), (18, 15)]
[RUSH] extend: path len=2, builder at (17,12)
[RUSH] extend[0]: (18,12)->(18,15) bld=None team=None connected=False
[RUSH] extend[0]: building (18,12)->(18,15) action=PlaceBridge(pos=Position(x=18, y=12), target=Position(x=18, y=15)) d²=1
  task=RUSH 0us OK -> (<Direction.CENTRE: 'centre'>, PlaceBridge(pos=Position(x=18, y=12), target=Position(x=18, y=15)))
[GUN] (14,19) facing=EAST
[GUN] ray: target=Position(x=17, y=19) pri=4
[GUN] ammo=True
[GUN] feed_dir=WEST
[GUN] scan NORTHWEST: pri=3
[GUN] cur_pri=4 best_rot=NORTHWEST rot_pri=3
[GUN] FIRE at (17,19) pri=4
[GUN] (14,18) facing=EAST
[GUN] ray: target=None pri=0
[GUN] ammo=True
[GUN] feed_dir=SOUTHWEST
[GUN] scan NORTH: pri=1
[GUN] scan NORTHEAST: pri=2
[GUN] scan WEST: pri=3
[GUN] scan NORTHWEST: pri=1
[GUN] no target, has ammo, best_rot=WEST rot_pri=3
[GUN] ROTATING to WEST (has ammo)
[GUN] (19,14) facing=SOUTH
[GUN] ray: target=None pri=0
[GUN] ammo=True
[GUN] feed_dir=NORTH
[GUN] no target, has ammo, best_rot=SOUTH rot_pri=0
[GUN] (18,14) facing=SOUTH
[GUN] ray: target=None pri=0
[GUN] ammo=True
[GUN] feed_dir=NORTH
[GUN] scan SOUTHWEST: pri=2
[GUN] scan NORTHWEST: pri=3
[GUN] no target, has ammo, best_rot=NORTHWEST rot_pri=3
[GUN] ROTATING to NORTHWEST (has ammo)
