algo,scenario,map,start,goal,time_us,reachable,reached_goal,opt_ratio,first_move_correct
astar-dial-apsp,no_roads,arena,126,25,67.7,1,1,1.000000,1
astar-dial-apsp,no_roads,arena,308,275,46.1,1,1,1.000000,1
astar-dial-apsp,no_roads,arena,252,156,19.2,1,1,1.000000,1
astar-dial-apsp,no_roads,arena,115,613,105.0,1,1,1.000000,1
astar-dial-apsp,no_roads,arena,99,473,39.2,1,1,1.000000,1
astar-dial-apsp,no_roads,arena,32,30,11.0,1,1,1.000000,1
astar-dial-apsp,no_roads,arena,105,247,62.8,1,1,1.000000,1
astar-dial-apsp,no_roads,arena,262,572,31.6,1,1,1.000000,1
astar-dial-apsp,no_roads,arena,27,222,82.1,1,1,1.000000,1
astar-dial-apsp,no_roads,arena,613,470,15.9,1,1,1.000000,1
astar-dial-bfs,no_roads,arena,126,25,225.1,1,1,1.000000,1
astar-dial-bfs,no_roads,arena,308,275,248.4,1,1,1.000000,1
astar-dial-bfs,no_roads,arena,252,156,210.7,1,1,1.000000,1
astar-dial-bfs,no_roads,arena,115,613,401.6,1,1,1.000000,1
astar-dial-bfs,no_roads,arena,99,473,298.9,1,1,1.000000,1
astar-dial-bfs,no_roads,arena,32,30,194.0,1,1,1.000000,1
astar-dial-bfs,no_roads,arena,105,247,359.6,1,1,1.000000,1
astar-dial-bfs,no_roads,arena,262,572,275.6,1,1,1.000000,1
astar-dial-bfs,no_roads,arena,27,222,382.9,1,1,1.000000,1
astar-dial-bfs,no_roads,arena,613,470,237.8,1,1,1.000000,1
astar-dial-apsp,with_roads,arena,126,25,56.0,1,1,1.000000,1
astar-dial-apsp,with_roads,arena,308,275,34.7,1,1,1.000000,1
astar-dial-apsp,with_roads,arena,252,156,16.7,1,1,1.000000,1
astar-dial-apsp,with_roads,arena,115,613,45.4,1,1,1.000000,1
astar-dial-apsp,with_roads,arena,99,473,39.4,1,1,1.000000,1
astar-dial-apsp,with_roads,arena,32,30,11.4,1,1,1.000000,1
astar-dial-apsp,with_roads,arena,105,247,28.8,1,1,1.000000,1
astar-dial-apsp,with_roads,arena,262,572,26.8,1,1,1.000000,1
astar-dial-apsp,with_roads,arena,27,222,33.2,1,1,1.000000,1
astar-dial-apsp,with_roads,arena,613,470,17.7,1,1,1.000000,1
astar-dial-bfs,with_roads,arena,126,25,233.5,1,1,1.000000,1
astar-dial-bfs,with_roads,arena,308,275,235.6,1,1,1.000000,1
astar-dial-bfs,with_roads,arena,252,156,229.4,1,1,1.000000,1
astar-dial-bfs,with_roads,arena,115,613,417.6,1,1,1.000000,1
astar-dial-bfs,with_roads,arena,99,473,361.2,1,1,1.000000,1
astar-dial-bfs,with_roads,arena,32,30,216.4,1,1,1.000000,1
astar-dial-bfs,with_roads,arena,105,247,331.8,1,1,1.000000,1
astar-dial-bfs,with_roads,arena,262,572,271.2,1,1,1.000000,1
astar-dial-bfs,with_roads,arena,27,222,343.6,1,1,1.000000,1
astar-dial-bfs,with_roads,arena,613,470,254.0,1,1,1.000000,1
astar-dial-apsp,no_roads,bar_chart,319,72,76.4,1,1,1.000000,1
astar-dial-apsp,no_roads,bar_chart,769,673,120.8,1,1,1.000000,1
astar-dial-apsp,no_roads,bar_chart,612,392,34.3,1,1,1.000000,1
astar-dial-apsp,no_roads,bar_chart,293,249,416.6,0,,,
astar-dial-apsp,no_roads,bar_chart,1165,91,20.2,0,,,
astar-dial-apsp,no_roads,bar_chart,86,271,53.3,0,,,
astar-dial-apsp,no_roads,bar_chart,596,641,31.6,1,1,1.000000,1
astar-dial-apsp,no_roads,bar_chart,76,547,41.7,1,1,1.000000,1
astar-dial-apsp,no_roads,bar_chart,1158,600,36.3,0,,,
astar-dial-apsp,no_roads,bar_chart,1242,775,51.8,0,,,
astar-dial-bfs,no_roads,bar_chart,319,72,56.1,1,1,1.000000,1
astar-dial-bfs,no_roads,bar_chart,769,673,444.2,1,1,1.000000,1
astar-dial-bfs,no_roads,bar_chart,612,392,278.6,1,1,1.000000,1
astar-dial-bfs,no_roads,bar_chart,293,249,201.8,0,,,
astar-dial-bfs,no_roads,bar_chart,1165,91,9.0,0,,,
astar-dial-bfs,no_roads,bar_chart,86,271,30.2,0,,,
astar-dial-bfs,no_roads,bar_chart,596,641,262.7,1,1,1.000000,1
astar-dial-bfs,no_roads,bar_chart,76,547,351.4,1,1,1.000000,1
astar-dial-bfs,no_roads,bar_chart,1158,600,18.2,0,,,
astar-dial-bfs,no_roads,bar_chart,1242,775,29.6,0,,,
astar-dial-apsp,with_roads,bar_chart,319,72,77.1,1,1,1.000000,1
astar-dial-apsp,with_roads,bar_chart,769,673,52.9,1,1,1.000000,1
astar-dial-apsp,with_roads,bar_chart,612,392,24.3,1,1,1.000000,1
astar-dial-apsp,with_roads,bar_chart,293,249,387.2,0,,,
astar-dial-apsp,with_roads,bar_chart,1165,91,19.0,0,,,
astar-dial-apsp,with_roads,bar_chart,86,271,51.4,0,,,
astar-dial-apsp,with_roads,bar_chart,596,641,22.2,1,1,1.000000,1
astar-dial-apsp,with_roads,bar_chart,76,547,31.1,1,1,1.000000,1
astar-dial-apsp,with_roads,bar_chart,1158,600,36.4,0,,,
astar-dial-apsp,with_roads,bar_chart,1242,775,51.3,0,,,
astar-dial-bfs,with_roads,bar_chart,319,72,47.8,1,1,1.000000,1
astar-dial-bfs,with_roads,bar_chart,769,673,379.2,1,1,1.000000,1
astar-dial-bfs,with_roads,bar_chart,612,392,235.2,1,1,1.000000,1
astar-dial-bfs,with_roads,bar_chart,293,249,200.9,0,,,
astar-dial-bfs,with_roads,bar_chart,1165,91,8.8,0,,,
astar-dial-bfs,with_roads,bar_chart,86,271,29.0,0,,,
astar-dial-bfs,with_roads,bar_chart,596,641,257.5,1,1,1.000000,1
astar-dial-bfs,with_roads,bar_chart,76,547,337.7,1,1,1.000000,1
astar-dial-bfs,with_roads,bar_chart,1158,600,22.0,0,,,
astar-dial-bfs,with_roads,bar_chart,1242,775,27.0,0,,,
astar-dial-apsp,no_roads,battlebot,443,79,98.4,1,1,1.000000,1
astar-dial-apsp,no_roads,battlebot,12,514,40.0,1,1,1.000000,1
astar-dial-apsp,no_roads,battlebot,180,160,12.0,1,1,1.000000,1
astar-dial-apsp,no_roads,battlebot,147,96,93.9,1,1,1.000000,1
astar-dial-apsp,no_roads,battlebot,511,74,85.9,1,1,1.000000,1
astar-dial-apsp,no_roads,battlebot,471,514,11.5,1,1,1.000000,1
astar-dial-apsp,no_roads,battlebot,375,66,27.9,1,1,1.000000,1
astar-dial-apsp,no_roads,battlebot,409,280,16.0,1,1,1.000000,1
astar-dial-apsp,no_roads,battlebot,16,15,8.4,1,1,1.000000,1
astar-dial-apsp,no_roads,battlebot,69,143,36.2,1,1,1.000000,1
astar-dial-bfs,no_roads,battlebot,443,79,274.3,1,1,1.000000,1
astar-dial-bfs,no_roads,battlebot,12,514,333.6,1,1,1.000000,1
astar-dial-bfs,no_roads,battlebot,180,160,150.1,1,1,1.000000,1
astar-dial-bfs,no_roads,battlebot,147,96,332.3,1,1,1.000000,1
astar-dial-bfs,no_roads,battlebot,511,74,276.5,1,1,1.000000,1
astar-dial-bfs,no_roads,battlebot,471,514,147.8,1,1,1.000000,1
astar-dial-bfs,no_roads,battlebot,375,66,249.1,1,1,1.000000,1
astar-dial-bfs,no_roads,battlebot,409,280,182.0,1,1,1.000000,1
astar-dial-bfs,no_roads,battlebot,16,15,142.7,1,1,1.000000,1
astar-dial-bfs,no_roads,battlebot,69,143,199.6,1,1,1.000000,1
astar-dial-apsp,with_roads,battlebot,443,79,87.9,1,1,1.000000,1
astar-dial-apsp,with_roads,battlebot,12,514,39.6,1,1,1.000000,1
astar-dial-apsp,with_roads,battlebot,180,160,11.9,1,1,1.000000,1
astar-dial-apsp,with_roads,battlebot,147,96,71.6,1,1,1.000000,1
astar-dial-apsp,with_roads,battlebot,511,74,67.6,1,1,1.000000,1
astar-dial-apsp,with_roads,battlebot,471,514,13.3,1,1,1.000000,1
astar-dial-apsp,with_roads,battlebot,375,66,28.4,1,1,1.000000,1
astar-dial-apsp,with_roads,battlebot,409,280,15.8,1,1,1.000000,1
astar-dial-apsp,with_roads,battlebot,16,15,8.1,1,1,1.000000,1
astar-dial-apsp,with_roads,battlebot,69,143,34.0,1,1,1.000000,1
astar-dial-bfs,with_roads,battlebot,443,79,276.1,1,1,1.000000,1
astar-dial-bfs,with_roads,battlebot,12,514,254.7,1,1,1.000000,1
astar-dial-bfs,with_roads,battlebot,180,160,145.2,1,1,1.000000,1
astar-dial-bfs,with_roads,battlebot,147,96,279.5,1,1,1.000000,1
astar-dial-bfs,with_roads,battlebot,511,74,284.0,1,1,1.000000,1
astar-dial-bfs,with_roads,battlebot,471,514,150.8,1,1,1.000000,1
astar-dial-bfs,with_roads,battlebot,375,66,238.4,1,1,1.000000,1
astar-dial-bfs,with_roads,battlebot,409,280,177.3,1,1,1.000000,1
astar-dial-bfs,with_roads,battlebot,16,15,148.5,1,1,1.000000,1
astar-dial-bfs,with_roads,battlebot,69,143,206.5,1,1,1.000000,1
astar-dial-apsp,no_roads,bear_of_doom,268,66,133.9,0,,,
astar-dial-apsp,no_roads,bear_of_doom,21,309,84.9,0,,,
astar-dial-apsp,no_roads,bear_of_doom,140,129,72.5,0,,,
astar-dial-apsp,no_roads,bear_of_doom,120,80,13.0,1,1,1.000000,1
astar-dial-apsp,no_roads,bear_of_doom,308,63,71.7,0,,,
astar-dial-apsp,no_roads,bear_of_doom,285,309,14.7,1,1,1.000000,1
astar-dial-apsp,no_roads,bear_of_doom,383,234,18.4,1,1,1.000000,1
astar-dial-apsp,no_roads,bear_of_doom,54,251,26.9,1,1,1.000000,1
astar-dial-apsp,no_roads,bear_of_doom,192,25,17.9,1,1,1.000000,1
astar-dial-apsp,no_roads,bear_of_doom,24,56,75.7,0,,,
astar-dial-bfs,no_roads,bear_of_doom,268,66,55.2,0,,,
astar-dial-bfs,no_roads,bear_of_doom,21,309,41.1,0,,,
astar-dial-bfs,no_roads,bear_of_doom,140,129,38.2,0,,,
astar-dial-bfs,no_roads,bear_of_doom,120,80,50.4,1,1,1.000000,1
astar-dial-bfs,no_roads,bear_of_doom,308,63,40.2,0,,,
astar-dial-bfs,no_roads,bear_of_doom,285,309,59.1,1,1,1.000000,1
astar-dial-bfs,no_roads,bear_of_doom,383,234,75.5,1,1,1.000000,1
astar-dial-bfs,no_roads,bear_of_doom,54,251,101.0,1,1,1.000000,1
astar-dial-bfs,no_roads,bear_of_doom,192,25,65.3,1,1,1.000000,1
astar-dial-bfs,no_roads,bear_of_doom,24,56,38.6,0,,,
astar-dial-apsp,with_roads,bear_of_doom,268,66,112.0,0,,,
astar-dial-apsp,with_roads,bear_of_doom,21,309,79.2,0,,,
astar-dial-apsp,with_roads,bear_of_doom,140,129,75.0,0,,,
astar-dial-apsp,with_roads,bear_of_doom,120,80,14.0,1,1,1.000000,1
astar-dial-apsp,with_roads,bear_of_doom,308,63,73.8,0,,,
astar-dial-apsp,with_roads,bear_of_doom,285,309,15.5,1,1,1.000000,1
astar-dial-apsp,with_roads,bear_of_doom,383,234,15.2,1,1,1.000000,1
astar-dial-apsp,with_roads,bear_of_doom,54,251,27.0,1,1,1.000000,1
astar-dial-apsp,with_roads,bear_of_doom,192,25,14.1,1,1,1.000000,1
astar-dial-apsp,with_roads,bear_of_doom,24,56,76.1,0,,,
astar-dial-bfs,with_roads,bear_of_doom,268,66,48.3,0,,,
astar-dial-bfs,with_roads,bear_of_doom,21,309,41.3,0,,,
astar-dial-bfs,with_roads,bear_of_doom,140,129,40.7,0,,,
astar-dial-bfs,with_roads,bear_of_doom,120,80,50.2,1,1,1.000000,1
astar-dial-bfs,with_roads,bear_of_doom,308,63,41.2,0,,,
astar-dial-bfs,with_roads,bear_of_doom,285,309,60.8,1,1,1.000000,1
astar-dial-bfs,with_roads,bear_of_doom,383,234,65.9,1,1,1.000000,1
astar-dial-bfs,with_roads,bear_of_doom,54,251,101.7,1,1,1.000000,1
astar-dial-bfs,with_roads,bear_of_doom,192,25,65.3,1,1,1.000000,1
astar-dial-bfs,with_roads,bear_of_doom,24,56,38.1,0,,,
astar-dial-apsp,no_roads,binary_tree,758,124,105.5,1,1,1.000000,1
astar-dial-apsp,no_roads,binary_tree,28,902,114.3,1,1,1.000000,1
astar-dial-apsp,no_roads,binary_tree,309,276,31.4,1,1,1.000000,1
astar-dial-apsp,no_roads,binary_tree,250,156,102.3,1,1,1.000000,1
astar-dial-apsp,no_roads,binary_tree,897,114,117.3,1,1,1.000000,1
astar-dial-apsp,no_roads,binary_tree,810,901,44.6,1,1,1.000000,1
astar-dial-apsp,no_roads,binary_tree,1098,634,38.5,1,1,1.000000,1
astar-dial-apsp,no_roads,binary_tree,95,688,36.6,1,1,1.000000,1
astar-dial-apsp,no_roads,binary_tree,484,35,53.9,1,1,1.000000,1
astar-dial-apsp,no_roads,binary_tree,33,103,32.8,1,1,1.000000,1
astar-dial-bfs,no_roads,binary_tree,758,124,523.7,1,1,1.000000,1
astar-dial-bfs,no_roads,binary_tree,28,902,705.5,1,1,1.000000,1
astar-dial-bfs,no_roads,binary_tree,309,276,448.7,1,1,1.000000,1
astar-dial-bfs,no_roads,binary_tree,250,156,652.3,1,1,1.000000,1
astar-dial-bfs,no_roads,binary_tree,897,114,713.2,1,1,1.000000,1
astar-dial-bfs,no_roads,binary_tree,810,901,428.2,1,1,1.000000,1
astar-dial-bfs,no_roads,binary_tree,1098,634,527.0,1,1,1.000000,1
astar-dial-bfs,no_roads,binary_tree,95,688,535.7,1,1,1.000000,1
astar-dial-bfs,no_roads,binary_tree,484,35,398.7,1,1,1.000000,1
astar-dial-bfs,no_roads,binary_tree,33,103,400.7,1,1,1.000000,1
astar-dial-apsp,with_roads,binary_tree,758,124,93.6,1,1,1.000000,1
astar-dial-apsp,with_roads,binary_tree,28,902,90.6,1,1,1.000000,1
astar-dial-apsp,with_roads,binary_tree,309,276,33.6,1,1,1.000000,1
astar-dial-apsp,with_roads,binary_tree,250,156,62.6,1,1,1.000000,1
astar-dial-apsp,with_roads,binary_tree,897,114,112.8,1,1,1.000000,1
astar-dial-apsp,with_roads,binary_tree,810,901,46.4,1,1,1.000000,1
astar-dial-apsp,with_roads,binary_tree,1098,634,38.4,1,1,1.000000,1
astar-dial-apsp,with_roads,binary_tree,95,688,33.7,1,1,1.000000,1
astar-dial-apsp,with_roads,binary_tree,484,35,49.6,1,1,1.000000,1
astar-dial-apsp,with_roads,binary_tree,33,103,32.4,1,1,1.000000,1
astar-dial-bfs,with_roads,binary_tree,758,124,605.7,1,1,1.000000,1
astar-dial-bfs,with_roads,binary_tree,28,902,718.8,1,1,1.000000,1
astar-dial-bfs,with_roads,binary_tree,309,276,482.1,1,1,1.000000,1
astar-dial-bfs,with_roads,binary_tree,250,156,560.6,1,1,1.000000,1
astar-dial-bfs,with_roads,binary_tree,897,114,790.6,1,1,1.000000,1
astar-dial-bfs,with_roads,binary_tree,810,901,421.9,1,1,1.000000,1
astar-dial-bfs,with_roads,binary_tree,1098,634,568.8,1,1,1.000000,1
astar-dial-bfs,with_roads,binary_tree,95,688,490.7,1,1,1.000000,1
astar-dial-bfs,with_roads,binary_tree,484,35,430.2,1,1,1.000000,1
astar-dial-bfs,with_roads,binary_tree,33,103,406.6,1,1,1.000000,1
astar-dial-apsp,no_roads,butterfly,133,25,116.9,1,1,1.000000,1
astar-dial-apsp,no_roads,butterfly,392,326,92.7,0,,,
astar-dial-apsp,no_roads,butterfly,293,173,17.4,1,1,1.000000,1
astar-dial-apsp,no_roads,butterfly,110,834,108.1,0,,,
astar-dial-apsp,no_roads,butterfly,89,907,102.9,0,,,
astar-dial-apsp,no_roads,butterfly,659,32,55.5,0,,,
astar-dial-apsp,no_roads,butterfly,30,101,75.1,1,1,1.000000,1
astar-dial-apsp,no_roads,butterfly,285,306,77.4,0,,,
astar-dial-apsp,no_roads,butterfly,775,928,41.5,0,,,
astar-dial-apsp,no_roads,butterfly,27,861,107.2,0,,,
astar-dial-bfs,no_roads,butterfly,133,25,144.0,1,1,1.000000,1
astar-dial-bfs,no_roads,butterfly,392,326,42.7,0,,,
astar-dial-bfs,no_roads,butterfly,293,173,85.4,1,1,1.000000,1
astar-dial-bfs,no_roads,butterfly,110,834,61.8,0,,,
astar-dial-bfs,no_roads,butterfly,89,907,58.6,0,,,
astar-dial-bfs,no_roads,butterfly,659,32,26.5,0,,,
astar-dial-bfs,no_roads,butterfly,30,101,151.0,1,1,1.000000,1
astar-dial-bfs,no_roads,butterfly,285,306,40.2,0,,,
astar-dial-bfs,no_roads,butterfly,775,928,17.8,0,,,
astar-dial-bfs,no_roads,butterfly,27,861,59.3,0,,,
astar-dial-apsp,with_roads,butterfly,133,25,114.8,1,1,1.000000,1
astar-dial-apsp,with_roads,butterfly,392,326,81.6,0,,,
astar-dial-apsp,with_roads,butterfly,293,173,17.7,1,1,1.000000,1
astar-dial-apsp,with_roads,butterfly,110,834,118.0,0,,,
astar-dial-apsp,with_roads,butterfly,89,907,108.8,0,,,
astar-dial-apsp,with_roads,butterfly,659,32,54.0,0,,,
astar-dial-apsp,with_roads,butterfly,30,101,80.4,1,1,1.000000,1
astar-dial-apsp,with_roads,butterfly,285,306,73.3,0,,,
astar-dial-apsp,with_roads,butterfly,775,928,39.3,0,,,
astar-dial-apsp,with_roads,butterfly,27,861,104.6,0,,,
astar-dial-bfs,with_roads,butterfly,133,25,145.5,1,1,1.000000,1
astar-dial-bfs,with_roads,butterfly,392,326,43.4,0,,,
astar-dial-bfs,with_roads,butterfly,293,173,83.6,1,1,1.000000,1
astar-dial-bfs,with_roads,butterfly,110,834,61.4,0,,,
astar-dial-bfs,with_roads,butterfly,89,907,70.4,0,,,
astar-dial-bfs,with_roads,butterfly,659,32,28.8,0,,,
astar-dial-bfs,with_roads,butterfly,30,101,161.3,1,1,1.000000,1
astar-dial-bfs,with_roads,butterfly,285,306,41.5,0,,,
astar-dial-bfs,with_roads,butterfly,775,928,18.8,0,,,
astar-dial-bfs,with_roads,butterfly,27,861,61.1,0,,,
astar-dial-apsp,no_roads,castle_keep,1647,244,173.8,1,1,1.000000,1
astar-dial-apsp,no_roads,castle_keep,51,1879,126.5,1,1,1.000000,1
astar-dial-apsp,no_roads,castle_keep,600,535,157.1,1,1,1.000000,1
astar-dial-apsp,no_roads,castle_keep,489,308,195.6,1,1,1.000000,1
astar-dial-apsp,no_roads,castle_keep,1868,222,133.2,1,1,1.000000,1
astar-dial-apsp,no_roads,castle_keep,1732,1877,18.0,1,1,1.000000,1
astar-dial-apsp,no_roads,castle_keep,2277,1395,118.1,1,1,1.000000,1
astar-dial-apsp,no_roads,castle_keep,186,1517,86.5,1,1,1.000000,1
astar-dial-apsp,no_roads,castle_keep,1057,65,61.4,1,1,1.000000,1
astar-dial-apsp,no_roads,castle_keep,61,203,22.2,1,1,1.000000,1
astar-dial-bfs,no_roads,castle_keep,1647,244,1116.2,1,1,1.000000,1
astar-dial-bfs,no_roads,castle_keep,51,1879,1165.5,1,1,1.000000,1
astar-dial-bfs,no_roads,castle_keep,600,535,1018.3,1,1,1.000000,1
astar-dial-bfs,no_roads,castle_keep,489,308,1065.5,1,1,1.000000,1
astar-dial-bfs,no_roads,castle_keep,1868,222,1308.5,1,1,1.000000,1
astar-dial-bfs,no_roads,castle_keep,1732,1877,674.0,1,1,1.000000,1
astar-dial-bfs,no_roads,castle_keep,2277,1395,1167.9,1,1,1.000000,1
astar-dial-bfs,no_roads,castle_keep,186,1517,841.6,1,1,1.000000,1
astar-dial-bfs,no_roads,castle_keep,1057,65,888.7,1,1,1.000000,1
astar-dial-bfs,no_roads,castle_keep,61,203,649.1,1,1,1.000000,1
astar-dial-apsp,with_roads,castle_keep,1647,244,139.2,1,1,1.000000,1
astar-dial-apsp,with_roads,castle_keep,51,1879,65.7,1,1,1.000000,1
astar-dial-apsp,with_roads,castle_keep,600,535,74.6,1,1,1.000000,1
astar-dial-apsp,with_roads,castle_keep,489,308,55.8,1,1,1.000000,1
astar-dial-apsp,with_roads,castle_keep,1868,222,66.5,1,1,1.000000,1
astar-dial-apsp,with_roads,castle_keep,1732,1877,18.9,1,1,1.000000,1
astar-dial-apsp,with_roads,castle_keep,2277,1395,96.9,1,1,1.000000,1
astar-dial-apsp,with_roads,castle_keep,186,1517,60.3,1,1,1.000000,1
astar-dial-apsp,with_roads,castle_keep,1057,65,36.2,1,1,1.000000,1
astar-dial-apsp,with_roads,castle_keep,61,203,18.4,1,1,1.000000,1
astar-dial-bfs,with_roads,castle_keep,1647,244,982.6,1,1,1.000000,1
astar-dial-bfs,with_roads,castle_keep,51,1879,724.8,1,1,1.000000,1
astar-dial-bfs,with_roads,castle_keep,600,535,950.8,1,1,1.000000,1
astar-dial-bfs,with_roads,castle_keep,489,308,934.1,1,1,1.000000,1
astar-dial-bfs,with_roads,castle_keep,1868,222,1135.6,1,1,1.000000,1
astar-dial-bfs,with_roads,castle_keep,1732,1877,669.5,1,1,1.000000,1
astar-dial-bfs,with_roads,castle_keep,2277,1395,1092.4,1,1,1.000000,1
astar-dial-bfs,with_roads,castle_keep,186,1517,805.0,1,1,1.000000,1
astar-dial-bfs,with_roads,castle_keep,1057,65,779.0,1,1,1.000000,1
astar-dial-bfs,with_roads,castle_keep,61,203,662.2,1,1,1.000000,1
astar-dial-apsp,no_roads,chemistry_class,1475,228,248.7,1,1,1.000000,1
astar-dial-apsp,no_roads,chemistry_class,51,583,45.2,1,1,1.000000,1
astar-dial-apsp,no_roads,chemistry_class,515,466,40.6,1,1,1.000000,1
astar-dial-apsp,no_roads,chemistry_class,287,209,16.1,1,1,1.000000,1
astar-dial-apsp,no_roads,chemistry_class,1551,1216,51.4,1,1,1.000000,1
astar-dial-apsp,no_roads,chemistry_class,178,1338,136.6,1,1,1.000000,1
astar-dial-apsp,no_roads,chemistry_class,920,65,73.1,1,1,1.000000,1
astar-dial-apsp,no_roads,chemistry_class,61,191,39.1,1,1,1.000000,1
astar-dial-apsp,no_roads,chemistry_class,456,487,44.5,1,1,1.000000,1
astar-dial-apsp,no_roads,chemistry_class,1120,1368,22.6,1,1,1.000000,1
astar-dial-bfs,no_roads,chemistry_class,1475,228,1000.5,1,1,1.000000,1
astar-dial-bfs,no_roads,chemistry_class,51,583,589.2,1,1,1.000000,1
astar-dial-bfs,no_roads,chemistry_class,515,466,568.2,1,1,1.000000,1
astar-dial-bfs,no_roads,chemistry_class,287,209,485.7,1,1,1.000000,1
astar-dial-bfs,no_roads,chemistry_class,1551,1216,585.0,1,1,1.000000,1
astar-dial-bfs,no_roads,chemistry_class,178,1338,1010.8,1,1,1.000000,1
astar-dial-bfs,no_roads,chemistry_class,920,65,808.7,1,1,1.000000,1
astar-dial-bfs,no_roads,chemistry_class,61,191,554.3,1,1,1.000000,1
astar-dial-bfs,no_roads,chemistry_class,456,487,561.8,1,1,1.000000,1
astar-dial-bfs,no_roads,chemistry_class,1120,1368,499.3,1,1,1.000000,1
astar-dial-apsp,with_roads,chemistry_class,1475,228,189.1,1,1,1.000000,1
astar-dial-apsp,with_roads,chemistry_class,51,583,46.3,1,1,1.000000,1
astar-dial-apsp,with_roads,chemistry_class,515,466,25.9,1,1,1.000000,1
astar-dial-apsp,with_roads,chemistry_class,287,209,15.1,1,1,1.000000,1
astar-dial-apsp,with_roads,chemistry_class,1551,1216,47.4,1,1,1.000000,1
astar-dial-apsp,with_roads,chemistry_class,178,1338,83.6,1,1,1.000000,1
astar-dial-apsp,with_roads,chemistry_class,920,65,84.8,1,1,1.000000,1
astar-dial-apsp,with_roads,chemistry_class,61,191,27.3,1,1,1.000000,1
astar-dial-apsp,with_roads,chemistry_class,456,487,41.5,1,1,1.000000,1
astar-dial-apsp,with_roads,chemistry_class,1120,1368,20.6,1,1,1.000000,1
astar-dial-bfs,with_roads,chemistry_class,1475,228,1018.9,1,1,1.000000,1
astar-dial-bfs,with_roads,chemistry_class,51,583,608.1,1,1,1.000000,1
astar-dial-bfs,with_roads,chemistry_class,515,466,509.6,1,1,1.000000,1
astar-dial-bfs,with_roads,chemistry_class,287,209,473.9,1,1,1.000000,1
astar-dial-bfs,with_roads,chemistry_class,1551,1216,573.7,1,1,1.000000,1
astar-dial-bfs,with_roads,chemistry_class,178,1338,1020.4,1,1,1.000000,1
astar-dial-bfs,with_roads,chemistry_class,920,65,855.5,1,1,1.000000,1
astar-dial-bfs,with_roads,chemistry_class,61,191,485.4,1,1,1.000000,1
astar-dial-bfs,with_roads,chemistry_class,456,487,589.1,1,1,1.000000,1
astar-dial-bfs,with_roads,chemistry_class,1120,1368,537.4,1,1,1.000000,1
astar-dial-apsp,no_roads,cinnamon_roll,842,128,184.9,1,1,1.000000,1
astar-dial-apsp,no_roads,cinnamon_roll,25,337,43.8,1,1,1.000000,1
astar-dial-apsp,no_roads,cinnamon_roll,292,267,20.2,1,1,1.000000,1
astar-dial-apsp,no_roads,cinnamon_roll,160,117,49.5,1,1,1.000000,1
astar-dial-apsp,no_roads,cinnamon_roll,880,728,20.0,1,1,1.000000,1
astar-dial-apsp,no_roads,cinnamon_roll,100,779,50.1,1,1,1.000000,1
astar-dial-apsp,no_roads,cinnamon_roll,567,32,49.6,1,1,1.000000,1
astar-dial-apsp,no_roads,cinnamon_roll,30,106,42.6,1,1,1.000000,1
astar-dial-apsp,no_roads,cinnamon_roll,261,279,31.7,1,1,1.000000,1
astar-dial-apsp,no_roads,cinnamon_roll,674,793,19.5,1,1,1.000000,1
astar-dial-bfs,no_roads,cinnamon_roll,842,128,511.8,1,1,1.000000,1
astar-dial-bfs,no_roads,cinnamon_roll,25,337,376.0,1,1,1.000000,1
astar-dial-bfs,no_roads,cinnamon_roll,292,267,250.8,1,1,1.000000,1
astar-dial-bfs,no_roads,cinnamon_roll,160,117,333.9,1,1,1.000000,1
astar-dial-bfs,no_roads,cinnamon_roll,880,728,256.2,1,1,1.000000,1
astar-dial-bfs,no_roads,cinnamon_roll,100,779,407.0,1,1,1.000000,1
astar-dial-bfs,no_roads,cinnamon_roll,567,32,475.1,1,1,1.000000,1
astar-dial-bfs,no_roads,cinnamon_roll,30,106,339.5,1,1,1.000000,1
astar-dial-bfs,no_roads,cinnamon_roll,261,279,304.2,1,1,1.000000,1
astar-dial-bfs,no_roads,cinnamon_roll,674,793,251.6,1,1,1.000000,1
astar-dial-apsp,with_roads,cinnamon_roll,842,128,115.1,1,1,1.000000,1
astar-dial-apsp,with_roads,cinnamon_roll,25,337,41.7,1,1,1.000000,1
astar-dial-apsp,with_roads,cinnamon_roll,292,267,46.2,1,1,1.000000,1
astar-dial-apsp,with_roads,cinnamon_roll,160,117,45.7,1,1,1.000000,1
astar-dial-apsp,with_roads,cinnamon_roll,880,728,19.1,1,1,1.000000,1
astar-dial-apsp,with_roads,cinnamon_roll,100,779,43.6,1,1,1.000000,1
astar-dial-apsp,with_roads,cinnamon_roll,567,32,38.0,1,1,1.000000,1
astar-dial-apsp,with_roads,cinnamon_roll,30,106,23.8,1,1,1.000000,1
astar-dial-apsp,with_roads,cinnamon_roll,261,279,22.7,1,1,1.000000,1
astar-dial-apsp,with_roads,cinnamon_roll,674,793,24.5,1,1,1.000000,1
astar-dial-bfs,with_roads,cinnamon_roll,842,128,489.8,1,1,1.000000,1
astar-dial-bfs,with_roads,cinnamon_roll,25,337,402.2,1,1,1.000000,1
astar-dial-bfs,with_roads,cinnamon_roll,292,267,252.7,1,1,1.000000,1
astar-dial-bfs,with_roads,cinnamon_roll,160,117,304.1,1,1,1.000000,1
astar-dial-bfs,with_roads,cinnamon_roll,880,728,255.5,1,1,1.000000,1
astar-dial-bfs,with_roads,cinnamon_roll,100,779,296.8,1,1,1.000000,1
astar-dial-bfs,with_roads,cinnamon_roll,567,32,366.8,1,1,1.000000,1
astar-dial-bfs,with_roads,cinnamon_roll,30,106,251.1,1,1,1.000000,1
astar-dial-bfs,with_roads,cinnamon_roll,261,279,288.9,1,1,1.000000,1
astar-dial-bfs,with_roads,cinnamon_roll,674,793,253.5,1,1,1.000000,1
astar-dial-apsp,no_roads,clash_arena,493,95,225.9,0,,,
astar-dial-apsp,no_roads,clash_arena,29,568,137.4,0,,,
astar-dial-apsp,no_roads,clash_arena,211,192,15.3,1,1,1.000000,1
astar-dial-apsp,no_roads,clash_arena,178,117,13.7,1,1,1.000000,1
astar-dial-apsp,no_roads,clash_arena,564,90,128.3,0,,,
astar-dial-apsp,no_roads,clash_arena,516,568,24.2,1,1,1.000000,1
astar-dial-apsp,no_roads,clash_arena,433,76,126.2,0,,,
astar-dial-apsp,no_roads,clash_arena,463,306,131.5,0,,,
astar-dial-apsp,no_roads,clash_arena,33,32,8.8,1,1,1.000000,1
astar-dial-apsp,no_roads,clash_arena,80,175,21.9,1,1,1.000000,1
astar-dial-bfs,no_roads,clash_arena,493,95,84.7,0,,,
astar-dial-bfs,no_roads,clash_arena,29,568,82.3,0,,,
astar-dial-bfs,no_roads,clash_arena,211,192,84.4,1,1,1.000000,1
astar-dial-bfs,no_roads,clash_arena,178,117,88.3,1,1,1.000000,1
astar-dial-bfs,no_roads,clash_arena,564,90,70.3,0,,,
astar-dial-bfs,no_roads,clash_arena,516,568,120.7,1,1,1.000000,1
astar-dial-bfs,no_roads,clash_arena,433,76,71.4,0,,,
astar-dial-bfs,no_roads,clash_arena,463,306,70.3,0,,,
astar-dial-bfs,no_roads,clash_arena,33,32,76.3,1,1,1.000000,1
astar-dial-bfs,no_roads,clash_arena,80,175,146.6,1,1,1.000000,1
astar-dial-apsp,with_roads,clash_arena,493,95,180.4,0,,,
astar-dial-apsp,with_roads,clash_arena,29,568,140.4,0,,,
astar-dial-apsp,with_roads,clash_arena,211,192,16.3,1,1,1.000000,1
astar-dial-apsp,with_roads,clash_arena,178,117,14.0,1,1,1.000000,1
astar-dial-apsp,with_roads,clash_arena,564,90,130.3,0,,,
astar-dial-apsp,with_roads,clash_arena,516,568,24.3,1,1,1.000000,1
astar-dial-apsp,with_roads,clash_arena,433,76,125.6,0,,,
astar-dial-apsp,with_roads,clash_arena,463,306,126.0,0,,,
astar-dial-apsp,with_roads,clash_arena,33,32,9.0,1,1,1.000000,1
astar-dial-apsp,with_roads,clash_arena,80,175,22.4,1,1,1.000000,1
astar-dial-bfs,with_roads,clash_arena,493,95,76.6,0,,,
astar-dial-bfs,with_roads,clash_arena,29,568,71.2,0,,,
astar-dial-bfs,with_roads,clash_arena,211,192,111.6,1,1,1.000000,1
astar-dial-bfs,with_roads,clash_arena,178,117,88.3,1,1,1.000000,1
astar-dial-bfs,with_roads,clash_arena,564,90,73.0,0,,,
astar-dial-bfs,with_roads,clash_arena,516,568,120.4,1,1,1.000000,1
astar-dial-bfs,with_roads,clash_arena,433,76,72.0,0,,,
astar-dial-bfs,with_roads,clash_arena,463,306,72.0,0,,,
astar-dial-bfs,with_roads,clash_arena,33,32,81.0,1,1,1.000000,1
astar-dial-bfs,with_roads,clash_arena,80,175,149.0,1,1,1.000000,1
astar-dial-apsp,no_roads,cold,259,51,100.1,1,1,1.000000,1
astar-dial-apsp,no_roads,cold,637,566,22.8,1,1,1.000000,1
astar-dial-apsp,no_roads,cold,513,319,45.1,1,1,1.000000,1
astar-dial-apsp,no_roads,cold,238,1347,97.7,1,1,1.000000,1
astar-dial-apsp,no_roads,cold,201,1054,143.4,1,1,1.000000,1
astar-dial-apsp,no_roads,cold,65,61,20.6,1,1,1.000000,1
astar-dial-apsp,no_roads,cold,218,501,43.3,1,1,1.000000,1
astar-dial-apsp,no_roads,cold,536,1260,48.0,1,1,1.000000,1
astar-dial-apsp,no_roads,cold,54,455,24.6,1,1,1.000000,1
astar-dial-apsp,no_roads,cold,1347,1049,35.0,1,1,1.000000,1
astar-dial-bfs,no_roads,cold,259,51,509.4,1,1,1.000000,1
astar-dial-bfs,no_roads,cold,637,566,373.7,1,1,1.000000,1
astar-dial-bfs,no_roads,cold,513,319,439.2,1,1,1.000000,1
astar-dial-bfs,no_roads,cold,238,1347,720.5,1,1,1.000000,1
astar-dial-bfs,no_roads,cold,201,1054,761.4,1,1,1.000000,1
astar-dial-bfs,no_roads,cold,65,61,382.5,1,1,1.000000,1
astar-dial-bfs,no_roads,cold,218,501,502.8,1,1,1.000000,1
astar-dial-bfs,no_roads,cold,536,1260,523.0,1,1,1.000000,1
astar-dial-bfs,no_roads,cold,54,455,489.8,1,1,1.000000,1
astar-dial-bfs,no_roads,cold,1347,1049,418.5,1,1,1.000000,1
astar-dial-apsp,with_roads,cold,259,51,88.4,1,1,1.000000,1
astar-dial-apsp,with_roads,cold,637,566,22.2,1,1,1.000000,1
astar-dial-apsp,with_roads,cold,513,319,44.0,1,1,1.000000,1
astar-dial-apsp,with_roads,cold,238,1347,78.8,1,1,1.000000,1
astar-dial-apsp,with_roads,cold,201,1054,51.0,1,1,1.000000,1
astar-dial-apsp,with_roads,cold,65,61,20.3,1,1,1.000000,1
astar-dial-apsp,with_roads,cold,218,501,49.2,1,1,1.000000,1
astar-dial-apsp,with_roads,cold,536,1260,52.6,1,1,1.000000,1
astar-dial-apsp,with_roads,cold,54,455,33.6,1,1,1.000000,1
astar-dial-apsp,with_roads,cold,1347,1049,29.2,1,1,1.000000,1
astar-dial-bfs,with_roads,cold,259,51,495.9,1,1,1.000000,1
astar-dial-bfs,with_roads,cold,637,566,381.8,1,1,1.000000,1
astar-dial-bfs,with_roads,cold,513,319,431.1,1,1,1.000000,1
astar-dial-bfs,with_roads,cold,238,1347,572.5,1,1,1.000000,1
astar-dial-bfs,with_roads,cold,201,1054,530.9,1,1,1.000000,1
astar-dial-bfs,with_roads,cold,65,61,386.1,1,1,1.000000,1
astar-dial-bfs,with_roads,cold,218,501,575.6,1,1,1.000000,1
astar-dial-bfs,with_roads,cold,536,1260,518.9,1,1,1.000000,1
astar-dial-bfs,with_roads,cold,54,455,507.8,1,1,1.000000,1
astar-dial-bfs,with_roads,cold,1347,1049,425.1,1,1,1.000000,1
astar-dial-apsp,no_roads,corridors,867,121,114.7,1,1,1.000000,1
astar-dial-apsp,no_roads,corridors,25,349,62.3,1,1,1.000000,1
astar-dial-apsp,no_roads,corridors,307,278,14.8,1,1,1.000000,1
astar-dial-apsp,no_roads,corridors,156,107,36.0,1,1,1.000000,1
astar-dial-apsp,no_roads,corridors,905,743,67.2,1,1,1.000000,1
astar-dial-apsp,no_roads,corridors,89,803,47.2,1,1,1.000000,1
astar-dial-apsp,no_roads,corridors,559,32,38.3,1,1,1.000000,1
astar-dial-apsp,no_roads,corridors,30,95,59.8,1,1,1.000000,1
astar-dial-apsp,no_roads,corridors,272,291,39.2,1,1,1.000000,1
astar-dial-apsp,no_roads,corridors,680,818,51.9,1,1,1.000000,1
astar-dial-bfs,no_roads,corridors,867,121,380.2,1,1,1.000000,1
astar-dial-bfs,no_roads,corridors,25,349,333.8,1,1,1.000000,1
astar-dial-bfs,no_roads,corridors,307,278,239.9,1,1,1.000000,1
astar-dial-bfs,no_roads,corridors,156,107,294.7,1,1,1.000000,1
astar-dial-bfs,no_roads,corridors,905,743,344.4,1,1,1.000000,1
astar-dial-bfs,no_roads,corridors,89,803,331.7,1,1,1.000000,1
astar-dial-bfs,no_roads,corridors,559,32,291.4,1,1,1.000000,1
astar-dial-bfs,no_roads,corridors,30,95,360.6,1,1,1.000000,1
astar-dial-bfs,no_roads,corridors,272,291,329.8,1,1,1.000000,1
astar-dial-bfs,no_roads,corridors,680,818,352.6,1,1,1.000000,1
astar-dial-apsp,with_roads,corridors,867,121,94.9,1,1,1.000000,1
astar-dial-apsp,with_roads,corridors,25,349,42.2,1,1,1.000000,1
astar-dial-apsp,with_roads,corridors,307,278,14.5,1,1,1.000000,1
astar-dial-apsp,with_roads,corridors,156,107,23.3,1,1,1.000000,1
astar-dial-apsp,with_roads,corridors,905,743,59.6,1,1,1.000000,1
astar-dial-apsp,with_roads,corridors,89,803,40.3,1,1,1.000000,1
astar-dial-apsp,with_roads,corridors,559,32,35.4,1,1,1.000000,1
astar-dial-apsp,with_roads,corridors,30,95,38.0,1,1,1.000000,1
astar-dial-apsp,with_roads,corridors,272,291,37.7,1,1,1.000000,1
astar-dial-apsp,with_roads,corridors,680,818,45.2,1,1,1.000000,1
astar-dial-bfs,with_roads,corridors,867,121,384.2,1,1,1.000000,1
astar-dial-bfs,with_roads,corridors,25,349,313.2,1,1,1.000000,1
astar-dial-bfs,with_roads,corridors,307,278,236.5,1,1,1.000000,1
astar-dial-bfs,with_roads,corridors,156,107,280.9,1,1,1.000000,1
astar-dial-bfs,with_roads,corridors,905,743,335.1,1,1,1.000000,1
astar-dial-bfs,with_roads,corridors,89,803,323.4,1,1,1.000000,1
astar-dial-bfs,with_roads,corridors,559,32,310.7,1,1,1.000000,1
astar-dial-bfs,with_roads,corridors,30,95,341.8,1,1,1.000000,1
astar-dial-bfs,with_roads,corridors,272,291,321.8,1,1,1.000000,1
astar-dial-bfs,with_roads,corridors,680,818,351.3,1,1,1.000000,1
astar-dial-apsp,no_roads,cubes,1665,300,196.0,1,1,1.000000,1
astar-dial-apsp,no_roads,cubes,55,1925,98.6,1,1,1.000000,1
astar-dial-apsp,no_roads,cubes,735,665,109.5,1,1,1.000000,1
astar-dial-apsp,no_roads,cubes,612,384,120.5,1,1,1.000000,1
astar-dial-apsp,no_roads,cubes,1912,280,97.7,1,1,1.000000,1
astar-dial-apsp,no_roads,cubes,1770,1923,17.2,1,1,1.000000,1
astar-dial-apsp,no_roads,cubes,2357,1420,83.5,1,1,1.000000,1
astar-dial-apsp,no_roads,cubes,232,1540,66.7,1,1,1.000000,1
astar-dial-apsp,no_roads,cubes,1120,78,44.2,1,1,1.000000,1
astar-dial-apsp,no_roads,cubes,74,246,132.0,1,1,1.000000,1
astar-dial-bfs,no_roads,cubes,1665,300,1015.0,1,1,1.000000,1
astar-dial-bfs,no_roads,cubes,55,1925,1122.9,1,1,1.000000,1
astar-dial-bfs,no_roads,cubes,735,665,1127.9,1,1,1.000000,1
astar-dial-bfs,no_roads,cubes,612,384,1157.8,1,1,1.000000,1
astar-dial-bfs,no_roads,cubes,1912,280,913.4,1,1,1.000000,1
astar-dial-bfs,no_roads,cubes,1770,1923,686.7,1,1,1.000000,1
astar-dial-bfs,no_roads,cubes,2357,1420,1013.6,1,1,1.000000,1
astar-dial-bfs,no_roads,cubes,232,1540,954.1,1,1,1.000000,1
astar-dial-bfs,no_roads,cubes,1120,78,801.9,1,1,1.000000,1
astar-dial-bfs,no_roads,cubes,74,246,1089.5,1,1,1.000000,1
astar-dial-apsp,with_roads,cubes,1665,300,137.1,1,1,1.000000,1
astar-dial-apsp,with_roads,cubes,55,1925,88.3,1,1,1.000000,1
astar-dial-apsp,with_roads,cubes,735,665,62.5,1,1,1.000000,1
astar-dial-apsp,with_roads,cubes,612,384,80.0,1,1,1.000000,1
astar-dial-apsp,with_roads,cubes,1912,280,82.5,1,1,1.000000,1
astar-dial-apsp,with_roads,cubes,1770,1923,16.0,1,1,1.000000,1
astar-dial-apsp,with_roads,cubes,2357,1420,87.3,1,1,1.000000,1
astar-dial-apsp,with_roads,cubes,232,1540,79.7,1,1,1.000000,1
astar-dial-apsp,with_roads,cubes,1120,78,78.1,1,1,1.000000,1
astar-dial-apsp,with_roads,cubes,74,246,135.7,1,1,1.000000,1
astar-dial-bfs,with_roads,cubes,1665,300,950.9,1,1,1.000000,1
astar-dial-bfs,with_roads,cubes,55,1925,865.2,1,1,1.000000,1
astar-dial-bfs,with_roads,cubes,735,665,981.6,1,1,1.000000,1
astar-dial-bfs,with_roads,cubes,612,384,863.4,1,1,1.000000,1
astar-dial-bfs,with_roads,cubes,1912,280,1024.7,1,1,1.000000,1
astar-dial-bfs,with_roads,cubes,1770,1923,641.7,1,1,1.000000,1
astar-dial-bfs,with_roads,cubes,2357,1420,1158.3,1,1,1.000000,1
astar-dial-bfs,with_roads,cubes,232,1540,991.9,1,1,1.000000,1
astar-dial-bfs,with_roads,cubes,1120,78,760.5,1,1,1.000000,1
astar-dial-bfs,with_roads,cubes,74,246,1158.9,1,1,1.000000,1
astar-dial-apsp,no_roads,default_large1,1441,264,147.1,1,1,1.000000,1
astar-dial-apsp,no_roads,default_large1,53,627,47.7,1,1,1.000000,1
astar-dial-apsp,no_roads,default_large1,563,516,226.9,1,1,1.000000,1
astar-dial-apsp,no_roads,default_large1,326,242,22.9,1,1,1.000000,1
astar-dial-apsp,no_roads,default_large1,1539,1226,37.3,1,1,1.000000,1
astar-dial-apsp,no_roads,default_large1,207,1329,193.5,1,1,1.000000,1
astar-dial-apsp,no_roads,default_large1,956,67,108.6,1,1,1.000000,1
astar-dial-apsp,no_roads,default_large1,63,222,32.4,1,1,1.000000,1
astar-dial-apsp,no_roads,default_large1,506,536,39.2,1,1,1.000000,1
astar-dial-apsp,no_roads,default_large1,1136,1355,69.9,1,1,1.000000,1
astar-dial-bfs,no_roads,default_large1,1441,264,1065.6,1,1,1.000000,1
astar-dial-bfs,no_roads,default_large1,53,627,650.8,1,1,1.000000,1
astar-dial-bfs,no_roads,default_large1,563,516,1025.3,1,1,1.000000,1
astar-dial-bfs,no_roads,default_large1,326,242,502.9,1,1,1.000000,1
astar-dial-bfs,no_roads,default_large1,1539,1226,564.6,1,1,1.000000,1
astar-dial-bfs,no_roads,default_large1,207,1329,899.1,1,1,1.000000,1
astar-dial-bfs,no_roads,default_large1,956,67,695.1,1,1,1.000000,1
astar-dial-bfs,no_roads,default_large1,63,222,625.4,1,1,1.000000,1
astar-dial-bfs,no_roads,default_large1,506,536,587.2,1,1,1.000000,1
astar-dial-bfs,no_roads,default_large1,1136,1355,690.4,1,1,1.000000,1
astar-dial-apsp,with_roads,default_large1,1441,264,130.4,1,1,1.000000,1
astar-dial-apsp,with_roads,default_large1,53,627,42.7,1,1,1.000000,1
astar-dial-apsp,with_roads,default_large1,563,516,49.4,1,1,1.000000,1
astar-dial-apsp,with_roads,default_large1,326,242,20.5,1,1,1.000000,1
astar-dial-apsp,with_roads,default_large1,1539,1226,36.5,1,1,1.000000,1
astar-dial-apsp,with_roads,default_large1,207,1329,41.3,1,1,1.000000,1
astar-dial-apsp,with_roads,default_large1,956,67,63.1,1,1,1.000000,1
astar-dial-apsp,with_roads,default_large1,63,222,23.0,1,1,1.000000,1
astar-dial-apsp,with_roads,default_large1,506,536,41.1,1,1,1.000000,1
astar-dial-apsp,with_roads,default_large1,1136,1355,77.9,1,1,1.000000,1
astar-dial-bfs,with_roads,default_large1,1441,264,963.9,1,1,1.000000,1
astar-dial-bfs,with_roads,default_large1,53,627,587.7,1,1,1.000000,1
astar-dial-bfs,with_roads,default_large1,563,516,781.0,1,1,1.000000,1
astar-dial-bfs,with_roads,default_large1,326,242,515.2,1,1,1.000000,1
astar-dial-bfs,with_roads,default_large1,1539,1226,566.6,1,1,1.000000,1
astar-dial-bfs,with_roads,default_large1,207,1329,690.9,1,1,1.000000,1
astar-dial-bfs,with_roads,default_large1,956,67,657.2,1,1,1.000000,1
astar-dial-bfs,with_roads,default_large1,63,222,583.7,1,1,1.000000,1
astar-dial-bfs,with_roads,default_large1,506,536,586.4,1,1,1.000000,1
astar-dial-bfs,with_roads,default_large1,1136,1355,701.0,1,1,1.000000,1
astar-dial-apsp,no_roads,default_large2,238,51,203.5,1,1,1.000000,1
astar-dial-apsp,no_roads,default_large2,659,587,185.0,1,1,1.000000,1
astar-dial-apsp,no_roads,default_large2,541,303,149.1,1,1,1.000000,1
astar-dial-apsp,no_roads,default_large2,218,1306,98.0,1,1,1.000000,1
astar-dial-apsp,no_roads,default_large2,184,1443,117.7,1,1,1.000000,1
astar-dial-apsp,no_roads,default_large2,1008,65,58.2,1,1,1.000000,1
astar-dial-apsp,no_roads,default_large2,61,197,111.4,1,1,1.000000,1
astar-dial-apsp,no_roads,default_large2,529,562,84.3,1,1,1.000000,1
astar-dial-apsp,no_roads,default_large2,1212,1466,22.2,1,1,1.000000,1
astar-dial-apsp,no_roads,default_large2,54,1351,158.9,1,1,1.000000,1
astar-dial-bfs,no_roads,default_large2,238,51,882.7,1,1,1.000000,1
astar-dial-bfs,no_roads,default_large2,659,587,939.0,1,1,1.000000,1
astar-dial-bfs,no_roads,default_large2,541,303,961.5,1,1,1.000000,1
astar-dial-bfs,no_roads,default_large2,218,1306,665.4,1,1,1.000000,1
astar-dial-bfs,no_roads,default_large2,184,1443,870.0,1,1,1.000000,1
astar-dial-bfs,no_roads,default_large2,1008,65,574.6,1,1,1.000000,1
astar-dial-bfs,no_roads,default_large2,61,197,785.1,1,1,1.000000,1
astar-dial-bfs,no_roads,default_large2,529,562,585.5,1,1,1.000000,1
astar-dial-bfs,no_roads,default_large2,1212,1466,444.7,1,1,1.000000,1
astar-dial-bfs,no_roads,default_large2,54,1351,668.2,1,1,1.000000,1
astar-dial-apsp,with_roads,default_large2,238,51,129.3,1,1,1.000000,1
astar-dial-apsp,with_roads,default_large2,659,587,80.3,1,1,1.000000,1
astar-dial-apsp,with_roads,default_large2,541,303,90.9,1,1,1.000000,1
astar-dial-apsp,with_roads,default_large2,218,1306,70.9,1,1,1.000000,1
astar-dial-apsp,with_roads,default_large2,184,1443,64.5,1,1,1.000000,1
astar-dial-apsp,with_roads,default_large2,1008,65,40.9,1,1,1.000000,1
astar-dial-apsp,with_roads,default_large2,61,197,75.4,1,1,1.000000,1
astar-dial-apsp,with_roads,default_large2,529,562,32.5,1,1,1.000000,1
astar-dial-apsp,with_roads,default_large2,1212,1466,19.1,1,1,1.000000,1
astar-dial-apsp,with_roads,default_large2,54,1351,53.9,1,1,1.000000,1
astar-dial-bfs,with_roads,default_large2,238,51,758.0,1,1,1.000000,1
astar-dial-bfs,with_roads,default_large2,659,587,801.6,1,1,1.000000,1
astar-dial-bfs,with_roads,default_large2,541,303,798.4,1,1,1.000000,1
astar-dial-bfs,with_roads,default_large2,218,1306,607.3,1,1,1.000000,1
astar-dial-bfs,with_roads,default_large2,184,1443,653.8,1,1,1.000000,1
astar-dial-bfs,with_roads,default_large2,1008,65,593.8,1,1,1.000000,1
astar-dial-bfs,with_roads,default_large2,61,197,637.3,1,1,1.000000,1
astar-dial-bfs,with_roads,default_large2,529,562,466.2,1,1,1.000000,1
astar-dial-bfs,with_roads,default_large2,1212,1466,455.3,1,1,1.000000,1
astar-dial-bfs,with_roads,default_large2,54,1351,590.2,1,1,1.000000,1
astar-dial-apsp,no_roads,default_medium1,724,119,146.2,1,1,1.000000,1
astar-dial-apsp,no_roads,default_medium1,25,843,89.2,1,1,1.000000,1
astar-dial-apsp,no_roads,default_medium1,311,279,17.4,1,1,1.000000,1
astar-dial-apsp,no_roads,default_medium1,252,153,30.2,1,1,1.000000,1
astar-dial-apsp,no_roads,default_medium1,838,109,120.8,1,1,1.000000,1
astar-dial-apsp,no_roads,default_medium1,766,842,49.3,1,1,1.000000,1
astar-dial-apsp,no_roads,default_medium1,612,93,57.3,1,1,1.000000,1
astar-dial-apsp,no_roads,default_medium1,667,481,20.3,1,1,1.000000,1
astar-dial-apsp,no_roads,default_medium1,32,30,13.3,1,1,1.000000,1
astar-dial-apsp,no_roads,default_medium1,99,246,21.7,1,1,1.000000,1
astar-dial-bfs,no_roads,default_medium1,724,119,614.9,1,1,1.000000,1
astar-dial-bfs,no_roads,default_medium1,25,843,648.1,1,1,1.000000,1
astar-dial-bfs,no_roads,default_medium1,311,279,314.4,1,1,1.000000,1
astar-dial-bfs,no_roads,default_medium1,252,153,336.7,1,1,1.000000,1
astar-dial-bfs,no_roads,default_medium1,838,109,552.6,1,1,1.000000,1
astar-dial-bfs,no_roads,default_medium1,766,842,354.2,1,1,1.000000,1
astar-dial-bfs,no_roads,default_medium1,612,93,426.0,1,1,1.000000,1
astar-dial-bfs,no_roads,default_medium1,667,481,312.8,1,1,1.000000,1
astar-dial-bfs,no_roads,default_medium1,32,30,277.8,1,1,1.000000,1
astar-dial-bfs,no_roads,default_medium1,99,246,323.3,1,1,1.000000,1
astar-dial-apsp,with_roads,default_medium1,724,119,103.1,1,1,1.000000,1
astar-dial-apsp,with_roads,default_medium1,25,843,68.9,1,1,1.000000,1
astar-dial-apsp,with_roads,default_medium1,311,279,13.8,1,1,1.000000,1
astar-dial-apsp,with_roads,default_medium1,252,153,29.1,1,1,1.000000,1
astar-dial-apsp,with_roads,default_medium1,838,109,60.7,1,1,1.000000,1
astar-dial-apsp,with_roads,default_medium1,766,842,52.0,1,1,1.000000,1
astar-dial-apsp,with_roads,default_medium1,612,93,32.1,1,1,1.000000,1
astar-dial-apsp,with_roads,default_medium1,667,481,49.1,1,1,1.000000,1
astar-dial-apsp,with_roads,default_medium1,32,30,11.3,1,1,1.000000,1
astar-dial-apsp,with_roads,default_medium1,99,246,20.9,1,1,1.000000,1
astar-dial-bfs,with_roads,default_medium1,724,119,667.7,1,1,1.000000,1
astar-dial-bfs,with_roads,default_medium1,25,843,653.4,1,1,1.000000,1
astar-dial-bfs,with_roads,default_medium1,311,279,287.2,1,1,1.000000,1
astar-dial-bfs,with_roads,default_medium1,252,153,374.8,1,1,1.000000,1
astar-dial-bfs,with_roads,default_medium1,838,109,466.6,1,1,1.000000,1
astar-dial-bfs,with_roads,default_medium1,766,842,360.0,1,1,1.000000,1
astar-dial-bfs,with_roads,default_medium1,612,93,361.0,1,1,1.000000,1
astar-dial-bfs,with_roads,default_medium1,667,481,311.6,1,1,1.000000,1
astar-dial-bfs,with_roads,default_medium1,32,30,281.1,1,1,1.000000,1
astar-dial-bfs,with_roads,default_medium1,99,246,324.8,1,1,1.000000,1
astar-dial-apsp,no_roads,default_medium2,722,122,171.5,1,1,1.000000,1
astar-dial-apsp,no_roads,default_medium2,25,843,89.7,1,1,1.000000,1
astar-dial-apsp,no_roads,default_medium2,297,266,12.4,1,1,1.000000,1
astar-dial-apsp,no_roads,default_medium2,244,152,16.3,1,1,1.000000,1
astar-dial-apsp,no_roads,default_medium2,838,112,142.3,1,1,1.000000,1
astar-dial-apsp,no_roads,default_medium2,765,842,42.4,1,1,1.000000,1
astar-dial-apsp,no_roads,default_medium2,607,93,82.8,1,1,1.000000,1
astar-dial-apsp,no_roads,default_medium2,658,469,28.6,1,1,1.000000,1
astar-dial-apsp,no_roads,default_medium2,32,30,12.4,1,1,1.000000,1
astar-dial-apsp,no_roads,default_medium2,99,239,73.0,1,1,1.000000,1
astar-dial-bfs,no_roads,default_medium2,722,122,473.0,1,1,1.000000,1
astar-dial-bfs,no_roads,default_medium2,25,843,624.3,1,1,1.000000,1
astar-dial-bfs,no_roads,default_medium2,297,266,287.8,1,1,1.000000,1
astar-dial-bfs,no_roads,default_medium2,244,152,285.2,1,1,1.000000,1
astar-dial-bfs,no_roads,default_medium2,838,112,509.7,1,1,1.000000,1
astar-dial-bfs,no_roads,default_medium2,765,842,343.8,1,1,1.000000,1
astar-dial-bfs,no_roads,default_medium2,607,93,416.9,1,1,1.000000,1
astar-dial-bfs,no_roads,default_medium2,658,469,352.2,1,1,1.000000,1
astar-dial-bfs,no_roads,default_medium2,32,30,273.0,1,1,1.000000,1
astar-dial-bfs,no_roads,default_medium2,99,239,452.7,1,1,1.000000,1
astar-dial-apsp,with_roads,default_medium2,722,122,91.6,1,1,1.000000,1
astar-dial-apsp,with_roads,default_medium2,25,843,66.3,1,1,1.000000,1
astar-dial-apsp,with_roads,default_medium2,297,266,12.7,1,1,1.000000,1
astar-dial-apsp,with_roads,default_medium2,244,152,15.6,1,1,1.000000,1
astar-dial-apsp,with_roads,default_medium2,838,112,151.4,1,1,1.000000,1
astar-dial-apsp,with_roads,default_medium2,765,842,37.9,1,1,1.000000,1
astar-dial-apsp,with_roads,default_medium2,607,93,35.9,1,1,1.000000,1
astar-dial-apsp,with_roads,default_medium2,658,469,27.7,1,1,1.000000,1
astar-dial-apsp,with_roads,default_medium2,32,30,13.1,1,1,1.000000,1
astar-dial-apsp,with_roads,default_medium2,99,239,94.7,1,1,1.000000,1
astar-dial-bfs,with_roads,default_medium2,722,122,432.1,1,1,1.000000,1
astar-dial-bfs,with_roads,default_medium2,25,843,701.4,1,1,1.000000,1
astar-dial-bfs,with_roads,default_medium2,297,266,310.2,1,1,1.000000,1
astar-dial-bfs,with_roads,default_medium2,244,152,292.2,1,1,1.000000,1
astar-dial-bfs,with_roads,default_medium2,838,112,591.5,1,1,1.000000,1
astar-dial-bfs,with_roads,default_medium2,765,842,352.9,1,1,1.000000,1
astar-dial-bfs,with_roads,default_medium2,607,93,395.3,1,1,1.000000,1
astar-dial-bfs,with_roads,default_medium2,658,469,356.6,1,1,1.000000,1
astar-dial-bfs,with_roads,default_medium2,32,30,273.5,1,1,1.000000,1
astar-dial-bfs,with_roads,default_medium2,99,239,527.7,1,1,1.000000,1
astar-dial-apsp,no_roads,default_small1,366,58,77.2,1,1,1.000000,1
astar-dial-apsp,no_roads,default_small1,12,156,23.5,1,1,1.000000,1
astar-dial-apsp,no_roads,default_small1,141,127,20.1,1,1,1.000000,1
astar-dial-apsp,no_roads,default_small1,79,53,19.5,1,1,1.000000,1
astar-dial-apsp,no_roads,default_small1,386,309,16.9,1,1,1.000000,1
astar-dial-apsp,no_roads,default_small1,45,341,51.3,1,1,1.000000,1
astar-dial-apsp,no_roads,default_small1,240,16,31.0,1,1,1.000000,1
astar-dial-apsp,no_roads,default_small1,15,48,16.1,1,1,1.000000,1
astar-dial-apsp,no_roads,default_small1,122,135,42.6,1,1,1.000000,1
astar-dial-apsp,no_roads,default_small1,288,347,10.2,1,1,1.000000,1
astar-dial-bfs,no_roads,default_small1,366,58,247.8,1,1,1.000000,1
astar-dial-bfs,no_roads,default_small1,12,156,163.6,1,1,1.000000,1
astar-dial-bfs,no_roads,default_small1,141,127,159.5,1,1,1.000000,1
astar-dial-bfs,no_roads,default_small1,79,53,148.1,1,1,1.000000,1
astar-dial-bfs,no_roads,default_small1,386,309,151.4,1,1,1.000000,1
astar-dial-bfs,no_roads,default_small1,45,341,225.4,1,1,1.000000,1
astar-dial-bfs,no_roads,default_small1,240,16,225.8,1,1,1.000000,1
astar-dial-bfs,no_roads,default_small1,15,48,149.1,1,1,1.000000,1
astar-dial-bfs,no_roads,default_small1,122,135,232.7,1,1,1.000000,1
astar-dial-bfs,no_roads,default_small1,288,347,132.5,1,1,1.000000,1
astar-dial-apsp,with_roads,default_small1,366,58,71.0,1,1,1.000000,1
astar-dial-apsp,with_roads,default_small1,12,156,25.0,1,1,1.000000,1
astar-dial-apsp,with_roads,default_small1,141,127,20.0,1,1,1.000000,1
astar-dial-apsp,with_roads,default_small1,79,53,19.0,1,1,1.000000,1
astar-dial-apsp,with_roads,default_small1,386,309,18.5,1,1,1.000000,1
astar-dial-apsp,with_roads,default_small1,45,341,50.1,1,1,1.000000,1
astar-dial-apsp,with_roads,default_small1,240,16,31.1,1,1,1.000000,1
astar-dial-apsp,with_roads,default_small1,15,48,16.1,1,1,1.000000,1
astar-dial-apsp,with_roads,default_small1,122,135,42.6,1,1,1.000000,1
astar-dial-apsp,with_roads,default_small1,288,347,10.8,1,1,1.000000,1
astar-dial-bfs,with_roads,default_small1,366,58,249.1,1,1,1.000000,1
astar-dial-bfs,with_roads,default_small1,12,156,162.7,1,1,1.000000,1
astar-dial-bfs,with_roads,default_small1,141,127,152.4,1,1,1.000000,1
astar-dial-bfs,with_roads,default_small1,79,53,148.2,1,1,1.000000,1
astar-dial-bfs,with_roads,default_small1,386,309,152.3,1,1,1.000000,1
astar-dial-bfs,with_roads,default_small1,45,341,222.1,1,1,1.000000,1
astar-dial-bfs,with_roads,default_small1,240,16,236.9,1,1,1.000000,1
astar-dial-bfs,with_roads,default_small1,15,48,156.1,1,1,1.000000,1
astar-dial-bfs,with_roads,default_small1,122,135,236.5,1,1,1.000000,1
astar-dial-bfs,with_roads,default_small1,288,347,133.4,1,1,1.000000,1
astar-dial-apsp,no_roads,default_small2,393,59,100.5,1,1,1.000000,1
astar-dial-apsp,no_roads,default_small2,12,164,22.7,1,1,1.000000,1
astar-dial-apsp,no_roads,default_small2,147,127,9.4,1,1,1.000000,1
astar-dial-apsp,no_roads,default_small2,74,54,8.3,1,1,1.000000,1
astar-dial-apsp,no_roads,default_small2,413,338,37.7,1,1,1.000000,1
astar-dial-apsp,no_roads,default_small2,46,367,62.9,1,1,1.000000,1
astar-dial-apsp,no_roads,default_small2,252,16,42.4,1,1,1.000000,1
astar-dial-apsp,no_roads,default_small2,15,49,23.0,1,1,1.000000,1
astar-dial-apsp,no_roads,default_small2,124,140,14.8,1,1,1.000000,1
astar-dial-apsp,no_roads,default_small2,313,374,16.6,1,1,1.000000,1
astar-dial-bfs,no_roads,default_small2,393,59,247.6,1,1,1.000000,1
astar-dial-bfs,no_roads,default_small2,12,164,165.1,1,1,1.000000,1
astar-dial-bfs,no_roads,default_small2,147,127,126.0,1,1,1.000000,1
astar-dial-bfs,no_roads,default_small2,74,54,125.0,1,1,1.000000,1
astar-dial-bfs,no_roads,default_small2,413,338,199.5,1,1,1.000000,1
astar-dial-bfs,no_roads,default_small2,46,367,258.5,1,1,1.000000,1
astar-dial-bfs,no_roads,default_small2,252,16,252.6,1,1,1.000000,1
astar-dial-bfs,no_roads,default_small2,15,49,156.9,1,1,1.000000,1
astar-dial-bfs,no_roads,default_small2,124,140,141.9,1,1,1.000000,1
astar-dial-bfs,no_roads,default_small2,313,374,137.7,1,1,1.000000,1
astar-dial-apsp,with_roads,default_small2,393,59,81.7,1,1,1.000000,1
astar-dial-apsp,with_roads,default_small2,12,164,20.0,1,1,1.000000,1
astar-dial-apsp,with_roads,default_small2,147,127,8.6,1,1,1.000000,1
astar-dial-apsp,with_roads,default_small2,74,54,8.0,1,1,1.000000,1
astar-dial-apsp,with_roads,default_small2,413,338,35.4,1,1,1.000000,1
astar-dial-apsp,with_roads,default_small2,46,367,60.9,1,1,1.000000,1
astar-dial-apsp,with_roads,default_small2,252,16,26.8,1,1,1.000000,1
astar-dial-apsp,with_roads,default_small2,15,49,12.2,1,1,1.000000,1
astar-dial-apsp,with_roads,default_small2,124,140,14.6,1,1,1.000000,1
astar-dial-apsp,with_roads,default_small2,313,374,12.6,1,1,1.000000,1
astar-dial-bfs,with_roads,default_small2,393,59,262.2,1,1,1.000000,1
astar-dial-bfs,with_roads,default_small2,12,164,156.5,1,1,1.000000,1
astar-dial-bfs,with_roads,default_small2,147,127,125.2,1,1,1.000000,1
astar-dial-bfs,with_roads,default_small2,74,54,123.8,1,1,1.000000,1
astar-dial-bfs,with_roads,default_small2,413,338,195.2,1,1,1.000000,1
astar-dial-bfs,with_roads,default_small2,46,367,263.6,1,1,1.000000,1
astar-dial-bfs,with_roads,default_small2,252,16,216.6,1,1,1.000000,1
astar-dial-bfs,with_roads,default_small2,15,49,131.8,1,1,1.000000,1
astar-dial-bfs,with_roads,default_small2,124,140,139.2,1,1,1.000000,1
astar-dial-bfs,with_roads,default_small2,313,374,134.9,1,1,1.000000,1
astar-dial-apsp,no_roads,dna,864,133,462.6,0,,,
astar-dial-apsp,no_roads,dna,25,1005,157.0,1,1,1.000000,1
astar-dial-apsp,no_roads,dna,359,313,97.0,1,1,1.000000,1
astar-dial-apsp,no_roads,dna,289,172,73.5,1,1,1.000000,1
astar-dial-apsp,no_roads,dna,1000,121,126.6,1,1,1.000000,1
astar-dial-apsp,no_roads,dna,921,1004,16.4,1,1,1.000000,1
astar-dial-apsp,no_roads,dna,742,104,20.4,0,,,
astar-dial-apsp,no_roads,dna,802,564,99.8,1,1,1.000000,1
astar-dial-apsp,no_roads,dna,32,30,14.0,1,1,1.000000,1
astar-dial-apsp,no_roads,dna,111,282,19.2,0,,,
astar-dial-bfs,no_roads,dna,864,133,229.3,0,,,
astar-dial-bfs,no_roads,dna,25,1005,533.1,1,1,1.000000,1
astar-dial-bfs,no_roads,dna,359,313,387.5,1,1,1.000000,1
astar-dial-bfs,no_roads,dna,289,172,342.5,1,1,1.000000,1
astar-dial-bfs,no_roads,dna,1000,121,443.8,1,1,1.000000,1
astar-dial-bfs,no_roads,dna,921,1004,238.6,1,1,1.000000,1
astar-dial-bfs,no_roads,dna,742,104,9.2,0,,,
astar-dial-bfs,no_roads,dna,802,564,417.4,1,1,1.000000,1
astar-dial-bfs,no_roads,dna,32,30,212.1,1,1,1.000000,1
astar-dial-bfs,no_roads,dna,111,282,9.1,0,,,
astar-dial-apsp,with_roads,dna,864,133,424.0,0,,,
astar-dial-apsp,with_roads,dna,25,1005,105.9,1,1,1.000000,1
astar-dial-apsp,with_roads,dna,359,313,48.8,1,1,1.000000,1
astar-dial-apsp,with_roads,dna,289,172,34.5,1,1,1.000000,1
astar-dial-apsp,with_roads,dna,1000,121,84.0,1,1,1.000000,1
astar-dial-apsp,with_roads,dna,921,1004,16.1,1,1,1.000000,1
astar-dial-apsp,with_roads,dna,742,104,20.6,0,,,
astar-dial-apsp,with_roads,dna,802,564,82.8,1,1,1.000000,1
astar-dial-apsp,with_roads,dna,32,30,12.9,1,1,1.000000,1
astar-dial-apsp,with_roads,dna,111,282,20.0,0,,,
astar-dial-bfs,with_roads,dna,864,133,216.7,0,,,
astar-dial-bfs,with_roads,dna,25,1005,377.9,1,1,1.000000,1
astar-dial-bfs,with_roads,dna,359,313,316.5,1,1,1.000000,1
astar-dial-bfs,with_roads,dna,289,172,258.5,1,1,1.000000,1
astar-dial-bfs,with_roads,dna,1000,121,471.1,1,1,1.000000,1
astar-dial-bfs,with_roads,dna,921,1004,239.0,1,1,1.000000,1
astar-dial-bfs,with_roads,dna,742,104,9.0,0,,,
astar-dial-bfs,with_roads,dna,802,564,520.4,1,1,1.000000,1
astar-dial-bfs,with_roads,dna,32,30,214.7,1,1,1.000000,1
astar-dial-bfs,with_roads,dna,111,282,8.8,0,,,
astar-dial-apsp,no_roads,donut,808,133,464.0,0,,,
astar-dial-apsp,no_roads,donut,25,929,113.7,0,,,
astar-dial-apsp,no_roads,donut,335,300,16.1,1,1,1.000000,1
astar-dial-apsp,no_roads,donut,272,169,377.0,0,,,
astar-dial-apsp,no_roads,donut,924,119,76.6,1,1,1.000000,1
astar-dial-apsp,no_roads,donut,852,928,25.6,1,1,1.000000,1
astar-dial-apsp,no_roads,donut,1122,679,122.6,0,,,
astar-dial-apsp,no_roads,donut,100,739,113.5,0,,,
astar-dial-apsp,no_roads,donut,529,32,384.9,0,,,
astar-dial-apsp,no_roads,donut,30,106,53.2,1,1,1.000000,1
astar-dial-bfs,no_roads,donut,808,133,230.8,0,,,
astar-dial-bfs,no_roads,donut,25,929,57.1,0,,,
astar-dial-bfs,no_roads,donut,335,300,233.3,1,1,1.000000,1
astar-dial-bfs,no_roads,donut,272,169,225.4,0,,,
astar-dial-bfs,no_roads,donut,924,119,478.0,1,1,1.000000,1
astar-dial-bfs,no_roads,donut,852,928,273.3,1,1,1.000000,1
astar-dial-bfs,no_roads,donut,1122,679,56.1,0,,,
astar-dial-bfs,no_roads,donut,100,739,56.6,0,,,
astar-dial-bfs,no_roads,donut,529,32,216.7,0,,,
astar-dial-bfs,no_roads,donut,30,106,126.9,1,1,1.000000,1
astar-dial-apsp,with_roads,donut,808,133,440.6,0,,,
astar-dial-apsp,with_roads,donut,25,929,111.8,0,,,
astar-dial-apsp,with_roads,donut,335,300,15.9,1,1,1.000000,1
astar-dial-apsp,with_roads,donut,272,169,378.8,0,,,
astar-dial-apsp,with_roads,donut,924,119,82.4,1,1,1.000000,1
astar-dial-apsp,with_roads,donut,852,928,26.2,1,1,1.000000,1
astar-dial-apsp,with_roads,donut,1122,679,109.6,0,,,
astar-dial-apsp,with_roads,donut,100,739,107.3,0,,,
astar-dial-apsp,with_roads,donut,529,32,362.4,0,,,
astar-dial-apsp,with_roads,donut,30,106,52.3,1,1,1.000000,1
astar-dial-bfs,with_roads,donut,808,133,246.5,0,,,
astar-dial-bfs,with_roads,donut,25,929,59.4,0,,,
astar-dial-bfs,with_roads,donut,335,300,234.1,1,1,1.000000,1
astar-dial-bfs,with_roads,donut,272,169,218.9,0,,,
astar-dial-bfs,with_roads,donut,924,119,482.9,1,1,1.000000,1
astar-dial-bfs,with_roads,donut,852,928,265.2,1,1,1.000000,1
astar-dial-bfs,with_roads,donut,1122,679,57.5,0,,,
astar-dial-bfs,with_roads,donut,100,739,56.8,0,,,
astar-dial-bfs,with_roads,donut,529,32,219.9,0,,,
astar-dial-bfs,with_roads,donut,30,106,129.0,1,1,1.000000,1
astar-dial-apsp,no_roads,face,377,74,115.2,1,1,1.000000,1
astar-dial-apsp,no_roads,face,14,158,22.4,1,1,1.000000,1
astar-dial-apsp,no_roads,face,143,132,31.2,1,1,1.000000,1
astar-dial-apsp,no_roads,face,89,67,9.0,1,1,1.000000,1
astar-dial-apsp,no_roads,face,396,319,12.4,1,1,1.000000,1
astar-dial-apsp,no_roads,face,58,350,57.0,1,1,1.000000,1
astar-dial-apsp,no_roads,face,246,18,28.2,1,1,1.000000,1
astar-dial-apsp,no_roads,face,17,61,38.0,1,1,1.000000,1
astar-dial-apsp,no_roads,face,129,137,28.2,1,1,1.000000,1
astar-dial-apsp,no_roads,face,293,356,11.7,1,1,1.000000,1
astar-dial-bfs,no_roads,face,377,74,257.9,1,1,1.000000,1
astar-dial-bfs,no_roads,face,14,158,161.3,1,1,1.000000,1
astar-dial-bfs,no_roads,face,143,132,183.7,1,1,1.000000,1
astar-dial-bfs,no_roads,face,89,67,128.0,1,1,1.000000,1
astar-dial-bfs,no_roads,face,396,319,133.8,1,1,1.000000,1
astar-dial-bfs,no_roads,face,58,350,250.9,1,1,1.000000,1
astar-dial-bfs,no_roads,face,246,18,209.0,1,1,1.000000,1
astar-dial-bfs,no_roads,face,17,61,212.6,1,1,1.000000,1
astar-dial-bfs,no_roads,face,129,137,172.1,1,1,1.000000,1
astar-dial-bfs,no_roads,face,293,356,134.2,1,1,1.000000,1
astar-dial-apsp,with_roads,face,377,74,87.9,1,1,1.000000,1
astar-dial-apsp,with_roads,face,14,158,21.9,1,1,1.000000,1
astar-dial-apsp,with_roads,face,143,132,30.5,1,1,1.000000,1
astar-dial-apsp,with_roads,face,89,67,8.7,1,1,1.000000,1
astar-dial-apsp,with_roads,face,396,319,12.4,1,1,1.000000,1
astar-dial-apsp,with_roads,face,58,350,44.1,1,1,1.000000,1
astar-dial-apsp,with_roads,face,246,18,27.4,1,1,1.000000,1
astar-dial-apsp,with_roads,face,17,61,19.2,1,1,1.000000,1
astar-dial-apsp,with_roads,face,129,137,27.9,1,1,1.000000,1
astar-dial-apsp,with_roads,face,293,356,11.4,1,1,1.000000,1
astar-dial-bfs,with_roads,face,377,74,246.1,1,1,1.000000,1
astar-dial-bfs,with_roads,face,14,158,157.6,1,1,1.000000,1
astar-dial-bfs,with_roads,face,143,132,181.0,1,1,1.000000,1
astar-dial-bfs,with_roads,face,89,67,127.7,1,1,1.000000,1
astar-dial-bfs,with_roads,face,396,319,130.0,1,1,1.000000,1
astar-dial-bfs,with_roads,face,58,350,247.6,1,1,1.000000,1
astar-dial-bfs,with_roads,face,246,18,207.6,1,1,1.000000,1
astar-dial-bfs,with_roads,face,17,61,192.8,1,1,1.000000,1
astar-dial-bfs,with_roads,face,129,137,167.6,1,1,1.000000,1
astar-dial-bfs,with_roads,face,293,356,137.8,1,1,1.000000,1
astar-dial-apsp,no_roads,first_sound,210,25,62.6,1,1,1.000000,1
astar-dial-apsp,no_roads,first_sound,444,413,44.7,1,1,1.000000,1
astar-dial-apsp,no_roads,first_sound,388,271,25.4,1,1,1.000000,1
astar-dial-apsp,no_roads,first_sound,194,840,150.2,1,1,1.000000,1
astar-dial-apsp,no_roads,first_sound,166,674,41.8,1,1,1.000000,1
astar-dial-apsp,no_roads,first_sound,37,35,12.8,1,1,1.000000,1
astar-dial-apsp,no_roads,first_sound,177,382,26.8,1,1,1.000000,1
astar-dial-apsp,no_roads,first_sound,399,795,48.3,1,1,1.000000,1
astar-dial-apsp,no_roads,first_sound,27,856,87.3,1,1,1.000000,1
astar-dial-apsp,no_roads,first_sound,360,840,71.3,1,1,1.000000,1
astar-dial-bfs,no_roads,first_sound,210,25,225.9,1,1,1.000000,1
astar-dial-bfs,no_roads,first_sound,444,413,249.2,1,1,1.000000,1
astar-dial-bfs,no_roads,first_sound,388,271,236.9,1,1,1.000000,1
astar-dial-bfs,no_roads,first_sound,194,840,379.8,1,1,1.000000,1
astar-dial-bfs,no_roads,first_sound,166,674,418.9,1,1,1.000000,1
astar-dial-bfs,no_roads,first_sound,37,35,192.7,1,1,1.000000,1
astar-dial-bfs,no_roads,first_sound,177,382,235.2,1,1,1.000000,1
astar-dial-bfs,no_roads,first_sound,399,795,369.8,1,1,1.000000,1
astar-dial-bfs,no_roads,first_sound,27,856,460.3,1,1,1.000000,1
astar-dial-bfs,no_roads,first_sound,360,840,294.9,1,1,1.000000,1
astar-dial-apsp,with_roads,first_sound,210,25,57.9,1,1,1.000000,1
astar-dial-apsp,with_roads,first_sound,444,413,37.2,1,1,1.000000,1
astar-dial-apsp,with_roads,first_sound,388,271,19.5,1,1,1.000000,1
astar-dial-apsp,with_roads,first_sound,194,840,104.2,1,1,1.000000,1
astar-dial-apsp,with_roads,first_sound,166,674,40.5,1,1,1.000000,1
astar-dial-apsp,with_roads,first_sound,37,35,11.8,1,1,1.000000,1
astar-dial-apsp,with_roads,first_sound,177,382,25.9,1,1,1.000000,1
astar-dial-apsp,with_roads,first_sound,399,795,48.8,1,1,1.000000,1
astar-dial-apsp,with_roads,first_sound,27,856,76.3,1,1,1.000000,1
astar-dial-apsp,with_roads,first_sound,360,840,71.5,1,1,1.000000,1
astar-dial-bfs,with_roads,first_sound,210,25,230.8,1,1,1.000000,1
astar-dial-bfs,with_roads,first_sound,444,413,255.1,1,1,1.000000,1
astar-dial-bfs,with_roads,first_sound,388,271,231.5,1,1,1.000000,1
astar-dial-bfs,with_roads,first_sound,194,840,384.2,1,1,1.000000,1
astar-dial-bfs,with_roads,first_sound,166,674,395.3,1,1,1.000000,1
astar-dial-bfs,with_roads,first_sound,37,35,189.1,1,1,1.000000,1
astar-dial-bfs,with_roads,first_sound,177,382,232.5,1,1,1.000000,1
astar-dial-bfs,with_roads,first_sound,399,795,368.1,1,1,1.000000,1
astar-dial-bfs,with_roads,first_sound,27,856,452.4,1,1,1.000000,1
astar-dial-bfs,with_roads,first_sound,360,840,299.2,1,1,1.000000,1
astar-dial-apsp,no_roads,flowers,1729,296,214.3,1,1,1.000000,1
astar-dial-apsp,no_roads,flowers,52,746,145.2,1,1,1.000000,1
astar-dial-apsp,no_roads,flowers,678,631,21.5,1,1,1.000000,1
astar-dial-apsp,no_roads,flowers,377,262,97.9,1,1,1.000000,1
astar-dial-apsp,no_roads,flowers,1810,1450,60.9,1,1,1.000000,1
astar-dial-apsp,no_roads,flowers,216,1582,291.1,1,1,1.000000,1
astar-dial-apsp,no_roads,flowers,1107,67,93.5,1,1,1.000000,1
astar-dial-apsp,no_roads,flowers,63,230,20.7,1,1,1.000000,1
astar-dial-apsp,no_roads,flowers,618,653,37.2,1,1,1.000000,1
astar-dial-apsp,no_roads,flowers,1327,1619,32.1,1,1,1.000000,1
astar-dial-bfs,no_roads,flowers,1729,296,931.9,1,1,1.000000,1
astar-dial-bfs,no_roads,flowers,52,746,973.1,1,1,1.000000,1
astar-dial-bfs,no_roads,flowers,678,631,495.4,1,1,1.000000,1
astar-dial-bfs,no_roads,flowers,377,262,637.3,1,1,1.000000,1
astar-dial-bfs,no_roads,flowers,1810,1450,621.7,1,1,1.000000,1
astar-dial-bfs,no_roads,flowers,216,1582,1188.2,1,1,1.000000,1
astar-dial-bfs,no_roads,flowers,1107,67,741.1,1,1,1.000000,1
astar-dial-bfs,no_roads,flowers,63,230,488.6,1,1,1.000000,1
astar-dial-bfs,no_roads,flowers,618,653,529.0,1,1,1.000000,1
astar-dial-bfs,no_roads,flowers,1327,1619,524.4,1,1,1.000000,1
astar-dial-apsp,with_roads,flowers,1729,296,126.9,1,1,1.000000,1
astar-dial-apsp,with_roads,flowers,52,746,64.2,1,1,1.000000,1
astar-dial-apsp,with_roads,flowers,678,631,20.1,1,1,1.000000,1
astar-dial-apsp,with_roads,flowers,377,262,36.3,1,1,1.000000,1
astar-dial-apsp,with_roads,flowers,1810,1450,41.0,1,1,1.000000,1
astar-dial-apsp,with_roads,flowers,216,1582,93.6,1,1,1.000000,1
astar-dial-apsp,with_roads,flowers,1107,67,59.7,1,1,1.000000,1
astar-dial-apsp,with_roads,flowers,63,230,20.4,1,1,1.000000,1
astar-dial-apsp,with_roads,flowers,618,653,38.4,1,1,1.000000,1
astar-dial-apsp,with_roads,flowers,1327,1619,26.5,1,1,1.000000,1
astar-dial-bfs,with_roads,flowers,1729,296,615.2,1,1,1.000000,1
astar-dial-bfs,with_roads,flowers,52,746,565.0,1,1,1.000000,1
astar-dial-bfs,with_roads,flowers,678,631,491.6,1,1,1.000000,1
astar-dial-bfs,with_roads,flowers,377,262,540.9,1,1,1.000000,1
astar-dial-bfs,with_roads,flowers,1810,1450,570.8,1,1,1.000000,1
astar-dial-bfs,with_roads,flowers,216,1582,810.1,1,1,1.000000,1
astar-dial-bfs,with_roads,flowers,1107,67,663.1,1,1,1.000000,1
astar-dial-bfs,with_roads,flowers,63,230,513.8,1,1,1.000000,1
astar-dial-bfs,with_roads,flowers,618,653,526.8,1,1,1.000000,1
astar-dial-bfs,with_roads,flowers,1327,1619,519.0,1,1,1.000000,1
astar-dial-apsp,no_roads,galaxy,1467,235,286.0,1,1,1.000000,1
astar-dial-apsp,no_roads,galaxy,51,612,56.5,1,1,1.000000,1
astar-dial-apsp,no_roads,galaxy,540,486,40.3,1,1,1.000000,1
astar-dial-apsp,no_roads,galaxy,297,213,39.8,1,1,1.000000,1
astar-dial-apsp,no_roads,galaxy,1543,1259,29.7,1,1,1.000000,1
astar-dial-apsp,no_roads,galaxy,180,1360,135.8,1,1,1.000000,1
astar-dial-apsp,no_roads,galaxy,972,65,76.7,1,1,1.000000,1
astar-dial-apsp,no_roads,galaxy,61,194,58.5,1,1,1.000000,1
astar-dial-apsp,no_roads,galaxy,476,512,22.0,1,1,1.000000,1
astar-dial-apsp,no_roads,galaxy,1173,1386,38.6,1,1,1.000000,1
astar-dial-bfs,no_roads,galaxy,1467,235,934.2,1,1,1.000000,1
astar-dial-bfs,no_roads,galaxy,51,612,660.5,1,1,1.000000,1
astar-dial-bfs,no_roads,galaxy,540,486,656.3,1,1,1.000000,1
astar-dial-bfs,no_roads,galaxy,297,213,579.1,1,1,1.000000,1
astar-dial-bfs,no_roads,galaxy,1543,1259,525.8,1,1,1.000000,1
astar-dial-bfs,no_roads,galaxy,180,1360,815.9,1,1,1.000000,1
astar-dial-bfs,no_roads,galaxy,972,65,788.5,1,1,1.000000,1
astar-dial-bfs,no_roads,galaxy,61,194,586.1,1,1,1.000000,1
astar-dial-bfs,no_roads,galaxy,476,512,503.5,1,1,1.000000,1
astar-dial-bfs,no_roads,galaxy,1173,1386,614.1,1,1,1.000000,1
astar-dial-apsp,with_roads,galaxy,1467,235,262.0,1,1,1.000000,1
astar-dial-apsp,with_roads,galaxy,51,612,42.1,1,1,1.000000,1
astar-dial-apsp,with_roads,galaxy,540,486,30.7,1,1,1.000000,1
astar-dial-apsp,with_roads,galaxy,297,213,23.8,1,1,1.000000,1
astar-dial-apsp,with_roads,galaxy,1543,1259,32.1,1,1,1.000000,1
astar-dial-apsp,with_roads,galaxy,180,1360,59.3,1,1,1.000000,1
astar-dial-apsp,with_roads,galaxy,972,65,47.8,1,1,1.000000,1
astar-dial-apsp,with_roads,galaxy,61,194,60.6,1,1,1.000000,1
astar-dial-apsp,with_roads,galaxy,476,512,20.2,1,1,1.000000,1
astar-dial-apsp,with_roads,galaxy,1173,1386,41.7,1,1,1.000000,1
astar-dial-bfs,with_roads,galaxy,1467,235,1000.0,1,1,1.000000,1
astar-dial-bfs,with_roads,galaxy,51,612,561.3,1,1,1.000000,1
astar-dial-bfs,with_roads,galaxy,540,486,506.1,1,1,1.000000,1
astar-dial-bfs,with_roads,galaxy,297,213,512.8,1,1,1.000000,1
astar-dial-bfs,with_roads,galaxy,1543,1259,514.5,1,1,1.000000,1
astar-dial-bfs,with_roads,galaxy,180,1360,772.1,1,1,1.000000,1
astar-dial-bfs,with_roads,galaxy,972,65,787.9,1,1,1.000000,1
astar-dial-bfs,with_roads,galaxy,61,194,598.6,1,1,1.000000,1
astar-dial-bfs,with_roads,galaxy,476,512,498.2,1,1,1.000000,1
astar-dial-bfs,with_roads,galaxy,1173,1386,610.2,1,1,1.000000,1
astar-dial-apsp,no_roads,gaussian,124,25,68.7,1,1,1.000000,1
astar-dial-apsp,no_roads,gaussian,312,277,14.7,1,1,1.000000,1
astar-dial-apsp,no_roads,gaussian,253,156,31.8,1,1,1.000000,1
astar-dial-apsp,no_roads,gaussian,111,650,56.0,1,1,1.000000,1
astar-dial-apsp,no_roads,gaussian,96,495,56.2,1,1,1.000000,1
astar-dial-apsp,no_roads,gaussian,32,30,11.4,1,1,1.000000,1
astar-dial-apsp,no_roads,gaussian,102,248,139.0,1,1,1.000000,1
astar-dial-apsp,no_roads,gaussian,264,600,34.1,1,1,1.000000,1
astar-dial-apsp,no_roads,gaussian,27,671,32.2,1,1,1.000000,1
astar-dial-apsp,no_roads,gaussian,225,650,25.9,1,1,1.000000,1
astar-dial-bfs,no_roads,gaussian,124,25,263.4,1,1,1.000000,1
astar-dial-bfs,no_roads,gaussian,312,277,200.6,1,1,1.000000,1
astar-dial-bfs,no_roads,gaussian,253,156,248.4,1,1,1.000000,1
astar-dial-bfs,no_roads,gaussian,111,650,355.8,1,1,1.000000,1
astar-dial-bfs,no_roads,gaussian,96,495,410.5,1,1,1.000000,1
astar-dial-bfs,no_roads,gaussian,32,30,213.6,1,1,1.000000,1
astar-dial-bfs,no_roads,gaussian,102,248,444.1,1,1,1.000000,1
astar-dial-bfs,no_roads,gaussian,264,600,305.6,1,1,1.000000,1
astar-dial-bfs,no_roads,gaussian,27,671,358.6,1,1,1.000000,1
astar-dial-bfs,no_roads,gaussian,225,650,250.4,1,1,1.000000,1
astar-dial-apsp,with_roads,gaussian,124,25,64.0,1,1,1.000000,1
astar-dial-apsp,with_roads,gaussian,312,277,15.8,1,1,1.000000,1
astar-dial-apsp,with_roads,gaussian,253,156,19.5,1,1,1.000000,1
astar-dial-apsp,with_roads,gaussian,111,650,32.4,1,1,1.000000,1
astar-dial-apsp,with_roads,gaussian,96,495,33.1,1,1,1.000000,1
astar-dial-apsp,with_roads,gaussian,32,30,9.9,1,1,1.000000,1
astar-dial-apsp,with_roads,gaussian,102,248,57.5,1,1,1.000000,1
astar-dial-apsp,with_roads,gaussian,264,600,27.0,1,1,1.000000,1
astar-dial-apsp,with_roads,gaussian,27,671,31.3,1,1,1.000000,1
astar-dial-apsp,with_roads,gaussian,225,650,19.8,1,1,1.000000,1
astar-dial-bfs,with_roads,gaussian,124,25,249.9,1,1,1.000000,1
astar-dial-bfs,with_roads,gaussian,312,277,203.6,1,1,1.000000,1
astar-dial-bfs,with_roads,gaussian,253,156,234.7,1,1,1.000000,1
astar-dial-bfs,with_roads,gaussian,111,650,267.0,1,1,1.000000,1
astar-dial-bfs,with_roads,gaussian,96,495,403.0,1,1,1.000000,1
astar-dial-bfs,with_roads,gaussian,32,30,211.8,1,1,1.000000,1
astar-dial-bfs,with_roads,gaussian,102,248,439.4,1,1,1.000000,1
astar-dial-bfs,with_roads,gaussian,264,600,286.4,1,1,1.000000,1
astar-dial-bfs,with_roads,gaussian,27,671,406.0,1,1,1.000000,1
astar-dial-bfs,with_roads,gaussian,225,650,216.4,1,1,1.000000,1
astar-dial-apsp,no_roads,git_branches,1707,228,339.5,0,,,
astar-dial-apsp,no_roads,git_branches,51,627,566.1,0,,,
astar-dial-apsp,no_roads,git_branches,541,481,494.0,0,,,
astar-dial-apsp,no_roads,git_branches,285,209,123.2,1,1,1.000000,1
astar-dial-apsp,no_roads,git_branches,1477,178,227.9,0,,,
astar-dial-apsp,no_roads,git_branches,1607,1098,111.4,1,1,1.000000,1
astar-dial-apsp,no_roads,git_branches,65,61,21.1,1,1,1.000000,1
astar-dial-apsp,no_roads,git_branches,191,453,170.2,1,1,1.000000,1
astar-dial-apsp,no_roads,git_branches,508,1354,478.4,0,,,
astar-dial-apsp,no_roads,git_branches,1630,54,219.8,0,,,
astar-dial-bfs,no_roads,git_branches,1707,228,127.2,0,,,
astar-dial-bfs,no_roads,git_branches,51,627,303.7,0,,,
astar-dial-bfs,no_roads,git_branches,541,481,285.7,0,,,
astar-dial-bfs,no_roads,git_branches,285,209,501.6,1,1,1.000000,1
astar-dial-bfs,no_roads,git_branches,1477,178,130.7,0,,,
astar-dial-bfs,no_roads,git_branches,1607,1098,279.6,1,1,1.000000,1
astar-dial-bfs,no_roads,git_branches,65,61,313.5,1,1,1.000000,1
astar-dial-bfs,no_roads,git_branches,191,453,598.8,1,1,1.000000,1
astar-dial-bfs,no_roads,git_branches,508,1354,290.8,0,,,
astar-dial-bfs,no_roads,git_branches,1630,54,126.1,0,,,
astar-dial-apsp,with_roads,git_branches,1707,228,302.8,0,,,
astar-dial-apsp,with_roads,git_branches,51,627,556.4,0,,,
astar-dial-apsp,with_roads,git_branches,541,481,492.3,0,,,
astar-dial-apsp,with_roads,git_branches,285,209,65.6,1,1,1.000000,1
astar-dial-apsp,with_roads,git_branches,1477,178,229.1,0,,,
astar-dial-apsp,with_roads,git_branches,1607,1098,114.2,1,1,1.000000,1
astar-dial-apsp,with_roads,git_branches,65,61,16.2,1,1,1.000000,1
astar-dial-apsp,with_roads,git_branches,191,453,87.1,1,1,1.000000,1
astar-dial-apsp,with_roads,git_branches,508,1354,493.4,0,,,
astar-dial-apsp,with_roads,git_branches,1630,54,217.9,0,,,
astar-dial-bfs,with_roads,git_branches,1707,228,126.8,0,,,
astar-dial-bfs,with_roads,git_branches,51,627,287.0,0,,,
astar-dial-bfs,with_roads,git_branches,541,481,291.8,0,,,
astar-dial-bfs,with_roads,git_branches,285,209,468.8,1,1,1.000000,1
astar-dial-bfs,with_roads,git_branches,1477,178,124.2,0,,,
astar-dial-bfs,with_roads,git_branches,1607,1098,280.2,1,1,1.000000,1
astar-dial-bfs,with_roads,git_branches,65,61,304.4,1,1,1.000000,1
astar-dial-bfs,with_roads,git_branches,191,453,547.2,1,1,1.000000,1
astar-dial-bfs,with_roads,git_branches,508,1354,284.0,0,,,
astar-dial-bfs,with_roads,git_branches,1630,54,123.2,0,,,
astar-dial-apsp,no_roads,hooks,793,131,105.8,1,1,1.000000,1
astar-dial-apsp,no_roads,hooks,25,923,154.3,1,1,1.000000,1
astar-dial-apsp,no_roads,hooks,334,300,17.0,1,1,1.000000,1
astar-dial-apsp,no_roads,hooks,268,167,23.6,1,1,1.000000,1
astar-dial-apsp,no_roads,hooks,917,121,60.5,1,1,1.000000,1
astar-dial-apsp,no_roads,hooks,839,922,46.7,1,1,1.000000,1
astar-dial-apsp,no_roads,hooks,681,98,58.5,1,1,1.000000,1
astar-dial-apsp,no_roads,hooks,736,526,24.4,1,1,1.000000,1
astar-dial-apsp,no_roads,hooks,32,30,56.4,1,1,1.000000,1
astar-dial-apsp,no_roads,hooks,105,257,15.5,1,1,1.000000,1
astar-dial-bfs,no_roads,hooks,793,131,524.1,1,1,1.000000,1
astar-dial-bfs,no_roads,hooks,25,923,513.1,1,1,1.000000,1
astar-dial-bfs,no_roads,hooks,334,300,269.2,1,1,1.000000,1
astar-dial-bfs,no_roads,hooks,268,167,303.2,1,1,1.000000,1
astar-dial-bfs,no_roads,hooks,917,121,452.1,1,1,1.000000,1
astar-dial-bfs,no_roads,hooks,839,922,406.2,1,1,1.000000,1
astar-dial-bfs,no_roads,hooks,681,98,555.1,1,1,1.000000,1
astar-dial-bfs,no_roads,hooks,736,526,303.8,1,1,1.000000,1
astar-dial-bfs,no_roads,hooks,32,30,447.6,1,1,1.000000,1
astar-dial-bfs,no_roads,hooks,105,257,267.6,1,1,1.000000,1
astar-dial-apsp,with_roads,hooks,793,131,103.8,1,1,1.000000,1
astar-dial-apsp,with_roads,hooks,25,923,91.8,1,1,1.000000,1
astar-dial-apsp,with_roads,hooks,334,300,16.3,1,1,1.000000,1
astar-dial-apsp,with_roads,hooks,268,167,28.0,1,1,1.000000,1
astar-dial-apsp,with_roads,hooks,917,121,52.7,1,1,1.000000,1
astar-dial-apsp,with_roads,hooks,839,922,43.4,1,1,1.000000,1
astar-dial-apsp,with_roads,hooks,681,98,41.3,1,1,1.000000,1
astar-dial-apsp,with_roads,hooks,736,526,22.5,1,1,1.000000,1
astar-dial-apsp,with_roads,hooks,32,30,49.8,1,1,1.000000,1
astar-dial-apsp,with_roads,hooks,105,257,14.6,1,1,1.000000,1
astar-dial-bfs,with_roads,hooks,793,131,456.0,1,1,1.000000,1
astar-dial-bfs,with_roads,hooks,25,923,565.7,1,1,1.000000,1
astar-dial-bfs,with_roads,hooks,334,300,266.7,1,1,1.000000,1
astar-dial-bfs,with_roads,hooks,268,167,315.1,1,1,1.000000,1
astar-dial-bfs,with_roads,hooks,917,121,444.8,1,1,1.000000,1
astar-dial-bfs,with_roads,hooks,839,922,411.7,1,1,1.000000,1
astar-dial-bfs,with_roads,hooks,681,98,379.7,1,1,1.000000,1
astar-dial-bfs,with_roads,hooks,736,526,315.3,1,1,1.000000,1
astar-dial-bfs,with_roads,hooks,32,30,400.0,1,1,1.000000,1
astar-dial-bfs,with_roads,hooks,105,257,287.8,1,1,1.000000,1
astar-dial-apsp,no_roads,hourglass,792,136,271.5,0,,,
astar-dial-apsp,no_roads,hourglass,30,915,233.0,0,,,
astar-dial-apsp,no_roads,hourglass,335,298,191.0,0,,,
astar-dial-apsp,no_roads,hourglass,274,171,23.6,1,1,1.000000,1
astar-dial-apsp,no_roads,hourglass,908,123,203.0,0,,,
astar-dial-apsp,no_roads,hourglass,837,912,138.9,0,,,
astar-dial-apsp,no_roads,hourglass,1099,677,189.9,0,,,
astar-dial-apsp,no_roads,hourglass,104,732,192.6,0,,,
astar-dial-apsp,no_roads,hourglass,513,38,122.7,0,,,
astar-dial-apsp,no_roads,hourglass,36,113,16.2,1,1,1.000000,1
astar-dial-bfs,no_roads,hourglass,792,136,114.8,0,,,
astar-dial-bfs,no_roads,hourglass,30,915,116.1,0,,,
astar-dial-bfs,no_roads,hourglass,335,298,112.5,0,,,
astar-dial-bfs,no_roads,hourglass,274,171,142.1,1,1,1.000000,1
astar-dial-bfs,no_roads,hourglass,908,123,111.2,0,,,
astar-dial-bfs,no_roads,hourglass,837,912,63.5,0,,,
astar-dial-bfs,no_roads,hourglass,1099,677,112.3,0,,,
astar-dial-bfs,no_roads,hourglass,104,732,111.0,0,,,
astar-dial-bfs,no_roads,hourglass,513,38,61.2,0,,,
astar-dial-bfs,no_roads,hourglass,36,113,136.3,1,1,1.000000,1
astar-dial-apsp,with_roads,hourglass,792,136,232.1,0,,,
astar-dial-apsp,with_roads,hourglass,30,915,207.9,0,,,
astar-dial-apsp,with_roads,hourglass,335,298,178.4,0,,,
astar-dial-apsp,with_roads,hourglass,274,171,24.0,1,1,1.000000,1
astar-dial-apsp,with_roads,hourglass,908,123,190.3,0,,,
astar-dial-apsp,with_roads,hourglass,837,912,123.0,0,,,
astar-dial-apsp,with_roads,hourglass,1099,677,178.7,0,,,
astar-dial-apsp,with_roads,hourglass,104,732,181.9,0,,,
astar-dial-apsp,with_roads,hourglass,513,38,111.1,0,,,
astar-dial-apsp,with_roads,hourglass,36,113,14.4,1,1,1.000000,1
astar-dial-bfs,with_roads,hourglass,792,136,121.2,0,,,
astar-dial-bfs,with_roads,hourglass,30,915,115.0,0,,,
astar-dial-bfs,with_roads,hourglass,335,298,125.5,0,,,
astar-dial-bfs,with_roads,hourglass,274,171,142.6,1,1,1.000000,1
astar-dial-bfs,with_roads,hourglass,908,123,113.3,0,,,
astar-dial-bfs,with_roads,hourglass,837,912,63.0,0,,,
astar-dial-bfs,with_roads,hourglass,1099,677,112.3,0,,,
astar-dial-bfs,with_roads,hourglass,104,732,114.2,0,,,
astar-dial-bfs,with_roads,hourglass,513,38,61.3,0,,,
astar-dial-bfs,with_roads,hourglass,36,113,135.2,1,1,1.000000,1
astar-dial-apsp,no_roads,labyrinth,1977,334,492.9,1,1,1.000000,1
astar-dial-apsp,no_roads,labyrinth,57,2295,443.0,1,1,1.000000,1
astar-dial-apsp,no_roads,labyrinth,833,746,87.5,1,1,1.000000,1
astar-dial-apsp,no_roads,labyrinth,672,407,98.0,1,1,1.000000,1
astar-dial-apsp,no_roads,labyrinth,2283,309,371.0,1,1,1.000000,1
astar-dial-apsp,no_roads,labyrinth,2093,2293,63.6,1,1,1.000000,1
astar-dial-apsp,no_roads,labyrinth,1681,237,422.7,1,1,1.000000,1
astar-dial-apsp,no_roads,labyrinth,1823,1287,32.8,1,1,1.000000,1
astar-dial-apsp,no_roads,labyrinth,74,69,27.5,1,1,1.000000,1
astar-dial-apsp,no_roads,labyrinth,254,659,52.3,1,1,1.000000,1
astar-dial-bfs,no_roads,labyrinth,1977,334,1430.9,1,1,1.000000,1
astar-dial-bfs,no_roads,labyrinth,57,2295,1371.8,1,1,1.000000,1
astar-dial-bfs,no_roads,labyrinth,833,746,748.4,1,1,1.000000,1
astar-dial-bfs,no_roads,labyrinth,672,407,656.2,1,1,1.000000,1
astar-dial-bfs,no_roads,labyrinth,2283,309,1274.9,1,1,1.000000,1
astar-dial-bfs,no_roads,labyrinth,2093,2293,630.2,1,1,1.000000,1
astar-dial-bfs,no_roads,labyrinth,1681,237,1446.4,1,1,1.000000,1
astar-dial-bfs,no_roads,labyrinth,1823,1287,550.4,1,1,1.000000,1
astar-dial-bfs,no_roads,labyrinth,74,69,521.1,1,1,1.000000,1
astar-dial-bfs,no_roads,labyrinth,254,659,586.4,1,1,1.000000,1
astar-dial-apsp,with_roads,labyrinth,1977,334,284.3,1,1,1.000000,1
astar-dial-apsp,with_roads,labyrinth,57,2295,272.5,1,1,1.000000,1
astar-dial-apsp,with_roads,labyrinth,833,746,69.9,1,1,1.000000,1
astar-dial-apsp,with_roads,labyrinth,672,407,88.8,1,1,1.000000,1
astar-dial-apsp,with_roads,labyrinth,2283,309,163.5,1,1,1.000000,1
astar-dial-apsp,with_roads,labyrinth,2093,2293,59.3,1,1,1.000000,1
astar-dial-apsp,with_roads,labyrinth,1681,237,303.2,1,1,1.000000,1
astar-dial-apsp,with_roads,labyrinth,1823,1287,40.5,1,1,1.000000,1
astar-dial-apsp,with_roads,labyrinth,74,69,24.4,1,1,1.000000,1
astar-dial-apsp,with_roads,labyrinth,254,659,45.7,1,1,1.000000,1
astar-dial-bfs,with_roads,labyrinth,1977,334,1056.0,1,1,1.000000,1
astar-dial-bfs,with_roads,labyrinth,57,2295,867.8,1,1,1.000000,1
astar-dial-bfs,with_roads,labyrinth,833,746,563.2,1,1,1.000000,1
astar-dial-bfs,with_roads,labyrinth,672,407,669.6,1,1,1.000000,1
astar-dial-bfs,with_roads,labyrinth,2283,309,976.2,1,1,1.000000,1
astar-dial-bfs,with_roads,labyrinth,2093,2293,616.1,1,1,1.000000,1
astar-dial-bfs,with_roads,labyrinth,1681,237,1254.1,1,1,1.000000,1
astar-dial-bfs,with_roads,labyrinth,1823,1287,544.7,1,1,1.000000,1
astar-dial-bfs,with_roads,labyrinth,74,69,504.7,1,1,1.000000,1
astar-dial-bfs,with_roads,labyrinth,254,659,660.6,1,1,1.000000,1
astar-dial-apsp,no_roads,landscape,796,114,144.5,1,1,1.000000,1
astar-dial-apsp,no_roads,landscape,25,314,37.3,1,1,1.000000,1
astar-dial-apsp,no_roads,landscape,278,249,13.2,1,1,1.000000,1
astar-dial-apsp,no_roads,landscape,143,896,93.6,1,1,1.000000,1
astar-dial-apsp,no_roads,landscape,104,834,63.6,1,1,1.000000,1
astar-dial-apsp,no_roads,landscape,687,89,40.5,1,1,1.000000,1
astar-dial-apsp,no_roads,landscape,745,532,22.6,1,1,1.000000,1
astar-dial-apsp,no_roads,landscape,32,30,15.4,1,1,1.000000,1
astar-dial-apsp,no_roads,landscape,95,244,17.3,1,1,1.000000,1
astar-dial-apsp,no_roads,landscape,262,633,32.0,1,1,1.000000,1
astar-dial-bfs,no_roads,landscape,796,114,511.8,1,1,1.000000,1
astar-dial-bfs,no_roads,landscape,25,314,368.3,1,1,1.000000,1
astar-dial-bfs,no_roads,landscape,278,249,261.0,1,1,1.000000,1
astar-dial-bfs,no_roads,landscape,143,896,456.1,1,1,1.000000,1
astar-dial-bfs,no_roads,landscape,104,834,479.6,1,1,1.000000,1
astar-dial-bfs,no_roads,landscape,687,89,365.7,1,1,1.000000,1
astar-dial-bfs,no_roads,landscape,745,532,290.2,1,1,1.000000,1
astar-dial-bfs,no_roads,landscape,32,30,256.6,1,1,1.000000,1
astar-dial-bfs,no_roads,landscape,95,244,271.6,1,1,1.000000,1
astar-dial-bfs,no_roads,landscape,262,633,418.7,1,1,1.000000,1
astar-dial-apsp,with_roads,landscape,796,114,122.0,1,1,1.000000,1
astar-dial-apsp,with_roads,landscape,25,314,37.7,1,1,1.000000,1
astar-dial-apsp,with_roads,landscape,278,249,12.3,1,1,1.000000,1
astar-dial-apsp,with_roads,landscape,143,896,85.7,1,1,1.000000,1
astar-dial-apsp,with_roads,landscape,104,834,58.3,1,1,1.000000,1
astar-dial-apsp,with_roads,landscape,687,89,49.2,1,1,1.000000,1
astar-dial-apsp,with_roads,landscape,745,532,33.2,1,1,1.000000,1
astar-dial-apsp,with_roads,landscape,32,30,17.9,1,1,1.000000,1
astar-dial-apsp,with_roads,landscape,95,244,20.7,1,1,1.000000,1
astar-dial-apsp,with_roads,landscape,262,633,42.2,1,1,1.000000,1
astar-dial-bfs,with_roads,landscape,796,114,538.2,1,1,1.000000,1
astar-dial-bfs,with_roads,landscape,25,314,342.9,1,1,1.000000,1
astar-dial-bfs,with_roads,landscape,278,249,253.9,1,1,1.000000,1
astar-dial-bfs,with_roads,landscape,143,896,450.6,1,1,1.000000,1
astar-dial-bfs,with_roads,landscape,104,834,503.9,1,1,1.000000,1
astar-dial-bfs,with_roads,landscape,687,89,352.6,1,1,1.000000,1
astar-dial-bfs,with_roads,landscape,745,532,286.5,1,1,1.000000,1
astar-dial-bfs,with_roads,landscape,32,30,249.0,1,1,1.000000,1
astar-dial-bfs,with_roads,landscape,95,244,269.4,1,1,1.000000,1
astar-dial-bfs,with_roads,landscape,262,633,467.3,1,1,1.000000,1
astar-dial-apsp,no_roads,mandelbrot,1578,280,412.2,1,1,1.000000,1
astar-dial-apsp,no_roads,mandelbrot,55,1846,170.4,1,1,1.000000,1
astar-dial-apsp,no_roads,mandelbrot,685,610,126.1,1,1,1.000000,1
astar-dial-apsp,no_roads,mandelbrot,564,349,117.9,1,1,1.000000,1
astar-dial-apsp,no_roads,mandelbrot,1824,254,140.2,1,1,1.000000,1
astar-dial-apsp,no_roads,mandelbrot,1675,1844,62.6,1,1,1.000000,1
astar-dial-apsp,no_roads,mandelbrot,1350,208,95.3,1,1,1.000000,1
astar-dial-apsp,no_roads,mandelbrot,1458,1048,222.7,1,1,1.000000,1
astar-dial-apsp,no_roads,mandelbrot,69,65,19.4,1,1,1.000000,1
astar-dial-apsp,no_roads,mandelbrot,224,553,60.9,1,1,1.000000,1
astar-dial-bfs,no_roads,mandelbrot,1578,280,893.2,1,1,1.000000,1
astar-dial-bfs,no_roads,mandelbrot,55,1846,1048.6,1,1,1.000000,1
astar-dial-bfs,no_roads,mandelbrot,685,610,890.1,1,1,1.000000,1
astar-dial-bfs,no_roads,mandelbrot,564,349,888.7,1,1,1.000000,1
astar-dial-bfs,no_roads,mandelbrot,1824,254,1049.7,1,1,1.000000,1
astar-dial-bfs,no_roads,mandelbrot,1675,1844,668.8,1,1,1.000000,1
astar-dial-bfs,no_roads,mandelbrot,1350,208,699.5,1,1,1.000000,1
astar-dial-bfs,no_roads,mandelbrot,1458,1048,1118.1,1,1,1.000000,1
astar-dial-bfs,no_roads,mandelbrot,69,65,569.1,1,1,1.000000,1
astar-dial-bfs,no_roads,mandelbrot,224,553,755.2,1,1,1.000000,1
astar-dial-apsp,with_roads,mandelbrot,1578,280,293.2,1,1,1.000000,1
astar-dial-apsp,with_roads,mandelbrot,55,1846,168.6,1,1,1.000000,1
astar-dial-apsp,with_roads,mandelbrot,685,610,125.0,1,1,1.000000,1
astar-dial-apsp,with_roads,mandelbrot,564,349,118.2,1,1,1.000000,1
astar-dial-apsp,with_roads,mandelbrot,1824,254,132.2,1,1,1.000000,1
astar-dial-apsp,with_roads,mandelbrot,1675,1844,67.7,1,1,1.000000,1
astar-dial-apsp,with_roads,mandelbrot,1350,208,112.1,1,1,1.000000,1
astar-dial-apsp,with_roads,mandelbrot,1458,1048,240.6,1,1,1.000000,1
astar-dial-apsp,with_roads,mandelbrot,69,65,16.8,1,1,1.000000,1
astar-dial-apsp,with_roads,mandelbrot,224,553,43.6,1,1,1.000000,1
astar-dial-bfs,with_roads,mandelbrot,1578,280,985.2,1,1,1.000000,1
astar-dial-bfs,with_roads,mandelbrot,55,1846,901.6,1,1,1.000000,1
astar-dial-bfs,with_roads,mandelbrot,685,610,860.2,1,1,1.000000,1
astar-dial-bfs,with_roads,mandelbrot,564,349,852.5,1,1,1.000000,1
astar-dial-bfs,with_roads,mandelbrot,1824,254,1005.1,1,1,1.000000,1
astar-dial-bfs,with_roads,mandelbrot,1675,1844,664.5,1,1,1.000000,1
astar-dial-bfs,with_roads,mandelbrot,1350,208,728.5,1,1,1.000000,1
astar-dial-bfs,with_roads,mandelbrot,1458,1048,1187.6,1,1,1.000000,1
astar-dial-bfs,with_roads,mandelbrot,69,65,533.5,1,1,1.000000,1
astar-dial-bfs,with_roads,mandelbrot,224,553,673.1,1,1,1.000000,1
astar-dial-apsp,no_roads,metropolitan_dystopia,1815,305,376.7,1,1,1.000000,1
astar-dial-apsp,no_roads,metropolitan_dystopia,54,2132,106.0,1,1,1.000000,1
astar-dial-apsp,no_roads,metropolitan_dystopia,796,704,133.7,1,1,1.000000,1
astar-dial-apsp,no_roads,metropolitan_dystopia,645,386,36.5,1,1,1.000000,1
astar-dial-apsp,no_roads,metropolitan_dystopia,2113,274,233.6,1,1,1.000000,1
astar-dial-apsp,no_roads,metropolitan_dystopia,1921,2129,51.9,1,1,1.000000,1
astar-dial-apsp,no_roads,metropolitan_dystopia,1547,230,123.0,1,1,1.000000,1
astar-dial-apsp,no_roads,metropolitan_dystopia,1681,1207,63.4,1,1,1.000000,1
astar-dial-apsp,no_roads,metropolitan_dystopia,77,69,22.1,1,1,1.000000,1
astar-dial-apsp,no_roads,metropolitan_dystopia,250,633,78.0,1,1,1.000000,1
astar-dial-bfs,no_roads,metropolitan_dystopia,1815,305,1567.9,1,1,1.000000,1
astar-dial-bfs,no_roads,metropolitan_dystopia,54,2132,1170.4,1,1,1.000000,1
astar-dial-bfs,no_roads,metropolitan_dystopia,796,704,983.0,1,1,1.000000,1
astar-dial-bfs,no_roads,metropolitan_dystopia,645,386,588.1,1,1,1.000000,1
astar-dial-bfs,no_roads,metropolitan_dystopia,2113,274,1388.5,1,1,1.000000,1
astar-dial-bfs,no_roads,metropolitan_dystopia,1921,2129,681.0,1,1,1.000000,1
astar-dial-bfs,no_roads,metropolitan_dystopia,1547,230,1105.4,1,1,1.000000,1
astar-dial-bfs,no_roads,metropolitan_dystopia,1681,1207,878.7,1,1,1.000000,1
astar-dial-bfs,no_roads,metropolitan_dystopia,77,69,609.5,1,1,1.000000,1
astar-dial-bfs,no_roads,metropolitan_dystopia,250,633,793.9,1,1,1.000000,1
astar-dial-apsp,with_roads,metropolitan_dystopia,1815,305,314.3,1,1,1.000000,1
astar-dial-apsp,with_roads,metropolitan_dystopia,54,2132,89.0,1,1,1.000000,1
astar-dial-apsp,with_roads,metropolitan_dystopia,796,704,128.3,1,1,1.000000,1
astar-dial-apsp,with_roads,metropolitan_dystopia,645,386,36.9,1,1,1.000000,1
astar-dial-apsp,with_roads,metropolitan_dystopia,2113,274,219.1,1,1,1.000000,1
astar-dial-apsp,with_roads,metropolitan_dystopia,1921,2129,52.3,1,1,1.000000,1
astar-dial-apsp,with_roads,metropolitan_dystopia,1547,230,110.0,1,1,1.000000,1
astar-dial-apsp,with_roads,metropolitan_dystopia,1681,1207,54.4,1,1,1.000000,1
astar-dial-apsp,with_roads,metropolitan_dystopia,77,69,20.9,1,1,1.000000,1
astar-dial-apsp,with_roads,metropolitan_dystopia,250,633,80.2,1,1,1.000000,1
astar-dial-bfs,with_roads,metropolitan_dystopia,1815,305,1390.2,1,1,1.000000,1
astar-dial-bfs,with_roads,metropolitan_dystopia,54,2132,772.4,1,1,1.000000,1
astar-dial-bfs,with_roads,metropolitan_dystopia,796,704,1063.4,1,1,1.000000,1
astar-dial-bfs,with_roads,metropolitan_dystopia,645,386,602.2,1,1,1.000000,1
astar-dial-bfs,with_roads,metropolitan_dystopia,2113,274,1334.6,1,1,1.000000,1
astar-dial-bfs,with_roads,metropolitan_dystopia,1921,2129,652.7,1,1,1.000000,1
astar-dial-bfs,with_roads,metropolitan_dystopia,1547,230,766.6,1,1,1.000000,1
astar-dial-bfs,with_roads,metropolitan_dystopia,1681,1207,718.7,1,1,1.000000,1
astar-dial-bfs,with_roads,metropolitan_dystopia,77,69,570.8,1,1,1.000000,1
astar-dial-bfs,with_roads,metropolitan_dystopia,250,633,756.3,1,1,1.000000,1
astar-dial-apsp,no_roads,minimaze,478,84,108.1,1,1,1.000000,1
astar-dial-apsp,no_roads,minimaze,16,551,61.2,1,1,1.000000,1
astar-dial-apsp,no_roads,minimaze,214,181,20.2,1,1,1.000000,1
astar-dial-apsp,no_roads,minimaze,164,101,35.2,1,1,1.000000,1
astar-dial-apsp,no_roads,minimaze,549,77,54.8,1,1,1.000000,1
astar-dial-apsp,no_roads,minimaze,502,551,11.1,1,1,1.000000,1
astar-dial-apsp,no_roads,minimaze,403,61,34.1,1,1,1.000000,1
astar-dial-apsp,no_roads,minimaze,441,330,41.4,1,1,1.000000,1
astar-dial-apsp,no_roads,minimaze,21,19,10.0,1,1,1.000000,1
astar-dial-apsp,no_roads,minimaze,65,161,14.9,1,1,1.000000,1
astar-dial-bfs,no_roads,minimaze,478,84,250.2,1,1,1.000000,1
astar-dial-bfs,no_roads,minimaze,16,551,299.9,1,1,1.000000,1
astar-dial-bfs,no_roads,minimaze,214,181,165.9,1,1,1.000000,1
astar-dial-bfs,no_roads,minimaze,164,101,250.4,1,1,1.000000,1
astar-dial-bfs,no_roads,minimaze,549,77,301.2,1,1,1.000000,1
astar-dial-bfs,no_roads,minimaze,502,551,153.8,1,1,1.000000,1
astar-dial-bfs,no_roads,minimaze,403,61,186.0,1,1,1.000000,1
astar-dial-bfs,no_roads,minimaze,441,330,321.3,1,1,1.000000,1
astar-dial-bfs,no_roads,minimaze,21,19,139.7,1,1,1.000000,1
astar-dial-bfs,no_roads,minimaze,65,161,144.8,1,1,1.000000,1
astar-dial-apsp,with_roads,minimaze,478,84,83.9,1,1,1.000000,1
astar-dial-apsp,with_roads,minimaze,16,551,55.8,1,1,1.000000,1
astar-dial-apsp,with_roads,minimaze,214,181,20.0,1,1,1.000000,1
astar-dial-apsp,with_roads,minimaze,164,101,34.4,1,1,1.000000,1
astar-dial-apsp,with_roads,minimaze,549,77,50.0,1,1,1.000000,1
astar-dial-apsp,with_roads,minimaze,502,551,12.1,1,1,1.000000,1
astar-dial-apsp,with_roads,minimaze,403,61,34.4,1,1,1.000000,1
astar-dial-apsp,with_roads,minimaze,441,330,40.1,1,1,1.000000,1
astar-dial-apsp,with_roads,minimaze,21,19,9.7,1,1,1.000000,1
astar-dial-apsp,with_roads,minimaze,65,161,14.5,1,1,1.000000,1
astar-dial-bfs,with_roads,minimaze,478,84,233.6,1,1,1.000000,1
astar-dial-bfs,with_roads,minimaze,16,551,286.9,1,1,1.000000,1
astar-dial-bfs,with_roads,minimaze,214,181,161.4,1,1,1.000000,1
astar-dial-bfs,with_roads,minimaze,164,101,233.8,1,1,1.000000,1
astar-dial-bfs,with_roads,minimaze,549,77,301.5,1,1,1.000000,1
astar-dial-bfs,with_roads,minimaze,502,551,148.7,1,1,1.000000,1
astar-dial-bfs,with_roads,minimaze,403,61,184.9,1,1,1.000000,1
astar-dial-bfs,with_roads,minimaze,441,330,312.5,1,1,1.000000,1
astar-dial-bfs,with_roads,minimaze,21,19,162.8,1,1,1.000000,1
astar-dial-bfs,with_roads,minimaze,65,161,150.2,1,1,1.000000,1
astar-dial-apsp,no_roads,pixel_forest,839,135,68.0,0,,,
astar-dial-apsp,no_roads,pixel_forest,28,989,79.5,1,1,1.000000,1
astar-dial-apsp,no_roads,pixel_forest,367,333,32.3,1,1,1.000000,1
astar-dial-apsp,no_roads,pixel_forest,295,179,41.1,1,1,1.000000,1
astar-dial-apsp,no_roads,pixel_forest,971,123,77.3,1,1,1.000000,1
astar-dial-apsp,no_roads,pixel_forest,895,981,19.0,0,,,
astar-dial-apsp,no_roads,pixel_forest,706,100,101.7,1,1,1.000000,1
astar-dial-apsp,no_roads,pixel_forest,769,555,25.9,1,1,1.000000,1
astar-dial-apsp,no_roads,pixel_forest,37,35,13.7,1,1,1.000000,1
astar-dial-apsp,no_roads,pixel_forest,107,290,16.7,1,1,1.000000,1
astar-dial-bfs,no_roads,pixel_forest,839,135,15.6,0,,,
astar-dial-bfs,no_roads,pixel_forest,28,989,479.5,1,1,1.000000,1
astar-dial-bfs,no_roads,pixel_forest,367,333,324.6,1,1,1.000000,1
astar-dial-bfs,no_roads,pixel_forest,295,179,387.6,1,1,1.000000,1
astar-dial-bfs,no_roads,pixel_forest,971,123,369.4,1,1,1.000000,1
astar-dial-bfs,no_roads,pixel_forest,895,981,10.0,0,,,
astar-dial-bfs,no_roads,pixel_forest,706,100,476.0,1,1,1.000000,1
astar-dial-bfs,no_roads,pixel_forest,769,555,348.2,1,1,1.000000,1
astar-dial-bfs,no_roads,pixel_forest,37,35,264.1,1,1,1.000000,1
astar-dial-bfs,no_roads,pixel_forest,107,290,286.9,1,1,1.000000,1
astar-dial-apsp,with_roads,pixel_forest,839,135,58.0,0,,,
astar-dial-apsp,with_roads,pixel_forest,28,989,60.7,1,1,1.000000,1
astar-dial-apsp,with_roads,pixel_forest,367,333,26.2,1,1,1.000000,1
astar-dial-apsp,with_roads,pixel_forest,295,179,42.5,1,1,1.000000,1
astar-dial-apsp,with_roads,pixel_forest,971,123,63.3,1,1,1.000000,1
astar-dial-apsp,with_roads,pixel_forest,895,981,16.2,0,,,
astar-dial-apsp,with_roads,pixel_forest,706,100,49.3,1,1,1.000000,1
astar-dial-apsp,with_roads,pixel_forest,769,555,25.7,1,1,1.000000,1
astar-dial-apsp,with_roads,pixel_forest,37,35,12.7,1,1,1.000000,1
astar-dial-apsp,with_roads,pixel_forest,107,290,16.0,1,1,1.000000,1
astar-dial-bfs,with_roads,pixel_forest,839,135,17.5,0,,,
astar-dial-bfs,with_roads,pixel_forest,28,989,456.3,1,1,1.000000,1
astar-dial-bfs,with_roads,pixel_forest,367,333,304.5,1,1,1.000000,1
astar-dial-bfs,with_roads,pixel_forest,295,179,378.1,1,1,1.000000,1
astar-dial-bfs,with_roads,pixel_forest,971,123,380.9,1,1,1.000000,1
astar-dial-bfs,with_roads,pixel_forest,895,981,8.7,0,,,
astar-dial-bfs,with_roads,pixel_forest,706,100,431.6,1,1,1.000000,1
astar-dial-bfs,with_roads,pixel_forest,769,555,382.2,1,1,1.000000,1
astar-dial-bfs,with_roads,pixel_forest,37,35,272.7,1,1,1.000000,1
astar-dial-bfs,with_roads,pixel_forest,107,290,280.9,1,1,1.000000,1
astar-dial-apsp,no_roads,pls_buy_cucats_merch,493,103,103.9,1,1,1.000000,1
astar-dial-apsp,no_roads,pls_buy_cucats_merch,1289,1162,74.8,1,1,1.000000,1
astar-dial-apsp,no_roads,pls_buy_cucats_merch,1069,627,57.2,1,1,1.000000,1
astar-dial-apsp,no_roads,pls_buy_cucats_merch,450,384,200.0,1,1,1.000000,1
astar-dial-apsp,no_roads,pls_buy_cucats_merch,2020,135,111.0,1,1,1.000000,1
astar-dial-apsp,no_roads,pls_buy_cucats_merch,124,411,28.6,1,1,1.000000,1
astar-dial-apsp,no_roads,pls_buy_cucats_merch,1024,1109,59.6,1,1,1.000000,1
astar-dial-apsp,no_roads,pls_buy_cucats_merch,2389,109,194.2,1,1,1.000000,1
astar-dial-apsp,no_roads,pls_buy_cucats_merch,927,2010,143.3,1,1,1.000000,1
astar-dial-apsp,no_roads,pls_buy_cucats_merch,1031,2140,66.9,1,1,1.000000,1
astar-dial-bfs,no_roads,pls_buy_cucats_merch,493,103,815.4,1,1,1.000000,1
astar-dial-bfs,no_roads,pls_buy_cucats_merch,1289,1162,930.2,1,1,1.000000,1
astar-dial-bfs,no_roads,pls_buy_cucats_merch,1069,627,766.1,1,1,1.000000,1
astar-dial-bfs,no_roads,pls_buy_cucats_merch,450,384,1098.3,1,1,1.000000,1
astar-dial-bfs,no_roads,pls_buy_cucats_merch,2020,135,1289.8,1,1,1.000000,1
astar-dial-bfs,no_roads,pls_buy_cucats_merch,124,411,767.2,1,1,1.000000,1
astar-dial-bfs,no_roads,pls_buy_cucats_merch,1024,1109,784.4,1,1,1.000000,1
astar-dial-bfs,no_roads,pls_buy_cucats_merch,2389,109,1522.3,1,1,1.000000,1
astar-dial-bfs,no_roads,pls_buy_cucats_merch,927,2010,1354.2,1,1,1.000000,1
astar-dial-bfs,no_roads,pls_buy_cucats_merch,1031,2140,1256.1,1,1,1.000000,1
astar-dial-apsp,with_roads,pls_buy_cucats_merch,493,103,85.1,1,1,1.000000,1
astar-dial-apsp,with_roads,pls_buy_cucats_merch,1289,1162,71.9,1,1,1.000000,1
astar-dial-apsp,with_roads,pls_buy_cucats_merch,1069,627,42.3,1,1,1.000000,1
astar-dial-apsp,with_roads,pls_buy_cucats_merch,450,384,47.8,1,1,1.000000,1
astar-dial-apsp,with_roads,pls_buy_cucats_merch,2020,135,81.3,1,1,1.000000,1
astar-dial-apsp,with_roads,pls_buy_cucats_merch,124,411,34.9,1,1,1.000000,1
astar-dial-apsp,with_roads,pls_buy_cucats_merch,1024,1109,55.7,1,1,1.000000,1
astar-dial-apsp,with_roads,pls_buy_cucats_merch,2389,109,192.2,1,1,1.000000,1
astar-dial-apsp,with_roads,pls_buy_cucats_merch,927,2010,130.2,1,1,1.000000,1
astar-dial-apsp,with_roads,pls_buy_cucats_merch,1031,2140,124.6,1,1,1.000000,1
astar-dial-bfs,with_roads,pls_buy_cucats_merch,493,103,825.2,1,1,1.000000,1
astar-dial-bfs,with_roads,pls_buy_cucats_merch,1289,1162,948.4,1,1,1.000000,1
astar-dial-bfs,with_roads,pls_buy_cucats_merch,1069,627,738.5,1,1,1.000000,1
astar-dial-bfs,with_roads,pls_buy_cucats_merch,450,384,981.9,1,1,1.000000,1
astar-dial-bfs,with_roads,pls_buy_cucats_merch,2020,135,1089.7,1,1,1.000000,1
astar-dial-bfs,with_roads,pls_buy_cucats_merch,124,411,758.6,1,1,1.000000,1
astar-dial-bfs,with_roads,pls_buy_cucats_merch,1024,1109,800.3,1,1,1.000000,1
astar-dial-bfs,with_roads,pls_buy_cucats_merch,2389,109,1660.0,1,1,1.000000,1
astar-dial-bfs,with_roads,pls_buy_cucats_merch,927,2010,1589.6,1,1,1.000000,1
astar-dial-bfs,with_roads,pls_buy_cucats_merch,1031,2140,1147.2,1,1,1.000000,1
astar-dial-apsp,no_roads,rush_bait,1071,153,339.7,1,1,1.000000,1
astar-dial-apsp,no_roads,rush_bait,27,1215,89.6,1,1,1.000000,1
astar-dial-apsp,no_roads,rush_bait,450,373,43.8,1,1,1.000000,1
astar-dial-apsp,no_roads,rush_bait,334,200,26.4,1,1,1.000000,1
astar-dial-apsp,no_roads,rush_bait,1210,133,84.4,1,1,1.000000,1
astar-dial-apsp,no_roads,rush_bait,1139,1214,19.5,1,1,1.000000,1
astar-dial-apsp,no_roads,rush_bait,919,105,81.7,1,1,1.000000,1
astar-dial-apsp,no_roads,rush_bait,990,664,59.0,1,1,1.000000,1
astar-dial-apsp,no_roads,rush_bait,34,32,12.6,1,1,1.000000,1
astar-dial-apsp,no_roads,rush_bait,118,323,54.3,1,1,1.000000,1
astar-dial-bfs,no_roads,rush_bait,1071,153,666.8,1,1,1.000000,1
astar-dial-bfs,no_roads,rush_bait,27,1215,420.7,1,1,1.000000,1
astar-dial-bfs,no_roads,rush_bait,450,373,331.7,1,1,1.000000,1
astar-dial-bfs,no_roads,rush_bait,334,200,293.8,1,1,1.000000,1
astar-dial-bfs,no_roads,rush_bait,1210,133,448.9,1,1,1.000000,1
astar-dial-bfs,no_roads,rush_bait,1139,1214,260.8,1,1,1.000000,1
astar-dial-bfs,no_roads,rush_bait,919,105,412.7,1,1,1.000000,1
astar-dial-bfs,no_roads,rush_bait,990,664,446.0,1,1,1.000000,1
astar-dial-bfs,no_roads,rush_bait,34,32,245.8,1,1,1.000000,1
astar-dial-bfs,no_roads,rush_bait,118,323,380.6,1,1,1.000000,1
astar-dial-apsp,with_roads,rush_bait,1071,153,142.9,1,1,1.000000,1
astar-dial-apsp,with_roads,rush_bait,27,1215,62.6,1,1,1.000000,1
astar-dial-apsp,with_roads,rush_bait,450,373,43.0,1,1,1.000000,1
astar-dial-apsp,with_roads,rush_bait,334,200,20.7,1,1,1.000000,1
astar-dial-apsp,with_roads,rush_bait,1210,133,61.9,1,1,1.000000,1
astar-dial-apsp,with_roads,rush_bait,1139,1214,20.4,1,1,1.000000,1
astar-dial-apsp,with_roads,rush_bait,919,105,67.3,1,1,1.000000,1
astar-dial-apsp,with_roads,rush_bait,990,664,52.0,1,1,1.000000,1
astar-dial-apsp,with_roads,rush_bait,34,32,12.5,1,1,1.000000,1
astar-dial-apsp,with_roads,rush_bait,118,323,42.2,1,1,1.000000,1
astar-dial-bfs,with_roads,rush_bait,1071,153,583.5,1,1,1.000000,1
astar-dial-bfs,with_roads,rush_bait,27,1215,417.5,1,1,1.000000,1
astar-dial-bfs,with_roads,rush_bait,450,373,348.5,1,1,1.000000,1
astar-dial-bfs,with_roads,rush_bait,334,200,273.2,1,1,1.000000,1
astar-dial-bfs,with_roads,rush_bait,1210,133,511.6,1,1,1.000000,1
astar-dial-bfs,with_roads,rush_bait,1139,1214,288.0,1,1,1.000000,1
astar-dial-bfs,with_roads,rush_bait,919,105,484.1,1,1,1.000000,1
astar-dial-bfs,with_roads,rush_bait,990,664,513.9,1,1,1.000000,1
astar-dial-bfs,with_roads,rush_bait,34,32,253.1,1,1,1.000000,1
astar-dial-bfs,with_roads,rush_bait,118,323,339.5,1,1,1.000000,1
astar-dial-apsp,no_roads,settlement,1543,260,331.9,1,1,1.000000,1
astar-dial-apsp,no_roads,settlement,57,1798,122.8,1,1,1.000000,1
astar-dial-apsp,no_roads,settlement,664,592,160.8,1,1,1.000000,1
astar-dial-apsp,no_roads,settlement,536,340,18.6,1,1,1.000000,1
astar-dial-apsp,no_roads,settlement,1786,237,172.2,1,1,1.000000,1
astar-dial-apsp,no_roads,settlement,1624,1796,73.0,1,1,1.000000,1
astar-dial-apsp,no_roads,settlement,1323,200,92.2,1,1,1.000000,1
astar-dial-apsp,no_roads,settlement,1429,1033,26.0,1,1,1.000000,1
astar-dial-apsp,no_roads,settlement,73,69,21.6,1,1,1.000000,1
astar-dial-apsp,no_roads,settlement,215,524,28.9,1,1,1.000000,1
astar-dial-bfs,no_roads,settlement,1543,260,1220.0,1,1,1.000000,1
astar-dial-bfs,no_roads,settlement,57,1798,1161.2,1,1,1.000000,1
astar-dial-bfs,no_roads,settlement,664,592,960.0,1,1,1.000000,1
astar-dial-bfs,no_roads,settlement,536,340,547.1,1,1,1.000000,1
astar-dial-bfs,no_roads,settlement,1786,237,954.9,1,1,1.000000,1
astar-dial-bfs,no_roads,settlement,1624,1796,699.7,1,1,1.000000,1
astar-dial-bfs,no_roads,settlement,1323,200,1472.9,1,1,1.000000,1
astar-dial-bfs,no_roads,settlement,1429,1033,852.3,1,1,1.000000,1
astar-dial-bfs,no_roads,settlement,73,69,568.6,1,1,1.000000,1
astar-dial-bfs,no_roads,settlement,215,524,611.5,1,1,1.000000,1
astar-dial-apsp,with_roads,settlement,1543,260,174.6,1,1,1.000000,1
astar-dial-apsp,with_roads,settlement,57,1798,117.4,1,1,1.000000,1
astar-dial-apsp,with_roads,settlement,664,592,65.2,1,1,1.000000,1
astar-dial-apsp,with_roads,settlement,536,340,18.9,1,1,1.000000,1
astar-dial-apsp,with_roads,settlement,1786,237,209.9,1,1,1.000000,1
astar-dial-apsp,with_roads,settlement,1624,1796,79.3,1,1,1.000000,1
astar-dial-apsp,with_roads,settlement,1323,200,103.3,1,1,1.000000,1
astar-dial-apsp,with_roads,settlement,1429,1033,26.1,1,1,1.000000,1
astar-dial-apsp,with_roads,settlement,73,69,15.5,1,1,1.000000,1
astar-dial-apsp,with_roads,settlement,215,524,30.5,1,1,1.000000,1
astar-dial-bfs,with_roads,settlement,1543,260,1288.0,1,1,1.000000,1
astar-dial-bfs,with_roads,settlement,57,1798,1022.6,1,1,1.000000,1
astar-dial-bfs,with_roads,settlement,664,592,936.6,1,1,1.000000,1
astar-dial-bfs,with_roads,settlement,536,340,551.9,1,1,1.000000,1
astar-dial-bfs,with_roads,settlement,1786,237,1077.5,1,1,1.000000,1
astar-dial-bfs,with_roads,settlement,1624,1796,722.0,1,1,1.000000,1
astar-dial-bfs,with_roads,settlement,1323,200,946.1,1,1,1.000000,1
astar-dial-bfs,with_roads,settlement,1429,1033,599.7,1,1,1.000000,1
astar-dial-bfs,with_roads,settlement,73,69,606.8,1,1,1.000000,1
astar-dial-bfs,with_roads,settlement,215,524,604.0,1,1,1.000000,1
astar-dial-apsp,no_roads,shish_kebab,391,62,135.2,1,1,1.000000,1
astar-dial-apsp,no_roads,shish_kebab,12,165,25.2,1,1,1.000000,1
astar-dial-apsp,no_roads,shish_kebab,147,135,15.1,1,1,1.000000,1
astar-dial-apsp,no_roads,shish_kebab,80,57,57.6,1,1,1.000000,1
astar-dial-apsp,no_roads,shish_kebab,338,47,37.3,1,1,1.000000,1
astar-dial-apsp,no_roads,shish_kebab,365,259,60.0,1,1,1.000000,1
astar-dial-apsp,no_roads,shish_kebab,16,15,8.7,1,1,1.000000,1
astar-dial-apsp,no_roads,shish_kebab,50,127,13.5,1,1,1.000000,1
astar-dial-apsp,no_roads,shish_kebab,140,313,28.2,1,1,1.000000,1
astar-dial-apsp,no_roads,shish_kebab,372,13,70.6,1,1,1.000000,1
astar-dial-bfs,no_roads,shish_kebab,391,62,251.1,1,1,1.000000,1
astar-dial-bfs,no_roads,shish_kebab,12,165,166.0,1,1,1.000000,1
astar-dial-bfs,no_roads,shish_kebab,147,135,154.4,1,1,1.000000,1
astar-dial-bfs,no_roads,shish_kebab,80,57,229.5,1,1,1.000000,1
astar-dial-bfs,no_roads,shish_kebab,338,47,221.8,1,1,1.000000,1
astar-dial-bfs,no_roads,shish_kebab,365,259,205.6,1,1,1.000000,1
astar-dial-bfs,no_roads,shish_kebab,16,15,113.7,1,1,1.000000,1
astar-dial-bfs,no_roads,shish_kebab,50,127,130.5,1,1,1.000000,1
astar-dial-bfs,no_roads,shish_kebab,140,313,215.7,1,1,1.000000,1
astar-dial-bfs,no_roads,shish_kebab,372,13,254.6,1,1,1.000000,1
astar-dial-apsp,with_roads,shish_kebab,391,62,63.5,1,1,1.000000,1
astar-dial-apsp,with_roads,shish_kebab,12,165,21.8,1,1,1.000000,1
astar-dial-apsp,with_roads,shish_kebab,147,135,14.3,1,1,1.000000,1
astar-dial-apsp,with_roads,shish_kebab,80,57,26.1,1,1,1.000000,1
astar-dial-apsp,with_roads,shish_kebab,338,47,32.0,1,1,1.000000,1
astar-dial-apsp,with_roads,shish_kebab,365,259,38.0,1,1,1.000000,1
astar-dial-apsp,with_roads,shish_kebab,16,15,7.5,1,1,1.000000,1
astar-dial-apsp,with_roads,shish_kebab,50,127,12.1,1,1,1.000000,1
astar-dial-apsp,with_roads,shish_kebab,140,313,21.0,1,1,1.000000,1
astar-dial-apsp,with_roads,shish_kebab,372,13,32.3,1,1,1.000000,1
astar-dial-bfs,with_roads,shish_kebab,391,62,160.1,1,1,1.000000,1
astar-dial-bfs,with_roads,shish_kebab,12,165,169.7,1,1,1.000000,1
astar-dial-bfs,with_roads,shish_kebab,147,135,155.3,1,1,1.000000,1
astar-dial-bfs,with_roads,shish_kebab,80,57,161.7,1,1,1.000000,1
astar-dial-bfs,with_roads,shish_kebab,338,47,259.5,1,1,1.000000,1
astar-dial-bfs,with_roads,shish_kebab,365,259,190.7,1,1,1.000000,1
astar-dial-bfs,with_roads,shish_kebab,16,15,121.0,1,1,1.000000,1
astar-dial-bfs,with_roads,shish_kebab,50,127,131.0,1,1,1.000000,1
astar-dial-bfs,with_roads,shish_kebab,140,313,141.3,1,1,1.000000,1
astar-dial-bfs,with_roads,shish_kebab,372,13,228.8,1,1,1.000000,1
astar-dial-apsp,no_roads,shrub,128,27,87.5,1,1,1.000000,1
astar-dial-apsp,no_roads,shrub,395,346,42.6,1,1,1.000000,1
astar-dial-apsp,no_roads,shrub,312,171,32.0,1,1,1.000000,1
astar-dial-apsp,no_roads,shrub,115,810,62.7,1,1,1.000000,1
astar-dial-apsp,no_roads,shrub,96,866,62.7,1,1,1.000000,1
astar-dial-apsp,no_roads,shrub,640,34,33.4,1,1,1.000000,1
astar-dial-apsp,no_roads,shrub,32,104,30.9,1,1,1.000000,1
astar-dial-apsp,no_roads,shrub,301,328,56.6,1,1,1.000000,1
astar-dial-apsp,no_roads,shrub,760,878,15.2,1,1,1.000000,1
astar-dial-apsp,no_roads,shrub,29,829,44.0,1,1,1.000000,1
astar-dial-bfs,no_roads,shrub,128,27,314.5,1,1,1.000000,1
astar-dial-bfs,no_roads,shrub,395,346,256.5,1,1,1.000000,1
astar-dial-bfs,no_roads,shrub,312,171,272.8,1,1,1.000000,1
astar-dial-bfs,no_roads,shrub,115,810,380.3,1,1,1.000000,1
astar-dial-bfs,no_roads,shrub,96,866,360.7,1,1,1.000000,1
astar-dial-bfs,no_roads,shrub,640,34,320.6,1,1,1.000000,1
astar-dial-bfs,no_roads,shrub,32,104,252.6,1,1,1.000000,1
astar-dial-bfs,no_roads,shrub,301,328,446.9,1,1,1.000000,1
astar-dial-bfs,no_roads,shrub,760,878,207.7,1,1,1.000000,1
astar-dial-bfs,no_roads,shrub,29,829,337.4,1,1,1.000000,1
astar-dial-apsp,with_roads,shrub,128,27,82.6,1,1,1.000000,1
astar-dial-apsp,with_roads,shrub,395,346,27.2,1,1,1.000000,1
astar-dial-apsp,with_roads,shrub,312,171,31.0,1,1,1.000000,1
astar-dial-apsp,with_roads,shrub,115,810,49.9,1,1,1.000000,1
astar-dial-apsp,with_roads,shrub,96,866,55.4,1,1,1.000000,1
astar-dial-apsp,with_roads,shrub,640,34,28.2,1,1,1.000000,1
astar-dial-apsp,with_roads,shrub,32,104,32.4,1,1,1.000000,1
astar-dial-apsp,with_roads,shrub,301,328,44.2,1,1,1.000000,1
astar-dial-apsp,with_roads,shrub,760,878,14.7,1,1,1.000000,1
astar-dial-apsp,with_roads,shrub,29,829,43.2,1,1,1.000000,1
astar-dial-bfs,with_roads,shrub,128,27,300.0,1,1,1.000000,1
astar-dial-bfs,with_roads,shrub,395,346,234.5,1,1,1.000000,1
astar-dial-bfs,with_roads,shrub,312,171,264.9,1,1,1.000000,1
astar-dial-bfs,with_roads,shrub,115,810,404.3,1,1,1.000000,1
astar-dial-bfs,with_roads,shrub,96,866,380.0,1,1,1.000000,1
astar-dial-bfs,with_roads,shrub,640,34,275.7,1,1,1.000000,1
astar-dial-bfs,with_roads,shrub,32,104,251.4,1,1,1.000000,1
astar-dial-bfs,with_roads,shrub,301,328,359.2,1,1,1.000000,1
astar-dial-bfs,with_roads,shrub,760,878,209.4,1,1,1.000000,1
astar-dial-bfs,with_roads,shrub,29,829,338.4,1,1,1.000000,1
astar-dial-apsp,no_roads,sierpinski_evil,920,124,59.9,0,,,
astar-dial-apsp,no_roads,sierpinski_evil,26,332,57.5,1,1,1.000000,1
astar-dial-apsp,no_roads,sierpinski_evil,290,258,12.1,1,1,1.000000,1
astar-dial-apsp,no_roads,sierpinski_evil,155,114,71.6,1,1,1.000000,1
astar-dial-apsp,no_roads,sierpinski_evil,715,95,101.2,1,1,1.000000,1
astar-dial-apsp,no_roads,sierpinski_evil,802,541,39.6,1,1,1.000000,1
astar-dial-apsp,no_roads,sierpinski_evil,33,31,13.4,1,1,1.000000,1
astar-dial-apsp,no_roads,sierpinski_evil,101,253,17.9,1,1,1.000000,1
astar-dial-apsp,no_roads,sierpinski_evil,277,660,44.2,1,1,1.000000,1
astar-dial-apsp,no_roads,sierpinski_evil,824,28,74.7,1,1,1.000000,1
astar-dial-bfs,no_roads,sierpinski_evil,920,124,16.8,0,,,
astar-dial-bfs,no_roads,sierpinski_evil,26,332,301.5,1,1,1.000000,1
astar-dial-bfs,no_roads,sierpinski_evil,290,258,217.1,1,1,1.000000,1
astar-dial-bfs,no_roads,sierpinski_evil,155,114,371.8,1,1,1.000000,1
astar-dial-bfs,no_roads,sierpinski_evil,715,95,324.8,1,1,1.000000,1
astar-dial-bfs,no_roads,sierpinski_evil,802,541,305.6,1,1,1.000000,1
astar-dial-bfs,no_roads,sierpinski_evil,33,31,201.2,1,1,1.000000,1
astar-dial-bfs,no_roads,sierpinski_evil,101,253,227.9,1,1,1.000000,1
astar-dial-bfs,no_roads,sierpinski_evil,277,660,324.4,1,1,1.000000,1
astar-dial-bfs,no_roads,sierpinski_evil,824,28,367.8,1,1,1.000000,1
astar-dial-apsp,with_roads,sierpinski_evil,920,124,62.3,0,,,
astar-dial-apsp,with_roads,sierpinski_evil,26,332,56.0,1,1,1.000000,1
astar-dial-apsp,with_roads,sierpinski_evil,290,258,12.2,1,1,1.000000,1
astar-dial-apsp,with_roads,sierpinski_evil,155,114,39.3,1,1,1.000000,1
astar-dial-apsp,with_roads,sierpinski_evil,715,95,36.4,1,1,1.000000,1
astar-dial-apsp,with_roads,sierpinski_evil,802,541,26.5,1,1,1.000000,1
astar-dial-apsp,with_roads,sierpinski_evil,33,31,16.6,1,1,1.000000,1
astar-dial-apsp,with_roads,sierpinski_evil,101,253,20.4,1,1,1.000000,1
astar-dial-apsp,with_roads,sierpinski_evil,277,660,34.0,1,1,1.000000,1
astar-dial-apsp,with_roads,sierpinski_evil,824,28,83.1,1,1,1.000000,1
astar-dial-bfs,with_roads,sierpinski_evil,920,124,15.6,0,,,
astar-dial-bfs,with_roads,sierpinski_evil,26,332,307.0,1,1,1.000000,1
astar-dial-bfs,with_roads,sierpinski_evil,290,258,212.1,1,1,1.000000,1
astar-dial-bfs,with_roads,sierpinski_evil,155,114,342.7,1,1,1.000000,1
astar-dial-bfs,with_roads,sierpinski_evil,715,95,268.9,1,1,1.000000,1
astar-dial-bfs,with_roads,sierpinski_evil,802,541,254.8,1,1,1.000000,1
astar-dial-bfs,with_roads,sierpinski_evil,33,31,208.9,1,1,1.000000,1
astar-dial-bfs,with_roads,sierpinski_evil,101,253,230.9,1,1,1.000000,1
astar-dial-bfs,with_roads,sierpinski_evil,277,660,300.9,1,1,1.000000,1
astar-dial-bfs,with_roads,sierpinski_evil,824,28,332.6,1,1,1.000000,1
astar-dial-apsp,no_roads,socket,167,35,103.5,1,1,1.000000,1
astar-dial-apsp,no_roads,socket,433,387,26.0,1,1,1.000000,1
astar-dial-apsp,no_roads,socket,354,225,37.9,1,1,1.000000,1
astar-dial-apsp,no_roads,socket,157,886,78.3,1,1,1.000000,1
astar-dial-apsp,no_roads,socket,140,958,117.3,1,1,1.000000,1
astar-dial-apsp,no_roads,socket,702,45,103.0,1,1,1.000000,1
astar-dial-apsp,no_roads,socket,43,147,16.3,1,1,1.000000,1
astar-dial-apsp,no_roads,socket,347,372,69.0,1,1,1.000000,1
astar-dial-apsp,no_roads,socket,814,979,40.1,1,1,1.000000,1
astar-dial-apsp,no_roads,socket,38,906,84.4,1,1,1.000000,1
astar-dial-bfs,no_roads,socket,167,35,368.5,1,1,1.000000,1
astar-dial-bfs,no_roads,socket,433,387,219.8,1,1,1.000000,1
astar-dial-bfs,no_roads,socket,354,225,307.2,1,1,1.000000,1
astar-dial-bfs,no_roads,socket,157,886,394.5,1,1,1.000000,1
astar-dial-bfs,no_roads,socket,140,958,400.9,1,1,1.000000,1
astar-dial-bfs,no_roads,socket,702,45,482.8,1,1,1.000000,1
astar-dial-bfs,no_roads,socket,43,147,215.2,1,1,1.000000,1
astar-dial-bfs,no_roads,socket,347,372,321.9,1,1,1.000000,1
astar-dial-bfs,no_roads,socket,814,979,317.3,1,1,1.000000,1
astar-dial-bfs,no_roads,socket,38,906,412.2,1,1,1.000000,1
astar-dial-apsp,with_roads,socket,167,35,85.4,1,1,1.000000,1
astar-dial-apsp,with_roads,socket,433,387,20.9,1,1,1.000000,1
astar-dial-apsp,with_roads,socket,354,225,32.2,1,1,1.000000,1
astar-dial-apsp,with_roads,socket,157,886,53.0,1,1,1.000000,1
astar-dial-apsp,with_roads,socket,140,958,60.1,1,1,1.000000,1
astar-dial-apsp,with_roads,socket,702,45,56.4,1,1,1.000000,1
astar-dial-apsp,with_roads,socket,43,147,14.9,1,1,1.000000,1
astar-dial-apsp,with_roads,socket,347,372,29.5,1,1,1.000000,1
astar-dial-apsp,with_roads,socket,814,979,34.5,1,1,1.000000,1
astar-dial-apsp,with_roads,socket,38,906,52.7,1,1,1.000000,1
astar-dial-bfs,with_roads,socket,167,35,275.1,1,1,1.000000,1
astar-dial-bfs,with_roads,socket,433,387,225.6,1,1,1.000000,1
astar-dial-bfs,with_roads,socket,354,225,258.8,1,1,1.000000,1
astar-dial-bfs,with_roads,socket,157,886,261.6,1,1,1.000000,1
astar-dial-bfs,with_roads,socket,140,958,300.7,1,1,1.000000,1
astar-dial-bfs,with_roads,socket,702,45,316.1,1,1,1.000000,1
astar-dial-bfs,with_roads,socket,43,147,199.4,1,1,1.000000,1
astar-dial-bfs,with_roads,socket,347,372,237.8,1,1,1.000000,1
astar-dial-bfs,with_roads,socket,814,979,233.5,1,1,1.000000,1
astar-dial-bfs,with_roads,socket,38,906,339.1,1,1,1.000000,1
astar-dial-apsp,no_roads,starry_night,1550,251,174.1,1,1,1.000000,1
astar-dial-apsp,no_roads,starry_night,54,1815,225.7,1,1,1.000000,1
astar-dial-apsp,no_roads,starry_night,676,592,83.1,1,1,1.000000,1
astar-dial-apsp,no_roads,starry_night,542,319,98.4,1,1,1.000000,1
astar-dial-apsp,no_roads,starry_night,1805,230,937.9,0,,,
astar-dial-apsp,no_roads,starry_night,1651,1813,45.0,1,1,1.000000,1
astar-dial-apsp,no_roads,starry_night,1315,194,70.8,1,1,1.000000,1
astar-dial-apsp,no_roads,starry_night,1433,1024,34.3,1,1,1.000000,1
astar-dial-apsp,no_roads,starry_night,69,65,19.9,1,1,1.000000,1
astar-dial-apsp,no_roads,starry_night,208,530,78.2,1,1,1.000000,1
astar-dial-bfs,no_roads,starry_night,1550,251,815.9,1,1,1.000000,1
astar-dial-bfs,no_roads,starry_night,54,1815,1084.1,1,1,1.000000,1
astar-dial-bfs,no_roads,starry_night,676,592,747.3,1,1,1.000000,1
astar-dial-bfs,no_roads,starry_night,542,319,828.7,1,1,1.000000,1
astar-dial-bfs,no_roads,starry_night,1805,230,545.0,0,,,
astar-dial-bfs,no_roads,starry_night,1651,1813,688.8,1,1,1.000000,1
astar-dial-bfs,no_roads,starry_night,1315,194,858.0,1,1,1.000000,1
astar-dial-bfs,no_roads,starry_night,1433,1024,643.4,1,1,1.000000,1
astar-dial-bfs,no_roads,starry_night,69,65,545.1,1,1,1.000000,1
astar-dial-bfs,no_roads,starry_night,208,530,912.6,1,1,1.000000,1
astar-dial-apsp,with_roads,starry_night,1550,251,155.3,1,1,1.000000,1
astar-dial-apsp,with_roads,starry_night,54,1815,206.9,1,1,1.000000,1
astar-dial-apsp,with_roads,starry_night,676,592,77.1,1,1,1.000000,1
astar-dial-apsp,with_roads,starry_night,542,319,93.1,1,1,1.000000,1
astar-dial-apsp,with_roads,starry_night,1805,230,924.9,0,,,
astar-dial-apsp,with_roads,starry_night,1651,1813,45.7,1,1,1.000000,1
astar-dial-apsp,with_roads,starry_night,1315,194,72.7,1,1,1.000000,1
astar-dial-apsp,with_roads,starry_night,1433,1024,33.5,1,1,1.000000,1
astar-dial-apsp,with_roads,starry_night,69,65,16.5,1,1,1.000000,1
astar-dial-apsp,with_roads,starry_night,208,530,35.5,1,1,1.000000,1
astar-dial-bfs,with_roads,starry_night,1550,251,807.6,1,1,1.000000,1
astar-dial-bfs,with_roads,starry_night,54,1815,1063.1,1,1,1.000000,1
astar-dial-bfs,with_roads,starry_night,676,592,734.6,1,1,1.000000,1
astar-dial-bfs,with_roads,starry_night,542,319,826.1,1,1,1.000000,1
astar-dial-bfs,with_roads,starry_night,1805,230,542.9,0,,,
astar-dial-bfs,with_roads,starry_night,1651,1813,634.7,1,1,1.000000,1
astar-dial-bfs,with_roads,starry_night,1315,194,844.7,1,1,1.000000,1
astar-dial-bfs,with_roads,starry_night,1433,1024,640.6,1,1,1.000000,1
astar-dial-bfs,with_roads,starry_night,69,65,571.8,1,1,1.000000,1
astar-dial-bfs,with_roads,starry_night,208,530,841.8,1,1,1.000000,1
astar-dial-apsp,no_roads,strings,985,131,162.3,1,1,1.000000,1
astar-dial-apsp,no_roads,strings,25,1130,93.6,1,1,1.000000,1
astar-dial-apsp,no_roads,strings,381,335,45.9,1,1,1.000000,1
astar-dial-apsp,no_roads,strings,293,175,37.5,1,1,1.000000,1
astar-dial-apsp,no_roads,strings,1125,120,51.1,1,1,1.000000,1
astar-dial-apsp,no_roads,strings,1035,1129,45.6,1,1,1.000000,1
astar-dial-apsp,no_roads,strings,837,97,39.2,1,1,1.000000,1
astar-dial-apsp,no_roads,strings,908,627,24.9,1,1,1.000000,1
astar-dial-apsp,no_roads,strings,37,35,14.2,1,1,1.000000,1
astar-dial-apsp,no_roads,strings,105,285,76.8,1,1,1.000000,1
astar-dial-bfs,no_roads,strings,985,131,503.1,1,1,1.000000,1
astar-dial-bfs,no_roads,strings,25,1130,527.5,1,1,1.000000,1
astar-dial-bfs,no_roads,strings,381,335,353.3,1,1,1.000000,1
astar-dial-bfs,no_roads,strings,293,175,296.3,1,1,1.000000,1
astar-dial-bfs,no_roads,strings,1125,120,446.2,1,1,1.000000,1
astar-dial-bfs,no_roads,strings,1035,1129,296.1,1,1,1.000000,1
astar-dial-bfs,no_roads,strings,837,97,337.6,1,1,1.000000,1
astar-dial-bfs,no_roads,strings,908,627,264.5,1,1,1.000000,1
astar-dial-bfs,no_roads,strings,37,35,239.1,1,1,1.000000,1
astar-dial-bfs,no_roads,strings,105,285,356.2,1,1,1.000000,1
astar-dial-apsp,with_roads,strings,985,131,123.1,1,1,1.000000,1
astar-dial-apsp,with_roads,strings,25,1130,74.4,1,1,1.000000,1
astar-dial-apsp,with_roads,strings,381,335,38.2,1,1,1.000000,1
astar-dial-apsp,with_roads,strings,293,175,30.3,1,1,1.000000,1
astar-dial-apsp,with_roads,strings,1125,120,49.4,1,1,1.000000,1
astar-dial-apsp,with_roads,strings,1035,1129,37.7,1,1,1.000000,1
astar-dial-apsp,with_roads,strings,837,97,36.3,1,1,1.000000,1
astar-dial-apsp,with_roads,strings,908,627,22.5,1,1,1.000000,1
astar-dial-apsp,with_roads,strings,37,35,13.2,1,1,1.000000,1
astar-dial-apsp,with_roads,strings,105,285,35.6,1,1,1.000000,1
astar-dial-bfs,with_roads,strings,985,131,521.0,1,1,1.000000,1
astar-dial-bfs,with_roads,strings,25,1130,431.4,1,1,1.000000,1
astar-dial-bfs,with_roads,strings,381,335,286.5,1,1,1.000000,1
astar-dial-bfs,with_roads,strings,293,175,303.1,1,1,1.000000,1
astar-dial-bfs,with_roads,strings,1125,120,547.7,1,1,1.000000,1
astar-dial-bfs,with_roads,strings,1035,1129,302.0,1,1,1.000000,1
astar-dial-bfs,with_roads,strings,837,97,326.5,1,1,1.000000,1
astar-dial-bfs,with_roads,strings,908,627,267.6,1,1,1.000000,1
astar-dial-bfs,with_roads,strings,37,35,235.3,1,1,1.000000,1
astar-dial-bfs,with_roads,strings,105,285,340.0,1,1,1.000000,1
astar-dial-apsp,no_roads,the_great_divide,1838,274,349.5,1,1,1.000000,1
astar-dial-apsp,no_roads,the_great_divide,54,2143,314.0,1,1,1.000000,1
astar-dial-apsp,no_roads,the_great_divide,758,680,120.4,1,1,1.000000,1
astar-dial-apsp,no_roads,the_great_divide,610,356,25.3,1,1,1.000000,1
astar-dial-apsp,no_roads,the_great_divide,2128,244,258.0,1,1,1.000000,1
astar-dial-apsp,no_roads,the_great_divide,1943,2138,19.2,1,1,1.000000,1
astar-dial-apsp,no_roads,the_great_divide,1558,203,131.4,1,1,1.000000,1
astar-dial-apsp,no_roads,the_great_divide,1700,1202,32.8,1,1,1.000000,1
astar-dial-apsp,no_roads,the_great_divide,68,64,20.3,1,1,1.000000,1
astar-dial-apsp,no_roads,the_great_divide,222,597,72.3,1,1,1.000000,1
astar-dial-bfs,no_roads,the_great_divide,1838,274,1210.6,1,1,1.000000,1
astar-dial-bfs,no_roads,the_great_divide,54,2143,1455.2,1,1,1.000000,1
astar-dial-bfs,no_roads,the_great_divide,758,680,957.2,1,1,1.000000,1
astar-dial-bfs,no_roads,the_great_divide,610,356,613.8,1,1,1.000000,1
astar-dial-bfs,no_roads,the_great_divide,2128,244,1052.0,1,1,1.000000,1
astar-dial-bfs,no_roads,the_great_divide,1943,2138,625.7,1,1,1.000000,1
astar-dial-bfs,no_roads,the_great_divide,1558,203,827.6,1,1,1.000000,1
astar-dial-bfs,no_roads,the_great_divide,1700,1202,658.5,1,1,1.000000,1
astar-dial-bfs,no_roads,the_great_divide,68,64,586.8,1,1,1.000000,1
astar-dial-bfs,no_roads,the_great_divide,222,597,826.8,1,1,1.000000,1
astar-dial-apsp,with_roads,the_great_divide,1838,274,160.8,1,1,1.000000,1
astar-dial-apsp,with_roads,the_great_divide,54,2143,119.8,1,1,1.000000,1
astar-dial-apsp,with_roads,the_great_divide,758,680,64.3,1,1,1.000000,1
astar-dial-apsp,with_roads,the_great_divide,610,356,24.7,1,1,1.000000,1
astar-dial-apsp,with_roads,the_great_divide,2128,244,110.9,1,1,1.000000,1
astar-dial-apsp,with_roads,the_great_divide,1943,2138,18.8,1,1,1.000000,1
astar-dial-apsp,with_roads,the_great_divide,1558,203,49.9,1,1,1.000000,1
astar-dial-apsp,with_roads,the_great_divide,1700,1202,22.8,1,1,1.000000,1
astar-dial-apsp,with_roads,the_great_divide,68,64,16.8,1,1,1.000000,1
astar-dial-apsp,with_roads,the_great_divide,222,597,38.1,1,1,1.000000,1
astar-dial-bfs,with_roads,the_great_divide,1838,274,873.0,1,1,1.000000,1
astar-dial-bfs,with_roads,the_great_divide,54,2143,804.8,1,1,1.000000,1
astar-dial-bfs,with_roads,the_great_divide,758,680,877.9,1,1,1.000000,1
astar-dial-bfs,with_roads,the_great_divide,610,356,603.3,1,1,1.000000,1
astar-dial-bfs,with_roads,the_great_divide,2128,244,1012.4,1,1,1.000000,1
astar-dial-bfs,with_roads,the_great_divide,1943,2138,594.1,1,1,1.000000,1
astar-dial-bfs,with_roads,the_great_divide,1558,203,838.3,1,1,1.000000,1
astar-dial-bfs,with_roads,the_great_divide,1700,1202,616.2,1,1,1.000000,1
astar-dial-bfs,with_roads,the_great_divide,68,64,573.0,1,1,1.000000,1
astar-dial-bfs,with_roads,the_great_divide,222,597,702.8,1,1,1.000000,1
astar-dial-apsp,no_roads,thread_of_connection,61,13,108.6,1,1,1.000000,1
astar-dial-apsp,no_roads,thread_of_connection,181,161,12.0,1,1,1.000000,1
astar-dial-apsp,no_roads,thread_of_connection,139,80,41.9,1,1,1.000000,1
astar-dial-apsp,no_roads,thread_of_connection,56,374,35.7,1,1,1.000000,1
astar-dial-apsp,no_roads,thread_of_connection,47,398,28.6,1,1,1.000000,1
astar-dial-apsp,no_roads,thread_of_connection,299,17,30.9,1,1,1.000000,1
astar-dial-apsp,no_roads,thread_of_connection,16,50,42.6,1,1,1.000000,1
astar-dial-apsp,no_roads,thread_of_connection,134,147,27.8,1,1,1.000000,1
astar-dial-apsp,no_roads,thread_of_connection,351,14,40.0,1,1,1.000000,1
astar-dial-apsp,no_roads,thread_of_connection,382,118,61.8,1,1,1.000000,1
astar-dial-bfs,no_roads,thread_of_connection,61,13,217.3,1,1,1.000000,1
astar-dial-bfs,no_roads,thread_of_connection,181,161,103.6,1,1,1.000000,1
astar-dial-bfs,no_roads,thread_of_connection,139,80,236.9,1,1,1.000000,1
astar-dial-bfs,no_roads,thread_of_connection,56,374,161.1,1,1,1.000000,1
astar-dial-bfs,no_roads,thread_of_connection,47,398,157.2,1,1,1.000000,1
astar-dial-bfs,no_roads,thread_of_connection,299,17,144.4,1,1,1.000000,1
astar-dial-bfs,no_roads,thread_of_connection,16,50,215.5,1,1,1.000000,1
astar-dial-bfs,no_roads,thread_of_connection,134,147,192.2,1,1,1.000000,1
astar-dial-bfs,no_roads,thread_of_connection,351,14,153.9,1,1,1.000000,1
astar-dial-bfs,no_roads,thread_of_connection,382,118,239.8,1,1,1.000000,1
astar-dial-apsp,with_roads,thread_of_connection,61,13,88.8,1,1,1.000000,1
astar-dial-apsp,with_roads,thread_of_connection,181,161,10.7,1,1,1.000000,1
astar-dial-apsp,with_roads,thread_of_connection,139,80,40.0,1,1,1.000000,1
astar-dial-apsp,with_roads,thread_of_connection,56,374,38.9,1,1,1.000000,1
astar-dial-apsp,with_roads,thread_of_connection,47,398,26.8,1,1,1.000000,1
astar-dial-apsp,with_roads,thread_of_connection,299,17,28.9,1,1,1.000000,1
astar-dial-apsp,with_roads,thread_of_connection,16,50,42.0,1,1,1.000000,1
astar-dial-apsp,with_roads,thread_of_connection,134,147,26.8,1,1,1.000000,1
astar-dial-apsp,with_roads,thread_of_connection,351,14,38.1,1,1,1.000000,1
astar-dial-apsp,with_roads,thread_of_connection,382,118,59.4,1,1,1.000000,1
astar-dial-bfs,with_roads,thread_of_connection,61,13,213.8,1,1,1.000000,1
astar-dial-bfs,with_roads,thread_of_connection,181,161,102.0,1,1,1.000000,1
astar-dial-bfs,with_roads,thread_of_connection,139,80,231.6,1,1,1.000000,1
astar-dial-bfs,with_roads,thread_of_connection,56,374,162.7,1,1,1.000000,1
astar-dial-bfs,with_roads,thread_of_connection,47,398,161.0,1,1,1.000000,1
astar-dial-bfs,with_roads,thread_of_connection,299,17,145.2,1,1,1.000000,1
astar-dial-bfs,with_roads,thread_of_connection,16,50,216.6,1,1,1.000000,1
astar-dial-bfs,with_roads,thread_of_connection,134,147,189.6,1,1,1.000000,1
astar-dial-bfs,with_roads,thread_of_connection,351,14,171.8,1,1,1.000000,1
astar-dial-bfs,with_roads,thread_of_connection,382,118,241.2,1,1,1.000000,1
astar-dial-apsp,no_roads,tiles,979,170,120.0,1,1,1.000000,1
astar-dial-apsp,no_roads,tiles,28,1141,69.4,1,1,1.000000,1
astar-dial-apsp,no_roads,tiles,417,375,15.5,1,1,1.000000,1
astar-dial-apsp,no_roads,tiles,347,202,39.3,1,1,1.000000,1
astar-dial-apsp,no_roads,tiles,1129,149,62.7,1,1,1.000000,1
astar-dial-apsp,no_roads,tiles,1028,1137,21.0,1,1,1.000000,1
astar-dial-apsp,no_roads,tiles,823,109,36.5,1,1,1.000000,1
astar-dial-apsp,no_roads,tiles,882,641,29.4,1,1,1.000000,1
astar-dial-apsp,no_roads,tiles,37,34,18.2,0,,,
astar-dial-apsp,no_roads,tiles,117,341,14.4,0,,,
astar-dial-bfs,no_roads,tiles,979,170,460.2,1,1,1.000000,1
astar-dial-bfs,no_roads,tiles,28,1141,386.1,1,1,1.000000,1
astar-dial-bfs,no_roads,tiles,417,375,215.3,1,1,1.000000,1
astar-dial-bfs,no_roads,tiles,347,202,381.0,1,1,1.000000,1
astar-dial-bfs,no_roads,tiles,1129,149,479.1,1,1,1.000000,1
astar-dial-bfs,no_roads,tiles,1028,1137,243.3,1,1,1.000000,1
astar-dial-bfs,no_roads,tiles,823,109,292.0,1,1,1.000000,1
astar-dial-bfs,no_roads,tiles,882,641,250.1,1,1,1.000000,1
astar-dial-bfs,no_roads,tiles,37,34,6.8,0,,,
astar-dial-bfs,no_roads,tiles,117,341,7.0,0,,,
astar-dial-apsp,with_roads,tiles,979,170,95.9,1,1,1.000000,1
astar-dial-apsp,with_roads,tiles,28,1141,44.3,1,1,1.000000,1
astar-dial-apsp,with_roads,tiles,417,375,15.1,1,1,1.000000,1
astar-dial-apsp,with_roads,tiles,347,202,34.1,1,1,1.000000,1
astar-dial-apsp,with_roads,tiles,1129,149,45.0,1,1,1.000000,1
astar-dial-apsp,with_roads,tiles,1028,1137,19.8,1,1,1.000000,1
astar-dial-apsp,with_roads,tiles,823,109,30.2,1,1,1.000000,1
astar-dial-apsp,with_roads,tiles,882,641,29.9,1,1,1.000000,1
astar-dial-apsp,with_roads,tiles,37,34,17.6,0,,,
astar-dial-apsp,with_roads,tiles,117,341,13.9,0,,,
astar-dial-bfs,with_roads,tiles,979,170,422.5,1,1,1.000000,1
astar-dial-bfs,with_roads,tiles,28,1141,378.3,1,1,1.000000,1
astar-dial-bfs,with_roads,tiles,417,375,214.2,1,1,1.000000,1
astar-dial-bfs,with_roads,tiles,347,202,324.1,1,1,1.000000,1
astar-dial-bfs,with_roads,tiles,1129,149,477.0,1,1,1.000000,1
astar-dial-bfs,with_roads,tiles,1028,1137,226.5,1,1,1.000000,1
astar-dial-bfs,with_roads,tiles,823,109,261.5,1,1,1.000000,1
astar-dial-bfs,with_roads,tiles,882,641,256.4,1,1,1.000000,1
astar-dial-bfs,with_roads,tiles,37,34,6.7,0,,,
astar-dial-bfs,with_roads,tiles,117,341,6.2,0,,,
astar-dial-apsp,no_roads,tree_of_life,268,57,116.3,1,1,1.000000,1
astar-dial-apsp,no_roads,tree_of_life,627,561,76.1,1,1,1.000000,1
astar-dial-apsp,no_roads,tree_of_life,515,332,54.2,1,1,1.000000,1
astar-dial-apsp,no_roads,tree_of_life,243,200,17.9,1,1,1.000000,1
astar-dial-apsp,no_roads,tree_of_life,980,72,72.0,1,1,1.000000,1
astar-dial-apsp,no_roads,tree_of_life,68,220,14.9,1,1,1.000000,1
astar-dial-apsp,no_roads,tree_of_life,505,536,43.2,1,1,1.000000,1
astar-dial-apsp,no_roads,tree_of_life,1163,60,122.0,1,1,1.000000,1
astar-dial-apsp,no_roads,tree_of_life,463,972,59.7,1,1,1.000000,1
astar-dial-apsp,no_roads,tree_of_life,509,1042,85.2,1,1,1.000000,1
astar-dial-bfs,no_roads,tree_of_life,268,57,528.6,1,1,1.000000,1
astar-dial-bfs,no_roads,tree_of_life,627,561,468.1,1,1,1.000000,1
astar-dial-bfs,no_roads,tree_of_life,515,332,460.3,1,1,1.000000,1
astar-dial-bfs,no_roads,tree_of_life,243,200,357.8,1,1,1.000000,1
astar-dial-bfs,no_roads,tree_of_life,980,72,730.3,1,1,1.000000,1
astar-dial-bfs,no_roads,tree_of_life,68,220,353.7,1,1,1.000000,1
astar-dial-bfs,no_roads,tree_of_life,505,536,426.4,1,1,1.000000,1
astar-dial-bfs,no_roads,tree_of_life,1163,60,727.6,1,1,1.000000,1
astar-dial-bfs,no_roads,tree_of_life,463,972,452.0,1,1,1.000000,1
astar-dial-bfs,no_roads,tree_of_life,509,1042,736.5,1,1,1.000000,1
astar-dial-apsp,with_roads,tree_of_life,268,57,119.3,1,1,1.000000,1
astar-dial-apsp,with_roads,tree_of_life,627,561,40.2,1,1,1.000000,1
astar-dial-apsp,with_roads,tree_of_life,515,332,52.3,1,1,1.000000,1
astar-dial-apsp,with_roads,tree_of_life,243,200,17.5,1,1,1.000000,1
astar-dial-apsp,with_roads,tree_of_life,980,72,73.1,1,1,1.000000,1
astar-dial-apsp,with_roads,tree_of_life,68,220,15.2,1,1,1.000000,1
astar-dial-apsp,with_roads,tree_of_life,505,536,40.9,1,1,1.000000,1
astar-dial-apsp,with_roads,tree_of_life,1163,60,117.4,1,1,1.000000,1
astar-dial-apsp,with_roads,tree_of_life,463,972,60.3,1,1,1.000000,1
astar-dial-apsp,with_roads,tree_of_life,509,1042,69.2,1,1,1.000000,1
astar-dial-bfs,with_roads,tree_of_life,268,57,548.7,1,1,1.000000,1
astar-dial-bfs,with_roads,tree_of_life,627,561,433.8,1,1,1.000000,1
astar-dial-bfs,with_roads,tree_of_life,515,332,461.6,1,1,1.000000,1
astar-dial-bfs,with_roads,tree_of_life,243,200,361.1,1,1,1.000000,1
astar-dial-bfs,with_roads,tree_of_life,980,72,717.3,1,1,1.000000,1
astar-dial-bfs,with_roads,tree_of_life,68,220,364.5,1,1,1.000000,1
astar-dial-bfs,with_roads,tree_of_life,505,536,418.4,1,1,1.000000,1
astar-dial-bfs,with_roads,tree_of_life,1163,60,741.5,1,1,1.000000,1
astar-dial-bfs,with_roads,tree_of_life,463,972,444.7,1,1,1.000000,1
astar-dial-bfs,with_roads,tree_of_life,509,1042,551.1,1,1,1.000000,1
astar-dial-apsp,no_roads,vase,294,61,223.1,1,1,1.000000,1
astar-dial-apsp,no_roads,vase,723,644,113.5,1,1,1.000000,1
astar-dial-apsp,no_roads,vase,594,363,85.6,1,1,1.000000,1
astar-dial-apsp,no_roads,vase,271,234,15.1,1,1,1.000000,1
astar-dial-apsp,no_roads,vase,1087,75,147.7,1,1,1.000000,1
astar-dial-apsp,no_roads,vase,71,248,22.4,1,1,1.000000,1
astar-dial-apsp,no_roads,vase,584,618,13.2,1,1,1.000000,1
astar-dial-apsp,no_roads,vase,1323,64,159.5,1,1,1.000000,1
astar-dial-apsp,no_roads,vase,531,1082,184.5,1,1,1.000000,1
astar-dial-apsp,no_roads,vase,588,1160,203.5,1,1,1.000000,1
astar-dial-bfs,no_roads,vase,294,61,714.2,1,1,1.000000,1
astar-dial-bfs,no_roads,vase,723,644,748.9,1,1,1.000000,1
astar-dial-bfs,no_roads,vase,594,363,681.5,1,1,1.000000,1
astar-dial-bfs,no_roads,vase,271,234,353.0,1,1,1.000000,1
astar-dial-bfs,no_roads,vase,1087,75,518.5,1,1,1.000000,1
astar-dial-bfs,no_roads,vase,71,248,371.4,1,1,1.000000,1
astar-dial-bfs,no_roads,vase,584,618,336.2,1,1,1.000000,1
astar-dial-bfs,no_roads,vase,1323,64,551.0,1,1,1.000000,1
astar-dial-bfs,no_roads,vase,531,1082,740.7,1,1,1.000000,1
astar-dial-bfs,no_roads,vase,588,1160,772.0,1,1,1.000000,1
astar-dial-apsp,with_roads,vase,294,61,144.0,1,1,1.000000,1
astar-dial-apsp,with_roads,vase,723,644,64.6,1,1,1.000000,1
astar-dial-apsp,with_roads,vase,594,363,57.5,1,1,1.000000,1
astar-dial-apsp,with_roads,vase,271,234,14.6,1,1,1.000000,1
astar-dial-apsp,with_roads,vase,1087,75,100.3,1,1,1.000000,1
astar-dial-apsp,with_roads,vase,71,248,21.0,1,1,1.000000,1
astar-dial-apsp,with_roads,vase,584,618,13.4,1,1,1.000000,1
astar-dial-apsp,with_roads,vase,1323,64,74.5,1,1,1.000000,1
astar-dial-apsp,with_roads,vase,531,1082,83.2,1,1,1.000000,1
astar-dial-apsp,with_roads,vase,588,1160,144.8,1,1,1.000000,1
astar-dial-bfs,with_roads,vase,294,61,517.7,1,1,1.000000,1
astar-dial-bfs,with_roads,vase,723,644,457.5,1,1,1.000000,1
astar-dial-bfs,with_roads,vase,594,363,440.0,1,1,1.000000,1
astar-dial-bfs,with_roads,vase,271,234,354.3,1,1,1.000000,1
astar-dial-bfs,with_roads,vase,1087,75,539.7,1,1,1.000000,1
astar-dial-bfs,with_roads,vase,71,248,372.6,1,1,1.000000,1
astar-dial-bfs,with_roads,vase,584,618,338.5,1,1,1.000000,1
astar-dial-bfs,with_roads,vase,1323,64,549.1,1,1,1.000000,1
astar-dial-bfs,with_roads,vase,531,1082,723.7,1,1,1.000000,1
astar-dial-bfs,with_roads,vase,588,1160,598.6,1,1,1.000000,1
astar-dial-apsp,no_roads,wall,871,152,135.7,1,1,1.000000,1
astar-dial-apsp,no_roads,wall,25,1011,66.5,0,,,
astar-dial-apsp,no_roads,wall,397,363,17.3,1,1,1.000000,1
astar-dial-apsp,no_roads,wall,312,198,50.6,1,1,1.000000,1
astar-dial-apsp,no_roads,wall,1006,139,48.1,0,,,
astar-dial-apsp,no_roads,wall,910,1010,376.8,0,,,
astar-dial-apsp,no_roads,wall,756,119,37.1,1,1,1.000000,1
astar-dial-apsp,no_roads,wall,815,595,30.5,1,1,1.000000,1
astar-dial-apsp,no_roads,wall,32,30,41.0,1,1,1.000000,1
astar-dial-apsp,no_roads,wall,127,307,20.9,1,1,1.000000,1
astar-dial-bfs,no_roads,wall,871,152,482.0,1,1,1.000000,1
astar-dial-bfs,no_roads,wall,25,1011,28.7,0,,,
astar-dial-bfs,no_roads,wall,397,363,208.6,1,1,1.000000,1
astar-dial-bfs,no_roads,wall,312,198,269.5,1,1,1.000000,1
astar-dial-bfs,no_roads,wall,1006,139,19.1,0,,,
astar-dial-bfs,no_roads,wall,910,1010,199.4,0,,,
astar-dial-bfs,no_roads,wall,756,119,321.1,1,1,1.000000,1
astar-dial-bfs,no_roads,wall,815,595,280.4,1,1,1.000000,1
astar-dial-bfs,no_roads,wall,32,30,77.2,1,1,1.000000,1
astar-dial-bfs,no_roads,wall,127,307,242.0,1,1,1.000000,1
astar-dial-apsp,with_roads,wall,871,152,120.4,1,1,1.000000,1
astar-dial-apsp,with_roads,wall,25,1011,72.4,0,,,
astar-dial-apsp,with_roads,wall,397,363,14.8,1,1,1.000000,1
astar-dial-apsp,with_roads,wall,312,198,49.5,1,1,1.000000,1
astar-dial-apsp,with_roads,wall,1006,139,47.9,0,,,
astar-dial-apsp,with_roads,wall,910,1010,379.2,0,,,
astar-dial-apsp,with_roads,wall,756,119,37.1,1,1,1.000000,1
astar-dial-apsp,with_roads,wall,815,595,29.9,1,1,1.000000,1
astar-dial-apsp,with_roads,wall,32,30,39.2,1,1,1.000000,1
astar-dial-apsp,with_roads,wall,127,307,21.5,1,1,1.000000,1
astar-dial-bfs,with_roads,wall,871,152,490.6,1,1,1.000000,1
astar-dial-bfs,with_roads,wall,25,1011,28.4,0,,,
astar-dial-bfs,with_roads,wall,397,363,208.3,1,1,1.000000,1
astar-dial-bfs,with_roads,wall,312,198,266.8,1,1,1.000000,1
astar-dial-bfs,with_roads,wall,1006,139,19.9,0,,,
astar-dial-bfs,with_roads,wall,910,1010,200.2,0,,,
astar-dial-bfs,with_roads,wall,756,119,316.3,1,1,1.000000,1
astar-dial-bfs,with_roads,wall,815,595,274.5,1,1,1.000000,1
astar-dial-bfs,with_roads,wall,32,30,76.9,1,1,1.000000,1
astar-dial-bfs,with_roads,wall,127,307,244.2,1,1,1.000000,1
astar-dial-apsp,no_roads,wasteland,289,61,102.9,1,1,1.000000,1
astar-dial-apsp,no_roads,wasteland,780,693,38.7,1,1,1.000000,1
astar-dial-apsp,no_roads,wasteland,628,380,29.0,1,1,1.000000,1
astar-dial-apsp,no_roads,wasteland,265,1552,206.4,1,1,1.000000,1
astar-dial-apsp,no_roads,wasteland,226,1210,55.8,1,1,1.000000,1
astar-dial-apsp,no_roads,wasteland,78,74,20.7,1,1,1.000000,1
astar-dial-apsp,no_roads,wasteland,240,617,40.7,1,1,1.000000,1
astar-dial-apsp,no_roads,wasteland,654,1445,87.6,1,1,1.000000,1
astar-dial-apsp,no_roads,wasteland,64,1592,143.5,1,1,1.000000,1
astar-dial-apsp,no_roads,wasteland,564,1552,45.1,1,1,1.000000,1
astar-dial-bfs,no_roads,wasteland,289,61,525.7,1,1,1.000000,1
astar-dial-bfs,no_roads,wasteland,780,693,396.1,1,1,1.000000,1
astar-dial-bfs,no_roads,wasteland,628,380,387.9,1,1,1.000000,1
astar-dial-bfs,no_roads,wasteland,265,1552,631.5,1,1,1.000000,1
astar-dial-bfs,no_roads,wasteland,226,1210,625.5,1,1,1.000000,1
astar-dial-bfs,no_roads,wasteland,78,74,367.6,1,1,1.000000,1
astar-dial-bfs,no_roads,wasteland,240,617,514.3,1,1,1.000000,1
astar-dial-bfs,no_roads,wasteland,654,1445,485.5,1,1,1.000000,1
astar-dial-bfs,no_roads,wasteland,64,1592,732.8,1,1,1.000000,1
astar-dial-bfs,no_roads,wasteland,564,1552,611.0,1,1,1.000000,1
astar-dial-apsp,with_roads,wasteland,289,61,88.0,1,1,1.000000,1
astar-dial-apsp,with_roads,wasteland,780,693,34.3,1,1,1.000000,1
astar-dial-apsp,with_roads,wasteland,628,380,21.9,1,1,1.000000,1
astar-dial-apsp,with_roads,wasteland,265,1552,121.4,1,1,1.000000,1
astar-dial-apsp,with_roads,wasteland,226,1210,41.5,1,1,1.000000,1
astar-dial-apsp,with_roads,wasteland,78,74,21.9,1,1,1.000000,1
astar-dial-apsp,with_roads,wasteland,240,617,31.9,1,1,1.000000,1
astar-dial-apsp,with_roads,wasteland,654,1445,32.8,1,1,1.000000,1
astar-dial-apsp,with_roads,wasteland,64,1592,69.4,1,1,1.000000,1
astar-dial-apsp,with_roads,wasteland,564,1552,46.6,1,1,1.000000,1
astar-dial-bfs,with_roads,wasteland,289,61,455.9,1,1,1.000000,1
astar-dial-bfs,with_roads,wasteland,780,693,405.8,1,1,1.000000,1
astar-dial-bfs,with_roads,wasteland,628,380,406.3,1,1,1.000000,1
astar-dial-bfs,with_roads,wasteland,265,1552,876.9,1,1,1.000000,1
astar-dial-bfs,with_roads,wasteland,226,1210,787.1,1,1,1.000000,1
astar-dial-bfs,with_roads,wasteland,78,74,406.5,1,1,1.000000,1
astar-dial-bfs,with_roads,wasteland,240,617,485.7,1,1,1.000000,1
astar-dial-bfs,with_roads,wasteland,654,1445,510.4,1,1,1.000000,1
astar-dial-bfs,with_roads,wasteland,64,1592,843.1,1,1,1.000000,1
astar-dial-bfs,with_roads,wasteland,564,1552,451.9,1,1,1.000000,1
astar-dial-apsp,no_roads,wasteland_oasis,1100,186,131.2,1,1,1.000000,1
astar-dial-apsp,no_roads,wasteland_oasis,38,1271,81.5,1,1,1.000000,1
astar-dial-apsp,no_roads,wasteland_oasis,461,405,51.4,1,1,1.000000,1
astar-dial-apsp,no_roads,wasteland_oasis,370,238,59.7,1,1,1.000000,1
astar-dial-apsp,no_roads,wasteland_oasis,1265,170,68.1,1,1,1.000000,1
astar-dial-apsp,no_roads,wasteland_oasis,1159,1270,44.1,1,1,1.000000,1
astar-dial-apsp,no_roads,wasteland_oasis,1524,939,35.9,1,1,1.000000,1
astar-dial-apsp,no_roads,wasteland_oasis,148,1017,46.4,1,1,1.000000,1
astar-dial-apsp,no_roads,wasteland_oasis,711,48,50.9,1,1,1.000000,1
astar-dial-apsp,no_roads,wasteland_oasis,45,155,40.2,1,1,1.000000,1
astar-dial-bfs,no_roads,wasteland_oasis,1100,186,561.5,1,1,1.000000,1
astar-dial-bfs,no_roads,wasteland_oasis,38,1271,513.6,1,1,1.000000,1
astar-dial-bfs,no_roads,wasteland_oasis,461,405,384.1,1,1,1.000000,1
astar-dial-bfs,no_roads,wasteland_oasis,370,238,441.9,1,1,1.000000,1
astar-dial-bfs,no_roads,wasteland_oasis,1265,170,527.3,1,1,1.000000,1
astar-dial-bfs,no_roads,wasteland_oasis,1159,1270,392.4,1,1,1.000000,1
astar-dial-bfs,no_roads,wasteland_oasis,1524,939,414.0,1,1,1.000000,1
astar-dial-bfs,no_roads,wasteland_oasis,148,1017,638.5,1,1,1.000000,1
astar-dial-bfs,no_roads,wasteland_oasis,711,48,483.1,1,1,1.000000,1
astar-dial-bfs,no_roads,wasteland_oasis,45,155,488.8,1,1,1.000000,1
astar-dial-apsp,with_roads,wasteland_oasis,1100,186,133.4,1,1,1.000000,1
astar-dial-apsp,with_roads,wasteland_oasis,38,1271,75.0,1,1,1.000000,1
astar-dial-apsp,with_roads,wasteland_oasis,461,405,34.3,1,1,1.000000,1
astar-dial-apsp,with_roads,wasteland_oasis,370,238,55.4,1,1,1.000000,1
astar-dial-apsp,with_roads,wasteland_oasis,1265,170,43.1,1,1,1.000000,1
astar-dial-apsp,with_roads,wasteland_oasis,1159,1270,38.5,1,1,1.000000,1
astar-dial-apsp,with_roads,wasteland_oasis,1524,939,43.8,1,1,1.000000,1
astar-dial-apsp,with_roads,wasteland_oasis,148,1017,51.7,1,1,1.000000,1
astar-dial-apsp,with_roads,wasteland_oasis,711,48,35.8,1,1,1.000000,1
astar-dial-apsp,with_roads,wasteland_oasis,45,155,33.4,1,1,1.000000,1
astar-dial-bfs,with_roads,wasteland_oasis,1100,186,622.9,1,1,1.000000,1
astar-dial-bfs,with_roads,wasteland_oasis,38,1271,549.7,1,1,1.000000,1
astar-dial-bfs,with_roads,wasteland_oasis,461,405,426.6,1,1,1.000000,1
astar-dial-bfs,with_roads,wasteland_oasis,370,238,446.6,1,1,1.000000,1
astar-dial-bfs,with_roads,wasteland_oasis,1265,170,479.8,1,1,1.000000,1
astar-dial-bfs,with_roads,wasteland_oasis,1159,1270,319.4,1,1,1.000000,1
astar-dial-bfs,with_roads,wasteland_oasis,1524,939,399.8,1,1,1.000000,1
astar-dial-bfs,with_roads,wasteland_oasis,148,1017,534.6,1,1,1.000000,1
astar-dial-bfs,with_roads,wasteland_oasis,711,48,349.8,1,1,1.000000,1
astar-dial-bfs,with_roads,wasteland_oasis,45,155,318.9,1,1,1.000000,1
astar-dial-apsp,no_roads,we_love_tetris,169,67,134.6,1,1,1.000000,1
astar-dial-apsp,no_roads,we_love_tetris,370,325,152.3,1,1,1.000000,1
astar-dial-apsp,no_roads,we_love_tetris,297,199,90.0,1,1,1.000000,1
astar-dial-apsp,no_roads,we_love_tetris,157,139,59.8,1,1,1.000000,1
astar-dial-apsp,no_roads,we_love_tetris,567,74,50.2,1,1,1.000000,1
astar-dial-apsp,no_roads,we_love_tetris,72,148,19.6,1,1,1.000000,1
astar-dial-apsp,no_roads,we_love_tetris,292,311,64.7,1,1,1.000000,1
astar-dial-apsp,no_roads,we_love_tetris,724,69,49.7,1,1,1.000000,1
astar-dial-apsp,no_roads,we_love_tetris,268,564,33.2,1,1,1.000000,1
astar-dial-apsp,no_roads,we_love_tetris,294,611,323.2,0,,,
astar-dial-bfs,no_roads,we_love_tetris,169,67,361.0,1,1,1.000000,1
astar-dial-bfs,no_roads,we_love_tetris,370,325,411.2,1,1,1.000000,1
astar-dial-bfs,no_roads,we_love_tetris,297,199,366.1,1,1,1.000000,1
astar-dial-bfs,no_roads,we_love_tetris,157,139,325.3,1,1,1.000000,1
astar-dial-bfs,no_roads,we_love_tetris,567,74,248.6,1,1,1.000000,1
astar-dial-bfs,no_roads,we_love_tetris,72,148,204.8,1,1,1.000000,1
astar-dial-bfs,no_roads,we_love_tetris,292,311,342.2,1,1,1.000000,1
astar-dial-bfs,no_roads,we_love_tetris,724,69,290.9,1,1,1.000000,1
astar-dial-bfs,no_roads,we_love_tetris,268,564,255.0,1,1,1.000000,1
astar-dial-bfs,no_roads,we_love_tetris,294,611,167.7,0,,,
astar-dial-apsp,with_roads,we_love_tetris,169,67,72.6,1,1,1.000000,1
astar-dial-apsp,with_roads,we_love_tetris,370,325,73.9,1,1,1.000000,1
astar-dial-apsp,with_roads,we_love_tetris,297,199,39.6,1,1,1.000000,1
astar-dial-apsp,with_roads,we_love_tetris,157,139,25.3,1,1,1.000000,1
astar-dial-apsp,with_roads,we_love_tetris,567,74,22.9,1,1,1.000000,1
astar-dial-apsp,with_roads,we_love_tetris,72,148,14.4,1,1,1.000000,1
astar-dial-apsp,with_roads,we_love_tetris,292,311,26.2,1,1,1.000000,1
astar-dial-apsp,with_roads,we_love_tetris,724,69,31.9,1,1,1.000000,1
astar-dial-apsp,with_roads,we_love_tetris,268,564,26.1,1,1,1.000000,1
astar-dial-apsp,with_roads,we_love_tetris,294,611,325.8,0,,,
astar-dial-bfs,with_roads,we_love_tetris,169,67,248.1,1,1,1.000000,1
astar-dial-bfs,with_roads,we_love_tetris,370,325,370.6,1,1,1.000000,1
astar-dial-bfs,with_roads,we_love_tetris,297,199,297.8,1,1,1.000000,1
astar-dial-bfs,with_roads,we_love_tetris,157,139,265.8,1,1,1.000000,1
astar-dial-bfs,with_roads,we_love_tetris,567,74,220.9,1,1,1.000000,1
astar-dial-bfs,with_roads,we_love_tetris,72,148,191.9,1,1,1.000000,1
astar-dial-bfs,with_roads,we_love_tetris,292,311,291.9,1,1,1.000000,1
astar-dial-bfs,with_roads,we_love_tetris,724,69,275.8,1,1,1.000000,1
astar-dial-bfs,with_roads,we_love_tetris,268,564,211.1,1,1,1.000000,1
astar-dial-bfs,with_roads,we_love_tetris,294,611,167.1,0,,,
