algo,scenario,map,start,goal,n_goals,total_time_us,peak_step_us,reached,ref_reachable,opt_ratio,first_move_correct,cost_walked,steps_taken,tiles_revealed
bug-bug2-bounded,no_roads,ancient_tile,1556,243,1,969.522000,119.270000,1,1,1.048780,1,129,43,1600
bug-bug2-bounded,no_roads,ancient_tile,55,667,1,350.585000,77.870000,1,1,1.000000,1,60,20,1600
bug-bug2-bounded,no_roads,ancient_tile,589,532,1,488.379000,67.502000,1,1,1.476190,0,93,31,1600
bug-bug2-bounded,no_roads,ancient_tile,310,223,1,106.922000,35.589000,1,1,1.000000,1,21,7,1600
bug-bug2-bounded,no_roads,ancient_tile,1349,189,1,406.789000,50.856000,1,1,1.000000,1,87,29,1600
bug-bug2-bounded,no_roads,ancient_tile,1451,1028,1,246.505000,55.415000,1,1,1.000000,1,51,17,1600
bug-bug2-bounded,no_roads,ancient_tile,69,65,1,83.195000,36.485000,1,1,1.000000,1,12,4,1600
bug-bug2-bounded,no_roads,ancient_tile,203,516,1,531.261000,74.225000,1,1,1.000000,1,99,33,1600
bug-bug2-bounded,no_roads,ancient_tile,561,1256,1,358.507000,83.193000,1,1,1.000000,1,63,21,1600
bug-bug2-bounded,no_roads,ancient_tile,1475,58,1,665.539000,81.880000,1,1,1.108108,1,123,41,1600
bug-bug2-bounded,with_roads,ancient_tile,1556,243,1,742.022000,72.729000,1,1,1.048780,1,129,43,1600
bug-bug2-bounded,with_roads,ancient_tile,55,667,1,373.809000,106.690000,1,1,1.000000,1,60,20,1600
bug-bug2-bounded,with_roads,ancient_tile,589,532,1,480.781000,58.872000,1,1,1.476190,0,93,31,1600
bug-bug2-bounded,with_roads,ancient_tile,310,223,1,99.612000,27.843000,1,1,1.000000,1,21,7,1600
bug-bug2-bounded,with_roads,ancient_tile,1349,189,1,389.288000,65.975000,1,1,1.000000,1,87,29,1600
bug-bug2-bounded,with_roads,ancient_tile,1451,1028,1,234.853000,44.031000,1,1,1.000000,1,51,17,1600
bug-bug2-bounded,with_roads,ancient_tile,69,65,1,80.502000,32.193000,1,1,1.000000,1,12,4,1600
bug-bug2-bounded,with_roads,ancient_tile,203,516,1,511.953000,57.362000,1,1,1.000000,1,99,33,1600
bug-bug2-bounded,with_roads,ancient_tile,561,1256,1,338.386000,64.998000,1,1,1.000000,1,63,21,1600
bug-bug2-bounded,with_roads,ancient_tile,1475,58,1,655.472000,71.939000,1,1,1.108108,1,123,41,1600
bug-bug2-bounded,no_roads,arena,124,25,1,348.680000,59.306000,1,1,1.000000,1,72,24,625
bug-bug2-bounded,no_roads,arena,301,268,1,233.840000,37.951000,1,1,1.000000,1,51,17,625
bug-bug2-bounded,no_roads,arena,245,153,1,205.301000,28.204000,1,1,1.000000,1,51,17,625
bug-bug2-bounded,no_roads,arena,113,599,1,286.153000,44.626000,1,1,1.000000,1,57,19,625
bug-bug2-bounded,no_roads,arena,98,462,1,233.057000,52.424000,1,1,1.000000,1,45,15,625
bug-bug2-bounded,no_roads,arena,32,30,1,37.894000,23.389000,1,1,1.000000,1,6,2,625
bug-bug2-bounded,no_roads,arena,104,237,1,104.821000,22.640000,1,1,1.000000,1,24,8,625
bug-bug2-bounded,no_roads,arena,256,551,1,186.824000,42.455000,1,1,1.000000,1,36,12,625
bug-bug2-bounded,no_roads,arena,27,615,1,333.258000,44.593000,1,1,1.000000,1,69,23,625
bug-bug2-bounded,no_roads,arena,216,599,1,231.309000,27.407000,1,1,1.000000,1,45,15,625
bug-bug2-bounded,with_roads,arena,124,25,1,345.563000,55.836000,1,1,1.489362,1,70,24,625
bug-bug2-bounded,with_roads,arena,301,268,1,236.890000,39.133000,1,1,1.592593,1,43,17,625
bug-bug2-bounded,with_roads,arena,245,153,1,207.988000,32.011000,1,1,1.580645,0,49,17,625
bug-bug2-bounded,with_roads,arena,113,599,1,279.752000,43.138000,1,1,1.295455,0,57,19,625
bug-bug2-bounded,with_roads,arena,98,462,1,234.149000,52.208000,1,1,1.108108,1,41,15,625
bug-bug2-bounded,with_roads,arena,32,30,1,37.062000,22.733000,1,1,1.000000,1,6,2,625
bug-bug2-bounded,with_roads,arena,104,237,1,111.848000,22.837000,1,1,1.500000,0,24,8,625
bug-bug2-bounded,with_roads,arena,256,551,1,188.546000,42.186000,1,1,1.230769,1,32,12,625
bug-bug2-bounded,with_roads,arena,27,615,1,338.650000,48.304000,1,1,1.363636,0,45,23,625
bug-bug2-bounded,with_roads,arena,216,599,1,221.251000,26.904000,1,1,1.125000,1,45,15,625
bug-bug2-bounded,no_roads,bar_chart,319,72,1,111.873000,29.935000,1,1,1.000000,1,21,7,1400
bug-bug2-bounded,no_roads,bar_chart,741,663,1,423.590000,74.953000,1,1,1.000000,1,81,27,1400
bug-bug2-bounded,no_roads,bar_chart,606,392,1,159.101000,54.925000,1,1,1.000000,1,27,9,1400
bug-bug2-bounded,no_roads,bar_chart,1364,76,1,786.762000,68.585000,1,1,1.041667,1,150,50,1400
bug-bug2-bounded,no_roads,bar_chart,596,1203,1,225.725000,35.615000,1,1,1.000000,1,51,17,1400
bug-bug2-bounded,no_roads,bar_chart,910,749,1,266.200000,59.041000,1,1,1.214286,1,51,17,1400
bug-bug2-bounded,no_roads,bar_chart,431,583,1,177.154000,50.746000,1,1,1.000000,1,36,12,1400
bug-bug2-bounded,no_roads,bar_chart,901,293,1,353.460000,57.442000,1,1,1.000000,1,72,24,1400
bug-bug2-bounded,no_roads,bar_chart,267,1013,1,349.494000,54.977000,1,1,1.000000,1,66,22,1400
bug-bug2-bounded,no_roads,bar_chart,923,711,1,83.237000,25.966000,1,1,1.000000,1,18,6,1400
bug-bug2-bounded,with_roads,bar_chart,319,72,1,117.427000,34.668000,1,1,1.000000,1,21,7,1400
bug-bug2-bounded,with_roads,bar_chart,741,663,1,421.005000,74.176000,1,1,1.687500,1,81,27,1400
bug-bug2-bounded,with_roads,bar_chart,606,392,1,149.001000,52.328000,1,1,1.181818,1,13,9,1400
bug-bug2-bounded,with_roads,bar_chart,1364,76,1,825.476000,70.319000,1,1,1.142857,1,128,50,1400
bug-bug2-bounded,with_roads,bar_chart,596,1203,1,230.754000,34.747000,1,1,1.000000,1,51,17,1400
bug-bug2-bounded,with_roads,bar_chart,910,749,1,269.151000,61.695000,1,1,1.416667,1,51,17,1400
bug-bug2-bounded,with_roads,bar_chart,431,583,1,181.893000,53.334000,1,1,1.125000,1,18,12,1400
bug-bug2-bounded,with_roads,bar_chart,901,293,1,361.599000,61.480000,1,1,1.120000,1,56,24,1400
bug-bug2-bounded,with_roads,bar_chart,267,1013,1,344.349000,62.557000,1,1,1.000000,1,60,22,1400
bug-bug2-bounded,with_roads,bar_chart,923,711,1,102.684000,30.454000,1,1,1.000000,1,18,6,1400
bug-bug2-bounded,no_roads,battlebot,422,79,1,301.967000,66.952000,1,1,1.055556,1,57,19,609
bug-bug2-bounded,no_roads,battlebot,12,490,1,1203.791000,56.550000,1,1,2.024390,1,249,83,609
bug-bug2-bounded,no_roads,battlebot,177,158,1,33.223000,22.005000,1,1,1.000000,1,6,2,609
bug-bug2-bounded,no_roads,battlebot,144,95,1,88.604000,25.114000,1,1,1.000000,1,21,7,609
bug-bug2-bounded,no_roads,battlebot,488,74,1,283.911000,58.427000,1,1,1.000000,1,60,20,609
bug-bug2-bounded,no_roads,battlebot,445,490,1,46.872000,22.932000,1,1,1.000000,1,9,3,609
bug-bug2-bounded,no_roads,battlebot,585,363,1,204.173000,54.912000,1,1,1.000000,1,36,12,609
bug-bug2-bounded,no_roads,battlebot,66,390,1,253.884000,59.761000,1,1,1.000000,1,45,15,609
bug-bug2-bounded,no_roads,battlebot,275,16,1,978.491000,58.936000,1,1,1.434783,1,198,66,609
bug-bug2-bounded,no_roads,battlebot,15,69,1,1004.780000,51.651000,1,1,1.277778,0,207,69,609
bug-bug2-bounded,with_roads,battlebot,422,79,1,297.165000,65.050000,1,1,1.055556,1,57,19,609
bug-bug2-bounded,with_roads,battlebot,12,490,1,1202.263000,57.243000,1,1,3.830769,1,249,83,609
bug-bug2-bounded,with_roads,battlebot,177,158,1,32.438000,21.562000,1,1,1.000000,1,6,2,609
bug-bug2-bounded,with_roads,battlebot,144,95,1,87.602000,24.339000,1,1,1.000000,1,21,7,609
bug-bug2-bounded,with_roads,battlebot,488,74,1,287.871000,60.771000,1,1,1.000000,1,60,20,609
bug-bug2-bounded,with_roads,battlebot,445,490,1,48.156000,23.809000,1,1,1.000000,1,9,3,609
bug-bug2-bounded,with_roads,battlebot,585,363,1,204.799000,56.767000,1,1,1.058824,1,36,12,609
bug-bug2-bounded,with_roads,battlebot,66,390,1,257.659000,60.484000,1,1,1.000000,1,45,15,609
bug-bug2-bounded,with_roads,battlebot,275,16,1,990.610000,58.921000,1,1,1.885714,0,198,66,609
bug-bug2-bounded,with_roads,battlebot,15,69,1,1003.275000,52.083000,1,1,1.592308,1,207,69,609
bug-bug2-bounded,no_roads,bear_of_doom,203,185,1,45.639000,23.044000,1,1,1.000000,1,9,3,441
bug-bug2-bounded,no_roads,bear_of_doom,75,437,1,267.566000,46.736000,1,1,1.000000,1,54,18,441
bug-bug2-bounded,no_roads,bear_of_doom,303,29,1,163.421000,36.726000,1,1,1.000000,1,39,13,441
bug-bug2-bounded,no_roads,bear_of_doom,366,25,1,245.388000,44.198000,1,1,1.062500,1,51,17,441
bug-bug2-bounded,no_roads,bear_of_doom,171,322,1,94.432000,24.048000,1,1,1.000000,1,21,7,441
bug-bug2-bounded,no_roads,bear_of_doom,436,205,1,176.756000,51.419000,1,1,1.000000,1,33,11,441
bug-bug2-bounded,no_roads,bear_of_doom,8,132,1,96.418000,39.280000,1,1,1.000000,1,18,6,441
bug-bug2-bounded,no_roads,bear_of_doom,270,83,1,308.615000,65.673000,1,1,1.000000,1,63,21,441
bug-bug2-bounded,no_roads,bear_of_doom,329,390,1,60.100000,33.508000,1,1,1.000000,1,9,3,441
bug-bug2-bounded,no_roads,bear_of_doom,69,405,1,232.828000,59.069000,1,1,1.000000,1,48,16,441
bug-bug2-bounded,with_roads,bear_of_doom,203,185,1,46.800000,23.942000,1,1,1.000000,1,9,3,441
bug-bug2-bounded,with_roads,bear_of_doom,75,437,1,267.371000,46.936000,1,1,1.000000,1,54,18,441
bug-bug2-bounded,with_roads,bear_of_doom,303,29,1,164.031000,36.750000,1,1,1.347826,1,31,13,441
bug-bug2-bounded,with_roads,bear_of_doom,366,25,1,228.926000,44.111000,1,1,1.361111,1,49,17,441
bug-bug2-bounded,with_roads,bear_of_doom,171,322,1,98.388000,24.507000,1,1,1.266667,1,19,7,441
bug-bug2-bounded,with_roads,bear_of_doom,436,205,1,180.640000,50.886000,1,1,1.000000,1,33,11,441
bug-bug2-bounded,with_roads,bear_of_doom,8,132,1,96.290000,39.280000,1,1,1.000000,1,6,6,441
bug-bug2-bounded,with_roads,bear_of_doom,270,83,1,298.441000,64.714000,1,1,1.000000,1,63,21,441
bug-bug2-bounded,with_roads,bear_of_doom,329,390,1,59.990000,33.294000,1,1,1.000000,1,9,3,441
bug-bug2-bounded,with_roads,bear_of_doom,69,405,1,210.527000,37.155000,1,1,1.703704,1,46,16,441
bug-bug2-bounded,no_roads,binary_tree,244,51,1,549.879000,59.259000,1,1,1.000000,1,87,29,1230
bug-bug2-bounded,no_roads,binary_tree,617,543,1,181.976000,66.173000,1,1,1.000000,1,27,9,1230
bug-bug2-bounded,no_roads,binary_tree,491,307,1,293.035000,32.723000,1,1,1.000000,1,60,20,1230
bug-bug2-bounded,no_roads,binary_tree,223,190,1,164.115000,60.815000,1,1,1.000000,1,24,8,1230
bug-bug2-bounded,no_roads,binary_tree,983,65,1,389.761000,73.349000,1,1,1.000000,1,66,22,1230
bug-bug2-bounded,no_roads,binary_tree,61,203,1,269.731000,32.609000,1,1,1.000000,1,57,19,1230
bug-bug2-bounded,no_roads,binary_tree,479,513,1,111.419000,37.401000,1,1,1.000000,1,21,7,1230
bug-bug2-bounded,no_roads,binary_tree,1181,54,1,564.737000,67.918000,1,1,1.172414,1,102,34,1230
bug-bug2-bounded,no_roads,binary_tree,433,978,1,303.390000,57.485000,1,1,1.000000,1,57,19,1230
bug-bug2-bounded,no_roads,binary_tree,485,1049,1,323.947000,81.739000,1,1,1.000000,1,57,19,1230
bug-bug2-bounded,with_roads,binary_tree,244,51,1,461.878000,59.182000,1,1,1.225352,1,87,29,1230
bug-bug2-bounded,with_roads,binary_tree,617,543,1,177.418000,71.253000,1,1,1.117647,1,19,9,1230
bug-bug2-bounded,with_roads,binary_tree,491,307,1,271.067000,34.720000,1,1,1.000000,1,60,20,1230
bug-bug2-bounded,with_roads,binary_tree,223,190,1,161.782000,59.235000,1,1,1.000000,1,24,8,1230
bug-bug2-bounded,with_roads,binary_tree,983,65,1,360.832000,70.814000,1,1,1.000000,1,66,22,1230
bug-bug2-bounded,with_roads,binary_tree,61,203,1,261.820000,31.254000,1,1,1.000000,1,57,19,1230
bug-bug2-bounded,with_roads,binary_tree,479,513,1,108.804000,35.315000,1,1,1.000000,1,21,7,1230
bug-bug2-bounded,with_roads,binary_tree,1181,54,1,575.521000,85.610000,1,1,1.172414,1,102,34,1230
bug-bug2-bounded,with_roads,binary_tree,433,978,1,293.099000,62.072000,1,1,1.000000,1,57,19,1230
bug-bug2-bounded,with_roads,binary_tree,485,1049,1,290.717000,54.803000,1,1,1.000000,1,57,19,1230
bug-bug2-bounded,no_roads,building_blocks,1800,286,1,1052.264000,74.448000,1,1,1.103448,0,192,64,2401
bug-bug2-bounded,no_roads,building_blocks,60,2108,1,718.314000,68.638000,1,1,1.021739,0,141,47,2401
bug-bug2-bounded,no_roads,building_blocks,758,669,1,261.361000,67.329000,1,1,1.000000,1,48,16,2401
bug-bug2-bounded,no_roads,building_blocks,616,358,1,203.406000,63.116000,1,1,1.000000,1,39,13,2401
bug-bug2-bounded,no_roads,building_blocks,2095,261,1,1436.475000,91.110000,1,1,1.491525,0,264,88,2401
bug-bug2-bounded,no_roads,building_blocks,1926,2106,1,1560.623000,75.420000,1,1,1.000000,1,255,85,2401
bug-bug2-bounded,no_roads,building_blocks,1541,222,1,1516.487000,83.957000,1,1,1.391892,0,309,103,2401
bug-bug2-bounded,no_roads,building_blocks,1667,1167,1,1499.541000,88.248000,1,1,1.253333,1,282,94,2401
bug-bug2-bounded,no_roads,building_blocks,77,71,1,483.965000,98.896000,1,1,1.000000,1,84,28,2401
bug-bug2-bounded,no_roads,building_blocks,238,606,1,424.280000,86.210000,1,1,1.000000,1,78,26,2401
bug-bug2-bounded,with_roads,building_blocks,1800,286,1,1079.621000,76.777000,1,1,1.103448,0,192,64,2401
bug-bug2-bounded,with_roads,building_blocks,60,2108,1,709.211000,74.256000,1,1,1.687500,0,81,47,2401
bug-bug2-bounded,with_roads,building_blocks,758,669,1,250.512000,70.169000,1,1,1.000000,1,48,16,2401
bug-bug2-bounded,with_roads,building_blocks,616,358,1,199.811000,59.944000,1,1,1.000000,1,39,13,2401
bug-bug2-bounded,with_roads,building_blocks,2095,261,1,1375.816000,68.669000,1,1,1.859155,0,264,88,2401
bug-bug2-bounded,with_roads,building_blocks,1926,2106,1,1461.623000,62.451000,1,1,1.045082,0,255,85,2401
bug-bug2-bounded,with_roads,building_blocks,1541,222,1,1534.825000,79.771000,1,1,1.868966,1,271,103,2401
bug-bug2-bounded,with_roads,building_blocks,1667,1167,1,1425.349000,72.159000,1,1,1.704698,1,254,94,2401
bug-bug2-bounded,with_roads,building_blocks,77,71,1,473.366000,69.735000,1,1,1.000000,1,84,28,2401
bug-bug2-bounded,with_roads,building_blocks,238,606,1,416.335000,77.973000,1,1,1.000000,1,78,26,2401
bug-bug2-bounded,no_roads,butterfly,25,922,1,435.187000,59.191000,1,1,1.000000,1,87,29,961
bug-bug2-bounded,no_roads,butterfly,326,287,1,141.828000,57.240000,1,1,1.000000,1,24,8,961
bug-bug2-bounded,no_roads,butterfly,261,148,1,139.922000,25.680000,1,1,1.000000,1,33,11,961
bug-bug2-bounded,no_roads,butterfly,676,89,1,343.661000,50.976000,1,1,1.000000,1,63,21,961
bug-bug2-bounded,no_roads,butterfly,732,509,1,190.940000,64.813000,1,1,1.000000,1,33,11,961
bug-bug2-bounded,no_roads,butterfly,32,30,1,378.048000,29.882000,1,1,1.000000,1,87,29,961
bug-bug2-bounded,no_roads,butterfly,95,255,1,124.433000,45.282000,1,1,1.000000,1,24,8,961
bug-bug2-bounded,no_roads,butterfly,695,230,1,312.699000,63.583000,1,1,1.000000,1,54,18,961
bug-bug2-bounded,no_roads,butterfly,506,257,1,119.273000,29.493000,1,1,1.000000,1,24,8,961
bug-bug2-bounded,no_roads,butterfly,547,731,1,87.061000,25.108000,1,1,1.000000,1,18,6,961
bug-bug2-bounded,with_roads,butterfly,25,922,1,434.193000,55.958000,1,1,1.000000,1,87,29,961
bug-bug2-bounded,with_roads,butterfly,326,287,1,141.823000,56.608000,1,1,1.000000,1,24,8,961
bug-bug2-bounded,with_roads,butterfly,261,148,1,137.564000,26.127000,1,1,1.000000,1,33,11,961
bug-bug2-bounded,with_roads,butterfly,676,89,1,321.801000,51.518000,1,1,1.000000,1,63,21,961
bug-bug2-bounded,with_roads,butterfly,732,509,1,184.404000,63.804000,1,1,1.000000,1,33,11,961
bug-bug2-bounded,with_roads,butterfly,32,30,1,381.302000,29.254000,1,1,1.024691,1,83,29,961
bug-bug2-bounded,with_roads,butterfly,95,255,1,123.606000,44.212000,1,1,1.200000,0,24,8,961
bug-bug2-bounded,with_roads,butterfly,695,230,1,283.914000,61.297000,1,1,1.000000,1,54,18,961
bug-bug2-bounded,with_roads,butterfly,506,257,1,108.152000,26.247000,1,1,1.000000,1,24,8,961
bug-bug2-bounded,with_roads,butterfly,547,731,1,81.780000,24.505000,1,1,1.000000,1,18,6,961
bug-bug2-bounded,no_roads,castle_keep,486,102,1,666.372000,88.451000,1,1,1.000000,1,129,43,2401
bug-bug2-bounded,no_roads,castle_keep,1278,1127,1,94.975000,33.182000,1,1,1.000000,1,12,4,2401
bug-bug2-bounded,no_roads,castle_keep,1030,606,1,341.995000,63.761000,1,1,1.000000,1,54,18,2401
bug-bug2-bounded,no_roads,castle_keep,448,381,1,440.162000,40.326000,1,1,1.000000,1,93,31,2401
bug-bug2-bounded,no_roads,castle_keep,1988,133,1,1052.766000,77.275000,1,1,1.333333,0,204,68,2401
bug-bug2-bounded,no_roads,castle_keep,125,410,1,164.185000,56.520000,1,1,1.000000,1,27,9,2401
bug-bug2-bounded,no_roads,castle_keep,1009,1072,1,856.079000,75.402000,1,1,1.545455,0,153,51,2401
bug-bug2-bounded,no_roads,castle_keep,2349,111,1,848.939000,95.929000,1,1,1.020000,1,153,51,2401
bug-bug2-bounded,no_roads,castle_keep,921,1978,1,878.144000,89.774000,1,1,1.244444,1,168,56,2401
bug-bug2-bounded,no_roads,castle_keep,1017,2109,1,772.321000,75.322000,1,1,1.130435,1,156,52,2401
bug-bug2-bounded,with_roads,castle_keep,486,102,1,657.270000,82.783000,1,1,1.285714,1,117,43,2401
bug-bug2-bounded,with_roads,castle_keep,1278,1127,1,80.557000,33.052000,1,1,1.000000,1,12,4,2401
bug-bug2-bounded,with_roads,castle_keep,1030,606,1,329.214000,67.886000,1,1,1.000000,1,54,18,2401
bug-bug2-bounded,with_roads,castle_keep,448,381,1,409.548000,35.872000,1,1,1.246575,1,91,31,2401
bug-bug2-bounded,with_roads,castle_keep,1988,133,1,1058.829000,70.985000,1,1,1.900000,0,190,68,2401
bug-bug2-bounded,with_roads,castle_keep,125,410,1,148.542000,38.913000,1,1,1.086957,1,25,9,2401
bug-bug2-bounded,with_roads,castle_keep,1009,1072,1,853.497000,68.303000,1,1,1.566667,0,141,51,2401
bug-bug2-bounded,with_roads,castle_keep,2349,111,1,827.124000,73.520000,1,1,1.500000,1,99,51,2401
bug-bug2-bounded,with_roads,castle_keep,921,1978,1,881.771000,67.660000,1,1,1.373913,1,158,56,2401
bug-bug2-bounded,with_roads,castle_keep,1017,2109,1,801.697000,93.151000,1,1,1.245614,1,142,52,2401
bug-bug2-bounded,no_roads,chemistry_class,1419,228,1,438.430000,80.841000,1,1,1.000000,1,90,30,1600
bug-bug2-bounded,no_roads,chemistry_class,51,565,1,196.178000,35.282000,1,1,1.000000,1,39,13,1600
bug-bug2-bounded,no_roads,chemistry_class,501,457,1,63.465000,25.536000,1,1,1.000000,1,12,4,1600
bug-bug2-bounded,no_roads,chemistry_class,285,209,1,63.004000,25.879000,1,1,1.000000,1,12,4,1600
bug-bug2-bounded,no_roads,chemistry_class,1507,1189,1,170.752000,63.150000,1,1,1.000000,1,27,9,1600
bug-bug2-bounded,no_roads,chemistry_class,178,1297,1,401.225000,62.084000,1,1,1.000000,1,84,28,1600
bug-bug2-bounded,no_roads,chemistry_class,892,65,1,320.219000,51.730000,1,1,1.000000,1,63,21,1600
bug-bug2-bounded,no_roads,chemistry_class,61,191,1,144.883000,30.077000,1,1,1.000000,1,30,10,1600
bug-bug2-bounded,no_roads,chemistry_class,447,476,1,374.794000,32.549000,1,1,1.000000,1,87,29,1600
bug-bug2-bounded,no_roads,chemistry_class,1091,1323,1,113.591000,29.011000,1,1,1.000000,1,24,8,1600
bug-bug2-bounded,with_roads,chemistry_class,1419,228,1,429.045000,74.794000,1,1,1.105263,1,84,30,1600
bug-bug2-bounded,with_roads,chemistry_class,51,565,1,195.206000,36.813000,1,1,1.346154,0,35,13,1600
bug-bug2-bounded,with_roads,chemistry_class,501,457,1,62.320000,25.427000,1,1,1.000000,1,12,4,1600
bug-bug2-bounded,with_roads,chemistry_class,285,209,1,63.161000,26.054000,1,1,1.000000,1,12,4,1600
bug-bug2-bounded,with_roads,chemistry_class,1507,1189,1,180.121000,62.012000,1,1,1.000000,1,27,9,1600
bug-bug2-bounded,with_roads,chemistry_class,178,1297,1,396.131000,61.312000,1,1,1.000000,1,84,28,1600
bug-bug2-bounded,with_roads,chemistry_class,892,65,1,312.537000,50.166000,1,1,1.036364,1,57,21,1600
bug-bug2-bounded,with_roads,chemistry_class,61,191,1,148.881000,31.684000,1,1,1.375000,1,22,10,1600
bug-bug2-bounded,with_roads,chemistry_class,447,476,1,393.554000,32.951000,1,1,1.528302,0,81,29,1600
bug-bug2-bounded,with_roads,chemistry_class,1091,1323,1,111.434000,28.409000,1,1,1.000000,1,24,8,1600
bug-bug2-bounded,no_roads,chess,1895,369,1,538.254000,73.670000,1,1,1.000000,1,96,32,2401
bug-bug2-bounded,no_roads,chess,112,2191,1,641.671000,72.915000,1,1,1.000000,1,126,42,2401
bug-bug2-bounded,no_roads,chess,819,744,1,396.349000,61.313000,1,1,1.000000,1,78,26,2401
bug-bug2-bounded,no_roads,chess,690,438,1,618.565000,73.264000,1,1,1.000000,1,126,42,2401
bug-bug2-bounded,no_roads,chess,2179,346,1,555.902000,68.056000,1,1,1.000000,1,111,37,2401
bug-bug2-bounded,no_roads,chess,1988,2189,1,87.110000,40.147000,1,1,1.000000,1,15,5,2401
bug-bug2-bounded,no_roads,chess,1619,267,1,504.578000,74.716000,1,1,1.000000,1,90,30,2401
bug-bug2-bounded,no_roads,chess,1732,1269,1,410.736000,75.022000,1,1,1.000000,1,81,27,2401
bug-bug2-bounded,no_roads,chess,129,124,1,151.098000,61.401000,1,1,1.000000,1,24,8,2401
bug-bug2-bounded,no_roads,chess,283,677,1,189.507000,64.910000,1,1,1.000000,1,30,10,2401
bug-bug2-bounded,with_roads,chess,1895,369,1,494.403000,80.120000,1,1,1.586207,0,92,32,2401
bug-bug2-bounded,with_roads,chess,112,2191,1,700.560000,74.575000,1,1,1.774194,1,110,42,2401
bug-bug2-bounded,with_roads,chess,819,744,1,391.819000,60.258000,1,1,1.423077,1,74,26,2401
bug-bug2-bounded,with_roads,chess,690,438,1,604.966000,71.165000,1,1,1.386364,1,122,42,2401
bug-bug2-bounded,with_roads,chess,2179,346,1,552.579000,72.394000,1,1,1.656716,1,111,37,2401
bug-bug2-bounded,with_roads,chess,1988,2189,1,90.748000,46.629000,1,1,1.000000,1,15,5,2401
bug-bug2-bounded,with_roads,chess,1619,267,1,529.214000,82.824000,1,1,1.073171,1,88,30,2401
bug-bug2-bounded,with_roads,chess,1732,1269,1,412.287000,74.737000,1,1,1.179104,1,79,27,2401
bug-bug2-bounded,with_roads,chess,129,124,1,149.966000,62.301000,1,1,1.000000,1,24,8,2401
bug-bug2-bounded,with_roads,chess,283,677,1,176.353000,68.143000,1,1,1.000000,1,30,10,2401
bug-bug2-bounded,no_roads,chrysanthemum,1700,252,1,454.507000,46.817000,1,1,1.000000,1,87,29,2300
bug-bug2-bounded,no_roads,chrysanthemum,51,1960,1,783.161000,69.376000,1,1,1.000000,1,141,47,2300
bug-bug2-bounded,no_roads,chrysanthemum,679,600,1,588.414000,62.701000,1,1,1.225806,1,114,38,2300
bug-bug2-bounded,no_roads,chrysanthemum,541,333,1,105.265000,28.148000,1,1,1.000000,1,24,8,2300
bug-bug2-bounded,no_roads,chrysanthemum,1948,225,1,745.979000,80.179000,1,1,1.022222,1,138,46,2300
bug-bug2-bounded,no_roads,chrysanthemum,1805,1956,1,53.640000,30.993000,1,1,1.000000,1,9,3,2300
bug-bug2-bounded,no_roads,chrysanthemum,1444,193,1,323.971000,53.275000,1,1,1.000000,1,75,25,2300
bug-bug2-bounded,no_roads,chrysanthemum,1563,1096,1,664.391000,66.766000,1,1,1.058824,1,108,36,2300
bug-bug2-bounded,no_roads,chrysanthemum,65,61,1,74.830000,33.257000,1,1,1.000000,1,12,4,2300
bug-bug2-bounded,no_roads,chrysanthemum,206,519,1,336.661000,69.140000,1,1,1.000000,1,54,18,2300
bug-bug2-bounded,with_roads,chrysanthemum,1700,252,1,455.420000,46.074000,1,1,1.491228,1,85,29,2300
bug-bug2-bounded,with_roads,chrysanthemum,51,1960,1,804.336000,67.590000,1,1,1.763889,0,127,47,2300
bug-bug2-bounded,with_roads,chrysanthemum,679,600,1,618.809000,63.461000,1,1,1.361111,1,98,38,2300
bug-bug2-bounded,with_roads,chrysanthemum,541,333,1,105.506000,29.156000,1,1,1.000000,1,24,8,2300
bug-bug2-bounded,with_roads,chrysanthemum,1948,225,1,738.171000,78.972000,1,1,1.022222,1,138,46,2300
bug-bug2-bounded,with_roads,chrysanthemum,1805,1956,1,53.422000,30.148000,1,1,1.000000,1,9,3,2300
bug-bug2-bounded,with_roads,chrysanthemum,1444,193,1,346.254000,53.244000,1,1,1.000000,1,75,25,2300
bug-bug2-bounded,with_roads,chrysanthemum,1563,1096,1,689.339000,69.304000,1,1,1.106383,1,104,36,2300
bug-bug2-bounded,with_roads,chrysanthemum,65,61,1,73.315000,30.903000,1,1,1.000000,1,12,4,2300
bug-bug2-bounded,with_roads,chrysanthemum,206,519,1,320.419000,70.660000,1,1,1.000000,1,54,18,2300
bug-bug2-bounded,no_roads,cinnamon_roll,815,128,1,306.071000,51.116000,1,1,1.000000,1,69,23,900
bug-bug2-bounded,no_roads,cinnamon_roll,25,331,1,385.291000,61.822000,1,1,1.000000,1,75,25,900
bug-bug2-bounded,no_roads,cinnamon_roll,289,264,1,88.393000,39.517000,1,1,1.000000,1,15,5,900
bug-bug2-bounded,no_roads,cinnamon_roll,159,117,1,226.354000,42.281000,1,1,1.000000,1,54,18,900
bug-bug2-bounded,no_roads,cinnamon_roll,862,709,1,102.263000,44.207000,1,1,1.000000,1,15,5,900
bug-bug2-bounded,no_roads,cinnamon_roll,100,760,1,298.376000,51.229000,1,1,1.000000,1,66,22,900
bug-bug2-bounded,no_roads,cinnamon_roll,547,32,1,270.341000,56.102000,1,1,1.000000,1,51,17,900
bug-bug2-bounded,no_roads,cinnamon_roll,30,106,1,251.448000,47.444000,1,1,1.000000,1,48,16,900
bug-bug2-bounded,no_roads,cinnamon_roll,258,276,1,163.778000,40.943000,1,1,1.000000,1,36,12,900
bug-bug2-bounded,no_roads,cinnamon_roll,653,773,1,70.599000,32.212000,1,1,1.000000,1,12,4,900
bug-bug2-bounded,with_roads,cinnamon_roll,815,128,1,323.988000,55.937000,1,1,1.418605,1,61,23,900
bug-bug2-bounded,with_roads,cinnamon_roll,25,331,1,403.464000,64.286000,1,1,1.224138,1,71,25,900
bug-bug2-bounded,with_roads,cinnamon_roll,289,264,1,117.931000,49.921000,1,1,1.000000,1,15,5,900
bug-bug2-bounded,with_roads,cinnamon_roll,159,117,1,216.403000,44.485000,1,1,1.384615,0,54,18,900
bug-bug2-bounded,with_roads,cinnamon_roll,862,709,1,107.821000,46.611000,1,1,1.000000,1,15,5,900
bug-bug2-bounded,with_roads,cinnamon_roll,100,760,1,311.200000,63.596000,1,1,1.302326,0,56,22,900
bug-bug2-bounded,with_roads,cinnamon_roll,547,32,1,283.268000,59.783000,1,1,1.620690,1,47,17,900
bug-bug2-bounded,with_roads,cinnamon_roll,30,106,1,245.585000,50.484000,1,1,1.642857,0,46,16,900
bug-bug2-bounded,with_roads,cinnamon_roll,258,276,1,173.383000,44.018000,1,1,1.600000,0,32,12,900
bug-bug2-bounded,with_roads,cinnamon_roll,653,773,1,74.024000,33.004000,1,1,1.000000,1,12,4,900
bug-bug2-bounded,no_roads,clash_arena,159,44,1,153.233000,40.062000,1,1,1.000000,1,30,10,672
bug-bug2-bounded,no_roads,clash_arena,352,313,1,103.008000,42.270000,1,1,1.000000,1,15,5,672
bug-bug2-bounded,no_roads,clash_arena,285,191,1,134.953000,27.256000,1,1,1.000000,1,30,10,672
bug-bug2-bounded,no_roads,clash_arena,149,124,1,239.146000,51.673000,1,1,1.000000,1,51,17,672
bug-bug2-bounded,no_roads,clash_arena,523,51,1,312.229000,52.537000,1,1,1.000000,1,66,22,672
bug-bug2-bounded,no_roads,clash_arena,49,135,1,60.710000,25.974000,1,1,1.000000,1,12,4,672
bug-bug2-bounded,no_roads,clash_arena,280,298,1,79.915000,38.778000,1,1,1.000000,1,9,3,672
bug-bug2-bounded,no_roads,clash_arena,636,46,1,430.179000,55.111000,1,1,1.000000,1,84,28,672
bug-bug2-bounded,no_roads,clash_arena,258,520,1,169.885000,28.394000,1,1,1.000000,1,36,12,672
bug-bug2-bounded,no_roads,clash_arena,282,564,1,200.369000,37.109000,1,1,1.000000,1,39,13,672
bug-bug2-bounded,with_roads,clash_arena,159,44,1,148.486000,40.103000,1,1,1.181818,1,26,10,672
bug-bug2-bounded,with_roads,clash_arena,352,313,1,99.341000,41.797000,1,1,1.000000,1,15,5,672
bug-bug2-bounded,with_roads,clash_arena,285,191,1,142.582000,34.233000,1,1,1.750000,0,28,10,672
bug-bug2-bounded,with_roads,clash_arena,149,124,1,235.436000,52.477000,1,1,1.093023,0,47,17,672
bug-bug2-bounded,with_roads,clash_arena,523,51,1,310.334000,51.285000,1,1,2.062500,1,66,22,672
bug-bug2-bounded,with_roads,clash_arena,49,135,1,59.740000,25.574000,1,1,1.000000,1,12,4,672
bug-bug2-bounded,with_roads,clash_arena,280,298,1,63.534000,37.734000,1,1,1.000000,1,5,3,672
bug-bug2-bounded,with_roads,clash_arena,636,46,1,413.877000,57.022000,1,1,1.409091,1,62,28,672
bug-bug2-bounded,with_roads,clash_arena,258,520,1,181.098000,27.800000,1,1,1.000000,1,12,12,672
bug-bug2-bounded,with_roads,clash_arena,282,564,1,191.615000,36.162000,1,1,1.631579,0,31,13,672
bug-bug2-bounded,no_roads,climbing_wall,720,120,1,389.480000,35.306000,1,1,1.000000,1,90,30,1000
bug-bug2-bounded,no_roads,climbing_wall,25,837,1,660.067000,60.263000,1,1,1.022727,1,135,45,1000
bug-bug2-bounded,no_roads,climbing_wall,305,272,1,349.961000,56.456000,1,1,1.040000,1,78,26,1000
bug-bug2-bounded,no_roads,climbing_wall,246,152,1,222.736000,53.898000,1,1,1.000000,1,48,16,1000
bug-bug2-bounded,no_roads,climbing_wall,832,108,1,518.966000,50.825000,1,1,1.000000,1,129,43,1000
bug-bug2-bounded,no_roads,climbing_wall,762,836,1,970.395000,62.491000,1,1,1.065789,0,243,81,1000
bug-bug2-bounded,no_roads,climbing_wall,614,93,1,308.735000,32.682000,1,1,1.000000,1,78,26,1000
bug-bug2-bounded,no_roads,climbing_wall,664,474,1,669.886000,60.808000,1,1,1.000000,1,159,53,1000
bug-bug2-bounded,no_roads,climbing_wall,32,30,1,44.199000,25.932000,1,1,1.000000,1,6,2,1000
bug-bug2-bounded,no_roads,climbing_wall,99,241,1,309.367000,53.215000,1,1,1.000000,1,60,20,1000
bug-bug2-bounded,with_roads,climbing_wall,720,120,1,398.406000,36.375000,1,1,1.000000,1,90,30,1000
bug-bug2-bounded,with_roads,climbing_wall,25,837,1,680.210000,60.009000,1,1,1.023077,1,133,45,1000
bug-bug2-bounded,with_roads,climbing_wall,305,272,1,361.785000,59.787000,1,1,1.040000,1,78,26,1000
bug-bug2-bounded,with_roads,climbing_wall,246,152,1,228.766000,56.861000,1,1,1.000000,1,48,16,1000
bug-bug2-bounded,with_roads,climbing_wall,832,108,1,529.210000,53.008000,1,1,1.000000,1,129,43,1000
bug-bug2-bounded,with_roads,climbing_wall,762,836,1,969.529000,63.295000,1,1,1.065789,0,243,81,1000
bug-bug2-bounded,with_roads,climbing_wall,614,93,1,307.377000,32.082000,1,1,1.000000,1,78,26,1000
bug-bug2-bounded,with_roads,climbing_wall,664,474,1,652.548000,56.482000,1,1,1.000000,1,159,53,1000
bug-bug2-bounded,with_roads,climbing_wall,32,30,1,39.344000,25.330000,1,1,1.000000,1,6,2,1000
bug-bug2-bounded,with_roads,climbing_wall,99,241,1,304.585000,51.805000,1,1,1.000000,1,60,20,1000
bug-bug2-bounded,no_roads,coffee,1693,279,1,463.656000,71.964000,1,1,1.000000,1,84,28,2500
bug-bug2-bounded,no_roads,coffee,69,1997,1,735.614000,79.362000,1,1,1.000000,1,141,47,2500
bug-bug2-bounded,no_roads,coffee,730,637,1,134.147000,52.507000,1,1,1.000000,1,21,7,2500
bug-bug2-bounded,no_roads,coffee,573,347,1,383.499000,62.515000,1,1,1.000000,1,72,24,2500
bug-bug2-bounded,no_roads,coffee,1983,256,1,800.346000,76.044000,1,1,1.066667,1,144,48,2500
bug-bug2-bounded,no_roads,coffee,1794,1995,1,167.834000,73.948000,1,1,1.000000,1,27,9,2500
bug-bug2-bounded,no_roads,coffee,2368,1465,1,271.787000,65.529000,1,1,1.000000,1,54,18,2500
bug-bug2-bounded,no_roads,coffee,218,1575,1,739.447000,64.592000,1,1,1.484848,1,147,49,2500
bug-bug2-bounded,no_roads,coffee,1097,85,1,553.463000,88.256000,1,1,1.000000,1,90,30,2500
bug-bug2-bounded,no_roads,coffee,81,234,1,71.764000,40.888000,1,1,1.000000,1,9,3,2500
bug-bug2-bounded,with_roads,coffee,1693,279,1,463.934000,78.206000,1,1,1.000000,1,84,28,2500
bug-bug2-bounded,with_roads,coffee,69,1997,1,734.187000,76.139000,1,1,1.000000,1,141,47,2500
bug-bug2-bounded,with_roads,coffee,730,637,1,126.997000,51.714000,1,1,1.000000,1,21,7,2500
bug-bug2-bounded,with_roads,coffee,573,347,1,375.925000,60.591000,1,1,1.000000,1,72,24,2500
bug-bug2-bounded,with_roads,coffee,1983,256,1,796.248000,68.381000,1,1,1.431579,1,136,48,2500
bug-bug2-bounded,with_roads,coffee,1794,1995,1,175.655000,72.001000,1,1,1.000000,1,27,9,2500
bug-bug2-bounded,with_roads,coffee,2368,1465,1,271.825000,64.440000,1,1,1.000000,1,54,18,2500
bug-bug2-bounded,with_roads,coffee,218,1575,1,776.309000,71.306000,1,1,1.484848,1,147,49,2500
bug-bug2-bounded,with_roads,coffee,1097,85,1,546.628000,69.411000,1,1,1.000000,1,90,30,2500
bug-bug2-bounded,with_roads,coffee,81,234,1,69.778000,38.216000,1,1,1.000000,1,9,3,2500
bug-bug2-bounded,no_roads,cold,243,51,1,129.088000,48.348000,1,1,1.000000,1,21,7,1369
bug-bug2-bounded,no_roads,cold,617,546,1,86.509000,43.381000,1,1,1.000000,1,12,4,1369
bug-bug2-bounded,no_roads,cold,493,304,1,83.334000,28.015000,1,1,1.000000,1,15,5,1369
bug-bug2-bounded,no_roads,cold,223,1204,1,379.889000,49.371000,1,1,1.000000,1,78,26,1369
bug-bug2-bounded,no_roads,cold,190,1307,1,453.679000,50.922000,1,1,1.000000,1,90,30,1369
bug-bug2-bounded,no_roads,cold,939,65,1,389.233000,56.445000,1,1,1.000000,1,72,24,1369
bug-bug2-bounded,no_roads,cold,61,204,1,121.340000,47.975000,1,1,1.000000,1,18,6,1369
bug-bug2-bounded,no_roads,cold,481,516,1,528.972000,53.176000,1,1,1.000000,1,105,35,1369
bug-bug2-bounded,no_roads,cold,1116,1330,1,457.777000,61.342000,1,1,1.000000,1,87,29,1369
bug-bug2-bounded,no_roads,cold,54,1241,1,465.121000,47.213000,1,1,1.000000,1,96,32,1369
bug-bug2-bounded,with_roads,cold,243,51,1,129.648000,49.887000,1,1,1.166667,1,21,7,1369
bug-bug2-bounded,with_roads,cold,617,546,1,85.322000,42.453000,1,1,1.000000,1,12,4,1369
bug-bug2-bounded,with_roads,cold,493,304,1,81.934000,24.460000,1,1,1.000000,1,15,5,1369
bug-bug2-bounded,with_roads,cold,223,1204,1,384.881000,39.421000,1,1,1.000000,1,78,26,1369
bug-bug2-bounded,with_roads,cold,190,1307,1,458.749000,53.643000,1,1,1.000000,1,90,30,1369
bug-bug2-bounded,with_roads,cold,939,65,1,423.003000,89.806000,1,1,1.000000,1,72,24,1369
bug-bug2-bounded,with_roads,cold,61,204,1,118.730000,46.320000,1,1,1.000000,1,18,6,1369
bug-bug2-bounded,with_roads,cold,481,516,1,524.034000,52.594000,1,1,1.141304,1,105,35,1369
bug-bug2-bounded,with_roads,cold,1116,1330,1,461.622000,59.387000,1,1,1.000000,1,87,29,1369
bug-bug2-bounded,with_roads,cold,54,1241,1,456.464000,44.441000,1,1,1.000000,1,96,32,1369
bug-bug2-bounded,no_roads,corridors,818,121,1,692.540000,74.027000,1,1,1.054054,1,117,39,961
bug-bug2-bounded,no_roads,corridors,25,934,1,782.533000,72.313000,1,1,1.000000,1,129,43,961
bug-bug2-bounded,no_roads,corridors,336,296,1,347.839000,59.293000,1,1,1.000000,1,57,19,961
bug-bug2-bounded,no_roads,corridors,268,156,1,502.494000,53.357000,1,1,1.000000,1,75,25,961
bug-bug2-bounded,no_roads,corridors,929,107,1,664.741000,60.047000,1,1,1.000000,1,114,38,961
bug-bug2-bounded,no_roads,corridors,867,933,1,428.275000,35.508000,1,1,1.000000,1,81,27,961
bug-bug2-bounded,no_roads,corridors,694,89,1,667.054000,57.337000,1,1,1.312500,1,126,42,961
bug-bug2-bounded,no_roads,corridors,753,531,1,247.481000,56.858000,1,1,1.133333,0,51,17,961
bug-bug2-bounded,no_roads,corridors,32,30,1,370.841000,27.961000,1,1,1.000000,1,87,29,961
bug-bug2-bounded,no_roads,corridors,95,261,1,274.766000,54.611000,1,1,1.000000,1,45,15,961
bug-bug2-bounded,with_roads,corridors,818,121,1,693.867000,69.205000,1,1,1.081395,0,93,39,961
bug-bug2-bounded,with_roads,corridors,25,934,1,747.312000,67.552000,1,1,1.237624,1,125,43,961
bug-bug2-bounded,with_roads,corridors,336,296,1,341.457000,58.889000,1,1,1.222222,1,55,19,961
bug-bug2-bounded,with_roads,corridors,268,156,1,507.014000,53.564000,1,1,1.742857,1,61,25,961
bug-bug2-bounded,with_roads,corridors,929,107,1,649.717000,53.731000,1,1,1.051282,1,82,38,961
bug-bug2-bounded,with_roads,corridors,867,933,1,432.911000,36.157000,1,1,1.000000,1,81,27,961
bug-bug2-bounded,with_roads,corridors,694,89,1,681.308000,56.819000,1,1,1.395349,1,120,42,961
bug-bug2-bounded,with_roads,corridors,753,531,1,247.267000,55.397000,1,1,1.133333,0,51,17,961
bug-bug2-bounded,with_roads,corridors,32,30,1,373.936000,29.092000,1,1,1.571429,0,77,29,961
bug-bug2-bounded,with_roads,corridors,95,261,1,282.298000,55.632000,1,1,1.285714,1,45,15,961
bug-bug2-bounded,no_roads,craters,963,308,1,185.369000,33.986000,1,1,1.000000,1,39,13,1500
bug-bug2-bounded,no_roads,craters,120,1092,1,358.414000,75.119000,1,1,1.000000,1,72,24,1500
bug-bug2-bounded,no_roads,craters,530,489,1,133.327000,27.700000,1,1,1.000000,1,27,9,1500
bug-bug2-bounded,no_roads,craters,463,345,1,464.691000,61.497000,1,1,1.031250,1,99,33,1500
bug-bug2-bounded,no_roads,craters,1087,289,1,229.198000,34.547000,1,1,1.000000,1,48,16,1500
bug-bug2-bounded,no_roads,craters,1010,1091,1,656.861000,57.392000,1,1,1.387097,1,129,43,1500
bug-bug2-bounded,no_roads,craters,1359,852,1,181.007000,60.207000,1,1,1.000000,1,30,10,1500
bug-bug2-bounded,no_roads,craters,269,906,1,187.927000,28.057000,1,1,1.000000,1,39,13,1500
bug-bug2-bounded,no_roads,craters,708,144,1,668.260000,58.292000,1,1,1.100000,1,132,44,1500
bug-bug2-bounded,no_roads,craters,136,278,1,148.692000,61.096000,1,1,1.000000,1,24,8,1500
bug-bug2-bounded,with_roads,craters,963,308,1,187.602000,37.601000,1,1,1.000000,1,39,13,1500
bug-bug2-bounded,with_roads,craters,120,1092,1,365.680000,76.162000,1,1,1.000000,1,62,24,1500
bug-bug2-bounded,with_roads,craters,530,489,1,125.062000,27.345000,1,1,1.038462,1,27,9,1500
bug-bug2-bounded,with_roads,craters,463,345,1,449.135000,56.087000,1,1,1.557692,0,81,33,1500
bug-bug2-bounded,with_roads,craters,1087,289,1,219.099000,30.350000,1,1,1.043478,1,48,16,1500
bug-bug2-bounded,with_roads,craters,1010,1091,1,620.145000,54.126000,1,1,1.387097,1,129,43,1500
bug-bug2-bounded,with_roads,craters,1359,852,1,170.585000,58.091000,1,1,1.000000,1,30,10,1500
bug-bug2-bounded,with_roads,craters,269,906,1,174.386000,27.733000,1,1,1.000000,1,39,13,1500
bug-bug2-bounded,with_roads,craters,708,144,1,652.829000,61.237000,1,1,1.684211,1,128,44,1500
bug-bug2-bounded,with_roads,craters,136,278,1,173.584000,63.665000,1,1,1.000000,1,10,8,1500
bug-bug2-bounded,no_roads,cubes,523,116,1,661.140000,71.609000,1,1,1.235294,0,126,42,2500
bug-bug2-bounded,no_roads,cubes,1317,1194,1,383.388000,37.489000,1,1,1.000000,1,81,27,2500
bug-bug2-bounded,no_roads,cubes,1094,670,1,436.316000,61.083000,1,1,1.040000,1,78,26,2500
bug-bug2-bounded,no_roads,cubes,479,407,1,613.705000,57.563000,1,1,1.172414,0,102,34,2500
bug-bug2-bounded,no_roads,cubes,2054,146,1,1213.972000,78.671000,1,1,1.109375,0,213,71,2500
bug-bug2-bounded,no_roads,cubes,138,438,1,99.141000,35.681000,1,1,1.000000,1,18,6,2500
bug-bug2-bounded,no_roads,cubes,1073,1139,1,258.976000,64.318000,1,1,1.000000,1,48,16,2500
bug-bug2-bounded,no_roads,cubes,2449,123,1,669.840000,59.731000,1,1,1.000000,1,138,46,2500
bug-bug2-bounded,no_roads,cubes,972,2043,1,536.037000,66.021000,1,1,1.066667,0,96,32,2500
bug-bug2-bounded,no_roads,cubes,1081,2184,1,377.656000,67.494000,1,1,1.000000,1,66,22,2500
bug-bug2-bounded,with_roads,cubes,523,116,1,687.911000,76.431000,1,1,1.421053,0,108,42,2500
bug-bug2-bounded,with_roads,cubes,1317,1194,1,374.168000,38.462000,1,1,1.680851,1,79,27,2500
bug-bug2-bounded,with_roads,cubes,1094,670,1,445.559000,64.571000,1,1,1.418182,0,78,26,2500
bug-bug2-bounded,with_roads,cubes,479,407,1,618.900000,58.860000,1,1,1.396226,0,74,34,2500
bug-bug2-bounded,with_roads,cubes,2054,146,1,1195.500000,77.916000,1,1,1.240741,0,201,71,2500
bug-bug2-bounded,with_roads,cubes,138,438,1,101.439000,37.282000,1,1,1.000000,1,18,6,2500
bug-bug2-bounded,with_roads,cubes,1073,1139,1,266.779000,69.071000,1,1,1.357143,1,38,16,2500
bug-bug2-bounded,with_roads,cubes,2449,123,1,686.373000,64.844000,1,1,1.148515,1,116,46,2500
bug-bug2-bounded,with_roads,cubes,972,2043,1,558.608000,71.264000,1,1,1.500000,1,72,32,2500
bug-bug2-bounded,with_roads,cubes,1081,2184,1,393.027000,73.976000,1,1,1.150000,1,46,22,2500
bug-bug2-bounded,no_roads,default_large1,1413,258,1,408.669000,60.268000,1,1,1.000000,1,87,29,1600
bug-bug2-bounded,no_roads,default_large1,51,612,1,275.914000,62.552000,1,1,1.214286,1,51,17,1600
bug-bug2-bounded,no_roads,default_large1,549,503,1,97.104000,26.676000,1,1,1.000000,1,18,6,1600
bug-bug2-bounded,no_roads,default_large1,320,237,1,535.512000,57.543000,1,1,1.027027,1,114,38,1600
bug-bug2-bounded,no_roads,default_large1,1511,1204,1,405.726000,59.954000,1,1,1.000000,1,81,27,1600
bug-bug2-bounded,no_roads,default_large1,202,1301,1,445.615000,65.165000,1,1,1.035714,1,87,29,1600
bug-bug2-bounded,no_roads,default_large1,940,65,1,466.795000,56.386000,1,1,1.148148,1,93,31,1600
bug-bug2-bounded,no_roads,default_large1,61,217,1,159.195000,51.081000,1,1,1.000000,1,27,9,1600
bug-bug2-bounded,no_roads,default_large1,491,522,1,156.225000,47.337000,1,1,1.000000,1,27,9,1600
bug-bug2-bounded,no_roads,default_large1,1118,1328,1,407.781000,50.657000,1,1,1.000000,1,90,30,1600
bug-bug2-bounded,with_roads,default_large1,1413,258,1,403.207000,54.808000,1,1,1.208333,0,87,29,1600
bug-bug2-bounded,with_roads,default_large1,51,612,1,277.158000,65.650000,1,1,1.097561,0,45,17,1600
bug-bug2-bounded,with_roads,default_large1,549,503,1,88.838000,27.296000,1,1,1.000000,1,18,6,1600
bug-bug2-bounded,with_roads,default_large1,320,237,1,536.462000,56.722000,1,1,2.000000,0,106,38,1600
bug-bug2-bounded,with_roads,default_large1,1511,1204,1,407.342000,54.861000,1,1,1.350000,1,81,27,1600
bug-bug2-bounded,with_roads,default_large1,202,1301,1,434.983000,60.777000,1,1,1.225352,0,87,29,1600
bug-bug2-bounded,with_roads,default_large1,940,65,1,463.714000,56.185000,1,1,1.219178,1,89,31,1600
bug-bug2-bounded,with_roads,default_large1,61,217,1,160.867000,54.065000,1,1,1.000000,1,23,9,1600
bug-bug2-bounded,with_roads,default_large1,491,522,1,147.949000,46.670000,1,1,1.000000,1,27,9,1600
bug-bug2-bounded,with_roads,default_large1,1118,1328,1,406.773000,50.056000,1,1,1.153846,1,90,30,1600
bug-bug2-bounded,no_roads,default_large2,230,51,1,409.694000,34.240000,1,1,1.000000,1,87,29,1500
bug-bug2-bounded,no_roads,default_large2,645,577,1,338.225000,64.970000,1,1,1.050000,0,63,21,1500
bug-bug2-bounded,no_roads,default_large2,529,295,1,287.677000,63.676000,1,1,1.000000,1,54,18,1500
bug-bug2-bounded,no_roads,default_large2,211,1271,1,374.455000,48.866000,1,1,1.000000,1,75,25,1500
bug-bug2-bounded,no_roads,default_large2,178,1393,1,379.613000,72.199000,1,1,1.000000,1,78,26,1500
bug-bug2-bounded,no_roads,default_large2,990,65,1,494.193000,55.290000,1,1,1.129032,1,105,35,1500
bug-bug2-bounded,no_roads,default_large2,61,191,1,433.853000,33.106000,1,1,1.000000,1,90,30,1500
bug-bug2-bounded,no_roads,default_large2,519,550,1,386.039000,64.702000,1,1,1.210526,1,69,23,1500
bug-bug2-bounded,no_roads,default_large2,1182,1423,1,487.353000,61.401000,1,1,1.166667,0,84,28,1500
bug-bug2-bounded,no_roads,default_large2,54,1307,1,365.229000,37.656000,1,1,1.000000,1,75,25,1500
bug-bug2-bounded,with_roads,default_large2,230,51,1,413.083000,35.015000,1,1,1.627451,1,83,29,1500
bug-bug2-bounded,with_roads,default_large2,645,577,1,353.000000,70.850000,1,1,1.583333,0,57,21,1500
bug-bug2-bounded,with_roads,default_large2,529,295,1,310.062000,80.175000,1,1,1.058824,0,54,18,1500
bug-bug2-bounded,with_roads,default_large2,211,1271,1,395.392000,51.922000,1,1,1.145455,1,63,25,1500
bug-bug2-bounded,with_roads,default_large2,178,1393,1,396.059000,77.758000,1,1,1.218750,1,78,26,1500
bug-bug2-bounded,with_roads,default_large2,990,65,1,517.999000,55.063000,1,1,1.444444,0,65,35,1500
bug-bug2-bounded,with_roads,default_large2,61,191,1,448.230000,34.940000,1,1,1.406250,0,90,30,1500
bug-bug2-bounded,with_roads,default_large2,519,550,1,377.572000,61.533000,1,1,1.707317,1,70,24,1500
bug-bug2-bounded,with_roads,default_large2,1182,1423,1,458.806000,60.284000,1,1,1.448276,0,84,28,1500
bug-bug2-bounded,with_roads,default_large2,54,1307,1,334.603000,35.680000,1,1,1.250000,0,75,25,1500
bug-bug2-bounded,no_roads,default_medium1,702,114,1,390.088000,67.263000,1,1,1.095238,1,69,23,900
bug-bug2-bounded,no_roads,default_medium1,25,817,1,459.460000,55.635000,1,1,1.000000,1,84,28,900
bug-bug2-bounded,no_roads,default_medium1,302,270,1,41.563000,27.183000,1,1,1.000000,1,6,2,900
bug-bug2-bounded,no_roads,default_medium1,242,148,1,380.075000,49.552000,1,1,1.000000,1,78,26,900
bug-bug2-bounded,no_roads,default_medium1,812,104,1,399.067000,64.928000,1,1,1.000000,1,72,24,900
bug-bug2-bounded,no_roads,default_medium1,744,816,1,338.447000,52.741000,1,1,1.000000,1,60,20,900
bug-bug2-bounded,no_roads,default_medium1,595,89,1,261.829000,32.586000,1,1,1.000000,1,51,17,900
bug-bug2-bounded,no_roads,default_medium1,647,466,1,92.612000,25.385000,1,1,1.000000,1,18,6,900
bug-bug2-bounded,no_roads,default_medium1,32,30,1,33.267000,21.949000,1,1,1.000000,1,6,2,900
bug-bug2-bounded,no_roads,default_medium1,95,237,1,318.317000,58.555000,1,1,1.000000,1,66,22,900
bug-bug2-bounded,with_roads,default_medium1,702,114,1,396.948000,71.338000,1,1,1.113208,1,59,23,900
bug-bug2-bounded,with_roads,default_medium1,25,817,1,538.538000,98.994000,1,1,1.057143,1,74,28,900
bug-bug2-bounded,with_roads,default_medium1,302,270,1,41.265000,27.243000,1,1,1.000000,1,6,2,900
bug-bug2-bounded,with_roads,default_medium1,242,148,1,381.038000,50.747000,1,1,1.178571,0,66,26,900
bug-bug2-bounded,with_roads,default_medium1,812,104,1,381.447000,65.342000,1,1,1.031250,1,66,24,900
bug-bug2-bounded,with_roads,default_medium1,744,816,1,329.401000,56.651000,1,1,1.000000,1,60,20,900
bug-bug2-bounded,with_roads,default_medium1,595,89,1,256.611000,32.260000,1,1,1.205128,1,47,17,900
bug-bug2-bounded,with_roads,default_medium1,647,466,1,95.709000,26.214000,1,1,1.000000,1,14,6,900
bug-bug2-bounded,with_roads,default_medium1,32,30,1,34.262000,22.949000,1,1,2.000000,0,4,2,900
bug-bug2-bounded,with_roads,default_medium1,95,237,1,338.334000,54.735000,1,1,1.578947,0,60,22,900
bug-bug2-bounded,no_roads,default_medium2,699,120,1,298.969000,55.449000,1,1,1.000000,1,57,19,900
bug-bug2-bounded,no_roads,default_medium2,25,817,1,446.344000,57.914000,1,1,1.000000,1,87,29,900
bug-bug2-bounded,no_roads,default_medium2,293,262,1,22.595000,22.595000,1,1,1.000000,1,3,1,900
bug-bug2-bounded,no_roads,default_medium2,240,150,1,46.216000,22.172000,1,1,1.000000,1,9,3,900
bug-bug2-bounded,no_roads,default_medium2,812,110,1,444.953000,62.118000,1,1,1.076923,1,84,28,900
bug-bug2-bounded,no_roads,default_medium2,746,816,1,344.286000,52.803000,1,1,1.000000,1,60,20,900
bug-bug2-bounded,no_roads,default_medium2,592,93,1,319.594000,54.918000,1,1,1.000000,1,66,22,900
bug-bug2-bounded,no_roads,default_medium2,640,463,1,88.827000,25.888000,1,1,1.000000,1,18,6,900
bug-bug2-bounded,no_roads,default_medium2,32,30,1,33.632000,22.294000,1,1,1.000000,1,6,2,900
bug-bug2-bounded,no_roads,default_medium2,99,235,1,276.797000,55.553000,1,1,1.058824,0,54,18,900
bug-bug2-bounded,with_roads,default_medium2,699,120,1,310.413000,57.579000,1,1,1.896552,1,55,19,900
bug-bug2-bounded,with_roads,default_medium2,25,817,1,440.146000,51.857000,1,1,1.051948,1,81,29,900
bug-bug2-bounded,with_roads,default_medium2,293,262,1,22.116000,22.116000,1,1,1.000000,1,3,1,900
bug-bug2-bounded,with_roads,default_medium2,240,150,1,47.497000,23.598000,1,1,1.125000,0,9,3,900
bug-bug2-bounded,with_roads,default_medium2,812,110,1,437.999000,59.925000,1,1,1.055556,1,76,28,900
bug-bug2-bounded,with_roads,default_medium2,746,816,1,343.735000,52.412000,1,1,1.000000,1,60,20,900
bug-bug2-bounded,with_roads,default_medium2,592,93,1,317.837000,55.190000,1,1,1.833333,1,66,22,900
bug-bug2-bounded,with_roads,default_medium2,640,463,1,89.386000,25.825000,1,1,1.000000,1,12,6,900
bug-bug2-bounded,with_roads,default_medium2,32,30,1,32.943000,21.598000,1,1,1.000000,1,4,2,900
bug-bug2-bounded,with_roads,default_medium2,99,235,1,277.132000,65.659000,1,1,1.058824,0,54,18,900
bug-bug2-bounded,no_roads,default_small1,353,57,1,226.167000,36.008000,1,1,1.000000,1,45,15,400
bug-bug2-bounded,no_roads,default_small1,12,151,1,121.548000,45.382000,1,1,1.000000,1,21,7,400
bug-bug2-bounded,no_roads,default_small1,136,123,1,161.995000,37.730000,1,1,1.000000,1,39,13,400
bug-bug2-bounded,no_roads,default_small1,77,52,1,83.846000,22.704000,1,1,1.000000,1,15,5,400
bug-bug2-bounded,no_roads,default_small1,372,297,1,137.079000,42.840000,1,1,1.000000,1,18,6,400
bug-bug2-bounded,no_roads,default_small1,44,322,1,218.935000,45.822000,1,1,1.000000,1,42,14,400
bug-bug2-bounded,no_roads,default_small1,231,16,1,162.210000,41.174000,1,1,1.000000,1,33,11,400
bug-bug2-bounded,no_roads,default_small1,15,47,1,128.103000,22.357000,1,1,1.000000,1,24,8,400
bug-bug2-bounded,no_roads,default_small1,120,128,1,104.169000,20.643000,1,1,1.000000,1,24,8,400
bug-bug2-bounded,no_roads,default_small1,275,333,1,50.500000,22.892000,1,1,1.000000,1,9,3,400
bug-bug2-bounded,with_roads,default_small1,353,57,1,233.782000,35.232000,1,1,1.000000,1,45,15,400
bug-bug2-bounded,with_roads,default_small1,12,151,1,120.821000,45.782000,1,1,1.000000,1,21,7,400
bug-bug2-bounded,with_roads,default_small1,136,123,1,162.101000,36.853000,1,1,1.000000,1,39,13,400
bug-bug2-bounded,with_roads,default_small1,77,52,1,84.010000,23.377000,1,1,1.000000,1,15,5,400
bug-bug2-bounded,with_roads,default_small1,372,297,1,126.341000,43.015000,1,1,1.000000,1,18,6,400
bug-bug2-bounded,with_roads,default_small1,44,322,1,229.390000,45.535000,1,1,1.000000,1,42,14,400
bug-bug2-bounded,with_roads,default_small1,231,16,1,161.384000,41.894000,1,1,1.000000,1,33,11,400
bug-bug2-bounded,with_roads,default_small1,15,47,1,125.147000,23.054000,1,1,1.000000,1,24,8,400
bug-bug2-bounded,with_roads,default_small1,120,128,1,105.086000,21.303000,1,1,1.000000,1,24,8,400
bug-bug2-bounded,with_roads,default_small1,275,333,1,48.909000,22.255000,1,1,1.000000,1,9,3,400
bug-bug2-bounded,no_roads,default_small2,377,57,1,253.440000,60.272000,1,1,1.000000,1,45,15,441
bug-bug2-bounded,no_roads,default_small2,12,429,1,430.852000,58.139000,1,1,1.086957,0,75,25,441
bug-bug2-bounded,no_roads,default_small2,158,142,1,60.559000,21.043000,1,1,1.000000,1,15,5,441
bug-bug2-bounded,no_roads,default_small2,124,72,1,164.135000,49.493000,1,1,1.000000,1,30,10,441
bug-bug2-bounded,no_roads,default_small2,427,52,1,420.568000,64.026000,1,1,1.000000,1,69,23,441
bug-bug2-bounded,no_roads,default_small2,396,429,1,139.449000,27.499000,1,1,1.000000,1,27,9,441
bug-bug2-bounded,no_roads,default_small2,319,44,1,248.633000,65.847000,1,1,1.000000,1,39,13,441
bug-bug2-bounded,no_roads,default_small2,348,241,1,234.571000,65.620000,1,1,1.181818,0,39,13,441
bug-bug2-bounded,no_roads,default_small2,16,15,1,20.463000,20.463000,1,1,1.000000,1,3,1,441
bug-bug2-bounded,no_roads,default_small2,47,121,1,194.385000,45.727000,1,1,1.000000,1,39,13,441
bug-bug2-bounded,with_roads,default_small2,377,57,1,255.476000,60.621000,1,1,1.000000,1,45,15,441
bug-bug2-bounded,with_roads,default_small2,12,429,1,442.210000,57.403000,1,1,1.119403,0,75,25,441
bug-bug2-bounded,with_roads,default_small2,158,142,1,59.835000,20.392000,1,1,1.000000,1,15,5,441
bug-bug2-bounded,with_roads,default_small2,124,72,1,164.274000,49.813000,1,1,1.250000,1,30,10,441
bug-bug2-bounded,with_roads,default_small2,427,52,1,417.125000,59.809000,1,1,1.061538,1,69,23,441
bug-bug2-bounded,with_roads,default_small2,396,429,1,142.214000,27.644000,1,1,1.000000,1,27,9,441
bug-bug2-bounded,with_roads,default_small2,319,44,1,260.441000,59.303000,1,1,1.000000,1,39,13,441
bug-bug2-bounded,with_roads,default_small2,348,241,1,231.190000,62.779000,1,1,1.181818,0,39,13,441
bug-bug2-bounded,with_roads,default_small2,16,15,1,20.914000,20.914000,1,1,1.000000,1,1,1,441
bug-bug2-bounded,with_roads,default_small2,47,121,1,192.217000,45.157000,1,1,1.560000,0,39,13,441
bug-bug2-bounded,no_roads,dna,718,123,1,520.537000,71.424000,1,1,1.000000,1,90,30,1050
bug-bug2-bounded,no_roads,dna,25,837,1,720.245000,64.168000,1,1,1.179487,1,138,46,1050
bug-bug2-bounded,no_roads,dna,300,269,1,147.212000,27.679000,1,1,1.000000,1,33,11,1050
bug-bug2-bounded,no_roads,dna,242,151,1,92.549000,25.730000,1,1,1.000000,1,21,7,1050
bug-bug2-bounded,no_roads,dna,832,113,1,735.652000,63.713000,1,1,1.171429,1,123,41,1050
bug-bug2-bounded,no_roads,dna,765,836,1,137.267000,42.721000,1,1,1.000000,1,24,8,1050
bug-bug2-bounded,no_roads,dna,1005,611,1,330.697000,53.552000,1,1,1.000000,1,57,19,1050
bug-bug2-bounded,no_roads,dna,89,668,1,528.749000,62.810000,1,1,1.142857,1,96,32,1050
bug-bug2-bounded,no_roads,dna,478,32,1,365.524000,67.277000,1,1,1.000000,1,66,22,1050
bug-bug2-bounded,no_roads,dna,30,104,1,158.318000,29.521000,1,1,1.000000,1,33,11,1050
bug-bug2-bounded,with_roads,dna,718,123,1,525.339000,83.157000,1,1,1.000000,1,90,30,1050
bug-bug2-bounded,with_roads,dna,25,837,1,698.663000,62.628000,1,1,1.182609,1,136,46,1050
bug-bug2-bounded,with_roads,dna,300,269,1,136.636000,27.241000,1,1,1.000000,1,33,11,1050
bug-bug2-bounded,with_roads,dna,242,151,1,90.103000,23.901000,1,1,1.000000,1,21,7,1050
bug-bug2-bounded,with_roads,dna,832,113,1,693.450000,62.301000,1,1,1.171429,1,123,41,1050
bug-bug2-bounded,with_roads,dna,765,836,1,123.670000,41.621000,1,1,1.000000,1,24,8,1050
bug-bug2-bounded,with_roads,dna,1005,611,1,301.950000,51.376000,1,1,1.000000,1,57,19,1050
bug-bug2-bounded,with_roads,dna,89,668,1,495.922000,61.366000,1,1,1.142857,1,96,32,1050
bug-bug2-bounded,with_roads,dna,478,32,1,353.142000,63.859000,1,1,1.031250,1,66,22,1050
bug-bug2-bounded,with_roads,dna,30,104,1,170.911000,42.949000,1,1,1.736842,0,33,11,1050
bug-bug2-bounded,no_roads,donut,652,582,1,42.643000,30.274000,1,1,1.000000,1,6,2,1225
bug-bug2-bounded,no_roads,donut,532,328,1,87.617000,25.572000,1,1,1.000000,1,18,6,1225
bug-bug2-bounded,no_roads,donut,243,208,1,29.470000,29.470000,1,1,1.000000,1,3,1,1225
bug-bug2-bounded,no_roads,donut,520,554,1,21.558000,21.558000,1,1,1.000000,1,3,1,1225
bug-bug2-bounded,no_roads,donut,470,997,1,274.938000,85.154000,1,1,1.000000,1,45,15,1225
bug-bug2-bounded,no_roads,donut,526,1067,1,239.809000,37.036000,1,1,1.000000,1,48,16,1225
bug-bug2-bounded,no_roads,donut,373,1003,1,292.322000,55.090000,1,1,1.000000,1,54,18,1225
bug-bug2-bounded,no_roads,donut,817,659,1,300.357000,66.142000,1,1,1.000000,1,51,17,1225
bug-bug2-bounded,no_roads,donut,365,510,1,181.918000,64.664000,1,1,1.111111,0,30,10,1225
bug-bug2-bounded,no_roads,donut,221,905,1,365.718000,55.169000,1,1,1.000000,1,69,23,1225
bug-bug2-bounded,with_roads,donut,652,582,1,40.699000,27.889000,1,1,1.000000,1,6,2,1225
bug-bug2-bounded,with_roads,donut,532,328,1,88.465000,25.208000,1,1,1.000000,1,18,6,1225
bug-bug2-bounded,with_roads,donut,243,208,1,24.619000,24.619000,1,1,1.000000,1,3,1,1225
bug-bug2-bounded,with_roads,donut,520,554,1,21.896000,21.896000,1,1,1.000000,1,3,1,1225
bug-bug2-bounded,with_roads,donut,470,997,1,248.176000,62.360000,1,1,1.000000,1,45,15,1225
bug-bug2-bounded,with_roads,donut,526,1067,1,226.854000,31.751000,1,1,1.000000,1,48,16,1225
bug-bug2-bounded,with_roads,donut,373,1003,1,283.191000,51.536000,1,1,1.000000,1,54,18,1225
bug-bug2-bounded,with_roads,donut,817,659,1,271.216000,60.232000,1,1,1.000000,1,51,17,1225
bug-bug2-bounded,with_roads,donut,365,510,1,174.073000,60.415000,1,1,1.111111,0,30,10,1225
bug-bug2-bounded,with_roads,donut,221,905,1,372.554000,51.288000,1,1,1.000000,1,69,23,1225
bug-bug2-bounded,no_roads,drawing_circles_is_hard,1616,264,1,469.623000,78.406000,1,1,1.000000,1,81,27,2500
bug-bug2-bounded,no_roads,drawing_circles_is_hard,51,1890,1,842.876000,85.952000,1,1,1.040816,1,153,51,2500
bug-bug2-bounded,no_roads,drawing_circles_is_hard,680,599,1,301.716000,53.965000,1,1,1.000000,1,57,19,2500
bug-bug2-bounded,no_roads,drawing_circles_is_hard,545,334,1,199.364000,60.162000,1,1,1.000000,1,33,11,2500
bug-bug2-bounded,no_roads,drawing_circles_is_hard,1877,239,1,558.013000,80.027000,1,1,1.000000,1,102,34,2500
bug-bug2-bounded,no_roads,drawing_circles_is_hard,1725,1888,1,201.043000,52.421000,1,1,1.000000,1,39,13,2500
bug-bug2-bounded,no_roads,drawing_circles_is_hard,2269,1372,1,341.524000,64.329000,1,1,1.000000,1,54,18,2500
bug-bug2-bounded,no_roads,drawing_circles_is_hard,201,1497,1,910.001000,81.469000,1,1,1.061224,1,156,52,2500
bug-bug2-bounded,no_roads,drawing_circles_is_hard,1064,71,1,316.598000,79.207000,1,1,1.000000,1,60,20,2500
bug-bug2-bounded,no_roads,drawing_circles_is_hard,67,218,1,90.019000,60.304000,1,1,1.000000,1,9,3,2500
bug-bug2-bounded,with_roads,drawing_circles_is_hard,1616,264,1,472.070000,88.290000,1,1,1.094595,1,81,27,2500
bug-bug2-bounded,with_roads,drawing_circles_is_hard,51,1890,1,847.312000,76.729000,1,1,1.645161,0,153,51,2500
bug-bug2-bounded,with_roads,drawing_circles_is_hard,680,599,1,299.585000,55.918000,1,1,1.000000,1,57,19,2500
bug-bug2-bounded,with_roads,drawing_circles_is_hard,545,334,1,188.983000,59.152000,1,1,1.000000,1,33,11,2500
bug-bug2-bounded,with_roads,drawing_circles_is_hard,1877,239,1,570.556000,80.128000,1,1,1.041667,1,100,34,2500
bug-bug2-bounded,with_roads,drawing_circles_is_hard,1725,1888,1,200.569000,51.959000,1,1,1.000000,1,39,13,2500
bug-bug2-bounded,with_roads,drawing_circles_is_hard,2269,1372,1,325.499000,67.090000,1,1,1.000000,1,54,18,2500
bug-bug2-bounded,with_roads,drawing_circles_is_hard,201,1497,1,1002.003000,115.768000,1,1,2.142857,0,150,52,2500
bug-bug2-bounded,with_roads,drawing_circles_is_hard,1064,71,1,324.916000,71.342000,1,1,1.115385,1,58,20,2500
bug-bug2-bounded,with_roads,drawing_circles_is_hard,67,218,1,63.290000,33.312000,1,1,1.000000,1,5,3,2500
bug-bug2-bounded,no_roads,e5_series_shinkansen,860,122,1,738.170000,85.423000,1,1,1.218750,0,117,39,1000
bug-bug2-bounded,no_roads,e5_series_shinkansen,26,979,1,1023.135000,59.929000,1,1,1.651163,1,213,71,1000
bug-bug2-bounded,no_roads,e5_series_shinkansen,333,296,1,196.251000,49.558000,1,1,1.000000,1,42,14,1000
bug-bug2-bounded,no_roads,e5_series_shinkansen,244,152,1,491.895000,41.215000,1,1,1.000000,1,126,42,1000
bug-bug2-bounded,no_roads,e5_series_shinkansen,974,110,1,845.792000,69.867000,1,1,1.600000,0,168,56,1000
bug-bug2-bounded,no_roads,e5_series_shinkansen,907,978,1,319.829000,43.879000,1,1,1.000000,1,63,21,1000
bug-bug2-bounded,no_roads,e5_series_shinkansen,705,95,1,966.875000,59.570000,1,1,1.521739,1,210,70,1000
bug-bug2-bounded,no_roads,e5_series_shinkansen,800,553,1,84.301000,25.706000,1,1,1.000000,1,15,5,1000
bug-bug2-bounded,no_roads,e5_series_shinkansen,33,31,1,34.773000,22.190000,1,1,1.000000,1,6,2,1000
bug-bug2-bounded,no_roads,e5_series_shinkansen,101,239,1,491.274000,46.598000,1,1,1.000000,1,114,38,1000
bug-bug2-bounded,with_roads,e5_series_shinkansen,860,122,1,710.262000,69.709000,1,1,1.180851,0,111,39,1000
bug-bug2-bounded,with_roads,e5_series_shinkansen,26,979,1,1061.818000,66.201000,1,1,1.651163,1,213,71,1000
bug-bug2-bounded,with_roads,e5_series_shinkansen,333,296,1,199.156000,52.264000,1,1,1.000000,1,42,14,1000
bug-bug2-bounded,with_roads,e5_series_shinkansen,244,152,1,495.501000,41.203000,1,1,1.068966,1,124,42,1000
bug-bug2-bounded,with_roads,e5_series_shinkansen,974,110,1,860.980000,71.513000,1,1,1.398058,0,144,56,1000
bug-bug2-bounded,with_roads,e5_series_shinkansen,907,978,1,310.778000,44.605000,1,1,1.000000,1,63,21,1000
bug-bug2-bounded,with_roads,e5_series_shinkansen,705,95,1,963.594000,62.031000,1,1,1.447761,1,194,70,1000
bug-bug2-bounded,with_roads,e5_series_shinkansen,800,553,1,101.252000,41.769000,1,1,1.000000,1,15,5,1000
bug-bug2-bounded,with_roads,e5_series_shinkansen,33,31,1,34.450000,21.833000,1,1,1.000000,1,6,2,1000
bug-bug2-bounded,with_roads,e5_series_shinkansen,101,239,1,508.387000,73.397000,1,1,1.098039,0,112,38,1000
bug-bug2-bounded,no_roads,face,365,69,1,224.471000,47.051000,1,1,1.000000,1,45,15,400
bug-bug2-bounded,no_roads,face,12,154,1,120.577000,44.629000,1,1,1.000000,1,21,7,400
bug-bug2-bounded,no_roads,face,139,128,1,136.664000,23.486000,1,1,1.000000,1,33,11,400
bug-bug2-bounded,no_roads,face,85,63,1,29.288000,17.317000,1,1,1.000000,1,6,2,400
bug-bug2-bounded,no_roads,face,384,309,1,114.518000,41.482000,1,1,1.000000,1,18,6,400
bug-bug2-bounded,no_roads,face,49,340,1,221.444000,43.609000,1,1,1.000000,1,45,15,400
bug-bug2-bounded,no_roads,face,240,16,1,229.596000,40.348000,1,1,1.000000,1,48,16,400
bug-bug2-bounded,no_roads,face,15,57,1,31.395000,18.670000,1,1,1.000000,1,6,2,400
bug-bug2-bounded,no_roads,face,125,133,1,91.031000,19.518000,1,1,1.000000,1,24,8,400
bug-bug2-bounded,no_roads,face,285,346,1,64.946000,34.490000,1,1,1.000000,1,9,3,400
bug-bug2-bounded,with_roads,face,365,69,1,220.408000,47.620000,1,1,1.000000,1,45,15,400
bug-bug2-bounded,with_roads,face,12,154,1,140.803000,44.503000,1,1,1.000000,1,21,7,400
bug-bug2-bounded,with_roads,face,139,128,1,135.969000,23.756000,1,1,1.000000,1,33,11,400
bug-bug2-bounded,with_roads,face,85,63,1,29.980000,17.608000,1,1,1.000000,1,6,2,400
bug-bug2-bounded,with_roads,face,384,309,1,115.559000,41.608000,1,1,1.000000,1,18,6,400
bug-bug2-bounded,with_roads,face,49,340,1,218.915000,43.221000,1,1,1.000000,1,45,15,400
bug-bug2-bounded,with_roads,face,240,16,1,230.100000,41.692000,1,1,1.000000,1,48,16,400
bug-bug2-bounded,with_roads,face,15,57,1,31.555000,18.853000,1,1,1.000000,1,6,2,400
bug-bug2-bounded,with_roads,face,125,133,1,92.091000,19.613000,1,1,1.000000,1,24,8,400
bug-bug2-bounded,with_roads,face,285,346,1,65.505000,35.233000,1,1,1.000000,1,9,3,400
bug-bug2-bounded,no_roads,far_lands,982,182,1,556.275000,72.272000,1,1,1.033333,1,93,31,1200
bug-bug2-bounded,no_roads,far_lands,47,1093,1,553.999000,66.565000,1,1,1.057143,1,111,37,1200
bug-bug2-bounded,no_roads,far_lands,462,416,1,200.890000,58.037000,1,1,1.000000,1,42,14,1200
bug-bug2-bounded,no_roads,far_lands,376,220,1,134.132000,55.930000,1,1,1.000000,1,24,8,1200
bug-bug2-bounded,no_roads,far_lands,1088,172,1,465.872000,58.644000,1,1,1.000000,1,99,33,1200
bug-bug2-bounded,no_roads,far_lands,1022,1092,1,153.837000,34.541000,1,1,1.000000,1,30,10,1200
bug-bug2-bounded,no_roads,far_lands,878,153,1,367.428000,63.779000,1,1,1.000000,1,72,24,1200
bug-bug2-bounded,no_roads,far_lands,928,728,1,346.797000,54.338000,1,1,1.050000,1,63,21,1200
bug-bug2-bounded,no_roads,far_lands,62,57,1,404.305000,59.911000,1,1,1.000000,1,75,25,1200
bug-bug2-bounded,no_roads,far_lands,160,366,1,171.414000,59.934000,1,1,1.000000,1,30,10,1200
bug-bug2-bounded,with_roads,far_lands,982,182,1,507.373000,66.461000,1,1,1.128571,1,79,31,1200
bug-bug2-bounded,with_roads,far_lands,47,1093,1,573.207000,65.209000,1,1,1.121212,0,111,37,1200
bug-bug2-bounded,with_roads,far_lands,462,416,1,233.162000,57.366000,1,1,1.000000,1,42,14,1200
bug-bug2-bounded,with_roads,far_lands,376,220,1,131.012000,54.216000,1,1,1.000000,1,24,8,1200
bug-bug2-bounded,with_roads,far_lands,1088,172,1,457.493000,57.366000,1,1,1.000000,1,99,33,1200
bug-bug2-bounded,with_roads,far_lands,1022,1092,1,151.373000,32.401000,1,1,1.000000,1,30,10,1200
bug-bug2-bounded,with_roads,far_lands,878,153,1,356.796000,62.632000,1,1,1.160000,1,58,24,1200
bug-bug2-bounded,with_roads,far_lands,928,728,1,315.854000,51.957000,1,1,1.050000,1,63,21,1200
bug-bug2-bounded,with_roads,far_lands,62,57,1,399.801000,57.737000,1,1,1.098361,1,67,25,1200
bug-bug2-bounded,with_roads,far_lands,160,366,1,164.637000,57.974000,1,1,1.120000,1,28,10,1200
bug-bug2-bounded,no_roads,first_sound,729,122,1,397.067000,48.575000,1,1,1.000000,1,87,29,861
bug-bug2-bounded,no_roads,first_sound,25,859,1,604.386000,63.622000,1,1,1.000000,1,117,39,861
bug-bug2-bounded,no_roads,first_sound,309,271,1,68.611000,24.064000,1,1,1.000000,1,12,4,861
bug-bug2-bounded,no_roads,first_sound,247,152,1,181.838000,56.047000,1,1,1.000000,1,33,11,861
bug-bug2-bounded,no_roads,first_sound,854,108,1,532.072000,65.468000,1,1,1.000000,1,105,35,861
bug-bug2-bounded,no_roads,first_sound,779,858,1,278.531000,70.745000,1,1,1.000000,1,48,16,861
bug-bug2-bounded,no_roads,first_sound,622,92,1,410.317000,58.826000,1,1,1.040000,1,78,26,861
bug-bug2-bounded,no_roads,first_sound,673,482,1,342.789000,61.251000,1,1,1.000000,1,57,19,861
bug-bug2-bounded,no_roads,first_sound,32,30,1,37.702000,23.899000,1,1,1.000000,1,6,2,861
bug-bug2-bounded,no_roads,first_sound,98,241,1,112.576000,45.389000,1,1,1.000000,1,21,7,861
bug-bug2-bounded,with_roads,first_sound,729,122,1,408.058000,52.632000,1,1,1.000000,1,87,29,861
bug-bug2-bounded,with_roads,first_sound,25,859,1,606.451000,64.153000,1,1,1.000000,1,117,39,861
bug-bug2-bounded,with_roads,first_sound,309,271,1,67.704000,23.884000,1,1,1.000000,1,12,4,861
bug-bug2-bounded,with_roads,first_sound,247,152,1,166.781000,56.807000,1,1,1.000000,1,33,11,861
bug-bug2-bounded,with_roads,first_sound,854,108,1,537.826000,67.118000,1,1,1.000000,1,105,35,861
bug-bug2-bounded,with_roads,first_sound,779,858,1,278.863000,70.354000,1,1,1.000000,1,48,16,861
bug-bug2-bounded,with_roads,first_sound,622,92,1,408.466000,61.822000,1,1,1.040000,1,78,26,861
bug-bug2-bounded,with_roads,first_sound,673,482,1,312.721000,63.094000,1,1,1.000000,1,57,19,861
bug-bug2-bounded,with_roads,first_sound,32,30,1,37.727000,23.254000,1,1,1.500000,0,6,2,861
bug-bug2-bounded,with_roads,first_sound,98,241,1,111.525000,44.552000,1,1,1.000000,1,21,7,861
bug-bug2-bounded,no_roads,flappy_bird,391,340,1,270.408000,56.905000,1,1,1.000000,1,45,15,800
bug-bug2-bounded,no_roads,flappy_bird,306,202,1,395.679000,51.457000,1,1,1.037037,1,84,28,800
bug-bug2-bounded,no_roads,flappy_bird,152,768,1,606.314000,62.301000,1,1,1.026316,1,117,39,800
bug-bug2-bounded,no_roads,flappy_bird,139,301,1,58.926000,23.896000,1,1,1.000000,1,12,4,800
bug-bug2-bounded,no_roads,flappy_bird,318,711,1,219.746000,59.132000,1,1,1.000000,1,42,14,800
bug-bug2-bounded,no_roads,flappy_bird,39,792,1,286.168000,49.636000,1,1,1.000000,1,57,19,800
bug-bug2-bounded,no_roads,flappy_bird,279,768,1,624.054000,62.030000,1,1,1.025641,1,120,40,800
bug-bug2-bounded,no_roads,flappy_bird,591,303,1,158.379000,57.473000,1,1,1.000000,1,30,10,800
bug-bug2-bounded,no_roads,flappy_bird,8,235,1,688.603000,72.108000,1,1,1.022727,0,135,45,800
bug-bug2-bounded,no_roads,flappy_bird,298,486,1,212.887000,61.580000,1,1,1.000000,1,42,14,800
bug-bug2-bounded,with_roads,flappy_bird,391,340,1,242.617000,54.144000,1,1,1.190476,1,25,15,800
bug-bug2-bounded,with_roads,flappy_bird,306,202,1,378.582000,49.382000,1,1,1.586207,0,46,28,800
bug-bug2-bounded,with_roads,flappy_bird,152,768,1,579.497000,60.774000,1,1,1.409091,1,93,39,800
bug-bug2-bounded,with_roads,flappy_bird,139,301,1,60.210000,24.717000,1,1,1.000000,1,8,4,800
bug-bug2-bounded,with_roads,flappy_bird,318,711,1,228.285000,60.379000,1,1,1.052632,1,40,14,800
bug-bug2-bounded,with_roads,flappy_bird,39,792,1,288.623000,52.159000,1,1,1.037736,1,55,19,800
bug-bug2-bounded,with_roads,flappy_bird,279,768,1,640.071000,63.251000,1,1,1.391304,1,96,40,800
bug-bug2-bounded,with_roads,flappy_bird,591,303,1,158.171000,56.901000,1,1,1.000000,1,14,10,800
bug-bug2-bounded,with_roads,flappy_bird,8,235,1,788.235000,60.708000,1,1,1.396552,1,81,45,800
bug-bug2-bounded,with_roads,flappy_bird,298,486,1,212.820000,62.778000,1,1,1.333333,0,24,14,800
bug-bug2-bounded,no_roads,flowers,1512,252,1,606.180000,73.452000,1,1,1.000000,1,108,36,1849
bug-bug2-bounded,no_roads,flowers,52,1752,1,861.132000,73.282000,1,1,1.039216,1,159,53,1849
bug-bug2-bounded,no_roads,flowers,654,577,1,126.182000,28.438000,1,1,1.000000,1,27,9,1849
bug-bug2-bounded,no_roads,flowers,511,314,1,356.195000,52.952000,1,1,1.000000,1,75,25,1849
bug-bug2-bounded,no_roads,flowers,1741,229,1,691.461000,83.813000,1,1,1.047619,1,132,44,1849
bug-bug2-bounded,no_roads,flowers,1597,1749,1,430.015000,53.509000,1,1,1.000000,1,69,23,1849
bug-bug2-bounded,no_roads,flowers,1276,194,1,368.712000,55.486000,1,1,1.000000,1,75,25,1849
bug-bug2-bounded,no_roads,flowers,1403,997,1,384.760000,62.787000,1,1,1.000000,1,78,26,1849
bug-bug2-bounded,no_roads,flowers,67,63,1,66.642000,28.084000,1,1,1.000000,1,12,4,1849
bug-bug2-bounded,no_roads,flowers,211,498,1,201.301000,45.098000,1,1,1.000000,1,42,14,1849
bug-bug2-bounded,with_roads,flowers,1512,252,1,569.307000,75.887000,1,1,1.191011,1,106,36,1849
bug-bug2-bounded,with_roads,flowers,52,1752,1,831.068000,75.244000,1,1,1.863636,1,123,53,1849
bug-bug2-bounded,with_roads,flowers,654,577,1,119.344000,27.453000,1,1,1.000000,1,27,9,1849
bug-bug2-bounded,with_roads,flowers,511,314,1,387.454000,53.997000,1,1,1.203390,1,71,25,1849
bug-bug2-bounded,with_roads,flowers,1741,229,1,690.246000,68.981000,1,1,1.709091,1,94,44,1849
bug-bug2-bounded,with_roads,flowers,1597,1749,1,432.108000,56.345000,1,1,1.254545,1,69,23,1849
bug-bug2-bounded,with_roads,flowers,1276,194,1,388.865000,61.947000,1,1,1.220000,1,61,25,1849
bug-bug2-bounded,with_roads,flowers,1403,997,1,401.198000,63.653000,1,1,1.421053,1,54,26,1849
bug-bug2-bounded,with_roads,flowers,67,63,1,73.413000,28.438000,1,1,1.000000,1,12,4,1849
bug-bug2-bounded,with_roads,flowers,211,498,1,209.882000,52.289000,1,1,1.000000,1,42,14,1849
bug-bug2-bounded,no_roads,galaxy,1443,233,1,548.185000,70.795000,1,1,1.090909,1,108,36,1600
bug-bug2-bounded,no_roads,galaxy,51,602,1,217.734000,34.374000,1,1,1.000000,1,42,14,1600
bug-bug2-bounded,no_roads,galaxy,531,480,1,236.053000,52.707000,1,1,1.071429,0,45,15,1600
bug-bug2-bounded,no_roads,galaxy,295,211,1,137.817000,53.529000,1,1,1.000000,1,24,8,1600
bug-bug2-bounded,no_roads,galaxy,1519,1238,1,110.186000,26.221000,1,1,1.000000,1,21,7,1600
bug-bug2-bounded,no_roads,galaxy,180,1335,1,422.064000,55.105000,1,1,1.000000,1,87,29,1600
bug-bug2-bounded,no_roads,galaxy,955,65,1,346.867000,52.546000,1,1,1.000000,1,66,22,1600
bug-bug2-bounded,no_roads,galaxy,61,193,1,173.499000,30.963000,1,1,1.000000,1,36,12,1600
bug-bug2-bounded,no_roads,galaxy,470,502,1,108.351000,27.298000,1,1,1.000000,1,24,8,1600
bug-bug2-bounded,no_roads,galaxy,1154,1361,1,433.635000,44.456000,1,1,1.000000,1,99,33,1600
bug-bug2-bounded,with_roads,galaxy,1443,233,1,555.608000,65.275000,1,1,1.090909,1,108,36,1600
bug-bug2-bounded,with_roads,galaxy,51,602,1,227.151000,34.524000,1,1,1.111111,1,40,14,1600
bug-bug2-bounded,with_roads,galaxy,531,480,1,237.345000,53.192000,1,1,1.275862,1,37,15,1600
bug-bug2-bounded,with_roads,galaxy,295,211,1,139.680000,52.097000,1,1,1.333333,1,16,8,1600
bug-bug2-bounded,with_roads,galaxy,1519,1238,1,110.575000,26.357000,1,1,1.000000,1,21,7,1600
bug-bug2-bounded,with_roads,galaxy,180,1335,1,423.444000,54.939000,1,1,1.051948,1,81,29,1600
bug-bug2-bounded,with_roads,galaxy,955,65,1,318.096000,49.406000,1,1,1.000000,1,66,22,1600
bug-bug2-bounded,with_roads,galaxy,61,193,1,172.256000,31.468000,1,1,1.000000,1,36,12,1600
bug-bug2-bounded,with_roads,galaxy,470,502,1,106.526000,26.314000,1,1,1.000000,1,24,8,1600
bug-bug2-bounded,with_roads,galaxy,1154,1361,1,429.195000,43.282000,1,1,1.000000,1,99,33,1600
bug-bug2-bounded,no_roads,gaussian,124,25,1,137.244000,44.274000,1,1,1.142857,0,24,8,700
bug-bug2-bounded,no_roads,gaussian,308,273,1,22.053000,22.053000,1,1,1.000000,1,3,1,700
bug-bug2-bounded,no_roads,gaussian,249,156,1,175.799000,41.741000,1,1,1.000000,1,36,12,700
bug-bug2-bounded,no_roads,gaussian,111,631,1,221.518000,29.025000,1,1,1.000000,1,45,15,700
bug-bug2-bounded,no_roads,gaussian,96,687,1,261.495000,50.841000,1,1,1.000000,1,51,17,700
bug-bug2-bounded,no_roads,gaussian,482,32,1,266.179000,55.326000,1,1,1.307692,0,51,17,700
bug-bug2-bounded,no_roads,gaussian,30,102,1,34.622000,21.224000,1,1,1.000000,1,6,2,700
bug-bug2-bounded,no_roads,gaussian,244,260,1,265.016000,46.765000,1,1,1.000000,1,57,19,700
bug-bug2-bounded,no_roads,gaussian,582,27,1,262.968000,68.951000,1,1,1.000000,1,48,16,700
bug-bug2-bounded,no_roads,gaussian,651,222,1,254.428000,60.247000,1,1,1.000000,1,45,15,700
bug-bug2-bounded,with_roads,gaussian,124,25,1,138.072000,44.756000,1,1,1.142857,0,24,8,700
bug-bug2-bounded,with_roads,gaussian,308,273,1,22.785000,22.785000,1,1,1.000000,1,3,1,700
bug-bug2-bounded,with_roads,gaussian,249,156,1,171.491000,42.879000,1,1,1.250000,1,30,12,700
bug-bug2-bounded,with_roads,gaussian,111,631,1,227.133000,29.911000,1,1,1.303030,1,43,15,700
bug-bug2-bounded,with_roads,gaussian,96,687,1,265.720000,52.533000,1,1,1.307692,0,51,17,700
bug-bug2-bounded,with_roads,gaussian,482,32,1,271.155000,51.696000,1,1,1.307692,0,51,17,700
bug-bug2-bounded,with_roads,gaussian,30,102,1,35.606000,22.022000,1,1,1.000000,1,6,2,700
bug-bug2-bounded,with_roads,gaussian,244,260,1,274.838000,46.450000,1,1,1.122449,1,55,19,700
bug-bug2-bounded,with_roads,gaussian,582,27,1,248.537000,56.375000,1,1,1.333333,0,48,16,700
bug-bug2-bounded,with_roads,gaussian,651,222,1,253.892000,55.496000,1,1,1.347826,1,31,15,700
bug-bug2-bounded,no_roads,git_branches,51,608,1,247.636000,105.001000,1,1,1.000000,1,33,11,1750
bug-bug2-bounded,no_roads,git_branches,285,209,1,311.182000,35.585000,1,1,1.000000,1,78,26,1750
bug-bug2-bounded,no_roads,git_branches,1669,1350,1,361.884000,95.268000,1,1,1.000000,1,57,19,1750
bug-bug2-bounded,no_roads,git_branches,1011,65,1,518.338000,62.296000,1,1,1.500000,0,90,30,1750
bug-bug2-bounded,no_roads,git_branches,61,191,1,454.421000,34.277000,1,1,1.000000,1,90,30,1750
bug-bug2-bounded,no_roads,git_branches,453,508,1,80.052000,29.850000,1,1,1.000000,1,15,5,1750
bug-bug2-bounded,no_roads,git_branches,54,1386,1,730.936000,66.154000,1,1,1.097561,1,135,45,1750
bug-bug2-bounded,no_roads,git_branches,1720,1350,1,349.443000,60.428000,1,1,1.000000,1,60,20,1750
bug-bug2-bounded,no_roads,git_branches,1006,457,1,183.114000,60.744000,1,1,1.000000,1,33,11,1750
bug-bug2-bounded,no_roads,git_branches,615,13,1,373.048000,69.637000,1,1,1.200000,0,72,24,1750
bug-bug2-bounded,with_roads,git_branches,51,608,1,177.351000,38.212000,1,1,1.000000,1,33,11,1750
bug-bug2-bounded,with_roads,git_branches,285,209,1,323.375000,34.943000,1,1,1.407407,1,76,26,1750
bug-bug2-bounded,with_roads,git_branches,1669,1350,1,337.770000,72.748000,1,1,1.000000,1,57,19,1750
bug-bug2-bounded,with_roads,git_branches,1011,65,1,537.793000,63.607000,1,1,1.688889,1,76,30,1750
bug-bug2-bounded,with_roads,git_branches,61,191,1,439.148000,36.079000,1,1,1.343750,0,86,30,1750
bug-bug2-bounded,with_roads,git_branches,453,508,1,80.030000,29.323000,1,1,1.000000,1,15,5,1750
bug-bug2-bounded,with_roads,git_branches,54,1386,1,806.017000,63.066000,1,1,1.578313,0,131,47,1750
bug-bug2-bounded,with_roads,git_branches,1720,1350,1,329.868000,58.346000,1,1,1.000000,1,60,20,1750
bug-bug2-bounded,with_roads,git_branches,1006,457,1,193.663000,60.302000,1,1,1.000000,1,33,11,1750
bug-bug2-bounded,with_roads,git_branches,615,13,1,394.001000,68.667000,1,1,2.000000,0,56,24,1750
bug-bug2-bounded,no_roads,gosper_glider_gun,1369,242,1,374.081000,54.013000,1,1,1.000000,1,72,24,2000
bug-bug2-bounded,no_roads,gosper_glider_gun,51,1585,1,524.984000,57.835000,1,1,1.000000,1,102,34,2000
bug-bug2-bounded,no_roads,gosper_glider_gun,601,536,1,512.121000,49.478000,1,1,1.000000,1,105,35,2000
bug-bug2-bounded,no_roads,gosper_glider_gun,491,305,1,508.890000,44.514000,1,1,1.000000,1,108,36,2000
bug-bug2-bounded,no_roads,gosper_glider_gun,1574,219,1,405.387000,60.648000,1,1,1.000000,1,81,27,2000
bug-bug2-bounded,no_roads,gosper_glider_gun,1448,1583,1,210.890000,33.722000,1,1,1.000000,1,45,15,2000
bug-bug2-bounded,no_roads,gosper_glider_gun,1925,1168,1,272.720000,74.301000,1,1,1.066667,1,48,16,2000
bug-bug2-bounded,no_roads,gosper_glider_gun,185,1264,1,326.911000,62.772000,1,1,1.000000,1,66,22,2000
bug-bug2-bounded,no_roads,gosper_glider_gun,910,65,1,236.737000,35.465000,1,1,1.000000,1,51,17,2000
bug-bug2-bounded,no_roads,gosper_glider_gun,61,200,1,171.470000,33.957000,1,1,1.000000,1,33,11,2000
bug-bug2-bounded,with_roads,gosper_glider_gun,1369,242,1,387.562000,70.756000,1,1,1.000000,1,66,24,2000
bug-bug2-bounded,with_roads,gosper_glider_gun,51,1585,1,490.326000,45.147000,1,1,1.593750,0,102,34,2000
bug-bug2-bounded,with_roads,gosper_glider_gun,601,536,1,509.604000,49.998000,1,1,1.736842,0,99,35,2000
bug-bug2-bounded,with_roads,gosper_glider_gun,491,305,1,497.504000,48.072000,1,1,1.730769,1,90,36,2000
bug-bug2-bounded,with_roads,gosper_glider_gun,1574,219,1,426.574000,61.874000,1,1,1.452830,1,77,27,2000
bug-bug2-bounded,with_roads,gosper_glider_gun,1448,1583,1,227.921000,35.753000,1,1,1.000000,1,45,15,2000
bug-bug2-bounded,with_roads,gosper_glider_gun,1925,1168,1,278.179000,71.692000,1,1,1.066667,1,48,16,2000
bug-bug2-bounded,with_roads,gosper_glider_gun,185,1264,1,343.022000,65.068000,1,1,1.000000,1,60,22,2000
bug-bug2-bounded,with_roads,gosper_glider_gun,910,65,1,244.576000,40.908000,1,1,1.139535,1,49,17,2000
bug-bug2-bounded,with_roads,gosper_glider_gun,61,200,1,171.201000,33.782000,1,1,1.631579,0,31,11,2000
bug-bug2-bounded,no_roads,hooks,753,123,1,443.601000,79.154000,1,1,1.000000,1,84,28,961
bug-bug2-bounded,no_roads,hooks,25,879,1,524.066000,55.991000,1,1,1.172414,1,102,34,961
bug-bug2-bounded,no_roads,hooks,318,279,1,139.436000,44.687000,1,1,1.000000,1,24,8,961
bug-bug2-bounded,no_roads,hooks,254,153,1,350.394000,58.493000,1,1,1.000000,1,69,23,961
bug-bug2-bounded,no_roads,hooks,874,107,1,489.135000,60.907000,1,1,1.037037,0,84,28,961
bug-bug2-bounded,no_roads,hooks,803,878,1,317.482000,59.430000,1,1,1.000000,1,54,18,961
bug-bug2-bounded,no_roads,hooks,643,91,1,290.451000,60.031000,1,1,1.000000,1,54,18,961
bug-bug2-bounded,no_roads,hooks,700,495,1,169.576000,27.459000,1,1,1.000000,1,36,12,961
bug-bug2-bounded,no_roads,hooks,32,30,1,371.660000,34.196000,1,1,1.000000,1,87,29,961
bug-bug2-bounded,no_roads,hooks,97,249,1,80.882000,23.894000,1,1,1.000000,1,15,5,961
bug-bug2-bounded,with_roads,hooks,753,123,1,448.618000,64.077000,1,1,1.028571,1,72,28,961
bug-bug2-bounded,with_roads,hooks,25,879,1,547.509000,53.529000,1,1,1.139241,1,90,34,961
bug-bug2-bounded,with_roads,hooks,318,279,1,154.246000,47.491000,1,1,1.200000,0,24,8,961
bug-bug2-bounded,with_roads,hooks,254,153,1,359.437000,57.230000,1,1,1.274510,1,65,23,961
bug-bug2-bounded,with_roads,hooks,874,107,1,470.084000,66.169000,1,1,1.301587,0,82,28,961
bug-bug2-bounded,with_roads,hooks,803,878,1,329.689000,60.113000,1,1,1.000000,1,54,18,961
bug-bug2-bounded,with_roads,hooks,643,91,1,300.671000,70.125000,1,1,1.041667,1,50,18,961
bug-bug2-bounded,with_roads,hooks,700,495,1,185.352000,28.589000,1,1,1.096774,1,34,12,961
bug-bug2-bounded,with_roads,hooks,32,30,1,385.763000,34.715000,1,1,1.279412,0,87,29,961
bug-bug2-bounded,with_roads,hooks,97,249,1,80.508000,25.051000,1,1,1.000000,1,13,5,961
bug-bug2-bounded,no_roads,hopscotch,275,62,1,441.353000,67.293000,1,1,1.000000,1,81,27,1240
bug-bug2-bounded,no_roads,hopscotch,658,592,1,65.094000,25.949000,1,1,1.000000,1,12,4,1240
bug-bug2-bounded,no_roads,hopscotch,532,336,1,485.357000,55.809000,1,1,1.000000,1,78,26,1240
bug-bug2-bounded,no_roads,hopscotch,247,213,1,55.419000,25.454000,1,1,1.000000,1,9,3,1240
bug-bug2-bounded,no_roads,hopscotch,1004,77,1,867.973000,63.305000,1,1,1.000000,1,111,37,1240
bug-bug2-bounded,no_roads,hopscotch,73,227,1,166.849000,53.911000,1,1,1.000000,1,30,10,1240
bug-bug2-bounded,no_roads,hopscotch,522,554,1,25.179000,25.179000,1,1,1.000000,1,3,1,1240
bug-bug2-bounded,no_roads,hopscotch,1189,65,1,490.462000,48.825000,1,1,1.000000,1,108,36,1240
bug-bug2-bounded,no_roads,hopscotch,477,999,1,384.572000,61.143000,1,1,1.086957,0,75,25,1240
bug-bug2-bounded,no_roads,hopscotch,526,1067,1,617.092000,62.866000,1,1,1.200000,1,108,36,1240
bug-bug2-bounded,with_roads,hopscotch,275,62,1,470.895000,68.016000,1,1,1.184211,1,45,27,1240
bug-bug2-bounded,with_roads,hopscotch,658,592,1,70.800000,28.251000,1,1,1.000000,1,12,4,1240
bug-bug2-bounded,with_roads,hopscotch,532,336,1,476.825000,52.713000,1,1,1.173913,1,54,26,1240
bug-bug2-bounded,with_roads,hopscotch,247,213,1,56.289000,25.363000,1,1,1.000000,1,9,3,1240
bug-bug2-bounded,with_roads,hopscotch,1004,77,1,825.572000,60.192000,1,1,1.082474,1,105,37,1240
bug-bug2-bounded,with_roads,hopscotch,73,227,1,171.464000,57.745000,1,1,1.200000,1,24,10,1240
bug-bug2-bounded,with_roads,hopscotch,522,554,1,23.926000,23.926000,1,1,1.000000,1,3,1,1240
bug-bug2-bounded,with_roads,hopscotch,1189,65,1,526.303000,47.322000,1,1,1.159091,1,102,36,1240
bug-bug2-bounded,with_roads,hopscotch,477,999,1,411.378000,82.581000,1,1,1.000000,1,65,25,1240
bug-bug2-bounded,with_roads,hopscotch,526,1067,1,591.733000,60.991000,1,1,1.200000,1,108,36,1240
bug-bug2-bounded,no_roads,hourglass,265,61,1,227.496000,35.057000,1,1,1.000000,1,45,15,1215
bug-bug2-bounded,no_roads,hourglass,525,330,1,105.810000,28.683000,1,1,1.000000,1,21,7,1215
bug-bug2-bounded,no_roads,hourglass,988,76,1,502.373000,71.567000,1,1,1.000000,1,102,34,1215
bug-bug2-bounded,no_roads,hourglass,71,225,1,117.268000,32.592000,1,1,1.000000,1,24,8,1215
bug-bug2-bounded,no_roads,hourglass,513,546,1,103.560000,29.371000,1,1,1.000000,1,18,6,1215
bug-bug2-bounded,no_roads,hourglass,467,983,1,289.879000,60.977000,1,1,1.000000,1,57,19,1215
bug-bug2-bounded,no_roads,hourglass,232,846,1,313.112000,45.401000,1,1,1.000000,1,69,23,1215
bug-bug2-bounded,no_roads,hourglass,810,621,1,100.234000,25.889000,1,1,1.000000,1,21,7,1215
bug-bug2-bounded,no_roads,hourglass,103,1075,1,548.870000,64.444000,1,1,1.000000,1,108,36,1215
bug-bug2-bounded,no_roads,hourglass,295,889,1,337.450000,34.443000,1,1,1.000000,1,66,22,1215
bug-bug2-bounded,with_roads,hourglass,265,61,1,213.833000,33.295000,1,1,1.000000,1,45,15,1215
bug-bug2-bounded,with_roads,hourglass,525,330,1,106.197000,28.590000,1,1,1.000000,1,21,7,1215
bug-bug2-bounded,with_roads,hourglass,988,76,1,486.379000,66.372000,1,1,1.000000,1,102,34,1215
bug-bug2-bounded,with_roads,hourglass,71,225,1,114.852000,30.706000,1,1,1.000000,1,24,8,1215
bug-bug2-bounded,with_roads,hourglass,513,546,1,99.754000,25.368000,1,1,1.000000,1,18,6,1215
bug-bug2-bounded,with_roads,hourglass,467,983,1,295.267000,57.848000,1,1,1.000000,1,57,19,1215
bug-bug2-bounded,with_roads,hourglass,232,846,1,336.963000,44.478000,1,1,1.000000,1,69,23,1215
bug-bug2-bounded,with_roads,hourglass,810,621,1,97.723000,25.432000,1,1,1.000000,1,21,7,1215
bug-bug2-bounded,with_roads,hourglass,103,1075,1,514.150000,62.512000,1,1,1.000000,1,108,36,1215
bug-bug2-bounded,with_roads,hourglass,295,889,1,336.105000,34.801000,1,1,1.000000,1,66,22,1215
bug-bug2-bounded,no_roads,impossible_knot,1502,251,1,395.791000,43.292000,1,1,1.000000,1,75,25,2000
bug-bug2-bounded,no_roads,impossible_knot,51,1749,1,1231.619000,92.220000,1,1,1.046154,1,204,68,2000
bug-bug2-bounded,no_roads,impossible_knot,648,576,1,443.633000,70.771000,1,1,1.083333,0,78,26,2000
bug-bug2-bounded,no_roads,impossible_knot,521,316,1,220.850000,64.467000,1,1,1.000000,1,39,13,2000
bug-bug2-bounded,no_roads,impossible_knot,1737,229,1,1120.660000,67.382000,1,1,1.682927,0,207,69,2000
bug-bug2-bounded,no_roads,impossible_knot,1597,1747,1,66.626000,33.685000,1,1,1.000000,1,9,3,2000
bug-bug2-bounded,no_roads,impossible_knot,1276,191,1,597.163000,64.079000,1,1,1.028571,1,108,36,2000
bug-bug2-bounded,no_roads,impossible_knot,1382,991,1,698.551000,67.267000,1,1,1.200000,1,126,42,2000
bug-bug2-bounded,no_roads,impossible_knot,65,61,1,73.651000,31.785000,1,1,1.000000,1,12,4,2000
bug-bug2-bounded,no_roads,impossible_knot,204,509,1,314.778000,64.143000,1,1,1.000000,1,54,18,2000
bug-bug2-bounded,with_roads,impossible_knot,1502,251,1,410.856000,47.049000,1,1,1.489796,1,73,25,2000
bug-bug2-bounded,with_roads,impossible_knot,51,1749,1,1177.518000,74.198000,1,1,1.619835,0,196,68,2000
bug-bug2-bounded,with_roads,impossible_knot,648,576,1,451.361000,70.402000,1,1,1.083333,0,78,26,2000
bug-bug2-bounded,with_roads,impossible_knot,521,316,1,224.180000,66.627000,1,1,1.054054,1,39,13,2000
bug-bug2-bounded,with_roads,impossible_knot,1737,229,1,1142.063000,69.603000,1,1,1.682927,0,207,69,2000
bug-bug2-bounded,with_roads,impossible_knot,1597,1747,1,68.818000,35.557000,1,1,1.000000,1,9,3,2000
bug-bug2-bounded,with_roads,impossible_knot,1276,191,1,664.771000,129.013000,1,1,1.028571,1,108,36,2000
bug-bug2-bounded,with_roads,impossible_knot,1382,991,1,714.136000,68.155000,1,1,1.200000,1,126,42,2000
bug-bug2-bounded,with_roads,impossible_knot,65,61,1,73.457000,31.356000,1,1,1.666667,0,10,4,2000
bug-bug2-bounded,with_roads,impossible_knot,204,509,1,326.825000,63.886000,1,1,1.428571,0,40,18,2000
bug-bug2-bounded,no_roads,labyrinth,1883,319,1,4095.972000,80.907000,1,1,1.084746,0,768,256,2500
bug-bug2-bounded,no_roads,labyrinth,55,2189,1,4451.571000,97.948000,1,1,1.184332,1,771,257,2500
bug-bug2-bounded,no_roads,labyrinth,804,707,1,57.801000,32.073000,1,1,1.000000,1,9,3,2500
bug-bug2-bounded,no_roads,labyrinth,651,389,1,1490.154000,76.775000,1,1,1.375000,1,231,77,2500
bug-bug2-bounded,no_roads,labyrinth,2179,287,1,3798.085000,74.209000,1,1,1.267442,0,654,218,2500
bug-bug2-bounded,no_roads,labyrinth,2005,2187,1,1148.345000,66.789000,1,1,1.042857,0,219,73,2500
bug-bug2-bounded,no_roads,labyrinth,1607,228,1,1891.905000,72.257000,1,1,1.031250,1,396,132,2500
bug-bug2-bounded,no_roads,labyrinth,1739,1243,1,2958.942000,69.105000,1,1,1.109890,1,606,202,2500
bug-bug2-bounded,no_roads,labyrinth,71,66,1,157.238000,76.084000,1,1,1.000000,1,21,7,2500
bug-bug2-bounded,no_roads,labyrinth,243,639,1,280.078000,88.844000,1,1,1.000000,1,42,14,2500
bug-bug2-bounded,with_roads,labyrinth,1883,319,1,4042.040000,94.749000,1,1,1.248826,0,532,256,2500
bug-bug2-bounded,with_roads,labyrinth,55,2189,1,4496.043000,75.198000,1,1,1.522523,0,507,257,2500
bug-bug2-bounded,with_roads,labyrinth,804,707,1,54.753000,29.873000,1,1,1.000000,1,9,3,2500
bug-bug2-bounded,with_roads,labyrinth,651,389,1,1486.224000,76.156000,1,1,1.963415,1,161,77,2500
bug-bug2-bounded,with_roads,labyrinth,2179,287,1,3870.772000,74.749000,1,1,1.632353,0,444,218,2500
bug-bug2-bounded,with_roads,labyrinth,2005,2187,1,1167.020000,66.649000,1,1,1.063107,0,219,73,2500
bug-bug2-bounded,with_roads,labyrinth,1607,228,1,1893.391000,77.245000,1,1,1.251799,1,174,132,2500
bug-bug2-bounded,with_roads,labyrinth,1739,1243,1,2996.002000,67.719000,1,1,1.246073,1,476,202,2500
bug-bug2-bounded,with_roads,labyrinth,71,66,1,137.740000,54.188000,1,1,1.375000,0,11,7,2500
bug-bug2-bounded,with_roads,labyrinth,243,639,1,264.464000,89.268000,1,1,1.000000,1,32,14,2500
bug-bug2-bounded,no_roads,landscape,714,114,1,370.836000,58.282000,1,1,1.000000,1,60,20,900
bug-bug2-bounded,no_roads,landscape,25,819,1,393.629000,47.997000,1,1,1.000000,1,81,27,900
bug-bug2-bounded,no_roads,landscape,303,267,1,303.680000,47.874000,1,1,1.000000,1,72,24,900
bug-bug2-bounded,no_roads,landscape,242,142,1,278.344000,50.342000,1,1,1.000000,1,60,20,900
bug-bug2-bounded,no_roads,landscape,814,104,1,352.904000,59.232000,1,1,1.000000,1,72,24,900
bug-bug2-bounded,no_roads,landscape,752,818,1,109.205000,28.948000,1,1,1.000000,1,18,6,900
bug-bug2-bounded,no_roads,landscape,588,89,1,302.782000,66.925000,1,1,1.000000,1,54,18,900
bug-bug2-bounded,no_roads,landscape,651,462,1,154.901000,47.411000,1,1,1.000000,1,27,9,900
bug-bug2-bounded,no_roads,landscape,32,30,1,32.765000,21.575000,1,1,1.000000,1,6,2,900
bug-bug2-bounded,no_roads,landscape,95,236,1,235.532000,29.222000,1,1,1.000000,1,63,21,900
bug-bug2-bounded,with_roads,landscape,714,114,1,391.413000,65.804000,1,1,1.000000,1,60,20,900
bug-bug2-bounded,with_roads,landscape,25,819,1,411.811000,48.321000,1,1,1.000000,1,81,27,900
bug-bug2-bounded,with_roads,landscape,303,267,1,319.431000,48.329000,1,1,1.000000,1,72,24,900
bug-bug2-bounded,with_roads,landscape,242,142,1,275.343000,50.096000,1,1,1.052632,0,60,20,900
bug-bug2-bounded,with_roads,landscape,814,104,1,396.216000,109.302000,1,1,1.090909,1,72,24,900
bug-bug2-bounded,with_roads,landscape,752,818,1,142.039000,46.838000,1,1,1.000000,1,18,6,900
bug-bug2-bounded,with_roads,landscape,588,89,1,312.938000,57.084000,1,1,1.000000,1,54,18,900
bug-bug2-bounded,with_roads,landscape,651,462,1,162.976000,42.736000,1,1,1.000000,1,27,9,900
bug-bug2-bounded,with_roads,landscape,32,30,1,34.202000,23.153000,1,1,1.000000,1,4,2,900
bug-bug2-bounded,with_roads,landscape,95,236,1,235.064000,30.387000,1,1,1.000000,1,63,21,900
bug-bug2-bounded,no_roads,maimai,852,143,1,914.367000,72.103000,1,1,1.365854,1,168,56,1050
bug-bug2-bounded,no_roads,maimai,32,991,1,316.708000,61.392000,1,1,1.000000,1,57,19,1050
bug-bug2-bounded,no_roads,maimai,363,325,1,257.489000,60.853000,1,1,1.000000,1,42,14,1050
bug-bug2-bounded,no_roads,maimai,297,181,1,238.898000,67.677000,1,1,1.000000,1,48,16,1050
bug-bug2-bounded,no_roads,maimai,986,132,1,281.194000,59.859000,1,1,1.000000,1,51,17,1050
bug-bug2-bounded,no_roads,maimai,911,990,1,491.555000,58.066000,1,1,1.000000,1,87,29,1050
bug-bug2-bounded,no_roads,maimai,720,114,1,205.860000,58.216000,1,1,1.000000,1,36,12,1050
bug-bug2-bounded,no_roads,maimai,783,554,1,832.884000,111.059000,1,1,1.655172,0,144,48,1050
bug-bug2-bounded,no_roads,maimai,46,44,1,37.609000,24.723000,1,1,1.000000,1,6,2,1050
bug-bug2-bounded,no_roads,maimai,122,291,1,315.864000,54.604000,1,1,1.000000,1,57,19,1050
bug-bug2-bounded,with_roads,maimai,852,143,1,965.349000,69.390000,1,1,2.186667,1,164,56,1050
bug-bug2-bounded,with_roads,maimai,32,991,1,322.151000,62.081000,1,1,1.000000,1,57,19,1050
bug-bug2-bounded,with_roads,maimai,363,325,1,264.374000,64.435000,1,1,1.025641,1,40,14,1050
bug-bug2-bounded,with_roads,maimai,297,181,1,237.747000,67.051000,1,1,1.600000,1,48,16,1050
bug-bug2-bounded,with_roads,maimai,986,132,1,278.797000,62.041000,1,1,1.000000,1,51,17,1050
bug-bug2-bounded,with_roads,maimai,911,990,1,489.312000,61.408000,1,1,1.000000,1,87,29,1050
bug-bug2-bounded,with_roads,maimai,720,114,1,187.868000,60.666000,1,1,1.000000,1,36,12,1050
bug-bug2-bounded,with_roads,maimai,783,554,1,788.941000,66.369000,1,1,1.655172,0,144,48,1050
bug-bug2-bounded,with_roads,maimai,46,44,1,36.279000,23.622000,1,1,1.000000,1,6,2,1050
bug-bug2-bounded,with_roads,maimai,122,291,1,304.719000,53.638000,1,1,1.593750,0,51,19,1050
bug-bug2-bounded,no_roads,mandelbrot,1465,250,1,524.399000,75.928000,1,1,1.000000,1,87,29,2050
bug-bug2-bounded,no_roads,mandelbrot,52,1700,1,703.049000,68.767000,1,1,1.076923,1,126,42,2050
bug-bug2-bounded,no_roads,mandelbrot,625,560,1,234.669000,53.104000,1,1,1.000000,1,45,15,2050
bug-bug2-bounded,no_roads,mandelbrot,514,315,1,65.339000,27.185000,1,1,1.000000,1,12,4,2050
bug-bug2-bounded,no_roads,mandelbrot,1688,219,1,400.035000,47.562000,1,1,1.000000,1,87,29,2050
bug-bug2-bounded,no_roads,mandelbrot,1548,1698,1,58.417000,29.633000,1,1,1.000000,1,9,3,2050
bug-bug2-bounded,no_roads,mandelbrot,2044,1255,1,571.109000,67.560000,1,1,1.000000,1,120,40,2050
bug-bug2-bounded,no_roads,mandelbrot,188,1359,1,538.623000,65.415000,1,1,1.060606,1,105,35,2050
bug-bug2-bounded,no_roads,mandelbrot,62,201,1,174.510000,33.928000,1,1,1.000000,1,33,11,2050
bug-bug2-bounded,no_roads,mandelbrot,501,534,1,502.565000,54.559000,1,1,1.000000,1,99,33,2050
bug-bug2-bounded,with_roads,mandelbrot,1465,250,1,504.432000,79.719000,1,1,1.000000,1,87,29,2050
bug-bug2-bounded,with_roads,mandelbrot,52,1700,1,701.063000,65.562000,1,1,1.076923,1,126,42,2050
bug-bug2-bounded,with_roads,mandelbrot,625,560,1,222.785000,53.655000,1,1,1.250000,1,45,15,2050
bug-bug2-bounded,with_roads,mandelbrot,514,315,1,64.725000,27.024000,1,1,1.000000,1,12,4,2050
bug-bug2-bounded,with_roads,mandelbrot,1688,219,1,423.201000,42.380000,1,1,1.051948,1,81,29,2050
bug-bug2-bounded,with_roads,mandelbrot,1548,1698,1,62.470000,33.834000,1,1,1.000000,1,9,3,2050
bug-bug2-bounded,with_roads,mandelbrot,2044,1255,1,578.689000,76.754000,1,1,1.000000,1,120,40,2050
bug-bug2-bounded,with_roads,mandelbrot,188,1359,1,540.609000,72.238000,1,1,1.117647,1,95,35,2050
bug-bug2-bounded,with_roads,mandelbrot,62,201,1,179.371000,33.893000,1,1,1.736842,0,33,11,2050
bug-bug2-bounded,with_roads,mandelbrot,501,534,1,464.340000,59.258000,1,1,1.434783,1,99,33,2050
bug-bug2-bounded,no_roads,mark_of_the_sun_god,127,25,1,67.556000,33.441000,1,1,1.000000,1,12,4,676
bug-bug2-bounded,no_roads,mark_of_the_sun_god,323,287,1,202.140000,58.349000,1,1,1.000000,1,33,11,676
bug-bug2-bounded,no_roads,mark_of_the_sun_god,261,161,1,66.648000,24.856000,1,1,1.000000,1,12,4,676
bug-bug2-bounded,no_roads,mark_of_the_sun_god,111,648,1,836.491000,111.403000,1,1,1.071429,0,135,45,676
bug-bug2-bounded,no_roads,mark_of_the_sun_god,96,501,1,448.015000,65.830000,1,1,1.076923,0,84,28,676
bug-bug2-bounded,no_roads,mark_of_the_sun_god,32,30,1,38.390000,24.143000,1,1,1.000000,1,6,2,676
bug-bug2-bounded,no_roads,mark_of_the_sun_god,102,253,1,657.141000,59.154000,1,1,1.046512,1,135,45,676
bug-bug2-bounded,no_roads,mark_of_the_sun_god,273,607,1,680.655000,57.523000,1,1,1.428571,0,120,40,676
bug-bug2-bounded,no_roads,mark_of_the_sun_god,27,664,1,754.598000,57.585000,1,1,1.043478,1,144,48,676
bug-bug2-bounded,no_roads,mark_of_the_sun_god,232,648,1,911.744000,65.131000,1,1,1.066667,1,192,64,676
bug-bug2-bounded,with_roads,mark_of_the_sun_god,127,25,1,62.980000,28.680000,1,1,1.000000,1,12,4,676
bug-bug2-bounded,with_roads,mark_of_the_sun_god,323,287,1,212.952000,74.375000,1,1,1.307692,0,17,11,676
bug-bug2-bounded,with_roads,mark_of_the_sun_god,261,161,1,67.245000,25.405000,1,1,1.000000,1,12,4,676
bug-bug2-bounded,with_roads,mark_of_the_sun_god,111,648,1,726.319000,61.249000,1,1,1.255319,0,118,46,676
bug-bug2-bounded,with_roads,mark_of_the_sun_god,96,501,1,441.384000,64.336000,1,1,1.212121,0,80,28,676
bug-bug2-bounded,with_roads,mark_of_the_sun_god,32,30,1,38.633000,24.209000,1,1,1.000000,1,6,2,676
bug-bug2-bounded,with_roads,mark_of_the_sun_god,102,253,1,639.059000,58.495000,1,1,1.154639,1,112,46,676
bug-bug2-bounded,with_roads,mark_of_the_sun_god,273,607,1,606.669000,55.956000,1,1,1.428571,0,120,40,676
bug-bug2-bounded,with_roads,mark_of_the_sun_god,27,664,1,732.703000,56.118000,1,1,1.533333,0,138,48,676
bug-bug2-bounded,with_roads,mark_of_the_sun_god,232,648,1,920.725000,67.230000,1,1,1.141892,1,169,65,676
bug-bug2-bounded,no_roads,maze_runner,1863,315,1,1477.070000,78.571000,1,1,1.584906,1,252,84,2500
bug-bug2-bounded,no_roads,maze_runner,56,2169,1,1470.903000,72.075000,1,1,1.175676,1,261,87,2500
bug-bug2-bounded,no_roads,maze_runner,797,693,1,127.510000,62.630000,1,1,1.000000,1,18,6,2500
bug-bug2-bounded,no_roads,maze_runner,644,378,1,724.426000,68.574000,1,1,1.184211,0,135,45,2500
bug-bug2-bounded,no_roads,maze_runner,2158,287,1,1177.382000,87.297000,1,1,1.000000,1,216,72,2500
bug-bug2-bounded,no_roads,maze_runner,1983,2167,1,467.337000,60.824000,1,1,1.038462,1,81,27,2500
bug-bug2-bounded,no_roads,maze_runner,1578,225,1,1101.975000,92.415000,1,1,1.220000,0,183,61,2500
bug-bug2-bounded,no_roads,maze_runner,1716,1230,1,670.998000,66.448000,1,1,1.000000,1,141,47,2500
bug-bug2-bounded,no_roads,maze_runner,71,66,1,215.315000,83.465000,1,1,1.000000,1,33,11,2500
bug-bug2-bounded,no_roads,maze_runner,240,633,1,298.787000,68.812000,1,1,1.000000,1,54,18,2500
bug-bug2-bounded,with_roads,maze_runner,1863,315,1,1568.487000,90.395000,1,1,1.584906,1,252,84,2500
bug-bug2-bounded,with_roads,maze_runner,56,2169,1,1495.305000,112.556000,1,1,1.221698,1,259,87,2500
bug-bug2-bounded,with_roads,maze_runner,797,693,1,153.456000,86.841000,1,1,1.750000,1,14,6,2500
bug-bug2-bounded,with_roads,maze_runner,644,378,1,771.598000,67.226000,1,1,2.145833,0,103,45,2500
bug-bug2-bounded,with_roads,maze_runner,2158,287,1,1183.287000,64.090000,1,1,1.103093,0,214,72,2500
bug-bug2-bounded,with_roads,maze_runner,1983,2167,1,482.784000,62.633000,1,1,1.038462,1,81,27,2500
bug-bug2-bounded,with_roads,maze_runner,1578,225,1,1111.651000,80.114000,1,1,1.373016,0,173,61,2500
bug-bug2-bounded,with_roads,maze_runner,1716,1230,1,658.519000,66.762000,1,1,1.000000,1,141,47,2500
bug-bug2-bounded,with_roads,maze_runner,71,66,1,186.275000,52.742000,1,1,1.117647,1,19,11,2500
bug-bug2-bounded,with_roads,maze_runner,240,633,1,281.077000,55.924000,1,1,1.045455,1,46,18,2500
bug-bug2-bounded,no_roads,merchant_ship,790,116,1,755.673000,82.389000,1,1,1.411765,1,144,48,945
bug-bug2-bounded,no_roads,merchant_ship,25,922,1,785.183000,60.665000,1,1,1.513514,1,168,56,945
bug-bug2-bounded,no_roads,merchant_ship,307,271,1,23.698000,23.698000,1,1,1.000000,1,3,1,945
bug-bug2-bounded,no_roads,merchant_ship,244,145,1,439.286000,49.252000,1,1,1.000000,1,87,29,945
bug-bug2-bounded,no_roads,merchant_ship,917,106,1,377.384000,64.141000,1,1,1.000000,1,69,23,945
bug-bug2-bounded,no_roads,merchant_ship,836,921,1,326.230000,61.433000,1,1,1.000000,1,60,20,945
bug-bug2-bounded,no_roads,merchant_ship,650,91,1,229.176000,48.208000,1,1,1.000000,1,48,16,945
bug-bug2-bounded,no_roads,merchant_ship,734,483,1,114.650000,26.485000,1,1,1.000000,1,21,7,945
bug-bug2-bounded,no_roads,merchant_ship,32,30,1,33.221000,21.248000,1,1,1.000000,1,6,2,945
bug-bug2-bounded,no_roads,merchant_ship,97,239,1,64.735000,26.084000,1,1,1.000000,1,12,4,945
bug-bug2-bounded,with_roads,merchant_ship,790,116,1,729.621000,66.719000,1,1,1.679012,0,136,48,945
bug-bug2-bounded,with_roads,merchant_ship,25,922,1,798.417000,60.069000,1,1,1.723404,1,162,56,945
bug-bug2-bounded,with_roads,merchant_ship,307,271,1,23.126000,23.126000,1,1,1.000000,1,3,1,945
bug-bug2-bounded,with_roads,merchant_ship,244,145,1,452.118000,51.661000,1,1,1.322034,0,78,30,945
bug-bug2-bounded,with_roads,merchant_ship,917,106,1,377.350000,67.501000,1,1,1.285714,1,63,23,945
bug-bug2-bounded,with_roads,merchant_ship,836,921,1,333.929000,65.388000,1,1,1.000000,1,60,20,945
bug-bug2-bounded,with_roads,merchant_ship,650,91,1,232.005000,51.558000,1,1,1.058824,1,36,16,945
bug-bug2-bounded,with_roads,merchant_ship,734,483,1,108.054000,26.821000,1,1,1.000000,1,21,7,945
bug-bug2-bounded,with_roads,merchant_ship,32,30,1,40.539000,28.070000,1,1,1.000000,1,6,2,945
bug-bug2-bounded,with_roads,merchant_ship,97,239,1,62.752000,25.413000,1,1,1.000000,1,12,4,945
bug-bug2-bounded,no_roads,metropolitan_dystopia,1740,300,1,1577.660000,89.803000,1,1,1.082192,0,237,79,2500
bug-bug2-bounded,no_roads,metropolitan_dystopia,54,2031,1,1632.249000,74.445000,1,1,1.166667,0,273,91,2500
bug-bug2-bounded,no_roads,metropolitan_dystopia,773,688,1,1500.958000,68.747000,1,1,1.490909,1,246,82,2500
bug-bug2-bounded,no_roads,metropolitan_dystopia,633,381,1,123.065000,55.075000,1,1,1.000000,1,21,7,2500
bug-bug2-bounded,no_roads,metropolitan_dystopia,2012,271,1,2485.981000,71.969000,1,1,1.260163,1,465,155,2500
bug-bug2-bounded,no_roads,metropolitan_dystopia,1848,2026,1,1042.855000,72.292000,1,1,1.735294,1,177,59,2500
bug-bug2-bounded,no_roads,metropolitan_dystopia,2466,1503,1,570.898000,74.757000,1,1,1.066667,1,96,32,2500
bug-bug2-bounded,no_roads,metropolitan_dystopia,228,1625,1,1347.112000,77.387000,1,1,1.421053,1,243,81,2500
bug-bug2-bounded,no_roads,metropolitan_dystopia,1159,77,1,990.062000,98.036000,1,1,1.071429,1,135,45,2500
bug-bug2-bounded,no_roads,metropolitan_dystopia,69,248,1,493.831000,65.944000,1,1,1.000000,1,87,29,2500
bug-bug2-bounded,with_roads,metropolitan_dystopia,1740,300,1,1506.886000,81.550000,1,1,1.354430,0,107,79,2500
bug-bug2-bounded,with_roads,metropolitan_dystopia,54,2031,1,1647.906000,86.720000,1,1,1.434426,0,175,91,2500
bug-bug2-bounded,with_roads,metropolitan_dystopia,773,688,1,1493.359000,68.422000,1,1,1.490909,1,246,82,2500
bug-bug2-bounded,with_roads,metropolitan_dystopia,633,381,1,134.068000,53.851000,1,1,1.000000,1,21,7,2500
bug-bug2-bounded,with_roads,metropolitan_dystopia,2012,271,1,2455.830000,70.041000,1,1,1.387417,1,419,155,2500
bug-bug2-bounded,with_roads,metropolitan_dystopia,1848,2026,1,1036.640000,67.209000,1,1,1.930556,1,139,59,2500
bug-bug2-bounded,with_roads,metropolitan_dystopia,2466,1503,1,573.779000,71.982000,1,1,1.066667,1,96,32,2500
bug-bug2-bounded,with_roads,metropolitan_dystopia,228,1625,1,1370.076000,71.061000,1,1,1.610294,1,219,81,2500
bug-bug2-bounded,with_roads,metropolitan_dystopia,1159,77,1,761.715000,70.093000,1,1,1.273585,0,135,45,2500
bug-bug2-bounded,with_roads,metropolitan_dystopia,69,248,1,500.900000,65.336000,1,1,1.000000,1,87,29,2500
bug-bug2-bounded,no_roads,minimaze,436,66,1,358.092000,78.605000,1,1,1.000000,1,63,21,625
bug-bug2-bounded,no_roads,minimaze,13,505,1,526.544000,77.223000,1,1,1.000000,1,87,29,625
bug-bug2-bounded,no_roads,minimaze,178,159,1,355.801000,61.272000,1,1,1.000000,1,72,24,625
bug-bug2-bounded,no_roads,minimaze,143,89,1,87.993000,39.895000,1,1,1.000000,1,15,5,625
bug-bug2-bounded,no_roads,minimaze,503,60,1,348.843000,62.719000,1,1,1.000000,1,60,20,625
bug-bug2-bounded,no_roads,minimaze,464,505,1,335.575000,54.483000,1,1,1.052632,1,60,20,625
bug-bug2-bounded,no_roads,minimaze,600,371,1,415.154000,47.663000,1,1,1.000000,1,78,26,625
bug-bug2-bounded,no_roads,minimaze,46,398,1,282.912000,50.384000,1,1,1.000000,1,54,18,625
bug-bug2-bounded,no_roads,minimaze,282,17,1,273.836000,59.647000,1,1,1.000000,1,54,18,625
bug-bug2-bounded,no_roads,minimaze,16,49,1,105.740000,24.004000,1,1,1.000000,1,24,8,625
bug-bug2-bounded,with_roads,minimaze,436,66,1,377.145000,68.668000,1,1,1.037736,1,55,21,625
bug-bug2-bounded,with_roads,minimaze,13,505,1,516.905000,65.219000,1,1,1.118421,0,85,29,625
bug-bug2-bounded,with_roads,minimaze,178,159,1,365.647000,68.977000,1,1,1.093750,1,70,24,625
bug-bug2-bounded,with_roads,minimaze,143,89,1,95.291000,46.565000,1,1,1.000000,1,15,5,625
bug-bug2-bounded,with_roads,minimaze,503,60,1,357.672000,65.062000,1,1,1.160000,1,58,20,625
bug-bug2-bounded,with_roads,minimaze,464,505,1,342.626000,54.403000,1,1,1.052632,1,60,20,625
bug-bug2-bounded,with_roads,minimaze,600,371,1,438.423000,56.596000,1,1,1.225806,1,76,26,625
bug-bug2-bounded,with_roads,minimaze,46,398,1,290.545000,52.824000,1,1,1.219512,1,50,18,625
bug-bug2-bounded,with_roads,minimaze,282,17,1,280.264000,63.352000,1,1,1.300000,1,52,18,625
bug-bug2-bounded,with_roads,minimaze,16,49,1,106.648000,23.688000,1,1,1.000000,1,24,8,625
bug-bug2-bounded,no_roads,not_a_blank_white_page,1510,228,1,731.337000,75.355000,1,1,1.243902,0,153,51,1640
bug-bug2-bounded,no_roads,not_a_blank_white_page,51,598,1,217.217000,50.588000,1,1,1.000000,1,42,14,1640
bug-bug2-bounded,no_roads,not_a_blank_white_page,513,457,1,233.930000,64.380000,1,1,1.000000,1,45,15,1640
bug-bug2-bounded,no_roads,not_a_blank_white_page,285,209,1,433.801000,46.877000,1,1,1.000000,1,105,35,1640
bug-bug2-bounded,no_roads,not_a_blank_white_page,1586,1229,1,267.040000,64.021000,1,1,1.000000,1,48,16,1640
bug-bug2-bounded,no_roads,not_a_blank_white_page,942,65,1,375.128000,69.490000,1,1,1.000000,1,69,23,1640
bug-bug2-bounded,no_roads,not_a_blank_white_page,61,191,1,106.885000,31.149000,1,1,1.000000,1,21,7,1640
bug-bug2-bounded,no_roads,not_a_blank_white_page,447,476,1,149.527000,32.118000,1,1,1.000000,1,36,12,1640
bug-bug2-bounded,no_roads,not_a_blank_white_page,1135,1433,1,498.264000,61.004000,1,1,1.214286,0,102,34,1640
bug-bug2-bounded,no_roads,not_a_blank_white_page,54,1265,1,387.290000,40.517000,1,1,1.000000,1,87,29,1640
bug-bug2-bounded,with_roads,not_a_blank_white_page,1510,228,1,764.080000,73.231000,1,1,1.243902,0,153,51,1640
bug-bug2-bounded,with_roads,not_a_blank_white_page,51,598,1,219.593000,52.445000,1,1,1.000000,1,42,14,1640
bug-bug2-bounded,with_roads,not_a_blank_white_page,513,457,1,219.865000,62.550000,1,1,1.000000,1,45,15,1640
bug-bug2-bounded,with_roads,not_a_blank_white_page,285,209,1,432.607000,47.592000,1,1,1.478873,1,105,35,1640
bug-bug2-bounded,with_roads,not_a_blank_white_page,1586,1229,1,255.996000,63.479000,1,1,1.000000,1,48,16,1640
bug-bug2-bounded,with_roads,not_a_blank_white_page,942,65,1,377.757000,66.416000,1,1,1.029851,1,69,23,1640
bug-bug2-bounded,with_roads,not_a_blank_white_page,61,191,1,105.743000,28.944000,1,1,1.400000,0,21,7,1640
bug-bug2-bounded,with_roads,not_a_blank_white_page,447,476,1,148.050000,30.789000,1,1,1.000000,1,36,12,1640
bug-bug2-bounded,with_roads,not_a_blank_white_page,1135,1433,1,494.952000,57.640000,1,1,1.214286,0,102,34,1640
bug-bug2-bounded,with_roads,not_a_blank_white_page,54,1265,1,389.870000,38.933000,1,1,1.000000,1,87,29,1640
bug-bug2-bounded,no_roads,orbit,661,114,1,342.997000,53.217000,1,1,1.000000,1,69,23,900
bug-bug2-bounded,no_roads,orbit,25,767,1,359.845000,41.576000,1,1,1.000000,1,75,25,900
bug-bug2-bounded,no_roads,orbit,283,251,1,36.411000,23.227000,1,1,1.000000,1,6,2,900
bug-bug2-bounded,no_roads,orbit,229,142,1,46.645000,22.330000,1,1,1.000000,1,9,3,900
bug-bug2-bounded,no_roads,orbit,762,104,1,307.121000,34.263000,1,1,1.000000,1,66,22,900
bug-bug2-bounded,no_roads,orbit,700,766,1,100.010000,25.475000,1,1,1.000000,1,18,6,900
bug-bug2-bounded,no_roads,orbit,564,89,1,246.337000,29.702000,1,1,1.000000,1,48,16,900
bug-bug2-bounded,no_roads,orbit,610,435,1,92.716000,26.146000,1,1,1.000000,1,18,6,900
bug-bug2-bounded,no_roads,orbit,32,30,1,32.446000,21.662000,1,1,1.000000,1,6,2,900
bug-bug2-bounded,no_roads,orbit,95,224,1,136.861000,40.918000,1,1,1.000000,1,27,9,900
bug-bug2-bounded,with_roads,orbit,661,114,1,344.151000,47.582000,1,1,1.032787,1,63,23,900
bug-bug2-bounded,with_roads,orbit,25,767,1,362.663000,42.264000,1,1,1.119403,1,75,25,900
bug-bug2-bounded,with_roads,orbit,283,251,1,36.908000,22.945000,1,1,1.000000,1,6,2,900
bug-bug2-bounded,with_roads,orbit,229,142,1,47.051000,21.708000,1,1,1.000000,1,9,3,900
bug-bug2-bounded,with_roads,orbit,762,104,1,309.886000,31.973000,1,1,1.200000,1,60,22,900
bug-bug2-bounded,with_roads,orbit,700,766,1,91.781000,24.785000,1,1,1.000000,1,18,6,900
bug-bug2-bounded,with_roads,orbit,564,89,1,240.328000,28.036000,1,1,1.000000,1,48,16,900
bug-bug2-bounded,with_roads,orbit,610,435,1,93.487000,25.663000,1,1,1.000000,1,14,6,900
bug-bug2-bounded,with_roads,orbit,32,30,1,33.630000,22.193000,1,1,1.000000,1,4,2,900
bug-bug2-bounded,with_roads,orbit,95,224,1,137.721000,40.485000,1,1,1.080000,0,27,9,900
bug-bug2-bounded,no_roads,perch_point,772,132,1,331.780000,61.125000,1,1,1.000000,1,63,21,900
bug-bug2-bounded,no_roads,perch_point,27,877,1,644.957000,83.667000,1,1,1.000000,1,123,41,900
bug-bug2-bounded,no_roads,perch_point,327,294,1,54.566000,27.581000,1,1,1.000000,1,9,3,900
bug-bug2-bounded,no_roads,perch_point,261,164,1,104.548000,35.671000,1,1,1.000000,1,21,7,900
bug-bug2-bounded,no_roads,perch_point,872,120,1,393.821000,52.334000,1,1,1.000000,1,75,25,900
bug-bug2-bounded,no_roads,perch_point,810,876,1,88.073000,23.877000,1,1,1.000000,1,18,6,900
bug-bug2-bounded,no_roads,perch_point,669,95,1,634.306000,64.156000,1,1,1.400000,0,105,35,900
bug-bug2-bounded,no_roads,perch_point,722,514,1,104.636000,30.160000,1,1,1.000000,1,21,7,900
bug-bug2-bounded,no_roads,perch_point,34,32,1,37.945000,24.708000,1,1,1.000000,1,6,2,900
bug-bug2-bounded,no_roads,perch_point,106,255,1,70.556000,24.334000,1,1,1.000000,1,15,5,900
bug-bug2-bounded,with_roads,perch_point,772,132,1,337.187000,61.525000,1,1,1.000000,1,63,21,900
bug-bug2-bounded,with_roads,perch_point,27,877,1,635.887000,60.825000,1,1,1.000000,1,123,41,900
bug-bug2-bounded,with_roads,perch_point,327,294,1,54.530000,27.477000,1,1,1.000000,1,9,3,900
bug-bug2-bounded,with_roads,perch_point,261,164,1,105.348000,36.300000,1,1,1.000000,1,21,7,900
bug-bug2-bounded,with_roads,perch_point,872,120,1,416.772000,53.356000,1,1,1.342857,1,47,25,900
bug-bug2-bounded,with_roads,perch_point,810,876,1,88.532000,25.141000,1,1,1.000000,1,18,6,900
bug-bug2-bounded,with_roads,perch_point,669,95,1,589.094000,63.202000,1,1,2.028571,0,71,35,900
bug-bug2-bounded,with_roads,perch_point,722,514,1,108.548000,31.554000,1,1,1.266667,1,19,7,900
bug-bug2-bounded,with_roads,perch_point,34,32,1,38.032000,24.623000,1,1,1.500000,0,6,2,900
bug-bug2-bounded,with_roads,perch_point,106,255,1,71.275000,25.197000,1,1,1.000000,1,15,5,900
bug-bug2-bounded,no_roads,pixel_forest,791,131,1,363.395000,59.490000,1,1,1.000000,1,60,20,1125
bug-bug2-bounded,no_roads,pixel_forest,360,324,1,146.852000,41.088000,1,1,1.000000,1,27,9,1125
bug-bug2-bounded,no_roads,pixel_forest,289,175,1,492.187000,51.027000,1,1,1.115385,1,87,29,1125
bug-bug2-bounded,no_roads,pixel_forest,850,938,1,30.456000,20.384000,1,1,1.000000,1,6,2,1125
bug-bug2-bounded,no_roads,pixel_forest,678,98,1,205.237000,55.573000,1,1,1.000000,1,39,13,1125
bug-bug2-bounded,no_roads,pixel_forest,730,536,1,525.804000,68.714000,1,1,1.000000,1,105,35,1125
bug-bug2-bounded,no_roads,pixel_forest,36,33,1,540.091000,100.520000,1,1,1.100000,0,99,33,1125
bug-bug2-bounded,no_roads,pixel_forest,309,631,1,642.705000,62.990000,1,1,1.048780,1,129,43,1125
bug-bug2-bounded,no_roads,pixel_forest,744,30,1,218.979000,31.860000,1,1,1.000000,1,48,16,1125
bug-bug2-bounded,no_roads,pixel_forest,696,256,1,190.753000,47.114000,1,1,1.000000,1,36,12,1125
bug-bug2-bounded,with_roads,pixel_forest,791,131,1,338.232000,58.579000,1,1,1.000000,1,60,20,1125
bug-bug2-bounded,with_roads,pixel_forest,360,324,1,148.729000,40.967000,1,1,1.357143,1,19,9,1125
bug-bug2-bounded,with_roads,pixel_forest,289,175,1,452.834000,51.385000,1,1,1.115385,1,87,29,1125
bug-bug2-bounded,with_roads,pixel_forest,850,938,1,30.534000,20.138000,1,1,1.000000,1,6,2,1125
bug-bug2-bounded,with_roads,pixel_forest,678,98,1,199.134000,57.130000,1,1,1.064516,1,33,13,1125
bug-bug2-bounded,with_roads,pixel_forest,730,536,1,495.190000,65.202000,1,1,1.206897,1,105,35,1125
bug-bug2-bounded,with_roads,pixel_forest,36,33,1,512.827000,58.577000,1,1,1.100000,0,99,33,1125
bug-bug2-bounded,with_roads,pixel_forest,309,631,1,656.223000,60.096000,1,1,1.273684,1,121,43,1125
bug-bug2-bounded,with_roads,pixel_forest,744,30,1,212.654000,30.067000,1,1,1.043478,1,48,16,1125
bug-bug2-bounded,with_roads,pixel_forest,696,256,1,179.737000,49.718000,1,1,1.000000,1,36,12,1125
bug-bug2-bounded,no_roads,pls_buy_cucats_merch,480,102,1,546.416000,71.602000,1,1,1.000000,1,105,35,2401
bug-bug2-bounded,no_roads,pls_buy_cucats_merch,1246,1123,1,316.928000,36.536000,1,1,1.000000,1,72,24,2401
bug-bug2-bounded,no_roads,pls_buy_cucats_merch,1008,605,1,236.643000,68.342000,1,1,1.000000,1,42,14,2401
bug-bug2-bounded,no_roads,pls_buy_cucats_merch,437,371,1,253.865000,49.524000,1,1,1.000000,1,51,17,2401
bug-bug2-bounded,no_roads,pls_buy_cucats_merch,1950,132,1,613.772000,72.152000,1,1,1.027027,0,114,38,2401
bug-bug2-bounded,no_roads,pls_buy_cucats_merch,123,399,1,280.361000,57.191000,1,1,1.000000,1,54,18,2401
bug-bug2-bounded,no_roads,pls_buy_cucats_merch,985,1072,1,576.699000,70.686000,1,1,1.000000,1,114,38,2401
bug-bug2-bounded,no_roads,pls_buy_cucats_merch,2309,108,1,656.659000,50.312000,1,1,1.000000,1,135,45,2401
bug-bug2-bounded,no_roads,pls_buy_cucats_merch,893,1940,1,549.561000,78.317000,1,1,1.214286,0,102,34,2401
bug-bug2-bounded,no_roads,pls_buy_cucats_merch,993,2065,1,408.348000,66.975000,1,1,1.000000,1,84,28,2401
bug-bug2-bounded,with_roads,pls_buy_cucats_merch,480,102,1,546.130000,92.844000,1,1,1.000000,1,105,35,2401
bug-bug2-bounded,with_roads,pls_buy_cucats_merch,1246,1123,1,306.636000,36.728000,1,1,1.000000,1,72,24,2401
bug-bug2-bounded,with_roads,pls_buy_cucats_merch,1008,605,1,228.930000,69.079000,1,1,1.000000,1,42,14,2401
bug-bug2-bounded,with_roads,pls_buy_cucats_merch,437,371,1,245.954000,52.237000,1,1,1.000000,1,51,17,2401
bug-bug2-bounded,with_roads,pls_buy_cucats_merch,1950,132,1,572.448000,69.086000,1,1,1.027027,0,114,38,2401
bug-bug2-bounded,with_roads,pls_buy_cucats_merch,123,399,1,270.463000,58.513000,1,1,1.000000,1,54,18,2401
bug-bug2-bounded,with_roads,pls_buy_cucats_merch,985,1072,1,543.808000,69.130000,1,1,1.000000,1,114,38,2401
bug-bug2-bounded,with_roads,pls_buy_cucats_merch,2309,108,1,634.465000,49.662000,1,1,1.712329,1,125,45,2401
bug-bug2-bounded,with_roads,pls_buy_cucats_merch,893,1940,1,541.711000,67.453000,1,1,1.214286,0,102,34,2401
bug-bug2-bounded,with_roads,pls_buy_cucats_merch,993,2065,1,399.045000,65.013000,1,1,1.423077,1,74,28,2401
bug-bug2-bounded,no_roads,pong,619,555,1,206.487000,39.473000,1,1,1.000000,1,42,14,1750
bug-bug2-bounded,no_roads,pong,1293,934,1,133.108000,31.097000,1,1,1.000000,1,27,9,1750
bug-bug2-bounded,no_roads,pong,67,63,1,72.898000,30.348000,1,1,1.000000,1,12,4,1750
bug-bug2-bounded,no_roads,pong,1316,56,1,352.877000,36.363000,1,1,1.000000,1,75,25,1750
bug-bug2-bounded,no_roads,pong,1639,1196,1,188.719000,58.884000,1,1,1.000000,1,33,11,1750
bug-bug2-bounded,no_roads,pong,991,1290,1,93.628000,27.315000,1,1,1.000000,1,18,6,1750
bug-bug2-bounded,no_roads,pong,844,229,1,225.891000,49.446000,1,1,1.000000,1,45,15,1750
bug-bug2-bounded,no_roads,pong,296,841,1,164.231000,31.413000,1,1,1.000000,1,33,11,1750
bug-bug2-bounded,no_roads,pong,658,1373,1,216.871000,30.365000,1,1,1.000000,1,45,15,1750
bug-bug2-bounded,no_roads,pong,1352,804,1,166.100000,31.904000,1,1,1.000000,1,33,11,1750
bug-bug2-bounded,with_roads,pong,619,555,1,201.810000,36.760000,1,1,1.000000,1,42,14,1750
bug-bug2-bounded,with_roads,pong,1293,934,1,123.259000,27.973000,1,1,1.000000,1,27,9,1750
bug-bug2-bounded,with_roads,pong,67,63,1,71.156000,29.011000,1,1,1.000000,1,12,4,1750
bug-bug2-bounded,with_roads,pong,1316,56,1,335.237000,34.770000,1,1,1.027397,1,75,25,1750
bug-bug2-bounded,with_roads,pong,1639,1196,1,187.534000,63.567000,1,1,1.000000,1,33,11,1750
bug-bug2-bounded,with_roads,pong,991,1290,1,85.924000,25.759000,1,1,1.000000,1,18,6,1750
bug-bug2-bounded,with_roads,pong,844,229,1,219.491000,49.797000,1,1,1.000000,1,45,15,1750
bug-bug2-bounded,with_roads,pong,296,841,1,156.245000,30.330000,1,1,1.000000,1,33,11,1750
bug-bug2-bounded,with_roads,pong,658,1373,1,200.264000,31.428000,1,1,1.000000,1,45,15,1750
bug-bug2-bounded,with_roads,pong,1352,804,1,164.591000,33.155000,1,1,1.000000,1,33,11,1750
bug-bug2-bounded,no_roads,raindrop,365,63,1,250.294000,63.050000,1,1,1.000000,1,45,15,400
bug-bug2-bounded,no_roads,raindrop,14,156,1,100.370000,24.459000,1,1,1.000000,1,21,7,400
bug-bug2-bounded,no_roads,raindrop,139,127,1,164.246000,38.934000,1,1,1.000000,1,36,12,400
bug-bug2-bounded,no_roads,raindrop,79,58,1,18.748000,18.748000,1,1,1.000000,1,3,1,400
bug-bug2-bounded,no_roads,raindrop,388,310,1,86.309000,36.257000,1,1,1.000000,1,12,4,400
bug-bug2-bounded,no_roads,raindrop,49,336,1,193.780000,43.449000,1,1,1.000000,1,42,14,400
bug-bug2-bounded,no_roads,raindrop,240,18,1,257.807000,50.590000,1,1,1.000000,1,54,18,400
bug-bug2-bounded,no_roads,raindrop,17,53,1,63.346000,19.343000,1,1,1.000000,1,12,4,400
bug-bug2-bounded,no_roads,raindrop,123,132,1,115.841000,31.370000,1,1,1.000000,1,27,9,400
bug-bug2-bounded,no_roads,raindrop,287,342,1,93.268000,40.711000,1,1,1.000000,1,15,5,400
bug-bug2-bounded,with_roads,raindrop,365,63,1,257.920000,62.877000,1,1,1.518519,1,41,15,400
bug-bug2-bounded,with_roads,raindrop,14,156,1,108.417000,32.365000,1,1,1.000000,1,21,7,400
bug-bug2-bounded,with_roads,raindrop,139,127,1,164.694000,34.927000,1,1,1.545455,0,34,12,400
bug-bug2-bounded,with_roads,raindrop,79,58,1,18.392000,18.392000,1,1,1.000000,1,3,1,400
bug-bug2-bounded,with_roads,raindrop,388,310,1,85.487000,36.318000,1,1,1.000000,1,12,4,400
bug-bug2-bounded,with_roads,raindrop,49,336,1,192.927000,43.613000,1,1,1.461538,1,38,14,400
bug-bug2-bounded,with_roads,raindrop,240,18,1,257.581000,50.313000,1,1,1.090909,1,48,18,400
bug-bug2-bounded,with_roads,raindrop,17,53,1,63.360000,19.128000,1,1,1.000000,1,12,4,400
bug-bug2-bounded,with_roads,raindrop,123,132,1,117.138000,31.251000,1,1,1.352941,1,23,9,400
bug-bug2-bounded,with_roads,raindrop,287,342,1,94.063000,40.524000,1,1,1.181818,0,13,5,400
bug-bug2-bounded,no_roads,rush_bait,1002,140,1,901.372000,68.731000,1,1,1.040000,1,156,52,1225
bug-bug2-bounded,no_roads,rush_bait,27,1160,1,977.266000,59.006000,1,1,1.111111,0,180,60,1225
bug-bug2-bounded,no_roads,rush_bait,390,341,1,767.108000,70.800000,1,1,1.090909,0,144,48,1225
bug-bug2-bounded,no_roads,rush_bait,311,189,1,473.105000,68.777000,1,1,1.000000,1,84,28,1225
bug-bug2-bounded,no_roads,rush_bait,1155,128,1,955.777000,75.505000,1,1,1.000000,1,168,56,1225
bug-bug2-bounded,no_roads,rush_bait,1059,1159,1,87.854000,26.233000,1,1,1.000000,1,15,5,1225
bug-bug2-bounded,no_roads,rush_bait,869,102,1,322.672000,50.092000,1,1,1.000000,1,66,22,1225
bug-bug2-bounded,no_roads,rush_bait,930,635,1,543.871000,68.074000,1,1,1.058824,1,108,36,1225
bug-bug2-bounded,no_roads,rush_bait,34,32,1,30.358000,19.918000,1,1,1.000000,1,6,2,1225
bug-bug2-bounded,no_roads,rush_bait,114,303,1,189.075000,50.311000,1,1,1.000000,1,42,14,1225
bug-bug2-bounded,with_roads,rush_bait,1002,140,1,871.478000,69.192000,1,1,1.632184,0,142,52,1225
bug-bug2-bounded,with_roads,rush_bait,27,1160,1,974.603000,59.049000,1,1,1.333333,0,140,60,1225
bug-bug2-bounded,with_roads,rush_bait,390,341,1,772.211000,68.200000,1,1,2.346154,0,122,48,1225
bug-bug2-bounded,with_roads,rush_bait,311,189,1,484.544000,66.478000,1,1,1.377778,1,62,28,1225
bug-bug2-bounded,with_roads,rush_bait,1155,128,1,921.075000,67.154000,1,1,1.395833,1,134,56,1225
bug-bug2-bounded,with_roads,rush_bait,1059,1159,1,86.087000,24.721000,1,1,1.000000,1,15,5,1225
bug-bug2-bounded,with_roads,rush_bait,869,102,1,323.099000,49.475000,1,1,1.142857,1,64,22,1225
bug-bug2-bounded,with_roads,rush_bait,930,635,1,549.011000,63.418000,1,1,1.270588,0,108,36,1225
bug-bug2-bounded,with_roads,rush_bait,34,32,1,29.998000,19.429000,1,1,1.000000,1,6,2,1225
bug-bug2-bounded,with_roads,rush_bait,114,303,1,191.050000,48.747000,1,1,1.714286,1,24,14,1225
bug-bug2-bounded,no_roads,s,403,80,1,254.446000,61.822000,1,1,1.000000,1,48,16,600
bug-bug2-bounded,no_roads,s,14,462,1,662.935000,51.035000,1,1,1.343750,1,129,43,600
bug-bug2-bounded,no_roads,s,173,156,1,45.029000,22.064000,1,1,1.000000,1,9,3,600
bug-bug2-bounded,no_roads,s,144,96,1,172.320000,40.349000,1,1,1.000000,1,42,14,600
bug-bug2-bounded,no_roads,s,460,73,1,533.014000,64.100000,1,1,1.161290,1,108,36,600
bug-bug2-bounded,no_roads,s,425,462,1,50.840000,23.521000,1,1,1.000000,1,9,3,600
bug-bug2-bounded,no_roads,s,559,347,1,235.102000,63.777000,1,1,1.076923,1,42,14,600
bug-bug2-bounded,no_roads,s,63,374,1,487.370000,53.624000,1,1,1.291667,0,93,31,600
bug-bug2-bounded,no_roads,s,260,18,1,545.404000,67.692000,1,1,1.461538,0,114,38,600
bug-bug2-bounded,no_roads,s,17,68,1,167.170000,50.704000,1,1,1.000000,1,33,11,600
bug-bug2-bounded,with_roads,s,403,80,1,257.469000,56.903000,1,1,1.400000,0,28,16,600
bug-bug2-bounded,with_roads,s,14,462,1,658.182000,50.643000,1,1,2.155556,1,97,43,600
bug-bug2-bounded,with_roads,s,173,156,1,48.311000,21.286000,1,1,1.000000,1,9,3,600
bug-bug2-bounded,with_roads,s,144,96,1,172.223000,39.925000,1,1,1.200000,1,36,14,600
bug-bug2-bounded,with_roads,s,460,73,1,536.692000,71.697000,1,1,1.518519,1,82,36,600
bug-bug2-bounded,with_roads,s,425,462,1,50.939000,23.602000,1,1,1.000000,1,9,3,600
bug-bug2-bounded,with_roads,s,559,347,1,237.943000,65.736000,1,1,1.100000,1,22,14,600
bug-bug2-bounded,with_roads,s,63,374,1,486.402000,53.620000,1,1,1.884615,0,49,31,600
bug-bug2-bounded,with_roads,s,260,18,1,553.959000,65.415000,1,1,2.324324,0,86,38,600
bug-bug2-bounded,with_roads,s,17,68,1,164.092000,48.741000,1,1,1.000000,1,23,11,600
bug-bug2-bounded,no_roads,separated,535,102,1,613.635000,92.668000,1,1,1.060606,1,105,35,2500
bug-bug2-bounded,no_roads,separated,1335,1185,1,57.073000,34.079000,1,1,1.000000,1,9,3,2500
bug-bug2-bounded,no_roads,separated,493,418,1,438.873000,87.373000,1,1,1.074074,0,87,29,2500
bug-bug2-bounded,no_roads,separated,135,450,1,590.613000,78.068000,1,1,1.028571,1,108,36,2500
bug-bug2-bounded,no_roads,separated,1062,2186,1,546.312000,77.551000,1,1,1.058824,0,108,36,2500
bug-bug2-bounded,no_roads,separated,782,2052,1,1581.861000,80.312000,1,1,1.369863,0,300,100,2500
bug-bug2-bounded,no_roads,separated,760,1036,1,349.956000,37.367000,1,1,1.000000,1,78,26,2500
bug-bug2-bounded,no_roads,separated,1626,492,1,460.072000,75.888000,1,1,1.000000,1,87,29,2500
bug-bug2-bounded,no_roads,separated,1660,1284,1,499.425000,68.440000,1,1,1.030303,1,102,34,2500
bug-bug2-bounded,no_roads,separated,200,2236,1,765.236000,76.502000,1,1,1.000000,1,153,51,2500
bug-bug2-bounded,with_roads,separated,535,102,1,582.207000,88.566000,1,1,1.060606,1,105,35,2500
bug-bug2-bounded,with_roads,separated,1335,1185,1,58.579000,35.624000,1,1,1.000000,1,9,3,2500
bug-bug2-bounded,with_roads,separated,493,418,1,430.514000,76.359000,1,1,1.074074,0,87,29,2500
bug-bug2-bounded,with_roads,separated,135,450,1,582.646000,74.250000,1,1,1.029126,1,106,36,2500
bug-bug2-bounded,with_roads,separated,1062,2186,1,542.214000,72.840000,1,1,1.309091,1,72,36,2500
bug-bug2-bounded,with_roads,separated,782,2052,1,1599.582000,73.663000,1,1,1.369863,0,300,100,2500
bug-bug2-bounded,with_roads,separated,760,1036,1,334.365000,35.838000,1,1,1.000000,1,78,26,2500
bug-bug2-bounded,with_roads,separated,1626,492,1,484.624000,71.852000,1,1,1.000000,1,87,29,2500
bug-bug2-bounded,with_roads,separated,1660,1284,1,519.772000,67.857000,1,1,1.103448,1,96,34,2500
bug-bug2-bounded,with_roads,separated,200,2236,1,801.500000,77.186000,1,1,1.477612,0,99,51,2500
bug-bug2-bounded,no_roads,settlement,1393,236,1,381.938000,63.624000,1,1,1.000000,1,72,24,1900
bug-bug2-bounded,no_roads,settlement,51,1602,1,496.954000,36.771000,1,1,1.000000,1,93,31,1900
bug-bug2-bounded,no_roads,settlement,599,527,1,356.787000,65.460000,1,1,1.000000,1,66,22,1900
bug-bug2-bounded,no_roads,settlement,479,299,1,279.600000,32.659000,1,1,1.000000,1,60,20,1900
bug-bug2-bounded,no_roads,settlement,1592,217,1,364.775000,37.713000,1,1,1.000000,1,81,27,1900
bug-bug2-bounded,no_roads,settlement,1469,1600,1,266.409000,34.042000,1,1,1.000000,1,57,19,1900
bug-bug2-bounded,no_roads,settlement,1188,186,1,309.974000,56.123000,1,1,1.000000,1,60,20,1900
bug-bug2-bounded,no_roads,settlement,1285,912,1,365.281000,61.221000,1,1,1.000000,1,69,23,1900
bug-bug2-bounded,no_roads,settlement,67,63,1,72.443000,30.974000,1,1,1.000000,1,12,4,1900
bug-bug2-bounded,no_roads,settlement,199,469,1,435.240000,59.620000,1,1,1.000000,1,90,30,1900
bug-bug2-bounded,with_roads,settlement,1393,236,1,385.044000,65.943000,1,1,1.000000,1,72,24,1900
bug-bug2-bounded,with_roads,settlement,51,1602,1,500.228000,38.043000,1,1,1.000000,1,93,31,1900
bug-bug2-bounded,with_roads,settlement,599,527,1,363.578000,66.202000,1,1,1.000000,1,66,22,1900
bug-bug2-bounded,with_roads,settlement,479,299,1,288.393000,35.681000,1,1,1.000000,1,60,20,1900
bug-bug2-bounded,with_roads,settlement,1592,217,1,383.466000,37.991000,1,1,1.000000,1,81,27,1900
bug-bug2-bounded,with_roads,settlement,1469,1600,1,271.470000,36.226000,1,1,1.000000,1,57,19,1900
bug-bug2-bounded,with_roads,settlement,1188,186,1,315.506000,54.021000,1,1,1.000000,1,60,20,1900
bug-bug2-bounded,with_roads,settlement,1285,912,1,371.915000,60.307000,1,1,1.000000,1,69,23,1900
bug-bug2-bounded,with_roads,settlement,67,63,1,72.622000,30.136000,1,1,1.500000,1,12,4,1900
bug-bug2-bounded,with_roads,settlement,199,469,1,461.606000,58.950000,1,1,1.000000,1,90,30,1900
bug-bug2-bounded,no_roads,shish_kebab,377,61,1,281.833000,59.304000,1,1,1.000000,1,54,18,400
bug-bug2-bounded,no_roads,shish_kebab,12,159,1,176.000000,50.374000,1,1,1.090909,0,36,12,400
bug-bug2-bounded,no_roads,shish_kebab,142,126,1,61.751000,25.913000,1,1,1.000000,1,12,4,400
bug-bug2-bounded,no_roads,shish_kebab,79,54,1,108.828000,51.482000,1,1,1.000000,1,18,6,400
bug-bug2-bounded,no_roads,shish_kebab,396,321,1,280.136000,46.804000,1,1,1.133333,1,51,17,400
bug-bug2-bounded,no_roads,shish_kebab,46,350,1,246.579000,54.989000,1,1,1.000000,1,48,16,400
bug-bug2-bounded,no_roads,shish_kebab,248,16,1,301.935000,49.706000,1,1,1.285714,0,54,18,400
bug-bug2-bounded,no_roads,shish_kebab,15,49,1,91.381000,21.196000,1,1,1.000000,1,18,6,400
bug-bug2-bounded,no_roads,shish_kebab,123,136,1,177.628000,45.664000,1,1,1.000000,1,39,13,400
bug-bug2-bounded,no_roads,shish_kebab,298,356,1,60.750000,24.624000,1,1,1.000000,1,9,3,400
bug-bug2-bounded,with_roads,shish_kebab,377,61,1,276.474000,54.622000,1,1,1.421053,1,54,18,400
bug-bug2-bounded,with_roads,shish_kebab,12,159,1,175.633000,48.466000,1,1,1.090909,0,36,12,400
bug-bug2-bounded,with_roads,shish_kebab,142,126,1,60.986000,25.307000,1,1,1.000000,1,12,4,400
bug-bug2-bounded,with_roads,shish_kebab,79,54,1,107.886000,50.717000,1,1,1.000000,1,18,6,400
bug-bug2-bounded,with_roads,shish_kebab,396,321,1,278.750000,51.161000,1,1,1.406250,1,45,17,400
bug-bug2-bounded,with_roads,shish_kebab,46,350,1,231.586000,54.238000,1,1,1.655172,0,48,16,400
bug-bug2-bounded,with_roads,shish_kebab,248,16,1,303.525000,50.121000,1,1,1.285714,0,54,18,400
bug-bug2-bounded,with_roads,shish_kebab,15,49,1,89.598000,20.012000,1,1,1.000000,1,18,6,400
bug-bug2-bounded,with_roads,shish_kebab,123,136,1,178.279000,45.687000,1,1,1.000000,1,39,13,400
bug-bug2-bounded,with_roads,shish_kebab,298,356,1,83.684000,43.873000,1,1,1.000000,1,9,3,400
bug-bug2-bounded,no_roads,shrub,850,128,1,318.348000,38.279000,1,1,1.000000,1,72,24,900
bug-bug2-bounded,no_roads,shrub,27,359,1,162.227000,43.299000,1,1,1.000000,1,33,11,900
bug-bug2-bounded,no_roads,shrub,317,290,1,94.566000,44.170000,1,1,1.000000,1,15,5,900
bug-bug2-bounded,no_roads,shrub,171,115,1,60.663000,23.983000,1,1,1.000000,1,12,4,900
bug-bug2-bounded,no_roads,shrub,896,732,1,391.285000,66.830000,1,1,1.000000,1,81,27,900
bug-bug2-bounded,no_roads,shrub,96,789,1,309.109000,55.526000,1,1,1.000000,1,69,23,900
bug-bug2-bounded,no_roads,shrub,550,34,1,221.938000,30.444000,1,1,1.000000,1,51,17,900
bug-bug2-bounded,no_roads,shrub,32,104,1,222.959000,51.287000,1,1,1.000000,1,39,13,900
bug-bug2-bounded,no_roads,shrub,282,303,1,173.501000,57.305000,1,1,1.000000,1,33,11,900
bug-bug2-bounded,no_roads,shrub,672,806,1,409.628000,63.102000,1,1,1.120000,1,84,28,900
bug-bug2-bounded,with_roads,shrub,850,128,1,302.233000,39.848000,1,1,1.241379,1,72,24,900
bug-bug2-bounded,with_roads,shrub,27,359,1,164.785000,44.512000,1,1,1.000000,1,33,11,900
bug-bug2-bounded,with_roads,shrub,317,290,1,94.847000,44.266000,1,1,1.000000,1,15,5,900
bug-bug2-bounded,with_roads,shrub,171,115,1,59.521000,23.208000,1,1,1.000000,1,12,4,900
bug-bug2-bounded,with_roads,shrub,896,732,1,392.936000,66.398000,1,1,1.000000,1,81,27,900
bug-bug2-bounded,with_roads,shrub,96,789,1,309.026000,50.788000,1,1,1.218182,1,67,23,900
bug-bug2-bounded,with_roads,shrub,550,34,1,219.247000,31.383000,1,1,1.821429,1,51,17,900
bug-bug2-bounded,with_roads,shrub,32,104,1,221.058000,50.329000,1,1,1.000000,1,39,13,900
bug-bug2-bounded,with_roads,shrub,282,303,1,182.549000,57.297000,1,1,1.240000,1,31,11,900
bug-bug2-bounded,with_roads,shrub,672,806,1,412.422000,68.761000,1,1,1.120000,1,84,28,900
bug-bug2-bounded,no_roads,sierpinski_evil,865,124,1,566.563000,73.622000,1,1,1.096774,1,102,34,961
bug-bug2-bounded,no_roads,sierpinski_evil,26,325,1,263.340000,72.155000,1,1,1.000000,1,48,16,961
bug-bug2-bounded,no_roads,sierpinski_evil,287,256,1,22.639000,22.639000,1,1,1.000000,1,3,1,961
bug-bug2-bounded,no_roads,sierpinski_evil,155,114,1,287.749000,53.859000,1,1,1.000000,1,63,21,961
bug-bug2-bounded,no_roads,sierpinski_evil,696,95,1,311.838000,52.903000,1,1,1.000000,1,57,19,961
bug-bug2-bounded,no_roads,sierpinski_evil,774,532,1,464.027000,72.544000,1,1,1.120000,1,84,28,961
bug-bug2-bounded,no_roads,sierpinski_evil,33,31,1,34.931000,23.587000,1,1,1.000000,1,6,2,961
bug-bug2-bounded,no_roads,sierpinski_evil,101,251,1,68.997000,22.946000,1,1,1.000000,1,15,5,961
bug-bug2-bounded,no_roads,sierpinski_evil,275,638,1,162.945000,34.078000,1,1,1.000000,1,36,12,961
bug-bug2-bounded,no_roads,sierpinski_evil,790,28,1,352.557000,53.577000,1,1,1.000000,1,75,25,961
bug-bug2-bounded,with_roads,sierpinski_evil,865,124,1,570.352000,73.089000,1,1,1.423729,1,84,34,961
bug-bug2-bounded,with_roads,sierpinski_evil,26,325,1,248.898000,58.071000,1,1,1.000000,1,48,16,961
bug-bug2-bounded,with_roads,sierpinski_evil,287,256,1,21.876000,21.876000,1,1,1.000000,1,3,1,961
bug-bug2-bounded,with_roads,sierpinski_evil,155,114,1,288.064000,54.747000,1,1,1.105263,0,63,21,961
bug-bug2-bounded,with_roads,sierpinski_evil,696,95,1,295.396000,49.415000,1,1,1.551724,1,45,19,961
bug-bug2-bounded,with_roads,sierpinski_evil,774,532,1,428.332000,66.149000,1,1,1.652174,1,76,28,961
bug-bug2-bounded,with_roads,sierpinski_evil,33,31,1,35.472000,24.501000,1,1,1.000000,1,4,2,961
bug-bug2-bounded,with_roads,sierpinski_evil,101,251,1,70.268000,23.040000,1,1,1.000000,1,15,5,961
bug-bug2-bounded,with_roads,sierpinski_evil,275,638,1,178.566000,31.622000,1,1,1.000000,1,34,12,961
bug-bug2-bounded,with_roads,sierpinski_evil,790,28,1,347.545000,49.331000,1,1,1.000000,1,73,25,961
bug-bug2-bounded,no_roads,skyscraper,1704,310,1,781.031000,82.767000,1,1,1.116279,1,144,48,1750
bug-bug2-bounded,no_roads,skyscraper,65,723,1,1021.929000,64.530000,1,1,1.026667,1,231,77,1750
bug-bug2-bounded,no_roads,skyscraper,647,594,1,1102.449000,77.127000,1,1,1.145161,0,213,71,1750
bug-bug2-bounded,no_roads,skyscraper,376,286,1,1226.109000,65.281000,1,1,1.132530,0,282,94,1750
bug-bug2-bounded,no_roads,skyscraper,1451,243,1,986.552000,67.904000,1,1,1.075472,0,171,57,1750
bug-bug2-bounded,no_roads,skyscraper,1571,1125,1,1114.139000,68.999000,1,1,1.560976,1,192,64,1750
bug-bug2-bounded,no_roads,skyscraper,81,76,1,1214.568000,65.052000,1,1,1.065217,0,294,98,1750
bug-bug2-bounded,no_roads,skyscraper,258,582,1,217.447000,67.387000,1,1,1.000000,1,39,13,1750
bug-bug2-bounded,no_roads,skyscraper,617,1352,1,363.567000,63.542000,1,1,1.000000,1,69,23,1750
bug-bug2-bounded,no_roads,skyscraper,1606,68,1,671.460000,39.818000,1,1,1.000000,1,132,44,1750
bug-bug2-bounded,with_roads,skyscraper,1704,310,1,730.398000,83.076000,1,1,1.116279,1,144,48,1750
bug-bug2-bounded,with_roads,skyscraper,65,723,1,1030.518000,62.895000,1,1,1.026667,1,231,77,1750
bug-bug2-bounded,with_roads,skyscraper,647,594,1,1070.696000,67.052000,1,1,1.145161,0,213,71,1750
bug-bug2-bounded,with_roads,skyscraper,376,286,1,1261.504000,56.405000,1,1,1.600000,1,176,94,1750
bug-bug2-bounded,with_roads,skyscraper,1451,243,1,1008.324000,67.061000,1,1,1.075472,0,171,57,1750
bug-bug2-bounded,with_roads,skyscraper,1571,1125,1,1076.046000,61.116000,1,1,1.565217,1,144,64,1750
bug-bug2-bounded,with_roads,skyscraper,81,76,1,1264.070000,71.554000,1,1,1.603448,0,186,98,1750
bug-bug2-bounded,with_roads,skyscraper,258,582,1,212.338000,62.750000,1,1,1.148148,0,31,13,1750
bug-bug2-bounded,with_roads,skyscraper,617,1352,1,334.510000,55.722000,1,1,1.000000,1,69,23,1750
bug-bug2-bounded,with_roads,skyscraper,1606,68,1,658.382000,38.837000,1,1,1.000000,1,132,44,1750
bug-bug2-bounded,no_roads,socket,947,157,1,836.410000,78.733000,1,1,1.062500,0,153,51,1000
bug-bug2-bounded,no_roads,socket,30,394,1,225.169000,51.663000,1,1,1.000000,1,45,15,1000
bug-bug2-bounded,no_roads,socket,358,320,1,329.119000,65.801000,1,1,1.105263,1,63,21,1000
bug-bug2-bounded,no_roads,socket,203,146,1,779.741000,64.226000,1,1,1.000000,1,153,51,1000
bug-bug2-bounded,no_roads,socket,993,800,1,912.103000,67.718000,1,1,1.035714,0,174,58,1000
bug-bug2-bounded,no_roads,socket,115,863,1,706.801000,60.590000,1,1,1.022222,1,138,46,1000
bug-bug2-bounded,no_roads,socket,622,39,1,668.023000,65.872000,1,1,1.312500,0,126,42,1000
bug-bug2-bounded,no_roads,socket,36,134,1,36.347000,22.326000,1,1,1.000000,1,6,2,1000
bug-bug2-bounded,no_roads,socket,309,336,1,514.764000,60.359000,1,1,1.058824,0,108,36,1000
bug-bug2-bounded,no_roads,socket,741,890,1,51.239000,24.073000,1,1,1.000000,1,9,3,1000
bug-bug2-bounded,with_roads,socket,947,157,1,816.252000,78.876000,1,1,1.593023,0,137,51,1000
bug-bug2-bounded,with_roads,socket,30,394,1,233.387000,50.851000,1,1,1.054054,1,39,15,1000
bug-bug2-bounded,with_roads,socket,358,320,1,322.411000,60.264000,1,1,1.740741,1,47,21,1000
bug-bug2-bounded,with_roads,socket,203,146,1,753.263000,63.278000,1,1,1.215054,1,113,51,1000
bug-bug2-bounded,with_roads,socket,993,800,1,900.232000,86.136000,1,1,1.035714,0,174,58,1000
bug-bug2-bounded,with_roads,socket,115,863,1,768.643000,63.076000,1,1,1.247525,1,126,46,1000
bug-bug2-bounded,with_roads,socket,622,39,1,704.017000,64.087000,1,1,1.312500,0,126,42,1000
bug-bug2-bounded,with_roads,socket,36,134,1,36.681000,22.473000,1,1,1.000000,1,6,2,1000
bug-bug2-bounded,with_roads,socket,309,336,1,509.106000,60.081000,1,1,1.869565,0,86,36,1000
bug-bug2-bounded,with_roads,socket,741,890,1,50.315000,23.163000,1,1,1.000000,1,9,3,1000
bug-bug2-bounded,no_roads,spikes,156,35,1,59.374000,28.426000,1,1,1.000000,1,9,3,1000
bug-bug2-bounded,no_roads,spikes,395,350,1,144.071000,66.348000,1,1,1.000000,1,21,7,1000
bug-bug2-bounded,no_roads,spikes,320,194,1,885.694000,74.167000,1,1,1.000000,1,153,51,1000
bug-bug2-bounded,no_roads,spikes,141,829,1,327.546000,72.572000,1,1,1.000000,1,60,20,1000
bug-bug2-bounded,no_roads,spikes,121,922,1,290.163000,47.890000,1,1,1.000000,1,60,20,1000
bug-bug2-bounded,no_roads,spikes,613,42,1,305.635000,68.352000,1,1,1.000000,1,54,18,1000
bug-bug2-bounded,no_roads,spikes,40,127,1,97.456000,22.483000,1,1,1.000000,1,21,7,1000
bug-bug2-bounded,no_roads,spikes,313,334,1,520.532000,60.648000,1,1,1.000000,1,93,31,1000
bug-bug2-bounded,no_roads,spikes,751,958,1,496.946000,61.619000,1,1,1.060606,0,105,35,1000
bug-bug2-bounded,no_roads,spikes,37,863,1,402.513000,77.423000,1,1,1.000000,1,75,25,1000
bug-bug2-bounded,with_roads,spikes,156,35,1,60.318000,29.554000,1,1,1.000000,1,9,3,1000
bug-bug2-bounded,with_roads,spikes,395,350,1,142.349000,59.372000,1,1,1.181818,1,13,7,1000
bug-bug2-bounded,with_roads,spikes,320,194,1,891.009000,63.312000,1,1,1.140845,1,81,51,1000
bug-bug2-bounded,with_roads,spikes,141,829,1,319.318000,56.049000,1,1,1.150000,0,46,20,1000
bug-bug2-bounded,with_roads,spikes,121,922,1,279.885000,47.612000,1,1,1.034483,0,60,20,1000
bug-bug2-bounded,with_roads,spikes,613,42,1,300.021000,65.982000,1,1,1.466667,1,44,18,1000
bug-bug2-bounded,with_roads,spikes,40,127,1,97.832000,22.396000,1,1,1.615385,0,21,7,1000
bug-bug2-bounded,with_roads,spikes,313,334,1,483.944000,53.498000,1,1,1.153846,1,45,31,1000
bug-bug2-bounded,with_roads,spikes,751,958,1,492.877000,63.515000,1,1,1.063158,0,101,35,1000
bug-bug2-bounded,with_roads,spikes,37,863,1,364.238000,57.404000,1,1,1.059701,1,71,25,1000
bug-bug2-bounded,no_roads,squares,334,51,1,386.836000,69.030000,1,1,1.000000,1,66,22,1936
bug-bug2-bounded,no_roads,squares,845,777,1,276.855000,54.634000,1,1,1.000000,1,60,20,1936
bug-bug2-bounded,no_roads,squares,703,433,1,147.839000,47.065000,1,1,1.000000,1,24,8,1936
bug-bug2-bounded,no_roads,squares,305,1758,1,495.153000,39.406000,1,1,1.000000,1,99,33,1936
bug-bug2-bounded,no_roads,squares,61,265,1,327.080000,65.393000,1,1,1.000000,1,54,18,1936
bug-bug2-bounded,no_roads,squares,1594,1904,1,125.894000,48.300000,1,1,1.000000,1,21,7,1936
bug-bug2-bounded,no_roads,squares,54,1821,1,628.808000,66.780000,1,1,1.000000,1,132,44,1936
bug-bug2-bounded,no_roads,squares,1425,1878,1,263.549000,53.236000,1,1,1.000000,1,51,17,1936
bug-bug2-bounded,no_roads,squares,857,13,1,321.721000,63.620000,1,1,1.000000,1,60,20,1936
bug-bug2-bounded,no_roads,squares,1080,857,1,82.903000,30.450000,1,1,1.000000,1,15,5,1936
bug-bug2-bounded,with_roads,squares,334,51,1,390.674000,73.961000,1,1,2.454545,1,54,22,1936
bug-bug2-bounded,with_roads,squares,845,777,1,261.527000,57.345000,1,1,1.208333,1,58,20,1936
bug-bug2-bounded,with_roads,squares,703,433,1,144.464000,48.265000,1,1,1.000000,1,24,8,1936
bug-bug2-bounded,with_roads,squares,305,1758,1,484.166000,38.341000,1,1,1.043011,1,97,33,1936
bug-bug2-bounded,with_roads,squares,61,265,1,353.232000,75.784000,1,1,1.733333,0,52,18,1936
bug-bug2-bounded,with_roads,squares,1594,1904,1,125.090000,47.868000,1,1,1.000000,1,21,7,1936
bug-bug2-bounded,with_roads,squares,54,1821,1,649.450000,67.563000,1,1,1.511628,1,130,44,1936
bug-bug2-bounded,with_roads,squares,1425,1878,1,269.434000,55.423000,1,1,1.000000,1,51,17,1936
bug-bug2-bounded,with_roads,squares,857,13,1,324.282000,63.012000,1,1,1.571429,1,44,20,1936
bug-bug2-bounded,with_roads,squares,1080,857,1,82.183000,28.516000,1,1,1.400000,0,7,5,1936
bug-bug2-bounded,no_roads,squiggles,1541,241,1,714.648000,82.009000,1,1,1.000000,1,123,41,2401
bug-bug2-bounded,no_roads,squiggles,52,1780,1,594.983000,67.586000,1,1,1.028571,1,108,36,2401
bug-bug2-bounded,no_roads,squiggles,666,586,1,252.757000,33.662000,1,1,1.000000,1,54,18,2401
bug-bug2-bounded,no_roads,squiggles,533,303,1,825.164000,73.018000,1,1,1.000000,1,159,53,2401
bug-bug2-bounded,no_roads,squiggles,1770,219,1,1135.077000,75.402000,1,1,1.245614,1,213,71,2401
bug-bug2-bounded,no_roads,squiggles,1629,1778,1,175.165000,62.830000,1,1,1.000000,1,30,10,2401
bug-bug2-bounded,no_roads,squiggles,2174,1313,1,750.830000,74.897000,1,1,1.162791,1,150,50,2401
bug-bug2-bounded,no_roads,squiggles,184,1429,1,490.600000,60.932000,1,1,1.000000,1,96,32,2401
bug-bug2-bounded,no_roads,squiggles,1005,66,1,756.073000,64.220000,1,1,1.090909,1,144,48,2401
bug-bug2-bounded,no_roads,squiggles,62,201,1,127.297000,38.579000,1,1,1.000000,1,24,8,2401
bug-bug2-bounded,with_roads,squiggles,1541,241,1,833.132000,80.518000,1,1,1.194175,0,123,41,2401
bug-bug2-bounded,with_roads,squiggles,52,1780,1,611.027000,66.375000,1,1,1.976744,0,85,37,2401
bug-bug2-bounded,with_roads,squiggles,666,586,1,237.891000,33.915000,1,1,1.148936,0,54,18,2401
bug-bug2-bounded,with_roads,squiggles,533,303,1,809.146000,49.624000,1,1,1.164706,1,99,53,2401
bug-bug2-bounded,with_roads,squiggles,1770,219,1,1116.467000,83.571000,1,1,1.587156,0,173,71,2401
bug-bug2-bounded,with_roads,squiggles,1629,1778,1,174.009000,62.264000,1,1,1.000000,1,18,10,2401
bug-bug2-bounded,with_roads,squiggles,2174,1313,1,750.164000,72.753000,1,1,1.162791,1,150,50,2401
bug-bug2-bounded,with_roads,squiggles,184,1429,1,490.485000,60.585000,1,1,1.087719,1,62,32,2401
bug-bug2-bounded,with_roads,squiggles,1005,66,1,773.600000,64.312000,1,1,1.244444,1,112,50,2401
bug-bug2-bounded,with_roads,squiggles,62,201,1,121.913000,32.525000,1,1,1.000000,1,24,8,2401
bug-bug2-bounded,no_roads,starry_night,1412,228,1,382.603000,62.692000,1,1,1.040000,1,78,26,2050
bug-bug2-bounded,no_roads,starry_night,51,1649,1,748.849000,59.428000,1,1,1.020833,1,147,49,2050
bug-bug2-bounded,no_roads,starry_night,586,516,1,390.865000,58.162000,1,1,1.000000,1,66,22,2050
bug-bug2-bounded,no_roads,starry_night,466,285,1,287.309000,58.229000,1,1,1.000000,1,60,20,2050
bug-bug2-bounded,no_roads,starry_night,1639,209,1,500.648000,61.021000,1,1,1.000000,1,99,33,2050
bug-bug2-bounded,no_roads,starry_night,1502,1647,1,648.502000,50.859000,1,1,1.000000,1,135,45,2050
bug-bug2-bounded,no_roads,starry_night,1963,1201,1,229.678000,37.491000,1,1,1.000000,1,45,15,2050
bug-bug2-bounded,no_roads,starry_night,178,1302,1,519.875000,67.649000,1,1,1.000000,1,90,30,2050
bug-bug2-bounded,no_roads,starry_night,920,65,1,280.785000,63.371000,1,1,1.000000,1,51,17,2050
bug-bug2-bounded,no_roads,starry_night,61,191,1,453.350000,40.713000,1,1,1.000000,1,90,30,2050
bug-bug2-bounded,with_roads,starry_night,1412,228,1,387.427000,63.073000,1,1,1.040000,1,78,26,2050
bug-bug2-bounded,with_roads,starry_night,51,1649,1,734.435000,58.355000,1,1,1.289474,0,147,49,2050
bug-bug2-bounded,with_roads,starry_night,586,516,1,438.104000,61.458000,1,1,1.064516,0,66,22,2050
bug-bug2-bounded,with_roads,starry_night,466,285,1,294.137000,57.492000,1,1,1.111111,1,60,20,2050
bug-bug2-bounded,with_roads,starry_night,1639,209,1,532.338000,63.401000,1,1,1.000000,1,99,33,2050
bug-bug2-bounded,with_roads,starry_night,1502,1647,1,699.771000,55.638000,1,1,1.000000,1,135,45,2050
bug-bug2-bounded,with_roads,starry_night,1963,1201,1,230.694000,36.851000,1,1,1.000000,1,45,15,2050
bug-bug2-bounded,with_roads,starry_night,178,1302,1,531.092000,78.319000,1,1,1.046512,0,90,30,2050
bug-bug2-bounded,with_roads,starry_night,920,65,1,268.899000,63.523000,1,1,1.000000,1,51,17,2050
bug-bug2-bounded,with_roads,starry_night,61,191,1,441.277000,35.349000,1,1,1.500000,0,90,30,2050
bug-bug2-bounded,no_roads,strings,798,120,1,310.972000,61.458000,1,1,1.000000,1,63,21,1225
bug-bug2-bounded,no_roads,strings,25,932,1,403.720000,64.281000,1,1,1.000000,1,78,26,1225
bug-bug2-bounded,no_roads,strings,334,293,1,224.191000,65.174000,1,1,1.000000,1,39,13,1225
bug-bug2-bounded,no_roads,strings,266,153,1,139.369000,50.932000,1,1,1.000000,1,24,8,1225
bug-bug2-bounded,no_roads,strings,926,104,1,733.979000,67.781000,1,1,1.210526,0,138,46,1225
bug-bug2-bounded,no_roads,strings,849,931,1,615.076000,72.091000,1,1,1.181818,0,117,39,1225
bug-bug2-bounded,no_roads,strings,1129,678,1,202.767000,59.141000,1,1,1.000000,1,39,13,1225
bug-bug2-bounded,no_roads,strings,89,736,1,484.300000,70.356000,1,1,1.115385,1,87,29,1225
bug-bug2-bounded,no_roads,strings,521,32,1,247.800000,64.785000,1,1,1.000000,1,42,14,1225
bug-bug2-bounded,no_roads,strings,30,95,1,80.912000,24.376000,1,1,1.000000,1,15,5,1225
bug-bug2-bounded,with_roads,strings,798,120,1,305.523000,61.302000,1,1,1.000000,1,63,21,1225
bug-bug2-bounded,with_roads,strings,25,932,1,399.401000,63.329000,1,1,1.000000,1,78,26,1225
bug-bug2-bounded,with_roads,strings,334,293,1,219.927000,63.200000,1,1,1.000000,1,39,13,1225
bug-bug2-bounded,with_roads,strings,266,153,1,140.254000,51.007000,1,1,1.000000,1,24,8,1225
bug-bug2-bounded,with_roads,strings,926,104,1,725.483000,66.000000,1,1,1.352941,1,138,46,1225
bug-bug2-bounded,with_roads,strings,849,931,1,599.275000,67.669000,1,1,1.181818,0,117,39,1225
bug-bug2-bounded,with_roads,strings,1129,678,1,200.250000,61.388000,1,1,1.000000,1,39,13,1225
bug-bug2-bounded,with_roads,strings,89,736,1,489.077000,72.631000,1,1,1.129870,0,87,29,1225
bug-bug2-bounded,with_roads,strings,521,32,1,249.995000,66.566000,1,1,1.000000,1,42,14,1225
bug-bug2-bounded,with_roads,strings,30,95,1,74.543000,24.632000,1,1,1.000000,1,9,5,1225
bug-bug2-bounded,no_roads,sunset,729,164,1,240.334000,40.048000,1,1,1.000000,1,48,16,875
bug-bug2-bounded,no_roads,sunset,29,841,1,480.502000,67.667000,1,1,1.000000,1,87,29,875
bug-bug2-bounded,no_roads,sunset,343,312,1,67.301000,24.862000,1,1,1.000000,1,12,4,875
bug-bug2-bounded,no_roads,sunset,287,194,1,174.909000,44.387000,1,1,1.000000,1,36,12,875
bug-bug2-bounded,no_roads,sunset,834,154,1,295.817000,55.396000,1,1,1.000000,1,57,19,875
bug-bug2-bounded,no_roads,sunset,768,840,1,543.340000,44.380000,1,1,1.000000,1,99,33,875
bug-bug2-bounded,no_roads,sunset,626,136,1,234.106000,42.908000,1,1,1.000000,1,42,14,875
bug-bug2-bounded,no_roads,sunset,676,494,1,120.605000,39.818000,1,1,1.000000,1,21,7,875
bug-bug2-bounded,no_roads,sunset,36,34,1,438.933000,63.083000,1,1,1.000000,1,99,33,875
bug-bug2-bounded,no_roads,sunset,145,279,1,381.203000,35.472000,1,1,1.000000,1,87,29,875
bug-bug2-bounded,with_roads,sunset,729,164,1,231.250000,38.028000,1,1,1.000000,1,48,16,875
bug-bug2-bounded,with_roads,sunset,29,841,1,484.693000,64.143000,1,1,1.023529,1,87,29,875
bug-bug2-bounded,with_roads,sunset,343,312,1,67.260000,25.113000,1,1,1.000000,1,12,4,875
bug-bug2-bounded,with_roads,sunset,287,194,1,159.673000,26.322000,1,1,1.500000,1,36,12,875
bug-bug2-bounded,with_roads,sunset,834,154,1,301.312000,50.375000,1,1,1.000000,1,55,19,875
bug-bug2-bounded,with_roads,sunset,768,840,1,562.160000,44.723000,1,1,1.000000,1,99,33,875
bug-bug2-bounded,with_roads,sunset,626,136,1,224.792000,42.446000,1,1,1.000000,1,42,14,875
bug-bug2-bounded,with_roads,sunset,676,494,1,123.212000,39.346000,1,1,1.000000,1,21,7,875
bug-bug2-bounded,with_roads,sunset,36,34,1,436.189000,62.790000,1,1,1.163934,1,71,33,875
bug-bug2-bounded,with_roads,sunset,145,279,1,390.117000,35.342000,1,1,1.298507,0,87,29,875
bug-bug2-bounded,no_roads,tea,809,125,1,586.406000,62.883000,1,1,1.151515,1,114,38,900
bug-bug2-bounded,no_roads,tea,25,332,1,356.098000,60.124000,1,1,1.000000,1,69,23,900
bug-bug2-bounded,no_roads,tea,295,269,1,129.672000,49.364000,1,1,1.000000,1,21,7,900
bug-bug2-bounded,no_roads,tea,160,115,1,261.852000,55.468000,1,1,1.000000,1,48,16,900
bug-bug2-bounded,no_roads,tea,851,692,1,207.185000,55.723000,1,1,1.000000,1,33,11,900
bug-bug2-bounded,no_roads,tea,96,751,1,369.545000,57.261000,1,1,1.000000,1,66,22,900
bug-bug2-bounded,no_roads,tea,537,32,1,511.582000,62.972000,1,1,1.142857,1,96,32,900
bug-bug2-bounded,no_roads,tea,30,103,1,212.175000,45.533000,1,1,1.000000,1,39,13,900
bug-bug2-bounded,no_roads,tea,263,280,1,226.988000,62.038000,1,1,1.000000,1,42,14,900
bug-bug2-bounded,no_roads,tea,640,766,1,113.237000,39.392000,1,1,1.000000,1,21,7,900
bug-bug2-bounded,with_roads,tea,809,125,1,594.832000,63.386000,1,1,1.641791,1,110,38,900
bug-bug2-bounded,with_roads,tea,25,332,1,359.101000,61.579000,1,1,1.083333,1,65,23,900
bug-bug2-bounded,with_roads,tea,295,269,1,130.999000,49.948000,1,1,1.000000,1,21,7,900
bug-bug2-bounded,with_roads,tea,160,115,1,298.470000,67.471000,1,1,1.000000,1,48,16,900
bug-bug2-bounded,with_roads,tea,851,692,1,214.920000,56.052000,1,1,1.000000,1,33,11,900
bug-bug2-bounded,with_roads,tea,96,751,1,376.348000,57.679000,1,1,1.550000,1,62,22,900
bug-bug2-bounded,with_roads,tea,537,32,1,512.898000,64.377000,1,1,1.433333,0,86,32,900
bug-bug2-bounded,with_roads,tea,30,103,1,211.695000,45.349000,1,1,1.480000,1,37,13,900
bug-bug2-bounded,with_roads,tea,263,280,1,229.421000,63.380000,1,1,1.000000,1,42,14,900
bug-bug2-bounded,with_roads,tea,640,766,1,114.196000,40.390000,1,1,1.133333,1,17,7,900
bug-bug2-bounded,no_roads,the_great_divide,1804,272,1,631.215000,74.421000,1,1,1.027027,1,114,38,2500
bug-bug2-bounded,no_roads,the_great_divide,53,2106,1,623.751000,70.067000,1,1,1.000000,1,123,41,2500
bug-bug2-bounded,no_roads,the_great_divide,748,661,1,1053.662000,64.870000,1,1,1.386364,0,183,61,2500
bug-bug2-bounded,no_roads,the_great_divide,602,353,1,110.058000,45.725000,1,1,1.000000,1,15,5,2500
bug-bug2-bounded,no_roads,the_great_divide,2091,241,1,550.765000,58.507000,1,1,1.000000,1,111,37,2500
bug-bug2-bounded,no_roads,the_great_divide,1912,2101,1,237.480000,65.538000,1,1,1.000000,1,33,11,2500
bug-bug2-bounded,no_roads,the_great_divide,2497,1538,1,344.688000,73.716000,1,1,1.000000,1,57,19,2500
bug-bug2-bounded,no_roads,the_great_divide,201,1680,1,1364.835000,62.129000,1,1,1.185714,1,249,83,2500
bug-bug2-bounded,no_roads,the_great_divide,1188,67,1,758.478000,73.724000,1,1,1.000000,1,132,44,2500
bug-bug2-bounded,no_roads,the_great_divide,63,220,1,150.658000,47.740000,1,1,1.000000,1,24,8,2500
bug-bug2-bounded,with_roads,the_great_divide,1804,272,1,621.178000,79.380000,1,1,1.520000,1,114,38,2500
bug-bug2-bounded,with_roads,the_great_divide,53,2106,1,610.587000,72.148000,1,1,1.863636,0,123,41,2500
bug-bug2-bounded,with_roads,the_great_divide,748,661,1,989.488000,63.602000,1,1,1.766667,0,159,61,2500
bug-bug2-bounded,with_roads,the_great_divide,602,353,1,111.736000,48.770000,1,1,1.153846,0,15,5,2500
bug-bug2-bounded,with_roads,the_great_divide,2091,241,1,544.957000,60.874000,1,1,1.754098,1,107,37,2500
bug-bug2-bounded,with_roads,the_great_divide,1912,2101,1,210.502000,65.648000,1,1,1.000000,1,33,11,2500
bug-bug2-bounded,with_roads,the_great_divide,2497,1538,1,308.043000,68.322000,1,1,1.000000,1,57,19,2500
bug-bug2-bounded,with_roads,the_great_divide,201,1680,1,1313.760000,63.458000,1,1,2.829545,0,249,83,2500
bug-bug2-bounded,with_roads,the_great_divide,1188,67,1,749.867000,74.390000,1,1,2.039216,0,104,44,2500
bug-bug2-bounded,with_roads,the_great_divide,63,220,1,150.100000,47.336000,1,1,1.500000,0,24,8,2500
bug-bug2-bounded,no_roads,the_powerful_egg,1455,238,1,766.098000,73.126000,1,1,1.205128,1,141,47,1750
bug-bug2-bounded,no_roads,the_powerful_egg,57,1669,1,431.317000,41.237000,1,1,1.000000,1,96,32,1750
bug-bug2-bounded,no_roads,the_powerful_egg,611,538,1,626.187000,59.802000,1,1,1.000000,1,81,27,1750
bug-bug2-bounded,no_roads,the_powerful_egg,491,299,1,126.653000,29.603000,1,1,1.000000,1,24,8,1750
bug-bug2-bounded,no_roads,the_powerful_egg,1659,219,1,396.689000,57.747000,1,1,1.000000,1,87,29,1750
bug-bug2-bounded,no_roads,the_powerful_egg,1531,1667,1,296.471000,86.637000,1,1,1.000000,1,42,14,1750
bug-bug2-bounded,no_roads,the_powerful_egg,1254,188,1,570.967000,62.554000,1,1,1.028571,1,108,36,1750
bug-bug2-bounded,no_roads,the_powerful_egg,1352,964,1,176.943000,36.477000,1,1,1.000000,1,36,12,1750
bug-bug2-bounded,no_roads,the_powerful_egg,72,68,1,69.772000,27.951000,1,1,1.000000,1,12,4,1750
bug-bug2-bounded,no_roads,the_powerful_egg,201,481,1,430.750000,52.465000,1,1,1.000000,1,90,30,1750
bug-bug2-bounded,with_roads,the_powerful_egg,1455,238,1,820.036000,86.179000,1,1,1.205128,1,141,47,1750
bug-bug2-bounded,with_roads,the_powerful_egg,57,1669,1,469.459000,41.812000,1,1,1.000000,1,96,32,1750
bug-bug2-bounded,with_roads,the_powerful_egg,611,538,1,421.187000,64.708000,1,1,1.051948,0,81,27,1750
bug-bug2-bounded,with_roads,the_powerful_egg,491,299,1,132.376000,30.468000,1,1,1.000000,1,24,8,1750
bug-bug2-bounded,with_roads,the_powerful_egg,1659,219,1,424.898000,57.292000,1,1,1.000000,1,87,29,1750
bug-bug2-bounded,with_roads,the_powerful_egg,1531,1667,1,233.300000,31.390000,1,1,1.000000,1,42,14,1750
bug-bug2-bounded,with_roads,the_powerful_egg,1254,188,1,605.759000,65.542000,1,1,1.028571,1,108,36,1750
bug-bug2-bounded,with_roads,the_powerful_egg,1352,964,1,191.744000,36.893000,1,1,1.000000,1,36,12,1750
bug-bug2-bounded,with_roads,the_powerful_egg,72,68,1,73.263000,29.906000,1,1,2.500000,0,10,4,1750
bug-bug2-bounded,with_roads,the_powerful_egg,201,481,1,450.895000,54.488000,1,1,1.666667,0,90,30,1750
bug-bug2-bounded,no_roads,thread_of_connection,380,61,1,273.212000,56.160000,1,1,1.062500,1,51,17,400
bug-bug2-bounded,no_roads,thread_of_connection,13,161,1,445.405000,63.325000,1,1,1.035714,1,87,29,400
bug-bug2-bounded,no_roads,thread_of_connection,138,122,1,365.782000,60.119000,1,1,1.000000,1,75,25,400
bug-bug2-bounded,no_roads,thread_of_connection,77,56,1,25.412000,25.412000,1,1,1.000000,1,3,1,400
bug-bug2-bounded,no_roads,thread_of_connection,327,47,1,212.865000,57.266000,1,1,1.000000,1,42,14,400
bug-bug2-bounded,no_roads,thread_of_connection,353,257,1,90.495000,29.063000,1,1,1.000000,1,15,5,400
bug-bug2-bounded,no_roads,thread_of_connection,17,16,1,19.382000,19.382000,1,1,1.000000,1,3,1,400
bug-bug2-bounded,no_roads,thread_of_connection,50,119,1,373.344000,61.141000,1,1,1.076923,0,84,28,400
bug-bug2-bounded,no_roads,thread_of_connection,129,305,1,212.976000,56.809000,1,1,1.000000,1,45,15,400
bug-bug2-bounded,no_roads,thread_of_connection,359,14,1,253.677000,42.919000,1,1,1.000000,1,51,17,400
bug-bug2-bounded,with_roads,thread_of_connection,380,61,1,268.921000,53.825000,1,1,1.062500,1,51,17,400
bug-bug2-bounded,with_roads,thread_of_connection,13,161,1,420.056000,63.172000,1,1,1.035714,1,87,29,400
bug-bug2-bounded,with_roads,thread_of_connection,138,122,1,361.780000,59.240000,1,1,1.000000,1,75,25,400
bug-bug2-bounded,with_roads,thread_of_connection,77,56,1,23.141000,23.141000,1,1,1.000000,1,3,1,400
bug-bug2-bounded,with_roads,thread_of_connection,327,47,1,214.404000,57.611000,1,1,1.000000,1,42,14,400
bug-bug2-bounded,with_roads,thread_of_connection,353,257,1,96.219000,28.470000,1,1,1.000000,1,15,5,400
bug-bug2-bounded,with_roads,thread_of_connection,17,16,1,18.036000,18.036000,1,1,1.000000,1,3,1,400
bug-bug2-bounded,with_roads,thread_of_connection,50,119,1,389.881000,61.740000,1,1,1.076923,0,84,28,400
bug-bug2-bounded,with_roads,thread_of_connection,129,305,1,214.195000,57.182000,1,1,1.000000,1,45,15,400
bug-bug2-bounded,with_roads,thread_of_connection,359,14,1,250.624000,42.347000,1,1,1.000000,1,51,17,400
bug-bug2-bounded,no_roads,tiles,873,161,1,820.657000,66.658000,1,1,1.065217,0,147,49,1200
bug-bug2-bounded,no_roads,tiles,28,1029,1,398.869000,70.923000,1,1,1.000000,1,75,25,1200
bug-bug2-bounded,no_roads,tiles,386,352,1,306.886000,64.488000,1,1,1.133333,0,51,17,1200
bug-bug2-bounded,no_roads,tiles,952,1028,1,62.379000,26.264000,1,1,1.000000,1,12,4,1200
bug-bug2-bounded,no_roads,tiles,764,100,1,510.832000,62.264000,1,1,1.000000,1,87,29,1200
bug-bug2-bounded,no_roads,tiles,816,591,1,563.301000,59.844000,1,1,1.000000,1,96,32,1200
bug-bug2-bounded,no_roads,tiles,107,321,1,509.079000,73.041000,1,1,1.000000,1,84,28,1200
bug-bug2-bounded,no_roads,tiles,338,685,1,283.947000,58.475000,1,1,1.000000,1,51,17,1200
bug-bug2-bounded,no_roads,tiles,783,263,1,195.061000,56.518000,1,1,1.000000,1,39,13,1200
bug-bug2-bounded,no_roads,tiles,982,764,1,427.092000,63.235000,1,1,1.000000,1,66,22,1200
bug-bug2-bounded,with_roads,tiles,873,161,1,804.331000,69.888000,1,1,1.157480,1,147,49,1200
bug-bug2-bounded,with_roads,tiles,28,1029,1,401.510000,68.632000,1,1,1.000000,1,75,25,1200
bug-bug2-bounded,with_roads,tiles,386,352,1,306.481000,65.845000,1,1,1.133333,0,51,17,1200
bug-bug2-bounded,with_roads,tiles,952,1028,1,56.615000,22.899000,1,1,1.000000,1,12,4,1200
bug-bug2-bounded,with_roads,tiles,764,100,1,504.993000,63.630000,1,1,1.000000,1,87,29,1200
bug-bug2-bounded,with_roads,tiles,816,591,1,556.920000,62.901000,1,1,1.000000,1,96,32,1200
bug-bug2-bounded,with_roads,tiles,107,321,1,498.613000,75.398000,1,1,1.063291,1,84,28,1200
bug-bug2-bounded,with_roads,tiles,338,685,1,271.920000,59.983000,1,1,1.000000,1,51,17,1200
bug-bug2-bounded,with_roads,tiles,783,263,1,195.189000,58.116000,1,1,1.000000,1,39,13,1200
bug-bug2-bounded,with_roads,tiles,982,764,1,422.109000,63.023000,1,1,1.000000,1,66,22,1200
bug-bug2-bounded,no_roads,tree_of_life,244,51,1,96.730000,42.142000,1,1,1.000000,1,15,5,1170
bug-bug2-bounded,no_roads,tree_of_life,604,539,1,222.686000,56.031000,1,1,1.000000,1,42,14,1170
bug-bug2-bounded,no_roads,tree_of_life,493,311,1,191.684000,27.038000,1,1,1.000000,1,39,13,1170
bug-bug2-bounded,no_roads,tree_of_life,220,182,1,22.566000,22.566000,1,1,1.000000,1,3,1,1170
bug-bug2-bounded,no_roads,tree_of_life,948,65,1,439.309000,58.181000,1,1,1.037037,1,84,28,1170
bug-bug2-bounded,no_roads,tree_of_life,61,195,1,308.306000,39.487000,1,1,1.000000,1,66,22,1170
bug-bug2-bounded,no_roads,tree_of_life,481,512,1,113.068000,27.568000,1,1,1.000000,1,24,8,1170
bug-bug2-bounded,no_roads,tree_of_life,1131,54,1,410.624000,50.106000,1,1,1.000000,1,84,28,1170
bug-bug2-bounded,no_roads,tree_of_life,439,936,1,187.492000,30.877000,1,1,1.000000,1,39,13,1170
bug-bug2-bounded,no_roads,tree_of_life,486,1016,1,349.715000,52.522000,1,1,1.050000,1,63,21,1170
bug-bug2-bounded,with_roads,tree_of_life,244,51,1,98.111000,43.534000,1,1,1.000000,1,15,5,1170
bug-bug2-bounded,with_roads,tree_of_life,604,539,1,223.686000,58.482000,1,1,1.000000,1,42,14,1170
bug-bug2-bounded,with_roads,tree_of_life,493,311,1,184.628000,26.976000,1,1,1.000000,1,39,13,1170
bug-bug2-bounded,with_roads,tree_of_life,220,182,1,22.700000,22.700000,1,1,1.000000,1,3,1,1170
bug-bug2-bounded,with_roads,tree_of_life,948,65,1,436.499000,59.259000,1,1,1.126761,1,80,28,1170
bug-bug2-bounded,with_roads,tree_of_life,61,195,1,313.897000,33.147000,1,1,1.066667,1,64,22,1170
bug-bug2-bounded,with_roads,tree_of_life,481,512,1,114.057000,27.367000,1,1,1.000000,1,24,8,1170
bug-bug2-bounded,with_roads,tree_of_life,1131,54,1,446.953000,53.819000,1,1,1.138889,1,82,28,1170
bug-bug2-bounded,with_roads,tree_of_life,439,936,1,189.370000,30.968000,1,1,1.057143,1,37,13,1170
bug-bug2-bounded,with_roads,tree_of_life,486,1016,1,331.808000,53.996000,1,1,1.086207,1,63,21,1170
bug-bug2-bounded,no_roads,vase,279,58,1,197.327000,57.265000,1,1,1.000000,1,33,11,1400
bug-bug2-bounded,no_roads,vase,706,632,1,68.758000,27.926000,1,1,1.000000,1,12,4,1400
bug-bug2-bounded,no_roads,vase,583,348,1,236.212000,56.769000,1,1,1.000000,1,42,14,1400
bug-bug2-bounded,no_roads,vase,256,1364,1,1226.329000,65.701000,1,1,1.500000,0,207,69,1400
bug-bug2-bounded,no_roads,vase,217,1068,1,576.257000,67.621000,1,1,1.000000,1,114,38,1400
bug-bug2-bounded,no_roads,vase,72,68,1,479.121000,60.267000,1,1,1.000000,1,93,31,1400
bug-bug2-bounded,no_roads,vase,237,568,1,790.556000,70.255000,1,1,1.451613,1,135,45,1400
bug-bug2-bounded,no_roads,vase,602,1267,1,236.441000,32.279000,1,1,1.000000,1,57,19,1400
bug-bug2-bounded,no_roads,vase,61,518,1,295.475000,66.035000,1,1,1.000000,1,51,17,1400
bug-bug2-bounded,no_roads,vase,1364,1061,1,1183.110000,63.524000,1,1,1.144928,1,237,79,1400
bug-bug2-bounded,with_roads,vase,279,58,1,206.505000,61.353000,1,1,1.100000,0,33,11,1400
bug-bug2-bounded,with_roads,vase,706,632,1,74.802000,30.606000,1,1,1.000000,1,12,4,1400
bug-bug2-bounded,with_roads,vase,583,348,1,243.273000,56.707000,1,1,1.307692,0,34,14,1400
bug-bug2-bounded,with_roads,vase,256,1364,1,1206.966000,69.318000,1,1,2.310811,0,171,69,1400
bug-bug2-bounded,with_roads,vase,217,1068,1,573.672000,67.249000,1,1,1.175258,0,114,38,1400
bug-bug2-bounded,with_roads,vase,72,68,1,481.085000,62.994000,1,1,1.553191,0,73,31,1400
bug-bug2-bounded,with_roads,vase,237,568,1,798.552000,86.829000,1,1,1.767123,1,129,45,1400
bug-bug2-bounded,with_roads,vase,602,1267,1,242.100000,34.943000,1,1,1.000000,1,57,19,1400
bug-bug2-bounded,with_roads,vase,61,518,1,305.087000,69.440000,1,1,1.031250,1,33,17,1400
bug-bug2-bounded,with_roads,vase,1364,1061,1,1141.154000,63.996000,1,1,1.461538,1,209,79,1400
bug-bug2-bounded,no_roads,wall,808,152,1,635.343000,70.834000,1,1,1.258065,1,117,39,1024
bug-bug2-bounded,no_roads,wall,366,306,1,394.627000,59.438000,1,1,1.076923,1,84,28,1024
bug-bug2-bounded,no_roads,wall,284,198,1,245.194000,31.168000,1,1,1.000000,1,66,22,1024
bug-bug2-bounded,no_roads,wall,849,916,1,52.370000,24.186000,1,1,1.000000,1,9,3,1024
bug-bug2-bounded,no_roads,wall,682,119,1,616.762000,67.226000,1,1,1.407407,1,114,38,1024
bug-bug2-bounded,no_roads,wall,746,536,1,286.813000,64.634000,1,1,1.000000,1,54,18,1024
bug-bug2-bounded,no_roads,wall,32,30,1,358.586000,27.699000,1,1,1.000000,1,90,30,1024
bug-bug2-bounded,no_roads,wall,127,279,1,133.469000,42.204000,1,1,1.000000,1,24,8,1024
bug-bug2-bounded,no_roads,wall,294,641,1,320.181000,50.913000,1,1,1.000000,1,54,18,1024
bug-bug2-bounded,no_roads,wall,698,259,1,454.885000,57.808000,1,1,1.074074,1,87,29,1024
bug-bug2-bounded,with_roads,wall,808,152,1,628.980000,68.179000,1,1,1.258065,1,117,39,1024
bug-bug2-bounded,with_roads,wall,366,306,1,402.297000,58.773000,1,1,1.076923,1,84,28,1024
bug-bug2-bounded,with_roads,wall,284,198,1,264.886000,34.231000,1,1,1.000000,1,66,22,1024
bug-bug2-bounded,with_roads,wall,849,916,1,53.489000,25.454000,1,1,1.000000,1,9,3,1024
bug-bug2-bounded,with_roads,wall,682,119,1,573.196000,58.775000,1,1,1.407407,1,114,38,1024
bug-bug2-bounded,with_roads,wall,746,536,1,260.709000,55.080000,1,1,1.000000,1,54,18,1024
bug-bug2-bounded,with_roads,wall,32,30,1,364.074000,27.542000,1,1,1.000000,1,90,30,1024
bug-bug2-bounded,with_roads,wall,127,279,1,131.799000,43.394000,1,1,1.000000,1,24,8,1024
bug-bug2-bounded,with_roads,wall,294,641,1,313.610000,52.130000,1,1,1.000000,1,54,18,1024
bug-bug2-bounded,with_roads,wall,698,259,1,449.577000,59.043000,1,1,1.074074,1,87,29,1024
bug-bug2-bounded,no_roads,wasteland,278,59,1,326.939000,63.595000,1,1,1.000000,1,57,19,1600
bug-bug2-bounded,no_roads,wasteland,751,664,1,137.394000,58.808000,1,1,1.000000,1,21,7,1600
bug-bug2-bounded,no_roads,wasteland,611,363,1,152.041000,61.792000,1,1,1.000000,1,24,8,1600
bug-bug2-bounded,no_roads,wasteland,252,1502,1,510.729000,68.556000,1,1,1.000000,1,93,31,1600
bug-bug2-bounded,no_roads,wasteland,217,1167,1,379.609000,64.142000,1,1,1.000000,1,72,24,1600
bug-bug2-bounded,no_roads,wasteland,76,72,1,83.677000,30.645000,1,1,1.000000,1,12,4,1600
bug-bug2-bounded,no_roads,wasteland,233,599,1,258.307000,67.438000,1,1,1.000000,1,42,14,1600
bug-bug2-bounded,no_roads,wasteland,631,1398,1,390.286000,137.479000,1,1,1.000000,1,57,19,1600
bug-bug2-bounded,no_roads,wasteland,62,1541,1,562.728000,89.607000,1,1,1.000000,1,111,37,1600
bug-bug2-bounded,no_roads,wasteland,543,1502,1,371.998000,61.194000,1,1,1.000000,1,72,24,1600
bug-bug2-bounded,with_roads,wasteland,278,59,1,339.396000,69.650000,1,1,1.000000,1,57,19,1600
bug-bug2-bounded,with_roads,wasteland,751,664,1,138.003000,59.485000,1,1,1.000000,1,21,7,1600
bug-bug2-bounded,with_roads,wasteland,611,363,1,176.210000,62.790000,1,1,1.000000,1,24,8,1600
bug-bug2-bounded,with_roads,wasteland,252,1502,1,530.021000,73.599000,1,1,1.754717,0,93,31,1600
bug-bug2-bounded,with_roads,wasteland,217,1167,1,399.737000,91.084000,1,1,1.230769,1,64,24,1600
bug-bug2-bounded,with_roads,wasteland,76,72,1,69.912000,28.136000,1,1,1.000000,1,12,4,1600
bug-bug2-bounded,with_roads,wasteland,233,599,1,244.114000,65.749000,1,1,1.000000,1,42,14,1600
bug-bug2-bounded,with_roads,wasteland,631,1398,1,330.422000,67.435000,1,1,1.000000,1,57,19,1600
bug-bug2-bounded,with_roads,wasteland,62,1541,1,538.835000,77.841000,1,1,1.513889,1,109,37,1600
bug-bug2-bounded,with_roads,wasteland,543,1502,1,347.693000,61.301000,1,1,1.440000,1,72,24,1600
bug-bug2-bounded,no_roads,wasteland_oasis,355,75,1,130.243000,51.463000,1,1,1.000000,1,21,7,1600
bug-bug2-bounded,no_roads,wasteland_oasis,879,778,1,357.703000,70.187000,1,1,1.000000,1,66,22,1600
bug-bug2-bounded,no_roads,wasteland_oasis,707,451,1,222.341000,46.681000,1,1,1.000000,1,48,16,1600
bug-bug2-bounded,no_roads,wasteland_oasis,327,282,1,92.914000,41.324000,1,1,1.000000,1,15,5,1600
bug-bug2-bounded,no_roads,wasteland_oasis,1341,102,1,464.046000,61.942000,1,1,1.000000,1,93,31,1600
bug-bug2-bounded,no_roads,wasteland_oasis,91,297,1,119.325000,53.871000,1,1,1.000000,1,21,7,1600
bug-bug2-bounded,no_roads,wasteland_oasis,694,736,1,36.950000,25.196000,1,1,1.000000,1,6,2,1600
bug-bug2-bounded,no_roads,wasteland_oasis,79,639,1,310.672000,56.852000,1,1,1.000000,1,51,17,1600
bug-bug2-bounded,no_roads,wasteland_oasis,1332,699,1,275.275000,65.788000,1,1,1.000000,1,51,17,1600
bug-bug2-bounded,no_roads,wasteland_oasis,1432,887,1,373.750000,55.808000,1,1,1.080000,1,81,27,1600
bug-bug2-bounded,with_roads,wasteland_oasis,355,75,1,131.954000,52.789000,1,1,1.000000,1,21,7,1600
bug-bug2-bounded,with_roads,wasteland_oasis,879,778,1,358.966000,69.422000,1,1,1.015385,1,66,22,1600
bug-bug2-bounded,with_roads,wasteland_oasis,707,451,1,222.784000,47.452000,1,1,1.000000,1,48,16,1600
bug-bug2-bounded,with_roads,wasteland_oasis,327,282,1,91.063000,40.459000,1,1,1.000000,1,15,5,1600
bug-bug2-bounded,with_roads,wasteland_oasis,1341,102,1,481.135000,63.644000,1,1,1.225352,0,87,31,1600
bug-bug2-bounded,with_roads,wasteland_oasis,91,297,1,119.321000,53.340000,1,1,1.000000,1,21,7,1600
bug-bug2-bounded,with_roads,wasteland_oasis,694,736,1,35.016000,23.367000,1,1,1.000000,1,6,2,1600
bug-bug2-bounded,with_roads,wasteland_oasis,79,639,1,345.692000,62.274000,1,1,1.000000,1,51,17,1600
bug-bug2-bounded,with_roads,wasteland_oasis,1332,699,1,290.594000,66.335000,1,1,1.156250,1,37,17,1600
bug-bug2-bounded,with_roads,wasteland_oasis,1432,887,1,408.881000,59.139000,1,1,1.367347,1,67,27,1600
bug-bug2-bounded,no_roads,we_love_tetris,774,169,1,608.923000,64.532000,1,1,1.081081,1,120,40,820
bug-bug2-bounded,no_roads,we_love_tetris,67,360,1,112.229000,28.146000,1,1,1.000000,1,21,7,820
bug-bug2-bounded,no_roads,we_love_tetris,323,297,1,409.991000,50.409000,1,1,1.000000,1,81,27,820
bug-bug2-bounded,no_roads,we_love_tetris,199,157,1,21.183000,21.183000,1,1,1.000000,1,3,1,820
bug-bug2-bounded,no_roads,we_love_tetris,669,139,1,204.835000,49.436000,1,1,1.000000,1,39,13,820
bug-bug2-bounded,no_roads,we_love_tetris,719,528,1,376.450000,64.195000,1,1,1.157895,1,66,22,820
bug-bug2-bounded,no_roads,we_love_tetris,74,72,1,36.853000,23.689000,1,1,1.000000,1,6,2,820
bug-bug2-bounded,no_roads,we_love_tetris,148,292,1,304.592000,55.777000,1,1,1.000000,1,60,20,820
bug-bug2-bounded,no_roads,we_love_tetris,310,623,1,394.271000,57.924000,1,1,1.090909,1,72,24,820
bug-bug2-bounded,no_roads,we_love_tetris,732,69,1,231.629000,35.846000,1,1,1.000000,1,48,16,820
bug-bug2-bounded,with_roads,we_love_tetris,774,169,1,627.259000,67.167000,1,1,1.466667,1,110,40,820
bug-bug2-bounded,with_roads,we_love_tetris,67,360,1,109.452000,28.652000,1,1,1.000000,1,21,7,820
bug-bug2-bounded,with_roads,we_love_tetris,323,297,1,392.041000,50.787000,1,1,1.290909,1,71,27,820
bug-bug2-bounded,with_roads,we_love_tetris,199,157,1,21.075000,21.075000,1,1,1.000000,1,3,1,820
bug-bug2-bounded,with_roads,we_love_tetris,669,139,1,195.487000,48.726000,1,1,1.222222,1,33,13,820
bug-bug2-bounded,with_roads,we_love_tetris,719,528,1,371.569000,63.408000,1,1,1.265306,1,62,22,820
bug-bug2-bounded,with_roads,we_love_tetris,74,72,1,37.335000,23.858000,1,1,1.000000,1,6,2,820
bug-bug2-bounded,with_roads,we_love_tetris,148,292,1,291.575000,54.989000,1,1,1.368421,1,52,20,820
bug-bug2-bounded,with_roads,we_love_tetris,310,623,1,407.794000,57.720000,1,1,1.478261,1,68,24,820
bug-bug2-bounded,with_roads,we_love_tetris,732,69,1,219.921000,35.972000,1,1,1.000000,1,48,16,820
bug-bug2-bounded,no_roads,window_shopping,25,335,1,333.816000,64.949000,1,1,1.000000,1,57,19,840
bug-bug2-bounded,no_roads,window_shopping,181,139,1,20.501000,20.501000,1,1,1.000000,1,3,1,840
bug-bug2-bounded,no_roads,window_shopping,123,692,1,478.622000,57.943000,1,1,1.062500,0,102,34,840
bug-bug2-bounded,no_roads,window_shopping,502,32,1,266.300000,58.124000,1,1,1.000000,1,48,16,840
bug-bug2-bounded,no_roads,window_shopping,249,789,1,339.476000,73.581000,1,1,1.000000,1,54,18,840
bug-bug2-bounded,no_roads,window_shopping,838,502,1,109.482000,22.296000,1,1,1.000000,1,24,8,840
bug-bug2-bounded,no_roads,window_shopping,134,430,1,102.160000,26.000000,1,1,1.000000,1,21,7,840
bug-bug2-bounded,no_roads,window_shopping,413,707,1,104.179000,34.828000,1,1,1.000000,1,21,7,840
bug-bug2-bounded,no_roads,window_shopping,544,631,1,785.221000,65.236000,1,1,1.045455,1,138,46,840
bug-bug2-bounded,no_roads,window_shopping,356,767,1,282.384000,55.446000,1,1,1.111111,0,60,20,840
bug-bug2-bounded,with_roads,window_shopping,25,335,1,297.247000,58.158000,1,1,1.000000,1,57,19,840
bug-bug2-bounded,with_roads,window_shopping,181,139,1,20.698000,20.698000,1,1,1.000000,1,3,1,840
bug-bug2-bounded,with_roads,window_shopping,123,692,1,507.539000,59.444000,1,1,1.062500,0,102,34,840
bug-bug2-bounded,with_roads,window_shopping,502,32,1,278.153000,59.804000,1,1,1.000000,1,48,16,840
bug-bug2-bounded,with_roads,window_shopping,249,789,1,325.666000,59.991000,1,1,1.000000,1,54,18,840
bug-bug2-bounded,with_roads,window_shopping,838,502,1,114.848000,22.887000,1,1,1.000000,1,24,8,840
bug-bug2-bounded,with_roads,window_shopping,134,430,1,106.965000,26.544000,1,1,1.000000,1,21,7,840
bug-bug2-bounded,with_roads,window_shopping,413,707,1,98.143000,23.604000,1,1,1.000000,1,21,7,840
bug-bug2-bounded,with_roads,window_shopping,544,631,1,793.023000,64.720000,1,1,1.045455,1,138,46,840
bug-bug2-bounded,with_roads,window_shopping,356,767,1,299.812000,55.219000,1,1,1.111111,0,60,20,840
