algo,scenario,map,start,goal,n_goals,total_time_us,reached,ref_reachable,opt_ratio,first_move_correct,cost_walked,steps_taken,tiles_revealed
astar-jps-mpsp,no_roads,arena,126,25,1,53.140000,1,1,1.000000,1,12,4,625
astar-jps-mpsp,no_roads,arena,308,275,1,63.138000,1,1,1.000000,1,24,8,625
astar-jps-mpsp,no_roads,arena,252,156,1,42.247000,1,1,1.000000,1,15,5,625
astar-jps-mpsp,no_roads,arena,115,613,1,74.082000,1,1,1.000000,1,60,20,625
astar-jps-mpsp,no_roads,arena,99,473,1,55.697000,1,1,1.000000,1,45,15,625
astar-jps-mpsp,no_roads,arena,32,30,1,22.053000,1,1,1.000000,1,6,2,625
astar-jps-mpsp,no_roads,arena,105,247,1,163.608000,1,1,1.000000,1,54,18,625
astar-jps-mpsp,no_roads,arena,262,572,1,44.469000,1,1,1.000000,1,36,12,625
astar-jps-mpsp,no_roads,arena,27,222,1,96.057000,1,1,1.000000,1,66,22,625
astar-jps-mpsp,no_roads,arena,613,470,1,34.845000,1,1,1.000000,1,21,7,625
astar-jps-mpsp,no_roads,arena,249,502,1,41.899000,1,1,1.000000,1,66,22,625
astar-jps-mpsp,no_roads,arena,311,6,1,37.966000,1,1,1.000000,1,36,12,625
astar-jps-mpsp,no_roads,arena,178,473,1,46.419000,1,1,1.000000,1,60,20,625
astar-jps-mpsp,no_roads,arena,381,311,1,34.916000,1,1,1.000000,1,15,5,625
astar-jps-mpsp,no_roads,arena,174,242,1,20.856000,1,1,1.000000,1,21,7,625
astar-jps-mpsp,no_roads,arena,375,115,1,65.801000,1,1,1.000000,1,45,15,625
astar-jps-mpsp,no_roads,arena,104,427,1,45.575000,1,1,1.000000,1,39,13,625
astar-jps-mpsp,no_roads,arena,110,404,1,32.215000,1,1,1.000000,1,36,12,625
astar-jps-mpsp,no_roads,arena,388,297,1,29.515000,1,1,1.000000,1,27,9,625
astar-jps-mpsp,no_roads,arena,44,514,1,62.942000,1,1,1.000000,1,57,19,625
astar-jps-mpsp,with_roads,arena,126,25,1,34.067000,1,1,1.000000,1,4,4,625
astar-jps-mpsp,with_roads,arena,308,275,1,48.829000,1,1,1.500000,1,18,8,625
astar-jps-mpsp,with_roads,arena,252,156,1,33.973000,1,1,1.300000,0,13,5,625
astar-jps-mpsp,with_roads,arena,115,613,1,59.335000,1,1,1.400000,0,56,20,625
astar-jps-mpsp,with_roads,arena,99,473,1,48.373000,1,1,1.000000,1,45,15,625
astar-jps-mpsp,with_roads,arena,32,30,1,22.884000,1,1,1.000000,1,6,2,625
astar-jps-mpsp,with_roads,arena,105,247,1,178.460000,1,1,1.384615,0,54,18,625
astar-jps-mpsp,with_roads,arena,262,572,1,41.858000,1,1,1.500000,0,36,12,625
astar-jps-mpsp,with_roads,arena,27,222,1,90.395000,1,1,1.466667,0,66,22,625
astar-jps-mpsp,with_roads,arena,613,470,1,30.499000,1,1,1.055556,1,19,7,625
astar-jps-mpsp,with_roads,arena,249,502,1,33.450000,1,1,1.260870,1,58,22,625
astar-jps-mpsp,with_roads,arena,311,6,1,58.283000,1,1,1.714286,0,36,12,625
astar-jps-mpsp,with_roads,arena,178,473,1,58.497000,1,1,1.933333,1,58,20,625
astar-jps-mpsp,with_roads,arena,381,311,1,41.249000,1,1,1.222222,0,11,5,625
astar-jps-mpsp,with_roads,arena,174,242,1,25.342000,1,1,1.000000,1,21,7,625
astar-jps-mpsp,with_roads,arena,375,115,1,57.991000,1,1,1.228571,1,43,15,625
astar-jps-mpsp,with_roads,arena,104,427,1,44.601000,1,1,1.320000,1,33,13,625
astar-jps-mpsp,with_roads,arena,110,404,1,39.005000,1,1,1.166667,1,28,12,625
astar-jps-mpsp,with_roads,arena,388,297,1,33.784000,1,1,1.173913,0,27,9,625
astar-jps-mpsp,with_roads,arena,44,514,1,78.819000,1,1,1.358974,1,53,19,625
astar-jps-mpsp,no_roads,bar_chart,319,72,1,34.120000,1,1,1.000000,1,21,7,1400
astar-jps-mpsp,no_roads,bar_chart,769,673,1,119.730000,1,1,1.000000,1,78,26,1400
astar-jps-mpsp,no_roads,bar_chart,612,392,1,66.096000,1,1,1.000000,1,30,10,1400
astar-jps-mpsp,no_roads,bar_chart,293,249,1,441.711000,0,0,,,0,0,1400
astar-jps-mpsp,no_roads,bar_chart,1165,91,1,17.861000,0,0,,,0,0,1400
astar-jps-mpsp,no_roads,bar_chart,86,271,1,33.763000,0,0,,,0,0,1400
astar-jps-mpsp,no_roads,bar_chart,596,641,1,76.024000,1,1,1.000000,1,30,10,1400
astar-jps-mpsp,no_roads,bar_chart,76,547,1,53.553000,1,1,1.000000,1,63,21,1400
astar-jps-mpsp,no_roads,bar_chart,1158,600,1,27.745000,0,0,,,0,0,1400
astar-jps-mpsp,no_roads,bar_chart,1242,775,1,40.832000,0,0,,,0,0,1400
astar-jps-mpsp,no_roads,bar_chart,18,441,1,21.359000,0,0,,,0,0,1400
astar-jps-mpsp,no_roads,bar_chart,1167,948,1,263.974000,0,0,,,0,0,1400
astar-jps-mpsp,no_roads,bar_chart,775,431,1,39.036000,1,1,1.000000,1,33,11,1400
astar-jps-mpsp,no_roads,bar_chart,587,939,1,216.021000,0,0,,,0,0,1400
astar-jps-mpsp,no_roads,bar_chart,293,267,1,36.832000,1,1,1.000000,1,63,21,1400
astar-jps-mpsp,no_roads,bar_chart,1046,280,1,28.495000,0,0,,,0,0,1400
astar-jps-mpsp,no_roads,bar_chart,995,957,1,26.653000,0,0,,,0,0,1400
astar-jps-mpsp,no_roads,bar_chart,741,123,1,175.854000,0,0,,,0,0,1400
astar-jps-mpsp,no_roads,bar_chart,1272,356,1,34.231000,1,1,1.000000,1,78,26,1400
astar-jps-mpsp,no_roads,bar_chart,1042,226,1,233.465000,0,0,,,0,0,1400
astar-jps-mpsp,with_roads,bar_chart,319,72,1,40.742000,1,1,1.000000,1,21,7,1400
astar-jps-mpsp,with_roads,bar_chart,769,673,1,131.144000,1,1,1.608696,1,74,26,1400
astar-jps-mpsp,with_roads,bar_chart,612,392,1,70.225000,1,1,1.142857,1,16,10,1400
astar-jps-mpsp,with_roads,bar_chart,293,249,1,440.225000,0,0,,,0,0,1400
astar-jps-mpsp,with_roads,bar_chart,1165,91,1,16.605000,0,0,,,0,0,1400
astar-jps-mpsp,with_roads,bar_chart,86,271,1,32.059000,0,0,,,0,0,1400
astar-jps-mpsp,with_roads,bar_chart,596,641,1,81.576000,1,1,1.500000,1,24,10,1400
astar-jps-mpsp,with_roads,bar_chart,76,547,1,51.694000,1,1,1.270270,1,47,21,1400
astar-jps-mpsp,with_roads,bar_chart,1158,600,1,24.410000,0,0,,,0,0,1400
astar-jps-mpsp,with_roads,bar_chart,1242,775,1,28.244000,0,0,,,0,0,1400
astar-jps-mpsp,with_roads,bar_chart,18,441,1,15.689000,0,0,,,0,0,1400
astar-jps-mpsp,with_roads,bar_chart,1167,948,1,289.942000,0,0,,,0,0,1400
astar-jps-mpsp,with_roads,bar_chart,775,431,1,36.731000,1,1,1.933333,1,29,11,1400
astar-jps-mpsp,with_roads,bar_chart,587,939,1,199.904000,0,0,,,0,0,1400
astar-jps-mpsp,with_roads,bar_chart,293,267,1,36.710000,1,1,1.228571,0,43,21,1400
astar-jps-mpsp,with_roads,bar_chart,1046,280,1,26.416000,0,0,,,0,0,1400
astar-jps-mpsp,with_roads,bar_chart,995,957,1,23.961000,0,0,,,0,0,1400
astar-jps-mpsp,with_roads,bar_chart,741,123,1,155.963000,0,0,,,0,0,1400
astar-jps-mpsp,with_roads,bar_chart,1272,356,1,31.140000,1,1,1.193548,1,74,26,1400
astar-jps-mpsp,with_roads,bar_chart,1042,226,1,205.588000,0,0,,,0,0,1400
astar-jps-mpsp,no_roads,battlebot,443,79,1,94.418000,1,1,1.000000,1,57,19,609
astar-jps-mpsp,no_roads,battlebot,12,514,1,101.244000,1,1,1.000000,1,117,39,609
astar-jps-mpsp,no_roads,battlebot,180,160,1,24.218000,1,1,1.000000,1,3,1,609
astar-jps-mpsp,no_roads,battlebot,147,96,1,151.344000,1,1,1.000000,1,126,42,609
astar-jps-mpsp,no_roads,battlebot,511,74,1,87.296000,1,1,1.000000,1,63,21,609
astar-jps-mpsp,no_roads,battlebot,471,514,1,28.656000,1,1,1.000000,1,6,2,609
astar-jps-mpsp,no_roads,battlebot,375,66,1,86.303000,1,1,1.000000,1,48,16,609
astar-jps-mpsp,no_roads,battlebot,409,280,1,34.972000,1,1,1.000000,1,21,7,609
astar-jps-mpsp,no_roads,battlebot,16,15,1,14.740000,1,1,1.000000,1,3,1,609
astar-jps-mpsp,no_roads,battlebot,69,143,1,47.752000,1,1,1.000000,1,33,11,609
astar-jps-mpsp,no_roads,battlebot,154,338,1,58.551000,1,1,1.000000,1,27,9,609
astar-jps-mpsp,no_roads,battlebot,416,13,1,501.831000,1,1,1.000000,1,120,40,609
astar-jps-mpsp,no_roads,battlebot,388,130,1,40.281000,1,1,1.000000,1,36,12,609
astar-jps-mpsp,no_roads,battlebot,496,451,1,21.851000,1,1,1.000000,1,9,3,609
astar-jps-mpsp,no_roads,battlebot,489,375,1,46.618000,1,1,1.000000,1,36,12,609
astar-jps-mpsp,no_roads,battlebot,277,144,1,48.237000,1,1,1.000000,1,42,14,609
astar-jps-mpsp,no_roads,battlebot,297,408,1,46.737000,1,1,1.000000,1,27,9,609
astar-jps-mpsp,no_roads,battlebot,183,559,1,57.315000,1,1,1.000000,1,54,18,609
astar-jps-mpsp,no_roads,battlebot,597,3,1,366.682000,1,1,1.000000,1,99,33,609
astar-jps-mpsp,no_roads,battlebot,526,557,1,36.834000,1,1,1.000000,1,30,10,609
astar-jps-mpsp,with_roads,battlebot,443,79,1,107.139000,1,1,1.000000,1,57,19,609
astar-jps-mpsp,with_roads,battlebot,12,514,1,73.983000,1,1,1.738462,0,113,39,609
astar-jps-mpsp,with_roads,battlebot,180,160,1,17.543000,1,1,1.000000,1,3,1,609
astar-jps-mpsp,with_roads,battlebot,147,96,1,113.607000,1,1,1.076923,1,84,42,609
astar-jps-mpsp,with_roads,battlebot,511,74,1,66.804000,1,1,1.067797,0,63,21,609
astar-jps-mpsp,with_roads,battlebot,471,514,1,22.591000,1,1,1.000000,1,2,2,609
astar-jps-mpsp,with_roads,battlebot,375,66,1,80.021000,1,1,1.000000,1,48,16,609
astar-jps-mpsp,with_roads,battlebot,409,280,1,35.363000,1,1,1.000000,1,21,7,609
astar-jps-mpsp,with_roads,battlebot,16,15,1,17.130000,1,1,1.000000,1,3,1,609
astar-jps-mpsp,with_roads,battlebot,69,143,1,114.764000,1,1,1.000000,1,33,11,609
astar-jps-mpsp,with_roads,battlebot,154,338,1,165.590000,1,1,1.000000,1,27,9,609
astar-jps-mpsp,with_roads,battlebot,416,13,1,1291.581000,1,1,1.411765,1,120,40,609
astar-jps-mpsp,with_roads,battlebot,388,130,1,85.184000,1,1,1.000000,1,36,12,609
astar-jps-mpsp,with_roads,battlebot,496,451,1,44.705000,1,1,1.285714,0,9,3,609
astar-jps-mpsp,with_roads,battlebot,489,375,1,100.832000,1,1,1.153846,0,30,12,609
astar-jps-mpsp,with_roads,battlebot,277,144,1,120.738000,1,1,1.000000,1,42,14,609
astar-jps-mpsp,with_roads,battlebot,297,408,1,93.378000,1,1,1.000000,1,27,9,609
astar-jps-mpsp,with_roads,battlebot,183,559,1,125.268000,1,1,1.102041,1,54,18,609
astar-jps-mpsp,with_roads,battlebot,597,3,1,1017.750000,1,1,1.046512,0,45,33,609
astar-jps-mpsp,with_roads,battlebot,526,557,1,202.058000,1,1,1.833333,0,22,10,609
astar-jps-mpsp,no_roads,bear_of_doom,268,66,1,246.000000,0,0,,,0,0,441
astar-jps-mpsp,no_roads,bear_of_doom,21,309,1,242.611000,0,0,,,0,0,441
astar-jps-mpsp,no_roads,bear_of_doom,140,129,1,115.082000,0,0,,,0,0,441
astar-jps-mpsp,no_roads,bear_of_doom,120,80,1,41.765000,1,1,1.000000,1,6,2,441
astar-jps-mpsp,no_roads,bear_of_doom,308,63,1,112.631000,0,0,,,0,0,441
astar-jps-mpsp,no_roads,bear_of_doom,285,309,1,44.487000,1,1,1.000000,1,9,3,441
astar-jps-mpsp,no_roads,bear_of_doom,383,234,1,42.111000,1,1,1.000000,1,21,7,441
astar-jps-mpsp,no_roads,bear_of_doom,54,251,1,120.483000,1,1,1.000000,1,69,23,441
astar-jps-mpsp,no_roads,bear_of_doom,192,25,1,55.273000,1,1,1.000000,1,24,8,441
astar-jps-mpsp,no_roads,bear_of_doom,24,56,1,167.242000,0,0,,,0,0,441
astar-jps-mpsp,no_roads,bear_of_doom,118,125,1,98.011000,1,1,1.000000,1,78,26,441
astar-jps-mpsp,no_roads,bear_of_doom,218,256,1,49.931000,1,1,1.000000,1,12,4,441
astar-jps-mpsp,no_roads,bear_of_doom,21,238,1,56.139000,1,1,1.000000,1,78,26,441
astar-jps-mpsp,no_roads,bear_of_doom,110,300,1,32.401000,1,1,1.000000,1,27,9,441
astar-jps-mpsp,no_roads,bear_of_doom,273,293,1,94.730000,0,0,,,0,0,441
astar-jps-mpsp,no_roads,bear_of_doom,234,191,1,20.916000,1,1,1.000000,1,6,2,441
astar-jps-mpsp,no_roads,bear_of_doom,119,201,1,24.572000,1,1,1.000000,1,12,4,441
astar-jps-mpsp,no_roads,bear_of_doom,248,141,1,34.220000,1,1,1.000000,1,15,5,441
astar-jps-mpsp,no_roads,bear_of_doom,339,371,1,89.597000,0,0,,,0,0,441
astar-jps-mpsp,no_roads,bear_of_doom,5,318,1,58.948000,1,1,1.000000,1,45,15,441
astar-jps-mpsp,with_roads,bear_of_doom,268,66,1,191.328000,0,0,,,0,0,441
astar-jps-mpsp,with_roads,bear_of_doom,21,309,1,191.183000,0,0,,,0,0,441
astar-jps-mpsp,with_roads,bear_of_doom,140,129,1,109.903000,0,0,,,0,0,441
astar-jps-mpsp,with_roads,bear_of_doom,120,80,1,22.557000,1,1,1.000000,1,6,2,441
astar-jps-mpsp,with_roads,bear_of_doom,308,63,1,85.243000,0,0,,,0,0,441
astar-jps-mpsp,with_roads,bear_of_doom,285,309,1,33.574000,1,1,1.000000,1,9,3,441
astar-jps-mpsp,with_roads,bear_of_doom,383,234,1,33.001000,1,1,1.222222,1,11,7,441
astar-jps-mpsp,with_roads,bear_of_doom,54,251,1,89.266000,1,1,1.000000,1,69,23,441
astar-jps-mpsp,with_roads,bear_of_doom,192,25,1,45.021000,1,1,1.400000,1,14,8,441
astar-jps-mpsp,with_roads,bear_of_doom,24,56,1,128.750000,0,0,,,0,0,441
astar-jps-mpsp,with_roads,bear_of_doom,118,125,1,70.596000,1,1,1.000000,1,78,26,441
astar-jps-mpsp,with_roads,bear_of_doom,218,256,1,38.438000,1,1,1.333333,1,8,4,441
astar-jps-mpsp,with_roads,bear_of_doom,21,238,1,44.001000,1,1,1.057143,1,74,26,441
astar-jps-mpsp,with_roads,bear_of_doom,110,300,1,25.675000,1,1,2.083333,0,25,9,441
astar-jps-mpsp,with_roads,bear_of_doom,273,293,1,77.201000,0,0,,,0,0,441
astar-jps-mpsp,with_roads,bear_of_doom,234,191,1,15.861000,1,1,1.000000,1,2,2,441
astar-jps-mpsp,with_roads,bear_of_doom,119,201,1,18.305000,1,1,1.000000,1,12,4,441
astar-jps-mpsp,with_roads,bear_of_doom,248,141,1,25.641000,1,1,1.000000,1,15,5,441
astar-jps-mpsp,with_roads,bear_of_doom,339,371,1,68.584000,0,0,,,0,0,441
astar-jps-mpsp,with_roads,bear_of_doom,5,318,1,42.176000,1,1,1.347826,0,31,15,441
astar-jps-mpsp,no_roads,binary_tree,758,124,1,182.333000,1,1,1.000000,1,60,20,1230
astar-jps-mpsp,no_roads,binary_tree,28,902,1,442.979000,1,1,1.000000,1,135,45,1230
astar-jps-mpsp,no_roads,binary_tree,309,276,1,112.739000,1,1,1.000000,1,36,12,1230
astar-jps-mpsp,no_roads,binary_tree,250,156,1,96.101000,1,1,1.000000,1,87,29,1230
astar-jps-mpsp,no_roads,binary_tree,897,114,1,141.967000,1,1,1.000000,1,114,38,1230
astar-jps-mpsp,no_roads,binary_tree,810,901,1,122.114000,1,1,1.000000,1,69,23,1230
astar-jps-mpsp,no_roads,binary_tree,1098,634,1,62.507000,1,1,1.000000,1,60,20,1230
astar-jps-mpsp,no_roads,binary_tree,95,688,1,67.063000,1,1,1.000000,1,60,20,1230
astar-jps-mpsp,no_roads,binary_tree,484,35,1,63.799000,1,1,1.000000,1,33,11,1230
astar-jps-mpsp,no_roads,binary_tree,33,103,1,63.093000,1,1,1.000000,1,36,12,1230
astar-jps-mpsp,no_roads,binary_tree,245,262,1,81.146000,1,1,1.000000,1,72,24,1230
astar-jps-mpsp,no_roads,binary_tree,583,705,1,47.630000,1,1,1.000000,1,9,3,1230
astar-jps-mpsp,no_roads,binary_tree,30,654,1,51.823000,1,1,1.000000,1,45,15,1230
astar-jps-mpsp,no_roads,binary_tree,223,865,1,273.193000,1,1,1.000000,1,105,35,1230
astar-jps-mpsp,no_roads,binary_tree,772,847,1,56.602000,1,1,1.000000,1,21,7,1230
astar-jps-mpsp,no_roads,binary_tree,634,479,1,63.588000,1,1,1.000000,1,27,9,1230
astar-jps-mpsp,no_roads,binary_tree,247,514,1,139.957000,1,1,1.000000,1,63,21,1230
astar-jps-mpsp,no_roads,binary_tree,687,312,1,44.436000,1,1,1.000000,1,27,9,1230
astar-jps-mpsp,no_roads,binary_tree,989,1063,1,113.551000,1,1,1.000000,1,99,33,1230
astar-jps-mpsp,no_roads,binary_tree,6,925,1,104.986000,1,1,1.000000,1,75,25,1230
astar-jps-mpsp,with_roads,binary_tree,758,124,1,158.960000,1,1,1.047619,1,44,20,1230
astar-jps-mpsp,with_roads,binary_tree,28,902,1,400.078000,1,1,1.242424,0,123,45,1230
astar-jps-mpsp,with_roads,binary_tree,309,276,1,106.883000,1,1,1.000000,1,36,12,1230
astar-jps-mpsp,with_roads,binary_tree,250,156,1,95.390000,1,1,1.231884,1,85,29,1230
astar-jps-mpsp,with_roads,binary_tree,897,114,1,137.822000,1,1,1.000000,1,114,38,1230
astar-jps-mpsp,with_roads,binary_tree,810,901,1,117.050000,1,1,1.000000,1,69,23,1230
astar-jps-mpsp,with_roads,binary_tree,1098,634,1,65.345000,1,1,1.000000,1,60,20,1230
astar-jps-mpsp,with_roads,binary_tree,95,688,1,57.717000,1,1,1.111111,1,60,20,1230
astar-jps-mpsp,with_roads,binary_tree,484,35,1,42.206000,1,1,1.000000,1,33,11,1230
astar-jps-mpsp,with_roads,binary_tree,33,103,1,37.892000,1,1,1.000000,1,36,12,1230
astar-jps-mpsp,with_roads,binary_tree,245,262,1,53.873000,1,1,1.000000,1,72,24,1230
astar-jps-mpsp,with_roads,binary_tree,583,705,1,28.885000,1,1,1.000000,1,9,3,1230
astar-jps-mpsp,with_roads,binary_tree,30,654,1,30.824000,1,1,1.000000,1,45,15,1230
astar-jps-mpsp,with_roads,binary_tree,223,865,1,177.802000,1,1,1.524590,1,93,35,1230
astar-jps-mpsp,with_roads,binary_tree,772,847,1,35.776000,1,1,1.000000,1,21,7,1230
astar-jps-mpsp,with_roads,binary_tree,634,479,1,38.705000,1,1,1.000000,1,27,9,1230
astar-jps-mpsp,with_roads,binary_tree,247,514,1,82.517000,1,1,1.204082,0,59,21,1230
astar-jps-mpsp,with_roads,binary_tree,687,312,1,36.158000,1,1,1.000000,1,27,9,1230
astar-jps-mpsp,with_roads,binary_tree,989,1063,1,80.984000,1,1,1.023529,1,87,33,1230
astar-jps-mpsp,with_roads,binary_tree,6,925,1,87.197000,1,1,1.203390,0,71,25,1230
astar-jps-mpsp,no_roads,building_blocks,1894,295,1,56.616000,0,0,,,0,0,2401
astar-jps-mpsp,no_roads,building_blocks,60,2174,1,23.705000,0,0,,,0,0,2401
astar-jps-mpsp,no_roads,building_blocks,796,691,1,23.213000,0,0,,,0,0,2401
astar-jps-mpsp,no_roads,building_blocks,636,368,1,47.409000,0,0,,,0,0,2401
astar-jps-mpsp,no_roads,building_blocks,2162,273,1,41.381000,0,0,,,0,0,2401
astar-jps-mpsp,no_roads,building_blocks,1987,2171,1,18.373000,0,0,,,0,0,2401
astar-jps-mpsp,no_roads,building_blocks,1588,230,1,28.796000,0,0,,,0,0,2401
astar-jps-mpsp,no_roads,building_blocks,1731,1241,1,59.748000,1,1,1.000000,1,30,10,2401
astar-jps-mpsp,no_roads,building_blocks,78,72,1,28.702000,0,0,,,0,0,2401
astar-jps-mpsp,no_roads,building_blocks,245,622,1,49.814000,0,0,,,0,0,2401
astar-jps-mpsp,no_roads,building_blocks,660,1472,1,26.855000,0,0,,,0,0,2401
astar-jps-mpsp,no_roads,building_blocks,1759,63,1,23.588000,0,0,,,0,0,2401
astar-jps-mpsp,no_roads,building_blocks,1643,567,1,35.914000,0,0,,,0,0,2401
astar-jps-mpsp,no_roads,building_blocks,2106,1919,1,46.196000,0,0,,,0,0,2401
astar-jps-mpsp,no_roads,building_blocks,2067,1588,1,26.826000,0,0,,,0,0,2401
astar-jps-mpsp,no_roads,building_blocks,1235,629,1,23.181000,0,0,,,0,0,2401
astar-jps-mpsp,no_roads,building_blocks,1307,1727,1,29.012000,0,0,,,0,0,2401
astar-jps-mpsp,no_roads,building_blocks,803,2357,1,60.597000,0,0,,,0,0,2401
astar-jps-mpsp,no_roads,building_blocks,14,2219,1,21.358000,0,0,,,0,0,2401
astar-jps-mpsp,no_roads,building_blocks,2348,435,1,26.454000,0,0,,,0,0,2401
astar-jps-mpsp,with_roads,building_blocks,1894,295,1,99.873000,0,0,,,0,0,2401
astar-jps-mpsp,with_roads,building_blocks,60,2174,1,39.629000,0,0,,,0,0,2401
astar-jps-mpsp,with_roads,building_blocks,796,691,1,40.961000,0,0,,,0,0,2401
astar-jps-mpsp,with_roads,building_blocks,636,368,1,77.848000,0,0,,,0,0,2401
astar-jps-mpsp,with_roads,building_blocks,2162,273,1,47.487000,0,0,,,0,0,2401
astar-jps-mpsp,with_roads,building_blocks,1987,2171,1,21.822000,0,0,,,0,0,2401
astar-jps-mpsp,with_roads,building_blocks,1588,230,1,38.541000,0,0,,,0,0,2401
astar-jps-mpsp,with_roads,building_blocks,1731,1241,1,60.305000,1,1,1.000000,1,30,10,2401
astar-jps-mpsp,with_roads,building_blocks,78,72,1,42.624000,0,0,,,0,0,2401
astar-jps-mpsp,with_roads,building_blocks,245,622,1,91.186000,0,0,,,0,0,2401
astar-jps-mpsp,with_roads,building_blocks,660,1472,1,36.152000,0,0,,,0,0,2401
astar-jps-mpsp,with_roads,building_blocks,1759,63,1,30.429000,0,0,,,0,0,2401
astar-jps-mpsp,with_roads,building_blocks,1643,567,1,53.518000,0,0,,,0,0,2401
astar-jps-mpsp,with_roads,building_blocks,2106,1919,1,65.151000,0,0,,,0,0,2401
astar-jps-mpsp,with_roads,building_blocks,2067,1588,1,25.352000,0,0,,,0,0,2401
astar-jps-mpsp,with_roads,building_blocks,1235,629,1,25.406000,0,0,,,0,0,2401
astar-jps-mpsp,with_roads,building_blocks,1307,1727,1,31.756000,0,0,,,0,0,2401
astar-jps-mpsp,with_roads,building_blocks,803,2357,1,79.974000,0,0,,,0,0,2401
astar-jps-mpsp,with_roads,building_blocks,14,2219,1,23.648000,0,0,,,0,0,2401
astar-jps-mpsp,with_roads,building_blocks,2348,435,1,32.270000,0,0,,,0,0,2401
astar-jps-mpsp,no_roads,butterfly,133,25,1,71.605000,1,1,1.000000,1,48,16,961
astar-jps-mpsp,no_roads,butterfly,392,326,1,134.324000,0,0,,,0,0,961
astar-jps-mpsp,no_roads,butterfly,293,173,1,33.790000,1,1,1.000000,1,12,4,961
astar-jps-mpsp,no_roads,butterfly,110,834,1,31.729000,0,0,,,0,0,961
astar-jps-mpsp,no_roads,butterfly,89,907,1,39.273000,0,0,,,0,0,961
astar-jps-mpsp,no_roads,butterfly,659,32,1,63.299000,0,0,,,0,0,961
astar-jps-mpsp,no_roads,butterfly,30,101,1,29.904000,1,1,1.000000,1,66,22,961
astar-jps-mpsp,no_roads,butterfly,285,306,1,112.560000,0,0,,,0,0,961
astar-jps-mpsp,no_roads,butterfly,775,928,1,32.721000,0,0,,,0,0,961
astar-jps-mpsp,no_roads,butterfly,27,861,1,16.887000,0,0,,,0,0,961
astar-jps-mpsp,no_roads,butterfly,257,834,1,69.184000,0,0,,,0,0,961
astar-jps-mpsp,no_roads,butterfly,656,287,1,41.914000,0,0,,,0,0,961
astar-jps-mpsp,no_roads,butterfly,694,906,1,44.211000,1,1,1.000000,1,24,8,961
astar-jps-mpsp,no_roads,butterfly,398,6,1,88.755000,0,0,,,0,0,961
astar-jps-mpsp,no_roads,butterfly,203,659,1,13.642000,0,0,,,0,0,961
astar-jps-mpsp,no_roads,butterfly,489,398,1,19.344000,1,1,1.000000,1,9,3,961
astar-jps-mpsp,no_roads,butterfly,199,282,1,44.323000,0,0,,,0,0,961
astar-jps-mpsp,no_roads,butterfly,483,110,1,91.209000,0,0,,,0,0,961
astar-jps-mpsp,no_roads,butterfly,100,556,1,36.472000,0,0,,,0,0,961
astar-jps-mpsp,no_roads,butterfly,105,520,1,39.731000,0,0,,,0,0,961
astar-jps-mpsp,with_roads,butterfly,133,25,1,104.595000,1,1,1.000000,1,48,16,961
astar-jps-mpsp,with_roads,butterfly,392,326,1,179.410000,0,0,,,0,0,961
astar-jps-mpsp,with_roads,butterfly,293,173,1,47.529000,1,1,1.000000,1,12,4,961
astar-jps-mpsp,with_roads,butterfly,110,834,1,45.702000,0,0,,,0,0,961
astar-jps-mpsp,with_roads,butterfly,89,907,1,56.053000,0,0,,,0,0,961
astar-jps-mpsp,with_roads,butterfly,659,32,1,89.023000,0,0,,,0,0,961
astar-jps-mpsp,with_roads,butterfly,30,101,1,39.948000,1,1,1.000000,1,66,22,961
astar-jps-mpsp,with_roads,butterfly,285,306,1,158.888000,0,0,,,0,0,961
astar-jps-mpsp,with_roads,butterfly,775,928,1,46.296000,0,0,,,0,0,961
astar-jps-mpsp,with_roads,butterfly,27,861,1,23.468000,0,0,,,0,0,961
astar-jps-mpsp,with_roads,butterfly,257,834,1,104.120000,0,0,,,0,0,961
astar-jps-mpsp,with_roads,butterfly,656,287,1,61.704000,0,0,,,0,0,961
astar-jps-mpsp,with_roads,butterfly,694,906,1,62.226000,1,1,1.000000,1,24,8,961
astar-jps-mpsp,with_roads,butterfly,398,6,1,124.420000,0,0,,,0,0,961
astar-jps-mpsp,with_roads,butterfly,203,659,1,20.749000,0,0,,,0,0,961
astar-jps-mpsp,with_roads,butterfly,489,398,1,29.403000,1,1,1.000000,1,9,3,961
astar-jps-mpsp,with_roads,butterfly,199,282,1,21.845000,0,0,,,0,0,961
astar-jps-mpsp,with_roads,butterfly,483,110,1,79.411000,0,0,,,0,0,961
astar-jps-mpsp,with_roads,butterfly,100,556,1,42.471000,0,0,,,0,0,961
astar-jps-mpsp,with_roads,butterfly,105,520,1,21.589000,0,0,,,0,0,961
astar-jps-mpsp,no_roads,castle_keep,1647,244,1,437.103000,1,1,1.000000,1,105,35,2401
astar-jps-mpsp,no_roads,castle_keep,51,1879,1,275.958000,1,1,1.000000,1,114,38,2401
astar-jps-mpsp,no_roads,castle_keep,600,535,1,226.938000,1,1,1.000000,1,105,35,2401
astar-jps-mpsp,no_roads,castle_keep,489,308,1,201.496000,1,1,1.000000,1,102,34,2401
astar-jps-mpsp,no_roads,castle_keep,1868,222,1,251.989000,1,1,1.000000,1,120,40,2401
astar-jps-mpsp,no_roads,castle_keep,1732,1877,1,32.633000,1,1,1.000000,1,9,3,2401
astar-jps-mpsp,no_roads,castle_keep,2277,1395,1,149.245000,1,1,1.000000,1,102,34,2401
astar-jps-mpsp,no_roads,castle_keep,186,1517,1,160.079000,1,1,1.000000,1,84,28,2401
astar-jps-mpsp,no_roads,castle_keep,1057,65,1,64.432000,1,1,1.000000,1,60,20,2401
astar-jps-mpsp,no_roads,castle_keep,61,203,1,52.865000,1,1,1.000000,1,18,6,2401
astar-jps-mpsp,no_roads,castle_keep,478,509,1,82.861000,1,1,1.000000,1,54,18,2401
astar-jps-mpsp,no_roads,castle_keep,1286,1543,1,75.714000,1,1,1.000000,1,57,19,2401
astar-jps-mpsp,no_roads,castle_keep,54,1442,1,202.310000,1,1,1.000000,1,105,35,2401
astar-jps-mpsp,no_roads,castle_keep,437,1822,1,263.055000,1,1,1.000000,1,150,50,2401
astar-jps-mpsp,no_roads,castle_keep,1673,1787,1,64.941000,1,1,1.000000,1,48,16,2401
astar-jps-mpsp,no_roads,castle_keep,1395,1052,1,27.671000,1,1,1.000000,1,21,7,2401
astar-jps-mpsp,no_roads,castle_keep,482,1137,1,198.519000,1,1,1.000000,1,132,44,2401
astar-jps-mpsp,no_roads,castle_keep,1514,606,1,172.867000,1,1,1.000000,1,120,40,2401
astar-jps-mpsp,no_roads,castle_keep,2099,2228,1,55.202000,1,1,1.000000,1,54,18,2401
astar-jps-mpsp,no_roads,castle_keep,13,1952,1,147.200000,1,1,1.000000,1,132,44,2401
astar-jps-mpsp,with_roads,castle_keep,1647,244,1,295.651000,1,1,1.178571,0,99,35,2401
astar-jps-mpsp,with_roads,castle_keep,51,1879,1,197.436000,1,1,1.958333,0,94,38,2401
astar-jps-mpsp,with_roads,castle_keep,600,535,1,170.041000,1,1,1.469697,1,97,35,2401
astar-jps-mpsp,with_roads,castle_keep,489,308,1,122.504000,1,1,1.781818,0,98,34,2401
astar-jps-mpsp,with_roads,castle_keep,1868,222,1,260.556000,1,1,1.459459,1,108,40,2401
astar-jps-mpsp,with_roads,castle_keep,1732,1877,1,29.925000,1,1,1.000000,1,9,3,2401
astar-jps-mpsp,with_roads,castle_keep,2277,1395,1,110.258000,1,1,1.277778,0,92,34,2401
astar-jps-mpsp,with_roads,castle_keep,186,1517,1,131.274000,1,1,1.357143,1,76,28,2401
astar-jps-mpsp,with_roads,castle_keep,1057,65,1,62.786000,1,1,1.125000,1,36,20,2401
astar-jps-mpsp,with_roads,castle_keep,61,203,1,48.800000,1,1,1.285714,0,18,6,2401
astar-jps-mpsp,with_roads,castle_keep,478,509,1,83.726000,1,1,1.529412,0,52,18,2401
astar-jps-mpsp,with_roads,castle_keep,1286,1543,1,58.988000,1,1,1.216216,1,45,19,2401
astar-jps-mpsp,with_roads,castle_keep,54,1442,1,193.628000,1,1,2.121951,0,87,35,2401
astar-jps-mpsp,with_roads,castle_keep,437,1822,1,265.594000,1,1,1.333333,0,132,50,2401
astar-jps-mpsp,with_roads,castle_keep,1673,1787,1,47.773000,1,1,1.500000,0,48,16,2401
astar-jps-mpsp,with_roads,castle_keep,1395,1052,1,29.165000,1,1,1.307692,1,17,7,2401
astar-jps-mpsp,with_roads,castle_keep,482,1137,1,230.273000,1,1,1.520000,1,114,44,2401
astar-jps-mpsp,with_roads,castle_keep,1514,606,1,192.801000,1,1,1.428571,0,100,40,2401
astar-jps-mpsp,with_roads,castle_keep,2099,2228,1,63.062000,1,1,1.080000,0,54,18,2401
astar-jps-mpsp,with_roads,castle_keep,13,1952,1,147.967000,1,1,2.772727,0,122,44,2401
astar-jps-mpsp,no_roads,chemistry_class,1475,228,1,234.463000,1,1,1.000000,1,96,32,1600
astar-jps-mpsp,no_roads,chemistry_class,51,583,1,187.160000,1,1,1.000000,1,39,13,1600
astar-jps-mpsp,no_roads,chemistry_class,515,466,1,78.498000,1,1,1.000000,1,27,9,1600
astar-jps-mpsp,no_roads,chemistry_class,287,209,1,71.242000,1,1,1.000000,1,6,2,1600
astar-jps-mpsp,no_roads,chemistry_class,1551,1216,1,111.758000,1,1,1.000000,1,45,15,1600
astar-jps-mpsp,no_roads,chemistry_class,178,1338,1,70.753000,1,1,1.000000,1,87,29,1600
astar-jps-mpsp,no_roads,chemistry_class,920,65,1,139.787000,1,1,1.000000,1,75,25,1600
astar-jps-mpsp,no_roads,chemistry_class,61,191,1,80.151000,1,1,1.000000,1,30,10,1600
astar-jps-mpsp,no_roads,chemistry_class,456,487,1,38.701000,1,1,1.000000,1,27,9,1600
astar-jps-mpsp,no_roads,chemistry_class,1120,1368,1,70.497000,1,1,1.000000,1,24,8,1600
astar-jps-mpsp,no_roads,chemistry_class,54,1262,1,57.474000,1,1,1.000000,1,90,30,1600
astar-jps-mpsp,no_roads,chemistry_class,415,1496,1,81.642000,1,1,1.000000,1,81,27,1600
astar-jps-mpsp,no_roads,chemistry_class,1216,915,1,80.641000,1,1,1.000000,1,57,19,1600
astar-jps-mpsp,no_roads,chemistry_class,460,985,1,47.895000,1,1,1.000000,1,39,13,1600
astar-jps-mpsp,no_roads,chemistry_class,1333,589,1,204.594000,1,1,1.000000,1,75,25,1600
astar-jps-mpsp,no_roads,chemistry_class,13,333,1,22.282000,1,1,1.000000,1,24,8,1600
astar-jps-mpsp,no_roads,chemistry_class,1595,921,1,88.802000,1,1,1.000000,1,102,34,1600
astar-jps-mpsp,no_roads,chemistry_class,728,589,1,99.493000,1,1,1.000000,1,63,21,1600
astar-jps-mpsp,no_roads,chemistry_class,324,449,1,65.250000,1,1,1.000000,1,15,5,1600
astar-jps-mpsp,no_roads,chemistry_class,721,209,1,89.909000,1,1,1.000000,1,39,13,1600
astar-jps-mpsp,with_roads,chemistry_class,1475,228,1,240.789000,1,1,1.000000,1,82,32,1600
astar-jps-mpsp,with_roads,chemistry_class,51,583,1,167.362000,1,1,1.114286,0,39,13,1600
astar-jps-mpsp,with_roads,chemistry_class,515,466,1,79.863000,1,1,1.533333,0,23,9,1600
astar-jps-mpsp,with_roads,chemistry_class,287,209,1,43.228000,1,1,1.000000,1,6,2,1600
astar-jps-mpsp,with_roads,chemistry_class,1551,1216,1,103.400000,1,1,1.000000,1,45,15,1600
astar-jps-mpsp,with_roads,chemistry_class,178,1338,1,71.677000,1,1,1.035714,0,87,29,1600
astar-jps-mpsp,with_roads,chemistry_class,920,65,1,140.336000,1,1,1.089552,1,73,25,1600
astar-jps-mpsp,with_roads,chemistry_class,61,191,1,69.884000,1,1,1.375000,1,22,10,1600
astar-jps-mpsp,with_roads,chemistry_class,456,487,1,30.553000,1,1,1.086957,1,25,9,1600
astar-jps-mpsp,with_roads,chemistry_class,1120,1368,1,57.066000,1,1,1.000000,1,24,8,1600
astar-jps-mpsp,with_roads,chemistry_class,54,1262,1,47.648000,1,1,1.200000,0,90,30,1600
astar-jps-mpsp,with_roads,chemistry_class,415,1496,1,71.051000,1,1,1.000000,1,81,27,1600
astar-jps-mpsp,with_roads,chemistry_class,1216,915,1,65.777000,1,1,1.000000,1,57,19,1600
astar-jps-mpsp,with_roads,chemistry_class,460,985,1,42.983000,1,1,1.000000,1,39,13,1600
astar-jps-mpsp,with_roads,chemistry_class,1333,589,1,175.750000,1,1,1.000000,1,75,25,1600
astar-jps-mpsp,with_roads,chemistry_class,13,333,1,17.437000,1,1,1.000000,1,24,8,1600
astar-jps-mpsp,with_roads,chemistry_class,1595,921,1,73.933000,1,1,1.000000,1,102,34,1600
astar-jps-mpsp,with_roads,chemistry_class,728,589,1,92.316000,1,1,1.016129,1,63,21,1600
astar-jps-mpsp,with_roads,chemistry_class,324,449,1,103.046000,1,1,1.500000,0,15,5,1600
astar-jps-mpsp,with_roads,chemistry_class,721,209,1,115.591000,1,1,1.064516,1,33,13,1600
astar-jps-mpsp,no_roads,chess,2190,524,1,226.744000,1,1,1.000000,1,102,34,2401
astar-jps-mpsp,no_roads,chess,145,1018,1,84.766000,1,1,1.000000,1,63,21,2401
astar-jps-mpsp,no_roads,chess,942,848,1,41.476000,1,1,1.000000,1,12,4,2401
astar-jps-mpsp,no_roads,chess,638,495,1,40.830000,1,1,1.000000,1,21,7,2401
astar-jps-mpsp,no_roads,chess,2338,1817,1,135.235000,1,1,1.000000,1,117,39,2401
astar-jps-mpsp,no_roads,chess,423,1973,1,113.295000,1,1,1.000000,1,96,32,2401
astar-jps-mpsp,no_roads,chess,1428,175,1,187.235000,1,1,1.000000,1,81,27,2401
astar-jps-mpsp,no_roads,chess,170,446,1,194.243000,1,1,1.000000,1,78,26,2401
astar-jps-mpsp,no_roads,chess,836,871,1,185.064000,1,1,1.000000,1,105,35,2401
astar-jps-mpsp,no_roads,chess,1676,2007,1,408.086000,1,1,1.000000,1,114,38,2401
astar-jps-mpsp,no_roads,chess,154,1857,1,139.223000,1,1,1.000000,1,120,40,2401
astar-jps-mpsp,no_roads,chess,787,2234,1,165.083000,1,1,1.000000,1,96,32,2401
astar-jps-mpsp,no_roads,chess,1817,1422,1,127.943000,1,1,1.000000,1,39,13,2401
astar-jps-mpsp,no_roads,chess,841,1535,1,68.585000,1,1,1.000000,1,48,16,2401
astar-jps-mpsp,no_roads,chess,1968,1025,1,127.394000,1,1,1.000000,1,117,39,2401
astar-jps-mpsp,no_roads,chess,78,688,1,107.230000,1,1,1.000000,1,87,29,2401
astar-jps-mpsp,no_roads,chess,1429,1206,1,74.356000,1,1,1.000000,1,66,22,2401
astar-jps-mpsp,no_roads,chess,1025,677,1,117.059000,1,1,1.000000,1,24,8,2401
astar-jps-mpsp,no_roads,chess,827,1172,1,95.820000,1,1,1.000000,1,21,7,2401
astar-jps-mpsp,no_roads,chess,495,439,1,205.391000,1,1,1.000000,1,132,44,2401
astar-jps-mpsp,with_roads,chess,2190,524,1,229.138000,1,1,1.027778,1,74,34,2401
astar-jps-mpsp,with_roads,chess,145,1018,1,147.516000,1,1,1.000000,1,63,21,2401
astar-jps-mpsp,with_roads,chess,942,848,1,70.253000,1,1,1.000000,1,12,4,2401
astar-jps-mpsp,with_roads,chess,638,495,1,60.119000,1,1,1.000000,1,21,7,2401
astar-jps-mpsp,with_roads,chess,2338,1817,1,185.516000,1,1,1.231579,1,117,39,2401
astar-jps-mpsp,with_roads,chess,423,1973,1,132.820000,1,1,1.069767,1,92,32,2401
astar-jps-mpsp,with_roads,chess,1428,175,1,196.821000,1,1,1.000000,1,77,27,2401
astar-jps-mpsp,with_roads,chess,170,446,1,133.812000,1,1,1.222222,1,66,26,2401
astar-jps-mpsp,with_roads,chess,836,871,1,114.636000,1,1,1.447761,0,97,35,2401
astar-jps-mpsp,with_roads,chess,1676,2007,1,258.899000,1,1,1.088235,1,74,38,2401
astar-jps-mpsp,with_roads,chess,154,1857,1,107.021000,1,1,1.047619,1,44,40,2401
astar-jps-mpsp,with_roads,chess,787,2234,1,156.100000,1,1,1.246753,0,96,32,2401
astar-jps-mpsp,with_roads,chess,1817,1422,1,110.780000,1,1,1.000000,1,39,13,2401
astar-jps-mpsp,with_roads,chess,841,1535,1,101.210000,1,1,1.000000,1,48,16,2401
astar-jps-mpsp,with_roads,chess,1968,1025,1,150.878000,1,1,1.153061,1,113,39,2401
astar-jps-mpsp,with_roads,chess,78,688,1,133.915000,1,1,1.119403,1,75,29,2401
astar-jps-mpsp,with_roads,chess,1429,1206,1,98.950000,1,1,1.063830,0,50,22,2401
astar-jps-mpsp,with_roads,chess,1025,677,1,74.594000,1,1,1.000000,1,24,8,2401
astar-jps-mpsp,with_roads,chess,827,1172,1,67.894000,1,1,1.000000,1,21,7,2401
astar-jps-mpsp,with_roads,chess,495,439,1,359.812000,1,1,1.363636,1,120,44,2401
astar-jps-mpsp,no_roads,cinnamon_roll,842,128,1,104.570000,1,1,1.000000,1,72,24,900
astar-jps-mpsp,no_roads,cinnamon_roll,25,337,1,153.281000,1,1,1.000000,1,54,18,900
astar-jps-mpsp,no_roads,cinnamon_roll,292,267,1,41.869000,1,1,1.000000,1,15,5,900
astar-jps-mpsp,no_roads,cinnamon_roll,160,117,1,38.326000,1,1,1.000000,1,51,17,900
astar-jps-mpsp,no_roads,cinnamon_roll,880,728,1,39.102000,1,1,1.000000,1,15,5,900
astar-jps-mpsp,no_roads,cinnamon_roll,100,779,1,126.342000,1,1,1.000000,1,75,25,900
astar-jps-mpsp,no_roads,cinnamon_roll,567,32,1,167.594000,1,1,1.000000,1,87,29,900
astar-jps-mpsp,no_roads,cinnamon_roll,30,106,1,45.446000,1,1,1.000000,1,48,16,900
astar-jps-mpsp,no_roads,cinnamon_roll,261,279,1,53.144000,1,1,1.000000,1,36,12,900
astar-jps-mpsp,no_roads,cinnamon_roll,674,793,1,44.719000,1,1,1.000000,1,18,6,900
astar-jps-mpsp,no_roads,cinnamon_roll,27,745,1,35.301000,1,1,1.000000,1,72,24,900
astar-jps-mpsp,no_roads,cinnamon_roll,237,853,1,256.508000,1,1,1.000000,1,81,27,900
astar-jps-mpsp,no_roads,cinnamon_roll,728,561,1,59.489000,1,1,1.000000,1,39,13,900
astar-jps-mpsp,no_roads,cinnamon_roll,263,605,1,149.720000,1,1,1.000000,1,69,23,900
astar-jps-mpsp,no_roads,cinnamon_roll,778,341,1,191.928000,1,1,1.000000,1,69,23,900
astar-jps-mpsp,no_roads,cinnamon_roll,6,182,1,36.434000,1,1,1.000000,1,18,6,900
astar-jps-mpsp,no_roads,cinnamon_roll,567,438,1,41.063000,1,1,1.000000,1,36,12,900
astar-jps-mpsp,no_roads,cinnamon_roll,341,178,1,70.383000,1,1,1.000000,1,57,19,900
astar-jps-mpsp,no_roads,cinnamon_roll,257,427,1,54.995000,1,1,1.000000,1,33,11,900
astar-jps-mpsp,no_roads,cinnamon_roll,117,105,1,39.630000,1,1,1.000000,1,36,12,900
astar-jps-mpsp,with_roads,cinnamon_roll,842,128,1,167.776000,1,1,1.478261,1,68,24,900
astar-jps-mpsp,with_roads,cinnamon_roll,25,337,1,159.442000,1,1,1.190476,1,50,18,900
astar-jps-mpsp,with_roads,cinnamon_roll,292,267,1,71.977000,1,1,1.000000,1,15,5,900
astar-jps-mpsp,with_roads,cinnamon_roll,160,117,1,63.186000,1,1,1.307692,0,51,17,900
astar-jps-mpsp,with_roads,cinnamon_roll,880,728,1,57.004000,1,1,1.000000,1,15,5,900
astar-jps-mpsp,with_roads,cinnamon_roll,100,779,1,197.172000,1,1,1.292683,1,53,25,900
astar-jps-mpsp,with_roads,cinnamon_roll,567,32,1,240.163000,1,1,1.097561,1,45,29,900
astar-jps-mpsp,with_roads,cinnamon_roll,30,106,1,63.247000,1,1,1.642857,0,46,16,900
astar-jps-mpsp,with_roads,cinnamon_roll,261,279,1,74.275000,1,1,1.478261,0,34,12,900
astar-jps-mpsp,with_roads,cinnamon_roll,674,793,1,54.630000,1,1,1.000000,1,18,6,900
astar-jps-mpsp,with_roads,cinnamon_roll,27,745,1,48.122000,1,1,1.263158,0,72,24,900
astar-jps-mpsp,with_roads,cinnamon_roll,237,853,1,327.951000,1,1,1.000000,1,77,27,900
astar-jps-mpsp,with_roads,cinnamon_roll,728,561,1,69.105000,1,1,1.000000,1,39,13,900
astar-jps-mpsp,with_roads,cinnamon_roll,263,605,1,166.549000,1,1,1.250000,0,65,23,900
astar-jps-mpsp,with_roads,cinnamon_roll,778,341,1,202.281000,1,1,1.186047,1,51,23,900
astar-jps-mpsp,with_roads,cinnamon_roll,6,182,1,39.371000,1,1,1.166667,1,14,6,900
astar-jps-mpsp,with_roads,cinnamon_roll,567,438,1,44.213000,1,1,1.000000,1,22,12,900
astar-jps-mpsp,with_roads,cinnamon_roll,341,178,1,71.466000,1,1,1.222222,1,55,19,900
astar-jps-mpsp,with_roads,cinnamon_roll,257,427,1,52.115000,1,1,1.347826,0,31,11,900
astar-jps-mpsp,with_roads,cinnamon_roll,117,105,1,39.335000,1,1,1.000000,1,36,12,900
astar-jps-mpsp,no_roads,clash_arena,493,95,1,130.338000,0,0,,,0,0,672
astar-jps-mpsp,no_roads,clash_arena,29,568,1,102.725000,0,0,,,0,0,672
astar-jps-mpsp,no_roads,clash_arena,211,192,1,29.185000,1,1,1.000000,1,6,2,672
astar-jps-mpsp,no_roads,clash_arena,178,117,1,45.805000,1,1,1.000000,1,9,3,672
astar-jps-mpsp,no_roads,clash_arena,564,90,1,88.536000,0,0,,,0,0,672
astar-jps-mpsp,no_roads,clash_arena,516,568,1,45.438000,1,1,1.000000,1,39,13,672
astar-jps-mpsp,no_roads,clash_arena,433,76,1,56.226000,0,0,,,0,0,672
astar-jps-mpsp,no_roads,clash_arena,463,306,1,68.407000,0,0,,,0,0,672
astar-jps-mpsp,no_roads,clash_arena,33,32,1,20.815000,1,1,1.000000,1,3,1,672
astar-jps-mpsp,no_roads,clash_arena,80,175,1,49.756000,1,1,1.000000,1,39,13,672
astar-jps-mpsp,no_roads,clash_arena,183,408,1,57.094000,0,0,,,0,0,672
astar-jps-mpsp,no_roads,clash_arena,470,30,1,56.719000,0,0,,,0,0,672
astar-jps-mpsp,no_roads,clash_arena,444,161,1,41.527000,0,0,,,0,0,672
astar-jps-mpsp,no_roads,clash_arena,547,498,1,28.396000,1,1,1.000000,1,45,15,672
astar-jps-mpsp,no_roads,clash_arena,535,433,1,23.484000,1,1,1.000000,1,15,5,672
astar-jps-mpsp,no_roads,clash_arena,304,176,1,43.972000,1,1,1.000000,1,18,6,672
astar-jps-mpsp,no_roads,clash_arena,369,460,1,59.810000,1,1,1.000000,1,78,26,672
astar-jps-mpsp,no_roads,clash_arena,213,620,1,47.992000,0,0,,,0,0,672
astar-jps-mpsp,no_roads,clash_arena,11,580,1,32.470000,0,0,,,0,0,672
astar-jps-mpsp,no_roads,clash_arena,618,135,1,32.925000,0,0,,,0,0,672
astar-jps-mpsp,with_roads,clash_arena,493,95,1,115.631000,0,0,,,0,0,672
astar-jps-mpsp,with_roads,clash_arena,29,568,1,95.050000,0,0,,,0,0,672
astar-jps-mpsp,with_roads,clash_arena,211,192,1,27.056000,1,1,1.000000,1,6,2,672
astar-jps-mpsp,with_roads,clash_arena,178,117,1,43.669000,1,1,1.000000,1,9,3,672
astar-jps-mpsp,with_roads,clash_arena,564,90,1,75.896000,0,0,,,0,0,672
astar-jps-mpsp,with_roads,clash_arena,516,568,1,40.446000,1,1,1.000000,1,39,13,672
astar-jps-mpsp,with_roads,clash_arena,433,76,1,49.051000,0,0,,,0,0,672
astar-jps-mpsp,with_roads,clash_arena,463,306,1,59.769000,0,0,,,0,0,672
astar-jps-mpsp,with_roads,clash_arena,33,32,1,20.166000,1,1,1.000000,1,3,1,672
astar-jps-mpsp,with_roads,clash_arena,80,175,1,45.036000,1,1,1.000000,1,39,13,672
astar-jps-mpsp,with_roads,clash_arena,183,408,1,50.931000,0,0,,,0,0,672
astar-jps-mpsp,with_roads,clash_arena,470,30,1,49.427000,0,0,,,0,0,672
astar-jps-mpsp,with_roads,clash_arena,444,161,1,35.878000,0,0,,,0,0,672
astar-jps-mpsp,with_roads,clash_arena,547,498,1,24.519000,1,1,1.000000,1,45,15,672
astar-jps-mpsp,with_roads,clash_arena,535,433,1,21.556000,1,1,1.000000,1,15,5,672
astar-jps-mpsp,with_roads,clash_arena,304,176,1,40.758000,1,1,1.000000,1,18,6,672
astar-jps-mpsp,with_roads,clash_arena,369,460,1,51.533000,1,1,1.000000,1,78,26,672
astar-jps-mpsp,with_roads,clash_arena,213,620,1,44.390000,0,0,,,0,0,672
astar-jps-mpsp,with_roads,clash_arena,11,580,1,31.220000,0,0,,,0,0,672
astar-jps-mpsp,with_roads,clash_arena,618,135,1,27.251000,0,0,,,0,0,672
astar-jps-mpsp,no_roads,climbing_wall,780,127,1,81.958000,1,1,1.000000,1,99,33,1000
astar-jps-mpsp,no_roads,climbing_wall,25,911,1,463.060000,1,1,1.000000,1,144,48,1000
astar-jps-mpsp,no_roads,climbing_wall,331,294,1,34.637000,1,1,1.000000,1,9,3,1000
astar-jps-mpsp,no_roads,climbing_wall,267,164,1,45.356000,1,1,1.000000,1,15,5,1000
astar-jps-mpsp,no_roads,climbing_wall,904,114,1,276.153000,1,1,1.000000,1,144,48,1000
astar-jps-mpsp,no_roads,climbing_wall,827,908,1,27.634000,1,1,1.000000,1,12,4,1000
astar-jps-mpsp,no_roads,climbing_wall,658,97,1,79.394000,1,1,1.000000,1,84,28,1000
astar-jps-mpsp,no_roads,climbing_wall,718,508,1,382.589000,1,1,1.000000,1,171,57,1000
astar-jps-mpsp,no_roads,climbing_wall,32,30,1,19.540000,1,1,1.000000,1,6,2,1000
astar-jps-mpsp,no_roads,climbing_wall,103,261,1,25.966000,1,1,1.000000,1,24,8,1000
astar-jps-mpsp,no_roads,climbing_wall,280,613,1,215.028000,1,1,1.000000,1,123,41,1000
astar-jps-mpsp,no_roads,climbing_wall,732,27,1,116.522000,1,1,1.000000,1,111,37,1000
astar-jps-mpsp,no_roads,climbing_wall,678,239,1,38.651000,1,1,1.000000,1,66,22,1000
astar-jps-mpsp,no_roads,climbing_wall,877,793,1,23.811000,1,1,1.000000,1,12,4,1000
astar-jps-mpsp,no_roads,climbing_wall,858,658,1,35.096000,1,1,1.000000,1,30,10,1000
astar-jps-mpsp,no_roads,climbing_wall,505,263,1,37.634000,1,1,1.000000,1,36,12,1000
astar-jps-mpsp,no_roads,climbing_wall,539,716,1,42.033000,1,1,1.000000,1,27,9,1000
astar-jps-mpsp,no_roads,climbing_wall,334,986,1,209.975000,1,1,1.000000,1,186,62,1000
astar-jps-mpsp,no_roads,climbing_wall,6,931,1,202.704000,1,1,1.000000,1,144,48,1000
astar-jps-mpsp,no_roads,climbing_wall,983,188,1,58.417000,1,1,1.000000,1,120,40,1000
astar-jps-mpsp,with_roads,climbing_wall,780,127,1,84.368000,1,1,1.140845,1,81,33,1000
astar-jps-mpsp,with_roads,climbing_wall,25,911,1,473.579000,1,1,1.454545,0,128,48,1000
astar-jps-mpsp,with_roads,climbing_wall,331,294,1,35.146000,1,1,1.285714,0,9,3,1000
astar-jps-mpsp,with_roads,climbing_wall,267,164,1,37.842000,1,1,1.000000,1,15,5,1000
astar-jps-mpsp,with_roads,climbing_wall,904,114,1,286.258000,1,1,1.408163,1,138,48,1000
astar-jps-mpsp,with_roads,climbing_wall,827,908,1,26.910000,1,1,1.000000,1,12,4,1000
astar-jps-mpsp,with_roads,climbing_wall,658,97,1,79.323000,1,1,1.444444,1,78,28,1000
astar-jps-mpsp,with_roads,climbing_wall,718,508,1,396.336000,1,1,1.377551,1,135,57,1000
astar-jps-mpsp,with_roads,climbing_wall,32,30,1,19.440000,1,1,1.000000,1,6,2,1000
astar-jps-mpsp,with_roads,climbing_wall,103,261,1,26.650000,1,1,1.500000,1,24,8,1000
astar-jps-mpsp,with_roads,climbing_wall,280,613,1,226.081000,1,1,1.793651,0,113,41,1000
astar-jps-mpsp,with_roads,climbing_wall,732,27,1,121.513000,1,1,1.542373,1,91,37,1000
astar-jps-mpsp,with_roads,climbing_wall,678,239,1,39.074000,1,1,1.250000,1,60,22,1000
astar-jps-mpsp,with_roads,climbing_wall,877,793,1,22.690000,1,1,1.000000,1,12,4,1000
astar-jps-mpsp,with_roads,climbing_wall,858,658,1,32.849000,1,1,1.000000,1,30,10,1000
astar-jps-mpsp,with_roads,climbing_wall,505,263,1,35.140000,1,1,1.700000,1,34,12,1000
astar-jps-mpsp,with_roads,climbing_wall,539,716,1,46.304000,1,1,1.000000,1,27,9,1000
astar-jps-mpsp,with_roads,climbing_wall,334,986,1,212.636000,1,1,1.372881,0,162,62,1000
astar-jps-mpsp,with_roads,climbing_wall,6,931,1,209.153000,1,1,1.422222,0,128,48,1000
astar-jps-mpsp,with_roads,climbing_wall,983,188,1,63.153000,1,1,1.191919,1,118,40,1000
astar-jps-mpsp,no_roads,coffee,1738,285,1,216.893000,1,1,1.000000,1,90,30,2500
astar-jps-mpsp,no_roads,coffee,70,2048,1,613.434000,1,1,1.000000,1,141,47,2500
astar-jps-mpsp,no_roads,coffee,746,659,1,309.030000,1,1,1.000000,1,120,40,2500
astar-jps-mpsp,no_roads,coffee,587,353,1,107.909000,1,1,1.000000,1,102,34,2500
astar-jps-mpsp,no_roads,coffee,2035,263,1,363.583000,1,1,1.000000,1,132,44,2500
astar-jps-mpsp,no_roads,coffee,1845,2046,1,71.725000,1,1,1.000000,1,33,11,2500
astar-jps-mpsp,no_roads,coffee,2422,1497,1,158.075000,1,1,1.000000,1,96,32,2500
astar-jps-mpsp,no_roads,coffee,223,1611,1,123.977000,1,1,1.000000,1,84,28,2500
astar-jps-mpsp,no_roads,coffee,1128,88,1,1582.139000,0,0,,,0,0,2500
astar-jps-mpsp,no_roads,coffee,82,243,1,85.243000,1,1,1.000000,1,45,15,2500
astar-jps-mpsp,no_roads,coffee,574,615,1,53.675000,1,1,1.000000,1,33,11,2500
astar-jps-mpsp,no_roads,coffee,1392,1640,1,48.179000,1,1,1.000000,1,15,5,2500
astar-jps-mpsp,no_roads,coffee,73,1540,1,131.819000,1,1,1.000000,1,87,29,2500
astar-jps-mpsp,no_roads,coffee,506,1979,1,428.671000,1,1,1.000000,1,117,39,2500
astar-jps-mpsp,no_roads,coffee,1766,1925,1,88.969000,1,1,1.000000,1,27,9,2500
astar-jps-mpsp,no_roads,coffee,1497,1120,1,386.316000,1,1,1.000000,1,105,35,2500
astar-jps-mpsp,no_roads,coffee,578,1209,1,94.568000,1,1,1.000000,1,57,19,2500
astar-jps-mpsp,no_roads,coffee,1607,755,1,109.683000,1,1,1.000000,1,51,17,2500
astar-jps-mpsp,no_roads,coffee,2216,2367,1,55.528000,1,1,1.000000,1,9,3,2500
astar-jps-mpsp,no_roads,coffee,15,2092,1,460.732000,1,1,1.000000,1,174,58,2500
astar-jps-mpsp,with_roads,coffee,1738,285,1,190.731000,1,1,1.000000,1,90,30,2500
astar-jps-mpsp,with_roads,coffee,70,2048,1,536.149000,1,1,1.000000,1,141,47,2500
astar-jps-mpsp,with_roads,coffee,746,659,1,273.617000,1,1,1.000000,1,120,40,2500
astar-jps-mpsp,with_roads,coffee,587,353,1,98.138000,1,1,1.043478,1,96,34,2500
astar-jps-mpsp,with_roads,coffee,2035,263,1,329.350000,1,1,1.039370,1,132,44,2500
astar-jps-mpsp,with_roads,coffee,1845,2046,1,71.037000,1,1,1.000000,1,33,11,2500
astar-jps-mpsp,with_roads,coffee,2422,1497,1,140.130000,1,1,1.000000,1,96,32,2500
astar-jps-mpsp,with_roads,coffee,223,1611,1,114.225000,1,1,1.235294,0,84,28,2500
astar-jps-mpsp,with_roads,coffee,1128,88,1,1420.352000,0,0,,,0,0,2500
astar-jps-mpsp,with_roads,coffee,82,243,1,72.974000,1,1,1.000000,1,45,15,2500
astar-jps-mpsp,with_roads,coffee,574,615,1,42.222000,1,1,1.000000,1,33,11,2500
astar-jps-mpsp,with_roads,coffee,1392,1640,1,32.247000,1,1,1.000000,1,15,5,2500
astar-jps-mpsp,with_roads,coffee,73,1540,1,99.086000,1,1,1.000000,1,87,29,2500
astar-jps-mpsp,with_roads,coffee,506,1979,1,286.205000,1,1,1.361446,1,113,39,2500
astar-jps-mpsp,with_roads,coffee,1766,1925,1,39.405000,1,1,1.000000,1,27,9,2500
astar-jps-mpsp,with_roads,coffee,1497,1120,1,257.163000,1,1,1.000000,1,105,35,2500
astar-jps-mpsp,with_roads,coffee,578,1209,1,67.738000,1,1,1.000000,1,53,19,2500
astar-jps-mpsp,with_roads,coffee,1607,755,1,77.669000,1,1,1.666667,0,35,17,2500
astar-jps-mpsp,with_roads,coffee,2216,2367,1,39.738000,1,1,1.000000,1,9,3,2500
astar-jps-mpsp,with_roads,coffee,15,2092,1,423.167000,1,1,1.214286,1,170,58,2500
astar-jps-mpsp,no_roads,cold,259,51,1,108.862000,1,1,1.000000,1,42,14,1369
astar-jps-mpsp,no_roads,cold,637,566,1,42.538000,1,1,1.000000,1,9,3,1369
astar-jps-mpsp,no_roads,cold,513,319,1,67.899000,1,1,1.000000,1,27,9,1369
astar-jps-mpsp,no_roads,cold,238,1347,1,173.971000,1,1,1.000000,1,90,30,1369
astar-jps-mpsp,no_roads,cold,201,1054,1,421.334000,1,1,1.000000,1,93,31,1369
astar-jps-mpsp,no_roads,cold,65,61,1,33.577000,1,1,1.000000,1,12,4,1369
astar-jps-mpsp,no_roads,cold,218,501,1,48.403000,1,1,1.000000,1,39,13,1369
astar-jps-mpsp,no_roads,cold,536,1260,1,125.963000,1,1,1.000000,1,69,23,1369
astar-jps-mpsp,no_roads,cold,54,455,1,88.531000,1,1,1.000000,1,39,13,1369
astar-jps-mpsp,no_roads,cold,1347,1049,1,70.899000,1,1,1.000000,1,24,8,1369
astar-jps-mpsp,no_roads,cold,506,1124,1,284.635000,1,1,1.000000,1,81,27,1369
astar-jps-mpsp,no_roads,cold,646,13,1,44.871000,1,1,1.000000,1,51,17,1369
astar-jps-mpsp,no_roads,cold,362,1055,1,332.241000,1,1,1.000000,1,78,26,1369
astar-jps-mpsp,no_roads,cold,784,646,1,57.906000,1,1,1.000000,1,30,10,1369
astar-jps-mpsp,no_roads,cold,354,493,1,55.423000,1,1,1.000000,1,27,9,1369
astar-jps-mpsp,no_roads,cold,776,238,1,115.116000,1,1,1.000000,1,60,20,1369
astar-jps-mpsp,no_roads,cold,216,923,1,60.043000,1,1,1.000000,1,57,19,1369
astar-jps-mpsp,no_roads,cold,225,844,1,86.504000,1,1,1.000000,1,81,27,1369
astar-jps-mpsp,no_roads,cold,792,612,1,17.261000,1,1,1.000000,1,15,5,1369
astar-jps-mpsp,no_roads,cold,88,1148,1,108.550000,1,1,1.000000,1,90,30,1369
astar-jps-mpsp,with_roads,cold,259,51,1,134.004000,1,1,1.176471,1,40,14,1369
astar-jps-mpsp,with_roads,cold,637,566,1,48.426000,1,1,1.000000,1,9,3,1369
astar-jps-mpsp,with_roads,cold,513,319,1,73.486000,1,1,1.000000,1,27,9,1369
astar-jps-mpsp,with_roads,cold,238,1347,1,185.594000,1,1,1.375000,1,88,30,1369
astar-jps-mpsp,with_roads,cold,201,1054,1,407.739000,1,1,1.750000,1,91,31,1369
astar-jps-mpsp,with_roads,cold,65,61,1,33.971000,1,1,1.000000,1,12,4,1369
astar-jps-mpsp,with_roads,cold,218,501,1,42.512000,1,1,1.000000,1,39,13,1369
astar-jps-mpsp,with_roads,cold,536,1260,1,102.140000,1,1,1.000000,1,69,23,1369
astar-jps-mpsp,with_roads,cold,54,455,1,54.066000,1,1,1.083333,1,39,13,1369
astar-jps-mpsp,with_roads,cold,1347,1049,1,47.740000,1,1,1.000000,1,24,8,1369
astar-jps-mpsp,with_roads,cold,506,1124,1,210.600000,1,1,1.410714,1,79,27,1369
astar-jps-mpsp,with_roads,cold,646,13,1,35.720000,1,1,1.484848,0,49,17,1369
astar-jps-mpsp,with_roads,cold,362,1055,1,259.579000,1,1,1.320755,0,70,26,1369
astar-jps-mpsp,with_roads,cold,784,646,1,43.790000,1,1,1.000000,1,30,10,1369
astar-jps-mpsp,with_roads,cold,354,493,1,36.741000,1,1,1.190476,1,25,9,1369
astar-jps-mpsp,with_roads,cold,776,238,1,88.305000,1,1,1.395349,1,60,20,1369
astar-jps-mpsp,with_roads,cold,216,923,1,68.602000,1,1,1.000000,1,57,19,1369
astar-jps-mpsp,with_roads,cold,225,844,1,105.219000,1,1,2.333333,0,77,27,1369
astar-jps-mpsp,with_roads,cold,792,612,1,18.716000,1,1,1.000000,1,15,5,1369
astar-jps-mpsp,with_roads,cold,88,1148,1,119.225000,1,1,1.047619,1,88,30,1369
astar-jps-mpsp,no_roads,corridors,867,121,1,73.694000,1,1,1.000000,1,72,24,961
astar-jps-mpsp,no_roads,corridors,25,349,1,143.930000,1,1,1.000000,1,69,23,961
astar-jps-mpsp,no_roads,corridors,307,278,1,26.875000,1,1,1.000000,1,6,2,961
astar-jps-mpsp,no_roads,corridors,156,107,1,55.531000,1,1,1.000000,1,42,14,961
astar-jps-mpsp,no_roads,corridors,905,743,1,141.298000,1,1,1.000000,1,78,26,961
astar-jps-mpsp,no_roads,corridors,89,803,1,92.525000,1,1,1.000000,1,69,23,961
astar-jps-mpsp,no_roads,corridors,559,32,1,52.938000,1,1,1.000000,1,51,17,961
astar-jps-mpsp,no_roads,corridors,30,95,1,43.508000,1,1,1.000000,1,84,28,961
astar-jps-mpsp,no_roads,corridors,272,291,1,82.002000,1,1,1.000000,1,63,21,961
astar-jps-mpsp,no_roads,corridors,680,818,1,94.893000,1,1,1.000000,1,66,22,961
astar-jps-mpsp,no_roads,corridors,27,764,1,125.751000,1,1,1.000000,1,78,26,961
astar-jps-mpsp,no_roads,corridors,245,946,1,73.872000,1,1,1.000000,1,96,32,961
astar-jps-mpsp,no_roads,corridors,878,931,1,40.770000,1,1,1.000000,1,27,9,961
astar-jps-mpsp,no_roads,corridors,743,556,1,21.773000,1,1,1.000000,1,18,6,961
astar-jps-mpsp,no_roads,corridors,274,597,1,222.688000,1,1,1.000000,1,105,35,961
astar-jps-mpsp,no_roads,corridors,801,355,1,301.789000,1,1,1.000000,1,84,28,961
astar-jps-mpsp,no_roads,corridors,6,184,1,86.974000,1,1,1.000000,1,72,24,961
astar-jps-mpsp,no_roads,corridors,927,559,1,227.337000,1,1,1.000000,1,105,35,961
astar-jps-mpsp,no_roads,corridors,443,355,1,139.869000,1,1,1.000000,1,63,21,961
astar-jps-mpsp,no_roads,corridors,179,268,1,45.290000,1,1,1.000000,1,27,9,961
astar-jps-mpsp,with_roads,corridors,867,121,1,67.095000,1,1,1.000000,1,72,24,961
astar-jps-mpsp,with_roads,corridors,25,349,1,152.223000,1,1,1.226415,1,65,23,961
astar-jps-mpsp,with_roads,corridors,307,278,1,26.652000,1,1,1.000000,1,6,2,961
astar-jps-mpsp,with_roads,corridors,156,107,1,64.568000,1,1,1.615385,1,42,14,961
astar-jps-mpsp,with_roads,corridors,905,743,1,126.194000,1,1,1.000000,1,78,26,961
astar-jps-mpsp,with_roads,corridors,89,803,1,114.504000,1,1,1.000000,1,69,23,961
astar-jps-mpsp,with_roads,corridors,559,32,1,66.844000,1,1,1.000000,1,51,17,961
astar-jps-mpsp,with_roads,corridors,30,95,1,51.616000,1,1,1.538462,1,80,28,961
astar-jps-mpsp,with_roads,corridors,272,291,1,105.110000,1,1,1.113208,1,59,21,961
astar-jps-mpsp,with_roads,corridors,680,818,1,114.624000,1,1,1.000000,1,66,22,961
astar-jps-mpsp,with_roads,corridors,27,764,1,144.518000,1,1,1.444444,1,78,26,961
astar-jps-mpsp,with_roads,corridors,245,946,1,96.064000,1,1,1.066667,0,96,32,961
astar-jps-mpsp,with_roads,corridors,878,931,1,49.754000,1,1,1.000000,1,27,9,961
astar-jps-mpsp,with_roads,corridors,743,556,1,28.238000,1,1,1.000000,1,18,6,961
astar-jps-mpsp,with_roads,corridors,274,597,1,288.060000,1,1,1.134831,1,101,35,961
astar-jps-mpsp,with_roads,corridors,801,355,1,218.717000,1,1,1.000000,1,84,28,961
astar-jps-mpsp,with_roads,corridors,6,184,1,71.275000,1,1,1.545455,0,68,24,961
astar-jps-mpsp,with_roads,corridors,927,559,1,205.174000,1,1,1.000000,1,105,35,961
astar-jps-mpsp,with_roads,corridors,443,355,1,124.178000,1,1,1.000000,1,63,21,961
astar-jps-mpsp,with_roads,corridors,179,268,1,41.381000,1,1,1.000000,1,19,9,961
astar-jps-mpsp,no_roads,craters,1136,308,1,423.591000,1,1,1.000000,1,102,34,1500
astar-jps-mpsp,no_roads,craters,120,1330,1,509.628000,1,1,1.000000,1,90,30,1500
astar-jps-mpsp,no_roads,craters,555,505,1,34.107000,1,1,1.000000,1,3,1,1500
astar-jps-mpsp,no_roads,craters,471,345,1,165.695000,1,1,1.000000,1,81,27,1500
astar-jps-mpsp,no_roads,craters,1319,289,1,356.817000,1,1,1.000000,1,102,34,1500
astar-jps-mpsp,no_roads,craters,1202,1329,1,314.800000,1,1,1.000000,1,87,29,1500
astar-jps-mpsp,no_roads,craters,997,269,1,374.350000,1,1,1.000000,1,87,29,1500
astar-jps-mpsp,no_roads,craters,1061,794,1,211.362000,1,1,1.000000,1,99,33,1500
astar-jps-mpsp,no_roads,craters,144,136,1,124.288000,1,1,1.000000,1,39,13,1500
astar-jps-mpsp,no_roads,craters,278,466,1,60.451000,1,1,1.000000,1,36,12,1500
astar-jps-mpsp,no_roads,craters,485,932,1,65.216000,1,1,1.000000,1,27,9,1500
astar-jps-mpsp,no_roads,craters,1084,127,1,124.925000,1,1,1.000000,1,57,19,1500
astar-jps-mpsp,no_roads,craters,1019,437,1,205.655000,1,1,1.000000,1,81,27,1500
astar-jps-mpsp,no_roads,craters,1275,1157,1,56.833000,1,1,1.000000,1,54,18,1500
astar-jps-mpsp,no_roads,craters,1242,997,1,70.774000,1,1,1.000000,1,18,6,1500
astar-jps-mpsp,no_roads,craters,788,468,1,215.179000,1,1,1.000000,1,69,23,1500
astar-jps-mpsp,no_roads,craters,835,1058,1,326.795000,1,1,1.000000,1,99,33,1500
astar-jps-mpsp,no_roads,craters,559,67,1,114.790000,1,1,1.000000,1,33,11,1500
astar-jps-mpsp,no_roads,craters,1368,382,1,189.424000,1,1,1.000000,1,87,29,1500
astar-jps-mpsp,no_roads,craters,1237,794,1,46.152000,1,1,1.000000,1,27,9,1500
astar-jps-mpsp,with_roads,craters,1136,308,1,269.378000,1,1,1.397260,1,102,34,1500
astar-jps-mpsp,with_roads,craters,120,1330,1,308.080000,1,1,1.000000,1,80,30,1500
astar-jps-mpsp,with_roads,craters,555,505,1,18.707000,1,1,1.000000,1,3,1,1500
astar-jps-mpsp,with_roads,craters,471,345,1,91.602000,1,1,1.170213,1,55,27,1500
astar-jps-mpsp,with_roads,craters,1319,289,1,225.723000,1,1,1.204819,0,100,34,1500
astar-jps-mpsp,with_roads,craters,1202,1329,1,161.918000,1,1,1.000000,1,87,29,1500
astar-jps-mpsp,with_roads,craters,997,269,1,193.606000,1,1,1.145455,1,63,29,1500
astar-jps-mpsp,with_roads,craters,1061,794,1,102.989000,1,1,1.053191,0,99,33,1500
astar-jps-mpsp,with_roads,craters,144,136,1,60.004000,1,1,1.054054,1,39,13,1500
astar-jps-mpsp,with_roads,craters,278,466,1,29.125000,1,1,1.047619,1,22,12,1500
astar-jps-mpsp,with_roads,craters,485,932,1,29.036000,1,1,1.000000,1,27,9,1500
astar-jps-mpsp,with_roads,craters,1084,127,1,106.379000,1,1,1.000000,1,53,19,1500
astar-jps-mpsp,with_roads,craters,1019,437,1,138.598000,1,1,1.265625,1,81,27,1500
astar-jps-mpsp,with_roads,craters,1275,1157,1,27.703000,1,1,1.000000,1,54,18,1500
astar-jps-mpsp,with_roads,craters,1242,997,1,26.395000,1,1,1.000000,1,18,6,1500
astar-jps-mpsp,with_roads,craters,788,468,1,107.192000,1,1,1.000000,1,55,23,1500
astar-jps-mpsp,with_roads,craters,835,1058,1,168.817000,1,1,1.100000,1,99,33,1500
astar-jps-mpsp,with_roads,craters,559,67,1,63.277000,1,1,1.192308,1,31,11,1500
astar-jps-mpsp,with_roads,craters,1368,382,1,108.777000,1,1,1.115385,1,87,29,1500
astar-jps-mpsp,with_roads,craters,1237,794,1,23.627000,1,1,1.000000,1,27,9,1500
astar-jps-mpsp,no_roads,cubes,1665,300,1,222.580000,1,1,1.000000,1,93,31,2500
astar-jps-mpsp,no_roads,cubes,55,1925,1,141.891000,1,1,1.000000,1,111,37,2500
astar-jps-mpsp,no_roads,cubes,735,665,1,504.443000,1,1,1.000000,1,120,40,2500
astar-jps-mpsp,no_roads,cubes,612,384,1,511.561000,1,1,1.000000,1,144,48,2500
astar-jps-mpsp,no_roads,cubes,1912,280,1,108.345000,1,1,1.000000,1,102,34,2500
astar-jps-mpsp,no_roads,cubes,1770,1923,1,57.053000,1,1,1.000000,1,9,3,2500
astar-jps-mpsp,no_roads,cubes,2357,1420,1,274.328000,1,1,1.000000,1,84,28,2500
astar-jps-mpsp,no_roads,cubes,232,1540,1,85.351000,1,1,1.000000,1,78,26,2500
astar-jps-mpsp,no_roads,cubes,1120,78,1,58.503000,1,1,1.000000,1,69,23,2500
astar-jps-mpsp,no_roads,cubes,74,246,1,176.582000,1,1,1.000000,1,141,47,2500
astar-jps-mpsp,no_roads,cubes,601,635,1,272.461000,1,1,1.000000,1,147,49,2500
astar-jps-mpsp,no_roads,cubes,1321,1580,1,71.422000,1,1,1.000000,1,36,12,2500
astar-jps-mpsp,no_roads,cubes,66,1457,1,56.329000,1,1,1.000000,1,84,28,2500
astar-jps-mpsp,no_roads,cubes,544,1863,1,378.445000,1,1,1.000000,1,159,53,2500
astar-jps-mpsp,no_roads,cubes,1707,1827,1,90.728000,1,1,1.000000,1,72,24,2500
astar-jps-mpsp,no_roads,cubes,1420,1115,1,25.064000,1,1,1.000000,1,18,6,2500
astar-jps-mpsp,no_roads,cubes,605,1188,1,85.112000,1,1,1.000000,1,111,37,2500
astar-jps-mpsp,no_roads,cubes,1537,741,1,47.718000,1,1,1.000000,1,48,16,2500
astar-jps-mpsp,no_roads,cubes,2114,2292,1,379.777000,1,1,1.000000,1,171,57,2500
astar-jps-mpsp,no_roads,cubes,13,1988,1,228.903000,1,1,1.000000,1,165,55,2500
astar-jps-mpsp,with_roads,cubes,1665,300,1,221.642000,1,1,1.131148,1,69,31,2500
astar-jps-mpsp,with_roads,cubes,55,1925,1,142.786000,1,1,1.356164,0,99,37,2500
astar-jps-mpsp,with_roads,cubes,735,665,1,480.958000,1,1,1.147059,1,78,40,2500
astar-jps-mpsp,with_roads,cubes,612,384,1,494.754000,1,1,1.363636,1,120,48,2500
astar-jps-mpsp,with_roads,cubes,1912,280,1,85.523000,1,1,1.000000,1,100,34,2500
astar-jps-mpsp,with_roads,cubes,1770,1923,1,24.629000,1,1,1.000000,1,9,3,2500
astar-jps-mpsp,with_roads,cubes,2357,1420,1,154.693000,1,1,1.000000,1,84,28,2500
astar-jps-mpsp,with_roads,cubes,232,1540,1,52.993000,1,1,1.200000,1,78,26,2500
astar-jps-mpsp,with_roads,cubes,1120,78,1,48.910000,1,1,1.014706,0,69,23,2500
astar-jps-mpsp,with_roads,cubes,74,246,1,154.639000,1,1,1.036765,1,141,47,2500
astar-jps-mpsp,with_roads,cubes,601,635,1,285.860000,1,1,1.433735,1,119,49,2500
astar-jps-mpsp,with_roads,cubes,1321,1580,1,60.636000,1,1,1.285714,0,36,12,2500
astar-jps-mpsp,with_roads,cubes,66,1457,1,54.500000,1,1,1.176471,1,80,28,2500
astar-jps-mpsp,with_roads,cubes,544,1863,1,334.362000,1,1,1.201550,1,155,53,2500
astar-jps-mpsp,with_roads,cubes,1707,1827,1,79.676000,1,1,1.000000,1,72,24,2500
astar-jps-mpsp,with_roads,cubes,1420,1115,1,18.639000,1,1,1.125000,1,18,6,2500
astar-jps-mpsp,with_roads,cubes,605,1188,1,80.495000,1,1,1.765957,0,83,37,2500
astar-jps-mpsp,with_roads,cubes,1537,741,1,41.670000,1,1,1.210526,1,46,16,2500
astar-jps-mpsp,with_roads,cubes,2114,2292,1,345.962000,1,1,1.369748,1,163,57,2500
astar-jps-mpsp,with_roads,cubes,13,1988,1,211.169000,1,1,1.643678,1,143,55,2500
astar-jps-mpsp,no_roads,default_large1,1441,264,1,163.611000,1,1,1.000000,1,93,31,1600
astar-jps-mpsp,no_roads,default_large1,53,627,1,83.897000,1,1,1.000000,1,45,15,1600
astar-jps-mpsp,no_roads,default_large1,563,516,1,96.146000,1,1,1.000000,1,99,33,1600
astar-jps-mpsp,no_roads,default_large1,326,242,1,31.741000,1,1,1.000000,1,12,4,1600
astar-jps-mpsp,no_roads,default_large1,1539,1226,1,71.050000,1,1,1.000000,1,36,12,1600
astar-jps-mpsp,no_roads,default_large1,207,1329,1,82.461000,1,1,1.000000,1,84,28,1600
astar-jps-mpsp,no_roads,default_large1,956,67,1,219.234000,1,1,1.000000,1,75,25,1600
astar-jps-mpsp,no_roads,default_large1,63,222,1,95.585000,1,1,1.000000,1,45,15,1600
astar-jps-mpsp,no_roads,default_large1,506,536,1,59.938000,1,1,1.000000,1,30,10,1600
astar-jps-mpsp,no_roads,default_large1,1136,1355,1,86.687000,1,1,1.000000,1,57,19,1600
astar-jps-mpsp,no_roads,default_large1,56,1262,1,195.609000,1,1,1.000000,1,90,30,1600
astar-jps-mpsp,no_roads,default_large1,461,1467,1,235.588000,1,1,1.000000,1,75,25,1600
astar-jps-mpsp,no_roads,default_large1,1592,1226,1,180.446000,1,1,1.000000,1,45,15,1600
astar-jps-mpsp,no_roads,default_large1,951,510,1,64.224000,1,1,1.000000,1,33,11,1600
astar-jps-mpsp,no_roads,default_large1,1012,1326,1,55.279000,1,1,1.000000,1,24,8,1600
astar-jps-mpsp,no_roads,default_large1,633,13,1,68.450000,1,1,1.000000,1,60,20,1600
astar-jps-mpsp,no_roads,default_large1,372,1585,1,96.139000,1,1,1.000000,1,90,30,1600
astar-jps-mpsp,no_roads,default_large1,957,773,1,55.628000,1,1,1.000000,1,72,24,1600
astar-jps-mpsp,no_roads,default_large1,633,362,1,90.134000,1,1,1.000000,1,93,31,1600
astar-jps-mpsp,no_roads,default_large1,497,766,1,67.873000,1,1,1.000000,1,33,11,1600
astar-jps-mpsp,with_roads,default_large1,1441,264,1,191.257000,1,1,1.246575,1,91,31,1600
astar-jps-mpsp,with_roads,default_large1,53,627,1,98.091000,1,1,1.051282,0,41,15,1600
astar-jps-mpsp,with_roads,default_large1,563,516,1,127.860000,1,1,1.736842,0,99,33,1600
astar-jps-mpsp,with_roads,default_large1,326,242,1,48.828000,1,1,1.000000,1,12,4,1600
astar-jps-mpsp,with_roads,default_large1,1539,1226,1,104.598000,1,1,1.000000,1,36,12,1600
astar-jps-mpsp,with_roads,default_large1,207,1329,1,130.834000,1,1,1.750000,0,84,28,1600
astar-jps-mpsp,with_roads,default_large1,956,67,1,290.128000,1,1,1.237288,1,73,25,1600
astar-jps-mpsp,with_roads,default_large1,63,222,1,73.268000,1,1,1.242424,1,41,15,1600
astar-jps-mpsp,with_roads,default_large1,506,536,1,56.691000,1,1,1.000000,1,30,10,1600
astar-jps-mpsp,with_roads,default_large1,1136,1355,1,90.159000,1,1,1.000000,1,57,19,1600
astar-jps-mpsp,with_roads,default_large1,56,1262,1,228.703000,1,1,1.061728,1,86,30,1600
astar-jps-mpsp,with_roads,default_large1,461,1467,1,458.518000,1,1,1.000000,1,75,25,1600
astar-jps-mpsp,with_roads,default_large1,1592,1226,1,206.903000,1,1,1.000000,1,45,15,1600
astar-jps-mpsp,with_roads,default_large1,951,510,1,48.527000,1,1,1.000000,1,33,11,1600
astar-jps-mpsp,with_roads,default_large1,1012,1326,1,37.842000,1,1,1.100000,1,22,8,1600
astar-jps-mpsp,with_roads,default_large1,633,13,1,47.449000,1,1,1.470588,0,50,20,1600
astar-jps-mpsp,with_roads,default_large1,372,1585,1,70.185000,1,1,1.058824,0,90,30,1600
astar-jps-mpsp,with_roads,default_large1,957,773,1,44.935000,1,1,1.000000,1,72,24,1600
astar-jps-mpsp,with_roads,default_large1,633,362,1,70.804000,1,1,1.576271,0,93,31,1600
astar-jps-mpsp,with_roads,default_large1,497,766,1,52.187000,1,1,1.000000,1,33,11,1600
astar-jps-mpsp,no_roads,default_large2,238,51,1,93.203000,1,1,1.000000,1,111,37,1500
astar-jps-mpsp,no_roads,default_large2,659,587,1,204.600000,1,1,1.000000,1,102,34,1500
astar-jps-mpsp,no_roads,default_large2,541,303,1,165.829000,1,1,1.000000,1,135,45,1500
astar-jps-mpsp,no_roads,default_large2,218,1306,1,91.258000,1,1,1.000000,1,66,22,1500
astar-jps-mpsp,no_roads,default_large2,184,1443,1,77.386000,1,1,1.000000,1,75,25,1500
astar-jps-mpsp,no_roads,default_large2,1008,65,1,99.410000,1,1,1.000000,1,57,19,1500
astar-jps-mpsp,no_roads,default_large2,61,197,1,77.543000,1,1,1.000000,1,108,36,1500
astar-jps-mpsp,no_roads,default_large2,529,562,1,55.298000,1,1,1.000000,1,51,17,1500
astar-jps-mpsp,no_roads,default_large2,1212,1466,1,104.393000,1,1,1.000000,1,33,11,1500
astar-jps-mpsp,no_roads,default_large2,54,1351,1,103.640000,1,1,1.000000,1,78,26,1500
astar-jps-mpsp,no_roads,default_large2,483,1306,1,198.531000,1,1,1.000000,1,81,27,1500
astar-jps-mpsp,no_roads,default_large2,1003,533,1,111.595000,1,1,1.000000,1,90,30,1500
astar-jps-mpsp,no_roads,default_large2,1073,1440,1,71.659000,1,1,1.000000,1,51,17,1500
astar-jps-mpsp,no_roads,default_large2,667,13,1,43.281000,1,1,1.000000,1,39,13,1500
astar-jps-mpsp,no_roads,default_large2,365,1009,1,40.010000,1,1,1.000000,1,39,13,1500
astar-jps-mpsp,no_roads,default_large2,815,667,1,21.251000,1,1,1.000000,1,9,3,1500
astar-jps-mpsp,no_roads,default_large2,354,522,1,70.134000,1,1,1.000000,1,60,20,1500
astar-jps-mpsp,no_roads,default_large2,805,218,1,46.436000,1,1,1.000000,1,54,18,1500
astar-jps-mpsp,no_roads,default_large2,195,912,1,115.718000,1,1,1.000000,1,105,35,1500
astar-jps-mpsp,no_roads,default_large2,204,863,1,46.488000,1,1,1.000000,1,57,19,1500
astar-jps-mpsp,with_roads,default_large2,238,51,1,64.799000,1,1,1.758065,0,109,37,1500
astar-jps-mpsp,with_roads,default_large2,659,587,1,153.845000,1,1,1.362319,0,94,34,1500
astar-jps-mpsp,with_roads,default_large2,541,303,1,121.516000,1,1,1.705128,0,133,45,1500
astar-jps-mpsp,with_roads,default_large2,218,1306,1,66.453000,1,1,1.032258,1,64,22,1500
astar-jps-mpsp,with_roads,default_large2,184,1443,1,53.133000,1,1,1.131148,1,69,25,1500
astar-jps-mpsp,with_roads,default_large2,1008,65,1,72.096000,1,1,1.177778,1,53,19,1500
astar-jps-mpsp,with_roads,default_large2,61,197,1,53.074000,1,1,1.317073,0,108,36,1500
astar-jps-mpsp,with_roads,default_large2,529,562,1,38.504000,1,1,2.142857,1,45,17,1500
astar-jps-mpsp,with_roads,default_large2,1212,1466,1,69.885000,1,1,1.000000,1,33,11,1500
astar-jps-mpsp,with_roads,default_large2,54,1351,1,54.725000,1,1,1.238095,0,78,26,1500
astar-jps-mpsp,with_roads,default_large2,483,1306,1,100.777000,1,1,1.132353,1,77,27,1500
astar-jps-mpsp,with_roads,default_large2,1003,533,1,55.858000,1,1,1.312500,1,84,30,1500
astar-jps-mpsp,with_roads,default_large2,1073,1440,1,46.170000,1,1,1.000000,1,51,17,1500
astar-jps-mpsp,with_roads,default_large2,667,13,1,37.855000,1,1,1.318182,1,29,13,1500
astar-jps-mpsp,with_roads,default_large2,365,1009,1,25.777000,1,1,1.057143,1,37,13,1500
astar-jps-mpsp,with_roads,default_large2,815,667,1,17.116000,1,1,1.000000,1,9,3,1500
astar-jps-mpsp,with_roads,default_large2,354,522,1,63.179000,1,1,1.500000,1,48,20,1500
astar-jps-mpsp,with_roads,default_large2,805,218,1,43.744000,1,1,1.040000,1,52,18,1500
astar-jps-mpsp,with_roads,default_large2,195,912,1,116.253000,1,1,1.174419,1,101,35,1500
astar-jps-mpsp,with_roads,default_large2,204,863,1,49.034000,1,1,1.540541,0,57,19,1500
astar-jps-mpsp,no_roads,default_medium1,724,119,1,143.765000,1,1,1.000000,1,87,29,900
astar-jps-mpsp,no_roads,default_medium1,25,843,1,167.937000,1,1,1.000000,1,93,31,900
astar-jps-mpsp,no_roads,default_medium1,311,279,1,24.092000,1,1,1.000000,1,6,2,900
astar-jps-mpsp,no_roads,default_medium1,252,153,1,36.343000,1,1,1.000000,1,27,9,900
astar-jps-mpsp,no_roads,default_medium1,838,109,1,70.024000,1,1,1.000000,1,72,24,900
astar-jps-mpsp,no_roads,default_medium1,766,842,1,46.342000,1,1,1.000000,1,42,14,900
astar-jps-mpsp,no_roads,default_medium1,612,93,1,43.991000,1,1,1.000000,1,51,17,900
astar-jps-mpsp,no_roads,default_medium1,667,481,1,31.909000,1,1,1.000000,1,21,7,900
astar-jps-mpsp,no_roads,default_medium1,32,30,1,21.487000,1,1,1.000000,1,6,2,900
astar-jps-mpsp,no_roads,default_medium1,99,246,1,38.552000,1,1,1.000000,1,21,7,900
astar-jps-mpsp,no_roads,default_medium1,262,570,1,28.750000,1,1,1.000000,1,66,22,900
astar-jps-mpsp,no_roads,default_medium1,679,27,1,56.040000,1,1,1.000000,1,66,22,900
astar-jps-mpsp,no_roads,default_medium1,629,224,1,43.265000,1,1,1.000000,1,45,15,900
astar-jps-mpsp,no_roads,default_medium1,814,737,1,34.022000,1,1,1.000000,1,39,13,900
astar-jps-mpsp,no_roads,default_medium1,798,612,1,16.024000,1,1,1.000000,1,18,6,900
astar-jps-mpsp,no_roads,default_medium1,478,249,1,37.919000,1,1,1.000000,1,57,19,900
astar-jps-mpsp,no_roads,default_medium1,509,665,1,92.838000,1,1,1.000000,1,75,25,900
astar-jps-mpsp,no_roads,default_medium1,314,6,1,20.662000,1,1,1.000000,1,30,10,900
astar-jps-mpsp,no_roads,default_medium1,861,177,1,45.221000,1,1,1.000000,1,69,23,900
astar-jps-mpsp,no_roads,default_medium1,793,481,1,26.814000,1,1,1.000000,1,36,12,900
astar-jps-mpsp,with_roads,default_medium1,724,119,1,217.172000,1,1,1.074074,0,87,29,900
astar-jps-mpsp,with_roads,default_medium1,25,843,1,208.247000,1,1,1.023529,1,87,31,900
astar-jps-mpsp,with_roads,default_medium1,311,279,1,30.977000,1,1,1.000000,1,6,2,900
astar-jps-mpsp,with_roads,default_medium1,252,153,1,46.966000,1,1,1.000000,1,27,9,900
astar-jps-mpsp,with_roads,default_medium1,838,109,1,86.789000,1,1,1.478261,1,68,24,900
astar-jps-mpsp,with_roads,default_medium1,766,842,1,55.840000,1,1,1.000000,1,42,14,900
astar-jps-mpsp,with_roads,default_medium1,612,93,1,57.472000,1,1,1.689655,1,49,17,900
astar-jps-mpsp,with_roads,default_medium1,667,481,1,39.724000,1,1,1.000000,1,21,7,900
astar-jps-mpsp,with_roads,default_medium1,32,30,1,28.793000,1,1,2.000000,0,4,2,900
astar-jps-mpsp,with_roads,default_medium1,99,246,1,45.788000,1,1,1.000000,1,21,7,900
astar-jps-mpsp,with_roads,default_medium1,262,570,1,40.488000,1,1,1.224490,0,60,22,900
astar-jps-mpsp,with_roads,default_medium1,679,27,1,73.520000,1,1,1.200000,1,66,22,900
astar-jps-mpsp,with_roads,default_medium1,629,224,1,56.191000,1,1,1.875000,1,45,15,900
astar-jps-mpsp,with_roads,default_medium1,814,737,1,44.392000,1,1,1.000000,1,39,13,900
astar-jps-mpsp,with_roads,default_medium1,798,612,1,21.408000,1,1,1.000000,1,18,6,900
astar-jps-mpsp,with_roads,default_medium1,478,249,1,50.209000,1,1,1.827586,0,53,19,900
astar-jps-mpsp,with_roads,default_medium1,509,665,1,121.493000,1,1,1.126984,1,71,25,900
astar-jps-mpsp,with_roads,default_medium1,314,6,1,28.852000,1,1,1.400000,1,28,10,900
astar-jps-mpsp,with_roads,default_medium1,861,177,1,60.712000,1,1,1.101695,1,65,23,900
astar-jps-mpsp,with_roads,default_medium1,793,481,1,35.929000,1,1,1.000000,1,36,12,900
astar-jps-mpsp,no_roads,default_medium2,722,122,1,64.668000,1,1,1.000000,1,60,20,900
astar-jps-mpsp,no_roads,default_medium2,25,843,1,251.507000,1,1,1.000000,1,90,30,900
astar-jps-mpsp,no_roads,default_medium2,297,266,1,42.112000,1,1,1.000000,1,3,1,900
astar-jps-mpsp,no_roads,default_medium2,244,152,1,41.103000,1,1,1.000000,1,9,3,900
astar-jps-mpsp,no_roads,default_medium2,838,112,1,139.074000,1,1,1.000000,1,72,24,900
astar-jps-mpsp,no_roads,default_medium2,765,842,1,88.446000,1,1,1.000000,1,39,13,900
astar-jps-mpsp,no_roads,default_medium2,607,93,1,62.139000,1,1,1.000000,1,51,17,900
astar-jps-mpsp,no_roads,default_medium2,658,469,1,63.915000,1,1,1.000000,1,27,9,900
astar-jps-mpsp,no_roads,default_medium2,32,30,1,107.185000,1,1,1.000000,1,6,2,900
astar-jps-mpsp,no_roads,default_medium2,99,239,1,69.477000,1,1,1.000000,1,63,21,900
astar-jps-mpsp,no_roads,default_medium2,254,561,1,54.997000,1,1,1.000000,1,30,10,900
astar-jps-mpsp,no_roads,default_medium2,670,27,1,106.625000,1,1,1.000000,1,75,25,900
astar-jps-mpsp,no_roads,default_medium2,625,218,1,58.430000,1,1,1.000000,1,54,18,900
astar-jps-mpsp,no_roads,default_medium2,815,734,1,48.745000,1,1,1.000000,1,27,9,900
astar-jps-mpsp,no_roads,default_medium2,797,607,1,57.207000,1,1,1.000000,1,33,11,900
astar-jps-mpsp,no_roads,default_medium2,466,241,1,51.514000,1,1,1.000000,1,45,15,900
astar-jps-mpsp,no_roads,default_medium2,498,657,1,42.833000,1,1,1.000000,1,27,9,900
astar-jps-mpsp,no_roads,default_medium2,300,6,1,42.938000,1,1,1.000000,1,30,10,900
astar-jps-mpsp,no_roads,default_medium2,863,175,1,73.405000,1,1,1.000000,1,69,23,900
astar-jps-mpsp,no_roads,default_medium2,793,469,1,46.401000,1,1,1.000000,1,33,11,900
astar-jps-mpsp,with_roads,default_medium2,722,122,1,62.993000,1,1,1.750000,1,56,20,900
astar-jps-mpsp,with_roads,default_medium2,25,843,1,247.138000,1,1,1.036145,1,86,30,900
astar-jps-mpsp,with_roads,default_medium2,297,266,1,29.485000,1,1,1.000000,1,3,1,900
astar-jps-mpsp,with_roads,default_medium2,244,152,1,39.145000,1,1,1.000000,1,3,3,900
astar-jps-mpsp,with_roads,default_medium2,838,112,1,85.683000,1,1,1.000000,1,72,24,900
astar-jps-mpsp,with_roads,default_medium2,765,842,1,79.519000,1,1,1.000000,1,39,13,900
astar-jps-mpsp,with_roads,default_medium2,607,93,1,53.743000,1,1,1.444444,0,39,17,900
astar-jps-mpsp,with_roads,default_medium2,658,469,1,57.063000,1,1,1.000000,1,27,9,900
astar-jps-mpsp,with_roads,default_medium2,32,30,1,31.229000,1,1,1.000000,1,4,2,900
astar-jps-mpsp,with_roads,default_medium2,99,239,1,70.777000,1,1,1.000000,1,63,21,900
astar-jps-mpsp,with_roads,default_medium2,254,561,1,53.719000,1,1,1.000000,1,30,10,900
astar-jps-mpsp,with_roads,default_medium2,670,27,1,103.962000,1,1,1.092308,1,71,25,900
astar-jps-mpsp,with_roads,default_medium2,625,218,1,58.906000,1,1,1.384615,1,54,18,900
astar-jps-mpsp,with_roads,default_medium2,815,734,1,48.966000,1,1,1.000000,1,27,9,900
astar-jps-mpsp,with_roads,default_medium2,797,607,1,56.766000,1,1,1.000000,1,33,11,900
astar-jps-mpsp,with_roads,default_medium2,466,241,1,46.717000,1,1,1.210526,0,23,15,900
astar-jps-mpsp,with_roads,default_medium2,498,657,1,40.286000,1,1,1.000000,1,27,9,900
astar-jps-mpsp,with_roads,default_medium2,300,6,1,39.965000,1,1,1.400000,0,28,10,900
astar-jps-mpsp,with_roads,default_medium2,863,175,1,74.271000,1,1,1.061538,1,69,23,900
astar-jps-mpsp,with_roads,default_medium2,793,469,1,43.870000,1,1,1.064516,1,33,11,900
astar-jps-mpsp,no_roads,default_small1,366,58,1,104.601000,1,1,1.000000,1,48,16,400
astar-jps-mpsp,no_roads,default_small1,12,156,1,49.148000,1,1,1.000000,1,21,7,400
astar-jps-mpsp,no_roads,default_small1,141,127,1,37.675000,1,1,1.000000,1,18,6,400
astar-jps-mpsp,no_roads,default_small1,79,53,1,25.795000,1,1,1.000000,1,18,6,400
astar-jps-mpsp,no_roads,default_small1,386,309,1,26.894000,1,1,1.000000,1,18,6,400
astar-jps-mpsp,no_roads,default_small1,45,341,1,89.884000,1,1,1.000000,1,45,15,400
astar-jps-mpsp,no_roads,default_small1,240,16,1,52.377000,1,1,1.000000,1,48,16,400
astar-jps-mpsp,no_roads,default_small1,15,48,1,18.456000,1,1,1.000000,1,21,7,400
astar-jps-mpsp,no_roads,default_small1,122,135,1,46.110000,1,1,1.000000,1,39,13,400
astar-jps-mpsp,no_roads,default_small1,288,347,1,26.163000,1,1,1.000000,1,9,3,400
astar-jps-mpsp,no_roads,default_small1,13,319,1,48.150000,1,1,1.000000,1,45,15,400
astar-jps-mpsp,no_roads,default_small1,111,371,1,66.526000,1,1,1.000000,1,39,13,400
astar-jps-mpsp,no_roads,default_small1,399,309,1,60.176000,1,1,1.000000,1,30,10,400
astar-jps-mpsp,no_roads,default_small1,238,124,1,47.007000,1,1,1.000000,1,42,14,400
astar-jps-mpsp,no_roads,default_small1,253,340,1,34.498000,1,1,1.000000,1,39,13,400
astar-jps-mpsp,no_roads,default_small1,158,3,1,45.404000,1,1,1.000000,1,45,15,400
astar-jps-mpsp,no_roads,default_small1,91,397,1,45.738000,1,1,1.000000,1,45,15,400
astar-jps-mpsp,no_roads,default_small1,240,193,1,36.732000,1,1,1.000000,1,39,13,400
astar-jps-mpsp,no_roads,default_small1,158,89,1,14.005000,1,1,1.000000,1,27,9,400
astar-jps-mpsp,no_roads,default_small1,121,191,1,33.708000,1,1,1.000000,1,30,10,400
astar-jps-mpsp,with_roads,default_small1,366,58,1,105.551000,1,1,1.000000,1,48,16,400
astar-jps-mpsp,with_roads,default_small1,12,156,1,50.525000,1,1,1.000000,1,21,7,400
astar-jps-mpsp,with_roads,default_small1,141,127,1,36.106000,1,1,1.000000,1,18,6,400
astar-jps-mpsp,with_roads,default_small1,79,53,1,26.834000,1,1,1.000000,1,18,6,400
astar-jps-mpsp,with_roads,default_small1,386,309,1,39.330000,1,1,1.000000,1,18,6,400
astar-jps-mpsp,with_roads,default_small1,45,341,1,90.978000,1,1,1.000000,1,45,15,400
astar-jps-mpsp,with_roads,default_small1,240,16,1,59.079000,1,1,1.000000,1,48,16,400
astar-jps-mpsp,with_roads,default_small1,15,48,1,20.055000,1,1,1.000000,1,21,7,400
astar-jps-mpsp,with_roads,default_small1,122,135,1,43.330000,1,1,1.000000,1,39,13,400
astar-jps-mpsp,with_roads,default_small1,288,347,1,26.631000,1,1,1.000000,1,9,3,400
astar-jps-mpsp,with_roads,default_small1,13,319,1,50.282000,1,1,1.000000,1,45,15,400
astar-jps-mpsp,with_roads,default_small1,111,371,1,65.999000,1,1,1.000000,1,39,13,400
astar-jps-mpsp,with_roads,default_small1,399,309,1,61.170000,1,1,1.000000,1,30,10,400
astar-jps-mpsp,with_roads,default_small1,238,124,1,50.116000,1,1,1.000000,1,42,14,400
astar-jps-mpsp,with_roads,default_small1,253,340,1,36.797000,1,1,1.000000,1,39,13,400
astar-jps-mpsp,with_roads,default_small1,158,3,1,46.716000,1,1,1.114286,1,39,15,400
astar-jps-mpsp,with_roads,default_small1,91,397,1,47.124000,1,1,1.000000,1,45,15,400
astar-jps-mpsp,with_roads,default_small1,240,193,1,37.726000,1,1,1.000000,1,39,13,400
astar-jps-mpsp,with_roads,default_small1,158,89,1,14.681000,1,1,1.000000,1,27,9,400
astar-jps-mpsp,with_roads,default_small1,121,191,1,32.990000,1,1,1.000000,1,30,10,400
astar-jps-mpsp,no_roads,default_small2,393,59,1,89.324000,1,1,1.000000,1,48,16,441
astar-jps-mpsp,no_roads,default_small2,12,164,1,48.240000,1,1,1.000000,1,24,8,441
astar-jps-mpsp,no_roads,default_small2,147,127,1,28.970000,1,1,1.000000,1,3,1,441
astar-jps-mpsp,no_roads,default_small2,74,54,1,15.321000,1,1,1.000000,1,3,1,441
astar-jps-mpsp,no_roads,default_small2,413,338,1,41.798000,1,1,1.000000,1,36,12,441
astar-jps-mpsp,no_roads,default_small2,46,367,1,324.774000,1,1,1.000000,1,63,21,441
astar-jps-mpsp,no_roads,default_small2,252,16,1,127.245000,1,1,1.000000,1,60,20,441
astar-jps-mpsp,no_roads,default_small2,15,49,1,21.344000,1,1,1.000000,1,24,8,441
astar-jps-mpsp,no_roads,default_small2,124,140,1,33.992000,1,1,1.000000,1,15,5,441
astar-jps-mpsp,no_roads,default_small2,313,374,1,34.218000,1,1,1.000000,1,9,3,441
astar-jps-mpsp,no_roads,default_small2,13,349,1,170.994000,1,1,1.000000,1,60,20,441
astar-jps-mpsp,no_roads,default_small2,110,434,1,65.910000,1,1,1.000000,1,48,16,441
astar-jps-mpsp,no_roads,default_small2,398,427,1,53.619000,1,1,1.000000,1,39,13,441
astar-jps-mpsp,no_roads,default_small2,338,250,1,63.834000,1,1,1.000000,1,51,17,441
astar-jps-mpsp,no_roads,default_small2,125,273,1,62.616000,1,1,1.000000,1,60,20,441
astar-jps-mpsp,no_roads,default_small2,366,166,1,59.813000,1,1,1.000000,1,51,17,441
astar-jps-mpsp,no_roads,default_small2,3,85,1,21.495000,1,1,1.000000,1,12,4,441
astar-jps-mpsp,no_roads,default_small2,425,252,1,38.422000,1,1,1.000000,1,24,8,441
astar-jps-mpsp,no_roads,default_small2,208,166,1,14.685000,1,1,1.000000,1,6,2,441
astar-jps-mpsp,no_roads,default_small2,83,123,1,16.012000,1,1,1.000000,1,6,2,441
astar-jps-mpsp,with_roads,default_small2,393,59,1,87.501000,1,1,1.000000,1,48,16,441
astar-jps-mpsp,with_roads,default_small2,12,164,1,48.389000,1,1,1.090909,0,24,8,441
astar-jps-mpsp,with_roads,default_small2,147,127,1,23.865000,1,1,1.000000,1,3,1,441
astar-jps-mpsp,with_roads,default_small2,74,54,1,15.004000,1,1,1.000000,1,3,1,441
astar-jps-mpsp,with_roads,default_small2,413,338,1,39.127000,1,1,1.000000,1,36,12,441
astar-jps-mpsp,with_roads,default_small2,46,367,1,309.793000,1,1,1.000000,1,63,21,441
astar-jps-mpsp,with_roads,default_small2,252,16,1,128.589000,1,1,1.348837,1,58,20,441
astar-jps-mpsp,with_roads,default_small2,15,49,1,22.047000,1,1,2.000000,0,24,8,441
astar-jps-mpsp,with_roads,default_small2,124,140,1,35.123000,1,1,1.000000,1,15,5,441
astar-jps-mpsp,with_roads,default_small2,313,374,1,35.075000,1,1,1.000000,1,9,3,441
astar-jps-mpsp,with_roads,default_small2,13,349,1,173.541000,1,1,1.000000,1,60,20,441
astar-jps-mpsp,with_roads,default_small2,110,434,1,81.586000,1,1,1.000000,1,48,16,441
astar-jps-mpsp,with_roads,default_small2,398,427,1,55.862000,1,1,1.000000,1,39,13,441
astar-jps-mpsp,with_roads,default_small2,338,250,1,63.277000,1,1,1.000000,1,51,17,441
astar-jps-mpsp,with_roads,default_small2,125,273,1,64.920000,1,1,1.000000,1,60,20,441
astar-jps-mpsp,with_roads,default_small2,366,166,1,61.197000,1,1,1.000000,1,51,17,441
astar-jps-mpsp,with_roads,default_small2,3,85,1,21.736000,1,1,1.000000,1,12,4,441
astar-jps-mpsp,with_roads,default_small2,425,252,1,38.052000,1,1,1.000000,1,24,8,441
astar-jps-mpsp,with_roads,default_small2,208,166,1,16.249000,1,1,1.000000,1,6,2,441
astar-jps-mpsp,with_roads,default_small2,83,123,1,17.183000,1,1,1.000000,1,6,2,441
astar-jps-mpsp,no_roads,dna,864,133,1,379.076000,0,0,,,0,0,1050
astar-jps-mpsp,no_roads,dna,25,1005,1,196.104000,1,1,1.000000,1,171,57,1050
astar-jps-mpsp,no_roads,dna,359,313,1,74.475000,1,1,1.000000,1,117,39,1050
astar-jps-mpsp,no_roads,dna,289,172,1,110.273000,1,1,1.000000,1,87,29,1050
astar-jps-mpsp,no_roads,dna,1000,121,1,74.432000,1,1,1.000000,1,135,45,1050
astar-jps-mpsp,no_roads,dna,921,1004,1,34.790000,1,1,1.000000,1,12,4,1050
astar-jps-mpsp,no_roads,dna,742,104,1,23.685000,0,0,,,0,0,1050
astar-jps-mpsp,no_roads,dna,802,564,1,96.591000,1,1,1.000000,1,126,42,1050
astar-jps-mpsp,no_roads,dna,32,30,1,29.188000,1,1,1.000000,1,6,2,1050
astar-jps-mpsp,no_roads,dna,111,282,1,25.543000,0,0,,,0,0,1050
astar-jps-mpsp,no_roads,dna,300,684,1,24.715000,0,0,,,0,0,1050
astar-jps-mpsp,no_roads,dna,820,27,1,70.618000,1,1,1.000000,1,117,39,1050
astar-jps-mpsp,no_roads,dna,759,251,1,83.564000,1,1,1.000000,1,165,55,1050
astar-jps-mpsp,no_roads,dna,978,881,1,36.987000,1,1,1.000000,1,30,10,1050
astar-jps-mpsp,no_roads,dna,962,742,1,178.374000,0,0,,,0,0,1050
astar-jps-mpsp,no_roads,dna,561,284,1,109.413000,0,0,,,0,0,1050
astar-jps-mpsp,no_roads,dna,606,801,1,67.105000,1,1,1.000000,1,120,40,1050
astar-jps-mpsp,no_roads,dna,363,6,1,26.648000,0,0,,,0,0,1050
astar-jps-mpsp,no_roads,dna,1023,202,1,55.117000,1,1,1.000000,1,117,39,1050
astar-jps-mpsp,no_roads,dna,945,564,1,90.893000,1,1,1.000000,1,111,37,1050
astar-jps-mpsp,with_roads,dna,864,133,1,396.690000,0,0,,,0,0,1050
astar-jps-mpsp,with_roads,dna,25,1005,1,163.841000,1,1,1.621359,0,167,57,1050
astar-jps-mpsp,with_roads,dna,359,313,1,67.023000,1,1,2.132075,0,113,39,1050
astar-jps-mpsp,with_roads,dna,289,172,1,84.822000,1,1,1.928571,0,81,29,1050
astar-jps-mpsp,with_roads,dna,1000,121,1,49.261000,1,1,1.231579,1,117,45,1050
astar-jps-mpsp,with_roads,dna,921,1004,1,19.781000,1,1,1.000000,1,12,4,1050
astar-jps-mpsp,with_roads,dna,742,104,1,13.001000,0,0,,,0,0,1050
astar-jps-mpsp,with_roads,dna,802,564,1,48.332000,1,1,1.155963,0,126,42,1050
astar-jps-mpsp,with_roads,dna,32,30,1,15.466000,1,1,1.500000,0,6,2,1050
astar-jps-mpsp,with_roads,dna,111,282,1,11.345000,0,0,,,0,0,1050
astar-jps-mpsp,with_roads,dna,300,684,1,12.079000,0,0,,,0,0,1050
astar-jps-mpsp,with_roads,dna,820,27,1,34.861000,1,1,1.569444,1,113,39,1050
astar-jps-mpsp,with_roads,dna,759,251,1,37.304000,1,1,1.744444,1,157,55,1050
astar-jps-mpsp,with_roads,dna,978,881,1,18.753000,1,1,1.000000,1,30,10,1050
astar-jps-mpsp,with_roads,dna,962,742,1,67.528000,0,0,,,0,0,1050
astar-jps-mpsp,with_roads,dna,561,284,1,54.385000,0,0,,,0,0,1050
astar-jps-mpsp,with_roads,dna,606,801,1,32.473000,1,1,1.081081,0,120,40,1050
astar-jps-mpsp,with_roads,dna,363,6,1,13.487000,0,0,,,0,0,1050
astar-jps-mpsp,with_roads,dna,1023,202,1,24.695000,1,1,1.117647,1,95,39,1050
astar-jps-mpsp,with_roads,dna,945,564,1,38.685000,1,1,1.000000,1,111,37,1050
astar-jps-mpsp,no_roads,donut,808,133,1,723.986000,0,0,,,0,0,1225
astar-jps-mpsp,no_roads,donut,25,929,1,49.918000,0,0,,,0,0,1225
astar-jps-mpsp,no_roads,donut,335,300,1,19.809000,1,1,1.000000,1,3,1,1225
astar-jps-mpsp,no_roads,donut,272,169,1,447.408000,0,0,,,0,0,1225
astar-jps-mpsp,no_roads,donut,924,119,1,53.105000,1,1,1.000000,1,69,23,1225
astar-jps-mpsp,no_roads,donut,852,928,1,21.767000,1,1,1.000000,1,18,6,1225
astar-jps-mpsp,no_roads,donut,1122,679,1,53.282000,0,0,,,0,0,1225
astar-jps-mpsp,no_roads,donut,100,739,1,28.282000,0,0,,,0,0,1225
astar-jps-mpsp,no_roads,donut,529,32,1,333.713000,0,0,,,0,0,1225
astar-jps-mpsp,no_roads,donut,30,106,1,23.894000,1,1,1.000000,1,87,29,1225
astar-jps-mpsp,no_roads,donut,265,287,1,32.567000,1,1,1.000000,1,39,13,1225
astar-jps-mpsp,no_roads,donut,631,755,1,31.894000,1,1,1.000000,1,57,19,1225
astar-jps-mpsp,no_roads,donut,27,698,1,19.706000,0,0,,,0,0,1225
astar-jps-mpsp,no_roads,donut,242,899,1,24.264000,0,0,,,0,0,1225
astar-jps-mpsp,no_roads,donut,820,884,1,21.933000,1,1,1.000000,1,18,6,1225
astar-jps-mpsp,no_roads,donut,679,523,1,33.756000,1,1,1.000000,1,57,19,1225
astar-jps-mpsp,no_roads,donut,267,562,1,42.105000,1,1,1.000000,1,60,20,1225
astar-jps-mpsp,no_roads,donut,738,338,1,37.608000,1,1,1.000000,1,60,20,1225
astar-jps-mpsp,no_roads,donut,1015,1091,1,22.118000,1,1,1.000000,1,18,6,1225
astar-jps-mpsp,no_roads,donut,6,953,1,43.370000,0,0,,,0,0,1225
astar-jps-mpsp,with_roads,donut,808,133,1,762.871000,0,0,,,0,0,1225
astar-jps-mpsp,with_roads,donut,25,929,1,49.818000,0,0,,,0,0,1225
astar-jps-mpsp,with_roads,donut,335,300,1,17.115000,1,1,1.000000,1,3,1,1225
astar-jps-mpsp,with_roads,donut,272,169,1,486.351000,0,0,,,0,0,1225
astar-jps-mpsp,with_roads,donut,924,119,1,56.633000,1,1,1.000000,1,69,23,1225
astar-jps-mpsp,with_roads,donut,852,928,1,23.291000,1,1,1.000000,1,18,6,1225
astar-jps-mpsp,with_roads,donut,1122,679,1,57.903000,0,0,,,0,0,1225
astar-jps-mpsp,with_roads,donut,100,739,1,31.477000,0,0,,,0,0,1225
astar-jps-mpsp,with_roads,donut,529,32,1,363.238000,0,0,,,0,0,1225
astar-jps-mpsp,with_roads,donut,30,106,1,23.953000,1,1,1.000000,1,87,29,1225
astar-jps-mpsp,with_roads,donut,265,287,1,35.916000,1,1,1.000000,1,39,13,1225
astar-jps-mpsp,with_roads,donut,631,755,1,33.315000,1,1,1.000000,1,57,19,1225
astar-jps-mpsp,with_roads,donut,27,698,1,19.831000,0,0,,,0,0,1225
astar-jps-mpsp,with_roads,donut,242,899,1,24.576000,0,0,,,0,0,1225
astar-jps-mpsp,with_roads,donut,820,884,1,22.558000,1,1,1.000000,1,18,6,1225
astar-jps-mpsp,with_roads,donut,679,523,1,34.724000,1,1,1.000000,1,57,19,1225
astar-jps-mpsp,with_roads,donut,267,562,1,42.312000,1,1,1.000000,1,60,20,1225
astar-jps-mpsp,with_roads,donut,738,338,1,39.982000,1,1,1.000000,1,60,20,1225
astar-jps-mpsp,with_roads,donut,1015,1091,1,23.060000,1,1,1.000000,1,18,6,1225
astar-jps-mpsp,with_roads,donut,6,953,1,36.292000,0,0,,,0,0,1225
astar-jps-mpsp,no_roads,drawing_circles_is_hard,1652,269,1,198.025000,1,1,1.000000,1,90,30,2500
astar-jps-mpsp,no_roads,drawing_circles_is_hard,51,1922,1,114.155000,1,1,1.000000,1,111,37,2500
astar-jps-mpsp,no_roads,drawing_circles_is_hard,690,608,1,165.272000,1,1,1.000000,1,96,32,2500
astar-jps-mpsp,no_roads,drawing_circles_is_hard,552,339,1,119.434000,1,1,1.000000,1,111,37,2500
astar-jps-mpsp,no_roads,drawing_circles_is_hard,1909,247,1,259.137000,1,1,1.000000,1,129,43,2500
astar-jps-mpsp,no_roads,drawing_circles_is_hard,1754,1919,1,78.615000,1,1,1.000000,1,45,15,2500
astar-jps-mpsp,no_roads,drawing_circles_is_hard,2310,1398,1,197.478000,1,1,1.000000,1,114,38,2500
astar-jps-mpsp,no_roads,drawing_circles_is_hard,201,1522,1,103.126000,1,1,1.000000,1,99,33,2500
astar-jps-mpsp,no_roads,drawing_circles_is_hard,1085,71,1,84.141000,1,1,1.000000,1,60,20,2500
astar-jps-mpsp,no_roads,drawing_circles_is_hard,67,219,1,52.296000,1,1,1.000000,1,9,3,2500
astar-jps-mpsp,no_roads,drawing_circles_is_hard,540,578,1,119.000000,1,1,1.000000,1,42,14,2500
astar-jps-mpsp,no_roads,drawing_circles_is_hard,1293,1548,1,87.169000,1,1,1.000000,1,42,14,2500
astar-jps-mpsp,no_roads,drawing_circles_is_hard,54,1446,1,188.517000,1,1,1.000000,1,135,45,2500
astar-jps-mpsp,no_roads,drawing_circles_is_hard,489,1858,1,146.479000,1,1,1.000000,1,105,35,2500
astar-jps-mpsp,no_roads,drawing_circles_is_hard,1687,1817,1,192.288000,1,1,1.000000,1,66,22,2500
astar-jps-mpsp,no_roads,drawing_circles_is_hard,1398,1076,1,61.301000,1,1,1.000000,1,66,22,2500
astar-jps-mpsp,no_roads,drawing_circles_is_hard,546,1160,1,87.315000,1,1,1.000000,1,108,36,2500
astar-jps-mpsp,no_roads,drawing_circles_is_hard,1517,696,1,71.394000,1,1,1.000000,1,90,30,2500
astar-jps-mpsp,no_roads,drawing_circles_is_hard,2095,2248,1,42.843000,1,1,1.000000,1,9,3,2500
astar-jps-mpsp,no_roads,drawing_circles_is_hard,13,1968,1,100.648000,1,1,1.000000,1,120,40,2500
astar-jps-mpsp,with_roads,drawing_circles_is_hard,1652,269,1,210.244000,1,1,1.419355,1,88,30,2500
astar-jps-mpsp,with_roads,drawing_circles_is_hard,51,1922,1,137.316000,1,1,1.370370,0,111,37,2500
astar-jps-mpsp,with_roads,drawing_circles_is_hard,690,608,1,196.391000,1,1,1.402985,1,94,32,2500
astar-jps-mpsp,with_roads,drawing_circles_is_hard,552,339,1,149.296000,1,1,1.397436,0,109,37,2500
astar-jps-mpsp,with_roads,drawing_circles_is_hard,1909,247,1,306.979000,1,1,1.016000,1,127,43,2500
astar-jps-mpsp,with_roads,drawing_circles_is_hard,1754,1919,1,83.901000,1,1,1.000000,1,45,15,2500
astar-jps-mpsp,with_roads,drawing_circles_is_hard,2310,1398,1,216.611000,1,1,1.000000,1,114,38,2500
astar-jps-mpsp,with_roads,drawing_circles_is_hard,201,1522,1,115.350000,1,1,1.320000,0,99,33,2500
astar-jps-mpsp,with_roads,drawing_circles_is_hard,1085,71,1,92.959000,1,1,1.285714,0,36,20,2500
astar-jps-mpsp,with_roads,drawing_circles_is_hard,67,219,1,87.901000,1,1,2.333333,0,7,3,2500
astar-jps-mpsp,with_roads,drawing_circles_is_hard,540,578,1,175.442000,1,1,1.235294,0,42,14,2500
astar-jps-mpsp,with_roads,drawing_circles_is_hard,1293,1548,1,95.255000,1,1,1.058824,1,36,14,2500
astar-jps-mpsp,with_roads,drawing_circles_is_hard,54,1446,1,200.659000,1,1,2.083333,0,125,45,2500
astar-jps-mpsp,with_roads,drawing_circles_is_hard,489,1858,1,152.748000,1,1,1.060606,1,105,35,2500
astar-jps-mpsp,with_roads,drawing_circles_is_hard,1687,1817,1,200.800000,1,1,1.000000,1,66,22,2500
astar-jps-mpsp,with_roads,drawing_circles_is_hard,1398,1076,1,89.457000,1,1,1.375000,0,66,22,2500
astar-jps-mpsp,with_roads,drawing_circles_is_hard,546,1160,1,97.636000,1,1,1.152174,0,106,36,2500
astar-jps-mpsp,with_roads,drawing_circles_is_hard,1517,696,1,68.690000,1,1,1.023256,1,88,30,2500
astar-jps-mpsp,with_roads,drawing_circles_is_hard,2095,2248,1,39.306000,1,1,1.000000,1,9,3,2500
astar-jps-mpsp,with_roads,drawing_circles_is_hard,13,1968,1,82.110000,1,1,1.296703,1,118,40,2500
astar-jps-mpsp,no_roads,face,377,74,1,53.173000,1,1,1.000000,1,45,15,400
astar-jps-mpsp,no_roads,face,14,158,1,52.397000,1,1,1.000000,1,24,8,400
astar-jps-mpsp,no_roads,face,143,132,1,41.860000,1,1,1.000000,1,27,9,400
astar-jps-mpsp,no_roads,face,89,67,1,20.010000,1,1,1.000000,1,6,2,400
astar-jps-mpsp,no_roads,face,396,319,1,19.206000,1,1,1.000000,1,12,4,400
astar-jps-mpsp,no_roads,face,58,350,1,97.218000,1,1,1.000000,1,51,17,400
astar-jps-mpsp,no_roads,face,246,18,1,54.884000,1,1,1.000000,1,45,15,400
astar-jps-mpsp,no_roads,face,17,61,1,19.845000,1,1,1.000000,1,48,16,400
astar-jps-mpsp,no_roads,face,129,137,1,11.269000,1,1,1.000000,1,24,8,400
astar-jps-mpsp,no_roads,face,293,356,1,26.817000,1,1,1.000000,1,12,4,400
astar-jps-mpsp,no_roads,face,15,334,1,18.822000,1,1,1.000000,1,48,16,400
astar-jps-mpsp,no_roads,face,119,382,1,49.525000,1,1,1.000000,1,51,17,400
astar-jps-mpsp,no_roads,face,319,244,1,24.216000,1,1,1.000000,1,45,15,400
astar-jps-mpsp,no_roads,face,130,259,1,23.681000,1,1,1.000000,1,27,9,400
astar-jps-mpsp,no_roads,face,349,160,1,24.622000,1,1,1.000000,1,33,11,400
astar-jps-mpsp,no_roads,face,3,99,1,22.187000,1,1,1.000000,1,48,16,400
astar-jps-mpsp,no_roads,face,246,198,1,25.261000,1,1,1.000000,1,36,12,400
astar-jps-mpsp,no_roads,face,160,97,1,29.149000,1,1,1.000000,1,51,17,400
astar-jps-mpsp,no_roads,face,128,196,1,18.333000,1,1,1.000000,1,24,8,400
astar-jps-mpsp,no_roads,face,67,61,1,17.814000,1,1,1.000000,1,18,6,400
astar-jps-mpsp,with_roads,face,377,74,1,50.885000,1,1,1.000000,1,45,15,400
astar-jps-mpsp,with_roads,face,14,158,1,48.767000,1,1,1.000000,1,24,8,400
astar-jps-mpsp,with_roads,face,143,132,1,40.579000,1,1,1.000000,1,27,9,400
astar-jps-mpsp,with_roads,face,89,67,1,19.712000,1,1,1.000000,1,6,2,400
astar-jps-mpsp,with_roads,face,396,319,1,21.181000,1,1,1.000000,1,12,4,400
astar-jps-mpsp,with_roads,face,58,350,1,105.869000,1,1,1.000000,1,51,17,400
astar-jps-mpsp,with_roads,face,246,18,1,62.540000,1,1,1.000000,1,45,15,400
astar-jps-mpsp,with_roads,face,17,61,1,22.713000,1,1,1.210526,1,46,16,400
astar-jps-mpsp,with_roads,face,129,137,1,13.608000,1,1,1.000000,1,24,8,400
astar-jps-mpsp,with_roads,face,293,356,1,32.204000,1,1,1.000000,1,12,4,400
astar-jps-mpsp,with_roads,face,15,334,1,22.548000,1,1,1.000000,1,48,16,400
astar-jps-mpsp,with_roads,face,119,382,1,61.019000,1,1,1.000000,1,51,17,400
astar-jps-mpsp,with_roads,face,319,244,1,28.489000,1,1,1.000000,1,45,15,400
astar-jps-mpsp,with_roads,face,130,259,1,29.759000,1,1,1.000000,1,27,9,400
astar-jps-mpsp,with_roads,face,349,160,1,30.766000,1,1,1.000000,1,33,11,400
astar-jps-mpsp,with_roads,face,3,99,1,26.691000,1,1,1.210526,0,46,16,400
astar-jps-mpsp,with_roads,face,246,198,1,30.437000,1,1,1.000000,1,36,12,400
astar-jps-mpsp,with_roads,face,160,97,1,35.060000,1,1,1.000000,1,51,17,400
astar-jps-mpsp,with_roads,face,128,196,1,22.877000,1,1,1.000000,1,24,8,400
astar-jps-mpsp,with_roads,face,67,61,1,24.185000,1,1,1.125000,0,18,6,400
astar-jps-mpsp,no_roads,first_sound,210,25,1,36.289000,1,1,1.000000,1,27,9,861
astar-jps-mpsp,no_roads,first_sound,444,413,1,65.252000,1,1,1.000000,1,33,11,861
astar-jps-mpsp,no_roads,first_sound,388,271,1,24.787000,1,1,1.000000,1,30,10,861
astar-jps-mpsp,no_roads,first_sound,194,840,1,94.790000,1,1,1.000000,1,93,31,861
astar-jps-mpsp,no_roads,first_sound,166,674,1,90.191000,1,1,1.000000,1,81,27,861
astar-jps-mpsp,no_roads,first_sound,37,35,1,23.276000,1,1,1.000000,1,6,2,861
astar-jps-mpsp,no_roads,first_sound,177,382,1,43.570000,1,1,1.000000,1,30,10,861
astar-jps-mpsp,no_roads,first_sound,399,795,1,121.352000,1,1,1.000000,1,75,25,861
astar-jps-mpsp,no_roads,first_sound,27,856,1,112.881000,1,1,1.000000,1,129,43,861
astar-jps-mpsp,no_roads,first_sound,360,840,1,27.070000,1,1,1.000000,1,69,23,861
astar-jps-mpsp,no_roads,first_sound,671,384,1,71.521000,1,1,1.000000,1,48,16,861
astar-jps-mpsp,no_roads,first_sound,711,447,1,68.328000,1,1,1.000000,1,54,18,861
astar-jps-mpsp,no_roads,first_sound,6,299,1,32.049000,1,1,1.000000,1,51,17,861
astar-jps-mpsp,no_roads,first_sound,674,568,1,39.113000,1,1,1.000000,1,15,5,861
astar-jps-mpsp,no_roads,first_sound,447,295,1,24.069000,1,1,1.000000,1,21,7,861
astar-jps-mpsp,no_roads,first_sound,379,564,1,52.796000,1,1,1.000000,1,60,20,861
astar-jps-mpsp,no_roads,first_sound,194,174,1,10.204000,1,1,1.000000,1,3,1,861
astar-jps-mpsp,no_roads,first_sound,623,183,1,43.999000,1,1,1.000000,1,63,21,861
astar-jps-mpsp,no_roads,first_sound,596,575,1,12.588000,1,1,1.000000,1,3,1,861
astar-jps-mpsp,no_roads,first_sound,433,58,1,54.560000,1,1,1.000000,1,57,19,861
astar-jps-mpsp,with_roads,first_sound,210,25,1,39.712000,1,1,1.000000,1,27,9,861
astar-jps-mpsp,with_roads,first_sound,444,413,1,65.927000,1,1,1.000000,1,33,11,861
astar-jps-mpsp,with_roads,first_sound,388,271,1,30.240000,1,1,1.000000,1,30,10,861
astar-jps-mpsp,with_roads,first_sound,194,840,1,97.719000,1,1,1.000000,1,93,31,861
astar-jps-mpsp,with_roads,first_sound,166,674,1,94.075000,1,1,1.000000,1,81,27,861
astar-jps-mpsp,with_roads,first_sound,37,35,1,28.474000,1,1,1.000000,1,6,2,861
astar-jps-mpsp,with_roads,first_sound,177,382,1,42.462000,1,1,1.000000,1,30,10,861
astar-jps-mpsp,with_roads,first_sound,399,795,1,119.050000,1,1,1.000000,1,75,25,861
astar-jps-mpsp,with_roads,first_sound,27,856,1,107.566000,1,1,1.015748,0,129,43,861
astar-jps-mpsp,with_roads,first_sound,360,840,1,26.199000,1,1,1.000000,1,69,23,861
astar-jps-mpsp,with_roads,first_sound,671,384,1,69.533000,1,1,1.000000,1,48,16,861
astar-jps-mpsp,with_roads,first_sound,711,447,1,64.526000,1,1,1.000000,1,54,18,861
astar-jps-mpsp,with_roads,first_sound,6,299,1,30.283000,1,1,1.040816,0,51,17,861
astar-jps-mpsp,with_roads,first_sound,674,568,1,35.708000,1,1,1.000000,1,15,5,861
astar-jps-mpsp,with_roads,first_sound,447,295,1,27.008000,1,1,1.000000,1,21,7,861
astar-jps-mpsp,with_roads,first_sound,379,564,1,52.508000,1,1,1.000000,1,60,20,861
astar-jps-mpsp,with_roads,first_sound,194,174,1,9.830000,1,1,1.000000,1,3,1,861
astar-jps-mpsp,with_roads,first_sound,623,183,1,45.776000,1,1,1.000000,1,63,21,861
astar-jps-mpsp,with_roads,first_sound,596,575,1,13.007000,1,1,1.000000,1,3,1,861
astar-jps-mpsp,with_roads,first_sound,433,58,1,54.861000,1,1,1.000000,1,57,19,861
astar-jps-mpsp,no_roads,flappy_bird,196,44,1,183.724000,0,0,,,0,0,800
astar-jps-mpsp,no_roads,flappy_bird,436,382,1,15.900000,0,0,,,0,0,800
astar-jps-mpsp,no_roads,flappy_bird,346,238,1,68.286000,1,1,1.000000,1,48,16,800
astar-jps-mpsp,no_roads,flappy_bird,182,159,1,13.655000,0,0,,,0,0,800
astar-jps-mpsp,no_roads,flappy_bird,654,57,1,85.186000,0,0,,,0,0,800
astar-jps-mpsp,no_roads,flappy_bird,54,165,1,44.312000,1,1,1.000000,1,66,22,800
astar-jps-mpsp,no_roads,flappy_bird,333,363,1,47.852000,0,0,,,0,0,800
astar-jps-mpsp,no_roads,flappy_bird,48,305,1,67.403000,1,1,1.000000,1,87,29,800
astar-jps-mpsp,no_roads,flappy_bird,651,339,1,36.280000,1,1,1.000000,1,39,13,800
astar-jps-mpsp,no_roads,flappy_bird,696,440,1,16.082000,0,0,,,0,0,800
astar-jps-mpsp,no_roads,flappy_bird,10,261,1,16.128000,0,0,,,0,0,800
astar-jps-mpsp,no_roads,flappy_bird,654,537,1,41.979000,0,0,,,0,0,800
astar-jps-mpsp,no_roads,flappy_bird,440,257,1,59.679000,1,1,1.000000,1,66,22,800
astar-jps-mpsp,no_roads,flappy_bird,328,532,1,24.022000,1,1,1.000000,1,21,7,800
astar-jps-mpsp,no_roads,flappy_bird,182,164,1,6.682000,0,0,,,0,0,800
astar-jps-mpsp,no_roads,flappy_bird,596,170,1,14.175000,0,0,,,0,0,800
astar-jps-mpsp,no_roads,flappy_bird,564,546,1,16.030000,0,0,,,0,0,800
astar-jps-mpsp,no_roads,flappy_bird,414,80,1,23.613000,1,1,1.000000,1,45,15,800
astar-jps-mpsp,no_roads,flappy_bird,718,210,1,79.473000,0,0,,,0,0,800
astar-jps-mpsp,no_roads,flappy_bird,592,143,1,68.740000,0,0,,,0,0,800
astar-jps-mpsp,with_roads,flappy_bird,196,44,1,225.855000,0,0,,,0,0,800
astar-jps-mpsp,with_roads,flappy_bird,436,382,1,16.406000,0,0,,,0,0,800
astar-jps-mpsp,with_roads,flappy_bird,346,238,1,69.263000,1,1,1.000000,1,32,16,800
astar-jps-mpsp,with_roads,flappy_bird,182,159,1,12.741000,0,0,,,0,0,800
astar-jps-mpsp,with_roads,flappy_bird,654,57,1,85.130000,0,0,,,0,0,800
astar-jps-mpsp,with_roads,flappy_bird,54,165,1,44.725000,1,1,1.478261,0,34,22,800
astar-jps-mpsp,with_roads,flappy_bird,333,363,1,50.274000,0,0,,,0,0,800
astar-jps-mpsp,with_roads,flappy_bird,48,305,1,68.597000,1,1,2.031250,0,65,29,800
astar-jps-mpsp,with_roads,flappy_bird,651,339,1,39.679000,1,1,1.347826,1,31,13,800
astar-jps-mpsp,with_roads,flappy_bird,696,440,1,17.589000,0,0,,,0,0,800
astar-jps-mpsp,with_roads,flappy_bird,10,261,1,17.332000,0,0,,,0,0,800
astar-jps-mpsp,with_roads,flappy_bird,654,537,1,46.117000,0,0,,,0,0,800
astar-jps-mpsp,with_roads,flappy_bird,440,257,1,62.193000,1,1,1.187500,1,38,22,800
astar-jps-mpsp,with_roads,flappy_bird,328,532,1,22.902000,1,1,1.545455,1,17,7,800
astar-jps-mpsp,with_roads,flappy_bird,182,164,1,6.322000,0,0,,,0,0,800
astar-jps-mpsp,with_roads,flappy_bird,596,170,1,16.452000,0,0,,,0,0,800
astar-jps-mpsp,with_roads,flappy_bird,564,546,1,14.527000,0,0,,,0,0,800
astar-jps-mpsp,with_roads,flappy_bird,414,80,1,21.023000,1,1,1.000000,1,15,15,800
astar-jps-mpsp,with_roads,flappy_bird,718,210,1,71.500000,0,0,,,0,0,800
astar-jps-mpsp,with_roads,flappy_bird,592,143,1,60.957000,0,0,,,0,0,800
astar-jps-mpsp,no_roads,flowers,1729,296,1,190.019000,1,1,1.000000,1,120,40,1849
astar-jps-mpsp,no_roads,flowers,52,746,1,214.664000,1,1,1.000000,1,150,50,1849
astar-jps-mpsp,no_roads,flowers,678,631,1,34.352000,1,1,1.000000,1,12,4,1849
astar-jps-mpsp,no_roads,flowers,377,262,1,73.019000,1,1,1.000000,1,99,33,1849
astar-jps-mpsp,no_roads,flowers,1810,1450,1,86.796000,1,1,1.000000,1,81,27,1849
astar-jps-mpsp,no_roads,flowers,216,1582,1,342.883000,1,1,1.000000,1,291,97,1849
astar-jps-mpsp,no_roads,flowers,1107,67,1,142.750000,1,1,1.000000,1,99,33,1849
astar-jps-mpsp,no_roads,flowers,63,230,1,36.452000,1,1,1.000000,1,15,5,1849
astar-jps-mpsp,no_roads,flowers,618,653,1,42.704000,1,1,1.000000,1,24,8,1849
astar-jps-mpsp,no_roads,flowers,1327,1619,1,74.230000,1,1,1.000000,1,27,9,1849
astar-jps-mpsp,no_roads,flowers,56,1495,1,169.104000,1,1,1.000000,1,252,84,1849
astar-jps-mpsp,no_roads,flowers,567,1754,1,201.222000,1,1,1.000000,1,150,50,1849
astar-jps-mpsp,no_roads,flowers,1450,1102,1,115.790000,1,1,1.000000,1,144,48,1849
astar-jps-mpsp,no_roads,flowers,622,1168,1,51.643000,1,1,1.000000,1,54,18,1849
astar-jps-mpsp,no_roads,flowers,1578,752,1,71.778000,1,1,1.000000,1,126,42,1849
astar-jps-mpsp,no_roads,flowers,14,430,1,27.259000,1,1,1.000000,1,42,14,1849
astar-jps-mpsp,no_roads,flowers,1108,907,1,57.121000,1,1,1.000000,1,93,31,1849
astar-jps-mpsp,no_roads,flowers,752,422,1,37.785000,1,1,1.000000,1,45,15,1849
astar-jps-mpsp,no_roads,flowers,611,900,1,74.165000,1,1,1.000000,1,99,33,1849
astar-jps-mpsp,no_roads,flowers,262,228,1,32.447000,1,1,1.000000,1,27,9,1849
astar-jps-mpsp,with_roads,flowers,1729,296,1,200.649000,1,1,1.440000,0,72,40,1849
astar-jps-mpsp,with_roads,flowers,52,746,1,224.505000,1,1,1.966667,1,118,50,1849
astar-jps-mpsp,with_roads,flowers,678,631,1,35.133000,1,1,1.000000,1,6,4,1849
astar-jps-mpsp,with_roads,flowers,377,262,1,73.267000,1,1,1.840909,0,81,33,1849
astar-jps-mpsp,with_roads,flowers,1810,1450,1,85.801000,1,1,1.342857,1,47,27,1849
astar-jps-mpsp,with_roads,flowers,216,1582,1,348.842000,1,1,1.915888,1,205,97,1849
astar-jps-mpsp,with_roads,flowers,1107,67,1,139.374000,1,1,1.812500,0,87,33,1849
astar-jps-mpsp,with_roads,flowers,63,230,1,35.621000,1,1,1.000000,1,15,5,1849
astar-jps-mpsp,with_roads,flowers,618,653,1,40.699000,1,1,1.000000,1,24,8,1849
astar-jps-mpsp,with_roads,flowers,1327,1619,1,72.443000,1,1,1.210526,1,23,9,1849
astar-jps-mpsp,with_roads,flowers,56,1495,1,159.113000,1,1,2.047619,0,172,84,1849
astar-jps-mpsp,with_roads,flowers,567,1754,1,196.953000,1,1,1.347826,0,124,50,1849
astar-jps-mpsp,with_roads,flowers,1450,1102,1,112.746000,1,1,2.111111,0,114,48,1849
astar-jps-mpsp,with_roads,flowers,622,1168,1,51.114000,1,1,1.357143,0,38,18,1849
astar-jps-mpsp,with_roads,flowers,1578,752,1,72.237000,1,1,1.913043,0,88,42,1849
astar-jps-mpsp,with_roads,flowers,14,430,1,26.623000,1,1,1.000000,1,32,14,1849
astar-jps-mpsp,with_roads,flowers,1108,907,1,56.626000,1,1,1.065789,1,81,31,1849
astar-jps-mpsp,with_roads,flowers,752,422,1,37.220000,1,1,1.526316,0,29,15,1849
astar-jps-mpsp,with_roads,flowers,611,900,1,57.321000,1,1,1.062500,1,85,33,1849
astar-jps-mpsp,with_roads,flowers,262,228,1,28.135000,1,1,1.000000,1,21,9,1849
astar-jps-mpsp,no_roads,galaxy,1467,235,1,191.323000,1,1,1.000000,1,93,31,1600
astar-jps-mpsp,no_roads,galaxy,51,612,1,70.930000,1,1,1.000000,1,42,14,1600
astar-jps-mpsp,no_roads,galaxy,540,486,1,89.949000,1,1,1.000000,1,42,14,1600
astar-jps-mpsp,no_roads,galaxy,297,213,1,72.876000,1,1,1.000000,1,30,10,1600
astar-jps-mpsp,no_roads,galaxy,1543,1259,1,50.991000,1,1,1.000000,1,24,8,1600
astar-jps-mpsp,no_roads,galaxy,180,1360,1,74.135000,1,1,1.000000,1,90,30,1600
astar-jps-mpsp,no_roads,galaxy,972,65,1,111.180000,1,1,1.000000,1,69,23,1600
astar-jps-mpsp,no_roads,galaxy,61,194,1,56.193000,1,1,1.000000,1,39,13,1600
astar-jps-mpsp,no_roads,galaxy,476,512,1,43.155000,1,1,1.000000,1,12,4,1600
astar-jps-mpsp,no_roads,galaxy,1173,1386,1,95.700000,1,1,1.000000,1,42,14,1600
astar-jps-mpsp,no_roads,galaxy,54,1294,1,84.587000,1,1,1.000000,1,93,31,1600
astar-jps-mpsp,no_roads,galaxy,426,1488,1,199.116000,1,1,1.000000,1,84,28,1600
astar-jps-mpsp,no_roads,galaxy,1594,1259,1,73.966000,1,1,1.000000,1,54,18,1600
astar-jps-mpsp,no_roads,galaxy,965,480,1,87.435000,1,1,1.000000,1,36,12,1600
astar-jps-mpsp,no_roads,galaxy,1036,1357,1,55.024000,1,1,1.000000,1,24,8,1600
astar-jps-mpsp,no_roads,galaxy,619,13,1,88.624000,1,1,1.000000,1,54,18,1600
astar-jps-mpsp,no_roads,galaxy,341,1587,1,217.482000,1,1,1.000000,1,93,31,1600
astar-jps-mpsp,no_roads,galaxy,973,767,1,61.904000,1,1,1.000000,1,18,6,1600
astar-jps-mpsp,no_roads,galaxy,619,331,1,50.005000,1,1,1.000000,1,30,10,1600
astar-jps-mpsp,no_roads,galaxy,469,759,1,60.947000,1,1,1.000000,1,30,10,1600
astar-jps-mpsp,with_roads,galaxy,1467,235,1,194.383000,1,1,1.000000,1,93,31,1600
astar-jps-mpsp,with_roads,galaxy,51,612,1,63.304000,1,1,1.416667,0,34,14,1600
astar-jps-mpsp,with_roads,galaxy,540,486,1,70.467000,1,1,1.363636,1,30,14,1600
astar-jps-mpsp,with_roads,galaxy,297,213,1,59.803000,1,1,1.333333,1,24,10,1600
astar-jps-mpsp,with_roads,galaxy,1543,1259,1,43.725000,1,1,1.000000,1,24,8,1600
astar-jps-mpsp,with_roads,galaxy,180,1360,1,61.263000,1,1,1.075000,1,86,30,1600
astar-jps-mpsp,with_roads,galaxy,972,65,1,91.653000,1,1,1.032787,1,63,23,1600
astar-jps-mpsp,with_roads,galaxy,61,194,1,46.504000,1,1,1.000000,1,39,13,1600
astar-jps-mpsp,with_roads,galaxy,476,512,1,36.181000,1,1,1.000000,1,12,4,1600
astar-jps-mpsp,with_roads,galaxy,1173,1386,1,83.716000,1,1,1.000000,1,42,14,1600
astar-jps-mpsp,with_roads,galaxy,54,1294,1,73.999000,1,1,1.101266,1,87,31,1600
astar-jps-mpsp,with_roads,galaxy,426,1488,1,158.957000,1,1,1.000000,1,84,28,1600
astar-jps-mpsp,with_roads,galaxy,1594,1259,1,67.801000,1,1,1.000000,1,54,18,1600
astar-jps-mpsp,with_roads,galaxy,965,480,1,104.086000,1,1,1.000000,1,36,12,1600
astar-jps-mpsp,with_roads,galaxy,1036,1357,1,53.310000,1,1,1.000000,1,24,8,1600
astar-jps-mpsp,with_roads,galaxy,619,13,1,84.693000,1,1,1.411765,1,48,18,1600
astar-jps-mpsp,with_roads,galaxy,341,1587,1,154.152000,1,1,1.000000,1,87,31,1600
astar-jps-mpsp,with_roads,galaxy,973,767,1,31.562000,1,1,1.000000,1,18,6,1600
astar-jps-mpsp,with_roads,galaxy,619,331,1,29.369000,1,1,1.250000,0,20,10,1600
astar-jps-mpsp,with_roads,galaxy,469,759,1,40.339000,1,1,1.000000,1,30,10,1600
astar-jps-mpsp,no_roads,gaussian,124,25,1,50.365000,1,1,1.000000,1,21,7,700
astar-jps-mpsp,no_roads,gaussian,312,277,1,39.238000,1,1,1.000000,1,3,1,700
astar-jps-mpsp,no_roads,gaussian,253,156,1,71.402000,1,1,1.000000,1,24,8,700
astar-jps-mpsp,no_roads,gaussian,111,650,1,216.543000,1,1,1.000000,1,63,21,700
astar-jps-mpsp,no_roads,gaussian,96,495,1,170.506000,1,1,1.000000,1,63,21,700
astar-jps-mpsp,no_roads,gaussian,32,30,1,20.055000,1,1,1.000000,1,6,2,700
astar-jps-mpsp,no_roads,gaussian,102,248,1,63.153000,1,1,1.000000,1,87,29,700
astar-jps-mpsp,no_roads,gaussian,264,600,1,62.409000,1,1,1.000000,1,42,14,700
astar-jps-mpsp,no_roads,gaussian,27,671,1,39.290000,1,1,1.000000,1,63,21,700
astar-jps-mpsp,no_roads,gaussian,225,650,1,39.756000,1,1,1.000000,1,36,12,700
astar-jps-mpsp,no_roads,gaussian,492,250,1,40.857000,1,1,1.000000,1,21,7,700
astar-jps-mpsp,no_roads,gaussian,528,315,1,19.014000,1,1,1.000000,1,18,6,700
astar-jps-mpsp,no_roads,gaussian,6,178,1,26.161000,1,1,1.000000,1,15,5,700
astar-jps-mpsp,no_roads,gaussian,495,391,1,25.841000,1,1,1.000000,1,9,3,700
astar-jps-mpsp,no_roads,gaussian,315,174,1,84.074000,1,1,1.000000,1,102,34,700
astar-jps-mpsp,no_roads,gaussian,245,387,1,218.853000,1,1,1.000000,1,12,4,700
astar-jps-mpsp,no_roads,gaussian,111,101,1,55.355000,1,1,1.000000,1,75,25,700
astar-jps-mpsp,no_roads,gaussian,446,106,1,71.841000,1,1,1.000000,1,75,25,700
astar-jps-mpsp,no_roads,gaussian,418,398,1,78.589000,1,1,1.000000,1,60,20,700
astar-jps-mpsp,no_roads,gaussian,300,44,1,32.617000,1,1,1.000000,1,33,11,700
astar-jps-mpsp,with_roads,gaussian,124,25,1,75.772000,1,1,1.000000,1,21,7,700
astar-jps-mpsp,with_roads,gaussian,312,277,1,53.684000,1,1,1.000000,1,3,1,700
astar-jps-mpsp,with_roads,gaussian,253,156,1,103.148000,1,1,1.111111,1,20,8,700
astar-jps-mpsp,with_roads,gaussian,111,650,1,325.983000,1,1,1.774194,0,55,21,700
astar-jps-mpsp,with_roads,gaussian,96,495,1,234.318000,1,1,1.134615,1,59,21,700
astar-jps-mpsp,with_roads,gaussian,32,30,1,26.814000,1,1,1.000000,1,6,2,700
astar-jps-mpsp,with_roads,gaussian,102,248,1,81.735000,1,1,1.307692,0,85,29,700
astar-jps-mpsp,with_roads,gaussian,264,600,1,77.572000,1,1,1.117647,1,38,14,700
astar-jps-mpsp,with_roads,gaussian,27,671,1,49.966000,1,1,1.035088,1,59,21,700
astar-jps-mpsp,with_roads,gaussian,225,650,1,55.190000,1,1,1.333333,1,24,12,700
astar-jps-mpsp,with_roads,gaussian,492,250,1,51.407000,1,1,1.000000,1,21,7,700
astar-jps-mpsp,with_roads,gaussian,528,315,1,23.921000,1,1,1.000000,1,18,6,700
astar-jps-mpsp,with_roads,gaussian,6,178,1,31.300000,1,1,1.250000,0,15,5,700
astar-jps-mpsp,with_roads,gaussian,495,391,1,31.413000,1,1,1.000000,1,9,3,700
astar-jps-mpsp,with_roads,gaussian,315,174,1,99.182000,1,1,1.230769,1,96,34,700
astar-jps-mpsp,with_roads,gaussian,245,387,1,31.478000,1,1,1.000000,1,12,4,700
astar-jps-mpsp,with_roads,gaussian,111,101,1,52.499000,1,1,1.301887,1,69,25,700
astar-jps-mpsp,with_roads,gaussian,446,106,1,78.702000,1,1,1.487805,1,61,25,700
astar-jps-mpsp,with_roads,gaussian,418,398,1,94.170000,1,1,1.132075,0,60,20,700
astar-jps-mpsp,with_roads,gaussian,300,44,1,45.900000,1,1,1.642857,0,23,11,700
astar-jps-mpsp,no_roads,git_branches,1707,228,1,100.312000,0,0,,,0,0,1750
astar-jps-mpsp,no_roads,git_branches,51,627,1,360.020000,0,0,,,0,0,1750
astar-jps-mpsp,no_roads,git_branches,541,481,1,231.741000,0,0,,,0,0,1750
astar-jps-mpsp,no_roads,git_branches,285,209,1,38.032000,1,1,1.000000,1,78,26,1750
astar-jps-mpsp,no_roads,git_branches,1477,178,1,52.605000,0,0,,,0,0,1750
astar-jps-mpsp,no_roads,git_branches,1607,1098,1,26.909000,1,1,1.000000,1,138,46,1750
astar-jps-mpsp,no_roads,git_branches,65,61,1,26.169000,1,1,1.000000,1,12,4,1750
astar-jps-mpsp,no_roads,git_branches,191,453,1,43.066000,1,1,1.000000,1,114,38,1750
astar-jps-mpsp,no_roads,git_branches,508,1354,1,130.677000,0,0,,,0,0,1750
astar-jps-mpsp,no_roads,git_branches,1630,54,1,25.913000,0,0,,,0,0,1750
astar-jps-mpsp,no_roads,git_branches,1528,407,1,18.633000,0,0,,,0,0,1750
astar-jps-mpsp,no_roads,git_branches,1728,1477,1,22.539000,1,1,1.000000,1,15,5,1750
astar-jps-mpsp,no_roads,git_branches,1089,457,1,101.587000,1,1,1.000000,1,117,39,1750
astar-jps-mpsp,no_roads,git_branches,1213,1604,1,162.832000,0,0,,,0,0,1750
astar-jps-mpsp,no_roads,git_branches,645,13,1,27.086000,1,1,1.000000,1,96,32,1750
astar-jps-mpsp,no_roads,git_branches,326,1099,1,118.320000,0,0,,,0,0,1750
astar-jps-mpsp,no_roads,git_branches,835,645,1,27.939000,1,1,1.000000,1,42,14,1750
astar-jps-mpsp,no_roads,git_branches,318,446,1,22.617000,1,1,1.000000,1,84,28,1750
astar-jps-mpsp,no_roads,git_branches,814,209,1,40.905000,1,1,1.000000,1,66,22,1750
astar-jps-mpsp,no_roads,git_branches,189,953,1,46.400000,1,1,1.000000,1,126,42,1750
astar-jps-mpsp,with_roads,git_branches,1707,228,1,90.176000,0,0,,,0,0,1750
astar-jps-mpsp,with_roads,git_branches,51,627,1,359.011000,0,0,,,0,0,1750
astar-jps-mpsp,with_roads,git_branches,541,481,1,225.995000,0,0,,,0,0,1750
astar-jps-mpsp,with_roads,git_branches,285,209,1,38.389000,1,1,1.407407,1,76,26,1750
astar-jps-mpsp,with_roads,git_branches,1477,178,1,54.109000,0,0,,,0,0,1750
astar-jps-mpsp,with_roads,git_branches,1607,1098,1,27.774000,1,1,1.000000,1,138,46,1750
astar-jps-mpsp,with_roads,git_branches,65,61,1,26.686000,1,1,2.000000,0,12,4,1750
astar-jps-mpsp,with_roads,git_branches,191,453,1,41.082000,1,1,1.272727,1,112,38,1750
astar-jps-mpsp,with_roads,git_branches,508,1354,1,130.159000,0,0,,,0,0,1750
astar-jps-mpsp,with_roads,git_branches,1630,54,1,25.358000,0,0,,,0,0,1750
astar-jps-mpsp,with_roads,git_branches,1528,407,1,18.203000,0,0,,,0,0,1750
astar-jps-mpsp,with_roads,git_branches,1728,1477,1,21.262000,1,1,1.000000,1,15,5,1750
astar-jps-mpsp,with_roads,git_branches,1089,457,1,99.931000,1,1,1.161616,1,115,39,1750
astar-jps-mpsp,with_roads,git_branches,1213,1604,1,165.453000,0,0,,,0,0,1750
astar-jps-mpsp,with_roads,git_branches,645,13,1,26.453000,1,1,1.250000,1,90,32,1750
astar-jps-mpsp,with_roads,git_branches,326,1099,1,122.630000,0,0,,,0,0,1750
astar-jps-mpsp,with_roads,git_branches,835,645,1,29.271000,1,1,1.000000,1,42,14,1750
astar-jps-mpsp,with_roads,git_branches,318,446,1,23.342000,1,1,1.108108,0,82,28,1750
astar-jps-mpsp,with_roads,git_branches,814,209,1,41.945000,1,1,1.137931,0,66,22,1750
astar-jps-mpsp,with_roads,git_branches,189,953,1,45.057000,1,1,1.148148,1,124,42,1750
astar-jps-mpsp,no_roads,hooks,793,131,1,151.745000,1,1,1.000000,1,69,23,961
astar-jps-mpsp,no_roads,hooks,25,923,1,92.470000,1,1,1.000000,1,87,29,961
astar-jps-mpsp,no_roads,hooks,334,300,1,26.914000,1,1,1.000000,1,9,3,961
astar-jps-mpsp,no_roads,hooks,268,167,1,47.950000,1,1,1.000000,1,27,9,961
astar-jps-mpsp,no_roads,hooks,917,121,1,77.885000,1,1,1.000000,1,78,26,961
astar-jps-mpsp,no_roads,hooks,839,922,1,113.496000,1,1,1.000000,1,63,21,961
astar-jps-mpsp,no_roads,hooks,681,98,1,122.023000,1,1,1.000000,1,87,29,961
astar-jps-mpsp,no_roads,hooks,736,526,1,28.442000,1,1,1.000000,1,27,9,961
astar-jps-mpsp,no_roads,hooks,32,30,1,33.244000,1,1,1.000000,1,87,29,961
astar-jps-mpsp,no_roads,hooks,105,257,1,18.758000,1,1,1.000000,1,15,5,961
astar-jps-mpsp,no_roads,hooks,279,628,1,62.751000,1,1,1.000000,1,36,12,961
astar-jps-mpsp,no_roads,hooks,748,27,1,112.662000,1,1,1.000000,1,99,33,961
astar-jps-mpsp,no_roads,hooks,704,236,1,24.386000,1,1,1.000000,1,45,15,961
astar-jps-mpsp,no_roads,hooks,893,810,1,76.276000,1,1,1.000000,1,69,23,961
astar-jps-mpsp,no_roads,hooks,874,681,1,34.686000,1,1,1.000000,1,72,24,961
astar-jps-mpsp,no_roads,hooks,523,261,1,74.375000,1,1,1.000000,1,57,19,961
astar-jps-mpsp,no_roads,hooks,559,735,1,53.131000,1,1,1.000000,1,63,21,961
astar-jps-mpsp,no_roads,hooks,337,6,1,64.060000,1,1,1.000000,1,66,22,961
astar-jps-mpsp,no_roads,hooks,941,193,1,42.256000,1,1,1.000000,1,72,24,961
astar-jps-mpsp,no_roads,hooks,870,526,1,37.684000,1,1,1.000000,1,84,28,961
astar-jps-mpsp,with_roads,hooks,793,131,1,150.977000,1,1,1.000000,1,43,23,961
astar-jps-mpsp,with_roads,hooks,25,923,1,87.223000,1,1,1.024691,1,83,29,961
astar-jps-mpsp,with_roads,hooks,334,300,1,26.742000,1,1,1.000000,1,9,3,961
astar-jps-mpsp,with_roads,hooks,268,167,1,45.792000,1,1,1.000000,1,27,9,961
astar-jps-mpsp,with_roads,hooks,917,121,1,73.813000,1,1,1.055556,1,76,26,961
astar-jps-mpsp,with_roads,hooks,839,922,1,107.483000,1,1,1.000000,1,63,21,961
astar-jps-mpsp,with_roads,hooks,681,98,1,116.857000,1,1,1.175000,1,47,29,961
astar-jps-mpsp,with_roads,hooks,736,526,1,29.403000,1,1,1.000000,1,27,9,961
astar-jps-mpsp,with_roads,hooks,32,30,1,35.779000,1,1,1.197183,1,85,29,961
astar-jps-mpsp,with_roads,hooks,105,257,1,18.200000,1,1,1.000000,1,15,5,961
astar-jps-mpsp,with_roads,hooks,279,628,1,63.310000,1,1,1.000000,1,36,12,961
astar-jps-mpsp,with_roads,hooks,748,27,1,104.704000,1,1,1.043956,1,95,33,961
astar-jps-mpsp,with_roads,hooks,704,236,1,24.117000,1,1,1.102564,1,43,15,961
astar-jps-mpsp,with_roads,hooks,893,810,1,68.994000,1,1,1.000000,1,69,23,961
astar-jps-mpsp,with_roads,hooks,874,681,1,32.806000,1,1,1.090909,1,72,24,961
astar-jps-mpsp,with_roads,hooks,523,261,1,68.307000,1,1,1.434783,0,33,19,961
astar-jps-mpsp,with_roads,hooks,559,735,1,46.788000,1,1,1.050000,0,63,21,961
astar-jps-mpsp,with_roads,hooks,337,6,1,60.727000,1,1,1.222222,0,66,22,961
astar-jps-mpsp,with_roads,hooks,941,193,1,38.736000,1,1,1.291667,1,62,24,961
astar-jps-mpsp,with_roads,hooks,870,526,1,35.559000,1,1,1.120000,1,84,28,961
astar-jps-mpsp,no_roads,hopscotch,281,62,1,54.692000,1,1,1.000000,1,21,7,1240
astar-jps-mpsp,no_roads,hopscotch,674,605,1,105.182000,1,1,1.000000,1,48,16,1240
astar-jps-mpsp,no_roads,hopscotch,546,342,1,144.238000,1,1,1.000000,1,87,29,1240
astar-jps-mpsp,no_roads,hopscotch,253,219,1,22.497000,1,1,1.000000,1,9,3,1240
astar-jps-mpsp,no_roads,hopscotch,1022,80,1,323.046000,0,0,,,0,0,1240
astar-jps-mpsp,no_roads,hopscotch,74,234,1,8.030000,0,0,,,0,0,1240
astar-jps-mpsp,no_roads,hopscotch,534,566,1,17.977000,1,1,1.000000,1,3,1,1240
astar-jps-mpsp,no_roads,hopscotch,1217,65,1,44.692000,1,1,1.000000,1,111,37,1240
astar-jps-mpsp,no_roads,hopscotch,489,1017,1,34.404000,1,1,1.000000,1,51,17,1240
astar-jps-mpsp,no_roads,hopscotch,539,1088,1,41.462000,1,1,1.000000,1,84,28,1240
astar-jps-mpsp,no_roads,hopscotch,680,13,1,47.920000,1,1,1.000000,1,84,28,1240
astar-jps-mpsp,no_roads,hopscotch,387,1023,1,48.291000,1,1,1.000000,1,99,33,1240
astar-jps-mpsp,no_roads,hopscotch,832,680,1,18.542000,1,1,1.000000,1,15,5,1240
astar-jps-mpsp,no_roads,hopscotch,377,527,1,12.424000,1,1,1.000000,1,15,5,1240
astar-jps-mpsp,no_roads,hopscotch,824,253,1,66.710000,1,1,1.000000,1,87,29,1240
astar-jps-mpsp,no_roads,hopscotch,231,932,1,39.567000,1,1,1.000000,1,81,27,1240
astar-jps-mpsp,no_roads,hopscotch,242,874,1,83.717000,1,1,1.000000,1,105,35,1240
astar-jps-mpsp,no_roads,hopscotch,840,650,1,50.769000,1,1,1.000000,1,81,27,1240
astar-jps-mpsp,no_roads,hopscotch,118,1111,1,53.950000,1,1,1.000000,1,96,32,1240
astar-jps-mpsp,no_roads,hopscotch,310,929,1,81.791000,1,1,1.000000,1,114,38,1240
astar-jps-mpsp,with_roads,hopscotch,281,62,1,54.982000,1,1,1.888889,0,17,7,1240
astar-jps-mpsp,with_roads,hopscotch,674,605,1,110.484000,1,1,1.000000,1,48,16,1240
astar-jps-mpsp,with_roads,hopscotch,546,342,1,142.873000,1,1,1.512821,1,59,29,1240
astar-jps-mpsp,with_roads,hopscotch,253,219,1,23.451000,1,1,1.400000,1,7,3,1240
astar-jps-mpsp,with_roads,hopscotch,1022,80,1,324.856000,0,0,,,0,0,1240
astar-jps-mpsp,with_roads,hopscotch,74,234,1,8.190000,0,0,,,0,0,1240
astar-jps-mpsp,with_roads,hopscotch,534,566,1,17.920000,1,1,1.000000,1,3,1,1240
astar-jps-mpsp,with_roads,hopscotch,1217,65,1,45.562000,1,1,1.175824,1,107,37,1240
astar-jps-mpsp,with_roads,hopscotch,489,1017,1,39.313000,1,1,1.000000,1,51,17,1240
astar-jps-mpsp,with_roads,hopscotch,539,1088,1,41.704000,1,1,1.000000,1,74,28,1240
astar-jps-mpsp,with_roads,hopscotch,680,13,1,47.386000,1,1,1.166667,1,84,28,1240
astar-jps-mpsp,with_roads,hopscotch,387,1023,1,47.234000,1,1,1.098765,1,89,33,1240
astar-jps-mpsp,with_roads,hopscotch,832,680,1,18.341000,1,1,1.000000,1,15,5,1240
astar-jps-mpsp,with_roads,hopscotch,377,527,1,12.635000,1,1,1.000000,1,15,5,1240
astar-jps-mpsp,with_roads,hopscotch,824,253,1,68.003000,1,1,1.103896,1,85,29,1240
astar-jps-mpsp,with_roads,hopscotch,231,932,1,39.277000,1,1,1.123077,0,73,27,1240
astar-jps-mpsp,with_roads,hopscotch,242,874,1,81.816000,1,1,1.381579,1,105,35,1240
astar-jps-mpsp,with_roads,hopscotch,840,650,1,50.774000,1,1,1.000000,1,81,27,1240
astar-jps-mpsp,with_roads,hopscotch,118,1111,1,51.549000,1,1,1.066667,0,96,32,1240
astar-jps-mpsp,with_roads,hopscotch,310,929,1,82.694000,1,1,1.295455,0,114,38,1240
astar-jps-mpsp,no_roads,hourglass,792,136,1,344.150000,0,0,,,0,0,1215
astar-jps-mpsp,no_roads,hourglass,30,915,1,296.916000,0,0,,,0,0,1215
astar-jps-mpsp,no_roads,hourglass,335,298,1,168.871000,0,0,,,0,0,1215
astar-jps-mpsp,no_roads,hourglass,274,171,1,27.430000,1,1,1.000000,1,15,5,1215
astar-jps-mpsp,no_roads,hourglass,908,123,1,219.844000,0,0,,,0,0,1215
astar-jps-mpsp,no_roads,hourglass,837,912,1,40.700000,0,0,,,0,0,1215
astar-jps-mpsp,no_roads,hourglass,1099,677,1,145.215000,0,0,,,0,0,1215
astar-jps-mpsp,no_roads,hourglass,104,732,1,177.864000,0,0,,,0,0,1215
astar-jps-mpsp,no_roads,hourglass,513,38,1,28.650000,0,0,,,0,0,1215
astar-jps-mpsp,no_roads,hourglass,36,113,1,16.061000,1,1,1.000000,1,12,4,1215
astar-jps-mpsp,no_roads,hourglass,268,285,1,48.599000,0,0,,,0,0,1215
astar-jps-mpsp,no_roads,hourglass,620,747,1,32.771000,0,0,,,0,0,1215
astar-jps-mpsp,no_roads,hourglass,33,697,1,107.242000,0,0,,,0,0,1215
astar-jps-mpsp,no_roads,hourglass,245,883,1,34.271000,0,0,,,0,0,1215
astar-jps-mpsp,no_roads,hourglass,805,867,1,29.095000,0,0,,,0,0,1215
astar-jps-mpsp,no_roads,hourglass,677,510,1,13.038000,0,0,,,0,0,1215
astar-jps-mpsp,no_roads,hourglass,270,544,1,18.925000,1,1,1.000000,1,30,10,1215
astar-jps-mpsp,no_roads,hourglass,731,338,1,12.294000,0,0,,,0,0,1215
astar-jps-mpsp,no_roads,hourglass,993,1071,1,14.746000,1,1,1.000000,1,9,3,1215
astar-jps-mpsp,no_roads,hourglass,8,935,1,107.590000,0,0,,,0,0,1215
astar-jps-mpsp,with_roads,hourglass,792,136,1,350.425000,0,0,,,0,0,1215
astar-jps-mpsp,with_roads,hourglass,30,915,1,289.548000,0,0,,,0,0,1215
astar-jps-mpsp,with_roads,hourglass,335,298,1,171.810000,0,0,,,0,0,1215
astar-jps-mpsp,with_roads,hourglass,274,171,1,29.202000,1,1,1.000000,1,15,5,1215
astar-jps-mpsp,with_roads,hourglass,908,123,1,224.566000,0,0,,,0,0,1215
astar-jps-mpsp,with_roads,hourglass,837,912,1,40.564000,0,0,,,0,0,1215
astar-jps-mpsp,with_roads,hourglass,1099,677,1,148.838000,0,0,,,0,0,1215
astar-jps-mpsp,with_roads,hourglass,104,732,1,177.033000,0,0,,,0,0,1215
astar-jps-mpsp,with_roads,hourglass,513,38,1,27.913000,0,0,,,0,0,1215
astar-jps-mpsp,with_roads,hourglass,36,113,1,16.548000,1,1,1.000000,1,12,4,1215
astar-jps-mpsp,with_roads,hourglass,268,285,1,49.049000,0,0,,,0,0,1215
astar-jps-mpsp,with_roads,hourglass,620,747,1,27.436000,0,0,,,0,0,1215
astar-jps-mpsp,with_roads,hourglass,33,697,1,107.994000,0,0,,,0,0,1215
astar-jps-mpsp,with_roads,hourglass,245,883,1,33.281000,0,0,,,0,0,1215
astar-jps-mpsp,with_roads,hourglass,805,867,1,31.532000,0,0,,,0,0,1215
astar-jps-mpsp,with_roads,hourglass,677,510,1,12.286000,0,0,,,0,0,1215
astar-jps-mpsp,with_roads,hourglass,270,544,1,18.627000,1,1,1.000000,1,30,10,1215
astar-jps-mpsp,with_roads,hourglass,731,338,1,11.725000,0,0,,,0,0,1215
astar-jps-mpsp,with_roads,hourglass,993,1071,1,14.595000,1,1,1.000000,1,9,3,1215
astar-jps-mpsp,with_roads,hourglass,8,935,1,111.685000,0,0,,,0,0,1215
astar-jps-mpsp,no_roads,labyrinth,1977,334,1,594.930000,1,1,1.000000,1,525,175,2500
astar-jps-mpsp,no_roads,labyrinth,57,2295,1,603.458000,1,1,1.000000,1,678,226,2500
astar-jps-mpsp,no_roads,labyrinth,833,746,1,99.234000,1,1,1.000000,1,204,68,2500
astar-jps-mpsp,no_roads,labyrinth,672,407,1,137.334000,1,1,1.000000,1,186,62,2500
astar-jps-mpsp,no_roads,labyrinth,2283,309,1,270.779000,1,1,1.000000,1,600,200,2500
astar-jps-mpsp,no_roads,labyrinth,2093,2293,1,84.729000,1,1,1.000000,1,93,31,2500
astar-jps-mpsp,no_roads,labyrinth,1681,237,1,285.099000,1,1,1.000000,1,675,225,2500
astar-jps-mpsp,no_roads,labyrinth,1823,1287,1,31.546000,1,1,1.000000,1,48,16,2500
astar-jps-mpsp,no_roads,labyrinth,74,69,1,33.977000,1,1,1.000000,1,33,11,2500
astar-jps-mpsp,no_roads,labyrinth,254,659,1,57.996000,1,1,1.000000,1,72,24,2500
astar-jps-mpsp,no_roads,labyrinth,696,1558,1,171.152000,1,1,1.000000,1,294,98,2500
astar-jps-mpsp,no_roads,labyrinth,1851,60,1,236.752000,1,1,1.000000,1,492,164,2500
astar-jps-mpsp,no_roads,labyrinth,1726,610,1,196.318000,1,1,1.000000,1,342,114,2500
astar-jps-mpsp,no_roads,labyrinth,2200,2003,1,80.676000,1,1,1.000000,1,96,32,2500
astar-jps-mpsp,no_roads,labyrinth,2159,1681,1,177.134000,1,1,1.000000,1,240,80,2500
astar-jps-mpsp,no_roads,labyrinth,1281,664,1,300.925000,1,1,1.000000,1,438,146,2500
astar-jps-mpsp,no_roads,labyrinth,1386,1819,1,111.602000,1,1,1.000000,1,69,23,2500
astar-jps-mpsp,no_roads,labyrinth,842,2487,1,422.329000,1,1,1.000000,1,462,154,2500
astar-jps-mpsp,no_roads,labyrinth,13,2339,1,252.482000,1,1,1.000000,1,642,214,2500
astar-jps-mpsp,no_roads,labyrinth,2477,481,1,213.499000,1,1,1.000000,1,504,168,2500
astar-jps-mpsp,with_roads,labyrinth,1977,334,1,675.236000,1,1,1.447489,1,317,175,2500
astar-jps-mpsp,with_roads,labyrinth,57,2295,1,745.976000,1,1,1.423841,0,430,226,2500
astar-jps-mpsp,with_roads,labyrinth,833,746,1,116.002000,1,1,1.714286,0,120,68,2500
astar-jps-mpsp,with_roads,labyrinth,672,407,1,160.494000,1,1,1.080000,1,162,62,2500
astar-jps-mpsp,with_roads,labyrinth,2283,309,1,334.792000,1,1,1.462185,1,348,200,2500
astar-jps-mpsp,with_roads,labyrinth,2093,2293,1,109.873000,1,1,1.000000,1,93,31,2500
astar-jps-mpsp,with_roads,labyrinth,1681,237,1,370.613000,1,1,1.265583,1,467,225,2500
astar-jps-mpsp,with_roads,labyrinth,1823,1287,1,42.624000,1,1,1.250000,1,30,16,2500
astar-jps-mpsp,with_roads,labyrinth,74,69,1,43.728000,1,1,1.153846,1,15,11,2500
astar-jps-mpsp,with_roads,labyrinth,254,659,1,76.289000,1,1,1.000000,1,72,24,2500
astar-jps-mpsp,with_roads,labyrinth,696,1558,1,260.095000,1,1,1.457944,1,156,98,2500
astar-jps-mpsp,with_roads,labyrinth,1851,60,1,310.239000,1,1,1.602410,1,266,164,2500
astar-jps-mpsp,with_roads,labyrinth,1726,610,1,412.502000,1,1,1.321839,0,230,114,2500
astar-jps-mpsp,with_roads,labyrinth,2200,2003,1,88.126000,1,1,1.451613,1,90,32,2500
astar-jps-mpsp,with_roads,labyrinth,2159,1681,1,208.809000,1,1,1.082569,0,236,80,2500
astar-jps-mpsp,with_roads,labyrinth,1281,664,1,327.260000,1,1,1.403846,1,292,146,2500
astar-jps-mpsp,with_roads,labyrinth,1386,1819,1,71.250000,1,1,1.689655,1,49,23,2500
astar-jps-mpsp,with_roads,labyrinth,842,2487,1,319.181000,1,1,1.276786,1,286,154,2500
astar-jps-mpsp,with_roads,labyrinth,13,2339,1,320.979000,1,1,1.445255,1,396,214,2500
astar-jps-mpsp,with_roads,labyrinth,2477,481,1,219.944000,1,1,1.525773,1,296,168,2500
astar-jps-mpsp,no_roads,landscape,796,114,1,144.407000,1,1,1.000000,1,69,23,900
astar-jps-mpsp,no_roads,landscape,25,314,1,65.283000,1,1,1.000000,1,36,12,900
astar-jps-mpsp,no_roads,landscape,278,249,1,20.154000,1,1,1.000000,1,3,1,900
astar-jps-mpsp,no_roads,landscape,143,896,1,93.542000,1,1,1.000000,1,75,25,900
astar-jps-mpsp,no_roads,landscape,104,834,1,70.324000,1,1,1.000000,1,72,24,900
astar-jps-mpsp,no_roads,landscape,687,89,1,66.480000,1,1,1.000000,1,60,20,900
astar-jps-mpsp,no_roads,landscape,745,532,1,42.661000,1,1,1.000000,1,27,9,900
astar-jps-mpsp,no_roads,landscape,32,30,1,25.838000,1,1,1.000000,1,6,2,900
astar-jps-mpsp,no_roads,landscape,95,244,1,34.624000,1,1,1.000000,1,15,5,900
astar-jps-mpsp,no_roads,landscape,262,633,1,54.781000,1,1,1.000000,1,57,19,900
astar-jps-mpsp,no_roads,landscape,757,27,1,115.112000,1,1,1.000000,1,87,29,900
astar-jps-mpsp,no_roads,landscape,712,219,1,64.732000,1,1,1.000000,1,51,17,900
astar-jps-mpsp,no_roads,landscape,875,807,1,25.370000,1,1,1.000000,1,66,22,900
astar-jps-mpsp,no_roads,landscape,860,687,1,28.813000,1,1,1.000000,1,21,7,900
astar-jps-mpsp,no_roads,landscape,529,246,1,68.278000,1,1,1.000000,1,48,16,900
astar-jps-mpsp,no_roads,landscape,560,744,1,14.788000,1,1,1.000000,1,18,6,900
astar-jps-mpsp,no_roads,landscape,317,6,1,84.702000,1,1,1.000000,1,39,13,900
astar-jps-mpsp,no_roads,landscape,164,856,1,80.497000,1,1,1.000000,1,69,23,900
astar-jps-mpsp,no_roads,landscape,532,415,1,22.675000,1,1,1.000000,1,18,6,900
astar-jps-mpsp,no_roads,landscape,317,160,1,27.973000,1,1,1.000000,1,27,9,900
astar-jps-mpsp,with_roads,landscape,796,114,1,140.253000,1,1,1.000000,1,69,23,900
astar-jps-mpsp,with_roads,landscape,25,314,1,65.847000,1,1,1.000000,1,36,12,900
astar-jps-mpsp,with_roads,landscape,278,249,1,20.190000,1,1,1.000000,1,3,1,900
astar-jps-mpsp,with_roads,landscape,143,896,1,92.372000,1,1,1.000000,1,75,25,900
astar-jps-mpsp,with_roads,landscape,104,834,1,69.118000,1,1,1.000000,1,72,24,900
astar-jps-mpsp,with_roads,landscape,687,89,1,62.987000,1,1,1.000000,1,60,20,900
astar-jps-mpsp,with_roads,landscape,745,532,1,38.317000,1,1,1.000000,1,27,9,900
astar-jps-mpsp,with_roads,landscape,32,30,1,27.886000,1,1,1.000000,1,4,2,900
astar-jps-mpsp,with_roads,landscape,95,244,1,69.618000,1,1,1.285714,1,9,5,900
astar-jps-mpsp,with_roads,landscape,262,633,1,58.913000,1,1,1.000000,1,53,19,900
astar-jps-mpsp,with_roads,landscape,757,27,1,103.681000,1,1,1.011628,0,87,29,900
astar-jps-mpsp,with_roads,landscape,712,219,1,52.705000,1,1,1.000000,1,51,17,900
astar-jps-mpsp,with_roads,landscape,875,807,1,21.762000,1,1,1.000000,1,66,22,900
astar-jps-mpsp,with_roads,landscape,860,687,1,24.372000,1,1,1.000000,1,21,7,900
astar-jps-mpsp,with_roads,landscape,529,246,1,57.321000,1,1,1.050000,1,42,16,900
astar-jps-mpsp,with_roads,landscape,560,744,1,13.612000,1,1,1.000000,1,18,6,900
astar-jps-mpsp,with_roads,landscape,317,6,1,46.098000,1,1,1.000000,1,39,13,900
astar-jps-mpsp,with_roads,landscape,164,856,1,61.529000,1,1,1.105263,1,63,23,900
astar-jps-mpsp,with_roads,landscape,532,415,1,17.704000,1,1,1.000000,1,18,6,900
astar-jps-mpsp,with_roads,landscape,317,160,1,24.785000,1,1,1.000000,1,27,9,900
astar-jps-mpsp,no_roads,mandelbrot,1578,280,1,100.886000,1,1,1.000000,1,78,26,2050
astar-jps-mpsp,no_roads,mandelbrot,55,1846,1,198.393000,1,1,1.000000,1,141,47,2050
astar-jps-mpsp,no_roads,mandelbrot,685,610,1,205.219000,1,1,1.000000,1,108,36,2050
astar-jps-mpsp,no_roads,mandelbrot,564,349,1,94.054000,1,1,1.000000,1,105,35,2050
astar-jps-mpsp,no_roads,mandelbrot,1824,254,1,188.732000,1,1,1.000000,1,129,43,2050
astar-jps-mpsp,no_roads,mandelbrot,1675,1844,1,37.100000,1,1,1.000000,1,57,19,2050
astar-jps-mpsp,no_roads,mandelbrot,1350,208,1,90.673000,1,1,1.000000,1,69,23,2050
astar-jps-mpsp,no_roads,mandelbrot,1458,1048,1,252.780000,1,1,1.000000,1,162,54,2050
astar-jps-mpsp,no_roads,mandelbrot,69,65,1,22.680000,1,1,1.000000,1,12,4,2050
astar-jps-mpsp,no_roads,mandelbrot,224,553,1,104.715000,1,1,1.000000,1,78,26,2050
astar-jps-mpsp,no_roads,mandelbrot,584,1245,1,67.005000,1,1,1.000000,1,72,24,2050
astar-jps-mpsp,no_roads,mandelbrot,1483,58,1,65.713000,1,1,1.000000,1,96,32,2050
astar-jps-mpsp,no_roads,mandelbrot,1390,509,1,131.005000,1,1,1.000000,1,117,39,2050
astar-jps-mpsp,no_roads,mandelbrot,1771,1600,1,89.960000,1,1,1.000000,1,84,28,2050
astar-jps-mpsp,no_roads,mandelbrot,1735,1350,1,106.942000,1,1,1.000000,1,120,40,2050
astar-jps-mpsp,no_roads,mandelbrot,1043,557,1,322.943000,1,1,1.000000,1,162,54,2050
astar-jps-mpsp,no_roads,mandelbrot,1114,1455,1,41.194000,0,0,,,0,0,2050
astar-jps-mpsp,no_roads,mandelbrot,691,2011,1,88.758000,1,1,1.000000,1,93,31,2050
astar-jps-mpsp,no_roads,mandelbrot,13,1893,1,117.011000,1,1,1.000000,1,117,39,2050
astar-jps-mpsp,no_roads,mandelbrot,2004,403,1,206.491000,1,1,1.000000,1,111,37,2050
astar-jps-mpsp,with_roads,mandelbrot,1578,280,1,126.420000,1,1,1.000000,1,78,26,2050
astar-jps-mpsp,with_roads,mandelbrot,55,1846,1,204.077000,1,1,1.073394,0,117,47,2050
astar-jps-mpsp,with_roads,mandelbrot,685,610,1,221.478000,1,1,1.000000,1,84,36,2050
astar-jps-mpsp,with_roads,mandelbrot,564,349,1,86.394000,1,1,1.042105,1,99,35,2050
astar-jps-mpsp,with_roads,mandelbrot,1824,254,1,179.351000,1,1,1.019417,1,105,43,2050
astar-jps-mpsp,with_roads,mandelbrot,1675,1844,1,33.639000,1,1,1.000000,1,57,19,2050
astar-jps-mpsp,with_roads,mandelbrot,1350,208,1,78.001000,1,1,1.000000,1,69,23,2050
astar-jps-mpsp,with_roads,mandelbrot,1458,1048,1,215.655000,1,1,1.000000,1,162,54,2050
astar-jps-mpsp,with_roads,mandelbrot,69,65,1,19.573000,1,1,2.000000,0,12,4,2050
astar-jps-mpsp,with_roads,mandelbrot,224,553,1,83.385000,1,1,1.321429,1,74,26,2050
astar-jps-mpsp,with_roads,mandelbrot,584,1245,1,56.408000,1,1,1.000000,1,72,24,2050
astar-jps-mpsp,with_roads,mandelbrot,1483,58,1,63.048000,1,1,1.028571,1,72,32,2050
astar-jps-mpsp,with_roads,mandelbrot,1390,509,1,107.016000,1,1,1.000000,1,93,39,2050
astar-jps-mpsp,with_roads,mandelbrot,1771,1600,1,69.703000,1,1,1.000000,1,84,28,2050
astar-jps-mpsp,with_roads,mandelbrot,1735,1350,1,84.363000,1,1,1.000000,1,120,40,2050
astar-jps-mpsp,with_roads,mandelbrot,1043,557,1,230.808000,1,1,1.000000,1,138,54,2050
astar-jps-mpsp,with_roads,mandelbrot,1114,1455,1,26.123000,0,0,,,0,0,2050
astar-jps-mpsp,with_roads,mandelbrot,691,2011,1,32.442000,1,1,1.000000,1,93,31,2050
astar-jps-mpsp,with_roads,mandelbrot,13,1893,1,50.031000,1,1,1.135417,0,109,39,2050
astar-jps-mpsp,with_roads,mandelbrot,2004,403,1,89.633000,1,1,1.000000,1,111,37,2050
astar-jps-mpsp,no_roads,metropolitan_dystopia,1815,305,1,691.270000,1,1,1.000000,1,375,125,2500
astar-jps-mpsp,no_roads,metropolitan_dystopia,54,2132,1,443.350000,1,1,1.000000,1,240,80,2500
astar-jps-mpsp,no_roads,metropolitan_dystopia,796,704,1,262.399000,1,1,1.000000,1,216,72,2500
astar-jps-mpsp,no_roads,metropolitan_dystopia,645,386,1,50.878000,1,1,1.000000,1,48,16,2500
astar-jps-mpsp,no_roads,metropolitan_dystopia,2113,274,1,305.459000,1,1,1.000000,1,381,127,2500
astar-jps-mpsp,no_roads,metropolitan_dystopia,1921,2129,1,50.557000,1,1,1.000000,1,78,26,2500
astar-jps-mpsp,no_roads,metropolitan_dystopia,1547,230,1,314.535000,1,1,1.000000,1,246,82,2500
astar-jps-mpsp,no_roads,metropolitan_dystopia,1681,1207,1,73.618000,1,1,1.000000,1,129,43,2500
astar-jps-mpsp,no_roads,metropolitan_dystopia,77,69,1,29.356000,1,1,1.000000,1,24,8,2500
astar-jps-mpsp,no_roads,metropolitan_dystopia,250,633,1,113.488000,1,1,1.000000,1,150,50,2500
astar-jps-mpsp,no_roads,metropolitan_dystopia,667,1431,1,88.724000,1,1,1.000000,1,141,47,2500
astar-jps-mpsp,no_roads,metropolitan_dystopia,1705,57,1,238.765000,1,1,1.000000,1,381,127,2500
astar-jps-mpsp,no_roads,metropolitan_dystopia,1594,576,1,319.601000,1,1,1.000000,1,309,103,2500
astar-jps-mpsp,no_roads,metropolitan_dystopia,2037,1847,1,45.925000,1,1,1.000000,1,36,12,2500
astar-jps-mpsp,no_roads,metropolitan_dystopia,1995,1547,1,46.576000,1,1,1.000000,1,33,11,2500
astar-jps-mpsp,no_roads,metropolitan_dystopia,1202,639,1,213.850000,1,1,1.000000,1,225,75,2500
astar-jps-mpsp,no_roads,metropolitan_dystopia,1281,1677,1,33.291000,1,1,1.000000,1,24,8,2500
astar-jps-mpsp,no_roads,metropolitan_dystopia,802,2325,1,172.851000,1,1,1.000000,1,240,80,2500
astar-jps-mpsp,no_roads,metropolitan_dystopia,2486,13,1,221.944000,1,1,1.000000,1,249,83,2500
astar-jps-mpsp,no_roads,metropolitan_dystopia,2182,2318,1,49.291000,1,1,1.000000,1,69,23,2500
astar-jps-mpsp,with_roads,metropolitan_dystopia,1815,305,1,1260.369000,1,1,1.091255,1,287,125,2500
astar-jps-mpsp,with_roads,metropolitan_dystopia,54,2132,1,642.860000,1,1,1.156250,1,148,80,2500
astar-jps-mpsp,with_roads,metropolitan_dystopia,796,704,1,378.208000,1,1,1.032258,1,192,72,2500
astar-jps-mpsp,with_roads,metropolitan_dystopia,645,386,1,71.019000,1,1,1.000000,1,48,16,2500
astar-jps-mpsp,with_roads,metropolitan_dystopia,2113,274,1,412.794000,1,1,1.111465,1,349,127,2500
astar-jps-mpsp,with_roads,metropolitan_dystopia,1921,2129,1,79.408000,1,1,1.000000,1,78,26,2500
astar-jps-mpsp,with_roads,metropolitan_dystopia,1547,230,1,296.699000,1,1,1.273885,1,200,82,2500
astar-jps-mpsp,with_roads,metropolitan_dystopia,1681,1207,1,96.991000,1,1,1.369231,1,89,43,2500
astar-jps-mpsp,with_roads,metropolitan_dystopia,77,69,1,38.379000,1,1,1.000000,1,24,8,2500
astar-jps-mpsp,with_roads,metropolitan_dystopia,250,633,1,158.592000,1,1,1.000000,1,146,50,2500
astar-jps-mpsp,with_roads,metropolitan_dystopia,667,1431,1,122.499000,1,1,1.047059,1,89,47,2500
astar-jps-mpsp,with_roads,metropolitan_dystopia,1705,57,1,321.102000,1,1,1.255396,1,349,127,2500
astar-jps-mpsp,with_roads,metropolitan_dystopia,1594,576,1,424.229000,1,1,1.204762,1,253,103,2500
astar-jps-mpsp,with_roads,metropolitan_dystopia,2037,1847,1,62.410000,1,1,1.062500,1,34,12,2500
astar-jps-mpsp,with_roads,metropolitan_dystopia,1995,1547,1,63.210000,1,1,1.000000,1,25,11,2500
astar-jps-mpsp,with_roads,metropolitan_dystopia,1202,639,1,262.179000,1,1,1.032432,0,191,75,2500
astar-jps-mpsp,with_roads,metropolitan_dystopia,1281,1677,1,42.189000,1,1,1.000000,1,24,8,2500
astar-jps-mpsp,with_roads,metropolitan_dystopia,802,2325,1,231.472000,1,1,1.063291,0,168,80,2500
astar-jps-mpsp,with_roads,metropolitan_dystopia,2486,13,1,285.870000,1,1,1.232955,1,217,83,2500
astar-jps-mpsp,with_roads,metropolitan_dystopia,2182,2318,1,62.124000,1,1,1.000000,1,69,23,2500
astar-jps-mpsp,no_roads,minimaze,478,84,1,121.735000,1,1,1.000000,1,57,19,625
astar-jps-mpsp,no_roads,minimaze,16,551,1,153.988000,1,1,1.000000,1,87,29,625
astar-jps-mpsp,no_roads,minimaze,214,181,1,36.535000,1,1,1.000000,1,24,8,625
astar-jps-mpsp,no_roads,minimaze,164,101,1,97.801000,1,1,1.000000,1,75,25,625
astar-jps-mpsp,no_roads,minimaze,549,77,1,221.579000,1,1,1.000000,1,93,31,625
astar-jps-mpsp,no_roads,minimaze,502,551,1,24.031000,1,1,1.000000,1,6,2,625
astar-jps-mpsp,no_roads,minimaze,403,61,1,48.831000,1,1,1.000000,1,51,17,625
astar-jps-mpsp,no_roads,minimaze,441,330,1,76.910000,1,1,1.000000,1,75,25,625
astar-jps-mpsp,no_roads,minimaze,21,19,1,20.723000,1,1,1.000000,1,6,2,625
astar-jps-mpsp,no_roads,minimaze,65,161,1,23.373000,1,1,1.000000,1,21,7,625
astar-jps-mpsp,no_roads,minimaze,171,380,1,88.218000,1,1,1.000000,1,75,25,625
astar-jps-mpsp,no_roads,minimaze,448,17,1,51.981000,1,1,1.000000,1,51,17,625
astar-jps-mpsp,no_roads,minimaze,422,148,1,26.284000,1,1,1.000000,1,33,11,625
astar-jps-mpsp,no_roads,minimaze,525,485,1,56.572000,1,1,1.000000,1,36,12,625
astar-jps-mpsp,no_roads,minimaze,518,403,1,64.329000,1,1,1.000000,1,75,25,625
astar-jps-mpsp,no_roads,minimaze,328,162,1,99.719000,1,1,1.000000,1,51,17,625
astar-jps-mpsp,no_roads,minimaze,345,439,1,25.934000,1,1,1.000000,1,21,7,625
astar-jps-mpsp,no_roads,minimaze,216,592,1,60.412000,1,1,1.000000,1,51,17,625
astar-jps-mpsp,no_roads,minimaze,624,6,1,86.716000,1,1,1.000000,1,93,31,625
astar-jps-mpsp,no_roads,minimaze,560,590,1,69.606000,1,1,1.000000,1,51,17,625
astar-jps-mpsp,with_roads,minimaze,478,84,1,116.386000,1,1,1.000000,1,57,19,625
astar-jps-mpsp,with_roads,minimaze,16,551,1,157.521000,1,1,1.000000,1,87,29,625
astar-jps-mpsp,with_roads,minimaze,214,181,1,34.930000,1,1,1.000000,1,24,8,625
astar-jps-mpsp,with_roads,minimaze,164,101,1,92.573000,1,1,1.000000,1,75,25,625
astar-jps-mpsp,with_roads,minimaze,549,77,1,225.363000,1,1,1.000000,1,93,31,625
astar-jps-mpsp,with_roads,minimaze,502,551,1,23.838000,1,1,1.000000,1,6,2,625
astar-jps-mpsp,with_roads,minimaze,403,61,1,47.208000,1,1,1.000000,1,51,17,625
astar-jps-mpsp,with_roads,minimaze,441,330,1,75.654000,1,1,1.000000,1,75,25,625
astar-jps-mpsp,with_roads,minimaze,21,19,1,19.588000,1,1,1.000000,1,6,2,625
astar-jps-mpsp,with_roads,minimaze,65,161,1,22.770000,1,1,1.000000,1,21,7,625
astar-jps-mpsp,with_roads,minimaze,171,380,1,86.239000,1,1,1.000000,1,75,25,625
astar-jps-mpsp,with_roads,minimaze,448,17,1,52.417000,1,1,1.000000,1,51,17,625
astar-jps-mpsp,with_roads,minimaze,422,148,1,30.250000,1,1,1.000000,1,33,11,625
astar-jps-mpsp,with_roads,minimaze,525,485,1,61.420000,1,1,1.000000,1,36,12,625
astar-jps-mpsp,with_roads,minimaze,518,403,1,68.973000,1,1,1.000000,1,75,25,625
astar-jps-mpsp,with_roads,minimaze,328,162,1,101.763000,1,1,1.000000,1,51,17,625
astar-jps-mpsp,with_roads,minimaze,345,439,1,27.388000,1,1,1.000000,1,21,7,625
astar-jps-mpsp,with_roads,minimaze,216,592,1,61.295000,1,1,1.000000,1,51,17,625
astar-jps-mpsp,with_roads,minimaze,624,6,1,86.592000,1,1,1.000000,1,93,31,625
astar-jps-mpsp,with_roads,minimaze,560,590,1,74.537000,1,1,1.000000,1,51,17,625
astar-jps-mpsp,no_roads,perch_point,825,134,1,90.549000,1,1,1.000000,1,69,23,900
astar-jps-mpsp,no_roads,perch_point,27,340,1,169.085000,1,1,1.000000,1,120,40,900
astar-jps-mpsp,no_roads,perch_point,304,270,1,45.478000,1,1,1.000000,1,12,4,900
astar-jps-mpsp,no_roads,perch_point,167,122,1,267.137000,1,1,1.000000,1,126,42,900
astar-jps-mpsp,no_roads,perch_point,870,708,1,61.784000,1,1,1.000000,1,54,18,900
astar-jps-mpsp,no_roads,perch_point,102,756,1,78.710000,1,1,1.000000,1,69,23,900
astar-jps-mpsp,no_roads,perch_point,542,35,1,56.591000,1,1,1.000000,1,51,17,900
astar-jps-mpsp,no_roads,perch_point,32,113,1,376.968000,1,1,1.000000,1,189,63,900
astar-jps-mpsp,no_roads,perch_point,265,286,1,97.997000,1,1,1.000000,1,102,34,900
astar-jps-mpsp,no_roads,perch_point,653,770,1,41.177000,1,1,1.000000,1,27,9,900
astar-jps-mpsp,no_roads,perch_point,29,724,1,79.447000,1,1,1.000000,1,132,44,900
astar-jps-mpsp,no_roads,perch_point,241,837,1,75.482000,1,1,1.000000,1,114,38,900
astar-jps-mpsp,no_roads,perch_point,896,708,1,49.301000,1,1,1.000000,1,24,8,900
astar-jps-mpsp,no_roads,perch_point,539,267,1,38.041000,1,1,1.000000,1,27,9,900
astar-jps-mpsp,no_roads,perch_point,578,755,1,48.218000,1,1,1.000000,1,39,13,900
astar-jps-mpsp,no_roads,perch_point,347,6,1,134.262000,1,1,1.000000,1,120,40,900
astar-jps-mpsp,no_roads,perch_point,193,892,1,37.661000,1,1,1.000000,1,69,23,900
astar-jps-mpsp,no_roads,perch_point,542,444,1,196.388000,1,1,1.000000,1,105,35,900
astar-jps-mpsp,no_roads,perch_point,347,188,1,28.145000,1,1,1.000000,1,30,10,900
astar-jps-mpsp,no_roads,perch_point,261,435,1,45.910000,1,1,1.000000,1,33,11,900
astar-jps-mpsp,with_roads,perch_point,825,134,1,93.776000,1,1,1.169492,1,69,23,900
astar-jps-mpsp,with_roads,perch_point,27,340,1,175.523000,1,1,1.000000,1,120,40,900
astar-jps-mpsp,with_roads,perch_point,304,270,1,43.055000,1,1,1.666667,1,10,4,900
astar-jps-mpsp,with_roads,perch_point,167,122,1,267.662000,1,1,1.529412,1,104,42,900
astar-jps-mpsp,with_roads,perch_point,870,708,1,61.175000,1,1,1.058824,1,54,18,900
astar-jps-mpsp,with_roads,perch_point,102,756,1,82.352000,1,1,1.129630,1,61,23,900
astar-jps-mpsp,with_roads,perch_point,542,35,1,54.998000,1,1,1.807692,0,47,17,900
astar-jps-mpsp,with_roads,perch_point,32,113,1,354.270000,1,1,1.351145,0,177,63,900
astar-jps-mpsp,with_roads,perch_point,265,286,1,98.713000,1,1,1.000000,1,102,34,900
astar-jps-mpsp,with_roads,perch_point,653,770,1,40.170000,1,1,1.000000,1,27,9,900
astar-jps-mpsp,with_roads,perch_point,29,724,1,73.220000,1,1,1.137931,1,132,44,900
astar-jps-mpsp,with_roads,perch_point,241,837,1,73.992000,1,1,1.500000,0,102,38,900
astar-jps-mpsp,with_roads,perch_point,896,708,1,47.166000,1,1,1.000000,1,24,8,900
astar-jps-mpsp,with_roads,perch_point,539,267,1,36.492000,1,1,1.000000,1,27,9,900
astar-jps-mpsp,with_roads,perch_point,578,755,1,44.339000,1,1,1.380952,1,29,13,900
astar-jps-mpsp,with_roads,perch_point,347,6,1,124.854000,1,1,1.606557,1,98,40,900
astar-jps-mpsp,with_roads,perch_point,193,892,1,36.618000,1,1,1.095238,1,69,23,900
astar-jps-mpsp,with_roads,perch_point,542,444,1,180.197000,1,1,1.172840,0,95,35,900
astar-jps-mpsp,with_roads,perch_point,347,188,1,27.109000,1,1,1.000000,1,30,10,900
astar-jps-mpsp,with_roads,perch_point,261,435,1,40.640000,1,1,1.000000,1,33,11,900
astar-jps-mpsp,no_roads,pixel_forest,839,135,1,34.311000,0,0,,,0,0,1125
astar-jps-mpsp,no_roads,pixel_forest,28,989,1,175.633000,1,1,1.000000,1,84,28,1125
astar-jps-mpsp,no_roads,pixel_forest,367,333,1,57.105000,1,1,1.000000,1,33,11,1125
astar-jps-mpsp,no_roads,pixel_forest,295,179,1,107.292000,1,1,1.000000,1,63,21,1125
astar-jps-mpsp,no_roads,pixel_forest,971,123,1,155.441000,1,1,1.000000,1,60,20,1125
astar-jps-mpsp,no_roads,pixel_forest,895,981,1,14.965000,0,0,,,0,0,1125
astar-jps-mpsp,no_roads,pixel_forest,706,100,1,234.937000,1,1,1.000000,1,78,26,1125
astar-jps-mpsp,no_roads,pixel_forest,769,555,1,97.039000,1,1,1.000000,1,36,12,1125
astar-jps-mpsp,no_roads,pixel_forest,37,35,1,27.433000,1,1,1.000000,1,6,2,1125
astar-jps-mpsp,no_roads,pixel_forest,107,290,1,41.352000,1,1,1.000000,1,12,4,1125
astar-jps-mpsp,no_roads,pixel_forest,315,659,1,80.327000,1,1,1.000000,1,87,29,1125
astar-jps-mpsp,no_roads,pixel_forest,783,30,1,98.338000,1,1,1.000000,1,51,17,1125
astar-jps-mpsp,no_roads,pixel_forest,725,262,1,344.570000,1,1,1.000000,1,120,40,1125
astar-jps-mpsp,no_roads,pixel_forest,947,857,1,34.066000,1,1,1.000000,1,6,2,1125
astar-jps-mpsp,no_roads,pixel_forest,928,706,1,23.688000,0,0,,,0,0,1125
astar-jps-mpsp,no_roads,pixel_forest,550,292,1,31.144000,1,1,1.000000,1,36,12,1125
astar-jps-mpsp,no_roads,pixel_forest,590,768,1,26.098000,1,1,1.000000,1,12,4,1125
astar-jps-mpsp,no_roads,pixel_forest,377,1073,1,79.052000,1,1,1.000000,1,69,23,1125
astar-jps-mpsp,no_roads,pixel_forest,7,1016,1,63.650000,1,1,1.000000,1,69,23,1125
astar-jps-mpsp,no_roads,pixel_forest,1070,208,1,55.156000,1,1,1.000000,1,57,19,1125
astar-jps-mpsp,with_roads,pixel_forest,839,135,1,39.368000,0,0,,,0,0,1125
astar-jps-mpsp,with_roads,pixel_forest,28,989,1,177.180000,1,1,1.000000,1,84,28,1125
astar-jps-mpsp,with_roads,pixel_forest,367,333,1,57.663000,1,1,1.153846,1,15,11,1125
astar-jps-mpsp,with_roads,pixel_forest,295,179,1,104.102000,1,1,1.000000,1,63,21,1125
astar-jps-mpsp,with_roads,pixel_forest,971,123,1,153.960000,1,1,1.000000,1,60,20,1125
astar-jps-mpsp,with_roads,pixel_forest,895,981,1,14.545000,0,0,,,0,0,1125
astar-jps-mpsp,with_roads,pixel_forest,706,100,1,239.097000,1,1,1.250000,1,60,26,1125
astar-jps-mpsp,with_roads,pixel_forest,769,555,1,97.676000,1,1,1.000000,1,36,12,1125
astar-jps-mpsp,with_roads,pixel_forest,37,35,1,28.017000,1,1,1.000000,1,6,2,1125
astar-jps-mpsp,with_roads,pixel_forest,107,290,1,36.924000,1,1,1.000000,1,12,4,1125
astar-jps-mpsp,with_roads,pixel_forest,315,659,1,83.782000,1,1,1.372093,0,59,29,1125
astar-jps-mpsp,with_roads,pixel_forest,783,30,1,106.952000,1,1,1.000000,1,49,17,1125
astar-jps-mpsp,with_roads,pixel_forest,725,262,1,344.370000,1,1,1.100000,1,110,40,1125
astar-jps-mpsp,with_roads,pixel_forest,947,857,1,28.417000,1,1,1.000000,1,6,2,1125
astar-jps-mpsp,with_roads,pixel_forest,928,706,1,24.635000,0,0,,,0,0,1125
astar-jps-mpsp,with_roads,pixel_forest,550,292,1,32.069000,1,1,1.090909,1,24,12,1125
astar-jps-mpsp,with_roads,pixel_forest,590,768,1,24.758000,1,1,1.000000,1,12,4,1125
astar-jps-mpsp,with_roads,pixel_forest,377,1073,1,78.180000,1,1,1.135593,1,67,23,1125
astar-jps-mpsp,with_roads,pixel_forest,7,1016,1,64.314000,1,1,1.181818,1,65,23,1125
astar-jps-mpsp,with_roads,pixel_forest,1070,208,1,56.208000,1,1,1.000000,1,57,19,1125
astar-jps-mpsp,no_roads,pls_buy_cucats_merch,493,103,1,93.380000,1,1,1.000000,1,24,8,2401
astar-jps-mpsp,no_roads,pls_buy_cucats_merch,1289,1162,1,150.782000,1,1,1.000000,1,60,20,2401
astar-jps-mpsp,no_roads,pls_buy_cucats_merch,1069,627,1,54.045000,1,1,1.000000,1,27,9,2401
astar-jps-mpsp,no_roads,pls_buy_cucats_merch,450,384,1,121.664000,1,1,1.000000,1,96,32,2401
astar-jps-mpsp,no_roads,pls_buy_cucats_merch,2020,135,1,459.726000,1,1,1.000000,1,120,40,2401
astar-jps-mpsp,no_roads,pls_buy_cucats_merch,124,411,1,119.420000,1,1,1.000000,1,27,9,2401
astar-jps-mpsp,no_roads,pls_buy_cucats_merch,1024,1109,1,111.485000,1,1,1.000000,1,39,13,2401
astar-jps-mpsp,no_roads,pls_buy_cucats_merch,2389,109,1,272.100000,1,1,1.000000,1,138,46,2401
astar-jps-mpsp,no_roads,pls_buy_cucats_merch,927,2010,1,317.287000,1,1,1.000000,1,135,45,2401
astar-jps-mpsp,no_roads,pls_buy_cucats_merch,1031,2140,1,330.768000,1,1,1.000000,1,93,31,2401
astar-jps-mpsp,no_roads,pls_buy_cucats_merch,1302,26,1,85.865000,1,1,1.000000,1,78,26,2401
astar-jps-mpsp,no_roads,pls_buy_cucats_merch,733,2023,1,232.105000,1,1,1.000000,1,114,38,2401
astar-jps-mpsp,no_roads,pls_buy_cucats_merch,1625,1301,1,81.103000,1,1,1.000000,1,60,20,2401
astar-jps-mpsp,no_roads,pls_buy_cucats_merch,713,1004,1,46.074000,1,1,1.000000,1,24,8,2401
astar-jps-mpsp,no_roads,pls_buy_cucats_merch,1606,449,1,226.468000,1,1,1.000000,1,114,38,2401
astar-jps-mpsp,no_roads,pls_buy_cucats_merch,407,1828,1,122.620000,1,1,1.000000,1,90,30,2401
astar-jps-mpsp,no_roads,pls_buy_cucats_merch,426,1718,1,221.989000,1,1,1.000000,1,105,35,2401
astar-jps-mpsp,no_roads,pls_buy_cucats_merch,1644,1244,1,41.798000,1,1,1.000000,1,30,10,2401
astar-jps-mpsp,no_roads,pls_buy_cucats_merch,190,2188,1,417.670000,1,1,1.000000,1,126,42,2401
astar-jps-mpsp,no_roads,pls_buy_cucats_merch,557,1820,1,99.046000,1,1,1.000000,1,93,31,2401
astar-jps-mpsp,with_roads,pls_buy_cucats_merch,493,103,1,96.809000,1,1,1.090909,0,24,8,2401
astar-jps-mpsp,with_roads,pls_buy_cucats_merch,1289,1162,1,114.259000,1,1,1.000000,1,60,20,2401
astar-jps-mpsp,with_roads,pls_buy_cucats_merch,1069,627,1,40.141000,1,1,1.000000,1,27,9,2401
astar-jps-mpsp,with_roads,pls_buy_cucats_merch,450,384,1,92.132000,1,1,1.500000,0,96,32,2401
astar-jps-mpsp,with_roads,pls_buy_cucats_merch,2020,135,1,467.072000,1,1,1.428571,0,120,40,2401
astar-jps-mpsp,with_roads,pls_buy_cucats_merch,124,411,1,109.510000,1,1,1.000000,1,27,9,2401
astar-jps-mpsp,with_roads,pls_buy_cucats_merch,1024,1109,1,86.800000,1,1,1.000000,1,39,13,2401
astar-jps-mpsp,with_roads,pls_buy_cucats_merch,2389,109,1,214.971000,1,1,1.045455,1,138,46,2401
astar-jps-mpsp,with_roads,pls_buy_cucats_merch,927,2010,1,290.710000,1,1,1.032000,1,129,45,2401
astar-jps-mpsp,with_roads,pls_buy_cucats_merch,1031,2140,1,399.501000,1,1,1.044944,0,93,31,2401
astar-jps-mpsp,with_roads,pls_buy_cucats_merch,1302,26,1,90.252000,1,1,1.000000,1,76,26,2401
astar-jps-mpsp,with_roads,pls_buy_cucats_merch,733,2023,1,250.443000,1,1,1.000000,1,114,38,2401
astar-jps-mpsp,with_roads,pls_buy_cucats_merch,1625,1301,1,81.998000,1,1,1.000000,1,60,20,2401
astar-jps-mpsp,with_roads,pls_buy_cucats_merch,713,1004,1,54.554000,1,1,1.000000,1,24,8,2401
astar-jps-mpsp,with_roads,pls_buy_cucats_merch,1606,449,1,233.661000,1,1,1.000000,1,114,38,2401
astar-jps-mpsp,with_roads,pls_buy_cucats_merch,407,1828,1,128.083000,1,1,1.097561,0,90,30,2401
astar-jps-mpsp,with_roads,pls_buy_cucats_merch,426,1718,1,216.176000,1,1,1.202381,0,101,35,2401
astar-jps-mpsp,with_roads,pls_buy_cucats_merch,1644,1244,1,40.196000,1,1,1.000000,1,30,10,2401
astar-jps-mpsp,with_roads,pls_buy_cucats_merch,190,2188,1,774.145000,1,1,1.000000,1,126,42,2401
astar-jps-mpsp,with_roads,pls_buy_cucats_merch,557,1820,1,158.101000,1,1,1.281690,0,91,31,2401
astar-jps-mpsp,no_roads,pong,1634,281,1,145.532000,1,1,1.000000,1,81,27,1750
astar-jps-mpsp,no_roads,pong,53,676,1,1019.626000,0,0,,,0,0,1750
astar-jps-mpsp,no_roads,pong,581,535,1,31.611000,1,1,1.000000,1,12,4,1750
astar-jps-mpsp,no_roads,pong,351,249,1,490.514000,0,0,,,0,0,1750
astar-jps-mpsp,no_roads,pong,1719,1326,1,392.239000,0,0,,,0,0,1750
astar-jps-mpsp,no_roads,pong,211,1455,1,40.383000,1,1,1.000000,1,75,25,1750
astar-jps-mpsp,no_roads,pong,1039,67,1,672.604000,0,0,,,0,0,1750
astar-jps-mpsp,no_roads,pong,63,227,1,273.180000,0,0,,,0,0,1750
astar-jps-mpsp,no_roads,pong,523,554,1,55.993000,1,1,1.000000,1,57,19,1750
astar-jps-mpsp,no_roads,pong,1240,1494,1,27.539000,1,1,1.000000,1,15,5,1750
astar-jps-mpsp,no_roads,pong,56,1359,1,97.098000,1,1,1.000000,1,78,26,1750
astar-jps-mpsp,no_roads,pong,483,1662,1,544.353000,0,0,,,0,0,1750
astar-jps-mpsp,no_roads,pong,1326,1029,1,48.384000,1,1,1.000000,1,18,6,1750
astar-jps-mpsp,no_roads,pong,529,1119,1,360.899000,0,0,,,0,0,1750
astar-jps-mpsp,no_roads,pong,1450,684,1,498.557000,0,0,,,0,0,1750
astar-jps-mpsp,no_roads,pong,13,398,1,364.307000,0,0,,,0,0,1750
astar-jps-mpsp,no_roads,pong,1041,831,1,34.163000,1,1,1.000000,1,30,10,1750
astar-jps-mpsp,no_roads,pong,684,388,1,15.166000,1,1,1.000000,1,18,6,1750
astar-jps-mpsp,no_roads,pong,516,821,1,21.578000,1,1,1.000000,1,18,6,1750
astar-jps-mpsp,no_roads,pong,249,223,1,291.577000,0,0,,,0,0,1750
astar-jps-mpsp,with_roads,pong,1634,281,1,91.665000,1,1,1.000000,1,81,27,1750
astar-jps-mpsp,with_roads,pong,53,676,1,688.119000,0,0,,,0,0,1750
astar-jps-mpsp,with_roads,pong,581,535,1,27.072000,1,1,1.000000,1,12,4,1750
astar-jps-mpsp,with_roads,pong,351,249,1,370.499000,0,0,,,0,0,1750
astar-jps-mpsp,with_roads,pong,1719,1326,1,487.957000,0,0,,,0,0,1750
astar-jps-mpsp,with_roads,pong,211,1455,1,47.031000,1,1,1.000000,1,75,25,1750
astar-jps-mpsp,with_roads,pong,1039,67,1,702.487000,0,0,,,0,0,1750
astar-jps-mpsp,with_roads,pong,63,227,1,287.974000,0,0,,,0,0,1750
astar-jps-mpsp,with_roads,pong,523,554,1,57.173000,1,1,1.000000,1,57,19,1750
astar-jps-mpsp,with_roads,pong,1240,1494,1,28.867000,1,1,1.000000,1,15,5,1750
astar-jps-mpsp,with_roads,pong,56,1359,1,63.966000,1,1,1.026316,0,78,26,1750
astar-jps-mpsp,with_roads,pong,483,1662,1,420.940000,0,0,,,0,0,1750
astar-jps-mpsp,with_roads,pong,1326,1029,1,36.608000,1,1,1.000000,1,18,6,1750
astar-jps-mpsp,with_roads,pong,529,1119,1,284.017000,0,0,,,0,0,1750
astar-jps-mpsp,with_roads,pong,1450,684,1,412.118000,0,0,,,0,0,1750
astar-jps-mpsp,with_roads,pong,13,398,1,309.111000,0,0,,,0,0,1750
astar-jps-mpsp,with_roads,pong,1041,831,1,34.550000,1,1,1.000000,1,30,10,1750
astar-jps-mpsp,with_roads,pong,684,388,1,17.032000,1,1,1.000000,1,18,6,1750
astar-jps-mpsp,with_roads,pong,516,821,1,26.358000,1,1,1.000000,1,18,6,1750
astar-jps-mpsp,with_roads,pong,249,223,1,411.187000,0,0,,,0,0,1750
astar-jps-mpsp,no_roads,rush_bait,1071,153,1,514.589000,1,1,1.000000,1,195,65,1225
astar-jps-mpsp,no_roads,rush_bait,27,1215,1,167.319000,1,1,1.000000,1,126,42,1225
astar-jps-mpsp,no_roads,rush_bait,450,373,1,89.432000,1,1,1.000000,1,69,23,1225
astar-jps-mpsp,no_roads,rush_bait,334,200,1,46.402000,1,1,1.000000,1,30,10,1225
astar-jps-mpsp,no_roads,rush_bait,1210,133,1,94.414000,1,1,1.000000,1,138,46,1225
astar-jps-mpsp,no_roads,rush_bait,1139,1214,1,23.082000,1,1,1.000000,1,15,5,1225
astar-jps-mpsp,no_roads,rush_bait,919,105,1,84.704000,1,1,1.000000,1,117,39,1225
astar-jps-mpsp,no_roads,rush_bait,990,664,1,80.277000,1,1,1.000000,1,117,39,1225
astar-jps-mpsp,no_roads,rush_bait,34,32,1,20.475000,1,1,1.000000,1,6,2,1225
astar-jps-mpsp,no_roads,rush_bait,118,323,1,135.223000,1,1,1.000000,1,102,34,1225
astar-jps-mpsp,no_roads,rush_bait,347,850,1,173.291000,1,1,1.000000,1,132,44,1225
astar-jps-mpsp,no_roads,rush_bait,1009,29,1,86.020000,1,1,1.000000,1,90,30,1225
astar-jps-mpsp,no_roads,rush_bait,944,296,1,123.683000,1,1,1.000000,1,132,44,1225
astar-jps-mpsp,no_roads,rush_bait,1187,1093,1,55.762000,1,1,1.000000,1,87,29,1225
astar-jps-mpsp,no_roads,rush_bait,1169,919,1,40.014000,1,1,1.000000,1,21,7,1225
astar-jps-mpsp,no_roads,rush_bait,659,331,1,102.115000,1,1,1.000000,1,108,36,1225
astar-jps-mpsp,no_roads,rush_bait,705,989,1,67.945000,1,1,1.000000,1,60,20,1225
astar-jps-mpsp,no_roads,rush_bait,453,6,1,101.538000,1,1,1.000000,1,120,40,1225
astar-jps-mpsp,no_roads,rush_bait,233,1165,1,219.046000,1,1,1.000000,1,195,65,1225
astar-jps-mpsp,no_roads,rush_bait,664,574,1,28.141000,1,1,1.000000,1,60,20,1225
astar-jps-mpsp,with_roads,rush_bait,1071,153,1,550.345000,1,1,1.435185,1,155,65,1225
astar-jps-mpsp,with_roads,rush_bait,27,1215,1,170.337000,1,1,1.244444,1,112,42,1225
astar-jps-mpsp,with_roads,rush_bait,450,373,1,83.929000,1,1,1.060000,1,53,23,1225
astar-jps-mpsp,with_roads,rush_bait,334,200,1,46.911000,1,1,1.428571,0,20,10,1225
astar-jps-mpsp,with_roads,rush_bait,1210,133,1,104.112000,1,1,1.227723,1,124,46,1225
astar-jps-mpsp,with_roads,rush_bait,1139,1214,1,26.049000,1,1,1.000000,1,15,5,1225
astar-jps-mpsp,with_roads,rush_bait,919,105,1,84.019000,1,1,1.229885,1,107,39,1225
astar-jps-mpsp,with_roads,rush_bait,990,664,1,79.311000,1,1,1.185567,1,115,39,1225
astar-jps-mpsp,with_roads,rush_bait,34,32,1,15.822000,1,1,1.000000,1,6,2,1225
astar-jps-mpsp,with_roads,rush_bait,118,323,1,124.267000,1,1,1.750000,0,84,34,1225
astar-jps-mpsp,with_roads,rush_bait,347,850,1,159.510000,1,1,1.200000,0,120,44,1225
astar-jps-mpsp,with_roads,rush_bait,1009,29,1,81.785000,1,1,1.323077,0,86,30,1225
astar-jps-mpsp,with_roads,rush_bait,944,296,1,106.897000,1,1,1.536232,1,106,44,1225
astar-jps-mpsp,with_roads,rush_bait,1187,1093,1,50.438000,1,1,1.000000,1,87,29,1225
astar-jps-mpsp,with_roads,rush_bait,1169,919,1,35.110000,1,1,1.000000,1,21,7,1225
astar-jps-mpsp,with_roads,rush_bait,659,331,1,92.277000,1,1,1.375000,0,88,36,1225
astar-jps-mpsp,with_roads,rush_bait,705,989,1,60.474000,1,1,1.000000,1,60,20,1225
astar-jps-mpsp,with_roads,rush_bait,453,6,1,92.145000,1,1,1.344828,0,78,40,1225
astar-jps-mpsp,with_roads,rush_bait,233,1165,1,199.448000,1,1,1.336134,1,159,65,1225
astar-jps-mpsp,with_roads,rush_bait,664,574,1,24.159000,1,1,1.454545,1,32,20,1225
astar-jps-mpsp,no_roads,separated,1600,274,1,282.322000,1,1,1.000000,1,270,90,2500
astar-jps-mpsp,no_roads,separated,51,1863,1,633.366000,0,0,,,0,0,2500
astar-jps-mpsp,no_roads,separated,692,610,1,581.891000,0,0,,,0,0,2500
astar-jps-mpsp,no_roads,separated,558,348,1,127.134000,1,1,1.000000,1,147,49,2500
astar-jps-mpsp,no_roads,separated,1850,251,1,290.167000,0,0,,,0,0,2500
astar-jps-mpsp,no_roads,separated,1691,1861,1,324.938000,0,0,,,0,0,2500
astar-jps-mpsp,no_roads,separated,2244,1371,1,44.625000,1,1,1.000000,1,69,23,2500
astar-jps-mpsp,no_roads,separated,207,1482,1,272.114000,0,0,,,0,0,2500
astar-jps-mpsp,no_roads,separated,1054,65,1,271.215000,0,0,,,0,0,2500
astar-jps-mpsp,no_roads,separated,61,223,1,248.205000,0,0,,,0,0,2500
astar-jps-mpsp,no_roads,separated,548,579,1,314.988000,0,0,,,0,0,2500
astar-jps-mpsp,no_roads,separated,1268,1508,1,320.042000,0,0,,,0,0,2500
astar-jps-mpsp,no_roads,separated,54,1416,1,251.939000,0,0,,,0,0,2500
astar-jps-mpsp,no_roads,separated,501,1794,1,298.374000,1,1,1.000000,1,222,74,2500
astar-jps-mpsp,no_roads,separated,1624,1755,1,258.625000,0,0,,,0,0,2500
astar-jps-mpsp,no_roads,separated,1371,1049,1,238.954000,0,0,,,0,0,2500
astar-jps-mpsp,no_roads,separated,552,1124,1,46.551000,1,1,1.000000,1,66,22,2500
astar-jps-mpsp,no_roads,separated,1479,699,1,240.951000,0,0,,,0,0,2500
astar-jps-mpsp,no_roads,separated,2029,2185,1,39.149000,1,1,1.000000,1,18,6,2500
astar-jps-mpsp,no_roads,separated,13,1907,1,56.560000,1,1,1.000000,1,123,41,2500
astar-jps-mpsp,with_roads,separated,1600,274,1,305.835000,1,1,1.000000,1,270,90,2500
astar-jps-mpsp,with_roads,separated,51,1863,1,674.909000,0,0,,,0,0,2500
astar-jps-mpsp,with_roads,separated,692,610,1,641.873000,0,0,,,0,0,2500
astar-jps-mpsp,with_roads,separated,558,348,1,135.183000,1,1,1.027972,0,147,49,2500
astar-jps-mpsp,with_roads,separated,1850,251,1,301.363000,0,0,,,0,0,2500
astar-jps-mpsp,with_roads,separated,1691,1861,1,329.745000,0,0,,,0,0,2500
astar-jps-mpsp,with_roads,separated,2244,1371,1,45.656000,1,1,1.000000,1,69,23,2500
astar-jps-mpsp,with_roads,separated,207,1482,1,272.737000,0,0,,,0,0,2500
astar-jps-mpsp,with_roads,separated,1054,65,1,260.966000,0,0,,,0,0,2500
astar-jps-mpsp,with_roads,separated,61,223,1,224.689000,0,0,,,0,0,2500
astar-jps-mpsp,with_roads,separated,548,579,1,218.927000,0,0,,,0,0,2500
astar-jps-mpsp,with_roads,separated,1268,1508,1,317.997000,0,0,,,0,0,2500
astar-jps-mpsp,with_roads,separated,54,1416,1,237.381000,0,0,,,0,0,2500
astar-jps-mpsp,with_roads,separated,501,1794,1,268.717000,1,1,1.000000,1,220,74,2500
astar-jps-mpsp,with_roads,separated,1624,1755,1,398.983000,0,0,,,0,0,2500
astar-jps-mpsp,with_roads,separated,1371,1049,1,249.727000,0,0,,,0,0,2500
astar-jps-mpsp,with_roads,separated,552,1124,1,36.467000,1,1,1.153846,0,60,22,2500
astar-jps-mpsp,with_roads,separated,1479,699,1,232.279000,0,0,,,0,0,2500
astar-jps-mpsp,with_roads,separated,2029,2185,1,33.011000,1,1,1.000000,1,18,6,2500
astar-jps-mpsp,with_roads,separated,13,1907,1,50.847000,1,1,1.373333,1,103,41,2500
astar-jps-mpsp,no_roads,settlement,1543,260,1,536.782000,1,1,1.000000,1,114,38,1900
astar-jps-mpsp,no_roads,settlement,57,1798,1,510.950000,1,1,1.000000,1,138,46,1900
astar-jps-mpsp,no_roads,settlement,664,592,1,56.988000,1,1,1.000000,1,84,28,1900
astar-jps-mpsp,no_roads,settlement,536,340,1,63.361000,1,1,1.000000,1,12,4,1900
astar-jps-mpsp,no_roads,settlement,1786,237,1,86.082000,1,1,1.000000,1,93,31,1900
astar-jps-mpsp,no_roads,settlement,1624,1796,1,78.243000,1,1,1.000000,1,66,22,1900
astar-jps-mpsp,no_roads,settlement,1323,200,1,158.676000,1,1,1.000000,1,81,27,1900
astar-jps-mpsp,no_roads,settlement,1429,1033,1,30.338000,1,1,1.000000,1,24,8,1900
astar-jps-mpsp,no_roads,settlement,73,69,1,25.307000,1,1,1.000000,1,12,4,1900
astar-jps-mpsp,no_roads,settlement,215,524,1,42.352000,1,1,1.000000,1,30,10,1900
astar-jps-mpsp,no_roads,settlement,563,1236,1,100.180000,1,1,1.000000,1,75,25,1900
astar-jps-mpsp,no_roads,settlement,1454,60,1,93.198000,1,1,1.000000,1,84,28,1900
astar-jps-mpsp,no_roads,settlement,1361,472,1,133.727000,1,1,1.000000,1,63,21,1900
astar-jps-mpsp,no_roads,settlement,1736,1565,1,61.543000,1,1,1.000000,1,75,25,1900
astar-jps-mpsp,no_roads,settlement,1694,1323,1,68.401000,1,1,1.000000,1,63,21,1900
astar-jps-mpsp,no_roads,settlement,1028,530,1,38.452000,1,1,1.000000,1,30,10,1900
astar-jps-mpsp,no_roads,settlement,1099,1425,1,84.669000,1,1,1.000000,1,72,24,1900
astar-jps-mpsp,no_roads,settlement,670,15,1,38.609000,1,1,1.000000,1,39,13,1900
astar-jps-mpsp,no_roads,settlement,1836,383,1,36.085000,1,1,1.000000,1,87,29,1900
astar-jps-mpsp,no_roads,settlement,1683,1034,1,53.592000,1,1,1.000000,1,39,13,1900
astar-jps-mpsp,with_roads,settlement,1543,260,1,350.419000,1,1,1.085714,1,114,38,1900
astar-jps-mpsp,with_roads,settlement,57,1798,1,296.705000,1,1,1.107438,0,134,46,1900
astar-jps-mpsp,with_roads,settlement,664,592,1,38.279000,1,1,1.166667,0,84,28,1900
astar-jps-mpsp,with_roads,settlement,536,340,1,40.129000,1,1,1.000000,1,12,4,1900
astar-jps-mpsp,with_roads,settlement,1786,237,1,109.884000,1,1,1.000000,1,93,31,1900
astar-jps-mpsp,with_roads,settlement,1624,1796,1,98.258000,1,1,1.000000,1,66,22,1900
astar-jps-mpsp,with_roads,settlement,1323,200,1,203.537000,1,1,1.000000,1,81,27,1900
astar-jps-mpsp,with_roads,settlement,1429,1033,1,37.049000,1,1,1.000000,1,24,8,1900
astar-jps-mpsp,with_roads,settlement,73,69,1,31.339000,1,1,2.000000,0,12,4,1900
astar-jps-mpsp,with_roads,settlement,215,524,1,43.379000,1,1,1.000000,1,30,10,1900
astar-jps-mpsp,with_roads,settlement,563,1236,1,90.787000,1,1,1.000000,1,75,25,1900
astar-jps-mpsp,with_roads,settlement,1454,60,1,82.111000,1,1,1.025000,1,82,28,1900
astar-jps-mpsp,with_roads,settlement,1361,472,1,75.288000,1,1,1.000000,1,63,21,1900
astar-jps-mpsp,with_roads,settlement,1736,1565,1,54.434000,1,1,1.000000,1,75,25,1900
astar-jps-mpsp,with_roads,settlement,1694,1323,1,56.522000,1,1,1.000000,1,63,21,1900
astar-jps-mpsp,with_roads,settlement,1028,530,1,31.066000,1,1,1.000000,1,30,10,1900
astar-jps-mpsp,with_roads,settlement,1099,1425,1,69.409000,1,1,1.000000,1,72,24,1900
astar-jps-mpsp,with_roads,settlement,670,15,1,29.909000,1,1,1.121212,1,37,13,1900
astar-jps-mpsp,with_roads,settlement,1836,383,1,29.363000,1,1,1.000000,1,87,29,1900
astar-jps-mpsp,with_roads,settlement,1683,1034,1,29.778000,1,1,1.000000,1,39,13,1900
astar-jps-mpsp,no_roads,shish_kebab,391,62,1,70.920000,1,1,1.000000,1,51,17,400
astar-jps-mpsp,no_roads,shish_kebab,12,165,1,36.671000,1,1,1.000000,1,24,8,400
astar-jps-mpsp,no_roads,shish_kebab,147,135,1,30.963000,1,1,1.000000,1,24,8,400
astar-jps-mpsp,no_roads,shish_kebab,80,57,1,76.575000,1,1,1.000000,1,57,19,400
astar-jps-mpsp,no_roads,shish_kebab,338,47,1,65.894000,1,1,1.000000,1,45,15,400
astar-jps-mpsp,no_roads,shish_kebab,365,259,1,49.180000,1,1,1.000000,1,42,14,400
astar-jps-mpsp,no_roads,shish_kebab,16,15,1,12.314000,1,1,1.000000,1,3,1,400
astar-jps-mpsp,no_roads,shish_kebab,50,127,1,30.218000,1,1,1.000000,1,12,4,400
astar-jps-mpsp,no_roads,shish_kebab,140,313,1,49.529000,1,1,1.000000,1,39,13,400
astar-jps-mpsp,no_roads,shish_kebab,372,13,1,79.978000,1,1,1.000000,1,57,19,400
astar-jps-mpsp,no_roads,shish_kebab,348,117,1,29.378000,1,1,1.000000,1,36,12,400
astar-jps-mpsp,no_roads,shish_kebab,396,338,1,21.284000,1,1,1.000000,1,9,3,400
astar-jps-mpsp,no_roads,shish_kebab,257,128,1,32.067000,1,1,1.000000,1,27,9,400
astar-jps-mpsp,no_roads,shish_kebab,277,364,1,34.626000,1,1,1.000000,1,39,13,400
astar-jps-mpsp,no_roads,shish_kebab,167,3,1,20.956000,1,1,1.000000,1,24,8,400
astar-jps-mpsp,no_roads,shish_kebab,90,259,1,29.087000,1,1,1.000000,1,33,11,400
astar-jps-mpsp,no_roads,shish_kebab,206,167,1,9.805000,1,1,1.000000,1,6,2,400
astar-jps-mpsp,no_roads,shish_kebab,88,126,1,9.821000,1,1,1.000000,1,6,2,400
astar-jps-mpsp,no_roads,shish_kebab,204,57,1,34.274000,1,1,1.000000,1,45,15,400
astar-jps-mpsp,no_roads,shish_kebab,50,233,1,22.813000,1,1,1.000000,1,30,10,400
astar-jps-mpsp,with_roads,shish_kebab,391,62,1,73.788000,1,1,2.333333,1,49,17,400
astar-jps-mpsp,with_roads,shish_kebab,12,165,1,37.742000,1,1,1.000000,1,24,8,400
astar-jps-mpsp,with_roads,shish_kebab,147,135,1,33.282000,1,1,1.000000,1,24,8,400
astar-jps-mpsp,with_roads,shish_kebab,80,57,1,84.108000,1,1,1.425000,0,57,19,400
astar-jps-mpsp,with_roads,shish_kebab,338,47,1,69.104000,1,1,1.000000,1,45,15,400
astar-jps-mpsp,with_roads,shish_kebab,365,259,1,53.001000,1,1,1.117647,1,38,14,400
astar-jps-mpsp,with_roads,shish_kebab,16,15,1,12.334000,1,1,1.000000,1,3,1,400
astar-jps-mpsp,with_roads,shish_kebab,50,127,1,12.757000,1,1,1.000000,1,12,4,400
astar-jps-mpsp,with_roads,shish_kebab,140,313,1,46.150000,1,1,1.857143,0,39,13,400
astar-jps-mpsp,with_roads,shish_kebab,372,13,1,63.704000,1,1,1.390244,0,57,19,400
astar-jps-mpsp,with_roads,shish_kebab,348,117,1,29.739000,1,1,1.058824,0,36,12,400
astar-jps-mpsp,with_roads,shish_kebab,396,338,1,22.092000,1,1,1.000000,1,9,3,400
astar-jps-mpsp,with_roads,shish_kebab,257,128,1,33.021000,1,1,1.000000,1,27,9,400
astar-jps-mpsp,with_roads,shish_kebab,277,364,1,34.922000,1,1,1.064516,1,33,13,400
astar-jps-mpsp,with_roads,shish_kebab,167,3,1,28.849000,1,1,1.000000,1,22,8,400
astar-jps-mpsp,with_roads,shish_kebab,90,259,1,43.520000,1,1,1.000000,1,33,11,400
astar-jps-mpsp,with_roads,shish_kebab,206,167,1,12.268000,1,1,1.000000,1,6,2,400
astar-jps-mpsp,with_roads,shish_kebab,88,126,1,14.570000,1,1,1.000000,1,6,2,400
astar-jps-mpsp,with_roads,shish_kebab,204,57,1,41.302000,1,1,1.000000,1,45,15,400
astar-jps-mpsp,with_roads,shish_kebab,50,233,1,31.693000,1,1,1.000000,1,30,10,400
astar-jps-mpsp,no_roads,shrub,128,27,1,56.810000,1,1,1.000000,1,60,20,900
astar-jps-mpsp,no_roads,shrub,395,346,1,46.790000,1,1,1.000000,1,33,11,900
astar-jps-mpsp,no_roads,shrub,312,171,1,93.051000,1,1,1.000000,1,39,13,900
astar-jps-mpsp,no_roads,shrub,115,810,1,107.991000,1,1,1.000000,1,90,30,900
astar-jps-mpsp,no_roads,shrub,96,866,1,166.125000,1,1,1.000000,1,90,30,900
astar-jps-mpsp,no_roads,shrub,640,34,1,51.744000,1,1,1.000000,1,60,20,900
astar-jps-mpsp,no_roads,shrub,32,104,1,37.188000,1,1,1.000000,1,39,13,900
astar-jps-mpsp,no_roads,shrub,301,328,1,245.452000,1,1,1.000000,1,99,33,900
astar-jps-mpsp,no_roads,shrub,760,878,1,38.678000,1,1,1.000000,1,15,5,900
astar-jps-mpsp,no_roads,shrub,29,829,1,94.954000,1,1,1.000000,1,81,27,900
astar-jps-mpsp,no_roads,shrub,269,810,1,137.833000,1,1,1.000000,1,99,33,900
astar-jps-mpsp,no_roads,shrub,636,305,1,63.347000,1,1,1.000000,1,33,11,900
astar-jps-mpsp,no_roads,shrub,679,865,1,34.357000,1,1,1.000000,1,24,8,900
astar-jps-mpsp,no_roads,shrub,400,6,1,24.468000,1,1,1.000000,1,39,13,900
astar-jps-mpsp,no_roads,shrub,198,640,1,41.567000,1,1,1.000000,1,45,15,900
astar-jps-mpsp,no_roads,shrub,506,400,1,54.933000,1,1,1.000000,1,48,16,900
astar-jps-mpsp,no_roads,shrub,192,298,1,70.754000,1,1,1.000000,1,60,20,900
astar-jps-mpsp,no_roads,shrub,500,115,1,31.884000,1,1,1.000000,1,42,14,900
astar-jps-mpsp,no_roads,shrub,103,573,1,46.402000,1,1,1.000000,1,51,17,900
astar-jps-mpsp,no_roads,shrub,109,535,1,34.375000,1,1,1.000000,1,48,16,900
astar-jps-mpsp,with_roads,shrub,128,27,1,57.831000,1,1,1.000000,1,60,20,900
astar-jps-mpsp,with_roads,shrub,395,346,1,51.180000,1,1,1.080000,1,27,11,900
astar-jps-mpsp,with_roads,shrub,312,171,1,95.289000,1,1,1.000000,1,39,13,900
astar-jps-mpsp,with_roads,shrub,115,810,1,109.843000,1,1,1.023256,1,88,30,900
astar-jps-mpsp,with_roads,shrub,96,866,1,168.335000,1,1,1.000000,1,90,30,900
astar-jps-mpsp,with_roads,shrub,640,34,1,53.460000,1,1,1.600000,1,56,20,900
astar-jps-mpsp,with_roads,shrub,32,104,1,38.130000,1,1,1.000000,1,39,13,900
astar-jps-mpsp,with_roads,shrub,301,328,1,237.829000,1,1,1.075949,1,85,33,900
astar-jps-mpsp,with_roads,shrub,760,878,1,59.298000,1,1,1.000000,1,15,5,900
astar-jps-mpsp,with_roads,shrub,29,829,1,101.066000,1,1,1.000000,1,81,27,900
astar-jps-mpsp,with_roads,shrub,269,810,1,141.037000,1,1,1.021053,1,97,33,900
astar-jps-mpsp,with_roads,shrub,636,305,1,55.357000,1,1,1.210526,1,23,11,900
astar-jps-mpsp,with_roads,shrub,679,865,1,35.295000,1,1,1.000000,1,24,8,900
astar-jps-mpsp,with_roads,shrub,400,6,1,23.746000,1,1,1.181818,0,39,13,900
astar-jps-mpsp,with_roads,shrub,198,640,1,40.623000,1,1,1.000000,1,45,15,900
astar-jps-mpsp,with_roads,shrub,506,400,1,36.455000,1,1,1.000000,1,48,16,900
astar-jps-mpsp,with_roads,shrub,192,298,1,66.853000,1,1,1.000000,1,60,20,900
astar-jps-mpsp,with_roads,shrub,500,115,1,31.407000,1,1,1.000000,1,42,14,900
astar-jps-mpsp,with_roads,shrub,103,573,1,44.646000,1,1,1.021739,1,47,17,900
astar-jps-mpsp,with_roads,shrub,109,535,1,34.772000,1,1,1.000000,1,48,16,900
astar-jps-mpsp,no_roads,sierpinski_evil,920,124,1,36.977000,0,0,,,0,0,961
astar-jps-mpsp,no_roads,sierpinski_evil,26,332,1,66.049000,1,1,1.000000,1,30,10,961
astar-jps-mpsp,no_roads,sierpinski_evil,290,258,1,15.842000,1,1,1.000000,1,3,1,961
astar-jps-mpsp,no_roads,sierpinski_evil,155,114,1,64.687000,1,1,1.000000,1,63,21,961
astar-jps-mpsp,no_roads,sierpinski_evil,715,95,1,26.978000,1,1,1.000000,1,60,20,961
astar-jps-mpsp,no_roads,sierpinski_evil,802,541,1,97.093000,1,1,1.000000,1,51,17,961
astar-jps-mpsp,no_roads,sierpinski_evil,33,31,1,34.193000,1,1,1.000000,1,6,2,961
astar-jps-mpsp,no_roads,sierpinski_evil,101,253,1,41.280000,1,1,1.000000,1,15,5,961
astar-jps-mpsp,no_roads,sierpinski_evil,277,660,1,74.996000,1,1,1.000000,1,60,20,961
astar-jps-mpsp,no_roads,sierpinski_evil,824,28,1,65.377000,1,1,1.000000,1,78,26,961
astar-jps-mpsp,no_roads,sierpinski_evil,753,229,1,103.104000,1,1,1.000000,1,72,24,961
astar-jps-mpsp,no_roads,sierpinski_evil,715,538,1,69.706000,1,1,1.000000,1,39,13,961
astar-jps-mpsp,no_roads,sierpinski_evil,255,574,1,64.441000,1,1,1.000000,1,45,15,961
astar-jps-mpsp,no_roads,sierpinski_evil,801,335,1,32.728000,1,1,1.000000,1,48,16,961
astar-jps-mpsp,no_roads,sierpinski_evil,6,181,1,42.623000,1,1,1.000000,1,60,20,961
astar-jps-mpsp,no_roads,sierpinski_evil,541,426,1,19.946000,1,1,1.000000,1,30,10,961
astar-jps-mpsp,no_roads,sierpinski_evil,335,177,1,28.925000,1,1,1.000000,1,15,5,961
astar-jps-mpsp,no_roads,sierpinski_evil,250,419,1,41.736000,1,1,1.000000,1,45,15,961
astar-jps-mpsp,no_roads,sierpinski_evil,114,100,1,34.567000,1,1,1.000000,1,42,14,961
astar-jps-mpsp,no_roads,sierpinski_evil,491,105,1,69.196000,1,1,1.000000,1,54,18,961
astar-jps-mpsp,with_roads,sierpinski_evil,920,124,1,37.239000,0,0,,,0,0,961
astar-jps-mpsp,with_roads,sierpinski_evil,26,332,1,65.440000,1,1,1.000000,1,30,10,961
astar-jps-mpsp,with_roads,sierpinski_evil,290,258,1,15.172000,1,1,1.000000,1,3,1,961
astar-jps-mpsp,with_roads,sierpinski_evil,155,114,1,62.998000,1,1,1.105263,0,63,21,961
astar-jps-mpsp,with_roads,sierpinski_evil,715,95,1,27.858000,1,1,2.230769,0,58,20,961
astar-jps-mpsp,with_roads,sierpinski_evil,802,541,1,95.561000,1,1,1.074074,1,29,17,961
astar-jps-mpsp,with_roads,sierpinski_evil,33,31,1,28.329000,1,1,1.000000,1,4,2,961
astar-jps-mpsp,with_roads,sierpinski_evil,101,253,1,38.618000,1,1,1.000000,1,15,5,961
astar-jps-mpsp,with_roads,sierpinski_evil,277,660,1,73.988000,1,1,1.272727,1,56,20,961
astar-jps-mpsp,with_roads,sierpinski_evil,824,28,1,68.705000,1,1,1.058824,1,72,26,961
astar-jps-mpsp,with_roads,sierpinski_evil,753,229,1,110.733000,1,1,1.280000,1,64,24,961
astar-jps-mpsp,with_roads,sierpinski_evil,715,538,1,70.481000,1,1,1.068966,0,31,13,961
astar-jps-mpsp,with_roads,sierpinski_evil,255,574,1,59.854000,1,1,1.521739,0,35,15,961
astar-jps-mpsp,with_roads,sierpinski_evil,801,335,1,32.372000,1,1,1.000000,1,48,16,961
astar-jps-mpsp,with_roads,sierpinski_evil,6,181,1,43.453000,1,1,1.000000,1,60,20,961
astar-jps-mpsp,with_roads,sierpinski_evil,541,426,1,19.749000,1,1,1.000000,1,16,10,961
astar-jps-mpsp,with_roads,sierpinski_evil,335,177,1,28.421000,1,1,1.000000,1,15,5,961
astar-jps-mpsp,with_roads,sierpinski_evil,250,419,1,45.870000,1,1,1.125000,0,45,15,961
astar-jps-mpsp,with_roads,sierpinski_evil,114,100,1,34.330000,1,1,1.000000,1,42,14,961
astar-jps-mpsp,with_roads,sierpinski_evil,491,105,1,71.346000,1,1,1.000000,1,54,18,961
astar-jps-mpsp,no_roads,socket,167,35,1,111.183000,1,1,1.000000,1,75,25,1000
astar-jps-mpsp,no_roads,socket,433,387,1,39.189000,1,1,1.000000,1,12,4,1000
astar-jps-mpsp,no_roads,socket,354,225,1,119.544000,1,1,1.000000,1,75,25,1000
astar-jps-mpsp,no_roads,socket,157,886,1,77.062000,1,1,1.000000,1,111,37,1000
astar-jps-mpsp,no_roads,socket,140,958,1,238.846000,1,1,1.000000,1,150,50,1000
astar-jps-mpsp,no_roads,socket,702,45,1,168.849000,1,1,1.000000,1,162,54,1000
astar-jps-mpsp,no_roads,socket,43,147,1,15.595000,1,1,1.000000,1,12,4,1000
astar-jps-mpsp,no_roads,socket,347,372,1,70.698000,1,1,1.000000,1,75,25,1000
astar-jps-mpsp,no_roads,socket,814,979,1,49.538000,1,1,1.000000,1,87,29,1000
astar-jps-mpsp,no_roads,socket,38,906,1,125.080000,1,1,1.000000,1,156,52,1000
astar-jps-mpsp,no_roads,socket,303,886,1,113.449000,1,1,1.000000,1,126,42,1000
astar-jps-mpsp,no_roads,socket,697,351,1,162.903000,1,1,1.000000,1,147,49,1000
astar-jps-mpsp,no_roads,socket,735,957,1,113.275000,1,1,1.000000,1,96,32,1000
astar-jps-mpsp,no_roads,socket,436,6,1,70.819000,1,1,1.000000,1,99,33,1000
astar-jps-mpsp,no_roads,socket,253,702,1,117.812000,1,1,1.000000,1,204,68,1000
astar-jps-mpsp,no_roads,socket,572,436,1,28.971000,1,1,1.000000,1,45,15,1000
astar-jps-mpsp,no_roads,socket,247,335,1,52.577000,1,1,1.000000,1,42,14,1000
astar-jps-mpsp,no_roads,socket,568,157,1,111.595000,1,1,1.000000,1,135,45,1000
astar-jps-mpsp,no_roads,socket,146,629,1,46.994000,1,1,1.000000,1,66,22,1000
astar-jps-mpsp,no_roads,socket,152,594,1,72.619000,1,1,1.000000,1,135,45,1000
astar-jps-mpsp,with_roads,socket,167,35,1,117.805000,1,1,1.551724,1,45,25,1000
astar-jps-mpsp,with_roads,socket,433,387,1,40.047000,1,1,1.250000,1,10,4,1000
astar-jps-mpsp,with_roads,socket,354,225,1,79.292000,1,1,1.457143,1,51,25,1000
astar-jps-mpsp,with_roads,socket,157,886,1,84.770000,1,1,1.666667,0,85,37,1000
astar-jps-mpsp,with_roads,socket,140,958,1,271.134000,1,1,1.682540,0,106,50,1000
astar-jps-mpsp,with_roads,socket,702,45,1,190.860000,1,1,1.492063,0,94,54,1000
astar-jps-mpsp,with_roads,socket,43,147,1,23.550000,1,1,1.000000,1,8,4,1000
astar-jps-mpsp,with_roads,socket,347,372,1,78.812000,1,1,1.400000,1,35,25,1000
astar-jps-mpsp,with_roads,socket,814,979,1,49.997000,1,1,1.000000,1,49,29,1000
astar-jps-mpsp,with_roads,socket,38,906,1,118.360000,1,1,1.723077,1,112,52,1000
astar-jps-mpsp,with_roads,socket,303,886,1,71.221000,1,1,1.562500,0,100,42,1000
astar-jps-mpsp,with_roads,socket,697,351,1,146.381000,1,1,1.422535,1,101,49,1000
astar-jps-mpsp,with_roads,socket,735,957,1,73.899000,1,1,1.347826,1,62,32,1000
astar-jps-mpsp,with_roads,socket,436,6,1,70.305000,1,1,1.457143,0,51,33,1000
astar-jps-mpsp,with_roads,socket,253,702,1,120.179000,1,1,1.526316,1,116,68,1000
astar-jps-mpsp,with_roads,socket,572,436,1,28.845000,1,1,1.115385,0,29,15,1000
astar-jps-mpsp,with_roads,socket,247,335,1,54.575000,1,1,1.000000,1,18,14,1000
astar-jps-mpsp,with_roads,socket,568,157,1,105.618000,1,1,1.723404,1,81,45,1000
astar-jps-mpsp,with_roads,socket,146,629,1,51.263000,1,1,2.148148,0,58,22,1000
astar-jps-mpsp,with_roads,socket,152,594,1,71.701000,1,1,1.912281,0,109,45,1000
astar-jps-mpsp,no_roads,spikes,162,35,1,431.265000,1,1,1.000000,1,153,51,1000
astar-jps-mpsp,no_roads,spikes,431,376,1,147.247000,1,1,1.000000,1,60,20,1000
astar-jps-mpsp,no_roads,spikes,342,200,1,165.290000,1,1,1.000000,1,90,30,1000
astar-jps-mpsp,no_roads,spikes,148,934,1,179.295000,1,1,1.000000,1,105,35,1000
astar-jps-mpsp,no_roads,spikes,124,680,1,42.885000,1,1,1.000000,1,45,15,1000
astar-jps-mpsp,no_roads,spikes,42,40,1,16.081000,1,1,1.000000,1,6,2,1000
astar-jps-mpsp,no_roads,spikes,135,334,1,47.551000,1,1,1.000000,1,33,11,1000
astar-jps-mpsp,no_roads,spikes,358,841,1,306.525000,1,1,1.000000,1,204,68,1000
astar-jps-mpsp,no_roads,spikes,37,985,1,92.373000,1,1,1.000000,1,84,28,1000
astar-jps-mpsp,no_roads,spikes,301,934,1,81.629000,1,1,1.000000,1,69,23,1000
astar-jps-mpsp,no_roads,spikes,672,337,1,104.113000,1,1,1.000000,1,60,20,1000
astar-jps-mpsp,no_roads,spikes,730,440,1,91.506000,1,1,1.000000,1,63,21,1000
astar-jps-mpsp,no_roads,spikes,6,234,1,201.537000,1,1,1.000000,1,150,50,1000
astar-jps-mpsp,no_roads,spikes,680,533,1,65.736000,1,1,1.000000,1,81,27,1000
astar-jps-mpsp,no_roads,spikes,440,228,1,157.364000,1,1,1.000000,1,132,44,1000
astar-jps-mpsp,no_roads,spikes,330,528,1,21.866000,1,1,1.000000,1,15,5,1000
astar-jps-mpsp,no_roads,spikes,148,132,1,126.654000,1,1,1.000000,1,93,31,1000
astar-jps-mpsp,no_roads,spikes,607,140,1,65.972000,1,1,1.000000,1,48,16,1000
astar-jps-mpsp,no_roads,spikes,566,537,1,27.220000,1,1,1.000000,1,33,11,1000
astar-jps-mpsp,no_roads,spikes,414,60,1,35.860000,1,1,1.000000,1,33,11,1000
astar-jps-mpsp,with_roads,spikes,162,35,1,518.546000,1,1,1.630137,1,119,51,1000
astar-jps-mpsp,with_roads,spikes,431,376,1,170.781000,1,1,1.500000,0,30,20,1000
astar-jps-mpsp,with_roads,spikes,342,200,1,186.882000,1,1,1.411765,1,48,30,1000
astar-jps-mpsp,with_roads,spikes,148,934,1,193.641000,1,1,1.059701,1,71,35,1000
astar-jps-mpsp,with_roads,spikes,124,680,1,46.486000,1,1,1.000000,1,43,15,1000
astar-jps-mpsp,with_roads,spikes,42,40,1,17.397000,1,1,2.000000,0,4,2,1000
astar-jps-mpsp,with_roads,spikes,135,334,1,50.345000,1,1,1.235294,1,21,11,1000
astar-jps-mpsp,with_roads,spikes,358,841,1,325.476000,1,1,1.213115,1,148,68,1000
astar-jps-mpsp,with_roads,spikes,37,985,1,103.536000,1,1,1.052632,1,80,28,1000
astar-jps-mpsp,with_roads,spikes,301,934,1,84.328000,1,1,1.000000,1,47,23,1000
astar-jps-mpsp,with_roads,spikes,672,337,1,111.237000,1,1,1.187500,1,38,20,1000
astar-jps-mpsp,with_roads,spikes,730,440,1,93.463000,1,1,1.044444,1,47,21,1000
astar-jps-mpsp,with_roads,spikes,6,234,1,202.860000,1,1,1.761194,0,118,50,1000
astar-jps-mpsp,with_roads,spikes,680,533,1,69.020000,1,1,1.245614,1,71,27,1000
astar-jps-mpsp,with_roads,spikes,440,228,1,158.639000,1,1,1.516129,1,94,44,1000
astar-jps-mpsp,with_roads,spikes,330,528,1,24.659000,1,1,1.625000,0,13,5,1000
astar-jps-mpsp,with_roads,spikes,148,132,1,132.833000,1,1,1.081633,1,53,31,1000
astar-jps-mpsp,with_roads,spikes,607,140,1,65.663000,1,1,1.520000,0,38,16,1000
astar-jps-mpsp,with_roads,spikes,566,537,1,27.528000,1,1,1.571429,1,33,11,1000
astar-jps-mpsp,with_roads,spikes,414,60,1,35.817000,1,1,1.352941,1,23,11,1000
astar-jps-mpsp,no_roads,starry_night,1550,251,1,115.275000,1,1,1.000000,1,78,26,2050
astar-jps-mpsp,no_roads,starry_night,54,1815,1,167.058000,1,1,1.000000,1,105,35,2050
astar-jps-mpsp,no_roads,starry_night,676,592,1,66.934000,1,1,1.000000,1,48,16,2050
astar-jps-mpsp,no_roads,starry_night,542,319,1,113.565000,1,1,1.000000,1,69,23,2050
astar-jps-mpsp,no_roads,starry_night,1805,230,1,1187.609000,0,0,,,0,0,2050
astar-jps-mpsp,no_roads,starry_night,1651,1813,1,59.716000,1,1,1.000000,1,36,12,2050
astar-jps-mpsp,no_roads,starry_night,1315,194,1,63.136000,1,1,1.000000,1,87,29,2050
astar-jps-mpsp,no_roads,starry_night,1433,1024,1,44.268000,1,1,1.000000,1,33,11,2050
astar-jps-mpsp,no_roads,starry_night,69,65,1,32.566000,1,1,1.000000,1,12,4,2050
astar-jps-mpsp,no_roads,starry_night,208,530,1,88.857000,1,1,1.000000,1,75,25,2050
astar-jps-mpsp,no_roads,starry_night,563,1225,1,58.554000,1,1,1.000000,1,39,13,2050
astar-jps-mpsp,no_roads,starry_night,1461,57,1,55.047000,1,1,1.000000,1,84,28,2050
astar-jps-mpsp,no_roads,starry_night,1351,482,1,57.309000,1,1,1.000000,1,93,31,2050
astar-jps-mpsp,no_roads,starry_night,1755,1580,1,44.268000,1,1,1.000000,1,75,25,2050
astar-jps-mpsp,no_roads,starry_night,1722,1315,1,46.017000,1,1,1.000000,1,24,8,2050
astar-jps-mpsp,no_roads,starry_night,1019,534,1,45.179000,1,1,1.000000,1,45,15,2050
astar-jps-mpsp,no_roads,starry_night,1091,1425,1,120.516000,1,1,1.000000,1,48,16,2050
astar-jps-mpsp,no_roads,starry_night,682,1972,1,751.884000,0,0,,,0,0,2050
astar-jps-mpsp,no_roads,starry_night,14,1858,1,128.124000,1,1,1.000000,1,111,37,2050
astar-jps-mpsp,no_roads,starry_night,1964,376,1,128.081000,1,1,1.000000,1,96,32,2050
astar-jps-mpsp,with_roads,starry_night,1550,251,1,117.701000,1,1,1.000000,1,78,26,2050
astar-jps-mpsp,with_roads,starry_night,54,1815,1,155.771000,1,1,1.000000,1,105,35,2050
astar-jps-mpsp,with_roads,starry_night,676,592,1,67.118000,1,1,1.000000,1,48,16,2050
astar-jps-mpsp,with_roads,starry_night,542,319,1,109.926000,1,1,1.000000,1,69,23,2050
astar-jps-mpsp,with_roads,starry_night,1805,230,1,1184.197000,0,0,,,0,0,2050
astar-jps-mpsp,with_roads,starry_night,1651,1813,1,57.559000,1,1,1.000000,1,36,12,2050
astar-jps-mpsp,with_roads,starry_night,1315,194,1,61.776000,1,1,1.000000,1,87,29,2050
astar-jps-mpsp,with_roads,starry_night,1433,1024,1,42.039000,1,1,1.000000,1,33,11,2050
astar-jps-mpsp,with_roads,starry_night,69,65,1,32.628000,1,1,2.000000,0,12,4,2050
astar-jps-mpsp,with_roads,starry_night,208,530,1,87.294000,1,1,1.293103,1,75,25,2050
astar-jps-mpsp,with_roads,starry_night,563,1225,1,66.153000,1,1,1.000000,1,39,13,2050
astar-jps-mpsp,with_roads,starry_night,1461,57,1,57.420000,1,1,1.000000,1,84,28,2050
astar-jps-mpsp,with_roads,starry_night,1351,482,1,60.066000,1,1,1.000000,1,93,31,2050
astar-jps-mpsp,with_roads,starry_night,1755,1580,1,46.189000,1,1,1.000000,1,75,25,2050
astar-jps-mpsp,with_roads,starry_night,1722,1315,1,48.124000,1,1,1.000000,1,24,8,2050
astar-jps-mpsp,with_roads,starry_night,1019,534,1,44.258000,1,1,1.000000,1,45,15,2050
astar-jps-mpsp,with_roads,starry_night,1091,1425,1,107.489000,1,1,1.000000,1,48,16,2050
astar-jps-mpsp,with_roads,starry_night,682,1972,1,765.874000,0,0,,,0,0,2050
astar-jps-mpsp,with_roads,starry_night,14,1858,1,127.162000,1,1,1.027778,0,111,37,2050
astar-jps-mpsp,with_roads,starry_night,1964,376,1,139.055000,1,1,1.000000,1,96,32,2050
astar-jps-mpsp,no_roads,strings,985,131,1,266.766000,1,1,1.000000,1,114,38,1225
astar-jps-mpsp,no_roads,strings,25,1130,1,197.568000,1,1,1.000000,1,117,39,1225
astar-jps-mpsp,no_roads,strings,381,335,1,200.262000,1,1,1.000000,1,69,23,1225
astar-jps-mpsp,no_roads,strings,293,175,1,104.731000,1,1,1.000000,1,48,16,1225
astar-jps-mpsp,no_roads,strings,1125,120,1,99.604000,1,1,1.000000,1,93,31,1225
astar-jps-mpsp,no_roads,strings,1035,1129,1,52.245000,1,1,1.000000,1,36,12,1225
astar-jps-mpsp,no_roads,strings,837,97,1,166.720000,1,1,1.000000,1,81,27,1225
astar-jps-mpsp,no_roads,strings,908,627,1,29.418000,1,1,1.000000,1,24,8,1225
astar-jps-mpsp,no_roads,strings,37,35,1,27.670000,1,1,1.000000,1,6,2,1225
astar-jps-mpsp,no_roads,strings,105,285,1,112.415000,1,1,1.000000,1,78,26,1225
astar-jps-mpsp,no_roads,strings,309,768,1,31.380000,1,1,1.000000,1,39,13,1225
astar-jps-mpsp,no_roads,strings,929,32,1,409.074000,0,0,,,0,0,1225
astar-jps-mpsp,no_roads,strings,859,254,1,108.192000,0,0,,,0,0,1225
astar-jps-mpsp,no_roads,strings,1095,998,1,24.592000,1,1,1.000000,1,24,8,1225
astar-jps-mpsp,no_roads,strings,1076,837,1,58.971000,1,1,1.000000,1,54,18,1225
astar-jps-mpsp,no_roads,strings,623,288,1,146.802000,1,1,1.000000,1,105,35,1225
astar-jps-mpsp,no_roads,strings,667,905,1,147.785000,1,1,1.000000,1,126,42,1225
astar-jps-mpsp,no_roads,strings,384,1207,1,78.107000,1,1,1.000000,1,84,28,1225
astar-jps-mpsp,no_roads,strings,6,1148,1,145.794000,1,1,1.000000,1,132,44,1225
astar-jps-mpsp,no_roads,strings,1204,202,1,93.461000,1,1,1.000000,1,99,33,1225
astar-jps-mpsp,with_roads,strings,985,131,1,235.135000,1,1,1.047619,1,110,38,1225
astar-jps-mpsp,with_roads,strings,25,1130,1,173.103000,1,1,1.277778,1,115,39,1225
astar-jps-mpsp,with_roads,strings,381,335,1,174.891000,1,1,1.137931,1,33,23,1225
astar-jps-mpsp,with_roads,strings,293,175,1,90.478000,1,1,1.200000,1,48,16,1225
astar-jps-mpsp,with_roads,strings,1125,120,1,85.207000,1,1,1.000000,1,93,31,1225
astar-jps-mpsp,with_roads,strings,1035,1129,1,47.206000,1,1,1.000000,1,36,12,1225
astar-jps-mpsp,with_roads,strings,837,97,1,153.121000,1,1,1.113208,1,59,27,1225
astar-jps-mpsp,with_roads,strings,908,627,1,25.179000,1,1,1.000000,1,24,8,1225
astar-jps-mpsp,with_roads,strings,37,35,1,24.990000,1,1,1.500000,0,6,2,1225
astar-jps-mpsp,with_roads,strings,105,285,1,107.634000,1,1,1.181818,0,78,26,1225
astar-jps-mpsp,with_roads,strings,309,768,1,30.181000,1,1,1.258065,1,39,13,1225
astar-jps-mpsp,with_roads,strings,929,32,1,401.078000,0,0,,,0,0,1225
astar-jps-mpsp,with_roads,strings,859,254,1,103.757000,0,0,,,0,0,1225
astar-jps-mpsp,with_roads,strings,1095,998,1,21.823000,1,1,1.000000,1,24,8,1225
astar-jps-mpsp,with_roads,strings,1076,837,1,56.161000,1,1,1.000000,1,50,18,1225
astar-jps-mpsp,with_roads,strings,623,288,1,141.318000,1,1,1.033898,0,61,35,1225
astar-jps-mpsp,with_roads,strings,667,905,1,142.982000,1,1,1.188679,1,126,42,1225
astar-jps-mpsp,with_roads,strings,384,1207,1,78.158000,1,1,1.242424,0,82,28,1225
astar-jps-mpsp,with_roads,strings,6,1148,1,141.654000,1,1,1.552632,0,118,44,1225
astar-jps-mpsp,with_roads,strings,1204,202,1,93.202000,1,1,1.024691,1,83,33,1225
astar-jps-mpsp,no_roads,tea,827,125,1,371.474000,1,1,1.000000,1,75,25,900
astar-jps-mpsp,no_roads,tea,25,339,1,183.703000,1,1,1.000000,1,54,18,900
astar-jps-mpsp,no_roads,tea,301,272,1,46.862000,1,1,1.000000,1,3,1,900
astar-jps-mpsp,no_roads,tea,161,115,1,145.213000,1,1,1.000000,1,45,15,900
astar-jps-mpsp,no_roads,tea,870,711,1,113.138000,1,1,1.000000,1,63,21,900
astar-jps-mpsp,no_roads,tea,96,771,1,634.167000,1,1,1.000000,1,96,32,900
astar-jps-mpsp,no_roads,tea,550,32,1,57.230000,1,1,1.000000,1,51,17,900
astar-jps-mpsp,no_roads,tea,30,103,1,38.807000,1,1,1.000000,1,39,13,900
astar-jps-mpsp,no_roads,tea,267,285,1,131.445000,1,1,1.000000,1,48,16,900
astar-jps-mpsp,no_roads,tea,657,783,1,92.653000,1,1,1.000000,1,72,24,900
astar-jps-mpsp,no_roads,tea,27,732,1,125.196000,1,1,1.000000,1,72,24,900
astar-jps-mpsp,no_roads,tea,241,839,1,249.128000,1,1,1.000000,1,102,34,900
astar-jps-mpsp,no_roads,tea,896,711,1,59.523000,1,1,1.000000,1,27,9,900
astar-jps-mpsp,no_roads,tea,546,269,1,196.065000,1,1,1.000000,1,78,26,900
astar-jps-mpsp,no_roads,tea,583,769,1,19.260000,1,1,1.000000,1,18,6,900
astar-jps-mpsp,no_roads,tea,343,6,1,80.036000,1,1,1.000000,1,39,13,900
astar-jps-mpsp,no_roads,tea,188,892,1,170.632000,1,1,1.000000,1,84,28,900
astar-jps-mpsp,no_roads,tea,550,431,1,21.256000,1,1,1.000000,1,12,4,900
astar-jps-mpsp,no_roads,tea,343,182,1,39.197000,1,1,1.000000,1,33,11,900
astar-jps-mpsp,no_roads,tea,263,425,1,74.914000,1,1,1.000000,1,57,19,900
astar-jps-mpsp,with_roads,tea,827,125,1,180.951000,1,1,1.648649,1,61,25,900
astar-jps-mpsp,with_roads,tea,25,339,1,91.772000,1,1,1.000000,1,50,18,900
astar-jps-mpsp,with_roads,tea,301,272,1,18.157000,1,1,1.000000,1,3,1,900
astar-jps-mpsp,with_roads,tea,161,115,1,74.780000,1,1,1.000000,1,45,15,900
astar-jps-mpsp,with_roads,tea,870,711,1,63.354000,1,1,1.211538,0,63,21,900
astar-jps-mpsp,with_roads,tea,96,771,1,353.284000,1,1,1.655172,0,96,32,900
astar-jps-mpsp,with_roads,tea,550,32,1,32.282000,1,1,2.052632,0,39,17,900
astar-jps-mpsp,with_roads,tea,30,103,1,22.173000,1,1,1.560000,0,39,13,900
astar-jps-mpsp,with_roads,tea,267,285,1,75.126000,1,1,1.000000,1,48,16,900
astar-jps-mpsp,with_roads,tea,657,783,1,52.367000,1,1,1.157895,1,66,24,900
astar-jps-mpsp,with_roads,tea,27,732,1,71.612000,1,1,1.166667,1,70,24,900
astar-jps-mpsp,with_roads,tea,241,839,1,137.155000,1,1,1.468750,0,94,34,900
astar-jps-mpsp,with_roads,tea,896,711,1,33.762000,1,1,1.000000,1,27,9,900
astar-jps-mpsp,with_roads,tea,546,269,1,112.388000,1,1,1.333333,0,76,26,900
astar-jps-mpsp,with_roads,tea,583,769,1,11.439000,1,1,1.000000,1,18,6,900
astar-jps-mpsp,with_roads,tea,343,6,1,45.274000,1,1,1.444444,0,39,13,900
astar-jps-mpsp,with_roads,tea,188,892,1,96.381000,1,1,1.307692,1,68,28,900
astar-jps-mpsp,with_roads,tea,550,431,1,12.336000,1,1,1.333333,1,8,4,900
astar-jps-mpsp,with_roads,tea,343,182,1,22.058000,1,1,1.350000,1,27,11,900
astar-jps-mpsp,with_roads,tea,263,425,1,43.332000,1,1,1.145833,1,55,19,900
astar-jps-mpsp,no_roads,the_great_divide,1838,274,1,763.172000,1,1,1.000000,1,150,50,2500
astar-jps-mpsp,no_roads,the_great_divide,54,2143,1,848.866000,1,1,1.000000,1,228,76,2500
astar-jps-mpsp,no_roads,the_great_divide,758,680,1,474.513000,1,1,1.000000,1,141,47,2500
astar-jps-mpsp,no_roads,the_great_divide,610,356,1,27.356000,1,1,1.000000,1,18,6,2500
astar-jps-mpsp,no_roads,the_great_divide,2128,244,1,124.563000,1,1,1.000000,1,144,48,2500
astar-jps-mpsp,no_roads,the_great_divide,1943,2138,1,27.233000,1,1,1.000000,1,15,5,2500
astar-jps-mpsp,no_roads,the_great_divide,1558,203,1,47.281000,1,1,1.000000,1,81,27,2500
astar-jps-mpsp,no_roads,the_great_divide,1700,1202,1,41.862000,1,1,1.000000,1,30,10,2500
astar-jps-mpsp,no_roads,the_great_divide,68,64,1,17.283000,1,1,1.000000,1,12,4,2500
astar-jps-mpsp,no_roads,the_great_divide,222,597,1,92.383000,1,1,1.000000,1,84,28,2500
astar-jps-mpsp,no_roads,the_great_divide,642,1433,1,39.111000,1,1,1.000000,1,48,16,2500
astar-jps-mpsp,no_roads,the_great_divide,1732,57,1,526.287000,1,1,1.000000,1,195,65,2500
astar-jps-mpsp,no_roads,the_great_divide,1611,539,1,603.853000,1,1,1.000000,1,180,60,2500
astar-jps-mpsp,no_roads,the_great_divide,2060,1860,1,30.832000,1,1,1.000000,1,12,4,2500
astar-jps-mpsp,no_roads,the_great_divide,2015,1558,1,33.037000,1,1,1.000000,1,27,9,2500
astar-jps-mpsp,no_roads,the_great_divide,1197,601,1,563.650000,1,1,1.000000,1,183,61,2500
astar-jps-mpsp,no_roads,the_great_divide,1267,1697,1,517.645000,1,1,1.000000,1,183,61,2500
astar-jps-mpsp,no_roads,the_great_divide,764,2335,1,448.119000,1,1,1.000000,1,174,58,2500
astar-jps-mpsp,no_roads,the_great_divide,2476,13,1,475.994000,1,1,1.000000,1,192,64,2500
astar-jps-mpsp,no_roads,the_great_divide,2193,2327,1,68.215000,1,1,1.000000,1,48,16,2500
astar-jps-mpsp,with_roads,the_great_divide,1838,274,1,1053.000000,1,1,1.800000,1,126,50,2500
astar-jps-mpsp,with_roads,the_great_divide,54,2143,1,1200.339000,1,1,2.100000,0,210,76,2500
astar-jps-mpsp,with_roads,the_great_divide,758,680,1,695.217000,1,1,1.457831,0,121,47,2500
astar-jps-mpsp,with_roads,the_great_divide,610,356,1,37.071000,1,1,1.000000,1,18,6,2500
astar-jps-mpsp,with_roads,the_great_divide,2128,244,1,193.726000,1,1,1.359223,1,140,48,2500
astar-jps-mpsp,with_roads,the_great_divide,1943,2138,1,41.892000,1,1,1.000000,1,15,5,2500
astar-jps-mpsp,with_roads,the_great_divide,1558,203,1,73.786000,1,1,1.528302,0,81,27,2500
astar-jps-mpsp,with_roads,the_great_divide,1700,1202,1,60.770000,1,1,1.444444,1,26,10,2500
astar-jps-mpsp,with_roads,the_great_divide,68,64,1,26.136000,1,1,2.000000,0,12,4,2500
astar-jps-mpsp,with_roads,the_great_divide,222,597,1,133.270000,1,1,1.153846,1,60,28,2500
astar-jps-mpsp,with_roads,the_great_divide,642,1433,1,56.145000,1,1,1.250000,1,40,16,2500
astar-jps-mpsp,with_roads,the_great_divide,1732,57,1,865.369000,1,1,2.111111,1,171,65,2500
astar-jps-mpsp,with_roads,the_great_divide,1611,539,1,1140.865000,1,1,1.557522,1,176,60,2500
astar-jps-mpsp,with_roads,the_great_divide,2060,1860,1,46.903000,1,1,1.000000,1,12,4,2500
astar-jps-mpsp,with_roads,the_great_divide,2015,1558,1,45.500000,1,1,1.000000,1,27,9,2500
astar-jps-mpsp,with_roads,the_great_divide,1197,601,1,929.785000,1,1,1.877778,0,169,61,2500
astar-jps-mpsp,with_roads,the_great_divide,1267,1697,1,790.619000,1,1,1.335766,0,183,61,2500
astar-jps-mpsp,with_roads,the_great_divide,764,2335,1,649.847000,1,1,1.260870,0,174,58,2500
astar-jps-mpsp,with_roads,the_great_divide,2476,13,1,698.485000,1,1,1.637931,0,190,64,2500
astar-jps-mpsp,with_roads,the_great_divide,2193,2327,1,82.603000,1,1,1.000000,1,48,16,2500
astar-jps-mpsp,no_roads,the_powerful_egg,1535,256,1,337.838000,1,1,1.000000,1,108,36,1750
astar-jps-mpsp,no_roads,the_powerful_egg,61,647,1,146.700000,1,1,1.000000,1,108,36,1750
astar-jps-mpsp,no_roads,the_powerful_egg,570,517,1,57.137000,1,1,1.000000,1,12,4,1750
astar-jps-mpsp,no_roads,the_powerful_egg,321,236,1,60.024000,1,1,1.000000,1,45,15,1750
astar-jps-mpsp,no_roads,the_powerful_egg,1620,1314,1,29.236000,1,1,1.000000,1,18,6,1750
astar-jps-mpsp,no_roads,the_powerful_egg,203,1423,1,201.571000,1,1,1.000000,1,75,25,1750
astar-jps-mpsp,no_roads,the_powerful_egg,1015,78,1,109.367000,1,1,1.000000,1,66,22,1750
astar-jps-mpsp,no_roads,the_powerful_egg,72,216,1,34.504000,1,1,1.000000,1,18,6,1750
astar-jps-mpsp,no_roads,the_powerful_egg,505,538,1,95.915000,1,1,1.000000,1,99,33,1750
astar-jps-mpsp,no_roads,the_powerful_egg,1219,1448,1,83.494000,1,1,1.000000,1,87,29,1750
astar-jps-mpsp,no_roads,the_powerful_egg,65,1352,1,55.584000,1,1,1.000000,1,78,26,1750
astar-jps-mpsp,no_roads,the_powerful_egg,463,1715,1,66.867000,1,1,1.000000,1,75,25,1750
astar-jps-mpsp,no_roads,the_powerful_egg,1558,1679,1,91.494000,1,1,1.000000,1,63,21,1750
astar-jps-mpsp,no_roads,the_powerful_egg,1314,1009,1,50.135000,1,1,1.000000,1,18,6,1750
astar-jps-mpsp,no_roads,the_powerful_egg,511,1087,1,251.677000,1,1,1.000000,1,93,31,1750
astar-jps-mpsp,no_roads,the_powerful_egg,1419,653,1,82.479000,1,1,1.000000,1,51,17,1750
astar-jps-mpsp,no_roads,the_powerful_egg,16,364,1,41.442000,1,1,1.000000,1,21,7,1750
astar-jps-mpsp,no_roads,the_powerful_egg,1670,1020,1,591.069000,1,1,1.000000,1,105,35,1750
astar-jps-mpsp,no_roads,the_powerful_egg,820,653,1,69.021000,1,1,1.000000,1,69,23,1750
astar-jps-mpsp,no_roads,the_powerful_egg,356,498,1,77.801000,1,1,1.000000,1,126,42,1750
astar-jps-mpsp,with_roads,the_powerful_egg,1535,256,1,328.037000,1,1,1.000000,1,108,36,1750
astar-jps-mpsp,with_roads,the_powerful_egg,61,647,1,135.335000,1,1,1.225000,1,98,36,1750
astar-jps-mpsp,with_roads,the_powerful_egg,570,517,1,48.841000,1,1,1.000000,1,12,4,1750
astar-jps-mpsp,with_roads,the_powerful_egg,321,236,1,57.253000,1,1,1.000000,1,45,15,1750
astar-jps-mpsp,with_roads,the_powerful_egg,1620,1314,1,27.549000,1,1,1.000000,1,18,6,1750
astar-jps-mpsp,with_roads,the_powerful_egg,203,1423,1,184.934000,1,1,1.000000,1,75,25,1750
astar-jps-mpsp,with_roads,the_powerful_egg,1015,78,1,107.132000,1,1,1.000000,1,66,22,1750
astar-jps-mpsp,with_roads,the_powerful_egg,72,216,1,32.762000,1,1,1.384615,0,18,6,1750
astar-jps-mpsp,with_roads,the_powerful_egg,505,538,1,94.911000,1,1,1.337838,1,99,33,1750
astar-jps-mpsp,with_roads,the_powerful_egg,1219,1448,1,86.288000,1,1,1.000000,1,87,29,1750
astar-jps-mpsp,with_roads,the_powerful_egg,65,1352,1,56.738000,1,1,1.000000,1,78,26,1750
astar-jps-mpsp,with_roads,the_powerful_egg,463,1715,1,96.050000,1,1,1.000000,1,75,25,1750
astar-jps-mpsp,with_roads,the_powerful_egg,1558,1679,1,91.862000,1,1,1.000000,1,63,21,1750
astar-jps-mpsp,with_roads,the_powerful_egg,1314,1009,1,62.358000,1,1,1.000000,1,18,6,1750
astar-jps-mpsp,with_roads,the_powerful_egg,511,1087,1,299.392000,1,1,1.000000,1,93,31,1750
astar-jps-mpsp,with_roads,the_powerful_egg,1419,653,1,77.171000,1,1,1.000000,1,51,17,1750
astar-jps-mpsp,with_roads,the_powerful_egg,16,364,1,36.796000,1,1,1.105263,0,21,7,1750
astar-jps-mpsp,with_roads,the_powerful_egg,1670,1020,1,469.292000,1,1,1.000000,1,105,35,1750
astar-jps-mpsp,with_roads,the_powerful_egg,820,653,1,53.970000,1,1,1.000000,1,69,23,1750
astar-jps-mpsp,with_roads,the_powerful_egg,356,498,1,58.558000,1,1,1.285714,1,126,42,1750
astar-jps-mpsp,no_roads,thread_of_connection,61,13,1,216.358000,1,1,1.000000,1,90,30,400
astar-jps-mpsp,no_roads,thread_of_connection,181,161,1,11.388000,1,1,1.000000,1,3,1,400
astar-jps-mpsp,no_roads,thread_of_connection,139,80,1,122.260000,1,1,1.000000,1,90,30,400
astar-jps-mpsp,no_roads,thread_of_connection,56,374,1,44.308000,1,1,1.000000,1,48,16,400
astar-jps-mpsp,no_roads,thread_of_connection,47,398,1,61.767000,1,1,1.000000,1,54,18,400
astar-jps-mpsp,no_roads,thread_of_connection,299,17,1,39.340000,1,1,1.000000,1,42,14,400
astar-jps-mpsp,no_roads,thread_of_connection,16,50,1,66.249000,1,1,1.000000,1,81,27,400
astar-jps-mpsp,no_roads,thread_of_connection,134,147,1,52.323000,1,1,1.000000,1,54,18,400
astar-jps-mpsp,no_roads,thread_of_connection,351,14,1,63.967000,1,1,1.000000,1,54,18,400
astar-jps-mpsp,no_roads,thread_of_connection,382,118,1,144.455000,1,1,1.000000,1,117,39,400
astar-jps-mpsp,no_roads,thread_of_connection,374,296,1,19.939000,1,1,1.000000,1,15,5,400
astar-jps-mpsp,no_roads,thread_of_connection,137,315,1,29.322000,1,1,1.000000,1,36,12,400
astar-jps-mpsp,no_roads,thread_of_connection,397,184,1,86.668000,1,1,1.000000,1,60,20,400
astar-jps-mpsp,no_roads,thread_of_connection,3,94,1,92.381000,1,1,1.000000,1,75,25,400
astar-jps-mpsp,no_roads,thread_of_connection,299,232,1,29.500000,1,1,1.000000,1,24,8,400
astar-jps-mpsp,no_roads,thread_of_connection,184,91,1,101.968000,1,1,1.000000,1,81,27,400
astar-jps-mpsp,no_roads,thread_of_connection,133,229,1,43.944000,1,1,1.000000,1,42,14,400
astar-jps-mpsp,no_roads,thread_of_connection,56,50,1,50.054000,1,1,1.000000,1,75,25,400
astar-jps-mpsp,no_roads,thread_of_connection,268,53,1,99.833000,1,1,1.000000,1,99,33,400
astar-jps-mpsp,no_roads,thread_of_connection,250,235,1,35.553000,1,1,1.000000,1,24,8,400
astar-jps-mpsp,with_roads,thread_of_connection,61,13,1,210.754000,1,1,1.058824,0,90,30,400
astar-jps-mpsp,with_roads,thread_of_connection,181,161,1,11.445000,1,1,1.000000,1,3,1,400
astar-jps-mpsp,with_roads,thread_of_connection,139,80,1,121.372000,1,1,1.058824,1,90,30,400
astar-jps-mpsp,with_roads,thread_of_connection,56,374,1,47.363000,1,1,1.000000,1,48,16,400
astar-jps-mpsp,with_roads,thread_of_connection,47,398,1,63.584000,1,1,1.000000,1,54,18,400
astar-jps-mpsp,with_roads,thread_of_connection,299,17,1,39.610000,1,1,1.000000,1,42,14,400
astar-jps-mpsp,with_roads,thread_of_connection,16,50,1,76.417000,1,1,1.000000,1,81,27,400
astar-jps-mpsp,with_roads,thread_of_connection,134,147,1,52.910000,1,1,1.000000,1,54,18,400
astar-jps-mpsp,with_roads,thread_of_connection,351,14,1,63.140000,1,1,1.000000,1,54,18,400
astar-jps-mpsp,with_roads,thread_of_connection,382,118,1,144.235000,1,1,1.000000,1,117,39,400
astar-jps-mpsp,with_roads,thread_of_connection,374,296,1,21.348000,1,1,1.000000,1,15,5,400
astar-jps-mpsp,with_roads,thread_of_connection,137,315,1,30.400000,1,1,1.000000,1,36,12,400
astar-jps-mpsp,with_roads,thread_of_connection,397,184,1,79.724000,1,1,1.000000,1,60,20,400
astar-jps-mpsp,with_roads,thread_of_connection,3,94,1,92.823000,1,1,1.000000,1,71,25,400
astar-jps-mpsp,with_roads,thread_of_connection,299,232,1,29.821000,1,1,1.000000,1,24,8,400
astar-jps-mpsp,with_roads,thread_of_connection,184,91,1,100.517000,1,1,1.000000,1,81,27,400
astar-jps-mpsp,with_roads,thread_of_connection,133,229,1,45.394000,1,1,1.000000,1,42,14,400
astar-jps-mpsp,with_roads,thread_of_connection,56,50,1,47.313000,1,1,1.000000,1,75,25,400
astar-jps-mpsp,with_roads,thread_of_connection,268,53,1,95.556000,1,1,1.000000,1,99,33,400
astar-jps-mpsp,with_roads,thread_of_connection,250,235,1,35.380000,1,1,1.000000,1,24,8,400
astar-jps-mpsp,no_roads,tiles,979,170,1,192.471000,1,1,1.000000,1,93,31,1200
astar-jps-mpsp,no_roads,tiles,28,1141,1,129.547000,1,1,1.000000,1,87,29,1200
astar-jps-mpsp,no_roads,tiles,417,375,1,18.722000,1,1,1.000000,1,6,2,1200
astar-jps-mpsp,no_roads,tiles,347,202,1,169.423000,1,1,1.000000,1,84,28,1200
astar-jps-mpsp,no_roads,tiles,1129,149,1,278.530000,1,1,1.000000,1,117,39,1200
astar-jps-mpsp,no_roads,tiles,1028,1137,1,43.087000,1,1,1.000000,1,39,13,1200
astar-jps-mpsp,no_roads,tiles,823,109,1,53.674000,1,1,1.000000,1,63,21,1200
astar-jps-mpsp,no_roads,tiles,882,641,1,44.811000,1,1,1.000000,1,39,13,1200
astar-jps-mpsp,no_roads,tiles,37,34,1,10.372000,0,0,,,0,0,1200
astar-jps-mpsp,no_roads,tiles,117,341,1,8.653000,0,0,,,0,0,1200
astar-jps-mpsp,no_roads,tiles,359,771,1,10.257000,0,0,,,0,0,1200
astar-jps-mpsp,no_roads,tiles,929,31,1,395.107000,0,0,,,0,0,1200
astar-jps-mpsp,no_roads,tiles,846,311,1,169.136000,1,1,1.000000,1,111,37,1200
astar-jps-mpsp,no_roads,tiles,1106,997,1,348.602000,0,0,,,0,0,1200
astar-jps-mpsp,no_roads,tiles,1089,823,1,51.074000,1,1,1.000000,1,57,19,1200
astar-jps-mpsp,no_roads,tiles,638,344,1,85.843000,1,1,1.000000,1,75,25,1200
astar-jps-mpsp,no_roads,tiles,672,879,1,310.418000,0,0,,,0,0,1200
astar-jps-mpsp,no_roads,tiles,420,6,1,56.437000,1,1,1.000000,1,66,22,1200
astar-jps-mpsp,no_roads,tiles,1164,238,1,279.551000,0,0,,,0,0,1200
astar-jps-mpsp,no_roads,tiles,1084,641,1,53.026000,1,1,1.000000,1,60,20,1200
astar-jps-mpsp,with_roads,tiles,979,170,1,192.751000,1,1,1.491803,1,91,31,1200
astar-jps-mpsp,with_roads,tiles,28,1141,1,124.776000,1,1,1.220588,1,83,29,1200
astar-jps-mpsp,with_roads,tiles,417,375,1,15.002000,1,1,1.000000,1,6,2,1200
astar-jps-mpsp,with_roads,tiles,347,202,1,170.868000,1,1,1.136364,1,50,28,1200
astar-jps-mpsp,with_roads,tiles,1129,149,1,269.839000,1,1,1.039604,1,105,39,1200
astar-jps-mpsp,with_roads,tiles,1028,1137,1,44.701000,1,1,1.000000,1,27,13,1200
astar-jps-mpsp,with_roads,tiles,823,109,1,52.087000,1,1,1.150943,0,61,21,1200
astar-jps-mpsp,with_roads,tiles,882,641,1,47.868000,1,1,1.000000,1,39,13,1200
astar-jps-mpsp,with_roads,tiles,37,34,1,11.259000,0,0,,,0,0,1200
astar-jps-mpsp,with_roads,tiles,117,341,1,9.134000,0,0,,,0,0,1200
astar-jps-mpsp,with_roads,tiles,359,771,1,11.153000,0,0,,,0,0,1200
astar-jps-mpsp,with_roads,tiles,929,31,1,448.789000,0,0,,,0,0,1200
astar-jps-mpsp,with_roads,tiles,846,311,1,230.146000,1,1,1.101010,1,109,37,1200
astar-jps-mpsp,with_roads,tiles,1106,997,1,630.423000,0,0,,,0,0,1200
astar-jps-mpsp,with_roads,tiles,1089,823,1,101.172000,1,1,1.062500,1,51,19,1200
astar-jps-mpsp,with_roads,tiles,638,344,1,160.937000,1,1,1.000000,1,75,25,1200
astar-jps-mpsp,with_roads,tiles,672,879,1,507.582000,0,0,,,0,0,1200
astar-jps-mpsp,with_roads,tiles,420,6,1,86.072000,1,1,1.351351,1,50,22,1200
astar-jps-mpsp,with_roads,tiles,1164,238,1,430.080000,0,0,,,0,0,1200
astar-jps-mpsp,with_roads,tiles,1084,641,1,85.552000,1,1,1.000000,1,60,20,1200
astar-jps-mpsp,no_roads,tree_of_life,268,57,1,95.842000,1,1,1.000000,1,48,16,1170
astar-jps-mpsp,no_roads,tree_of_life,627,561,1,66.978000,1,1,1.000000,1,36,12,1170
astar-jps-mpsp,no_roads,tree_of_life,515,332,1,88.715000,1,1,1.000000,1,36,12,1170
astar-jps-mpsp,no_roads,tree_of_life,243,200,1,37.250000,1,1,1.000000,1,12,4,1170
astar-jps-mpsp,no_roads,tree_of_life,980,72,1,395.236000,1,1,1.000000,1,102,34,1170
astar-jps-mpsp,no_roads,tree_of_life,68,220,1,23.189000,1,1,1.000000,1,12,4,1170
astar-jps-mpsp,no_roads,tree_of_life,505,536,1,62.013000,1,1,1.000000,1,24,8,1170
astar-jps-mpsp,no_roads,tree_of_life,1163,60,1,131.699000,1,1,1.000000,1,84,28,1170
astar-jps-mpsp,no_roads,tree_of_life,463,972,1,39.989000,1,1,1.000000,1,39,13,1170
astar-jps-mpsp,no_roads,tree_of_life,509,1042,1,216.788000,1,1,1.000000,1,87,29,1170
astar-jps-mpsp,no_roads,tree_of_life,633,14,1,51.342000,1,1,1.000000,1,48,16,1170
astar-jps-mpsp,no_roads,tree_of_life,378,981,1,151.504000,1,1,1.000000,1,78,26,1170
astar-jps-mpsp,no_roads,tree_of_life,768,633,1,27.788000,1,1,1.000000,1,54,18,1170
astar-jps-mpsp,no_roads,tree_of_life,368,498,1,33.024000,1,1,1.000000,1,39,13,1170
astar-jps-mpsp,no_roads,tree_of_life,760,243,1,45.370000,1,1,1.000000,1,42,14,1170
astar-jps-mpsp,no_roads,tree_of_life,218,856,1,52.915000,1,1,1.000000,1,51,17,1170
astar-jps-mpsp,no_roads,tree_of_life,232,809,1,41.024000,1,1,1.000000,1,45,15,1170
astar-jps-mpsp,no_roads,tree_of_life,776,604,1,56.530000,1,1,1.000000,1,51,17,1170
astar-jps-mpsp,no_roads,tree_of_life,99,1064,1,134.280000,1,1,1.000000,1,75,25,1170
astar-jps-mpsp,no_roads,tree_of_life,300,853,1,44.341000,1,1,1.000000,1,42,14,1170
astar-jps-mpsp,with_roads,tree_of_life,268,57,1,79.628000,1,1,1.000000,1,48,16,1170
astar-jps-mpsp,with_roads,tree_of_life,627,561,1,52.325000,1,1,1.241379,0,36,12,1170
astar-jps-mpsp,with_roads,tree_of_life,515,332,1,66.710000,1,1,1.000000,1,36,12,1170
astar-jps-mpsp,with_roads,tree_of_life,243,200,1,27.884000,1,1,1.000000,1,12,4,1170
astar-jps-mpsp,with_roads,tree_of_life,980,72,1,305.503000,1,1,1.041667,0,100,34,1170
astar-jps-mpsp,with_roads,tree_of_life,68,220,1,21.333000,1,1,1.000000,1,12,4,1170
astar-jps-mpsp,with_roads,tree_of_life,505,536,1,61.737000,1,1,1.000000,1,24,8,1170
astar-jps-mpsp,with_roads,tree_of_life,1163,60,1,134.998000,1,1,1.000000,1,84,28,1170
astar-jps-mpsp,with_roads,tree_of_life,463,972,1,38.885000,1,1,1.000000,1,39,13,1170
astar-jps-mpsp,with_roads,tree_of_life,509,1042,1,174.882000,1,1,1.257576,0,83,29,1170
astar-jps-mpsp,with_roads,tree_of_life,633,14,1,66.701000,1,1,1.000000,1,48,16,1170
astar-jps-mpsp,with_roads,tree_of_life,378,981,1,202.256000,1,1,1.000000,1,72,26,1170
astar-jps-mpsp,with_roads,tree_of_life,768,633,1,35.236000,1,1,1.000000,1,54,18,1170
astar-jps-mpsp,with_roads,tree_of_life,368,498,1,39.726000,1,1,1.000000,1,39,13,1170
astar-jps-mpsp,with_roads,tree_of_life,760,243,1,57.480000,1,1,1.000000,1,42,14,1170
astar-jps-mpsp,with_roads,tree_of_life,218,856,1,48.452000,1,1,1.000000,1,51,17,1170
astar-jps-mpsp,with_roads,tree_of_life,232,809,1,42.249000,1,1,1.000000,1,45,15,1170
astar-jps-mpsp,with_roads,tree_of_life,776,604,1,60.044000,1,1,1.000000,1,51,17,1170
astar-jps-mpsp,with_roads,tree_of_life,99,1064,1,136.805000,1,1,1.169492,1,69,25,1170
astar-jps-mpsp,with_roads,tree_of_life,300,853,1,40.913000,1,1,1.000000,1,42,14,1170
astar-jps-mpsp,no_roads,vase,294,61,1,508.862000,1,1,1.000000,1,195,65,1400
astar-jps-mpsp,no_roads,vase,723,644,1,412.089000,1,1,1.000000,1,192,64,1400
astar-jps-mpsp,no_roads,vase,594,363,1,215.549000,1,1,1.000000,1,195,65,1400
astar-jps-mpsp,no_roads,vase,271,234,1,28.969000,1,1,1.000000,1,6,2,1400
astar-jps-mpsp,no_roads,vase,1087,75,1,105.077000,1,1,1.000000,1,87,29,1400
astar-jps-mpsp,no_roads,vase,71,248,1,43.518000,1,1,1.000000,1,15,5,1400
astar-jps-mpsp,no_roads,vase,584,618,1,26.711000,1,1,1.000000,1,3,1,1400
astar-jps-mpsp,no_roads,vase,1323,64,1,77.452000,1,1,1.000000,1,108,36,1400
astar-jps-mpsp,no_roads,vase,531,1082,1,330.948000,1,1,1.000000,1,276,92,1400
astar-jps-mpsp,no_roads,vase,588,1160,1,274.376000,1,1,1.000000,1,285,95,1400
astar-jps-mpsp,no_roads,vase,729,13,1,199.067000,1,1,1.000000,1,237,79,1400
astar-jps-mpsp,no_roads,vase,422,1088,1,34.695000,1,1,1.000000,1,57,19,1400
astar-jps-mpsp,no_roads,vase,883,729,1,262.029000,1,1,1.000000,1,267,89,1400
astar-jps-mpsp,no_roads,vase,414,572,1,244.661000,1,1,1.000000,1,237,79,1400
astar-jps-mpsp,no_roads,vase,876,271,1,200.116000,1,1,1.000000,1,231,77,1400
astar-jps-mpsp,no_roads,vase,246,982,1,35.413000,1,1,1.000000,1,63,21,1400
astar-jps-mpsp,no_roads,vase,256,931,1,152.437000,1,1,1.000000,1,126,42,1400
astar-jps-mpsp,no_roads,vase,895,695,1,92.429000,1,1,1.000000,1,87,29,1400
astar-jps-mpsp,no_roads,vase,106,1192,1,30.259000,1,1,1.000000,1,93,31,1400
astar-jps-mpsp,no_roads,vase,326,979,1,226.931000,1,1,1.000000,1,231,77,1400
astar-jps-mpsp,with_roads,vase,294,61,1,503.749000,1,1,1.481928,0,123,65,1400
astar-jps-mpsp,with_roads,vase,723,644,1,394.346000,1,1,1.606061,0,106,64,1400
astar-jps-mpsp,with_roads,vase,594,363,1,208.960000,1,1,1.450704,1,103,65,1400
astar-jps-mpsp,with_roads,vase,271,234,1,30.240000,1,1,1.000000,1,6,2,1400
astar-jps-mpsp,with_roads,vase,1087,75,1,99.418000,1,1,1.103896,1,85,29,1400
astar-jps-mpsp,with_roads,vase,71,248,1,42.565000,1,1,1.153846,0,15,5,1400
astar-jps-mpsp,with_roads,vase,584,618,1,25.509000,1,1,1.000000,1,3,1,1400
astar-jps-mpsp,with_roads,vase,1323,64,1,80.578000,1,1,1.437500,1,92,36,1400
astar-jps-mpsp,with_roads,vase,531,1082,1,329.174000,1,1,1.789474,1,204,92,1400
astar-jps-mpsp,with_roads,vase,588,1160,1,279.011000,1,1,1.190476,0,175,95,1400
astar-jps-mpsp,with_roads,vase,729,13,1,211.985000,1,1,1.593407,0,145,79,1400
astar-jps-mpsp,with_roads,vase,422,1088,1,34.631000,1,1,1.000000,1,57,19,1400
astar-jps-mpsp,with_roads,vase,883,729,1,267.561000,1,1,1.456693,1,185,89,1400
astar-jps-mpsp,with_roads,vase,414,572,1,359.672000,1,1,1.283186,1,145,79,1400
astar-jps-mpsp,with_roads,vase,876,271,1,200.867000,1,1,1.336283,1,151,77,1400
astar-jps-mpsp,with_roads,vase,246,982,1,35.503000,1,1,1.000000,1,63,21,1400
astar-jps-mpsp,with_roads,vase,256,931,1,160.247000,1,1,1.913043,1,88,42,1400
astar-jps-mpsp,with_roads,vase,895,695,1,86.640000,1,1,1.303030,1,43,29,1400
astar-jps-mpsp,with_roads,vase,106,1192,1,28.730000,1,1,1.033333,0,93,31,1400
astar-jps-mpsp,with_roads,vase,326,979,1,216.670000,1,1,1.897727,0,167,77,1400
astar-jps-mpsp,no_roads,wall,871,152,1,420.417000,1,1,1.000000,1,102,34,1024
astar-jps-mpsp,no_roads,wall,25,1011,1,49.621000,0,0,,,0,0,1024
astar-jps-mpsp,no_roads,wall,397,363,1,26.366000,1,1,1.000000,1,6,2,1024
astar-jps-mpsp,no_roads,wall,312,198,1,59.058000,1,1,1.000000,1,54,18,1024
astar-jps-mpsp,no_roads,wall,1006,139,1,27.490000,0,0,,,0,0,1024
astar-jps-mpsp,no_roads,wall,910,1010,1,529.593000,0,0,,,0,0,1024
astar-jps-mpsp,no_roads,wall,756,119,1,90.286000,1,1,1.000000,1,69,23,1024
astar-jps-mpsp,no_roads,wall,815,595,1,53.855000,1,1,1.000000,1,36,12,1024
astar-jps-mpsp,no_roads,wall,32,30,1,43.464000,1,1,1.000000,1,90,30,1024
astar-jps-mpsp,no_roads,wall,127,307,1,44.755000,1,1,1.000000,1,36,12,1024
astar-jps-mpsp,no_roads,wall,322,696,1,100.623000,1,1,1.000000,1,69,23,1024
astar-jps-mpsp,no_roads,wall,828,27,1,375.655000,0,0,,,0,0,1024
astar-jps-mpsp,no_roads,wall,779,287,1,58.116000,1,1,1.000000,1,78,26,1024
astar-jps-mpsp,no_roads,wall,981,882,1,14.932000,0,0,,,0,0,1024
astar-jps-mpsp,no_roads,wall,966,756,1,13.367000,0,0,,,0,0,1024
astar-jps-mpsp,no_roads,wall,592,309,1,101.276000,1,1,1.000000,1,66,22,1024
astar-jps-mpsp,no_roads,wall,630,814,1,53.901000,1,1,1.000000,1,36,12,1024
astar-jps-mpsp,no_roads,wall,400,6,1,349.306000,0,0,,,0,0,1024
astar-jps-mpsp,no_roads,wall,219,958,1,79.169000,1,1,1.000000,1,69,23,1024
astar-jps-mpsp,no_roads,wall,595,482,1,34.245000,1,1,1.000000,1,51,17,1024
astar-jps-mpsp,with_roads,wall,871,152,1,407.836000,1,1,1.000000,1,102,34,1024
astar-jps-mpsp,with_roads,wall,25,1011,1,41.760000,0,0,,,0,0,1024
astar-jps-mpsp,with_roads,wall,397,363,1,23.332000,1,1,1.000000,1,6,2,1024
astar-jps-mpsp,with_roads,wall,312,198,1,53.841000,1,1,1.000000,1,54,18,1024
astar-jps-mpsp,with_roads,wall,1006,139,1,24.698000,0,0,,,0,0,1024
astar-jps-mpsp,with_roads,wall,910,1010,1,512.585000,0,0,,,0,0,1024
astar-jps-mpsp,with_roads,wall,756,119,1,83.212000,1,1,1.000000,1,69,23,1024
astar-jps-mpsp,with_roads,wall,815,595,1,50.021000,1,1,1.000000,1,36,12,1024
astar-jps-mpsp,with_roads,wall,32,30,1,42.839000,1,1,1.000000,1,90,30,1024
astar-jps-mpsp,with_roads,wall,127,307,1,40.304000,1,1,1.000000,1,36,12,1024
astar-jps-mpsp,with_roads,wall,322,696,1,92.249000,1,1,1.000000,1,69,23,1024
astar-jps-mpsp,with_roads,wall,828,27,1,381.160000,0,0,,,0,0,1024
astar-jps-mpsp,with_roads,wall,779,287,1,59.435000,1,1,1.000000,1,78,26,1024
astar-jps-mpsp,with_roads,wall,981,882,1,15.715000,0,0,,,0,0,1024
astar-jps-mpsp,with_roads,wall,966,756,1,18.240000,0,0,,,0,0,1024
astar-jps-mpsp,with_roads,wall,592,309,1,104.746000,1,1,1.000000,1,66,22,1024
astar-jps-mpsp,with_roads,wall,630,814,1,52.183000,1,1,1.000000,1,36,12,1024
astar-jps-mpsp,with_roads,wall,400,6,1,355.422000,0,0,,,0,0,1024
astar-jps-mpsp,with_roads,wall,219,958,1,78.720000,1,1,1.000000,1,69,23,1024
astar-jps-mpsp,with_roads,wall,595,482,1,38.324000,1,1,1.000000,1,51,17,1024
astar-jps-mpsp,no_roads,wasteland,289,61,1,82.497000,1,1,1.000000,1,36,12,1600
astar-jps-mpsp,no_roads,wasteland,780,693,1,43.979000,1,1,1.000000,1,21,7,1600
astar-jps-mpsp,no_roads,wasteland,628,380,1,54.478000,1,1,1.000000,1,24,8,1600
astar-jps-mpsp,no_roads,wasteland,265,1552,1,318.495000,1,1,1.000000,1,96,32,1600
astar-jps-mpsp,no_roads,wasteland,226,1210,1,116.258000,1,1,1.000000,1,75,25,1600
astar-jps-mpsp,no_roads,wasteland,78,74,1,28.522000,1,1,1.000000,1,12,4,1600
astar-jps-mpsp,no_roads,wasteland,240,617,1,236.457000,1,1,1.000000,1,51,17,1600
astar-jps-mpsp,no_roads,wasteland,654,1445,1,114.243000,1,1,1.000000,1,60,20,1600
astar-jps-mpsp,no_roads,wasteland,64,1592,1,334.674000,1,1,1.000000,1,114,38,1600
astar-jps-mpsp,no_roads,wasteland,564,1552,1,294.991000,1,1,1.000000,1,90,30,1600
astar-jps-mpsp,no_roads,wasteland,1205,622,1,62.078000,1,1,1.000000,1,54,18,1600
astar-jps-mpsp,no_roads,wasteland,1297,788,1,81.177000,1,1,1.000000,1,42,14,1600
astar-jps-mpsp,no_roads,wasteland,15,440,1,112.812000,1,1,1.000000,1,51,17,1600
astar-jps-mpsp,no_roads,wasteland,1211,969,1,40.694000,1,1,1.000000,1,18,6,1600
astar-jps-mpsp,no_roads,wasteland,788,425,1,78.478000,1,1,1.000000,1,30,10,1600
astar-jps-mpsp,no_roads,wasteland,609,958,1,116.299000,1,1,1.000000,1,87,29,1600
astar-jps-mpsp,no_roads,wasteland,265,238,1,77.035000,1,1,1.000000,1,39,13,1600
astar-jps-mpsp,no_roads,wasteland,1079,249,1,146.977000,1,1,1.000000,1,90,30,1600
astar-jps-mpsp,no_roads,wasteland,1017,977,1,17.664000,1,1,1.000000,1,3,1,1600
astar-jps-mpsp,no_roads,wasteland,750,107,1,82.451000,1,1,1.000000,1,48,16,1600
astar-jps-mpsp,with_roads,wasteland,289,61,1,73.957000,1,1,1.000000,1,36,12,1600
astar-jps-mpsp,with_roads,wasteland,780,693,1,37.237000,1,1,1.000000,1,21,7,1600
astar-jps-mpsp,with_roads,wasteland,628,380,1,47.823000,1,1,1.000000,1,24,8,1600
astar-jps-mpsp,with_roads,wasteland,265,1552,1,291.934000,1,1,1.000000,1,96,32,1600
astar-jps-mpsp,with_roads,wasteland,226,1210,1,105.446000,1,1,1.013889,1,73,25,1600
astar-jps-mpsp,with_roads,wasteland,78,74,1,29.655000,1,1,1.000000,1,12,4,1600
astar-jps-mpsp,with_roads,wasteland,240,617,1,176.478000,1,1,1.378378,0,51,17,1600
astar-jps-mpsp,with_roads,wasteland,654,1445,1,122.315000,1,1,1.160000,1,58,20,1600
astar-jps-mpsp,with_roads,wasteland,64,1592,1,353.618000,1,1,1.036364,1,114,38,1600
astar-jps-mpsp,with_roads,wasteland,564,1552,1,306.075000,1,1,1.087719,1,62,30,1600
astar-jps-mpsp,with_roads,wasteland,1205,622,1,67.265000,1,1,1.000000,1,52,18,1600
astar-jps-mpsp,with_roads,wasteland,1297,788,1,79.010000,1,1,1.024390,0,42,14,1600
astar-jps-mpsp,with_roads,wasteland,15,440,1,112.705000,1,1,1.205128,1,47,17,1600
astar-jps-mpsp,with_roads,wasteland,1211,969,1,40.669000,1,1,1.000000,1,18,6,1600
astar-jps-mpsp,with_roads,wasteland,788,425,1,82.299000,1,1,1.000000,1,30,10,1600
astar-jps-mpsp,with_roads,wasteland,609,958,1,120.590000,1,1,1.074074,0,87,29,1600
astar-jps-mpsp,with_roads,wasteland,265,238,1,84.705000,1,1,1.000000,1,39,13,1600
astar-jps-mpsp,with_roads,wasteland,1079,249,1,219.119000,1,1,1.000000,1,90,30,1600
astar-jps-mpsp,with_roads,wasteland,1017,977,1,21.922000,1,1,1.000000,1,3,1,1600
astar-jps-mpsp,with_roads,wasteland,750,107,1,90.951000,1,1,1.000000,1,48,16,1600
astar-jps-mpsp,no_roads,wasteland_oasis,1100,186,1,280.333000,1,1,1.000000,1,81,27,1600
astar-jps-mpsp,no_roads,wasteland_oasis,38,1271,1,158.988000,1,1,1.000000,1,93,31,1600
astar-jps-mpsp,no_roads,wasteland_oasis,461,405,1,99.395000,1,1,1.000000,1,48,16,1600
astar-jps-mpsp,no_roads,wasteland_oasis,370,238,1,153.632000,1,1,1.000000,1,84,28,1600
astar-jps-mpsp,no_roads,wasteland_oasis,1265,170,1,280.463000,1,1,1.000000,1,87,29,1600
astar-jps-mpsp,no_roads,wasteland_oasis,1159,1270,1,80.813000,1,1,1.000000,1,27,9,1600
astar-jps-mpsp,no_roads,wasteland_oasis,1524,939,1,111.792000,1,1,1.000000,1,60,20,1600
astar-jps-mpsp,no_roads,wasteland_oasis,148,1017,1,457.989000,1,1,1.000000,1,90,30,1600
astar-jps-mpsp,no_roads,wasteland_oasis,711,48,1,135.450000,1,1,1.000000,1,78,26,1600
astar-jps-mpsp,no_roads,wasteland_oasis,45,155,1,99.291000,1,1,1.000000,1,90,30,1600
astar-jps-mpsp,no_roads,wasteland_oasis,363,387,1,72.436000,1,1,1.000000,1,72,24,1600
astar-jps-mpsp,no_roads,wasteland_oasis,870,1036,1,22.153000,1,1,1.000000,1,18,6,1600
astar-jps-mpsp,no_roads,wasteland_oasis,41,962,1,96.313000,1,1,1.000000,1,69,23,1600
astar-jps-mpsp,no_roads,wasteland_oasis,331,1231,1,118.576000,1,1,1.000000,1,78,26,1600
astar-jps-mpsp,no_roads,wasteland_oasis,1120,1208,1,53.848000,1,1,1.000000,1,27,9,1600
astar-jps-mpsp,no_roads,wasteland_oasis,939,706,1,49.292000,1,1,1.000000,1,42,14,1600
astar-jps-mpsp,no_roads,wasteland_oasis,367,763,1,44.007000,1,1,1.000000,1,33,11,1600
astar-jps-mpsp,no_roads,wasteland_oasis,1014,465,1,90.938000,1,1,1.000000,1,66,22,1600
astar-jps-mpsp,no_roads,wasteland_oasis,1386,1480,1,144.235000,1,1,1.000000,1,84,28,1600
astar-jps-mpsp,no_roads,wasteland_oasis,9,1301,1,296.718000,1,1,1.000000,1,105,35,1600
astar-jps-mpsp,with_roads,wasteland_oasis,1100,186,1,216.976000,1,1,1.149254,0,77,27,1600
astar-jps-mpsp,with_roads,wasteland_oasis,38,1271,1,119.060000,1,1,1.021978,1,93,31,1600
astar-jps-mpsp,with_roads,wasteland_oasis,461,405,1,51.450000,1,1,1.150000,1,46,16,1600
astar-jps-mpsp,with_roads,wasteland_oasis,370,238,1,80.834000,1,1,1.121212,0,74,28,1600
astar-jps-mpsp,with_roads,wasteland_oasis,1265,170,1,197.637000,1,1,1.351852,1,73,29,1600
astar-jps-mpsp,with_roads,wasteland_oasis,1159,1270,1,59.266000,1,1,1.000000,1,27,9,1600
astar-jps-mpsp,with_roads,wasteland_oasis,1524,939,1,80.979000,1,1,1.191489,1,56,20,1600
astar-jps-mpsp,with_roads,wasteland_oasis,148,1017,1,415.813000,1,1,1.377049,1,84,30,1600
astar-jps-mpsp,with_roads,wasteland_oasis,711,48,1,105.134000,1,1,2.054054,1,76,26,1600
astar-jps-mpsp,with_roads,wasteland_oasis,45,155,1,75.926000,1,1,1.358491,1,72,30,1600
astar-jps-mpsp,with_roads,wasteland_oasis,363,387,1,53.595000,1,1,1.692308,1,66,24,1600
astar-jps-mpsp,with_roads,wasteland_oasis,870,1036,1,17.744000,1,1,1.000000,1,18,6,1600
astar-jps-mpsp,with_roads,wasteland_oasis,41,962,1,74.476000,1,1,1.727273,0,57,23,1600
astar-jps-mpsp,with_roads,wasteland_oasis,331,1231,1,109.653000,1,1,1.200000,0,78,26,1600
astar-jps-mpsp,with_roads,wasteland_oasis,1120,1208,1,51.925000,1,1,1.000000,1,27,9,1600
astar-jps-mpsp,with_roads,wasteland_oasis,939,706,1,47.720000,1,1,1.000000,1,42,14,1600
astar-jps-mpsp,with_roads,wasteland_oasis,367,763,1,45.205000,1,1,1.190476,0,25,11,1600
astar-jps-mpsp,with_roads,wasteland_oasis,1014,465,1,93.275000,1,1,1.192308,1,62,22,1600
astar-jps-mpsp,with_roads,wasteland_oasis,1386,1480,1,146.894000,1,1,1.038961,0,80,28,1600
astar-jps-mpsp,with_roads,wasteland_oasis,9,1301,1,289.032000,1,1,1.788462,0,93,35,1600
astar-jps-mpsp,no_roads,we_love_tetris,169,67,1,53.342000,1,1,1.000000,1,63,21,820
astar-jps-mpsp,no_roads,we_love_tetris,370,325,1,132.302000,1,1,1.000000,1,111,37,820
astar-jps-mpsp,no_roads,we_love_tetris,297,199,1,61.591000,1,1,1.000000,1,78,26,820
astar-jps-mpsp,no_roads,we_love_tetris,157,139,1,55.774000,1,1,1.000000,1,54,18,820
astar-jps-mpsp,no_roads,we_love_tetris,567,74,1,57.336000,1,1,1.000000,1,36,12,820
astar-jps-mpsp,no_roads,we_love_tetris,72,148,1,32.817000,1,1,1.000000,1,18,6,820
astar-jps-mpsp,no_roads,we_love_tetris,292,311,1,74.831000,1,1,1.000000,1,57,19,820
astar-jps-mpsp,no_roads,we_love_tetris,724,69,1,27.448000,1,1,1.000000,1,48,16,820
astar-jps-mpsp,no_roads,we_love_tetris,268,564,1,130.622000,1,1,1.000000,1,45,15,820
astar-jps-mpsp,no_roads,we_love_tetris,294,611,1,328.425000,0,0,,,0,0,820
astar-jps-mpsp,no_roads,we_love_tetris,373,48,1,27.019000,1,1,1.000000,1,24,8,820
astar-jps-mpsp,no_roads,we_love_tetris,223,567,1,119.024000,1,1,1.000000,1,60,20,820
astar-jps-mpsp,no_roads,we_love_tetris,452,373,1,18.798000,1,1,1.000000,1,9,3,820
astar-jps-mpsp,no_roads,we_love_tetris,218,289,1,28.468000,1,1,1.000000,1,33,11,820
astar-jps-mpsp,no_roads,we_love_tetris,446,157,1,22.428000,1,1,1.000000,1,21,7,820
astar-jps-mpsp,no_roads,we_love_tetris,147,510,1,25.684000,1,1,1.000000,1,27,9,820
astar-jps-mpsp,no_roads,we_love_tetris,152,478,1,24.681000,1,1,1.000000,1,24,8,820
astar-jps-mpsp,no_roads,we_love_tetris,457,356,1,53.247000,1,1,1.000000,1,72,24,820
astar-jps-mpsp,no_roads,we_love_tetris,88,636,1,40.315000,1,1,1.000000,1,51,17,820
astar-jps-mpsp,no_roads,we_love_tetris,183,508,1,20.459000,1,1,1.000000,1,24,8,820
astar-jps-mpsp,with_roads,we_love_tetris,169,67,1,48.935000,1,1,2.185185,1,59,21,820
astar-jps-mpsp,with_roads,we_love_tetris,370,325,1,108.670000,1,1,1.507463,1,101,37,820
astar-jps-mpsp,with_roads,we_love_tetris,297,199,1,64.569000,1,1,1.636364,1,72,26,820
astar-jps-mpsp,with_roads,we_love_tetris,157,139,1,41.059000,1,1,1.923077,1,50,18,820
astar-jps-mpsp,with_roads,we_love_tetris,567,74,1,34.385000,1,1,1.565217,0,36,12,820
astar-jps-mpsp,with_roads,we_love_tetris,72,148,1,22.274000,1,1,1.333333,1,16,6,820
astar-jps-mpsp,with_roads,we_love_tetris,292,311,1,50.754000,1,1,1.516129,1,47,19,820
astar-jps-mpsp,with_roads,we_love_tetris,724,69,1,20.249000,1,1,1.294118,1,44,16,820
astar-jps-mpsp,with_roads,we_love_tetris,268,564,1,142.324000,1,1,1.608696,0,37,15,820
astar-jps-mpsp,with_roads,we_love_tetris,294,611,1,339.033000,0,0,,,0,0,820
astar-jps-mpsp,with_roads,we_love_tetris,373,48,1,22.067000,1,1,1.000000,1,22,8,820
astar-jps-mpsp,with_roads,we_love_tetris,223,567,1,96.283000,1,1,1.724138,0,50,20,820
astar-jps-mpsp,with_roads,we_love_tetris,452,373,1,18.025000,1,1,1.000000,1,9,3,820
astar-jps-mpsp,with_roads,we_love_tetris,218,289,1,25.689000,1,1,1.320000,0,33,11,820
astar-jps-mpsp,with_roads,we_love_tetris,446,157,1,20.784000,1,1,1.000000,1,21,7,820
astar-jps-mpsp,with_roads,we_love_tetris,147,510,1,26.002000,1,1,1.190476,1,25,9,820
astar-jps-mpsp,with_roads,we_love_tetris,152,478,1,23.621000,1,1,1.428571,1,20,8,820
astar-jps-mpsp,with_roads,we_love_tetris,457,356,1,51.836000,1,1,1.511111,1,68,24,820
astar-jps-mpsp,with_roads,we_love_tetris,88,636,1,40.535000,1,1,1.888889,0,51,17,820
astar-jps-mpsp,with_roads,we_love_tetris,183,508,1,21.301000,1,1,1.222222,1,22,8,820
astar-jps-mpsp,no_roads,window_shopping,161,29,1,108.923000,0,0,,,0,0,840
astar-jps-mpsp,no_roads,window_shopping,404,361,1,13.095000,1,1,1.000000,1,3,1,840
astar-jps-mpsp,no_roads,window_shopping,331,194,1,40.370000,1,1,1.000000,1,45,15,840
astar-jps-mpsp,no_roads,window_shopping,150,132,1,65.138000,0,0,,,0,0,840
astar-jps-mpsp,no_roads,window_shopping,656,36,1,7.356000,0,0,,,0,0,840
astar-jps-mpsp,no_roads,window_shopping,34,139,1,109.949000,0,0,,,0,0,840
astar-jps-mpsp,no_roads,window_shopping,317,343,1,44.184000,0,0,,,0,0,840
astar-jps-mpsp,no_roads,window_shopping,815,31,1,42.607000,1,1,1.000000,1,84,28,840
astar-jps-mpsp,no_roads,window_shopping,281,645,1,50.885000,0,0,,,0,0,840
astar-jps-mpsp,no_roads,window_shopping,319,734,1,35.434000,0,0,,,0,0,840
astar-jps-mpsp,no_roads,window_shopping,407,8,1,41.676000,0,0,,,0,0,840
astar-jps-mpsp,no_roads,window_shopping,220,656,1,96.635000,0,0,,,0,0,840
astar-jps-mpsp,no_roads,window_shopping,502,407,1,57.290000,0,0,,,0,0,840
astar-jps-mpsp,no_roads,window_shopping,214,312,1,34.647000,1,1,1.000000,1,42,14,840
astar-jps-mpsp,no_roads,window_shopping,497,150,1,38.682000,1,1,1.000000,1,42,14,840
astar-jps-mpsp,no_roads,window_shopping,138,569,1,72.088000,0,0,,,0,0,840
astar-jps-mpsp,no_roads,window_shopping,143,532,1,39.746000,0,0,,,0,0,840
astar-jps-mpsp,no_roads,window_shopping,506,387,1,69.171000,0,0,,,0,0,840
astar-jps-mpsp,no_roads,window_shopping,51,762,1,18.215000,1,1,1.000000,1,78,26,840
astar-jps-mpsp,no_roads,window_shopping,176,566,1,47.523000,0,0,,,0,0,840
astar-jps-mpsp,with_roads,window_shopping,161,29,1,110.005000,0,0,,,0,0,840
astar-jps-mpsp,with_roads,window_shopping,404,361,1,13.770000,1,1,1.000000,1,3,1,840
astar-jps-mpsp,with_roads,window_shopping,331,194,1,41.916000,1,1,1.000000,1,45,15,840
astar-jps-mpsp,with_roads,window_shopping,150,132,1,70.221000,0,0,,,0,0,840
astar-jps-mpsp,with_roads,window_shopping,656,36,1,7.430000,0,0,,,0,0,840
astar-jps-mpsp,with_roads,window_shopping,34,139,1,113.336000,0,0,,,0,0,840
astar-jps-mpsp,with_roads,window_shopping,317,343,1,47.214000,0,0,,,0,0,840
astar-jps-mpsp,with_roads,window_shopping,815,31,1,44.923000,1,1,1.000000,1,84,28,840
astar-jps-mpsp,with_roads,window_shopping,281,645,1,52.589000,0,0,,,0,0,840
astar-jps-mpsp,with_roads,window_shopping,319,734,1,38.071000,0,0,,,0,0,840
astar-jps-mpsp,with_roads,window_shopping,407,8,1,45.095000,0,0,,,0,0,840
astar-jps-mpsp,with_roads,window_shopping,220,656,1,103.219000,0,0,,,0,0,840
astar-jps-mpsp,with_roads,window_shopping,502,407,1,59.841000,0,0,,,0,0,840
astar-jps-mpsp,with_roads,window_shopping,214,312,1,35.174000,1,1,1.000000,1,42,14,840
astar-jps-mpsp,with_roads,window_shopping,497,150,1,40.441000,1,1,1.000000,1,42,14,840
astar-jps-mpsp,with_roads,window_shopping,138,569,1,71.896000,0,0,,,0,0,840
astar-jps-mpsp,with_roads,window_shopping,143,532,1,46.463000,0,0,,,0,0,840
astar-jps-mpsp,with_roads,window_shopping,506,387,1,70.413000,0,0,,,0,0,840
astar-jps-mpsp,with_roads,window_shopping,51,762,1,18.986000,1,1,1.000000,1,78,26,840
astar-jps-mpsp,with_roads,window_shopping,176,566,1,48.251000,0,0,,,0,0,840
