algo,scenario,map,start,goal,time_us,reachable,reached_goal,opt_ratio,first_move_correct
astar-dial-cheb,no_roads,arena,126,25,70.4,0,,,
astar-dial-cheb,no_roads,arena,308,275,130.4,0,,,
astar-dial-cheb,no_roads,arena,252,156,56.8,0,,,
astar-dial-cheb,no_roads,arena,115,613,469.0,0,,,
astar-dial-cheb,no_roads,arena,99,473,170.2,0,,,
astar-dial-cheb,no_roads,arena,32,30,19.4,0,,,
astar-dial-cheb,no_roads,arena,105,247,335.0,0,,,
astar-dial-cheb,no_roads,arena,262,572,247.2,0,,,
astar-dial-cheb,no_roads,arena,27,222,369.1,0,,,
astar-dial-cheb,no_roads,arena,613,470,63.1,0,,,
astar-dial-cheb,no_roads,arena,249,502,408.4,0,,,
astar-dial-cheb,no_roads,arena,311,6,244.1,0,,,
astar-dial-cheb,no_roads,arena,178,473,419.1,0,,,
astar-dial-cheb,no_roads,arena,381,311,52.4,0,,,
astar-dial-cheb,no_roads,arena,174,242,59.3,0,,,
astar-dial-cheb,no_roads,arena,375,115,236.2,0,,,
astar-dial-cheb,no_roads,arena,104,427,218.7,0,,,
astar-dial-cheb,no_roads,arena,110,404,208.2,0,,,
astar-dial-cheb,no_roads,arena,388,297,150.7,0,,,
astar-dial-cheb,no_roads,arena,44,514,327.0,0,,,
astar-jps,no_roads,arena,126,25,81.4,0,,,
astar-jps,no_roads,arena,308,275,102.7,0,,,
astar-jps,no_roads,arena,252,156,69.0,0,,,
astar-jps,no_roads,arena,115,613,448.2,0,,,
astar-jps,no_roads,arena,99,473,83.1,0,,,
astar-jps,no_roads,arena,32,30,27.1,0,,,
astar-jps,no_roads,arena,105,247,334.1,0,,,
astar-jps,no_roads,arena,262,572,112.7,0,,,
astar-jps,no_roads,arena,27,222,358.9,0,,,
astar-jps,no_roads,arena,613,470,81.0,0,,,
astar-jps,no_roads,arena,249,502,321.2,0,,,
astar-jps,no_roads,arena,311,6,89.2,0,,,
astar-jps,no_roads,arena,178,473,315.2,0,,,
astar-jps,no_roads,arena,381,311,51.1,0,,,
astar-jps,no_roads,arena,174,242,57.1,0,,,
astar-jps,no_roads,arena,375,115,104.2,0,,,
astar-jps,no_roads,arena,104,427,125.9,0,,,
astar-jps,no_roads,arena,110,404,116.0,0,,,
astar-jps,no_roads,arena,388,297,75.0,0,,,
astar-jps,no_roads,arena,44,514,398.1,0,,,
astar-jps-dial,no_roads,arena,126,25,103.7,0,,,
astar-jps-dial,no_roads,arena,308,275,85.6,0,,,
astar-jps-dial,no_roads,arena,252,156,106.2,0,,,
astar-jps-dial,no_roads,arena,115,613,332.5,0,,,
astar-jps-dial,no_roads,arena,99,473,57.7,0,,,
astar-jps-dial,no_roads,arena,32,30,49.4,0,,,
astar-jps-dial,no_roads,arena,105,247,317.8,0,,,
astar-jps-dial,no_roads,arena,262,572,136.4,0,,,
astar-jps-dial,no_roads,arena,27,222,403.8,0,,,
astar-jps-dial,no_roads,arena,613,470,93.5,0,,,
astar-jps-dial,no_roads,arena,249,502,294.5,0,,,
astar-jps-dial,no_roads,arena,311,6,141.3,0,,,
astar-jps-dial,no_roads,arena,178,473,243.0,0,,,
astar-jps-dial,no_roads,arena,381,311,70.6,0,,,
astar-jps-dial,no_roads,arena,174,242,70.4,0,,,
astar-jps-dial,no_roads,arena,375,115,141.2,0,,,
astar-jps-dial,no_roads,arena,104,427,106.0,0,,,
astar-jps-dial,no_roads,arena,110,404,128.9,0,,,
astar-jps-dial,no_roads,arena,388,297,97.2,0,,,
astar-jps-dial,no_roads,arena,44,514,320.5,0,,,
astar-dial-cheb,with_roads,arena,126,25,28.3,0,,,
astar-dial-cheb,with_roads,arena,308,275,77.3,0,,,
astar-dial-cheb,with_roads,arena,252,156,56.5,0,,,
astar-dial-cheb,with_roads,arena,115,613,331.0,0,,,
astar-dial-cheb,with_roads,arena,99,473,182.4,0,,,
astar-dial-cheb,with_roads,arena,32,30,19.3,0,,,
astar-dial-cheb,with_roads,arena,105,247,390.2,0,,,
astar-dial-cheb,with_roads,arena,262,572,172.7,0,,,
astar-dial-cheb,with_roads,arena,27,222,443.1,0,,,
astar-dial-cheb,with_roads,arena,613,470,59.3,0,,,
astar-dial-cheb,with_roads,arena,249,502,306.7,0,,,
astar-dial-cheb,with_roads,arena,311,6,161.1,0,,,
astar-dial-cheb,with_roads,arena,178,473,333.9,0,,,
astar-dial-cheb,with_roads,arena,381,311,49.1,0,,,
astar-dial-cheb,with_roads,arena,174,242,65.5,0,,,
astar-dial-cheb,with_roads,arena,375,115,306.0,0,,,
astar-dial-cheb,with_roads,arena,104,427,209.4,0,,,
astar-dial-cheb,with_roads,arena,110,404,157.9,0,,,
astar-dial-cheb,with_roads,arena,388,297,222.4,0,,,
astar-dial-cheb,with_roads,arena,44,514,189.5,0,,,
astar-jps,with_roads,arena,126,25,50.6,0,,,
astar-jps,with_roads,arena,308,275,72.8,0,,,
astar-jps,with_roads,arena,252,156,64.4,0,,,
astar-jps,with_roads,arena,115,613,451.5,0,,,
astar-jps,with_roads,arena,99,473,82.8,0,,,
astar-jps,with_roads,arena,32,30,27.2,0,,,
astar-jps,with_roads,arena,105,247,323.6,0,,,
astar-jps,with_roads,arena,262,572,110.2,0,,,
astar-jps,with_roads,arena,27,222,369.6,0,,,
astar-jps,with_roads,arena,613,470,82.8,0,,,
astar-jps,with_roads,arena,249,502,316.3,0,,,
astar-jps,with_roads,arena,311,6,77.2,0,,,
astar-jps,with_roads,arena,178,473,322.0,0,,,
astar-jps,with_roads,arena,381,311,59.8,0,,,
astar-jps,with_roads,arena,174,242,57.3,0,,,
astar-jps,with_roads,arena,375,115,104.2,0,,,
astar-jps,with_roads,arena,104,427,125.7,0,,,
astar-jps,with_roads,arena,110,404,116.1,0,,,
astar-jps,with_roads,arena,388,297,74.2,0,,,
astar-jps,with_roads,arena,44,514,384.4,0,,,
astar-jps-dial,with_roads,arena,126,25,86.3,0,,,
astar-jps-dial,with_roads,arena,308,275,77.9,0,,,
astar-jps-dial,with_roads,arena,252,156,97.3,0,,,
astar-jps-dial,with_roads,arena,115,613,315.5,0,,,
astar-jps-dial,with_roads,arena,99,473,52.9,0,,,
astar-jps-dial,with_roads,arena,32,30,48.9,0,,,
astar-jps-dial,with_roads,arena,105,247,305.3,0,,,
astar-jps-dial,with_roads,arena,262,572,135.5,0,,,
astar-jps-dial,with_roads,arena,27,222,383.8,0,,,
astar-jps-dial,with_roads,arena,613,470,92.0,0,,,
astar-jps-dial,with_roads,arena,249,502,291.3,0,,,
astar-jps-dial,with_roads,arena,311,6,149.0,0,,,
astar-jps-dial,with_roads,arena,178,473,241.5,0,,,
astar-jps-dial,with_roads,arena,381,311,71.0,0,,,
astar-jps-dial,with_roads,arena,174,242,71.9,0,,,
astar-jps-dial,with_roads,arena,375,115,133.5,0,,,
astar-jps-dial,with_roads,arena,104,427,107.8,0,,,
astar-jps-dial,with_roads,arena,110,404,129.9,0,,,
astar-jps-dial,with_roads,arena,388,297,104.3,0,,,
astar-jps-dial,with_roads,arena,44,514,330.3,0,,,
astar-dial-cheb,no_roads,bar_chart,319,72,62.7,0,,,
astar-dial-cheb,no_roads,bar_chart,769,673,322.7,0,,,
astar-dial-cheb,no_roads,bar_chart,612,392,89.1,0,,,
astar-dial-cheb,no_roads,bar_chart,293,249,565.9,0,,,
astar-dial-cheb,no_roads,bar_chart,1165,91,22.7,0,,,
astar-dial-cheb,no_roads,bar_chart,86,271,73.8,0,,,
astar-dial-cheb,no_roads,bar_chart,596,641,107.9,0,,,
astar-dial-cheb,no_roads,bar_chart,76,547,146.0,0,,,
astar-dial-cheb,no_roads,bar_chart,1158,600,42.2,0,,,
astar-dial-cheb,no_roads,bar_chart,1242,775,69.1,0,,,
astar-dial-cheb,no_roads,bar_chart,18,441,72.9,0,,,
astar-dial-cheb,no_roads,bar_chart,1167,948,571.0,0,,,
astar-dial-cheb,no_roads,bar_chart,775,431,152.2,0,,,
astar-dial-cheb,no_roads,bar_chart,587,939,600.2,0,,,
astar-dial-cheb,no_roads,bar_chart,293,267,247.2,0,,,
astar-dial-cheb,no_roads,bar_chart,1046,280,55.6,0,,,
astar-dial-cheb,no_roads,bar_chart,995,957,69.2,0,,,
astar-dial-cheb,no_roads,bar_chart,741,123,563.7,0,,,
astar-dial-cheb,no_roads,bar_chart,1272,356,255.5,0,,,
astar-dial-cheb,no_roads,bar_chart,1042,226,559.1,0,,,
astar-jps,no_roads,bar_chart,319,72,66.4,0,,,
astar-jps,no_roads,bar_chart,769,673,202.5,0,,,
astar-jps,no_roads,bar_chart,612,392,72.5,0,,,
astar-jps,no_roads,bar_chart,293,249,743.2,0,,,
astar-jps,no_roads,bar_chart,1165,91,17.5,0,,,
astar-jps,no_roads,bar_chart,86,271,36.3,0,,,
astar-jps,no_roads,bar_chart,596,641,123.3,0,,,
astar-jps,no_roads,bar_chart,76,547,97.6,0,,,
astar-jps,no_roads,bar_chart,1158,600,25.9,0,,,
astar-jps,no_roads,bar_chart,1242,775,33.8,0,,,
astar-jps,no_roads,bar_chart,18,441,32.1,0,,,
astar-jps,no_roads,bar_chart,1167,948,717.3,0,,,
astar-jps,no_roads,bar_chart,775,431,109.9,0,,,
astar-jps,no_roads,bar_chart,587,939,628.1,0,,,
astar-jps,no_roads,bar_chart,293,267,143.2,0,,,
astar-jps,no_roads,bar_chart,1046,280,29.2,0,,,
astar-jps,no_roads,bar_chart,995,957,33.4,0,,,
astar-jps,no_roads,bar_chart,741,123,673.2,0,,,
astar-jps,no_roads,bar_chart,1272,356,75.3,0,,,
astar-jps,no_roads,bar_chart,1042,226,679.7,0,,,
astar-jps-dial,no_roads,bar_chart,319,72,75.8,0,,,
astar-jps-dial,no_roads,bar_chart,769,673,376.8,0,,,
astar-jps-dial,no_roads,bar_chart,612,392,116.7,0,,,
astar-jps-dial,no_roads,bar_chart,293,249,779.0,0,,,
astar-jps-dial,no_roads,bar_chart,1165,91,54.2,0,,,
astar-jps-dial,no_roads,bar_chart,86,271,69.5,0,,,
astar-jps-dial,no_roads,bar_chart,596,641,155.8,0,,,
astar-jps-dial,no_roads,bar_chart,76,547,141.1,0,,,
astar-jps-dial,no_roads,bar_chart,1158,600,59.8,0,,,
astar-jps-dial,no_roads,bar_chart,1242,775,66.5,0,,,
astar-jps-dial,no_roads,bar_chart,18,441,65.0,0,,,
astar-jps-dial,no_roads,bar_chart,1167,948,778.4,0,,,
astar-jps-dial,no_roads,bar_chart,775,431,155.2,0,,,
astar-jps-dial,no_roads,bar_chart,587,939,667.3,0,,,
astar-jps-dial,no_roads,bar_chart,293,267,176.1,0,,,
astar-jps-dial,no_roads,bar_chart,1046,280,61.9,0,,,
astar-jps-dial,no_roads,bar_chart,995,957,65.2,0,,,
astar-jps-dial,no_roads,bar_chart,741,123,698.4,0,,,
astar-jps-dial,no_roads,bar_chart,1272,356,183.9,0,,,
astar-jps-dial,no_roads,bar_chart,1042,226,710.0,0,,,
astar-dial-cheb,with_roads,bar_chart,319,72,50.4,0,,,
astar-dial-cheb,with_roads,bar_chart,769,673,116.6,0,,,
astar-dial-cheb,with_roads,bar_chart,612,392,44.7,0,,,
astar-dial-cheb,with_roads,bar_chart,293,249,557.4,0,,,
astar-dial-cheb,with_roads,bar_chart,1165,91,23.8,0,,,
astar-dial-cheb,with_roads,bar_chart,86,271,73.9,0,,,
astar-dial-cheb,with_roads,bar_chart,596,641,53.4,0,,,
astar-dial-cheb,with_roads,bar_chart,76,547,73.3,0,,,
astar-dial-cheb,with_roads,bar_chart,1158,600,42.5,0,,,
astar-dial-cheb,with_roads,bar_chart,1242,775,69.0,0,,,
astar-dial-cheb,with_roads,bar_chart,18,441,71.5,0,,,
astar-dial-cheb,with_roads,bar_chart,1167,948,584.1,0,,,
astar-dial-cheb,with_roads,bar_chart,775,431,42.2,0,,,
astar-dial-cheb,with_roads,bar_chart,587,939,608.6,0,,,
astar-dial-cheb,with_roads,bar_chart,293,267,195.0,0,,,
astar-dial-cheb,with_roads,bar_chart,1046,280,53.3,0,,,
astar-dial-cheb,with_roads,bar_chart,995,957,68.6,0,,,
astar-dial-cheb,with_roads,bar_chart,741,123,568.0,0,,,
astar-dial-cheb,with_roads,bar_chart,1272,356,206.7,0,,,
astar-dial-cheb,with_roads,bar_chart,1042,226,571.6,0,,,
astar-jps,with_roads,bar_chart,319,72,49.4,0,,,
astar-jps,with_roads,bar_chart,769,673,191.5,0,,,
astar-jps,with_roads,bar_chart,612,392,71.1,0,,,
astar-jps,with_roads,bar_chart,293,249,747.5,0,,,
astar-jps,with_roads,bar_chart,1165,91,17.8,0,,,
astar-jps,with_roads,bar_chart,86,271,36.2,0,,,
astar-jps,with_roads,bar_chart,596,641,118.6,0,,,
astar-jps,with_roads,bar_chart,76,547,97.5,0,,,
astar-jps,with_roads,bar_chart,1158,600,26.7,0,,,
astar-jps,with_roads,bar_chart,1242,775,35.0,0,,,
astar-jps,with_roads,bar_chart,18,441,31.8,0,,,
astar-jps,with_roads,bar_chart,1167,948,717.5,0,,,
astar-jps,with_roads,bar_chart,775,431,105.9,0,,,
astar-jps,with_roads,bar_chart,587,939,618.1,0,,,
astar-jps,with_roads,bar_chart,293,267,142.8,0,,,
astar-jps,with_roads,bar_chart,1046,280,29.1,0,,,
astar-jps,with_roads,bar_chart,995,957,33.0,0,,,
astar-jps,with_roads,bar_chart,741,123,668.5,0,,,
astar-jps,with_roads,bar_chart,1272,356,74.3,0,,,
astar-jps,with_roads,bar_chart,1042,226,693.2,0,,,
astar-jps-dial,with_roads,bar_chart,319,72,72.1,0,,,
astar-jps-dial,with_roads,bar_chart,769,673,382.4,0,,,
astar-jps-dial,with_roads,bar_chart,612,392,116.9,0,,,
astar-jps-dial,with_roads,bar_chart,293,249,774.5,0,,,
astar-jps-dial,with_roads,bar_chart,1165,91,52.0,0,,,
astar-jps-dial,with_roads,bar_chart,86,271,68.6,0,,,
astar-jps-dial,with_roads,bar_chart,596,641,149.2,0,,,
astar-jps-dial,with_roads,bar_chart,76,547,137.0,0,,,
astar-jps-dial,with_roads,bar_chart,1158,600,58.1,0,,,
astar-jps-dial,with_roads,bar_chart,1242,775,66.0,0,,,
astar-jps-dial,with_roads,bar_chart,18,441,64.0,0,,,
astar-jps-dial,with_roads,bar_chart,1167,948,778.5,0,,,
astar-jps-dial,with_roads,bar_chart,775,431,153.3,0,,,
astar-jps-dial,with_roads,bar_chart,587,939,658.0,0,,,
astar-jps-dial,with_roads,bar_chart,293,267,179.5,0,,,
astar-jps-dial,with_roads,bar_chart,1046,280,61.2,0,,,
astar-jps-dial,with_roads,bar_chart,995,957,64.6,0,,,
astar-jps-dial,with_roads,bar_chart,741,123,707.9,0,,,
astar-jps-dial,with_roads,bar_chart,1272,356,184.1,0,,,
astar-jps-dial,with_roads,bar_chart,1042,226,710.1,0,,,
astar-dial-cheb,no_roads,battlebot,443,79,265.5,0,,,
astar-dial-cheb,no_roads,battlebot,12,514,127.1,0,,,
astar-dial-cheb,no_roads,battlebot,180,160,12.1,0,,,
astar-dial-cheb,no_roads,battlebot,147,96,338.3,0,,,
astar-dial-cheb,no_roads,battlebot,511,74,311.4,0,,,
astar-dial-cheb,no_roads,battlebot,471,514,18.9,0,,,
astar-dial-cheb,no_roads,battlebot,375,66,189.4,0,,,
astar-dial-cheb,no_roads,battlebot,409,280,62.6,0,,,
astar-dial-cheb,no_roads,battlebot,16,15,8.6,0,,,
astar-dial-cheb,no_roads,battlebot,69,143,127.2,0,,,
astar-dial-cheb,no_roads,battlebot,154,338,111.8,0,,,
astar-dial-cheb,no_roads,battlebot,416,13,395.7,0,,,
astar-dial-cheb,no_roads,battlebot,388,130,164.1,0,,,
astar-dial-cheb,no_roads,battlebot,496,451,23.6,0,,,
astar-dial-cheb,no_roads,battlebot,489,375,140.0,0,,,
astar-dial-cheb,no_roads,battlebot,277,144,207.7,0,,,
astar-dial-cheb,no_roads,battlebot,297,408,90.5,0,,,
astar-dial-cheb,no_roads,battlebot,183,559,283.3,0,,,
astar-dial-cheb,no_roads,battlebot,597,3,352.5,0,,,
astar-dial-cheb,no_roads,battlebot,526,557,70.0,0,,,
astar-jps,no_roads,battlebot,443,79,112.9,0,,,
astar-jps,no_roads,battlebot,12,514,105.6,0,,,
astar-jps,no_roads,battlebot,180,160,21.2,0,,,
astar-jps,no_roads,battlebot,147,96,187.5,0,,,
astar-jps,no_roads,battlebot,511,74,123.2,0,,,
astar-jps,no_roads,battlebot,471,514,26.1,0,,,
astar-jps,no_roads,battlebot,375,66,86.3,0,,,
astar-jps,no_roads,battlebot,409,280,38.8,0,,,
astar-jps,no_roads,battlebot,16,15,13.5,0,,,
astar-jps,no_roads,battlebot,69,143,89.6,0,,,
astar-jps,no_roads,battlebot,154,338,79.4,0,,,
astar-jps,no_roads,battlebot,416,13,739.5,0,,,
astar-jps,no_roads,battlebot,388,130,66.4,0,,,
astar-jps,no_roads,battlebot,496,451,29.5,0,,,
astar-jps,no_roads,battlebot,489,375,83.9,0,,,
astar-jps,no_roads,battlebot,277,144,87.1,0,,,
astar-jps,no_roads,battlebot,297,408,103.4,0,,,
astar-jps,no_roads,battlebot,183,559,232.6,0,,,
astar-jps,no_roads,battlebot,597,3,774.4,0,,,
astar-jps,no_roads,battlebot,526,557,70.0,0,,,
astar-jps-dial,no_roads,battlebot,443,79,181.7,0,,,
astar-jps-dial,no_roads,battlebot,12,514,135.9,0,,,
astar-jps-dial,no_roads,battlebot,180,160,44.4,0,,,
astar-jps-dial,no_roads,battlebot,147,96,336.6,0,,,
astar-jps-dial,no_roads,battlebot,511,74,323.6,0,,,
astar-jps-dial,no_roads,battlebot,471,514,43.3,0,,,
astar-jps-dial,no_roads,battlebot,375,66,128.2,0,,,
astar-jps-dial,no_roads,battlebot,409,280,61.9,0,,,
astar-jps-dial,no_roads,battlebot,16,15,31.5,0,,,
astar-jps-dial,no_roads,battlebot,69,143,133.6,0,,,
astar-jps-dial,no_roads,battlebot,154,338,97.3,0,,,
astar-jps-dial,no_roads,battlebot,416,13,766.0,0,,,
astar-jps-dial,no_roads,battlebot,388,130,103.7,0,,,
astar-jps-dial,no_roads,battlebot,496,451,48.4,0,,,
astar-jps-dial,no_roads,battlebot,489,375,137.3,0,,,
astar-jps-dial,no_roads,battlebot,277,144,178.1,0,,,
astar-jps-dial,no_roads,battlebot,297,408,123.5,0,,,
astar-jps-dial,no_roads,battlebot,183,559,183.3,0,,,
astar-jps-dial,no_roads,battlebot,597,3,718.3,0,,,
astar-jps-dial,no_roads,battlebot,526,557,105.4,0,,,
astar-dial-cheb,with_roads,battlebot,443,79,337.8,0,,,
astar-dial-cheb,with_roads,battlebot,12,514,73.8,0,,,
astar-dial-cheb,with_roads,battlebot,180,160,11.9,0,,,
astar-dial-cheb,with_roads,battlebot,147,96,337.1,0,,,
astar-dial-cheb,with_roads,battlebot,511,74,339.2,0,,,
astar-dial-cheb,with_roads,battlebot,471,514,14.0,0,,,
astar-dial-cheb,with_roads,battlebot,375,66,208.3,0,,,
astar-dial-cheb,with_roads,battlebot,409,280,68.2,0,,,
astar-dial-cheb,with_roads,battlebot,16,15,8.8,0,,,
astar-dial-cheb,with_roads,battlebot,69,143,124.8,0,,,
astar-dial-cheb,with_roads,battlebot,154,338,114.4,0,,,
astar-dial-cheb,with_roads,battlebot,416,13,391.7,0,,,
astar-dial-cheb,with_roads,battlebot,388,130,193.8,0,,,
astar-dial-cheb,with_roads,battlebot,496,451,27.2,0,,,
astar-dial-cheb,with_roads,battlebot,489,375,126.0,0,,,
astar-dial-cheb,with_roads,battlebot,277,144,202.4,0,,,
astar-dial-cheb,with_roads,battlebot,297,408,93.3,0,,,
astar-dial-cheb,with_roads,battlebot,183,559,245.3,0,,,
astar-dial-cheb,with_roads,battlebot,597,3,156.7,0,,,
astar-dial-cheb,with_roads,battlebot,526,557,38.9,0,,,
astar-jps,with_roads,battlebot,443,79,112.7,0,,,
astar-jps,with_roads,battlebot,12,514,106.9,0,,,
astar-jps,with_roads,battlebot,180,160,21.1,0,,,
astar-jps,with_roads,battlebot,147,96,191.6,0,,,
astar-jps,with_roads,battlebot,511,74,117.3,0,,,
astar-jps,with_roads,battlebot,471,514,25.3,0,,,
astar-jps,with_roads,battlebot,375,66,86.9,0,,,
astar-jps,with_roads,battlebot,409,280,43.7,0,,,
astar-jps,with_roads,battlebot,16,15,13.4,0,,,
astar-jps,with_roads,battlebot,69,143,90.8,0,,,
astar-jps,with_roads,battlebot,154,338,82.0,0,,,
astar-jps,with_roads,battlebot,416,13,756.4,0,,,
astar-jps,with_roads,battlebot,388,130,71.3,0,,,
astar-jps,with_roads,battlebot,496,451,29.9,0,,,
astar-jps,with_roads,battlebot,489,375,87.1,0,,,
astar-jps,with_roads,battlebot,277,144,87.7,0,,,
astar-jps,with_roads,battlebot,297,408,105.7,0,,,
astar-jps,with_roads,battlebot,183,559,240.1,0,,,
astar-jps,with_roads,battlebot,597,3,781.8,0,,,
astar-jps,with_roads,battlebot,526,557,72.0,0,,,
astar-jps-dial,with_roads,battlebot,443,79,181.2,0,,,
astar-jps-dial,with_roads,battlebot,12,514,139.2,0,,,
astar-jps-dial,with_roads,battlebot,180,160,39.2,0,,,
astar-jps-dial,with_roads,battlebot,147,96,348.2,0,,,
astar-jps-dial,with_roads,battlebot,511,74,327.3,0,,,
astar-jps-dial,with_roads,battlebot,471,514,42.7,0,,,
astar-jps-dial,with_roads,battlebot,375,66,129.3,0,,,
astar-jps-dial,with_roads,battlebot,409,280,62.8,0,,,
astar-jps-dial,with_roads,battlebot,16,15,31.1,0,,,
astar-jps-dial,with_roads,battlebot,69,143,133.3,0,,,
astar-jps-dial,with_roads,battlebot,154,338,102.1,0,,,
astar-jps-dial,with_roads,battlebot,416,13,783.0,0,,,
astar-jps-dial,with_roads,battlebot,388,130,107.9,0,,,
astar-jps-dial,with_roads,battlebot,496,451,53.9,0,,,
astar-jps-dial,with_roads,battlebot,489,375,140.2,0,,,
astar-jps-dial,with_roads,battlebot,277,144,182.0,0,,,
astar-jps-dial,with_roads,battlebot,297,408,125.9,0,,,
astar-jps-dial,with_roads,battlebot,183,559,187.4,0,,,
astar-jps-dial,with_roads,battlebot,597,3,733.3,0,,,
astar-jps-dial,with_roads,battlebot,526,557,105.8,0,,,
astar-dial-cheb,no_roads,bear_of_doom,268,66,127.3,0,,,
astar-dial-cheb,no_roads,bear_of_doom,21,309,123.5,0,,,
astar-dial-cheb,no_roads,bear_of_doom,140,129,114.0,0,,,
astar-dial-cheb,no_roads,bear_of_doom,120,80,18.4,0,,,
astar-dial-cheb,no_roads,bear_of_doom,308,63,110.7,0,,,
astar-dial-cheb,no_roads,bear_of_doom,285,309,26.9,0,,,
astar-dial-cheb,no_roads,bear_of_doom,383,234,46.7,0,,,
astar-dial-cheb,no_roads,bear_of_doom,54,251,110.5,0,,,
astar-dial-cheb,no_roads,bear_of_doom,192,25,64.9,0,,,
astar-dial-cheb,no_roads,bear_of_doom,24,56,119.1,0,,,
astar-dial-cheb,no_roads,bear_of_doom,118,125,112.0,0,,,
astar-dial-cheb,no_roads,bear_of_doom,218,256,34.3,0,,,
astar-dial-cheb,no_roads,bear_of_doom,21,238,71.6,0,,,
astar-dial-cheb,no_roads,bear_of_doom,110,300,70.8,0,,,
astar-dial-cheb,no_roads,bear_of_doom,273,293,119.4,0,,,
astar-dial-cheb,no_roads,bear_of_doom,234,191,17.7,0,,,
astar-dial-cheb,no_roads,bear_of_doom,119,201,32.1,0,,,
astar-dial-cheb,no_roads,bear_of_doom,248,141,42.0,0,,,
astar-dial-cheb,no_roads,bear_of_doom,339,371,117.8,0,,,
astar-dial-cheb,no_roads,bear_of_doom,5,318,77.3,0,,,
astar-jps,no_roads,bear_of_doom,268,66,151.9,0,,,
astar-jps,no_roads,bear_of_doom,21,309,154.7,0,,,
astar-jps,no_roads,bear_of_doom,140,129,127.9,0,,,
astar-jps,no_roads,bear_of_doom,120,80,29.2,0,,,
astar-jps,no_roads,bear_of_doom,308,63,129.7,0,,,
astar-jps,no_roads,bear_of_doom,285,309,34.6,0,,,
astar-jps,no_roads,bear_of_doom,383,234,33.6,0,,,
astar-jps,no_roads,bear_of_doom,54,251,133.8,0,,,
astar-jps,no_roads,bear_of_doom,192,25,47.9,0,,,
astar-jps,no_roads,bear_of_doom,24,56,147.5,0,,,
astar-jps,no_roads,bear_of_doom,118,125,141.8,0,,,
astar-jps,no_roads,bear_of_doom,218,256,47.2,0,,,
astar-jps,no_roads,bear_of_doom,21,238,74.6,0,,,
astar-jps,no_roads,bear_of_doom,110,300,55.1,0,,,
astar-jps,no_roads,bear_of_doom,273,293,153.5,0,,,
astar-jps,no_roads,bear_of_doom,234,191,30.2,0,,,
astar-jps,no_roads,bear_of_doom,119,201,37.9,0,,,
astar-jps,no_roads,bear_of_doom,248,141,36.2,0,,,
astar-jps,no_roads,bear_of_doom,339,371,154.8,0,,,
astar-jps,no_roads,bear_of_doom,5,318,100.4,0,,,
astar-jps-dial,no_roads,bear_of_doom,268,66,160.9,0,,,
astar-jps-dial,no_roads,bear_of_doom,21,309,185.8,0,,,
astar-jps-dial,no_roads,bear_of_doom,140,129,153.2,0,,,
astar-jps-dial,no_roads,bear_of_doom,120,80,41.3,0,,,
astar-jps-dial,no_roads,bear_of_doom,308,63,153.9,0,,,
astar-jps-dial,no_roads,bear_of_doom,285,309,46.9,0,,,
astar-jps-dial,no_roads,bear_of_doom,383,234,70.2,0,,,
astar-jps-dial,no_roads,bear_of_doom,54,251,147.6,0,,,
astar-jps-dial,no_roads,bear_of_doom,192,25,66.0,0,,,
astar-jps-dial,no_roads,bear_of_doom,24,56,163.4,0,,,
astar-jps-dial,no_roads,bear_of_doom,118,125,149.2,0,,,
astar-jps-dial,no_roads,bear_of_doom,218,256,59.4,0,,,
astar-jps-dial,no_roads,bear_of_doom,21,238,91.0,0,,,
astar-jps-dial,no_roads,bear_of_doom,110,300,61.0,0,,,
astar-jps-dial,no_roads,bear_of_doom,273,293,186.7,0,,,
astar-jps-dial,no_roads,bear_of_doom,234,191,43.6,0,,,
astar-jps-dial,no_roads,bear_of_doom,119,201,51.1,0,,,
astar-jps-dial,no_roads,bear_of_doom,248,141,49.3,0,,,
astar-jps-dial,no_roads,bear_of_doom,339,371,181.1,0,,,
astar-jps-dial,no_roads,bear_of_doom,5,318,112.8,0,,,
astar-dial-cheb,with_roads,bear_of_doom,268,66,128.9,0,,,
astar-dial-cheb,with_roads,bear_of_doom,21,309,129.2,0,,,
astar-dial-cheb,with_roads,bear_of_doom,140,129,111.5,0,,,
astar-dial-cheb,with_roads,bear_of_doom,120,80,18.1,0,,,
astar-dial-cheb,with_roads,bear_of_doom,308,63,110.0,0,,,
astar-dial-cheb,with_roads,bear_of_doom,285,309,27.2,0,,,
astar-dial-cheb,with_roads,bear_of_doom,383,234,20.2,0,,,
astar-dial-cheb,with_roads,bear_of_doom,54,251,110.5,0,,,
astar-dial-cheb,with_roads,bear_of_doom,192,25,31.2,0,,,
astar-dial-cheb,with_roads,bear_of_doom,24,56,124.4,0,,,
astar-dial-cheb,with_roads,bear_of_doom,118,125,111.7,0,,,
astar-dial-cheb,with_roads,bear_of_doom,218,256,22.8,0,,,
astar-dial-cheb,with_roads,bear_of_doom,21,238,65.5,0,,,
astar-dial-cheb,with_roads,bear_of_doom,110,300,55.3,0,,,
astar-dial-cheb,with_roads,bear_of_doom,273,293,123.4,0,,,
astar-dial-cheb,with_roads,bear_of_doom,234,191,11.5,0,,,
astar-dial-cheb,with_roads,bear_of_doom,119,201,31.6,0,,,
astar-dial-cheb,with_roads,bear_of_doom,248,141,42.6,0,,,
astar-dial-cheb,with_roads,bear_of_doom,339,371,127.4,0,,,
astar-dial-cheb,with_roads,bear_of_doom,5,318,85.5,0,,,
astar-jps,with_roads,bear_of_doom,268,66,152.0,0,,,
astar-jps,with_roads,bear_of_doom,21,309,160.4,0,,,
astar-jps,with_roads,bear_of_doom,140,129,132.1,0,,,
astar-jps,with_roads,bear_of_doom,120,80,28.9,0,,,
astar-jps,with_roads,bear_of_doom,308,63,132.0,0,,,
astar-jps,with_roads,bear_of_doom,285,309,34.8,0,,,
astar-jps,with_roads,bear_of_doom,383,234,33.8,0,,,
astar-jps,with_roads,bear_of_doom,54,251,135.9,0,,,
astar-jps,with_roads,bear_of_doom,192,25,49.3,0,,,
astar-jps,with_roads,bear_of_doom,24,56,139.8,0,,,
astar-jps,with_roads,bear_of_doom,118,125,140.7,0,,,
astar-jps,with_roads,bear_of_doom,218,256,45.5,0,,,
astar-jps,with_roads,bear_of_doom,21,238,75.7,0,,,
astar-jps,with_roads,bear_of_doom,110,300,54.5,0,,,
astar-jps,with_roads,bear_of_doom,273,293,161.1,0,,,
astar-jps,with_roads,bear_of_doom,234,191,30.2,0,,,
astar-jps,with_roads,bear_of_doom,119,201,37.7,0,,,
astar-jps,with_roads,bear_of_doom,248,141,35.9,0,,,
astar-jps,with_roads,bear_of_doom,339,371,154.2,0,,,
astar-jps,with_roads,bear_of_doom,5,318,100.2,0,,,
astar-jps-dial,with_roads,bear_of_doom,268,66,154.6,0,,,
astar-jps-dial,with_roads,bear_of_doom,21,309,190.1,0,,,
astar-jps-dial,with_roads,bear_of_doom,140,129,158.4,0,,,
astar-jps-dial,with_roads,bear_of_doom,120,80,42.4,0,,,
astar-jps-dial,with_roads,bear_of_doom,308,63,156.3,0,,,
astar-jps-dial,with_roads,bear_of_doom,285,309,46.8,0,,,
astar-jps-dial,with_roads,bear_of_doom,383,234,66.3,0,,,
astar-jps-dial,with_roads,bear_of_doom,54,251,152.7,0,,,
astar-jps-dial,with_roads,bear_of_doom,192,25,65.6,0,,,
astar-jps-dial,with_roads,bear_of_doom,24,56,167.7,0,,,
astar-jps-dial,with_roads,bear_of_doom,118,125,152.1,0,,,
astar-jps-dial,with_roads,bear_of_doom,218,256,66.4,0,,,
astar-jps-dial,with_roads,bear_of_doom,21,238,93.4,0,,,
astar-jps-dial,with_roads,bear_of_doom,110,300,58.9,0,,,
astar-jps-dial,with_roads,bear_of_doom,273,293,188.5,0,,,
astar-jps-dial,with_roads,bear_of_doom,234,191,44.8,0,,,
astar-jps-dial,with_roads,bear_of_doom,119,201,51.5,0,,,
astar-jps-dial,with_roads,bear_of_doom,248,141,50.6,0,,,
astar-jps-dial,with_roads,bear_of_doom,339,371,185.8,0,,,
astar-jps-dial,with_roads,bear_of_doom,5,318,113.9,0,,,
astar-dial-cheb,no_roads,binary_tree,758,124,437.5,0,,,
astar-dial-cheb,no_roads,binary_tree,28,902,813.8,0,,,
astar-dial-cheb,no_roads,binary_tree,309,276,195.7,0,,,
astar-dial-cheb,no_roads,binary_tree,250,156,535.8,0,,,
astar-dial-cheb,no_roads,binary_tree,897,114,497.4,0,,,
astar-dial-cheb,no_roads,binary_tree,810,901,490.7,0,,,
astar-dial-cheb,no_roads,binary_tree,1098,634,184.1,0,,,
astar-dial-cheb,no_roads,binary_tree,95,688,345.4,0,,,
astar-dial-cheb,no_roads,binary_tree,484,35,178.2,0,,,
astar-dial-cheb,no_roads,binary_tree,33,103,116.7,0,,,
astar-dial-cheb,no_roads,binary_tree,245,262,349.3,0,,,
astar-dial-cheb,no_roads,binary_tree,583,705,32.4,0,,,
astar-dial-cheb,no_roads,binary_tree,30,654,191.4,0,,,
astar-dial-cheb,no_roads,binary_tree,223,865,802.7,0,,,
astar-dial-cheb,no_roads,binary_tree,772,847,70.9,0,,,
astar-dial-cheb,no_roads,binary_tree,634,479,107.5,0,,,
astar-dial-cheb,no_roads,binary_tree,247,514,334.5,0,,,
astar-dial-cheb,no_roads,binary_tree,687,312,110.2,0,,,
astar-dial-cheb,no_roads,binary_tree,989,1063,461.2,0,,,
astar-dial-cheb,no_roads,binary_tree,6,925,439.4,0,,,
astar-jps,no_roads,binary_tree,758,124,198.9,0,,,
astar-jps,no_roads,binary_tree,28,902,654.0,0,,,
astar-jps,no_roads,binary_tree,309,276,205.6,0,,,
astar-jps,no_roads,binary_tree,250,156,150.6,0,,,
astar-jps,no_roads,binary_tree,897,114,271.6,0,,,
astar-jps,no_roads,binary_tree,810,901,318.5,0,,,
astar-jps,no_roads,binary_tree,1098,634,117.2,0,,,
astar-jps,no_roads,binary_tree,95,688,160.2,0,,,
astar-jps,no_roads,binary_tree,484,35,86.0,0,,,
astar-jps,no_roads,binary_tree,33,103,66.4,0,,,
astar-jps,no_roads,binary_tree,245,262,128.3,0,,,
astar-jps,no_roads,binary_tree,583,705,49.5,0,,,
astar-jps,no_roads,binary_tree,30,654,84.8,0,,,
astar-jps,no_roads,binary_tree,223,865,607.0,0,,,
astar-jps,no_roads,binary_tree,772,847,60.6,0,,,
astar-jps,no_roads,binary_tree,634,479,86.7,0,,,
astar-jps,no_roads,binary_tree,247,514,171.0,0,,,
astar-jps,no_roads,binary_tree,687,312,104.2,0,,,
astar-jps,no_roads,binary_tree,989,1063,138.0,0,,,
astar-jps,no_roads,binary_tree,6,925,264.9,0,,,
astar-jps-dial,no_roads,binary_tree,758,124,255.0,0,,,
astar-jps-dial,no_roads,binary_tree,28,902,680.8,0,,,
astar-jps-dial,no_roads,binary_tree,309,276,229.3,0,,,
astar-jps-dial,no_roads,binary_tree,250,156,305.4,0,,,
astar-jps-dial,no_roads,binary_tree,897,114,443.1,0,,,
astar-jps-dial,no_roads,binary_tree,810,901,349.3,0,,,
astar-jps-dial,no_roads,binary_tree,1098,634,164.9,0,,,
astar-jps-dial,no_roads,binary_tree,95,688,186.0,0,,,
astar-jps-dial,no_roads,binary_tree,484,35,92.1,0,,,
astar-jps-dial,no_roads,binary_tree,33,103,169.3,0,,,
astar-jps-dial,no_roads,binary_tree,245,262,222.9,0,,,
astar-jps-dial,no_roads,binary_tree,583,705,72.3,0,,,
astar-jps-dial,no_roads,binary_tree,30,654,109.5,0,,,
astar-jps-dial,no_roads,binary_tree,223,865,662.3,0,,,
astar-jps-dial,no_roads,binary_tree,772,847,83.7,0,,,
astar-jps-dial,no_roads,binary_tree,634,479,135.2,0,,,
astar-jps-dial,no_roads,binary_tree,247,514,212.9,0,,,
astar-jps-dial,no_roads,binary_tree,687,312,166.1,0,,,
astar-jps-dial,no_roads,binary_tree,989,1063,168.1,0,,,
astar-jps-dial,no_roads,binary_tree,6,925,286.6,0,,,
astar-dial-cheb,with_roads,binary_tree,758,124,224.2,0,,,
astar-dial-cheb,with_roads,binary_tree,28,902,815.6,0,,,
astar-dial-cheb,with_roads,binary_tree,309,276,200.6,0,,,
astar-dial-cheb,with_roads,binary_tree,250,156,591.4,0,,,
astar-dial-cheb,with_roads,binary_tree,897,114,599.8,0,,,
astar-dial-cheb,with_roads,binary_tree,810,901,481.8,0,,,
astar-dial-cheb,with_roads,binary_tree,1098,634,180.1,0,,,
astar-dial-cheb,with_roads,binary_tree,95,688,394.7,0,,,
astar-dial-cheb,with_roads,binary_tree,484,35,177.4,0,,,
astar-dial-cheb,with_roads,binary_tree,33,103,117.8,0,,,
astar-dial-cheb,with_roads,binary_tree,245,262,343.4,0,,,
astar-dial-cheb,with_roads,binary_tree,583,705,41.3,0,,,
astar-dial-cheb,with_roads,binary_tree,30,654,191.9,0,,,
astar-dial-cheb,with_roads,binary_tree,223,865,582.8,0,,,
astar-dial-cheb,with_roads,binary_tree,772,847,70.4,0,,,
astar-dial-cheb,with_roads,binary_tree,634,479,113.8,0,,,
astar-dial-cheb,with_roads,binary_tree,247,514,432.3,0,,,
astar-dial-cheb,with_roads,binary_tree,687,312,113.2,0,,,
astar-dial-cheb,with_roads,binary_tree,989,1063,754.9,0,,,
astar-dial-cheb,with_roads,binary_tree,6,925,547.8,0,,,
astar-jps,with_roads,binary_tree,758,124,188.7,0,,,
astar-jps,with_roads,binary_tree,28,902,634.8,0,,,
astar-jps,with_roads,binary_tree,309,276,195.4,0,,,
astar-jps,with_roads,binary_tree,250,156,149.2,0,,,
astar-jps,with_roads,binary_tree,897,114,259.2,0,,,
astar-jps,with_roads,binary_tree,810,901,310.9,0,,,
astar-jps,with_roads,binary_tree,1098,634,112.5,0,,,
astar-jps,with_roads,binary_tree,95,688,158.5,0,,,
astar-jps,with_roads,binary_tree,484,35,83.2,0,,,
astar-jps,with_roads,binary_tree,33,103,67.0,0,,,
astar-jps,with_roads,binary_tree,245,262,129.3,0,,,
astar-jps,with_roads,binary_tree,583,705,47.7,0,,,
astar-jps,with_roads,binary_tree,30,654,89.9,0,,,
astar-jps,with_roads,binary_tree,223,865,583.1,0,,,
astar-jps,with_roads,binary_tree,772,847,60.0,0,,,
astar-jps,with_roads,binary_tree,634,479,88.9,0,,,
astar-jps,with_roads,binary_tree,247,514,166.7,0,,,
astar-jps,with_roads,binary_tree,687,312,105.4,0,,,
astar-jps,with_roads,binary_tree,989,1063,135.0,0,,,
astar-jps,with_roads,binary_tree,6,925,247.2,0,,,
astar-jps-dial,with_roads,binary_tree,758,124,245.6,0,,,
astar-jps-dial,with_roads,binary_tree,28,902,657.5,0,,,
astar-jps-dial,with_roads,binary_tree,309,276,220.4,0,,,
astar-jps-dial,with_roads,binary_tree,250,156,298.7,0,,,
astar-jps-dial,with_roads,binary_tree,897,114,425.5,0,,,
astar-jps-dial,with_roads,binary_tree,810,901,341.3,0,,,
astar-jps-dial,with_roads,binary_tree,1098,634,162.1,0,,,
astar-jps-dial,with_roads,binary_tree,95,688,186.2,0,,,
astar-jps-dial,with_roads,binary_tree,484,35,91.2,0,,,
astar-jps-dial,with_roads,binary_tree,33,103,104.0,0,,,
astar-jps-dial,with_roads,binary_tree,245,262,220.2,0,,,
astar-jps-dial,with_roads,binary_tree,583,705,71.3,0,,,
astar-jps-dial,with_roads,binary_tree,30,654,112.4,0,,,
astar-jps-dial,with_roads,binary_tree,223,865,657.0,0,,,
astar-jps-dial,with_roads,binary_tree,772,847,83.8,0,,,
astar-jps-dial,with_roads,binary_tree,634,479,130.4,0,,,
astar-jps-dial,with_roads,binary_tree,247,514,207.4,0,,,
astar-jps-dial,with_roads,binary_tree,687,312,162.3,0,,,
astar-jps-dial,with_roads,binary_tree,989,1063,168.8,0,,,
astar-jps-dial,with_roads,binary_tree,6,925,272.8,0,,,
astar-dial-cheb,no_roads,building_blocks,1894,295,151.1,0,,,
astar-dial-cheb,no_roads,building_blocks,60,2174,46.1,0,,,
astar-dial-cheb,no_roads,building_blocks,796,691,41.1,0,,,
astar-dial-cheb,no_roads,building_blocks,636,368,106.8,0,,,
astar-dial-cheb,no_roads,building_blocks,2162,273,61.4,0,,,
astar-dial-cheb,no_roads,building_blocks,1987,2171,17.7,0,,,
astar-dial-cheb,no_roads,building_blocks,1588,230,48.6,0,,,
astar-dial-cheb,no_roads,building_blocks,1731,1241,46.2,0,,,
astar-dial-cheb,no_roads,building_blocks,78,72,41.1,0,,,
astar-dial-cheb,no_roads,building_blocks,245,622,107.7,0,,,
astar-dial-cheb,no_roads,building_blocks,660,1472,33.9,0,,,
astar-dial-cheb,no_roads,building_blocks,1759,63,20.7,0,,,
astar-dial-cheb,no_roads,building_blocks,1643,567,114.1,0,,,
astar-dial-cheb,no_roads,building_blocks,2106,1919,100.9,0,,,
astar-dial-cheb,no_roads,building_blocks,2067,1588,61.9,0,,,
astar-dial-cheb,no_roads,building_blocks,1235,629,37.3,0,,,
astar-dial-cheb,no_roads,building_blocks,1307,1727,49.6,0,,,
astar-dial-cheb,no_roads,building_blocks,803,2357,114.8,0,,,
astar-dial-cheb,no_roads,building_blocks,14,2219,44.4,0,,,
astar-dial-cheb,no_roads,building_blocks,2348,435,45.3,0,,,
astar-jps,no_roads,building_blocks,1894,295,100.8,0,,,
astar-jps,no_roads,building_blocks,60,2174,28.5,0,,,
astar-jps,no_roads,building_blocks,796,691,26.9,0,,,
astar-jps,no_roads,building_blocks,636,368,63.6,0,,,
astar-jps,no_roads,building_blocks,2162,273,35.1,0,,,
astar-jps,no_roads,building_blocks,1987,2171,17.0,0,,,
astar-jps,no_roads,building_blocks,1588,230,30.7,0,,,
astar-jps,no_roads,building_blocks,1731,1241,62.2,0,,,
astar-jps,no_roads,building_blocks,78,72,28.0,0,,,
astar-jps,no_roads,building_blocks,245,622,55.3,0,,,
astar-jps,no_roads,building_blocks,660,1472,23.7,0,,,
astar-jps,no_roads,building_blocks,1759,63,18.2,0,,,
astar-jps,no_roads,building_blocks,1643,567,63.8,0,,,
astar-jps,no_roads,building_blocks,2106,1919,53.1,0,,,
astar-jps,no_roads,building_blocks,2067,1588,32.4,0,,,
astar-jps,no_roads,building_blocks,1235,629,24.9,0,,,
astar-jps,no_roads,building_blocks,1307,1727,28.5,0,,,
astar-jps,no_roads,building_blocks,803,2357,67.1,0,,,
astar-jps,no_roads,building_blocks,14,2219,23.9,0,,,
astar-jps,no_roads,building_blocks,2348,435,24.9,0,,,
astar-jps-dial,no_roads,building_blocks,1894,295,113.6,0,,,
astar-jps-dial,no_roads,building_blocks,60,2174,66.6,0,,,
astar-jps-dial,no_roads,building_blocks,796,691,65.2,0,,,
astar-jps-dial,no_roads,building_blocks,636,368,107.0,0,,,
astar-jps-dial,no_roads,building_blocks,2162,273,78.5,0,,,
astar-jps-dial,no_roads,building_blocks,1987,2171,55.6,0,,,
astar-jps-dial,no_roads,building_blocks,1588,230,68.3,0,,,
astar-jps-dial,no_roads,building_blocks,1731,1241,78.4,0,,,
astar-jps-dial,no_roads,building_blocks,78,72,64.6,0,,,
astar-jps-dial,no_roads,building_blocks,245,622,100.4,0,,,
astar-jps-dial,no_roads,building_blocks,660,1472,62.5,0,,,
astar-jps-dial,no_roads,building_blocks,1759,63,56.5,0,,,
astar-jps-dial,no_roads,building_blocks,1643,567,108.9,0,,,
astar-jps-dial,no_roads,building_blocks,2106,1919,97.7,0,,,
astar-jps-dial,no_roads,building_blocks,2067,1588,69.3,0,,,
astar-jps-dial,no_roads,building_blocks,1235,629,62.5,0,,,
astar-jps-dial,no_roads,building_blocks,1307,1727,66.3,0,,,
astar-jps-dial,no_roads,building_blocks,803,2357,112.7,0,,,
astar-jps-dial,no_roads,building_blocks,14,2219,63.2,0,,,
astar-jps-dial,no_roads,building_blocks,2348,435,63.2,0,,,
astar-dial-cheb,with_roads,building_blocks,1894,295,143.4,0,,,
astar-dial-cheb,with_roads,building_blocks,60,2174,46.2,0,,,
astar-dial-cheb,with_roads,building_blocks,796,691,38.9,0,,,
astar-dial-cheb,with_roads,building_blocks,636,368,107.4,0,,,
astar-dial-cheb,with_roads,building_blocks,2162,273,62.1,0,,,
astar-dial-cheb,with_roads,building_blocks,1987,2171,18.0,0,,,
astar-dial-cheb,with_roads,building_blocks,1588,230,48.9,0,,,
astar-dial-cheb,with_roads,building_blocks,1731,1241,48.8,0,,,
astar-dial-cheb,with_roads,building_blocks,78,72,41.1,0,,,
astar-dial-cheb,with_roads,building_blocks,245,622,107.8,0,,,
astar-dial-cheb,with_roads,building_blocks,660,1472,33.8,0,,,
astar-dial-cheb,with_roads,building_blocks,1759,63,21.0,0,,,
astar-dial-cheb,with_roads,building_blocks,1643,567,105.2,0,,,
astar-dial-cheb,with_roads,building_blocks,2106,1919,107.6,0,,,
astar-dial-cheb,with_roads,building_blocks,2067,1588,62.1,0,,,
astar-dial-cheb,with_roads,building_blocks,1235,629,38.5,0,,,
astar-dial-cheb,with_roads,building_blocks,1307,1727,45.9,0,,,
astar-dial-cheb,with_roads,building_blocks,803,2357,113.0,0,,,
astar-dial-cheb,with_roads,building_blocks,14,2219,43.2,0,,,
astar-dial-cheb,with_roads,building_blocks,2348,435,43.5,0,,,
astar-jps,with_roads,building_blocks,1894,295,78.4,0,,,
astar-jps,with_roads,building_blocks,60,2174,29.1,0,,,
astar-jps,with_roads,building_blocks,796,691,27.4,0,,,
astar-jps,with_roads,building_blocks,636,368,62.8,0,,,
astar-jps,with_roads,building_blocks,2162,273,35.3,0,,,
astar-jps,with_roads,building_blocks,1987,2171,17.6,0,,,
astar-jps,with_roads,building_blocks,1588,230,30.5,0,,,
astar-jps,with_roads,building_blocks,1731,1241,56.8,0,,,
astar-jps,with_roads,building_blocks,78,72,28.0,0,,,
astar-jps,with_roads,building_blocks,245,622,55.2,0,,,
astar-jps,with_roads,building_blocks,660,1472,23.9,0,,,
astar-jps,with_roads,building_blocks,1759,63,19.4,0,,,
astar-jps,with_roads,building_blocks,1643,567,63.8,0,,,
astar-jps,with_roads,building_blocks,2106,1919,54.2,0,,,
astar-jps,with_roads,building_blocks,2067,1588,32.4,0,,,
astar-jps,with_roads,building_blocks,1235,629,25.3,0,,,
astar-jps,with_roads,building_blocks,1307,1727,29.0,0,,,
astar-jps,with_roads,building_blocks,803,2357,65.0,0,,,
astar-jps,with_roads,building_blocks,14,2219,24.4,0,,,
astar-jps,with_roads,building_blocks,2348,435,25.2,0,,,
astar-jps-dial,with_roads,building_blocks,1894,295,117.3,0,,,
astar-jps-dial,with_roads,building_blocks,60,2174,69.6,0,,,
astar-jps-dial,with_roads,building_blocks,796,691,65.9,0,,,
astar-jps-dial,with_roads,building_blocks,636,368,105.9,0,,,
astar-jps-dial,with_roads,building_blocks,2162,273,74.1,0,,,
astar-jps-dial,with_roads,building_blocks,1987,2171,55.7,0,,,
astar-jps-dial,with_roads,building_blocks,1588,230,69.1,0,,,
astar-jps-dial,with_roads,building_blocks,1731,1241,79.4,0,,,
astar-jps-dial,with_roads,building_blocks,78,72,71.8,0,,,
astar-jps-dial,with_roads,building_blocks,245,622,102.0,0,,,
astar-jps-dial,with_roads,building_blocks,660,1472,62.6,0,,,
astar-jps-dial,with_roads,building_blocks,1759,63,57.1,0,,,
astar-jps-dial,with_roads,building_blocks,1643,567,107.5,0,,,
astar-jps-dial,with_roads,building_blocks,2106,1919,98.7,0,,,
astar-jps-dial,with_roads,building_blocks,2067,1588,70.6,0,,,
astar-jps-dial,with_roads,building_blocks,1235,629,62.9,0,,,
astar-jps-dial,with_roads,building_blocks,1307,1727,67.1,0,,,
astar-jps-dial,with_roads,building_blocks,803,2357,109.3,0,,,
astar-jps-dial,with_roads,building_blocks,14,2219,63.1,0,,,
astar-jps-dial,with_roads,building_blocks,2348,435,63.9,0,,,
astar-dial-cheb,no_roads,butterfly,133,25,182.2,0,,,
astar-dial-cheb,no_roads,butterfly,392,326,106.6,0,,,
astar-dial-cheb,no_roads,butterfly,293,173,36.3,0,,,
astar-dial-cheb,no_roads,butterfly,110,834,174.3,0,,,
astar-dial-cheb,no_roads,butterfly,89,907,180.8,0,,,
astar-dial-cheb,no_roads,butterfly,659,32,71.9,0,,,
astar-dial-cheb,no_roads,butterfly,30,101,141.4,0,,,
astar-dial-cheb,no_roads,butterfly,285,306,108.8,0,,,
astar-dial-cheb,no_roads,butterfly,775,928,55.3,0,,,
astar-dial-cheb,no_roads,butterfly,27,861,174.9,0,,,
astar-dial-cheb,no_roads,butterfly,257,834,106.1,0,,,
astar-dial-cheb,no_roads,butterfly,656,287,69.8,0,,,
astar-dial-cheb,no_roads,butterfly,694,906,71.6,0,,,
astar-dial-cheb,no_roads,butterfly,398,6,100.0,0,,,
astar-dial-cheb,no_roads,butterfly,203,659,165.6,0,,,
astar-dial-cheb,no_roads,butterfly,489,398,26.9,0,,,
astar-dial-cheb,no_roads,butterfly,199,282,163.2,0,,,
astar-dial-cheb,no_roads,butterfly,483,110,99.8,0,,,
astar-dial-cheb,no_roads,butterfly,100,556,171.5,0,,,
astar-dial-cheb,no_roads,butterfly,105,520,169.2,0,,,
astar-jps,no_roads,butterfly,133,25,90.4,0,,,
astar-jps,no_roads,butterfly,392,326,149.0,0,,,
astar-jps,no_roads,butterfly,293,173,48.1,0,,,
astar-jps,no_roads,butterfly,110,834,57.7,0,,,
astar-jps,no_roads,butterfly,89,907,62.5,0,,,
astar-jps,no_roads,butterfly,659,32,79.6,0,,,
astar-jps,no_roads,butterfly,30,101,54.1,0,,,
astar-jps,no_roads,butterfly,285,306,135.1,0,,,
astar-jps,no_roads,butterfly,775,928,34.8,0,,,
astar-jps,no_roads,butterfly,27,861,59.6,0,,,
astar-jps,no_roads,butterfly,257,834,137.1,0,,,
astar-jps,no_roads,butterfly,656,287,86.8,0,,,
astar-jps,no_roads,butterfly,694,906,84.2,0,,,
astar-jps,no_roads,butterfly,398,6,119.1,0,,,
astar-jps,no_roads,butterfly,203,659,57.6,0,,,
astar-jps,no_roads,butterfly,489,398,27.9,0,,,
astar-jps,no_roads,butterfly,199,282,55.5,0,,,
astar-jps,no_roads,butterfly,483,110,129.8,0,,,
astar-jps,no_roads,butterfly,100,556,54.7,0,,,
astar-jps,no_roads,butterfly,105,520,54.8,0,,,
astar-jps-dial,no_roads,butterfly,133,25,100.0,0,,,
astar-jps-dial,no_roads,butterfly,392,326,177.2,0,,,
astar-jps-dial,no_roads,butterfly,293,173,66.8,0,,,
astar-jps-dial,no_roads,butterfly,110,834,82.8,0,,,
astar-jps-dial,no_roads,butterfly,89,907,89.2,0,,,
astar-jps-dial,no_roads,butterfly,659,32,108.1,0,,,
astar-jps-dial,no_roads,butterfly,30,101,71.0,0,,,
astar-jps-dial,no_roads,butterfly,285,306,162.0,0,,,
astar-jps-dial,no_roads,butterfly,775,928,62.4,0,,,
astar-jps-dial,no_roads,butterfly,27,861,86.7,0,,,
astar-jps-dial,no_roads,butterfly,257,834,163.2,0,,,
astar-jps-dial,no_roads,butterfly,656,287,115.6,0,,,
astar-jps-dial,no_roads,butterfly,694,906,103.2,0,,,
astar-jps-dial,no_roads,butterfly,398,6,143.6,0,,,
astar-jps-dial,no_roads,butterfly,203,659,83.5,0,,,
astar-jps-dial,no_roads,butterfly,489,398,45.9,0,,,
astar-jps-dial,no_roads,butterfly,199,282,81.3,0,,,
astar-jps-dial,no_roads,butterfly,483,110,157.1,0,,,
astar-jps-dial,no_roads,butterfly,100,556,80.2,0,,,
astar-jps-dial,no_roads,butterfly,105,520,79.3,0,,,
astar-dial-cheb,with_roads,butterfly,133,25,154.7,0,,,
astar-dial-cheb,with_roads,butterfly,392,326,101.9,0,,,
astar-dial-cheb,with_roads,butterfly,293,173,35.7,0,,,
astar-dial-cheb,with_roads,butterfly,110,834,166.5,0,,,
astar-dial-cheb,with_roads,butterfly,89,907,163.1,0,,,
astar-dial-cheb,with_roads,butterfly,659,32,67.4,0,,,
astar-dial-cheb,with_roads,butterfly,30,101,136.0,0,,,
astar-dial-cheb,with_roads,butterfly,285,306,100.5,0,,,
astar-dial-cheb,with_roads,butterfly,775,928,51.4,0,,,
astar-dial-cheb,with_roads,butterfly,27,861,163.1,0,,,
astar-dial-cheb,with_roads,butterfly,257,834,103.2,0,,,
astar-dial-cheb,with_roads,butterfly,656,287,66.4,0,,,
astar-dial-cheb,with_roads,butterfly,694,906,63.0,0,,,
astar-dial-cheb,with_roads,butterfly,398,6,96.4,0,,,
astar-dial-cheb,with_roads,butterfly,203,659,162.1,0,,,
astar-dial-cheb,with_roads,butterfly,489,398,26.0,0,,,
astar-dial-cheb,with_roads,butterfly,199,282,168.2,0,,,
astar-dial-cheb,with_roads,butterfly,483,110,98.1,0,,,
astar-dial-cheb,with_roads,butterfly,100,556,171.8,0,,,
astar-dial-cheb,with_roads,butterfly,105,520,171.7,0,,,
astar-jps,with_roads,butterfly,133,25,77.4,0,,,
astar-jps,with_roads,butterfly,392,326,146.7,0,,,
astar-jps,with_roads,butterfly,293,173,47.7,0,,,
astar-jps,with_roads,butterfly,110,834,56.3,0,,,
astar-jps,with_roads,butterfly,89,907,66.9,0,,,
astar-jps,with_roads,butterfly,659,32,78.5,0,,,
astar-jps,with_roads,butterfly,30,101,53.2,0,,,
astar-jps,with_roads,butterfly,285,306,135.6,0,,,
astar-jps,with_roads,butterfly,775,928,35.3,0,,,
astar-jps,with_roads,butterfly,27,861,59.4,0,,,
astar-jps,with_roads,butterfly,257,834,136.2,0,,,
astar-jps,with_roads,butterfly,656,287,82.3,0,,,
astar-jps,with_roads,butterfly,694,906,83.1,0,,,
astar-jps,with_roads,butterfly,398,6,119.7,0,,,
astar-jps,with_roads,butterfly,203,659,58.1,0,,,
astar-jps,with_roads,butterfly,489,398,28.3,0,,,
astar-jps,with_roads,butterfly,199,282,56.4,0,,,
astar-jps,with_roads,butterfly,483,110,134.3,0,,,
astar-jps,with_roads,butterfly,100,556,54.6,0,,,
astar-jps,with_roads,butterfly,105,520,53.4,0,,,
astar-jps-dial,with_roads,butterfly,133,25,89.0,0,,,
astar-jps-dial,with_roads,butterfly,392,326,169.8,0,,,
astar-jps-dial,with_roads,butterfly,293,173,65.5,0,,,
astar-jps-dial,with_roads,butterfly,110,834,82.8,0,,,
astar-jps-dial,with_roads,butterfly,89,907,88.4,0,,,
astar-jps-dial,with_roads,butterfly,659,32,106.7,0,,,
astar-jps-dial,with_roads,butterfly,30,101,70.5,0,,,
astar-jps-dial,with_roads,butterfly,285,306,166.0,0,,,
astar-jps-dial,with_roads,butterfly,775,928,61.2,0,,,
astar-jps-dial,with_roads,butterfly,27,861,85.7,0,,,
astar-jps-dial,with_roads,butterfly,257,834,166.0,0,,,
astar-jps-dial,with_roads,butterfly,656,287,112.4,0,,,
astar-jps-dial,with_roads,butterfly,694,906,102.6,0,,,
astar-jps-dial,with_roads,butterfly,398,6,144.1,0,,,
astar-jps-dial,with_roads,butterfly,203,659,82.5,0,,,
astar-jps-dial,with_roads,butterfly,489,398,45.6,0,,,
astar-jps-dial,with_roads,butterfly,199,282,86.1,0,,,
astar-jps-dial,with_roads,butterfly,483,110,157.4,0,,,
astar-jps-dial,with_roads,butterfly,100,556,79.3,0,,,
astar-jps-dial,with_roads,butterfly,105,520,79.6,0,,,
astar-dial-cheb,no_roads,castle_keep,1647,244,1073.9,0,,,
astar-dial-cheb,no_roads,castle_keep,51,1879,706.7,0,,,
astar-dial-cheb,no_roads,castle_keep,600,535,922.7,0,,,
astar-dial-cheb,no_roads,castle_keep,489,308,579.9,0,,,
astar-dial-cheb,no_roads,castle_keep,1868,222,1126.5,0,,,
astar-dial-cheb,no_roads,castle_keep,1732,1877,33.5,0,,,
astar-dial-cheb,no_roads,castle_keep,2277,1395,682.5,0,,,
astar-dial-cheb,no_roads,castle_keep,186,1517,533.4,0,,,
astar-dial-cheb,no_roads,castle_keep,1057,65,398.7,0,,,
astar-dial-cheb,no_roads,castle_keep,61,203,61.7,0,,,
astar-dial-cheb,no_roads,castle_keep,478,509,351.6,0,,,
astar-dial-cheb,no_roads,castle_keep,1286,1543,234.2,0,,,
astar-dial-cheb,no_roads,castle_keep,54,1442,771.6,0,,,
astar-dial-cheb,no_roads,castle_keep,437,1822,1214.0,0,,,
astar-dial-cheb,no_roads,castle_keep,1673,1787,258.5,0,,,
astar-dial-cheb,no_roads,castle_keep,1395,1052,94.2,0,,,
astar-dial-cheb,no_roads,castle_keep,482,1137,1200.8,0,,,
astar-dial-cheb,no_roads,castle_keep,1514,606,1040.1,0,,,
astar-dial-cheb,no_roads,castle_keep,2099,2228,310.9,0,,,
astar-dial-cheb,no_roads,castle_keep,13,1952,1232.6,0,,,
astar-jps,no_roads,castle_keep,1647,244,422.1,0,,,
astar-jps,no_roads,castle_keep,51,1879,287.8,0,,,
astar-jps,no_roads,castle_keep,600,535,271.6,0,,,
astar-jps,no_roads,castle_keep,489,308,224.2,0,,,
astar-jps,no_roads,castle_keep,1868,222,504.4,0,,,
astar-jps,no_roads,castle_keep,1732,1877,102.2,0,,,
astar-jps,no_roads,castle_keep,2277,1395,389.4,0,,,
astar-jps,no_roads,castle_keep,186,1517,266.8,0,,,
astar-jps,no_roads,castle_keep,1057,65,211.8,0,,,
astar-jps,no_roads,castle_keep,61,203,72.2,0,,,
astar-jps,no_roads,castle_keep,478,509,158.1,0,,,
astar-jps,no_roads,castle_keep,1286,1543,166.9,0,,,
astar-jps,no_roads,castle_keep,54,1442,598.5,0,,,
astar-jps,no_roads,castle_keep,437,1822,888.3,0,,,
astar-jps,no_roads,castle_keep,1673,1787,122.9,0,,,
astar-jps,no_roads,castle_keep,1395,1052,79.1,0,,,
astar-jps,no_roads,castle_keep,482,1137,773.9,0,,,
astar-jps,no_roads,castle_keep,1514,606,426.3,0,,,
astar-jps,no_roads,castle_keep,2099,2228,104.9,0,,,
astar-jps,no_roads,castle_keep,13,1952,437.8,0,,,
astar-jps-dial,no_roads,castle_keep,1647,244,443.5,0,,,
astar-jps-dial,no_roads,castle_keep,51,1879,310.7,0,,,
astar-jps-dial,no_roads,castle_keep,600,535,302.2,0,,,
astar-jps-dial,no_roads,castle_keep,489,308,289.0,0,,,
astar-jps-dial,no_roads,castle_keep,1868,222,657.6,0,,,
astar-jps-dial,no_roads,castle_keep,1732,1877,96.2,0,,,
astar-jps-dial,no_roads,castle_keep,2277,1395,302.8,0,,,
astar-jps-dial,no_roads,castle_keep,186,1517,292.9,0,,,
astar-jps-dial,no_roads,castle_keep,1057,65,241.2,0,,,
astar-jps-dial,no_roads,castle_keep,61,203,105.0,0,,,
astar-jps-dial,no_roads,castle_keep,478,509,153.2,0,,,
astar-jps-dial,no_roads,castle_keep,1286,1543,207.2,0,,,
astar-jps-dial,no_roads,castle_keep,54,1442,618.0,0,,,
astar-jps-dial,no_roads,castle_keep,437,1822,924.4,0,,,
astar-jps-dial,no_roads,castle_keep,1673,1787,140.0,0,,,
astar-jps-dial,no_roads,castle_keep,1395,1052,117.3,0,,,
astar-jps-dial,no_roads,castle_keep,482,1137,803.6,0,,,
astar-jps-dial,no_roads,castle_keep,1514,606,472.1,0,,,
astar-jps-dial,no_roads,castle_keep,2099,2228,132.1,0,,,
astar-jps-dial,no_roads,castle_keep,13,1952,466.3,0,,,
astar-dial-cheb,with_roads,castle_keep,1647,244,1363.8,0,,,
astar-dial-cheb,with_roads,castle_keep,51,1879,289.3,0,,,
astar-dial-cheb,with_roads,castle_keep,600,535,743.7,0,,,
astar-dial-cheb,with_roads,castle_keep,489,308,376.5,0,,,
astar-dial-cheb,with_roads,castle_keep,1868,222,818.5,0,,,
astar-dial-cheb,with_roads,castle_keep,1732,1877,36.0,0,,,
astar-dial-cheb,with_roads,castle_keep,2277,1395,363.1,0,,,
astar-dial-cheb,with_roads,castle_keep,186,1517,433.3,0,,,
astar-dial-cheb,with_roads,castle_keep,1057,65,157.3,0,,,
astar-dial-cheb,with_roads,castle_keep,61,203,66.8,0,,,
astar-dial-cheb,with_roads,castle_keep,478,509,315.8,0,,,
astar-dial-cheb,with_roads,castle_keep,1286,1543,210.2,0,,,
astar-dial-cheb,with_roads,castle_keep,54,1442,344.0,0,,,
astar-dial-cheb,with_roads,castle_keep,437,1822,1077.6,0,,,
astar-dial-cheb,with_roads,castle_keep,1673,1787,167.6,0,,,
astar-dial-cheb,with_roads,castle_keep,1395,1052,64.7,0,,,
astar-dial-cheb,with_roads,castle_keep,482,1137,966.3,0,,,
astar-dial-cheb,with_roads,castle_keep,1514,606,683.9,0,,,
astar-dial-cheb,with_roads,castle_keep,2099,2228,460.9,0,,,
astar-dial-cheb,with_roads,castle_keep,13,1952,201.7,0,,,
astar-jps,with_roads,castle_keep,1647,244,425.2,0,,,
astar-jps,with_roads,castle_keep,51,1879,288.6,0,,,
astar-jps,with_roads,castle_keep,600,535,270.8,0,,,
astar-jps,with_roads,castle_keep,489,308,229.7,0,,,
astar-jps,with_roads,castle_keep,1868,222,503.4,0,,,
astar-jps,with_roads,castle_keep,1732,1877,68.2,0,,,
astar-jps,with_roads,castle_keep,2277,1395,268.6,0,,,
astar-jps,with_roads,castle_keep,186,1517,269.1,0,,,
astar-jps,with_roads,castle_keep,1057,65,213.3,0,,,
astar-jps,with_roads,castle_keep,61,203,72.8,0,,,
astar-jps,with_roads,castle_keep,478,509,157.3,0,,,
astar-jps,with_roads,castle_keep,1286,1543,167.2,0,,,
astar-jps,with_roads,castle_keep,54,1442,608.8,0,,,
astar-jps,with_roads,castle_keep,437,1822,913.0,0,,,
astar-jps,with_roads,castle_keep,1673,1787,126.9,0,,,
astar-jps,with_roads,castle_keep,1395,1052,78.8,0,,,
astar-jps,with_roads,castle_keep,482,1137,814.8,0,,,
astar-jps,with_roads,castle_keep,1514,606,430.7,0,,,
astar-jps,with_roads,castle_keep,2099,2228,107.3,0,,,
astar-jps,with_roads,castle_keep,13,1952,447.2,0,,,
astar-jps-dial,with_roads,castle_keep,1647,244,443.2,0,,,
astar-jps-dial,with_roads,castle_keep,51,1879,315.0,0,,,
astar-jps-dial,with_roads,castle_keep,600,535,304.6,0,,,
astar-jps-dial,with_roads,castle_keep,489,308,287.9,0,,,
astar-jps-dial,with_roads,castle_keep,1868,222,667.1,0,,,
astar-jps-dial,with_roads,castle_keep,1732,1877,96.1,0,,,
astar-jps-dial,with_roads,castle_keep,2277,1395,306.9,0,,,
astar-jps-dial,with_roads,castle_keep,186,1517,297.7,0,,,
astar-jps-dial,with_roads,castle_keep,1057,65,241.0,0,,,
astar-jps-dial,with_roads,castle_keep,61,203,105.7,0,,,
astar-jps-dial,with_roads,castle_keep,478,509,155.6,0,,,
astar-jps-dial,with_roads,castle_keep,1286,1543,215.6,0,,,
astar-jps-dial,with_roads,castle_keep,54,1442,636.0,0,,,
astar-jps-dial,with_roads,castle_keep,437,1822,941.3,0,,,
astar-jps-dial,with_roads,castle_keep,1673,1787,144.2,0,,,
astar-jps-dial,with_roads,castle_keep,1395,1052,118.3,0,,,
astar-jps-dial,with_roads,castle_keep,482,1137,844.0,0,,,
astar-jps-dial,with_roads,castle_keep,1514,606,486.0,0,,,
astar-jps-dial,with_roads,castle_keep,2099,2228,138.4,0,,,
astar-jps-dial,with_roads,castle_keep,13,1952,468.3,0,,,
astar-dial-cheb,no_roads,chemistry_class,1475,228,640.1,0,,,
astar-dial-cheb,no_roads,chemistry_class,51,583,209.6,0,,,
astar-dial-cheb,no_roads,chemistry_class,515,466,153.8,0,,,
astar-dial-cheb,no_roads,chemistry_class,287,209,26.1,0,,,
astar-dial-cheb,no_roads,chemistry_class,1551,1216,139.2,0,,,
astar-dial-cheb,no_roads,chemistry_class,178,1338,1009.9,0,,,
astar-dial-cheb,no_roads,chemistry_class,920,65,550.2,0,,,
astar-dial-cheb,no_roads,chemistry_class,61,191,137.2,0,,,
astar-dial-cheb,no_roads,chemistry_class,456,487,159.1,0,,,
astar-dial-cheb,no_roads,chemistry_class,1120,1368,74.6,0,,,
astar-dial-cheb,no_roads,chemistry_class,54,1262,922.4,0,,,
astar-dial-cheb,no_roads,chemistry_class,415,1496,943.5,0,,,
astar-dial-cheb,no_roads,chemistry_class,1216,915,377.2,0,,,
astar-dial-cheb,no_roads,chemistry_class,460,985,293.5,0,,,
astar-dial-cheb,no_roads,chemistry_class,1333,589,609.7,0,,,
astar-dial-cheb,no_roads,chemistry_class,13,333,104.5,0,,,
astar-dial-cheb,no_roads,chemistry_class,1595,921,598.7,0,,,
astar-dial-cheb,no_roads,chemistry_class,728,589,586.7,0,,,
astar-dial-cheb,no_roads,chemistry_class,324,449,61.6,0,,,
astar-dial-cheb,no_roads,chemistry_class,721,209,187.2,0,,,
astar-jps,no_roads,chemistry_class,1475,228,222.3,0,,,
astar-jps,no_roads,chemistry_class,51,583,265.5,0,,,
astar-jps,no_roads,chemistry_class,515,466,100.7,0,,,
astar-jps,no_roads,chemistry_class,287,209,47.8,0,,,
astar-jps,no_roads,chemistry_class,1551,1216,138.6,0,,,
astar-jps,no_roads,chemistry_class,178,1338,525.8,0,,,
astar-jps,no_roads,chemistry_class,920,65,229.7,0,,,
astar-jps,no_roads,chemistry_class,61,191,137.2,0,,,
astar-jps,no_roads,chemistry_class,456,487,90.3,0,,,
astar-jps,no_roads,chemistry_class,1120,1368,69.3,0,,,
astar-jps,no_roads,chemistry_class,54,1262,805.9,0,,,
astar-jps,no_roads,chemistry_class,415,1496,462.3,0,,,
astar-jps,no_roads,chemistry_class,1216,915,179.7,0,,,
astar-jps,no_roads,chemistry_class,460,985,139.6,0,,,
astar-jps,no_roads,chemistry_class,1333,589,341.6,0,,,
astar-jps,no_roads,chemistry_class,13,333,174.8,0,,,
astar-jps,no_roads,chemistry_class,1595,921,255.1,0,,,
astar-jps,no_roads,chemistry_class,728,589,206.7,0,,,
astar-jps,no_roads,chemistry_class,324,449,77.7,0,,,
astar-jps,no_roads,chemistry_class,721,209,120.6,0,,,
astar-jps-dial,no_roads,chemistry_class,1475,228,804.8,0,,,
astar-jps-dial,no_roads,chemistry_class,51,583,290.1,0,,,
astar-jps-dial,no_roads,chemistry_class,515,466,183.1,0,,,
astar-jps-dial,no_roads,chemistry_class,287,209,70.6,0,,,
astar-jps-dial,no_roads,chemistry_class,1551,1216,164.1,0,,,
astar-jps-dial,no_roads,chemistry_class,178,1338,218.4,0,,,
astar-jps-dial,no_roads,chemistry_class,920,65,264.9,0,,,
astar-jps-dial,no_roads,chemistry_class,61,191,161.4,0,,,
astar-jps-dial,no_roads,chemistry_class,456,487,117.6,0,,,
astar-jps-dial,no_roads,chemistry_class,1120,1368,91.4,0,,,
astar-jps-dial,no_roads,chemistry_class,54,1262,411.6,0,,,
astar-jps-dial,no_roads,chemistry_class,415,1496,128.2,0,,,
astar-jps-dial,no_roads,chemistry_class,1216,915,300.9,0,,,
astar-jps-dial,no_roads,chemistry_class,460,985,130.9,0,,,
astar-jps-dial,no_roads,chemistry_class,1333,589,440.2,0,,,
astar-jps-dial,no_roads,chemistry_class,13,333,109.4,0,,,
astar-jps-dial,no_roads,chemistry_class,1595,921,372.5,0,,,
astar-jps-dial,no_roads,chemistry_class,728,589,377.9,0,,,
astar-jps-dial,no_roads,chemistry_class,324,449,97.6,0,,,
astar-jps-dial,no_roads,chemistry_class,721,209,192.0,0,,,
astar-dial-cheb,with_roads,chemistry_class,1475,228,480.4,0,,,
astar-dial-cheb,with_roads,chemistry_class,51,583,332.6,0,,,
astar-dial-cheb,with_roads,chemistry_class,515,466,91.9,0,,,
astar-dial-cheb,with_roads,chemistry_class,287,209,25.6,0,,,
astar-dial-cheb,with_roads,chemistry_class,1551,1216,141.0,0,,,
astar-dial-cheb,with_roads,chemistry_class,178,1338,1043.7,0,,,
astar-dial-cheb,with_roads,chemistry_class,920,65,569.1,0,,,
astar-dial-cheb,with_roads,chemistry_class,61,191,97.9,0,,,
astar-dial-cheb,with_roads,chemistry_class,456,487,128.6,0,,,
astar-dial-cheb,with_roads,chemistry_class,1120,1368,73.7,0,,,
astar-dial-cheb,with_roads,chemistry_class,54,1262,949.1,0,,,
astar-dial-cheb,with_roads,chemistry_class,415,1496,1074.8,0,,,
astar-dial-cheb,with_roads,chemistry_class,1216,915,374.7,0,,,
astar-dial-cheb,with_roads,chemistry_class,460,985,333.5,0,,,
astar-dial-cheb,with_roads,chemistry_class,1333,589,632.8,0,,,
astar-dial-cheb,with_roads,chemistry_class,13,333,153.5,0,,,
astar-dial-cheb,with_roads,chemistry_class,1595,921,610.2,0,,,
astar-dial-cheb,with_roads,chemistry_class,728,589,745.5,0,,,
astar-dial-cheb,with_roads,chemistry_class,324,449,54.8,0,,,
astar-dial-cheb,with_roads,chemistry_class,721,209,181.3,0,,,
astar-jps,with_roads,chemistry_class,1475,228,216.0,0,,,
astar-jps,with_roads,chemistry_class,51,583,269.8,0,,,
astar-jps,with_roads,chemistry_class,515,466,103.0,0,,,
astar-jps,with_roads,chemistry_class,287,209,50.0,0,,,
astar-jps,with_roads,chemistry_class,1551,1216,144.4,0,,,
astar-jps,with_roads,chemistry_class,178,1338,542.0,0,,,
astar-jps,with_roads,chemistry_class,920,65,235.6,0,,,
astar-jps,with_roads,chemistry_class,61,191,154.1,0,,,
astar-jps,with_roads,chemistry_class,456,487,91.7,0,,,
astar-jps,with_roads,chemistry_class,1120,1368,71.2,0,,,
astar-jps,with_roads,chemistry_class,54,1262,816.3,0,,,
astar-jps,with_roads,chemistry_class,415,1496,453.6,0,,,
astar-jps,with_roads,chemistry_class,1216,915,178.1,0,,,
astar-jps,with_roads,chemistry_class,460,985,140.9,0,,,
astar-jps,with_roads,chemistry_class,1333,589,344.8,0,,,
astar-jps,with_roads,chemistry_class,13,333,176.2,0,,,
astar-jps,with_roads,chemistry_class,1595,921,245.0,0,,,
astar-jps,with_roads,chemistry_class,728,589,205.1,0,,,
astar-jps,with_roads,chemistry_class,324,449,81.5,0,,,
astar-jps,with_roads,chemistry_class,721,209,121.1,0,,,
astar-jps-dial,with_roads,chemistry_class,1475,228,807.3,0,,,
astar-jps-dial,with_roads,chemistry_class,51,583,291.0,0,,,
astar-jps-dial,with_roads,chemistry_class,515,466,176.5,0,,,
astar-jps-dial,with_roads,chemistry_class,287,209,69.4,0,,,
astar-jps-dial,with_roads,chemistry_class,1551,1216,161.3,0,,,
astar-jps-dial,with_roads,chemistry_class,178,1338,218.6,0,,,
astar-jps-dial,with_roads,chemistry_class,920,65,268.0,0,,,
astar-jps-dial,with_roads,chemistry_class,61,191,160.6,0,,,
astar-jps-dial,with_roads,chemistry_class,456,487,112.2,0,,,
astar-jps-dial,with_roads,chemistry_class,1120,1368,91.5,0,,,
astar-jps-dial,with_roads,chemistry_class,54,1262,411.8,0,,,
astar-jps-dial,with_roads,chemistry_class,415,1496,132.4,0,,,
astar-jps-dial,with_roads,chemistry_class,1216,915,307.0,0,,,
astar-jps-dial,with_roads,chemistry_class,460,985,134.7,0,,,
astar-jps-dial,with_roads,chemistry_class,1333,589,450.4,0,,,
astar-jps-dial,with_roads,chemistry_class,13,333,110.8,0,,,
astar-jps-dial,with_roads,chemistry_class,1595,921,377.9,0,,,
astar-jps-dial,with_roads,chemistry_class,728,589,380.2,0,,,
astar-jps-dial,with_roads,chemistry_class,324,449,103.5,0,,,
astar-jps-dial,with_roads,chemistry_class,721,209,195.2,0,,,
astar-dial-cheb,no_roads,chess,2190,524,703.0,0,,,
astar-dial-cheb,no_roads,chess,145,1018,163.6,0,,,
astar-dial-cheb,no_roads,chess,942,848,38.2,0,,,
astar-dial-cheb,no_roads,chess,638,495,43.1,0,,,
astar-dial-cheb,no_roads,chess,2338,1817,666.6,0,,,
astar-dial-cheb,no_roads,chess,423,1973,761.8,0,,,
astar-dial-cheb,no_roads,chess,1428,175,556.1,0,,,
astar-dial-cheb,no_roads,chess,170,446,344.7,0,,,
astar-dial-cheb,no_roads,chess,836,871,766.7,0,,,
astar-dial-cheb,no_roads,chess,1676,2007,1073.1,0,,,
astar-dial-cheb,no_roads,chess,154,1857,752.7,0,,,
astar-dial-cheb,no_roads,chess,787,2234,642.8,0,,,
astar-dial-cheb,no_roads,chess,1817,1422,127.8,0,,,
astar-dial-cheb,no_roads,chess,841,1535,278.4,0,,,
astar-dial-cheb,no_roads,chess,1968,1025,846.7,0,,,
astar-dial-cheb,no_roads,chess,78,688,399.7,0,,,
astar-dial-cheb,no_roads,chess,1429,1206,479.0,0,,,
astar-dial-cheb,no_roads,chess,1025,677,72.3,0,,,
astar-dial-cheb,no_roads,chess,827,1172,70.9,0,,,
astar-dial-cheb,no_roads,chess,495,439,952.6,0,,,
astar-jps,no_roads,chess,2190,524,236.8,0,,,
astar-jps,no_roads,chess,145,1018,145.2,0,,,
astar-jps,no_roads,chess,942,848,59.8,0,,,
astar-jps,no_roads,chess,638,495,47.1,0,,,
astar-jps,no_roads,chess,2338,1817,287.8,0,,,
astar-jps,no_roads,chess,423,1973,326.9,0,,,
astar-jps,no_roads,chess,1428,175,172.2,0,,,
astar-jps,no_roads,chess,170,446,233.9,0,,,
astar-jps,no_roads,chess,836,871,330.5,0,,,
astar-jps,no_roads,chess,1676,2007,494.6,0,,,
astar-jps,no_roads,chess,154,1857,191.6,0,,,
astar-jps,no_roads,chess,787,2234,366.9,0,,,
astar-jps,no_roads,chess,1817,1422,103.1,0,,,
astar-jps,no_roads,chess,841,1535,138.5,0,,,
astar-jps,no_roads,chess,1968,1025,236.5,0,,,
astar-jps,no_roads,chess,78,688,189.4,0,,,
astar-jps,no_roads,chess,1429,1206,131.8,0,,,
astar-jps,no_roads,chess,1025,677,69.8,0,,,
astar-jps,no_roads,chess,827,1172,71.9,0,,,
astar-jps,no_roads,chess,495,439,594.5,0,,,
astar-jps-dial,no_roads,chess,2190,524,529.1,0,,,
astar-jps-dial,no_roads,chess,145,1018,171.7,0,,,
astar-jps-dial,no_roads,chess,942,848,95.8,0,,,
astar-jps-dial,no_roads,chess,638,495,73.9,0,,,
astar-jps-dial,no_roads,chess,2338,1817,389.8,0,,,
astar-jps-dial,no_roads,chess,423,1973,351.9,0,,,
astar-jps-dial,no_roads,chess,1428,175,265.9,0,,,
astar-jps-dial,no_roads,chess,170,446,288.8,0,,,
astar-jps-dial,no_roads,chess,836,871,598.7,0,,,
astar-jps-dial,no_roads,chess,1676,2007,513.3,0,,,
astar-jps-dial,no_roads,chess,154,1857,218.0,0,,,
astar-jps-dial,no_roads,chess,787,2234,383.0,0,,,
astar-jps-dial,no_roads,chess,1817,1422,141.3,0,,,
astar-jps-dial,no_roads,chess,841,1535,164.2,0,,,
astar-jps-dial,no_roads,chess,1968,1025,516.9,0,,,
astar-jps-dial,no_roads,chess,78,688,273.6,0,,,
astar-jps-dial,no_roads,chess,1429,1206,277.2,0,,,
astar-jps-dial,no_roads,chess,1025,677,105.2,0,,,
astar-jps-dial,no_roads,chess,827,1172,101.8,0,,,
astar-jps-dial,no_roads,chess,495,439,651.4,0,,,
astar-dial-cheb,with_roads,chess,2190,524,633.3,0,,,
astar-dial-cheb,with_roads,chess,145,1018,163.1,0,,,
astar-dial-cheb,with_roads,chess,942,848,39.5,0,,,
astar-dial-cheb,with_roads,chess,638,495,41.4,0,,,
astar-dial-cheb,with_roads,chess,2338,1817,779.7,0,,,
astar-dial-cheb,with_roads,chess,423,1973,891.0,0,,,
astar-dial-cheb,with_roads,chess,1428,175,680.0,0,,,
astar-dial-cheb,with_roads,chess,170,446,189.3,0,,,
astar-dial-cheb,with_roads,chess,836,871,556.2,0,,,
astar-dial-cheb,with_roads,chess,1676,2007,393.6,0,,,
astar-dial-cheb,with_roads,chess,154,1857,87.4,0,,,
astar-dial-cheb,with_roads,chess,787,2234,751.1,0,,,
astar-dial-cheb,with_roads,chess,1817,1422,124.0,0,,,
astar-dial-cheb,with_roads,chess,841,1535,396.5,0,,,
astar-dial-cheb,with_roads,chess,1968,1025,796.8,0,,,
astar-dial-cheb,with_roads,chess,78,688,256.3,0,,,
astar-dial-cheb,with_roads,chess,1429,1206,274.5,0,,,
astar-dial-cheb,with_roads,chess,1025,677,71.2,0,,,
astar-dial-cheb,with_roads,chess,827,1172,70.8,0,,,
astar-dial-cheb,with_roads,chess,495,439,922.0,0,,,
astar-jps,with_roads,chess,2190,524,230.2,0,,,
astar-jps,with_roads,chess,145,1018,151.8,0,,,
astar-jps,with_roads,chess,942,848,59.1,0,,,
astar-jps,with_roads,chess,638,495,48.4,0,,,
astar-jps,with_roads,chess,2338,1817,302.8,0,,,
astar-jps,with_roads,chess,423,1973,342.5,0,,,
astar-jps,with_roads,chess,1428,175,189.6,0,,,
astar-jps,with_roads,chess,170,446,239.1,0,,,
astar-jps,with_roads,chess,836,871,339.7,0,,,
astar-jps,with_roads,chess,1676,2007,517.9,0,,,
astar-jps,with_roads,chess,154,1857,196.4,0,,,
astar-jps,with_roads,chess,787,2234,379.7,0,,,
astar-jps,with_roads,chess,1817,1422,111.8,0,,,
astar-jps,with_roads,chess,841,1535,149.7,0,,,
astar-jps,with_roads,chess,1968,1025,241.9,0,,,
astar-jps,with_roads,chess,78,688,194.7,0,,,
astar-jps,with_roads,chess,1429,1206,137.8,0,,,
astar-jps,with_roads,chess,1025,677,68.2,0,,,
astar-jps,with_roads,chess,827,1172,75.6,0,,,
astar-jps,with_roads,chess,495,439,611.8,0,,,
astar-jps-dial,with_roads,chess,2190,524,533.8,0,,,
astar-jps-dial,with_roads,chess,145,1018,182.9,0,,,
astar-jps-dial,with_roads,chess,942,848,99.4,0,,,
astar-jps-dial,with_roads,chess,638,495,77.0,0,,,
astar-jps-dial,with_roads,chess,2338,1817,395.8,0,,,
astar-jps-dial,with_roads,chess,423,1973,359.7,0,,,
astar-jps-dial,with_roads,chess,1428,175,274.1,0,,,
astar-jps-dial,with_roads,chess,170,446,301.2,0,,,
astar-jps-dial,with_roads,chess,836,871,628.5,0,,,
astar-jps-dial,with_roads,chess,1676,2007,532.0,0,,,
astar-jps-dial,with_roads,chess,154,1857,229.5,0,,,
astar-jps-dial,with_roads,chess,787,2234,389.8,0,,,
astar-jps-dial,with_roads,chess,1817,1422,152.8,0,,,
astar-jps-dial,with_roads,chess,841,1535,174.7,0,,,
astar-jps-dial,with_roads,chess,1968,1025,550.0,0,,,
astar-jps-dial,with_roads,chess,78,688,282.2,0,,,
astar-jps-dial,with_roads,chess,1429,1206,302.6,0,,,
astar-jps-dial,with_roads,chess,1025,677,113.4,0,,,
astar-jps-dial,with_roads,chess,827,1172,102.3,0,,,
astar-jps-dial,with_roads,chess,495,439,666.5,0,,,
astar-dial-cheb,no_roads,cinnamon_roll,842,128,321.6,0,,,
astar-dial-cheb,no_roads,cinnamon_roll,25,337,209.5,0,,,
astar-dial-cheb,no_roads,cinnamon_roll,292,267,54.2,0,,,
astar-dial-cheb,no_roads,cinnamon_roll,160,117,245.4,0,,,
astar-dial-cheb,no_roads,cinnamon_roll,880,728,37.5,0,,,
astar-dial-cheb,no_roads,cinnamon_roll,100,779,453.1,0,,,
astar-dial-cheb,no_roads,cinnamon_roll,567,32,481.6,0,,,
astar-dial-cheb,no_roads,cinnamon_roll,30,106,159.8,0,,,
astar-dial-cheb,no_roads,cinnamon_roll,261,279,167.3,0,,,
astar-dial-cheb,no_roads,cinnamon_roll,674,793,48.1,0,,,
astar-dial-cheb,no_roads,cinnamon_roll,27,745,300.7,0,,,
astar-dial-cheb,no_roads,cinnamon_roll,237,853,445.1,0,,,
astar-dial-cheb,no_roads,cinnamon_roll,728,561,176.0,0,,,
astar-dial-cheb,no_roads,cinnamon_roll,263,605,422.4,0,,,
astar-dial-cheb,no_roads,cinnamon_roll,778,341,317.9,0,,,
astar-dial-cheb,no_roads,cinnamon_roll,6,182,51.6,0,,,
astar-dial-cheb,no_roads,cinnamon_roll,567,438,133.6,0,,,
astar-dial-cheb,no_roads,cinnamon_roll,341,178,349.6,0,,,
astar-dial-cheb,no_roads,cinnamon_roll,257,427,128.2,0,,,
astar-dial-cheb,no_roads,cinnamon_roll,117,105,131.4,0,,,
astar-jps,no_roads,cinnamon_roll,842,128,143.8,0,,,
astar-jps,no_roads,cinnamon_roll,25,337,157.5,0,,,
astar-jps,no_roads,cinnamon_roll,292,267,63.5,0,,,
astar-jps,no_roads,cinnamon_roll,160,117,61.0,0,,,
astar-jps,no_roads,cinnamon_roll,880,728,56.4,0,,,
astar-jps,no_roads,cinnamon_roll,100,779,256.0,0,,,
astar-jps,no_roads,cinnamon_roll,567,32,225.9,0,,,
astar-jps,no_roads,cinnamon_roll,30,106,75.7,0,,,
astar-jps,no_roads,cinnamon_roll,261,279,113.3,0,,,
astar-jps,no_roads,cinnamon_roll,674,793,56.6,0,,,
astar-jps,no_roads,cinnamon_roll,27,745,296.2,0,,,
astar-jps,no_roads,cinnamon_roll,237,853,446.1,0,,,
astar-jps,no_roads,cinnamon_roll,728,561,71.6,0,,,
astar-jps,no_roads,cinnamon_roll,263,605,302.2,0,,,
astar-jps,no_roads,cinnamon_roll,778,341,301.2,0,,,
astar-jps,no_roads,cinnamon_roll,6,182,75.7,0,,,
astar-jps,no_roads,cinnamon_roll,567,438,87.6,0,,,
astar-jps,no_roads,cinnamon_roll,341,178,90.0,0,,,
astar-jps,no_roads,cinnamon_roll,257,427,88.3,0,,,
astar-jps,no_roads,cinnamon_roll,117,105,73.8,0,,,
astar-jps-dial,no_roads,cinnamon_roll,842,128,229.1,0,,,
astar-jps-dial,no_roads,cinnamon_roll,25,337,167.7,0,,,
astar-jps-dial,no_roads,cinnamon_roll,292,267,88.3,0,,,
astar-jps-dial,no_roads,cinnamon_roll,160,117,140.3,0,,,
astar-jps-dial,no_roads,cinnamon_roll,880,728,81.3,0,,,
astar-jps-dial,no_roads,cinnamon_roll,100,779,259.9,0,,,
astar-jps-dial,no_roads,cinnamon_roll,567,32,286.5,0,,,
astar-jps-dial,no_roads,cinnamon_roll,30,106,112.9,0,,,
astar-jps-dial,no_roads,cinnamon_roll,261,279,135.5,0,,,
astar-jps-dial,no_roads,cinnamon_roll,674,793,80.4,0,,,
astar-jps-dial,no_roads,cinnamon_roll,27,745,143.4,0,,,
astar-jps-dial,no_roads,cinnamon_roll,237,853,489.1,0,,,
astar-jps-dial,no_roads,cinnamon_roll,728,561,112.8,0,,,
astar-jps-dial,no_roads,cinnamon_roll,263,605,322.9,0,,,
astar-jps-dial,no_roads,cinnamon_roll,778,341,333.5,0,,,
astar-jps-dial,no_roads,cinnamon_roll,6,182,90.6,0,,,
astar-jps-dial,no_roads,cinnamon_roll,567,438,128.2,0,,,
astar-jps-dial,no_roads,cinnamon_roll,341,178,244.5,0,,,
astar-jps-dial,no_roads,cinnamon_roll,257,427,105.3,0,,,
astar-jps-dial,no_roads,cinnamon_roll,117,105,146.2,0,,,
astar-dial-cheb,with_roads,cinnamon_roll,842,128,184.7,0,,,
astar-dial-cheb,with_roads,cinnamon_roll,25,337,159.5,0,,,
astar-dial-cheb,with_roads,cinnamon_roll,292,267,48.0,0,,,
astar-dial-cheb,with_roads,cinnamon_roll,160,117,307.3,0,,,
astar-dial-cheb,with_roads,cinnamon_roll,880,728,40.8,0,,,
astar-dial-cheb,with_roads,cinnamon_roll,100,779,272.0,0,,,
astar-dial-cheb,with_roads,cinnamon_roll,567,32,119.1,0,,,
astar-dial-cheb,with_roads,cinnamon_roll,30,106,173.2,0,,,
astar-dial-cheb,with_roads,cinnamon_roll,261,279,88.3,0,,,
astar-dial-cheb,with_roads,cinnamon_roll,674,793,51.3,0,,,
astar-dial-cheb,with_roads,cinnamon_roll,27,745,260.8,0,,,
astar-dial-cheb,with_roads,cinnamon_roll,237,853,570.4,0,,,
astar-dial-cheb,with_roads,cinnamon_roll,728,561,189.8,0,,,
astar-dial-cheb,with_roads,cinnamon_roll,263,605,426.8,0,,,
astar-dial-cheb,with_roads,cinnamon_roll,778,341,189.5,0,,,
astar-dial-cheb,with_roads,cinnamon_roll,6,182,55.4,0,,,
astar-dial-cheb,with_roads,cinnamon_roll,567,438,48.9,0,,,
astar-dial-cheb,with_roads,cinnamon_roll,341,178,340.8,0,,,
astar-dial-cheb,with_roads,cinnamon_roll,257,427,111.7,0,,,
astar-dial-cheb,with_roads,cinnamon_roll,117,105,131.9,0,,,
astar-jps,with_roads,cinnamon_roll,842,128,137.1,0,,,
astar-jps,with_roads,cinnamon_roll,25,337,159.7,0,,,
astar-jps,with_roads,cinnamon_roll,292,267,63.9,0,,,
astar-jps,with_roads,cinnamon_roll,160,117,61.7,0,,,
astar-jps,with_roads,cinnamon_roll,880,728,57.4,0,,,
astar-jps,with_roads,cinnamon_roll,100,779,265.4,0,,,
astar-jps,with_roads,cinnamon_roll,567,32,240.4,0,,,
astar-jps,with_roads,cinnamon_roll,30,106,77.5,0,,,
astar-jps,with_roads,cinnamon_roll,261,279,114.9,0,,,
astar-jps,with_roads,cinnamon_roll,674,793,60.4,0,,,
astar-jps,with_roads,cinnamon_roll,27,745,312.2,0,,,
astar-jps,with_roads,cinnamon_roll,237,853,472.0,0,,,
astar-jps,with_roads,cinnamon_roll,728,561,75.4,0,,,
astar-jps,with_roads,cinnamon_roll,263,605,323.1,0,,,
astar-jps,with_roads,cinnamon_roll,778,341,321.5,0,,,
astar-jps,with_roads,cinnamon_roll,6,182,77.8,0,,,
astar-jps,with_roads,cinnamon_roll,567,438,94.2,0,,,
astar-jps,with_roads,cinnamon_roll,341,178,92.7,0,,,
astar-jps,with_roads,cinnamon_roll,257,427,90.3,0,,,
astar-jps,with_roads,cinnamon_roll,117,105,74.4,0,,,
astar-jps-dial,with_roads,cinnamon_roll,842,128,230.2,0,,,
astar-jps-dial,with_roads,cinnamon_roll,25,337,172.7,0,,,
astar-jps-dial,with_roads,cinnamon_roll,292,267,89.3,0,,,
astar-jps-dial,with_roads,cinnamon_roll,160,117,138.5,0,,,
astar-jps-dial,with_roads,cinnamon_roll,880,728,82.8,0,,,
astar-jps-dial,with_roads,cinnamon_roll,100,779,272.0,0,,,
astar-jps-dial,with_roads,cinnamon_roll,567,32,299.3,0,,,
astar-jps-dial,with_roads,cinnamon_roll,30,106,114.6,0,,,
astar-jps-dial,with_roads,cinnamon_roll,261,279,141.5,0,,,
astar-jps-dial,with_roads,cinnamon_roll,674,793,76.9,0,,,
astar-jps-dial,with_roads,cinnamon_roll,27,745,146.0,0,,,
astar-jps-dial,with_roads,cinnamon_roll,237,853,522.5,0,,,
astar-jps-dial,with_roads,cinnamon_roll,728,561,119.0,0,,,
astar-jps-dial,with_roads,cinnamon_roll,263,605,333.6,0,,,
astar-jps-dial,with_roads,cinnamon_roll,778,341,347.7,0,,,
astar-jps-dial,with_roads,cinnamon_roll,6,182,90.4,0,,,
astar-jps-dial,with_roads,cinnamon_roll,567,438,134.6,0,,,
astar-jps-dial,with_roads,cinnamon_roll,341,178,261.1,0,,,
astar-jps-dial,with_roads,cinnamon_roll,257,427,103.6,0,,,
astar-jps-dial,with_roads,cinnamon_roll,117,105,145.2,0,,,
astar-dial-cheb,no_roads,clash_arena,493,95,209.3,0,,,
astar-dial-cheb,no_roads,clash_arena,29,568,199.6,0,,,
astar-dial-cheb,no_roads,clash_arena,211,192,18.0,0,,,
astar-dial-cheb,no_roads,clash_arena,178,117,27.6,0,,,
astar-dial-cheb,no_roads,clash_arena,564,90,198.9,0,,,
astar-dial-cheb,no_roads,clash_arena,516,568,141.0,0,,,
astar-dial-cheb,no_roads,clash_arena,433,76,197.7,0,,,
astar-dial-cheb,no_roads,clash_arena,463,306,203.1,0,,,
astar-dial-cheb,no_roads,clash_arena,33,32,9.7,0,,,
astar-dial-cheb,no_roads,clash_arena,80,175,89.9,0,,,
astar-dial-cheb,no_roads,clash_arena,183,408,209.3,0,,,
astar-dial-cheb,no_roads,clash_arena,470,30,196.4,0,,,
astar-dial-cheb,no_roads,clash_arena,444,161,201.1,0,,,
astar-dial-cheb,no_roads,clash_arena,547,498,95.0,0,,,
astar-dial-cheb,no_roads,clash_arena,535,433,61.2,0,,,
astar-dial-cheb,no_roads,clash_arena,304,176,64.5,0,,,
astar-dial-cheb,no_roads,clash_arena,369,460,174.9,0,,,
astar-dial-cheb,no_roads,clash_arena,213,620,209.8,0,,,
astar-dial-cheb,no_roads,clash_arena,11,580,198.5,0,,,
astar-dial-cheb,no_roads,clash_arena,618,135,189.7,0,,,
astar-jps,no_roads,clash_arena,493,95,144.6,0,,,
astar-jps,no_roads,clash_arena,29,568,102.5,0,,,
astar-jps,no_roads,clash_arena,211,192,28.6,0,,,
astar-jps,no_roads,clash_arena,178,117,56.4,0,,,
astar-jps,no_roads,clash_arena,564,90,120.9,0,,,
astar-jps,no_roads,clash_arena,516,568,95.1,0,,,
astar-jps,no_roads,clash_arena,433,76,132.1,0,,,
astar-jps,no_roads,clash_arena,463,306,115.9,0,,,
astar-jps,no_roads,clash_arena,33,32,17.9,0,,,
astar-jps,no_roads,clash_arena,80,175,78.4,0,,,
astar-jps,no_roads,clash_arena,183,408,112.2,0,,,
astar-jps,no_roads,clash_arena,470,30,132.2,0,,,
astar-jps,no_roads,clash_arena,444,161,118.3,0,,,
astar-jps,no_roads,clash_arena,547,498,84.2,0,,,
astar-jps,no_roads,clash_arena,535,433,59.4,0,,,
astar-jps,no_roads,clash_arena,304,176,51.1,0,,,
astar-jps,no_roads,clash_arena,369,460,126.3,0,,,
astar-jps,no_roads,clash_arena,213,620,107.7,0,,,
astar-jps,no_roads,clash_arena,11,580,101.5,0,,,
astar-jps,no_roads,clash_arena,618,135,114.9,0,,,
astar-jps-dial,no_roads,clash_arena,493,95,170.4,0,,,
astar-jps-dial,no_roads,clash_arena,29,568,130.9,0,,,
astar-jps-dial,no_roads,clash_arena,211,192,48.8,0,,,
astar-jps-dial,no_roads,clash_arena,178,117,79.5,0,,,
astar-jps-dial,no_roads,clash_arena,564,90,151.9,0,,,
astar-jps-dial,no_roads,clash_arena,516,568,112.1,0,,,
astar-jps-dial,no_roads,clash_arena,433,76,168.7,0,,,
astar-jps-dial,no_roads,clash_arena,463,306,151.1,0,,,
astar-jps-dial,no_roads,clash_arena,33,32,35.7,0,,,
astar-jps-dial,no_roads,clash_arena,80,175,99.0,0,,,
astar-jps-dial,no_roads,clash_arena,183,408,146.9,0,,,
astar-jps-dial,no_roads,clash_arena,470,30,171.8,0,,,
astar-jps-dial,no_roads,clash_arena,444,161,153.9,0,,,
astar-jps-dial,no_roads,clash_arena,547,498,104.6,0,,,
astar-jps-dial,no_roads,clash_arena,535,433,75.1,0,,,
astar-jps-dial,no_roads,clash_arena,304,176,88.2,0,,,
astar-jps-dial,no_roads,clash_arena,369,460,155.9,0,,,
astar-jps-dial,no_roads,clash_arena,213,620,145.3,0,,,
astar-jps-dial,no_roads,clash_arena,11,580,137.9,0,,,
astar-jps-dial,no_roads,clash_arena,618,135,147.1,0,,,
astar-dial-cheb,with_roads,clash_arena,493,95,202.7,0,,,
astar-dial-cheb,with_roads,clash_arena,29,568,198.4,0,,,
astar-dial-cheb,with_roads,clash_arena,211,192,18.2,0,,,
astar-dial-cheb,with_roads,clash_arena,178,117,27.9,0,,,
astar-dial-cheb,with_roads,clash_arena,564,90,195.4,0,,,
astar-dial-cheb,with_roads,clash_arena,516,568,144.5,0,,,
astar-dial-cheb,with_roads,clash_arena,433,76,196.4,0,,,
astar-dial-cheb,with_roads,clash_arena,463,306,204.4,0,,,
astar-dial-cheb,with_roads,clash_arena,33,32,10.4,0,,,
astar-dial-cheb,with_roads,clash_arena,80,175,91.8,0,,,
astar-dial-cheb,with_roads,clash_arena,183,408,206.3,0,,,
astar-dial-cheb,with_roads,clash_arena,470,30,200.7,0,,,
astar-dial-cheb,with_roads,clash_arena,444,161,204.0,0,,,
astar-dial-cheb,with_roads,clash_arena,547,498,96.3,0,,,
astar-dial-cheb,with_roads,clash_arena,535,433,62.4,0,,,
astar-dial-cheb,with_roads,clash_arena,304,176,64.1,0,,,
astar-dial-cheb,with_roads,clash_arena,369,460,174.2,0,,,
astar-dial-cheb,with_roads,clash_arena,213,620,210.7,0,,,
astar-dial-cheb,with_roads,clash_arena,11,580,200.9,0,,,
astar-dial-cheb,with_roads,clash_arena,618,135,193.1,0,,,
astar-jps,with_roads,clash_arena,493,95,138.5,0,,,
astar-jps,with_roads,clash_arena,29,568,102.5,0,,,
astar-jps,with_roads,clash_arena,211,192,27.9,0,,,
astar-jps,with_roads,clash_arena,178,117,56.0,0,,,
astar-jps,with_roads,clash_arena,564,90,121.2,0,,,
astar-jps,with_roads,clash_arena,516,568,89.4,0,,,
astar-jps,with_roads,clash_arena,433,76,133.2,0,,,
astar-jps,with_roads,clash_arena,463,306,117.2,0,,,
astar-jps,with_roads,clash_arena,33,32,17.6,0,,,
astar-jps,with_roads,clash_arena,80,175,78.5,0,,,
astar-jps,with_roads,clash_arena,183,408,114.5,0,,,
astar-jps,with_roads,clash_arena,470,30,132.2,0,,,
astar-jps,with_roads,clash_arena,444,161,116.4,0,,,
astar-jps,with_roads,clash_arena,547,498,83.4,0,,,
astar-jps,with_roads,clash_arena,535,433,53.1,0,,,
astar-jps,with_roads,clash_arena,304,176,50.8,0,,,
astar-jps,with_roads,clash_arena,369,460,130.0,0,,,
astar-jps,with_roads,clash_arena,213,620,108.3,0,,,
astar-jps,with_roads,clash_arena,11,580,101.5,0,,,
astar-jps,with_roads,clash_arena,618,135,112.1,0,,,
astar-jps-dial,with_roads,clash_arena,493,95,161.4,0,,,
astar-jps-dial,with_roads,clash_arena,29,568,126.8,0,,,
astar-jps-dial,with_roads,clash_arena,211,192,47.4,0,,,
astar-jps-dial,with_roads,clash_arena,178,117,75.8,0,,,
astar-jps-dial,with_roads,clash_arena,564,90,155.1,0,,,
astar-jps-dial,with_roads,clash_arena,516,568,108.6,0,,,
astar-jps-dial,with_roads,clash_arena,433,76,166.8,0,,,
astar-jps-dial,with_roads,clash_arena,463,306,150.8,0,,,
astar-jps-dial,with_roads,clash_arena,33,32,35.7,0,,,
astar-jps-dial,with_roads,clash_arena,80,175,98.0,0,,,
astar-jps-dial,with_roads,clash_arena,183,408,145.4,0,,,
astar-jps-dial,with_roads,clash_arena,470,30,163.5,0,,,
astar-jps-dial,with_roads,clash_arena,444,161,155.8,0,,,
astar-jps-dial,with_roads,clash_arena,547,498,101.9,0,,,
astar-jps-dial,with_roads,clash_arena,535,433,71.4,0,,,
astar-jps-dial,with_roads,clash_arena,304,176,84.0,0,,,
astar-jps-dial,with_roads,clash_arena,369,460,151.1,0,,,
astar-jps-dial,with_roads,clash_arena,213,620,143.6,0,,,
astar-jps-dial,with_roads,clash_arena,11,580,131.0,0,,,
astar-jps-dial,with_roads,clash_arena,618,135,142.6,0,,,
astar-dial-cheb,no_roads,climbing_wall,780,127,324.9,0,,,
astar-dial-cheb,no_roads,climbing_wall,25,911,697.5,0,,,
astar-dial-cheb,no_roads,climbing_wall,331,294,25.7,0,,,
astar-dial-cheb,no_roads,climbing_wall,267,164,47.1,0,,,
astar-dial-cheb,no_roads,climbing_wall,904,114,392.9,0,,,
astar-dial-cheb,no_roads,climbing_wall,827,908,36.5,0,,,
astar-dial-cheb,no_roads,climbing_wall,658,97,298.5,0,,,
astar-dial-cheb,no_roads,climbing_wall,718,508,541.5,0,,,
astar-dial-cheb,no_roads,climbing_wall,32,30,19.4,0,,,
astar-dial-cheb,no_roads,climbing_wall,103,261,89.4,0,,,
astar-dial-cheb,no_roads,climbing_wall,280,613,601.0,0,,,
astar-dial-cheb,no_roads,climbing_wall,732,27,353.4,0,,,
astar-dial-cheb,no_roads,climbing_wall,678,239,253.7,0,,,
astar-dial-cheb,no_roads,climbing_wall,877,793,39.3,0,,,
astar-dial-cheb,no_roads,climbing_wall,858,658,109.3,0,,,
astar-dial-cheb,no_roads,climbing_wall,505,263,142.7,0,,,
astar-dial-cheb,no_roads,climbing_wall,539,716,91.7,0,,,
astar-dial-cheb,no_roads,climbing_wall,334,986,739.3,0,,,
astar-dial-cheb,no_roads,climbing_wall,6,931,689.6,0,,,
astar-dial-cheb,no_roads,climbing_wall,983,188,298.2,0,,,
astar-jps,no_roads,climbing_wall,780,127,101.9,0,,,
astar-jps,no_roads,climbing_wall,25,911,852.1,0,,,
astar-jps,no_roads,climbing_wall,331,294,53.9,0,,,
astar-jps,no_roads,climbing_wall,267,164,60.6,0,,,
astar-jps,no_roads,climbing_wall,904,114,617.5,0,,,
astar-jps,no_roads,climbing_wall,827,908,53.9,0,,,
astar-jps,no_roads,climbing_wall,658,97,90.4,0,,,
astar-jps,no_roads,climbing_wall,718,508,767.8,0,,,
astar-jps,no_roads,climbing_wall,32,30,26.1,0,,,
astar-jps,no_roads,climbing_wall,103,261,70.8,0,,,
astar-jps,no_roads,climbing_wall,280,613,674.2,0,,,
astar-jps,no_roads,climbing_wall,732,27,354.4,0,,,
astar-jps,no_roads,climbing_wall,678,239,75.4,0,,,
astar-jps,no_roads,climbing_wall,877,793,39.4,0,,,
astar-jps,no_roads,climbing_wall,858,658,54.5,0,,,
astar-jps,no_roads,climbing_wall,505,263,83.9,0,,,
astar-jps,no_roads,climbing_wall,539,716,66.1,0,,,
astar-jps,no_roads,climbing_wall,334,986,841.2,0,,,
astar-jps,no_roads,climbing_wall,6,931,853.2,0,,,
astar-jps,no_roads,climbing_wall,983,188,150.3,0,,,
astar-jps-dial,no_roads,climbing_wall,780,127,319.6,0,,,
astar-jps-dial,no_roads,climbing_wall,25,911,590.6,0,,,
astar-jps-dial,no_roads,climbing_wall,331,294,81.8,0,,,
astar-jps-dial,no_roads,climbing_wall,267,164,92.0,0,,,
astar-jps-dial,no_roads,climbing_wall,904,114,613.6,0,,,
astar-jps-dial,no_roads,climbing_wall,827,908,84.5,0,,,
astar-jps-dial,no_roads,climbing_wall,658,97,330.2,0,,,
astar-jps-dial,no_roads,climbing_wall,718,508,1045.4,0,,,
astar-jps-dial,no_roads,climbing_wall,32,30,72.3,0,,,
astar-jps-dial,no_roads,climbing_wall,103,261,95.5,0,,,
astar-jps-dial,no_roads,climbing_wall,280,613,564.7,0,,,
astar-jps-dial,no_roads,climbing_wall,732,27,390.6,0,,,
astar-jps-dial,no_roads,climbing_wall,678,239,101.4,0,,,
astar-jps-dial,no_roads,climbing_wall,877,793,67.1,0,,,
astar-jps-dial,no_roads,climbing_wall,858,658,97.2,0,,,
astar-jps-dial,no_roads,climbing_wall,505,263,140.8,0,,,
astar-jps-dial,no_roads,climbing_wall,539,716,93.7,0,,,
astar-jps-dial,no_roads,climbing_wall,334,986,602.0,0,,,
astar-jps-dial,no_roads,climbing_wall,6,931,560.6,0,,,
astar-jps-dial,no_roads,climbing_wall,983,188,234.2,0,,,
astar-dial-cheb,with_roads,climbing_wall,780,127,365.9,0,,,
astar-dial-cheb,with_roads,climbing_wall,25,911,684.1,0,,,
astar-dial-cheb,with_roads,climbing_wall,331,294,29.9,0,,,
astar-dial-cheb,with_roads,climbing_wall,267,164,46.7,0,,,
astar-dial-cheb,with_roads,climbing_wall,904,114,393.9,0,,,
astar-dial-cheb,with_roads,climbing_wall,827,908,34.3,0,,,
astar-dial-cheb,with_roads,climbing_wall,658,97,278.5,0,,,
astar-dial-cheb,with_roads,climbing_wall,718,508,589.8,0,,,
astar-dial-cheb,with_roads,climbing_wall,32,30,22.8,0,,,
astar-dial-cheb,with_roads,climbing_wall,103,261,55.0,0,,,
astar-dial-cheb,with_roads,climbing_wall,280,613,529.3,0,,,
astar-dial-cheb,with_roads,climbing_wall,732,27,233.6,0,,,
astar-dial-cheb,with_roads,climbing_wall,678,239,227.8,0,,,
astar-dial-cheb,with_roads,climbing_wall,877,793,39.4,0,,,
astar-dial-cheb,with_roads,climbing_wall,858,658,108.3,0,,,
astar-dial-cheb,with_roads,climbing_wall,505,263,95.0,0,,,
astar-dial-cheb,with_roads,climbing_wall,539,716,141.7,0,,,
astar-dial-cheb,with_roads,climbing_wall,334,986,722.1,0,,,
astar-dial-cheb,with_roads,climbing_wall,6,931,697.0,0,,,
astar-dial-cheb,with_roads,climbing_wall,983,188,343.4,0,,,
astar-jps,with_roads,climbing_wall,780,127,105.5,0,,,
astar-jps,with_roads,climbing_wall,25,911,848.2,0,,,
astar-jps,with_roads,climbing_wall,331,294,57.7,0,,,
astar-jps,with_roads,climbing_wall,267,164,60.4,0,,,
astar-jps,with_roads,climbing_wall,904,114,612.7,0,,,
astar-jps,with_roads,climbing_wall,827,908,53.1,0,,,
astar-jps,with_roads,climbing_wall,658,97,88.3,0,,,
astar-jps,with_roads,climbing_wall,718,508,758.4,0,,,
astar-jps,with_roads,climbing_wall,32,30,26.1,0,,,
astar-jps,with_roads,climbing_wall,103,261,70.7,0,,,
astar-jps,with_roads,climbing_wall,280,613,672.4,0,,,
astar-jps,with_roads,climbing_wall,732,27,344.5,0,,,
astar-jps,with_roads,climbing_wall,678,239,75.5,0,,,
astar-jps,with_roads,climbing_wall,877,793,44.0,0,,,
astar-jps,with_roads,climbing_wall,858,658,54.0,0,,,
astar-jps,with_roads,climbing_wall,505,263,90.1,0,,,
astar-jps,with_roads,climbing_wall,539,716,65.7,0,,,
astar-jps,with_roads,climbing_wall,334,986,836.4,0,,,
astar-jps,with_roads,climbing_wall,6,931,848.3,0,,,
astar-jps,with_roads,climbing_wall,983,188,147.6,0,,,
astar-jps-dial,with_roads,climbing_wall,780,127,316.3,0,,,
astar-jps-dial,with_roads,climbing_wall,25,911,585.3,0,,,
astar-jps-dial,with_roads,climbing_wall,331,294,89.1,0,,,
astar-jps-dial,with_roads,climbing_wall,267,164,98.6,0,,,
astar-jps-dial,with_roads,climbing_wall,904,114,608.3,0,,,
astar-jps-dial,with_roads,climbing_wall,827,908,81.9,0,,,
astar-jps-dial,with_roads,climbing_wall,658,97,232.4,0,,,
astar-jps-dial,with_roads,climbing_wall,718,508,658.2,0,,,
astar-jps-dial,with_roads,climbing_wall,32,30,72.3,0,,,
astar-jps-dial,with_roads,climbing_wall,103,261,93.0,0,,,
astar-jps-dial,with_roads,climbing_wall,280,613,568.5,0,,,
astar-jps-dial,with_roads,climbing_wall,732,27,390.8,0,,,
astar-jps-dial,with_roads,climbing_wall,678,239,102.2,0,,,
astar-jps-dial,with_roads,climbing_wall,877,793,72.0,0,,,
astar-jps-dial,with_roads,climbing_wall,858,658,92.4,0,,,
astar-jps-dial,with_roads,climbing_wall,505,263,142.9,0,,,
astar-jps-dial,with_roads,climbing_wall,539,716,93.7,0,,,
astar-jps-dial,with_roads,climbing_wall,334,986,606.4,0,,,
astar-jps-dial,with_roads,climbing_wall,6,931,567.3,0,,,
astar-jps-dial,with_roads,climbing_wall,983,188,235.6,0,,,
astar-dial-cheb,no_roads,coffee,1738,285,759.4,0,,,
astar-dial-cheb,no_roads,coffee,70,2048,1349.7,0,,,
astar-dial-cheb,no_roads,coffee,746,659,986.1,0,,,
astar-dial-cheb,no_roads,coffee,587,353,764.2,0,,,
astar-dial-cheb,no_roads,coffee,2035,263,1348.5,0,,,
astar-dial-cheb,no_roads,coffee,1845,2046,131.5,0,,,
astar-dial-cheb,no_roads,coffee,2422,1497,602.0,0,,,
astar-dial-cheb,no_roads,coffee,223,1611,633.3,0,,,
astar-dial-cheb,no_roads,coffee,1128,88,1608.5,0,,,
astar-dial-cheb,no_roads,coffee,82,243,156.2,0,,,
astar-dial-cheb,no_roads,coffee,574,615,158.6,0,,,
astar-dial-cheb,no_roads,coffee,1392,1640,57.9,0,,,
astar-dial-cheb,no_roads,coffee,73,1540,569.8,0,,,
astar-dial-cheb,no_roads,coffee,506,1979,847.4,0,,,
astar-dial-cheb,no_roads,coffee,1766,1925,126.7,0,,,
astar-dial-cheb,no_roads,coffee,1497,1120,826.9,0,,,
astar-dial-cheb,no_roads,coffee,578,1209,405.8,0,,,
astar-dial-cheb,no_roads,coffee,1607,755,237.4,0,,,
astar-dial-cheb,no_roads,coffee,2216,2367,34.5,0,,,
astar-dial-cheb,no_roads,coffee,15,2092,1514.5,0,,,
astar-jps,no_roads,coffee,1738,285,274.4,0,,,
astar-jps,no_roads,coffee,70,2048,977.3,0,,,
astar-jps,no_roads,coffee,746,659,498.6,0,,,
astar-jps,no_roads,coffee,587,353,247.1,0,,,
astar-jps,no_roads,coffee,2035,263,623.6,0,,,
astar-jps,no_roads,coffee,1845,2046,99.5,0,,,
astar-jps,no_roads,coffee,2422,1497,182.3,0,,,
astar-jps,no_roads,coffee,223,1611,335.7,0,,,
astar-jps,no_roads,coffee,1128,88,2580.1,0,,,
astar-jps,no_roads,coffee,82,243,124.2,0,,,
astar-jps,no_roads,coffee,574,615,106.3,0,,,
astar-jps,no_roads,coffee,1392,1640,61.0,0,,,
astar-jps,no_roads,coffee,73,1540,402.3,0,,,
astar-jps,no_roads,coffee,506,1979,626.1,0,,,
astar-jps,no_roads,coffee,1766,1925,99.9,0,,,
astar-jps,no_roads,coffee,1497,1120,834.5,0,,,
astar-jps,no_roads,coffee,578,1209,165.0,0,,,
astar-jps,no_roads,coffee,1607,755,125.5,0,,,
astar-jps,no_roads,coffee,2216,2367,45.0,0,,,
astar-jps,no_roads,coffee,15,2092,1114.5,0,,,
astar-jps-dial,no_roads,coffee,1738,285,397.6,0,,,
astar-jps-dial,no_roads,coffee,70,2048,982.7,0,,,
astar-jps-dial,no_roads,coffee,746,659,627.2,0,,,
astar-jps-dial,no_roads,coffee,587,353,513.3,0,,,
astar-jps-dial,no_roads,coffee,2035,263,737.9,0,,,
astar-jps-dial,no_roads,coffee,1845,2046,139.3,0,,,
astar-jps-dial,no_roads,coffee,2422,1497,339.0,0,,,
astar-jps-dial,no_roads,coffee,223,1611,386.0,0,,,
astar-jps-dial,no_roads,coffee,1128,88,2652.5,0,,,
astar-jps-dial,no_roads,coffee,82,243,154.8,0,,,
astar-jps-dial,no_roads,coffee,574,615,172.0,0,,,
astar-jps-dial,no_roads,coffee,1392,1640,93.0,0,,,
astar-jps-dial,no_roads,coffee,73,1540,420.4,0,,,
astar-jps-dial,no_roads,coffee,506,1979,649.0,0,,,
astar-jps-dial,no_roads,coffee,1766,1925,151.4,0,,,
astar-jps-dial,no_roads,coffee,1497,1120,827.6,0,,,
astar-jps-dial,no_roads,coffee,578,1209,181.4,0,,,
astar-jps-dial,no_roads,coffee,1607,755,188.8,0,,,
astar-jps-dial,no_roads,coffee,2216,2367,70.9,0,,,
astar-jps-dial,no_roads,coffee,15,2092,1098.6,0,,,
astar-dial-cheb,with_roads,coffee,1738,285,740.7,0,,,
astar-dial-cheb,with_roads,coffee,70,2048,1578.1,0,,,
astar-dial-cheb,with_roads,coffee,746,659,981.2,0,,,
astar-dial-cheb,with_roads,coffee,587,353,618.9,0,,,
astar-dial-cheb,with_roads,coffee,2035,263,1390.1,0,,,
astar-dial-cheb,with_roads,coffee,1845,2046,132.9,0,,,
astar-dial-cheb,with_roads,coffee,2422,1497,599.8,0,,,
astar-dial-cheb,with_roads,coffee,223,1611,529.8,0,,,
astar-dial-cheb,with_roads,coffee,1128,88,1639.6,0,,,
astar-dial-cheb,with_roads,coffee,82,243,160.7,0,,,
astar-dial-cheb,with_roads,coffee,574,615,159.8,0,,,
astar-dial-cheb,with_roads,coffee,1392,1640,59.2,0,,,
astar-dial-cheb,with_roads,coffee,73,1540,620.7,0,,,
astar-dial-cheb,with_roads,coffee,506,1979,830.8,0,,,
astar-dial-cheb,with_roads,coffee,1766,1925,148.0,0,,,
astar-dial-cheb,with_roads,coffee,1497,1120,1047.1,0,,,
astar-dial-cheb,with_roads,coffee,578,1209,407.9,0,,,
astar-dial-cheb,with_roads,coffee,1607,755,92.8,0,,,
astar-dial-cheb,with_roads,coffee,2216,2367,35.2,0,,,
astar-dial-cheb,with_roads,coffee,15,2092,1307.7,0,,,
astar-jps,with_roads,coffee,1738,285,272.8,0,,,
astar-jps,with_roads,coffee,70,2048,994.7,0,,,
astar-jps,with_roads,coffee,746,659,526.3,0,,,
astar-jps,with_roads,coffee,587,353,257.2,0,,,
astar-jps,with_roads,coffee,2035,263,633.9,0,,,
astar-jps,with_roads,coffee,1845,2046,102.9,0,,,
astar-jps,with_roads,coffee,2422,1497,194.2,0,,,
astar-jps,with_roads,coffee,223,1611,347.0,0,,,
astar-jps,with_roads,coffee,1128,88,2696.3,0,,,
astar-jps,with_roads,coffee,82,243,118.6,0,,,
astar-jps,with_roads,coffee,574,615,110.1,0,,,
astar-jps,with_roads,coffee,1392,1640,63.7,0,,,
astar-jps,with_roads,coffee,73,1540,406.7,0,,,
astar-jps,with_roads,coffee,506,1979,627.5,0,,,
astar-jps,with_roads,coffee,1766,1925,96.7,0,,,
astar-jps,with_roads,coffee,1497,1120,803.0,0,,,
astar-jps,with_roads,coffee,578,1209,170.2,0,,,
astar-jps,with_roads,coffee,1607,755,124.4,0,,,
astar-jps,with_roads,coffee,2216,2367,43.9,0,,,
astar-jps,with_roads,coffee,15,2092,1114.1,0,,,
astar-jps-dial,with_roads,coffee,1738,285,404.0,0,,,
astar-jps-dial,with_roads,coffee,70,2048,1005.6,0,,,
astar-jps-dial,with_roads,coffee,746,659,662.0,0,,,
astar-jps-dial,with_roads,coffee,587,353,522.0,0,,,
astar-jps-dial,with_roads,coffee,2035,263,764.5,0,,,
astar-jps-dial,with_roads,coffee,1845,2046,141.7,0,,,
astar-jps-dial,with_roads,coffee,2422,1497,355.4,0,,,
astar-jps-dial,with_roads,coffee,223,1611,405.0,0,,,
astar-jps-dial,with_roads,coffee,1128,88,2800.3,0,,,
astar-jps-dial,with_roads,coffee,82,243,160.7,0,,,
astar-jps-dial,with_roads,coffee,574,615,177.9,0,,,
astar-jps-dial,with_roads,coffee,1392,1640,89.7,0,,,
astar-jps-dial,with_roads,coffee,73,1540,436.3,0,,,
astar-jps-dial,with_roads,coffee,506,1979,663.1,0,,,
astar-jps-dial,with_roads,coffee,1766,1925,153.8,0,,,
astar-jps-dial,with_roads,coffee,1497,1120,831.8,0,,,
astar-jps-dial,with_roads,coffee,578,1209,186.4,0,,,
astar-jps-dial,with_roads,coffee,1607,755,200.0,0,,,
astar-jps-dial,with_roads,coffee,2216,2367,70.7,0,,,
astar-jps-dial,with_roads,coffee,15,2092,1154.7,0,,,
astar-dial-cheb,no_roads,cold,259,51,215.1,0,,,
astar-dial-cheb,no_roads,cold,637,566,33.7,0,,,
astar-dial-cheb,no_roads,cold,513,319,139.5,0,,,
astar-dial-cheb,no_roads,cold,238,1347,900.0,0,,,
astar-dial-cheb,no_roads,cold,201,1054,912.4,0,,,
astar-dial-cheb,no_roads,cold,65,61,36.3,0,,,
astar-dial-cheb,no_roads,cold,218,501,210.3,0,,,
astar-dial-cheb,no_roads,cold,536,1260,571.9,0,,,
astar-dial-cheb,no_roads,cold,54,455,171.4,0,,,
astar-dial-cheb,no_roads,cold,1347,1049,79.8,0,,,
astar-dial-cheb,no_roads,cold,506,1124,811.5,0,,,
astar-dial-cheb,no_roads,cold,646,13,393.1,0,,,
astar-dial-cheb,no_roads,cold,362,1055,627.3,0,,,
astar-dial-cheb,no_roads,cold,784,646,136.9,0,,,
astar-dial-cheb,no_roads,cold,354,493,134.0,0,,,
astar-dial-cheb,no_roads,cold,776,238,322.2,0,,,
astar-dial-cheb,no_roads,cold,216,923,357.2,0,,,
astar-dial-cheb,no_roads,cold,225,844,532.4,0,,,
astar-dial-cheb,no_roads,cold,792,612,43.0,0,,,
astar-dial-cheb,no_roads,cold,88,1148,664.0,0,,,
astar-jps,no_roads,cold,259,51,104.5,0,,,
astar-jps,no_roads,cold,637,566,63.9,0,,,
astar-jps,no_roads,cold,513,319,99.4,0,,,
astar-jps,no_roads,cold,238,1347,649.6,0,,,
astar-jps,no_roads,cold,201,1054,977.1,0,,,
astar-jps,no_roads,cold,65,61,34.8,0,,,
astar-jps,no_roads,cold,218,501,245.7,0,,,
astar-jps,no_roads,cold,536,1260,235.7,0,,,
astar-jps,no_roads,cold,54,455,119.8,0,,,
astar-jps,no_roads,cold,1347,1049,55.3,0,,,
astar-jps,no_roads,cold,506,1124,791.1,0,,,
astar-jps,no_roads,cold,646,13,62.9,0,,,
astar-jps,no_roads,cold,362,1055,710.6,0,,,
astar-jps,no_roads,cold,784,646,96.4,0,,,
astar-jps,no_roads,cold,354,493,105.1,0,,,
astar-jps,no_roads,cold,776,238,213.4,0,,,
astar-jps,no_roads,cold,216,923,261.7,0,,,
astar-jps,no_roads,cold,225,844,627.5,0,,,
astar-jps,no_roads,cold,792,612,80.4,0,,,
astar-jps,no_roads,cold,88,1148,420.1,0,,,
astar-jps-dial,no_roads,cold,259,51,222.1,0,,,
astar-jps-dial,no_roads,cold,637,566,82.1,0,,,
astar-jps-dial,no_roads,cold,513,319,116.0,0,,,
astar-jps-dial,no_roads,cold,238,1347,597.6,0,,,
astar-jps-dial,no_roads,cold,201,1054,937.4,0,,,
astar-jps-dial,no_roads,cold,65,61,64.3,0,,,
astar-jps-dial,no_roads,cold,218,501,271.5,0,,,
astar-jps-dial,no_roads,cold,536,1260,244.3,0,,,
astar-jps-dial,no_roads,cold,54,455,141.3,0,,,
astar-jps-dial,no_roads,cold,1347,1049,107.8,0,,,
astar-jps-dial,no_roads,cold,506,1124,793.7,0,,,
astar-jps-dial,no_roads,cold,646,13,125.2,0,,,
astar-jps-dial,no_roads,cold,362,1055,702.0,0,,,
astar-jps-dial,no_roads,cold,784,646,108.3,0,,,
astar-jps-dial,no_roads,cold,354,493,127.0,0,,,
astar-jps-dial,no_roads,cold,776,238,248.7,0,,,
astar-jps-dial,no_roads,cold,216,923,322.8,0,,,
astar-jps-dial,no_roads,cold,225,844,635.0,0,,,
astar-jps-dial,no_roads,cold,792,612,98.9,0,,,
astar-jps-dial,no_roads,cold,88,1148,453.9,0,,,
astar-dial-cheb,with_roads,cold,259,51,223.7,0,,,
astar-dial-cheb,with_roads,cold,637,566,35.7,0,,,
astar-dial-cheb,with_roads,cold,513,319,132.4,0,,,
astar-dial-cheb,with_roads,cold,238,1347,793.9,0,,,
astar-dial-cheb,with_roads,cold,201,1054,585.0,0,,,
astar-dial-cheb,with_roads,cold,65,61,36.5,0,,,
astar-dial-cheb,with_roads,cold,218,501,206.3,0,,,
astar-dial-cheb,with_roads,cold,536,1260,1326.2,0,,,
astar-dial-cheb,with_roads,cold,54,455,235.6,0,,,
astar-dial-cheb,with_roads,cold,1347,1049,113.3,0,,,
astar-dial-cheb,with_roads,cold,506,1124,1136.6,0,,,
astar-dial-cheb,with_roads,cold,646,13,469.5,0,,,
astar-dial-cheb,with_roads,cold,362,1055,670.7,0,,,
astar-dial-cheb,with_roads,cold,784,646,151.6,0,,,
astar-dial-cheb,with_roads,cold,354,493,106.3,0,,,
astar-dial-cheb,with_roads,cold,776,238,230.5,0,,,
astar-dial-cheb,with_roads,cold,216,923,421.5,0,,,
astar-dial-cheb,with_roads,cold,225,844,130.7,0,,,
astar-dial-cheb,with_roads,cold,792,612,43.4,0,,,
astar-dial-cheb,with_roads,cold,88,1148,840.3,0,,,
astar-jps,with_roads,cold,259,51,120.5,0,,,
astar-jps,with_roads,cold,637,566,58.1,0,,,
astar-jps,with_roads,cold,513,319,97.3,0,,,
astar-jps,with_roads,cold,238,1347,617.8,0,,,
astar-jps,with_roads,cold,201,1054,977.9,0,,,
astar-jps,with_roads,cold,65,61,34.8,0,,,
astar-jps,with_roads,cold,218,501,241.7,0,,,
astar-jps,with_roads,cold,536,1260,216.3,0,,,
astar-jps,with_roads,cold,54,455,118.7,0,,,
astar-jps,with_roads,cold,1347,1049,55.3,0,,,
astar-jps,with_roads,cold,506,1124,761.0,0,,,
astar-jps,with_roads,cold,646,13,62.6,0,,,
astar-jps,with_roads,cold,362,1055,687.1,0,,,
astar-jps,with_roads,cold,784,646,95.0,0,,,
astar-jps,with_roads,cold,354,493,103.4,0,,,
astar-jps,with_roads,cold,776,238,208.0,0,,,
astar-jps,with_roads,cold,216,923,251.3,0,,,
astar-jps,with_roads,cold,225,844,612.6,0,,,
astar-jps,with_roads,cold,792,612,78.0,0,,,
astar-jps,with_roads,cold,88,1148,404.0,0,,,
astar-jps-dial,with_roads,cold,259,51,233.6,0,,,
astar-jps-dial,with_roads,cold,637,566,76.2,0,,,
astar-jps-dial,with_roads,cold,513,319,113.6,0,,,
astar-jps-dial,with_roads,cold,238,1347,580.9,0,,,
astar-jps-dial,with_roads,cold,201,1054,907.9,0,,,
astar-jps-dial,with_roads,cold,65,61,62.3,0,,,
astar-jps-dial,with_roads,cold,218,501,263.7,0,,,
astar-jps-dial,with_roads,cold,536,1260,232.4,0,,,
astar-jps-dial,with_roads,cold,54,455,135.3,0,,,
astar-jps-dial,with_roads,cold,1347,1049,104.7,0,,,
astar-jps-dial,with_roads,cold,506,1124,770.4,0,,,
astar-jps-dial,with_roads,cold,646,13,123.3,0,,,
astar-jps-dial,with_roads,cold,362,1055,680.1,0,,,
astar-jps-dial,with_roads,cold,784,646,105.1,0,,,
astar-jps-dial,with_roads,cold,354,493,122.2,0,,,
astar-jps-dial,with_roads,cold,776,238,240.1,0,,,
astar-jps-dial,with_roads,cold,216,923,307.1,0,,,
astar-jps-dial,with_roads,cold,225,844,621.8,0,,,
astar-jps-dial,with_roads,cold,792,612,97.1,0,,,
astar-jps-dial,with_roads,cold,88,1148,448.6,0,,,
astar-dial-cheb,no_roads,corridors,867,121,234.1,0,,,
astar-dial-cheb,no_roads,corridors,25,349,276.8,0,,,
astar-dial-cheb,no_roads,corridors,307,278,18.6,0,,,
astar-dial-cheb,no_roads,corridors,156,107,118.3,0,,,
astar-dial-cheb,no_roads,corridors,905,743,347.8,0,,,
astar-dial-cheb,no_roads,corridors,89,803,252.7,0,,,
astar-dial-cheb,no_roads,corridors,559,32,77.6,0,,,
astar-dial-cheb,no_roads,corridors,30,95,263.0,0,,,
astar-dial-cheb,no_roads,corridors,272,291,211.7,0,,,
astar-dial-cheb,no_roads,corridors,680,818,170.9,0,,,
astar-dial-cheb,no_roads,corridors,27,764,298.0,0,,,
astar-dial-cheb,no_roads,corridors,245,946,334.9,0,,,
astar-dial-cheb,no_roads,corridors,878,931,82.4,0,,,
astar-dial-cheb,no_roads,corridors,743,556,33.4,0,,,
astar-dial-cheb,no_roads,corridors,274,597,510.1,0,,,
astar-dial-cheb,no_roads,corridors,801,355,369.9,0,,,
astar-dial-cheb,no_roads,corridors,6,184,286.2,0,,,
astar-dial-cheb,no_roads,corridors,927,559,432.8,0,,,
astar-dial-cheb,no_roads,corridors,443,355,199.3,0,,,
astar-dial-cheb,no_roads,corridors,179,268,84.9,0,,,
astar-jps,no_roads,corridors,867,121,88.2,0,,,
astar-jps,no_roads,corridors,25,349,202.0,0,,,
astar-jps,no_roads,corridors,307,278,28.6,0,,,
astar-jps,no_roads,corridors,156,107,87.5,0,,,
astar-jps,no_roads,corridors,905,743,178.0,0,,,
astar-jps,no_roads,corridors,89,803,192.7,0,,,
astar-jps,no_roads,corridors,559,32,50.1,0,,,
astar-jps,no_roads,corridors,30,95,73.4,0,,,
astar-jps,no_roads,corridors,272,291,189.7,0,,,
astar-jps,no_roads,corridors,680,818,159.4,0,,,
astar-jps,no_roads,corridors,27,764,252.0,0,,,
astar-jps,no_roads,corridors,245,946,164.0,0,,,
astar-jps,no_roads,corridors,878,931,68.9,0,,,
astar-jps,no_roads,corridors,743,556,31.4,0,,,
astar-jps,no_roads,corridors,274,597,409.7,0,,,
astar-jps,no_roads,corridors,801,355,341.8,0,,,
astar-jps,no_roads,corridors,6,184,122.2,0,,,
astar-jps,no_roads,corridors,927,559,371.9,0,,,
astar-jps,no_roads,corridors,443,355,165.2,0,,,
astar-jps,no_roads,corridors,179,268,73.7,0,,,
astar-jps-dial,no_roads,corridors,867,121,146.1,0,,,
astar-jps-dial,no_roads,corridors,25,349,230.2,0,,,
astar-jps-dial,no_roads,corridors,307,278,46.5,0,,,
astar-jps-dial,no_roads,corridors,156,107,107.9,0,,,
astar-jps-dial,no_roads,corridors,905,743,197.8,0,,,
astar-jps-dial,no_roads,corridors,89,803,201.7,0,,,
astar-jps-dial,no_roads,corridors,559,32,98.2,0,,,
astar-jps-dial,no_roads,corridors,30,95,144.6,0,,,
astar-jps-dial,no_roads,corridors,272,291,201.1,0,,,
astar-jps-dial,no_roads,corridors,680,818,177.1,0,,,
astar-jps-dial,no_roads,corridors,27,764,273.4,0,,,
astar-jps-dial,no_roads,corridors,245,946,182.2,0,,,
astar-jps-dial,no_roads,corridors,878,931,76.0,0,,,
astar-jps-dial,no_roads,corridors,743,556,58.4,0,,,
astar-jps-dial,no_roads,corridors,274,597,489.3,0,,,
astar-jps-dial,no_roads,corridors,801,355,371.1,0,,,
astar-jps-dial,no_roads,corridors,6,184,147.2,0,,,
astar-jps-dial,no_roads,corridors,927,559,388.5,0,,,
astar-jps-dial,no_roads,corridors,443,355,200.7,0,,,
astar-jps-dial,no_roads,corridors,179,268,94.9,0,,,
astar-dial-cheb,with_roads,corridors,867,121,244.8,0,,,
astar-dial-cheb,with_roads,corridors,25,349,296.8,0,,,
astar-dial-cheb,with_roads,corridors,307,278,19.1,0,,,
astar-dial-cheb,with_roads,corridors,156,107,81.2,0,,,
astar-dial-cheb,with_roads,corridors,905,743,329.9,0,,,
astar-dial-cheb,with_roads,corridors,89,803,370.2,0,,,
astar-dial-cheb,with_roads,corridors,559,32,78.5,0,,,
astar-dial-cheb,with_roads,corridors,30,95,145.4,0,,,
astar-dial-cheb,with_roads,corridors,272,291,249.3,0,,,
astar-dial-cheb,with_roads,corridors,680,818,175.5,0,,,
astar-dial-cheb,with_roads,corridors,27,764,226.1,0,,,
astar-dial-cheb,with_roads,corridors,245,946,430.2,0,,,
astar-dial-cheb,with_roads,corridors,878,931,82.2,0,,,
astar-dial-cheb,with_roads,corridors,743,556,33.3,0,,,
astar-dial-cheb,with_roads,corridors,274,597,502.9,0,,,
astar-dial-cheb,with_roads,corridors,801,355,465.1,0,,,
astar-dial-cheb,with_roads,corridors,6,184,238.4,0,,,
astar-dial-cheb,with_roads,corridors,927,559,564.5,0,,,
astar-dial-cheb,with_roads,corridors,443,355,255.9,0,,,
astar-dial-cheb,with_roads,corridors,179,268,51.0,0,,,
astar-jps,with_roads,corridors,867,121,73.4,0,,,
astar-jps,with_roads,corridors,25,349,202.6,0,,,
astar-jps,with_roads,corridors,307,278,27.3,0,,,
astar-jps,with_roads,corridors,156,107,82.4,0,,,
astar-jps,with_roads,corridors,905,743,174.0,0,,,
astar-jps,with_roads,corridors,89,803,190.5,0,,,
astar-jps,with_roads,corridors,559,32,47.6,0,,,
astar-jps,with_roads,corridors,30,95,72.6,0,,,
astar-jps,with_roads,corridors,272,291,189.2,0,,,
astar-jps,with_roads,corridors,680,818,160.4,0,,,
astar-jps,with_roads,corridors,27,764,244.0,0,,,
astar-jps,with_roads,corridors,245,946,163.8,0,,,
astar-jps,with_roads,corridors,878,931,69.3,0,,,
astar-jps,with_roads,corridors,743,556,30.0,0,,,
astar-jps,with_roads,corridors,274,597,406.0,0,,,
astar-jps,with_roads,corridors,801,355,337.0,0,,,
astar-jps,with_roads,corridors,6,184,121.8,0,,,
astar-jps,with_roads,corridors,927,559,359.4,0,,,
astar-jps,with_roads,corridors,443,355,164.4,0,,,
astar-jps,with_roads,corridors,179,268,72.8,0,,,
astar-jps-dial,with_roads,corridors,867,121,134.7,0,,,
astar-jps-dial,with_roads,corridors,25,349,223.0,0,,,
astar-jps-dial,with_roads,corridors,307,278,45.8,0,,,
astar-jps-dial,with_roads,corridors,156,107,106.6,0,,,
astar-jps-dial,with_roads,corridors,905,743,187.7,0,,,
astar-jps-dial,with_roads,corridors,89,803,201.6,0,,,
astar-jps-dial,with_roads,corridors,559,32,94.5,0,,,
astar-jps-dial,with_roads,corridors,30,95,140.3,0,,,
astar-jps-dial,with_roads,corridors,272,291,199.3,0,,,
astar-jps-dial,with_roads,corridors,680,818,172.2,0,,,
astar-jps-dial,with_roads,corridors,27,764,267.2,0,,,
astar-jps-dial,with_roads,corridors,245,946,180.8,0,,,
astar-jps-dial,with_roads,corridors,878,931,71.5,0,,,
astar-jps-dial,with_roads,corridors,743,556,56.1,0,,,
astar-jps-dial,with_roads,corridors,274,597,483.8,0,,,
astar-jps-dial,with_roads,corridors,801,355,374.2,0,,,
astar-jps-dial,with_roads,corridors,6,184,138.0,0,,,
astar-jps-dial,with_roads,corridors,927,559,382.7,0,,,
astar-jps-dial,with_roads,corridors,443,355,190.1,0,,,
astar-jps-dial,with_roads,corridors,179,268,95.5,0,,,
astar-dial-cheb,no_roads,craters,1136,308,1068.9,0,,,
astar-dial-cheb,no_roads,craters,120,1330,1177.8,0,,,
astar-dial-cheb,no_roads,craters,555,505,14.4,0,,,
astar-dial-cheb,no_roads,craters,471,345,430.1,0,,,
astar-dial-cheb,no_roads,craters,1319,289,628.6,0,,,
astar-dial-cheb,no_roads,craters,1202,1329,339.7,0,,,
astar-dial-cheb,no_roads,craters,997,269,344.7,0,,,
astar-dial-cheb,no_roads,craters,1061,794,567.0,0,,,
astar-dial-cheb,no_roads,craters,144,136,82.6,0,,,
astar-dial-cheb,no_roads,craters,278,466,98.1,0,,,
astar-dial-cheb,no_roads,craters,485,932,115.8,0,,,
astar-dial-cheb,no_roads,craters,1084,127,266.7,0,,,
astar-dial-cheb,no_roads,craters,1019,437,433.0,0,,,
astar-dial-cheb,no_roads,craters,1275,1157,121.9,0,,,
astar-dial-cheb,no_roads,craters,1242,997,51.1,0,,,
astar-dial-cheb,no_roads,craters,788,468,340.4,0,,,
astar-dial-cheb,no_roads,craters,835,1058,560.7,0,,,
astar-dial-cheb,no_roads,craters,559,67,133.2,0,,,
astar-dial-cheb,no_roads,craters,1368,382,480.6,0,,,
astar-dial-cheb,no_roads,craters,1237,794,101.4,0,,,
astar-jps,no_roads,craters,1136,308,458.9,0,,,
astar-jps,no_roads,craters,120,1330,677.7,0,,,
astar-jps,no_roads,craters,555,505,23.5,0,,,
astar-jps,no_roads,craters,471,345,181.2,0,,,
astar-jps,no_roads,craters,1319,289,407.1,0,,,
astar-jps,no_roads,craters,1202,1329,366.9,0,,,
astar-jps,no_roads,craters,997,269,318.0,0,,,
astar-jps,no_roads,craters,1061,794,281.1,0,,,
astar-jps,no_roads,craters,144,136,82.6,0,,,
astar-jps,no_roads,craters,278,466,72.7,0,,,
astar-jps,no_roads,craters,485,932,100.9,0,,,
astar-jps,no_roads,craters,1084,127,113.8,0,,,
astar-jps,no_roads,craters,1019,437,279.9,0,,,
astar-jps,no_roads,craters,1275,1157,95.0,0,,,
astar-jps,no_roads,craters,1242,997,42.4,0,,,
astar-jps,no_roads,craters,788,468,291.3,0,,,
astar-jps,no_roads,craters,835,1058,529.3,0,,,
astar-jps,no_roads,craters,559,67,87.7,0,,,
astar-jps,no_roads,craters,1368,382,331.0,0,,,
astar-jps,no_roads,craters,1237,794,67.2,0,,,
astar-jps-dial,no_roads,craters,1136,308,582.8,0,,,
astar-jps-dial,no_roads,craters,120,1330,648.6,0,,,
astar-jps-dial,no_roads,craters,555,505,54.2,0,,,
astar-jps-dial,no_roads,craters,471,345,239.6,0,,,
astar-jps-dial,no_roads,craters,1319,289,477.9,0,,,
astar-jps-dial,no_roads,craters,1202,1329,383.5,0,,,
astar-jps-dial,no_roads,craters,997,269,493.8,0,,,
astar-jps-dial,no_roads,craters,1061,794,321.7,0,,,
astar-jps-dial,no_roads,craters,144,136,115.4,0,,,
astar-jps-dial,no_roads,craters,278,466,98.4,0,,,
astar-jps-dial,no_roads,craters,485,932,120.0,0,,,
astar-jps-dial,no_roads,craters,1084,127,237.9,0,,,
astar-jps-dial,no_roads,craters,1019,437,397.3,0,,,
astar-jps-dial,no_roads,craters,1275,1157,134.2,0,,,
astar-jps-dial,no_roads,craters,1242,997,70.5,0,,,
astar-jps-dial,no_roads,craters,788,468,337.3,0,,,
astar-jps-dial,no_roads,craters,835,1058,576.3,0,,,
astar-jps-dial,no_roads,craters,559,67,139.7,0,,,
astar-jps-dial,no_roads,craters,1368,382,361.9,0,,,
astar-jps-dial,no_roads,craters,1237,794,99.6,0,,,
astar-dial-cheb,with_roads,craters,1136,308,328.5,0,,,
astar-dial-cheb,with_roads,craters,120,1330,607.0,0,,,
astar-dial-cheb,with_roads,craters,555,505,14.7,0,,,
astar-dial-cheb,with_roads,craters,471,345,221.3,0,,,
astar-dial-cheb,with_roads,craters,1319,289,388.6,0,,,
astar-dial-cheb,with_roads,craters,1202,1329,366.1,0,,,
astar-dial-cheb,with_roads,craters,997,269,180.1,0,,,
astar-dial-cheb,with_roads,craters,1061,794,621.8,0,,,
astar-dial-cheb,with_roads,craters,144,136,85.1,0,,,
astar-dial-cheb,with_roads,craters,278,466,77.9,0,,,
astar-dial-cheb,with_roads,craters,485,932,131.3,0,,,
astar-dial-cheb,with_roads,craters,1084,127,248.3,0,,,
astar-dial-cheb,with_roads,craters,1019,437,282.0,0,,,
astar-dial-cheb,with_roads,craters,1275,1157,124.9,0,,,
astar-dial-cheb,with_roads,craters,1242,997,51.9,0,,,
astar-dial-cheb,with_roads,craters,788,468,267.1,0,,,
astar-dial-cheb,with_roads,craters,835,1058,608.8,0,,,
astar-dial-cheb,with_roads,craters,559,67,105.3,0,,,
astar-dial-cheb,with_roads,craters,1368,382,376.8,0,,,
astar-dial-cheb,with_roads,craters,1237,794,98.9,0,,,
astar-jps,with_roads,craters,1136,308,458.3,0,,,
astar-jps,with_roads,craters,120,1330,680.4,0,,,
astar-jps,with_roads,craters,555,505,23.6,0,,,
astar-jps,with_roads,craters,471,345,180.5,0,,,
astar-jps,with_roads,craters,1319,289,403.0,0,,,
astar-jps,with_roads,craters,1202,1329,371.7,0,,,
astar-jps,with_roads,craters,997,269,320.3,0,,,
astar-jps,with_roads,craters,1061,794,288.2,0,,,
astar-jps,with_roads,craters,144,136,83.8,0,,,
astar-jps,with_roads,craters,278,466,73.5,0,,,
astar-jps,with_roads,craters,485,932,100.3,0,,,
astar-jps,with_roads,craters,1084,127,114.2,0,,,
astar-jps,with_roads,craters,1019,437,285.8,0,,,
astar-jps,with_roads,craters,1275,1157,94.3,0,,,
astar-jps,with_roads,craters,1242,997,42.9,0,,,
astar-jps,with_roads,craters,788,468,292.0,0,,,
astar-jps,with_roads,craters,835,1058,531.3,0,,,
astar-jps,with_roads,craters,559,67,87.9,0,,,
astar-jps,with_roads,craters,1368,382,333.4,0,,,
astar-jps,with_roads,craters,1237,794,67.1,0,,,
astar-jps-dial,with_roads,craters,1136,308,592.3,0,,,
astar-jps-dial,with_roads,craters,120,1330,643.6,0,,,
astar-jps-dial,with_roads,craters,555,505,55.3,0,,,
astar-jps-dial,with_roads,craters,471,345,245.1,0,,,
astar-jps-dial,with_roads,craters,1319,289,476.5,0,,,
astar-jps-dial,with_roads,craters,1202,1329,389.9,0,,,
astar-jps-dial,with_roads,craters,997,269,498.3,0,,,
astar-jps-dial,with_roads,craters,1061,794,324.6,0,,,
astar-jps-dial,with_roads,craters,144,136,116.2,0,,,
astar-jps-dial,with_roads,craters,278,466,99.3,0,,,
astar-jps-dial,with_roads,craters,485,932,120.7,0,,,
astar-jps-dial,with_roads,craters,1084,127,236.5,0,,,
astar-jps-dial,with_roads,craters,1019,437,395.1,0,,,
astar-jps-dial,with_roads,craters,1275,1157,135.3,0,,,
astar-jps-dial,with_roads,craters,1242,997,69.6,0,,,
astar-jps-dial,with_roads,craters,788,468,338.6,0,,,
astar-jps-dial,with_roads,craters,835,1058,570.3,0,,,
astar-jps-dial,with_roads,craters,559,67,140.5,0,,,
astar-jps-dial,with_roads,craters,1368,382,360.0,0,,,
astar-jps-dial,with_roads,craters,1237,794,97.1,0,,,
astar-dial-cheb,no_roads,cubes,1665,300,693.9,0,,,
astar-dial-cheb,no_roads,cubes,55,1925,557.4,0,,,
astar-dial-cheb,no_roads,cubes,735,665,1081.7,0,,,
astar-dial-cheb,no_roads,cubes,612,384,1297.3,0,,,
astar-dial-cheb,no_roads,cubes,1912,280,717.4,0,,,
astar-dial-cheb,no_roads,cubes,1770,1923,30.4,0,,,
astar-dial-cheb,no_roads,cubes,2357,1420,351.2,0,,,
astar-dial-cheb,no_roads,cubes,232,1540,340.1,0,,,
astar-dial-cheb,no_roads,cubes,1120,78,544.7,0,,,
astar-dial-cheb,no_roads,cubes,74,246,1073.7,0,,,
astar-dial-cheb,no_roads,cubes,601,635,1107.4,0,,,
astar-dial-cheb,no_roads,cubes,1321,1580,196.2,0,,,
astar-dial-cheb,no_roads,cubes,66,1457,360.7,0,,,
astar-dial-cheb,no_roads,cubes,544,1863,1181.0,0,,,
astar-dial-cheb,no_roads,cubes,1707,1827,542.6,0,,,
astar-dial-cheb,no_roads,cubes,1420,1115,55.0,0,,,
astar-dial-cheb,no_roads,cubes,605,1188,868.3,0,,,
astar-dial-cheb,no_roads,cubes,1537,741,323.9,0,,,
astar-dial-cheb,no_roads,cubes,2114,2292,1475.3,0,,,
astar-dial-cheb,no_roads,cubes,13,1988,1195.1,0,,,
astar-jps,no_roads,cubes,1665,300,425.4,0,,,
astar-jps,no_roads,cubes,55,1925,329.2,0,,,
astar-jps,no_roads,cubes,735,665,1006.1,0,,,
astar-jps,no_roads,cubes,612,384,1334.2,0,,,
astar-jps,no_roads,cubes,1912,280,307.7,0,,,
astar-jps,no_roads,cubes,1770,1923,39.2,0,,,
astar-jps,no_roads,cubes,2357,1420,315.0,0,,,
astar-jps,no_roads,cubes,232,1540,173.7,0,,,
astar-jps,no_roads,cubes,1120,78,194.9,0,,,
astar-jps,no_roads,cubes,74,246,513.2,0,,,
astar-jps,no_roads,cubes,601,635,1126.3,0,,,
astar-jps,no_roads,cubes,1321,1580,159.6,0,,,
astar-jps,no_roads,cubes,66,1457,189.8,0,,,
astar-jps,no_roads,cubes,544,1863,1086.4,0,,,
astar-jps,no_roads,cubes,1707,1827,321.0,0,,,
astar-jps,no_roads,cubes,1420,1115,71.1,0,,,
astar-jps,no_roads,cubes,605,1188,408.8,0,,,
astar-jps,no_roads,cubes,1537,741,108.8,0,,,
astar-jps,no_roads,cubes,2114,2292,1330.8,0,,,
astar-jps,no_roads,cubes,13,1988,1116.9,0,,,
astar-jps-dial,no_roads,cubes,1665,300,445.7,0,,,
astar-jps-dial,no_roads,cubes,55,1925,359.7,0,,,
astar-jps-dial,no_roads,cubes,735,665,1013.4,0,,,
astar-jps-dial,no_roads,cubes,612,384,1363.1,0,,,
astar-jps-dial,no_roads,cubes,1912,280,355.9,0,,,
astar-jps-dial,no_roads,cubes,1770,1923,68.6,0,,,
astar-jps-dial,no_roads,cubes,2357,1420,339.6,0,,,
astar-jps-dial,no_roads,cubes,232,1540,203.9,0,,,
astar-jps-dial,no_roads,cubes,1120,78,269.2,0,,,
astar-jps-dial,no_roads,cubes,74,246,642.0,0,,,
astar-jps-dial,no_roads,cubes,601,635,1154.7,0,,,
astar-jps-dial,no_roads,cubes,1321,1580,187.3,0,,,
astar-jps-dial,no_roads,cubes,66,1457,222.4,0,,,
astar-jps-dial,no_roads,cubes,544,1863,1088.9,0,,,
astar-jps-dial,no_roads,cubes,1707,1827,346.7,0,,,
astar-jps-dial,no_roads,cubes,1420,1115,96.7,0,,,
astar-jps-dial,no_roads,cubes,605,1188,542.1,0,,,
astar-jps-dial,no_roads,cubes,1537,741,259.3,0,,,
astar-jps-dial,no_roads,cubes,2114,2292,1348.8,0,,,
astar-jps-dial,no_roads,cubes,13,1988,1100.5,0,,,
astar-dial-cheb,with_roads,cubes,1665,300,343.0,0,,,
astar-dial-cheb,with_roads,cubes,55,1925,688.7,0,,,
astar-dial-cheb,with_roads,cubes,735,665,551.0,0,,,
astar-dial-cheb,with_roads,cubes,612,384,1239.9,0,,,
astar-dial-cheb,with_roads,cubes,1912,280,942.2,0,,,
astar-dial-cheb,with_roads,cubes,1770,1923,30.8,0,,,
astar-dial-cheb,with_roads,cubes,2357,1420,350.6,0,,,
astar-dial-cheb,with_roads,cubes,232,1540,296.7,0,,,
astar-dial-cheb,with_roads,cubes,1120,78,990.0,0,,,
astar-dial-cheb,with_roads,cubes,74,246,1364.5,0,,,
astar-dial-cheb,with_roads,cubes,601,635,889.0,0,,,
astar-dial-cheb,with_roads,cubes,1321,1580,223.0,0,,,
astar-dial-cheb,with_roads,cubes,66,1457,326.7,0,,,
astar-dial-cheb,with_roads,cubes,544,1863,1247.6,0,,,
astar-dial-cheb,with_roads,cubes,1707,1827,642.6,0,,,
astar-dial-cheb,with_roads,cubes,1420,1115,55.5,0,,,
astar-dial-cheb,with_roads,cubes,605,1188,320.9,0,,,
astar-dial-cheb,with_roads,cubes,1537,741,335.5,0,,,
astar-dial-cheb,with_roads,cubes,2114,2292,1158.5,0,,,
astar-dial-cheb,with_roads,cubes,13,1988,479.3,0,,,
astar-jps,with_roads,cubes,1665,300,405.9,0,,,
astar-jps,with_roads,cubes,55,1925,326.0,0,,,
astar-jps,with_roads,cubes,735,665,978.6,0,,,
astar-jps,with_roads,cubes,612,384,1305.9,0,,,
astar-jps,with_roads,cubes,1912,280,292.3,0,,,
astar-jps,with_roads,cubes,1770,1923,38.6,0,,,
astar-jps,with_roads,cubes,2357,1420,353.6,0,,,
astar-jps,with_roads,cubes,232,1540,252.1,0,,,
astar-jps,with_roads,cubes,1120,78,281.6,0,,,
astar-jps,with_roads,cubes,74,246,818.9,0,,,
astar-jps,with_roads,cubes,601,635,1480.3,0,,,
astar-jps,with_roads,cubes,1321,1580,166.6,0,,,
astar-jps,with_roads,cubes,66,1457,191.8,0,,,
astar-jps,with_roads,cubes,544,1863,1271.2,0,,,
astar-jps,with_roads,cubes,1707,1827,350.2,0,,,
astar-jps,with_roads,cubes,1420,1115,72.2,0,,,
astar-jps,with_roads,cubes,605,1188,398.4,0,,,
astar-jps,with_roads,cubes,1537,741,104.7,0,,,
astar-jps,with_roads,cubes,2114,2292,1288.2,0,,,
astar-jps,with_roads,cubes,13,1988,1040.3,0,,,
astar-jps-dial,with_roads,cubes,1665,300,422.5,0,,,
astar-jps-dial,with_roads,cubes,55,1925,343.3,0,,,
astar-jps-dial,with_roads,cubes,735,665,945.2,0,,,
astar-jps-dial,with_roads,cubes,612,384,1276.6,0,,,
astar-jps-dial,with_roads,cubes,1912,280,328.3,0,,,
astar-jps-dial,with_roads,cubes,1770,1923,66.8,0,,,
astar-jps-dial,with_roads,cubes,2357,1420,321.9,0,,,
astar-jps-dial,with_roads,cubes,232,1540,190.2,0,,,
astar-jps-dial,with_roads,cubes,1120,78,256.8,0,,,
astar-jps-dial,with_roads,cubes,74,246,598.1,0,,,
astar-jps-dial,with_roads,cubes,601,635,1052.8,0,,,
astar-jps-dial,with_roads,cubes,1321,1580,179.6,0,,,
astar-jps-dial,with_roads,cubes,66,1457,208.4,0,,,
astar-jps-dial,with_roads,cubes,544,1863,1021.9,0,,,
astar-jps-dial,with_roads,cubes,1707,1827,317.8,0,,,
astar-jps-dial,with_roads,cubes,1420,1115,91.5,0,,,
astar-jps-dial,with_roads,cubes,605,1188,522.7,0,,,
astar-jps-dial,with_roads,cubes,1537,741,240.3,0,,,
astar-jps-dial,with_roads,cubes,2114,2292,1251.6,0,,,
astar-jps-dial,with_roads,cubes,13,1988,1048.9,0,,,
astar-dial-cheb,no_roads,default_large1,1441,264,725.9,0,,,
astar-dial-cheb,no_roads,default_large1,53,627,229.8,0,,,
astar-dial-cheb,no_roads,default_large1,563,516,999.4,0,,,
astar-dial-cheb,no_roads,default_large1,326,242,44.8,0,,,
astar-dial-cheb,no_roads,default_large1,1539,1226,92.6,0,,,
astar-dial-cheb,no_roads,default_large1,207,1329,721.1,0,,,
astar-dial-cheb,no_roads,default_large1,956,67,633.3,0,,,
astar-dial-cheb,no_roads,default_large1,63,222,131.8,0,,,
astar-dial-cheb,no_roads,default_large1,506,536,179.3,0,,,
astar-dial-cheb,no_roads,default_large1,1136,1355,498.6,0,,,
astar-dial-cheb,no_roads,default_large1,56,1262,928.6,0,,,
astar-dial-cheb,no_roads,default_large1,461,1467,912.2,0,,,
astar-dial-cheb,no_roads,default_large1,1592,1226,197.7,0,,,
astar-dial-cheb,no_roads,default_large1,951,510,211.9,0,,,
astar-dial-cheb,no_roads,default_large1,1012,1326,110.6,0,,,
astar-dial-cheb,no_roads,default_large1,633,13,451.2,0,,,
astar-dial-cheb,no_roads,default_large1,372,1585,1072.2,0,,,
astar-dial-cheb,no_roads,default_large1,957,773,676.2,0,,,
astar-dial-cheb,no_roads,default_large1,633,362,967.6,0,,,
astar-dial-cheb,no_roads,default_large1,497,766,211.8,0,,,
astar-jps,no_roads,default_large1,1441,264,322.8,0,,,
astar-jps,no_roads,default_large1,53,627,174.4,0,,,
astar-jps,no_roads,default_large1,563,516,333.9,0,,,
astar-jps,no_roads,default_large1,326,242,49.8,0,,,
astar-jps,no_roads,default_large1,1539,1226,118.2,0,,,
astar-jps,no_roads,default_large1,207,1329,442.1,0,,,
astar-jps,no_roads,default_large1,956,67,321.0,0,,,
astar-jps,no_roads,default_large1,63,222,102.1,0,,,
astar-jps,no_roads,default_large1,506,536,120.4,0,,,
astar-jps,no_roads,default_large1,1136,1355,185.8,0,,,
astar-jps,no_roads,default_large1,56,1262,789.7,0,,,
astar-jps,no_roads,default_large1,461,1467,634.1,0,,,
astar-jps,no_roads,default_large1,1592,1226,188.1,0,,,
astar-jps,no_roads,default_large1,951,510,126.0,0,,,
astar-jps,no_roads,default_large1,1012,1326,89.4,0,,,
astar-jps,no_roads,default_large1,633,13,114.6,0,,,
astar-jps,no_roads,default_large1,372,1585,714.2,0,,,
astar-jps,no_roads,default_large1,957,773,191.4,0,,,
astar-jps,no_roads,default_large1,633,362,214.3,0,,,
astar-jps,no_roads,default_large1,497,766,111.0,0,,,
astar-jps-dial,no_roads,default_large1,1441,264,355.2,0,,,
astar-jps-dial,no_roads,default_large1,53,627,196.5,0,,,
astar-jps-dial,no_roads,default_large1,563,516,345.7,0,,,
astar-jps-dial,no_roads,default_large1,326,242,69.2,0,,,
astar-jps-dial,no_roads,default_large1,1539,1226,141.0,0,,,
astar-jps-dial,no_roads,default_large1,207,1329,450.2,0,,,
astar-jps-dial,no_roads,default_large1,956,67,343.2,0,,,
astar-jps-dial,no_roads,default_large1,63,222,127.9,0,,,
astar-jps-dial,no_roads,default_large1,506,536,208.7,0,,,
astar-jps-dial,no_roads,default_large1,1136,1355,206.5,0,,,
astar-jps-dial,no_roads,default_large1,56,1262,351.4,0,,,
astar-jps-dial,no_roads,default_large1,461,1467,574.9,0,,,
astar-jps-dial,no_roads,default_large1,1592,1226,289.6,0,,,
astar-jps-dial,no_roads,default_large1,951,510,163.0,0,,,
astar-jps-dial,no_roads,default_large1,1012,1326,112.3,0,,,
astar-jps-dial,no_roads,default_large1,633,13,186.7,0,,,
astar-jps-dial,no_roads,default_large1,372,1585,662.8,0,,,
astar-jps-dial,no_roads,default_large1,957,773,269.3,0,,,
astar-jps-dial,no_roads,default_large1,633,362,684.0,0,,,
astar-jps-dial,no_roads,default_large1,497,766,137.6,0,,,
astar-dial-cheb,with_roads,default_large1,1441,264,723.8,0,,,
astar-dial-cheb,with_roads,default_large1,53,627,360.5,0,,,
astar-dial-cheb,with_roads,default_large1,563,516,477.5,0,,,
astar-dial-cheb,with_roads,default_large1,326,242,46.7,0,,,
astar-dial-cheb,with_roads,default_large1,1539,1226,108.1,0,,,
astar-dial-cheb,with_roads,default_large1,207,1329,290.6,0,,,
astar-dial-cheb,with_roads,default_large1,956,67,432.2,0,,,
astar-dial-cheb,with_roads,default_large1,63,222,72.0,0,,,
astar-dial-cheb,with_roads,default_large1,506,536,181.0,0,,,
astar-dial-cheb,with_roads,default_large1,1136,1355,538.9,0,,,
astar-dial-cheb,with_roads,default_large1,56,1262,1184.2,0,,,
astar-dial-cheb,with_roads,default_large1,461,1467,1006.4,0,,,
astar-dial-cheb,with_roads,default_large1,1592,1226,197.4,0,,,
astar-dial-cheb,with_roads,default_large1,951,510,208.6,0,,,
astar-dial-cheb,with_roads,default_large1,1012,1326,81.8,0,,,
astar-dial-cheb,with_roads,default_large1,633,13,134.0,0,,,
astar-dial-cheb,with_roads,default_large1,372,1585,1260.0,0,,,
astar-dial-cheb,with_roads,default_large1,957,773,735.2,0,,,
astar-dial-cheb,with_roads,default_large1,633,362,556.8,0,,,
astar-dial-cheb,with_roads,default_large1,497,766,210.0,0,,,
astar-jps,with_roads,default_large1,1441,264,323.6,0,,,
astar-jps,with_roads,default_large1,53,627,173.5,0,,,
astar-jps,with_roads,default_large1,563,516,326.7,0,,,
astar-jps,with_roads,default_large1,326,242,48.5,0,,,
astar-jps,with_roads,default_large1,1539,1226,122.0,0,,,
astar-jps,with_roads,default_large1,207,1329,438.4,0,,,
astar-jps,with_roads,default_large1,956,67,318.6,0,,,
astar-jps,with_roads,default_large1,63,222,99.0,0,,,
astar-jps,with_roads,default_large1,506,536,123.8,0,,,
astar-jps,with_roads,default_large1,1136,1355,186.6,0,,,
astar-jps,with_roads,default_large1,56,1262,795.6,0,,,
astar-jps,with_roads,default_large1,461,1467,628.8,0,,,
astar-jps,with_roads,default_large1,1592,1226,191.0,0,,,
astar-jps,with_roads,default_large1,951,510,131.2,0,,,
astar-jps,with_roads,default_large1,1012,1326,90.4,0,,,
astar-jps,with_roads,default_large1,633,13,115.1,0,,,
astar-jps,with_roads,default_large1,372,1585,710.2,0,,,
astar-jps,with_roads,default_large1,957,773,198.7,0,,,
astar-jps,with_roads,default_large1,633,362,214.6,0,,,
astar-jps,with_roads,default_large1,497,766,111.5,0,,,
astar-jps-dial,with_roads,default_large1,1441,264,353.5,0,,,
astar-jps-dial,with_roads,default_large1,53,627,199.9,0,,,
astar-jps-dial,with_roads,default_large1,563,516,338.9,0,,,
astar-jps-dial,with_roads,default_large1,326,242,67.9,0,,,
astar-jps-dial,with_roads,default_large1,1539,1226,140.7,0,,,
astar-jps-dial,with_roads,default_large1,207,1329,459.7,0,,,
astar-jps-dial,with_roads,default_large1,956,67,339.0,0,,,
astar-jps-dial,with_roads,default_large1,63,222,126.2,0,,,
astar-jps-dial,with_roads,default_large1,506,536,211.1,0,,,
astar-jps-dial,with_roads,default_large1,1136,1355,209.0,0,,,
astar-jps-dial,with_roads,default_large1,56,1262,356.1,0,,,
astar-jps-dial,with_roads,default_large1,461,1467,571.7,0,,,
astar-jps-dial,with_roads,default_large1,1592,1226,286.4,0,,,
astar-jps-dial,with_roads,default_large1,951,510,156.9,0,,,
astar-jps-dial,with_roads,default_large1,1012,1326,112.1,0,,,
astar-jps-dial,with_roads,default_large1,633,13,184.9,0,,,
astar-jps-dial,with_roads,default_large1,372,1585,653.2,0,,,
astar-jps-dial,with_roads,default_large1,957,773,270.5,0,,,
astar-jps-dial,with_roads,default_large1,633,362,695.3,0,,,
astar-jps-dial,with_roads,default_large1,497,766,133.0,0,,,
astar-dial-cheb,no_roads,default_large2,238,51,916.3,0,,,
astar-dial-cheb,no_roads,default_large2,659,587,752.6,0,,,
astar-dial-cheb,no_roads,default_large2,541,303,881.8,0,,,
astar-dial-cheb,no_roads,default_large2,218,1306,428.8,0,,,
astar-dial-cheb,no_roads,default_large2,184,1443,594.8,0,,,
astar-dial-cheb,no_roads,default_large2,1008,65,446.6,0,,,
astar-dial-cheb,no_roads,default_large2,61,197,770.3,0,,,
astar-dial-cheb,no_roads,default_large2,529,562,272.2,0,,,
astar-dial-cheb,no_roads,default_large2,1212,1466,171.6,0,,,
astar-dial-cheb,no_roads,default_large2,54,1351,439.0,0,,,
astar-dial-cheb,no_roads,default_large2,483,1306,721.8,0,,,
astar-dial-cheb,no_roads,default_large2,1003,533,671.3,0,,,
astar-dial-cheb,no_roads,default_large2,1073,1440,225.8,0,,,
astar-dial-cheb,no_roads,default_large2,667,13,206.4,0,,,
astar-dial-cheb,no_roads,default_large2,365,1009,191.6,0,,,
astar-dial-cheb,no_roads,default_large2,815,667,31.0,0,,,
astar-dial-cheb,no_roads,default_large2,354,522,396.9,0,,,
astar-dial-cheb,no_roads,default_large2,805,218,388.2,0,,,
astar-dial-cheb,no_roads,default_large2,195,912,726.5,0,,,
astar-dial-cheb,no_roads,default_large2,204,863,339.6,0,,,
astar-jps,no_roads,default_large2,238,51,100.9,0,,,
astar-jps,no_roads,default_large2,659,587,228.7,0,,,
astar-jps,no_roads,default_large2,541,303,432.2,0,,,
astar-jps,no_roads,default_large2,218,1306,216.5,0,,,
astar-jps,no_roads,default_large2,184,1443,329.9,0,,,
astar-jps,no_roads,default_large2,1008,65,188.9,0,,,
astar-jps,no_roads,default_large2,61,197,215.5,0,,,
astar-jps,no_roads,default_large2,529,562,74.7,0,,,
astar-jps,no_roads,default_large2,1212,1466,141.9,0,,,
astar-jps,no_roads,default_large2,54,1351,201.4,0,,,
astar-jps,no_roads,default_large2,483,1306,302.3,0,,,
astar-jps,no_roads,default_large2,1003,533,172.3,0,,,
astar-jps,no_roads,default_large2,1073,1440,82.1,0,,,
astar-jps,no_roads,default_large2,667,13,72.0,0,,,
astar-jps,no_roads,default_large2,365,1009,89.3,0,,,
astar-jps,no_roads,default_large2,815,667,50.1,0,,,
astar-jps,no_roads,default_large2,354,522,218.6,0,,,
astar-jps,no_roads,default_large2,805,218,219.6,0,,,
astar-jps,no_roads,default_large2,195,912,440.1,0,,,
astar-jps,no_roads,default_large2,204,863,222.3,0,,,
astar-jps-dial,no_roads,default_large2,238,51,290.8,0,,,
astar-jps-dial,no_roads,default_large2,659,587,797.3,0,,,
astar-jps-dial,no_roads,default_large2,541,303,545.4,0,,,
astar-jps-dial,no_roads,default_large2,218,1306,231.2,0,,,
astar-jps-dial,no_roads,default_large2,184,1443,280.3,0,,,
astar-jps-dial,no_roads,default_large2,1008,65,250.3,0,,,
astar-jps-dial,no_roads,default_large2,61,197,306.2,0,,,
astar-jps-dial,no_roads,default_large2,529,562,114.6,0,,,
astar-jps-dial,no_roads,default_large2,1212,1466,168.1,0,,,
astar-jps-dial,no_roads,default_large2,54,1351,176.5,0,,,
astar-jps-dial,no_roads,default_large2,483,1306,321.9,0,,,
astar-jps-dial,no_roads,default_large2,1003,533,442.3,0,,,
astar-jps-dial,no_roads,default_large2,1073,1440,108.2,0,,,
astar-jps-dial,no_roads,default_large2,667,13,187.0,0,,,
astar-jps-dial,no_roads,default_large2,365,1009,119.2,0,,,
astar-jps-dial,no_roads,default_large2,815,667,77.3,0,,,
astar-jps-dial,no_roads,default_large2,354,522,250.4,0,,,
astar-jps-dial,no_roads,default_large2,805,218,290.1,0,,,
astar-jps-dial,no_roads,default_large2,195,912,488.3,0,,,
astar-jps-dial,no_roads,default_large2,204,863,259.5,0,,,
astar-dial-cheb,with_roads,default_large2,238,51,310.1,0,,,
astar-dial-cheb,with_roads,default_large2,659,587,580.8,0,,,
astar-dial-cheb,with_roads,default_large2,541,303,572.6,0,,,
astar-dial-cheb,with_roads,default_large2,218,1306,567.4,0,,,
astar-dial-cheb,with_roads,default_large2,184,1443,453.5,0,,,
astar-dial-cheb,with_roads,default_large2,1008,65,353.8,0,,,
astar-dial-cheb,with_roads,default_large2,61,197,915.4,0,,,
astar-dial-cheb,with_roads,default_large2,529,562,96.7,0,,,
astar-dial-cheb,with_roads,default_large2,1212,1466,170.9,0,,,
astar-dial-cheb,with_roads,default_large2,54,1351,560.5,0,,,
astar-dial-cheb,with_roads,default_large2,483,1306,757.8,0,,,
astar-dial-cheb,with_roads,default_large2,1003,533,442.2,0,,,
astar-dial-cheb,with_roads,default_large2,1073,1440,360.5,0,,,
astar-dial-cheb,with_roads,default_large2,667,13,107.5,0,,,
astar-dial-cheb,with_roads,default_large2,365,1009,220.2,0,,,
astar-dial-cheb,with_roads,default_large2,815,667,30.8,0,,,
astar-dial-cheb,with_roads,default_large2,354,522,178.6,0,,,
astar-dial-cheb,with_roads,default_large2,805,218,354.6,0,,,
astar-dial-cheb,with_roads,default_large2,195,912,635.9,0,,,
astar-dial-cheb,with_roads,default_large2,204,863,280.8,0,,,
astar-jps,with_roads,default_large2,238,51,101.3,0,,,
astar-jps,with_roads,default_large2,659,587,234.3,0,,,
astar-jps,with_roads,default_large2,541,303,415.9,0,,,
astar-jps,with_roads,default_large2,218,1306,213.7,0,,,
astar-jps,with_roads,default_large2,184,1443,336.1,0,,,
astar-jps,with_roads,default_large2,1008,65,187.2,0,,,
astar-jps,with_roads,default_large2,61,197,211.2,0,,,
astar-jps,with_roads,default_large2,529,562,75.7,0,,,
astar-jps,with_roads,default_large2,1212,1466,139.5,0,,,
astar-jps,with_roads,default_large2,54,1351,202.4,0,,,
astar-jps,with_roads,default_large2,483,1306,304.3,0,,,
astar-jps,with_roads,default_large2,1003,533,169.9,0,,,
astar-jps,with_roads,default_large2,1073,1440,81.0,0,,,
astar-jps,with_roads,default_large2,667,13,71.2,0,,,
astar-jps,with_roads,default_large2,365,1009,87.8,0,,,
astar-jps,with_roads,default_large2,815,667,48.4,0,,,
astar-jps,with_roads,default_large2,354,522,218.9,0,,,
astar-jps,with_roads,default_large2,805,218,220.0,0,,,
astar-jps,with_roads,default_large2,195,912,434.1,0,,,
astar-jps,with_roads,default_large2,204,863,226.9,0,,,
astar-jps-dial,with_roads,default_large2,238,51,299.5,0,,,
astar-jps-dial,with_roads,default_large2,659,587,504.4,0,,,
astar-jps-dial,with_roads,default_large2,541,303,469.1,0,,,
astar-jps-dial,with_roads,default_large2,218,1306,222.5,0,,,
astar-jps-dial,with_roads,default_large2,184,1443,280.4,0,,,
astar-jps-dial,with_roads,default_large2,1008,65,247.1,0,,,
astar-jps-dial,with_roads,default_large2,61,197,299.1,0,,,
astar-jps-dial,with_roads,default_large2,529,562,112.9,0,,,
astar-jps-dial,with_roads,default_large2,1212,1466,166.2,0,,,
astar-jps-dial,with_roads,default_large2,54,1351,178.0,0,,,
astar-jps-dial,with_roads,default_large2,483,1306,329.0,0,,,
astar-jps-dial,with_roads,default_large2,1003,533,437.3,0,,,
astar-jps-dial,with_roads,default_large2,1073,1440,109.4,0,,,
astar-jps-dial,with_roads,default_large2,667,13,183.2,0,,,
astar-jps-dial,with_roads,default_large2,365,1009,117.2,0,,,
astar-jps-dial,with_roads,default_large2,815,667,82.9,0,,,
astar-jps-dial,with_roads,default_large2,354,522,246.3,0,,,
astar-jps-dial,with_roads,default_large2,805,218,292.6,0,,,
astar-jps-dial,with_roads,default_large2,195,912,487.8,0,,,
astar-jps-dial,with_roads,default_large2,204,863,255.1,0,,,
astar-dial-cheb,no_roads,default_medium1,724,119,711.4,0,,,
astar-dial-cheb,no_roads,default_medium1,25,843,664.2,0,,,
astar-dial-cheb,no_roads,default_medium1,311,279,24.6,0,,,
astar-dial-cheb,no_roads,default_medium1,252,153,142.2,0,,,
astar-dial-cheb,no_roads,default_medium1,838,109,384.5,0,,,
astar-dial-cheb,no_roads,default_medium1,766,842,244.0,0,,,
astar-dial-cheb,no_roads,default_medium1,612,93,384.8,0,,,
astar-dial-cheb,no_roads,default_medium1,667,481,62.7,0,,,
astar-dial-cheb,no_roads,default_medium1,32,30,19.9,0,,,
astar-dial-cheb,no_roads,default_medium1,99,246,79.1,0,,,
astar-dial-cheb,no_roads,default_medium1,262,570,547.4,0,,,
astar-dial-cheb,no_roads,default_medium1,679,27,522.2,0,,,
astar-dial-cheb,no_roads,default_medium1,629,224,219.6,0,,,
astar-dial-cheb,no_roads,default_medium1,814,737,154.8,0,,,
astar-dial-cheb,no_roads,default_medium1,798,612,71.0,0,,,
astar-dial-cheb,no_roads,default_medium1,478,249,384.4,0,,,
astar-dial-cheb,no_roads,default_medium1,509,665,564.9,0,,,
astar-dial-cheb,no_roads,default_medium1,314,6,138.4,0,,,
astar-dial-cheb,no_roads,default_medium1,861,177,431.3,0,,,
astar-dial-cheb,no_roads,default_medium1,793,481,189.1,0,,,
astar-jps,no_roads,default_medium1,724,119,258.9,0,,,
astar-jps,no_roads,default_medium1,25,843,326.8,0,,,
astar-jps,no_roads,default_medium1,311,279,46.8,0,,,
astar-jps,no_roads,default_medium1,252,153,81.0,0,,,
astar-jps,no_roads,default_medium1,838,109,121.2,0,,,
astar-jps,no_roads,default_medium1,766,842,128.1,0,,,
astar-jps,no_roads,default_medium1,612,93,94.8,0,,,
astar-jps,no_roads,default_medium1,667,481,76.8,0,,,
astar-jps,no_roads,default_medium1,32,30,25.4,0,,,
astar-jps,no_roads,default_medium1,99,246,77.0,0,,,
astar-jps,no_roads,default_medium1,262,570,225.1,0,,,
astar-jps,no_roads,default_medium1,679,27,148.7,0,,,
astar-jps,no_roads,default_medium1,629,224,119.3,0,,,
astar-jps,no_roads,default_medium1,814,737,82.5,0,,,
astar-jps,no_roads,default_medium1,798,612,79.6,0,,,
astar-jps,no_roads,default_medium1,478,249,121.8,0,,,
astar-jps,no_roads,default_medium1,509,665,394.3,0,,,
astar-jps,no_roads,default_medium1,314,6,61.9,0,,,
astar-jps,no_roads,default_medium1,861,177,141.5,0,,,
astar-jps,no_roads,default_medium1,793,481,91.3,0,,,
astar-jps-dial,no_roads,default_medium1,724,119,280.7,0,,,
astar-jps-dial,no_roads,default_medium1,25,843,339.9,0,,,
astar-jps-dial,no_roads,default_medium1,311,279,64.5,0,,,
astar-jps-dial,no_roads,default_medium1,252,153,106.1,0,,,
astar-jps-dial,no_roads,default_medium1,838,109,275.1,0,,,
astar-jps-dial,no_roads,default_medium1,766,842,147.1,0,,,
astar-jps-dial,no_roads,default_medium1,612,93,179.2,0,,,
astar-jps-dial,no_roads,default_medium1,667,481,97.4,0,,,
astar-jps-dial,no_roads,default_medium1,32,30,53.4,0,,,
astar-jps-dial,no_roads,default_medium1,99,246,93.8,0,,,
astar-jps-dial,no_roads,default_medium1,262,570,262.9,0,,,
astar-jps-dial,no_roads,default_medium1,679,27,214.2,0,,,
astar-jps-dial,no_roads,default_medium1,629,224,149.1,0,,,
astar-jps-dial,no_roads,default_medium1,814,737,116.7,0,,,
astar-jps-dial,no_roads,default_medium1,798,612,95.2,0,,,
astar-jps-dial,no_roads,default_medium1,478,249,189.3,0,,,
astar-jps-dial,no_roads,default_medium1,509,665,401.7,0,,,
astar-jps-dial,no_roads,default_medium1,314,6,85.3,0,,,
astar-jps-dial,no_roads,default_medium1,861,177,231.6,0,,,
astar-jps-dial,no_roads,default_medium1,793,481,112.8,0,,,
astar-dial-cheb,with_roads,default_medium1,724,119,732.2,0,,,
astar-dial-cheb,with_roads,default_medium1,25,843,761.1,0,,,
astar-dial-cheb,with_roads,default_medium1,311,279,24.0,0,,,
astar-dial-cheb,with_roads,default_medium1,252,153,201.3,0,,,
astar-dial-cheb,with_roads,default_medium1,838,109,213.6,0,,,
astar-dial-cheb,with_roads,default_medium1,766,842,244.7,0,,,
astar-dial-cheb,with_roads,default_medium1,612,93,152.0,0,,,
astar-dial-cheb,with_roads,default_medium1,667,481,63.4,0,,,
astar-dial-cheb,with_roads,default_medium1,32,30,12.0,0,,,
astar-dial-cheb,with_roads,default_medium1,99,246,105.8,0,,,
astar-dial-cheb,with_roads,default_medium1,262,570,533.1,0,,,
astar-dial-cheb,with_roads,default_medium1,679,27,615.8,0,,,
astar-dial-cheb,with_roads,default_medium1,629,224,117.9,0,,,
astar-dial-cheb,with_roads,default_medium1,814,737,155.9,0,,,
astar-dial-cheb,with_roads,default_medium1,798,612,68.6,0,,,
astar-dial-cheb,with_roads,default_medium1,478,249,246.2,0,,,
astar-dial-cheb,with_roads,default_medium1,509,665,749.1,0,,,
astar-dial-cheb,with_roads,default_medium1,314,6,67.3,0,,,
astar-dial-cheb,with_roads,default_medium1,861,177,408.0,0,,,
astar-dial-cheb,with_roads,default_medium1,793,481,181.5,0,,,
astar-jps,with_roads,default_medium1,724,119,253.0,0,,,
astar-jps,with_roads,default_medium1,25,843,328.7,0,,,
astar-jps,with_roads,default_medium1,311,279,46.7,0,,,
astar-jps,with_roads,default_medium1,252,153,79.8,0,,,
astar-jps,with_roads,default_medium1,838,109,113.8,0,,,
astar-jps,with_roads,default_medium1,766,842,128.0,0,,,
astar-jps,with_roads,default_medium1,612,93,94.5,0,,,
astar-jps,with_roads,default_medium1,667,481,76.8,0,,,
astar-jps,with_roads,default_medium1,32,30,25.4,0,,,
astar-jps,with_roads,default_medium1,99,246,75.5,0,,,
astar-jps,with_roads,default_medium1,262,570,226.9,0,,,
astar-jps,with_roads,default_medium1,679,27,148.2,0,,,
astar-jps,with_roads,default_medium1,629,224,118.0,0,,,
astar-jps,with_roads,default_medium1,814,737,76.5,0,,,
astar-jps,with_roads,default_medium1,798,612,77.5,0,,,
astar-jps,with_roads,default_medium1,478,249,119.7,0,,,
astar-jps,with_roads,default_medium1,509,665,387.2,0,,,
astar-jps,with_roads,default_medium1,314,6,61.5,0,,,
astar-jps,with_roads,default_medium1,861,177,139.9,0,,,
astar-jps,with_roads,default_medium1,793,481,91.0,0,,,
astar-jps-dial,with_roads,default_medium1,724,119,269.4,0,,,
astar-jps-dial,with_roads,default_medium1,25,843,340.2,0,,,
astar-jps-dial,with_roads,default_medium1,311,279,69.6,0,,,
astar-jps-dial,with_roads,default_medium1,252,153,107.6,0,,,
astar-jps-dial,with_roads,default_medium1,838,109,265.5,0,,,
astar-jps-dial,with_roads,default_medium1,766,842,144.9,0,,,
astar-jps-dial,with_roads,default_medium1,612,93,176.8,0,,,
astar-jps-dial,with_roads,default_medium1,667,481,95.4,0,,,
astar-jps-dial,with_roads,default_medium1,32,30,52.6,0,,,
astar-jps-dial,with_roads,default_medium1,99,246,96.4,0,,,
astar-jps-dial,with_roads,default_medium1,262,570,257.9,0,,,
astar-jps-dial,with_roads,default_medium1,679,27,210.4,0,,,
astar-jps-dial,with_roads,default_medium1,629,224,147.2,0,,,
astar-jps-dial,with_roads,default_medium1,814,737,116.6,0,,,
astar-jps-dial,with_roads,default_medium1,798,612,95.0,0,,,
astar-jps-dial,with_roads,default_medium1,478,249,190.4,0,,,
astar-jps-dial,with_roads,default_medium1,509,665,380.0,0,,,
astar-jps-dial,with_roads,default_medium1,314,6,82.0,0,,,
astar-jps-dial,with_roads,default_medium1,861,177,226.9,0,,,
astar-jps-dial,with_roads,default_medium1,793,481,110.5,0,,,
astar-dial-cheb,no_roads,default_medium2,722,122,342.2,0,,,
astar-dial-cheb,no_roads,default_medium2,25,843,636.3,0,,,
astar-dial-cheb,no_roads,default_medium2,297,266,13.8,0,,,
astar-dial-cheb,no_roads,default_medium2,244,152,29.0,0,,,
astar-dial-cheb,no_roads,default_medium2,838,112,394.3,0,,,
astar-dial-cheb,no_roads,default_medium2,765,842,200.4,0,,,
astar-dial-cheb,no_roads,default_medium2,607,93,343.0,0,,,
astar-dial-cheb,no_roads,default_medium2,658,469,100.6,0,,,
astar-dial-cheb,no_roads,default_medium2,32,30,21.0,0,,,
astar-dial-cheb,no_roads,default_medium2,99,239,440.8,0,,,
astar-dial-cheb,no_roads,default_medium2,254,561,164.6,0,,,
astar-dial-cheb,no_roads,default_medium2,670,27,618.5,0,,,
astar-dial-cheb,no_roads,default_medium2,625,218,369.3,0,,,
astar-dial-cheb,no_roads,default_medium2,815,734,99.4,0,,,
astar-dial-cheb,no_roads,default_medium2,797,607,148.9,0,,,
astar-dial-cheb,no_roads,default_medium2,466,241,317.1,0,,,
astar-dial-cheb,no_roads,default_medium2,498,657,131.7,0,,,
astar-dial-cheb,no_roads,default_medium2,300,6,124.7,0,,,
astar-dial-cheb,no_roads,default_medium2,863,175,420.6,0,,,
astar-dial-cheb,no_roads,default_medium2,793,469,152.4,0,,,
astar-jps,no_roads,default_medium2,722,122,83.2,0,,,
astar-jps,no_roads,default_medium2,25,843,428.6,0,,,
astar-jps,no_roads,default_medium2,297,266,38.2,0,,,
astar-jps,no_roads,default_medium2,244,152,52.1,0,,,
astar-jps,no_roads,default_medium2,838,112,118.6,0,,,
astar-jps,no_roads,default_medium2,765,842,123.8,0,,,
astar-jps,no_roads,default_medium2,607,93,85.6,0,,,
astar-jps,no_roads,default_medium2,658,469,109.9,0,,,
astar-jps,no_roads,default_medium2,32,30,37.4,0,,,
astar-jps,no_roads,default_medium2,99,239,181.7,0,,,
astar-jps,no_roads,default_medium2,254,561,112.9,0,,,
astar-jps,no_roads,default_medium2,670,27,210.6,0,,,
astar-jps,no_roads,default_medium2,625,218,187.8,0,,,
astar-jps,no_roads,default_medium2,815,734,90.6,0,,,
astar-jps,no_roads,default_medium2,797,607,99.0,0,,,
astar-jps,no_roads,default_medium2,466,241,91.6,0,,,
astar-jps,no_roads,default_medium2,498,657,92.0,0,,,
astar-jps,no_roads,default_medium2,300,6,70.2,0,,,
astar-jps,no_roads,default_medium2,863,175,132.6,0,,,
astar-jps,no_roads,default_medium2,793,469,91.5,0,,,
astar-jps-dial,no_roads,default_medium2,722,122,154.2,0,,,
astar-jps-dial,no_roads,default_medium2,25,843,449.7,0,,,
astar-jps-dial,no_roads,default_medium2,297,266,57.5,0,,,
astar-jps-dial,no_roads,default_medium2,244,152,74.2,0,,,
astar-jps-dial,no_roads,default_medium2,838,112,243.0,0,,,
astar-jps-dial,no_roads,default_medium2,765,842,124.8,0,,,
astar-jps-dial,no_roads,default_medium2,607,93,224.9,0,,,
astar-jps-dial,no_roads,default_medium2,658,469,117.9,0,,,
astar-jps-dial,no_roads,default_medium2,32,30,70.8,0,,,
astar-jps-dial,no_roads,default_medium2,99,239,246.6,0,,,
astar-jps-dial,no_roads,default_medium2,254,561,127.3,0,,,
astar-jps-dial,no_roads,default_medium2,670,27,303.4,0,,,
astar-jps-dial,no_roads,default_medium2,625,218,191.8,0,,,
astar-jps-dial,no_roads,default_medium2,815,734,119.2,0,,,
astar-jps-dial,no_roads,default_medium2,797,607,122.5,0,,,
astar-jps-dial,no_roads,default_medium2,466,241,165.7,0,,,
astar-jps-dial,no_roads,default_medium2,498,657,111.5,0,,,
astar-jps-dial,no_roads,default_medium2,300,6,89.5,0,,,
astar-jps-dial,no_roads,default_medium2,863,175,349.8,0,,,
astar-jps-dial,no_roads,default_medium2,793,469,106.7,0,,,
astar-dial-cheb,with_roads,default_medium2,722,122,111.1,0,,,
astar-dial-cheb,with_roads,default_medium2,25,843,653.3,0,,,
astar-dial-cheb,with_roads,default_medium2,297,266,12.8,0,,,
astar-dial-cheb,with_roads,default_medium2,244,152,18.9,0,,,
astar-dial-cheb,with_roads,default_medium2,838,112,486.5,0,,,
astar-dial-cheb,with_roads,default_medium2,765,842,196.5,0,,,
astar-dial-cheb,with_roads,default_medium2,607,93,148.0,0,,,
astar-dial-cheb,with_roads,default_medium2,658,469,98.4,0,,,
astar-dial-cheb,with_roads,default_medium2,32,30,16.0,0,,,
astar-dial-cheb,with_roads,default_medium2,99,239,570.8,0,,,
astar-dial-cheb,with_roads,default_medium2,254,561,206.4,0,,,
astar-dial-cheb,with_roads,default_medium2,670,27,693.4,0,,,
astar-dial-cheb,with_roads,default_medium2,625,218,211.5,0,,,
astar-dial-cheb,with_roads,default_medium2,815,734,98.2,0,,,
astar-dial-cheb,with_roads,default_medium2,797,607,152.3,0,,,
astar-dial-cheb,with_roads,default_medium2,466,241,104.9,0,,,
astar-dial-cheb,with_roads,default_medium2,498,657,163.7,0,,,
astar-dial-cheb,with_roads,default_medium2,300,6,95.9,0,,,
astar-dial-cheb,with_roads,default_medium2,863,175,428.6,0,,,
astar-dial-cheb,with_roads,default_medium2,793,469,133.5,0,,,
astar-jps,with_roads,default_medium2,722,122,75.0,0,,,
astar-jps,with_roads,default_medium2,25,843,420.5,0,,,
astar-jps,with_roads,default_medium2,297,266,35.2,0,,,
astar-jps,with_roads,default_medium2,244,152,49.3,0,,,
astar-jps,with_roads,default_medium2,838,112,111.9,0,,,
astar-jps,with_roads,default_medium2,765,842,113.5,0,,,
astar-jps,with_roads,default_medium2,607,93,77.7,0,,,
astar-jps,with_roads,default_medium2,658,469,102.7,0,,,
astar-jps,with_roads,default_medium2,32,30,36.1,0,,,
astar-jps,with_roads,default_medium2,99,239,178.9,0,,,
astar-jps,with_roads,default_medium2,254,561,103.5,0,,,
astar-jps,with_roads,default_medium2,670,27,199.2,0,,,
astar-jps,with_roads,default_medium2,625,218,177.3,0,,,
astar-jps,with_roads,default_medium2,815,734,84.8,0,,,
astar-jps,with_roads,default_medium2,797,607,93.1,0,,,
astar-jps,with_roads,default_medium2,466,241,83.8,0,,,
astar-jps,with_roads,default_medium2,498,657,86.2,0,,,
astar-jps,with_roads,default_medium2,300,6,66.7,0,,,
astar-jps,with_roads,default_medium2,863,175,124.3,0,,,
astar-jps,with_roads,default_medium2,793,469,84.0,0,,,
astar-jps-dial,with_roads,default_medium2,722,122,141.2,0,,,
astar-jps-dial,with_roads,default_medium2,25,843,431.3,0,,,
astar-jps-dial,with_roads,default_medium2,297,266,55.1,0,,,
astar-jps-dial,with_roads,default_medium2,244,152,66.2,0,,,
astar-jps-dial,with_roads,default_medium2,838,112,235.2,0,,,
astar-jps-dial,with_roads,default_medium2,765,842,114.1,0,,,
astar-jps-dial,with_roads,default_medium2,607,93,212.6,0,,,
astar-jps-dial,with_roads,default_medium2,658,469,113.7,0,,,
astar-jps-dial,with_roads,default_medium2,32,30,67.5,0,,,
astar-jps-dial,with_roads,default_medium2,99,239,233.0,0,,,
astar-jps-dial,with_roads,default_medium2,254,561,123.2,0,,,
astar-jps-dial,with_roads,default_medium2,670,27,294.8,0,,,
astar-jps-dial,with_roads,default_medium2,625,218,181.9,0,,,
astar-jps-dial,with_roads,default_medium2,815,734,114.4,0,,,
astar-jps-dial,with_roads,default_medium2,797,607,112.8,0,,,
astar-jps-dial,with_roads,default_medium2,466,241,154.0,0,,,
astar-jps-dial,with_roads,default_medium2,498,657,106.8,0,,,
astar-jps-dial,with_roads,default_medium2,300,6,83.1,0,,,
astar-jps-dial,with_roads,default_medium2,863,175,340.8,0,,,
astar-jps-dial,with_roads,default_medium2,793,469,101.8,0,,,
astar-dial-cheb,no_roads,default_small1,366,58,264.7,0,,,
astar-dial-cheb,no_roads,default_small1,12,156,64.1,0,,,
astar-dial-cheb,no_roads,default_small1,141,127,61.2,0,,,
astar-dial-cheb,no_roads,default_small1,79,53,48.1,0,,,
astar-dial-cheb,no_roads,default_small1,386,309,48.5,0,,,
astar-dial-cheb,no_roads,default_small1,45,341,210.5,0,,,
astar-dial-cheb,no_roads,default_small1,240,16,229.4,0,,,
astar-dial-cheb,no_roads,default_small1,15,48,51.7,0,,,
astar-dial-cheb,no_roads,default_small1,122,135,191.1,0,,,
astar-dial-cheb,no_roads,default_small1,288,347,25.4,0,,,
astar-dial-cheb,no_roads,default_small1,13,319,180.8,0,,,
astar-dial-cheb,no_roads,default_small1,111,371,246.7,0,,,
astar-dial-cheb,no_roads,default_small1,399,309,85.9,0,,,
astar-dial-cheb,no_roads,default_small1,238,124,216.7,0,,,
astar-dial-cheb,no_roads,default_small1,253,340,233.0,0,,,
astar-dial-cheb,no_roads,default_small1,158,3,185.6,0,,,
astar-dial-cheb,no_roads,default_small1,91,397,271.1,0,,,
astar-dial-cheb,no_roads,default_small1,240,193,189.3,0,,,
astar-dial-cheb,no_roads,default_small1,158,89,109.9,0,,,
astar-dial-cheb,no_roads,default_small1,121,191,131.7,0,,,
astar-jps,no_roads,default_small1,366,58,126.1,0,,,
astar-jps,no_roads,default_small1,12,156,58.4,0,,,
astar-jps,no_roads,default_small1,141,127,59.4,0,,,
astar-jps,no_roads,default_small1,79,53,35.5,0,,,
astar-jps,no_roads,default_small1,386,309,54.1,0,,,
astar-jps,no_roads,default_small1,45,341,142.2,0,,,
astar-jps,no_roads,default_small1,240,16,89.1,0,,,
astar-jps,no_roads,default_small1,15,48,27.9,0,,,
astar-jps,no_roads,default_small1,122,135,83.2,0,,,
astar-jps,no_roads,default_small1,288,347,41.0,0,,,
astar-jps,no_roads,default_small1,13,319,147.7,0,,,
astar-jps,no_roads,default_small1,111,371,163.0,0,,,
astar-jps,no_roads,default_small1,399,309,69.0,0,,,
astar-jps,no_roads,default_small1,238,124,86.8,0,,,
astar-jps,no_roads,default_small1,253,340,123.3,0,,,
astar-jps,no_roads,default_small1,158,3,52.0,0,,,
astar-jps,no_roads,default_small1,91,397,160.7,0,,,
astar-jps,no_roads,default_small1,240,193,96.3,0,,,
astar-jps,no_roads,default_small1,158,89,47.5,0,,,
astar-jps,no_roads,default_small1,121,191,111.8,0,,,
astar-jps-dial,no_roads,default_small1,366,58,138.6,0,,,
astar-jps-dial,no_roads,default_small1,12,156,70.5,0,,,
astar-jps-dial,no_roads,default_small1,141,127,67.2,0,,,
astar-jps-dial,no_roads,default_small1,79,53,63.0,0,,,
astar-jps-dial,no_roads,default_small1,386,309,56.9,0,,,
astar-jps-dial,no_roads,default_small1,45,341,154.7,0,,,
astar-jps-dial,no_roads,default_small1,240,16,116.4,0,,,
astar-jps-dial,no_roads,default_small1,15,48,40.0,0,,,
astar-jps-dial,no_roads,default_small1,122,135,167.1,0,,,
astar-jps-dial,no_roads,default_small1,288,347,52.3,0,,,
astar-jps-dial,no_roads,default_small1,13,319,138.5,0,,,
astar-jps-dial,no_roads,default_small1,111,371,195.3,0,,,
astar-jps-dial,no_roads,default_small1,399,309,94.2,0,,,
astar-jps-dial,no_roads,default_small1,238,124,183.3,0,,,
astar-jps-dial,no_roads,default_small1,253,340,132.1,0,,,
astar-jps-dial,no_roads,default_small1,158,3,140.3,0,,,
astar-jps-dial,no_roads,default_small1,91,397,170.5,0,,,
astar-jps-dial,no_roads,default_small1,240,193,167.3,0,,,
astar-jps-dial,no_roads,default_small1,158,89,88.6,0,,,
astar-jps-dial,no_roads,default_small1,121,191,139.6,0,,,
astar-dial-cheb,with_roads,default_small1,366,58,245.6,0,,,
astar-dial-cheb,with_roads,default_small1,12,156,64.9,0,,,
astar-dial-cheb,with_roads,default_small1,141,127,61.0,0,,,
astar-dial-cheb,with_roads,default_small1,79,53,50.2,0,,,
astar-dial-cheb,with_roads,default_small1,386,309,48.0,0,,,
astar-dial-cheb,with_roads,default_small1,45,341,215.8,0,,,
astar-dial-cheb,with_roads,default_small1,240,16,225.4,0,,,
astar-dial-cheb,with_roads,default_small1,15,48,51.6,0,,,
astar-dial-cheb,with_roads,default_small1,122,135,181.5,0,,,
astar-dial-cheb,with_roads,default_small1,288,347,25.5,0,,,
astar-dial-cheb,with_roads,default_small1,13,319,190.1,0,,,
astar-dial-cheb,with_roads,default_small1,111,371,248.8,0,,,
astar-dial-cheb,with_roads,default_small1,399,309,77.2,0,,,
astar-dial-cheb,with_roads,default_small1,238,124,217.7,0,,,
astar-dial-cheb,with_roads,default_small1,253,340,227.2,0,,,
astar-dial-cheb,with_roads,default_small1,158,3,138.0,0,,,
astar-dial-cheb,with_roads,default_small1,91,397,275.1,0,,,
astar-dial-cheb,with_roads,default_small1,240,193,187.7,0,,,
astar-dial-cheb,with_roads,default_small1,158,89,113.7,0,,,
astar-dial-cheb,with_roads,default_small1,121,191,136.2,0,,,
astar-jps,with_roads,default_small1,366,58,117.7,0,,,
astar-jps,with_roads,default_small1,12,156,56.8,0,,,
astar-jps,with_roads,default_small1,141,127,56.6,0,,,
astar-jps,with_roads,default_small1,79,53,33.9,0,,,
astar-jps,with_roads,default_small1,386,309,53.0,0,,,
astar-jps,with_roads,default_small1,45,341,140.6,0,,,
astar-jps,with_roads,default_small1,240,16,82.8,0,,,
astar-jps,with_roads,default_small1,15,48,28.2,0,,,
astar-jps,with_roads,default_small1,122,135,78.9,0,,,
astar-jps,with_roads,default_small1,288,347,40.7,0,,,
astar-jps,with_roads,default_small1,13,319,151.9,0,,,
astar-jps,with_roads,default_small1,111,371,160.6,0,,,
astar-jps,with_roads,default_small1,399,309,69.2,0,,,
astar-jps,with_roads,default_small1,238,124,86.0,0,,,
astar-jps,with_roads,default_small1,253,340,122.8,0,,,
astar-jps,with_roads,default_small1,158,3,51.5,0,,,
astar-jps,with_roads,default_small1,91,397,159.3,0,,,
astar-jps,with_roads,default_small1,240,193,91.8,0,,,
astar-jps,with_roads,default_small1,158,89,47.9,0,,,
astar-jps,with_roads,default_small1,121,191,116.8,0,,,
astar-jps-dial,with_roads,default_small1,366,58,135.6,0,,,
astar-jps-dial,with_roads,default_small1,12,156,67.5,0,,,
astar-jps-dial,with_roads,default_small1,141,127,64.6,0,,,
astar-jps-dial,with_roads,default_small1,79,53,62.8,0,,,
astar-jps-dial,with_roads,default_small1,386,309,57.2,0,,,
astar-jps-dial,with_roads,default_small1,45,341,155.3,0,,,
astar-jps-dial,with_roads,default_small1,240,16,115.2,0,,,
astar-jps-dial,with_roads,default_small1,15,48,40.0,0,,,
astar-jps-dial,with_roads,default_small1,122,135,161.7,0,,,
astar-jps-dial,with_roads,default_small1,288,347,50.7,0,,,
astar-jps-dial,with_roads,default_small1,13,319,138.8,0,,,
astar-jps-dial,with_roads,default_small1,111,371,195.2,0,,,
astar-jps-dial,with_roads,default_small1,399,309,93.3,0,,,
astar-jps-dial,with_roads,default_small1,238,124,184.1,0,,,
astar-jps-dial,with_roads,default_small1,253,340,131.9,0,,,
astar-jps-dial,with_roads,default_small1,158,3,136.8,0,,,
astar-jps-dial,with_roads,default_small1,91,397,180.3,0,,,
astar-jps-dial,with_roads,default_small1,240,193,173.6,0,,,
astar-jps-dial,with_roads,default_small1,158,89,90.5,0,,,
astar-jps-dial,with_roads,default_small1,121,191,136.4,0,,,
astar-dial-cheb,no_roads,default_small2,393,59,212.4,0,,,
astar-dial-cheb,no_roads,default_small2,12,164,76.8,0,,,
astar-dial-cheb,no_roads,default_small2,147,127,10.4,0,,,
astar-dial-cheb,no_roads,default_small2,74,54,9.4,0,,,
astar-dial-cheb,no_roads,default_small2,413,338,123.7,0,,,
astar-dial-cheb,no_roads,default_small2,46,367,320.3,0,,,
astar-dial-cheb,no_roads,default_small2,252,16,276.7,0,,,
astar-dial-cheb,no_roads,default_small2,15,49,63.8,0,,,
astar-dial-cheb,no_roads,default_small2,124,140,38.6,0,,,
astar-dial-cheb,no_roads,default_small2,313,374,24.8,0,,,
astar-dial-cheb,no_roads,default_small2,13,349,270.0,0,,,
astar-dial-cheb,no_roads,default_small2,110,434,229.0,0,,,
astar-dial-cheb,no_roads,default_small2,398,427,122.4,0,,,
astar-dial-cheb,no_roads,default_small2,338,250,222.3,0,,,
astar-dial-cheb,no_roads,default_small2,125,273,262.8,0,,,
astar-dial-cheb,no_roads,default_small2,366,166,204.4,0,,,
astar-dial-cheb,no_roads,default_small2,3,85,29.5,0,,,
astar-dial-cheb,no_roads,default_small2,425,252,65.6,0,,,
astar-dial-cheb,no_roads,default_small2,208,166,17.4,0,,,
astar-dial-cheb,no_roads,default_small2,83,123,15.1,0,,,
astar-jps,no_roads,default_small2,393,59,110.9,0,,,
astar-jps,no_roads,default_small2,12,164,67.3,0,,,
astar-jps,no_roads,default_small2,147,127,20.8,0,,,
astar-jps,no_roads,default_small2,74,54,16.5,0,,,
astar-jps,no_roads,default_small2,413,338,84.9,0,,,
astar-jps,no_roads,default_small2,46,367,394.0,0,,,
astar-jps,no_roads,default_small2,252,16,194.7,0,,,
astar-jps,no_roads,default_small2,15,49,31.6,0,,,
astar-jps,no_roads,default_small2,124,140,38.2,0,,,
astar-jps,no_roads,default_small2,313,374,39.0,0,,,
astar-jps,no_roads,default_small2,13,349,347.0,0,,,
astar-jps,no_roads,default_small2,110,434,186.6,0,,,
astar-jps,no_roads,default_small2,398,427,89.5,0,,,
astar-jps,no_roads,default_small2,338,250,141.5,0,,,
astar-jps,no_roads,default_small2,125,273,208.5,0,,,
astar-jps,no_roads,default_small2,366,166,115.8,0,,,
astar-jps,no_roads,default_small2,3,85,49.3,0,,,
astar-jps,no_roads,default_small2,425,252,65.8,0,,,
astar-jps,no_roads,default_small2,208,166,28.3,0,,,
astar-jps,no_roads,default_small2,83,123,24.2,0,,,
astar-jps-dial,no_roads,default_small2,393,59,267.0,0,,,
astar-jps-dial,no_roads,default_small2,12,164,91.1,0,,,
astar-jps-dial,no_roads,default_small2,147,127,35.2,0,,,
astar-jps-dial,no_roads,default_small2,74,54,74.1,0,,,
astar-jps-dial,no_roads,default_small2,413,338,251.0,0,,,
astar-jps-dial,no_roads,default_small2,46,367,751.2,0,,,
astar-jps-dial,no_roads,default_small2,252,16,216.2,0,,,
astar-jps-dial,no_roads,default_small2,15,49,43.6,0,,,
astar-jps-dial,no_roads,default_small2,124,140,51.2,0,,,
astar-jps-dial,no_roads,default_small2,313,374,51.3,0,,,
astar-jps-dial,no_roads,default_small2,13,349,322.7,0,,,
astar-jps-dial,no_roads,default_small2,110,434,198.6,0,,,
astar-jps-dial,no_roads,default_small2,398,427,101.9,0,,,
astar-jps-dial,no_roads,default_small2,338,250,198.1,0,,,
astar-jps-dial,no_roads,default_small2,125,273,207.2,0,,,
astar-jps-dial,no_roads,default_small2,366,166,177.5,0,,,
astar-jps-dial,no_roads,default_small2,3,85,57.9,0,,,
astar-jps-dial,no_roads,default_small2,425,252,77.5,0,,,
astar-jps-dial,no_roads,default_small2,208,166,47.8,0,,,
astar-jps-dial,no_roads,default_small2,83,123,37.4,0,,,
astar-dial-cheb,with_roads,default_small2,393,59,199.4,0,,,
astar-dial-cheb,with_roads,default_small2,12,164,96.1,0,,,
astar-dial-cheb,with_roads,default_small2,147,127,10.8,0,,,
astar-dial-cheb,with_roads,default_small2,74,54,9.9,0,,,
astar-dial-cheb,with_roads,default_small2,413,338,118.5,0,,,
astar-dial-cheb,with_roads,default_small2,46,367,334.2,0,,,
astar-dial-cheb,with_roads,default_small2,252,16,155.0,0,,,
astar-dial-cheb,with_roads,default_small2,15,49,37.9,0,,,
astar-dial-cheb,with_roads,default_small2,124,140,39.1,0,,,
astar-dial-cheb,with_roads,default_small2,313,374,26.1,0,,,
astar-dial-cheb,with_roads,default_small2,13,349,275.2,0,,,
astar-dial-cheb,with_roads,default_small2,110,434,263.6,0,,,
astar-dial-cheb,with_roads,default_small2,398,427,120.1,0,,,
astar-dial-cheb,with_roads,default_small2,338,250,228.0,0,,,
astar-dial-cheb,with_roads,default_small2,125,273,283.8,0,,,
astar-dial-cheb,with_roads,default_small2,366,166,202.2,0,,,
astar-dial-cheb,with_roads,default_small2,3,85,34.8,0,,,
astar-dial-cheb,with_roads,default_small2,425,252,67.1,0,,,
astar-dial-cheb,with_roads,default_small2,208,166,17.3,0,,,
astar-dial-cheb,with_roads,default_small2,83,123,15.3,0,,,
astar-jps,with_roads,default_small2,393,59,108.6,0,,,
astar-jps,with_roads,default_small2,12,164,75.6,0,,,
astar-jps,with_roads,default_small2,147,127,20.3,0,,,
astar-jps,with_roads,default_small2,74,54,17.5,0,,,
astar-jps,with_roads,default_small2,413,338,83.2,0,,,
astar-jps,with_roads,default_small2,46,367,395.4,0,,,
astar-jps,with_roads,default_small2,252,16,194.2,0,,,
astar-jps,with_roads,default_small2,15,49,31.8,0,,,
astar-jps,with_roads,default_small2,124,140,39.0,0,,,
astar-jps,with_roads,default_small2,313,374,39.4,0,,,
astar-jps,with_roads,default_small2,13,349,345.5,0,,,
astar-jps,with_roads,default_small2,110,434,188.5,0,,,
astar-jps,with_roads,default_small2,398,427,88.3,0,,,
astar-jps,with_roads,default_small2,338,250,138.0,0,,,
astar-jps,with_roads,default_small2,125,273,207.6,0,,,
astar-jps,with_roads,default_small2,366,166,111.6,0,,,
astar-jps,with_roads,default_small2,3,85,52.7,0,,,
astar-jps,with_roads,default_small2,425,252,62.7,0,,,
astar-jps,with_roads,default_small2,208,166,27.9,0,,,
astar-jps,with_roads,default_small2,83,123,25.0,0,,,
astar-jps-dial,with_roads,default_small2,393,59,212.7,0,,,
astar-jps-dial,with_roads,default_small2,12,164,82.9,0,,,
astar-jps-dial,with_roads,default_small2,147,127,35.0,0,,,
astar-jps-dial,with_roads,default_small2,74,54,30.5,0,,,
astar-jps-dial,with_roads,default_small2,413,338,95.1,0,,,
astar-jps-dial,with_roads,default_small2,46,367,412.9,0,,,
astar-jps-dial,with_roads,default_small2,252,16,224.5,0,,,
astar-jps-dial,with_roads,default_small2,15,49,45.1,0,,,
astar-jps-dial,with_roads,default_small2,124,140,50.8,0,,,
astar-jps-dial,with_roads,default_small2,313,374,50.5,0,,,
astar-jps-dial,with_roads,default_small2,13,349,319.2,0,,,
astar-jps-dial,with_roads,default_small2,110,434,196.4,0,,,
astar-jps-dial,with_roads,default_small2,398,427,99.0,0,,,
astar-jps-dial,with_roads,default_small2,338,250,199.1,0,,,
astar-jps-dial,with_roads,default_small2,125,273,212.8,0,,,
astar-jps-dial,with_roads,default_small2,366,166,180.3,0,,,
astar-jps-dial,with_roads,default_small2,3,85,61.8,0,,,
astar-jps-dial,with_roads,default_small2,425,252,80.0,0,,,
astar-jps-dial,with_roads,default_small2,208,166,46.2,0,,,
astar-jps-dial,with_roads,default_small2,83,123,38.6,0,,,
astar-dial-cheb,no_roads,dna,864,133,590.9,0,,,
astar-dial-cheb,no_roads,dna,25,1005,583.7,0,,,
astar-dial-cheb,no_roads,dna,359,313,375.8,0,,,
astar-dial-cheb,no_roads,dna,289,172,250.9,0,,,
astar-dial-cheb,no_roads,dna,1000,121,435.2,0,,,
astar-dial-cheb,no_roads,dna,921,1004,39.4,0,,,
astar-dial-cheb,no_roads,dna,742,104,23.8,0,,,
astar-dial-cheb,no_roads,dna,802,564,398.7,0,,,
astar-dial-cheb,no_roads,dna,32,30,21.0,0,,,
astar-dial-cheb,no_roads,dna,111,282,23.2,0,,,
astar-dial-cheb,no_roads,dna,300,684,24.1,0,,,
astar-dial-cheb,no_roads,dna,820,27,316.2,0,,,
astar-dial-cheb,no_roads,dna,759,251,561.7,0,,,
astar-dial-cheb,no_roads,dna,978,881,76.5,0,,,
astar-dial-cheb,no_roads,dna,962,742,595.0,0,,,
astar-dial-cheb,no_roads,dna,561,284,586.2,0,,,
astar-dial-cheb,no_roads,dna,606,801,360.2,0,,,
astar-dial-cheb,no_roads,dna,363,6,27.2,0,,,
astar-dial-cheb,no_roads,dna,1023,202,381.1,0,,,
astar-dial-cheb,no_roads,dna,945,564,335.2,0,,,
astar-jps,no_roads,dna,864,133,356.5,0,,,
astar-jps,no_roads,dna,25,1005,261.2,0,,,
astar-jps,no_roads,dna,359,313,182.4,0,,,
astar-jps,no_roads,dna,289,172,176.3,0,,,
astar-jps,no_roads,dna,1000,121,117.7,0,,,
astar-jps,no_roads,dna,921,1004,63.7,0,,,
astar-jps,no_roads,dna,742,104,17.0,0,,,
astar-jps,no_roads,dna,802,564,222.1,0,,,
astar-jps,no_roads,dna,32,30,29.9,0,,,
astar-jps,no_roads,dna,111,282,15.8,0,,,
astar-jps,no_roads,dna,300,684,17.1,0,,,
astar-jps,no_roads,dna,820,27,136.5,0,,,
astar-jps,no_roads,dna,759,251,204.1,0,,,
astar-jps,no_roads,dna,978,881,80.5,0,,,
astar-jps,no_roads,dna,962,742,328.7,0,,,
astar-jps,no_roads,dna,561,284,339.1,0,,,
astar-jps,no_roads,dna,606,801,186.3,0,,,
astar-jps,no_roads,dna,363,6,20.0,0,,,
astar-jps,no_roads,dna,1023,202,110.4,0,,,
astar-jps,no_roads,dna,945,564,195.2,0,,,
astar-jps-dial,no_roads,dna,864,133,413.9,0,,,
astar-jps-dial,no_roads,dna,25,1005,249.9,0,,,
astar-jps-dial,no_roads,dna,359,313,210.4,0,,,
astar-jps-dial,no_roads,dna,289,172,212.7,0,,,
astar-jps-dial,no_roads,dna,1000,121,178.2,0,,,
astar-jps-dial,no_roads,dna,921,1004,95.2,0,,,
astar-jps-dial,no_roads,dna,742,104,61.5,0,,,
astar-jps-dial,no_roads,dna,802,564,241.1,0,,,
astar-jps-dial,no_roads,dna,32,30,63.8,0,,,
astar-jps-dial,no_roads,dna,111,282,57.8,0,,,
astar-jps-dial,no_roads,dna,300,684,60.6,0,,,
astar-jps-dial,no_roads,dna,820,27,162.8,0,,,
astar-jps-dial,no_roads,dna,759,251,238.4,0,,,
astar-jps-dial,no_roads,dna,978,881,118.5,0,,,
astar-jps-dial,no_roads,dna,962,742,396.7,0,,,
astar-jps-dial,no_roads,dna,561,284,400.8,0,,,
astar-jps-dial,no_roads,dna,606,801,226.7,0,,,
astar-jps-dial,no_roads,dna,363,6,62.9,0,,,
astar-jps-dial,no_roads,dna,1023,202,168.8,0,,,
astar-jps-dial,no_roads,dna,945,564,211.2,0,,,
astar-dial-cheb,with_roads,dna,864,133,577.2,0,,,
astar-dial-cheb,with_roads,dna,25,1005,526.2,0,,,
astar-dial-cheb,with_roads,dna,359,313,293.9,0,,,
astar-dial-cheb,with_roads,dna,289,172,231.4,0,,,
astar-dial-cheb,with_roads,dna,1000,121,304.3,0,,,
astar-dial-cheb,with_roads,dna,921,1004,40.3,0,,,
astar-dial-cheb,with_roads,dna,742,104,24.8,0,,,
astar-dial-cheb,with_roads,dna,802,564,551.3,0,,,
astar-dial-cheb,with_roads,dna,32,30,19.8,0,,,
astar-dial-cheb,with_roads,dna,111,282,23.2,0,,,
astar-dial-cheb,with_roads,dna,300,684,24.3,0,,,
astar-dial-cheb,with_roads,dna,820,27,240.6,0,,,
astar-dial-cheb,with_roads,dna,759,251,390.9,0,,,
astar-dial-cheb,with_roads,dna,978,881,77.4,0,,,
astar-dial-cheb,with_roads,dna,962,742,590.8,0,,,
astar-dial-cheb,with_roads,dna,561,284,578.2,0,,,
astar-dial-cheb,with_roads,dna,606,801,542.3,0,,,
astar-dial-cheb,with_roads,dna,363,6,28.3,0,,,
astar-dial-cheb,with_roads,dna,1023,202,229.5,0,,,
astar-dial-cheb,with_roads,dna,945,564,402.6,0,,,
astar-jps,with_roads,dna,864,133,368.1,0,,,
astar-jps,with_roads,dna,25,1005,252.8,0,,,
astar-jps,with_roads,dna,359,313,183.6,0,,,
astar-jps,with_roads,dna,289,172,177.5,0,,,
astar-jps,with_roads,dna,1000,121,122.4,0,,,
astar-jps,with_roads,dna,921,1004,66.0,0,,,
astar-jps,with_roads,dna,742,104,17.7,0,,,
astar-jps,with_roads,dna,802,564,225.6,0,,,
astar-jps,with_roads,dna,32,30,26.7,0,,,
astar-jps,with_roads,dna,111,282,15.9,0,,,
astar-jps,with_roads,dna,300,684,17.2,0,,,
astar-jps,with_roads,dna,820,27,132.5,0,,,
astar-jps,with_roads,dna,759,251,210.1,0,,,
astar-jps,with_roads,dna,978,881,82.4,0,,,
astar-jps,with_roads,dna,962,742,343.1,0,,,
astar-jps,with_roads,dna,561,284,346.9,0,,,
astar-jps,with_roads,dna,606,801,190.1,0,,,
astar-jps,with_roads,dna,363,6,19.7,0,,,
astar-jps,with_roads,dna,1023,202,110.6,0,,,
astar-jps,with_roads,dna,945,564,205.7,0,,,
astar-jps-dial,with_roads,dna,864,133,409.3,0,,,
astar-jps-dial,with_roads,dna,25,1005,247.4,0,,,
astar-jps-dial,with_roads,dna,359,313,217.6,0,,,
astar-jps-dial,with_roads,dna,289,172,212.8,0,,,
astar-jps-dial,with_roads,dna,1000,121,171.9,0,,,
astar-jps-dial,with_roads,dna,921,1004,95.0,0,,,
astar-jps-dial,with_roads,dna,742,104,61.1,0,,,
astar-jps-dial,with_roads,dna,802,564,246.4,0,,,
astar-jps-dial,with_roads,dna,32,30,60.6,0,,,
astar-jps-dial,with_roads,dna,111,282,57.9,0,,,
astar-jps-dial,with_roads,dna,300,684,63.2,0,,,
astar-jps-dial,with_roads,dna,820,27,161.7,0,,,
astar-jps-dial,with_roads,dna,759,251,234.5,0,,,
astar-jps-dial,with_roads,dna,978,881,117.7,0,,,
astar-jps-dial,with_roads,dna,962,742,405.2,0,,,
astar-jps-dial,with_roads,dna,561,284,416.1,0,,,
astar-jps-dial,with_roads,dna,606,801,218.7,0,,,
astar-jps-dial,with_roads,dna,363,6,60.9,0,,,
astar-jps-dial,with_roads,dna,1023,202,170.9,0,,,
astar-jps-dial,with_roads,dna,945,564,217.5,0,,,
astar-dial-cheb,no_roads,donut,808,133,661.3,0,,,
astar-dial-cheb,no_roads,donut,25,929,174.5,0,,,
astar-dial-cheb,no_roads,donut,335,300,15.8,0,,,
astar-dial-cheb,no_roads,donut,272,169,589.1,0,,,
astar-dial-cheb,no_roads,donut,924,119,517.4,0,,,
astar-dial-cheb,no_roads,donut,852,928,71.6,0,,,
astar-dial-cheb,no_roads,donut,1122,679,172.1,0,,,
astar-dial-cheb,no_roads,donut,100,739,162.0,0,,,
astar-dial-cheb,no_roads,donut,529,32,609.7,0,,,
astar-dial-cheb,no_roads,donut,30,106,135.3,0,,,
astar-dial-cheb,no_roads,donut,265,287,176.0,0,,,
astar-dial-cheb,no_roads,donut,631,755,327.1,0,,,
astar-dial-cheb,no_roads,donut,27,698,176.7,0,,,
astar-dial-cheb,no_roads,donut,242,899,167.3,0,,,
astar-dial-cheb,no_roads,donut,820,884,60.3,0,,,
astar-dial-cheb,no_roads,donut,679,523,376.8,0,,,
astar-dial-cheb,no_roads,donut,267,562,336.1,0,,,
astar-dial-cheb,no_roads,donut,738,338,379.4,0,,,
astar-dial-cheb,no_roads,donut,1015,1091,56.6,0,,,
astar-dial-cheb,no_roads,donut,6,953,162.6,0,,,
astar-jps,no_roads,donut,808,133,1323.3,0,,,
astar-jps,no_roads,donut,25,929,81.9,0,,,
astar-jps,no_roads,donut,335,300,34.3,0,,,
astar-jps,no_roads,donut,272,169,1324.4,0,,,
astar-jps,no_roads,donut,924,119,141.9,0,,,
astar-jps,no_roads,donut,852,928,61.8,0,,,
astar-jps,no_roads,donut,1122,679,90.7,0,,,
astar-jps,no_roads,donut,100,739,88.2,0,,,
astar-jps,no_roads,donut,529,32,1420.3,0,,,
astar-jps,no_roads,donut,30,106,75.7,0,,,
astar-jps,no_roads,donut,265,287,116.1,0,,,
astar-jps,no_roads,donut,631,755,278.1,0,,,
astar-jps,no_roads,donut,27,698,85.8,0,,,
astar-jps,no_roads,donut,242,899,76.4,0,,,
astar-jps,no_roads,donut,820,884,70.0,0,,,
astar-jps,no_roads,donut,679,523,115.5,0,,,
astar-jps,no_roads,donut,267,562,344.9,0,,,
astar-jps,no_roads,donut,738,338,132.7,0,,,
astar-jps,no_roads,donut,1015,1091,43.6,0,,,
astar-jps,no_roads,donut,6,953,76.8,0,,,
astar-jps-dial,no_roads,donut,808,133,1274.1,0,,,
astar-jps-dial,no_roads,donut,25,929,122.3,0,,,
astar-jps-dial,no_roads,donut,335,300,54.6,0,,,
astar-jps-dial,no_roads,donut,272,169,1216.3,0,,,
astar-jps-dial,no_roads,donut,924,119,313.0,0,,,
astar-jps-dial,no_roads,donut,852,928,86.5,0,,,
astar-jps-dial,no_roads,donut,1122,679,128.7,0,,,
astar-jps-dial,no_roads,donut,100,739,117.1,0,,,
astar-jps-dial,no_roads,donut,529,32,1251.4,0,,,
astar-jps-dial,no_roads,donut,30,106,99.6,0,,,
astar-jps-dial,no_roads,donut,265,287,169.1,0,,,
astar-jps-dial,no_roads,donut,631,755,412.7,0,,,
astar-jps-dial,no_roads,donut,27,698,122.0,0,,,
astar-jps-dial,no_roads,donut,242,899,116.3,0,,,
astar-jps-dial,no_roads,donut,820,884,82.7,0,,,
astar-jps-dial,no_roads,donut,679,523,213.3,0,,,
astar-jps-dial,no_roads,donut,267,562,295.4,0,,,
astar-jps-dial,no_roads,donut,738,338,290.5,0,,,
astar-jps-dial,no_roads,donut,1015,1091,65.0,0,,,
astar-jps-dial,no_roads,donut,6,953,112.4,0,,,
astar-dial-cheb,with_roads,donut,808,133,619.9,0,,,
astar-dial-cheb,with_roads,donut,25,929,172.8,0,,,
astar-dial-cheb,with_roads,donut,335,300,14.9,0,,,
astar-dial-cheb,with_roads,donut,272,169,609.9,0,,,
astar-dial-cheb,with_roads,donut,924,119,537.2,0,,,
astar-dial-cheb,with_roads,donut,852,928,75.8,0,,,
astar-dial-cheb,with_roads,donut,1122,679,170.2,0,,,
astar-dial-cheb,with_roads,donut,100,739,166.6,0,,,
astar-dial-cheb,with_roads,donut,529,32,609.4,0,,,
astar-dial-cheb,with_roads,donut,30,106,145.3,0,,,
astar-dial-cheb,with_roads,donut,265,287,180.5,0,,,
astar-dial-cheb,with_roads,donut,631,755,349.0,0,,,
astar-dial-cheb,with_roads,donut,27,698,170.9,0,,,
astar-dial-cheb,with_roads,donut,242,899,171.4,0,,,
astar-dial-cheb,with_roads,donut,820,884,63.5,0,,,
astar-dial-cheb,with_roads,donut,679,523,391.0,0,,,
astar-dial-cheb,with_roads,donut,267,562,340.7,0,,,
astar-dial-cheb,with_roads,donut,738,338,398.6,0,,,
astar-dial-cheb,with_roads,donut,1015,1091,59.4,0,,,
astar-dial-cheb,with_roads,donut,6,953,167.3,0,,,
astar-jps,with_roads,donut,808,133,1293.9,0,,,
astar-jps,with_roads,donut,25,929,81.9,0,,,
astar-jps,with_roads,donut,335,300,34.0,0,,,
astar-jps,with_roads,donut,272,169,1288.3,0,,,
astar-jps,with_roads,donut,924,119,136.9,0,,,
astar-jps,with_roads,donut,852,928,59.1,0,,,
astar-jps,with_roads,donut,1122,679,88.6,0,,,
astar-jps,with_roads,donut,100,739,83.4,0,,,
astar-jps,with_roads,donut,529,32,1397.0,0,,,
astar-jps,with_roads,donut,30,106,76.1,0,,,
astar-jps,with_roads,donut,265,287,114.5,0,,,
astar-jps,with_roads,donut,631,755,265.1,0,,,
astar-jps,with_roads,donut,27,698,82.5,0,,,
astar-jps,with_roads,donut,242,899,75.8,0,,,
astar-jps,with_roads,donut,820,884,67.6,0,,,
astar-jps,with_roads,donut,679,523,114.3,0,,,
astar-jps,with_roads,donut,267,562,335.1,0,,,
astar-jps,with_roads,donut,738,338,129.1,0,,,
astar-jps,with_roads,donut,1015,1091,43.7,0,,,
astar-jps,with_roads,donut,6,953,74.9,0,,,
astar-jps-dial,with_roads,donut,808,133,1254.1,0,,,
astar-jps-dial,with_roads,donut,25,929,119.2,0,,,
astar-jps-dial,with_roads,donut,335,300,55.0,0,,,
astar-jps-dial,with_roads,donut,272,169,1231.7,0,,,
astar-jps-dial,with_roads,donut,924,119,308.8,0,,,
astar-jps-dial,with_roads,donut,852,928,78.8,0,,,
astar-jps-dial,with_roads,donut,1122,679,134.4,0,,,
astar-jps-dial,with_roads,donut,100,739,116.8,0,,,
astar-jps-dial,with_roads,donut,529,32,1239.2,0,,,
astar-jps-dial,with_roads,donut,30,106,98.6,0,,,
astar-jps-dial,with_roads,donut,265,287,168.7,0,,,
astar-jps-dial,with_roads,donut,631,755,396.6,0,,,
astar-jps-dial,with_roads,donut,27,698,119.8,0,,,
astar-jps-dial,with_roads,donut,242,899,115.2,0,,,
astar-jps-dial,with_roads,donut,820,884,80.4,0,,,
astar-jps-dial,with_roads,donut,679,523,204.6,0,,,
astar-jps-dial,with_roads,donut,267,562,287.7,0,,,
astar-jps-dial,with_roads,donut,738,338,294.3,0,,,
astar-jps-dial,with_roads,donut,1015,1091,68.2,0,,,
astar-jps-dial,with_roads,donut,6,953,113.4,0,,,
astar-dial-cheb,no_roads,drawing_circles_is_hard,1652,269,743.3,0,,,
astar-dial-cheb,no_roads,drawing_circles_is_hard,51,1922,707.6,0,,,
astar-dial-cheb,no_roads,drawing_circles_is_hard,690,608,956.2,0,,,
astar-dial-cheb,no_roads,drawing_circles_is_hard,552,339,934.4,0,,,
astar-dial-cheb,no_roads,drawing_circles_is_hard,1909,247,1453.8,0,,,
astar-dial-cheb,no_roads,drawing_circles_is_hard,1754,1919,300.0,0,,,
astar-dial-cheb,no_roads,drawing_circles_is_hard,2310,1398,998.2,0,,,
astar-dial-cheb,no_roads,drawing_circles_is_hard,201,1522,648.4,0,,,
astar-dial-cheb,no_roads,drawing_circles_is_hard,1085,71,437.7,0,,,
astar-dial-cheb,no_roads,drawing_circles_is_hard,67,219,28.9,0,,,
astar-dial-cheb,no_roads,drawing_circles_is_hard,540,578,274.8,0,,,
astar-dial-cheb,no_roads,drawing_circles_is_hard,1293,1548,186.7,0,,,
astar-dial-cheb,no_roads,drawing_circles_is_hard,54,1446,1100.8,0,,,
astar-dial-cheb,no_roads,drawing_circles_is_hard,489,1858,949.7,0,,,
astar-dial-cheb,no_roads,drawing_circles_is_hard,1687,1817,589.1,0,,,
astar-dial-cheb,no_roads,drawing_circles_is_hard,1398,1076,391.3,0,,,
astar-dial-cheb,no_roads,drawing_circles_is_hard,546,1160,899.4,0,,,
astar-dial-cheb,no_roads,drawing_circles_is_hard,1517,696,1268.8,0,,,
astar-dial-cheb,no_roads,drawing_circles_is_hard,2095,2248,26.6,0,,,
astar-dial-cheb,no_roads,drawing_circles_is_hard,13,1968,1050.2,0,,,
astar-jps,no_roads,drawing_circles_is_hard,1652,269,323.1,0,,,
astar-jps,no_roads,drawing_circles_is_hard,51,1922,250.9,0,,,
astar-jps,no_roads,drawing_circles_is_hard,690,608,287.3,0,,,
astar-jps,no_roads,drawing_circles_is_hard,552,339,224.6,0,,,
astar-jps,no_roads,drawing_circles_is_hard,1909,247,454.7,0,,,
astar-jps,no_roads,drawing_circles_is_hard,1754,1919,140.9,0,,,
astar-jps,no_roads,drawing_circles_is_hard,2310,1398,249.7,0,,,
astar-jps,no_roads,drawing_circles_is_hard,201,1522,314.8,0,,,
astar-jps,no_roads,drawing_circles_is_hard,1085,71,119.5,0,,,
astar-jps,no_roads,drawing_circles_is_hard,67,219,48.3,0,,,
astar-jps,no_roads,drawing_circles_is_hard,540,578,229.8,0,,,
astar-jps,no_roads,drawing_circles_is_hard,1293,1548,152.0,0,,,
astar-jps,no_roads,drawing_circles_is_hard,54,1446,445.8,0,,,
astar-jps,no_roads,drawing_circles_is_hard,489,1858,352.3,0,,,
astar-jps,no_roads,drawing_circles_is_hard,1687,1817,310.2,0,,,
astar-jps,no_roads,drawing_circles_is_hard,1398,1076,144.8,0,,,
astar-jps,no_roads,drawing_circles_is_hard,546,1160,590.8,0,,,
astar-jps,no_roads,drawing_circles_is_hard,1517,696,227.0,0,,,
astar-jps,no_roads,drawing_circles_is_hard,2095,2248,41.9,0,,,
astar-jps,no_roads,drawing_circles_is_hard,13,1968,631.1,0,,,
astar-jps-dial,no_roads,drawing_circles_is_hard,1652,269,351.3,0,,,
astar-jps-dial,no_roads,drawing_circles_is_hard,51,1922,269.0,0,,,
astar-jps-dial,no_roads,drawing_circles_is_hard,690,608,577.6,0,,,
astar-jps-dial,no_roads,drawing_circles_is_hard,552,339,454.5,0,,,
astar-jps-dial,no_roads,drawing_circles_is_hard,1909,247,565.4,0,,,
astar-jps-dial,no_roads,drawing_circles_is_hard,1754,1919,207.3,0,,,
astar-jps-dial,no_roads,drawing_circles_is_hard,2310,1398,409.0,0,,,
astar-jps-dial,no_roads,drawing_circles_is_hard,201,1522,339.0,0,,,
astar-jps-dial,no_roads,drawing_circles_is_hard,1085,71,177.8,0,,,
astar-jps-dial,no_roads,drawing_circles_is_hard,67,219,77.1,0,,,
astar-jps-dial,no_roads,drawing_circles_is_hard,540,578,265.6,0,,,
astar-jps-dial,no_roads,drawing_circles_is_hard,1293,1548,178.0,0,,,
astar-jps-dial,no_roads,drawing_circles_is_hard,54,1446,472.4,0,,,
astar-jps-dial,no_roads,drawing_circles_is_hard,489,1858,381.3,0,,,
astar-jps-dial,no_roads,drawing_circles_is_hard,1687,1817,346.1,0,,,
astar-jps-dial,no_roads,drawing_circles_is_hard,1398,1076,221.5,0,,,
astar-jps-dial,no_roads,drawing_circles_is_hard,546,1160,592.7,0,,,
astar-jps-dial,no_roads,drawing_circles_is_hard,1517,696,407.1,0,,,
astar-jps-dial,no_roads,drawing_circles_is_hard,2095,2248,66.3,0,,,
astar-jps-dial,no_roads,drawing_circles_is_hard,13,1968,627.7,0,,,
astar-dial-cheb,with_roads,drawing_circles_is_hard,1652,269,440.8,0,,,
astar-dial-cheb,with_roads,drawing_circles_is_hard,51,1922,1076.6,0,,,
astar-dial-cheb,with_roads,drawing_circles_is_hard,690,608,727.4,0,,,
astar-dial-cheb,with_roads,drawing_circles_is_hard,552,339,907.5,0,,,
astar-dial-cheb,with_roads,drawing_circles_is_hard,1909,247,1641.5,0,,,
astar-dial-cheb,with_roads,drawing_circles_is_hard,1754,1919,307.0,0,,,
astar-dial-cheb,with_roads,drawing_circles_is_hard,2310,1398,1054.7,0,,,
astar-dial-cheb,with_roads,drawing_circles_is_hard,201,1522,953.4,0,,,
astar-dial-cheb,with_roads,drawing_circles_is_hard,1085,71,137.8,0,,,
astar-dial-cheb,with_roads,drawing_circles_is_hard,67,219,17.9,0,,,
astar-dial-cheb,with_roads,drawing_circles_is_hard,540,578,203.9,0,,,
astar-dial-cheb,with_roads,drawing_circles_is_hard,1293,1548,184.4,0,,,
astar-dial-cheb,with_roads,drawing_circles_is_hard,54,1446,458.0,0,,,
astar-dial-cheb,with_roads,drawing_circles_is_hard,489,1858,1203.7,0,,,
astar-dial-cheb,with_roads,drawing_circles_is_hard,1687,1817,638.3,0,,,
astar-dial-cheb,with_roads,drawing_circles_is_hard,1398,1076,313.7,0,,,
astar-dial-cheb,with_roads,drawing_circles_is_hard,546,1160,997.7,0,,,
astar-dial-cheb,with_roads,drawing_circles_is_hard,1517,696,1061.7,0,,,
astar-dial-cheb,with_roads,drawing_circles_is_hard,2095,2248,28.2,0,,,
astar-dial-cheb,with_roads,drawing_circles_is_hard,13,1968,1356.3,0,,,
astar-jps,with_roads,drawing_circles_is_hard,1652,269,300.1,0,,,
astar-jps,with_roads,drawing_circles_is_hard,51,1922,238.5,0,,,
astar-jps,with_roads,drawing_circles_is_hard,690,608,281.8,0,,,
astar-jps,with_roads,drawing_circles_is_hard,552,339,222.5,0,,,
astar-jps,with_roads,drawing_circles_is_hard,1909,247,453.2,0,,,
astar-jps,with_roads,drawing_circles_is_hard,1754,1919,136.0,0,,,
astar-jps,with_roads,drawing_circles_is_hard,2310,1398,243.6,0,,,
astar-jps,with_roads,drawing_circles_is_hard,201,1522,351.7,0,,,
astar-jps,with_roads,drawing_circles_is_hard,1085,71,119.3,0,,,
astar-jps,with_roads,drawing_circles_is_hard,67,219,48.3,0,,,
astar-jps,with_roads,drawing_circles_is_hard,540,578,226.5,0,,,
astar-jps,with_roads,drawing_circles_is_hard,1293,1548,151.2,0,,,
astar-jps,with_roads,drawing_circles_is_hard,54,1446,447.6,0,,,
astar-jps,with_roads,drawing_circles_is_hard,489,1858,423.0,0,,,
astar-jps,with_roads,drawing_circles_is_hard,1687,1817,388.3,0,,,
astar-jps,with_roads,drawing_circles_is_hard,1398,1076,136.3,0,,,
astar-jps,with_roads,drawing_circles_is_hard,546,1160,573.5,0,,,
astar-jps,with_roads,drawing_circles_is_hard,1517,696,234.9,0,,,
astar-jps,with_roads,drawing_circles_is_hard,2095,2248,39.2,0,,,
astar-jps,with_roads,drawing_circles_is_hard,13,1968,614.5,0,,,
astar-jps-dial,with_roads,drawing_circles_is_hard,1652,269,343.4,0,,,
astar-jps-dial,with_roads,drawing_circles_is_hard,51,1922,263.4,0,,,
astar-jps-dial,with_roads,drawing_circles_is_hard,690,608,555.3,0,,,
astar-jps-dial,with_roads,drawing_circles_is_hard,552,339,446.5,0,,,
astar-jps-dial,with_roads,drawing_circles_is_hard,1909,247,548.9,0,,,
astar-jps-dial,with_roads,drawing_circles_is_hard,1754,1919,205.6,0,,,
astar-jps-dial,with_roads,drawing_circles_is_hard,2310,1398,399.1,0,,,
astar-jps-dial,with_roads,drawing_circles_is_hard,201,1522,329.9,0,,,
astar-jps-dial,with_roads,drawing_circles_is_hard,1085,71,177.1,0,,,
astar-jps-dial,with_roads,drawing_circles_is_hard,67,219,75.0,0,,,
astar-jps-dial,with_roads,drawing_circles_is_hard,540,578,259.9,0,,,
astar-jps-dial,with_roads,drawing_circles_is_hard,1293,1548,176.1,0,,,
astar-jps-dial,with_roads,drawing_circles_is_hard,54,1446,460.2,0,,,
astar-jps-dial,with_roads,drawing_circles_is_hard,489,1858,372.2,0,,,
astar-jps-dial,with_roads,drawing_circles_is_hard,1687,1817,338.9,0,,,
astar-jps-dial,with_roads,drawing_circles_is_hard,1398,1076,215.5,0,,,
astar-jps-dial,with_roads,drawing_circles_is_hard,546,1160,573.2,0,,,
astar-jps-dial,with_roads,drawing_circles_is_hard,1517,696,413.8,0,,,
astar-jps-dial,with_roads,drawing_circles_is_hard,2095,2248,65.3,0,,,
astar-jps-dial,with_roads,drawing_circles_is_hard,13,1968,602.1,0,,,
astar-dial-cheb,no_roads,face,377,74,211.7,0,,,
astar-dial-cheb,no_roads,face,14,158,67.8,0,,,
astar-dial-cheb,no_roads,face,143,132,128.7,0,,,
astar-dial-cheb,no_roads,face,89,67,18.6,0,,,
astar-dial-cheb,no_roads,face,396,319,30.4,0,,,
astar-dial-cheb,no_roads,face,58,350,217.0,0,,,
astar-dial-cheb,no_roads,face,246,18,275.3,0,,,
astar-dial-cheb,no_roads,face,17,61,164.2,0,,,
astar-dial-cheb,no_roads,face,129,137,113.4,0,,,
astar-dial-cheb,no_roads,face,293,356,36.3,0,,,
astar-dial-cheb,no_roads,face,15,334,205.8,0,,,
astar-dial-cheb,no_roads,face,119,382,217.9,0,,,
astar-dial-cheb,no_roads,face,319,244,191.1,0,,,
astar-dial-cheb,no_roads,face,130,259,131.7,0,,,
astar-dial-cheb,no_roads,face,349,160,119.6,0,,,
astar-dial-cheb,no_roads,face,3,99,172.8,0,,,
astar-dial-cheb,no_roads,face,246,198,227.3,0,,,
astar-dial-cheb,no_roads,face,160,97,235.8,0,,,
astar-dial-cheb,no_roads,face,128,196,110.7,0,,,
astar-dial-cheb,no_roads,face,67,61,61.4,0,,,
astar-jps,no_roads,face,377,74,123.6,0,,,
astar-jps,no_roads,face,14,158,80.4,0,,,
astar-jps,no_roads,face,143,132,71.3,0,,,
astar-jps,no_roads,face,89,67,35.4,0,,,
astar-jps,no_roads,face,396,319,34.1,0,,,
astar-jps,no_roads,face,58,350,212.9,0,,,
astar-jps,no_roads,face,246,18,105.0,0,,,
astar-jps,no_roads,face,17,61,46.2,0,,,
astar-jps,no_roads,face,129,137,43.9,0,,,
astar-jps,no_roads,face,293,356,41.3,0,,,
astar-jps,no_roads,face,15,334,149.7,0,,,
astar-jps,no_roads,face,119,382,154.6,0,,,
astar-jps,no_roads,face,319,244,140.8,0,,,
astar-jps,no_roads,face,130,259,105.1,0,,,
astar-jps,no_roads,face,349,160,106.5,0,,,
astar-jps,no_roads,face,3,99,131.6,0,,,
astar-jps,no_roads,face,246,198,90.1,0,,,
astar-jps,no_roads,face,160,97,154.3,0,,,
astar-jps,no_roads,face,128,196,60.9,0,,,
astar-jps,no_roads,face,67,61,32.6,0,,,
astar-jps-dial,no_roads,face,377,74,147.3,0,,,
astar-jps-dial,no_roads,face,14,158,77.0,0,,,
astar-jps-dial,no_roads,face,143,132,95.0,0,,,
astar-jps-dial,no_roads,face,89,67,74.6,0,,,
astar-jps-dial,no_roads,face,396,319,78.4,0,,,
astar-jps-dial,no_roads,face,58,350,413.5,0,,,
astar-jps-dial,no_roads,face,246,18,200.4,0,,,
astar-jps-dial,no_roads,face,17,61,120.8,0,,,
astar-jps-dial,no_roads,face,129,137,80.2,0,,,
astar-jps-dial,no_roads,face,293,356,75.1,0,,,
astar-jps-dial,no_roads,face,15,334,213.7,0,,,
astar-jps-dial,no_roads,face,119,382,157.3,0,,,
astar-jps-dial,no_roads,face,319,244,282.8,0,,,
astar-jps-dial,no_roads,face,130,259,115.1,0,,,
astar-jps-dial,no_roads,face,349,160,109.1,0,,,
astar-jps-dial,no_roads,face,3,99,110.6,0,,,
astar-jps-dial,no_roads,face,246,198,112.7,0,,,
astar-jps-dial,no_roads,face,160,97,153.7,0,,,
astar-jps-dial,no_roads,face,128,196,70.2,0,,,
astar-jps-dial,no_roads,face,67,61,60.1,0,,,
astar-dial-cheb,with_roads,face,377,74,193.8,0,,,
astar-dial-cheb,with_roads,face,14,158,68.5,0,,,
astar-dial-cheb,with_roads,face,143,132,134.0,0,,,
astar-dial-cheb,with_roads,face,89,67,19.4,0,,,
astar-dial-cheb,with_roads,face,396,319,29.7,0,,,
astar-dial-cheb,with_roads,face,58,350,226.5,0,,,
astar-dial-cheb,with_roads,face,246,18,279.9,0,,,
astar-dial-cheb,with_roads,face,17,61,110.3,0,,,
astar-dial-cheb,with_roads,face,129,137,116.3,0,,,
astar-dial-cheb,with_roads,face,293,356,37.4,0,,,
astar-dial-cheb,with_roads,face,15,334,222.2,0,,,
astar-dial-cheb,with_roads,face,119,382,224.8,0,,,
astar-dial-cheb,with_roads,face,319,244,198.2,0,,,
astar-dial-cheb,with_roads,face,130,259,142.6,0,,,
astar-dial-cheb,with_roads,face,349,160,113.6,0,,,
astar-dial-cheb,with_roads,face,3,99,157.7,0,,,
astar-dial-cheb,with_roads,face,246,198,229.5,0,,,
astar-dial-cheb,with_roads,face,160,97,260.7,0,,,
astar-dial-cheb,with_roads,face,128,196,115.1,0,,,
astar-dial-cheb,with_roads,face,67,61,58.9,0,,,
astar-jps,with_roads,face,377,74,112.0,0,,,
astar-jps,with_roads,face,14,158,79.4,0,,,
astar-jps,with_roads,face,143,132,72.7,0,,,
astar-jps,with_roads,face,89,67,35.7,0,,,
astar-jps,with_roads,face,396,319,35.8,0,,,
astar-jps,with_roads,face,58,350,218.8,0,,,
astar-jps,with_roads,face,246,18,114.7,0,,,
astar-jps,with_roads,face,17,61,46.9,0,,,
astar-jps,with_roads,face,129,137,44.4,0,,,
astar-jps,with_roads,face,293,356,42.0,0,,,
astar-jps,with_roads,face,15,334,154.7,0,,,
astar-jps,with_roads,face,119,382,126.2,0,,,
astar-jps,with_roads,face,319,244,97.3,0,,,
astar-jps,with_roads,face,130,259,70.9,0,,,
astar-jps,with_roads,face,349,160,75.1,0,,,
astar-jps,with_roads,face,3,99,95.6,0,,,
astar-jps,with_roads,face,246,198,72.5,0,,,
astar-jps,with_roads,face,160,97,129.3,0,,,
astar-jps,with_roads,face,128,196,56.0,0,,,
astar-jps,with_roads,face,67,61,25.9,0,,,
astar-jps-dial,with_roads,face,377,74,125.6,0,,,
astar-jps-dial,with_roads,face,14,158,66.3,0,,,
astar-jps-dial,with_roads,face,143,132,73.0,0,,,
astar-jps-dial,with_roads,face,89,67,48.5,0,,,
astar-jps-dial,with_roads,face,396,319,47.3,0,,,
astar-jps-dial,with_roads,face,58,350,258.3,0,,,
astar-jps-dial,with_roads,face,246,18,126.4,0,,,
astar-jps-dial,with_roads,face,17,61,86.1,0,,,
astar-jps-dial,with_roads,face,129,137,49.1,0,,,
astar-jps-dial,with_roads,face,293,356,55.6,0,,,
astar-jps-dial,with_roads,face,15,334,143.7,0,,,
astar-jps-dial,with_roads,face,119,382,134.7,0,,,
astar-jps-dial,with_roads,face,319,244,234.0,0,,,
astar-jps-dial,with_roads,face,130,259,84.2,0,,,
astar-jps-dial,with_roads,face,349,160,87.6,0,,,
astar-jps-dial,with_roads,face,3,99,110.3,0,,,
astar-jps-dial,with_roads,face,246,198,118.4,0,,,
astar-jps-dial,with_roads,face,160,97,156.6,0,,,
astar-jps-dial,with_roads,face,128,196,71.1,0,,,
astar-jps-dial,with_roads,face,67,61,60.5,0,,,
astar-dial-cheb,no_roads,first_sound,210,25,62.8,0,,,
astar-dial-cheb,no_roads,first_sound,444,413,199.0,0,,,
astar-dial-cheb,no_roads,first_sound,388,271,133.9,0,,,
astar-dial-cheb,no_roads,first_sound,194,840,847.3,0,,,
astar-dial-cheb,no_roads,first_sound,166,674,445.8,0,,,
astar-dial-cheb,no_roads,first_sound,37,35,29.3,0,,,
astar-dial-cheb,no_roads,first_sound,177,382,121.8,0,,,
astar-dial-cheb,no_roads,first_sound,399,795,564.9,0,,,
astar-dial-cheb,no_roads,first_sound,27,856,734.7,0,,,
astar-dial-cheb,no_roads,first_sound,360,840,472.1,0,,,
astar-dial-cheb,no_roads,first_sound,671,384,279.7,0,,,
astar-dial-cheb,no_roads,first_sound,711,447,363.3,0,,,
astar-dial-cheb,no_roads,first_sound,6,299,132.7,0,,,
astar-dial-cheb,no_roads,first_sound,674,568,81.4,0,,,
astar-dial-cheb,no_roads,first_sound,447,295,113.9,0,,,
astar-dial-cheb,no_roads,first_sound,379,564,486.7,0,,,
astar-dial-cheb,no_roads,first_sound,194,174,20.3,0,,,
astar-dial-cheb,no_roads,first_sound,623,183,525.9,0,,,
astar-dial-cheb,no_roads,first_sound,596,575,17.0,0,,,
astar-dial-cheb,no_roads,first_sound,433,58,367.1,0,,,
astar-jps,no_roads,first_sound,210,25,77.5,0,,,
astar-jps,no_roads,first_sound,444,413,133.0,0,,,
astar-jps,no_roads,first_sound,388,271,103.3,0,,,
astar-jps,no_roads,first_sound,194,840,278.7,0,,,
astar-jps,no_roads,first_sound,166,674,265.4,0,,,
astar-jps,no_roads,first_sound,37,35,48.8,0,,,
astar-jps,no_roads,first_sound,177,382,108.4,0,,,
astar-jps,no_roads,first_sound,399,795,343.7,0,,,
astar-jps,no_roads,first_sound,27,856,448.4,0,,,
astar-jps,no_roads,first_sound,360,840,368.0,0,,,
astar-jps,no_roads,first_sound,671,384,146.4,0,,,
astar-jps,no_roads,first_sound,711,447,192.6,0,,,
astar-jps,no_roads,first_sound,6,299,116.2,0,,,
astar-jps,no_roads,first_sound,674,568,92.1,0,,,
astar-jps,no_roads,first_sound,447,295,68.8,0,,,
astar-jps,no_roads,first_sound,379,564,222.0,0,,,
astar-jps,no_roads,first_sound,194,174,30.4,0,,,
astar-jps,no_roads,first_sound,623,183,124.7,0,,,
astar-jps,no_roads,first_sound,596,575,19.0,0,,,
astar-jps,no_roads,first_sound,433,58,128.5,0,,,
astar-jps-dial,no_roads,first_sound,210,25,93.4,0,,,
astar-jps-dial,no_roads,first_sound,444,413,157.0,0,,,
astar-jps-dial,no_roads,first_sound,388,271,121.6,0,,,
astar-jps-dial,no_roads,first_sound,194,840,163.7,0,,,
astar-jps-dial,no_roads,first_sound,166,674,248.1,0,,,
astar-jps-dial,no_roads,first_sound,37,35,66.1,0,,,
astar-jps-dial,no_roads,first_sound,177,382,96.9,0,,,
astar-jps-dial,no_roads,first_sound,399,795,332.1,0,,,
astar-jps-dial,no_roads,first_sound,27,856,373.5,0,,,
astar-jps-dial,no_roads,first_sound,360,840,136.6,0,,,
astar-jps-dial,no_roads,first_sound,671,384,163.2,0,,,
astar-jps-dial,no_roads,first_sound,711,447,207.0,0,,,
astar-jps-dial,no_roads,first_sound,6,299,149.9,0,,,
astar-jps-dial,no_roads,first_sound,674,568,102.7,0,,,
astar-jps-dial,no_roads,first_sound,447,295,105.0,0,,,
astar-jps-dial,no_roads,first_sound,379,564,246.0,0,,,
astar-jps-dial,no_roads,first_sound,194,174,61.9,0,,,
astar-jps-dial,no_roads,first_sound,623,183,164.6,0,,,
astar-jps-dial,no_roads,first_sound,596,575,50.1,0,,,
astar-jps-dial,no_roads,first_sound,433,58,170.9,0,,,
astar-dial-cheb,with_roads,first_sound,210,25,72.6,0,,,
astar-dial-cheb,with_roads,first_sound,444,413,154.0,0,,,
astar-dial-cheb,with_roads,first_sound,388,271,115.8,0,,,
astar-dial-cheb,with_roads,first_sound,194,840,513.8,0,,,
astar-dial-cheb,with_roads,first_sound,166,674,416.2,0,,,
astar-dial-cheb,with_roads,first_sound,37,35,32.1,0,,,
astar-dial-cheb,with_roads,first_sound,177,382,113.4,0,,,
astar-dial-cheb,with_roads,first_sound,399,795,494.9,0,,,
astar-dial-cheb,with_roads,first_sound,27,856,646.5,0,,,
astar-dial-cheb,with_roads,first_sound,360,840,405.1,0,,,
astar-dial-cheb,with_roads,first_sound,671,384,220.4,0,,,
astar-dial-cheb,with_roads,first_sound,711,447,285.9,0,,,
astar-dial-cheb,with_roads,first_sound,6,299,117.7,0,,,
astar-dial-cheb,with_roads,first_sound,674,568,65.1,0,,,
astar-dial-cheb,with_roads,first_sound,447,295,88.9,0,,,
astar-dial-cheb,with_roads,first_sound,379,564,376.7,0,,,
astar-dial-cheb,with_roads,first_sound,194,174,15.7,0,,,
astar-dial-cheb,with_roads,first_sound,623,183,426.4,0,,,
astar-dial-cheb,with_roads,first_sound,596,575,14.1,0,,,
astar-dial-cheb,with_roads,first_sound,433,58,327.6,0,,,
astar-jps,with_roads,first_sound,210,25,63.2,0,,,
astar-jps,with_roads,first_sound,444,413,103.9,0,,,
astar-jps,with_roads,first_sound,388,271,84.5,0,,,
astar-jps,with_roads,first_sound,194,840,219.0,0,,,
astar-jps,with_roads,first_sound,166,674,214.3,0,,,
astar-jps,with_roads,first_sound,37,35,41.9,0,,,
astar-jps,with_roads,first_sound,177,382,88.1,0,,,
astar-jps,with_roads,first_sound,399,795,288.2,0,,,
astar-jps,with_roads,first_sound,27,856,363.9,0,,,
astar-jps,with_roads,first_sound,360,840,190.4,0,,,
astar-jps,with_roads,first_sound,671,384,124.8,0,,,
astar-jps,with_roads,first_sound,711,447,176.5,0,,,
astar-jps,with_roads,first_sound,6,299,105.6,0,,,
astar-jps,with_roads,first_sound,674,568,70.2,0,,,
astar-jps,with_roads,first_sound,447,295,67.5,0,,,
astar-jps,with_roads,first_sound,379,564,217.5,0,,,
astar-jps,with_roads,first_sound,194,174,29.9,0,,,
astar-jps,with_roads,first_sound,623,183,120.0,0,,,
astar-jps,with_roads,first_sound,596,575,18.4,0,,,
astar-jps,with_roads,first_sound,433,58,125.9,0,,,
astar-jps-dial,with_roads,first_sound,210,25,86.7,0,,,
astar-jps-dial,with_roads,first_sound,444,413,152.9,0,,,
astar-jps-dial,with_roads,first_sound,388,271,115.4,0,,,
astar-jps-dial,with_roads,first_sound,194,840,158.3,0,,,
astar-jps-dial,with_roads,first_sound,166,674,240.1,0,,,
astar-jps-dial,with_roads,first_sound,37,35,64.7,0,,,
astar-jps-dial,with_roads,first_sound,177,382,93.5,0,,,
astar-jps-dial,with_roads,first_sound,399,795,320.8,0,,,
astar-jps-dial,with_roads,first_sound,27,856,364.9,0,,,
astar-jps-dial,with_roads,first_sound,360,840,132.9,0,,,
astar-jps-dial,with_roads,first_sound,671,384,158.1,0,,,
astar-jps-dial,with_roads,first_sound,711,447,199.9,0,,,
astar-jps-dial,with_roads,first_sound,6,299,138.1,0,,,
astar-jps-dial,with_roads,first_sound,674,568,102.3,0,,,
astar-jps-dial,with_roads,first_sound,447,295,101.3,0,,,
astar-jps-dial,with_roads,first_sound,379,564,241.2,0,,,
astar-jps-dial,with_roads,first_sound,194,174,62.9,0,,,
astar-jps-dial,with_roads,first_sound,623,183,160.5,0,,,
astar-jps-dial,with_roads,first_sound,596,575,49.1,0,,,
astar-jps-dial,with_roads,first_sound,433,58,163.5,0,,,
astar-dial-cheb,no_roads,flappy_bird,196,44,407.6,0,,,
astar-dial-cheb,no_roads,flappy_bird,436,382,39.1,0,,,
astar-dial-cheb,no_roads,flappy_bird,346,238,170.8,0,,,
astar-dial-cheb,no_roads,flappy_bird,182,159,22.9,0,,,
astar-dial-cheb,no_roads,flappy_bird,654,57,407.8,0,,,
astar-dial-cheb,no_roads,flappy_bird,54,165,163.3,0,,,
astar-dial-cheb,no_roads,flappy_bird,333,363,390.1,0,,,
astar-dial-cheb,no_roads,flappy_bird,48,305,230.2,0,,,
astar-dial-cheb,no_roads,flappy_bird,651,339,117.1,0,,,
astar-dial-cheb,no_roads,flappy_bird,696,440,35.6,0,,,
astar-dial-cheb,no_roads,flappy_bird,10,261,37.7,0,,,
astar-dial-cheb,no_roads,flappy_bird,654,537,399.3,0,,,
astar-dial-cheb,no_roads,flappy_bird,440,257,190.0,0,,,
astar-dial-cheb,no_roads,flappy_bird,328,532,78.6,0,,,
astar-dial-cheb,no_roads,flappy_bird,182,164,21.8,0,,,
astar-dial-cheb,no_roads,flappy_bird,596,170,33.7,0,,,
astar-dial-cheb,no_roads,flappy_bird,564,546,37.0,0,,,
astar-dial-cheb,no_roads,flappy_bird,414,80,160.8,0,,,
astar-dial-cheb,no_roads,flappy_bird,718,210,399.8,0,,,
astar-dial-cheb,no_roads,flappy_bird,592,143,393.3,0,,,
astar-jps,no_roads,flappy_bird,196,44,287.3,0,,,
astar-jps,no_roads,flappy_bird,436,382,24.9,0,,,
astar-jps,no_roads,flappy_bird,346,238,130.2,0,,,
astar-jps,no_roads,flappy_bird,182,159,17.4,0,,,
astar-jps,no_roads,flappy_bird,654,57,247.5,0,,,
astar-jps,no_roads,flappy_bird,54,165,139.9,0,,,
astar-jps,no_roads,flappy_bird,333,363,242.3,0,,,
astar-jps,no_roads,flappy_bird,48,305,159.0,0,,,
astar-jps,no_roads,flappy_bird,651,339,94.2,0,,,
astar-jps,no_roads,flappy_bird,696,440,21.8,0,,,
astar-jps,no_roads,flappy_bird,10,261,20.3,0,,,
astar-jps,no_roads,flappy_bird,654,537,239.4,0,,,
astar-jps,no_roads,flappy_bird,440,257,141.4,0,,,
astar-jps,no_roads,flappy_bird,328,532,81.0,0,,,
astar-jps,no_roads,flappy_bird,182,164,16.2,0,,,
astar-jps,no_roads,flappy_bird,596,170,22.1,0,,,
astar-jps,no_roads,flappy_bird,564,546,20.4,0,,,
astar-jps,no_roads,flappy_bird,414,80,93.0,0,,,
astar-jps,no_roads,flappy_bird,718,210,252.9,0,,,
astar-jps,no_roads,flappy_bird,592,143,250.6,0,,,
astar-jps-dial,no_roads,flappy_bird,196,44,324.0,0,,,
astar-jps-dial,no_roads,flappy_bird,436,382,71.4,0,,,
astar-jps-dial,no_roads,flappy_bird,346,238,157.8,0,,,
astar-jps-dial,no_roads,flappy_bird,182,159,62.3,0,,,
astar-jps-dial,no_roads,flappy_bird,654,57,303.9,0,,,
astar-jps-dial,no_roads,flappy_bird,54,165,361.4,0,,,
astar-jps-dial,no_roads,flappy_bird,333,363,350.3,0,,,
astar-jps-dial,no_roads,flappy_bird,48,305,193.1,0,,,
astar-jps-dial,no_roads,flappy_bird,651,339,131.7,0,,,
astar-jps-dial,no_roads,flappy_bird,696,440,65.2,0,,,
astar-jps-dial,no_roads,flappy_bird,10,261,62.9,0,,,
astar-jps-dial,no_roads,flappy_bird,654,537,306.7,0,,,
astar-jps-dial,no_roads,flappy_bird,440,257,172.9,0,,,
astar-jps-dial,no_roads,flappy_bird,328,532,111.8,0,,,
astar-jps-dial,no_roads,flappy_bird,182,164,58.5,0,,,
astar-jps-dial,no_roads,flappy_bird,596,170,63.2,0,,,
astar-jps-dial,no_roads,flappy_bird,564,546,62.6,0,,,
astar-jps-dial,no_roads,flappy_bird,414,80,124.8,0,,,
astar-jps-dial,no_roads,flappy_bird,718,210,313.7,0,,,
astar-jps-dial,no_roads,flappy_bird,592,143,308.2,0,,,
astar-dial-cheb,with_roads,flappy_bird,196,44,466.6,0,,,
astar-dial-cheb,with_roads,flappy_bird,436,382,43.3,0,,,
astar-dial-cheb,with_roads,flappy_bird,346,238,177.7,0,,,
astar-dial-cheb,with_roads,flappy_bird,182,159,25.8,0,,,
astar-dial-cheb,with_roads,flappy_bird,654,57,678.3,0,,,
astar-dial-cheb,with_roads,flappy_bird,54,165,132.8,0,,,
astar-dial-cheb,with_roads,flappy_bird,333,363,526.7,0,,,
astar-dial-cheb,with_roads,flappy_bird,48,305,195.0,0,,,
astar-dial-cheb,with_roads,flappy_bird,651,339,114.1,0,,,
astar-dial-cheb,with_roads,flappy_bird,696,440,40.3,0,,,
astar-dial-cheb,with_roads,flappy_bird,10,261,47.8,0,,,
astar-dial-cheb,with_roads,flappy_bird,654,537,681.9,0,,,
astar-dial-cheb,with_roads,flappy_bird,440,257,171.4,0,,,
astar-dial-cheb,with_roads,flappy_bird,328,532,43.1,0,,,
astar-dial-cheb,with_roads,flappy_bird,182,164,26.4,0,,,
astar-dial-cheb,with_roads,flappy_bird,596,170,34.6,0,,,
astar-dial-cheb,with_roads,flappy_bird,564,546,35.6,0,,,
astar-dial-cheb,with_roads,flappy_bird,414,80,44.5,0,,,
astar-dial-cheb,with_roads,flappy_bird,718,210,387.1,0,,,
astar-dial-cheb,with_roads,flappy_bird,592,143,395.3,0,,,
astar-jps,with_roads,flappy_bird,196,44,297.6,0,,,
astar-jps,with_roads,flappy_bird,436,382,25.4,0,,,
astar-jps,with_roads,flappy_bird,346,238,130.7,0,,,
astar-jps,with_roads,flappy_bird,182,159,17.9,0,,,
astar-jps,with_roads,flappy_bird,654,57,249.4,0,,,
astar-jps,with_roads,flappy_bird,54,165,141.0,0,,,
astar-jps,with_roads,flappy_bird,333,363,244.5,0,,,
astar-jps,with_roads,flappy_bird,48,305,166.2,0,,,
astar-jps,with_roads,flappy_bird,651,339,96.4,0,,,
astar-jps,with_roads,flappy_bird,696,440,23.1,0,,,
astar-jps,with_roads,flappy_bird,10,261,20.8,0,,,
astar-jps,with_roads,flappy_bird,654,537,240.3,0,,,
astar-jps,with_roads,flappy_bird,440,257,154.5,0,,,
astar-jps,with_roads,flappy_bird,328,532,88.5,0,,,
astar-jps,with_roads,flappy_bird,182,164,16.6,0,,,
astar-jps,with_roads,flappy_bird,596,170,21.0,0,,,
astar-jps,with_roads,flappy_bird,564,546,19.9,0,,,
astar-jps,with_roads,flappy_bird,414,80,93.8,0,,,
astar-jps,with_roads,flappy_bird,718,210,258.5,0,,,
astar-jps,with_roads,flappy_bird,592,143,248.7,0,,,
astar-jps-dial,with_roads,flappy_bird,196,44,330.8,0,,,
astar-jps-dial,with_roads,flappy_bird,436,382,70.4,0,,,
astar-jps-dial,with_roads,flappy_bird,346,238,158.1,0,,,
astar-jps-dial,with_roads,flappy_bird,182,159,61.2,0,,,
astar-jps-dial,with_roads,flappy_bird,654,57,301.4,0,,,
astar-jps-dial,with_roads,flappy_bird,54,165,169.1,0,,,
astar-jps-dial,with_roads,flappy_bird,333,363,308.7,0,,,
astar-jps-dial,with_roads,flappy_bird,48,305,191.1,0,,,
astar-jps-dial,with_roads,flappy_bird,651,339,129.7,0,,,
astar-jps-dial,with_roads,flappy_bird,696,440,70.0,0,,,
astar-jps-dial,with_roads,flappy_bird,10,261,92.4,0,,,
astar-jps-dial,with_roads,flappy_bird,654,537,571.8,0,,,
astar-jps-dial,with_roads,flappy_bird,440,257,202.3,0,,,
astar-jps-dial,with_roads,flappy_bird,328,532,120.0,0,,,
astar-jps-dial,with_roads,flappy_bird,182,164,62.8,0,,,
astar-jps-dial,with_roads,flappy_bird,596,170,66.7,0,,,
astar-jps-dial,with_roads,flappy_bird,564,546,62.0,0,,,
astar-jps-dial,with_roads,flappy_bird,414,80,139.9,0,,,
astar-jps-dial,with_roads,flappy_bird,718,210,315.4,0,,,
astar-jps-dial,with_roads,flappy_bird,592,143,314.3,0,,,
astar-dial-cheb,no_roads,flowers,1729,296,970.6,0,,,
astar-dial-cheb,no_roads,flowers,52,746,681.1,0,,,
astar-dial-cheb,no_roads,flowers,678,631,49.9,0,,,
astar-dial-cheb,no_roads,flowers,377,262,780.3,0,,,
astar-dial-cheb,no_roads,flowers,1810,1450,400.8,0,,,
astar-dial-cheb,no_roads,flowers,216,1582,1326.5,0,,,
astar-dial-cheb,no_roads,flowers,1107,67,626.3,0,,,
astar-dial-cheb,no_roads,flowers,63,230,40.0,0,,,
astar-dial-cheb,no_roads,flowers,618,653,87.4,0,,,
astar-dial-cheb,no_roads,flowers,1327,1619,97.0,0,,,
astar-dial-cheb,no_roads,flowers,56,1495,1236.2,0,,,
astar-dial-cheb,no_roads,flowers,567,1754,931.3,0,,,
astar-dial-cheb,no_roads,flowers,1450,1102,614.7,0,,,
astar-dial-cheb,no_roads,flowers,622,1168,313.0,0,,,
astar-dial-cheb,no_roads,flowers,1578,752,513.0,0,,,
astar-dial-cheb,no_roads,flowers,14,430,181.9,0,,,
astar-dial-cheb,no_roads,flowers,1108,907,561.6,0,,,
astar-dial-cheb,no_roads,flowers,752,422,215.0,0,,,
astar-dial-cheb,no_roads,flowers,611,900,623.3,0,,,
astar-dial-cheb,no_roads,flowers,262,228,143.3,0,,,
astar-jps,no_roads,flowers,1729,296,329.3,0,,,
astar-jps,no_roads,flowers,52,746,337.2,0,,,
astar-jps,no_roads,flowers,678,631,94.2,0,,,
astar-jps,no_roads,flowers,377,262,176.2,0,,,
astar-jps,no_roads,flowers,1810,1450,161.7,0,,,
astar-jps,no_roads,flowers,216,1582,795.2,0,,,
astar-jps,no_roads,flowers,1107,67,433.7,0,,,
astar-jps,no_roads,flowers,63,230,59.8,0,,,
astar-jps,no_roads,flowers,618,653,77.1,0,,,
astar-jps,no_roads,flowers,1327,1619,94.8,0,,,
astar-jps,no_roads,flowers,56,1495,776.9,0,,,
astar-jps,no_roads,flowers,567,1754,637.0,0,,,
astar-jps,no_roads,flowers,1450,1102,352.5,0,,,
astar-jps,no_roads,flowers,622,1168,194.1,0,,,
astar-jps,no_roads,flowers,1578,752,351.2,0,,,
astar-jps,no_roads,flowers,14,430,87.5,0,,,
astar-jps,no_roads,flowers,1108,907,240.2,0,,,
astar-jps,no_roads,flowers,752,422,174.3,0,,,
astar-jps,no_roads,flowers,611,900,295.0,0,,,
astar-jps,no_roads,flowers,262,228,79.8,0,,,
astar-jps-dial,no_roads,flowers,1729,296,351.6,0,,,
astar-jps-dial,no_roads,flowers,52,746,373.5,0,,,
astar-jps-dial,no_roads,flowers,678,631,122.3,0,,,
astar-jps-dial,no_roads,flowers,377,262,367.6,0,,,
astar-jps-dial,no_roads,flowers,1810,1450,182.9,0,,,
astar-jps-dial,no_roads,flowers,216,1582,826.8,0,,,
astar-jps-dial,no_roads,flowers,1107,67,476.7,0,,,
astar-jps-dial,no_roads,flowers,63,230,90.3,0,,,
astar-jps-dial,no_roads,flowers,618,653,97.6,0,,,
astar-jps-dial,no_roads,flowers,1327,1619,119.6,0,,,
astar-jps-dial,no_roads,flowers,56,1495,828.3,0,,,
astar-jps-dial,no_roads,flowers,567,1754,700.8,0,,,
astar-jps-dial,no_roads,flowers,1450,1102,434.5,0,,,
astar-jps-dial,no_roads,flowers,622,1168,228.2,0,,,
astar-jps-dial,no_roads,flowers,1578,752,392.1,0,,,
astar-jps-dial,no_roads,flowers,14,430,121.6,0,,,
astar-jps-dial,no_roads,flowers,1108,907,281.7,0,,,
astar-jps-dial,no_roads,flowers,752,422,203.6,0,,,
astar-jps-dial,no_roads,flowers,611,900,332.4,0,,,
astar-jps-dial,no_roads,flowers,262,228,151.0,0,,,
astar-dial-cheb,with_roads,flowers,1729,296,461.4,0,,,
astar-dial-cheb,with_roads,flowers,52,746,505.3,0,,,
astar-dial-cheb,with_roads,flowers,678,631,24.7,0,,,
astar-dial-cheb,with_roads,flowers,377,262,372.4,0,,,
astar-dial-cheb,with_roads,flowers,1810,1450,79.5,0,,,
astar-dial-cheb,with_roads,flowers,216,1582,952.8,0,,,
astar-dial-cheb,with_roads,flowers,1107,67,291.5,0,,,
astar-dial-cheb,with_roads,flowers,63,230,60.9,0,,,
astar-dial-cheb,with_roads,flowers,618,653,83.2,0,,,
astar-dial-cheb,with_roads,flowers,1327,1619,69.0,0,,,
astar-dial-cheb,with_roads,flowers,56,1495,917.6,0,,,
astar-dial-cheb,with_roads,flowers,567,1754,870.9,0,,,
astar-dial-cheb,with_roads,flowers,1450,1102,436.9,0,,,
astar-dial-cheb,with_roads,flowers,622,1168,153.5,0,,,
astar-dial-cheb,with_roads,flowers,1578,752,284.3,0,,,
astar-dial-cheb,with_roads,flowers,14,430,195.3,0,,,
astar-dial-cheb,with_roads,flowers,1108,907,732.6,0,,,
astar-dial-cheb,with_roads,flowers,752,422,90.3,0,,,
astar-dial-cheb,with_roads,flowers,611,900,650.4,0,,,
astar-dial-cheb,with_roads,flowers,262,228,117.3,0,,,
astar-jps,with_roads,flowers,1729,296,308.8,0,,,
astar-jps,with_roads,flowers,52,746,334.5,0,,,
astar-jps,with_roads,flowers,678,631,90.7,0,,,
astar-jps,with_roads,flowers,377,262,177.9,0,,,
astar-jps,with_roads,flowers,1810,1450,163.6,0,,,
astar-jps,with_roads,flowers,216,1582,782.9,0,,,
astar-jps,with_roads,flowers,1107,67,429.3,0,,,
astar-jps,with_roads,flowers,63,230,60.0,0,,,
astar-jps,with_roads,flowers,618,653,74.9,0,,,
astar-jps,with_roads,flowers,1327,1619,92.7,0,,,
astar-jps,with_roads,flowers,56,1495,768.2,0,,,
astar-jps,with_roads,flowers,567,1754,621.4,0,,,
astar-jps,with_roads,flowers,1450,1102,347.1,0,,,
astar-jps,with_roads,flowers,622,1168,200.7,0,,,
astar-jps,with_roads,flowers,1578,752,349.6,0,,,
astar-jps,with_roads,flowers,14,430,97.7,0,,,
astar-jps,with_roads,flowers,1108,907,242.2,0,,,
astar-jps,with_roads,flowers,752,422,170.6,0,,,
astar-jps,with_roads,flowers,611,900,286.2,0,,,
astar-jps,with_roads,flowers,262,228,78.0,0,,,
astar-jps-dial,with_roads,flowers,1729,296,350.0,0,,,
astar-jps-dial,with_roads,flowers,52,746,373.2,0,,,
astar-jps-dial,with_roads,flowers,678,631,115.8,0,,,
astar-jps-dial,with_roads,flowers,377,262,372.0,0,,,
astar-jps-dial,with_roads,flowers,1810,1450,185.7,0,,,
astar-jps-dial,with_roads,flowers,216,1582,823.7,0,,,
astar-jps-dial,with_roads,flowers,1107,67,467.9,0,,,
astar-jps-dial,with_roads,flowers,63,230,85.5,0,,,
astar-jps-dial,with_roads,flowers,618,653,95.0,0,,,
astar-jps-dial,with_roads,flowers,1327,1619,115.3,0,,,
astar-jps-dial,with_roads,flowers,56,1495,799.6,0,,,
astar-jps-dial,with_roads,flowers,567,1754,669.2,0,,,
astar-jps-dial,with_roads,flowers,1450,1102,422.8,0,,,
astar-jps-dial,with_roads,flowers,622,1168,229.6,0,,,
astar-jps-dial,with_roads,flowers,1578,752,379.2,0,,,
astar-jps-dial,with_roads,flowers,14,430,114.7,0,,,
astar-jps-dial,with_roads,flowers,1108,907,278.8,0,,,
astar-jps-dial,with_roads,flowers,752,422,210.7,0,,,
astar-jps-dial,with_roads,flowers,611,900,332.2,0,,,
astar-jps-dial,with_roads,flowers,262,228,145.9,0,,,
astar-dial-cheb,no_roads,galaxy,1467,235,847.5,0,,,
astar-dial-cheb,no_roads,galaxy,51,612,245.2,0,,,
astar-dial-cheb,no_roads,galaxy,540,486,253.8,0,,,
astar-dial-cheb,no_roads,galaxy,297,213,159.0,0,,,
astar-dial-cheb,no_roads,galaxy,1543,1259,92.6,0,,,
astar-dial-cheb,no_roads,galaxy,180,1360,865.9,0,,,
astar-dial-cheb,no_roads,galaxy,972,65,701.5,0,,,
astar-dial-cheb,no_roads,galaxy,61,194,195.2,0,,,
astar-dial-cheb,no_roads,galaxy,476,512,48.7,0,,,
astar-dial-cheb,no_roads,galaxy,1173,1386,310.7,0,,,
astar-dial-cheb,no_roads,galaxy,54,1294,862.0,0,,,
astar-dial-cheb,no_roads,galaxy,426,1488,938.4,0,,,
astar-dial-cheb,no_roads,galaxy,1594,1259,257.3,0,,,
astar-dial-cheb,no_roads,galaxy,965,480,177.1,0,,,
astar-dial-cheb,no_roads,galaxy,1036,1357,116.4,0,,,
astar-dial-cheb,no_roads,galaxy,619,13,475.4,0,,,
astar-dial-cheb,no_roads,galaxy,341,1587,1193.5,0,,,
astar-dial-cheb,no_roads,galaxy,973,767,64.7,0,,,
astar-dial-cheb,no_roads,galaxy,619,331,135.0,0,,,
astar-dial-cheb,no_roads,galaxy,469,759,176.0,0,,,
astar-jps,no_roads,galaxy,1467,235,260.4,0,,,
astar-jps,no_roads,galaxy,51,612,159.3,0,,,
astar-jps,no_roads,galaxy,540,486,109.3,0,,,
astar-jps,no_roads,galaxy,297,213,123.1,0,,,
astar-jps,no_roads,galaxy,1543,1259,92.3,0,,,
astar-jps,no_roads,galaxy,180,1360,355.9,0,,,
astar-jps,no_roads,galaxy,972,65,171.2,0,,,
astar-jps,no_roads,galaxy,61,194,89.0,0,,,
astar-jps,no_roads,galaxy,476,512,59.3,0,,,
astar-jps,no_roads,galaxy,1173,1386,199.2,0,,,
astar-jps,no_roads,galaxy,54,1294,648.8,0,,,
astar-jps,no_roads,galaxy,426,1488,496.3,0,,,
astar-jps,no_roads,galaxy,1594,1259,157.2,0,,,
astar-jps,no_roads,galaxy,965,480,112.2,0,,,
astar-jps,no_roads,galaxy,1036,1357,71.2,0,,,
astar-jps,no_roads,galaxy,619,13,174.6,0,,,
astar-jps,no_roads,galaxy,341,1587,484.9,0,,,
astar-jps,no_roads,galaxy,973,767,64.8,0,,,
astar-jps,no_roads,galaxy,619,331,77.9,0,,,
astar-jps,no_roads,galaxy,469,759,90.6,0,,,
astar-jps-dial,no_roads,galaxy,1467,235,420.5,0,,,
astar-jps-dial,no_roads,galaxy,51,612,163.2,0,,,
astar-jps-dial,no_roads,galaxy,540,486,224.7,0,,,
astar-jps-dial,no_roads,galaxy,297,213,193.8,0,,,
astar-jps-dial,no_roads,galaxy,1543,1259,139.5,0,,,
astar-jps-dial,no_roads,galaxy,180,1360,367.2,0,,,
astar-jps-dial,no_roads,galaxy,972,65,336.9,0,,,
astar-jps-dial,no_roads,galaxy,61,194,147.2,0,,,
astar-jps-dial,no_roads,galaxy,476,512,81.6,0,,,
astar-jps-dial,no_roads,galaxy,1173,1386,218.0,0,,,
astar-jps-dial,no_roads,galaxy,54,1294,742.9,0,,,
astar-jps-dial,no_roads,galaxy,426,1488,441.2,0,,,
astar-jps-dial,no_roads,galaxy,1594,1259,182.7,0,,,
astar-jps-dial,no_roads,galaxy,965,480,174.4,0,,,
astar-jps-dial,no_roads,galaxy,1036,1357,83.6,0,,,
astar-jps-dial,no_roads,galaxy,619,13,242.7,0,,,
astar-jps-dial,no_roads,galaxy,341,1587,528.2,0,,,
astar-jps-dial,no_roads,galaxy,973,767,90.3,0,,,
astar-jps-dial,no_roads,galaxy,619,331,128.0,0,,,
astar-jps-dial,no_roads,galaxy,469,759,112.4,0,,,
astar-dial-cheb,with_roads,galaxy,1467,235,835.9,0,,,
astar-dial-cheb,with_roads,galaxy,51,612,134.0,0,,,
astar-dial-cheb,with_roads,galaxy,540,486,138.0,0,,,
astar-dial-cheb,with_roads,galaxy,297,213,96.9,0,,,
astar-dial-cheb,with_roads,galaxy,1543,1259,91.2,0,,,
astar-dial-cheb,with_roads,galaxy,180,1360,903.3,0,,,
astar-dial-cheb,with_roads,galaxy,972,65,625.8,0,,,
astar-dial-cheb,with_roads,galaxy,61,194,211.0,0,,,
astar-dial-cheb,with_roads,galaxy,476,512,55.6,0,,,
astar-dial-cheb,with_roads,galaxy,1173,1386,346.2,0,,,
astar-dial-cheb,with_roads,galaxy,54,1294,885.3,0,,,
astar-dial-cheb,with_roads,galaxy,426,1488,1201.3,0,,,
astar-dial-cheb,with_roads,galaxy,1594,1259,267.2,0,,,
astar-dial-cheb,with_roads,galaxy,965,480,181.3,0,,,
astar-dial-cheb,with_roads,galaxy,1036,1357,114.4,0,,,
astar-dial-cheb,with_roads,galaxy,619,13,289.5,0,,,
astar-dial-cheb,with_roads,galaxy,341,1587,1205.8,0,,,
astar-dial-cheb,with_roads,galaxy,973,767,63.9,0,,,
astar-dial-cheb,with_roads,galaxy,619,331,68.4,0,,,
astar-dial-cheb,with_roads,galaxy,469,759,177.2,0,,,
astar-jps,with_roads,galaxy,1467,235,274.5,0,,,
astar-jps,with_roads,galaxy,51,612,165.4,0,,,
astar-jps,with_roads,galaxy,540,486,114.8,0,,,
astar-jps,with_roads,galaxy,297,213,129.2,0,,,
astar-jps,with_roads,galaxy,1543,1259,99.2,0,,,
astar-jps,with_roads,galaxy,180,1360,358.2,0,,,
astar-jps,with_roads,galaxy,972,65,174.3,0,,,
astar-jps,with_roads,galaxy,61,194,87.7,0,,,
astar-jps,with_roads,galaxy,476,512,60.7,0,,,
astar-jps,with_roads,galaxy,1173,1386,205.0,0,,,
astar-jps,with_roads,galaxy,54,1294,676.4,0,,,
astar-jps,with_roads,galaxy,426,1488,501.0,0,,,
astar-jps,with_roads,galaxy,1594,1259,169.9,0,,,
astar-jps,with_roads,galaxy,965,480,121.0,0,,,
astar-jps,with_roads,galaxy,1036,1357,74.2,0,,,
astar-jps,with_roads,galaxy,619,13,182.8,0,,,
astar-jps,with_roads,galaxy,341,1587,506.1,0,,,
astar-jps,with_roads,galaxy,973,767,72.8,0,,,
astar-jps,with_roads,galaxy,619,331,82.3,0,,,
astar-jps,with_roads,galaxy,469,759,96.9,0,,,
astar-jps-dial,with_roads,galaxy,1467,235,443.2,0,,,
astar-jps-dial,with_roads,galaxy,51,612,173.2,0,,,
astar-jps-dial,with_roads,galaxy,540,486,223.0,0,,,
astar-jps-dial,with_roads,galaxy,297,213,194.7,0,,,
astar-jps-dial,with_roads,galaxy,1543,1259,142.9,0,,,
astar-jps-dial,with_roads,galaxy,180,1360,388.9,0,,,
astar-jps-dial,with_roads,galaxy,972,65,346.2,0,,,
astar-jps-dial,with_roads,galaxy,61,194,146.8,0,,,
astar-jps-dial,with_roads,galaxy,476,512,82.8,0,,,
astar-jps-dial,with_roads,galaxy,1173,1386,227.3,0,,,
astar-jps-dial,with_roads,galaxy,54,1294,779.7,0,,,
astar-jps-dial,with_roads,galaxy,426,1488,461.9,0,,,
astar-jps-dial,with_roads,galaxy,1594,1259,184.8,0,,,
astar-jps-dial,with_roads,galaxy,965,480,179.2,0,,,
astar-jps-dial,with_roads,galaxy,1036,1357,93.2,0,,,
astar-jps-dial,with_roads,galaxy,619,13,251.5,0,,,
astar-jps-dial,with_roads,galaxy,341,1587,546.0,0,,,
astar-jps-dial,with_roads,galaxy,973,767,92.1,0,,,
astar-jps-dial,with_roads,galaxy,619,331,130.3,0,,,
astar-jps-dial,with_roads,galaxy,469,759,118.2,0,,,
astar-dial-cheb,no_roads,gaussian,124,25,105.3,0,,,
astar-dial-cheb,no_roads,gaussian,312,277,15.6,0,,,
astar-dial-cheb,no_roads,gaussian,253,156,124.6,0,,,
astar-dial-cheb,no_roads,gaussian,111,650,378.6,0,,,
astar-dial-cheb,no_roads,gaussian,96,495,358.4,0,,,
astar-dial-cheb,no_roads,gaussian,32,30,16.6,0,,,
astar-dial-cheb,no_roads,gaussian,102,248,434.6,0,,,
astar-dial-cheb,no_roads,gaussian,264,600,252.9,0,,,
astar-dial-cheb,no_roads,gaussian,27,671,318.2,0,,,
astar-dial-cheb,no_roads,gaussian,225,650,222.8,0,,,
astar-dial-cheb,no_roads,gaussian,492,250,70.0,0,,,
astar-dial-cheb,no_roads,gaussian,528,315,52.3,0,,,
astar-dial-cheb,no_roads,gaussian,6,178,45.9,0,,,
astar-dial-cheb,no_roads,gaussian,495,391,24.9,0,,,
astar-dial-cheb,no_roads,gaussian,315,174,502.4,0,,,
astar-dial-cheb,no_roads,gaussian,245,387,35.0,0,,,
astar-dial-cheb,no_roads,gaussian,111,101,442.9,0,,,
astar-dial-cheb,no_roads,gaussian,446,106,474.8,0,,,
astar-dial-cheb,no_roads,gaussian,418,398,287.9,0,,,
astar-dial-cheb,no_roads,gaussian,300,44,145.1,0,,,
astar-jps,no_roads,gaussian,124,25,75.8,0,,,
astar-jps,no_roads,gaussian,312,277,45.0,0,,,
astar-jps,no_roads,gaussian,253,156,79.4,0,,,
astar-jps,no_roads,gaussian,111,650,342.3,0,,,
astar-jps,no_roads,gaussian,96,495,299.3,0,,,
astar-jps,no_roads,gaussian,32,30,27.5,0,,,
astar-jps,no_roads,gaussian,102,248,240.9,0,,,
astar-jps,no_roads,gaussian,264,600,131.7,0,,,
astar-jps,no_roads,gaussian,27,671,137.3,0,,,
astar-jps,no_roads,gaussian,225,650,125.1,0,,,
astar-jps,no_roads,gaussian,492,250,54.1,0,,,
astar-jps,no_roads,gaussian,528,315,36.3,0,,,
astar-jps,no_roads,gaussian,6,178,65.9,0,,,
astar-jps,no_roads,gaussian,495,391,54.0,0,,,
astar-jps,no_roads,gaussian,315,174,153.4,0,,,
astar-jps,no_roads,gaussian,245,387,62.2,0,,,
astar-jps,no_roads,gaussian,111,101,79.7,0,,,
astar-jps,no_roads,gaussian,446,106,95.2,0,,,
astar-jps,no_roads,gaussian,418,398,222.8,0,,,
astar-jps,no_roads,gaussian,300,44,66.0,0,,,
astar-jps-dial,no_roads,gaussian,124,25,90.7,0,,,
astar-jps-dial,no_roads,gaussian,312,277,63.3,0,,,
astar-jps-dial,no_roads,gaussian,253,156,122.3,0,,,
astar-jps-dial,no_roads,gaussian,111,650,339.6,0,,,
astar-jps-dial,no_roads,gaussian,96,495,301.0,0,,,
astar-jps-dial,no_roads,gaussian,32,30,66.6,0,,,
astar-jps-dial,no_roads,gaussian,102,248,428.5,0,,,
astar-jps-dial,no_roads,gaussian,264,600,150.8,0,,,
astar-jps-dial,no_roads,gaussian,27,671,157.2,0,,,
astar-jps-dial,no_roads,gaussian,225,650,143.9,0,,,
astar-jps-dial,no_roads,gaussian,492,250,74.5,0,,,
astar-jps-dial,no_roads,gaussian,528,315,65.2,0,,,
astar-jps-dial,no_roads,gaussian,6,178,84.9,0,,,
astar-jps-dial,no_roads,gaussian,495,391,68.3,0,,,
astar-jps-dial,no_roads,gaussian,315,174,529.7,0,,,
astar-jps-dial,no_roads,gaussian,245,387,83.6,0,,,
astar-jps-dial,no_roads,gaussian,111,101,268.0,0,,,
astar-jps-dial,no_roads,gaussian,446,106,373.3,0,,,
astar-jps-dial,no_roads,gaussian,418,398,301.7,0,,,
astar-jps-dial,no_roads,gaussian,300,44,108.3,0,,,
astar-dial-cheb,with_roads,gaussian,124,25,97.3,0,,,
astar-dial-cheb,with_roads,gaussian,312,277,15.1,0,,,
astar-dial-cheb,with_roads,gaussian,253,156,117.6,0,,,
astar-dial-cheb,with_roads,gaussian,111,650,261.1,0,,,
astar-dial-cheb,with_roads,gaussian,96,495,368.3,0,,,
astar-dial-cheb,with_roads,gaussian,32,30,16.7,0,,,
astar-dial-cheb,with_roads,gaussian,102,248,385.9,0,,,
astar-dial-cheb,with_roads,gaussian,264,600,265.8,0,,,
astar-dial-cheb,with_roads,gaussian,27,671,354.9,0,,,
astar-dial-cheb,with_roads,gaussian,225,650,85.8,0,,,
astar-dial-cheb,with_roads,gaussian,492,250,69.4,0,,,
astar-dial-cheb,with_roads,gaussian,528,315,51.6,0,,,
astar-dial-cheb,with_roads,gaussian,6,178,52.8,0,,,
astar-dial-cheb,with_roads,gaussian,495,391,25.7,0,,,
astar-dial-cheb,with_roads,gaussian,315,174,507.3,0,,,
astar-dial-cheb,with_roads,gaussian,245,387,35.5,0,,,
astar-dial-cheb,with_roads,gaussian,111,101,428.1,0,,,
astar-dial-cheb,with_roads,gaussian,446,106,178.7,0,,,
astar-dial-cheb,with_roads,gaussian,418,398,286.0,0,,,
astar-dial-cheb,with_roads,gaussian,300,44,32.2,0,,,
astar-jps,with_roads,gaussian,124,25,69.1,0,,,
astar-jps,with_roads,gaussian,312,277,42.1,0,,,
astar-jps,with_roads,gaussian,253,156,81.7,0,,,
astar-jps,with_roads,gaussian,111,650,334.5,0,,,
astar-jps,with_roads,gaussian,96,495,289.4,0,,,
astar-jps,with_roads,gaussian,32,30,27.4,0,,,
astar-jps,with_roads,gaussian,102,248,241.0,0,,,
astar-jps,with_roads,gaussian,264,600,131.0,0,,,
astar-jps,with_roads,gaussian,27,671,136.1,0,,,
astar-jps,with_roads,gaussian,225,650,123.7,0,,,
astar-jps,with_roads,gaussian,492,250,52.0,0,,,
astar-jps,with_roads,gaussian,528,315,34.8,0,,,
astar-jps,with_roads,gaussian,6,178,66.2,0,,,
astar-jps,with_roads,gaussian,495,391,46.7,0,,,
astar-jps,with_roads,gaussian,315,174,151.4,0,,,
astar-jps,with_roads,gaussian,245,387,59.5,0,,,
astar-jps,with_roads,gaussian,111,101,82.4,0,,,
astar-jps,with_roads,gaussian,446,106,91.1,0,,,
astar-jps,with_roads,gaussian,418,398,217.9,0,,,
astar-jps,with_roads,gaussian,300,44,64.4,0,,,
astar-jps-dial,with_roads,gaussian,124,25,82.5,0,,,
astar-jps-dial,with_roads,gaussian,312,277,64.8,0,,,
astar-jps-dial,with_roads,gaussian,253,156,113.9,0,,,
astar-jps-dial,with_roads,gaussian,111,650,334.9,0,,,
astar-jps-dial,with_roads,gaussian,96,495,299.6,0,,,
astar-jps-dial,with_roads,gaussian,32,30,67.2,0,,,
astar-jps-dial,with_roads,gaussian,102,248,416.3,0,,,
astar-jps-dial,with_roads,gaussian,264,600,151.9,0,,,
astar-jps-dial,with_roads,gaussian,27,671,152.2,0,,,
astar-jps-dial,with_roads,gaussian,225,650,141.2,0,,,
astar-jps-dial,with_roads,gaussian,492,250,71.8,0,,,
astar-jps-dial,with_roads,gaussian,528,315,63.3,0,,,
astar-jps-dial,with_roads,gaussian,6,178,84.7,0,,,
astar-jps-dial,with_roads,gaussian,495,391,66.3,0,,,
astar-jps-dial,with_roads,gaussian,315,174,515.6,0,,,
astar-jps-dial,with_roads,gaussian,245,387,81.1,0,,,
astar-jps-dial,with_roads,gaussian,111,101,263.3,0,,,
astar-jps-dial,with_roads,gaussian,446,106,355.1,0,,,
astar-jps-dial,with_roads,gaussian,418,398,301.3,0,,,
astar-jps-dial,with_roads,gaussian,300,44,107.9,0,,,
astar-dial-cheb,no_roads,git_branches,1707,228,372.0,0,,,
astar-dial-cheb,no_roads,git_branches,51,627,833.6,0,,,
astar-dial-cheb,no_roads,git_branches,541,481,803.1,0,,,
astar-dial-cheb,no_roads,git_branches,285,209,391.8,0,,,
astar-dial-cheb,no_roads,git_branches,1477,178,352.0,0,,,
astar-dial-cheb,no_roads,git_branches,1607,1098,340.6,0,,,
astar-dial-cheb,no_roads,git_branches,65,61,40.3,0,,,
astar-dial-cheb,no_roads,git_branches,191,453,565.6,0,,,
astar-dial-cheb,no_roads,git_branches,508,1354,785.6,0,,,
astar-dial-cheb,no_roads,git_branches,1630,54,336.3,0,,,
astar-dial-cheb,no_roads,git_branches,1528,407,348.3,0,,,
astar-dial-cheb,no_roads,git_branches,1728,1477,48.9,0,,,
astar-dial-cheb,no_roads,git_branches,1089,457,647.7,0,,,
astar-dial-cheb,no_roads,git_branches,1213,1604,810.1,0,,,
astar-dial-cheb,no_roads,git_branches,645,13,478.2,0,,,
astar-dial-cheb,no_roads,git_branches,326,1099,828.9,0,,,
astar-dial-cheb,no_roads,git_branches,835,645,131.2,0,,,
astar-dial-cheb,no_roads,git_branches,318,446,464.9,0,,,
astar-dial-cheb,no_roads,git_branches,814,209,280.0,0,,,
astar-dial-cheb,no_roads,git_branches,189,953,727.3,0,,,
astar-jps,no_roads,git_branches,1707,228,186.6,0,,,
astar-jps,no_roads,git_branches,51,627,696.3,0,,,
astar-jps,no_roads,git_branches,541,481,680.1,0,,,
astar-jps,no_roads,git_branches,285,209,128.5,0,,,
astar-jps,no_roads,git_branches,1477,178,175.6,0,,,
astar-jps,no_roads,git_branches,1607,1098,170.0,0,,,
astar-jps,no_roads,git_branches,65,61,127.7,0,,,
astar-jps,no_roads,git_branches,191,453,182.2,0,,,
astar-jps,no_roads,git_branches,508,1354,682.3,0,,,
astar-jps,no_roads,git_branches,1630,54,159.7,0,,,
astar-jps,no_roads,git_branches,1528,407,168.7,0,,,
astar-jps,no_roads,git_branches,1728,1477,79.7,0,,,
astar-jps,no_roads,git_branches,1089,457,370.0,0,,,
astar-jps,no_roads,git_branches,1213,1604,926.8,0,,,
astar-jps,no_roads,git_branches,645,13,140.4,0,,,
astar-jps,no_roads,git_branches,326,1099,717.9,0,,,
astar-jps,no_roads,git_branches,835,645,122.0,0,,,
astar-jps,no_roads,git_branches,318,446,164.3,0,,,
astar-jps,no_roads,git_branches,814,209,244.2,0,,,
astar-jps,no_roads,git_branches,189,953,284.6,0,,,
astar-jps-dial,no_roads,git_branches,1707,228,228.7,0,,,
astar-jps-dial,no_roads,git_branches,51,627,749.2,0,,,
astar-jps-dial,no_roads,git_branches,541,481,734.0,0,,,
astar-jps-dial,no_roads,git_branches,285,209,163.3,0,,,
astar-jps-dial,no_roads,git_branches,1477,178,227.6,0,,,
astar-jps-dial,no_roads,git_branches,1607,1098,205.2,0,,,
astar-jps-dial,no_roads,git_branches,65,61,155.4,0,,,
astar-jps-dial,no_roads,git_branches,191,453,219.6,0,,,
astar-jps-dial,no_roads,git_branches,508,1354,733.8,0,,,
astar-jps-dial,no_roads,git_branches,1630,54,209.5,0,,,
astar-jps-dial,no_roads,git_branches,1528,407,218.5,0,,,
astar-jps-dial,no_roads,git_branches,1728,1477,105.7,0,,,
astar-jps-dial,no_roads,git_branches,1089,457,405.8,0,,,
astar-jps-dial,no_roads,git_branches,1213,1604,992.2,0,,,
astar-jps-dial,no_roads,git_branches,645,13,187.8,0,,,
astar-jps-dial,no_roads,git_branches,326,1099,770.9,0,,,
astar-jps-dial,no_roads,git_branches,835,645,152.3,0,,,
astar-jps-dial,no_roads,git_branches,318,446,202.1,0,,,
astar-jps-dial,no_roads,git_branches,814,209,278.1,0,,,
astar-jps-dial,no_roads,git_branches,189,953,312.6,0,,,
astar-dial-cheb,with_roads,git_branches,1707,228,361.2,0,,,
astar-dial-cheb,with_roads,git_branches,51,627,798.5,0,,,
astar-dial-cheb,with_roads,git_branches,541,481,822.4,0,,,
astar-dial-cheb,with_roads,git_branches,285,209,300.2,0,,,
astar-dial-cheb,with_roads,git_branches,1477,178,351.2,0,,,
astar-dial-cheb,with_roads,git_branches,1607,1098,339.0,0,,,
astar-dial-cheb,with_roads,git_branches,65,61,26.3,0,,,
astar-dial-cheb,with_roads,git_branches,191,453,514.4,0,,,
astar-dial-cheb,with_roads,git_branches,508,1354,793.1,0,,,
astar-dial-cheb,with_roads,git_branches,1630,54,337.2,0,,,
astar-dial-cheb,with_roads,git_branches,1528,407,371.0,0,,,
astar-dial-cheb,with_roads,git_branches,1728,1477,68.7,0,,,
astar-dial-cheb,with_roads,git_branches,1089,457,665.8,0,,,
astar-dial-cheb,with_roads,git_branches,1213,1604,810.0,0,,,
astar-dial-cheb,with_roads,git_branches,645,13,340.7,0,,,
astar-dial-cheb,with_roads,git_branches,326,1099,858.3,0,,,
astar-dial-cheb,with_roads,git_branches,835,645,127.0,0,,,
astar-dial-cheb,with_roads,git_branches,318,446,496.7,0,,,
astar-dial-cheb,with_roads,git_branches,814,209,315.6,0,,,
astar-dial-cheb,with_roads,git_branches,189,953,689.4,0,,,
astar-jps,with_roads,git_branches,1707,228,177.2,0,,,
astar-jps,with_roads,git_branches,51,627,698.7,0,,,
astar-jps,with_roads,git_branches,541,481,670.4,0,,,
astar-jps,with_roads,git_branches,285,209,132.0,0,,,
astar-jps,with_roads,git_branches,1477,178,166.2,0,,,
astar-jps,with_roads,git_branches,1607,1098,161.8,0,,,
astar-jps,with_roads,git_branches,65,61,127.2,0,,,
astar-jps,with_roads,git_branches,191,453,173.8,0,,,
astar-jps,with_roads,git_branches,508,1354,671.4,0,,,
astar-jps,with_roads,git_branches,1630,54,150.0,0,,,
astar-jps,with_roads,git_branches,1528,407,159.2,0,,,
astar-jps,with_roads,git_branches,1728,1477,70.4,0,,,
astar-jps,with_roads,git_branches,1089,457,361.5,0,,,
astar-jps,with_roads,git_branches,1213,1604,913.0,0,,,
astar-jps,with_roads,git_branches,645,13,141.2,0,,,
astar-jps,with_roads,git_branches,326,1099,713.2,0,,,
astar-jps,with_roads,git_branches,835,645,122.0,0,,,
astar-jps,with_roads,git_branches,318,446,160.6,0,,,
astar-jps,with_roads,git_branches,814,209,237.0,0,,,
astar-jps,with_roads,git_branches,189,953,274.4,0,,,
astar-jps-dial,with_roads,git_branches,1707,228,236.9,0,,,
astar-jps-dial,with_roads,git_branches,51,627,762.2,0,,,
astar-jps-dial,with_roads,git_branches,541,481,740.6,0,,,
astar-jps-dial,with_roads,git_branches,285,209,163.2,0,,,
astar-jps-dial,with_roads,git_branches,1477,178,220.4,0,,,
astar-jps-dial,with_roads,git_branches,1607,1098,200.5,0,,,
astar-jps-dial,with_roads,git_branches,65,61,159.4,0,,,
astar-jps-dial,with_roads,git_branches,191,453,219.6,0,,,
astar-jps-dial,with_roads,git_branches,508,1354,743.9,0,,,
astar-jps-dial,with_roads,git_branches,1630,54,201.6,0,,,
astar-jps-dial,with_roads,git_branches,1528,407,215.1,0,,,
astar-jps-dial,with_roads,git_branches,1728,1477,100.5,0,,,
astar-jps-dial,with_roads,git_branches,1089,457,400.5,0,,,
astar-jps-dial,with_roads,git_branches,1213,1604,991.5,0,,,
astar-jps-dial,with_roads,git_branches,645,13,182.8,0,,,
astar-jps-dial,with_roads,git_branches,326,1099,769.5,0,,,
astar-jps-dial,with_roads,git_branches,835,645,151.6,0,,,
astar-jps-dial,with_roads,git_branches,318,446,196.9,0,,,
astar-jps-dial,with_roads,git_branches,814,209,270.2,0,,,
astar-jps-dial,with_roads,git_branches,189,953,309.7,0,,,
astar-dial-cheb,no_roads,hooks,793,131,543.3,0,,,
astar-dial-cheb,no_roads,hooks,25,923,494.3,0,,,
astar-dial-cheb,no_roads,hooks,334,300,28.1,0,,,
astar-dial-cheb,no_roads,hooks,268,167,97.4,0,,,
astar-dial-cheb,no_roads,hooks,917,121,487.3,0,,,
astar-dial-cheb,no_roads,hooks,839,922,253.1,0,,,
astar-dial-cheb,no_roads,hooks,681,98,493.7,0,,,
astar-dial-cheb,no_roads,hooks,736,526,124.7,0,,,
astar-dial-cheb,no_roads,hooks,32,30,400.7,0,,,
astar-dial-cheb,no_roads,hooks,105,257,32.8,0,,,
astar-dial-cheb,no_roads,hooks,279,628,138.2,0,,,
astar-dial-cheb,no_roads,hooks,748,27,641.6,0,,,
astar-dial-cheb,no_roads,hooks,704,236,246.3,0,,,
astar-dial-cheb,no_roads,hooks,893,810,335.5,0,,,
astar-dial-cheb,no_roads,hooks,874,681,362.9,0,,,
astar-dial-cheb,no_roads,hooks,523,261,324.7,0,,,
astar-dial-cheb,no_roads,hooks,559,735,371.7,0,,,
astar-dial-cheb,no_roads,hooks,337,6,320.1,0,,,
astar-dial-cheb,no_roads,hooks,941,193,442.4,0,,,
astar-dial-cheb,no_roads,hooks,870,526,437.7,0,,,
astar-jps,no_roads,hooks,793,131,293.6,0,,,
astar-jps,no_roads,hooks,25,923,272.6,0,,,
astar-jps,no_roads,hooks,334,300,51.9,0,,,
astar-jps,no_roads,hooks,268,167,75.6,0,,,
astar-jps,no_roads,hooks,917,121,175.5,0,,,
astar-jps,no_roads,hooks,839,922,216.7,0,,,
astar-jps,no_roads,hooks,681,98,320.9,0,,,
astar-jps,no_roads,hooks,736,526,65.1,0,,,
astar-jps,no_roads,hooks,32,30,34.3,0,,,
astar-jps,no_roads,hooks,105,257,46.5,0,,,
astar-jps,no_roads,hooks,279,628,127.1,0,,,
astar-jps,no_roads,hooks,748,27,272.6,0,,,
astar-jps,no_roads,hooks,704,236,85.1,0,,,
astar-jps,no_roads,hooks,893,810,163.3,0,,,
astar-jps,no_roads,hooks,874,681,152.3,0,,,
astar-jps,no_roads,hooks,523,261,241.0,0,,,
astar-jps,no_roads,hooks,559,735,157.3,0,,,
astar-jps,no_roads,hooks,337,6,144.9,0,,,
astar-jps,no_roads,hooks,941,193,116.1,0,,,
astar-jps,no_roads,hooks,870,526,153.7,0,,,
astar-jps-dial,no_roads,hooks,793,131,304.5,0,,,
astar-jps-dial,no_roads,hooks,25,923,276.3,0,,,
astar-jps-dial,no_roads,hooks,334,300,69.5,0,,,
astar-jps-dial,no_roads,hooks,268,167,90.5,0,,,
astar-jps-dial,no_roads,hooks,917,121,218.3,0,,,
astar-jps-dial,no_roads,hooks,839,922,220.9,0,,,
astar-jps-dial,no_roads,hooks,681,98,356.1,0,,,
astar-jps-dial,no_roads,hooks,736,526,87.1,0,,,
astar-jps-dial,no_roads,hooks,32,30,64.9,0,,,
astar-jps-dial,no_roads,hooks,105,257,64.6,0,,,
astar-jps-dial,no_roads,hooks,279,628,136.0,0,,,
astar-jps-dial,no_roads,hooks,748,27,369.6,0,,,
astar-jps-dial,no_roads,hooks,704,236,171.3,0,,,
astar-jps-dial,no_roads,hooks,893,810,185.3,0,,,
astar-jps-dial,no_roads,hooks,874,681,241.0,0,,,
astar-jps-dial,no_roads,hooks,523,261,270.2,0,,,
astar-jps-dial,no_roads,hooks,559,735,170.9,0,,,
astar-jps-dial,no_roads,hooks,337,6,165.2,0,,,
astar-jps-dial,no_roads,hooks,941,193,260.3,0,,,
astar-jps-dial,no_roads,hooks,870,526,217.3,0,,,
astar-dial-cheb,with_roads,hooks,793,131,221.5,0,,,
astar-dial-cheb,with_roads,hooks,25,923,534.0,0,,,
astar-dial-cheb,with_roads,hooks,334,300,28.5,0,,,
astar-dial-cheb,with_roads,hooks,268,167,97.9,0,,,
astar-dial-cheb,with_roads,hooks,917,121,499.6,0,,,
astar-dial-cheb,with_roads,hooks,839,922,263.9,0,,,
astar-dial-cheb,with_roads,hooks,681,98,164.9,0,,,
astar-dial-cheb,with_roads,hooks,736,526,135.8,0,,,
astar-dial-cheb,with_roads,hooks,32,30,551.6,0,,,
astar-dial-cheb,with_roads,hooks,105,257,37.1,0,,,
astar-dial-cheb,with_roads,hooks,279,628,199.4,0,,,
astar-dial-cheb,with_roads,hooks,748,27,650.9,0,,,
astar-dial-cheb,with_roads,hooks,704,236,255.3,0,,,
astar-dial-cheb,with_roads,hooks,893,810,412.8,0,,,
astar-dial-cheb,with_roads,hooks,874,681,356.2,0,,,
astar-dial-cheb,with_roads,hooks,523,261,106.3,0,,,
astar-dial-cheb,with_roads,hooks,559,735,407.8,0,,,
astar-dial-cheb,with_roads,hooks,337,6,309.4,0,,,
astar-dial-cheb,with_roads,hooks,941,193,158.4,0,,,
astar-dial-cheb,with_roads,hooks,870,526,387.5,0,,,
astar-jps,with_roads,hooks,793,131,288.5,0,,,
astar-jps,with_roads,hooks,25,923,278.1,0,,,
astar-jps,with_roads,hooks,334,300,47.5,0,,,
astar-jps,with_roads,hooks,268,167,73.7,0,,,
astar-jps,with_roads,hooks,917,121,173.8,0,,,
astar-jps,with_roads,hooks,839,922,217.1,0,,,
astar-jps,with_roads,hooks,681,98,320.7,0,,,
astar-jps,with_roads,hooks,736,526,67.9,0,,,
astar-jps,with_roads,hooks,32,30,34.6,0,,,
astar-jps,with_roads,hooks,105,257,46.6,0,,,
astar-jps,with_roads,hooks,279,628,119.8,0,,,
astar-jps,with_roads,hooks,748,27,273.3,0,,,
astar-jps,with_roads,hooks,704,236,85.0,0,,,
astar-jps,with_roads,hooks,893,810,163.0,0,,,
astar-jps,with_roads,hooks,874,681,152.0,0,,,
astar-jps,with_roads,hooks,523,261,242.5,0,,,
astar-jps,with_roads,hooks,559,735,158.4,0,,,
astar-jps,with_roads,hooks,337,6,145.1,0,,,
astar-jps,with_roads,hooks,941,193,117.4,0,,,
astar-jps,with_roads,hooks,870,526,155.5,0,,,
astar-jps-dial,with_roads,hooks,793,131,298.4,0,,,
astar-jps-dial,with_roads,hooks,25,923,273.9,0,,,
astar-jps-dial,with_roads,hooks,334,300,69.3,0,,,
astar-jps-dial,with_roads,hooks,268,167,91.8,0,,,
astar-jps-dial,with_roads,hooks,917,121,218.0,0,,,
astar-jps-dial,with_roads,hooks,839,922,221.1,0,,,
astar-jps-dial,with_roads,hooks,681,98,354.3,0,,,
astar-jps-dial,with_roads,hooks,736,526,86.5,0,,,
astar-jps-dial,with_roads,hooks,32,30,65.0,0,,,
astar-jps-dial,with_roads,hooks,105,257,63.4,0,,,
astar-jps-dial,with_roads,hooks,279,628,139.3,0,,,
astar-jps-dial,with_roads,hooks,748,27,375.6,0,,,
astar-jps-dial,with_roads,hooks,704,236,166.6,0,,,
astar-jps-dial,with_roads,hooks,893,810,183.8,0,,,
astar-jps-dial,with_roads,hooks,874,681,242.4,0,,,
astar-jps-dial,with_roads,hooks,523,261,267.8,0,,,
astar-jps-dial,with_roads,hooks,559,735,166.9,0,,,
astar-jps-dial,with_roads,hooks,337,6,161.8,0,,,
astar-jps-dial,with_roads,hooks,941,193,260.9,0,,,
astar-jps-dial,with_roads,hooks,870,526,213.9,0,,,
astar-dial-cheb,no_roads,hopscotch,281,62,108.5,0,,,
astar-dial-cheb,no_roads,hopscotch,674,605,292.1,0,,,
astar-dial-cheb,no_roads,hopscotch,546,342,430.6,0,,,
astar-dial-cheb,no_roads,hopscotch,253,219,35.8,0,,,
astar-dial-cheb,no_roads,hopscotch,1022,80,915.0,0,,,
astar-dial-cheb,no_roads,hopscotch,74,234,11.1,0,,,
astar-dial-cheb,no_roads,hopscotch,534,566,13.1,0,,,
astar-dial-cheb,no_roads,hopscotch,1217,65,685.6,0,,,
astar-dial-cheb,no_roads,hopscotch,489,1017,277.3,0,,,
astar-dial-cheb,no_roads,hopscotch,539,1088,409.1,0,,,
astar-dial-cheb,no_roads,hopscotch,680,13,482.3,0,,,
astar-dial-cheb,no_roads,hopscotch,387,1023,635.4,0,,,
astar-dial-cheb,no_roads,hopscotch,832,680,64.5,0,,,
astar-dial-cheb,no_roads,hopscotch,377,527,57.9,0,,,
astar-dial-cheb,no_roads,hopscotch,824,253,672.0,0,,,
astar-dial-cheb,no_roads,hopscotch,231,932,529.2,0,,,
astar-dial-cheb,no_roads,hopscotch,242,874,775.1,0,,,
astar-dial-cheb,no_roads,hopscotch,840,650,570.9,0,,,
astar-dial-cheb,no_roads,hopscotch,118,1111,574.7,0,,,
astar-dial-cheb,no_roads,hopscotch,310,929,912.9,0,,,
astar-jps,no_roads,hopscotch,281,62,100.3,0,,,
astar-jps,no_roads,hopscotch,674,605,214.2,0,,,
astar-jps,no_roads,hopscotch,546,342,340.6,0,,,
astar-jps,no_roads,hopscotch,253,219,110.2,0,,,
astar-jps,no_roads,hopscotch,1022,80,839.7,0,,,
astar-jps,no_roads,hopscotch,74,234,12.6,0,,,
astar-jps,no_roads,hopscotch,534,566,96.4,0,,,
astar-jps,no_roads,hopscotch,1217,65,168.9,0,,,
astar-jps,no_roads,hopscotch,489,1017,144.8,0,,,
astar-jps,no_roads,hopscotch,539,1088,164.9,0,,,
astar-jps,no_roads,hopscotch,680,13,186.3,0,,,
astar-jps,no_roads,hopscotch,387,1023,315.9,0,,,
astar-jps,no_roads,hopscotch,832,680,91.6,0,,,
astar-jps,no_roads,hopscotch,377,527,102.6,0,,,
astar-jps,no_roads,hopscotch,824,253,292.0,0,,,
astar-jps,no_roads,hopscotch,231,932,197.6,0,,,
astar-jps,no_roads,hopscotch,242,874,399.7,0,,,
astar-jps,no_roads,hopscotch,840,650,254.8,0,,,
astar-jps,no_roads,hopscotch,118,1111,190.3,0,,,
astar-jps,no_roads,hopscotch,310,929,395.8,0,,,
astar-jps-dial,no_roads,hopscotch,281,62,145.4,0,,,
astar-jps-dial,no_roads,hopscotch,674,605,248.6,0,,,
astar-jps-dial,no_roads,hopscotch,546,342,351.1,0,,,
astar-jps-dial,no_roads,hopscotch,253,219,137.6,0,,,
astar-jps-dial,no_roads,hopscotch,1022,80,873.6,0,,,
astar-jps-dial,no_roads,hopscotch,74,234,47.0,0,,,
astar-jps-dial,no_roads,hopscotch,534,566,120.2,0,,,
astar-jps-dial,no_roads,hopscotch,1217,65,177.7,0,,,
astar-jps-dial,no_roads,hopscotch,489,1017,138.2,0,,,
astar-jps-dial,no_roads,hopscotch,539,1088,172.8,0,,,
astar-jps-dial,no_roads,hopscotch,680,13,214.9,0,,,
astar-jps-dial,no_roads,hopscotch,387,1023,313.6,0,,,
astar-jps-dial,no_roads,hopscotch,832,680,114.5,0,,,
astar-jps-dial,no_roads,hopscotch,377,527,121.0,0,,,
astar-jps-dial,no_roads,hopscotch,824,253,327.7,0,,,
astar-jps-dial,no_roads,hopscotch,231,932,204.5,0,,,
astar-jps-dial,no_roads,hopscotch,242,874,422.9,0,,,
astar-jps-dial,no_roads,hopscotch,840,650,285.0,0,,,
astar-jps-dial,no_roads,hopscotch,118,1111,140.5,0,,,
astar-jps-dial,no_roads,hopscotch,310,929,416.4,0,,,
astar-dial-cheb,with_roads,hopscotch,281,62,38.2,0,,,
astar-dial-cheb,with_roads,hopscotch,674,605,304.9,0,,,
astar-dial-cheb,with_roads,hopscotch,546,342,226.5,0,,,
astar-dial-cheb,with_roads,hopscotch,253,219,25.8,0,,,
astar-dial-cheb,with_roads,hopscotch,1022,80,921.5,0,,,
astar-dial-cheb,with_roads,hopscotch,74,234,11.0,0,,,
astar-dial-cheb,with_roads,hopscotch,534,566,13.5,0,,,
astar-dial-cheb,with_roads,hopscotch,1217,65,529.9,0,,,
astar-dial-cheb,with_roads,hopscotch,489,1017,320.7,0,,,
astar-dial-cheb,with_roads,hopscotch,539,1088,607.0,0,,,
astar-dial-cheb,with_roads,hopscotch,680,13,553.0,0,,,
astar-dial-cheb,with_roads,hopscotch,387,1023,643.0,0,,,
astar-dial-cheb,with_roads,hopscotch,832,680,63.0,0,,,
astar-dial-cheb,with_roads,hopscotch,377,527,65.9,0,,,
astar-dial-cheb,with_roads,hopscotch,824,253,578.4,0,,,
astar-dial-cheb,with_roads,hopscotch,231,932,576.1,0,,,
astar-dial-cheb,with_roads,hopscotch,242,874,621.1,0,,,
astar-dial-cheb,with_roads,hopscotch,840,650,709.3,0,,,
astar-dial-cheb,with_roads,hopscotch,118,1111,701.7,0,,,
astar-dial-cheb,with_roads,hopscotch,310,929,704.5,0,,,
astar-jps,with_roads,hopscotch,281,62,90.1,0,,,
astar-jps,with_roads,hopscotch,674,605,209.8,0,,,
astar-jps,with_roads,hopscotch,546,342,322.2,0,,,
astar-jps,with_roads,hopscotch,253,219,107.6,0,,,
astar-jps,with_roads,hopscotch,1022,80,815.9,0,,,
astar-jps,with_roads,hopscotch,74,234,12.4,0,,,
astar-jps,with_roads,hopscotch,534,566,96.3,0,,,
astar-jps,with_roads,hopscotch,1217,65,168.4,0,,,
astar-jps,with_roads,hopscotch,489,1017,146.9,0,,,
astar-jps,with_roads,hopscotch,539,1088,164.5,0,,,
astar-jps,with_roads,hopscotch,680,13,186.7,0,,,
astar-jps,with_roads,hopscotch,387,1023,312.6,0,,,
astar-jps,with_roads,hopscotch,832,680,92.1,0,,,
astar-jps,with_roads,hopscotch,377,527,99.2,0,,,
astar-jps,with_roads,hopscotch,824,253,283.8,0,,,
astar-jps,with_roads,hopscotch,231,932,189.5,0,,,
astar-jps,with_roads,hopscotch,242,874,396.5,0,,,
astar-jps,with_roads,hopscotch,840,650,251.7,0,,,
astar-jps,with_roads,hopscotch,118,1111,188.8,0,,,
astar-jps,with_roads,hopscotch,310,929,388.4,0,,,
astar-jps-dial,with_roads,hopscotch,281,62,130.7,0,,,
astar-jps-dial,with_roads,hopscotch,674,605,241.5,0,,,
astar-jps-dial,with_roads,hopscotch,546,342,337.2,0,,,
astar-jps-dial,with_roads,hopscotch,253,219,133.0,0,,,
astar-jps-dial,with_roads,hopscotch,1022,80,855.1,0,,,
astar-jps-dial,with_roads,hopscotch,74,234,46.4,0,,,
astar-jps-dial,with_roads,hopscotch,534,566,123.1,0,,,
astar-jps-dial,with_roads,hopscotch,1217,65,173.2,0,,,
astar-jps-dial,with_roads,hopscotch,489,1017,134.2,0,,,
astar-jps-dial,with_roads,hopscotch,539,1088,169.1,0,,,
astar-jps-dial,with_roads,hopscotch,680,13,207.1,0,,,
astar-jps-dial,with_roads,hopscotch,387,1023,316.0,0,,,
astar-jps-dial,with_roads,hopscotch,832,680,115.7,0,,,
astar-jps-dial,with_roads,hopscotch,377,527,121.9,0,,,
astar-jps-dial,with_roads,hopscotch,824,253,327.2,0,,,
astar-jps-dial,with_roads,hopscotch,231,932,198.6,0,,,
astar-jps-dial,with_roads,hopscotch,242,874,419.6,0,,,
astar-jps-dial,with_roads,hopscotch,840,650,277.0,0,,,
astar-jps-dial,with_roads,hopscotch,118,1111,136.3,0,,,
astar-jps-dial,with_roads,hopscotch,310,929,412.9,0,,,
astar-dial-cheb,no_roads,hourglass,792,136,297.4,0,,,
astar-dial-cheb,no_roads,hourglass,30,915,324.2,0,,,
astar-dial-cheb,no_roads,hourglass,335,298,293.5,0,,,
astar-dial-cheb,no_roads,hourglass,274,171,56.1,0,,,
astar-dial-cheb,no_roads,hourglass,908,123,736.3,0,,,
astar-dial-cheb,no_roads,hourglass,837,912,306.8,0,,,
astar-dial-cheb,no_roads,hourglass,1099,677,682.4,0,,,
astar-dial-cheb,no_roads,hourglass,104,732,592.4,0,,,
astar-dial-cheb,no_roads,hourglass,513,38,305.9,0,,,
astar-dial-cheb,no_roads,hourglass,36,113,55.2,0,,,
astar-dial-cheb,no_roads,hourglass,268,285,249.1,0,,,
astar-dial-cheb,no_roads,hourglass,620,747,232.8,0,,,
astar-dial-cheb,no_roads,hourglass,33,697,397.9,0,,,
astar-dial-cheb,no_roads,hourglass,245,883,191.6,0,,,
astar-dial-cheb,no_roads,hourglass,805,867,180.5,0,,,
astar-dial-cheb,no_roads,hourglass,677,510,179.8,0,,,
astar-dial-cheb,no_roads,hourglass,270,544,76.8,0,,,
astar-dial-cheb,no_roads,hourglass,731,338,180.7,0,,,
astar-dial-cheb,no_roads,hourglass,993,1071,29.1,0,,,
astar-dial-cheb,no_roads,hourglass,8,935,303.6,0,,,
astar-jps,no_roads,hourglass,792,136,867.3,0,,,
astar-jps,no_roads,hourglass,30,915,511.5,0,,,
astar-jps,no_roads,hourglass,335,298,551.9,0,,,
astar-jps,no_roads,hourglass,274,171,53.8,0,,,
astar-jps,no_roads,hourglass,908,123,741.9,0,,,
astar-jps,no_roads,hourglass,837,912,62.9,0,,,
astar-jps,no_roads,hourglass,1099,677,484.1,0,,,
astar-jps,no_roads,hourglass,104,732,688.3,0,,,
astar-jps,no_roads,hourglass,513,38,63.3,0,,,
astar-jps,no_roads,hourglass,36,113,45.0,0,,,
astar-jps,no_roads,hourglass,268,285,75.0,0,,,
astar-jps,no_roads,hourglass,620,747,63.1,0,,,
astar-jps,no_roads,hourglass,33,697,501.3,0,,,
astar-jps,no_roads,hourglass,245,883,139.2,0,,,
astar-jps,no_roads,hourglass,805,867,66.6,0,,,
astar-jps,no_roads,hourglass,677,510,64.3,0,,,
astar-jps,no_roads,hourglass,270,544,74.4,0,,,
astar-jps,no_roads,hourglass,731,338,63.0,0,,,
astar-jps,no_roads,hourglass,993,1071,50.9,0,,,
astar-jps,no_roads,hourglass,8,935,387.0,0,,,
astar-jps-dial,no_roads,hourglass,792,136,957.8,0,,,
astar-jps-dial,no_roads,hourglass,30,915,554.4,0,,,
astar-jps-dial,no_roads,hourglass,335,298,594.3,0,,,
astar-jps-dial,no_roads,hourglass,274,171,81.1,0,,,
astar-jps-dial,no_roads,hourglass,908,123,858.4,0,,,
astar-jps-dial,no_roads,hourglass,837,912,105.2,0,,,
astar-jps-dial,no_roads,hourglass,1099,677,465.4,0,,,
astar-jps-dial,no_roads,hourglass,104,732,520.6,0,,,
astar-jps-dial,no_roads,hourglass,513,38,104.1,0,,,
astar-jps-dial,no_roads,hourglass,36,113,71.0,0,,,
astar-jps-dial,no_roads,hourglass,268,285,115.4,0,,,
astar-jps-dial,no_roads,hourglass,620,747,101.7,0,,,
astar-jps-dial,no_roads,hourglass,33,697,439.8,0,,,
astar-jps-dial,no_roads,hourglass,245,883,115.0,0,,,
astar-jps-dial,no_roads,hourglass,805,867,105.3,0,,,
astar-jps-dial,no_roads,hourglass,677,510,102.3,0,,,
astar-jps-dial,no_roads,hourglass,270,544,100.0,0,,,
astar-jps-dial,no_roads,hourglass,731,338,101.4,0,,,
astar-jps-dial,no_roads,hourglass,993,1071,75.0,0,,,
astar-jps-dial,no_roads,hourglass,8,935,458.8,0,,,
astar-dial-cheb,with_roads,hourglass,792,136,285.6,0,,,
astar-dial-cheb,with_roads,hourglass,30,915,318.2,0,,,
astar-dial-cheb,with_roads,hourglass,335,298,296.8,0,,,
astar-dial-cheb,with_roads,hourglass,274,171,46.4,0,,,
astar-dial-cheb,with_roads,hourglass,908,123,292.3,0,,,
astar-dial-cheb,with_roads,hourglass,837,912,187.0,0,,,
astar-dial-cheb,with_roads,hourglass,1099,677,282.1,0,,,
astar-dial-cheb,with_roads,hourglass,104,732,310.4,0,,,
astar-dial-cheb,with_roads,hourglass,513,38,177.6,0,,,
astar-dial-cheb,with_roads,hourglass,36,113,35.0,0,,,
astar-dial-cheb,with_roads,hourglass,268,285,171.8,0,,,
astar-dial-cheb,with_roads,hourglass,620,747,176.7,0,,,
astar-dial-cheb,with_roads,hourglass,33,697,313.3,0,,,
astar-dial-cheb,with_roads,hourglass,245,883,183.9,0,,,
astar-dial-cheb,with_roads,hourglass,805,867,172.0,0,,,
astar-dial-cheb,with_roads,hourglass,677,510,177.3,0,,,
astar-dial-cheb,with_roads,hourglass,270,544,69.9,0,,,
astar-dial-cheb,with_roads,hourglass,731,338,187.5,0,,,
astar-dial-cheb,with_roads,hourglass,993,1071,27.9,0,,,
astar-dial-cheb,with_roads,hourglass,8,935,297.1,0,,,
astar-jps,with_roads,hourglass,792,136,849.5,0,,,
astar-jps,with_roads,hourglass,30,915,506.7,0,,,
astar-jps,with_roads,hourglass,335,298,550.6,0,,,
astar-jps,with_roads,hourglass,274,171,54.1,0,,,
astar-jps,with_roads,hourglass,908,123,741.6,0,,,
astar-jps,with_roads,hourglass,837,912,62.1,0,,,
astar-jps,with_roads,hourglass,1099,677,480.3,0,,,
astar-jps,with_roads,hourglass,104,732,502.4,0,,,
astar-jps,with_roads,hourglass,513,38,64.7,0,,,
astar-jps,with_roads,hourglass,36,113,46.0,0,,,
astar-jps,with_roads,hourglass,268,285,75.6,0,,,
astar-jps,with_roads,hourglass,620,747,63.6,0,,,
astar-jps,with_roads,hourglass,33,697,361.4,0,,,
astar-jps,with_roads,hourglass,245,883,73.8,0,,,
astar-jps,with_roads,hourglass,805,867,70.7,0,,,
astar-jps,with_roads,hourglass,677,510,63.6,0,,,
astar-jps,with_roads,hourglass,270,544,74.4,0,,,
astar-jps,with_roads,hourglass,731,338,63.7,0,,,
astar-jps,with_roads,hourglass,993,1071,54.8,0,,,
astar-jps,with_roads,hourglass,8,935,383.8,0,,,
astar-jps-dial,with_roads,hourglass,792,136,938.1,0,,,
astar-jps-dial,with_roads,hourglass,30,915,554.8,0,,,
astar-jps-dial,with_roads,hourglass,335,298,587.2,0,,,
astar-jps-dial,with_roads,hourglass,274,171,78.1,0,,,
astar-jps-dial,with_roads,hourglass,908,123,847.2,0,,,
astar-jps-dial,with_roads,hourglass,837,912,100.8,0,,,
astar-jps-dial,with_roads,hourglass,1099,677,460.1,0,,,
astar-jps-dial,with_roads,hourglass,104,732,513.5,0,,,
astar-jps-dial,with_roads,hourglass,513,38,102.0,0,,,
astar-jps-dial,with_roads,hourglass,36,113,68.5,0,,,
astar-jps-dial,with_roads,hourglass,268,285,115.1,0,,,
astar-jps-dial,with_roads,hourglass,620,747,101.3,0,,,
astar-jps-dial,with_roads,hourglass,33,697,440.5,0,,,
astar-jps-dial,with_roads,hourglass,245,883,111.8,0,,,
astar-jps-dial,with_roads,hourglass,805,867,104.2,0,,,
astar-jps-dial,with_roads,hourglass,677,510,105.0,0,,,
astar-jps-dial,with_roads,hourglass,270,544,100.6,0,,,
astar-jps-dial,with_roads,hourglass,731,338,100.6,0,,,
astar-jps-dial,with_roads,hourglass,993,1071,76.4,0,,,
astar-jps-dial,with_roads,hourglass,8,935,443.5,0,,,
astar-dial-cheb,no_roads,labyrinth,1977,334,1213.9,0,,,
astar-dial-cheb,no_roads,labyrinth,57,2295,1507.2,0,,,
astar-dial-cheb,no_roads,labyrinth,833,746,538.8,0,,,
astar-dial-cheb,no_roads,labyrinth,672,407,490.1,0,,,
astar-dial-cheb,no_roads,labyrinth,2283,309,1312.3,0,,,
astar-dial-cheb,no_roads,labyrinth,2093,2293,188.4,0,,,
astar-dial-cheb,no_roads,labyrinth,1681,237,1187.0,0,,,
astar-dial-cheb,no_roads,labyrinth,1823,1287,92.8,0,,,
astar-dial-cheb,no_roads,labyrinth,74,69,89.7,0,,,
astar-dial-cheb,no_roads,labyrinth,254,659,196.1,0,,,
astar-dial-cheb,no_roads,labyrinth,696,1558,920.3,0,,,
astar-dial-cheb,no_roads,labyrinth,1851,60,1305.7,0,,,
astar-dial-cheb,no_roads,labyrinth,1726,610,1023.2,0,,,
astar-dial-cheb,no_roads,labyrinth,2200,2003,264.5,0,,,
astar-dial-cheb,no_roads,labyrinth,2159,1681,760.8,0,,,
astar-dial-cheb,no_roads,labyrinth,1281,664,1474.5,0,,,
astar-dial-cheb,no_roads,labyrinth,1386,1819,164.3,0,,,
astar-dial-cheb,no_roads,labyrinth,842,2487,1437.9,0,,,
astar-dial-cheb,no_roads,labyrinth,13,2339,1406.8,0,,,
astar-dial-cheb,no_roads,labyrinth,2477,481,1155.7,0,,,
astar-jps,no_roads,labyrinth,1977,334,1093.2,0,,,
astar-jps,no_roads,labyrinth,57,2295,1214.4,0,,,
astar-jps,no_roads,labyrinth,833,746,429.0,0,,,
astar-jps,no_roads,labyrinth,672,407,346.8,0,,,
astar-jps,no_roads,labyrinth,2283,309,1138.6,0,,,
astar-jps,no_roads,labyrinth,2093,2293,173.2,0,,,
astar-jps,no_roads,labyrinth,1681,237,1045.3,0,,,
astar-jps,no_roads,labyrinth,1823,1287,81.2,0,,,
astar-jps,no_roads,labyrinth,74,69,84.1,0,,,
astar-jps,no_roads,labyrinth,254,659,167.5,0,,,
astar-jps,no_roads,labyrinth,696,1558,824.1,0,,,
astar-jps,no_roads,labyrinth,1851,60,1117.2,0,,,
astar-jps,no_roads,labyrinth,1726,610,862.2,0,,,
astar-jps,no_roads,labyrinth,2200,2003,203.4,0,,,
astar-jps,no_roads,labyrinth,2159,1681,686.9,0,,,
astar-jps,no_roads,labyrinth,1281,664,1154.0,0,,,
astar-jps,no_roads,labyrinth,1386,1819,124.8,0,,,
astar-jps,no_roads,labyrinth,842,2487,1168.2,0,,,
astar-jps,no_roads,labyrinth,13,2339,1174.0,0,,,
astar-jps,no_roads,labyrinth,2477,481,1048.5,0,,,
astar-jps-dial,no_roads,labyrinth,1977,334,1135.2,0,,,
astar-jps-dial,no_roads,labyrinth,57,2295,1307.8,0,,,
astar-jps-dial,no_roads,labyrinth,833,746,492.7,0,,,
astar-jps-dial,no_roads,labyrinth,672,407,408.1,0,,,
astar-jps-dial,no_roads,labyrinth,2283,309,1193.0,0,,,
astar-jps-dial,no_roads,labyrinth,2093,2293,207.7,0,,,
astar-jps-dial,no_roads,labyrinth,1681,237,1141.2,0,,,
astar-jps-dial,no_roads,labyrinth,1823,1287,112.5,0,,,
astar-jps-dial,no_roads,labyrinth,74,69,112.1,0,,,
astar-jps-dial,no_roads,labyrinth,254,659,228.8,0,,,
astar-jps-dial,no_roads,labyrinth,696,1558,811.5,0,,,
astar-jps-dial,no_roads,labyrinth,1851,60,1168.5,0,,,
astar-jps-dial,no_roads,labyrinth,1726,610,956.0,0,,,
astar-jps-dial,no_roads,labyrinth,2200,2003,266.7,0,,,
astar-jps-dial,no_roads,labyrinth,2159,1681,743.3,0,,,
astar-jps-dial,no_roads,labyrinth,1281,664,1250.7,0,,,
astar-jps-dial,no_roads,labyrinth,1386,1819,158.1,0,,,
astar-jps-dial,no_roads,labyrinth,842,2487,1239.8,0,,,
astar-jps-dial,no_roads,labyrinth,13,2339,1254.0,0,,,
astar-jps-dial,no_roads,labyrinth,2477,481,1099.8,0,,,
astar-dial-cheb,with_roads,labyrinth,1977,334,1022.9,0,,,
astar-dial-cheb,with_roads,labyrinth,57,2295,1354.7,0,,,
astar-dial-cheb,with_roads,labyrinth,833,746,338.1,0,,,
astar-dial-cheb,with_roads,labyrinth,672,407,713.0,0,,,
astar-dial-cheb,with_roads,labyrinth,2283,309,1561.2,0,,,
astar-dial-cheb,with_roads,labyrinth,2093,2293,320.3,0,,,
astar-dial-cheb,with_roads,labyrinth,1681,237,1909.8,0,,,
astar-dial-cheb,with_roads,labyrinth,1823,1287,169.2,0,,,
astar-dial-cheb,with_roads,labyrinth,74,69,133.6,0,,,
astar-dial-cheb,with_roads,labyrinth,254,659,420.2,0,,,
astar-dial-cheb,with_roads,labyrinth,696,1558,946.6,0,,,
astar-dial-cheb,with_roads,labyrinth,1851,60,1176.4,0,,,
astar-dial-cheb,with_roads,labyrinth,1726,610,1300.7,0,,,
astar-dial-cheb,with_roads,labyrinth,2200,2003,376.2,0,,,
astar-dial-cheb,with_roads,labyrinth,2159,1681,1564.0,0,,,
astar-dial-cheb,with_roads,labyrinth,1281,664,1476.6,0,,,
astar-dial-cheb,with_roads,labyrinth,1386,1819,115.1,0,,,
astar-dial-cheb,with_roads,labyrinth,842,2487,1790.6,0,,,
astar-dial-cheb,with_roads,labyrinth,13,2339,1704.4,0,,,
astar-dial-cheb,with_roads,labyrinth,2477,481,1248.2,0,,,
astar-jps,with_roads,labyrinth,1977,334,1388.9,0,,,
astar-jps,with_roads,labyrinth,57,2295,1522.8,0,,,
astar-jps,with_roads,labyrinth,833,746,573.1,0,,,
astar-jps,with_roads,labyrinth,672,407,617.4,0,,,
astar-jps,with_roads,labyrinth,2283,309,1705.7,0,,,
astar-jps,with_roads,labyrinth,2093,2293,214.2,0,,,
astar-jps,with_roads,labyrinth,1681,237,1324.2,0,,,
astar-jps,with_roads,labyrinth,1823,1287,103.9,0,,,
astar-jps,with_roads,labyrinth,74,69,110.7,0,,,
astar-jps,with_roads,labyrinth,254,659,214.3,0,,,
astar-jps,with_roads,labyrinth,696,1558,992.8,0,,,
astar-jps,with_roads,labyrinth,1851,60,1452.6,0,,,
astar-jps,with_roads,labyrinth,1726,610,1091.0,0,,,
astar-jps,with_roads,labyrinth,2200,2003,301.4,0,,,
astar-jps,with_roads,labyrinth,2159,1681,1293.7,0,,,
astar-jps,with_roads,labyrinth,1281,664,1733.0,0,,,
astar-jps,with_roads,labyrinth,1386,1819,172.1,0,,,
astar-jps,with_roads,labyrinth,842,2487,1476.8,0,,,
astar-jps,with_roads,labyrinth,13,2339,1456.7,0,,,
astar-jps,with_roads,labyrinth,2477,481,1302.4,0,,,
astar-jps-dial,with_roads,labyrinth,1977,334,1941.7,0,,,
astar-jps-dial,with_roads,labyrinth,57,2295,1855.7,0,,,
astar-jps-dial,with_roads,labyrinth,833,746,615.1,0,,,
astar-jps-dial,with_roads,labyrinth,672,407,532.7,0,,,
astar-jps-dial,with_roads,labyrinth,2283,309,1546.7,0,,,
astar-jps-dial,with_roads,labyrinth,2093,2293,260.7,0,,,
astar-jps-dial,with_roads,labyrinth,1681,237,1429.7,0,,,
astar-jps-dial,with_roads,labyrinth,1823,1287,145.7,0,,,
astar-jps-dial,with_roads,labyrinth,74,69,145.1,0,,,
astar-jps-dial,with_roads,labyrinth,254,659,291.9,0,,,
astar-jps-dial,with_roads,labyrinth,696,1558,1412.0,0,,,
astar-jps-dial,with_roads,labyrinth,1851,60,1556.5,0,,,
astar-jps-dial,with_roads,labyrinth,1726,610,1177.9,0,,,
astar-jps-dial,with_roads,labyrinth,2200,2003,438.5,0,,,
astar-jps-dial,with_roads,labyrinth,2159,1681,782.6,0,,,
astar-jps-dial,with_roads,labyrinth,1281,664,1292.5,0,,,
astar-jps-dial,with_roads,labyrinth,1386,1819,161.0,0,,,
astar-jps-dial,with_roads,labyrinth,842,2487,1428.5,0,,,
astar-jps-dial,with_roads,labyrinth,13,2339,2109.4,0,,,
astar-jps-dial,with_roads,labyrinth,2477,481,2694.6,0,,,
astar-dial-cheb,no_roads,landscape,796,114,628.4,0,,,
astar-dial-cheb,no_roads,landscape,25,314,161.3,0,,,
astar-dial-cheb,no_roads,landscape,278,249,16.1,0,,,
astar-dial-cheb,no_roads,landscape,143,896,603.3,0,,,
astar-dial-cheb,no_roads,landscape,104,834,616.3,0,,,
astar-dial-cheb,no_roads,landscape,687,89,331.2,0,,,
astar-dial-cheb,no_roads,landscape,745,532,143.7,0,,,
astar-dial-cheb,no_roads,landscape,32,30,24.4,0,,,
astar-dial-cheb,no_roads,landscape,95,244,62.6,0,,,
astar-dial-cheb,no_roads,landscape,262,633,425.0,0,,,
astar-dial-cheb,no_roads,landscape,757,27,693.1,0,,,
astar-dial-cheb,no_roads,landscape,712,219,326.8,0,,,
astar-dial-cheb,no_roads,landscape,875,807,564.9,0,,,
astar-dial-cheb,no_roads,landscape,860,687,116.9,0,,,
astar-dial-cheb,no_roads,landscape,529,246,389.0,0,,,
astar-dial-cheb,no_roads,landscape,560,744,70.1,0,,,
astar-dial-cheb,no_roads,landscape,317,6,305.1,0,,,
astar-dial-cheb,no_roads,landscape,164,856,751.4,0,,,
astar-dial-cheb,no_roads,landscape,532,415,46.9,0,,,
astar-dial-cheb,no_roads,landscape,317,160,138.4,0,,,
astar-jps,no_roads,landscape,796,114,298.5,0,,,
astar-jps,no_roads,landscape,25,314,115.1,0,,,
astar-jps,no_roads,landscape,278,249,36.0,0,,,
astar-jps,no_roads,landscape,143,896,377.2,0,,,
astar-jps,no_roads,landscape,104,834,391.5,0,,,
astar-jps,no_roads,landscape,687,89,108.5,0,,,
astar-jps,no_roads,landscape,745,532,95.4,0,,,
astar-jps,no_roads,landscape,32,30,42.8,0,,,
astar-jps,no_roads,landscape,95,244,71.9,0,,,
astar-jps,no_roads,landscape,262,633,192.9,0,,,
astar-jps,no_roads,landscape,757,27,328.9,0,,,
astar-jps,no_roads,landscape,712,219,163.3,0,,,
astar-jps,no_roads,landscape,875,807,105.7,0,,,
astar-jps,no_roads,landscape,860,687,66.2,0,,,
astar-jps,no_roads,landscape,529,246,168.6,0,,,
astar-jps,no_roads,landscape,560,744,50.2,0,,,
astar-jps,no_roads,landscape,317,6,103.8,0,,,
astar-jps,no_roads,landscape,164,856,569.7,0,,,
astar-jps,no_roads,landscape,532,415,37.2,0,,,
astar-jps,no_roads,landscape,317,160,94.2,0,,,
astar-jps-dial,no_roads,landscape,796,114,448.2,0,,,
astar-jps-dial,no_roads,landscape,25,314,125.1,0,,,
astar-jps-dial,no_roads,landscape,278,249,51.3,0,,,
astar-jps-dial,no_roads,landscape,143,896,336.4,0,,,
astar-jps-dial,no_roads,landscape,104,834,374.5,0,,,
astar-jps-dial,no_roads,landscape,687,89,155.7,0,,,
astar-jps-dial,no_roads,landscape,745,532,114.7,0,,,
astar-jps-dial,no_roads,landscape,32,30,67.0,0,,,
astar-jps-dial,no_roads,landscape,95,244,86.8,0,,,
astar-jps-dial,no_roads,landscape,262,633,189.8,0,,,
astar-jps-dial,no_roads,landscape,757,27,499.7,0,,,
astar-jps-dial,no_roads,landscape,712,219,278.0,0,,,
astar-jps-dial,no_roads,landscape,875,807,118.6,0,,,
astar-jps-dial,no_roads,landscape,860,687,96.3,0,,,
astar-jps-dial,no_roads,landscape,529,246,454.1,0,,,
astar-jps-dial,no_roads,landscape,560,744,101.5,0,,,
astar-jps-dial,no_roads,landscape,317,6,204.4,0,,,
astar-jps-dial,no_roads,landscape,164,856,759.4,0,,,
astar-jps-dial,no_roads,landscape,532,415,81.2,0,,,
astar-jps-dial,no_roads,landscape,317,160,196.7,0,,,
astar-dial-cheb,with_roads,landscape,796,114,830.9,0,,,
astar-dial-cheb,with_roads,landscape,25,314,172.3,0,,,
astar-dial-cheb,with_roads,landscape,278,249,17.5,0,,,
astar-dial-cheb,with_roads,landscape,143,896,695.5,0,,,
astar-dial-cheb,with_roads,landscape,104,834,781.2,0,,,
astar-dial-cheb,with_roads,landscape,687,89,356.9,0,,,
astar-dial-cheb,with_roads,landscape,745,532,154.6,0,,,
astar-dial-cheb,with_roads,landscape,32,30,20.9,0,,,
astar-dial-cheb,with_roads,landscape,95,244,25.4,0,,,
astar-dial-cheb,with_roads,landscape,262,633,440.3,0,,,
astar-dial-cheb,with_roads,landscape,757,27,843.4,0,,,
astar-dial-cheb,with_roads,landscape,712,219,478.9,0,,,
astar-dial-cheb,with_roads,landscape,875,807,451.9,0,,,
astar-dial-cheb,with_roads,landscape,860,687,89.3,0,,,
astar-dial-cheb,with_roads,landscape,529,246,246.0,0,,,
astar-dial-cheb,with_roads,landscape,560,744,59.6,0,,,
astar-dial-cheb,with_roads,landscape,317,6,252.9,0,,,
astar-dial-cheb,with_roads,landscape,164,856,576.6,0,,,
astar-dial-cheb,with_roads,landscape,532,415,45.1,0,,,
astar-dial-cheb,with_roads,landscape,317,160,136.7,0,,,
astar-jps,with_roads,landscape,796,114,305.6,0,,,
astar-jps,with_roads,landscape,25,314,124.6,0,,,
astar-jps,with_roads,landscape,278,249,37.7,0,,,
astar-jps,with_roads,landscape,143,896,414.8,0,,,
astar-jps,with_roads,landscape,104,834,423.9,0,,,
astar-jps,with_roads,landscape,687,89,118.3,0,,,
astar-jps,with_roads,landscape,745,532,105.2,0,,,
astar-jps,with_roads,landscape,32,30,51.8,0,,,
astar-jps,with_roads,landscape,95,244,80.2,0,,,
astar-jps,with_roads,landscape,262,633,211.2,0,,,
astar-jps,with_roads,landscape,757,27,356.7,0,,,
astar-jps,with_roads,landscape,712,219,179.7,0,,,
astar-jps,with_roads,landscape,875,807,114.4,0,,,
astar-jps,with_roads,landscape,860,687,91.8,0,,,
astar-jps,with_roads,landscape,529,246,178.1,0,,,
astar-jps,with_roads,landscape,560,744,52.6,0,,,
astar-jps,with_roads,landscape,317,6,109.1,0,,,
astar-jps,with_roads,landscape,164,856,585.3,0,,,
astar-jps,with_roads,landscape,532,415,38.6,0,,,
astar-jps,with_roads,landscape,317,160,96.5,0,,,
astar-jps-dial,with_roads,landscape,796,114,453.8,0,,,
astar-jps-dial,with_roads,landscape,25,314,128.8,0,,,
astar-jps-dial,with_roads,landscape,278,249,53.3,0,,,
astar-jps-dial,with_roads,landscape,143,896,353.3,0,,,
astar-jps-dial,with_roads,landscape,104,834,372.4,0,,,
astar-jps-dial,with_roads,landscape,687,89,161.5,0,,,
astar-jps-dial,with_roads,landscape,745,532,114.5,0,,,
astar-jps-dial,with_roads,landscape,32,30,66.9,0,,,
astar-jps-dial,with_roads,landscape,95,244,90.7,0,,,
astar-jps-dial,with_roads,landscape,262,633,192.1,0,,,
astar-jps-dial,with_roads,landscape,757,27,377.1,0,,,
astar-jps-dial,with_roads,landscape,712,219,188.2,0,,,
astar-jps-dial,with_roads,landscape,875,807,88.6,0,,,
astar-jps-dial,with_roads,landscape,860,687,85.0,0,,,
astar-jps-dial,with_roads,landscape,529,246,216.3,0,,,
astar-jps-dial,with_roads,landscape,560,744,69.1,0,,,
astar-jps-dial,with_roads,landscape,317,6,155.8,0,,,
astar-jps-dial,with_roads,landscape,164,856,594.5,0,,,
astar-jps-dial,with_roads,landscape,532,415,62.3,0,,,
astar-jps-dial,with_roads,landscape,317,160,156.5,0,,,
astar-dial-cheb,no_roads,mandelbrot,1578,280,714.4,0,,,
astar-dial-cheb,no_roads,mandelbrot,55,1846,1126.1,0,,,
astar-dial-cheb,no_roads,mandelbrot,685,610,1183.4,0,,,
astar-dial-cheb,no_roads,mandelbrot,564,349,820.5,0,,,
astar-dial-cheb,no_roads,mandelbrot,1824,254,1112.8,0,,,
astar-dial-cheb,no_roads,mandelbrot,1675,1844,379.7,0,,,
astar-dial-cheb,no_roads,mandelbrot,1350,208,274.9,0,,,
astar-dial-cheb,no_roads,mandelbrot,1458,1048,1406.2,0,,,
astar-dial-cheb,no_roads,mandelbrot,69,65,37.5,0,,,
astar-dial-cheb,no_roads,mandelbrot,224,553,432.3,0,,,
astar-dial-cheb,no_roads,mandelbrot,584,1245,704.0,0,,,
astar-dial-cheb,no_roads,mandelbrot,1483,58,874.3,0,,,
astar-dial-cheb,no_roads,mandelbrot,1390,509,1087.9,0,,,
astar-dial-cheb,no_roads,mandelbrot,1771,1600,513.3,0,,,
astar-dial-cheb,no_roads,mandelbrot,1735,1350,1036.9,0,,,
astar-dial-cheb,no_roads,mandelbrot,1043,557,1094.4,0,,,
astar-dial-cheb,no_roads,mandelbrot,1114,1455,68.7,0,,,
astar-dial-cheb,no_roads,mandelbrot,691,2011,852.1,0,,,
astar-dial-cheb,no_roads,mandelbrot,13,1893,936.7,0,,,
astar-dial-cheb,no_roads,mandelbrot,2004,403,583.5,0,,,
astar-jps,no_roads,mandelbrot,1578,280,248.7,0,,,
astar-jps,no_roads,mandelbrot,55,1846,448.4,0,,,
astar-jps,no_roads,mandelbrot,685,610,521.3,0,,,
astar-jps,no_roads,mandelbrot,564,349,201.4,0,,,
astar-jps,no_roads,mandelbrot,1824,254,502.6,0,,,
astar-jps,no_roads,mandelbrot,1675,1844,204.4,0,,,
astar-jps,no_roads,mandelbrot,1350,208,130.0,0,,,
astar-jps,no_roads,mandelbrot,1458,1048,620.3,0,,,
astar-jps,no_roads,mandelbrot,69,65,38.1,0,,,
astar-jps,no_roads,mandelbrot,224,553,253.1,0,,,
astar-jps,no_roads,mandelbrot,584,1245,316.2,0,,,
astar-jps,no_roads,mandelbrot,1483,58,238.1,0,,,
astar-jps,no_roads,mandelbrot,1390,509,497.0,0,,,
astar-jps,no_roads,mandelbrot,1771,1600,298.9,0,,,
astar-jps,no_roads,mandelbrot,1735,1350,460.9,0,,,
astar-jps,no_roads,mandelbrot,1043,557,942.7,0,,,
astar-jps,no_roads,mandelbrot,1114,1455,38.8,0,,,
astar-jps,no_roads,mandelbrot,691,2011,264.0,0,,,
astar-jps,no_roads,mandelbrot,13,1893,319.9,0,,,
astar-jps,no_roads,mandelbrot,2004,403,326.7,0,,,
astar-jps-dial,no_roads,mandelbrot,1578,280,228.4,0,,,
astar-jps-dial,no_roads,mandelbrot,55,1846,476.3,0,,,
astar-jps-dial,no_roads,mandelbrot,685,610,563.1,0,,,
astar-jps-dial,no_roads,mandelbrot,564,349,359.5,0,,,
astar-jps-dial,no_roads,mandelbrot,1824,254,537.9,0,,,
astar-jps-dial,no_roads,mandelbrot,1675,1844,237.0,0,,,
astar-jps-dial,no_roads,mandelbrot,1350,208,279.3,0,,,
astar-jps-dial,no_roads,mandelbrot,1458,1048,715.2,0,,,
astar-jps-dial,no_roads,mandelbrot,69,65,68.2,0,,,
astar-jps-dial,no_roads,mandelbrot,224,553,295.4,0,,,
astar-jps-dial,no_roads,mandelbrot,584,1245,333.8,0,,,
astar-jps-dial,no_roads,mandelbrot,1483,58,296.9,0,,,
astar-jps-dial,no_roads,mandelbrot,1390,509,557.8,0,,,
astar-jps-dial,no_roads,mandelbrot,1771,1600,312.7,0,,,
astar-jps-dial,no_roads,mandelbrot,1735,1350,503.7,0,,,
astar-jps-dial,no_roads,mandelbrot,1043,557,987.8,0,,,
astar-jps-dial,no_roads,mandelbrot,1114,1455,82.2,0,,,
astar-jps-dial,no_roads,mandelbrot,691,2011,301.0,0,,,
astar-jps-dial,no_roads,mandelbrot,13,1893,357.1,0,,,
astar-jps-dial,no_roads,mandelbrot,2004,403,407.9,0,,,
astar-dial-cheb,with_roads,mandelbrot,1578,280,713.5,0,,,
astar-dial-cheb,with_roads,mandelbrot,55,1846,1079.7,0,,,
astar-dial-cheb,with_roads,mandelbrot,685,610,861.0,0,,,
astar-dial-cheb,with_roads,mandelbrot,564,349,857.0,0,,,
astar-dial-cheb,with_roads,mandelbrot,1824,254,768.9,0,,,
astar-dial-cheb,with_roads,mandelbrot,1675,1844,375.5,0,,,
astar-dial-cheb,with_roads,mandelbrot,1350,208,272.8,0,,,
astar-dial-cheb,with_roads,mandelbrot,1458,1048,1413.8,0,,,
astar-dial-cheb,with_roads,mandelbrot,69,65,24.0,0,,,
astar-dial-cheb,with_roads,mandelbrot,224,553,433.2,0,,,
astar-dial-cheb,with_roads,mandelbrot,584,1245,740.6,0,,,
astar-dial-cheb,with_roads,mandelbrot,1483,58,484.3,0,,,
astar-dial-cheb,with_roads,mandelbrot,1390,509,919.6,0,,,
astar-dial-cheb,with_roads,mandelbrot,1771,1600,531.8,0,,,
astar-dial-cheb,with_roads,mandelbrot,1735,1350,1114.2,0,,,
astar-dial-cheb,with_roads,mandelbrot,1043,557,1041.9,0,,,
astar-dial-cheb,with_roads,mandelbrot,1114,1455,69.0,0,,,
astar-dial-cheb,with_roads,mandelbrot,691,2011,856.9,0,,,
astar-dial-cheb,with_roads,mandelbrot,13,1893,910.3,0,,,
astar-dial-cheb,with_roads,mandelbrot,2004,403,599.3,0,,,
astar-jps,with_roads,mandelbrot,1578,280,255.7,0,,,
astar-jps,with_roads,mandelbrot,55,1846,456.7,0,,,
astar-jps,with_roads,mandelbrot,685,610,529.7,0,,,
astar-jps,with_roads,mandelbrot,564,349,214.1,0,,,
astar-jps,with_roads,mandelbrot,1824,254,511.8,0,,,
astar-jps,with_roads,mandelbrot,1675,1844,205.3,0,,,
astar-jps,with_roads,mandelbrot,1350,208,141.2,0,,,
astar-jps,with_roads,mandelbrot,1458,1048,631.2,0,,,
astar-jps,with_roads,mandelbrot,69,65,38.3,0,,,
astar-jps,with_roads,mandelbrot,224,553,260.0,0,,,
astar-jps,with_roads,mandelbrot,584,1245,317.6,0,,,
astar-jps,with_roads,mandelbrot,1483,58,243.0,0,,,
astar-jps,with_roads,mandelbrot,1390,509,501.6,0,,,
astar-jps,with_roads,mandelbrot,1771,1600,294.7,0,,,
astar-jps,with_roads,mandelbrot,1735,1350,450.0,0,,,
astar-jps,with_roads,mandelbrot,1043,557,947.8,0,,,
astar-jps,with_roads,mandelbrot,1114,1455,37.2,0,,,
astar-jps,with_roads,mandelbrot,691,2011,275.8,0,,,
astar-jps,with_roads,mandelbrot,13,1893,313.8,0,,,
astar-jps,with_roads,mandelbrot,2004,403,325.1,0,,,
astar-jps-dial,with_roads,mandelbrot,1578,280,245.5,0,,,
astar-jps-dial,with_roads,mandelbrot,55,1846,484.7,0,,,
astar-jps-dial,with_roads,mandelbrot,685,610,563.3,0,,,
astar-jps-dial,with_roads,mandelbrot,564,349,456.8,0,,,
astar-jps-dial,with_roads,mandelbrot,1824,254,682.7,0,,,
astar-jps-dial,with_roads,mandelbrot,1675,1844,394.7,0,,,
astar-jps-dial,with_roads,mandelbrot,1350,208,478.1,0,,,
astar-jps-dial,with_roads,mandelbrot,1458,1048,985.6,0,,,
astar-jps-dial,with_roads,mandelbrot,69,65,99.2,0,,,
astar-jps-dial,with_roads,mandelbrot,224,553,300.5,0,,,
astar-jps-dial,with_roads,mandelbrot,584,1245,328.8,0,,,
astar-jps-dial,with_roads,mandelbrot,1483,58,300.0,0,,,
astar-jps-dial,with_roads,mandelbrot,1390,509,542.0,0,,,
astar-jps-dial,with_roads,mandelbrot,1771,1600,307.5,0,,,
astar-jps-dial,with_roads,mandelbrot,1735,1350,495.3,0,,,
astar-jps-dial,with_roads,mandelbrot,1043,557,981.5,0,,,
astar-jps-dial,with_roads,mandelbrot,1114,1455,78.6,0,,,
astar-jps-dial,with_roads,mandelbrot,691,2011,293.3,0,,,
astar-jps-dial,with_roads,mandelbrot,13,1893,356.7,0,,,
astar-jps-dial,with_roads,mandelbrot,2004,403,396.4,0,,,
astar-dial-cheb,no_roads,maze,466,125,237.0,0,,,
astar-dial-cheb,no_roads,maze,1144,1031,853.1,0,,,
astar-dial-cheb,no_roads,maze,937,577,889.4,0,,,
astar-dial-cheb,no_roads,maze,443,2238,502.2,0,,,
astar-dial-cheb,no_roads,maze,376,1746,512.5,0,,,
astar-dial-cheb,no_roads,maze,162,156,1123.5,0,,,
astar-dial-cheb,no_roads,maze,398,907,655.9,0,,,
astar-dial-cheb,no_roads,maze,962,2079,815.1,0,,,
astar-dial-cheb,no_roads,maze,145,2312,1270.0,0,,,
astar-dial-cheb,no_roads,maze,838,2238,697.9,0,,,
astar-dial-cheb,no_roads,maze,1741,919,753.8,0,,,
astar-dial-cheb,no_roads,maze,1852,1152,615.9,0,,,
astar-dial-cheb,no_roads,maze,66,664,119.4,0,,,
astar-dial-cheb,no_roads,maze,1747,1426,599.6,0,,,
astar-dial-cheb,no_roads,maze,1152,655,165.1,0,,,
astar-dial-cheb,no_roads,maze,883,1405,576.4,0,,,
astar-dial-cheb,no_roads,maze,443,393,13.7,0,,,
astar-dial-cheb,no_roads,maze,1566,413,505.9,0,,,
astar-dial-cheb,no_roads,maze,1499,1436,336.2,0,,,
astar-dial-cheb,no_roads,maze,1099,192,635.3,0,,,
astar-jps,no_roads,maze,466,125,305.8,0,,,
astar-jps,no_roads,maze,1144,1031,1169.4,0,,,
astar-jps,no_roads,maze,937,577,1250.4,0,,,
astar-jps,no_roads,maze,443,2238,687.4,0,,,
astar-jps,no_roads,maze,376,1746,743.4,0,,,
astar-jps,no_roads,maze,162,156,1659.0,0,,,
astar-jps,no_roads,maze,398,907,915.4,0,,,
astar-jps,no_roads,maze,962,2079,1055.9,0,,,
astar-jps,no_roads,maze,145,2312,1303.4,0,,,
astar-jps,no_roads,maze,838,2238,685.4,0,,,
astar-jps,no_roads,maze,1741,919,884.1,0,,,
astar-jps,no_roads,maze,1852,1152,858.8,0,,,
astar-jps,no_roads,maze,66,664,165.7,0,,,
astar-jps,no_roads,maze,1747,1426,1083.9,0,,,
astar-jps,no_roads,maze,1152,655,242.0,0,,,
astar-jps,no_roads,maze,883,1405,823.3,0,,,
astar-jps,no_roads,maze,443,393,24.0,0,,,
astar-jps,no_roads,maze,1566,413,738.3,0,,,
astar-jps,no_roads,maze,1499,1436,518.9,0,,,
astar-jps,no_roads,maze,1099,192,878.9,0,,,
astar-jps-dial,no_roads,maze,466,125,345.8,0,,,
astar-jps-dial,no_roads,maze,1144,1031,1287.9,0,,,
astar-jps-dial,no_roads,maze,937,577,1437.1,0,,,
astar-jps-dial,no_roads,maze,443,2238,794.4,0,,,
astar-jps-dial,no_roads,maze,376,1746,827.9,0,,,
astar-jps-dial,no_roads,maze,162,156,1827.6,0,,,
astar-jps-dial,no_roads,maze,398,907,1067.9,0,,,
astar-jps-dial,no_roads,maze,962,2079,1169.3,0,,,
astar-jps-dial,no_roads,maze,145,2312,1471.2,0,,,
astar-jps-dial,no_roads,maze,838,2238,787.9,0,,,
astar-jps-dial,no_roads,maze,1741,919,1438.7,0,,,
astar-jps-dial,no_roads,maze,1852,1152,1541.1,0,,,
astar-jps-dial,no_roads,maze,66,664,269.4,0,,,
astar-jps-dial,no_roads,maze,1747,1426,1203.7,0,,,
astar-jps-dial,no_roads,maze,1152,655,356.9,0,,,
astar-jps-dial,no_roads,maze,883,1405,1159.3,0,,,
astar-jps-dial,no_roads,maze,443,393,61.4,0,,,
astar-jps-dial,no_roads,maze,1566,413,1039.1,0,,,
astar-jps-dial,no_roads,maze,1499,1436,723.7,0,,,
astar-jps-dial,no_roads,maze,1099,192,1225.2,0,,,
astar-dial-cheb,with_roads,maze,466,125,300.9,0,,,
astar-dial-cheb,with_roads,maze,1144,1031,1158.4,0,,,
astar-dial-cheb,with_roads,maze,937,577,1524.1,0,,,
astar-dial-cheb,with_roads,maze,443,2238,650.6,0,,,
astar-dial-cheb,with_roads,maze,376,1746,668.3,0,,,
astar-dial-cheb,with_roads,maze,162,156,1412.5,0,,,
astar-dial-cheb,with_roads,maze,398,907,837.9,0,,,
astar-dial-cheb,with_roads,maze,962,2079,909.9,0,,,
astar-dial-cheb,with_roads,maze,145,2312,1198.0,0,,,
astar-dial-cheb,with_roads,maze,838,2238,616.9,0,,,
astar-dial-cheb,with_roads,maze,1741,919,824.6,0,,,
astar-dial-cheb,with_roads,maze,1852,1152,772.8,0,,,
astar-dial-cheb,with_roads,maze,66,664,158.7,0,,,
astar-dial-cheb,with_roads,maze,1747,1426,763.4,0,,,
astar-dial-cheb,with_roads,maze,1152,655,223.4,0,,,
astar-dial-cheb,with_roads,maze,883,1405,728.9,0,,,
astar-dial-cheb,with_roads,maze,443,393,16.6,0,,,
astar-dial-cheb,with_roads,maze,1566,413,624.6,0,,,
astar-dial-cheb,with_roads,maze,1499,1436,501.2,0,,,
astar-dial-cheb,with_roads,maze,1099,192,791.7,0,,,
astar-jps,with_roads,maze,466,125,381.5,0,,,
astar-jps,with_roads,maze,1144,1031,1683.9,0,,,
astar-jps,with_roads,maze,937,577,1610.6,0,,,
astar-jps,with_roads,maze,443,2238,864.7,0,,,
astar-jps,with_roads,maze,376,1746,932.9,0,,,
astar-jps,with_roads,maze,162,156,2096.2,0,,,
astar-jps,with_roads,maze,398,907,1157.1,0,,,
astar-jps,with_roads,maze,962,2079,1336.2,0,,,
astar-jps,with_roads,maze,145,2312,1637.3,0,,,
astar-jps,with_roads,maze,838,2238,868.8,0,,,
astar-jps,with_roads,maze,1741,919,1106.2,0,,,
astar-jps,with_roads,maze,1852,1152,1067.0,0,,,
astar-jps,with_roads,maze,66,664,214.5,0,,,
astar-jps,with_roads,maze,1747,1426,1073.6,0,,,
astar-jps,with_roads,maze,1152,655,292.5,0,,,
astar-jps,with_roads,maze,883,1405,1029.4,0,,,
astar-jps,with_roads,maze,443,393,29.0,0,,,
astar-jps,with_roads,maze,1566,413,922.5,0,,,
astar-jps,with_roads,maze,1499,1436,644.8,0,,,
astar-jps,with_roads,maze,1099,192,1107.7,0,,,
astar-jps-dial,with_roads,maze,466,125,427.4,0,,,
astar-jps-dial,with_roads,maze,1144,1031,1541.8,0,,,
astar-jps-dial,with_roads,maze,937,577,1601.7,0,,,
astar-jps-dial,with_roads,maze,443,2238,865.2,0,,,
astar-jps-dial,with_roads,maze,376,1746,878.6,0,,,
astar-jps-dial,with_roads,maze,162,156,1886.1,0,,,
astar-jps-dial,with_roads,maze,398,907,1386.9,0,,,
astar-jps-dial,with_roads,maze,962,2079,1524.9,0,,,
astar-jps-dial,with_roads,maze,145,2312,1877.9,0,,,
astar-jps-dial,with_roads,maze,838,2238,1006.3,0,,,
astar-jps-dial,with_roads,maze,1741,919,1409.8,0,,,
astar-jps-dial,with_roads,maze,1852,1152,1309.8,0,,,
astar-jps-dial,with_roads,maze,66,664,270.5,0,,,
astar-jps-dial,with_roads,maze,1747,1426,1221.0,0,,,
astar-jps-dial,with_roads,maze,1152,655,359.5,0,,,
astar-jps-dial,with_roads,maze,883,1405,1182.6,0,,,
astar-jps-dial,with_roads,maze,443,393,64.4,0,,,
astar-jps-dial,with_roads,maze,1566,413,1063.1,0,,,
astar-jps-dial,with_roads,maze,1499,1436,731.6,0,,,
astar-jps-dial,with_roads,maze,1099,192,1239.6,0,,,
astar-dial-cheb,no_roads,metropolitan_dystopia,1815,305,1687.4,0,,,
astar-dial-cheb,no_roads,metropolitan_dystopia,54,2132,1417.2,0,,,
astar-dial-cheb,no_roads,metropolitan_dystopia,796,704,679.6,0,,,
astar-dial-cheb,no_roads,metropolitan_dystopia,645,386,233.0,0,,,
astar-dial-cheb,no_roads,metropolitan_dystopia,2113,274,1643.1,0,,,
astar-dial-cheb,no_roads,metropolitan_dystopia,1921,2129,297.4,0,,,
astar-dial-cheb,no_roads,metropolitan_dystopia,1547,230,1562.2,0,,,
astar-dial-cheb,no_roads,metropolitan_dystopia,1681,1207,680.2,0,,,
astar-dial-cheb,no_roads,metropolitan_dystopia,77,69,81.3,0,,,
astar-dial-cheb,no_roads,metropolitan_dystopia,250,633,811.9,0,,,
astar-dial-cheb,no_roads,metropolitan_dystopia,667,1431,817.1,0,,,
astar-dial-cheb,no_roads,metropolitan_dystopia,1705,57,1494.3,0,,,
astar-dial-cheb,no_roads,metropolitan_dystopia,1594,576,1539.6,0,,,
astar-dial-cheb,no_roads,metropolitan_dystopia,2037,1847,142.1,0,,,
astar-dial-cheb,no_roads,metropolitan_dystopia,1995,1547,102.4,0,,,
astar-dial-cheb,no_roads,metropolitan_dystopia,1202,639,1218.2,0,,,
astar-dial-cheb,no_roads,metropolitan_dystopia,1281,1677,79.5,0,,,
astar-dial-cheb,no_roads,metropolitan_dystopia,802,2325,1285.1,0,,,
astar-dial-cheb,no_roads,metropolitan_dystopia,2486,13,1128.7,0,,,
astar-dial-cheb,no_roads,metropolitan_dystopia,2182,2318,232.8,0,,,
astar-jps,no_roads,metropolitan_dystopia,1815,305,1359.6,0,,,
astar-jps,no_roads,metropolitan_dystopia,54,2132,1053.9,0,,,
astar-jps,no_roads,metropolitan_dystopia,796,704,614.0,0,,,
astar-jps,no_roads,metropolitan_dystopia,645,386,169.8,0,,,
astar-jps,no_roads,metropolitan_dystopia,2113,274,1279.0,0,,,
astar-jps,no_roads,metropolitan_dystopia,1921,2129,147.0,0,,,
astar-jps,no_roads,metropolitan_dystopia,1547,230,949.2,0,,,
astar-jps,no_roads,metropolitan_dystopia,1681,1207,282.7,0,,,
astar-jps,no_roads,metropolitan_dystopia,77,69,41.2,0,,,
astar-jps,no_roads,metropolitan_dystopia,250,633,566.1,0,,,
astar-jps,no_roads,metropolitan_dystopia,667,1431,395.9,0,,,
astar-jps,no_roads,metropolitan_dystopia,1705,57,1220.5,0,,,
astar-jps,no_roads,metropolitan_dystopia,1594,576,1449.3,0,,,
astar-jps,no_roads,metropolitan_dystopia,2037,1847,96.8,0,,,
astar-jps,no_roads,metropolitan_dystopia,1995,1547,99.7,0,,,
astar-jps,no_roads,metropolitan_dystopia,1202,639,961.1,0,,,
astar-jps,no_roads,metropolitan_dystopia,1281,1677,69.1,0,,,
astar-jps,no_roads,metropolitan_dystopia,802,2325,908.7,0,,,
astar-jps,no_roads,metropolitan_dystopia,2486,13,1161.3,0,,,
astar-jps,no_roads,metropolitan_dystopia,2182,2318,150.7,0,,,
astar-jps-dial,no_roads,metropolitan_dystopia,1815,305,1392.5,0,,,
astar-jps-dial,no_roads,metropolitan_dystopia,54,2132,1080.6,0,,,
astar-jps-dial,no_roads,metropolitan_dystopia,796,704,641.5,0,,,
astar-jps-dial,no_roads,metropolitan_dystopia,645,386,197.3,0,,,
astar-jps-dial,no_roads,metropolitan_dystopia,2113,274,1326.9,0,,,
astar-jps-dial,no_roads,metropolitan_dystopia,1921,2129,200.9,0,,,
astar-jps-dial,no_roads,metropolitan_dystopia,1547,230,1007.6,0,,,
astar-jps-dial,no_roads,metropolitan_dystopia,1681,1207,327.9,0,,,
astar-jps-dial,no_roads,metropolitan_dystopia,77,69,96.1,0,,,
astar-jps-dial,no_roads,metropolitan_dystopia,250,633,607.1,0,,,
astar-jps-dial,no_roads,metropolitan_dystopia,667,1431,415.9,0,,,
astar-jps-dial,no_roads,metropolitan_dystopia,1705,57,1283.4,0,,,
astar-jps-dial,no_roads,metropolitan_dystopia,1594,576,1491.6,0,,,
astar-jps-dial,no_roads,metropolitan_dystopia,2037,1847,128.8,0,,,
astar-jps-dial,no_roads,metropolitan_dystopia,1995,1547,132.2,0,,,
astar-jps-dial,no_roads,metropolitan_dystopia,1202,639,991.8,0,,,
astar-jps-dial,no_roads,metropolitan_dystopia,1281,1677,97.4,0,,,
astar-jps-dial,no_roads,metropolitan_dystopia,802,2325,968.7,0,,,
astar-jps-dial,no_roads,metropolitan_dystopia,2486,13,1098.1,0,,,
astar-jps-dial,no_roads,metropolitan_dystopia,2182,2318,198.5,0,,,
astar-dial-cheb,with_roads,metropolitan_dystopia,1815,305,1183.0,0,,,
astar-dial-cheb,with_roads,metropolitan_dystopia,54,2132,1002.8,0,,,
astar-dial-cheb,with_roads,metropolitan_dystopia,796,704,454.1,0,,,
astar-dial-cheb,with_roads,metropolitan_dystopia,645,386,183.3,0,,,
astar-dial-cheb,with_roads,metropolitan_dystopia,2113,274,1365.6,0,,,
astar-dial-cheb,with_roads,metropolitan_dystopia,1921,2129,243.1,0,,,
astar-dial-cheb,with_roads,metropolitan_dystopia,1547,230,1029.8,0,,,
astar-dial-cheb,with_roads,metropolitan_dystopia,1681,1207,256.2,0,,,
astar-dial-cheb,with_roads,metropolitan_dystopia,77,69,76.8,0,,,
astar-dial-cheb,with_roads,metropolitan_dystopia,250,633,1104.0,0,,,
astar-dial-cheb,with_roads,metropolitan_dystopia,667,1431,432.6,0,,,
astar-dial-cheb,with_roads,metropolitan_dystopia,1705,57,1144.7,0,,,
astar-dial-cheb,with_roads,metropolitan_dystopia,1594,576,1243.8,0,,,
astar-dial-cheb,with_roads,metropolitan_dystopia,2037,1847,150.8,0,,,
astar-dial-cheb,with_roads,metropolitan_dystopia,1995,1547,65.3,0,,,
astar-dial-cheb,with_roads,metropolitan_dystopia,1202,639,1273.7,0,,,
astar-dial-cheb,with_roads,metropolitan_dystopia,1281,1677,76.4,0,,,
astar-dial-cheb,with_roads,metropolitan_dystopia,802,2325,1089.8,0,,,
astar-dial-cheb,with_roads,metropolitan_dystopia,2486,13,1691.3,0,,,
astar-dial-cheb,with_roads,metropolitan_dystopia,2182,2318,289.3,0,,,
astar-jps,with_roads,metropolitan_dystopia,1815,305,1369.6,0,,,
astar-jps,with_roads,metropolitan_dystopia,54,2132,1003.0,0,,,
astar-jps,with_roads,metropolitan_dystopia,796,704,586.1,0,,,
astar-jps,with_roads,metropolitan_dystopia,645,386,164.7,0,,,
astar-jps,with_roads,metropolitan_dystopia,2113,274,1245.4,0,,,
astar-jps,with_roads,metropolitan_dystopia,1921,2129,143.7,0,,,
astar-jps,with_roads,metropolitan_dystopia,1547,230,902.5,0,,,
astar-jps,with_roads,metropolitan_dystopia,1681,1207,274.6,0,,,
astar-jps,with_roads,metropolitan_dystopia,77,69,40.3,0,,,
astar-jps,with_roads,metropolitan_dystopia,250,633,548.7,0,,,
astar-jps,with_roads,metropolitan_dystopia,667,1431,645.0,0,,,
astar-jps,with_roads,metropolitan_dystopia,1705,57,1747.5,0,,,
astar-jps,with_roads,metropolitan_dystopia,1594,576,1442.1,0,,,
astar-jps,with_roads,metropolitan_dystopia,2037,1847,96.7,0,,,
astar-jps,with_roads,metropolitan_dystopia,1995,1547,99.0,0,,,
astar-jps,with_roads,metropolitan_dystopia,1202,639,929.2,0,,,
astar-jps,with_roads,metropolitan_dystopia,1281,1677,68.9,0,,,
astar-jps,with_roads,metropolitan_dystopia,802,2325,877.4,0,,,
astar-jps,with_roads,metropolitan_dystopia,2486,13,1042.9,0,,,
astar-jps,with_roads,metropolitan_dystopia,2182,2318,147.0,0,,,
astar-jps-dial,with_roads,metropolitan_dystopia,1815,305,1611.1,0,,,
astar-jps-dial,with_roads,metropolitan_dystopia,54,2132,1217.8,0,,,
astar-jps-dial,with_roads,metropolitan_dystopia,796,704,641.9,0,,,
astar-jps-dial,with_roads,metropolitan_dystopia,645,386,214.0,0,,,
astar-jps-dial,with_roads,metropolitan_dystopia,2113,274,1303.8,0,,,
astar-jps-dial,with_roads,metropolitan_dystopia,1921,2129,193.8,0,,,
astar-jps-dial,with_roads,metropolitan_dystopia,1547,230,958.6,0,,,
astar-jps-dial,with_roads,metropolitan_dystopia,1681,1207,331.9,0,,,
astar-jps-dial,with_roads,metropolitan_dystopia,77,69,94.4,0,,,
astar-jps-dial,with_roads,metropolitan_dystopia,250,633,602.9,0,,,
astar-jps-dial,with_roads,metropolitan_dystopia,667,1431,423.5,0,,,
astar-jps-dial,with_roads,metropolitan_dystopia,1705,57,1261.8,0,,,
astar-jps-dial,with_roads,metropolitan_dystopia,1594,576,1911.7,0,,,
astar-jps-dial,with_roads,metropolitan_dystopia,2037,1847,137.0,0,,,
astar-jps-dial,with_roads,metropolitan_dystopia,1995,1547,165.6,0,,,
astar-jps-dial,with_roads,metropolitan_dystopia,1202,639,990.4,0,,,
astar-jps-dial,with_roads,metropolitan_dystopia,1281,1677,96.3,0,,,
astar-jps-dial,with_roads,metropolitan_dystopia,802,2325,945.6,0,,,
astar-jps-dial,with_roads,metropolitan_dystopia,2486,13,1071.8,0,,,
astar-jps-dial,with_roads,metropolitan_dystopia,2182,2318,200.1,0,,,
astar-dial-cheb,no_roads,minimaze,478,84,230.3,0,,,
astar-dial-cheb,no_roads,minimaze,16,551,329.9,0,,,
astar-dial-cheb,no_roads,minimaze,214,181,50.6,0,,,
astar-dial-cheb,no_roads,minimaze,164,101,203.1,0,,,
astar-dial-cheb,no_roads,minimaze,549,77,331.5,0,,,
astar-dial-cheb,no_roads,minimaze,502,551,22.8,0,,,
astar-dial-cheb,no_roads,minimaze,403,61,215.7,0,,,
astar-dial-cheb,no_roads,minimaze,441,330,198.8,0,,,
astar-dial-cheb,no_roads,minimaze,21,19,12.2,0,,,
astar-dial-cheb,no_roads,minimaze,65,161,41.8,0,,,
astar-dial-cheb,no_roads,minimaze,171,380,190.6,0,,,
astar-dial-cheb,no_roads,minimaze,448,17,183.8,0,,,
astar-dial-cheb,no_roads,minimaze,422,148,96.8,0,,,
astar-dial-cheb,no_roads,minimaze,525,485,112.5,0,,,
astar-dial-cheb,no_roads,minimaze,518,403,213.3,0,,,
astar-dial-cheb,no_roads,minimaze,328,162,241.4,0,,,
astar-dial-cheb,no_roads,minimaze,345,439,64.7,0,,,
astar-dial-cheb,no_roads,minimaze,216,592,226.9,0,,,
astar-dial-cheb,no_roads,minimaze,624,6,294.9,0,,,
astar-dial-cheb,no_roads,minimaze,560,590,157.5,0,,,
astar-jps,no_roads,minimaze,478,84,178.1,0,,,
astar-jps,no_roads,minimaze,16,551,214.8,0,,,
astar-jps,no_roads,minimaze,214,181,49.7,0,,,
astar-jps,no_roads,minimaze,164,101,154.5,0,,,
astar-jps,no_roads,minimaze,549,77,337.8,0,,,
astar-jps,no_roads,minimaze,502,551,34.4,0,,,
astar-jps,no_roads,minimaze,403,61,109.0,0,,,
astar-jps,no_roads,minimaze,441,330,138.1,0,,,
astar-jps,no_roads,minimaze,21,19,18.5,0,,,
astar-jps,no_roads,minimaze,65,161,33.8,0,,,
astar-jps,no_roads,minimaze,171,380,155.5,0,,,
astar-jps,no_roads,minimaze,448,17,86.3,0,,,
astar-jps,no_roads,minimaze,422,148,46.7,0,,,
astar-jps,no_roads,minimaze,525,485,104.2,0,,,
astar-jps,no_roads,minimaze,518,403,177.9,0,,,
astar-jps,no_roads,minimaze,328,162,181.1,0,,,
astar-jps,no_roads,minimaze,345,439,75.7,0,,,
astar-jps,no_roads,minimaze,216,592,170.7,0,,,
astar-jps,no_roads,minimaze,624,6,231.5,0,,,
astar-jps,no_roads,minimaze,560,590,167.3,0,,,
astar-jps-dial,no_roads,minimaze,478,84,248.4,0,,,
astar-jps-dial,no_roads,minimaze,16,551,234.4,0,,,
astar-jps-dial,no_roads,minimaze,214,181,83.2,0,,,
astar-jps-dial,no_roads,minimaze,164,101,178.8,0,,,
astar-jps-dial,no_roads,minimaze,549,77,368.5,0,,,
astar-jps-dial,no_roads,minimaze,502,551,51.6,0,,,
astar-jps-dial,no_roads,minimaze,403,61,140.6,0,,,
astar-jps-dial,no_roads,minimaze,441,330,212.0,0,,,
astar-jps-dial,no_roads,minimaze,21,19,41.2,0,,,
astar-jps-dial,no_roads,minimaze,65,161,53.0,0,,,
astar-jps-dial,no_roads,minimaze,171,380,203.7,0,,,
astar-jps-dial,no_roads,minimaze,448,17,121.2,0,,,
astar-jps-dial,no_roads,minimaze,422,148,70.9,0,,,
astar-jps-dial,no_roads,minimaze,525,485,125.6,0,,,
astar-jps-dial,no_roads,minimaze,518,403,212.9,0,,,
astar-jps-dial,no_roads,minimaze,328,162,229.8,0,,,
astar-jps-dial,no_roads,minimaze,345,439,81.1,0,,,
astar-jps-dial,no_roads,minimaze,216,592,190.6,0,,,
astar-jps-dial,no_roads,minimaze,624,6,280.0,0,,,
astar-jps-dial,no_roads,minimaze,560,590,122.6,0,,,
astar-dial-cheb,with_roads,minimaze,478,84,208.8,0,,,
astar-dial-cheb,with_roads,minimaze,16,551,329.1,0,,,
astar-dial-cheb,with_roads,minimaze,214,181,52.0,0,,,
astar-dial-cheb,with_roads,minimaze,164,101,203.1,0,,,
astar-dial-cheb,with_roads,minimaze,549,77,337.5,0,,,
astar-dial-cheb,with_roads,minimaze,502,551,22.9,0,,,
astar-dial-cheb,with_roads,minimaze,403,61,212.7,0,,,
astar-dial-cheb,with_roads,minimaze,441,330,192.8,0,,,
astar-dial-cheb,with_roads,minimaze,21,19,12.2,0,,,
astar-dial-cheb,with_roads,minimaze,65,161,41.5,0,,,
astar-dial-cheb,with_roads,minimaze,171,380,184.6,0,,,
astar-dial-cheb,with_roads,minimaze,448,17,179.0,0,,,
astar-dial-cheb,with_roads,minimaze,422,148,95.6,0,,,
astar-dial-cheb,with_roads,minimaze,525,485,105.7,0,,,
astar-dial-cheb,with_roads,minimaze,518,403,203.2,0,,,
astar-dial-cheb,with_roads,minimaze,328,162,242.8,0,,,
astar-dial-cheb,with_roads,minimaze,345,439,64.7,0,,,
astar-dial-cheb,with_roads,minimaze,216,592,228.3,0,,,
astar-dial-cheb,with_roads,minimaze,624,6,414.0,0,,,
astar-dial-cheb,with_roads,minimaze,560,590,427.4,0,,,
astar-jps,with_roads,minimaze,478,84,368.5,0,,,
astar-jps,with_roads,minimaze,16,551,447.6,0,,,
astar-jps,with_roads,minimaze,214,181,85.0,0,,,
astar-jps,with_roads,minimaze,164,101,232.5,0,,,
astar-jps,with_roads,minimaze,549,77,354.4,0,,,
astar-jps,with_roads,minimaze,502,551,34.1,0,,,
astar-jps,with_roads,minimaze,403,61,130.0,0,,,
astar-jps,with_roads,minimaze,441,330,158.4,0,,,
astar-jps,with_roads,minimaze,21,19,19.1,0,,,
astar-jps,with_roads,minimaze,65,161,36.2,0,,,
astar-jps,with_roads,minimaze,171,380,188.0,0,,,
astar-jps,with_roads,minimaze,448,17,89.3,0,,,
astar-jps,with_roads,minimaze,422,148,47.2,0,,,
astar-jps,with_roads,minimaze,525,485,128.1,0,,,
astar-jps,with_roads,minimaze,518,403,213.3,0,,,
astar-jps,with_roads,minimaze,328,162,195.1,0,,,
astar-jps,with_roads,minimaze,345,439,113.6,0,,,
astar-jps,with_roads,minimaze,216,592,283.7,0,,,
astar-jps,with_roads,minimaze,624,6,283.7,0,,,
astar-jps,with_roads,minimaze,560,590,155.2,0,,,
astar-jps-dial,with_roads,minimaze,478,84,302.2,0,,,
astar-jps-dial,with_roads,minimaze,16,551,366.8,0,,,
astar-jps-dial,with_roads,minimaze,214,181,110.4,0,,,
astar-jps-dial,with_roads,minimaze,164,101,226.2,0,,,
astar-jps-dial,with_roads,minimaze,549,77,371.8,0,,,
astar-jps-dial,with_roads,minimaze,502,551,53.6,0,,,
astar-jps-dial,with_roads,minimaze,403,61,128.8,0,,,
astar-jps-dial,with_roads,minimaze,441,330,220.7,0,,,
astar-jps-dial,with_roads,minimaze,21,19,35.0,0,,,
astar-jps-dial,with_roads,minimaze,65,161,51.6,0,,,
astar-jps-dial,with_roads,minimaze,171,380,202.4,0,,,
astar-jps-dial,with_roads,minimaze,448,17,117.1,0,,,
astar-jps-dial,with_roads,minimaze,422,148,71.0,0,,,
astar-jps-dial,with_roads,minimaze,525,485,120.3,0,,,
astar-jps-dial,with_roads,minimaze,518,403,212.3,0,,,
astar-jps-dial,with_roads,minimaze,328,162,247.3,0,,,
astar-jps-dial,with_roads,minimaze,345,439,78.2,0,,,
astar-jps-dial,with_roads,minimaze,216,592,176.0,0,,,
astar-jps-dial,with_roads,minimaze,624,6,290.9,0,,,
astar-jps-dial,with_roads,minimaze,560,590,160.2,0,,,
astar-dial-cheb,no_roads,perch_point,825,134,420.6,0,,,
astar-dial-cheb,no_roads,perch_point,27,340,303.2,0,,,
astar-dial-cheb,no_roads,perch_point,304,270,39.4,0,,,
astar-dial-cheb,no_roads,perch_point,167,122,527.5,0,,,
astar-dial-cheb,no_roads,perch_point,870,708,155.2,0,,,
astar-dial-cheb,no_roads,perch_point,102,756,236.7,0,,,
astar-dial-cheb,no_roads,perch_point,542,35,158.1,0,,,
astar-dial-cheb,no_roads,perch_point,32,113,612.0,0,,,
astar-dial-cheb,no_roads,perch_point,265,286,337.3,0,,,
astar-dial-cheb,no_roads,perch_point,653,770,82.9,0,,,
astar-dial-cheb,no_roads,perch_point,29,724,373.9,0,,,
astar-dial-cheb,no_roads,perch_point,241,837,414.1,0,,,
astar-dial-cheb,no_roads,perch_point,896,708,55.4,0,,,
astar-dial-cheb,no_roads,perch_point,539,267,81.7,0,,,
astar-dial-cheb,no_roads,perch_point,578,755,123.6,0,,,
astar-dial-cheb,no_roads,perch_point,347,6,572.4,0,,,
astar-dial-cheb,no_roads,perch_point,193,892,306.4,0,,,
astar-dial-cheb,no_roads,perch_point,542,444,534.1,0,,,
astar-dial-cheb,no_roads,perch_point,347,188,119.6,0,,,
astar-dial-cheb,no_roads,perch_point,261,435,86.2,0,,,
astar-jps,no_roads,perch_point,825,134,115.8,0,,,
astar-jps,no_roads,perch_point,27,340,239.2,0,,,
astar-jps,no_roads,perch_point,304,270,45.9,0,,,
astar-jps,no_roads,perch_point,167,122,368.6,0,,,
astar-jps,no_roads,perch_point,870,708,95.9,0,,,
astar-jps,no_roads,perch_point,102,756,189.4,0,,,
astar-jps,no_roads,perch_point,542,35,90.9,0,,,
astar-jps,no_roads,perch_point,32,113,611.8,0,,,
astar-jps,no_roads,perch_point,265,286,229.9,0,,,
astar-jps,no_roads,perch_point,653,770,72.7,0,,,
astar-jps,no_roads,perch_point,29,724,230.4,0,,,
astar-jps,no_roads,perch_point,241,837,328.6,0,,,
astar-jps,no_roads,perch_point,896,708,70.5,0,,,
astar-jps,no_roads,perch_point,539,267,65.1,0,,,
astar-jps,no_roads,perch_point,578,755,92.6,0,,,
astar-jps,no_roads,perch_point,347,6,375.7,0,,,
astar-jps,no_roads,perch_point,193,892,217.8,0,,,
astar-jps,no_roads,perch_point,542,444,529.5,0,,,
astar-jps,no_roads,perch_point,347,188,65.7,0,,,
astar-jps,no_roads,perch_point,261,435,69.4,0,,,
astar-jps-dial,no_roads,perch_point,825,134,231.8,0,,,
astar-jps-dial,no_roads,perch_point,27,340,254.1,0,,,
astar-jps-dial,no_roads,perch_point,304,270,65.8,0,,,
astar-jps-dial,no_roads,perch_point,167,122,445.9,0,,,
astar-jps-dial,no_roads,perch_point,870,708,215.6,0,,,
astar-jps-dial,no_roads,perch_point,102,756,205.0,0,,,
astar-jps-dial,no_roads,perch_point,542,35,108.4,0,,,
astar-jps-dial,no_roads,perch_point,32,113,1194.8,0,,,
astar-jps-dial,no_roads,perch_point,265,286,356.9,0,,,
astar-jps-dial,no_roads,perch_point,653,770,100.4,0,,,
astar-jps-dial,no_roads,perch_point,29,724,272.8,0,,,
astar-jps-dial,no_roads,perch_point,241,837,357.2,0,,,
astar-jps-dial,no_roads,perch_point,896,708,92.4,0,,,
astar-jps-dial,no_roads,perch_point,539,267,85.5,0,,,
astar-jps-dial,no_roads,perch_point,578,755,113.6,0,,,
astar-jps-dial,no_roads,perch_point,347,6,478.1,0,,,
astar-jps-dial,no_roads,perch_point,193,892,248.1,0,,,
astar-jps-dial,no_roads,perch_point,542,444,567.2,0,,,
astar-jps-dial,no_roads,perch_point,347,188,107.4,0,,,
astar-jps-dial,no_roads,perch_point,261,435,88.2,0,,,
astar-dial-cheb,with_roads,perch_point,825,134,468.3,0,,,
astar-dial-cheb,with_roads,perch_point,27,340,310.9,0,,,
astar-dial-cheb,with_roads,perch_point,304,270,18.8,0,,,
astar-dial-cheb,with_roads,perch_point,167,122,309.9,0,,,
astar-dial-cheb,with_roads,perch_point,870,708,177.2,0,,,
astar-dial-cheb,with_roads,perch_point,102,756,221.3,0,,,
astar-dial-cheb,with_roads,perch_point,542,35,111.7,0,,,
astar-dial-cheb,with_roads,perch_point,32,113,605.0,0,,,
astar-dial-cheb,with_roads,perch_point,265,286,348.1,0,,,
astar-dial-cheb,with_roads,perch_point,653,770,88.2,0,,,
astar-dial-cheb,with_roads,perch_point,29,724,294.9,0,,,
astar-dial-cheb,with_roads,perch_point,241,837,437.7,0,,,
astar-dial-cheb,with_roads,perch_point,896,708,54.9,0,,,
astar-dial-cheb,with_roads,perch_point,539,267,79.3,0,,,
astar-dial-cheb,with_roads,perch_point,578,755,58.5,0,,,
astar-dial-cheb,with_roads,perch_point,347,6,386.4,0,,,
astar-dial-cheb,with_roads,perch_point,193,892,337.6,0,,,
astar-dial-cheb,with_roads,perch_point,542,444,566.0,0,,,
astar-dial-cheb,with_roads,perch_point,347,188,123.2,0,,,
astar-dial-cheb,with_roads,perch_point,261,435,87.1,0,,,
astar-jps,with_roads,perch_point,825,134,113.3,0,,,
astar-jps,with_roads,perch_point,27,340,231.6,0,,,
astar-jps,with_roads,perch_point,304,270,46.4,0,,,
astar-jps,with_roads,perch_point,167,122,377.6,0,,,
astar-jps,with_roads,perch_point,870,708,95.0,0,,,
astar-jps,with_roads,perch_point,102,756,190.0,0,,,
astar-jps,with_roads,perch_point,542,35,87.2,0,,,
astar-jps,with_roads,perch_point,32,113,606.9,0,,,
astar-jps,with_roads,perch_point,265,286,228.5,0,,,
astar-jps,with_roads,perch_point,653,770,71.1,0,,,
astar-jps,with_roads,perch_point,29,724,227.0,0,,,
astar-jps,with_roads,perch_point,241,837,327.3,0,,,
astar-jps,with_roads,perch_point,896,708,69.2,0,,,
astar-jps,with_roads,perch_point,539,267,65.7,0,,,
astar-jps,with_roads,perch_point,578,755,92.9,0,,,
astar-jps,with_roads,perch_point,347,6,391.3,0,,,
astar-jps,with_roads,perch_point,193,892,218.3,0,,,
astar-jps,with_roads,perch_point,542,444,542.8,0,,,
astar-jps,with_roads,perch_point,347,188,69.6,0,,,
astar-jps,with_roads,perch_point,261,435,84.9,0,,,
astar-jps-dial,with_roads,perch_point,825,134,231.9,0,,,
astar-jps-dial,with_roads,perch_point,27,340,255.9,0,,,
astar-jps-dial,with_roads,perch_point,304,270,67.0,0,,,
astar-jps-dial,with_roads,perch_point,167,122,451.7,0,,,
astar-jps-dial,with_roads,perch_point,870,708,210.7,0,,,
astar-jps-dial,with_roads,perch_point,102,756,204.7,0,,,
astar-jps-dial,with_roads,perch_point,542,35,113.2,0,,,
astar-jps-dial,with_roads,perch_point,32,113,714.7,0,,,
astar-jps-dial,with_roads,perch_point,265,286,268.1,0,,,
astar-jps-dial,with_roads,perch_point,653,770,94.7,0,,,
astar-jps-dial,with_roads,perch_point,29,724,285.1,0,,,
astar-jps-dial,with_roads,perch_point,241,837,358.3,0,,,
astar-jps-dial,with_roads,perch_point,896,708,89.2,0,,,
astar-jps-dial,with_roads,perch_point,539,267,84.9,0,,,
astar-jps-dial,with_roads,perch_point,578,755,113.9,0,,,
astar-jps-dial,with_roads,perch_point,347,6,485.8,0,,,
astar-jps-dial,with_roads,perch_point,193,892,239.1,0,,,
astar-jps-dial,with_roads,perch_point,542,444,570.0,0,,,
astar-jps-dial,with_roads,perch_point,347,188,106.0,0,,,
astar-jps-dial,with_roads,perch_point,261,435,89.4,0,,,
astar-dial-cheb,no_roads,pixel_forest,839,135,36.9,0,,,
astar-dial-cheb,no_roads,pixel_forest,28,989,412.0,0,,,
astar-dial-cheb,no_roads,pixel_forest,367,333,150.8,0,,,
astar-dial-cheb,no_roads,pixel_forest,295,179,361.3,0,,,
astar-dial-cheb,no_roads,pixel_forest,971,123,294.3,0,,,
astar-dial-cheb,no_roads,pixel_forest,895,981,16.9,0,,,
astar-dial-cheb,no_roads,pixel_forest,706,100,495.1,0,,,
astar-dial-cheb,no_roads,pixel_forest,769,555,175.8,0,,,
astar-dial-cheb,no_roads,pixel_forest,37,35,17.0,0,,,
astar-dial-cheb,no_roads,pixel_forest,107,290,34.6,0,,,
astar-dial-cheb,no_roads,pixel_forest,315,659,435.6,0,,,
astar-dial-cheb,no_roads,pixel_forest,783,30,278.0,0,,,
astar-dial-cheb,no_roads,pixel_forest,725,262,629.0,0,,,
astar-dial-cheb,no_roads,pixel_forest,947,857,23.3,0,,,
astar-dial-cheb,no_roads,pixel_forest,928,706,21.6,0,,,
astar-dial-cheb,no_roads,pixel_forest,550,292,157.9,0,,,
astar-dial-cheb,no_roads,pixel_forest,590,768,44.8,0,,,
astar-dial-cheb,no_roads,pixel_forest,377,1073,433.5,0,,,
astar-dial-cheb,no_roads,pixel_forest,7,1016,268.9,0,,,
astar-dial-cheb,no_roads,pixel_forest,1070,208,216.4,0,,,
astar-jps,no_roads,pixel_forest,839,135,51.2,0,,,
astar-jps,no_roads,pixel_forest,28,989,228.1,0,,,
astar-jps,no_roads,pixel_forest,367,333,67.9,0,,,
astar-jps,no_roads,pixel_forest,295,179,186.2,0,,,
astar-jps,no_roads,pixel_forest,971,123,186.4,0,,,
astar-jps,no_roads,pixel_forest,895,981,16.6,0,,,
astar-jps,no_roads,pixel_forest,706,100,335.0,0,,,
astar-jps,no_roads,pixel_forest,769,555,117.6,0,,,
astar-jps,no_roads,pixel_forest,37,35,25.6,0,,,
astar-jps,no_roads,pixel_forest,107,290,47.1,0,,,
astar-jps,no_roads,pixel_forest,315,659,345.4,0,,,
astar-jps,no_roads,pixel_forest,783,30,151.2,0,,,
astar-jps,no_roads,pixel_forest,725,262,733.7,0,,,
astar-jps,no_roads,pixel_forest,947,857,46.1,0,,,
astar-jps,no_roads,pixel_forest,928,706,35.0,0,,,
astar-jps,no_roads,pixel_forest,550,292,62.6,0,,,
astar-jps,no_roads,pixel_forest,590,768,52.1,0,,,
astar-jps,no_roads,pixel_forest,377,1073,262.8,0,,,
astar-jps,no_roads,pixel_forest,7,1016,134.2,0,,,
astar-jps,no_roads,pixel_forest,1070,208,89.4,0,,,
astar-jps-dial,no_roads,pixel_forest,839,135,85.8,0,,,
astar-jps-dial,no_roads,pixel_forest,28,989,248.0,0,,,
astar-jps-dial,no_roads,pixel_forest,367,333,95.4,0,,,
astar-jps-dial,no_roads,pixel_forest,295,179,207.9,0,,,
astar-jps-dial,no_roads,pixel_forest,971,123,197.9,0,,,
astar-jps-dial,no_roads,pixel_forest,895,981,56.0,0,,,
astar-jps-dial,no_roads,pixel_forest,706,100,388.9,0,,,
astar-jps-dial,no_roads,pixel_forest,769,555,150.3,0,,,
astar-jps-dial,no_roads,pixel_forest,37,35,51.5,0,,,
astar-jps-dial,no_roads,pixel_forest,107,290,72.6,0,,,
astar-jps-dial,no_roads,pixel_forest,315,659,386.9,0,,,
astar-jps-dial,no_roads,pixel_forest,783,30,164.5,0,,,
astar-jps-dial,no_roads,pixel_forest,725,262,785.2,0,,,
astar-jps-dial,no_roads,pixel_forest,947,857,77.7,0,,,
astar-jps-dial,no_roads,pixel_forest,928,706,74.3,0,,,
astar-jps-dial,no_roads,pixel_forest,550,292,109.0,0,,,
astar-jps-dial,no_roads,pixel_forest,590,768,78.5,0,,,
astar-jps-dial,no_roads,pixel_forest,377,1073,279.4,0,,,
astar-jps-dial,no_roads,pixel_forest,7,1016,155.2,0,,,
astar-jps-dial,no_roads,pixel_forest,1070,208,190.8,0,,,
astar-dial-cheb,with_roads,pixel_forest,839,135,50.4,0,,,
astar-dial-cheb,with_roads,pixel_forest,28,989,448.3,0,,,
astar-dial-cheb,with_roads,pixel_forest,367,333,34.0,0,,,
astar-dial-cheb,with_roads,pixel_forest,295,179,412.7,0,,,
astar-dial-cheb,with_roads,pixel_forest,971,123,331.9,0,,,
astar-dial-cheb,with_roads,pixel_forest,895,981,18.2,0,,,
astar-dial-cheb,with_roads,pixel_forest,706,100,249.4,0,,,
astar-dial-cheb,with_roads,pixel_forest,769,555,199.9,0,,,
astar-dial-cheb,with_roads,pixel_forest,37,35,17.1,0,,,
astar-dial-cheb,with_roads,pixel_forest,107,290,35.4,0,,,
astar-dial-cheb,with_roads,pixel_forest,315,659,271.3,0,,,
astar-dial-cheb,with_roads,pixel_forest,783,30,286.2,0,,,
astar-dial-cheb,with_roads,pixel_forest,725,262,627.3,0,,,
astar-dial-cheb,with_roads,pixel_forest,947,857,23.4,0,,,
astar-dial-cheb,with_roads,pixel_forest,928,706,20.6,0,,,
astar-dial-cheb,with_roads,pixel_forest,550,292,93.4,0,,,
astar-dial-cheb,with_roads,pixel_forest,590,768,43.5,0,,,
astar-dial-cheb,with_roads,pixel_forest,377,1073,455.1,0,,,
astar-dial-cheb,with_roads,pixel_forest,7,1016,321.6,0,,,
astar-dial-cheb,with_roads,pixel_forest,1070,208,213.6,0,,,
astar-jps,with_roads,pixel_forest,839,135,50.5,0,,,
astar-jps,with_roads,pixel_forest,28,989,244.1,0,,,
astar-jps,with_roads,pixel_forest,367,333,70.1,0,,,
astar-jps,with_roads,pixel_forest,295,179,185.0,0,,,
astar-jps,with_roads,pixel_forest,971,123,194.0,0,,,
astar-jps,with_roads,pixel_forest,895,981,16.5,0,,,
astar-jps,with_roads,pixel_forest,706,100,352.4,0,,,
astar-jps,with_roads,pixel_forest,769,555,122.5,0,,,
astar-jps,with_roads,pixel_forest,37,35,29.0,0,,,
astar-jps,with_roads,pixel_forest,107,290,47.8,0,,,
astar-jps,with_roads,pixel_forest,315,659,370.0,0,,,
astar-jps,with_roads,pixel_forest,783,30,163.0,0,,,
astar-jps,with_roads,pixel_forest,725,262,787.0,0,,,
astar-jps,with_roads,pixel_forest,947,857,49.7,0,,,
astar-jps,with_roads,pixel_forest,928,706,37.8,0,,,
astar-jps,with_roads,pixel_forest,550,292,67.4,0,,,
astar-jps,with_roads,pixel_forest,590,768,54.1,0,,,
astar-jps,with_roads,pixel_forest,377,1073,282.4,0,,,
astar-jps,with_roads,pixel_forest,7,1016,139.1,0,,,
astar-jps,with_roads,pixel_forest,1070,208,93.5,0,,,
astar-jps-dial,with_roads,pixel_forest,839,135,88.7,0,,,
astar-jps-dial,with_roads,pixel_forest,28,989,261.6,0,,,
astar-jps-dial,with_roads,pixel_forest,367,333,100.0,0,,,
astar-jps-dial,with_roads,pixel_forest,295,179,224.3,0,,,
astar-jps-dial,with_roads,pixel_forest,971,123,211.1,0,,,
astar-jps-dial,with_roads,pixel_forest,895,981,54.3,0,,,
astar-jps-dial,with_roads,pixel_forest,706,100,413.7,0,,,
astar-jps-dial,with_roads,pixel_forest,769,555,154.0,0,,,
astar-jps-dial,with_roads,pixel_forest,37,35,52.2,0,,,
astar-jps-dial,with_roads,pixel_forest,107,290,74.4,0,,,
astar-jps-dial,with_roads,pixel_forest,315,659,407.4,0,,,
astar-jps-dial,with_roads,pixel_forest,783,30,167.8,0,,,
astar-jps-dial,with_roads,pixel_forest,725,262,832.7,0,,,
astar-jps-dial,with_roads,pixel_forest,947,857,73.7,0,,,
astar-jps-dial,with_roads,pixel_forest,928,706,76.1,0,,,
astar-jps-dial,with_roads,pixel_forest,550,292,112.7,0,,,
astar-jps-dial,with_roads,pixel_forest,590,768,80.6,0,,,
astar-jps-dial,with_roads,pixel_forest,377,1073,295.2,0,,,
astar-jps-dial,with_roads,pixel_forest,7,1016,163.9,0,,,
astar-jps-dial,with_roads,pixel_forest,1070,208,203.7,0,,,
astar-dial-cheb,no_roads,pls_buy_cucats_merch,493,103,160.7,0,,,
astar-dial-cheb,no_roads,pls_buy_cucats_merch,1289,1162,501.3,0,,,
astar-dial-cheb,no_roads,pls_buy_cucats_merch,1069,627,135.9,0,,,
astar-dial-cheb,no_roads,pls_buy_cucats_merch,450,384,885.8,0,,,
astar-dial-cheb,no_roads,pls_buy_cucats_merch,2020,135,1276.2,0,,,
astar-dial-cheb,no_roads,pls_buy_cucats_merch,124,411,114.9,0,,,
astar-dial-cheb,no_roads,pls_buy_cucats_merch,1024,1109,218.5,0,,,
astar-dial-cheb,no_roads,pls_buy_cucats_merch,2389,109,1448.3,0,,,
astar-dial-cheb,no_roads,pls_buy_cucats_merch,927,2010,1579.7,0,,,
astar-dial-cheb,no_roads,pls_buy_cucats_merch,1031,2140,960.1,0,,,
astar-dial-cheb,no_roads,pls_buy_cucats_merch,1302,26,850.8,0,,,
astar-dial-cheb,no_roads,pls_buy_cucats_merch,733,2023,1540.7,0,,,
astar-dial-cheb,no_roads,pls_buy_cucats_merch,1625,1301,627.0,0,,,
astar-dial-cheb,no_roads,pls_buy_cucats_merch,713,1004,88.2,0,,,
astar-dial-cheb,no_roads,pls_buy_cucats_merch,1606,449,1476.1,0,,,
astar-dial-cheb,no_roads,pls_buy_cucats_merch,407,1828,977.8,0,,,
astar-dial-cheb,no_roads,pls_buy_cucats_merch,426,1718,1111.0,0,,,
astar-dial-cheb,no_roads,pls_buy_cucats_merch,1644,1244,114.2,0,,,
astar-dial-cheb,no_roads,pls_buy_cucats_merch,190,2188,1194.9,0,,,
astar-dial-cheb,no_roads,pls_buy_cucats_merch,557,1820,1043.8,0,,,
astar-jps,no_roads,pls_buy_cucats_merch,493,103,147.6,0,,,
astar-jps,no_roads,pls_buy_cucats_merch,1289,1162,185.3,0,,,
astar-jps,no_roads,pls_buy_cucats_merch,1069,627,64.8,0,,,
astar-jps,no_roads,pls_buy_cucats_merch,450,384,344.5,0,,,
astar-jps,no_roads,pls_buy_cucats_merch,2020,135,810.7,0,,,
astar-jps,no_roads,pls_buy_cucats_merch,124,411,273.5,0,,,
astar-jps,no_roads,pls_buy_cucats_merch,1024,1109,154.6,0,,,
astar-jps,no_roads,pls_buy_cucats_merch,2389,109,484.7,0,,,
astar-jps,no_roads,pls_buy_cucats_merch,927,2010,824.3,0,,,
astar-jps,no_roads,pls_buy_cucats_merch,1031,2140,688.6,0,,,
astar-jps,no_roads,pls_buy_cucats_merch,1302,26,146.2,0,,,
astar-jps,no_roads,pls_buy_cucats_merch,733,2023,584.8,0,,,
astar-jps,no_roads,pls_buy_cucats_merch,1625,1301,192.7,0,,,
astar-jps,no_roads,pls_buy_cucats_merch,713,1004,79.0,0,,,
astar-jps,no_roads,pls_buy_cucats_merch,1606,449,615.1,0,,,
astar-jps,no_roads,pls_buy_cucats_merch,407,1828,351.8,0,,,
astar-jps,no_roads,pls_buy_cucats_merch,426,1718,482.8,0,,,
astar-jps,no_roads,pls_buy_cucats_merch,1644,1244,105.4,0,,,
astar-jps,no_roads,pls_buy_cucats_merch,190,2188,913.3,0,,,
astar-jps,no_roads,pls_buy_cucats_merch,557,1820,450.7,0,,,
astar-jps-dial,no_roads,pls_buy_cucats_merch,493,103,162.4,0,,,
astar-jps-dial,no_roads,pls_buy_cucats_merch,1289,1162,199.4,0,,,
astar-jps-dial,no_roads,pls_buy_cucats_merch,1069,627,146.8,0,,,
astar-jps-dial,no_roads,pls_buy_cucats_merch,450,384,664.7,0,,,
astar-jps-dial,no_roads,pls_buy_cucats_merch,2020,135,822.6,0,,,
astar-jps-dial,no_roads,pls_buy_cucats_merch,124,411,227.9,0,,,
astar-jps-dial,no_roads,pls_buy_cucats_merch,1024,1109,173.4,0,,,
astar-jps-dial,no_roads,pls_buy_cucats_merch,2389,109,513.5,0,,,
astar-jps-dial,no_roads,pls_buy_cucats_merch,927,2010,1033.7,0,,,
astar-jps-dial,no_roads,pls_buy_cucats_merch,1031,2140,689.8,0,,,
astar-jps-dial,no_roads,pls_buy_cucats_merch,1302,26,508.5,0,,,
astar-jps-dial,no_roads,pls_buy_cucats_merch,733,2023,583.9,0,,,
astar-jps-dial,no_roads,pls_buy_cucats_merch,1625,1301,284.7,0,,,
astar-jps-dial,no_roads,pls_buy_cucats_merch,713,1004,102.7,0,,,
astar-jps-dial,no_roads,pls_buy_cucats_merch,1606,449,729.7,0,,,
astar-jps-dial,no_roads,pls_buy_cucats_merch,407,1828,379.3,0,,,
astar-jps-dial,no_roads,pls_buy_cucats_merch,426,1718,480.5,0,,,
astar-jps-dial,no_roads,pls_buy_cucats_merch,1644,1244,123.5,0,,,
astar-jps-dial,no_roads,pls_buy_cucats_merch,190,2188,1203.6,0,,,
astar-jps-dial,no_roads,pls_buy_cucats_merch,557,1820,554.5,0,,,
astar-dial-cheb,with_roads,pls_buy_cucats_merch,493,103,197.7,0,,,
astar-dial-cheb,with_roads,pls_buy_cucats_merch,1289,1162,640.5,0,,,
astar-dial-cheb,with_roads,pls_buy_cucats_merch,1069,627,174.2,0,,,
astar-dial-cheb,with_roads,pls_buy_cucats_merch,450,384,632.9,0,,,
astar-dial-cheb,with_roads,pls_buy_cucats_merch,2020,135,1171.9,0,,,
astar-dial-cheb,with_roads,pls_buy_cucats_merch,124,411,210.2,0,,,
astar-dial-cheb,with_roads,pls_buy_cucats_merch,1024,1109,277.3,0,,,
astar-dial-cheb,with_roads,pls_buy_cucats_merch,2389,109,1848.1,0,,,
astar-dial-cheb,with_roads,pls_buy_cucats_merch,927,2010,2183.4,0,,,
astar-dial-cheb,with_roads,pls_buy_cucats_merch,1031,2140,1405.4,0,,,
astar-dial-cheb,with_roads,pls_buy_cucats_merch,1302,26,1031.2,0,,,
astar-dial-cheb,with_roads,pls_buy_cucats_merch,733,2023,1560.0,0,,,
astar-dial-cheb,with_roads,pls_buy_cucats_merch,1625,1301,812.6,0,,,
astar-dial-cheb,with_roads,pls_buy_cucats_merch,713,1004,106.6,0,,,
astar-dial-cheb,with_roads,pls_buy_cucats_merch,1606,449,1874.6,0,,,
astar-dial-cheb,with_roads,pls_buy_cucats_merch,407,1828,1397.2,0,,,
astar-dial-cheb,with_roads,pls_buy_cucats_merch,426,1718,1108.1,0,,,
astar-dial-cheb,with_roads,pls_buy_cucats_merch,1644,1244,152.8,0,,,
astar-dial-cheb,with_roads,pls_buy_cucats_merch,190,2188,2156.2,0,,,
astar-dial-cheb,with_roads,pls_buy_cucats_merch,557,1820,834.2,0,,,
astar-jps,with_roads,pls_buy_cucats_merch,493,103,151.9,0,,,
astar-jps,with_roads,pls_buy_cucats_merch,1289,1162,147.0,0,,,
astar-jps,with_roads,pls_buy_cucats_merch,1069,627,56.3,0,,,
astar-jps,with_roads,pls_buy_cucats_merch,450,384,355.6,0,,,
astar-jps,with_roads,pls_buy_cucats_merch,2020,135,862.2,0,,,
astar-jps,with_roads,pls_buy_cucats_merch,124,411,259.7,0,,,
astar-jps,with_roads,pls_buy_cucats_merch,1024,1109,180.3,0,,,
astar-jps,with_roads,pls_buy_cucats_merch,2389,109,560.9,0,,,
astar-jps,with_roads,pls_buy_cucats_merch,927,2010,1032.1,0,,,
astar-jps,with_roads,pls_buy_cucats_merch,1031,2140,983.1,0,,,
astar-jps,with_roads,pls_buy_cucats_merch,1302,26,173.2,0,,,
astar-jps,with_roads,pls_buy_cucats_merch,733,2023,615.2,0,,,
astar-jps,with_roads,pls_buy_cucats_merch,1625,1301,188.6,0,,,
astar-jps,with_roads,pls_buy_cucats_merch,713,1004,74.7,0,,,
astar-jps,with_roads,pls_buy_cucats_merch,1606,449,617.5,0,,,
astar-jps,with_roads,pls_buy_cucats_merch,407,1828,353.1,0,,,
astar-jps,with_roads,pls_buy_cucats_merch,426,1718,491.8,0,,,
astar-jps,with_roads,pls_buy_cucats_merch,1644,1244,104.8,0,,,
astar-jps,with_roads,pls_buy_cucats_merch,190,2188,899.8,0,,,
astar-jps,with_roads,pls_buy_cucats_merch,557,1820,403.0,0,,,
astar-jps-dial,with_roads,pls_buy_cucats_merch,493,103,157.1,0,,,
astar-jps-dial,with_roads,pls_buy_cucats_merch,1289,1162,131.1,0,,,
astar-jps-dial,with_roads,pls_buy_cucats_merch,1069,627,86.4,0,,,
astar-jps-dial,with_roads,pls_buy_cucats_merch,450,384,500.0,0,,,
astar-jps-dial,with_roads,pls_buy_cucats_merch,2020,135,744.1,0,,,
astar-jps-dial,with_roads,pls_buy_cucats_merch,124,411,198.8,0,,,
astar-jps-dial,with_roads,pls_buy_cucats_merch,1024,1109,171.7,0,,,
astar-jps-dial,with_roads,pls_buy_cucats_merch,2389,109,514.8,0,,,
astar-jps-dial,with_roads,pls_buy_cucats_merch,927,2010,902.9,0,,,
astar-jps-dial,with_roads,pls_buy_cucats_merch,1031,2140,1041.3,0,,,
astar-jps-dial,with_roads,pls_buy_cucats_merch,1302,26,613.7,0,,,
astar-jps-dial,with_roads,pls_buy_cucats_merch,733,2023,632.8,0,,,
astar-jps-dial,with_roads,pls_buy_cucats_merch,1625,1301,293.6,0,,,
astar-jps-dial,with_roads,pls_buy_cucats_merch,713,1004,105.1,0,,,
astar-jps-dial,with_roads,pls_buy_cucats_merch,1606,449,750.1,0,,,
astar-jps-dial,with_roads,pls_buy_cucats_merch,407,1828,385.7,0,,,
astar-jps-dial,with_roads,pls_buy_cucats_merch,426,1718,497.5,0,,,
astar-jps-dial,with_roads,pls_buy_cucats_merch,1644,1244,122.2,0,,,
astar-jps-dial,with_roads,pls_buy_cucats_merch,190,2188,885.6,0,,,
astar-jps-dial,with_roads,pls_buy_cucats_merch,557,1820,421.6,0,,,
astar-dial-cheb,no_roads,pong,1634,281,505.1,0,,,
astar-dial-cheb,no_roads,pong,53,676,676.4,0,,,
astar-dial-cheb,no_roads,pong,581,535,65.2,0,,,
astar-dial-cheb,no_roads,pong,351,249,990.7,0,,,
astar-dial-cheb,no_roads,pong,1719,1326,945.8,0,,,
astar-dial-cheb,no_roads,pong,211,1455,603.1,0,,,
astar-dial-cheb,no_roads,pong,1039,67,624.9,0,,,
astar-dial-cheb,no_roads,pong,63,227,642.1,0,,,
astar-dial-cheb,no_roads,pong,523,554,364.9,0,,,
astar-dial-cheb,no_roads,pong,1240,1494,55.3,0,,,
astar-dial-cheb,no_roads,pong,56,1359,539.9,0,,,
astar-dial-cheb,no_roads,pong,483,1662,653.5,0,,,
astar-dial-cheb,no_roads,pong,1326,1029,59.2,0,,,
astar-dial-cheb,no_roads,pong,529,1119,612.6,0,,,
astar-dial-cheb,no_roads,pong,1450,684,648.1,0,,,
astar-dial-cheb,no_roads,pong,13,398,638.4,0,,,
astar-dial-cheb,no_roads,pong,1041,831,166.2,0,,,
astar-dial-cheb,no_roads,pong,684,388,73.1,0,,,
astar-dial-cheb,no_roads,pong,516,821,78.7,0,,,
astar-dial-cheb,no_roads,pong,249,223,882.6,0,,,
astar-jps,no_roads,pong,1634,281,213.9,0,,,
astar-jps,no_roads,pong,53,676,1509.7,0,,,
astar-jps,no_roads,pong,581,535,67.0,0,,,
astar-jps,no_roads,pong,351,249,1269.7,0,,,
astar-jps,no_roads,pong,1719,1326,1259.3,0,,,
astar-jps,no_roads,pong,211,1455,720.6,0,,,
astar-jps,no_roads,pong,1039,67,1325.1,0,,,
astar-jps,no_roads,pong,63,227,1081.9,0,,,
astar-jps,no_roads,pong,523,554,231.5,0,,,
astar-jps,no_roads,pong,1240,1494,105.6,0,,,
astar-jps,no_roads,pong,56,1359,1030.6,0,,,
astar-jps,no_roads,pong,483,1662,1280.1,0,,,
astar-jps,no_roads,pong,1326,1029,106.0,0,,,
astar-jps,no_roads,pong,529,1119,999.5,0,,,
astar-jps,no_roads,pong,1450,684,1346.4,0,,,
astar-jps,no_roads,pong,13,398,1110.4,0,,,
astar-jps,no_roads,pong,1041,831,73.4,0,,,
astar-jps,no_roads,pong,684,388,63.7,0,,,
astar-jps,no_roads,pong,516,821,89.4,0,,,
astar-jps,no_roads,pong,249,223,1283.6,0,,,
astar-jps-dial,no_roads,pong,1634,281,462.3,0,,,
astar-jps-dial,no_roads,pong,53,676,1382.9,0,,,
astar-jps-dial,no_roads,pong,581,535,141.6,0,,,
astar-jps-dial,no_roads,pong,351,249,1322.0,0,,,
astar-jps-dial,no_roads,pong,1719,1326,1381.9,0,,,
astar-jps-dial,no_roads,pong,211,1455,598.2,0,,,
astar-jps-dial,no_roads,pong,1039,67,1228.5,0,,,
astar-jps-dial,no_roads,pong,63,227,1096.8,0,,,
astar-jps-dial,no_roads,pong,523,554,380.2,0,,,
astar-jps-dial,no_roads,pong,1240,1494,97.8,0,,,
astar-jps-dial,no_roads,pong,56,1359,509.3,0,,,
astar-jps-dial,no_roads,pong,483,1662,1642.4,0,,,
astar-jps-dial,no_roads,pong,1326,1029,158.9,0,,,
astar-jps-dial,no_roads,pong,529,1119,1019.0,0,,,
astar-jps-dial,no_roads,pong,1450,684,1240.1,0,,,
astar-jps-dial,no_roads,pong,13,398,1145.0,0,,,
astar-jps-dial,no_roads,pong,1041,831,162.3,0,,,
astar-jps-dial,no_roads,pong,684,388,112.6,0,,,
astar-jps-dial,no_roads,pong,516,821,116.7,0,,,
astar-jps-dial,no_roads,pong,249,223,1244.2,0,,,
astar-dial-cheb,with_roads,pong,1634,281,611.7,0,,,
astar-dial-cheb,with_roads,pong,53,676,836.3,0,,,
astar-dial-cheb,with_roads,pong,581,535,64.0,0,,,
astar-dial-cheb,with_roads,pong,351,249,802.9,0,,,
astar-dial-cheb,with_roads,pong,1719,1326,814.2,0,,,
astar-dial-cheb,with_roads,pong,211,1455,666.1,0,,,
astar-dial-cheb,with_roads,pong,1039,67,716.0,0,,,
astar-dial-cheb,with_roads,pong,63,227,805.6,0,,,
astar-dial-cheb,with_roads,pong,523,554,443.1,0,,,
astar-dial-cheb,with_roads,pong,1240,1494,80.7,0,,,
astar-dial-cheb,with_roads,pong,56,1359,629.7,0,,,
astar-dial-cheb,with_roads,pong,483,1662,793.1,0,,,
astar-dial-cheb,with_roads,pong,1326,1029,72.8,0,,,
astar-dial-cheb,with_roads,pong,529,1119,777.8,0,,,
astar-dial-cheb,with_roads,pong,1450,684,786.2,0,,,
astar-dial-cheb,with_roads,pong,13,398,769.6,0,,,
astar-dial-cheb,with_roads,pong,1041,831,224.9,0,,,
astar-dial-cheb,with_roads,pong,684,388,96.1,0,,,
astar-dial-cheb,with_roads,pong,516,821,98.6,0,,,
astar-dial-cheb,with_roads,pong,249,223,756.0,0,,,
astar-jps,with_roads,pong,1634,281,185.4,0,,,
astar-jps,with_roads,pong,53,676,1620.7,0,,,
astar-jps,with_roads,pong,581,535,76.6,0,,,
astar-jps,with_roads,pong,351,249,1582.0,0,,,
astar-jps,with_roads,pong,1719,1326,1594.5,0,,,
astar-jps,with_roads,pong,211,1455,901.7,0,,,
astar-jps,with_roads,pong,1039,67,1657.2,0,,,
astar-jps,with_roads,pong,63,227,1335.5,0,,,
astar-jps,with_roads,pong,523,554,230.8,0,,,
astar-jps,with_roads,pong,1240,1494,79.6,0,,,
astar-jps,with_roads,pong,56,1359,986.4,0,,,
astar-jps,with_roads,pong,483,1662,1414.8,0,,,
astar-jps,with_roads,pong,1326,1029,126.4,0,,,
astar-jps,with_roads,pong,529,1119,1240.2,0,,,
astar-jps,with_roads,pong,1450,684,1677.2,0,,,
astar-jps,with_roads,pong,13,398,1376.8,0,,,
astar-jps,with_roads,pong,1041,831,96.8,0,,,
astar-jps,with_roads,pong,684,388,77.2,0,,,
astar-jps,with_roads,pong,516,821,109.2,0,,,
astar-jps,with_roads,pong,249,223,1570.3,0,,,
astar-jps-dial,with_roads,pong,1634,281,553.4,0,,,
astar-jps-dial,with_roads,pong,53,676,1669.6,0,,,
astar-jps-dial,with_roads,pong,581,535,109.9,0,,,
astar-jps-dial,with_roads,pong,351,249,1577.7,0,,,
astar-jps-dial,with_roads,pong,1719,1326,1593.1,0,,,
astar-jps-dial,with_roads,pong,211,1455,701.8,0,,,
astar-jps-dial,with_roads,pong,1039,67,1403.0,0,,,
astar-jps-dial,with_roads,pong,63,227,1244.9,0,,,
astar-jps-dial,with_roads,pong,523,554,417.6,0,,,
astar-jps-dial,with_roads,pong,1240,1494,98.2,0,,,
astar-jps-dial,with_roads,pong,56,1359,557.9,0,,,
astar-jps-dial,with_roads,pong,483,1662,1255.0,0,,,
astar-jps-dial,with_roads,pong,1326,1029,127.5,0,,,
astar-jps-dial,with_roads,pong,529,1119,1001.2,0,,,
astar-jps-dial,with_roads,pong,1450,684,1227.4,0,,,
astar-jps-dial,with_roads,pong,13,398,1153.3,0,,,
astar-jps-dial,with_roads,pong,1041,831,152.1,0,,,
astar-jps-dial,with_roads,pong,684,388,109.8,0,,,
astar-jps-dial,with_roads,pong,516,821,114.3,0,,,
astar-jps-dial,with_roads,pong,249,223,1239.4,0,,,
astar-dial-cheb,no_roads,rush_bait,1071,153,703.1,0,,,
astar-dial-cheb,no_roads,rush_bait,27,1215,421.0,0,,,
astar-dial-cheb,no_roads,rush_bait,450,373,254.0,0,,,
astar-dial-cheb,no_roads,rush_bait,334,200,76.7,0,,,
astar-dial-cheb,no_roads,rush_bait,1210,133,410.6,0,,,
astar-dial-cheb,no_roads,rush_bait,1139,1214,57.9,0,,,
astar-dial-cheb,no_roads,rush_bait,919,105,390.6,0,,,
astar-dial-cheb,no_roads,rush_bait,990,664,360.9,0,,,
astar-dial-cheb,no_roads,rush_bait,34,32,14.7,0,,,
astar-dial-cheb,no_roads,rush_bait,118,323,289.3,0,,,
astar-dial-cheb,no_roads,rush_bait,347,850,607.3,0,,,
astar-dial-cheb,no_roads,rush_bait,1009,29,216.7,0,,,
astar-dial-cheb,no_roads,rush_bait,944,296,528.5,0,,,
astar-dial-cheb,no_roads,rush_bait,1187,1093,240.3,0,,,
astar-dial-cheb,no_roads,rush_bait,1169,919,46.3,0,,,
astar-dial-cheb,no_roads,rush_bait,659,331,502.6,0,,,
astar-dial-cheb,no_roads,rush_bait,705,989,230.5,0,,,
astar-dial-cheb,no_roads,rush_bait,453,6,489.2,0,,,
astar-dial-cheb,no_roads,rush_bait,233,1165,671.2,0,,,
astar-dial-cheb,no_roads,rush_bait,664,574,179.5,0,,,
astar-jps,no_roads,rush_bait,1071,153,771.3,0,,,
astar-jps,no_roads,rush_bait,27,1215,302.5,0,,,
astar-jps,no_roads,rush_bait,450,373,243.3,0,,,
astar-jps,no_roads,rush_bait,334,200,70.8,0,,,
astar-jps,no_roads,rush_bait,1210,133,291.5,0,,,
astar-jps,no_roads,rush_bait,1139,1214,41.4,0,,,
astar-jps,no_roads,rush_bait,919,105,163.8,0,,,
astar-jps,no_roads,rush_bait,990,664,196.6,0,,,
astar-jps,no_roads,rush_bait,34,32,24.1,0,,,
astar-jps,no_roads,rush_bait,118,323,241.9,0,,,
astar-jps,no_roads,rush_bait,347,850,493.0,0,,,
astar-jps,no_roads,rush_bait,1009,29,182.5,0,,,
astar-jps,no_roads,rush_bait,944,296,426.5,0,,,
astar-jps,no_roads,rush_bait,1187,1093,155.9,0,,,
astar-jps,no_roads,rush_bait,1169,919,52.1,0,,,
astar-jps,no_roads,rush_bait,659,331,362.8,0,,,
astar-jps,no_roads,rush_bait,705,989,212.8,0,,,
astar-jps,no_roads,rush_bait,453,6,322.8,0,,,
astar-jps,no_roads,rush_bait,233,1165,653.1,0,,,
astar-jps,no_roads,rush_bait,664,574,79.2,0,,,
astar-jps-dial,no_roads,rush_bait,1071,153,758.9,0,,,
astar-jps-dial,no_roads,rush_bait,27,1215,377.5,0,,,
astar-jps-dial,no_roads,rush_bait,450,373,259.3,0,,,
astar-jps-dial,no_roads,rush_bait,334,200,99.8,0,,,
astar-jps-dial,no_roads,rush_bait,1210,133,320.4,0,,,
astar-jps-dial,no_roads,rush_bait,1139,1214,65.5,0,,,
astar-jps-dial,no_roads,rush_bait,919,105,226.3,0,,,
astar-jps-dial,no_roads,rush_bait,990,664,225.1,0,,,
astar-jps-dial,no_roads,rush_bait,34,32,51.0,0,,,
astar-jps-dial,no_roads,rush_bait,118,323,264.6,0,,,
astar-jps-dial,no_roads,rush_bait,347,850,534.4,0,,,
astar-jps-dial,no_roads,rush_bait,1009,29,202.1,0,,,
astar-jps-dial,no_roads,rush_bait,944,296,462.0,0,,,
astar-jps-dial,no_roads,rush_bait,1187,1093,174.1,0,,,
astar-jps-dial,no_roads,rush_bait,1169,919,74.0,0,,,
astar-jps-dial,no_roads,rush_bait,659,331,367.5,0,,,
astar-jps-dial,no_roads,rush_bait,705,989,230.0,0,,,
astar-jps-dial,no_roads,rush_bait,453,6,346.5,0,,,
astar-jps-dial,no_roads,rush_bait,233,1165,653.8,0,,,
astar-jps-dial,no_roads,rush_bait,664,574,142.4,0,,,
astar-dial-cheb,with_roads,rush_bait,1071,153,558.5,0,,,
astar-dial-cheb,with_roads,rush_bait,27,1215,531.8,0,,,
astar-dial-cheb,with_roads,rush_bait,450,373,289.6,0,,,
astar-dial-cheb,with_roads,rush_bait,334,200,58.1,0,,,
astar-dial-cheb,with_roads,rush_bait,1210,133,379.6,0,,,
astar-dial-cheb,with_roads,rush_bait,1139,1214,39.1,0,,,
astar-dial-cheb,with_roads,rush_bait,919,105,238.0,0,,,
astar-dial-cheb,with_roads,rush_bait,990,664,278.7,0,,,
astar-dial-cheb,with_roads,rush_bait,34,32,14.7,0,,,
astar-dial-cheb,with_roads,rush_bait,118,323,259.5,0,,,
astar-dial-cheb,with_roads,rush_bait,347,850,658.1,0,,,
astar-dial-cheb,with_roads,rush_bait,1009,29,307.1,0,,,
astar-dial-cheb,with_roads,rush_bait,944,296,431.6,0,,,
astar-dial-cheb,with_roads,rush_bait,1187,1093,483.1,0,,,
astar-dial-cheb,with_roads,rush_bait,1169,919,46.7,0,,,
astar-dial-cheb,with_roads,rush_bait,659,331,408.5,0,,,
astar-dial-cheb,with_roads,rush_bait,705,989,360.6,0,,,
astar-dial-cheb,with_roads,rush_bait,453,6,304.2,0,,,
astar-dial-cheb,with_roads,rush_bait,233,1165,643.1,0,,,
astar-dial-cheb,with_roads,rush_bait,664,574,43.3,0,,,
astar-jps,with_roads,rush_bait,1071,153,766.2,0,,,
astar-jps,with_roads,rush_bait,27,1215,302.3,0,,,
astar-jps,with_roads,rush_bait,450,373,238.0,0,,,
astar-jps,with_roads,rush_bait,334,200,70.8,0,,,
astar-jps,with_roads,rush_bait,1210,133,283.1,0,,,
astar-jps,with_roads,rush_bait,1139,1214,40.0,0,,,
astar-jps,with_roads,rush_bait,919,105,162.2,0,,,
astar-jps,with_roads,rush_bait,990,664,193.1,0,,,
astar-jps,with_roads,rush_bait,34,32,25.3,0,,,
astar-jps,with_roads,rush_bait,118,323,237.2,0,,,
astar-jps,with_roads,rush_bait,347,850,491.7,0,,,
astar-jps,with_roads,rush_bait,1009,29,181.7,0,,,
astar-jps,with_roads,rush_bait,944,296,418.8,0,,,
astar-jps,with_roads,rush_bait,1187,1093,155.2,0,,,
astar-jps,with_roads,rush_bait,1169,919,51.8,0,,,
astar-jps,with_roads,rush_bait,659,331,345.5,0,,,
astar-jps,with_roads,rush_bait,705,989,207.0,0,,,
astar-jps,with_roads,rush_bait,453,6,322.9,0,,,
astar-jps,with_roads,rush_bait,233,1165,629.5,0,,,
astar-jps,with_roads,rush_bait,664,574,76.0,0,,,
astar-jps-dial,with_roads,rush_bait,1071,153,740.2,0,,,
astar-jps-dial,with_roads,rush_bait,27,1215,370.3,0,,,
astar-jps-dial,with_roads,rush_bait,450,373,254.2,0,,,
astar-jps-dial,with_roads,rush_bait,334,200,96.3,0,,,
astar-jps-dial,with_roads,rush_bait,1210,133,306.8,0,,,
astar-jps-dial,with_roads,rush_bait,1139,1214,61.9,0,,,
astar-jps-dial,with_roads,rush_bait,919,105,225.2,0,,,
astar-jps-dial,with_roads,rush_bait,990,664,217.5,0,,,
astar-jps-dial,with_roads,rush_bait,34,32,49.4,0,,,
astar-jps-dial,with_roads,rush_bait,118,323,260.3,0,,,
astar-jps-dial,with_roads,rush_bait,347,850,523.7,0,,,
astar-jps-dial,with_roads,rush_bait,1009,29,206.4,0,,,
astar-jps-dial,with_roads,rush_bait,944,296,449.5,0,,,
astar-jps-dial,with_roads,rush_bait,1187,1093,173.5,0,,,
astar-jps-dial,with_roads,rush_bait,1169,919,71.1,0,,,
astar-jps-dial,with_roads,rush_bait,659,331,361.1,0,,,
astar-jps-dial,with_roads,rush_bait,705,989,224.4,0,,,
astar-jps-dial,with_roads,rush_bait,453,6,345.9,0,,,
astar-jps-dial,with_roads,rush_bait,233,1165,651.1,0,,,
astar-jps-dial,with_roads,rush_bait,664,574,137.8,0,,,
astar-dial-cheb,no_roads,separated,1600,274,886.9,0,,,
astar-dial-cheb,no_roads,separated,51,1863,965.0,0,,,
astar-dial-cheb,no_roads,separated,692,610,946.9,0,,,
astar-dial-cheb,no_roads,separated,558,348,759.1,0,,,
astar-dial-cheb,no_roads,separated,1850,251,919.0,0,,,
astar-dial-cheb,no_roads,separated,1691,1861,1319.4,0,,,
astar-dial-cheb,no_roads,separated,2244,1371,339.1,0,,,
astar-dial-cheb,no_roads,separated,207,1482,965.7,0,,,
astar-dial-cheb,no_roads,separated,1054,65,997.3,0,,,
astar-dial-cheb,no_roads,separated,61,223,930.7,0,,,
astar-dial-cheb,no_roads,separated,548,579,991.0,0,,,
astar-dial-cheb,no_roads,separated,1268,1508,933.0,0,,,
astar-dial-cheb,no_roads,separated,54,1416,984.0,0,,,
astar-dial-cheb,no_roads,separated,501,1794,967.4,0,,,
astar-dial-cheb,no_roads,separated,1624,1755,940.8,0,,,
astar-dial-cheb,no_roads,separated,1371,1049,943.4,0,,,
astar-dial-cheb,no_roads,separated,552,1124,309.0,0,,,
astar-dial-cheb,no_roads,separated,1479,699,942.9,0,,,
astar-dial-cheb,no_roads,separated,2029,2185,61.7,0,,,
astar-dial-cheb,no_roads,separated,13,1907,576.0,0,,,
astar-jps,no_roads,separated,1600,274,536.0,0,,,
astar-jps,no_roads,separated,51,1863,1049.0,0,,,
astar-jps,no_roads,separated,692,610,911.6,0,,,
astar-jps,no_roads,separated,558,348,516.7,0,,,
astar-jps,no_roads,separated,1850,251,1216.3,0,,,
astar-jps,no_roads,separated,1691,1861,1054.9,0,,,
astar-jps,no_roads,separated,2244,1371,168.6,0,,,
astar-jps,no_roads,separated,207,1482,994.0,0,,,
astar-jps,no_roads,separated,1054,65,932.8,0,,,
astar-jps,no_roads,separated,61,223,971.6,0,,,
astar-jps,no_roads,separated,548,579,934.4,0,,,
astar-jps,no_roads,separated,1268,1508,1341.6,0,,,
astar-jps,no_roads,separated,54,1416,1036.9,0,,,
astar-jps,no_roads,separated,501,1794,987.0,0,,,
astar-jps,no_roads,separated,1624,1755,1079.5,0,,,
astar-jps,no_roads,separated,1371,1049,1023.0,0,,,
astar-jps,no_roads,separated,552,1124,276.1,0,,,
astar-jps,no_roads,separated,1479,699,955.0,0,,,
astar-jps,no_roads,separated,2029,2185,52.4,0,,,
astar-jps,no_roads,separated,13,1907,237.2,0,,,
astar-jps-dial,no_roads,separated,1600,274,679.5,0,,,
astar-jps-dial,no_roads,separated,51,1863,1063.2,0,,,
astar-jps-dial,no_roads,separated,692,610,1037.8,0,,,
astar-jps-dial,no_roads,separated,558,348,675.6,0,,,
astar-jps-dial,no_roads,separated,1850,251,1074.8,0,,,
astar-jps-dial,no_roads,separated,1691,1861,1015.7,0,,,
astar-jps-dial,no_roads,separated,2244,1371,228.5,0,,,
astar-jps-dial,no_roads,separated,207,1482,1021.7,0,,,
astar-jps-dial,no_roads,separated,1054,65,1011.3,0,,,
astar-jps-dial,no_roads,separated,61,223,1027.2,0,,,
astar-jps-dial,no_roads,separated,548,579,1023.5,0,,,
astar-jps-dial,no_roads,separated,1268,1508,1237.6,0,,,
astar-jps-dial,no_roads,separated,54,1416,998.4,0,,,
astar-jps-dial,no_roads,separated,501,1794,968.8,0,,,
astar-jps-dial,no_roads,separated,1624,1755,1127.6,0,,,
astar-jps-dial,no_roads,separated,1371,1049,1097.4,0,,,
astar-jps-dial,no_roads,separated,552,1124,245.9,0,,,
astar-jps-dial,no_roads,separated,1479,699,1057.5,0,,,
astar-jps-dial,no_roads,separated,2029,2185,78.8,0,,,
astar-jps-dial,no_roads,separated,13,1907,238.9,0,,,
astar-dial-cheb,with_roads,separated,1600,274,859.0,0,,,
astar-dial-cheb,with_roads,separated,51,1863,944.5,0,,,
astar-dial-cheb,with_roads,separated,692,610,900.8,0,,,
astar-dial-cheb,with_roads,separated,558,348,826.2,0,,,
astar-dial-cheb,with_roads,separated,1850,251,914.3,0,,,
astar-dial-cheb,with_roads,separated,1691,1861,1008.9,0,,,
astar-dial-cheb,with_roads,separated,2244,1371,306.8,0,,,
astar-dial-cheb,with_roads,separated,207,1482,949.5,0,,,
astar-dial-cheb,with_roads,separated,1054,65,963.8,0,,,
astar-dial-cheb,with_roads,separated,61,223,923.3,0,,,
astar-dial-cheb,with_roads,separated,548,579,940.8,0,,,
astar-dial-cheb,with_roads,separated,1268,1508,922.4,0,,,
astar-dial-cheb,with_roads,separated,54,1416,946.7,0,,,
astar-dial-cheb,with_roads,separated,501,1794,984.6,0,,,
astar-dial-cheb,with_roads,separated,1624,1755,936.5,0,,,
astar-dial-cheb,with_roads,separated,1371,1049,956.3,0,,,
astar-dial-cheb,with_roads,separated,552,1124,414.6,0,,,
astar-dial-cheb,with_roads,separated,1479,699,950.0,0,,,
astar-dial-cheb,with_roads,separated,2029,2185,80.5,0,,,
astar-dial-cheb,with_roads,separated,13,1907,377.1,0,,,
astar-jps,with_roads,separated,1600,274,531.7,0,,,
astar-jps,with_roads,separated,51,1863,1080.8,0,,,
astar-jps,with_roads,separated,692,610,954.7,0,,,
astar-jps,with_roads,separated,558,348,530.8,0,,,
astar-jps,with_roads,separated,1850,251,950.0,0,,,
astar-jps,with_roads,separated,1691,1861,929.9,0,,,
astar-jps,with_roads,separated,2244,1371,161.7,0,,,
astar-jps,with_roads,separated,207,1482,1017.0,0,,,
astar-jps,with_roads,separated,1054,65,935.1,0,,,
astar-jps,with_roads,separated,61,223,986.6,0,,,
astar-jps,with_roads,separated,548,579,949.0,0,,,
astar-jps,with_roads,separated,1268,1508,1181.7,0,,,
astar-jps,with_roads,separated,54,1416,1026.1,0,,,
astar-jps,with_roads,separated,501,1794,982.1,0,,,
astar-jps,with_roads,separated,1624,1755,1077.7,0,,,
astar-jps,with_roads,separated,1371,1049,1025.1,0,,,
astar-jps,with_roads,separated,552,1124,269.4,0,,,
astar-jps,with_roads,separated,1479,699,971.4,0,,,
astar-jps,with_roads,separated,2029,2185,55.1,0,,,
astar-jps,with_roads,separated,13,1907,244.1,0,,,
astar-jps-dial,with_roads,separated,1600,274,654.6,0,,,
astar-jps-dial,with_roads,separated,51,1863,1082.6,0,,,
astar-jps-dial,with_roads,separated,692,610,1033.2,0,,,
astar-jps-dial,with_roads,separated,558,348,559.0,0,,,
astar-jps-dial,with_roads,separated,1850,251,1064.6,0,,,
astar-jps-dial,with_roads,separated,1691,1861,1035.4,0,,,
astar-jps-dial,with_roads,separated,2244,1371,230.7,0,,,
astar-jps-dial,with_roads,separated,207,1482,1045.2,0,,,
astar-jps-dial,with_roads,separated,1054,65,1027.7,0,,,
astar-jps-dial,with_roads,separated,61,223,1138.1,0,,,
astar-jps-dial,with_roads,separated,548,579,1047.7,0,,,
astar-jps-dial,with_roads,separated,1268,1508,1276.4,0,,,
astar-jps-dial,with_roads,separated,54,1416,1026.9,0,,,
astar-jps-dial,with_roads,separated,501,1794,1007.1,0,,,
astar-jps-dial,with_roads,separated,1624,1755,1156.1,0,,,
astar-jps-dial,with_roads,separated,1371,1049,1136.1,0,,,
astar-jps-dial,with_roads,separated,552,1124,251.7,0,,,
astar-jps-dial,with_roads,separated,1479,699,1085.8,0,,,
astar-jps-dial,with_roads,separated,2029,2185,81.5,0,,,
astar-jps-dial,with_roads,separated,13,1907,235.0,0,,,
astar-dial-cheb,no_roads,settlement,1543,260,1086.4,0,,,
astar-dial-cheb,no_roads,settlement,57,1798,1361.6,0,,,
astar-dial-cheb,no_roads,settlement,664,592,1001.3,0,,,
astar-dial-cheb,no_roads,settlement,536,340,48.0,0,,,
astar-dial-cheb,no_roads,settlement,1786,237,737.6,0,,,
astar-dial-cheb,no_roads,settlement,1624,1796,476.6,0,,,
astar-dial-cheb,no_roads,settlement,1323,200,839.0,0,,,
astar-dial-cheb,no_roads,settlement,1429,1033,142.8,0,,,
astar-dial-cheb,no_roads,settlement,73,69,40.0,0,,,
astar-dial-cheb,no_roads,settlement,215,524,152.6,0,,,
astar-dial-cheb,no_roads,settlement,563,1236,853.5,0,,,
astar-dial-cheb,no_roads,settlement,1454,60,607.3,0,,,
astar-dial-cheb,no_roads,settlement,1361,472,568.5,0,,,
astar-dial-cheb,no_roads,settlement,1736,1565,504.1,0,,,
astar-dial-cheb,no_roads,settlement,1694,1323,366.9,0,,,
astar-dial-cheb,no_roads,settlement,1028,530,142.3,0,,,
astar-dial-cheb,no_roads,settlement,1099,1425,569.1,0,,,
astar-dial-cheb,no_roads,settlement,670,15,233.5,0,,,
astar-dial-cheb,no_roads,settlement,1836,383,619.3,0,,,
astar-dial-cheb,no_roads,settlement,1683,1034,199.9,0,,,
astar-jps,no_roads,settlement,1543,260,470.7,0,,,
astar-jps,no_roads,settlement,57,1798,789.4,0,,,
astar-jps,no_roads,settlement,664,592,202.2,0,,,
astar-jps,no_roads,settlement,536,340,65.2,0,,,
astar-jps,no_roads,settlement,1786,237,174.3,0,,,
astar-jps,no_roads,settlement,1624,1796,294.5,0,,,
astar-jps,no_roads,settlement,1323,200,326.8,0,,,
astar-jps,no_roads,settlement,1429,1033,79.2,0,,,
astar-jps,no_roads,settlement,73,69,38.6,0,,,
astar-jps,no_roads,settlement,215,524,144.1,0,,,
astar-jps,no_roads,settlement,563,1236,365.7,0,,,
astar-jps,no_roads,settlement,1454,60,125.3,0,,,
astar-jps,no_roads,settlement,1361,472,239.9,0,,,
astar-jps,no_roads,settlement,1736,1565,144.5,0,,,
astar-jps,no_roads,settlement,1694,1323,141.2,0,,,
astar-jps,no_roads,settlement,1028,530,71.0,0,,,
astar-jps,no_roads,settlement,1099,1425,343.0,0,,,
astar-jps,no_roads,settlement,670,15,99.9,0,,,
astar-jps,no_roads,settlement,1836,383,128.2,0,,,
astar-jps,no_roads,settlement,1683,1034,64.3,0,,,
astar-jps-dial,no_roads,settlement,1543,260,664.6,0,,,
astar-jps-dial,no_roads,settlement,57,1798,761.8,0,,,
astar-jps-dial,no_roads,settlement,664,592,248.3,0,,,
astar-jps-dial,no_roads,settlement,536,340,96.0,0,,,
astar-jps-dial,no_roads,settlement,1786,237,535.3,0,,,
astar-jps-dial,no_roads,settlement,1624,1796,276.0,0,,,
astar-jps-dial,no_roads,settlement,1323,200,347.5,0,,,
astar-jps-dial,no_roads,settlement,1429,1033,119.4,0,,,
astar-jps-dial,no_roads,settlement,73,69,76.5,0,,,
astar-jps-dial,no_roads,settlement,215,524,171.1,0,,,
astar-jps-dial,no_roads,settlement,563,1236,408.4,0,,,
astar-jps-dial,no_roads,settlement,1454,60,545.0,0,,,
astar-jps-dial,no_roads,settlement,1361,472,325.4,0,,,
astar-jps-dial,no_roads,settlement,1736,1565,205.2,0,,,
astar-jps-dial,no_roads,settlement,1694,1323,247.5,0,,,
astar-jps-dial,no_roads,settlement,1028,530,97.1,0,,,
astar-jps-dial,no_roads,settlement,1099,1425,509.4,0,,,
astar-jps-dial,no_roads,settlement,670,15,150.2,0,,,
astar-jps-dial,no_roads,settlement,1836,383,289.9,0,,,
astar-jps-dial,no_roads,settlement,1683,1034,179.4,0,,,
astar-dial-cheb,with_roads,settlement,1543,260,927.8,0,,,
astar-dial-cheb,with_roads,settlement,57,1798,1341.6,0,,,
astar-dial-cheb,with_roads,settlement,664,592,809.0,0,,,
astar-dial-cheb,with_roads,settlement,536,340,49.3,0,,,
astar-dial-cheb,with_roads,settlement,1786,237,718.7,0,,,
astar-dial-cheb,with_roads,settlement,1624,1796,465.4,0,,,
astar-dial-cheb,with_roads,settlement,1323,200,815.4,0,,,
astar-dial-cheb,with_roads,settlement,1429,1033,112.1,0,,,
astar-dial-cheb,with_roads,settlement,73,69,25.7,0,,,
astar-dial-cheb,with_roads,settlement,215,524,198.0,0,,,
astar-dial-cheb,with_roads,settlement,563,1236,908.7,0,,,
astar-dial-cheb,with_roads,settlement,1454,60,580.4,0,,,
astar-dial-cheb,with_roads,settlement,1361,472,563.9,0,,,
astar-dial-cheb,with_roads,settlement,1736,1565,516.5,0,,,
astar-dial-cheb,with_roads,settlement,1694,1323,362.8,0,,,
astar-dial-cheb,with_roads,settlement,1028,530,140.3,0,,,
astar-dial-cheb,with_roads,settlement,1099,1425,550.2,0,,,
astar-dial-cheb,with_roads,settlement,670,15,170.8,0,,,
astar-dial-cheb,with_roads,settlement,1836,383,618.3,0,,,
astar-dial-cheb,with_roads,settlement,1683,1034,199.8,0,,,
astar-jps,with_roads,settlement,1543,260,476.4,0,,,
astar-jps,with_roads,settlement,57,1798,780.1,0,,,
astar-jps,with_roads,settlement,664,592,202.4,0,,,
astar-jps,with_roads,settlement,536,340,66.3,0,,,
astar-jps,with_roads,settlement,1786,237,175.6,0,,,
astar-jps,with_roads,settlement,1624,1796,291.3,0,,,
astar-jps,with_roads,settlement,1323,200,328.3,0,,,
astar-jps,with_roads,settlement,1429,1033,79.1,0,,,
astar-jps,with_roads,settlement,73,69,38.5,0,,,
astar-jps,with_roads,settlement,215,524,143.8,0,,,
astar-jps,with_roads,settlement,563,1236,361.0,0,,,
astar-jps,with_roads,settlement,1454,60,125.3,0,,,
astar-jps,with_roads,settlement,1361,472,242.6,0,,,
astar-jps,with_roads,settlement,1736,1565,144.7,0,,,
astar-jps,with_roads,settlement,1694,1323,141.4,0,,,
astar-jps,with_roads,settlement,1028,530,70.8,0,,,
astar-jps,with_roads,settlement,1099,1425,340.3,0,,,
astar-jps,with_roads,settlement,670,15,102.8,0,,,
astar-jps,with_roads,settlement,1836,383,130.0,0,,,
astar-jps,with_roads,settlement,1683,1034,63.8,0,,,
astar-jps-dial,with_roads,settlement,1543,260,654.3,0,,,
astar-jps-dial,with_roads,settlement,57,1798,763.8,0,,,
astar-jps-dial,with_roads,settlement,664,592,240.1,0,,,
astar-jps-dial,with_roads,settlement,536,340,99.4,0,,,
astar-jps-dial,with_roads,settlement,1786,237,532.2,0,,,
astar-jps-dial,with_roads,settlement,1624,1796,271.9,0,,,
astar-jps-dial,with_roads,settlement,1323,200,348.4,0,,,
astar-jps-dial,with_roads,settlement,1429,1033,120.6,0,,,
astar-jps-dial,with_roads,settlement,73,69,76.3,0,,,
astar-jps-dial,with_roads,settlement,215,524,170.0,0,,,
astar-jps-dial,with_roads,settlement,563,1236,408.5,0,,,
astar-jps-dial,with_roads,settlement,1454,60,557.4,0,,,
astar-jps-dial,with_roads,settlement,1361,472,324.9,0,,,
astar-jps-dial,with_roads,settlement,1736,1565,208.7,0,,,
astar-jps-dial,with_roads,settlement,1694,1323,248.7,0,,,
astar-jps-dial,with_roads,settlement,1028,530,97.0,0,,,
astar-jps-dial,with_roads,settlement,1099,1425,493.4,0,,,
astar-jps-dial,with_roads,settlement,670,15,147.8,0,,,
astar-jps-dial,with_roads,settlement,1836,383,285.7,0,,,
astar-jps-dial,with_roads,settlement,1683,1034,179.4,0,,,
astar-dial-cheb,no_roads,shish_kebab,391,62,258.7,0,,,
astar-dial-cheb,no_roads,shish_kebab,12,165,69.6,0,,,
astar-dial-cheb,no_roads,shish_kebab,147,135,94.0,0,,,
astar-dial-cheb,no_roads,shish_kebab,80,57,245.2,0,,,
astar-dial-cheb,no_roads,shish_kebab,338,47,159.2,0,,,
astar-dial-cheb,no_roads,shish_kebab,365,259,155.9,0,,,
astar-dial-cheb,no_roads,shish_kebab,16,15,9.0,0,,,
astar-dial-cheb,no_roads,shish_kebab,50,127,35.4,0,,,
astar-dial-cheb,no_roads,shish_kebab,140,313,158.7,0,,,
astar-dial-cheb,no_roads,shish_kebab,372,13,259.6,0,,,
astar-dial-cheb,no_roads,shish_kebab,348,117,149.6,0,,,
astar-dial-cheb,no_roads,shish_kebab,396,338,23.2,0,,,
astar-dial-cheb,no_roads,shish_kebab,257,128,100.9,0,,,
astar-dial-cheb,no_roads,shish_kebab,277,364,157.2,0,,,
astar-dial-cheb,no_roads,shish_kebab,167,3,94.9,0,,,
astar-dial-cheb,no_roads,shish_kebab,90,259,149.7,0,,,
astar-dial-cheb,no_roads,shish_kebab,206,167,17.7,0,,,
astar-dial-cheb,no_roads,shish_kebab,88,126,23.3,0,,,
astar-dial-cheb,no_roads,shish_kebab,204,57,254.2,0,,,
astar-dial-cheb,no_roads,shish_kebab,50,233,121.7,0,,,
astar-jps,no_roads,shish_kebab,391,62,136.4,0,,,
astar-jps,no_roads,shish_kebab,12,165,60.2,0,,,
astar-jps,no_roads,shish_kebab,147,135,48.4,0,,,
astar-jps,no_roads,shish_kebab,80,57,120.5,0,,,
astar-jps,no_roads,shish_kebab,338,47,115.7,0,,,
astar-jps,no_roads,shish_kebab,365,259,106.8,0,,,
astar-jps,no_roads,shish_kebab,16,15,16.0,0,,,
astar-jps,no_roads,shish_kebab,50,127,41.2,0,,,
astar-jps,no_roads,shish_kebab,140,313,111.3,0,,,
astar-jps,no_roads,shish_kebab,372,13,167.3,0,,,
astar-jps,no_roads,shish_kebab,348,117,88.4,0,,,
astar-jps,no_roads,shish_kebab,396,338,46.2,0,,,
astar-jps,no_roads,shish_kebab,257,128,84.1,0,,,
astar-jps,no_roads,shish_kebab,277,364,133.4,0,,,
astar-jps,no_roads,shish_kebab,167,3,42.3,0,,,
astar-jps,no_roads,shish_kebab,90,259,81.4,0,,,
astar-jps,no_roads,shish_kebab,206,167,30.3,0,,,
astar-jps,no_roads,shish_kebab,88,126,27.8,0,,,
astar-jps,no_roads,shish_kebab,204,57,97.8,0,,,
astar-jps,no_roads,shish_kebab,50,233,90.9,0,,,
astar-jps-dial,no_roads,shish_kebab,391,62,193.2,0,,,
astar-jps-dial,no_roads,shish_kebab,12,165,68.0,0,,,
astar-jps-dial,no_roads,shish_kebab,147,135,65.8,0,,,
astar-jps-dial,no_roads,shish_kebab,80,57,166.5,0,,,
astar-jps-dial,no_roads,shish_kebab,338,47,137.1,0,,,
astar-jps-dial,no_roads,shish_kebab,365,259,171.7,0,,,
astar-jps-dial,no_roads,shish_kebab,16,15,28.6,0,,,
astar-jps-dial,no_roads,shish_kebab,50,127,52.2,0,,,
astar-jps-dial,no_roads,shish_kebab,140,313,121.5,0,,,
astar-jps-dial,no_roads,shish_kebab,372,13,229.8,0,,,
astar-jps-dial,no_roads,shish_kebab,348,117,103.4,0,,,
astar-jps-dial,no_roads,shish_kebab,396,338,58.6,0,,,
astar-jps-dial,no_roads,shish_kebab,257,128,106.8,0,,,
astar-jps-dial,no_roads,shish_kebab,277,364,123.3,0,,,
astar-jps-dial,no_roads,shish_kebab,167,3,61.7,0,,,
astar-jps-dial,no_roads,shish_kebab,90,259,92.8,0,,,
astar-jps-dial,no_roads,shish_kebab,206,167,42.3,0,,,
astar-jps-dial,no_roads,shish_kebab,88,126,40.4,0,,,
astar-jps-dial,no_roads,shish_kebab,204,57,143.6,0,,,
astar-jps-dial,no_roads,shish_kebab,50,233,101.3,0,,,
astar-dial-cheb,with_roads,shish_kebab,391,62,94.6,0,,,
astar-dial-cheb,with_roads,shish_kebab,12,165,94.4,0,,,
astar-dial-cheb,with_roads,shish_kebab,147,135,92.2,0,,,
astar-dial-cheb,with_roads,shish_kebab,80,57,237.4,0,,,
astar-dial-cheb,with_roads,shish_kebab,338,47,212.9,0,,,
astar-dial-cheb,with_roads,shish_kebab,365,259,177.7,0,,,
astar-dial-cheb,with_roads,shish_kebab,16,15,9.3,0,,,
astar-dial-cheb,with_roads,shish_kebab,50,127,39.4,0,,,
astar-dial-cheb,with_roads,shish_kebab,140,313,109.7,0,,,
astar-dial-cheb,with_roads,shish_kebab,372,13,284.0,0,,,
astar-dial-cheb,with_roads,shish_kebab,348,117,220.1,0,,,
astar-dial-cheb,with_roads,shish_kebab,396,338,23.7,0,,,
astar-dial-cheb,with_roads,shish_kebab,257,128,107.9,0,,,
astar-dial-cheb,with_roads,shish_kebab,277,364,137.6,0,,,
astar-dial-cheb,with_roads,shish_kebab,167,3,87.5,0,,,
astar-dial-cheb,with_roads,shish_kebab,90,259,159.5,0,,,
astar-dial-cheb,with_roads,shish_kebab,206,167,19.7,0,,,
astar-dial-cheb,with_roads,shish_kebab,88,126,19.7,0,,,
astar-dial-cheb,with_roads,shish_kebab,204,57,292.0,0,,,
astar-dial-cheb,with_roads,shish_kebab,50,233,146.7,0,,,
astar-jps,with_roads,shish_kebab,391,62,121.9,0,,,
astar-jps,with_roads,shish_kebab,12,165,55.4,0,,,
astar-jps,with_roads,shish_kebab,147,135,48.6,0,,,
astar-jps,with_roads,shish_kebab,80,57,121.3,0,,,
astar-jps,with_roads,shish_kebab,338,47,113.1,0,,,
astar-jps,with_roads,shish_kebab,365,259,102.8,0,,,
astar-jps,with_roads,shish_kebab,16,15,15.8,0,,,
astar-jps,with_roads,shish_kebab,50,127,41.5,0,,,
astar-jps,with_roads,shish_kebab,140,313,105.7,0,,,
astar-jps,with_roads,shish_kebab,372,13,159.0,0,,,
astar-jps,with_roads,shish_kebab,348,117,88.1,0,,,
astar-jps,with_roads,shish_kebab,396,338,44.1,0,,,
astar-jps,with_roads,shish_kebab,257,128,79.2,0,,,
astar-jps,with_roads,shish_kebab,277,364,125.8,0,,,
astar-jps,with_roads,shish_kebab,167,3,42.5,0,,,
astar-jps,with_roads,shish_kebab,90,259,80.3,0,,,
astar-jps,with_roads,shish_kebab,206,167,30.5,0,,,
astar-jps,with_roads,shish_kebab,88,126,28.5,0,,,
astar-jps,with_roads,shish_kebab,204,57,95.9,0,,,
astar-jps,with_roads,shish_kebab,50,233,97.0,0,,,
astar-jps-dial,with_roads,shish_kebab,391,62,182.3,0,,,
astar-jps-dial,with_roads,shish_kebab,12,165,68.0,0,,,
astar-jps-dial,with_roads,shish_kebab,147,135,70.5,0,,,
astar-jps-dial,with_roads,shish_kebab,80,57,163.1,0,,,
astar-jps-dial,with_roads,shish_kebab,338,47,133.1,0,,,
astar-jps-dial,with_roads,shish_kebab,365,259,166.5,0,,,
astar-jps-dial,with_roads,shish_kebab,16,15,27.8,0,,,
astar-jps-dial,with_roads,shish_kebab,50,127,52.1,0,,,
astar-jps-dial,with_roads,shish_kebab,140,313,119.8,0,,,
astar-jps-dial,with_roads,shish_kebab,372,13,221.9,0,,,
astar-jps-dial,with_roads,shish_kebab,348,117,104.9,0,,,
astar-jps-dial,with_roads,shish_kebab,396,338,56.4,0,,,
astar-jps-dial,with_roads,shish_kebab,257,128,106.6,0,,,
astar-jps-dial,with_roads,shish_kebab,277,364,119.0,0,,,
astar-jps-dial,with_roads,shish_kebab,167,3,60.4,0,,,
astar-jps-dial,with_roads,shish_kebab,90,259,93.7,0,,,
astar-jps-dial,with_roads,shish_kebab,206,167,43.5,0,,,
astar-jps-dial,with_roads,shish_kebab,88,126,41.2,0,,,
astar-jps-dial,with_roads,shish_kebab,204,57,138.5,0,,,
astar-jps-dial,with_roads,shish_kebab,50,233,100.5,0,,,
astar-dial-cheb,no_roads,shrub,128,27,272.6,0,,,
astar-dial-cheb,no_roads,shrub,395,346,125.1,0,,,
astar-dial-cheb,no_roads,shrub,312,171,175.6,0,,,
astar-dial-cheb,no_roads,shrub,115,810,450.3,0,,,
astar-dial-cheb,no_roads,shrub,96,866,546.0,0,,,
astar-dial-cheb,no_roads,shrub,640,34,285.2,0,,,
astar-dial-cheb,no_roads,shrub,32,104,108.8,0,,,
astar-dial-cheb,no_roads,shrub,301,328,494.0,0,,,
astar-dial-cheb,no_roads,shrub,760,878,38.6,0,,,
astar-dial-cheb,no_roads,shrub,29,829,299.4,0,,,
astar-dial-cheb,no_roads,shrub,269,810,474.5,0,,,
astar-dial-cheb,no_roads,shrub,636,305,110.8,0,,,
astar-dial-cheb,no_roads,shrub,679,865,66.1,0,,,
astar-dial-cheb,no_roads,shrub,400,6,166.9,0,,,
astar-dial-cheb,no_roads,shrub,198,640,184.4,0,,,
astar-dial-cheb,no_roads,shrub,506,400,198.4,0,,,
astar-dial-cheb,no_roads,shrub,192,298,314.3,0,,,
astar-dial-cheb,no_roads,shrub,500,115,193.5,0,,,
astar-dial-cheb,no_roads,shrub,103,573,206.2,0,,,
astar-dial-cheb,no_roads,shrub,109,535,202.4,0,,,
astar-jps,no_roads,shrub,128,27,93.0,0,,,
astar-jps,no_roads,shrub,395,346,76.9,0,,,
astar-jps,no_roads,shrub,312,171,152.8,0,,,
astar-jps,no_roads,shrub,115,810,270.6,0,,,
astar-jps,no_roads,shrub,96,866,365.7,0,,,
astar-jps,no_roads,shrub,640,34,89.4,0,,,
astar-jps,no_roads,shrub,32,104,76.4,0,,,
astar-jps,no_roads,shrub,301,328,648.9,0,,,
astar-jps,no_roads,shrub,760,878,60.3,0,,,
astar-jps,no_roads,shrub,29,829,174.2,0,,,
astar-jps,no_roads,shrub,269,810,381.5,0,,,
astar-jps,no_roads,shrub,636,305,90.8,0,,,
astar-jps,no_roads,shrub,679,865,53.9,0,,,
astar-jps,no_roads,shrub,400,6,56.0,0,,,
astar-jps,no_roads,shrub,198,640,96.1,0,,,
astar-jps,no_roads,shrub,506,400,93.0,0,,,
astar-jps,no_roads,shrub,192,298,168.0,0,,,
astar-jps,no_roads,shrub,500,115,79.2,0,,,
astar-jps,no_roads,shrub,103,573,96.6,0,,,
astar-jps,no_roads,shrub,109,535,158.7,0,,,
astar-jps-dial,no_roads,shrub,128,27,133.1,0,,,
astar-jps-dial,no_roads,shrub,395,346,110.3,0,,,
astar-jps-dial,no_roads,shrub,312,171,162.0,0,,,
astar-jps-dial,no_roads,shrub,115,810,260.9,0,,,
astar-jps-dial,no_roads,shrub,96,866,381.2,0,,,
astar-jps-dial,no_roads,shrub,640,34,152.8,0,,,
astar-jps-dial,no_roads,shrub,32,104,107.7,0,,,
astar-jps-dial,no_roads,shrub,301,328,619.9,0,,,
astar-jps-dial,no_roads,shrub,760,878,78.5,0,,,
astar-jps-dial,no_roads,shrub,29,829,192.7,0,,,
astar-jps-dial,no_roads,shrub,269,810,377.7,0,,,
astar-jps-dial,no_roads,shrub,636,305,124.3,0,,,
astar-jps-dial,no_roads,shrub,679,865,76.9,0,,,
astar-jps-dial,no_roads,shrub,400,6,102.1,0,,,
astar-jps-dial,no_roads,shrub,198,640,109.5,0,,,
astar-jps-dial,no_roads,shrub,506,400,212.2,0,,,
astar-jps-dial,no_roads,shrub,192,298,198.4,0,,,
astar-jps-dial,no_roads,shrub,500,115,133.8,0,,,
astar-jps-dial,no_roads,shrub,103,573,119.1,0,,,
astar-jps-dial,no_roads,shrub,109,535,172.7,0,,,
astar-dial-cheb,with_roads,shrub,128,27,302.2,0,,,
astar-dial-cheb,with_roads,shrub,395,346,128.1,0,,,
astar-dial-cheb,with_roads,shrub,312,171,194.3,0,,,
astar-dial-cheb,with_roads,shrub,115,810,440.2,0,,,
astar-dial-cheb,with_roads,shrub,96,866,576.1,0,,,
astar-dial-cheb,with_roads,shrub,640,34,131.1,0,,,
astar-dial-cheb,with_roads,shrub,32,104,159.3,0,,,
astar-dial-cheb,with_roads,shrub,301,328,495.9,0,,,
astar-dial-cheb,with_roads,shrub,760,878,41.3,0,,,
astar-dial-cheb,with_roads,shrub,29,829,293.4,0,,,
astar-dial-cheb,with_roads,shrub,269,810,464.9,0,,,
astar-dial-cheb,with_roads,shrub,636,305,59.8,0,,,
astar-dial-cheb,with_roads,shrub,679,865,63.6,0,,,
astar-dial-cheb,with_roads,shrub,400,6,183.4,0,,,
astar-dial-cheb,with_roads,shrub,198,640,191.5,0,,,
astar-dial-cheb,with_roads,shrub,506,400,196.1,0,,,
astar-dial-cheb,with_roads,shrub,192,298,324.7,0,,,
astar-dial-cheb,with_roads,shrub,500,115,190.9,0,,,
astar-dial-cheb,with_roads,shrub,103,573,180.0,0,,,
astar-dial-cheb,with_roads,shrub,109,535,198.3,0,,,
astar-jps,with_roads,shrub,128,27,86.9,0,,,
astar-jps,with_roads,shrub,395,346,76.0,0,,,
astar-jps,with_roads,shrub,312,171,152.4,0,,,
astar-jps,with_roads,shrub,115,810,270.0,0,,,
astar-jps,with_roads,shrub,96,866,364.7,0,,,
astar-jps,with_roads,shrub,640,34,86.4,0,,,
astar-jps,with_roads,shrub,32,104,76.7,0,,,
astar-jps,with_roads,shrub,301,328,647.5,0,,,
astar-jps,with_roads,shrub,760,878,60.3,0,,,
astar-jps,with_roads,shrub,29,829,174.8,0,,,
astar-jps,with_roads,shrub,269,810,369.3,0,,,
astar-jps,with_roads,shrub,636,305,89.4,0,,,
astar-jps,with_roads,shrub,679,865,54.7,0,,,
astar-jps,with_roads,shrub,400,6,54.7,0,,,
astar-jps,with_roads,shrub,198,640,94.0,0,,,
astar-jps,with_roads,shrub,506,400,90.2,0,,,
astar-jps,with_roads,shrub,192,298,172.2,0,,,
astar-jps,with_roads,shrub,500,115,109.6,0,,,
astar-jps,with_roads,shrub,103,573,135.9,0,,,
astar-jps,with_roads,shrub,109,535,187.6,0,,,
astar-jps-dial,with_roads,shrub,128,27,163.0,0,,,
astar-jps-dial,with_roads,shrub,395,346,164.2,0,,,
astar-jps-dial,with_roads,shrub,312,171,357.2,0,,,
astar-jps-dial,with_roads,shrub,115,810,264.7,0,,,
astar-jps-dial,with_roads,shrub,96,866,429.3,0,,,
astar-jps-dial,with_roads,shrub,640,34,189.1,0,,,
astar-jps-dial,with_roads,shrub,32,104,112.0,0,,,
astar-jps-dial,with_roads,shrub,301,328,880.1,0,,,
astar-jps-dial,with_roads,shrub,760,878,80.0,0,,,
astar-jps-dial,with_roads,shrub,29,829,193.7,0,,,
astar-jps-dial,with_roads,shrub,269,810,369.8,0,,,
astar-jps-dial,with_roads,shrub,636,305,123.3,0,,,
astar-jps-dial,with_roads,shrub,679,865,73.5,0,,,
astar-jps-dial,with_roads,shrub,400,6,101.0,0,,,
astar-jps-dial,with_roads,shrub,198,640,113.3,0,,,
astar-jps-dial,with_roads,shrub,506,400,207.1,0,,,
astar-jps-dial,with_roads,shrub,192,298,197.3,0,,,
astar-jps-dial,with_roads,shrub,500,115,131.0,0,,,
astar-jps-dial,with_roads,shrub,103,573,113.6,0,,,
astar-jps-dial,with_roads,shrub,109,535,172.0,0,,,
astar-dial-cheb,no_roads,sierpinski_evil,920,124,36.1,0,,,
astar-dial-cheb,no_roads,sierpinski_evil,26,332,119.7,0,,,
astar-dial-cheb,no_roads,sierpinski_evil,290,258,11.6,0,,,
astar-dial-cheb,no_roads,sierpinski_evil,155,114,271.2,0,,,
astar-dial-cheb,no_roads,sierpinski_evil,715,95,211.3,0,,,
astar-dial-cheb,no_roads,sierpinski_evil,802,541,169.6,0,,,
astar-dial-cheb,no_roads,sierpinski_evil,33,31,20.7,0,,,
astar-dial-cheb,no_roads,sierpinski_evil,101,253,60.0,0,,,
astar-dial-cheb,no_roads,sierpinski_evil,277,660,299.3,0,,,
astar-dial-cheb,no_roads,sierpinski_evil,824,28,404.5,0,,,
astar-dial-cheb,no_roads,sierpinski_evil,753,229,303.9,0,,,
astar-dial-cheb,no_roads,sierpinski_evil,715,538,111.6,0,,,
astar-dial-cheb,no_roads,sierpinski_evil,255,574,253.5,0,,,
astar-dial-cheb,no_roads,sierpinski_evil,801,335,131.9,0,,,
astar-dial-cheb,no_roads,sierpinski_evil,6,181,247.2,0,,,
astar-dial-cheb,no_roads,sierpinski_evil,541,426,82.7,0,,,
astar-dial-cheb,no_roads,sierpinski_evil,335,177,61.5,0,,,
astar-dial-cheb,no_roads,sierpinski_evil,250,419,234.5,0,,,
astar-dial-cheb,no_roads,sierpinski_evil,114,100,167.8,0,,,
astar-dial-cheb,no_roads,sierpinski_evil,491,105,259.1,0,,,
astar-jps,no_roads,sierpinski_evil,920,124,54.7,0,,,
astar-jps,no_roads,sierpinski_evil,26,332,135.3,0,,,
astar-jps,no_roads,sierpinski_evil,290,258,17.5,0,,,
astar-jps,no_roads,sierpinski_evil,155,114,95.2,0,,,
astar-jps,no_roads,sierpinski_evil,715,95,40.3,0,,,
astar-jps,no_roads,sierpinski_evil,802,541,123.0,0,,,
astar-jps,no_roads,sierpinski_evil,33,31,51.2,0,,,
astar-jps,no_roads,sierpinski_evil,101,253,86.6,0,,,
astar-jps,no_roads,sierpinski_evil,277,660,159.4,0,,,
astar-jps,no_roads,sierpinski_evil,824,28,139.0,0,,,
astar-jps,no_roads,sierpinski_evil,753,229,254.1,0,,,
astar-jps,no_roads,sierpinski_evil,715,538,142.2,0,,,
astar-jps,no_roads,sierpinski_evil,255,574,221.6,0,,,
astar-jps,no_roads,sierpinski_evil,801,335,126.9,0,,,
astar-jps,no_roads,sierpinski_evil,6,181,232.5,0,,,
astar-jps,no_roads,sierpinski_evil,541,426,76.7,0,,,
astar-jps,no_roads,sierpinski_evil,335,177,70.9,0,,,
astar-jps,no_roads,sierpinski_evil,250,419,132.5,0,,,
astar-jps,no_roads,sierpinski_evil,114,100,74.1,0,,,
astar-jps,no_roads,sierpinski_evil,491,105,160.8,0,,,
astar-jps-dial,no_roads,sierpinski_evil,920,124,83.8,0,,,
astar-jps-dial,no_roads,sierpinski_evil,26,332,142.1,0,,,
astar-jps-dial,no_roads,sierpinski_evil,290,258,35.1,0,,,
astar-jps-dial,no_roads,sierpinski_evil,155,114,216.2,0,,,
astar-jps-dial,no_roads,sierpinski_evil,715,95,56.0,0,,,
astar-jps-dial,no_roads,sierpinski_evil,802,541,170.1,0,,,
astar-jps-dial,no_roads,sierpinski_evil,33,31,88.0,0,,,
astar-jps-dial,no_roads,sierpinski_evil,101,253,103.3,0,,,
astar-jps-dial,no_roads,sierpinski_evil,277,660,183.8,0,,,
astar-jps-dial,no_roads,sierpinski_evil,824,28,168.2,0,,,
astar-jps-dial,no_roads,sierpinski_evil,753,229,248.0,0,,,
astar-jps-dial,no_roads,sierpinski_evil,715,538,170.0,0,,,
astar-jps-dial,no_roads,sierpinski_evil,255,574,186.0,0,,,
astar-jps-dial,no_roads,sierpinski_evil,801,335,93.6,0,,,
astar-jps-dial,no_roads,sierpinski_evil,6,181,148.8,0,,,
astar-jps-dial,no_roads,sierpinski_evil,541,426,102.9,0,,,
astar-jps-dial,no_roads,sierpinski_evil,335,177,88.0,0,,,
astar-jps-dial,no_roads,sierpinski_evil,250,419,167.8,0,,,
astar-jps-dial,no_roads,sierpinski_evil,114,100,125.0,0,,,
astar-jps-dial,no_roads,sierpinski_evil,491,105,209.5,0,,,
astar-dial-cheb,with_roads,sierpinski_evil,920,124,31.1,0,,,
astar-dial-cheb,with_roads,sierpinski_evil,26,332,118.4,0,,,
astar-dial-cheb,with_roads,sierpinski_evil,290,258,11.6,0,,,
astar-dial-cheb,with_roads,sierpinski_evil,155,114,472.0,0,,,
astar-dial-cheb,with_roads,sierpinski_evil,715,95,86.8,0,,,
astar-dial-cheb,with_roads,sierpinski_evil,802,541,78.3,0,,,
astar-dial-cheb,with_roads,sierpinski_evil,33,31,16.3,0,,,
astar-dial-cheb,with_roads,sierpinski_evil,101,253,59.8,0,,,
astar-dial-cheb,with_roads,sierpinski_evil,277,660,222.5,0,,,
astar-dial-cheb,with_roads,sierpinski_evil,824,28,568.4,0,,,
astar-dial-cheb,with_roads,sierpinski_evil,753,229,266.3,0,,,
astar-dial-cheb,with_roads,sierpinski_evil,715,538,132.3,0,,,
astar-dial-cheb,with_roads,sierpinski_evil,255,574,121.2,0,,,
astar-dial-cheb,with_roads,sierpinski_evil,801,335,219.1,0,,,
astar-dial-cheb,with_roads,sierpinski_evil,6,181,411.2,0,,,
astar-dial-cheb,with_roads,sierpinski_evil,541,426,53.3,0,,,
astar-dial-cheb,with_roads,sierpinski_evil,335,177,62.5,0,,,
astar-dial-cheb,with_roads,sierpinski_evil,250,419,350.3,0,,,
astar-dial-cheb,with_roads,sierpinski_evil,114,100,173.2,0,,,
astar-dial-cheb,with_roads,sierpinski_evil,491,105,453.6,0,,,
astar-jps,with_roads,sierpinski_evil,920,124,52.2,0,,,
astar-jps,with_roads,sierpinski_evil,26,332,136.9,0,,,
astar-jps,with_roads,sierpinski_evil,290,258,16.8,0,,,
astar-jps,with_roads,sierpinski_evil,155,114,89.5,0,,,
astar-jps,with_roads,sierpinski_evil,715,95,41.9,0,,,
astar-jps,with_roads,sierpinski_evil,802,541,129.6,0,,,
astar-jps,with_roads,sierpinski_evil,33,31,52.8,0,,,
astar-jps,with_roads,sierpinski_evil,101,253,86.4,0,,,
astar-jps,with_roads,sierpinski_evil,277,660,161.7,0,,,
astar-jps,with_roads,sierpinski_evil,824,28,139.8,0,,,
astar-jps,with_roads,sierpinski_evil,753,229,190.6,0,,,
astar-jps,with_roads,sierpinski_evil,715,538,135.9,0,,,
astar-jps,with_roads,sierpinski_evil,255,574,169.1,0,,,
astar-jps,with_roads,sierpinski_evil,801,335,75.9,0,,,
astar-jps,with_roads,sierpinski_evil,6,181,160.5,0,,,
astar-jps,with_roads,sierpinski_evil,541,426,76.8,0,,,
astar-jps,with_roads,sierpinski_evil,335,177,71.2,0,,,
astar-jps,with_roads,sierpinski_evil,250,419,123.2,0,,,
astar-jps,with_roads,sierpinski_evil,114,100,73.3,0,,,
astar-jps,with_roads,sierpinski_evil,491,105,160.5,0,,,
astar-jps-dial,with_roads,sierpinski_evil,920,124,75.6,0,,,
astar-jps-dial,with_roads,sierpinski_evil,26,332,146.7,0,,,
astar-jps-dial,with_roads,sierpinski_evil,290,258,35.4,0,,,
astar-jps-dial,with_roads,sierpinski_evil,155,114,216.6,0,,,
astar-jps-dial,with_roads,sierpinski_evil,715,95,57.4,0,,,
astar-jps-dial,with_roads,sierpinski_evil,802,541,166.3,0,,,
astar-jps-dial,with_roads,sierpinski_evil,33,31,87.8,0,,,
astar-jps-dial,with_roads,sierpinski_evil,101,253,103.4,0,,,
astar-jps-dial,with_roads,sierpinski_evil,277,660,190.9,0,,,
astar-jps-dial,with_roads,sierpinski_evil,824,28,168.4,0,,,
astar-jps-dial,with_roads,sierpinski_evil,753,229,251.5,0,,,
astar-jps-dial,with_roads,sierpinski_evil,715,538,165.3,0,,,
astar-jps-dial,with_roads,sierpinski_evil,255,574,188.7,0,,,
astar-jps-dial,with_roads,sierpinski_evil,801,335,94.1,0,,,
astar-jps-dial,with_roads,sierpinski_evil,6,181,153.1,0,,,
astar-jps-dial,with_roads,sierpinski_evil,541,426,105.3,0,,,
astar-jps-dial,with_roads,sierpinski_evil,335,177,90.2,0,,,
astar-jps-dial,with_roads,sierpinski_evil,250,419,172.5,0,,,
astar-jps-dial,with_roads,sierpinski_evil,114,100,128.4,0,,,
astar-jps-dial,with_roads,sierpinski_evil,491,105,203.9,0,,,
astar-dial-cheb,no_roads,socket,167,35,222.9,0,,,
astar-dial-cheb,no_roads,socket,433,387,50.8,0,,,
astar-dial-cheb,no_roads,socket,354,225,142.7,0,,,
astar-dial-cheb,no_roads,socket,157,886,258.2,0,,,
astar-dial-cheb,no_roads,socket,140,958,404.4,0,,,
astar-dial-cheb,no_roads,socket,702,45,387.7,0,,,
astar-dial-cheb,no_roads,socket,43,147,25.6,0,,,
astar-dial-cheb,no_roads,socket,347,372,298.0,0,,,
astar-dial-cheb,no_roads,socket,814,979,237.5,0,,,
astar-dial-cheb,no_roads,socket,38,906,402.0,0,,,
astar-dial-cheb,no_roads,socket,303,886,270.3,0,,,
astar-dial-cheb,no_roads,socket,697,351,473.1,0,,,
astar-dial-cheb,no_roads,socket,735,957,397.2,0,,,
astar-dial-cheb,no_roads,socket,436,6,375.1,0,,,
astar-dial-cheb,no_roads,socket,253,702,528.2,0,,,
astar-dial-cheb,no_roads,socket,572,436,96.3,0,,,
astar-dial-cheb,no_roads,socket,247,335,131.4,0,,,
astar-dial-cheb,no_roads,socket,568,157,407.4,0,,,
astar-dial-cheb,no_roads,socket,146,629,245.9,0,,,
astar-dial-cheb,no_roads,socket,152,594,293.8,0,,,
astar-jps,no_roads,socket,167,35,173.2,0,,,
astar-jps,no_roads,socket,433,387,70.7,0,,,
astar-jps,no_roads,socket,354,225,151.0,0,,,
astar-jps,no_roads,socket,157,886,260.2,0,,,
astar-jps,no_roads,socket,140,958,472.9,0,,,
astar-jps,no_roads,socket,702,45,368.4,0,,,
astar-jps,no_roads,socket,43,147,31.3,0,,,
astar-jps,no_roads,socket,347,372,178.1,0,,,
astar-jps,no_roads,socket,814,979,197.2,0,,,
astar-jps,no_roads,socket,38,906,455.1,0,,,
astar-jps,no_roads,socket,303,886,298.0,0,,,
astar-jps,no_roads,socket,697,351,446.9,0,,,
astar-jps,no_roads,socket,735,957,258.9,0,,,
astar-jps,no_roads,socket,436,6,255.9,0,,,
astar-jps,no_roads,socket,253,702,418.0,0,,,
astar-jps,no_roads,socket,572,436,100.0,0,,,
astar-jps,no_roads,socket,247,335,137.5,0,,,
astar-jps,no_roads,socket,568,157,359.3,0,,,
astar-jps,no_roads,socket,146,629,155.7,0,,,
astar-jps,no_roads,socket,152,594,283.1,0,,,
astar-jps-dial,no_roads,socket,167,35,192.5,0,,,
astar-jps-dial,no_roads,socket,433,387,93.8,0,,,
astar-jps-dial,no_roads,socket,354,225,178.0,0,,,
astar-jps-dial,no_roads,socket,157,886,283.4,0,,,
astar-jps-dial,no_roads,socket,140,958,457.4,0,,,
astar-jps-dial,no_roads,socket,702,45,416.7,0,,,
astar-jps-dial,no_roads,socket,43,147,55.4,0,,,
astar-jps-dial,no_roads,socket,347,372,240.0,0,,,
astar-jps-dial,no_roads,socket,814,979,226.5,0,,,
astar-jps-dial,no_roads,socket,38,906,458.2,0,,,
astar-jps-dial,no_roads,socket,303,886,325.8,0,,,
astar-jps-dial,no_roads,socket,697,351,470.3,0,,,
astar-jps-dial,no_roads,socket,735,957,290.1,0,,,
astar-jps-dial,no_roads,socket,436,6,281.3,0,,,
astar-jps-dial,no_roads,socket,253,702,481.1,0,,,
astar-jps-dial,no_roads,socket,572,436,127.8,0,,,
astar-jps-dial,no_roads,socket,247,335,170.1,0,,,
astar-jps-dial,no_roads,socket,568,157,404.1,0,,,
astar-jps-dial,no_roads,socket,146,629,182.4,0,,,
astar-jps-dial,no_roads,socket,152,594,270.9,0,,,
astar-dial-cheb,with_roads,socket,167,35,113.3,0,,,
astar-dial-cheb,with_roads,socket,433,387,31.7,0,,,
astar-dial-cheb,with_roads,socket,354,225,95.5,0,,,
astar-dial-cheb,with_roads,socket,157,886,293.7,0,,,
astar-dial-cheb,with_roads,socket,140,958,349.7,0,,,
astar-dial-cheb,with_roads,socket,702,45,307.6,0,,,
astar-dial-cheb,with_roads,socket,43,147,26.4,0,,,
astar-dial-cheb,with_roads,socket,347,372,62.2,0,,,
astar-dial-cheb,with_roads,socket,814,979,287.2,0,,,
astar-dial-cheb,with_roads,socket,38,906,337.0,0,,,
astar-dial-cheb,with_roads,socket,303,886,301.3,0,,,
astar-dial-cheb,with_roads,socket,697,351,425.1,0,,,
astar-dial-cheb,with_roads,socket,735,957,210.1,0,,,
astar-dial-cheb,with_roads,socket,436,6,103.7,0,,,
astar-dial-cheb,with_roads,socket,253,702,279.1,0,,,
astar-dial-cheb,with_roads,socket,572,436,121.8,0,,,
astar-dial-cheb,with_roads,socket,247,335,72.5,0,,,
astar-dial-cheb,with_roads,socket,568,157,221.3,0,,,
astar-dial-cheb,with_roads,socket,146,629,124.9,0,,,
astar-dial-cheb,with_roads,socket,152,594,249.4,0,,,
astar-jps,with_roads,socket,167,35,165.5,0,,,
astar-jps,with_roads,socket,433,387,71.0,0,,,
astar-jps,with_roads,socket,354,225,152.0,0,,,
astar-jps,with_roads,socket,157,886,256.0,0,,,
astar-jps,with_roads,socket,140,958,483.1,0,,,
astar-jps,with_roads,socket,702,45,377.7,0,,,
astar-jps,with_roads,socket,43,147,28.0,0,,,
astar-jps,with_roads,socket,347,372,181.8,0,,,
astar-jps,with_roads,socket,814,979,203.2,0,,,
astar-jps,with_roads,socket,38,906,451.0,0,,,
astar-jps,with_roads,socket,303,886,294.8,0,,,
astar-jps,with_roads,socket,697,351,453.4,0,,,
astar-jps,with_roads,socket,735,957,269.7,0,,,
astar-jps,with_roads,socket,436,6,259.5,0,,,
astar-jps,with_roads,socket,253,702,428.0,0,,,
astar-jps,with_roads,socket,572,436,100.3,0,,,
astar-jps,with_roads,socket,247,335,138.3,0,,,
astar-jps,with_roads,socket,568,157,360.5,0,,,
astar-jps,with_roads,socket,146,629,152.6,0,,,
astar-jps,with_roads,socket,152,594,286.6,0,,,
astar-jps-dial,with_roads,socket,167,35,191.0,0,,,
astar-jps-dial,with_roads,socket,433,387,94.7,0,,,
astar-jps-dial,with_roads,socket,354,225,175.8,0,,,
astar-jps-dial,with_roads,socket,157,886,286.5,0,,,
astar-jps-dial,with_roads,socket,140,958,464.0,0,,,
astar-jps-dial,with_roads,socket,702,45,417.0,0,,,
astar-jps-dial,with_roads,socket,43,147,55.5,0,,,
astar-jps-dial,with_roads,socket,347,372,245.8,0,,,
astar-jps-dial,with_roads,socket,814,979,230.7,0,,,
astar-jps-dial,with_roads,socket,38,906,456.8,0,,,
astar-jps-dial,with_roads,socket,303,886,331.7,0,,,
astar-jps-dial,with_roads,socket,697,351,478.8,0,,,
astar-jps-dial,with_roads,socket,735,957,300.1,0,,,
astar-jps-dial,with_roads,socket,436,6,282.6,0,,,
astar-jps-dial,with_roads,socket,253,702,486.2,0,,,
astar-jps-dial,with_roads,socket,572,436,129.2,0,,,
astar-jps-dial,with_roads,socket,247,335,175.3,0,,,
astar-jps-dial,with_roads,socket,568,157,413.2,0,,,
astar-jps-dial,with_roads,socket,146,629,177.6,0,,,
astar-jps-dial,with_roads,socket,152,594,280.7,0,,,
astar-dial-cheb,no_roads,spikes,162,35,522.4,0,,,
astar-dial-cheb,no_roads,spikes,431,376,243.8,0,,,
astar-dial-cheb,no_roads,spikes,342,200,361.5,0,,,
astar-dial-cheb,no_roads,spikes,148,934,393.9,0,,,
astar-dial-cheb,no_roads,spikes,124,680,104.7,0,,,
astar-dial-cheb,no_roads,spikes,42,40,21.2,0,,,
astar-dial-cheb,no_roads,spikes,135,334,89.1,0,,,
astar-dial-cheb,no_roads,spikes,358,841,518.0,0,,,
astar-dial-cheb,no_roads,spikes,37,985,232.9,0,,,
astar-dial-cheb,no_roads,spikes,301,934,323.3,0,,,
astar-dial-cheb,no_roads,spikes,672,337,217.4,0,,,
astar-dial-cheb,no_roads,spikes,730,440,200.3,0,,,
astar-dial-cheb,no_roads,spikes,6,234,413.6,0,,,
astar-dial-cheb,no_roads,spikes,680,533,148.5,0,,,
astar-dial-cheb,no_roads,spikes,440,228,341.5,0,,,
astar-dial-cheb,no_roads,spikes,330,528,45.0,0,,,
astar-dial-cheb,no_roads,spikes,148,132,319.1,0,,,
astar-dial-cheb,no_roads,spikes,607,140,164.9,0,,,
astar-dial-cheb,no_roads,spikes,566,537,116.5,0,,,
astar-dial-cheb,no_roads,spikes,414,60,121.1,0,,,
astar-jps,no_roads,spikes,162,35,584.0,0,,,
astar-jps,no_roads,spikes,431,376,257.1,0,,,
astar-jps,no_roads,spikes,342,200,322.7,0,,,
astar-jps,no_roads,spikes,148,934,410.1,0,,,
astar-jps,no_roads,spikes,124,680,82.2,0,,,
astar-jps,no_roads,spikes,42,40,20.9,0,,,
astar-jps,no_roads,spikes,135,334,97.6,0,,,
astar-jps,no_roads,spikes,358,841,655.2,0,,,
astar-jps,no_roads,spikes,37,985,209.9,0,,,
astar-jps,no_roads,spikes,301,934,249.4,0,,,
astar-jps,no_roads,spikes,672,337,227.1,0,,,
astar-jps,no_roads,spikes,730,440,190.7,0,,,
astar-jps,no_roads,spikes,6,234,516.0,0,,,
astar-jps,no_roads,spikes,680,533,131.1,0,,,
astar-jps,no_roads,spikes,440,228,424.5,0,,,
astar-jps,no_roads,spikes,330,528,57.9,0,,,
astar-jps,no_roads,spikes,148,132,323.4,0,,,
astar-jps,no_roads,spikes,607,140,140.7,0,,,
astar-jps,no_roads,spikes,566,537,76.3,0,,,
astar-jps,no_roads,spikes,414,60,86.7,0,,,
astar-jps-dial,no_roads,spikes,162,35,568.8,0,,,
astar-jps-dial,no_roads,spikes,431,376,257.2,0,,,
astar-jps-dial,no_roads,spikes,342,200,353.4,0,,,
astar-jps-dial,no_roads,spikes,148,934,403.4,0,,,
astar-jps-dial,no_roads,spikes,124,680,105.4,0,,,
astar-jps-dial,no_roads,spikes,42,40,48.9,0,,,
astar-jps-dial,no_roads,spikes,135,334,126.7,0,,,
astar-jps-dial,no_roads,spikes,358,841,690.2,0,,,
astar-jps-dial,no_roads,spikes,37,985,240.5,0,,,
astar-jps-dial,no_roads,spikes,301,934,272.4,0,,,
astar-jps-dial,no_roads,spikes,672,337,254.1,0,,,
astar-jps-dial,no_roads,spikes,730,440,230.0,0,,,
astar-jps-dial,no_roads,spikes,6,234,533.7,0,,,
astar-jps-dial,no_roads,spikes,680,533,164.5,0,,,
astar-jps-dial,no_roads,spikes,440,228,452.2,0,,,
astar-jps-dial,no_roads,spikes,330,528,84.3,0,,,
astar-jps-dial,no_roads,spikes,148,132,390.6,0,,,
astar-jps-dial,no_roads,spikes,607,140,175.0,0,,,
astar-jps-dial,no_roads,spikes,566,537,128.3,0,,,
astar-jps-dial,no_roads,spikes,414,60,119.5,0,,,
astar-dial-cheb,with_roads,spikes,162,35,467.4,0,,,
astar-dial-cheb,with_roads,spikes,431,376,83.4,0,,,
astar-dial-cheb,with_roads,spikes,342,200,180.3,0,,,
astar-dial-cheb,with_roads,spikes,148,934,407.8,0,,,
astar-dial-cheb,with_roads,spikes,124,680,188.4,0,,,
astar-dial-cheb,with_roads,spikes,42,40,14.0,0,,,
astar-dial-cheb,with_roads,spikes,135,334,58.7,0,,,
astar-dial-cheb,with_roads,spikes,358,841,544.9,0,,,
astar-dial-cheb,with_roads,spikes,37,985,327.0,0,,,
astar-dial-cheb,with_roads,spikes,301,934,356.0,0,,,
astar-dial-cheb,with_roads,spikes,672,337,132.2,0,,,
astar-dial-cheb,with_roads,spikes,730,440,180.6,0,,,
astar-dial-cheb,with_roads,spikes,6,234,370.4,0,,,
astar-dial-cheb,with_roads,spikes,680,533,151.2,0,,,
astar-dial-cheb,with_roads,spikes,440,228,293.6,0,,,
astar-dial-cheb,with_roads,spikes,330,528,33.1,0,,,
astar-dial-cheb,with_roads,spikes,148,132,229.8,0,,,
astar-dial-cheb,with_roads,spikes,607,140,92.1,0,,,
astar-dial-cheb,with_roads,spikes,566,537,92.5,0,,,
astar-dial-cheb,with_roads,spikes,414,60,84.6,0,,,
astar-jps,with_roads,spikes,162,35,588.3,0,,,
astar-jps,with_roads,spikes,431,376,263.0,0,,,
astar-jps,with_roads,spikes,342,200,314.4,0,,,
astar-jps,with_roads,spikes,148,934,421.0,0,,,
astar-jps,with_roads,spikes,124,680,81.0,0,,,
astar-jps,with_roads,spikes,42,40,20.6,0,,,
astar-jps,with_roads,spikes,135,334,97.2,0,,,
astar-jps,with_roads,spikes,358,841,660.5,0,,,
astar-jps,with_roads,spikes,37,985,208.4,0,,,
astar-jps,with_roads,spikes,301,934,251.8,0,,,
astar-jps,with_roads,spikes,672,337,226.5,0,,,
astar-jps,with_roads,spikes,730,440,201.4,0,,,
astar-jps,with_roads,spikes,6,234,517.3,0,,,
astar-jps,with_roads,spikes,680,533,134.3,0,,,
astar-jps,with_roads,spikes,440,228,439.2,0,,,
astar-jps,with_roads,spikes,330,528,60.2,0,,,
astar-jps,with_roads,spikes,148,132,328.2,0,,,
astar-jps,with_roads,spikes,607,140,142.4,0,,,
astar-jps,with_roads,spikes,566,537,78.4,0,,,
astar-jps,with_roads,spikes,414,60,82.2,0,,,
astar-jps-dial,with_roads,spikes,162,35,604.4,0,,,
astar-jps-dial,with_roads,spikes,431,376,334.5,0,,,
astar-jps-dial,with_roads,spikes,342,200,363.1,0,,,
astar-jps-dial,with_roads,spikes,148,934,410.7,0,,,
astar-jps-dial,with_roads,spikes,124,680,109.6,0,,,
astar-jps-dial,with_roads,spikes,42,40,51.8,0,,,
astar-jps-dial,with_roads,spikes,135,334,135.5,0,,,
astar-jps-dial,with_roads,spikes,358,841,686.8,0,,,
astar-jps-dial,with_roads,spikes,37,985,241.2,0,,,
astar-jps-dial,with_roads,spikes,301,934,278.2,0,,,
astar-jps-dial,with_roads,spikes,672,337,255.6,0,,,
astar-jps-dial,with_roads,spikes,730,440,227.9,0,,,
astar-jps-dial,with_roads,spikes,6,234,546.1,0,,,
astar-jps-dial,with_roads,spikes,680,533,168.1,0,,,
astar-jps-dial,with_roads,spikes,440,228,458.5,0,,,
astar-jps-dial,with_roads,spikes,330,528,92.2,0,,,
astar-jps-dial,with_roads,spikes,148,132,382.5,0,,,
astar-jps-dial,with_roads,spikes,607,140,176.7,0,,,
astar-jps-dial,with_roads,spikes,566,537,131.5,0,,,
astar-jps-dial,with_roads,spikes,414,60,123.5,0,,,
astar-dial-cheb,no_roads,starry_night,1550,251,507.9,0,,,
astar-dial-cheb,no_roads,starry_night,54,1815,794.7,0,,,
astar-dial-cheb,no_roads,starry_night,676,592,346.5,0,,,
astar-dial-cheb,no_roads,starry_night,542,319,492.1,0,,,
astar-dial-cheb,no_roads,starry_night,1805,230,1487.0,0,,,
astar-dial-cheb,no_roads,starry_night,1651,1813,176.8,0,,,
astar-dial-cheb,no_roads,starry_night,1315,194,1002.9,0,,,
astar-dial-cheb,no_roads,starry_night,1433,1024,150.1,0,,,
astar-dial-cheb,no_roads,starry_night,69,65,40.7,0,,,
astar-dial-cheb,no_roads,starry_night,208,530,504.7,0,,,
astar-dial-cheb,no_roads,starry_night,563,1225,208.4,0,,,
astar-dial-cheb,no_roads,starry_night,1461,57,691.3,0,,,
astar-dial-cheb,no_roads,starry_night,1351,482,784.4,0,,,
astar-dial-cheb,no_roads,starry_night,1755,1580,477.7,0,,,
astar-dial-cheb,no_roads,starry_night,1722,1315,86.6,0,,,
astar-dial-cheb,no_roads,starry_night,1019,534,294.0,0,,,
astar-dial-cheb,no_roads,starry_night,1091,1425,355.3,0,,,
astar-dial-cheb,no_roads,starry_night,682,1972,1506.0,0,,,
astar-dial-cheb,no_roads,starry_night,14,1858,978.7,0,,,
astar-dial-cheb,no_roads,starry_night,1964,376,783.1,0,,,
astar-jps,no_roads,starry_night,1550,251,171.5,0,,,
astar-jps,no_roads,starry_night,54,1815,744.5,0,,,
astar-jps,no_roads,starry_night,676,592,120.7,0,,,
astar-jps,no_roads,starry_night,542,319,129.2,0,,,
astar-jps,no_roads,starry_night,1805,230,2117.4,0,,,
astar-jps,no_roads,starry_night,1651,1813,124.4,0,,,
astar-jps,no_roads,starry_night,1315,194,248.6,0,,,
astar-jps,no_roads,starry_night,1433,1024,97.0,0,,,
astar-jps,no_roads,starry_night,69,65,47.2,0,,,
astar-jps,no_roads,starry_night,208,530,228.7,0,,,
astar-jps,no_roads,starry_night,563,1225,124.3,0,,,
astar-jps,no_roads,starry_night,1461,57,149.3,0,,,
astar-jps,no_roads,starry_night,1351,482,315.4,0,,,
astar-jps,no_roads,starry_night,1755,1580,165.7,0,,,
astar-jps,no_roads,starry_night,1722,1315,99.3,0,,,
astar-jps,no_roads,starry_night,1019,534,149.5,0,,,
astar-jps,no_roads,starry_night,1091,1425,177.5,0,,,
astar-jps,no_roads,starry_night,682,1972,2070.8,0,,,
astar-jps,no_roads,starry_night,14,1858,725.1,0,,,
astar-jps,no_roads,starry_night,1964,376,390.8,0,,,
astar-jps-dial,no_roads,starry_night,1550,251,326.3,0,,,
astar-jps-dial,no_roads,starry_night,54,1815,604.3,0,,,
astar-jps-dial,no_roads,starry_night,676,592,200.6,0,,,
astar-jps-dial,no_roads,starry_night,542,319,270.8,0,,,
astar-jps-dial,no_roads,starry_night,1805,230,2159.6,0,,,
astar-jps-dial,no_roads,starry_night,1651,1813,148.0,0,,,
astar-jps-dial,no_roads,starry_night,1315,194,305.6,0,,,
astar-jps-dial,no_roads,starry_night,1433,1024,165.4,0,,,
astar-jps-dial,no_roads,starry_night,69,65,74.8,0,,,
astar-jps-dial,no_roads,starry_night,208,530,304.2,0,,,
astar-jps-dial,no_roads,starry_night,563,1225,151.4,0,,,
astar-jps-dial,no_roads,starry_night,1461,57,443.7,0,,,
astar-jps-dial,no_roads,starry_night,1351,482,410.1,0,,,
astar-jps-dial,no_roads,starry_night,1755,1580,224.2,0,,,
astar-jps-dial,no_roads,starry_night,1722,1315,127.9,0,,,
astar-jps-dial,no_roads,starry_night,1019,534,195.6,0,,,
astar-jps-dial,no_roads,starry_night,1091,1425,204.7,0,,,
astar-jps-dial,no_roads,starry_night,682,1972,2035.7,0,,,
astar-jps-dial,no_roads,starry_night,14,1858,673.3,0,,,
astar-jps-dial,no_roads,starry_night,1964,376,567.0,0,,,
astar-dial-cheb,with_roads,starry_night,1550,251,499.3,0,,,
astar-dial-cheb,with_roads,starry_night,54,1815,984.7,0,,,
astar-dial-cheb,with_roads,starry_night,676,592,341.3,0,,,
astar-dial-cheb,with_roads,starry_night,542,319,503.4,0,,,
astar-dial-cheb,with_roads,starry_night,1805,230,1453.6,0,,,
astar-dial-cheb,with_roads,starry_night,1651,1813,174.7,0,,,
astar-dial-cheb,with_roads,starry_night,1315,194,1096.3,0,,,
astar-dial-cheb,with_roads,starry_night,1433,1024,504.3,0,,,
astar-dial-cheb,with_roads,starry_night,69,65,105.7,0,,,
astar-dial-cheb,with_roads,starry_night,208,530,1028.8,0,,,
astar-dial-cheb,with_roads,starry_night,563,1225,261.1,0,,,
astar-dial-cheb,with_roads,starry_night,1461,57,1165.8,0,,,
astar-dial-cheb,with_roads,starry_night,1351,482,1231.4,0,,,
astar-dial-cheb,with_roads,starry_night,1755,1580,803.1,0,,,
astar-dial-cheb,with_roads,starry_night,1722,1315,138.5,0,,,
astar-dial-cheb,with_roads,starry_night,1019,534,414.4,0,,,
astar-dial-cheb,with_roads,starry_night,1091,1425,390.1,0,,,
astar-dial-cheb,with_roads,starry_night,682,1972,1576.8,0,,,
astar-dial-cheb,with_roads,starry_night,14,1858,1042.0,0,,,
astar-dial-cheb,with_roads,starry_night,1964,376,804.1,0,,,
astar-jps,with_roads,starry_night,1550,251,182.3,0,,,
astar-jps,with_roads,starry_night,54,1815,753.8,0,,,
astar-jps,with_roads,starry_night,676,592,125.2,0,,,
astar-jps,with_roads,starry_night,542,319,131.2,0,,,
astar-jps,with_roads,starry_night,1805,230,2194.3,0,,,
astar-jps,with_roads,starry_night,1651,1813,126.2,0,,,
astar-jps,with_roads,starry_night,1315,194,246.7,0,,,
astar-jps,with_roads,starry_night,1433,1024,97.0,0,,,
astar-jps,with_roads,starry_night,69,65,47.7,0,,,
astar-jps,with_roads,starry_night,208,530,227.0,0,,,
astar-jps,with_roads,starry_night,563,1225,124.7,0,,,
astar-jps,with_roads,starry_night,1461,57,156.5,0,,,
astar-jps,with_roads,starry_night,1351,482,309.0,0,,,
astar-jps,with_roads,starry_night,1755,1580,167.1,0,,,
astar-jps,with_roads,starry_night,1722,1315,101.4,0,,,
astar-jps,with_roads,starry_night,1019,534,151.3,0,,,
astar-jps,with_roads,starry_night,1091,1425,182.7,0,,,
astar-jps,with_roads,starry_night,682,1972,2426.6,0,,,
astar-jps,with_roads,starry_night,14,1858,846.0,0,,,
astar-jps,with_roads,starry_night,1964,376,382.3,0,,,
astar-jps-dial,with_roads,starry_night,1550,251,362.2,0,,,
astar-jps-dial,with_roads,starry_night,54,1815,601.8,0,,,
astar-jps-dial,with_roads,starry_night,676,592,199.7,0,,,
astar-jps-dial,with_roads,starry_night,542,319,278.7,0,,,
astar-jps-dial,with_roads,starry_night,1805,230,2218.0,0,,,
astar-jps-dial,with_roads,starry_night,1651,1813,151.3,0,,,
astar-jps-dial,with_roads,starry_night,1315,194,301.3,0,,,
astar-jps-dial,with_roads,starry_night,1433,1024,167.8,0,,,
astar-jps-dial,with_roads,starry_night,69,65,76.7,0,,,
astar-jps-dial,with_roads,starry_night,208,530,301.2,0,,,
astar-jps-dial,with_roads,starry_night,563,1225,149.5,0,,,
astar-jps-dial,with_roads,starry_night,1461,57,439.8,0,,,
astar-jps-dial,with_roads,starry_night,1351,482,406.9,0,,,
astar-jps-dial,with_roads,starry_night,1755,1580,212.6,0,,,
astar-jps-dial,with_roads,starry_night,1722,1315,125.9,0,,,
astar-jps-dial,with_roads,starry_night,1019,534,199.8,0,,,
astar-jps-dial,with_roads,starry_night,1091,1425,204.7,0,,,
astar-jps-dial,with_roads,starry_night,682,1972,2087.7,0,,,
astar-jps-dial,with_roads,starry_night,14,1858,662.1,0,,,
astar-jps-dial,with_roads,starry_night,1964,376,410.1,0,,,
astar-dial-cheb,no_roads,strings,985,131,389.8,0,,,
astar-dial-cheb,no_roads,strings,25,1130,566.0,0,,,
astar-dial-cheb,no_roads,strings,381,335,152.5,0,,,
astar-dial-cheb,no_roads,strings,293,175,186.7,0,,,
astar-dial-cheb,no_roads,strings,1125,120,247.8,0,,,
astar-dial-cheb,no_roads,strings,1035,1129,120.2,0,,,
astar-dial-cheb,no_roads,strings,837,97,261.9,0,,,
astar-dial-cheb,no_roads,strings,908,627,39.8,0,,,
astar-dial-cheb,no_roads,strings,37,35,21.2,0,,,
astar-dial-cheb,no_roads,strings,105,285,245.6,0,,,
astar-dial-cheb,no_roads,strings,309,768,97.6,0,,,
astar-dial-cheb,no_roads,strings,929,32,662.0,0,,,
astar-dial-cheb,no_roads,strings,859,254,68.3,0,,,
astar-dial-cheb,no_roads,strings,1095,998,84.0,0,,,
astar-dial-cheb,no_roads,strings,1076,837,130.5,0,,,
astar-dial-cheb,no_roads,strings,623,288,464.6,0,,,
astar-dial-cheb,no_roads,strings,667,905,586.5,0,,,
astar-dial-cheb,no_roads,strings,384,1207,243.3,0,,,
astar-dial-cheb,no_roads,strings,6,1148,622.2,0,,,
astar-dial-cheb,no_roads,strings,1204,202,416.4,0,,,
astar-jps,no_roads,strings,985,131,303.1,0,,,
astar-jps,no_roads,strings,25,1130,256.7,0,,,
astar-jps,no_roads,strings,381,335,200.5,0,,,
astar-jps,no_roads,strings,293,175,118.2,0,,,
astar-jps,no_roads,strings,1125,120,125.9,0,,,
astar-jps,no_roads,strings,1035,1129,76.1,0,,,
astar-jps,no_roads,strings,837,97,255.2,0,,,
astar-jps,no_roads,strings,908,627,40.2,0,,,
astar-jps,no_roads,strings,37,35,35.7,0,,,
astar-jps,no_roads,strings,105,285,211.4,0,,,
astar-jps,no_roads,strings,309,768,111.4,0,,,
astar-jps,no_roads,strings,929,32,811.9,0,,,
astar-jps,no_roads,strings,859,254,123.0,0,,,
astar-jps,no_roads,strings,1095,998,57.9,0,,,
astar-jps,no_roads,strings,1076,837,118.4,0,,,
astar-jps,no_roads,strings,623,288,381.3,0,,,
astar-jps,no_roads,strings,667,905,579.8,0,,,
astar-jps,no_roads,strings,384,1207,232.7,0,,,
astar-jps,no_roads,strings,6,1148,588.8,0,,,
astar-jps,no_roads,strings,1204,202,223.8,0,,,
astar-jps-dial,no_roads,strings,985,131,326.7,0,,,
astar-jps-dial,no_roads,strings,25,1130,273.1,0,,,
astar-jps-dial,no_roads,strings,381,335,220.2,0,,,
astar-jps-dial,no_roads,strings,293,175,143.8,0,,,
astar-jps-dial,no_roads,strings,1125,120,161.6,0,,,
astar-jps-dial,no_roads,strings,1035,1129,76.0,0,,,
astar-jps-dial,no_roads,strings,837,97,272.2,0,,,
astar-jps-dial,no_roads,strings,908,627,72.8,0,,,
astar-jps-dial,no_roads,strings,37,35,67.2,0,,,
astar-jps-dial,no_roads,strings,105,285,236.4,0,,,
astar-jps-dial,no_roads,strings,309,768,107.8,0,,,
astar-jps-dial,no_roads,strings,929,32,820.0,0,,,
astar-jps-dial,no_roads,strings,859,254,211.1,0,,,
astar-jps-dial,no_roads,strings,1095,998,250.2,0,,,
astar-jps-dial,no_roads,strings,1076,837,176.6,0,,,
astar-jps-dial,no_roads,strings,623,288,406.2,0,,,
astar-jps-dial,no_roads,strings,667,905,520.7,0,,,
astar-jps-dial,no_roads,strings,384,1207,236.7,0,,,
astar-jps-dial,no_roads,strings,6,1148,500.4,0,,,
astar-jps-dial,no_roads,strings,1204,202,299.4,0,,,
astar-dial-cheb,with_roads,strings,985,131,355.1,0,,,
astar-dial-cheb,with_roads,strings,25,1130,542.2,0,,,
astar-dial-cheb,with_roads,strings,381,335,102.4,0,,,
astar-dial-cheb,with_roads,strings,293,175,165.7,0,,,
astar-dial-cheb,with_roads,strings,1125,120,287.6,0,,,
astar-dial-cheb,with_roads,strings,1035,1129,121.6,0,,,
astar-dial-cheb,with_roads,strings,837,97,231.2,0,,,
astar-dial-cheb,with_roads,strings,908,627,42.2,0,,,
astar-dial-cheb,with_roads,strings,37,35,18.1,0,,,
astar-dial-cheb,with_roads,strings,105,285,288.7,0,,,
astar-dial-cheb,with_roads,strings,309,768,100.4,0,,,
astar-dial-cheb,with_roads,strings,929,32,680.5,0,,,
astar-dial-cheb,with_roads,strings,859,254,70.9,0,,,
astar-dial-cheb,with_roads,strings,1095,998,83.7,0,,,
astar-dial-cheb,with_roads,strings,1076,837,136.8,0,,,
astar-dial-cheb,with_roads,strings,623,288,348.6,0,,,
astar-dial-cheb,with_roads,strings,667,905,593.1,0,,,
astar-dial-cheb,with_roads,strings,384,1207,219.2,0,,,
astar-dial-cheb,with_roads,strings,6,1148,452.6,0,,,
astar-dial-cheb,with_roads,strings,1204,202,419.7,0,,,
astar-jps,with_roads,strings,985,131,299.0,0,,,
astar-jps,with_roads,strings,25,1130,245.1,0,,,
astar-jps,with_roads,strings,381,335,195.8,0,,,
astar-jps,with_roads,strings,293,175,116.8,0,,,
astar-jps,with_roads,strings,1125,120,122.8,0,,,
astar-jps,with_roads,strings,1035,1129,75.8,0,,,
astar-jps,with_roads,strings,837,97,255.9,0,,,
astar-jps,with_roads,strings,908,627,38.6,0,,,
astar-jps,with_roads,strings,37,35,35.7,0,,,
astar-jps,with_roads,strings,105,285,200.3,0,,,
astar-jps,with_roads,strings,309,768,107.0,0,,,
astar-jps,with_roads,strings,929,32,788.1,0,,,
astar-jps,with_roads,strings,859,254,122.8,0,,,
astar-jps,with_roads,strings,1095,998,56.1,0,,,
astar-jps,with_roads,strings,1076,837,116.8,0,,,
astar-jps,with_roads,strings,623,288,376.5,0,,,
astar-jps,with_roads,strings,667,905,527.3,0,,,
astar-jps,with_roads,strings,384,1207,207.7,0,,,
astar-jps,with_roads,strings,6,1148,499.5,0,,,
astar-jps,with_roads,strings,1204,202,220.1,0,,,
astar-jps-dial,with_roads,strings,985,131,306.8,0,,,
astar-jps-dial,with_roads,strings,25,1130,268.5,0,,,
astar-jps-dial,with_roads,strings,381,335,218.8,0,,,
astar-jps-dial,with_roads,strings,293,175,142.1,0,,,
astar-jps-dial,with_roads,strings,1125,120,157.8,0,,,
astar-jps-dial,with_roads,strings,1035,1129,75.9,0,,,
astar-jps-dial,with_roads,strings,837,97,270.4,0,,,
astar-jps-dial,with_roads,strings,908,627,71.6,0,,,
astar-jps-dial,with_roads,strings,37,35,66.6,0,,,
astar-jps-dial,with_roads,strings,105,285,238.4,0,,,
astar-jps-dial,with_roads,strings,309,768,105.3,0,,,
astar-jps-dial,with_roads,strings,929,32,812.9,0,,,
astar-jps-dial,with_roads,strings,859,254,154.8,0,,,
astar-jps-dial,with_roads,strings,1095,998,92.5,0,,,
astar-jps-dial,with_roads,strings,1076,837,142.7,0,,,
astar-jps-dial,with_roads,strings,623,288,412.6,0,,,
astar-jps-dial,with_roads,strings,667,905,523.3,0,,,
astar-jps-dial,with_roads,strings,384,1207,232.4,0,,,
astar-jps-dial,with_roads,strings,6,1148,506.6,0,,,
astar-jps-dial,with_roads,strings,1204,202,301.1,0,,,
astar-dial-cheb,no_roads,tea,827,125,494.6,0,,,
astar-dial-cheb,no_roads,tea,25,339,219.1,0,,,
astar-dial-cheb,no_roads,tea,301,272,13.0,0,,,
astar-dial-cheb,no_roads,tea,161,115,219.3,0,,,
astar-dial-cheb,no_roads,tea,870,711,247.5,0,,,
astar-dial-cheb,no_roads,tea,96,771,621.0,0,,,
astar-dial-cheb,no_roads,tea,550,32,276.8,0,,,
astar-dial-cheb,no_roads,tea,30,103,128.2,0,,,
astar-dial-cheb,no_roads,tea,267,285,189.9,0,,,
astar-dial-cheb,no_roads,tea,657,783,349.0,0,,,
astar-dial-cheb,no_roads,tea,27,732,314.2,0,,,
astar-dial-cheb,no_roads,tea,241,839,634.2,0,,,
astar-dial-cheb,no_roads,tea,896,711,80.1,0,,,
astar-dial-cheb,no_roads,tea,546,269,594.2,0,,,
astar-dial-cheb,no_roads,tea,583,769,49.2,0,,,
astar-dial-cheb,no_roads,tea,343,6,171.7,0,,,
astar-dial-cheb,no_roads,tea,188,892,579.6,0,,,
astar-dial-cheb,no_roads,tea,550,431,31.3,0,,,
astar-dial-cheb,no_roads,tea,343,182,125.0,0,,,
astar-dial-cheb,no_roads,tea,263,425,336.8,0,,,
astar-jps,no_roads,tea,827,125,303.9,0,,,
astar-jps,no_roads,tea,25,339,191.7,0,,,
astar-jps,no_roads,tea,301,272,27.7,0,,,
astar-jps,no_roads,tea,161,115,127.4,0,,,
astar-jps,no_roads,tea,870,711,144.2,0,,,
astar-jps,no_roads,tea,96,771,813.8,0,,,
astar-jps,no_roads,tea,550,32,90.1,0,,,
astar-jps,no_roads,tea,30,103,81.1,0,,,
astar-jps,no_roads,tea,267,285,209.8,0,,,
astar-jps,no_roads,tea,657,783,317.3,0,,,
astar-jps,no_roads,tea,27,732,203.3,0,,,
astar-jps,no_roads,tea,241,839,526.4,0,,,
astar-jps,no_roads,tea,896,711,74.1,0,,,
astar-jps,no_roads,tea,546,269,333.3,0,,,
astar-jps,no_roads,tea,583,769,44.5,0,,,
astar-jps,no_roads,tea,343,6,101.5,0,,,
astar-jps,no_roads,tea,188,892,899.4,0,,,
astar-jps,no_roads,tea,550,431,110.9,0,,,
astar-jps,no_roads,tea,343,182,200.9,0,,,
astar-jps,no_roads,tea,263,425,587.3,0,,,
astar-jps-dial,no_roads,tea,827,125,1084.8,0,,,
astar-jps-dial,no_roads,tea,25,339,762.6,0,,,
astar-jps-dial,no_roads,tea,301,272,87.7,0,,,
astar-jps-dial,no_roads,tea,161,115,260.3,0,,,
astar-jps-dial,no_roads,tea,870,711,294.8,0,,,
astar-jps-dial,no_roads,tea,96,771,1055.3,0,,,
astar-jps-dial,no_roads,tea,550,32,276.6,0,,,
astar-jps-dial,no_roads,tea,30,103,139.5,0,,,
astar-jps-dial,no_roads,tea,267,285,331.8,0,,,
astar-jps-dial,no_roads,tea,657,783,372.8,0,,,
astar-jps-dial,no_roads,tea,27,732,259.8,0,,,
astar-jps-dial,no_roads,tea,241,839,683.8,0,,,
astar-jps-dial,no_roads,tea,896,711,127.3,0,,,
astar-jps-dial,no_roads,tea,546,269,529.3,0,,,
astar-jps-dial,no_roads,tea,583,769,84.3,0,,,
astar-jps-dial,no_roads,tea,343,6,178.3,0,,,
astar-jps-dial,no_roads,tea,188,892,477.0,0,,,
astar-jps-dial,no_roads,tea,550,431,68.8,0,,,
astar-jps-dial,no_roads,tea,343,182,125.8,0,,,
astar-jps-dial,no_roads,tea,263,425,305.2,0,,,
astar-dial-cheb,with_roads,tea,827,125,273.7,0,,,
astar-dial-cheb,with_roads,tea,25,339,238.8,0,,,
astar-dial-cheb,with_roads,tea,301,272,16.3,0,,,
astar-dial-cheb,with_roads,tea,161,115,384.1,0,,,
astar-dial-cheb,with_roads,tea,870,711,320.2,0,,,
astar-dial-cheb,with_roads,tea,96,771,558.2,0,,,
astar-dial-cheb,with_roads,tea,550,32,68.9,0,,,
astar-dial-cheb,with_roads,tea,30,103,179.4,0,,,
astar-dial-cheb,with_roads,tea,267,285,246.1,0,,,
astar-dial-cheb,with_roads,tea,657,783,400.8,0,,,
astar-dial-cheb,with_roads,tea,27,732,267.5,0,,,
astar-dial-cheb,with_roads,tea,241,839,687.5,0,,,
astar-dial-cheb,with_roads,tea,896,711,100.0,0,,,
astar-dial-cheb,with_roads,tea,546,269,716.9,0,,,
astar-dial-cheb,with_roads,tea,583,769,90.8,0,,,
astar-dial-cheb,with_roads,tea,343,6,197.6,0,,,
astar-dial-cheb,with_roads,tea,188,892,521.1,0,,,
astar-dial-cheb,with_roads,tea,550,431,25.7,0,,,
astar-dial-cheb,with_roads,tea,343,182,113.5,0,,,
astar-dial-cheb,with_roads,tea,263,425,355.0,0,,,
astar-jps,with_roads,tea,827,125,378.4,0,,,
astar-jps,with_roads,tea,25,339,235.3,0,,,
astar-jps,with_roads,tea,301,272,36.3,0,,,
astar-jps,with_roads,tea,161,115,157.2,0,,,
astar-jps,with_roads,tea,870,711,178.0,0,,,
astar-jps,with_roads,tea,96,771,1031.0,0,,,
astar-jps,with_roads,tea,550,32,112.6,0,,,
astar-jps,with_roads,tea,30,103,101.4,0,,,
astar-jps,with_roads,tea,267,285,265.2,0,,,
astar-jps,with_roads,tea,657,783,387.8,0,,,
astar-jps,with_roads,tea,27,732,252.1,0,,,
astar-jps,with_roads,tea,241,839,656.1,0,,,
astar-jps,with_roads,tea,896,711,90.7,0,,,
astar-jps,with_roads,tea,546,269,408.7,0,,,
astar-jps,with_roads,tea,583,769,56.3,0,,,
astar-jps,with_roads,tea,343,6,126.8,0,,,
astar-jps,with_roads,tea,188,892,469.2,0,,,
astar-jps,with_roads,tea,550,431,45.6,0,,,
astar-jps,with_roads,tea,343,182,95.3,0,,,
astar-jps,with_roads,tea,263,425,278.7,0,,,
astar-jps-dial,with_roads,tea,827,125,520.7,0,,,
astar-jps-dial,with_roads,tea,25,339,278.9,0,,,
astar-jps-dial,with_roads,tea,301,272,60.0,0,,,
astar-jps-dial,with_roads,tea,161,115,236.5,0,,,
astar-jps-dial,with_roads,tea,870,711,267.8,0,,,
astar-jps-dial,with_roads,tea,96,771,1045.9,0,,,
astar-jps-dial,with_roads,tea,550,32,274.6,0,,,
astar-jps-dial,with_roads,tea,30,103,140.1,0,,,
astar-jps-dial,with_roads,tea,267,285,351.5,0,,,
astar-jps-dial,with_roads,tea,657,783,387.6,0,,,
astar-jps-dial,with_roads,tea,27,732,426.8,0,,,
astar-jps-dial,with_roads,tea,241,839,608.1,0,,,
astar-jps-dial,with_roads,tea,896,711,125.9,0,,,
astar-jps-dial,with_roads,tea,546,269,451.7,0,,,
astar-jps-dial,with_roads,tea,583,769,66.5,0,,,
astar-jps-dial,with_roads,tea,343,6,142.0,0,,,
astar-jps-dial,with_roads,tea,188,892,402.2,0,,,
astar-jps-dial,with_roads,tea,550,431,57.2,0,,,
astar-jps-dial,with_roads,tea,343,182,109.5,0,,,
astar-jps-dial,with_roads,tea,263,425,248.9,0,,,
astar-dial-cheb,no_roads,the_great_divide,1838,274,945.8,0,,,
astar-dial-cheb,no_roads,the_great_divide,54,2143,1549.7,0,,,
astar-dial-cheb,no_roads,the_great_divide,758,680,912.4,0,,,
astar-dial-cheb,no_roads,the_great_divide,610,356,72.4,0,,,
astar-dial-cheb,no_roads,the_great_divide,2128,244,949.9,0,,,
astar-dial-cheb,no_roads,the_great_divide,1943,2138,45.6,0,,,
astar-dial-cheb,no_roads,the_great_divide,1558,203,544.7,0,,,
astar-dial-cheb,no_roads,the_great_divide,1700,1202,99.4,0,,,
astar-dial-cheb,no_roads,the_great_divide,68,64,39.7,0,,,
astar-dial-cheb,no_roads,the_great_divide,222,597,378.6,0,,,
astar-dial-cheb,no_roads,the_great_divide,642,1433,296.5,0,,,
astar-dial-cheb,no_roads,the_great_divide,1732,57,1267.0,0,,,
astar-dial-cheb,no_roads,the_great_divide,1611,539,1191.2,0,,,
astar-dial-cheb,no_roads,the_great_divide,2060,1860,36.9,0,,,
astar-dial-cheb,no_roads,the_great_divide,2015,1558,90.6,0,,,
astar-dial-cheb,no_roads,the_great_divide,1197,601,1152.3,0,,,
astar-dial-cheb,no_roads,the_great_divide,1267,1697,1233.4,0,,,
astar-dial-cheb,no_roads,the_great_divide,764,2335,1125.3,0,,,
astar-dial-cheb,no_roads,the_great_divide,2476,13,1391.1,0,,,
astar-dial-cheb,no_roads,the_great_divide,2193,2327,261.3,0,,,
astar-jps,no_roads,the_great_divide,1838,274,1568.0,0,,,
astar-jps,no_roads,the_great_divide,54,2143,2542.1,0,,,
astar-jps,no_roads,the_great_divide,758,680,1531.2,0,,,
astar-jps,no_roads,the_great_divide,610,356,57.8,0,,,
astar-jps,no_roads,the_great_divide,2128,244,302.7,0,,,
astar-jps,no_roads,the_great_divide,1943,2138,51.1,0,,,
astar-jps,no_roads,the_great_divide,1558,203,93.4,0,,,
astar-jps,no_roads,the_great_divide,1700,1202,55.0,0,,,
astar-jps,no_roads,the_great_divide,68,64,43.7,0,,,
astar-jps,no_roads,the_great_divide,222,597,186.6,0,,,
astar-jps,no_roads,the_great_divide,642,1433,139.1,0,,,
astar-jps,no_roads,the_great_divide,1732,57,1756.9,0,,,
astar-jps,no_roads,the_great_divide,1611,539,1928.1,0,,,
astar-jps,no_roads,the_great_divide,2060,1860,43.7,0,,,
astar-jps,no_roads,the_great_divide,2015,1558,76.3,0,,,
astar-jps,no_roads,the_great_divide,1197,601,1791.0,0,,,
astar-jps,no_roads,the_great_divide,1267,1697,1845.0,0,,,
astar-jps,no_roads,the_great_divide,764,2335,1686.7,0,,,
astar-jps,no_roads,the_great_divide,2476,13,1549.4,0,,,
astar-jps,no_roads,the_great_divide,2193,2327,152.0,0,,,
astar-jps-dial,no_roads,the_great_divide,1838,274,1582.7,0,,,
astar-jps-dial,no_roads,the_great_divide,54,2143,2489.3,0,,,
astar-jps-dial,no_roads,the_great_divide,758,680,1815.9,0,,,
astar-jps-dial,no_roads,the_great_divide,610,356,115.0,0,,,
astar-jps-dial,no_roads,the_great_divide,2128,244,976.3,0,,,
astar-jps-dial,no_roads,the_great_divide,1943,2138,77.9,0,,,
astar-jps-dial,no_roads,the_great_divide,1558,203,483.3,0,,,
astar-jps-dial,no_roads,the_great_divide,1700,1202,96.1,0,,,
astar-jps-dial,no_roads,the_great_divide,68,64,72.6,0,,,
astar-jps-dial,no_roads,the_great_divide,222,597,209.0,0,,,
astar-jps-dial,no_roads,the_great_divide,642,1433,161.3,0,,,
astar-jps-dial,no_roads,the_great_divide,1732,57,1842.1,0,,,
astar-jps-dial,no_roads,the_great_divide,1611,539,1903.7,0,,,
astar-jps-dial,no_roads,the_great_divide,2060,1860,85.9,0,,,
astar-jps-dial,no_roads,the_great_divide,2015,1558,100.7,0,,,
astar-jps-dial,no_roads,the_great_divide,1197,601,1666.1,0,,,
astar-jps-dial,no_roads,the_great_divide,1267,1697,1873.5,0,,,
astar-jps-dial,no_roads,the_great_divide,764,2335,1734.6,0,,,
astar-jps-dial,no_roads,the_great_divide,2476,13,2621.6,0,,,
astar-jps-dial,no_roads,the_great_divide,2193,2327,228.1,0,,,
astar-dial-cheb,with_roads,the_great_divide,1838,274,661.1,0,,,
astar-dial-cheb,with_roads,the_great_divide,54,2143,1329.4,0,,,
astar-dial-cheb,with_roads,the_great_divide,758,680,791.7,0,,,
astar-dial-cheb,with_roads,the_great_divide,610,356,74.5,0,,,
astar-dial-cheb,with_roads,the_great_divide,2128,244,711.2,0,,,
astar-dial-cheb,with_roads,the_great_divide,1943,2138,47.2,0,,,
astar-dial-cheb,with_roads,the_great_divide,1558,203,320.0,0,,,
astar-dial-cheb,with_roads,the_great_divide,1700,1202,53.2,0,,,
astar-dial-cheb,with_roads,the_great_divide,68,64,26.2,0,,,
astar-dial-cheb,with_roads,the_great_divide,222,597,307.2,0,,,
astar-dial-cheb,with_roads,the_great_divide,642,1433,213.4,0,,,
astar-dial-cheb,with_roads,the_great_divide,1732,57,527.3,0,,,
astar-dial-cheb,with_roads,the_great_divide,1611,539,918.9,0,,,
astar-dial-cheb,with_roads,the_great_divide,2060,1860,38.3,0,,,
astar-dial-cheb,with_roads,the_great_divide,2015,1558,89.0,0,,,
astar-dial-cheb,with_roads,the_great_divide,1197,601,750.1,0,,,
astar-dial-cheb,with_roads,the_great_divide,1267,1697,1449.3,0,,,
astar-dial-cheb,with_roads,the_great_divide,764,2335,1547.5,0,,,
astar-dial-cheb,with_roads,the_great_divide,2476,13,832.3,0,,,
astar-dial-cheb,with_roads,the_great_divide,2193,2327,265.2,0,,,
astar-jps,with_roads,the_great_divide,1838,274,1665.7,0,,,
astar-jps,with_roads,the_great_divide,54,2143,2665.2,0,,,
astar-jps,with_roads,the_great_divide,758,680,1597.9,0,,,
astar-jps,with_roads,the_great_divide,610,356,62.3,0,,,
astar-jps,with_roads,the_great_divide,2128,244,312.5,0,,,
astar-jps,with_roads,the_great_divide,1943,2138,50.8,0,,,
astar-jps,with_roads,the_great_divide,1558,203,97.4,0,,,
astar-jps,with_roads,the_great_divide,1700,1202,56.2,0,,,
astar-jps,with_roads,the_great_divide,68,64,44.0,0,,,
astar-jps,with_roads,the_great_divide,222,597,191.9,0,,,
astar-jps,with_roads,the_great_divide,642,1433,135.8,0,,,
astar-jps,with_roads,the_great_divide,1732,57,1912.5,0,,,
astar-jps,with_roads,the_great_divide,1611,539,2193.4,0,,,
astar-jps,with_roads,the_great_divide,2060,1860,53.9,0,,,
astar-jps,with_roads,the_great_divide,2015,1558,80.2,0,,,
astar-jps,with_roads,the_great_divide,1197,601,1881.0,0,,,
astar-jps,with_roads,the_great_divide,1267,1697,2082.1,0,,,
astar-jps,with_roads,the_great_divide,764,2335,1712.6,0,,,
astar-jps,with_roads,the_great_divide,2476,13,1607.7,0,,,
astar-jps,with_roads,the_great_divide,2193,2327,155.8,0,,,
astar-jps-dial,with_roads,the_great_divide,1838,274,1645.9,0,,,
astar-jps-dial,with_roads,the_great_divide,54,2143,2574.3,0,,,
astar-jps-dial,with_roads,the_great_divide,758,680,1568.2,0,,,
astar-jps-dial,with_roads,the_great_divide,610,356,115.1,0,,,
astar-jps-dial,with_roads,the_great_divide,2128,244,989.7,0,,,
astar-jps-dial,with_roads,the_great_divide,1943,2138,80.2,0,,,
astar-jps-dial,with_roads,the_great_divide,1558,203,491.0,0,,,
astar-jps-dial,with_roads,the_great_divide,1700,1202,97.9,0,,,
astar-jps-dial,with_roads,the_great_divide,68,64,75.3,0,,,
astar-jps-dial,with_roads,the_great_divide,222,597,214.8,0,,,
astar-jps-dial,with_roads,the_great_divide,642,1433,162.2,0,,,
astar-jps-dial,with_roads,the_great_divide,1732,57,1892.9,0,,,
astar-jps-dial,with_roads,the_great_divide,1611,539,2163.3,0,,,
astar-jps-dial,with_roads,the_great_divide,2060,1860,88.1,0,,,
astar-jps-dial,with_roads,the_great_divide,2015,1558,105.3,0,,,
astar-jps-dial,with_roads,the_great_divide,1197,601,1748.7,0,,,
astar-jps-dial,with_roads,the_great_divide,1267,1697,1953.3,0,,,
astar-jps-dial,with_roads,the_great_divide,764,2335,1810.3,0,,,
astar-jps-dial,with_roads,the_great_divide,2476,13,2703.1,0,,,
astar-jps-dial,with_roads,the_great_divide,2193,2327,230.8,0,,,
astar-dial-cheb,no_roads,the_powerful_egg,1535,256,983.1,0,,,
astar-dial-cheb,no_roads,the_powerful_egg,61,647,864.6,0,,,
astar-dial-cheb,no_roads,the_powerful_egg,570,517,35.8,0,,,
astar-dial-cheb,no_roads,the_powerful_egg,321,236,236.4,0,,,
astar-dial-cheb,no_roads,the_powerful_egg,1620,1314,58.2,0,,,
astar-dial-cheb,no_roads,the_powerful_egg,203,1423,432.5,0,,,
astar-dial-cheb,no_roads,the_powerful_egg,1015,78,520.5,0,,,
astar-dial-cheb,no_roads,the_powerful_egg,72,216,53.3,0,,,
astar-dial-cheb,no_roads,the_powerful_egg,505,538,896.0,0,,,
astar-dial-cheb,no_roads,the_powerful_egg,1219,1448,695.8,0,,,
astar-dial-cheb,no_roads,the_powerful_egg,65,1352,551.5,0,,,
astar-dial-cheb,no_roads,the_powerful_egg,463,1715,709.5,0,,,
astar-dial-cheb,no_roads,the_powerful_egg,1558,1679,358.7,0,,,
astar-dial-cheb,no_roads,the_powerful_egg,1314,1009,71.0,0,,,
astar-dial-cheb,no_roads,the_powerful_egg,511,1087,945.2,0,,,
astar-dial-cheb,no_roads,the_powerful_egg,1419,653,280.7,0,,,
astar-dial-cheb,no_roads,the_powerful_egg,16,364,68.2,0,,,
astar-dial-cheb,no_roads,the_powerful_egg,1670,1020,1002.9,0,,,
astar-dial-cheb,no_roads,the_powerful_egg,820,653,433.0,0,,,
astar-dial-cheb,no_roads,the_powerful_egg,356,498,1124.6,0,,,
astar-jps,no_roads,the_powerful_egg,1535,256,466.5,0,,,
astar-jps,no_roads,the_powerful_egg,61,647,575.4,0,,,
astar-jps,no_roads,the_powerful_egg,570,517,60.9,0,,,
astar-jps,no_roads,the_powerful_egg,321,236,109.9,0,,,
astar-jps,no_roads,the_powerful_egg,1620,1314,57.4,0,,,
astar-jps,no_roads,the_powerful_egg,203,1423,281.1,0,,,
astar-jps,no_roads,the_powerful_egg,1015,78,198.8,0,,,
astar-jps,no_roads,the_powerful_egg,72,216,34.9,0,,,
astar-jps,no_roads,the_powerful_egg,505,538,391.8,0,,,
astar-jps,no_roads,the_powerful_egg,1219,1448,304.8,0,,,
astar-jps,no_roads,the_powerful_egg,65,1352,609.2,0,,,
astar-jps,no_roads,the_powerful_egg,463,1715,481.3,0,,,
astar-jps,no_roads,the_powerful_egg,1558,1679,347.4,0,,,
astar-jps,no_roads,the_powerful_egg,1314,1009,78.2,0,,,
astar-jps,no_roads,the_powerful_egg,511,1087,523.2,0,,,
astar-jps,no_roads,the_powerful_egg,1419,653,127.9,0,,,
astar-jps,no_roads,the_powerful_egg,16,364,98.6,0,,,
astar-jps,no_roads,the_powerful_egg,1670,1020,1296.6,0,,,
astar-jps,no_roads,the_powerful_egg,820,653,294.3,0,,,
astar-jps,no_roads,the_powerful_egg,356,498,496.3,0,,,
astar-jps-dial,no_roads,the_powerful_egg,1535,256,568.0,0,,,
astar-jps-dial,no_roads,the_powerful_egg,61,647,609.6,0,,,
astar-jps-dial,no_roads,the_powerful_egg,570,517,88.8,0,,,
astar-jps-dial,no_roads,the_powerful_egg,321,236,171.5,0,,,
astar-jps-dial,no_roads,the_powerful_egg,1620,1314,82.6,0,,,
astar-jps-dial,no_roads,the_powerful_egg,203,1423,306.3,0,,,
astar-jps-dial,no_roads,the_powerful_egg,1015,78,230.1,0,,,
astar-jps-dial,no_roads,the_powerful_egg,72,216,68.3,0,,,
astar-jps-dial,no_roads,the_powerful_egg,505,538,417.3,0,,,
astar-jps-dial,no_roads,the_powerful_egg,1219,1448,239.4,0,,,
astar-jps-dial,no_roads,the_powerful_egg,65,1352,581.3,0,,,
astar-jps-dial,no_roads,the_powerful_egg,463,1715,411.5,0,,,
astar-jps-dial,no_roads,the_powerful_egg,1558,1679,276.9,0,,,
astar-jps-dial,no_roads,the_powerful_egg,1314,1009,109.0,0,,,
astar-jps-dial,no_roads,the_powerful_egg,511,1087,523.5,0,,,
astar-jps-dial,no_roads,the_powerful_egg,1419,653,172.9,0,,,
astar-jps-dial,no_roads,the_powerful_egg,16,364,123.4,0,,,
astar-jps-dial,no_roads,the_powerful_egg,1670,1020,1374.7,0,,,
astar-jps-dial,no_roads,the_powerful_egg,820,653,282.3,0,,,
astar-jps-dial,no_roads,the_powerful_egg,356,498,451.1,0,,,
astar-dial-cheb,with_roads,the_powerful_egg,1535,256,997.0,0,,,
astar-dial-cheb,with_roads,the_powerful_egg,61,647,708.5,0,,,
astar-dial-cheb,with_roads,the_powerful_egg,570,517,39.9,0,,,
astar-dial-cheb,with_roads,the_powerful_egg,321,236,246.0,0,,,
astar-dial-cheb,with_roads,the_powerful_egg,1620,1314,57.3,0,,,
astar-dial-cheb,with_roads,the_powerful_egg,203,1423,583.9,0,,,
astar-dial-cheb,with_roads,the_powerful_egg,1015,78,528.8,0,,,
astar-dial-cheb,with_roads,the_powerful_egg,72,216,47.4,0,,,
astar-dial-cheb,with_roads,the_powerful_egg,505,538,584.9,0,,,
astar-dial-cheb,with_roads,the_powerful_egg,1219,1448,697.6,0,,,
astar-dial-cheb,with_roads,the_powerful_egg,65,1352,613.7,0,,,
astar-dial-cheb,with_roads,the_powerful_egg,463,1715,763.4,0,,,
astar-dial-cheb,with_roads,the_powerful_egg,1558,1679,355.0,0,,,
astar-dial-cheb,with_roads,the_powerful_egg,1314,1009,72.2,0,,,
astar-dial-cheb,with_roads,the_powerful_egg,511,1087,1018.5,0,,,
astar-dial-cheb,with_roads,the_powerful_egg,1419,653,287.5,0,,,
astar-dial-cheb,with_roads,the_powerful_egg,16,364,96.8,0,,,
astar-dial-cheb,with_roads,the_powerful_egg,1670,1020,987.5,0,,,
astar-dial-cheb,with_roads,the_powerful_egg,820,653,470.2,0,,,
astar-dial-cheb,with_roads,the_powerful_egg,356,498,925.7,0,,,
astar-jps,with_roads,the_powerful_egg,1535,256,459.0,0,,,
astar-jps,with_roads,the_powerful_egg,61,647,570.5,0,,,
astar-jps,with_roads,the_powerful_egg,570,517,59.6,0,,,
astar-jps,with_roads,the_powerful_egg,321,236,107.8,0,,,
astar-jps,with_roads,the_powerful_egg,1620,1314,56.8,0,,,
astar-jps,with_roads,the_powerful_egg,203,1423,284.3,0,,,
astar-jps,with_roads,the_powerful_egg,1015,78,193.3,0,,,
astar-jps,with_roads,the_powerful_egg,72,216,36.0,0,,,
astar-jps,with_roads,the_powerful_egg,505,538,392.7,0,,,
astar-jps,with_roads,the_powerful_egg,1219,1448,308.1,0,,,
astar-jps,with_roads,the_powerful_egg,65,1352,605.8,0,,,
astar-jps,with_roads,the_powerful_egg,463,1715,491.9,0,,,
astar-jps,with_roads,the_powerful_egg,1558,1679,344.1,0,,,
astar-jps,with_roads,the_powerful_egg,1314,1009,76.0,0,,,
astar-jps,with_roads,the_powerful_egg,511,1087,529.9,0,,,
astar-jps,with_roads,the_powerful_egg,1419,653,124.3,0,,,
astar-jps,with_roads,the_powerful_egg,16,364,101.1,0,,,
astar-jps,with_roads,the_powerful_egg,1670,1020,1362.5,0,,,
astar-jps,with_roads,the_powerful_egg,820,653,297.1,0,,,
astar-jps,with_roads,the_powerful_egg,356,498,490.7,0,,,
astar-jps-dial,with_roads,the_powerful_egg,1535,256,559.6,0,,,
astar-jps-dial,with_roads,the_powerful_egg,61,647,611.8,0,,,
astar-jps-dial,with_roads,the_powerful_egg,570,517,90.0,0,,,
astar-jps-dial,with_roads,the_powerful_egg,321,236,171.3,0,,,
astar-jps-dial,with_roads,the_powerful_egg,1620,1314,86.9,0,,,
astar-jps-dial,with_roads,the_powerful_egg,203,1423,306.0,0,,,
astar-jps-dial,with_roads,the_powerful_egg,1015,78,232.5,0,,,
astar-jps-dial,with_roads,the_powerful_egg,72,216,67.6,0,,,
astar-jps-dial,with_roads,the_powerful_egg,505,538,421.3,0,,,
astar-jps-dial,with_roads,the_powerful_egg,1219,1448,233.9,0,,,
astar-jps-dial,with_roads,the_powerful_egg,65,1352,583.1,0,,,
astar-jps-dial,with_roads,the_powerful_egg,463,1715,407.9,0,,,
astar-jps-dial,with_roads,the_powerful_egg,1558,1679,272.8,0,,,
astar-jps-dial,with_roads,the_powerful_egg,1314,1009,106.3,0,,,
astar-jps-dial,with_roads,the_powerful_egg,511,1087,524.0,0,,,
astar-jps-dial,with_roads,the_powerful_egg,1419,653,172.5,0,,,
astar-jps-dial,with_roads,the_powerful_egg,16,364,123.3,0,,,
astar-jps-dial,with_roads,the_powerful_egg,1670,1020,1475.5,0,,,
astar-jps-dial,with_roads,the_powerful_egg,820,653,284.3,0,,,
astar-jps-dial,with_roads,the_powerful_egg,356,498,452.6,0,,,
astar-dial-cheb,no_roads,thread_of_connection,61,13,279.1,0,,,
astar-dial-cheb,no_roads,thread_of_connection,181,161,14.6,0,,,
astar-dial-cheb,no_roads,thread_of_connection,139,80,195.5,0,,,
astar-dial-cheb,no_roads,thread_of_connection,56,374,165.3,0,,,
astar-dial-cheb,no_roads,thread_of_connection,47,398,187.5,0,,,
astar-dial-cheb,no_roads,thread_of_connection,299,17,130.0,0,,,
astar-dial-cheb,no_roads,thread_of_connection,16,50,152.3,0,,,
astar-dial-cheb,no_roads,thread_of_connection,134,147,140.5,0,,,
astar-dial-cheb,no_roads,thread_of_connection,351,14,162.0,0,,,
astar-dial-cheb,no_roads,thread_of_connection,382,118,253.8,0,,,
astar-dial-cheb,no_roads,thread_of_connection,374,296,46.1,0,,,
astar-dial-cheb,no_roads,thread_of_connection,137,315,86.0,0,,,
astar-dial-cheb,no_roads,thread_of_connection,397,184,151.1,0,,,
astar-dial-cheb,no_roads,thread_of_connection,3,94,226.9,0,,,
astar-dial-cheb,no_roads,thread_of_connection,299,232,66.8,0,,,
astar-dial-cheb,no_roads,thread_of_connection,184,91,226.2,0,,,
astar-dial-cheb,no_roads,thread_of_connection,133,229,119.4,0,,,
astar-dial-cheb,no_roads,thread_of_connection,56,50,149.8,0,,,
astar-dial-cheb,no_roads,thread_of_connection,268,53,243.4,0,,,
astar-dial-cheb,no_roads,thread_of_connection,250,235,56.1,0,,,
astar-jps,no_roads,thread_of_connection,61,13,324.1,0,,,
astar-jps,no_roads,thread_of_connection,181,161,19.0,0,,,
astar-jps,no_roads,thread_of_connection,139,80,233.2,0,,,
astar-jps,no_roads,thread_of_connection,56,374,132.1,0,,,
astar-jps,no_roads,thread_of_connection,47,398,140.0,0,,,
astar-jps,no_roads,thread_of_connection,299,17,73.1,0,,,
astar-jps,no_roads,thread_of_connection,16,50,154.4,0,,,
astar-jps,no_roads,thread_of_connection,134,147,149.9,0,,,
astar-jps,no_roads,thread_of_connection,351,14,175.5,0,,,
astar-jps,no_roads,thread_of_connection,382,118,336.0,0,,,
astar-jps,no_roads,thread_of_connection,374,296,47.4,0,,,
astar-jps,no_roads,thread_of_connection,137,315,96.0,0,,,
astar-jps,no_roads,thread_of_connection,397,184,200.7,0,,,
astar-jps,no_roads,thread_of_connection,3,94,286.7,0,,,
astar-jps,no_roads,thread_of_connection,299,232,67.4,0,,,
astar-jps,no_roads,thread_of_connection,184,91,302.9,0,,,
astar-jps,no_roads,thread_of_connection,133,229,121.0,0,,,
astar-jps,no_roads,thread_of_connection,56,50,147.7,0,,,
astar-jps,no_roads,thread_of_connection,268,53,317.6,0,,,
astar-jps,no_roads,thread_of_connection,250,235,76.9,0,,,
astar-jps-dial,no_roads,thread_of_connection,61,13,354.1,0,,,
astar-jps-dial,no_roads,thread_of_connection,181,161,32.1,0,,,
astar-jps-dial,no_roads,thread_of_connection,139,80,253.3,0,,,
astar-jps-dial,no_roads,thread_of_connection,56,374,151.1,0,,,
astar-jps-dial,no_roads,thread_of_connection,47,398,152.7,0,,,
astar-jps-dial,no_roads,thread_of_connection,299,17,80.7,0,,,
astar-jps-dial,no_roads,thread_of_connection,16,50,171.3,0,,,
astar-jps-dial,no_roads,thread_of_connection,134,147,178.2,0,,,
astar-jps-dial,no_roads,thread_of_connection,351,14,196.2,0,,,
astar-jps-dial,no_roads,thread_of_connection,382,118,377.4,0,,,
astar-jps-dial,no_roads,thread_of_connection,374,296,72.0,0,,,
astar-jps-dial,no_roads,thread_of_connection,137,315,109.2,0,,,
astar-jps-dial,no_roads,thread_of_connection,397,184,211.8,0,,,
astar-jps-dial,no_roads,thread_of_connection,3,94,315.2,0,,,
astar-jps-dial,no_roads,thread_of_connection,299,232,89.6,0,,,
astar-jps-dial,no_roads,thread_of_connection,184,91,328.1,0,,,
astar-jps-dial,no_roads,thread_of_connection,133,229,142.7,0,,,
astar-jps-dial,no_roads,thread_of_connection,56,50,171.3,0,,,
astar-jps-dial,no_roads,thread_of_connection,268,53,365.1,0,,,
astar-jps-dial,no_roads,thread_of_connection,250,235,91.3,0,,,
astar-dial-cheb,with_roads,thread_of_connection,61,13,270.9,0,,,
astar-dial-cheb,with_roads,thread_of_connection,181,161,12.4,0,,,
astar-dial-cheb,with_roads,thread_of_connection,139,80,180.9,0,,,
astar-dial-cheb,with_roads,thread_of_connection,56,374,116.7,0,,,
astar-dial-cheb,with_roads,thread_of_connection,47,398,177.1,0,,,
astar-dial-cheb,with_roads,thread_of_connection,299,17,132.4,0,,,
astar-dial-cheb,with_roads,thread_of_connection,16,50,155.5,0,,,
astar-dial-cheb,with_roads,thread_of_connection,134,147,144.7,0,,,
astar-dial-cheb,with_roads,thread_of_connection,351,14,168.5,0,,,
astar-dial-cheb,with_roads,thread_of_connection,382,118,259.3,0,,,
astar-dial-cheb,with_roads,thread_of_connection,374,296,49.5,0,,,
astar-dial-cheb,with_roads,thread_of_connection,137,315,90.1,0,,,
astar-dial-cheb,with_roads,thread_of_connection,397,184,153.1,0,,,
astar-dial-cheb,with_roads,thread_of_connection,3,94,233.9,0,,,
astar-dial-cheb,with_roads,thread_of_connection,299,232,68.5,0,,,
astar-dial-cheb,with_roads,thread_of_connection,184,91,236.8,0,,,
astar-dial-cheb,with_roads,thread_of_connection,133,229,117.6,0,,,
astar-dial-cheb,with_roads,thread_of_connection,56,50,150.9,0,,,
astar-dial-cheb,with_roads,thread_of_connection,268,53,243.5,0,,,
astar-dial-cheb,with_roads,thread_of_connection,250,235,57.7,0,,,
astar-jps,with_roads,thread_of_connection,61,13,315.0,0,,,
astar-jps,with_roads,thread_of_connection,181,161,20.1,0,,,
astar-jps,with_roads,thread_of_connection,139,80,243.9,0,,,
astar-jps,with_roads,thread_of_connection,56,374,137.1,0,,,
astar-jps,with_roads,thread_of_connection,47,398,139.3,0,,,
astar-jps,with_roads,thread_of_connection,299,17,70.5,0,,,
astar-jps,with_roads,thread_of_connection,16,50,150.4,0,,,
astar-jps,with_roads,thread_of_connection,134,147,148.4,0,,,
astar-jps,with_roads,thread_of_connection,351,14,172.1,0,,,
astar-jps,with_roads,thread_of_connection,382,118,335.3,0,,,
astar-jps,with_roads,thread_of_connection,374,296,46.8,0,,,
astar-jps,with_roads,thread_of_connection,137,315,95.4,0,,,
astar-jps,with_roads,thread_of_connection,397,184,203.1,0,,,
astar-jps,with_roads,thread_of_connection,3,94,277.9,0,,,
astar-jps,with_roads,thread_of_connection,299,232,66.6,0,,,
astar-jps,with_roads,thread_of_connection,184,91,307.2,0,,,
astar-jps,with_roads,thread_of_connection,133,229,127.7,0,,,
astar-jps,with_roads,thread_of_connection,56,50,151.4,0,,,
astar-jps,with_roads,thread_of_connection,268,53,323.2,0,,,
astar-jps,with_roads,thread_of_connection,250,235,77.8,0,,,
astar-jps-dial,with_roads,thread_of_connection,61,13,352.0,0,,,
astar-jps-dial,with_roads,thread_of_connection,181,161,32.2,0,,,
astar-jps-dial,with_roads,thread_of_connection,139,80,249.7,0,,,
astar-jps-dial,with_roads,thread_of_connection,56,374,142.7,0,,,
astar-jps-dial,with_roads,thread_of_connection,47,398,158.4,0,,,
astar-jps-dial,with_roads,thread_of_connection,299,17,80.1,0,,,
astar-jps-dial,with_roads,thread_of_connection,16,50,171.1,0,,,
astar-jps-dial,with_roads,thread_of_connection,134,147,178.7,0,,,
astar-jps-dial,with_roads,thread_of_connection,351,14,198.7,0,,,
astar-jps-dial,with_roads,thread_of_connection,382,118,367.8,0,,,
astar-jps-dial,with_roads,thread_of_connection,374,296,74.8,0,,,
astar-jps-dial,with_roads,thread_of_connection,137,315,109.6,0,,,
astar-jps-dial,with_roads,thread_of_connection,397,184,215.2,0,,,
astar-jps-dial,with_roads,thread_of_connection,3,94,315.8,0,,,
astar-jps-dial,with_roads,thread_of_connection,299,232,84.1,0,,,
astar-jps-dial,with_roads,thread_of_connection,184,91,334.5,0,,,
astar-jps-dial,with_roads,thread_of_connection,133,229,141.2,0,,,
astar-jps-dial,with_roads,thread_of_connection,56,50,169.4,0,,,
astar-jps-dial,with_roads,thread_of_connection,268,53,370.7,0,,,
astar-jps-dial,with_roads,thread_of_connection,250,235,91.7,0,,,
astar-dial-cheb,no_roads,tiles,979,170,439.9,0,,,
astar-dial-cheb,no_roads,tiles,28,1141,355.3,0,,,
astar-dial-cheb,no_roads,tiles,417,375,19.4,0,,,
astar-dial-cheb,no_roads,tiles,347,202,338.5,0,,,
astar-dial-cheb,no_roads,tiles,1129,149,560.8,0,,,
astar-dial-cheb,no_roads,tiles,1028,1137,79.0,0,,,
astar-dial-cheb,no_roads,tiles,823,109,239.3,0,,,
astar-dial-cheb,no_roads,tiles,882,641,114.6,0,,,
astar-dial-cheb,no_roads,tiles,37,34,16.5,0,,,
astar-dial-cheb,no_roads,tiles,117,341,15.4,0,,,
astar-dial-cheb,no_roads,tiles,359,771,16.3,0,,,
astar-dial-cheb,no_roads,tiles,929,31,592.2,0,,,
astar-dial-cheb,no_roads,tiles,846,311,521.5,0,,,
astar-dial-cheb,no_roads,tiles,1106,997,604.8,0,,,
astar-dial-cheb,no_roads,tiles,1089,823,197.7,0,,,
astar-dial-cheb,no_roads,tiles,638,344,156.4,0,,,
astar-dial-cheb,no_roads,tiles,672,879,602.9,0,,,
astar-dial-cheb,no_roads,tiles,420,6,274.9,0,,,
astar-dial-cheb,no_roads,tiles,1164,238,583.6,0,,,
astar-dial-cheb,no_roads,tiles,1084,641,149.6,0,,,
astar-jps,no_roads,tiles,979,170,316.3,0,,,
astar-jps,no_roads,tiles,28,1141,282.6,0,,,
astar-jps,no_roads,tiles,417,375,26.6,0,,,
astar-jps,no_roads,tiles,347,202,309.5,0,,,
astar-jps,no_roads,tiles,1129,149,582.5,0,,,
astar-jps,no_roads,tiles,1028,1137,75.3,0,,,
astar-jps,no_roads,tiles,823,109,158.1,0,,,
astar-jps,no_roads,tiles,882,641,89.4,0,,,
astar-jps,no_roads,tiles,37,34,15.4,0,,,
astar-jps,no_roads,tiles,117,341,12.8,0,,,
astar-jps,no_roads,tiles,359,771,13.6,0,,,
astar-jps,no_roads,tiles,929,31,999.9,0,,,
astar-jps,no_roads,tiles,846,311,583.4,0,,,
astar-jps,no_roads,tiles,1106,997,1036.0,0,,,
astar-jps,no_roads,tiles,1089,823,138.9,0,,,
astar-jps,no_roads,tiles,638,344,215.9,0,,,
astar-jps,no_roads,tiles,672,879,1056.1,0,,,
astar-jps,no_roads,tiles,420,6,180.8,0,,,
astar-jps,no_roads,tiles,1164,238,992.2,0,,,
astar-jps,no_roads,tiles,1084,641,176.6,0,,,
astar-jps-dial,no_roads,tiles,979,170,361.5,0,,,
astar-jps-dial,no_roads,tiles,28,1141,319.4,0,,,
astar-jps-dial,no_roads,tiles,417,375,53.3,0,,,
astar-jps-dial,no_roads,tiles,347,202,378.9,0,,,
astar-jps-dial,no_roads,tiles,1129,149,1169.1,0,,,
astar-jps-dial,no_roads,tiles,1028,1137,130.2,0,,,
astar-jps-dial,no_roads,tiles,823,109,202.9,0,,,
astar-jps-dial,no_roads,tiles,882,641,130.0,0,,,
astar-jps-dial,no_roads,tiles,37,34,50.0,0,,,
astar-jps-dial,no_roads,tiles,117,341,47.3,0,,,
astar-jps-dial,no_roads,tiles,359,771,47.4,0,,,
astar-jps-dial,no_roads,tiles,929,31,1036.9,0,,,
astar-jps-dial,no_roads,tiles,846,311,624.8,0,,,
astar-jps-dial,no_roads,tiles,1106,997,1067.8,0,,,
astar-jps-dial,no_roads,tiles,1089,823,166.7,0,,,
astar-jps-dial,no_roads,tiles,638,344,250.6,0,,,
astar-jps-dial,no_roads,tiles,672,879,1099.1,0,,,
astar-jps-dial,no_roads,tiles,420,6,204.7,0,,,
astar-jps-dial,no_roads,tiles,1164,238,1009.5,0,,,
astar-jps-dial,no_roads,tiles,1084,641,201.4,0,,,
astar-dial-cheb,with_roads,tiles,979,170,272.0,0,,,
astar-dial-cheb,with_roads,tiles,28,1141,258.3,0,,,
astar-dial-cheb,with_roads,tiles,417,375,23.4,0,,,
astar-dial-cheb,with_roads,tiles,347,202,124.8,0,,,
astar-dial-cheb,with_roads,tiles,1129,149,610.5,0,,,
astar-dial-cheb,with_roads,tiles,1028,1137,127.5,0,,,
astar-dial-cheb,with_roads,tiles,823,109,389.2,0,,,
astar-dial-cheb,with_roads,tiles,882,641,118.0,0,,,
astar-dial-cheb,with_roads,tiles,37,34,17.0,0,,,
astar-dial-cheb,with_roads,tiles,117,341,16.8,0,,,
astar-dial-cheb,with_roads,tiles,359,771,16.8,0,,,
astar-dial-cheb,with_roads,tiles,929,31,613.9,0,,,
astar-dial-cheb,with_roads,tiles,846,311,594.0,0,,,
astar-dial-cheb,with_roads,tiles,1106,997,635.9,0,,,
astar-dial-cheb,with_roads,tiles,1089,823,139.2,0,,,
astar-dial-cheb,with_roads,tiles,638,344,241.6,0,,,
astar-dial-cheb,with_roads,tiles,672,879,633.3,0,,,
astar-dial-cheb,with_roads,tiles,420,6,209.0,0,,,
astar-dial-cheb,with_roads,tiles,1164,238,589.9,0,,,
astar-dial-cheb,with_roads,tiles,1084,641,150.2,0,,,
astar-jps,with_roads,tiles,979,170,333.2,0,,,
astar-jps,with_roads,tiles,28,1141,284.2,0,,,
astar-jps,with_roads,tiles,417,375,26.9,0,,,
astar-jps,with_roads,tiles,347,202,316.0,0,,,
astar-jps,with_roads,tiles,1129,149,573.7,0,,,
astar-jps,with_roads,tiles,1028,1137,70.8,0,,,
astar-jps,with_roads,tiles,823,109,162.8,0,,,
astar-jps,with_roads,tiles,882,641,93.8,0,,,
astar-jps,with_roads,tiles,37,34,16.2,0,,,
astar-jps,with_roads,tiles,117,341,13.7,0,,,
astar-jps,with_roads,tiles,359,771,14.2,0,,,
astar-jps,with_roads,tiles,929,31,987.9,0,,,
astar-jps,with_roads,tiles,846,311,569.5,0,,,
astar-jps,with_roads,tiles,1106,997,1035.6,0,,,
astar-jps,with_roads,tiles,1089,823,139.7,0,,,
astar-jps,with_roads,tiles,638,344,223.7,0,,,
astar-jps,with_roads,tiles,672,879,1068.0,0,,,
astar-jps,with_roads,tiles,420,6,177.8,0,,,
astar-jps,with_roads,tiles,1164,238,1005.3,0,,,
astar-jps,with_roads,tiles,1084,641,182.1,0,,,
astar-jps-dial,with_roads,tiles,979,170,381.4,0,,,
astar-jps-dial,with_roads,tiles,28,1141,299.8,0,,,
astar-jps-dial,with_roads,tiles,417,375,52.1,0,,,
astar-jps-dial,with_roads,tiles,347,202,345.8,0,,,
astar-jps-dial,with_roads,tiles,1129,149,618.9,0,,,
astar-jps-dial,with_roads,tiles,1028,1137,99.2,0,,,
astar-jps-dial,with_roads,tiles,823,109,183.3,0,,,
astar-jps-dial,with_roads,tiles,882,641,125.5,0,,,
astar-jps-dial,with_roads,tiles,37,34,49.9,0,,,
astar-jps-dial,with_roads,tiles,117,341,47.4,0,,,
astar-jps-dial,with_roads,tiles,359,771,47.9,0,,,
astar-jps-dial,with_roads,tiles,929,31,1013.1,0,,,
astar-jps-dial,with_roads,tiles,846,311,651.2,0,,,
astar-jps-dial,with_roads,tiles,1106,997,1133.5,0,,,
astar-jps-dial,with_roads,tiles,1089,823,170.9,0,,,
astar-jps-dial,with_roads,tiles,638,344,254.8,0,,,
astar-jps-dial,with_roads,tiles,672,879,1114.1,0,,,
astar-jps-dial,with_roads,tiles,420,6,205.0,0,,,
astar-jps-dial,with_roads,tiles,1164,238,1021.7,0,,,
astar-jps-dial,with_roads,tiles,1084,641,208.1,0,,,
astar-dial-cheb,no_roads,tree_of_life,268,57,280.3,0,,,
astar-dial-cheb,no_roads,tree_of_life,627,561,241.3,0,,,
astar-dial-cheb,no_roads,tree_of_life,515,332,253.3,0,,,
astar-dial-cheb,no_roads,tree_of_life,243,200,33.9,0,,,
astar-dial-cheb,no_roads,tree_of_life,980,72,794.5,0,,,
astar-dial-cheb,no_roads,tree_of_life,68,220,39.7,0,,,
astar-dial-cheb,no_roads,tree_of_life,505,536,110.4,0,,,
astar-dial-cheb,no_roads,tree_of_life,1163,60,514.6,0,,,
astar-dial-cheb,no_roads,tree_of_life,463,972,266.4,0,,,
astar-dial-cheb,no_roads,tree_of_life,509,1042,756.9,0,,,
astar-dial-cheb,no_roads,tree_of_life,633,14,498.5,0,,,
astar-dial-cheb,no_roads,tree_of_life,378,981,707.3,0,,,
astar-dial-cheb,no_roads,tree_of_life,768,633,467.3,0,,,
astar-dial-cheb,no_roads,tree_of_life,368,498,281.7,0,,,
astar-dial-cheb,no_roads,tree_of_life,760,243,325.5,0,,,
astar-dial-cheb,no_roads,tree_of_life,218,856,501.3,0,,,
astar-dial-cheb,no_roads,tree_of_life,232,809,243.6,0,,,
astar-dial-cheb,no_roads,tree_of_life,776,604,406.3,0,,,
astar-dial-cheb,no_roads,tree_of_life,99,1064,853.5,0,,,
astar-dial-cheb,no_roads,tree_of_life,300,853,782.8,0,,,
astar-jps,no_roads,tree_of_life,268,57,139.0,0,,,
astar-jps,no_roads,tree_of_life,627,561,109.3,0,,,
astar-jps,no_roads,tree_of_life,515,332,145.0,0,,,
astar-jps,no_roads,tree_of_life,243,200,24.7,0,,,
astar-jps,no_roads,tree_of_life,980,72,505.9,0,,,
astar-jps,no_roads,tree_of_life,68,220,36.3,0,,,
astar-jps,no_roads,tree_of_life,505,536,106.6,0,,,
astar-jps,no_roads,tree_of_life,1163,60,238.7,0,,,
astar-jps,no_roads,tree_of_life,463,972,91.3,0,,,
astar-jps,no_roads,tree_of_life,509,1042,423.7,0,,,
astar-jps,no_roads,tree_of_life,633,14,154.3,0,,,
astar-jps,no_roads,tree_of_life,378,981,684.0,0,,,
astar-jps,no_roads,tree_of_life,768,633,200.6,0,,,
astar-jps,no_roads,tree_of_life,368,498,265.5,0,,,
astar-jps,no_roads,tree_of_life,760,243,150.5,0,,,
astar-jps,no_roads,tree_of_life,218,856,212.4,0,,,
astar-jps,no_roads,tree_of_life,232,809,116.6,0,,,
astar-jps,no_roads,tree_of_life,776,604,181.6,0,,,
astar-jps,no_roads,tree_of_life,99,1064,397.2,0,,,
astar-jps,no_roads,tree_of_life,300,853,130.1,0,,,
astar-jps-dial,no_roads,tree_of_life,268,57,308.0,0,,,
astar-jps-dial,no_roads,tree_of_life,627,561,123.6,0,,,
astar-jps-dial,no_roads,tree_of_life,515,332,194.3,0,,,
astar-jps-dial,no_roads,tree_of_life,243,200,95.4,0,,,
astar-jps-dial,no_roads,tree_of_life,980,72,604.4,0,,,
astar-jps-dial,no_roads,tree_of_life,68,220,59.8,0,,,
astar-jps-dial,no_roads,tree_of_life,505,536,108.8,0,,,
astar-jps-dial,no_roads,tree_of_life,1163,60,480.4,0,,,
astar-jps-dial,no_roads,tree_of_life,463,972,116.0,0,,,
astar-jps-dial,no_roads,tree_of_life,509,1042,452.6,0,,,
astar-jps-dial,no_roads,tree_of_life,633,14,236.5,0,,,
astar-jps-dial,no_roads,tree_of_life,378,981,595.2,0,,,
astar-jps-dial,no_roads,tree_of_life,768,633,313.7,0,,,
astar-jps-dial,no_roads,tree_of_life,368,498,223.3,0,,,
astar-jps-dial,no_roads,tree_of_life,760,243,199.5,0,,,
astar-jps-dial,no_roads,tree_of_life,218,856,302.9,0,,,
astar-jps-dial,no_roads,tree_of_life,232,809,139.0,0,,,
astar-jps-dial,no_roads,tree_of_life,776,604,205.0,0,,,
astar-jps-dial,no_roads,tree_of_life,99,1064,434.7,0,,,
astar-jps-dial,no_roads,tree_of_life,300,853,128.1,0,,,
astar-dial-cheb,with_roads,tree_of_life,268,57,279.4,0,,,
astar-dial-cheb,with_roads,tree_of_life,627,561,280.8,0,,,
astar-dial-cheb,with_roads,tree_of_life,515,332,279.4,0,,,
astar-dial-cheb,with_roads,tree_of_life,243,200,34.4,0,,,
astar-dial-cheb,with_roads,tree_of_life,980,72,841.5,0,,,
astar-dial-cheb,with_roads,tree_of_life,68,220,35.2,0,,,
astar-dial-cheb,with_roads,tree_of_life,505,536,109.7,0,,,
astar-dial-cheb,with_roads,tree_of_life,1163,60,514.1,0,,,
astar-dial-cheb,with_roads,tree_of_life,463,972,235.0,0,,,
astar-dial-cheb,with_roads,tree_of_life,509,1042,561.3,0,,,
astar-dial-cheb,with_roads,tree_of_life,633,14,427.9,0,,,
astar-dial-cheb,with_roads,tree_of_life,378,981,639.9,0,,,
astar-dial-cheb,with_roads,tree_of_life,768,633,414.6,0,,,
astar-dial-cheb,with_roads,tree_of_life,368,498,268.4,0,,,
astar-dial-cheb,with_roads,tree_of_life,760,243,235.9,0,,,
astar-dial-cheb,with_roads,tree_of_life,218,856,373.2,0,,,
astar-dial-cheb,with_roads,tree_of_life,232,809,240.1,0,,,
astar-dial-cheb,with_roads,tree_of_life,776,604,351.7,0,,,
astar-dial-cheb,with_roads,tree_of_life,99,1064,421.6,0,,,
astar-dial-cheb,with_roads,tree_of_life,300,853,314.1,0,,,
astar-jps,with_roads,tree_of_life,268,57,108.2,0,,,
astar-jps,with_roads,tree_of_life,627,561,100.3,0,,,
astar-jps,with_roads,tree_of_life,515,332,151.5,0,,,
astar-jps,with_roads,tree_of_life,243,200,25.6,0,,,
astar-jps,with_roads,tree_of_life,980,72,541.7,0,,,
astar-jps,with_roads,tree_of_life,68,220,37.4,0,,,
astar-jps,with_roads,tree_of_life,505,536,103.8,0,,,
astar-jps,with_roads,tree_of_life,1163,60,235.2,0,,,
astar-jps,with_roads,tree_of_life,463,972,93.6,0,,,
astar-jps,with_roads,tree_of_life,509,1042,447.5,0,,,
astar-jps,with_roads,tree_of_life,633,14,146.5,0,,,
astar-jps,with_roads,tree_of_life,378,981,640.8,0,,,
astar-jps,with_roads,tree_of_life,768,633,216.2,0,,,
astar-jps,with_roads,tree_of_life,368,498,276.2,0,,,
astar-jps,with_roads,tree_of_life,760,243,157.5,0,,,
astar-jps,with_roads,tree_of_life,218,856,223.3,0,,,
astar-jps,with_roads,tree_of_life,232,809,120.4,0,,,
astar-jps,with_roads,tree_of_life,776,604,188.4,0,,,
astar-jps,with_roads,tree_of_life,99,1064,485.4,0,,,
astar-jps,with_roads,tree_of_life,300,853,143.3,0,,,
astar-jps-dial,with_roads,tree_of_life,268,57,367.2,0,,,
astar-jps-dial,with_roads,tree_of_life,627,561,128.8,0,,,
astar-jps-dial,with_roads,tree_of_life,515,332,203.5,0,,,
astar-jps-dial,with_roads,tree_of_life,243,200,88.5,0,,,
astar-jps-dial,with_roads,tree_of_life,980,72,646.0,0,,,
astar-jps-dial,with_roads,tree_of_life,68,220,61.4,0,,,
astar-jps-dial,with_roads,tree_of_life,505,536,112.6,0,,,
astar-jps-dial,with_roads,tree_of_life,1163,60,502.8,0,,,
astar-jps-dial,with_roads,tree_of_life,463,972,116.3,0,,,
astar-jps-dial,with_roads,tree_of_life,509,1042,476.4,0,,,
astar-jps-dial,with_roads,tree_of_life,633,14,239.3,0,,,
astar-jps-dial,with_roads,tree_of_life,378,981,637.0,0,,,
astar-jps-dial,with_roads,tree_of_life,768,633,326.0,0,,,
astar-jps-dial,with_roads,tree_of_life,368,498,208.8,0,,,
astar-jps-dial,with_roads,tree_of_life,760,243,193.3,0,,,
astar-jps-dial,with_roads,tree_of_life,218,856,300.4,0,,,
astar-jps-dial,with_roads,tree_of_life,232,809,143.2,0,,,
astar-jps-dial,with_roads,tree_of_life,776,604,208.5,0,,,
astar-jps-dial,with_roads,tree_of_life,99,1064,462.3,0,,,
astar-jps-dial,with_roads,tree_of_life,300,853,133.8,0,,,
astar-dial-cheb,no_roads,vase,294,61,700.4,0,,,
astar-dial-cheb,no_roads,vase,723,644,547.2,0,,,
astar-dial-cheb,no_roads,vase,594,363,554.5,0,,,
astar-dial-cheb,no_roads,vase,271,234,21.9,0,,,
astar-dial-cheb,no_roads,vase,1087,75,327.4,0,,,
astar-dial-cheb,no_roads,vase,71,248,48.9,0,,,
astar-dial-cheb,no_roads,vase,584,618,13.6,0,,,
astar-dial-cheb,no_roads,vase,1323,64,339.4,0,,,
astar-dial-cheb,no_roads,vase,531,1082,935.6,0,,,
astar-dial-cheb,no_roads,vase,588,1160,924.2,0,,,
astar-dial-cheb,no_roads,vase,729,13,635.0,0,,,
astar-dial-cheb,no_roads,vase,422,1088,285.1,0,,,
astar-dial-cheb,no_roads,vase,883,729,762.0,0,,,
astar-dial-cheb,no_roads,vase,414,572,804.4,0,,,
astar-dial-cheb,no_roads,vase,876,271,591.0,0,,,
astar-dial-cheb,no_roads,vase,246,982,308.9,0,,,
astar-dial-cheb,no_roads,vase,256,931,534.9,0,,,
astar-dial-cheb,no_roads,vase,895,695,303.3,0,,,
astar-dial-cheb,no_roads,vase,106,1192,390.1,0,,,
astar-dial-cheb,no_roads,vase,326,979,892.9,0,,,
astar-jps,no_roads,vase,294,61,676.7,0,,,
astar-jps,no_roads,vase,723,644,622.1,0,,,
astar-jps,no_roads,vase,594,363,624.7,0,,,
astar-jps,no_roads,vase,271,234,47.4,0,,,
astar-jps,no_roads,vase,1087,75,132.7,0,,,
astar-jps,no_roads,vase,71,248,56.8,0,,,
astar-jps,no_roads,vase,584,618,44.3,0,,,
astar-jps,no_roads,vase,1323,64,105.3,0,,,
astar-jps,no_roads,vase,531,1082,922.5,0,,,
astar-jps,no_roads,vase,588,1160,968.5,0,,,
astar-jps,no_roads,vase,729,13,657.9,0,,,
astar-jps,no_roads,vase,422,1088,192.9,0,,,
astar-jps,no_roads,vase,883,729,826.2,0,,,
astar-jps,no_roads,vase,414,572,862.1,0,,,
astar-jps,no_roads,vase,876,271,608.7,0,,,
astar-jps,no_roads,vase,246,982,179.3,0,,,
astar-jps,no_roads,vase,256,931,561.9,0,,,
astar-jps,no_roads,vase,895,695,278.5,0,,,
astar-jps,no_roads,vase,106,1192,229.8,0,,,
astar-jps,no_roads,vase,326,979,831.9,0,,,
astar-jps-dial,no_roads,vase,294,61,716.7,0,,,
astar-jps-dial,no_roads,vase,723,644,712.6,0,,,
astar-jps-dial,no_roads,vase,594,363,696.4,0,,,
astar-jps-dial,no_roads,vase,271,234,70.8,0,,,
astar-jps-dial,no_roads,vase,1087,75,182.7,0,,,
astar-jps-dial,no_roads,vase,71,248,80.4,0,,,
astar-jps-dial,no_roads,vase,584,618,69.8,0,,,
astar-jps-dial,no_roads,vase,1323,64,254.3,0,,,
astar-jps-dial,no_roads,vase,531,1082,891.7,0,,,
astar-jps-dial,no_roads,vase,588,1160,960.6,0,,,
astar-jps-dial,no_roads,vase,729,13,754.2,0,,,
astar-jps-dial,no_roads,vase,422,1088,167.3,0,,,
astar-jps-dial,no_roads,vase,883,729,856.5,0,,,
astar-jps-dial,no_roads,vase,414,572,1075.9,0,,,
astar-jps-dial,no_roads,vase,876,271,735.9,0,,,
astar-jps-dial,no_roads,vase,246,982,124.6,0,,,
astar-jps-dial,no_roads,vase,256,931,642.0,0,,,
astar-jps-dial,no_roads,vase,895,695,298.6,0,,,
astar-jps-dial,no_roads,vase,106,1192,151.9,0,,,
astar-jps-dial,no_roads,vase,326,979,841.7,0,,,
astar-dial-cheb,with_roads,vase,294,61,853.4,0,,,
astar-dial-cheb,with_roads,vase,723,644,517.3,0,,,
astar-dial-cheb,with_roads,vase,594,363,490.7,0,,,
astar-dial-cheb,with_roads,vase,271,234,26.3,0,,,
astar-dial-cheb,with_roads,vase,1087,75,301.0,0,,,
astar-dial-cheb,with_roads,vase,71,248,64.2,0,,,
astar-dial-cheb,with_roads,vase,584,618,12.9,0,,,
astar-dial-cheb,with_roads,vase,1323,64,362.6,0,,,
astar-dial-cheb,with_roads,vase,531,1082,676.5,0,,,
astar-dial-cheb,with_roads,vase,588,1160,916.8,0,,,
astar-dial-cheb,with_roads,vase,729,13,616.6,0,,,
astar-dial-cheb,with_roads,vase,422,1088,375.6,0,,,
astar-dial-cheb,with_roads,vase,883,729,670.3,0,,,
astar-dial-cheb,with_roads,vase,414,572,878.0,0,,,
astar-dial-cheb,with_roads,vase,876,271,553.2,0,,,
astar-dial-cheb,with_roads,vase,246,982,399.1,0,,,
astar-dial-cheb,with_roads,vase,256,931,279.9,0,,,
astar-dial-cheb,with_roads,vase,895,695,171.2,0,,,
astar-dial-cheb,with_roads,vase,106,1192,521.8,0,,,
astar-dial-cheb,with_roads,vase,326,979,723.6,0,,,
astar-jps,with_roads,vase,294,61,673.8,0,,,
astar-jps,with_roads,vase,723,644,626.7,0,,,
astar-jps,with_roads,vase,594,363,612.3,0,,,
astar-jps,with_roads,vase,271,234,47.7,0,,,
astar-jps,with_roads,vase,1087,75,136.4,0,,,
astar-jps,with_roads,vase,71,248,57.0,0,,,
astar-jps,with_roads,vase,584,618,44.9,0,,,
astar-jps,with_roads,vase,1323,64,106.8,0,,,
astar-jps,with_roads,vase,531,1082,924.2,0,,,
astar-jps,with_roads,vase,588,1160,955.5,0,,,
astar-jps,with_roads,vase,729,13,659.1,0,,,
astar-jps,with_roads,vase,422,1088,196.8,0,,,
astar-jps,with_roads,vase,883,729,830.0,0,,,
astar-jps,with_roads,vase,414,572,888.3,0,,,
astar-jps,with_roads,vase,876,271,621.8,0,,,
astar-jps,with_roads,vase,246,982,176.6,0,,,
astar-jps,with_roads,vase,256,931,716.0,0,,,
astar-jps,with_roads,vase,895,695,369.6,0,,,
astar-jps,with_roads,vase,106,1192,227.1,0,,,
astar-jps,with_roads,vase,326,979,874.5,0,,,
astar-jps-dial,with_roads,vase,294,61,744.5,0,,,
astar-jps-dial,with_roads,vase,723,644,727.6,0,,,
astar-jps-dial,with_roads,vase,594,363,710.4,0,,,
astar-jps-dial,with_roads,vase,271,234,72.1,0,,,
astar-jps-dial,with_roads,vase,1087,75,185.5,0,,,
astar-jps-dial,with_roads,vase,71,248,80.4,0,,,
astar-jps-dial,with_roads,vase,584,618,68.3,0,,,
astar-jps-dial,with_roads,vase,1323,64,254.6,0,,,
astar-jps-dial,with_roads,vase,531,1082,923.0,0,,,
astar-jps-dial,with_roads,vase,588,1160,978.2,0,,,
astar-jps-dial,with_roads,vase,729,13,769.4,0,,,
astar-jps-dial,with_roads,vase,422,1088,166.7,0,,,
astar-jps-dial,with_roads,vase,883,729,877.5,0,,,
astar-jps-dial,with_roads,vase,414,572,912.0,0,,,
astar-jps-dial,with_roads,vase,876,271,712.6,0,,,
astar-jps-dial,with_roads,vase,246,982,126.2,0,,,
astar-jps-dial,with_roads,vase,256,931,649.7,0,,,
astar-jps-dial,with_roads,vase,895,695,306.3,0,,,
astar-jps-dial,with_roads,vase,106,1192,154.0,0,,,
astar-jps-dial,with_roads,vase,326,979,871.5,0,,,
astar-dial-cheb,no_roads,wall,871,152,534.5,0,,,
astar-dial-cheb,no_roads,wall,25,1011,86.5,0,,,
astar-dial-cheb,no_roads,wall,397,363,22.5,0,,,
astar-dial-cheb,no_roads,wall,312,198,158.0,0,,,
astar-dial-cheb,no_roads,wall,1006,139,55.7,0,,,
astar-dial-cheb,no_roads,wall,910,1010,568.6,0,,,
astar-dial-cheb,no_roads,wall,756,119,361.5,0,,,
astar-dial-cheb,no_roads,wall,815,595,129.7,0,,,
astar-dial-cheb,no_roads,wall,32,30,91.0,0,,,
astar-dial-cheb,no_roads,wall,127,307,66.3,0,,,
astar-dial-cheb,no_roads,wall,322,696,362.8,0,,,
astar-dial-cheb,no_roads,wall,828,27,540.3,0,,,
astar-dial-cheb,no_roads,wall,779,287,416.3,0,,,
astar-dial-cheb,no_roads,wall,981,882,59.4,0,,,
astar-dial-cheb,no_roads,wall,966,756,58.5,0,,,
astar-dial-cheb,no_roads,wall,592,309,435.2,0,,,
astar-dial-cheb,no_roads,wall,630,814,183.0,0,,,
astar-dial-cheb,no_roads,wall,400,6,521.0,0,,,
astar-dial-cheb,no_roads,wall,219,958,288.0,0,,,
astar-dial-cheb,no_roads,wall,595,482,240.6,0,,,
astar-jps,no_roads,wall,871,152,633.3,0,,,
astar-jps,no_roads,wall,25,1011,49.1,0,,,
astar-jps,no_roads,wall,397,363,36.2,0,,,
astar-jps,no_roads,wall,312,198,68.4,0,,,
astar-jps,no_roads,wall,1006,139,28.3,0,,,
astar-jps,no_roads,wall,910,1010,997.1,0,,,
astar-jps,no_roads,wall,756,119,218.9,0,,,
astar-jps,no_roads,wall,815,595,151.4,0,,,
astar-jps,no_roads,wall,32,30,31.6,0,,,
astar-jps,no_roads,wall,127,307,61.4,0,,,
astar-jps,no_roads,wall,322,696,295.7,0,,,
astar-jps,no_roads,wall,828,27,955.4,0,,,
astar-jps,no_roads,wall,779,287,288.8,0,,,
astar-jps,no_roads,wall,981,882,28.6,0,,,
astar-jps,no_roads,wall,966,756,26.2,0,,,
astar-jps,no_roads,wall,592,309,313.9,0,,,
astar-jps,no_roads,wall,630,814,145.3,0,,,
astar-jps,no_roads,wall,400,6,1102.4,0,,,
astar-jps,no_roads,wall,219,958,226.4,0,,,
astar-jps,no_roads,wall,595,482,65.7,0,,,
astar-jps-dial,no_roads,wall,871,152,686.6,0,,,
astar-jps-dial,no_roads,wall,25,1011,84.6,0,,,
astar-jps-dial,no_roads,wall,397,363,52.3,0,,,
astar-jps-dial,no_roads,wall,312,198,147.0,0,,,
astar-jps-dial,no_roads,wall,1006,139,57.2,0,,,
astar-jps-dial,no_roads,wall,910,1010,1016.9,0,,,
astar-jps-dial,no_roads,wall,756,119,265.4,0,,,
astar-jps-dial,no_roads,wall,815,595,179.5,0,,,
astar-jps-dial,no_roads,wall,32,30,60.0,0,,,
astar-jps-dial,no_roads,wall,127,307,80.4,0,,,
astar-jps-dial,no_roads,wall,322,696,300.9,0,,,
astar-jps-dial,no_roads,wall,828,27,978.7,0,,,
astar-jps-dial,no_roads,wall,779,287,341.3,0,,,
astar-jps-dial,no_roads,wall,981,882,56.0,0,,,
astar-jps-dial,no_roads,wall,966,756,53.0,0,,,
astar-jps-dial,no_roads,wall,592,309,344.3,0,,,
astar-jps-dial,no_roads,wall,630,814,194.3,0,,,
astar-jps-dial,no_roads,wall,400,6,1122.9,0,,,
astar-jps-dial,no_roads,wall,219,958,239.3,0,,,
astar-jps-dial,no_roads,wall,595,482,131.4,0,,,
astar-dial-cheb,with_roads,wall,871,152,567.3,0,,,
astar-dial-cheb,with_roads,wall,25,1011,90.9,0,,,
astar-dial-cheb,with_roads,wall,397,363,20.5,0,,,
astar-dial-cheb,with_roads,wall,312,198,160.5,0,,,
astar-dial-cheb,with_roads,wall,1006,139,55.9,0,,,
astar-dial-cheb,with_roads,wall,910,1010,578.7,0,,,
astar-dial-cheb,with_roads,wall,756,119,366.0,0,,,
astar-dial-cheb,with_roads,wall,815,595,134.9,0,,,
astar-dial-cheb,with_roads,wall,32,30,84.1,0,,,
astar-dial-cheb,with_roads,wall,127,307,70.2,0,,,
astar-dial-cheb,with_roads,wall,322,696,366.0,0,,,
astar-dial-cheb,with_roads,wall,828,27,548.6,0,,,
astar-dial-cheb,with_roads,wall,779,287,411.0,0,,,
astar-dial-cheb,with_roads,wall,981,882,59.2,0,,,
astar-dial-cheb,with_roads,wall,966,756,58.1,0,,,
astar-dial-cheb,with_roads,wall,592,309,498.2,0,,,
astar-dial-cheb,with_roads,wall,630,814,209.0,0,,,
astar-dial-cheb,with_roads,wall,400,6,699.7,0,,,
astar-dial-cheb,with_roads,wall,219,958,308.6,0,,,
astar-dial-cheb,with_roads,wall,595,482,249.8,0,,,
astar-jps,with_roads,wall,871,152,648.4,0,,,
astar-jps,with_roads,wall,25,1011,49.3,0,,,
astar-jps,with_roads,wall,397,363,32.2,0,,,
astar-jps,with_roads,wall,312,198,68.9,0,,,
astar-jps,with_roads,wall,1006,139,29.1,0,,,
astar-jps,with_roads,wall,910,1010,1002.4,0,,,
astar-jps,with_roads,wall,756,119,220.4,0,,,
astar-jps,with_roads,wall,815,595,152.9,0,,,
astar-jps,with_roads,wall,32,30,32.2,0,,,
astar-jps,with_roads,wall,127,307,61.9,0,,,
astar-jps,with_roads,wall,322,696,299.5,0,,,
astar-jps,with_roads,wall,828,27,975.0,0,,,
astar-jps,with_roads,wall,779,287,292.6,0,,,
astar-jps,with_roads,wall,981,882,28.2,0,,,
astar-jps,with_roads,wall,966,756,25.4,0,,,
astar-jps,with_roads,wall,592,309,323.0,0,,,
astar-jps,with_roads,wall,630,814,146.4,0,,,
astar-jps,with_roads,wall,400,6,1119.6,0,,,
astar-jps,with_roads,wall,219,958,228.5,0,,,
astar-jps,with_roads,wall,595,482,66.4,0,,,
astar-jps-dial,with_roads,wall,871,152,713.7,0,,,
astar-jps-dial,with_roads,wall,25,1011,85.0,0,,,
astar-jps-dial,with_roads,wall,397,363,50.6,0,,,
astar-jps-dial,with_roads,wall,312,198,142.0,0,,,
astar-jps-dial,with_roads,wall,1006,139,57.8,0,,,
astar-jps-dial,with_roads,wall,910,1010,1045.4,0,,,
astar-jps-dial,with_roads,wall,756,119,277.9,0,,,
astar-jps-dial,with_roads,wall,815,595,188.7,0,,,
astar-jps-dial,with_roads,wall,32,30,58.6,0,,,
astar-jps-dial,with_roads,wall,127,307,78.9,0,,,
astar-jps-dial,with_roads,wall,322,696,303.9,0,,,
astar-jps-dial,with_roads,wall,828,27,990.4,0,,,
astar-jps-dial,with_roads,wall,779,287,353.0,0,,,
astar-jps-dial,with_roads,wall,981,882,57.3,0,,,
astar-jps-dial,with_roads,wall,966,756,52.9,0,,,
astar-jps-dial,with_roads,wall,592,309,365.6,0,,,
astar-jps-dial,with_roads,wall,630,814,192.5,0,,,
astar-jps-dial,with_roads,wall,400,6,1138.5,0,,,
astar-jps-dial,with_roads,wall,219,958,242.2,0,,,
astar-jps-dial,with_roads,wall,595,482,138.6,0,,,
astar-dial-cheb,no_roads,wasteland,289,61,190.5,0,,,
astar-dial-cheb,no_roads,wasteland,780,693,79.3,0,,,
astar-dial-cheb,no_roads,wasteland,628,380,82.9,0,,,
astar-dial-cheb,no_roads,wasteland,265,1552,810.7,0,,,
astar-dial-cheb,no_roads,wasteland,226,1210,543.4,0,,,
astar-dial-cheb,no_roads,wasteland,78,74,34.1,0,,,
astar-dial-cheb,no_roads,wasteland,240,617,232.2,0,,,
astar-dial-cheb,no_roads,wasteland,654,1445,437.9,0,,,
astar-dial-cheb,no_roads,wasteland,64,1592,909.2,0,,,
astar-dial-cheb,no_roads,wasteland,564,1552,676.6,0,,,
astar-dial-cheb,no_roads,wasteland,1205,622,287.6,0,,,
astar-dial-cheb,no_roads,wasteland,1297,788,215.6,0,,,
astar-dial-cheb,no_roads,wasteland,15,440,219.4,0,,,
astar-dial-cheb,no_roads,wasteland,1211,969,56.6,0,,,
astar-dial-cheb,no_roads,wasteland,788,425,134.5,0,,,
astar-dial-cheb,no_roads,wasteland,609,958,798.0,0,,,
astar-dial-cheb,no_roads,wasteland,265,238,195.4,0,,,
astar-dial-cheb,no_roads,wasteland,1079,249,579.7,0,,,
astar-dial-cheb,no_roads,wasteland,1017,977,13.7,0,,,
astar-dial-cheb,no_roads,wasteland,750,107,292.4,0,,,
astar-jps,no_roads,wasteland,289,61,90.8,0,,,
astar-jps,no_roads,wasteland,780,693,60.7,0,,,
astar-jps,no_roads,wasteland,628,380,59.5,0,,,
astar-jps,no_roads,wasteland,265,1552,836.4,0,,,
astar-jps,no_roads,wasteland,226,1210,275.1,0,,,
astar-jps,no_roads,wasteland,78,74,32.5,0,,,
astar-jps,no_roads,wasteland,240,617,228.3,0,,,
astar-jps,no_roads,wasteland,654,1445,348.7,0,,,
astar-jps,no_roads,wasteland,64,1592,1047.1,0,,,
astar-jps,no_roads,wasteland,564,1552,455.4,0,,,
astar-jps,no_roads,wasteland,1205,622,142.5,0,,,
astar-jps,no_roads,wasteland,1297,788,96.2,0,,,
astar-jps,no_roads,wasteland,15,440,178.3,0,,,
astar-jps,no_roads,wasteland,1211,969,46.7,0,,,
astar-jps,no_roads,wasteland,788,425,97.6,0,,,
astar-jps,no_roads,wasteland,609,958,579.3,0,,,
astar-jps,no_roads,wasteland,265,238,140.9,0,,,
astar-jps,no_roads,wasteland,1079,249,154.8,0,,,
astar-jps,no_roads,wasteland,1017,977,25.9,0,,,
astar-jps,no_roads,wasteland,750,107,107.4,0,,,
astar-jps-dial,no_roads,wasteland,289,61,163.0,0,,,
astar-jps-dial,no_roads,wasteland,780,693,124.6,0,,,
astar-jps-dial,no_roads,wasteland,628,380,84.5,0,,,
astar-jps-dial,no_roads,wasteland,265,1552,804.7,0,,,
astar-jps-dial,no_roads,wasteland,226,1210,295.9,0,,,
astar-jps-dial,no_roads,wasteland,78,74,64.1,0,,,
astar-jps-dial,no_roads,wasteland,240,617,256.9,0,,,
astar-jps-dial,no_roads,wasteland,654,1445,350.1,0,,,
astar-jps-dial,no_roads,wasteland,64,1592,1086.9,0,,,
astar-jps-dial,no_roads,wasteland,564,1552,469.7,0,,,
astar-jps-dial,no_roads,wasteland,1205,622,159.1,0,,,
astar-jps-dial,no_roads,wasteland,1297,788,162.2,0,,,
astar-jps-dial,no_roads,wasteland,15,440,179.4,0,,,
astar-jps-dial,no_roads,wasteland,1211,969,97.5,0,,,
astar-jps-dial,no_roads,wasteland,788,425,162.1,0,,,
astar-jps-dial,no_roads,wasteland,609,958,740.8,0,,,
astar-jps-dial,no_roads,wasteland,265,238,293.1,0,,,
astar-jps-dial,no_roads,wasteland,1079,249,557.4,0,,,
astar-jps-dial,no_roads,wasteland,1017,977,51.1,0,,,
astar-jps-dial,no_roads,wasteland,750,107,313.2,0,,,
astar-dial-cheb,with_roads,wasteland,289,61,195.8,0,,,
astar-dial-cheb,with_roads,wasteland,780,693,79.2,0,,,
astar-dial-cheb,with_roads,wasteland,628,380,81.5,0,,,
astar-dial-cheb,with_roads,wasteland,265,1552,942.7,0,,,
astar-dial-cheb,with_roads,wasteland,226,1210,537.2,0,,,
astar-dial-cheb,with_roads,wasteland,78,74,36.4,0,,,
astar-dial-cheb,with_roads,wasteland,240,617,275.0,0,,,
astar-dial-cheb,with_roads,wasteland,654,1445,439.4,0,,,
astar-dial-cheb,with_roads,wasteland,64,1592,1129.5,0,,,
astar-dial-cheb,with_roads,wasteland,564,1552,503.7,0,,,
astar-dial-cheb,with_roads,wasteland,1205,622,368.4,0,,,
astar-dial-cheb,with_roads,wasteland,1297,788,351.4,0,,,
astar-dial-cheb,with_roads,wasteland,15,440,156.9,0,,,
astar-dial-cheb,with_roads,wasteland,1211,969,73.9,0,,,
astar-dial-cheb,with_roads,wasteland,788,425,150.4,0,,,
astar-dial-cheb,with_roads,wasteland,609,958,910.0,0,,,
astar-dial-cheb,with_roads,wasteland,265,238,208.7,0,,,
astar-dial-cheb,with_roads,wasteland,1079,249,695.4,0,,,
astar-dial-cheb,with_roads,wasteland,1017,977,14.9,0,,,
astar-dial-cheb,with_roads,wasteland,750,107,295.4,0,,,
astar-jps,with_roads,wasteland,289,61,97.2,0,,,
astar-jps,with_roads,wasteland,780,693,60.7,0,,,
astar-jps,with_roads,wasteland,628,380,57.1,0,,,
astar-jps,with_roads,wasteland,265,1552,831.5,0,,,
astar-jps,with_roads,wasteland,226,1210,274.0,0,,,
astar-jps,with_roads,wasteland,78,74,32.8,0,,,
astar-jps,with_roads,wasteland,240,617,220.5,0,,,
astar-jps,with_roads,wasteland,654,1445,346.2,0,,,
astar-jps,with_roads,wasteland,64,1592,1049.0,0,,,
astar-jps,with_roads,wasteland,564,1552,443.6,0,,,
astar-jps,with_roads,wasteland,1205,622,134.1,0,,,
astar-jps,with_roads,wasteland,1297,788,95.8,0,,,
astar-jps,with_roads,wasteland,15,440,174.0,0,,,
astar-jps,with_roads,wasteland,1211,969,47.3,0,,,
astar-jps,with_roads,wasteland,788,425,97.5,0,,,
astar-jps,with_roads,wasteland,609,958,565.4,0,,,
astar-jps,with_roads,wasteland,265,238,138.9,0,,,
astar-jps,with_roads,wasteland,1079,249,163.7,0,,,
astar-jps,with_roads,wasteland,1017,977,26.5,0,,,
astar-jps,with_roads,wasteland,750,107,105.3,0,,,
astar-jps-dial,with_roads,wasteland,289,61,167.9,0,,,
astar-jps-dial,with_roads,wasteland,780,693,123.0,0,,,
astar-jps-dial,with_roads,wasteland,628,380,81.5,0,,,
astar-jps-dial,with_roads,wasteland,265,1552,809.2,0,,,
astar-jps-dial,with_roads,wasteland,226,1210,290.1,0,,,
astar-jps-dial,with_roads,wasteland,78,74,64.7,0,,,
astar-jps-dial,with_roads,wasteland,240,617,256.5,0,,,
astar-jps-dial,with_roads,wasteland,654,1445,345.9,0,,,
astar-jps-dial,with_roads,wasteland,64,1592,1008.7,0,,,
astar-jps-dial,with_roads,wasteland,564,1552,447.9,0,,,
astar-jps-dial,with_roads,wasteland,1205,622,160.9,0,,,
astar-jps-dial,with_roads,wasteland,1297,788,159.3,0,,,
astar-jps-dial,with_roads,wasteland,15,440,171.8,0,,,
astar-jps-dial,with_roads,wasteland,1211,969,89.3,0,,,
astar-jps-dial,with_roads,wasteland,788,425,160.7,0,,,
astar-jps-dial,with_roads,wasteland,609,958,614.8,0,,,
astar-jps-dial,with_roads,wasteland,265,238,202.9,0,,,
astar-jps-dial,with_roads,wasteland,1079,249,501.1,0,,,
astar-jps-dial,with_roads,wasteland,1017,977,48.1,0,,,
astar-jps-dial,with_roads,wasteland,750,107,296.0,0,,,
astar-dial-cheb,no_roads,wasteland_oasis,1100,186,985.6,0,,,
astar-dial-cheb,no_roads,wasteland_oasis,38,1271,326.6,0,,,
astar-dial-cheb,no_roads,wasteland_oasis,461,405,201.3,0,,,
astar-dial-cheb,no_roads,wasteland_oasis,370,238,486.8,0,,,
astar-dial-cheb,no_roads,wasteland_oasis,1265,170,586.5,0,,,
astar-dial-cheb,no_roads,wasteland_oasis,1159,1270,87.4,0,,,
astar-dial-cheb,no_roads,wasteland_oasis,1524,939,173.1,0,,,
astar-dial-cheb,no_roads,wasteland_oasis,148,1017,476.4,0,,,
astar-dial-cheb,no_roads,wasteland_oasis,711,48,445.5,0,,,
astar-dial-cheb,no_roads,wasteland_oasis,45,155,355.4,0,,,
astar-dial-cheb,no_roads,wasteland_oasis,363,387,348.2,0,,,
astar-dial-cheb,no_roads,wasteland_oasis,870,1036,55.0,0,,,
astar-dial-cheb,no_roads,wasteland_oasis,41,962,241.4,0,,,
astar-dial-cheb,no_roads,wasteland_oasis,331,1231,471.5,0,,,
astar-dial-cheb,no_roads,wasteland_oasis,1120,1208,60.8,0,,,
astar-dial-cheb,no_roads,wasteland_oasis,939,706,138.7,0,,,
astar-dial-cheb,no_roads,wasteland_oasis,367,763,144.2,0,,,
astar-dial-cheb,no_roads,wasteland_oasis,1014,465,378.3,0,,,
astar-dial-cheb,no_roads,wasteland_oasis,1386,1480,429.6,0,,,
astar-dial-cheb,no_roads,wasteland_oasis,9,1301,575.7,0,,,
astar-jps,no_roads,wasteland_oasis,1100,186,332.8,0,,,
astar-jps,no_roads,wasteland_oasis,38,1271,326.9,0,,,
astar-jps,no_roads,wasteland_oasis,461,405,102.3,0,,,
astar-jps,no_roads,wasteland_oasis,370,238,186.1,0,,,
astar-jps,no_roads,wasteland_oasis,1265,170,366.9,0,,,
astar-jps,no_roads,wasteland_oasis,1159,1270,95.8,0,,,
astar-jps,no_roads,wasteland_oasis,1524,939,118.8,0,,,
astar-jps,no_roads,wasteland_oasis,148,1017,620.1,0,,,
astar-jps,no_roads,wasteland_oasis,711,48,215.9,0,,,
astar-jps,no_roads,wasteland_oasis,45,155,152.1,0,,,
astar-jps,no_roads,wasteland_oasis,363,387,264.8,0,,,
astar-jps,no_roads,wasteland_oasis,870,1036,60.5,0,,,
astar-jps,no_roads,wasteland_oasis,41,962,274.5,0,,,
astar-jps,no_roads,wasteland_oasis,331,1231,299.8,0,,,
astar-jps,no_roads,wasteland_oasis,1120,1208,82.2,0,,,
astar-jps,no_roads,wasteland_oasis,939,706,116.1,0,,,
astar-jps,no_roads,wasteland_oasis,367,763,149.9,0,,,
astar-jps,no_roads,wasteland_oasis,1014,465,189.6,0,,,
astar-jps,no_roads,wasteland_oasis,1386,1480,267.9,0,,,
astar-jps,no_roads,wasteland_oasis,9,1301,764.1,0,,,
astar-jps-dial,no_roads,wasteland_oasis,1100,186,442.9,0,,,
astar-jps-dial,no_roads,wasteland_oasis,38,1271,338.9,0,,,
astar-jps-dial,no_roads,wasteland_oasis,461,405,185.0,0,,,
astar-jps-dial,no_roads,wasteland_oasis,370,238,325.1,0,,,
astar-jps-dial,no_roads,wasteland_oasis,1265,170,436.6,0,,,
astar-jps-dial,no_roads,wasteland_oasis,1159,1270,134.9,0,,,
astar-jps-dial,no_roads,wasteland_oasis,1524,939,156.2,0,,,
astar-jps-dial,no_roads,wasteland_oasis,148,1017,611.0,0,,,
astar-jps-dial,no_roads,wasteland_oasis,711,48,324.1,0,,,
astar-jps-dial,no_roads,wasteland_oasis,45,155,275.2,0,,,
astar-jps-dial,no_roads,wasteland_oasis,363,387,404.9,0,,,
astar-jps-dial,no_roads,wasteland_oasis,870,1036,83.7,0,,,
astar-jps-dial,no_roads,wasteland_oasis,41,962,276.6,0,,,
astar-jps-dial,no_roads,wasteland_oasis,331,1231,318.3,0,,,
astar-jps-dial,no_roads,wasteland_oasis,1120,1208,105.4,0,,,
astar-jps-dial,no_roads,wasteland_oasis,939,706,171.2,0,,,
astar-jps-dial,no_roads,wasteland_oasis,367,763,166.6,0,,,
astar-jps-dial,no_roads,wasteland_oasis,1014,465,245.9,0,,,
astar-jps-dial,no_roads,wasteland_oasis,1386,1480,302.9,0,,,
astar-jps-dial,no_roads,wasteland_oasis,9,1301,700.6,0,,,
astar-dial-cheb,with_roads,wasteland_oasis,1100,186,677.1,0,,,
astar-dial-cheb,with_roads,wasteland_oasis,38,1271,368.3,0,,,
astar-dial-cheb,with_roads,wasteland_oasis,461,405,179.7,0,,,
astar-dial-cheb,with_roads,wasteland_oasis,370,238,511.8,0,,,
astar-dial-cheb,with_roads,wasteland_oasis,1265,170,271.4,0,,,
astar-dial-cheb,with_roads,wasteland_oasis,1159,1270,89.0,0,,,
astar-dial-cheb,with_roads,wasteland_oasis,1524,939,138.8,0,,,
astar-dial-cheb,with_roads,wasteland_oasis,148,1017,350.3,0,,,
astar-dial-cheb,with_roads,wasteland_oasis,711,48,91.4,0,,,
astar-dial-cheb,with_roads,wasteland_oasis,45,155,377.8,0,,,
astar-dial-cheb,with_roads,wasteland_oasis,363,387,254.1,0,,,
astar-dial-cheb,with_roads,wasteland_oasis,870,1036,54.5,0,,,
astar-dial-cheb,with_roads,wasteland_oasis,41,962,182.4,0,,,
astar-dial-cheb,with_roads,wasteland_oasis,331,1231,577.5,0,,,
astar-dial-cheb,with_roads,wasteland_oasis,1120,1208,61.6,0,,,
astar-dial-cheb,with_roads,wasteland_oasis,939,706,259.5,0,,,
astar-dial-cheb,with_roads,wasteland_oasis,367,763,113.6,0,,,
astar-dial-cheb,with_roads,wasteland_oasis,1014,465,436.6,0,,,
astar-dial-cheb,with_roads,wasteland_oasis,1386,1480,446.6,0,,,
astar-dial-cheb,with_roads,wasteland_oasis,9,1301,409.9,0,,,
astar-jps,with_roads,wasteland_oasis,1100,186,350.6,0,,,
astar-jps,with_roads,wasteland_oasis,38,1271,341.5,0,,,
astar-jps,with_roads,wasteland_oasis,461,405,103.9,0,,,
astar-jps,with_roads,wasteland_oasis,370,238,191.7,0,,,
astar-jps,with_roads,wasteland_oasis,1265,170,392.6,0,,,
astar-jps,with_roads,wasteland_oasis,1159,1270,100.6,0,,,
astar-jps,with_roads,wasteland_oasis,1524,939,122.2,0,,,
astar-jps,with_roads,wasteland_oasis,148,1017,653.2,0,,,
astar-jps,with_roads,wasteland_oasis,711,48,221.7,0,,,
astar-jps,with_roads,wasteland_oasis,45,155,155.5,0,,,
astar-jps,with_roads,wasteland_oasis,363,387,265.8,0,,,
astar-jps,with_roads,wasteland_oasis,870,1036,60.5,0,,,
astar-jps,with_roads,wasteland_oasis,41,962,288.2,0,,,
astar-jps,with_roads,wasteland_oasis,331,1231,308.1,0,,,
astar-jps,with_roads,wasteland_oasis,1120,1208,83.6,0,,,
astar-jps,with_roads,wasteland_oasis,939,706,113.3,0,,,
astar-jps,with_roads,wasteland_oasis,367,763,149.6,0,,,
astar-jps,with_roads,wasteland_oasis,1014,465,199.4,0,,,
astar-jps,with_roads,wasteland_oasis,1386,1480,279.5,0,,,
astar-jps,with_roads,wasteland_oasis,9,1301,794.8,0,,,
astar-jps-dial,with_roads,wasteland_oasis,1100,186,449.3,0,,,
astar-jps-dial,with_roads,wasteland_oasis,38,1271,342.1,0,,,
astar-jps-dial,with_roads,wasteland_oasis,461,405,194.8,0,,,
astar-jps-dial,with_roads,wasteland_oasis,370,238,344.8,0,,,
astar-jps-dial,with_roads,wasteland_oasis,1265,170,454.4,0,,,
astar-jps-dial,with_roads,wasteland_oasis,1159,1270,140.0,0,,,
astar-jps-dial,with_roads,wasteland_oasis,1524,939,159.2,0,,,
astar-jps-dial,with_roads,wasteland_oasis,148,1017,642.0,0,,,
astar-jps-dial,with_roads,wasteland_oasis,711,48,345.9,0,,,
astar-jps-dial,with_roads,wasteland_oasis,45,155,284.1,0,,,
astar-jps-dial,with_roads,wasteland_oasis,363,387,413.4,0,,,
astar-jps-dial,with_roads,wasteland_oasis,870,1036,88.7,0,,,
astar-jps-dial,with_roads,wasteland_oasis,41,962,286.6,0,,,
astar-jps-dial,with_roads,wasteland_oasis,331,1231,329.1,0,,,
astar-jps-dial,with_roads,wasteland_oasis,1120,1208,107.0,0,,,
astar-jps-dial,with_roads,wasteland_oasis,939,706,167.6,0,,,
astar-jps-dial,with_roads,wasteland_oasis,367,763,167.6,0,,,
astar-jps-dial,with_roads,wasteland_oasis,1014,465,254.5,0,,,
astar-jps-dial,with_roads,wasteland_oasis,1386,1480,315.5,0,,,
astar-jps-dial,with_roads,wasteland_oasis,9,1301,736.3,0,,,
astar-dial-cheb,no_roads,we_love_tetris,169,67,297.6,0,,,
astar-dial-cheb,no_roads,we_love_tetris,370,325,478.9,0,,,
astar-dial-cheb,no_roads,we_love_tetris,297,199,398.6,0,,,
astar-dial-cheb,no_roads,we_love_tetris,157,139,230.9,0,,,
astar-dial-cheb,no_roads,we_love_tetris,567,74,118.8,0,,,
astar-dial-cheb,no_roads,we_love_tetris,72,148,54.7,0,,,
astar-dial-cheb,no_roads,we_love_tetris,292,311,253.6,0,,,
astar-dial-cheb,no_roads,we_love_tetris,724,69,194.6,0,,,
astar-dial-cheb,no_roads,we_love_tetris,268,564,298.1,0,,,
astar-dial-cheb,no_roads,we_love_tetris,294,611,474.5,0,,,
astar-dial-cheb,no_roads,we_love_tetris,373,48,102.1,0,,,
astar-dial-cheb,no_roads,we_love_tetris,223,567,368.8,0,,,
astar-dial-cheb,no_roads,we_love_tetris,452,373,23.7,0,,,
astar-dial-cheb,no_roads,we_love_tetris,218,289,154.2,0,,,
astar-dial-cheb,no_roads,we_love_tetris,446,157,81.9,0,,,
astar-dial-cheb,no_roads,we_love_tetris,147,510,111.5,0,,,
astar-dial-cheb,no_roads,we_love_tetris,152,478,102.5,0,,,
astar-dial-cheb,no_roads,we_love_tetris,457,356,333.2,0,,,
astar-dial-cheb,no_roads,we_love_tetris,88,636,243.8,0,,,
astar-dial-cheb,no_roads,we_love_tetris,183,508,101.5,0,,,
astar-jps,no_roads,we_love_tetris,169,67,93.7,0,,,
astar-jps,no_roads,we_love_tetris,370,325,325.4,0,,,
astar-jps,no_roads,we_love_tetris,297,199,152.5,0,,,
astar-jps,no_roads,we_love_tetris,157,139,87.4,0,,,
astar-jps,no_roads,we_love_tetris,567,74,53.8,0,,,
astar-jps,no_roads,we_love_tetris,72,148,65.4,0,,,
astar-jps,no_roads,we_love_tetris,292,311,191.9,0,,,
astar-jps,no_roads,we_love_tetris,724,69,71.0,0,,,
astar-jps,no_roads,we_love_tetris,268,564,287.5,0,,,
astar-jps,no_roads,we_love_tetris,294,611,753.0,0,,,
astar-jps,no_roads,we_love_tetris,373,48,59.7,0,,,
astar-jps,no_roads,we_love_tetris,223,567,442.1,0,,,
astar-jps,no_roads,we_love_tetris,452,373,40.6,0,,,
astar-jps,no_roads,we_love_tetris,218,289,64.0,0,,,
astar-jps,no_roads,we_love_tetris,446,157,58.2,0,,,
astar-jps,no_roads,we_love_tetris,147,510,160.4,0,,,
astar-jps,no_roads,we_love_tetris,152,478,107.0,0,,,
astar-jps,no_roads,we_love_tetris,457,356,296.2,0,,,
astar-jps,no_roads,we_love_tetris,88,636,215.6,0,,,
astar-jps,no_roads,we_love_tetris,183,508,90.2,0,,,
astar-jps-dial,no_roads,we_love_tetris,169,67,219.3,0,,,
astar-jps-dial,no_roads,we_love_tetris,370,325,503.9,0,,,
astar-jps-dial,no_roads,we_love_tetris,297,199,316.7,0,,,
astar-jps-dial,no_roads,we_love_tetris,157,139,176.8,0,,,
astar-jps-dial,no_roads,we_love_tetris,567,74,92.8,0,,,
astar-jps-dial,no_roads,we_love_tetris,72,148,81.2,0,,,
astar-jps-dial,no_roads,we_love_tetris,292,311,249.5,0,,,
astar-jps-dial,no_roads,we_love_tetris,724,69,125.3,0,,,
astar-jps-dial,no_roads,we_love_tetris,268,564,305.0,0,,,
astar-jps-dial,no_roads,we_love_tetris,294,611,766.8,0,,,
astar-jps-dial,no_roads,we_love_tetris,373,48,84.0,0,,,
astar-jps-dial,no_roads,we_love_tetris,223,567,462.6,0,,,
astar-jps-dial,no_roads,we_love_tetris,452,373,65.4,0,,,
astar-jps-dial,no_roads,we_love_tetris,218,289,87.3,0,,,
astar-jps-dial,no_roads,we_love_tetris,446,157,78.4,0,,,
astar-jps-dial,no_roads,we_love_tetris,147,510,161.6,0,,,
astar-jps-dial,no_roads,we_love_tetris,152,478,114.8,0,,,
astar-jps-dial,no_roads,we_love_tetris,457,356,340.0,0,,,
astar-jps-dial,no_roads,we_love_tetris,88,636,215.3,0,,,
astar-jps-dial,no_roads,we_love_tetris,183,508,131.3,0,,,
astar-dial-cheb,with_roads,we_love_tetris,169,67,116.9,0,,,
astar-dial-cheb,with_roads,we_love_tetris,370,325,430.9,0,,,
astar-dial-cheb,with_roads,we_love_tetris,297,199,304.6,0,,,
astar-dial-cheb,with_roads,we_love_tetris,157,139,82.2,0,,,
astar-dial-cheb,with_roads,we_love_tetris,567,74,109.9,0,,,
astar-dial-cheb,with_roads,we_love_tetris,72,148,34.6,0,,,
astar-dial-cheb,with_roads,we_love_tetris,292,311,151.0,0,,,
astar-dial-cheb,with_roads,we_love_tetris,724,69,172.1,0,,,
astar-dial-cheb,with_roads,we_love_tetris,268,564,164.6,0,,,
astar-dial-cheb,with_roads,we_love_tetris,294,611,500.0,0,,,
astar-dial-cheb,with_roads,we_love_tetris,373,48,92.6,0,,,
astar-dial-cheb,with_roads,we_love_tetris,223,567,226.1,0,,,
astar-dial-cheb,with_roads,we_love_tetris,452,373,19.8,0,,,
astar-dial-cheb,with_roads,we_love_tetris,218,289,140.7,0,,,
astar-dial-cheb,with_roads,we_love_tetris,446,157,84.4,0,,,
astar-dial-cheb,with_roads,we_love_tetris,147,510,128.6,0,,,
astar-dial-cheb,with_roads,we_love_tetris,152,478,72.9,0,,,
astar-dial-cheb,with_roads,we_love_tetris,457,356,220.1,0,,,
astar-dial-cheb,with_roads,we_love_tetris,88,636,194.0,0,,,
astar-dial-cheb,with_roads,we_love_tetris,183,508,124.9,0,,,
astar-jps,with_roads,we_love_tetris,169,67,88.8,0,,,
astar-jps,with_roads,we_love_tetris,370,325,330.9,0,,,
astar-jps,with_roads,we_love_tetris,297,199,153.1,0,,,
astar-jps,with_roads,we_love_tetris,157,139,91.7,0,,,
astar-jps,with_roads,we_love_tetris,567,74,54.6,0,,,
astar-jps,with_roads,we_love_tetris,72,148,55.8,0,,,
astar-jps,with_roads,we_love_tetris,292,311,190.7,0,,,
astar-jps,with_roads,we_love_tetris,724,69,71.9,0,,,
astar-jps,with_roads,we_love_tetris,268,564,290.9,0,,,
astar-jps,with_roads,we_love_tetris,294,611,815.8,0,,,
astar-jps,with_roads,we_love_tetris,373,48,59.5,0,,,
astar-jps,with_roads,we_love_tetris,223,567,451.5,0,,,
astar-jps,with_roads,we_love_tetris,452,373,40.8,0,,,
astar-jps,with_roads,we_love_tetris,218,289,64.3,0,,,
astar-jps,with_roads,we_love_tetris,446,157,50.3,0,,,
astar-jps,with_roads,we_love_tetris,147,510,162.2,0,,,
astar-jps,with_roads,we_love_tetris,152,478,106.0,0,,,
astar-jps,with_roads,we_love_tetris,457,356,294.4,0,,,
astar-jps,with_roads,we_love_tetris,88,636,208.1,0,,,
astar-jps,with_roads,we_love_tetris,183,508,87.9,0,,,
astar-jps-dial,with_roads,we_love_tetris,169,67,207.2,0,,,
astar-jps-dial,with_roads,we_love_tetris,370,325,486.3,0,,,
astar-jps-dial,with_roads,we_love_tetris,297,199,309.4,0,,,
astar-jps-dial,with_roads,we_love_tetris,157,139,177.4,0,,,
astar-jps-dial,with_roads,we_love_tetris,567,74,92.4,0,,,
astar-jps-dial,with_roads,we_love_tetris,72,148,79.8,0,,,
astar-jps-dial,with_roads,we_love_tetris,292,311,253.4,0,,,
astar-jps-dial,with_roads,we_love_tetris,724,69,128.0,0,,,
astar-jps-dial,with_roads,we_love_tetris,268,564,307.1,0,,,
astar-jps-dial,with_roads,we_love_tetris,294,611,778.2,0,,,
astar-jps-dial,with_roads,we_love_tetris,373,48,84.0,0,,,
astar-jps-dial,with_roads,we_love_tetris,223,567,467.9,0,,,
astar-jps-dial,with_roads,we_love_tetris,452,373,63.9,0,,,
astar-jps-dial,with_roads,we_love_tetris,218,289,88.8,0,,,
astar-jps-dial,with_roads,we_love_tetris,446,157,77.7,0,,,
astar-jps-dial,with_roads,we_love_tetris,147,510,162.9,0,,,
astar-jps-dial,with_roads,we_love_tetris,152,478,114.0,0,,,
astar-jps-dial,with_roads,we_love_tetris,457,356,330.1,0,,,
astar-jps-dial,with_roads,we_love_tetris,88,636,222.1,0,,,
astar-jps-dial,with_roads,we_love_tetris,183,508,132.2,0,,,
astar-dial-cheb,no_roads,window_shopping,161,29,130.9,0,,,
astar-dial-cheb,no_roads,window_shopping,404,361,14.9,0,,,
astar-dial-cheb,no_roads,window_shopping,331,194,103.1,0,,,
astar-dial-cheb,no_roads,window_shopping,150,132,115.5,0,,,
astar-dial-cheb,no_roads,window_shopping,656,36,10.0,0,,,
astar-dial-cheb,no_roads,window_shopping,34,139,247.5,0,,,
astar-dial-cheb,no_roads,window_shopping,317,343,115.6,0,,,
astar-dial-cheb,no_roads,window_shopping,815,31,135.7,0,,,
astar-dial-cheb,no_roads,window_shopping,281,645,120.5,0,,,
astar-dial-cheb,no_roads,window_shopping,319,734,123.1,0,,,
astar-dial-cheb,no_roads,window_shopping,407,8,108.2,0,,,
astar-dial-cheb,no_roads,window_shopping,220,656,124.1,0,,,
astar-dial-cheb,no_roads,window_shopping,502,407,251.1,0,,,
astar-dial-cheb,no_roads,window_shopping,214,312,99.8,0,,,
astar-dial-cheb,no_roads,window_shopping,497,150,104.8,0,,,
astar-dial-cheb,no_roads,window_shopping,138,569,125.1,0,,,
astar-dial-cheb,no_roads,window_shopping,143,532,122.3,0,,,
astar-dial-cheb,no_roads,window_shopping,506,387,252.4,0,,,
astar-dial-cheb,no_roads,window_shopping,51,762,130.9,0,,,
astar-dial-cheb,no_roads,window_shopping,176,566,123.3,0,,,
astar-jps,no_roads,window_shopping,161,29,187.1,0,,,
astar-jps,no_roads,window_shopping,404,361,23.2,0,,,
astar-jps,no_roads,window_shopping,331,194,105.9,0,,,
astar-jps,no_roads,window_shopping,150,132,145.9,0,,,
astar-jps,no_roads,window_shopping,656,36,11.2,0,,,
astar-jps,no_roads,window_shopping,34,139,212.6,0,,,
astar-jps,no_roads,window_shopping,317,343,139.1,0,,,
astar-jps,no_roads,window_shopping,815,31,97.0,0,,,
astar-jps,no_roads,window_shopping,281,645,142.3,0,,,
astar-jps,no_roads,window_shopping,319,734,133.4,0,,,
astar-jps,no_roads,window_shopping,407,8,140.2,0,,,
astar-jps,no_roads,window_shopping,220,656,167.8,0,,,
astar-jps,no_roads,window_shopping,502,407,244.3,0,,,
astar-jps,no_roads,window_shopping,214,312,80.7,0,,,
astar-jps,no_roads,window_shopping,497,150,103.7,0,,,
astar-jps,no_roads,window_shopping,138,569,137.7,0,,,
astar-jps,no_roads,window_shopping,143,532,129.4,0,,,
astar-jps,no_roads,window_shopping,506,387,240.3,0,,,
astar-jps,no_roads,window_shopping,51,762,63.3,0,,,
astar-jps,no_roads,window_shopping,176,566,165.5,0,,,
astar-jps-dial,no_roads,window_shopping,161,29,213.3,0,,,
astar-jps-dial,no_roads,window_shopping,404,361,49.1,0,,,
astar-jps-dial,no_roads,window_shopping,331,194,143.0,0,,,
astar-jps-dial,no_roads,window_shopping,150,132,180.5,0,,,
astar-jps-dial,no_roads,window_shopping,656,36,46.7,0,,,
astar-jps-dial,no_roads,window_shopping,34,139,259.8,0,,,
astar-jps-dial,no_roads,window_shopping,317,343,179.9,0,,,
astar-jps-dial,no_roads,window_shopping,815,31,127.0,0,,,
astar-jps-dial,no_roads,window_shopping,281,645,184.2,0,,,
astar-jps-dial,no_roads,window_shopping,319,734,172.0,0,,,
astar-jps-dial,no_roads,window_shopping,407,8,183.1,0,,,
astar-jps-dial,no_roads,window_shopping,220,656,205.2,0,,,
astar-jps-dial,no_roads,window_shopping,502,407,299.7,0,,,
astar-jps-dial,no_roads,window_shopping,214,312,123.4,0,,,
astar-jps-dial,no_roads,window_shopping,497,150,135.4,0,,,
astar-jps-dial,no_roads,window_shopping,138,569,184.5,0,,,
astar-jps-dial,no_roads,window_shopping,143,532,175.0,0,,,
astar-jps-dial,no_roads,window_shopping,506,387,293.1,0,,,
astar-jps-dial,no_roads,window_shopping,51,762,91.6,0,,,
astar-jps-dial,no_roads,window_shopping,176,566,204.7,0,,,
astar-dial-cheb,with_roads,window_shopping,161,29,129.5,0,,,
astar-dial-cheb,with_roads,window_shopping,404,361,14.5,0,,,
astar-dial-cheb,with_roads,window_shopping,331,194,101.0,0,,,
astar-dial-cheb,with_roads,window_shopping,150,132,115.5,0,,,
astar-dial-cheb,with_roads,window_shopping,656,36,10.0,0,,,
astar-dial-cheb,with_roads,window_shopping,34,139,246.3,0,,,
astar-dial-cheb,with_roads,window_shopping,317,343,116.7,0,,,
astar-dial-cheb,with_roads,window_shopping,815,31,134.9,0,,,
astar-dial-cheb,with_roads,window_shopping,281,645,119.9,0,,,
astar-dial-cheb,with_roads,window_shopping,319,734,122.5,0,,,
astar-dial-cheb,with_roads,window_shopping,407,8,111.5,0,,,
astar-dial-cheb,with_roads,window_shopping,220,656,126.0,0,,,
astar-dial-cheb,with_roads,window_shopping,502,407,260.7,0,,,
astar-dial-cheb,with_roads,window_shopping,214,312,99.8,0,,,
astar-dial-cheb,with_roads,window_shopping,497,150,104.2,0,,,
astar-dial-cheb,with_roads,window_shopping,138,569,122.1,0,,,
astar-dial-cheb,with_roads,window_shopping,143,532,119.4,0,,,
astar-dial-cheb,with_roads,window_shopping,506,387,248.2,0,,,
astar-dial-cheb,with_roads,window_shopping,51,762,129.1,0,,,
astar-dial-cheb,with_roads,window_shopping,176,566,128.4,0,,,
astar-jps,with_roads,window_shopping,161,29,196.5,0,,,
astar-jps,with_roads,window_shopping,404,361,22.7,0,,,
astar-jps,with_roads,window_shopping,331,194,107.1,0,,,
astar-jps,with_roads,window_shopping,150,132,144.3,0,,,
astar-jps,with_roads,window_shopping,656,36,11.1,0,,,
astar-jps,with_roads,window_shopping,34,139,211.6,0,,,
astar-jps,with_roads,window_shopping,317,343,142.7,0,,,
astar-jps,with_roads,window_shopping,815,31,100.6,0,,,
astar-jps,with_roads,window_shopping,281,645,144.7,0,,,
astar-jps,with_roads,window_shopping,319,734,136.8,0,,,
astar-jps,with_roads,window_shopping,407,8,143.4,0,,,
astar-jps,with_roads,window_shopping,220,656,170.7,0,,,
astar-jps,with_roads,window_shopping,502,407,248.4,0,,,
astar-jps,with_roads,window_shopping,214,312,82.6,0,,,
astar-jps,with_roads,window_shopping,497,150,107.4,0,,,
astar-jps,with_roads,window_shopping,138,569,148.7,0,,,
astar-jps,with_roads,window_shopping,143,532,138.0,0,,,
astar-jps,with_roads,window_shopping,506,387,241.8,0,,,
astar-jps,with_roads,window_shopping,51,762,63.9,0,,,
astar-jps,with_roads,window_shopping,176,566,168.3,0,,,
astar-jps-dial,with_roads,window_shopping,161,29,220.5,0,,,
astar-jps-dial,with_roads,window_shopping,404,361,48.1,0,,,
astar-jps-dial,with_roads,window_shopping,331,194,147.0,0,,,
astar-jps-dial,with_roads,window_shopping,150,132,186.0,0,,,
astar-jps-dial,with_roads,window_shopping,656,36,47.0,0,,,
astar-jps-dial,with_roads,window_shopping,34,139,257.1,0,,,
astar-jps-dial,with_roads,window_shopping,317,343,191.6,0,,,
astar-jps-dial,with_roads,window_shopping,815,31,128.3,0,,,
astar-jps-dial,with_roads,window_shopping,281,645,188.1,0,,,
astar-jps-dial,with_roads,window_shopping,319,734,180.2,0,,,
astar-jps-dial,with_roads,window_shopping,407,8,183.5,0,,,
astar-jps-dial,with_roads,window_shopping,220,656,217.2,0,,,
astar-jps-dial,with_roads,window_shopping,502,407,303.1,0,,,
astar-jps-dial,with_roads,window_shopping,214,312,126.7,0,,,
astar-jps-dial,with_roads,window_shopping,497,150,140.2,0,,,
astar-jps-dial,with_roads,window_shopping,138,569,187.8,0,,,
astar-jps-dial,with_roads,window_shopping,143,532,183.3,0,,,
astar-jps-dial,with_roads,window_shopping,506,387,299.9,0,,,
astar-jps-dial,with_roads,window_shopping,51,762,92.8,0,,,
astar-jps-dial,with_roads,window_shopping,176,566,209.7,0,,,
